rank,host,stage,category,time_s,calls,cache_references,cache_misses,cache_miss_rate_percent,instructions,cycles,ipc,minor_faults,major_faults,rchar_bytes,wchar_bytes,physical_read_bytes,physical_write_bytes,voluntary_context_switches,involuntary_context_switches,send_messages,receive_messages,send_bytes,receive_bytes
0,cn2448,geometry_load,io,1.761631476,1,1394554008,23498986,1.68505384985,3316214024,3749550339,0.884429791356,5786,0,1035181,0,0,0,0,2,0,0,0,0
0,cn2448,coarse_local_size,setup,0.487469058,1,266042331,6320237,2.37565088843,632605958,882064818,0.717187609222,7899,0,0,0,0,0,107,53,0,0,0,0
0,cn2448,coarse_edge_mesh,setup,0.0140315570002,1,6309201,181591,2.87819329262,12803610,27606233,0.463794172859,524,0,0,0,0,0,0,0,0,0,0,0
0,cn2448,coarse_surface_mesh,setup,8.613996266,1,5660493905,168960239,2.98490276353,15311571836,18773740307,0.815584512495,11914,0,0,0,0,0,0,9,0,0,0,0
0,cn2448,coarse_volume_mesh,setup,15.160242228,1,5343519429,130151285,2.43568469675,13499331287,22526240265,0.599271388753,22266,0,0,0,0,0,88444,2736131,0,0,0,0
0,cn2448,coarse_mesh_save,io,0,0,0,0,0,0,0,0,0,0,0,0,0,0,0,0,0,0,0,0
0,cn2448,submesh_initialization,setup,0.000126502000057,1,1843636356,40383761,2.19044069448,5049869069,8342295382,0.605333285117,1,0,0,0,0,0,0,0,0,0,0,0
0,cn2448,metis_partition,compute,0.138939575,1,1927765201,46040298,2.38827311418,5244897492,8645466773,0.606664467022,60,0,0,0,0,0,0,0,0,0,0,0
0,cn2448,face_map_setup,compute,0.00819906299967,1,1846688839,40451841,2.19050660543,5057758608,8359913367,0.605001318311,3,0,0,0,0,0,0,0,0,0,0,0
0,cn2448,face_local_extract,compute,0.161717903,1,1905026289,42550116,2.23357106648,5213793636,8696093087,0.599555867657,23,0,0,0,0,0,0,0,0,0,0,0
0,cn2448,face_pre_collective_wait,synchronization,0.0374416730001,1,1889731819,41408639,2.19124420638,5141435336,8424323807,0.610308370593,0,0,0,0,0,0,0,0,0,0,0,0
0,cn2448,face_collective_setup,compute,0.000146101000155,1,1843553727,40380360,2.19035439047,5049723275,8342226372,0.605320816029,15,0,0,0,0,0,0,0,0,0,0,0
0,cn2448,face_allgatherv,communication,0.07042095,1,1968436987,40852088,2.07535665453,5292594948,8471566250,0.624748103457,229,0,0,0,0,0,1,3,1,1,151800,4859624
0,cn2448,face_global_merge,compute,0.0792552019998,1,1861852642,41240828,2.21504253718,5094225739,8515419516,0.598235439772,0,0,0,0,0,0,0,0,0,0,0,0
0,cn2448,part_face_create,compute,0.0196980689998,1,1848117252,40556375,2.19446980196,5060399491,8384947594,0.603509972396,3,0,0,0,0,0,0,0,0,0,0,0
0,cn2448,surface_refine,compute,0.0211110270002,1,1852261732,40693646,2.19697061689,5067970399,8388130329,0.604183554645,2,0,0,0,0,0,0,0,0,0,0,0
0,cn2448,refined_surface_save,io,0,0,0,0,0,0,0,0,0,0,0,0,0,0,0,0,0,0,0,0
0,cn2448,local_volume_mesh,compute,19.579395317,1,9060536744,220794347,2.43687932888,24823460725,41089090043,0.604137514338,7603,0,0,0,0,0,67779,2913055,0,0,0,0
0,cn2448,volume_refine,compute,1.575609846,1,5160804584,113498754,2.1992453338,13818432536,22527376846,0.613406195957,7021,0,0,0,0,0,0,3,0,0,0,0
0,cn2448,refined_volume_save,io,0,0,0,0,0,0,0,0,0,0,0,0,0,0,0,0,0,0,0,0
0,cn2448,adjacency_build,compute,0.00345712299986,1,4620465400,92720378,2.00673243868,12769394596,19396720225,0.658327513511,0,0,0,0,0,0,0,0,0,0,0,0
0,cn2448,vertex_numbering_local,compute,0.0208483830002,1,4628690624,92884485,2.00671188777,12789066161,19434586039,0.658057039925,2,0,0,0,0,0,0,1,0,0,0,0
0,cn2448,vertex_count_pre_collective_wait,synchronization,8.457136144,1,16051348619,251934747,1.5695550136,35467180159,37977997044,0.933887590699,38,0,0,0,0,0,0,9,0,0,0,0
0,cn2448,vertex_count_allgather,communication,0.000538846999916,1,4620132706,92691472,2.0062512897,12768634400,19389954616,0.658518013728,22,0,0,0,0,0,1,0,1,1,4,128
0,cn2448,element_count_pre_collective_wait,synchronization,0.000391485000364,1,4620104429,92693136,2.00629958531,12768580567,19389921973,0.658516346006,2,0,0,0,0,0,0,0,0,0,0,0
0,cn2448,element_count_allgather,communication,0.000131981999857,1,4619819256,92688470,2.0063224309,12768014041,19389368318,0.658505931271,1,0,0,0,0,0,0,0,1,1,4,128
0,cn2448,vertex_exchange_prepare,compute,4.56009997833e-05,1,4619696969,92687293,2.00635006196,12767773322,19389195108,0.658499398809,1,0,0,0,0,0,0,0,0,0,0,0
0,cn2448,vertex_exchange,communication,0.0027776349998,1,4623604835,92705747,2.00505342278,12775535375,19393783404,0.658743841202,86,0,0,0,0,0,0,0,4,2,259006,2376
0,cn2448,vertex_exchange_unpack,compute,7.98609999038e-05,1,4619711308,92687669,2.00635197354,12767804828,19389254651,0.658499001525,11,0,0,0,0,0,0,0,0,0,0,0
0,cn2448,partition_result_io,io,0,0,0,0,0,0,0,0,0,0,0,0,0,0,0,0,0,0,0,0
0,cn2448,volume_exchange_pack,compute,0.444585057,2,9522264765,189143801,1.98633209292,26341078427,39747794121,0.662705415722,935,0,0,0,0,0,0,0,0,0,0,0
0,cn2448,volume_size_exchange,communication,0.163807329,1,4839487556,92687875,1.91524151943,13204182790,19749022230,0.66859931779,1,0,0,0,0,0,0,1,3,3,12,12
0,cn2448,volume_payload_prepare,compute,0.000232063000112,1,4619697194,92687410,2.00635249688,12767813577,19389249878,0.658499614855,68,0,0,0,0,0,0,0,0,0,0,0
0,cn2448,volume_payload_exchange,communication,0.0460835030003,1,4676222251,92704024,1.98245547418,12880013783,19483414892,0.661075784425,553,0,0,0,0,0,0,0,3,3,2796960,2793480
0,cn2448,volume_exchange_unpack,compute,0.365016092,1,4854510107,98407295,2.02713132388,13430651464,20097381021,0.668278690142,14646,0,0,0,0,0,0,0,0,0,0,0
0,cn2448,final_mesh_save,io,0,0,0,0,0,0,0,0,0,0,0,0,0,0,0,0,0,0,0,0
0,cn2448,testout_io,io,0,0,0,0,0,0,0,0,0,0,0,0,0,0,0,0,0,0,0,0
0,cn2448,final_count_exchange,communication,0,0,0,0,0,0,0,0,0,0,0,0,0,0,0,0,0,0,0,0
0,cn2448,quality_surface_compute,postprocess,0,0,0,0,0,0,0,0,0,0,0,0,0,0,0,0,0,0,0,0
0,cn2448,quality_reduce_pre_collective_wait,synchronization,0,0,0,0,0,0,0,0,0,0,0,0,0,0,0,0,0,0,0,0
0,cn2448,quality_reduce,communication,0,0,0,0,0,0,0,0,0,0,0,0,0,0,0,0,0,0,0,0
0,cn2448,quality_summary_io,io,0,0,0,0,0,0,0,0,0,0,0,0,0,0,0,0,0,0,0,0
0,cn2448,quality_volume_compute,postprocess,0,0,0,0,0,0,0,0,0,0,0,0,0,0,0,0,0,0,0,0
0,cn2448,quality_rank_io,io,0,0,0,0,0,0,0,0,0,0,0,0,0,0,0,0,0,0,0,0
1,cn2448,geometry_load,io,1.757745067,1,1400385877,22913508,1.63622815513,3316432985,3786163667,0.875934924289,6709,0,1035180,0,0,0,0,2,0,0,0,0
1,cn2448,coarse_local_size,setup,0.494326145,1,266811320,6070907,2.27535585821,632703083,892906935,0.708587936995,7792,0,0,0,0,0,149,93,0,0,0,0
1,cn2448,coarse_edge_mesh,setup,0.0145149229998,1,6314760,171473,2.71543178205,12804312,28114806,0.455429498607,516,0,0,0,0,0,0,1,0,0,0,0
1,cn2448,coarse_surface_mesh,setup,8.707483787,1,5675322009,162571407,2.86453185814,15314145207,18943251105,0.808422224998,17182,0,0,0,0,0,0,10,0,0,0,0
1,cn2448,coarse_volume_mesh,setup,15.017532445,1,5308123224,129960752,2.44833713378,13409862234,22377658308,0.599252256399,32674,0,0,0,0,0,88937,2878167,0,0,0,0
1,cn2448,coarse_mesh_save,io,0,0,0,0,0,0,0,0,0,0,0,0,0,0,0,0,0,0,0,0
1,cn2448,submesh_initialization,setup,0.000366584999938,1,2532538575,52294844,2.06491796477,6958096607,11052576594,0.629545205846,2,0,0,0,0,0,1,0,0,0,0,0
1,cn2448,metis_partition,compute,0.148014929,1,2616265615,57931596,2.21428572343,7153128363,11374789765,0.628858072174,254,0,0,0,0,0,0,0,0,0,0,0
1,cn2448,face_map_setup,compute,0.00781289900033,1,2535579114,52356837,2.06488674366,6965990060,11068811378,0.629334968508,228,0,0,0,0,0,0,0,0,0,0,0
1,cn2448,face_local_extract,compute,0.172143734,1,2593881941,54492936,2.10082560577,7122022901,11426779801,0.623274713002,771,0,0,0,0,0,0,0,0,0,0,0
1,cn2448,face_pre_collective_wait,synchronization,0.0181682300004,1,2556823863,52391919,2.04910161228,7006053503,11092184352,0.631620723265,0,0,0,0,0,0,0,0,0,0,0,0
1,cn2448,face_collective_setup,compute,0.000113561000035,1,2532458321,52291378,2.06484653928,6957950959,11052406071,0.629541740894,16,0,0,0,0,0,0,0,0,0,0,0
1,cn2448,face_allgatherv,communication,0.070310908,1,2668806962,52925817,1.98312645889,7223521237,11201733805,0.644857426783,844,0,0,0,0,0,0,0,1,1,151800,4859624
1,cn2448,face_global_merge,compute,0.0838995999998,1,2550696947,53141874,2.08342563245,7002453894,11233950064,0.623329626187,514,0,0,0,0,0,0,2,0,0,0,0
1,cn2448,part_face_create,compute,0.0205779600001,1,2537160473,52477903,2.06837145535,6968925280,11097122441,0.627993907164,3,0,0,0,0,0,0,0,0,0,0,0
1,cn2448,surface_refine,compute,0.0408379559999,1,2544688880,52767970,2.0736511412,6982908568,11132111206,0.627276213719,986,0,0,0,0,0,0,0,0,0,0,0
1,cn2448,refined_surface_save,io,0,0,0,0,0,0,0,0,0,0,0,0,0,0,0,0,0,0,0,0
1,cn2448,local_volume_mesh,compute,23.85313023,1,11313162216,289192084,2.55624447417,30710867755,51438855897,0.597036369092,28245,0,0,0,0,0,91371,3297166,0,0,0,0
1,cn2448,volume_refine,compute,2.190530234,1,10423909206,286093768,2.74459190258,27824083297,49800156314,0.558714778355,15619,0,0,0,0,0,0,2,0,0,0,0
1,cn2448,refined_volume_save,io,0,0,0,0,0,0,0,0,0,0,0,0,0,0,0,0,0,0,0,0
1,cn2448,adjacency_build,compute,0.00541630799989,1,9785688887,259742762,2.65431248632,26585016839,45441431573,0.585039157411,7,0,0,0,0,0,0,0,0,0,0,0
1,cn2448,vertex_numbering_local,compute,0.0328044749999,1,9796162279,259994507,2.6540445084,26610099777,45499297338,0.58484638959,303,0,0,0,0,0,0,0,0,0,0,0
1,cn2448,vertex_count_pre_collective_wait,synchronization,3.528573638,1,14498753727,279885050,1.93040764241,35913043080,53187582115,0.675214808644,29,0,0,0,0,0,0,5,0,0,0,0
1,cn2448,vertex_count_allgather,communication,0.000569686999825,1,9785387676,259711257,2.65407223095,26584300762,45430591121,0.585162994934,6,0,0,0,0,0,0,0,1,1,4,128
1,cn2448,element_count_pre_collective_wait,synchronization,0.000171942999714,1,9785004119,259709429,2.65415758483,26583542877,45429955068,0.585154505154,0,0,0,0,0,0,0,0,0,0,0,0
1,cn2448,element_count_allgather,communication,0.000129521999952,1,9784965312,259709053,2.65416426854,26583465748,45429820803,0.58515453678,1,0,0,0,0,0,0,0,1,1,4,128
1,cn2448,vertex_exchange_prepare,compute,0.000246023000273,1,9784842555,259708436,2.65419126103,26583230985,45429700286,0.585150921482,26,0,0,0,0,0,0,0,0,0,0,0
1,cn2448,vertex_exchange,communication,0.00502214399967,1,9792062814,259778951,2.65295429507,26597428542,45439358309,0.585338999753,102,0,0,0,0,0,0,0,5,2,216524,109956
1,cn2448,vertex_exchange_unpack,compute,0.00167494099969,1,9785479633,259719630,2.65413285542,26584761906,45433260644,0.585138762421,0,0,0,0,0,0,0,0,0,0,0,0
1,cn2448,partition_result_io,io,0,0,0,0,0,0,0,0,0,0,0,0,0,0,0,0,0,0,0,0
1,cn2448,volume_exchange_pack,compute,0.604445936,2,19897111549,525396402,2.6405661983,54102227391,92169519647,0.586986105582,1576,0,0,0,0,0,0,1,0,0,0,0
1,cn2448,volume_size_exchange,communication,0.0420627909998,1,9840654278,259941532,2.6415065976,26693788039,45521931509,0.586394011724,2,0,0,0,0,0,0,0,5,5,20,20
1,cn2448,volume_payload_prepare,compute,0.00034146400003,1,9784843226,259708446,2.65419118121,26583358066,45429953031,0.585150463349,34,0,0,0,0,0,0,0,0,0,0,0
1,cn2448,volume_payload_exchange,communication,0.00406027100007,1,9784956390,259725701,2.65433682735,26583549313,45431970960,0.58512868254,421,0,0,0,0,0,0,0,5,5,3443280,3438840
1,cn2448,volume_exchange_unpack,compute,0.414256394,1,10048509109,266012130,2.64727958262,27328444582,46233303273,0.59109868098,16698,0,0,0,0,0,0,0,0,0,0,0
1,cn2448,final_mesh_save,io,0,0,0,0,0,0,0,0,0,0,0,0,0,0,0,0,0,0,0,0
1,cn2448,testout_io,io,0,0,0,0,0,0,0,0,0,0,0,0,0,0,0,0,0,0,0,0
1,cn2448,final_count_exchange,communication,0,0,0,0,0,0,0,0,0,0,0,0,0,0,0,0,0,0,0,0
1,cn2448,quality_surface_compute,postprocess,0,0,0,0,0,0,0,0,0,0,0,0,0,0,0,0,0,0,0,0
1,cn2448,quality_reduce_pre_collective_wait,synchronization,0,0,0,0,0,0,0,0,0,0,0,0,0,0,0,0,0,0,0,0
1,cn2448,quality_reduce,communication,0,0,0,0,0,0,0,0,0,0,0,0,0,0,0,0,0,0,0,0
1,cn2448,quality_summary_io,io,0,0,0,0,0,0,0,0,0,0,0,0,0,0,0,0,0,0,0,0
1,cn2448,quality_volume_compute,postprocess,0,0,0,0,0,0,0,0,0,0,0,0,0,0,0,0,0,0,0,0
1,cn2448,quality_rank_io,io,0,0,0,0,0,0,0,0,0,0,0,0,0,0,0,0,0,0,0,0
2,cn2448,geometry_load,io,1.764941178,1,1399344440,24534707,1.75330006671,3316802330,3799287124,0.87300649352,6709,0,1035180,0,0,0,0,36,0,0,0,0
2,cn2448,coarse_local_size,setup,0.496811217,1,267304880,6267655,2.34475891349,632196752,900304087,0.702203578911,7730,0,0,0,0,0,123,55,0,0,0,0
2,cn2448,coarse_edge_mesh,setup,0.0140434170003,1,6297898,181960,2.88921795812,12804010,27842151,0.459878620729,508,0,0,0,0,0,0,0,0,0,0,0
2,cn2448,coarse_surface_mesh,setup,8.746794584,1,5673941098,163966647,2.88981933665,15313361678,19029721750,0.804707597892,17303,0,0,0,0,0,0,85,0,0,0,0
2,cn2448,coarse_volume_mesh,setup,15.035583213,1,5316947096,129425895,2.43421445922,13430049481,22468332519,0.597732362633,30587,0,0,0,0,0,84923,2850590,0,0,0,0
2,cn2448,coarse_mesh_save,io,0,0,0,0,0,0,0,0,0,0,0,0,0,0,0,0,0,0,0,0
2,cn2448,submesh_initialization,setup,0.000388204999581,1,4118746474,102259375,2.48277906022,10303201104,16897411061,0.609750278715,1,0,0,0,0,0,3,0,0,0,0,0
2,cn2448,metis_partition,compute,0.150947427,1,4203147781,107932245,2.56789079575,10498287583,17226031061,0.609443205218,247,0,0,0,0,0,0,2,0,0,0,0
2,cn2448,face_map_setup,compute,0.00784295899984,1,4121777067,102336049,2.48281377999,10311097109,16913710273,0.609629522001,216,0,0,0,0,0,0,0,0,0,0,0
2,cn2448,face_local_extract,compute,0.167629198,1,4180121841,104456276,2.49888113249,10467126923,17261658141,0.606380154067,790,0,0,0,0,0,0,1,0,0,0,0
2,cn2448,face_pre_collective_wait,synchronization,0.0197179090001,1,4142965235,102521823,2.4746001278,10350600008,16940409280,0.61100058664,0,0,0,0,0,0,0,0,0,0,0,0
2,cn2448,face_collective_setup,compute,0.000124021999909,1,4118663584,102255773,2.48274157174,10303055314,16897250786,0.60974743433,15,0,0,0,0,0,0,0,0,0,0,0
2,cn2448,face_allgatherv,communication,0.0701825870001,1,4252160280,102992273,2.42211643537,10563389298,17045581677,0.619714216749,1045,0,0,0,0,0,1,1,1,1,151800,4859624
2,cn2448,face_global_merge,compute,0.0845358480001,1,4136895891,103146302,2.49332602796,10347557324,17081392374,0.605779499554,379,0,0,0,0,0,0,0,0,0,0,0
2,cn2448,part_face_create,compute,0.020812703,1,4123326425,102437336,2.48433729086,10313958922,16942376840,0.608766940991,3,0,0,0,0,0,0,1,0,0,0,0
2,cn2448,surface_refine,compute,0.0395522200001,1,4130308895,102696383,2.48640926407,10326673707,16974648587,0.608358615147,966,0,0,0,0,0,0,0,0,0,0,0
2,cn2448,refined_surface_save,io,0,0,0,0,0,0,0,0,0,0,0,0,0,0,0,0,0,0,0,0
2,cn2448,local_volume_mesh,compute,24.523149635,1,13342869996,332357441,2.4908991926,35267557625,59118945200,0.596552551905,29507,0,0,0,0,0,83685,3233453,0,0,0,0
2,cn2448,volume_refine,compute,2.315165708,1,12947268838,344011570,2.65702036703,33622977912,59961403463,0.560743677935,13797,0,0,0,0,0,0,20,0,0,0,0
2,cn2448,refined_volume_save,io,0,0,0,0,0,0,0,0,0,0,0,0,0,0,0,0,0,0,0,0
2,cn2448,adjacency_build,compute,0.00672344499981,1,12305102845,317788762,2.58257704956,32374890422,55325525753,0.585170949238,6,0,0,0,0,0,0,0,0,0,0,0
2,cn2448,vertex_numbering_local,compute,0.034918801,1,12313806488,318014921,2.58258826229,32395732399,55384863255,0.584920328319,576,0,0,0,0,0,0,0,0,0,0,0
2,cn2448,vertex_count_pre_collective_wait,synchronization,2.730975642,1,15696278224,355399970,2.26423082547,39082699968,61313957187,0.637419304854,30,0,0,0,0,0,0,23,0,0,0,0
2,cn2448,vertex_count_allgather,communication,0.0005829669999,1,12304882988,317766437,2.58244176162,32374364803,55312038147,0.585304137898,7,0,0,0,0,0,0,0,1,1,4,128
2,cn2448,element_count_pre_collective_wait,synchronization,0.000169802000073,1,12304481051,317758250,2.58245958268,32373568151,55311239452,0.585298186621,0,0,0,0,0,0,0,0,0,0,0,0
2,cn2448,element_count_allgather,communication,8.88009999471e-05,1,12304375184,317755812,2.5824619881,32373358703,55310983649,0.585297106782,2,0,0,0,0,0,0,0,1,1,4,128
2,cn2448,vertex_exchange_prepare,compute,0.000159761999839,1,12304329381,317755225,2.58246683066,32373273268,55310939109,0.58529603347,17,0,0,0,0,0,0,0,0,0,0,0
2,cn2448,vertex_exchange,communication,0.00265837400002,1,12308477023,317769139,2.58170964942,32381431297,55315860150,0.585391444862,58,0,0,0,0,0,0,0,3,2,108240,146982
2,cn2448,vertex_exchange_unpack,compute,0.00230766899995,1,12305175783,317770537,2.58241363312,32375320968,55315938261,0.585280155879,0,0,0,0,0,0,0,0,0,0,0,0
2,cn2448,partition_result_io,io,0,0,0,0,0,0,0,0,0,0,0,0,0,0,0,0,0,0,0,0
2,cn2448,volume_exchange_pack,compute,0.517953503,2,24923577801,641334270,2.57320307349,65646976753,111744236795,0.587475279584,1380,0,0,0,0,0,0,6,0,0,0,0
2,cn2448,volume_size_exchange,communication,0.130172225,1,12465790345,319549811,2.5634139686,32693054227,55596891650,0.588037447,2,0,0,0,0,0,0,1,3,3,12,12
2,cn2448,volume_payload_prepare,compute,0.00029372400013,1,12304329312,317755170,2.58246639815,32373440068,55311506893,0.585293040933,0,0,0,0,0,0,0,0,0,0,0,0
2,cn2448,volume_payload_exchange,communication,0.00391312900001,1,12304968717,317776240,2.58250343669,32374592247,55314184101,0.585285542455,33,0,0,0,0,0,1,0,3,3,2737440,2731920
2,cn2448,volume_exchange_unpack,compute,0.398760317,1,12566774261,327319946,2.60464570463,33113597313,56082180905,0.590447746123,17227,0,0,0,0,0,0,3,0,0,0,0
2,cn2448,final_mesh_save,io,0,0,0,0,0,0,0,0,0,0,0,0,0,0,0,0,0,0,0,0
2,cn2448,testout_io,io,0,0,0,0,0,0,0,0,0,0,0,0,0,0,0,0,0,0,0,0
2,cn2448,final_count_exchange,communication,0,0,0,0,0,0,0,0,0,0,0,0,0,0,0,0,0,0,0,0
2,cn2448,quality_surface_compute,postprocess,0,0,0,0,0,0,0,0,0,0,0,0,0,0,0,0,0,0,0,0
2,cn2448,quality_reduce_pre_collective_wait,synchronization,0,0,0,0,0,0,0,0,0,0,0,0,0,0,0,0,0,0,0,0
2,cn2448,quality_reduce,communication,0,0,0,0,0,0,0,0,0,0,0,0,0,0,0,0,0,0,0,0
2,cn2448,quality_summary_io,io,0,0,0,0,0,0,0,0,0,0,0,0,0,0,0,0,0,0,0,0
2,cn2448,quality_volume_compute,postprocess,0,0,0,0,0,0,0,0,0,0,0,0,0,0,0,0,0,0,0,0
2,cn2448,quality_rank_io,io,0,0,0,0,0,0,0,0,0,0,0,0,0,0,0,0,0,0,0,0
3,cn2448,geometry_load,io,1.737049105,1,1394270608,23460709,1.68265104818,3316560490,3739947292,0.886793377301,6710,0,1035180,0,0,0,0,16,0,0,0,0
3,cn2448,coarse_local_size,setup,0.478676608,1,266139705,5977110,2.24585429671,632657160,888024956,0.712431734858,7594,0,0,0,0,0,106,86,0,0,0,0
3,cn2448,coarse_edge_mesh,setup,0.0132054270002,1,6273139,159406,2.54108828132,12804860,25806914,0.496179434705,489,0,0,0,0,0,0,1,0,0,0,0
3,cn2448,coarse_surface_mesh,setup,8.720774495,1,5673709304,160802235,2.83416414878,15311114789,18978014044,0.806781718756,17213,0,0,0,0,0,0,20,0,0,0,0
3,cn2448,coarse_volume_mesh,setup,15.063515506,1,5331139314,128494076,2.41025545257,13453456139,22718013322,0.592193337873,32093,0,0,0,0,0,87021,2768942,0,0,0,0
3,cn2448,coarse_mesh_save,io,0,0,0,0,0,0,0,0,0,0,0,0,0,0,0,0,0,0,0,0
3,cn2448,submesh_initialization,setup,0.00026150299982,1,4265693743,109338078,2.56319568603,10489023501,18419646871,0.569447589004,2,0,0,0,0,0,0,0,0,0,0,0
3,cn2448,metis_partition,compute,0.147952109,1,4349638819,114932732,2.64235116484,10684052203,18742092716,0.570056522764,281,0,0,0,0,0,0,0,0,0,0,0
3,cn2448,face_map_setup,compute,0.00795852099964,1,4268771171,109409744,2.56302667951,10496912079,18436259295,0.569362358765,216,0,0,0,0,0,0,0,0,0,0,0
3,cn2448,face_local_extract,compute,0.173103947,1,4327192034,111501341,2.57675971216,10652945989,18796189346,0.566760942492,751,0,0,0,0,0,0,0,0,0,0,0
3,cn2448,face_pre_collective_wait,synchronization,0.0172531979997,1,4288051285,109333787,2.5497313286,10533112572,18457271483,0.570675496739,0,0,0,0,0,0,0,0,0,0,0,0
3,cn2448,face_collective_setup,compute,0.000105682000139,1,4265613468,109334500,2.56316004299,10488877623,18419514840,0.569443751049,16,0,0,0,0,0,0,0,0,0,0,0
3,cn2448,face_allgatherv,communication,0.0700627050001,1,4401991753,109798949,2.49430156077,10754723396,18568411242,0.579194593217,843,0,0,0,0,0,0,0,1,1,151800,4859624
3,cn2448,face_global_merge,compute,0.0855625810004,1,4283967059,110217146,2.57278229459,10533380285,18604125573,0.566185185306,548,0,0,0,0,0,0,2,0,0,0,0
3,cn2448,part_face_create,compute,0.0210031649999,1,4270268281,109515163,2.56459678394,10499697547,18464935796,0.568628976726,3,0,0,0,0,0,0,0,0,0,0,0
3,cn2448,surface_refine,compute,0.038233883,1,4276516079,109766970,2.56673815724,10510971284,18493977618,0.568345625863,988,0,0,0,0,0,0,0,0,0,0,0
3,cn2448,refined_surface_save,io,0,0,0,0,0,0,0,0,0,0,0,0,0,0,0,0,0,0,0,0
3,cn2448,local_volume_mesh,compute,25.724118088,1,14302999660,348841294,2.43893800107,37774595619,62691191924,0.602550285928,22074,0,0,0,0,0,87823,3394251,0,0,0,0
3,cn2448,volume_refine,compute,2.15138642,1,13898767492,353131710,2.54074118589,36163053769,62544752788,0.578194847001,13503,0,0,0,0,0,0,5,0,0,0,0
3,cn2448,refined_volume_save,io,0,0,0,0,0,0,0,0,0,0,0,0,0,0,0,0,0,0,0,0
3,cn2448,adjacency_build,compute,0.00387988900002,1,13251715384,328439513,2.47846790761,34904864554,58240706821,0.599320757924,6,0,0,0,0,0,0,0,0,0,0,0
3,cn2448,vertex_numbering_local,compute,0.0272603650001,1,13260531699,328637747,2.47831500621,34926261110,58286796680,0.599213940367,833,0,0,0,0,0,0,1,0,0,0,0
3,cn2448,vertex_count_pre_collective_wait,synchronization,1.704669556,1,15431394386,328408368,2.12818336299,39202943528,61980689743,0.632502537331,28,0,0,0,0,0,0,3,0,0,0,0
3,cn2448,vertex_count_allgather,communication,0.000593346999722,1,13251556451,328406359,2.47824744372,34904424326,58233407565,0.599388319961,8,0,0,0,0,0,0,0,1,1,4,128
3,cn2448,element_count_pre_collective_wait,synchronization,0.000166363000062,1,13251089995,328405935,2.47833148159,34903506408,58232580858,0.599381066299,0,0,0,0,0,0,0,0,0,0,0,0
3,cn2448,element_count_allgather,communication,0.000137001999974,1,13251052719,328405891,2.47833812124,34903433142,58232473517,0.599380912985,1,0,0,0,0,0,0,0,1,1,4,128
3,cn2448,vertex_exchange_prepare,compute,0.000135502000376,1,13250928605,328405831,2.47836088164,34903194583,58232274241,0.59937886744,21,0,0,0,0,0,0,0,0,0,0,0
3,cn2448,vertex_exchange,communication,0.00304971800006,1,13255258049,328426009,2.47770362362,34911844289,58238170491,0.599466707052,63,0,0,0,0,0,0,0,2,4,136488,135520
3,cn2448,vertex_exchange_unpack,compute,0.00214682800015,1,13251698442,328420533,2.47832784935,34905054092,58236931450,0.59936286516,0,0,0,0,0,0,0,0,0,0,0,0
3,cn2448,partition_result_io,io,0,0,0,0,0,0,0,0,0,0,0,0,0,0,0,0,0,0,0,0
3,cn2448,volume_exchange_pack,compute,0.647636962,2,26842587090,661930808,2.46597247047,70781008944,117874314864,0.600478645629,1167,0,0,0,0,0,0,4,0,0,0,0
3,cn2448,volume_size_exchange,communication,7.50009999138e-05,1,13250931098,328405941,2.47836124549,34903194208,58232307027,0.599378523537,1,0,0,0,0,0,0,0,4,4,16,16
3,cn2448,volume_payload_prepare,compute,0.00042438599985,1,13250928852,328405855,2.47836101656,34903264425,58232621709,0.59937649037,68,0,0,0,0,0,0,0,0,0,0,0
3,cn2448,volume_payload_exchange,communication,0.00385144900019,1,13251654877,328418994,2.47832438324,34904701653,58235322979,0.5993733677,432,0,0,0,0,0,0,0,4,4,2873520,2884800
3,cn2448,volume_exchange_unpack,compute,0.417619896,1,13528494488,335036957,2.47652802237,35689637584,59041598009,0.604482920306,17826,0,0,0,0,0,0,0,0,0,0,0
3,cn2448,final_mesh_save,io,0,0,0,0,0,0,0,0,0,0,0,0,0,0,0,0,0,0,0,0
3,cn2448,testout_io,io,0,0,0,0,0,0,0,0,0,0,0,0,0,0,0,0,0,0,0,0
3,cn2448,final_count_exchange,communication,0,0,0,0,0,0,0,0,0,0,0,0,0,0,0,0,0,0,0,0
3,cn2448,quality_surface_compute,postprocess,0,0,0,0,0,0,0,0,0,0,0,0,0,0,0,0,0,0,0,0
3,cn2448,quality_reduce_pre_collective_wait,synchronization,0,0,0,0,0,0,0,0,0,0,0,0,0,0,0,0,0,0,0,0
3,cn2448,quality_reduce,communication,0,0,0,0,0,0,0,0,0,0,0,0,0,0,0,0,0,0,0,0
3,cn2448,quality_summary_io,io,0,0,0,0,0,0,0,0,0,0,0,0,0,0,0,0,0,0,0,0
3,cn2448,quality_volume_compute,postprocess,0,0,0,0,0,0,0,0,0,0,0,0,0,0,0,0,0,0,0,0
3,cn2448,quality_rank_io,io,0,0,0,0,0,0,0,0,0,0,0,0,0,0,0,0,0,0,0,0
4,cn2448,geometry_load,io,1.769997401,1,1401137852,25924372,1.85023707432,3316374346,3813573409,0.869623838412,6807,0,1035180,0,0,0,0,5,0,0,0,0
4,cn2448,coarse_local_size,setup,0.494423246,1,266742008,6355939,2.38280391141,633516448,890859847,0.711129197408,7685,0,0,0,0,0,137,53,0,0,0,0
4,cn2448,coarse_edge_mesh,setup,0.0134552899999,1,6283587,170182,2.70835750345,12753399,26388523,0.483293399938,498,0,0,0,0,0,0,0,0,0,0,0
4,cn2448,coarse_surface_mesh,setup,8.668051368,1,5672099792,166170262,2.92960751915,15308542565,18850359083,0.812108803742,17468,0,0,0,0,0,0,28,0,0,0,0
4,cn2448,coarse_volume_mesh,setup,15.025604067,1,5344751712,128974740,2.41311003672,13491308581,22529532320,0.598827724845,32525,0,0,0,0,0,85397,2661479,0,0,0,0
4,cn2448,coarse_mesh_save,io,0,0,0,0,0,0,0,0,0,0,0,0,0,0,0,0,0,0,0,0
4,cn2448,submesh_initialization,setup,0.000125202000163,1,3178482103,70395229,2.21474360147,8574007200,14396961812,0.595542817433,1,0,0,0,0,0,0,0,0,0,0,0
4,cn2448,metis_partition,compute,0.148187452,1,3262244468,76046627,2.3311136779,8769070058,14718386249,0.595790184443,590,0,0,0,0,0,0,0,0,0,0,0
4,cn2448,face_map_setup,compute,0.00802244099987,1,3181539171,70468385,2.21491489535,8581891014,14413695492,0.595398384735,221,0,0,0,0,0,0,0,0,0,0,0
4,cn2448,face_local_extract,compute,0.172225716,1,3239931107,72533971,2.2387504118,8737932684,14771493078,0.591540248359,738,0,0,0,0,0,0,0,0,0,0,0
4,cn2448,face_pre_collective_wait,synchronization,0.0178874060002,1,3199270665,70391085,2.20022287486,8615132833,14435976643,0.596782126076,1,0,0,0,0,0,0,0,0,0,0,0
4,cn2448,face_collective_setup,compute,0.000119881000046,1,3178401899,70391697,2.21468836342,8573861362,14396857394,0.595537006956,16,0,0,0,0,0,0,0,0,0,0,0
4,cn2448,face_allgatherv,communication,0.0698974229999,1,3312646253,70838370,2.13842241488,8835344790,14544616275,0.607464963183,1043,0,0,0,0,0,1,0,1,1,151800,4859624
4,cn2448,face_global_merge,compute,0.0820762160001,1,3196564600,71249842,2.22895048015,8618364105,14574874607,0.591316518144,403,0,0,0,0,0,0,1,0,0,0,0
4,cn2448,part_face_create,compute,0.020227475,1,3183027884,70574333,2.21720750091,8584589315,14440788534,0.594468182592,3,0,0,0,0,0,0,0,0,0,0,0
4,cn2448,surface_refine,compute,0.025543322,1,3187688446,70716356,2.21842119134,8593128101,14452477283,0.594578211938,6,0,0,0,0,0,0,0,0,0,0,0
4,cn2448,refined_surface_save,io,0,0,0,0,0,0,0,0,0,0,0,0,0,0,0,0,0,0,0,0
4,cn2448,local_volume_mesh,compute,19.230679052,1,9911690902,242210062,2.44368054245,26753139803,45668660454,0.585809601969,19842,0,0,0,0,0,75030,3058972,0,0,0,0
4,cn2448,volume_refine,compute,1.701573877,1,7478039078,170257896,2.27677194816,19461044065,32956410986,0.590508598563,9424,0,0,0,0,0,0,5,0,0,0,0
4,cn2448,refined_volume_save,io,0,0,0,0,0,0,0,0,0,0,0,0,0,0,0,0,0,0,0,0
4,cn2448,adjacency_build,compute,0.00679170600006,1,6972278119,149669061,2.14663067717,18481124734,29572335328,0.624946407817,5,0,0,0,0,0,0,0,0,0,0,0
4,cn2448,vertex_numbering_local,compute,0.0378820579999,1,6982393751,149880834,2.14655373708,18505200731,29640138057,0.624329100472,8,0,0,0,0,0,0,1,0,0,0,0
4,cn2448,vertex_count_pre_collective_wait,synchronization,8.650240923,1,17323039169,149647626,0.863864732626,38877912494,48565759128,0.800521050058,67,0,0,0,0,0,0,20,0,0,0,0
4,cn2448,vertex_count_allgather,communication,0.000545967000107,1,6971861819,149635172,2.14627277311,18480190773,29558340624,0.625210697991,26,0,0,0,0,0,0,0,1,1,4,128
4,cn2448,element_count_pre_collective_wait,synchronization,0.00058462800007,1,6972085148,149633522,2.14618035815,18480631615,29558730859,0.625217358051,1,0,0,0,0,0,0,0,0,0,0,0
4,cn2448,element_count_allgather,communication,0.000121642000067,1,6971554093,149633490,2.14634338347,18479586121,29557675825,0.625204303289,2,0,0,0,0,0,0,0,1,1,4,128
4,cn2448,vertex_exchange_prepare,compute,4.70009999844e-05,1,6971457655,149633318,2.1463706072,18479396626,29557527108,0.625201037911,11,0,0,0,0,0,0,0,0,0,0,0
4,cn2448,vertex_exchange,communication,0.0052181660003,1,6978799727,149671648,2.14466174493,18493956910,29567753509,0.625477241765,204,0,0,0,0,0,0,0,4,1,337436,1430
4,cn2448,vertex_exchange_unpack,compute,0.00016886200001,1,6971467008,149633620,2.14637205954,18479416189,29557622380,0.625199684583,104,0,0,0,0,0,0,0,0,0,0,0
4,cn2448,partition_result_io,io,0,0,0,0,0,0,0,0,0,0,0,0,0,0,0,0,0,0,0,0
4,cn2448,volume_exchange_pack,compute,0.42904934,2,14195034772,303258689,2.13637158254,37672811489,60040077009,0.627461078762,2592,0,0,0,0,0,0,2,0,0,0,0
4,cn2448,volume_size_exchange,communication,0.095576708,1,7082330535,150776933,2.12891691873,18698506656,29767412219,0.62815358347,3,0,0,0,0,0,0,1,4,4,16,16
4,cn2448,volume_payload_prepare,compute,0.000274164000075,1,6971458386,149633454,2.14637233295,18479433887,29557588968,0.625200990074,69,0,0,0,0,0,0,0,0,0,0,0
4,cn2448,volume_payload_exchange,communication,0.103173863,1,7086838717,150401694,2.12226776996,18707333401,29776045614,0.628267891698,764,0,0,0,0,0,0,0,4,4,3645480,3635280
4,cn2448,volume_exchange_unpack,compute,0.352507113,1,7189163000,155106289,2.15750135308,19088386683,30249770903,0.631025826417,13581,0,0,0,0,0,0,0,0,0,0,0
4,cn2448,final_mesh_save,io,0,0,0,0,0,0,0,0,0,0,0,0,0,0,0,0,0,0,0,0
4,cn2448,testout_io,io,0,0,0,0,0,0,0,0,0,0,0,0,0,0,0,0,0,0,0,0
4,cn2448,final_count_exchange,communication,0,0,0,0,0,0,0,0,0,0,0,0,0,0,0,0,0,0,0,0
4,cn2448,quality_surface_compute,postprocess,0,0,0,0,0,0,0,0,0,0,0,0,0,0,0,0,0,0,0,0
4,cn2448,quality_reduce_pre_collective_wait,synchronization,0,0,0,0,0,0,0,0,0,0,0,0,0,0,0,0,0,0,0,0
4,cn2448,quality_reduce,communication,0,0,0,0,0,0,0,0,0,0,0,0,0,0,0,0,0,0,0,0
4,cn2448,quality_summary_io,io,0,0,0,0,0,0,0,0,0,0,0,0,0,0,0,0,0,0,0,0
4,cn2448,quality_volume_compute,postprocess,0,0,0,0,0,0,0,0,0,0,0,0,0,0,0,0,0,0,0,0
4,cn2448,quality_rank_io,io,0,0,0,0,0,0,0,0,0,0,0,0,0,0,0,0,0,0,0,0
5,cn2448,geometry_load,io,1.762175923,1,1399141173,23117657,1.65227479872,3316376625,3795557956,0.873752071091,6808,0,1035180,0,0,0,0,2,0,0,0,0
5,cn2448,coarse_local_size,setup,0.495639802,1,266690398,6239742,2.33969503469,632353239,894183229,0.707185304411,7795,0,0,0,0,0,141,51,0,0,0,0
5,cn2448,coarse_edge_mesh,setup,0.013159826,1,6307345,173905,2.75718230095,12797922,25734273,0.497310415569,510,0,0,0,0,0,0,0,0,0,0,0
5,cn2448,coarse_surface_mesh,setup,8.69666957,1,5672847445,162799049,2.86979423611,15313305986,18921492945,0.809307491249,14068,0,0,0,0,0,0,7,0,0,0,0
5,cn2448,coarse_volume_mesh,setup,15.10657735,1,5360970470,128944231,2.40524046386,13522578363,22618513056,0.597854435856,25305,0,0,0,0,0,84024,2805117,0,0,0,0
5,cn2448,coarse_mesh_save,io,0,0,0,0,0,0,0,0,0,0,0,0,0,0,0,0,0,0,0,0
5,cn2448,submesh_initialization,setup,0.000253042999702,1,1078494616,30324278,2.8117227059,2949487947,5416216858,0.544566073392,1,0,0,0,0,0,0,0,0,0,0,0
5,cn2448,metis_partition,compute,0.148300514,1,1162727511,35954651,3.09226802151,3144499747,5738446819,0.547970530386,480,0,0,0,0,0,1,0,0,0,0,0
5,cn2448,face_map_setup,compute,0.00790845999973,1,1081535982,30390919,2.80997761571,2957385491,5432685955,0.544368939323,227,0,0,0,0,0,0,0,0,0,0,0
5,cn2448,face_local_extract,compute,0.171277744,1,1139922367,32509264,2.85188403536,3113414673,5788721027,0.537841547119,771,0,0,0,0,0,0,0,0,0,0,0
5,cn2448,face_pre_collective_wait,synchronization,0.0187240769997,1,1100574545,30601247,2.78047926322,2993091139,5457074502,0.548479068392,0,0,0,0,0,0,0,0,0,0,0,0
5,cn2448,face_collective_setup,compute,0.000126742000248,1,1078414943,30320624,2.81159160459,2949342014,5416118386,0.544549030099,16,0,0,0,0,0,0,0,0,0,0,0
5,cn2448,face_allgatherv,communication,0.069750141,1,1212991522,31031240,2.55824046889,3211608760,5564243495,0.577186955044,842,0,0,0,0,0,0,0,1,1,151800,4859624
5,cn2448,face_global_merge,compute,0.084004801,1,1096605544,31165368,2.84198526722,2993844965,5598513844,0.534757088831,472,0,0,0,0,0,0,0,0,0,0,0
5,cn2448,part_face_create,compute,0.0215217919999,1,1082977868,30504529,2.81672690656,2960013066,5460338479,0.542093329449,3,0,0,0,0,0,0,1,0,0,0,0
5,cn2448,surface_refine,compute,0.0254653819998,1,1087216427,30628224,2.81712299772,2967517117,5471224037,0.542386328348,35,0,0,0,0,0,0,0,0,0,0,0
5,cn2448,refined_surface_save,io,0,0,0,0,0,0,0,0,0,0,0,0,0,0,0,0,0,0,0,0
5,cn2448,local_volume_mesh,compute,20.318757658,1,8097068196,209312165,2.58503645929,21987172699,38394038265,0.572671531638,9177,0,0,0,0,0,80314,3165188,0,0,0,0
5,cn2448,volume_refine,compute,1.578515562,1,8439562508,227836010,2.69961872768,22545852487,41137319791,0.548063233131,8211,0,0,0,0,0,0,1,0,0,0,0
5,cn2448,refined_volume_save,io,0,0,0,0,0,0,0,0,0,0,0,0,0,0,0,0,0,0,0,0
5,cn2448,adjacency_build,compute,0.00393188999988,1,7943569994,207796106,2.61590325454,21586883771,37996604587,0.568126652516,8,0,0,0,0,0,0,0,0,0,0,0
5,cn2448,vertex_numbering_local,compute,0.0262641120003,1,7954942572,208037485,2.61519782345,21613960087,38045197608,0.568112703992,66,0,0,0,0,0,0,0,0,0,0,0
5,cn2448,vertex_count_pre_collective_wait,synchronization,7.698306197,1,17041397720,333630468,1.95776469443,39532365770,54911246783,0.719932037352,27,0,0,0,0,0,0,6,0,0,0,0
5,cn2448,vertex_count_allgather,communication,0.000558487000035,1,7943242248,207768897,2.61566864654,21586118507,37989184561,0.568217474432,9,0,0,0,0,0,0,0,1,1,4,128
5,cn2448,element_count_pre_collective_wait,synchronization,0.000498826999774,1,7943241927,207768526,2.61566408161,21586117951,37989178244,0.568217554282,0,0,0,0,0,0,0,0,0,0,0,0
5,cn2448,element_count_allgather,communication,0.000132122000196,1,7942812620,207762533,2.61573000573,21585270654,37988323011,0.568208042449,1,0,0,0,0,0,0,0,1,1,4,128
5,cn2448,vertex_exchange_prepare,compute,6.97609998497e-05,1,7942706231,207760962,2.61574526311,21585062966,37988132257,0.568205428474,6,0,0,0,0,0,0,0,0,0,0,0
5,cn2448,vertex_exchange,communication,0.00465739900028,1,7950083319,207781603,2.6135776779,21599559176,37996947370,0.568455117346,144,0,0,0,0,0,0,0,3,1,246092,171776
5,cn2448,vertex_exchange_unpack,compute,0.00257657299971,1,7943678823,207779052,2.61565273005,21587420968,37993744704,0.568183555903,0,0,0,0,0,0,0,0,0,0,0,0
5,cn2448,partition_result_io,io,0,0,0,0,0,0,0,0,0,0,0,0,0,0,0,0,0,0,0,0
5,cn2448,volume_exchange_pack,compute,0.497432884,2,16155785173,419685334,2.59774024912,43933968375,77049938598,0.570201212025,1737,0,0,0,0,0,0,2,0,0,0,0
5,cn2448,volume_size_exchange,communication,0.0246436910002,1,7972329174,208170697,2.61116535026,21643465331,38042158606,0.568933681055,2,0,0,0,0,0,0,0,3,3,12,12
5,cn2448,volume_payload_prepare,compute,0.000304264000079,1,7942706738,207761025,2.61574588932,21585161251,37988347818,0.568204791491,68,0,0,0,0,0,0,0,0,0,0,0
5,cn2448,volume_payload_exchange,communication,0.10452516,1,8060903933,209409223,2.5978379688,21818271529,38208506024,0.571031788453,738,0,0,0,0,0,1,0,3,3,4481520,4483800
5,cn2448,volume_exchange_unpack,compute,0.380080722,1,8162873436,213542497,2.61602116797,22201278613,38737906831,0.573115081046,13739,0,0,0,0,0,0,0,0,0,0,0
5,cn2448,final_mesh_save,io,0,0,0,0,0,0,0,0,0,0,0,0,0,0,0,0,0,0,0,0
5,cn2448,testout_io,io,0,0,0,0,0,0,0,0,0,0,0,0,0,0,0,0,0,0,0,0
5,cn2448,final_count_exchange,communication,0,0,0,0,0,0,0,0,0,0,0,0,0,0,0,0,0,0,0,0
5,cn2448,quality_surface_compute,postprocess,0,0,0,0,0,0,0,0,0,0,0,0,0,0,0,0,0,0,0,0
5,cn2448,quality_reduce_pre_collective_wait,synchronization,0,0,0,0,0,0,0,0,0,0,0,0,0,0,0,0,0,0,0,0
5,cn2448,quality_reduce,communication,0,0,0,0,0,0,0,0,0,0,0,0,0,0,0,0,0,0,0,0
5,cn2448,quality_summary_io,io,0,0,0,0,0,0,0,0,0,0,0,0,0,0,0,0,0,0,0,0
5,cn2448,quality_volume_compute,postprocess,0,0,0,0,0,0,0,0,0,0,0,0,0,0,0,0,0,0,0,0
5,cn2448,quality_rank_io,io,0,0,0,0,0,0,0,0,0,0,0,0,0,0,0,0,0,0,0,0
6,cn2448,geometry_load,io,1.789337446,1,1407418075,23836714,1.69364842071,3314816995,3857361664,0.859348249851,6807,0,1035180,0,0,0,0,2,0,0,0,0
6,cn2448,coarse_local_size,setup,0.499422409,1,267417733,6111016,2.28519475184,632117376,908212326,0.696001758514,7815,0,0,0,0,0,133,66,0,0,0,0
6,cn2448,coarse_edge_mesh,setup,0.0142560999998,1,6274238,166521,2.65404340734,12805535,28182943,0.454371816315,508,0,0,0,0,0,0,0,0,0,0,0
6,cn2448,coarse_surface_mesh,setup,8.853986377,1,5673397513,161142492,2.84031731658,15313155975,19288449101,0.793902915409,13468,0,0,0,0,0,0,47,0,0,0,0
6,cn2448,coarse_volume_mesh,setup,15.456150127,1,5330103340,127042867,2.3834972588,13460895975,23106747124,0.582552615596,23449,0,0,0,0,0,84202,2908863,0,0,0,0
6,cn2448,coarse_mesh_save,io,0,0,0,0,0,0,0,0,0,0,0,0,0,0,0,0,0,0,0,0
6,cn2448,submesh_initialization,setup,0.000135322000006,1,5040106890,118577947,2.35268714708,12675423608,21562182370,0.587854392032,1,0,0,0,0,0,0,0,0,0,0,0
6,cn2448,metis_partition,compute,0.150304919,1,5123457079,124197765,2.42410081874,12870457407,21889628937,0.587970561038,258,0,0,0,0,0,0,0,0,0,0,0
6,cn2448,face_map_setup,compute,0.00781179900014,1,5043143638,118642299,2.35254649711,12683322639,21578599647,0.587773203381,113,0,0,0,0,0,0,0,0,0,0,0
6,cn2448,face_local_extract,compute,0.180631362,1,5101744021,120711943,2.36609172281,12839349633,21954925523,0.584804973242,654,0,0,0,0,0,0,0,0,0,0,0
6,cn2448,face_pre_collective_wait,synchronization,0.00764541700028,1,5048931728,118721645,2.35142108065,12692856810,21578697683,0.588212365568,0,0,0,0,0,0,0,0,0,0,0,0
6,cn2448,face_collective_setup,compute,0.000110721000055,1,5040026962,118574372,2.35265352535,12675277578,21562045492,0.587851351241,16,0,0,0,0,0,0,0,0,0,0,0
6,cn2448,face_allgatherv,communication,0.069585659,1,5173541368,119392423,2.30775042679,12935474226,21709755765,0.595836929997,879,0,0,0,0,0,0,0,1,1,151800,4859624
6,cn2448,face_global_merge,compute,0.0865585740003,1,5058306533,119447808,2.36141892985,12719778947,21750569874,0.58480210039,325,0,0,0,0,0,0,0,0,0,0,0
6,cn2448,part_face_create,compute,0.0206309,1,5044524590,118748503,2.35400781345,12685761599,21606925208,0.587115541748,3,0,0,0,0,0,0,0,0,0,0,0
6,cn2448,surface_refine,compute,0.0228124079999,1,5047011883,118846705,2.35479344521,12689543156,21611432527,0.58716807135,35,0,0,0,0,0,0,0,0,0,0,0
6,cn2448,refined_surface_save,io,0,0,0,0,0,0,0,0,0,0,0,0,0,0,0,0,0,0,0,0
6,cn2448,local_volume_mesh,compute,16.626416251,1,10608539402,252834007,2.38330647999,27847466466,48135360228,0.578524110635,8661,0,0,0,0,0,66535,2738106,0,0,0,0
6,cn2448,volume_refine,compute,1.427022928,1,7917036670,178258615,2.25158253562,20118462448,34495038121,0.583227720388,7742,0,0,0,0,0,0,28,0,0,0,0
6,cn2448,refined_volume_save,io,0,0,0,0,0,0,0,0,0,0,0,0,0,0,0,0,0,0,0,0
6,cn2448,adjacency_build,compute,0.00413833199991,1,7493907563,160046227,2.13568456315,19311892750,31698215494,0.609242269605,6,0,0,0,0,0,0,0,0,0,0,0
6,cn2448,vertex_numbering_local,compute,0.0240716640001,1,7503778650,160207733,2.13502743714,19335715617,31739990214,0.60919097601,290,0,0,0,0,0,0,1,0,0,0,0
6,cn2448,vertex_count_pre_collective_wait,synchronization,11.544426227,1,20919866170,381831180,1.8252085214,45668275330,57060996036,0.800341362797,62,0,0,0,0,0,0,131,0,0,0,0
6,cn2448,vertex_count_allgather,communication,0.000549187000161,1,7493561248,160019816,2.13543081459,19311099315,31690208361,0.609371169006,32,0,0,0,0,0,0,0,1,1,4,128
6,cn2448,element_count_pre_collective_wait,synchronization,0.000615027999629,1,7493704989,160021882,2.13541742349,19311393238,31690485764,0.609375109672,4,0,0,0,0,0,0,0,0,0,0,0
6,cn2448,element_count_allgather,communication,9.85009996839e-05,1,7493153634,160012659,2.13545146431,19310303553,31689342030,0.6093627168,1,0,0,0,0,0,0,0,1,1,4,128
6,cn2448,vertex_exchange_prepare,compute,0.000356503999683,1,7493075948,160011486,2.13545794958,19310162578,31689353213,0.609358053104,53,0,0,0,0,0,0,0,0,0,0,0
6,cn2448,vertex_exchange,communication,0.00517956600015,1,7500317408,160070121,2.13417795931,19324518815,31698721587,0.609630857256,117,0,0,0,0,0,1,0,1,3,206932,180972
6,cn2448,vertex_exchange_unpack,compute,0.0039740899997,1,7494090464,160030152,2.13541793722,19312592412,31695859458,0.609309630414,1062,0,0,0,0,0,0,0,0,0,0,0
6,cn2448,partition_result_io,io,0,0,0,0,0,0,0,0,0,0,0,0,0,0,0,0,0,0,0,0
6,cn2448,volume_exchange_pack,compute,0.434407908,2,15229791323,323330352,2.12301235876,39309099444,64309766879,0.611246181594,3607,0,0,0,0,0,0,0,0,0,0,0
6,cn2448,volume_size_exchange,communication,0.167602357,1,7689761408,163791261,2.1299914563,19695118126,32057526266,0.614367994666,2,0,0,0,0,0,0,1,4,4,16,16
6,cn2448,volume_payload_prepare,compute,0.000503025999933,1,7493075842,160011288,2.13545533735,19310412924,31690260844,0.609348500445,0,0,0,0,0,0,0,0,0,0,0,0
6,cn2448,volume_payload_exchange,communication,0.0459737010001,1,7541219881,161207247,2.13768129751,19405455748,31783272466,0.610555623835,37,0,0,0,0,0,2,1,4,4,4168440,4181040
6,cn2448,volume_exchange_unpack,compute,0.3261008,1,7685650985,164713323,2.14312780168,19848201349,32329294074,0.613938594006,11824,0,0,0,0,0,0,11,0,0,0,0
6,cn2448,final_mesh_save,io,0,0,0,0,0,0,0,0,0,0,0,0,0,0,0,0,0,0,0,0
6,cn2448,testout_io,io,0,0,0,0,0,0,0,0,0,0,0,0,0,0,0,0,0,0,0,0
6,cn2448,final_count_exchange,communication,0,0,0,0,0,0,0,0,0,0,0,0,0,0,0,0,0,0,0,0
6,cn2448,quality_surface_compute,postprocess,0,0,0,0,0,0,0,0,0,0,0,0,0,0,0,0,0,0,0,0
6,cn2448,quality_reduce_pre_collective_wait,synchronization,0,0,0,0,0,0,0,0,0,0,0,0,0,0,0,0,0,0,0,0
6,cn2448,quality_reduce,communication,0,0,0,0,0,0,0,0,0,0,0,0,0,0,0,0,0,0,0,0
6,cn2448,quality_summary_io,io,0,0,0,0,0,0,0,0,0,0,0,0,0,0,0,0,0,0,0,0
6,cn2448,quality_volume_compute,postprocess,0,0,0,0,0,0,0,0,0,0,0,0,0,0,0,0,0,0,0,0
6,cn2448,quality_rank_io,io,0,0,0,0,0,0,0,0,0,0,0,0,0,0,0,0,0,0,0,0
7,cn2448,geometry_load,io,1.773611247,1,1398075424,23118980,1.65362895328,3315612831,3821635315,0.867590064909,6805,0,1035180,0,0,0,0,6,0,0,0,0
7,cn2448,coarse_local_size,setup,0.497618047,1,266418866,5996268,2.25069196113,632774253,902032790,0.701498060841,7562,0,0,0,0,0,150,73,0,0,0,0
7,cn2448,coarse_edge_mesh,setup,0.014414662,1,6349832,185839,2.92667585536,12800586,28172148,0.454370252492,526,0,0,0,0,0,0,1,0,0,0,0
7,cn2448,coarse_surface_mesh,setup,8.889424725,1,5674860043,163088772,2.8738818361,15314225214,19350720672,0.791403352546,15428,0,0,0,0,0,0,59,0,0,0,0
7,cn2448,coarse_volume_mesh,setup,15.3733832,1,5343684505,126853073,2.37388777128,13481888252,23184021904,0.581516369672,31580,0,0,0,0,0,89259,2843420,0,0,0,0
7,cn2448,coarse_mesh_save,io,0,0,0,0,0,0,0,0,0,0,0,0,0,0,0,0,0,0,0,0
7,cn2448,submesh_initialization,setup,0.000314544000048,1,3574645944,88541307,2.47692522244,8840419505,14838234728,0.595786471036,1,0,0,0,0,0,1,0,0,0,0,0
7,cn2448,metis_partition,compute,0.152352904,1,3658995139,94134023,2.57267417485,9035514028,15169228446,0.595647567717,401,0,0,0,0,0,0,1,0,0,0,0
7,cn2448,face_map_setup,compute,0.00792076000016,1,3577691208,88609303,2.47671746522,8848314795,14854722235,0.595656697919,230,0,0,0,0,0,0,0,0,0,0,0
7,cn2448,face_local_extract,compute,0.178606496,1,3636294738,90773895,2.49632941058,9004346172,15226864588,0.591346046322,640,0,0,0,0,0,0,0,0,0,0,0
7,cn2448,face_pre_collective_wait,synchronization,0.00737965400003,1,3583555857,88611803,2.47273396972,8858026699,14854142366,0.596333768772,0,0,0,0,0,0,0,0,0,0,0,0
7,cn2448,face_collective_setup,compute,0.000107881000076,1,3574563381,88537803,2.47688440694,8840273475,14838073355,0.595783108999,16,0,0,0,0,0,0,0,0,0,0,0
7,cn2448,face_allgatherv,communication,0.069459117,1,3705343590,89581394,2.4176271869,9094986141,14985908144,0.606902568307,859,0,0,0,0,0,0,0,1,1,151800,4859624
7,cn2448,face_global_merge,compute,0.0871925420001,1,3592721225,89408414,2.48859870835,8884775848,15027230071,0.591245080166,517,0,0,0,0,0,0,0,0,0,0,0
7,cn2448,part_face_create,compute,0.0214397909999,1,3579136691,88717101,2.47872905282,8850987766,14884690082,0.594637020807,3,0,0,0,0,0,0,0,0,0,0,0
7,cn2448,surface_refine,compute,0.0268296989998,1,3583731976,88867945,2.47975980333,8859240200,14896224939,0.59473056001,35,0,0,0,0,0,0,0,0,0,0,0
7,cn2448,refined_surface_save,io,0,0,0,0,0,0,0,0,0,0,0,0,0,0,0,0,0,0,0,0
7,cn2448,local_volume_mesh,compute,18.687987596,1,10015149100,250868947,2.50489477985,26263022169,45728812354,0.574321107788,16611,0,0,0,0,0,77521,2765000,0,0,0,0
7,cn2448,volume_refine,compute,1.675031222,1,9659262756,257973721,2.67073924291,24892256041,45910656117,0.542189072131,9088,0,0,0,0,0,0,4,0,0,0,0
7,cn2448,refined_volume_save,io,0,0,0,0,0,0,0,0,0,0,0,0,0,0,0,0,0,0,0,0
7,cn2448,adjacency_build,compute,0.00514988499981,1,9161023923,238542720,2.60388709827,23927575577,42592666109,0.561776891725,6,0,0,0,0,0,0,0,0,0,0,0
7,cn2448,vertex_numbering_local,compute,0.0314772370002,1,9173763377,238750442,2.60253542836,23958178766,42650378061,0.561734264858,10,0,0,0,0,0,0,0,0,0,0,0
7,cn2448,vertex_count_pre_collective_wait,synchronization,9.221642342,1,20491044293,332607302,1.62318375405,46287105487,62851148500,0.736456001071,63,0,0,0,0,0,0,22,0,0,0,0
7,cn2448,vertex_count_allgather,communication,0.000525107000158,1,9160594001,238511376,2.60366714182,23926598229,42582459280,0.561888595294,34,0,0,0,0,0,0,0,1,1,4,128
7,cn2448,element_count_pre_collective_wait,synchronization,0.00043606600002,1,9160580495,238510884,2.60366560973,23926571259,42582388204,0.561888899805,3,0,0,0,0,0,0,0,0,0,0,0
7,cn2448,element_count_allgather,communication,0.000113962000341,1,9160218106,238507825,2.6037352194,23925858030,42581694202,0.561881307881,1,0,0,0,0,0,0,0,1,1,4,128
7,cn2448,vertex_exchange_prepare,compute,0.00025810399984,1,9160113727,238507065,2.60375659198,23925669503,42581577767,0.561878416857,77,0,0,0,0,0,0,0,0,0,0,0
7,cn2448,vertex_exchange,communication,0.00514164500009,1,9167361016,238663563,2.60340530479,23939797205,42591838407,0.562074756582,123,0,0,0,0,0,0,0,0,4,0,482790
7,cn2448,vertex_exchange_unpack,compute,0.0107914969999,1,9162867279,238561456,2.60356773416,23932296118,42599133197,0.561802419954,3123,0,0,0,0,0,0,0,0,0,0,0
7,cn2448,partition_result_io,io,0,0,0,0,0,0,0,0,0,0,0,0,0,0,0,0,0,0,0,0
7,cn2448,volume_exchange_pack,compute,0.509805141,2,18586149386,481634321,2.59136150796,48594619201,86262073999,0.56333701415,2826,0,0,0,0,0,0,0,0,0,0,0
7,cn2448,volume_size_exchange,communication,0.081666991,1,9255862345,240102371,2.59405728014,24115170353,42760955372,0.563953030123,4,0,0,0,0,0,0,0,4,4,16,16
7,cn2448,volume_payload_prepare,compute,0.000553907000267,1,9160113721,238506841,2.60375414831,23925845848,42582436210,0.561871230899,34,0,0,0,0,0,0,0,0,0,0,0
7,cn2448,volume_payload_exchange,communication,0.0455991960002,1,9209968153,238935939,2.59431884053,24024204747,42673015826,0.562983522068,552,0,0,0,0,0,1,0,4,4,5203200,5196240
7,cn2448,volume_exchange_unpack,compute,0.386749246,1,9383294977,246922616,2.63151288119,24550701029,43345050532,0.566401485929,13626,0,0,0,0,0,0,2,0,0,0,0
7,cn2448,final_mesh_save,io,0,0,0,0,0,0,0,0,0,0,0,0,0,0,0,0,0,0,0,0
7,cn2448,testout_io,io,0,0,0,0,0,0,0,0,0,0,0,0,0,0,0,0,0,0,0,0
7,cn2448,final_count_exchange,communication,0,0,0,0,0,0,0,0,0,0,0,0,0,0,0,0,0,0,0,0
7,cn2448,quality_surface_compute,postprocess,0,0,0,0,0,0,0,0,0,0,0,0,0,0,0,0,0,0,0,0
7,cn2448,quality_reduce_pre_collective_wait,synchronization,0,0,0,0,0,0,0,0,0,0,0,0,0,0,0,0,0,0,0,0
7,cn2448,quality_reduce,communication,0,0,0,0,0,0,0,0,0,0,0,0,0,0,0,0,0,0,0,0
7,cn2448,quality_summary_io,io,0,0,0,0,0,0,0,0,0,0,0,0,0,0,0,0,0,0,0,0
7,cn2448,quality_volume_compute,postprocess,0,0,0,0,0,0,0,0,0,0,0,0,0,0,0,0,0,0,0,0
7,cn2448,quality_rank_io,io,0,0,0,0,0,0,0,0,0,0,0,0,0,0,0,0,0,0,0,0
8,cn2448,geometry_load,io,1.758133132,1,1400043170,24840318,1.77425371819,3315572363,3789221902,0.875000844171,6808,0,1035180,0,0,0,0,4,0,0,0,0
8,cn2448,coarse_local_size,setup,0.493392293,1,266188271,6160227,2.31423682826,632221556,889557709,0.710714492836,7667,0,0,0,0,0,130,60,0,0,0,0
8,cn2448,coarse_edge_mesh,setup,0.0132388680004,1,6308397,179061,2.83845484043,12803407,26037870,0.491722518009,518,0,0,0,0,0,0,0,0,0,0,0
8,cn2448,coarse_surface_mesh,setup,8.705266759,1,5674690667,163476275,2.88079623354,15311983758,18920846163,0.80926527419,19264,0,0,0,0,0,0,23,0,0,0,0
8,cn2448,coarse_volume_mesh,setup,14.869022049,1,5317340856,124291506,2.33747486509,13424137972,22216057742,0.604253829725,35301,0,0,0,0,0,88350,2643364,0,0,0,0
8,cn2448,coarse_mesh_save,io,0,0,0,0,0,0,0,0,0,0,0,0,0,0,0,0,0,0,0,0
8,cn2448,submesh_initialization,setup,0.000145440999859,1,4332502339,101033270,2.33198419977,10819477927,17617633811,0.614127756489,11,0,0,0,0,0,0,0,0,0,0,0
8,cn2448,metis_partition,compute,0.149013082,1,4416397650,106659807,2.41508612794,11014502391,17939099385,0.613994167411,1431,0,0,0,0,0,0,0,0,0,0,0
8,cn2448,face_map_setup,compute,0.00914609499978,1,4335593749,101111952,2.33213621602,10827370829,17635043810,0.613969034931,1117,0,0,0,0,0,0,0,0,0,0,0
8,cn2448,face_local_extract,compute,0.164283315,1,4393910137,103184287,2.34834768538,10983404267,17974515544,0.611054258465,812,0,0,0,0,0,0,0,0,0,0,0
8,cn2448,face_pre_collective_wait,synchronization,0.0237753599999,1,4362033982,101274793,2.32173324229,10877770340,17669563407,0.615621908105,1,0,0,0,0,0,0,0,0,0,0,0
8,cn2448,face_collective_setup,compute,0.000172861999999,1,4332422077,101029622,2.33194319954,10819331933,17617557069,0.61412214478,15,0,0,0,0,0,0,0,0,0,0,0
8,cn2448,face_allgatherv,communication,0.0694377769996,1,4466337809,101690922,2.27683006411,11080242739,17764511341,0.623729103847,1047,0,0,0,0,0,0,0,1,1,151800,4859624
8,cn2448,face_global_merge,compute,0.0837295179999,1,4350673887,101920921,2.3426467634,10863835559,17796956502,0.610432213945,571,0,0,0,0,0,0,1,0,0,0,0
8,cn2448,part_face_create,compute,0.0201760149998,1,4337046208,101223446,2.33392592897,10830081776,17661272944,0.613210713086,4,0,0,0,0,0,0,0,0,0,0,0
8,cn2448,surface_refine,compute,0.0253035399996,1,4341993175,101385385,2.33499641556,10839253180,17672532949,0.613338971345,9,0,0,0,0,0,0,0,0,0,0,0
8,cn2448,refined_surface_save,io,0,0,0,0,0,0,0,0,0,0,0,0,0,0,0,0,0,0,0,0
8,cn2448,local_volume_mesh,compute,20.399953445,1,11593429038,285256643,2.4605027733,30434377208,51339926926,0.592801334756,17847,0,0,0,0,0,81383,2962209,0,0,0,0
8,cn2448,volume_refine,compute,1.686935492,1,7742799158,177100786,2.28729665314,19790635508,32940123939,0.600806346225,11397,0,0,0,0,0,0,6,0,0,0,0
8,cn2448,refined_volume_save,io,0,0,0,0,0,0,0,0,0,0,0,0,0,0,0,0,0,0,0,0
8,cn2448,adjacency_build,compute,0.003899069,1,7216292339,155755187,2.15838244466,18767195051,29590222937,0.634236352019,4,0,0,0,0,0,0,0,0,0,0,0
8,cn2448,vertex_numbering_local,compute,0.0251142970001,1,7225760148,156010689,2.1590903352,18789684139,29636335781,0.634008342929,74,0,0,0,0,0,0,0,0,0,0,0
8,cn2448,vertex_count_pre_collective_wait,synchronization,7.511507537,1,16503006939,232738315,1.41027823511,37068157755,46085226586,0.804339275317,62,0,0,0,0,0,0,19,0,0,0,0
8,cn2448,vertex_count_allgather,communication,0.000532005999958,1,7215989552,155725336,2.15805933307,18766476459,29582703441,0.63437327479,31,0,0,0,0,0,0,0,1,1,4,128
8,cn2448,element_count_pre_collective_wait,synchronization,0.000325883999722,1,7215832110,155723607,2.15808245849,18766167169,29582430749,0.634368667275,1,0,0,0,0,0,0,0,0,0,0,0
8,cn2448,element_count_allgather,communication,0.000133402000301,1,7215644446,155722028,2.15811670275,18765799014,29582031551,0.63436478261,0,0,0,0,0,0,0,0,1,1,4,128
8,cn2448,vertex_exchange_prepare,compute,2.48999999712e-05,1,7215506276,155720749,2.15814030289,18765527175,29581777779,0.634361035202,5,0,0,0,0,0,0,0,0,0,0,0
8,cn2448,vertex_exchange,communication,0.00356352500012,1,7221003925,155745983,2.1568466742,18776435659,29588596900,0.634583509399,183,0,0,0,0,0,0,0,4,1,307648,1100
8,cn2448,vertex_exchange_unpack,compute,0.000140640999689,1,7215513435,155720997,2.15814159869,18765541891,29581871926,0.634359513757,88,0,0,0,0,0,0,0,0,0,0,0
8,cn2448,partition_result_io,io,0,0,0,0,0,0,0,0,0,0,0,0,0,0,0,0,0,0,0,0
8,cn2448,volume_exchange_pack,compute,0.4543073,2,14690856114,315559355,2.14799840493,38268063571,60139081011,0.636326045022,3288,0,0,0,0,0,0,1,0,0,0,0
8,cn2448,volume_size_exchange,communication,0.169227518,1,7426903780,157474743,2.12032830456,19182262919,29953717432,0.640396737485,2,0,0,0,0,0,0,0,4,4,16,16
8,cn2448,volume_payload_prepare,compute,0.000371024999822,1,7215507078,155720821,2.15814106087,18765676852,29582184683,0.634357369244,34,0,0,0,0,0,0,0,0,0,0,0
8,cn2448,volume_payload_exchange,communication,0.00387986900023,1,7216074660,155739157,2.15822541115,18766714627,29584365223,0.634345691907,258,0,0,0,0,0,3,0,4,4,3300960,3293520
8,cn2448,volume_exchange_unpack,compute,0.379013228,1,7445299188,161650785,2.17117916847,19398620949,30334946660,0.639480964527,11926,0,0,0,0,0,0,1,0,0,0,0
8,cn2448,final_mesh_save,io,0,0,0,0,0,0,0,0,0,0,0,0,0,0,0,0,0,0,0,0
8,cn2448,testout_io,io,0,0,0,0,0,0,0,0,0,0,0,0,0,0,0,0,0,0,0,0
8,cn2448,final_count_exchange,communication,0,0,0,0,0,0,0,0,0,0,0,0,0,0,0,0,0,0,0,0
8,cn2448,quality_surface_compute,postprocess,0,0,0,0,0,0,0,0,0,0,0,0,0,0,0,0,0,0,0,0
8,cn2448,quality_reduce_pre_collective_wait,synchronization,0,0,0,0,0,0,0,0,0,0,0,0,0,0,0,0,0,0,0,0
8,cn2448,quality_reduce,communication,0,0,0,0,0,0,0,0,0,0,0,0,0,0,0,0,0,0,0,0
8,cn2448,quality_summary_io,io,0,0,0,0,0,0,0,0,0,0,0,0,0,0,0,0,0,0,0,0
8,cn2448,quality_volume_compute,postprocess,0,0,0,0,0,0,0,0,0,0,0,0,0,0,0,0,0,0,0,0
8,cn2448,quality_rank_io,io,0,0,0,0,0,0,0,0,0,0,0,0,0,0,0,0,0,0,0,0
9,cn2448,geometry_load,io,1.734370071,1,1399516291,22219370,1.58764639918,3316890834,3737765938,0.887399288511,6808,0,1035180,0,0,0,0,2,0,0,0,0
9,cn2448,coarse_local_size,setup,0.493448414,1,267484504,6076202,2.27160897515,632288521,895029433,0.706444389075,7824,0,0,0,0,0,113,52,0,0,0,0
9,cn2448,coarse_edge_mesh,setup,0.0131554270001,1,6301085,163311,2.59179173111,12800872,25816417,0.495842316151,494,0,0,0,0,0,0,0,0,0,0,0
9,cn2448,coarse_surface_mesh,setup,8.651939325,1,5673674432,159545893,2.81203821108,15312322999,18826050425,0.813358227208,17432,0,0,0,0,0,0,13,0,0,0,0
9,cn2448,coarse_volume_mesh,setup,15.093595306,1,5314820637,127503948,2.39902635871,13432489162,22304827687,0.602223399817,27848,0,0,0,0,0,85584,2855744,0,0,0,0
9,cn2448,coarse_mesh_save,io,0,0,0,0,0,0,0,0,0,0,0,0,0,0,0,0,0,0,0,0
9,cn2448,submesh_initialization,setup,0.000318044000323,1,4612875486,111481548,2.41674739191,11649222663,18903839162,0.616235811317,1,0,0,0,0,0,1,0,0,0,0,0
9,cn2448,metis_partition,compute,0.147050218,1,4696359674,117111137,2.49365775046,11844246670,19223989641,0.61611803227,359,0,0,0,0,0,0,0,0,0,0,0
9,cn2448,face_map_setup,compute,0.00835116600001,1,4615913910,111554184,2.41673016818,11657123540,18921279868,0.616085361103,221,0,0,0,0,0,0,0,0,0,0,0
9,cn2448,face_local_extract,compute,0.168788332,1,4674274399,113652055,2.43143738041,11813147498,19270882058,0.613005022938,698,0,0,0,0,0,0,0,0,0,0,0
9,cn2448,face_pre_collective_wait,synchronization,0.0219211969998,1,4639900669,111702737,2.40743811061,11702663827,18951756023,0.617497598259,0,0,0,0,0,0,0,0,0,0,0,0
9,cn2448,face_collective_setup,compute,0.000149801999669,1,4612795569,111477988,2.4167120856,11649076707,18903769798,0.616230351484,16,0,0,0,0,0,0,0,0,0,0,0
9,cn2448,face_allgatherv,communication,0.0696458800003,1,4746848272,112106687,2.3617078233,11910208556,19050256559,0.62519937824,1351,0,0,0,0,0,0,0,1,1,151800,4859624
9,cn2448,face_global_merge,compute,0.0841471629997,1,4631004903,112354061,2.42612701462,11693578992,19086715073,0.612655396556,212,0,0,0,0,0,0,1,0,0,0,0
9,cn2448,part_face_create,compute,0.020508779,1,4617485067,111663234,2.41826952074,11660011202,18948309171,0.615358927109,3,0,0,0,0,0,0,0,0,0,0,0
9,cn2448,surface_refine,compute,0.0381841830003,1,4624853201,111933809,2.42026728493,11673579173,18979315731,0.615068495538,962,0,0,0,0,0,0,0,0,0,0,0
9,cn2448,refined_surface_save,io,0,0,0,0,0,0,0,0,0,0,0,0,0,0,0,0,0,0,0,0
9,cn2448,local_volume_mesh,compute,27.311582542,1,14924504166,376198231,2.52067490361,39825046199,65982667872,0.603568292756,16984,0,0,0,0,0,86243,3630999,0,0,0,0
9,cn2448,volume_refine,compute,2.2716954,1,11676441365,272467937,2.33348439377,29694240967,48612733718,0.610832567846,14815,0,0,0,0,0,0,3,0,0,0,0
9,cn2448,refined_volume_save,io,0,0,0,0,0,0,0,0,0,0,0,0,0,0,0,0,0,0,0,0
9,cn2448,adjacency_build,compute,0.00381570800027,1,10950878040,243794741,2.22625747551,28275275450,44032047059,0.64215219002,3,0,0,0,0,0,0,0,0,0,0,0
9,cn2448,vertex_numbering_local,compute,0.0264284529999,1,10960920461,244024827,2.22631692172,28299565797,44081714281,0.641979701983,11,0,0,0,0,0,0,0,0,0,0,0
9,cn2448,vertex_count_pre_collective_wait,synchronization,0.000101341000118,1,10950077346,243760233,2.22610512508,28273587243,44023834562,0.642233633764,28,0,0,0,0,0,0,0,0,0,0,0
9,cn2448,vertex_count_allgather,communication,0.000629088000096,1,10950719635,243765833,2.22602569626,28274849000,44025007856,0.642245177843,9,0,0,0,0,0,0,0,1,1,4,128
9,cn2448,element_count_pre_collective_wait,synchronization,0.000173382999947,1,10950248923,243761576,2.2260825093,28273925830,44024118540,0.642237181974,0,0,0,0,0,0,0,0,0,0,0,0
9,cn2448,element_count_allgather,communication,0.000129861999994,1,10950206606,243761161,2.2260873221,28273842195,44024019188,0.642236731596,0,0,0,0,0,0,0,0,1,1,4,128
9,cn2448,vertex_exchange_prepare,compute,2.28600001719e-05,1,10950073370,243760002,2.22610382381,28273592253,44023793467,0.642234347074,0,0,0,0,0,0,0,0,0,0,0,0
9,cn2448,vertex_exchange,communication,0.00244567100026,1,10954320544,243797098,2.22557936862,28281899054,44028584906,0.642353123871,63,0,0,0,0,0,0,0,4,2,148874,151316
9,cn2448,vertex_exchange_unpack,compute,0.00230386899966,1,10950937839,243775386,2.2260685759,28275677860,44028805550,0.642208606543,0,0,0,0,0,0,0,0,0,0,0,0
9,cn2448,partition_result_io,io,0,0,0,0,0,0,0,0,0,0,0,0,0,0,0,0,0,0,0,0
9,cn2448,volume_exchange_pack,compute,0.620141856,2,22297104406,492962489,2.21088119795,57684051000,89399003791,0.645242659917,991,0,0,0,0,0,0,1,0,0,0,0
9,cn2448,volume_size_exchange,communication,5.0120999731e-05,1,10950076084,243760186,2.22610495242,28273587089,44023800656,0.642234124898,1,0,0,0,0,0,0,0,4,4,16,16
9,cn2448,volume_payload_prepare,compute,0.000348604999999,1,10950073597,243760094,2.22610461784,28273689291,44024185097,0.642230838088,34,0,0,0,0,0,0,0,0,0,0,0
9,cn2448,volume_payload_exchange,communication,0.00399713000024,1,10950243863,243775120,2.2262072247,28273998752,44025797353,0.642214348222,391,0,0,0,0,0,3,0,4,4,3199080,3200040
9,cn2448,volume_exchange_unpack,compute,0.496580334,1,11264290346,251650251,2.23405330713,29164294388,44993257413,0.648192552948,20251,0,0,0,0,0,0,0,0,0,0,0
9,cn2448,final_mesh_save,io,0,0,0,0,0,0,0,0,0,0,0,0,0,0,0,0,0,0,0,0
9,cn2448,testout_io,io,0,0,0,0,0,0,0,0,0,0,0,0,0,0,0,0,0,0,0,0
9,cn2448,final_count_exchange,communication,0,0,0,0,0,0,0,0,0,0,0,0,0,0,0,0,0,0,0,0
9,cn2448,quality_surface_compute,postprocess,0,0,0,0,0,0,0,0,0,0,0,0,0,0,0,0,0,0,0,0
9,cn2448,quality_reduce_pre_collective_wait,synchronization,0,0,0,0,0,0,0,0,0,0,0,0,0,0,0,0,0,0,0,0
9,cn2448,quality_reduce,communication,0,0,0,0,0,0,0,0,0,0,0,0,0,0,0,0,0,0,0,0
9,cn2448,quality_summary_io,io,0,0,0,0,0,0,0,0,0,0,0,0,0,0,0,0,0,0,0,0
9,cn2448,quality_volume_compute,postprocess,0,0,0,0,0,0,0,0,0,0,0,0,0,0,0,0,0,0,0,0
9,cn2448,quality_rank_io,io,0,0,0,0,0,0,0,0,0,0,0,0,0,0,0,0,0,0,0,0
10,cn2448,geometry_load,io,1.787921548,1,1400238303,24244821,1.73147820254,3316556165,3851982510,0.860999798517,6807,0,1035180,0,0,0,0,2,0,0,0,0
10,cn2448,coarse_local_size,setup,0.481379142,1,267542106,6266944,2.34241409462,632193023,903951931,0.699365753111,6883,0,0,0,0,0,98,57,0,0,0,0
10,cn2448,coarse_edge_mesh,setup,0.0143723020001,1,6342887,175855,2.77247568812,12804572,28253277,0.453206613873,526,0,0,0,0,0,0,0,0,0,0,0
10,cn2448,coarse_surface_mesh,setup,8.891910677,1,5673032358,165163979,2.91138792408,15313312423,19349251395,0.791416272929,16650,0,0,0,0,0,0,7,0,0,0,0
10,cn2448,coarse_volume_mesh,setup,15.497517789,1,5327880104,128987585,2.42099263651,13442490333,23222119113,0.578865790309,28426,0,0,0,0,0,91328,2848160,0,0,0,0
10,cn2448,coarse_mesh_save,io,0,0,0,0,0,0,0,0,0,0,0,0,0,0,0,0,0,0,0,0
10,cn2448,submesh_initialization,setup,0.000178882,1,4241387260,110654857,2.6089307629,10422458771,18629753660,0.559452312747,35,0,0,0,0,0,0,0,0,0,0,0
10,cn2448,metis_partition,compute,0.155710867,1,4325037491,116260088,2.68807121885,10617426378,18965179514,0.559837905576,1516,0,0,0,0,0,0,0,0,0,0,0
10,cn2448,face_map_setup,compute,0.00842238600035,1,4244416233,110733676,2.60892593754,10430344793,18646519058,0.55937222173,598,0,0,0,0,0,0,0,0,0,0,0
10,cn2448,face_local_extract,compute,0.182218602,1,4303047374,112817391,2.62180220654,10586380875,19025455946,0.556432440045,902,0,0,0,0,0,0,0,0,0,0,0
10,cn2448,face_pre_collective_wait,synchronization,3.52810002369e-05,1,4241306220,110650576,2.6088796767,10422310281,18629550057,0.559450456351,1,0,0,0,0,0,0,0,0,0,0,0
10,cn2448,face_collective_setup,compute,0.000104000999727,1,4241307423,110651302,2.60889605408,10422312882,18629604452,0.559448962475,16,0,0,0,0,0,0,0,0,0,0,0
10,cn2448,face_allgatherv,communication,0.0698408419998,1,4374819498,111286044,2.54378595622,10682251495,18777054638,0.568899207088,1042,0,0,0,0,0,1,1,1,1,151800,4859624
10,cn2448,face_global_merge,compute,0.0869546579997,1,4259541388,111530463,2.61836786735,10466815600,18818446102,0.556199780963,549,0,0,0,0,0,0,0,0,0,0,0
10,cn2448,part_face_create,compute,0.021295729,1,4245897822,110838585,2.61048639526,10433064146,18675917175,0.558637310727,5,0,0,0,0,0,0,0,0,0,0,0
10,cn2448,surface_refine,compute,0.0280249739999,1,4250829182,110991902,2.61106474167,10442168847,18690528265,0.55868773204,4,0,0,0,0,0,0,0,0,0,0,0
10,cn2448,refined_surface_save,io,0,0,0,0,0,0,0,0,0,0,0,0,0,0,0,0,0,0,0,0
10,cn2448,local_volume_mesh,compute,22.442138184,1,12026113571,309370391,2.57248851987,31677901864,57041654216,0.555346830301,26138,0,0,0,0,0,75929,3033909,0,0,0,0
10,cn2448,volume_refine,compute,1.928898329,1,12140934473,325209489,2.67861991779,31581311489,59151483829,0.53390565113,11333,0,0,0,0,0,0,8,0,0,0,0
10,cn2448,refined_volume_save,io,0,0,0,0,0,0,0,0,0,0,0,0,0,0,0,0,0,0,0,0
10,cn2448,adjacency_build,compute,0.00399074999996,1,11555046613,301880328,2.6125409798,30447563377,55288809569,0.550700288437,7,0,0,0,0,0,0,0,0,0,0,0
10,cn2448,vertex_numbering_local,compute,0.0238732820003,1,11563403054,302110712,2.61264534834,30467651897,55332493062,0.550628576646,6,0,0,0,0,0,0,0,0,0,0,0
10,cn2448,vertex_count_pre_collective_wait,synchronization,5.220898979,1,17774072149,353551852,1.98914378785,42732758051,66751301417,0.640178650361,66,0,0,0,0,0,0,61,0,0,0,0
10,cn2448,vertex_count_allgather,communication,0.00054556699979,1,11554633100,301850019,2.61237216611,30446643442,55280995570,0.550761489153,31,0,0,0,0,0,0,0,1,1,4,128
10,cn2448,element_count_pre_collective_wait,synchronization,0.00022458300009,1,11554475124,301848287,2.61239289332,30446334830,55280667991,0.550759170185,1,0,0,0,0,0,0,0,0,0,0,0
10,cn2448,element_count_allgather,communication,8.70610001584e-05,1,11554342252,301847158,2.61241316396,30446072916,55280371517,0.55075738604,0,0,0,0,0,0,0,0,1,1,4,128
10,cn2448,vertex_exchange_prepare,compute,0.000103741000203,1,11554259858,301846420,2.61242540595,30445926294,55280346584,0.550754982112,7,0,0,0,0,0,0,0,0,0,0,0
10,cn2448,vertex_exchange,communication,0.00709417000007,1,11563036851,301938158,2.61123580155,30463264529,55294658873,0.550925987245,57,0,0,0,0,0,0,0,2,4,48532,215842
10,cn2448,vertex_exchange_unpack,compute,0.0052778270001,1,11555495280,301869848,2.61234884949,30448874183,55288403259,0.550728044005,1782,0,0,0,0,0,0,0,0,0,0,0
10,cn2448,partition_result_io,io,0,0,0,0,0,0,0,0,0,0,0,0,0,0,0,0,0,0,0,0
10,cn2448,volume_exchange_pack,compute,0.51842145,2,23414444845,609335737,2.60239241645,61765503560,111688354926,0.553016503833,1724,0,0,0,0,0,0,1,0,0,0,0
10,cn2448,volume_size_exchange,communication,0.100451209,1,11673714397,302838077,2.59418781976,30681483741,55500950131,0.552810063045,2,0,0,0,0,0,0,0,5,5,20,20
10,cn2448,volume_payload_prepare,compute,0.000483025999984,1,11554260421,301846475,2.61242575467,30445974172,55280586660,0.550753456349,102,0,0,0,0,0,0,0,0,0,0,0
10,cn2448,volume_payload_exchange,communication,0.00393015000009,1,11554380524,301863073,2.61254225073,30446263611,55282617326,0.550738461449,490,0,0,0,0,0,3,0,5,5,2783880,2791080
10,cn2448,volume_exchange_unpack,compute,0.387195611,1,11801346083,308061019,2.61038882203,31142425168,56029349905,0.555823425059,16218,0,0,0,0,0,0,0,0,0,0,0
10,cn2448,final_mesh_save,io,0,0,0,0,0,0,0,0,0,0,0,0,0,0,0,0,0,0,0,0
10,cn2448,testout_io,io,0,0,0,0,0,0,0,0,0,0,0,0,0,0,0,0,0,0,0,0
10,cn2448,final_count_exchange,communication,0,0,0,0,0,0,0,0,0,0,0,0,0,0,0,0,0,0,0,0
10,cn2448,quality_surface_compute,postprocess,0,0,0,0,0,0,0,0,0,0,0,0,0,0,0,0,0,0,0,0
10,cn2448,quality_reduce_pre_collective_wait,synchronization,0,0,0,0,0,0,0,0,0,0,0,0,0,0,0,0,0,0,0,0
10,cn2448,quality_reduce,communication,0,0,0,0,0,0,0,0,0,0,0,0,0,0,0,0,0,0,0,0
10,cn2448,quality_summary_io,io,0,0,0,0,0,0,0,0,0,0,0,0,0,0,0,0,0,0,0,0
10,cn2448,quality_volume_compute,postprocess,0,0,0,0,0,0,0,0,0,0,0,0,0,0,0,0,0,0,0,0
10,cn2448,quality_rank_io,io,0,0,0,0,0,0,0,0,0,0,0,0,0,0,0,0,0,0,0,0
11,cn2448,geometry_load,io,1.795917209,1,1409363126,23277860,1.65165808375,3317381517,3869178582,0.857386508969,6810,0,1035180,0,0,0,1,2,0,0,0,0
11,cn2448,coarse_local_size,setup,0.502774632,1,268367438,6129241,2.28389891325,632600674,914143766,0.692014426536,7766,0,0,0,0,0,125,80,0,0,0,0
11,cn2448,coarse_edge_mesh,setup,0.0140140970002,1,6268843,167852,2.67755947948,12800231,27725070,0.461684352826,490,0,0,0,0,0,0,0,0,0,0,0
11,cn2448,coarse_surface_mesh,setup,8.880329551,1,5672886543,164897835,2.90677124864,15311390711,19317279744,0.792626648985,16842,0,0,0,0,0,0,22,0,0,0,0
11,cn2448,coarse_volume_mesh,setup,15.395230697,1,5329431517,125512442,2.35508124271,13460948351,22943351776,0.586703655265,26233,0,0,0,0,0,89333,2864052,0,0,0,0
11,cn2448,coarse_mesh_save,io,0,0,0,0,0,0,0,0,0,0,0,0,0,0,0,0,0,0,0,0
11,cn2448,submesh_initialization,setup,0.000148321999859,1,4816570323,107318553,2.2281114113,12218089582,19980817042,0.611490989398,4,0,0,0,0,0,0,0,0,0,0,0
11,cn2448,metis_partition,compute,0.15198482,1,4900126707,112936126,2.30475930018,12413130580,20311725652,0.611131264407,335,0,0,0,0,0,0,0,0,0,0,0
11,cn2448,face_map_setup,compute,0.00805090199992,1,4819599614,107385621,2.22810253134,12225983988,19997623693,0.611371839759,217,0,0,0,0,0,0,0,0,0,0,0
11,cn2448,face_local_extract,compute,0.17569474,1,4878114604,109506288,2.24484861242,12382015344,20363002716,0.608064317266,704,0,0,0,0,0,0,0,0,0,0,0
11,cn2448,face_pre_collective_wait,synchronization,0.0106563750001,1,4829317043,107314162,2.22213950843,12243248959,20003953073,0.612041475718,0,0,0,0,0,0,0,0,0,0,0,0
11,cn2448,face_collective_setup,compute,0.00012370200011,1,4816487716,107314887,2.22807351181,12217943643,19980707690,0.611487032019,16,0,0,0,0,0,0,0,0,0,0,0
11,cn2448,face_allgatherv,communication,0.0700706449998,1,4949322656,107851636,2.17911911379,12476692865,20128337949,0.619857083909,1353,0,0,0,0,0,0,1,1,1,151800,4859624
11,cn2448,face_global_merge,compute,0.0871178409998,1,4834758135,108168545,2.23731036754,12262447387,20170277140,0.607946400631,206,0,0,0,0,0,0,0,0,0,0,0
11,cn2448,part_face_create,compute,0.0212977289998,1,4821015209,107488797,2.2295884236,12228524771,20027020276,0.610601307757,3,0,0,0,0,0,0,0,0,0,0,0
11,cn2448,surface_refine,compute,0.0255931029997,1,4824392010,107606340,2.23046426942,12234206706,20036095648,0.61060832015,35,0,0,0,0,0,0,0,0,0,0,0
11,cn2448,refined_surface_save,io,0,0,0,0,0,0,0,0,0,0,0,0,0,0,0,0,0,0,0,0
11,cn2448,local_volume_mesh,compute,21.384943688,1,12428651452,289601890,2.33011514659,33134241674,55435049984,0.597712849245,9742,0,0,0,0,0,78097,3216947,0,0,0,0
11,cn2448,volume_refine,compute,1.823447957,1,12255252770,295449016,2.41079495907,32153671011,56265881697,0.571459471375,8380,0,0,0,0,0,0,1,0,0,0,0
11,cn2448,refined_volume_save,io,0,0,0,0,0,0,0,0,0,0,0,0,0,0,0,0,0,0,0,0
11,cn2448,adjacency_build,compute,0.00399717100026,1,11730288730,275699610,2.35032245451,31163130560,52626378768,0.592157987867,7,0,0,0,0,0,0,0,0,0,0,0
11,cn2448,vertex_numbering_local,compute,0.0196567490002,1,11735150842,275823255,2.35040229745,31174978610,52660717585,0.591996843941,9,0,0,0,0,0,0,0,0,0,0,0
11,cn2448,vertex_count_pre_collective_wait,synchronization,6.390204211,1,19455897225,275677171,1.41693373383,46386528414,66663690302,0.695828991822,26,0,0,0,0,0,0,82,0,0,0,0
11,cn2448,vertex_count_allgather,communication,0.000577926999995,1,11729956127,275668538,2.3501242035,31162426004,52618433510,0.592234012403,11,0,0,0,0,0,1,0,1,1,4,128
11,cn2448,element_count_pre_collective_wait,synchronization,0.000432245999946,1,11730048987,275668104,2.35010189902,31162610813,52618625041,0.592235368916,0,0,0,0,0,0,0,0,0,0,0,0
11,cn2448,element_count_allgather,communication,0.000139321999995,1,11729723068,275668063,2.3501668488,31161967456,52617927029,0.59223099836,1,0,0,0,0,0,0,0,1,1,4,128
11,cn2448,vertex_exchange_prepare,compute,2.78400002571e-05,1,11729602988,275667975,2.35019015803,31161741147,52617726274,0.592228956925,0,0,0,0,0,0,0,0,0,0,0,0
11,cn2448,vertex_exchange,communication,0.00332208200007,1,11734080339,275695195,2.34952537425,31170549653,52624642326,0.592318508502,21,0,0,0,0,0,0,0,0,2,0,137126
11,cn2448,vertex_exchange_unpack,compute,0.00218562699956,1,11730370921,275684999,2.35018142953,31163584510,52622466278,0.592210641466,0,0,0,0,0,0,0,0,0,0,0,0
11,cn2448,partition_result_io,io,0,0,0,0,0,0,0,0,0,0,0,0,0,0,0,0,0,0,0,0
11,cn2448,volume_exchange_pack,compute,0.402983251,2,23714432221,555870791,2.34401897469,63056105591,106113722604,0.59423139669,539,0,0,0,0,0,0,0,0,0,0,0
11,cn2448,volume_size_exchange,communication,0.217891873,1,11993096943,275668702,2.29856144172,31681921031,53096535973,0.596685272409,3,0,0,0,0,0,0,1,2,2,8,8
11,cn2448,volume_payload_prepare,compute,0.000323104000017,1,11729603333,275667976,2.35019009743,31161771616,52617983890,0.592226636451,34,0,0,0,0,0,0,0,0,0,0,0
11,cn2448,volume_payload_exchange,communication,0.00375324700008,1,11731580764,275679701,2.34989390216,31165669003,52622507159,0.592249793588,214,0,0,0,0,0,1,0,2,2,1458600,1457520
11,cn2448,volume_exchange_unpack,compute,0.315959071,1,11941466792,280166239,2.34616269408,31760537111,53226465819,0.59670572942,14006,0,0,0,0,0,0,0,0,0,0,0
11,cn2448,final_mesh_save,io,0,0,0,0,0,0,0,0,0,0,0,0,0,0,0,0,0,0,0,0
11,cn2448,testout_io,io,0,0,0,0,0,0,0,0,0,0,0,0,0,0,0,0,0,0,0,0
11,cn2448,final_count_exchange,communication,0,0,0,0,0,0,0,0,0,0,0,0,0,0,0,0,0,0,0,0
11,cn2448,quality_surface_compute,postprocess,0,0,0,0,0,0,0,0,0,0,0,0,0,0,0,0,0,0,0,0
11,cn2448,quality_reduce_pre_collective_wait,synchronization,0,0,0,0,0,0,0,0,0,0,0,0,0,0,0,0,0,0,0,0
11,cn2448,quality_reduce,communication,0,0,0,0,0,0,0,0,0,0,0,0,0,0,0,0,0,0,0,0
11,cn2448,quality_summary_io,io,0,0,0,0,0,0,0,0,0,0,0,0,0,0,0,0,0,0,0,0
11,cn2448,quality_volume_compute,postprocess,0,0,0,0,0,0,0,0,0,0,0,0,0,0,0,0,0,0,0,0
11,cn2448,quality_rank_io,io,0,0,0,0,0,0,0,0,0,0,0,0,0,0,0,0,0,0,0,0
12,cn2448,geometry_load,io,1.881530571,1,1414156359,27614214,1.95269878216,3314753708,3866694915,0.857257627216,6709,0,1035180,0,0,0,0,7,0,0,0,0
12,cn2448,coarse_local_size,setup,0.492265499,1,269146640,6288104,2.33631153634,633132031,930597733,0.680349853163,7850,0,0,0,0,0,93,46,0,0,0,0
12,cn2448,coarse_edge_mesh,setup,0.012957724,1,6258994,170162,2.71867971115,12807116,25239810,0.507417290384,516,0,0,0,0,0,0,0,0,0,0,0
12,cn2448,coarse_surface_mesh,setup,8.697128675,1,5676563243,165765039,2.92016545758,15312318989,18932354961,0.808791036326,15380,0,0,0,0,0,0,14,0,0,0,0
12,cn2448,coarse_volume_mesh,setup,15.12085829,1,5318758990,129523704,2.43522416119,13424821603,22393796012,0.599488429555,31570,0,0,0,0,0,87332,2746719,0,0,0,0
12,cn2448,coarse_mesh_save,io,0,0,0,0,0,0,0,0,0,0,0,0,0,0,0,0,0,0,0,0
12,cn2448,submesh_initialization,setup,0.000307004000206,1,2367580824,46753331,1.97473009268,6525591552,10208462878,0.63923350949,1,0,0,0,0,0,1,0,0,0,0,0
12,cn2448,metis_partition,compute,0.146755854,1,2451145372,52366254,2.13639935836,6720625376,10527320816,0.638398458018,298,0,0,0,0,0,0,5,0,0,0,0
12,cn2448,face_map_setup,compute,0.00817234400029,1,2370665372,46826758,1.97525802473,6533484813,10225507196,0.638939926183,231,0,0,0,0,0,0,0,0,0,0,0
12,cn2448,face_local_extract,compute,0.17336435,1,2429015104,48905584,2.01339151492,6689516371,10584767357,0.631994652823,749,0,0,0,0,0,0,5,0,0,0,0
12,cn2448,face_pre_collective_wait,synchronization,0.0178577060001,1,2386721907,46909264,1.96542646474,6563499747,10247401373,0.640503822198,0,0,0,0,0,0,0,0,0,0,0,0
12,cn2448,face_collective_setup,compute,0.000115582000035,1,2367500540,46749867,1.97465074285,6525445760,10208324232,0.639227909665,16,0,0,0,0,0,0,0,0,0,0,0
12,cn2448,face_allgatherv,communication,0.070277328,1,2500101408,47377171,1.89500997233,6783919636,10357358330,0.65498551077,882,0,0,0,0,0,0,1,1,1,151800,4859624
12,cn2448,face_global_merge,compute,0.0830277690002,1,2385711748,47619795,1.99604143459,6569948936,10388507079,0.63242474458,486,0,0,0,0,0,0,0,0,0,0,0
12,cn2448,part_face_create,compute,0.0201250940004,1,2372106381,46929670,1.9783965161,6536162322,10252026674,0.637548314089,3,0,0,0,0,0,0,0,0,0,0,0
12,cn2448,surface_refine,compute,0.025859287,1,2376809425,47094316,1.9814090059,6544661217,10264005954,0.637632250637,63,0,0,0,0,0,0,1,0,0,0,0
12,cn2448,refined_surface_save,io,0,0,0,0,0,0,0,0,0,0,0,0,0,0,0,0,0,0,0,0
12,cn2448,local_volume_mesh,compute,23.079086091,1,10856867586,261126051,2.40516934495,29731238520,49347251143,0.602490267064,16324,0,0,0,0,0,79361,3127129,0,0,0,0
12,cn2448,volume_refine,compute,1.920772006,1,6775736688,133038883,1.96346005056,18064340003,28605056323,0.631508632566,8840,0,0,0,0,0,0,2,0,0,0,0
12,cn2448,refined_volume_save,io,0,0,0,0,0,0,0,0,0,0,0,0,0,0,0,0,0,0,0,0
12,cn2448,adjacency_build,compute,0.00386740900012,1,6167987504,110733873,1.79529989203,16882885742,24738254656,0.682460665749,3,0,0,0,0,0,0,0,0,0,0,0
12,cn2448,vertex_numbering_local,compute,0.0237554600003,1,6176592043,110930605,1.79598400263,16903464828,24781858420,0.682090283203,3,0,0,0,0,0,0,0,0,0,0,0
12,cn2448,vertex_count_pre_collective_wait,synchronization,4.5988412,1,11175387754,151981106,1.35996270864,26794055865,34839681196,0.769067194222,26,0,0,0,0,0,0,3,0,0,0,0
12,cn2448,vertex_count_allgather,communication,0.000599107000198,1,6167735435,110704677,1.79489989749,16882293043,24730958907,0.682638028978,12,0,0,0,0,0,0,0,1,1,4,128
12,cn2448,element_count_pre_collective_wait,synchronization,0.00015224200024,1,6167353310,110701606,1.7949613138,16881544741,24730120043,0.682630925836,0,0,0,0,0,0,0,0,0,0,0,0
12,cn2448,element_count_allgather,communication,0.000124901999698,1,6167340033,110701335,1.79496078387,16881517182,24730056922,0.682631553791,0,0,0,0,0,0,0,0,1,1,4,128
12,cn2448,vertex_exchange_prepare,compute,2.08010001188e-05,1,6167226059,110700403,1.79497884366,16881294036,24729837326,0.682628592071,0,0,0,0,0,0,0,0,0,0,0,0
12,cn2448,vertex_exchange,communication,0.00744707400008,1,6175643109,110758091,1.79346651102,16898022139,24744676816,0.682895245093,54,0,0,0,0,0,0,0,4,2,266574,1122
12,cn2448,vertex_exchange_unpack,compute,4.95600002068e-05,1,6167232636,110700608,1.79498025344,16881308988,24729892564,0.682627671928,0,0,0,0,0,0,0,0,0,0,0,0
12,cn2448,partition_result_io,io,0,0,0,0,0,0,0,0,0,0,0,0,0,0,0,0,0,0,0,0
12,cn2448,volume_exchange_pack,compute,0.569581456,2,12653778716,226119047,1.78696855757,34673451514,50699519235,0.683900992301,1057,0,0,0,0,0,0,1,0,0,0,0
12,cn2448,volume_size_exchange,communication,0.025737205,1,6195130305,111010548,1.79190013018,16936536329,24786296674,0.683302413094,1,0,0,0,0,0,0,0,4,4,16,16
12,cn2448,volume_payload_prepare,compute,0.000277644000107,1,6167226557,110700510,1.7949804337,16881382291,24730046345,0.682626391212,34,0,0,0,0,0,0,0,0,0,0,0
12,cn2448,volume_payload_exchange,communication,0.00379318800015,1,6168304242,110720492,1.79499077309,16883490174,24733251736,0.682623148554,351,0,0,0,0,0,1,0,4,4,2818440,2811240
12,cn2448,volume_exchange_unpack,compute,0.427657943,1,6435479291,122369261,1.90147859183,17639730840,25563424455,0.690037865273,17206,0,0,0,0,0,0,0,0,0,0,0
12,cn2448,final_mesh_save,io,0,0,0,0,0,0,0,0,0,0,0,0,0,0,0,0,0,0,0,0
12,cn2448,testout_io,io,0,0,0,0,0,0,0,0,0,0,0,0,0,0,0,0,0,0,0,0
12,cn2448,final_count_exchange,communication,0,0,0,0,0,0,0,0,0,0,0,0,0,0,0,0,0,0,0,0
12,cn2448,quality_surface_compute,postprocess,0,0,0,0,0,0,0,0,0,0,0,0,0,0,0,0,0,0,0,0
12,cn2448,quality_reduce_pre_collective_wait,synchronization,0,0,0,0,0,0,0,0,0,0,0,0,0,0,0,0,0,0,0,0
12,cn2448,quality_reduce,communication,0,0,0,0,0,0,0,0,0,0,0,0,0,0,0,0,0,0,0,0
12,cn2448,quality_summary_io,io,0,0,0,0,0,0,0,0,0,0,0,0,0,0,0,0,0,0,0,0
12,cn2448,quality_volume_compute,postprocess,0,0,0,0,0,0,0,0,0,0,0,0,0,0,0,0,0,0,0,0
12,cn2448,quality_rank_io,io,0,0,0,0,0,0,0,0,0,0,0,0,0,0,0,0,0,0,0,0
13,cn2448,geometry_load,io,1.774316676,1,1411723172,27692529,1.96161184779,3317796094,3824692006,0.867467521253,6708,0,1035180,0,0,0,0,1,0,0,0,0
13,cn2448,coarse_local_size,setup,0.474443974,1,266972300,6404635,2.39898858421,631950005,892043432,0.708429637314,6676,0,0,0,0,0,128,117,0,0,0,0
13,cn2448,coarse_edge_mesh,setup,0.0127596009997,1,6279893,172353,2.74452128404,12803177,25070684,0.510683194762,504,0,0,0,0,0,0,0,0,0,0,0
13,cn2448,coarse_surface_mesh,setup,8.655912135,1,5673310770,166266220,2.93067358268,15314138442,18859721973,0.812002343615,12308,0,0,0,0,0,0,18,0,0,0,0
13,cn2448,coarse_volume_mesh,setup,15.065603232,1,5310850038,129301825,2.43467286922,13409296807,22466543166,0.596856254561,26537,0,0,0,0,0,87719,2737731,0,0,0,0
13,cn2448,coarse_mesh_save,io,0,0,0,0,0,0,0,0,0,0,0,0,0,0,0,0,0,0,0,0
13,cn2448,submesh_initialization,setup,0.000250763000167,1,4655854052,119361637,2.56368940407,11581876756,19830356830,0.584047824015,2,0,0,0,0,0,0,0,0,0,0,0
13,cn2448,metis_partition,compute,0.146969556,1,4739226834,124953349,2.63657666908,11776972986,20150009783,0.584464876833,349,0,0,0,0,0,0,0,0,0,0,0
13,cn2448,face_map_setup,compute,0.0078797000001,1,4658908890,119426170,2.56339355029,11589774497,19846782062,0.583962400594,220,0,0,0,0,0,0,0,0,0,0,0
13,cn2448,face_local_extract,compute,0.170991961,1,4717252473,121579422,2.57733548704,11745801980,20201327980,0.581437120947,703,0,0,0,0,0,0,1,0,0,0,0
13,cn2448,face_pre_collective_wait,synchronization,0.0202870569997,1,4678119533,119661518,2.55789782959,11625103706,19874657557,0.584920956382,0,0,0,0,0,0,0,0,0,0,0,0
13,cn2448,face_collective_setup,compute,0.000172201999703,1,4655773793,119357948,2.56365436352,11581730756,19830295400,0.584042270797,16,0,0,0,0,0,0,0,0,0,0,0
13,cn2448,face_allgatherv,communication,0.0704927299998,1,4785234137,120674331,2.52180619684,11833399641,19979304554,0.592282859947,944,0,0,0,0,0,2,1,1,1,151800,4859624
13,cn2448,face_global_merge,compute,0.0830573090002,1,4674008527,120235074,2.57241879867,11626233517,20010193653,0.581015542309,425,0,0,0,0,0,0,4,0,0,0,0
13,cn2448,part_face_create,compute,0.0204652789998,1,4660506798,119541759,2.56499484243,11592722468,19874617484,0.583292859716,3,0,0,0,0,0,0,1,0,0,0,0
13,cn2448,surface_refine,compute,0.0407789360002,1,4668306098,119826754,2.566814418,11607179085,19909848054,0.582986824084,998,0,0,0,0,0,0,0,0,0,0,0
13,cn2448,refined_surface_save,io,0,0,0,0,0,0,0,0,0,0,0,0,0,0,0,0,0,0,0,0
13,cn2448,local_volume_mesh,compute,27.206333373,1,14974477044,388822525,2.59656830658,39542813964,66656272445,0.593234702655,13756,0,0,0,0,0,91569,3471237,0,0,0,0
13,cn2448,volume_refine,compute,2.197246199,1,10268158337,254409291,2.47765259018,25602668522,42836268908,0.597686707425,14812,0,0,0,0,0,0,6,0,0,0,0
13,cn2448,refined_volume_save,io,0,0,0,0,0,0,0,0,0,0,0,0,0,0,0,0,0,0,0,0
13,cn2448,adjacency_build,compute,0.00370830700012,1,9556768968,225533811,2.35993788021,24212622656,38425899748,0.630112055015,6,0,0,0,0,0,0,0,0,0,0,0
13,cn2448,vertex_numbering_local,compute,0.0297214360003,1,9567424411,225753228,2.3596029433,24238093688,38482959136,0.629839654543,4,0,0,0,0,0,0,0,0,0,0,0
13,cn2448,vertex_count_pre_collective_wait,synchronization,0.174375923,1,9743273564,229553319,2.35601841098,24572224641,38801098023,0.633286837049,25,0,0,0,0,0,0,0,0,0,0,0
13,cn2448,vertex_count_allgather,communication,0.000625048000074,1,9556341507,225504393,2.3597356042,24211644480,38418691240,0.630204822146,11,0,0,0,0,0,0,0,1,1,4,128
13,cn2448,element_count_pre_collective_wait,synchronization,8.79819999682e-05,1,9555981985,225498963,2.35976756082,24210934718,38417935249,0.630198748607,1,0,0,0,0,0,0,0,0,0,0,0
13,cn2448,element_count_allgather,communication,0.000129342000037,1,9556058968,225499980,2.35975919315,24211081859,38418049069,0.630200711533,1,0,0,0,0,0,0,0,1,1,4,128
13,cn2448,vertex_exchange_prepare,compute,2.51400001616e-05,1,9555952456,225498425,2.35976922278,24210889220,38417843665,0.63019906664,0,0,0,0,0,0,0,0,0,0,0,0
13,cn2448,vertex_exchange,communication,0.00253753200013,1,9560466549,225514822,2.3588265368,24219859357,38422834636,0.630350664818,53,0,0,0,0,0,0,0,5,3,172568,146696
13,cn2448,vertex_exchange_unpack,compute,0.00224350899998,1,9556796275,225514497,2.35972904005,24212930483,38422717997,0.63017224562,0,0,0,0,0,0,0,0,0,0,0,0
13,cn2448,partition_result_io,io,0,0,0,0,0,0,0,0,0,0,0,0,0,0,0,0,0,0,0,0
13,cn2448,volume_exchange_pack,compute,0.591965119,2,19481880442,457899854,2.35038837941,49479498067,78125525479,0.633333315375,982,0,0,0,0,0,0,2,0,0,0,0
13,cn2448,volume_size_exchange,communication,5.47199997527e-05,1,9555955772,225498606,2.35977029802,24210885565,38417860155,0.630198701003,1,0,0,0,0,0,0,0,5,5,20,20
13,cn2448,volume_payload_prepare,compute,0.000420764999944,1,9555953128,225498523,2.35977008237,24211025007,38418272005,0.630195574748,68,0,0,0,0,0,0,0,0,0,0,0
13,cn2448,volume_payload_exchange,communication,0.0303823439999,1,9585446430,225914509,2.3568491113,24268571932,38478351597,0.630707161943,351,0,0,0,0,0,2,0,5,5,3376680,3376920
13,cn2448,volume_exchange_unpack,compute,0.487476239,1,9859599499,233344996,2.36667824108,25069863662,39367776516,0.636811775535,19513,0,0,0,0,0,0,0,0,0,0,0
13,cn2448,final_mesh_save,io,0,0,0,0,0,0,0,0,0,0,0,0,0,0,0,0,0,0,0,0
13,cn2448,testout_io,io,0,0,0,0,0,0,0,0,0,0,0,0,0,0,0,0,0,0,0,0
13,cn2448,final_count_exchange,communication,0,0,0,0,0,0,0,0,0,0,0,0,0,0,0,0,0,0,0,0
13,cn2448,quality_surface_compute,postprocess,0,0,0,0,0,0,0,0,0,0,0,0,0,0,0,0,0,0,0,0
13,cn2448,quality_reduce_pre_collective_wait,synchronization,0,0,0,0,0,0,0,0,0,0,0,0,0,0,0,0,0,0,0,0
13,cn2448,quality_reduce,communication,0,0,0,0,0,0,0,0,0,0,0,0,0,0,0,0,0,0,0,0
13,cn2448,quality_summary_io,io,0,0,0,0,0,0,0,0,0,0,0,0,0,0,0,0,0,0,0,0
13,cn2448,quality_volume_compute,postprocess,0,0,0,0,0,0,0,0,0,0,0,0,0,0,0,0,0,0,0,0
13,cn2448,quality_rank_io,io,0,0,0,0,0,0,0,0,0,0,0,0,0,0,0,0,0,0,0,0
14,cn2448,geometry_load,io,1.795370782,1,1405861839,27587889,1.96234709804,3316854914,3867994625,0.857512803291,6713,0,1035180,0,0,0,0,1,0,0,0,0
14,cn2448,coarse_local_size,setup,0.49551468,1,267323680,6177680,2.31093631511,632671519,899793057,0.70313002982,7668,0,0,0,0,0,140,68,0,0,0,0
14,cn2448,coarse_edge_mesh,setup,0.0140202170001,1,6305964,178608,2.83236631227,12807044,27443132,0.466675742404,490,0,0,0,0,0,0,0,0,0,0,0
14,cn2448,coarse_surface_mesh,setup,8.6816465,1,5672227850,164919494,2.9074906432,15313185446,18916539014,0.809513063392,10832,0,0,0,0,0,0,9,0,0,0,0
14,cn2448,coarse_volume_mesh,setup,15.206876817,1,5339191212,125632917,2.35303273495,13465379726,22812481328,0.590263703996,25156,0,0,0,0,0,88093,2663473,0,0,0,0
14,cn2448,coarse_mesh_save,io,0,0,0,0,0,0,0,0,0,0,0,0,0,0,0,0,0,0,0,0
14,cn2448,submesh_initialization,setup,0.000344364000284,1,3871896985,76032285,1.96369596853,10589351363,17191708533,0.615956892398,2,0,0,0,0,0,1,0,0,0,0,0
14,cn2448,metis_partition,compute,0.148992462,1,3955775094,81646483,2.06398192667,10784377807,17515666102,0.615698983082,378,0,0,0,0,0,1,0,0,0,0,0
14,cn2448,face_map_setup,compute,0.00788109899986,1,3874937159,76102945,1.96397881765,10597243618,17208131000,0.615827693199,218,0,0,0,0,0,0,0,0,0,0,0
14,cn2448,face_local_extract,compute,0.175449516,1,3933299326,78183339,1.98772919425,10753277815,17573121198,0.611916215329,685,0,0,0,0,0,0,0,0,0,0,0
14,cn2448,face_pre_collective_wait,synchronization,0.0138120350002,1,3887538762,76028037,1.95568563182,10620143868,17221702927,0.616672109199,0,0,0,0,0,0,0,0,0,0,0,0
14,cn2448,face_collective_setup,compute,0.000125842000216,1,3871817384,76028767,1.96364547859,10589205418,17191578844,0.615953049693,16,0,0,0,0,0,0,0,0,0,0,0
14,cn2448,face_allgatherv,communication,0.0706326119998,1,4006306943,76467753,1.90868433417,10851369508,17341115197,0.625759611462,937,0,0,0,0,0,1,0,1,1,151800,4859624
14,cn2448,face_global_merge,compute,0.084764831,1,3890000963,76919339,1.97736041023,10633708139,17375744162,0.611985768198,451,0,0,0,0,0,0,0,0,0,0,0
14,cn2448,part_face_create,compute,0.0204454989998,1,3876439625,76211099,1.96600763516,10600008274,17235973329,0.614993309149,3,0,0,0,0,0,0,0,0,0,0,0
14,cn2448,surface_refine,compute,0.0383395450003,1,3882485459,76478179,1.9698252526,10610786204,17266197025,0.614541012629,986,0,0,0,0,0,0,0,0,0,0,0
14,cn2448,refined_surface_save,io,0,0,0,0,0,0,0,0,0,0,0,0,0,0,0,0,0,0,0,0
14,cn2448,local_volume_mesh,compute,21.254648342,1,11675306206,273601329,2.34341887204,31594557650,51986000013,0.607751272306,7013,0,0,0,0,0,89766,3099291,0,0,0,0
14,cn2448,volume_refine,compute,1.782620021,1,9939499434,250699822,2.5222580238,26459789395,46579092826,0.568061501194,8046,0,0,0,0,0,0,2,0,0,0,0
14,cn2448,refined_volume_save,io,0,0,0,0,0,0,0,0,0,0,0,0,0,0,0,0,0,0,0,0
14,cn2448,adjacency_build,compute,0.00382150799987,1,9391034937,228608967,2.43433198294,25398903772,43057108331,0.589888749071,6,0,0,0,0,0,0,0,0,0,0,0
14,cn2448,vertex_numbering_local,compute,0.0269668000001,1,9399118115,228824763,2.43453439142,25418366435,43103837084,0.589700781985,712,0,0,0,0,0,0,0,0,0,0,0
14,cn2448,vertex_count_pre_collective_wait,synchronization,6.543973114,1,17030653725,228583474,1.3421884896,40470368320,57432373611,0.704661252452,0,0,0,0,0,0,0,4,0,0,0,0
14,cn2448,vertex_count_allgather,communication,0.000587847000133,1,9390526363,228576794,2.43412121072,25397775131,43049460874,0.589967321666,13,0,0,0,0,0,1,0,1,1,4,128
14,cn2448,element_count_pre_collective_wait,synchronization,0.000266344000011,1,9390518420,228576330,2.43411832847,25397762196,43049429306,0.589967453818,0,0,0,0,0,0,0,0,0,0,0,0
14,cn2448,element_count_allgather,communication,9.20009997571e-05,1,9390355887,228576282,2.43415994826,25397441387,43049035363,0.589965400452,0,0,0,0,0,0,0,0,1,1,4,128
14,cn2448,vertex_exchange_prepare,compute,0.000182623000001,1,9390271161,228576228,2.43418133599,25397283863,43048929723,0.589963189014,35,0,0,0,0,0,0,0,0,0,0,0
14,cn2448,vertex_exchange,communication,0.00457315700032,1,9396691559,228588460,2.43264832696,25409967759,43058293913,0.590129460548,29,0,0,0,0,0,0,0,2,3,77066,169004
14,cn2448,vertex_exchange_unpack,compute,0.00262117400007,1,9391242191,228593732,2.4341160344,25399625026,43054600779,0.589939856982,0,0,0,0,0,0,0,0,0,0,0,0
14,cn2448,partition_result_io,io,0,0,0,0,0,0,0,0,0,0,0,0,0,0,0,0,0,0,0,0
14,cn2448,volume_exchange_pack,compute,0.440789948,2,19040600900,460956973,2.42091610145,51534310809,87053810051,0.591982255329,1147,0,0,0,0,0,0,0,0,0,0,0
14,cn2448,volume_size_exchange,communication,0.151894139,1,9567679174,228576544,2.38904900387,25747400617,43382593837,0.593496108456,1,0,0,0,0,0,0,1,4,4,16,16
14,cn2448,volume_payload_prepare,compute,0.000388003999888,1,9390271599,228576203,2.43418095622,25397343125,43049181624,0.589961113473,68,0,0,0,0,0,0,0,0,0,0,0
14,cn2448,volume_payload_exchange,communication,0.030741908,1,9422321484,228590557,2.42605346663,25460638782,43110834090,0.590585622372,390,0,0,0,0,0,1,0,4,4,2600040,2608440
14,cn2448,volume_exchange_unpack,compute,0.341006529,1,9613665538,237003186,2.46527388604,26014592560,43717910501,0.595055716567,11893,0,0,0,0,0,0,0,0,0,0,0
14,cn2448,final_mesh_save,io,0,0,0,0,0,0,0,0,0,0,0,0,0,0,0,0,0,0,0,0
14,cn2448,testout_io,io,0,0,0,0,0,0,0,0,0,0,0,0,0,0,0,0,0,0,0,0
14,cn2448,final_count_exchange,communication,0,0,0,0,0,0,0,0,0,0,0,0,0,0,0,0,0,0,0,0
14,cn2448,quality_surface_compute,postprocess,0,0,0,0,0,0,0,0,0,0,0,0,0,0,0,0,0,0,0,0
14,cn2448,quality_reduce_pre_collective_wait,synchronization,0,0,0,0,0,0,0,0,0,0,0,0,0,0,0,0,0,0,0,0
14,cn2448,quality_reduce,communication,0,0,0,0,0,0,0,0,0,0,0,0,0,0,0,0,0,0,0,0
14,cn2448,quality_summary_io,io,0,0,0,0,0,0,0,0,0,0,0,0,0,0,0,0,0,0,0,0
14,cn2448,quality_volume_compute,postprocess,0,0,0,0,0,0,0,0,0,0,0,0,0,0,0,0,0,0,0,0
14,cn2448,quality_rank_io,io,0,0,0,0,0,0,0,0,0,0,0,0,0,0,0,0,0,0,0,0
15,cn2448,geometry_load,io,1.790306258,1,1411982043,25346595,1.79510746087,3314633917,3856177643,0.859564632095,6710,0,1035180,0,0,0,0,1,0,0,0,0
15,cn2448,coarse_local_size,setup,0.50106283,1,269410046,6415286,2.38123488535,632479529,911532652,0.693863821128,7607,0,0,0,0,0,148,83,0,0,0,0
15,cn2448,coarse_edge_mesh,setup,0.0138631549999,1,6296655,163876,2.60258819961,12804056,27018813,0.47389409742,488,0,0,0,0,0,0,0,0,0,0,0
15,cn2448,coarse_surface_mesh,setup,8.723452829,1,5676968921,163797523,2.88529892059,15312097617,18976298153,0.806906462659,15804,0,0,0,0,0,0,21,0,0,0,0
15,cn2448,coarse_volume_mesh,setup,15.234078701,1,5336419049,129752909,2.43146026968,13462635509,22595736393,0.595804238235,31148,0,0,0,0,0,86476,2826658,0,0,0,0
15,cn2448,coarse_mesh_save,io,0,0,0,0,0,0,0,0,0,0,0,0,0,0,0,0,0,0,0,0
15,cn2448,submesh_initialization,setup,0.000164342000062,1,2544105113,48193563,1.89432279169,7041377761,10821517653,0.650683017557,33,0,0,0,0,0,0,0,0,0,0,0
15,cn2448,metis_partition,compute,0.151131809,1,2627635511,53799390,2.04744492814,7236430807,11147762076,0.649137536096,1462,0,0,0,0,0,0,0,0,0,0,0
15,cn2448,face_map_setup,compute,0.00820102299986,1,2547139416,48262879,1.89478748972,7049271798,10837807554,0.650433379895,639,0,0,0,0,0,0,0,0,0,0,0
15,cn2448,face_local_extract,compute,0.173659854,1,2605572593,50346792,1.9322736252,7205303854,11196731692,0.643518488449,942,0,0,0,0,0,0,1,0,0,0,0
15,cn2448,face_pre_collective_wait,synchronization,0.0133819889998,1,2558869283,48307238,1.88783531542,7070371747,10850619060,0.651609987219,0,0,0,0,0,0,0,0,0,0,0,0
15,cn2448,face_collective_setup,compute,0.0001256810001,1,2544025231,48189978,1.89424135472,7041231934,10821407016,0.650676194287,16,0,0,0,0,0,0,0,0,0,0,0
15,cn2448,face_allgatherv,communication,0.0707066930004,1,2677328949,48848772,1.8245338145,7301074949,10971541682,0.665455699902,1226,0,0,0,0,0,1,0,1,1,151800,4859624
15,cn2448,face_global_merge,compute,0.085809445,1,2562287352,49081961,1.91555256134,7085735147,11007208795,0.643735871552,682,0,0,0,0,0,0,0,0,0,0,0
15,cn2448,part_face_create,compute,0.020879964,1,2548663539,48370382,1.89787240488,7052055388,10866710977,0.648959506048,7,0,0,0,0,0,0,0,0,0,0,0
15,cn2448,surface_refine,compute,0.0376157160003,1,2554845211,48617946,1.90297031658,7063182350,10894773697,0.648309230319,937,0,0,0,0,0,0,0,0,0,0,0
15,cn2448,refined_surface_save,io,0,0,0,0,0,0,0,0,0,0,0,0,0,0,0,0,0,0,0,0
15,cn2448,local_volume_mesh,compute,24.134338123,1,11340148299,270652244,2.38667287996,31111177262,51968674156,0.598652510715,26672,0,0,0,0,0,80730,3298601,0,0,0,0
15,cn2448,volume_refine,compute,2.165629959,1,7690640452,166113577,2.15994465008,20163474056,33136649235,0.608494658377,14563,0,0,0,0,0,0,3,0,0,0,0
15,cn2448,refined_volume_save,io,0,0,0,0,0,0,0,0,0,0,0,0,0,0,0,0,0,0,0,0
15,cn2448,adjacency_build,compute,0.00378090700042,1,7043743331,136963600,1.94447176116,18907007852,28803327359,0.656417490117,7,0,0,0,0,0,0,0,0,0,0,0
15,cn2448,vertex_numbering_local,compute,0.0260833689999,1,7051712374,137152163,1.94494834341,18926342021,28847874272,0.656074060867,746,0,0,0,0,0,0,0,0,0,0,0
15,cn2448,vertex_count_pre_collective_wait,synchronization,3.281444136,1,10745844890,167718503,1.56077539474,26237318278,36008839334,0.728635489598,29,0,0,0,0,0,0,7,0,0,0,0
15,cn2448,vertex_count_allgather,communication,0.000583807000112,1,7043269881,136933592,1.94417641683,18905971240,28795843314,0.656552094476,14,0,0,0,0,0,2,0,1,1,4,128
15,cn2448,element_count_pre_collective_wait,synchronization,0.000108620999981,1,7043041384,136931215,1.94420574201,18905520016,28795364064,0.656547351649,0,0,0,0,0,0,0,0,0,0,0,0
15,cn2448,element_count_allgather,communication,0.000124182000036,1,7043059652,136931389,1.94420316973,18905556187,28795352526,0.656548870861,2,0,0,0,0,0,0,0,1,1,4,128
15,cn2448,vertex_exchange_prepare,compute,0.000304564000089,1,7042965581,136930636,1.94421844641,18905381709,28795248033,0.656545194101,46,0,0,0,0,0,0,0,0,0,0,0
15,cn2448,vertex_exchange,communication,0.00801498099963,1,7052894739,136994977,1.94239361382,18925005491,28811591756,0.656853868098,49,0,0,0,0,0,0,0,0,4,0,234806
15,cn2448,vertex_exchange_unpack,compute,0.00360106500011,1,7044308367,136954881,1.94419201808,18908624751,28803043914,0.656480086183,0,0,0,0,0,0,0,0,0,0,0,0
15,cn2448,partition_result_io,io,0,0,0,0,0,0,0,0,0,0,0,0,0,0,0,0,0,0,0,0
15,cn2448,volume_exchange_pack,compute,0.551134583,2,14421054213,278112002,1.928513671,38768571885,58786637386,0.659479324025,1110,0,0,0,0,0,0,1,0,0,0,0
15,cn2448,volume_size_exchange,communication,0.0679164579997,1,7119161157,137565940,1.93233355681,19056232771,28944325586,0.658375428869,4,0,0,0,0,0,0,0,4,4,16,16
15,cn2448,volume_payload_prepare,compute,0.000238102999901,1,7042965715,136930498,1.94421645002,18905484514,28795442088,0.656544339768,34,0,0,0,0,0,0,0,0,0,0,0
15,cn2448,volume_payload_exchange,communication,0.00402995100012,1,7044319107,136955572,1.94419886322,18908123316,28799266938,0.656548771075,197,0,0,0,0,0,3,0,4,4,2476080,2479680
15,cn2448,volume_exchange_unpack,compute,0.409772157,1,7312494101,147076678,2.01130662081,19667511583,29585736048,0.664763301852,17767,0,0,0,0,0,0,0,0,0,0,0
15,cn2448,final_mesh_save,io,0,0,0,0,0,0,0,0,0,0,0,0,0,0,0,0,0,0,0,0
15,cn2448,testout_io,io,0,0,0,0,0,0,0,0,0,0,0,0,0,0,0,0,0,0,0,0
15,cn2448,final_count_exchange,communication,0,0,0,0,0,0,0,0,0,0,0,0,0,0,0,0,0,0,0,0
15,cn2448,quality_surface_compute,postprocess,0,0,0,0,0,0,0,0,0,0,0,0,0,0,0,0,0,0,0,0
15,cn2448,quality_reduce_pre_collective_wait,synchronization,0,0,0,0,0,0,0,0,0,0,0,0,0,0,0,0,0,0,0,0
15,cn2448,quality_reduce,communication,0,0,0,0,0,0,0,0,0,0,0,0,0,0,0,0,0,0,0,0
15,cn2448,quality_summary_io,io,0,0,0,0,0,0,0,0,0,0,0,0,0,0,0,0,0,0,0,0
15,cn2448,quality_volume_compute,postprocess,0,0,0,0,0,0,0,0,0,0,0,0,0,0,0,0,0,0,0,0
15,cn2448,quality_rank_io,io,0,0,0,0,0,0,0,0,0,0,0,0,0,0,0,0,0,0,0,0
16,cn2449,geometry_load,io,1.771164736,1,1401851274,24335147,1.73592929944,3317398037,3816861754,0.869142832727,6709,0,1035180,0,0,0,0,2,0,0,0,0
16,cn2449,coarse_local_size,setup,0.501693823,1,266343544,6130964,2.30190073614,632012327,894276981,0.706729951042,7647,0,0,0,0,0,109,51,0,0,0,0
16,cn2449,coarse_edge_mesh,setup,0.0141788799997,1,6320936,166300,2.63093946846,12798979,27684733,0.462311809184,521,0,0,0,0,0,0,0,0,0,0,0
16,cn2449,coarse_surface_mesh,setup,8.768988494,1,5676444396,175450040,3.09084398191,15315187398,19087802894,0.802354649356,15214,0,0,0,0,0,0,10,0,0,0,0
16,cn2449,coarse_volume_mesh,setup,14.892631509,1,5323669625,126006888,2.36691787575,13449514858,22488183899,0.598070298536,28493,0,0,0,0,0,83371,2776753,0,0,0,0
16,cn2449,coarse_mesh_save,io,0,0,0,0,0,0,0,0,0,0,0,0,0,0,0,0,0,0,0,0
16,cn2449,submesh_initialization,setup,0.000159721999808,1,4246055388,106528238,2.5088753741,10565863723,17897407620,0.590357215265,1,0,0,0,0,0,0,0,0,0,0,0
16,cn2449,metis_partition,compute,0.143155302,1,4329857770,112181329,2.59087792161,10760862841,18206883503,0.591032662961,315,0,0,0,0,0,0,1,0,0,0,0
16,cn2449,face_map_setup,compute,0.00835938599994,1,4249090469,106597393,2.50871083536,10573759212,17914808471,0.590224518957,229,0,0,0,0,0,0,0,0,0,0,0
16,cn2449,face_local_extract,compute,0.170013023,1,4307361004,108667350,2.52282894095,10729791894,18266680893,0.587396908987,756,0,0,0,0,0,0,0,0,0,0,0
16,cn2449,face_pre_collective_wait,synchronization,0.0246792940002,1,4279364985,106524050,2.48924899777,10631537268,17951342764,0.592241895649,0,0,0,0,0,0,0,0,0,0,0,0
16,cn2449,face_collective_setup,compute,0.000171302000126,1,4245972211,106524749,2.50884235003,10565717752,17897306524,0.590352393967,16,0,0,0,0,0,0,0,0,0,0,0
16,cn2449,face_allgatherv,communication,0.070600478,1,4370029837,107026684,2.44910648192,10806547745,18026763184,0.599472441874,824,0,0,0,0,0,1,3,1,1,151800,4859624
16,cn2449,face_global_merge,compute,0.0830877769999,1,4264208266,107374534,2.51804150506,10610220304,18077836191,0.586918710398,425,0,0,0,0,0,0,0,0,0,0,0
16,cn2449,part_face_create,compute,0.0199899540003,1,4250587357,106703754,2.51032963302,10576442173,17940731219,0.589521243248,3,0,0,0,0,0,0,0,0,0,0,0
16,cn2449,surface_refine,compute,0.027093445,1,4255332974,106862119,2.51125163772,10585145880,17956099002,0.589501421151,33,0,0,0,0,0,0,0,0,0,0,0
16,cn2449,refined_surface_save,io,0,0,0,0,0,0,0,0,0,0,0,0,0,0,0,0,0,0,0,0
16,cn2449,local_volume_mesh,compute,22.92029345,1,12588605905,318069151,2.52664316764,33406985456,56331901219,0.593038486774,12592,0,0,0,0,0,83180,3227237,0,0,0,0
16,cn2449,volume_refine,compute,2.025221329,1,12103589310,327306012,2.70420619551,31643052227,56276856647,0.562274691806,7237,0,0,0,0,0,0,2,0,0,0,0
16,cn2449,refined_volume_save,io,0,0,0,0,0,0,0,0,0,0,0,0,0,0,0,0,0,0,0,0
16,cn2449,adjacency_build,compute,0.00360648600008,1,11506464874,302026174,2.62483896929,30508052905,52265657454,0.583711262636,0,0,0,0,0,0,0,0,0,0,0,0
16,cn2449,vertex_numbering_local,compute,0.0252127010003,1,11517557571,302264975,2.62438432052,30534520672,52313006368,0.583688891004,2,0,0,0,0,0,0,0,0,0,0,0
16,cn2449,vertex_count_pre_collective_wait,synchronization,4.650555912,1,17775598441,301997459,1.6989439765,42876718613,62478875288,0.68625945034,29,0,0,0,0,0,0,5,0,0,0,0
16,cn2449,vertex_count_allgather,communication,0.000574107000375,1,11506009615,301991429,2.62464085382,30507041552,52258480945,0.583772069152,8,0,0,0,0,0,0,0,1,1,4,128
16,cn2449,element_count_pre_collective_wait,synchronization,0.000449606000075,1,11506199044,301990808,2.62459224671,30507416415,52258713412,0.583776645523,0,0,0,0,0,0,0,0,0,0,0,0
16,cn2449,element_count_allgather,communication,0.000120201999835,1,11505745983,301990736,2.62469496933,30506521968,52257951532,0.583768040531,1,0,0,0,0,0,0,0,1,1,4,128
16,cn2449,vertex_exchange_prepare,compute,2.67010000243e-05,1,11505640594,301990599,2.62471782021,30506320618,52257787519,0.583766019694,0,0,0,0,0,0,0,0,0,0,0,0
16,cn2449,vertex_exchange,communication,0.00385776900021,1,11511645170,302015238,2.6235627796,30518303309,52265221955,0.583912249244,85,0,0,0,0,0,0,0,5,4,300630,76164
16,cn2449,vertex_exchange_unpack,compute,0.00114353499976,1,11506076481,301998922,2.62469072319,30507367201,52260239685,0.583758654474,0,0,0,0,0,0,0,0,0,0,0,0
16,cn2449,partition_result_io,io,0,0,0,0,0,0,0,0,0,0,0,0,0,0,0,0,0,0,0,0
16,cn2449,volume_exchange_pack,compute,0.542993969,2,23330104938,608748270,2.6092821769,61918263513,105696175858,0.585813658918,1146,0,0,0,0,0,0,0,0,0,0,0
16,cn2449,volume_size_exchange,communication,0.105756025,1,11647992837,301990993,2.592644048,30787059145,52490182574,0.586529854447,2,0,0,0,0,0,0,0,5,5,20,20
16,cn2449,volume_payload_prepare,compute,0.000406084999668,1,11505641278,301990753,2.62471900265,30506372665,52257916635,0.583765573321,102,0,0,0,0,0,0,0,0,0,0,0
16,cn2449,volume_payload_exchange,communication,0.0558284109998,1,11571183132,302005531,2.60997970177,30635711297,52367158290,0.585017638867,1688,0,0,0,0,0,2,0,5,5,4016520,4013160
16,cn2449,volume_exchange_unpack,compute,0.438600841,1,11768831352,308459326,2.62098518344,31247500203,53112833586,0.588322973814,16911,0,0,0,0,0,0,1,0,0,0,0
16,cn2449,final_mesh_save,io,0,0,0,0,0,0,0,0,0,0,0,0,0,0,0,0,0,0,0,0
16,cn2449,testout_io,io,0,0,0,0,0,0,0,0,0,0,0,0,0,0,0,0,0,0,0,0
16,cn2449,final_count_exchange,communication,0,0,0,0,0,0,0,0,0,0,0,0,0,0,0,0,0,0,0,0
16,cn2449,quality_surface_compute,postprocess,0,0,0,0,0,0,0,0,0,0,0,0,0,0,0,0,0,0,0,0
16,cn2449,quality_reduce_pre_collective_wait,synchronization,0,0,0,0,0,0,0,0,0,0,0,0,0,0,0,0,0,0,0,0
16,cn2449,quality_reduce,communication,0,0,0,0,0,0,0,0,0,0,0,0,0,0,0,0,0,0,0,0
16,cn2449,quality_summary_io,io,0,0,0,0,0,0,0,0,0,0,0,0,0,0,0,0,0,0,0,0
16,cn2449,quality_volume_compute,postprocess,0,0,0,0,0,0,0,0,0,0,0,0,0,0,0,0,0,0,0,0
16,cn2449,quality_rank_io,io,0,0,0,0,0,0,0,0,0,0,0,0,0,0,0,0,0,0,0,0
17,cn2449,geometry_load,io,1.76443789,1,1403670323,23308949,1.66057147594,3314636421,3803261909,0.87152462815,6708,0,1035180,0,0,0,0,3,0,0,0,0
17,cn2449,coarse_local_size,setup,0.49510154,1,267299808,6201945,2.32022052182,632344900,891330881,0.709439012469,7456,0,0,0,0,0,125,115,0,0,0,0
17,cn2449,coarse_edge_mesh,setup,0.0139965779999,1,6277379,169380,2.69825989477,12800404,27510046,0.465299258315,524,0,0,0,0,0,0,0,0,0,0,0
17,cn2449,coarse_surface_mesh,setup,8.73569833,1,5674854153,163504107,2.88120368545,15311176055,19012727393,0.805311922825,17283,0,0,0,0,0,0,15,0,0,0,0
17,cn2449,coarse_volume_mesh,setup,15.081489811,1,5338685572,126768624,2.37452875414,13476078786,22641906359,0.595183045647,34320,0,0,0,0,0,90037,2870321,0,0,0,0
17,cn2449,coarse_mesh_save,io,0,0,0,0,0,0,0,0,0,0,0,0,0,0,0,0,0,0,0,0
17,cn2449,submesh_initialization,setup,0.000146581999616,1,3486091914,71982285,2.06484185661,9363150502,15689287477,0.5967862158,1,0,0,0,0,0,0,0,0,0,0,0
17,cn2449,metis_partition,compute,0.147293354,1,3570064197,77608614,2.17387166497,9558183077,16010104108,0.59700942683,310,0,0,0,0,0,0,1,0,0,0,0
17,cn2449,face_map_setup,compute,0.00794868100002,1,3489126124,72044870,2.06483994673,9371047191,15705830188,0.596660417108,220,0,0,0,0,0,0,0,0,0,0,0
17,cn2449,face_local_extract,compute,0.167634873,1,3547451298,74159350,2.09049663463,9527076520,16053431605,0.593460436025,802,0,0,0,0,0,0,0,0,0,0,0
17,cn2449,face_pre_collective_wait,synchronization,0.023223096,1,3515883905,72432031,2.06013716485,9421197555,15740020422,0.598550529314,0,0,0,0,0,0,0,0,0,0,0,0
17,cn2449,face_collective_setup,compute,0.000176062999799,1,3486012097,71978919,2.06479257665,9363004603,15689223482,0.596779350727,16,0,0,0,0,0,0,0,0,0,0,0
17,cn2449,face_allgatherv,communication,0.0704419159997,1,3622261910,72790755,2.00953870285,9628039587,15837417886,0.607929882024,1353,0,0,0,0,0,2,0,1,1,151800,4859624
17,cn2449,face_global_merge,compute,0.0836970249998,1,3504305498,72837327,2.07850962314,9407507543,15870766341,0.592756981035,475,0,0,0,0,0,0,0,0,0,0,0
17,cn2449,part_face_create,compute,0.0202778779999,1,3490661628,72156362,2.06712565381,9373841751,15733242265,0.595798475172,3,0,0,0,0,0,0,0,0,0,0,0
17,cn2449,surface_refine,compute,0.0362334209999,1,3497136197,72404181,2.0703849356,9385489776,15761903604,0.59545407787,963,0,0,0,0,0,0,0,0,0,0,0
17,cn2449,refined_surface_save,io,0,0,0,0,0,0,0,0,0,0,0,0,0,0,0,0,0,0,0,0
17,cn2449,local_volume_mesh,compute,21.671780785,1,11275425970,271652025,2.40923957749,30525212069,52336436809,0.583249719128,23646,0,0,0,0,0,81824,3026207,0,0,0,0
17,cn2449,volume_refine,compute,2.320502986,1,11424430900,287931000,2.52030934863,30448685500,55020400945,0.55340719037,12557,0,0,0,0,0,0,4,0,0,0,0
17,cn2449,refined_volume_save,io,0,0,0,0,0,0,0,0,0,0,0,0,0,0,0,0,0,0,0,0
17,cn2449,adjacency_build,compute,0.00843806700004,1,10825389554,261132907,2.41222642102,29291105719,50397662930,0.581199683003,8,0,0,0,0,0,0,0,0,0,0,0
17,cn2449,vertex_numbering_local,compute,0.0507583659996,1,10837247288,261353956,2.41162676328,29319525837,50489906043,0.580700740699,74,0,0,0,0,0,0,0,0,0,0,0
17,cn2449,vertex_count_pre_collective_wait,synchronization,5.563457168,1,17977031175,377440444,2.09957050375,43114233691,62607460889,0.688643702824,33,0,0,0,0,0,0,12,0,0,0,0
17,cn2449,vertex_count_allgather,communication,0.000567547000173,1,10824513903,261097035,2.41209016257,29289257192,50379431183,0.581373320505,44,0,0,0,0,0,2,0,1,1,4,128
17,cn2449,element_count_pre_collective_wait,synchronization,0.000458126000012,1,10825041241,261105159,2.41204770667,29290300912,50380263381,0.581384434029,0,0,0,0,0,0,0,0,0,0,0,0
17,cn2449,element_count_allgather,communication,0.000120482000057,1,10824601361,261097547,2.41207540391,29289428849,50379475954,0.581376211133,1,0,0,0,0,0,0,0,1,1,4,128
17,cn2449,vertex_exchange_prepare,compute,0.000236662999669,1,10824506828,261096193,2.41208396049,29289253854,50379381081,0.58137383242,35,0,0,0,0,0,0,0,0,0,0,0
17,cn2449,vertex_exchange,communication,0.00376436799979,1,10830376480,261120077,2.41099723063,29300818272,50385985732,0.58152714185,118,0,0,0,0,0,0,0,5,4,169994,236676
17,cn2449,vertex_exchange_unpack,compute,0.00354260499989,1,10825860684,261120069,2.41200285707,29292528012,50387049107,0.581350337659,0,0,0,0,0,0,0,0,0,0,0,0
17,cn2449,partition_result_io,io,0,0,0,0,0,0,0,0,0,0,0,0,0,0,0,0,0,0,0,0
17,cn2449,volume_exchange_pack,compute,0.552259626,2,21976999012,526920431,2.39759955721,59510962916,101955873559,0.583693325736,1627,0,0,0,0,0,0,0,0,0,0,0
17,cn2449,volume_size_exchange,communication,0.0941651580001,1,10946053568,262745994,2.40037189995,29524469589,50586187156,0.583646865852,2,0,0,0,0,0,0,0,6,6,24,24
17,cn2449,volume_payload_prepare,compute,0.000436744999661,1,10824507616,261096254,2.41208434843,29289376762,50379624811,0.581373459447,102,0,0,0,0,0,0,0,0,0,0,0
17,cn2449,volume_payload_exchange,communication,0.0564862379997,1,10890556475,262007029,2.40581856034,29417169107,50493585377,0.582592202304,643,0,0,0,0,0,4,2,6,6,4352400,4353000
17,cn2449,volume_exchange_unpack,compute,0.435753124,1,11084622670,267065796,2.40933592375,30018382503,51214803233,0.586127068895,20276,0,0,0,0,0,0,2,0,0,0,0
17,cn2449,final_mesh_save,io,0,0,0,0,0,0,0,0,0,0,0,0,0,0,0,0,0,0,0,0
17,cn2449,testout_io,io,0,0,0,0,0,0,0,0,0,0,0,0,0,0,0,0,0,0,0,0
17,cn2449,final_count_exchange,communication,0,0,0,0,0,0,0,0,0,0,0,0,0,0,0,0,0,0,0,0
17,cn2449,quality_surface_compute,postprocess,0,0,0,0,0,0,0,0,0,0,0,0,0,0,0,0,0,0,0,0
17,cn2449,quality_reduce_pre_collective_wait,synchronization,0,0,0,0,0,0,0,0,0,0,0,0,0,0,0,0,0,0,0,0
17,cn2449,quality_reduce,communication,0,0,0,0,0,0,0,0,0,0,0,0,0,0,0,0,0,0,0,0
17,cn2449,quality_summary_io,io,0,0,0,0,0,0,0,0,0,0,0,0,0,0,0,0,0,0,0,0
17,cn2449,quality_volume_compute,postprocess,0,0,0,0,0,0,0,0,0,0,0,0,0,0,0,0,0,0,0,0
17,cn2449,quality_rank_io,io,0,0,0,0,0,0,0,0,0,0,0,0,0,0,0,0,0,0,0,0
18,cn2449,geometry_load,io,1.753009744,1,1399308041,22771752,1.62735804646,3315666698,3773936842,0.878569736806,6806,0,1035180,0,0,0,0,18,0,0,0,0
18,cn2449,coarse_local_size,setup,0.498632764,1,266460316,6099119,2.28894084176,632274299,894788307,0.706618866221,7866,0,0,0,0,0,93,51,0,0,0,0
18,cn2449,coarse_edge_mesh,setup,0.0129695850001,1,6271223,172509,2.75080315275,12798646,25212545,0.507630070665,518,0,0,0,0,0,0,1,0,0,0,0
18,cn2449,coarse_surface_mesh,setup,8.735662769,1,5671893675,166579386,2.93692716304,15311228270,19011804853,0.805353746706,14051,0,0,0,0,0,0,81,0,0,0,0
18,cn2449,coarse_volume_mesh,setup,15.04518105,1,5336375437,124529644,2.33359975268,13471756851,22742683192,0.592355648508,21856,0,0,0,0,0,89492,2727458,0,0,0,0
18,cn2449,coarse_mesh_save,io,0,0,0,0,0,0,0,0,0,0,0,0,0,0,0,0,0,0,0,0
18,cn2449,submesh_initialization,setup,0.000141400999837,1,3445295915,85038066,2.46823692646,8388099156,14159612351,0.592396101536,2,0,0,0,0,0,0,0,0,0,0,0
18,cn2449,metis_partition,compute,0.149724585,1,3529677497,90635678,2.56781754359,8583108842,14485833604,0.592517426103,278,0,0,0,0,0,0,1,0,0,0,0
18,cn2449,face_map_setup,compute,0.00803442200004,1,3448382985,85124516,2.46853427738,8395991241,14176370244,0.592252536897,223,0,0,0,0,0,0,0,0,0,0,0
18,cn2449,face_local_extract,compute,0.176799569,1,3506710062,87183083,2.48617882456,8552024232,14544402400,0.58799419851,712,0,0,0,0,0,0,0,0,0,0,0
18,cn2449,face_pre_collective_wait,synchronization,0.0118604710001,1,3459494684,85390574,2.46829614726,8416215769,14185374324,0.59330233921,0,0,0,0,0,0,0,0,0,0,0,0
18,cn2449,face_collective_setup,compute,0.000110822000352,1,3445215863,85034482,2.46819024936,8387953430,14159469219,0.592391798045,16,0,0,0,0,0,0,0,0,0,0,0
18,cn2449,face_allgatherv,communication,0.0702629140001,1,3580034327,86054094,2.40372259425,8650699711,14308493727,0.604584932282,1028,0,0,0,0,0,1,0,1,1,151800,4859624
18,cn2449,face_global_merge,compute,0.0827831730003,1,3463335265,85899600,2.48025655697,8432456302,14340419065,0.588020215015,112,0,0,0,0,0,0,0,0,0,0,0
18,cn2449,part_face_create,compute,0.02044204,1,3449807044,85217769,2.4702184184,8398676172,14203953247,0.591291454284,3,0,0,0,0,0,0,0,0,0,0,0
18,cn2449,surface_refine,compute,0.0275050300002,1,3454573415,85362358,2.47099562653,8407227846,14219269217,0.591255972279,3,0,0,0,0,0,0,0,0,0,0,0
18,cn2449,refined_surface_save,io,0,0,0,0,0,0,0,0,0,0,0,0,0,0,0,0,0,0,0,0
18,cn2449,local_volume_mesh,compute,21.929439943,1,11605780739,280788208,2.41938232605,30735089330,51321359848,0.598875193896,12980,0,0,0,0,0,78593,3096585,0,0,0,0
18,cn2449,volume_refine,compute,2.161366221,1,9169769102,197516173,2.15399287379,23196659352,37927810263,0.61160027935,10962,0,0,0,0,0,0,10,0,0,0,0
18,cn2449,refined_volume_save,io,0,0,0,0,0,0,0,0,0,0,0,0,0,0,0,0,0,0,0,0
18,cn2449,adjacency_build,compute,0.00671060600007,1,8594829037,175458437,2.0414418512,22079664633,33582900093,0.657467478147,3,0,0,0,0,0,0,0,0,0,0,0
18,cn2449,vertex_numbering_local,compute,0.0379701829997,1,8601370746,175617798,2.04174198725,22095469885,33651428862,0.656598267361,8,0,0,0,0,0,0,0,0,0,0,0
18,cn2449,vertex_count_pre_collective_wait,synchronization,5.488751397,1,15112968493,337910838,2.23589983766,34975250887,45635253763,0.766408598682,31,0,0,0,0,0,0,6,0,0,0,0
18,cn2449,vertex_count_allgather,communication,0.000587247999647,1,8594450191,175437197,2.04128470235,22078848745,33569031514,0.657714796919,9,0,0,0,0,0,0,0,1,1,4,128
18,cn2449,element_count_pre_collective_wait,synchronization,0.000476345999687,1,8594576260,175442125,2.04131209838,22079098666,33569270156,0.657717566197,0,0,0,0,0,0,0,0,0,0,0,0
18,cn2449,element_count_allgather,communication,7.99009999355e-05,1,8594094357,175426050,2.04123951533,22078144924,33568279087,0.657708572631,2,0,0,0,0,0,0,0,1,1,4,128
18,cn2449,vertex_exchange_prepare,compute,2.79010000668e-05,1,8594089799,175425865,2.04123844529,22078140646,33568289666,0.657708237914,0,0,0,0,0,0,0,0,0,0,0,0
18,cn2449,vertex_exchange,communication,0.00231306999967,1,8597244318,175442860,2.0406871494,22084361878,33572410580,0.657812814048,66,0,0,0,0,0,0,0,5,2,139568,46860
18,cn2449,vertex_exchange_unpack,compute,0.000779529999818,1,8594357906,175430790,2.04123207247,22078779943,33569939449,0.657694958805,0,0,0,0,0,0,0,0,0,0,0,0
18,cn2449,partition_result_io,io,0,0,0,0,0,0,0,0,0,0,0,0,0,0,0,0,0,0,0,0
18,cn2449,volume_exchange_pack,compute,0.43306275,2,17474602380,354661508,2.02958270688,44976537713,68083800469,0.660605568478,327,0,0,0,0,0,0,1,0,0,0,0
18,cn2449,volume_size_exchange,communication,0.123667554,1,8744305093,178876541,2.04563471994,22375199114,33840069760,0.661204284527,1,0,0,0,0,0,0,0,4,4,16,16
18,cn2449,volume_payload_prepare,compute,0.000244103000114,1,8594090206,175425930,2.04123910496,22078220033,33568528677,0.657705919894,34,0,0,0,0,0,0,0,0,0,0,0
18,cn2449,volume_payload_exchange,communication,0.151007701,1,8775634933,179468596,2.04507818944,22437377442,33896685816,0.661934254098,184,0,0,0,0,0,3,0,4,4,1952160,1952160
18,cn2449,volume_exchange_unpack,compute,0.357997095,1,8835508407,180631321,2.04437948196,22763932857,34258968343,0.664466385242,15711,0,0,0,0,0,0,2,0,0,0,0
18,cn2449,final_mesh_save,io,0,0,0,0,0,0,0,0,0,0,0,0,0,0,0,0,0,0,0,0
18,cn2449,testout_io,io,0,0,0,0,0,0,0,0,0,0,0,0,0,0,0,0,0,0,0,0
18,cn2449,final_count_exchange,communication,0,0,0,0,0,0,0,0,0,0,0,0,0,0,0,0,0,0,0,0
18,cn2449,quality_surface_compute,postprocess,0,0,0,0,0,0,0,0,0,0,0,0,0,0,0,0,0,0,0,0
18,cn2449,quality_reduce_pre_collective_wait,synchronization,0,0,0,0,0,0,0,0,0,0,0,0,0,0,0,0,0,0,0,0
18,cn2449,quality_reduce,communication,0,0,0,0,0,0,0,0,0,0,0,0,0,0,0,0,0,0,0,0
18,cn2449,quality_summary_io,io,0,0,0,0,0,0,0,0,0,0,0,0,0,0,0,0,0,0,0,0
18,cn2449,quality_volume_compute,postprocess,0,0,0,0,0,0,0,0,0,0,0,0,0,0,0,0,0,0,0,0
18,cn2449,quality_rank_io,io,0,0,0,0,0,0,0,0,0,0,0,0,0,0,0,0,0,0,0,0
19,cn2449,geometry_load,io,1.764063825,1,1398953177,23308899,1.66616720153,3316807082,3799609468,0.87293368172,6709,0,1035180,0,0,0,0,21,0,0,0,0
19,cn2449,coarse_local_size,setup,0.500171884,1,266278153,6086365,2.28571699609,632321276,892833449,0.708218623203,7719,0,0,0,0,0,117,65,0,0,0,0
19,cn2449,coarse_edge_mesh,setup,0.0138245159997,1,6336757,187156,2.95349813793,12803204,27237446,0.470058903467,507,0,0,0,0,0,0,0,0,0,0,0
19,cn2449,coarse_surface_mesh,setup,8.804498405,1,5674821712,162213566,2.85847863127,15314164563,19162466515,0.799175020137,14167,0,0,0,0,0,0,31,0,0,0,0
19,cn2449,coarse_volume_mesh,setup,15.044636503,1,5351364230,127630637,2.38501121423,13525772564,22733187878,0.594979139599,21332,0,0,0,0,0,86788,2729843,0,0,0,0
19,cn2449,coarse_mesh_save,io,0,0,0,0,0,0,0,0,0,0,0,0,0,0,0,0,0,0,0,0
19,cn2449,submesh_initialization,setup,0.000349804000052,1,3239655444,65977771,2.03656753443,8736096545,14458947847,0.604200017694,2,0,0,0,0,0,1,0,0,0,0,0
19,cn2449,metis_partition,compute,0.151372126,1,3323931132,71582361,2.15354524981,8931124916,14788167795,0.603937217903,263,0,0,0,0,0,0,1,0,0,0,0
19,cn2449,face_map_setup,compute,0.00782501999993,1,3242720471,66049014,2.03683957932,8743988230,14475332796,0.604061291939,222,0,0,0,0,0,0,0,0,0,0,0
19,cn2449,face_local_extract,compute,0.174186896,1,3301045640,68115824,2.06346204895,8900022074,14837861664,0.59981837515,663,0,0,0,0,0,0,0,0,0,0,0
19,cn2449,face_pre_collective_wait,synchronization,0.0127785630002,1,3256087910,65973515,2.02615890061,8768481818,14486724977,0.605277026514,0,0,0,0,0,0,0,0,0,0,0,0
19,cn2449,face_collective_setup,compute,0.000110261999907,1,3239575555,65974280,2.03650999583,8735950705,14458794659,0.604196332477,16,0,0,0,0,0,0,0,0,0,0,0
19,cn2449,face_allgatherv,communication,0.0700931720003,1,3376066988,66442690,1.9680501079,9001854284,14608362297,0.61621242005,842,0,0,0,0,0,0,0,1,1,151800,4859624
19,cn2449,face_global_merge,compute,0.0849146210003,1,3257803820,66836390,2.05157810884,8780452948,14643743838,0.599604380214,209,0,0,0,0,0,0,0,0,0,0,0
19,cn2449,part_face_create,compute,0.0205175010001,1,3244125959,66151595,2.03911919069,8746587132,14503443401,0.603069691119,3,0,0,0,0,0,0,0,0,0,0,0
19,cn2449,surface_refine,compute,0.0264290570003,1,3248028980,66283019,2.04071513549,8753331510,14516065317,0.603009928575,34,0,0,0,0,0,0,0,0,0,0,0
19,cn2449,refined_surface_save,io,0,0,0,0,0,0,0,0,0,0,0,0,0,0,0,0,0,0,0,0
19,cn2449,local_volume_mesh,compute,22.38041658,1,11533131919,265083079,2.29844833877,31454128215,52063957243,0.604144015949,9250,0,0,0,0,0,76828,3299544,0,0,0,0
19,cn2449,volume_refine,compute,2.13065677,1,10170285376,263291362,2.58882963718,27247851479,49544841012,0.549963445688,8524,0,0,0,0,0,0,8,0,0,0,0
19,cn2449,refined_volume_save,io,0,0,0,0,0,0,0,0,0,0,0,0,0,0,0,0,0,0,0,0
19,cn2449,adjacency_build,compute,0.00645248299998,1,9610558180,240677063,2.50429848602,26170737940,45253864622,0.578309458399,7,0,0,0,0,0,0,0,0,0,0,0
19,cn2449,vertex_numbering_local,compute,0.0312710979997,1,9614964813,240802689,2.50445730882,26181391285,45308311404,0.577849636716,7,0,0,0,0,0,0,0,0,0,0,0
19,cn2449,vertex_count_pre_collective_wait,synchronization,5.074917392,1,16145328994,240651804,1.49053515162,39077859734,56395525311,0.692924829027,29,0,0,0,0,0,0,3,0,0,0,0
19,cn2449,vertex_count_allgather,communication,0.000559887000236,1,9610148608,240646915,2.50409150593,26169897820,45240326139,0.578463951378,10,0,0,0,0,0,0,0,1,1,4,128
19,cn2449,element_count_pre_collective_wait,synchronization,0.000531106999915,1,9610512665,240646251,2.50398973903,26170613874,45240933585,0.578472011963,0,0,0,0,0,0,0,0,0,0,0,0
19,cn2449,element_count_allgather,communication,0.000121782000406,1,9610005188,240646209,2.50412153055,26169614469,45239991530,0.578461966591,1,0,0,0,0,0,0,0,1,1,4,128
19,cn2449,vertex_exchange_prepare,compute,3.21610000356e-05,1,9609904440,240646076,2.50414639919,26169423206,45239835763,0.578459730559,0,0,0,0,0,0,0,0,0,0,0,0
19,cn2449,vertex_exchange,communication,0.00251983199996,1,9613038976,240652388,2.50339552977,26175642283,45244698521,0.578535013795,27,0,0,0,0,0,0,0,0,3,0,93148
19,cn2449,vertex_exchange_unpack,compute,0.00152549999984,1,9610430263,240656033,2.50411299405,26170686484,45243120171,0.578445659475,0,0,0,0,0,0,0,0,0,0,0,0
19,cn2449,partition_result_io,io,0,0,0,0,0,0,0,0,0,0,0,0,0,0,0,0,0,0,0,0
19,cn2449,volume_exchange_pack,compute,0.371795891,2,19477346431,485830106,2.49433416262,53075812115,91295764092,0.581361168756,0,0,0,0,0,0,0,0,0,0,0,0
19,cn2449,volume_size_exchange,communication,0.183954201,1,9846286969,240646798,2.44403599811,26636020860,45644117755,0.583558674591,3,0,0,0,0,0,0,0,3,3,12,12
19,cn2449,volume_payload_prepare,compute,0.000117801000215,1,9609904548,240646092,2.50414653754,26169476623,45240022383,0.578458525096,0,0,0,0,0,0,0,0,0,0,0,0
19,cn2449,volume_payload_exchange,communication,0.097898646,1,9734324126,240659943,2.47228199806,26415106925,45453559652,0.581144956022,33,0,0,0,0,0,0,0,3,3,958320,954600
19,cn2449,volume_exchange_unpack,compute,0.327066501,1,9836698242,245381728,2.4945537818,26813107157,45871238452,0.584529828752,15148,0,0,0,0,0,0,1,0,0,0,0
19,cn2449,final_mesh_save,io,0,0,0,0,0,0,0,0,0,0,0,0,0,0,0,0,0,0,0,0
19,cn2449,testout_io,io,0,0,0,0,0,0,0,0,0,0,0,0,0,0,0,0,0,0,0,0
19,cn2449,final_count_exchange,communication,0,0,0,0,0,0,0,0,0,0,0,0,0,0,0,0,0,0,0,0
19,cn2449,quality_surface_compute,postprocess,0,0,0,0,0,0,0,0,0,0,0,0,0,0,0,0,0,0,0,0
19,cn2449,quality_reduce_pre_collective_wait,synchronization,0,0,0,0,0,0,0,0,0,0,0,0,0,0,0,0,0,0,0,0
19,cn2449,quality_reduce,communication,0,0,0,0,0,0,0,0,0,0,0,0,0,0,0,0,0,0,0,0
19,cn2449,quality_summary_io,io,0,0,0,0,0,0,0,0,0,0,0,0,0,0,0,0,0,0,0,0
19,cn2449,quality_volume_compute,postprocess,0,0,0,0,0,0,0,0,0,0,0,0,0,0,0,0,0,0,0,0
19,cn2449,quality_rank_io,io,0,0,0,0,0,0,0,0,0,0,0,0,0,0,0,0,0,0,0,0
20,cn2449,geometry_load,io,1.773497205,1,1405976711,23446802,1.66765223183,3317114687,3818715280,0.868646768292,6806,0,1035180,0,0,0,0,18,0,0,0,0
20,cn2449,coarse_local_size,setup,0.506725947,1,267868362,6078979,2.26939044037,632747619,896542444,0.705764264965,7871,0,0,0,0,0,166,94,0,0,0,0
20,cn2449,coarse_edge_mesh,setup,0.0131340080002,1,6325959,175802,2.77905689872,12803115,25792745,0.496384351491,489,0,0,0,0,0,0,0,0,0,0,0
20,cn2449,coarse_surface_mesh,setup,8.668477675,1,5676249685,164001027,2.88924970009,15312714660,18840165505,0.812769646633,17507,0,0,0,0,0,0,85,0,0,0,0
20,cn2449,coarse_volume_mesh,setup,15.004760816,1,5310864192,128147239,2.4129263029,13427564989,22375066522,0.600112852214,29971,0,0,0,0,0,83251,2800367,0,0,0,0
20,cn2449,coarse_mesh_save,io,0,0,0,0,0,0,0,0,0,0,0,0,0,0,0,0,0,0,0,0
20,cn2449,submesh_initialization,setup,0.000294624000162,1,4043701829,100074785,2.47483096509,10115487350,16940483597,0.59711916086,2,0,0,0,0,0,0,0,0,0,0,0
20,cn2449,metis_partition,compute,0.146321961,1,4127361379,105656573,2.55990603434,10310528433,17259542781,0.597381319067,193,0,0,0,0,0,0,1,0,0,0,0
20,cn2449,face_map_setup,compute,0.0086068290002,1,4046759868,100139738,2.47456585679,10123387328,16958431788,0.596953035195,213,0,0,0,0,0,0,0,0,0,0,0
20,cn2449,face_local_extract,compute,0.171277219,1,4105155539,102232080,2.49033389914,10279415083,17312902342,0.593743029328,712,0,0,0,0,0,0,1,0,0,0,0
20,cn2449,face_pre_collective_wait,synchronization,0.0198958729998,1,4066917834,100264367,2.46536495431,10161430024,16983914089,0.598297304776,0,0,0,0,0,0,0,0,0,0,0,0
20,cn2449,face_collective_setup,compute,0.000136241000291,1,4043617959,100071181,2.47479316826,10115341495,16940375140,0.597114373879,16,0,0,0,0,0,0,0,0,0,0,0
20,cn2449,face_allgatherv,communication,0.069894149,1,4177471569,100703963,2.41064388678,10376179727,17088383086,0.607206642945,912,0,0,0,0,0,0,1,1,1,151800,4859624
20,cn2449,face_global_merge,compute,0.083371361,1,4061860953,100999241,2.4865263033,10159844530,17121664006,0.593391187121,350,0,0,0,0,0,0,1,0,0,0,0
20,cn2449,part_face_create,compute,0.02050164,1,4048208150,100256326,2.47656054939,10126019553,16984654542,0.596186370936,3,0,0,0,0,0,0,0,0,0,0,0
20,cn2449,surface_refine,compute,0.0242883489996,1,4052439035,100422438,2.47807399773,10133611206,16992977681,0.596341111972,34,0,0,0,0,0,0,0,0,0,0,0
20,cn2449,refined_surface_save,io,0,0,0,0,0,0,0,0,0,0,0,0,0,0,0,0,0,0,0,0
20,cn2449,local_volume_mesh,compute,22.585178566,1,12292589818,301944256,2.45631116364,32657209691,54726815492,0.596731408495,10823,0,0,0,0,0,79674,3318051,0,0,0,0
20,cn2449,volume_refine,compute,1.760736243,1,8843160385,208303695,2.35553451403,22374241080,37780384741,0.592218454984,8501,0,0,0,0,0,0,17,0,0,0,0
20,cn2449,refined_volume_save,io,0,0,0,0,0,0,0,0,0,0,0,0,0,0,0,0,0,0,0,0
20,cn2449,adjacency_build,compute,0.006597564,1,8291344293,184978105,2.23097845733,21307085487,34259204152,0.621937549759,8,0,0,0,0,0,0,0,0,0,0,0
20,cn2449,vertex_numbering_local,compute,0.0357686550001,1,8302443733,185212184,2.23081528712,21333757709,34321057044,0.621593841986,4,0,0,0,0,0,0,1,0,0,0,0
20,cn2449,vertex_count_pre_collective_wait,synchronization,5.239344724,1,14397774366,233977180,1.62509269872,32957019416,45760509458,0.720206566893,30,0,0,0,0,0,0,48,0,0,0,0
20,cn2449,vertex_count_allgather,communication,0.000585747000059,1,8290790165,184946153,2.23074217679,21305842487,34245497193,0.62215018713,9,0,0,0,0,0,0,0,1,1,4,128
20,cn2449,element_count_pre_collective_wait,synchronization,0.00048952599991,1,8291002754,184947337,2.23069925903,21306273522,34245909254,0.622155287628,0,0,0,0,0,0,0,0,0,0,0,0
20,cn2449,element_count_allgather,communication,0.000119322000046,1,8290513342,184943328,2.23078258692,21305311485,34244906947,0.622145404512,2,0,0,0,0,0,1,0,1,1,4,128
20,cn2449,vertex_exchange_prepare,compute,5.23610001437e-05,1,8290504966,184943140,2.23078257306,21305307454,34244948361,0.622144534411,0,0,0,0,0,0,0,0,0,0,0,0
20,cn2449,vertex_exchange,communication,0.00431859499986,1,8297154628,184968355,2.22929863662,21318521417,34252985289,0.622384333428,64,0,0,0,0,0,0,0,5,4,236478,162250
20,cn2449,vertex_exchange_unpack,compute,0.00249969200013,1,8291424098,184960684,2.23074687549,21307518967,34250328614,0.622111373211,0,0,0,0,0,0,0,0,0,0,0,0
20,cn2449,partition_result_io,io,0,0,0,0,0,0,0,0,0,0,0,0,0,0,0,0,0,0,0,0
20,cn2449,volume_exchange_pack,compute,0.506734607,2,16882183279,376192032,2.2283375662,43464537142,69592237043,0.624560137579,1063,0,0,0,0,0,0,4,0,0,0,0
20,cn2449,volume_size_exchange,communication,0.191876981,1,8515368814,186805051,2.19373999037,21747679464,34666466307,0.627340533396,2,0,0,0,0,0,0,2,5,5,20,20
20,cn2449,volume_payload_prepare,compute,0.000485645999561,1,8290505328,184943227,2.23078352504,21305422669,34245351713,0.622140571005,68,0,0,0,0,0,0,0,0,0,0,0
20,cn2449,volume_payload_exchange,communication,0.00626871999975,1,8290631945,184960151,2.23095358987,21305666547,34247005036,0.62211765743,641,0,0,0,0,0,4,0,5,5,4260960,4267440
20,cn2449,volume_exchange_unpack,compute,0.425011628,1,8540779395,192322710,2.25181685541,22011441075,35077424483,0.627510183528,15684,0,0,0,0,0,0,5,0,0,0,0
20,cn2449,final_mesh_save,io,0,0,0,0,0,0,0,0,0,0,0,0,0,0,0,0,0,0,0,0
20,cn2449,testout_io,io,0,0,0,0,0,0,0,0,0,0,0,0,0,0,0,0,0,0,0,0
20,cn2449,final_count_exchange,communication,0,0,0,0,0,0,0,0,0,0,0,0,0,0,0,0,0,0,0,0
20,cn2449,quality_surface_compute,postprocess,0,0,0,0,0,0,0,0,0,0,0,0,0,0,0,0,0,0,0,0
20,cn2449,quality_reduce_pre_collective_wait,synchronization,0,0,0,0,0,0,0,0,0,0,0,0,0,0,0,0,0,0,0,0
20,cn2449,quality_reduce,communication,0,0,0,0,0,0,0,0,0,0,0,0,0,0,0,0,0,0,0,0
20,cn2449,quality_summary_io,io,0,0,0,0,0,0,0,0,0,0,0,0,0,0,0,0,0,0,0,0
20,cn2449,quality_volume_compute,postprocess,0,0,0,0,0,0,0,0,0,0,0,0,0,0,0,0,0,0,0,0
20,cn2449,quality_rank_io,io,0,0,0,0,0,0,0,0,0,0,0,0,0,0,0,0,0,0,0,0
21,cn2449,geometry_load,io,1.746435061,1,1400048629,24687780,1.76335160712,3316097177,3762124873,0.881442612604,6805,0,1035180,0,0,0,0,4,0,0,0,0
21,cn2449,coarse_local_size,setup,0.499601237,1,266574676,6314271,2.36866873281,632596795,888384317,0.712075599371,7694,0,0,0,0,0,130,70,0,0,0,0
21,cn2449,coarse_edge_mesh,setup,0.0133064490001,1,6304317,159389,2.52825167262,12804004,26069581,0.491147287714,488,0,0,0,0,0,0,0,0,0,0,0
21,cn2449,coarse_surface_mesh,setup,8.649474713,1,5675026333,163192433,2.8756242425,15313012350,18836746694,0.812932965483,14454,0,0,0,0,0,0,15,0,0,0,0
21,cn2449,coarse_volume_mesh,setup,15.074473722,1,5330131510,128255777,2.40624038561,13445644536,22488457325,0.597890924294,28134,0,0,0,0,0,83307,2872406,0,0,0,0
21,cn2449,coarse_mesh_save,io,0,0,0,0,0,0,0,0,0,0,0,0,0,0,0,0,0,0,0,0
21,cn2449,submesh_initialization,setup,0.000383564999993,1,4880327263,122160303,2.50311703328,12202659137,20606157980,0.592185071513,2,0,0,0,0,0,2,0,0,0,0,0
21,cn2449,metis_partition,compute,0.150436474,1,4963276357,127757504,2.57405582141,12397680689,20933331060,0.592245957104,216,0,0,0,0,0,0,1,0,0,0,0
21,cn2449,face_map_setup,compute,0.00801874199988,1,4883372344,122222965,2.50283935752,12210558793,20622896257,0.592087485717,215,0,0,0,0,0,0,0,0,0,0,0
21,cn2449,face_local_extract,compute,0.171438162,1,4941779144,124321997,2.51573357241,12366585533,20978697837,0.589482990274,733,0,0,0,0,0,0,0,0,0,0,0
21,cn2449,face_pre_collective_wait,synchronization,0.016169426,1,4899140812,122312922,2.49661985017,12239789848,20641338950,0.592974606814,0,0,0,0,0,0,0,0,0,0,0,0
21,cn2449,face_collective_setup,compute,0.000129842000206,1,4880244504,122156740,2.50308647241,12202513301,20606019485,0.592181974296,16,0,0,0,0,0,0,0,0,0,0,0
21,cn2449,face_allgatherv,communication,0.0697274670001,1,5013907890,122795411,2.44909586881,12462738795,20753923867,0.600500361997,978,0,0,0,0,0,0,0,1,1,151800,4859624
21,cn2449,face_global_merge,compute,0.082340248,1,4898528553,123019474,2.51135565852,12247017150,20785444528,0.58921122103,240,0,0,0,0,0,0,1,0,0,0,0
21,cn2449,part_face_create,compute,0.0205104010001,1,4884837181,122335565,2.50439391257,12213287461,20650498527,0.59142821395,3,0,0,0,0,0,0,0,0,0,0,0
21,cn2449,surface_refine,compute,0.0259013099999,1,4889974877,122475892,2.50463233617,12222763712,20662116728,0.59155428618,34,0,0,0,0,0,0,0,0,0,0,0
21,cn2449,refined_surface_save,io,0,0,0,0,0,0,0,0,0,0,0,0,0,0,0,0,0,0,0,0
21,cn2449,local_volume_mesh,compute,20.117928493,1,12291189988,293893196,2.39108822081,32154128956,53216579434,0.604212621292,10551,0,0,0,0,0,84481,3175103,0,0,0,0
21,cn2449,volume_refine,compute,1.75657129,1,12678880534,315794139,2.49070994993,32785440162,56061186160,0.584815313547,8937,0,0,0,0,0,0,4,0,0,0,0
21,cn2449,refined_volume_save,io,0,0,0,0,0,0,0,0,0,0,0,0,0,0,0,0,0,0,0,0
21,cn2449,adjacency_build,compute,0.00394374999996,1,12102117744,291342231,2.40736569552,31667440304,52545737653,0.602664301967,3,0,0,0,0,0,0,0,0,0,0,0
21,cn2449,vertex_numbering_local,compute,0.0252642619998,1,12112187350,291547969,2.40706290759,31691663347,52592547918,0.602588476915,4,0,0,0,0,0,0,0,0,0,0,0
21,cn2449,vertex_count_pre_collective_wait,synchronization,7.724118499,1,21262397017,367361142,1.72775036468,49738235913,69513171297,0.715522468404,29,0,0,0,0,0,0,21,0,0,0,0
21,cn2449,vertex_count_allgather,communication,0.000561766999908,1,12101508765,291310528,2.40722486474,31666132551,52537696841,0.602731647084,10,0,0,0,0,0,0,0,1,1,4,128
21,cn2449,element_count_pre_collective_wait,synchronization,0.00027090399999,1,12101556569,291310303,2.40721349637,31666227008,52537772050,0.602732582148,0,0,0,0,0,0,0,0,0,0,0,0
21,cn2449,element_count_allgather,communication,0.000120221999623,1,12101382246,291309297,2.4072398597,31665883126,52537391592,0.602730401462,1,0,0,0,0,0,0,0,1,1,4,128
21,cn2449,vertex_exchange_prepare,compute,6.47010001558e-05,1,12101299657,291308044,2.40724593438,31665740899,52537313414,0.602728591191,0,0,0,0,0,0,0,0,0,0,0,0
21,cn2449,vertex_exchange,communication,0.00371034699992,1,12107119699,291336263,2.40632181925,31677190385,52544425526,0.602864910367,33,0,0,0,0,0,0,0,2,4,60192,281116
21,cn2449,vertex_exchange_unpack,compute,0.00427125400029,1,12102898161,291338451,2.40717923199,31669597122,52546565597,0.602695851997,0,0,0,0,0,0,0,0,0,0,0,0
21,cn2449,partition_result_io,io,0,0,0,0,0,0,0,0,0,0,0,0,0,0,0,0,0,0,0,0
21,cn2449,volume_exchange_pack,compute,0.540973943,2,24505520158,588712453,2.40236668801,64191656513,106253211939,0.604138504066,934,0,0,0,0,0,0,1,0,0,0,0
21,cn2449,volume_size_exchange,communication,0.156441711,1,12277690237,294242601,2.39656315903,32014395154,52881028917,0.605404164965,2,0,0,0,0,0,0,0,5,5,20,20
21,cn2449,volume_payload_prepare,compute,0.000391184999899,1,12101299904,291308105,2.40724638932,31665858154,52537741838,0.602725908008,34,0,0,0,0,0,0,0,0,0,0,0
21,cn2449,volume_payload_exchange,communication,0.00630524100006,1,12103308046,291340632,2.40711573144,31669806924,52542841727,0.602742559844,456,0,0,0,0,0,4,0,5,5,3639480,3630240
21,cn2449,volume_exchange_unpack,compute,0.389953201,1,12348645094,297313916,2.40766427197,32361488605,53297726741,0.607183281236,15836,0,0,0,0,0,0,1,0,0,0,0
21,cn2449,final_mesh_save,io,0,0,0,0,0,0,0,0,0,0,0,0,0,0,0,0,0,0,0,0
21,cn2449,testout_io,io,0,0,0,0,0,0,0,0,0,0,0,0,0,0,0,0,0,0,0,0
21,cn2449,final_count_exchange,communication,0,0,0,0,0,0,0,0,0,0,0,0,0,0,0,0,0,0,0,0
21,cn2449,quality_surface_compute,postprocess,0,0,0,0,0,0,0,0,0,0,0,0,0,0,0,0,0,0,0,0
21,cn2449,quality_reduce_pre_collective_wait,synchronization,0,0,0,0,0,0,0,0,0,0,0,0,0,0,0,0,0,0,0,0
21,cn2449,quality_reduce,communication,0,0,0,0,0,0,0,0,0,0,0,0,0,0,0,0,0,0,0,0
21,cn2449,quality_summary_io,io,0,0,0,0,0,0,0,0,0,0,0,0,0,0,0,0,0,0,0,0
21,cn2449,quality_volume_compute,postprocess,0,0,0,0,0,0,0,0,0,0,0,0,0,0,0,0,0,0,0,0
21,cn2449,quality_rank_io,io,0,0,0,0,0,0,0,0,0,0,0,0,0,0,0,0,0,0,0,0
22,cn2449,geometry_load,io,1.785925623,1,1400888158,23773136,1.69700456559,3316424728,3846850692,0.862114231493,6805,0,1035180,0,0,0,0,2,0,0,0,0
22,cn2449,coarse_local_size,setup,0.509891208,1,266228161,6370229,2.3927705379,632291279,909271684,0.695382128495,7783,0,0,0,0,0,170,65,0,0,0,0
22,cn2449,coarse_edge_mesh,setup,0.013785356,1,6331792,169430,2.67586174656,12810547,27042217,0.473723992378,507,0,0,0,0,0,0,0,0,0,0,0
22,cn2449,coarse_surface_mesh,setup,8.893116753,1,5674690888,163797688,2.88646009506,15311979614,19363817048,0.790752131981,14150,0,0,0,0,0,0,9,0,0,0,0
22,cn2449,coarse_volume_mesh,setup,15.228161498,1,5306093305,125632606,2.36770442543,13402503881,23103880727,0.580097518654,26300,0,0,0,0,0,85725,2766492,0,0,0,0
22,cn2449,coarse_mesh_save,io,0,0,0,0,0,0,0,0,0,0,0,0,0,0,0,0,0,0,0,0
22,cn2449,submesh_initialization,setup,0.000344003999999,1,2749897088,60804138,2.21114231021,7567157477,12941510755,0.584719792013,1,0,0,0,0,0,0,0,0,0,0,0
22,cn2449,metis_partition,compute,0.156782675,1,2834291079,66412757,2.34318759608,7762191339,13275484081,0.584701189926,1843,0,0,0,0,0,0,0,0,0,0,0
22,cn2449,face_map_setup,compute,0.0081964850001,1,2752928475,60871226,2.21114447952,7575053671,12957820387,0.584593198915,601,0,0,0,0,0,0,0,0,0,0,0
22,cn2449,face_local_extract,compute,0.180006171,1,2811584370,62950941,2.23898459786,7731084023,13331872970,0.579894816009,1379,0,0,0,0,0,0,0,0,0,0,0
22,cn2449,face_pre_collective_wait,synchronization,0.00122215600004,1,2751271690,60799769,2.20987877064,7569873802,12943828034,0.584824966935,22,0,0,0,0,0,0,0,0,0,0,0
22,cn2449,face_collective_setup,compute,0.000114661000225,1,2749817226,60800497,2.21107411886,7567011587,12941323714,0.584716969781,18,0,0,0,0,0,0,0,0,0,0,0
22,cn2449,face_allgatherv,communication,0.069505724,1,2880252792,61591623,2.13841032187,7821106415,13088797058,0.597542033874,969,0,0,0,0,0,0,0,1,1,151800,4859624
22,cn2449,face_global_merge,compute,0.0873886320001,1,2768038018,61670418,2.22794692844,7611513704,13131266230,0.57964811395,536,0,0,0,0,0,0,0,0,0,0,0
22,cn2449,part_face_create,compute,0.021654015,1,2754468231,60985556,2.21405915355,7577873996,12988217372,0.583442190638,34,0,0,0,0,0,0,0,0,0,0,0
22,cn2449,surface_refine,compute,0.0384207890002,1,2761238003,61236195,2.21770796047,7590178392,13017818359,0.583060708229,1002,0,0,0,0,0,0,0,0,0,0,0
22,cn2449,refined_surface_save,io,0,0,0,0,0,0,0,0,0,0,0,0,0,0,0,0,0,0,0,0
22,cn2449,local_volume_mesh,compute,24.691955831,1,11716346095,285241586,2.43456094321,32038921786,55601702165,0.576221959733,21918,0,0,0,0,0,81402,3202947,0,0,0,0
22,cn2449,volume_refine,compute,2.274765923,1,11145769343,277269646,2.48766718086,30628847668,55617155021,0.550708637586,13599,0,0,0,0,0,0,3,0,0,0,0
22,cn2449,refined_volume_save,io,0,0,0,0,0,0,0,0,0,0,0,0,0,0,0,0,0,0,0,0
22,cn2449,adjacency_build,compute,0.00395841,1,10491446809,252120813,2.40310814695,29357620790,51070794284,0.574841672263,2,0,0,0,0,0,0,0,0,0,0,0
22,cn2449,vertex_numbering_local,compute,0.0300865029999,1,10501520473,252356056,2.40304303219,29382083002,51123470088,0.574727868656,898,0,0,0,0,0,0,0,0,0,0,0
22,cn2449,vertex_count_pre_collective_wait,synchronization,2.607955383,1,13692437990,252089068,1.84108241486,35679638023,56794808341,0.628220062101,28,0,0,0,0,0,0,3,0,0,0,0
22,cn2449,vertex_count_allgather,communication,0.00058628700026,1,10490772172,252086651,2.40293704664,29356165822,51062555747,0.574905924558,48,0,0,0,0,0,1,0,1,1,4,128
22,cn2449,element_count_pre_collective_wait,synchronization,4.09209997088e-05,1,10490635553,252085845,2.40296065693,29355897737,51062228283,0.574904361288,0,0,0,0,0,0,0,0,0,0,0,0
22,cn2449,element_count_allgather,communication,8.76409999364e-05,1,10490688115,252086003,2.40295012335,29356001671,51062291710,0.574905682607,1,0,0,0,0,0,0,0,1,1,4,128
22,cn2449,vertex_exchange_prepare,compute,0.000174461999904,1,10490632779,252085765,2.40296052975,29355901943,51062212556,0.574904620727,34,0,0,0,0,0,0,0,0,0,0,0
22,cn2449,vertex_exchange,communication,0.00305021800023,1,10495453734,252133655,2.40231305278,29365399192,51068121486,0.575024072504,61,0,0,0,0,0,0,0,3,4,178354,146806
22,cn2449,vertex_exchange_unpack,compute,0.00245011100014,1,10491478954,252101529,2.40291697772,29357943606,51067504507,0.574885025016,0,0,0,0,0,0,0,0,0,0,0,0
22,cn2449,partition_result_io,io,0,0,0,0,0,0,0,0,0,0,0,0,0,0,0,0,0,0,0,0
22,cn2449,volume_exchange_pack,compute,0.698488827,2,21331812134,514396979,2.41140778743,59709644992,103632305703,0.576168257446,3628,0,0,0,0,0,0,0,0,0,0,0
22,cn2449,volume_size_exchange,communication,0.000100101000044,1,10490636432,252085917,2.40296114191,29355900011,51062219276,0.574904507231,25,0,0,0,0,0,0,0,5,5,20,20
22,cn2449,volume_payload_prepare,compute,0.000531987000159,1,10490633572,252086058,2.40296314107,29355980407,51062536209,0.574902513397,123,0,0,0,0,0,0,0,0,0,0,0
22,cn2449,volume_payload_exchange,communication,0.00586627500024,1,10491290152,252103927,2.40298307784,29357344752,51065943580,0.57489087039,586,0,0,0,0,0,5,0,5,5,3433560,3448800
22,cn2449,volume_exchange_unpack,compute,0.439998538,1,10770634542,258775504,2.4026022143,30148843198,51914271969,0.580742868088,18021,0,0,0,0,0,0,1,0,0,0,0
22,cn2449,final_mesh_save,io,0,0,0,0,0,0,0,0,0,0,0,0,0,0,0,0,0,0,0,0
22,cn2449,testout_io,io,0,0,0,0,0,0,0,0,0,0,0,0,0,0,0,0,0,0,0,0
22,cn2449,final_count_exchange,communication,0,0,0,0,0,0,0,0,0,0,0,0,0,0,0,0,0,0,0,0
22,cn2449,quality_surface_compute,postprocess,0,0,0,0,0,0,0,0,0,0,0,0,0,0,0,0,0,0,0,0
22,cn2449,quality_reduce_pre_collective_wait,synchronization,0,0,0,0,0,0,0,0,0,0,0,0,0,0,0,0,0,0,0,0
22,cn2449,quality_reduce,communication,0,0,0,0,0,0,0,0,0,0,0,0,0,0,0,0,0,0,0,0
22,cn2449,quality_summary_io,io,0,0,0,0,0,0,0,0,0,0,0,0,0,0,0,0,0,0,0,0
22,cn2449,quality_volume_compute,postprocess,0,0,0,0,0,0,0,0,0,0,0,0,0,0,0,0,0,0,0,0
22,cn2449,quality_rank_io,io,0,0,0,0,0,0,0,0,0,0,0,0,0,0,0,0,0,0,0,0
23,cn2449,geometry_load,io,1.798332241,1,1413570939,24643011,1.7433161874,3316277127,3877490398,0.855263788328,6805,0,1035180,0,0,0,1,6,0,0,0,0
23,cn2449,coarse_local_size,setup,0.510469295,1,269482974,6461575,2.39776743743,633003857,924562178,0.684652554541,7717,0,0,0,0,0,132,60,0,0,0,0
23,cn2449,coarse_edge_mesh,setup,0.0143654230001,1,6314821,185196,2.93271970813,12806718,28168819,0.454641637621,518,0,0,0,0,0,0,0,0,0,0,0
23,cn2449,coarse_surface_mesh,setup,8.902059967,1,5679825980,162707006,2.86464772993,15312225263,19384499321,0.789921112196,14874,0,0,0,0,0,0,26,0,0,0,0
23,cn2449,coarse_volume_mesh,setup,15.080702161,1,5297437650,130402779,2.46161989278,13390656179,22963994828,0.583115275861,25983,0,0,0,0,0,89363,2683248,0,0,0,0
23,cn2449,coarse_mesh_save,io,0,0,0,0,0,0,0,0,0,0,0,0,0,0,0,0,0,0,0,0
23,cn2449,submesh_initialization,setup,0.00036212499981,1,4754546999,118607258,2.4946069105,11881602407,20499766291,0.579596968977,1,0,0,0,0,0,1,0,0,0,0,0
23,cn2449,metis_partition,compute,0.152409999,1,4838525567,124219210,2.56729469091,12076631066,20831331369,0.579734000294,341,0,0,0,0,0,0,2,0,0,0,0
23,cn2449,face_map_setup,compute,0.00808280299998,1,4757608178,118667269,2.49426317932,11889491764,20516706794,0.579502933067,212,0,0,0,0,0,0,0,0,0,0,0
23,cn2449,face_local_extract,compute,0.177885424,1,4816201990,120770882,2.50759586601,12045528695,20887056994,0.576698225052,678,0,0,0,0,0,0,0,0,0,0,0
23,cn2449,face_pre_collective_wait,synchronization,0.00780009999971,1,4764187077,118603021,2.48947027233,11900629433,20516565949,0.580049773563,0,0,0,0,0,0,0,0,0,0,0,0
23,cn2449,face_collective_setup,compute,0.000110121000034,1,4754467057,118603712,2.49457427253,11881456636,20499597120,0.579594641126,16,0,0,0,0,0,0,0,0,0,0,0
23,cn2449,face_allgatherv,communication,0.0694526840002,1,4888501337,119035495,2.43500997124,12142525186,20645734162,0.588137243787,1351,0,0,0,0,0,1,0,1,1,151800,4859624
23,cn2449,face_global_merge,compute,0.0877901770004,1,4772695378,119508846,2.50401160214,11925959081,20690512877,0.576397460609,388,0,0,0,0,0,0,0,0,0,0,0
23,cn2449,part_face_create,compute,0.021621035,1,4759101754,118786902,2.49599416319,11892290657,20546602640,0.578795962786,3,0,0,0,0,0,0,0,0,0,0,0
23,cn2449,surface_refine,compute,0.038477649,1,4765528630,119045218,2.49804853234,11903906146,20575802400,0.578539097265,986,0,0,0,0,0,0,1,0,0,0,0
23,cn2449,refined_surface_save,io,0,0,0,0,0,0,0,0,0,0,0,0,0,0,0,0,0,0,0,0
23,cn2449,local_volume_mesh,compute,23.538686218,1,13487376092,337923905,2.50548292488,35779554719,61689764085,0.579991757947,13344,0,0,0,0,0,74877,2942809,0,0,0,0
23,cn2449,volume_refine,compute,2.361936372,1,12997109492,347655960,2.67487136439,33759249350,62549705076,0.539718761407,13821,0,0,0,0,0,0,8,0,0,0,0
23,cn2449,refined_volume_save,io,0,0,0,0,0,0,0,0,0,0,0,0,0,0,0,0,0,0,0,0
23,cn2449,adjacency_build,compute,0.00474679999979,1,12344581450,322394512,2.61162772756,32498209876,57821625690,0.562042479577,2,0,0,0,0,0,0,0,0,0,0,0
23,cn2449,vertex_numbering_local,compute,0.029725679,1,12352709922,322567548,2.61130998815,32517866184,57872428431,0.561888745048,765,0,0,0,0,0,0,0,0,0,0,0
23,cn2449,vertex_count_pre_collective_wait,synchronization,3.673388379,1,16912414908,322367411,1.90609923393,41510154163,65887422598,0.630016360122,28,0,0,0,0,0,0,12,0,0,0,0
23,cn2449,vertex_count_allgather,communication,0.000587147999795,1,12344009509,322361939,2.6114848564,32496976354,57811709157,0.562117550715,50,0,0,0,0,0,0,0,1,1,4,128
23,cn2449,element_count_pre_collective_wait,synchronization,7.98410001153e-05,1,12343851469,322361227,2.61151252354,32496665544,57811338196,0.562115781403,1,0,0,0,0,0,0,0,0,0,0,0
23,cn2449,element_count_allgather,communication,0.000111102000119,1,12343951969,322361169,2.61149079168,32496864187,57811459635,0.562118036669,0,0,0,0,0,0,0,0,1,1,4,128
23,cn2449,vertex_exchange_prepare,compute,0.000151682000251,1,12343838673,322361097,2.61151417756,32496649880,57811277793,0.562116097768,32,0,0,0,0,0,0,0,0,0,0,0
23,cn2449,vertex_exchange,communication,0.00456093799994,1,12350184929,322372881,2.61026764258,32509107500,57820221925,0.562244599168,65,0,0,0,0,0,0,0,3,2,115060,119834
23,cn2449,vertex_exchange_unpack,compute,0.00196838500005,1,12344530458,322375509,2.61148457689,32498317586,57815546056,0.562103444539,0,0,0,0,0,0,0,0,0,0,0,0
23,cn2449,partition_result_io,io,0,0,0,0,0,0,0,0,0,0,0,0,0,0,0,0,0,0,0,0
23,cn2449,volume_exchange_pack,compute,0.555976114,2,25011578097,649023619,2.59489271922,65916034392,116831381523,0.56419802225,1107,0,0,0,0,0,0,1,0,0,0,0
23,cn2449,volume_size_exchange,communication,0.141592122,1,12519625659,322361419,2.57484870379,32843357970,58122473184,0.565071583689,1,0,0,0,0,0,0,0,3,3,12,12
23,cn2449,volume_payload_prepare,compute,0.000394345000132,1,12343839078,322361081,2.61151396225,32496726288,57811637619,0.562113920767,34,0,0,0,0,0,0,0,0,0,0,0
23,cn2449,volume_payload_exchange,communication,0.00471430000016,1,12345469505,322373524,2.6112698579,32499918777,57815357128,0.562132976279,286,0,0,0,0,0,4,0,3,3,2479080,2475120
23,cn2449,volume_exchange_unpack,compute,0.425925079,1,12618730691,328370383,2.60224574912,33270047461,58634008557,0.567418948146,17778,0,0,0,0,0,0,13,0,0,0,0
23,cn2449,final_mesh_save,io,0,0,0,0,0,0,0,0,0,0,0,0,0,0,0,0,0,0,0,0
23,cn2449,testout_io,io,0,0,0,0,0,0,0,0,0,0,0,0,0,0,0,0,0,0,0,0
23,cn2449,final_count_exchange,communication,0,0,0,0,0,0,0,0,0,0,0,0,0,0,0,0,0,0,0,0
23,cn2449,quality_surface_compute,postprocess,0,0,0,0,0,0,0,0,0,0,0,0,0,0,0,0,0,0,0,0
23,cn2449,quality_reduce_pre_collective_wait,synchronization,0,0,0,0,0,0,0,0,0,0,0,0,0,0,0,0,0,0,0,0
23,cn2449,quality_reduce,communication,0,0,0,0,0,0,0,0,0,0,0,0,0,0,0,0,0,0,0,0
23,cn2449,quality_summary_io,io,0,0,0,0,0,0,0,0,0,0,0,0,0,0,0,0,0,0,0,0
23,cn2449,quality_volume_compute,postprocess,0,0,0,0,0,0,0,0,0,0,0,0,0,0,0,0,0,0,0,0
23,cn2449,quality_rank_io,io,0,0,0,0,0,0,0,0,0,0,0,0,0,0,0,0,0,0,0,0
24,cn2449,geometry_load,io,1.774763082,1,1412593752,23027171,1.63013399765,3317716146,3825768731,0.867202483808,6806,0,1035180,0,0,0,0,2,0,0,0,0
24,cn2449,coarse_local_size,setup,0.4982307,1,267108523,6158959,2.30578902194,631971336,888969177,0.71090354126,7808,0,0,0,0,0,92,42,0,0,0,0
24,cn2449,coarse_edge_mesh,setup,0.0131737880001,1,6280378,158544,2.52443403884,12749645,25821742,0.493756191972,493,0,0,0,0,0,0,0,0,0,0,0
24,cn2449,coarse_surface_mesh,setup,8.644260487,1,5675564827,159056882,2.80248551199,15314022157,18819941774,0.813712515209,15257,0,0,0,0,0,0,8,0,0,0,0
24,cn2449,coarse_volume_mesh,setup,14.83222896,1,5319889401,127818815,2.40265925408,13442093250,22206144903,0.605332141563,27584,0,0,0,0,0,86517,2724325,0,0,0,0
24,cn2449,coarse_mesh_save,io,0,0,0,0,0,0,0,0,0,0,0,0,0,0,0,0,0,0,0,0
24,cn2449,submesh_initialization,setup,0.000137961999826,1,3431296042,72411077,2.1103127248,9241554458,15072392329,0.613144499976,2,0,0,0,0,0,0,0,0,0,0,0
24,cn2449,metis_partition,compute,0.150314133,1,3513933485,78010960,2.22004657553,9436608037,15399616182,0.612782028167,309,0,0,0,0,0,0,1,0,0,0,0
24,cn2449,face_map_setup,compute,0.00776445899965,1,3434333123,72470900,2.11018842391,9249441429,15088549815,0.613010630074,221,0,0,0,0,0,0,0,0,0,0,0
24,cn2449,face_local_extract,compute,0.16742627,1,3492713919,74566252,2.13490866213,9405481365,15436654036,0.60929533972,619,0,0,0,0,0,0,0,0,0,0,0
24,cn2449,face_pre_collective_wait,synchronization,0.0208160850002,1,3457492254,72406880,2.09420223332,9293205372,15117807726,0.61471911407,0,0,0,0,0,0,0,0,0,0,0,0
24,cn2449,face_collective_setup,compute,0.000143401999594,1,3431213156,72407586,2.11026196007,9241408563,15072298287,0.613138645947,16,0,0,0,0,0,0,0,0,0,0,0
24,cn2449,face_allgatherv,communication,0.0696386659997,1,3565487902,72850711,2.04321857211,9502964192,15219129390,0.624409185866,1353,0,0,0,0,0,0,0,1,1,151800,4859624
24,cn2449,face_global_merge,compute,0.083369601,1,3449496113,73252392,2.12356789515,9285911554,15253330039,0.608779298046,415,0,0,0,0,0,0,0,0,0,0,0
24,cn2449,part_face_create,compute,0.020248798,1,3435794769,72582465,2.11253785165,9252002758,15116238935,0.612057192122,3,0,0,0,0,0,0,0,0,0,0,0
24,cn2449,surface_refine,compute,0.0221715819998,1,3439181145,72692098,2.1136455143,9257889497,15120327527,0.61228101577,35,0,0,0,0,0,0,0,0,0,0,0
24,cn2449,refined_surface_save,io,0,0,0,0,0,0,0,0,0,0,0,0,0,0,0,0,0,0,0,0
24,cn2449,local_volume_mesh,compute,16.120664874,1,9059824884,201666673,2.22594449211,24402373472,40007739853,0.609941315397,9313,0,0,0,0,0,71010,2936265,0,0,0,0
24,cn2449,volume_refine,compute,1.481765854,1,8625308903,206466841,2.39373271522,22794955666,39207512423,0.581392551001,7529,0,0,0,0,0,0,2,0,0,0,0
24,cn2449,refined_volume_save,io,0,0,0,0,0,0,0,0,0,0,0,0,0,0,0,0,0,0,0,0
24,cn2449,adjacency_build,compute,0.00380924799992,1,8149316817,186958177,2.29415767233,21877747874,36271658664,0.603163700802,5,0,0,0,0,0,0,0,0,0,0,0
24,cn2449,vertex_numbering_local,compute,0.0221960829999,1,8158623929,187150660,2.29389982464,21899998342,36311980593,0.603106687775,2,0,0,0,0,0,0,0,0,0,0,0
24,cn2449,vertex_count_pre_collective_wait,synchronization,12.002427735,1,23241447684,186936706,0.804324707056,51634304707,62646075023,0.824222502177,28,0,0,0,0,0,0,16,0,0,0,0
24,cn2449,vertex_count_allgather,communication,0.000568786999793,1,8148716971,186924291,2.29391070601,21876454559,36263819197,0.603258427916,10,0,0,0,0,0,1,0,1,1,4,128
24,cn2449,element_count_pre_collective_wait,synchronization,0.000618688000031,1,8149218760,186923620,2.2937612243,21877442930,36264697705,0.603271068408,0,0,0,0,0,0,0,0,0,0,0,0
24,cn2449,element_count_allgather,communication,0.000124382000195,1,8148650521,186923577,2.29392065003,21876323248,36263604402,0.603258380096,0,0,0,0,0,0,0,0,1,1,4,128
24,cn2449,vertex_exchange_prepare,compute,1.5220000023e-05,1,8148523618,186923440,2.29395469367,21876074406,36263373803,0.603255354144,0,0,0,0,0,0,0,0,0,0,0,0
24,cn2449,vertex_exchange,communication,0.0025036510001,1,8153126688,186939741,2.29285951456,21885222921,36268146826,0.603428210049,92,0,0,0,0,0,0,0,4,2,327492,2442
24,cn2449,vertex_exchange_unpack,compute,8.38609998937e-05,1,8148538043,186923832,2.29395544346,21876107433,36263516467,0.603253891633,0,0,0,0,0,0,0,0,0,0,0,0
24,cn2449,partition_result_io,io,0,0,0,0,0,0,0,0,0,0,0,0,0,0,0,0,0,0,0,0
24,cn2449,volume_exchange_pack,compute,0.427393378,2,16556477306,377610362,2.2807409754,44487062730,73445679088,0.605713818463,2946,0,0,0,0,0,0,0,0,0,0,0
24,cn2449,volume_size_exchange,communication,0.0871627890001,1,8257475100,186923795,2.2636919002,22090917535,36454806542,0.605980929004,25,0,0,0,0,0,0,0,4,4,16,16
24,cn2449,volume_payload_prepare,compute,0.000316864000069,1,8148524397,186923609,2.29395654836,21876113724,36263465182,0.603254918255,102,0,0,0,0,0,0,0,0,0,0,0
24,cn2449,volume_payload_exchange,communication,0.188153414,1,8377171757,186938427,2.23152195541,22327227268,36668852465,0.608888082585,955,0,0,0,0,0,2,0,4,4,3543120,3553320
24,cn2449,volume_exchange_unpack,compute,0.34034161,1,8359891547,195267397,2.33576471539,22470484258,36929313196,0.60847284483,13614,0,0,0,0,0,0,1,0,0,0,0
24,cn2449,final_mesh_save,io,0,0,0,0,0,0,0,0,0,0,0,0,0,0,0,0,0,0,0,0
24,cn2449,testout_io,io,0,0,0,0,0,0,0,0,0,0,0,0,0,0,0,0,0,0,0,0
24,cn2449,final_count_exchange,communication,0,0,0,0,0,0,0,0,0,0,0,0,0,0,0,0,0,0,0,0
24,cn2449,quality_surface_compute,postprocess,0,0,0,0,0,0,0,0,0,0,0,0,0,0,0,0,0,0,0,0
24,cn2449,quality_reduce_pre_collective_wait,synchronization,0,0,0,0,0,0,0,0,0,0,0,0,0,0,0,0,0,0,0,0
24,cn2449,quality_reduce,communication,0,0,0,0,0,0,0,0,0,0,0,0,0,0,0,0,0,0,0,0
24,cn2449,quality_summary_io,io,0,0,0,0,0,0,0,0,0,0,0,0,0,0,0,0,0,0,0,0
24,cn2449,quality_volume_compute,postprocess,0,0,0,0,0,0,0,0,0,0,0,0,0,0,0,0,0,0,0,0
24,cn2449,quality_rank_io,io,0,0,0,0,0,0,0,0,0,0,0,0,0,0,0,0,0,0,0,0
25,cn2449,geometry_load,io,1.765896289,1,1399830031,26119507,1.86590560436,3317151633,3803612368,0.872105596487,6809,0,1035180,0,0,0,0,2,0,0,0,0
25,cn2449,coarse_local_size,setup,0.496511838,1,266177574,6305975,2.36908575927,632269015,887527847,0.712393438851,7661,0,0,0,0,0,149,124,0,0,0,0
25,cn2449,coarse_edge_mesh,setup,0.0130259859998,1,6288619,168914,2.68602693215,12803803,25353542,0.505010424185,526,0,0,0,0,0,0,0,0,0,0,0
25,cn2449,coarse_surface_mesh,setup,8.656183938,1,5672165386,161809843,2.85269966562,15312344479,18826933996,0.813321196232,13838,0,0,0,0,0,0,10,0,0,0,0
25,cn2449,coarse_volume_mesh,setup,14.841846823,1,5295549054,123890214,2.33951593568,13384112497,22098013438,0.60567039361,28792,0,0,0,0,0,86955,2707944,0,0,0,0
25,cn2449,coarse_mesh_save,io,0,0,0,0,0,0,0,0,0,0,0,0,0,0,0,0,0,0,0,0
25,cn2449,submesh_initialization,setup,0.000312743999984,1,3060911124,62879666,2.05427937802,8358368978,13567118095,0.616075493666,2,0,0,0,0,0,0,0,0,0,0,0
25,cn2449,metis_partition,compute,0.147110112,1,3143705949,68454597,2.17751272258,8553395859,13887402280,0.615910426338,251,0,0,0,0,0,1,1,0,0,0,0
25,cn2449,face_map_setup,compute,0.00837146599997,1,3063968865,62942514,2.05428046998,8366261894,13584534848,0.615866644505,218,0,0,0,0,0,0,0,0,0,0,0
25,cn2449,face_local_extract,compute,0.168367102,1,3122344265,65044998,2.08321032146,8522296066,13933370556,0.611646409011,661,0,0,0,0,0,0,0,0,0,0,0
25,cn2449,face_pre_collective_wait,synchronization,0.0219855800001,1,3087586653,63097672,2.04359194061,8411027438,13615150507,0.617769699547,0,0,0,0,0,0,0,0,0,0,0,0
25,cn2449,face_collective_setup,compute,0.000160721999691,1,3060831415,62876162,2.05421839608,8358223176,13567046689,0.616067989416,16,0,0,0,0,0,0,0,0,0,0,0
25,cn2449,face_allgatherv,communication,0.0698476489997,1,3194373557,63487012,1.9874636096,8618458088,13713776104,0.628452588305,1353,0,0,0,0,0,2,0,1,1,151800,4859624
25,cn2449,face_global_merge,compute,0.0836261039999,1,3079051075,63737059,2.07002279103,8402725696,13748623736,0.611168496378,401,0,0,0,0,0,0,0,0,0,0,0
25,cn2449,part_face_create,compute,0.020532002,1,3065422477,63055572,2.05699450804,8368929074,13611336312,0.614849922312,3,0,0,0,0,0,0,0,0,0,0,0
25,cn2449,surface_refine,compute,0.02434713,1,3069946690,63182962,2.05811267687,8377133840,13619675491,0.61507587648,34,0,0,0,0,0,0,0,0,0,0,0
25,cn2449,refined_surface_save,io,0,0,0,0,0,0,0,0,0,0,0,0,0,0,0,0,0,0,0,0
25,cn2449,local_volume_mesh,compute,21.877784906,1,10935709202,259199879,2.37021554078,29706993072,49553947434,0.599487923976,14218,0,0,0,0,0,86736,3259357,0,0,0,0
25,cn2449,volume_refine,compute,1.693856192,1,6934178151,156075853,2.25081977419,18019805823,30214642995,0.596393140438,10309,0,0,0,0,0,0,9,0,0,0,0
25,cn2449,refined_volume_save,io,0,0,0,0,0,0,0,0,0,0,0,0,0,0,0,0,0,0,0,0
25,cn2449,adjacency_build,compute,0.00376838800003,1,6393700877,134798307,2.10829861442,16972825080,26835891196,0.632467353368,5,0,0,0,0,0,0,0,0,0,0,0
25,cn2449,vertex_numbering_local,compute,0.023922804,1,6403038082,134988834,2.10819976816,16995452893,26878325928,0.632310692955,245,0,0,0,0,0,0,0,0,0,0,0
25,cn2449,vertex_count_pre_collective_wait,synchronization,6.028716868,1,13727204692,195836207,1.42662844617,31483651784,40080846323,0.785503667519,30,0,0,0,0,0,0,6,0,0,0,0
25,cn2449,vertex_count_allgather,communication,0.000575106999804,1,6393250583,134768404,2.10797937998,16971825147,26828448407,0.632605542055,46,0,0,0,0,0,0,0,1,1,4,128
25,cn2449,element_count_pre_collective_wait,synchronization,0.000443966000148,1,6393375695,134768743,2.10794343128,16972076860,26828615048,0.632610995,0,0,0,0,0,0,0,0,0,0,0,0
25,cn2449,element_count_allgather,communication,0.000121461999697,1,6392995070,134765558,2.10801911349,16971323010,26827880268,0.632600221876,1,0,0,0,0,0,0,0,1,1,4,128
25,cn2449,vertex_exchange_prepare,compute,0.000154721999934,1,6392894522,134764680,2.1080385346,16971133684,26827717545,0.632597001796,35,0,0,0,0,0,0,0,0,0,0,0
25,cn2449,vertex_exchange,communication,0.00274445500008,1,6397836281,134780070,2.10665081256,16980818584,26833045205,0.632832332457,68,0,0,0,0,0,0,0,4,2,177078,148918
25,cn2449,vertex_exchange_unpack,compute,0.00224536799988,1,6393737687,134779314,2.10798942024,16973167333,26832575403,0.63255826465,0,0,0,0,0,0,0,0,0,0,0,0
25,cn2449,partition_result_io,io,0,0,0,0,0,0,0,0,0,0,0,0,0,0,0,0,0,0,0,0
25,cn2449,volume_exchange_pack,compute,0.491306791,2,13062005607,273685788,2.09528150756,34725878926,54720054392,0.634609729684,1498,0,0,0,0,0,0,0,0,0,0,0
25,cn2449,volume_size_exchange,communication,0.0698333290002,1,6477568699,135470453,2.09137809717,17138813774,26981101874,0.635215487271,2,0,0,0,0,0,0,0,4,4,16,16
25,cn2449,volume_payload_prepare,compute,0.000317884000196,1,6392895083,134764659,2.10803802112,16971251589,26827973783,0.63259535462,68,0,0,0,0,0,0,0,0,0,0,0
25,cn2449,volume_payload_exchange,communication,0.139366934,1,6557847773,136153571,2.07619291745,17297833574,27128198655,0.637632958752,389,0,0,0,0,0,2,0,4,4,3490800,3474960
25,cn2449,volume_exchange_unpack,compute,0.367540537,1,6633313840,140204666,2.11364439226,17638808897,27552581896,0.640187150648,12391,0,0,0,0,0,0,1,0,0,0,0
25,cn2449,final_mesh_save,io,0,0,0,0,0,0,0,0,0,0,0,0,0,0,0,0,0,0,0,0
25,cn2449,testout_io,io,0,0,0,0,0,0,0,0,0,0,0,0,0,0,0,0,0,0,0,0
25,cn2449,final_count_exchange,communication,0,0,0,0,0,0,0,0,0,0,0,0,0,0,0,0,0,0,0,0
25,cn2449,quality_surface_compute,postprocess,0,0,0,0,0,0,0,0,0,0,0,0,0,0,0,0,0,0,0,0
25,cn2449,quality_reduce_pre_collective_wait,synchronization,0,0,0,0,0,0,0,0,0,0,0,0,0,0,0,0,0,0,0,0
25,cn2449,quality_reduce,communication,0,0,0,0,0,0,0,0,0,0,0,0,0,0,0,0,0,0,0,0
25,cn2449,quality_summary_io,io,0,0,0,0,0,0,0,0,0,0,0,0,0,0,0,0,0,0,0,0
25,cn2449,quality_volume_compute,postprocess,0,0,0,0,0,0,0,0,0,0,0,0,0,0,0,0,0,0,0,0
25,cn2449,quality_rank_io,io,0,0,0,0,0,0,0,0,0,0,0,0,0,0,0,0,0,0,0,0
26,cn2449,geometry_load,io,1.800973975,1,1412191347,23661423,1.67551111613,3317072488,3880899536,0.854717432706,6807,0,1035180,0,0,0,0,2,0,0,0,0
26,cn2449,coarse_local_size,setup,0.505424311,1,267288147,6173918,2.30983605869,632384635,907161521,0.697102578053,7713,0,0,0,0,0,113,60,0,0,0,0
26,cn2449,coarse_edge_mesh,setup,0.0148556089998,1,6337501,174233,2.74923822497,12803915,29400961,0.43549307793,507,0,0,0,0,0,0,0,0,0,0,0
26,cn2449,coarse_surface_mesh,setup,8.913118028,1,5677227884,161988314,2.85329948541,15311869885,19406023218,0.789026670379,13972,0,0,0,0,0,0,8,0,0,0,0
26,cn2449,coarse_volume_mesh,setup,15.182003171,1,5304759724,125343245,2.36284490762,13395720783,22834315787,0.586648661075,20895,0,0,0,0,0,92430,2774188,0,0,0,0
26,cn2449,coarse_mesh_save,io,0,0,0,0,0,0,0,0,0,0,0,0,0,0,0,0,0,0,0,0
26,cn2449,submesh_initialization,setup,0.000361724000413,1,3461248060,68727501,1.98562772181,9489642366,15435723786,0.614784411639,1,0,0,0,0,0,1,0,0,0,0,0
26,cn2449,metis_partition,compute,0.151529868,1,3545471080,74303453,2.09572864433,9684687460,15765535808,0.614294850359,192,0,0,0,0,0,0,1,0,0,0,0
26,cn2449,face_map_setup,compute,0.00801764200014,1,3464273943,68792283,1.9857633701,9497537296,15452517765,0.614627172118,214,0,0,0,0,0,0,0,0,0,0,0
26,cn2449,face_local_extract,compute,0.177109194,1,3522802393,70865295,2.01161709044,9653568248,15821116455,0.610169849609,715,0,0,0,0,0,0,0,0,0,0,0
26,cn2449,face_pre_collective_wait,synchronization,0.00952010099991,1,3472428792,68816878,1.98180818448,9511743711,15456271938,0.615397021297,2,0,0,0,0,0,0,0,0,0,0,0
26,cn2449,face_collective_setup,compute,0.000118121000014,1,3461161188,68724007,1.98557661048,9489496505,15435554656,0.61478169826,16,0,0,0,0,0,0,0,0,0,0,0
26,cn2449,face_allgatherv,communication,0.070026931,1,3594306123,69428838,1.9316339684,9748951525,15582915758,0.625617931612,1354,0,0,0,0,0,0,0,1,1,151800,4859624
26,cn2449,face_global_merge,compute,0.08725465,1,3479397309,69577088,1.99968792929,9533998309,15625056978,0.610173666722,427,0,0,0,0,0,0,0,0,0,0,0
26,cn2449,part_face_create,compute,0.0217165969998,1,3465839780,68909943,1.98826106728,9500394716,15482741713,0.613611910094,3,0,0,0,0,0,0,0,0,0,0,0
26,cn2449,surface_refine,compute,0.0383613479999,1,3472905392,69191830,1.99233270677,9513333633,15511961899,0.613290162453,985,0,0,0,0,0,0,0,0,0,0,0
26,cn2449,refined_surface_save,io,0,0,0,0,0,0,0,0,0,0,0,0,0,0,0,0,0,0,0,0
26,cn2449,local_volume_mesh,compute,27.203162043,1,13401364578,322184838,2.40411964114,36582653028,62199678396,0.588148588086,11728,0,0,0,0,0,94394,3648830,0,0,0,0
26,cn2449,volume_refine,compute,2.30751996,1,12918445743,314847657,2.43719456089,35383772408,62332885656,0.567658179717,13129,0,0,0,0,0,0,2,0,0,0,0
26,cn2449,refined_volume_save,io,0,0,0,0,0,0,0,0,0,0,0,0,0,0,0,0,0,0,0,0
26,cn2449,adjacency_build,compute,0.00394372999972,1,12213935215,286732301,2.34758328051,34012496016,57693930172,0.589533351509,7,0,0,0,0,0,0,0,0,0,0,0
26,cn2449,vertex_numbering_local,compute,0.0277836529999,1,12222348603,287006632,2.34821179891,34032850632,57746205927,0.589352150252,8,0,0,0,0,0,0,0,0,0,0,0
26,cn2449,vertex_count_pre_collective_wait,synchronization,0.0661129819996,1,12292664895,287359714,2.33765189611,34168023603,57830512409,0.590830379668,26,0,0,0,0,0,0,0,0,0,0,0
26,cn2449,vertex_count_allgather,communication,0.000622188000307,1,12213736582,286703603,2.3473864945,34011985384,57686506130,0.589600370446,14,0,0,0,0,0,0,0,1,1,4,128
26,cn2449,element_count_pre_collective_wait,synchronization,0.000182342999778,1,12213342030,286699686,2.34743025534,34011206442,57685694943,0.589595158308,0,0,0,0,0,0,0,0,0,0,0,0
26,cn2449,element_count_allgather,communication,8.40210000206e-05,1,12213235259,286698744,2.34744306419,34010995867,57685478556,0.58959371957,0,0,0,0,0,0,0,0,1,1,4,128
26,cn2449,vertex_exchange_prepare,compute,2.50200000664e-05,1,12213166264,286698102,2.34745106881,34010871656,57685356883,0.589592809922,0,0,0,0,0,0,0,0,0,0,0,0
26,cn2449,vertex_exchange,communication,0.00194598400003,1,12216701259,286711155,2.34687866161,34017805506,57689135241,0.589674387801,30,0,0,0,0,0,0,0,4,3,82192,152900
26,cn2449,vertex_exchange_unpack,compute,0.00253863300031,1,12214042816,286715318,2.34742355434,34012988532,57690879619,0.58957306175,0,0,0,0,0,0,0,0,0,0,0,0
26,cn2449,partition_result_io,io,0,0,0,0,0,0,0,0,0,0,0,0,0,0,0,0,0,0,0,0
26,cn2449,volume_exchange_pack,compute,0.560524791,2,24792120674,578283144,2.33252794952,69071372558,116594474810,0.592406910109,720,0,0,0,0,0,0,0,0,0,0,0
26,cn2449,volume_size_exchange,communication,0.136235314,1,12374651110,288037291,2.32763969214,34329028564,57984642001,0.592036570018,2,0,0,0,0,0,0,1,4,4,16,16
26,cn2449,volume_payload_prepare,compute,0.000264042999788,1,12213166430,286698152,2.3474514463,34010969993,57685640200,0.589591618903,34,0,0,0,0,0,0,0,0,0,0,0
26,cn2449,volume_payload_exchange,communication,0.00527488700027,1,12215200246,286729531,2.34731748335,34014937480,57691262445,0.589602931855,217,0,0,0,0,0,3,0,4,4,2482080,2478360
26,cn2449,volume_exchange_unpack,compute,0.462539285,1,12506006718,297890334,2.38197804237,34838580287,58581651611,0.594701230316,19237,0,0,0,0,0,0,0,0,0,0,0
26,cn2449,final_mesh_save,io,0,0,0,0,0,0,0,0,0,0,0,0,0,0,0,0,0,0,0,0
26,cn2449,testout_io,io,0,0,0,0,0,0,0,0,0,0,0,0,0,0,0,0,0,0,0,0
26,cn2449,final_count_exchange,communication,0,0,0,0,0,0,0,0,0,0,0,0,0,0,0,0,0,0,0,0
26,cn2449,quality_surface_compute,postprocess,0,0,0,0,0,0,0,0,0,0,0,0,0,0,0,0,0,0,0,0
26,cn2449,quality_reduce_pre_collective_wait,synchronization,0,0,0,0,0,0,0,0,0,0,0,0,0,0,0,0,0,0,0,0
26,cn2449,quality_reduce,communication,0,0,0,0,0,0,0,0,0,0,0,0,0,0,0,0,0,0,0,0
26,cn2449,quality_summary_io,io,0,0,0,0,0,0,0,0,0,0,0,0,0,0,0,0,0,0,0,0
26,cn2449,quality_volume_compute,postprocess,0,0,0,0,0,0,0,0,0,0,0,0,0,0,0,0,0,0,0,0
26,cn2449,quality_rank_io,io,0,0,0,0,0,0,0,0,0,0,0,0,0,0,0,0,0,0,0,0
27,cn2449,geometry_load,io,1.779448761,1,1398264996,23627736,1.68978956547,3317355656,3829425397,0.866280267165,6808,0,1035180,0,0,0,0,2,0,0,0,0
27,cn2449,coarse_local_size,setup,0.51320627,1,266717494,6035351,2.26282532484,632695635,909075240,0.695977194363,7892,0,0,0,0,0,106,49,0,0,0,0
27,cn2449,coarse_edge_mesh,setup,0.0139905380001,1,6243946,163359,2.61627823175,12754872,27443322,0.46477142964,493,0,0,0,0,0,0,0,0,0,0,0
27,cn2449,coarse_surface_mesh,setup,8.917029297,1,5672479007,160628078,2.83170863747,15312458485,19394219692,0.789537229555,16914,0,0,0,0,0,0,7,0,0,0,0
27,cn2449,coarse_volume_mesh,setup,15.31160618,1,5332014402,124626082,2.33731705513,13467568619,23070434142,0.583758785643,28979,0,0,0,0,0,87211,2830681,0,0,0,0
27,cn2449,coarse_mesh_save,io,0,0,0,0,0,0,0,0,0,0,0,0,0,0,0,0,0,0,0,0
27,cn2449,submesh_initialization,setup,0.000473987000078,1,1739415123,39010470,2.24273489888,4818526569,8251746161,0.583940232162,3,0,0,0,0,0,2,0,0,0,0,0
27,cn2449,metis_partition,compute,0.15397952,1,1823411044,44610416,2.44653645961,5013606280,8586361821,0.583903448809,534,0,0,0,0,0,0,1,0,0,0,0
27,cn2449,face_map_setup,compute,0.00793023999995,1,1742454162,39078257,2.24271363071,4826425051,8268235067,0.583730991184,216,0,0,0,0,0,0,0,0,0,0,0
27,cn2449,face_local_extract,compute,0.17606806,1,1800979861,41151002,2.28492294062,4982453419,8634840087,0.577017451256,640,0,0,0,0,0,0,0,0,0,0,0
27,cn2449,face_pre_collective_wait,synchronization,0.00807672300016,1,1748909948,39006046,2.23030614267,4837287344,8269165376,0.584978909485,0,0,0,0,0,0,0,0,0,0,0,0
27,cn2449,face_collective_setup,compute,0.000108241999897,1,1739332570,39006792,2.24262988417,4818380518,8251584658,0.5839339615,16,0,0,0,0,0,0,0,0,0,0,0
27,cn2449,face_allgatherv,communication,0.0702211730004,1,1873393204,39445224,2.10554964733,5079587304,8399470192,0.604750917366,1353,0,0,0,0,0,0,0,1,1,151800,4859624
27,cn2449,face_global_merge,compute,0.0891256140003,1,1757505664,39905639,2.27058380621,4862883803,8444884970,0.575837778759,571,0,0,0,0,0,0,0,0,0,0,0
27,cn2449,part_face_create,compute,0.0216024739998,1,1743963959,39188594,2.24709884615,4829084149,8298508092,0.581921966631,3,0,0,0,0,0,0,0,0,0,0,0
27,cn2449,surface_refine,compute,0.0279466359998,1,1748536082,39327137,2.24914643769,4837359789,8312229691,0.581956944024,34,0,0,0,0,0,0,0,0,0,0,0
27,cn2449,refined_surface_save,io,0,0,0,0,0,0,0,0,0,0,0,0,0,0,0,0,0,0,0,0
27,cn2449,local_volume_mesh,compute,20.817594176,1,9251860036,222877620,2.40900336941,25369650355,43454202470,0.583825013761,20423,0,0,0,0,0,73284,2898659,0,0,0,0
27,cn2449,volume_refine,compute,1.85565149,1,6354740106,139474676,2.19481322089,16589382476,28175126756,0.588795309411,10884,0,0,0,0,0,0,2,0,0,0,0
27,cn2449,refined_volume_save,io,0,0,0,0,0,0,0,0,0,0,0,0,0,0,0,0,0,0,0,0
27,cn2449,adjacency_build,compute,0.0041474730001,1,5798167265,117713132,2.0301782722,15516875671,24485291093,0.63372232791,4,0,0,0,0,0,0,0,0,0,0,0
27,cn2449,vertex_numbering_local,compute,0.0246197340002,1,5805645037,117890800,2.03062363008,15534935952,24530257829,0.633296888288,6,0,0,0,0,0,0,0,0,0,0,0
27,cn2449,vertex_count_pre_collective_wait,synchronization,6.91546301,1,14205156586,117691212,0.828510486931,32096862091,39670331949,0.80908982895,64,0,0,0,0,0,0,7,0,0,0,0
27,cn2449,vertex_count_allgather,communication,0.000508066999828,1,5797834799,117680806,2.02973713601,15516138849,24477235346,0.633900791069,34,0,0,0,0,0,0,0,1,1,4,128
27,cn2449,element_count_pre_collective_wait,synchronization,0.000449026000297,1,5797861807,117680113,2.02971572827,15516193934,24477247423,0.633902728761,1,0,0,0,0,0,0,0,0,0,0,0
27,cn2449,element_count_allgather,communication,0.000120782000067,1,5797449116,117680115,2.02986024794,15515378068,24476431918,0.633890516395,2,0,0,0,0,0,0,0,1,1,4,128
27,cn2449,vertex_exchange_prepare,compute,8.67809999363e-05,1,5797395019,117680016,2.02987748143,15515288518,24476422402,0.633887104217,9,0,0,0,0,0,0,0,0,0,0,0
27,cn2449,vertex_exchange,communication,0.00512986499962,1,5804270916,117693365,2.02770281924,15528917996,24486640356,0.634179200177,53,0,0,0,0,0,0,0,0,5,0,232342
27,cn2449,vertex_exchange_unpack,compute,0.00545163000015,1,5798714117,117706340,2.02986968533,15518435693,24484811941,0.633798443312,1695,0,0,0,0,0,0,0,0,0,0,0
27,cn2449,partition_result_io,io,0,0,0,0,0,0,0,0,0,0,0,0,0,0,0,0,0,0,0,0
27,cn2449,volume_exchange_pack,compute,0.429632927,2,11872936223,238886521,2.01202563977,31825167683,49889022428,0.637919248246,1133,0,0,0,0,0,0,0,0,0,0,0
27,cn2449,volume_size_exchange,communication,0.264572906,1,6117371820,117680963,1.92371767587,16146809617,25057876294,0.644380610214,4,0,0,0,0,0,0,0,5,5,20,20
27,cn2449,volume_payload_prepare,compute,0.000529547000042,1,5797395615,117681522,2.02990324993,15515342564,24476714521,0.633881747107,212,0,0,0,0,0,0,0,0,0,0,0
27,cn2449,volume_payload_exchange,communication,0.00508192400002,1,5798992416,117696793,2.02960763796,15518534264,24481374381,0.63389146469,375,0,0,0,0,0,3,0,5,5,2487480,2481600
27,cn2449,volume_exchange_unpack,compute,0.354122786,1,6028466931,122826574,2.03744294206,16166427649,25159865870,0.642548244594,15162,0,0,0,0,0,0,1,0,0,0,0
27,cn2449,final_mesh_save,io,0,0,0,0,0,0,0,0,0,0,0,0,0,0,0,0,0,0,0,0
27,cn2449,testout_io,io,0,0,0,0,0,0,0,0,0,0,0,0,0,0,0,0,0,0,0,0
27,cn2449,final_count_exchange,communication,0,0,0,0,0,0,0,0,0,0,0,0,0,0,0,0,0,0,0,0
27,cn2449,quality_surface_compute,postprocess,0,0,0,0,0,0,0,0,0,0,0,0,0,0,0,0,0,0,0,0
27,cn2449,quality_reduce_pre_collective_wait,synchronization,0,0,0,0,0,0,0,0,0,0,0,0,0,0,0,0,0,0,0,0
27,cn2449,quality_reduce,communication,0,0,0,0,0,0,0,0,0,0,0,0,0,0,0,0,0,0,0,0
27,cn2449,quality_summary_io,io,0,0,0,0,0,0,0,0,0,0,0,0,0,0,0,0,0,0,0,0
27,cn2449,quality_volume_compute,postprocess,0,0,0,0,0,0,0,0,0,0,0,0,0,0,0,0,0,0,0,0
27,cn2449,quality_rank_io,io,0,0,0,0,0,0,0,0,0,0,0,0,0,0,0,0,0,0,0,0
28,cn2449,geometry_load,io,1.742971217,1,1398818476,24700040,1.76577879287,3315514242,3749611919,0.884228638489,6808,0,1035180,0,0,0,0,1,0,0,0,0
28,cn2449,coarse_local_size,setup,0.498855767,1,267445635,6280591,2.3483617521,632262527,893160038,0.707893882507,7506,0,0,0,0,0,145,120,0,0,0,0
28,cn2449,coarse_edge_mesh,setup,0.0136549129998,1,6281682,178266,2.83787049392,12803860,26732347,0.478965053087,490,0,0,0,0,0,0,0,0,0,0,0
28,cn2449,coarse_surface_mesh,setup,8.661130102,1,5671407732,167499018,2.95339404104,15313871928,18829081342,0.813309563534,17172,0,0,0,0,0,0,8,0,0,0,0
28,cn2449,coarse_volume_mesh,setup,15.32577364,1,5368993182,127319654,2.37138788753,13550780362,22861458778,0.592734719756,21218,0,0,0,0,0,86985,2842473,0,0,0,0
28,cn2449,coarse_mesh_save,io,0,0,0,0,0,0,0,0,0,0,0,0,0,0,0,0,0,0,0,0
28,cn2449,submesh_initialization,setup,0.000375744999928,1,1025632802,31542083,3.07537775103,2771658472,5577506619,0.496935039496,1,0,0,0,0,0,1,0,0,0,0,0
28,cn2449,metis_partition,compute,0.152374958,1,1108443097,37141688,3.35079789847,2966674223,5908630248,0.502091702896,376,0,0,0,0,0,0,3,0,0,0,0
28,cn2449,face_map_setup,compute,0.00768563800011,1,1028680749,31630421,3.07485301254,2779560015,5593660580,0.496912527181,210,0,0,0,0,0,0,0,0,0,0,0
28,cn2449,face_local_extract,compute,0.174370839,1,1087034252,33730277,3.10296358536,2935586278,5956855614,0.492808029642,632,0,0,0,0,0,0,0,0,0,0,0
28,cn2449,face_pre_collective_wait,synchronization,0.0117246089999,1,1038562095,31537828,3.03668198097,2797183198,5602981047,0.499231243964,0,0,0,0,0,0,0,0,0,0,0,0
28,cn2449,face_collective_setup,compute,0.000107820999801,1,1025553489,31538552,3.07527128895,2771512613,5577378319,0.496920318917,16,0,0,0,0,0,0,0,0,0,0,0
28,cn2449,face_allgatherv,communication,0.070224174,1,1158645752,31966462,2.75895043371,3030853778,5725986086,0.529315603021,1028,0,0,0,0,0,0,0,1,1,151800,4859624
28,cn2449,face_global_merge,compute,0.0829231350003,1,1043839898,32405654,3.10446593027,2816015106,5758188799,0.489045289117,269,0,0,0,0,0,0,0,0,0,0,0
28,cn2449,part_face_create,compute,0.0201070960002,1,1030170678,31722960,3.07938875348,2782279415,5621008361,0.494978700673,3,0,0,0,0,0,0,0,0,0,0,0
28,cn2449,surface_refine,compute,0.027989016,1,1035275762,31891124,3.08044727507,2791611197,5638283138,0.495117242017,4,0,0,0,0,0,0,0,0,0,0,0
28,cn2449,refined_surface_save,io,0,0,0,0,0,0,0,0,0,0,0,0,0,0,0,0,0,0,0,0
28,cn2449,local_volume_mesh,compute,16.524672495,1,7028559524,156718523,2.22973885993,18744581550,30437900318,0.615830308732,9524,0,0,0,0,0,82382,3058167,0,0,0,0
28,cn2449,volume_refine,compute,1.773377144,1,5952304353,148884474,2.50129135156,15274870147,27222254858,0.561117006166,9477,0,0,0,0,0,0,2,0,0,0,0
28,cn2449,refined_volume_save,io,0,0,0,0,0,0,0,0,0,0,0,0,0,0,0,0,0,0,0,0
28,cn2449,adjacency_build,compute,0.00677340599987,1,5369114737,126717959,2.36012760403,14165036709,23684245226,0.59807845147,9,0,0,0,0,0,0,0,0,0,0,0
28,cn2449,vertex_numbering_local,compute,0.0296641770001,1,5379502250,126943049,2.35975454792,14189650260,23734503822,0.597849037267,4,0,0,0,0,0,0,0,0,0,0,0
28,cn2449,vertex_count_pre_collective_wait,synchronization,11.289749467,1,18001538583,126699668,0.703826883551,39080525273,48480914807,0.806101234446,28,0,0,0,0,0,0,129,0,0,0,0
28,cn2449,vertex_count_allgather,communication,0.000586807000218,1,5368474461,126683694,2.35977082354,14163664468,23670029267,0.598379677027,14,0,0,0,0,0,0,0,1,1,4,128
28,cn2449,element_count_pre_collective_wait,synchronization,0.000428126000315,1,5368718444,126682985,2.35965037693,14164144909,23670463305,0.598389001791,0,0,0,0,0,0,0,0,0,0,0,0
28,cn2449,element_count_allgather,communication,0.000120622000395,1,5368393883,126682950,2.35979238411,14163505606,23669779514,0.598379279267,0,0,0,0,0,0,0,0,1,1,4,128
28,cn2449,vertex_exchange_prepare,compute,2.05600003937e-05,1,5368285834,126682814,2.35983734692,14163295095,23669563037,0.59837585818,0,0,0,0,0,0,0,0,0,0,0,0
28,cn2449,vertex_exchange,communication,0.00572059300021,1,5376182411,126699134,2.35667476127,14178986375,23681077226,0.598747524856,64,0,0,0,0,0,0,0,3,1,324214,20614
28,cn2449,vertex_exchange_unpack,compute,0.000346344000263,1,5368402353,126685029,2.35982738755,14163572362,23670274836,0.598369577883,0,0,0,0,0,0,0,0,0,0,0,0
28,cn2449,partition_result_io,io,0,0,0,0,0,0,0,0,0,0,0,0,0,0,0,0,0,0,0,0
28,cn2449,volume_exchange_pack,compute,0.514277124,2,11027713896,259169878,2.35016867906,29151715566,48454344685,0.601632645236,1098,0,0,0,0,0,0,1,0,0,0,0
28,cn2449,volume_size_exchange,communication,0.0171315779999,1,5387549092,126683029,2.35140370578,14201323099,23707096285,0.599032581986,2,0,0,0,0,0,0,0,3,3,12,12
28,cn2449,volume_payload_prepare,compute,0.000266262999958,1,5368285957,126682842,2.35983781443,14163525138,23670098337,0.598372044609,0,0,0,0,0,0,0,0,0,0,0,0
28,cn2449,volume_payload_exchange,communication,0.0687703550002,1,5442780851,126697080,2.32780050251,14310296449,23816388082,0.600859223478,31,0,0,0,0,0,0,0,3,3,3701640,3698760
28,cn2449,volume_exchange_unpack,compute,0.4055265,1,5615694602,132523471,2.35987674531,14857013395,24463275988,0.607319044362,15538,0,0,0,0,0,0,1,0,0,0,0
28,cn2449,final_mesh_save,io,0,0,0,0,0,0,0,0,0,0,0,0,0,0,0,0,0,0,0,0
28,cn2449,testout_io,io,0,0,0,0,0,0,0,0,0,0,0,0,0,0,0,0,0,0,0,0
28,cn2449,final_count_exchange,communication,0,0,0,0,0,0,0,0,0,0,0,0,0,0,0,0,0,0,0,0
28,cn2449,quality_surface_compute,postprocess,0,0,0,0,0,0,0,0,0,0,0,0,0,0,0,0,0,0,0,0
28,cn2449,quality_reduce_pre_collective_wait,synchronization,0,0,0,0,0,0,0,0,0,0,0,0,0,0,0,0,0,0,0,0
28,cn2449,quality_reduce,communication,0,0,0,0,0,0,0,0,0,0,0,0,0,0,0,0,0,0,0,0
28,cn2449,quality_summary_io,io,0,0,0,0,0,0,0,0,0,0,0,0,0,0,0,0,0,0,0,0
28,cn2449,quality_volume_compute,postprocess,0,0,0,0,0,0,0,0,0,0,0,0,0,0,0,0,0,0,0,0
28,cn2449,quality_rank_io,io,0,0,0,0,0,0,0,0,0,0,0,0,0,0,0,0,0,0,0,0
29,cn2449,geometry_load,io,1.756356547,1,1402103296,22410026,1.59831490761,3315952349,3779459069,0.87736162463,6807,0,1035180,0,0,0,0,3,0,0,0,0
29,cn2449,coarse_local_size,setup,0.495781649,1,267001386,6071907,2.27411066698,631435685,894719921,0.705735582923,7338,0,0,0,0,0,89,45,0,0,0,0
29,cn2449,coarse_edge_mesh,setup,0.0136100129998,1,6296298,172606,2.74138866998,12801575,26691466,0.479613034368,511,0,0,0,0,0,0,0,0,0,0,0
29,cn2449,coarse_surface_mesh,setup,8.741814868,1,5673341679,164247572,2.89507632879,15311415520,19001862490,0.805784987027,17235,0,0,0,0,0,0,10,0,0,0,0
29,cn2449,coarse_volume_mesh,setup,15.238037404,1,5359336847,133990242,2.50012726994,13525948834,22797182586,0.593316686524,30909,0,0,0,0,0,83337,2785053,0,0,0,0
29,cn2449,coarse_mesh_save,io,0,0,0,0,0,0,0,0,0,0,0,0,0,0,0,0,0,0,0,0
29,cn2449,submesh_initialization,setup,0.000358624,1,3064632409,71804867,2.34301728289,8284698700,14054985808,0.589449097507,1,0,0,0,0,0,1,0,0,0,0,0
29,cn2449,metis_partition,compute,0.149861907,1,3148690302,77414681,2.45863116328,8479738580,14378991869,0.589731092225,915,0,0,0,0,0,1,3,0,0,0,0
29,cn2449,face_map_setup,compute,0.00771247800003,1,3067676392,71871692,2.3428707209,8292590212,14070949988,0.589341175903,227,0,0,0,0,0,0,1,0,0,0,0
29,cn2449,face_local_extract,compute,0.167822915,1,3126103991,73934664,2.36507372157,8448625354,14419214099,0.585928282637,710,0,0,0,0,0,0,3,0,0,0,0
29,cn2449,face_pre_collective_wait,synchronization,0.020579302,1,3087584416,71800769,2.32546739865,8329927864,14099925161,0.590778161507,0,0,0,0,0,0,0,0,0,0,0,0
29,cn2449,face_collective_setup,compute,0.000172102000306,1,3064552641,71801448,2.34296670383,8284552821,14054936359,0.589440792145,16,0,0,0,0,0,0,0,0,0,0,0
29,cn2449,face_allgatherv,communication,0.0703128939999,1,3197118810,72262183,2.26022826471,8542664333,14203441955,0.601450293532,842,0,0,0,0,0,2,2,1,1,151800,4859624
29,cn2449,face_global_merge,compute,0.0837432659996,1,3082702575,72653400,2.35680861946,8329055674,14236020829,0.585069084546,493,0,0,0,0,0,0,3,0,0,0,0
29,cn2449,part_face_create,compute,0.0200665359998,1,3069078562,71976588,2.34521816715,8295116457,14098354071,0.588374814196,3,0,0,0,0,0,0,1,0,0,0,0
29,cn2449,surface_refine,compute,0.0228111900001,1,3072137727,72082450,2.3463287263,8300221179,14104138257,0.588495449191,35,0,0,0,0,0,0,0,0,0,0,0
29,cn2449,refined_surface_save,io,0,0,0,0,0,0,0,0,0,0,0,0,0,0,0,0,0,0,0,0
29,cn2449,local_volume_mesh,compute,18.129089849,1,9339249295,227243729,2.43321194051,25346943923,42389440635,0.597954196689,14687,0,0,0,0,0,81445,2974353,0,0,0,0
29,cn2449,volume_refine,compute,1.53338333,1,8877612399,231347262,2.60596263502,23688153717,42058199261,0.5632232034,7479,0,0,0,0,0,0,33,0,0,0,0
29,cn2449,refined_volume_save,io,0,0,0,0,0,0,0,0,0,0,0,0,0,0,0,0,0,0,0,0
29,cn2449,adjacency_build,compute,0.00406949199987,1,8427210424,212655379,2.52343739269,22834039544,39035797778,0.584951271493,6,0,0,0,0,0,0,0,0,0,0,0
29,cn2449,vertex_numbering_local,compute,0.0240490659999,1,8437227604,212870792,2.52299454265,22858395691,39077908929,0.584944187585,239,0,0,0,0,0,0,1,0,0,0,0
29,cn2449,vertex_count_pre_collective_wait,synchronization,9.938451274,1,19531266727,212641340,1.08872272839,44751317980,60870732684,0.735186123228,28,0,0,0,0,0,0,81,0,0,0,0
29,cn2449,vertex_count_allgather,communication,0.000572406999709,1,8426441351,212621457,2.52326513819,22832411484,39027189987,0.585038571611,50,0,0,0,0,0,3,0,1,1,4,128
29,cn2449,element_count_pre_collective_wait,synchronization,0.000611808000031,1,8426984015,212620730,2.52309402298,22833484042,39028263810,0.585049956441,0,0,0,0,0,0,0,0,0,0,0,0
29,cn2449,element_count_allgather,communication,0.000121762000163,1,8426383995,212620771,2.52327417224,22832299312,39026988227,0.585038721902,2,0,0,0,0,0,1,0,1,1,4,128
29,cn2449,vertex_exchange_prepare,compute,0.000435646000369,1,8426380452,212620632,2.52327358361,22832309935,39027105614,0.585037234399,68,0,0,0,0,0,0,0,0,0,0,0
29,cn2449,vertex_exchange,communication,0.00621151900032,1,8435314383,212664111,2.52111659796,22849805008,39039525744,0.585299246662,65,0,0,0,0,0,0,0,0,3,0,392502
29,cn2449,vertex_exchange_unpack,compute,0.00596527500011,1,8428580847,212669113,2.52319004659,22837614583,39039924669,0.584981010507,0,0,0,0,0,0,0,0,0,0,0,0
29,cn2449,partition_result_io,io,0,0,0,0,0,0,0,0,0,0,0,0,0,0,0,0,0,0,0,0
29,cn2449,volume_exchange_pack,compute,0.46131743,2,17104986810,428962811,2.50782310308,46377299936,79048659907,0.586693057043,1921,0,0,0,0,0,0,0,0,0,0,0
29,cn2449,volume_size_exchange,communication,0.0473965030001,1,8478927347,212621162,2.50764222051,22936090950,39130991804,0.586136202856,3,0,0,0,0,0,0,0,3,3,12,12
29,cn2449,volume_payload_prepare,compute,0.000265923999905,1,8426380563,212620614,2.52327333676,22832438309,39027289290,0.585037770349,34,0,0,0,0,0,0,0,0,0,0,0
29,cn2449,volume_payload_exchange,communication,0.0512423119999,1,8478362241,212633240,2.50795181847,22927992683,39133000589,0.585899173023,485,0,0,0,0,0,0,1,3,3,4223400,4232640
29,cn2449,volume_exchange_unpack,compute,0.324756972,1,8626084664,218917533,2.5378551397,23389676401,39667991837,0.589636009232,11807,0,0,0,0,0,0,2,0,0,0,0
29,cn2449,final_mesh_save,io,0,0,0,0,0,0,0,0,0,0,0,0,0,0,0,0,0,0,0,0
29,cn2449,testout_io,io,0,0,0,0,0,0,0,0,0,0,0,0,0,0,0,0,0,0,0,0
29,cn2449,final_count_exchange,communication,0,0,0,0,0,0,0,0,0,0,0,0,0,0,0,0,0,0,0,0
29,cn2449,quality_surface_compute,postprocess,0,0,0,0,0,0,0,0,0,0,0,0,0,0,0,0,0,0,0,0
29,cn2449,quality_reduce_pre_collective_wait,synchronization,0,0,0,0,0,0,0,0,0,0,0,0,0,0,0,0,0,0,0,0
29,cn2449,quality_reduce,communication,0,0,0,0,0,0,0,0,0,0,0,0,0,0,0,0,0,0,0,0
29,cn2449,quality_summary_io,io,0,0,0,0,0,0,0,0,0,0,0,0,0,0,0,0,0,0,0,0
29,cn2449,quality_volume_compute,postprocess,0,0,0,0,0,0,0,0,0,0,0,0,0,0,0,0,0,0,0,0
29,cn2449,quality_rank_io,io,0,0,0,0,0,0,0,0,0,0,0,0,0,0,0,0,0,0,0,0
30,cn2449,geometry_load,io,1.790783265,1,1412515778,23775830,1.68322579969,3316870944,3857707063,0.859803735699,6709,0,1035180,0,0,0,0,2,0,0,0,0
30,cn2449,coarse_local_size,setup,0.507255214,1,269267713,6444355,2.39328916497,632859106,908972839,0.69623544164,7806,0,0,0,0,0,111,61,0,0,0,0
30,cn2449,coarse_edge_mesh,setup,0.013541112,1,6271234,173898,2.77294707868,12803047,26219379,0.488304738262,506,0,0,0,0,0,0,1,0,0,0,0
30,cn2449,coarse_surface_mesh,setup,8.735061782,1,5677813874,164170322,2.89143542996,15314644112,18994595258,0.806263250361,17276,0,0,0,0,0,0,9,0,0,0,0
30,cn2449,coarse_volume_mesh,setup,15.123726029,1,5340312122,127262100,2.38304610466,13485076425,22743200310,0.592927830789,27225,0,0,0,0,0,90412,2634510,0,0,0,0
30,cn2449,coarse_mesh_save,io,0,0,0,0,0,0,0,0,0,0,0,0,0,0,0,0,0,0,0,0
30,cn2449,submesh_initialization,setup,0.00015396200024,1,2513851706,52354529,2.08264190266,6710640893,11439850042,0.586602172962,1,0,0,0,0,0,0,0,0,0,0,0
30,cn2449,metis_partition,compute,0.150393294,1,2597819017,58002644,2.23274383706,6905677427,11767192460,0.586858543401,282,0,0,0,0,0,0,0,0,0,0,0
30,cn2449,face_map_setup,compute,0.00781633899987,1,2516890740,52419129,2.08269386378,6718531049,11456129644,0.586457316544,214,0,0,0,0,0,0,0,0,0,0,0
30,cn2449,face_local_extract,compute,0.175362632,1,2575406303,54680384,2.12317504762,6874568052,11820949869,0.581558007452,714,0,0,0,0,0,0,0,0,0,0,0
30,cn2449,face_pre_collective_wait,synchronization,0.0128411840001,1,2527889750,52702533,2.08484301976,6738400275,11467741371,0.587596114789,0,0,0,0,0,0,0,0,0,0,0,0
30,cn2449,face_collective_setup,compute,0.000117540999781,1,2513771752,52350978,2.08256688215,6710494966,11439704229,0.586596893737,16,0,0,0,0,0,0,0,0,0,0,0
30,cn2449,face_allgatherv,communication,0.0704583370002,1,2647169818,53233020,2.01094087875,6970608094,11589070702,0.601481194933,1009,0,0,0,0,0,0,0,1,1,151800,4859624
30,cn2449,face_global_merge,compute,0.0835518429999,1,2532051727,53199621,2.10104795383,6754998058,11621774214,0.581236387286,270,0,0,0,0,0,0,0,0,0,0,0
30,cn2449,part_face_create,compute,0.0204555400001,1,2518413728,52530053,2.085838892,6721271584,11484204977,0.585262244749,3,0,0,0,0,0,0,0,0,0,0,0
30,cn2449,surface_refine,compute,0.028160458,1,2523580900,52724609,2.08927754208,6730810608,11500965933,0.585238722313,3,0,0,0,0,0,0,0,0,0,0,0
30,cn2449,refined_surface_save,io,0,0,0,0,0,0,0,0,0,0,0,0,0,0,0,0,0,0,0,0
30,cn2449,local_volume_mesh,compute,20.760687291,1,9888652105,239470057,2.42166530339,26771659051,45607228806,0.587004730432,15243,0,0,0,0,0,84048,3126078,0,0,0,0
30,cn2449,volume_refine,compute,1.685754409,1,10436159955,260859792,2.49957640669,27834776704,48966427489,0.568446140169,10720,0,0,0,0,0,0,2,0,0,0,0
30,cn2449,refined_volume_save,io,0,0,0,0,0,0,0,0,0,0,0,0,0,0,0,0,0,0,0,0
30,cn2449,adjacency_build,compute,0.00378342800013,1,9889434200,239505326,2.42183042181,26773298602,45615461345,0.586934732491,3,0,0,0,0,0,0,0,0,0,0,0
30,cn2449,vertex_numbering_local,compute,0.0264390560001,1,9898570232,239769589,2.42226486634,26795285935,45664294171,0.586788571278,112,0,0,0,0,0,0,0,0,0,0,0
30,cn2449,vertex_count_pre_collective_wait,synchronization,7.146619872,1,17808966023,439223329,2.46630449198,42479550637,61247072855,0.693576829991,28,0,0,0,0,0,0,10,0,0,0,0
30,cn2449,vertex_count_allgather,communication,0.000593628000388,1,9888656086,239470595,2.42166976905,26771663212,45607354038,0.587003209827,52,0,0,0,0,0,1,0,1,1,4,128
30,cn2449,element_count_pre_collective_wait,synchronization,0.000445105999916,1,9889084255,239480645,2.4216665449,26772514293,45608157197,0.587011533427,0,0,0,0,0,0,0,0,0,0,0,0
30,cn2449,element_count_allgather,communication,9.40410000112e-05,1,9888722589,239471358,2.42166119885,26771796360,45607381117,0.587005780738,0,0,0,0,0,0,0,0,1,1,4,128
30,cn2449,vertex_exchange_prepare,compute,0.000136261999614,1,9888648579,239469717,2.4216627286,26771659143,45607243970,0.587004537275,34,0,0,0,0,0,0,0,0,0,0,0
30,cn2449,vertex_exchange,communication,0.00467067900036,1,9895638444,239521221,2.42047263909,26785339222,45616854713,0.587180755677,62,0,0,0,0,0,0,0,3,3,96536,204248
30,cn2449,vertex_exchange_unpack,compute,0.00320294100038,1,9889812266,239491721,2.42160027469,26774477654,45614128294,0.586977733772,0,0,0,0,0,0,0,0,0,0,0,0
30,cn2449,partition_result_io,io,0,0,0,0,0,0,0,0,0,0,0,0,0,0,0,0,0,0,0,0
30,cn2449,volume_exchange_pack,compute,0.526686501,2,20057707884,484150936,2.41378994449,54341232789,92356951709,0.588382701935,1500,0,0,0,0,0,0,1,0,0,0,0
30,cn2449,volume_size_exchange,communication,0.0661875820001,1,9962797304,241108658,2.42008996713,26918169523,45752601477,0.588341835306,3,0,0,0,0,0,0,0,4,4,16,16
30,cn2449,volume_payload_prepare,compute,0.000296482999602,1,9888648824,239469700,2.42166249669,26771795600,45607614125,0.587002765078,34,0,0,0,0,0,0,0,0,0,0,0
30,cn2449,volume_payload_exchange,communication,0.00346164400025,1,9889701195,239503768,2.42174928522,26773809117,45610583262,0.587008698468,226,0,0,0,0,0,0,0,4,4,3190320,3199440
30,cn2449,volume_exchange_unpack,compute,0.35136355,1,10121954602,244738190,2.41789456309,27416692937,46297202286,0.592188978669,12227,0,0,0,0,0,0,0,0,0,0,0
30,cn2449,final_mesh_save,io,0,0,0,0,0,0,0,0,0,0,0,0,0,0,0,0,0,0,0,0
30,cn2449,testout_io,io,0,0,0,0,0,0,0,0,0,0,0,0,0,0,0,0,0,0,0,0
30,cn2449,final_count_exchange,communication,0,0,0,0,0,0,0,0,0,0,0,0,0,0,0,0,0,0,0,0
30,cn2449,quality_surface_compute,postprocess,0,0,0,0,0,0,0,0,0,0,0,0,0,0,0,0,0,0,0,0
30,cn2449,quality_reduce_pre_collective_wait,synchronization,0,0,0,0,0,0,0,0,0,0,0,0,0,0,0,0,0,0,0,0
30,cn2449,quality_reduce,communication,0,0,0,0,0,0,0,0,0,0,0,0,0,0,0,0,0,0,0,0
30,cn2449,quality_summary_io,io,0,0,0,0,0,0,0,0,0,0,0,0,0,0,0,0,0,0,0,0
30,cn2449,quality_volume_compute,postprocess,0,0,0,0,0,0,0,0,0,0,0,0,0,0,0,0,0,0,0,0
30,cn2449,quality_rank_io,io,0,0,0,0,0,0,0,0,0,0,0,0,0,0,0,0,0,0,0,0
31,cn2449,geometry_load,io,1.794330071,1,1415117966,22865109,1.61577405908,3316537045,3863575025,0.858411451451,6711,0,1035180,0,0,0,0,2,0,0,0,0
31,cn2449,coarse_local_size,setup,0.512313219,1,269365090,6139073,2.27909006323,632310669,918847373,0.688156365878,7751,0,0,0,0,0,124,70,0,0,0,0
31,cn2449,coarse_edge_mesh,setup,0.013881417,1,6304421,167463,2.65627882402,12810802,27090269,0.47289312631,489,0,0,0,0,0,0,0,0,0,0,0
31,cn2449,coarse_surface_mesh,setup,8.725393899,1,5676196646,161404751,2.84353698552,15313799267,19001540054,0.805924110545,12210,0,0,0,0,0,0,7,0,0,0,0
31,cn2449,coarse_volume_mesh,setup,15.365976952,1,5360159740,126102698,2.35259216361,13516108992,22918868207,0.589737192514,25147,0,0,0,0,0,88603,2860194,0,0,0,0
31,cn2449,coarse_mesh_save,io,0,0,0,0,0,0,0,0,0,0,0,0,0,0,0,0,0,0,0,0
31,cn2449,submesh_initialization,setup,0.000336205000167,1,3410055354,66767538,1.95796053345,9330204386,15069233457,0.619155872303,3,0,0,0,0,0,0,0,0,0,0,0
31,cn2449,metis_partition,compute,0.147996723,1,3494052380,72362759,2.07102673715,9525224535,15391508700,0.618862303927,384,0,0,0,0,0,0,0,0,0,0,0
31,cn2449,face_map_setup,compute,0.00818272400011,1,3413112088,66841078,1.95836164406,9338102814,15086318301,0.61897824424,216,0,0,0,0,0,0,0,0,0,0,0
31,cn2449,face_local_extract,compute,0.176375184,1,3471568050,68967510,1.98663857389,9494149650,15452867574,0.614394034281,664,0,0,0,0,0,0,0,0,0,0,0
31,cn2449,face_pre_collective_wait,synchronization,0.013578953,1,3425158586,66889352,1.95288335768,9360114595,15098800960,0.619924364842,0,0,0,0,0,0,0,0,0,0,0,0
31,cn2449,face_collective_setup,compute,0.000121202000173,1,3409975735,66763960,1.95790132213,9330058638,15069125295,0.61915064447,16,0,0,0,0,0,0,0,0,0,0,0
31,cn2449,face_allgatherv,communication,0.0705182770002,1,3543809671,67349210,1.90047480685,9590651039,15219315379,0.630163105249,961,0,0,0,0,0,1,0,1,1,153824,4859624
31,cn2449,face_global_merge,compute,0.0839540080001,1,3428234122,67607615,1.97208278647,9374562160,15251522975,0.61466400276,436,0,0,0,0,0,0,0,0,0,0,0
31,cn2449,part_face_create,compute,0.0207268029999,1,3414579421,66947210,1.9606282867,9340795640,15114163218,0.618016062502,3,0,0,0,0,0,0,0,0,0,0,0
31,cn2449,surface_refine,compute,0.0275382899999,1,3419537919,67114226,1.96266944803,9349690669,15128802968,0.618005977656,35,0,0,0,0,0,0,0,0,0,0,0
31,cn2449,refined_surface_save,io,0,0,0,0,0,0,0,0,0,0,0,0,0,0,0,0,0,0,0,0
31,cn2449,local_volume_mesh,compute,18.539635552,1,10524066179,208039455,1.97679728977,28314631008,44219446406,0.640320793436,6508,0,0,0,0,0,80933,3172901,0,0,0,0
31,cn2449,volume_refine,compute,2.003838497,1,9941245866,211859317,2.1311143478,26116796586,43515679931,0.6001697923,6722,0,0,0,0,0,0,2,0,0,0,0
31,cn2449,refined_volume_save,io,0,0,0,0,0,0,0,0,0,0,0,0,0,0,0,0,0,0,0,0
31,cn2449,adjacency_build,compute,0.00352886500013,1,9317687307,187229586,2.00939975587,24904454026,39470067428,0.63097064811,0,0,0,0,0,0,0,0,0,0,0,0
31,cn2449,vertex_numbering_local,compute,0.0192435050003,1,9323200240,187368044,2.00969666184,24917859888,39504451414,0.630760812924,1,0,0,0,0,0,0,0,0,0,0,0
31,cn2449,vertex_count_pre_collective_wait,synchronization,9.056974478,1,19416678356,270889809,1.3951398073,44881304054,59372509798,0.755927351003,0,0,0,0,0,0,0,7,0,0,0,0
31,cn2449,vertex_count_allgather,communication,0.000580708000143,1,9317451655,187202798,2.00916307303,24903926769,39463332244,0.631064974823,14,0,0,0,0,0,0,0,1,1,4,128
31,cn2449,element_count_pre_collective_wait,synchronization,6.18809999651e-05,1,9317033483,187198680,2.00920905073,24903099607,39462440496,0.631058274501,0,0,0,0,0,0,0,0,0,0,0,0
31,cn2449,element_count_allgather,communication,0.000121581999792,1,9317094261,187199183,2.00920134278,24903219980,39462534792,0.631059816894,1,0,0,0,0,0,0,0,1,1,4,128
31,cn2449,vertex_exchange_prepare,compute,3.90609998249e-05,1,9317004567,187198378,2.00921204507,24903052885,39462390303,0.631057893194,0,0,0,0,0,0,0,0,0,0,0,0
31,cn2449,vertex_exchange,communication,0.00705598900004,1,9325411590,187252525,2.00798134423,24919631699,39477626428,0.631234295315,9,0,0,0,0,0,0,0,0,3,0,134134
31,cn2449,vertex_exchange_unpack,compute,0.00207122699976,1,9317768553,187212081,2.00919436811,24904893455,39466861208,0.631033041208,0,0,0,0,0,0,0,0,0,0,0,0
31,cn2449,partition_result_io,io,0,0,0,0,0,0,0,0,0,0,0,0,0,0,0,0,0,0,0,0
31,cn2449,volume_exchange_pack,compute,0.457640063,2,18948251101,377982903,1.99481683552,50705614727,79921053082,0.634446278817,611,0,0,0,0,0,0,1,0,0,0,0
31,cn2449,volume_size_exchange,communication,0.136047211,1,9467811079,188449733,1.99042557385,25200368354,39761311067,0.633791182377,3,0,0,0,0,0,0,0,3,3,12,12
31,cn2449,volume_payload_prepare,compute,0.000228962000165,1,9317005085,187198360,2.00921174017,24903078258,39462490093,0.631056940383,34,0,0,0,0,0,0,0,0,0,0,0
31,cn2449,volume_payload_exchange,communication,0.00351898500003,1,9318579385,187228007,2.00919044915,24906254973,39467057222,0.631064404749,224,0,0,0,0,0,1,0,3,3,1425840,1423320
31,cn2449,volume_exchange_unpack,compute,0.386929903,1,9576725697,193080126,2.01613925374,25637956152,40206211134,0.637661580858,17163,0,0,0,0,0,0,2,0,0,0,0
31,cn2449,final_mesh_save,io,0,0,0,0,0,0,0,0,0,0,0,0,0,0,0,0,0,0,0,0
31,cn2449,testout_io,io,0,0,0,0,0,0,0,0,0,0,0,0,0,0,0,0,0,0,0,0
31,cn2449,final_count_exchange,communication,0,0,0,0,0,0,0,0,0,0,0,0,0,0,0,0,0,0,0,0
31,cn2449,quality_surface_compute,postprocess,0,0,0,0,0,0,0,0,0,0,0,0,0,0,0,0,0,0,0,0
31,cn2449,quality_reduce_pre_collective_wait,synchronization,0,0,0,0,0,0,0,0,0,0,0,0,0,0,0,0,0,0,0,0
31,cn2449,quality_reduce,communication,0,0,0,0,0,0,0,0,0,0,0,0,0,0,0,0,0,0,0,0
31,cn2449,quality_summary_io,io,0,0,0,0,0,0,0,0,0,0,0,0,0,0,0,0,0,0,0,0
31,cn2449,quality_volume_compute,postprocess,0,0,0,0,0,0,0,0,0,0,0,0,0,0,0,0,0,0,0,0
31,cn2449,quality_rank_io,io,0,0,0,0,0,0,0,0,0,0,0,0,0,0,0,0,0,0,0,0
