rank,host,stage,category,time_s,calls,cache_references,cache_misses,cache_miss_rate_percent,instructions,cycles,ipc,minor_faults,major_faults,rchar_bytes,wchar_bytes,physical_read_bytes,physical_write_bytes,voluntary_context_switches,involuntary_context_switches,send_messages,receive_messages,send_bytes,receive_bytes
0,cn2448,geometry_load,io,1.772445572,1,1404196023,26072921,1.85678641535,3317797774,3816607743,0.869305413973,6706,0,1035181,0,0,0,0,8,0,0,0,0
0,cn2448,coarse_local_size,setup,0.487707113,1,266753617,6580911,2.46703721359,632138153,893968141,0.707114855674,7377,0,0,0,0,0,97,50,0,0,0,0
0,cn2448,coarse_edge_mesh,setup,0.0135758309998,1,6299415,159101,2.5256472228,12802999,26546853,0.482279349646,510,0,0,0,0,0,0,0,0,0,0,0
0,cn2448,coarse_surface_mesh,setup,8.762283353,1,5676225290,163495657,2.88035884143,15314247625,19061112337,0.803428853167,17705,0,0,0,0,0,0,40,0,0,0,0
0,cn2448,coarse_volume_mesh,setup,15.040056703,1,5311282729,128793769,2.42490892636,13418603609,22387561903,0.599377621696,32749,0,0,0,0,0,85539,2799312,0,0,0,0
0,cn2448,coarse_mesh_save,io,0,0,0,0,0,0,0,0,0,0,0,0,0,0,0,0,0,0,0,0
0,cn2448,submesh_initialization,setup,0.000131062000037,1,3521689562,75884081,2.15476349247,9513722979,15869159220,0.599510210157,2,0,0,0,0,0,0,0,0,0,0,0
0,cn2448,metis_partition,compute,0.148258036,1,3605096026,81486019,2.26030092991,9708756136,16190996194,0.599639208093,434,0,0,0,0,0,1,1,0,0,0,0
0,cn2448,face_map_setup,compute,0.00803910199966,1,3524755721,75961091,2.15507391186,9521617683,15885930880,0.599374235915,218,0,0,0,0,0,0,0,0,0,0,0
0,cn2448,face_local_extract,compute,0.169741768,1,3583015658,78051579,2.1783767209,9677648126,16238236006,0.595979028906,678,0,0,0,0,0,0,0,0,0,0,0
0,cn2448,face_pre_collective_wait,synchronization,0.0171268970003,1,3544831777,75879990,2.14058084483,9559635704,15906470519,0.600990376374,0,0,0,0,0,0,0,0,0,0,0,0
0,cn2448,face_collective_setup,compute,0.000143042000218,1,3521609897,75880710,2.15471651374,9513577031,15869081386,0.599503953606,16,0,0,0,0,0,0,0,0,0,0,0
0,cn2448,face_allgatherv,communication,0.0692830569997,1,3641123643,76384744,2.09783439095,9745170667,15993563223,0.609318294562,1380,0,0,0,0,0,1,3,1,1,151800,4859624
0,cn2448,face_global_merge,compute,0.0855456629997,1,3539967090,76733324,2.16762817419,9558079909,16053876216,0.595375209102,531,0,0,0,0,0,0,2,0,0,0,0
0,cn2448,part_face_create,compute,0.0207399219998,1,3526205353,76083145,2.15764929672,9524256255,15914100092,0.598479097149,3,0,0,0,0,0,0,0,0,0,0,0
0,cn2448,surface_refine,compute,0.027563609,1,3530405902,76200831,2.15841557926,9531839392,15928795741,0.598403014703,34,0,0,0,0,0,0,0,0,0,0,0
0,cn2448,refined_surface_save,io,0,0,0,0,0,0,0,0,0,0,0,0,0,0,0,0,0,0,0,0
0,cn2448,local_volume_mesh,compute,20.013375304,1,10730332205,255561640,2.38167500425,29239270200,49673462619,0.588629595329,15480,0,0,0,0,0,67728,2889664,0,0,0,0
0,cn2448,volume_refine,compute,1.705306681,1,8167435041,175839276,2.15293142972,21409880917,35199961105,0.608235925407,12854,0,0,0,0,0,0,7,0,0,0,0
0,cn2448,refined_volume_save,io,0,0,0,0,0,0,0,0,0,0,0,0,0,0,0,0,0,0,0,0
0,cn2448,adjacency_build,compute,0.00429013400026,1,7621286213,153112647,2.00901321274,20360798384,31807350250,0.64012871943,24,0,0,0,0,0,0,0,0,0,0,0
0,cn2448,vertex_numbering_local,compute,0.0225236050001,1,7629531742,153285394,2.00910618349,20380470860,31847325287,0.63994293638,39,0,0,0,0,0,0,0,0,0,0,0
0,cn2448,vertex_count_pre_collective_wait,synchronization,7.850438153,1,18215825075,153096002,0.840456039568,41388870493,49042493379,0.843938952556,65,0,0,0,0,0,0,36,0,0,0,0
0,cn2448,vertex_count_allgather,communication,0.000429266000083,1,7620711739,153080550,2.00874347755,20359570622,31798606811,0.640266120557,29,0,0,0,0,0,2,0,1,1,4,128
0,cn2448,element_count_pre_collective_wait,synchronization,0.00194780399988,1,7623025601,153079927,2.00812557917,20364161778,31802352435,0.640335076458,3,0,0,0,0,0,0,0,0,0,0,0
0,cn2448,element_count_allgather,communication,0.000581827000133,1,7621246570,153079845,2.00859326088,20360632119,31799375909,0.640284016179,1,0,0,0,0,0,0,0,1,1,4,128
0,cn2448,vertex_exchange_prepare,compute,5.38809999853e-05,1,7620512148,153079694,2.00878485628,20359176807,31798183800,0.640262253186,7,0,0,0,0,0,0,0,0,0,0,0
0,cn2448,vertex_exchange,communication,0.00422281400006,1,7626164696,153092835,2.00746825046,20370398267,31805700964,0.640463742335,110,0,0,0,0,0,1,0,4,2,259006,2376
0,cn2448,vertex_exchange_unpack,compute,0.000221783000143,1,7620527148,153080056,2.00878565258,20359208598,31798330396,0.640260301231,144,0,0,0,0,0,0,0,0,0,0,0
0,cn2448,partition_result_io,io,0,0,0,0,0,0,0,0,0,0,0,0,0,0,0,0,0,0,0,0
0,cn2448,volume_exchange_pack,compute,0.437921622,2,15523915415,309852948,1.99597163291,41523885985,64547500469,0.643307419858,1884,0,0,0,0,0,0,1,0,0,0,0
0,cn2448,volume_size_exchange,communication,0.135860219,1,7803545303,153080167,1.96167461143,20722548977,32096543971,0.645631785021,1,0,0,0,0,0,0,1,3,3,12,12
0,cn2448,volume_payload_prepare,compute,0.000326664000113,1,7620512501,153079796,2.00878610172,20359217175,31798268057,0.640261826163,69,0,0,0,0,0,0,0,0,0,0,0
0,cn2448,volume_payload_exchange,communication,0.0409629389997,1,7671420889,153093838,1.99563862047,20460298298,31882444245,0.641741835751,546,0,0,0,0,0,0,1,3,3,2796960,2793480
0,cn2448,volume_exchange_unpack,compute,0.356559012,1,7855131776,160970736,2.04924297377,21022007013,32491935179,0.64699153489,14759,0,0,0,0,0,0,2,0,0,0,0
0,cn2448,final_mesh_save,io,0,0,0,0,0,0,0,0,0,0,0,0,0,0,0,0,0,0,0,0
0,cn2448,testout_io,io,0,0,0,0,0,0,0,0,0,0,0,0,0,0,0,0,0,0,0,0
0,cn2448,final_count_exchange,communication,0,0,0,0,0,0,0,0,0,0,0,0,0,0,0,0,0,0,0,0
0,cn2448,quality_surface_compute,postprocess,0,0,0,0,0,0,0,0,0,0,0,0,0,0,0,0,0,0,0,0
0,cn2448,quality_reduce_pre_collective_wait,synchronization,0,0,0,0,0,0,0,0,0,0,0,0,0,0,0,0,0,0,0,0
0,cn2448,quality_reduce,communication,0,0,0,0,0,0,0,0,0,0,0,0,0,0,0,0,0,0,0,0
0,cn2448,quality_summary_io,io,0,0,0,0,0,0,0,0,0,0,0,0,0,0,0,0,0,0,0,0
0,cn2448,quality_volume_compute,postprocess,0,0,0,0,0,0,0,0,0,0,0,0,0,0,0,0,0,0,0,0
0,cn2448,quality_rank_io,io,0,0,0,0,0,0,0,0,0,0,0,0,0,0,0,0,0,0,0,0
1,cn2448,geometry_load,io,1.785452816,1,1406134948,28557771,2.03094098761,3315729192,3847356888,0.861820020477,6711,0,1035180,0,0,0,0,2,0,0,0,0
1,cn2448,coarse_local_size,setup,0.49780474,1,266562513,6687236,2.50869333604,631915871,894387786,0.706534548986,7618,0,0,0,0,0,117,53,0,0,0,0
1,cn2448,coarse_edge_mesh,setup,0.013646893,1,6289781,172992,2.75036603023,12798458,26645522,0.480323035143,489,0,0,0,0,0,0,0,0,0,0,0
1,cn2448,coarse_surface_mesh,setup,8.635207984,1,5660254837,168601891,2.97869788296,15313429878,18652307753,0.820993845951,14217,0,0,0,0,0,0,13,0,0,0,0
1,cn2448,coarse_volume_mesh,setup,14.633471817,1,5276908510,131808965,2.49784442444,13366301939,21947314152,0.609017661406,22394,0,0,0,0,0,83306,2742725,0,0,0,0
1,cn2448,coarse_mesh_save,io,0,0,0,0,0,0,0,0,0,0,0,0,0,0,0,0,0,0,0,0
1,cn2448,submesh_initialization,setup,0.000301223999941,1,3517119189,74711453,2.12422295024,9732811431,15131645448,0.643209059084,1,0,0,0,0,0,0,0,0,0,0,0
1,cn2448,metis_partition,compute,0.136529788,1,3600311387,80353251,2.23184170375,9927823931,15429693800,0.643423262943,61,0,0,0,0,0,0,0,0,0,0,0
1,cn2448,face_map_setup,compute,0.00786473900007,1,3520180045,74772035,2.12409689403,9740704075,15148518954,0.643013624274,3,0,0,0,0,0,0,0,0,0,0,0
1,cn2448,face_local_extract,compute,0.160900856,1,3578532494,77062047,2.1534538845,9896738961,15483649352,0.63917353952,23,0,0,0,0,0,0,0,0,0,0,0
1,cn2448,face_pre_collective_wait,synchronization,0.037762078,1,3566758810,75119430,2.10609783284,9830640447,15214322430,0.646143822193,0,0,0,0,0,0,0,0,0,0,0,0
1,cn2448,face_collective_setup,compute,0.000151001999711,1,3517039522,74707892,2.12416981762,9732665691,15131533621,0.643204181068,15,0,0,0,0,0,0,0,0,0,0,0
1,cn2448,face_allgatherv,communication,0.0695121399999,1,3655392660,75361594,2.06165523132,10002415038,15280721469,0.654577407113,249,0,0,0,0,0,0,0,1,1,151800,4859624
1,cn2448,face_global_merge,compute,0.078160989,1,3535231734,75592586,2.138263958,9777167678,15302723059,0.638916854229,0,0,0,0,0,0,0,0,0,0,0,0
1,cn2448,part_face_create,compute,0.020210316,1,3521703406,74887574,2.12645885717,9743634165,15175458640,0.642065218333,3,0,0,0,0,0,0,0,0,0,0,0
1,cn2448,surface_refine,compute,0.0347963609997,1,3529188795,75181568,2.13027900651,9757626167,15199844951,0.641955638262,964,0,0,0,0,0,0,0,0,0,0,0
1,cn2448,refined_surface_save,io,0,0,0,0,0,0,0,0,0,0,0,0,0,0,0,0,0,0,0,0
1,cn2448,local_volume_mesh,compute,23.455426785,1,12295183565,308824197,2.51174938029,33518401105,54907203728,0.61045543807,13514,0,0,0,0,0,85020,3339577,0,0,0,0
1,cn2448,volume_refine,compute,2.059352543,1,7828594092,172792827,2.20720125439,21078663624,34063697433,0.618801398922,15112,0,0,0,0,0,0,3,0,0,0,0
1,cn2448,refined_volume_save,io,0,0,0,0,0,0,0,0,0,0,0,0,0,0,0,0,0,0,0,0
1,cn2448,adjacency_build,compute,0.00613129700014,1,7191248600,148124279,2.05978526455,19839606241,29996567834,0.661395875381,0,0,0,0,0,0,0,0,0,0,0,0
1,cn2448,vertex_numbering_local,compute,0.0504295979999,1,7201733280,148361860,2.06008545765,19864695732,30090891201,0.660156443999,296,0,0,0,0,0,0,0,0,0,0,0
1,cn2448,vertex_count_pre_collective_wait,synchronization,4.026251715,1,12527703656,192478992,1.53642676491,30386911678,38834411252,0.782473860124,26,0,0,0,0,0,0,3,0,0,0,0
1,cn2448,vertex_count_allgather,communication,0.000506486000177,1,7190568888,148090387,2.05950863286,19838111691,29983496431,0.661634367314,44,0,0,0,0,0,0,0,1,1,4,128
1,cn2448,element_count_pre_collective_wait,synchronization,0.00177728300014,1,7192727943,148107698,2.05913109982,19842381012,29986986689,0.661699730546,0,0,0,0,0,0,0,0,0,0,0,0
1,cn2448,element_count_allgather,communication,0.00069750900002,1,7191295457,148095705,2.05937450193,19839547495,29984578223,0.661658381434,1,0,0,0,0,0,0,0,1,1,4,128
1,cn2448,vertex_exchange_prepare,compute,0.000182001999747,1,7190416441,148088340,2.05952382891,19837820996,29983140138,0.661632534307,30,0,0,0,0,0,0,0,0,0,0,0
1,cn2448,vertex_exchange,communication,0.00489598200011,1,7197645812,148126328,2.05798301096,19852051741,29992657279,0.661897062215,95,0,0,0,0,0,0,0,5,2,216524,109956
1,cn2448,vertex_exchange_unpack,compute,0.00167040099996,1,7191052179,148099526,2.0594973074,19839351313,29986669261,0.661605700197,0,0,0,0,0,0,0,0,0,0,0,0
1,cn2448,partition_result_io,io,0,0,0,0,0,0,0,0,0,0,0,0,0,0,0,0,0,0,0,0
1,cn2448,volume_exchange_pack,compute,0.571442632,2,14708932433,302274479,2.05504023067,40611406715,61205711695,0.663523151522,1576,0,0,0,0,0,0,1,0,0,0,0
1,cn2448,volume_size_exchange,communication,0.0382203439999,1,7241532748,148512946,2.05084960834,19938677465,30067006229,0.663141428619,2,0,0,0,0,0,0,0,5,5,20,20
1,cn2448,volume_payload_prepare,compute,0.000253043000157,1,7190417318,148088384,2.05952418964,19837947485,29983428611,0.661630387317,34,0,0,0,0,0,0,0,0,0,0,0
1,cn2448,volume_payload_exchange,communication,0.0987207490002,1,7315609373,149145240,2.03872613197,20085121305,30190741557,0.665274195636,352,0,0,0,0,0,1,2,5,5,3443280,3438840
1,cn2448,volume_exchange_unpack,compute,0.43452362,1,7455003885,155340911,2.08371334739,20583047441,30834770279,0.667527186185,16730,0,0,0,0,0,0,0,0,0,0,0
1,cn2448,final_mesh_save,io,0,0,0,0,0,0,0,0,0,0,0,0,0,0,0,0,0,0,0,0
1,cn2448,testout_io,io,0,0,0,0,0,0,0,0,0,0,0,0,0,0,0,0,0,0,0,0
1,cn2448,final_count_exchange,communication,0,0,0,0,0,0,0,0,0,0,0,0,0,0,0,0,0,0,0,0
1,cn2448,quality_surface_compute,postprocess,0,0,0,0,0,0,0,0,0,0,0,0,0,0,0,0,0,0,0,0
1,cn2448,quality_reduce_pre_collective_wait,synchronization,0,0,0,0,0,0,0,0,0,0,0,0,0,0,0,0,0,0,0,0
1,cn2448,quality_reduce,communication,0,0,0,0,0,0,0,0,0,0,0,0,0,0,0,0,0,0,0,0
1,cn2448,quality_summary_io,io,0,0,0,0,0,0,0,0,0,0,0,0,0,0,0,0,0,0,0,0
1,cn2448,quality_volume_compute,postprocess,0,0,0,0,0,0,0,0,0,0,0,0,0,0,0,0,0,0,0,0
1,cn2448,quality_rank_io,io,0,0,0,0,0,0,0,0,0,0,0,0,0,0,0,0,0,0,0,0
2,cn2448,geometry_load,io,1.741713143,1,1393958908,23333608,1.67390931441,3316566180,3752883266,0.88373816741,6708,0,1035180,0,0,0,0,17,0,0,0,0
2,cn2448,coarse_local_size,setup,0.481049928,1,265576128,6019446,2.26656139817,631803876,885522498,0.713481450135,7171,0,0,0,0,0,119,50,0,0,0,0
2,cn2448,coarse_edge_mesh,setup,0.013278848,1,6267845,172106,2.74585603186,12749981,25973060,0.490892524793,510,0,0,0,0,0,0,1,0,0,0,0
2,cn2448,coarse_surface_mesh,setup,8.713167831,1,5673005333,162579352,2.8658416916,15312300260,18971191078,0.807134364787,15364,0,0,0,0,0,0,83,0,0,0,0
2,cn2448,coarse_volume_mesh,setup,15.010282486,1,5316281334,128179004,2.4110651026,13424190172,22583886765,0.594414518266,31483,0,0,0,0,0,82069,2850153,0,0,0,0
2,cn2448,coarse_mesh_save,io,0,0,0,0,0,0,0,0,0,0,0,0,0,0,0,0,0,0,0,0
2,cn2448,submesh_initialization,setup,0.000137042000006,1,4141476910,108857647,2.62847407738,10233408797,17744603816,0.57670539749,1,0,0,0,0,0,0,0,0,0,0,0
2,cn2448,metis_partition,compute,0.149881877,1,4225676489,114465248,2.70880291707,10428450862,18070619423,0.577094266549,530,0,0,0,0,0,0,1,0,0,0,0
2,cn2448,face_map_setup,compute,0.00794188100008,1,4144554453,108930620,2.62828299725,10241304350,17761286976,0.576608235869,208,0,0,0,0,0,0,0,0,0,0,0
2,cn2448,face_local_extract,compute,0.168962918,1,4202910622,111036476,2.64189477213,10397335243,18112303880,0.574048189114,681,0,0,0,0,0,0,1,0,0,0,0
2,cn2448,face_pre_collective_wait,synchronization,0.0164335879999,1,4162394765,108853281,2.61515995348,10274683775,17780400820,0.577865700499,0,0,0,0,0,0,0,0,0,0,0,0
2,cn2448,face_collective_setup,compute,0.000135622000016,1,4141397143,108853973,2.62843599011,10233263040,17744483934,0.576701079505,16,0,0,0,0,0,0,0,0,0,0,0
2,cn2448,face_allgatherv,communication,0.069713202,1,4276136301,109290884,2.55583256255,10495915845,17891250283,0.586650775042,1355,0,0,0,0,0,0,1,1,1,151800,4859624
2,cn2448,face_global_merge,compute,0.0861599110003,1,4159717754,109726100,2.63782560474,10277766744,17931597355,0.573165153139,541,0,0,0,0,0,0,0,0,0,0,0
2,cn2448,part_face_create,compute,0.0212376489999,1,4146079718,109042417,2.63001255202,10244164634,17790551719,0.575820513934,3,0,0,0,0,0,0,1,0,0,0,0
2,cn2448,surface_refine,compute,0.0395402009999,1,4152996748,109287585,2.6315355304,10256868834,17823251288,0.575476868292,1028,0,0,0,0,0,0,0,0,0,0,0
2,cn2448,refined_surface_save,io,0,0,0,0,0,0,0,0,0,0,0,0,0,0,0,0,0,0,0,0
2,cn2448,local_volume_mesh,compute,24.350445972,1,13329587378,338138908,2.53675450268,35131953052,59896626623,0.586543099883,24869,0,0,0,0,0,83580,3106700,0,0,0,0
2,cn2448,volume_refine,compute,2.27169561,1,12915175372,346130597,2.68003017404,33538831933,60093132234,0.55811422514,15615,0,0,0,0,0,0,21,0,0,0,0
2,cn2448,refined_volume_save,io,0,0,0,0,0,0,0,0,0,0,0,0,0,0,0,0,0,0,0,0
2,cn2448,adjacency_build,compute,0.00635457999988,1,12272672881,319292588,2.60165483995,32290753274,55564405275,0.581140986108,3,0,0,0,0,0,0,0,0,0,0,0
2,cn2448,vertex_numbering_local,compute,0.0418161890002,1,12281352130,319492138,2.60144106787,32311598669,55639110186,0.580735359731,573,0,0,0,0,0,0,1,0,0,0,0
2,cn2448,vertex_count_pre_collective_wait,synchronization,2.912241057,1,16016652054,319262179,1.9933140704,39670495456,61951055870,0.640352208673,30,0,0,0,0,0,0,24,0,0,0,0
2,cn2448,vertex_count_allgather,communication,0.000490185999752,1,12272241029,319258725,2.60147045878,32289795714,55551222249,0.581261660981,45,0,0,0,0,0,0,0,1,1,4,128
2,cn2448,element_count_pre_collective_wait,synchronization,0.0022035070001,1,12274601142,319276300,2.60111343991,32294441886,55555291006,0.581302722049,1,0,0,0,0,0,0,0,0,0,0,0
2,cn2448,element_count_allgather,communication,0.0001210610003,1,12272005811,319257980,2.60151425054,32289334334,55550685574,0.58125897098,2,0,0,0,0,0,0,0,1,1,4,128
2,cn2448,vertex_exchange_prepare,compute,0.000194801999896,1,12271903509,319257926,2.60153549745,32289140561,55550558833,0.58125680892,34,0,0,0,0,0,0,0,0,0,0,0
2,cn2448,vertex_exchange,communication,0.00235464999969,1,12275837994,319270275,2.60080228459,32296872017,55555066891,0.581348809828,39,0,0,0,0,0,0,0,3,2,108240,146982
2,cn2448,vertex_exchange_unpack,compute,0.00233984899978,1,12272750023,319272903,2.60147809091,32291183837,55555615076,0.581240686343,0,0,0,0,0,0,0,0,0,0,0,0
2,cn2448,partition_result_io,io,0,0,0,0,0,0,0,0,0,0,0,0,0,0,0,0,0,0,0,0
2,cn2448,volume_exchange_pack,compute,0.522716455,2,24858831111,645028448,2.59476580021,65478702491,112235847167,0.583402755392,1381,0,0,0,0,0,0,4,0,0,0,0
2,cn2448,volume_size_exchange,communication,0.0502584960004,1,12336784848,319258074,2.58785476065,32417233344,55660910509,0.582405732273,1,0,0,0,0,0,0,0,3,3,12,12
2,cn2448,volume_payload_prepare,compute,0.000193341999875,1,12271903275,319257840,2.60153484627,32289302772,55550889579,0.581256268202,0,0,0,0,0,0,0,0,0,0,0,0
2,cn2448,volume_payload_exchange,communication,0.137415279,1,12444807368,319654647,2.56857850465,32630060734,55848326889,0.58426209972,33,0,0,0,0,0,0,2,3,3,2737440,2731920
2,cn2448,volume_exchange_unpack,compute,0.414943892,1,12534302385,329397232,2.62796621529,33029461060,56358988263,0.586054896973,17191,0,0,0,0,0,0,3,0,0,0,0
2,cn2448,final_mesh_save,io,0,0,0,0,0,0,0,0,0,0,0,0,0,0,0,0,0,0,0,0
2,cn2448,testout_io,io,0,0,0,0,0,0,0,0,0,0,0,0,0,0,0,0,0,0,0,0
2,cn2448,final_count_exchange,communication,0,0,0,0,0,0,0,0,0,0,0,0,0,0,0,0,0,0,0,0
2,cn2448,quality_surface_compute,postprocess,0,0,0,0,0,0,0,0,0,0,0,0,0,0,0,0,0,0,0,0
2,cn2448,quality_reduce_pre_collective_wait,synchronization,0,0,0,0,0,0,0,0,0,0,0,0,0,0,0,0,0,0,0,0
2,cn2448,quality_reduce,communication,0,0,0,0,0,0,0,0,0,0,0,0,0,0,0,0,0,0,0,0
2,cn2448,quality_summary_io,io,0,0,0,0,0,0,0,0,0,0,0,0,0,0,0,0,0,0,0,0
2,cn2448,quality_volume_compute,postprocess,0,0,0,0,0,0,0,0,0,0,0,0,0,0,0,0,0,0,0,0
2,cn2448,quality_rank_io,io,0,0,0,0,0,0,0,0,0,0,0,0,0,0,0,0,0,0,0,0
3,cn2448,geometry_load,io,1.751171562,1,1399341646,25341803,1.81098040442,3315404842,3774593197,0.878347591109,6806,0,1035180,0,0,0,0,4,0,0,0,0
3,cn2448,coarse_local_size,setup,0.497373634,1,266592749,6208852,2.32896506874,631936235,893699797,0.707101240396,7619,0,0,0,0,0,122,58,0,0,0,0
3,cn2448,coarse_edge_mesh,setup,0.0138182149999,1,6311800,171120,2.71111251941,12801030,26538041,0.482365295916,527,0,0,0,0,0,0,1,0,0,0,0
3,cn2448,coarse_surface_mesh,setup,8.733873573,1,5674834053,165024431,2.90800452416,15314515348,19014159716,0.805426880637,14215,0,0,0,0,0,0,21,0,0,0,0
3,cn2448,coarse_volume_mesh,setup,15.47604206,1,5376836575,128660725,2.39287029102,13549211584,23051360615,0.587783593789,21289,0,0,0,0,0,86254,2882080,0,0,0,0
3,cn2448,coarse_mesh_save,io,0,0,0,0,0,0,0,0,0,0,0,0,0,0,0,0,0,0,0,0
3,cn2448,submesh_initialization,setup,0.000337565000336,1,2054961969,46453127,2.26053463279,5535367784,9431606225,0.586895556488,2,0,0,0,0,0,1,0,0,0,0,0
3,cn2448,metis_partition,compute,0.150011999,1,2138918458,52100517,2.43583465303,5730389029,9758410348,0.587225667362,348,0,0,0,0,0,0,0,0,0,0,0
3,cn2448,face_map_setup,compute,0.00789184000041,1,2058020795,46522121,2.26052725575,5543263531,9448173643,0.586702122596,224,0,0,0,0,0,0,0,0,0,0,0
3,cn2448,face_local_extract,compute,0.174448468,1,2116320566,48624149,2.29757957188,5699294293,9811471604,0.580880679579,678,0,0,0,0,0,0,0,0,0,0,0
3,cn2448,face_pre_collective_wait,synchronization,0.0108040169998,1,2068699078,46448842,2.24531651287,5562530369,9455040267,0.58831376831,0,0,0,0,0,0,0,0,0,0,0,0
3,cn2448,face_collective_setup,compute,0.000107081999886,1,2054881915,46449573,2.26044974463,5535222024,9431459914,0.586889206387,16,0,0,0,0,0,0,0,0,0,0,0
3,cn2448,face_allgatherv,communication,0.0699219050002,1,2190207889,46877799,2.14033559259,5798967217,9580265021,0.605303423683,849,0,0,0,0,0,0,0,1,1,151800,4859624
3,cn2448,face_global_merge,compute,0.0850410360003,1,2073148371,47365348,2.28470613404,5579725902,9616836706,0.580203872914,209,0,0,0,0,0,0,0,0,0,0,0
3,cn2448,part_face_create,compute,0.0207761030001,1,2059542217,46633646,2.26427240069,5546046228,9476641423,0.585233310035,3,0,0,0,0,0,0,0,0,0,0,0
3,cn2448,surface_refine,compute,0.03874185,1,2065844551,46876648,2.26912755741,5557339130,9508671428,0.58444959131,989,0,0,0,0,0,0,0,0,0,0,0
3,cn2448,refined_surface_save,io,0,0,0,0,0,0,0,0,0,0,0,0,0,0,0,0,0,0,0,0
3,cn2448,local_volume_mesh,compute,26.02224825,1,12095571349,290590412,2.4024529608,32834527335,53852351080,0.609713906199,10137,0,0,0,0,0,90572,3450486,0,0,0,0
3,cn2448,volume_refine,compute,2.088609553,1,11496963079,299336986,2.60361787668,30754294966,53337293588,0.576600215293,12736,0,0,0,0,0,0,5,0,0,0,0
3,cn2448,refined_volume_save,io,0,0,0,0,0,0,0,0,0,0,0,0,0,0,0,0,0,0,0,0
3,cn2448,adjacency_build,compute,0.00383336799996,1,10850198597,272377705,2.51034764539,29496089656,49160595964,0.599994550058,5,0,0,0,0,0,0,0,0,0,0,0
3,cn2448,vertex_numbering_local,compute,0.026510276,1,10858976006,272580544,2.51018644713,29517487109,49206083048,0.599874756952,840,0,0,0,0,0,0,0,0,0,0,0
3,cn2448,vertex_count_pre_collective_wait,synchronization,1.443171144,1,12689756951,272346008,2.14618774064,33123674100,52324420808,0.633044257127,28,0,0,0,0,0,0,3,0,0,0,0
3,cn2448,vertex_count_allgather,communication,0.000397884999984,1,10849691281,272344662,2.5101604732,29494956348,49152830982,0.600066278152,8,0,0,0,0,0,0,0,1,1,4,128
3,cn2448,element_count_pre_collective_wait,synchronization,0.00182514300013,1,10851706588,272343920,2.50968746521,29498925348,49156256270,0.600105207076,0,0,0,0,0,0,0,0,0,0,0,0
3,cn2448,element_count_allgather,communication,0.000512566999987,1,10850018986,272348489,2.51011993022,29495607988,49153331591,0.600073423983,1,0,0,0,0,0,0,0,1,1,4,128
3,cn2448,vertex_exchange_prepare,compute,0.000149261999923,1,10849415912,272343840,2.51021660713,29494419562,49152325699,0.600061525931,20,0,0,0,0,0,0,0,0,0,0,0
3,cn2448,vertex_exchange,communication,0.00279577499987,1,10853460434,272361077,2.50943999526,29502513708,49157648881,0.600161203385,63,0,0,0,0,0,0,0,2,4,136488,135520
3,cn2448,vertex_exchange_unpack,compute,0.00224056900015,1,10850185939,272363076,2.51021574682,29496279175,49157084917,0.600041260071,0,0,0,0,0,0,0,0,0,0,0,0
3,cn2448,partition_result_io,io,0,0,0,0,0,0,0,0,0,0,0,0,0,0,0,0,0,0,0,0
3,cn2448,volume_exchange_pack,compute,0.554799482,2,22039385188,549570318,2.49358279876,59963459187,99511210628,0.602579938568,1168,0,0,0,0,0,0,1,0,0,0,0
3,cn2448,volume_size_exchange,communication,0.152417708,1,11042766554,272344458,2.46627017485,29875856966,49487287571,0.60370770823,2,0,0,0,0,0,0,0,4,4,16,16
3,cn2448,volume_payload_prepare,compute,0.000254722999671,1,10849416178,272343836,2.51021650872,29494489728,49152455070,0.600061374066,68,0,0,0,0,0,0,0,0,0,0,0
3,cn2448,volume_payload_exchange,communication,0.00285801600012,1,10849514892,272357545,2.51032002547,29494694283,49153929731,0.600047533217,432,0,0,0,0,0,0,1,4,4,2873520,2884800
3,cn2448,volume_exchange_unpack,compute,0.450925507,1,11126704893,279236716,2.50960835832,30280861766,50034870747,0.605195163172,17862,0,0,0,0,0,0,0,0,0,0,0
3,cn2448,final_mesh_save,io,0,0,0,0,0,0,0,0,0,0,0,0,0,0,0,0,0,0,0,0
3,cn2448,testout_io,io,0,0,0,0,0,0,0,0,0,0,0,0,0,0,0,0,0,0,0,0
3,cn2448,final_count_exchange,communication,0,0,0,0,0,0,0,0,0,0,0,0,0,0,0,0,0,0,0,0
3,cn2448,quality_surface_compute,postprocess,0,0,0,0,0,0,0,0,0,0,0,0,0,0,0,0,0,0,0,0
3,cn2448,quality_reduce_pre_collective_wait,synchronization,0,0,0,0,0,0,0,0,0,0,0,0,0,0,0,0,0,0,0,0
3,cn2448,quality_reduce,communication,0,0,0,0,0,0,0,0,0,0,0,0,0,0,0,0,0,0,0,0
3,cn2448,quality_summary_io,io,0,0,0,0,0,0,0,0,0,0,0,0,0,0,0,0,0,0,0,0
3,cn2448,quality_volume_compute,postprocess,0,0,0,0,0,0,0,0,0,0,0,0,0,0,0,0,0,0,0,0
3,cn2448,quality_rank_io,io,0,0,0,0,0,0,0,0,0,0,0,0,0,0,0,0,0,0,0,0
4,cn2448,geometry_load,io,1.742326951,1,1400721294,23264772,1.66091370922,3314720136,3751795391,0.883502374344,6807,0,1035180,0,0,0,0,15,0,0,0,0
4,cn2448,coarse_local_size,setup,0.500032129,1,266444253,5998832,2.25143981619,632502903,887798161,0.712439978798,7872,0,0,0,0,0,134,66,0,0,0,0
4,cn2448,coarse_edge_mesh,setup,0.0130363049998,1,6285543,161803,2.57420878355,12808276,24945882,0.513442499247,511,0,0,0,0,0,0,1,0,0,0,0
4,cn2448,coarse_surface_mesh,setup,8.651146726,1,5671484391,165286776,2.91434771931,15312426502,18817208984,0.813745891594,17279,0,0,0,0,0,0,44,0,0,0,0
4,cn2448,coarse_volume_mesh,setup,15.015280729,1,5298130530,125812773,2.37466352117,13388701175,22332830555,0.599507578855,37635,0,0,0,0,0,87433,2789921,0,0,0,0
4,cn2448,coarse_mesh_save,io,0,0,0,0,0,0,0,0,0,0,0,0,0,0,0,0,0,0,0,0
4,cn2448,submesh_initialization,setup,0.000285123999674,1,3491256170,79223593,2.26920022887,9492024197,16329120018,0.581294288151,1,0,0,0,0,0,1,0,0,0,0,0
4,cn2448,metis_partition,compute,0.146854678,1,3574759221,84831344,2.373064555,9687079968,16648206089,0.581869296681,508,0,0,0,0,0,0,0,0,0,0,0
4,cn2448,face_map_setup,compute,0.00829176499974,1,3494299734,79293719,2.26923060516,9499915039,16346381370,0.581163183702,225,0,0,0,0,0,0,0,0,0,0,0
4,cn2448,face_local_extract,compute,0.167926286,1,3552694142,81357727,2.2900290244,9655949889,16694229955,0.57840043626,666,0,0,0,0,0,0,0,0,0,0,0
4,cn2448,face_pre_collective_wait,synchronization,0.0198463910001,1,3513773424,79439105,2.26079190131,9536528719,16372421939,0.582475137431,0,0,0,0,0,0,0,0,0,0,0,0
4,cn2448,face_collective_setup,compute,0.000150382000356,1,3491175139,79220059,2.26915167088,9491878343,16329013537,0.581289146555,15,0,0,0,0,0,0,0,0,0,0,0
4,cn2448,face_allgatherv,communication,0.0701014870001,1,3624279617,79861051,2.20350136964,9751204904,16477637201,0.591784173001,859,0,0,0,0,0,0,0,1,1,151800,4859624
4,cn2448,face_global_merge,compute,0.0832034530004,1,3509435073,80108815,2.28266981248,9536380881,16509833928,0.577618219698,388,0,0,0,0,0,0,0,0,0,0,0
4,cn2448,part_face_create,compute,0.0205789399997,1,3495788995,79414896,2.27173024784,9502608600,16373721612,0.580357283773,3,0,0,0,0,0,0,0,0,0,0,0
4,cn2448,surface_refine,compute,0.0258700869999,1,3500483749,79564011,2.27294330456,9511160938,16385125041,0.580475334439,33,0,0,0,0,0,0,0,0,0,0,0
4,cn2448,refined_surface_save,io,0,0,0,0,0,0,0,0,0,0,0,0,0,0,0,0,0,0,0,0
4,cn2448,local_volume_mesh,compute,19.159660779,1,10195767643,253402691,2.48537138029,27602749829,47386550439,0.582501776839,17263,0,0,0,0,0,77280,3028739,0,0,0,0
4,cn2448,volume_refine,compute,1.726232506,1,10278829813,265790245,2.58580256542,27346364521,48919819396,0.559003791482,8190,0,0,0,0,0,0,51,0,0,0,0
4,cn2448,refined_volume_save,io,0,0,0,0,0,0,0,0,0,0,0,0,0,0,0,0,0,0,0,0
4,cn2448,adjacency_build,compute,0.00407315099983,1,9759376535,242520768,2.48500267543,26366369430,45473385868,0.579819798476,6,0,0,0,0,0,0,1,0,0,0,0
4,cn2448,vertex_numbering_local,compute,0.0256578650001,1,9769442955,242759728,2.48488812636,26390434995,45519919861,0.579755743762,9,0,0,0,0,0,0,2,0,0,0,0
4,cn2448,vertex_count_pre_collective_wait,synchronization,8.683763219,1,19805305800,325796353,1.64499531737,46162293551,64547213584,0.715170973119,65,0,0,0,0,0,0,107,0,0,0,0
4,cn2448,vertex_count_allgather,communication,0.000339624999924,1,9758599486,242487809,2.48486280586,26364710142,45464820356,0.579892539673,65,0,0,0,0,0,0,0,1,1,4,128
4,cn2448,element_count_pre_collective_wait,synchronization,0.00229246899971,1,9761129657,242508118,2.48442676741,26369695826,45469639077,0.57994073323,1,0,0,0,0,0,0,0,0,0,0,0
4,cn2448,element_count_allgather,communication,0.000587566999911,1,9759188936,242492057,2.48475624963,26365877489,45465850578,0.579905074992,2,0,0,0,0,0,0,0,1,1,4,128
4,cn2448,vertex_exchange_prepare,compute,4.1420999878e-05,1,9758563112,242486684,2.48486053958,26364641261,45464661803,0.579893046939,11,0,0,0,0,0,0,0,0,0,0,0
4,cn2448,vertex_exchange,communication,0.00298343800023,1,9763492451,242506506,2.48380901831,26374428369,45470037573,0.580039731145,210,0,0,0,0,0,0,0,4,1,337436,1430
4,cn2448,vertex_exchange_unpack,compute,0.000173202000042,1,9758572621,242486973,2.48486107977,26364660884,45464772923,0.579892061237,110,0,0,0,0,0,0,0,0,0,0,0
4,cn2448,partition_result_io,io,0,0,0,0,0,0,0,0,0,0,0,0,0,0,0,0,0,0,0,0
4,cn2448,volume_exchange_pack,compute,0.444920331001,2,19769275426,491145466,2.48438779579,53443299462,91887567526,0.581616217525,3261,0,0,0,0,0,0,1,0,0,0,0
4,cn2448,volume_size_exchange,communication,0.164467261,1,9945232331,244911619,2.46260329421,26733183339,45824029019,0.583387884289,3,0,0,0,0,0,0,2,4,4,16,16
4,cn2448,volume_payload_prepare,compute,0.000399124999603,1,9758563764,242486802,2.48486158275,26364678402,45464827698,0.579891747905,69,0,0,0,0,0,0,0,0,0,0,0
4,cn2448,volume_payload_exchange,communication,0.0173565800001,1,9772572281,242633117,2.48279685249,26392141703,45493310599,0.580132361341,780,0,0,0,0,0,4,0,4,4,3645480,3635280
4,cn2448,volume_exchange_unpack,compute,0.357275062,1,9976766053,251767110,2.52353426614,26973633206,46164737259,0.584290842048,13623,0,0,0,0,0,0,12,0,0,0,0
4,cn2448,final_mesh_save,io,0,0,0,0,0,0,0,0,0,0,0,0,0,0,0,0,0,0,0,0
4,cn2448,testout_io,io,0,0,0,0,0,0,0,0,0,0,0,0,0,0,0,0,0,0,0,0
4,cn2448,final_count_exchange,communication,0,0,0,0,0,0,0,0,0,0,0,0,0,0,0,0,0,0,0,0
4,cn2448,quality_surface_compute,postprocess,0,0,0,0,0,0,0,0,0,0,0,0,0,0,0,0,0,0,0,0
4,cn2448,quality_reduce_pre_collective_wait,synchronization,0,0,0,0,0,0,0,0,0,0,0,0,0,0,0,0,0,0,0,0
4,cn2448,quality_reduce,communication,0,0,0,0,0,0,0,0,0,0,0,0,0,0,0,0,0,0,0,0
4,cn2448,quality_summary_io,io,0,0,0,0,0,0,0,0,0,0,0,0,0,0,0,0,0,0,0,0
4,cn2448,quality_volume_compute,postprocess,0,0,0,0,0,0,0,0,0,0,0,0,0,0,0,0,0,0,0,0
4,cn2448,quality_rank_io,io,0,0,0,0,0,0,0,0,0,0,0,0,0,0,0,0,0,0,0,0
5,cn2448,geometry_load,io,1.794113945,1,1418851957,25801716,1.81849247011,3316982522,3865870459,0.858016986647,6809,0,1035180,0,0,0,0,23,0,0,0,0
5,cn2448,coarse_local_size,setup,0.643690286,1,598710387,6301912,1.05258103698,1291575848,1253377932,1.03047597618,7721,0,0,0,0,0,96,71,0,0,0,0
5,cn2448,coarse_edge_mesh,setup,0.0133611890001,1,6333994,171756,2.71165397378,12806447,26022617,0.492127559653,518,0,0,0,0,0,0,1,0,0,0,0
5,cn2448,coarse_surface_mesh,setup,8.701060418,1,5679244803,170800369,3.007448612,15315919995,18941210936,0.80860300045,12245,0,0,0,0,0,0,36,0,0,0,0
5,cn2448,coarse_volume_mesh,setup,14.995894264,1,5320316359,134315411,2.52457564432,13436311079,22370031209,0.600638906288,24879,0,0,0,0,0,82937,2809432,0,0,0,0
5,cn2448,coarse_mesh_save,io,0,0,0,0,0,0,0,0,0,0,0,0,0,0,0,0,0,0,0,0
5,cn2448,submesh_initialization,setup,0.000254443999893,1,4031134055,98321689,2.43905778519,10097154331,16027493575,0.629989604036,1,0,0,0,0,0,0,0,0,0,0,0
5,cn2448,metis_partition,compute,0.15164276,1,4114787644,103980515,2.5269958986,10292212104,16357833961,0.629191623325,366,0,0,0,0,0,0,0,0,0,0,0
5,cn2448,face_map_setup,compute,0.00790211999993,1,4034186831,98417809,2.43959472188,10105057041,16043986259,0.62983456093,218,0,0,0,0,0,0,0,0,0,0,0
5,cn2448,face_local_extract,compute,0.168122507,1,4092535735,100489228,2.45542701413,10261080077,16393286447,0.625931847783,723,0,0,0,0,0,0,0,0,0,0,0
5,cn2448,face_pre_collective_wait,synchronization,0.0155277770004,1,4049169401,98468228,2.43181300283,10132824822,16061308642,0.630884135774,0,0,0,0,0,0,0,0,0,0,0,0
5,cn2448,face_collective_setup,compute,0.000127782000163,1,4031051112,98318259,2.43902288183,10097008535,16027378195,0.629985042604,16,0,0,0,0,0,0,0,0,0,0,0
5,cn2448,face_allgatherv,communication,0.0702882290002,1,4164561909,98955197,2.37612500816,10356834631,16175499286,0.640279131289,1354,0,0,0,0,0,0,0,1,1,151800,4859624
5,cn2448,face_global_merge,compute,0.083053591,1,4049277139,99183340,2.44940853874,10141510966,16207471148,0.625730619749,563,0,0,0,0,0,0,0,0,0,0,0
5,cn2448,part_face_create,compute,0.0203968180003,1,4035633667,98506245,2.44091146839,10107682573,16071707222,0.628911566978,3,0,0,0,0,0,0,0,0,0,0,0
5,cn2448,surface_refine,compute,0.0245859710003,1,4039828906,98632111,2.44149228334,10115202296,16080625187,0.629030412585,35,0,0,0,0,0,0,0,0,0,0,0
5,cn2448,refined_surface_save,io,0,0,0,0,0,0,0,0,0,0,0,0,0,0,0,0,0,0,0,0
5,cn2448,local_volume_mesh,compute,20.350702673,1,11049715798,284222946,2.57221951402,29132139645,49315721233,0.59072723498,9633,0,0,0,0,0,81723,3063891,0,0,0,0
5,cn2448,volume_refine,compute,1.551018069,1,10202153204,281594848,2.76015114035,26496846922,47024687976,0.563466724873,9743,0,0,0,0,0,0,13,0,0,0,0
5,cn2448,refined_volume_save,io,0,0,0,0,0,0,0,0,0,0,0,0,0,0,0,0,0,0,0,0
5,cn2448,adjacency_build,compute,0.00385672899984,1,9705093758,261258065,2.69196848083,25537887430,43942332710,0.581168223329,5,0,0,0,0,0,0,0,0,0,0,0
5,cn2448,vertex_numbering_local,compute,0.0262549720001,1,9716402945,261493526,2.69125856019,25564973898,43990900956,0.581142312215,64,0,0,0,0,0,0,1,0,0,0,0
5,cn2448,vertex_count_pre_collective_wait,synchronization,7.669640324,1,18737235181,336324161,1.79495084387,43382384358,60793487113,0.713602499514,28,0,0,0,0,0,0,101,0,0,0,0
5,cn2448,vertex_count_allgather,communication,0.000485865999963,1,9704410313,261224761,2.69181488184,25536404102,43934333204,0.581240279292,10,0,0,0,0,0,1,0,1,1,4,128
5,cn2448,element_count_pre_collective_wait,synchronization,0.00201794600025,1,9706571231,261242245,2.69139574401,25540673017,43938337202,0.581284469177,0,0,0,0,0,0,0,0,0,0,0,0
5,cn2448,element_count_allgather,communication,0.000696028999755,1,9705022036,261229353,2.69169252817,25537612601,43935383360,0.581253892603,1,0,0,0,0,0,0,0,1,1,4,128
5,cn2448,vertex_exchange_prepare,compute,6.35810001768e-05,1,9704236860,261222730,2.69184206619,25536066516,43933948916,0.581237679427,5,0,0,0,0,0,0,0,0,0,0,0
5,cn2448,vertex_exchange,communication,0.00538792800035,1,9710278113,261464513,2.69265730556,25547897432,43944668234,0.581365122521,139,0,0,0,0,0,0,0,3,1,246092,171776
5,cn2448,vertex_exchange_unpack,compute,0.00255333299992,1,9705210244,261239883,2.69174882802,25538424606,43939508286,0.581217806075,0,0,0,0,0,0,0,0,0,0,0,0
5,cn2448,partition_result_io,io,0,0,0,0,0,0,0,0,0,0,0,0,0,0,0,0,0,0,0,0
5,cn2448,volume_exchange_pack,compute,0.46376167,2,19678571994,526640970,2.67621537864,51835975550,88870578624,0.583274874009,1737,0,0,0,0,0,0,0,0,0,0,0
5,cn2448,volume_size_exchange,communication,0.140545159,1,9868799559,262590735,2.66081739152,25861113096,44242776718,0.584527351455,1,0,0,0,0,0,0,1,3,3,12,12
5,cn2448,volume_payload_prepare,compute,0.000458605999938,1,9704237322,261222807,2.6918427315,25536165216,43934261565,0.581235789709,68,0,0,0,0,0,0,0,0,0,0,0
5,cn2448,volume_payload_exchange,communication,0.0187639580004,1,9719513420,261363655,2.68906110528,25566390409,43964486749,0.581523686492,737,0,0,0,0,0,2,0,3,3,4481520,4483800
5,cn2448,volume_exchange_unpack,compute,0.36503228,1,9924484673,266670143,2.68699234052,26152282258,44651532095,0.585697310506,13589,0,0,0,0,0,0,1,0,0,0,0
5,cn2448,final_mesh_save,io,0,0,0,0,0,0,0,0,0,0,0,0,0,0,0,0,0,0,0,0
5,cn2448,testout_io,io,0,0,0,0,0,0,0,0,0,0,0,0,0,0,0,0,0,0,0,0
5,cn2448,final_count_exchange,communication,0,0,0,0,0,0,0,0,0,0,0,0,0,0,0,0,0,0,0,0
5,cn2448,quality_surface_compute,postprocess,0,0,0,0,0,0,0,0,0,0,0,0,0,0,0,0,0,0,0,0
5,cn2448,quality_reduce_pre_collective_wait,synchronization,0,0,0,0,0,0,0,0,0,0,0,0,0,0,0,0,0,0,0,0
5,cn2448,quality_reduce,communication,0,0,0,0,0,0,0,0,0,0,0,0,0,0,0,0,0,0,0,0
5,cn2448,quality_summary_io,io,0,0,0,0,0,0,0,0,0,0,0,0,0,0,0,0,0,0,0,0
5,cn2448,quality_volume_compute,postprocess,0,0,0,0,0,0,0,0,0,0,0,0,0,0,0,0,0,0,0,0
5,cn2448,quality_rank_io,io,0,0,0,0,0,0,0,0,0,0,0,0,0,0,0,0,0,0,0,0
6,cn2448,geometry_load,io,1.783223928,1,1398593068,27224852,1.94658851262,3314033909,3845819537,0.861723717693,6805,0,1035180,0,0,0,0,2,0,0,0,0
6,cn2448,coarse_local_size,setup,0.499701924,1,266400881,6627778,2.48789642704,631863630,904260698,0.698762681379,7749,0,0,0,0,0,106,48,0,0,0,0
6,cn2448,coarse_edge_mesh,setup,0.0140815990003,1,6260780,162159,2.59007663582,12754025,27785697,0.45901403877,492,0,0,0,0,0,0,0,0,0,0,0
6,cn2448,coarse_surface_mesh,setup,8.881284219,1,5674278634,167732495,2.95601442613,15313369296,19346377250,0.791536787385,14857,0,0,0,0,0,0,10,0,0,0,0
6,cn2448,coarse_volume_mesh,setup,15.441975929,1,5338092336,124986428,2.34140625776,13466469974,23111450975,0.582675228335,25479,0,0,0,0,0,83674,2946916,0,0,0,0
6,cn2448,coarse_mesh_save,io,0,0,0,0,0,0,0,0,0,0,0,0,0,0,0,0,0,0,0,0
6,cn2448,submesh_initialization,setup,0.000141142000302,1,3056606422,60451256,1.97772456293,8160722285,13940830791,0.585382780076,2,0,0,0,0,0,0,0,0,0,0,0
6,cn2448,metis_partition,compute,0.152224187,1,3140861137,66069946,2.10356151126,8355747208,14272187171,0.58545667233,287,0,0,0,0,0,0,0,0,0,0,0
6,cn2448,face_map_setup,compute,0.00801090100003,1,3059675044,60514234,1.97779937836,8168609130,13957553733,0.585246475583,219,0,0,0,0,0,0,0,0,0,0,0
6,cn2448,face_local_extract,compute,0.176061428,1,3118217138,62589394,2.00721730495,8324646589,14323992112,0.581168051749,719,0,0,0,0,0,0,0,0,0,0,0
6,cn2448,face_pre_collective_wait,synchronization,0.00698990800038,1,3065039116,60447131,1.97214876262,8177359201,13955871542,0.585944000444,0,0,0,0,0,0,0,0,0,0,0,0
6,cn2448,face_collective_setup,compute,0.000102941000023,1,3056523707,60447798,1.97766494863,8160576422,13940681072,0.585378603804,15,0,0,0,0,0,0,0,0,0,0,0
6,cn2448,face_allgatherv,communication,0.07033783,1,3185558832,60901680,1.91180521886,8411808808,14088585443,0.597065535219,1355,0,0,0,0,0,1,0,1,1,151800,4859624
6,cn2448,face_global_merge,compute,0.0882700370003,1,3074775359,61298972,1.99360814508,8205078923,14132871722,0.580566999008,250,0,0,0,0,0,0,0,0,0,0,0
6,cn2448,part_face_create,compute,0.0212678089997,1,3061028442,60620508,1.98039675712,8171068616,13986939157,0.584192761853,3,0,0,0,0,0,0,0,0,0,0,0
6,cn2448,surface_refine,compute,0.0233477950001,1,3063488978,60712065,1.98179479136,8174811767,13991285324,0.584278826262,35,0,0,0,0,0,0,0,0,0,0,0
6,cn2448,refined_surface_save,io,0,0,0,0,0,0,0,0,0,0,0,0,0,0,0,0,0,0,0,0
6,cn2448,local_volume_mesh,compute,16.545172891,1,8648244304,193431617,2.23665764056,23380366545,40322233553,0.579838081496,9188,0,0,0,0,0,71147,2766601,0,0,0,0
6,cn2448,volume_refine,compute,1.454891613,1,6644120998,136212920,2.05012702269,17231360766,29512055788,0.583875311492,8410,0,0,0,0,0,0,1,0,0,0,0
6,cn2448,refined_volume_save,io,0,0,0,0,0,0,0,0,0,0,0,0,0,0,0,0,0,0,0,0
6,cn2448,adjacency_build,compute,0.00422121400015,1,6220199190,117798449,1.89380509212,16424786513,26660833525,0.616064253865,4,0,0,0,0,0,0,0,0,0,0,0
6,cn2448,vertex_numbering_local,compute,0.0240176039997,1,6230048857,117981909,1.89375575871,16448593242,26702398634,0.615996842361,317,0,0,0,0,0,0,0,0,0,0,0
6,cn2448,vertex_count_pre_collective_wait,synchronization,11.5678808,1,20553463467,117789581,0.573088721466,44710597737,52077093772,0.858546330038,63,0,0,0,0,0,0,8,0,0,0,0
6,cn2448,vertex_count_allgather,communication,0.000442426000063,1,6219557012,117765158,1.89346536695,16423420064,26652176652,0.616213087525,76,0,0,0,0,0,0,0,1,1,4,128
6,cn2448,element_count_pre_collective_wait,synchronization,0.00211178600011,1,6221912636,117764385,1.89273607473,16428065188,26656280936,0.616292468835,2,0,0,0,0,0,0,0,0,0,0,0
6,cn2448,element_count_allgather,communication,0.000717488999726,1,6220203899,117764370,1.89325578248,16424696058,26653206068,0.616237161717,2,0,0,0,0,0,0,0,1,1,4,128
6,cn2448,vertex_exchange_prepare,compute,0.000232403000155,1,6219365418,117764529,1.89351358354,16423056237,26651815005,0.616207798002,50,0,0,0,0,0,0,0,0,0,0,0
6,cn2448,vertex_exchange,communication,0.00345236300018,1,6225257624,117785213,1.89205363238,16434749268,26658356976,0.616495205717,114,0,0,0,0,0,0,0,1,3,206932,180972
6,cn2448,vertex_exchange_unpack,compute,0.00430505400027,1,6220381007,117783671,1.89351216376,16425486193,26658449022,0.616145604699,1399,0,0,0,0,0,0,0,0,0,0,0
6,cn2448,partition_result_io,io,0,0,0,0,0,0,0,0,0,0,0,0,0,0,0,0,0,0,0,0
6,cn2448,volume_exchange_pack,compute,0.450677824,2,12682867096,241024497,1.90039440748,33534887006,54271467798,0.617910079949,3455,0,0,0,0,0,0,0,0,0,0,0
6,cn2448,volume_size_exchange,communication,0.154683817,1,6407182735,118806095,1.85426418933,16794279451,26989694512,0.622247852547,2,0,0,0,0,0,0,1,4,4,16,16
6,cn2448,volume_payload_prepare,compute,0.000610067999787,1,6219365178,117764210,1.89350852747,16423306122,26653008325,0.61618958437,0,0,0,0,0,0,0,0,0,0,0,0
6,cn2448,volume_payload_exchange,communication,0.00535754699968,1,6221002341,117779676,1.89325882782,16426343249,26656640101,0.616219568061,36,0,0,0,0,0,1,0,4,4,4168440,4181040
6,cn2448,volume_exchange_unpack,compute,0.326110528,1,6412117043,122481653,1.91015934642,16961095315,27294599231,0.62140847614,11776,0,0,0,0,0,0,1,0,0,0,0
6,cn2448,final_mesh_save,io,0,0,0,0,0,0,0,0,0,0,0,0,0,0,0,0,0,0,0,0
6,cn2448,testout_io,io,0,0,0,0,0,0,0,0,0,0,0,0,0,0,0,0,0,0,0,0
6,cn2448,final_count_exchange,communication,0,0,0,0,0,0,0,0,0,0,0,0,0,0,0,0,0,0,0,0
6,cn2448,quality_surface_compute,postprocess,0,0,0,0,0,0,0,0,0,0,0,0,0,0,0,0,0,0,0,0
6,cn2448,quality_reduce_pre_collective_wait,synchronization,0,0,0,0,0,0,0,0,0,0,0,0,0,0,0,0,0,0,0,0
6,cn2448,quality_reduce,communication,0,0,0,0,0,0,0,0,0,0,0,0,0,0,0,0,0,0,0,0
6,cn2448,quality_summary_io,io,0,0,0,0,0,0,0,0,0,0,0,0,0,0,0,0,0,0,0,0
6,cn2448,quality_volume_compute,postprocess,0,0,0,0,0,0,0,0,0,0,0,0,0,0,0,0,0,0,0,0
6,cn2448,quality_rank_io,io,0,0,0,0,0,0,0,0,0,0,0,0,0,0,0,0,0,0,0,0
7,cn2448,geometry_load,io,1.772553673,1,1400978044,22199365,1.58456194907,3316900936,3820002578,0.868298088358,6807,0,1035180,0,0,0,0,3,0,0,0,0
7,cn2448,coarse_local_size,setup,0.500263731,1,266895369,6123520,2.29435228605,633025173,898041719,0.704895061785,7677,0,0,0,0,0,137,68,0,0,0,0
7,cn2448,coarse_edge_mesh,setup,0.0140506580001,1,6290220,179193,2.8487556874,12800961,27538252,0.464842902883,526,0,0,0,0,0,0,0,0,0,0,0
7,cn2448,coarse_surface_mesh,setup,8.837690467,1,5673037363,161667873,2.84975865053,15313210399,19255568772,0.79526139063,14041,0,0,0,0,0,0,9,0,0,0,0
7,cn2448,coarse_volume_mesh,setup,15.176146165,1,5321118847,126965951,2.38607621161,13443422643,23015679258,0.584098452724,30802,0,0,0,0,0,88341,2690373,0,0,0,0
7,cn2448,coarse_mesh_save,io,0,0,0,0,0,0,0,0,0,0,0,0,0,0,0,0,0,0,0,0
7,cn2448,submesh_initialization,setup,0.000146881999626,1,2292480406,43056587,1.87816597635,6261724652,9915138715,0.631531724566,3,0,0,0,0,0,0,0,0,0,0,0
7,cn2448,metis_partition,compute,0.152367088,1,2376318021,48662979,2.04783108027,6456756171,10246006710,0.630172939932,692,0,0,0,0,0,0,0,0,0,0,0
7,cn2448,face_map_setup,compute,0.00800186099968,1,2295538068,43121295,1.87848311475,6269620864,9931826237,0.631265661963,229,0,0,0,0,0,0,0,0,0,0,0
7,cn2448,face_local_extract,compute,0.179042546,1,2354041493,45218445,1.92088564006,6425651501,10304548480,0.623574289885,673,0,0,0,0,0,0,0,0,0,0,0
7,cn2448,face_pre_collective_wait,synchronization,0.00390306999998,1,2297168431,43052342,1.87414825221,6270992838,9923447931,0.631936891452,0,0,0,0,0,0,0,0,0,0,0,0
7,cn2448,face_collective_setup,compute,0.000110421000045,1,2292400529,43053141,1.87808109688,6261578894,9914986786,0.631526700857,16,0,0,0,0,0,0,0,0,0,0,0
7,cn2448,face_allgatherv,communication,0.0704060509997,1,2427357214,43495391,1.79188257703,6524519313,10063249328,0.648351153821,1350,0,0,0,0,0,1,0,1,1,151800,4859624
7,cn2448,face_global_merge,compute,0.088481799,1,2310577687,43953096,1.90225571065,6306081166,10107019585,0.6239308347,531,0,0,0,0,0,0,0,0,0,0,0
7,cn2448,part_face_create,compute,0.0213342500001,1,2296987612,43231196,1.88208224433,6272296346,9961368596,0.629662107727,3,0,0,0,0,0,0,0,0,0,0,0
7,cn2448,surface_refine,compute,0.029770097,1,2301602468,43363799,1.88406988622,6280554288,9974457218,0.629663765229,572,0,0,0,0,0,0,0,0,0,0,0
7,cn2448,refined_surface_save,io,0,0,0,0,0,0,0,0,0,0,0,0,0,0,0,0,0,0,0,0
7,cn2448,local_volume_mesh,compute,18.570794067,1,8678555671,201626446,2.32327190887,23553653661,40611179418,0.579979552393,15980,0,0,0,0,0,72089,2814086,0,0,0,0
7,cn2448,volume_refine,compute,1.699347666,1,8526373860,210997905,2.47464993284,22771619709,41325021714,0.551037089989,10593,0,0,0,0,0,0,2,0,0,0,0
7,cn2448,refined_volume_save,io,0,0,0,0,0,0,0,0,0,0,0,0,0,0,0,0,0,0,0,0
7,cn2448,adjacency_build,compute,0.00429001400016,1,8027340829,191214962,2.38204613549,21806927893,37954154335,0.574559709604,5,0,0,0,0,0,0,0,0,0,0,0
7,cn2448,vertex_numbering_local,compute,0.0286232029998,1,8040031308,191450915,2.38122101352,21837535558,38007427024,0.574559691826,8,0,0,0,0,0,0,0,0,0,0,0
7,cn2448,vertex_count_pre_collective_wait,synchronization,9.286414806,1,19504281670,191195631,0.9802751736,44456146128,58355865041,0.761811106677,63,0,0,0,0,0,0,8,0,0,0,0
7,cn2448,vertex_count_allgather,communication,0.000407545000144,1,8026664312,191179848,2.38180943626,21805448584,37945323823,0.574654433988,35,0,0,0,0,0,0,0,1,1,4,128
7,cn2448,element_count_pre_collective_wait,synchronization,0.00189262399999,1,8028742265,191179373,2.38118707376,21809539919,37948908980,0.574707956176,3,0,0,0,0,0,0,0,0,0,0,0
7,cn2448,element_count_allgather,communication,0.000489206000111,1,8026988398,191179339,2.38170693068,21806090894,37945815624,0.574663913146,1,0,0,0,0,0,0,0,1,1,4,128
7,cn2448,vertex_exchange_prepare,compute,0.000401105000037,1,8026438984,191179482,2.38187174139,21805030602,37944912531,0.57464964728,110,0,0,0,0,0,0,0,0,0,0,0
7,cn2448,vertex_exchange,communication,0.00522388599984,1,8035596182,191202640,2.37944560266,21822932123,37955411352,0.574962339905,89,0,0,0,0,0,0,0,0,4,0,482790
7,cn2448,vertex_exchange_unpack,compute,0.0110566600001,1,8029192637,191235218,2.38174903313,21811648433,37962496538,0.574557798409,3363,0,0,0,0,0,0,0,0,0,0,0
7,cn2448,partition_result_io,io,0,0,0,0,0,0,0,0,0,0,0,0,0,0,0,0,0,0,0,0
7,cn2448,volume_exchange_pack,compute,0.595682278,2,16318065908,391636478,2.40001774848,44353323695,77176072577,0.574703042199,2649,0,0,0,0,0,0,1,0,0,0,0
7,cn2448,volume_size_exchange,communication,8.97610002539e-05,1,8026442861,191179751,2.3818739423,21805013024,37944895518,0.574649441679,3,0,0,0,0,0,0,0,4,4,16,16
7,cn2448,volume_payload_prepare,compute,0.000649968000289,1,8026438583,191179285,2.381869406,21805198120,37945908603,0.574638977502,35,0,0,0,0,0,0,0,0,0,0,0
7,cn2448,volume_payload_exchange,communication,0.00531078699987,1,8026546925,191194624,2.38202835898,21805303063,37946856973,0.574627381617,551,0,0,0,0,0,1,0,4,4,5203200,5196240
7,cn2448,volume_exchange_unpack,compute,0.377772161,1,8251506631,198779340,2.409006608,22430055960,38687564144,0.57977431395,13740,0,0,0,0,0,0,1,0,0,0,0
7,cn2448,final_mesh_save,io,0,0,0,0,0,0,0,0,0,0,0,0,0,0,0,0,0,0,0,0
7,cn2448,testout_io,io,0,0,0,0,0,0,0,0,0,0,0,0,0,0,0,0,0,0,0,0
7,cn2448,final_count_exchange,communication,0,0,0,0,0,0,0,0,0,0,0,0,0,0,0,0,0,0,0,0
7,cn2448,quality_surface_compute,postprocess,0,0,0,0,0,0,0,0,0,0,0,0,0,0,0,0,0,0,0,0
7,cn2448,quality_reduce_pre_collective_wait,synchronization,0,0,0,0,0,0,0,0,0,0,0,0,0,0,0,0,0,0,0,0
7,cn2448,quality_reduce,communication,0,0,0,0,0,0,0,0,0,0,0,0,0,0,0,0,0,0,0,0
7,cn2448,quality_summary_io,io,0,0,0,0,0,0,0,0,0,0,0,0,0,0,0,0,0,0,0,0
7,cn2448,quality_volume_compute,postprocess,0,0,0,0,0,0,0,0,0,0,0,0,0,0,0,0,0,0,0,0
7,cn2448,quality_rank_io,io,0,0,0,0,0,0,0,0,0,0,0,0,0,0,0,0,0,0,0,0
8,cn2448,geometry_load,io,1.756367048,1,1400361248,23927055,1.70863447087,3312349689,3783778762,0.87540786535,6807,0,1035180,0,0,0,0,4,0,0,0,0
8,cn2448,coarse_local_size,setup,0.488747165,1,266412650,6074952,2.28027910837,632755460,886884271,0.713458881491,7654,0,0,0,0,0,101,54,0,0,0,0
8,cn2448,coarse_edge_mesh,setup,0.0127307610001,1,6278965,159784,2.54475060778,12805191,24840518,0.515496134179,508,0,0,0,0,0,0,0,0,0,0,0
8,cn2448,coarse_surface_mesh,setup,8.651216288,1,5671585725,163541168,2.88351751926,15310287591,18833979267,0.812907743709,15471,0,0,0,0,0,0,12,0,0,0,0
8,cn2448,coarse_volume_mesh,setup,15.017162253,1,5326083339,126760871,2.38000164346,13452579994,22273427348,0.603974403392,30613,0,0,0,0,0,89027,2727970,0,0,0,0
8,cn2448,coarse_mesh_save,io,0,0,0,0,0,0,0,0,0,0,0,0,0,0,0,0,0,0,0,0
8,cn2448,submesh_initialization,setup,0.000133682000069,1,2559882269,55089688,2.15203990696,7039804724,11489867854,0.612696752779,5,0,0,0,0,0,0,0,0,0,0,0
8,cn2448,metis_partition,compute,0.151207654,1,2643121836,60667132,2.29528322053,7234801790,11819158428,0.612124952388,323,0,0,0,0,0,0,2,0,0,0,0
8,cn2448,face_map_setup,compute,0.0078429389996,1,2562930842,55150113,2.15183773578,7047702402,11506231935,0.612511762479,219,0,0,0,0,0,0,0,0,0,0,0
8,cn2448,face_local_extract,compute,0.167881124,1,2621219735,57322683,2.18687057154,7203730760,11854868205,0.607660130457,751,0,0,0,0,0,0,0,0,0,0,0
8,cn2448,face_pre_collective_wait,synchronization,0.0163252870002,1,2580036466,55085489,2.13506629561,7079554966,11525430053,0.614255167351,0,0,0,0,0,0,0,0,0,0,0,0
8,cn2448,face_collective_setup,compute,0.000134202000027,1,2559802639,55086197,2.15197047463,7039658863,11489787893,0.612688321887,15,0,0,0,0,0,0,0,0,0,0,0
8,cn2448,face_allgatherv,communication,0.0705550930002,1,2694773044,55521087,2.06032515887,7302601400,11638427214,0.627456035573,1354,0,0,0,0,0,0,0,1,1,151800,4859624
8,cn2448,face_global_merge,compute,0.0834908369998,1,2577947015,55960871,2.17075334266,7084161453,11670839868,0.6069967143,520,0,0,0,0,0,0,0,0,0,0,0
8,cn2448,part_face_create,compute,0.0202393959999,1,2564402641,55263093,2.15500842639,7050407339,11533736923,0.611285603796,3,0,0,0,0,0,0,0,0,0,0,0
8,cn2448,surface_refine,compute,0.0260870500001,1,2569424290,55405484,2.15633845355,7059589141,11546310329,0.611415156863,36,0,0,0,0,0,0,0,0,0,0,0
8,cn2448,refined_surface_save,io,0,0,0,0,0,0,0,0,0,0,0,0,0,0,0,0,0,0,0,0
8,cn2448,local_volume_mesh,compute,20.046573804,1,9816185631,236443093,2.40870641498,26641029267,44749137259,0.59534174062,16819,0,0,0,0,0,82847,2827757,0,0,0,0
8,cn2448,volume_refine,compute,1.632563381,1,9521772716,238537132,2.50517565494,25339831453,44407625610,0.570618921974,9259,0,0,0,0,0,0,3,0,0,0,0
8,cn2448,refined_volume_save,io,0,0,0,0,0,0,0,0,0,0,0,0,0,0,0,0,0,0,0,0
8,cn2448,adjacency_build,compute,0.00392451000016,1,8983385484,218454130,2.43175727446,24316354035,41161025480,0.590761618581,4,0,0,0,0,0,0,0,0,0,0,0
8,cn2448,vertex_numbering_local,compute,0.0255477840001,1,8992834522,218656461,2.43145206848,24338846798,41207952554,0.590634702515,69,0,0,0,0,0,0,0,0,0,0,0
8,cn2448,vertex_count_pre_collective_wait,synchronization,7.8905213,1,18936385672,218427896,1.15348250603,43958819106,58495054079,0.751496340983,59,0,0,0,0,0,0,8,0,0,0,0
8,cn2448,vertex_count_allgather,communication,0.000429085999713,1,8982680587,218420195,2.43157031895,24314876218,41152773124,0.590844173362,73,0,0,0,0,0,0,0,1,1,4,128
8,cn2448,element_count_pre_collective_wait,synchronization,0.000770848999764,1,8983510151,218419450,2.43133748756,24316512554,41154107610,0.590864775503,1,0,0,0,0,0,0,0,0,0,0,0
8,cn2448,element_count_allgather,communication,0.000577407000037,1,8983289032,218419676,2.43139984945,24316076013,41153692966,0.590860121183,0,0,0,0,0,0,0,0,1,1,4,128
8,cn2448,vertex_exchange_prepare,compute,3.71410001208e-05,1,8982582741,218419251,2.43158629648,24314686162,41152479870,0.590843765401,5,0,0,0,0,0,0,0,0,0,0,0
8,cn2448,vertex_exchange,communication,0.00265807400001,1,8986895420,218434597,2.43059017371,24323253055,41157249371,0.59098344585,176,0,0,0,0,0,0,0,4,1,307648,1100
8,cn2448,vertex_exchange_unpack,compute,0.000154381999891,1,8982589940,218419501,2.43158713087,24314700874,41152557474,0.590843008709,105,0,0,0,0,0,0,0,0,0,0,0
8,cn2448,partition_result_io,io,0,0,0,0,0,0,0,0,0,0,0,0,0,0,0,0,0,0,0,0
8,cn2448,volume_exchange_pack,compute,0.580602868,2,18225480669,445604312,2.44495231754,49366381045,83560871650,0.590783462046,3282,0,0,0,0,0,0,1,0,0,0,0
8,cn2448,volume_size_exchange,communication,0.0433778490001,1,9036811367,218419555,2.41699805528,24421924369,41247704195,0.59207960408,2,0,0,0,0,0,0,0,4,4,16,16
8,cn2448,volume_payload_prepare,compute,0.000338643999839,1,8982583534,218419335,2.43158701696,24314835874,41152839825,0.590842235369,34,0,0,0,0,0,0,0,0,0,0,0
8,cn2448,volume_payload_exchange,communication,0.00367504700034,1,8983191679,218436706,2.43161577539,24315957898,41154995277,0.590838553967,243,0,0,0,0,0,2,0,4,4,3300960,3293520
8,cn2448,volume_exchange_unpack,compute,0.361315812,1,9213297632,224192599,2.43335891181,24947779331,41868235662,0.595864118383,11990,0,0,0,0,0,0,1,0,0,0,0
8,cn2448,final_mesh_save,io,0,0,0,0,0,0,0,0,0,0,0,0,0,0,0,0,0,0,0,0
8,cn2448,testout_io,io,0,0,0,0,0,0,0,0,0,0,0,0,0,0,0,0,0,0,0,0
8,cn2448,final_count_exchange,communication,0,0,0,0,0,0,0,0,0,0,0,0,0,0,0,0,0,0,0,0
8,cn2448,quality_surface_compute,postprocess,0,0,0,0,0,0,0,0,0,0,0,0,0,0,0,0,0,0,0,0
8,cn2448,quality_reduce_pre_collective_wait,synchronization,0,0,0,0,0,0,0,0,0,0,0,0,0,0,0,0,0,0,0,0
8,cn2448,quality_reduce,communication,0,0,0,0,0,0,0,0,0,0,0,0,0,0,0,0,0,0,0,0
8,cn2448,quality_summary_io,io,0,0,0,0,0,0,0,0,0,0,0,0,0,0,0,0,0,0,0,0
8,cn2448,quality_volume_compute,postprocess,0,0,0,0,0,0,0,0,0,0,0,0,0,0,0,0,0,0,0,0
8,cn2448,quality_rank_io,io,0,0,0,0,0,0,0,0,0,0,0,0,0,0,0,0,0,0,0,0
9,cn2448,geometry_load,io,1.757577863,1,1399673026,23274312,1.66283921799,3316948757,3788743463,0.875474623551,6808,0,1035180,0,0,0,0,5,0,0,0,0
9,cn2448,coarse_local_size,setup,0.494806163,1,266135120,6150669,2.31110760579,631856668,888983600,0.7107630197,7810,0,0,0,0,0,99,48,0,0,0,0
9,cn2448,coarse_edge_mesh,setup,0.0130771049999,1,6276565,159429,2.54006769626,12753259,25879320,0.492797299156,487,0,0,0,0,0,0,0,0,0,0,0
9,cn2448,coarse_surface_mesh,setup,8.67592668,1,5676040348,165019895,2.90730658844,15314296750,18870257892,0.81155736385,17106,0,0,0,0,0,0,15,0,0,0,0
9,cn2448,coarse_volume_mesh,setup,15.070389666,1,5332636747,126122069,2.36509769901,13478679593,22410053367,0.601456827089,27779,0,0,0,0,0,88103,2810869,0,0,0,0
9,cn2448,coarse_mesh_save,io,0,0,0,0,0,0,0,0,0,0,0,0,0,0,0,0,0,0,0,0
9,cn2448,submesh_initialization,setup,0.000281323999843,1,3171864375,64481544,2.0329224827,8599349977,13909646379,0.61822923047,2,0,0,0,0,0,0,0,0,0,0,0
9,cn2448,metis_partition,compute,0.155333306,1,3254769983,70101300,2.15380196961,8794362894,14240144336,0.617575404188,1805,0,0,0,0,0,1,3,0,0,0,0
9,cn2448,face_map_setup,compute,0.00802262200023,1,3174892260,64544679,2.03297226218,8607242810,13925528132,0.618090942649,632,0,0,0,0,0,0,1,0,0,0,0
9,cn2448,face_local_extract,compute,0.166412686,1,3233291394,66731670,2.06389285308,8763276867,14270543846,0.614081492729,897,0,0,0,0,0,0,6,0,0,0,0
9,cn2448,face_pre_collective_wait,synchronization,0.0134044299998,1,3188604661,64477422,2.02212029571,8632328167,13938743828,0.61930459972,21,0,0,0,0,0,0,0,0,0,0,0
9,cn2448,face_collective_setup,compute,0.00011540200012,1,3171784528,64478092,2.03286482517,8599204165,13909516364,0.618224526286,17,0,0,0,0,0,0,0,0,0,0,0
9,cn2448,face_allgatherv,communication,0.0706097540001,1,3304867531,65267059,1.97487670497,8858298979,14058612267,0.630097680394,1077,0,0,0,0,0,1,2,1,1,151800,4859624
9,cn2448,face_global_merge,compute,0.0820271580001,1,3189986747,65347993,2.04853493706,8643708837,14087415141,0.613576639184,568,0,0,0,0,0,0,3,0,0,0,0
9,cn2448,part_face_create,compute,0.0209483050003,1,3176467144,64656816,2.03549456263,8610140908,13954752373,0.617004206012,32,0,0,0,0,0,0,1,0,0,0,0
9,cn2448,surface_refine,compute,0.0370945300001,1,3183829476,64920526,2.03907044926,8623695119,13982680864,0.616741181672,975,0,0,0,0,0,0,1,0,0,0,0
9,cn2448,refined_surface_save,io,0,0,0,0,0,0,0,0,0,0,0,0,0,0,0,0,0,0,0,0
9,cn2448,local_volume_mesh,compute,27.333729408,1,13514919895,324514394,2.40115662188,36839112210,60950813377,0.604407228861,27545,0,0,0,0,0,91336,3593845,0,0,0,0
9,cn2448,volume_refine,compute,2.225301362,1,9781471264,212179566,2.16919888914,25343075527,41434315960,0.611644597958,12238,0,0,0,0,0,0,2,0,0,0,0
9,cn2448,refined_volume_save,io,0,0,0,0,0,0,0,0,0,0,0,0,0,0,0,0,0,0,0,0
9,cn2448,adjacency_build,compute,0.00375670699987,1,9037980384,183076881,2.02563928247,23924059991,36921411382,0.647972520429,5,0,0,0,0,0,0,0,0,0,0,0
9,cn2448,vertex_numbering_local,compute,0.026456954,1,9048015131,183353988,2.02645536447,23948345298,36971179680,0.647757131508,8,0,0,0,0,0,0,0,0,0,0,0
9,cn2448,vertex_count_pre_collective_wait,synchronization,0.000103040999875,1,9037190525,183043280,2.02544451723,23922371776,36913275810,0.648069596942,27,0,0,0,0,0,0,0,0,0,0,0
9,cn2448,vertex_count_allgather,communication,0.000470626000151,1,9037525815,183043924,2.02537649957,23923034791,36913951697,0.648075692014,11,0,0,0,0,0,1,0,1,1,4,128
9,cn2448,element_count_pre_collective_wait,synchronization,0.00187510399974,1,9039477058,183043238,2.02493171702,23926888599,36917284797,0.64812157044,1,0,0,0,0,0,0,0,0,0,0,0
9,cn2448,element_count_allgather,communication,0.000690748999659,1,9038031636,183043172,2.02525482729,23924033479,36914700085,0.648089607227,0,0,0,0,0,0,0,0,1,1,4,128
9,cn2448,vertex_exchange_prepare,compute,2.70999998975e-05,1,9037186487,183043111,2.02544355219,23922376488,36913246547,0.64807023835,0,0,0,0,0,0,0,0,0,0,0,0
9,cn2448,vertex_exchange,communication,0.00260087300012,1,9041434216,183119254,2.02533414086,23930683867,36918356462,0.648205558436,60,0,0,0,0,0,0,0,4,2,148874,151316
9,cn2448,vertex_exchange_unpack,compute,0.00228246899997,1,9038052652,183059575,2.02543160622,23924462401,36918202941,0.648039733658,0,0,0,0,0,0,0,0,0,0,0,0
9,cn2448,partition_result_io,io,0,0,0,0,0,0,0,0,0,0,0,0,0,0,0,0,0,0,0,0
9,cn2448,volume_exchange_pack,compute,0.620974419,2,18471055850,371101880,2.00909944192,48981620446,75178759991,0.651535359879,1114,0,0,0,0,0,0,1,0,0,0,0
9,cn2448,volume_size_exchange,communication,5.46010001017e-05,1,9037189295,183043240,2.02544435028,23922371650,36913247752,0.648070086131,1,0,0,0,0,0,0,0,4,4,16,16
9,cn2448,volume_payload_prepare,compute,0.000301604000015,1,9037186826,183043130,2.02544368645,23922473621,36913560416,0.648067359296,34,0,0,0,0,0,0,0,0,0,0,0
9,cn2448,volume_payload_exchange,communication,0.00379836800039,1,9037504256,183056017,2.02551514018,23923061042,36915176479,0.648054901095,377,0,0,0,0,0,3,0,4,4,3199080,3200040
9,cn2448,volume_exchange_unpack,compute,0.508556796,1,9351494854,191229087,2.04490394301,24813072487,37909218288,0.654539281145,20166,0,0,0,0,0,0,2,0,0,0,0
9,cn2448,final_mesh_save,io,0,0,0,0,0,0,0,0,0,0,0,0,0,0,0,0,0,0,0,0
9,cn2448,testout_io,io,0,0,0,0,0,0,0,0,0,0,0,0,0,0,0,0,0,0,0,0
9,cn2448,final_count_exchange,communication,0,0,0,0,0,0,0,0,0,0,0,0,0,0,0,0,0,0,0,0
9,cn2448,quality_surface_compute,postprocess,0,0,0,0,0,0,0,0,0,0,0,0,0,0,0,0,0,0,0,0
9,cn2448,quality_reduce_pre_collective_wait,synchronization,0,0,0,0,0,0,0,0,0,0,0,0,0,0,0,0,0,0,0,0
9,cn2448,quality_reduce,communication,0,0,0,0,0,0,0,0,0,0,0,0,0,0,0,0,0,0,0,0
9,cn2448,quality_summary_io,io,0,0,0,0,0,0,0,0,0,0,0,0,0,0,0,0,0,0,0,0
9,cn2448,quality_volume_compute,postprocess,0,0,0,0,0,0,0,0,0,0,0,0,0,0,0,0,0,0,0,0
9,cn2448,quality_rank_io,io,0,0,0,0,0,0,0,0,0,0,0,0,0,0,0,0,0,0,0,0
10,cn2448,geometry_load,io,1.788979201,1,1400689018,26258843,1.87470899411,3312186465,3854833427,0.859229465481,6805,0,1035180,0,0,0,0,2,0,0,0,0
10,cn2448,coarse_local_size,setup,0.505031272,1,266788637,6629696,2.48499938924,631828244,907502059,0.696227890322,7746,0,0,0,0,0,105,51,0,0,0,0
10,cn2448,coarse_edge_mesh,setup,0.0143645020003,1,6254475,183617,2.93576998869,12798916,28249688,0.453063977202,492,0,0,0,0,0,0,0,0,0,0,0
10,cn2448,coarse_surface_mesh,setup,8.875114341,1,5670869858,167341588,2.95089804898,15309275013,19314613581,0.792626523373,16806,0,0,0,0,0,0,6,0,0,0,0
10,cn2448,coarse_volume_mesh,setup,15.582526967,1,5373563817,132079222,2.45794460619,13543112832,23482188176,0.576739813619,32679,0,0,0,0,0,89058,2799311,0,0,0,0
10,cn2448,coarse_mesh_save,io,0,0,0,0,0,0,0,0,0,0,0,0,0,0,0,0,0,0,0,0
10,cn2448,submesh_initialization,setup,0.000167881999914,1,3640814657,82440973,2.26435511738,9793244140,17036864240,0.574826681838,24,0,0,0,0,0,0,0,0,0,0,0
10,cn2448,metis_partition,compute,0.153662665,1,3724199273,88076305,2.36497293898,9988263738,17368436522,0.57508133938,1470,0,0,0,0,0,0,0,0,0,0,0
10,cn2448,face_map_setup,compute,0.00818234400003,1,3643847100,82502538,2.26416026073,9801132695,17053234525,0.57473745996,589,0,0,0,0,0,0,0,0,0,0,0
10,cn2448,face_local_extract,compute,0.181403516,1,3702366956,84593931,2.28486079325,9957170678,17431006625,0.571233256473,931,0,0,0,0,0,0,0,0,0,0,0
10,cn2448,face_pre_collective_wait,synchronization,3.05799999296e-05,1,3640731191,82436503,2.26428425158,9793094891,17036650335,0.574825138653,0,0,0,0,0,0,0,0,0,0,0,0
10,cn2448,face_collective_setup,compute,0.000102560999949,1,3640732735,82437241,2.26430356196,9793098308,17036704684,0.574823505463,15,0,0,0,0,0,0,0,0,0,0,0
10,cn2448,face_allgatherv,communication,0.0706737139999,1,3776114748,82866882,2.19450116138,10056986118,17186588270,0.585164778489,860,0,0,0,0,0,2,0,1,1,151800,4859624
10,cn2448,face_global_merge,compute,0.088919286,1,3658930840,83302472,2.27668889199,9837601003,17229314874,0.570980394458,644,0,0,0,0,0,0,0,0,0,0,0
10,cn2448,part_face_create,compute,0.0216772549998,1,3645335756,82613986,2.26629291593,9803848464,17083777012,0.573868908328,5,0,0,0,0,0,0,0,0,0,0,0
10,cn2448,surface_refine,compute,0.0301822619999,1,3650303296,82760543,2.2672237425,9812957787,17099216548,0.573883473518,40,0,0,0,0,0,0,1,0,0,0,0
10,cn2448,refined_surface_save,io,0,0,0,0,0,0,0,0,0,0,0,0,0,0,0,0,0,0,0,0
10,cn2448,local_volume_mesh,compute,22.115761771,1,11407211281,279171356,2.44732344412,31001771646,55101925023,0.562625927008,21495,0,0,0,0,0,78116,2832308,0,0,0,0
10,cn2448,volume_refine,compute,2.015893492,1,11587524800,292120668,2.52099281807,30975134977,57369159593,0.53992659465,9575,0,0,0,0,0,0,2,0,0,0,0
10,cn2448,refined_volume_save,io,0,0,0,0,0,0,0,0,0,0,0,0,0,0,0,0,0,0,0,0
10,cn2448,adjacency_build,compute,0.00403971100013,1,11001558227,269687627,2.45135844792,29841411289,53308251672,0.559789720222,6,0,0,0,0,0,0,0,0,0,0,0
10,cn2448,vertex_numbering_local,compute,0.0235201380001,1,11009912738,269866314,2.45112127972,29861506607,53351017384,0.559717659966,7,0,0,0,0,0,0,0,0,0,0,0
10,cn2448,vertex_count_pre_collective_wait,synchronization,5.428811186,1,17537997092,269662044,1.53758745988,42718916449,65230598338,0.654890765031,63,0,0,0,0,0,0,3,0,0,0,0
10,cn2448,vertex_count_allgather,communication,0.000458466000055,1,11001100867,269654225,2.45115673659,29840413397,53300219190,0.559855359893,34,0,0,0,0,0,0,0,1,1,4,128
10,cn2448,element_count_pre_collective_wait,synchronization,0.000927591000163,1,11001844533,269653585,2.45098523426,29841876797,53301504134,0.559869318546,1,0,0,0,0,0,0,0,0,0,0,0
10,cn2448,element_count_allgather,communication,0.00012112100012,1,11000897431,269653520,2.45119565646,29840010812,53299738173,0.559852859223,0,0,0,0,0,0,0,0,1,1,4,128
10,cn2448,vertex_exchange_prepare,compute,0.000110141999812,1,11000769696,269653516,2.45122408206,29839774207,53299666325,0.559849174759,10,0,0,0,0,0,0,0,0,0,0,0
10,cn2448,vertex_exchange,communication,0.00731377300008,1,11010454134,269668131,2.44920080242,29858903144,53314638038,0.560050752342,58,0,0,0,0,0,0,0,2,4,48532,215842
10,cn2448,vertex_exchange_unpack,compute,0.00512904499965,1,11002004913,269677595,2.45116773836,29842722021,53307605029,0.559821098786,1633,0,0,0,0,0,0,0,0,0,0,0
10,cn2448,partition_result_io,io,0,0,0,0,0,0,0,0,0,0,0,0,0,0,0,0,0,0,0,0
10,cn2448,volume_exchange_pack,compute,0.509607469,2,22307254977,543616928,2.43695124551,60553199661,107704324176,0.562216978049,1848,0,0,0,0,0,0,1,0,0,0,0
10,cn2448,volume_size_exchange,communication,0.109436145,1,11133217636,269653840,2.42206564909,30101052678,53539994422,0.562216208705,2,0,0,0,0,0,0,0,5,5,20,20
10,cn2448,volume_payload_prepare,compute,0.000419745999807,1,11000769746,269653511,2.45122402546,29839860593,53299984897,0.559847449313,35,0,0,0,0,0,0,0,0,0,0,0
10,cn2448,volume_payload_exchange,communication,0.00381448799999,1,11000885846,269670156,2.45134946199,29840088088,53301738622,0.559833297364,390,0,0,0,0,0,3,0,5,5,2783880,2791080
10,cn2448,volume_exchange_unpack,compute,0.376048879,1,11248200325,274898705,2.44393500344,30536269955,54025979967,0.565214549993,16256,0,0,0,0,0,0,1,0,0,0,0
10,cn2448,final_mesh_save,io,0,0,0,0,0,0,0,0,0,0,0,0,0,0,0,0,0,0,0,0
10,cn2448,testout_io,io,0,0,0,0,0,0,0,0,0,0,0,0,0,0,0,0,0,0,0,0
10,cn2448,final_count_exchange,communication,0,0,0,0,0,0,0,0,0,0,0,0,0,0,0,0,0,0,0,0
10,cn2448,quality_surface_compute,postprocess,0,0,0,0,0,0,0,0,0,0,0,0,0,0,0,0,0,0,0,0
10,cn2448,quality_reduce_pre_collective_wait,synchronization,0,0,0,0,0,0,0,0,0,0,0,0,0,0,0,0,0,0,0,0
10,cn2448,quality_reduce,communication,0,0,0,0,0,0,0,0,0,0,0,0,0,0,0,0,0,0,0,0
10,cn2448,quality_summary_io,io,0,0,0,0,0,0,0,0,0,0,0,0,0,0,0,0,0,0,0,0
10,cn2448,quality_volume_compute,postprocess,0,0,0,0,0,0,0,0,0,0,0,0,0,0,0,0,0,0,0,0
10,cn2448,quality_rank_io,io,0,0,0,0,0,0,0,0,0,0,0,0,0,0,0,0,0,0,0,0
11,cn2448,geometry_load,io,1.797748412,1,1405042942,26758662,1.90447289546,3317270031,3875578047,0.855942001624,6808,0,1035180,0,0,0,0,4,0,0,0,0
11,cn2448,coarse_local_size,setup,0.492530454,1,266996419,6490165,2.43080601017,631773488,902908538,0.699709285505,7428,0,0,0,0,0,89,46,0,0,0,0
11,cn2448,coarse_edge_mesh,setup,0.014157139,1,6270309,176237,2.81065893244,12799171,27911807,0.458557591775,510,0,0,0,0,0,0,0,0,0,0,0
11,cn2448,coarse_surface_mesh,setup,8.912553575,1,5672356781,164882129,2.90676583589,15306912584,19391780433,0.78935055174,16787,0,0,0,0,0,0,17,0,0,0,0
11,cn2448,coarse_volume_mesh,setup,15.405895673,1,5320813186,130144785,2.4459566696,13433251029,23099248998,0.581544925126,26550,0,0,0,0,0,90422,2781577,0,0,0,0
11,cn2448,coarse_mesh_save,io,0,0,0,0,0,0,0,0,0,0,0,0,0,0,0,0,0,0,0,0
11,cn2448,submesh_initialization,setup,0.0001421019997,1,1660784781,36309291,2.18627310506,4622849006,7693246610,0.60089702571,1,0,0,0,0,0,0,0,0,0,0,0
11,cn2448,metis_partition,compute,0.149737535,1,1744210170,41926870,2.40377396722,4817874927,8019220103,0.600790957864,346,0,0,0,0,0,0,0,0,0,0,0
11,cn2448,face_map_setup,compute,0.0083519259997,1,1663837174,36377944,2.18638846207,4630732094,7710790116,0.600552216353,220,0,0,0,0,0,0,0,0,0,0,0
11,cn2448,face_local_extract,compute,0.183440722,1,1722341473,38523660,2.23670280278,4786777142,8092488223,0.591508694247,620,0,0,0,0,0,0,0,0,0,0,0
11,cn2448,face_pre_collective_wait,synchronization,0.00173230200016,1,1662759367,36305015,2.18341966496,4626754678,7696786415,0.601128110946,0,0,0,0,0,0,0,0,0,0,0,0
11,cn2448,face_collective_setup,compute,0.000107740999738,1,1660705246,36305762,2.18616531064,4622703150,7693102270,0.600889340575,16,0,0,0,0,0,0,0,0,0,0,0
11,cn2448,face_allgatherv,communication,0.0708884969999,1,1796576741,36741312,2.04507334207,4887478917,7843687718,0.623109829549,1010,0,0,0,0,0,0,0,1,1,151800,4859624
11,cn2448,face_global_merge,compute,0.0872469440001,1,1678895314,37171050,2.21401833039,4667206855,7881127985,0.592200363182,229,0,0,0,0,0,0,1,0,0,0,0
11,cn2448,part_face_create,compute,0.0211380669998,1,1665254534,36485648,2.19099526559,4633286025,7739043133,0.598689779263,3,0,0,0,0,0,0,0,0,0,0,0
11,cn2448,surface_refine,compute,0.0254665019997,1,1668648776,36611571,2.19408491029,4638948120,7748600110,0.598682091493,3,0,0,0,0,0,0,0,0,0,0,0
11,cn2448,refined_surface_save,io,0,0,0,0,0,0,0,0,0,0,0,0,0,0,0,0,0,0,0,0
11,cn2448,local_volume_mesh,compute,21.81230077,1,9277491927,224018105,2.41464079692,25545942953,43971214707,0.580969689449,9841,0,0,0,0,0,75344,3314195,0,0,0,0
11,cn2448,volume_refine,compute,1.79839488,1,5999001111,135862005,2.26474378794,15781645629,26865335764,0.58743526482,9294,0,0,0,0,0,0,5,0,0,0,0
11,cn2448,refined_volume_save,io,0,0,0,0,0,0,0,0,0,0,0,0,0,0,0,0,0,0,0,0
11,cn2448,adjacency_build,compute,0.00647458200001,1,5481995974,111642198,2.03652462588,14791165951,23285668860,0.635204684904,8,0,0,0,0,0,0,0,0,0,0,0
11,cn2448,vertex_numbering_local,compute,0.0305887270001,1,5486838260,111754121,2.03676718183,14803009440,23338598299,0.634271572369,4,0,0,0,0,0,0,0,0,0,0,0
11,cn2448,vertex_count_pre_collective_wait,synchronization,5.946945543,1,12679552182,111614208,0.880269321802,28981047474,36343939788,0.797410727705,27,0,0,0,0,0,0,4,0,0,0,0
11,cn2448,vertex_count_allgather,communication,0.000398664999921,1,5481559638,111610822,2.03611434283,14790246036,23272135509,0.635534544317,11,0,0,0,0,0,0,0,1,1,4,128
11,cn2448,element_count_pre_collective_wait,synchronization,0.000856451000345,1,5482307075,111610356,2.03582824663,14791720728,23273445380,0.635562139017,0,0,0,0,0,0,0,0,0,0,0,0
11,cn2448,element_count_allgather,communication,0.000510006999775,1,5481877214,111610332,2.03598744815,14790874166,23272636103,0.635547864047,1,0,0,0,0,0,0,0,1,1,4,128
11,cn2448,vertex_exchange_prepare,compute,4.4140999762e-05,1,5481315734,111610527,2.03619956259,14789776526,23271675104,0.635526942513,0,0,0,0,0,0,0,0,0,0,0,0
11,cn2448,vertex_exchange,communication,0.0036554860003,1,5486206071,111618509,2.03453001137,14799388523,23279152719,0.635735703169,24,0,0,0,0,0,0,0,0,2,0,137126
11,cn2448,vertex_exchange_unpack,compute,0.0021628479999,1,5482084363,111623972,2.0361593257,14791619889,23276318895,0.635479345154,0,0,0,0,0,0,0,0,0,0,0,0
11,cn2448,partition_result_io,io,0,0,0,0,0,0,0,0,0,0,0,0,0,0,0,0,0,0,0,0
11,cn2448,volume_exchange_pack,compute,0.436712167,2,11217816140,226709869,2.02098043122,30312176336,47493686411,0.638235913584,539,0,0,0,0,0,0,1,0,0,0,0
11,cn2448,volume_size_exchange,communication,0.185323205,1,5705913468,111610780,1.95605454983,15232617955,23678901341,0.643299185872,3,0,0,0,0,0,0,0,2,2,8,8
11,cn2448,volume_payload_prepare,compute,0.000325864999922,1,5481315850,111610226,2.03619402812,14789806760,23271900383,0.635522089584,34,0,0,0,0,0,0,0,0,0,0,0
11,cn2448,volume_payload_exchange,communication,0.00347038399968,1,5482863377,111621892,2.03583208854,14792842873,23275659433,0.635549893466,214,0,0,0,0,0,1,0,2,2,1458600,1457520
11,cn2448,volume_exchange_unpack,compute,0.322235558,1,5694592402,116134594,2.0393837838,15388567797,23892886898,0.644064815721,14057,0,0,0,0,0,0,1,0,0,0,0
11,cn2448,final_mesh_save,io,0,0,0,0,0,0,0,0,0,0,0,0,0,0,0,0,0,0,0,0
11,cn2448,testout_io,io,0,0,0,0,0,0,0,0,0,0,0,0,0,0,0,0,0,0,0,0
11,cn2448,final_count_exchange,communication,0,0,0,0,0,0,0,0,0,0,0,0,0,0,0,0,0,0,0,0
11,cn2448,quality_surface_compute,postprocess,0,0,0,0,0,0,0,0,0,0,0,0,0,0,0,0,0,0,0,0
11,cn2448,quality_reduce_pre_collective_wait,synchronization,0,0,0,0,0,0,0,0,0,0,0,0,0,0,0,0,0,0,0,0
11,cn2448,quality_reduce,communication,0,0,0,0,0,0,0,0,0,0,0,0,0,0,0,0,0,0,0,0
11,cn2448,quality_summary_io,io,0,0,0,0,0,0,0,0,0,0,0,0,0,0,0,0,0,0,0,0
11,cn2448,quality_volume_compute,postprocess,0,0,0,0,0,0,0,0,0,0,0,0,0,0,0,0,0,0,0,0
11,cn2448,quality_rank_io,io,0,0,0,0,0,0,0,0,0,0,0,0,0,0,0,0,0,0,0,0
12,cn2448,geometry_load,io,1.780655075,1,1404814964,25064581,1.78419091783,3317475439,3837526446,0.864482756193,6708,0,1035180,0,0,0,0,3,0,0,0,0
12,cn2448,coarse_local_size,setup,0.497441096,1,267936848,6134979,2.28971082022,632574904,897097964,0.705134700317,7752,0,0,0,0,0,98,52,0,0,0,0
12,cn2448,coarse_edge_mesh,setup,0.0138348349997,1,6287112,173926,2.76638940105,12805670,27010774,0.474094892653,524,0,0,0,0,0,0,0,0,0,0,0
12,cn2448,coarse_surface_mesh,setup,8.676624088,1,5676684677,166025091,2.92468404442,15312598798,18889737012,0.810630597359,16454,0,0,0,0,0,0,9,0,0,0,0
12,cn2448,coarse_volume_mesh,setup,14.953225343,1,5290185456,129219603,2.44262897917,13376630898,22316106916,0.59941597109,28420,0,0,0,0,0,87472,2721190,0,0,0,0
12,cn2448,coarse_mesh_save,io,0,0,0,0,0,0,0,0,0,0,0,0,0,0,0,0,0,0,0,0
12,cn2448,submesh_initialization,setup,0.000345764000031,1,2660538786,58535573,2.20013981033,7183096632,11897434773,0.60375171363,3,0,0,0,0,0,2,0,0,0,0,0
12,cn2448,metis_partition,compute,0.147982393,1,2744696722,64123577,2.33627185423,7378125411,12219621433,0.603793288643,221,0,0,0,0,0,1,0,0,0,0,0
12,cn2448,face_map_setup,compute,0.00757819499995,1,2663575648,58596942,2.19993534045,7190980395,11913171221,0.603615969384,215,0,0,0,0,0,0,0,0,0,0,0
12,cn2448,face_local_extract,compute,0.17305969,1,2722019902,60734735,2.23123772737,7347022812,12273541153,0.598606605902,704,0,0,0,0,0,0,0,0,0,0,0
12,cn2448,face_pre_collective_wait,synchronization,0.0144599629998,1,2676786367,58531398,2.1866294121,7215132482,11928922026,0.604843628475,0,0,0,0,0,0,0,0,0,0,0,0
12,cn2448,face_collective_setup,compute,0.000117741999929,1,2660458342,58532034,2.20007331353,7182950747,11897305168,0.603746028665,16,0,0,0,0,0,0,0,0,0,0,0
12,cn2448,face_allgatherv,communication,0.0710664590001,1,2794869484,58965886,2.10979032608,7444852398,12048097489,0.617927635861,864,0,0,0,0,0,2,0,1,1,151800,4859624
12,cn2448,face_global_merge,compute,0.0830816520001,1,2678735655,59389357,2.21706673031,7227453708,12077914704,0.598402446542,283,0,0,0,0,0,0,1,0,0,0,0
12,cn2448,part_face_create,compute,0.0201040950001,1,2665064183,58710381,2.20296311716,7193671896,11940984474,0.602435411558,3,0,0,0,0,0,0,0,0,0,0,0
12,cn2448,surface_refine,compute,0.0249044350003,1,2669772231,58856549,2.20455319434,7202150583,11951154520,0.60263220352,60,0,0,0,0,0,0,0,0,0,0,0
12,cn2448,refined_surface_save,io,0,0,0,0,0,0,0,0,0,0,0,0,0,0,0,0,0,0,0,0
12,cn2448,local_volume_mesh,compute,23.077826567,1,11140885533,271962780,2.44112354619,30381200608,50973781678,0.596016218689,11887,0,0,0,0,0,81268,3107505,0,0,0,0
12,cn2448,volume_refine,compute,1.969999012,1,11027015338,279834682,2.53771916899,29518724278,51975647295,0.567933750021,8608,0,0,0,0,0,0,3,0,0,0,0
12,cn2448,refined_volume_save,io,0,0,0,0,0,0,0,0,0,0,0,0,0,0,0,0,0,0,0,0
12,cn2448,adjacency_build,compute,0.00393054900042,1,10419749696,256802315,2.46457278238,28337240851,48006979310,0.590273357297,3,0,0,0,0,0,0,0,0,0,0,0
12,cn2448,vertex_numbering_local,compute,0.0237361,1,10428356072,256982043,2.4642622598,28357816452,48050371996,0.590168510129,4,0,0,0,0,0,0,0,0,0,0,0
12,cn2448,vertex_count_pre_collective_wait,synchronization,4.52442926,1,15444510857,256779318,1.66259275142,38203547579,57945360865,0.659302953829,26,0,0,0,0,0,0,2,0,0,0,0
12,cn2448,vertex_count_allgather,communication,0.000384844000109,1,10419266709,256769580,2.46437285052,28336187687,47999070357,0.590348677094,14,0,0,0,0,0,0,0,1,1,4,128
12,cn2448,element_count_pre_collective_wait,synchronization,0.000423025000146,1,10419427767,256768918,2.46432840403,28336479506,47999313983,0.590351760361,0,0,0,0,0,0,0,0,0,0,0,0
12,cn2448,element_count_allgather,communication,0.000574126999709,1,10419616665,256768878,2.46428334415,28336840537,47999644353,0.590355218647,0,0,0,0,0,0,0,0,1,1,4,128
12,cn2448,vertex_exchange_prepare,compute,2.5519999781e-05,1,10418993130,256768731,2.46442941075,28335649144,47998469020,0.590344853128,0,0,0,0,0,0,0,0,0,0,0,0
12,cn2448,vertex_exchange,communication,0.00823818499975,1,10428640550,256846701,2.46289724695,28354231794,48015416540,0.590523499268,52,0,0,0,0,0,0,0,4,2,266574,1122
12,cn2448,vertex_exchange_unpack,compute,5.51799998902e-05,1,10418999914,256768934,2.46442975448,28335664087,47998502792,0.590344749081,0,0,0,0,0,0,0,0,0,0,0,0
12,cn2448,partition_result_io,io,0,0,0,0,0,0,0,0,0,0,0,0,0,0,0,0,0,0,0,0
12,cn2448,volume_exchange_pack,compute,0.537961528,2,21157240490,520210527,2.45878250165,57582162189,97166975055,0.592610423,1087,0,0,0,0,0,0,1,0,0,0,0
12,cn2448,volume_size_exchange,communication,0.0512662890001,1,10475432743,256769069,2.45115476658,28447028926,48111043163,0.591278572564,1,0,0,0,0,0,0,0,4,4,16,16
12,cn2448,volume_payload_prepare,compute,0.000344904000031,1,10418993950,256768863,2.46443048371,28335705679,47998567428,0.590344820635,68,0,0,0,0,0,0,0,0,0,0,0
12,cn2448,volume_payload_exchange,communication,0.00383676899992,1,10419863587,256782292,2.46435368233,28337438190,48001482191,0.590345066372,486,0,0,0,0,0,1,0,4,4,2818440,2811240
12,cn2448,volume_exchange_unpack,compute,0.418438315,1,10686843870,263526530,2.46589669696,29094091209,48812615811,0.596036305894,17055,0,0,0,0,0,0,1,0,0,0,0
12,cn2448,final_mesh_save,io,0,0,0,0,0,0,0,0,0,0,0,0,0,0,0,0,0,0,0,0
12,cn2448,testout_io,io,0,0,0,0,0,0,0,0,0,0,0,0,0,0,0,0,0,0,0,0
12,cn2448,final_count_exchange,communication,0,0,0,0,0,0,0,0,0,0,0,0,0,0,0,0,0,0,0,0
12,cn2448,quality_surface_compute,postprocess,0,0,0,0,0,0,0,0,0,0,0,0,0,0,0,0,0,0,0,0
12,cn2448,quality_reduce_pre_collective_wait,synchronization,0,0,0,0,0,0,0,0,0,0,0,0,0,0,0,0,0,0,0,0
12,cn2448,quality_reduce,communication,0,0,0,0,0,0,0,0,0,0,0,0,0,0,0,0,0,0,0,0
12,cn2448,quality_summary_io,io,0,0,0,0,0,0,0,0,0,0,0,0,0,0,0,0,0,0,0,0
12,cn2448,quality_volume_compute,postprocess,0,0,0,0,0,0,0,0,0,0,0,0,0,0,0,0,0,0,0,0
12,cn2448,quality_rank_io,io,0,0,0,0,0,0,0,0,0,0,0,0,0,0,0,0,0,0,0,0
13,cn2448,geometry_load,io,1.729939073,1,1393529251,23878589,1.7135333889,3316956374,3723872891,0.890727602979,6710,0,1035180,0,0,0,0,3,0,0,0,0
13,cn2448,coarse_local_size,setup,0.499285759,1,266000853,5975917,2.24657813409,632763709,893522870,0.708167334318,7714,0,0,0,0,0,139,77,0,0,0,0
13,cn2448,coarse_edge_mesh,setup,0.013305769,1,6312588,194083,3.07453931731,12802640,26044277,0.491572102385,516,0,0,0,0,0,0,0,0,0,0,0
13,cn2448,coarse_surface_mesh,setup,8.639889584,1,5672836443,164698243,2.90327853896,15313902493,18814680844,0.813933684019,14722,0,0,0,0,0,0,12,0,0,0,0
13,cn2448,coarse_volume_mesh,setup,14.949927042,1,5296385383,127800790,2.41298132138,13392326590,22322677380,0.599942666465,34123,0,0,0,0,0,82959,2757956,0,0,0,0
13,cn2448,coarse_mesh_save,io,0,0,0,0,0,0,0,0,0,0,0,0,0,0,0,0,0,0,0,0
13,cn2448,submesh_initialization,setup,0.000378645000183,1,3957846762,82012924,2.07216016515,10736518526,17402960123,0.616936340147,1,0,0,0,0,0,2,0,0,0,0,0
13,cn2448,metis_partition,compute,0.147624228,1,4041028766,87598494,2.16772755337,10931536834,17723852678,0.616769786603,469,0,0,0,0,0,0,0,0,0,0,0
13,cn2448,face_map_setup,compute,0.00784567999972,1,3960929885,82078612,2.07220562805,10744420573,17419272407,0.616812248064,212,0,0,0,0,0,0,0,0,0,0,0
13,cn2448,face_local_extract,compute,0.172828987,1,4019199903,84209786,2.09518779937,10900445589,17778612745,0.613121267972,708,0,0,0,0,0,0,0,0,0,0,0
13,cn2448,face_pre_collective_wait,synchronization,0.0146951060001,1,3974272118,82008717,2.06349023331,10768901697,17434962350,0.617661310694,0,0,0,0,0,0,0,0,0,0,0,0
13,cn2448,face_collective_setup,compute,0.000121700999898,1,3957766883,82009443,2.0721140336,10736372764,17402823369,0.616932812358,16,0,0,0,0,0,0,0,0,0,0,0
13,cn2448,face_allgatherv,communication,0.0712895420002,1,4092075043,82470188,2.0153635291,10997938459,17554017624,0.626519734375,885,0,0,0,0,0,1,0,1,1,151800,4859624
13,cn2448,face_global_merge,compute,0.0867040170001,1,3975973912,82874289,2.0843770818,10780874994,17585360393,0.613059656047,1362,0,0,0,0,0,0,1,0,0,0,0
13,cn2448,part_face_create,compute,0.0217931360003,1,3962507579,82192520,2.07425521242,10747370111,17448770128,0.615938546508,550,0,0,0,0,0,0,0,0,0,0,0
13,cn2448,surface_refine,compute,0.0406612339998,1,3970282335,82496992,2.07786210247,10761848922,17483280898,0.615550878853,1764,0,0,0,0,0,0,0,0,0,0,0
13,cn2448,refined_surface_save,io,0,0,0,0,0,0,0,0,0,0,0,0,0,0,0,0,0,0,0,0
13,cn2448,local_volume_mesh,compute,27.032631657,1,14267788852,352025163,2.46727202548,38687755224,63845381622,0.605960121799,25983,0,0,0,0,0,83776,3480014,0,0,0,0
13,cn2448,volume_refine,compute,2.185445399,1,13653271159,361254305,2.64591760314,36332139036,63083511753,0.575937166882,17427,0,0,0,0,0,0,3,0,0,0,0
13,cn2448,refined_volume_save,io,0,0,0,0,0,0,0,0,0,0,0,0,0,0,0,0,0,0,0,0
13,cn2448,adjacency_build,compute,0.00389268900017,1,12943165950,332324172,2.56756479275,34942110486,58706331745,0.595201734589,27,0,0,0,0,0,0,0,0,0,0,0
13,cn2448,vertex_numbering_local,compute,0.029757456,1,12953831334,332567588,2.5673299229,34967592372,58763038705,0.595060996548,27,0,0,0,0,0,0,0,0,0,0,0
13,cn2448,vertex_count_pre_collective_wait,synchronization,0.32708972,1,13303244750,332290670,2.49781670746,35650786574,59417013695,0.600009733862,26,0,0,0,0,0,0,0,0,0,0,0
13,cn2448,vertex_count_allgather,communication,0.000538826999673,1,12942603851,332290473,2.56741592979,34940855677,58698497382,0.595259797702,11,0,0,0,0,0,1,0,1,1,4,128
13,cn2448,element_count_pre_collective_wait,synchronization,5.74209998376e-05,1,12942358408,332290025,2.56746115758,34940372726,58697961553,0.595257003848,1,0,0,0,0,0,0,0,0,0,0,0
13,cn2448,element_count_allgather,communication,0.000695109000389,1,12943110162,332289990,2.56731176542,34941859431,58699411686,0.595267625814,0,0,0,0,0,0,0,0,1,1,4,128
13,cn2448,vertex_exchange_prepare,compute,2.43800000135e-05,1,12942355014,332289855,2.56746051735,34940377048,58697944179,0.595257253669,0,0,0,0,0,0,0,0,0,0,0,0
13,cn2448,vertex_exchange,communication,0.00259321200019,1,12946869758,332307612,2.5667023629,34949347137,58703000879,0.595358782578,55,0,0,0,0,0,0,0,5,3,172568,146696
13,cn2448,vertex_exchange_unpack,compute,0.00222852800016,1,12943197691,332305714,2.56741588851,34942418311,58702784832,0.595242941387,0,0,0,0,0,0,0,0,0,0,0,0
13,cn2448,partition_result_io,io,0,0,0,0,0,0,0,0,0,0,0,0,0,0,0,0,0,0,0,0
13,cn2448,volume_exchange_pack,compute,0.585854314,2,26254537098,672024284,2.55965009587,70938473723,118671998669,0.597769267549,986,0,0,0,0,0,0,1,0,0,0,0
13,cn2448,volume_size_exchange,communication,5.77800001338e-05,1,12942358211,332290050,2.56746138982,34940373372,58697962440,0.595257005858,1,0,0,0,0,0,0,0,5,5,20,20
13,cn2448,volume_payload_prepare,compute,0.00040088500009,1,12942355540,332289954,2.56746117794,34940512535,58698357355,0.595255371861,68,0,0,0,0,0,0,0,0,0,0,0
13,cn2448,volume_payload_exchange,communication,0.0358630140004,1,12977691183,332307409,2.56060499756,35010222330,58770294259,0.595712898352,352,0,0,0,0,0,2,0,5,5,3376680,3376920
13,cn2448,volume_exchange_unpack,compute,0.486230874,1,13246151032,339793658,2.56522560538,35799351655,59642921655,0.600228001272,19514,0,0,0,0,0,0,3,0,0,0,0
13,cn2448,final_mesh_save,io,0,0,0,0,0,0,0,0,0,0,0,0,0,0,0,0,0,0,0,0
13,cn2448,testout_io,io,0,0,0,0,0,0,0,0,0,0,0,0,0,0,0,0,0,0,0,0
13,cn2448,final_count_exchange,communication,0,0,0,0,0,0,0,0,0,0,0,0,0,0,0,0,0,0,0,0
13,cn2448,quality_surface_compute,postprocess,0,0,0,0,0,0,0,0,0,0,0,0,0,0,0,0,0,0,0,0
13,cn2448,quality_reduce_pre_collective_wait,synchronization,0,0,0,0,0,0,0,0,0,0,0,0,0,0,0,0,0,0,0,0
13,cn2448,quality_reduce,communication,0,0,0,0,0,0,0,0,0,0,0,0,0,0,0,0,0,0,0,0
13,cn2448,quality_summary_io,io,0,0,0,0,0,0,0,0,0,0,0,0,0,0,0,0,0,0,0,0
13,cn2448,quality_volume_compute,postprocess,0,0,0,0,0,0,0,0,0,0,0,0,0,0,0,0,0,0,0,0
13,cn2448,quality_rank_io,io,0,0,0,0,0,0,0,0,0,0,0,0,0,0,0,0,0,0,0,0
14,cn2448,geometry_load,io,1.76049122,1,1399563745,24077749,1.72037530166,3316430278,3791172325,0.874776980231,6708,0,1035180,0,0,0,0,3,0,0,0,0
14,cn2448,coarse_local_size,setup,0.499733524,1,266292600,6098444,2.29012897842,632802584,892588644,0.708952089245,7770,0,0,0,0,0,137,63,0,0,0,0
14,cn2448,coarse_edge_mesh,setup,0.0137400939998,1,6304787,177264,2.81157793277,12803623,26952216,0.475048990406,491,0,0,0,0,0,0,0,0,0,0,0
14,cn2448,coarse_surface_mesh,setup,8.849646539,1,5675043042,165696632,2.91974229576,15311693466,18951755941,0.807930067993,11380,0,0,0,0,0,0,15,0,0,0,0
14,cn2448,coarse_volume_mesh,setup,15.016830208,1,5292913492,124171915,2.34600310751,13377329129,22222208008,0.601980195856,25877,0,0,0,0,0,87303,2639558,0,0,0,0
14,cn2448,coarse_mesh_save,io,0,0,0,0,0,0,0,0,0,0,0,0,0,0,0,0,0,0,0,0
14,cn2448,submesh_initialization,setup,0.00032498399969,1,3315916456,68914617,2.07829774708,8978865806,14804648778,0.606489619622,3,0,0,0,0,0,1,0,0,0,0,0
14,cn2448,metis_partition,compute,0.148045113,1,3399447954,74527258,2.19233413803,9173872327,15127229025,0.606447639012,291,0,0,0,0,0,0,0,0,0,0,0
14,cn2448,face_map_setup,compute,0.00765859700005,1,3318949065,68973326,2.07816765636,8986751913,14820519271,0.606372270004,226,0,0,0,0,0,0,0,0,0,0,0
14,cn2448,face_local_extract,compute,0.171401909,1,3377411529,71127894,2.10598836977,9142792414,15177277793,0.602400017888,733,0,0,0,0,0,0,0,0,0,0,0
14,cn2448,face_pre_collective_wait,synchronization,0.015992183,1,3334500295,68910336,2.0665865918,9015475860,14839460716,0.607533928122,0,0,0,0,0,0,0,0,0,0,0,0
14,cn2448,face_collective_setup,compute,0.000131182000132,1,3315835920,68911021,2.07823977611,8978720023,14804510420,0.606485440469,16,0,0,0,0,0,0,0,0,0,0,0
14,cn2448,face_allgatherv,communication,0.0714503040003,1,3450514209,69333126,2.00935633939,9241179331,14954298967,0.617961386983,842,0,0,0,0,0,0,1,1,1,151800,4859624
14,cn2448,face_global_merge,compute,0.0842251859999,1,3334162302,69759781,2.09227310135,9023222556,14987033844,0.602068604763,539,0,0,0,0,0,0,0,0,0,0,0
14,cn2448,part_face_create,compute,0.0208403030001,1,3320467889,69086670,2.08063057104,8989512519,14849570763,0.605371876566,3,0,0,0,0,0,0,0,0,0,0,0
14,cn2448,surface_refine,compute,0.0365686629998,1,3326471409,69321832,2.08394492171,9000291274,14876277886,0.605009622902,986,0,0,0,0,0,0,0,0,0,0,0
14,cn2448,refined_surface_save,io,0,0,0,0,0,0,0,0,0,0,0,0,0,0,0,0,0,0,0,0
14,cn2448,local_volume_mesh,compute,21.596892824,1,11165900928,262859715,2.35412902815,30086182636,50058742740,0.601017544373,7796,0,0,0,0,0,91688,3212590,0,0,0,0
14,cn2448,volume_refine,compute,1.815640259,1,11215097200,278214690,2.48071581582,29821305201,51744027319,0.57632362122,9851,0,0,0,0,0,0,3,0,0,0,0
14,cn2448,refined_volume_save,io,0,0,0,0,0,0,0,0,0,0,0,0,0,0,0,0,0,0,0,0
14,cn2448,adjacency_build,compute,0.00413757199976,1,10667483930,254380069,2.38463044022,28760420755,48166747183,0.597101162878,6,0,0,0,0,0,0,0,0,0,0,0
14,cn2448,vertex_numbering_local,compute,0.0276975309998,1,10675550488,254551488,2.38443430422,28779885877,48214368568,0.596915125756,709,0,0,0,0,0,0,0,0,0,0,0
14,cn2448,vertex_count_pre_collective_wait,synchronization,6.142031372,1,17818104251,254354076,1.4275035796,42853566593,61658859805,0.695010688302,0,0,0,0,0,0,0,5,0,0,0,0
14,cn2448,vertex_count_allgather,communication,0.000496225999996,1,10666747304,254347377,2.38448863324,28758829495,48158079381,0.597175590569,50,0,0,0,0,0,1,0,1,1,4,128
14,cn2448,element_count_pre_collective_wait,synchronization,0.00192420399981,1,10668888076,254346614,2.38400302063,28763051727,48162039230,0.59721415843,1,0,0,0,0,0,0,0,0,0,0,0
14,cn2448,element_count_allgather,communication,0.000715729000149,1,10667531182,254346544,2.38430560605,28760377193,48159421009,0.597191091388,0,0,0,0,0,0,0,0,1,1,4,128
14,cn2448,vertex_exchange_prepare,compute,0.000153181999849,1,10666727258,254346473,2.38448463946,28758800437,48157920449,0.597176957993,34,0,0,0,0,0,0,0,0,0,0,0
14,cn2448,vertex_exchange,communication,0.00297925799987,1,10671210383,254359466,2.38360464156,28767644878,48163809273,0.597287575718,29,0,0,0,0,0,0,0,2,3,77066,169004
14,cn2448,vertex_exchange_unpack,compute,0.00262709300023,1,10667699063,254364276,2.38443430488,28761142004,48163627425,0.59715481457,0,0,0,0,0,0,0,0,0,0,0,0
14,cn2448,partition_result_io,io,0,0,0,0,0,0,0,0,0,0,0,0,0,0,0,0,0,0,0,0
14,cn2448,volume_exchange_pack,compute,0.446163906,2,21593225823,512423650,2.3730759554,58257344765,97281744547,0.598851768503,1147,0,0,0,0,0,0,1,0,0,0,0
14,cn2448,volume_size_exchange,communication,0.140256895,1,10828408254,254346819,2.34888464707,29077344528,48466139945,0.599951730445,1,0,0,0,0,0,0,0,4,4,16,16
14,cn2448,volume_payload_prepare,compute,0.000368784999864,1,10666727765,254346510,2.384484873,28758860103,48158146711,0.597175391229,68,0,0,0,0,0,0,0,0,0,0,0
14,cn2448,volume_payload_exchange,communication,0.0362396780001,1,10705058336,254364307,2.37611322625,28834448582,48231949763,0.597828798622,377,0,0,0,0,0,3,0,4,4,2600040,2608440
14,cn2448,volume_exchange_unpack,compute,0.34133854,1,10890204252,263317806,2.41793266597,29376109743,48828590930,0.601616986759,11759,0,0,0,0,0,0,1,0,0,0,0
14,cn2448,final_mesh_save,io,0,0,0,0,0,0,0,0,0,0,0,0,0,0,0,0,0,0,0,0
14,cn2448,testout_io,io,0,0,0,0,0,0,0,0,0,0,0,0,0,0,0,0,0,0,0,0
14,cn2448,final_count_exchange,communication,0,0,0,0,0,0,0,0,0,0,0,0,0,0,0,0,0,0,0,0
14,cn2448,quality_surface_compute,postprocess,0,0,0,0,0,0,0,0,0,0,0,0,0,0,0,0,0,0,0,0
14,cn2448,quality_reduce_pre_collective_wait,synchronization,0,0,0,0,0,0,0,0,0,0,0,0,0,0,0,0,0,0,0,0
14,cn2448,quality_reduce,communication,0,0,0,0,0,0,0,0,0,0,0,0,0,0,0,0,0,0,0,0
14,cn2448,quality_summary_io,io,0,0,0,0,0,0,0,0,0,0,0,0,0,0,0,0,0,0,0,0
14,cn2448,quality_volume_compute,postprocess,0,0,0,0,0,0,0,0,0,0,0,0,0,0,0,0,0,0,0,0
14,cn2448,quality_rank_io,io,0,0,0,0,0,0,0,0,0,0,0,0,0,0,0,0,0,0,0,0
15,cn2448,geometry_load,io,1.761268811,1,1401380751,25146494,1.79440840628,3315390342,3791680820,0.874385397767,6710,0,1035180,0,0,0,0,4,0,0,0,0
15,cn2448,coarse_local_size,setup,0.502699502,1,266536314,6444268,2.41778236642,632770666,898650210,0.704134555313,7769,0,0,0,0,0,100,63,0,0,0,0
15,cn2448,coarse_edge_mesh,setup,0.0139578369999,1,6289793,181769,2.88990432595,12805253,27294460,0.46915209167,518,0,0,0,0,0,0,0,0,0,0,0
15,cn2448,coarse_surface_mesh,setup,8.718683102,1,5675191759,163082130,2.87359682149,15312770336,18979620437,0.806800662154,14800,0,0,0,0,0,0,15,0,0,0,0
15,cn2448,coarse_volume_mesh,setup,15.242066779,1,5336245899,128286810,2.40406481313,13463073325,22713329896,0.59273886245,32317,0,0,0,0,0,86953,2812073,0,0,0,0
15,cn2448,coarse_mesh_save,io,0,0,0,0,0,0,0,0,0,0,0,0,0,0,0,0,0,0,0,0
15,cn2448,submesh_initialization,setup,0.000296043999697,1,4365673329,107991929,2.47366032366,10835323854,18419206729,0.58826224242,2,0,0,0,0,0,0,0,0,0,0,0
15,cn2448,metis_partition,compute,0.147871051,1,4449116628,113577661,2.55281374926,11030357026,18740751301,0.588576031389,379,0,0,0,0,0,1,0,0,0,0,0
15,cn2448,face_map_setup,compute,0.00787717999992,1,4368759448,108055594,2.47337019321,10843215510,18435609331,0.588166917367,217,0,0,0,0,0,0,0,0,0,0,0
15,cn2448,face_local_extract,compute,0.174025342,1,4427125487,110155368,2.48819167931,10999250944,18797777837,0.585135702708,660,0,0,0,0,0,0,0,0,0,0,0
15,cn2448,face_pre_collective_wait,synchronization,0.0134181100002,1,4380770213,108071905,2.46696128182,10865239140,18448406024,0.588952732603,0,0,0,0,0,0,0,0,0,0,0,0
15,cn2448,face_collective_setup,compute,0.000112902000183,1,4365592966,107988251,2.47362160973,10835178147,18419072542,0.588258617381,16,0,0,0,0,0,0,0,0,0,0,0
15,cn2448,face_allgatherv,communication,0.0715197250001,1,4501740018,108421589,2.40843737236,11100493954,18572176381,0.597694838035,840,0,0,0,0,0,0,0,1,1,151800,4859624
15,cn2448,face_global_merge,compute,0.0843721480001,1,4383802293,108867630,2.4834064751,10879679877,18602487829,0.584850799367,416,0,0,0,0,0,0,0,0,0,0,0
15,cn2448,part_face_create,compute,0.0204922190001,1,4370227668,108164504,2.47503133056,10845994510,18463598442,0.587425822982,4,0,0,0,0,0,0,0,0,0,0,0
15,cn2448,surface_refine,compute,0.0369815879999,1,4376470923,108413663,2.47719372315,10857097328,18491599376,0.587136737458,987,0,0,0,0,0,0,0,0,0,0,0
15,cn2448,refined_surface_save,io,0,0,0,0,0,0,0,0,0,0,0,0,0,0,0,0,0,0,0,0
15,cn2448,local_volume_mesh,compute,24.039713019,1,13127392982,332801451,2.53516788487,34842924545,59062935308,0.589928766041,14973,0,0,0,0,0,83687,3355673,0,0,0,0
15,cn2448,volume_refine,compute,2.191570716,1,12912456435,343854571,2.66296790801,33784244613,60285293825,0.560406070361,14276,0,0,0,0,0,0,3,0,0,0,0
15,cn2448,refined_volume_save,io,0,0,0,0,0,0,0,0,0,0,0,0,0,0,0,0,0,0,0,0
15,cn2448,adjacency_build,compute,0.00385624799992,1,12251904095,317171152,2.58874987545,32527714218,55898337617,0.581908436005,4,0,0,0,0,0,0,0,0,0,0,0
15,cn2448,vertex_numbering_local,compute,0.0265926770003,1,12259858782,317347264,2.58850668383,32547044050,55943324848,0.581786015372,748,0,0,0,0,0,0,0,0,0,0,0
15,cn2448,vertex_count_pre_collective_wait,synchronization,3.324267291,1,16052186661,343724733,2.14129539021,39995786234,63197128004,0.632873478546,28,0,0,0,0,0,0,3,0,0,0,0
15,cn2448,vertex_count_allgather,communication,0.000412665000113,1,12251219013,317138225,2.58862587195,32526224148,55890253328,0.58196594596,14,0,0,0,0,0,0,0,1,1,4,128
15,cn2448,element_count_pre_collective_wait,synchronization,0.00189252400014,1,12253258242,317151894,2.58830661801,32530237744,55894122932,0.581997463017,0,0,0,0,0,0,0,0,0,0,0,0
15,cn2448,element_count_allgather,communication,0.000501586000155,1,12251681696,317140221,2.58854440451,32527142356,55891059257,0.581973982752,0,0,0,0,0,0,0,0,1,1,4,128
15,cn2448,vertex_exchange_prepare,compute,0.000323923999986,1,12251143260,317137221,2.58863368316,32526088087,55890125817,0.581964839254,46,0,0,0,0,0,0,0,0,0,0,0
15,cn2448,vertex_exchange,communication,0.00879007100002,1,12261827432,317216156,2.58702185917,32547213437,55908296351,0.582153554325,49,0,0,0,0,0,0,0,0,4,0,234806
15,cn2448,vertex_exchange_unpack,compute,0.00357912499976,1,12252486641,317161674,2.58854943729,32529331401,55897832799,0.581942622319,0,0,0,0,0,0,0,0,0,0,0,0
15,cn2448,partition_result_io,io,0,0,0,0,0,0,0,0,0,0,0,0,0,0,0,0,0,0,0,0
15,cn2448,volume_exchange_pack,compute,0.576180732,2,24837460499,638887523,2.57227393689,66009984300,113033846308,0.583984235307,1085,0,0,0,0,0,0,0,0,0,0,0
15,cn2448,volume_size_exchange,communication,0.0426255389998,1,12298505845,317399240,2.58079513073,32619232372,55983529031,0.582657666221,4,0,0,0,0,0,0,0,4,4,16,16
15,cn2448,volume_payload_prepare,compute,0.000235883000187,1,12251143418,317137166,2.58863320083,32526190999,55890264338,0.581965238208,34,0,0,0,0,0,0,0,0,0,0,0
15,cn2448,volume_payload_exchange,communication,0.00336252199986,1,12251945242,317153878,2.58860019153,32527735742,55892905021,0.581965380575,181,0,0,0,0,0,4,0,4,4,2476080,2479680
15,cn2448,volume_exchange_unpack,compute,0.40767064,1,12522089398,323217692,2.58118019866,33288220614,56675311097,0.587349587848,17790,0,0,0,0,0,0,12,0,0,0,0
15,cn2448,final_mesh_save,io,0,0,0,0,0,0,0,0,0,0,0,0,0,0,0,0,0,0,0,0
15,cn2448,testout_io,io,0,0,0,0,0,0,0,0,0,0,0,0,0,0,0,0,0,0,0,0
15,cn2448,final_count_exchange,communication,0,0,0,0,0,0,0,0,0,0,0,0,0,0,0,0,0,0,0,0
15,cn2448,quality_surface_compute,postprocess,0,0,0,0,0,0,0,0,0,0,0,0,0,0,0,0,0,0,0,0
15,cn2448,quality_reduce_pre_collective_wait,synchronization,0,0,0,0,0,0,0,0,0,0,0,0,0,0,0,0,0,0,0,0
15,cn2448,quality_reduce,communication,0,0,0,0,0,0,0,0,0,0,0,0,0,0,0,0,0,0,0,0
15,cn2448,quality_summary_io,io,0,0,0,0,0,0,0,0,0,0,0,0,0,0,0,0,0,0,0,0
15,cn2448,quality_volume_compute,postprocess,0,0,0,0,0,0,0,0,0,0,0,0,0,0,0,0,0,0,0,0
15,cn2448,quality_rank_io,io,0,0,0,0,0,0,0,0,0,0,0,0,0,0,0,0,0,0,0,0
16,cn2449,geometry_load,io,1.767602244,1,1401007467,24748428,1.76647366862,3316170723,3809260929,0.870554888418,6710,0,1035180,0,0,0,0,1,0,0,0,0
16,cn2449,coarse_local_size,setup,0.539857141,1,266949043,6246978,2.34013875075,633447006,892966311,0.709373912763,7654,0,0,0,0,0,145,75,0,0,0,0
16,cn2449,coarse_edge_mesh,setup,0.0130499660004,1,6278056,166137,2.64631280766,12806738,25237769,0.507443348103,525,0,0,0,0,0,0,1,0,0,0,0
16,cn2449,coarse_surface_mesh,setup,8.53431414,1,5657256210,163926063,2.89762487176,15311880686,18602324529,0.823116522998,12081,0,0,0,0,0,0,56,0,0,0,0
16,cn2449,coarse_volume_mesh,setup,15.16287904,1,5356148025,128179756,2.39313318829,13517862741,22725763411,0.594825462913,27888,0,0,0,0,0,87403,2844065,0,0,0,0
16,cn2449,coarse_mesh_save,io,0,0,0,0,0,0,0,0,0,0,0,0,0,0,0,0,0,0,0,0
16,cn2449,submesh_initialization,setup,0.000132381000185,1,4424177727,117508610,2.65605536782,10935995256,19414602070,0.563287118457,2,0,0,0,0,0,0,0,0,0,0,0
16,cn2449,metis_partition,compute,0.150039167,1,4507515044,123116596,2.73136295272,11131078346,19740561871,0.563868364981,649,0,0,0,0,0,0,0,0,0,0,0
16,cn2449,face_map_setup,compute,0.00765789699972,1,4427226131,117572274,2.65566452946,10943879550,19430565688,0.563230104863,228,0,0,0,0,0,0,0,0,0,0,0
16,cn2449,face_local_extract,compute,0.173165881,1,4485633640,119660527,2.66763932598,11099922467,19791204855,0.560851274509,739,0,0,0,0,0,0,1,0,0,0,0
16,cn2449,face_pre_collective_wait,synchronization,0.0124529979998,1,4440052985,117612994,2.64890969539,10967163782,19441693599,0.564105371075,0,0,0,0,0,0,0,0,0,0,0,0
16,cn2449,face_collective_setup,compute,0.00011546099995,1,4424097736,117504884,2.65601917073,10935849239,19414485784,0.563282971317,16,0,0,0,0,0,0,0,0,0,0,0
16,cn2449,face_allgatherv,communication,0.0714005080004,1,4562686295,118178647,2.5901111617,11206118666,19566324055,0.572724781339,775,0,0,0,0,0,1,1,1,1,151800,4859624
16,cn2449,face_global_merge,compute,0.0848786189999,1,4442413015,118367168,2.66447913781,10980351800,19598204148,0.560273365717,521,0,0,0,0,0,0,2,0,0,0,0
16,cn2449,part_face_create,compute,0.0200671950001,1,4428707928,117688181,2.65739314747,10946581015,19458087834,0.562572289137,3,0,0,0,0,0,0,0,0,0,0,0
16,cn2449,surface_refine,compute,0.0264141560001,1,4433465851,117819927,2.65751290209,10955261899,19471896639,0.562619148104,35,0,0,0,0,0,0,0,0,0,0,0
16,cn2449,refined_surface_save,io,0,0,0,0,0,0,0,0,0,0,0,0,0,0,0,0,0,0,0,0
16,cn2449,local_volume_mesh,compute,23.314716898,1,12800331745,328021729,2.56260334134,33855394428,58421613472,0.579501188276,23887,0,0,0,0,0,85534,3304386,0,0,0,0
16,cn2449,volume_refine,compute,1.977803015,1,12215751181,328818451,2.69175792899,31747936096,57792507837,0.549343457902,10046,0,0,0,0,0,0,2,0,0,0,0
16,cn2449,refined_volume_save,io,0,0,0,0,0,0,0,0,0,0,0,0,0,0,0,0,0,0,0,0
16,cn2449,adjacency_build,compute,0.00387234900018,1,11613947547,305139496,2.62735383267,30612932550,53829907549,0.568697475881,5,0,0,0,0,0,0,0,0,0,0,0
16,cn2449,vertex_numbering_local,compute,0.0261465520002,1,11625054289,305351716,2.62666916136,30639397617,53878746368,0.568673172307,3,0,0,0,0,0,0,0,0,0,0,0
16,cn2449,vertex_count_pre_collective_wait,synchronization,4.273796394,1,17156220801,351229274,2.04724151125,41588306487,63213712798,0.657900076521,60,0,0,0,0,0,0,6,0,0,0,0
16,cn2449,vertex_count_allgather,communication,0.000439225999799,1,11613552457,305108583,2.62717703416,30612044759,53822287473,0.568761496329,25,0,0,0,0,0,0,0,1,1,4,128
16,cn2449,element_count_pre_collective_wait,synchronization,0.00196618500013,1,11615535158,305124523,2.62686582107,30615970154,53825628438,0.568799121208,3,0,0,0,0,0,0,0,0,0,0,0
16,cn2449,element_count_allgather,communication,0.000576688000365,1,11613748295,305110021,2.627145115,30612433776,53822593035,0.568765495116,40,0,0,0,0,0,0,0,1,1,4,128
16,cn2449,vertex_exchange_prepare,compute,9.75409998318e-05,1,11613122195,305104709,2.6272410113,30611200275,53821552938,0.568753568115,37,0,0,0,0,0,0,0,0,0,0,0
16,cn2449,vertex_exchange,communication,0.00392268999985,1,11619050064,305134032,2.62615300149,30623035549,53828927833,0.568895513654,193,0,0,0,0,0,0,0,5,4,300630,76164
16,cn2449,vertex_exchange_unpack,compute,0.0020228049998,1,11613562986,305112795,2.62721092026,30612247039,53824319219,0.568743785025,819,0,0,0,0,0,0,0,0,0,0,0
16,cn2449,partition_result_io,io,0,0,0,0,0,0,0,0,0,0,0,0,0,0,0,0,0,0,0,0
16,cn2449,volume_exchange_pack,compute,0.562147704,2,23545264825,614570530,2.61016613985,62128022878,108862067642,0.570704049847,2186,0,0,0,0,0,0,3,0,0,0,0
16,cn2449,volume_size_exchange,communication,0.145054503,1,11800162449,306657440,2.59875608768,30981317314,54140333107,0.572240980726,1,0,0,0,0,0,0,0,5,5,20,20
16,cn2449,volume_payload_prepare,compute,0.000456685999779,1,11613122516,305104657,2.62724049092,30611252339,53821693479,0.568753050309,102,0,0,0,0,0,0,0,0,0,0,0
16,cn2449,volume_payload_exchange,communication,0.00529852799991,1,11613719504,305122391,2.62725813978,30612481310,53824252644,0.568748841019,779,0,0,0,0,0,1,0,5,5,4016520,4013160
16,cn2449,volume_exchange_unpack,compute,0.425477067,1,11875797451,311495918,2.6229473792,31352381262,54651245924,0.573680997238,16537,0,0,0,0,0,0,1,0,0,0,0
16,cn2449,final_mesh_save,io,0,0,0,0,0,0,0,0,0,0,0,0,0,0,0,0,0,0,0,0
16,cn2449,testout_io,io,0,0,0,0,0,0,0,0,0,0,0,0,0,0,0,0,0,0,0,0
16,cn2449,final_count_exchange,communication,0,0,0,0,0,0,0,0,0,0,0,0,0,0,0,0,0,0,0,0
16,cn2449,quality_surface_compute,postprocess,0,0,0,0,0,0,0,0,0,0,0,0,0,0,0,0,0,0,0,0
16,cn2449,quality_reduce_pre_collective_wait,synchronization,0,0,0,0,0,0,0,0,0,0,0,0,0,0,0,0,0,0,0,0
16,cn2449,quality_reduce,communication,0,0,0,0,0,0,0,0,0,0,0,0,0,0,0,0,0,0,0,0
16,cn2449,quality_summary_io,io,0,0,0,0,0,0,0,0,0,0,0,0,0,0,0,0,0,0,0,0
16,cn2449,quality_volume_compute,postprocess,0,0,0,0,0,0,0,0,0,0,0,0,0,0,0,0,0,0,0,0
16,cn2449,quality_rank_io,io,0,0,0,0,0,0,0,0,0,0,0,0,0,0,0,0,0,0,0,0
17,cn2449,geometry_load,io,1.750199322,1,1398896225,24209510,1.73061514981,3316251422,3773256608,0.878883088674,6711,0,1035180,0,0,0,0,1,0,0,0,0
17,cn2449,coarse_local_size,setup,0.505483624,1,266807342,6416309,2.40484723992,632574811,892910444,0.70844149629,7820,0,0,0,0,0,125,65,0,0,0,0
17,cn2449,coarse_edge_mesh,setup,0.0135318520001,1,6295356,181271,2.87944001896,12807534,26306044,0.486866592331,508,0,0,0,0,0,0,0,0,0,0,0
17,cn2449,coarse_surface_mesh,setup,8.677616121,1,5675965363,168001614,2.95987736457,15314117995,18902530080,0.810162339654,13914,0,0,0,0,0,0,7,0,0,0,0
17,cn2449,coarse_volume_mesh,setup,14.961044435,1,5346408587,132051136,2.46990355958,13498962556,22490167139,0.600216195485,30285,0,0,0,0,0,90781,2740233,0,0,0,0
17,cn2449,coarse_mesh_save,io,0,0,0,0,0,0,0,0,0,0,0,0,0,0,0,0,0,0,0,0
17,cn2449,submesh_initialization,setup,0.000287364000087,1,4159107478,113424996,2.72714750941,10226803822,18024591928,0.567380602171,3,0,0,0,0,0,0,0,0,0,0,0
17,cn2449,metis_partition,compute,0.150626814,1,4243073868,119056727,2.80590747896,10421842001,18351831436,0.567891114156,498,0,0,0,0,0,1,0,0,0,0,0
17,cn2449,face_map_setup,compute,0.00801188200012,1,4162180881,113499696,2.72692848401,10234697292,18041129982,0.567298018595,219,0,0,0,0,0,0,1,0,0,0,0
17,cn2449,face_local_extract,compute,0.167087423,1,4220517261,115586867,2.73868959305,10390730482,18388305480,0.565072757427,647,0,0,0,0,0,0,0,0,0,0,0
17,cn2449,face_pre_collective_wait,synchronization,0.0173693209999,1,4182538673,113420769,2.71176856611,10273050184,18062482130,0.568750745887,0,0,0,0,0,0,0,0,0,0,0,0
17,cn2449,face_collective_setup,compute,0.000137482000355,1,4159027506,113421499,2.7271158663,10226658076,18024470185,0.567376348433,15,0,0,0,0,0,0,0,0,0,0,0
17,cn2449,face_allgatherv,communication,0.071255505,1,4298008536,113864920,2.64924834482,10497549687,18175244173,0.57757406652,1053,0,0,0,0,0,0,0,1,1,151800,4859624
17,cn2449,face_global_merge,compute,0.087771816,1,4177223941,114294130,2.73612647094,10271161256,18207515139,0.564116584695,1887,0,0,0,0,0,0,0,0,0,0,0
17,cn2449,part_face_create,compute,0.0212175500001,1,4163698789,113614885,2.72870086809,10237493611,18069700656,0.56655579447,331,0,0,0,0,0,0,0,0,0,0,0
17,cn2449,surface_refine,compute,0.0354356100001,1,4170151777,113874168,2.73069600555,10249126053,18094292395,0.566428674262,1164,0,0,0,0,0,0,0,0,0,0,0
17,cn2449,refined_surface_save,io,0,0,0,0,0,0,0,0,0,0,0,0,0,0,0,0,0,0,0,0
17,cn2449,local_volume_mesh,compute,21.268284211,1,11973990737,315181542,2.6322180209,31471025041,54164350056,0.581028388755,14930,0,0,0,0,0,81733,2955661,0,0,0,0
17,cn2449,volume_refine,compute,2.042413936,1,9030534230,229122759,2.53720049295,22555728605,38969037044,0.578811546704,12191,0,0,0,0,0,0,2,0,0,0,0
17,cn2449,refined_volume_save,io,0,0,0,0,0,0,0,0,0,0,0,0,0,0,0,0,0,0,0,0
17,cn2449,adjacency_build,compute,0.00735741400013,1,8432116874,204494899,2.42519051925,21398159457,34921928813,0.612742771786,6,0,0,0,0,0,0,0,0,0,0,0
17,cn2449,vertex_numbering_local,compute,0.0522527640001,1,8444146882,204765110,2.42493543589,21426577041,35019657493,0.611844277611,75,0,0,0,0,0,0,0,0,0,0,0
17,cn2449,vertex_count_pre_collective_wait,synchronization,6.212930998,1,16734247487,204466245,1.22184308054,37758942826,48559060032,0.777588009346,69,0,0,0,0,0,0,7,0,0,0,0
17,cn2449,vertex_count_allgather,communication,0.000467286000003,1,8431515934,204458709,2.42493414708,21396808426,34906429306,0.612976143691,26,0,0,0,0,0,2,0,1,1,4,128
17,cn2449,element_count_pre_collective_wait,synchronization,0.00191706399983,1,8433675435,204458358,2.42430906401,21401064372,34909937906,0.613036449094,5,0,0,0,0,0,0,0,0,0,0,0
17,cn2449,element_count_allgather,communication,0.000677107999763,1,8431859556,204458560,2.42483355708,21397487300,34906987041,0.612985797797,43,0,0,0,0,0,0,0,1,1,4,128
17,cn2449,vertex_exchange_prepare,compute,0.000210203000279,1,8431256461,204458211,2.42500286815,21396307470,34905982948,0.612969630504,43,0,0,0,0,0,0,0,0,0,0,0
17,cn2449,vertex_exchange,communication,0.00368470700005,1,8437145471,204481284,2.4235837192,21407907583,34912606934,0.613185592914,193,0,0,0,0,0,0,0,5,4,169994,236676
17,cn2449,vertex_exchange_unpack,compute,0.00497686299968,1,8432618471,204483170,2.42490717092,21399581732,34914003601,0.612922596233,1480,0,0,0,0,0,0,0,0,0,0,0
17,cn2449,partition_result_io,io,0,0,0,0,0,0,0,0,0,0,0,0,0,0,0,0,0,0,0,0
17,cn2449,volume_exchange_pack,compute,0.704377852,2,17190431484,415220468,2.41541620631,43725070340,71338768044,0.612921578812,3069,0,0,0,0,0,0,1,0,0,0,0
17,cn2449,volume_size_exchange,communication,7.84009998824e-05,1,8431260989,204458350,2.42500321443,21396308325,34905995825,0.61296942887,1,0,0,0,0,0,0,0,6,6,24,24
17,cn2449,volume_payload_prepare,compute,0.000523527000041,1,8431257196,204458284,2.42500352257,21396430445,34906341442,0.612966858201,102,0,0,0,0,0,0,0,0,0,0,0
17,cn2449,volume_payload_exchange,communication,0.00523162700028,1,8431384526,204474389,2.42515791291,21396669033,34908182996,0.612941356342,646,0,0,0,0,0,3,0,6,6,4352400,4353000
17,cn2449,volume_exchange_unpack,compute,0.433739192,1,8692497671,211030007,2.42772578133,22125436750,35751503368,0.6188673109,16128,0,0,0,0,0,0,1,0,0,0,0
17,cn2449,final_mesh_save,io,0,0,0,0,0,0,0,0,0,0,0,0,0,0,0,0,0,0,0,0
17,cn2449,testout_io,io,0,0,0,0,0,0,0,0,0,0,0,0,0,0,0,0,0,0,0,0
17,cn2449,final_count_exchange,communication,0,0,0,0,0,0,0,0,0,0,0,0,0,0,0,0,0,0,0,0
17,cn2449,quality_surface_compute,postprocess,0,0,0,0,0,0,0,0,0,0,0,0,0,0,0,0,0,0,0,0
17,cn2449,quality_reduce_pre_collective_wait,synchronization,0,0,0,0,0,0,0,0,0,0,0,0,0,0,0,0,0,0,0,0
17,cn2449,quality_reduce,communication,0,0,0,0,0,0,0,0,0,0,0,0,0,0,0,0,0,0,0,0
17,cn2449,quality_summary_io,io,0,0,0,0,0,0,0,0,0,0,0,0,0,0,0,0,0,0,0,0
17,cn2449,quality_volume_compute,postprocess,0,0,0,0,0,0,0,0,0,0,0,0,0,0,0,0,0,0,0,0
17,cn2449,quality_rank_io,io,0,0,0,0,0,0,0,0,0,0,0,0,0,0,0,0,0,0,0,0
18,cn2449,geometry_load,io,1.77675,1,1398282816,22654240,1.62014720776,3315752819,3770135886,0.87947833162,6710,0,1035180,0,0,0,0,15,0,0,0,0
18,cn2449,coarse_local_size,setup,0.505733827,1,267321411,5990603,2.24097388144,632768626,895647813,0.706492682521,7704,0,0,0,0,0,127,74,0,0,0,0
18,cn2449,coarse_edge_mesh,setup,0.0138310360003,1,6350178,205497,3.23608251611,12805207,26955192,0.475055306599,489,0,0,0,0,0,0,0,0,0,0,0
18,cn2449,coarse_surface_mesh,setup,8.756096499,1,5675942078,166141854,2.92712384511,15312510291,19058325857,0.803455162111,15950,0,0,0,0,0,0,34,0,0,0,0
18,cn2449,coarse_volume_mesh,setup,15.120975867,1,5340481162,128233355,2.40115733227,13485152840,22788397808,0.591755197255,31937,0,0,0,0,0,85316,2850692,0,0,0,0
18,cn2449,coarse_mesh_save,io,0,0,0,0,0,0,0,0,0,0,0,0,0,0,0,0,0,0,0,0
18,cn2449,submesh_initialization,setup,0.000130661000185,1,4917557677,123246130,2.506246761,12356499870,21254950991,0.581346900081,3,0,0,0,0,0,0,0,0,0,0,0
18,cn2449,metis_partition,compute,0.150224209,1,5001620714,128884294,2.57685061243,12551495612,21581136054,0.581595685259,615,0,0,0,0,0,0,1,0,0,0,0
18,cn2449,face_map_setup,compute,0.00883323199969,1,4920601431,123308905,2.50597222167,12364394127,21271192990,0.5812741266,238,0,0,0,0,0,0,1,0,0,0,0
18,cn2449,face_local_extract,compute,0.170007061,1,4979032218,125387438,2.51830943264,12520426447,21624882689,0.57898239852,638,0,0,0,0,0,0,0,0,0,0,0
18,cn2449,face_pre_collective_wait,synchronization,0.0142645210003,1,4935740157,123254468,2.49718307851,12392271867,21286026326,0.582178734406,0,0,0,0,0,0,0,0,0,0,0,0
18,cn2449,face_collective_setup,compute,0.000106201000108,1,4917477511,123242606,2.50621595573,12356354032,21254828748,0.581343382179,16,0,0,0,0,0,0,0,0,0,0,0
18,cn2449,face_allgatherv,communication,0.071103624,1,5053287931,123727396,2.44845331771,12620861176,21404519016,0.589635355346,1353,0,0,0,0,0,0,1,1,1,151800,4859624
18,cn2449,face_global_merge,compute,0.0839643869999,1,4935649219,124095143,2.51426180212,12400855658,21437236153,0.578472689739,411,0,0,0,0,0,0,0,0,0,0,0
18,cn2449,part_face_create,compute,0.0205985820003,1,4922072839,123419576,2.5074715478,12367074637,21299600548,0.580624721536,3,0,0,0,0,0,0,0,0,0,0,0
18,cn2449,surface_refine,compute,0.026805081,1,4926747327,123573877,2.50822436789,12375635895,21313052202,0.580659953239,35,0,0,0,0,0,0,0,0,0,0,0
18,cn2449,refined_surface_save,io,0,0,0,0,0,0,0,0,0,0,0,0,0,0,0,0,0,0,0,0
18,cn2449,local_volume_mesh,compute,21.82140274,1,13076204660,322962102,2.46984587958,34708722183,58028277438,0.598134628761,23272,0,0,0,0,0,79168,3111412,0,0,0,0
18,cn2449,volume_refine,compute,2.007387251,1,9797333028,223479622,2.28102506428,24941770596,41451124388,0.601715175746,9406,0,0,0,0,0,0,6,0,0,0,0
18,cn2449,refined_volume_save,io,0,0,0,0,0,0,0,0,0,0,0,0,0,0,0,0,0,0,0,0
18,cn2449,adjacency_build,compute,0.00685114699991,1,9221017512,201145824,2.18138425329,23824761994,37429616820,0.636521664343,8,0,0,0,0,0,0,0,0,0,0,0
18,cn2449,vertex_numbering_local,compute,0.0285383829996,1,9227562525,201327589,2.18180682552,23840571077,37477158951,0.636136029099,2,0,0,0,0,0,0,0,0,0,0,0
18,cn2449,vertex_count_pre_collective_wait,synchronization,5.732056787,1,16560380120,201124402,1.21449145818,38314424444,50013094542,0.766087857487,30,0,0,0,0,0,0,19,0,0,0,0
18,cn2449,vertex_count_allgather,communication,0.000497765999626,1,9220756169,201113686,2.18109754031,23824183431,37415628191,0.636744178379,7,0,0,0,0,0,0,0,1,1,4,128
18,cn2449,element_count_pre_collective_wait,synchronization,0.00240397099969,1,9221882578,201126053,2.18096523458,23826417324,37417669540,0.636769141876,0,0,0,0,0,0,0,1,0,0,0,0
18,cn2449,element_count_allgather,communication,7.80609998401e-05,1,9220278078,201113483,2.18120843318,23823243252,37414783917,0.636733418128,4,0,0,0,0,0,0,0,1,1,4,128
18,cn2449,vertex_exchange_prepare,compute,2.59000003098e-05,1,9220273812,201113109,2.18120538609,23823237998,37414754530,0.636733777817,0,0,0,0,0,0,0,0,0,0,0,0
18,cn2449,vertex_exchange,communication,0.00249359100007,1,9223714986,201123800,2.180507532,23830019428,37419374914,0.636836384434,70,0,0,0,0,0,0,0,5,2,139568,46860
18,cn2449,vertex_exchange_unpack,compute,0.000836329999856,1,9220542902,201118571,2.18120096764,23823877522,37416437467,0.636722230517,0,0,0,0,0,0,0,0,0,0,0,0
18,cn2449,partition_result_io,io,0,0,0,0,0,0,0,0,0,0,0,0,0,0,0,0,0,0,0,0
18,cn2449,volume_exchange_pack,compute,0.463345628,2,18727065217,406123065,2.16864233821,48466732291,75836338845,0.639096415111,1283,0,0,0,0,0,0,1,0,0,0,0
18,cn2449,volume_size_exchange,communication,0.246718276,1,9532911851,201279370,2.11141541164,24441081601,37956442522,0.643924455956,26,0,0,0,0,0,0,2,4,4,16,16
18,cn2449,volume_payload_prepare,compute,0.000539027000286,1,9220274261,201114479,2.18122013844,23823317463,37415345162,0.636725850312,162,0,0,0,0,0,0,0,0,0,0,0
18,cn2449,volume_payload_exchange,communication,0.00499104299979,1,9223246942,201127794,2.18066148792,23829183494,37421540984,0.636777184141,373,0,0,0,0,0,3,0,4,4,1952160,1952160
18,cn2449,volume_exchange_unpack,compute,0.365037379,1,9462364530,210516656,2.22477854592,24509032701,38120687147,0.642932605241,16147,0,0,0,0,0,0,2,0,0,0,0
18,cn2449,final_mesh_save,io,0,0,0,0,0,0,0,0,0,0,0,0,0,0,0,0,0,0,0,0
18,cn2449,testout_io,io,0,0,0,0,0,0,0,0,0,0,0,0,0,0,0,0,0,0,0,0
18,cn2449,final_count_exchange,communication,0,0,0,0,0,0,0,0,0,0,0,0,0,0,0,0,0,0,0,0
18,cn2449,quality_surface_compute,postprocess,0,0,0,0,0,0,0,0,0,0,0,0,0,0,0,0,0,0,0,0
18,cn2449,quality_reduce_pre_collective_wait,synchronization,0,0,0,0,0,0,0,0,0,0,0,0,0,0,0,0,0,0,0,0
18,cn2449,quality_reduce,communication,0,0,0,0,0,0,0,0,0,0,0,0,0,0,0,0,0,0,0,0
18,cn2449,quality_summary_io,io,0,0,0,0,0,0,0,0,0,0,0,0,0,0,0,0,0,0,0,0
18,cn2449,quality_volume_compute,postprocess,0,0,0,0,0,0,0,0,0,0,0,0,0,0,0,0,0,0,0,0
18,cn2449,quality_rank_io,io,0,0,0,0,0,0,0,0,0,0,0,0,0,0,0,0,0,0,0,0
19,cn2449,geometry_load,io,1.757267192,1,1397973981,22908531,1.63869509099,3316159292,3784935965,0.876146736078,6710,0,1035180,0,0,0,0,20,0,0,0,0
19,cn2449,coarse_local_size,setup,0.495010091,1,266045174,5935404,2.2309760071,632430101,887039383,0.712967330561,7691,0,0,0,0,0,112,54,0,0,0,0
19,cn2449,coarse_edge_mesh,setup,0.0132445489999,1,6262056,170504,2.72281180494,12749261,26134333,0.487835714039,488,0,0,0,0,0,0,0,0,0,0,0
19,cn2449,coarse_surface_mesh,setup,8.73657681,1,5676908017,167478028,2.95016279106,15315505175,19022430265,0.805128732851,14057,0,0,0,0,0,0,11,0,0,0,0
19,cn2449,coarse_volume_mesh,setup,14.909897365,1,5319180884,129355804,2.43187450889,13429552163,22475605958,0.597516800575,21095,0,0,0,0,0,85115,2809370,0,0,0,0
19,cn2449,coarse_mesh_save,io,0,0,0,0,0,0,0,0,0,0,0,0,0,0,0,0,0,0,0,0
19,cn2449,submesh_initialization,setup,0.000305803999709,1,2358557319,50043880,2.12180045814,6423490140,10296105647,0.623875702157,1,0,0,0,0,0,0,0,0,0,0,0
19,cn2449,metis_partition,compute,0.148193383,1,2442028991,55657426,2.27914681624,6618540034,10618811970,0.623284417569,217,0,0,0,0,0,0,1,0,0,0,0
19,cn2449,face_map_setup,compute,0.0080293420001,1,2361643620,50107460,2.12171978768,6431381561,10312828288,0.62362926846,219,0,0,0,0,0,0,0,0,0,0,0
19,cn2449,face_local_extract,compute,0.17232921,1,2420054645,52204335,2.15715521581,6587416810,10671211576,0.617307300402,706,0,0,0,0,0,0,0,0,0,0,0
19,cn2449,face_pre_collective_wait,synchronization,0.0144747640002,1,2376976198,50039719,2.10518384837,6459783333,10327609748,0.625486776769,0,0,0,0,0,0,0,0,0,0,0,0
19,cn2449,face_collective_setup,compute,0.00011922099975,1,2358477584,50040443,2.121726462,6423344293,10295955307,0.623870646431,16,0,0,0,0,0,0,0,0,0,0,0
19,cn2449,face_allgatherv,communication,0.0709604620001,1,2494546638,50479694,2.02360193356,6688434218,10445336637,0.640327301114,1356,0,0,0,0,0,1,0,1,1,151800,4859624
19,cn2449,face_global_merge,compute,0.084529534,1,2376764489,50909301,2.14195816353,6467846332,10479873637,0.617168351073,266,0,0,0,0,0,0,0,0,0,0,0
19,cn2449,part_face_create,compute,0.0203913390001,1,2363055033,50220050,2.12521711508,6433989178,10340269772,0.622226433146,3,0,0,0,0,0,0,0,0,0,0,0
19,cn2449,surface_refine,compute,0.0251440399998,1,2366898733,50342306,2.12693113136,6440716169,10350522875,0.622259981141,37,0,0,0,0,0,0,0,0,0,0,0
19,cn2449,refined_surface_save,io,0,0,0,0,0,0,0,0,0,0,0,0,0,0,0,0,0,0,0,0
19,cn2449,local_volume_mesh,compute,23.322977583,1,10748896582,255054007,2.37283897053,29358022952,49487936658,0.593235946669,8477,0,0,0,0,0,82141,3428935,0,0,0,0
19,cn2449,volume_refine,compute,1.911417111,1,10322537651,263629390,2.55392035285,27820411228,49337738962,0.563876898563,8476,0,0,0,0,0,0,2,0,0,0,0
19,cn2449,refined_volume_save,io,0,0,0,0,0,0,0,0,0,0,0,0,0,0,0,0,0,0,0,0
19,cn2449,adjacency_build,compute,0.0033500630002,1,9763808610,238039818,2.43798119677,26743284151,45503481630,0.587719514925,0,0,0,0,0,0,0,0,0,0,0,0
19,cn2449,vertex_numbering_local,compute,0.0172436790003,1,9768195518,238157624,2.43809231256,26753925220,45533891503,0.587560701203,2,0,0,0,0,0,0,0,0,0,0,0
19,cn2449,vertex_count_pre_collective_wait,synchronization,4.343088434,1,15337904124,238016608,1.55181963634,37743018998,55046210105,0.685660628152,13,0,0,0,0,0,0,7,0,0,0,0
19,cn2449,vertex_count_allgather,communication,0.000408545000028,1,9763363486,238010811,2.43779524691,26742364107,45496596065,0.58778823956,8,0,0,0,0,0,0,0,1,1,4,128
19,cn2449,element_count_pre_collective_wait,synchronization,0.00205394600016,1,9765653858,238022857,2.43734685318,26746901217,45500518444,0.587837284754,0,0,0,0,0,0,0,0,0,0,0,0
19,cn2449,element_count_allgather,communication,0.000500266000017,1,9763762430,238008958,2.43767666109,26743153930,45497177879,0.587798082798,1,0,0,0,0,0,0,0,1,1,4,128
19,cn2449,vertex_exchange_prepare,compute,2.22409998969e-05,1,9763160151,238008789,2.43782530778,26741969424,45496162535,0.587785165473,0,0,0,0,0,0,0,0,0,0,0,0
19,cn2449,vertex_exchange,communication,0.00272865499983,1,9766549593,238024152,2.43713657248,26748691819,45501651202,0.587862003079,19,0,0,0,0,0,0,0,0,3,0,93148
19,cn2449,vertex_exchange_unpack,compute,0.00150155900019,1,9763687023,238018569,2.43779392395,26743232690,45499326212,0.587772059863,0,0,0,0,0,0,0,0,0,0,0,0
19,cn2449,partition_result_io,io,0,0,0,0,0,0,0,0,0,0,0,0,0,0,0,0,0,0,0,0
19,cn2449,volume_exchange_pack,compute,0.364427971,2,19783860041,479396495,2.4231696646,54220904800,91792336956,0.590690972668,0,0,0,0,0,0,0,1,0,0,0,0
19,cn2449,volume_size_exchange,communication,0.344818582,1,10207975231,238009991,2.3316082339,27619525283,46254204365,0.597124643309,3,0,0,0,0,0,0,0,3,3,12,12
19,cn2449,volume_payload_prepare,compute,0.000152522000008,1,9763160226,238008800,2.43782540172,26742022830,45496447502,0.58778265773,0,0,0,0,0,0,0,0,0,0,0,0
19,cn2449,volume_payload_exchange,communication,0.00273873500009,1,9764615250,238022843,2.43760595688,26744885417,45500253511,0.587796404487,26,0,0,0,0,0,1,0,3,3,958320,954600
19,cn2449,volume_exchange_unpack,compute,0.326237266,1,9990486511,242801245,2.43032453657,27385651897,46122309326,0.593761507114,15149,0,0,0,0,0,0,1,0,0,0,0
19,cn2449,final_mesh_save,io,0,0,0,0,0,0,0,0,0,0,0,0,0,0,0,0,0,0,0,0
19,cn2449,testout_io,io,0,0,0,0,0,0,0,0,0,0,0,0,0,0,0,0,0,0,0,0
19,cn2449,final_count_exchange,communication,0,0,0,0,0,0,0,0,0,0,0,0,0,0,0,0,0,0,0,0
19,cn2449,quality_surface_compute,postprocess,0,0,0,0,0,0,0,0,0,0,0,0,0,0,0,0,0,0,0,0
19,cn2449,quality_reduce_pre_collective_wait,synchronization,0,0,0,0,0,0,0,0,0,0,0,0,0,0,0,0,0,0,0,0
19,cn2449,quality_reduce,communication,0,0,0,0,0,0,0,0,0,0,0,0,0,0,0,0,0,0,0,0
19,cn2449,quality_summary_io,io,0,0,0,0,0,0,0,0,0,0,0,0,0,0,0,0,0,0,0,0
19,cn2449,quality_volume_compute,postprocess,0,0,0,0,0,0,0,0,0,0,0,0,0,0,0,0,0,0,0,0
19,cn2449,quality_rank_io,io,0,0,0,0,0,0,0,0,0,0,0,0,0,0,0,0,0,0,0,0
20,cn2449,geometry_load,io,1.756540563,1,1400672707,25127020,1.79392515285,3315739171,3783579194,0.876349879569,6806,0,1035180,0,0,0,0,17,0,0,0,0
20,cn2449,coarse_local_size,setup,0.506861242,1,266668317,6212259,2.3295827078,632035128,893557688,0.707324369191,7785,0,0,0,0,0,114,49,0,0,0,0
20,cn2449,coarse_edge_mesh,setup,0.0131576269996,1,6306251,177186,2.80968835525,12799367,25805571,0.495992396371,493,0,0,0,0,0,0,0,0,0,0,0
20,cn2449,coarse_surface_mesh,setup,8.701997571,1,5672042104,168841449,2.97673123549,15309855474,18914820638,0.809410555194,17319,0,0,0,0,0,0,86,0,0,0,0
20,cn2449,coarse_volume_mesh,setup,14.867608687,1,5303355223,127876975,2.41124664713,13402464943,22112743292,0.606096890197,32503,0,0,0,0,0,83749,2824862,0,0,0,0
20,cn2449,coarse_mesh_save,io,0,0,0,0,0,0,0,0,0,0,0,0,0,0,0,0,0,0,0,0
20,cn2449,submesh_initialization,setup,0.000396804999582,1,4255764001,108163929,2.54158663344,10557216640,17670898580,0.597435189399,1,0,0,0,0,0,1,0,0,0,0,0
20,cn2449,metis_partition,compute,0.150700695,1,4339562434,113781772,2.62196416645,10752236878,17997883919,0.597416725566,422,0,0,0,0,0,1,2,0,0,0,0
20,cn2449,face_map_setup,compute,0.00789544000008,1,4258810048,108228867,2.54129359563,10565099256,17687357541,0.597324910265,214,0,0,0,0,0,0,0,0,0,0,0
20,cn2449,face_local_extract,compute,0.168208278,1,4317187034,110329419,2.55558580462,10721142709,18036619079,0.594409776136,751,0,0,0,0,0,0,1,0,0,0,0
20,cn2449,face_pre_collective_wait,synchronization,0.0162085860002,1,4274424616,108367585,2.53525549601,10594106213,17706229550,0.598326491989,0,0,0,0,0,0,0,0,0,0,0,0
20,cn2449,face_collective_setup,compute,0.000116601999707,1,4255683458,108160198,2.54154706447,10557070679,17670759828,0.597431620471,16,0,0,0,0,0,0,0,0,0,0,0
20,cn2449,face_allgatherv,communication,0.0708029400002,1,4389475344,108934122,2.4817116731,10817756307,17819569164,0.607071709054,1357,0,0,0,0,0,1,2,1,1,151800,4859624
20,cn2449,face_global_merge,compute,0.0876166540002,1,4274014310,109009033,2.55050697292,10601573429,17853044097,0.593824412879,2198,0,0,0,0,0,0,1,0,0,0,0
20,cn2449,part_face_create,compute,0.0207232829998,1,4260267149,108335563,2.54292886364,10567736123,17714678598,0.596552517989,459,0,0,0,0,0,0,0,0,0,0,0
20,cn2449,surface_refine,compute,0.025454183,1,4264494038,108462999,2.54339666168,10575300434,17725011468,0.596631514349,427,0,0,0,0,0,0,0,0,0,0,0
20,cn2449,refined_surface_save,io,0,0,0,0,0,0,0,0,0,0,0,0,0,0,0,0,0,0,0,0
20,cn2449,local_volume_mesh,compute,22.578936347,1,12542614003,311402859,2.48275884856,33171159044,55577879423,0.59684103439,21862,0,0,0,0,0,78266,3263320,0,0,0,0
20,cn2449,volume_refine,compute,1.766445989,1,9180018821,213600258,2.32679542564,23059562778,38356000763,0.60119830846,9473,0,0,0,0,0,0,18,0,0,0,0
20,cn2449,refined_volume_save,io,0,0,0,0,0,0,0,0,0,0,0,0,0,0,0,0,0,0,0,0
20,cn2449,adjacency_build,compute,0.00475913999981,1,8629369457,191441941,2.21849281056,21992426834,34817604392,0.631646755084,6,0,0,0,0,0,0,0,0,0,0,0
20,cn2449,vertex_numbering_local,compute,0.027172266,1,8640460745,191634706,2.21787600981,22019085588,34866782885,0.631520426207,8,0,0,0,0,0,0,0,0,0,0,0
20,cn2449,vertex_count_pre_collective_wait,synchronization,5.216831919,1,14838650638,227377085,1.53232993044,34262770588,46272873041,0.740450469925,29,0,0,0,0,0,0,52,0,0,0,0
20,cn2449,vertex_count_allgather,communication,0.000375624999833,1,8628608744,191408224,2.21829763846,21990809710,34807507318,0.631783526154,7,0,0,0,0,0,1,0,1,1,4,128
20,cn2449,element_count_pre_collective_wait,synchronization,0.00211044700018,1,8630879429,191419973,2.21785015739,21995293970,34811698169,0.631836282827,0,0,0,0,0,0,0,0,0,0,0,0
20,cn2449,element_count_allgather,communication,0.000565628000004,1,8629085379,191413361,2.21823464009,21991752016,34808386016,0.631794648735,5,0,0,0,0,0,0,0,1,1,4,128
20,cn2449,vertex_exchange_prepare,compute,5.5520999922e-05,1,8628519782,191406730,2.21830319494,21990648801,34807354949,0.631781668938,0,0,0,0,0,0,0,0,0,0,0,0
20,cn2449,vertex_exchange,communication,0.00458251800001,1,8635115927,191459945,2.21722495238,22003742317,34815960090,0.632001595249,66,0,0,0,0,0,0,0,5,4,236478,162250
20,cn2449,vertex_exchange_unpack,compute,0.00250647199982,1,8629438480,191424736,2.21827569017,21992860499,34812739616,0.631747479273,0,0,0,0,0,0,0,0,0,0,0,0
20,cn2449,partition_result_io,io,0,0,0,0,0,0,0,0,0,0,0,0,0,0,0,0,0,0,0,0
20,cn2449,volume_exchange_pack,compute,0.492947164,2,17557870373,386974264,2.20399317103,44835219843,70686223758,0.634285118929,1065,0,0,0,0,0,0,6,0,0,0,0
20,cn2449,volume_size_exchange,communication,0.213820017,1,8878621716,194721948,2.19315513408,22485382394,35277134914,0.637392533402,2,0,0,0,0,0,0,1,5,5,20,20
20,cn2449,volume_payload_prepare,compute,0.000391564999973,1,8628520207,191406826,2.21830419826,21990763721,34807682546,0.631779024413,68,0,0,0,0,0,0,0,0,0,0,0
20,cn2449,volume_payload_exchange,communication,0.00514566600032,1,8628642584,191423268,2.21846328825,21990978256,34809514326,0.631751941439,647,0,0,0,0,0,2,0,5,5,4260960,4267440
20,cn2449,volume_exchange_unpack,compute,0.420683586,1,8878410632,197892477,2.22891782327,22696781606,35631001860,0.636995324891,15682,0,0,0,0,0,0,4,0,0,0,0
20,cn2449,final_mesh_save,io,0,0,0,0,0,0,0,0,0,0,0,0,0,0,0,0,0,0,0,0
20,cn2449,testout_io,io,0,0,0,0,0,0,0,0,0,0,0,0,0,0,0,0,0,0,0,0
20,cn2449,final_count_exchange,communication,0,0,0,0,0,0,0,0,0,0,0,0,0,0,0,0,0,0,0,0
20,cn2449,quality_surface_compute,postprocess,0,0,0,0,0,0,0,0,0,0,0,0,0,0,0,0,0,0,0,0
20,cn2449,quality_reduce_pre_collective_wait,synchronization,0,0,0,0,0,0,0,0,0,0,0,0,0,0,0,0,0,0,0,0
20,cn2449,quality_reduce,communication,0,0,0,0,0,0,0,0,0,0,0,0,0,0,0,0,0,0,0,0
20,cn2449,quality_summary_io,io,0,0,0,0,0,0,0,0,0,0,0,0,0,0,0,0,0,0,0,0
20,cn2449,quality_volume_compute,postprocess,0,0,0,0,0,0,0,0,0,0,0,0,0,0,0,0,0,0,0,0
20,cn2449,quality_rank_io,io,0,0,0,0,0,0,0,0,0,0,0,0,0,0,0,0,0,0,0,0
21,cn2449,geometry_load,io,1.747734731,1,1399663239,24162550,1.72631168175,3315884953,3767203384,0.880198018266,6807,0,1035180,0,0,0,0,2,0,0,0,0
21,cn2449,coarse_local_size,setup,0.498830619,1,266468599,5920750,2.22193159803,632592218,886198587,0.713826705752,7896,0,0,0,0,0,115,92,0,0,0,0
21,cn2449,coarse_edge_mesh,setup,0.0126931610002,1,6307761,161275,2.55677093663,12804451,24842203,0.515431381025,514,0,0,0,0,0,0,0,0,0,0,0
21,cn2449,coarse_surface_mesh,setup,8.669707401,1,5673852142,160328631,2.82574566604,15311631092,18880933353,0.810957318991,12643,0,0,0,0,0,0,22,0,0,0,0
21,cn2449,coarse_volume_mesh,setup,15.021540764,1,5335862299,129546653,2.42784850397,13464945368,22343606002,0.602630809315,25790,0,0,0,0,0,86871,2870795,0,0,0,0
21,cn2449,coarse_mesh_save,io,0,0,0,0,0,0,0,0,0,0,0,0,0,0,0,0,0,0,0,0
21,cn2449,submesh_initialization,setup,0.000444825999693,1,3573322167,83118389,2.32608158782,8835579248,13609358236,0.649228207149,4,0,0,0,0,0,2,0,0,0,0,0
21,cn2449,metis_partition,compute,0.147873479,1,3657263512,88697549,2.42524359289,9030565591,13930556649,0.648255903805,356,0,0,0,0,0,0,5,0,0,0,0
21,cn2449,face_map_setup,compute,0.00834498599988,1,3576362687,83189242,2.32608516755,8843472881,13626744149,0.648979153369,219,0,0,0,0,0,0,0,0,0,0,0
21,cn2449,face_local_extract,compute,0.168630843,1,3634728991,85258633,2.3456668492,8999505787,13976186522,0.643917120942,738,0,0,0,0,0,0,1,0,0,0,0
21,cn2449,face_pre_collective_wait,synchronization,0.0180075090002,1,3594492245,83113975,2.31225912688,8877368197,13648617899,0.650422501582,0,0,0,0,0,0,0,0,0,0,0,0
21,cn2449,face_collective_setup,compute,0.000134381999942,1,3573239810,83114748,2.32603330365,8835433640,13609236641,0.64922330863,16,0,0,0,0,0,0,0,0,0,0,0
21,cn2449,face_allgatherv,communication,0.0706622579996,1,3707590163,83546203,2.25338290714,9097224373,13758089751,0.661227287919,1350,0,0,0,0,0,1,0,1,1,151800,4859624
21,cn2449,face_global_merge,compute,0.0831653969999,1,3591431037,83972222,2.33812709015,8879936751,13789643332,0.643956956479,534,0,0,0,0,0,0,0,0,0,0,0
21,cn2449,part_face_create,compute,0.020555261,1,3577859634,83296710,2.32811564793,8846204125,13653882536,0.647889279967,3,0,0,0,0,0,0,0,0,0,0,0
21,cn2449,surface_refine,compute,0.0254659030002,1,3583037813,83444129,2.32886543082,8855664351,13664373911,0.648084164608,37,0,0,0,0,0,0,0,0,0,0,0
21,cn2449,refined_surface_save,io,0,0,0,0,0,0,0,0,0,0,0,0,0,0,0,0,0,0,0,0
21,cn2449,local_volume_mesh,compute,19.994567444,1,10982752271,259053844,2.35873338129,28780838658,46201021561,0.622948101267,10200,0,0,0,0,0,82125,3064126,0,0,0,0
21,cn2449,volume_refine,compute,1.747753252,1,9812929403,252510656,2.57324439655,25099074349,42778067388,0.586727635948,11051,0,0,0,0,0,0,3,0,0,0,0
21,cn2449,refined_volume_save,io,0,0,0,0,0,0,0,0,0,0,0,0,0,0,0,0,0,0,0,0
21,cn2449,adjacency_build,compute,0.00401575099977,1,9238794104,229906714,2.48849266919,23981078062,39283651670,0.6104594925,3,0,0,0,0,0,0,0,0,0,0,0
21,cn2449,vertex_numbering_local,compute,0.0250558580001,1,9248809611,230122011,2.48812572297,24005297747,39329795890,0.610359072652,13,0,0,0,0,0,0,0,0,0,0,0
21,cn2449,vertex_count_pre_collective_wait,synchronization,7.828383028,1,18638141666,229876647,1.23336677615,42517350722,56483945958,0.752733365222,29,0,0,0,0,0,0,13,0,0,0,0
21,cn2449,vertex_count_allgather,communication,0.000485045999994,1,9238248984,229870844,2.48825123027,23979909256,39275543760,0.610555754556,10,0,0,0,0,0,0,0,1,1,4,128
21,cn2449,element_count_pre_collective_wait,synchronization,0.00185428299983,1,9240039545,229870170,2.48776175557,23983448980,39278853959,0.610594418183,0,0,0,0,0,0,0,0,0,0,0,0
21,cn2449,element_count_allgather,communication,0.000674967999657,1,9238711765,229870150,2.48811907815,23980822100,39276304463,0.610567170916,2,0,0,0,0,0,0,0,1,1,4,128
21,cn2449,vertex_exchange_prepare,compute,5.44999998056e-05,1,9237968953,229870004,2.48831756384,23979378641,39275030634,0.610550221194,0,0,0,0,0,0,0,0,0,0,0,0
21,cn2449,vertex_exchange,communication,0.0036155859998,1,9243762368,229887570,2.48694807209,23990779644,39281995159,0.61073220815,34,0,0,0,0,0,0,0,2,4,60192,281116
21,cn2449,vertex_exchange_unpack,compute,0.00424847400018,1,9239565740,229899538,2.48820717845,23983234872,39284246180,0.610505156752,0,0,0,0,0,0,0,0,0,0,0,0
21,cn2449,partition_result_io,io,0,0,0,0,0,0,0,0,0,0,0,0,0,0,0,0,0,0,0,0
21,cn2449,volume_exchange_pack,compute,0.508212059,2,18778639991,467045966,2.4871128379,48818932000,79656518307,0.612868011778,934,0,0,0,0,0,0,3,0,0,0,0
21,cn2449,volume_size_exchange,communication,0.197394448,1,9474027906,229870372,2.42632145779,24445240378,39708858847,0.615611757371,2,0,0,0,0,0,0,0,5,5,20,20
21,cn2449,volume_payload_prepare,compute,0.000332984000124,1,9237969249,229870079,2.48831829598,23979495856,39275401717,0.610547437014,34,0,0,0,0,0,0,0,0,0,0,0
21,cn2449,volume_payload_exchange,communication,0.00507120400016,1,9238962496,229886687,2.48823054644,23981434493,39278730305,0.610545053437,456,0,0,0,0,0,0,0,5,5,3639480,3630240
21,cn2449,volume_exchange_unpack,compute,0.38559894,1,9484796016,235461572,2.48251592973,24675124805,40025498212,0.616485138406,15835,0,0,0,0,0,0,1,0,0,0,0
21,cn2449,final_mesh_save,io,0,0,0,0,0,0,0,0,0,0,0,0,0,0,0,0,0,0,0,0
21,cn2449,testout_io,io,0,0,0,0,0,0,0,0,0,0,0,0,0,0,0,0,0,0,0,0
21,cn2449,final_count_exchange,communication,0,0,0,0,0,0,0,0,0,0,0,0,0,0,0,0,0,0,0,0
21,cn2449,quality_surface_compute,postprocess,0,0,0,0,0,0,0,0,0,0,0,0,0,0,0,0,0,0,0,0
21,cn2449,quality_reduce_pre_collective_wait,synchronization,0,0,0,0,0,0,0,0,0,0,0,0,0,0,0,0,0,0,0,0
21,cn2449,quality_reduce,communication,0,0,0,0,0,0,0,0,0,0,0,0,0,0,0,0,0,0,0,0
21,cn2449,quality_summary_io,io,0,0,0,0,0,0,0,0,0,0,0,0,0,0,0,0,0,0,0,0
21,cn2449,quality_volume_compute,postprocess,0,0,0,0,0,0,0,0,0,0,0,0,0,0,0,0,0,0,0,0
21,cn2449,quality_rank_io,io,0,0,0,0,0,0,0,0,0,0,0,0,0,0,0,0,0,0,0,0
22,cn2449,geometry_load,io,1.780057103,1,1400000651,22140177,1.58144047892,3315891388,3837427144,0.864092336759,6806,0,1035180,0,0,0,0,3,0,0,0,0
22,cn2449,coarse_local_size,setup,0.504460311,1,266271959,5943710,2.23219524216,631890291,901186759,0.701175738202,7731,0,0,0,0,0,89,47,0,0,0,0
22,cn2449,coarse_edge_mesh,setup,0.0146586860001,1,6342165,175892,2.77337470722,12802617,28760398,0.445147421117,521,0,0,0,0,0,0,0,0,0,0,0
22,cn2449,coarse_surface_mesh,setup,8.91125197,1,5675833804,164232029,2.8935313237,15312252042,19413025831,0.788761740457,12258,0,0,0,0,0,0,18,0,0,0,0
22,cn2449,coarse_volume_mesh,setup,15.307035552,1,5335134632,128547465,2.40945119227,13491211867,23156608159,0.58260742568,21139,0,0,0,0,0,86113,2791292,0,0,0,0
22,cn2449,coarse_mesh_save,io,0,0,0,0,0,0,0,0,0,0,0,0,0,0,0,0,0,0,0,0
22,cn2449,submesh_initialization,setup,0.000141861999964,1,4755216054,115014357,2.41869887075,11862607899,20388346004,0.581832773324,3,0,0,0,0,0,0,0,0,0,0,0
22,cn2449,metis_partition,compute,0.151299163,1,4839111919,120603702,2.49226932583,12057603010,20717650148,0.581996651351,212,0,0,0,0,0,0,0,0,0,0,0
22,cn2449,face_map_setup,compute,0.0081283630002,1,4758250084,115078914,2.41851336034,11870500798,20405326605,0.581735398202,214,0,0,0,0,0,0,0,0,0,0,0
22,cn2449,face_local_extract,compute,0.176946109,1,4816851591,117198462,2.43309264954,12026534599,20773236277,0.578943715781,682,0,0,0,0,0,0,1,0,0,0,0
22,cn2449,face_pre_collective_wait,synchronization,0.00687224700005,1,4763581388,115010008,2.41436009238,11879169316,20403194115,0.582221060538,0,0,0,0,0,0,0,0,0,0,0,0
22,cn2449,face_collective_setup,compute,0.000130022000121,1,4755133250,115010745,2.418665029,11862462306,20388235226,0.58182879364,16,0,0,0,0,0,0,0,0,0,0,0
22,cn2449,face_allgatherv,communication,0.0704481349999,1,4890697398,115440489,2.36040956137,12126571647,20537269472,0.59046659847,856,0,0,0,0,0,1,1,1,1,151800,4859624
22,cn2449,face_global_merge,compute,0.087190408,1,4773490661,115888370,2.42774896255,11906964667,20578086297,0.578623517034,277,0,0,0,0,0,0,0,0,0,0,0
22,cn2449,part_face_create,compute,0.021807738,1,4759777247,115203498,2.4203548196,11873331627,20435644464,0.581010872836,3,0,0,0,0,0,0,0,0,0,0,0
22,cn2449,surface_refine,compute,0.039274579,1,4766573461,115447524,2.42202338734,11885659510,20466217567,0.580745292631,985,0,0,0,0,0,0,0,0,0,0,0
22,cn2449,refined_surface_save,io,0,0,0,0,0,0,0,0,0,0,0,0,0,0,0,0,0,0,0,0
22,cn2449,local_volume_mesh,compute,24.683836438,1,13674782238,341787710,2.49940148261,36231562709,63141145883,0.573818580615,12167,0,0,0,0,0,81813,3207768,0,0,0,0
22,cn2449,volume_refine,compute,2.236697905,1,10552100611,238807054,2.26312336096,26706936834,45166657879,0.591297609523,12849,0,0,0,0,0,0,5,0,0,0,0
22,cn2449,refined_volume_save,io,0,0,0,0,0,0,0,0,0,0,0,0,0,0,0,0,0,0,0,0
22,cn2449,adjacency_build,compute,0.00410731200009,1,9897426670,213692109,2.15906736291,25435698158,40707883918,0.624834693182,4,0,0,0,0,0,0,0,0,0,0,0
22,cn2449,vertex_numbering_local,compute,0.0302284439999,1,9907515114,213936160,2.15933215885,25460148349,40760628337,0.624626002781,894,0,0,0,0,0,0,0,0,0,0,0
22,cn2449,vertex_count_pre_collective_wait,synchronization,2.625438686,1,13136501049,213658611,1.62644992151,31830377946,46470946887,0.684952213765,29,0,0,0,0,0,0,6,0,0,0,0
22,cn2449,vertex_count_allgather,communication,0.00050152599988,1,9897078867,213656802,2.1587864952,25434916837,40699892746,0.62493817848,11,0,0,0,0,0,0,0,1,1,4,128
22,cn2449,element_count_pre_collective_wait,synchronization,0.00162986099986,1,9898494109,213656402,2.15847380063,25437705588,40702390729,0.624968340493,0,0,0,0,0,0,0,0,0,0,0,0
22,cn2449,element_count_allgather,communication,0.000709748999725,1,9897201126,213656647,2.15875826186,25435156483,40700111077,0.624940714164,39,0,0,0,0,0,0,0,1,1,4,128
22,cn2449,vertex_exchange_prepare,compute,0.000150222000229,1,9896598626,213656245,2.15888562398,25433979271,40699002159,0.624928816968,35,0,0,0,0,0,0,0,0,0,0,0
22,cn2449,vertex_exchange,communication,0.00360020499966,1,9902429565,213681993,2.15787440443,25445471100,40706036259,0.625103140431,61,0,0,0,0,0,0,0,3,4,178354,146806
22,cn2449,vertex_exchange_unpack,compute,0.00241607099997,1,9897443116,213671499,2.15885553972,25436020986,40704244980,0.624898484138,0,0,0,0,0,0,0,0,0,0,0,0
22,cn2449,partition_result_io,io,0,0,0,0,0,0,0,0,0,0,0,0,0,0,0,0,0,0,0,0
22,cn2449,volume_exchange_pack,compute,0.641251329,2,20143715830,432220181,2.14568247809,51865799586,82791090038,0.626465958622,1379,0,0,0,0,0,0,2,0,0,0,0
22,cn2449,volume_size_exchange,communication,7.95609998931e-05,1,9896602026,213656387,2.15888631713,25433977392,40699016007,0.624928558165,2,0,0,0,0,0,0,0,5,5,20,20
22,cn2449,volume_payload_prepare,compute,0.000404004999837,1,9896599279,213656354,2.15888658292,25434058127,40699197056,0.624927761892,102,0,0,0,0,0,0,0,0,0,0,0
22,cn2449,volume_payload_exchange,communication,0.0683373289999,1,9975842480,213673336,2.14190767776,25590371692,40841589735,0.626576287996,536,0,0,0,0,0,1,0,5,5,3433560,3448800
22,cn2449,volume_exchange_unpack,compute,0.440952944,1,10176981476,220453856,2.16620081819,26226921091,41553832236,0.631155291335,17912,0,0,0,0,0,0,1,0,0,0,0
22,cn2449,final_mesh_save,io,0,0,0,0,0,0,0,0,0,0,0,0,0,0,0,0,0,0,0,0
22,cn2449,testout_io,io,0,0,0,0,0,0,0,0,0,0,0,0,0,0,0,0,0,0,0,0
22,cn2449,final_count_exchange,communication,0,0,0,0,0,0,0,0,0,0,0,0,0,0,0,0,0,0,0,0
22,cn2449,quality_surface_compute,postprocess,0,0,0,0,0,0,0,0,0,0,0,0,0,0,0,0,0,0,0,0
22,cn2449,quality_reduce_pre_collective_wait,synchronization,0,0,0,0,0,0,0,0,0,0,0,0,0,0,0,0,0,0,0,0
22,cn2449,quality_reduce,communication,0,0,0,0,0,0,0,0,0,0,0,0,0,0,0,0,0,0,0,0
22,cn2449,quality_summary_io,io,0,0,0,0,0,0,0,0,0,0,0,0,0,0,0,0,0,0,0,0
22,cn2449,quality_volume_compute,postprocess,0,0,0,0,0,0,0,0,0,0,0,0,0,0,0,0,0,0,0,0
22,cn2449,quality_rank_io,io,0,0,0,0,0,0,0,0,0,0,0,0,0,0,0,0,0,0,0,0
23,cn2449,geometry_load,io,1.773149495,1,1397021772,24913750,1.78334729632,3316303173,3820668239,0.867990352878,6809,0,1035180,0,0,0,0,2,0,0,0,0
23,cn2449,coarse_local_size,setup,0.50758757,1,266609670,6112232,2.29257700968,632557267,905972908,0.698207707332,7776,0,0,0,0,0,124,63,0,0,0,0
23,cn2449,coarse_edge_mesh,setup,0.0146389259999,1,6290153,170662,2.71316134918,12807579,28787691,0.444897751612,526,0,0,0,0,0,0,0,0,0,0,0
23,cn2449,coarse_surface_mesh,setup,8.902473298,1,5673880746,162506365,2.86411315773,15314235003,19373405872,0.790477167731,16726,0,0,0,0,0,0,10,0,0,0,0
23,cn2449,coarse_volume_mesh,setup,15.375177378,1,5376424391,126365987,2.35037225133,13567186561,23330680424,0.581516968834,29967,0,0,0,0,0,86211,2795976,0,0,0,0
23,cn2449,coarse_mesh_save,io,0,0,0,0,0,0,0,0,0,0,0,0,0,0,0,0,0,0,0,0
23,cn2449,submesh_initialization,setup,0.000179903000117,1,5376503337,126369945,2.35041135621,13567327948,23330904321,0.581517448331,34,0,0,0,0,0,0,0,0,0,0,0
23,cn2449,metis_partition,compute,0.154720106,1,5460113183,131974077,2.417057533,13762337497,23665153141,0.581544408988,1452,0,0,0,0,0,0,0,0,0,0,0
23,cn2449,face_map_setup,compute,0.00851284800001,1,5379590379,126434616,2.35026474308,13575219681,23347833750,0.581433799228,627,0,0,0,0,0,0,0,0,0,0,0
23,cn2449,face_local_extract,compute,0.178149944,1,5438164452,128506424,2.36304777346,13731254987,23718340899,0.578929826731,922,0,0,0,0,0,0,0,0,0,0,0
23,cn2449,face_pre_collective_wait,synchronization,0.00193088500009,1,5378664279,126402681,2.35007567759,13571612877,23334854681,0.581602631023,0,0,0,0,0,0,0,0,0,0,0,0
23,cn2449,face_collective_setup,compute,0.000101321000329,1,5376423057,126366441,2.35038127878,13567182041,23330722874,0.581515717034,16,0,0,0,0,0,0,0,0,0,0,0
23,cn2449,face_allgatherv,communication,0.0702292720002,1,5509866914,127174579,2.30812433376,13827273093,23478169700,0.588941696465,1352,0,0,0,0,0,3,0,1,1,151800,4859624
23,cn2449,face_global_merge,compute,0.0882755019998,1,5394657545,127214868,2.35816392308,13611684113,23521896079,0.578681415277,694,0,0,0,0,0,0,0,0,0,0,0
23,cn2449,part_face_create,compute,0.021672635,1,5381071449,126548666,2.35173732963,13578023888,23377848814,0.580807241762,6,0,0,0,0,0,0,0,0,0,0,0
23,cn2449,surface_refine,compute,0.0388040529997,1,5387582944,126789091,2.35335756902,13589643442,23407583027,0.580565854506,1007,0,0,0,0,0,0,0,0,0,0,0
23,cn2449,refined_surface_save,io,0,0,0,0,0,0,0,0,0,0,0,0,0,0,0,0,0,0,0,0
23,cn2449,local_volume_mesh,compute,23.510366466,1,14109128385,346680342,2.4571350727,37451315140,64183328426,0.58350534412,15873,0,0,0,0,0,76084,3067988,0,0,0,0
23,cn2449,volume_refine,compute,2.341195534,1,14555733169,364508338,2.50422519957,38128236613,67790257606,0.562444191238,13885,0,0,0,0,0,0,3,0,0,0,0
23,cn2449,refined_volume_save,io,0,0,0,0,0,0,0,0,0,0,0,0,0,0,0,0,0,0,0,0
23,cn2449,adjacency_build,compute,0.00676092599997,1,13893447125,339648091,2.44466393361,36867153604,63107045125,0.584200282726,6,0,0,0,0,0,0,0,0,0,0,0
23,cn2449,vertex_numbering_local,compute,0.0316260009999,1,13901594070,339820834,2.44447386601,36886818639,63157601290,0.584044008727,766,0,0,0,0,0,0,0,0,0,0,0
23,cn2449,vertex_count_pre_collective_wait,synchronization,3.689900873,1,18282903571,409230165,2.2383215194,45534504281,71204179119,0.63949201921,28,0,0,0,0,0,0,6,0,0,0,0
23,cn2449,vertex_count_allgather,communication,0.000455385999885,1,13892736121,339616750,2.44456345418,36865662650,63092532426,0.584311030679,49,0,0,0,0,0,1,0,1,1,4,128
23,cn2449,element_count_pre_collective_wait,synchronization,0.00165946100014,1,13894508052,339644579,2.44445199304,36869165027,63095749418,0.584336747991,1,0,0,0,0,0,0,0,0,0,0,0
23,cn2449,element_count_allgather,communication,0.000470905999919,1,13893226136,339624018,2.44452954753,36866634293,63093320768,0.58431912989,0,0,0,0,0,0,0,0,1,1,4,128
23,cn2449,vertex_exchange_prepare,compute,0.000163941999745,1,13892695263,339615305,2.44456024242,36865593605,63092365091,0.584311486054,32,0,0,0,0,0,0,0,0,0,0,0
23,cn2449,vertex_exchange,communication,0.00527188700016,1,13899919889,339689722,2.44382503434,36879797469,63103126198,0.584436931909,66,0,0,0,0,0,0,0,3,2,115060,119834
23,cn2449,vertex_exchange_unpack,compute,0.00194694500033,1,13893388047,339627969,2.44452949742,36867261311,63096569838,0.584298978624,0,0,0,0,0,0,0,0,0,0,0,0
23,cn2449,partition_result_io,io,0,0,0,0,0,0,0,0,0,0,0,0,0,0,0,0,0,0,0,0
23,cn2449,volume_exchange_pack,compute,0.550672598,2,28109180114,683485360,2.43153787207,74653921842,127381893893,0.586063839691,1107,0,0,0,0,0,0,1,0,0,0,0
23,cn2449,volume_size_exchange,communication,0.0897193600003,1,13999347183,341353564,2.43835344276,37076577154,63289484533,0.58582523507,1,0,0,0,0,0,0,0,3,3,12,12
23,cn2449,volume_payload_prepare,compute,0.000261743999999,1,13892695697,339615335,2.444560382,36865669973,63092548262,0.584311000087,34,0,0,0,0,0,0,0,0,0,0,0
23,cn2449,volume_payload_exchange,communication,0.00303263899968,1,13893275425,339636147,2.44460817633,36866782851,63094473349,0.584310810347,291,0,0,0,0,0,0,0,3,3,2479080,2475120
23,cn2449,volume_exchange_unpack,compute,0.42883287,1,14167694630,345505674,2.43868662491,37638991376,63924633660,0.588802613656,17778,0,0,0,0,0,0,1,0,0,0,0
23,cn2449,final_mesh_save,io,0,0,0,0,0,0,0,0,0,0,0,0,0,0,0,0,0,0,0,0
23,cn2449,testout_io,io,0,0,0,0,0,0,0,0,0,0,0,0,0,0,0,0,0,0,0,0
23,cn2449,final_count_exchange,communication,0,0,0,0,0,0,0,0,0,0,0,0,0,0,0,0,0,0,0,0
23,cn2449,quality_surface_compute,postprocess,0,0,0,0,0,0,0,0,0,0,0,0,0,0,0,0,0,0,0,0
23,cn2449,quality_reduce_pre_collective_wait,synchronization,0,0,0,0,0,0,0,0,0,0,0,0,0,0,0,0,0,0,0,0
23,cn2449,quality_reduce,communication,0,0,0,0,0,0,0,0,0,0,0,0,0,0,0,0,0,0,0,0
23,cn2449,quality_summary_io,io,0,0,0,0,0,0,0,0,0,0,0,0,0,0,0,0,0,0,0,0
23,cn2449,quality_volume_compute,postprocess,0,0,0,0,0,0,0,0,0,0,0,0,0,0,0,0,0,0,0,0
23,cn2449,quality_rank_io,io,0,0,0,0,0,0,0,0,0,0,0,0,0,0,0,0,0,0,0,0
24,cn2449,geometry_load,io,1.776859802,1,1407606593,24924560,1.77070497708,3315662931,3828556834,0.866034663912,6806,0,1035180,0,0,0,0,3,0,0,0,0
24,cn2449,coarse_local_size,setup,0.502936531,1,268146773,6220620,2.31985637209,632588673,892873263,0.708486522348,7807,0,0,0,0,0,113,63,0,0,0,0
24,cn2449,coarse_edge_mesh,setup,0.013068406,1,6304214,161806,2.56663241445,12802987,25724115,0.497703691653,489,0,0,0,0,0,0,0,0,0,0,0
24,cn2449,coarse_surface_mesh,setup,8.687890391,1,5679593686,160559411,2.82695241731,15313223949,18886077636,0.810820766712,19205,0,0,0,0,0,0,12,0,0,0,0
24,cn2449,coarse_volume_mesh,setup,14.94251038,1,5310307663,130056048,2.44912453766,13413591451,22409360184,0.598570924866,33392,0,0,0,0,0,87162,2758907,0,0,0,0
24,cn2449,coarse_mesh_save,io,0,0,0,0,0,0,0,0,0,0,0,0,0,0,0,0,0,0,0,0
24,cn2449,submesh_initialization,setup,0.000379345000056,1,3105905601,68380800,2.20163806582,8353689842,14067913142,0.59381158795,2,0,0,0,0,0,1,0,0,0,0,0
24,cn2449,metis_partition,compute,0.146508962,1,3189377518,73957891,2.31888168091,8548703949,14386529151,0.594215870922,353,0,0,0,0,0,0,0,0,0,0,0
24,cn2449,face_map_setup,compute,0.00817214400013,1,3108936677,68443897,2.20152110226,8361584361,14085017432,0.593650977102,226,0,0,0,0,0,0,0,0,0,0,0
24,cn2449,face_local_extract,compute,0.169864579,1,3167404728,70519371,2.22640859176,8517615818,14436993346,0.589985436293,729,0,0,0,0,0,0,0,0,0,0,0
24,cn2449,face_pre_collective_wait,synchronization,0.0183982540002,1,3127900998,68555266,2.191733883,8396004127,14108020321,0.5951227696,0,0,0,0,0,0,0,0,0,0,0,0
24,cn2449,face_collective_setup,compute,0.000130861999878,1,3105825556,68377292,2.20158185858,8353544043,14067792329,0.593806323525,16,0,0,0,0,0,0,0,0,0,0,0
24,cn2449,face_allgatherv,communication,0.0700273499997,1,3240478701,68995254,2.12916856941,8615986130,14216224010,0.606067133153,1002,0,0,0,0,0,0,0,1,1,151800,4859624
24,cn2449,face_global_merge,compute,0.0819948020003,1,3124123945,69239162,2.21627448907,8398047202,14246265712,0.589491125027,404,0,0,0,0,0,0,0,0,0,0,0
24,cn2449,part_face_create,compute,0.0203269379999,1,3110389320,68561409,2.20427097531,8364143135,14111877996,0.59270234177,3,0,0,0,0,0,0,0,0,0,0,0
24,cn2449,surface_refine,compute,0.0217559170001,1,3113833518,68664461,2.20514233028,8370033992,14114961892,0.592990194096,17,0,0,0,0,0,0,0,0,0,0,0
24,cn2449,refined_surface_save,io,0,0,0,0,0,0,0,0,0,0,0,0,0,0,0,0,0,0,0,0
24,cn2449,local_volume_mesh,compute,16.191699235,1,8721018890,198586593,2.27710311725,23484430861,38868617291,0.604200316291,18062,0,0,0,0,0,77290,2905662,0,0,0,0
24,cn2449,volume_refine,compute,1.547297424,1,8133085259,202066077,2.48449475894,21389314461,37679876839,0.567658820977,8639,0,0,0,0,0,0,8,0,0,0,0
24,cn2449,refined_volume_save,io,0,0,0,0,0,0,0,0,0,0,0,0,0,0,0,0,0,0,0,0
24,cn2449,adjacency_build,compute,0.00381108900001,1,7654691276,181619398,2.37265477407,20472097484,34756902940,0.589008103494,3,0,0,0,0,0,0,0,0,0,0,0
24,cn2449,vertex_numbering_local,compute,0.0228159689996,1,7663991405,181790102,2.3720029472,20494350625,34798612264,0.58894160691,9,0,0,0,0,0,0,0,0,0,0,0
24,cn2449,vertex_count_pre_collective_wait,synchronization,11.839436363,1,21984886736,299665395,1.36305180281,48602873863,60666723843,0.801145517414,62,0,0,0,0,0,0,21,0,0,0,0
24,cn2449,vertex_count_allgather,communication,0.000422804999744,1,7654262507,181588608,2.3723854236,20471159907,34749418374,0.589107986979,27,0,0,0,0,0,0,0,1,1,4,128
24,cn2449,element_count_pre_collective_wait,synchronization,0.00210896700037,1,7656305959,181605223,2.37196924956,20475199233,34753115513,0.589161545109,1,0,0,0,0,0,0,0,0,0,0,0
24,cn2449,element_count_allgather,communication,0.000580548000016,1,7654496868,181590379,2.37233592399,20471624056,34749814889,0.589114621801,39,0,0,0,0,0,0,0,1,1,4,128
24,cn2449,vertex_exchange_prepare,compute,5.91010002609e-05,1,7653889684,181584960,2.37245332108,20470424024,34748700105,0.589098986786,13,0,0,0,0,0,0,0,0,0,0,0
24,cn2449,vertex_exchange,communication,0.00365866699985,1,7659339545,181608568,2.37107347093,20481238808,34755618373,0.589292890381,124,0,0,0,0,0,0,0,4,2,327492,2442
24,cn2449,vertex_exchange_unpack,compute,0.000241643000209,1,7653904965,181585516,2.37245584875,20470457281,34748873849,0.589096998365,148,0,0,0,0,0,0,0,0,0,0,0
24,cn2449,partition_result_io,io,0,0,0,0,0,0,0,0,0,0,0,0,0,0,0,0,0,0,0,0
24,cn2449,volume_exchange_pack,compute,0.437952665,2,15567255251,366849275,2.35654435599,41675761906,70443198944,0.591622222312,2761,0,0,0,0,0,0,1,0,0,0,0
24,cn2449,volume_size_exchange,communication,0.0473945420003,1,7711702913,182066682,2.36091410748,20584919498,34852696012,0.590626317428,2,0,0,0,0,0,0,0,4,4,16,16
24,cn2449,volume_payload_prepare,compute,0.000316524000027,1,7653890079,181585065,2.3724545705,20470463515,34748762382,0.589099067471,102,0,0,0,0,0,0,0,0,0,0,0
24,cn2449,volume_payload_exchange,communication,0.16057952,1,7844245530,183147999,2.33480706716,20847471624,35093463214,0.594055693417,747,0,0,0,0,0,1,0,4,4,3543120,3553320
24,cn2449,volume_exchange_unpack,compute,0.33995936,1,7864948882,186582230,2.37232603542,21064834998,35414826567,0.594802715133,13127,0,0,0,0,0,0,1,0,0,0,0
24,cn2449,final_mesh_save,io,0,0,0,0,0,0,0,0,0,0,0,0,0,0,0,0,0,0,0,0
24,cn2449,testout_io,io,0,0,0,0,0,0,0,0,0,0,0,0,0,0,0,0,0,0,0,0
24,cn2449,final_count_exchange,communication,0,0,0,0,0,0,0,0,0,0,0,0,0,0,0,0,0,0,0,0
24,cn2449,quality_surface_compute,postprocess,0,0,0,0,0,0,0,0,0,0,0,0,0,0,0,0,0,0,0,0
24,cn2449,quality_reduce_pre_collective_wait,synchronization,0,0,0,0,0,0,0,0,0,0,0,0,0,0,0,0,0,0,0,0
24,cn2449,quality_reduce,communication,0,0,0,0,0,0,0,0,0,0,0,0,0,0,0,0,0,0,0,0
24,cn2449,quality_summary_io,io,0,0,0,0,0,0,0,0,0,0,0,0,0,0,0,0,0,0,0,0
24,cn2449,quality_volume_compute,postprocess,0,0,0,0,0,0,0,0,0,0,0,0,0,0,0,0,0,0,0,0
24,cn2449,quality_rank_io,io,0,0,0,0,0,0,0,0,0,0,0,0,0,0,0,0,0,0,0,0
25,cn2449,geometry_load,io,1.732935103,1,1393518589,24474754,1.75632777296,3315912853,3733882898,0.888060216022,6807,0,1035180,0,0,0,0,2,0,0,0,0
25,cn2449,coarse_local_size,setup,0.477306686,1,265671761,6096585,2.2947809647,631930777,886087137,0.713170015242,7328,0,0,0,0,0,89,42,0,0,0,0
25,cn2449,coarse_edge_mesh,setup,0.0134845709999,1,6269301,173410,2.76601809356,12748916,26575506,0.479724299511,499,0,0,0,0,0,0,0,0,0,0,0
25,cn2449,coarse_surface_mesh,setup,8.664504374,1,5673170348,167376799,2.95032210797,15314462633,18863534542,0.811855413359,15367,0,0,0,0,0,0,13,0,0,0,0
25,cn2449,coarse_volume_mesh,setup,14.810614963,1,5294549860,131775508,2.48888973538,13377255164,22224836356,0.601905676592,27701,0,0,0,0,0,81508,2733733,0,0,0,0
25,cn2449,coarse_mesh_save,io,0,0,0,0,0,0,0,0,0,0,0,0,0,0,0,0,0,0,0,0
25,cn2449,submesh_initialization,setup,0.000345984999967,1,4160875188,93250368,2.24112389309,11262433699,18607996824,0.605246970188,1,0,0,0,0,0,1,0,0,0,0,0
25,cn2449,metis_partition,compute,0.148492747,1,4244537028,98825883,2.3283077129,11457453750,18930958018,0.605223134461,313,0,0,0,0,0,2,0,0,0,0,0
25,cn2449,face_map_setup,compute,0.00799804099961,1,4163923835,93315082,2.24103719707,11270330407,18624679328,0.605128829792,215,0,0,0,0,0,0,0,0,0,0,0
25,cn2449,face_local_extract,compute,0.165155939,1,4222309591,95438835,2.26034668806,11426360468,18967022797,0.60243300123,636,0,0,0,0,0,0,0,0,0,0,0
25,cn2449,face_pre_collective_wait,synchronization,0.0212568500001,1,4186351931,93443451,2.23209736162,11312925131,18654413923,0.606447630984,0,0,0,0,0,0,0,0,0,0,0,0
25,cn2449,face_collective_setup,compute,0.000162962000104,1,4160795496,93246810,2.241081305,11262287676,18607929625,0.605241308569,16,0,0,0,0,0,0,0,0,0,0,0
25,cn2449,face_allgatherv,communication,0.0697182059998,1,4294056705,93902893,2.18681073519,11521988215,18754780649,0.614349398729,1353,0,0,0,0,0,0,0,1,1,151800,4859624
25,cn2449,face_global_merge,compute,0.084125029,1,4179039752,94115302,2.25207960644,11306789013,18790569254,0.601726794977,403,0,0,0,0,0,0,0,0,0,0,0
25,cn2449,part_face_create,compute,0.0200757160001,1,4165372872,93420933,2.24279880507,11272988994,18651479493,0.604401865183,3,0,0,0,0,0,0,0,0,0,0,0
25,cn2449,surface_refine,compute,0.0247891949998,1,4169917795,93545909,2.24335139441,11281177808,18661563398,0.60451407888,34,0,0,0,0,0,0,0,0,0,0,0
25,cn2449,refined_surface_save,io,0,0,0,0,0,0,0,0,0,0,0,0,0,0,0,0,0,0,0,0
25,cn2449,local_volume_mesh,compute,21.202718278,1,12000440601,287345619,2.39445890825,32564140693,53604312060,0.607491066326,12315,0,0,0,0,0,82079,3162861,0,0,0,0
25,cn2449,volume_refine,compute,1.792266538,1,11162121762,287729106,2.57772771284,29801305925,52021703136,0.572862942359,9474,0,0,0,0,0,0,2,0,0,0,0
25,cn2449,refined_volume_save,io,0,0,0,0,0,0,0,0,0,0,0,0,0,0,0,0,0,0,0,0
25,cn2449,adjacency_build,compute,0.00385242900029,1,10609898395,268009320,2.52603097619,28754283460,48434372031,0.593675157832,7,0,0,0,0,0,0,0,0,0,0,0
25,cn2449,vertex_numbering_local,compute,0.024533712,1,10619209830,268187777,2.52549654158,28776910265,48478131280,0.593606013788,245,0,0,0,0,0,0,0,0,0,0,0
25,cn2449,vertex_count_pre_collective_wait,synchronization,6.577667953,1,18556521373,324679245,1.74967731545,44464995767,62886222275,0.70707054993,29,0,0,0,0,0,0,7,0,0,0,0
25,cn2449,vertex_count_allgather,communication,0.000423965999744,1,10609351867,267978180,2.52586758701,28753084470,48426531031,0.59374652402,8,0,0,0,0,0,0,0,1,1,4,128
25,cn2449,element_count_pre_collective_wait,synchronization,0.00207908599987,1,10611446161,267993935,2.52551754901,28757236414,48430406386,0.593784743097,0,0,0,0,0,0,0,0,0,0,0,0
25,cn2449,element_count_allgather,communication,0.000684168000134,1,10609695817,267980886,2.52581120724,28753759006,48427159176,0.593752751457,38,0,0,0,0,0,0,0,1,1,4,128
25,cn2449,vertex_exchange_prepare,compute,0.000150842000039,1,10609097562,267975645,2.52590423864,28752592120,48426049662,0.593742258984,34,0,0,0,0,0,0,0,0,0,0,0
25,cn2449,vertex_exchange,communication,0.00319806000016,1,10613786390,268079997,2.52577154985,28761701830,48432217800,0.593854734234,70,0,0,0,0,0,0,0,4,2,177078,148918
25,cn2449,vertex_exchange_unpack,compute,0.00224596899989,1,10609941478,267990800,2.52584616565,28754625713,48430896155,0.593724832615,0,0,0,0,0,0,0,0,0,0,0,0
25,cn2449,partition_result_io,io,0,0,0,0,0,0,0,0,0,0,0,0,0,0,0,0,0,0,0,0
25,cn2449,volume_exchange_pack,compute,0.456096656,2,21494408022,540026123,2.51240286519,58288795973,97839510956,0.595759273564,1499,0,0,0,0,0,0,1,0,0,0,0
25,cn2449,volume_size_exchange,communication,0.128825437,1,10765853101,269281650,2.50125696007,29062921495,48709089754,0.596663202736,2,0,0,0,0,0,0,0,4,4,16,16
25,cn2449,volume_payload_prepare,compute,0.000326423999923,1,10609098012,267975612,2.52590382045,28752710343,48426297881,0.593741656933,68,0,0,0,0,0,0,0,0,0,0,0
25,cn2449,volume_payload_exchange,communication,0.0579345159999,1,10675455753,268542843,2.51551642584,28884094453,48547374154,0.594967183217,384,0,0,0,0,0,1,0,4,4,3490800,3474960
25,cn2449,volume_exchange_unpack,compute,0.366051972,1,10849409653,273458222,2.52048941598,29420266963,49148746608,0.598596485026,12381,0,0,0,0,0,0,1,0,0,0,0
25,cn2449,final_mesh_save,io,0,0,0,0,0,0,0,0,0,0,0,0,0,0,0,0,0,0,0,0
25,cn2449,testout_io,io,0,0,0,0,0,0,0,0,0,0,0,0,0,0,0,0,0,0,0,0
25,cn2449,final_count_exchange,communication,0,0,0,0,0,0,0,0,0,0,0,0,0,0,0,0,0,0,0,0
25,cn2449,quality_surface_compute,postprocess,0,0,0,0,0,0,0,0,0,0,0,0,0,0,0,0,0,0,0,0
25,cn2449,quality_reduce_pre_collective_wait,synchronization,0,0,0,0,0,0,0,0,0,0,0,0,0,0,0,0,0,0,0,0
25,cn2449,quality_reduce,communication,0,0,0,0,0,0,0,0,0,0,0,0,0,0,0,0,0,0,0,0
25,cn2449,quality_summary_io,io,0,0,0,0,0,0,0,0,0,0,0,0,0,0,0,0,0,0,0,0
25,cn2449,quality_volume_compute,postprocess,0,0,0,0,0,0,0,0,0,0,0,0,0,0,0,0,0,0,0,0
25,cn2449,quality_rank_io,io,0,0,0,0,0,0,0,0,0,0,0,0,0,0,0,0,0,0,0,0
26,cn2449,geometry_load,io,1.795717101,1,1407945608,24521622,1.74165975309,3316045457,3868718587,0.857143103699,6808,0,1035180,0,0,0,0,2,0,0,0,0
26,cn2449,coarse_local_size,setup,0.506815781,1,268239908,6040143,2.25176896497,632055518,912409188,0.69273252211,7679,0,0,0,0,0,90,46,0,0,0,0
26,cn2449,coarse_edge_mesh,setup,0.0145764460003,1,6298706,174518,2.77069607631,12803175,28555968,0.448353738175,510,0,0,0,0,0,0,0,0,0,0,0
26,cn2449,coarse_surface_mesh,setup,8.877923287,1,5677255722,162063730,2.85461388276,15315171549,19331831136,0.792225601458,14836,0,0,0,0,0,0,9,0,0,0,0
26,cn2449,coarse_volume_mesh,setup,15.098232159,1,5300842493,127559872,2.40640751293,13392924602,22790355605,0.587657552788,30348,0,0,0,0,0,85263,2774843,0,0,0,0
26,cn2449,coarse_mesh_save,io,0,0,0,0,0,0,0,0,0,0,0,0,0,0,0,0,0,0,0,0
26,cn2449,submesh_initialization,setup,0.000387385000067,1,2603437032,57039313,2.19092347151,7039748739,11898204911,0.591664775624,2,0,0,0,0,0,1,0,0,0,0,0
26,cn2449,metis_partition,compute,0.152945403,1,2687547245,62611310,2.32968220806,7234788128,12231107905,0.591507178597,282,0,0,0,0,0,0,0,0,0,0,0
26,cn2449,face_map_setup,compute,0.00804712299987,1,2606478673,57120323,2.19147478902,7047645563,11914951122,0.591495969294,217,0,0,0,0,0,0,0,0,0,0,0
26,cn2449,face_local_extract,compute,0.178354687,1,2665063048,59212578,2.22180777466,7203674400,12286104679,0.586326959456,768,0,0,0,0,0,0,0,0,0,0,0
26,cn2449,face_pre_collective_wait,synchronization,0.00368174699997,1,2607743877,57034982,2.18713894808,7048258848,11906015247,0.591991417933,0,0,0,0,0,0,0,0,0,0,0,0
26,cn2449,face_collective_setup,compute,0.000103661000139,1,2603356997,57035746,2.19085381166,7039602864,11898030842,0.591661171288,16,0,0,0,0,0,0,0,0,0,0,0
26,cn2449,face_allgatherv,communication,0.0695588239996,1,2736580089,57465193,2.09989078087,7299245865,12044113003,0.606042625404,1352,0,0,0,0,0,1,0,1,1,151800,4859624
26,cn2449,face_global_merge,compute,0.0876345730003,1,2621564001,57882275,2.20792912086,7084105137,12088169869,0.586036200167,525,0,0,0,0,0,0,0,0,0,0,0
26,cn2449,part_face_create,compute,0.0217536170003,1,2608027400,57217619,2.19390405944,7050509495,11945383793,0.590228796092,3,0,0,0,0,0,0,0,0,0,0,0
26,cn2449,surface_refine,compute,0.0377927600002,1,2615076907,57486882,2.19828647663,7063447605,11973364485,0.589930057992,984,0,0,0,0,0,0,0,0,0,0,0
26,cn2449,refined_surface_save,io,0,0,0,0,0,0,0,0,0,0,0,0,0,0,0,0,0,0,0,0
26,cn2449,local_volume_mesh,compute,27.047455377,1,12540639307,308329677,2.45864400891,34122752831,58766360456,0.580651116833,31999,0,0,0,0,0,92604,3449886,0,0,0,0
26,cn2449,volume_refine,compute,2.276547052,1,12089565704,314169150,2.59868019821,32366755589,58501120778,0.553267273491,14963,0,0,0,0,0,0,2,0,0,0,0
26,cn2449,refined_volume_save,io,0,0,0,0,0,0,0,0,0,0,0,0,0,0,0,0,0,0,0,0
26,cn2449,adjacency_build,compute,0.003966451,1,11387217485,286380078,2.51492586646,30995475214,53931703660,0.574717153558,7,0,0,0,0,0,0,0,0,0,0,0
26,cn2449,vertex_numbering_local,compute,0.0258616690003,1,11395610590,286581930,2.51484488467,31015823957,53979710048,0.574583004048,4,0,0,0,0,0,0,1,0,0,0,0
26,cn2449,vertex_count_pre_collective_wait,synchronization,0.229145632,1,11663717908,286347379,2.45502661552,31540536781,54426775709,0.579504046862,28,0,0,0,0,0,0,0,0,0,0,0
26,cn2449,vertex_count_allgather,communication,0.000528265999947,1,11386932174,286347538,2.51470311428,30994818642,53924102325,0.574785991896,12,0,0,0,0,0,0,0,1,1,4,128
26,cn2449,element_count_pre_collective_wait,synchronization,0.00216430799992,1,11388926879,286347170,2.51425944729,30998751591,53927689651,0.574820686583,0,0,0,0,0,0,0,0,0,0,0,0
26,cn2449,element_count_allgather,communication,0.000112121999791,1,11386511118,286347289,2.5147939174,30993987063,53923275568,0.57477938305,2,0,0,0,0,0,0,0,1,1,4,128
26,cn2449,vertex_exchange_prepare,compute,2.64410000455e-05,1,11386436740,286346974,2.51480757799,30993850874,53923139751,0.574778305142,0,0,0,0,0,0,0,0,0,0,0,0
26,cn2449,vertex_exchange,communication,0.00193048400024,1,11389997804,286359179,2.51412848297,31000835364,53926880654,0.574867950603,30,0,0,0,0,0,0,0,4,3,82192,152900
26,cn2449,vertex_exchange_unpack,compute,0.00254121299986,1,11387313977,286363111,2.51475555674,30995967962,53928660669,0.574758719714,0,0,0,0,0,0,0,0,0,0,0,0
26,cn2449,partition_result_io,io,0,0,0,0,0,0,0,0,0,0,0,0,0,0,0,0,0,0,0,0
26,cn2449,volume_exchange_pack,compute,0.584275346,2,23138840418,577240622,2.4946825838,63037331026,109122324577,0.577675844703,721,0,0,0,0,0,0,0,0,0,0,0
26,cn2449,volume_size_exchange,communication,0.0551875209999,1,11453604910,286347195,2.50006174694,31126353650,54044321463,0.575941242436,2,0,0,0,0,0,0,0,4,4,16,16
26,cn2449,volume_payload_prepare,compute,0.000273883999853,1,11386437008,286347022,2.51480794035,30993949466,53923470972,0.574776602977,34,0,0,0,0,0,0,0,0,0,0,0
26,cn2449,volume_payload_exchange,communication,0.00339324300012,1,11386658363,286363109,2.51490033222,30994396678,53925843829,0.574759604621,218,0,0,0,0,0,2,0,4,4,2482080,2478360
26,cn2449,volume_exchange_unpack,compute,0.455848414,1,11679398827,293261796,2.51093228636,31821558157,54805576227,0.580626285639,19236,0,0,0,0,0,0,1,0,0,0,0
26,cn2449,final_mesh_save,io,0,0,0,0,0,0,0,0,0,0,0,0,0,0,0,0,0,0,0,0
26,cn2449,testout_io,io,0,0,0,0,0,0,0,0,0,0,0,0,0,0,0,0,0,0,0,0
26,cn2449,final_count_exchange,communication,0,0,0,0,0,0,0,0,0,0,0,0,0,0,0,0,0,0,0,0
26,cn2449,quality_surface_compute,postprocess,0,0,0,0,0,0,0,0,0,0,0,0,0,0,0,0,0,0,0,0
26,cn2449,quality_reduce_pre_collective_wait,synchronization,0,0,0,0,0,0,0,0,0,0,0,0,0,0,0,0,0,0,0,0
26,cn2449,quality_reduce,communication,0,0,0,0,0,0,0,0,0,0,0,0,0,0,0,0,0,0,0,0
26,cn2449,quality_summary_io,io,0,0,0,0,0,0,0,0,0,0,0,0,0,0,0,0,0,0,0,0
26,cn2449,quality_volume_compute,postprocess,0,0,0,0,0,0,0,0,0,0,0,0,0,0,0,0,0,0,0,0
26,cn2449,quality_rank_io,io,0,0,0,0,0,0,0,0,0,0,0,0,0,0,0,0,0,0,0,0
27,cn2449,geometry_load,io,1.768489235,1,1398929537,22971065,1.64204589241,3316053416,3809614516,0.870443296053,6807,0,1035180,0,0,0,0,2,0,0,0,0
27,cn2449,coarse_local_size,setup,0.514711141,1,266755158,6416946,2.40555648412,632421129,909322390,0.695486150957,7746,0,0,0,0,0,135,76,0,0,0,0
27,cn2449,coarse_edge_mesh,setup,0.0140228589999,1,6321577,166948,2.64092330126,12809024,27588916,0.464281525233,488,0,0,0,0,0,0,0,0,0,0,0
27,cn2449,coarse_surface_mesh,setup,8.947043085,1,5676273968,160906358,2.83471796652,15314214927,19466848132,0.786681789633,16717,0,0,0,0,0,0,8,0,0,0,0
27,cn2449,coarse_volume_mesh,setup,15.227303638,1,5300662124,126980722,2.39556340377,13400917229,22832549151,0.586921641573,27648,0,0,0,0,0,86145,2816543,0,0,0,0
27,cn2449,coarse_mesh_save,io,0,0,0,0,0,0,0,0,0,0,0,0,0,0,0,0,0,0,0,0
27,cn2449,submesh_initialization,setup,0.000466825999865,1,3743155320,104186570,2.78338890837,9136158591,16822291744,0.543098332263,2,0,0,0,0,0,1,0,0,0,0,0
27,cn2449,metis_partition,compute,0.152377636,1,3826350234,109782745,2.86912431655,9331166630,17154239462,0.543956883117,311,0,0,0,0,0,0,0,0,0,0,0
27,cn2449,face_map_setup,compute,0.00819580400002,1,3746244546,104256835,2.7829692835,9144054100,16839347649,0.543017122195,226,0,0,0,0,0,0,0,0,0,0,0
27,cn2449,face_local_extract,compute,0.178122883,1,3804812098,106376797,2.79584889503,9300084780,17209786602,0.540395124883,723,0,0,0,0,0,0,1,0,0,0,0
27,cn2449,face_pre_collective_wait,synchronization,0.00431527499995,1,3748312952,104225817,2.78060605757,9146343489,16831488349,0.543406696981,0,0,0,0,0,0,0,0,0,0,0,0
27,cn2449,face_collective_setup,compute,0.000108761999854,1,3743075384,104183103,2.78335572522,9136012633,16822120236,0.543095192807,16,0,0,0,0,0,0,0,0,0,0,0
27,cn2449,face_allgatherv,communication,0.069360381,1,3875861395,104828471,2.70464963312,9394573720,16968533434,0.553646769566,1352,0,0,0,0,0,0,0,1,1,151800,4859624
27,cn2449,face_global_merge,compute,0.0873093689997,1,3761300294,105023204,2.7922047109,9180516074,17012188662,0.539643443674,280,0,0,0,0,0,0,0,0,0,0,0
27,cn2449,part_face_create,compute,0.0216395550001,1,3747678076,104363417,2.7847487133,9146718728,16869168511,0.542215149611,3,0,0,0,0,0,0,0,0,0,0,0
27,cn2449,surface_refine,compute,0.0275267500001,1,3752238516,104513282,2.78535816831,9154985773,16881771165,0.542300075242,36,0,0,0,0,0,0,0,0,0,0,0
27,cn2449,refined_surface_save,io,0,0,0,0,0,0,0,0,0,0,0,0,0,0,0,0,0,0,0,0
27,cn2449,local_volume_mesh,compute,20.772923516,1,11254541074,289575047,2.5729618391,29646145450,52103516795,0.568985497978,12807,0,0,0,0,0,79897,2824679,0,0,0,0
27,cn2449,volume_refine,compute,1.925695993,1,10255600725,290294253,2.83059238346,26533469200,50268170476,0.527838370658,10215,0,0,0,0,0,0,2,0,0,0,0
27,cn2449,refined_volume_save,io,0,0,0,0,0,0,0,0,0,0,0,0,0,0,0,0,0,0,0,0
27,cn2449,adjacency_build,compute,0.00724995200017,1,9699939210,268983499,2.77304314158,25461072188,46431051109,0.548363036801,6,0,0,0,0,0,0,0,0,0,0,0
27,cn2449,vertex_numbering_local,compute,0.0375072960001,1,9707408912,269143254,2.77255502925,25479134084,46497337184,0.547969746809,7,0,0,0,0,0,0,0,0,0,0,0
27,cn2449,vertex_count_pre_collective_wait,synchronization,6.849856612,1,17920614347,337345956,1.88244637973,41711680407,61474169645,0.678523689671,26,0,0,0,0,0,0,5,0,0,0,0
27,cn2449,vertex_count_allgather,communication,0.000396925000132,1,9699176064,268951739,2.77293387836,25459481148,46415332852,0.548514458125,14,0,0,0,0,0,2,0,1,1,4,128
27,cn2449,element_count_pre_collective_wait,synchronization,0.0020557859998,1,9701515469,268970527,2.77245887882,25464103754,46419553644,0.5485641665,0,0,0,0,0,0,0,0,0,0,0,0
27,cn2449,element_count_allgather,communication,0.000502426000367,1,9699738599,268954120,2.77279760949,25460594873,46416235822,0.548527781758,1,0,0,0,0,0,0,0,1,1,4,128
27,cn2449,vertex_exchange_prepare,compute,6.23209998594e-05,1,9699169117,268950888,2.77292709051,25459485028,46415313959,0.548514764987,0,0,0,0,0,0,0,0,0,0,0,0
27,cn2449,vertex_exchange,communication,0.00565507200008,1,9706580283,268965244,2.77095780551,25474158545,46426663440,0.548696732814,31,0,0,0,0,0,0,0,0,5,0,232342
27,cn2449,vertex_exchange_unpack,compute,0.00369760700005,1,9700476205,268974941,2.77280141011,25462632203,46423294875,0.54848825943,0,0,0,0,0,0,0,0,0,0,0,0
27,cn2449,partition_result_io,io,0,0,0,0,0,0,0,0,0,0,0,0,0,0,0,0,0,0,0,0
27,cn2449,volume_exchange_pack,compute,0.430785655,2,19676358529,541331434,2.75117691722,51713560782,93773426039,0.551473514047,191,0,0,0,0,0,0,1,0,0,0,0
27,cn2449,volume_size_exchange,communication,0.208434749,1,9951850254,270350606,2.71658635429,25958147839,46873295300,0.553793960353,4,0,0,0,0,0,0,0,5,5,20,20
27,cn2449,volume_payload_prepare,compute,0.000332643999627,1,9699169738,268950983,2.77292789244,25459538870,46415519013,0.548513501764,68,0,0,0,0,0,0,0,0,0,0,0
27,cn2449,volume_payload_exchange,communication,0.00349972499998,1,9699284837,268967973,2.77307015435,25459803370,46417564302,0.548495030983,367,0,0,0,0,0,1,0,5,5,2487480,2481600
27,cn2449,volume_exchange_unpack,compute,0.360863286,1,9931499490,274413454,2.76306165324,26110627793,47110586148,0.554241199865,15066,0,0,0,0,0,0,2,0,0,0,0
27,cn2449,final_mesh_save,io,0,0,0,0,0,0,0,0,0,0,0,0,0,0,0,0,0,0,0,0
27,cn2449,testout_io,io,0,0,0,0,0,0,0,0,0,0,0,0,0,0,0,0,0,0,0,0
27,cn2449,final_count_exchange,communication,0,0,0,0,0,0,0,0,0,0,0,0,0,0,0,0,0,0,0,0
27,cn2449,quality_surface_compute,postprocess,0,0,0,0,0,0,0,0,0,0,0,0,0,0,0,0,0,0,0,0
27,cn2449,quality_reduce_pre_collective_wait,synchronization,0,0,0,0,0,0,0,0,0,0,0,0,0,0,0,0,0,0,0,0
27,cn2449,quality_reduce,communication,0,0,0,0,0,0,0,0,0,0,0,0,0,0,0,0,0,0,0,0
27,cn2449,quality_summary_io,io,0,0,0,0,0,0,0,0,0,0,0,0,0,0,0,0,0,0,0,0
27,cn2449,quality_volume_compute,postprocess,0,0,0,0,0,0,0,0,0,0,0,0,0,0,0,0,0,0,0,0
27,cn2449,quality_rank_io,io,0,0,0,0,0,0,0,0,0,0,0,0,0,0,0,0,0,0,0,0
28,cn2449,geometry_load,io,1.744097365,1,1400051539,21749703,1.55349302466,3316230700,3754039358,0.883376646793,6807,0,1035180,0,0,0,0,2,0,0,0,0
28,cn2449,coarse_local_size,setup,0.506334255,1,267396739,5843881,2.18547205245,633126054,891374082,0.710280977185,7884,0,0,0,0,0,126,67,0,0,0,0
28,cn2449,coarse_edge_mesh,setup,0.0128303829997,1,6285027,171144,2.72304319456,12803815,25011290,0.511921416288,506,0,0,0,0,0,0,0,0,0,0,0
28,cn2449,coarse_surface_mesh,setup,8.665532407,1,5671851144,165887254,2.92474625635,15307966501,18841947190,0.812440792166,17126,0,0,0,0,0,0,10,0,0,0,0
28,cn2449,coarse_volume_mesh,setup,14.962400072,1,5306788391,128362824,2.41884195378,13414425618,22258194291,0.602673579115,30705,0,0,0,0,0,84273,2759049,0,0,0,0
28,cn2449,coarse_mesh_save,io,0,0,0,0,0,0,0,0,0,0,0,0,0,0,0,0,0,0,0,0
28,cn2449,submesh_initialization,setup,0.000284922999981,1,3005699179,65124736,2.16670838037,8092122131,13334864008,0.606839494287,4,0,0,0,0,0,0,0,0,0,0,0
28,cn2449,metis_partition,compute,0.148780231,1,3090106693,70732640,2.28900316485,8287144978,13657945077,0.606763677206,701,0,0,0,0,0,0,0,0,0,0,0
28,cn2449,face_map_setup,compute,0.00781738000023,1,3008758795,65187827,2.1666019592,8100009238,13351169278,0.606689127322,225,0,0,0,0,0,0,0,0,0,0,0
28,cn2449,face_local_extract,compute,0.169781578,1,3067011013,67280367,2.1936786896,8256049607,13704255581,0.602444223125,678,0,0,0,0,0,0,0,0,0,0,0
28,cn2449,face_pre_collective_wait,synchronization,0.0167084519999,1,3024413809,65120537,2.1531622692,8129054141,13371317550,0.607947130909,0,0,0,0,0,0,0,0,0,0,0,0
28,cn2449,face_collective_setup,compute,0.000124040999708,1,3005619488,65121283,2.16665094367,8091976279,13334773645,0.606832668812,15,0,0,0,0,0,0,0,0,0,0,0
28,cn2449,face_allgatherv,communication,0.069154499,1,3136565432,65568477,2.09045462056,8347030368,13480141701,0.619209393576,1355,0,0,0,0,0,0,0,1,1,151800,4859624
28,cn2449,face_global_merge,compute,0.0837071440001,1,3023925004,65971429,2.18164897981,8136480200,13516373638,0.601972127873,508,0,0,0,0,0,0,0,0,0,0,0
28,cn2449,part_face_create,compute,0.0202289569997,1,3010237975,65302536,2.16934795662,8102737269,13378626524,0.605647915686,3,0,0,0,0,0,0,0,0,0,0,0
28,cn2449,surface_refine,compute,0.0278120130001,1,3015281421,65438930,2.17024286835,8112053798,13394988300,0.605603649389,36,0,0,0,0,0,0,0,0,0,0,0
28,cn2449,refined_surface_save,io,0,0,0,0,0,0,0,0,0,0,0,0,0,0,0,0,0,0,0,0
28,cn2449,local_volume_mesh,compute,16.550738297,1,9031509330,189907462,2.10272120707,24103243252,38360810406,0.628329876165,18967,0,0,0,0,0,80222,3064620,0,0,0,0
28,cn2449,volume_refine,compute,1.763410271,1,8861995945,204834511,2.3113812314,23102998804,39164854245,0.589891096223,10042,0,0,0,0,0,0,12,0,0,0,0
28,cn2449,refined_volume_save,io,0,0,0,0,0,0,0,0,0,0,0,0,0,0,0,0,0,0,0,0
28,cn2449,adjacency_build,compute,0.00441831599983,1,8290479209,180276359,2.17449865629,21993253210,35641863254,0.617062386814,9,0,0,0,0,0,0,0,0,0,0,0
28,cn2449,vertex_numbering_local,compute,0.0346810410001,1,8300815793,180477861,2.17421835999,22017858477,35705775797,0.616646970568,8,0,0,0,0,0,0,8,0,0,0,0
28,cn2449,vertex_count_pre_collective_wait,synchronization,11.244718265,1,20950078792,180251046,0.860383618552,46947843404,60342079978,0.778028258574,63,0,0,0,0,0,0,182,0,0,0,0
28,cn2449,vertex_count_allgather,communication,0.000341164000019,1,8289747834,180242993,2.17428800742,21991704372,35632555575,0.617180104461,31,0,0,0,0,0,0,0,1,1,4,128
28,cn2449,element_count_pre_collective_wait,synchronization,0.00210618699975,1,8291895765,180242581,2.17371981159,21995942779,35636716318,0.617226979689,1,0,0,0,0,0,0,0,0,0,0,0
28,cn2449,element_count_allgather,communication,0.000569127999825,1,8290220699,180242733,2.17416085222,21992639447,35633454248,0.617190780718,3,0,0,0,0,0,0,0,1,1,4,128
28,cn2449,vertex_exchange_prepare,compute,6.10010001765e-05,1,8289648280,180242388,2.17430682113,21991511596,35632304669,0.617179040208,13,0,0,0,0,0,0,0,0,0,0,0
28,cn2449,vertex_exchange,communication,0.00640584200028,1,8298420755,180259090,2.17220957242,22008910823,35645323357,0.617441749723,91,0,0,0,0,0,0,0,3,1,324214,20614
28,cn2449,vertex_exchange_unpack,compute,0.000647748000119,1,8289766436,180244869,2.17430575869,21991789096,35633079964,0.617173399499,308,0,0,0,0,0,0,0,0,0,0,0
28,cn2449,partition_result_io,io,0,0,0,0,0,0,0,0,0,0,0,0,0,0,0,0,0,0,0,0
28,cn2449,volume_exchange_pack,compute,0.482648954,2,16870350113,364617607,2.16129247205,44808148444,72306319111,0.619698928045,2682,0,0,0,0,0,0,1,0,0,0,0
28,cn2449,volume_size_exchange,communication,0.0263826150003,1,8319054592,180242601,2.16662361097,22049582791,35690140788,0.617805990791,2,0,0,0,0,0,0,0,3,3,12,12
28,cn2449,volume_payload_prepare,compute,0.000434265999957,1,8289648245,180243921,2.17432532326,21991741492,35632930200,0.617174657503,152,0,0,0,0,0,0,0,0,0,0,0
28,cn2449,volume_payload_exchange,communication,0.08419009,1,8381385568,180258590,2.15070155808,22172464114,35812914827,0.619119226154,40,0,0,0,0,0,0,0,3,3,3701640,3698760
28,cn2449,volume_exchange_unpack,compute,0.397562653,1,8536381095,189809305,2.22353363665,22685234196,36409361725,0.623060474593,15668,0,0,0,0,0,0,1,0,0,0,0
28,cn2449,final_mesh_save,io,0,0,0,0,0,0,0,0,0,0,0,0,0,0,0,0,0,0,0,0
28,cn2449,testout_io,io,0,0,0,0,0,0,0,0,0,0,0,0,0,0,0,0,0,0,0,0
28,cn2449,final_count_exchange,communication,0,0,0,0,0,0,0,0,0,0,0,0,0,0,0,0,0,0,0,0
28,cn2449,quality_surface_compute,postprocess,0,0,0,0,0,0,0,0,0,0,0,0,0,0,0,0,0,0,0,0
28,cn2449,quality_reduce_pre_collective_wait,synchronization,0,0,0,0,0,0,0,0,0,0,0,0,0,0,0,0,0,0,0,0
28,cn2449,quality_reduce,communication,0,0,0,0,0,0,0,0,0,0,0,0,0,0,0,0,0,0,0,0
28,cn2449,quality_summary_io,io,0,0,0,0,0,0,0,0,0,0,0,0,0,0,0,0,0,0,0,0
28,cn2449,quality_volume_compute,postprocess,0,0,0,0,0,0,0,0,0,0,0,0,0,0,0,0,0,0,0,0
28,cn2449,quality_rank_io,io,0,0,0,0,0,0,0,0,0,0,0,0,0,0,0,0,0,0,0,0
29,cn2449,geometry_load,io,1.776956042,1,1407043367,21949068,1.55994253729,3316095763,3825361966,0.866871107224,6710,0,1035180,0,0,0,0,3,0,0,0,0
29,cn2449,coarse_local_size,setup,0.514806543,1,268040993,6290375,2.3467958873,632815733,904674950,0.699495142427,7778,0,0,0,0,0,131,66,0,0,0,0
29,cn2449,coarse_edge_mesh,setup,0.0138891369998,1,6253338,159468,2.55012602869,12800310,27069450,0.472869230812,509,0,0,0,0,0,0,0,0,0,0,0
29,cn2449,coarse_surface_mesh,setup,8.681645732,1,5672574972,159650245,2.81442282893,15307040049,18874133043,0.81100625995,17445,0,0,0,0,0,0,17,0,0,0,0
29,cn2449,coarse_volume_mesh,setup,15.187758936,1,5334348284,130477303,2.44598395255,13463281366,22376398622,0.601673289497,27069,0,0,0,0,0,86385,2888684,0,0,0,0
29,cn2449,coarse_mesh_save,io,0,0,0,0,0,0,0,0,0,0,0,0,0,0,0,0,0,0,0,0
29,cn2449,submesh_initialization,setup,0.000320283999827,1,4068497418,86279816,2.12068012181,11003961470,17884110746,0.615292626303,3,0,0,0,0,0,0,0,0,0,0,0
29,cn2449,metis_partition,compute,0.145348867,1,4151976754,91868393,2.21264227724,11198982468,18200634912,0.615307241871,183,0,0,0,0,0,0,0,0,0,0,0
29,cn2449,face_map_setup,compute,0.0082941859996,1,4071542035,86343304,2.12065363093,11011848120,17901407592,0.615138673504,211,0,0,0,0,0,0,0,0,0,0,0
29,cn2449,face_local_extract,compute,0.165480023,1,4129838454,88446613,2.14164825053,11167887339,18243352551,0.612162008478,734,0,0,0,0,0,0,1,0,0,0,0
29,cn2449,face_pre_collective_wait,synchronization,0.0236624409999,1,4095016046,86275603,2.10684407658,11056359080,17935801184,0.616440769307,0,0,0,0,0,0,0,0,0,0,0,0
29,cn2449,face_collective_setup,compute,0.000218802999825,1,4068414361,86276278,2.12063645304,11003815552,17884078992,0.615285559683,16,0,0,0,0,0,0,0,0,0,0,0
29,cn2449,face_allgatherv,communication,0.068950116,1,4199269531,86711211,2.06491177477,11258711913,18028433975,0.624497498153,1353,0,0,0,0,0,1,0,1,1,151800,4859624
29,cn2449,face_global_merge,compute,0.0840667279999,1,4086658434,87149053,2.13252598443,11048318756,18066585073,0.61153332029,388,0,0,0,0,0,0,0,0,0,0,0
29,cn2449,part_face_create,compute,0.0198954520001,1,4072954422,86461287,2.12281498985,11014370564,17927141675,0.614396358532,3,0,0,0,0,0,0,0,0,0,0,0
29,cn2449,surface_refine,compute,0.0227925699996,1,4076022244,86574118,2.12398541562,11019474210,17933186693,0.614473846653,36,0,0,0,0,0,0,0,0,0,0,0
29,cn2449,refined_surface_save,io,0,0,0,0,0,0,0,0,0,0,0,0,0,0,0,0,0,0,0,0
29,cn2449,local_volume_mesh,compute,17.997800768,1,10314517879,238948303,2.31662115286,27994016542,45778921729,0.611504497806,10544,0,0,0,0,0,82100,3040412,0,0,0,0
29,cn2449,volume_refine,compute,1.514012141,1,10763615452,257796167,2.39507039386,28849874335,48770919509,0.591538454174,8697,0,0,0,0,0,0,10,0,0,0,0
29,cn2449,refined_volume_save,io,0,0,0,0,0,0,0,0,0,0,0,0,0,0,0,0,0,0,0,0
29,cn2449,adjacency_build,compute,0.00407053199979,1,10315354897,238983791,2.31677720627,27995765404,45787772962,0.611424482847,8,0,0,0,0,0,0,0,0,0,0,0
29,cn2449,vertex_numbering_local,compute,0.0244236099998,1,10325382193,239269759,2.31729687606,28020128083,45830803784,0.611381991358,244,0,0,0,0,0,0,0,0,0,0,0
29,cn2449,vertex_count_pre_collective_wait,synchronization,10.062900906,1,21612307329,238962244,1.10567668858,50260726177,67899290155,0.740224618877,28,0,0,0,0,0,0,58,0,0,0,0
29,cn2449,vertex_count_allgather,communication,0.000490586000069,1,10314674011,238949251,2.31659527723,27994322705,45779350137,0.611505463079,50,0,0,0,0,0,0,0,1,1,4,128
29,cn2449,element_count_pre_collective_wait,synchronization,0.002146627,1,10316775887,238948527,2.31611629076,27998466906,45783483487,0.611540773518,0,0,0,0,0,0,0,0,0,0,0,0
29,cn2449,element_count_allgather,communication,0.000675768000292,1,10315226954,238948513,2.31646394273,27995414801,45780324136,0.611516308138,1,0,0,0,0,0,0,0,1,1,4,128
29,cn2449,vertex_exchange_prepare,compute,0.000403864999953,1,10314518987,238948409,2.31662193168,27994035825,45779064098,0.611503017298,68,0,0,0,0,0,0,0,0,0,0,0
29,cn2449,vertex_exchange,communication,0.0058424140002,1,10323007607,238974729,2.31497193548,28010634286,45790548697,0.611712134557,64,0,0,0,0,0,0,0,0,3,0,392502
29,cn2449,vertex_exchange_unpack,compute,0.00588589500012,1,10316718173,238989650,2.31652785307,27999340445,45791834126,0.611448328712,0,0,0,0,0,0,0,0,0,0,0,0
29,cn2449,partition_result_io,io,0,0,0,0,0,0,0,0,0,0,0,0,0,0,0,0,0,0,0,0
29,cn2449,volume_exchange_pack,compute,0.478958026,2,20881475295,481862422,2.30760717427,56700751353,92591806422,0.612373314055,1788,0,0,0,0,0,0,1,0,0,0,0
29,cn2449,volume_size_exchange,communication,7.74009999986e-05,1,10314522318,238948837,2.31662533303,27994024693,45778988671,0.611503781662,3,0,0,0,0,0,0,0,3,3,12,12
29,cn2449,volume_payload_prepare,compute,0.000284082999769,1,10314519254,238948374,2.31662153238,27994164630,45779268223,0.611503104279,34,0,0,0,0,0,0,0,0,0,0,0
29,cn2449,volume_payload_exchange,communication,0.105835905,1,10429536977,238969734,2.29127845778,28221032500,46004432667,0.613441593863,498,0,0,0,0,0,1,3,3,3,4223400,4232640
29,cn2449,volume_exchange_unpack,compute,0.340392926,1,10515041495,245896886,2.33852511297,28551402617,46434762234,0.614871299935,15072,0,0,0,0,0,0,12,0,0,0,0
29,cn2449,final_mesh_save,io,0,0,0,0,0,0,0,0,0,0,0,0,0,0,0,0,0,0,0,0
29,cn2449,testout_io,io,0,0,0,0,0,0,0,0,0,0,0,0,0,0,0,0,0,0,0,0
29,cn2449,final_count_exchange,communication,0,0,0,0,0,0,0,0,0,0,0,0,0,0,0,0,0,0,0,0
29,cn2449,quality_surface_compute,postprocess,0,0,0,0,0,0,0,0,0,0,0,0,0,0,0,0,0,0,0,0
29,cn2449,quality_reduce_pre_collective_wait,synchronization,0,0,0,0,0,0,0,0,0,0,0,0,0,0,0,0,0,0,0,0
29,cn2449,quality_reduce,communication,0,0,0,0,0,0,0,0,0,0,0,0,0,0,0,0,0,0,0,0
29,cn2449,quality_summary_io,io,0,0,0,0,0,0,0,0,0,0,0,0,0,0,0,0,0,0,0,0
29,cn2449,quality_volume_compute,postprocess,0,0,0,0,0,0,0,0,0,0,0,0,0,0,0,0,0,0,0,0
29,cn2449,quality_rank_io,io,0,0,0,0,0,0,0,0,0,0,0,0,0,0,0,0,0,0,0,0
30,cn2449,geometry_load,io,1.753992011,1,1399227115,21997121,1.57209081815,3315983278,3778719320,0.877541568237,6708,0,1035180,0,0,0,0,4,0,0,0,0
30,cn2449,coarse_local_size,setup,0.512066408,1,266423305,6244575,2.34385464139,632240857,899569143,0.702826305148,7867,0,0,0,0,0,127,52,0,0,0,0
30,cn2449,coarse_edge_mesh,setup,0.0141715599998,1,6334024,171805,2.71241473035,12805709,27586342,0.464204677808,529,0,0,0,0,0,0,0,0,0,0,0
30,cn2449,coarse_surface_mesh,setup,8.791896433,1,5677407192,163701393,2.88338298565,15314909299,19113703938,0.801252826175,19175,0,0,0,0,0,0,18,0,0,0,0
30,cn2449,coarse_volume_mesh,setup,14.925099398,1,5310840658,126651112,2.38476580556,13414033573,22474491653,0.59685592805,29029,0,0,0,0,0,82786,2699212,0,0,0,0
30,cn2449,coarse_mesh_save,io,0,0,0,0,0,0,0,0,0,0,0,0,0,0,0,0,0,0,0,0
30,cn2449,submesh_initialization,setup,0.000191922999875,1,4676934226,114415603,2.44638041655,11631040368,19769502731,0.588332469777,59,0,0,0,0,0,0,0,0,0,0,0
30,cn2449,metis_partition,compute,0.151529406,1,4760892149,120041928,2.521416664,11826058063,20096082463,0.58847579297,1737,0,0,0,0,0,0,0,0,0,0,0
30,cn2449,face_map_setup,compute,0.00873841099974,1,4680011950,114484129,2.44623582639,11638935429,19786145846,0.588236613618,1135,0,0,0,0,0,0,0,0,0,0,0
30,cn2449,face_local_extract,compute,0.173219461,1,4738319357,116599158,2.46077035369,11794967506,20145570790,0.585486885874,977,0,0,0,0,0,0,1,0,0,0,0
30,cn2449,face_pre_collective_wait,synchronization,0.00968346299987,1,4687786433,114593078,2.44450295759,11652497576,19790438431,0.58879431179,13,0,0,0,0,0,0,0,0,0,0,0
30,cn2449,face_collective_setup,compute,0.000111002000267,1,4676853965,114411944,2.44634416332,11630894634,19769367355,0.588329126833,16,0,0,0,0,0,0,0,0,0,0,0
30,cn2449,face_allgatherv,communication,0.0687781739998,1,4807422006,115081328,2.3938262099,11885230777,19913744810,0.596835547025,1357,0,0,0,0,0,1,1,1,1,151800,4859624
30,cn2449,face_global_merge,compute,0.0852027619999,1,4695163643,115260433,2.4548757352,11675397867,19953837258,0.585120431526,675,0,0,0,0,0,0,0,0,0,0,0
30,cn2449,part_face_create,compute,0.021058027,1,4681492637,114589100,2.44770437305,11641677775,19814854951,0.587522735028,38,0,0,0,0,0,0,0,0,0,0,0
30,cn2449,surface_refine,compute,0.0281387570003,1,4686724449,114726483,2.44790331176,11651223878,19830538155,0.58753947003,25,0,0,0,0,0,0,0,0,0,0,0
30,cn2449,refined_surface_save,io,0,0,0,0,0,0,0,0,0,0,0,0,0,0,0,0,0,0,0,0
30,cn2449,local_volume_mesh,compute,21.058239562,1,12079966742,300636236,2.48871741472,31734063585,54750661369,0.579610598146,26630,0,0,0,0,0,86559,2934376,0,0,0,0
30,cn2449,volume_refine,compute,1.682854727,1,8731586873,210052400,2.40566122808,21766748345,37636424700,0.57834261672,10496,0,0,0,0,0,0,4,0,0,0,0
30,cn2449,refined_volume_save,io,0,0,0,0,0,0,0,0,0,0,0,0,0,0,0,0,0,0,0,0
30,cn2449,adjacency_build,compute,0.00389374900033,1,8184646070,188904071,2.30802980831,20705270074,34286036780,0.603898030176,8,0,0,0,0,0,0,0,0,0,0,0
30,cn2449,vertex_numbering_local,compute,0.0245176510002,1,8193805175,189097582,2.3078115474,20727254829,34330400512,0.603758025536,114,0,0,0,0,0,0,0,0,0,0,0
30,cn2449,vertex_count_pre_collective_wait,synchronization,6.826793999,1,15995544282,253389030,1.58412258772,36034958254,49283413527,0.731178213422,67,0,0,0,0,0,0,10,0,0,0,0
30,cn2449,vertex_count_allgather,communication,0.000463985999886,1,8184246455,188872605,2.30775803293,20704361097,34278366423,0.604006644935,33,0,0,0,0,0,0,0,1,1,4,128
30,cn2449,element_count_pre_collective_wait,synchronization,0.00199416499981,1,8186017451,188886886,2.30743321927,20707853949,34281744623,0.604049011412,4,0,0,0,0,0,0,0,0,0,0,0
30,cn2449,element_count_allgather,communication,0.000714489000075,1,8184473448,188874278,2.30771446935,20704808903,34278801845,0.604012036261,42,0,0,0,0,0,0,0,1,1,4,128
30,cn2449,vertex_exchange_prepare,compute,0.000145701999827,1,8183870652,188868967,2.30781955179,20703630635,34277602176,0.60399880157,40,0,0,0,0,0,0,0,0,0,0,0
30,cn2449,vertex_exchange,communication,0.00365366699998,1,8189520455,188904994,2.30666734442,20714790290,34284891769,0.60419587816,106,0,0,0,0,0,0,0,3,3,96536,204248
30,cn2449,vertex_exchange_unpack,compute,0.00502796399996,1,8185047893,188891942,2.30776831693,20706449122,34285018148,0.60395036201,1901,0,0,0,0,0,0,0,0,0,0,0
30,cn2449,partition_result_io,io,0,0,0,0,0,0,0,0,0,0,0,0,0,0,0,0,0,0,0,0
30,cn2449,volume_exchange_pack,compute,0.503089234,2,16648004338,382811060,2.29944113557,42205175725,69641122728,0.606038129078,2866,0,0,0,0,0,0,2,0,0,0,0
30,cn2449,volume_size_exchange,communication,0.0818421199997,1,8277079709,189641127,2.29115984946,20887068687,34457371343,0.606171274038,3,0,0,0,0,0,0,0,4,4,16,16
30,cn2449,volume_payload_prepare,compute,0.000289223999971,1,8183870716,188868945,2.30781926492,20703767088,34277955092,0.603996563752,34,0,0,0,0,0,0,0,0,0,0,0
30,cn2449,volume_payload_exchange,communication,0.00365596599977,1,8185193674,188891969,2.30772754468,20706310614,34281466398,0.604008894299,228,0,0,0,0,0,0,0,4,4,3190320,3199440
30,cn2449,volume_exchange_unpack,compute,0.360769985,1,8416853413,194970902,2.31643456804,21348664868,34985887288,0.610207901611,12729,0,0,0,0,0,0,1,0,0,0,0
30,cn2449,final_mesh_save,io,0,0,0,0,0,0,0,0,0,0,0,0,0,0,0,0,0,0,0,0
30,cn2449,testout_io,io,0,0,0,0,0,0,0,0,0,0,0,0,0,0,0,0,0,0,0,0
30,cn2449,final_count_exchange,communication,0,0,0,0,0,0,0,0,0,0,0,0,0,0,0,0,0,0,0,0
30,cn2449,quality_surface_compute,postprocess,0,0,0,0,0,0,0,0,0,0,0,0,0,0,0,0,0,0,0,0
30,cn2449,quality_reduce_pre_collective_wait,synchronization,0,0,0,0,0,0,0,0,0,0,0,0,0,0,0,0,0,0,0,0
30,cn2449,quality_reduce,communication,0,0,0,0,0,0,0,0,0,0,0,0,0,0,0,0,0,0,0,0
30,cn2449,quality_summary_io,io,0,0,0,0,0,0,0,0,0,0,0,0,0,0,0,0,0,0,0,0
30,cn2449,quality_volume_compute,postprocess,0,0,0,0,0,0,0,0,0,0,0,0,0,0,0,0,0,0,0,0
30,cn2449,quality_rank_io,io,0,0,0,0,0,0,0,0,0,0,0,0,0,0,0,0,0,0,0,0
31,cn2449,geometry_load,io,1.756589564,1,1398848263,22828366,1.63194011844,3316148105,3782251062,0.876765727774,6710,0,1035180,0,0,0,0,2,0,0,0,0
31,cn2449,coarse_local_size,setup,0.503715961,1,266175315,6101729,2.29237222843,632563352,893594981,0.707885972336,7595,0,0,0,0,0,125,116,0,0,0,0
31,cn2449,coarse_edge_mesh,setup,0.0139293770003,1,6260375,165849,2.64918635066,12800991,27469167,0.466013075679,486,0,0,0,0,0,0,0,0,0,0,0
31,cn2449,coarse_surface_mesh,setup,8.727312113,1,5671027089,162572951,2.86672852111,15312674143,19000653819,0.805902485718,12708,0,0,0,0,0,0,8,0,0,0,0
31,cn2449,coarse_volume_mesh,setup,15.083998597,1,5291395189,125006613,2.36245089499,13382126543,22337320447,0.599092741439,21169,0,0,0,0,0,85867,2758898,0,0,0,0
31,cn2449,coarse_mesh_save,io,0,0,0,0,0,0,0,0,0,0,0,0,0,0,0,0,0,0,0,0
31,cn2449,submesh_initialization,setup,0.000147581999954,1,3169592117,64943633,2.04895868625,8596686841,14116315829,0.608989409499,2,0,0,0,0,0,0,0,0,0,0,0
31,cn2449,metis_partition,compute,0.150919278,1,3252975104,70553832,2.16890168982,8791708466,14444551826,0.608652215168,256,0,0,0,0,0,1,0,0,0,0,0
31,cn2449,face_map_setup,compute,0.00782127999992,1,3172647566,65008437,2.04902800099,8604578560,14132619711,0.608845262659,214,0,0,0,0,0,0,0,0,0,0,0
31,cn2449,face_local_extract,compute,0.171388378,1,3231008486,67100676,2.07677188998,8760634259,14489107356,0.604635885686,695,0,0,0,0,0,0,0,0,0,0,0
31,cn2449,face_pre_collective_wait,synchronization,0.0132050879997,1,3184476149,65064116,2.04316543619,8626155647,14145031154,0.609836454447,2,0,0,0,0,0,0,0,0,0,0,0
31,cn2449,face_collective_setup,compute,0.000105722000171,1,3169512519,64940244,2.0489032181,8596541018,14116164432,0.608985610745,16,0,0,0,0,0,0,0,0,0,0,0
31,cn2449,face_allgatherv,communication,0.0686199919996,1,3300598669,65543417,1.9858038972,8851981950,14261582882,0.620687200239,1224,0,0,0,0,0,1,0,1,1,153824,4859624
31,cn2449,face_global_merge,compute,0.0846320760002,1,3187779748,65786358,2.06370462204,8641044101,14300516449,0.604246995681,226,0,0,0,0,0,0,0,0,0,0,0
31,cn2449,part_face_create,compute,0.020650423,1,3174107901,65120367,2.05161163486,8607277821,14160788777,0.60782474455,4,0,0,0,0,0,0,0,0,0,0,0
31,cn2449,surface_refine,compute,0.0281164369999,1,3179001318,65275601,2.05333670768,8616171768,14177275474,0.60774524582,34,0,0,0,0,0,0,0,0,0,0,0
31,cn2449,refined_surface_save,io,0,0,0,0,0,0,0,0,0,0,0,0,0,0,0,0,0,0,0,0
31,cn2449,local_volume_mesh,compute,18.781914073,1,10269784983,204766694,1.9938751818,27556046505,43441582696,0.634324184223,11079,0,0,0,0,0,82939,3190019,0,0,0,0
31,cn2449,volume_refine,compute,2.007817596,1,10064822824,220549308,2.19128852894,26585161761,44454464567,0.598031311814,9649,0,0,0,0,0,0,2,0,0,0,0
31,cn2449,refined_volume_save,io,0,0,0,0,0,0,0,0,0,0,0,0,0,0,0,0,0,0,0,0
31,cn2449,adjacency_build,compute,0.00358930499988,1,9439797541,193090193,2.04549082924,25372791670,40395328694,0.628112024096,9,0,0,0,0,0,0,0,0,0,0,0
31,cn2449,vertex_numbering_local,compute,0.020243897,1,9445355847,193237374,2.04584535649,25386201413,40431909670,0.627875398916,5,0,0,0,0,0,0,0,0,0,0,0
31,cn2449,vertex_count_pre_collective_wait,synchronization,8.783268463,1,19344985948,274499877,1.41897170532,44924841299,59694451734,0.7525798461,28,0,0,0,0,0,0,6,0,0,0,0
31,cn2449,vertex_count_allgather,communication,0.000397344999783,1,9439363980,193061764,2.04528360607,25371877237,40388197321,0.628200289192,16,0,0,0,0,0,0,0,1,1,4,128
31,cn2449,element_count_pre_collective_wait,synchronization,0.00167904099999,1,9440902826,193073875,2.04507851165,25374915953,40391127596,0.628229947101,0,0,0,0,0,0,0,0,0,0,0,0
31,cn2449,element_count_allgather,communication,0.000483526000153,1,9439633478,193066069,2.04527081957,25372409600,40388623250,0.628206845352,0,0,0,0,0,0,0,0,1,1,4,128
31,cn2449,vertex_exchange_prepare,compute,3.25200003317e-05,1,9439112272,193058841,2.04530717971,25371390547,40387639428,0.628196916342,0,0,0,0,0,0,0,0,0,0,0,0
31,cn2449,vertex_exchange,communication,0.00794864099998,1,9448070665,193157887,2.04441619722,25389058107,40404243735,0.628376025883,21,0,0,0,0,0,0,0,0,3,0,134134
31,cn2449,vertex_exchange_unpack,compute,0.00208342699989,1,9439876152,193073331,2.0452951701,25373231117,40392143708,0.628172431264,0,0,0,0,0,0,0,0,0,0,0,0
31,cn2449,partition_result_io,io,0,0,0,0,0,0,0,0,0,0,0,0,0,0,0,0,0,0,0,0
31,cn2449,volume_exchange_pack,compute,0.457066928,2,19192533336,389551486,2.02970331837,51642290051,81772151524,0.631538844075,612,0,0,0,0,0,0,1,0,0,0,0
31,cn2449,volume_size_exchange,communication,0.130454718,1,9585574212,194278519,2.02678018764,25661087612,40672281393,0.63092324141,3,0,0,0,0,0,0,1,3,3,12,12
31,cn2449,volume_payload_prepare,compute,0.00022256200009,1,9439112724,193058915,2.04530786574,25371415808,40387751545,0.62819579792,34,0,0,0,0,0,0,0,0,0,0,0
31,cn2449,volume_payload_exchange,communication,0.00367340599996,1,9440809704,193089392,2.04526304474,25374835518,40392447784,0.628207422677,237,0,0,0,0,0,1,0,3,3,1425840,1423320
31,cn2449,volume_exchange_unpack,compute,0.373801791,1,9699105891,198645723,2.04808283601,26106290331,41102570672,0.635149819201,17163,0,0,0,0,0,0,0,0,0,0,0
31,cn2449,final_mesh_save,io,0,0,0,0,0,0,0,0,0,0,0,0,0,0,0,0,0,0,0,0
31,cn2449,testout_io,io,0,0,0,0,0,0,0,0,0,0,0,0,0,0,0,0,0,0,0,0
31,cn2449,final_count_exchange,communication,0,0,0,0,0,0,0,0,0,0,0,0,0,0,0,0,0,0,0,0
31,cn2449,quality_surface_compute,postprocess,0,0,0,0,0,0,0,0,0,0,0,0,0,0,0,0,0,0,0,0
31,cn2449,quality_reduce_pre_collective_wait,synchronization,0,0,0,0,0,0,0,0,0,0,0,0,0,0,0,0,0,0,0,0
31,cn2449,quality_reduce,communication,0,0,0,0,0,0,0,0,0,0,0,0,0,0,0,0,0,0,0,0
31,cn2449,quality_summary_io,io,0,0,0,0,0,0,0,0,0,0,0,0,0,0,0,0,0,0,0,0
31,cn2449,quality_volume_compute,postprocess,0,0,0,0,0,0,0,0,0,0,0,0,0,0,0,0,0,0,0,0
31,cn2449,quality_rank_io,io,0,0,0,0,0,0,0,0,0,0,0,0,0,0,0,0,0,0,0,0
