rank,host,stage,category,time_s,calls,cache_references,cache_misses,cache_miss_rate_percent,instructions,cycles,ipc,minor_faults,major_faults,rchar_bytes,wchar_bytes,physical_read_bytes,physical_write_bytes,voluntary_context_switches,involuntary_context_switches,send_messages,receive_messages,send_bytes,receive_bytes
0,cn4335,geometry_load,io,1.774104486,1,0,0,0,0,0,0,6480,0,1035093,0,0,0,2,5,0,0,0,0
0,cn4335,coarse_local_size,setup,0.447434044,1,0,0,0,0,0,0,7164,0,0,0,0,0,106,52,0,0,0,0
0,cn4335,coarse_edge_mesh,setup,0.012678079,1,0,0,0,0,0,0,571,0,0,0,0,0,0,0,0,0,0,0
0,cn4335,coarse_surface_mesh,setup,8.187091819,1,0,0,0,0,0,0,11113,0,0,0,0,0,0,19,0,0,0,0
0,cn4335,coarse_volume_mesh,setup,14.187344769,1,0,0,0,0,0,0,32190,0,0,0,0,0,85707,2896268,0,0,0,0
0,cn4335,coarse_mesh_save,io,0,0,0,0,0,0,0,0,0,0,0,0,0,0,0,0,0,0,0,0
0,cn4335,submesh_initialization,setup,0.000124061000001,1,0,0,0,0,0,0,6,0,0,0,0,0,0,0,0,0,0,0
0,cn4335,metis_partition,compute,0.375109391,1,0,0,0,0,0,0,767,0,0,0,0,0,0,0,0,0,0,0
0,cn4335,face_map_setup,compute,0.007385161,1,0,0,0,0,0,0,226,0,0,0,0,0,0,0,0,0,0,0
0,cn4335,face_local_extract,compute,0.155550805,1,0,0,0,0,0,0,722,0,0,0,0,0,0,1,0,0,0,0
0,cn4335,face_pre_collective_wait,synchronization,0.074972782,1,0,0,0,0,0,0,1,0,0,0,0,0,0,0,0,0,0,0
0,cn4335,face_collective_setup,compute,0.000110761000002,1,0,0,0,0,0,0,15,0,0,0,0,0,0,0,0,0,0,0
0,cn4335,face_allgatherv,communication,0.108893274,1,0,0,0,0,0,0,835,0,0,0,0,0,0,0,1,1,18952,4859624
0,cn4335,face_global_merge,compute,0.078331179,1,0,0,0,0,0,0,404,0,0,0,0,0,0,0,0,0,0,0
0,cn4335,part_face_create,compute,0.019558674,1,0,0,0,0,0,0,3,0,0,0,0,0,0,0,0,0,0,0
0,cn4335,surface_refine,compute,0.005976546,1,0,0,0,0,0,0,3,0,0,0,0,0,0,0,0,0,0,0
0,cn4335,refined_surface_save,io,0,0,0,0,0,0,0,0,0,0,0,0,0,0,0,0,0,0,0,0
0,cn4335,local_volume_mesh,compute,6.000441651,1,0,0,0,0,0,0,2058,0,0,0,0,0,60722,1730660,0,0,0,0
0,cn4335,volume_refine,compute,0.212014804,1,0,0,0,0,0,0,6183,0,0,0,0,0,0,0,0,0,0,0
0,cn4335,refined_volume_save,io,0,0,0,0,0,0,0,0,0,0,0,0,0,0,0,0,0,0,0,0
0,cn4335,adjacency_build,compute,0.004824513,1,0,0,0,0,0,0,16,0,0,0,0,0,0,0,0,0,0,0
0,cn4335,vertex_numbering_local,compute,0.004258347,1,0,0,0,0,0,0,3,0,0,0,0,0,0,0,0,0,0,0
0,cn4335,vertex_count_allgather,communication,2.467497647,1,0,0,0,0,0,0,50,0,0,0,0,0,0,2,1,1,4,1024
0,cn4335,element_count_allgather,communication,0.007950607,1,0,0,0,0,0,0,0,0,0,0,0,0,0,0,1,1,4,1024
0,cn4335,vertex_exchange_prepare,compute,7.3200000017e-06,1,0,0,0,0,0,0,0,0,0,0,0,0,0,0,0,0,0,0
0,cn4335,vertex_exchange,communication,0.000497985999999,1,0,0,0,0,0,0,13,0,0,0,0,0,0,0,2,1,55836,352
0,cn4335,vertex_exchange_unpack,compute,1.66200000038e-05,1,0,0,0,0,0,0,0,0,0,0,0,0,0,0,0,0,0,0
0,cn4335,partition_result_io,io,0,0,0,0,0,0,0,0,0,0,0,0,0,0,0,0,0,0,0,0
0,cn4335,volume_exchange_pack,compute,0.051985569,2,0,0,0,0,0,0,2,0,0,0,0,0,0,1,0,0,0,0
0,cn4335,volume_size_exchange,communication,0.086157044,1,0,0,0,0,0,0,1,0,0,0,0,0,0,0,2,2,8,8
0,cn4335,volume_payload_prepare,compute,4.52210000006e-05,1,0,0,0,0,0,0,0,0,0,0,0,0,0,0,0,0,0,0
0,cn4335,volume_payload_exchange,communication,0.002460767,1,0,0,0,0,0,0,16,0,0,0,0,0,0,0,2,2,592320,594360
0,cn4335,volume_exchange_unpack,compute,0.038442801,1,0,0,0,0,0,0,0,0,0,0,0,0,0,0,0,0,0,0
0,cn4335,final_mesh_save,io,0,0,0,0,0,0,0,0,0,0,0,0,0,0,0,0,0,0,0,0
0,cn4335,testout_io,io,0,0,0,0,0,0,0,0,0,0,0,0,0,0,0,0,0,0,0,0
0,cn4335,final_count_exchange,communication,0,0,0,0,0,0,0,0,0,0,0,0,0,0,0,0,0,0,0,0
0,cn4335,quality_evaluation,postprocess,0,0,0,0,0,0,0,0,0,0,0,0,0,0,0,0,0,0,0,0
1,cn4336,geometry_load,io,1.767900643,1,0,0,0,0,0,0,6341,0,1035092,0,0,0,2,4,0,0,0,0
1,cn4336,coarse_local_size,setup,0.443418525,1,0,0,0,0,0,0,6796,0,0,0,0,0,80,19,0,0,0,0
1,cn4336,coarse_edge_mesh,setup,0.012763369,1,0,0,0,0,0,0,523,0,0,0,0,0,0,0,0,0,0,0
1,cn4336,coarse_surface_mesh,setup,8.212786459,1,0,0,0,0,0,0,11042,0,0,0,0,0,0,10,0,0,0,0
1,cn4336,coarse_volume_mesh,setup,13.353216841,1,0,0,0,0,0,0,33373,0,0,0,0,0,38821,1629616,0,0,0,0
1,cn4336,coarse_mesh_save,io,0,0,0,0,0,0,0,0,0,0,0,0,0,0,0,0,0,0,0,0
1,cn4336,submesh_initialization,setup,0.000125621999999,1,0,0,0,0,0,0,2,0,0,0,0,0,0,0,0,0,0,0
1,cn4336,metis_partition,compute,0.376211813,1,0,0,0,0,0,0,477,0,0,0,0,0,0,0,0,0,0,0
1,cn4336,face_map_setup,compute,0.007428278,1,0,0,0,0,0,0,236,0,0,0,0,0,0,0,0,0,0,0
1,cn4336,face_local_extract,compute,0.158501364,1,0,0,0,0,0,0,701,0,0,0,0,0,0,0,0,0,0,0
1,cn4336,face_pre_collective_wait,synchronization,0.070907561,1,0,0,0,0,0,0,1,0,0,0,0,0,0,0,0,0,0,0
1,cn4336,face_collective_setup,compute,0.000105781999999,1,0,0,0,0,0,0,16,0,0,0,0,0,0,0,0,0,0,0
1,cn4336,face_allgatherv,communication,0.108763983,1,0,0,0,0,0,0,648,0,0,0,0,0,0,0,1,1,18952,4859624
1,cn4336,face_global_merge,compute,0.080309026,1,0,0,0,0,0,0,447,0,0,0,0,0,0,1,0,0,0,0
1,cn4336,part_face_create,compute,0.019540699,1,0,0,0,0,0,0,3,0,0,0,0,0,0,0,0,0,0,0
1,cn4336,surface_refine,compute,0.006561567,1,0,0,0,0,0,0,38,0,0,0,0,0,0,0,0,0,0,0
1,cn4336,refined_surface_save,io,0,0,0,0,0,0,0,0,0,0,0,0,0,0,0,0,0,0,0,0
1,cn4336,local_volume_mesh,compute,6.714990019,1,0,0,0,0,0,0,2262,0,0,0,0,0,6215,296780,0,0,0,0
1,cn4336,volume_refine,compute,0.246124126,1,0,0,0,0,0,0,5356,0,0,0,0,0,0,1,0,0,0,0
1,cn4336,refined_volume_save,io,0,0,0,0,0,0,0,0,0,0,0,0,0,0,0,0,0,0,0,0
1,cn4336,adjacency_build,compute,0.004886005,1,0,0,0,0,0,0,6,0,0,0,0,0,0,0,0,0,0,0
1,cn4336,vertex_numbering_local,compute,0.00625150299999,1,0,0,0,0,0,0,4,0,0,0,0,0,0,0,0,0,0,0
1,cn4336,vertex_count_allgather,communication,1.714296612,1,0,0,0,0,0,0,50,0,0,0,0,0,0,1,1,1,4,1024
1,cn4336,element_count_allgather,communication,0.00790376400001,1,0,0,0,0,0,0,1,0,0,0,0,0,0,0,1,1,4,1024
1,cn4336,vertex_exchange_prepare,compute,1.35600000064e-05,1,0,0,0,0,0,0,0,0,0,0,0,0,0,0,0,0,0,0
1,cn4336,vertex_exchange,communication,0.011365491,1,0,0,0,0,0,0,226,0,0,0,0,0,0,0,4,3,85140,27610
1,cn4336,vertex_exchange_unpack,compute,0.000442386000003,1,0,0,0,0,0,0,0,0,0,0,0,0,0,0,0,0,0,0
1,cn4336,partition_result_io,io,0,0,0,0,0,0,0,0,0,0,0,0,0,0,0,0,0,0,0,0
1,cn4336,volume_exchange_pack,compute,0.078505942,2,0,0,0,0,0,0,1,0,0,0,0,0,0,0,0,0,0,0
1,cn4336,volume_size_exchange,communication,0.048149879,1,0,0,0,0,0,0,8,0,0,0,0,0,0,0,4,4,16,16
1,cn4336,volume_payload_prepare,compute,8.66409999958e-05,1,0,0,0,0,0,0,0,0,0,0,0,0,0,0,0,0,0,0
1,cn4336,volume_payload_exchange,communication,0.002373232,1,0,0,0,0,0,0,28,0,0,0,0,0,0,0,4,4,1179960,1175280
1,cn4336,volume_exchange_unpack,compute,0.055837181,1,0,0,0,0,0,0,114,0,0,0,0,0,0,1,0,0,0,0
1,cn4336,final_mesh_save,io,0,0,0,0,0,0,0,0,0,0,0,0,0,0,0,0,0,0,0,0
1,cn4336,testout_io,io,0,0,0,0,0,0,0,0,0,0,0,0,0,0,0,0,0,0,0,0
1,cn4336,final_count_exchange,communication,0,0,0,0,0,0,0,0,0,0,0,0,0,0,0,0,0,0,0,0
1,cn4336,quality_evaluation,postprocess,0,0,0,0,0,0,0,0,0,0,0,0,0,0,0,0,0,0,0,0
2,cn4337,geometry_load,io,1.727693159,1,0,0,0,0,0,0,6367,0,1035092,0,0,0,2,4,0,0,0,0
2,cn4337,coarse_local_size,setup,0.461178609,1,0,0,0,0,0,0,7572,0,0,0,0,0,109,20,0,0,0,0
2,cn4337,coarse_edge_mesh,setup,0.012559628,1,0,0,0,0,0,0,577,0,0,0,0,0,0,0,0,0,0,0
2,cn4337,coarse_surface_mesh,setup,8.122660005,1,0,0,0,0,0,0,9501,0,0,0,0,0,0,10,0,0,0,0
2,cn4337,coarse_volume_mesh,setup,13.492942055,1,0,0,0,0,0,0,24398,0,0,0,0,0,38475,1724828,0,0,0,0
2,cn4337,coarse_mesh_save,io,0,0,0,0,0,0,0,0,0,0,0,0,0,0,0,0,0,0,0,0
2,cn4337,submesh_initialization,setup,0.000121002,1,0,0,0,0,0,0,4,0,0,0,0,0,0,0,0,0,0,0
2,cn4337,metis_partition,compute,0.370513187,1,0,0,0,0,0,0,359,0,0,0,0,0,0,1,0,0,0,0
2,cn4337,face_map_setup,compute,0.007171548,1,0,0,0,0,0,0,466,0,0,0,0,0,0,0,0,0,0,0
2,cn4337,face_local_extract,compute,0.184991779,1,0,0,0,0,0,0,132,0,0,0,0,0,0,0,0,0,0,0
2,cn4337,face_pre_collective_wait,synchronization,0.050338556,1,0,0,0,0,0,0,1,0,0,0,0,0,0,0,0,0,0,0
2,cn4337,face_collective_setup,compute,0.000104922000006,1,0,0,0,0,0,0,12,0,0,0,0,0,0,0,0,0,0,0
2,cn4337,face_allgatherv,communication,0.108648792,1,0,0,0,0,0,0,47,0,0,0,0,0,0,0,1,1,18952,4859624
2,cn4337,face_global_merge,compute,0.073295161,1,0,0,0,0,0,0,0,0,0,0,0,0,0,0,0,0,0,0
2,cn4337,part_face_create,compute,0.018329696,1,0,0,0,0,0,0,3,0,0,0,0,0,0,0,0,0,0,0
2,cn4337,surface_refine,compute,0.00597573,1,0,0,0,0,0,0,1,0,0,0,0,0,0,0,0,0,0,0
2,cn4337,refined_surface_save,io,0,0,0,0,0,0,0,0,0,0,0,0,0,0,0,0,0,0,0,0
2,cn4337,local_volume_mesh,compute,6.727533263,1,0,0,0,0,0,0,544,0,0,0,0,0,13517,449561,0,0,0,0
2,cn4337,volume_refine,compute,0.204853358,1,0,0,0,0,0,0,4623,0,0,0,0,0,0,0,0,0,0,0
2,cn4337,refined_volume_save,io,0,0,0,0,0,0,0,0,0,0,0,0,0,0,0,0,0,0,0,0
2,cn4337,adjacency_build,compute,0.00466965,1,0,0,0,0,0,0,0,0,0,0,0,0,0,0,0,0,0,0
2,cn4337,vertex_numbering_local,compute,0.00798255999999,1,0,0,0,0,0,0,1,0,0,0,0,0,0,0,0,0,0,0
2,cn4337,vertex_count_allgather,communication,1.750783766,1,0,0,0,0,0,0,101,0,0,0,0,0,0,2,1,1,4,1024
2,cn4337,element_count_allgather,communication,0.007825238,1,0,0,0,0,0,0,2,0,0,0,0,0,0,0,1,1,4,1024
2,cn4337,vertex_exchange_prepare,compute,5.62610000046e-05,1,0,0,0,0,0,0,29,0,0,0,0,0,0,0,0,0,0,0
2,cn4337,vertex_exchange,communication,0.01931881,1,0,0,0,0,0,0,357,0,0,0,0,0,0,0,7,9,121506,66550
2,cn4337,vertex_exchange_unpack,compute,0.000931653999999,1,0,0,0,0,0,0,4,0,0,0,0,0,0,0,0,0,0,0
2,cn4337,partition_result_io,io,0,0,0,0,0,0,0,0,0,0,0,0,0,0,0,0,0,0,0,0
2,cn4337,volume_exchange_pack,compute,0.118160456,2,0,0,0,0,0,0,1126,0,0,0,0,0,0,0,0,0,0,0
2,cn4337,volume_size_exchange,communication,4.54210000029e-05,1,0,0,0,0,0,0,0,0,0,0,0,0,0,0,8,8,32,32
2,cn4337,volume_payload_prepare,compute,0.000573108999994,1,0,0,0,0,0,0,334,0,0,0,0,0,0,0,0,0,0,0
2,cn4337,volume_payload_exchange,communication,0.001962129,1,0,0,0,0,0,0,23,0,0,0,0,0,0,0,8,8,1982760,1992960
2,cn4337,volume_exchange_unpack,compute,0.064737932,1,0,0,0,0,0,0,1346,0,0,0,0,0,0,0,0,0,0,0
2,cn4337,final_mesh_save,io,0,0,0,0,0,0,0,0,0,0,0,0,0,0,0,0,0,0,0,0
2,cn4337,testout_io,io,0,0,0,0,0,0,0,0,0,0,0,0,0,0,0,0,0,0,0,0
2,cn4337,final_count_exchange,communication,0,0,0,0,0,0,0,0,0,0,0,0,0,0,0,0,0,0,0,0
2,cn4337,quality_evaluation,postprocess,0,0,0,0,0,0,0,0,0,0,0,0,0,0,0,0,0,0,0,0
3,cn4338,geometry_load,io,1.752314254,1,0,0,0,0,0,0,6342,0,1035092,0,0,0,2,2,0,0,0,0
3,cn4338,coarse_local_size,setup,0.450490889,1,0,0,0,0,0,0,7535,0,0,0,0,0,80,21,0,0,0,0
3,cn4338,coarse_edge_mesh,setup,0.0127597,1,0,0,0,0,0,0,550,0,0,0,0,0,0,0,0,0,0,0
3,cn4338,coarse_surface_mesh,setup,8.205409987,1,0,0,0,0,0,0,11519,0,0,0,0,0,0,8,0,0,0,0
3,cn4338,coarse_volume_mesh,setup,13.4220976,1,0,0,0,0,0,0,25503,0,0,0,0,0,39959,1715749,0,0,0,0
3,cn4338,coarse_mesh_save,io,0,0,0,0,0,0,0,0,0,0,0,0,0,0,0,0,0,0,0,0
3,cn4338,submesh_initialization,setup,0.000120702000004,1,0,0,0,0,0,0,1,0,0,0,0,0,0,0,0,0,0,0
3,cn4338,metis_partition,compute,0.367542926,1,0,0,0,0,0,0,233,0,0,0,0,0,0,0,0,0,0,0
3,cn4338,face_map_setup,compute,0.006708325,1,0,0,0,0,0,0,17,0,0,0,0,0,0,0,0,0,0,0
3,cn4338,face_local_extract,compute,0.163175454,1,0,0,0,0,0,0,657,0,0,0,0,0,0,1,0,0,0,0
3,cn4338,face_pre_collective_wait,synchronization,0.075643872,1,0,0,0,0,0,0,1,0,0,0,0,0,0,0,0,0,0,0
3,cn4338,face_collective_setup,compute,0.000111761999996,1,0,0,0,0,0,0,16,0,0,0,0,0,0,0,0,0,0,0
3,cn4338,face_allgatherv,communication,0.109203114,1,0,0,0,0,0,0,926,0,0,0,0,0,0,0,1,1,18952,4859624
3,cn4338,face_global_merge,compute,0.073733168,1,0,0,0,0,0,0,0,0,0,0,0,0,0,0,0,0,0,0
3,cn4338,part_face_create,compute,0.018596254,1,0,0,0,0,0,0,3,0,0,0,0,0,0,0,0,0,0,0
3,cn4338,surface_refine,compute,0.005530149,1,0,0,0,0,0,0,22,0,0,0,0,0,0,0,0,0,0,0
3,cn4338,refined_surface_save,io,0,0,0,0,0,0,0,0,0,0,0,0,0,0,0,0,0,0,0,0
3,cn4338,local_volume_mesh,compute,6.55295681,1,0,0,0,0,0,0,723,0,0,0,0,0,15204,519949,0,0,0,0
3,cn4338,volume_refine,compute,0.199096266,1,0,0,0,0,0,0,4392,0,0,0,0,0,0,1,0,0,0,0
3,cn4338,refined_volume_save,io,0,0,0,0,0,0,0,0,0,0,0,0,0,0,0,0,0,0,0,0
3,cn4338,adjacency_build,compute,0.00445859600001,1,0,0,0,0,0,0,0,0,0,0,0,0,0,0,0,0,0,0
3,cn4338,vertex_numbering_local,compute,0.003773708,1,0,0,0,0,0,0,2,0,0,0,0,0,0,0,0,0,0,0
3,cn4338,vertex_count_allgather,communication,1.93477903,1,0,0,0,0,0,0,51,0,0,0,0,0,0,2,1,1,4,1024
3,cn4338,element_count_allgather,communication,0.0079325,1,0,0,0,0,0,0,0,0,0,0,0,0,0,0,1,1,4,1024
3,cn4338,vertex_exchange_prepare,compute,1.38600000028e-05,1,0,0,0,0,0,0,0,0,0,0,0,0,0,0,0,0,0,0
3,cn4338,vertex_exchange,communication,0.011380103,1,0,0,0,0,0,0,546,0,0,0,0,0,0,0,4,2,23958,21318
3,cn4338,vertex_exchange_unpack,compute,0.000311504000003,1,0,0,0,0,0,0,0,0,0,0,0,0,0,0,0,0,0,0
3,cn4338,partition_result_io,io,0,0,0,0,0,0,0,0,0,0,0,0,0,0,0,0,0,0,0,0
3,cn4338,volume_exchange_pack,compute,0.055310696,2,0,0,0,0,0,0,1,0,0,0,0,0,0,0,0,0,0,0
3,cn4338,volume_size_exchange,communication,0.071624222,1,0,0,0,0,0,0,9,0,0,0,0,0,0,0,3,3,12,12
3,cn4338,volume_payload_prepare,compute,3.79799999948e-05,1,0,0,0,0,0,0,0,0,0,0,0,0,0,0,0,0,0,0
3,cn4338,volume_payload_exchange,communication,0.002370509,1,0,0,0,0,0,0,10,0,0,0,0,0,0,0,3,3,462600,460800
3,cn4338,volume_exchange_unpack,compute,0.035172722,1,0,0,0,0,0,0,0,0,0,0,0,0,0,0,0,0,0,0
3,cn4338,final_mesh_save,io,0,0,0,0,0,0,0,0,0,0,0,0,0,0,0,0,0,0,0,0
3,cn4338,testout_io,io,0,0,0,0,0,0,0,0,0,0,0,0,0,0,0,0,0,0,0,0
3,cn4338,final_count_exchange,communication,0,0,0,0,0,0,0,0,0,0,0,0,0,0,0,0,0,0,0,0
3,cn4338,quality_evaluation,postprocess,0,0,0,0,0,0,0,0,0,0,0,0,0,0,0,0,0,0,0,0
4,cn4339,geometry_load,io,1.738770464,1,0,0,0,0,0,0,6319,0,1035092,0,0,0,2,4,0,0,0,0
4,cn4339,coarse_local_size,setup,0.459453382,1,0,0,0,0,0,0,7613,0,0,0,0,0,105,21,0,0,0,0
4,cn4339,coarse_edge_mesh,setup,0.012471624,1,0,0,0,0,0,0,551,0,0,0,0,0,0,0,0,0,0,0
4,cn4339,coarse_surface_mesh,setup,8.112322555,1,0,0,0,0,0,0,9617,0,0,0,0,0,0,11,0,0,0,0
4,cn4339,coarse_volume_mesh,setup,13.496331473,1,0,0,0,0,0,0,25543,0,0,0,0,0,38091,1747930,0,0,0,0
4,cn4339,coarse_mesh_save,io,0,0,0,0,0,0,0,0,0,0,0,0,0,0,0,0,0,0,0,0
4,cn4339,submesh_initialization,setup,0.000131020999994,1,0,0,0,0,0,0,8,0,0,0,0,0,0,0,0,0,0,0
4,cn4339,metis_partition,compute,0.366651801,1,0,0,0,0,0,0,326,0,0,0,0,0,0,0,0,0,0,0
4,cn4339,face_map_setup,compute,0.007178654,1,0,0,0,0,0,0,477,0,0,0,0,0,0,0,0,0,0,0
4,cn4339,face_local_extract,compute,0.160345528,1,0,0,0,0,0,0,646,0,0,0,0,0,0,0,0,0,0,0
4,cn4339,face_pre_collective_wait,synchronization,0.078843236,1,0,0,0,0,0,0,1,0,0,0,0,0,0,1,0,0,0,0
4,cn4339,face_collective_setup,compute,0.027475481,1,0,0,0,0,0,0,16,0,0,0,0,0,0,0,0,0,0,0
4,cn4339,face_allgatherv,communication,0.083542859,1,0,0,0,0,0,0,203,0,0,0,0,0,1,0,1,1,18952,4859624
4,cn4339,face_global_merge,compute,0.073570247,1,0,0,0,0,0,0,0,0,0,0,0,0,0,0,0,0,0,0
4,cn4339,part_face_create,compute,0.018359842,1,0,0,0,0,0,0,3,0,0,0,0,0,0,0,0,0,0,0
4,cn4339,surface_refine,compute,0.005525013,1,0,0,0,0,0,0,1,0,0,0,0,0,0,0,0,0,0,0
4,cn4339,refined_surface_save,io,0,0,0,0,0,0,0,0,0,0,0,0,0,0,0,0,0,0,0,0
4,cn4339,local_volume_mesh,compute,6.297857935,1,0,0,0,0,0,0,541,0,0,0,0,0,9637,339553,0,0,0,0
4,cn4339,volume_refine,compute,0.182604761,1,0,0,0,0,0,0,3609,0,0,0,0,0,0,0,0,0,0,0
4,cn4339,refined_volume_save,io,0,0,0,0,0,0,0,0,0,0,0,0,0,0,0,0,0,0,0,0
4,cn4339,adjacency_build,compute,0.00455644,1,0,0,0,0,0,0,0,0,0,0,0,0,0,0,0,0,0,0
4,cn4339,vertex_numbering_local,compute,0.007092453,1,0,0,0,0,0,0,1,0,0,0,0,0,0,0,0,0,0,0
4,cn4339,vertex_count_allgather,communication,2.201755233,1,0,0,0,0,0,0,131,0,0,0,0,0,0,3,1,1,4,1024
4,cn4339,element_count_allgather,communication,0.007857943,1,0,0,0,0,0,0,1,0,0,0,0,0,0,0,1,1,4,1024
4,cn4339,vertex_exchange_prepare,compute,4.55010000024e-05,1,0,0,0,0,0,0,22,0,0,0,0,0,0,0,0,0,0,0
4,cn4339,vertex_exchange,communication,0.019161952,1,0,0,0,0,0,0,417,0,0,0,0,0,0,0,10,7,129426,35662
4,cn4339,vertex_exchange_unpack,compute,0.000512767000004,1,0,0,0,0,0,0,7,0,0,0,0,0,0,0,0,0,0,0
4,cn4339,partition_result_io,io,0,0,0,0,0,0,0,0,0,0,0,0,0,0,0,0,0,0,0,0
4,cn4339,volume_exchange_pack,compute,0.079187181,2,0,0,0,0,0,0,827,0,0,0,0,0,0,0,0,0,0,0
4,cn4339,volume_size_exchange,communication,0.039667262,1,0,0,0,0,0,0,20,0,0,0,0,0,0,1,9,9,36,36
4,cn4339,volume_payload_prepare,compute,0.000237042999998,1,0,0,0,0,0,0,91,0,0,0,0,0,0,0,0,0,0,0
4,cn4339,volume_payload_exchange,communication,0.002315271,1,0,0,0,0,0,0,29,0,0,0,0,0,0,0,9,9,1737480,1743720
4,cn4339,volume_exchange_unpack,compute,0.056635985,1,0,0,0,0,0,0,585,0,0,0,0,0,0,0,0,0,0,0
4,cn4339,final_mesh_save,io,0,0,0,0,0,0,0,0,0,0,0,0,0,0,0,0,0,0,0,0
4,cn4339,testout_io,io,0,0,0,0,0,0,0,0,0,0,0,0,0,0,0,0,0,0,0,0
4,cn4339,final_count_exchange,communication,0,0,0,0,0,0,0,0,0,0,0,0,0,0,0,0,0,0,0,0
4,cn4339,quality_evaluation,postprocess,0,0,0,0,0,0,0,0,0,0,0,0,0,0,0,0,0,0,0,0
5,cn4340,geometry_load,io,1.756332275,1,0,0,0,0,0,0,5117,0,1035092,0,0,0,2,3,0,0,0,0
5,cn4340,coarse_local_size,setup,0.450765495,1,0,0,0,0,0,0,7449,0,0,0,0,0,100,20,0,0,0,0
5,cn4340,coarse_edge_mesh,setup,0.012432735,1,0,0,0,0,0,0,567,0,0,0,0,0,0,1,0,0,0,0
5,cn4340,coarse_surface_mesh,setup,8.016964892,1,0,0,0,0,0,0,8506,0,0,0,0,0,0,12,0,0,0,0
5,cn4340,coarse_volume_mesh,setup,13.510863618,1,0,0,0,0,0,0,28634,0,0,0,0,0,40113,1606721,0,0,0,0
5,cn4340,coarse_mesh_save,io,0,0,0,0,0,0,0,0,0,0,0,0,0,0,0,0,0,0,0,0
5,cn4340,submesh_initialization,setup,0.000128441999998,1,0,0,0,0,0,0,3,0,0,0,0,0,0,0,0,0,0,0
5,cn4340,metis_partition,compute,0.377020036,1,0,0,0,0,0,0,615,0,0,0,0,0,0,0,0,0,0,0
5,cn4340,face_map_setup,compute,0.00727263,1,0,0,0,0,0,0,224,0,0,0,0,0,0,0,0,0,0,0
5,cn4340,face_local_extract,compute,0.161002245,1,0,0,0,0,0,0,632,0,0,0,0,0,0,0,0,0,0,0
5,cn4340,face_pre_collective_wait,synchronization,0.067760224,1,0,0,0,0,0,0,1,0,0,0,0,0,0,0,0,0,0,0
5,cn4340,face_collective_setup,compute,0.000111961999998,1,0,0,0,0,0,0,16,0,0,0,0,0,0,0,0,0,0,0
5,cn4340,face_allgatherv,communication,0.112903966,1,0,0,0,0,0,0,1011,0,0,0,0,0,0,0,1,1,18952,4859624
5,cn4340,face_global_merge,compute,0.078895182,1,0,0,0,0,0,0,519,0,0,0,0,0,0,0,0,0,0,0
5,cn4340,part_face_create,compute,0.019407822,1,0,0,0,0,0,0,3,0,0,0,0,0,0,0,0,0,0,0
5,cn4340,surface_refine,compute,0.006244478,1,0,0,0,0,0,0,40,0,0,0,0,0,0,0,0,0,0,0
5,cn4340,refined_surface_save,io,0,0,0,0,0,0,0,0,0,0,0,0,0,0,0,0,0,0,0,0
5,cn4340,local_volume_mesh,compute,6.4664769,1,0,0,0,0,0,0,2007,0,0,0,0,0,9619,369960,0,0,0,0
5,cn4340,volume_refine,compute,0.209451088,1,0,0,0,0,0,0,4756,0,0,0,0,0,0,0,0,0,0,0
5,cn4340,refined_volume_save,io,0,0,0,0,0,0,0,0,0,0,0,0,0,0,0,0,0,0,0,0
5,cn4340,adjacency_build,compute,0.0048107,1,0,0,0,0,0,0,8,0,0,0,0,0,0,0,0,0,0,0
5,cn4340,vertex_numbering_local,compute,0.005375147,1,0,0,0,0,0,0,7,0,0,0,0,0,0,0,0,0,0,0
5,cn4340,vertex_count_allgather,communication,1.998166407,1,0,0,0,0,0,0,34,0,0,0,0,0,0,3,1,1,4,1024
5,cn4340,element_count_allgather,communication,0.007933219,1,0,0,0,0,0,0,0,0,0,0,0,0,0,0,1,1,4,1024
5,cn4340,vertex_exchange_prepare,compute,1.40400000035e-05,1,0,0,0,0,0,0,0,0,0,0,0,0,0,0,0,0,0,0
5,cn4340,vertex_exchange,communication,0.010341449,1,0,0,0,0,0,0,34,0,0,0,0,0,0,0,3,2,21648,67078
5,cn4340,vertex_exchange_unpack,compute,0.000982672999996,1,0,0,0,0,0,0,0,0,0,0,0,0,0,0,0,0,0,0
5,cn4340,partition_result_io,io,0,0,0,0,0,0,0,0,0,0,0,0,0,0,0,0,0,0,0,0
5,cn4340,volume_exchange_pack,compute,0.063854476,2,0,0,0,0,0,0,2,0,0,0,0,0,0,0,0,0,0,0
5,cn4340,volume_size_exchange,communication,0.034837194,1,0,0,0,0,0,0,1,0,0,0,0,0,0,0,4,4,16,16
5,cn4340,volume_payload_prepare,compute,7.11009999961e-05,1,0,0,0,0,0,0,0,0,0,0,0,0,0,0,0,0,0,0
5,cn4340,volume_payload_exchange,communication,0.02973569,1,0,0,0,0,0,0,14,0,0,0,0,0,0,0,4,4,936720,930360
5,cn4340,volume_exchange_unpack,compute,0.041369375,1,0,0,0,0,0,0,0,0,0,0,0,0,0,0,0,0,0,0
5,cn4340,final_mesh_save,io,0,0,0,0,0,0,0,0,0,0,0,0,0,0,0,0,0,0,0,0
5,cn4340,testout_io,io,0,0,0,0,0,0,0,0,0,0,0,0,0,0,0,0,0,0,0,0
5,cn4340,final_count_exchange,communication,0,0,0,0,0,0,0,0,0,0,0,0,0,0,0,0,0,0,0,0
5,cn4340,quality_evaluation,postprocess,0,0,0,0,0,0,0,0,0,0,0,0,0,0,0,0,0,0,0,0
6,cn4341,geometry_load,io,1.723210318,1,0,0,0,0,0,0,6453,0,1035092,0,0,0,2,1,0,0,0,0
6,cn4341,coarse_local_size,setup,0.449499847,1,0,0,0,0,0,0,7595,0,0,0,0,0,83,21,0,0,0,0
6,cn4341,coarse_edge_mesh,setup,0.01261479,1,0,0,0,0,0,0,520,0,0,0,0,0,0,0,0,0,0,0
6,cn4341,coarse_surface_mesh,setup,8.137165742,1,0,0,0,0,0,0,11456,0,0,0,0,0,0,10,0,0,0,0
6,cn4341,coarse_volume_mesh,setup,13.294306767,1,0,0,0,0,0,0,24099,0,0,0,0,0,37583,1593795,0,0,0,0
6,cn4341,coarse_mesh_save,io,0,0,0,0,0,0,0,0,0,0,0,0,0,0,0,0,0,0,0,0
6,cn4341,submesh_initialization,setup,0.000115060999995,1,0,0,0,0,0,0,1,0,0,0,0,0,0,0,0,0,0,0
6,cn4341,metis_partition,compute,0.371275782,1,0,0,0,0,0,0,319,0,0,0,0,0,0,0,0,0,0,0
6,cn4341,face_map_setup,compute,0.00783472,1,0,0,0,0,0,0,956,0,0,0,0,0,0,0,0,0,0,0
6,cn4341,face_local_extract,compute,0.153695102,1,0,0,0,0,0,0,656,0,0,0,0,0,0,0,0,0,0,0
6,cn4341,face_pre_collective_wait,synchronization,0.080202466,1,0,0,0,0,0,0,1,0,0,0,0,0,0,0,0,0,0,0
6,cn4341,face_collective_setup,compute,0.000114341,1,0,0,0,0,0,0,13,0,0,0,0,0,0,0,0,0,0,0
6,cn4341,face_allgatherv,communication,0.113021764,1,0,0,0,0,0,0,1264,0,0,0,0,0,0,0,1,1,18952,4859624
6,cn4341,face_global_merge,compute,0.074730049,1,0,0,0,0,0,0,159,0,0,0,0,0,0,0,0,0,0,0
6,cn4341,part_face_create,compute,0.018999296,1,0,0,0,0,0,0,3,0,0,0,0,0,0,0,0,0,0,0
6,cn4341,surface_refine,compute,0.00608874300001,1,0,0,0,0,0,0,37,0,0,0,0,0,0,0,0,0,0,0
6,cn4341,refined_surface_save,io,0,0,0,0,0,0,0,0,0,0,0,0,0,0,0,0,0,0,0,0
6,cn4341,local_volume_mesh,compute,6.510647698,1,0,0,0,0,0,0,584,0,0,0,0,0,9035,323582,0,0,0,0
6,cn4341,volume_refine,compute,0.212073883,1,0,0,0,0,0,0,3596,0,0,0,0,0,0,0,0,0,0,0
6,cn4341,refined_volume_save,io,0,0,0,0,0,0,0,0,0,0,0,0,0,0,0,0,0,0,0,0
6,cn4341,adjacency_build,compute,0.004679988,1,0,0,0,0,0,0,0,0,0,0,0,0,0,0,0,0,0,0
6,cn4341,vertex_numbering_local,compute,0.0078267,1,0,0,0,0,0,0,1,0,0,0,0,0,0,0,0,0,0,0
6,cn4341,vertex_count_allgather,communication,1.953943974,1,0,0,0,0,0,0,103,0,0,0,0,0,0,3,1,1,4,1024
6,cn4341,element_count_allgather,communication,0.007856181,1,0,0,0,0,0,0,1,0,0,0,0,0,0,0,1,1,4,1024
6,cn4341,vertex_exchange_prepare,compute,4.24810000013e-05,1,0,0,0,0,0,0,20,0,0,0,0,0,0,0,0,0,0,0
6,cn4341,vertex_exchange,communication,0.02045043,1,0,0,0,0,0,0,364,0,0,0,0,0,0,0,11,6,125840,48268
6,cn4341,vertex_exchange_unpack,compute,0.000692528000002,1,0,0,0,0,0,0,4,0,0,0,0,0,0,0,0,0,0,0
6,cn4341,partition_result_io,io,0,0,0,0,0,0,0,0,0,0,0,0,0,0,0,0,0,0,0,0
6,cn4341,volume_exchange_pack,compute,0.093581743,2,0,0,0,0,0,0,627,0,0,0,0,0,0,0,0,0,0,0
6,cn4341,volume_size_exchange,communication,0.023671903,1,0,0,0,0,0,0,13,0,0,0,0,0,0,0,9,9,36,36
6,cn4341,volume_payload_prepare,compute,0.000471164000004,1,0,0,0,0,0,0,264,0,0,0,0,0,0,0,0,0,0,0
6,cn4341,volume_payload_exchange,communication,0.002080041,1,0,0,0,0,0,0,21,0,0,0,0,0,0,0,9,9,1833120,1839360
6,cn4341,volume_exchange_unpack,compute,0.06404856,1,0,0,0,0,0,0,1462,0,0,0,0,0,0,0,0,0,0,0
6,cn4341,final_mesh_save,io,0,0,0,0,0,0,0,0,0,0,0,0,0,0,0,0,0,0,0,0
6,cn4341,testout_io,io,0,0,0,0,0,0,0,0,0,0,0,0,0,0,0,0,0,0,0,0
6,cn4341,final_count_exchange,communication,0,0,0,0,0,0,0,0,0,0,0,0,0,0,0,0,0,0,0,0
6,cn4341,quality_evaluation,postprocess,0,0,0,0,0,0,0,0,0,0,0,0,0,0,0,0,0,0,0,0
7,cn4342,geometry_load,io,1.715528206,1,0,0,0,0,0,0,6471,0,1035092,0,0,0,2,16,0,0,0,0
7,cn4342,coarse_local_size,setup,0.590307414,1,0,0,0,0,0,0,7736,0,0,0,0,0,110,36,0,0,0,0
7,cn4342,coarse_edge_mesh,setup,0.012691079,1,0,0,0,0,0,0,523,0,0,0,0,0,0,0,0,0,0,0
7,cn4342,coarse_surface_mesh,setup,8.186828622,1,0,0,0,0,0,0,9650,0,0,0,0,0,2,70,0,0,0,0
7,cn4342,coarse_volume_mesh,setup,13.400778086,1,0,0,0,0,0,0,26153,0,0,0,0,0,39659,1709290,0,0,0,0
7,cn4342,coarse_mesh_save,io,0,0,0,0,0,0,0,0,0,0,0,0,0,0,0,0,0,0,0,0
7,cn4342,submesh_initialization,setup,0.000120521000007,1,0,0,0,0,0,0,1,0,0,0,0,0,0,0,0,0,0,0
7,cn4342,metis_partition,compute,0.37343153,1,0,0,0,0,0,0,244,0,0,0,0,0,0,3,0,0,0,0
7,cn4342,face_map_setup,compute,0.006711344,1,0,0,0,0,0,0,3,0,0,0,0,0,0,0,0,0,0,0
7,cn4342,face_local_extract,compute,0.161068143,1,0,0,0,0,0,0,646,0,0,0,0,0,0,1,0,0,0,0
7,cn4342,face_pre_collective_wait,synchronization,0.071847643,1,0,0,0,0,0,0,1,0,0,0,0,0,0,1,0,0,0,0
7,cn4342,face_collective_setup,compute,0.000115121,1,0,0,0,0,0,0,16,0,0,0,0,0,0,0,0,0,0,0
7,cn4342,face_allgatherv,communication,0.1146265,1,0,0,0,0,0,0,802,0,0,0,0,0,0,1,1,1,18952,4859624
7,cn4342,face_global_merge,compute,0.074709159,1,0,0,0,0,0,0,9,0,0,0,0,0,0,0,0,0,0,0
7,cn4342,part_face_create,compute,0.018375951,1,0,0,0,0,0,0,3,0,0,0,0,0,0,0,0,0,0,0
7,cn4342,surface_refine,compute,0.006232938,1,0,0,0,0,0,0,3,0,0,0,0,0,0,0,0,0,0,0
7,cn4342,refined_surface_save,io,0,0,0,0,0,0,0,0,0,0,0,0,0,0,0,0,0,0,0,0
7,cn4342,local_volume_mesh,compute,7.289072287,1,0,0,0,0,0,0,660,0,0,0,0,0,10657,430956,0,0,0,0
7,cn4342,volume_refine,compute,0.315997369,1,0,0,0,0,0,0,5263,0,0,0,0,0,0,2,0,0,0,0
7,cn4342,refined_volume_save,io,0,0,0,0,0,0,0,0,0,0,0,0,0,0,0,0,0,0,0,0
7,cn4342,adjacency_build,compute,0.004440095,1,0,0,0,0,0,0,0,0,0,0,0,0,0,0,0,0,0,0
7,cn4342,vertex_numbering_local,compute,0.005041184,1,0,0,0,0,0,0,2,0,0,0,0,0,0,0,0,0,0,0
7,cn4342,vertex_count_allgather,communication,1.073434302,1,0,0,0,0,0,0,50,0,0,0,0,0,0,9,1,1,4,1024
7,cn4342,element_count_allgather,communication,0.00791496,1,0,0,0,0,0,0,0,0,0,0,0,0,0,0,1,1,4,1024
7,cn4342,vertex_exchange_prepare,compute,1.43000000037e-05,1,0,0,0,0,0,0,0,0,0,0,0,0,0,0,0,0,0,0
7,cn4342,vertex_exchange,communication,0.00107529300001,1,0,0,0,0,0,0,226,0,0,0,0,0,0,0,3,1,27720,35178
7,cn4342,vertex_exchange_unpack,compute,0.000503246000001,1,0,0,0,0,0,0,0,0,0,0,0,0,0,0,0,0,0,0
7,cn4342,partition_result_io,io,0,0,0,0,0,0,0,0,0,0,0,0,0,0,0,0,0,0,0,0
7,cn4342,volume_exchange_pack,compute,0.084197037,2,0,0,0,0,0,0,2,0,0,0,0,0,0,1,0,0,0,0
7,cn4342,volume_size_exchange,communication,0.028881263,1,0,0,0,0,0,0,0,0,0,0,0,0,0,0,3,3,12,12
7,cn4342,volume_payload_prepare,compute,4.91409999981e-05,1,0,0,0,0,0,0,0,0,0,0,0,0,0,0,0,0,0,0
7,cn4342,volume_payload_exchange,communication,0.025170436,1,0,0,0,0,0,0,20,0,0,0,0,0,0,0,3,3,653520,654840
7,cn4342,volume_exchange_unpack,compute,0.056016124,1,0,0,0,0,0,0,893,0,0,0,0,0,0,1,0,0,0,0
7,cn4342,final_mesh_save,io,0,0,0,0,0,0,0,0,0,0,0,0,0,0,0,0,0,0,0,0
7,cn4342,testout_io,io,0,0,0,0,0,0,0,0,0,0,0,0,0,0,0,0,0,0,0,0
7,cn4342,final_count_exchange,communication,0,0,0,0,0,0,0,0,0,0,0,0,0,0,0,0,0,0,0,0
7,cn4342,quality_evaluation,postprocess,0,0,0,0,0,0,0,0,0,0,0,0,0,0,0,0,0,0,0,0
8,cn4343,geometry_load,io,1.73491888,1,0,0,0,0,0,0,6386,0,1035092,0,0,0,2,17,0,0,0,0
8,cn4343,coarse_local_size,setup,0.443185035,1,0,0,0,0,0,0,7314,0,0,0,0,0,80,20,0,0,0,0
8,cn4343,coarse_edge_mesh,setup,0.012552313,1,0,0,0,0,0,0,524,0,0,0,0,0,0,0,0,0,0,0
8,cn4343,coarse_surface_mesh,setup,8.141392926,1,0,0,0,0,0,0,9469,0,0,0,0,0,1,72,0,0,0,0
8,cn4343,coarse_volume_mesh,setup,13.223795732,1,0,0,0,0,0,0,23129,0,0,0,0,0,38390,1558808,0,0,0,0
8,cn4343,coarse_mesh_save,io,0,0,0,0,0,0,0,0,0,0,0,0,0,0,0,0,0,0,0,0
8,cn4343,submesh_initialization,setup,0.000143141999999,1,0,0,0,0,0,0,16,0,0,0,0,0,0,0,0,0,0,0
8,cn4343,metis_partition,compute,0.3633335,1,0,0,0,0,0,0,360,0,0,0,0,0,0,3,0,0,0,0
8,cn4343,face_map_setup,compute,0.007017726,1,0,0,0,0,0,0,310,0,0,0,0,0,0,0,0,0,0,0
8,cn4343,face_local_extract,compute,0.153381274,1,0,0,0,0,0,0,644,0,0,0,0,0,0,1,0,0,0,0
8,cn4343,face_pre_collective_wait,synchronization,0.089279771,1,0,0,0,0,0,0,1,0,0,0,0,0,0,1,0,0,0,0
8,cn4343,face_collective_setup,compute,0.000113102,1,0,0,0,0,0,0,13,0,0,0,0,0,0,0,0,0,0,0
8,cn4343,face_allgatherv,communication,0.114728222,1,0,0,0,0,0,0,1240,0,0,0,0,0,0,2,1,1,18952,4859624
8,cn4343,face_global_merge,compute,0.077065442,1,0,0,0,0,0,0,326,0,0,0,0,0,0,0,0,0,0,0
8,cn4343,part_face_create,compute,0.018400125,1,0,0,0,0,0,0,3,0,0,0,0,0,0,0,0,0,0,0
8,cn4343,surface_refine,compute,0.005960393,1,0,0,0,0,0,0,37,0,0,0,0,0,0,0,0,0,0,0
8,cn4343,refined_surface_save,io,0,0,0,0,0,0,0,0,0,0,0,0,0,0,0,0,0,0,0,0
8,cn4343,local_volume_mesh,compute,6.406505206,1,0,0,0,0,0,0,649,0,0,0,0,0,16483,613513,0,0,0,0
8,cn4343,volume_refine,compute,0.211374823,1,0,0,0,0,0,0,3269,0,0,0,0,0,0,1,0,0,0,0
8,cn4343,refined_volume_save,io,0,0,0,0,0,0,0,0,0,0,0,0,0,0,0,0,0,0,0,0
8,cn4343,adjacency_build,compute,0.004467214,1,0,0,0,0,0,0,0,0,0,0,0,0,0,0,0,0,0,0
8,cn4343,vertex_numbering_local,compute,0.00651796,1,0,0,0,0,0,0,1,0,0,0,0,0,0,0,0,0,0,0
8,cn4343,vertex_count_allgather,communication,2.057014436,1,0,0,0,0,0,0,103,0,0,0,0,0,0,18,1,1,4,1024
8,cn4343,element_count_allgather,communication,0.007905677,1,0,0,0,0,0,0,0,0,0,0,0,0,0,0,1,1,4,1024
8,cn4343,vertex_exchange_prepare,compute,2.74610000019e-05,1,0,0,0,0,0,0,5,0,0,0,0,0,0,0,0,0,0,0
8,cn4343,vertex_exchange,communication,0.011338878,1,0,0,0,0,0,0,105,0,0,0,0,0,0,0,7,5,143924,3564
8,cn4343,vertex_exchange_unpack,compute,0.000114560999997,1,0,0,0,0,0,0,26,0,0,0,0,0,0,0,0,0,0,0
8,cn4343,partition_result_io,io,0,0,0,0,0,0,0,0,0,0,0,0,0,0,0,0,0,0,0,0
8,cn4343,volume_exchange_pack,compute,0.075765565,2,0,0,0,0,0,0,342,0,0,0,0,0,0,1,0,0,0,0
8,cn4343,volume_size_exchange,communication,0.036627907,1,0,0,0,0,0,0,2,0,0,0,0,0,0,0,7,7,28,28
8,cn4343,volume_payload_prepare,compute,0.000337644000005,1,0,0,0,0,0,0,189,0,0,0,0,0,0,0,0,0,0,0
8,cn4343,volume_payload_exchange,communication,0.015625851,1,0,0,0,0,0,0,12,0,0,0,0,0,0,0,7,7,1545120,1549920
8,cn4343,volume_exchange_unpack,compute,0.060798763,1,0,0,0,0,0,0,1397,0,0,0,0,0,0,2,0,0,0,0
8,cn4343,final_mesh_save,io,0,0,0,0,0,0,0,0,0,0,0,0,0,0,0,0,0,0,0,0
8,cn4343,testout_io,io,0,0,0,0,0,0,0,0,0,0,0,0,0,0,0,0,0,0,0,0
8,cn4343,final_count_exchange,communication,0,0,0,0,0,0,0,0,0,0,0,0,0,0,0,0,0,0,0,0
8,cn4343,quality_evaluation,postprocess,0,0,0,0,0,0,0,0,0,0,0,0,0,0,0,0,0,0,0,0
9,cn4344,geometry_load,io,1.790431245,1,0,0,0,0,0,0,4604,0,1035092,0,0,0,2,6,0,0,0,0
9,cn4344,coarse_local_size,setup,0.449643806,1,0,0,0,0,0,0,7403,0,0,0,0,0,82,20,0,0,0,0
9,cn4344,coarse_edge_mesh,setup,0.012231129,1,0,0,0,0,0,0,575,0,0,0,0,0,0,0,0,0,0,0
9,cn4344,coarse_surface_mesh,setup,8.050579947,1,0,0,0,0,0,0,8017,0,0,0,0,0,0,12,0,0,0,0
9,cn4344,coarse_volume_mesh,setup,13.341539882,1,0,0,0,0,0,0,22640,0,0,0,0,0,38041,1537535,0,0,0,0
9,cn4344,coarse_mesh_save,io,0,0,0,0,0,0,0,0,0,0,0,0,0,0,0,0,0,0,0,0
9,cn4344,submesh_initialization,setup,0.000120101,1,0,0,0,0,0,0,1,0,0,0,0,0,0,0,0,0,0,0
9,cn4344,metis_partition,compute,0.364530148,1,0,0,0,0,0,0,60,0,0,0,0,0,0,0,0,0,0,0
9,cn4344,face_map_setup,compute,0.00663816100001,1,0,0,0,0,0,0,3,0,0,0,0,0,0,0,0,0,0,0
9,cn4344,face_local_extract,compute,0.152892946,1,0,0,0,0,0,0,25,0,0,0,0,0,0,1,0,0,0,0
9,cn4344,face_pre_collective_wait,synchronization,0.089005306,1,0,0,0,0,0,0,1,0,0,0,0,0,0,0,0,0,0,0
9,cn4344,face_collective_setup,compute,0.000112741000002,1,0,0,0,0,0,0,16,0,0,0,0,0,0,0,0,0,0,0
9,cn4344,face_allgatherv,communication,0.11468504,1,0,0,0,0,0,0,49,0,0,0,0,0,0,0,1,1,18952,4859624
9,cn4344,face_global_merge,compute,0.073530817,1,0,0,0,0,0,0,0,0,0,0,0,0,0,0,0,0,0,0
9,cn4344,part_face_create,compute,0.018528206,1,0,0,0,0,0,0,3,0,0,0,0,0,0,0,0,0,0,0
9,cn4344,surface_refine,compute,0.006068594,1,0,0,0,0,0,0,1,0,0,0,0,0,0,0,0,0,0,0
9,cn4344,refined_surface_save,io,0,0,0,0,0,0,0,0,0,0,0,0,0,0,0,0,0,0,0,0
9,cn4344,local_volume_mesh,compute,7.088476888,1,0,0,0,0,0,0,1044,0,0,0,0,0,12749,481583,0,0,0,0
9,cn4344,volume_refine,compute,0.305370046,1,0,0,0,0,0,0,4240,0,0,0,0,0,0,0,0,0,0,0
9,cn4344,refined_volume_save,io,0,0,0,0,0,0,0,0,0,0,0,0,0,0,0,0,0,0,0,0
9,cn4344,adjacency_build,compute,0.004571215,1,0,0,0,0,0,0,0,0,0,0,0,0,0,0,0,0,0,0
9,cn4344,vertex_numbering_local,compute,0.005133583,1,0,0,0,0,0,0,2,0,0,0,0,0,0,0,0,0,0,0
9,cn4344,vertex_count_allgather,communication,1.285590046,1,0,0,0,0,0,0,50,0,0,0,0,0,0,1,1,1,4,1024
9,cn4344,element_count_allgather,communication,0.007917857,1,0,0,0,0,0,0,0,0,0,0,0,0,0,0,1,1,4,1024
9,cn4344,vertex_exchange_prepare,compute,1.79599999939e-05,1,0,0,0,0,0,0,0,0,0,0,0,0,0,0,0,0,0,0
9,cn4344,vertex_exchange,communication,0.0114111,1,0,0,0,0,0,0,290,0,0,0,0,0,0,1,4,4,15708,53152
9,cn4344,vertex_exchange_unpack,compute,0.000764689,1,0,0,0,0,0,0,0,0,0,0,0,0,0,0,0,0,0,0
9,cn4344,partition_result_io,io,0,0,0,0,0,0,0,0,0,0,0,0,0,0,0,0,0,0,0,0
9,cn4344,volume_exchange_pack,compute,0.085694206,2,0,0,0,0,0,0,1,0,0,0,0,0,0,0,0,0,0,0
9,cn4344,volume_size_exchange,communication,0.016822145,1,0,0,0,0,0,0,1,0,0,0,0,0,0,0,5,5,20,20
9,cn4344,volume_payload_prepare,compute,5.62410000029e-05,1,0,0,0,0,0,0,0,0,0,0,0,0,0,0,0,0,0,0
9,cn4344,volume_payload_exchange,communication,0.025172107,1,0,0,0,0,0,0,17,0,0,0,0,0,0,0,5,5,715200,710520
9,cn4344,volume_exchange_unpack,compute,0.052541022,1,0,0,0,0,0,0,369,0,0,0,0,0,0,0,0,0,0,0
9,cn4344,final_mesh_save,io,0,0,0,0,0,0,0,0,0,0,0,0,0,0,0,0,0,0,0,0
9,cn4344,testout_io,io,0,0,0,0,0,0,0,0,0,0,0,0,0,0,0,0,0,0,0,0
9,cn4344,final_count_exchange,communication,0,0,0,0,0,0,0,0,0,0,0,0,0,0,0,0,0,0,0,0
9,cn4344,quality_evaluation,postprocess,0,0,0,0,0,0,0,0,0,0,0,0,0,0,0,0,0,0,0,0
10,cn4345,geometry_load,io,1.748765605,1,0,0,0,0,0,0,6343,0,1035092,0,0,0,2,16,0,0,0,0
10,cn4345,coarse_local_size,setup,0.475769531,1,0,0,0,0,0,0,7600,0,0,0,0,0,126,23,0,0,0,0
10,cn4345,coarse_edge_mesh,setup,0.01313368,1,0,0,0,0,0,0,580,0,0,0,0,0,0,1,0,0,0,0
10,cn4345,coarse_surface_mesh,setup,8.255002757,1,0,0,0,0,0,0,12899,0,0,0,0,0,0,76,0,0,0,0
10,cn4345,coarse_volume_mesh,setup,13.464105163,1,0,0,0,0,0,0,31463,0,0,0,0,0,39313,1697377,0,0,0,0
10,cn4345,coarse_mesh_save,io,0,0,0,0,0,0,0,0,0,0,0,0,0,0,0,0,0,0,0,0
10,cn4345,submesh_initialization,setup,0.000124841000002,1,0,0,0,0,0,0,2,0,0,0,0,0,0,0,0,0,0,0
10,cn4345,metis_partition,compute,0.379266687,1,0,0,0,0,0,0,709,0,0,0,0,0,0,3,0,0,0,0
10,cn4345,face_map_setup,compute,0.007350241,1,0,0,0,0,0,0,234,0,0,0,0,0,0,0,0,0,0,0
10,cn4345,face_local_extract,compute,0.158894521,1,0,0,0,0,0,0,687,0,0,0,0,0,0,2,0,0,0,0
10,cn4345,face_pre_collective_wait,synchronization,0.067489946,1,0,0,0,0,0,0,1,0,0,0,0,0,0,1,0,0,0,0
10,cn4345,face_collective_setup,compute,0.000118962000002,1,0,0,0,0,0,0,16,0,0,0,0,0,0,0,0,0,0,0
10,cn4345,face_allgatherv,communication,0.114691674,1,0,0,0,0,0,0,644,0,0,0,0,0,0,2,1,1,18952,4859624
10,cn4345,face_global_merge,compute,0.079483871,1,0,0,0,0,0,0,290,0,0,0,0,0,0,0,0,0,0,0
10,cn4345,part_face_create,compute,0.019630089,1,0,0,0,0,0,0,3,0,0,0,0,0,0,0,0,0,0,0
10,cn4345,surface_refine,compute,0.005450535,1,0,0,0,0,0,0,36,0,0,0,0,0,0,0,0,0,0,0
10,cn4345,refined_surface_save,io,0,0,0,0,0,0,0,0,0,0,0,0,0,0,0,0,0,0,0,0
10,cn4345,local_volume_mesh,compute,6.084300159,1,0,0,0,0,0,0,1632,0,0,0,0,0,8862,262322,0,0,0,0
10,cn4345,volume_refine,compute,0.143944716,1,0,0,0,0,0,0,4878,0,0,0,0,0,0,1,0,0,0,0
10,cn4345,refined_volume_save,io,0,0,0,0,0,0,0,0,0,0,0,0,0,0,0,0,0,0,0,0
10,cn4345,adjacency_build,compute,0.004871707,1,0,0,0,0,0,0,11,0,0,0,0,0,0,0,0,0,0,0
10,cn4345,vertex_numbering_local,compute,0.006030803,1,0,0,0,0,0,0,2,0,0,0,0,0,0,0,0,0,0,0
10,cn4345,vertex_count_allgather,communication,2.443452501,1,0,0,0,0,0,0,55,0,0,0,0,0,0,23,1,1,4,1024
10,cn4345,element_count_allgather,communication,0.007951709,1,0,0,0,0,0,0,0,0,0,0,0,0,0,0,1,1,4,1024
10,cn4345,vertex_exchange_prepare,compute,1.51799999983e-05,1,0,0,0,0,0,0,0,0,0,0,0,0,0,0,0,0,0,0
10,cn4345,vertex_exchange,communication,0.019224324,1,0,0,0,0,0,0,36,0,0,0,0,0,0,0,8,6,131692,20086
10,cn4345,vertex_exchange_unpack,compute,0.000331785,1,0,0,0,0,0,0,0,0,0,0,0,0,0,0,0,0,0,0
10,cn4345,partition_result_io,io,0,0,0,0,0,0,0,0,0,0,0,0,0,0,0,0,0,0,0,0
10,cn4345,volume_exchange_pack,compute,0.058763346,2,0,0,0,0,0,0,1,0,0,0,0,0,0,1,0,0,0,0
10,cn4345,volume_size_exchange,communication,0.045724427,1,0,0,0,0,0,0,8,0,0,0,0,0,0,0,8,8,32,32
10,cn4345,volume_payload_prepare,compute,0.000123420999998,1,0,0,0,0,0,0,0,0,0,0,0,0,0,0,0,0,0,0
10,cn4345,volume_payload_exchange,communication,0.015848898,1,0,0,0,0,0,0,30,0,0,0,0,0,0,0,8,8,1621800,1611600
10,cn4345,volume_exchange_unpack,compute,0.073786673,1,0,0,0,0,0,0,525,0,0,0,0,0,0,2,0,0,0,0
10,cn4345,final_mesh_save,io,0,0,0,0,0,0,0,0,0,0,0,0,0,0,0,0,0,0,0,0
10,cn4345,testout_io,io,0,0,0,0,0,0,0,0,0,0,0,0,0,0,0,0,0,0,0,0
10,cn4345,final_count_exchange,communication,0,0,0,0,0,0,0,0,0,0,0,0,0,0,0,0,0,0,0,0
10,cn4345,quality_evaluation,postprocess,0,0,0,0,0,0,0,0,0,0,0,0,0,0,0,0,0,0,0,0
11,cn4346,geometry_load,io,1.738327036,1,0,0,0,0,0,0,6318,0,1035092,0,0,0,2,3,0,0,0,0
11,cn4346,coarse_local_size,setup,0.45749435,1,0,0,0,0,0,0,7716,0,0,0,0,0,120,21,0,0,0,0
11,cn4346,coarse_edge_mesh,setup,0.01244705,1,0,0,0,0,0,0,522,0,0,0,0,0,0,0,0,0,0,0
11,cn4346,coarse_surface_mesh,setup,8.316339818,1,0,0,0,0,0,0,12901,0,0,0,0,0,0,10,0,0,0,0
11,cn4346,coarse_volume_mesh,setup,13.254869176,1,0,0,0,0,0,0,32567,0,0,0,0,0,37256,1516714,0,0,0,0
11,cn4346,coarse_mesh_save,io,0,0,0,0,0,0,0,0,0,0,0,0,0,0,0,0,0,0,0,0
11,cn4346,submesh_initialization,setup,0.000121401000001,1,0,0,0,0,0,0,1,0,0,0,0,0,0,0,0,0,0,0
11,cn4346,metis_partition,compute,0.377602328,1,0,0,0,0,0,0,734,0,0,0,0,0,0,1,0,0,0,0
11,cn4346,face_map_setup,compute,0.007362448,1,0,0,0,0,0,0,243,0,0,0,0,0,0,0,0,0,0,0
11,cn4346,face_local_extract,compute,0.160780136,1,0,0,0,0,0,0,584,0,0,0,0,0,0,0,0,0,0,0
11,cn4346,face_pre_collective_wait,synchronization,0.06731693,1,0,0,0,0,0,0,1,0,0,0,0,0,0,0,0,0,0,0
11,cn4346,face_collective_setup,compute,0.000111240999999,1,0,0,0,0,0,0,16,0,0,0,0,0,0,0,0,0,0,0
11,cn4346,face_allgatherv,communication,0.114682661,1,0,0,0,0,0,0,676,0,0,0,0,0,0,0,1,1,18952,4859624
11,cn4346,face_global_merge,compute,0.078793509,1,0,0,0,0,0,0,284,0,0,0,0,0,0,0,0,0,0,0
11,cn4346,part_face_create,compute,0.019466855,1,0,0,0,0,0,0,3,0,0,0,0,0,0,0,0,0,0,0
11,cn4346,surface_refine,compute,0.006090134,1,0,0,0,0,0,0,37,0,0,0,0,0,0,0,0,0,0,0
11,cn4346,refined_surface_save,io,0,0,0,0,0,0,0,0,0,0,0,0,0,0,0,0,0,0,0,0
11,cn4346,local_volume_mesh,compute,6.877182726,1,0,0,0,0,0,0,2157,0,0,0,0,0,10808,428792,0,0,0,0
11,cn4346,volume_refine,compute,0.207476979,1,0,0,0,0,0,0,5546,0,0,0,0,0,0,1,0,0,0,0
11,cn4346,refined_volume_save,io,0,0,0,0,0,0,0,0,0,0,0,0,0,0,0,0,0,0,0,0
11,cn4346,adjacency_build,compute,0.004866358,1,0,0,0,0,0,0,14,0,0,0,0,0,0,0,0,0,0,0
11,cn4346,vertex_numbering_local,compute,0.006202654,1,0,0,0,0,0,0,3,0,0,0,0,0,0,0,0,0,0,0
11,cn4346,vertex_count_allgather,communication,1.586943332,1,0,0,0,0,0,0,53,0,0,0,0,0,0,2,1,1,4,1024
11,cn4346,element_count_allgather,communication,0.007947876,1,0,0,0,0,0,0,0,0,0,0,0,0,0,0,1,1,4,1024
11,cn4346,vertex_exchange_prepare,compute,2.09800000022e-05,1,0,0,0,0,0,0,0,0,0,0,0,0,0,0,0,0,0,0
11,cn4346,vertex_exchange,communication,0.01164304,1,0,0,0,0,0,0,294,0,0,0,0,0,0,0,9,6,48796,86218
11,cn4346,vertex_exchange_unpack,compute,0.001254055,1,0,0,0,0,0,0,0,0,0,0,0,0,0,0,0,0,0,0
11,cn4346,partition_result_io,io,0,0,0,0,0,0,0,0,0,0,0,0,0,0,0,0,0,0,0,0
11,cn4346,volume_exchange_pack,compute,0.070414448,2,0,0,0,0,0,0,3,0,0,0,0,0,0,0,0,0,0,0
11,cn4346,volume_size_exchange,communication,0.031651441,1,0,0,0,0,0,0,0,0,0,0,0,0,0,0,7,7,28,28
11,cn4346,volume_payload_prepare,compute,0.000106240999997,1,0,0,0,0,0,0,0,0,0,0,0,0,0,0,0,0,0,0
11,cn4346,volume_payload_exchange,communication,0.025127022,1,0,0,0,0,0,0,34,0,0,0,0,0,0,0,7,7,1425120,1427160
11,cn4346,volume_exchange_unpack,compute,0.051692423,1,0,0,0,0,0,0,0,0,0,0,0,0,0,0,0,0,0,0
11,cn4346,final_mesh_save,io,0,0,0,0,0,0,0,0,0,0,0,0,0,0,0,0,0,0,0,0
11,cn4346,testout_io,io,0,0,0,0,0,0,0,0,0,0,0,0,0,0,0,0,0,0,0,0
11,cn4346,final_count_exchange,communication,0,0,0,0,0,0,0,0,0,0,0,0,0,0,0,0,0,0,0,0
11,cn4346,quality_evaluation,postprocess,0,0,0,0,0,0,0,0,0,0,0,0,0,0,0,0,0,0,0,0
12,cn4347,geometry_load,io,1.725858978,1,0,0,0,0,0,0,6319,0,1035092,0,0,0,2,2,0,0,0,0
12,cn4347,coarse_local_size,setup,0.46133379,1,0,0,0,0,0,0,7676,0,0,0,0,0,101,20,0,0,0,0
12,cn4347,coarse_edge_mesh,setup,0.012535557,1,0,0,0,0,0,0,577,0,0,0,0,0,0,0,0,0,0,0
12,cn4347,coarse_surface_mesh,setup,8.094018141,1,0,0,0,0,0,0,10583,0,0,0,0,0,0,13,0,0,0,0
12,cn4347,coarse_volume_mesh,setup,13.232412804,1,0,0,0,0,0,0,29539,0,0,0,0,0,36473,1493092,0,0,0,0
12,cn4347,coarse_mesh_save,io,0,0,0,0,0,0,0,0,0,0,0,0,0,0,0,0,0,0,0,0
12,cn4347,submesh_initialization,setup,0.000128982,1,0,0,0,0,0,0,1,0,0,0,0,0,0,0,0,0,0,0
12,cn4347,metis_partition,compute,0.381060881,1,0,0,0,0,0,0,467,0,0,0,0,0,0,0,0,0,0,0
12,cn4347,face_map_setup,compute,0.0070535,1,0,0,0,0,0,0,217,0,0,0,0,0,0,0,0,0,0,0
12,cn4347,face_local_extract,compute,0.162473706,1,0,0,0,0,0,0,639,0,0,0,0,0,0,1,0,0,0,0
12,cn4347,face_pre_collective_wait,synchronization,0.062443659,1,0,0,0,0,0,0,1,0,0,0,0,0,0,0,0,0,0,0
12,cn4347,face_collective_setup,compute,0.000116962,1,0,0,0,0,0,0,16,0,0,0,0,0,0,0,0,0,0,0
12,cn4347,face_allgatherv,communication,0.114678313,1,0,0,0,0,0,0,671,0,0,0,0,0,0,0,1,1,18952,4859624
12,cn4347,face_global_merge,compute,0.078341742,1,0,0,0,0,0,0,507,0,0,0,0,0,0,0,0,0,0,0
12,cn4347,part_face_create,compute,0.019327992,1,0,0,0,0,0,0,3,0,0,0,0,0,0,0,0,0,0,0
12,cn4347,surface_refine,compute,0.005818202,1,0,0,0,0,0,0,41,0,0,0,0,0,0,0,0,0,0,0
12,cn4347,refined_surface_save,io,0,0,0,0,0,0,0,0,0,0,0,0,0,0,0,0,0,0,0,0
12,cn4347,local_volume_mesh,compute,6.4546888,1,0,0,0,0,0,0,1955,0,0,0,0,0,7917,323888,0,0,0,0
12,cn4347,volume_refine,compute,0.20398537,1,0,0,0,0,0,0,5238,0,0,0,0,0,0,1,0,0,0,0
12,cn4347,refined_volume_save,io,0,0,0,0,0,0,0,0,0,0,0,0,0,0,0,0,0,0,0,0
12,cn4347,adjacency_build,compute,0.004835768,1,0,0,0,0,0,0,10,0,0,0,0,0,0,0,0,0,0,0
12,cn4347,vertex_numbering_local,compute,0.005442337,1,0,0,0,0,0,0,2,0,0,0,0,0,0,0,0,0,0,0
12,cn4347,vertex_count_allgather,communication,2.014646901,1,0,0,0,0,0,0,41,0,0,0,0,0,0,2,1,1,4,1024
12,cn4347,element_count_allgather,communication,0.007732469,1,0,0,0,0,0,0,0,0,0,0,0,0,0,0,1,1,4,1024
12,cn4347,vertex_exchange_prepare,compute,1.10600000056e-05,1,0,0,0,0,0,0,0,0,0,0,0,0,0,0,0,0,0,0
12,cn4347,vertex_exchange,communication,0.019296851,1,0,0,0,0,0,0,38,0,0,0,0,0,0,0,8,3,100562,5478
12,cn4347,vertex_exchange_unpack,compute,0.000115801999996,1,0,0,0,0,0,0,0,0,0,0,0,0,0,0,0,0,0,0
12,cn4347,partition_result_io,io,0,0,0,0,0,0,0,0,0,0,0,0,0,0,0,0,0,0,0,0
12,cn4347,volume_exchange_pack,compute,0.068890349,2,0,0,0,0,0,0,1,0,0,0,0,0,0,0,0,0,0,0
12,cn4347,volume_size_exchange,communication,0.035621601,1,0,0,0,0,0,0,0,0,0,0,0,0,0,0,6,6,24,24
12,cn4347,volume_payload_prepare,compute,8.45819999995e-05,1,0,0,0,0,0,0,0,0,0,0,0,0,0,0,0,0,0,0
12,cn4347,volume_payload_exchange,communication,0.015932864,1,0,0,0,0,0,0,33,0,0,0,0,0,0,0,6,6,1112520,1109520
12,cn4347,volume_exchange_unpack,compute,0.048055016,1,0,0,0,0,0,0,0,0,0,0,0,0,0,0,0,0,0,0
12,cn4347,final_mesh_save,io,0,0,0,0,0,0,0,0,0,0,0,0,0,0,0,0,0,0,0,0
12,cn4347,testout_io,io,0,0,0,0,0,0,0,0,0,0,0,0,0,0,0,0,0,0,0,0
12,cn4347,final_count_exchange,communication,0,0,0,0,0,0,0,0,0,0,0,0,0,0,0,0,0,0,0,0
12,cn4347,quality_evaluation,postprocess,0,0,0,0,0,0,0,0,0,0,0,0,0,0,0,0,0,0,0,0
13,cn4348,geometry_load,io,1.760573033,1,0,0,0,0,0,0,6339,0,1035092,0,0,0,2,2,0,0,0,0
13,cn4348,coarse_local_size,setup,0.456479075,1,0,0,0,0,0,0,7619,0,0,0,0,0,111,21,0,0,0,0
13,cn4348,coarse_edge_mesh,setup,0.012575344,1,0,0,0,0,0,0,523,0,0,0,0,0,0,0,0,0,0,0
13,cn4348,coarse_surface_mesh,setup,8.096156051,1,0,0,0,0,0,0,8209,0,0,0,0,0,0,11,0,0,0,0
13,cn4348,coarse_volume_mesh,setup,13.205911904,1,0,0,0,0,0,0,22816,0,0,0,0,0,38498,1521533,0,0,0,0
13,cn4348,coarse_mesh_save,io,0,0,0,0,0,0,0,0,0,0,0,0,0,0,0,0,0,0,0,0
13,cn4348,submesh_initialization,setup,0.000123221999999,1,0,0,0,0,0,0,1,0,0,0,0,0,0,0,0,0,0,0
13,cn4348,metis_partition,compute,0.362694583,1,0,0,0,0,0,0,59,0,0,0,0,0,0,0,0,0,0,0
13,cn4348,face_map_setup,compute,0.007300403,1,0,0,0,0,0,0,464,0,0,0,0,0,0,0,0,0,0,0
13,cn4348,face_local_extract,compute,0.152257499,1,0,0,0,0,0,0,24,0,0,0,0,0,0,0,0,0,0,0
13,cn4348,face_pre_collective_wait,synchronization,0.090867259,1,0,0,0,0,0,0,1,0,0,0,0,0,0,1,0,0,0,0
13,cn4348,face_collective_setup,compute,0.000113980999998,1,0,0,0,0,0,0,12,0,0,0,0,0,0,0,0,0,0,0
13,cn4348,face_allgatherv,communication,0.11463737,1,0,0,0,0,0,0,44,0,0,0,0,0,0,0,1,1,18952,4859624
13,cn4348,face_global_merge,compute,0.073982685,1,0,0,0,0,0,0,0,0,0,0,0,0,0,0,0,0,0,0
13,cn4348,part_face_create,compute,0.01840349,1,0,0,0,0,0,0,3,0,0,0,0,0,0,0,0,0,0,0
13,cn4348,surface_refine,compute,0.005642385,1,0,0,0,0,0,0,1,0,0,0,0,0,0,0,0,0,0,0
13,cn4348,refined_surface_save,io,0,0,0,0,0,0,0,0,0,0,0,0,0,0,0,0,0,0,0,0
13,cn4348,local_volume_mesh,compute,6.106155996,1,0,0,0,0,0,0,42,0,0,0,0,0,8661,237806,0,0,0,0
13,cn4348,volume_refine,compute,0.176597528,1,0,0,0,0,0,0,5115,0,0,0,0,0,0,0,0,0,0,0
13,cn4348,refined_volume_save,io,0,0,0,0,0,0,0,0,0,0,0,0,0,0,0,0,0,0,0,0
13,cn4348,adjacency_build,compute,0.004761694,1,0,0,0,0,0,0,0,0,0,0,0,0,0,0,0,0,0,0
13,cn4348,vertex_numbering_local,compute,0.007861629,1,0,0,0,0,0,0,1,0,0,0,0,0,0,0,0,0,0,0
13,cn4348,vertex_count_allgather,communication,2.394187508,1,0,0,0,0,0,0,101,0,0,0,0,0,0,2,1,1,4,1024
13,cn4348,element_count_allgather,communication,0.00794507,1,0,0,0,0,0,0,0,0,0,0,0,0,0,0,1,1,4,1024
13,cn4348,vertex_exchange_prepare,compute,5.54610000023e-05,1,0,0,0,0,0,0,24,0,0,0,0,0,0,0,0,0,0,0
13,cn4348,vertex_exchange,communication,0.012056957,1,0,0,0,0,0,0,412,0,0,0,0,0,0,0,10,11,155870,59620
13,cn4348,vertex_exchange_unpack,compute,0.000851089000001,1,0,0,0,0,0,0,6,0,0,0,0,0,0,0,0,0,0,0
13,cn4348,partition_result_io,io,0,0,0,0,0,0,0,0,0,0,0,0,0,0,0,0,0,0,0,0
13,cn4348,volume_exchange_pack,compute,0.111027782,2,0,0,0,0,0,0,975,0,0,0,0,0,0,1,0,0,0,0
13,cn4348,volume_size_exchange,communication,0.014759108,1,0,0,0,0,0,0,77,0,0,0,0,0,0,0,11,11,44,44
13,cn4348,volume_payload_prepare,compute,0.000166421999999,1,0,0,0,0,0,0,0,0,0,0,0,0,0,0,0,0,0,0
13,cn4348,volume_payload_exchange,communication,0.002379987,1,0,0,0,0,0,0,13,0,0,0,0,0,0,0,11,11,2258280,2259360
13,cn4348,volume_exchange_unpack,compute,0.066613098,1,0,0,0,0,0,0,1467,0,0,0,0,0,0,0,0,0,0,0
13,cn4348,final_mesh_save,io,0,0,0,0,0,0,0,0,0,0,0,0,0,0,0,0,0,0,0,0
13,cn4348,testout_io,io,0,0,0,0,0,0,0,0,0,0,0,0,0,0,0,0,0,0,0,0
13,cn4348,final_count_exchange,communication,0,0,0,0,0,0,0,0,0,0,0,0,0,0,0,0,0,0,0,0
13,cn4348,quality_evaluation,postprocess,0,0,0,0,0,0,0,0,0,0,0,0,0,0,0,0,0,0,0,0
14,cn4349,geometry_load,io,1.737582309,1,0,0,0,0,0,0,6344,0,1035092,0,0,0,2,3,0,0,0,0
14,cn4349,coarse_local_size,setup,0.446025529,1,0,0,0,0,0,0,7466,0,0,0,0,0,85,21,0,0,0,0
14,cn4349,coarse_edge_mesh,setup,0.012715082,1,0,0,0,0,0,0,578,0,0,0,0,0,0,0,0,0,0,0
14,cn4349,coarse_surface_mesh,setup,8.179580729,1,0,0,0,0,0,0,11039,0,0,0,0,0,0,12,0,0,0,0
14,cn4349,coarse_volume_mesh,setup,13.518701601,1,0,0,0,0,0,0,33834,0,0,0,0,0,40013,1737634,0,0,0,0
14,cn4349,coarse_mesh_save,io,0,0,0,0,0,0,0,0,0,0,0,0,0,0,0,0,0,0,0,0
14,cn4349,submesh_initialization,setup,0.000132302000004,1,0,0,0,0,0,0,3,0,0,0,0,0,0,0,0,0,0,0
14,cn4349,metis_partition,compute,0.377194166,1,0,0,0,0,0,0,670,0,0,0,0,0,0,0,0,0,0,0
14,cn4349,face_map_setup,compute,0.007506288,1,0,0,0,0,0,0,223,0,0,0,0,0,0,0,0,0,0,0
14,cn4349,face_local_extract,compute,0.159530378,1,0,0,0,0,0,0,611,0,0,0,0,0,0,0,0,0,0,0
14,cn4349,face_pre_collective_wait,synchronization,0.068787862,1,0,0,0,0,0,0,2,0,0,0,0,0,0,0,0,0,0,0
14,cn4349,face_collective_setup,compute,0.000112221999998,1,0,0,0,0,0,0,16,0,0,0,0,0,0,0,0,0,0,0
14,cn4349,face_allgatherv,communication,0.114653337,1,0,0,0,0,0,0,643,0,0,0,0,0,0,0,1,1,18952,4859624
14,cn4349,face_global_merge,compute,0.078718744,1,0,0,0,0,0,0,499,0,0,0,0,0,0,0,0,0,0,0
14,cn4349,part_face_create,compute,0.0196184,1,0,0,0,0,0,0,3,0,0,0,0,0,0,0,0,0,0,0
14,cn4349,surface_refine,compute,0.006718196,1,0,0,0,0,0,0,41,0,0,0,0,0,0,0,0,0,0,0
14,cn4349,refined_surface_save,io,0,0,0,0,0,0,0,0,0,0,0,0,0,0,0,0,0,0,0,0
14,cn4349,local_volume_mesh,compute,6.511423331,1,0,0,0,0,0,0,2457,0,0,0,0,0,8749,305551,0,0,0,0
14,cn4349,volume_refine,compute,0.216910457,1,0,0,0,0,0,0,5453,0,0,0,0,0,0,0,0,0,0,0
14,cn4349,refined_volume_save,io,0,0,0,0,0,0,0,0,0,0,0,0,0,0,0,0,0,0,0,0
14,cn4349,adjacency_build,compute,0.005182314,1,0,0,0,0,0,0,9,0,0,0,0,0,0,0,0,0,0,0
14,cn4349,vertex_numbering_local,compute,0.008457681,1,0,0,0,0,0,0,4,0,0,0,0,0,0,0,0,0,0,0
14,cn4349,vertex_count_allgather,communication,1.93999364,1,0,0,0,0,0,0,53,0,0,0,0,0,0,3,1,1,4,1024
14,cn4349,element_count_allgather,communication,0.007946693,1,0,0,0,0,0,0,1,0,0,0,0,0,0,0,1,1,4,1024
14,cn4349,vertex_exchange_prepare,compute,3.39600000032e-05,1,0,0,0,0,0,0,0,0,0,0,0,0,0,0,0,0,0,0
14,cn4349,vertex_exchange,communication,0.011981571,1,0,0,0,0,0,0,293,0,0,0,0,0,0,0,6,10,48510,163900
14,cn4349,vertex_exchange_unpack,compute,0.002368734,1,0,0,0,0,0,0,0,0,0,0,0,0,0,0,0,0,0,0
14,cn4349,partition_result_io,io,0,0,0,0,0,0,0,0,0,0,0,0,0,0,0,0,0,0,0,0
14,cn4349,volume_exchange_pack,compute,0.089287174,2,0,0,0,0,0,0,4,0,0,0,0,0,0,0,0,0,0,0
14,cn4349,volume_size_exchange,communication,0.034970999,1,0,0,0,0,0,0,8,0,0,0,0,0,0,0,10,10,40,40
14,cn4349,volume_payload_prepare,compute,0.000166362000002,1,0,0,0,0,0,0,0,0,0,0,0,0,0,0,0,0,0,0
14,cn4349,volume_payload_exchange,communication,0.002381954,1,0,0,0,0,0,0,30,0,0,0,0,0,0,0,10,10,2256840,2264520
14,cn4349,volume_exchange_unpack,compute,0.066101924,1,0,0,0,0,0,0,1030,0,0,0,0,0,0,0,0,0,0,0
14,cn4349,final_mesh_save,io,0,0,0,0,0,0,0,0,0,0,0,0,0,0,0,0,0,0,0,0
14,cn4349,testout_io,io,0,0,0,0,0,0,0,0,0,0,0,0,0,0,0,0,0,0,0,0
14,cn4349,final_count_exchange,communication,0,0,0,0,0,0,0,0,0,0,0,0,0,0,0,0,0,0,0,0
14,cn4349,quality_evaluation,postprocess,0,0,0,0,0,0,0,0,0,0,0,0,0,0,0,0,0,0,0,0
15,cn4350,geometry_load,io,1.725697123,1,0,0,0,0,0,0,6465,0,1035092,0,0,0,2,2,0,0,0,0
15,cn4350,coarse_local_size,setup,0.449555352,1,0,0,0,0,0,0,7682,0,0,0,0,0,113,22,0,0,0,0
15,cn4350,coarse_edge_mesh,setup,0.012775223,1,0,0,0,0,0,0,579,0,0,0,0,0,0,0,0,0,0,0
15,cn4350,coarse_surface_mesh,setup,8.205688743,1,0,0,0,0,0,0,11028,0,0,0,0,0,0,10,0,0,0,0
15,cn4350,coarse_volume_mesh,setup,13.456688574,1,0,0,0,0,0,0,34075,0,0,0,0,0,38984,1603557,0,0,0,0
15,cn4350,coarse_mesh_save,io,0,0,0,0,0,0,0,0,0,0,0,0,0,0,0,0,0,0,0,0
15,cn4350,submesh_initialization,setup,0.000133921999996,1,0,0,0,0,0,0,3,0,0,0,0,0,0,0,0,0,0,0
15,cn4350,metis_partition,compute,0.382870702,1,0,0,0,0,0,0,535,0,0,0,0,0,0,0,0,0,0,0
15,cn4350,face_map_setup,compute,0.007399094,1,0,0,0,0,0,0,225,0,0,0,0,0,0,0,0,0,0,0
15,cn4350,face_local_extract,compute,0.162024866,1,0,0,0,0,0,0,680,0,0,0,0,0,0,0,0,0,0,0
15,cn4350,face_pre_collective_wait,synchronization,0.060763775,1,0,0,0,0,0,0,2,0,0,0,0,0,0,0,0,0,0,0
15,cn4350,face_collective_setup,compute,0.000110341000003,1,0,0,0,0,0,0,16,0,0,0,0,0,0,0,0,0,0,0
15,cn4350,face_allgatherv,communication,0.114718203,1,0,0,0,0,0,0,649,0,0,0,0,0,0,0,1,1,18952,4859624
15,cn4350,face_global_merge,compute,0.079115848,1,0,0,0,0,0,0,372,0,0,0,0,0,0,0,0,0,0,0
15,cn4350,part_face_create,compute,0.01955617,1,0,0,0,0,0,0,3,0,0,0,0,0,0,0,0,0,0,0
15,cn4350,surface_refine,compute,0.005847495,1,0,0,0,0,0,0,36,0,0,0,0,0,0,0,0,0,0,0
15,cn4350,refined_surface_save,io,0,0,0,0,0,0,0,0,0,0,0,0,0,0,0,0,0,0,0,0
15,cn4350,local_volume_mesh,compute,5.727995953,1,0,0,0,0,0,0,2025,0,0,0,0,0,7061,192433,0,0,0,0
15,cn4350,volume_refine,compute,0.17959947,1,0,0,0,0,0,0,5148,0,0,0,0,0,0,0,0,0,0,0
15,cn4350,refined_volume_save,io,0,0,0,0,0,0,0,0,0,0,0,0,0,0,0,0,0,0,0,0
15,cn4350,adjacency_build,compute,0.004959283,1,0,0,0,0,0,0,15,0,0,0,0,0,0,0,0,0,0,0
15,cn4350,vertex_numbering_local,compute,0.007249553,1,0,0,0,0,0,0,4,0,0,0,0,0,0,0,0,0,0,0
15,cn4350,vertex_count_allgather,communication,2.762749586,1,0,0,0,0,0,0,52,0,0,0,0,0,0,3,1,1,4,1024
15,cn4350,element_count_allgather,communication,0.007974661,1,0,0,0,0,0,0,0,0,0,0,0,0,0,0,1,1,4,1024
15,cn4350,vertex_exchange_prepare,compute,3.00600000003e-05,1,0,0,0,0,0,0,0,0,0,0,0,0,0,0,0,0,0,0
15,cn4350,vertex_exchange,communication,0.020479461,1,0,0,0,0,0,0,242,0,0,0,0,0,0,0,3,8,66,176352
15,cn4350,vertex_exchange_unpack,compute,0.002514952,1,0,0,0,0,0,0,0,0,0,0,0,0,0,0,0,0,0,0
15,cn4350,partition_result_io,io,0,0,0,0,0,0,0,0,0,0,0,0,0,0,0,0,0,0,0,0
15,cn4350,volume_exchange_pack,compute,0.071751615,2,0,0,0,0,0,0,1,0,0,0,0,0,0,0,0,0,0,0
15,cn4350,volume_size_exchange,communication,0.043940741,1,0,0,0,0,0,0,7,0,0,0,0,0,0,0,7,7,28,28
15,cn4350,volume_payload_prepare,compute,0.000141141,1,0,0,0,0,0,0,0,0,0,0,0,0,0,0,0,0,0,0
15,cn4350,volume_payload_exchange,communication,0.00235101,1,0,0,0,0,0,0,30,0,0,0,0,0,0,0,7,7,1919400,1922640
15,cn4350,volume_exchange_unpack,compute,0.052978655,1,0,0,0,0,0,0,0,0,0,0,0,0,0,0,0,0,0,0
15,cn4350,final_mesh_save,io,0,0,0,0,0,0,0,0,0,0,0,0,0,0,0,0,0,0,0,0
15,cn4350,testout_io,io,0,0,0,0,0,0,0,0,0,0,0,0,0,0,0,0,0,0,0,0
15,cn4350,final_count_exchange,communication,0,0,0,0,0,0,0,0,0,0,0,0,0,0,0,0,0,0,0,0
15,cn4350,quality_evaluation,postprocess,0,0,0,0,0,0,0,0,0,0,0,0,0,0,0,0,0,0,0,0
16,cn4351,geometry_load,io,1.733240437,1,0,0,0,0,0,0,6315,0,1035092,0,0,0,2,3,0,0,0,0
16,cn4351,coarse_local_size,setup,0.442096456,1,0,0,0,0,0,0,7129,0,0,0,0,0,102,19,0,0,0,0
16,cn4351,coarse_edge_mesh,setup,0.012587208,1,0,0,0,0,0,0,550,0,0,0,0,0,0,0,0,0,0,0
16,cn4351,coarse_surface_mesh,setup,8.131214741,1,0,0,0,0,0,0,11504,0,0,0,0,0,1,14,0,0,0,0
16,cn4351,coarse_volume_mesh,setup,13.338103517,1,0,0,0,0,0,0,23481,0,0,0,0,0,38185,1687011,0,0,0,0
16,cn4351,coarse_mesh_save,io,0,0,0,0,0,0,0,0,0,0,0,0,0,0,0,0,0,0,0,0
16,cn4351,submesh_initialization,setup,0.000119001000002,1,0,0,0,0,0,0,4,0,0,0,0,0,0,0,0,0,0,0
16,cn4351,metis_partition,compute,0.363253639,1,0,0,0,0,0,0,386,0,0,0,0,0,0,0,0,0,0,0
16,cn4351,face_map_setup,compute,0.007620774,1,0,0,0,0,0,0,888,0,0,0,0,0,0,0,0,0,0,0
16,cn4351,face_local_extract,compute,0.15488773,1,0,0,0,0,0,0,634,0,0,0,0,0,0,1,0,0,0,0
16,cn4351,face_pre_collective_wait,synchronization,0.087263081,1,0,0,0,0,0,0,2,0,0,0,0,0,0,0,0,0,0,0
16,cn4351,face_collective_setup,compute,0.000111480999998,1,0,0,0,0,0,0,13,0,0,0,0,0,0,0,0,0,0,0
16,cn4351,face_allgatherv,communication,0.114718632,1,0,0,0,0,0,0,1147,0,0,0,0,0,0,0,1,1,18952,4859624
16,cn4351,face_global_merge,compute,0.093454374,1,0,0,0,0,0,0,273,0,0,0,0,0,0,0,0,0,0,0
16,cn4351,part_face_create,compute,0.045427317,1,0,0,0,0,0,0,5,0,0,0,0,0,0,0,0,0,0,0
16,cn4351,surface_refine,compute,0.005599903,1,0,0,0,0,0,0,1,0,0,0,0,0,0,0,0,0,0,0
16,cn4351,refined_surface_save,io,0,0,0,0,0,0,0,0,0,0,0,0,0,0,0,0,0,0,0,0
16,cn4351,local_volume_mesh,compute,7.075051165,1,0,0,0,0,0,0,643,0,0,0,0,0,13243,461291,0,0,0,0
16,cn4351,volume_refine,compute,0.223611936,1,0,0,0,0,0,0,4266,0,0,0,0,0,0,0,0,0,0,0
16,cn4351,refined_volume_save,io,0,0,0,0,0,0,0,0,0,0,0,0,0,0,0,0,0,0,0,0
16,cn4351,adjacency_build,compute,0.004382645,1,0,0,0,0,0,0,0,0,0,0,0,0,0,0,0,0,0,0
16,cn4351,vertex_numbering_local,compute,0.003881198,1,0,0,0,0,0,0,2,0,0,0,0,0,0,0,0,0,0,0
16,cn4351,vertex_count_allgather,communication,1.335743986,1,0,0,0,0,0,0,31,0,0,0,0,0,0,2,1,1,4,1024
16,cn4351,element_count_allgather,communication,0.007940398,1,0,0,0,0,0,0,0,0,0,0,0,0,0,0,1,1,4,1024
16,cn4351,vertex_exchange_prepare,compute,5.30000000509e-06,1,0,0,0,0,0,0,0,0,0,0,0,0,0,0,0,0,0,0
16,cn4351,vertex_exchange,communication,0.010769121,1,0,0,0,0,0,0,9,0,0,0,0,0,0,0,2,0,41602,0
16,cn4351,vertex_exchange_unpack,compute,1.39999999504e-06,1,0,0,0,0,0,0,0,0,0,0,0,0,0,0,0,0,0,0
16,cn4351,partition_result_io,io,0,0,0,0,0,0,0,0,0,0,0,0,0,0,0,0,0,0,0,0
16,cn4351,volume_exchange_pack,compute,0.062046385,2,0,0,0,0,0,0,1,0,0,0,0,0,0,0,0,0,0,0
16,cn4351,volume_size_exchange,communication,6.74409999988e-05,1,0,0,0,0,0,0,2,0,0,0,0,0,0,0,1,1,4,4
16,cn4351,volume_payload_prepare,compute,3.19999999974e-05,1,0,0,0,0,0,0,0,0,0,0,0,0,0,0,0,0,0,0
16,cn4351,volume_payload_exchange,communication,0.044416262,1,0,0,0,0,0,0,12,0,0,0,0,0,0,0,1,1,435120,434760
16,cn4351,volume_exchange_unpack,compute,0.041321017,1,0,0,0,0,0,0,0,0,0,0,0,0,0,0,0,0,0,0
16,cn4351,final_mesh_save,io,0,0,0,0,0,0,0,0,0,0,0,0,0,0,0,0,0,0,0,0
16,cn4351,testout_io,io,0,0,0,0,0,0,0,0,0,0,0,0,0,0,0,0,0,0,0,0
16,cn4351,final_count_exchange,communication,0,0,0,0,0,0,0,0,0,0,0,0,0,0,0,0,0,0,0,0
16,cn4351,quality_evaluation,postprocess,0,0,0,0,0,0,0,0,0,0,0,0,0,0,0,0,0,0,0,0
17,cn4352,geometry_load,io,1.761200527,1,0,0,0,0,0,0,5899,0,1035092,0,0,0,2,1,0,0,0,0
17,cn4352,coarse_local_size,setup,0.467279234,1,0,0,0,0,0,0,7603,0,0,0,0,0,117,22,0,0,0,0
17,cn4352,coarse_edge_mesh,setup,0.012624865,1,0,0,0,0,0,0,550,0,0,0,0,0,0,0,0,0,0,0
17,cn4352,coarse_surface_mesh,setup,8.171158266,1,0,0,0,0,0,0,12972,0,0,0,0,0,0,8,0,0,0,0
17,cn4352,coarse_volume_mesh,setup,13.140622415,1,0,0,0,0,0,0,23737,0,0,0,0,0,35426,1458553,0,0,0,0
17,cn4352,coarse_mesh_save,io,0,0,0,0,0,0,0,0,0,0,0,0,0,0,0,0,0,0,0,0
17,cn4352,submesh_initialization,setup,0.000142361000002,1,0,0,0,0,0,0,21,0,0,0,0,0,0,0,0,0,0,0
17,cn4352,metis_partition,compute,0.367186005,1,0,0,0,0,0,0,402,0,0,0,0,0,0,1,0,0,0,0
17,cn4352,face_map_setup,compute,0.007030472,1,0,0,0,0,0,0,465,0,0,0,0,0,0,0,0,0,0,0
17,cn4352,face_local_extract,compute,0.157866046,1,0,0,0,0,0,0,636,0,0,0,0,0,0,0,0,0,0,0
17,cn4352,face_pre_collective_wait,synchronization,0.080941699,1,0,0,0,0,0,0,6,0,0,0,0,0,0,0,0,0,0,0
17,cn4352,face_collective_setup,compute,0.000107262,1,0,0,0,0,0,0,13,0,0,0,0,0,0,0,0,0,0,0
17,cn4352,face_allgatherv,communication,0.114744441,1,0,0,0,0,0,0,1150,0,0,0,0,0,0,0,1,1,18952,4859624
17,cn4352,face_global_merge,compute,0.07416601,1,0,0,0,0,0,0,118,0,0,0,0,0,0,0,0,0,0,0
17,cn4352,part_face_create,compute,0.018612684,1,0,0,0,0,0,0,7,0,0,0,0,0,0,0,0,0,0,0
17,cn4352,surface_refine,compute,0.00532335,1,0,0,0,0,0,0,37,0,0,0,0,0,0,0,0,0,0,0
17,cn4352,refined_surface_save,io,0,0,0,0,0,0,0,0,0,0,0,0,0,0,0,0,0,0,0,0
17,cn4352,local_volume_mesh,compute,6.466889525,1,0,0,0,0,0,0,639,0,0,0,0,0,13493,441540,0,0,0,0
17,cn4352,volume_refine,compute,0.175664559,1,0,0,0,0,0,0,4618,0,0,0,0,0,0,0,0,0,0,0
17,cn4352,refined_volume_save,io,0,0,0,0,0,0,0,0,0,0,0,0,0,0,0,0,0,0,0,0
17,cn4352,adjacency_build,compute,0.004454898,1,0,0,0,0,0,0,0,0,0,0,0,0,0,0,0,0,0,0
17,cn4352,vertex_numbering_local,compute,0.00482098299999,1,0,0,0,0,0,0,1,0,0,0,0,0,0,0,0,0,0,0
17,cn4352,vertex_count_allgather,communication,2.037571584,1,0,0,0,0,0,0,102,0,0,0,0,0,0,3,1,1,4,1024
17,cn4352,element_count_allgather,communication,0.007902763,1,0,0,0,0,0,0,0,0,0,0,0,0,0,0,1,1,4,1024
17,cn4352,vertex_exchange_prepare,compute,3.22010000033e-05,1,0,0,0,0,0,0,15,0,0,0,0,0,0,0,0,0,0,0
17,cn4352,vertex_exchange,communication,0.000698469,1,0,0,0,0,0,0,28,0,0,0,0,0,0,0,2,2,46464,42262
17,cn4352,vertex_exchange_unpack,compute,0.000609988000001,1,0,0,0,0,0,0,4,0,0,0,0,0,0,0,0,0,0,0
17,cn4352,partition_result_io,io,0,0,0,0,0,0,0,0,0,0,0,0,0,0,0,0,0,0,0,0
17,cn4352,volume_exchange_pack,compute,0.058040319,2,0,0,0,0,0,0,754,0,0,0,0,0,0,0,0,0,0,0
17,cn4352,volume_size_exchange,communication,0.057108227,1,0,0,0,0,0,0,5,0,0,0,0,0,0,0,3,3,12,12
17,cn4352,volume_payload_prepare,compute,0.000192663,1,0,0,0,0,0,0,106,0,0,0,0,0,0,0,0,0,0,0
17,cn4352,volume_payload_exchange,communication,0.001680602,1,0,0,0,0,0,0,11,0,0,0,0,0,0,0,3,3,930480,926640
17,cn4352,volume_exchange_unpack,compute,0.041695846,1,0,0,0,0,0,0,1225,0,0,0,0,0,0,0,0,0,0,0
17,cn4352,final_mesh_save,io,0,0,0,0,0,0,0,0,0,0,0,0,0,0,0,0,0,0,0,0
17,cn4352,testout_io,io,0,0,0,0,0,0,0,0,0,0,0,0,0,0,0,0,0,0,0,0
17,cn4352,final_count_exchange,communication,0,0,0,0,0,0,0,0,0,0,0,0,0,0,0,0,0,0,0,0
17,cn4352,quality_evaluation,postprocess,0,0,0,0,0,0,0,0,0,0,0,0,0,0,0,0,0,0,0,0
18,cn4353,geometry_load,io,1.744267289,1,0,0,0,0,0,0,5899,0,1035092,0,0,0,2,2,0,0,0,0
18,cn4353,coarse_local_size,setup,0.462961181,1,0,0,0,0,0,0,7499,0,0,0,0,0,115,21,0,0,0,0
18,cn4353,coarse_edge_mesh,setup,0.012685882,1,0,0,0,0,0,0,569,0,0,0,0,0,0,0,0,0,0,0
18,cn4353,coarse_surface_mesh,setup,8.13777062,1,0,0,0,0,0,0,12620,0,0,0,0,0,0,9,0,0,0,0
18,cn4353,coarse_volume_mesh,setup,13.275947415,1,0,0,0,0,0,0,22957,0,0,0,0,0,36686,1566434,0,0,0,0
18,cn4353,coarse_mesh_save,io,0,0,0,0,0,0,0,0,0,0,0,0,0,0,0,0,0,0,0,0
18,cn4353,submesh_initialization,setup,0.000151441999996,1,0,0,0,0,0,0,27,0,0,0,0,0,0,0,0,0,0,0
18,cn4353,metis_partition,compute,0.365681577,1,0,0,0,0,0,0,673,0,0,0,0,0,0,1,0,0,0,0
18,cn4353,face_map_setup,compute,0.007084871,1,0,0,0,0,0,0,347,0,0,0,0,0,0,0,0,0,0,0
18,cn4353,face_local_extract,compute,0.160709915,1,0,0,0,0,0,0,653,0,0,0,0,0,0,0,0,0,0,0
18,cn4353,face_pre_collective_wait,synchronization,0.079486857,1,0,0,0,0,0,0,11,0,0,0,0,0,0,0,0,0,0,0
18,cn4353,face_collective_setup,compute,0.000111601999997,1,0,0,0,0,0,0,16,0,0,0,0,0,0,0,0,0,0,0
18,cn4353,face_allgatherv,communication,0.114736727,1,0,0,0,0,0,0,641,0,0,0,0,0,0,0,1,1,18952,4859624
18,cn4353,face_global_merge,compute,0.074400171,1,0,0,0,0,0,0,124,0,0,0,0,0,0,0,0,0,0,0
18,cn4353,part_face_create,compute,0.018642938,1,0,0,0,0,0,0,16,0,0,0,0,0,0,0,0,0,0,0
18,cn4353,surface_refine,compute,0.00548349,1,0,0,0,0,0,0,36,0,0,0,0,0,0,0,0,0,0,0
18,cn4353,refined_surface_save,io,0,0,0,0,0,0,0,0,0,0,0,0,0,0,0,0,0,0,0,0
18,cn4353,local_volume_mesh,compute,6.957074259,1,0,0,0,0,0,0,673,0,0,0,0,0,16423,598351,0,0,0,0
18,cn4353,volume_refine,compute,0.191177625,1,0,0,0,0,0,0,3597,0,0,0,0,0,0,0,0,0,0,0
18,cn4353,refined_volume_save,io,0,0,0,0,0,0,0,0,0,0,0,0,0,0,0,0,0,0,0,0
18,cn4353,adjacency_build,compute,0.004409076,1,0,0,0,0,0,0,0,0,0,0,0,0,0,0,0,0,0,0
18,cn4353,vertex_numbering_local,compute,0.003801429,1,0,0,0,0,0,0,1,0,0,0,0,0,0,0,0,0,0,0
18,cn4353,vertex_count_allgather,communication,1.532548981,1,0,0,0,0,0,0,64,0,0,0,0,0,0,2,1,1,4,1024
18,cn4353,element_count_allgather,communication,0.007865661,1,0,0,0,0,0,0,3,0,0,0,0,0,0,0,1,1,4,1024
18,cn4353,vertex_exchange_prepare,compute,2.00209999974e-05,1,0,0,0,0,0,0,5,0,0,0,0,0,0,0,0,0,0,0
18,cn4353,vertex_exchange,communication,0.011680989,1,0,0,0,0,0,0,31,0,0,0,0,0,0,0,3,1,53636,330
18,cn4353,vertex_exchange_unpack,compute,1.66200000038e-05,1,0,0,0,0,0,0,1,0,0,0,0,0,0,0,0,0,0,0
18,cn4353,partition_result_io,io,0,0,0,0,0,0,0,0,0,0,0,0,0,0,0,0,0,0,0,0
18,cn4353,volume_exchange_pack,compute,0.049460013,2,0,0,0,0,0,0,446,0,0,0,0,0,0,0,0,0,0,0
18,cn4353,volume_size_exchange,communication,0.055414669,1,0,0,0,0,0,0,0,0,0,0,0,0,0,0,2,2,8,8
18,cn4353,volume_payload_prepare,compute,4.21209999999e-05,1,0,0,0,0,0,0,0,0,0,0,0,0,0,0,0,0,0,0
18,cn4353,volume_payload_exchange,communication,0.00143603799999,1,0,0,0,0,0,0,5,0,0,0,0,0,0,0,2,2,556560,557640
18,cn4353,volume_exchange_unpack,compute,0.037378198,1,0,0,0,0,0,0,601,0,0,0,0,0,0,0,0,0,0,0
18,cn4353,final_mesh_save,io,0,0,0,0,0,0,0,0,0,0,0,0,0,0,0,0,0,0,0,0
18,cn4353,testout_io,io,0,0,0,0,0,0,0,0,0,0,0,0,0,0,0,0,0,0,0,0
18,cn4353,final_count_exchange,communication,0,0,0,0,0,0,0,0,0,0,0,0,0,0,0,0,0,0,0,0
18,cn4353,quality_evaluation,postprocess,0,0,0,0,0,0,0,0,0,0,0,0,0,0,0,0,0,0,0,0
19,cn4354,geometry_load,io,1.758511259,1,0,0,0,0,0,0,5898,0,1035092,0,0,0,2,2,0,0,0,0
19,cn4354,coarse_local_size,setup,0.443821269,1,0,0,0,0,0,0,6947,0,0,0,0,0,79,19,0,0,0,0
19,cn4354,coarse_edge_mesh,setup,0.01258625,1,0,0,0,0,0,0,549,0,0,0,0,0,0,0,0,0,0,0
19,cn4354,coarse_surface_mesh,setup,8.195704124,1,0,0,0,0,0,0,14227,0,0,0,0,0,0,10,0,0,0,0
19,cn4354,coarse_volume_mesh,setup,13.453855153,1,0,0,0,0,0,0,28018,0,0,0,0,0,38131,1751471,0,0,0,0
19,cn4354,coarse_mesh_save,io,0,0,0,0,0,0,0,0,0,0,0,0,0,0,0,0,0,0,0,0
19,cn4354,submesh_initialization,setup,0.000182783,1,0,0,0,0,0,0,57,0,0,0,0,0,0,0,0,0,0,0
19,cn4354,metis_partition,compute,0.377287719,1,0,0,0,0,0,0,2391,0,0,0,0,0,0,0,0,0,0,0
19,cn4354,face_map_setup,compute,0.007817693,1,0,0,0,0,0,0,588,0,0,0,0,0,0,0,0,0,0,0
19,cn4354,face_local_extract,compute,0.157758233,1,0,0,0,0,0,0,846,0,0,0,0,0,0,0,0,0,0,0
19,cn4354,face_pre_collective_wait,synchronization,0.070054451,1,0,0,0,0,0,0,13,0,0,0,0,0,0,1,0,0,0,0
19,cn4354,face_collective_setup,compute,0.000119021000003,1,0,0,0,0,0,0,16,0,0,0,0,0,0,0,0,0,0,0
19,cn4354,face_allgatherv,communication,0.114661441,1,0,0,0,0,0,0,718,0,0,0,0,0,0,0,1,1,18952,4859624
19,cn4354,face_global_merge,compute,0.078142288,1,0,0,0,0,0,0,355,0,0,0,0,0,0,0,0,0,0,0
19,cn4354,part_face_create,compute,0.019783175,1,0,0,0,0,0,0,24,0,0,0,0,0,0,0,0,0,0,0
19,cn4354,surface_refine,compute,0.007005803,1,0,0,0,0,0,0,42,0,0,0,0,0,0,0,0,0,0,0
19,cn4354,refined_surface_save,io,0,0,0,0,0,0,0,0,0,0,0,0,0,0,0,0,0,0,0,0
19,cn4354,local_volume_mesh,compute,6.741360478,1,0,0,0,0,0,0,828,0,0,0,0,0,15073,542506,0,0,0,0
19,cn4354,volume_refine,compute,0.248173306,1,0,0,0,0,0,0,4427,0,0,0,0,0,0,1,0,0,0,0
19,cn4354,refined_volume_save,io,0,0,0,0,0,0,0,0,0,0,0,0,0,0,0,0,0,0,0,0
19,cn4354,adjacency_build,compute,0.00507106000001,1,0,0,0,0,0,0,0,0,0,0,0,0,0,0,0,0,0,0
19,cn4354,vertex_numbering_local,compute,0.007891774,1,0,0,0,0,0,0,1,0,0,0,0,0,0,0,0,0,0,0
19,cn4354,vertex_count_allgather,communication,1.679730423,1,0,0,0,0,0,0,86,0,0,0,0,0,0,1,1,1,4,1024
19,cn4354,element_count_allgather,communication,0.007845213,1,0,0,0,0,0,0,6,0,0,0,0,0,0,0,1,1,4,1024
19,cn4354,vertex_exchange_prepare,compute,7.29610000008e-05,1,0,0,0,0,0,0,44,0,0,0,0,0,0,0,0,0,0,0
19,cn4354,vertex_exchange,communication,0.011408776,1,0,0,0,0,0,0,181,0,0,0,0,0,0,0,7,5,79024,79882
19,cn4354,vertex_exchange_unpack,compute,0.001883242,1,0,0,0,0,0,0,739,0,0,0,0,0,0,0,0,0,0,0
19,cn4354,partition_result_io,io,0,0,0,0,0,0,0,0,0,0,0,0,0,0,0,0,0,0,0,0
19,cn4354,volume_exchange_pack,compute,0.102829122,2,0,0,0,0,0,0,1532,0,0,0,0,0,0,1,0,0,0,0
19,cn4354,volume_size_exchange,communication,4.32399999966e-05,1,0,0,0,0,0,0,0,0,0,0,0,0,0,0,7,7,28,28
19,cn4354,volume_payload_prepare,compute,0.000266343,1,0,0,0,0,0,0,128,0,0,0,0,0,0,0,0,0,0,0
19,cn4354,volume_payload_exchange,communication,0.001836422,1,0,0,0,0,0,0,33,0,0,0,0,0,0,0,7,7,1637880,1632120
19,cn4354,volume_exchange_unpack,compute,0.067602322,1,0,0,0,0,0,0,1680,0,0,0,0,0,0,0,0,0,0,0
19,cn4354,final_mesh_save,io,0,0,0,0,0,0,0,0,0,0,0,0,0,0,0,0,0,0,0,0
19,cn4354,testout_io,io,0,0,0,0,0,0,0,0,0,0,0,0,0,0,0,0,0,0,0,0
19,cn4354,final_count_exchange,communication,0,0,0,0,0,0,0,0,0,0,0,0,0,0,0,0,0,0,0,0
19,cn4354,quality_evaluation,postprocess,0,0,0,0,0,0,0,0,0,0,0,0,0,0,0,0,0,0,0,0
20,cn4355,geometry_load,io,1.755521389,1,0,0,0,0,0,0,4681,0,1035092,0,0,0,2,1,0,0,0,0
20,cn4355,coarse_local_size,setup,0.437720093,1,0,0,0,0,0,0,7027,0,0,0,0,0,81,20,0,0,0,0
20,cn4355,coarse_edge_mesh,setup,0.012393168,1,0,0,0,0,0,0,549,0,0,0,0,0,0,0,0,0,0,0
20,cn4355,coarse_surface_mesh,setup,8.087221952,1,0,0,0,0,0,0,11046,0,0,0,0,0,0,8,0,0,0,0
20,cn4355,coarse_volume_mesh,setup,13.292162224,1,0,0,0,0,0,0,25565,0,0,0,0,0,37948,1581457,0,0,0,0
20,cn4355,coarse_mesh_save,io,0,0,0,0,0,0,0,0,0,0,0,0,0,0,0,0,0,0,0,0
20,cn4355,submesh_initialization,setup,0.000186303,1,0,0,0,0,0,0,53,0,0,0,0,0,0,0,0,0,0,0
20,cn4355,metis_partition,compute,0.375843554,1,0,0,0,0,0,0,1630,0,0,0,0,0,0,0,0,0,0,0
20,cn4355,face_map_setup,compute,0.007260887,1,0,0,0,0,0,0,508,0,0,0,0,0,0,0,0,0,0,0
20,cn4355,face_local_extract,compute,0.157519723,1,0,0,0,0,0,0,907,0,0,0,0,0,0,0,0,0,0,0
20,cn4355,face_pre_collective_wait,synchronization,0.072292905,1,0,0,0,0,0,0,10,0,0,0,0,0,0,0,0,0,0,0
20,cn4355,face_collective_setup,compute,0.000113280999997,1,0,0,0,0,0,0,16,0,0,0,0,0,0,0,0,0,0,0
20,cn4355,face_allgatherv,communication,0.115126717,1,0,0,0,0,0,0,700,0,0,0,0,0,0,0,1,1,18952,4859624
20,cn4355,face_global_merge,compute,0.079318669,1,0,0,0,0,0,0,648,0,0,0,0,0,0,1,0,0,0,0
20,cn4355,part_face_create,compute,0.019535993,1,0,0,0,0,0,0,16,0,0,0,0,0,0,0,0,0,0,0
20,cn4355,surface_refine,compute,0.006807461,1,0,0,0,0,0,0,41,0,0,0,0,0,0,0,0,0,0,0
20,cn4355,refined_surface_save,io,0,0,0,0,0,0,0,0,0,0,0,0,0,0,0,0,0,0,0,0
20,cn4355,local_volume_mesh,compute,7.400793106,1,0,0,0,0,0,0,742,0,0,0,0,0,12843,599757,0,0,0,0
20,cn4355,volume_refine,compute,0.334090454,1,0,0,0,0,0,0,4309,0,0,0,0,0,0,0,0,0,0,0
20,cn4355,refined_volume_save,io,0,0,0,0,0,0,0,0,0,0,0,0,0,0,0,0,0,0,0,0
20,cn4355,adjacency_build,compute,0.004763197,1,0,0,0,0,0,0,0,0,0,0,0,0,0,0,0,0,0,0
20,cn4355,vertex_numbering_local,compute,0.00537814400001,1,0,0,0,0,0,0,1,0,0,0,0,0,0,0,0,0,0,0
20,cn4355,vertex_count_allgather,communication,0.936005212,1,0,0,0,0,0,0,63,0,0,0,0,0,0,1,1,1,4,1024
20,cn4355,element_count_allgather,communication,0.007778993,1,0,0,0,0,0,0,0,0,0,0,0,0,0,0,1,1,4,1024
20,cn4355,vertex_exchange_prepare,compute,3.30009999985e-05,1,0,0,0,0,0,0,17,0,0,0,0,0,0,0,0,0,0,0
20,cn4355,vertex_exchange,communication,0.019406252,1,0,0,0,0,0,0,67,0,0,0,0,0,0,0,4,3,65208,704
20,cn4355,vertex_exchange_unpack,compute,6.79410000046e-05,1,0,0,0,0,0,0,41,0,0,0,0,0,0,0,0,0,0,0
20,cn4355,partition_result_io,io,0,0,0,0,0,0,0,0,0,0,0,0,0,0,0,0,0,0,0,0
20,cn4355,volume_exchange_pack,compute,0.094838553,2,0,0,0,0,0,0,1437,0,0,0,0,0,0,0,0,0,0,0
20,cn4355,volume_size_exchange,communication,3.45999999993e-05,1,0,0,0,0,0,0,0,0,0,0,0,0,0,0,3,3,12,12
20,cn4355,volume_payload_prepare,compute,5.22610000004e-05,1,0,0,0,0,0,0,0,0,0,0,0,0,0,0,0,0,0,0
20,cn4355,volume_payload_exchange,communication,0.00251755,1,0,0,0,0,0,0,16,0,0,0,0,0,0,0,3,3,686520,679440
20,cn4355,volume_exchange_unpack,compute,0.06103455,1,0,0,0,0,0,0,2071,0,0,0,0,0,0,0,0,0,0,0
20,cn4355,final_mesh_save,io,0,0,0,0,0,0,0,0,0,0,0,0,0,0,0,0,0,0,0,0
20,cn4355,testout_io,io,0,0,0,0,0,0,0,0,0,0,0,0,0,0,0,0,0,0,0,0
20,cn4355,final_count_exchange,communication,0,0,0,0,0,0,0,0,0,0,0,0,0,0,0,0,0,0,0,0
20,cn4355,quality_evaluation,postprocess,0,0,0,0,0,0,0,0,0,0,0,0,0,0,0,0,0,0,0,0
21,cn4356,geometry_load,io,1.766703973,1,0,0,0,0,0,0,5898,0,1035092,0,0,0,2,3,0,0,0,0
21,cn4356,coarse_local_size,setup,0.449782958,1,0,0,0,0,0,0,7407,0,0,0,0,0,88,21,0,0,0,0
21,cn4356,coarse_edge_mesh,setup,0.012664188,1,0,0,0,0,0,0,521,0,0,0,0,0,0,0,0,0,0,0
21,cn4356,coarse_surface_mesh,setup,8.214800861,1,0,0,0,0,0,0,14422,0,0,0,0,0,0,9,0,0,0,0
21,cn4356,coarse_volume_mesh,setup,13.332376177,1,0,0,0,0,0,0,28946,0,0,0,0,0,35954,1630680,0,0,0,0
21,cn4356,coarse_mesh_save,io,0,0,0,0,0,0,0,0,0,0,0,0,0,0,0,0,0,0,0,0
21,cn4356,submesh_initialization,setup,0.000178042000002,1,0,0,0,0,0,0,61,0,0,0,0,0,0,0,0,0,0,0
21,cn4356,metis_partition,compute,0.381600919,1,0,0,0,0,0,0,2178,0,0,0,0,0,0,1,0,0,0,0
21,cn4356,face_map_setup,compute,0.00765611,1,0,0,0,0,0,0,763,0,0,0,0,0,0,0,0,0,0,0
21,cn4356,face_local_extract,compute,0.158779703,1,0,0,0,0,0,0,863,0,0,0,0,0,0,0,0,0,0,0
21,cn4356,face_pre_collective_wait,synchronization,0.064902462,1,0,0,0,0,0,0,14,0,0,0,0,0,0,0,0,0,0,0
21,cn4356,face_collective_setup,compute,0.000116181000003,1,0,0,0,0,0,0,16,0,0,0,0,0,0,0,0,0,0,0
21,cn4356,face_allgatherv,communication,0.116839591,1,0,0,0,0,0,0,653,0,0,0,0,0,0,0,1,1,18952,4859624
21,cn4356,face_global_merge,compute,0.079508993,1,0,0,0,0,0,0,467,0,0,0,0,0,0,0,0,0,0,0
21,cn4356,part_face_create,compute,0.019777732,1,0,0,0,0,0,0,21,0,0,0,0,0,0,0,0,0,0,0
21,cn4356,surface_refine,compute,0.00684936,1,0,0,0,0,0,0,41,0,0,0,0,0,0,0,0,0,0,0
21,cn4356,refined_surface_save,io,0,0,0,0,0,0,0,0,0,0,0,0,0,0,0,0,0,0,0,0
21,cn4356,local_volume_mesh,compute,7.730177075,1,0,0,0,0,0,0,2198,0,0,0,0,0,16205,588334,0,0,0,0
21,cn4356,volume_refine,compute,0.326083767,1,0,0,0,0,0,0,5561,0,0,0,0,0,0,0,0,0,0,0
21,cn4356,refined_volume_save,io,0,0,0,0,0,0,0,0,0,0,0,0,0,0,0,0,0,0,0,0
21,cn4356,adjacency_build,compute,0.004927498,1,0,0,0,0,0,0,12,0,0,0,0,0,0,0,0,0,0,0
21,cn4356,vertex_numbering_local,compute,0.005440624,1,0,0,0,0,0,0,5,0,0,0,0,0,0,0,0,0,0,0
21,cn4356,vertex_count_allgather,communication,0.612118243,1,0,0,0,0,0,0,53,0,0,0,0,0,0,1,1,1,4,1024
21,cn4356,element_count_allgather,communication,0.007899993,1,0,0,0,0,0,0,1,0,0,0,0,0,0,0,1,1,4,1024
21,cn4356,vertex_exchange_prepare,compute,1.57409999986e-05,1,0,0,0,0,0,0,0,0,0,0,0,0,0,0,0,0,0,0
21,cn4356,vertex_exchange,communication,0.000626226999998,1,0,0,0,0,0,0,17,0,0,0,0,0,0,0,3,3,30272,41580
21,cn4356,vertex_exchange_unpack,compute,0.000659268,1,0,0,0,0,0,0,0,0,0,0,0,0,0,0,0,0,0,0
21,cn4356,partition_result_io,io,0,0,0,0,0,0,0,0,0,0,0,0,0,0,0,0,0,0,0,0
21,cn4356,volume_exchange_pack,compute,0.076978283,2,0,0,0,0,0,0,3,0,0,0,0,0,0,0,0,0,0,0
21,cn4356,volume_size_exchange,communication,0.037985465,1,0,0,0,0,0,0,11,0,0,0,0,0,0,0,5,5,20,20
21,cn4356,volume_payload_prepare,compute,6.03209999994e-05,1,0,0,0,0,0,0,0,0,0,0,0,0,0,0,0,0,0,0
21,cn4356,volume_payload_exchange,communication,0.001982904,1,0,0,0,0,0,0,29,0,0,0,0,0,0,0,5,5,746400,745560
21,cn4356,volume_exchange_unpack,compute,0.057358733,1,0,0,0,0,0,0,929,0,0,0,0,0,0,0,0,0,0,0
21,cn4356,final_mesh_save,io,0,0,0,0,0,0,0,0,0,0,0,0,0,0,0,0,0,0,0,0
21,cn4356,testout_io,io,0,0,0,0,0,0,0,0,0,0,0,0,0,0,0,0,0,0,0,0
21,cn4356,final_count_exchange,communication,0,0,0,0,0,0,0,0,0,0,0,0,0,0,0,0,0,0,0,0
21,cn4356,quality_evaluation,postprocess,0,0,0,0,0,0,0,0,0,0,0,0,0,0,0,0,0,0,0,0
22,cn4357,geometry_load,io,1.742137816,1,0,0,0,0,0,0,5898,0,1035092,0,0,0,2,3,0,0,0,0
22,cn4357,coarse_local_size,setup,0.46492438,1,0,0,0,0,0,0,7560,0,0,0,0,0,103,22,0,0,0,0
22,cn4357,coarse_edge_mesh,setup,0.012652685,1,0,0,0,0,0,0,551,0,0,0,0,0,0,0,0,0,0,0
22,cn4357,coarse_surface_mesh,setup,8.10333555,1,0,0,0,0,0,0,9652,0,0,0,0,0,0,8,0,0,0,0
22,cn4357,coarse_volume_mesh,setup,13.160654563,1,0,0,0,0,0,0,20988,0,0,0,0,0,36774,1516264,0,0,0,0
22,cn4357,coarse_mesh_save,io,0,0,0,0,0,0,0,0,0,0,0,0,0,0,0,0,0,0,0,0
22,cn4357,submesh_initialization,setup,0.000138662000005,1,0,0,0,0,0,0,13,0,0,0,0,0,0,0,0,0,0,0
22,cn4357,metis_partition,compute,0.371806175,1,0,0,0,0,0,0,729,0,0,0,0,0,0,0,0,0,0,0
22,cn4357,face_map_setup,compute,0.007267904,1,0,0,0,0,0,0,455,0,0,0,0,0,0,0,0,0,0,0
22,cn4357,face_local_extract,compute,0.160838361,1,0,0,0,0,0,0,635,0,0,0,0,0,0,1,0,0,0,0
22,cn4357,face_pre_collective_wait,synchronization,0.073062136,1,0,0,0,0,0,0,11,0,0,0,0,0,0,0,0,0,0,0
22,cn4357,face_collective_setup,compute,0.000113001000003,1,0,0,0,0,0,0,16,0,0,0,0,0,0,0,0,0,0,0
22,cn4357,face_allgatherv,communication,0.116951999,1,0,0,0,0,0,0,716,0,0,0,0,0,0,0,1,1,18952,4859624
22,cn4357,face_global_merge,compute,0.076114251,1,0,0,0,0,0,0,301,0,0,0,0,0,0,0,0,0,0,0
22,cn4357,part_face_create,compute,0.019081618,1,0,0,0,0,0,0,21,0,0,0,0,0,0,0,0,0,0,0
22,cn4357,surface_refine,compute,0.005503203,1,0,0,0,0,0,0,37,0,0,0,0,0,0,0,0,0,0,0
22,cn4357,refined_surface_save,io,0,0,0,0,0,0,0,0,0,0,0,0,0,0,0,0,0,0,0,0
22,cn4357,local_volume_mesh,compute,6.312633418,1,0,0,0,0,0,0,649,0,0,0,0,0,15848,486725,0,0,0,0
22,cn4357,volume_refine,compute,0.190843704,1,0,0,0,0,0,0,4619,0,0,0,0,0,0,0,0,0,0,0
22,cn4357,refined_volume_save,io,0,0,0,0,0,0,0,0,0,0,0,0,0,0,0,0,0,0,0,0
22,cn4357,adjacency_build,compute,0.004730974,1,0,0,0,0,0,0,0,0,0,0,0,0,0,0,0,0,0,0
22,cn4357,vertex_numbering_local,compute,0.005917008,1,0,0,0,0,0,0,1,0,0,0,0,0,0,0,0,0,0,0
22,cn4357,vertex_count_allgather,communication,2.170239855,1,0,0,0,0,0,0,115,0,0,0,0,0,0,3,1,1,4,1024
22,cn4357,element_count_allgather,communication,0.007843369,1,0,0,0,0,0,0,2,0,0,0,0,0,0,0,1,1,4,1024
22,cn4357,vertex_exchange_prepare,compute,4.06999999996e-05,1,0,0,0,0,0,0,21,0,0,0,0,0,0,0,0,0,0,0
22,cn4357,vertex_exchange,communication,0.011167528,1,0,0,0,0,0,0,579,0,0,0,0,0,0,0,4,5,74030,48554
22,cn4357,vertex_exchange_unpack,compute,0.001130773,1,0,0,0,0,0,0,428,0,0,0,0,0,0,0,0,0,0,0
22,cn4357,partition_result_io,io,0,0,0,0,0,0,0,0,0,0,0,0,0,0,0,0,0,0,0,0
22,cn4357,volume_exchange_pack,compute,0.073596383,2,0,0,0,0,0,0,852,0,0,0,0,0,0,0,0,0,0,0
22,cn4357,volume_size_exchange,communication,0.030530469,1,0,0,0,0,0,0,7,0,0,0,0,0,0,0,6,6,24,24
22,cn4357,volume_payload_prepare,compute,0.000100980999996,1,0,0,0,0,0,0,0,0,0,0,0,0,0,0,0,0,0,0
22,cn4357,volume_payload_exchange,communication,0.001763461,1,0,0,0,0,0,0,28,0,0,0,0,0,0,0,6,6,1307040,1305360
22,cn4357,volume_exchange_unpack,compute,0.04899306,1,0,0,0,0,0,0,594,0,0,0,0,0,0,0,0,0,0,0
22,cn4357,final_mesh_save,io,0,0,0,0,0,0,0,0,0,0,0,0,0,0,0,0,0,0,0,0
22,cn4357,testout_io,io,0,0,0,0,0,0,0,0,0,0,0,0,0,0,0,0,0,0,0,0
22,cn4357,final_count_exchange,communication,0,0,0,0,0,0,0,0,0,0,0,0,0,0,0,0,0,0,0,0
22,cn4357,quality_evaluation,postprocess,0,0,0,0,0,0,0,0,0,0,0,0,0,0,0,0,0,0,0,0
23,cn4358,geometry_load,io,1.730134616,1,0,0,0,0,0,0,5895,0,1035092,0,0,0,2,4,0,0,0,0
23,cn4358,coarse_local_size,setup,0.445084889,1,0,0,0,0,0,0,7266,0,0,0,0,0,96,20,0,0,0,0
23,cn4358,coarse_edge_mesh,setup,0.012639942,1,0,0,0,0,0,0,569,0,0,0,0,0,0,0,0,0,0,0
23,cn4358,coarse_surface_mesh,setup,8.092847009,1,0,0,0,0,0,0,10985,0,0,0,0,0,0,8,0,0,0,0
23,cn4358,coarse_volume_mesh,setup,13.132328464,1,0,0,0,0,0,0,22133,0,0,0,0,0,35382,1432397,0,0,0,0
23,cn4358,coarse_mesh_save,io,0,0,0,0,0,0,0,0,0,0,0,0,0,0,0,0,0,0,0,0
23,cn4358,submesh_initialization,setup,0.000125302000001,1,0,0,0,0,0,0,4,0,0,0,0,0,0,0,0,0,0,0
23,cn4358,metis_partition,compute,0.361709189,1,0,0,0,0,0,0,67,0,0,0,0,0,0,0,0,0,0,0
23,cn4358,face_map_setup,compute,0.006828438,1,0,0,0,0,0,0,262,0,0,0,0,0,0,0,0,0,0,0
23,cn4358,face_local_extract,compute,0.152520516,1,0,0,0,0,0,0,35,0,0,0,0,0,0,0,0,0,0,0
23,cn4358,face_pre_collective_wait,synchronization,0.091984244,1,0,0,0,0,0,0,8,0,0,0,0,0,0,1,0,0,0,0
23,cn4358,face_collective_setup,compute,0.000116321,1,0,0,0,0,0,0,15,0,0,0,0,0,0,0,0,0,0,0
23,cn4358,face_allgatherv,communication,0.116906604,1,0,0,0,0,0,0,47,0,0,0,0,0,0,0,1,1,18952,4859624
23,cn4358,face_global_merge,compute,0.073532579,1,0,0,0,0,0,0,0,0,0,0,0,0,0,0,0,0,0,0
23,cn4358,part_face_create,compute,0.018203442,1,0,0,0,0,0,0,3,0,0,0,0,0,0,0,0,0,0,0
23,cn4358,surface_refine,compute,0.005730023,1,0,0,0,0,0,0,1,0,0,0,0,0,0,0,0,0,0,0
23,cn4358,refined_surface_save,io,0,0,0,0,0,0,0,0,0,0,0,0,0,0,0,0,0,0,0,0
23,cn4358,local_volume_mesh,compute,6.187838053,1,0,0,0,0,0,0,561,0,0,0,0,0,6652,357791,0,0,0,0
23,cn4358,volume_refine,compute,0.209578278,1,0,0,0,0,0,0,4107,0,0,0,0,0,0,0,0,0,0,0
23,cn4358,refined_volume_save,io,0,0,0,0,0,0,0,0,0,0,0,0,0,0,0,0,0,0,0,0
23,cn4358,adjacency_build,compute,0.004496465,1,0,0,0,0,0,0,0,0,0,0,0,0,0,0,0,0,0,0
23,cn4358,vertex_numbering_local,compute,0.006669376,1,0,0,0,0,0,0,1,0,0,0,0,0,0,0,0,0,0,0
23,cn4358,vertex_count_allgather,communication,2.279253944,1,0,0,0,0,0,0,65,0,0,0,0,0,0,2,1,1,4,1024
23,cn4358,element_count_allgather,communication,0.007884533,1,0,0,0,0,0,0,1,0,0,0,0,0,0,0,1,1,4,1024
23,cn4358,vertex_exchange_prepare,compute,2.84400000012e-05,1,0,0,0,0,0,0,6,0,0,0,0,0,0,0,0,0,0,0
23,cn4358,vertex_exchange,communication,0.020219432,1,0,0,0,0,0,0,46,0,0,0,0,0,0,0,7,4,81422,77418
23,cn4358,vertex_exchange_unpack,compute,0.001112776,1,0,0,0,0,0,0,8,0,0,0,0,0,0,0,0,0,0,0
23,cn4358,partition_result_io,io,0,0,0,0,0,0,0,0,0,0,0,0,0,0,0,0,0,0,0,0
23,cn4358,volume_exchange_pack,compute,0.090727646,2,0,0,0,0,0,0,1061,0,0,0,0,0,0,1,0,0,0,0
23,cn4358,volume_size_exchange,communication,0.002462815,1,0,0,0,0,0,0,2,0,0,0,0,0,0,0,7,7,28,28
23,cn4358,volume_payload_prepare,compute,0.000124821,1,0,0,0,0,0,0,0,0,0,0,0,0,0,0,0,0,0,0
23,cn4358,volume_payload_exchange,communication,0.00301496399999,1,0,0,0,0,0,0,18,0,0,0,0,0,0,0,7,7,1678200,1690680
23,cn4358,volume_exchange_unpack,compute,0.062397939,1,0,0,0,0,0,0,1421,0,0,0,0,0,0,0,0,0,0,0
23,cn4358,final_mesh_save,io,0,0,0,0,0,0,0,0,0,0,0,0,0,0,0,0,0,0,0,0
23,cn4358,testout_io,io,0,0,0,0,0,0,0,0,0,0,0,0,0,0,0,0,0,0,0,0
23,cn4358,final_count_exchange,communication,0,0,0,0,0,0,0,0,0,0,0,0,0,0,0,0,0,0,0,0
23,cn4358,quality_evaluation,postprocess,0,0,0,0,0,0,0,0,0,0,0,0,0,0,0,0,0,0,0,0
24,cn4359,geometry_load,io,1.737156816,1,0,0,0,0,0,0,4497,0,1035092,0,0,0,2,2,0,0,0,0
24,cn4359,coarse_local_size,setup,0.444527891,1,0,0,0,0,0,0,7453,0,0,0,0,0,101,20,0,0,0,0
24,cn4359,coarse_edge_mesh,setup,0.012180665,1,0,0,0,0,0,0,519,0,0,0,0,0,0,0,0,0,0,0
24,cn4359,coarse_surface_mesh,setup,8.048142067,1,0,0,0,0,0,0,10736,0,0,0,0,0,0,9,0,0,0,0
24,cn4359,coarse_volume_mesh,setup,13.325478277,1,0,0,0,0,0,0,25616,0,0,0,0,0,38183,1661304,0,0,0,0
24,cn4359,coarse_mesh_save,io,0,0,0,0,0,0,0,0,0,0,0,0,0,0,0,0,0,0,0,0
24,cn4359,submesh_initialization,setup,0.000181482000002,1,0,0,0,0,0,0,60,0,0,0,0,0,0,0,0,0,0,0
24,cn4359,metis_partition,compute,0.380535869,1,0,0,0,0,0,0,1947,0,0,0,0,0,0,0,0,0,0,0
24,cn4359,face_map_setup,compute,0.00753017,1,0,0,0,0,0,0,502,0,0,0,0,0,0,0,0,0,0,0
24,cn4359,face_local_extract,compute,0.159963944,1,0,0,0,0,0,0,816,0,0,0,0,0,0,0,0,0,0,0
24,cn4359,face_pre_collective_wait,synchronization,0.064884592,1,0,0,0,0,0,0,11,0,0,0,0,0,0,1,0,0,0,0
24,cn4359,face_collective_setup,compute,0.000116720999998,1,0,0,0,0,0,0,16,0,0,0,0,0,0,0,0,0,0,0
24,cn4359,face_allgatherv,communication,0.116915251,1,0,0,0,0,0,0,713,0,0,0,0,0,0,0,1,1,18952,4859624
24,cn4359,face_global_merge,compute,0.07904268,1,0,0,0,0,0,0,458,0,0,0,0,0,0,0,0,0,0,0
24,cn4359,part_face_create,compute,0.01933989,1,0,0,0,0,0,0,20,0,0,0,0,0,0,0,0,0,0,0
24,cn4359,surface_refine,compute,0.006149473,1,0,0,0,0,0,0,40,0,0,0,0,0,0,0,0,0,0,0
24,cn4359,refined_surface_save,io,0,0,0,0,0,0,0,0,0,0,0,0,0,0,0,0,0,0,0,0
24,cn4359,local_volume_mesh,compute,6.002632983,1,0,0,0,0,0,0,806,0,0,0,0,0,6650,262798,0,0,0,0
24,cn4359,volume_refine,compute,0.206279835,1,0,0,0,0,0,0,3780,0,0,0,0,0,0,0,0,0,0,0
24,cn4359,refined_volume_save,io,0,0,0,0,0,0,0,0,0,0,0,0,0,0,0,0,0,0,0,0
24,cn4359,adjacency_build,compute,0.004959679,1,0,0,0,0,0,0,0,0,0,0,0,0,0,0,0,0,0,0
24,cn4359,vertex_numbering_local,compute,0.008236038,1,0,0,0,0,0,0,1,0,0,0,0,0,0,0,0,0,0,0
24,cn4359,vertex_count_allgather,communication,2.458372219,1,0,0,0,0,0,0,81,0,0,0,0,0,0,4,1,1,4,1024
24,cn4359,element_count_allgather,communication,0.007921234,1,0,0,0,0,0,0,2,0,0,0,0,0,0,0,1,1,4,1024
24,cn4359,vertex_exchange_prepare,compute,4.82810000051e-05,1,0,0,0,0,0,0,22,0,0,0,0,0,0,0,0,0,0,0
24,cn4359,vertex_exchange,communication,0.020065739,1,0,0,0,0,0,0,137,0,0,0,0,0,0,0,9,6,155980,39996
24,cn4359,vertex_exchange_unpack,compute,0.001171274,1,0,0,0,0,0,0,561,0,0,0,0,0,0,0,0,0,0,0
24,cn4359,partition_result_io,io,0,0,0,0,0,0,0,0,0,0,0,0,0,0,0,0,0,0,0,0
24,cn4359,volume_exchange_pack,compute,0.087166437,2,0,0,0,0,0,0,1254,0,0,0,0,0,0,1,0,0,0,0
24,cn4359,volume_size_exchange,communication,0.004287251,1,0,0,0,0,0,0,7,0,0,0,0,0,0,0,7,7,28,28
24,cn4359,volume_payload_prepare,compute,0.000382004999999,1,0,0,0,0,0,0,164,0,0,0,0,0,0,0,0,0,0,0
24,cn4359,volume_payload_exchange,communication,0.004734396,1,0,0,0,0,0,0,29,0,0,0,0,0,0,0,7,7,2078640,2081640
24,cn4359,volume_exchange_unpack,compute,0.064909332,1,0,0,0,0,0,0,1352,0,0,0,0,0,0,0,0,0,0,0
24,cn4359,final_mesh_save,io,0,0,0,0,0,0,0,0,0,0,0,0,0,0,0,0,0,0,0,0
24,cn4359,testout_io,io,0,0,0,0,0,0,0,0,0,0,0,0,0,0,0,0,0,0,0,0
24,cn4359,final_count_exchange,communication,0,0,0,0,0,0,0,0,0,0,0,0,0,0,0,0,0,0,0,0
24,cn4359,quality_evaluation,postprocess,0,0,0,0,0,0,0,0,0,0,0,0,0,0,0,0,0,0,0,0
25,cn4360,geometry_load,io,1.900147347,1,0,0,0,0,0,0,5897,0,1035092,0,0,0,2,4,0,0,0,0
25,cn4360,coarse_local_size,setup,0.472546131,1,0,0,0,0,0,0,7065,0,0,0,0,0,87,23,0,0,0,0
25,cn4360,coarse_edge_mesh,setup,0.012717335,1,0,0,0,0,0,0,579,0,0,0,0,0,0,0,0,0,0,0
25,cn4360,coarse_surface_mesh,setup,8.159248353,1,0,0,0,0,0,0,11150,0,0,0,0,0,0,9,0,0,0,0
25,cn4360,coarse_volume_mesh,setup,13.386410055,1,0,0,0,0,0,0,24554,0,0,0,0,0,39843,1543274,0,0,0,0
25,cn4360,coarse_mesh_save,io,0,0,0,0,0,0,0,0,0,0,0,0,0,0,0,0,0,0,0,0
25,cn4360,submesh_initialization,setup,0.000161122000002,1,0,0,0,0,0,0,49,0,0,0,0,0,0,0,0,0,0,0
25,cn4360,metis_partition,compute,0.374746397,1,0,0,0,0,0,0,1829,0,0,0,0,0,0,0,0,0,0,0
25,cn4360,face_map_setup,compute,0.007461031,1,0,0,0,0,0,0,480,0,0,0,0,0,0,0,0,0,0,0
25,cn4360,face_local_extract,compute,0.162694607,1,0,0,0,0,0,0,780,0,0,0,0,0,0,0,0,0,0,0
25,cn4360,face_pre_collective_wait,synchronization,0.068068571,1,0,0,0,0,0,0,13,0,0,0,0,0,0,0,0,0,0,0
25,cn4360,face_collective_setup,compute,0.000107841999998,1,0,0,0,0,0,0,16,0,0,0,0,0,0,0,0,0,0,0
25,cn4360,face_allgatherv,communication,0.116875067,1,0,0,0,0,0,0,809,0,0,0,0,0,0,1,1,1,18952,4859624
25,cn4360,face_global_merge,compute,0.078563539,1,0,0,0,0,0,0,528,0,0,0,0,0,0,0,0,0,0,0
25,cn4360,part_face_create,compute,0.019224055,1,0,0,0,0,0,0,20,0,0,0,0,0,0,0,0,0,0,0
25,cn4360,surface_refine,compute,0.006348958,1,0,0,0,0,0,0,43,0,0,0,0,0,0,0,0,0,0,0
25,cn4360,refined_surface_save,io,0,0,0,0,0,0,0,0,0,0,0,0,0,0,0,0,0,0,0,0
25,cn4360,local_volume_mesh,compute,5.966712734,1,0,0,0,0,0,0,809,0,0,0,0,0,8584,345251,0,0,0,0
25,cn4360,volume_refine,compute,0.214037995,1,0,0,0,0,0,0,3073,0,0,0,0,0,0,0,0,0,0,0
25,cn4360,refined_volume_save,io,0,0,0,0,0,0,0,0,0,0,0,0,0,0,0,0,0,0,0,0
25,cn4360,adjacency_build,compute,0.004860539,1,0,0,0,0,0,0,0,0,0,0,0,0,0,0,0,0,0,0
25,cn4360,vertex_numbering_local,compute,0.008763447,1,0,0,0,0,0,0,1,0,0,0,0,0,0,0,0,0,0,0
25,cn4360,vertex_count_allgather,communication,2.486560149,1,0,0,0,0,0,0,93,0,0,0,0,0,0,2,1,1,4,1024
25,cn4360,element_count_allgather,communication,0.007863476,1,0,0,0,0,0,0,3,0,0,0,0,0,0,0,1,1,4,1024
25,cn4360,vertex_exchange_prepare,compute,4.31009999957e-05,1,0,0,0,0,0,0,16,0,0,0,0,0,0,0,0,0,0,0
25,cn4360,vertex_exchange,communication,0.011893605,1,0,0,0,0,0,0,76,0,0,0,0,0,0,0,8,8,95040,114180
25,cn4360,vertex_exchange_unpack,compute,0.002554792,1,0,0,0,0,0,0,969,0,0,0,0,0,0,0,0,0,0,0
25,cn4360,partition_result_io,io,0,0,0,0,0,0,0,0,0,0,0,0,0,0,0,0,0,0,0,0
25,cn4360,volume_exchange_pack,compute,0.098106838,2,0,0,0,0,0,0,988,0,0,0,0,0,0,1,0,0,0,0
25,cn4360,volume_size_exchange,communication,0.003753686,1,0,0,0,0,0,0,7,0,0,0,0,0,0,0,8,8,32,32
25,cn4360,volume_payload_prepare,compute,0.000359945,1,0,0,0,0,0,0,151,0,0,0,0,0,0,0,0,0,0,0
25,cn4360,volume_payload_exchange,communication,0.0229398,1,0,0,0,0,0,0,30,0,0,0,0,0,0,0,8,8,2225640,2239200
25,cn4360,volume_exchange_unpack,compute,0.068493557,1,0,0,0,0,0,0,1244,0,0,0,0,0,0,0,0,0,0,0
25,cn4360,final_mesh_save,io,0,0,0,0,0,0,0,0,0,0,0,0,0,0,0,0,0,0,0,0
25,cn4360,testout_io,io,0,0,0,0,0,0,0,0,0,0,0,0,0,0,0,0,0,0,0,0
25,cn4360,final_count_exchange,communication,0,0,0,0,0,0,0,0,0,0,0,0,0,0,0,0,0,0,0,0
25,cn4360,quality_evaluation,postprocess,0,0,0,0,0,0,0,0,0,0,0,0,0,0,0,0,0,0,0,0
26,cn4361,geometry_load,io,1.712603202,1,0,0,0,0,0,0,5899,0,1035092,0,0,0,2,2,0,0,0,0
26,cn4361,coarse_local_size,setup,0.438909531,1,0,0,0,0,0,0,6807,0,0,0,0,0,115,18,0,0,0,0
26,cn4361,coarse_edge_mesh,setup,0.012731422,1,0,0,0,0,0,0,569,0,0,0,0,0,0,0,0,0,0,0
26,cn4361,coarse_surface_mesh,setup,8.199336377,1,0,0,0,0,0,0,14464,0,0,0,0,0,0,11,0,0,0,0
26,cn4361,coarse_volume_mesh,setup,13.539303076,1,0,0,0,0,0,0,29855,0,0,0,0,0,39615,1795711,0,0,0,0
26,cn4361,coarse_mesh_save,io,0,0,0,0,0,0,0,0,0,0,0,0,0,0,0,0,0,0,0,0
26,cn4361,submesh_initialization,setup,0.000180982000003,1,0,0,0,0,0,0,55,0,0,0,0,0,0,0,0,0,0,0
26,cn4361,metis_partition,compute,0.383644755,1,0,0,0,0,0,0,2128,0,0,0,0,0,0,0,0,0,0,0
26,cn4361,face_map_setup,compute,0.007718186,1,0,0,0,0,0,0,710,0,0,0,0,0,0,0,0,0,0,0
26,cn4361,face_local_extract,compute,0.161833203,1,0,0,0,0,0,0,886,0,0,0,0,0,0,0,0,0,0,0
26,cn4361,face_pre_collective_wait,synchronization,0.059656105,1,0,0,0,0,0,0,13,0,0,0,0,0,0,0,0,0,0,0
26,cn4361,face_collective_setup,compute,0.000108540999996,1,0,0,0,0,0,0,16,0,0,0,0,0,0,0,0,0,0,0
26,cn4361,face_allgatherv,communication,0.116896782,1,0,0,0,0,0,0,712,0,0,0,0,0,0,0,1,1,18952,4859624
26,cn4361,face_global_merge,compute,0.078775658,1,0,0,0,0,0,0,595,0,0,0,0,0,0,1,0,0,0,0
26,cn4361,part_face_create,compute,0.019597999,1,0,0,0,0,0,0,21,0,0,0,0,0,0,0,0,0,0,0
26,cn4361,surface_refine,compute,0.006238909,1,0,0,0,0,0,0,40,0,0,0,0,0,0,0,0,0,0,0
26,cn4361,refined_surface_save,io,0,0,0,0,0,0,0,0,0,0,0,0,0,0,0,0,0,0,0,0
26,cn4361,local_volume_mesh,compute,7.467806926,1,0,0,0,0,0,0,805,0,0,0,0,0,15427,556777,0,0,0,0
26,cn4361,volume_refine,compute,0.232633132,1,0,0,0,0,0,0,8444,0,0,0,0,0,0,0,0,0,0,0
26,cn4361,refined_volume_save,io,0,0,0,0,0,0,0,0,0,0,0,0,0,0,0,0,0,0,0,0
26,cn4361,adjacency_build,compute,0.005091337,1,0,0,0,0,0,0,244,0,0,0,0,0,0,0,0,0,0,0
26,cn4361,vertex_numbering_local,compute,0.006722515,1,0,0,0,0,0,0,177,0,0,0,0,0,0,0,0,0,0,0
26,cn4361,vertex_count_allgather,communication,0.968015586,1,0,0,0,0,0,0,91,0,0,0,0,0,0,1,1,1,4,1024
26,cn4361,element_count_allgather,communication,0.00793862899999,1,0,0,0,0,0,0,0,0,0,0,0,0,0,0,1,1,4,1024
26,cn4361,vertex_exchange_prepare,compute,3.40610000009e-05,1,0,0,0,0,0,0,10,0,0,0,0,0,0,0,0,0,0,0
26,cn4361,vertex_exchange,communication,0.020229945,1,0,0,0,0,0,0,380,0,0,0,0,0,0,0,8,5,82720,41580
26,cn4361,vertex_exchange_unpack,compute,0.000632327000005,1,0,0,0,0,0,0,0,0,0,0,0,0,0,0,0,0,0,0
26,cn4361,partition_result_io,io,0,0,0,0,0,0,0,0,0,0,0,0,0,0,0,0,0,0,0,0
26,cn4361,volume_exchange_pack,compute,0.086390123,2,0,0,0,0,0,0,573,0,0,0,0,0,0,0,0,0,0,0
26,cn4361,volume_size_exchange,communication,0.007602365,1,0,0,0,0,0,0,39,0,0,0,0,0,0,0,7,7,28,28
26,cn4361,volume_payload_prepare,compute,0.000120661000004,1,0,0,0,0,0,0,14,0,0,0,0,0,0,0,0,0,0,0
26,cn4361,volume_payload_exchange,communication,0.02508632,1,0,0,0,0,0,0,21,0,0,0,0,0,0,0,7,7,1304640,1300200
26,cn4361,volume_exchange_unpack,compute,0.059816407,1,0,0,0,0,0,0,2028,0,0,0,0,0,0,0,0,0,0,0
26,cn4361,final_mesh_save,io,0,0,0,0,0,0,0,0,0,0,0,0,0,0,0,0,0,0,0,0
26,cn4361,testout_io,io,0,0,0,0,0,0,0,0,0,0,0,0,0,0,0,0,0,0,0,0
26,cn4361,final_count_exchange,communication,0,0,0,0,0,0,0,0,0,0,0,0,0,0,0,0,0,0,0,0
26,cn4361,quality_evaluation,postprocess,0,0,0,0,0,0,0,0,0,0,0,0,0,0,0,0,0,0,0,0
27,cn4362,geometry_load,io,1.753912816,1,0,0,0,0,0,0,5897,0,1035092,0,0,0,2,3,0,0,0,0
27,cn4362,coarse_local_size,setup,0.452809535,1,0,0,0,0,0,0,7403,0,0,0,0,0,83,20,0,0,0,0
27,cn4362,coarse_edge_mesh,setup,0.012728447,1,0,0,0,0,0,0,550,0,0,0,0,0,0,0,0,0,0,0
27,cn4362,coarse_surface_mesh,setup,8.240645009,1,0,0,0,0,0,0,14219,0,0,0,0,0,0,13,0,0,0,0
27,cn4362,coarse_volume_mesh,setup,13.311562538,1,0,0,0,0,0,0,27768,0,0,0,0,0,38408,1510996,0,0,0,0
27,cn4362,coarse_mesh_save,io,0,0,0,0,0,0,0,0,0,0,0,0,0,0,0,0,0,0,0,0
27,cn4362,submesh_initialization,setup,0.000179082999999,1,0,0,0,0,0,0,59,0,0,0,0,0,0,0,0,0,0,0
27,cn4362,metis_partition,compute,0.394683342,1,0,0,0,0,0,0,1836,0,0,0,0,0,0,0,0,0,0,0
27,cn4362,face_map_setup,compute,0.007815414,1,0,0,0,0,0,0,573,0,0,0,0,0,0,0,0,0,0,0
27,cn4362,face_local_extract,compute,0.15619852,1,0,0,0,0,0,0,821,0,0,0,0,0,0,0,0,0,0,0
27,cn4362,face_pre_collective_wait,synchronization,0.054215211,1,0,0,0,0,0,0,14,0,0,0,0,0,0,0,0,0,0,0
27,cn4362,face_collective_setup,compute,0.000115942000001,1,0,0,0,0,0,0,16,0,0,0,0,0,0,0,0,0,0,0
27,cn4362,face_allgatherv,communication,0.116866106,1,0,0,0,0,0,0,1154,0,0,0,0,0,0,0,1,1,18952,4859624
27,cn4362,face_global_merge,compute,0.080020688,1,0,0,0,0,0,0,648,0,0,0,0,0,0,0,0,0,0,0
27,cn4362,part_face_create,compute,0.019589926,1,0,0,0,0,0,0,24,0,0,0,0,0,0,0,0,0,0,0
27,cn4362,surface_refine,compute,0.00615711,1,0,0,0,0,0,0,41,0,0,0,0,0,0,0,0,0,0,0
27,cn4362,refined_surface_save,io,0,0,0,0,0,0,0,0,0,0,0,0,0,0,0,0,0,0,0,0
27,cn4362,local_volume_mesh,compute,7.135710895,1,0,0,0,0,0,0,2149,0,0,0,0,0,8957,299530,0,0,0,0
27,cn4362,volume_refine,compute,0.195626196,1,0,0,0,0,0,0,6567,0,0,0,0,0,0,0,0,0,0,0
27,cn4362,refined_volume_save,io,0,0,0,0,0,0,0,0,0,0,0,0,0,0,0,0,0,0,0,0
27,cn4362,adjacency_build,compute,0.00499917299999,1,0,0,0,0,0,0,13,0,0,0,0,0,0,0,0,0,0,0
27,cn4362,vertex_numbering_local,compute,0.00754055,1,0,0,0,0,0,0,3,0,0,0,0,0,0,0,0,0,0,0
27,cn4362,vertex_count_allgather,communication,1.335189892,1,0,0,0,0,0,0,53,0,0,0,0,0,0,1,1,1,4,1024
27,cn4362,element_count_allgather,communication,0.007968336,1,0,0,0,0,0,0,0,0,0,0,0,0,0,0,1,1,4,1024
27,cn4362,vertex_exchange_prepare,compute,2.30799999983e-05,1,0,0,0,0,0,0,0,0,0,0,0,0,0,0,0,0,0,0
27,cn4362,vertex_exchange,communication,0.019746289,1,0,0,0,0,0,0,44,0,0,0,0,0,0,0,8,5,46970,133958
27,cn4362,vertex_exchange_unpack,compute,0.00189994799999,1,0,0,0,0,0,0,0,0,0,0,0,0,0,0,0,0,0,0
27,cn4362,partition_result_io,io,0,0,0,0,0,0,0,0,0,0,0,0,0,0,0,0,0,0,0,0
27,cn4362,volume_exchange_pack,compute,0.084115648,2,0,0,0,0,0,0,1,0,0,0,0,0,0,0,0,0,0,0
27,cn4362,volume_size_exchange,communication,0.007052063,1,0,0,0,0,0,0,3,0,0,0,0,0,0,0,7,7,28,28
27,cn4362,volume_payload_prepare,compute,0.000140282000004,1,0,0,0,0,0,0,0,0,0,0,0,0,0,0,0,0,0,0
27,cn4362,volume_payload_exchange,communication,0.026546907,1,0,0,0,0,0,0,29,0,0,0,0,0,0,0,7,7,1932840,1919400
27,cn4362,volume_exchange_unpack,compute,0.060000456,1,0,0,0,0,0,0,229,0,0,0,0,0,0,0,0,0,0,0
27,cn4362,final_mesh_save,io,0,0,0,0,0,0,0,0,0,0,0,0,0,0,0,0,0,0,0,0
27,cn4362,testout_io,io,0,0,0,0,0,0,0,0,0,0,0,0,0,0,0,0,0,0,0,0
27,cn4362,final_count_exchange,communication,0,0,0,0,0,0,0,0,0,0,0,0,0,0,0,0,0,0,0,0
27,cn4362,quality_evaluation,postprocess,0,0,0,0,0,0,0,0,0,0,0,0,0,0,0,0,0,0,0,0
28,cn4363,geometry_load,io,1.73383678,1,0,0,0,0,0,0,5898,0,1035092,0,0,0,2,2,0,0,0,0
28,cn4363,coarse_local_size,setup,0.447532638,1,0,0,0,0,0,0,7398,0,0,0,0,0,83,20,0,0,0,0
28,cn4363,coarse_edge_mesh,setup,0.012722258,1,0,0,0,0,0,0,569,0,0,0,0,0,0,0,0,0,0,0
28,cn4363,coarse_surface_mesh,setup,8.184813026,1,0,0,0,0,0,0,14175,0,0,0,0,0,0,10,0,0,0,0
28,cn4363,coarse_volume_mesh,setup,13.483408062,1,0,0,0,0,0,0,27936,0,0,0,0,0,38999,1600679,0,0,0,0
28,cn4363,coarse_mesh_save,io,0,0,0,0,0,0,0,0,0,0,0,0,0,0,0,0,0,0,0,0
28,cn4363,submesh_initialization,setup,0.000178161999997,1,0,0,0,0,0,0,55,0,0,0,0,0,0,0,0,0,0,0
28,cn4363,metis_partition,compute,0.382547153,1,0,0,0,0,0,0,2288,0,0,0,0,0,0,0,0,0,0,0
28,cn4363,face_map_setup,compute,0.007503642,1,0,0,0,0,0,0,559,0,0,0,0,0,0,0,0,0,0,0
28,cn4363,face_local_extract,compute,0.161394952,1,0,0,0,0,0,0,747,0,0,0,0,0,0,1,0,0,0,0
28,cn4363,face_pre_collective_wait,synchronization,0.061463487,1,0,0,0,0,0,0,14,0,0,0,0,0,0,0,0,0,0,0
28,cn4363,face_collective_setup,compute,0.000112201,1,0,0,0,0,0,0,16,0,0,0,0,0,0,0,0,0,0,0
28,cn4363,face_allgatherv,communication,0.118557867,1,0,0,0,0,0,0,870,0,0,0,0,0,0,0,1,1,18952,4859624
28,cn4363,face_global_merge,compute,0.078403111,1,0,0,0,0,0,0,503,0,0,0,0,0,0,0,0,0,0,0
28,cn4363,part_face_create,compute,0.019391571,1,0,0,0,0,0,0,18,0,0,0,0,0,0,0,0,0,0,0
28,cn4363,surface_refine,compute,0.00637996899999,1,0,0,0,0,0,0,41,0,0,0,0,0,0,0,0,0,0,0
28,cn4363,refined_surface_save,io,0,0,0,0,0,0,0,0,0,0,0,0,0,0,0,0,0,0,0,0
28,cn4363,local_volume_mesh,compute,5.996191189,1,0,0,0,0,0,0,798,0,0,0,0,0,9258,316438,0,0,0,0
28,cn4363,volume_refine,compute,0.205326409,1,0,0,0,0,0,0,4107,0,0,0,0,0,0,0,0,0,0,0
28,cn4363,refined_volume_save,io,0,0,0,0,0,0,0,0,0,0,0,0,0,0,0,0,0,0,0,0
28,cn4363,adjacency_build,compute,0.004919394,1,0,0,0,0,0,0,0,0,0,0,0,0,0,0,0,0,0,0
28,cn4363,vertex_numbering_local,compute,0.007229219,1,0,0,0,0,0,0,1,0,0,0,0,0,0,0,0,0,0,0
28,cn4363,vertex_count_allgather,communication,2.465488783,1,0,0,0,0,0,0,95,0,0,0,0,0,0,3,1,1,4,1024
28,cn4363,element_count_allgather,communication,0.007890006,1,0,0,0,0,0,0,2,0,0,0,0,0,0,0,1,1,4,1024
28,cn4363,vertex_exchange_prepare,compute,5.59809999956e-05,1,0,0,0,0,0,0,26,0,0,0,0,0,0,0,0,0,0,0
28,cn4363,vertex_exchange,communication,0.018994806,1,0,0,0,0,0,0,69,0,0,0,0,0,0,0,4,8,36938,135036
28,cn4363,vertex_exchange_unpack,compute,0.002935552,1,0,0,0,0,0,0,1069,0,0,0,0,0,0,0,0,0,0,0
28,cn4363,partition_result_io,io,0,0,0,0,0,0,0,0,0,0,0,0,0,0,0,0,0,0,0,0
28,cn4363,volume_exchange_pack,compute,0.087933655,2,0,0,0,0,0,0,1222,0,0,0,0,0,0,0,0,0,0,0
28,cn4363,volume_size_exchange,communication,0.006524231,1,0,0,0,0,0,0,16,0,0,0,0,0,0,0,11,11,44,44
28,cn4363,volume_payload_prepare,compute,0.000230102000003,1,0,0,0,0,0,0,86,0,0,0,0,0,0,0,0,0,0,0
28,cn4363,volume_payload_exchange,communication,0.023335133,1,0,0,0,0,0,0,33,0,0,0,0,0,0,0,11,11,1824840,1833240
28,cn4363,volume_exchange_unpack,compute,0.054912836,1,0,0,0,0,0,0,551,0,0,0,0,0,0,0,0,0,0,0
28,cn4363,final_mesh_save,io,0,0,0,0,0,0,0,0,0,0,0,0,0,0,0,0,0,0,0,0
28,cn4363,testout_io,io,0,0,0,0,0,0,0,0,0,0,0,0,0,0,0,0,0,0,0,0
28,cn4363,final_count_exchange,communication,0,0,0,0,0,0,0,0,0,0,0,0,0,0,0,0,0,0,0,0
28,cn4363,quality_evaluation,postprocess,0,0,0,0,0,0,0,0,0,0,0,0,0,0,0,0,0,0,0,0
29,cn4364,geometry_load,io,1.747172186,1,0,0,0,0,0,0,5897,0,1035092,0,0,0,2,16,0,0,0,0
29,cn4364,coarse_local_size,setup,0.448166945,1,0,0,0,0,0,0,7422,0,0,0,0,0,85,24,0,0,0,0
29,cn4364,coarse_edge_mesh,setup,0.012526448,1,0,0,0,0,0,0,520,0,0,0,0,0,0,0,0,0,0,0
29,cn4364,coarse_surface_mesh,setup,8.127415652,1,0,0,0,0,0,0,11318,0,0,0,0,0,0,70,0,0,0,0
29,cn4364,coarse_volume_mesh,setup,13.430827363,1,0,0,0,0,0,0,22100,0,0,0,0,0,38246,1748563,0,0,0,0
29,cn4364,coarse_mesh_save,io,0,0,0,0,0,0,0,0,0,0,0,0,0,0,0,0,0,0,0,0
29,cn4364,submesh_initialization,setup,0.000124360999997,1,0,0,0,0,0,0,4,0,0,0,0,0,0,0,0,0,0,0
29,cn4364,metis_partition,compute,0.361495959,1,0,0,0,0,0,0,71,0,0,0,0,0,0,3,0,0,0,0
29,cn4364,face_map_setup,compute,0.006830172,1,0,0,0,0,0,0,263,0,0,0,0,0,0,0,0,0,0,0
29,cn4364,face_local_extract,compute,0.155076125,1,0,0,0,0,0,0,35,0,0,0,0,0,0,1,0,0,0,0
29,cn4364,face_pre_collective_wait,synchronization,0.089680705,1,0,0,0,0,0,0,10,0,0,0,0,0,0,1,0,0,0,0
29,cn4364,face_collective_setup,compute,0.000105842000004,1,0,0,0,0,0,0,15,0,0,0,0,0,0,0,0,0,0,0
29,cn4364,face_allgatherv,communication,0.118623915,1,0,0,0,0,0,0,83,0,0,0,0,0,0,2,1,1,18952,4859624
29,cn4364,face_global_merge,compute,0.073582129,1,0,0,0,0,0,0,0,0,0,0,0,0,0,0,0,0,0,0
29,cn4364,part_face_create,compute,0.018504449,1,0,0,0,0,0,0,3,0,0,0,0,0,0,0,0,0,0,0
29,cn4364,surface_refine,compute,0.0059385,1,0,0,0,0,0,0,1,0,0,0,0,0,0,1,0,0,0,0
29,cn4364,refined_surface_save,io,0,0,0,0,0,0,0,0,0,0,0,0,0,0,0,0,0,0,0,0
29,cn4364,local_volume_mesh,compute,8.366236043,1,0,0,0,0,0,0,675,0,0,0,0,0,16351,627255,0,0,0,0
29,cn4364,volume_refine,compute,0.309347658,1,0,0,0,0,0,0,4389,0,0,0,0,0,0,2,0,0,0,0
29,cn4364,refined_volume_save,io,0,0,0,0,0,0,0,0,0,0,0,0,0,0,0,0,0,0,0,0
29,cn4364,adjacency_build,compute,0.00448043999999,1,0,0,0,0,0,0,1,0,0,0,0,0,0,0,0,0,0,0
29,cn4364,vertex_numbering_local,compute,0.004971147,1,0,0,0,0,0,0,2,0,0,0,0,0,0,0,0,0,0,0
29,cn4364,vertex_count_allgather,communication,0.000200442999997,1,0,0,0,0,0,0,30,0,0,0,0,0,0,0,1,1,4,1024
29,cn4364,element_count_allgather,communication,0.007632043,1,0,0,0,0,0,0,0,0,0,0,0,0,0,0,1,1,4,1024
29,cn4364,vertex_exchange_prepare,compute,1.48210000006e-05,1,0,0,0,0,0,0,0,0,0,0,0,0,0,0,0,0,0,0
29,cn4364,vertex_exchange,communication,0.011048848,1,0,0,0,0,0,0,18,0,0,0,0,0,0,0,1,4,14960,44550
29,cn4364,vertex_exchange_unpack,compute,0.000682948999994,1,0,0,0,0,0,0,0,0,0,0,0,0,0,1,0,0,0,0
29,cn4364,partition_result_io,io,0,0,0,0,0,0,0,0,0,0,0,0,0,0,0,0,0,0,0,0
29,cn4364,volume_exchange_pack,compute,0.087139512,2,0,0,0,0,0,0,1,0,0,0,0,0,0,0,0,0,0,0
29,cn4364,volume_size_exchange,communication,0.017339313,1,0,0,0,0,0,0,3,0,0,0,0,0,0,0,4,4,16,16
29,cn4364,volume_payload_prepare,compute,4.89210000012e-05,1,0,0,0,0,0,0,0,0,0,0,0,0,0,0,0,0,0,0
29,cn4364,volume_payload_exchange,communication,0.002049268,1,0,0,0,0,0,0,11,0,0,0,0,0,0,0,4,4,618360,617640
29,cn4364,volume_exchange_unpack,compute,0.054697715,1,0,0,0,0,0,0,744,0,0,0,0,0,0,1,0,0,0,0
29,cn4364,final_mesh_save,io,0,0,0,0,0,0,0,0,0,0,0,0,0,0,0,0,0,0,0,0
29,cn4364,testout_io,io,0,0,0,0,0,0,0,0,0,0,0,0,0,0,0,0,0,0,0,0
29,cn4364,final_count_exchange,communication,0,0,0,0,0,0,0,0,0,0,0,0,0,0,0,0,0,0,0,0
29,cn4364,quality_evaluation,postprocess,0,0,0,0,0,0,0,0,0,0,0,0,0,0,0,0,0,0,0,0
30,cn4365,geometry_load,io,1.71642164,1,0,0,0,0,0,0,5897,0,1035092,0,0,0,2,2,0,0,0,0
30,cn4365,coarse_local_size,setup,0.445597508,1,0,0,0,0,0,0,7462,0,0,0,0,0,92,20,0,0,0,0
30,cn4365,coarse_edge_mesh,setup,0.01256449,1,0,0,0,0,0,0,579,0,0,0,0,0,0,0,0,0,0,0
30,cn4365,coarse_surface_mesh,setup,8.146920656,1,0,0,0,0,0,0,10011,0,0,0,0,0,0,13,0,0,0,0
30,cn4365,coarse_volume_mesh,setup,13.244921581,1,0,0,0,0,0,0,25083,0,0,0,0,0,35034,1609136,0,0,0,0
30,cn4365,coarse_mesh_save,io,0,0,0,0,0,0,0,0,0,0,0,0,0,0,0,0,0,0,0,0
30,cn4365,submesh_initialization,setup,0.000152481999997,1,0,0,0,0,0,0,21,0,0,0,0,0,0,0,0,0,0,0
30,cn4365,metis_partition,compute,0.369840718,1,0,0,0,0,0,0,1450,0,0,0,0,0,0,0,0,0,0,0
30,cn4365,face_map_setup,compute,0.007705973,1,0,0,0,0,0,0,662,0,0,0,0,0,0,0,0,0,0,0
30,cn4365,face_local_extract,compute,0.158168718,1,0,0,0,0,0,0,733,0,0,0,0,0,0,0,0,0,0,0
30,cn4365,face_pre_collective_wait,synchronization,0.077214146,1,0,0,0,0,0,0,10,0,0,0,0,0,0,0,0,0,0,0
30,cn4365,face_collective_setup,compute,0.000118581000002,1,0,0,0,0,0,0,16,0,0,0,0,0,0,0,0,0,0,0
30,cn4365,face_allgatherv,communication,0.118683985,1,0,0,0,0,0,0,638,0,0,0,0,0,0,0,1,1,18952,4859624
30,cn4365,face_global_merge,compute,0.07914165,1,0,0,0,0,0,0,630,0,0,0,0,0,0,0,0,0,0,0
30,cn4365,part_face_create,compute,0.019565355,1,0,0,0,0,0,0,20,0,0,0,0,0,0,0,0,0,0,0
30,cn4365,surface_refine,compute,0.006778082,1,0,0,0,0,0,0,41,0,0,0,0,0,0,0,0,0,0,0
30,cn4365,refined_surface_save,io,0,0,0,0,0,0,0,0,0,0,0,0,0,0,0,0,0,0,0,0
30,cn4365,local_volume_mesh,compute,6.868799117,1,0,0,0,0,0,0,742,0,0,0,0,0,12195,395660,0,0,0,0
30,cn4365,volume_refine,compute,0.243172079,1,0,0,0,0,0,0,7056,0,0,0,0,0,0,1,0,0,0,0
30,cn4365,refined_volume_save,io,0,0,0,0,0,0,0,0,0,0,0,0,0,0,0,0,0,0,0,0
30,cn4365,adjacency_build,compute,0.004808718,1,0,0,0,0,0,0,29,0,0,0,0,0,0,0,0,0,0,0
30,cn4365,vertex_numbering_local,compute,0.00623677399999,1,0,0,0,0,0,0,5,0,0,0,0,0,0,0,0,0,0,0
30,cn4365,vertex_count_allgather,communication,1.554502516,1,0,0,0,0,0,0,31,0,0,0,0,0,0,1,1,1,4,1024
30,cn4365,element_count_allgather,communication,0.007708992,1,0,0,0,0,0,0,0,0,0,0,0,0,0,0,1,1,4,1024
30,cn4365,vertex_exchange_prepare,compute,1.76599999975e-05,1,0,0,0,0,0,0,0,0,0,0,0,0,0,0,0,0,0,0
30,cn4365,vertex_exchange,communication,0.020729829,1,0,0,0,0,0,0,800,0,0,0,0,0,0,0,1,5,20592,72556
30,cn4365,vertex_exchange_unpack,compute,0.001067052,1,0,0,0,0,0,0,1,0,0,0,0,0,0,0,0,0,0,0
30,cn4365,partition_result_io,io,0,0,0,0,0,0,0,0,0,0,0,0,0,0,0,0,0,0,0,0
30,cn4365,volume_exchange_pack,compute,0.079767157,2,0,0,0,0,0,0,2,0,0,0,0,0,0,0,0,0,0,0
30,cn4365,volume_size_exchange,communication,0.01331868,1,0,0,0,0,0,0,3,0,0,0,0,0,0,0,6,6,24,24
30,cn4365,volume_payload_prepare,compute,7.52810000009e-05,1,0,0,0,0,0,0,0,0,0,0,0,0,0,0,0,0,0,0
30,cn4365,volume_payload_exchange,communication,0.025140222,1,0,0,0,0,0,0,20,0,0,0,0,0,0,0,6,6,958680,959520
30,cn4365,volume_exchange_unpack,compute,0.049339872,1,0,0,0,0,0,0,22,0,0,0,0,0,0,0,0,0,0,0
30,cn4365,final_mesh_save,io,0,0,0,0,0,0,0,0,0,0,0,0,0,0,0,0,0,0,0,0
30,cn4365,testout_io,io,0,0,0,0,0,0,0,0,0,0,0,0,0,0,0,0,0,0,0,0
30,cn4365,final_count_exchange,communication,0,0,0,0,0,0,0,0,0,0,0,0,0,0,0,0,0,0,0,0
30,cn4365,quality_evaluation,postprocess,0,0,0,0,0,0,0,0,0,0,0,0,0,0,0,0,0,0,0,0
31,cn4366,geometry_load,io,1.73796565,1,0,0,0,0,0,0,5896,0,1035092,0,0,0,2,2,0,0,0,0
31,cn4366,coarse_local_size,setup,0.448151677,1,0,0,0,0,0,0,7687,0,0,0,0,0,178,124,0,0,0,0
31,cn4366,coarse_edge_mesh,setup,0.012667986,1,0,0,0,0,0,0,550,0,0,0,0,0,0,0,0,0,0,0
31,cn4366,coarse_surface_mesh,setup,8.186975078,1,0,0,0,0,0,0,14110,0,0,0,0,0,0,12,0,0,0,0
31,cn4366,coarse_volume_mesh,setup,13.807720306,1,0,0,0,0,0,0,27969,0,0,0,0,0,81990,2692999,0,0,0,0
31,cn4366,coarse_mesh_save,io,0,0,0,0,0,0,0,0,0,0,0,0,0,0,0,0,0,0,0,0
31,cn4366,submesh_initialization,setup,0.000122302000001,1,0,0,0,0,0,0,2,0,0,0,0,0,0,0,0,0,0,0
31,cn4366,metis_partition,compute,0.374368529,1,0,0,0,0,0,0,541,0,0,0,0,0,0,0,0,0,0,0
31,cn4366,face_map_setup,compute,0.007482238,1,0,0,0,0,0,0,225,0,0,0,0,0,0,0,0,0,0,0
31,cn4366,face_local_extract,compute,0.160652866,1,0,0,0,0,0,0,665,0,0,0,0,0,0,1,0,0,0,0
31,cn4366,face_pre_collective_wait,synchronization,0.070555905,1,0,0,0,0,0,0,2,0,0,0,0,0,0,0,0,0,0,0
31,cn4366,face_collective_setup,compute,0.000107700999997,1,0,0,0,0,0,0,16,0,0,0,0,0,0,0,0,0,0,0
31,cn4366,face_allgatherv,communication,0.118673196,1,0,0,0,0,0,0,749,0,0,0,0,0,0,0,1,1,18952,4859624
31,cn4366,face_global_merge,compute,0.078971616,1,0,0,0,0,0,0,138,0,0,0,0,0,0,0,0,0,0,0
31,cn4366,part_face_create,compute,0.019475716,1,0,0,0,0,0,0,3,0,0,0,0,0,0,0,0,0,0,0
31,cn4366,surface_refine,compute,0.005965778,1,0,0,0,0,0,0,38,0,0,0,0,0,0,0,0,0,0,0
31,cn4366,refined_surface_save,io,0,0,0,0,0,0,0,0,0,0,0,0,0,0,0,0,0,0,0,0
31,cn4366,local_volume_mesh,compute,5.843379826,1,0,0,0,0,0,0,2217,0,0,0,0,0,56106,1867524,0,0,0,0
31,cn4366,volume_refine,compute,0.20361485,1,0,0,0,0,0,0,4950,0,0,0,0,0,0,0,0,0,0,0
31,cn4366,refined_volume_save,io,0,0,0,0,0,0,0,0,0,0,0,0,0,0,0,0,0,0,0,0
31,cn4366,adjacency_build,compute,0.004721162,1,0,0,0,0,0,0,18,0,0,0,0,0,0,0,0,0,0,0
31,cn4366,vertex_numbering_local,compute,0.004035053,1,0,0,0,0,0,0,3,0,0,0,0,0,0,0,0,0,0,0
31,cn4366,vertex_count_allgather,communication,2.622812054,1,0,0,0,0,0,0,51,0,0,0,0,0,0,4,1,1,4,1024
31,cn4366,element_count_allgather,communication,0.007965804,1,0,0,0,0,0,0,1,0,0,0,0,0,0,0,1,1,4,1024
31,cn4366,vertex_exchange_prepare,compute,1.40200000018e-05,1,0,0,0,0,0,0,0,0,0,0,0,0,0,0,0,0,0,0
31,cn4366,vertex_exchange,communication,0.019350154,1,0,0,0,0,0,0,33,0,0,0,0,0,0,0,0,4,0,44902
31,cn4366,vertex_exchange_unpack,compute,0.000686048999995,1,0,0,0,0,0,0,0,0,0,0,0,0,0,0,0,0,0,0
31,cn4366,partition_result_io,io,0,0,0,0,0,0,0,0,0,0,0,0,0,0,0,0,0,0,0,0
31,cn4366,volume_exchange_pack,compute,0.04809265,2,0,0,0,0,0,0,1,0,0,0,0,0,0,0,0,0,0,0
31,cn4366,volume_size_exchange,communication,0.04193923,1,0,0,0,0,0,0,3,0,0,0,0,0,0,0,3,3,12,12
31,cn4366,volume_payload_prepare,compute,3.75799999972e-05,1,0,0,0,0,0,0,0,0,0,0,0,0,0,0,0,0,0,0
31,cn4366,volume_payload_exchange,communication,0.007755902,1,0,0,0,0,0,0,18,0,0,0,0,0,0,0,3,3,466200,461640
31,cn4366,volume_exchange_unpack,compute,0.033454159,1,0,0,0,0,0,0,0,0,0,0,0,0,0,0,0,0,0,0
31,cn4366,final_mesh_save,io,0,0,0,0,0,0,0,0,0,0,0,0,0,0,0,0,0,0,0,0
31,cn4366,testout_io,io,0,0,0,0,0,0,0,0,0,0,0,0,0,0,0,0,0,0,0,0
31,cn4366,final_count_exchange,communication,0,0,0,0,0,0,0,0,0,0,0,0,0,0,0,0,0,0,0,0
31,cn4366,quality_evaluation,postprocess,0,0,0,0,0,0,0,0,0,0,0,0,0,0,0,0,0,0,0,0
32,cn4367,geometry_load,io,1.736784249,1,0,0,0,0,0,0,5899,0,1035092,0,0,0,2,1,0,0,0,0
32,cn4367,coarse_local_size,setup,0.459889298,1,0,0,0,0,0,0,7400,0,0,0,0,0,122,21,0,0,0,0
32,cn4367,coarse_edge_mesh,setup,0.01264377,1,0,0,0,0,0,0,576,0,0,0,0,0,0,0,0,0,0,0
32,cn4367,coarse_surface_mesh,setup,8.185295411,1,0,0,0,0,0,0,14193,0,0,0,0,0,0,9,0,0,0,0
32,cn4367,coarse_volume_mesh,setup,13.457644973,1,0,0,0,0,0,0,27500,0,0,0,0,0,38499,1664682,0,0,0,0
32,cn4367,coarse_mesh_save,io,0,0,0,0,0,0,0,0,0,0,0,0,0,0,0,0,0,0,0,0
32,cn4367,submesh_initialization,setup,0.000184382,1,0,0,0,0,0,0,58,0,0,0,0,0,0,0,0,0,0,0
32,cn4367,metis_partition,compute,0.381689247,1,0,0,0,0,0,0,1863,0,0,0,0,0,0,1,0,0,0,0
32,cn4367,face_map_setup,compute,0.007622902,1,0,0,0,0,0,0,537,0,0,0,0,0,0,0,0,0,0,0
32,cn4367,face_local_extract,compute,0.157416594,1,0,0,0,0,0,0,772,0,0,0,0,0,0,0,0,0,0,0
32,cn4367,face_pre_collective_wait,synchronization,0.066159648,1,0,0,0,0,0,0,17,0,0,0,0,0,0,0,0,0,0,0
32,cn4367,face_collective_setup,compute,0.000113120999998,1,0,0,0,0,0,0,16,0,0,0,0,0,0,0,0,0,0,0
32,cn4367,face_allgatherv,communication,0.118673474,1,0,0,0,0,0,0,1155,0,0,0,0,0,0,0,1,1,18952,4859624
32,cn4367,face_global_merge,compute,0.079507768,1,0,0,0,0,0,0,685,0,0,0,0,0,0,0,0,0,0,0
32,cn4367,part_face_create,compute,0.019724545,1,0,0,0,0,0,0,21,0,0,0,0,0,0,0,0,0,0,0
32,cn4367,surface_refine,compute,0.005869439,1,0,0,0,0,0,0,41,0,0,0,0,0,0,0,0,0,0,0
32,cn4367,refined_surface_save,io,0,0,0,0,0,0,0,0,0,0,0,0,0,0,0,0,0,0,0,0
32,cn4367,local_volume_mesh,compute,6.75512158,1,0,0,0,0,0,0,773,0,0,0,0,0,9171,324632,0,0,0,0
32,cn4367,volume_refine,compute,0.192299003,1,0,0,0,0,0,0,4108,0,0,0,0,0,0,0,0,0,0,0
32,cn4367,refined_volume_save,io,0,0,0,0,0,0,0,0,0,0,0,0,0,0,0,0,0,0,0,0
32,cn4367,adjacency_build,compute,0.004879305,1,0,0,0,0,0,0,0,0,0,0,0,0,0,0,0,0,0,0
32,cn4367,vertex_numbering_local,compute,0.006159703,1,0,0,0,0,0,0,1,0,0,0,0,0,0,0,0,0,0,0
32,cn4367,vertex_count_allgather,communication,1.719648159,1,0,0,0,0,0,0,125,0,0,0,0,0,0,2,1,1,4,1024
32,cn4367,element_count_allgather,communication,0.007856326,1,0,0,0,0,0,0,7,0,0,0,0,0,0,0,1,1,4,1024
32,cn4367,vertex_exchange_prepare,compute,4.4121000002e-05,1,0,0,0,0,0,0,26,0,0,0,0,0,0,0,0,0,0,0
32,cn4367,vertex_exchange,communication,0.019412021,1,0,0,0,0,0,0,82,0,0,0,0,0,0,0,5,4,80674,40942
32,cn4367,vertex_exchange_unpack,compute,0.001263357,1,0,0,0,0,0,0,664,0,0,0,0,0,0,0,0,0,0,0
32,cn4367,partition_result_io,io,0,0,0,0,0,0,0,0,0,0,0,0,0,0,0,0,0,0,0,0
32,cn4367,volume_exchange_pack,compute,0.069589495,2,0,0,0,0,0,0,1516,0,0,0,0,0,0,0,0,0,0,0
32,cn4367,volume_size_exchange,communication,0.033563251,1,0,0,0,0,0,0,10,0,0,0,0,0,0,0,6,6,24,24
32,cn4367,volume_payload_prepare,compute,0.000427045999999,1,0,0,0,0,0,0,273,0,0,0,0,0,0,0,0,0,0,0
32,cn4367,volume_payload_exchange,communication,0.015566869,1,0,0,0,0,0,0,101,0,0,0,0,0,0,0,6,6,1270560,1268880
32,cn4367,volume_exchange_unpack,compute,0.048203567,1,0,0,0,0,0,0,653,0,0,0,0,0,0,0,0,0,0,0
32,cn4367,final_mesh_save,io,0,0,0,0,0,0,0,0,0,0,0,0,0,0,0,0,0,0,0,0
32,cn4367,testout_io,io,0,0,0,0,0,0,0,0,0,0,0,0,0,0,0,0,0,0,0,0
32,cn4367,final_count_exchange,communication,0,0,0,0,0,0,0,0,0,0,0,0,0,0,0,0,0,0,0,0
32,cn4367,quality_evaluation,postprocess,0,0,0,0,0,0,0,0,0,0,0,0,0,0,0,0,0,0,0,0
33,cn4368,geometry_load,io,1.726662066,1,0,0,0,0,0,0,5899,0,1035092,0,0,0,2,3,0,0,0,0
33,cn4368,coarse_local_size,setup,0.447904333,1,0,0,0,0,0,0,7592,0,0,0,0,0,84,21,0,0,0,0
33,cn4368,coarse_edge_mesh,setup,0.01258224,1,0,0,0,0,0,0,521,0,0,0,0,0,0,0,0,0,0,0
33,cn4368,coarse_surface_mesh,setup,8.221536002,1,0,0,0,0,0,0,14641,0,0,0,0,0,0,11,0,0,0,0
33,cn4368,coarse_volume_mesh,setup,13.383051234,1,0,0,0,0,0,0,29780,0,0,0,0,0,35928,1538832,0,0,0,0
33,cn4368,coarse_mesh_save,io,0,0,0,0,0,0,0,0,0,0,0,0,0,0,0,0,0,0,0,0
33,cn4368,submesh_initialization,setup,0.000186762000006,1,0,0,0,0,0,0,60,0,0,0,0,0,0,0,0,0,0,0
33,cn4368,metis_partition,compute,0.389302779,1,0,0,0,0,0,0,2249,0,0,0,0,0,0,0,0,0,0,0
33,cn4368,face_map_setup,compute,0.00794154800001,1,0,0,0,0,0,0,766,0,0,0,0,0,0,0,0,0,0,0
33,cn4368,face_local_extract,compute,0.161330258,1,0,0,0,0,0,0,822,0,0,0,0,0,0,1,0,0,0,0
33,cn4368,face_pre_collective_wait,synchronization,0.054324245,1,0,0,0,0,0,0,8,0,0,0,0,0,0,0,0,0,0,0
33,cn4368,face_collective_setup,compute,0.000113501999998,1,0,0,0,0,0,0,16,0,0,0,0,0,0,0,0,0,0,0
33,cn4368,face_allgatherv,communication,0.118662822,1,0,0,0,0,0,0,758,0,0,0,0,0,0,0,1,1,18952,4859624
33,cn4368,face_global_merge,compute,0.078884179,1,0,0,0,0,0,0,449,0,0,0,0,0,0,0,0,0,0,0
33,cn4368,part_face_create,compute,0.019289595,1,0,0,0,0,0,0,19,0,0,0,0,0,0,0,0,0,0,0
33,cn4368,surface_refine,compute,0.006014947,1,0,0,0,0,0,0,39,0,0,0,0,0,0,0,0,0,0,0
33,cn4368,refined_surface_save,io,0,0,0,0,0,0,0,0,0,0,0,0,0,0,0,0,0,0,0,0
33,cn4368,local_volume_mesh,compute,6.445410303,1,0,0,0,0,0,0,767,0,0,0,0,0,18138,649935,0,0,0,0
33,cn4368,volume_refine,compute,0.198365371,1,0,0,0,0,0,0,4619,0,0,0,0,0,0,0,0,0,0,0
33,cn4368,refined_volume_save,io,0,0,0,0,0,0,0,0,0,0,0,0,0,0,0,0,0,0,0,0
33,cn4368,adjacency_build,compute,0.005433001,1,0,0,0,0,0,0,0,0,0,0,0,0,0,1,0,0,0,0
33,cn4368,vertex_numbering_local,compute,0.003960925,1,0,0,0,0,0,0,1,0,0,0,0,0,0,0,0,0,0,0
33,cn4368,vertex_count_allgather,communication,2.025893282,1,0,0,0,0,0,0,85,0,0,0,0,0,0,3,1,1,4,1024
33,cn4368,element_count_allgather,communication,0.007878708,1,0,0,0,0,0,0,10,0,0,0,0,0,0,0,1,1,4,1024
33,cn4368,vertex_exchange_prepare,compute,2.8001000004e-05,1,0,0,0,0,0,0,10,0,0,0,0,0,0,0,0,0,0,0
33,cn4368,vertex_exchange,communication,0.011088883,1,0,0,0,0,0,0,241,0,0,0,0,0,0,0,3,2,26906,21340
33,cn4368,vertex_exchange_unpack,compute,0.000696006999995,1,0,0,0,0,0,0,378,0,0,0,0,0,0,0,0,0,0,0
33,cn4368,partition_result_io,io,0,0,0,0,0,0,0,0,0,0,0,0,0,0,0,0,0,0,0,0
33,cn4368,volume_exchange_pack,compute,0.054344806,2,0,0,0,0,0,0,1229,0,0,0,0,0,0,0,0,0,0,0
33,cn4368,volume_size_exchange,communication,0.053080592,1,0,0,0,0,0,0,1,0,0,0,0,0,0,0,4,4,16,16
33,cn4368,volume_payload_prepare,compute,3.99400000006e-05,1,0,0,0,0,0,0,0,0,0,0,0,0,0,0,0,0,0,0
33,cn4368,volume_payload_exchange,communication,0.006061548,1,0,0,0,0,0,0,39,0,0,0,0,0,0,0,4,4,494040,494880
33,cn4368,volume_exchange_unpack,compute,0.036016762,1,0,0,0,0,0,0,843,0,0,0,0,0,0,0,0,0,0,0
33,cn4368,final_mesh_save,io,0,0,0,0,0,0,0,0,0,0,0,0,0,0,0,0,0,0,0,0
33,cn4368,testout_io,io,0,0,0,0,0,0,0,0,0,0,0,0,0,0,0,0,0,0,0,0
33,cn4368,final_count_exchange,communication,0,0,0,0,0,0,0,0,0,0,0,0,0,0,0,0,0,0,0,0
33,cn4368,quality_evaluation,postprocess,0,0,0,0,0,0,0,0,0,0,0,0,0,0,0,0,0,0,0,0
34,cn4369,geometry_load,io,1.733283182,1,0,0,0,0,0,0,5898,0,1035092,0,0,0,2,15,0,0,0,0
34,cn4369,coarse_local_size,setup,0.463830954,1,0,0,0,0,0,0,7503,0,0,0,0,0,116,23,0,0,0,0
34,cn4369,coarse_edge_mesh,setup,0.012661274,1,0,0,0,0,0,0,521,0,0,0,0,0,0,0,0,0,0,0
34,cn4369,coarse_surface_mesh,setup,8.228824731,1,0,0,0,0,0,0,16274,0,0,0,0,0,0,74,0,0,0,0
34,cn4369,coarse_volume_mesh,setup,13.400198634,1,0,0,0,0,0,0,28917,0,0,0,0,0,37926,1500363,0,0,0,0
34,cn4369,coarse_mesh_save,io,0,0,0,0,0,0,0,0,0,0,0,0,0,0,0,0,0,0,0,0
34,cn4369,submesh_initialization,setup,0.000191802000003,1,0,0,0,0,0,0,59,0,0,0,0,0,0,0,0,0,0,0
34,cn4369,metis_partition,compute,0.388472195,1,0,0,0,0,0,0,2131,0,0,0,0,0,0,3,0,0,0,0
34,cn4369,face_map_setup,compute,0.008138066,1,0,0,0,0,0,0,1085,0,0,0,0,0,0,0,0,0,0,0
34,cn4369,face_local_extract,compute,0.16049238,1,0,0,0,0,0,0,839,0,0,0,0,0,0,1,0,0,0,0
34,cn4369,face_pre_collective_wait,synchronization,0.055726891,1,0,0,0,0,0,0,8,0,0,0,0,0,0,1,0,0,0,0
34,cn4369,face_collective_setup,compute,0.000112021,1,0,0,0,0,0,0,16,0,0,0,0,0,0,0,0,0,0,0
34,cn4369,face_allgatherv,communication,0.118644497,1,0,0,0,0,0,0,643,0,0,0,0,0,0,2,1,1,18952,4859624
34,cn4369,face_global_merge,compute,0.079458822,1,0,0,0,0,0,0,561,0,0,0,0,0,0,0,0,0,0,0
34,cn4369,part_face_create,compute,0.019901991,1,0,0,0,0,0,0,18,0,0,0,0,0,0,1,0,0,0,0
34,cn4369,surface_refine,compute,0.006007764,1,0,0,0,0,0,0,43,0,0,0,0,0,0,0,0,0,0,0
34,cn4369,refined_surface_save,io,0,0,0,0,0,0,0,0,0,0,0,0,0,0,0,0,0,0,0,0
34,cn4369,local_volume_mesh,compute,6.261197387,1,0,0,0,0,0,0,790,0,0,0,0,0,8364,274166,0,0,0,0
34,cn4369,volume_refine,compute,0.189923152,1,0,0,0,0,0,0,3596,0,0,0,0,0,0,1,0,0,0,0
34,cn4369,refined_volume_save,io,0,0,0,0,0,0,0,0,0,0,0,0,0,0,0,0,0,0,0,0
34,cn4369,adjacency_build,compute,0.004966113,1,0,0,0,0,0,0,0,0,0,0,0,0,0,0,0,0,0,0
34,cn4369,vertex_numbering_local,compute,0.007619781,1,0,0,0,0,0,0,1,0,0,0,0,0,0,0,0,0,0,0
34,cn4369,vertex_count_allgather,communication,2.214192716,1,0,0,0,0,0,0,130,0,0,0,0,0,0,20,1,1,4,1024
34,cn4369,element_count_allgather,communication,0.007797282,1,0,0,0,0,0,0,3,0,0,0,0,0,0,0,1,1,4,1024
34,cn4369,vertex_exchange_prepare,compute,7.18410000005e-05,1,0,0,0,0,0,0,42,0,0,0,0,0,0,0,0,0,0,0
34,cn4369,vertex_exchange,communication,0.011804265,1,0,0,0,0,0,0,105,0,0,0,0,0,0,1,5,5,92356,84612
34,cn4369,vertex_exchange_unpack,compute,0.002121423,1,0,0,0,0,0,0,936,0,0,0,0,0,0,0,0,0,0,0
34,cn4369,partition_result_io,io,0,0,0,0,0,0,0,0,0,0,0,0,0,0,0,0,0,0,0,0
34,cn4369,volume_exchange_pack,compute,0.081025718,2,0,0,0,0,0,0,1004,0,0,0,0,0,0,0,0,0,0,0
34,cn4369,volume_size_exchange,communication,0.028835906,1,0,0,0,0,0,0,7,0,0,0,0,0,0,0,6,6,24,24
34,cn4369,volume_payload_prepare,compute,0.000398283999999,1,0,0,0,0,0,0,211,0,0,0,0,0,0,0,0,0,0,0
34,cn4369,volume_payload_exchange,communication,0.015614826,1,0,0,0,0,0,0,21,0,0,0,0,0,0,2,6,6,1896120,1888920
34,cn4369,volume_exchange_unpack,compute,0.059045265,1,0,0,0,0,0,0,920,0,0,0,0,0,0,0,0,0,0,0
34,cn4369,final_mesh_save,io,0,0,0,0,0,0,0,0,0,0,0,0,0,0,0,0,0,0,0,0
34,cn4369,testout_io,io,0,0,0,0,0,0,0,0,0,0,0,0,0,0,0,0,0,0,0,0
34,cn4369,final_count_exchange,communication,0,0,0,0,0,0,0,0,0,0,0,0,0,0,0,0,0,0,0,0
34,cn4369,quality_evaluation,postprocess,0,0,0,0,0,0,0,0,0,0,0,0,0,0,0,0,0,0,0,0
35,cn4370,geometry_load,io,1.747617812,1,0,0,0,0,0,0,5897,0,1035092,0,0,0,2,1,0,0,0,0
35,cn4370,coarse_local_size,setup,0.449073547,1,0,0,0,0,0,0,7458,0,0,0,0,0,86,21,0,0,0,0
35,cn4370,coarse_edge_mesh,setup,0.012604258,1,0,0,0,0,0,0,549,0,0,0,0,0,0,0,0,0,0,0
35,cn4370,coarse_surface_mesh,setup,8.185645324,1,0,0,0,0,0,0,14139,0,0,0,0,0,0,11,0,0,0,0
35,cn4370,coarse_volume_mesh,setup,13.136820163,1,0,0,0,0,0,0,27953,0,0,0,0,0,35088,1473842,0,0,0,0
35,cn4370,coarse_mesh_save,io,0,0,0,0,0,0,0,0,0,0,0,0,0,0,0,0,0,0,0,0
35,cn4370,submesh_initialization,setup,0.000179981999999,1,0,0,0,0,0,0,60,0,0,0,0,0,0,0,0,0,0,0
35,cn4370,metis_partition,compute,0.37553492,1,0,0,0,0,0,0,2232,0,0,0,0,0,0,0,0,0,0,0
35,cn4370,face_map_setup,compute,0.007717365,1,0,0,0,0,0,0,580,0,0,0,0,0,0,0,0,0,0,0
35,cn4370,face_local_extract,compute,0.162763026,1,0,0,0,0,0,0,840,0,0,0,0,0,0,0,0,0,0,0
35,cn4370,face_pre_collective_wait,synchronization,0.066897314,1,0,0,0,0,0,0,9,0,0,0,0,0,0,0,0,0,0,0
35,cn4370,face_collective_setup,compute,0.000113202000001,1,0,0,0,0,0,0,16,0,0,0,0,0,0,0,0,0,0,0
35,cn4370,face_allgatherv,communication,0.118613201,1,0,0,0,0,0,0,702,0,0,0,0,0,0,0,1,1,18952,4859624
35,cn4370,face_global_merge,compute,0.079194209,1,0,0,0,0,0,0,522,0,0,0,0,0,0,1,0,0,0,0
35,cn4370,part_face_create,compute,0.019627115,1,0,0,0,0,0,0,15,0,0,0,0,0,0,0,0,0,0,0
35,cn4370,surface_refine,compute,0.006052886,1,0,0,0,0,0,0,42,0,0,0,0,0,0,0,0,0,0,0
35,cn4370,refined_surface_save,io,0,0,0,0,0,0,0,0,0,0,0,0,0,0,0,0,0,0,0,0
35,cn4370,local_volume_mesh,compute,7.200676918,1,0,0,0,0,0,0,2126,0,0,0,0,0,8839,318032,0,0,0,0
35,cn4370,volume_refine,compute,0.196249833,1,0,0,0,0,0,0,5070,0,0,0,0,0,0,0,0,0,0,0
35,cn4370,refined_volume_save,io,0,0,0,0,0,0,0,0,0,0,0,0,0,0,0,0,0,0,0,0
35,cn4370,adjacency_build,compute,0.004943294,1,0,0,0,0,0,0,11,0,0,0,0,0,0,0,0,0,0,0
35,cn4370,vertex_numbering_local,compute,0.007795746,1,0,0,0,0,0,0,3,0,0,0,0,0,0,0,0,0,0,0
35,cn4370,vertex_count_allgather,communication,1.268610018,1,0,0,0,0,0,0,53,0,0,0,0,0,0,1,1,1,4,1024
35,cn4370,element_count_allgather,communication,0.007727285,1,0,0,0,0,0,0,0,0,0,0,0,0,0,0,1,1,4,1024
35,cn4370,vertex_exchange_prepare,compute,2.456e-05,1,0,0,0,0,0,0,0,0,0,0,0,0,0,0,0,0,0,0
35,cn4370,vertex_exchange,communication,0.019366953,1,0,0,0,0,0,0,55,0,0,0,0,0,0,0,9,8,91630,91322
35,cn4370,vertex_exchange_unpack,compute,0.001340415,1,0,0,0,0,0,0,0,0,0,0,0,0,0,0,0,0,0,0
35,cn4370,partition_result_io,io,0,0,0,0,0,0,0,0,0,0,0,0,0,0,0,0,0,0,0,0
35,cn4370,volume_exchange_pack,compute,0.084368966,2,0,0,0,0,0,0,1,0,0,0,0,0,0,0,0,0,0,0
35,cn4370,volume_size_exchange,communication,0.018840727,1,0,0,0,0,0,0,33,0,0,0,0,0,0,0,9,9,36,36
35,cn4370,volume_payload_prepare,compute,0.000143262000002,1,0,0,0,0,0,0,0,0,0,0,0,0,0,0,0,0,0,0
35,cn4370,volume_payload_exchange,communication,0.015870414,1,0,0,0,0,0,0,20,0,0,0,0,0,0,0,9,9,1955520,1954560
35,cn4370,volume_exchange_unpack,compute,0.063715379,1,0,0,0,0,0,0,1464,0,0,0,0,0,0,0,0,0,0,0
35,cn4370,final_mesh_save,io,0,0,0,0,0,0,0,0,0,0,0,0,0,0,0,0,0,0,0,0
35,cn4370,testout_io,io,0,0,0,0,0,0,0,0,0,0,0,0,0,0,0,0,0,0,0,0
35,cn4370,final_count_exchange,communication,0,0,0,0,0,0,0,0,0,0,0,0,0,0,0,0,0,0,0,0
35,cn4370,quality_evaluation,postprocess,0,0,0,0,0,0,0,0,0,0,0,0,0,0,0,0,0,0,0,0
36,cn4371,geometry_load,io,1.738626908,1,0,0,0,0,0,0,5897,0,1035092,0,0,0,2,2,0,0,0,0
36,cn4371,coarse_local_size,setup,0.453715608,1,0,0,0,0,0,0,7556,0,0,0,0,0,100,21,0,0,0,0
36,cn4371,coarse_edge_mesh,setup,0.012676727,1,0,0,0,0,0,0,522,0,0,0,0,0,0,0,0,0,0,0
36,cn4371,coarse_surface_mesh,setup,8.229552851,1,0,0,0,0,0,0,16235,0,0,0,0,0,0,10,0,0,0,0
36,cn4371,coarse_volume_mesh,setup,13.414532365,1,0,0,0,0,0,0,29054,0,0,0,0,0,37021,1579088,0,0,0,0
36,cn4371,coarse_mesh_save,io,0,0,0,0,0,0,0,0,0,0,0,0,0,0,0,0,0,0,0,0
36,cn4371,submesh_initialization,setup,0.000181021000003,1,0,0,0,0,0,0,58,0,0,0,0,0,0,0,0,0,0,0
36,cn4371,metis_partition,compute,0.376261871,1,0,0,0,0,0,0,2206,0,0,0,0,0,0,0,0,0,0,0
36,cn4371,face_map_setup,compute,0.008327623,1,0,0,0,0,0,0,1075,0,0,0,0,0,0,0,0,0,0,0
36,cn4371,face_local_extract,compute,0.162449428,1,0,0,0,0,0,0,822,0,0,0,0,0,0,0,0,0,0,0
36,cn4371,face_pre_collective_wait,synchronization,0.06582446,1,0,0,0,0,0,0,9,0,0,0,0,0,0,0,0,0,0,0
36,cn4371,face_collective_setup,compute,0.000109762000001,1,0,0,0,0,0,0,16,0,0,0,0,0,0,0,0,0,0,0
36,cn4371,face_allgatherv,communication,0.118634609,1,0,0,0,0,0,0,671,0,0,0,0,0,0,0,1,1,18952,4859624
36,cn4371,face_global_merge,compute,0.078855351,1,0,0,0,0,0,0,562,0,0,0,0,0,0,0,0,0,0,0
36,cn4371,part_face_create,compute,0.019647477,1,0,0,0,0,0,0,16,0,0,0,0,0,0,0,0,0,0,0
36,cn4371,surface_refine,compute,0.006563306,1,0,0,0,0,0,0,41,0,0,0,0,0,0,0,0,0,0,0
36,cn4371,refined_surface_save,io,0,0,0,0,0,0,0,0,0,0,0,0,0,0,0,0,0,0,0,0
36,cn4371,local_volume_mesh,compute,6.531978356,1,0,0,0,0,0,0,823,0,0,0,0,0,7524,325217,0,0,0,0
36,cn4371,volume_refine,compute,0.206454329,1,0,0,0,0,0,0,4107,0,0,0,0,0,0,0,0,0,0,0
36,cn4371,refined_volume_save,io,0,0,0,0,0,0,0,0,0,0,0,0,0,0,0,0,0,0,0,0
36,cn4371,adjacency_build,compute,0.00504329,1,0,0,0,0,0,0,0,0,0,0,0,0,0,0,0,0,0,0
36,cn4371,vertex_numbering_local,compute,0.009308953,1,0,0,0,0,0,0,1,0,0,0,0,0,0,0,0,0,0,0
36,cn4371,vertex_count_allgather,communication,1.92540048,1,0,0,0,0,0,0,89,0,0,0,0,0,0,3,1,1,4,1024
36,cn4371,element_count_allgather,communication,0.007820178,1,0,0,0,0,0,0,6,0,0,0,0,0,0,0,1,1,4,1024
36,cn4371,vertex_exchange_prepare,compute,6.15610000025e-05,1,0,0,0,0,0,0,36,0,0,0,0,0,0,0,0,0,0,0
36,cn4371,vertex_exchange,communication,0.019800299,1,0,0,0,0,0,0,91,0,0,0,0,0,0,0,10,10,193050,35068
36,cn4371,vertex_exchange_unpack,compute,0.00105053,1,0,0,0,0,0,0,517,0,0,0,0,0,0,0,0,0,0,0
36,cn4371,partition_result_io,io,0,0,0,0,0,0,0,0,0,0,0,0,0,0,0,0,0,0,0,0
36,cn4371,volume_exchange_pack,compute,0.098143884,2,0,0,0,0,0,0,1684,0,0,0,0,0,0,0,0,0,0,0
36,cn4371,volume_size_exchange,communication,5.05009999969e-05,1,0,0,0,0,0,0,0,0,0,0,0,0,0,0,10,10,40,40
36,cn4371,volume_payload_prepare,compute,0.000178002000006,1,0,0,0,0,0,0,0,0,0,0,0,0,0,0,0,0,0,0
36,cn4371,volume_payload_exchange,communication,0.006573926,1,0,0,0,0,0,0,31,0,0,0,0,0,0,0,10,10,2419200,2423040
36,cn4371,volume_exchange_unpack,compute,0.07284029,1,0,0,0,0,0,0,1380,0,0,0,0,0,0,0,0,0,0,0
36,cn4371,final_mesh_save,io,0,0,0,0,0,0,0,0,0,0,0,0,0,0,0,0,0,0,0,0
36,cn4371,testout_io,io,0,0,0,0,0,0,0,0,0,0,0,0,0,0,0,0,0,0,0,0
36,cn4371,final_count_exchange,communication,0,0,0,0,0,0,0,0,0,0,0,0,0,0,0,0,0,0,0,0
36,cn4371,quality_evaluation,postprocess,0,0,0,0,0,0,0,0,0,0,0,0,0,0,0,0,0,0,0,0
37,cn4372,geometry_load,io,1.754233371,1,0,0,0,0,0,0,5897,0,1035092,0,0,0,2,3,0,0,0,0
37,cn4372,coarse_local_size,setup,0.487742752,1,0,0,0,0,0,0,7522,0,0,0,0,0,97,21,0,0,0,0
37,cn4372,coarse_edge_mesh,setup,0.012286026,1,0,0,0,0,0,0,578,0,0,0,0,0,0,0,0,0,0,0
37,cn4372,coarse_surface_mesh,setup,8.03816019,1,0,0,0,0,0,0,9709,0,0,0,0,0,0,9,0,0,0,0
37,cn4372,coarse_volume_mesh,setup,13.382488212,1,0,0,0,0,0,0,20480,0,0,0,0,0,38213,1630916,0,0,0,0
37,cn4372,coarse_mesh_save,io,0,0,0,0,0,0,0,0,0,0,0,0,0,0,0,0,0,0,0,0
37,cn4372,submesh_initialization,setup,0.000149942,1,0,0,0,0,0,0,5,0,0,0,0,0,0,0,0,0,0,0
37,cn4372,metis_partition,compute,0.361781756,1,0,0,0,0,0,0,66,0,0,0,0,0,0,0,0,0,0,0
37,cn4372,face_map_setup,compute,0.006932083,1,0,0,0,0,0,0,263,0,0,0,0,0,0,0,0,0,0,0
37,cn4372,face_local_extract,compute,0.153509003,1,0,0,0,0,0,0,36,0,0,0,0,0,0,0,0,0,0,0
37,cn4372,face_pre_collective_wait,synchronization,0.090804099,1,0,0,0,0,0,0,13,0,0,0,0,0,0,0,0,0,0,0
37,cn4372,face_collective_setup,compute,0.000104940999996,1,0,0,0,0,0,0,15,0,0,0,0,0,0,0,0,0,0,0
37,cn4372,face_allgatherv,communication,0.118589708,1,0,0,0,0,0,0,47,0,0,0,0,0,0,1,1,1,18952,4859624
37,cn4372,face_global_merge,compute,0.073763716,1,0,0,0,0,0,0,0,0,0,0,0,0,0,0,0,0,0,0
37,cn4372,part_face_create,compute,0.018433779,1,0,0,0,0,0,0,3,0,0,0,0,0,0,0,0,0,0,0
37,cn4372,surface_refine,compute,0.005629107,1,0,0,0,0,0,0,1,0,0,0,0,0,0,0,0,0,0,0
37,cn4372,refined_surface_save,io,0,0,0,0,0,0,0,0,0,0,0,0,0,0,0,0,0,0,0,0
37,cn4372,local_volume_mesh,compute,6.475294652,1,0,0,0,0,0,0,566,0,0,0,0,0,8441,336034,0,0,0,0
37,cn4372,volume_refine,compute,0.193723121,1,0,0,0,0,0,0,4107,0,0,0,0,0,0,0,0,0,0,0
37,cn4372,refined_volume_save,io,0,0,0,0,0,0,0,0,0,0,0,0,0,0,0,0,0,0,0,0
37,cn4372,adjacency_build,compute,0.004644315,1,0,0,0,0,0,0,0,0,0,0,0,0,0,0,0,0,0,0
37,cn4372,vertex_numbering_local,compute,0.006348115,1,0,0,0,0,0,0,1,0,0,0,0,0,0,0,0,0,0,0
37,cn4372,vertex_count_allgather,communication,2.005666336,1,0,0,0,0,0,0,62,0,0,0,0,0,0,3,1,1,4,1024
37,cn4372,element_count_allgather,communication,0.007900614,1,0,0,0,0,0,0,2,0,0,0,0,0,0,0,1,1,4,1024
37,cn4372,vertex_exchange_prepare,compute,2.98010000037e-05,1,0,0,0,0,0,0,3,0,0,0,0,0,0,0,0,0,0,0
37,cn4372,vertex_exchange,communication,0.020104439,1,0,0,0,0,0,0,46,0,0,0,0,0,0,0,3,6,33220,115830
37,cn4372,vertex_exchange_unpack,compute,0.001604579,1,0,0,0,0,0,0,7,0,0,0,0,0,0,0,0,0,0,0
37,cn4372,partition_result_io,io,0,0,0,0,0,0,0,0,0,0,0,0,0,0,0,0,0,0,0,0
37,cn4372,volume_exchange_pack,compute,0.0758341,2,0,0,0,0,0,0,167,0,0,0,0,0,0,0,0,0,0,0
37,cn4372,volume_size_exchange,communication,0.021661637,1,0,0,0,0,0,0,0,0,0,0,0,0,0,0,6,6,24,24
37,cn4372,volume_payload_prepare,compute,0.000113700999997,1,0,0,0,0,0,0,0,0,0,0,0,0,0,0,0,0,0,0
37,cn4372,volume_payload_exchange,communication,0.00666599900001,1,0,0,0,0,0,0,11,0,0,0,0,0,0,0,6,6,1578000,1579080
37,cn4372,volume_exchange_unpack,compute,0.054028641,1,0,0,0,0,0,0,747,0,0,0,0,0,0,0,0,0,0,0
37,cn4372,final_mesh_save,io,0,0,0,0,0,0,0,0,0,0,0,0,0,0,0,0,0,0,0,0
37,cn4372,testout_io,io,0,0,0,0,0,0,0,0,0,0,0,0,0,0,0,0,0,0,0,0
37,cn4372,final_count_exchange,communication,0,0,0,0,0,0,0,0,0,0,0,0,0,0,0,0,0,0,0,0
37,cn4372,quality_evaluation,postprocess,0,0,0,0,0,0,0,0,0,0,0,0,0,0,0,0,0,0,0,0
38,cn4373,geometry_load,io,1.727134284,1,0,0,0,0,0,0,5899,0,1035092,0,0,0,2,1,0,0,0,0
38,cn4373,coarse_local_size,setup,0.447271882,1,0,0,0,0,0,0,7438,0,0,0,0,0,94,19,0,0,0,0
38,cn4373,coarse_edge_mesh,setup,0.012609579,1,0,0,0,0,0,0,520,0,0,0,0,0,0,0,0,0,0,0
38,cn4373,coarse_surface_mesh,setup,8.194255176,1,0,0,0,0,0,0,14159,0,0,0,0,0,0,11,0,0,0,0
38,cn4373,coarse_volume_mesh,setup,13.306342596,1,0,0,0,0,0,0,27829,0,0,0,0,0,39347,1693053,0,0,0,0
38,cn4373,coarse_mesh_save,io,0,0,0,0,0,0,0,0,0,0,0,0,0,0,0,0,0,0,0,0
38,cn4373,submesh_initialization,setup,0.000166701999994,1,0,0,0,0,0,0,52,0,0,0,0,0,0,0,0,0,0,0
38,cn4373,metis_partition,compute,0.373761135,1,0,0,0,0,0,0,1801,0,0,0,0,0,0,0,0,0,0,0
38,cn4373,face_map_setup,compute,0.00793784,1,0,0,0,0,0,0,576,0,0,0,0,0,0,0,0,0,0,0
38,cn4373,face_local_extract,compute,0.158944805,1,0,0,0,0,0,0,833,0,0,0,0,0,0,0,0,0,0,0
38,cn4373,face_pre_collective_wait,synchronization,0.072230631,1,0,0,0,0,0,0,15,0,0,0,0,0,0,0,0,0,0,0
38,cn4373,face_collective_setup,compute,0.000114181000001,1,0,0,0,0,0,0,16,0,0,0,0,0,0,0,0,0,0,0
38,cn4373,face_allgatherv,communication,0.118568436,1,0,0,0,0,0,0,1160,0,0,0,0,0,0,0,1,1,18952,4859624
38,cn4373,face_global_merge,compute,0.079139519,1,0,0,0,0,0,0,734,0,0,0,0,0,0,0,0,0,0,0
38,cn4373,part_face_create,compute,0.019742569,1,0,0,0,0,0,0,16,0,0,0,0,0,0,0,0,0,0,0
38,cn4373,surface_refine,compute,0.00577343299999,1,0,0,0,0,0,0,44,0,0,0,0,0,0,0,0,0,0,0
38,cn4373,refined_surface_save,io,0,0,0,0,0,0,0,0,0,0,0,0,0,0,0,0,0,0,0,0
38,cn4373,local_volume_mesh,compute,6.201027874,1,0,0,0,0,0,0,780,0,0,0,0,0,7847,198285,0,0,0,0
38,cn4373,volume_refine,compute,0.182779986,1,0,0,0,0,0,0,4108,0,0,0,0,0,0,0,0,0,0,0
38,cn4373,refined_volume_save,io,0,0,0,0,0,0,0,0,0,0,0,0,0,0,0,0,0,0,0,0
38,cn4373,adjacency_build,compute,0.004898202,1,0,0,0,0,0,0,0,0,0,0,0,0,0,0,0,0,0,0
38,cn4373,vertex_numbering_local,compute,0.006920327,1,0,0,0,0,0,0,2,0,0,0,0,0,0,0,0,0,0,0
38,cn4373,vertex_count_allgather,communication,2.283065377,1,0,0,0,0,0,0,132,0,0,0,0,0,0,2,1,1,4,1024
38,cn4373,element_count_allgather,communication,0.007836699,1,0,0,0,0,0,0,8,0,0,0,0,0,0,0,1,1,4,1024
38,cn4373,vertex_exchange_prepare,compute,5.52410000054e-05,1,0,0,0,0,0,0,33,0,0,0,0,0,0,0,0,0,0,0
38,cn4373,vertex_exchange,communication,0.011573726,1,0,0,0,0,0,0,175,0,0,0,0,0,0,0,9,6,116270,44880
38,cn4373,vertex_exchange_unpack,compute,0.001373058,1,0,0,0,0,0,0,707,0,0,0,0,0,0,0,0,0,0,0
38,cn4373,partition_result_io,io,0,0,0,0,0,0,0,0,0,0,0,0,0,0,0,0,0,0,0,0
38,cn4373,volume_exchange_pack,compute,0.079376221,2,0,0,0,0,0,0,1173,0,0,0,0,0,0,0,0,0,0,0
38,cn4373,volume_size_exchange,communication,0.026785558,1,0,0,0,0,0,0,14,0,0,0,0,0,0,0,7,7,28,28
38,cn4373,volume_payload_prepare,compute,0.000634168000005,1,0,0,0,0,0,0,379,0,0,0,0,0,0,0,0,0,0,0
38,cn4373,volume_payload_exchange,communication,0.001808843,1,0,0,0,0,0,0,36,0,0,0,0,0,0,0,7,7,1702920,1704000
38,cn4373,volume_exchange_unpack,compute,0.055141275,1,0,0,0,0,0,0,758,0,0,0,0,0,0,0,0,0,0,0
38,cn4373,final_mesh_save,io,0,0,0,0,0,0,0,0,0,0,0,0,0,0,0,0,0,0,0,0
38,cn4373,testout_io,io,0,0,0,0,0,0,0,0,0,0,0,0,0,0,0,0,0,0,0,0
38,cn4373,final_count_exchange,communication,0,0,0,0,0,0,0,0,0,0,0,0,0,0,0,0,0,0,0,0
38,cn4373,quality_evaluation,postprocess,0,0,0,0,0,0,0,0,0,0,0,0,0,0,0,0,0,0,0,0
39,cn4374,geometry_load,io,1.749301495,1,0,0,0,0,0,0,5897,0,1035092,0,0,0,2,3,0,0,0,0
39,cn4374,coarse_local_size,setup,0.472710426,1,0,0,0,0,0,0,7466,0,0,0,0,0,117,20,0,0,0,0
39,cn4374,coarse_edge_mesh,setup,0.012573447,1,0,0,0,0,0,0,579,0,0,0,0,0,0,0,0,0,0,0
39,cn4374,coarse_surface_mesh,setup,8.144926494,1,0,0,0,0,0,0,12773,0,0,0,0,0,0,11,0,0,0,0
39,cn4374,coarse_volume_mesh,setup,13.184229039,1,0,0,0,0,0,0,22658,0,0,0,0,0,35754,1502397,0,0,0,0
39,cn4374,coarse_mesh_save,io,0,0,0,0,0,0,0,0,0,0,0,0,0,0,0,0,0,0,0,0
39,cn4374,submesh_initialization,setup,0.000138002,1,0,0,0,0,0,0,19,0,0,0,0,0,0,0,0,0,0,0
39,cn4374,metis_partition,compute,0.372598911,1,0,0,0,0,0,0,454,0,0,0,0,0,0,1,0,0,0,0
39,cn4374,face_map_setup,compute,0.007235257,1,0,0,0,0,0,0,424,0,0,0,0,0,0,0,0,0,0,0
39,cn4374,face_local_extract,compute,0.154981727,1,0,0,0,0,0,0,630,0,0,0,0,0,0,0,0,0,0,0
39,cn4374,face_pre_collective_wait,synchronization,0.078211664,1,0,0,0,0,0,0,9,0,0,0,0,0,0,0,0,0,0,0
39,cn4374,face_collective_setup,compute,0.000112301000001,1,0,0,0,0,0,0,13,0,0,0,0,0,0,0,0,0,0,0
39,cn4374,face_allgatherv,communication,0.11850052,1,0,0,0,0,0,0,1153,0,0,0,0,0,0,0,1,1,18952,4859624
39,cn4374,face_global_merge,compute,0.076091215,1,0,0,0,0,0,0,180,0,0,0,0,0,0,0,0,0,0,0
39,cn4374,part_face_create,compute,0.01878837,1,0,0,0,0,0,0,11,0,0,0,0,0,0,0,0,0,0,0
39,cn4374,surface_refine,compute,0.005476893,1,0,0,0,0,0,0,37,0,0,0,0,0,0,0,0,0,0,0
39,cn4374,refined_surface_save,io,0,0,0,0,0,0,0,0,0,0,0,0,0,0,0,0,0,0,0,0
39,cn4374,local_volume_mesh,compute,6.261756852,1,0,0,0,0,0,0,670,0,0,0,0,0,8873,302497,0,0,0,0
39,cn4374,volume_refine,compute,0.180641389,1,0,0,0,0,0,0,4618,0,0,0,0,0,0,0,0,0,0,0
39,cn4374,refined_volume_save,io,0,0,0,0,0,0,0,0,0,0,0,0,0,0,0,0,0,0,0,0
39,cn4374,adjacency_build,compute,0.00453658,1,0,0,0,0,0,0,0,0,0,0,0,0,0,0,0,0,0,0
39,cn4374,vertex_numbering_local,compute,0.006793351,1,0,0,0,0,0,0,1,0,0,0,0,0,0,0,0,0,0,0
39,cn4374,vertex_count_allgather,communication,2.229442221,1,0,0,0,0,0,0,101,0,0,0,0,0,0,5,1,1,4,1024
39,cn4374,element_count_allgather,communication,0.007884745,1,0,0,0,0,0,0,1,0,0,0,0,0,0,0,1,1,4,1024
39,cn4374,vertex_exchange_prepare,compute,6.39809999967e-05,1,0,0,0,0,0,0,34,0,0,0,0,0,0,0,0,0,0,0
39,cn4374,vertex_exchange,communication,0.018925393,1,0,0,0,0,0,0,96,0,0,0,0,0,0,0,7,6,78452,98186
39,cn4374,vertex_exchange_unpack,compute,0.001369238,1,0,0,0,0,0,0,6,0,0,0,0,0,0,0,0,0,0,0
39,cn4374,partition_result_io,io,0,0,0,0,0,0,0,0,0,0,0,0,0,0,0,0,0,0,0,0
39,cn4374,volume_exchange_pack,compute,0.080554155,2,0,0,0,0,0,0,510,0,0,0,0,0,0,0,0,0,0,0
39,cn4374,volume_size_exchange,communication,0.018187503,1,0,0,0,0,0,0,3,0,0,0,0,0,0,0,8,8,32,32
39,cn4374,volume_payload_prepare,compute,0.000424205999998,1,0,0,0,0,0,0,233,0,0,0,0,0,0,0,0,0,0,0
39,cn4374,volume_payload_exchange,communication,0.005344151,1,0,0,0,0,0,0,12,0,0,0,0,0,0,0,8,8,1895280,1886760
39,cn4374,volume_exchange_unpack,compute,0.0599796,1,0,0,0,0,0,0,946,0,0,0,0,0,0,0,0,0,0,0
39,cn4374,final_mesh_save,io,0,0,0,0,0,0,0,0,0,0,0,0,0,0,0,0,0,0,0,0
39,cn4374,testout_io,io,0,0,0,0,0,0,0,0,0,0,0,0,0,0,0,0,0,0,0,0
39,cn4374,final_count_exchange,communication,0,0,0,0,0,0,0,0,0,0,0,0,0,0,0,0,0,0,0,0
39,cn4374,quality_evaluation,postprocess,0,0,0,0,0,0,0,0,0,0,0,0,0,0,0,0,0,0,0,0
40,cn4375,geometry_load,io,1.7696157,1,0,0,0,0,0,0,5898,0,1035092,0,0,0,2,15,0,0,0,0
40,cn4375,coarse_local_size,setup,0.445755681,1,0,0,0,0,0,0,7039,0,0,0,0,0,83,24,0,0,0,0
40,cn4375,coarse_edge_mesh,setup,0.012616436,1,0,0,0,0,0,0,551,0,0,0,0,0,0,0,0,0,0,0
40,cn4375,coarse_surface_mesh,setup,8.198006738,1,0,0,0,0,0,0,14198,0,0,0,0,0,0,69,0,0,0,0
40,cn4375,coarse_volume_mesh,setup,13.499307586,1,0,0,0,0,0,0,27858,0,0,0,0,0,41685,1698434,0,0,0,0
40,cn4375,coarse_mesh_save,io,0,0,0,0,0,0,0,0,0,0,0,0,0,0,0,0,0,0,0,0
40,cn4375,submesh_initialization,setup,0.000145222,1,0,0,0,0,0,0,27,0,0,0,0,0,0,0,0,0,0,0
40,cn4375,metis_partition,compute,0.374895487,1,0,0,0,0,0,0,1714,0,0,0,0,0,0,5,0,0,0,0
40,cn4375,face_map_setup,compute,0.007482153,1,0,0,0,0,0,0,567,0,0,0,0,0,0,0,0,0,0,0
40,cn4375,face_local_extract,compute,0.159761892,1,0,0,0,0,0,0,658,0,0,0,0,0,0,1,0,0,0,0
40,cn4375,face_pre_collective_wait,synchronization,0.070835334,1,0,0,0,0,0,0,14,0,0,0,0,0,0,1,0,0,0,0
40,cn4375,face_collective_setup,compute,0.000113781000003,1,0,0,0,0,0,0,16,0,0,0,0,0,0,0,0,0,0,0
40,cn4375,face_allgatherv,communication,0.118508463,1,0,0,0,0,0,0,642,0,0,0,0,0,0,1,1,1,18952,4859624
40,cn4375,face_global_merge,compute,0.079185137,1,0,0,0,0,0,0,545,0,0,0,0,0,0,0,0,0,0,0
40,cn4375,part_face_create,compute,0.019375379,1,0,0,0,0,0,0,14,0,0,0,0,0,0,1,0,0,0,0
40,cn4375,surface_refine,compute,0.00612105499999,1,0,0,0,0,0,0,41,0,0,0,0,0,0,0,0,0,0,0
40,cn4375,refined_surface_save,io,0,0,0,0,0,0,0,0,0,0,0,0,0,0,0,0,0,0,0,0
40,cn4375,local_volume_mesh,compute,6.298936361,1,0,0,0,0,0,0,803,0,0,0,0,0,10778,367700,0,0,0,0
40,cn4375,volume_refine,compute,0.279094344,1,0,0,0,0,0,0,3616,0,0,0,0,0,1,1,0,0,0,0
40,cn4375,refined_volume_save,io,0,0,0,0,0,0,0,0,0,0,0,0,0,0,0,0,0,0,0,0
40,cn4375,adjacency_build,compute,0.004731858,1,0,0,0,0,0,0,0,0,0,0,0,0,0,0,0,0,0,0
40,cn4375,vertex_numbering_local,compute,0.00726677,1,0,0,0,0,0,0,1,0,0,0,0,0,0,0,0,0,0,0
40,cn4375,vertex_count_allgather,communication,2.0888486,1,0,0,0,0,0,0,73,0,0,0,0,0,0,18,1,1,4,1024
40,cn4375,element_count_allgather,communication,0.007871078,1,0,0,0,0,0,0,2,0,0,0,0,0,0,0,1,1,4,1024
40,cn4375,vertex_exchange_prepare,compute,1.65009999975e-05,1,0,0,0,0,0,0,4,0,0,0,0,0,0,0,0,0,0,0
40,cn4375,vertex_exchange,communication,0.018973494,1,0,0,0,0,0,0,169,0,0,0,0,0,0,1,7,5,177848,2200
40,cn4375,vertex_exchange_unpack,compute,7.68809999983e-05,1,0,0,0,0,0,0,22,0,0,0,0,0,0,0,0,0,0,0
40,cn4375,partition_result_io,io,0,0,0,0,0,0,0,0,0,0,0,0,0,0,0,0,0,0,0,0
40,cn4375,volume_exchange_pack,compute,0.079664783,2,0,0,0,0,0,0,1288,0,0,0,0,0,0,0,0,0,0,0
40,cn4375,volume_size_exchange,communication,0.016140579,1,0,0,0,0,0,0,2,0,0,0,0,0,0,0,7,7,28,28
40,cn4375,volume_payload_prepare,compute,0.000153881999999,1,0,0,0,0,0,0,9,0,0,0,0,0,0,0,0,0,0,0
40,cn4375,volume_payload_exchange,communication,0.01060101,1,0,0,0,0,0,0,28,0,0,0,0,0,0,0,7,7,1891560,1898400
40,cn4375,volume_exchange_unpack,compute,0.058003996,1,0,0,0,0,0,0,653,0,0,0,0,0,0,1,0,0,0,0
40,cn4375,final_mesh_save,io,0,0,0,0,0,0,0,0,0,0,0,0,0,0,0,0,0,0,0,0
40,cn4375,testout_io,io,0,0,0,0,0,0,0,0,0,0,0,0,0,0,0,0,0,0,0,0
40,cn4375,final_count_exchange,communication,0,0,0,0,0,0,0,0,0,0,0,0,0,0,0,0,0,0,0,0
40,cn4375,quality_evaluation,postprocess,0,0,0,0,0,0,0,0,0,0,0,0,0,0,0,0,0,0,0,0
41,cn4376,geometry_load,io,1.757315312,1,0,0,0,0,0,0,5897,0,1035092,0,0,0,2,4,0,0,0,0
41,cn4376,coarse_local_size,setup,0.451240976,1,0,0,0,0,0,0,7332,0,0,0,0,0,79,20,0,0,0,0
41,cn4376,coarse_edge_mesh,setup,0.012489445,1,0,0,0,0,0,0,550,0,0,0,0,0,0,0,0,0,0,0
41,cn4376,coarse_surface_mesh,setup,8.193778429,1,0,0,0,0,0,0,14528,0,0,0,0,0,0,19,0,0,0,0
41,cn4376,coarse_volume_mesh,setup,13.369265531,1,0,0,0,0,0,0,26026,0,0,0,0,0,34738,1440778,0,0,0,0
41,cn4376,coarse_mesh_save,io,0,0,0,0,0,0,0,0,0,0,0,0,0,0,0,0,0,0,0,0
41,cn4376,submesh_initialization,setup,0.000130222000003,1,0,0,0,0,0,0,5,0,0,0,0,0,0,0,0,0,0,0
41,cn4376,metis_partition,compute,0.36594779,1,0,0,0,0,0,0,567,0,0,0,0,0,0,0,0,0,0,0
41,cn4376,face_map_setup,compute,0.007033762,1,0,0,0,0,0,0,465,0,0,0,0,0,0,0,0,0,0,0
41,cn4376,face_local_extract,compute,0.159811827,1,0,0,0,0,0,0,724,0,0,0,0,0,0,0,0,0,0,0
41,cn4376,face_pre_collective_wait,synchronization,0.080223807,1,0,0,0,0,0,0,10,0,0,0,0,0,0,0,0,0,0,0
41,cn4376,face_collective_setup,compute,0.000106801000001,1,0,0,0,0,0,0,16,0,0,0,0,0,0,0,0,0,0,0
41,cn4376,face_allgatherv,communication,0.11852267,1,0,0,0,0,0,0,641,0,0,0,0,0,0,0,1,1,18952,4859624
41,cn4376,face_global_merge,compute,0.074067876,1,0,0,0,0,0,0,111,0,0,0,0,0,0,0,0,0,0,0
41,cn4376,part_face_create,compute,0.018268191,1,0,0,0,0,0,0,3,0,0,0,0,0,0,0,0,0,0,0
41,cn4376,surface_refine,compute,0.005514684,1,0,0,0,0,0,0,36,0,0,0,0,0,0,0,0,0,0,0
41,cn4376,refined_surface_save,io,0,0,0,0,0,0,0,0,0,0,0,0,0,0,0,0,0,0,0,0
41,cn4376,local_volume_mesh,compute,6.464688823,1,0,0,0,0,0,0,660,0,0,0,0,0,7325,263188,0,0,0,0
41,cn4376,volume_refine,compute,0.18512172,1,0,0,0,0,0,0,4792,0,0,0,0,0,0,0,0,0,0,0
41,cn4376,refined_volume_save,io,0,0,0,0,0,0,0,0,0,0,0,0,0,0,0,0,0,0,0,0
41,cn4376,adjacency_build,compute,0.004525733,1,0,0,0,0,0,0,1,0,0,0,0,0,0,0,0,0,0,0
41,cn4376,vertex_numbering_local,compute,0.007293765,1,0,0,0,0,0,0,233,0,0,0,0,0,0,0,0,0,0,0
41,cn4376,vertex_count_allgather,communication,2.024029695,1,0,0,0,0,0,0,68,0,0,0,0,0,0,2,1,1,4,1024
41,cn4376,element_count_allgather,communication,0.007934912,1,0,0,0,0,0,0,0,0,0,0,0,0,0,0,1,1,4,1024
41,cn4376,vertex_exchange_prepare,compute,5.52409999983e-05,1,0,0,0,0,0,0,22,0,0,0,0,0,0,0,0,0,0,0
41,cn4376,vertex_exchange,communication,0.01995987,1,0,0,0,0,0,0,379,0,0,0,0,0,0,0,9,6,100342,83270
41,cn4376,vertex_exchange_unpack,compute,0.001144293,1,0,0,0,0,0,0,0,0,0,0,0,0,0,0,0,0,0,0
41,cn4376,partition_result_io,io,0,0,0,0,0,0,0,0,0,0,0,0,0,0,0,0,0,0,0,0
41,cn4376,volume_exchange_pack,compute,0.082302111,2,0,0,0,0,0,0,398,0,0,0,0,0,0,0,0,0,0,0
41,cn4376,volume_size_exchange,communication,0.015794223,1,0,0,0,0,0,0,0,0,0,0,0,0,0,0,7,7,28,28
41,cn4376,volume_payload_prepare,compute,0.000139400999998,1,0,0,0,0,0,0,0,0,0,0,0,0,0,0,0,0,0,0
41,cn4376,volume_payload_exchange,communication,0.005999709,1,0,0,0,0,0,0,21,0,0,0,0,0,0,0,7,7,1961520,1951320
41,cn4376,volume_exchange_unpack,compute,0.06057338,1,0,0,0,0,0,0,384,0,0,0,0,0,0,0,0,0,0,0
41,cn4376,final_mesh_save,io,0,0,0,0,0,0,0,0,0,0,0,0,0,0,0,0,0,0,0,0
41,cn4376,testout_io,io,0,0,0,0,0,0,0,0,0,0,0,0,0,0,0,0,0,0,0,0
41,cn4376,final_count_exchange,communication,0,0,0,0,0,0,0,0,0,0,0,0,0,0,0,0,0,0,0,0
41,cn4376,quality_evaluation,postprocess,0,0,0,0,0,0,0,0,0,0,0,0,0,0,0,0,0,0,0,0
42,cn4377,geometry_load,io,1.719825769,1,0,0,0,0,0,0,5898,0,1035092,0,0,0,2,1,0,0,0,0
42,cn4377,coarse_local_size,setup,0.457428629,1,0,0,0,0,0,0,7555,0,0,0,0,0,108,21,0,0,0,0
42,cn4377,coarse_edge_mesh,setup,0.012688563,1,0,0,0,0,0,0,550,0,0,0,0,0,0,0,0,0,0,0
42,cn4377,coarse_surface_mesh,setup,8.164063363,1,0,0,0,0,0,0,12969,0,0,0,0,0,0,11,0,0,0,0
42,cn4377,coarse_volume_mesh,setup,13.19106261,1,0,0,0,0,0,0,23963,0,0,0,0,0,38346,1525848,0,0,0,0
42,cn4377,coarse_mesh_save,io,0,0,0,0,0,0,0,0,0,0,0,0,0,0,0,0,0,0,0,0
42,cn4377,submesh_initialization,setup,0.000150961999999,1,0,0,0,0,0,0,18,0,0,0,0,0,0,0,0,0,0,0
42,cn4377,metis_partition,compute,0.37096488,1,0,0,0,0,0,0,453,0,0,0,0,0,0,0,0,0,0,0
42,cn4377,face_map_setup,compute,0.007151612,1,0,0,0,0,0,0,522,0,0,0,0,0,0,0,0,0,0,0
42,cn4377,face_local_extract,compute,0.157959767,1,0,0,0,0,0,0,657,0,0,0,0,0,0,0,0,0,0,0
42,cn4377,face_pre_collective_wait,synchronization,0.076868726,1,0,0,0,0,0,0,9,0,0,0,0,0,0,0,0,0,0,0
42,cn4377,face_collective_setup,compute,0.000106521999996,1,0,0,0,0,0,0,13,0,0,0,0,0,0,0,0,0,0,0
42,cn4377,face_allgatherv,communication,0.118531181,1,0,0,0,0,0,0,1146,0,0,0,0,0,0,0,1,1,18952,4859624
42,cn4377,face_global_merge,compute,0.077324413,1,0,0,0,0,0,0,257,0,0,0,0,0,0,1,0,0,0,0
42,cn4377,part_face_create,compute,0.018583778,1,0,0,0,0,0,0,12,0,0,0,0,0,0,0,0,0,0,0
42,cn4377,surface_refine,compute,0.005904376,1,0,0,0,0,0,0,38,0,0,0,0,0,0,0,0,0,0,0
42,cn4377,refined_surface_save,io,0,0,0,0,0,0,0,0,0,0,0,0,0,0,0,0,0,0,0,0
42,cn4377,local_volume_mesh,compute,6.411378972,1,0,0,0,0,0,0,669,0,0,0,0,0,8882,314058,0,0,0,0
42,cn4377,volume_refine,compute,0.1948423,1,0,0,0,0,0,0,3780,0,0,0,0,0,0,0,0,0,0,0
42,cn4377,refined_volume_save,io,0,0,0,0,0,0,0,0,0,0,0,0,0,0,0,0,0,0,0,0
42,cn4377,adjacency_build,compute,0.004597119,1,0,0,0,0,0,0,0,0,0,0,0,0,0,0,0,0,0,0
42,cn4377,vertex_numbering_local,compute,0.00730219299999,1,0,0,0,0,0,0,1,0,0,0,0,0,0,0,0,0,0,0
42,cn4377,vertex_count_allgather,communication,2.06355506,1,0,0,0,0,0,0,67,0,0,0,0,0,0,3,1,1,4,1024
42,cn4377,element_count_allgather,communication,0.007896661,1,0,0,0,0,0,0,0,0,0,0,0,0,0,0,1,1,4,1024
42,cn4377,vertex_exchange_prepare,compute,3.30000000019e-05,1,0,0,0,0,0,0,3,0,0,0,0,0,0,0,0,0,0,0
42,cn4377,vertex_exchange,communication,0.019076765,1,0,0,0,0,0,0,367,0,0,0,0,0,0,0,5,7,19008,164230
42,cn4377,vertex_exchange_unpack,compute,0.002473012,1,0,0,0,0,0,0,231,0,0,0,0,0,0,0,0,0,0,0
42,cn4377,partition_result_io,io,0,0,0,0,0,0,0,0,0,0,0,0,0,0,0,0,0,0,0,0
42,cn4377,volume_exchange_pack,compute,0.07718781,2,0,0,0,0,0,0,744,0,0,0,0,0,0,0,0,0,0,0
42,cn4377,volume_size_exchange,communication,0.025199823,1,0,0,0,0,0,0,0,0,0,0,0,0,0,0,8,8,32,32
42,cn4377,volume_payload_prepare,compute,0.000502406999999,1,0,0,0,0,0,0,265,0,0,0,0,0,0,0,0,0,0,0
42,cn4377,volume_payload_exchange,communication,0.015510559,1,0,0,0,0,0,0,13,0,0,0,0,0,0,0,8,8,1962960,1956240
42,cn4377,volume_exchange_unpack,compute,0.057136234,1,0,0,0,0,0,0,1115,0,0,0,0,0,0,0,0,0,0,0
42,cn4377,final_mesh_save,io,0,0,0,0,0,0,0,0,0,0,0,0,0,0,0,0,0,0,0,0
42,cn4377,testout_io,io,0,0,0,0,0,0,0,0,0,0,0,0,0,0,0,0,0,0,0,0
42,cn4377,final_count_exchange,communication,0,0,0,0,0,0,0,0,0,0,0,0,0,0,0,0,0,0,0,0
42,cn4377,quality_evaluation,postprocess,0,0,0,0,0,0,0,0,0,0,0,0,0,0,0,0,0,0,0,0
43,cn4378,geometry_load,io,1.748153133,1,0,0,0,0,0,0,5898,0,1035092,0,0,0,2,15,0,0,0,0
43,cn4378,coarse_local_size,setup,0.452319441,1,0,0,0,0,0,0,7535,0,0,0,0,0,105,24,0,0,0,0
43,cn4378,coarse_edge_mesh,setup,0.012591479,1,0,0,0,0,0,0,550,0,0,0,0,0,0,0,0,0,0,0
43,cn4378,coarse_surface_mesh,setup,8.12561459,1,0,0,0,0,0,0,12609,0,0,0,0,0,1,70,0,0,0,0
43,cn4378,coarse_volume_mesh,setup,13.178272091,1,0,0,0,0,0,0,22807,0,0,0,0,0,34939,1460110,0,0,0,0
43,cn4378,coarse_mesh_save,io,0,0,0,0,0,0,0,0,0,0,0,0,0,0,0,0,0,0,0,0
43,cn4378,submesh_initialization,setup,0.000125802000007,1,0,0,0,0,0,0,5,0,0,0,0,0,0,0,0,0,0,0
43,cn4378,metis_partition,compute,0.36419681,1,0,0,0,0,0,0,344,0,0,0,0,0,0,3,0,0,0,0
43,cn4378,face_map_setup,compute,0.007458354,1,0,0,0,0,0,0,455,0,0,0,0,0,0,0,0,0,0,0
43,cn4378,face_local_extract,compute,0.154596729,1,0,0,0,0,0,0,732,0,0,0,0,0,0,1,0,0,0,0
43,cn4378,face_pre_collective_wait,synchronization,0.086776194,1,0,0,0,0,0,0,8,0,0,0,0,0,0,1,0,0,0,0
43,cn4378,face_collective_setup,compute,0.000115620999999,1,0,0,0,0,0,0,13,0,0,0,0,0,0,0,0,0,0,0
43,cn4378,face_allgatherv,communication,0.118500794,1,0,0,0,0,0,0,1150,0,0,0,0,0,0,1,1,1,18952,4859624
43,cn4378,face_global_merge,compute,0.075182368,1,0,0,0,0,0,0,182,0,0,0,0,0,0,0,0,0,0,0
43,cn4378,part_face_create,compute,0.01899212,1,0,0,0,0,0,0,15,0,0,0,0,0,0,1,0,0,0,0
43,cn4378,surface_refine,compute,0.006465762,1,0,0,0,0,0,0,38,0,0,0,0,0,0,0,0,0,0,0
43,cn4378,refined_surface_save,io,0,0,0,0,0,0,0,0,0,0,0,0,0,0,0,0,0,0,0,0
43,cn4378,local_volume_mesh,compute,7.264804721,1,0,0,0,0,0,0,695,0,0,0,0,0,11796,480283,0,0,0,0
43,cn4378,volume_refine,compute,0.314920289,1,0,0,0,0,0,0,4633,0,0,0,0,0,0,2,0,0,0,0
43,cn4378,refined_volume_save,io,0,0,0,0,0,0,0,0,0,0,0,0,0,0,0,0,0,0,0,0
43,cn4378,adjacency_build,compute,0.004544957,1,0,0,0,0,0,0,0,0,0,0,0,0,0,0,0,0,0,0
43,cn4378,vertex_numbering_local,compute,0.005397008,1,0,0,0,0,0,0,2,0,0,0,0,0,0,0,0,0,0,0
43,cn4378,vertex_count_allgather,communication,1.093226522,1,0,0,0,0,0,0,36,0,0,0,0,0,0,9,1,1,4,1024
43,cn4378,element_count_allgather,communication,0.007576755,1,0,0,0,0,0,0,0,0,0,0,0,0,0,0,1,1,4,1024
43,cn4378,vertex_exchange_prepare,compute,1.50609999992e-05,1,0,0,0,0,0,0,0,0,0,0,0,0,0,0,0,0,0,0
43,cn4378,vertex_exchange,communication,0.011092219,1,0,0,0,0,0,0,543,0,0,0,0,0,0,1,1,3,8976,64790
43,cn4378,vertex_exchange_unpack,compute,0.000896771000001,1,0,0,0,0,0,0,0,0,0,0,0,0,0,0,0,0,0,0
43,cn4378,partition_result_io,io,0,0,0,0,0,0,0,0,0,0,0,0,0,0,0,0,0,0,0,0
43,cn4378,volume_exchange_pack,compute,0.085751621,2,0,0,0,0,0,0,1,0,0,0,0,0,0,0,0,0,0,0
43,cn4378,volume_size_exchange,communication,0.00117373499999,1,0,0,0,0,0,0,1,0,0,0,0,0,0,0,4,4,16,16
43,cn4378,volume_payload_prepare,compute,5.97810000045e-05,1,0,0,0,0,0,0,0,0,0,0,0,0,0,0,0,0,0,0
43,cn4378,volume_payload_exchange,communication,0.026406393,1,0,0,0,0,0,0,12,0,0,0,0,0,0,0,4,4,773880,771480
43,cn4378,volume_exchange_unpack,compute,0.056984819,1,0,0,0,0,0,0,566,0,0,0,0,0,0,1,0,0,0,0
43,cn4378,final_mesh_save,io,0,0,0,0,0,0,0,0,0,0,0,0,0,0,0,0,0,0,0,0
43,cn4378,testout_io,io,0,0,0,0,0,0,0,0,0,0,0,0,0,0,0,0,0,0,0,0
43,cn4378,final_count_exchange,communication,0,0,0,0,0,0,0,0,0,0,0,0,0,0,0,0,0,0,0,0
43,cn4378,quality_evaluation,postprocess,0,0,0,0,0,0,0,0,0,0,0,0,0,0,0,0,0,0,0,0
44,cn4379,geometry_load,io,1.736229143,1,0,0,0,0,0,0,5898,0,1035092,0,0,0,2,3,0,0,0,0
44,cn4379,coarse_local_size,setup,0.447496912,1,0,0,0,0,0,0,7005,0,0,0,0,0,104,21,0,0,0,0
44,cn4379,coarse_edge_mesh,setup,0.012487955,1,0,0,0,0,0,0,551,0,0,0,0,0,0,0,0,0,0,0
44,cn4379,coarse_surface_mesh,setup,8.194635656,1,0,0,0,0,0,0,14133,0,0,0,0,0,0,18,0,0,0,0
44,cn4379,coarse_volume_mesh,setup,13.247394713,1,0,0,0,0,0,0,23642,0,0,0,0,0,38128,1551486,0,0,0,0
44,cn4379,coarse_mesh_save,io,0,0,0,0,0,0,0,0,0,0,0,0,0,0,0,0,0,0,0,0
44,cn4379,submesh_initialization,setup,0.000127442,1,0,0,0,0,0,0,6,0,0,0,0,0,0,0,0,0,0,0
44,cn4379,metis_partition,compute,0.366643325,1,0,0,0,0,0,0,69,0,0,0,0,0,0,2,0,0,0,0
44,cn4379,face_map_setup,compute,0.007533934,1,0,0,0,0,0,0,773,0,0,0,0,0,0,0,0,0,0,0
44,cn4379,face_local_extract,compute,0.155906881,1,0,0,0,0,0,0,35,0,0,0,0,0,0,0,0,0,0,0
44,cn4379,face_pre_collective_wait,synchronization,0.082931672,1,0,0,0,0,0,0,9,0,0,0,0,0,0,0,0,0,0,0
44,cn4379,face_collective_setup,compute,0.000121081000003,1,0,0,0,0,0,0,15,0,0,0,0,0,0,0,0,0,0,0
44,cn4379,face_allgatherv,communication,0.118486215,1,0,0,0,0,0,0,47,0,0,0,0,0,0,0,1,1,18952,4859624
44,cn4379,face_global_merge,compute,0.073720238,1,0,0,0,0,0,0,0,0,0,0,0,0,0,0,0,0,0,0
44,cn4379,part_face_create,compute,0.018358469,1,0,0,0,0,0,0,3,0,0,0,0,0,0,0,0,0,0,0
44,cn4379,surface_refine,compute,0.005530249,1,0,0,0,0,0,0,1,0,0,0,0,0,0,0,0,0,0,0
44,cn4379,refined_surface_save,io,0,0,0,0,0,0,0,0,0,0,0,0,0,0,0,0,0,0,0,0
44,cn4379,local_volume_mesh,compute,6.009019454,1,0,0,0,0,0,0,561,0,0,0,0,0,7988,270443,0,0,0,0
44,cn4379,volume_refine,compute,0.18392027,1,0,0,0,0,0,0,3596,0,0,0,0,0,0,0,0,0,0,0
44,cn4379,refined_volume_save,io,0,0,0,0,0,0,0,0,0,0,0,0,0,0,0,0,0,0,0,0
44,cn4379,adjacency_build,compute,0.004640118,1,0,0,0,0,0,0,0,0,0,0,0,0,0,0,0,0,0,0
44,cn4379,vertex_numbering_local,compute,0.008408024,1,0,0,0,0,0,0,1,0,0,0,0,0,0,0,0,0,0,0
44,cn4379,vertex_count_allgather,communication,2.480101737,1,0,0,0,0,0,0,65,0,0,0,0,0,0,5,1,1,4,1024
44,cn4379,element_count_allgather,communication,0.007853658,1,0,0,0,0,0,0,2,0,0,0,0,0,0,0,1,1,4,1024
44,cn4379,vertex_exchange_prepare,compute,3.35800000002e-05,1,0,0,0,0,0,0,7,0,0,0,0,0,0,0,0,0,0,0
44,cn4379,vertex_exchange,communication,0.02008847,1,0,0,0,0,0,0,345,0,0,0,0,0,0,0,11,10,114906,116138
44,cn4379,vertex_exchange_unpack,compute,0.001580459,1,0,0,0,0,0,0,6,0,0,0,0,0,0,0,0,0,0,0
44,cn4379,partition_result_io,io,0,0,0,0,0,0,0,0,0,0,0,0,0,0,0,0,0,0,0,0
44,cn4379,volume_exchange_pack,compute,0.093291122,2,0,0,0,0,0,0,970,0,0,0,0,0,0,1,0,0,0,0
44,cn4379,volume_size_exchange,communication,0.004282213,1,0,0,0,0,0,0,2,0,0,0,0,0,0,0,12,12,48,48
44,cn4379,volume_payload_prepare,compute,0.000429905000004,1,0,0,0,0,0,0,194,0,0,0,0,0,0,0,0,0,0,0
44,cn4379,volume_payload_exchange,communication,0.004995902,1,0,0,0,0,0,0,13,0,0,0,0,0,0,0,12,12,2480640,2490960
44,cn4379,volume_exchange_unpack,compute,0.072605684,1,0,0,0,0,0,0,1501,0,0,0,0,0,0,0,0,0,0,0
44,cn4379,final_mesh_save,io,0,0,0,0,0,0,0,0,0,0,0,0,0,0,0,0,0,0,0,0
44,cn4379,testout_io,io,0,0,0,0,0,0,0,0,0,0,0,0,0,0,0,0,0,0,0,0
44,cn4379,final_count_exchange,communication,0,0,0,0,0,0,0,0,0,0,0,0,0,0,0,0,0,0,0,0
44,cn4379,quality_evaluation,postprocess,0,0,0,0,0,0,0,0,0,0,0,0,0,0,0,0,0,0,0,0
45,cn4380,geometry_load,io,1.753978171,1,0,0,0,0,0,0,5897,0,1035092,0,0,0,2,3,0,0,0,0
45,cn4380,coarse_local_size,setup,0.453902499,1,0,0,0,0,0,0,7507,0,0,0,0,0,110,22,0,0,0,0
45,cn4380,coarse_edge_mesh,setup,0.012625968,1,0,0,0,0,0,0,550,0,0,0,0,0,0,0,0,0,0,0
45,cn4380,coarse_surface_mesh,setup,8.186124311,1,0,0,0,0,0,0,14185,0,0,0,0,0,0,8,0,0,0,0
45,cn4380,coarse_volume_mesh,setup,13.527602861,1,0,0,0,0,0,0,25117,0,0,0,0,0,39280,1699079,0,0,0,0
45,cn4380,coarse_mesh_save,io,0,0,0,0,0,0,0,0,0,0,0,0,0,0,0,0,0,0,0,0
45,cn4380,submesh_initialization,setup,0.000178681999998,1,0,0,0,0,0,0,56,0,0,0,0,0,0,0,0,0,0,0
45,cn4380,metis_partition,compute,0.378721695,1,0,0,0,0,0,0,1602,0,0,0,0,0,0,0,0,0,0,0
45,cn4380,face_map_setup,compute,0.007536029,1,0,0,0,0,0,0,500,0,0,0,0,0,0,0,0,0,0,0
45,cn4380,face_local_extract,compute,0.158035959,1,0,0,0,0,0,0,805,0,0,0,0,0,0,0,0,0,0,0
45,cn4380,face_pre_collective_wait,synchronization,0.068710188,1,0,0,0,0,0,0,13,0,0,0,0,0,0,0,0,0,0,0
45,cn4380,face_collective_setup,compute,0.000112082000001,1,0,0,0,0,0,0,16,0,0,0,0,0,0,0,0,0,0,0
45,cn4380,face_allgatherv,communication,0.118474313,1,0,0,0,0,0,0,639,0,0,0,0,0,0,1,1,1,18952,4859624
45,cn4380,face_global_merge,compute,0.076974485,1,0,0,0,0,0,0,400,0,0,0,0,0,0,0,0,0,0,0
45,cn4380,part_face_create,compute,0.019113385,1,0,0,0,0,0,0,8,0,0,0,0,0,0,0,0,0,0,0
45,cn4380,surface_refine,compute,0.005667927,1,0,0,0,0,0,0,40,0,0,0,0,0,0,0,0,0,0,0
45,cn4380,refined_surface_save,io,0,0,0,0,0,0,0,0,0,0,0,0,0,0,0,0,0,0,0,0
45,cn4380,local_volume_mesh,compute,6.360945542,1,0,0,0,0,0,0,780,0,0,0,0,0,9663,306249,0,0,0,0
45,cn4380,volume_refine,compute,0.185217619,1,0,0,0,0,0,0,4108,0,0,0,0,0,0,0,0,0,0,0
45,cn4380,refined_volume_save,io,0,0,0,0,0,0,0,0,0,0,0,0,0,0,0,0,0,0,0,0
45,cn4380,adjacency_build,compute,0.00473179599999,1,0,0,0,0,0,0,0,0,0,0,0,0,0,0,0,0,0,0
45,cn4380,vertex_numbering_local,compute,0.007247946,1,0,0,0,0,0,0,1,0,0,0,0,0,0,0,0,0,0,0
45,cn4380,vertex_count_allgather,communication,2.123613999,1,0,0,0,0,0,0,98,0,0,0,0,0,0,2,1,1,4,1024
45,cn4380,element_count_allgather,communication,0.007890633,1,0,0,0,0,0,0,4,0,0,0,0,0,0,0,1,1,4,1024
45,cn4380,vertex_exchange_prepare,compute,8.32610000003e-05,1,0,0,0,0,0,0,47,0,0,0,0,0,0,0,0,0,0,0
45,cn4380,vertex_exchange,communication,0.020234938,1,0,0,0,0,0,0,71,0,0,0,0,0,0,0,4,6,48818,131648
45,cn4380,vertex_exchange_unpack,compute,0.002394308,1,0,0,0,0,0,0,616,0,0,0,0,0,0,0,0,0,0,0
45,cn4380,partition_result_io,io,0,0,0,0,0,0,0,0,0,0,0,0,0,0,0,0,0,0,0,0
45,cn4380,volume_exchange_pack,compute,0.077969178,2,0,0,0,0,0,0,1072,0,0,0,0,0,0,0,0,0,0,0
45,cn4380,volume_size_exchange,communication,0.014200647,1,0,0,0,0,0,0,0,0,0,0,0,0,0,0,6,6,24,24
45,cn4380,volume_payload_prepare,compute,0.000180761999999,1,0,0,0,0,0,0,28,0,0,0,0,0,0,0,0,0,0,0
45,cn4380,volume_payload_exchange,communication,0.005619646,1,0,0,0,0,0,0,18,0,0,0,0,0,0,0,6,6,1967400,1948680
45,cn4380,volume_exchange_unpack,compute,0.059164356,1,0,0,0,0,0,0,898,0,0,0,0,0,0,0,0,0,0,0
45,cn4380,final_mesh_save,io,0,0,0,0,0,0,0,0,0,0,0,0,0,0,0,0,0,0,0,0
45,cn4380,testout_io,io,0,0,0,0,0,0,0,0,0,0,0,0,0,0,0,0,0,0,0,0
45,cn4380,final_count_exchange,communication,0,0,0,0,0,0,0,0,0,0,0,0,0,0,0,0,0,0,0,0
45,cn4380,quality_evaluation,postprocess,0,0,0,0,0,0,0,0,0,0,0,0,0,0,0,0,0,0,0,0
46,cn4381,geometry_load,io,1.73848128,1,0,0,0,0,0,0,5897,0,1035092,0,0,0,2,6,0,0,0,0
46,cn4381,coarse_local_size,setup,0.444566572,1,0,0,0,0,0,0,7105,0,0,0,0,0,106,19,0,0,0,0
46,cn4381,coarse_edge_mesh,setup,0.012586842,1,0,0,0,0,0,0,567,0,0,0,0,0,0,0,0,0,0,0
46,cn4381,coarse_surface_mesh,setup,8.148982472,1,0,0,0,0,0,0,12810,0,0,0,0,0,0,12,0,0,0,0
46,cn4381,coarse_volume_mesh,setup,13.301510542,1,0,0,0,0,0,0,22743,0,0,0,0,0,37157,1671869,0,0,0,0
46,cn4381,coarse_mesh_save,io,0,0,0,0,0,0,0,0,0,0,0,0,0,0,0,0,0,0,0,0
46,cn4381,submesh_initialization,setup,0.000136200999997,1,0,0,0,0,0,0,15,0,0,0,0,0,0,0,0,0,0,0
46,cn4381,metis_partition,compute,0.367432643,1,0,0,0,0,0,0,323,0,0,0,0,0,0,1,0,0,0,0
46,cn4381,face_map_setup,compute,0.007175341,1,0,0,0,0,0,0,366,0,0,0,0,0,0,0,0,0,0,0
46,cn4381,face_local_extract,compute,0.152822163,1,0,0,0,0,0,0,747,0,0,0,0,0,0,0,0,0,0,0
46,cn4381,face_pre_collective_wait,synchronization,0.085578185,1,0,0,0,0,0,0,9,0,0,0,0,0,0,0,0,0,0,0
46,cn4381,face_collective_setup,compute,0.000107221,1,0,0,0,0,0,0,13,0,0,0,0,0,0,0,0,0,0,0
46,cn4381,face_allgatherv,communication,0.118477116,1,0,0,0,0,0,0,1151,0,0,0,0,0,0,0,1,1,18952,4859624
46,cn4381,face_global_merge,compute,0.075987537,1,0,0,0,0,0,0,260,0,0,0,0,0,0,0,0,0,0,0
46,cn4381,part_face_create,compute,0.018483189,1,0,0,0,0,0,0,14,0,0,0,0,0,0,0,0,0,0,0
46,cn4381,surface_refine,compute,0.005563263,1,0,0,0,0,0,0,36,0,0,0,0,0,0,0,0,0,0,0
46,cn4381,refined_surface_save,io,0,0,0,0,0,0,0,0,0,0,0,0,0,0,0,0,0,0,0,0
46,cn4381,local_volume_mesh,compute,6.294397583,1,0,0,0,0,0,0,660,0,0,0,0,0,8952,288248,0,0,0,0
46,cn4381,volume_refine,compute,0.177240078,1,0,0,0,0,0,0,4107,0,0,0,0,0,0,0,0,0,0,0
46,cn4381,refined_volume_save,io,0,0,0,0,0,0,0,0,0,0,0,0,0,0,0,0,0,0,0,0
46,cn4381,adjacency_build,compute,0.004549731,1,0,0,0,0,0,0,0,0,0,0,0,0,0,0,0,0,0,0
46,cn4381,vertex_numbering_local,compute,0.006438352,1,0,0,0,0,0,0,1,0,0,0,0,0,0,0,0,0,0,0
46,cn4381,vertex_count_allgather,communication,2.200915494,1,0,0,0,0,0,0,102,0,0,0,0,0,0,3,1,1,4,1024
46,cn4381,element_count_allgather,communication,0.007878049,1,0,0,0,0,0,0,2,0,0,0,0,0,0,0,1,1,4,1024
46,cn4381,vertex_exchange_prepare,compute,5.12000000015e-05,1,0,0,0,0,0,0,25,0,0,0,0,0,0,0,0,0,0,0
46,cn4381,vertex_exchange,communication,0.020312509,1,0,0,0,0,0,0,146,0,0,0,0,0,0,0,8,6,78562,72292
46,cn4381,vertex_exchange_unpack,compute,0.000991531000004,1,0,0,0,0,0,0,3,0,0,0,0,0,0,0,0,0,0,0
46,cn4381,partition_result_io,io,0,0,0,0,0,0,0,0,0,0,0,0,0,0,0,0,0,0,0,0
46,cn4381,volume_exchange_pack,compute,0.075673193,2,0,0,0,0,0,0,856,0,0,0,0,0,0,0,0,0,0,0
46,cn4381,volume_size_exchange,communication,0.017871682,1,0,0,0,0,0,0,0,0,0,0,0,0,0,0,6,6,24,24
46,cn4381,volume_payload_prepare,compute,0.000248522,1,0,0,0,0,0,0,106,0,0,0,0,0,0,0,0,0,0,0
46,cn4381,volume_payload_exchange,communication,0.005570822,1,0,0,0,0,0,0,5,0,0,0,0,0,0,0,6,6,1605000,1620960
46,cn4381,volume_exchange_unpack,compute,0.051961626,1,0,0,0,0,0,0,802,0,0,0,0,0,0,0,0,0,0,0
46,cn4381,final_mesh_save,io,0,0,0,0,0,0,0,0,0,0,0,0,0,0,0,0,0,0,0,0
46,cn4381,testout_io,io,0,0,0,0,0,0,0,0,0,0,0,0,0,0,0,0,0,0,0,0
46,cn4381,final_count_exchange,communication,0,0,0,0,0,0,0,0,0,0,0,0,0,0,0,0,0,0,0,0
46,cn4381,quality_evaluation,postprocess,0,0,0,0,0,0,0,0,0,0,0,0,0,0,0,0,0,0,0,0
47,cn4382,geometry_load,io,1.727517426,1,0,0,0,0,0,0,5897,0,1035092,0,0,0,2,2,0,0,0,0
47,cn4382,coarse_local_size,setup,0.456420422,1,0,0,0,0,0,0,7228,0,0,0,0,0,104,21,0,0,0,0
47,cn4382,coarse_edge_mesh,setup,0.012553616,1,0,0,0,0,0,0,568,0,0,0,0,0,0,0,0,0,0,0
47,cn4382,coarse_surface_mesh,setup,8.172152769,1,0,0,0,0,0,0,14289,0,0,0,0,0,0,8,0,0,0,0
47,cn4382,coarse_volume_mesh,setup,13.353293111,1,0,0,0,0,0,0,27962,0,0,0,0,0,36711,1650244,0,0,0,0
47,cn4382,coarse_mesh_save,io,0,0,0,0,0,0,0,0,0,0,0,0,0,0,0,0,0,0,0,0
47,cn4382,submesh_initialization,setup,0.000179781999996,1,0,0,0,0,0,0,59,0,0,0,0,0,0,0,0,0,0,0
47,cn4382,metis_partition,compute,0.384987649,1,0,0,0,0,0,0,2101,0,0,0,0,0,0,1,0,0,0,0
47,cn4382,face_map_setup,compute,0.007570902,1,0,0,0,0,0,0,561,0,0,0,0,0,0,0,0,0,0,0
47,cn4382,face_local_extract,compute,0.162151375,1,0,0,0,0,0,0,894,0,0,0,0,0,0,0,0,0,0,0
47,cn4382,face_pre_collective_wait,synchronization,0.05824457,1,0,0,0,0,0,0,20,0,0,0,0,0,0,0,0,0,0,0
47,cn4382,face_collective_setup,compute,0.000111521000001,1,0,0,0,0,0,0,16,0,0,0,0,0,0,0,0,0,0,0
47,cn4382,face_allgatherv,communication,0.118441202,1,0,0,0,0,0,0,708,0,0,0,0,0,0,0,1,1,18952,4859624
47,cn4382,face_global_merge,compute,0.078832053,1,0,0,0,0,0,0,606,0,0,0,0,0,0,0,0,0,0,0
47,cn4382,part_face_create,compute,0.019443651,1,0,0,0,0,0,0,17,0,0,0,0,0,0,0,0,0,0,0
47,cn4382,surface_refine,compute,0.006147087,1,0,0,0,0,0,0,42,0,0,0,0,0,0,0,0,0,0,0
47,cn4382,refined_surface_save,io,0,0,0,0,0,0,0,0,0,0,0,0,0,0,0,0,0,0,0,0
47,cn4382,local_volume_mesh,compute,6.285985185,1,0,0,0,0,0,0,308,0,0,0,0,0,9673,337184,0,0,0,0
47,cn4382,volume_refine,compute,0.205392344,1,0,0,0,0,0,0,3582,0,0,0,0,0,0,0,0,0,0,0
47,cn4382,refined_volume_save,io,0,0,0,0,0,0,0,0,0,0,0,0,0,0,0,0,0,0,0,0
47,cn4382,adjacency_build,compute,0.004809272,1,0,0,0,0,0,0,0,0,0,0,0,0,0,0,0,0,0,0
47,cn4382,vertex_numbering_local,compute,0.00645885,1,0,0,0,0,0,0,1,0,0,0,0,0,0,0,0,0,0,0
47,cn4382,vertex_count_allgather,communication,2.176320466,1,0,0,0,0,0,0,132,0,0,0,0,0,0,2,1,1,4,1024
47,cn4382,element_count_allgather,communication,0.00789148499999,1,0,0,0,0,0,0,4,0,0,0,0,0,0,0,1,1,4,1024
47,cn4382,vertex_exchange_prepare,compute,8.67010000007e-05,1,0,0,0,0,0,0,49,0,0,0,0,0,0,0,0,0,0,0
47,cn4382,vertex_exchange,communication,0.020376941,1,0,0,0,0,0,0,76,0,0,0,0,0,0,0,2,5,3630,137676
47,cn4382,vertex_exchange_unpack,compute,0.003068213,1,0,0,0,0,0,0,1160,0,0,0,0,0,0,0,0,0,0,0
47,cn4382,partition_result_io,io,0,0,0,0,0,0,0,0,0,0,0,0,0,0,0,0,0,0,0,0
47,cn4382,volume_exchange_pack,compute,0.075468558,2,0,0,0,0,0,0,1078,0,0,0,0,0,0,0,0,0,0,0
47,cn4382,volume_size_exchange,communication,0.01578453,1,0,0,0,0,0,0,1,0,0,0,0,0,0,0,6,6,24,24
47,cn4382,volume_payload_prepare,compute,0.000208422,1,0,0,0,0,0,0,85,0,0,0,0,0,0,0,0,0,0,0
47,cn4382,volume_payload_exchange,communication,0.005860143,1,0,0,0,0,0,0,30,0,0,0,0,0,0,0,6,6,1520400,1520160
47,cn4382,volume_exchange_unpack,compute,0.052056423,1,0,0,0,0,0,0,378,0,0,0,0,0,0,0,0,0,0,0
47,cn4382,final_mesh_save,io,0,0,0,0,0,0,0,0,0,0,0,0,0,0,0,0,0,0,0,0
47,cn4382,testout_io,io,0,0,0,0,0,0,0,0,0,0,0,0,0,0,0,0,0,0,0,0
47,cn4382,final_count_exchange,communication,0,0,0,0,0,0,0,0,0,0,0,0,0,0,0,0,0,0,0,0
47,cn4382,quality_evaluation,postprocess,0,0,0,0,0,0,0,0,0,0,0,0,0,0,0,0,0,0,0,0
48,cn4383,geometry_load,io,1.763391004,1,0,0,0,0,0,0,5896,0,1035092,0,0,0,2,3,0,0,0,0
48,cn4383,coarse_local_size,setup,0.450330905,1,0,0,0,0,0,0,7267,0,0,0,0,0,80,19,0,0,0,0
48,cn4383,coarse_edge_mesh,setup,0.012527597,1,0,0,0,0,0,0,576,0,0,0,0,0,0,0,0,0,0,0
48,cn4383,coarse_surface_mesh,setup,8.208140994,1,0,0,0,0,0,0,14197,0,0,0,0,0,0,9,0,0,0,0
48,cn4383,coarse_volume_mesh,setup,13.45372513,1,0,0,0,0,0,0,27632,0,0,0,0,0,40375,1642916,0,0,0,0
48,cn4383,coarse_mesh_save,io,0,0,0,0,0,0,0,0,0,0,0,0,0,0,0,0,0,0,0,0
48,cn4383,submesh_initialization,setup,0.000176242000002,1,0,0,0,0,0,0,56,0,0,0,0,0,0,0,0,0,0,0
48,cn4383,metis_partition,compute,0.37737795,1,0,0,0,0,0,0,2079,0,0,0,0,0,0,1,0,0,0,0
48,cn4383,face_map_setup,compute,0.007683716,1,0,0,0,0,0,0,591,0,0,0,0,0,0,0,0,0,0,0
48,cn4383,face_local_extract,compute,0.160663734,1,0,0,0,0,0,0,897,0,0,0,0,0,0,0,0,0,0,0
48,cn4383,face_pre_collective_wait,synchronization,0.067187443,1,0,0,0,0,0,0,19,0,0,0,0,0,0,0,0,0,0,0
48,cn4383,face_collective_setup,compute,0.000117940999999,1,0,0,0,0,0,0,16,0,0,0,0,0,0,0,0,0,0,0
48,cn4383,face_allgatherv,communication,0.118453285,1,0,0,0,0,0,0,650,0,0,0,0,0,0,0,1,1,18952,4859624
48,cn4383,face_global_merge,compute,0.079248973,1,0,0,0,0,0,0,637,0,0,0,0,0,0,0,0,0,0,0
48,cn4383,part_face_create,compute,0.019736308,1,0,0,0,0,0,0,25,0,0,0,0,0,0,0,0,0,0,0
48,cn4383,surface_refine,compute,0.006762505,1,0,0,0,0,0,0,41,0,0,0,0,0,0,0,0,0,0,0
48,cn4383,refined_surface_save,io,0,0,0,0,0,0,0,0,0,0,0,0,0,0,0,0,0,0,0,0
48,cn4383,local_volume_mesh,compute,7.590718654,1,0,0,0,0,0,0,824,0,0,0,0,0,15250,504745,0,0,0,0
48,cn4383,volume_refine,compute,0.243496733,1,0,0,0,0,0,0,3995,0,0,0,0,0,0,0,0,0,0,0
48,cn4383,refined_volume_save,io,0,0,0,0,0,0,0,0,0,0,0,0,0,0,0,0,0,0,0,0
48,cn4383,adjacency_build,compute,0.005016163,1,0,0,0,0,0,0,0,0,0,0,0,0,0,0,0,0,0,0
48,cn4383,vertex_numbering_local,compute,0.007600655,1,0,0,0,0,0,0,1,0,0,0,0,0,0,0,0,0,0,0
48,cn4383,vertex_count_allgather,communication,0.830915936,1,0,0,0,0,0,0,88,0,0,0,0,0,0,1,1,1,4,1024
48,cn4383,element_count_allgather,communication,0.007804858,1,0,0,0,0,0,0,4,0,0,0,0,0,0,0,1,1,4,1024
48,cn4383,vertex_exchange_prepare,compute,6.14610000014e-05,1,0,0,0,0,0,0,36,0,0,0,0,0,0,0,0,0,0,0
48,cn4383,vertex_exchange,communication,0.011718787,1,0,0,0,0,0,0,426,0,0,0,0,0,0,0,7,5,117612,35926
48,cn4383,vertex_exchange_unpack,compute,0.001037073,1,0,0,0,0,0,0,509,0,0,0,0,0,0,0,0,0,0,0
48,cn4383,partition_result_io,io,0,0,0,0,0,0,0,0,0,0,0,0,0,0,0,0,0,0,0,0
48,cn4383,volume_exchange_pack,compute,0.09726388,2,0,0,0,0,0,0,1676,0,0,0,0,0,0,0,0,0,0,0
48,cn4383,volume_size_exchange,communication,0.009024393,1,0,0,0,0,0,0,15,0,0,0,0,0,0,0,7,7,28,28
48,cn4383,volume_payload_prepare,compute,0.000227382999995,1,0,0,0,0,0,0,101,0,0,0,0,0,0,0,0,0,0,0
48,cn4383,volume_payload_exchange,communication,0.002209768,1,0,0,0,0,0,0,33,0,0,0,0,0,0,0,7,7,1607640,1608840
48,cn4383,volume_exchange_unpack,compute,0.064566629,1,0,0,0,0,0,0,1150,0,0,0,0,0,0,0,0,0,0,0
48,cn4383,final_mesh_save,io,0,0,0,0,0,0,0,0,0,0,0,0,0,0,0,0,0,0,0,0
48,cn4383,testout_io,io,0,0,0,0,0,0,0,0,0,0,0,0,0,0,0,0,0,0,0,0
48,cn4383,final_count_exchange,communication,0,0,0,0,0,0,0,0,0,0,0,0,0,0,0,0,0,0,0,0
48,cn4383,quality_evaluation,postprocess,0,0,0,0,0,0,0,0,0,0,0,0,0,0,0,0,0,0,0,0
49,cn4384,geometry_load,io,1.712184691,1,0,0,0,0,0,0,5897,0,1035092,0,0,0,2,1,0,0,0,0
49,cn4384,coarse_local_size,setup,0.448868745,1,0,0,0,0,0,0,7483,0,0,0,0,0,106,21,0,0,0,0
49,cn4384,coarse_edge_mesh,setup,0.012740524,1,0,0,0,0,0,0,567,0,0,0,0,0,0,0,0,0,0,0
49,cn4384,coarse_surface_mesh,setup,8.219783726,1,0,0,0,0,0,0,14556,0,0,0,0,0,0,10,0,0,0,0
49,cn4384,coarse_volume_mesh,setup,13.335093914,1,0,0,0,0,0,0,26715,0,0,0,0,0,37014,1581045,0,0,0,0
49,cn4384,coarse_mesh_save,io,0,0,0,0,0,0,0,0,0,0,0,0,0,0,0,0,0,0,0,0
49,cn4384,submesh_initialization,setup,0.000157101999996,1,0,0,0,0,0,0,30,0,0,0,0,0,0,0,0,0,0,0
49,cn4384,metis_partition,compute,0.447836278,1,0,0,0,0,0,0,1437,0,0,0,0,0,0,1,0,0,0,0
49,cn4384,face_map_setup,compute,0.007167513,1,0,0,0,0,0,0,469,0,0,0,0,0,0,0,0,0,0,0
49,cn4384,face_local_extract,compute,0.157914637,1,0,0,0,0,0,0,35,0,0,0,0,0,0,0,0,0,0,0
49,cn4384,face_pre_collective_wait,synchronization,6.48810000001e-05,1,0,0,0,0,0,0,11,0,0,0,0,0,0,0,0,0,0,0
49,cn4384,face_collective_setup,compute,0.000111021999999,1,0,0,0,0,0,0,16,0,0,0,0,0,0,0,0,0,0,0
49,cn4384,face_allgatherv,communication,0.118485549,1,0,0,0,0,0,0,612,0,0,0,0,0,0,0,1,1,18952,4859624
49,cn4384,face_global_merge,compute,0.074212698,1,0,0,0,0,0,0,110,0,0,0,0,0,0,0,0,0,0,0
49,cn4384,part_face_create,compute,0.018720722,1,0,0,0,0,0,0,3,0,0,0,0,0,0,0,0,0,0,0
49,cn4384,surface_refine,compute,0.006345442,1,0,0,0,0,0,0,38,0,0,0,0,0,0,0,0,0,0,0
49,cn4384,refined_surface_save,io,0,0,0,0,0,0,0,0,0,0,0,0,0,0,0,0,0,0,0,0
49,cn4384,local_volume_mesh,compute,6.727867486,1,0,0,0,0,0,0,576,0,0,0,0,0,10803,443529,0,0,0,0
49,cn4384,volume_refine,compute,0.231286644,1,0,0,0,0,0,0,5034,0,0,0,0,0,0,0,0,0,0,0
49,cn4384,refined_volume_save,io,0,0,0,0,0,0,0,0,0,0,0,0,0,0,0,0,0,0,0,0
49,cn4384,adjacency_build,compute,0.00471556,1,0,0,0,0,0,0,0,0,0,0,0,0,0,0,0,0,0,0
49,cn4384,vertex_numbering_local,compute,0.00583629499999,1,0,0,0,0,0,0,1,0,0,0,0,0,0,0,0,0,0,0
49,cn4384,vertex_count_allgather,communication,1.714670464,1,0,0,0,0,0,0,104,0,0,0,0,0,0,2,1,1,4,1024
49,cn4384,element_count_allgather,communication,0.0077984,1,0,0,0,0,0,0,0,0,0,0,0,0,0,0,1,1,4,1024
49,cn4384,vertex_exchange_prepare,compute,6.42400000004e-05,1,0,0,0,0,0,0,31,0,0,0,0,0,0,0,0,0,0,0
49,cn4384,vertex_exchange,communication,0.011458227,1,0,0,0,0,0,0,369,0,0,0,0,0,0,0,5,5,7634,88066
49,cn4384,vertex_exchange_unpack,compute,0.001617481,1,0,0,0,0,0,0,397,0,0,0,0,0,0,0,0,0,0,0
49,cn4384,partition_result_io,io,0,0,0,0,0,0,0,0,0,0,0,0,0,0,0,0,0,0,0,0
49,cn4384,volume_exchange_pack,compute,0.080306936,2,0,0,0,0,0,0,844,0,0,0,0,0,0,0,0,0,0,0
49,cn4384,volume_size_exchange,communication,0.025655851,1,0,0,0,0,0,0,2,0,0,0,0,0,0,0,5,5,20,20
49,cn4384,volume_payload_prepare,compute,0.000204163000006,1,0,0,0,0,0,0,108,0,0,0,0,0,0,0,0,0,0,0
49,cn4384,volume_payload_exchange,communication,0.001495359,1,0,0,0,0,0,0,21,0,0,0,0,0,0,0,5,5,993000,994680
49,cn4384,volume_exchange_unpack,compute,0.050013665,1,0,0,0,0,0,0,435,0,0,0,0,0,0,0,0,0,0,0
49,cn4384,final_mesh_save,io,0,0,0,0,0,0,0,0,0,0,0,0,0,0,0,0,0,0,0,0
49,cn4384,testout_io,io,0,0,0,0,0,0,0,0,0,0,0,0,0,0,0,0,0,0,0,0
49,cn4384,final_count_exchange,communication,0,0,0,0,0,0,0,0,0,0,0,0,0,0,0,0,0,0,0,0
49,cn4384,quality_evaluation,postprocess,0,0,0,0,0,0,0,0,0,0,0,0,0,0,0,0,0,0,0,0
50,cn4385,geometry_load,io,1.748149189,1,0,0,0,0,0,0,5897,0,1035092,0,0,0,2,3,0,0,0,0
50,cn4385,coarse_local_size,setup,0.451450899,1,0,0,0,0,0,0,7539,0,0,0,0,0,87,21,0,0,0,0
50,cn4385,coarse_edge_mesh,setup,0.012581906,1,0,0,0,0,0,0,569,0,0,0,0,0,0,0,0,0,0,0
50,cn4385,coarse_surface_mesh,setup,8.165793901,1,0,0,0,0,0,0,13318,0,0,0,0,0,0,8,0,0,0,0
50,cn4385,coarse_volume_mesh,setup,13.328633866,1,0,0,0,0,0,0,23876,0,0,0,0,0,37311,1555686,0,0,0,0
50,cn4385,coarse_mesh_save,io,0,0,0,0,0,0,0,0,0,0,0,0,0,0,0,0,0,0,0,0
50,cn4385,submesh_initialization,setup,0.000139101000002,1,0,0,0,0,0,0,22,0,0,0,0,0,0,0,0,0,0,0
50,cn4385,metis_partition,compute,0.383923659,1,0,0,0,0,0,0,572,0,0,0,0,0,0,1,0,0,0,0
50,cn4385,face_map_setup,compute,0.041036194,1,0,0,0,0,0,0,772,0,0,0,0,0,0,0,0,0,0,0
50,cn4385,face_local_extract,compute,0.153524135,1,0,0,0,0,0,0,35,0,0,0,0,0,0,0,0,0,0,0
50,cn4385,face_pre_collective_wait,synchronization,0.025325593,1,0,0,0,0,0,0,11,0,0,0,0,0,0,0,0,0,0,0
50,cn4385,face_collective_setup,compute,0.000107520999997,1,0,0,0,0,0,0,13,0,0,0,0,0,0,0,0,0,0,0
50,cn4385,face_allgatherv,communication,0.11848107,1,0,0,0,0,0,0,45,0,0,0,0,0,0,0,1,1,18952,4859624
50,cn4385,face_global_merge,compute,0.07349233,1,0,0,0,0,0,0,0,0,0,0,0,0,0,0,0,0,0,0
50,cn4385,part_face_create,compute,0.018503234,1,0,0,0,0,0,0,3,0,0,0,0,0,0,0,0,0,0,0
50,cn4385,surface_refine,compute,0.005824848,1,0,0,0,0,0,0,1,0,0,0,0,0,0,0,0,0,0,0
50,cn4385,refined_surface_save,io,0,0,0,0,0,0,0,0,0,0,0,0,0,0,0,0,0,0,0,0
50,cn4385,local_volume_mesh,compute,6.457216689,1,0,0,0,0,0,0,561,0,0,0,0,0,7626,337085,0,0,0,0
50,cn4385,volume_refine,compute,0.212288574,1,0,0,0,0,0,0,3596,0,0,0,0,0,0,1,0,0,0,0
50,cn4385,refined_volume_save,io,0,0,0,0,0,0,0,0,0,0,0,0,0,0,0,0,0,0,0,0
50,cn4385,adjacency_build,compute,0.004682695,1,0,0,0,0,0,0,0,0,0,0,0,0,0,0,0,0,0,0
50,cn4385,vertex_numbering_local,compute,0.007019681,1,0,0,0,0,0,0,1,0,0,0,0,0,0,0,0,0,0,0
50,cn4385,vertex_count_allgather,communication,2.004846097,1,0,0,0,0,0,0,103,0,0,0,0,0,0,2,1,1,4,1024
50,cn4385,element_count_allgather,communication,0.00778973,1,0,0,0,0,0,0,0,0,0,0,0,0,0,0,1,1,4,1024
50,cn4385,vertex_exchange_prepare,compute,3.82799999983e-05,1,0,0,0,0,0,0,18,0,0,0,0,0,0,0,0,0,0,0
50,cn4385,vertex_exchange,communication,0.010947566,1,0,0,0,0,0,0,55,0,0,0,0,0,0,0,6,4,117590,38566
50,cn4385,vertex_exchange_unpack,compute,0.000569186999996,1,0,0,0,0,0,0,5,0,0,0,0,0,0,0,0,0,0,0
50,cn4385,partition_result_io,io,0,0,0,0,0,0,0,0,0,0,0,0,0,0,0,0,0,0,0,0
50,cn4385,volume_exchange_pack,compute,0.085825532,2,0,0,0,0,0,0,720,0,0,0,0,0,0,0,0,0,0,0
50,cn4385,volume_size_exchange,communication,0.013991382,1,0,0,0,0,0,0,3,0,0,0,0,0,0,0,6,6,24,24
50,cn4385,volume_payload_prepare,compute,0.000180462000003,1,0,0,0,0,0,0,46,0,0,0,0,0,0,0,0,0,0,0
50,cn4385,volume_payload_exchange,communication,0.00858416,1,0,0,0,0,0,0,79,0,0,0,0,0,0,0,6,6,1646640,1649400
50,cn4385,volume_exchange_unpack,compute,0.062533783,1,0,0,0,0,0,0,1413,0,0,0,0,0,0,0,0,0,0,0
50,cn4385,final_mesh_save,io,0,0,0,0,0,0,0,0,0,0,0,0,0,0,0,0,0,0,0,0
50,cn4385,testout_io,io,0,0,0,0,0,0,0,0,0,0,0,0,0,0,0,0,0,0,0,0
50,cn4385,final_count_exchange,communication,0,0,0,0,0,0,0,0,0,0,0,0,0,0,0,0,0,0,0,0
50,cn4385,quality_evaluation,postprocess,0,0,0,0,0,0,0,0,0,0,0,0,0,0,0,0,0,0,0,0
51,cn4386,geometry_load,io,1.758686334,1,0,0,0,0,0,0,5898,0,1035092,0,0,0,2,3,0,0,0,0
51,cn4386,coarse_local_size,setup,0.446659949,1,0,0,0,0,0,0,7132,0,0,0,0,0,82,20,0,0,0,0
51,cn4386,coarse_edge_mesh,setup,0.012790826,1,0,0,0,0,0,0,578,0,0,0,0,0,0,0,0,0,0,0
51,cn4386,coarse_surface_mesh,setup,8.335497297,1,0,0,0,0,0,0,14094,0,0,0,0,0,0,10,0,0,0,0
51,cn4386,coarse_volume_mesh,setup,13.292701667,1,0,0,0,0,0,0,27756,0,0,0,0,0,35780,1566057,0,0,0,0
51,cn4386,coarse_mesh_save,io,0,0,0,0,0,0,0,0,0,0,0,0,0,0,0,0,0,0,0,0
51,cn4386,submesh_initialization,setup,0.000181863000002,1,0,0,0,0,0,0,60,0,0,0,0,0,0,0,0,0,0,0
51,cn4386,metis_partition,compute,0.390747445,1,0,0,0,0,0,0,2014,0,0,0,0,0,0,0,0,0,0,0
51,cn4386,face_map_setup,compute,0.00773206,1,0,0,0,0,0,0,562,0,0,0,0,0,0,0,0,0,0,0
51,cn4386,face_local_extract,compute,0.162481066,1,0,0,0,0,0,0,928,0,0,0,0,0,0,1,0,0,0,0
51,cn4386,face_pre_collective_wait,synchronization,0.051903432,1,0,0,0,0,0,0,15,0,0,0,0,0,0,0,0,0,0,0
51,cn4386,face_collective_setup,compute,0.000109781999996,1,0,0,0,0,0,0,16,0,0,0,0,0,0,0,0,0,0,0
51,cn4386,face_allgatherv,communication,0.118454215,1,0,0,0,0,0,0,645,0,0,0,0,0,0,0,1,1,18952,4859624
51,cn4386,face_global_merge,compute,0.080380502,1,0,0,0,0,0,0,602,0,0,0,0,0,0,0,0,0,0,0
51,cn4386,part_face_create,compute,0.019555833,1,0,0,0,0,0,0,19,0,0,0,0,0,0,0,0,0,0,0
51,cn4386,surface_refine,compute,0.00606815899999,1,0,0,0,0,0,0,40,0,0,0,0,0,0,0,0,0,0,0
51,cn4386,refined_surface_save,io,0,0,0,0,0,0,0,0,0,0,0,0,0,0,0,0,0,0,0,0
51,cn4386,local_volume_mesh,compute,7.348423262,1,0,0,0,0,0,0,2090,0,0,0,0,0,8789,200120,0,0,0,0
51,cn4386,volume_refine,compute,0.215848357,1,0,0,0,0,0,0,5030,0,0,0,0,0,0,0,0,0,0,0
51,cn4386,refined_volume_save,io,0,0,0,0,0,0,0,0,0,0,0,0,0,0,0,0,0,0,0,0
51,cn4386,adjacency_build,compute,0.004762342,1,0,0,0,0,0,0,9,0,0,0,0,0,0,0,0,0,0,0
51,cn4386,vertex_numbering_local,compute,0.003721648,1,0,0,0,0,0,0,3,0,0,0,0,0,0,0,0,0,0,0
51,cn4386,vertex_count_allgather,communication,1.104568297,1,0,0,0,0,0,0,53,0,0,0,0,0,0,4,1,1,4,1024
51,cn4386,element_count_allgather,communication,0.007884662,1,0,0,0,0,0,0,0,0,0,0,0,0,0,0,1,1,4,1024
51,cn4386,vertex_exchange_prepare,compute,1.29200000032e-05,1,0,0,0,0,0,0,0,0,0,0,0,0,0,0,0,0,0,0
51,cn4386,vertex_exchange,communication,0.011797393,1,0,0,0,0,0,0,14,0,0,0,0,0,0,0,0,2,0,41910
51,cn4386,vertex_exchange_unpack,compute,0.000661088000001,1,0,0,0,0,0,0,0,0,0,0,0,0,0,0,0,0,0,0
51,cn4386,partition_result_io,io,0,0,0,0,0,0,0,0,0,0,0,0,0,0,0,0,0,0,0,0
51,cn4386,volume_exchange_pack,compute,0.056186289,2,0,0,0,0,0,0,2,0,0,0,0,0,0,0,0,0,0,0
51,cn4386,volume_size_exchange,communication,0.041541938,1,0,0,0,0,0,0,3,0,0,0,0,0,0,0,2,2,8,8
51,cn4386,volume_payload_prepare,compute,3.51610000067e-05,1,0,0,0,0,0,0,0,0,0,0,0,0,0,0,0,0,0,0
51,cn4386,volume_payload_exchange,communication,0.01004593,1,0,0,0,0,0,0,15,0,0,0,0,0,0,0,2,2,435720,433080
51,cn4386,volume_exchange_unpack,compute,0.036150309,1,0,0,0,0,0,0,0,0,0,0,0,0,0,0,0,0,0,0
51,cn4386,final_mesh_save,io,0,0,0,0,0,0,0,0,0,0,0,0,0,0,0,0,0,0,0,0
51,cn4386,testout_io,io,0,0,0,0,0,0,0,0,0,0,0,0,0,0,0,0,0,0,0,0
51,cn4386,final_count_exchange,communication,0,0,0,0,0,0,0,0,0,0,0,0,0,0,0,0,0,0,0,0
51,cn4386,quality_evaluation,postprocess,0,0,0,0,0,0,0,0,0,0,0,0,0,0,0,0,0,0,0,0
52,cn4387,geometry_load,io,1.735316366,1,0,0,0,0,0,0,5897,0,1035092,0,0,0,2,3,0,0,0,0
52,cn4387,coarse_local_size,setup,0.453152879,1,0,0,0,0,0,0,7481,0,0,0,0,0,103,21,0,0,0,0
52,cn4387,coarse_edge_mesh,setup,0.012661842,1,0,0,0,0,0,0,569,0,0,0,0,0,0,0,0,0,0,0
52,cn4387,coarse_surface_mesh,setup,8.144769676,1,0,0,0,0,0,0,11258,0,0,0,0,0,0,9,0,0,0,0
52,cn4387,coarse_volume_mesh,setup,13.275910755,1,0,0,0,0,0,0,23670,0,0,0,0,0,37849,1607516,0,0,0,0
52,cn4387,coarse_mesh_save,io,0,0,0,0,0,0,0,0,0,0,0,0,0,0,0,0,0,0,0,0
52,cn4387,submesh_initialization,setup,0.000129521999995,1,0,0,0,0,0,0,6,0,0,0,0,0,0,0,0,0,0,0
52,cn4387,metis_partition,compute,0.366447652,1,0,0,0,0,0,0,80,0,0,0,0,0,0,0,0,0,0,0
52,cn4387,face_map_setup,compute,0.007138823,1,0,0,0,0,0,0,484,0,0,0,0,0,0,0,0,0,0,0
52,cn4387,face_local_extract,compute,0.153345686,1,0,0,0,0,0,0,35,0,0,0,0,0,0,0,0,0,0,0
52,cn4387,face_pre_collective_wait,synchronization,0.086034238,1,0,0,0,0,0,0,13,0,0,0,0,0,0,0,0,0,0,0
52,cn4387,face_collective_setup,compute,0.000112641999998,1,0,0,0,0,0,0,16,0,0,0,0,0,0,0,0,0,0,0
52,cn4387,face_allgatherv,communication,0.118423404,1,0,0,0,0,0,0,49,0,0,0,0,0,0,1,1,1,18952,4859624
52,cn4387,face_global_merge,compute,0.074390171,1,0,0,0,0,0,0,0,0,0,0,0,0,0,0,0,0,0,0
52,cn4387,part_face_create,compute,0.018412845,1,0,0,0,0,0,0,6,0,0,0,0,0,0,0,0,0,0,0
52,cn4387,surface_refine,compute,0.006391372,1,0,0,0,0,0,0,1,0,0,0,0,0,0,0,0,0,0,0
52,cn4387,refined_surface_save,io,0,0,0,0,0,0,0,0,0,0,0,0,0,0,0,0,0,0,0,0
52,cn4387,local_volume_mesh,compute,7.790959405,1,0,0,0,0,0,0,570,0,0,0,0,0,14459,463376,0,0,0,0
52,cn4387,volume_refine,compute,0.246133881,1,0,0,0,0,0,0,5303,0,0,0,0,0,0,0,0,0,0,0
52,cn4387,refined_volume_save,io,0,0,0,0,0,0,0,0,0,0,0,0,0,0,0,0,0,0,0,0
52,cn4387,adjacency_build,compute,0.004559846,1,0,0,0,0,0,0,1,0,0,0,0,0,0,0,0,0,0,0
52,cn4387,vertex_numbering_local,compute,0.006327431,1,0,0,0,0,0,0,2,0,0,0,0,0,0,0,0,0,0,0
52,cn4387,vertex_count_allgather,communication,0.636407236,1,0,0,0,0,0,0,43,0,0,0,0,0,0,1,1,1,4,1024
52,cn4387,element_count_allgather,communication,0.00762777,1,0,0,0,0,0,0,0,0,0,0,0,0,0,0,1,1,4,1024
52,cn4387,vertex_exchange_prepare,compute,1.73800000027e-05,1,0,0,0,0,0,0,0,0,0,0,0,0,0,0,0,0,0,0
52,cn4387,vertex_exchange,communication,0.011639768,1,0,0,0,0,0,0,803,0,0,0,0,0,0,0,4,5,41536,62150
52,cn4387,vertex_exchange_unpack,compute,0.000878673000003,1,0,0,0,0,0,0,0,0,0,0,0,0,0,0,0,0,0,0
52,cn4387,partition_result_io,io,0,0,0,0,0,0,0,0,0,0,0,0,0,0,0,0,0,0,0,0
52,cn4387,volume_exchange_pack,compute,0.086482224,2,0,0,0,0,0,0,1,0,0,0,0,0,0,0,0,0,0,0
52,cn4387,volume_size_exchange,communication,0.015732587,1,0,0,0,0,0,0,8,0,0,0,0,0,0,0,6,6,24,24
52,cn4387,volume_payload_prepare,compute,8.40409999938e-05,1,0,0,0,0,0,0,0,0,0,0,0,0,0,0,0,0,0,0
52,cn4387,volume_payload_exchange,communication,0.005731443,1,0,0,0,0,0,0,28,0,0,0,0,0,0,0,6,6,1086600,1085280
52,cn4387,volume_exchange_unpack,compute,0.058808126,1,0,0,0,0,0,0,650,0,0,0,0,0,0,1,0,0,0,0
52,cn4387,final_mesh_save,io,0,0,0,0,0,0,0,0,0,0,0,0,0,0,0,0,0,0,0,0
52,cn4387,testout_io,io,0,0,0,0,0,0,0,0,0,0,0,0,0,0,0,0,0,0,0,0
52,cn4387,final_count_exchange,communication,0,0,0,0,0,0,0,0,0,0,0,0,0,0,0,0,0,0,0,0
52,cn4387,quality_evaluation,postprocess,0,0,0,0,0,0,0,0,0,0,0,0,0,0,0,0,0,0,0,0
53,cn4388,geometry_load,io,1.734518254,1,0,0,0,0,0,0,5897,0,1035092,0,0,0,2,15,0,0,0,0
53,cn4388,coarse_local_size,setup,0.456526466,1,0,0,0,0,0,0,7428,0,0,0,0,0,101,21,0,0,0,0
53,cn4388,coarse_edge_mesh,setup,0.013419033,1,0,0,0,0,0,0,567,0,0,0,0,0,0,1,0,0,0,0
53,cn4388,coarse_surface_mesh,setup,8.089011157,1,0,0,0,0,0,0,11077,0,0,0,0,0,0,71,0,0,0,0
53,cn4388,coarse_volume_mesh,setup,13.301627404,1,0,0,0,0,0,0,21945,0,0,0,0,0,37653,1589489,0,0,0,0
53,cn4388,coarse_mesh_save,io,0,0,0,0,0,0,0,0,0,0,0,0,0,0,0,0,0,0,0,0
53,cn4388,submesh_initialization,setup,0.000116982000002,1,0,0,0,0,0,0,1,0,0,0,0,0,0,0,0,0,0,0
53,cn4388,metis_partition,compute,0.36132438,1,0,0,0,0,0,0,57,0,0,0,0,0,0,3,0,0,0,0
53,cn4388,face_map_setup,compute,0.006599025,1,0,0,0,0,0,0,3,0,0,0,0,0,0,0,0,0,0,0
53,cn4388,face_local_extract,compute,0.150590064,1,0,0,0,0,0,0,24,0,0,0,0,0,0,2,0,0,0,0
53,cn4388,face_pre_collective_wait,synchronization,0.094544477,1,0,0,0,0,0,0,1,0,0,0,0,0,0,1,0,0,0,0
53,cn4388,face_collective_setup,compute,0.000116601999999,1,0,0,0,0,0,0,15,0,0,0,0,0,0,0,0,0,0,0
53,cn4388,face_allgatherv,communication,0.118400994,1,0,0,0,0,0,0,47,0,0,0,0,0,0,1,1,1,18952,4859624
53,cn4388,face_global_merge,compute,0.072701331,1,0,0,0,0,0,0,0,0,0,0,0,0,0,0,0,0,0,0
53,cn4388,part_face_create,compute,0.018451232,1,0,0,0,0,0,0,3,0,0,0,0,0,0,1,0,0,0,0
53,cn4388,surface_refine,compute,0.006165838,1,0,0,0,0,0,0,1,0,0,0,0,0,0,0,0,0,0,0
53,cn4388,refined_surface_save,io,0,0,0,0,0,0,0,0,0,0,0,0,0,0,0,0,0,0,0,0
53,cn4388,local_volume_mesh,compute,6.986389244,1,0,0,0,0,0,0,544,0,0,0,0,0,13515,486267,0,0,0,0
53,cn4388,volume_refine,compute,0.305277793,1,0,0,0,0,0,0,4220,0,0,0,0,0,0,3,0,0,0,0
53,cn4388,refined_volume_save,io,0,0,0,0,0,0,0,0,0,0,0,0,0,0,0,0,0,0,0,0
53,cn4388,adjacency_build,compute,0.004500631,1,0,0,0,0,0,0,0,0,0,0,0,0,0,0,0,0,0,0
53,cn4388,vertex_numbering_local,compute,0.005016059,1,0,0,0,0,0,0,2,0,0,0,0,0,0,0,0,0,0,0
53,cn4388,vertex_count_allgather,communication,1.385302527,1,0,0,0,0,0,0,30,0,0,0,0,0,0,12,1,1,4,1024
53,cn4388,element_count_allgather,communication,0.00757554,1,0,0,0,0,0,0,0,0,0,0,0,0,0,0,1,1,4,1024
53,cn4388,vertex_exchange_prepare,compute,1.17000000017e-05,1,0,0,0,0,0,0,0,0,0,0,0,0,0,0,0,0,0,0
53,cn4388,vertex_exchange,communication,0.010414325,1,0,0,0,0,0,0,16,0,0,0,0,0,0,1,3,3,33572,29964
53,cn4388,vertex_exchange_unpack,compute,0.000444647000002,1,0,0,0,0,0,0,0,0,0,0,0,0,0,0,0,0,0,0
53,cn4388,partition_result_io,io,0,0,0,0,0,0,0,0,0,0,0,0,0,0,0,0,0,0,0,0
53,cn4388,volume_exchange_pack,compute,0.10103764,2,0,0,0,0,0,0,3,0,0,0,0,0,0,0,0,0,0,0
53,cn4388,volume_size_exchange,communication,4.15009999983e-05,1,0,0,0,0,0,0,1,0,0,0,0,0,0,0,3,3,12,12
53,cn4388,volume_payload_prepare,compute,4.91210000035e-05,1,0,0,0,0,0,0,0,0,0,0,0,0,0,0,0,0,0,0
53,cn4388,volume_payload_exchange,communication,0.004171226,1,0,0,0,0,0,0,10,0,0,0,0,0,0,0,3,3,649680,650400
53,cn4388,volume_exchange_unpack,compute,0.052272908,1,0,0,0,0,0,0,678,0,0,0,0,0,0,1,0,0,0,0
53,cn4388,final_mesh_save,io,0,0,0,0,0,0,0,0,0,0,0,0,0,0,0,0,0,0,0,0
53,cn4388,testout_io,io,0,0,0,0,0,0,0,0,0,0,0,0,0,0,0,0,0,0,0,0
53,cn4388,final_count_exchange,communication,0,0,0,0,0,0,0,0,0,0,0,0,0,0,0,0,0,0,0,0
53,cn4388,quality_evaluation,postprocess,0,0,0,0,0,0,0,0,0,0,0,0,0,0,0,0,0,0,0,0
54,cn4389,geometry_load,io,1.741870664,1,0,0,0,0,0,0,5897,0,1035092,0,0,0,2,1,0,0,0,0
54,cn4389,coarse_local_size,setup,0.44665906,1,0,0,0,0,0,0,7333,0,0,0,0,0,79,20,0,0,0,0
54,cn4389,coarse_edge_mesh,setup,0.012640605,1,0,0,0,0,0,0,567,0,0,0,0,0,0,0,0,0,0,0
54,cn4389,coarse_surface_mesh,setup,8.215444224,1,0,0,0,0,0,0,14168,0,0,0,0,0,0,8,0,0,0,0
54,cn4389,coarse_volume_mesh,setup,13.24682735,1,0,0,0,0,0,0,28479,0,0,0,0,0,38023,1588493,0,0,0,0
54,cn4389,coarse_mesh_save,io,0,0,0,0,0,0,0,0,0,0,0,0,0,0,0,0,0,0,0,0
54,cn4389,submesh_initialization,setup,0.000171781999995,1,0,0,0,0,0,0,44,0,0,0,0,0,0,0,0,0,0,0
54,cn4389,metis_partition,compute,0.379419815,1,0,0,0,0,0,0,1880,0,0,0,0,0,0,1,0,0,0,0
54,cn4389,face_map_setup,compute,0.007695632,1,0,0,0,0,0,0,564,0,0,0,0,0,0,0,0,0,0,0
54,cn4389,face_local_extract,compute,0.161281621,1,0,0,0,0,0,0,807,0,0,0,0,0,0,0,0,0,0,0
54,cn4389,face_pre_collective_wait,synchronization,0.064527965,1,0,0,0,0,0,0,2,0,0,0,0,0,0,0,0,0,0,0
54,cn4389,face_collective_setup,compute,0.000113960999997,1,0,0,0,0,0,0,16,0,0,0,0,0,0,0,0,0,0,0
54,cn4389,face_allgatherv,communication,0.118360613,1,0,0,0,0,0,0,688,0,0,0,0,0,0,0,1,1,18952,4859624
54,cn4389,face_global_merge,compute,0.078852495,1,0,0,0,0,0,0,399,0,0,0,0,0,0,0,0,0,0,0
54,cn4389,part_face_create,compute,0.019566806,1,0,0,0,0,0,0,4,0,0,0,0,0,0,0,0,0,0,0
54,cn4389,surface_refine,compute,0.006895301,1,0,0,0,0,0,0,44,0,0,0,0,0,0,0,0,0,0,0
54,cn4389,refined_surface_save,io,0,0,0,0,0,0,0,0,0,0,0,0,0,0,0,0,0,0,0,0
54,cn4389,local_volume_mesh,compute,7.176365151,1,0,0,0,0,0,0,2631,0,0,0,0,0,14985,512270,0,0,0,0
54,cn4389,volume_refine,compute,0.264740776,1,0,0,0,0,0,0,5177,0,0,0,0,0,0,1,0,0,0,0
54,cn4389,refined_volume_save,io,0,0,0,0,0,0,0,0,0,0,0,0,0,0,0,0,0,0,0,0
54,cn4389,adjacency_build,compute,0.004951793,1,0,0,0,0,0,0,15,0,0,0,0,0,0,0,0,0,0,0
54,cn4389,vertex_numbering_local,compute,0.006238191,1,0,0,0,0,0,0,5,0,0,0,0,0,0,0,0,0,0,0
54,cn4389,vertex_count_allgather,communication,1.225909229,1,0,0,0,0,0,0,55,0,0,0,0,0,0,1,1,1,4,1024
54,cn4389,element_count_allgather,communication,0.007846194,1,0,0,0,0,0,0,0,0,0,0,0,0,0,0,1,1,4,1024
54,cn4389,vertex_exchange_prepare,compute,1.53600000061e-05,1,0,0,0,0,0,0,0,0,0,0,0,0,0,0,0,0,0,0
54,cn4389,vertex_exchange,communication,0.020125515,1,0,0,0,0,0,0,40,0,0,0,0,0,0,0,5,4,75174,25300
54,cn4389,vertex_exchange_unpack,compute,0.000406886,1,0,0,0,0,0,0,0,0,0,0,0,0,0,0,0,0,0,0
54,cn4389,partition_result_io,io,0,0,0,0,0,0,0,0,0,0,0,0,0,0,0,0,0,0,0,0
54,cn4389,volume_exchange_pack,compute,0.084829762,2,0,0,0,0,0,0,1,0,0,0,0,0,0,0,0,0,0,0
54,cn4389,volume_size_exchange,communication,0.006561256,1,0,0,0,0,0,0,6,0,0,0,0,0,0,0,4,4,16,16
54,cn4389,volume_payload_prepare,compute,8.01209999963e-05,1,0,0,0,0,0,0,0,0,0,0,0,0,0,0,0,0,0,0
54,cn4389,volume_payload_exchange,communication,0.004259382,1,0,0,0,0,0,0,26,0,0,0,0,0,0,0,4,4,1057920,1049880
54,cn4389,volume_exchange_unpack,compute,0.108769692,1,0,0,0,0,0,0,929,0,0,0,0,0,0,0,0,0,0,0
54,cn4389,final_mesh_save,io,0,0,0,0,0,0,0,0,0,0,0,0,0,0,0,0,0,0,0,0
54,cn4389,testout_io,io,0,0,0,0,0,0,0,0,0,0,0,0,0,0,0,0,0,0,0,0
54,cn4389,final_count_exchange,communication,0,0,0,0,0,0,0,0,0,0,0,0,0,0,0,0,0,0,0,0
54,cn4389,quality_evaluation,postprocess,0,0,0,0,0,0,0,0,0,0,0,0,0,0,0,0,0,0,0,0
55,cn4390,geometry_load,io,1.739232357,1,0,0,0,0,0,0,6338,0,1035092,0,0,0,2,2,0,0,0,0
55,cn4390,coarse_local_size,setup,0.452687559,1,0,0,0,0,0,0,7679,0,0,0,0,0,86,21,0,0,0,0
55,cn4390,coarse_edge_mesh,setup,0.012588899,1,0,0,0,0,0,0,551,0,0,0,0,0,0,0,0,0,0,0
55,cn4390,coarse_surface_mesh,setup,8.198567519,1,0,0,0,0,0,0,12898,0,0,0,0,0,0,9,0,0,0,0
55,cn4390,coarse_volume_mesh,setup,13.401961529,1,0,0,0,0,0,0,23651,0,0,0,0,0,37811,1549190,0,0,0,0
55,cn4390,coarse_mesh_save,io,0,0,0,0,0,0,0,0,0,0,0,0,0,0,0,0,0,0,0,0
55,cn4390,submesh_initialization,setup,0.000126820999995,1,0,0,0,0,0,0,1,0,0,0,0,0,0,0,0,0,0,0
55,cn4390,metis_partition,compute,0.375976653,1,0,0,0,0,0,0,50,0,0,0,0,0,0,0,0,0,0,0
55,cn4390,face_map_setup,compute,0.007042348,1,0,0,0,0,0,0,2,0,0,0,0,0,0,0,0,0,0,0
55,cn4390,face_local_extract,compute,0.159738911,1,0,0,0,0,0,0,22,0,0,0,0,0,0,0,0,0,0,0
55,cn4390,face_pre_collective_wait,synchronization,0.070281044,1,0,0,0,0,0,0,2,0,0,0,0,0,0,0,0,0,0,0
55,cn4390,face_collective_setup,compute,0.000111780999994,1,0,0,0,0,0,0,15,0,0,0,0,0,0,0,0,0,0,0
55,cn4390,face_allgatherv,communication,0.120110732,1,0,0,0,0,0,0,178,0,0,0,0,0,0,1,1,1,18952,4859624
55,cn4390,face_global_merge,compute,0.078013822,1,0,0,0,0,0,0,2,0,0,0,0,0,0,0,0,0,0,0
55,cn4390,part_face_create,compute,0.019640087,1,0,0,0,0,0,0,3,0,0,0,0,0,0,0,0,0,0,0
55,cn4390,surface_refine,compute,0.00629568,1,0,0,0,0,0,0,1,0,0,0,0,0,0,0,0,0,0,0
55,cn4390,refined_surface_save,io,0,0,0,0,0,0,0,0,0,0,0,0,0,0,0,0,0,0,0,0
55,cn4390,local_volume_mesh,compute,6.441914883,1,0,0,0,0,0,0,3196,0,0,0,0,0,8651,316090,0,0,0,0
55,cn4390,volume_refine,compute,0.212441835,1,0,0,0,0,0,0,4607,0,0,0,0,0,0,0,0,0,0,0
55,cn4390,refined_volume_save,io,0,0,0,0,0,0,0,0,0,0,0,0,0,0,0,0,0,0,0,0
55,cn4390,adjacency_build,compute,0.005007003,1,0,0,0,0,0,0,5,0,0,0,0,0,0,0,0,0,0,0
55,cn4390,vertex_numbering_local,compute,0.00795656,1,0,0,0,0,0,0,3,0,0,0,0,0,0,0,0,0,0,0
55,cn4390,vertex_count_allgather,communication,2.010419551,1,0,0,0,0,0,0,116,0,0,0,0,0,0,2,1,1,4,1024
55,cn4390,element_count_allgather,communication,0.00790704,1,0,0,0,0,0,0,4,0,0,0,0,0,0,0,1,1,4,1024
55,cn4390,vertex_exchange_prepare,compute,5.2660999998e-05,1,0,0,0,0,0,0,19,0,0,0,0,0,0,0,0,0,0,0
55,cn4390,vertex_exchange,communication,0.020147793,1,0,0,0,0,0,0,80,0,0,0,0,0,0,0,6,11,35882,155606
55,cn4390,vertex_exchange_unpack,compute,0.003363282,1,0,0,0,0,0,0,1228,0,0,0,0,0,0,0,0,0,0,0
55,cn4390,partition_result_io,io,0,0,0,0,0,0,0,0,0,0,0,0,0,0,0,0,0,0,0,0
55,cn4390,volume_exchange_pack,compute,0.087836766,2,0,0,0,0,0,0,1603,0,0,0,0,0,0,0,0,0,0,0
55,cn4390,volume_size_exchange,communication,0.003385023,1,0,0,0,0,0,0,14,0,0,0,0,0,0,0,12,12,48,48
55,cn4390,volume_payload_prepare,compute,0.000331784000004,1,0,0,0,0,0,0,135,0,0,0,0,0,0,0,0,0,0,0
55,cn4390,volume_payload_exchange,communication,0.005727712,1,0,0,0,0,0,0,35,0,0,0,0,0,0,0,12,12,2043000,2053920
55,cn4390,volume_exchange_unpack,compute,0.063054054,1,0,0,0,0,0,0,1346,0,0,0,0,0,0,1,0,0,0,0
55,cn4390,final_mesh_save,io,0,0,0,0,0,0,0,0,0,0,0,0,0,0,0,0,0,0,0,0
55,cn4390,testout_io,io,0,0,0,0,0,0,0,0,0,0,0,0,0,0,0,0,0,0,0,0
55,cn4390,final_count_exchange,communication,0,0,0,0,0,0,0,0,0,0,0,0,0,0,0,0,0,0,0,0
55,cn4390,quality_evaluation,postprocess,0,0,0,0,0,0,0,0,0,0,0,0,0,0,0,0,0,0,0,0
56,cn4391,geometry_load,io,1.732997419,1,0,0,0,0,0,0,6409,0,1035092,0,0,0,2,2,0,0,0,0
56,cn4391,coarse_local_size,setup,0.443735579,1,0,0,0,0,0,0,7193,0,0,0,0,0,106,20,0,0,0,0
56,cn4391,coarse_edge_mesh,setup,0.012590471,1,0,0,0,0,0,0,521,0,0,0,0,0,0,0,0,0,0,0
56,cn4391,coarse_surface_mesh,setup,8.189024587,1,0,0,0,0,0,0,12860,0,0,0,0,0,0,8,0,0,0,0
56,cn4391,coarse_volume_mesh,setup,13.242402499,1,0,0,0,0,0,0,28641,0,0,0,0,0,35714,1374976,0,0,0,0
56,cn4391,coarse_mesh_save,io,0,0,0,0,0,0,0,0,0,0,0,0,0,0,0,0,0,0,0,0
56,cn4391,submesh_initialization,setup,0.000130682000005,1,0,0,0,0,0,0,2,0,0,0,0,0,0,0,0,0,0,0
56,cn4391,metis_partition,compute,0.377560637,1,0,0,0,0,0,0,418,0,0,0,0,0,0,0,0,0,0,0
56,cn4391,face_map_setup,compute,0.00724947,1,0,0,0,0,0,0,217,0,0,0,0,0,0,0,0,0,0,0
56,cn4391,face_local_extract,compute,0.157044578,1,0,0,0,0,0,0,624,0,0,0,0,0,0,0,0,0,0,0
56,cn4391,face_pre_collective_wait,synchronization,0.071141917,1,0,0,0,0,0,0,1,0,0,0,0,0,0,0,0,0,0,0
56,cn4391,face_collective_setup,compute,0.000109062,1,0,0,0,0,0,0,16,0,0,0,0,0,0,0,0,0,0,0
56,cn4391,face_allgatherv,communication,0.120330582,1,0,0,0,0,0,0,1263,0,0,0,0,0,0,1,1,1,18952,4859624
56,cn4391,face_global_merge,compute,0.079087597,1,0,0,0,0,0,0,375,0,0,0,0,0,0,0,0,0,0,0
56,cn4391,part_face_create,compute,0.019536416,1,0,0,0,0,0,0,3,0,0,0,0,0,0,0,0,0,0,0
56,cn4391,surface_refine,compute,0.00630059500001,1,0,0,0,0,0,0,39,0,0,0,0,0,0,0,0,0,0,0
56,cn4391,refined_surface_save,io,0,0,0,0,0,0,0,0,0,0,0,0,0,0,0,0,0,0,0,0
56,cn4391,local_volume_mesh,compute,7.175895588,1,0,0,0,0,0,0,2558,0,0,0,0,0,12606,428763,0,0,0,0
56,cn4391,volume_refine,compute,0.235956393,1,0,0,0,0,0,0,5735,0,0,0,0,0,0,0,0,0,0,0
56,cn4391,refined_volume_save,io,0,0,0,0,0,0,0,0,0,0,0,0,0,0,0,0,0,0,0,0
56,cn4391,adjacency_build,compute,0.004852373,1,0,0,0,0,0,0,10,0,0,0,0,0,0,0,0,0,0,0
56,cn4391,vertex_numbering_local,compute,0.004846994,1,0,0,0,0,0,0,3,0,0,0,0,0,0,0,0,0,0,0
56,cn4391,vertex_count_allgather,communication,1.2548894,1,0,0,0,0,0,0,54,0,0,0,0,0,0,1,1,1,4,1024
56,cn4391,element_count_allgather,communication,0.007883519,1,0,0,0,0,0,0,2,0,0,0,0,0,0,0,1,1,4,1024
56,cn4391,vertex_exchange_prepare,compute,1.66000000021e-05,1,0,0,0,0,0,0,0,0,0,0,0,0,0,0,0,0,0,0
56,cn4391,vertex_exchange,communication,0.011127108,1,0,0,0,0,0,0,804,0,0,0,0,0,0,0,4,3,44220,21670
56,cn4391,vertex_exchange_unpack,compute,0.000366066000005,1,0,0,0,0,0,0,0,0,0,0,0,0,0,0,0,0,0,0
56,cn4391,partition_result_io,io,0,0,0,0,0,0,0,0,0,0,0,0,0,0,0,0,0,0,0,0
56,cn4391,volume_exchange_pack,compute,0.066234243,2,0,0,0,0,0,0,71,0,0,0,0,0,0,0,0,0,0,0
56,cn4391,volume_size_exchange,communication,0.029529287,1,0,0,0,0,0,0,0,0,0,0,0,0,0,0,4,4,16,16
56,cn4391,volume_payload_prepare,compute,0.000104682,1,0,0,0,0,0,0,38,0,0,0,0,0,0,0,0,0,0,0
56,cn4391,volume_payload_exchange,communication,0.005238919,1,0,0,0,0,0,0,18,0,0,0,0,0,0,0,4,4,677760,678000
56,cn4391,volume_exchange_unpack,compute,0.046126338,1,0,0,0,0,0,0,113,0,0,0,0,0,0,0,0,0,0,0
56,cn4391,final_mesh_save,io,0,0,0,0,0,0,0,0,0,0,0,0,0,0,0,0,0,0,0,0
56,cn4391,testout_io,io,0,0,0,0,0,0,0,0,0,0,0,0,0,0,0,0,0,0,0,0
56,cn4391,final_count_exchange,communication,0,0,0,0,0,0,0,0,0,0,0,0,0,0,0,0,0,0,0,0
56,cn4391,quality_evaluation,postprocess,0,0,0,0,0,0,0,0,0,0,0,0,0,0,0,0,0,0,0,0
57,cn4392,geometry_load,io,1.737067232,1,0,0,0,0,0,0,6319,0,1035092,0,0,0,2,3,0,0,0,0
57,cn4392,coarse_local_size,setup,0.45671403,1,0,0,0,0,0,0,7802,0,0,0,0,0,98,21,0,0,0,0
57,cn4392,coarse_edge_mesh,setup,0.012742086,1,0,0,0,0,0,0,568,0,0,0,0,0,0,0,0,0,0,0
57,cn4392,coarse_surface_mesh,setup,8.213330826,1,0,0,0,0,0,0,10873,0,0,0,0,0,0,9,0,0,0,0
57,cn4392,coarse_volume_mesh,setup,13.328380822,1,0,0,0,0,0,0,31752,0,0,0,0,0,36804,1544930,0,0,0,0
57,cn4392,coarse_mesh_save,io,0,0,0,0,0,0,0,0,0,0,0,0,0,0,0,0,0,0,0,0
57,cn4392,submesh_initialization,setup,0.000130882000001,1,0,0,0,0,0,0,2,0,0,0,0,0,0,0,0,0,0,0
57,cn4392,metis_partition,compute,0.380691403,1,0,0,0,0,0,0,583,0,0,0,0,0,0,1,0,0,0,0
57,cn4392,face_map_setup,compute,0.007446069,1,0,0,0,0,0,0,235,0,0,0,0,0,0,0,0,0,0,0
57,cn4392,face_local_extract,compute,0.159854047,1,0,0,0,0,0,0,625,0,0,0,0,0,0,0,0,0,0,0
57,cn4392,face_pre_collective_wait,synchronization,0.065020267,1,0,0,0,0,0,0,2,0,0,0,0,0,0,0,0,0,0,0
57,cn4392,face_collective_setup,compute,0.000111062000002,1,0,0,0,0,0,0,16,0,0,0,0,0,0,0,0,0,0,0
57,cn4392,face_allgatherv,communication,0.120428554,1,0,0,0,0,0,0,642,0,0,0,0,0,0,0,1,1,18952,4859624
57,cn4392,face_global_merge,compute,0.078800068,1,0,0,0,0,0,0,448,0,0,0,0,0,0,0,0,0,0,0
57,cn4392,part_face_create,compute,0.019611665,1,0,0,0,0,0,0,3,0,0,0,0,0,0,0,0,0,0,0
57,cn4392,surface_refine,compute,0.006434874,1,0,0,0,0,0,0,39,0,0,0,0,0,0,0,0,0,0,0
57,cn4392,refined_surface_save,io,0,0,0,0,0,0,0,0,0,0,0,0,0,0,0,0,0,0,0,0
57,cn4392,local_volume_mesh,compute,7.399534138,1,0,0,0,0,0,0,2325,0,0,0,0,0,14983,471633,0,0,0,0
57,cn4392,volume_refine,compute,0.25276296,1,0,0,0,0,0,0,4875,0,0,0,0,0,0,0,0,0,0,0
57,cn4392,refined_volume_save,io,0,0,0,0,0,0,0,0,0,0,0,0,0,0,0,0,0,0,0,0
57,cn4392,adjacency_build,compute,0.00482019,1,0,0,0,0,0,0,7,0,0,0,0,0,0,0,0,0,0,0
57,cn4392,vertex_numbering_local,compute,0.005286837,1,0,0,0,0,0,0,4,0,0,0,0,0,0,0,0,0,0,0
57,cn4392,vertex_count_allgather,communication,1.013995564,1,0,0,0,0,0,0,57,0,0,0,0,0,0,1,1,1,4,1024
57,cn4392,element_count_allgather,communication,0.00758821,1,0,0,0,0,0,0,1,0,0,0,0,0,0,0,1,1,4,1024
57,cn4392,vertex_exchange_prepare,compute,1.75400000018e-05,1,0,0,0,0,0,0,0,0,0,0,0,0,0,0,0,0,0,0
57,cn4392,vertex_exchange,communication,0.010865919,1,0,0,0,0,0,0,36,0,0,0,0,0,0,0,4,3,46838,27302
57,cn4392,vertex_exchange_unpack,compute,0.000440446999995,1,0,0,0,0,0,0,0,0,0,0,0,0,0,0,0,0,0,0
57,cn4392,partition_result_io,io,0,0,0,0,0,0,0,0,0,0,0,0,0,0,0,0,0,0,0,0
57,cn4392,volume_exchange_pack,compute,0.079963685,2,0,0,0,0,0,0,1,0,0,0,0,0,0,0,0,0,0,0
57,cn4392,volume_size_exchange,communication,0.015947972,1,0,0,0,0,0,0,1,0,0,0,0,0,0,0,4,4,16,16
57,cn4392,volume_payload_prepare,compute,6.06810000008e-05,1,0,0,0,0,0,0,0,0,0,0,0,0,0,0,0,0,0,0
57,cn4392,volume_payload_exchange,communication,0.00463484799999,1,0,0,0,0,0,0,33,0,0,0,0,0,0,0,4,4,775560,773880
57,cn4392,volume_exchange_unpack,compute,0.051625092,1,0,0,0,0,0,0,326,0,0,0,0,0,0,0,0,0,0,0
57,cn4392,final_mesh_save,io,0,0,0,0,0,0,0,0,0,0,0,0,0,0,0,0,0,0,0,0
57,cn4392,testout_io,io,0,0,0,0,0,0,0,0,0,0,0,0,0,0,0,0,0,0,0,0
57,cn4392,final_count_exchange,communication,0,0,0,0,0,0,0,0,0,0,0,0,0,0,0,0,0,0,0,0
57,cn4392,quality_evaluation,postprocess,0,0,0,0,0,0,0,0,0,0,0,0,0,0,0,0,0,0,0,0
58,cn4393,geometry_load,io,1.731112353,1,0,0,0,0,0,0,6313,0,1035092,0,0,0,2,16,0,0,0,0
58,cn4393,coarse_local_size,setup,0.448371803,1,0,0,0,0,0,0,7539,0,0,0,0,0,80,21,0,0,0,0
58,cn4393,coarse_edge_mesh,setup,0.012588305,1,0,0,0,0,0,0,552,0,0,0,0,0,0,0,0,0,0,0
58,cn4393,coarse_surface_mesh,setup,8.161062813,1,0,0,0,0,0,0,10775,0,0,0,0,0,0,75,0,0,0,0
58,cn4393,coarse_volume_mesh,setup,13.430677232,1,0,0,0,0,0,0,28218,0,0,0,0,0,39871,1701494,0,0,0,0
58,cn4393,coarse_mesh_save,io,0,0,0,0,0,0,0,0,0,0,0,0,0,0,0,0,0,0,0,0
58,cn4393,submesh_initialization,setup,0.000158581999997,1,0,0,0,0,0,0,39,0,0,0,0,0,0,0,0,0,0,0
58,cn4393,metis_partition,compute,0.38125075,1,0,0,0,0,0,0,1651,0,0,0,0,0,0,4,0,0,0,0
58,cn4393,face_map_setup,compute,0.007582167,1,0,0,0,0,0,0,337,0,0,0,0,0,0,0,0,0,0,0
58,cn4393,face_local_extract,compute,0.160194805,1,0,0,0,0,0,0,828,0,0,0,0,0,0,1,0,0,0,0
58,cn4393,face_pre_collective_wait,synchronization,0.063908076,1,0,0,0,0,0,0,2,0,0,0,0,0,0,1,0,0,0,0
58,cn4393,face_collective_setup,compute,0.000111742000001,1,0,0,0,0,0,0,16,0,0,0,0,0,0,0,0,0,0,0
58,cn4393,face_allgatherv,communication,0.120441067,1,0,0,0,0,0,0,795,0,0,0,0,0,0,1,1,1,18952,4859624
58,cn4393,face_global_merge,compute,0.078027678,1,0,0,0,0,0,0,608,0,0,0,0,0,0,0,0,0,0,0
58,cn4393,part_face_create,compute,0.019545365,1,0,0,0,0,0,0,4,0,0,0,0,0,0,0,0,0,0,0
58,cn4393,surface_refine,compute,0.006694097,1,0,0,0,0,0,0,43,0,0,0,0,0,0,0,0,0,0,0
58,cn4393,refined_surface_save,io,0,0,0,0,0,0,0,0,0,0,0,0,0,0,0,0,0,0,0,0
58,cn4393,local_volume_mesh,compute,6.805685566,1,0,0,0,0,0,0,1167,0,0,0,0,0,11948,412917,0,0,0,0
58,cn4393,volume_refine,compute,0.230736637,1,0,0,0,0,0,0,6955,0,0,0,0,0,0,3,0,0,0,0
58,cn4393,refined_volume_save,io,0,0,0,0,0,0,0,0,0,0,0,0,0,0,0,0,0,0,0,0
58,cn4393,adjacency_build,compute,0.004976937,1,0,0,0,0,0,0,38,0,0,0,0,0,0,0,0,0,0,0
58,cn4393,vertex_numbering_local,compute,0.007127962,1,0,0,0,0,0,0,8,0,0,0,0,0,0,0,0,0,0,0
58,cn4393,vertex_count_allgather,communication,1.628618733,1,0,0,0,0,0,0,62,0,0,0,0,0,0,14,1,1,4,1024
58,cn4393,element_count_allgather,communication,0.007920231,1,0,0,0,0,0,0,1,0,0,0,0,0,0,0,1,1,4,1024
58,cn4393,vertex_exchange_prepare,compute,1.54600000002e-05,1,0,0,0,0,0,0,0,0,0,0,0,0,0,0,0,0,0,0
58,cn4393,vertex_exchange,communication,0.019412644,1,0,0,0,0,0,0,46,0,0,0,0,0,0,0,6,5,99396,33616
58,cn4393,vertex_exchange_unpack,compute,0.000530146000003,1,0,0,0,0,0,0,0,0,0,0,0,0,0,0,0,0,0,0
58,cn4393,partition_result_io,io,0,0,0,0,0,0,0,0,0,0,0,0,0,0,0,0,0,0,0,0
58,cn4393,volume_exchange_pack,compute,0.080301205,2,0,0,0,0,0,0,2,0,0,0,0,0,0,1,0,0,0,0
58,cn4393,volume_size_exchange,communication,0.007052381,1,0,0,0,0,0,0,7,0,0,0,0,0,0,0,5,5,20,20
58,cn4393,volume_payload_prepare,compute,0.000101282000003,1,0,0,0,0,0,0,0,0,0,0,0,0,0,0,0,0,0,0
58,cn4393,volume_payload_exchange,communication,0.005125939,1,0,0,0,0,0,0,29,0,0,0,0,0,0,0,5,5,1398360,1398000
58,cn4393,volume_exchange_unpack,compute,0.056595112,1,0,0,0,0,0,0,614,0,0,0,0,0,0,0,0,0,0,0
58,cn4393,final_mesh_save,io,0,0,0,0,0,0,0,0,0,0,0,0,0,0,0,0,0,0,0,0
58,cn4393,testout_io,io,0,0,0,0,0,0,0,0,0,0,0,0,0,0,0,0,0,0,0,0
58,cn4393,final_count_exchange,communication,0,0,0,0,0,0,0,0,0,0,0,0,0,0,0,0,0,0,0,0
58,cn4393,quality_evaluation,postprocess,0,0,0,0,0,0,0,0,0,0,0,0,0,0,0,0,0,0,0,0
59,cn4394,geometry_load,io,1.747822254,1,0,0,0,0,0,0,6344,0,1035092,0,0,0,2,3,0,0,0,0
59,cn4394,coarse_local_size,setup,0.440935574,1,0,0,0,0,0,0,7069,0,0,0,0,0,100,20,0,0,0,0
59,cn4394,coarse_edge_mesh,setup,0.012685356,1,0,0,0,0,0,0,520,0,0,0,0,0,0,0,0,0,0,0
59,cn4394,coarse_surface_mesh,setup,8.104167024,1,0,0,0,0,0,0,9149,0,0,0,0,0,0,9,0,0,0,0
59,cn4394,coarse_volume_mesh,setup,13.205374831,1,0,0,0,0,0,0,22094,0,0,0,0,0,35199,1651780,0,0,0,0
59,cn4394,coarse_mesh_save,io,0,0,0,0,0,0,0,0,0,0,0,0,0,0,0,0,0,0,0,0
59,cn4394,submesh_initialization,setup,0.000130241999997,1,0,0,0,0,0,0,8,0,0,0,0,0,0,0,0,0,0,0
59,cn4394,metis_partition,compute,0.402475941,1,0,0,0,0,0,0,98,0,0,0,0,0,0,1,0,0,0,0
59,cn4394,face_map_setup,compute,0.007064118,1,0,0,0,0,0,0,261,0,0,0,0,0,0,0,0,0,0,0
59,cn4394,face_local_extract,compute,0.154863887,1,0,0,0,0,0,0,24,0,0,0,0,0,0,0,0,0,0,0
59,cn4394,face_pre_collective_wait,synchronization,0.048662555,1,0,0,0,0,0,0,1,0,0,0,0,0,0,0,0,0,0,0
59,cn4394,face_collective_setup,compute,9.77410000047e-05,1,0,0,0,0,0,0,12,0,0,0,0,0,0,0,0,0,0,0
59,cn4394,face_allgatherv,communication,0.120424009,1,0,0,0,0,0,0,42,0,0,0,0,0,0,0,1,1,18952,4859624
59,cn4394,face_global_merge,compute,0.073691042,1,0,0,0,0,0,0,0,0,0,0,0,0,0,0,0,0,0,0
59,cn4394,part_face_create,compute,0.018567857,1,0,0,0,0,0,0,3,0,0,0,0,0,0,0,0,0,0,0
59,cn4394,surface_refine,compute,0.005643799,1,0,0,0,0,0,0,1,0,0,0,0,0,0,0,0,0,0,0
59,cn4394,refined_surface_save,io,0,0,0,0,0,0,0,0,0,0,0,0,0,0,0,0,0,0,0,0
59,cn4394,local_volume_mesh,compute,7.149850312,1,0,0,0,0,0,0,617,0,0,0,0,0,15852,481290,0,0,0,0
59,cn4394,volume_refine,compute,0.188499874,1,0,0,0,0,0,0,4360,0,0,0,0,0,0,1,0,0,0,0
59,cn4394,refined_volume_save,io,0,0,0,0,0,0,0,0,0,0,0,0,0,0,0,0,0,0,0,0
59,cn4394,adjacency_build,compute,0.004542523,1,0,0,0,0,0,0,0,0,0,0,0,0,0,0,0,0,0,0
59,cn4394,vertex_numbering_local,compute,0.004444981,1,0,0,0,0,0,0,2,0,0,0,0,0,0,0,0,0,0,0
59,cn4394,vertex_count_allgather,communication,1.336558991,1,0,0,0,0,0,0,30,0,0,0,0,0,0,1,1,1,4,1024
59,cn4394,element_count_allgather,communication,0.00795137,1,0,0,0,0,0,0,0,0,0,0,0,0,0,0,1,1,4,1024
59,cn4394,vertex_exchange_prepare,compute,1.2660000003e-05,1,0,0,0,0,0,0,0,0,0,0,0,0,0,0,0,0,0,0
59,cn4394,vertex_exchange,communication,0.010356664,1,0,0,0,0,0,0,32,0,0,0,0,0,0,0,4,3,29304,33264
59,cn4394,vertex_exchange_unpack,compute,0.000474886999996,1,0,0,0,0,0,0,0,0,0,0,0,0,0,0,0,0,0,0
59,cn4394,partition_result_io,io,0,0,0,0,0,0,0,0,0,0,0,0,0,0,0,0,0,0,0,0
59,cn4394,volume_exchange_pack,compute,0.052574889,2,0,0,0,0,0,0,1,0,0,0,0,0,0,0,0,0,0,0
59,cn4394,volume_size_exchange,communication,0.037013693,1,0,0,0,0,0,0,2,0,0,0,0,0,0,0,4,4,16,16
59,cn4394,volume_payload_prepare,compute,5.19409999953e-05,1,0,0,0,0,0,0,0,0,0,0,0,0,0,0,0,0,0,0
59,cn4394,volume_payload_exchange,communication,0.008165093,1,0,0,0,0,0,0,10,0,0,0,0,0,0,0,4,4,651360,655560
59,cn4394,volume_exchange_unpack,compute,0.03679563,1,0,0,0,0,0,0,0,0,0,0,0,0,0,0,0,0,0,0
59,cn4394,final_mesh_save,io,0,0,0,0,0,0,0,0,0,0,0,0,0,0,0,0,0,0,0,0
59,cn4394,testout_io,io,0,0,0,0,0,0,0,0,0,0,0,0,0,0,0,0,0,0,0,0
59,cn4394,final_count_exchange,communication,0,0,0,0,0,0,0,0,0,0,0,0,0,0,0,0,0,0,0,0
59,cn4394,quality_evaluation,postprocess,0,0,0,0,0,0,0,0,0,0,0,0,0,0,0,0,0,0,0,0
60,cn4395,geometry_load,io,1.752287752,1,0,0,0,0,0,0,6442,0,1035092,0,0,0,2,1,0,0,0,0
60,cn4395,coarse_local_size,setup,0.46738591,1,0,0,0,0,0,0,7577,0,0,0,0,0,114,22,0,0,0,0
60,cn4395,coarse_edge_mesh,setup,0.012679935,1,0,0,0,0,0,0,520,0,0,0,0,0,0,0,0,0,0,0
60,cn4395,coarse_surface_mesh,setup,8.181687635,1,0,0,0,0,0,0,11063,0,0,0,0,0,0,9,0,0,0,0
60,cn4395,coarse_volume_mesh,setup,13.14878105,1,0,0,0,0,0,0,33192,0,0,0,0,0,36739,1436906,0,0,0,0
60,cn4395,coarse_mesh_save,io,0,0,0,0,0,0,0,0,0,0,0,0,0,0,0,0,0,0,0,0
60,cn4395,submesh_initialization,setup,0.000131361000001,1,0,0,0,0,0,0,3,0,0,0,0,0,0,0,0,0,0,0
60,cn4395,metis_partition,compute,0.374432022,1,0,0,0,0,0,0,571,0,0,0,0,0,0,1,0,0,0,0
60,cn4395,face_map_setup,compute,0.007445619,1,0,0,0,0,0,0,240,0,0,0,0,0,0,0,0,0,0,0
60,cn4395,face_local_extract,compute,0.157343193,1,0,0,0,0,0,0,627,0,0,0,0,0,0,0,0,0,0,0
60,cn4395,face_pre_collective_wait,synchronization,0.073771765,1,0,0,0,0,0,0,2,0,0,0,0,0,0,0,0,0,0,0
60,cn4395,face_collective_setup,compute,0.000117141000004,1,0,0,0,0,0,0,16,0,0,0,0,0,0,0,0,0,0,0
60,cn4395,face_allgatherv,communication,0.12037298,1,0,0,0,0,0,0,643,0,0,0,0,0,0,0,1,1,18952,4859624
60,cn4395,face_global_merge,compute,0.079762328,1,0,0,0,0,0,0,450,0,0,0,0,0,0,0,0,0,0,0
60,cn4395,part_face_create,compute,0.019561868,1,0,0,0,0,0,0,3,0,0,0,0,0,0,0,0,0,0,0
60,cn4395,surface_refine,compute,0.006050064,1,0,0,0,0,0,0,37,0,0,0,0,0,0,0,0,0,0,0
60,cn4395,refined_surface_save,io,0,0,0,0,0,0,0,0,0,0,0,0,0,0,0,0,0,0,0,0
60,cn4395,local_volume_mesh,compute,6.393714904,1,0,0,0,0,0,0,2034,0,0,0,0,0,8540,367629,0,0,0,0
60,cn4395,volume_refine,compute,0.210449138,1,0,0,0,0,0,0,5628,0,0,0,0,0,0,0,0,0,0,0
60,cn4395,refined_volume_save,io,0,0,0,0,0,0,0,0,0,0,0,0,0,0,0,0,0,0,0,0
60,cn4395,adjacency_build,compute,0.004874392,1,0,0,0,0,0,0,11,0,0,0,0,0,0,0,0,0,0,0
60,cn4395,vertex_numbering_local,compute,0.006483509,1,0,0,0,0,0,0,3,0,0,0,0,0,0,0,0,0,0,0
60,cn4395,vertex_count_allgather,communication,2.06059069,1,0,0,0,0,0,0,57,0,0,0,0,0,0,3,1,1,4,1024
60,cn4395,element_count_allgather,communication,0.00767628200001,1,0,0,0,0,0,0,0,0,0,0,0,0,0,0,1,1,4,1024
60,cn4395,vertex_exchange_prepare,compute,1.90000000018e-05,1,0,0,0,0,0,0,0,0,0,0,0,0,0,0,0,0,0,0
60,cn4395,vertex_exchange,communication,0.020139854,1,0,0,0,0,0,0,295,0,0,0,0,0,0,0,11,7,100870,36234
60,cn4395,vertex_exchange_unpack,compute,0.000578547000003,1,0,0,0,0,0,0,0,0,0,0,0,0,0,0,0,0,0,0
60,cn4395,partition_result_io,io,0,0,0,0,0,0,0,0,0,0,0,0,0,0,0,0,0,0,0,0
60,cn4395,volume_exchange_pack,compute,0.077323422,2,0,0,0,0,0,0,1,0,0,0,0,0,0,0,0,0,0,0
60,cn4395,volume_size_exchange,communication,0.013549944,1,0,0,0,0,0,0,55,0,0,0,0,0,0,0,10,10,40,40
60,cn4395,volume_payload_prepare,compute,0.000113101000004,1,0,0,0,0,0,0,0,0,0,0,0,0,0,0,0,0,0,0
60,cn4395,volume_payload_exchange,communication,0.00469405,1,0,0,0,0,0,0,36,0,0,0,0,0,0,0,10,10,1423680,1425000
60,cn4395,volume_exchange_unpack,compute,0.058743625,1,0,0,0,0,0,0,1651,0,0,0,0,0,0,0,0,0,0,0
60,cn4395,final_mesh_save,io,0,0,0,0,0,0,0,0,0,0,0,0,0,0,0,0,0,0,0,0
60,cn4395,testout_io,io,0,0,0,0,0,0,0,0,0,0,0,0,0,0,0,0,0,0,0,0
60,cn4395,final_count_exchange,communication,0,0,0,0,0,0,0,0,0,0,0,0,0,0,0,0,0,0,0,0
60,cn4395,quality_evaluation,postprocess,0,0,0,0,0,0,0,0,0,0,0,0,0,0,0,0,0,0,0,0
61,cn4396,geometry_load,io,1.731843265,1,0,0,0,0,0,0,6318,0,1035092,0,0,0,2,2,0,0,0,0
61,cn4396,coarse_local_size,setup,0.46561085,1,0,0,0,0,0,0,7561,0,0,0,0,0,110,21,0,0,0,0
61,cn4396,coarse_edge_mesh,setup,0.012734611,1,0,0,0,0,0,0,568,0,0,0,0,0,0,0,0,0,0,0
61,cn4396,coarse_surface_mesh,setup,8.218094667,1,0,0,0,0,0,0,12934,0,0,0,0,0,0,10,0,0,0,0
61,cn4396,coarse_volume_mesh,setup,13.426919662,1,0,0,0,0,0,0,33243,0,0,0,0,0,37331,1565648,0,0,0,0
61,cn4396,coarse_mesh_save,io,0,0,0,0,0,0,0,0,0,0,0,0,0,0,0,0,0,0,0,0
61,cn4396,submesh_initialization,setup,0.000128920999998,1,0,0,0,0,0,0,4,0,0,0,0,0,0,0,0,0,0,0
61,cn4396,metis_partition,compute,0.372129416,1,0,0,0,0,0,0,501,0,0,0,0,0,0,0,0,0,0,0
61,cn4396,face_map_setup,compute,0.007319208,1,0,0,0,0,0,0,217,0,0,0,0,0,0,0,0,0,0,0
61,cn4396,face_local_extract,compute,0.158779653,1,0,0,0,0,0,0,641,0,0,0,0,0,0,1,0,0,0,0
61,cn4396,face_pre_collective_wait,synchronization,0.074809672,1,0,0,0,0,0,0,1,0,0,0,0,0,0,0,0,0,0,0
61,cn4396,face_collective_setup,compute,0.000118922000006,1,0,0,0,0,0,0,16,0,0,0,0,0,0,0,0,0,0,0
61,cn4396,face_allgatherv,communication,0.120361675,1,0,0,0,0,0,0,646,0,0,0,0,0,0,0,1,1,18952,4859624
61,cn4396,face_global_merge,compute,0.079769251,1,0,0,0,0,0,0,521,0,0,0,0,0,0,0,0,0,0,0
61,cn4396,part_face_create,compute,0.019677615,1,0,0,0,0,0,0,3,0,0,0,0,0,0,0,0,0,0,0
61,cn4396,surface_refine,compute,0.007025504,1,0,0,0,0,0,0,43,0,0,0,0,0,0,0,0,0,0,0
61,cn4396,refined_surface_save,io,0,0,0,0,0,0,0,0,0,0,0,0,0,0,0,0,0,0,0,0
61,cn4396,local_volume_mesh,compute,7.565036463,1,0,0,0,0,0,0,2732,0,0,0,0,0,16011,546257,0,0,0,0
61,cn4396,volume_refine,compute,0.270636426,1,0,0,0,0,0,0,6112,0,0,0,0,0,0,1,0,0,0,0
61,cn4396,refined_volume_save,io,0,0,0,0,0,0,0,0,0,0,0,0,0,0,0,0,0,0,0,0
61,cn4396,adjacency_build,compute,0.004642615,1,0,0,0,0,0,0,4,0,0,0,0,0,0,0,0,0,0,0
61,cn4396,vertex_numbering_local,compute,0.005341944,1,0,0,0,0,0,0,4,0,0,0,0,0,0,0,0,0,0,0
61,cn4396,vertex_count_allgather,communication,0.829214845,1,0,0,0,0,0,0,56,0,0,0,0,0,0,1,1,1,4,1024
61,cn4396,element_count_allgather,communication,0.007949795,1,0,0,0,0,0,0,0,0,0,0,0,0,0,0,1,1,4,1024
61,cn4396,vertex_exchange_prepare,compute,1.50199999993e-05,1,0,0,0,0,0,0,0,0,0,0,0,0,0,0,0,0,0,0
61,cn4396,vertex_exchange,communication,0.020349983,1,0,0,0,0,0,0,780,0,0,0,0,0,0,0,2,3,12672,41910
61,cn4396,vertex_exchange_unpack,compute,0.000663007999997,1,0,0,0,0,0,0,0,0,0,0,0,0,0,0,0,0,0,0
61,cn4396,partition_result_io,io,0,0,0,0,0,0,0,0,0,0,0,0,0,0,0,0,0,0,0,0
61,cn4396,volume_exchange_pack,compute,0.068243093,2,0,0,0,0,0,0,2,0,0,0,0,0,0,0,0,0,0,0
61,cn4396,volume_size_exchange,communication,0.016100791,1,0,0,0,0,0,0,1,0,0,0,0,0,0,0,3,3,12,12
61,cn4396,volume_payload_prepare,compute,4.36800000045e-05,1,0,0,0,0,0,0,0,0,0,0,0,0,0,0,0,0,0,0
61,cn4396,volume_payload_exchange,communication,0.007397888,1,0,0,0,0,0,0,17,0,0,0,0,0,0,0,3,3,553920,554760
61,cn4396,volume_exchange_unpack,compute,0.097558683,1,0,0,0,0,0,0,79,0,0,0,0,0,0,0,0,0,0,0
61,cn4396,final_mesh_save,io,0,0,0,0,0,0,0,0,0,0,0,0,0,0,0,0,0,0,0,0
61,cn4396,testout_io,io,0,0,0,0,0,0,0,0,0,0,0,0,0,0,0,0,0,0,0,0
61,cn4396,final_count_exchange,communication,0,0,0,0,0,0,0,0,0,0,0,0,0,0,0,0,0,0,0,0
61,cn4396,quality_evaluation,postprocess,0,0,0,0,0,0,0,0,0,0,0,0,0,0,0,0,0,0,0,0
62,cn4397,geometry_load,io,1.733662979,1,0,0,0,0,0,0,6308,0,1035092,0,0,0,2,2,0,0,0,0
62,cn4397,coarse_local_size,setup,0.441355727,1,0,0,0,0,0,0,6928,0,0,0,0,0,79,19,0,0,0,0
62,cn4397,coarse_edge_mesh,setup,0.012621514,1,0,0,0,0,0,0,578,0,0,0,0,0,0,0,0,0,0,0
62,cn4397,coarse_surface_mesh,setup,8.214659259,1,0,0,0,0,0,0,12847,0,0,0,0,0,0,9,0,0,0,0
62,cn4397,coarse_volume_mesh,setup,13.295918994,1,0,0,0,0,0,0,28556,0,0,0,0,0,35313,1450561,0,0,0,0
62,cn4397,coarse_mesh_save,io,0,0,0,0,0,0,0,0,0,0,0,0,0,0,0,0,0,0,0,0
62,cn4397,submesh_initialization,setup,0.000118841999999,1,0,0,0,0,0,0,1,0,0,0,0,0,0,0,0,0,0,0
62,cn4397,metis_partition,compute,0.377506865,1,0,0,0,0,0,0,530,0,0,0,0,0,0,0,0,0,0,0
62,cn4397,face_map_setup,compute,0.007383973,1,0,0,0,0,0,0,228,0,0,0,0,0,0,0,0,0,0,0
62,cn4397,face_local_extract,compute,0.161026156,1,0,0,0,0,0,0,646,0,0,0,0,0,0,0,0,0,0,0
62,cn4397,face_pre_collective_wait,synchronization,0.067079511,1,0,0,0,0,0,0,1,0,0,0,0,0,0,1,0,0,0,0
62,cn4397,face_collective_setup,compute,0.000136341999998,1,0,0,0,0,0,0,16,0,0,0,0,0,0,0,0,0,0,0
62,cn4397,face_allgatherv,communication,0.120377091,1,0,0,0,0,0,0,645,0,0,0,0,0,0,0,1,1,18952,4859624
62,cn4397,face_global_merge,compute,0.079231298,1,0,0,0,0,0,0,308,0,0,0,0,0,0,0,0,0,0,0
62,cn4397,part_face_create,compute,0.019486319,1,0,0,0,0,0,0,3,0,0,0,0,0,0,0,0,0,0,0
62,cn4397,surface_refine,compute,0.005977672,1,0,0,0,0,0,0,39,0,0,0,0,0,0,0,0,0,0,0
62,cn4397,refined_surface_save,io,0,0,0,0,0,0,0,0,0,0,0,0,0,0,0,0,0,0,0,0
62,cn4397,local_volume_mesh,compute,6.359754576,1,0,0,0,0,0,0,2354,0,0,0,0,0,12501,379414,0,0,0,0
62,cn4397,volume_refine,compute,0.188043872,1,0,0,0,0,0,0,5284,0,0,0,0,0,0,0,0,0,0,0
62,cn4397,refined_volume_save,io,0,0,0,0,0,0,0,0,0,0,0,0,0,0,0,0,0,0,0,0
62,cn4397,adjacency_build,compute,0.004996337,1,0,0,0,0,0,0,8,0,0,0,0,0,0,0,0,0,0,0
62,cn4397,vertex_numbering_local,compute,0.007479315,1,0,0,0,0,0,0,3,0,0,0,0,0,0,0,0,0,0,0
62,cn4397,vertex_count_allgather,communication,2.116439085,1,0,0,0,0,0,0,55,0,0,0,0,0,0,3,1,1,4,1024
62,cn4397,element_count_allgather,communication,0.007937922,1,0,0,0,0,0,0,0,0,0,0,0,0,0,0,1,1,4,1024
62,cn4397,vertex_exchange_prepare,compute,2.79799999987e-05,1,0,0,0,0,0,0,0,0,0,0,0,0,0,0,0,0,0,0
62,cn4397,vertex_exchange,communication,0.011979544,1,0,0,0,0,0,0,304,0,0,0,0,0,0,0,5,8,47058,124146
62,cn4397,vertex_exchange_unpack,compute,0.001800368,1,0,0,0,0,0,0,0,0,0,0,0,0,0,0,0,0,0,0
62,cn4397,partition_result_io,io,0,0,0,0,0,0,0,0,0,0,0,0,0,0,0,0,0,0,0,0
62,cn4397,volume_exchange_pack,compute,0.074542106,2,0,0,0,0,0,0,2,0,0,0,0,0,0,1,0,0,0,0
62,cn4397,volume_size_exchange,communication,0.023315278,1,0,0,0,0,0,0,35,0,0,0,0,0,0,0,8,8,32,32
62,cn4397,volume_payload_prepare,compute,0.000134782000003,1,0,0,0,0,0,0,0,0,0,0,0,0,0,0,0,0,0,0
62,cn4397,volume_payload_exchange,communication,0.008633093,1,0,0,0,0,0,0,23,0,0,0,0,0,0,0,8,8,1833120,1834440
62,cn4397,volume_exchange_unpack,compute,0.057413223,1,0,0,0,0,0,0,1425,0,0,0,0,0,0,0,0,0,0,0
62,cn4397,final_mesh_save,io,0,0,0,0,0,0,0,0,0,0,0,0,0,0,0,0,0,0,0,0
62,cn4397,testout_io,io,0,0,0,0,0,0,0,0,0,0,0,0,0,0,0,0,0,0,0,0
62,cn4397,final_count_exchange,communication,0,0,0,0,0,0,0,0,0,0,0,0,0,0,0,0,0,0,0,0
62,cn4397,quality_evaluation,postprocess,0,0,0,0,0,0,0,0,0,0,0,0,0,0,0,0,0,0,0,0
63,cn4398,geometry_load,io,1.73418448,1,0,0,0,0,0,0,6323,0,1035092,0,0,0,2,4,0,0,0,0
63,cn4398,coarse_local_size,setup,0.452803184,1,0,0,0,0,0,0,7306,0,0,0,0,0,100,20,0,0,0,0
63,cn4398,coarse_edge_mesh,setup,0.012734152,1,0,0,0,0,0,0,568,0,0,0,0,0,0,0,0,0,0,0
63,cn4398,coarse_surface_mesh,setup,8.22090167,1,0,0,0,0,0,0,12863,0,0,0,0,0,0,10,0,0,0,0
63,cn4398,coarse_volume_mesh,setup,13.38133423,1,0,0,0,0,0,0,32878,0,0,0,0,0,38245,1502490,0,0,0,0
63,cn4398,coarse_mesh_save,io,0,0,0,0,0,0,0,0,0,0,0,0,0,0,0,0,0,0,0,0
63,cn4398,submesh_initialization,setup,0.000132202000003,1,0,0,0,0,0,0,4,0,0,0,0,0,0,0,0,0,0,0
63,cn4398,metis_partition,compute,0.381502756,1,0,0,0,0,0,0,988,0,0,0,0,0,0,0,0,0,0,0
63,cn4398,face_map_setup,compute,0.007436848,1,0,0,0,0,0,0,235,0,0,0,0,0,0,0,0,0,0,0
63,cn4398,face_local_extract,compute,0.162250769,1,0,0,0,0,0,0,671,0,0,0,0,0,0,0,0,0,0,0
63,cn4398,face_pre_collective_wait,synchronization,0.061841515,1,0,0,0,0,0,0,1,0,0,0,0,0,0,0,0,0,0,0
63,cn4398,face_collective_setup,compute,0.000112881,1,0,0,0,0,0,0,16,0,0,0,0,0,0,0,0,0,0,0
63,cn4398,face_allgatherv,communication,0.120384911,1,0,0,0,0,0,0,658,0,0,0,0,0,0,0,1,1,18952,4859624
63,cn4398,face_global_merge,compute,0.080126673,1,0,0,0,0,0,0,401,0,0,0,0,0,0,1,0,0,0,0
63,cn4398,part_face_create,compute,0.019547413,1,0,0,0,0,0,0,3,0,0,0,0,0,0,0,0,0,0,0
63,cn4398,surface_refine,compute,0.006161493,1,0,0,0,0,0,0,38,0,0,0,0,0,0,0,0,0,0,0
63,cn4398,refined_surface_save,io,0,0,0,0,0,0,0,0,0,0,0,0,0,0,0,0,0,0,0,0
63,cn4398,local_volume_mesh,compute,6.56408163,1,0,0,0,0,0,0,787,0,0,0,0,0,13938,482735,0,0,0,0
63,cn4398,volume_refine,compute,0.218338796,1,0,0,0,0,0,0,3628,0,0,0,0,0,2,2,0,0,0,0
63,cn4398,refined_volume_save,io,0,0,0,0,0,0,0,0,0,0,0,0,0,0,0,0,0,0,0,0
63,cn4398,adjacency_build,compute,0.004873678,1,0,0,0,0,0,0,0,0,0,0,0,0,0,0,0,0,0,0
63,cn4398,vertex_numbering_local,compute,0.007157185,1,0,0,0,0,0,0,1,0,0,0,0,0,0,0,0,0,0,0
63,cn4398,vertex_count_allgather,communication,1.881191609,1,0,0,0,0,0,0,76,0,0,0,0,0,0,2,1,1,4,1024
63,cn4398,element_count_allgather,communication,0.007937614,1,0,0,0,0,0,0,2,0,0,0,0,0,0,0,1,1,4,1024
63,cn4398,vertex_exchange_prepare,compute,6.09400000045e-05,1,0,0,0,0,0,0,27,0,0,0,0,0,0,0,0,0,0,0
63,cn4398,vertex_exchange,communication,0.019831656,1,0,0,0,0,0,0,336,0,0,0,0,0,0,0,7,7,53746,118514
63,cn4398,vertex_exchange_unpack,compute,0.002494869,1,0,0,0,0,0,0,861,0,0,0,0,0,0,0,0,0,0,0
63,cn4398,partition_result_io,io,0,0,0,0,0,0,0,0,0,0,0,0,0,0,0,0,0,0,0,0
63,cn4398,volume_exchange_pack,compute,0.084813008,2,0,0,0,0,0,0,1257,0,0,0,0,0,0,0,0,0,0,0
63,cn4398,volume_size_exchange,communication,4.8139999997e-05,1,0,0,0,0,0,0,0,0,0,0,0,0,0,0,9,9,36,36
63,cn4398,volume_payload_prepare,compute,0.000159760999999,1,0,0,0,0,0,0,18,0,0,0,0,0,0,0,0,0,0,0
63,cn4398,volume_payload_exchange,communication,0.00509818,1,0,0,0,0,0,0,14,0,0,0,0,0,0,0,9,9,1834680,1835880
63,cn4398,volume_exchange_unpack,compute,0.058875121,1,0,0,0,0,0,0,766,0,0,0,0,0,0,0,0,0,0,0
63,cn4398,final_mesh_save,io,0,0,0,0,0,0,0,0,0,0,0,0,0,0,0,0,0,0,0,0
63,cn4398,testout_io,io,0,0,0,0,0,0,0,0,0,0,0,0,0,0,0,0,0,0,0,0
63,cn4398,final_count_exchange,communication,0,0,0,0,0,0,0,0,0,0,0,0,0,0,0,0,0,0,0,0
63,cn4398,quality_evaluation,postprocess,0,0,0,0,0,0,0,0,0,0,0,0,0,0,0,0,0,0,0,0
64,cn4399,geometry_load,io,1.733175018,1,0,0,0,0,0,0,4905,0,1035092,0,0,0,2,4,0,0,0,0
64,cn4399,coarse_local_size,setup,0.442023788,1,0,0,0,0,0,0,7458,0,0,0,0,0,79,20,0,0,0,0
64,cn4399,coarse_edge_mesh,setup,0.012230312,1,0,0,0,0,0,0,521,0,0,0,0,0,0,0,0,0,0,0
64,cn4399,coarse_surface_mesh,setup,8.00461523,1,0,0,0,0,0,0,8240,0,0,0,0,0,0,8,0,0,0,0
64,cn4399,coarse_volume_mesh,setup,13.346775088,1,0,0,0,0,0,0,28644,0,0,0,0,0,37122,1588612,0,0,0,0
64,cn4399,coarse_mesh_save,io,0,0,0,0,0,0,0,0,0,0,0,0,0,0,0,0,0,0,0,0
64,cn4399,submesh_initialization,setup,0.000128122,1,0,0,0,0,0,0,1,0,0,0,0,0,0,0,0,0,0,0
64,cn4399,metis_partition,compute,0.374808396,1,0,0,0,0,0,0,539,0,0,0,0,0,0,0,0,0,0,0
64,cn4399,face_map_setup,compute,0.007052107,1,0,0,0,0,0,0,222,0,0,0,0,0,0,0,0,0,0,0
64,cn4399,face_local_extract,compute,0.161194594,1,0,0,0,0,0,0,712,0,0,0,0,0,0,0,0,0,0,0
64,cn4399,face_pre_collective_wait,synchronization,0.069931385,1,0,0,0,0,0,0,1,0,0,0,0,0,0,0,0,0,0,0
64,cn4399,face_collective_setup,compute,0.000109940999998,1,0,0,0,0,0,0,16,0,0,0,0,0,0,0,0,0,0,0
64,cn4399,face_allgatherv,communication,0.120400689,1,0,0,0,0,0,0,802,0,0,0,0,0,0,0,1,1,18952,4859624
64,cn4399,face_global_merge,compute,0.079013018,1,0,0,0,0,0,0,403,0,0,0,0,0,0,1,0,0,0,0
64,cn4399,part_face_create,compute,0.01943332,1,0,0,0,0,0,0,3,0,0,0,0,0,0,0,0,0,0,0
64,cn4399,surface_refine,compute,0.005817392,1,0,0,0,0,0,0,5,0,0,0,0,0,0,0,0,0,0,0
64,cn4399,refined_surface_save,io,0,0,0,0,0,0,0,0,0,0,0,0,0,0,0,0,0,0,0,0
64,cn4399,local_volume_mesh,compute,6.520818717,1,0,0,0,0,0,0,1902,0,0,0,0,0,7752,322055,0,0,0,0
64,cn4399,volume_refine,compute,0.214736696,1,0,0,0,0,0,0,5368,0,0,0,0,0,0,0,0,0,0,0
64,cn4399,refined_volume_save,io,0,0,0,0,0,0,0,0,0,0,0,0,0,0,0,0,0,0,0,0
64,cn4399,adjacency_build,compute,0.004966001,1,0,0,0,0,0,0,10,0,0,0,0,0,0,0,0,0,0,0
64,cn4399,vertex_numbering_local,compute,0.006992206,1,0,0,0,0,0,0,2,0,0,0,0,0,0,0,0,0,0,0
64,cn4399,vertex_count_allgather,communication,1.929567907,1,0,0,0,0,0,0,55,0,0,0,0,0,0,2,1,1,4,1024
64,cn4399,element_count_allgather,communication,0.007923118,1,0,0,0,0,0,0,0,0,0,0,0,0,0,0,1,1,4,1024
64,cn4399,vertex_exchange_prepare,compute,1.87399999945e-05,1,0,0,0,0,0,0,0,0,0,0,0,0,0,0,0,0,0,0
64,cn4399,vertex_exchange,communication,0.020013088,1,0,0,0,0,0,0,40,0,0,0,0,0,0,0,12,8,155936,5588
64,cn4399,vertex_exchange_unpack,compute,0.000132022000003,1,0,0,0,0,0,0,0,0,0,0,0,0,0,0,0,0,0,0
64,cn4399,partition_result_io,io,0,0,0,0,0,0,0,0,0,0,0,0,0,0,0,0,0,0,0,0
64,cn4399,volume_exchange_pack,compute,0.089968473,2,0,0,0,0,0,0,4,0,0,0,0,0,0,0,0,0,0,0
64,cn4399,volume_size_exchange,communication,0.002896496,1,0,0,0,0,0,0,8,0,0,0,0,0,0,0,10,10,40,40
64,cn4399,volume_payload_prepare,compute,0.000132141999998,1,0,0,0,0,0,0,0,0,0,0,0,0,0,0,0,0,0,0
64,cn4399,volume_payload_exchange,communication,0.047392846,1,0,0,0,0,0,0,31,0,0,0,0,0,0,0,10,10,1694760,1707840
64,cn4399,volume_exchange_unpack,compute,0.061409079,1,0,0,0,0,0,0,509,0,0,0,0,0,0,0,0,0,0,0
64,cn4399,final_mesh_save,io,0,0,0,0,0,0,0,0,0,0,0,0,0,0,0,0,0,0,0,0
64,cn4399,testout_io,io,0,0,0,0,0,0,0,0,0,0,0,0,0,0,0,0,0,0,0,0
64,cn4399,final_count_exchange,communication,0,0,0,0,0,0,0,0,0,0,0,0,0,0,0,0,0,0,0,0
64,cn4399,quality_evaluation,postprocess,0,0,0,0,0,0,0,0,0,0,0,0,0,0,0,0,0,0,0,0
65,cn4400,geometry_load,io,1.743056391,1,0,0,0,0,0,0,6341,0,1035092,0,0,0,2,2,0,0,0,0
65,cn4400,coarse_local_size,setup,0.445430189,1,0,0,0,0,0,0,7189,0,0,0,0,0,100,23,0,0,0,0
65,cn4400,coarse_edge_mesh,setup,0.012571284,1,0,0,0,0,0,0,569,0,0,0,0,0,0,0,0,0,0,0
65,cn4400,coarse_surface_mesh,setup,8.18078765,1,0,0,0,0,0,0,10835,0,0,0,0,0,0,14,0,0,0,0
65,cn4400,coarse_volume_mesh,setup,13.351943361,1,0,0,0,0,0,0,31397,0,0,0,0,0,38739,1682990,0,0,0,0
65,cn4400,coarse_mesh_save,io,0,0,0,0,0,0,0,0,0,0,0,0,0,0,0,0,0,0,0,0
65,cn4400,submesh_initialization,setup,0.000121220999993,1,0,0,0,0,0,0,2,0,0,0,0,0,0,0,0,0,0,0
65,cn4400,metis_partition,compute,0.374320375,1,0,0,0,0,0,0,630,0,0,0,0,0,0,0,0,0,0,0
65,cn4400,face_map_setup,compute,0.007442685,1,0,0,0,0,0,0,234,0,0,0,0,0,0,0,0,0,0,0
65,cn4400,face_local_extract,compute,0.159459981,1,0,0,0,0,0,0,602,0,0,0,0,0,0,1,0,0,0,0
65,cn4400,face_pre_collective_wait,synchronization,0.07180404,1,0,0,0,0,0,0,1,0,0,0,0,0,0,0,0,0,0,0
65,cn4400,face_collective_setup,compute,0.000118641,1,0,0,0,0,0,0,16,0,0,0,0,0,0,0,0,0,0,0
65,cn4400,face_allgatherv,communication,0.120369535,1,0,0,0,0,0,0,1152,0,0,0,0,0,0,0,1,1,18952,4859624
65,cn4400,face_global_merge,compute,0.079819452,1,0,0,0,0,0,0,574,0,0,0,0,0,0,1,0,0,0,0
65,cn4400,part_face_create,compute,0.019490383,1,0,0,0,0,0,0,3,0,0,0,0,0,0,0,0,0,0,0
65,cn4400,surface_refine,compute,0.006817218,1,0,0,0,0,0,0,41,0,0,0,0,0,0,0,0,0,0,0
65,cn4400,refined_surface_save,io,0,0,0,0,0,0,0,0,0,0,0,0,0,0,0,0,0,0,0,0
65,cn4400,local_volume_mesh,compute,6.96133524,1,0,0,0,0,0,0,2331,0,0,0,0,0,14520,468154,0,0,0,0
65,cn4400,volume_refine,compute,0.264596243,1,0,0,0,0,0,0,5650,0,0,0,0,0,0,0,0,0,0,0
65,cn4400,refined_volume_save,io,0,0,0,0,0,0,0,0,0,0,0,0,0,0,0,0,0,0,0,0
65,cn4400,adjacency_build,compute,0.004745555,1,0,0,0,0,0,0,10,0,0,0,0,0,0,0,0,0,0,0
65,cn4400,vertex_numbering_local,compute,0.005646925,1,0,0,0,0,0,0,5,0,0,0,0,0,0,0,0,0,0,0
65,cn4400,vertex_count_allgather,communication,1.439002398,1,0,0,0,0,0,0,54,0,0,0,0,0,0,3,1,1,4,1024
65,cn4400,element_count_allgather,communication,0.007635687,1,0,0,0,0,0,0,1,0,0,0,0,0,0,0,1,1,4,1024
65,cn4400,vertex_exchange_prepare,compute,1.666e-05,1,0,0,0,0,0,0,0,0,0,0,0,0,0,0,0,0,0,0
65,cn4400,vertex_exchange,communication,0.010197196,1,0,0,0,0,0,0,38,0,0,0,0,0,0,0,4,2,42988,23584
65,cn4400,vertex_exchange_unpack,compute,0.000379664,1,0,0,0,0,0,0,0,0,0,0,0,0,0,0,0,0,0,0
65,cn4400,partition_result_io,io,0,0,0,0,0,0,0,0,0,0,0,0,0,0,0,0,0,0,0,0
65,cn4400,volume_exchange_pack,compute,0.074521231,2,0,0,0,0,0,0,1,0,0,0,0,0,0,0,0,0,0,0
65,cn4400,volume_size_exchange,communication,0.024864324,1,0,0,0,0,0,0,1,0,0,0,0,0,0,0,4,4,16,16
65,cn4400,volume_payload_prepare,compute,5.26600000015e-05,1,0,0,0,0,0,0,0,0,0,0,0,0,0,0,0,0,0,0
65,cn4400,volume_payload_exchange,communication,0.004044326,1,0,0,0,0,0,0,34,0,0,0,0,0,0,0,4,4,680520,676800
65,cn4400,volume_exchange_unpack,compute,0.051492968,1,0,0,0,0,0,0,143,0,0,0,0,0,0,0,0,0,0,0
65,cn4400,final_mesh_save,io,0,0,0,0,0,0,0,0,0,0,0,0,0,0,0,0,0,0,0,0
65,cn4400,testout_io,io,0,0,0,0,0,0,0,0,0,0,0,0,0,0,0,0,0,0,0,0
65,cn4400,final_count_exchange,communication,0,0,0,0,0,0,0,0,0,0,0,0,0,0,0,0,0,0,0,0
65,cn4400,quality_evaluation,postprocess,0,0,0,0,0,0,0,0,0,0,0,0,0,0,0,0,0,0,0,0
66,cn4401,geometry_load,io,1.781264042,1,0,0,0,0,0,0,6484,0,1035092,0,0,0,2,14,0,0,0,0
66,cn4401,coarse_local_size,setup,0.533589336,1,0,0,0,0,0,0,7620,0,0,0,0,0,83,30,0,0,0,0
66,cn4401,coarse_edge_mesh,setup,0.012695681,1,0,0,0,0,0,0,550,0,0,0,0,0,0,1,0,0,0,0
66,cn4401,coarse_surface_mesh,setup,8.214833906,1,0,0,0,0,0,0,11122,0,0,0,0,0,0,75,0,0,0,0
66,cn4401,coarse_volume_mesh,setup,13.454924174,1,0,0,0,0,0,0,33640,0,0,0,0,0,37547,1703738,0,0,0,0
66,cn4401,coarse_mesh_save,io,0,0,0,0,0,0,0,0,0,0,0,0,0,0,0,0,0,0,0,0
66,cn4401,submesh_initialization,setup,0.000125102000005,1,0,0,0,0,0,0,3,0,0,0,0,0,0,0,0,0,0,0
66,cn4401,metis_partition,compute,0.381272002,1,0,0,0,0,0,0,618,0,0,0,0,0,0,3,0,0,0,0
66,cn4401,face_map_setup,compute,0.007428854,1,0,0,0,0,0,0,237,0,0,0,0,0,0,0,0,0,0,0
66,cn4401,face_local_extract,compute,0.162469363,1,0,0,0,0,0,0,624,0,0,0,0,0,0,1,0,0,0,0
66,cn4401,face_pre_collective_wait,synchronization,0.061799505,1,0,0,0,0,0,0,1,0,0,0,0,0,0,1,0,0,0,0
66,cn4401,face_collective_setup,compute,0.000130082000005,1,0,0,0,0,0,0,16,0,0,0,0,0,0,0,0,0,0,0
66,cn4401,face_allgatherv,communication,0.120342429,1,0,0,0,0,0,0,766,0,0,0,0,0,0,1,1,1,18952,4859624
66,cn4401,face_global_merge,compute,0.077864489,1,0,0,0,0,0,0,256,0,0,0,0,0,0,0,0,0,0,0
66,cn4401,part_face_create,compute,0.019572809,1,0,0,0,0,0,0,3,0,0,0,0,0,0,0,0,0,0,0
66,cn4401,surface_refine,compute,0.006841527,1,0,0,0,0,0,0,41,0,0,0,0,0,0,1,0,0,0,0
66,cn4401,refined_surface_save,io,0,0,0,0,0,0,0,0,0,0,0,0,0,0,0,0,0,0,0,0
66,cn4401,local_volume_mesh,compute,7.159166579,1,0,0,0,0,0,0,2086,0,0,0,0,0,14409,546097,0,0,0,0
66,cn4401,volume_refine,compute,0.322317913,1,0,0,0,0,0,0,5408,0,0,0,0,0,0,2,0,0,0,0
66,cn4401,refined_volume_save,io,0,0,0,0,0,0,0,0,0,0,0,0,0,0,0,0,0,0,0,0
66,cn4401,adjacency_build,compute,0.00475986,1,0,0,0,0,0,0,14,0,0,0,0,0,0,0,0,0,0,0
66,cn4401,vertex_numbering_local,compute,0.005335088,1,0,0,0,0,0,0,4,0,0,0,0,0,0,0,0,0,0,0
66,cn4401,vertex_count_allgather,communication,1.185567237,1,0,0,0,0,0,0,54,0,0,0,0,0,0,10,1,1,4,1024
66,cn4401,element_count_allgather,communication,0.007545816,1,0,0,0,0,0,0,0,0,0,0,0,0,0,0,1,1,4,1024
66,cn4401,vertex_exchange_prepare,compute,1.67399999995e-05,1,0,0,0,0,0,0,0,0,0,0,0,0,0,0,0,0,0,0
66,cn4401,vertex_exchange,communication,0.01027225,1,0,0,0,0,0,0,225,0,0,0,0,0,0,0,3,3,32912,30294
66,cn4401,vertex_exchange_unpack,compute,0.000494885999998,1,0,0,0,0,0,0,0,0,0,0,0,0,0,0,0,0,0,0
66,cn4401,partition_result_io,io,0,0,0,0,0,0,0,0,0,0,0,0,0,0,0,0,0,0,0,0
66,cn4401,volume_exchange_pack,compute,0.082083222,2,0,0,0,0,0,0,1,0,0,0,0,0,0,2,0,0,0,0
66,cn4401,volume_size_exchange,communication,0.017061217,1,0,0,0,0,0,0,1,0,0,0,0,0,0,0,4,4,16,16
66,cn4401,volume_payload_prepare,compute,4.83609999975e-05,1,0,0,0,0,0,0,0,0,0,0,0,0,0,0,0,0,0,0
66,cn4401,volume_payload_exchange,communication,0.004073412,1,0,0,0,0,0,0,37,0,0,0,0,0,0,0,4,4,649560,647400
66,cn4401,volume_exchange_unpack,compute,0.054020306,1,0,0,0,0,0,0,812,0,0,0,0,0,0,1,0,0,0,0
66,cn4401,final_mesh_save,io,0,0,0,0,0,0,0,0,0,0,0,0,0,0,0,0,0,0,0,0
66,cn4401,testout_io,io,0,0,0,0,0,0,0,0,0,0,0,0,0,0,0,0,0,0,0,0
66,cn4401,final_count_exchange,communication,0,0,0,0,0,0,0,0,0,0,0,0,0,0,0,0,0,0,0,0
66,cn4401,quality_evaluation,postprocess,0,0,0,0,0,0,0,0,0,0,0,0,0,0,0,0,0,0,0,0
67,cn4402,geometry_load,io,1.733327123,1,0,0,0,0,0,0,6320,0,1035092,0,0,0,2,2,0,0,0,0
67,cn4402,coarse_local_size,setup,0.459915533,1,0,0,0,0,0,0,7661,0,0,0,0,0,100,20,0,0,0,0
67,cn4402,coarse_edge_mesh,setup,0.012681214,1,0,0,0,0,0,0,569,0,0,0,0,0,0,0,0,0,0,0
67,cn4402,coarse_surface_mesh,setup,8.124667229,1,0,0,0,0,0,0,9496,0,0,0,0,0,0,11,0,0,0,0
67,cn4402,coarse_volume_mesh,setup,13.164000033,1,0,0,0,0,0,0,22461,0,0,0,0,0,35695,1539512,0,0,0,0
67,cn4402,coarse_mesh_save,io,0,0,0,0,0,0,0,0,0,0,0,0,0,0,0,0,0,0,0,0
67,cn4402,submesh_initialization,setup,0.000114441000001,1,0,0,0,0,0,0,1,0,0,0,0,0,0,0,0,0,0,0
67,cn4402,metis_partition,compute,0.366796865,1,0,0,0,0,0,0,213,0,0,0,0,0,0,0,0,0,0,0
67,cn4402,face_map_setup,compute,0.007083686,1,0,0,0,0,0,0,369,0,0,0,0,0,0,0,0,0,0,0
67,cn4402,face_local_extract,compute,0.153315137,1,0,0,0,0,0,0,681,0,0,0,0,0,0,0,0,0,0,0
67,cn4402,face_pre_collective_wait,synchronization,0.08586758,1,0,0,0,0,0,0,1,0,0,0,0,0,0,0,0,0,0,0
67,cn4402,face_collective_setup,compute,0.000106561999999,1,0,0,0,0,0,0,12,0,0,0,0,0,0,0,0,0,0,0
67,cn4402,face_allgatherv,communication,0.120360578,1,0,0,0,0,0,0,870,0,0,0,0,0,0,0,1,1,18952,4859624
67,cn4402,face_global_merge,compute,0.077501679,1,0,0,0,0,0,0,189,0,0,0,0,0,0,1,0,0,0,0
67,cn4402,part_face_create,compute,0.018688986,1,0,0,0,0,0,0,3,0,0,0,0,0,0,0,0,0,0,0
67,cn4402,surface_refine,compute,0.006295296,1,0,0,0,0,0,0,2,0,0,0,0,0,0,0,0,0,0,0
67,cn4402,refined_surface_save,io,0,0,0,0,0,0,0,0,0,0,0,0,0,0,0,0,0,0,0,0
67,cn4402,local_volume_mesh,compute,6.908493052,1,0,0,0,0,0,0,1134,0,0,0,0,0,13781,548280,0,0,0,0
67,cn4402,volume_refine,compute,0.233640431,1,0,0,0,0,0,0,3927,0,0,0,0,0,0,1,0,0,0,0
67,cn4402,refined_volume_save,io,0,0,0,0,0,0,0,0,0,0,0,0,0,0,0,0,0,0,0,0
67,cn4402,adjacency_build,compute,0.004597456,1,0,0,0,0,0,0,0,0,0,0,0,0,0,0,0,0,0,0
67,cn4402,vertex_numbering_local,compute,0.006485639,1,0,0,0,0,0,0,2,0,0,0,0,0,0,0,0,0,0,0
67,cn4402,vertex_count_allgather,communication,1.526057752,1,0,0,0,0,0,0,30,0,0,0,0,0,0,1,1,1,4,1024
67,cn4402,element_count_allgather,communication,0.007891595,1,0,0,0,0,0,0,0,0,0,0,0,0,0,0,1,1,4,1024
67,cn4402,vertex_exchange_prepare,compute,1.51799999983e-05,1,0,0,0,0,0,0,0,0,0,0,0,0,0,0,0,0,0,0
67,cn4402,vertex_exchange,communication,0.011318597,1,0,0,0,0,0,0,33,0,0,0,0,0,0,0,7,5,81158,41580
67,cn4402,vertex_exchange_unpack,compute,0.000593367,1,0,0,0,0,0,0,0,0,0,0,0,0,0,0,0,0,0,0
67,cn4402,partition_result_io,io,0,0,0,0,0,0,0,0,0,0,0,0,0,0,0,0,0,0,0,0
67,cn4402,volume_exchange_pack,compute,0.078193348,2,0,0,0,0,0,0,1,0,0,0,0,0,0,0,0,0,0,0
67,cn4402,volume_size_exchange,communication,0.019976882,1,0,0,0,0,0,0,3,0,0,0,0,0,0,0,7,7,28,28
67,cn4402,volume_payload_prepare,compute,9.60610000007e-05,1,0,0,0,0,0,0,0,0,0,0,0,0,0,0,0,0,0,0
67,cn4402,volume_payload_exchange,communication,0.004014869,1,0,0,0,0,0,0,12,0,0,0,0,0,0,0,7,7,1273560,1274280
67,cn4402,volume_exchange_unpack,compute,0.058221345,1,0,0,0,0,0,0,588,0,0,0,0,0,0,0,0,0,0,0
67,cn4402,final_mesh_save,io,0,0,0,0,0,0,0,0,0,0,0,0,0,0,0,0,0,0,0,0
67,cn4402,testout_io,io,0,0,0,0,0,0,0,0,0,0,0,0,0,0,0,0,0,0,0,0
67,cn4402,final_count_exchange,communication,0,0,0,0,0,0,0,0,0,0,0,0,0,0,0,0,0,0,0,0
67,cn4402,quality_evaluation,postprocess,0,0,0,0,0,0,0,0,0,0,0,0,0,0,0,0,0,0,0,0
68,cn4403,geometry_load,io,1.729319671,1,0,0,0,0,0,0,6472,0,1035092,0,0,0,2,2,0,0,0,0
68,cn4403,coarse_local_size,setup,0.443414368,1,0,0,0,0,0,0,7097,0,0,0,0,0,94,20,0,0,0,0
68,cn4403,coarse_edge_mesh,setup,0.012679223,1,0,0,0,0,0,0,550,0,0,0,0,0,0,0,0,0,0,0
68,cn4403,coarse_surface_mesh,setup,8.172736963,1,0,0,0,0,0,0,10811,0,0,0,0,0,0,10,0,0,0,0
68,cn4403,coarse_volume_mesh,setup,13.492512965,1,0,0,0,0,0,0,32093,0,0,0,0,0,36964,1683302,0,0,0,0
68,cn4403,coarse_mesh_save,io,0,0,0,0,0,0,0,0,0,0,0,0,0,0,0,0,0,0,0,0
68,cn4403,submesh_initialization,setup,0.000124642000003,1,0,0,0,0,0,0,1,0,0,0,0,0,0,0,0,0,0,0
68,cn4403,metis_partition,compute,0.376966097,1,0,0,0,0,0,0,396,0,0,0,0,0,0,1,0,0,0,0
68,cn4403,face_map_setup,compute,0.007180521,1,0,0,0,0,0,0,227,0,0,0,0,0,0,0,0,0,0,0
68,cn4403,face_local_extract,compute,0.161926669,1,0,0,0,0,0,0,634,0,0,0,0,0,0,0,0,0,0,0
68,cn4403,face_pre_collective_wait,synchronization,0.066915976,1,0,0,0,0,0,0,1,0,0,0,0,0,0,0,0,0,0,0
68,cn4403,face_collective_setup,compute,0.000119660999999,1,0,0,0,0,0,0,16,0,0,0,0,0,0,0,0,0,0,0
68,cn4403,face_allgatherv,communication,0.12036204,1,0,0,0,0,0,0,813,0,0,0,0,0,0,0,1,1,18952,4859624
68,cn4403,face_global_merge,compute,0.077589396,1,0,0,0,0,0,0,406,0,0,0,0,0,0,0,0,0,0,0
68,cn4403,part_face_create,compute,0.019342358,1,0,0,0,0,0,0,3,0,0,0,0,0,0,0,0,0,0,0
68,cn4403,surface_refine,compute,0.006032988,1,0,0,0,0,0,0,40,0,0,0,0,0,0,0,0,0,0,0
68,cn4403,refined_surface_save,io,0,0,0,0,0,0,0,0,0,0,0,0,0,0,0,0,0,0,0,0
68,cn4403,local_volume_mesh,compute,6.404157749,1,0,0,0,0,0,0,2022,0,0,0,0,0,7360,321603,0,0,0,0
68,cn4403,volume_refine,compute,0.203062253,1,0,0,0,0,0,0,4606,0,0,0,0,0,0,1,0,0,0,0
68,cn4403,refined_volume_save,io,0,0,0,0,0,0,0,0,0,0,0,0,0,0,0,0,0,0,0,0
68,cn4403,adjacency_build,compute,0.004856975,1,0,0,0,0,0,0,7,0,0,0,0,0,0,0,0,0,0,0
68,cn4403,vertex_numbering_local,compute,0.007129021,1,0,0,0,0,0,0,4,0,0,0,0,0,0,0,0,0,0,0
68,cn4403,vertex_count_allgather,communication,2.059257837,1,0,0,0,0,0,0,53,0,0,0,0,0,0,2,1,1,4,1024
68,cn4403,element_count_allgather,communication,0.00789478999999,1,0,0,0,0,0,0,1,0,0,0,0,0,0,0,1,1,4,1024
68,cn4403,vertex_exchange_prepare,compute,1.69810000017e-05,1,0,0,0,0,0,0,0,0,0,0,0,0,0,0,0,0,0,0
68,cn4403,vertex_exchange,communication,0.01150069,1,0,0,0,0,0,0,53,0,0,0,0,0,0,0,9,5,114510,55176
68,cn4403,vertex_exchange_unpack,compute,0.000805348999997,1,0,0,0,0,0,0,0,0,0,0,0,0,0,0,0,0,0,0
68,cn4403,partition_result_io,io,0,0,0,0,0,0,0,0,0,0,0,0,0,0,0,0,0,0,0,0
68,cn4403,volume_exchange_pack,compute,0.073938015,2,0,0,0,0,0,0,1,0,0,0,0,0,0,0,0,0,0,0
68,cn4403,volume_size_exchange,communication,0.023988651,1,0,0,0,0,0,0,4,0,0,0,0,0,0,0,7,7,28,28
68,cn4403,volume_payload_prepare,compute,0.000132981999997,1,0,0,0,0,0,0,0,0,0,0,0,0,0,0,0,0,0,0
68,cn4403,volume_payload_exchange,communication,0.003983125,1,0,0,0,0,0,0,21,0,0,0,0,0,0,0,7,7,1803120,1805160
68,cn4403,volume_exchange_unpack,compute,0.058163657,1,0,0,0,0,0,0,120,0,0,0,0,0,0,0,0,0,0,0
68,cn4403,final_mesh_save,io,0,0,0,0,0,0,0,0,0,0,0,0,0,0,0,0,0,0,0,0
68,cn4403,testout_io,io,0,0,0,0,0,0,0,0,0,0,0,0,0,0,0,0,0,0,0,0
68,cn4403,final_count_exchange,communication,0,0,0,0,0,0,0,0,0,0,0,0,0,0,0,0,0,0,0,0
68,cn4403,quality_evaluation,postprocess,0,0,0,0,0,0,0,0,0,0,0,0,0,0,0,0,0,0,0,0
69,cn4404,geometry_load,io,1.762989843,1,0,0,0,0,0,0,6452,0,1035092,0,0,0,2,2,0,0,0,0
69,cn4404,coarse_local_size,setup,0.459012939,1,0,0,0,0,0,0,7498,0,0,0,0,0,101,21,0,0,0,0
69,cn4404,coarse_edge_mesh,setup,0.012756503,1,0,0,0,0,0,0,576,0,0,0,0,0,0,0,0,0,0,0
69,cn4404,coarse_surface_mesh,setup,8.266244133,1,0,0,0,0,0,0,11084,0,0,0,0,0,0,9,0,0,0,0
69,cn4404,coarse_volume_mesh,setup,13.2322153,1,0,0,0,0,0,0,32497,0,0,0,0,0,37946,1599201,0,0,0,0
69,cn4404,coarse_mesh_save,io,0,0,0,0,0,0,0,0,0,0,0,0,0,0,0,0,0,0,0,0
69,cn4404,submesh_initialization,setup,0.000121961999994,1,0,0,0,0,0,0,1,0,0,0,0,0,0,0,0,0,0,0
69,cn4404,metis_partition,compute,0.377492059,1,0,0,0,0,0,0,332,0,0,0,0,0,0,0,0,0,0,0
69,cn4404,face_map_setup,compute,0.007157092,1,0,0,0,0,0,0,221,0,0,0,0,0,0,0,0,0,0,0
69,cn4404,face_local_extract,compute,0.159284674,1,0,0,0,0,0,0,711,0,0,0,0,0,0,0,0,0,0,0
69,cn4404,face_pre_collective_wait,synchronization,0.069099582,1,0,0,0,0,0,0,1,0,0,0,0,0,0,0,0,0,0,0
69,cn4404,face_collective_setup,compute,0.000121102000001,1,0,0,0,0,0,0,16,0,0,0,0,0,0,0,0,0,0,0
69,cn4404,face_allgatherv,communication,0.120332116,1,0,0,0,0,0,0,1155,0,0,0,0,0,0,1,1,1,18952,4859624
69,cn4404,face_global_merge,compute,0.078988669,1,0,0,0,0,0,0,516,0,0,0,0,0,0,0,0,0,0,0
69,cn4404,part_face_create,compute,0.019710432,1,0,0,0,0,0,0,3,0,0,0,0,0,0,0,0,0,0,0
69,cn4404,surface_refine,compute,0.006617725,1,0,0,0,0,0,0,40,0,0,0,0,0,0,0,0,0,0,0
69,cn4404,refined_surface_save,io,0,0,0,0,0,0,0,0,0,0,0,0,0,0,0,0,0,0,0,0
69,cn4404,local_volume_mesh,compute,6.6341478,1,0,0,0,0,0,0,2472,0,0,0,0,0,6860,309398,0,0,0,0
69,cn4404,volume_refine,compute,0.235430205,1,0,0,0,0,0,0,6238,0,0,0,0,0,0,1,0,0,0,0
69,cn4404,refined_volume_save,io,0,0,0,0,0,0,0,0,0,0,0,0,0,0,0,0,0,0,0,0
69,cn4404,adjacency_build,compute,0.00502172500001,1,0,0,0,0,0,0,5,0,0,0,0,0,0,0,0,0,0,0
69,cn4404,vertex_numbering_local,compute,0.007239093,1,0,0,0,0,0,0,5,0,0,0,0,0,0,0,0,0,0,0
69,cn4404,vertex_count_allgather,communication,1.794287563,1,0,0,0,0,0,0,55,0,0,0,0,0,0,1,1,1,4,1024
69,cn4404,element_count_allgather,communication,0.00769869800001,1,0,0,0,0,0,0,1,0,0,0,0,0,0,0,1,1,4,1024
69,cn4404,vertex_exchange_prepare,compute,1.95599999984e-05,1,0,0,0,0,0,0,0,0,0,0,0,0,0,0,0,0,0,0
69,cn4404,vertex_exchange,communication,0.019718372,1,0,0,0,0,0,0,301,0,0,0,0,0,0,0,8,5,87340,52558
69,cn4404,vertex_exchange_unpack,compute,0.000790469999998,1,0,0,0,0,0,0,0,0,0,0,0,0,0,0,0,0,0,0
69,cn4404,partition_result_io,io,0,0,0,0,0,0,0,0,0,0,0,0,0,0,0,0,0,0,0,0
69,cn4404,volume_exchange_pack,compute,0.081995546,2,0,0,0,0,0,0,4,0,0,0,0,0,0,0,0,0,0,0
69,cn4404,volume_size_exchange,communication,0.010454133,1,0,0,0,0,0,0,2,0,0,0,0,0,0,0,8,8,32,32
69,cn4404,volume_payload_prepare,compute,0.000110482000004,1,0,0,0,0,0,0,0,0,0,0,0,0,0,0,0,0,0,0
69,cn4404,volume_payload_exchange,communication,0.046942979,1,0,0,0,0,0,0,30,0,0,0,0,0,0,1,8,8,1455840,1454640
69,cn4404,volume_exchange_unpack,compute,0.057226191,1,0,0,0,0,0,0,536,0,0,0,0,0,0,0,0,0,0,0
69,cn4404,final_mesh_save,io,0,0,0,0,0,0,0,0,0,0,0,0,0,0,0,0,0,0,0,0
69,cn4404,testout_io,io,0,0,0,0,0,0,0,0,0,0,0,0,0,0,0,0,0,0,0,0
69,cn4404,final_count_exchange,communication,0,0,0,0,0,0,0,0,0,0,0,0,0,0,0,0,0,0,0,0
69,cn4404,quality_evaluation,postprocess,0,0,0,0,0,0,0,0,0,0,0,0,0,0,0,0,0,0,0,0
70,cn4405,geometry_load,io,1.734832314,1,0,0,0,0,0,0,6315,0,1035092,0,0,0,2,3,0,0,0,0
70,cn4405,coarse_local_size,setup,0.440549174,1,0,0,0,0,0,0,7198,0,0,0,0,0,83,20,0,0,0,0
70,cn4405,coarse_edge_mesh,setup,0.012646878,1,0,0,0,0,0,0,552,0,0,0,0,0,0,0,0,0,0,0
70,cn4405,coarse_surface_mesh,setup,8.162361269,1,0,0,0,0,0,0,10826,0,0,0,0,0,0,9,0,0,0,0
70,cn4405,coarse_volume_mesh,setup,13.358881011,1,0,0,0,0,0,0,31608,0,0,0,0,0,35693,1553902,0,0,0,0
70,cn4405,coarse_mesh_save,io,0,0,0,0,0,0,0,0,0,0,0,0,0,0,0,0,0,0,0,0
70,cn4405,submesh_initialization,setup,0.000131482,1,0,0,0,0,0,0,5,0,0,0,0,0,0,0,0,0,0,0
70,cn4405,metis_partition,compute,0.374965436,1,0,0,0,0,0,0,770,0,0,0,0,0,0,1,0,0,0,0
70,cn4405,face_map_setup,compute,0.007338811,1,0,0,0,0,0,0,232,0,0,0,0,0,0,0,0,0,0,0
70,cn4405,face_local_extract,compute,0.158663459,1,0,0,0,0,0,0,562,0,0,0,0,0,0,0,0,0,0,0
70,cn4405,face_pre_collective_wait,synchronization,0.071985678,1,0,0,0,0,0,0,1,0,0,0,0,0,0,0,0,0,0,0
70,cn4405,face_collective_setup,compute,0.000114580999998,1,0,0,0,0,0,0,16,0,0,0,0,0,0,0,0,0,0,0
70,cn4405,face_allgatherv,communication,0.120348541,1,0,0,0,0,0,0,643,0,0,0,0,0,0,1,1,1,18952,4859624
70,cn4405,face_global_merge,compute,0.07864174,1,0,0,0,0,0,0,468,0,0,0,0,0,0,0,0,0,0,0
70,cn4405,part_face_create,compute,0.019682205,1,0,0,0,0,0,0,3,0,0,0,0,0,0,0,0,0,0,0
70,cn4405,surface_refine,compute,0.006182197,1,0,0,0,0,0,0,40,0,0,0,0,0,0,0,0,0,0,0
70,cn4405,refined_surface_save,io,0,0,0,0,0,0,0,0,0,0,0,0,0,0,0,0,0,0,0,0
70,cn4405,local_volume_mesh,compute,6.48090598,1,0,0,0,0,0,0,2116,0,0,0,0,0,6641,287670,0,0,0,0
70,cn4405,volume_refine,compute,0.20928753,1,0,0,0,0,0,0,5025,0,0,0,0,0,0,0,0,0,0,0
70,cn4405,refined_volume_save,io,0,0,0,0,0,0,0,0,0,0,0,0,0,0,0,0,0,0,0,0
70,cn4405,adjacency_build,compute,0.00485786,1,0,0,0,0,0,0,10,0,0,0,0,0,0,0,0,0,0,0
70,cn4405,vertex_numbering_local,compute,0.004362714,1,0,0,0,0,0,0,3,0,0,0,0,0,0,0,0,0,0,0
70,cn4405,vertex_count_allgather,communication,1.977526241,1,0,0,0,0,0,0,51,0,0,0,0,0,0,2,1,1,4,1024
70,cn4405,element_count_allgather,communication,0.007701636,1,0,0,0,0,0,0,1,0,0,0,0,0,0,0,1,1,4,1024
70,cn4405,vertex_exchange_prepare,compute,1.14199999999e-05,1,0,0,0,0,0,0,0,0,0,0,0,0,0,0,0,0,0,0
70,cn4405,vertex_exchange,communication,0.00106931400001,1,0,0,0,0,0,0,15,0,0,0,0,0,0,0,2,1,21296,38214
70,cn4405,vertex_exchange_unpack,compute,0.000583267000003,1,0,0,0,0,0,0,0,0,0,0,0,0,0,0,0,0,0,0
70,cn4405,partition_result_io,io,0,0,0,0,0,0,0,0,0,0,0,0,0,0,0,0,0,0,0,0
70,cn4405,volume_exchange_pack,compute,0.052774338,2,0,0,0,0,0,0,1,0,0,0,0,0,0,0,0,0,0,0
70,cn4405,volume_size_exchange,communication,0.048210582,1,0,0,0,0,0,0,2,0,0,0,0,0,0,0,2,2,8,8
70,cn4405,volume_payload_prepare,compute,4.54000000047e-05,1,0,0,0,0,0,0,0,0,0,0,0,0,0,0,0,0,0,0
70,cn4405,volume_payload_exchange,communication,0.011574065,1,0,0,0,0,0,0,16,0,0,0,0,0,0,0,2,2,617880,618600
70,cn4405,volume_exchange_unpack,compute,0.037963873,1,0,0,0,0,0,0,0,0,0,0,0,0,0,0,0,0,0,0
70,cn4405,final_mesh_save,io,0,0,0,0,0,0,0,0,0,0,0,0,0,0,0,0,0,0,0,0
70,cn4405,testout_io,io,0,0,0,0,0,0,0,0,0,0,0,0,0,0,0,0,0,0,0,0
70,cn4405,final_count_exchange,communication,0,0,0,0,0,0,0,0,0,0,0,0,0,0,0,0,0,0,0,0
70,cn4405,quality_evaluation,postprocess,0,0,0,0,0,0,0,0,0,0,0,0,0,0,0,0,0,0,0,0
71,cn4406,geometry_load,io,1.7292821,1,0,0,0,0,0,0,6320,0,1035092,0,0,0,2,2,0,0,0,0
71,cn4406,coarse_local_size,setup,0.456349918,1,0,0,0,0,0,0,7664,0,0,0,0,0,99,20,0,0,0,0
71,cn4406,coarse_edge_mesh,setup,0.012676562,1,0,0,0,0,0,0,568,0,0,0,0,0,0,0,0,0,0,0
71,cn4406,coarse_surface_mesh,setup,8.167037076,1,0,0,0,0,0,0,11467,0,0,0,0,0,0,8,0,0,0,0
71,cn4406,coarse_volume_mesh,setup,13.180472835,1,0,0,0,0,0,0,24029,0,0,0,0,0,38190,1451271,0,0,0,0
71,cn4406,coarse_mesh_save,io,0,0,0,0,0,0,0,0,0,0,0,0,0,0,0,0,0,0,0,0
71,cn4406,submesh_initialization,setup,0.000123201999997,1,0,0,0,0,0,0,1,0,0,0,0,0,0,0,0,0,0,0
71,cn4406,metis_partition,compute,0.366442585,1,0,0,0,0,0,0,322,0,0,0,0,0,0,0,0,0,0,0
71,cn4406,face_map_setup,compute,0.007449559,1,0,0,0,0,0,0,773,0,0,0,0,0,0,0,0,0,0,0
71,cn4406,face_local_extract,compute,0.159807249,1,0,0,0,0,0,0,630,0,0,0,0,0,0,0,0,0,0,0
71,cn4406,face_pre_collective_wait,synchronization,0.079329405,1,0,0,0,0,0,0,1,0,0,0,0,0,0,0,0,0,0,0
71,cn4406,face_collective_setup,compute,0.000117062000001,1,0,0,0,0,0,0,16,0,0,0,0,0,0,0,0,0,0,0
71,cn4406,face_allgatherv,communication,0.120317798,1,0,0,0,0,0,0,638,0,0,0,0,0,0,0,1,1,18952,4859624
71,cn4406,face_global_merge,compute,0.074530449,1,0,0,0,0,0,0,115,0,0,0,0,0,0,0,0,0,0,0
71,cn4406,part_face_create,compute,0.018447594,1,0,0,0,0,0,0,3,0,0,0,0,0,0,0,0,0,0,0
71,cn4406,surface_refine,compute,0.005715431,1,0,0,0,0,0,0,38,0,0,0,0,0,0,0,0,0,0,0
71,cn4406,refined_surface_save,io,0,0,0,0,0,0,0,0,0,0,0,0,0,0,0,0,0,0,0,0
71,cn4406,local_volume_mesh,compute,6.678526295,1,0,0,0,0,0,0,630,0,0,0,0,0,11260,330514,0,0,0,0
71,cn4406,volume_refine,compute,0.200965305,1,0,0,0,0,0,0,5171,0,0,0,0,0,0,0,0,0,0,0
71,cn4406,refined_volume_save,io,0,0,0,0,0,0,0,0,0,0,0,0,0,0,0,0,0,0,0,0
71,cn4406,adjacency_build,compute,0.004396731,1,0,0,0,0,0,0,2,0,0,0,0,0,0,0,0,0,0,0
71,cn4406,vertex_numbering_local,compute,0.004223047,1,0,0,0,0,0,0,4,0,0,0,0,0,0,0,0,0,0,0
71,cn4406,vertex_count_allgather,communication,1.795044249,1,0,0,0,0,0,0,31,0,0,0,0,0,0,2,1,1,4,1024
71,cn4406,element_count_allgather,communication,0.007752564,1,0,0,0,0,0,0,0,0,0,0,0,0,0,0,1,1,4,1024
71,cn4406,vertex_exchange_prepare,compute,1.19999999981e-05,1,0,0,0,0,0,0,0,0,0,0,0,0,0,0,0,0,0,0
71,cn4406,vertex_exchange,communication,0.001047997,1,0,0,0,0,0,0,15,0,0,0,0,0,0,0,3,3,26620,32912
71,cn4406,vertex_exchange_unpack,compute,0.000472267999996,1,0,0,0,0,0,0,0,0,0,0,0,0,0,0,0,0,0,0
71,cn4406,partition_result_io,io,0,0,0,0,0,0,0,0,0,0,0,0,0,0,0,0,0,0,0,0
71,cn4406,volume_exchange_pack,compute,0.053468653,2,0,0,0,0,0,0,2,0,0,0,0,0,0,0,0,0,0,0
71,cn4406,volume_size_exchange,communication,0.054439728,1,0,0,0,0,0,0,4,0,0,0,0,0,0,0,4,4,16,16
71,cn4406,volume_payload_prepare,compute,0.000119581999996,1,0,0,0,0,0,0,61,0,0,0,0,0,0,0,0,0,0,0
71,cn4406,volume_payload_exchange,communication,0.049978977,1,0,0,0,0,0,0,9,0,0,0,0,0,0,0,4,4,619680,620760
71,cn4406,volume_exchange_unpack,compute,0.039138924,1,0,0,0,0,0,0,632,0,0,0,0,0,0,0,0,0,0,0
71,cn4406,final_mesh_save,io,0,0,0,0,0,0,0,0,0,0,0,0,0,0,0,0,0,0,0,0
71,cn4406,testout_io,io,0,0,0,0,0,0,0,0,0,0,0,0,0,0,0,0,0,0,0,0
71,cn4406,final_count_exchange,communication,0,0,0,0,0,0,0,0,0,0,0,0,0,0,0,0,0,0,0,0
71,cn4406,quality_evaluation,postprocess,0,0,0,0,0,0,0,0,0,0,0,0,0,0,0,0,0,0,0,0
72,cn4407,geometry_load,io,1.766539481,1,0,0,0,0,0,0,6445,0,1035092,0,0,0,2,2,0,0,0,0
72,cn4407,coarse_local_size,setup,0.453147475,1,0,0,0,0,0,0,7621,0,0,0,0,0,86,21,0,0,0,0
72,cn4407,coarse_edge_mesh,setup,0.012593413,1,0,0,0,0,0,0,579,0,0,0,0,0,0,0,0,0,0,0
72,cn4407,coarse_surface_mesh,setup,8.171006763,1,0,0,0,0,0,0,10804,0,0,0,0,0,0,9,0,0,0,0
72,cn4407,coarse_volume_mesh,setup,13.344597779,1,0,0,0,0,0,0,31123,0,0,0,0,0,36011,1579893,0,0,0,0
72,cn4407,coarse_mesh_save,io,0,0,0,0,0,0,0,0,0,0,0,0,0,0,0,0,0,0,0,0
72,cn4407,submesh_initialization,setup,0.000134002000003,1,0,0,0,0,0,0,4,0,0,0,0,0,0,0,0,0,0,0
72,cn4407,metis_partition,compute,0.375471273,1,0,0,0,0,0,0,950,0,0,0,0,0,0,1,0,0,0,0
72,cn4407,face_map_setup,compute,0.00745695,1,0,0,0,0,0,0,223,0,0,0,0,0,0,0,0,0,0,0
72,cn4407,face_local_extract,compute,0.16003282,1,0,0,0,0,0,0,629,0,0,0,0,0,0,0,0,0,0,0
72,cn4407,face_pre_collective_wait,synchronization,0.070029789,1,0,0,0,0,0,0,1,0,0,0,0,0,0,0,0,0,0,0
72,cn4407,face_collective_setup,compute,0.000112400999996,1,0,0,0,0,0,0,16,0,0,0,0,0,0,0,0,0,0,0
72,cn4407,face_allgatherv,communication,0.120334679,1,0,0,0,0,0,0,647,0,0,0,0,0,0,0,1,1,18952,4859624
72,cn4407,face_global_merge,compute,0.079086639,1,0,0,0,0,0,0,517,0,0,0,0,0,0,0,0,0,0,0
72,cn4407,part_face_create,compute,0.019524896,1,0,0,0,0,0,0,3,0,0,0,0,0,0,0,0,0,0,0
72,cn4407,surface_refine,compute,0.00661892,1,0,0,0,0,0,0,38,0,0,0,0,0,0,0,0,0,0,0
72,cn4407,refined_surface_save,io,0,0,0,0,0,0,0,0,0,0,0,0,0,0,0,0,0,0,0,0
72,cn4407,local_volume_mesh,compute,6.889033298,1,0,0,0,0,0,0,2190,0,0,0,0,0,13874,410216,0,0,0,0
72,cn4407,volume_refine,compute,0.218838434,1,0,0,0,0,0,0,5536,0,0,0,0,0,0,0,0,0,0,0
72,cn4407,refined_volume_save,io,0,0,0,0,0,0,0,0,0,0,0,0,0,0,0,0,0,0,0,0
72,cn4407,adjacency_build,compute,0.005060362,1,0,0,0,0,0,0,10,0,0,0,0,0,0,0,0,0,0,0
72,cn4407,vertex_numbering_local,compute,0.008514744,1,0,0,0,0,0,0,3,0,0,0,0,0,0,0,0,0,0,0
72,cn4407,vertex_count_allgather,communication,1.554889515,1,0,0,0,0,0,0,53,0,0,0,0,0,0,2,1,1,4,1024
72,cn4407,element_count_allgather,communication,0.007917536,1,0,0,0,0,0,0,0,0,0,0,0,0,0,0,1,1,4,1024
72,cn4407,vertex_exchange_prepare,compute,1.91410000028e-05,1,0,0,0,0,0,0,0,0,0,0,0,0,0,0,0,0,0,0
72,cn4407,vertex_exchange,communication,0.019528717,1,0,0,0,0,0,0,55,0,0,0,0,0,0,0,9,7,171402,19008
72,cn4407,vertex_exchange_unpack,compute,0.000324024000001,1,0,0,0,0,0,0,0,0,0,0,0,0,0,0,0,0,0,0
72,cn4407,partition_result_io,io,0,0,0,0,0,0,0,0,0,0,0,0,0,0,0,0,0,0,0,0
72,cn4407,volume_exchange_pack,compute,0.089474664,2,0,0,0,0,0,0,2,0,0,0,0,0,0,0,0,0,0,0
72,cn4407,volume_size_exchange,communication,0.049702903,1,0,0,0,0,0,0,52,0,0,0,0,0,0,0,7,7,28,28
72,cn4407,volume_payload_prepare,compute,0.000208481999998,1,0,0,0,0,0,0,34,0,0,0,0,0,0,0,0,0,0,0
72,cn4407,volume_payload_exchange,communication,0.001743702,1,0,0,0,0,0,0,141,0,0,0,0,0,0,0,7,7,2025960,2027520
72,cn4407,volume_exchange_unpack,compute,0.0742662,1,0,0,0,0,0,0,2191,0,0,0,0,0,0,0,0,0,0,0
72,cn4407,final_mesh_save,io,0,0,0,0,0,0,0,0,0,0,0,0,0,0,0,0,0,0,0,0
72,cn4407,testout_io,io,0,0,0,0,0,0,0,0,0,0,0,0,0,0,0,0,0,0,0,0
72,cn4407,final_count_exchange,communication,0,0,0,0,0,0,0,0,0,0,0,0,0,0,0,0,0,0,0,0
72,cn4407,quality_evaluation,postprocess,0,0,0,0,0,0,0,0,0,0,0,0,0,0,0,0,0,0,0,0
73,cn4408,geometry_load,io,1.754390665,1,0,0,0,0,0,0,6338,0,1035092,0,0,0,2,3,0,0,0,0
73,cn4408,coarse_local_size,setup,0.450828729,1,0,0,0,0,0,0,7626,0,0,0,0,0,86,21,0,0,0,0
73,cn4408,coarse_edge_mesh,setup,0.012634633,1,0,0,0,0,0,0,569,0,0,0,0,0,0,0,0,0,0,0
73,cn4408,coarse_surface_mesh,setup,8.080681908,1,0,0,0,0,0,0,9211,0,0,0,0,0,0,11,0,0,0,0
73,cn4408,coarse_volume_mesh,setup,13.343673259,1,0,0,0,0,0,0,24357,0,0,0,0,0,38955,1572879,0,0,0,0
73,cn4408,coarse_mesh_save,io,0,0,0,0,0,0,0,0,0,0,0,0,0,0,0,0,0,0,0,0
73,cn4408,submesh_initialization,setup,0.000131101000001,1,0,0,0,0,0,0,15,0,0,0,0,0,0,0,0,0,0,0
73,cn4408,metis_partition,compute,0.406994159,1,0,0,0,0,0,0,578,0,0,0,0,0,0,1,0,0,0,0
73,cn4408,face_map_setup,compute,0.007003765,1,0,0,0,0,0,0,261,0,0,0,0,0,0,0,0,0,0,0
73,cn4408,face_local_extract,compute,0.151469111,1,0,0,0,0,0,0,35,0,0,0,0,0,0,0,0,0,0,0
73,cn4408,face_pre_collective_wait,synchronization,0.047535375,1,0,0,0,0,0,0,3,0,0,0,0,0,0,0,0,0,0,0
73,cn4408,face_collective_setup,compute,0.000110241000002,1,0,0,0,0,0,0,16,0,0,0,0,0,0,0,0,0,0,0
73,cn4408,face_allgatherv,communication,0.120309574,1,0,0,0,0,0,0,47,0,0,0,0,0,0,1,1,1,18952,4859624
73,cn4408,face_global_merge,compute,0.074030755,1,0,0,0,0,0,0,0,0,0,0,0,0,0,0,0,0,0,0
73,cn4408,part_face_create,compute,0.018244721,1,0,0,0,0,0,0,3,0,0,0,0,0,0,0,0,0,0,0
73,cn4408,surface_refine,compute,0.005335285,1,0,0,0,0,0,0,1,0,0,0,0,0,0,0,0,0,0,0
73,cn4408,refined_surface_save,io,0,0,0,0,0,0,0,0,0,0,0,0,0,0,0,0,0,0,0,0
73,cn4408,local_volume_mesh,compute,6.461331855,1,0,0,0,0,0,0,568,0,0,0,0,0,12075,433058,0,0,0,0
73,cn4408,volume_refine,compute,0.196367834,1,0,0,0,0,0,0,5090,0,0,0,0,0,0,0,0,0,0,0
73,cn4408,refined_volume_save,io,0,0,0,0,0,0,0,0,0,0,0,0,0,0,0,0,0,0,0,0
73,cn4408,adjacency_build,compute,0.004471554,1,0,0,0,0,0,0,2,0,0,0,0,0,0,0,0,0,0,0
73,cn4408,vertex_numbering_local,compute,0.005986152,1,0,0,0,0,0,0,4,0,0,0,0,0,0,0,0,0,0,0
73,cn4408,vertex_count_allgather,communication,2.016071088,1,0,0,0,0,0,0,33,0,0,0,0,0,0,3,1,1,4,1024
73,cn4408,element_count_allgather,communication,0.007959296,1,0,0,0,0,0,0,0,0,0,0,0,0,0,0,1,1,4,1024
73,cn4408,vertex_exchange_prepare,compute,1.78009999985e-05,1,0,0,0,0,0,0,0,0,0,0,0,0,0,0,0,0,0,0
73,cn4408,vertex_exchange,communication,0.020044902,1,0,0,0,0,0,0,38,0,0,0,0,0,0,0,6,5,53482,78716
73,cn4408,vertex_exchange_unpack,compute,0.001060293,1,0,0,0,0,0,0,0,0,0,0,0,0,0,0,0,0,0,0
73,cn4408,partition_result_io,io,0,0,0,0,0,0,0,0,0,0,0,0,0,0,0,0,0,0,0,0
73,cn4408,volume_exchange_pack,compute,0.072672878,2,0,0,0,0,0,0,1,0,0,0,0,0,0,1,0,0,0,0
73,cn4408,volume_size_exchange,communication,0.019309214,1,0,0,0,0,0,0,0,0,0,0,0,0,0,0,7,7,28,28
73,cn4408,volume_payload_prepare,compute,0.000103801000002,1,0,0,0,0,0,0,0,0,0,0,0,0,0,0,0,0,0,0
73,cn4408,volume_payload_exchange,communication,0.047424333,1,0,0,0,0,0,0,28,0,0,0,0,0,0,0,7,7,1395240,1398360
73,cn4408,volume_exchange_unpack,compute,0.049396637,1,0,0,0,0,0,0,50,0,0,0,0,0,0,0,0,0,0,0
73,cn4408,final_mesh_save,io,0,0,0,0,0,0,0,0,0,0,0,0,0,0,0,0,0,0,0,0
73,cn4408,testout_io,io,0,0,0,0,0,0,0,0,0,0,0,0,0,0,0,0,0,0,0,0
73,cn4408,final_count_exchange,communication,0,0,0,0,0,0,0,0,0,0,0,0,0,0,0,0,0,0,0,0
73,cn4408,quality_evaluation,postprocess,0,0,0,0,0,0,0,0,0,0,0,0,0,0,0,0,0,0,0,0
74,cn4409,geometry_load,io,1.726675242,1,0,0,0,0,0,0,6403,0,1035092,0,0,0,2,2,0,0,0,0
74,cn4409,coarse_local_size,setup,0.446822254,1,0,0,0,0,0,0,7465,0,0,0,0,0,112,20,0,0,0,0
74,cn4409,coarse_edge_mesh,setup,0.012587548,1,0,0,0,0,0,0,524,0,0,0,0,0,0,0,0,0,0,0
74,cn4409,coarse_surface_mesh,setup,8.124685137,1,0,0,0,0,0,0,8366,0,0,0,0,0,0,11,0,0,0,0
74,cn4409,coarse_volume_mesh,setup,13.197922346,1,0,0,0,0,0,0,24290,0,0,0,0,0,35309,1492981,0,0,0,0
74,cn4409,coarse_mesh_save,io,0,0,0,0,0,0,0,0,0,0,0,0,0,0,0,0,0,0,0,0
74,cn4409,submesh_initialization,setup,0.000120101999997,1,0,0,0,0,0,0,1,0,0,0,0,0,0,0,0,0,0,0
74,cn4409,metis_partition,compute,0.360451274,1,0,0,0,0,0,0,54,0,0,0,0,0,0,0,0,0,0,0
74,cn4409,face_map_setup,compute,0.006820411,1,0,0,0,0,0,0,3,0,0,0,0,0,0,0,0,0,0,0
74,cn4409,face_local_extract,compute,0.151721355,1,0,0,0,0,0,0,24,0,0,0,0,0,0,0,0,0,0,0
74,cn4409,face_pre_collective_wait,synchronization,0.093993661,1,0,0,0,0,0,0,1,0,0,0,0,0,0,0,0,0,0,0
74,cn4409,face_collective_setup,compute,0.000108100999995,1,0,0,0,0,0,0,12,0,0,0,0,0,0,0,0,0,0,0
74,cn4409,face_allgatherv,communication,0.120271613,1,0,0,0,0,0,0,43,0,0,0,0,0,0,0,1,1,18952,4859624
74,cn4409,face_global_merge,compute,0.073329104,1,0,0,0,0,0,0,0,0,0,0,0,0,0,0,0,0,0,0
74,cn4409,part_face_create,compute,0.018341326,1,0,0,0,0,0,0,3,0,0,0,0,0,0,0,0,0,0,0
74,cn4409,surface_refine,compute,0.005478433,1,0,0,0,0,0,0,1,0,0,0,0,0,0,0,0,0,0,0
74,cn4409,refined_surface_save,io,0,0,0,0,0,0,0,0,0,0,0,0,0,0,0,0,0,0,0,0
74,cn4409,local_volume_mesh,compute,6.108183781,1,0,0,0,0,0,0,540,0,0,0,0,0,7912,350582,0,0,0,0
74,cn4409,volume_refine,compute,0.198454841,1,0,0,0,0,0,0,4618,0,0,0,0,0,0,0,0,0,0,0
74,cn4409,refined_volume_save,io,0,0,0,0,0,0,0,0,0,0,0,0,0,0,0,0,0,0,0,0
74,cn4409,adjacency_build,compute,0.00450286,1,0,0,0,0,0,0,0,0,0,0,0,0,0,0,0,0,0,0
74,cn4409,vertex_numbering_local,compute,0.004284577,1,0,0,0,0,0,0,1,0,0,0,0,0,0,0,0,0,0,0
74,cn4409,vertex_count_allgather,communication,2.369465478,1,0,0,0,0,0,0,101,0,0,0,0,0,0,2,1,1,4,1024
74,cn4409,element_count_allgather,communication,0.00792660600001,1,0,0,0,0,0,0,1,0,0,0,0,0,0,0,1,1,4,1024
74,cn4409,vertex_exchange_prepare,compute,1.83200000023e-05,1,0,0,0,0,0,0,4,0,0,0,0,0,0,0,0,0,0,0
74,cn4409,vertex_exchange,communication,0.010315519,1,0,0,0,0,0,0,247,0,0,0,0,0,0,0,3,2,59136,374
74,cn4409,vertex_exchange_unpack,compute,2.23199999994e-05,1,0,0,0,0,0,0,3,0,0,0,0,0,0,0,0,0,0,0
74,cn4409,partition_result_io,io,0,0,0,0,0,0,0,0,0,0,0,0,0,0,0,0,0,0,0,0
74,cn4409,volume_exchange_pack,compute,0.059613879,2,0,0,0,0,0,0,742,0,0,0,0,0,0,0,0,0,0,0
74,cn4409,volume_size_exchange,communication,0.025539022,1,0,0,0,0,0,0,1,0,0,0,0,0,0,0,2,2,8,8
74,cn4409,volume_payload_prepare,compute,4.77610000047e-05,1,0,0,0,0,0,0,0,0,0,0,0,0,0,0,0,0,0,0
74,cn4409,volume_payload_exchange,communication,0.064467325,1,0,0,0,0,0,0,13,0,0,0,0,0,0,0,2,2,616680,615840
74,cn4409,volume_exchange_unpack,compute,0.039213966,1,0,0,0,0,0,0,860,0,0,0,0,0,0,0,0,0,0,0
74,cn4409,final_mesh_save,io,0,0,0,0,0,0,0,0,0,0,0,0,0,0,0,0,0,0,0,0
74,cn4409,testout_io,io,0,0,0,0,0,0,0,0,0,0,0,0,0,0,0,0,0,0,0,0
74,cn4409,final_count_exchange,communication,0,0,0,0,0,0,0,0,0,0,0,0,0,0,0,0,0,0,0,0
74,cn4409,quality_evaluation,postprocess,0,0,0,0,0,0,0,0,0,0,0,0,0,0,0,0,0,0,0,0
75,cn4410,geometry_load,io,1.728057864,1,0,0,0,0,0,0,6357,0,1035092,0,0,0,2,2,0,0,0,0
75,cn4410,coarse_local_size,setup,0.45263894,1,0,0,0,0,0,0,7670,0,0,0,0,0,86,22,0,0,0,0
75,cn4410,coarse_edge_mesh,setup,0.012708709,1,0,0,0,0,0,0,579,0,0,0,0,0,0,0,0,0,0,0
75,cn4410,coarse_surface_mesh,setup,8.141749787,1,0,0,0,0,0,0,9543,0,0,0,0,0,0,9,0,0,0,0
75,cn4410,coarse_volume_mesh,setup,13.28179823,1,0,0,0,0,0,0,22366,0,0,0,0,0,36032,1545054,0,0,0,0
75,cn4410,coarse_mesh_save,io,0,0,0,0,0,0,0,0,0,0,0,0,0,0,0,0,0,0,0,0
75,cn4410,submesh_initialization,setup,0.000114182000004,1,0,0,0,0,0,0,1,0,0,0,0,0,0,0,0,0,0,0
75,cn4410,metis_partition,compute,0.367466987,1,0,0,0,0,0,0,281,0,0,0,0,0,0,1,0,0,0,0
75,cn4410,face_map_setup,compute,0.007331857,1,0,0,0,0,0,0,446,0,0,0,0,0,0,0,0,0,0,0
75,cn4410,face_local_extract,compute,0.150852406,1,0,0,0,0,0,0,620,0,0,0,0,0,0,0,0,0,0,0
75,cn4410,face_pre_collective_wait,synchronization,0.087386922,1,0,0,0,0,0,0,1,0,0,0,0,0,0,0,0,0,0,0
75,cn4410,face_collective_setup,compute,0.000108422000004,1,0,0,0,0,0,0,12,0,0,0,0,0,0,0,0,0,0,0
75,cn4410,face_allgatherv,communication,0.120249599,1,0,0,0,0,0,0,820,0,0,0,0,0,0,0,1,1,18952,4859624
75,cn4410,face_global_merge,compute,0.0752295,1,0,0,0,0,0,0,118,0,0,0,0,0,0,0,0,0,0,0
75,cn4410,part_face_create,compute,0.018611487,1,0,0,0,0,0,0,3,0,0,0,0,0,0,0,0,0,0,0
75,cn4410,surface_refine,compute,0.005773317,1,0,0,0,0,0,0,2,0,0,0,0,0,0,0,0,0,0,0
75,cn4410,refined_surface_save,io,0,0,0,0,0,0,0,0,0,0,0,0,0,0,0,0,0,0,0,0
75,cn4410,local_volume_mesh,compute,6.25404884,1,0,0,0,0,0,0,640,0,0,0,0,0,13444,487251,0,0,0,0
75,cn4410,volume_refine,compute,0.20151056,1,0,0,0,0,0,0,4491,0,0,0,0,0,0,0,0,0,0,0
75,cn4410,refined_volume_save,io,0,0,0,0,0,0,0,0,0,0,0,0,0,0,0,0,0,0,0,0
75,cn4410,adjacency_build,compute,0.004442899,1,0,0,0,0,0,0,0,0,0,0,0,0,0,0,0,0,0,0
75,cn4410,vertex_numbering_local,compute,0.006267984,1,0,0,0,0,0,0,67,0,0,0,0,0,0,0,0,0,0,0
75,cn4410,vertex_count_allgather,communication,2.215695349,1,0,0,0,0,0,0,66,0,0,0,0,0,0,3,1,1,4,1024
75,cn4410,element_count_allgather,communication,0.007928726,1,0,0,0,0,0,0,0,0,0,0,0,0,0,0,1,1,4,1024
75,cn4410,vertex_exchange_prepare,compute,7.09010000008e-05,1,0,0,0,0,0,0,30,0,0,0,0,0,0,0,0,0,0,0
75,cn4410,vertex_exchange,communication,0.019622501,1,0,0,0,0,0,0,43,0,0,0,0,0,0,0,2,3,11968,114246
75,cn4410,vertex_exchange_unpack,compute,0.00154914100001,1,0,0,0,0,0,0,0,0,0,0,0,0,0,0,0,0,0,0
75,cn4410,partition_result_io,io,0,0,0,0,0,0,0,0,0,0,0,0,0,0,0,0,0,0,0,0
75,cn4410,volume_exchange_pack,compute,0.074170407,2,0,0,0,0,0,0,714,0,0,0,0,0,0,0,0,0,0,0
75,cn4410,volume_size_exchange,communication,0.013970506,1,0,0,0,0,0,0,1,0,0,0,0,0,0,0,4,4,16,16
75,cn4410,volume_payload_prepare,compute,9.62810000047e-05,1,0,0,0,0,0,0,0,0,0,0,0,0,0,0,0,0,0,0
75,cn4410,volume_payload_exchange,communication,0.050945558,1,0,0,0,0,0,0,11,0,0,0,0,0,0,0,4,4,1338000,1333680
75,cn4410,volume_exchange_unpack,compute,0.051545786,1,0,0,0,0,0,0,1082,0,0,0,0,0,0,0,0,0,0,0
75,cn4410,final_mesh_save,io,0,0,0,0,0,0,0,0,0,0,0,0,0,0,0,0,0,0,0,0
75,cn4410,testout_io,io,0,0,0,0,0,0,0,0,0,0,0,0,0,0,0,0,0,0,0,0
75,cn4410,final_count_exchange,communication,0,0,0,0,0,0,0,0,0,0,0,0,0,0,0,0,0,0,0,0
75,cn4410,quality_evaluation,postprocess,0,0,0,0,0,0,0,0,0,0,0,0,0,0,0,0,0,0,0,0
76,cn4411,geometry_load,io,1.768222024,1,0,0,0,0,0,0,6442,0,1035092,0,0,0,2,1,0,0,0,0
76,cn4411,coarse_local_size,setup,0.454195533,1,0,0,0,0,0,0,7476,0,0,0,0,0,84,22,0,0,0,0
76,cn4411,coarse_edge_mesh,setup,0.012631963,1,0,0,0,0,0,0,567,0,0,0,0,0,0,0,0,0,0,0
76,cn4411,coarse_surface_mesh,setup,8.199638273,1,0,0,0,0,0,0,10942,0,0,0,0,0,0,8,0,0,0,0
76,cn4411,coarse_volume_mesh,setup,13.344277023,1,0,0,0,0,0,0,32162,0,0,0,0,0,37917,1564759,0,0,0,0
76,cn4411,coarse_mesh_save,io,0,0,0,0,0,0,0,0,0,0,0,0,0,0,0,0,0,0,0,0
76,cn4411,submesh_initialization,setup,0.000127941999999,1,0,0,0,0,0,0,3,0,0,0,0,0,0,0,0,0,0,0
76,cn4411,metis_partition,compute,0.373747456,1,0,0,0,0,0,0,680,0,0,0,0,0,0,1,0,0,0,0
76,cn4411,face_map_setup,compute,0.007431496,1,0,0,0,0,0,0,230,0,0,0,0,0,0,0,0,0,0,0
76,cn4411,face_local_extract,compute,0.155247,1,0,0,0,0,0,0,641,0,0,0,0,0,0,0,0,0,0,0
76,cn4411,face_pre_collective_wait,synchronization,0.076600967,1,0,0,0,0,0,0,2,0,0,0,0,0,0,0,0,0,0,0
76,cn4411,face_collective_setup,compute,0.000103541000001,1,0,0,0,0,0,0,15,0,0,0,0,0,0,0,0,0,0,0
76,cn4411,face_allgatherv,communication,0.12025511,1,0,0,0,0,0,0,831,0,0,0,0,0,0,0,1,1,18952,4859624
76,cn4411,face_global_merge,compute,0.077884724,1,0,0,0,0,0,0,344,0,0,0,0,0,0,0,0,0,0,0
76,cn4411,part_face_create,compute,0.01941651,1,0,0,0,0,0,0,3,0,0,0,0,0,0,0,0,0,0,0
76,cn4411,surface_refine,compute,0.005874876,1,0,0,0,0,0,0,5,0,0,0,0,0,0,0,0,0,0,0
76,cn4411,refined_surface_save,io,0,0,0,0,0,0,0,0,0,0,0,0,0,0,0,0,0,0,0,0
76,cn4411,local_volume_mesh,compute,6.792109177,1,0,0,0,0,0,0,2074,0,0,0,0,0,17092,540695,0,0,0,0
76,cn4411,volume_refine,compute,0.191162623,1,0,0,0,0,0,0,6123,0,0,0,0,0,0,0,0,0,0,0
76,cn4411,refined_volume_save,io,0,0,0,0,0,0,0,0,0,0,0,0,0,0,0,0,0,0,0,0
76,cn4411,adjacency_build,compute,0.004844223,1,0,0,0,0,0,0,11,0,0,0,0,0,0,0,0,0,0,0
76,cn4411,vertex_numbering_local,compute,0.00698127,1,0,0,0,0,0,0,2,0,0,0,0,0,0,0,0,0,0,0
76,cn4411,vertex_count_allgather,communication,1.683162488,1,0,0,0,0,0,0,56,0,0,0,0,0,0,2,1,1,4,1024
76,cn4411,element_count_allgather,communication,0.00777656,1,0,0,0,0,0,0,0,0,0,0,0,0,0,0,1,1,4,1024
76,cn4411,vertex_exchange_prepare,compute,1.83209999989e-05,1,0,0,0,0,0,0,0,0,0,0,0,0,0,0,0,0,0,0
76,cn4411,vertex_exchange,communication,0.021256554,1,0,0,0,0,0,0,303,0,0,0,0,0,0,0,6,4,121022,34144
76,cn4411,vertex_exchange_unpack,compute,0.000528707000001,1,0,0,0,0,0,0,0,0,0,0,0,0,0,0,0,0,0,0
76,cn4411,partition_result_io,io,0,0,0,0,0,0,0,0,0,0,0,0,0,0,0,0,0,0,0,0
76,cn4411,volume_exchange_pack,compute,0.080829401,2,0,0,0,0,0,0,2,0,0,0,0,0,0,0,0,0,0,0
76,cn4411,volume_size_exchange,communication,0.010493976,1,0,0,0,0,0,0,3,0,0,0,0,0,0,0,6,6,24,24
76,cn4411,volume_payload_prepare,compute,0.000121381,1,0,0,0,0,0,0,0,0,0,0,0,0,0,0,0,0,0,0
76,cn4411,volume_payload_exchange,communication,0.04740411,1,0,0,0,0,0,0,21,0,0,0,0,0,0,0,6,6,1651080,1638120
76,cn4411,volume_exchange_unpack,compute,0.05669517,1,0,0,0,0,0,0,0,0,0,0,0,0,0,0,0,0,0,0
76,cn4411,final_mesh_save,io,0,0,0,0,0,0,0,0,0,0,0,0,0,0,0,0,0,0,0,0
76,cn4411,testout_io,io,0,0,0,0,0,0,0,0,0,0,0,0,0,0,0,0,0,0,0,0
76,cn4411,final_count_exchange,communication,0,0,0,0,0,0,0,0,0,0,0,0,0,0,0,0,0,0,0,0
76,cn4411,quality_evaluation,postprocess,0,0,0,0,0,0,0,0,0,0,0,0,0,0,0,0,0,0,0,0
77,cn4412,geometry_load,io,1.71888765,1,0,0,0,0,0,0,6471,0,1035092,0,0,0,2,4,0,0,0,0
77,cn4412,coarse_local_size,setup,0.453629574,1,0,0,0,0,0,0,7549,0,0,0,0,0,113,21,0,0,0,0
77,cn4412,coarse_edge_mesh,setup,0.012605696,1,0,0,0,0,0,0,578,0,0,0,0,0,0,0,0,0,0,0
77,cn4412,coarse_surface_mesh,setup,8.160075352,1,0,0,0,0,0,0,10798,0,0,0,0,0,0,10,0,0,0,0
77,cn4412,coarse_volume_mesh,setup,13.484273235,1,0,0,0,0,0,0,31749,0,0,0,0,0,38964,1600883,0,0,0,0
77,cn4412,coarse_mesh_save,io,0,0,0,0,0,0,0,0,0,0,0,0,0,0,0,0,0,0,0,0
77,cn4412,submesh_initialization,setup,0.000124860999996,1,0,0,0,0,0,0,3,0,0,0,0,0,0,0,0,0,0,0
77,cn4412,metis_partition,compute,0.375319512,1,0,0,0,0,0,0,752,0,0,0,0,0,0,1,0,0,0,0
77,cn4412,face_map_setup,compute,0.007336359,1,0,0,0,0,0,0,224,0,0,0,0,0,0,0,0,0,0,0
77,cn4412,face_local_extract,compute,0.159266771,1,0,0,0,0,0,0,574,0,0,0,0,0,0,0,0,0,0,0
77,cn4412,face_pre_collective_wait,synchronization,0.071156205,1,0,0,0,0,0,0,2,0,0,0,0,0,0,0,0,0,0,0
77,cn4412,face_collective_setup,compute,0.000112680999997,1,0,0,0,0,0,0,16,0,0,0,0,0,0,0,0,0,0,0
77,cn4412,face_allgatherv,communication,0.120193472,1,0,0,0,0,0,0,683,0,0,0,0,0,0,0,1,1,18952,4859624
77,cn4412,face_global_merge,compute,0.078242161,1,0,0,0,0,0,0,408,0,0,0,0,0,0,0,0,0,0,0
77,cn4412,part_face_create,compute,0.019720592,1,0,0,0,0,0,0,3,0,0,0,0,0,0,0,0,0,0,0
77,cn4412,surface_refine,compute,0.006705872,1,0,0,0,0,0,0,27,0,0,0,0,0,0,0,0,0,0,0
77,cn4412,refined_surface_save,io,0,0,0,0,0,0,0,0,0,0,0,0,0,0,0,0,0,0,0,0
77,cn4412,local_volume_mesh,compute,6.841365063,1,0,0,0,0,0,0,2426,0,0,0,0,0,7613,159287,0,0,0,0
77,cn4412,volume_refine,compute,0.236660942,1,0,0,0,0,0,0,4795,0,0,0,0,0,0,0,0,0,0,0
77,cn4412,refined_volume_save,io,0,0,0,0,0,0,0,0,0,0,0,0,0,0,0,0,0,0,0,0
77,cn4412,adjacency_build,compute,0.005085695,1,0,0,0,0,0,0,9,0,0,0,0,0,0,0,0,0,0,0
77,cn4412,vertex_numbering_local,compute,0.00837231,1,0,0,0,0,0,0,3,0,0,0,0,0,0,0,0,0,0,0
77,cn4412,vertex_count_allgather,communication,1.585379994,1,0,0,0,0,0,0,56,0,0,0,0,0,0,2,1,1,4,1024
77,cn4412,element_count_allgather,communication,0.007929025,1,0,0,0,0,0,0,0,0,0,0,0,0,0,0,1,1,4,1024
77,cn4412,vertex_exchange_prepare,compute,2.72999999993e-05,1,0,0,0,0,0,0,0,0,0,0,0,0,0,0,0,0,0,0
77,cn4412,vertex_exchange,communication,0.011675045,1,0,0,0,0,0,0,46,0,0,0,0,0,0,0,5,8,29656,155936
77,cn4412,vertex_exchange_unpack,compute,0.002211124,1,0,0,0,0,0,0,0,0,0,0,0,0,0,0,0,0,0,0
77,cn4412,partition_result_io,io,0,0,0,0,0,0,0,0,0,0,0,0,0,0,0,0,0,0,0,0
77,cn4412,volume_exchange_pack,compute,0.099005344,2,0,0,0,0,0,0,2,0,0,0,0,0,0,0,0,0,0,0
77,cn4412,volume_size_exchange,communication,0.046057155,1,0,0,0,0,0,0,50,0,0,0,0,0,0,0,8,8,32,32
77,cn4412,volume_payload_prepare,compute,0.000278043000002,1,0,0,0,0,0,0,68,0,0,0,0,0,0,0,0,0,0,0
77,cn4412,volume_payload_exchange,communication,0.001701478,1,0,0,0,0,0,0,152,0,0,0,0,0,0,0,8,8,1992000,1992240
77,cn4412,volume_exchange_unpack,compute,0.077571133,1,0,0,0,0,0,0,2675,0,0,0,0,0,0,0,0,0,0,0
77,cn4412,final_mesh_save,io,0,0,0,0,0,0,0,0,0,0,0,0,0,0,0,0,0,0,0,0
77,cn4412,testout_io,io,0,0,0,0,0,0,0,0,0,0,0,0,0,0,0,0,0,0,0,0
77,cn4412,final_count_exchange,communication,0,0,0,0,0,0,0,0,0,0,0,0,0,0,0,0,0,0,0,0
77,cn4412,quality_evaluation,postprocess,0,0,0,0,0,0,0,0,0,0,0,0,0,0,0,0,0,0,0,0
78,cn4413,geometry_load,io,1.737466553,1,0,0,0,0,0,0,6315,0,1035092,0,0,0,2,2,0,0,0,0
78,cn4413,coarse_local_size,setup,0.464846026,1,0,0,0,0,0,0,7587,0,0,0,0,0,108,21,0,0,0,0
78,cn4413,coarse_edge_mesh,setup,0.012493075,1,0,0,0,0,0,0,524,0,0,0,0,0,0,0,0,0,0,0
78,cn4413,coarse_surface_mesh,setup,8.216554448,1,0,0,0,0,0,0,11077,0,0,0,0,0,0,10,0,0,0,0
78,cn4413,coarse_volume_mesh,setup,13.318615898,1,0,0,0,0,0,0,27832,0,0,0,0,0,40021,1514075,0,0,0,0
78,cn4413,coarse_mesh_save,io,0,0,0,0,0,0,0,0,0,0,0,0,0,0,0,0,0,0,0,0
78,cn4413,submesh_initialization,setup,0.000123282000004,1,0,0,0,0,0,0,1,0,0,0,0,0,0,0,0,0,0,0
78,cn4413,metis_partition,compute,0.361414864,1,0,0,0,0,0,0,264,0,0,0,0,0,0,0,0,0,0,0
78,cn4413,face_map_setup,compute,0.007122612,1,0,0,0,0,0,0,172,0,0,0,0,0,0,0,0,0,0,0
78,cn4413,face_local_extract,compute,0.157911715,1,0,0,0,0,0,0,650,0,0,0,0,0,0,0,0,0,0,0
78,cn4413,face_pre_collective_wait,synchronization,0.086586897,1,0,0,0,0,0,0,2,0,0,0,0,0,0,1,0,0,0,0
78,cn4413,face_collective_setup,compute,0.000115242000007,1,0,0,0,0,0,0,16,0,0,0,0,0,0,0,0,0,0,0
78,cn4413,face_allgatherv,communication,0.120166663,1,0,0,0,0,0,0,704,0,0,0,0,0,0,0,1,1,18952,4859624
78,cn4413,face_global_merge,compute,0.075308321,1,0,0,0,0,0,0,236,0,0,0,0,0,0,0,0,0,0,0
78,cn4413,part_face_create,compute,0.018852196,1,0,0,0,0,0,0,3,0,0,0,0,0,0,0,0,0,0,0
78,cn4413,surface_refine,compute,0.006187417,1,0,0,0,0,0,0,38,0,0,0,0,0,0,0,0,0,0,0
78,cn4413,refined_surface_save,io,0,0,0,0,0,0,0,0,0,0,0,0,0,0,0,0,0,0,0,0
78,cn4413,local_volume_mesh,compute,6.378266774,1,0,0,0,0,0,0,746,0,0,0,0,0,16321,526322,0,0,0,0
78,cn4413,volume_refine,compute,0.215807923,1,0,0,0,0,0,0,3852,0,0,0,0,0,0,0,0,0,0,0
78,cn4413,refined_volume_save,io,0,0,0,0,0,0,0,0,0,0,0,0,0,0,0,0,0,0,0,0
78,cn4413,adjacency_build,compute,0.00464047299999,1,0,0,0,0,0,0,0,0,0,0,0,0,0,0,0,0,0,0
78,cn4413,vertex_numbering_local,compute,0.006271039,1,0,0,0,0,0,0,2,0,0,0,0,0,0,0,0,0,0,0
78,cn4413,vertex_count_allgather,communication,2.076472887,1,0,0,0,0,0,0,44,0,0,0,0,0,0,3,1,1,4,1024
78,cn4413,element_count_allgather,communication,0.007903424,1,0,0,0,0,0,0,1,0,0,0,0,0,0,0,1,1,4,1024
78,cn4413,vertex_exchange_prepare,compute,1.74609999988e-05,1,0,0,0,0,0,0,0,0,0,0,0,0,0,0,0,0,0,0
78,cn4413,vertex_exchange,communication,0.021191452,1,0,0,0,0,0,0,296,0,0,0,0,0,0,0,1,4,23936,96646
78,cn4413,vertex_exchange_unpack,compute,0.001294281,1,0,0,0,0,0,0,0,0,0,0,0,0,0,0,0,0,0,0
78,cn4413,partition_result_io,io,0,0,0,0,0,0,0,0,0,0,0,0,0,0,0,0,0,0,0,0
78,cn4413,volume_exchange_pack,compute,0.079291803,2,0,0,0,0,0,0,1,0,0,0,0,0,0,0,0,0,0,0
78,cn4413,volume_size_exchange,communication,0.00833587,1,0,0,0,0,0,0,1,0,0,0,0,0,0,0,5,5,20,20
78,cn4413,volume_payload_prepare,compute,9.19410000009e-05,1,0,0,0,0,0,0,0,0,0,0,0,0,0,0,0,0,0,0
78,cn4413,volume_payload_exchange,communication,0.004030963,1,0,0,0,0,0,0,27,0,0,0,0,0,0,0,5,5,1270320,1269000
78,cn4413,volume_exchange_unpack,compute,0.05103366,1,0,0,0,0,0,0,412,0,0,0,0,0,0,0,0,0,0,0
78,cn4413,final_mesh_save,io,0,0,0,0,0,0,0,0,0,0,0,0,0,0,0,0,0,0,0,0
78,cn4413,testout_io,io,0,0,0,0,0,0,0,0,0,0,0,0,0,0,0,0,0,0,0,0
78,cn4413,final_count_exchange,communication,0,0,0,0,0,0,0,0,0,0,0,0,0,0,0,0,0,0,0,0
78,cn4413,quality_evaluation,postprocess,0,0,0,0,0,0,0,0,0,0,0,0,0,0,0,0,0,0,0,0
79,cn4414,geometry_load,io,1.729866623,1,0,0,0,0,0,0,6318,0,1035092,0,0,0,2,4,0,0,0,0
79,cn4414,coarse_local_size,setup,0.452546438,1,0,0,0,0,0,0,7661,0,0,0,0,0,102,20,0,0,0,0
79,cn4414,coarse_edge_mesh,setup,0.01268353,1,0,0,0,0,0,0,567,0,0,0,0,0,0,0,0,0,0,0
79,cn4414,coarse_surface_mesh,setup,8.122123332,1,0,0,0,0,0,0,9215,0,0,0,0,0,0,10,0,0,0,0
79,cn4414,coarse_volume_mesh,setup,13.333732641,1,0,0,0,0,0,0,22253,0,0,0,0,0,37012,1571646,0,0,0,0
79,cn4414,coarse_mesh_save,io,0,0,0,0,0,0,0,0,0,0,0,0,0,0,0,0,0,0,0,0
79,cn4414,submesh_initialization,setup,0.000114981000003,1,0,0,0,0,0,0,1,0,0,0,0,0,0,0,0,0,0,0
79,cn4414,metis_partition,compute,0.363713067,1,0,0,0,0,0,0,286,0,0,0,0,0,0,1,0,0,0,0
79,cn4414,face_map_setup,compute,0.006727279,1,0,0,0,0,0,0,3,0,0,0,0,0,0,0,0,0,0,0
79,cn4414,face_local_extract,compute,0.156346231,1,0,0,0,0,0,0,632,0,0,0,0,0,0,0,0,0,0,0
79,cn4414,face_pre_collective_wait,synchronization,0.086310362,1,0,0,0,0,0,0,1,0,0,0,0,0,0,0,0,0,0,0
79,cn4414,face_collective_setup,compute,0.000107482000004,1,0,0,0,0,0,0,13,0,0,0,0,0,0,0,0,0,0,0
79,cn4414,face_allgatherv,communication,0.120160503,1,0,0,0,0,0,0,1149,0,0,0,0,0,0,0,1,1,18952,4859624
79,cn4414,face_global_merge,compute,0.074020256,1,0,0,0,0,0,0,115,0,0,0,0,0,0,0,0,0,0,0
79,cn4414,part_face_create,compute,0.01858888,1,0,0,0,0,0,0,3,0,0,0,0,0,0,0,0,0,0,0
79,cn4414,surface_refine,compute,0.006516598,1,0,0,0,0,0,0,40,0,0,0,0,0,0,0,0,0,0,0
79,cn4414,refined_surface_save,io,0,0,0,0,0,0,0,0,0,0,0,0,0,0,0,0,0,0,0,0
79,cn4414,local_volume_mesh,compute,7.318703239,1,0,0,0,0,0,0,605,0,0,0,0,0,12182,501759,0,0,0,0
79,cn4414,volume_refine,compute,0.313784715,1,0,0,0,0,0,0,4194,0,0,0,0,0,0,1,0,0,0,0
79,cn4414,refined_volume_save,io,0,0,0,0,0,0,0,0,0,0,0,0,0,0,0,0,0,0,0,0
79,cn4414,adjacency_build,compute,0.004495233,1,0,0,0,0,0,0,0,0,0,0,0,0,0,0,0,0,0,0
79,cn4414,vertex_numbering_local,compute,0.005868609,1,0,0,0,0,0,0,2,0,0,0,0,0,0,0,0,0,0,0
79,cn4414,vertex_count_allgather,communication,1.039871453,1,0,0,0,0,0,0,31,0,0,0,0,0,0,1,1,1,4,1024
79,cn4414,element_count_allgather,communication,0.007936474,1,0,0,0,0,0,0,0,0,0,0,0,0,0,0,1,1,4,1024
79,cn4414,vertex_exchange_prepare,compute,1.59209999993e-05,1,0,0,0,0,0,0,0,0,0,0,0,0,0,0,0,0,0,0
79,cn4414,vertex_exchange,communication,0.019562951,1,0,0,0,0,0,0,542,0,0,0,0,0,0,0,3,4,30888,44946
79,cn4414,vertex_exchange_unpack,compute,0.000635367000001,1,0,0,0,0,0,0,0,0,0,0,0,0,0,0,0,0,0,0
79,cn4414,partition_result_io,io,0,0,0,0,0,0,0,0,0,0,0,0,0,0,0,0,0,0,0,0
79,cn4414,volume_exchange_pack,compute,0.083145604,2,0,0,0,0,0,0,1,0,0,0,0,0,0,0,0,0,0,0
79,cn4414,volume_size_exchange,communication,0.00943815199999,1,0,0,0,0,0,0,4,0,0,0,0,0,0,0,5,5,20,20
79,cn4414,volume_payload_prepare,compute,5.70609999997e-05,1,0,0,0,0,0,0,0,0,0,0,0,0,0,0,0,0,0,0
79,cn4414,volume_payload_exchange,communication,0.047468162,1,0,0,0,0,0,0,11,0,0,0,0,0,0,0,5,5,768000,774000
79,cn4414,volume_exchange_unpack,compute,0.058478512,1,0,0,0,0,0,0,1096,0,0,0,0,0,0,0,0,0,0,0
79,cn4414,final_mesh_save,io,0,0,0,0,0,0,0,0,0,0,0,0,0,0,0,0,0,0,0,0
79,cn4414,testout_io,io,0,0,0,0,0,0,0,0,0,0,0,0,0,0,0,0,0,0,0,0
79,cn4414,final_count_exchange,communication,0,0,0,0,0,0,0,0,0,0,0,0,0,0,0,0,0,0,0,0
79,cn4414,quality_evaluation,postprocess,0,0,0,0,0,0,0,0,0,0,0,0,0,0,0,0,0,0,0,0
80,cn4415,geometry_load,io,1.717021534,1,0,0,0,0,0,0,6469,0,1035092,0,0,0,2,2,0,0,0,0
80,cn4415,coarse_local_size,setup,0.447734149,1,0,0,0,0,0,0,7566,0,0,0,0,0,79,20,0,0,0,0
80,cn4415,coarse_edge_mesh,setup,0.012723872,1,0,0,0,0,0,0,569,0,0,0,0,0,0,0,0,0,0,0
80,cn4415,coarse_surface_mesh,setup,8.165182535,1,0,0,0,0,0,0,10669,0,0,0,0,0,0,10,0,0,0,0
80,cn4415,coarse_volume_mesh,setup,13.350887871,1,0,0,0,0,0,0,30727,0,0,0,0,0,39728,1641474,0,0,0,0
80,cn4415,coarse_mesh_save,io,0,0,0,0,0,0,0,0,0,0,0,0,0,0,0,0,0,0,0,0
80,cn4415,submesh_initialization,setup,0.000125320999999,1,0,0,0,0,0,0,1,0,0,0,0,0,0,0,0,0,0,0
80,cn4415,metis_partition,compute,0.379385695,1,0,0,0,0,0,0,722,0,0,0,0,0,0,1,0,0,0,0
80,cn4415,face_map_setup,compute,0.007272247,1,0,0,0,0,0,0,236,0,0,0,0,0,0,0,0,0,0,0
80,cn4415,face_local_extract,compute,0.156098697,1,0,0,0,0,0,0,636,0,0,0,0,0,0,0,0,0,0,0
80,cn4415,face_pre_collective_wait,synchronization,0.070267876,1,0,0,0,0,0,0,2,0,0,0,0,0,0,0,0,0,0,0
80,cn4415,face_collective_setup,compute,0.000116261000002,1,0,0,0,0,0,0,16,0,0,0,0,0,0,0,0,0,0,0
80,cn4415,face_allgatherv,communication,0.12015353,1,0,0,0,0,0,0,1152,0,0,0,0,0,0,0,1,1,18952,4859624
80,cn4415,face_global_merge,compute,0.079246503,1,0,0,0,0,0,0,396,0,0,0,0,0,0,0,0,0,0,0
80,cn4415,part_face_create,compute,0.019510792,1,0,0,0,0,0,0,3,0,0,0,0,0,0,0,0,0,0,0
80,cn4415,surface_refine,compute,0.006311255,1,0,0,0,0,0,0,39,0,0,0,0,0,0,0,0,0,0,0
80,cn4415,refined_surface_save,io,0,0,0,0,0,0,0,0,0,0,0,0,0,0,0,0,0,0,0,0
80,cn4415,local_volume_mesh,compute,6.168083407,1,0,0,0,0,0,0,2229,0,0,0,0,0,15863,455268,0,0,0,0
80,cn4415,volume_refine,compute,0.203161258,1,0,0,0,0,0,0,5326,0,0,0,0,0,0,0,0,0,0,0
80,cn4415,refined_volume_save,io,0,0,0,0,0,0,0,0,0,0,0,0,0,0,0,0,0,0,0,0
80,cn4415,adjacency_build,compute,0.004964519,1,0,0,0,0,0,0,16,0,0,0,0,0,0,0,0,0,0,0
80,cn4415,vertex_numbering_local,compute,0.007212046,1,0,0,0,0,0,0,100,0,0,0,0,0,0,0,0,0,0,0
80,cn4415,vertex_count_allgather,communication,2.293188771,1,0,0,0,0,0,0,54,0,0,0,0,0,0,3,1,1,4,1024
80,cn4415,element_count_allgather,communication,0.007947295,1,0,0,0,0,0,0,0,0,0,0,0,0,0,0,1,1,4,1024
80,cn4415,vertex_exchange_prepare,compute,1.3040000006e-05,1,0,0,0,0,0,0,0,0,0,0,0,0,0,0,0,0,0,0
80,cn4415,vertex_exchange,communication,0.011081272,1,0,0,0,0,0,0,49,0,0,0,0,0,0,0,5,3,127446,19404
80,cn4415,vertex_exchange_unpack,compute,0.000327842999994,1,0,0,0,0,0,0,0,0,0,0,0,0,0,0,0,0,0,0
80,cn4415,partition_result_io,io,0,0,0,0,0,0,0,0,0,0,0,0,0,0,0,0,0,0,0,0
80,cn4415,volume_exchange_pack,compute,0.075027213,2,0,0,0,0,0,0,1,0,0,0,0,0,0,0,0,0,0,0
80,cn4415,volume_size_exchange,communication,0.011647659,1,0,0,0,0,0,0,0,0,0,0,0,0,0,0,5,5,20,20
80,cn4415,volume_payload_prepare,compute,0.000112440999999,1,0,0,0,0,0,0,0,0,0,0,0,0,0,0,0,0,0,0
80,cn4415,volume_payload_exchange,communication,0.007496309,1,0,0,0,0,0,0,22,0,0,0,0,0,0,0,5,5,1559880,1559160
80,cn4415,volume_exchange_unpack,compute,0.053899602,1,0,0,0,0,0,0,92,0,0,0,0,0,0,0,0,0,0,0
80,cn4415,final_mesh_save,io,0,0,0,0,0,0,0,0,0,0,0,0,0,0,0,0,0,0,0,0
80,cn4415,testout_io,io,0,0,0,0,0,0,0,0,0,0,0,0,0,0,0,0,0,0,0,0
80,cn4415,final_count_exchange,communication,0,0,0,0,0,0,0,0,0,0,0,0,0,0,0,0,0,0,0,0
80,cn4415,quality_evaluation,postprocess,0,0,0,0,0,0,0,0,0,0,0,0,0,0,0,0,0,0,0,0
81,cn4416,geometry_load,io,1.721265069,1,0,0,0,0,0,0,6341,0,1035092,0,0,0,2,2,0,0,0,0
81,cn4416,coarse_local_size,setup,0.477298521,1,0,0,0,0,0,0,7206,0,0,0,0,0,115,19,0,0,0,0
81,cn4416,coarse_edge_mesh,setup,0.012538922,1,0,0,0,0,0,0,520,0,0,0,0,0,0,0,0,0,0,0
81,cn4416,coarse_surface_mesh,setup,8.187913869,1,0,0,0,0,0,0,12884,0,0,0,0,0,0,8,0,0,0,0
81,cn4416,coarse_volume_mesh,setup,13.344436684,1,0,0,0,0,0,0,33014,0,0,0,0,0,37306,1551860,0,0,0,0
81,cn4416,coarse_mesh_save,io,0,0,0,0,0,0,0,0,0,0,0,0,0,0,0,0,0,0,0,0
81,cn4416,submesh_initialization,setup,0.000122941000001,1,0,0,0,0,0,0,2,0,0,0,0,0,0,0,0,0,0,0
81,cn4416,metis_partition,compute,0.378190357,1,0,0,0,0,0,0,573,0,0,0,0,0,0,0,0,0,0,0
81,cn4416,face_map_setup,compute,0.007311074,1,0,0,0,0,0,0,225,0,0,0,0,0,0,0,0,0,0,0
81,cn4416,face_local_extract,compute,0.160457878,1,0,0,0,0,0,0,717,0,0,0,0,0,0,0,0,0,0,0
81,cn4416,face_pre_collective_wait,synchronization,0.067097069,1,0,0,0,0,0,0,2,0,0,0,0,0,0,0,0,0,0,0
81,cn4416,face_collective_setup,compute,0.000119042000001,1,0,0,0,0,0,0,16,0,0,0,0,0,0,0,0,0,0,0
81,cn4416,face_allgatherv,communication,0.120139576,1,0,0,0,0,0,0,645,0,0,0,0,0,0,0,1,1,18952,4859624
81,cn4416,face_global_merge,compute,0.079113105,1,0,0,0,0,0,0,515,0,0,0,0,0,0,0,0,0,0,0
81,cn4416,part_face_create,compute,0.019491853,1,0,0,0,0,0,0,3,0,0,0,0,0,0,0,0,0,0,0
81,cn4416,surface_refine,compute,0.006720727,1,0,0,0,0,0,0,42,0,0,0,0,0,0,0,0,0,0,0
81,cn4416,refined_surface_save,io,0,0,0,0,0,0,0,0,0,0,0,0,0,0,0,0,0,0,0,0
81,cn4416,local_volume_mesh,compute,7.944594679,1,0,0,0,0,0,0,2391,0,0,0,0,0,14337,490653,0,0,0,0
81,cn4416,volume_refine,compute,0.261141562,1,0,0,0,0,0,0,5129,0,0,0,0,0,0,1,0,0,0,0
81,cn4416,refined_volume_save,io,0,0,0,0,0,0,0,0,0,0,0,0,0,0,0,0,0,0,0,0
81,cn4416,adjacency_build,compute,0.004729721,1,0,0,0,0,0,0,10,0,0,0,0,0,0,0,0,0,0,0
81,cn4416,vertex_numbering_local,compute,0.00494146400001,1,0,0,0,0,0,0,3,0,0,0,0,0,0,0,0,0,0,0
81,cn4416,vertex_count_allgather,communication,0.460909329,1,0,0,0,0,0,0,53,0,0,0,0,0,0,0,1,1,4,1024
81,cn4416,element_count_allgather,communication,0.007892303,1,0,0,0,0,0,0,0,0,0,0,0,0,0,0,1,1,4,1024
81,cn4416,vertex_exchange_prepare,compute,1.44999999989e-05,1,0,0,0,0,0,0,0,0,0,0,0,0,0,0,0,0,0,0
81,cn4416,vertex_exchange,communication,0.019388831,1,0,0,0,0,0,0,269,0,0,0,0,0,0,0,5,2,46662,14630
81,cn4416,vertex_exchange_unpack,compute,0.000247664,1,0,0,0,0,0,0,0,0,0,0,0,0,0,0,0,0,0,0
81,cn4416,partition_result_io,io,0,0,0,0,0,0,0,0,0,0,0,0,0,0,0,0,0,0,0,0
81,cn4416,volume_exchange_pack,compute,0.071278163,2,0,0,0,0,0,0,1,0,0,0,0,0,0,0,0,0,0,0
81,cn4416,volume_size_exchange,communication,0.010505136,1,0,0,0,0,0,0,41,0,0,0,0,0,0,0,4,4,16,16
81,cn4416,volume_payload_prepare,compute,5.14609999982e-05,1,0,0,0,0,0,0,0,0,0,0,0,0,0,0,0,0,0,0
81,cn4416,volume_payload_exchange,communication,0.003941371,1,0,0,0,0,0,0,20,0,0,0,0,0,0,0,4,4,617520,615720
81,cn4416,volume_exchange_unpack,compute,0.055891524,1,0,0,0,0,0,0,1837,0,0,0,0,0,0,0,0,0,0,0
81,cn4416,final_mesh_save,io,0,0,0,0,0,0,0,0,0,0,0,0,0,0,0,0,0,0,0,0
81,cn4416,testout_io,io,0,0,0,0,0,0,0,0,0,0,0,0,0,0,0,0,0,0,0,0
81,cn4416,final_count_exchange,communication,0,0,0,0,0,0,0,0,0,0,0,0,0,0,0,0,0,0,0,0
81,cn4416,quality_evaluation,postprocess,0,0,0,0,0,0,0,0,0,0,0,0,0,0,0,0,0,0,0,0
82,cn4417,geometry_load,io,1.733665942,1,0,0,0,0,0,0,6341,0,1035092,0,0,0,2,6,0,0,0,0
82,cn4417,coarse_local_size,setup,0.451270234,1,0,0,0,0,0,0,7678,0,0,0,0,0,104,21,0,0,0,0
82,cn4417,coarse_edge_mesh,setup,0.012539458,1,0,0,0,0,0,0,571,0,0,0,0,0,0,0,0,0,0,0
82,cn4417,coarse_surface_mesh,setup,8.077956305,1,0,0,0,0,0,0,8230,0,0,0,0,0,0,14,0,0,0,0
82,cn4417,coarse_volume_mesh,setup,13.22645415,1,0,0,0,0,0,0,20246,0,0,0,0,0,38060,1587397,0,0,0,0
82,cn4417,coarse_mesh_save,io,0,0,0,0,0,0,0,0,0,0,0,0,0,0,0,0,0,0,0,0
82,cn4417,submesh_initialization,setup,0.000128142000001,1,0,0,0,0,0,0,1,0,0,0,0,0,0,0,0,0,0,0
82,cn4417,metis_partition,compute,0.362238255,1,0,0,0,0,0,0,56,0,0,0,0,0,0,1,0,0,0,0
82,cn4417,face_map_setup,compute,0.00717543,1,0,0,0,0,0,0,261,0,0,0,0,0,0,0,0,0,0,0
82,cn4417,face_local_extract,compute,0.152016331,1,0,0,0,0,0,0,25,0,0,0,0,0,0,0,0,0,0,0
82,cn4417,face_pre_collective_wait,synchronization,0.091585431,1,0,0,0,0,0,0,1,0,0,0,0,0,0,0,0,0,0,0
82,cn4417,face_collective_setup,compute,0.000105321999996,1,0,0,0,0,0,0,12,0,0,0,0,0,0,0,0,0,0,0
82,cn4417,face_allgatherv,communication,0.120152271,1,0,0,0,0,0,0,43,0,0,0,0,0,0,0,1,1,18952,4859624
82,cn4417,face_global_merge,compute,0.073729487,1,0,0,0,0,0,0,0,0,0,0,0,0,0,0,0,0,0,0
82,cn4417,part_face_create,compute,0.01834629,1,0,0,0,0,0,0,3,0,0,0,0,0,0,0,0,0,0,0
82,cn4417,surface_refine,compute,0.005667171,1,0,0,0,0,0,0,1,0,0,0,0,0,0,0,0,0,0,0
82,cn4417,refined_surface_save,io,0,0,0,0,0,0,0,0,0,0,0,0,0,0,0,0,0,0,0,0
82,cn4417,local_volume_mesh,compute,6.400745273,1,0,0,0,0,0,0,545,0,0,0,0,0,14078,487318,0,0,0,0
82,cn4417,volume_refine,compute,0.197695427,1,0,0,0,0,0,0,4107,0,0,0,0,0,0,0,0,0,0,0
82,cn4417,refined_volume_save,io,0,0,0,0,0,0,0,0,0,0,0,0,0,0,0,0,0,0,0,0
82,cn4417,adjacency_build,compute,0.004576138,1,0,0,0,0,0,0,0,0,0,0,0,0,0,0,0,0,0,0
82,cn4417,vertex_numbering_local,compute,0.006537703,1,0,0,0,0,0,0,1,0,0,0,0,0,0,0,0,0,0,0
82,cn4417,vertex_count_allgather,communication,2.074741231,1,0,0,0,0,0,0,101,0,0,0,0,0,0,3,1,1,4,1024
82,cn4417,element_count_allgather,communication,0.00786623899999,1,0,0,0,0,0,0,1,0,0,0,0,0,0,0,1,1,4,1024
82,cn4417,vertex_exchange_prepare,compute,2.63199999964e-05,1,0,0,0,0,0,0,3,0,0,0,0,0,0,0,0,0,0,0
82,cn4417,vertex_exchange,communication,0.010986459,1,0,0,0,0,0,0,50,0,0,0,0,0,0,0,3,5,76560,67518
82,cn4417,vertex_exchange_unpack,compute,0.000944272000005,1,0,0,0,0,0,0,4,0,0,0,0,0,0,0,0,0,0,0
82,cn4417,partition_result_io,io,0,0,0,0,0,0,0,0,0,0,0,0,0,0,0,0,0,0,0,0
82,cn4417,volume_exchange_pack,compute,0.073685866,2,0,0,0,0,0,0,11,0,0,0,0,0,0,0,0,0,0,0
82,cn4417,volume_size_exchange,communication,0.019187842,1,0,0,0,0,0,0,1,0,0,0,0,0,0,0,5,5,20,20
82,cn4417,volume_payload_prepare,compute,0.000108741000005,1,0,0,0,0,0,0,0,0,0,0,0,0,0,0,0,0,0,0
82,cn4417,volume_payload_exchange,communication,0.004316895,1,0,0,0,0,0,0,4,0,0,0,0,0,0,0,5,5,1520640,1527480
82,cn4417,volume_exchange_unpack,compute,0.053713736,1,0,0,0,0,0,0,889,0,0,0,0,0,0,0,0,0,0,0
82,cn4417,final_mesh_save,io,0,0,0,0,0,0,0,0,0,0,0,0,0,0,0,0,0,0,0,0
82,cn4417,testout_io,io,0,0,0,0,0,0,0,0,0,0,0,0,0,0,0,0,0,0,0,0
82,cn4417,final_count_exchange,communication,0,0,0,0,0,0,0,0,0,0,0,0,0,0,0,0,0,0,0,0
82,cn4417,quality_evaluation,postprocess,0,0,0,0,0,0,0,0,0,0,0,0,0,0,0,0,0,0,0,0
83,cn4418,geometry_load,io,1.78038865,1,0,0,0,0,0,0,5133,0,1035092,0,0,0,2,2,0,0,0,0
83,cn4418,coarse_local_size,setup,0.448623453,1,0,0,0,0,0,0,7429,0,0,0,0,0,85,22,0,0,0,0
83,cn4418,coarse_edge_mesh,setup,0.012293838,1,0,0,0,0,0,0,520,0,0,0,0,0,0,0,0,0,0,0
83,cn4418,coarse_surface_mesh,setup,8.032303799,1,0,0,0,0,0,0,8707,0,0,0,0,0,0,8,0,0,0,0
83,cn4418,coarse_volume_mesh,setup,13.576006315,1,0,0,0,0,0,0,30418,0,0,0,0,0,38803,1647167,0,0,0,0
83,cn4418,coarse_mesh_save,io,0,0,0,0,0,0,0,0,0,0,0,0,0,0,0,0,0,0,0,0
83,cn4418,submesh_initialization,setup,0.000112862000002,1,0,0,0,0,0,0,1,0,0,0,0,0,0,0,0,0,0,0
83,cn4418,metis_partition,compute,0.374262596,1,0,0,0,0,0,0,561,0,0,0,0,0,0,0,0,0,0,0
83,cn4418,face_map_setup,compute,0.007254493,1,0,0,0,0,0,0,230,0,0,0,0,0,0,0,0,0,0,0
83,cn4418,face_local_extract,compute,0.162336509,1,0,0,0,0,0,0,642,0,0,0,0,0,0,0,0,0,0,0
83,cn4418,face_pre_collective_wait,synchronization,0.06921267,1,0,0,0,0,0,0,2,0,0,0,0,0,0,0,0,0,0,0
83,cn4418,face_collective_setup,compute,0.000113760999994,1,0,0,0,0,0,0,16,0,0,0,0,0,0,0,0,0,0,0
83,cn4418,face_allgatherv,communication,0.120017865,1,0,0,0,0,0,0,670,0,0,0,0,0,0,1,1,1,18952,4859624
83,cn4418,face_global_merge,compute,0.079166219,1,0,0,0,0,0,0,408,0,0,0,0,0,0,0,0,0,0,0
83,cn4418,part_face_create,compute,0.01939513,1,0,0,0,0,0,0,3,0,0,0,0,0,0,0,0,0,0,0
83,cn4418,surface_refine,compute,0.005947917,1,0,0,0,0,0,0,38,0,0,0,0,0,0,0,0,0,0,0
83,cn4418,refined_surface_save,io,0,0,0,0,0,0,0,0,0,0,0,0,0,0,0,0,0,0,0,0
83,cn4418,local_volume_mesh,compute,6.661735143,1,0,0,0,0,0,0,1905,0,0,0,0,0,15881,503948,0,0,0,0
83,cn4418,volume_refine,compute,0.204237848,1,0,0,0,0,0,0,5851,0,0,0,0,0,0,1,0,0,0,0
83,cn4418,refined_volume_save,io,0,0,0,0,0,0,0,0,0,0,0,0,0,0,0,0,0,0,0,0
83,cn4418,adjacency_build,compute,0.004829242,1,0,0,0,0,0,0,8,0,0,0,0,0,0,0,0,0,0,0
83,cn4418,vertex_numbering_local,compute,0.006352182,1,0,0,0,0,0,0,2,0,0,0,0,0,0,0,0,0,0,0
83,cn4418,vertex_count_allgather,communication,1.800151644,1,0,0,0,0,0,0,42,0,0,0,0,0,0,1,1,1,4,1024
83,cn4418,element_count_allgather,communication,0.007943123,1,0,0,0,0,0,0,0,0,0,0,0,0,0,0,1,1,4,1024
83,cn4418,vertex_exchange_prepare,compute,1.92200000058e-05,1,0,0,0,0,0,0,0,0,0,0,0,0,0,0,0,0,0,0
83,cn4418,vertex_exchange,communication,0.019647112,1,0,0,0,0,0,0,296,0,0,0,0,0,0,0,3,5,37950,107844
83,cn4418,vertex_exchange_unpack,compute,0.00154082,1,0,0,0,0,0,0,0,0,0,0,0,0,0,0,0,0,0,0
83,cn4418,partition_result_io,io,0,0,0,0,0,0,0,0,0,0,0,0,0,0,0,0,0,0,0,0
83,cn4418,volume_exchange_pack,compute,0.074243016,2,0,0,0,0,0,0,3,0,0,0,0,0,0,0,0,0,0,0
83,cn4418,volume_size_exchange,communication,0.011955114,1,0,0,0,0,0,0,1,0,0,0,0,0,0,1,5,5,20,20
83,cn4418,volume_payload_prepare,compute,0.000112721999997,1,0,0,0,0,0,0,0,0,0,0,0,0,0,0,0,0,0,0
83,cn4418,volume_payload_exchange,communication,0.001891264,1,0,0,0,0,0,0,27,0,0,0,0,0,0,0,5,5,1551720,1546560
83,cn4418,volume_exchange_unpack,compute,0.05204299,1,0,0,0,0,0,0,68,0,0,0,0,0,0,0,0,0,0,0
83,cn4418,final_mesh_save,io,0,0,0,0,0,0,0,0,0,0,0,0,0,0,0,0,0,0,0,0
83,cn4418,testout_io,io,0,0,0,0,0,0,0,0,0,0,0,0,0,0,0,0,0,0,0,0
83,cn4418,final_count_exchange,communication,0,0,0,0,0,0,0,0,0,0,0,0,0,0,0,0,0,0,0,0
83,cn4418,quality_evaluation,postprocess,0,0,0,0,0,0,0,0,0,0,0,0,0,0,0,0,0,0,0,0
84,cn4419,geometry_load,io,1.769223134,1,0,0,0,0,0,0,5041,0,1035092,0,0,0,2,3,0,0,0,0
84,cn4419,coarse_local_size,setup,0.440408584,1,0,0,0,0,0,0,7058,0,0,0,0,0,95,20,0,0,0,0
84,cn4419,coarse_edge_mesh,setup,0.012453161,1,0,0,0,0,0,0,577,0,0,0,0,0,0,0,0,0,0,0
84,cn4419,coarse_surface_mesh,setup,8.035404744,1,0,0,0,0,0,0,8216,0,0,0,0,0,0,10,0,0,0,0
84,cn4419,coarse_volume_mesh,setup,13.263016537,1,0,0,0,0,0,0,19698,0,0,0,0,0,36584,1597527,0,0,0,0
84,cn4419,coarse_mesh_save,io,0,0,0,0,0,0,0,0,0,0,0,0,0,0,0,0,0,0,0,0
84,cn4419,submesh_initialization,setup,0.000118701000005,1,0,0,0,0,0,0,1,0,0,0,0,0,0,0,0,0,0,0
84,cn4419,metis_partition,compute,0.365196416,1,0,0,0,0,0,0,84,0,0,0,0,0,0,0,0,0,0,0
84,cn4419,face_map_setup,compute,0.006883349,1,0,0,0,0,0,0,262,0,0,0,0,0,0,0,0,0,0,0
84,cn4419,face_local_extract,compute,0.155125695,1,0,0,0,0,0,0,25,0,0,0,0,0,0,0,0,0,0,0
84,cn4419,face_pre_collective_wait,synchronization,0.085826523,1,0,0,0,0,0,0,2,0,0,0,0,0,0,0,0,0,0,0
84,cn4419,face_collective_setup,compute,0.000111120999996,1,0,0,0,0,0,0,15,0,0,0,0,0,0,0,0,0,0,0
84,cn4419,face_allgatherv,communication,0.120028844,1,0,0,0,0,0,0,51,0,0,0,0,0,0,0,1,1,18952,4859624
84,cn4419,face_global_merge,compute,0.074188554,1,0,0,0,0,0,0,0,0,0,0,0,0,0,1,0,0,0,0
84,cn4419,part_face_create,compute,0.018410837,1,0,0,0,0,0,0,3,0,0,0,0,0,0,0,0,0,0,0
84,cn4419,surface_refine,compute,0.005379709,1,0,0,0,0,0,0,1,0,0,0,0,0,0,0,0,0,0,0
84,cn4419,refined_surface_save,io,0,0,0,0,0,0,0,0,0,0,0,0,0,0,0,0,0,0,0,0
84,cn4419,local_volume_mesh,compute,6.089461077,1,0,0,0,0,0,0,541,0,0,0,0,0,12306,447791,0,0,0,0
84,cn4419,volume_refine,compute,0.192383634,1,0,0,0,0,0,0,5129,0,0,0,0,0,0,0,0,0,0,0
84,cn4419,refined_volume_save,io,0,0,0,0,0,0,0,0,0,0,0,0,0,0,0,0,0,0,0,0
84,cn4419,adjacency_build,compute,0.004427937,1,0,0,0,0,0,0,0,0,0,0,0,0,0,0,0,0,0,0
84,cn4419,vertex_numbering_local,compute,0.005182007,1,0,0,0,0,0,0,1,0,0,0,0,0,0,0,0,0,0,0
84,cn4419,vertex_count_allgather,communication,2.392822954,1,0,0,0,0,0,0,95,0,0,0,0,0,0,3,1,1,4,1024
84,cn4419,element_count_allgather,communication,0.007910182,1,0,0,0,0,0,0,3,0,0,0,0,0,0,0,1,1,4,1024
84,cn4419,vertex_exchange_prepare,compute,1.32199999996e-05,1,0,0,0,0,0,0,3,0,0,0,0,0,0,0,0,0,0,0
84,cn4419,vertex_exchange,communication,0.011353686,1,0,0,0,0,0,0,38,0,0,0,0,0,0,0,2,1,103884,1056
84,cn4419,vertex_exchange_unpack,compute,2.96400000011e-05,1,0,0,0,0,0,0,2,0,0,0,0,0,0,0,0,0,0,0
84,cn4419,partition_result_io,io,0,0,0,0,0,0,0,0,0,0,0,0,0,0,0,0,0,0,0,0
84,cn4419,volume_exchange_pack,compute,0.060111693,2,0,0,0,0,0,0,149,0,0,0,0,0,0,0,0,0,0,0
84,cn4419,volume_size_exchange,communication,0.026598802,1,0,0,0,0,0,0,0,0,0,0,0,0,0,0,2,2,8,8
84,cn4419,volume_payload_prepare,compute,7.68000000022e-05,1,0,0,0,0,0,0,0,0,0,0,0,0,0,0,0,0,0,0
84,cn4419,volume_payload_exchange,communication,0.001088774,1,0,0,0,0,0,0,6,0,0,0,0,0,0,0,2,2,1125240,1112880
84,cn4419,volume_exchange_unpack,compute,0.045707648,1,0,0,0,0,0,0,301,0,0,0,0,0,0,0,0,0,0,0
84,cn4419,final_mesh_save,io,0,0,0,0,0,0,0,0,0,0,0,0,0,0,0,0,0,0,0,0
84,cn4419,testout_io,io,0,0,0,0,0,0,0,0,0,0,0,0,0,0,0,0,0,0,0,0
84,cn4419,final_count_exchange,communication,0,0,0,0,0,0,0,0,0,0,0,0,0,0,0,0,0,0,0,0
84,cn4419,quality_evaluation,postprocess,0,0,0,0,0,0,0,0,0,0,0,0,0,0,0,0,0,0,0,0
85,cn4420,geometry_load,io,1.780615789,1,0,0,0,0,0,0,4882,0,1035092,0,0,0,2,3,0,0,0,0
85,cn4420,coarse_local_size,setup,0.461719174,1,0,0,0,0,0,0,7155,0,0,0,0,0,117,21,0,0,0,0
85,cn4420,coarse_edge_mesh,setup,0.012153652,1,0,0,0,0,0,0,520,0,0,0,0,0,0,0,0,0,0,0
85,cn4420,coarse_surface_mesh,setup,8.019210289,1,0,0,0,0,0,0,8188,0,0,0,0,0,0,8,0,0,0,0
85,cn4420,coarse_volume_mesh,setup,13.168123812,1,0,0,0,0,0,0,22251,0,0,0,0,0,34505,1421258,0,0,0,0
85,cn4420,coarse_mesh_save,io,0,0,0,0,0,0,0,0,0,0,0,0,0,0,0,0,0,0,0,0
85,cn4420,submesh_initialization,setup,0.000126000999998,1,0,0,0,0,0,0,1,0,0,0,0,0,0,0,0,0,0,0
85,cn4420,metis_partition,compute,0.363093004,1,0,0,0,0,0,0,57,0,0,0,0,0,0,0,0,0,0,0
85,cn4420,face_map_setup,compute,0.006765544,1,0,0,0,0,0,0,3,0,0,0,0,0,0,0,0,0,0,0
85,cn4420,face_local_extract,compute,0.150966021,1,0,0,0,0,0,0,25,0,0,0,0,0,0,0,0,0,0,0
85,cn4420,face_pre_collective_wait,synchronization,0.09224439,1,0,0,0,0,0,0,1,0,0,0,0,0,0,0,0,0,0,0
85,cn4420,face_collective_setup,compute,0.000106781,1,0,0,0,0,0,0,12,0,0,0,0,0,0,0,0,0,0,0
85,cn4420,face_allgatherv,communication,0.120005616,1,0,0,0,0,0,0,44,0,0,0,0,0,0,0,1,1,18952,4859624
85,cn4420,face_global_merge,compute,0.073621858,1,0,0,0,0,0,0,0,0,0,0,0,0,0,0,0,0,0,0
85,cn4420,part_face_create,compute,0.018257248,1,0,0,0,0,0,0,3,0,0,0,0,0,0,0,0,0,0,0
85,cn4420,surface_refine,compute,0.005520589,1,0,0,0,0,0,0,1,0,0,0,0,0,0,0,0,0,0,0
85,cn4420,refined_surface_save,io,0,0,0,0,0,0,0,0,0,0,0,0,0,0,0,0,0,0,0,0
85,cn4420,local_volume_mesh,compute,6.211055738,1,0,0,0,0,0,0,542,0,0,0,0,0,10659,309845,0,0,0,0
85,cn4420,volume_refine,compute,0.188174845,1,0,0,0,0,0,0,4107,0,0,0,0,0,0,0,0,0,0,0
85,cn4420,refined_volume_save,io,0,0,0,0,0,0,0,0,0,0,0,0,0,0,0,0,0,0,0,0
85,cn4420,adjacency_build,compute,0.004412175,1,0,0,0,0,0,0,0,0,0,0,0,0,0,0,0,0,0,0
85,cn4420,vertex_numbering_local,compute,0.005709131,1,0,0,0,0,0,0,1,0,0,0,0,0,0,0,0,0,0,0
85,cn4420,vertex_count_allgather,communication,2.275296193,1,0,0,0,0,0,0,65,0,0,0,0,0,0,2,1,1,4,1024
85,cn4420,element_count_allgather,communication,0.007756217,1,0,0,0,0,0,0,1,0,0,0,0,0,0,0,1,1,4,1024
85,cn4420,vertex_exchange_prepare,compute,1.85200000047e-05,1,0,0,0,0,0,0,4,0,0,0,0,0,0,0,0,0,0,0
85,cn4420,vertex_exchange,communication,0.001371137,1,0,0,0,0,0,0,19,0,0,0,0,0,0,0,3,2,60786,59136
85,cn4420,vertex_exchange_unpack,compute,0.000840771,1,0,0,0,0,0,0,5,0,0,0,0,0,0,0,0,0,0,0
85,cn4420,partition_result_io,io,0,0,0,0,0,0,0,0,0,0,0,0,0,0,0,0,0,0,0,0
85,cn4420,volume_exchange_pack,compute,0.076680616,2,0,0,0,0,0,0,943,0,0,0,0,0,0,0,0,0,0,0
85,cn4420,volume_size_exchange,communication,0.01922522,1,0,0,0,0,0,0,0,0,0,0,0,0,0,0,3,3,12,12
85,cn4420,volume_payload_prepare,compute,0.000114420999999,1,0,0,0,0,0,0,17,0,0,0,0,0,0,0,0,0,0,0
85,cn4420,volume_payload_exchange,communication,0.001305576,1,0,0,0,0,0,0,11,0,0,0,0,0,0,0,3,3,1268160,1270920
85,cn4420,volume_exchange_unpack,compute,0.04897521,1,0,0,0,0,0,0,625,0,0,0,0,0,0,0,0,0,0,0
85,cn4420,final_mesh_save,io,0,0,0,0,0,0,0,0,0,0,0,0,0,0,0,0,0,0,0,0
85,cn4420,testout_io,io,0,0,0,0,0,0,0,0,0,0,0,0,0,0,0,0,0,0,0,0
85,cn4420,final_count_exchange,communication,0,0,0,0,0,0,0,0,0,0,0,0,0,0,0,0,0,0,0,0
85,cn4420,quality_evaluation,postprocess,0,0,0,0,0,0,0,0,0,0,0,0,0,0,0,0,0,0,0,0
86,cn4421,geometry_load,io,1.766111312,1,0,0,0,0,0,0,4766,0,1035092,0,0,0,3,14,0,0,0,0
86,cn4421,coarse_local_size,setup,0.442558985,1,0,0,0,0,0,0,7518,0,0,0,0,0,104,23,0,0,0,0
86,cn4421,coarse_edge_mesh,setup,0.012198783,1,0,0,0,0,0,0,568,0,0,0,0,0,0,0,0,0,0,0
86,cn4421,coarse_surface_mesh,setup,8.045492585,1,0,0,0,0,0,0,9953,0,0,0,0,0,0,71,0,0,0,0
86,cn4421,coarse_volume_mesh,setup,13.241088991,1,0,0,0,0,0,0,21637,0,0,0,0,0,37218,1660313,0,0,0,0
86,cn4421,coarse_mesh_save,io,0,0,0,0,0,0,0,0,0,0,0,0,0,0,0,0,0,0,0,0
86,cn4421,submesh_initialization,setup,0.000133101999999,1,0,0,0,0,0,0,8,0,0,0,0,0,0,0,0,0,0,0
86,cn4421,metis_partition,compute,0.366066225,1,0,0,0,0,0,0,599,0,0,0,0,0,0,4,0,0,0,0
86,cn4421,face_map_setup,compute,0.007813912,1,0,0,0,0,0,0,959,0,0,0,0,0,0,0,0,0,0,0
86,cn4421,face_local_extract,compute,0.159173153,1,0,0,0,0,0,0,609,0,0,0,0,0,0,1,0,0,0,0
86,cn4421,face_pre_collective_wait,synchronization,0.07990566,1,0,0,0,0,0,0,4,0,0,0,0,0,0,1,0,0,0,0
86,cn4421,face_collective_setup,compute,0.000111101000002,1,0,0,0,0,0,0,16,0,0,0,0,0,0,0,0,0,0,0
86,cn4421,face_allgatherv,communication,0.120010372,1,0,0,0,0,0,0,1149,0,0,0,0,0,0,1,1,1,18952,4859624
86,cn4421,face_global_merge,compute,0.076825164,1,0,0,0,0,0,0,395,0,0,0,0,0,0,0,0,0,0,0
86,cn4421,part_face_create,compute,0.018884722,1,0,0,0,0,0,0,16,0,0,0,0,0,0,0,0,0,0,0
86,cn4421,surface_refine,compute,0.005824929,1,0,0,0,0,0,0,38,0,0,0,0,0,0,0,0,0,0,0
86,cn4421,refined_surface_save,io,0,0,0,0,0,0,0,0,0,0,0,0,0,0,0,0,0,0,0,0
86,cn4421,local_volume_mesh,compute,7.032491211,1,0,0,0,0,0,0,236,0,0,0,0,0,14495,477553,0,0,0,0
86,cn4421,volume_refine,compute,0.209882128,1,0,0,0,0,0,0,3964,0,0,0,0,0,0,2,0,0,0,0
86,cn4421,refined_volume_save,io,0,0,0,0,0,0,0,0,0,0,0,0,0,0,0,0,0,0,0,0
86,cn4421,adjacency_build,compute,0.004615074,1,0,0,0,0,0,0,0,0,0,0,0,0,0,0,0,0,0,0
86,cn4421,vertex_numbering_local,compute,0.006376755,1,0,0,0,0,0,0,1,0,0,0,0,0,0,0,0,0,0,0
86,cn4421,vertex_count_allgather,communication,1.427141065,1,0,0,0,0,0,0,101,0,0,0,0,0,0,12,1,1,4,1024
86,cn4421,element_count_allgather,communication,0.007848192,1,0,0,0,0,0,0,2,0,0,0,0,0,0,0,1,1,4,1024
86,cn4421,vertex_exchange_prepare,compute,5.9659999998e-05,1,0,0,0,0,0,0,29,0,0,0,0,0,0,0,0,0,0,0
86,cn4421,vertex_exchange,communication,0.011406175,1,0,0,0,0,0,0,325,0,0,0,0,0,0,0,3,4,40898,97592
86,cn4421,vertex_exchange_unpack,compute,0.00213938500001,1,0,0,0,0,0,0,747,0,0,0,0,0,0,0,0,0,0,0
86,cn4421,partition_result_io,io,0,0,0,0,0,0,0,0,0,0,0,0,0,0,0,0,0,0,0,0
86,cn4421,volume_exchange_pack,compute,0.084252831,2,0,0,0,0,0,0,1074,0,0,0,0,0,0,1,0,0,0,0
86,cn4421,volume_size_exchange,communication,3.77810000032e-05,1,0,0,0,0,0,0,0,0,0,0,0,0,0,0,5,5,20,20
86,cn4421,volume_payload_prepare,compute,0.000105220999998,1,0,0,0,0,0,0,0,0,0,0,0,0,0,0,0,0,0,0
86,cn4421,volume_payload_exchange,communication,0.003950807,1,0,0,0,0,0,0,11,0,0,0,0,0,0,0,5,5,1457400,1460400
86,cn4421,volume_exchange_unpack,compute,0.055415292,1,0,0,0,0,0,0,1118,0,0,0,0,0,0,1,0,0,0,0
86,cn4421,final_mesh_save,io,0,0,0,0,0,0,0,0,0,0,0,0,0,0,0,0,0,0,0,0
86,cn4421,testout_io,io,0,0,0,0,0,0,0,0,0,0,0,0,0,0,0,0,0,0,0,0
86,cn4421,final_count_exchange,communication,0,0,0,0,0,0,0,0,0,0,0,0,0,0,0,0,0,0,0,0
86,cn4421,quality_evaluation,postprocess,0,0,0,0,0,0,0,0,0,0,0,0,0,0,0,0,0,0,0,0
87,cn4422,geometry_load,io,1.777456013,1,0,0,0,0,0,0,5204,0,1035092,0,0,0,2,1,0,0,0,0
87,cn4422,coarse_local_size,setup,0.443252034,1,0,0,0,0,0,0,7364,0,0,0,0,0,80,21,0,0,0,0
87,cn4422,coarse_edge_mesh,setup,0.012235111,1,0,0,0,0,0,0,550,0,0,0,0,0,0,0,0,0,0,0
87,cn4422,coarse_surface_mesh,setup,8.015884787,1,0,0,0,0,0,0,8634,0,0,0,0,0,0,10,0,0,0,0
87,cn4422,coarse_volume_mesh,setup,13.316395013,1,0,0,0,0,0,0,28723,0,0,0,0,0,37303,1441192,0,0,0,0
87,cn4422,coarse_mesh_save,io,0,0,0,0,0,0,0,0,0,0,0,0,0,0,0,0,0,0,0,0
87,cn4422,submesh_initialization,setup,0.000124081999999,1,0,0,0,0,0,0,1,0,0,0,0,0,0,0,0,0,0,0
87,cn4422,metis_partition,compute,0.378098847,1,0,0,0,0,0,0,593,0,0,0,0,0,0,1,0,0,0,0
87,cn4422,face_map_setup,compute,0.007180649,1,0,0,0,0,0,0,239,0,0,0,0,0,0,0,0,0,0,0
87,cn4422,face_local_extract,compute,0.161483062,1,0,0,0,0,0,0,629,0,0,0,0,0,0,0,0,0,0,0
87,cn4422,face_pre_collective_wait,synchronization,0.066290582,1,0,0,0,0,0,0,1,0,0,0,0,0,0,0,0,0,0,0
87,cn4422,face_collective_setup,compute,0.000111922000002,1,0,0,0,0,0,0,16,0,0,0,0,0,0,0,0,0,0,0
87,cn4422,face_allgatherv,communication,0.119982247,1,0,0,0,0,0,0,874,0,0,0,0,0,0,0,1,1,18952,4859624
87,cn4422,face_global_merge,compute,0.079680547,1,0,0,0,0,0,0,380,0,0,0,0,0,0,0,0,0,0,0
87,cn4422,part_face_create,compute,0.019294239,1,0,0,0,0,0,0,3,0,0,0,0,0,0,0,0,0,0,0
87,cn4422,surface_refine,compute,0.006069876,1,0,0,0,0,0,0,40,0,0,0,0,0,0,0,0,0,0,0
87,cn4422,refined_surface_save,io,0,0,0,0,0,0,0,0,0,0,0,0,0,0,0,0,0,0,0,0
87,cn4422,local_volume_mesh,compute,6.436982274,1,0,0,0,0,0,0,1566,0,0,0,0,0,7334,296962,0,0,0,0
87,cn4422,volume_refine,compute,0.211180658,1,0,0,0,0,0,0,5436,0,0,0,0,0,0,0,0,0,0,0
87,cn4422,refined_volume_save,io,0,0,0,0,0,0,0,0,0,0,0,0,0,0,0,0,0,0,0,0
87,cn4422,adjacency_build,compute,0.004711658,1,0,0,0,0,0,0,12,0,0,0,0,0,0,0,0,0,0,0
87,cn4422,vertex_numbering_local,compute,0.005982594,1,0,0,0,0,0,0,3,0,0,0,0,0,0,0,0,0,0,0
87,cn4422,vertex_count_allgather,communication,2.018010536,1,0,0,0,0,0,0,34,0,0,0,0,0,0,2,1,1,4,1024
87,cn4422,element_count_allgather,communication,0.00795391899999,1,0,0,0,0,0,0,0,0,0,0,0,0,0,0,1,1,4,1024
87,cn4422,vertex_exchange_prepare,compute,1.74800000039e-05,1,0,0,0,0,0,0,0,0,0,0,0,0,0,0,0,0,0,0
87,cn4422,vertex_exchange,communication,0.011115198,1,0,0,0,0,0,0,35,0,0,0,0,0,0,0,0,3,0,127094
87,cn4422,vertex_exchange_unpack,compute,0.001809123,1,0,0,0,0,0,0,0,0,0,0,0,0,0,0,0,0,0,0
87,cn4422,partition_result_io,io,0,0,0,0,0,0,0,0,0,0,0,0,0,0,0,0,0,0,0,0
87,cn4422,volume_exchange_pack,compute,0.074404922,2,0,0,0,0,0,0,1,0,0,0,0,0,0,0,0,0,0,0
87,cn4422,volume_size_exchange,communication,0.010656012,1,0,0,0,0,0,0,2,0,0,0,0,0,0,0,3,3,12,12
87,cn4422,volume_payload_prepare,compute,9.82410000034e-05,1,0,0,0,0,0,0,0,0,0,0,0,0,0,0,0,0,0,0
87,cn4422,volume_payload_exchange,communication,0.001395857,1,0,0,0,0,0,0,26,0,0,0,0,0,0,0,3,3,1367040,1371360
87,cn4422,volume_exchange_unpack,compute,0.051201315,1,0,0,0,0,0,0,0,0,0,0,0,0,0,0,0,0,0,0
87,cn4422,final_mesh_save,io,0,0,0,0,0,0,0,0,0,0,0,0,0,0,0,0,0,0,0,0
87,cn4422,testout_io,io,0,0,0,0,0,0,0,0,0,0,0,0,0,0,0,0,0,0,0,0
87,cn4422,final_count_exchange,communication,0,0,0,0,0,0,0,0,0,0,0,0,0,0,0,0,0,0,0,0
87,cn4422,quality_evaluation,postprocess,0,0,0,0,0,0,0,0,0,0,0,0,0,0,0,0,0,0,0,0
88,cn4423,geometry_load,io,1.719555967,1,0,0,0,0,0,0,6474,0,1035092,0,0,0,2,1,0,0,0,0
88,cn4423,coarse_local_size,setup,0.448912289,1,0,0,0,0,0,0,7694,0,0,0,0,0,105,21,0,0,0,0
88,cn4423,coarse_edge_mesh,setup,0.012704379,1,0,0,0,0,0,0,570,0,0,0,0,0,0,0,0,0,0,0
88,cn4423,coarse_surface_mesh,setup,8.186293091,1,0,0,0,0,0,0,10837,0,0,0,0,0,0,12,0,0,0,0
88,cn4423,coarse_volume_mesh,setup,13.276644332,1,0,0,0,0,0,0,32016,0,0,0,0,0,37304,1587593,0,0,0,0
88,cn4423,coarse_mesh_save,io,0,0,0,0,0,0,0,0,0,0,0,0,0,0,0,0,0,0,0,0
88,cn4423,submesh_initialization,setup,0.000127741999997,1,0,0,0,0,0,0,3,0,0,0,0,0,0,0,0,0,0,0
88,cn4423,metis_partition,compute,0.38845054,1,0,0,0,0,0,0,554,0,0,0,0,0,0,1,0,0,0,0
88,cn4423,face_map_setup,compute,0.00745742500001,1,0,0,0,0,0,0,232,0,0,0,0,0,0,0,0,0,0,0
88,cn4423,face_local_extract,compute,0.158414867,1,0,0,0,0,0,0,670,0,0,0,0,0,0,0,0,0,0,0
88,cn4423,face_pre_collective_wait,synchronization,0.058682125,1,0,0,0,0,0,0,2,0,0,0,0,0,0,0,0,0,0,0
88,cn4423,face_collective_setup,compute,0.000112600999998,1,0,0,0,0,0,0,16,0,0,0,0,0,0,0,0,0,0,0
88,cn4423,face_allgatherv,communication,0.119981907,1,0,0,0,0,0,0,763,0,0,0,0,0,0,0,1,1,18952,4859624
88,cn4423,face_global_merge,compute,0.078658705,1,0,0,0,0,0,0,371,0,0,0,0,0,0,0,0,0,0,0
88,cn4423,part_face_create,compute,0.019591515,1,0,0,0,0,0,0,3,0,0,0,0,0,0,0,0,0,0,0
88,cn4423,surface_refine,compute,0.00640697,1,0,0,0,0,0,0,38,0,0,0,0,0,0,0,0,0,0,0
88,cn4423,refined_surface_save,io,0,0,0,0,0,0,0,0,0,0,0,0,0,0,0,0,0,0,0,0
88,cn4423,local_volume_mesh,compute,6.70624649,1,0,0,0,0,0,0,2267,0,0,0,0,0,14633,525009,0,0,0,0
88,cn4423,volume_refine,compute,0.217168612,1,0,0,0,0,0,0,4568,0,0,0,0,0,0,0,0,0,0,0
88,cn4423,refined_volume_save,io,0,0,0,0,0,0,0,0,0,0,0,0,0,0,0,0,0,0,0,0
88,cn4423,adjacency_build,compute,0.005096352,1,0,0,0,0,0,0,16,0,0,0,0,0,0,0,0,0,0,0
88,cn4423,vertex_numbering_local,compute,0.007674548,1,0,0,0,0,0,0,4,0,0,0,0,0,0,0,0,0,0,0
88,cn4423,vertex_count_allgather,communication,1.740965708,1,0,0,0,0,0,0,61,0,0,0,0,0,0,2,1,1,4,1024
88,cn4423,element_count_allgather,communication,0.007717729,1,0,0,0,0,0,0,0,0,0,0,0,0,0,0,1,1,4,1024
88,cn4423,vertex_exchange_prepare,compute,2.50000000008e-05,1,0,0,0,0,0,0,0,0,0,0,0,0,0,0,0,0,0,0
88,cn4423,vertex_exchange,communication,0.019971601,1,0,0,0,0,0,0,238,0,0,0,0,0,0,0,8,9,114224,62524
88,cn4423,vertex_exchange_unpack,compute,0.000947332999999,1,0,0,0,0,0,0,0,0,0,0,0,0,0,0,0,0,0,0
88,cn4423,partition_result_io,io,0,0,0,0,0,0,0,0,0,0,0,0,0,0,0,0,0,0,0,0
88,cn4423,volume_exchange_pack,compute,0.078514463,2,0,0,0,0,0,0,3,0,0,0,0,0,0,0,0,0,0,0
88,cn4423,volume_size_exchange,communication,0.005349035,1,0,0,0,0,0,0,4,0,0,0,0,0,0,0,8,8,32,32
88,cn4423,volume_payload_prepare,compute,0.000136181999999,1,0,0,0,0,0,0,0,0,0,0,0,0,0,0,0,0,0,0
88,cn4423,volume_payload_exchange,communication,0.007318043,1,0,0,0,0,0,0,23,0,0,0,0,0,0,0,8,8,1860120,1868160
88,cn4423,volume_exchange_unpack,compute,0.060906976,1,0,0,0,0,0,0,720,0,0,0,0,0,0,0,0,0,0,0
88,cn4423,final_mesh_save,io,0,0,0,0,0,0,0,0,0,0,0,0,0,0,0,0,0,0,0,0
88,cn4423,testout_io,io,0,0,0,0,0,0,0,0,0,0,0,0,0,0,0,0,0,0,0,0
88,cn4423,final_count_exchange,communication,0,0,0,0,0,0,0,0,0,0,0,0,0,0,0,0,0,0,0,0
88,cn4423,quality_evaluation,postprocess,0,0,0,0,0,0,0,0,0,0,0,0,0,0,0,0,0,0,0,0
89,cn4424,geometry_load,io,1.773286591,1,0,0,0,0,0,0,5835,0,1035092,0,0,0,2,2,0,0,0,0
89,cn4424,coarse_local_size,setup,0.452218845,1,0,0,0,0,0,0,7478,0,0,0,0,0,119,21,0,0,0,0
89,cn4424,coarse_edge_mesh,setup,0.01244291,1,0,0,0,0,0,0,549,0,0,0,0,0,0,0,0,0,0,0
89,cn4424,coarse_surface_mesh,setup,8.127352861,1,0,0,0,0,0,0,10197,0,0,0,0,0,0,8,0,0,0,0
89,cn4424,coarse_volume_mesh,setup,13.397524372,1,0,0,0,0,0,0,28223,0,0,0,0,0,39782,1719712,0,0,0,0
89,cn4424,coarse_mesh_save,io,0,0,0,0,0,0,0,0,0,0,0,0,0,0,0,0,0,0,0,0
89,cn4424,submesh_initialization,setup,0.000164441000003,1,0,0,0,0,0,0,38,0,0,0,0,0,0,0,0,0,0,0
89,cn4424,metis_partition,compute,0.378458753,1,0,0,0,0,0,0,1563,0,0,0,0,0,0,0,0,0,0,0
89,cn4424,face_map_setup,compute,0.007700273,1,0,0,0,0,0,0,774,0,0,0,0,0,0,0,0,0,0,0
89,cn4424,face_local_extract,compute,0.157849647,1,0,0,0,0,0,0,821,0,0,0,0,0,0,0,0,0,0,0
89,cn4424,face_pre_collective_wait,synchronization,0.069005394,1,0,0,0,0,0,0,1,0,0,0,0,0,0,1,0,0,0,0
89,cn4424,face_collective_setup,compute,0.000122400999999,1,0,0,0,0,0,0,13,0,0,0,0,0,0,0,0,0,0,0
89,cn4424,face_allgatherv,communication,0.12000785,1,0,0,0,0,0,0,1154,0,0,0,0,0,0,0,1,1,18952,4859624
89,cn4424,face_global_merge,compute,0.0794129,1,0,0,0,0,0,0,666,0,0,0,0,0,0,0,0,0,0,0
89,cn4424,part_face_create,compute,0.019227133,1,0,0,0,0,0,0,3,0,0,0,0,0,0,0,0,0,0,0
89,cn4424,surface_refine,compute,0.006110054,1,0,0,0,0,0,0,42,0,0,0,0,0,0,0,0,0,0,0
89,cn4424,refined_surface_save,io,0,0,0,0,0,0,0,0,0,0,0,0,0,0,0,0,0,0,0,0
89,cn4424,local_volume_mesh,compute,6.244712569,1,0,0,0,0,0,0,764,0,0,0,0,0,8101,322327,0,0,0,0
89,cn4424,volume_refine,compute,0.209866156,1,0,0,0,0,0,0,7691,0,0,0,0,0,0,0,0,0,0,0
89,cn4424,refined_volume_save,io,0,0,0,0,0,0,0,0,0,0,0,0,0,0,0,0,0,0,0,0
89,cn4424,adjacency_build,compute,0.005020461,1,0,0,0,0,0,0,233,0,0,0,0,0,0,0,0,0,0,0
89,cn4424,vertex_numbering_local,compute,0.007353489,1,0,0,0,0,0,0,179,0,0,0,0,0,0,0,0,0,0,0
89,cn4424,vertex_count_allgather,communication,2.210058529,1,0,0,0,0,0,0,66,0,0,0,0,0,0,2,1,1,4,1024
89,cn4424,element_count_allgather,communication,0.00793557599999,1,0,0,0,0,0,0,0,0,0,0,0,0,0,0,1,1,4,1024
89,cn4424,vertex_exchange_prepare,compute,6.21209999991e-05,1,0,0,0,0,0,0,22,0,0,0,0,0,0,0,0,0,0,0
89,cn4424,vertex_exchange,communication,0.01983122,1,0,0,0,0,0,0,370,0,0,0,0,0,0,0,6,6,86724,75988
89,cn4424,vertex_exchange_unpack,compute,0.00111469399999,1,0,0,0,0,0,0,0,0,0,0,0,0,0,0,0,0,0,0
89,cn4424,partition_result_io,io,0,0,0,0,0,0,0,0,0,0,0,0,0,0,0,0,0,0,0,0
89,cn4424,volume_exchange_pack,compute,0.079953686,2,0,0,0,0,0,0,522,0,0,0,0,0,0,0,0,0,0,0
89,cn4424,volume_size_exchange,communication,0.006419078,1,0,0,0,0,0,0,0,0,0,0,0,0,0,0,7,7,28,28
89,cn4424,volume_payload_prepare,compute,0.000386144000004,1,0,0,0,0,0,0,204,0,0,0,0,0,0,0,0,0,0,0
89,cn4424,volume_payload_exchange,communication,0.004527994,1,0,0,0,0,0,0,13,0,0,0,0,0,0,1,7,7,1743600,1737000
89,cn4424,volume_exchange_unpack,compute,0.059268456,1,0,0,0,0,0,0,1117,0,0,0,0,0,0,0,0,0,0,0
89,cn4424,final_mesh_save,io,0,0,0,0,0,0,0,0,0,0,0,0,0,0,0,0,0,0,0,0
89,cn4424,testout_io,io,0,0,0,0,0,0,0,0,0,0,0,0,0,0,0,0,0,0,0,0
89,cn4424,final_count_exchange,communication,0,0,0,0,0,0,0,0,0,0,0,0,0,0,0,0,0,0,0,0
89,cn4424,quality_evaluation,postprocess,0,0,0,0,0,0,0,0,0,0,0,0,0,0,0,0,0,0,0,0
90,cn4425,geometry_load,io,1.72831747,1,0,0,0,0,0,0,6345,0,1035092,0,0,0,2,15,0,0,0,0
90,cn4425,coarse_local_size,setup,0.45465678,1,0,0,0,0,0,0,7617,0,0,0,0,0,102,21,0,0,0,0
90,cn4425,coarse_edge_mesh,setup,0.012551088,1,0,0,0,0,0,0,550,0,0,0,0,0,0,0,0,0,0,0
90,cn4425,coarse_surface_mesh,setup,8.085667293,1,0,0,0,0,0,0,9375,0,0,0,0,0,0,73,0,0,0,0
90,cn4425,coarse_volume_mesh,setup,13.256298533,1,0,0,0,0,0,0,23760,0,0,0,0,0,37568,1652467,0,0,0,0
90,cn4425,coarse_mesh_save,io,0,0,0,0,0,0,0,0,0,0,0,0,0,0,0,0,0,0,0,0
90,cn4425,submesh_initialization,setup,0.000122941999997,1,0,0,0,0,0,0,1,0,0,0,0,0,0,0,0,0,0,0
90,cn4425,metis_partition,compute,0.363455377,1,0,0,0,0,0,0,219,0,0,0,0,0,0,3,0,0,0,0
90,cn4425,face_map_setup,compute,0.00669388999999,1,0,0,0,0,0,0,55,0,0,0,0,0,0,0,0,0,0,0
90,cn4425,face_local_extract,compute,0.160309291,1,0,0,0,0,0,0,594,0,0,0,0,0,0,2,0,0,0,0
90,cn4425,face_pre_collective_wait,synchronization,0.082565668,1,0,0,0,0,0,0,1,0,0,0,0,0,0,1,0,0,0,0
90,cn4425,face_collective_setup,compute,0.000124641999996,1,0,0,0,0,0,0,16,0,0,0,0,0,0,0,0,0,0,0
90,cn4425,face_allgatherv,communication,0.120031471,1,0,0,0,0,0,0,663,0,0,0,0,0,0,1,1,1,18952,4859624
90,cn4425,face_global_merge,compute,0.075127628,1,0,0,0,0,0,0,249,0,0,0,0,0,0,0,0,0,0,0
90,cn4425,part_face_create,compute,0.018370347,1,0,0,0,0,0,0,3,0,0,0,0,0,0,0,0,0,0,0
90,cn4425,surface_refine,compute,0.006399286,1,0,0,0,0,0,0,38,0,0,0,0,0,0,0,0,0,0,0
90,cn4425,refined_surface_save,io,0,0,0,0,0,0,0,0,0,0,0,0,0,0,0,0,0,0,0,0
90,cn4425,local_volume_mesh,compute,7.384342663,1,0,0,0,0,0,0,698,0,0,0,0,0,13007,513741,0,0,0,0
90,cn4425,volume_refine,compute,0.24365669,1,0,0,0,0,0,0,4859,0,0,0,0,0,0,3,0,0,0,0
90,cn4425,refined_volume_save,io,0,0,0,0,0,0,0,0,0,0,0,0,0,0,0,0,0,0,0,0
90,cn4425,adjacency_build,compute,0.00443598,1,0,0,0,0,0,0,0,0,0,0,0,0,0,0,0,0,0,0
90,cn4425,vertex_numbering_local,compute,0.005522614,1,0,0,0,0,0,0,2,0,0,0,0,0,0,0,0,0,0,0
90,cn4425,vertex_count_allgather,communication,1.04412471,1,0,0,0,0,0,0,30,0,0,0,0,0,0,9,1,1,4,1024
90,cn4425,element_count_allgather,communication,0.007683243,1,0,0,0,0,0,0,0,0,0,0,0,0,0,0,1,1,4,1024
90,cn4425,vertex_exchange_prepare,compute,1.91399999991e-05,1,0,0,0,0,0,0,0,0,0,0,0,0,0,0,0,0,0,0
90,cn4425,vertex_exchange,communication,0.020233792,1,0,0,0,0,0,0,34,0,0,0,0,0,0,0,2,5,12056,65098
90,cn4425,vertex_exchange_unpack,compute,0.000900011999995,1,0,0,0,0,0,0,0,0,0,0,0,0,0,0,0,0,0,0
90,cn4425,partition_result_io,io,0,0,0,0,0,0,0,0,0,0,0,0,0,0,0,0,0,0,0,0
90,cn4425,volume_exchange_pack,compute,0.076100382,2,0,0,0,0,0,0,1,0,0,0,0,0,0,1,0,0,0,0
90,cn4425,volume_size_exchange,communication,0.009933493,1,0,0,0,0,0,0,4,0,0,0,0,0,0,0,6,6,24,24
90,cn4425,volume_payload_prepare,compute,6.41609999974e-05,1,0,0,0,0,0,0,0,0,0,0,0,0,0,0,0,0,0,0
90,cn4425,volume_payload_exchange,communication,0.00520671,1,0,0,0,0,0,0,21,0,0,0,0,0,0,0,6,6,810840,804480
90,cn4425,volume_exchange_unpack,compute,0.050075652,1,0,0,0,0,0,0,245,0,0,0,0,0,0,1,0,0,0,0
90,cn4425,final_mesh_save,io,0,0,0,0,0,0,0,0,0,0,0,0,0,0,0,0,0,0,0,0
90,cn4425,testout_io,io,0,0,0,0,0,0,0,0,0,0,0,0,0,0,0,0,0,0,0,0
90,cn4425,final_count_exchange,communication,0,0,0,0,0,0,0,0,0,0,0,0,0,0,0,0,0,0,0,0
90,cn4425,quality_evaluation,postprocess,0,0,0,0,0,0,0,0,0,0,0,0,0,0,0,0,0,0,0,0
91,cn4426,geometry_load,io,1.732192406,1,0,0,0,0,0,0,5880,0,1035092,0,0,0,2,15,0,0,0,0
91,cn4426,coarse_local_size,setup,0.460838081,1,0,0,0,0,0,0,7616,0,0,0,0,0,114,22,0,0,0,0
91,cn4426,coarse_edge_mesh,setup,0.01244631,1,0,0,0,0,0,0,549,0,0,0,0,0,0,1,0,0,0,0
91,cn4426,coarse_surface_mesh,setup,8.155127259,1,0,0,0,0,0,0,10337,0,0,0,0,0,0,74,0,0,0,0
91,cn4426,coarse_volume_mesh,setup,13.376906982,1,0,0,0,0,0,0,33120,0,0,0,0,0,37090,1546709,0,0,0,0
91,cn4426,coarse_mesh_save,io,0,0,0,0,0,0,0,0,0,0,0,0,0,0,0,0,0,0,0,0
91,cn4426,submesh_initialization,setup,0.000119101999999,1,0,0,0,0,0,0,1,0,0,0,0,0,0,0,0,0,0,0
91,cn4426,metis_partition,compute,0.381640001,1,0,0,0,0,0,0,733,0,0,0,0,0,0,3,0,0,0,0
91,cn4426,face_map_setup,compute,0.007293519,1,0,0,0,0,0,0,233,0,0,0,0,0,0,0,0,0,0,0
91,cn4426,face_local_extract,compute,0.161171516,1,0,0,0,0,0,0,633,0,0,0,0,0,0,1,0,0,0,0
91,cn4426,face_pre_collective_wait,synchronization,0.062962478,1,0,0,0,0,0,0,2,0,0,0,0,0,0,2,0,0,0,0
91,cn4426,face_collective_setup,compute,0.000122301999994,1,0,0,0,0,0,0,16,0,0,0,0,0,0,0,0,0,0,0
91,cn4426,face_allgatherv,communication,0.120019175,1,0,0,0,0,0,0,726,0,0,0,0,0,0,1,1,1,18952,4859624
91,cn4426,face_global_merge,compute,0.07779874,1,0,0,0,0,0,0,323,0,0,0,0,0,0,0,0,0,0,0
91,cn4426,part_face_create,compute,0.019596208,1,0,0,0,0,0,0,3,0,0,0,0,0,0,0,0,0,0,0
91,cn4426,surface_refine,compute,0.006148104,1,0,0,0,0,0,0,37,0,0,0,0,0,0,0,0,0,0,0
91,cn4426,refined_surface_save,io,0,0,0,0,0,0,0,0,0,0,0,0,0,0,0,0,0,0,0,0
91,cn4426,local_volume_mesh,compute,7.58067627,1,0,0,0,0,0,0,2215,0,0,0,0,0,13457,500806,0,0,0,0
91,cn4426,volume_refine,compute,0.234029229,1,0,0,0,0,0,0,5746,0,0,0,0,0,0,3,0,0,0,0
91,cn4426,refined_volume_save,io,0,0,0,0,0,0,0,0,0,0,0,0,0,0,0,0,0,0,0,0
91,cn4426,adjacency_build,compute,0.004691924,1,0,0,0,0,0,0,10,0,0,0,0,0,0,0,0,0,0,0
91,cn4426,vertex_numbering_local,compute,0.004367599,1,0,0,0,0,0,0,3,0,0,0,0,0,0,0,0,0,0,0
91,cn4426,vertex_count_allgather,communication,0.854375143,1,0,0,0,0,0,0,48,0,0,0,0,0,0,6,1,1,4,1024
91,cn4426,element_count_allgather,communication,0.007968468,1,0,0,0,0,0,0,0,0,0,0,0,0,0,0,1,1,4,1024
91,cn4426,vertex_exchange_prepare,compute,1.59200000027e-05,1,0,0,0,0,0,0,0,0,0,0,0,0,0,0,0,0,0,0
91,cn4426,vertex_exchange,communication,0.019924272,1,0,0,0,0,0,0,33,0,0,0,0,0,0,0,0,4,0,45254
91,cn4426,vertex_exchange_unpack,compute,0.000697010000003,1,0,0,0,0,0,0,0,0,0,0,0,0,0,0,0,0,0,0
91,cn4426,partition_result_io,io,0,0,0,0,0,0,0,0,0,0,0,0,0,0,0,0,0,0,0,0
91,cn4426,volume_exchange_pack,compute,0.064315837,2,0,0,0,0,0,0,22,0,0,0,0,0,0,2,0,0,0,0
91,cn4426,volume_size_exchange,communication,0.017577559,1,0,0,0,0,0,0,3,0,0,0,0,0,0,0,4,4,16,16
91,cn4426,volume_payload_prepare,compute,3.96009999974e-05,1,0,0,0,0,0,0,0,0,0,0,0,0,0,0,0,0,0,0
91,cn4426,volume_payload_exchange,communication,0.011574558,1,0,0,0,0,0,0,30,0,0,0,0,0,0,0,4,4,462240,461400
91,cn4426,volume_exchange_unpack,compute,0.041036919,1,0,0,0,0,0,0,0,0,0,0,0,0,0,1,0,0,0,0
91,cn4426,final_mesh_save,io,0,0,0,0,0,0,0,0,0,0,0,0,0,0,0,0,0,0,0,0
91,cn4426,testout_io,io,0,0,0,0,0,0,0,0,0,0,0,0,0,0,0,0,0,0,0,0
91,cn4426,final_count_exchange,communication,0,0,0,0,0,0,0,0,0,0,0,0,0,0,0,0,0,0,0,0
91,cn4426,quality_evaluation,postprocess,0,0,0,0,0,0,0,0,0,0,0,0,0,0,0,0,0,0,0,0
92,cn4427,geometry_load,io,1.810052079,1,0,0,0,0,0,0,6434,0,1035092,0,0,0,2,14,0,0,0,0
92,cn4427,coarse_local_size,setup,0.450474799,1,0,0,0,0,0,0,7386,0,0,0,0,0,82,24,0,0,0,0
92,cn4427,coarse_edge_mesh,setup,0.012281793,1,0,0,0,0,0,0,519,0,0,0,0,0,0,0,0,0,0,0
92,cn4427,coarse_surface_mesh,setup,8.024218336,1,0,0,0,0,0,0,8179,0,0,0,0,0,0,75,0,0,0,0
92,cn4427,coarse_volume_mesh,setup,13.21363029,1,0,0,0,0,0,0,20324,0,0,0,0,0,35674,1527118,0,0,0,0
92,cn4427,coarse_mesh_save,io,0,0,0,0,0,0,0,0,0,0,0,0,0,0,0,0,0,0,0,0
92,cn4427,submesh_initialization,setup,0.000118561999997,1,0,0,0,0,0,0,1,0,0,0,0,0,0,0,0,0,0,0
92,cn4427,metis_partition,compute,0.362643584,1,0,0,0,0,0,0,58,0,0,0,0,0,0,4,0,0,0,0
92,cn4427,face_map_setup,compute,0.006823945,1,0,0,0,0,0,0,3,0,0,0,0,0,0,0,0,0,0,0
92,cn4427,face_local_extract,compute,0.151753453,1,0,0,0,0,0,0,25,0,0,0,0,0,0,1,0,0,0,0
92,cn4427,face_pre_collective_wait,synchronization,0.091830566,1,0,0,0,0,0,0,1,0,0,0,0,0,0,1,0,0,0,0
92,cn4427,face_collective_setup,compute,0.000106020999993,1,0,0,0,0,0,0,12,0,0,0,0,0,0,0,0,0,0,0
92,cn4427,face_allgatherv,communication,0.120053458,1,0,0,0,0,0,0,100,0,0,0,0,0,0,1,1,1,18952,4859624
92,cn4427,face_global_merge,compute,0.073504137,1,0,0,0,0,0,0,0,0,0,0,0,0,0,0,0,0,0,0
92,cn4427,part_face_create,compute,0.018265448,1,0,0,0,0,0,0,3,0,0,0,0,0,0,0,0,0,0,0
92,cn4427,surface_refine,compute,0.006147217,1,0,0,0,0,0,0,1,0,0,0,0,0,0,0,0,0,0,0
92,cn4427,refined_surface_save,io,0,0,0,0,0,0,0,0,0,0,0,0,0,0,0,0,0,0,0,0
92,cn4427,local_volume_mesh,compute,7.229622664,1,0,0,0,0,0,0,537,0,0,0,0,0,10692,457253,0,0,0,0
92,cn4427,volume_refine,compute,0.308624509,1,0,0,0,0,0,0,3775,0,0,0,0,0,0,3,0,0,0,0
92,cn4427,refined_volume_save,io,0,0,0,0,0,0,0,0,0,0,0,0,0,0,0,0,0,0,0,0
92,cn4427,adjacency_build,compute,0.004329794,1,0,0,0,0,0,0,0,0,0,0,0,0,0,0,0,0,0,0
92,cn4427,vertex_numbering_local,compute,0.005180564,1,0,0,0,0,0,0,2,0,0,0,0,0,0,0,0,0,0,0
92,cn4427,vertex_count_allgather,communication,1.136408295,1,0,0,0,0,0,0,35,0,0,0,0,0,0,10,1,1,4,1024
92,cn4427,element_count_allgather,communication,0.007884218,1,0,0,0,0,0,0,0,0,0,0,0,0,0,0,1,1,4,1024
92,cn4427,vertex_exchange_prepare,compute,1.36199999972e-05,1,0,0,0,0,0,0,0,0,0,0,0,0,0,0,0,0,0,0
92,cn4427,vertex_exchange,communication,0.019343181,1,0,0,0,0,0,0,231,0,0,0,0,0,0,0,5,2,44990,15664
92,cn4427,vertex_exchange_unpack,compute,0.000230901999998,1,0,0,0,0,0,0,0,0,0,0,0,0,0,0,0,0,0,0
92,cn4427,partition_result_io,io,0,0,0,0,0,0,0,0,0,0,0,0,0,0,0,0,0,0,0,0
92,cn4427,volume_exchange_pack,compute,0.0818074,2,0,0,0,0,0,0,1,0,0,0,0,0,0,1,0,0,0,0
92,cn4427,volume_size_exchange,communication,0.003177679,1,0,0,0,0,0,0,2,0,0,0,0,0,0,0,4,4,16,16
92,cn4427,volume_payload_prepare,compute,4.78999999984e-05,1,0,0,0,0,0,0,0,0,0,0,0,0,0,0,0,0,0,0
92,cn4427,volume_payload_exchange,communication,0.006561602,1,0,0,0,0,0,0,10,0,0,0,0,0,0,0,4,4,618960,618600
92,cn4427,volume_exchange_unpack,compute,0.054802244,1,0,0,0,0,0,0,738,0,0,0,0,0,0,1,0,0,0,0
92,cn4427,final_mesh_save,io,0,0,0,0,0,0,0,0,0,0,0,0,0,0,0,0,0,0,0,0
92,cn4427,testout_io,io,0,0,0,0,0,0,0,0,0,0,0,0,0,0,0,0,0,0,0,0
92,cn4427,final_count_exchange,communication,0,0,0,0,0,0,0,0,0,0,0,0,0,0,0,0,0,0,0,0
92,cn4427,quality_evaluation,postprocess,0,0,0,0,0,0,0,0,0,0,0,0,0,0,0,0,0,0,0,0
93,cn4428,geometry_load,io,1.726624477,1,0,0,0,0,0,0,6414,0,1035092,0,0,0,2,2,0,0,0,0
93,cn4428,coarse_local_size,setup,0.442317262,1,0,0,0,0,0,0,7361,0,0,0,0,0,98,20,0,0,0,0
93,cn4428,coarse_edge_mesh,setup,0.012688076,1,0,0,0,0,0,0,570,0,0,0,0,0,0,0,0,0,0,0
93,cn4428,coarse_surface_mesh,setup,8.170773067,1,0,0,0,0,0,0,10844,0,0,0,0,0,0,8,0,0,0,0
93,cn4428,coarse_volume_mesh,setup,13.29722118,1,0,0,0,0,0,0,31030,0,0,0,0,0,36875,1547370,0,0,0,0
93,cn4428,coarse_mesh_save,io,0,0,0,0,0,0,0,0,0,0,0,0,0,0,0,0,0,0,0,0
93,cn4428,submesh_initialization,setup,0.000125762000003,1,0,0,0,0,0,0,2,0,0,0,0,0,0,0,0,0,0,0
93,cn4428,metis_partition,compute,0.378525299,1,0,0,0,0,0,0,592,0,0,0,0,0,0,0,0,0,0,0
93,cn4428,face_map_setup,compute,0.00722206,1,0,0,0,0,0,0,222,0,0,0,0,0,0,0,0,0,0,0
93,cn4428,face_local_extract,compute,0.15961755,1,0,0,0,0,0,0,612,0,0,0,0,0,0,0,0,0,0,0
93,cn4428,face_pre_collective_wait,synchronization,0.067704897,1,0,0,0,0,0,0,5,0,0,0,0,0,0,1,0,0,0,0
93,cn4428,face_collective_setup,compute,0.000131121999999,1,0,0,0,0,0,0,16,0,0,0,0,0,0,0,0,0,0,0
93,cn4428,face_allgatherv,communication,0.119983521,1,0,0,0,0,0,0,644,0,0,0,0,0,0,0,1,1,18952,4859624
93,cn4428,face_global_merge,compute,0.079448399,1,0,0,0,0,0,0,592,0,0,0,0,0,0,0,0,0,0,0
93,cn4428,part_face_create,compute,0.019538151,1,0,0,0,0,0,0,3,0,0,0,0,0,0,0,0,0,0,0
93,cn4428,surface_refine,compute,0.006618632,1,0,0,0,0,0,0,39,0,0,0,0,0,0,0,0,0,0,0
93,cn4428,refined_surface_save,io,0,0,0,0,0,0,0,0,0,0,0,0,0,0,0,0,0,0,0,0
93,cn4428,local_volume_mesh,compute,6.690706023,1,0,0,0,0,0,0,2183,0,0,0,0,0,12436,487541,0,0,0,0
93,cn4428,volume_refine,compute,0.270038577,1,0,0,0,0,0,0,5446,0,0,0,0,0,0,1,0,0,0,0
93,cn4428,refined_volume_save,io,0,0,0,0,0,0,0,0,0,0,0,0,0,0,0,0,0,0,0,0
93,cn4428,adjacency_build,compute,0.004783446,1,0,0,0,0,0,0,19,0,0,0,0,0,0,0,0,0,0,0
93,cn4428,vertex_numbering_local,compute,0.005431016,1,0,0,0,0,0,0,2,0,0,0,0,0,0,0,0,0,0,0
93,cn4428,vertex_count_allgather,communication,1.70512138,1,0,0,0,0,0,0,54,0,0,0,0,0,0,1,1,1,4,1024
93,cn4428,element_count_allgather,communication,0.007973391,1,0,0,0,0,0,0,0,0,0,0,0,0,0,0,1,1,4,1024
93,cn4428,vertex_exchange_prepare,compute,1.92810000001e-05,1,0,0,0,0,0,0,0,0,0,0,0,0,0,0,0,0,0,0
93,cn4428,vertex_exchange,communication,0.011017692,1,0,0,0,0,0,0,38,0,0,0,0,0,0,0,4,2,38566,30316
93,cn4428,vertex_exchange_unpack,compute,0.000490946000006,1,0,0,0,0,0,0,0,0,0,0,0,0,0,0,0,0,0,0
93,cn4428,partition_result_io,io,0,0,0,0,0,0,0,0,0,0,0,0,0,0,0,0,0,0,0,0
93,cn4428,volume_exchange_pack,compute,0.075496885,2,0,0,0,0,0,0,1,0,0,0,0,0,0,0,0,0,0,0
93,cn4428,volume_size_exchange,communication,0.014377659,1,0,0,0,0,0,0,0,0,0,0,0,0,0,1,3,3,12,12
93,cn4428,volume_payload_prepare,compute,5.70209999964e-05,1,0,0,0,0,0,0,0,0,0,0,0,0,0,0,0,0,0,0
93,cn4428,volume_payload_exchange,communication,0.009715474,1,0,0,0,0,0,0,16,0,0,0,0,0,0,0,3,3,717000,711360
93,cn4428,volume_exchange_unpack,compute,0.099594519,1,0,0,0,0,0,0,677,0,0,0,0,0,0,0,0,0,0,0
93,cn4428,final_mesh_save,io,0,0,0,0,0,0,0,0,0,0,0,0,0,0,0,0,0,0,0,0
93,cn4428,testout_io,io,0,0,0,0,0,0,0,0,0,0,0,0,0,0,0,0,0,0,0,0
93,cn4428,final_count_exchange,communication,0,0,0,0,0,0,0,0,0,0,0,0,0,0,0,0,0,0,0,0
93,cn4428,quality_evaluation,postprocess,0,0,0,0,0,0,0,0,0,0,0,0,0,0,0,0,0,0,0,0
94,cn4429,geometry_load,io,1.738729392,1,0,0,0,0,0,0,6341,0,1035092,0,0,0,2,15,0,0,0,0
94,cn4429,coarse_local_size,setup,0.445647205,1,0,0,0,0,0,0,7649,0,0,0,0,0,118,53,0,0,0,0
94,cn4429,coarse_edge_mesh,setup,0.01261814,1,0,0,0,0,0,0,581,0,0,0,0,0,0,0,0,0,0,0
94,cn4429,coarse_surface_mesh,setup,8.153500966,1,0,0,0,0,0,0,10815,0,0,0,0,0,0,73,0,0,0,0
94,cn4429,coarse_volume_mesh,setup,14.140545148,1,0,0,0,0,0,0,31970,0,0,0,0,0,83369,2885015,0,0,0,0
94,cn4429,coarse_mesh_save,io,0,0,0,0,0,0,0,0,0,0,0,0,0,0,0,0,0,0,0,0
94,cn4429,submesh_initialization,setup,0.000124182,1,0,0,0,0,0,0,2,0,0,0,0,0,0,0,0,0,0,0
94,cn4429,metis_partition,compute,0.375151183,1,0,0,0,0,0,0,589,0,0,0,0,0,0,3,0,0,0,0
94,cn4429,face_map_setup,compute,0.007378002,1,0,0,0,0,0,0,229,0,0,0,0,0,0,0,0,0,0,0
94,cn4429,face_local_extract,compute,0.160298948,1,0,0,0,0,0,0,713,0,0,0,0,0,0,1,0,0,0,0
94,cn4429,face_pre_collective_wait,synchronization,0.070192683,1,0,0,0,0,0,0,2,0,0,0,0,0,0,1,0,0,0,0
94,cn4429,face_collective_setup,compute,0.000111540999995,1,0,0,0,0,0,0,16,0,0,0,0,0,0,0,0,0,0,0
94,cn4429,face_allgatherv,communication,0.120028859,1,0,0,0,0,0,0,681,0,0,0,0,0,0,2,1,1,18952,4859624
94,cn4429,face_global_merge,compute,0.079146522,1,0,0,0,0,0,0,432,0,0,0,0,0,0,0,0,0,0,0
94,cn4429,part_face_create,compute,0.019571578,1,0,0,0,0,0,0,3,0,0,0,0,0,0,1,0,0,0,0
94,cn4429,surface_refine,compute,0.006674894,1,0,0,0,0,0,0,40,0,0,0,0,0,0,0,0,0,0,0
94,cn4429,refined_surface_save,io,0,0,0,0,0,0,0,0,0,0,0,0,0,0,0,0,0,0,0,0
94,cn4429,local_volume_mesh,compute,5.964221822,1,0,0,0,0,0,0,2428,0,0,0,0,0,57611,1795106,0,0,0,0
94,cn4429,volume_refine,compute,0.216940339,1,0,0,0,0,0,0,5319,0,0,0,0,0,0,1,0,0,0,0
94,cn4429,refined_volume_save,io,0,0,0,0,0,0,0,0,0,0,0,0,0,0,0,0,0,0,0,0
94,cn4429,adjacency_build,compute,0.004936095,1,0,0,0,0,0,0,8,0,0,0,0,0,0,0,0,0,0,0
94,cn4429,vertex_numbering_local,compute,0.008290112,1,0,0,0,0,0,0,3,0,0,0,0,0,0,0,0,0,0,0
94,cn4429,vertex_count_allgather,communication,2.482002854,1,0,0,0,0,0,0,50,0,0,0,0,0,0,21,1,1,4,1024
94,cn4429,element_count_allgather,communication,0.007954688,1,0,0,0,0,0,0,1,0,0,0,0,0,0,0,1,1,4,1024
94,cn4429,vertex_exchange_prepare,compute,2.8180000001e-05,1,0,0,0,0,0,0,0,0,0,0,0,0,0,0,0,0,0,0
94,cn4429,vertex_exchange,communication,0.01160067,1,0,0,0,0,0,0,38,0,0,0,0,0,0,1,4,8,42130,142428
94,cn4429,vertex_exchange_unpack,compute,0.002042243,1,0,0,0,0,0,0,0,0,0,0,0,0,0,0,0,0,0,0
94,cn4429,partition_result_io,io,0,0,0,0,0,0,0,0,0,0,0,0,0,0,0,0,0,0,0,0
94,cn4429,volume_exchange_pack,compute,0.087311353,2,0,0,0,0,0,0,2,0,0,0,0,0,0,1,0,0,0,0
94,cn4429,volume_size_exchange,communication,0.009199063,1,0,0,0,0,0,0,9,0,0,0,0,0,0,0,9,9,36,36
94,cn4429,volume_payload_prepare,compute,0.000142961999998,1,0,0,0,0,0,0,0,0,0,0,0,0,0,0,0,0,0,0
94,cn4429,volume_payload_exchange,communication,0.003966964,1,0,0,0,0,0,0,30,0,0,0,0,0,0,0,9,9,1959600,1957320
94,cn4429,volume_exchange_unpack,compute,0.061176122,1,0,0,0,0,0,0,757,0,0,0,0,0,0,1,0,0,0,0
94,cn4429,final_mesh_save,io,0,0,0,0,0,0,0,0,0,0,0,0,0,0,0,0,0,0,0,0
94,cn4429,testout_io,io,0,0,0,0,0,0,0,0,0,0,0,0,0,0,0,0,0,0,0,0
94,cn4429,final_count_exchange,communication,0,0,0,0,0,0,0,0,0,0,0,0,0,0,0,0,0,0,0,0
94,cn4429,quality_evaluation,postprocess,0,0,0,0,0,0,0,0,0,0,0,0,0,0,0,0,0,0,0,0
95,cn4430,geometry_load,io,1.7319901,1,0,0,0,0,0,0,6345,0,1035092,0,0,0,2,2,0,0,0,0
95,cn4430,coarse_local_size,setup,0.446120439,1,0,0,0,0,0,0,7539,0,0,0,0,0,82,21,0,0,0,0
95,cn4430,coarse_edge_mesh,setup,0.012705402,1,0,0,0,0,0,0,523,0,0,0,0,0,0,0,0,0,0,0
95,cn4430,coarse_surface_mesh,setup,8.182218908,1,0,0,0,0,0,0,11023,0,0,0,0,0,0,11,0,0,0,0
95,cn4430,coarse_volume_mesh,setup,13.263816543,1,0,0,0,0,0,0,33864,0,0,0,0,0,36699,1573837,0,0,0,0
95,cn4430,coarse_mesh_save,io,0,0,0,0,0,0,0,0,0,0,0,0,0,0,0,0,0,0,0,0
95,cn4430,submesh_initialization,setup,0.000128721999999,1,0,0,0,0,0,0,1,0,0,0,0,0,0,0,0,0,0,0
95,cn4430,metis_partition,compute,0.377855556,1,0,0,0,0,0,0,424,0,0,0,0,0,0,0,0,0,0,0
95,cn4430,face_map_setup,compute,0.007360926,1,0,0,0,0,0,0,225,0,0,0,0,0,0,0,0,0,0,0
95,cn4430,face_local_extract,compute,0.161574625,1,0,0,0,0,0,0,629,0,0,0,0,0,0,0,0,0,0,0
95,cn4430,face_pre_collective_wait,synchronization,0.066247053,1,0,0,0,0,0,0,2,0,0,0,0,0,0,0,0,0,0,0
95,cn4430,face_collective_setup,compute,0.000112962000003,1,0,0,0,0,0,0,16,0,0,0,0,0,0,0,0,0,0,0
95,cn4430,face_allgatherv,communication,0.119926786,1,0,0,0,0,0,0,643,0,0,0,0,0,0,1,1,1,18952,4859624
95,cn4430,face_global_merge,compute,0.079440863,1,0,0,0,0,0,0,566,0,0,0,0,0,0,0,0,0,0,0
95,cn4430,part_face_create,compute,0.0194469,1,0,0,0,0,0,0,3,0,0,0,0,0,0,0,0,0,0,0
95,cn4430,surface_refine,compute,0.006163389,1,0,0,0,0,0,0,40,0,0,0,0,0,0,0,0,0,0,0
95,cn4430,refined_surface_save,io,0,0,0,0,0,0,0,0,0,0,0,0,0,0,0,0,0,0,0,0
95,cn4430,local_volume_mesh,compute,6.598701243,1,0,0,0,0,0,0,1800,0,0,0,0,0,13243,446763,0,0,0,0
95,cn4430,volume_refine,compute,0.201240575,1,0,0,0,0,0,0,5653,0,0,0,0,0,0,0,0,0,0,0
95,cn4430,refined_volume_save,io,0,0,0,0,0,0,0,0,0,0,0,0,0,0,0,0,0,0,0,0
95,cn4430,adjacency_build,compute,0.004936791,1,0,0,0,0,0,0,5,0,0,0,0,0,0,0,0,0,0,0
95,cn4430,vertex_numbering_local,compute,0.007447227,1,0,0,0,0,0,0,12,0,0,0,0,0,0,0,0,0,0,0
95,cn4430,vertex_count_allgather,communication,1.864423126,1,0,0,0,0,0,0,51,0,0,0,0,0,0,3,1,1,4,1024
95,cn4430,element_count_allgather,communication,0.00780831300001,1,0,0,0,0,0,0,1,0,0,0,0,0,0,0,1,1,4,1024
95,cn4430,vertex_exchange_prepare,compute,3.09600000037e-05,1,0,0,0,0,0,0,0,0,0,0,0,0,0,0,0,0,0,0
95,cn4430,vertex_exchange,communication,0.020980822,1,0,0,0,0,0,0,291,0,0,0,0,0,0,0,0,10,0,173184
95,cn4430,vertex_exchange_unpack,compute,0.002485656,1,0,0,0,0,0,0,0,0,0,0,0,0,0,0,0,0,0,0
95,cn4430,partition_result_io,io,0,0,0,0,0,0,0,0,0,0,0,0,0,0,0,0,0,0,0,0
95,cn4430,volume_exchange_pack,compute,0.081255269,2,0,0,0,0,0,0,3,0,0,0,0,0,0,0,0,0,0,0
95,cn4430,volume_size_exchange,communication,0.002650058,1,0,0,0,0,0,0,13,0,0,0,0,0,0,0,8,8,32,32
95,cn4430,volume_payload_prepare,compute,0.000136961999999,1,0,0,0,0,0,0,0,0,0,0,0,0,0,0,0,0,0,0
95,cn4430,volume_payload_exchange,communication,0.004807129,1,0,0,0,0,0,0,31,0,0,0,0,0,0,0,8,8,1857120,1862520
95,cn4430,volume_exchange_unpack,compute,0.056486133,1,0,0,0,0,0,0,224,0,0,0,0,0,0,0,0,0,0,0
95,cn4430,final_mesh_save,io,0,0,0,0,0,0,0,0,0,0,0,0,0,0,0,0,0,0,0,0
95,cn4430,testout_io,io,0,0,0,0,0,0,0,0,0,0,0,0,0,0,0,0,0,0,0,0
95,cn4430,final_count_exchange,communication,0,0,0,0,0,0,0,0,0,0,0,0,0,0,0,0,0,0,0,0
95,cn4430,quality_evaluation,postprocess,0,0,0,0,0,0,0,0,0,0,0,0,0,0,0,0,0,0,0,0
96,cn4431,geometry_load,io,1.739184565,1,0,0,0,0,0,0,6334,0,1035092,0,0,0,2,4,0,0,0,0
96,cn4431,coarse_local_size,setup,0.444985769,1,0,0,0,0,0,0,7140,0,0,0,0,0,108,20,0,0,0,0
96,cn4431,coarse_edge_mesh,setup,0.012562842,1,0,0,0,0,0,0,523,0,0,0,0,0,0,0,0,0,0,0
96,cn4431,coarse_surface_mesh,setup,8.165290354,1,0,0,0,0,0,0,10864,0,0,0,0,0,0,9,0,0,0,0
96,cn4431,coarse_volume_mesh,setup,13.403196303,1,0,0,0,0,0,0,31935,0,0,0,0,0,37186,1505794,0,0,0,0
96,cn4431,coarse_mesh_save,io,0,0,0,0,0,0,0,0,0,0,0,0,0,0,0,0,0,0,0,0
96,cn4431,submesh_initialization,setup,0.000125400999998,1,0,0,0,0,0,0,2,0,0,0,0,0,0,0,0,0,0,0
96,cn4431,metis_partition,compute,0.377552531,1,0,0,0,0,0,0,515,0,0,0,0,0,0,1,0,0,0,0
96,cn4431,face_map_setup,compute,0.00719692400001,1,0,0,0,0,0,0,225,0,0,0,0,0,0,0,0,0,0,0
96,cn4431,face_local_extract,compute,0.1614533,1,0,0,0,0,0,0,636,0,0,0,0,0,0,0,0,0,0,0
96,cn4431,face_pre_collective_wait,synchronization,0.066801888,1,0,0,0,0,0,0,2,0,0,0,0,0,0,0,0,0,0,0
96,cn4431,face_collective_setup,compute,0.000110381000006,1,0,0,0,0,0,0,16,0,0,0,0,0,0,0,0,0,0,0
96,cn4431,face_allgatherv,communication,0.119929918,1,0,0,0,0,0,0,709,0,0,0,0,0,0,0,1,1,18952,4859624
96,cn4431,face_global_merge,compute,0.078453797,1,0,0,0,0,0,0,446,0,0,0,0,0,0,0,0,0,0,0
96,cn4431,part_face_create,compute,0.019620964,1,0,0,0,0,0,0,3,0,0,0,0,0,0,0,0,0,0,0
96,cn4431,surface_refine,compute,0.006582455,1,0,0,0,0,0,0,41,0,0,0,0,0,0,0,0,0,0,0
96,cn4431,refined_surface_save,io,0,0,0,0,0,0,0,0,0,0,0,0,0,0,0,0,0,0,0,0
96,cn4431,local_volume_mesh,compute,6.547393006,1,0,0,0,0,0,0,2289,0,0,0,0,0,9041,366090,0,0,0,0
96,cn4431,volume_refine,compute,0.225289965,1,0,0,0,0,0,0,4902,0,0,0,0,0,0,0,0,0,0,0
96,cn4431,refined_volume_save,io,0,0,0,0,0,0,0,0,0,0,0,0,0,0,0,0,0,0,0,0
96,cn4431,adjacency_build,compute,0.004991432,1,0,0,0,0,0,0,8,0,0,0,0,0,0,0,0,0,0,0
96,cn4431,vertex_numbering_local,compute,0.00759269,1,0,0,0,0,0,0,4,0,0,0,0,0,0,0,0,0,0,0
96,cn4431,vertex_count_allgather,communication,1.891985319,1,0,0,0,0,0,0,57,0,0,0,0,0,0,3,1,1,4,1024
96,cn4431,element_count_allgather,communication,0.007659031,1,0,0,0,0,0,0,0,0,0,0,0,0,0,0,1,1,4,1024
96,cn4431,vertex_exchange_prepare,compute,1.34810000034e-05,1,0,0,0,0,0,0,0,0,0,0,0,0,0,0,0,0,0,0
96,cn4431,vertex_exchange,communication,0.011794131,1,0,0,0,0,0,0,50,0,0,0,0,0,0,0,8,4,169224,3542
96,cn4431,vertex_exchange_unpack,compute,9.67010000039e-05,1,0,0,0,0,0,0,0,0,0,0,0,0,0,0,0,0,0,0
96,cn4431,partition_result_io,io,0,0,0,0,0,0,0,0,0,0,0,0,0,0,0,0,0,0,0,0
96,cn4431,volume_exchange_pack,compute,0.090437891,2,0,0,0,0,0,0,1,0,0,0,0,0,0,0,0,0,0,0
96,cn4431,volume_size_exchange,communication,0.011122781,1,0,0,0,0,0,0,6,0,0,0,0,0,0,0,7,7,28,28
96,cn4431,volume_payload_prepare,compute,0.000133262000006,1,0,0,0,0,0,0,0,0,0,0,0,0,0,0,0,0,0,0
96,cn4431,volume_payload_exchange,communication,0.045665182,1,0,0,0,0,0,0,5,0,0,0,0,0,0,0,7,7,1828680,1831920
96,cn4431,volume_exchange_unpack,compute,0.065057383,1,0,0,0,0,0,0,1032,0,0,0,0,0,0,0,0,0,0,0
96,cn4431,final_mesh_save,io,0,0,0,0,0,0,0,0,0,0,0,0,0,0,0,0,0,0,0,0
96,cn4431,testout_io,io,0,0,0,0,0,0,0,0,0,0,0,0,0,0,0,0,0,0,0,0
96,cn4431,final_count_exchange,communication,0,0,0,0,0,0,0,0,0,0,0,0,0,0,0,0,0,0,0,0
96,cn4431,quality_evaluation,postprocess,0,0,0,0,0,0,0,0,0,0,0,0,0,0,0,0,0,0,0,0
97,cn4432,geometry_load,io,1.738226802,1,0,0,0,0,0,0,6338,0,1035092,0,0,0,2,3,0,0,0,0
97,cn4432,coarse_local_size,setup,0.444700964,1,0,0,0,0,0,0,6971,0,0,0,0,0,84,19,0,0,0,0
97,cn4432,coarse_edge_mesh,setup,0.012695406,1,0,0,0,0,0,0,568,0,0,0,0,0,0,0,0,0,0,0
97,cn4432,coarse_surface_mesh,setup,8.184285632,1,0,0,0,0,0,0,11039,0,0,0,0,0,0,12,0,0,0,0
97,cn4432,coarse_volume_mesh,setup,13.174436498,1,0,0,0,0,0,0,29596,0,0,0,0,0,36229,1379842,0,0,0,0
97,cn4432,coarse_mesh_save,io,0,0,0,0,0,0,0,0,0,0,0,0,0,0,0,0,0,0,0,0
97,cn4432,submesh_initialization,setup,0.000120621000001,1,0,0,0,0,0,0,3,0,0,0,0,0,0,0,0,0,0,0
97,cn4432,metis_partition,compute,0.372836463,1,0,0,0,0,0,0,425,0,0,0,0,0,0,1,0,0,0,0
97,cn4432,face_map_setup,compute,0.0075663,1,0,0,0,0,0,0,224,0,0,0,0,0,0,0,0,0,0,0
97,cn4432,face_local_extract,compute,0.157193439,1,0,0,0,0,0,0,641,0,0,0,0,0,0,0,0,0,0,0
97,cn4432,face_pre_collective_wait,synchronization,0.075443868,1,0,0,0,0,0,0,2,0,0,0,0,0,0,0,0,0,0,0
97,cn4432,face_collective_setup,compute,0.000111001999997,1,0,0,0,0,0,0,16,0,0,0,0,0,0,0,0,0,0,0
97,cn4432,face_allgatherv,communication,0.11991493,1,0,0,0,0,0,0,1154,0,0,0,0,0,0,0,1,1,18952,4859624
97,cn4432,face_global_merge,compute,0.079362119,1,0,0,0,0,0,0,425,0,0,0,0,0,0,0,0,0,0,0
97,cn4432,part_face_create,compute,0.019595336,1,0,0,0,0,0,0,3,0,0,0,0,0,0,0,0,0,0,0
97,cn4432,surface_refine,compute,0.006384803,1,0,0,0,0,0,0,39,0,0,0,0,0,0,0,0,0,0,0
97,cn4432,refined_surface_save,io,0,0,0,0,0,0,0,0,0,0,0,0,0,0,0,0,0,0,0,0
97,cn4432,local_volume_mesh,compute,6.255666917,1,0,0,0,0,0,0,2522,0,0,0,0,0,6193,286611,0,0,0,0
97,cn4432,volume_refine,compute,0.230719661,1,0,0,0,0,0,0,6663,0,0,0,0,0,0,1,0,0,0,0
97,cn4432,refined_volume_save,io,0,0,0,0,0,0,0,0,0,0,0,0,0,0,0,0,0,0,0,0
97,cn4432,adjacency_build,compute,0.004987545,1,0,0,0,0,0,0,15,0,0,0,0,0,0,0,0,0,0,0
97,cn4432,vertex_numbering_local,compute,0.007721981,1,0,0,0,0,0,0,28,0,0,0,0,0,0,0,0,0,0,0
97,cn4432,vertex_count_allgather,communication,2.177508954,1,0,0,0,0,0,0,57,0,0,0,0,0,0,5,1,1,4,1024
97,cn4432,element_count_allgather,communication,0.007884883,1,0,0,0,0,0,0,0,0,0,0,0,0,0,0,1,1,4,1024
97,cn4432,vertex_exchange_prepare,compute,1.96009999982e-05,1,0,0,0,0,0,0,0,0,0,0,0,0,0,0,0,0,0,0
97,cn4432,vertex_exchange,communication,0.020709171,1,0,0,0,0,0,0,287,0,0,0,0,0,0,0,9,7,117150,46838
97,cn4432,vertex_exchange_unpack,compute,0.000706169000004,1,0,0,0,0,0,0,0,0,0,0,0,0,0,0,0,0,0,0
97,cn4432,partition_result_io,io,0,0,0,0,0,0,0,0,0,0,0,0,0,0,0,0,0,0,0,0
97,cn4432,volume_exchange_pack,compute,0.092014586,2,0,0,0,0,0,0,1,0,0,0,0,0,0,0,0,0,0,0
97,cn4432,volume_size_exchange,communication,0.003523526,1,0,0,0,0,0,0,2,0,0,0,0,0,0,0,7,7,28,28
97,cn4432,volume_payload_prepare,compute,0.000123622000004,1,0,0,0,0,0,0,0,0,0,0,0,0,0,0,0,0,0,0
97,cn4432,volume_payload_exchange,communication,0.042956042,1,0,0,0,0,0,0,22,0,0,0,0,0,0,0,7,7,1698120,1711320
97,cn4432,volume_exchange_unpack,compute,0.063482532,1,0,0,0,0,0,0,765,0,0,0,0,0,0,0,0,0,0,0
97,cn4432,final_mesh_save,io,0,0,0,0,0,0,0,0,0,0,0,0,0,0,0,0,0,0,0,0
97,cn4432,testout_io,io,0,0,0,0,0,0,0,0,0,0,0,0,0,0,0,0,0,0,0,0
97,cn4432,final_count_exchange,communication,0,0,0,0,0,0,0,0,0,0,0,0,0,0,0,0,0,0,0,0
97,cn4432,quality_evaluation,postprocess,0,0,0,0,0,0,0,0,0,0,0,0,0,0,0,0,0,0,0,0
98,cn4433,geometry_load,io,1.771020636,1,0,0,0,0,0,0,6477,0,1035092,0,0,0,2,4,0,0,0,0
98,cn4433,coarse_local_size,setup,0.456720016,1,0,0,0,0,0,0,7471,0,0,0,0,0,97,21,0,0,0,0
98,cn4433,coarse_edge_mesh,setup,0.012569121,1,0,0,0,0,0,0,576,0,0,0,0,0,0,0,0,0,0,0
98,cn4433,coarse_surface_mesh,setup,8.187154015,1,0,0,0,0,0,0,11032,0,0,0,0,0,0,9,0,0,0,0
98,cn4433,coarse_volume_mesh,setup,13.429411189,1,0,0,0,0,0,0,32288,0,0,0,0,0,38755,1674168,0,0,0,0
98,cn4433,coarse_mesh_save,io,0,0,0,0,0,0,0,0,0,0,0,0,0,0,0,0,0,0,0,0
98,cn4433,submesh_initialization,setup,0.000120401000004,1,0,0,0,0,0,0,2,0,0,0,0,0,0,0,0,0,0,0
98,cn4433,metis_partition,compute,0.382542045,1,0,0,0,0,0,0,561,0,0,0,0,0,0,0,0,0,0,0
98,cn4433,face_map_setup,compute,0.007222281,1,0,0,0,0,0,0,225,0,0,0,0,0,0,0,0,0,0,0
98,cn4433,face_local_extract,compute,0.153809123,1,0,0,0,0,0,0,624,0,0,0,0,0,0,0,0,0,0,0
98,cn4433,face_pre_collective_wait,synchronization,0.069401077,1,0,0,0,0,0,0,2,0,0,0,0,0,0,0,0,0,0,0
98,cn4433,face_collective_setup,compute,0.000110221,1,0,0,0,0,0,0,15,0,0,0,0,0,0,0,0,0,0,0
98,cn4433,face_allgatherv,communication,0.119913023,1,0,0,0,0,0,0,831,0,0,0,0,0,0,0,1,1,18952,4859624
98,cn4433,face_global_merge,compute,0.077999974,1,0,0,0,0,0,0,364,0,0,0,0,0,0,0,0,0,0,0
98,cn4433,part_face_create,compute,0.019377517,1,0,0,0,0,0,0,3,0,0,0,0,0,0,0,0,0,0,0
98,cn4433,surface_refine,compute,0.006551754,1,0,0,0,0,0,0,3,0,0,0,0,0,0,0,0,0,0,0
98,cn4433,refined_surface_save,io,0,0,0,0,0,0,0,0,0,0,0,0,0,0,0,0,0,0,0,0
98,cn4433,local_volume_mesh,compute,7.088025365,1,0,0,0,0,0,0,2264,0,0,0,0,0,13248,504958,0,0,0,0
98,cn4433,volume_refine,compute,0.260457137,1,0,0,0,0,0,0,5633,0,0,0,0,0,0,0,0,0,0,0
98,cn4433,refined_volume_save,io,0,0,0,0,0,0,0,0,0,0,0,0,0,0,0,0,0,0,0,0
98,cn4433,adjacency_build,compute,0.004725153,1,0,0,0,0,0,0,11,0,0,0,0,0,0,0,0,0,0,0
98,cn4433,vertex_numbering_local,compute,0.00524493899999,1,0,0,0,0,0,0,2,0,0,0,0,0,0,0,0,0,0,0
98,cn4433,vertex_count_allgather,communication,1.3196626,1,0,0,0,0,0,0,57,0,0,0,0,0,0,1,1,1,4,1024
98,cn4433,element_count_allgather,communication,0.007836508,1,0,0,0,0,0,0,0,0,0,0,0,0,0,0,1,1,4,1024
98,cn4433,vertex_exchange_prepare,compute,1.40209999984e-05,1,0,0,0,0,0,0,0,0,0,0,0,0,0,0,0,0,0,0
98,cn4433,vertex_exchange,communication,0.010926982,1,0,0,0,0,0,0,244,0,0,0,0,0,0,0,5,3,30052,29898
98,cn4433,vertex_exchange_unpack,compute,0.000460425999997,1,0,0,0,0,0,0,0,0,0,0,0,0,0,0,0,0,0,0
98,cn4433,partition_result_io,io,0,0,0,0,0,0,0,0,0,0,0,0,0,0,0,0,0,0,0,0
98,cn4433,volume_exchange_pack,compute,0.073311681,2,0,0,0,0,0,0,1,0,0,0,0,0,0,0,0,0,0,0
98,cn4433,volume_size_exchange,communication,0.017474475,1,0,0,0,0,0,0,9,0,0,0,0,0,0,0,3,3,12,12
98,cn4433,volume_payload_prepare,compute,5.09400000013e-05,1,0,0,0,0,0,0,0,0,0,0,0,0,0,0,0,0,0,0
98,cn4433,volume_payload_exchange,communication,0.011888093,1,0,0,0,0,0,0,27,0,0,0,0,0,0,0,3,3,625680,619200
98,cn4433,volume_exchange_unpack,compute,0.100152841,1,0,0,0,0,0,0,567,0,0,0,0,0,0,0,0,0,0,0
98,cn4433,final_mesh_save,io,0,0,0,0,0,0,0,0,0,0,0,0,0,0,0,0,0,0,0,0
98,cn4433,testout_io,io,0,0,0,0,0,0,0,0,0,0,0,0,0,0,0,0,0,0,0,0
98,cn4433,final_count_exchange,communication,0,0,0,0,0,0,0,0,0,0,0,0,0,0,0,0,0,0,0,0
98,cn4433,quality_evaluation,postprocess,0,0,0,0,0,0,0,0,0,0,0,0,0,0,0,0,0,0,0,0
99,cn4434,geometry_load,io,1.72830386,1,0,0,0,0,0,0,6317,0,1035092,0,0,0,2,3,0,0,0,0
99,cn4434,coarse_local_size,setup,0.46362373,1,0,0,0,0,0,0,7623,0,0,0,0,0,112,21,0,0,0,0
99,cn4434,coarse_edge_mesh,setup,0.012618522,1,0,0,0,0,0,0,550,0,0,0,0,0,0,0,0,0,0,0
99,cn4434,coarse_surface_mesh,setup,8.161193836,1,0,0,0,0,0,0,10802,0,0,0,0,0,0,8,0,0,0,0
99,cn4434,coarse_volume_mesh,setup,13.245602427,1,0,0,0,0,0,0,30690,0,0,0,0,0,34632,1480246,0,0,0,0
99,cn4434,coarse_mesh_save,io,0,0,0,0,0,0,0,0,0,0,0,0,0,0,0,0,0,0,0,0
99,cn4434,submesh_initialization,setup,0.000128420999999,1,0,0,0,0,0,0,1,0,0,0,0,0,0,0,0,0,0,0
99,cn4434,metis_partition,compute,0.37710954,1,0,0,0,0,0,0,459,0,0,0,0,0,0,0,0,0,0,0
99,cn4434,face_map_setup,compute,0.007287373,1,0,0,0,0,0,0,228,0,0,0,0,0,0,0,0,0,0,0
99,cn4434,face_local_extract,compute,0.157470201,1,0,0,0,0,0,0,647,0,0,0,0,0,0,0,0,0,0,0
99,cn4434,face_pre_collective_wait,synchronization,0.071168154,1,0,0,0,0,0,0,2,0,0,0,0,0,0,0,0,0,0,0
99,cn4434,face_collective_setup,compute,0.000111460999996,1,0,0,0,0,0,0,15,0,0,0,0,0,0,0,0,0,0,0
99,cn4434,face_allgatherv,communication,0.119882239,1,0,0,0,0,0,0,816,0,0,0,0,0,0,0,1,1,18952,4859624
99,cn4434,face_global_merge,compute,0.078312365,1,0,0,0,0,0,0,394,0,0,0,0,0,0,0,0,0,0,0
99,cn4434,part_face_create,compute,0.019350828,1,0,0,0,0,0,0,4,0,0,0,0,0,0,0,0,0,0,0
99,cn4434,surface_refine,compute,0.00674022600001,1,0,0,0,0,0,0,3,0,0,0,0,0,0,0,0,0,0,0
99,cn4434,refined_surface_save,io,0,0,0,0,0,0,0,0,0,0,0,0,0,0,0,0,0,0,0,0
99,cn4434,local_volume_mesh,compute,7.043440871,1,0,0,0,0,0,0,2191,0,0,0,0,0,12566,476916,0,0,0,0
99,cn4434,volume_refine,compute,0.257783368,1,0,0,0,0,0,0,5708,0,0,0,0,0,0,1,0,0,0,0
99,cn4434,refined_volume_save,io,0,0,0,0,0,0,0,0,0,0,0,0,0,0,0,0,0,0,0,0
99,cn4434,adjacency_build,compute,0.004765961,1,0,0,0,0,0,0,12,0,0,0,0,0,0,0,0,0,0,0
99,cn4434,vertex_numbering_local,compute,0.005093945,1,0,0,0,0,0,0,4,0,0,0,0,0,0,0,0,0,0,0
99,cn4434,vertex_count_allgather,communication,1.366257334,1,0,0,0,0,0,0,52,0,0,0,0,0,0,1,1,1,4,1024
99,cn4434,element_count_allgather,communication,0.007611498,1,0,0,0,0,0,0,0,0,0,0,0,0,0,0,1,1,4,1024
99,cn4434,vertex_exchange_prepare,compute,1.43600000015e-05,1,0,0,0,0,0,0,0,0,0,0,0,0,0,0,0,0,0,0
99,cn4434,vertex_exchange,communication,0.01014515,1,0,0,0,0,0,0,36,0,0,0,0,0,0,0,3,3,18920,38962
99,cn4434,vertex_exchange_unpack,compute,0.000599927000003,1,0,0,0,0,0,0,0,0,0,0,0,0,0,0,0,0,0,0
99,cn4434,partition_result_io,io,0,0,0,0,0,0,0,0,0,0,0,0,0,0,0,0,0,0,0,0
99,cn4434,volume_exchange_pack,compute,0.075777012,2,0,0,0,0,0,0,1,0,0,0,0,0,0,0,0,0,0,0
99,cn4434,volume_size_exchange,communication,0.026776724,1,0,0,0,0,0,0,10,0,0,0,0,0,0,0,4,4,16,16
99,cn4434,volume_payload_prepare,compute,4.78999999984e-05,1,0,0,0,0,0,0,0,0,0,0,0,0,0,0,0,0,0,0
99,cn4434,volume_payload_exchange,communication,0.004495478,1,0,0,0,0,0,0,10,0,0,0,0,0,0,0,4,4,585960,587520
99,cn4434,volume_exchange_unpack,compute,0.047010604,1,0,0,0,0,0,0,0,0,0,0,0,0,0,0,0,0,0,0
99,cn4434,final_mesh_save,io,0,0,0,0,0,0,0,0,0,0,0,0,0,0,0,0,0,0,0,0
99,cn4434,testout_io,io,0,0,0,0,0,0,0,0,0,0,0,0,0,0,0,0,0,0,0,0
99,cn4434,final_count_exchange,communication,0,0,0,0,0,0,0,0,0,0,0,0,0,0,0,0,0,0,0,0
99,cn4434,quality_evaluation,postprocess,0,0,0,0,0,0,0,0,0,0,0,0,0,0,0,0,0,0,0,0
100,cn4435,geometry_load,io,1.727484748,1,0,0,0,0,0,0,6314,0,1035092,0,0,0,2,3,0,0,0,0
100,cn4435,coarse_local_size,setup,0.444814046,1,0,0,0,0,0,0,7507,0,0,0,0,0,82,21,0,0,0,0
100,cn4435,coarse_edge_mesh,setup,0.012717626,1,0,0,0,0,0,0,549,0,0,0,0,0,0,0,0,0,0,0
100,cn4435,coarse_surface_mesh,setup,8.098464869,1,0,0,0,0,0,0,9413,0,0,0,0,0,0,8,0,0,0,0
100,cn4435,coarse_volume_mesh,setup,13.38080168,1,0,0,0,0,0,0,22806,0,0,0,0,0,39049,1685095,0,0,0,0
100,cn4435,coarse_mesh_save,io,0,0,0,0,0,0,0,0,0,0,0,0,0,0,0,0,0,0,0,0
100,cn4435,submesh_initialization,setup,0.000136480999998,1,0,0,0,0,0,0,16,0,0,0,0,0,0,0,0,0,0,0
100,cn4435,metis_partition,compute,0.362563413,1,0,0,0,0,0,0,254,0,0,0,0,0,0,0,0,0,0,0
100,cn4435,face_map_setup,compute,0.007111892,1,0,0,0,0,0,0,414,0,0,0,0,0,0,0,0,0,0,0
100,cn4435,face_local_extract,compute,0.191200196,1,0,0,0,0,0,0,222,0,0,0,0,0,0,1,0,0,0,0
100,cn4435,face_pre_collective_wait,synchronization,0.052155741,1,0,0,0,0,0,0,1,0,0,0,0,0,0,0,0,0,0,0
100,cn4435,face_collective_setup,compute,0.000104161000003,1,0,0,0,0,0,0,12,0,0,0,0,0,0,0,0,0,0,0
100,cn4435,face_allgatherv,communication,0.119883605,1,0,0,0,0,0,0,42,0,0,0,0,0,0,0,1,1,18952,4859624
100,cn4435,face_global_merge,compute,0.073441698,1,0,0,0,0,0,0,0,0,0,0,0,0,0,0,0,0,0,0
100,cn4435,part_face_create,compute,0.018480161,1,0,0,0,0,0,0,3,0,0,0,0,0,0,0,0,0,0,0
100,cn4435,surface_refine,compute,0.006210961,1,0,0,0,0,0,0,1,0,0,0,0,0,0,0,0,0,0,0
100,cn4435,refined_surface_save,io,0,0,0,0,0,0,0,0,0,0,0,0,0,0,0,0,0,0,0,0
100,cn4435,local_volume_mesh,compute,6.953295721,1,0,0,0,0,0,0,617,0,0,0,0,0,14015,499067,0,0,0,0
100,cn4435,volume_refine,compute,0.237823005,1,0,0,0,0,0,0,4682,0,0,0,0,0,0,0,0,0,0,0
100,cn4435,refined_volume_save,io,0,0,0,0,0,0,0,0,0,0,0,0,0,0,0,0,0,0,0,0
100,cn4435,adjacency_build,compute,0.0046119,1,0,0,0,0,0,0,0,0,0,0,0,0,0,0,0,0,0,0
100,cn4435,vertex_numbering_local,compute,0.007118313,1,0,0,0,0,0,0,2,0,0,0,0,0,0,0,0,0,0,0
100,cn4435,vertex_count_allgather,communication,1.481369497,1,0,0,0,0,0,0,30,0,0,0,0,0,0,2,1,1,4,1024
100,cn4435,element_count_allgather,communication,0.007861443,1,0,0,0,0,0,0,0,0,0,0,0,0,0,0,1,1,4,1024
100,cn4435,vertex_exchange_prepare,compute,1.4500000006e-05,1,0,0,0,0,0,0,0,0,0,0,0,0,0,0,0,0,0,0
100,cn4435,vertex_exchange,communication,0.01918101,1,0,0,0,0,0,0,40,0,0,0,0,0,0,0,8,4,115962,18370
100,cn4435,vertex_exchange_unpack,compute,0.000264483000002,1,0,0,0,0,0,0,0,0,0,0,0,0,0,0,0,0,0,0
100,cn4435,partition_result_io,io,0,0,0,0,0,0,0,0,0,0,0,0,0,0,0,0,0,0,0,0
100,cn4435,volume_exchange_pack,compute,0.097388711,2,0,0,0,0,0,0,1,0,0,0,0,0,0,0,0,0,0,0
100,cn4435,volume_size_exchange,communication,4.18810000014e-05,1,0,0,0,0,0,0,0,0,0,0,0,0,0,0,7,7,28,28
100,cn4435,volume_payload_prepare,compute,0.000103981000002,1,0,0,0,0,0,0,0,0,0,0,0,0,0,0,0,0,0,0
100,cn4435,volume_payload_exchange,communication,0.042993882,1,0,0,0,0,0,0,6,0,0,0,0,0,0,0,7,7,1395360,1392360
100,cn4435,volume_exchange_unpack,compute,0.066033822,1,0,0,0,0,0,0,669,0,0,0,0,0,0,0,0,0,0,0
100,cn4435,final_mesh_save,io,0,0,0,0,0,0,0,0,0,0,0,0,0,0,0,0,0,0,0,0
100,cn4435,testout_io,io,0,0,0,0,0,0,0,0,0,0,0,0,0,0,0,0,0,0,0,0
100,cn4435,final_count_exchange,communication,0,0,0,0,0,0,0,0,0,0,0,0,0,0,0,0,0,0,0,0
100,cn4435,quality_evaluation,postprocess,0,0,0,0,0,0,0,0,0,0,0,0,0,0,0,0,0,0,0,0
101,cn4436,geometry_load,io,1.746836831,1,0,0,0,0,0,0,6478,0,1035092,0,0,0,2,17,0,0,0,0
101,cn4436,coarse_local_size,setup,0.464538893,1,0,0,0,0,0,0,7571,0,0,0,0,0,129,23,0,0,0,0
101,cn4436,coarse_edge_mesh,setup,0.012488444,1,0,0,0,0,0,0,521,0,0,0,0,0,0,0,0,0,0,0
101,cn4436,coarse_surface_mesh,setup,8.168931043,1,0,0,0,0,0,0,10882,0,0,0,0,0,0,77,0,0,0,0
101,cn4436,coarse_volume_mesh,setup,13.435279416,1,0,0,0,0,0,0,31862,0,0,0,0,0,39642,1616690,0,0,0,0
101,cn4436,coarse_mesh_save,io,0,0,0,0,0,0,0,0,0,0,0,0,0,0,0,0,0,0,0,0
101,cn4436,submesh_initialization,setup,0.000128942000003,1,0,0,0,0,0,0,5,0,0,0,0,0,0,0,0,0,0,0
101,cn4436,metis_partition,compute,0.374550796,1,0,0,0,0,0,0,583,0,0,0,0,0,0,3,0,0,0,0
101,cn4436,face_map_setup,compute,0.00736188499999,1,0,0,0,0,0,0,245,0,0,0,0,0,0,0,0,0,0,0
101,cn4436,face_local_extract,compute,0.161048136,1,0,0,0,0,0,0,628,0,0,0,0,0,0,1,0,0,0,0
101,cn4436,face_pre_collective_wait,synchronization,0.070063407,1,0,0,0,0,0,0,2,0,0,0,0,0,0,1,0,0,0,0
101,cn4436,face_collective_setup,compute,0.000110501999998,1,0,0,0,0,0,0,16,0,0,0,0,0,0,0,0,0,0,0
101,cn4436,face_allgatherv,communication,0.119849241,1,0,0,0,0,0,0,751,0,0,0,0,0,0,1,1,1,18952,4859624
101,cn4436,face_global_merge,compute,0.078475805,1,0,0,0,0,0,0,276,0,0,0,0,0,0,0,0,0,0,0
101,cn4436,part_face_create,compute,0.019443404,1,0,0,0,0,0,0,4,0,0,0,0,0,0,1,0,0,0,0
101,cn4436,surface_refine,compute,0.00642741399999,1,0,0,0,0,0,0,40,0,0,0,0,0,0,0,0,0,0,0
101,cn4436,refined_surface_save,io,0,0,0,0,0,0,0,0,0,0,0,0,0,0,0,0,0,0,0,0
101,cn4436,local_volume_mesh,compute,6.437266627,1,0,0,0,0,0,0,2278,0,0,0,0,0,11533,397674,0,0,0,0
101,cn4436,volume_refine,compute,0.242911279,1,0,0,0,0,0,0,5796,0,0,0,0,0,0,2,0,0,0,0
101,cn4436,refined_volume_save,io,0,0,0,0,0,0,0,0,0,0,0,0,0,0,0,0,0,0,0,0
101,cn4436,adjacency_build,compute,0.004706434,1,0,0,0,0,0,0,12,0,0,0,0,0,0,0,0,0,0,0
101,cn4436,vertex_numbering_local,compute,0.004685134,1,0,0,0,0,0,0,2,0,0,0,0,0,0,0,0,0,0,0
101,cn4436,vertex_count_allgather,communication,1.987996631,1,0,0,0,0,0,0,77,0,0,0,0,0,0,20,1,1,4,1024
101,cn4436,element_count_allgather,communication,0.007905411,1,0,0,0,0,0,0,1,0,0,0,0,0,0,0,1,1,4,1024
101,cn4436,vertex_exchange_prepare,compute,2.85409999989e-05,1,0,0,0,0,0,0,6,0,0,0,0,0,0,0,0,0,0,0
101,cn4436,vertex_exchange,communication,0.010487181,1,0,0,0,0,0,0,20,0,0,0,0,0,0,0,2,1,24288,26950
101,cn4436,vertex_exchange_unpack,compute,0.000448824999999,1,0,0,0,0,0,0,0,0,0,0,0,0,0,1,0,0,0,0
101,cn4436,partition_result_io,io,0,0,0,0,0,0,0,0,0,0,0,0,0,0,0,0,0,0,0,0
101,cn4436,volume_exchange_pack,compute,0.058940119,2,0,0,0,0,0,0,1,0,0,0,0,0,0,0,0,0,0,0
101,cn4436,volume_size_exchange,communication,0.047007402,1,0,0,0,0,0,0,0,0,0,0,0,0,0,0,2,2,8,8
101,cn4436,volume_payload_prepare,compute,4.13210000048e-05,1,0,0,0,0,0,0,0,0,0,0,0,0,0,0,0,0,0,0
101,cn4436,volume_payload_exchange,communication,0.001364455,1,0,0,0,0,0,0,15,0,0,0,0,0,0,0,2,2,525600,527520
101,cn4436,volume_exchange_unpack,compute,0.041321516,1,0,0,0,0,0,0,0,0,0,0,0,0,0,1,0,0,0,0
101,cn4436,final_mesh_save,io,0,0,0,0,0,0,0,0,0,0,0,0,0,0,0,0,0,0,0,0
101,cn4436,testout_io,io,0,0,0,0,0,0,0,0,0,0,0,0,0,0,0,0,0,0,0,0
101,cn4436,final_count_exchange,communication,0,0,0,0,0,0,0,0,0,0,0,0,0,0,0,0,0,0,0,0
101,cn4436,quality_evaluation,postprocess,0,0,0,0,0,0,0,0,0,0,0,0,0,0,0,0,0,0,0,0
102,cn4437,geometry_load,io,1.764465818,1,0,0,0,0,0,0,6483,0,1035092,0,0,0,2,4,0,0,0,0
102,cn4437,coarse_local_size,setup,0.450685362,1,0,0,0,0,0,0,7576,0,0,0,0,0,85,21,0,0,0,0
102,cn4437,coarse_edge_mesh,setup,0.012531561,1,0,0,0,0,0,0,551,0,0,0,0,0,0,0,0,0,0,0
102,cn4437,coarse_surface_mesh,setup,8.18027307,1,0,0,0,0,0,0,10785,0,0,0,0,0,0,11,0,0,0,0
102,cn4437,coarse_volume_mesh,setup,13.254705815,1,0,0,0,0,0,0,32220,0,0,0,0,0,34885,1543597,0,0,0,0
102,cn4437,coarse_mesh_save,io,0,0,0,0,0,0,0,0,0,0,0,0,0,0,0,0,0,0,0,0
102,cn4437,submesh_initialization,setup,0.000133681999998,1,0,0,0,0,0,0,6,0,0,0,0,0,0,0,0,0,0,0
102,cn4437,metis_partition,compute,0.379747662,1,0,0,0,0,0,0,1166,0,0,0,0,0,0,1,0,0,0,0
102,cn4437,face_map_setup,compute,0.007291902,1,0,0,0,0,0,0,224,0,0,0,0,0,0,0,0,0,0,0
102,cn4437,face_local_extract,compute,0.160687912,1,0,0,0,0,0,0,644,0,0,0,0,0,0,0,0,0,0,0
102,cn4437,face_pre_collective_wait,synchronization,0.065249356,1,0,0,0,0,0,0,2,0,0,0,0,0,0,0,0,0,0,0
102,cn4437,face_collective_setup,compute,0.000109721000001,1,0,0,0,0,0,0,16,0,0,0,0,0,0,0,0,0,0,0
102,cn4437,face_allgatherv,communication,0.119831812,1,0,0,0,0,0,0,644,0,0,0,0,0,0,0,1,1,18952,4859624
102,cn4437,face_global_merge,compute,0.079854081,1,0,0,0,0,0,0,529,0,0,0,0,0,0,0,0,0,0,0
102,cn4437,part_face_create,compute,0.019355358,1,0,0,0,0,0,0,4,0,0,0,0,0,0,0,0,0,0,0
102,cn4437,surface_refine,compute,0.00596618700001,1,0,0,0,0,0,0,42,0,0,0,0,0,0,0,0,0,0,0
102,cn4437,refined_surface_save,io,0,0,0,0,0,0,0,0,0,0,0,0,0,0,0,0,0,0,0,0
102,cn4437,local_volume_mesh,compute,6.674251067,1,0,0,0,0,0,0,2044,0,0,0,0,0,7723,279837,0,0,0,0
102,cn4437,volume_refine,compute,0.185510932,1,0,0,0,0,0,0,5582,0,0,0,0,0,0,0,0,0,0,0
102,cn4437,refined_volume_save,io,0,0,0,0,0,0,0,0,0,0,0,0,0,0,0,0,0,0,0,0
102,cn4437,adjacency_build,compute,0.004947975,1,0,0,0,0,0,0,10,0,0,0,0,0,0,0,0,0,0,0
102,cn4437,vertex_numbering_local,compute,0.007283303,1,0,0,0,0,0,0,4,0,0,0,0,0,0,0,0,0,0,0
102,cn4437,vertex_count_allgather,communication,1.804925315,1,0,0,0,0,0,0,55,0,0,0,0,0,0,6,1,1,4,1024
102,cn4437,element_count_allgather,communication,0.007880628,1,0,0,0,0,0,0,0,0,0,0,0,0,0,0,1,1,4,1024
102,cn4437,vertex_exchange_prepare,compute,1.72399999983e-05,1,0,0,0,0,0,0,0,0,0,0,0,0,0,0,0,0,0,0
102,cn4437,vertex_exchange,communication,0.019871124,1,0,0,0,0,0,0,48,0,0,0,0,0,0,0,6,5,156904,23408
102,cn4437,vertex_exchange_unpack,compute,0.000389244000004,1,0,0,0,0,0,0,0,0,0,0,0,0,0,0,0,0,0,0
102,cn4437,partition_result_io,io,0,0,0,0,0,0,0,0,0,0,0,0,0,0,0,0,0,0,0,0
102,cn4437,volume_exchange_pack,compute,0.078840809,2,0,0,0,0,0,0,3,0,0,0,0,0,0,0,0,0,0,0
102,cn4437,volume_size_exchange,communication,0.008283933,1,0,0,0,0,0,0,0,0,0,0,0,0,0,0,6,6,24,24
102,cn4437,volume_payload_prepare,compute,0.000139400999998,1,0,0,0,0,0,0,0,0,0,0,0,0,0,0,0,0,0,0
102,cn4437,volume_payload_exchange,communication,0.010781442,1,0,0,0,0,0,0,23,0,0,0,0,0,0,0,6,6,1924320,1929960
102,cn4437,volume_exchange_unpack,compute,0.059111307,1,0,0,0,0,0,0,62,0,0,0,0,0,0,0,0,0,0,0
102,cn4437,final_mesh_save,io,0,0,0,0,0,0,0,0,0,0,0,0,0,0,0,0,0,0,0,0
102,cn4437,testout_io,io,0,0,0,0,0,0,0,0,0,0,0,0,0,0,0,0,0,0,0,0
102,cn4437,final_count_exchange,communication,0,0,0,0,0,0,0,0,0,0,0,0,0,0,0,0,0,0,0,0
102,cn4437,quality_evaluation,postprocess,0,0,0,0,0,0,0,0,0,0,0,0,0,0,0,0,0,0,0,0
103,cn4438,geometry_load,io,1.755401559,1,0,0,0,0,0,0,6340,0,1035092,0,0,0,2,15,0,0,0,0
103,cn4438,coarse_local_size,setup,0.448497377,1,0,0,0,0,0,0,7119,0,0,0,0,0,82,23,0,0,0,0
103,cn4438,coarse_edge_mesh,setup,0.01256614,1,0,0,0,0,0,0,550,0,0,0,0,0,0,0,0,0,0,0
103,cn4438,coarse_surface_mesh,setup,8.134867846,1,0,0,0,0,0,0,9379,0,0,0,0,0,1,74,0,0,0,0
103,cn4438,coarse_volume_mesh,setup,13.463465257,1,0,0,0,0,0,0,23599,0,0,0,0,0,39323,1779444,0,0,0,0
103,cn4438,coarse_mesh_save,io,0,0,0,0,0,0,0,0,0,0,0,0,0,0,0,0,0,0,0,0
103,cn4438,submesh_initialization,setup,0.000139302000001,1,0,0,0,0,0,0,1,0,0,0,0,0,0,0,0,0,0,0
103,cn4438,metis_partition,compute,0.36318875,1,0,0,0,0,0,0,272,0,0,0,0,0,0,3,0,0,0,0
103,cn4438,face_map_setup,compute,0.00691408799999,1,0,0,0,0,0,0,106,0,0,0,0,0,0,0,0,0,0,0
103,cn4438,face_local_extract,compute,0.157423707,1,0,0,0,0,0,0,633,0,0,0,0,0,0,1,0,0,0,0
103,cn4438,face_pre_collective_wait,synchronization,0.08551703,1,0,0,0,0,0,0,1,0,0,0,0,0,0,1,0,0,0,0
103,cn4438,face_collective_setup,compute,0.000114240999999,1,0,0,0,0,0,0,16,0,0,0,0,0,0,0,0,0,0,0
103,cn4438,face_allgatherv,communication,0.119760686,1,0,0,0,0,0,0,639,0,0,0,0,0,0,1,1,1,18952,4859624
103,cn4438,face_global_merge,compute,0.074493849,1,0,0,0,0,0,0,124,0,0,0,0,0,0,0,0,0,0,0
103,cn4438,part_face_create,compute,0.018694519,1,0,0,0,0,0,0,3,0,0,0,0,0,0,1,0,0,0,0
103,cn4438,surface_refine,compute,0.006075857,1,0,0,0,0,0,0,37,0,0,0,0,0,0,0,0,0,0,0
103,cn4438,refined_surface_save,io,0,0,0,0,0,0,0,0,0,0,0,0,0,0,0,0,0,0,0,0
103,cn4438,local_volume_mesh,compute,7.022764188,1,0,0,0,0,0,0,701,0,0,0,0,0,6459,324698,0,0,0,0
103,cn4438,volume_refine,compute,0.207647047,1,0,0,0,0,0,0,3852,0,0,0,0,0,0,1,0,0,0,0
103,cn4438,refined_volume_save,io,0,0,0,0,0,0,0,0,0,0,0,0,0,0,0,0,0,0,0,0
103,cn4438,adjacency_build,compute,0.00467156,1,0,0,0,0,0,0,0,0,0,0,0,0,0,0,0,0,0,0
103,cn4438,vertex_numbering_local,compute,0.00785066,1,0,0,0,0,0,0,2,0,0,0,0,0,0,0,0,0,0,0
103,cn4438,vertex_count_allgather,communication,1.440104959,1,0,0,0,0,0,0,30,0,0,0,0,0,0,13,1,1,4,1024
103,cn4438,element_count_allgather,communication,0.00790450100001,1,0,0,0,0,0,0,0,0,0,0,0,0,0,0,1,1,4,1024
103,cn4438,vertex_exchange_prepare,compute,2.54600000034e-05,1,0,0,0,0,0,0,0,0,0,0,0,0,0,0,0,0,0,0
103,cn4438,vertex_exchange,communication,0.011660869,1,0,0,0,0,0,0,37,0,0,0,0,0,0,1,5,6,42812,144056
103,cn4438,vertex_exchange_unpack,compute,0.00191354499999,1,0,0,0,0,0,0,0,0,0,0,0,0,0,0,0,0,0,0
103,cn4438,partition_result_io,io,0,0,0,0,0,0,0,0,0,0,0,0,0,0,0,0,0,0,0,0
103,cn4438,volume_exchange_pack,compute,0.093623394,2,0,0,0,0,0,0,1,0,0,0,0,0,0,0,0,0,0,0
103,cn4438,volume_size_exchange,communication,0.009741785,1,0,0,0,0,0,0,0,0,0,0,0,0,0,0,8,8,32,32
103,cn4438,volume_payload_prepare,compute,0.000146921999999,1,0,0,0,0,0,0,0,0,0,0,0,0,0,0,0,0,0,0
103,cn4438,volume_payload_exchange,communication,0.001521519,1,0,0,0,0,0,0,22,0,0,0,0,0,0,0,8,8,1993080,1995480
103,cn4438,volume_exchange_unpack,compute,0.066077283,1,0,0,0,0,0,0,796,0,0,0,0,0,0,1,0,0,0,0
103,cn4438,final_mesh_save,io,0,0,0,0,0,0,0,0,0,0,0,0,0,0,0,0,0,0,0,0
103,cn4438,testout_io,io,0,0,0,0,0,0,0,0,0,0,0,0,0,0,0,0,0,0,0,0
103,cn4438,final_count_exchange,communication,0,0,0,0,0,0,0,0,0,0,0,0,0,0,0,0,0,0,0,0
103,cn4438,quality_evaluation,postprocess,0,0,0,0,0,0,0,0,0,0,0,0,0,0,0,0,0,0,0,0
104,cn4439,geometry_load,io,1.719389088,1,0,0,0,0,0,0,6467,0,1035092,0,0,0,2,3,0,0,0,0
104,cn4439,coarse_local_size,setup,0.447963545,1,0,0,0,0,0,0,7520,0,0,0,0,0,87,24,0,0,0,0
104,cn4439,coarse_edge_mesh,setup,0.01276056,1,0,0,0,0,0,0,522,0,0,0,0,0,0,0,0,0,0,0
104,cn4439,coarse_surface_mesh,setup,8.250454357,1,0,0,0,0,0,0,10885,0,0,0,0,0,0,16,0,0,0,0
104,cn4439,coarse_volume_mesh,setup,13.276965285,1,0,0,0,0,0,0,27727,0,0,0,0,0,34058,1456663,0,0,0,0
104,cn4439,coarse_mesh_save,io,0,0,0,0,0,0,0,0,0,0,0,0,0,0,0,0,0,0,0,0
104,cn4439,submesh_initialization,setup,0.000121180999997,1,0,0,0,0,0,0,1,0,0,0,0,0,0,0,0,0,0,0
104,cn4439,metis_partition,compute,0.379506822,1,0,0,0,0,0,0,423,0,0,0,0,0,0,1,0,0,0,0
104,cn4439,face_map_setup,compute,0.00736635299999,1,0,0,0,0,0,0,229,0,0,0,0,0,0,0,0,0,0,0
104,cn4439,face_local_extract,compute,0.160900547,1,0,0,0,0,0,0,573,0,0,0,0,0,0,0,0,0,0,0
104,cn4439,face_pre_collective_wait,synchronization,0.065237742,1,0,0,0,0,0,0,2,0,0,0,0,0,0,0,0,0,0,0
104,cn4439,face_collective_setup,compute,0.000111341,1,0,0,0,0,0,0,16,0,0,0,0,0,0,0,0,0,0,0
104,cn4439,face_allgatherv,communication,0.119772309,1,0,0,0,0,0,0,853,0,0,0,0,0,0,0,1,1,18952,4859624
104,cn4439,face_global_merge,compute,0.078287226,1,0,0,0,0,0,0,288,0,0,0,0,0,0,0,0,0,0,0
104,cn4439,part_face_create,compute,0.019385924,1,0,0,0,0,0,0,4,0,0,0,0,0,0,0,0,0,0,0
104,cn4439,surface_refine,compute,0.005774033,1,0,0,0,0,0,0,36,0,0,0,0,0,0,0,0,0,0,0
104,cn4439,refined_surface_save,io,0,0,0,0,0,0,0,0,0,0,0,0,0,0,0,0,0,0,0,0
104,cn4439,local_volume_mesh,compute,6.35106246,1,0,0,0,0,0,0,2319,0,0,0,0,0,9390,349838,0,0,0,0
104,cn4439,volume_refine,compute,0.205262327,1,0,0,0,0,0,0,4852,0,0,0,0,0,0,0,0,0,0,0
104,cn4439,refined_volume_save,io,0,0,0,0,0,0,0,0,0,0,0,0,0,0,0,0,0,0,0,0
104,cn4439,adjacency_build,compute,0.004681999,1,0,0,0,0,0,0,11,0,0,0,0,0,0,1,0,0,0,0
104,cn4439,vertex_numbering_local,compute,0.005073024,1,0,0,0,0,0,0,3,0,0,0,0,0,0,0,0,0,0,0
104,cn4439,vertex_count_allgather,communication,2.112601304,1,0,0,0,0,0,0,63,0,0,0,0,0,0,3,1,1,4,1024
104,cn4439,element_count_allgather,communication,0.007677717,1,0,0,0,0,0,0,1,0,0,0,0,0,0,0,1,1,4,1024
104,cn4439,vertex_exchange_prepare,compute,9.26100000243e-06,1,0,0,0,0,0,0,0,0,0,0,0,0,0,0,0,0,0,0
104,cn4439,vertex_exchange,communication,0.001195155,1,0,0,0,0,0,0,33,0,0,0,0,0,0,0,3,2,92576,1078
104,cn4439,vertex_exchange_unpack,compute,3.41599999985e-05,1,0,0,0,0,0,0,0,0,0,0,0,0,0,0,0,0,0,0
104,cn4439,partition_result_io,io,0,0,0,0,0,0,0,0,0,0,0,0,0,0,0,0,0,0,0,0
104,cn4439,volume_exchange_pack,compute,0.064701315,2,0,0,0,0,0,0,1,0,0,0,0,0,0,0,0,0,0,0
104,cn4439,volume_size_exchange,communication,0.029552612,1,0,0,0,0,0,0,0,0,0,0,0,0,0,0,3,3,12,12
104,cn4439,volume_payload_prepare,compute,7.29809999953e-05,1,0,0,0,0,0,0,0,0,0,0,0,0,0,0,0,0,0,0
104,cn4439,volume_payload_exchange,communication,0.001199315,1,0,0,0,0,0,0,31,0,0,0,0,0,0,0,3,3,994200,988440
104,cn4439,volume_exchange_unpack,compute,0.046617687,1,0,0,0,0,0,0,0,0,0,0,0,0,0,0,0,0,0,0
104,cn4439,final_mesh_save,io,0,0,0,0,0,0,0,0,0,0,0,0,0,0,0,0,0,0,0,0
104,cn4439,testout_io,io,0,0,0,0,0,0,0,0,0,0,0,0,0,0,0,0,0,0,0,0
104,cn4439,final_count_exchange,communication,0,0,0,0,0,0,0,0,0,0,0,0,0,0,0,0,0,0,0,0
104,cn4439,quality_evaluation,postprocess,0,0,0,0,0,0,0,0,0,0,0,0,0,0,0,0,0,0,0,0
105,cn4440,geometry_load,io,1.7548999,1,0,0,0,0,0,0,6340,0,1035092,0,0,0,2,14,0,0,0,0
105,cn4440,coarse_local_size,setup,0.454699343,1,0,0,0,0,0,0,7581,0,0,0,0,0,100,25,0,0,0,0
105,cn4440,coarse_edge_mesh,setup,0.012723721,1,0,0,0,0,0,0,550,0,0,0,0,0,0,0,0,0,0,0
105,cn4440,coarse_surface_mesh,setup,8.225664594,1,0,0,0,0,0,0,10876,0,0,0,0,0,0,73,0,0,0,0
105,cn4440,coarse_volume_mesh,setup,13.30153954,1,0,0,0,0,0,0,31741,0,0,0,0,0,37573,1635996,0,0,0,0
105,cn4440,coarse_mesh_save,io,0,0,0,0,0,0,0,0,0,0,0,0,0,0,0,0,0,0,0,0
105,cn4440,submesh_initialization,setup,0.000136701000002,1,0,0,0,0,0,0,3,0,0,0,0,0,0,0,0,0,0,0
105,cn4440,metis_partition,compute,0.381774354,1,0,0,0,0,0,0,692,0,0,0,0,0,0,4,0,0,0,0
105,cn4440,face_map_setup,compute,0.007284781,1,0,0,0,0,0,0,240,0,0,0,0,0,0,0,0,0,0,0
105,cn4440,face_local_extract,compute,0.161670593,1,0,0,0,0,0,0,554,0,0,0,0,0,0,1,0,0,0,0
105,cn4440,face_pre_collective_wait,synchronization,0.06228343,1,0,0,0,0,0,0,2,0,0,0,0,0,0,1,0,0,0,0
105,cn4440,face_collective_setup,compute,0.000110441000004,1,0,0,0,0,0,0,16,0,0,0,0,0,0,0,0,0,0,0
105,cn4440,face_allgatherv,communication,0.119761588,1,0,0,0,0,0,0,889,0,0,0,0,0,0,1,1,1,18952,4859624
105,cn4440,face_global_merge,compute,0.077993565,1,0,0,0,0,0,0,275,0,0,0,0,0,0,0,0,0,0,0
105,cn4440,part_face_create,compute,0.019450696,1,0,0,0,0,0,0,4,0,0,0,0,0,0,1,0,0,0,0
105,cn4440,surface_refine,compute,0.00630451,1,0,0,0,0,0,0,41,0,0,0,0,0,0,0,0,0,0,0
105,cn4440,refined_surface_save,io,0,0,0,0,0,0,0,0,0,0,0,0,0,0,0,0,0,0,0,0
105,cn4440,local_volume_mesh,compute,6.222765884,1,0,0,0,0,0,0,2303,0,0,0,0,0,6549,318719,0,0,0,0
105,cn4440,volume_refine,compute,0.23262952,1,0,0,0,0,0,0,4877,0,0,0,0,0,0,1,0,0,0,0
105,cn4440,refined_volume_save,io,0,0,0,0,0,0,0,0,0,0,0,0,0,0,0,0,0,0,0,0
105,cn4440,adjacency_build,compute,0.004671332,1,0,0,0,0,0,0,5,0,0,0,0,0,0,0,0,0,0,0
105,cn4440,vertex_numbering_local,compute,0.005797924,1,0,0,0,0,0,0,2,0,0,0,0,0,0,0,0,0,0,0
105,cn4440,vertex_count_allgather,communication,2.212394554,1,0,0,0,0,0,0,60,0,0,0,0,0,0,20,1,1,4,1024
105,cn4440,element_count_allgather,communication,0.007693206,1,0,0,0,0,0,0,0,0,0,0,0,0,0,0,1,1,4,1024
105,cn4440,vertex_exchange_prepare,compute,1.2820000002e-05,1,0,0,0,0,0,0,0,0,0,0,0,0,0,0,0,0,0,0
105,cn4440,vertex_exchange,communication,0.001323134,1,0,0,0,0,0,0,35,0,0,0,0,0,0,0,3,2,56100,43868
105,cn4440,vertex_exchange_unpack,compute,0.000662448,1,0,0,0,0,0,0,0,0,0,0,0,0,0,0,0,0,0,0
105,cn4440,partition_result_io,io,0,0,0,0,0,0,0,0,0,0,0,0,0,0,0,0,0,0,0,0
105,cn4440,volume_exchange_pack,compute,0.07296727,2,0,0,0,0,0,0,2,0,0,0,0,0,0,1,0,0,0,0
105,cn4440,volume_size_exchange,communication,0.020369706,1,0,0,0,0,0,0,1,0,0,0,0,0,0,0,3,3,12,12
105,cn4440,volume_payload_prepare,compute,7.62009999988e-05,1,0,0,0,0,0,0,0,0,0,0,0,0,0,0,0,0,0,0
105,cn4440,volume_payload_exchange,communication,0.001073752,1,0,0,0,0,0,0,22,0,0,0,0,0,0,0,3,3,1047960,1051680
105,cn4440,volume_exchange_unpack,compute,0.049983294,1,0,0,0,0,0,0,64,0,0,0,0,0,0,1,0,0,0,0
105,cn4440,final_mesh_save,io,0,0,0,0,0,0,0,0,0,0,0,0,0,0,0,0,0,0,0,0
105,cn4440,testout_io,io,0,0,0,0,0,0,0,0,0,0,0,0,0,0,0,0,0,0,0,0
105,cn4440,final_count_exchange,communication,0,0,0,0,0,0,0,0,0,0,0,0,0,0,0,0,0,0,0,0
105,cn4440,quality_evaluation,postprocess,0,0,0,0,0,0,0,0,0,0,0,0,0,0,0,0,0,0,0,0
106,cn4441,geometry_load,io,1.735290322,1,0,0,0,0,0,0,6319,0,1035092,0,0,0,2,1,0,0,0,0
106,cn4441,coarse_local_size,setup,0.451969247,1,0,0,0,0,0,0,7612,0,0,0,0,0,108,21,0,0,0,0
106,cn4441,coarse_edge_mesh,setup,0.012650331,1,0,0,0,0,0,0,525,0,0,0,0,0,0,0,0,0,0,0
106,cn4441,coarse_surface_mesh,setup,8.181042505,1,0,0,0,0,0,0,10860,0,0,0,0,0,0,8,0,0,0,0
106,cn4441,coarse_volume_mesh,setup,13.423932811,1,0,0,0,0,0,0,31929,0,0,0,0,0,39613,1704602,0,0,0,0
106,cn4441,coarse_mesh_save,io,0,0,0,0,0,0,0,0,0,0,0,0,0,0,0,0,0,0,0,0
106,cn4441,submesh_initialization,setup,0.000125681,1,0,0,0,0,0,0,3,0,0,0,0,0,0,0,0,0,0,0
106,cn4441,metis_partition,compute,0.372097115,1,0,0,0,0,0,0,453,0,0,0,0,0,0,1,0,0,0,0
106,cn4441,face_map_setup,compute,0.007260586,1,0,0,0,0,0,0,228,0,0,0,0,0,0,0,0,0,0,0
106,cn4441,face_local_extract,compute,0.163187805,1,0,0,0,0,0,0,657,0,0,0,0,0,0,0,0,0,0,0
106,cn4441,face_pre_collective_wait,synchronization,0.070419899,1,0,0,0,0,0,0,2,0,0,0,0,0,0,0,0,0,0,0
106,cn4441,face_collective_setup,compute,0.000114261,1,0,0,0,0,0,0,16,0,0,0,0,0,0,0,0,0,0,0
106,cn4441,face_allgatherv,communication,0.119768988,1,0,0,0,0,0,0,694,0,0,0,0,0,0,0,1,1,18952,4859624
106,cn4441,face_global_merge,compute,0.07971687,1,0,0,0,0,0,0,454,0,0,0,0,0,0,0,0,0,0,0
106,cn4441,part_face_create,compute,0.019593254,1,0,0,0,0,0,0,4,0,0,0,0,0,0,0,0,0,0,0
106,cn4441,surface_refine,compute,0.00634951599999,1,0,0,0,0,0,0,40,0,0,0,0,0,0,0,0,0,0,0
106,cn4441,refined_surface_save,io,0,0,0,0,0,0,0,0,0,0,0,0,0,0,0,0,0,0,0,0
106,cn4441,local_volume_mesh,compute,6.64611221,1,0,0,0,0,0,0,2254,0,0,0,0,0,14562,493834,0,0,0,0
106,cn4441,volume_refine,compute,0.223325362,1,0,0,0,0,0,0,5827,0,0,0,0,0,0,0,0,0,0,0
106,cn4441,refined_volume_save,io,0,0,0,0,0,0,0,0,0,0,0,0,0,0,0,0,0,0,0,0
106,cn4441,adjacency_build,compute,0.004762557,1,0,0,0,0,0,0,9,0,0,0,0,0,0,0,0,0,0,0
106,cn4441,vertex_numbering_local,compute,0.006603958,1,0,0,0,0,0,0,3,0,0,0,0,0,0,0,0,0,0,0
106,cn4441,vertex_count_allgather,communication,1.7956062,1,0,0,0,0,0,0,56,0,0,0,0,0,0,2,1,1,4,1024
106,cn4441,element_count_allgather,communication,0.007898675,1,0,0,0,0,0,0,0,0,0,0,0,0,0,0,1,1,4,1024
106,cn4441,vertex_exchange_prepare,compute,1.57800000053e-05,1,0,0,0,0,0,0,0,0,0,0,0,0,0,0,0,0,0,0
106,cn4441,vertex_exchange,communication,0.010533566,1,0,0,0,0,0,0,33,0,0,0,0,0,0,0,5,3,79750,49126
106,cn4441,vertex_exchange_unpack,compute,0.000737749000002,1,0,0,0,0,0,0,0,0,0,0,0,0,0,0,0,0,0,0
106,cn4441,partition_result_io,io,0,0,0,0,0,0,0,0,0,0,0,0,0,0,0,0,0,0,0,0
106,cn4441,volume_exchange_pack,compute,0.084104262,2,0,0,0,0,0,0,1,0,0,0,0,0,0,0,0,0,0,0
106,cn4441,volume_size_exchange,communication,3.66809999974e-05,1,0,0,0,0,0,0,0,0,0,0,0,0,0,0,4,4,16,16
106,cn4441,volume_payload_prepare,compute,0.000101180999998,1,0,0,0,0,0,0,0,0,0,0,0,0,0,0,0,0,0,0
106,cn4441,volume_payload_exchange,communication,0.00823971800001,1,0,0,0,0,0,0,6,0,0,0,0,0,0,0,4,4,1367400,1372320
106,cn4441,volume_exchange_unpack,compute,0.056364031,1,0,0,0,0,0,0,0,0,0,0,0,0,0,0,0,0,0,0
106,cn4441,final_mesh_save,io,0,0,0,0,0,0,0,0,0,0,0,0,0,0,0,0,0,0,0,0
106,cn4441,testout_io,io,0,0,0,0,0,0,0,0,0,0,0,0,0,0,0,0,0,0,0,0
106,cn4441,final_count_exchange,communication,0,0,0,0,0,0,0,0,0,0,0,0,0,0,0,0,0,0,0,0
106,cn4441,quality_evaluation,postprocess,0,0,0,0,0,0,0,0,0,0,0,0,0,0,0,0,0,0,0,0
107,cn4442,geometry_load,io,1.749617254,1,0,0,0,0,0,0,6344,0,1035092,0,0,0,2,1,0,0,0,0
107,cn4442,coarse_local_size,setup,0.447691485,1,0,0,0,0,0,0,7411,0,0,0,0,0,81,20,0,0,0,0
107,cn4442,coarse_edge_mesh,setup,0.012506976,1,0,0,0,0,0,0,567,0,0,0,0,0,0,0,0,0,0,0
107,cn4442,coarse_surface_mesh,setup,8.20382211,1,0,0,0,0,0,0,12920,0,0,0,0,0,0,8,0,0,0,0
107,cn4442,coarse_volume_mesh,setup,13.408142806,1,0,0,0,0,0,0,28691,0,0,0,0,0,36855,1566077,0,0,0,0
107,cn4442,coarse_mesh_save,io,0,0,0,0,0,0,0,0,0,0,0,0,0,0,0,0,0,0,0,0
107,cn4442,submesh_initialization,setup,0.000128601,1,0,0,0,0,0,0,3,0,0,0,0,0,0,0,0,0,0,0
107,cn4442,metis_partition,compute,0.373471835,1,0,0,0,0,0,0,510,0,0,0,0,0,0,1,0,0,0,0
107,cn4442,face_map_setup,compute,0.00755368199999,1,0,0,0,0,0,0,234,0,0,0,0,0,0,0,0,0,0,0
107,cn4442,face_local_extract,compute,0.159705123,1,0,0,0,0,0,0,650,0,0,0,0,0,0,0,0,0,0,0
107,cn4442,face_pre_collective_wait,synchronization,0.072295469,1,0,0,0,0,0,0,2,0,0,0,0,0,0,0,0,0,0,0
107,cn4442,face_collective_setup,compute,0.000112781999995,1,0,0,0,0,0,0,16,0,0,0,0,0,0,0,0,0,0,0
107,cn4442,face_allgatherv,communication,0.119697486,1,0,0,0,0,0,0,894,0,0,0,0,0,0,0,1,1,18952,4859624
107,cn4442,face_global_merge,compute,0.078626318,1,0,0,0,0,0,0,181,0,0,0,0,0,0,0,0,0,0,0
107,cn4442,part_face_create,compute,0.019745336,1,0,0,0,0,0,0,4,0,0,0,0,0,0,0,0,0,0,0
107,cn4442,surface_refine,compute,0.006184867,1,0,0,0,0,0,0,38,0,0,0,0,0,0,0,0,0,0,0
107,cn4442,refined_surface_save,io,0,0,0,0,0,0,0,0,0,0,0,0,0,0,0,0,0,0,0,0
107,cn4442,local_volume_mesh,compute,6.644225209,1,0,0,0,0,0,0,2301,0,0,0,0,0,12001,404202,0,0,0,0
107,cn4442,volume_refine,compute,0.204014586,1,0,0,0,0,0,0,4840,0,0,0,0,0,0,0,0,0,0,0
107,cn4442,refined_volume_save,io,0,0,0,0,0,0,0,0,0,0,0,0,0,0,0,0,0,0,0,0
107,cn4442,adjacency_build,compute,0.004672431,1,0,0,0,0,0,0,10,0,0,0,0,0,0,0,0,0,0,0
107,cn4442,vertex_numbering_local,compute,0.005978205,1,0,0,0,0,0,0,5,0,0,0,0,0,0,0,0,0,0,0
107,cn4442,vertex_count_allgather,communication,1.818601106,1,0,0,0,0,0,0,52,0,0,0,0,0,0,2,1,1,4,1024
107,cn4442,element_count_allgather,communication,0.007919026,1,0,0,0,0,0,0,1,0,0,0,0,0,0,0,1,1,4,1024
107,cn4442,vertex_exchange_prepare,compute,2.12799999986e-05,1,0,0,0,0,0,0,0,0,0,0,0,0,0,0,0,0,0,0
107,cn4442,vertex_exchange,communication,0.001925021,1,0,0,0,0,0,0,283,0,0,0,0,0,0,0,3,3,9108,115786
107,cn4442,vertex_exchange_unpack,compute,0.001635417,1,0,0,0,0,0,0,0,0,0,0,0,0,0,0,0,0,0,0
107,cn4442,partition_result_io,io,0,0,0,0,0,0,0,0,0,0,0,0,0,0,0,0,0,0,0,0
107,cn4442,volume_exchange_pack,compute,0.068540168,2,0,0,0,0,0,0,1,0,0,0,0,0,0,0,0,0,0,0
107,cn4442,volume_size_exchange,communication,0.023345194,1,0,0,0,0,0,0,1,0,0,0,0,0,0,0,4,4,16,16
107,cn4442,volume_payload_prepare,compute,9.53010000018e-05,1,0,0,0,0,0,0,0,0,0,0,0,0,0,0,0,0,0,0
107,cn4442,volume_payload_exchange,communication,0.00110499199999,1,0,0,0,0,0,0,26,0,0,0,0,0,0,0,4,4,1335240,1332360
107,cn4442,volume_exchange_unpack,compute,0.050622492,1,0,0,0,0,0,0,0,0,0,0,0,0,0,0,0,0,0,0
107,cn4442,final_mesh_save,io,0,0,0,0,0,0,0,0,0,0,0,0,0,0,0,0,0,0,0,0
107,cn4442,testout_io,io,0,0,0,0,0,0,0,0,0,0,0,0,0,0,0,0,0,0,0,0
107,cn4442,final_count_exchange,communication,0,0,0,0,0,0,0,0,0,0,0,0,0,0,0,0,0,0,0,0
107,cn4442,quality_evaluation,postprocess,0,0,0,0,0,0,0,0,0,0,0,0,0,0,0,0,0,0,0,0
108,cn4443,geometry_load,io,1.727289059,1,0,0,0,0,0,0,6395,0,1035092,0,0,0,2,3,0,0,0,0
108,cn4443,coarse_local_size,setup,0.446867925,1,0,0,0,0,0,0,7256,0,0,0,0,0,95,19,0,0,0,0
108,cn4443,coarse_edge_mesh,setup,0.012403125,1,0,0,0,0,0,0,578,0,0,0,0,0,0,0,0,0,0,0
108,cn4443,coarse_surface_mesh,setup,8.151048482,1,0,0,0,0,0,0,10804,0,0,0,0,0,0,11,0,0,0,0
108,cn4443,coarse_volume_mesh,setup,13.230768346,1,0,0,0,0,0,0,31347,0,0,0,0,0,35468,1430463,0,0,0,0
108,cn4443,coarse_mesh_save,io,0,0,0,0,0,0,0,0,0,0,0,0,0,0,0,0,0,0,0,0
108,cn4443,submesh_initialization,setup,0.000126721000001,1,0,0,0,0,0,0,3,0,0,0,0,0,0,0,0,0,0,0
108,cn4443,metis_partition,compute,0.379292715,1,0,0,0,0,0,0,764,0,0,0,0,0,0,0,0,0,0,0
108,cn4443,face_map_setup,compute,0.007436447,1,0,0,0,0,0,0,225,0,0,0,0,0,0,0,0,0,0,0
108,cn4443,face_local_extract,compute,0.157804846,1,0,0,0,0,0,0,628,0,0,0,0,0,0,0,0,0,0,0
108,cn4443,face_pre_collective_wait,synchronization,0.068474161,1,0,0,0,0,0,0,2,0,0,0,0,0,0,0,0,0,0,0
108,cn4443,face_collective_setup,compute,0.000109000999998,1,0,0,0,0,0,0,16,0,0,0,0,0,0,0,0,0,0,0
108,cn4443,face_allgatherv,communication,0.11969592,1,0,0,0,0,0,0,1155,0,0,0,0,0,0,0,1,1,18952,4859624
108,cn4443,face_global_merge,compute,0.079435449,1,0,0,0,0,0,0,354,0,0,0,0,0,0,0,0,0,0,0
108,cn4443,part_face_create,compute,0.019538089,1,0,0,0,0,0,0,4,0,0,0,0,0,0,0,0,0,0,0
108,cn4443,surface_refine,compute,0.006947981,1,0,0,0,0,0,0,41,0,0,0,0,0,0,1,0,0,0,0
108,cn4443,refined_surface_save,io,0,0,0,0,0,0,0,0,0,0,0,0,0,0,0,0,0,0,0,0
108,cn4443,local_volume_mesh,compute,7.73955841,1,0,0,0,0,0,0,2499,0,0,0,0,0,14629,513472,0,0,0,0
108,cn4443,volume_refine,compute,0.327405349,1,0,0,0,0,0,0,5903,0,0,0,0,0,0,1,0,0,0,0
108,cn4443,refined_volume_save,io,0,0,0,0,0,0,0,0,0,0,0,0,0,0,0,0,0,0,0,0
108,cn4443,adjacency_build,compute,0.004644674,1,0,0,0,0,0,0,11,0,0,0,0,0,0,0,0,0,0,0
108,cn4443,vertex_numbering_local,compute,0.0051959,1,0,0,0,0,0,0,5,0,0,0,0,0,0,0,0,0,0,0
108,cn4443,vertex_count_allgather,communication,0.59942427,1,0,0,0,0,0,0,55,0,0,0,0,0,0,0,1,1,4,1024
108,cn4443,element_count_allgather,communication,0.007887612,1,0,0,0,0,0,0,0,0,0,0,0,0,0,0,1,1,4,1024
108,cn4443,vertex_exchange_prepare,compute,1.50799999972e-05,1,0,0,0,0,0,0,0,0,0,0,0,0,0,0,0,0,0,0
108,cn4443,vertex_exchange,communication,0.010926908,1,0,0,0,0,0,0,550,0,0,0,0,0,0,0,4,4,30910,21362
108,cn4443,vertex_exchange_unpack,compute,0.000354064999996,1,0,0,0,0,0,0,0,0,0,0,0,0,0,0,0,0,0,0
108,cn4443,partition_result_io,io,0,0,0,0,0,0,0,0,0,0,0,0,0,0,0,0,0,0,0,0
108,cn4443,volume_exchange_pack,compute,0.076255732,2,0,0,0,0,0,0,3,0,0,0,0,0,0,0,0,0,0,0
108,cn4443,volume_size_exchange,communication,0.003220998,1,0,0,0,0,0,0,0,0,0,0,0,0,0,0,4,4,16,16
108,cn4443,volume_payload_prepare,compute,4.2061000002e-05,1,0,0,0,0,0,0,0,0,0,0,0,0,0,0,0,0,0,0
108,cn4443,volume_payload_exchange,communication,0.017442824,1,0,0,0,0,0,0,34,0,0,0,0,0,0,0,4,4,523800,524520
108,cn4443,volume_exchange_unpack,compute,0.049493819,1,0,0,0,0,0,0,153,0,0,0,0,0,0,0,0,0,0,0
108,cn4443,final_mesh_save,io,0,0,0,0,0,0,0,0,0,0,0,0,0,0,0,0,0,0,0,0
108,cn4443,testout_io,io,0,0,0,0,0,0,0,0,0,0,0,0,0,0,0,0,0,0,0,0
108,cn4443,final_count_exchange,communication,0,0,0,0,0,0,0,0,0,0,0,0,0,0,0,0,0,0,0,0
108,cn4443,quality_evaluation,postprocess,0,0,0,0,0,0,0,0,0,0,0,0,0,0,0,0,0,0,0,0
109,cn4444,geometry_load,io,1.737239126,1,0,0,0,0,0,0,6316,0,1035092,0,0,0,2,6,0,0,0,0
109,cn4444,coarse_local_size,setup,0.500759274,1,0,0,0,0,0,0,7564,0,0,0,0,0,102,20,0,0,0,0
109,cn4444,coarse_edge_mesh,setup,0.012164625,1,0,0,0,0,0,0,550,0,0,0,0,0,0,0,0,0,0,0
109,cn4444,coarse_surface_mesh,setup,8.018141258,1,0,0,0,0,0,0,7782,0,0,0,0,0,0,11,0,0,0,0
109,cn4444,coarse_volume_mesh,setup,13.230421381,1,0,0,0,0,0,0,23278,0,0,0,0,0,36087,1555876,0,0,0,0
109,cn4444,coarse_mesh_save,io,0,0,0,0,0,0,0,0,0,0,0,0,0,0,0,0,0,0,0,0
109,cn4444,submesh_initialization,setup,0.000120081000006,1,0,0,0,0,0,0,1,0,0,0,0,0,0,0,0,0,0,0
109,cn4444,metis_partition,compute,0.369901033,1,0,0,0,0,0,0,181,0,0,0,0,0,0,2,0,0,0,0
109,cn4444,face_map_setup,compute,0.006918222,1,0,0,0,0,0,0,136,0,0,0,0,0,0,0,0,0,0,0
109,cn4444,face_local_extract,compute,0.160590976,1,0,0,0,0,0,0,641,0,0,0,0,0,0,0,0,0,0,0
109,cn4444,face_pre_collective_wait,synchronization,0.075662223,1,0,0,0,0,0,0,2,0,0,0,0,0,0,0,0,0,0,0
109,cn4444,face_collective_setup,compute,0.000113940999995,1,0,0,0,0,0,0,16,0,0,0,0,0,0,0,0,0,0,0
109,cn4444,face_allgatherv,communication,0.119605907,1,0,0,0,0,0,0,825,0,0,0,0,0,0,0,1,1,18952,4859624
109,cn4444,face_global_merge,compute,0.076664394,1,0,0,0,0,0,0,355,0,0,0,0,0,0,0,0,0,0,0
109,cn4444,part_face_create,compute,0.018851065,1,0,0,0,0,0,0,4,0,0,0,0,0,0,0,0,0,0,0
109,cn4444,surface_refine,compute,0.005538766,1,0,0,0,0,0,0,36,0,0,0,0,0,0,0,0,0,0,0
109,cn4444,refined_surface_save,io,0,0,0,0,0,0,0,0,0,0,0,0,0,0,0,0,0,0,0,0
109,cn4444,local_volume_mesh,compute,6.185116029,1,0,0,0,0,0,0,1325,0,0,0,0,0,8629,376333,0,0,0,0
109,cn4444,volume_refine,compute,0.206496843,1,0,0,0,0,0,0,4153,0,0,0,0,0,0,0,0,0,0,0
109,cn4444,refined_volume_save,io,0,0,0,0,0,0,0,0,0,0,0,0,0,0,0,0,0,0,0,0
109,cn4444,adjacency_build,compute,0.004747357,1,0,0,0,0,0,0,4,0,0,0,0,0,0,0,0,0,0,0
109,cn4444,vertex_numbering_local,compute,0.005966771,1,0,0,0,0,0,0,2,0,0,0,0,0,0,0,0,0,0,0
109,cn4444,vertex_count_allgather,communication,2.278938748,1,0,0,0,0,0,0,54,0,0,0,0,0,0,2,1,1,4,1024
109,cn4444,element_count_allgather,communication,0.007892674,1,0,0,0,0,0,0,0,0,0,0,0,0,0,0,1,1,4,1024
109,cn4444,vertex_exchange_prepare,compute,2.18009999955e-05,1,0,0,0,0,0,0,0,0,0,0,0,0,0,0,0,0,0,0
109,cn4444,vertex_exchange,communication,0.010992271,1,0,0,0,0,0,0,38,0,0,0,0,0,0,0,4,6,50204,79024
109,cn4444,vertex_exchange_unpack,compute,0.001131554,1,0,0,0,0,0,0,0,0,0,0,0,0,0,0,0,0,0,0
109,cn4444,partition_result_io,io,0,0,0,0,0,0,0,0,0,0,0,0,0,0,0,0,0,0,0,0
109,cn4444,volume_exchange_pack,compute,0.073629719,2,0,0,0,0,0,0,1,0,0,0,0,0,0,0,0,0,0,0
109,cn4444,volume_size_exchange,communication,0.021536757,1,0,0,0,0,0,0,9,0,0,0,0,0,0,0,6,6,24,24
109,cn4444,volume_payload_prepare,compute,9.96819999983e-05,1,0,0,0,0,0,0,0,0,0,0,0,0,0,0,0,0,0,0
109,cn4444,volume_payload_exchange,communication,0.010813629,1,0,0,0,0,0,0,30,0,0,0,0,0,0,0,6,6,1363800,1358160
109,cn4444,volume_exchange_unpack,compute,0.053118054,1,0,0,0,0,0,0,40,0,0,0,0,0,0,0,0,0,0,0
109,cn4444,final_mesh_save,io,0,0,0,0,0,0,0,0,0,0,0,0,0,0,0,0,0,0,0,0
109,cn4444,testout_io,io,0,0,0,0,0,0,0,0,0,0,0,0,0,0,0,0,0,0,0,0
109,cn4444,final_count_exchange,communication,0,0,0,0,0,0,0,0,0,0,0,0,0,0,0,0,0,0,0,0
109,cn4444,quality_evaluation,postprocess,0,0,0,0,0,0,0,0,0,0,0,0,0,0,0,0,0,0,0,0
110,cn4445,geometry_load,io,1.711382002,1,0,0,0,0,0,0,6315,0,1035092,0,0,0,2,1,0,0,0,0
110,cn4445,coarse_local_size,setup,0.446370137,1,0,0,0,0,0,0,7647,0,0,0,0,0,91,22,0,0,0,0
110,cn4445,coarse_edge_mesh,setup,0.012496663,1,0,0,0,0,0,0,520,0,0,0,0,0,0,0,0,0,0,0
110,cn4445,coarse_surface_mesh,setup,8.183121561,1,0,0,0,0,0,0,11013,0,0,0,0,0,0,8,0,0,0,0
110,cn4445,coarse_volume_mesh,setup,13.28215445,1,0,0,0,0,0,0,33841,0,0,0,0,0,37569,1533720,0,0,0,0
110,cn4445,coarse_mesh_save,io,0,0,0,0,0,0,0,0,0,0,0,0,0,0,0,0,0,0,0,0
110,cn4445,submesh_initialization,setup,0.000119321,1,0,0,0,0,0,0,1,0,0,0,0,0,0,0,0,0,0,0
110,cn4445,metis_partition,compute,0.373794772,1,0,0,0,0,0,0,478,0,0,0,0,0,0,1,0,0,0,0
110,cn4445,face_map_setup,compute,0.007385696,1,0,0,0,0,0,0,222,0,0,0,0,0,0,0,0,0,0,0
110,cn4445,face_local_extract,compute,0.158392724,1,0,0,0,0,0,0,578,0,0,0,0,0,0,0,0,0,0,0
110,cn4445,face_pre_collective_wait,synchronization,0.073450517,1,0,0,0,0,0,0,2,0,0,0,0,0,0,0,0,0,0,0
110,cn4445,face_collective_setup,compute,0.000115401999999,1,0,0,0,0,0,0,16,0,0,0,0,0,0,0,0,0,0,0
110,cn4445,face_allgatherv,communication,0.119615538,1,0,0,0,0,0,0,653,0,0,0,0,0,0,0,1,1,18952,4859624
110,cn4445,face_global_merge,compute,0.079412735,1,0,0,0,0,0,0,549,0,0,0,0,0,0,0,0,0,0,0
110,cn4445,part_face_create,compute,0.019690516,1,0,0,0,0,0,0,4,0,0,0,0,0,0,0,0,0,0,0
110,cn4445,surface_refine,compute,0.006554845,1,0,0,0,0,0,0,41,0,0,0,0,0,0,0,0,0,0,0
110,cn4445,refined_surface_save,io,0,0,0,0,0,0,0,0,0,0,0,0,0,0,0,0,0,0,0,0
110,cn4445,local_volume_mesh,compute,6.3168443,1,0,0,0,0,0,0,2305,0,0,0,0,0,11531,464124,0,0,0,0
110,cn4445,volume_refine,compute,0.227788248,1,0,0,0,0,0,0,5608,0,0,0,0,0,0,0,0,0,0,0
110,cn4445,refined_volume_save,io,0,0,0,0,0,0,0,0,0,0,0,0,0,0,0,0,0,0,0,0
110,cn4445,adjacency_build,compute,0.004913144,1,0,0,0,0,0,0,8,0,0,0,0,0,0,0,0,0,0,0
110,cn4445,vertex_numbering_local,compute,0.007366716,1,0,0,0,0,0,0,3,0,0,0,0,0,0,0,0,0,0,0
110,cn4445,vertex_count_allgather,communication,2.119539952,1,0,0,0,0,0,0,56,0,0,0,0,0,0,3,1,1,4,1024
110,cn4445,element_count_allgather,communication,0.007917303,1,0,0,0,0,0,0,0,0,0,0,0,0,0,0,1,1,4,1024
110,cn4445,vertex_exchange_prepare,compute,2.20000000013e-05,1,0,0,0,0,0,0,0,0,0,0,0,0,0,0,0,0,0,0
110,cn4445,vertex_exchange,communication,0.019700056,1,0,0,0,0,0,0,250,0,0,0,0,0,0,0,6,5,61930,95876
110,cn4445,vertex_exchange_unpack,compute,0.001365957,1,0,0,0,0,0,0,0,0,0,0,0,0,0,0,0,0,0,0
110,cn4445,partition_result_io,io,0,0,0,0,0,0,0,0,0,0,0,0,0,0,0,0,0,0,0,0
110,cn4445,volume_exchange_pack,compute,0.081024014,2,0,0,0,0,0,0,2,0,0,0,0,0,0,0,0,0,0,0
110,cn4445,volume_size_exchange,communication,0.005193388,1,0,0,0,0,0,0,1,0,0,0,0,0,0,0,7,7,28,28
110,cn4445,volume_payload_prepare,compute,0.000124381999996,1,0,0,0,0,0,0,0,0,0,0,0,0,0,0,0,0,0,0
110,cn4445,volume_payload_exchange,communication,0.01078982,1,0,0,0,0,0,0,34,0,0,0,0,0,0,0,7,7,1674960,1671840
110,cn4445,volume_exchange_unpack,compute,0.059632955,1,0,0,0,0,0,0,688,0,0,0,0,0,0,0,0,0,0,0
110,cn4445,final_mesh_save,io,0,0,0,0,0,0,0,0,0,0,0,0,0,0,0,0,0,0,0,0
110,cn4445,testout_io,io,0,0,0,0,0,0,0,0,0,0,0,0,0,0,0,0,0,0,0,0
110,cn4445,final_count_exchange,communication,0,0,0,0,0,0,0,0,0,0,0,0,0,0,0,0,0,0,0,0
110,cn4445,quality_evaluation,postprocess,0,0,0,0,0,0,0,0,0,0,0,0,0,0,0,0,0,0,0,0
111,cn4446,geometry_load,io,1.732070596,1,0,0,0,0,0,0,6320,0,1035092,0,0,0,2,1,0,0,0,0
111,cn4446,coarse_local_size,setup,0.448898654,1,0,0,0,0,0,0,7377,0,0,0,0,0,100,21,0,0,0,0
111,cn4446,coarse_edge_mesh,setup,0.012594142,1,0,0,0,0,0,0,522,0,0,0,0,0,0,0,0,0,0,0
111,cn4446,coarse_surface_mesh,setup,8.198913404,1,0,0,0,0,0,0,11080,0,0,0,0,0,0,11,0,0,0,0
111,cn4446,coarse_volume_mesh,setup,13.257198691,1,0,0,0,0,0,0,33019,0,0,0,0,0,36942,1496888,0,0,0,0
111,cn4446,coarse_mesh_save,io,0,0,0,0,0,0,0,0,0,0,0,0,0,0,0,0,0,0,0,0
111,cn4446,submesh_initialization,setup,0.000185621999996,1,0,0,0,0,0,0,61,0,0,0,0,0,0,0,0,0,0,0
111,cn4446,metis_partition,compute,0.381254501,1,0,0,0,0,0,0,1841,0,0,0,0,0,0,1,0,0,0,0
111,cn4446,face_map_setup,compute,0.007920002,1,0,0,0,0,0,0,783,0,0,0,0,0,0,0,0,0,0,0
111,cn4446,face_local_extract,compute,0.158372764,1,0,0,0,0,0,0,910,0,0,0,0,0,0,0,0,0,0,0
111,cn4446,face_pre_collective_wait,synchronization,0.065372243,1,0,0,0,0,0,0,26,0,0,0,0,0,0,0,0,0,0,0
111,cn4446,face_collective_setup,compute,0.000112141000002,1,0,0,0,0,0,0,15,0,0,0,0,0,0,0,0,0,0,0
111,cn4446,face_allgatherv,communication,0.119588404,1,0,0,0,0,0,0,828,0,0,0,0,0,0,0,1,1,18952,4859624
111,cn4446,face_global_merge,compute,0.078622015,1,0,0,0,0,0,0,381,0,0,0,0,0,0,0,0,0,0,0
111,cn4446,part_face_create,compute,0.019540592,1,0,0,0,0,0,0,19,0,0,0,0,0,0,0,0,0,0,0
111,cn4446,surface_refine,compute,0.007094271,1,0,0,0,0,0,0,5,0,0,0,0,0,0,0,0,0,0,0
111,cn4446,refined_surface_save,io,0,0,0,0,0,0,0,0,0,0,0,0,0,0,0,0,0,0,0,0
111,cn4446,local_volume_mesh,compute,7.02489935,1,0,0,0,0,0,0,810,0,0,0,0,0,11204,522667,0,0,0,0
111,cn4446,volume_refine,compute,0.258362614,1,0,0,0,0,0,0,4938,0,0,0,0,0,0,0,0,0,0,0
111,cn4446,refined_volume_save,io,0,0,0,0,0,0,0,0,0,0,0,0,0,0,0,0,0,0,0,0
111,cn4446,adjacency_build,compute,0.004610759,1,0,0,0,0,0,0,0,0,0,0,0,0,0,0,0,0,0,0
111,cn4446,vertex_numbering_local,compute,0.005933716,1,0,0,0,0,0,0,1,0,0,0,0,0,0,0,0,0,0,0
111,cn4446,vertex_count_allgather,communication,1.383234113,1,0,0,0,0,0,0,54,0,0,0,0,0,0,2,1,1,4,1024
111,cn4446,element_count_allgather,communication,0.0078034,1,0,0,0,0,0,0,21,0,0,0,0,0,0,0,1,1,4,1024
111,cn4446,vertex_exchange_prepare,compute,7.13210000001e-05,1,0,0,0,0,0,0,40,0,0,0,0,0,0,0,0,0,0,0
111,cn4446,vertex_exchange,communication,0.010875361,1,0,0,0,0,0,0,287,0,0,0,0,0,0,0,2,5,9680,59862
111,cn4446,vertex_exchange_unpack,compute,0.00153426,1,0,0,0,0,0,0,664,0,0,0,0,0,0,0,0,0,0,0
111,cn4446,partition_result_io,io,0,0,0,0,0,0,0,0,0,0,0,0,0,0,0,0,0,0,0,0
111,cn4446,volume_exchange_pack,compute,0.078164089,2,0,0,0,0,0,0,1300,0,0,0,0,0,0,0,0,0,0,0
111,cn4446,volume_size_exchange,communication,0.011786892,1,0,0,0,0,0,0,22,0,0,0,0,0,0,0,5,5,20,20
111,cn4446,volume_payload_prepare,compute,0.000217942000006,1,0,0,0,0,0,0,136,0,0,0,0,0,0,0,0,0,0,0
111,cn4446,volume_payload_exchange,communication,0.010301833,1,0,0,0,0,0,0,98,0,0,0,0,0,0,0,5,5,706560,706560
111,cn4446,volume_exchange_unpack,compute,0.051426924,1,0,0,0,0,0,0,1689,0,0,0,0,0,0,0,0,0,0,0
111,cn4446,final_mesh_save,io,0,0,0,0,0,0,0,0,0,0,0,0,0,0,0,0,0,0,0,0
111,cn4446,testout_io,io,0,0,0,0,0,0,0,0,0,0,0,0,0,0,0,0,0,0,0,0
111,cn4446,final_count_exchange,communication,0,0,0,0,0,0,0,0,0,0,0,0,0,0,0,0,0,0,0,0
111,cn4446,quality_evaluation,postprocess,0,0,0,0,0,0,0,0,0,0,0,0,0,0,0,0,0,0,0,0
112,cn4447,geometry_load,io,1.754154071,1,0,0,0,0,0,0,6346,0,1035092,0,0,0,2,16,0,0,0,0
112,cn4447,coarse_local_size,setup,0.45331703,1,0,0,0,0,0,0,7422,0,0,0,0,0,102,22,0,0,0,0
112,cn4447,coarse_edge_mesh,setup,0.012632558,1,0,0,0,0,0,0,579,0,0,0,0,0,0,0,0,0,0,0
112,cn4447,coarse_surface_mesh,setup,8.11918797,1,0,0,0,0,0,0,9379,0,0,0,0,0,0,71,0,0,0,0
112,cn4447,coarse_volume_mesh,setup,13.328827543,1,0,0,0,0,0,0,25473,0,0,0,0,0,38561,1554031,0,0,0,0
112,cn4447,coarse_mesh_save,io,0,0,0,0,0,0,0,0,0,0,0,0,0,0,0,0,0,0,0,0
112,cn4447,submesh_initialization,setup,0.000115020999999,1,0,0,0,0,0,0,1,0,0,0,0,0,0,0,0,0,0,0
112,cn4447,metis_partition,compute,0.379633562,1,0,0,0,0,0,0,157,0,0,0,0,0,0,4,0,0,0,0
112,cn4447,face_map_setup,compute,0.006714574,1,0,0,0,0,0,0,3,0,0,0,0,0,0,0,0,0,0,0
112,cn4447,face_local_extract,compute,0.152757054,1,0,0,0,0,0,0,24,0,0,0,0,0,0,1,0,0,0,0
112,cn4447,face_pre_collective_wait,synchronization,0.07394115,1,0,0,0,0,0,0,2,0,0,0,0,0,0,1,0,0,0,0
112,cn4447,face_collective_setup,compute,0.000109542000004,1,0,0,0,0,0,0,16,0,0,0,0,0,0,0,0,0,0,0
112,cn4447,face_allgatherv,communication,0.119592851,1,0,0,0,0,0,0,53,0,0,0,0,0,0,1,1,1,18952,4859624
112,cn4447,face_global_merge,compute,0.073596607,1,0,0,0,0,0,0,0,0,0,0,0,0,0,0,0,0,0,0
112,cn4447,part_face_create,compute,0.018452062,1,0,0,0,0,0,0,4,0,0,0,0,0,0,0,0,0,0,0
112,cn4447,surface_refine,compute,0.006020286,1,0,0,0,0,0,0,1,0,0,0,0,0,0,1,0,0,0,0
112,cn4447,refined_surface_save,io,0,0,0,0,0,0,0,0,0,0,0,0,0,0,0,0,0,0,0,0
112,cn4447,local_volume_mesh,compute,6.927699628,1,0,0,0,0,0,0,628,0,0,0,0,0,12297,468669,0,0,0,0
112,cn4447,volume_refine,compute,0.234357029,1,0,0,0,0,0,0,5300,0,0,0,0,0,0,2,0,0,0,0
112,cn4447,refined_volume_save,io,0,0,0,0,0,0,0,0,0,0,0,0,0,0,0,0,0,0,0,0
112,cn4447,adjacency_build,compute,0.00444780900001,1,0,0,0,0,0,0,0,0,0,0,0,0,0,0,0,0,0,0
112,cn4447,vertex_numbering_local,compute,0.00473511200001,1,0,0,0,0,0,0,2,0,0,0,0,0,0,0,0,0,0,0
112,cn4447,vertex_count_allgather,communication,1.513242169,1,0,0,0,0,0,0,52,0,0,0,0,0,0,12,1,1,4,1024
112,cn4447,element_count_allgather,communication,0.007897487,1,0,0,0,0,0,0,1,0,0,0,0,0,0,0,1,1,4,1024
112,cn4447,vertex_exchange_prepare,compute,8.81999999791e-06,1,0,0,0,0,0,0,0,0,0,0,0,0,0,0,0,0,0,0
112,cn4447,vertex_exchange,communication,0.009835228,1,0,0,0,0,0,0,225,0,0,0,0,0,0,0,4,3,58520,1056
112,cn4447,vertex_exchange_unpack,compute,2.84010000016e-05,1,0,0,0,0,0,0,0,0,0,0,0,0,0,0,0,0,0,0
112,cn4447,partition_result_io,io,0,0,0,0,0,0,0,0,0,0,0,0,0,0,0,0,0,0,0,0
112,cn4447,volume_exchange_pack,compute,0.070671515,2,0,0,0,0,0,0,1,0,0,0,0,0,0,1,0,0,0,0
112,cn4447,volume_size_exchange,communication,0.078488681,1,0,0,0,0,0,0,9,0,0,0,0,0,0,1,4,4,16,16
112,cn4447,volume_payload_prepare,compute,4.86599999974e-05,1,0,0,0,0,0,0,0,0,0,0,0,0,0,0,0,0,0,0
112,cn4447,volume_payload_exchange,communication,0.00177896,1,0,0,0,0,0,0,28,0,0,0,0,0,0,0,4,4,625800,622920
112,cn4447,volume_exchange_unpack,compute,0.046816214,1,0,0,0,0,0,0,0,0,0,0,0,0,0,0,0,0,0,0
112,cn4447,final_mesh_save,io,0,0,0,0,0,0,0,0,0,0,0,0,0,0,0,0,0,0,0,0
112,cn4447,testout_io,io,0,0,0,0,0,0,0,0,0,0,0,0,0,0,0,0,0,0,0,0
112,cn4447,final_count_exchange,communication,0,0,0,0,0,0,0,0,0,0,0,0,0,0,0,0,0,0,0,0
112,cn4447,quality_evaluation,postprocess,0,0,0,0,0,0,0,0,0,0,0,0,0,0,0,0,0,0,0,0
113,cn4448,geometry_load,io,1.756920404,1,0,0,0,0,0,0,6340,0,1035092,0,0,0,2,2,0,0,0,0
113,cn4448,coarse_local_size,setup,0.451490435,1,0,0,0,0,0,0,6863,0,0,0,0,0,106,19,0,0,0,0
113,cn4448,coarse_edge_mesh,setup,0.012926596,1,0,0,0,0,0,0,521,0,0,0,0,0,0,1,0,0,0,0
113,cn4448,coarse_surface_mesh,setup,8.18819567,1,0,0,0,0,0,0,10786,0,0,0,0,0,0,9,0,0,0,0
113,cn4448,coarse_volume_mesh,setup,13.350470127,1,0,0,0,0,0,0,32855,0,0,0,0,0,38198,1613303,0,0,0,0
113,cn4448,coarse_mesh_save,io,0,0,0,0,0,0,0,0,0,0,0,0,0,0,0,0,0,0,0,0
113,cn4448,submesh_initialization,setup,0.000125101000002,1,0,0,0,0,0,0,2,0,0,0,0,0,0,0,0,0,0,0
113,cn4448,metis_partition,compute,0.378521069,1,0,0,0,0,0,0,879,0,0,0,0,0,0,0,0,0,0,0
113,cn4448,face_map_setup,compute,0.007219415,1,0,0,0,0,0,0,230,0,0,0,0,0,0,0,0,0,0,0
113,cn4448,face_local_extract,compute,0.159135209,1,0,0,0,0,0,0,712,0,0,0,0,0,0,0,0,0,0,0
113,cn4448,face_pre_collective_wait,synchronization,0.068159215,1,0,0,0,0,0,0,2,0,0,0,0,0,0,0,0,0,0,0
113,cn4448,face_collective_setup,compute,0.000114461000003,1,0,0,0,0,0,0,16,0,0,0,0,0,0,0,0,0,0,0
113,cn4448,face_allgatherv,communication,0.117583233,1,0,0,0,0,0,0,756,0,0,0,0,0,0,1,1,1,18952,4859624
113,cn4448,face_global_merge,compute,0.078811766,1,0,0,0,0,0,0,495,0,0,0,0,0,0,0,0,0,0,0
113,cn4448,part_face_create,compute,0.019447024,1,0,0,0,0,0,0,4,0,0,0,0,0,0,0,0,0,0,0
113,cn4448,surface_refine,compute,0.00638744699999,1,0,0,0,0,0,0,41,0,0,0,0,0,0,0,0,0,0,0
113,cn4448,refined_surface_save,io,0,0,0,0,0,0,0,0,0,0,0,0,0,0,0,0,0,0,0,0
113,cn4448,local_volume_mesh,compute,7.1746241,1,0,0,0,0,0,0,953,0,0,0,0,0,13167,448091,0,0,0,0
113,cn4448,volume_refine,compute,0.227574907,1,0,0,0,0,0,0,5968,0,0,0,0,0,0,0,0,0,0,0
113,cn4448,refined_volume_save,io,0,0,0,0,0,0,0,0,0,0,0,0,0,0,0,0,0,0,0,0
113,cn4448,adjacency_build,compute,0.004860991,1,0,0,0,0,0,0,20,0,0,0,0,0,0,0,0,0,0,0
113,cn4448,vertex_numbering_local,compute,0.00484109,1,0,0,0,0,0,0,24,0,0,0,0,0,0,0,0,0,0,0
113,cn4448,vertex_count_allgather,communication,1.267784375,1,0,0,0,0,0,0,56,0,0,0,0,0,0,1,1,1,4,1024
113,cn4448,element_count_allgather,communication,0.00764862,1,0,0,0,0,0,0,1,0,0,0,0,0,0,0,1,1,4,1024
113,cn4448,vertex_exchange_prepare,compute,1.47400000046e-05,1,0,0,0,0,0,0,0,0,0,0,0,0,0,0,0,0,0,0
113,cn4448,vertex_exchange,communication,0.000547566000002,1,0,0,0,0,0,0,17,0,0,0,0,0,0,0,3,2,35926,20966
113,cn4448,vertex_exchange_unpack,compute,0.000345544000005,1,0,0,0,0,0,0,0,0,0,0,0,0,0,0,0,0,0,0
113,cn4448,partition_result_io,io,0,0,0,0,0,0,0,0,0,0,0,0,0,0,0,0,0,0,0,0
113,cn4448,volume_exchange_pack,compute,0.06004313,2,0,0,0,0,0,0,3,0,0,0,0,0,0,0,0,0,0,0
113,cn4448,volume_size_exchange,communication,0.04669759,1,0,0,0,0,0,0,0,0,0,0,0,0,0,1,3,3,12,12
113,cn4448,volume_payload_prepare,compute,4.62409999997e-05,1,0,0,0,0,0,0,0,0,0,0,0,0,0,0,0,0,0,0
113,cn4448,volume_payload_exchange,communication,0.052382629,1,0,0,0,0,0,0,35,0,0,0,0,0,0,0,3,3,588120,590640
113,cn4448,volume_exchange_unpack,compute,0.040865709,1,0,0,0,0,0,0,0,0,0,0,0,0,0,0,0,0,0,0
113,cn4448,final_mesh_save,io,0,0,0,0,0,0,0,0,0,0,0,0,0,0,0,0,0,0,0,0
113,cn4448,testout_io,io,0,0,0,0,0,0,0,0,0,0,0,0,0,0,0,0,0,0,0,0
113,cn4448,final_count_exchange,communication,0,0,0,0,0,0,0,0,0,0,0,0,0,0,0,0,0,0,0,0
113,cn4448,quality_evaluation,postprocess,0,0,0,0,0,0,0,0,0,0,0,0,0,0,0,0,0,0,0,0
114,cn4449,geometry_load,io,1.727671223,1,0,0,0,0,0,0,6328,0,1035092,0,0,0,2,3,0,0,0,0
114,cn4449,coarse_local_size,setup,0.448664887,1,0,0,0,0,0,0,7658,0,0,0,0,0,100,20,0,0,0,0
114,cn4449,coarse_edge_mesh,setup,0.012569696,1,0,0,0,0,0,0,577,0,0,0,0,0,0,0,0,0,0,0
114,cn4449,coarse_surface_mesh,setup,8.193990776,1,0,0,0,0,0,0,12906,0,0,0,0,0,0,11,0,0,0,0
114,cn4449,coarse_volume_mesh,setup,13.472363696,1,0,0,0,0,0,0,33163,0,0,0,0,0,38196,1680261,0,0,0,0
114,cn4449,coarse_mesh_save,io,0,0,0,0,0,0,0,0,0,0,0,0,0,0,0,0,0,0,0,0
114,cn4449,submesh_initialization,setup,0.000122302000001,1,0,0,0,0,0,0,1,0,0,0,0,0,0,0,0,0,0,0
114,cn4449,metis_partition,compute,0.378067584,1,0,0,0,0,0,0,907,0,0,0,0,0,0,0,0,0,0,0
114,cn4449,face_map_setup,compute,0.00741454,1,0,0,0,0,0,0,232,0,0,0,0,0,0,0,0,0,0,0
114,cn4449,face_local_extract,compute,0.161369324,1,0,0,0,0,0,0,672,0,0,0,0,0,0,0,0,0,0,0
114,cn4449,face_pre_collective_wait,synchronization,0.066125474,1,0,0,0,0,0,0,2,0,0,0,0,0,0,0,0,0,0,0
114,cn4449,face_collective_setup,compute,0.000114382,1,0,0,0,0,0,0,16,0,0,0,0,0,0,0,0,0,0,0
114,cn4449,face_allgatherv,communication,0.117073924,1,0,0,0,0,0,0,642,0,0,0,0,0,0,0,1,1,18952,4859624
114,cn4449,face_global_merge,compute,0.079969303,1,0,0,0,0,0,0,243,0,0,0,0,0,0,1,0,0,0,0
114,cn4449,part_face_create,compute,0.019566632,1,0,0,0,0,0,0,4,0,0,0,0,0,0,0,0,0,0,0
114,cn4449,surface_refine,compute,0.006652672,1,0,0,0,0,0,0,41,0,0,0,0,0,0,0,0,0,0,0
114,cn4449,refined_surface_save,io,0,0,0,0,0,0,0,0,0,0,0,0,0,0,0,0,0,0,0,0
114,cn4449,local_volume_mesh,compute,6.678476205,1,0,0,0,0,0,0,2299,0,0,0,0,0,10262,455094,0,0,0,0
114,cn4449,volume_refine,compute,0.230996575,1,0,0,0,0,0,0,4577,0,0,0,0,0,0,0,0,0,0,0
114,cn4449,refined_volume_save,io,0,0,0,0,0,0,0,0,0,0,0,0,0,0,0,0,0,0,0,0
114,cn4449,adjacency_build,compute,0.004932673,1,0,0,0,0,0,0,14,0,0,0,0,0,0,0,0,0,0,0
114,cn4449,vertex_numbering_local,compute,0.00748474100001,1,0,0,0,0,0,0,3,0,0,0,0,0,0,0,0,0,0,0
114,cn4449,vertex_count_allgather,communication,1.756792357,1,0,0,0,0,0,0,55,0,0,0,0,0,0,3,1,1,4,1024
114,cn4449,element_count_allgather,communication,0.007863344,1,0,0,0,0,0,0,1,0,0,0,0,0,0,0,1,1,4,1024
114,cn4449,vertex_exchange_prepare,compute,1.89200000023e-05,1,0,0,0,0,0,0,0,0,0,0,0,0,0,0,0,0,0,0
114,cn4449,vertex_exchange,communication,0.020117397,1,0,0,0,0,0,0,808,0,0,0,0,0,0,0,9,7,134486,34364
114,cn4449,vertex_exchange_unpack,compute,0.000555005999999,1,0,0,0,0,0,0,0,0,0,0,0,0,0,0,0,0,0,0
114,cn4449,partition_result_io,io,0,0,0,0,0,0,0,0,0,0,0,0,0,0,0,0,0,0,0,0
114,cn4449,volume_exchange_pack,compute,0.08696914,2,0,0,0,0,0,0,3,0,0,0,0,0,0,0,0,0,0,0
114,cn4449,volume_size_exchange,communication,0.051404475,1,0,0,0,0,0,0,10,0,0,0,0,0,0,0,9,9,36,36
114,cn4449,volume_payload_prepare,compute,0.000132282000003,1,0,0,0,0,0,0,0,0,0,0,0,0,0,0,0,0,0,0
114,cn4449,volume_payload_exchange,communication,0.001823779,1,0,0,0,0,0,0,30,0,0,0,0,0,0,0,9,9,1767360,1774440
114,cn4449,volume_exchange_unpack,compute,0.063489825,1,0,0,0,0,0,0,987,0,0,0,0,0,0,0,0,0,0,0
114,cn4449,final_mesh_save,io,0,0,0,0,0,0,0,0,0,0,0,0,0,0,0,0,0,0,0,0
114,cn4449,testout_io,io,0,0,0,0,0,0,0,0,0,0,0,0,0,0,0,0,0,0,0,0
114,cn4449,final_count_exchange,communication,0,0,0,0,0,0,0,0,0,0,0,0,0,0,0,0,0,0,0,0
114,cn4449,quality_evaluation,postprocess,0,0,0,0,0,0,0,0,0,0,0,0,0,0,0,0,0,0,0,0
115,cn4450,geometry_load,io,1.719382035,1,0,0,0,0,0,0,6468,0,1035092,0,0,0,2,17,0,0,0,0
115,cn4450,coarse_local_size,setup,0.445735754,1,0,0,0,0,0,0,7528,0,0,0,0,0,83,21,0,0,0,0
115,cn4450,coarse_edge_mesh,setup,0.012658531,1,0,0,0,0,0,0,582,0,0,0,0,0,0,0,0,0,0,0
115,cn4450,coarse_surface_mesh,setup,8.180393448,1,0,0,0,0,0,0,11073,0,0,0,0,0,0,73,0,0,0,0
115,cn4450,coarse_volume_mesh,setup,13.238350933,1,0,0,0,0,0,0,33708,0,0,0,0,0,34671,1533554,0,0,0,0
115,cn4450,coarse_mesh_save,io,0,0,0,0,0,0,0,0,0,0,0,0,0,0,0,0,0,0,0,0
115,cn4450,submesh_initialization,setup,0.000130381000005,1,0,0,0,0,0,0,2,0,0,0,0,0,0,0,0,0,0,0
115,cn4450,metis_partition,compute,0.383943032,1,0,0,0,0,0,0,341,0,0,0,0,0,0,3,0,0,0,0
115,cn4450,face_map_setup,compute,0.007456297,1,0,0,0,0,0,0,228,0,0,0,0,0,0,0,0,0,0,0
115,cn4450,face_local_extract,compute,0.158564168,1,0,0,0,0,0,0,657,0,0,0,0,0,0,1,0,0,0,0
115,cn4450,face_pre_collective_wait,synchronization,0.063033135,1,0,0,0,0,0,0,2,0,0,0,0,0,0,1,0,0,0,0
115,cn4450,face_collective_setup,compute,0.000114461000003,1,0,0,0,0,0,0,16,0,0,0,0,0,0,0,0,0,0,0
115,cn4450,face_allgatherv,communication,0.117026497,1,0,0,0,0,0,0,1152,0,0,0,0,0,0,1,1,1,18952,4859624
115,cn4450,face_global_merge,compute,0.079387226,1,0,0,0,0,0,0,570,0,0,0,0,0,0,0,0,0,0,0
115,cn4450,part_face_create,compute,0.019509602,1,0,0,0,0,0,0,4,0,0,0,0,0,0,1,0,0,0,0
115,cn4450,surface_refine,compute,0.005923701,1,0,0,0,0,0,0,37,0,0,0,0,0,0,0,0,0,0,0
115,cn4450,refined_surface_save,io,0,0,0,0,0,0,0,0,0,0,0,0,0,0,0,0,0,0,0,0
115,cn4450,local_volume_mesh,compute,6.411364976,1,0,0,0,0,0,0,2135,0,0,0,0,0,8640,358350,0,0,0,0
115,cn4450,volume_refine,compute,0.215442,1,0,0,0,0,0,0,5995,0,0,0,0,0,0,2,0,0,0,0
115,cn4450,refined_volume_save,io,0,0,0,0,0,0,0,0,0,0,0,0,0,0,0,0,0,0,0,0
115,cn4450,adjacency_build,compute,0.00485257,1,0,0,0,0,0,0,13,0,0,0,0,0,0,0,0,0,0,0
115,cn4450,vertex_numbering_local,compute,0.005717799,1,0,0,0,0,0,0,4,0,0,0,0,0,0,0,0,0,0,0
115,cn4450,vertex_count_allgather,communication,2.042658437,1,0,0,0,0,0,0,55,0,0,0,0,0,0,18,1,1,4,1024
115,cn4450,element_count_allgather,communication,0.007890122,1,0,0,0,0,0,0,0,0,0,0,0,0,0,0,1,1,4,1024
115,cn4450,vertex_exchange_prepare,compute,2.17199999994e-05,1,0,0,0,0,0,0,0,0,0,0,0,0,0,0,0,0,0,0
115,cn4450,vertex_exchange,communication,0.011467559,1,0,0,0,0,0,0,293,0,0,0,0,0,0,0,4,5,19976,94336
115,cn4450,vertex_exchange_unpack,compute,0.001456736,1,0,0,0,0,0,0,0,0,0,0,0,0,0,1,0,0,0,0
115,cn4450,partition_result_io,io,0,0,0,0,0,0,0,0,0,0,0,0,0,0,0,0,0,0,0,0
115,cn4450,volume_exchange_pack,compute,0.071773566,2,0,0,0,0,0,0,2,0,0,0,0,0,0,0,0,0,0,0
115,cn4450,volume_size_exchange,communication,0.032264075,1,0,0,0,0,0,0,8,0,0,0,0,0,0,0,6,6,24,24
115,cn4450,volume_payload_prepare,compute,9.02609999969e-05,1,0,0,0,0,0,0,0,0,0,0,0,0,0,0,0,0,0,0
115,cn4450,volume_payload_exchange,communication,0.043018648,1,0,0,0,0,0,0,31,0,0,0,0,0,0,1,6,6,1211040,1200960
115,cn4450,volume_exchange_unpack,compute,0.049462014,1,0,0,0,0,0,0,0,0,0,0,0,0,0,0,0,0,0,0
115,cn4450,final_mesh_save,io,0,0,0,0,0,0,0,0,0,0,0,0,0,0,0,0,0,0,0,0
115,cn4450,testout_io,io,0,0,0,0,0,0,0,0,0,0,0,0,0,0,0,0,0,0,0,0
115,cn4450,final_count_exchange,communication,0,0,0,0,0,0,0,0,0,0,0,0,0,0,0,0,0,0,0,0
115,cn4450,quality_evaluation,postprocess,0,0,0,0,0,0,0,0,0,0,0,0,0,0,0,0,0,0,0,0
116,cn4451,geometry_load,io,1.737459581,1,0,0,0,0,0,0,6485,0,1035092,0,0,0,2,2,0,0,0,0
116,cn4451,coarse_local_size,setup,0.442258297,1,0,0,0,0,0,0,6726,0,0,0,0,0,93,20,0,0,0,0
116,cn4451,coarse_edge_mesh,setup,0.012683564,1,0,0,0,0,0,0,521,0,0,0,0,0,0,0,0,0,0,0
116,cn4451,coarse_surface_mesh,setup,8.108316573,1,0,0,0,0,0,0,8398,0,0,0,0,0,0,8,0,0,0,0
116,cn4451,coarse_volume_mesh,setup,13.269630557,1,0,0,0,0,0,0,24387,0,0,0,0,0,36688,1492554,0,0,0,0
116,cn4451,coarse_mesh_save,io,0,0,0,0,0,0,0,0,0,0,0,0,0,0,0,0,0,0,0,0
116,cn4451,submesh_initialization,setup,0.000123821000003,1,0,0,0,0,0,0,1,0,0,0,0,0,0,0,0,0,0,0
116,cn4451,metis_partition,compute,0.36678144,1,0,0,0,0,0,0,55,0,0,0,0,0,0,1,0,0,0,0
116,cn4451,face_map_setup,compute,0.006695425,1,0,0,0,0,0,0,3,0,0,0,0,0,0,0,0,0,0,0
116,cn4451,face_local_extract,compute,0.152955273,1,0,0,0,0,0,0,24,0,0,0,0,0,0,0,0,0,0,0
116,cn4451,face_pre_collective_wait,synchronization,0.086604745,1,0,0,0,0,0,0,1,0,0,0,0,0,0,0,0,0,0,0
116,cn4451,face_collective_setup,compute,0.000105841,1,0,0,0,0,0,0,12,0,0,0,0,0,0,0,0,0,0,0
116,cn4451,face_allgatherv,communication,0.116973181,1,0,0,0,0,0,0,42,0,0,0,0,0,0,0,1,1,18952,4859624
116,cn4451,face_global_merge,compute,0.073514397,1,0,0,0,0,0,0,0,0,0,0,0,0,0,0,0,0,0,0
116,cn4451,part_face_create,compute,0.018319279,1,0,0,0,0,0,0,3,0,0,0,0,0,0,0,0,0,0,0
116,cn4451,surface_refine,compute,0.00613086,1,0,0,0,0,0,0,1,0,0,0,0,0,0,0,0,0,0,0
116,cn4451,refined_surface_save,io,0,0,0,0,0,0,0,0,0,0,0,0,0,0,0,0,0,0,0,0
116,cn4451,local_volume_mesh,compute,6.572283238,1,0,0,0,0,0,0,620,0,0,0,0,0,8142,349928,0,0,0,0
116,cn4451,volume_refine,compute,0.214294352,1,0,0,0,0,0,0,4871,0,0,0,0,0,0,0,0,0,0,0
116,cn4451,refined_volume_save,io,0,0,0,0,0,0,0,0,0,0,0,0,0,0,0,0,0,0,0,0
116,cn4451,adjacency_build,compute,0.004605324,1,0,0,0,0,0,0,0,0,0,0,0,0,0,0,0,0,0,0
116,cn4451,vertex_numbering_local,compute,0.008435143,1,0,0,0,0,0,0,2,0,0,0,0,0,0,0,0,0,0,0
116,cn4451,vertex_count_allgather,communication,1.887585986,1,0,0,0,0,0,0,30,0,0,0,0,0,0,2,1,1,4,1024
116,cn4451,element_count_allgather,communication,0.007839776,1,0,0,0,0,0,0,0,0,0,0,0,0,0,0,1,1,4,1024
116,cn4451,vertex_exchange_prepare,compute,2.13599999981e-05,1,0,0,0,0,0,0,0,0,0,0,0,0,0,0,0,0,0,0
116,cn4451,vertex_exchange,communication,0.020372999,1,0,0,0,0,0,0,298,0,0,0,0,0,0,0,10,7,147972,49324
116,cn4451,vertex_exchange_unpack,compute,0.000697807000002,1,0,0,0,0,0,0,0,0,0,0,0,0,0,0,0,0,0,0
116,cn4451,partition_result_io,io,0,0,0,0,0,0,0,0,0,0,0,0,0,0,0,0,0,0,0,0
116,cn4451,volume_exchange_pack,compute,0.137977287,2,0,0,0,0,0,0,5,0,0,0,0,0,0,0,0,0,0,0
116,cn4451,volume_size_exchange,communication,5.20399999999e-05,1,0,0,0,0,0,0,0,0,0,0,0,0,0,0,10,10,40,40
116,cn4451,volume_payload_prepare,compute,0.000151522000003,1,0,0,0,0,0,0,0,0,0,0,0,0,0,0,0,0,0,0
116,cn4451,volume_payload_exchange,communication,0.001804197,1,0,0,0,0,0,0,8,0,0,0,0,0,0,0,10,10,2068680,2074560
116,cn4451,volume_exchange_unpack,compute,0.066926574,1,0,0,0,0,0,0,1128,0,0,0,0,0,0,0,0,0,0,0
116,cn4451,final_mesh_save,io,0,0,0,0,0,0,0,0,0,0,0,0,0,0,0,0,0,0,0,0
116,cn4451,testout_io,io,0,0,0,0,0,0,0,0,0,0,0,0,0,0,0,0,0,0,0,0
116,cn4451,final_count_exchange,communication,0,0,0,0,0,0,0,0,0,0,0,0,0,0,0,0,0,0,0,0
116,cn4451,quality_evaluation,postprocess,0,0,0,0,0,0,0,0,0,0,0,0,0,0,0,0,0,0,0,0
117,cn4452,geometry_load,io,1.726661517,1,0,0,0,0,0,0,6467,0,1035092,0,0,0,2,15,0,0,0,0
117,cn4452,coarse_local_size,setup,0.454488787,1,0,0,0,0,0,0,7588,0,0,0,0,0,103,22,0,0,0,0
117,cn4452,coarse_edge_mesh,setup,0.012718163,1,0,0,0,0,0,0,568,0,0,0,0,0,0,1,0,0,0,0
117,cn4452,coarse_surface_mesh,setup,8.177318799,1,0,0,0,0,0,0,10814,0,0,0,0,0,0,72,0,0,0,0
117,cn4452,coarse_volume_mesh,setup,13.356636021,1,0,0,0,0,0,0,25400,0,0,0,0,0,38001,1623320,0,0,0,0
117,cn4452,coarse_mesh_save,io,0,0,0,0,0,0,0,0,0,0,0,0,0,0,0,0,0,0,0,0
117,cn4452,submesh_initialization,setup,0.000120622000004,1,0,0,0,0,0,0,1,0,0,0,0,0,0,0,0,0,0,0
117,cn4452,metis_partition,compute,0.367798735,1,0,0,0,0,0,0,381,0,0,0,0,0,0,3,0,0,0,0
117,cn4452,face_map_setup,compute,0.007384355,1,0,0,0,0,0,0,483,0,0,0,0,0,0,0,0,0,0,0
117,cn4452,face_local_extract,compute,0.159596826,1,0,0,0,0,0,0,666,0,0,0,0,0,0,1,0,0,0,0
117,cn4452,face_pre_collective_wait,synchronization,0.078252943,1,0,0,0,0,0,0,2,0,0,0,0,0,0,1,0,0,0,0
117,cn4452,face_collective_setup,compute,0.000110621999994,1,0,0,0,0,0,0,16,0,0,0,0,0,0,0,0,0,0,0
117,cn4452,face_allgatherv,communication,0.116934839,1,0,0,0,0,0,0,728,0,0,0,0,0,0,1,1,1,18952,4859624
117,cn4452,face_global_merge,compute,0.076225237,1,0,0,0,0,0,0,304,0,0,0,0,0,0,0,0,0,0,0
117,cn4452,part_face_create,compute,0.018821902,1,0,0,0,0,0,0,4,0,0,0,0,0,0,1,0,0,0,0
117,cn4452,surface_refine,compute,0.005685173,1,0,0,0,0,0,0,36,0,0,0,0,0,0,0,0,0,0,0
117,cn4452,refined_surface_save,io,0,0,0,0,0,0,0,0,0,0,0,0,0,0,0,0,0,0,0,0
117,cn4452,local_volume_mesh,compute,6.512343033,1,0,0,0,0,0,0,730,0,0,0,0,0,8345,339281,0,0,0,0
117,cn4452,volume_refine,compute,0.200029925,1,0,0,0,0,0,0,3863,0,0,0,0,0,0,1,0,0,0,0
117,cn4452,refined_volume_save,io,0,0,0,0,0,0,0,0,0,0,0,0,0,0,0,0,0,0,0,0
117,cn4452,adjacency_build,compute,0.00448881800001,1,0,0,0,0,0,0,0,0,0,0,0,0,0,0,0,0,0,0
117,cn4452,vertex_numbering_local,compute,0.005778634,1,0,0,0,0,0,0,2,0,0,0,0,0,0,0,0,0,0,0
117,cn4452,vertex_count_allgather,communication,1.961545928,1,0,0,0,0,0,0,48,0,0,0,0,0,0,17,1,1,4,1024
117,cn4452,element_count_allgather,communication,0.007915342,1,0,0,0,0,0,0,1,0,0,0,0,0,0,0,1,1,4,1024
117,cn4452,vertex_exchange_prepare,compute,1.53399999974e-05,1,0,0,0,0,0,0,0,0,0,0,0,0,0,0,0,0,0,0
117,cn4452,vertex_exchange,communication,0.020638125,1,0,0,0,0,0,0,43,0,0,0,0,0,0,1,4,3,42856,77682
117,cn4452,vertex_exchange_unpack,compute,0.001050714,1,0,0,0,0,0,0,0,0,0,0,0,0,0,0,0,0,0,0
117,cn4452,partition_result_io,io,0,0,0,0,0,0,0,0,0,0,0,0,0,0,0,0,0,0,0,0
117,cn4452,volume_exchange_pack,compute,0.079297697,2,0,0,0,0,0,0,1,0,0,0,0,0,0,0,0,0,0,0
117,cn4452,volume_size_exchange,communication,0.058120365,1,0,0,0,0,0,0,0,0,0,0,0,0,0,1,5,5,20,20
117,cn4452,volume_payload_prepare,compute,9.41809999944e-05,1,0,0,0,0,0,0,0,0,0,0,0,0,0,0,0,0,0,0
117,cn4452,volume_payload_exchange,communication,0.001472739,1,0,0,0,0,0,0,11,0,0,0,0,0,0,0,5,5,1275960,1269360
117,cn4452,volume_exchange_unpack,compute,0.051263857,1,0,0,0,0,0,0,0,0,0,0,0,0,0,0,0,0,0,0
117,cn4452,final_mesh_save,io,0,0,0,0,0,0,0,0,0,0,0,0,0,0,0,0,0,0,0,0
117,cn4452,testout_io,io,0,0,0,0,0,0,0,0,0,0,0,0,0,0,0,0,0,0,0,0
117,cn4452,final_count_exchange,communication,0,0,0,0,0,0,0,0,0,0,0,0,0,0,0,0,0,0,0,0
117,cn4452,quality_evaluation,postprocess,0,0,0,0,0,0,0,0,0,0,0,0,0,0,0,0,0,0,0,0
118,cn4453,geometry_load,io,1.719337128,1,0,0,0,0,0,0,6395,0,1035092,0,0,0,2,1,0,0,0,0
118,cn4453,coarse_local_size,setup,0.447864956,1,0,0,0,0,0,0,7485,0,0,0,0,0,112,20,0,0,0,0
118,cn4453,coarse_edge_mesh,setup,0.012701808,1,0,0,0,0,0,0,552,0,0,0,0,0,0,0,0,0,0,0
118,cn4453,coarse_surface_mesh,setup,8.203948295,1,0,0,0,0,0,0,11034,0,0,0,0,0,0,9,0,0,0,0
118,cn4453,coarse_volume_mesh,setup,13.306998674,1,0,0,0,0,0,0,28669,0,0,0,0,0,34458,1497502,0,0,0,0
118,cn4453,coarse_mesh_save,io,0,0,0,0,0,0,0,0,0,0,0,0,0,0,0,0,0,0,0,0
118,cn4453,submesh_initialization,setup,0.000119881000003,1,0,0,0,0,0,0,1,0,0,0,0,0,0,0,0,0,0,0
118,cn4453,metis_partition,compute,0.379251249,1,0,0,0,0,0,0,469,0,0,0,0,0,0,1,0,0,0,0
118,cn4453,face_map_setup,compute,0.007478539,1,0,0,0,0,0,0,221,0,0,0,0,0,0,0,0,0,0,0
118,cn4453,face_local_extract,compute,0.156793591,1,0,0,0,0,0,0,645,0,0,0,0,0,0,0,0,0,0,0
118,cn4453,face_pre_collective_wait,synchronization,0.069475617,1,0,0,0,0,0,0,1,0,0,0,0,0,0,0,0,0,0,0
118,cn4453,face_collective_setup,compute,0.000114441000001,1,0,0,0,0,0,0,13,0,0,0,0,0,0,0,0,0,0,0
118,cn4453,face_allgatherv,communication,0.114451312,1,0,0,0,0,0,0,1150,0,0,0,0,0,0,0,1,1,18952,4859624
118,cn4453,face_global_merge,compute,0.079164886,1,0,0,0,0,0,0,373,0,0,0,0,0,0,0,0,0,0,0
118,cn4453,part_face_create,compute,0.01969994,1,0,0,0,0,0,0,3,0,0,0,0,0,0,0,0,0,0,0
118,cn4453,surface_refine,compute,0.006326603,1,0,0,0,0,0,0,38,0,0,0,0,0,0,0,0,0,0,0
118,cn4453,refined_surface_save,io,0,0,0,0,0,0,0,0,0,0,0,0,0,0,0,0,0,0,0,0
118,cn4453,local_volume_mesh,compute,6.477755436,1,0,0,0,0,0,0,2415,0,0,0,0,0,11148,385741,0,0,0,0
118,cn4453,volume_refine,compute,0.212127342,1,0,0,0,0,0,0,6058,0,0,0,0,0,0,0,0,0,0,0
118,cn4453,refined_volume_save,io,0,0,0,0,0,0,0,0,0,0,0,0,0,0,0,0,0,0,0,0
118,cn4453,adjacency_build,compute,0.004912085,1,0,0,0,0,0,0,14,0,0,0,0,0,0,0,0,0,0,0
118,cn4453,vertex_numbering_local,compute,0.006501086,1,0,0,0,0,0,0,89,0,0,0,0,0,0,0,0,0,0,0
118,cn4453,vertex_count_allgather,communication,1.980892383,1,0,0,0,0,0,0,30,0,0,0,0,0,0,2,1,1,4,1024
118,cn4453,element_count_allgather,communication,0.007849023,1,0,0,0,0,0,0,0,0,0,0,0,0,0,0,1,1,4,1024
118,cn4453,vertex_exchange_prepare,compute,1.98400000002e-05,1,0,0,0,0,0,0,0,0,0,0,0,0,0,0,0,0,0,0
118,cn4453,vertex_exchange,communication,0.010689461,1,0,0,0,0,0,0,290,0,0,0,0,0,0,0,1,5,32208,85734
118,cn4453,vertex_exchange_unpack,compute,0.001285917,1,0,0,0,0,0,0,0,0,0,0,0,0,0,0,0,0,0,0
118,cn4453,partition_result_io,io,0,0,0,0,0,0,0,0,0,0,0,0,0,0,0,0,0,0,0,0
118,cn4453,volume_exchange_pack,compute,0.072977424,2,0,0,0,0,0,0,2,0,0,0,0,0,0,0,0,0,0,0
118,cn4453,volume_size_exchange,communication,0.074147079,1,0,0,0,0,0,0,2,0,0,0,0,0,0,0,6,6,24,24
118,cn4453,volume_payload_prepare,compute,9.41210000036e-05,1,0,0,0,0,0,0,0,0,0,0,0,0,0,0,0,0,0,0
118,cn4453,volume_payload_exchange,communication,0.001860265,1,0,0,0,0,0,0,11,0,0,0,0,0,0,0,6,6,1234560,1239120
118,cn4453,volume_exchange_unpack,compute,0.049483314,1,0,0,0,0,0,0,0,0,0,0,0,0,0,0,0,0,0,0
118,cn4453,final_mesh_save,io,0,0,0,0,0,0,0,0,0,0,0,0,0,0,0,0,0,0,0,0
118,cn4453,testout_io,io,0,0,0,0,0,0,0,0,0,0,0,0,0,0,0,0,0,0,0,0
118,cn4453,final_count_exchange,communication,0,0,0,0,0,0,0,0,0,0,0,0,0,0,0,0,0,0,0,0
118,cn4453,quality_evaluation,postprocess,0,0,0,0,0,0,0,0,0,0,0,0,0,0,0,0,0,0,0,0
119,cn4454,geometry_load,io,1.745818653,1,0,0,0,0,0,0,6332,0,1035092,0,0,0,2,1,0,0,0,0
119,cn4454,coarse_local_size,setup,0.453231798,1,0,0,0,0,0,0,7655,0,0,0,0,0,82,21,0,0,0,0
119,cn4454,coarse_edge_mesh,setup,0.012616263,1,0,0,0,0,0,0,567,0,0,0,0,0,0,0,0,0,0,0
119,cn4454,coarse_surface_mesh,setup,8.177120745,1,0,0,0,0,0,0,10907,0,0,0,0,0,0,10,0,0,0,0
119,cn4454,coarse_volume_mesh,setup,13.536936631,1,0,0,0,0,0,0,31271,0,0,0,0,0,37525,1666675,0,0,0,0
119,cn4454,coarse_mesh_save,io,0,0,0,0,0,0,0,0,0,0,0,0,0,0,0,0,0,0,0,0
119,cn4454,submesh_initialization,setup,0.000124800999998,1,0,0,0,0,0,0,3,0,0,0,0,0,0,0,0,0,0,0
119,cn4454,metis_partition,compute,0.378851115,1,0,0,0,0,0,0,705,0,0,0,0,0,0,2,0,0,0,0
119,cn4454,face_map_setup,compute,0.007150121,1,0,0,0,0,0,0,235,0,0,0,0,0,0,0,0,0,0,0
119,cn4454,face_local_extract,compute,0.157426004,1,0,0,0,0,0,0,672,0,0,0,0,0,0,0,0,0,0,0
119,cn4454,face_pre_collective_wait,synchronization,0.069636009,1,0,0,0,0,0,0,1,0,0,0,0,0,0,0,0,0,0,0
119,cn4454,face_collective_setup,compute,0.000118061999999,1,0,0,0,0,0,0,16,0,0,0,0,0,0,0,0,0,0,0
119,cn4454,face_allgatherv,communication,0.114406837,1,0,0,0,0,0,0,641,0,0,0,0,0,0,0,1,1,18952,4859624
119,cn4454,face_global_merge,compute,0.078399509,1,0,0,0,0,0,0,390,0,0,0,0,0,0,0,0,0,0,0
119,cn4454,part_face_create,compute,0.019154297,1,0,0,0,0,0,0,3,0,0,0,0,0,0,0,0,0,0,0
119,cn4454,surface_refine,compute,0.006048769,1,0,0,0,0,0,0,38,0,0,0,0,0,0,0,0,0,0,0
119,cn4454,refined_surface_save,io,0,0,0,0,0,0,0,0,0,0,0,0,0,0,0,0,0,0,0,0
119,cn4454,local_volume_mesh,compute,6.76451729,1,0,0,0,0,0,0,994,0,0,0,0,0,12293,410690,0,0,0,0
119,cn4454,volume_refine,compute,0.221690734,1,0,0,0,0,0,0,4799,0,0,0,0,0,0,0,0,0,0,0
119,cn4454,refined_volume_save,io,0,0,0,0,0,0,0,0,0,0,0,0,0,0,0,0,0,0,0,0
119,cn4454,adjacency_build,compute,0.00453007199999,1,0,0,0,0,0,0,0,0,0,0,0,0,0,0,0,0,0,0
119,cn4454,vertex_numbering_local,compute,0.00438933,1,0,0,0,0,0,0,2,0,0,0,0,0,0,0,0,0,0,0
119,cn4454,vertex_count_allgather,communication,1.688743326,1,0,0,0,0,0,0,30,0,0,0,0,0,0,2,1,1,4,1024
119,cn4454,element_count_allgather,communication,0.00789759,1,0,0,0,0,0,0,0,0,0,0,0,0,0,0,1,1,4,1024
119,cn4454,vertex_exchange_prepare,compute,1.29400000048e-05,1,0,0,0,0,0,0,0,0,0,0,0,0,0,0,0,0,0,0
119,cn4454,vertex_exchange,communication,0.019693883,1,0,0,0,0,0,0,286,0,0,0,0,0,0,0,0,3,0,56518
119,cn4454,vertex_exchange_unpack,compute,0.000787088999999,1,0,0,0,0,0,0,0,0,0,0,0,0,0,0,0,0,0,0
119,cn4454,partition_result_io,io,0,0,0,0,0,0,0,0,0,0,0,0,0,0,0,0,0,0,0,0
119,cn4454,volume_exchange_pack,compute,0.060964691,2,0,0,0,0,0,0,1,0,0,0,0,0,0,0,0,0,0,0
119,cn4454,volume_size_exchange,communication,0.077513059,1,0,0,0,0,0,0,2,0,0,0,0,0,0,0,3,3,12,12
119,cn4454,volume_payload_prepare,compute,4.56409999998e-05,1,0,0,0,0,0,0,0,0,0,0,0,0,0,0,0,0,0,0
119,cn4454,volume_payload_exchange,communication,0.001908662,1,0,0,0,0,0,0,13,0,0,0,0,0,0,0,3,3,585720,585360
119,cn4454,volume_exchange_unpack,compute,0.041768653,1,0,0,0,0,0,0,0,0,0,0,0,0,0,0,0,0,0,0
119,cn4454,final_mesh_save,io,0,0,0,0,0,0,0,0,0,0,0,0,0,0,0,0,0,0,0,0
119,cn4454,testout_io,io,0,0,0,0,0,0,0,0,0,0,0,0,0,0,0,0,0,0,0,0
119,cn4454,final_count_exchange,communication,0,0,0,0,0,0,0,0,0,0,0,0,0,0,0,0,0,0,0,0
119,cn4454,quality_evaluation,postprocess,0,0,0,0,0,0,0,0,0,0,0,0,0,0,0,0,0,0,0,0
120,cn4455,geometry_load,io,1.734453838,1,0,0,0,0,0,0,6184,0,1035092,0,0,0,2,1,0,0,0,0
120,cn4455,coarse_local_size,setup,0.438331954,1,0,0,0,0,0,0,6907,0,0,0,0,0,84,19,0,0,0,0
120,cn4455,coarse_edge_mesh,setup,0.012655406,1,0,0,0,0,0,0,567,0,0,0,0,0,0,0,0,0,0,0
120,cn4455,coarse_surface_mesh,setup,8.192934588,1,0,0,0,0,0,0,10856,0,0,0,0,0,0,11,0,0,0,0
120,cn4455,coarse_volume_mesh,setup,13.42810331,1,0,0,0,0,0,0,29714,0,0,0,0,0,38471,1692270,0,0,0,0
120,cn4455,coarse_mesh_save,io,0,0,0,0,0,0,0,0,0,0,0,0,0,0,0,0,0,0,0,0
120,cn4455,submesh_initialization,setup,0.000157481999999,1,0,0,0,0,0,0,27,0,0,0,0,0,0,0,0,0,0,0
120,cn4455,metis_partition,compute,0.383429484,1,0,0,0,0,0,0,1669,0,0,0,0,0,0,1,0,0,0,0
120,cn4455,face_map_setup,compute,0.00787413099999,1,0,0,0,0,0,0,756,0,0,0,0,0,0,0,0,0,0,0
120,cn4455,face_local_extract,compute,0.15761617,1,0,0,0,0,0,0,829,0,0,0,0,0,0,0,0,0,0,0
120,cn4455,face_pre_collective_wait,synchronization,0.064015775,1,0,0,0,0,0,0,1,0,0,0,0,0,0,0,0,0,0,0
120,cn4455,face_collective_setup,compute,0.000113402000004,1,0,0,0,0,0,0,13,0,0,0,0,0,0,0,0,0,0,0
120,cn4455,face_allgatherv,communication,0.114352073,1,0,0,0,0,0,0,1156,0,0,0,0,0,0,0,1,1,18952,4859624
120,cn4455,face_global_merge,compute,0.078998348,1,0,0,0,0,0,0,633,0,0,0,0,0,0,0,0,0,0,0
120,cn4455,part_face_create,compute,0.019766887,1,0,0,0,0,0,0,3,0,0,0,0,0,0,0,0,0,0,0
120,cn4455,surface_refine,compute,0.006590756,1,0,0,0,0,0,0,41,0,0,0,0,0,0,0,0,0,0,0
120,cn4455,refined_surface_save,io,0,0,0,0,0,0,0,0,0,0,0,0,0,0,0,0,0,0,0,0
120,cn4455,local_volume_mesh,compute,6.553299439,1,0,0,0,0,0,0,1169,0,0,0,0,0,7001,302451,0,0,0,0
120,cn4455,volume_refine,compute,0.22641312,1,0,0,0,0,0,0,6890,0,0,0,0,0,0,0,0,0,0,0
120,cn4455,refined_volume_save,io,0,0,0,0,0,0,0,0,0,0,0,0,0,0,0,0,0,0,0,0
120,cn4455,adjacency_build,compute,0.005156639,1,0,0,0,0,0,0,49,0,0,0,0,0,0,0,0,0,0,0
120,cn4455,vertex_numbering_local,compute,0.00786491,1,0,0,0,0,0,0,11,0,0,0,0,0,0,0,0,0,0,0
120,cn4455,vertex_count_allgather,communication,1.889269317,1,0,0,0,0,0,0,30,0,0,0,0,0,0,4,1,1,4,1024
120,cn4455,element_count_allgather,communication,0.007879191,1,0,0,0,0,0,0,0,0,0,0,0,0,0,0,1,1,4,1024
120,cn4455,vertex_exchange_prepare,compute,2.36809999947e-05,1,0,0,0,0,0,0,0,0,0,0,0,0,0,0,0,0,0,0
120,cn4455,vertex_exchange,communication,0.019829208,1,0,0,0,0,0,0,292,0,0,0,0,0,0,0,7,6,103466,75020
120,cn4455,vertex_exchange_unpack,compute,0.00109559200001,1,0,0,0,0,0,0,0,0,0,0,0,0,0,0,0,0,0,0
120,cn4455,partition_result_io,io,0,0,0,0,0,0,0,0,0,0,0,0,0,0,0,0,0,0,0,0
120,cn4455,volume_exchange_pack,compute,0.091361869,2,0,0,0,0,0,0,3,0,0,0,0,0,0,0,0,0,0,0
120,cn4455,volume_size_exchange,communication,0.046761097,1,0,0,0,0,0,0,2,0,0,0,0,0,0,0,8,8,32,32
120,cn4455,volume_payload_prepare,compute,0.000140621,1,0,0,0,0,0,0,0,0,0,0,0,0,0,0,0,0,0,0
120,cn4455,volume_payload_exchange,communication,0.001834841,1,0,0,0,0,0,0,20,0,0,0,0,0,0,0,8,8,1886520,1891080
120,cn4455,volume_exchange_unpack,compute,0.062416677,1,0,0,0,0,0,0,668,0,0,0,0,0,0,0,0,0,0,0
120,cn4455,final_mesh_save,io,0,0,0,0,0,0,0,0,0,0,0,0,0,0,0,0,0,0,0,0
120,cn4455,testout_io,io,0,0,0,0,0,0,0,0,0,0,0,0,0,0,0,0,0,0,0,0
120,cn4455,final_count_exchange,communication,0,0,0,0,0,0,0,0,0,0,0,0,0,0,0,0,0,0,0,0
120,cn4455,quality_evaluation,postprocess,0,0,0,0,0,0,0,0,0,0,0,0,0,0,0,0,0,0,0,0
121,cn4456,geometry_load,io,1.767091198,1,0,0,0,0,0,0,6506,0,1035092,0,0,0,2,3,0,0,0,0
121,cn4456,coarse_local_size,setup,0.454275837,1,0,0,0,0,0,0,7452,0,0,0,0,0,84,21,0,0,0,0
121,cn4456,coarse_edge_mesh,setup,0.012581429,1,0,0,0,0,0,0,571,0,0,0,0,0,0,0,0,0,0,0
121,cn4456,coarse_surface_mesh,setup,8.205140215,1,0,0,0,0,0,0,11033,0,0,0,0,0,0,10,0,0,0,0
121,cn4456,coarse_volume_mesh,setup,13.380692165,1,0,0,0,0,0,0,32834,0,0,0,0,0,38414,1610020,0,0,0,0
121,cn4456,coarse_mesh_save,io,0,0,0,0,0,0,0,0,0,0,0,0,0,0,0,0,0,0,0,0
121,cn4456,submesh_initialization,setup,0.000124681000003,1,0,0,0,0,0,0,1,0,0,0,0,0,0,0,0,0,0,0
121,cn4456,metis_partition,compute,0.378279621,1,0,0,0,0,0,0,810,0,0,0,0,0,0,0,0,0,0,0
121,cn4456,face_map_setup,compute,0.007414816,1,0,0,0,0,0,0,229,0,0,0,0,0,0,0,0,0,0,0
121,cn4456,face_local_extract,compute,0.159409507,1,0,0,0,0,0,0,632,0,0,0,0,0,0,0,0,0,0,0
121,cn4456,face_pre_collective_wait,synchronization,0.067950393,1,0,0,0,0,0,0,2,0,0,0,0,0,0,0,0,0,0,0
121,cn4456,face_collective_setup,compute,0.000115301999998,1,0,0,0,0,0,0,16,0,0,0,0,0,0,0,0,0,0,0
121,cn4456,face_allgatherv,communication,0.114319727,1,0,0,0,0,0,0,654,0,0,0,0,0,0,1,1,1,18952,4859624
121,cn4456,face_global_merge,compute,0.079422531,1,0,0,0,0,0,0,324,0,0,0,0,0,0,0,0,0,0,0
121,cn4456,part_face_create,compute,0.01956048,1,0,0,0,0,0,0,4,0,0,0,0,0,0,0,0,0,0,0
121,cn4456,surface_refine,compute,0.006095182,1,0,0,0,0,0,0,38,0,0,0,0,0,0,0,0,0,0,0
121,cn4456,refined_surface_save,io,0,0,0,0,0,0,0,0,0,0,0,0,0,0,0,0,0,0,0,0
121,cn4456,local_volume_mesh,compute,6.367172416,1,0,0,0,0,0,0,2138,0,0,0,0,0,9185,368504,0,0,0,0
121,cn4456,volume_refine,compute,0.202901471,1,0,0,0,0,0,0,5049,0,0,0,0,0,0,0,0,0,0,0
121,cn4456,refined_volume_save,io,0,0,0,0,0,0,0,0,0,0,0,0,0,0,0,0,0,0,0,0
121,cn4456,adjacency_build,compute,0.004858309,1,0,0,0,0,0,0,7,0,0,0,0,0,0,0,0,0,0,0
121,cn4456,vertex_numbering_local,compute,0.005471475,1,0,0,0,0,0,0,3,0,0,0,0,0,0,0,0,0,0,0
121,cn4456,vertex_count_allgather,communication,2.102110258,1,0,0,0,0,0,0,52,0,0,0,0,0,0,2,1,1,4,1024
121,cn4456,element_count_allgather,communication,0.007911781,1,0,0,0,0,0,0,0,0,0,0,0,0,0,0,1,1,4,1024
121,cn4456,vertex_exchange_prepare,compute,1.64400000031e-05,1,0,0,0,0,0,0,0,0,0,0,0,0,0,0,0,0,0,0
121,cn4456,vertex_exchange,communication,0.011235754,1,0,0,0,0,0,0,297,0,0,0,0,0,0,0,6,4,41294,65384
121,cn4456,vertex_exchange_unpack,compute,0.000950908999997,1,0,0,0,0,0,0,0,0,0,0,0,0,0,0,0,0,0,0
121,cn4456,partition_result_io,io,0,0,0,0,0,0,0,0,0,0,0,0,0,0,0,0,0,0,0,0
121,cn4456,volume_exchange_pack,compute,0.069427529,2,0,0,0,0,0,0,2,0,0,0,0,0,0,1,0,0,0,0
121,cn4456,volume_size_exchange,communication,0.077511451,1,0,0,0,0,0,0,6,0,0,0,0,0,0,0,6,6,24,24
121,cn4456,volume_payload_prepare,compute,8.55800000039e-05,1,0,0,0,0,0,0,0,0,0,0,0,0,0,0,0,0,0,0
121,cn4456,volume_payload_exchange,communication,0.001747077,1,0,0,0,0,0,0,27,0,0,0,0,0,0,0,6,6,1116840,1114440
121,cn4456,volume_exchange_unpack,compute,0.045046319,1,0,0,0,0,0,0,0,0,0,0,0,0,0,0,0,0,0,0
121,cn4456,final_mesh_save,io,0,0,0,0,0,0,0,0,0,0,0,0,0,0,0,0,0,0,0,0
121,cn4456,testout_io,io,0,0,0,0,0,0,0,0,0,0,0,0,0,0,0,0,0,0,0,0
121,cn4456,final_count_exchange,communication,0,0,0,0,0,0,0,0,0,0,0,0,0,0,0,0,0,0,0,0
121,cn4456,quality_evaluation,postprocess,0,0,0,0,0,0,0,0,0,0,0,0,0,0,0,0,0,0,0,0
122,cn4457,geometry_load,io,1.732792717,1,0,0,0,0,0,0,6315,0,1035092,0,0,0,2,2,0,0,0,0
122,cn4457,coarse_local_size,setup,0.456845958,1,0,0,0,0,0,0,7258,0,0,0,0,0,103,20,0,0,0,0
122,cn4457,coarse_edge_mesh,setup,0.01261936,1,0,0,0,0,0,0,569,0,0,0,0,0,0,0,0,0,0,0
122,cn4457,coarse_surface_mesh,setup,8.160188105,1,0,0,0,0,0,0,11407,0,0,0,0,0,0,10,0,0,0,0
122,cn4457,coarse_volume_mesh,setup,13.383606173,1,0,0,0,0,0,0,28172,0,0,0,0,0,37791,1606768,0,0,0,0
122,cn4457,coarse_mesh_save,io,0,0,0,0,0,0,0,0,0,0,0,0,0,0,0,0,0,0,0,0
122,cn4457,submesh_initialization,setup,0.000136481999995,1,0,0,0,0,0,0,12,0,0,0,0,0,0,0,0,0,0,0
122,cn4457,metis_partition,compute,0.378137614,1,0,0,0,0,0,0,1130,0,0,0,0,0,0,0,0,0,0,0
122,cn4457,face_map_setup,compute,0.007210848,1,0,0,0,0,0,0,231,0,0,0,0,0,0,0,0,0,0,0
122,cn4457,face_local_extract,compute,0.158889242,1,0,0,0,0,0,0,615,0,0,0,0,0,0,0,0,0,0,0
122,cn4457,face_pre_collective_wait,synchronization,0.06875313,1,0,0,0,0,0,0,1,0,0,0,0,0,0,0,0,0,0,0
122,cn4457,face_collective_setup,compute,0.000114200999995,1,0,0,0,0,0,0,16,0,0,0,0,0,0,0,0,0,0,0
122,cn4457,face_allgatherv,communication,0.1143118,1,0,0,0,0,0,0,643,0,0,0,0,0,0,0,1,1,18952,4859624
122,cn4457,face_global_merge,compute,0.079784094,1,0,0,0,0,0,0,432,0,0,0,0,0,0,1,0,0,0,0
122,cn4457,part_face_create,compute,0.019471284,1,0,0,0,0,0,0,3,0,0,0,0,0,0,0,0,0,0,0
122,cn4457,surface_refine,compute,0.006095677,1,0,0,0,0,0,0,40,0,0,0,0,0,0,0,0,0,0,0
122,cn4457,refined_surface_save,io,0,0,0,0,0,0,0,0,0,0,0,0,0,0,0,0,0,0,0,0
122,cn4457,local_volume_mesh,compute,6.65294528,1,0,0,0,0,0,0,1922,0,0,0,0,0,5598,308086,0,0,0,0
122,cn4457,volume_refine,compute,0.232497217,1,0,0,0,0,0,0,4787,0,0,0,0,0,0,0,0,0,0,0
122,cn4457,refined_volume_save,io,0,0,0,0,0,0,0,0,0,0,0,0,0,0,0,0,0,0,0,0
122,cn4457,adjacency_build,compute,0.00492758599999,1,0,0,0,0,0,0,12,0,0,0,0,0,0,0,0,0,0,0
122,cn4457,vertex_numbering_local,compute,0.005973136,1,0,0,0,0,0,0,2,0,0,0,0,0,0,0,0,0,0,0
122,cn4457,vertex_count_allgather,communication,1.785778358,1,0,0,0,0,0,0,31,0,0,0,0,0,0,2,1,1,4,1024
122,cn4457,element_count_allgather,communication,0.007924615,1,0,0,0,0,0,0,0,0,0,0,0,0,0,0,1,1,4,1024
122,cn4457,vertex_exchange_prepare,compute,1.44199999994e-05,1,0,0,0,0,0,0,0,0,0,0,0,0,0,0,0,0,0,0
122,cn4457,vertex_exchange,communication,0.010412299,1,0,0,0,0,0,0,18,0,0,0,0,0,0,0,5,2,60258,46816
122,cn4457,vertex_exchange_unpack,compute,0.000679026999997,1,0,0,0,0,0,0,0,0,0,0,0,0,0,0,0,0,0,0
122,cn4457,partition_result_io,io,0,0,0,0,0,0,0,0,0,0,0,0,0,0,0,0,0,0,0,0
122,cn4457,volume_exchange_pack,compute,0.07404004,2,0,0,0,0,0,0,1,0,0,0,0,0,0,0,0,0,0,0
122,cn4457,volume_size_exchange,communication,0.027109856,1,0,0,0,0,0,0,2,0,0,0,0,0,0,0,5,5,20,20
122,cn4457,volume_payload_prepare,compute,8.40999999951e-05,1,0,0,0,0,0,0,0,0,0,0,0,0,0,0,0,0,0,0
122,cn4457,volume_payload_exchange,communication,0.048154536,1,0,0,0,0,0,0,10,0,0,0,0,0,0,0,5,5,1111200,1111080
122,cn4457,volume_exchange_unpack,compute,0.054463655,1,0,0,0,0,0,0,404,0,0,0,0,0,0,0,0,0,0,0
122,cn4457,final_mesh_save,io,0,0,0,0,0,0,0,0,0,0,0,0,0,0,0,0,0,0,0,0
122,cn4457,testout_io,io,0,0,0,0,0,0,0,0,0,0,0,0,0,0,0,0,0,0,0,0
122,cn4457,final_count_exchange,communication,0,0,0,0,0,0,0,0,0,0,0,0,0,0,0,0,0,0,0,0
122,cn4457,quality_evaluation,postprocess,0,0,0,0,0,0,0,0,0,0,0,0,0,0,0,0,0,0,0,0
123,cn4458,geometry_load,io,1.739813608,1,0,0,0,0,0,0,6462,0,1035092,0,0,0,2,2,0,0,0,0
123,cn4458,coarse_local_size,setup,0.452039906,1,0,0,0,0,0,0,7413,0,0,0,0,0,80,22,0,0,0,0
123,cn4458,coarse_edge_mesh,setup,0.012592796,1,0,0,0,0,0,0,521,0,0,0,0,0,0,0,0,0,0,0
123,cn4458,coarse_surface_mesh,setup,8.164594886,1,0,0,0,0,0,0,10885,0,0,0,0,0,0,9,0,0,0,0
123,cn4458,coarse_volume_mesh,setup,13.22335472,1,0,0,0,0,0,0,28261,0,0,0,0,0,38034,1511349,0,0,0,0
123,cn4458,coarse_mesh_save,io,0,0,0,0,0,0,0,0,0,0,0,0,0,0,0,0,0,0,0,0
123,cn4458,submesh_initialization,setup,0.000141120999999,1,0,0,0,0,0,0,19,0,0,0,0,0,0,0,0,0,0,0
123,cn4458,metis_partition,compute,0.380616218,1,0,0,0,0,0,0,1622,0,0,0,0,0,0,1,0,0,0,0
123,cn4458,face_map_setup,compute,0.007587122,1,0,0,0,0,0,0,301,0,0,0,0,0,0,0,0,0,0,0
123,cn4458,face_local_extract,compute,0.159257615,1,0,0,0,0,0,0,804,0,0,0,0,0,0,0,0,0,0,0
123,cn4458,face_pre_collective_wait,synchronization,0.065545765,1,0,0,0,0,0,0,2,0,0,0,0,0,0,0,0,0,0,0
123,cn4458,face_collective_setup,compute,0.000107561,1,0,0,0,0,0,0,16,0,0,0,0,0,0,0,0,0,0,0
123,cn4458,face_allgatherv,communication,0.114220789,1,0,0,0,0,0,0,643,0,0,0,0,0,0,0,1,1,18952,4859624
123,cn4458,face_global_merge,compute,0.079862379,1,0,0,0,0,0,0,628,0,0,0,0,0,0,0,0,0,0,0
123,cn4458,part_face_create,compute,0.01955393,1,0,0,0,0,0,0,5,0,0,0,0,0,0,0,0,0,0,0
123,cn4458,surface_refine,compute,0.006935394,1,0,0,0,0,0,0,41,0,0,0,0,0,0,0,0,0,0,0
123,cn4458,refined_surface_save,io,0,0,0,0,0,0,0,0,0,0,0,0,0,0,0,0,0,0,0,0
123,cn4458,local_volume_mesh,compute,7.038711887,1,0,0,0,0,0,0,2188,0,0,0,0,0,15830,553493,0,0,0,0
123,cn4458,volume_refine,compute,0.26659371,1,0,0,0,0,0,0,5947,0,0,0,0,0,0,1,0,0,0,0
123,cn4458,refined_volume_save,io,0,0,0,0,0,0,0,0,0,0,0,0,0,0,0,0,0,0,0,0
123,cn4458,adjacency_build,compute,0.00471685,1,0,0,0,0,0,0,10,0,0,0,0,0,0,0,0,0,0,0
123,cn4458,vertex_numbering_local,compute,0.005172636,1,0,0,0,0,0,0,4,0,0,0,0,0,0,0,0,0,0,0
123,cn4458,vertex_count_allgather,communication,1.366037325,1,0,0,0,0,0,0,54,0,0,0,0,0,0,1,1,1,4,1024
123,cn4458,element_count_allgather,communication,0.007947265,1,0,0,0,0,0,0,0,0,0,0,0,0,0,0,1,1,4,1024
123,cn4458,vertex_exchange_prepare,compute,1.97999999969e-05,1,0,0,0,0,0,0,0,0,0,0,0,0,0,0,0,0,0,0
123,cn4458,vertex_exchange,communication,0.019870334,1,0,0,0,0,0,0,33,0,0,0,0,0,0,0,0,5,0,63206
123,cn4458,vertex_exchange_unpack,compute,0.000974091000003,1,0,0,0,0,0,0,0,0,0,0,0,0,0,0,0,0,0,0
123,cn4458,partition_result_io,io,0,0,0,0,0,0,0,0,0,0,0,0,0,0,0,0,0,0,0,0
123,cn4458,volume_exchange_pack,compute,0.068990882,2,0,0,0,0,0,0,1,0,0,0,0,0,0,0,0,0,0,0
123,cn4458,volume_size_exchange,communication,0.022286279,1,0,0,0,0,0,0,3,0,0,0,0,0,0,0,4,4,16,16
123,cn4458,volume_payload_prepare,compute,5.27199999993e-05,1,0,0,0,0,0,0,0,0,0,0,0,0,0,0,0,0,0,0
123,cn4458,volume_payload_exchange,communication,0.048196999,1,0,0,0,0,0,0,19,0,0,0,0,0,0,0,4,4,650040,648600
123,cn4458,volume_exchange_unpack,compute,0.05016302,1,0,0,0,0,0,0,57,0,0,0,0,0,0,0,0,0,0,0
123,cn4458,final_mesh_save,io,0,0,0,0,0,0,0,0,0,0,0,0,0,0,0,0,0,0,0,0
123,cn4458,testout_io,io,0,0,0,0,0,0,0,0,0,0,0,0,0,0,0,0,0,0,0,0
123,cn4458,final_count_exchange,communication,0,0,0,0,0,0,0,0,0,0,0,0,0,0,0,0,0,0,0,0
123,cn4458,quality_evaluation,postprocess,0,0,0,0,0,0,0,0,0,0,0,0,0,0,0,0,0,0,0,0
124,cn4459,geometry_load,io,1.75186152,1,0,0,0,0,0,0,5256,0,1035092,0,0,0,3,16,0,0,0,0
124,cn4459,coarse_local_size,setup,0.445174618,1,0,0,0,0,0,0,7451,0,0,0,0,0,81,22,0,0,0,0
124,cn4459,coarse_edge_mesh,setup,0.012259543,1,0,0,0,0,0,0,549,0,0,0,0,0,0,0,0,0,0,0
124,cn4459,coarse_surface_mesh,setup,8.080529955,1,0,0,0,0,0,0,11021,0,0,0,0,0,0,72,0,0,0,0
124,cn4459,coarse_volume_mesh,setup,13.5115194,1,0,0,0,0,0,0,30071,0,0,0,0,0,38109,1688272,0,0,0,0
124,cn4459,coarse_mesh_save,io,0,0,0,0,0,0,0,0,0,0,0,0,0,0,0,0,0,0,0,0
124,cn4459,submesh_initialization,setup,0.000121780999997,1,0,0,0,0,0,0,1,0,0,0,0,0,0,0,0,0,0,0
124,cn4459,metis_partition,compute,0.375599918,1,0,0,0,0,0,0,1935,0,0,0,0,0,0,3,0,0,0,0
124,cn4459,face_map_setup,compute,0.007716957,1,0,0,0,0,0,0,779,0,0,0,0,0,0,0,0,0,0,0
124,cn4459,face_local_extract,compute,0.159176101,1,0,0,0,0,0,0,953,0,0,0,0,0,0,1,0,0,0,0
124,cn4459,face_pre_collective_wait,synchronization,0.070544849,1,0,0,0,0,0,0,26,0,0,0,0,0,0,1,0,0,0,0
124,cn4459,face_collective_setup,compute,0.000108461000004,1,0,0,0,0,0,0,13,0,0,0,0,0,0,0,0,0,0,0
124,cn4459,face_allgatherv,communication,0.114167688,1,0,0,0,0,0,0,1148,0,0,0,0,0,0,2,1,1,18952,4859624
124,cn4459,face_global_merge,compute,0.079314318,1,0,0,0,0,0,0,669,0,0,0,0,0,0,0,0,0,0,0
124,cn4459,part_face_create,compute,0.019476396,1,0,0,0,0,0,0,21,0,0,0,0,0,0,0,0,0,0,0
124,cn4459,surface_refine,compute,0.005873659,1,0,0,0,0,0,0,40,0,0,0,0,0,0,1,0,0,0,0
124,cn4459,refined_surface_save,io,0,0,0,0,0,0,0,0,0,0,0,0,0,0,0,0,0,0,0,0
124,cn4459,local_volume_mesh,compute,6.429130765,1,0,0,0,0,0,0,826,0,0,0,0,0,7356,251374,0,0,0,0
124,cn4459,volume_refine,compute,0.192070252,1,0,0,0,0,0,0,4619,0,0,0,0,0,0,1,0,0,0,0
124,cn4459,refined_volume_save,io,0,0,0,0,0,0,0,0,0,0,0,0,0,0,0,0,0,0,0,0
124,cn4459,adjacency_build,compute,0.004811148,1,0,0,0,0,0,0,0,0,0,0,0,0,0,0,0,0,0,0
124,cn4459,vertex_numbering_local,compute,0.007071251,1,0,0,0,0,0,0,1,0,0,0,0,0,0,1,0,0,0,0
124,cn4459,vertex_count_allgather,communication,2.05002498,1,0,0,0,0,0,0,8,0,0,0,0,0,0,18,1,1,4,1024
124,cn4459,element_count_allgather,communication,0.007904079,1,0,0,0,0,0,0,0,0,0,0,0,0,0,0,1,1,4,1024
124,cn4459,vertex_exchange_prepare,compute,2.67410000063e-05,1,0,0,0,0,0,0,0,0,0,0,0,0,0,0,0,0,0,0
124,cn4459,vertex_exchange,communication,0.020014341,1,0,0,0,0,0,0,288,0,0,0,0,0,0,1,4,9,50446,109538
124,cn4459,vertex_exchange_unpack,compute,0.001555596,1,0,0,0,0,0,0,0,0,0,0,0,0,0,0,0,0,0,0
124,cn4459,partition_result_io,io,0,0,0,0,0,0,0,0,0,0,0,0,0,0,0,0,0,0,0,0
124,cn4459,volume_exchange_pack,compute,0.071648261,2,0,0,0,0,0,0,1,0,0,0,0,0,0,0,0,0,0,0
124,cn4459,volume_size_exchange,communication,0.065951164,1,0,0,0,0,0,0,33,0,0,0,0,0,0,2,10,10,40,40
124,cn4459,volume_payload_prepare,compute,0.000131021000001,1,0,0,0,0,0,0,0,0,0,0,0,0,0,0,0,0,0,0
124,cn4459,volume_payload_exchange,communication,0.001822819,1,0,0,0,0,0,0,6,0,0,0,0,0,0,0,10,10,1708560,1703160
124,cn4459,volume_exchange_unpack,compute,0.057573879,1,0,0,0,0,0,0,1274,0,0,0,0,0,0,0,0,0,0,0
124,cn4459,final_mesh_save,io,0,0,0,0,0,0,0,0,0,0,0,0,0,0,0,0,0,0,0,0
124,cn4459,testout_io,io,0,0,0,0,0,0,0,0,0,0,0,0,0,0,0,0,0,0,0,0
124,cn4459,final_count_exchange,communication,0,0,0,0,0,0,0,0,0,0,0,0,0,0,0,0,0,0,0,0
124,cn4459,quality_evaluation,postprocess,0,0,0,0,0,0,0,0,0,0,0,0,0,0,0,0,0,0,0,0
125,cn4460,geometry_load,io,1.746606947,1,0,0,0,0,0,0,6341,0,1035092,0,0,0,2,1,0,0,0,0
125,cn4460,coarse_local_size,setup,0.452487338,1,0,0,0,0,0,0,6681,0,0,0,0,0,105,20,0,0,0,0
125,cn4460,coarse_edge_mesh,setup,0.01258744,1,0,0,0,0,0,0,521,0,0,0,0,0,0,0,0,0,0,0
125,cn4460,coarse_surface_mesh,setup,8.151537001,1,0,0,0,0,0,0,10830,0,0,0,0,0,0,8,0,0,0,0
125,cn4460,coarse_volume_mesh,setup,13.288926103,1,0,0,0,0,0,0,30586,0,0,0,0,0,39335,1634880,0,0,0,0
125,cn4460,coarse_mesh_save,io,0,0,0,0,0,0,0,0,0,0,0,0,0,0,0,0,0,0,0,0
125,cn4460,submesh_initialization,setup,0.000136022,1,0,0,0,0,0,0,2,0,0,0,0,0,0,0,0,0,0,0
125,cn4460,metis_partition,compute,0.37813399,1,0,0,0,0,0,0,444,0,0,0,0,0,0,0,0,0,0,0
125,cn4460,face_map_setup,compute,0.007083699,1,0,0,0,0,0,0,223,0,0,0,0,0,0,0,0,0,0,0
125,cn4460,face_local_extract,compute,0.159185013,1,0,0,0,0,0,0,710,0,0,0,0,0,0,0,0,0,0,0
125,cn4460,face_pre_collective_wait,synchronization,0.068626144,1,0,0,0,0,0,0,2,0,0,0,0,0,0,0,0,0,0,0
125,cn4460,face_collective_setup,compute,0.000117201999998,1,0,0,0,0,0,0,16,0,0,0,0,0,0,0,0,0,0,0
125,cn4460,face_allgatherv,communication,0.11407583,1,0,0,0,0,0,0,1155,0,0,0,0,0,0,0,1,1,18952,4859624
125,cn4460,face_global_merge,compute,0.079087581,1,0,0,0,0,0,0,443,0,0,0,0,0,0,0,0,0,0,0
125,cn4460,part_face_create,compute,0.019519617,1,0,0,0,0,0,0,4,0,0,0,0,0,0,0,0,0,0,0
125,cn4460,surface_refine,compute,0.006028627,1,0,0,0,0,0,0,39,0,0,0,0,0,0,0,0,0,0,0
125,cn4460,refined_surface_save,io,0,0,0,0,0,0,0,0,0,0,0,0,0,0,0,0,0,0,0,0
125,cn4460,local_volume_mesh,compute,6.370263068,1,0,0,0,0,0,0,2098,0,0,0,0,0,8271,300814,0,0,0,0
125,cn4460,volume_refine,compute,0.207630852,1,0,0,0,0,0,0,6010,0,0,0,0,0,0,0,0,0,0,0
125,cn4460,refined_volume_save,io,0,0,0,0,0,0,0,0,0,0,0,0,0,0,0,0,0,0,0,0
125,cn4460,adjacency_build,compute,0.005007875,1,0,0,0,0,0,0,9,0,0,0,0,0,0,0,0,0,0,0
125,cn4460,vertex_numbering_local,compute,0.007287301,1,0,0,0,0,0,0,3,0,0,0,0,0,0,0,0,0,0,0
125,cn4460,vertex_count_allgather,communication,2.092797862,1,0,0,0,0,0,0,53,0,0,0,0,0,0,2,1,1,4,1024
125,cn4460,element_count_allgather,communication,0.007965729,1,0,0,0,0,0,0,0,0,0,0,0,0,0,0,1,1,4,1024
125,cn4460,vertex_exchange_prepare,compute,2.86000000003e-05,1,0,0,0,0,0,0,0,0,0,0,0,0,0,0,0,0,0,0
125,cn4460,vertex_exchange,communication,0.012310057,1,0,0,0,0,0,0,45,0,0,0,0,0,0,0,5,8,24002,144276
125,cn4460,vertex_exchange_unpack,compute,0.002050743,1,0,0,0,0,0,0,0,0,0,0,0,0,0,0,0,0,0,0
125,cn4460,partition_result_io,io,0,0,0,0,0,0,0,0,0,0,0,0,0,0,0,0,0,0,0,0
125,cn4460,volume_exchange_pack,compute,0.081431046,2,0,0,0,0,0,0,1,0,0,0,0,0,0,0,0,0,0,0
125,cn4460,volume_size_exchange,communication,0.021211056,1,0,0,0,0,0,0,35,0,0,0,0,0,0,0,9,9,36,36
125,cn4460,volume_payload_prepare,compute,0.000135602,1,0,0,0,0,0,0,0,0,0,0,0,0,0,0,0,0,0,0
125,cn4460,volume_payload_exchange,communication,0.042984898,1,0,0,0,0,0,0,31,0,0,0,0,0,0,0,9,9,1796640,1794720
125,cn4460,volume_exchange_unpack,compute,0.062229352,1,0,0,0,0,0,0,1900,0,0,0,0,0,0,0,0,0,0,0
125,cn4460,final_mesh_save,io,0,0,0,0,0,0,0,0,0,0,0,0,0,0,0,0,0,0,0,0
125,cn4460,testout_io,io,0,0,0,0,0,0,0,0,0,0,0,0,0,0,0,0,0,0,0,0
125,cn4460,final_count_exchange,communication,0,0,0,0,0,0,0,0,0,0,0,0,0,0,0,0,0,0,0,0
125,cn4460,quality_evaluation,postprocess,0,0,0,0,0,0,0,0,0,0,0,0,0,0,0,0,0,0,0,0
126,cn4461,geometry_load,io,1.736983419,1,0,0,0,0,0,0,6316,0,1035092,0,0,0,2,2,0,0,0,0
126,cn4461,coarse_local_size,setup,0.451507747,1,0,0,0,0,0,0,7692,0,0,0,0,0,102,22,0,0,0,0
126,cn4461,coarse_edge_mesh,setup,0.012595975,1,0,0,0,0,0,0,549,0,0,0,0,0,0,0,0,0,0,0
126,cn4461,coarse_surface_mesh,setup,8.167725527,1,0,0,0,0,0,0,10871,0,0,0,0,0,0,10,0,0,0,0
126,cn4461,coarse_volume_mesh,setup,13.177231938,1,0,0,0,0,0,0,31663,0,0,0,0,0,36494,1574598,0,0,0,0
126,cn4461,coarse_mesh_save,io,0,0,0,0,0,0,0,0,0,0,0,0,0,0,0,0,0,0,0,0
126,cn4461,submesh_initialization,setup,0.000121921999998,1,0,0,0,0,0,0,1,0,0,0,0,0,0,0,0,0,0,0
126,cn4461,metis_partition,compute,0.374556373,1,0,0,0,0,0,0,553,0,0,0,0,0,0,1,0,0,0,0
126,cn4461,face_map_setup,compute,0.007294913,1,0,0,0,0,0,0,224,0,0,0,0,0,0,0,0,0,0,0
126,cn4461,face_local_extract,compute,0.161534827,1,0,0,0,0,0,0,641,0,0,0,0,0,0,0,0,0,0,0
126,cn4461,face_pre_collective_wait,synchronization,0.06961156,1,0,0,0,0,0,0,2,0,0,0,0,0,0,0,0,0,0,0
126,cn4461,face_collective_setup,compute,0.000110382000003,1,0,0,0,0,0,0,16,0,0,0,0,0,0,0,0,0,0,0
126,cn4461,face_allgatherv,communication,0.114075631,1,0,0,0,0,0,0,730,0,0,0,0,0,0,0,1,1,18952,4859624
126,cn4461,face_global_merge,compute,0.078883185,1,0,0,0,0,0,0,503,0,0,0,0,0,0,0,0,0,0,0
126,cn4461,part_face_create,compute,0.019641065,1,0,0,0,0,0,0,5,0,0,0,0,0,0,0,0,0,0,0
126,cn4461,surface_refine,compute,0.007157971,1,0,0,0,0,0,0,43,0,0,0,0,0,0,0,0,0,0,0
126,cn4461,refined_surface_save,io,0,0,0,0,0,0,0,0,0,0,0,0,0,0,0,0,0,0,0,0
126,cn4461,local_volume_mesh,compute,7.342930346,1,0,0,0,0,0,0,2237,0,0,0,0,0,13070,631879,0,0,0,0
126,cn4461,volume_refine,compute,0.322413344,1,0,0,0,0,0,0,5135,0,0,0,0,0,0,0,0,0,0,0
126,cn4461,refined_volume_save,io,0,0,0,0,0,0,0,0,0,0,0,0,0,0,0,0,0,0,0,0
126,cn4461,adjacency_build,compute,0.004808235,1,0,0,0,0,0,0,9,0,0,0,0,0,0,0,0,0,0,0
126,cn4461,vertex_numbering_local,compute,0.005066539,1,0,0,0,0,0,0,3,0,0,0,0,0,0,0,0,0,0,0
126,cn4461,vertex_count_allgather,communication,1.006758885,1,0,0,0,0,0,0,54,0,0,0,0,0,0,1,1,1,4,1024
126,cn4461,element_count_allgather,communication,0.007879342,1,0,0,0,0,0,0,0,0,0,0,0,0,0,0,1,1,4,1024
126,cn4461,vertex_exchange_prepare,compute,1.61600000013e-05,1,0,0,0,0,0,0,0,0,0,0,0,0,0,0,0,0,0,0
126,cn4461,vertex_exchange,communication,0.020539599,1,0,0,0,0,0,0,548,0,0,0,0,0,0,0,2,3,18656,32934
126,cn4461,vertex_exchange_unpack,compute,0.000508128,1,0,0,0,0,0,0,0,0,0,0,0,0,0,0,0,0,0,0
126,cn4461,partition_result_io,io,0,0,0,0,0,0,0,0,0,0,0,0,0,0,0,0,0,0,0,0
126,cn4461,volume_exchange_pack,compute,0.07729292,2,0,0,0,0,0,0,2,0,0,0,0,0,0,0,0,0,0,0
126,cn4461,volume_size_exchange,communication,0.00126036,1,0,0,0,0,0,0,2,0,0,0,0,0,0,0,3,3,12,12
126,cn4461,volume_payload_prepare,compute,4.21009999982e-05,1,0,0,0,0,0,0,0,0,0,0,0,0,0,0,0,0,0,0
126,cn4461,volume_payload_exchange,communication,0.018155582,1,0,0,0,0,0,0,18,0,0,0,0,0,0,0,3,3,523800,526800
126,cn4461,volume_exchange_unpack,compute,0.049673251,1,0,0,0,0,0,0,249,0,0,0,0,0,0,0,0,0,0,0
126,cn4461,final_mesh_save,io,0,0,0,0,0,0,0,0,0,0,0,0,0,0,0,0,0,0,0,0
126,cn4461,testout_io,io,0,0,0,0,0,0,0,0,0,0,0,0,0,0,0,0,0,0,0,0
126,cn4461,final_count_exchange,communication,0,0,0,0,0,0,0,0,0,0,0,0,0,0,0,0,0,0,0,0
126,cn4461,quality_evaluation,postprocess,0,0,0,0,0,0,0,0,0,0,0,0,0,0,0,0,0,0,0,0
127,cn4462,geometry_load,io,1.721153965,1,0,0,0,0,0,0,6353,0,1035092,0,0,0,2,3,0,0,0,0
127,cn4462,coarse_local_size,setup,0.450841733,1,0,0,0,0,0,0,7653,0,0,0,0,0,83,21,0,0,0,0
127,cn4462,coarse_edge_mesh,setup,0.012685498,1,0,0,0,0,0,0,581,0,0,0,0,0,0,0,0,0,0,0
127,cn4462,coarse_surface_mesh,setup,8.139006133,1,0,0,0,0,0,0,9366,0,0,0,0,0,0,14,0,0,0,0
127,cn4462,coarse_volume_mesh,setup,13.183547662,1,0,0,0,0,0,0,22888,0,0,0,0,0,34944,1396983,0,0,0,0
127,cn4462,coarse_mesh_save,io,0,0,0,0,0,0,0,0,0,0,0,0,0,0,0,0,0,0,0,0
127,cn4462,submesh_initialization,setup,0.000119722000001,1,0,0,0,0,0,0,1,0,0,0,0,0,0,0,0,0,0,0
127,cn4462,metis_partition,compute,0.362873674,1,0,0,0,0,0,0,172,0,0,0,0,0,0,1,0,0,0,0
127,cn4462,face_map_setup,compute,0.006749345,1,0,0,0,0,0,0,3,0,0,0,0,0,0,0,0,0,0,0
127,cn4462,face_local_extract,compute,0.159974939,1,0,0,0,0,0,0,714,0,0,0,0,0,0,0,0,0,0,0
127,cn4462,face_pre_collective_wait,synchronization,0.083486463,1,0,0,0,0,0,0,1,0,0,0,0,0,0,0,0,0,0,0
127,cn4462,face_collective_setup,compute,0.000115601000005,1,0,0,0,0,0,0,16,0,0,0,0,0,0,0,0,0,0,0
127,cn4462,face_allgatherv,communication,0.113978605,1,0,0,0,0,0,0,648,0,0,0,0,0,0,0,1,1,18952,4859624
127,cn4462,face_global_merge,compute,0.074938936,1,0,0,0,0,0,0,187,0,0,0,0,0,0,0,0,0,0,0
127,cn4462,part_face_create,compute,0.018665654,1,0,0,0,0,0,0,3,0,0,0,0,0,0,0,0,0,0,0
127,cn4462,surface_refine,compute,0.006545962,1,0,0,0,0,0,0,40,0,0,0,0,0,0,0,0,0,0,0
127,cn4462,refined_surface_save,io,0,0,0,0,0,0,0,0,0,0,0,0,0,0,0,0,0,0,0,0
127,cn4462,local_volume_mesh,compute,7.120176683,1,0,0,0,0,0,0,652,0,0,0,0,0,13853,491158,0,0,0,0
127,cn4462,volume_refine,compute,0.30890802,1,0,0,0,0,0,0,4222,0,0,0,0,0,0,0,0,0,0,0
127,cn4462,refined_volume_save,io,0,0,0,0,0,0,0,0,0,0,0,0,0,0,0,0,0,0,0,0
127,cn4462,adjacency_build,compute,0.004395495,1,0,0,0,0,0,0,0,0,0,0,0,0,0,0,0,0,0,0
127,cn4462,vertex_numbering_local,compute,0.005231286,1,0,0,0,0,0,0,2,0,0,0,0,0,0,0,0,0,0,0
127,cn4462,vertex_count_allgather,communication,1.249155988,1,0,0,0,0,0,0,34,0,0,0,0,0,0,2,1,1,4,1024
127,cn4462,element_count_allgather,communication,0.007926319,1,0,0,0,0,0,0,0,0,0,0,0,0,0,0,1,1,4,1024
127,cn4462,vertex_exchange_prepare,compute,1.66399999983e-05,1,0,0,0,0,0,0,0,0,0,0,0,0,0,0,0,0,0,0
127,cn4462,vertex_exchange,communication,0.019722487,1,0,0,0,0,0,0,542,0,0,0,0,0,0,0,0,4,0,57222
127,cn4462,vertex_exchange_unpack,compute,0.000799130000004,1,0,0,0,0,0,0,0,0,0,0,0,0,0,0,0,0,0,0
127,cn4462,partition_result_io,io,0,0,0,0,0,0,0,0,0,0,0,0,0,0,0,0,0,0,0,0
127,cn4462,volume_exchange_pack,compute,0.078992967,2,0,0,0,0,0,0,1,0,0,0,0,0,0,0,0,0,0,0
127,cn4462,volume_size_exchange,communication,8.44810000018e-05,1,0,0,0,0,0,0,2,0,0,0,0,0,0,0,4,4,16,16
127,cn4462,volume_payload_prepare,compute,4.74810000028e-05,1,0,0,0,0,0,0,0,0,0,0,0,0,0,0,0,0,0,0
127,cn4462,volume_payload_exchange,communication,0.060151931,1,0,0,0,0,0,0,29,0,0,0,0,0,0,0,4,4,589080,586200
127,cn4462,volume_exchange_unpack,compute,0.052731779,1,0,0,0,0,0,0,687,0,0,0,0,0,0,0,0,0,0,0
127,cn4462,final_mesh_save,io,0,0,0,0,0,0,0,0,0,0,0,0,0,0,0,0,0,0,0,0
127,cn4462,testout_io,io,0,0,0,0,0,0,0,0,0,0,0,0,0,0,0,0,0,0,0,0
127,cn4462,final_count_exchange,communication,0,0,0,0,0,0,0,0,0,0,0,0,0,0,0,0,0,0,0,0
127,cn4462,quality_evaluation,postprocess,0,0,0,0,0,0,0,0,0,0,0,0,0,0,0,0,0,0,0,0
128,cn4463,geometry_load,io,1.736270896,1,0,0,0,0,0,0,6346,0,1035092,0,0,0,2,2,0,0,0,0
128,cn4463,coarse_local_size,setup,0.447404593,1,0,0,0,0,0,0,7540,0,0,0,0,0,86,23,0,0,0,0
128,cn4463,coarse_edge_mesh,setup,0.012438108,1,0,0,0,0,0,0,577,0,0,0,0,0,0,0,0,0,0,0
128,cn4463,coarse_surface_mesh,setup,8.066206367,1,0,0,0,0,0,0,9964,0,0,0,0,0,0,11,0,0,0,0
128,cn4463,coarse_volume_mesh,setup,13.46001608,1,0,0,0,0,0,0,26688,0,0,0,0,0,38846,1707662,0,0,0,0
128,cn4463,coarse_mesh_save,io,0,0,0,0,0,0,0,0,0,0,0,0,0,0,0,0,0,0,0,0
128,cn4463,submesh_initialization,setup,0.000124901,1,0,0,0,0,0,0,1,0,0,0,0,0,0,0,0,0,0,0
128,cn4463,metis_partition,compute,0.377360038,1,0,0,0,0,0,0,603,0,0,0,0,0,0,1,0,0,0,0
128,cn4463,face_map_setup,compute,0.007090965,1,0,0,0,0,0,0,229,0,0,0,0,0,0,0,0,0,0,0
128,cn4463,face_local_extract,compute,0.158744952,1,0,0,0,0,0,0,661,0,0,0,0,0,0,0,0,0,0,0
128,cn4463,face_pre_collective_wait,synchronization,0.069804372,1,0,0,0,0,0,0,1,0,0,0,0,0,0,0,0,0,0,0
128,cn4463,face_collective_setup,compute,0.000117582000001,1,0,0,0,0,0,0,16,0,0,0,0,0,0,0,0,0,0,0
128,cn4463,face_allgatherv,communication,0.113988339,1,0,0,0,0,0,0,738,0,0,0,0,0,0,0,1,1,18952,4859624
128,cn4463,face_global_merge,compute,0.077402563,1,0,0,0,0,0,0,214,0,0,0,0,0,0,0,0,0,0,0
128,cn4463,part_face_create,compute,0.019061548,1,0,0,0,0,0,0,4,0,0,0,0,0,0,0,0,0,0,0
128,cn4463,surface_refine,compute,0.005754309,1,0,0,0,0,0,0,37,0,0,0,0,0,0,0,0,0,0,0
128,cn4463,refined_surface_save,io,0,0,0,0,0,0,0,0,0,0,0,0,0,0,0,0,0,0,0,0
128,cn4463,local_volume_mesh,compute,7.182878498,1,0,0,0,0,0,0,1648,0,0,0,0,0,9183,374668,0,0,0,0
128,cn4463,volume_refine,compute,0.200600312,1,0,0,0,0,0,0,4655,0,0,0,0,0,0,0,0,0,0,0
128,cn4463,refined_volume_save,io,0,0,0,0,0,0,0,0,0,0,0,0,0,0,0,0,0,0,0,0
128,cn4463,adjacency_build,compute,0.00476159700001,1,0,0,0,0,0,0,7,0,0,0,0,0,0,0,0,0,0,0
128,cn4463,vertex_numbering_local,compute,0.006466057,1,0,0,0,0,0,0,2,0,0,0,0,0,0,0,0,0,0,0
128,cn4463,vertex_count_allgather,communication,1.290921507,1,0,0,0,0,0,0,49,0,0,0,0,0,0,2,1,1,4,1024
128,cn4463,element_count_allgather,communication,0.007922755,1,0,0,0,0,0,0,0,0,0,0,0,0,0,0,1,1,4,1024
128,cn4463,vertex_exchange_prepare,compute,7.56000000024e-06,1,0,0,0,0,0,0,0,0,0,0,0,0,0,0,0,0,0,0
128,cn4463,vertex_exchange,communication,0.011165993,1,0,0,0,0,0,0,268,0,0,0,0,0,0,0,3,2,138050,1408
128,cn4463,vertex_exchange_unpack,compute,4.1379999999e-05,1,0,0,0,0,0,0,0,0,0,0,0,0,0,0,0,0,0,0
128,cn4463,partition_result_io,io,0,0,0,0,0,0,0,0,0,0,0,0,0,0,0,0,0,0,0,0
128,cn4463,volume_exchange_pack,compute,0.071747995,2,0,0,0,0,0,0,1,0,0,0,0,0,0,0,0,0,0,0
128,cn4463,volume_size_exchange,communication,0.022676451,1,0,0,0,0,0,0,1,0,0,0,0,0,0,0,3,3,12,12
128,cn4463,volume_payload_prepare,compute,0.000104960999998,1,0,0,0,0,0,0,0,0,0,0,0,0,0,0,0,0,0,0
128,cn4463,volume_payload_exchange,communication,0.008507062,1,0,0,0,0,0,0,23,0,0,0,0,0,0,0,3,3,1491840,1491720
128,cn4463,volume_exchange_unpack,compute,0.054608891,1,0,0,0,0,0,0,0,0,0,0,0,0,0,0,0,0,0,0
128,cn4463,final_mesh_save,io,0,0,0,0,0,0,0,0,0,0,0,0,0,0,0,0,0,0,0,0
128,cn4463,testout_io,io,0,0,0,0,0,0,0,0,0,0,0,0,0,0,0,0,0,0,0,0
128,cn4463,final_count_exchange,communication,0,0,0,0,0,0,0,0,0,0,0,0,0,0,0,0,0,0,0,0
128,cn4463,quality_evaluation,postprocess,0,0,0,0,0,0,0,0,0,0,0,0,0,0,0,0,0,0,0,0
129,cn4464,geometry_load,io,1.725779776,1,0,0,0,0,0,0,6471,0,1035092,0,0,0,2,2,0,0,0,0
129,cn4464,coarse_local_size,setup,0.449437085,1,0,0,0,0,0,0,7370,0,0,0,0,0,97,20,0,0,0,0
129,cn4464,coarse_edge_mesh,setup,0.012592252,1,0,0,0,0,0,0,567,0,0,0,0,0,0,0,0,0,0,0
129,cn4464,coarse_surface_mesh,setup,8.089143388,1,0,0,0,0,0,0,9862,0,0,0,0,0,0,10,0,0,0,0
129,cn4464,coarse_volume_mesh,setup,13.464469895,1,0,0,0,0,0,0,23546,0,0,0,0,0,39763,1663754,0,0,0,0
129,cn4464,coarse_mesh_save,io,0,0,0,0,0,0,0,0,0,0,0,0,0,0,0,0,0,0,0,0
129,cn4464,submesh_initialization,setup,0.000115941999994,1,0,0,0,0,0,0,1,0,0,0,0,0,0,0,0,0,0,0
129,cn4464,metis_partition,compute,0.360277929,1,0,0,0,0,0,0,63,0,0,0,0,0,0,0,0,0,0,0
129,cn4464,face_map_setup,compute,0.006776092,1,0,0,0,0,0,0,3,0,0,0,0,0,0,0,0,0,0,0
129,cn4464,face_local_extract,compute,0.153475272,1,0,0,0,0,0,0,24,0,0,0,0,0,0,0,0,0,0,0
129,cn4464,face_pre_collective_wait,synchronization,0.092525901,1,0,0,0,0,0,0,1,0,0,0,0,0,0,0,0,0,0,0
129,cn4464,face_collective_setup,compute,0.000112541,1,0,0,0,0,0,0,16,0,0,0,0,0,0,0,0,0,0,0
129,cn4464,face_allgatherv,communication,0.115146809,1,0,0,0,0,0,0,150,0,0,0,0,0,0,0,1,1,18952,4859624
129,cn4464,face_global_merge,compute,0.075242706,1,0,0,0,0,0,0,0,0,0,0,0,0,0,1,0,0,0,0
129,cn4464,part_face_create,compute,0.01833643,1,0,0,0,0,0,0,4,0,0,0,0,0,0,0,0,0,0,0
129,cn4464,surface_refine,compute,0.005439454,1,0,0,0,0,0,0,1,0,0,0,0,0,0,0,0,0,0,0
129,cn4464,refined_surface_save,io,0,0,0,0,0,0,0,0,0,0,0,0,0,0,0,0,0,0,0,0
129,cn4464,local_volume_mesh,compute,6.304353346,1,0,0,0,0,0,0,622,0,0,0,0,0,7482,314363,0,0,0,0
129,cn4464,volume_refine,compute,0.192356441,1,0,0,0,0,0,0,4346,0,0,0,0,0,0,0,0,0,0,0
129,cn4464,refined_volume_save,io,0,0,0,0,0,0,0,0,0,0,0,0,0,0,0,0,0,0,0,0
129,cn4464,adjacency_build,compute,0.004298658,1,0,0,0,0,0,0,0,0,0,0,0,0,0,0,0,0,0,0
129,cn4464,vertex_numbering_local,compute,0.004906127,1,0,0,0,0,0,0,3,0,0,0,0,0,0,0,0,0,0,0
129,cn4464,vertex_count_allgather,communication,2.182006533,1,0,0,0,0,0,0,50,0,0,0,0,0,0,3,1,1,4,1024
129,cn4464,element_count_allgather,communication,0.007910908,1,0,0,0,0,0,0,0,0,0,0,0,0,0,0,1,1,4,1024
129,cn4464,vertex_exchange_prepare,compute,1.16200000022e-05,1,0,0,0,0,0,0,0,0,0,0,0,0,0,0,0,0,0,0
129,cn4464,vertex_exchange,communication,0.001811085,1,0,0,0,0,0,0,19,0,0,0,0,0,0,0,2,1,9372,74976
129,cn4464,vertex_exchange_unpack,compute,0.001002974,1,0,0,0,0,0,0,0,0,0,0,0,0,0,0,0,0,0,0
129,cn4464,partition_result_io,io,0,0,0,0,0,0,0,0,0,0,0,0,0,0,0,0,0,0,0,0
129,cn4464,volume_exchange_pack,compute,0.055640958,2,0,0,0,0,0,0,1,0,0,0,0,0,0,0,0,0,0,0
129,cn4464,volume_size_exchange,communication,0.024526214,1,0,0,0,0,0,0,1,0,0,0,0,0,0,0,2,2,8,8
129,cn4464,volume_payload_prepare,compute,6.27809999969e-05,1,0,0,0,0,0,0,0,0,0,0,0,0,0,0,0,0,0,0
129,cn4464,volume_payload_exchange,communication,0.0234559,1,0,0,0,0,0,0,14,0,0,0,0,0,0,0,2,2,903960,900840
129,cn4464,volume_exchange_unpack,compute,0.040918778,1,0,0,0,0,0,0,0,0,0,0,0,0,0,0,0,0,0,0
129,cn4464,final_mesh_save,io,0,0,0,0,0,0,0,0,0,0,0,0,0,0,0,0,0,0,0,0
129,cn4464,testout_io,io,0,0,0,0,0,0,0,0,0,0,0,0,0,0,0,0,0,0,0,0
129,cn4464,final_count_exchange,communication,0,0,0,0,0,0,0,0,0,0,0,0,0,0,0,0,0,0,0,0
129,cn4464,quality_evaluation,postprocess,0,0,0,0,0,0,0,0,0,0,0,0,0,0,0,0,0,0,0,0
130,cn4465,geometry_load,io,1.769762815,1,0,0,0,0,0,0,6420,0,1035092,0,0,0,2,17,0,0,0,0
130,cn4465,coarse_local_size,setup,0.452730831,1,0,0,0,0,0,0,7375,0,0,0,0,0,89,42,0,0,0,0
130,cn4465,coarse_edge_mesh,setup,0.012702776,1,0,0,0,0,0,0,549,0,0,0,0,0,0,1,0,0,0,0
130,cn4465,coarse_surface_mesh,setup,8.124685785,1,0,0,0,0,0,0,9195,0,0,0,0,0,0,81,0,0,0,0
130,cn4465,coarse_volume_mesh,setup,14.171982473,1,0,0,0,0,0,0,22716,0,0,0,0,0,86810,2872492,0,0,0,0
130,cn4465,coarse_mesh_save,io,0,0,0,0,0,0,0,0,0,0,0,0,0,0,0,0,0,0,0,0
130,cn4465,submesh_initialization,setup,0.000114922000002,1,0,0,0,0,0,0,1,0,0,0,0,0,0,0,0,0,0,0
130,cn4465,metis_partition,compute,0.384000219,1,0,0,0,0,0,0,127,0,0,0,0,0,0,3,0,0,0,0
130,cn4465,face_map_setup,compute,0.006603532,1,0,0,0,0,0,0,3,0,0,0,0,0,0,0,0,0,0,0
130,cn4465,face_local_extract,compute,0.152260889,1,0,0,0,0,0,0,24,0,0,0,0,0,0,2,0,0,0,0
130,cn4465,face_pre_collective_wait,synchronization,0.070137051,1,0,0,0,0,0,0,1,0,0,0,0,0,0,1,0,0,0,0
130,cn4465,face_collective_setup,compute,0.000118702000002,1,0,0,0,0,0,0,16,0,0,0,0,0,0,0,0,0,0,0
130,cn4465,face_allgatherv,communication,0.115234756,1,0,0,0,0,0,0,146,0,0,0,0,0,0,1,1,1,18952,4859624
130,cn4465,face_global_merge,compute,0.074187568,1,0,0,0,0,0,0,0,0,0,0,0,0,0,1,0,0,0,0
130,cn4465,part_face_create,compute,0.018397975,1,0,0,0,0,0,0,3,0,0,0,0,0,0,0,0,0,0,0
130,cn4465,surface_refine,compute,0.005391875,1,0,0,0,0,0,0,1,0,0,0,0,0,0,0,0,0,0,0
130,cn4465,refined_surface_save,io,0,0,0,0,0,0,0,0,0,0,0,0,0,0,0,0,0,0,0,0
130,cn4465,local_volume_mesh,compute,6.065323018,1,0,0,0,0,0,0,637,0,0,0,0,0,57349,1809446,0,0,0,0
130,cn4465,volume_refine,compute,0.198993976,1,0,0,0,0,0,0,4370,0,0,0,0,0,0,2,0,0,0,0
130,cn4465,refined_volume_save,io,0,0,0,0,0,0,0,0,0,0,0,0,0,0,0,0,0,0,0,0
130,cn4465,adjacency_build,compute,0.004474262,1,0,0,0,0,0,0,0,0,0,0,0,0,0,0,0,0,0,0
130,cn4465,vertex_numbering_local,compute,0.004833827,1,0,0,0,0,0,0,2,0,0,0,0,0,0,0,0,0,0,0
130,cn4465,vertex_count_allgather,communication,2.415159475,1,0,0,0,0,0,0,33,0,0,0,0,0,0,25,1,1,4,1024
130,cn4465,element_count_allgather,communication,0.00786416899999,1,0,0,0,0,0,0,0,0,0,0,0,0,0,0,1,1,4,1024
130,cn4465,vertex_exchange_prepare,compute,1.11199999964e-05,1,0,0,0,0,0,0,0,0,0,0,0,0,0,0,0,0,0,0
130,cn4465,vertex_exchange,communication,0.00072583,1,0,0,0,0,0,0,25,0,0,0,0,0,0,0,2,2,42548,46156
130,cn4465,vertex_exchange_unpack,compute,0.000652930000001,1,0,0,0,0,0,0,0,0,0,0,0,0,0,0,0,0,0,0
130,cn4465,partition_result_io,io,0,0,0,0,0,0,0,0,0,0,0,0,0,0,0,0,0,0,0,0
130,cn4465,volume_exchange_pack,compute,0.05921386,2,0,0,0,0,0,0,1,0,0,0,0,0,0,1,0,0,0,0
130,cn4465,volume_size_exchange,communication,0.045041344,1,0,0,0,0,0,0,6,0,0,0,0,0,0,0,3,3,12,12
130,cn4465,volume_payload_prepare,compute,6.89810000054e-05,1,0,0,0,0,0,0,0,0,0,0,0,0,0,0,0,0,0,0
130,cn4465,volume_payload_exchange,communication,0.008538538,1,0,0,0,0,0,0,26,0,0,0,0,0,0,0,3,3,926280,934200
130,cn4465,volume_exchange_unpack,compute,0.043296199,1,0,0,0,0,0,0,0,0,0,0,0,0,0,1,0,0,0,0
130,cn4465,final_mesh_save,io,0,0,0,0,0,0,0,0,0,0,0,0,0,0,0,0,0,0,0,0
130,cn4465,testout_io,io,0,0,0,0,0,0,0,0,0,0,0,0,0,0,0,0,0,0,0,0
130,cn4465,final_count_exchange,communication,0,0,0,0,0,0,0,0,0,0,0,0,0,0,0,0,0,0,0,0
130,cn4465,quality_evaluation,postprocess,0,0,0,0,0,0,0,0,0,0,0,0,0,0,0,0,0,0,0,0
131,cn4466,geometry_load,io,1.735728467,1,0,0,0,0,0,0,6319,0,1035092,0,0,0,2,2,0,0,0,0
131,cn4466,coarse_local_size,setup,0.460425966,1,0,0,0,0,0,0,7594,0,0,0,0,0,119,20,0,0,0,0
131,cn4466,coarse_edge_mesh,setup,0.012481083,1,0,0,0,0,0,0,522,0,0,0,0,0,0,0,0,0,0,0
131,cn4466,coarse_surface_mesh,setup,8.110924672,1,0,0,0,0,0,0,9384,0,0,0,0,0,0,9,0,0,0,0
131,cn4466,coarse_volume_mesh,setup,13.316300787,1,0,0,0,0,0,0,23074,0,0,0,0,0,37834,1605253,0,0,0,0
131,cn4466,coarse_mesh_save,io,0,0,0,0,0,0,0,0,0,0,0,0,0,0,0,0,0,0,0,0
131,cn4466,submesh_initialization,setup,0.000124622000001,1,0,0,0,0,0,0,1,0,0,0,0,0,0,0,0,0,0,0
131,cn4466,metis_partition,compute,0.362570448,1,0,0,0,0,0,0,333,0,0,0,0,0,0,0,0,0,0,0
131,cn4466,face_map_setup,compute,0.007099364,1,0,0,0,0,0,0,362,0,0,0,0,0,0,0,0,0,0,0
131,cn4466,face_local_extract,compute,0.15853983,1,0,0,0,0,0,0,649,0,0,0,0,0,0,1,0,0,0,0
131,cn4466,face_pre_collective_wait,synchronization,0.084853727,1,0,0,0,0,0,0,1,0,0,0,0,0,0,0,0,0,0,0
131,cn4466,face_collective_setup,compute,0.000113102,1,0,0,0,0,0,0,13,0,0,0,0,0,0,0,0,0,0,0
131,cn4466,face_allgatherv,communication,0.115247174,1,0,0,0,0,0,0,1239,0,0,0,0,0,0,0,1,1,18952,4859624
131,cn4466,face_global_merge,compute,0.074979482,1,0,0,0,0,0,0,243,0,0,0,0,0,0,0,0,0,0,0
131,cn4466,part_face_create,compute,0.018785456,1,0,0,0,0,0,0,3,0,0,0,0,0,0,0,0,0,0,0
131,cn4466,surface_refine,compute,0.006621117,1,0,0,0,0,0,0,39,0,0,0,0,0,0,0,0,0,0,0
131,cn4466,refined_surface_save,io,0,0,0,0,0,0,0,0,0,0,0,0,0,0,0,0,0,0,0,0
131,cn4466,local_volume_mesh,compute,7.466958829,1,0,0,0,0,0,0,1150,0,0,0,0,0,13684,552667,0,0,0,0
131,cn4466,volume_refine,compute,0.24158291,1,0,0,0,0,0,0,4526,0,0,0,0,0,0,1,0,0,0,0
131,cn4466,refined_volume_save,io,0,0,0,0,0,0,0,0,0,0,0,0,0,0,0,0,0,0,0,0
131,cn4466,adjacency_build,compute,0.004622188,1,0,0,0,0,0,0,0,0,0,0,0,0,0,0,0,0,0,0
131,cn4466,vertex_numbering_local,compute,0.007036203,1,0,0,0,0,0,0,2,0,0,0,0,0,0,0,0,0,0,0
131,cn4466,vertex_count_allgather,communication,0.966141997,1,0,0,0,0,0,0,30,0,0,0,0,0,0,0,1,1,4,1024
131,cn4466,element_count_allgather,communication,0.007883796,1,0,0,0,0,0,0,1,0,0,0,0,0,0,0,1,1,4,1024
131,cn4466,vertex_exchange_prepare,compute,1.52209999982e-05,1,0,0,0,0,0,0,0,0,0,0,0,0,0,0,0,0,0,0
131,cn4466,vertex_exchange,communication,0.011159444,1,0,0,0,0,0,0,546,0,0,0,0,0,0,1,4,5,68112,68178
131,cn4466,vertex_exchange_unpack,compute,0.000965854,1,0,0,0,0,0,0,0,0,0,0,0,0,0,0,0,0,0,0
131,cn4466,partition_result_io,io,0,0,0,0,0,0,0,0,0,0,0,0,0,0,0,0,0,0,0,0
131,cn4466,volume_exchange_pack,compute,0.09326333,2,0,0,0,0,0,0,1,0,0,0,0,0,0,0,0,0,0,0
131,cn4466,volume_size_exchange,communication,0.007715733,1,0,0,0,0,0,0,3,0,0,0,0,0,0,0,6,6,24,24
131,cn4466,volume_payload_prepare,compute,0.000107520999997,1,0,0,0,0,0,0,0,0,0,0,0,0,0,0,0,0,0,0
131,cn4466,volume_payload_exchange,communication,0.002377215,1,0,0,0,0,0,0,11,0,0,0,0,0,0,0,6,6,1425360,1427640
131,cn4466,volume_exchange_unpack,compute,0.063586174,1,0,0,0,0,0,0,711,0,0,0,0,0,0,0,0,0,0,0
131,cn4466,final_mesh_save,io,0,0,0,0,0,0,0,0,0,0,0,0,0,0,0,0,0,0,0,0
131,cn4466,testout_io,io,0,0,0,0,0,0,0,0,0,0,0,0,0,0,0,0,0,0,0,0
131,cn4466,final_count_exchange,communication,0,0,0,0,0,0,0,0,0,0,0,0,0,0,0,0,0,0,0,0
131,cn4466,quality_evaluation,postprocess,0,0,0,0,0,0,0,0,0,0,0,0,0,0,0,0,0,0,0,0
132,cn4467,geometry_load,io,1.731012914,1,0,0,0,0,0,0,6321,0,1035092,0,0,0,2,3,0,0,0,0
132,cn4467,coarse_local_size,setup,0.443870398,1,0,0,0,0,0,0,7183,0,0,0,0,0,101,18,0,0,0,0
132,cn4467,coarse_edge_mesh,setup,0.012551289,1,0,0,0,0,0,0,521,0,0,0,0,0,0,0,0,0,0,0
132,cn4467,coarse_surface_mesh,setup,8.164046454,1,0,0,0,0,0,0,11046,0,0,0,0,0,0,11,0,0,0,0
132,cn4467,coarse_volume_mesh,setup,13.383871635,1,0,0,0,0,0,0,31781,0,0,0,0,0,37587,1617708,0,0,0,0
132,cn4467,coarse_mesh_save,io,0,0,0,0,0,0,0,0,0,0,0,0,0,0,0,0,0,0,0,0
132,cn4467,submesh_initialization,setup,0.000139482000002,1,0,0,0,0,0,0,16,0,0,0,0,0,0,0,0,0,0,0
132,cn4467,metis_partition,compute,0.376082245,1,0,0,0,0,0,0,1517,0,0,0,0,0,0,0,0,0,0,0
132,cn4467,face_map_setup,compute,0.007956787,1,0,0,0,0,0,0,778,0,0,0,0,0,0,0,0,0,0,0
132,cn4467,face_local_extract,compute,0.161656877,1,0,0,0,0,0,0,899,0,0,0,0,0,0,0,0,0,0,0
132,cn4467,face_pre_collective_wait,synchronization,0.067252806,1,0,0,0,0,0,0,1,0,0,0,0,0,0,0,0,0,0,0
132,cn4467,face_collective_setup,compute,0.000122441999999,1,0,0,0,0,0,0,16,0,0,0,0,0,0,0,0,0,0,0
132,cn4467,face_allgatherv,communication,0.115284413,1,0,0,0,0,0,0,666,0,0,0,0,0,0,1,1,1,18952,4859624
132,cn4467,face_global_merge,compute,0.079069525,1,0,0,0,0,0,0,563,0,0,0,0,0,0,0,0,0,0,0
132,cn4467,part_face_create,compute,0.019559343,1,0,0,0,0,0,0,5,0,0,0,0,0,0,0,0,0,0,0
132,cn4467,surface_refine,compute,0.006439646,1,0,0,0,0,0,0,39,0,0,0,0,0,0,0,0,0,0,0
132,cn4467,refined_surface_save,io,0,0,0,0,0,0,0,0,0,0,0,0,0,0,0,0,0,0,0,0
132,cn4467,local_volume_mesh,compute,6.349686498,1,0,0,0,0,0,0,779,0,0,0,0,0,6425,297523,0,0,0,0
132,cn4467,volume_refine,compute,0.229378229,1,0,0,0,0,0,0,4618,0,0,0,0,0,0,0,0,0,0,0
132,cn4467,refined_volume_save,io,0,0,0,0,0,0,0,0,0,0,0,0,0,0,0,0,0,0,0,0
132,cn4467,adjacency_build,compute,0.005016988,1,0,0,0,0,0,0,0,0,0,0,0,0,0,0,0,0,0,0
132,cn4467,vertex_numbering_local,compute,0.007681803,1,0,0,0,0,0,0,1,0,0,0,0,0,0,0,0,0,0,0
132,cn4467,vertex_count_allgather,communication,2.089731144,1,0,0,0,0,0,0,94,0,0,0,0,0,0,2,1,1,4,1024
132,cn4467,element_count_allgather,communication,0.007817406,1,0,0,0,0,0,0,2,0,0,0,0,0,0,0,1,1,4,1024
132,cn4467,vertex_exchange_prepare,compute,5.72809999966e-05,1,0,0,0,0,0,0,35,0,0,0,0,0,0,0,0,0,0,0
132,cn4467,vertex_exchange,communication,0.012275346,1,0,0,0,0,0,0,295,0,0,0,0,0,0,0,14,8,165814,2860
132,cn4467,vertex_exchange_unpack,compute,0.000192783000003,1,0,0,0,0,0,0,119,0,0,0,0,0,0,0,0,0,0,0
132,cn4467,partition_result_io,io,0,0,0,0,0,0,0,0,0,0,0,0,0,0,0,0,0,0,0,0
132,cn4467,volume_exchange_pack,compute,0.099275336,2,0,0,0,0,0,0,2038,0,0,0,0,0,0,0,0,0,0,0
132,cn4467,volume_size_exchange,communication,0.00293116,1,0,0,0,0,0,0,70,0,0,0,0,0,0,0,8,8,32,32
132,cn4467,volume_payload_prepare,compute,0.000157041999998,1,0,0,0,0,0,0,20,0,0,0,0,0,0,0,0,0,0,0
132,cn4467,volume_payload_exchange,communication,0.002425453,1,0,0,0,0,0,0,24,0,0,0,0,0,0,0,8,8,1760160,1761960
132,cn4467,volume_exchange_unpack,compute,0.073305387,1,0,0,0,0,0,0,2585,0,0,0,0,0,0,1,0,0,0,0
132,cn4467,final_mesh_save,io,0,0,0,0,0,0,0,0,0,0,0,0,0,0,0,0,0,0,0,0
132,cn4467,testout_io,io,0,0,0,0,0,0,0,0,0,0,0,0,0,0,0,0,0,0,0,0
132,cn4467,final_count_exchange,communication,0,0,0,0,0,0,0,0,0,0,0,0,0,0,0,0,0,0,0,0
132,cn4467,quality_evaluation,postprocess,0,0,0,0,0,0,0,0,0,0,0,0,0,0,0,0,0,0,0,0
133,cn4468,geometry_load,io,1.746729539,1,0,0,0,0,0,0,6340,0,1035092,0,0,0,2,2,0,0,0,0
133,cn4468,coarse_local_size,setup,0.453073377,1,0,0,0,0,0,0,7617,0,0,0,0,0,90,21,0,0,0,0
133,cn4468,coarse_edge_mesh,setup,0.01269213,1,0,0,0,0,0,0,578,0,0,0,0,0,0,0,0,0,0,0
133,cn4468,coarse_surface_mesh,setup,8.161258265,1,0,0,0,0,0,0,10887,0,0,0,0,0,0,11,0,0,0,0
133,cn4468,coarse_volume_mesh,setup,13.415864852,1,0,0,0,0,0,0,29246,0,0,0,0,0,38481,1673810,0,0,0,0
133,cn4468,coarse_mesh_save,io,0,0,0,0,0,0,0,0,0,0,0,0,0,0,0,0,0,0,0,0
133,cn4468,submesh_initialization,setup,0.000140320999996,1,0,0,0,0,0,0,17,0,0,0,0,0,0,0,0,0,0,0
133,cn4468,metis_partition,compute,0.385836832,1,0,0,0,0,0,0,1663,0,0,0,0,0,0,0,0,0,0,0
133,cn4468,face_map_setup,compute,0.007719258,1,0,0,0,0,0,0,564,0,0,0,0,0,0,0,0,0,0,0
133,cn4468,face_local_extract,compute,0.161830029,1,0,0,0,0,0,0,846,0,0,0,0,0,0,0,0,0,0,0
133,cn4468,face_pre_collective_wait,synchronization,0.057597187,1,0,0,0,0,0,0,1,0,0,0,0,0,0,0,0,0,0,0
133,cn4468,face_collective_setup,compute,0.000120082000002,1,0,0,0,0,0,0,16,0,0,0,0,0,0,0,0,0,0,0
133,cn4468,face_allgatherv,communication,0.115250234,1,0,0,0,0,0,0,644,0,0,0,0,0,0,0,1,1,18952,4859624
133,cn4468,face_global_merge,compute,0.079793993,1,0,0,0,0,0,0,527,0,0,0,0,0,0,0,0,0,0,0
133,cn4468,part_face_create,compute,0.019782622,1,0,0,0,0,0,0,3,0,0,0,0,0,0,1,0,0,0,0
133,cn4468,surface_refine,compute,0.007116473,1,0,0,0,0,0,0,42,0,0,0,0,0,0,0,0,0,0,0
133,cn4468,refined_surface_save,io,0,0,0,0,0,0,0,0,0,0,0,0,0,0,0,0,0,0,0,0
133,cn4468,local_volume_mesh,compute,7.464324523,1,0,0,0,0,0,0,2324,0,0,0,0,0,14438,466542,0,0,0,0
133,cn4468,volume_refine,compute,0.262878299,1,0,0,0,0,0,0,5744,0,0,0,0,0,0,0,0,0,0,0
133,cn4468,refined_volume_save,io,0,0,0,0,0,0,0,0,0,0,0,0,0,0,0,0,0,0,0,0
133,cn4468,adjacency_build,compute,0.00476636800001,1,0,0,0,0,0,0,8,0,0,0,0,0,0,0,0,0,0,0
133,cn4468,vertex_numbering_local,compute,0.005373754,1,0,0,0,0,0,0,3,0,0,0,0,0,0,0,0,0,0,0
133,cn4468,vertex_count_allgather,communication,0.942436623,1,0,0,0,0,0,0,51,0,0,0,0,0,0,1,1,1,4,1024
133,cn4468,element_count_allgather,communication,0.00789114,1,0,0,0,0,0,0,0,0,0,0,0,0,0,0,1,1,4,1024
133,cn4468,vertex_exchange_prepare,compute,1.84200000035e-05,1,0,0,0,0,0,0,0,0,0,0,0,0,0,0,0,0,0,0
133,cn4468,vertex_exchange,communication,0.020085244,1,0,0,0,0,0,0,38,0,0,0,0,0,0,0,5,3,20350,42922
133,cn4468,vertex_exchange_unpack,compute,0.000645767000002,1,0,0,0,0,0,0,0,0,0,0,0,0,0,0,0,0,0,0
133,cn4468,partition_result_io,io,0,0,0,0,0,0,0,0,0,0,0,0,0,0,0,0,0,0,0,0
133,cn4468,volume_exchange_pack,compute,0.076834303,2,0,0,0,0,0,0,3,0,0,0,0,0,0,0,0,0,0,0
133,cn4468,volume_size_exchange,communication,0.017196115,1,0,0,0,0,0,0,9,0,0,0,0,0,0,0,5,5,20,20
133,cn4468,volume_payload_prepare,compute,5.30810000043e-05,1,0,0,0,0,0,0,0,0,0,0,0,0,0,0,0,0,0,0
133,cn4468,volume_payload_exchange,communication,0.002227123,1,0,0,0,0,0,0,29,0,0,0,0,0,0,0,5,5,645120,647880
133,cn4468,volume_exchange_unpack,compute,0.050714677,1,0,0,0,0,0,0,128,0,0,0,0,0,0,0,0,0,0,0
133,cn4468,final_mesh_save,io,0,0,0,0,0,0,0,0,0,0,0,0,0,0,0,0,0,0,0,0
133,cn4468,testout_io,io,0,0,0,0,0,0,0,0,0,0,0,0,0,0,0,0,0,0,0,0
133,cn4468,final_count_exchange,communication,0,0,0,0,0,0,0,0,0,0,0,0,0,0,0,0,0,0,0,0
133,cn4468,quality_evaluation,postprocess,0,0,0,0,0,0,0,0,0,0,0,0,0,0,0,0,0,0,0,0
134,cn4469,geometry_load,io,1.880465502,1,0,0,0,0,0,0,6555,0,1035092,0,0,0,2,16,0,0,0,0
134,cn4469,coarse_local_size,setup,0.47202044,1,0,0,0,0,0,0,7361,0,0,0,0,0,80,23,0,0,0,0
134,cn4469,coarse_edge_mesh,setup,0.01285527,1,0,0,0,0,0,0,577,0,0,0,0,0,0,0,0,0,0,0
134,cn4469,coarse_surface_mesh,setup,8.511348868,1,0,0,0,0,0,0,7959,0,0,0,0,0,1,75,0,0,0,0
134,cn4469,coarse_volume_mesh,setup,13.453069408,1,0,0,0,0,0,0,20347,0,0,0,0,0,40331,1651706,0,0,0,0
134,cn4469,coarse_mesh_save,io,0,0,0,0,0,0,0,0,0,0,0,0,0,0,0,0,0,0,0,0
134,cn4469,submesh_initialization,setup,0.000117182000004,1,0,0,0,0,0,0,1,0,0,0,0,0,0,0,0,0,0,0
134,cn4469,metis_partition,compute,0.364261628,1,0,0,0,0,0,0,61,0,0,0,0,0,0,4,0,0,0,0
134,cn4469,face_map_setup,compute,0.006697388,1,0,0,0,0,0,0,3,0,0,0,0,0,0,0,0,0,0,0
134,cn4469,face_local_extract,compute,0.149369693,1,0,0,0,0,0,0,24,0,0,0,0,0,0,1,0,0,0,0
134,cn4469,face_pre_collective_wait,synchronization,0.092659858,1,0,0,0,0,0,0,1,0,0,0,0,0,0,1,0,0,0,0
134,cn4469,face_collective_setup,compute,0.000116761999998,1,0,0,0,0,0,0,16,0,0,0,0,0,0,0,0,0,0,0
134,cn4469,face_allgatherv,communication,0.115249987,1,0,0,0,0,0,0,49,0,0,0,0,0,0,1,1,1,18952,4859624
134,cn4469,face_global_merge,compute,0.073375723,1,0,0,0,0,0,0,0,0,0,0,0,0,0,0,0,0,0,0
134,cn4469,part_face_create,compute,0.018474967,1,0,0,0,0,0,0,3,0,0,0,0,0,0,0,0,0,0,0
134,cn4469,surface_refine,compute,0.005697337,1,0,0,0,0,0,0,1,0,0,0,0,0,0,0,0,0,0,0
134,cn4469,refined_surface_save,io,0,0,0,0,0,0,0,0,0,0,0,0,0,0,0,0,0,0,0,0
134,cn4469,local_volume_mesh,compute,6.404053289,1,0,0,0,0,0,0,633,0,0,0,0,0,10633,404569,0,0,0,0
134,cn4469,volume_refine,compute,0.191992244,1,0,0,0,0,0,0,3892,0,0,0,0,0,0,1,0,0,0,0
134,cn4469,refined_volume_save,io,0,0,0,0,0,0,0,0,0,0,0,0,0,0,0,0,0,0,0,0
134,cn4469,adjacency_build,compute,0.004581626,1,0,0,0,0,0,0,0,0,0,0,0,0,0,0,0,0,0,0
134,cn4469,vertex_numbering_local,compute,0.006694928,1,0,0,0,0,0,0,2,0,0,0,0,0,0,0,0,0,0,0
134,cn4469,vertex_count_allgather,communication,2.082125664,1,0,0,0,0,0,0,51,0,0,0,0,0,0,18,1,1,4,1024
134,cn4469,element_count_allgather,communication,0.00789956,1,0,0,0,0,0,0,0,0,0,0,0,0,0,0,1,1,4,1024
134,cn4469,vertex_exchange_prepare,compute,1.31400000001e-05,1,0,0,0,0,0,0,0,0,0,0,0,0,0,0,0,0,0,0
134,cn4469,vertex_exchange,communication,0.011532817,1,0,0,0,0,0,0,49,0,0,0,0,0,0,0,6,3,124916,33616
134,cn4469,vertex_exchange_unpack,compute,0.000497845000005,1,0,0,0,0,0,0,0,0,0,0,0,0,0,0,0,0,0,0
134,cn4469,partition_result_io,io,0,0,0,0,0,0,0,0,0,0,0,0,0,0,0,0,0,0,0,0
134,cn4469,volume_exchange_pack,compute,0.080844139,2,0,0,0,0,0,0,1,0,0,0,0,0,0,1,0,0,0,0
134,cn4469,volume_size_exchange,communication,0.020416727,1,0,0,0,0,0,0,0,0,0,0,0,0,0,0,5,5,20,20
134,cn4469,volume_payload_prepare,compute,0.000122301000005,1,0,0,0,0,0,0,0,0,0,0,0,0,0,0,0,0,0,0
134,cn4469,volume_payload_exchange,communication,0.002028621,1,0,0,0,0,0,0,25,0,0,0,0,0,0,0,5,5,1686360,1673160
134,cn4469,volume_exchange_unpack,compute,0.056230489,1,0,0,0,0,0,0,217,0,0,0,0,0,0,1,0,0,0,0
134,cn4469,final_mesh_save,io,0,0,0,0,0,0,0,0,0,0,0,0,0,0,0,0,0,0,0,0
134,cn4469,testout_io,io,0,0,0,0,0,0,0,0,0,0,0,0,0,0,0,0,0,0,0,0
134,cn4469,final_count_exchange,communication,0,0,0,0,0,0,0,0,0,0,0,0,0,0,0,0,0,0,0,0
134,cn4469,quality_evaluation,postprocess,0,0,0,0,0,0,0,0,0,0,0,0,0,0,0,0,0,0,0,0
135,cn4470,geometry_load,io,1.735256318,1,0,0,0,0,0,0,6319,0,1035092,0,0,0,2,2,0,0,0,0
135,cn4470,coarse_local_size,setup,0.4505317,1,0,0,0,0,0,0,7662,0,0,0,0,0,103,20,0,0,0,0
135,cn4470,coarse_edge_mesh,setup,0.012674005,1,0,0,0,0,0,0,570,0,0,0,0,0,0,0,0,0,0,0
135,cn4470,coarse_surface_mesh,setup,8.199626347,1,0,0,0,0,0,0,12906,0,0,0,0,0,0,8,0,0,0,0
135,cn4470,coarse_volume_mesh,setup,13.39673258,1,0,0,0,0,0,0,33160,0,0,0,0,0,36559,1555722,0,0,0,0
135,cn4470,coarse_mesh_save,io,0,0,0,0,0,0,0,0,0,0,0,0,0,0,0,0,0,0,0,0
135,cn4470,submesh_initialization,setup,0.000123082000002,1,0,0,0,0,0,0,1,0,0,0,0,0,0,0,0,0,0,0
135,cn4470,metis_partition,compute,0.373784224,1,0,0,0,0,0,0,519,0,0,0,0,0,0,1,0,0,0,0
135,cn4470,face_map_setup,compute,0.00744548500001,1,0,0,0,0,0,0,224,0,0,0,0,0,0,0,0,0,0,0
135,cn4470,face_local_extract,compute,0.16302816,1,0,0,0,0,0,0,555,0,0,0,0,0,0,0,0,0,0,0
135,cn4470,face_pre_collective_wait,synchronization,0.068776144,1,0,0,0,0,0,0,1,0,0,0,0,0,0,0,0,0,0,0
135,cn4470,face_collective_setup,compute,0.000116521000002,1,0,0,0,0,0,0,16,0,0,0,0,0,0,0,0,0,0,0
135,cn4470,face_allgatherv,communication,0.115215855,1,0,0,0,0,0,0,831,0,0,0,0,0,0,0,1,1,18952,4859624
135,cn4470,face_global_merge,compute,0.078337854,1,0,0,0,0,0,0,389,0,0,0,0,0,0,0,0,0,0,0
135,cn4470,part_face_create,compute,0.019494502,1,0,0,0,0,0,0,3,0,0,0,0,0,0,0,0,0,0,0
135,cn4470,surface_refine,compute,0.006532415,1,0,0,0,0,0,0,40,0,0,0,0,0,0,0,0,0,0,0
135,cn4470,refined_surface_save,io,0,0,0,0,0,0,0,0,0,0,0,0,0,0,0,0,0,0,0,0
135,cn4470,local_volume_mesh,compute,6.652029752,1,0,0,0,0,0,0,2266,0,0,0,0,0,7578,337073,0,0,0,0
135,cn4470,volume_refine,compute,0.22180527,1,0,0,0,0,0,0,4923,0,0,0,0,0,0,0,0,0,0,0
135,cn4470,refined_volume_save,io,0,0,0,0,0,0,0,0,0,0,0,0,0,0,0,0,0,0,0,0
135,cn4470,adjacency_build,compute,0.00497895700001,1,0,0,0,0,0,0,11,0,0,0,0,0,0,0,0,0,0,0
135,cn4470,vertex_numbering_local,compute,0.00858571800001,1,0,0,0,0,0,0,3,0,0,0,0,0,0,0,0,0,0,0
135,cn4470,vertex_count_allgather,communication,1.794774837,1,0,0,0,0,0,0,54,0,0,0,0,0,0,2,1,1,4,1024
135,cn4470,element_count_allgather,communication,0.00790677,1,0,0,0,0,0,0,0,0,0,0,0,0,0,0,1,1,4,1024
135,cn4470,vertex_exchange_prepare,compute,3.19199999979e-05,1,0,0,0,0,0,0,0,0,0,0,0,0,0,0,0,0,0,0
135,cn4470,vertex_exchange,communication,0.019199839,1,0,0,0,0,0,0,49,0,0,0,0,0,0,0,11,8,61534,137060
135,cn4470,vertex_exchange_unpack,compute,0.001980103,1,0,0,0,0,0,0,0,0,0,0,0,0,0,0,0,0,0,0
135,cn4470,partition_result_io,io,0,0,0,0,0,0,0,0,0,0,0,0,0,0,0,0,0,0,0,0
135,cn4470,volume_exchange_pack,compute,0.09199759,2,0,0,0,0,0,0,3,0,0,0,0,0,0,0,0,0,0,0
135,cn4470,volume_size_exchange,communication,4.62610000014e-05,1,0,0,0,0,0,0,0,0,0,0,0,0,0,0,9,9,36,36
135,cn4470,volume_payload_prepare,compute,0.000154602000002,1,0,0,0,0,0,0,0,0,0,0,0,0,0,0,0,0,0,0
135,cn4470,volume_payload_exchange,communication,0.002561509,1,0,0,0,0,0,0,14,0,0,0,0,0,0,0,9,9,2117280,2112000
135,cn4470,volume_exchange_unpack,compute,0.067926115,1,0,0,0,0,0,0,1099,0,0,0,0,0,0,0,0,0,0,0
135,cn4470,final_mesh_save,io,0,0,0,0,0,0,0,0,0,0,0,0,0,0,0,0,0,0,0,0
135,cn4470,testout_io,io,0,0,0,0,0,0,0,0,0,0,0,0,0,0,0,0,0,0,0,0
135,cn4470,final_count_exchange,communication,0,0,0,0,0,0,0,0,0,0,0,0,0,0,0,0,0,0,0,0
135,cn4470,quality_evaluation,postprocess,0,0,0,0,0,0,0,0,0,0,0,0,0,0,0,0,0,0,0,0
136,cn4471,geometry_load,io,1.72309747,1,0,0,0,0,0,0,6470,0,1035092,0,0,0,2,1,0,0,0,0
136,cn4471,coarse_local_size,setup,0.458751004,1,0,0,0,0,0,0,7599,0,0,0,0,0,118,21,0,0,0,0
136,cn4471,coarse_edge_mesh,setup,0.057810073,1,0,0,0,0,0,0,583,0,0,0,0,0,1,0,0,0,0,0
136,cn4471,coarse_surface_mesh,setup,8.030631644,1,0,0,0,0,0,0,9743,0,0,0,0,0,0,9,0,0,0,0
136,cn4471,coarse_volume_mesh,setup,13.239357565,1,0,0,0,0,0,0,22695,0,0,0,0,0,37813,1532674,0,0,0,0
136,cn4471,coarse_mesh_save,io,0,0,0,0,0,0,0,0,0,0,0,0,0,0,0,0,0,0,0,0
136,cn4471,submesh_initialization,setup,0.000124721000006,1,0,0,0,0,0,0,1,0,0,0,0,0,0,0,0,0,0,0
136,cn4471,metis_partition,compute,0.361529599,1,0,0,0,0,0,0,59,0,0,0,0,0,0,1,0,0,0,0
136,cn4471,face_map_setup,compute,0.006723853,1,0,0,0,0,0,0,3,0,0,0,0,0,0,0,0,0,0,0
136,cn4471,face_local_extract,compute,0.151970544,1,0,0,0,0,0,0,24,0,0,0,0,0,0,0,0,0,0,0
136,cn4471,face_pre_collective_wait,synchronization,0.092802836,1,0,0,0,0,0,0,1,0,0,0,0,0,0,0,0,0,0,0
136,cn4471,face_collective_setup,compute,0.000112741000002,1,0,0,0,0,0,0,15,0,0,0,0,0,0,0,0,0,0,0
136,cn4471,face_allgatherv,communication,0.115219222,1,0,0,0,0,0,0,47,0,0,0,0,0,0,0,1,1,18952,4859624
136,cn4471,face_global_merge,compute,0.073363564,1,0,0,0,0,0,0,0,0,0,0,0,0,0,0,0,0,0,0
136,cn4471,part_face_create,compute,0.018349481,1,0,0,0,0,0,0,3,0,0,0,0,0,0,0,0,0,0,0
136,cn4471,surface_refine,compute,0.006110867,1,0,0,0,0,0,0,1,0,0,0,0,0,0,0,0,0,0,0
136,cn4471,refined_surface_save,io,0,0,0,0,0,0,0,0,0,0,0,0,0,0,0,0,0,0,0,0
136,cn4471,local_volume_mesh,compute,7.453544164,1,0,0,0,0,0,0,546,0,0,0,0,0,15615,539248,0,0,0,0
136,cn4471,volume_refine,compute,0.249731895,1,0,0,0,0,0,0,4003,0,0,0,0,0,0,0,0,0,0,0
136,cn4471,refined_volume_save,io,0,0,0,0,0,0,0,0,0,0,0,0,0,0,0,0,0,0,0,0
136,cn4471,adjacency_build,compute,0.004452749,1,0,0,0,0,0,0,0,0,0,0,0,0,0,0,0,0,0,0
136,cn4471,vertex_numbering_local,compute,0.006002226,1,0,0,0,0,0,0,2,0,0,0,0,0,0,0,0,0,0,0
136,cn4471,vertex_count_allgather,communication,0.975382461,1,0,0,0,0,0,0,32,0,0,0,0,0,0,1,1,1,4,1024
136,cn4471,element_count_allgather,communication,0.007781105,1,0,0,0,0,0,0,0,0,0,0,0,0,0,0,1,1,4,1024
136,cn4471,vertex_exchange_prepare,compute,9.93999999821e-06,1,0,0,0,0,0,0,0,0,0,0,0,0,0,0,0,0,0,0
136,cn4471,vertex_exchange,communication,0.01096414,1,0,0,0,0,0,0,35,0,0,0,0,0,0,0,5,4,91014,1430
136,cn4471,vertex_exchange_unpack,compute,3.65000000002e-05,1,0,0,0,0,0,0,0,0,0,0,0,0,0,0,0,0,0,0
136,cn4471,partition_result_io,io,0,0,0,0,0,0,0,0,0,0,0,0,0,0,0,0,0,0,0,0
136,cn4471,volume_exchange_pack,compute,0.086991393,2,0,0,0,0,0,0,1,0,0,0,0,0,0,0,0,0,0,0
136,cn4471,volume_size_exchange,communication,0.014694361,1,0,0,0,0,0,0,0,0,0,0,0,0,0,0,5,5,20,20
136,cn4471,volume_payload_prepare,compute,7.11010000032e-05,1,0,0,0,0,0,0,0,0,0,0,0,0,0,0,0,0,0,0
136,cn4471,volume_payload_exchange,communication,0.003566919,1,0,0,0,0,0,0,28,0,0,0,0,0,0,0,5,5,957840,955080
136,cn4471,volume_exchange_unpack,compute,0.057761213,1,0,0,0,0,0,0,560,0,0,0,0,0,0,0,0,0,0,0
136,cn4471,final_mesh_save,io,0,0,0,0,0,0,0,0,0,0,0,0,0,0,0,0,0,0,0,0
136,cn4471,testout_io,io,0,0,0,0,0,0,0,0,0,0,0,0,0,0,0,0,0,0,0,0
136,cn4471,final_count_exchange,communication,0,0,0,0,0,0,0,0,0,0,0,0,0,0,0,0,0,0,0,0
136,cn4471,quality_evaluation,postprocess,0,0,0,0,0,0,0,0,0,0,0,0,0,0,0,0,0,0,0,0
137,cn4472,geometry_load,io,1.741338919,1,0,0,0,0,0,0,6345,0,1035092,0,0,0,2,3,0,0,0,0
137,cn4472,coarse_local_size,setup,0.443279539,1,0,0,0,0,0,0,7171,0,0,0,0,0,107,20,0,0,0,0
137,cn4472,coarse_edge_mesh,setup,0.012801631,1,0,0,0,0,0,0,550,0,0,0,0,0,0,0,0,0,0,0
137,cn4472,coarse_surface_mesh,setup,8.172175549,1,0,0,0,0,0,0,11058,0,0,0,0,0,0,10,0,0,0,0
137,cn4472,coarse_volume_mesh,setup,13.475489913,1,0,0,0,0,0,0,34076,0,0,0,0,0,38534,1625225,0,0,0,0
137,cn4472,coarse_mesh_save,io,0,0,0,0,0,0,0,0,0,0,0,0,0,0,0,0,0,0,0,0
137,cn4472,submesh_initialization,setup,0.000124661999997,1,0,0,0,0,0,0,1,0,0,0,0,0,0,0,0,0,0,0
137,cn4472,metis_partition,compute,0.379575304,1,0,0,0,0,0,0,713,0,0,0,0,0,0,1,0,0,0,0
137,cn4472,face_map_setup,compute,0.007260969,1,0,0,0,0,0,0,233,0,0,0,0,0,0,0,0,0,0,0
137,cn4472,face_local_extract,compute,0.161836623,1,0,0,0,0,0,0,664,0,0,0,0,0,0,0,0,0,0,0
137,cn4472,face_pre_collective_wait,synchronization,0.064353664,1,0,0,0,0,0,0,1,0,0,0,0,0,0,0,0,0,0,0
137,cn4472,face_collective_setup,compute,0.000114840999998,1,0,0,0,0,0,0,16,0,0,0,0,0,0,0,0,0,0,0
137,cn4472,face_allgatherv,communication,0.115193685,1,0,0,0,0,0,0,685,0,0,0,0,0,0,0,1,1,18952,4859624
137,cn4472,face_global_merge,compute,0.077954747,1,0,0,0,0,0,0,221,0,0,0,0,0,0,0,0,0,0,0
137,cn4472,part_face_create,compute,0.019728995,1,0,0,0,0,0,0,3,0,0,0,0,0,0,0,0,0,0,0
137,cn4472,surface_refine,compute,0.006429736,1,0,0,0,0,0,0,39,0,0,0,0,0,0,0,0,0,0,0
137,cn4472,refined_surface_save,io,0,0,0,0,0,0,0,0,0,0,0,0,0,0,0,0,0,0,0,0
137,cn4472,local_volume_mesh,compute,6.212443879,1,0,0,0,0,0,0,2209,0,0,0,0,0,6792,296066,0,0,0,0
137,cn4472,volume_refine,compute,0.217172453,1,0,0,0,0,0,0,5960,0,0,0,0,0,0,0,0,0,0,0
137,cn4472,refined_volume_save,io,0,0,0,0,0,0,0,0,0,0,0,0,0,0,0,0,0,0,0,0
137,cn4472,adjacency_build,compute,0.005134997,1,0,0,0,0,0,0,12,0,0,0,0,0,0,0,0,0,0,0
137,cn4472,vertex_numbering_local,compute,0.008320424,1,0,0,0,0,0,0,3,0,0,0,0,0,0,0,0,0,0,0
137,cn4472,vertex_count_allgather,communication,2.239318557,1,0,0,0,0,0,0,55,0,0,0,0,0,0,3,1,1,4,1024
137,cn4472,element_count_allgather,communication,0.007722516,1,0,0,0,0,0,0,0,0,0,0,0,0,0,0,1,1,4,1024
137,cn4472,vertex_exchange_prepare,compute,2.65810000002e-05,1,0,0,0,0,0,0,0,0,0,0,0,0,0,0,0,0,0,0
137,cn4472,vertex_exchange,communication,0.020820652,1,0,0,0,0,0,0,295,0,0,0,0,0,0,0,12,11,134002,66572
137,cn4472,vertex_exchange_unpack,compute,0.001013435,1,0,0,0,0,0,0,0,0,0,0,0,0,0,0,0,0,0,0
137,cn4472,partition_result_io,io,0,0,0,0,0,0,0,0,0,0,0,0,0,0,0,0,0,0,0,0
137,cn4472,volume_exchange_pack,compute,0.090977583,2,0,0,0,0,0,0,2,0,0,0,0,0,0,0,0,0,0,0
137,cn4472,volume_size_exchange,communication,0.000903913999998,1,0,0,0,0,0,0,44,0,0,0,0,0,0,0,12,12,48,48
137,cn4472,volume_payload_prepare,compute,0.000310405,1,0,0,0,0,0,0,68,0,0,0,0,0,0,0,0,0,0,0
137,cn4472,volume_payload_exchange,communication,0.002808982,1,0,0,0,0,0,0,102,0,0,0,0,0,0,0,12,12,2098920,2110440
137,cn4472,volume_exchange_unpack,compute,0.075126825,1,0,0,0,0,0,0,2443,0,0,0,0,0,0,0,0,0,0,0
137,cn4472,final_mesh_save,io,0,0,0,0,0,0,0,0,0,0,0,0,0,0,0,0,0,0,0,0
137,cn4472,testout_io,io,0,0,0,0,0,0,0,0,0,0,0,0,0,0,0,0,0,0,0,0
137,cn4472,final_count_exchange,communication,0,0,0,0,0,0,0,0,0,0,0,0,0,0,0,0,0,0,0,0
137,cn4472,quality_evaluation,postprocess,0,0,0,0,0,0,0,0,0,0,0,0,0,0,0,0,0,0,0,0
138,cn4473,geometry_load,io,1.740637387,1,0,0,0,0,0,0,6332,0,1035092,0,0,0,2,1,0,0,0,0
138,cn4473,coarse_local_size,setup,0.442811967,1,0,0,0,0,0,0,7094,0,0,0,0,0,109,21,0,0,0,0
138,cn4473,coarse_edge_mesh,setup,0.012544884,1,0,0,0,0,0,0,524,0,0,0,0,0,0,0,0,0,0,0
138,cn4473,coarse_surface_mesh,setup,8.196868236,1,0,0,0,0,0,0,12943,0,0,0,0,0,0,11,0,0,0,0
138,cn4473,coarse_volume_mesh,setup,13.41454798,1,0,0,0,0,0,0,33667,0,0,0,0,0,38772,1656139,0,0,0,0
138,cn4473,coarse_mesh_save,io,0,0,0,0,0,0,0,0,0,0,0,0,0,0,0,0,0,0,0,0
138,cn4473,submesh_initialization,setup,0.000122701999999,1,0,0,0,0,0,0,1,0,0,0,0,0,0,0,0,0,0,0
138,cn4473,metis_partition,compute,0.375937413,1,0,0,0,0,0,0,611,0,0,0,0,0,0,1,0,0,0,0
138,cn4473,face_map_setup,compute,0.007413236,1,0,0,0,0,0,0,236,0,0,0,0,0,0,0,0,0,0,0
138,cn4473,face_local_extract,compute,0.159710887,1,0,0,0,0,0,0,589,0,0,0,0,0,0,0,0,0,0,0
138,cn4473,face_pre_collective_wait,synchronization,0.069917273,1,0,0,0,0,0,0,1,0,0,0,0,0,0,0,0,0,0,0
138,cn4473,face_collective_setup,compute,0.000121561999997,1,0,0,0,0,0,0,16,0,0,0,0,0,0,0,0,0,0,0
138,cn4473,face_allgatherv,communication,0.115195106,1,0,0,0,0,0,0,1158,0,0,0,0,0,0,0,1,1,18952,4859624
138,cn4473,face_global_merge,compute,0.078982492,1,0,0,0,0,0,0,445,0,0,0,0,0,0,0,0,0,0,0
138,cn4473,part_face_create,compute,0.019619116,1,0,0,0,0,0,0,3,0,0,0,0,0,0,0,0,0,0,0
138,cn4473,surface_refine,compute,0.006500565,1,0,0,0,0,0,0,39,0,0,0,0,0,0,0,0,0,0,0
138,cn4473,refined_surface_save,io,0,0,0,0,0,0,0,0,0,0,0,0,0,0,0,0,0,0,0,0
138,cn4473,local_volume_mesh,compute,7.40360025,1,0,0,0,0,0,0,2922,0,0,0,0,0,16259,588810,0,0,0,0
138,cn4473,volume_refine,compute,0.250064268,1,0,0,0,0,0,0,5074,0,0,0,0,0,0,0,0,0,0,0
138,cn4473,refined_volume_save,io,0,0,0,0,0,0,0,0,0,0,0,0,0,0,0,0,0,0,0,0
138,cn4473,adjacency_build,compute,0.004947264,1,0,0,0,0,0,0,16,0,0,0,0,0,0,0,0,0,0,0
138,cn4473,vertex_numbering_local,compute,0.00541941100001,1,0,0,0,0,0,0,2,0,0,0,0,0,0,0,0,0,0,0
138,cn4473,vertex_count_allgather,communication,1.017309774,1,0,0,0,0,0,0,55,0,0,0,0,0,0,1,1,1,4,1024
138,cn4473,element_count_allgather,communication,0.007899183,1,0,0,0,0,0,0,0,0,0,0,0,0,0,0,1,1,4,1024
138,cn4473,vertex_exchange_prepare,compute,1.91200000046e-05,1,0,0,0,0,0,0,0,0,0,0,0,0,0,0,0,0,0,0
138,cn4473,vertex_exchange,communication,0.011121146,1,0,0,0,0,0,0,293,0,0,0,0,0,0,0,3,4,35838,32626
138,cn4473,vertex_exchange_unpack,compute,0.000515706999998,1,0,0,0,0,0,0,0,0,0,0,0,0,0,0,0,0,0,0
138,cn4473,partition_result_io,io,0,0,0,0,0,0,0,0,0,0,0,0,0,0,0,0,0,0,0,0
138,cn4473,volume_exchange_pack,compute,0.074328032,2,0,0,0,0,0,0,103,0,0,0,0,0,0,0,0,0,0,0
138,cn4473,volume_size_exchange,communication,0.027137455,1,0,0,0,0,0,0,1,0,0,0,0,0,0,0,5,5,20,20
138,cn4473,volume_payload_prepare,compute,0.000144182,1,0,0,0,0,0,0,76,0,0,0,0,0,0,0,0,0,0,0
138,cn4473,volume_payload_exchange,communication,0.001662022,1,0,0,0,0,0,0,24,0,0,0,0,0,0,0,5,5,712320,717000
138,cn4473,volume_exchange_unpack,compute,0.04977213,1,0,0,0,0,0,0,0,0,0,0,0,0,0,0,0,0,0,0
138,cn4473,final_mesh_save,io,0,0,0,0,0,0,0,0,0,0,0,0,0,0,0,0,0,0,0,0
138,cn4473,testout_io,io,0,0,0,0,0,0,0,0,0,0,0,0,0,0,0,0,0,0,0,0
138,cn4473,final_count_exchange,communication,0,0,0,0,0,0,0,0,0,0,0,0,0,0,0,0,0,0,0,0
138,cn4473,quality_evaluation,postprocess,0,0,0,0,0,0,0,0,0,0,0,0,0,0,0,0,0,0,0,0
139,cn4474,geometry_load,io,1.729850086,1,0,0,0,0,0,0,6413,0,1035092,0,0,0,2,2,0,0,0,0
139,cn4474,coarse_local_size,setup,0.439301453,1,0,0,0,0,0,0,7097,0,0,0,0,0,83,20,0,0,0,0
139,cn4474,coarse_edge_mesh,setup,0.01261178,1,0,0,0,0,0,0,523,0,0,0,0,0,0,0,0,0,0,0
139,cn4474,coarse_surface_mesh,setup,8.162619617,1,0,0,0,0,0,0,10818,0,0,0,0,0,0,9,0,0,0,0
139,cn4474,coarse_volume_mesh,setup,13.398373145,1,0,0,0,0,0,0,31644,0,0,0,0,0,37816,1658080,0,0,0,0
139,cn4474,coarse_mesh_save,io,0,0,0,0,0,0,0,0,0,0,0,0,0,0,0,0,0,0,0,0
139,cn4474,submesh_initialization,setup,0.000123760999998,1,0,0,0,0,0,0,1,0,0,0,0,0,0,0,0,0,0,0
139,cn4474,metis_partition,compute,0.374081303,1,0,0,0,0,0,0,599,0,0,0,0,0,0,0,0,0,0,0
139,cn4474,face_map_setup,compute,0.007435634,1,0,0,0,0,0,0,223,0,0,0,0,0,0,0,0,0,0,0
139,cn4474,face_local_extract,compute,0.162598791,1,0,0,0,0,0,0,622,0,0,0,0,0,0,1,0,0,0,0
139,cn4474,face_pre_collective_wait,synchronization,0.068905137,1,0,0,0,0,0,0,1,0,0,0,0,0,0,0,0,0,0,0
139,cn4474,face_collective_setup,compute,0.000115681999993,1,0,0,0,0,0,0,16,0,0,0,0,0,0,0,0,0,0,0
139,cn4474,face_allgatherv,communication,0.115147846,1,0,0,0,0,0,0,645,0,0,0,0,0,0,0,1,1,18952,4859624
139,cn4474,face_global_merge,compute,0.079529492,1,0,0,0,0,0,0,527,0,0,0,0,0,0,0,0,0,0,0
139,cn4474,part_face_create,compute,0.019428607,1,0,0,0,0,0,0,4,0,0,0,0,0,0,0,0,0,0,0
139,cn4474,surface_refine,compute,0.00627318,1,0,0,0,0,0,0,40,0,0,0,0,0,0,0,0,0,0,0
139,cn4474,refined_surface_save,io,0,0,0,0,0,0,0,0,0,0,0,0,0,0,0,0,0,0,0,0
139,cn4474,local_volume_mesh,compute,6.379172627,1,0,0,0,0,0,0,2298,0,0,0,0,0,9214,332434,0,0,0,0
139,cn4474,volume_refine,compute,0.204367022,1,0,0,0,0,0,0,4879,0,0,0,0,0,0,1,0,0,0,0
139,cn4474,refined_volume_save,io,0,0,0,0,0,0,0,0,0,0,0,0,0,0,0,0,0,0,0,0
139,cn4474,adjacency_build,compute,0.004916162,1,0,0,0,0,0,0,7,0,0,0,0,0,0,0,0,0,0,0
139,cn4474,vertex_numbering_local,compute,0.006953208,1,0,0,0,0,0,0,26,0,0,0,0,0,0,0,0,0,0,0
139,cn4474,vertex_count_allgather,communication,2.086002381,1,0,0,0,0,0,0,54,0,0,0,0,0,0,2,1,1,4,1024
139,cn4474,element_count_allgather,communication,0.007930301,1,0,0,0,0,0,0,0,0,0,0,0,0,0,0,1,1,4,1024
139,cn4474,vertex_exchange_prepare,compute,2.16410000036e-05,1,0,0,0,0,0,0,0,0,0,0,0,0,0,0,0,0,0,0
139,cn4474,vertex_exchange,communication,0.011577887,1,0,0,0,0,0,0,40,0,0,0,0,0,0,0,6,6,79508,75988
139,cn4474,vertex_exchange_unpack,compute,0.001121594,1,0,0,0,0,0,0,0,0,0,0,0,0,0,0,0,0,0,0
139,cn4474,partition_result_io,io,0,0,0,0,0,0,0,0,0,0,0,0,0,0,0,0,0,0,0,0
139,cn4474,volume_exchange_pack,compute,0.075657464,2,0,0,0,0,0,0,2,0,0,0,0,0,0,0,0,0,0,0
139,cn4474,volume_size_exchange,communication,0.024912577,1,0,0,0,0,0,0,0,0,0,0,0,0,0,0,6,6,24,24
139,cn4474,volume_payload_prepare,compute,0.000119560999998,1,0,0,0,0,0,0,0,0,0,0,0,0,0,0,0,0,0,0
139,cn4474,volume_payload_exchange,communication,0.002799275,1,0,0,0,0,0,0,35,0,0,0,0,0,0,0,6,6,1636200,1638000
139,cn4474,volume_exchange_unpack,compute,0.055851311,1,0,0,0,0,0,0,151,0,0,0,0,0,0,0,0,0,0,0
139,cn4474,final_mesh_save,io,0,0,0,0,0,0,0,0,0,0,0,0,0,0,0,0,0,0,0,0
139,cn4474,testout_io,io,0,0,0,0,0,0,0,0,0,0,0,0,0,0,0,0,0,0,0,0
139,cn4474,final_count_exchange,communication,0,0,0,0,0,0,0,0,0,0,0,0,0,0,0,0,0,0,0,0
139,cn4474,quality_evaluation,postprocess,0,0,0,0,0,0,0,0,0,0,0,0,0,0,0,0,0,0,0,0
140,cn4475,geometry_load,io,1.744324388,1,0,0,0,0,0,0,4954,0,1035092,0,0,0,2,2,0,0,0,0
140,cn4475,coarse_local_size,setup,0.451792597,1,0,0,0,0,0,0,7555,0,0,0,0,0,97,23,0,0,0,0
140,cn4475,coarse_edge_mesh,setup,0.01232448,1,0,0,0,0,0,0,580,0,0,0,0,0,0,0,0,0,0,0
140,cn4475,coarse_surface_mesh,setup,8.030885219,1,0,0,0,0,0,0,10419,0,0,0,0,0,0,10,0,0,0,0
140,cn4475,coarse_volume_mesh,setup,13.428645657,1,0,0,0,0,0,0,30078,0,0,0,0,0,38614,1636355,0,0,0,0
140,cn4475,coarse_mesh_save,io,0,0,0,0,0,0,0,0,0,0,0,0,0,0,0,0,0,0,0,0
140,cn4475,submesh_initialization,setup,0.000127641999995,1,0,0,0,0,0,0,2,0,0,0,0,0,0,0,0,0,0,0
140,cn4475,metis_partition,compute,0.379387925,1,0,0,0,0,0,0,704,0,0,0,0,0,0,1,0,0,0,0
140,cn4475,face_map_setup,compute,0.007155805,1,0,0,0,0,0,0,233,0,0,0,0,0,0,0,0,0,0,0
140,cn4475,face_local_extract,compute,0.161537429,1,0,0,0,0,0,0,622,0,0,0,0,0,0,0,0,0,0,0
140,cn4475,face_pre_collective_wait,synchronization,0.064946233,1,0,0,0,0,0,0,1,0,0,0,0,0,0,0,0,0,0,0
140,cn4475,face_collective_setup,compute,0.000113761999998,1,0,0,0,0,0,0,16,0,0,0,0,0,0,0,0,0,0,0
140,cn4475,face_allgatherv,communication,0.115162869,1,0,0,0,0,0,0,793,0,0,0,0,0,0,0,1,1,18952,4859624
140,cn4475,face_global_merge,compute,0.077211792,1,0,0,0,0,0,0,223,0,0,0,0,0,0,0,0,0,0,0
140,cn4475,part_face_create,compute,0.019384005,1,0,0,0,0,0,0,3,0,0,0,0,0,0,0,0,0,0,0
140,cn4475,surface_refine,compute,0.005978968,1,0,0,0,0,0,0,40,0,0,0,0,0,0,0,0,0,0,0
140,cn4475,refined_surface_save,io,0,0,0,0,0,0,0,0,0,0,0,0,0,0,0,0,0,0,0,0
140,cn4475,local_volume_mesh,compute,6.827174574,1,0,0,0,0,0,0,1891,0,0,0,0,0,12531,496239,0,0,0,0
140,cn4475,volume_refine,compute,0.231635717,1,0,0,0,0,0,0,5760,0,0,0,0,0,0,1,0,0,0,0
140,cn4475,refined_volume_save,io,0,0,0,0,0,0,0,0,0,0,0,0,0,0,0,0,0,0,0,0
140,cn4475,adjacency_build,compute,0.004714669,1,0,0,0,0,0,0,11,0,0,0,0,0,0,0,0,0,0,0
140,cn4475,vertex_numbering_local,compute,0.005851446,1,0,0,0,0,0,0,3,0,0,0,0,0,0,0,0,0,0,0
140,cn4475,vertex_count_allgather,communication,1.614772364,1,0,0,0,0,0,0,45,0,0,0,0,0,0,2,1,1,4,1024
140,cn4475,element_count_allgather,communication,0.007907336,1,0,0,0,0,0,0,0,0,0,0,0,0,0,0,1,1,4,1024
140,cn4475,vertex_exchange_prepare,compute,8.36000000248e-06,1,0,0,0,0,0,0,0,0,0,0,0,0,0,0,0,0,0,0
140,cn4475,vertex_exchange,communication,0.011074723,1,0,0,0,0,0,0,260,0,0,0,0,0,0,0,3,2,98516,748
140,cn4475,vertex_exchange_unpack,compute,2.98000000001e-05,1,0,0,0,0,0,0,0,0,0,0,0,0,0,0,0,0,0,0
140,cn4475,partition_result_io,io,0,0,0,0,0,0,0,0,0,0,0,0,0,0,0,0,0,0,0,0
140,cn4475,volume_exchange_pack,compute,0.075895274,2,0,0,0,0,0,0,2,0,0,0,0,0,0,0,0,0,0,0
140,cn4475,volume_size_exchange,communication,0.010359732,1,0,0,0,0,0,0,0,0,0,0,0,0,0,0,3,3,12,12
140,cn4475,volume_payload_prepare,compute,7.82609999987e-05,1,0,0,0,0,0,0,0,0,0,0,0,0,0,0,0,0,0,0
140,cn4475,volume_payload_exchange,communication,0.015927714,1,0,0,0,0,0,0,10,0,0,0,0,0,0,0,3,3,1053840,1049520
140,cn4475,volume_exchange_unpack,compute,0.052960877,1,0,0,0,0,0,0,0,0,0,0,0,0,0,0,0,0,0,0
140,cn4475,final_mesh_save,io,0,0,0,0,0,0,0,0,0,0,0,0,0,0,0,0,0,0,0,0
140,cn4475,testout_io,io,0,0,0,0,0,0,0,0,0,0,0,0,0,0,0,0,0,0,0,0
140,cn4475,final_count_exchange,communication,0,0,0,0,0,0,0,0,0,0,0,0,0,0,0,0,0,0,0,0
140,cn4475,quality_evaluation,postprocess,0,0,0,0,0,0,0,0,0,0,0,0,0,0,0,0,0,0,0,0
141,cn4476,geometry_load,io,1.744343553,1,0,0,0,0,0,0,6340,0,1035092,0,0,0,2,14,0,0,0,0
141,cn4476,coarse_local_size,setup,0.443631782,1,0,0,0,0,0,0,7131,0,0,0,0,0,82,22,0,0,0,0
141,cn4476,coarse_edge_mesh,setup,0.012571335,1,0,0,0,0,0,0,577,0,0,0,0,0,0,1,0,0,0,0
141,cn4476,coarse_surface_mesh,setup,8.151445898,1,0,0,0,0,0,0,10802,0,0,0,0,0,0,73,0,0,0,0
141,cn4476,coarse_volume_mesh,setup,13.2782548,1,0,0,0,0,0,0,30571,0,0,0,0,0,34549,1573630,0,0,0,0
141,cn4476,coarse_mesh_save,io,0,0,0,0,0,0,0,0,0,0,0,0,0,0,0,0,0,0,0,0
141,cn4476,submesh_initialization,setup,0.000137701,1,0,0,0,0,0,0,3,0,0,0,0,0,0,0,0,0,0,0
141,cn4476,metis_partition,compute,0.378425063,1,0,0,0,0,0,0,599,0,0,0,0,0,0,4,0,0,0,0
141,cn4476,face_map_setup,compute,0.007263287,1,0,0,0,0,0,0,228,0,0,0,0,0,0,0,0,0,0,0
141,cn4476,face_local_extract,compute,0.155048567,1,0,0,0,0,0,0,714,0,0,0,0,0,0,1,0,0,0,0
141,cn4476,face_pre_collective_wait,synchronization,0.072297365,1,0,0,0,0,0,0,1,0,0,0,0,0,0,1,0,0,0,0
141,cn4476,face_collective_setup,compute,0.000117621000001,1,0,0,0,0,0,0,15,0,0,0,0,0,0,0,0,0,0,0
141,cn4476,face_allgatherv,communication,0.115132759,1,0,0,0,0,0,0,821,0,0,0,0,0,0,1,1,1,18952,4859624
141,cn4476,face_global_merge,compute,0.077901837,1,0,0,0,0,0,0,346,0,0,0,0,0,0,0,0,0,0,0
141,cn4476,part_face_create,compute,0.019284337,1,0,0,0,0,0,0,4,0,0,0,0,0,0,0,0,0,0,0
141,cn4476,surface_refine,compute,0.004879225,1,0,0,0,0,0,0,3,0,0,0,0,0,0,1,0,0,0,0
141,cn4476,refined_surface_save,io,0,0,0,0,0,0,0,0,0,0,0,0,0,0,0,0,0,0,0,0
141,cn4476,local_volume_mesh,compute,5.479925571,1,0,0,0,0,0,0,1340,0,0,0,0,0,7312,203870,0,0,0,0
141,cn4476,volume_refine,compute,0.169993324,1,0,0,0,0,0,0,6130,0,0,0,0,0,0,1,0,0,0,0
141,cn4476,refined_volume_save,io,0,0,0,0,0,0,0,0,0,0,0,0,0,0,0,0,0,0,0,0
141,cn4476,adjacency_build,compute,0.004640782,1,0,0,0,0,0,0,9,0,0,0,0,0,0,0,0,0,0,0
141,cn4476,vertex_numbering_local,compute,0.004256619,1,0,0,0,0,0,0,3,0,0,0,0,0,0,0,0,0,0,0
141,cn4476,vertex_count_allgather,communication,3.025742786,1,0,0,0,0,0,0,53,0,0,0,0,0,0,26,1,1,4,1024
141,cn4476,element_count_allgather,communication,0.007769311,1,0,0,0,0,0,0,0,0,0,0,0,0,0,0,1,1,4,1024
141,cn4476,vertex_exchange_prepare,compute,1.47400000046e-05,1,0,0,0,0,0,0,0,0,0,0,0,0,0,0,0,0,0,0
141,cn4476,vertex_exchange,communication,0.001639375,1,0,0,0,0,0,0,21,0,0,0,0,0,0,0,3,2,22968,52778
141,cn4476,vertex_exchange_unpack,compute,0.000786347000002,1,0,0,0,0,0,0,0,0,0,0,0,0,0,0,0,0,0,0
141,cn4476,partition_result_io,io,0,0,0,0,0,0,0,0,0,0,0,0,0,0,0,0,0,0,0,0
141,cn4476,volume_exchange_pack,compute,0.050866808,2,0,0,0,0,0,0,1,0,0,0,0,0,0,1,0,0,0,0
141,cn4476,volume_size_exchange,communication,0.044283767,1,0,0,0,0,0,0,1,0,0,0,0,0,0,0,3,3,12,12
141,cn4476,volume_payload_prepare,compute,6.28210000002e-05,1,0,0,0,0,0,0,0,0,0,0,0,0,0,0,0,0,0,0
141,cn4476,volume_payload_exchange,communication,0.01633547,1,0,0,0,0,0,0,13,0,0,0,0,0,0,0,3,3,805080,803040
141,cn4476,volume_exchange_unpack,compute,0.035333805,1,0,0,0,0,0,0,0,0,0,0,0,0,0,1,0,0,0,0
141,cn4476,final_mesh_save,io,0,0,0,0,0,0,0,0,0,0,0,0,0,0,0,0,0,0,0,0
141,cn4476,testout_io,io,0,0,0,0,0,0,0,0,0,0,0,0,0,0,0,0,0,0,0,0
141,cn4476,final_count_exchange,communication,0,0,0,0,0,0,0,0,0,0,0,0,0,0,0,0,0,0,0,0
141,cn4476,quality_evaluation,postprocess,0,0,0,0,0,0,0,0,0,0,0,0,0,0,0,0,0,0,0,0
142,cn4477,geometry_load,io,1.733091523,1,0,0,0,0,0,0,6317,0,1035092,0,0,0,2,1,0,0,0,0
142,cn4477,coarse_local_size,setup,0.445123631,1,0,0,0,0,0,0,7285,0,0,0,0,0,95,21,0,0,0,0
142,cn4477,coarse_edge_mesh,setup,0.012585751,1,0,0,0,0,0,0,551,0,0,0,0,0,0,0,0,0,0,0
142,cn4477,coarse_surface_mesh,setup,8.138900904,1,0,0,0,0,0,0,9357,0,0,0,0,0,0,9,0,0,0,0
142,cn4477,coarse_volume_mesh,setup,13.28718392,1,0,0,0,0,0,0,23881,0,0,0,0,0,39162,1523306,0,0,0,0
142,cn4477,coarse_mesh_save,io,0,0,0,0,0,0,0,0,0,0,0,0,0,0,0,0,0,0,0,0
142,cn4477,submesh_initialization,setup,0.000117940999999,1,0,0,0,0,0,0,1,0,0,0,0,0,0,0,0,0,0,0
142,cn4477,metis_partition,compute,0.368280193,1,0,0,0,0,0,0,300,0,0,0,0,0,0,1,0,0,0,0
142,cn4477,face_map_setup,compute,0.00687048,1,0,0,0,0,0,0,263,0,0,0,0,0,0,0,0,0,0,0
142,cn4477,face_local_extract,compute,0.158314078,1,0,0,0,0,0,0,1092,0,0,0,0,0,0,0,0,0,0,0
142,cn4477,face_pre_collective_wait,synchronization,0.079574983,1,0,0,0,0,0,0,28,0,0,0,0,0,0,0,0,0,0,0
142,cn4477,face_collective_setup,compute,0.000106741000003,1,0,0,0,0,0,0,16,0,0,0,0,0,0,0,0,0,0,0
142,cn4477,face_allgatherv,communication,0.115134977,1,0,0,0,0,0,0,750,0,0,0,0,0,0,0,1,1,18952,4859624
142,cn4477,face_global_merge,compute,0.075104003,1,0,0,0,0,0,0,197,0,0,0,0,0,0,0,0,0,0,0
142,cn4477,part_face_create,compute,0.018438523,1,0,0,0,0,0,0,16,0,0,0,0,0,0,0,0,0,0,0
142,cn4477,surface_refine,compute,0.005794971,1,0,0,0,0,0,0,38,0,0,0,0,0,0,0,0,0,0,0
142,cn4477,refined_surface_save,io,0,0,0,0,0,0,0,0,0,0,0,0,0,0,0,0,0,0,0,0
142,cn4477,local_volume_mesh,compute,6.749348561,1,0,0,0,0,0,0,666,0,0,0,0,0,12676,436061,0,0,0,0
142,cn4477,volume_refine,compute,0.206868767,1,0,0,0,0,0,0,2744,0,0,0,0,0,0,0,0,0,0,0
142,cn4477,refined_volume_save,io,0,0,0,0,0,0,0,0,0,0,0,0,0,0,0,0,0,0,0,0
142,cn4477,adjacency_build,compute,0.004483819,1,0,0,0,0,0,0,0,0,0,0,0,0,0,0,0,0,0,0
142,cn4477,vertex_numbering_local,compute,0.00557013,1,0,0,0,0,0,0,1,0,0,0,0,0,0,0,0,0,0,0
142,cn4477,vertex_count_allgather,communication,1.721448526,1,0,0,0,0,0,0,24,0,0,0,0,0,0,2,1,1,4,1024
142,cn4477,element_count_allgather,communication,0.007846129,1,0,0,0,0,0,0,16,0,0,0,0,0,0,0,1,1,4,1024
142,cn4477,vertex_exchange_prepare,compute,1.73809999993e-05,1,0,0,0,0,0,0,2,0,0,0,0,0,0,0,0,0,0,0
142,cn4477,vertex_exchange,communication,0.001805456,1,0,0,0,0,0,0,54,0,0,0,0,0,0,0,3,2,42614,57750
142,cn4477,vertex_exchange_unpack,compute,0.000883148000007,1,0,0,0,0,0,0,83,0,0,0,0,0,0,0,0,0,0,0
142,cn4477,partition_result_io,io,0,0,0,0,0,0,0,0,0,0,0,0,0,0,0,0,0,0,0,0
142,cn4477,volume_exchange_pack,compute,0.064616851,2,0,0,0,0,0,0,305,0,0,0,0,0,0,0,0,0,0,0
142,cn4477,volume_size_exchange,communication,0.030171467,1,0,0,0,0,0,0,1,0,0,0,0,0,0,0,3,3,12,12
142,cn4477,volume_payload_prepare,compute,7.67200000027e-05,1,0,0,0,0,0,0,0,0,0,0,0,0,0,0,0,0,0,0
142,cn4477,volume_payload_exchange,communication,0.016329145,1,0,0,0,0,0,0,29,0,0,0,0,0,0,0,3,3,1049880,1056000
142,cn4477,volume_exchange_unpack,compute,0.047717181,1,0,0,0,0,0,0,582,0,0,0,0,0,0,0,0,0,0,0
142,cn4477,final_mesh_save,io,0,0,0,0,0,0,0,0,0,0,0,0,0,0,0,0,0,0,0,0
142,cn4477,testout_io,io,0,0,0,0,0,0,0,0,0,0,0,0,0,0,0,0,0,0,0,0
142,cn4477,final_count_exchange,communication,0,0,0,0,0,0,0,0,0,0,0,0,0,0,0,0,0,0,0,0
142,cn4477,quality_evaluation,postprocess,0,0,0,0,0,0,0,0,0,0,0,0,0,0,0,0,0,0,0,0
143,cn4478,geometry_load,io,1.728324236,1,0,0,0,0,0,0,6404,0,1035092,0,0,0,2,16,0,0,0,0
143,cn4478,coarse_local_size,setup,0.463122989,1,0,0,0,0,0,0,7666,0,0,0,0,0,107,21,0,0,0,0
143,cn4478,coarse_edge_mesh,setup,0.012723481,1,0,0,0,0,0,0,579,0,0,0,0,0,0,0,0,0,0,0
143,cn4478,coarse_surface_mesh,setup,8.16700382,1,0,0,0,0,0,0,10838,0,0,0,0,0,0,70,0,0,0,0
143,cn4478,coarse_volume_mesh,setup,13.260154193,1,0,0,0,0,0,0,27715,0,0,0,0,0,35496,1442795,0,0,0,0
143,cn4478,coarse_mesh_save,io,0,0,0,0,0,0,0,0,0,0,0,0,0,0,0,0,0,0,0,0
143,cn4478,submesh_initialization,setup,0.000118941000004,1,0,0,0,0,0,0,1,0,0,0,0,0,0,0,0,0,0,0
143,cn4478,metis_partition,compute,0.367277056,1,0,0,0,0,0,0,379,0,0,0,0,0,0,3,0,0,0,0
143,cn4478,face_map_setup,compute,0.007122448,1,0,0,0,0,0,0,221,0,0,0,0,0,0,0,0,0,0,0
143,cn4478,face_local_extract,compute,0.154641493,1,0,0,0,0,0,0,666,0,0,0,0,0,0,2,0,0,0,0
143,cn4478,face_pre_collective_wait,synchronization,0.08403998,1,0,0,0,0,0,0,1,0,0,0,0,0,0,1,0,0,0,0
143,cn4478,face_collective_setup,compute,0.000112041000001,1,0,0,0,0,0,0,13,0,0,0,0,0,0,0,0,0,0,0
143,cn4478,face_allgatherv,communication,0.117725661,1,0,0,0,0,0,0,1292,0,0,0,0,0,0,1,1,1,18952,4859624
143,cn4478,face_global_merge,compute,0.077618399,1,0,0,0,0,0,0,435,0,0,0,0,0,0,0,0,0,0,0
143,cn4478,part_face_create,compute,0.018979681,1,0,0,0,0,0,0,3,0,0,0,0,0,0,0,0,0,0,0
143,cn4478,surface_refine,compute,0.006130959,1,0,0,0,0,0,0,39,0,0,0,0,0,0,1,0,0,0,0
143,cn4478,refined_surface_save,io,0,0,0,0,0,0,0,0,0,0,0,0,0,0,0,0,0,0,0,0
143,cn4478,local_volume_mesh,compute,6.447792771,1,0,0,0,0,0,0,1581,0,0,0,0,0,11101,415016,0,0,0,0
143,cn4478,volume_refine,compute,0.221323367,1,0,0,0,0,0,0,5518,0,0,0,0,0,0,2,0,0,0,0
143,cn4478,refined_volume_save,io,0,0,0,0,0,0,0,0,0,0,0,0,0,0,0,0,0,0,0,0
143,cn4478,adjacency_build,compute,0.004549283,1,0,0,0,0,0,0,3,0,0,0,0,0,0,0,0,0,0,0
143,cn4478,vertex_numbering_local,compute,0.006549802,1,0,0,0,0,0,0,59,0,0,0,0,0,0,0,0,0,0,0
143,cn4478,vertex_count_allgather,communication,2.001211874,1,0,0,0,0,0,0,31,0,0,0,0,0,0,16,1,1,4,1024
143,cn4478,element_count_allgather,communication,0.007936035,1,0,0,0,0,0,0,0,0,0,0,0,0,0,0,1,1,4,1024
143,cn4478,vertex_exchange_prepare,compute,2.59000000042e-05,1,0,0,0,0,0,0,0,0,0,0,0,0,0,0,0,0,0,0
143,cn4478,vertex_exchange,communication,0.019347564,1,0,0,0,0,0,0,543,0,0,0,0,0,0,1,3,7,66,126566
143,cn4478,vertex_exchange_unpack,compute,0.00176069600001,1,0,0,0,0,0,0,0,0,0,0,0,0,0,0,0,0,0,0
143,cn4478,partition_result_io,io,0,0,0,0,0,0,0,0,0,0,0,0,0,0,0,0,0,0,0,0
143,cn4478,volume_exchange_pack,compute,0.076340727,2,0,0,0,0,0,0,1,0,0,0,0,0,0,0,0,0,0,0
143,cn4478,volume_size_exchange,communication,0.015455867,1,0,0,0,0,0,0,11,0,0,0,0,0,0,0,7,7,28,28
143,cn4478,volume_payload_prepare,compute,9.93809999983e-05,1,0,0,0,0,0,0,0,0,0,0,0,0,0,0,0,0,0,0
143,cn4478,volume_payload_exchange,communication,0.002648466,1,0,0,0,0,0,0,12,0,0,0,0,0,0,0,7,7,1331760,1328880
143,cn4478,volume_exchange_unpack,compute,0.048081638,1,0,0,0,0,0,0,0,0,0,0,0,0,0,1,0,0,0,0
143,cn4478,final_mesh_save,io,0,0,0,0,0,0,0,0,0,0,0,0,0,0,0,0,0,0,0,0
143,cn4478,testout_io,io,0,0,0,0,0,0,0,0,0,0,0,0,0,0,0,0,0,0,0,0
143,cn4478,final_count_exchange,communication,0,0,0,0,0,0,0,0,0,0,0,0,0,0,0,0,0,0,0,0
143,cn4478,quality_evaluation,postprocess,0,0,0,0,0,0,0,0,0,0,0,0,0,0,0,0,0,0,0,0
144,cn4479,geometry_load,io,1.74848277,1,0,0,0,0,0,0,6337,0,1035092,0,0,0,2,3,0,0,0,0
144,cn4479,coarse_local_size,setup,0.453205422,1,0,0,0,0,0,0,7601,0,0,0,0,0,82,22,0,0,0,0
144,cn4479,coarse_edge_mesh,setup,0.012532836,1,0,0,0,0,0,0,523,0,0,0,0,0,0,0,0,0,0,0
144,cn4479,coarse_surface_mesh,setup,8.110909593,1,0,0,0,0,0,0,9434,0,0,0,0,0,0,11,0,0,0,0
144,cn4479,coarse_volume_mesh,setup,13.435015658,1,0,0,0,0,0,0,24067,0,0,0,0,0,41835,1698931,0,0,0,0
144,cn4479,coarse_mesh_save,io,0,0,0,0,0,0,0,0,0,0,0,0,0,0,0,0,0,0,0,0
144,cn4479,submesh_initialization,setup,0.000120501000005,1,0,0,0,0,0,0,1,0,0,0,0,0,0,0,0,0,0,0
144,cn4479,metis_partition,compute,0.372108482,1,0,0,0,0,0,0,234,0,0,0,0,0,0,0,0,0,0,0
144,cn4479,face_map_setup,compute,0.006670753,1,0,0,0,0,0,0,3,0,0,0,0,0,0,0,0,0,0,0
144,cn4479,face_local_extract,compute,0.161924099,1,0,0,0,0,0,0,656,0,0,0,0,0,0,1,0,0,0,0
144,cn4479,face_pre_collective_wait,synchronization,0.072329486,1,0,0,0,0,0,0,1,0,0,0,0,0,0,0,0,0,0,0
144,cn4479,face_collective_setup,compute,0.000113581000001,1,0,0,0,0,0,0,16,0,0,0,0,0,0,0,0,0,0,0
144,cn4479,face_allgatherv,communication,0.11783124,1,0,0,0,0,0,0,747,0,0,0,0,0,0,0,1,1,18952,4859624
144,cn4479,face_global_merge,compute,0.074225747,1,0,0,0,0,0,0,58,0,0,0,0,0,0,0,0,0,0,0
144,cn4479,part_face_create,compute,0.018511601,1,0,0,0,0,0,0,4,0,0,0,0,0,0,0,0,0,0,0
144,cn4479,surface_refine,compute,0.005751222,1,0,0,0,0,0,0,37,0,0,0,0,0,0,0,0,0,0,0
144,cn4479,refined_surface_save,io,0,0,0,0,0,0,0,0,0,0,0,0,0,0,0,0,0,0,0,0
144,cn4479,local_volume_mesh,compute,6.260813339,1,0,0,0,0,0,0,727,0,0,0,0,0,7465,272795,0,0,0,0
144,cn4479,volume_refine,compute,0.199178124,1,0,0,0,0,0,0,3837,0,0,0,0,0,0,0,0,0,0,0
144,cn4479,refined_volume_save,io,0,0,0,0,0,0,0,0,0,0,0,0,0,0,0,0,0,0,0,0
144,cn4479,adjacency_build,compute,0.00461611,1,0,0,0,0,0,0,0,0,0,0,0,0,0,0,0,0,0,0
144,cn4479,vertex_numbering_local,compute,0.007000696,1,0,0,0,0,0,0,2,0,0,0,0,0,0,0,0,0,0,0
144,cn4479,vertex_count_allgather,communication,2.213987486,1,0,0,0,0,0,0,51,0,0,0,0,0,0,4,1,1,4,1024
144,cn4479,element_count_allgather,communication,0.007882466,1,0,0,0,0,0,0,0,0,0,0,0,0,0,0,1,1,4,1024
144,cn4479,vertex_exchange_prepare,compute,1.20400000014e-05,1,0,0,0,0,0,0,0,0,0,0,0,0,0,0,0,0,0,0
144,cn4479,vertex_exchange,communication,0.019989557,1,0,0,0,0,0,0,52,0,0,0,0,0,0,0,7,5,160512,2090
144,cn4479,vertex_exchange_unpack,compute,4.82409999947e-05,1,0,0,0,0,0,0,0,0,0,0,0,0,0,0,0,0,0,0
144,cn4479,partition_result_io,io,0,0,0,0,0,0,0,0,0,0,0,0,0,0,0,0,0,0,0,0
144,cn4479,volume_exchange_pack,compute,0.079454983,2,0,0,0,0,0,0,1,0,0,0,0,0,0,0,0,0,0,0
144,cn4479,volume_size_exchange,communication,0.01287226,1,0,0,0,0,0,0,1,0,0,0,0,0,0,0,7,7,28,28
144,cn4479,volume_payload_prepare,compute,0.000126102000003,1,0,0,0,0,0,0,0,0,0,0,0,0,0,0,0,0,0,0
144,cn4479,volume_payload_exchange,communication,0.002317645,1,0,0,0,0,0,0,22,0,0,0,0,0,0,0,7,7,1707240,1708920
144,cn4479,volume_exchange_unpack,compute,0.057543225,1,0,0,0,0,0,0,503,0,0,0,0,0,0,0,0,0,0,0
144,cn4479,final_mesh_save,io,0,0,0,0,0,0,0,0,0,0,0,0,0,0,0,0,0,0,0,0
144,cn4479,testout_io,io,0,0,0,0,0,0,0,0,0,0,0,0,0,0,0,0,0,0,0,0
144,cn4479,final_count_exchange,communication,0,0,0,0,0,0,0,0,0,0,0,0,0,0,0,0,0,0,0,0
144,cn4479,quality_evaluation,postprocess,0,0,0,0,0,0,0,0,0,0,0,0,0,0,0,0,0,0,0,0
145,cn4480,geometry_load,io,1.710353266,1,0,0,0,0,0,0,6308,0,1035092,0,0,0,2,4,0,0,0,0
145,cn4480,coarse_local_size,setup,0.446557874,1,0,0,0,0,0,0,7591,0,0,0,0,0,96,20,0,0,0,0
145,cn4480,coarse_edge_mesh,setup,0.012711256,1,0,0,0,0,0,0,521,0,0,0,0,0,0,0,0,0,0,0
145,cn4480,coarse_surface_mesh,setup,8.205822651,1,0,0,0,0,0,0,11075,0,0,0,0,0,0,12,0,0,0,0
145,cn4480,coarse_volume_mesh,setup,13.402670796,1,0,0,0,0,0,0,34122,0,0,0,0,0,37490,1590908,0,0,0,0
145,cn4480,coarse_mesh_save,io,0,0,0,0,0,0,0,0,0,0,0,0,0,0,0,0,0,0,0,0
145,cn4480,submesh_initialization,setup,0.000127901999996,1,0,0,0,0,0,0,1,0,0,0,0,0,0,0,0,0,0,0
145,cn4480,metis_partition,compute,0.388466342,1,0,0,0,0,0,0,430,0,0,0,0,0,0,0,0,0,0,0
145,cn4480,face_map_setup,compute,0.00731591,1,0,0,0,0,0,0,223,0,0,0,0,0,0,0,0,0,0,0
145,cn4480,face_local_extract,compute,0.162852917,1,0,0,0,0,0,0,718,0,0,0,0,0,0,0,0,0,0,0
145,cn4480,face_pre_collective_wait,synchronization,0.054388247,1,0,0,0,0,0,0,1,0,0,0,0,0,0,0,0,0,0,0
145,cn4480,face_collective_setup,compute,0.000122560999998,1,0,0,0,0,0,0,16,0,0,0,0,0,0,0,0,0,0,0
145,cn4480,face_allgatherv,communication,0.117793324,1,0,0,0,0,0,0,756,0,0,0,0,0,0,0,1,1,18952,4859624
145,cn4480,face_global_merge,compute,0.077923235,1,0,0,0,0,0,0,395,0,0,0,0,0,0,1,0,0,0,0
145,cn4480,part_face_create,compute,0.019543639,1,0,0,0,0,0,0,4,0,0,0,0,0,0,0,0,0,0,0
145,cn4480,surface_refine,compute,0.006249276,1,0,0,0,0,0,0,40,0,0,0,0,0,0,0,0,0,0,0
145,cn4480,refined_surface_save,io,0,0,0,0,0,0,0,0,0,0,0,0,0,0,0,0,0,0,0,0
145,cn4480,local_volume_mesh,compute,6.423007775,1,0,0,0,0,0,0,2155,0,0,0,0,0,8066,394926,0,0,0,0
145,cn4480,volume_refine,compute,0.205870943,1,0,0,0,0,0,0,4970,0,0,0,0,0,0,0,0,0,0,0
145,cn4480,refined_volume_save,io,0,0,0,0,0,0,0,0,0,0,0,0,0,0,0,0,0,0,0,0
145,cn4480,adjacency_build,compute,0.004993801,1,0,0,0,0,0,0,6,0,0,0,0,0,0,0,0,0,0,0
145,cn4480,vertex_numbering_local,compute,0.00727686899999,1,0,0,0,0,0,0,7,0,0,0,0,0,0,0,0,0,0,0
145,cn4480,vertex_count_allgather,communication,2.039082896,1,0,0,0,0,0,0,56,0,0,0,0,0,0,2,1,1,4,1024
145,cn4480,element_count_allgather,communication,0.00789011600001,1,0,0,0,0,0,0,0,0,0,0,0,0,0,0,1,1,4,1024
145,cn4480,vertex_exchange_prepare,compute,1.70799999992e-05,1,0,0,0,0,0,0,0,0,0,0,0,0,0,0,0,0,0,0
145,cn4480,vertex_exchange,communication,0.019650841,1,0,0,0,0,0,0,263,0,0,0,0,0,0,0,9,5,124762,47696
145,cn4480,vertex_exchange_unpack,compute,0.000722568999997,1,0,0,0,0,0,0,0,0,0,0,0,0,0,0,0,0,0,0
145,cn4480,partition_result_io,io,0,0,0,0,0,0,0,0,0,0,0,0,0,0,0,0,0,0,0,0
145,cn4480,volume_exchange_pack,compute,0.077946576,2,0,0,0,0,0,0,1,0,0,0,0,0,0,0,0,0,0,0
145,cn4480,volume_size_exchange,communication,0.005553748,1,0,0,0,0,0,0,33,0,0,0,0,0,0,0,9,9,36,36
145,cn4480,volume_payload_prepare,compute,0.000188522999998,1,0,0,0,0,0,0,22,0,0,0,0,0,0,0,0,0,0,0
145,cn4480,volume_payload_exchange,communication,0.010232725,1,0,0,0,0,0,0,21,0,0,0,0,0,0,0,9,9,1802880,1804320
145,cn4480,volume_exchange_unpack,compute,0.066767678,1,0,0,0,0,0,0,2220,0,0,0,0,0,0,0,0,0,0,0
145,cn4480,final_mesh_save,io,0,0,0,0,0,0,0,0,0,0,0,0,0,0,0,0,0,0,0,0
145,cn4480,testout_io,io,0,0,0,0,0,0,0,0,0,0,0,0,0,0,0,0,0,0,0,0
145,cn4480,final_count_exchange,communication,0,0,0,0,0,0,0,0,0,0,0,0,0,0,0,0,0,0,0,0
145,cn4480,quality_evaluation,postprocess,0,0,0,0,0,0,0,0,0,0,0,0,0,0,0,0,0,0,0,0
146,cn4481,geometry_load,io,1.751005812,1,0,0,0,0,0,0,6457,0,1035092,0,0,0,2,3,0,0,0,0
146,cn4481,coarse_local_size,setup,0.450475489,1,0,0,0,0,0,0,7380,0,0,0,0,0,84,21,0,0,0,0
146,cn4481,coarse_edge_mesh,setup,0.012588909,1,0,0,0,0,0,0,520,0,0,0,0,0,0,0,0,0,0,0
146,cn4481,coarse_surface_mesh,setup,8.07870241,1,0,0,0,0,0,0,7887,0,0,0,0,0,0,12,0,0,0,0
146,cn4481,coarse_volume_mesh,setup,13.299911009,1,0,0,0,0,0,0,22045,0,0,0,0,0,37086,1461276,0,0,0,0
146,cn4481,coarse_mesh_save,io,0,0,0,0,0,0,0,0,0,0,0,0,0,0,0,0,0,0,0,0
146,cn4481,submesh_initialization,setup,0.000121082,1,0,0,0,0,0,0,1,0,0,0,0,0,0,0,0,0,0,0
146,cn4481,metis_partition,compute,0.371604993,1,0,0,0,0,0,0,70,0,0,0,0,0,0,0,0,0,0,0
146,cn4481,face_map_setup,compute,0.006964803,1,0,0,0,0,0,0,263,0,0,0,0,0,0,0,0,0,0,0
146,cn4481,face_local_extract,compute,0.151927884,1,0,0,0,0,0,0,24,0,0,0,0,0,0,0,0,0,0,0
146,cn4481,face_pre_collective_wait,synchronization,0.08252002,1,0,0,0,0,0,0,1,0,0,0,0,0,0,0,0,0,0,0
146,cn4481,face_collective_setup,compute,0.000111101000002,1,0,0,0,0,0,0,16,0,0,0,0,0,0,0,0,0,0,0
146,cn4481,face_allgatherv,communication,0.117775419,1,0,0,0,0,0,0,49,0,0,0,0,0,0,0,1,1,18952,4859624
146,cn4481,face_global_merge,compute,0.073399112,1,0,0,0,0,0,0,0,0,0,0,0,0,0,0,0,0,0,0
146,cn4481,part_face_create,compute,0.018392658,1,0,0,0,0,0,0,4,0,0,0,0,0,0,0,0,0,0,0
146,cn4481,surface_refine,compute,0.006098033,1,0,0,0,0,0,0,1,0,0,0,0,0,0,0,0,0,0,0
146,cn4481,refined_surface_save,io,0,0,0,0,0,0,0,0,0,0,0,0,0,0,0,0,0,0,0,0
146,cn4481,local_volume_mesh,compute,7.063875999,1,0,0,0,0,0,0,461,0,0,0,0,0,16454,501232,0,0,0,0
146,cn4481,volume_refine,compute,0.305104563,1,0,0,0,0,0,0,4692,0,0,0,0,0,0,0,0,0,0,0
146,cn4481,refined_volume_save,io,0,0,0,0,0,0,0,0,0,0,0,0,0,0,0,0,0,0,0,0
146,cn4481,adjacency_build,compute,0.004378992,1,0,0,0,0,0,0,2,0,0,0,0,0,0,0,0,0,0,0
146,cn4481,vertex_numbering_local,compute,0.005155321,1,0,0,0,0,0,0,64,0,0,0,0,0,0,0,0,0,0,0
146,cn4481,vertex_count_allgather,communication,1.307514786,1,0,0,0,0,0,0,88,0,0,0,0,0,0,1,1,1,4,1024
146,cn4481,element_count_allgather,communication,0.007846313,1,0,0,0,0,0,0,0,0,0,0,0,0,0,0,1,1,4,1024
146,cn4481,vertex_exchange_prepare,compute,3.04399999962e-05,1,0,0,0,0,0,0,8,0,0,0,0,0,0,0,0,0,0,0
146,cn4481,vertex_exchange,communication,0.000604666999998,1,0,0,0,0,0,0,18,0,0,0,0,0,0,0,3,1,24684,29568
146,cn4481,vertex_exchange_unpack,compute,0.000424525,1,0,0,0,0,0,0,0,0,0,0,0,0,0,0,0,0,0,0
146,cn4481,partition_result_io,io,0,0,0,0,0,0,0,0,0,0,0,0,0,0,0,0,0,0,0,0
146,cn4481,volume_exchange_pack,compute,0.082178815,2,0,0,0,0,0,0,83,0,0,0,0,0,0,0,0,0,0,0
146,cn4481,volume_size_exchange,communication,0.015955689,1,0,0,0,0,0,0,0,0,0,0,0,0,0,0,3,3,12,12
146,cn4481,volume_payload_prepare,compute,4.41609999982e-05,1,0,0,0,0,0,0,0,0,0,0,0,0,0,0,0,0,0,0
146,cn4481,volume_payload_exchange,communication,0.014418611,1,0,0,0,0,0,0,19,0,0,0,0,0,0,0,3,3,562200,558240
146,cn4481,volume_exchange_unpack,compute,0.061749473,1,0,0,0,0,0,0,712,0,0,0,0,0,0,0,0,0,0,0
146,cn4481,final_mesh_save,io,0,0,0,0,0,0,0,0,0,0,0,0,0,0,0,0,0,0,0,0
146,cn4481,testout_io,io,0,0,0,0,0,0,0,0,0,0,0,0,0,0,0,0,0,0,0,0
146,cn4481,final_count_exchange,communication,0,0,0,0,0,0,0,0,0,0,0,0,0,0,0,0,0,0,0,0
146,cn4481,quality_evaluation,postprocess,0,0,0,0,0,0,0,0,0,0,0,0,0,0,0,0,0,0,0,0
147,cn4482,geometry_load,io,1.734869707,1,0,0,0,0,0,0,6484,0,1035092,0,0,0,2,1,0,0,0,0
147,cn4482,coarse_local_size,setup,0.454036085,1,0,0,0,0,0,0,7457,0,0,0,0,0,91,21,0,0,0,0
147,cn4482,coarse_edge_mesh,setup,0.012673435,1,0,0,0,0,0,0,520,0,0,0,0,0,0,0,0,0,0,0
147,cn4482,coarse_surface_mesh,setup,8.17495152,1,0,0,0,0,0,0,11034,0,0,0,0,0,0,9,0,0,0,0
147,cn4482,coarse_volume_mesh,setup,13.391837933,1,0,0,0,0,0,0,31296,0,0,0,0,0,39365,1699597,0,0,0,0
147,cn4482,coarse_mesh_save,io,0,0,0,0,0,0,0,0,0,0,0,0,0,0,0,0,0,0,0,0
147,cn4482,submesh_initialization,setup,0.000157820999995,1,0,0,0,0,0,0,31,0,0,0,0,0,0,0,0,0,0,0
147,cn4482,metis_partition,compute,0.376422537,1,0,0,0,0,0,0,1642,0,0,0,0,0,0,1,0,0,0,0
147,cn4482,face_map_setup,compute,0.007824015,1,0,0,0,0,0,0,768,0,0,0,0,0,0,0,0,0,0,0
147,cn4482,face_local_extract,compute,0.15805385,1,0,0,0,0,0,0,802,0,0,0,0,0,0,0,0,0,0,0
147,cn4482,face_pre_collective_wait,synchronization,0.070677024,1,0,0,0,0,0,0,1,0,0,0,0,0,0,0,0,0,0,0
147,cn4482,face_collective_setup,compute,0.000123361,1,0,0,0,0,0,0,16,0,0,0,0,0,0,0,0,0,0,0
147,cn4482,face_allgatherv,communication,0.117689898,1,0,0,0,0,0,0,646,0,0,0,0,0,0,0,1,1,18952,4859624
147,cn4482,face_global_merge,compute,0.080407542,1,0,0,0,0,0,0,646,0,0,0,0,0,0,0,0,0,0,0
147,cn4482,part_face_create,compute,0.01959824,1,0,0,0,0,0,0,4,0,0,0,0,0,0,0,0,0,0,0
147,cn4482,surface_refine,compute,0.006861804,1,0,0,0,0,0,0,40,0,0,0,0,0,0,0,0,0,0,0
147,cn4482,refined_surface_save,io,0,0,0,0,0,0,0,0,0,0,0,0,0,0,0,0,0,0,0,0
147,cn4482,local_volume_mesh,compute,7.170432072,1,0,0,0,0,0,0,2696,0,0,0,0,0,11813,395977,0,0,0,0
147,cn4482,volume_refine,compute,0.265980969,1,0,0,0,0,0,0,5605,0,0,0,0,0,0,1,0,0,0,0
147,cn4482,refined_volume_save,io,0,0,0,0,0,0,0,0,0,0,0,0,0,0,0,0,0,0,0,0
147,cn4482,adjacency_build,compute,0.004693118,1,0,0,0,0,0,0,9,0,0,0,0,0,0,0,0,0,0,0
147,cn4482,vertex_numbering_local,compute,0.005085583,1,0,0,0,0,0,0,4,0,0,0,0,0,0,0,0,0,0,0
147,cn4482,vertex_count_allgather,communication,1.230883533,1,0,0,0,0,0,0,53,0,0,0,0,0,0,2,1,1,4,1024
147,cn4482,element_count_allgather,communication,0.007875856,1,0,0,0,0,0,0,0,0,0,0,0,0,0,0,1,1,4,1024
147,cn4482,vertex_exchange_prepare,compute,1.93799999977e-05,1,0,0,0,0,0,0,0,0,0,0,0,0,0,0,0,0,0,0
147,cn4482,vertex_exchange,communication,0.019546139,1,0,0,0,0,0,0,244,0,0,0,0,0,0,0,3,5,27522,33352
147,cn4482,vertex_exchange_unpack,compute,0.000523807,1,0,0,0,0,0,0,0,0,0,0,0,0,0,0,0,0,0,0
147,cn4482,partition_result_io,io,0,0,0,0,0,0,0,0,0,0,0,0,0,0,0,0,0,0,0,0
147,cn4482,volume_exchange_pack,compute,0.069344588,2,0,0,0,0,0,0,3,0,0,0,0,0,0,0,0,0,0,0
147,cn4482,volume_size_exchange,communication,0.022718097,1,0,0,0,0,0,0,10,0,0,0,0,0,0,0,6,6,24,24
147,cn4482,volume_payload_prepare,compute,5.26010000002e-05,1,0,0,0,0,0,0,0,0,0,0,0,0,0,0,0,0,0,0
147,cn4482,volume_payload_exchange,communication,0.001890323,1,0,0,0,0,0,0,37,0,0,0,0,0,0,0,6,6,616560,617520
147,cn4482,volume_exchange_unpack,compute,0.050074312,1,0,0,0,0,0,0,33,0,0,0,0,0,0,0,0,0,0,0
147,cn4482,final_mesh_save,io,0,0,0,0,0,0,0,0,0,0,0,0,0,0,0,0,0,0,0,0
147,cn4482,testout_io,io,0,0,0,0,0,0,0,0,0,0,0,0,0,0,0,0,0,0,0,0
147,cn4482,final_count_exchange,communication,0,0,0,0,0,0,0,0,0,0,0,0,0,0,0,0,0,0,0,0
147,cn4482,quality_evaluation,postprocess,0,0,0,0,0,0,0,0,0,0,0,0,0,0,0,0,0,0,0,0
148,cn4483,geometry_load,io,1.762177281,1,0,0,0,0,0,0,6481,0,1035092,0,0,0,2,1,0,0,0,0
148,cn4483,coarse_local_size,setup,0.447833257,1,0,0,0,0,0,0,7150,0,0,0,0,0,89,21,0,0,0,0
148,cn4483,coarse_edge_mesh,setup,0.012731348,1,0,0,0,0,0,0,523,0,0,0,0,0,0,0,0,0,0,0
148,cn4483,coarse_surface_mesh,setup,8.180013267,1,0,0,0,0,0,0,10873,0,0,0,0,0,0,9,0,0,0,0
148,cn4483,coarse_volume_mesh,setup,13.409611657,1,0,0,0,0,0,0,23007,0,0,0,0,0,38014,1773175,0,0,0,0
148,cn4483,coarse_mesh_save,io,0,0,0,0,0,0,0,0,0,0,0,0,0,0,0,0,0,0,0,0
148,cn4483,submesh_initialization,setup,0.000119402000003,1,0,0,0,0,0,0,1,0,0,0,0,0,0,0,0,0,0,0
148,cn4483,metis_partition,compute,0.36562899,1,0,0,0,0,0,0,252,0,0,0,0,0,0,1,0,0,0,0
148,cn4483,face_map_setup,compute,0.006913671,1,0,0,0,0,0,0,82,0,0,0,0,0,0,0,0,0,0,0
148,cn4483,face_local_extract,compute,0.1589624,1,0,0,0,0,0,0,632,0,0,0,0,0,0,0,0,0,0,0
148,cn4483,face_pre_collective_wait,synchronization,0.081535617,1,0,0,0,0,0,0,1,0,0,0,0,0,0,0,0,0,0,0
148,cn4483,face_collective_setup,compute,0.000110222000004,1,0,0,0,0,0,0,16,0,0,0,0,0,0,0,0,0,0,0
148,cn4483,face_allgatherv,communication,0.117686335,1,0,0,0,0,0,0,874,0,0,0,0,0,0,0,1,1,18952,4859624
148,cn4483,face_global_merge,compute,0.074701447,1,0,0,0,0,0,0,200,0,0,0,0,0,0,0,0,0,0,0
148,cn4483,part_face_create,compute,0.018446044,1,0,0,0,0,0,0,3,0,0,0,0,0,0,0,0,0,0,0
148,cn4483,surface_refine,compute,0.005666575,1,0,0,0,0,0,0,37,0,0,0,0,0,0,0,0,0,0,0
148,cn4483,refined_surface_save,io,0,0,0,0,0,0,0,0,0,0,0,0,0,0,0,0,0,0,0,0
148,cn4483,local_volume_mesh,compute,6.532784686,1,0,0,0,0,0,0,715,0,0,0,0,0,12027,484352,0,0,0,0
148,cn4483,volume_refine,compute,0.195897668,1,0,0,0,0,0,0,4874,0,0,0,0,0,0,0,0,0,0,0
148,cn4483,refined_volume_save,io,0,0,0,0,0,0,0,0,0,0,0,0,0,0,0,0,0,0,0,0
148,cn4483,adjacency_build,compute,0.00449868,1,0,0,0,0,0,0,0,0,0,0,0,0,0,0,0,0,0,0
148,cn4483,vertex_numbering_local,compute,0.00682929000001,1,0,0,0,0,0,0,2,0,0,0,0,0,0,0,0,0,0,0
148,cn4483,vertex_count_allgather,communication,1.945567623,1,0,0,0,0,0,0,34,0,0,0,0,0,0,2,1,1,4,1024
148,cn4483,element_count_allgather,communication,0.007897645,1,0,0,0,0,0,0,0,0,0,0,0,0,0,0,1,1,4,1024
148,cn4483,vertex_exchange_prepare,compute,1.61799999958e-05,1,0,0,0,0,0,0,0,0,0,0,0,0,0,0,0,0,0,0
148,cn4483,vertex_exchange,communication,0.019548519,1,0,0,0,0,0,0,63,0,0,0,0,0,0,0,9,6,113630,53504
148,cn4483,vertex_exchange_unpack,compute,0.000721769000002,1,0,0,0,0,0,0,0,0,0,0,0,0,0,0,0,0,0,0
148,cn4483,partition_result_io,io,0,0,0,0,0,0,0,0,0,0,0,0,0,0,0,0,0,0,0,0
148,cn4483,volume_exchange_pack,compute,0.083599465,2,0,0,0,0,0,0,1,0,0,0,0,0,0,0,0,0,0,0
148,cn4483,volume_size_exchange,communication,0.008509932,1,0,0,0,0,0,0,2,0,0,0,0,0,0,0,8,8,32,32
148,cn4483,volume_payload_prepare,compute,0.000128760999999,1,0,0,0,0,0,0,0,0,0,0,0,0,0,0,0,0,0,0
148,cn4483,volume_payload_exchange,communication,0.002309551,1,0,0,0,0,0,0,19,0,0,0,0,0,0,0,8,8,1761000,1775040
148,cn4483,volume_exchange_unpack,compute,0.058852538,1,0,0,0,0,0,0,377,0,0,0,0,0,0,0,0,0,0,0
148,cn4483,final_mesh_save,io,0,0,0,0,0,0,0,0,0,0,0,0,0,0,0,0,0,0,0,0
148,cn4483,testout_io,io,0,0,0,0,0,0,0,0,0,0,0,0,0,0,0,0,0,0,0,0
148,cn4483,final_count_exchange,communication,0,0,0,0,0,0,0,0,0,0,0,0,0,0,0,0,0,0,0,0
148,cn4483,quality_evaluation,postprocess,0,0,0,0,0,0,0,0,0,0,0,0,0,0,0,0,0,0,0,0
149,cn4484,geometry_load,io,1.712887364,1,0,0,0,0,0,0,6376,0,1035092,0,0,0,2,3,0,0,0,0
149,cn4484,coarse_local_size,setup,0.454722476,1,0,0,0,0,0,0,7693,0,0,0,0,0,116,19,0,0,0,0
149,cn4484,coarse_edge_mesh,setup,0.012537967,1,0,0,0,0,0,0,579,0,0,0,0,0,0,0,0,0,0,0
149,cn4484,coarse_surface_mesh,setup,8.147429086,1,0,0,0,0,0,0,9485,0,0,0,0,0,0,10,0,0,0,0
149,cn4484,coarse_volume_mesh,setup,13.515835439,1,0,0,0,0,0,0,25694,0,0,0,0,0,39873,1616559,0,0,0,0
149,cn4484,coarse_mesh_save,io,0,0,0,0,0,0,0,0,0,0,0,0,0,0,0,0,0,0,0,0
149,cn4484,submesh_initialization,setup,0.000122180999995,1,0,0,0,0,0,0,1,0,0,0,0,0,0,0,0,0,0,0
149,cn4484,metis_partition,compute,0.404990995,1,0,0,0,0,0,0,134,0,0,0,0,0,0,0,0,0,0,0
149,cn4484,face_map_setup,compute,0.006697179,1,0,0,0,0,0,0,3,0,0,0,0,0,0,0,0,0,0,0
149,cn4484,face_local_extract,compute,0.152628972,1,0,0,0,0,0,0,24,0,0,0,0,0,0,1,0,0,0,0
149,cn4484,face_pre_collective_wait,synchronization,0.048756532,1,0,0,0,0,0,0,1,0,0,0,0,0,0,0,0,0,0,0
149,cn4484,face_collective_setup,compute,0.000123801000001,1,0,0,0,0,0,0,16,0,0,0,0,0,0,0,0,0,0,0
149,cn4484,face_allgatherv,communication,0.11759596,1,0,0,0,0,0,0,49,0,0,0,0,0,0,0,1,1,18952,4859624
149,cn4484,face_global_merge,compute,0.073852147,1,0,0,0,0,0,0,0,0,0,0,0,0,0,0,0,0,0,0
149,cn4484,part_face_create,compute,0.018529298,1,0,0,0,0,0,0,3,0,0,0,0,0,0,0,0,0,0,0
149,cn4484,surface_refine,compute,0.006186893,1,0,0,0,0,0,0,1,0,0,0,0,0,0,0,0,0,0,0
149,cn4484,refined_surface_save,io,0,0,0,0,0,0,0,0,0,0,0,0,0,0,0,0,0,0,0,0
149,cn4484,local_volume_mesh,compute,7.154187285,1,0,0,0,0,0,0,546,0,0,0,0,0,14134,508144,0,0,0,0
149,cn4484,volume_refine,compute,0.247313584,1,0,0,0,0,0,0,5127,0,0,0,0,0,0,0,0,0,0,0
149,cn4484,refined_volume_save,io,0,0,0,0,0,0,0,0,0,0,0,0,0,0,0,0,0,0,0,0
149,cn4484,adjacency_build,compute,0.004437532,1,0,0,0,0,0,0,0,0,0,0,0,0,0,0,0,0,0,0
149,cn4484,vertex_numbering_local,compute,0.004760696,1,0,0,0,0,0,0,2,0,0,0,0,0,0,0,0,0,0,0
149,cn4484,vertex_count_allgather,communication,1.27520417,1,0,0,0,0,0,0,43,0,0,0,0,0,0,2,1,1,4,1024
149,cn4484,element_count_allgather,communication,0.007615949,1,0,0,0,0,0,0,0,0,0,0,0,0,0,0,1,1,4,1024
149,cn4484,vertex_exchange_prepare,compute,9.95999999986e-06,1,0,0,0,0,0,0,0,0,0,0,0,0,0,0,0,0,0,0
149,cn4484,vertex_exchange,communication,0.010941428,1,0,0,0,0,0,0,228,0,0,0,0,0,0,0,3,1,27720,26554
149,cn4484,vertex_exchange_unpack,compute,0.000383524999997,1,0,0,0,0,0,0,0,0,0,0,0,0,0,0,0,0,0,0
149,cn4484,partition_result_io,io,0,0,0,0,0,0,0,0,0,0,0,0,0,0,0,0,0,0,0,0
149,cn4484,volume_exchange_pack,compute,0.066594582,2,0,0,0,0,0,0,1,0,0,0,0,0,0,0,0,0,0,0
149,cn4484,volume_size_exchange,communication,0.025748122,1,0,0,0,0,0,0,0,0,0,0,0,0,0,0,3,3,12,12
149,cn4484,volume_payload_prepare,compute,4.49799999984e-05,1,0,0,0,0,0,0,0,0,0,0,0,0,0,0,0,0,0,0
149,cn4484,volume_payload_exchange,communication,0.010352341,1,0,0,0,0,0,0,15,0,0,0,0,0,0,0,3,3,562560,556080
149,cn4484,volume_exchange_unpack,compute,0.048898934,1,0,0,0,0,0,0,17,0,0,0,0,0,0,0,0,0,0,0
149,cn4484,final_mesh_save,io,0,0,0,0,0,0,0,0,0,0,0,0,0,0,0,0,0,0,0,0
149,cn4484,testout_io,io,0,0,0,0,0,0,0,0,0,0,0,0,0,0,0,0,0,0,0,0
149,cn4484,final_count_exchange,communication,0,0,0,0,0,0,0,0,0,0,0,0,0,0,0,0,0,0,0,0
149,cn4484,quality_evaluation,postprocess,0,0,0,0,0,0,0,0,0,0,0,0,0,0,0,0,0,0,0,0
150,cn4485,geometry_load,io,1.711634742,1,0,0,0,0,0,0,6315,0,1035092,0,0,0,2,2,0,0,0,0
150,cn4485,coarse_local_size,setup,0.474473445,1,0,0,0,0,0,0,7635,0,0,0,0,0,117,20,0,0,0,0
150,cn4485,coarse_edge_mesh,setup,0.012681853,1,0,0,0,0,0,0,567,0,0,0,0,0,0,0,0,0,0,0
150,cn4485,coarse_surface_mesh,setup,8.161979617,1,0,0,0,0,0,0,9571,0,0,0,0,0,0,10,0,0,0,0
150,cn4485,coarse_volume_mesh,setup,13.285979317,1,0,0,0,0,0,0,24488,0,0,0,0,0,40326,1652708,0,0,0,0
150,cn4485,coarse_mesh_save,io,0,0,0,0,0,0,0,0,0,0,0,0,0,0,0,0,0,0,0,0
150,cn4485,submesh_initialization,setup,0.000135641999996,1,0,0,0,0,0,0,19,0,0,0,0,0,0,0,0,0,0,0
150,cn4485,metis_partition,compute,0.369447285,1,0,0,0,0,0,0,574,0,0,0,0,0,0,0,0,0,0,0
150,cn4485,face_map_setup,compute,0.00723527,1,0,0,0,0,0,0,465,0,0,0,0,0,0,0,0,0,0,0
150,cn4485,face_local_extract,compute,0.154922699,1,0,0,0,0,0,0,634,0,0,0,0,0,0,0,0,0,0,0
150,cn4485,face_pre_collective_wait,synchronization,0.081352459,1,0,0,0,0,0,0,2,0,0,0,0,0,0,1,0,0,0,0
150,cn4485,face_collective_setup,compute,0.000122302000001,1,0,0,0,0,0,0,16,0,0,0,0,0,0,0,0,0,0,0
150,cn4485,face_allgatherv,communication,0.117573371,1,0,0,0,0,0,0,640,0,0,0,0,0,0,0,1,1,18952,4859624
150,cn4485,face_global_merge,compute,0.074487415,1,0,0,0,0,0,0,115,0,0,0,0,0,0,0,0,0,0,0
150,cn4485,part_face_create,compute,0.018501681,1,0,0,0,0,0,0,3,0,0,0,0,0,0,0,0,0,0,0
150,cn4485,surface_refine,compute,0.006423337,1,0,0,0,0,0,0,38,0,0,0,0,0,0,0,0,0,0,0
150,cn4485,refined_surface_save,io,0,0,0,0,0,0,0,0,0,0,0,0,0,0,0,0,0,0,0,0
150,cn4485,local_volume_mesh,compute,7.21648682,1,0,0,0,0,0,0,668,0,0,0,0,0,13998,521674,0,0,0,0
150,cn4485,volume_refine,compute,0.316942266,1,0,0,0,0,0,0,4104,0,0,0,0,0,0,0,0,0,0,0
150,cn4485,refined_volume_save,io,0,0,0,0,0,0,0,0,0,0,0,0,0,0,0,0,0,0,0,0
150,cn4485,adjacency_build,compute,0.004431348,1,0,0,0,0,0,0,0,0,0,0,0,0,0,0,0,0,0,0
150,cn4485,vertex_numbering_local,compute,0.00485113400001,1,0,0,0,0,0,0,2,0,0,0,0,0,0,0,0,0,0,0
150,cn4485,vertex_count_allgather,communication,1.142319533,1,0,0,0,0,0,0,30,0,0,0,0,0,0,1,1,1,4,1024
150,cn4485,element_count_allgather,communication,0.007450793,1,0,0,0,0,0,0,0,0,0,0,0,0,0,0,1,1,4,1024
150,cn4485,vertex_exchange_prepare,compute,1.53209999993e-05,1,0,0,0,0,0,0,0,0,0,0,0,0,0,0,0,0,0,0
150,cn4485,vertex_exchange,communication,0.018919528,1,0,0,0,0,0,0,289,0,0,0,0,0,0,0,3,3,27258,32604
150,cn4485,vertex_exchange_unpack,compute,0.000461346999998,1,0,0,0,0,0,0,0,0,0,0,0,0,0,0,0,0,0,0
150,cn4485,partition_result_io,io,0,0,0,0,0,0,0,0,0,0,0,0,0,0,0,0,0,0,0,0
150,cn4485,volume_exchange_pack,compute,0.075422208,2,0,0,0,0,0,0,1,0,0,0,0,0,0,1,0,0,0,0
150,cn4485,volume_size_exchange,communication,0.017258603,1,0,0,0,0,0,0,3,0,0,0,0,0,0,0,4,4,16,16
150,cn4485,volume_payload_prepare,compute,4.87810000038e-05,1,0,0,0,0,0,0,0,0,0,0,0,0,0,0,0,0,0,0
150,cn4485,volume_payload_exchange,communication,0.001617324,1,0,0,0,0,0,0,16,0,0,0,0,0,0,0,4,4,621720,619080
150,cn4485,volume_exchange_unpack,compute,0.055921791,1,0,0,0,0,0,0,898,0,0,0,0,0,0,0,0,0,0,0
150,cn4485,final_mesh_save,io,0,0,0,0,0,0,0,0,0,0,0,0,0,0,0,0,0,0,0,0
150,cn4485,testout_io,io,0,0,0,0,0,0,0,0,0,0,0,0,0,0,0,0,0,0,0,0
150,cn4485,final_count_exchange,communication,0,0,0,0,0,0,0,0,0,0,0,0,0,0,0,0,0,0,0,0
150,cn4485,quality_evaluation,postprocess,0,0,0,0,0,0,0,0,0,0,0,0,0,0,0,0,0,0,0,0
151,cn4486,geometry_load,io,1.735805973,1,0,0,0,0,0,0,6343,0,1035092,0,0,0,2,14,0,0,0,0
151,cn4486,coarse_local_size,setup,0.455198942,1,0,0,0,0,0,0,7573,0,0,0,0,0,96,22,0,0,0,0
151,cn4486,coarse_edge_mesh,setup,0.012860617,1,0,0,0,0,0,0,551,0,0,0,0,0,0,1,0,0,0,0
151,cn4486,coarse_surface_mesh,setup,8.167414234,1,0,0,0,0,0,0,10812,0,0,0,0,0,0,69,0,0,0,0
151,cn4486,coarse_volume_mesh,setup,13.270660244,1,0,0,0,0,0,0,28683,0,0,0,0,0,35247,1629453,0,0,0,0
151,cn4486,coarse_mesh_save,io,0,0,0,0,0,0,0,0,0,0,0,0,0,0,0,0,0,0,0,0
151,cn4486,submesh_initialization,setup,0.000130321,1,0,0,0,0,0,0,3,0,0,0,0,0,0,0,0,0,0,0
151,cn4486,metis_partition,compute,0.378306086,1,0,0,0,0,0,0,487,0,0,0,0,0,0,4,0,0,0,0
151,cn4486,face_map_setup,compute,0.007085386,1,0,0,0,0,0,0,230,0,0,0,0,0,0,0,0,0,0,0
151,cn4486,face_local_extract,compute,0.156236962,1,0,0,0,0,0,0,711,0,0,0,0,0,0,1,0,0,0,0
151,cn4486,face_pre_collective_wait,synchronization,0.07142519,1,0,0,0,0,0,0,1,0,0,0,0,0,0,1,0,0,0,0
151,cn4486,face_collective_setup,compute,0.000107980999999,1,0,0,0,0,0,0,13,0,0,0,0,0,0,0,0,0,0,0
151,cn4486,face_allgatherv,communication,0.117533131,1,0,0,0,0,0,0,1151,0,0,0,0,0,0,1,1,1,18952,4859624
151,cn4486,face_global_merge,compute,0.078630677,1,0,0,0,0,0,0,359,0,0,0,0,0,0,0,0,0,0,0
151,cn4486,part_face_create,compute,0.019476397,1,0,0,0,0,0,0,3,0,0,0,0,0,0,0,0,0,0,0
151,cn4486,surface_refine,compute,0.007043565,1,0,0,0,0,0,0,41,0,0,0,0,0,0,1,0,0,0,0
151,cn4486,refined_surface_save,io,0,0,0,0,0,0,0,0,0,0,0,0,0,0,0,0,0,0,0,0
151,cn4486,local_volume_mesh,compute,7.216000351,1,0,0,0,0,0,0,1856,0,0,0,0,0,13227,472278,0,0,0,0
151,cn4486,volume_refine,compute,0.256879528,1,0,0,0,0,0,0,5610,0,0,0,0,0,0,3,0,0,0,0
151,cn4486,refined_volume_save,io,0,0,0,0,0,0,0,0,0,0,0,0,0,0,0,0,0,0,0,0
151,cn4486,adjacency_build,compute,0.004612016,1,0,0,0,0,0,0,0,0,0,0,0,0,0,0,0,0,0,0
151,cn4486,vertex_numbering_local,compute,0.006844143,1,0,0,0,0,0,0,2,0,0,0,0,0,0,0,0,0,0,0
151,cn4486,vertex_count_allgather,communication,1.194785346,1,0,0,0,0,0,0,30,0,0,0,0,0,0,10,1,1,4,1024
151,cn4486,element_count_allgather,communication,0.007899796,1,0,0,0,0,0,0,0,0,0,0,0,0,0,0,1,1,4,1024
151,cn4486,vertex_exchange_prepare,compute,1.77599999986e-05,1,0,0,0,0,0,0,0,0,0,0,0,0,0,0,0,0,0,0
151,cn4486,vertex_exchange,communication,0.019437517,1,0,0,0,0,0,0,32,0,0,0,0,0,0,1,8,5,60280,56870
151,cn4486,vertex_exchange_unpack,compute,0.000811930000005,1,0,0,0,0,0,0,0,0,0,0,0,0,0,0,0,0,0,0
151,cn4486,partition_result_io,io,0,0,0,0,0,0,0,0,0,0,0,0,0,0,0,0,0,0,0,0
151,cn4486,volume_exchange_pack,compute,0.091889179,2,0,0,0,0,0,0,1,0,0,0,0,0,0,0,0,0,0,0
151,cn4486,volume_size_exchange,communication,4.4501000005e-05,1,0,0,0,0,0,0,0,0,0,0,0,0,0,0,8,8,32,32
151,cn4486,volume_payload_prepare,compute,9.01209999995e-05,1,0,0,0,0,0,0,0,0,0,0,0,0,0,0,0,0,0,0
151,cn4486,volume_payload_exchange,communication,0.002339749,1,0,0,0,0,0,0,16,0,0,0,0,0,0,0,8,8,1212120,1205880
151,cn4486,volume_exchange_unpack,compute,0.062245118,1,0,0,0,0,0,0,444,0,0,0,0,0,0,1,0,0,0,0
151,cn4486,final_mesh_save,io,0,0,0,0,0,0,0,0,0,0,0,0,0,0,0,0,0,0,0,0
151,cn4486,testout_io,io,0,0,0,0,0,0,0,0,0,0,0,0,0,0,0,0,0,0,0,0
151,cn4486,final_count_exchange,communication,0,0,0,0,0,0,0,0,0,0,0,0,0,0,0,0,0,0,0,0
151,cn4486,quality_evaluation,postprocess,0,0,0,0,0,0,0,0,0,0,0,0,0,0,0,0,0,0,0,0
152,cn4487,geometry_load,io,1.740108478,1,0,0,0,0,0,0,6462,0,1035092,0,0,0,2,2,0,0,0,0
152,cn4487,coarse_local_size,setup,0.45155123,1,0,0,0,0,0,0,7035,0,0,0,0,0,101,20,0,0,0,0
152,cn4487,coarse_edge_mesh,setup,0.012553683,1,0,0,0,0,0,0,580,0,0,0,0,0,0,0,0,0,0,0
152,cn4487,coarse_surface_mesh,setup,8.154411924,1,0,0,0,0,0,0,10803,0,0,0,0,0,0,10,0,0,0,0
152,cn4487,coarse_volume_mesh,setup,13.494215021,1,0,0,0,0,0,0,32031,0,0,0,0,0,39510,1752944,0,0,0,0
152,cn4487,coarse_mesh_save,io,0,0,0,0,0,0,0,0,0,0,0,0,0,0,0,0,0,0,0,0
152,cn4487,submesh_initialization,setup,0.000121661000001,1,0,0,0,0,0,0,2,0,0,0,0,0,0,0,0,0,0,0
152,cn4487,metis_partition,compute,0.373808115,1,0,0,0,0,0,0,572,0,0,0,0,0,0,1,0,0,0,0
152,cn4487,face_map_setup,compute,0.007497588,1,0,0,0,0,0,0,232,0,0,0,0,0,0,0,0,0,0,0
152,cn4487,face_local_extract,compute,0.160495156,1,0,0,0,0,0,0,624,0,0,0,0,0,0,0,0,0,0,0
152,cn4487,face_pre_collective_wait,synchronization,0.071204608,1,0,0,0,0,0,0,1,0,0,0,0,0,0,0,0,0,0,0
152,cn4487,face_collective_setup,compute,0.000113141999996,1,0,0,0,0,0,0,16,0,0,0,0,0,0,0,0,0,0,0
152,cn4487,face_allgatherv,communication,0.117492076,1,0,0,0,0,0,0,754,0,0,0,0,0,0,0,1,1,18952,4859624
152,cn4487,face_global_merge,compute,0.078100407,1,0,0,0,0,0,0,328,0,0,0,0,0,0,0,0,0,0,0
152,cn4487,part_face_create,compute,0.019450121,1,0,0,0,0,0,0,4,0,0,0,0,0,0,0,0,0,0,0
152,cn4487,surface_refine,compute,0.005907526,1,0,0,0,0,0,0,37,0,0,0,0,0,0,0,0,0,0,0
152,cn4487,refined_surface_save,io,0,0,0,0,0,0,0,0,0,0,0,0,0,0,0,0,0,0,0,0
152,cn4487,local_volume_mesh,compute,6.208547167,1,0,0,0,0,0,0,1992,0,0,0,0,0,7898,226470,0,0,0,0
152,cn4487,volume_refine,compute,0.178122591,1,0,0,0,0,0,0,4587,0,0,0,0,0,0,0,0,0,0,0
152,cn4487,refined_volume_save,io,0,0,0,0,0,0,0,0,0,0,0,0,0,0,0,0,0,0,0,0
152,cn4487,adjacency_build,compute,0.005007892,1,0,0,0,0,0,0,11,0,0,0,0,0,0,0,0,0,0,0
152,cn4487,vertex_numbering_local,compute,0.008083897,1,0,0,0,0,0,0,6,0,0,0,0,0,0,0,0,0,0,0
152,cn4487,vertex_count_allgather,communication,2.281137683,1,0,0,0,0,0,0,55,0,0,0,0,0,0,4,1,1,4,1024
152,cn4487,element_count_allgather,communication,0.007910054,1,0,0,0,0,0,0,0,0,0,0,0,0,0,0,1,1,4,1024
152,cn4487,vertex_exchange_prepare,compute,2.02599999994e-05,1,0,0,0,0,0,0,0,0,0,0,0,0,0,0,0,0,0,0
152,cn4487,vertex_exchange,communication,0.019787766,1,0,0,0,0,0,0,45,0,0,0,0,0,0,0,10,9,142868,52624
152,cn4487,vertex_exchange_unpack,compute,0.000808411999998,1,0,0,0,0,0,0,0,0,0,0,0,0,0,0,0,0,0,0
152,cn4487,partition_result_io,io,0,0,0,0,0,0,0,0,0,0,0,0,0,0,0,0,0,0,0,0
152,cn4487,volume_exchange_pack,compute,0.073839465,2,0,0,0,0,0,0,3,0,0,0,0,0,0,0,0,0,0,0
152,cn4487,volume_size_exchange,communication,0.018584708,1,0,0,0,0,0,0,4,0,0,0,0,0,0,0,9,9,36,36
152,cn4487,volume_payload_prepare,compute,0.000153582999999,1,0,0,0,0,0,0,0,0,0,0,0,0,0,0,0,0,0,0
152,cn4487,volume_payload_exchange,communication,0.003029963,1,0,0,0,0,0,0,29,0,0,0,0,0,0,0,9,9,2084760,2076960
152,cn4487,volume_exchange_unpack,compute,0.058693527,1,0,0,0,0,0,0,0,0,0,0,0,0,0,0,0,0,0,0
152,cn4487,final_mesh_save,io,0,0,0,0,0,0,0,0,0,0,0,0,0,0,0,0,0,0,0,0
152,cn4487,testout_io,io,0,0,0,0,0,0,0,0,0,0,0,0,0,0,0,0,0,0,0,0
152,cn4487,final_count_exchange,communication,0,0,0,0,0,0,0,0,0,0,0,0,0,0,0,0,0,0,0,0
152,cn4487,quality_evaluation,postprocess,0,0,0,0,0,0,0,0,0,0,0,0,0,0,0,0,0,0,0,0
153,cn4488,geometry_load,io,1.780167581,1,0,0,0,0,0,0,6550,0,1035092,0,0,0,2,2,0,0,0,0
153,cn4488,coarse_local_size,setup,0.447010978,1,0,0,0,0,0,0,6780,0,0,0,0,0,79,19,0,0,0,0
153,cn4488,coarse_edge_mesh,setup,0.01266515,1,0,0,0,0,0,0,520,0,0,0,0,0,0,0,0,0,0,0
153,cn4488,coarse_surface_mesh,setup,8.171494007,1,0,0,0,0,0,0,10706,0,0,0,0,0,0,10,0,0,0,0
153,cn4488,coarse_volume_mesh,setup,13.536962186,1,0,0,0,0,0,0,25966,0,0,0,0,0,41355,1714908,0,0,0,0
153,cn4488,coarse_mesh_save,io,0,0,0,0,0,0,0,0,0,0,0,0,0,0,0,0,0,0,0,0
153,cn4488,submesh_initialization,setup,0.000122021999999,1,0,0,0,0,0,0,1,0,0,0,0,0,0,0,0,0,0,0
153,cn4488,metis_partition,compute,0.368833669,1,0,0,0,0,0,0,255,0,0,0,0,0,0,1,0,0,0,0
153,cn4488,face_map_setup,compute,0.00670834,1,0,0,0,0,0,0,3,0,0,0,0,0,0,0,0,0,0,0
153,cn4488,face_local_extract,compute,0.162887238,1,0,0,0,0,0,0,633,0,0,0,0,0,0,0,0,0,0,0
153,cn4488,face_pre_collective_wait,synchronization,0.074627888,1,0,0,0,0,0,0,1,0,0,0,0,0,0,0,0,0,0,0
153,cn4488,face_collective_setup,compute,0.000117641999999,1,0,0,0,0,0,0,16,0,0,0,0,0,0,0,0,0,0,0
153,cn4488,face_allgatherv,communication,0.117253075,1,0,0,0,0,0,0,772,0,0,0,0,0,0,0,1,1,18952,4859624
153,cn4488,face_global_merge,compute,0.075084914,1,0,0,0,0,0,0,18,0,0,0,0,0,0,0,0,0,0,0
153,cn4488,part_face_create,compute,0.018390039,1,0,0,0,0,0,0,4,0,0,0,0,0,0,0,0,0,0,0
153,cn4488,surface_refine,compute,0.005527906,1,0,0,0,0,0,0,24,0,0,0,0,0,0,0,0,0,0,0
153,cn4488,refined_surface_save,io,0,0,0,0,0,0,0,0,0,0,0,0,0,0,0,0,0,0,0,0
153,cn4488,local_volume_mesh,compute,7.07918997,1,0,0,0,0,0,0,304,0,0,0,0,0,17447,601719,0,0,0,0
153,cn4488,volume_refine,compute,0.204522794,1,0,0,0,0,0,0,4567,0,0,0,0,0,0,1,0,0,0,0
153,cn4488,refined_volume_save,io,0,0,0,0,0,0,0,0,0,0,0,0,0,0,0,0,0,0,0,0
153,cn4488,adjacency_build,compute,0.004605775,1,0,0,0,0,0,0,0,0,0,0,0,0,0,0,0,0,0,0
153,cn4488,vertex_numbering_local,compute,0.005794969,1,0,0,0,0,0,0,2,0,0,0,0,0,0,0,0,0,0,0
153,cn4488,vertex_count_allgather,communication,1.39180782,1,0,0,0,0,0,0,54,0,0,0,0,0,0,2,1,1,4,1024
153,cn4488,element_count_allgather,communication,0.007910314,1,0,0,0,0,0,0,0,0,0,0,0,0,0,0,1,1,4,1024
153,cn4488,vertex_exchange_prepare,compute,1.43600000015e-05,1,0,0,0,0,0,0,0,0,0,0,0,0,0,0,0,0,0,0
153,cn4488,vertex_exchange,communication,0.011638298,1,0,0,0,0,0,0,263,0,0,0,0,0,0,0,8,5,78144,40524
153,cn4488,vertex_exchange_unpack,compute,0.000554786000002,1,0,0,0,0,0,0,0,0,0,0,0,0,0,0,0,0,0,0
153,cn4488,partition_result_io,io,0,0,0,0,0,0,0,0,0,0,0,0,0,0,0,0,0,0,0,0
153,cn4488,volume_exchange_pack,compute,0.075969184,2,0,0,0,0,0,0,1,0,0,0,0,0,0,0,0,0,0,0
153,cn4488,volume_size_exchange,communication,0.010127701,1,0,0,0,0,0,0,0,0,0,0,0,0,0,0,6,6,24,24
153,cn4488,volume_payload_prepare,compute,9.02210000007e-05,1,0,0,0,0,0,0,0,0,0,0,0,0,0,0,0,0,0,0
153,cn4488,volume_payload_exchange,communication,0.017055883,1,0,0,0,0,0,0,5,0,0,0,0,0,0,0,6,6,1237080,1234920
153,cn4488,volume_exchange_unpack,compute,0.053031351,1,0,0,0,0,0,0,115,0,0,0,0,0,0,0,0,0,0,0
153,cn4488,final_mesh_save,io,0,0,0,0,0,0,0,0,0,0,0,0,0,0,0,0,0,0,0,0
153,cn4488,testout_io,io,0,0,0,0,0,0,0,0,0,0,0,0,0,0,0,0,0,0,0,0
153,cn4488,final_count_exchange,communication,0,0,0,0,0,0,0,0,0,0,0,0,0,0,0,0,0,0,0,0
153,cn4488,quality_evaluation,postprocess,0,0,0,0,0,0,0,0,0,0,0,0,0,0,0,0,0,0,0,0
154,cn4489,geometry_load,io,1.733558901,1,0,0,0,0,0,0,6320,0,1035092,0,0,0,2,3,0,0,0,0
154,cn4489,coarse_local_size,setup,0.448840574,1,0,0,0,0,0,0,7648,0,0,0,0,0,84,21,0,0,0,0
154,cn4489,coarse_edge_mesh,setup,0.012562078,1,0,0,0,0,0,0,569,0,0,0,0,0,0,0,0,0,0,0
154,cn4489,coarse_surface_mesh,setup,8.239229051,1,0,0,0,0,0,0,10857,0,0,0,0,0,0,11,0,0,0,0
154,cn4489,coarse_volume_mesh,setup,13.426322904,1,0,0,0,0,0,0,31110,0,0,0,0,0,37076,1618921,0,0,0,0
154,cn4489,coarse_mesh_save,io,0,0,0,0,0,0,0,0,0,0,0,0,0,0,0,0,0,0,0,0
154,cn4489,submesh_initialization,setup,0.000124040999999,1,0,0,0,0,0,0,2,0,0,0,0,0,0,0,0,0,0,0
154,cn4489,metis_partition,compute,0.375653793,1,0,0,0,0,0,0,618,0,0,0,0,0,0,0,0,0,0,0
154,cn4489,face_map_setup,compute,0.007355941,1,0,0,0,0,0,0,239,0,0,0,0,0,0,0,0,0,0,0
154,cn4489,face_local_extract,compute,0.156302371,1,0,0,0,0,0,0,679,0,0,0,0,0,0,0,0,0,0,0
154,cn4489,face_pre_collective_wait,synchronization,0.073690327,1,0,0,0,0,0,0,1,0,0,0,0,0,0,0,0,0,0,0
154,cn4489,face_collective_setup,compute,0.000113781000003,1,0,0,0,0,0,0,16,0,0,0,0,0,0,0,0,0,0,0
154,cn4489,face_allgatherv,communication,0.117258764,1,0,0,0,0,0,0,1155,0,0,0,0,0,0,1,1,1,18952,4859624
154,cn4489,face_global_merge,compute,0.079783254,1,0,0,0,0,0,0,492,0,0,0,0,0,0,0,0,0,0,0
154,cn4489,part_face_create,compute,0.019442993,1,0,0,0,0,0,0,4,0,0,0,0,0,0,0,0,0,0,0
154,cn4489,surface_refine,compute,0.006113847,1,0,0,0,0,0,0,38,0,0,0,0,0,0,0,0,0,0,0
154,cn4489,refined_surface_save,io,0,0,0,0,0,0,0,0,0,0,0,0,0,0,0,0,0,0,0,0
154,cn4489,local_volume_mesh,compute,6.464292237,1,0,0,0,0,0,0,2119,0,0,0,0,0,11348,329867,0,0,0,0
154,cn4489,volume_refine,compute,0.199592065,1,0,0,0,0,0,0,6073,0,0,0,0,0,0,0,0,0,0,0
154,cn4489,refined_volume_save,io,0,0,0,0,0,0,0,0,0,0,0,0,0,0,0,0,0,0,0,0
154,cn4489,adjacency_build,compute,0.005050816,1,0,0,0,0,0,0,9,0,0,0,0,0,0,0,0,0,0,0
154,cn4489,vertex_numbering_local,compute,0.007688704,1,0,0,0,0,0,0,5,0,0,0,0,0,0,0,0,0,0,0
154,cn4489,vertex_count_allgather,communication,2.002496942,1,0,0,0,0,0,0,56,0,0,0,0,0,0,2,1,1,4,1024
154,cn4489,element_count_allgather,communication,0.007750725,1,0,0,0,0,0,0,0,0,0,0,0,0,0,0,1,1,4,1024
154,cn4489,vertex_exchange_prepare,compute,2.88600000005e-05,1,0,0,0,0,0,0,0,0,0,0,0,0,0,0,0,0,0,0
154,cn4489,vertex_exchange,communication,0.012029211,1,0,0,0,0,0,0,47,0,0,0,0,0,0,0,11,8,57904,114774
154,cn4489,vertex_exchange_unpack,compute,0.001649498,1,0,0,0,0,0,0,0,0,0,0,0,0,0,0,0,0,0,0
154,cn4489,partition_result_io,io,0,0,0,0,0,0,0,0,0,0,0,0,0,0,0,0,0,0,0,0
154,cn4489,volume_exchange_pack,compute,0.083230913,2,0,0,0,0,0,0,3,0,0,0,0,0,0,0,0,0,0,0
154,cn4489,volume_size_exchange,communication,0.01641898,1,0,0,0,0,0,0,34,0,0,0,0,0,0,0,11,11,44,44
154,cn4489,volume_payload_prepare,compute,0.000138741999997,1,0,0,0,0,0,0,0,0,0,0,0,0,0,0,0,0,0,0
154,cn4489,volume_payload_exchange,communication,0.003097634,1,0,0,0,0,0,0,32,0,0,0,0,0,0,0,11,11,1832280,1823880
154,cn4489,volume_exchange_unpack,compute,0.063399936,1,0,0,0,0,0,0,1570,0,0,0,0,0,0,1,0,0,0,0
154,cn4489,final_mesh_save,io,0,0,0,0,0,0,0,0,0,0,0,0,0,0,0,0,0,0,0,0
154,cn4489,testout_io,io,0,0,0,0,0,0,0,0,0,0,0,0,0,0,0,0,0,0,0,0
154,cn4489,final_count_exchange,communication,0,0,0,0,0,0,0,0,0,0,0,0,0,0,0,0,0,0,0,0
154,cn4489,quality_evaluation,postprocess,0,0,0,0,0,0,0,0,0,0,0,0,0,0,0,0,0,0,0,0
155,cn4490,geometry_load,io,1.739912277,1,0,0,0,0,0,0,6341,0,1035092,0,0,0,2,14,0,0,0,0
155,cn4490,coarse_local_size,setup,0.448662113,1,0,0,0,0,0,0,7498,0,0,0,0,0,85,20,0,0,0,0
155,cn4490,coarse_edge_mesh,setup,0.012645476,1,0,0,0,0,0,0,578,0,0,0,0,0,0,1,0,0,0,0
155,cn4490,coarse_surface_mesh,setup,8.06106886,1,0,0,0,0,0,0,8102,0,0,0,0,0,0,70,0,0,0,0
155,cn4490,coarse_volume_mesh,setup,13.410039079,1,0,0,0,0,0,0,20532,0,0,0,0,0,40480,1665885,0,0,0,0
155,cn4490,coarse_mesh_save,io,0,0,0,0,0,0,0,0,0,0,0,0,0,0,0,0,0,0,0,0
155,cn4490,submesh_initialization,setup,0.000132022000003,1,0,0,0,0,0,0,5,0,0,0,0,0,0,0,0,0,0,0
155,cn4490,metis_partition,compute,0.362789077,1,0,0,0,0,0,0,66,0,0,0,0,0,0,4,0,0,0,0
155,cn4490,face_map_setup,compute,0.006928785,1,0,0,0,0,0,0,261,0,0,0,0,0,0,0,0,0,0,0
155,cn4490,face_local_extract,compute,0.152313591,1,0,0,0,0,0,0,36,0,0,0,0,0,0,1,0,0,0,0
155,cn4490,face_pre_collective_wait,synchronization,0.090990498,1,0,0,0,0,0,0,2,0,0,0,0,0,0,1,0,0,0,0
155,cn4490,face_collective_setup,compute,0.000100861,1,0,0,0,0,0,0,12,0,0,0,0,0,0,0,0,0,0,0
155,cn4490,face_allgatherv,communication,0.11720154,1,0,0,0,0,0,0,45,0,0,0,0,0,0,1,1,1,18952,4859624
155,cn4490,face_global_merge,compute,0.073167219,1,0,0,0,0,0,0,0,0,0,0,0,0,0,0,0,0,0,0
155,cn4490,part_face_create,compute,0.018094922,1,0,0,0,0,0,0,3,0,0,0,0,0,0,0,0,0,0,0
155,cn4490,surface_refine,compute,0.005984494,1,0,0,0,0,0,0,1,0,0,0,0,0,0,0,0,0,0,0
155,cn4490,refined_surface_save,io,0,0,0,0,0,0,0,0,0,0,0,0,0,0,0,0,0,0,0,0
155,cn4490,local_volume_mesh,compute,6.684817452,1,0,0,0,0,0,0,561,0,0,0,0,0,7328,330271,0,0,0,0
155,cn4490,volume_refine,compute,0.228647529,1,0,0,0,0,0,0,4107,0,0,0,0,0,0,2,0,0,0,0
155,cn4490,refined_volume_save,io,0,0,0,0,0,0,0,0,0,0,0,0,0,0,0,0,0,0,0,0
155,cn4490,adjacency_build,compute,0.004380094,1,0,0,0,0,0,0,0,0,0,0,0,0,0,0,0,0,0,0
155,cn4490,vertex_numbering_local,compute,0.006435059,1,0,0,0,0,0,0,1,0,0,0,0,0,0,0,0,0,0,0
155,cn4490,vertex_count_allgather,communication,1.763423506,1,0,0,0,0,0,0,64,0,0,0,0,0,0,15,1,1,4,1024
155,cn4490,element_count_allgather,communication,0.007897857,1,0,0,0,0,0,0,1,0,0,0,0,0,0,0,1,1,4,1024
155,cn4490,vertex_exchange_prepare,compute,3.35209999989e-05,1,0,0,0,0,0,0,5,0,0,0,0,0,0,0,0,0,0,0
155,cn4490,vertex_exchange,communication,0.019969185,1,0,0,0,0,0,0,34,0,0,0,0,0,0,1,0,9,0,113894
155,cn4490,vertex_exchange_unpack,compute,0.001572039,1,0,0,0,0,0,0,6,0,0,0,0,0,0,0,0,0,0,0
155,cn4490,partition_result_io,io,0,0,0,0,0,0,0,0,0,0,0,0,0,0,0,0,0,0,0,0
155,cn4490,volume_exchange_pack,compute,0.077704054,2,0,0,0,0,0,0,15,0,0,0,0,0,0,0,0,0,0,0
155,cn4490,volume_size_exchange,communication,0.013541626,1,0,0,0,0,0,0,79,0,0,0,0,0,0,0,6,6,24,24
155,cn4490,volume_payload_prepare,compute,9.02809999985e-05,1,0,0,0,0,0,0,0,0,0,0,0,0,0,0,0,0,0,0
155,cn4490,volume_payload_exchange,communication,0.002647373,1,0,0,0,0,0,0,11,0,0,0,0,0,0,0,6,6,1204920,1208760
155,cn4490,volume_exchange_unpack,compute,0.060116159,1,0,0,0,0,0,0,2238,0,0,0,0,0,0,1,0,0,0,0
155,cn4490,final_mesh_save,io,0,0,0,0,0,0,0,0,0,0,0,0,0,0,0,0,0,0,0,0
155,cn4490,testout_io,io,0,0,0,0,0,0,0,0,0,0,0,0,0,0,0,0,0,0,0,0
155,cn4490,final_count_exchange,communication,0,0,0,0,0,0,0,0,0,0,0,0,0,0,0,0,0,0,0,0
155,cn4490,quality_evaluation,postprocess,0,0,0,0,0,0,0,0,0,0,0,0,0,0,0,0,0,0,0,0
156,cn4491,geometry_load,io,1.716886404,1,0,0,0,0,0,0,6315,0,1035092,0,0,0,2,4,0,0,0,0
156,cn4491,coarse_local_size,setup,0.443872189,1,0,0,0,0,0,0,7362,0,0,0,0,0,120,20,0,0,0,0
156,cn4491,coarse_edge_mesh,setup,0.01270497,1,0,0,0,0,0,0,577,0,0,0,0,0,0,0,0,0,0,0
156,cn4491,coarse_surface_mesh,setup,8.114539267,1,0,0,0,0,0,0,9559,0,0,0,0,0,0,12,0,0,0,0
156,cn4491,coarse_volume_mesh,setup,13.214036338,1,0,0,0,0,0,0,25958,0,0,0,0,0,37381,1508955,0,0,0,0
156,cn4491,coarse_mesh_save,io,0,0,0,0,0,0,0,0,0,0,0,0,0,0,0,0,0,0,0,0
156,cn4491,submesh_initialization,setup,0.000129522000002,1,0,0,0,0,0,0,9,0,0,0,0,0,0,0,0,0,0,0
156,cn4491,metis_partition,compute,0.374042166,1,0,0,0,0,0,0,1271,0,0,0,0,0,0,0,0,0,0,0
156,cn4491,face_map_setup,compute,0.007512528,1,0,0,0,0,0,0,690,0,0,0,0,0,0,0,0,0,0,0
156,cn4491,face_local_extract,compute,0.157731438,1,0,0,0,0,0,0,714,0,0,0,0,0,0,0,0,0,0,0
156,cn4491,face_pre_collective_wait,synchronization,0.073725009,1,0,0,0,0,0,0,1,0,0,0,0,0,0,0,0,0,0,0
156,cn4491,face_collective_setup,compute,0.000120820999996,1,0,0,0,0,0,0,16,0,0,0,0,0,0,0,0,0,0,0
156,cn4491,face_allgatherv,communication,0.117155141,1,0,0,0,0,0,0,639,0,0,0,0,0,0,1,1,1,18952,4859624
156,cn4491,face_global_merge,compute,0.078551325,1,0,0,0,0,0,0,466,0,0,0,0,0,0,0,0,0,0,0
156,cn4491,part_face_create,compute,0.019320248,1,0,0,0,0,0,0,3,0,0,0,0,0,0,0,0,0,0,0
156,cn4491,surface_refine,compute,0.006639218,1,0,0,0,0,0,0,42,0,0,0,0,0,0,0,0,0,0,0
156,cn4491,refined_surface_save,io,0,0,0,0,0,0,0,0,0,0,0,0,0,0,0,0,0,0,0,0
156,cn4491,local_volume_mesh,compute,6.507037071,1,0,0,0,0,0,0,1788,0,0,0,0,0,13968,500038,0,0,0,0
156,cn4491,volume_refine,compute,0.228717174,1,0,0,0,0,0,0,5254,0,0,0,0,0,0,1,0,0,0,0
156,cn4491,refined_volume_save,io,0,0,0,0,0,0,0,0,0,0,0,0,0,0,0,0,0,0,0,0
156,cn4491,adjacency_build,compute,0.005013879,1,0,0,0,0,0,0,9,0,0,0,0,0,0,0,0,0,0,0
156,cn4491,vertex_numbering_local,compute,0.007485348,1,0,0,0,0,0,0,2,0,0,0,0,0,0,0,0,0,0,0
156,cn4491,vertex_count_allgather,communication,1.931845536,1,0,0,0,0,0,0,30,0,0,0,0,0,0,3,1,1,4,1024
156,cn4491,element_count_allgather,communication,0.007902413,1,0,0,0,0,0,0,0,0,0,0,0,0,0,0,1,1,4,1024
156,cn4491,vertex_exchange_prepare,compute,2.54999999996e-05,1,0,0,0,0,0,0,0,0,0,0,0,0,0,0,0,0,0,0
156,cn4491,vertex_exchange,communication,0.011607537,1,0,0,0,0,0,0,290,0,0,0,0,0,0,0,6,8,66924,93720
156,cn4491,vertex_exchange_unpack,compute,0.001341175,1,0,0,0,0,0,0,0,0,0,0,0,0,0,0,0,0,0,0
156,cn4491,partition_result_io,io,0,0,0,0,0,0,0,0,0,0,0,0,0,0,0,0,0,0,0,0
156,cn4491,volume_exchange_pack,compute,0.08314602,2,0,0,0,0,0,0,1,0,0,0,0,0,0,0,0,0,0,0
156,cn4491,volume_size_exchange,communication,0.017121002,1,0,0,0,0,0,0,2,0,0,0,0,0,0,0,9,9,36,36
156,cn4491,volume_payload_prepare,compute,0.000130861000002,1,0,0,0,0,0,0,0,0,0,0,0,0,0,0,0,0,0,0
156,cn4491,volume_payload_exchange,communication,0.002710552,1,0,0,0,0,0,0,13,0,0,0,0,0,0,0,9,9,1716600,1707600
156,cn4491,volume_exchange_unpack,compute,0.062697458,1,0,0,0,0,0,0,857,0,0,0,0,0,0,1,0,0,0,0
156,cn4491,final_mesh_save,io,0,0,0,0,0,0,0,0,0,0,0,0,0,0,0,0,0,0,0,0
156,cn4491,testout_io,io,0,0,0,0,0,0,0,0,0,0,0,0,0,0,0,0,0,0,0,0
156,cn4491,final_count_exchange,communication,0,0,0,0,0,0,0,0,0,0,0,0,0,0,0,0,0,0,0,0
156,cn4491,quality_evaluation,postprocess,0,0,0,0,0,0,0,0,0,0,0,0,0,0,0,0,0,0,0,0
157,cn4492,geometry_load,io,1.743169426,1,0,0,0,0,0,0,6337,0,1035092,0,0,0,2,16,0,0,0,0
157,cn4492,coarse_local_size,setup,0.489448814,1,0,0,0,0,0,0,7571,0,0,0,0,0,104,25,0,0,0,0
157,cn4492,coarse_edge_mesh,setup,0.012182536,1,0,0,0,0,0,0,566,0,0,0,0,0,0,0,0,0,0,0
157,cn4492,coarse_surface_mesh,setup,8.004544523,1,0,0,0,0,0,0,7922,0,0,0,0,0,0,72,0,0,0,0
157,cn4492,coarse_volume_mesh,setup,13.359099174,1,0,0,0,0,0,0,21314,0,0,0,0,0,39822,1621574,0,0,0,0
157,cn4492,coarse_mesh_save,io,0,0,0,0,0,0,0,0,0,0,0,0,0,0,0,0,0,0,0,0
157,cn4492,submesh_initialization,setup,0.000126400999996,1,0,0,0,0,0,0,5,0,0,0,0,0,0,0,0,0,0,0
157,cn4492,metis_partition,compute,0.366634086,1,0,0,0,0,0,0,65,0,0,0,0,0,0,3,0,0,0,0
157,cn4492,face_map_setup,compute,0.00704017899999,1,0,0,0,0,0,0,261,0,0,0,0,0,0,0,0,0,0,0
157,cn4492,face_local_extract,compute,0.154755105,1,0,0,0,0,0,0,37,0,0,0,0,0,0,1,0,0,0,0
157,cn4492,face_pre_collective_wait,synchronization,0.084629943,1,0,0,0,0,0,0,10,0,0,0,0,0,0,1,0,0,0,0
157,cn4492,face_collective_setup,compute,0.000112822000006,1,0,0,0,0,0,0,13,0,0,0,0,0,0,0,0,0,0,0
157,cn4492,face_allgatherv,communication,0.117107545,1,0,0,0,0,0,0,129,0,0,0,0,0,0,1,1,1,18952,4859624
157,cn4492,face_global_merge,compute,0.0735334,1,0,0,0,0,0,0,0,0,0,0,0,0,0,0,0,0,0,0
157,cn4492,part_face_create,compute,0.018237644,1,0,0,0,0,0,0,3,0,0,0,0,0,0,0,0,0,0,0
157,cn4492,surface_refine,compute,0.005445681,1,0,0,0,0,0,0,1,0,0,0,0,0,0,0,0,0,0,0
157,cn4492,refined_surface_save,io,0,0,0,0,0,0,0,0,0,0,0,0,0,0,0,0,0,0,0,0
157,cn4492,local_volume_mesh,compute,6.440985718,1,0,0,0,0,0,0,562,0,0,0,0,0,8656,332873,0,0,0,0
157,cn4492,volume_refine,compute,0.190501163,1,0,0,0,0,0,0,3596,0,0,0,0,0,0,2,0,0,0,0
157,cn4492,refined_volume_save,io,0,0,0,0,0,0,0,0,0,0,0,0,0,0,0,0,0,0,0,0
157,cn4492,adjacency_build,compute,0.004590232,1,0,0,0,0,0,0,0,0,0,0,0,0,0,0,0,0,0,0
157,cn4492,vertex_numbering_local,compute,0.00648989299999,1,0,0,0,0,0,0,1,0,0,0,0,0,0,0,0,0,0,0
157,cn4492,vertex_count_allgather,communication,2.04509279,1,0,0,0,0,0,0,64,0,0,0,0,0,0,18,1,1,4,1024
157,cn4492,element_count_allgather,communication,0.007942428,1,0,0,0,0,0,0,3,0,0,0,0,0,0,0,1,1,4,1024
157,cn4492,vertex_exchange_prepare,compute,2.58999999971e-05,1,0,0,0,0,0,0,6,0,0,0,0,0,0,0,0,0,0,0
157,cn4492,vertex_exchange,communication,0.012052115,1,0,0,0,0,0,0,551,0,0,0,0,0,0,0,9,7,84942,73920
157,cn4492,vertex_exchange_unpack,compute,0.001005051,1,0,0,0,0,0,0,3,0,0,0,0,0,0,0,0,0,0,0
157,cn4492,partition_result_io,io,0,0,0,0,0,0,0,0,0,0,0,0,0,0,0,0,0,0,0,0
157,cn4492,volume_exchange_pack,compute,0.076781616,2,0,0,0,0,0,0,13,0,0,0,0,0,0,1,0,0,0,0
157,cn4492,volume_size_exchange,communication,0.02515998,1,0,0,0,0,0,0,23,0,0,0,0,0,0,0,10,10,40,40
157,cn4492,volume_payload_prepare,compute,0.000123080999998,1,0,0,0,0,0,0,0,0,0,0,0,0,0,0,0,0,0,0
157,cn4492,volume_payload_exchange,communication,0.003119735,1,0,0,0,0,0,0,12,0,0,0,0,0,0,0,10,10,1674840,1677240
157,cn4492,volume_exchange_unpack,compute,0.054852471,1,0,0,0,0,0,0,716,0,0,0,0,0,0,1,0,0,0,0
157,cn4492,final_mesh_save,io,0,0,0,0,0,0,0,0,0,0,0,0,0,0,0,0,0,0,0,0
157,cn4492,testout_io,io,0,0,0,0,0,0,0,0,0,0,0,0,0,0,0,0,0,0,0,0
157,cn4492,final_count_exchange,communication,0,0,0,0,0,0,0,0,0,0,0,0,0,0,0,0,0,0,0,0
157,cn4492,quality_evaluation,postprocess,0,0,0,0,0,0,0,0,0,0,0,0,0,0,0,0,0,0,0,0
158,cn4493,geometry_load,io,1.796097082,1,0,0,0,0,0,0,6548,0,1035092,0,0,0,2,2,0,0,0,0
158,cn4493,coarse_local_size,setup,0.457893764,1,0,0,0,0,0,0,7232,0,0,0,0,0,99,21,0,0,0,0
158,cn4493,coarse_edge_mesh,setup,0.012716113,1,0,0,0,0,0,0,579,0,0,0,0,0,0,0,0,0,0,0
158,cn4493,coarse_surface_mesh,setup,8.447901418,1,0,0,0,0,0,0,10872,0,0,0,0,0,0,9,0,0,0,0
158,cn4493,coarse_volume_mesh,setup,13.232970983,1,0,0,0,0,0,0,25689,0,0,0,0,0,36895,1470959,0,0,0,0
158,cn4493,coarse_mesh_save,io,0,0,0,0,0,0,0,0,0,0,0,0,0,0,0,0,0,0,0,0
158,cn4493,submesh_initialization,setup,0.000121540999999,1,0,0,0,0,0,0,1,0,0,0,0,0,0,0,0,0,0,0
158,cn4493,metis_partition,compute,0.377049684,1,0,0,0,0,0,0,510,0,0,0,0,0,0,0,0,0,0,0
158,cn4493,face_map_setup,compute,0.007368766,1,0,0,0,0,0,0,236,0,0,0,0,0,0,0,0,0,0,0
158,cn4493,face_local_extract,compute,0.158788657,1,0,0,0,0,0,0,653,0,0,0,0,0,0,1,0,0,0,0
158,cn4493,face_pre_collective_wait,synchronization,0.069795163,1,0,0,0,0,0,0,1,0,0,0,0,0,0,0,0,0,0,0
158,cn4493,face_collective_setup,compute,0.000110640999999,1,0,0,0,0,0,0,16,0,0,0,0,0,0,0,0,0,0,0
158,cn4493,face_allgatherv,communication,0.11770455,1,0,0,0,0,0,0,1234,0,0,0,0,0,0,0,1,1,18952,4859624
158,cn4493,face_global_merge,compute,0.079221986,1,0,0,0,0,0,0,309,0,0,0,0,0,0,0,0,0,0,0
158,cn4493,part_face_create,compute,0.019697896,1,0,0,0,0,0,0,4,0,0,0,0,0,0,0,0,0,0,0
158,cn4493,surface_refine,compute,0.006381977,1,0,0,0,0,0,0,39,0,0,0,0,0,0,0,0,0,0,0
158,cn4493,refined_surface_save,io,0,0,0,0,0,0,0,0,0,0,0,0,0,0,0,0,0,0,0,0
158,cn4493,local_volume_mesh,compute,6.391184271,1,0,0,0,0,0,0,2538,0,0,0,0,0,7692,284069,0,0,0,0
158,cn4493,volume_refine,compute,0.211110504,1,0,0,0,0,0,0,6119,0,0,0,0,0,0,0,0,0,0,0
158,cn4493,refined_volume_save,io,0,0,0,0,0,0,0,0,0,0,0,0,0,0,0,0,0,0,0,0
158,cn4493,adjacency_build,compute,0.005115406,1,0,0,0,0,0,0,13,0,0,0,0,0,0,0,0,0,0,0
158,cn4493,vertex_numbering_local,compute,0.00786857,1,0,0,0,0,0,0,37,0,0,0,0,0,0,0,0,0,0,0
158,cn4493,vertex_count_allgather,communication,2.063421347,1,0,0,0,0,0,0,51,0,0,0,0,0,0,2,1,1,4,1024
158,cn4493,element_count_allgather,communication,0.00793567,1,0,0,0,0,0,0,2,0,0,0,0,0,0,0,1,1,4,1024
158,cn4493,vertex_exchange_prepare,compute,2.41600000024e-05,1,0,0,0,0,0,0,0,0,0,0,0,0,0,0,0,0,0,0
158,cn4493,vertex_exchange,communication,0.020322681,1,0,0,0,0,0,0,561,0,0,0,0,0,0,0,3,6,54076,113850
158,cn4493,vertex_exchange_unpack,compute,0.001648514,1,0,0,0,0,0,0,0,0,0,0,0,0,0,0,0,0,0,0
158,cn4493,partition_result_io,io,0,0,0,0,0,0,0,0,0,0,0,0,0,0,0,0,0,0,0,0
158,cn4493,volume_exchange_pack,compute,0.078698422,2,0,0,0,0,0,0,3,0,0,0,0,0,0,1,0,0,0,0
158,cn4493,volume_size_exchange,communication,0.003189929,1,0,0,0,0,0,0,2,0,0,0,0,0,0,0,6,6,24,24
158,cn4493,volume_payload_prepare,compute,0.000131100999994,1,0,0,0,0,0,0,0,0,0,0,0,0,0,0,0,0,0,0
158,cn4493,volume_payload_exchange,communication,0.012137468,1,0,0,0,0,0,0,23,0,0,0,0,0,0,0,6,6,1789800,1797840
158,cn4493,volume_exchange_unpack,compute,0.056224921,1,0,0,0,0,0,0,343,0,0,0,0,0,0,0,0,0,0,0
158,cn4493,final_mesh_save,io,0,0,0,0,0,0,0,0,0,0,0,0,0,0,0,0,0,0,0,0
158,cn4493,testout_io,io,0,0,0,0,0,0,0,0,0,0,0,0,0,0,0,0,0,0,0,0
158,cn4493,final_count_exchange,communication,0,0,0,0,0,0,0,0,0,0,0,0,0,0,0,0,0,0,0,0
158,cn4493,quality_evaluation,postprocess,0,0,0,0,0,0,0,0,0,0,0,0,0,0,0,0,0,0,0,0
159,cn4494,geometry_load,io,1.731012863,1,0,0,0,0,0,0,6344,0,1035092,0,0,0,2,1,0,0,0,0
159,cn4494,coarse_local_size,setup,0.450620552,1,0,0,0,0,0,0,7649,0,0,0,0,0,85,21,0,0,0,0
159,cn4494,coarse_edge_mesh,setup,0.012612735,1,0,0,0,0,0,0,577,0,0,0,0,0,0,0,0,0,0,0
159,cn4494,coarse_surface_mesh,setup,8.092316563,1,0,0,0,0,0,0,8089,0,0,0,0,0,0,9,0,0,0,0
159,cn4494,coarse_volume_mesh,setup,13.322849737,1,0,0,0,0,0,0,24836,0,0,0,0,0,35795,1673729,0,0,0,0
159,cn4494,coarse_mesh_save,io,0,0,0,0,0,0,0,0,0,0,0,0,0,0,0,0,0,0,0,0
159,cn4494,submesh_initialization,setup,0.000154002000002,1,0,0,0,0,0,0,28,0,0,0,0,0,0,0,0,0,0,0
159,cn4494,metis_partition,compute,0.375203124,1,0,0,0,0,0,0,1020,0,0,0,0,0,0,1,0,0,0,0
159,cn4494,face_map_setup,compute,0.007520061,1,0,0,0,0,0,0,673,0,0,0,0,0,0,0,0,0,0,0
159,cn4494,face_local_extract,compute,0.158843044,1,0,0,0,0,0,0,621,0,0,0,0,0,0,0,0,0,0,0
159,cn4494,face_pre_collective_wait,synchronization,0.071455006,1,0,0,0,0,0,0,1,0,0,0,0,0,0,0,0,0,0,0
159,cn4494,face_collective_setup,compute,0.000117880999994,1,0,0,0,0,0,0,16,0,0,0,0,0,0,0,0,0,0,0
159,cn4494,face_allgatherv,communication,0.117753843,1,0,0,0,0,0,0,732,0,0,0,0,0,0,0,1,1,18952,4859624
159,cn4494,face_global_merge,compute,0.077848535,1,0,0,0,0,0,0,446,0,0,0,0,0,0,0,0,0,0,0
159,cn4494,part_face_create,compute,0.019243486,1,0,0,0,0,0,0,3,0,0,0,0,0,0,0,0,0,0,0
159,cn4494,surface_refine,compute,0.00565513999999,1,0,0,0,0,0,0,38,0,0,0,0,0,0,0,0,0,0,0
159,cn4494,refined_surface_save,io,0,0,0,0,0,0,0,0,0,0,0,0,0,0,0,0,0,0,0,0
159,cn4494,local_volume_mesh,compute,6.365628066,1,0,0,0,0,0,0,629,0,0,0,0,0,18847,545245,0,0,0,0
159,cn4494,volume_refine,compute,0.189097307,1,0,0,0,0,0,0,3596,0,0,0,0,0,0,0,0,0,0,0
159,cn4494,refined_volume_save,io,0,0,0,0,0,0,0,0,0,0,0,0,0,0,0,0,0,0,0,0
159,cn4494,adjacency_build,compute,0.004825412,1,0,0,0,0,0,0,0,0,0,0,0,0,0,0,0,0,0,0
159,cn4494,vertex_numbering_local,compute,0.006068885,1,0,0,0,0,0,0,1,0,0,0,0,0,0,0,0,0,0,0
159,cn4494,vertex_count_allgather,communication,2.115714589,1,0,0,0,0,0,0,101,0,0,0,0,0,0,2,1,1,4,1024
159,cn4494,element_count_allgather,communication,0.007902125,1,0,0,0,0,0,0,1,0,0,0,0,0,0,0,1,1,4,1024
159,cn4494,vertex_exchange_prepare,compute,6.99599999976e-05,1,0,0,0,0,0,0,40,0,0,0,0,0,0,0,0,0,0,0
159,cn4494,vertex_exchange,communication,0.020447339,1,0,0,0,0,0,0,315,0,0,0,0,0,0,0,0,6,0,129734
159,cn4494,vertex_exchange_unpack,compute,0.002618568,1,0,0,0,0,0,0,840,0,0,0,0,0,0,0,0,0,0,0
159,cn4494,partition_result_io,io,0,0,0,0,0,0,0,0,0,0,0,0,0,0,0,0,0,0,0,0
159,cn4494,volume_exchange_pack,compute,0.070305954,2,0,0,0,0,0,0,619,0,0,0,0,0,0,0,0,0,0,0
159,cn4494,volume_size_exchange,communication,0.007219858,1,0,0,0,0,0,0,4,0,0,0,0,0,0,0,5,5,20,20
159,cn4494,volume_payload_prepare,compute,0.000289303000002,1,0,0,0,0,0,0,158,0,0,0,0,0,0,0,0,0,0,0
159,cn4494,volume_payload_exchange,communication,0.015139043,1,0,0,0,0,0,0,87,0,0,0,0,0,0,0,5,5,1395480,1397040
159,cn4494,volume_exchange_unpack,compute,0.049218388,1,0,0,0,0,0,0,823,0,0,0,0,0,0,0,0,0,0,0
159,cn4494,final_mesh_save,io,0,0,0,0,0,0,0,0,0,0,0,0,0,0,0,0,0,0,0,0
159,cn4494,testout_io,io,0,0,0,0,0,0,0,0,0,0,0,0,0,0,0,0,0,0,0,0
159,cn4494,final_count_exchange,communication,0,0,0,0,0,0,0,0,0,0,0,0,0,0,0,0,0,0,0,0
159,cn4494,quality_evaluation,postprocess,0,0,0,0,0,0,0,0,0,0,0,0,0,0,0,0,0,0,0,0
160,cn4495,geometry_load,io,1.72682491,1,0,0,0,0,0,0,6479,0,1035092,0,0,0,2,4,0,0,0,0
160,cn4495,coarse_local_size,setup,0.445619549,1,0,0,0,0,0,0,7362,0,0,0,0,0,105,20,0,0,0,0
160,cn4495,coarse_edge_mesh,setup,0.012595442,1,0,0,0,0,0,0,549,0,0,0,0,0,0,0,0,0,0,0
160,cn4495,coarse_surface_mesh,setup,8.185039144,1,0,0,0,0,0,0,11040,0,0,0,0,0,0,11,0,0,0,0
160,cn4495,coarse_volume_mesh,setup,13.352991589,1,0,0,0,0,0,0,32163,0,0,0,0,0,38068,1570140,0,0,0,0
160,cn4495,coarse_mesh_save,io,0,0,0,0,0,0,0,0,0,0,0,0,0,0,0,0,0,0,0,0
160,cn4495,submesh_initialization,setup,0.000133140999999,1,0,0,0,0,0,0,6,0,0,0,0,0,0,0,0,0,0,0
160,cn4495,metis_partition,compute,0.375339453,1,0,0,0,0,0,0,1024,0,0,0,0,0,0,0,0,0,0,0
160,cn4495,face_map_setup,compute,0.00731483,1,0,0,0,0,0,0,218,0,0,0,0,0,0,0,0,0,0,0
160,cn4495,face_local_extract,compute,0.156473826,1,0,0,0,0,0,0,732,0,0,0,0,0,0,0,0,0,0,0
160,cn4495,face_pre_collective_wait,synchronization,0.073873211,1,0,0,0,0,0,0,1,0,0,0,0,0,0,0,0,0,0,0
160,cn4495,face_collective_setup,compute,0.000115020999999,1,0,0,0,0,0,0,15,0,0,0,0,0,0,0,0,0,0,0
160,cn4495,face_allgatherv,communication,0.117731734,1,0,0,0,0,0,0,825,0,0,0,0,0,0,0,1,1,18952,4859624
160,cn4495,face_global_merge,compute,0.07899996,1,0,0,0,0,0,0,383,0,0,0,0,0,0,1,0,0,0,0
160,cn4495,part_face_create,compute,0.019384646,1,0,0,0,0,0,0,4,0,0,0,0,0,0,0,0,0,0,0
160,cn4495,surface_refine,compute,0.006039138,1,0,0,0,0,0,0,4,0,0,0,0,0,0,0,0,0,0,0
160,cn4495,refined_surface_save,io,0,0,0,0,0,0,0,0,0,0,0,0,0,0,0,0,0,0,0,0
160,cn4495,local_volume_mesh,compute,6.277626385,1,0,0,0,0,0,0,1930,0,0,0,0,0,7770,250840,0,0,0,0
160,cn4495,volume_refine,compute,0.189889628,1,0,0,0,0,0,0,6250,0,0,0,0,0,0,0,0,0,0,0
160,cn4495,refined_volume_save,io,0,0,0,0,0,0,0,0,0,0,0,0,0,0,0,0,0,0,0,0
160,cn4495,adjacency_build,compute,0.00491378700001,1,0,0,0,0,0,0,14,0,0,0,0,0,0,0,0,0,0,0
160,cn4495,vertex_numbering_local,compute,0.008162219,1,0,0,0,0,0,0,2,0,0,0,0,0,0,0,0,0,0,0
160,cn4495,vertex_count_allgather,communication,2.199066767,1,0,0,0,0,0,0,55,0,0,0,0,0,0,2,1,1,4,1024
160,cn4495,element_count_allgather,communication,0.00787615599999,1,0,0,0,0,0,0,0,0,0,0,0,0,0,0,1,1,4,1024
160,cn4495,vertex_exchange_prepare,compute,1.87799999978e-05,1,0,0,0,0,0,0,0,0,0,0,0,0,0,0,0,0,0,0
160,cn4495,vertex_exchange,communication,0.011931495,1,0,0,0,0,0,0,264,0,0,0,0,0,0,0,10,9,188276,5918
160,cn4495,vertex_exchange_unpack,compute,0.000145900999996,1,0,0,0,0,0,0,0,0,0,0,0,0,0,0,0,0,0,0
160,cn4495,partition_result_io,io,0,0,0,0,0,0,0,0,0,0,0,0,0,0,0,0,0,0,0,0
160,cn4495,volume_exchange_pack,compute,0.077794109,2,0,0,0,0,0,0,3,0,0,0,0,0,0,0,0,0,0,0
160,cn4495,volume_size_exchange,communication,0.025792428,1,0,0,0,0,0,0,3,0,0,0,0,0,0,0,9,9,36,36
160,cn4495,volume_payload_prepare,compute,0.000155380999999,1,0,0,0,0,0,0,0,0,0,0,0,0,0,0,0,0,0,0
160,cn4495,volume_payload_exchange,communication,0.002470983,1,0,0,0,0,0,0,24,0,0,0,0,0,0,0,9,9,2082000,2088480
160,cn4495,volume_exchange_unpack,compute,0.062612702,1,0,0,0,0,0,0,270,0,0,0,0,0,0,0,0,0,0,0
160,cn4495,final_mesh_save,io,0,0,0,0,0,0,0,0,0,0,0,0,0,0,0,0,0,0,0,0
160,cn4495,testout_io,io,0,0,0,0,0,0,0,0,0,0,0,0,0,0,0,0,0,0,0,0
160,cn4495,final_count_exchange,communication,0,0,0,0,0,0,0,0,0,0,0,0,0,0,0,0,0,0,0,0
160,cn4495,quality_evaluation,postprocess,0,0,0,0,0,0,0,0,0,0,0,0,0,0,0,0,0,0,0,0
161,cn4496,geometry_load,io,1.734425024,1,0,0,0,0,0,0,6345,0,1035092,0,0,0,2,15,0,0,0,0
161,cn4496,coarse_local_size,setup,0.465459273,1,0,0,0,0,0,0,7585,0,0,0,0,0,123,23,0,0,0,0
161,cn4496,coarse_edge_mesh,setup,0.012588933,1,0,0,0,0,0,0,522,0,0,0,0,0,0,0,0,0,0,0
161,cn4496,coarse_surface_mesh,setup,8.206606588,1,0,0,0,0,0,0,10666,0,0,0,0,0,0,70,0,0,0,0
161,cn4496,coarse_volume_mesh,setup,13.374487192,1,0,0,0,0,0,0,27510,0,0,0,0,0,39505,1704848,0,0,0,0
161,cn4496,coarse_mesh_save,io,0,0,0,0,0,0,0,0,0,0,0,0,0,0,0,0,0,0,0,0
161,cn4496,submesh_initialization,setup,0.000154001999995,1,0,0,0,0,0,0,37,0,0,0,0,0,0,0,0,0,0,0
161,cn4496,metis_partition,compute,0.382831409,1,0,0,0,0,0,0,1664,0,0,0,0,0,0,3,0,0,0,0
161,cn4496,face_map_setup,compute,0.007657513,1,0,0,0,0,0,0,565,0,0,0,0,0,0,0,0,0,0,0
161,cn4496,face_local_extract,compute,0.160438148,1,0,0,0,0,0,0,759,0,0,0,0,0,0,1,0,0,0,0
161,cn4496,face_pre_collective_wait,synchronization,0.062071473,1,0,0,0,0,0,0,1,0,0,0,0,0,0,1,0,0,0,0
161,cn4496,face_collective_setup,compute,0.000118041,1,0,0,0,0,0,0,16,0,0,0,0,0,0,0,0,0,0,0
161,cn4496,face_allgatherv,communication,0.11770821,1,0,0,0,0,0,0,644,0,0,0,0,0,0,1,1,1,18952,4859624
161,cn4496,face_global_merge,compute,0.080225114,1,0,0,0,0,0,0,727,0,0,0,0,0,0,1,0,0,0,0
161,cn4496,part_face_create,compute,0.019808761,1,0,0,0,0,0,0,5,0,0,0,0,0,0,0,0,0,0,0
161,cn4496,surface_refine,compute,0.006094254,1,0,0,0,0,0,0,42,0,0,0,0,0,0,1,0,0,0,0
161,cn4496,refined_surface_save,io,0,0,0,0,0,0,0,0,0,0,0,0,0,0,0,0,0,0,0,0
161,cn4496,local_volume_mesh,compute,6.406328464,1,0,0,0,0,0,0,2105,0,0,0,0,0,10322,417620,0,0,0,0
161,cn4496,volume_refine,compute,0.201070362,1,0,0,0,0,0,0,5542,0,0,0,0,0,0,1,0,0,0,0
161,cn4496,refined_volume_save,io,0,0,0,0,0,0,0,0,0,0,0,0,0,0,0,0,0,0,0,0
161,cn4496,adjacency_build,compute,0.004994901,1,0,0,0,0,0,0,7,0,0,0,0,0,0,0,0,0,0,0
161,cn4496,vertex_numbering_local,compute,0.006173135,1,0,0,0,0,0,0,4,0,0,0,0,0,0,0,0,0,0,0
161,cn4496,vertex_count_allgather,communication,2.059373931,1,0,0,0,0,0,0,55,0,0,0,0,0,0,18,1,1,4,1024
161,cn4496,element_count_allgather,communication,0.007700913,1,0,0,0,0,0,0,0,0,0,0,0,0,0,0,1,1,4,1024
161,cn4496,vertex_exchange_prepare,compute,1.42399999987e-05,1,0,0,0,0,0,0,0,0,0,0,0,0,0,0,0,0,0,0
161,cn4496,vertex_exchange,communication,0.012006926,1,0,0,0,0,0,0,48,0,0,0,0,0,0,0,5,3,83358,50490
161,cn4496,vertex_exchange_unpack,compute,0.000745429000006,1,0,0,0,0,0,0,0,0,0,0,0,0,0,0,0,0,0,0
161,cn4496,partition_result_io,io,0,0,0,0,0,0,0,0,0,0,0,0,0,0,0,0,0,0,0,0
161,cn4496,volume_exchange_pack,compute,0.070238913,2,0,0,0,0,0,0,1,0,0,0,0,0,0,1,0,0,0,0
161,cn4496,volume_size_exchange,communication,0.032617296,1,0,0,0,0,0,0,0,0,0,0,0,0,0,0,5,5,20,20
161,cn4496,volume_payload_prepare,compute,0.000103680999999,1,0,0,0,0,0,0,0,0,0,0,0,0,0,0,0,0,0,0
161,cn4496,volume_payload_exchange,communication,0.00252779100001,1,0,0,0,0,0,0,14,0,0,0,0,0,0,0,5,5,1436880,1429680
161,cn4496,volume_exchange_unpack,compute,0.050969899,1,0,0,0,0,0,0,0,0,0,0,0,0,0,1,0,0,0,0
161,cn4496,final_mesh_save,io,0,0,0,0,0,0,0,0,0,0,0,0,0,0,0,0,0,0,0,0
161,cn4496,testout_io,io,0,0,0,0,0,0,0,0,0,0,0,0,0,0,0,0,0,0,0,0
161,cn4496,final_count_exchange,communication,0,0,0,0,0,0,0,0,0,0,0,0,0,0,0,0,0,0,0,0
161,cn4496,quality_evaluation,postprocess,0,0,0,0,0,0,0,0,0,0,0,0,0,0,0,0,0,0,0,0
162,cn4497,geometry_load,io,1.734325516,1,0,0,0,0,0,0,6340,0,1035092,0,0,0,2,2,0,0,0,0
162,cn4497,coarse_local_size,setup,0.442819634,1,0,0,0,0,0,0,7169,0,0,0,0,0,96,20,0,0,0,0
162,cn4497,coarse_edge_mesh,setup,0.012584238,1,0,0,0,0,0,0,567,0,0,0,0,0,0,0,0,0,0,0
162,cn4497,coarse_surface_mesh,setup,8.19724779,1,0,0,0,0,0,0,10831,0,0,0,0,0,0,12,0,0,0,0
162,cn4497,coarse_volume_mesh,setup,13.279360167,1,0,0,0,0,0,0,27480,0,0,0,0,0,37166,1522903,0,0,0,0
162,cn4497,coarse_mesh_save,io,0,0,0,0,0,0,0,0,0,0,0,0,0,0,0,0,0,0,0,0
162,cn4497,submesh_initialization,setup,0.000119740999999,1,0,0,0,0,0,0,1,0,0,0,0,0,0,0,0,0,0,0
162,cn4497,metis_partition,compute,0.378733734,1,0,0,0,0,0,0,721,0,0,0,0,0,0,0,0,0,0,0
162,cn4497,face_map_setup,compute,0.007279411,1,0,0,0,0,0,0,226,0,0,0,0,0,0,0,0,0,0,0
162,cn4497,face_local_extract,compute,0.160134082,1,0,0,0,0,0,0,624,0,0,0,0,0,0,0,0,0,0,0
162,cn4497,face_pre_collective_wait,synchronization,0.066820335,1,0,0,0,0,0,0,1,0,0,0,0,0,0,0,0,0,0,0
162,cn4497,face_collective_setup,compute,0.000117601999996,1,0,0,0,0,0,0,16,0,0,0,0,0,0,0,0,0,0,0
162,cn4497,face_allgatherv,communication,0.117699151,1,0,0,0,0,0,0,749,0,0,0,0,0,0,0,1,1,18952,4859624
162,cn4497,face_global_merge,compute,0.07757719,1,0,0,0,0,0,0,48,0,0,0,0,0,0,0,0,0,0,0
162,cn4497,part_face_create,compute,0.019484463,1,0,0,0,0,0,0,4,0,0,0,0,0,0,0,0,0,0,0
162,cn4497,surface_refine,compute,0.006834585,1,0,0,0,0,0,0,40,0,0,0,0,0,0,0,0,0,0,0
162,cn4497,refined_surface_save,io,0,0,0,0,0,0,0,0,0,0,0,0,0,0,0,0,0,0,0,0
162,cn4497,local_volume_mesh,compute,7.911120354,1,0,0,0,0,0,0,2897,0,0,0,0,0,14388,458608,0,0,0,0
162,cn4497,volume_refine,compute,0.256614768,1,0,0,0,0,0,0,5266,0,0,0,0,0,0,1,0,0,0,0
162,cn4497,refined_volume_save,io,0,0,0,0,0,0,0,0,0,0,0,0,0,0,0,0,0,0,0,0
162,cn4497,adjacency_build,compute,0.004564577,1,0,0,0,0,0,0,7,0,0,0,0,0,0,0,0,0,0,0
162,cn4497,vertex_numbering_local,compute,0.004854821,1,0,0,0,0,0,0,2,0,0,0,0,0,0,0,0,0,0,0
162,cn4497,vertex_count_allgather,communication,0.503029287,1,0,0,0,0,0,0,51,0,0,0,0,0,0,0,1,1,4,1024
162,cn4497,element_count_allgather,communication,0.007830378,1,0,0,0,0,0,0,0,0,0,0,0,0,0,0,1,1,4,1024
162,cn4497,vertex_exchange_prepare,compute,8.62000000268e-06,1,0,0,0,0,0,0,0,0,0,0,0,0,0,0,0,0,0,0
162,cn4497,vertex_exchange,communication,0.010950277,1,0,0,0,0,0,0,38,0,0,0,0,0,0,0,3,1,53570,704
162,cn4497,vertex_exchange_unpack,compute,2.98810000032e-05,1,0,0,0,0,0,0,0,0,0,0,0,0,0,0,0,0,0,0
162,cn4497,partition_result_io,io,0,0,0,0,0,0,0,0,0,0,0,0,0,0,0,0,0,0,0,0
162,cn4497,volume_exchange_pack,compute,0.067860508,2,0,0,0,0,0,0,1,0,0,0,0,0,0,0,0,0,0,0
162,cn4497,volume_size_exchange,communication,0.036551416,1,0,0,0,0,0,0,1,0,0,0,0,0,0,0,3,3,12,12
162,cn4497,volume_payload_prepare,compute,4.57800000007e-05,1,0,0,0,0,0,0,0,0,0,0,0,0,0,0,0,0,0,0
162,cn4497,volume_payload_exchange,communication,0.002318309,1,0,0,0,0,0,0,31,0,0,0,0,0,0,0,3,3,556440,553920
162,cn4497,volume_exchange_unpack,compute,0.048168102,1,0,0,0,0,0,0,0,0,0,0,0,0,0,0,0,0,0,0
162,cn4497,final_mesh_save,io,0,0,0,0,0,0,0,0,0,0,0,0,0,0,0,0,0,0,0,0
162,cn4497,testout_io,io,0,0,0,0,0,0,0,0,0,0,0,0,0,0,0,0,0,0,0,0
162,cn4497,final_count_exchange,communication,0,0,0,0,0,0,0,0,0,0,0,0,0,0,0,0,0,0,0,0
162,cn4497,quality_evaluation,postprocess,0,0,0,0,0,0,0,0,0,0,0,0,0,0,0,0,0,0,0,0
163,cn4498,geometry_load,io,1.752634066,1,0,0,0,0,0,0,6471,0,1035092,0,0,0,2,16,0,0,0,0
163,cn4498,coarse_local_size,setup,0.450862911,1,0,0,0,0,0,0,7571,0,0,0,0,0,91,23,0,0,0,0
163,cn4498,coarse_edge_mesh,setup,0.012530207,1,0,0,0,0,0,0,567,0,0,0,0,0,0,0,0,0,0,0
163,cn4498,coarse_surface_mesh,setup,8.148883339,1,0,0,0,0,0,0,10844,0,0,0,0,0,0,70,0,0,0,0
163,cn4498,coarse_volume_mesh,setup,13.316454795,1,0,0,0,0,0,0,31000,0,0,0,0,0,36546,1571127,0,0,0,0
163,cn4498,coarse_mesh_save,io,0,0,0,0,0,0,0,0,0,0,0,0,0,0,0,0,0,0,0,0
163,cn4498,submesh_initialization,setup,0.000133341999998,1,0,0,0,0,0,0,2,0,0,0,0,0,0,0,0,0,0,0
163,cn4498,metis_partition,compute,0.379070328,1,0,0,0,0,0,0,459,0,0,0,0,0,0,3,0,0,0,0
163,cn4498,face_map_setup,compute,0.007115143,1,0,0,0,0,0,0,227,0,0,0,0,0,0,0,0,0,0,0
163,cn4498,face_local_extract,compute,0.159663454,1,0,0,0,0,0,0,663,0,0,0,0,0,0,1,0,0,0,0
163,cn4498,face_pre_collective_wait,synchronization,0.067157448,1,0,0,0,0,0,0,1,0,0,0,0,0,0,1,0,0,0,0
163,cn4498,face_collective_setup,compute,0.000115321000003,1,0,0,0,0,0,0,16,0,0,0,0,0,0,0,0,0,0,0
163,cn4498,face_allgatherv,communication,0.11760728,1,0,0,0,0,0,0,1160,0,0,0,0,0,0,2,1,1,18952,4859624
163,cn4498,face_global_merge,compute,0.079339331,1,0,0,0,0,0,0,492,0,0,0,0,0,0,0,0,0,0,0
163,cn4498,part_face_create,compute,0.019637571,1,0,0,0,0,0,0,4,0,0,0,0,0,0,0,0,0,0,0
163,cn4498,surface_refine,compute,0.006683119,1,0,0,0,0,0,0,38,0,0,0,0,0,0,1,0,0,0,0
163,cn4498,refined_surface_save,io,0,0,0,0,0,0,0,0,0,0,0,0,0,0,0,0,0,0,0,0
163,cn4498,local_volume_mesh,compute,6.584658944,1,0,0,0,0,0,0,2353,0,0,0,0,0,8100,358079,0,0,0,0
163,cn4498,volume_refine,compute,0.23088107,1,0,0,0,0,0,0,5879,0,0,0,0,0,0,2,0,0,0,0
163,cn4498,refined_volume_save,io,0,0,0,0,0,0,0,0,0,0,0,0,0,0,0,0,0,0,0,0
163,cn4498,adjacency_build,compute,0.005193181,1,0,0,0,0,0,0,12,0,0,0,0,0,0,0,0,0,0,0
163,cn4498,vertex_numbering_local,compute,0.008451859,1,0,0,0,0,0,0,7,0,0,0,0,0,0,0,0,0,0,0
163,cn4498,vertex_count_allgather,communication,1.84932054,1,0,0,0,0,0,0,54,0,0,0,0,0,0,16,1,1,4,1024
163,cn4498,element_count_allgather,communication,0.00765653000001,1,0,0,0,0,0,0,0,0,0,0,0,0,0,0,1,1,4,1024
163,cn4498,vertex_exchange_prepare,compute,2.57200000036e-05,1,0,0,0,0,0,0,0,0,0,0,0,0,0,0,0,0,0,0
163,cn4498,vertex_exchange,communication,0.01961789,1,0,0,0,0,0,0,40,0,0,0,0,0,0,1,10,7,89452,97966
163,cn4498,vertex_exchange_unpack,compute,0.00144321699999,1,0,0,0,0,0,0,0,0,0,0,0,0,0,0,0,0,0,0
163,cn4498,partition_result_io,io,0,0,0,0,0,0,0,0,0,0,0,0,0,0,0,0,0,0,0,0
163,cn4498,volume_exchange_pack,compute,0.094394187,2,0,0,0,0,0,0,4,0,0,0,0,0,0,0,0,0,0,0
163,cn4498,volume_size_exchange,communication,4.80599999975e-05,1,0,0,0,0,0,0,0,0,0,0,0,0,0,0,10,10,40,40
163,cn4498,volume_payload_prepare,compute,0.000145441000001,1,0,0,0,0,0,0,0,0,0,0,0,0,0,0,0,0,0,0
163,cn4498,volume_payload_exchange,communication,0.002329028,1,0,0,0,0,0,0,36,0,0,0,0,0,0,0,10,10,1949280,1954560
163,cn4498,volume_exchange_unpack,compute,0.065199745,1,0,0,0,0,0,0,1019,0,0,0,0,0,0,2,0,0,0,0
163,cn4498,final_mesh_save,io,0,0,0,0,0,0,0,0,0,0,0,0,0,0,0,0,0,0,0,0
163,cn4498,testout_io,io,0,0,0,0,0,0,0,0,0,0,0,0,0,0,0,0,0,0,0,0
163,cn4498,final_count_exchange,communication,0,0,0,0,0,0,0,0,0,0,0,0,0,0,0,0,0,0,0,0
163,cn4498,quality_evaluation,postprocess,0,0,0,0,0,0,0,0,0,0,0,0,0,0,0,0,0,0,0,0
164,cn4499,geometry_load,io,1.732657591,1,0,0,0,0,0,0,6485,0,1035092,0,0,0,2,2,0,0,0,0
164,cn4499,coarse_local_size,setup,0.44386169,1,0,0,0,0,0,0,7413,0,0,0,0,0,83,20,0,0,0,0
164,cn4499,coarse_edge_mesh,setup,0.012646057,1,0,0,0,0,0,0,523,0,0,0,0,0,0,0,0,0,0,0
164,cn4499,coarse_surface_mesh,setup,8.076126192,1,0,0,0,0,0,0,7893,0,0,0,0,0,1,7,0,0,0,0
164,cn4499,coarse_volume_mesh,setup,13.211175487,1,0,0,0,0,0,0,23483,0,0,0,0,0,37572,1573467,0,0,0,0
164,cn4499,coarse_mesh_save,io,0,0,0,0,0,0,0,0,0,0,0,0,0,0,0,0,0,0,0,0
164,cn4499,submesh_initialization,setup,0.000119582000004,1,0,0,0,0,0,0,1,0,0,0,0,0,0,0,0,0,0,0
164,cn4499,metis_partition,compute,0.366137249,1,0,0,0,0,0,0,60,0,0,0,0,0,0,0,0,0,0,0
164,cn4499,face_map_setup,compute,0.006866245,1,0,0,0,0,0,0,3,0,0,0,0,0,0,0,0,0,0,0
164,cn4499,face_local_extract,compute,0.154760814,1,0,0,0,0,0,0,24,0,0,0,0,0,0,0,0,0,0,0
164,cn4499,face_pre_collective_wait,synchronization,0.085247135,1,0,0,0,0,0,0,1,0,0,0,0,0,0,0,0,0,0,0
164,cn4499,face_collective_setup,compute,0.000120241000005,1,0,0,0,0,0,0,16,0,0,0,0,0,0,0,0,0,0,0
164,cn4499,face_allgatherv,communication,0.117607835,1,0,0,0,0,0,0,47,0,0,0,0,0,0,0,1,1,18952,4859624
164,cn4499,face_global_merge,compute,0.073861854,1,0,0,0,0,0,0,0,0,0,0,0,0,0,0,0,0,0,0
164,cn4499,part_face_create,compute,0.018469109,1,0,0,0,0,0,0,3,0,0,0,0,0,0,1,0,0,0,0
164,cn4499,surface_refine,compute,0.00568247,1,0,0,0,0,0,0,1,0,0,0,0,0,0,0,0,0,0,0
164,cn4499,refined_surface_save,io,0,0,0,0,0,0,0,0,0,0,0,0,0,0,0,0,0,0,0,0
164,cn4499,local_volume_mesh,compute,6.377715424,1,0,0,0,0,0,0,625,0,0,0,0,0,9462,334748,0,0,0,0
164,cn4499,volume_refine,compute,0.187223735,1,0,0,0,0,0,0,4876,0,0,0,0,0,0,0,0,0,0,0
164,cn4499,refined_volume_save,io,0,0,0,0,0,0,0,0,0,0,0,0,0,0,0,0,0,0,0,0
164,cn4499,adjacency_build,compute,0.004694798,1,0,0,0,0,0,0,0,0,0,0,0,0,0,0,0,0,0,0
164,cn4499,vertex_numbering_local,compute,0.00761059400001,1,0,0,0,0,0,0,3,0,0,0,0,0,0,0,0,0,0,0
164,cn4499,vertex_count_allgather,communication,2.109180928,1,0,0,0,0,0,0,34,0,0,0,0,0,0,2,1,1,4,1024
164,cn4499,element_count_allgather,communication,0.007875057,1,0,0,0,0,0,0,0,0,0,0,0,0,0,0,1,1,4,1024
164,cn4499,vertex_exchange_prepare,compute,1.64400000031e-05,1,0,0,0,0,0,0,0,0,0,0,0,0,0,0,0,0,0,0
164,cn4499,vertex_exchange,communication,0.011496282,1,0,0,0,0,0,0,293,0,0,0,0,0,0,0,10,5,125554,68420
164,cn4499,vertex_exchange_unpack,compute,0.000975333,1,0,0,0,0,0,0,0,0,0,0,0,0,0,0,0,0,0,0
164,cn4499,partition_result_io,io,0,0,0,0,0,0,0,0,0,0,0,0,0,0,0,0,0,0,0,0
164,cn4499,volume_exchange_pack,compute,0.077099674,2,0,0,0,0,0,0,1,0,0,0,0,0,0,0,0,0,0,0
164,cn4499,volume_size_exchange,communication,0.026052402,1,0,0,0,0,0,0,5,0,0,0,0,0,0,0,8,8,32,32
164,cn4499,volume_payload_prepare,compute,0.000149100999998,1,0,0,0,0,0,0,0,0,0,0,0,0,0,0,0,0,0,0
164,cn4499,volume_payload_exchange,communication,0.002370429,1,0,0,0,0,0,0,29,0,0,0,0,0,0,0,8,8,2047680,2053560
164,cn4499,volume_exchange_unpack,compute,0.062367312,1,0,0,0,0,0,0,319,0,0,0,0,0,0,0,0,0,0,0
164,cn4499,final_mesh_save,io,0,0,0,0,0,0,0,0,0,0,0,0,0,0,0,0,0,0,0,0
164,cn4499,testout_io,io,0,0,0,0,0,0,0,0,0,0,0,0,0,0,0,0,0,0,0,0
164,cn4499,final_count_exchange,communication,0,0,0,0,0,0,0,0,0,0,0,0,0,0,0,0,0,0,0,0
164,cn4499,quality_evaluation,postprocess,0,0,0,0,0,0,0,0,0,0,0,0,0,0,0,0,0,0,0,0
165,cn4500,geometry_load,io,1.742116921,1,0,0,0,0,0,0,6458,0,1035092,0,0,0,2,2,0,0,0,0
165,cn4500,coarse_local_size,setup,0.447255969,1,0,0,0,0,0,0,7249,0,0,0,0,0,97,20,0,0,0,0
165,cn4500,coarse_edge_mesh,setup,0.012590182,1,0,0,0,0,0,0,567,0,0,0,0,0,0,0,0,0,0,0
165,cn4500,coarse_surface_mesh,setup,8.155500265,1,0,0,0,0,0,0,10835,0,0,0,0,0,0,9,0,0,0,0
165,cn4500,coarse_volume_mesh,setup,13.226699938,1,0,0,0,0,0,0,31199,0,0,0,0,0,37356,1639979,0,0,0,0
165,cn4500,coarse_mesh_save,io,0,0,0,0,0,0,0,0,0,0,0,0,0,0,0,0,0,0,0,0
165,cn4500,submesh_initialization,setup,0.000138241000002,1,0,0,0,0,0,0,2,0,0,0,0,0,0,0,0,0,0,0
165,cn4500,metis_partition,compute,0.373082368,1,0,0,0,0,0,0,736,0,0,0,0,0,0,0,0,0,0,0
165,cn4500,face_map_setup,compute,0.007361452,1,0,0,0,0,0,0,230,0,0,0,0,0,0,0,0,0,0,0
165,cn4500,face_local_extract,compute,0.155827576,1,0,0,0,0,0,0,642,0,0,0,0,0,0,0,0,0,0,0
165,cn4500,face_pre_collective_wait,synchronization,0.076737006,1,0,0,0,0,0,0,1,0,0,0,0,0,0,0,0,0,0,0
165,cn4500,face_collective_setup,compute,0.000115660999995,1,0,0,0,0,0,0,16,0,0,0,0,0,0,0,0,0,0,0
165,cn4500,face_allgatherv,communication,0.117582744,1,0,0,0,0,0,0,1155,0,0,0,0,0,0,0,1,1,18952,4859624
165,cn4500,face_global_merge,compute,0.079658835,1,0,0,0,0,0,0,389,0,0,0,0,0,0,0,0,0,0,0
165,cn4500,part_face_create,compute,0.019630671,1,0,0,0,0,0,0,4,0,0,0,0,0,0,0,0,0,0,0
165,cn4500,surface_refine,compute,0.006038239,1,0,0,0,0,0,0,38,0,0,0,0,0,0,0,0,0,0,0
165,cn4500,refined_surface_save,io,0,0,0,0,0,0,0,0,0,0,0,0,0,0,0,0,0,0,0,0
165,cn4500,local_volume_mesh,compute,6.457787036,1,0,0,0,0,0,0,2106,0,0,0,0,0,7690,304331,0,0,0,0
165,cn4500,volume_refine,compute,0.205163135,1,0,0,0,0,0,0,5531,0,0,0,0,0,0,0,0,0,0,0
165,cn4500,refined_volume_save,io,0,0,0,0,0,0,0,0,0,0,0,0,0,0,0,0,0,0,0,0
165,cn4500,adjacency_build,compute,0.004941508,1,0,0,0,0,0,0,11,0,0,0,0,0,0,0,0,0,0,0
165,cn4500,vertex_numbering_local,compute,0.005616695,1,0,0,0,0,0,0,2,0,0,0,0,0,0,0,0,0,0,0
165,cn4500,vertex_count_allgather,communication,2.00533426,1,0,0,0,0,0,0,55,0,0,0,0,0,0,3,1,1,4,1024
165,cn4500,element_count_allgather,communication,0.007875637,1,0,0,0,0,0,0,0,0,0,0,0,0,0,0,1,1,4,1024
165,cn4500,vertex_exchange_prepare,compute,4.04800000027e-05,1,0,0,0,0,0,0,0,0,0,0,0,0,0,0,0,0,0,0
165,cn4500,vertex_exchange,communication,0.011490472,1,0,0,0,0,0,0,39,0,0,0,0,0,0,0,5,6,52712,47256
165,cn4500,vertex_exchange_unpack,compute,0.000708806999995,1,0,0,0,0,0,0,0,0,0,0,0,0,0,0,0,0,0,0
165,cn4500,partition_result_io,io,0,0,0,0,0,0,0,0,0,0,0,0,0,0,0,0,0,0,0,0
165,cn4500,volume_exchange_pack,compute,0.061434677,2,0,0,0,0,0,0,2,0,0,0,0,0,0,0,0,0,0,0
165,cn4500,volume_size_exchange,communication,0.027815811,1,0,0,0,0,0,0,0,0,0,0,0,0,0,0,6,6,24,24
165,cn4500,volume_payload_prepare,compute,7.95410000052e-05,1,0,0,0,0,0,0,0,0,0,0,0,0,0,0,0,0,0,0
165,cn4500,volume_payload_exchange,communication,0.015589251,1,0,0,0,0,0,0,34,0,0,0,0,0,0,0,6,6,1053360,1050120
165,cn4500,volume_exchange_unpack,compute,0.043378981,1,0,0,0,0,0,0,0,0,0,0,0,0,0,0,0,0,0,0
165,cn4500,final_mesh_save,io,0,0,0,0,0,0,0,0,0,0,0,0,0,0,0,0,0,0,0,0
165,cn4500,testout_io,io,0,0,0,0,0,0,0,0,0,0,0,0,0,0,0,0,0,0,0,0
165,cn4500,final_count_exchange,communication,0,0,0,0,0,0,0,0,0,0,0,0,0,0,0,0,0,0,0,0
165,cn4500,quality_evaluation,postprocess,0,0,0,0,0,0,0,0,0,0,0,0,0,0,0,0,0,0,0,0
166,cn4501,geometry_load,io,1.759358089,1,0,0,0,0,0,0,6551,0,1035092,0,0,0,2,2,0,0,0,0
166,cn4501,coarse_local_size,setup,0.452276975,1,0,0,0,0,0,0,7473,0,0,0,0,0,115,21,0,0,0,0
166,cn4501,coarse_edge_mesh,setup,0.012756767,1,0,0,0,0,0,0,550,0,0,0,0,0,0,1,0,0,0,0
166,cn4501,coarse_surface_mesh,setup,8.179462834,1,0,0,0,0,0,0,10905,0,0,0,0,0,0,9,0,0,0,0
166,cn4501,coarse_volume_mesh,setup,13.413957921,1,0,0,0,0,0,0,31725,0,0,0,0,0,38132,1775981,0,0,0,0
166,cn4501,coarse_mesh_save,io,0,0,0,0,0,0,0,0,0,0,0,0,0,0,0,0,0,0,0,0
166,cn4501,submesh_initialization,setup,0.000121881999995,1,0,0,0,0,0,0,2,0,0,0,0,0,0,0,0,0,0,0
166,cn4501,metis_partition,compute,0.373834134,1,0,0,0,0,0,0,704,0,0,0,0,0,0,1,0,0,0,0
166,cn4501,face_map_setup,compute,0.007375924,1,0,0,0,0,0,0,223,0,0,0,0,0,0,0,0,0,0,0
166,cn4501,face_local_extract,compute,0.162655348,1,0,0,0,0,0,0,715,0,0,0,0,0,0,0,0,0,0,0
166,cn4501,face_pre_collective_wait,synchronization,0.069135034,1,0,0,0,0,0,0,1,0,0,0,0,0,0,0,0,0,0,0
166,cn4501,face_collective_setup,compute,0.000118100999998,1,0,0,0,0,0,0,16,0,0,0,0,0,0,0,0,0,0,0
166,cn4501,face_allgatherv,communication,0.117570011,1,0,0,0,0,0,0,771,0,0,0,0,0,0,0,1,1,18952,4859624
166,cn4501,face_global_merge,compute,0.078503222,1,0,0,0,0,0,0,278,0,0,0,0,0,0,0,0,0,0,0
166,cn4501,part_face_create,compute,0.019563105,1,0,0,0,0,0,0,4,0,0,0,0,0,0,0,0,0,0,0
166,cn4501,surface_refine,compute,0.006740498,1,0,0,0,0,0,0,42,0,0,0,0,0,0,0,0,0,0,0
166,cn4501,refined_surface_save,io,0,0,0,0,0,0,0,0,0,0,0,0,0,0,0,0,0,0,0,0
166,cn4501,local_volume_mesh,compute,7.002005829,1,0,0,0,0,0,0,2352,0,0,0,0,0,12411,396403,0,0,0,0
166,cn4501,volume_refine,compute,0.255901659,1,0,0,0,0,0,0,6161,0,0,0,0,0,0,1,0,0,0,0
166,cn4501,refined_volume_save,io,0,0,0,0,0,0,0,0,0,0,0,0,0,0,0,0,0,0,0,0
166,cn4501,adjacency_build,compute,0.005062398,1,0,0,0,0,0,0,9,0,0,0,0,0,0,0,0,0,0,0
166,cn4501,vertex_numbering_local,compute,0.007064462,1,0,0,0,0,0,0,6,0,0,0,0,0,0,0,0,0,0,0
166,cn4501,vertex_count_allgather,communication,1.409370569,1,0,0,0,0,0,0,59,0,0,0,0,0,0,1,1,1,4,1024
166,cn4501,element_count_allgather,communication,0.00783445,1,0,0,0,0,0,0,1,0,0,0,0,0,0,0,1,1,4,1024
166,cn4501,vertex_exchange_prepare,compute,1.9359999996e-05,1,0,0,0,0,0,0,0,0,0,0,0,0,0,0,0,0,0,0
166,cn4501,vertex_exchange,communication,0.011311129,1,0,0,0,0,0,0,242,0,0,0,0,0,0,0,8,6,67188,49170
166,cn4501,vertex_exchange_unpack,compute,0.000724327999997,1,0,0,0,0,0,0,0,0,0,0,0,0,0,0,0,0,0,0
166,cn4501,partition_result_io,io,0,0,0,0,0,0,0,0,0,0,0,0,0,0,0,0,0,0,0,0
166,cn4501,volume_exchange_pack,compute,0.089203564,2,0,0,0,0,0,0,3,0,0,0,0,0,0,0,0,0,0,0
166,cn4501,volume_size_exchange,communication,0.014127522,1,0,0,0,0,0,0,9,0,0,0,0,0,0,0,8,8,32,32
166,cn4501,volume_payload_prepare,compute,9.27609999977e-05,1,0,0,0,0,0,0,0,0,0,0,0,0,0,0,0,0,0,0
166,cn4501,volume_payload_exchange,communication,0.00209930499999,1,0,0,0,0,0,0,31,0,0,0,0,0,0,0,8,8,1214400,1203240
166,cn4501,volume_exchange_unpack,compute,0.061072421,1,0,0,0,0,0,0,700,0,0,0,0,0,0,0,0,0,0,0
166,cn4501,final_mesh_save,io,0,0,0,0,0,0,0,0,0,0,0,0,0,0,0,0,0,0,0,0
166,cn4501,testout_io,io,0,0,0,0,0,0,0,0,0,0,0,0,0,0,0,0,0,0,0,0
166,cn4501,final_count_exchange,communication,0,0,0,0,0,0,0,0,0,0,0,0,0,0,0,0,0,0,0,0
166,cn4501,quality_evaluation,postprocess,0,0,0,0,0,0,0,0,0,0,0,0,0,0,0,0,0,0,0,0
167,cn4502,geometry_load,io,1.732455928,1,0,0,0,0,0,0,6487,0,1035092,0,0,0,2,16,0,0,0,0
167,cn4502,coarse_local_size,setup,0.450343733,1,0,0,0,0,0,0,7476,0,0,0,0,0,104,21,0,0,0,0
167,cn4502,coarse_edge_mesh,setup,0.012549405,1,0,0,0,0,0,0,549,0,0,0,0,0,0,1,0,0,0,0
167,cn4502,coarse_surface_mesh,setup,8.205111337,1,0,0,0,0,0,0,12860,0,0,0,0,0,0,72,0,0,0,0
167,cn4502,coarse_volume_mesh,setup,13.431191646,1,0,0,0,0,0,0,28443,0,0,0,0,0,35186,1610958,0,0,0,0
167,cn4502,coarse_mesh_save,io,0,0,0,0,0,0,0,0,0,0,0,0,0,0,0,0,0,0,0,0
167,cn4502,submesh_initialization,setup,0.000130001000002,1,0,0,0,0,0,0,1,0,0,0,0,0,0,0,0,0,0,0
167,cn4502,metis_partition,compute,0.377631551,1,0,0,0,0,0,0,532,0,0,0,0,0,0,4,0,0,0,0
167,cn4502,face_map_setup,compute,0.007326533,1,0,0,0,0,0,0,230,0,0,0,0,0,0,0,0,0,0,0
167,cn4502,face_local_extract,compute,0.16010063,1,0,0,0,0,0,0,632,0,0,0,0,0,0,1,0,0,0,0
167,cn4502,face_pre_collective_wait,synchronization,0.067970715,1,0,0,0,0,0,0,1,0,0,0,0,0,0,1,0,0,0,0
167,cn4502,face_collective_setup,compute,0.000118780999998,1,0,0,0,0,0,0,16,0,0,0,0,0,0,0,0,0,0,0
167,cn4502,face_allgatherv,communication,0.119042062,1,0,0,0,0,0,0,786,0,0,0,0,0,0,1,1,1,18952,4859624
167,cn4502,face_global_merge,compute,0.078925084,1,0,0,0,0,0,0,292,0,0,0,0,0,0,0,0,0,0,0
167,cn4502,part_face_create,compute,0.019600175,1,0,0,0,0,0,0,4,0,0,0,0,0,0,0,0,0,0,0
167,cn4502,surface_refine,compute,0.006954669,1,0,0,0,0,0,0,41,0,0,0,0,0,0,1,0,0,0,0
167,cn4502,refined_surface_save,io,0,0,0,0,0,0,0,0,0,0,0,0,0,0,0,0,0,0,0,0
167,cn4502,local_volume_mesh,compute,6.934044293,1,0,0,0,0,0,0,2849,0,0,0,0,0,13495,491684,0,0,0,0
167,cn4502,volume_refine,compute,0.261429017,1,0,0,0,0,0,0,6282,0,0,0,0,0,0,2,0,0,0,0
167,cn4502,refined_volume_save,io,0,0,0,0,0,0,0,0,0,0,0,0,0,0,0,0,0,0,0,0
167,cn4502,adjacency_build,compute,0.004902289,1,0,0,0,0,0,0,18,0,0,0,0,0,0,0,0,0,0,0
167,cn4502,vertex_numbering_local,compute,0.005431174,1,0,0,0,0,0,0,7,0,0,0,0,0,0,0,0,0,0,0
167,cn4502,vertex_count_allgather,communication,1.471499116,1,0,0,0,0,0,0,56,0,0,0,0,0,0,13,1,1,4,1024
167,cn4502,element_count_allgather,communication,0.007600536,1,0,0,0,0,0,0,1,0,0,0,0,0,0,0,1,1,4,1024
167,cn4502,vertex_exchange_prepare,compute,1.56000000047e-05,1,0,0,0,0,0,0,0,0,0,0,0,0,0,0,0,0,0,0
167,cn4502,vertex_exchange,communication,0.011309252,1,0,0,0,0,0,0,291,0,0,0,0,0,0,0,3,2,30074,38852
167,cn4502,vertex_exchange_unpack,compute,0.000600845999998,1,0,0,0,0,0,0,0,0,0,0,0,0,0,0,0,0,0,0
167,cn4502,partition_result_io,io,0,0,0,0,0,0,0,0,0,0,0,0,0,0,0,0,0,0,0,0
167,cn4502,volume_exchange_pack,compute,0.076235557,2,0,0,0,0,0,0,2,0,0,0,0,0,0,1,0,0,0,0
167,cn4502,volume_size_exchange,communication,0.026542064,1,0,0,0,0,0,0,1,0,0,0,0,0,0,0,4,4,16,16
167,cn4502,volume_payload_prepare,compute,5.53799999992e-05,1,0,0,0,0,0,0,0,0,0,0,0,0,0,0,0,0,0,0
167,cn4502,volume_payload_exchange,communication,0.002125662,1,0,0,0,0,0,0,30,0,0,0,0,0,0,0,4,4,708960,710280
167,cn4502,volume_exchange_unpack,compute,0.049017627,1,0,0,0,0,0,0,0,0,0,0,0,0,0,1,0,0,0,0
167,cn4502,final_mesh_save,io,0,0,0,0,0,0,0,0,0,0,0,0,0,0,0,0,0,0,0,0
167,cn4502,testout_io,io,0,0,0,0,0,0,0,0,0,0,0,0,0,0,0,0,0,0,0,0
167,cn4502,final_count_exchange,communication,0,0,0,0,0,0,0,0,0,0,0,0,0,0,0,0,0,0,0,0
167,cn4502,quality_evaluation,postprocess,0,0,0,0,0,0,0,0,0,0,0,0,0,0,0,0,0,0,0,0
168,cn4503,geometry_load,io,1.739123029,1,0,0,0,0,0,0,6486,0,1035092,0,0,0,2,3,0,0,0,0
168,cn4503,coarse_local_size,setup,0.480940643,1,0,0,0,0,0,0,7074,0,0,0,0,0,105,24,0,0,0,0
168,cn4503,coarse_edge_mesh,setup,0.012668164,1,0,0,0,0,0,0,550,0,0,0,0,0,0,0,0,0,0,0
168,cn4503,coarse_surface_mesh,setup,8.202241442,1,0,0,0,0,0,0,12887,0,0,0,0,0,0,12,0,0,0,0
168,cn4503,coarse_volume_mesh,setup,13.348905587,1,0,0,0,0,0,0,28151,0,0,0,0,0,36359,1472076,0,0,0,0
168,cn4503,coarse_mesh_save,io,0,0,0,0,0,0,0,0,0,0,0,0,0,0,0,0,0,0,0,0
168,cn4503,submesh_initialization,setup,0.000122740999998,1,0,0,0,0,0,0,1,0,0,0,0,0,0,0,0,0,0,0
168,cn4503,metis_partition,compute,0.372808494,1,0,0,0,0,0,0,435,0,0,0,0,0,0,1,0,0,0,0
168,cn4503,face_map_setup,compute,0.007518017,1,0,0,0,0,0,0,224,0,0,0,0,0,0,0,0,0,0,0
168,cn4503,face_local_extract,compute,0.158021741,1,0,0,0,0,0,0,622,0,0,0,0,0,0,0,0,0,0,0
168,cn4503,face_pre_collective_wait,synchronization,0.074664904,1,0,0,0,0,0,0,1,0,0,0,0,0,0,0,0,0,0,0
168,cn4503,face_collective_setup,compute,0.000116661,1,0,0,0,0,0,0,16,0,0,0,0,0,0,0,0,0,0,0
168,cn4503,face_allgatherv,communication,0.120396295,1,0,0,0,0,0,0,1262,0,0,0,0,0,0,0,1,1,18952,4859624
168,cn4503,face_global_merge,compute,0.080047714,1,0,0,0,0,0,0,371,0,0,0,0,0,0,0,0,0,0,0
168,cn4503,part_face_create,compute,0.019715534,1,0,0,0,0,0,0,4,0,0,0,0,0,0,0,0,0,0,0
168,cn4503,surface_refine,compute,0.006507844,1,0,0,0,0,0,0,39,0,0,0,0,0,0,0,0,0,0,0
168,cn4503,refined_surface_save,io,0,0,0,0,0,0,0,0,0,0,0,0,0,0,0,0,0,0,0,0
168,cn4503,local_volume_mesh,compute,6.384161772,1,0,0,0,0,0,0,2520,0,0,0,0,0,8360,391576,0,0,0,0
168,cn4503,volume_refine,compute,0.225659175,1,0,0,0,0,0,0,5655,0,0,0,0,0,0,0,0,0,0,0
168,cn4503,refined_volume_save,io,0,0,0,0,0,0,0,0,0,0,0,0,0,0,0,0,0,0,0,0
168,cn4503,adjacency_build,compute,0.005043166,1,0,0,0,0,0,0,7,0,0,0,0,0,0,0,0,0,0,0
168,cn4503,vertex_numbering_local,compute,0.0077147,1,0,0,0,0,0,0,18,0,0,0,0,0,0,0,0,0,0,0
168,cn4503,vertex_count_allgather,communication,2.052582109,1,0,0,0,0,0,0,53,0,0,0,0,0,0,2,1,1,4,1024
168,cn4503,element_count_allgather,communication,0.007621398,1,0,0,0,0,0,0,2,0,0,0,0,0,0,0,1,1,4,1024
168,cn4503,vertex_exchange_prepare,compute,3.99609999988e-05,1,0,0,0,0,0,0,0,0,0,0,0,0,0,0,0,0,0,0
168,cn4503,vertex_exchange,communication,0.020631606,1,0,0,0,0,0,0,560,0,0,0,0,0,0,0,4,5,100254,68794
168,cn4503,vertex_exchange_unpack,compute,0.001026393,1,0,0,0,0,0,0,0,0,0,0,0,0,0,0,0,0,0,0
168,cn4503,partition_result_io,io,0,0,0,0,0,0,0,0,0,0,0,0,0,0,0,0,0,0,0,0
168,cn4503,volume_exchange_pack,compute,0.093096943,2,0,0,0,0,0,0,2,0,0,0,0,0,0,0,0,0,0,0
168,cn4503,volume_size_exchange,communication,0.000753689,1,0,0,0,0,0,0,5,0,0,0,0,0,0,0,7,7,28,28
168,cn4503,volume_payload_prepare,compute,0.000135121,1,0,0,0,0,0,0,0,0,0,0,0,0,0,0,0,0,0,0
168,cn4503,volume_payload_exchange,communication,0.001978666,1,0,0,0,0,0,0,22,0,0,0,0,0,0,0,7,7,1803720,1809840
168,cn4503,volume_exchange_unpack,compute,0.061396313,1,0,0,0,0,0,0,711,0,0,0,0,0,0,0,0,0,0,0
168,cn4503,final_mesh_save,io,0,0,0,0,0,0,0,0,0,0,0,0,0,0,0,0,0,0,0,0
168,cn4503,testout_io,io,0,0,0,0,0,0,0,0,0,0,0,0,0,0,0,0,0,0,0,0
168,cn4503,final_count_exchange,communication,0,0,0,0,0,0,0,0,0,0,0,0,0,0,0,0,0,0,0,0
168,cn4503,quality_evaluation,postprocess,0,0,0,0,0,0,0,0,0,0,0,0,0,0,0,0,0,0,0,0
169,cn4504,geometry_load,io,1.734370642,1,0,0,0,0,0,0,6478,0,1035092,0,0,0,2,1,0,0,0,0
169,cn4504,coarse_local_size,setup,0.451875817,1,0,0,0,0,0,0,7503,0,0,0,0,0,80,21,0,0,0,0
169,cn4504,coarse_edge_mesh,setup,0.013059521,1,0,0,0,0,0,0,580,0,0,0,0,0,0,1,0,0,0,0
169,cn4504,coarse_surface_mesh,setup,8.283049794,1,0,0,0,0,0,0,12955,0,0,0,0,0,0,8,0,0,0,0
169,cn4504,coarse_volume_mesh,setup,13.274997895,1,0,0,0,0,0,0,30878,0,0,0,0,0,37254,1616724,0,0,0,0
169,cn4504,coarse_mesh_save,io,0,0,0,0,0,0,0,0,0,0,0,0,0,0,0,0,0,0,0,0
169,cn4504,submesh_initialization,setup,0.000139182000005,1,0,0,0,0,0,0,3,0,0,0,0,0,0,0,0,0,0,0
169,cn4504,metis_partition,compute,0.383527373,1,0,0,0,0,0,0,1067,0,0,0,0,0,0,1,0,0,0,0
169,cn4504,face_map_setup,compute,0.007198889,1,0,0,0,0,0,0,229,0,0,0,0,0,0,0,0,0,0,0
169,cn4504,face_local_extract,compute,0.160002234,1,0,0,0,0,0,0,556,0,0,0,0,0,0,0,0,0,0,0
169,cn4504,face_pre_collective_wait,synchronization,0.062295788,1,0,0,0,0,0,0,1,0,0,0,0,0,0,0,0,0,0,0
169,cn4504,face_collective_setup,compute,0.000117582000001,1,0,0,0,0,0,0,16,0,0,0,0,0,0,0,0,0,0,0
169,cn4504,face_allgatherv,communication,0.120489807,1,0,0,0,0,0,0,1153,0,0,0,0,0,0,0,1,1,18952,4859624
169,cn4504,face_global_merge,compute,0.078741272,1,0,0,0,0,0,0,602,0,0,0,0,0,0,0,0,0,0,0
169,cn4504,part_face_create,compute,0.0194999,1,0,0,0,0,0,0,4,0,0,0,0,0,0,0,0,0,0,0
169,cn4504,surface_refine,compute,0.005991754,1,0,0,0,0,0,0,40,0,0,0,0,0,0,0,0,0,0,0
169,cn4504,refined_surface_save,io,0,0,0,0,0,0,0,0,0,0,0,0,0,0,0,0,0,0,0,0
169,cn4504,local_volume_mesh,compute,6.289405212,1,0,0,0,0,0,0,983,0,0,0,0,0,6883,326904,0,0,0,0
169,cn4504,volume_refine,compute,0.21393114,1,0,0,0,0,0,0,7020,0,0,0,0,0,0,1,0,0,0,0
169,cn4504,refined_volume_save,io,0,0,0,0,0,0,0,0,0,0,0,0,0,0,0,0,0,0,0,0
169,cn4504,adjacency_build,compute,0.004968461,1,0,0,0,0,0,0,26,0,0,0,0,0,0,0,0,0,0,0
169,cn4504,vertex_numbering_local,compute,0.006888865,1,0,0,0,0,0,0,8,0,0,0,0,0,0,0,0,0,0,0
169,cn4504,vertex_count_allgather,communication,2.161822697,1,0,0,0,0,0,0,53,0,0,0,0,0,0,2,1,1,4,1024
169,cn4504,element_count_allgather,communication,0.007893437,1,0,0,0,0,0,0,1,0,0,0,0,0,0,0,1,1,4,1024
169,cn4504,vertex_exchange_prepare,compute,2.92210000055e-05,1,0,0,0,0,0,0,1,0,0,0,0,0,0,0,0,0,0,0
169,cn4504,vertex_exchange,communication,0.020841317,1,0,0,0,0,0,0,304,0,0,0,0,0,0,0,6,5,60764,86680
169,cn4504,vertex_exchange_unpack,compute,0.00127523600001,1,0,0,0,0,0,0,1,0,0,0,0,0,0,0,0,0,0,0
169,cn4504,partition_result_io,io,0,0,0,0,0,0,0,0,0,0,0,0,0,0,0,0,0,0,0,0
169,cn4504,volume_exchange_pack,compute,0.083076605,2,0,0,0,0,0,0,1,0,0,0,0,0,0,0,0,0,0,0
169,cn4504,volume_size_exchange,communication,0.009637359,1,0,0,0,0,0,0,3,0,0,0,0,0,0,0,7,7,28,28
169,cn4504,volume_payload_prepare,compute,0.000113861999999,1,0,0,0,0,0,0,0,0,0,0,0,0,0,0,0,0,0,0
169,cn4504,volume_payload_exchange,communication,0.001987844,1,0,0,0,0,0,0,33,0,0,0,0,0,0,0,7,7,1561080,1547880
169,cn4504,volume_exchange_unpack,compute,0.055986131,1,0,0,0,0,0,0,292,0,0,0,0,0,0,0,0,0,0,0
169,cn4504,final_mesh_save,io,0,0,0,0,0,0,0,0,0,0,0,0,0,0,0,0,0,0,0,0
169,cn4504,testout_io,io,0,0,0,0,0,0,0,0,0,0,0,0,0,0,0,0,0,0,0,0
169,cn4504,final_count_exchange,communication,0,0,0,0,0,0,0,0,0,0,0,0,0,0,0,0,0,0,0,0
169,cn4504,quality_evaluation,postprocess,0,0,0,0,0,0,0,0,0,0,0,0,0,0,0,0,0,0,0,0
170,cn4505,geometry_load,io,1.728624599,1,0,0,0,0,0,0,6483,0,1035092,0,0,0,2,2,0,0,0,0
170,cn4505,coarse_local_size,setup,0.447837803,1,0,0,0,0,0,0,7458,0,0,0,0,0,86,22,0,0,0,0
170,cn4505,coarse_edge_mesh,setup,0.012650244,1,0,0,0,0,0,0,521,0,0,0,0,0,0,0,0,0,0,0
170,cn4505,coarse_surface_mesh,setup,8.150460964,1,0,0,0,0,0,0,10806,0,0,0,0,0,0,10,0,0,0,0
170,cn4505,coarse_volume_mesh,setup,13.276568802,1,0,0,0,0,0,0,32538,0,0,0,0,0,39359,1661090,0,0,0,0
170,cn4505,coarse_mesh_save,io,0,0,0,0,0,0,0,0,0,0,0,0,0,0,0,0,0,0,0,0
170,cn4505,submesh_initialization,setup,0.000119422000004,1,0,0,0,0,0,0,2,0,0,0,0,0,0,0,0,0,0,0
170,cn4505,metis_partition,compute,0.382428733,1,0,0,0,0,0,0,645,0,0,0,0,0,0,1,0,0,0,0
170,cn4505,face_map_setup,compute,0.00714715300001,1,0,0,0,0,0,0,219,0,0,0,0,0,0,0,0,0,0,0
170,cn4505,face_local_extract,compute,0.156174451,1,0,0,0,0,0,0,646,0,0,0,0,0,0,0,0,0,0,0
170,cn4505,face_pre_collective_wait,synchronization,0.067241134,1,0,0,0,0,0,0,1,0,0,0,0,0,0,0,0,0,0,0
170,cn4505,face_collective_setup,compute,0.000118102000002,1,0,0,0,0,0,0,16,0,0,0,0,0,0,0,0,0,0,0
170,cn4505,face_allgatherv,communication,0.120499427,1,0,0,0,0,0,0,1156,0,0,0,0,0,0,0,1,1,18952,4859624
170,cn4505,face_global_merge,compute,0.079032968,1,0,0,0,0,0,0,497,0,0,0,0,0,0,0,0,0,0,0
170,cn4505,part_face_create,compute,0.019454033,1,0,0,0,0,0,0,4,0,0,0,0,0,0,0,0,0,0,0
170,cn4505,surface_refine,compute,0.005959737,1,0,0,0,0,0,0,38,0,0,0,0,0,0,0,0,0,0,0
170,cn4505,refined_surface_save,io,0,0,0,0,0,0,0,0,0,0,0,0,0,0,0,0,0,0,0,0
170,cn4505,local_volume_mesh,compute,6.457821874,1,0,0,0,0,0,0,2179,0,0,0,0,0,7422,324531,0,0,0,0
170,cn4505,volume_refine,compute,0.218060376,1,0,0,0,0,0,0,6004,0,0,0,0,0,0,1,0,0,0,0
170,cn4505,refined_volume_save,io,0,0,0,0,0,0,0,0,0,0,0,0,0,0,0,0,0,0,0,0
170,cn4505,adjacency_build,compute,0.005008205,1,0,0,0,0,0,0,7,0,0,0,0,0,0,0,0,0,0,0
170,cn4505,vertex_numbering_local,compute,0.006726588,1,0,0,0,0,0,0,2,0,0,0,0,0,0,0,0,0,0,0
170,cn4505,vertex_count_allgather,communication,1.989176247,1,0,0,0,0,0,0,57,0,0,0,0,0,0,3,1,1,4,1024
170,cn4505,element_count_allgather,communication,0.007879863,1,0,0,0,0,0,0,0,0,0,0,0,0,0,0,1,1,4,1024
170,cn4505,vertex_exchange_prepare,compute,1.958e-05,1,0,0,0,0,0,0,0,0,0,0,0,0,0,0,0,0,0,0
170,cn4505,vertex_exchange,communication,0.020179863,1,0,0,0,0,0,0,302,0,0,0,0,0,0,0,5,4,54538,91916
170,cn4505,vertex_exchange_unpack,compute,0.001342938,1,0,0,0,0,0,0,0,0,0,0,0,0,0,0,0,0,0,0
170,cn4505,partition_result_io,io,0,0,0,0,0,0,0,0,0,0,0,0,0,0,0,0,0,0,0,0
170,cn4505,volume_exchange_pack,compute,0.084708261,2,0,0,0,0,0,0,1,0,0,0,0,0,0,0,0,0,0,0
170,cn4505,volume_size_exchange,communication,0.008608952,1,0,0,0,0,0,0,2,0,0,0,0,0,0,0,5,5,20,20
170,cn4505,volume_payload_prepare,compute,0.000109221000002,1,0,0,0,0,0,0,0,0,0,0,0,0,0,0,0,0,0,0
170,cn4505,volume_payload_exchange,communication,0.001989646,1,0,0,0,0,0,0,28,0,0,0,0,0,0,0,5,5,1547160,1547280
170,cn4505,volume_exchange_unpack,compute,0.055458422,1,0,0,0,0,0,0,253,0,0,0,0,0,0,0,0,0,0,0
170,cn4505,final_mesh_save,io,0,0,0,0,0,0,0,0,0,0,0,0,0,0,0,0,0,0,0,0
170,cn4505,testout_io,io,0,0,0,0,0,0,0,0,0,0,0,0,0,0,0,0,0,0,0,0
170,cn4505,final_count_exchange,communication,0,0,0,0,0,0,0,0,0,0,0,0,0,0,0,0,0,0,0,0
170,cn4505,quality_evaluation,postprocess,0,0,0,0,0,0,0,0,0,0,0,0,0,0,0,0,0,0,0,0
171,cn4506,geometry_load,io,1.733001017,1,0,0,0,0,0,0,6484,0,1035092,0,0,0,2,2,0,0,0,0
171,cn4506,coarse_local_size,setup,0.447644766,1,0,0,0,0,0,0,7495,0,0,0,0,0,89,20,0,0,0,0
171,cn4506,coarse_edge_mesh,setup,0.012681792,1,0,0,0,0,0,0,580,0,0,0,0,0,0,0,0,0,0,0
171,cn4506,coarse_surface_mesh,setup,8.189709205,1,0,0,0,0,0,0,11100,0,0,0,0,0,0,9,0,0,0,0
171,cn4506,coarse_volume_mesh,setup,13.241238532,1,0,0,0,0,0,0,33659,0,0,0,0,0,36707,1461129,0,0,0,0
171,cn4506,coarse_mesh_save,io,0,0,0,0,0,0,0,0,0,0,0,0,0,0,0,0,0,0,0,0
171,cn4506,submesh_initialization,setup,0.000127922000004,1,0,0,0,0,0,0,2,0,0,0,0,0,0,0,0,0,0,0
171,cn4506,metis_partition,compute,0.37598777,1,0,0,0,0,0,0,692,0,0,0,0,0,0,0,0,0,0,0
171,cn4506,face_map_setup,compute,0.008174698,1,0,0,0,0,0,0,226,0,0,0,0,0,0,1,0,0,0,0
171,cn4506,face_local_extract,compute,0.159343823,1,0,0,0,0,0,0,619,0,0,0,0,0,0,0,0,0,0,0
171,cn4506,face_pre_collective_wait,synchronization,0.069528171,1,0,0,0,0,0,0,1,0,0,0,0,0,0,0,0,0,0,0
171,cn4506,face_collective_setup,compute,0.000111801000003,1,0,0,0,0,0,0,16,0,0,0,0,0,0,0,0,0,0,0
171,cn4506,face_allgatherv,communication,0.120465759,1,0,0,0,0,0,0,643,0,0,0,0,0,0,0,1,1,18952,4859624
171,cn4506,face_global_merge,compute,0.078433497,1,0,0,0,0,0,0,475,0,0,0,0,0,0,0,0,0,0,0
171,cn4506,part_face_create,compute,0.019799616,1,0,0,0,0,0,0,4,0,0,0,0,0,0,0,0,0,0,0
171,cn4506,surface_refine,compute,0.006290695,1,0,0,0,0,0,0,39,0,0,0,0,0,0,0,0,0,0,0
171,cn4506,refined_surface_save,io,0,0,0,0,0,0,0,0,0,0,0,0,0,0,0,0,0,0,0,0
171,cn4506,local_volume_mesh,compute,6.206160517,1,0,0,0,0,0,0,2192,0,0,0,0,0,7287,309721,0,0,0,0
171,cn4506,volume_refine,compute,0.214817425,1,0,0,0,0,0,0,4943,0,0,0,0,0,0,1,0,0,0,0
171,cn4506,refined_volume_save,io,0,0,0,0,0,0,0,0,0,0,0,0,0,0,0,0,0,0,0,0
171,cn4506,adjacency_build,compute,0.00504374,1,0,0,0,0,0,0,10,0,0,0,0,0,0,0,0,0,0,0
171,cn4506,vertex_numbering_local,compute,0.007124805,1,0,0,0,0,0,0,45,0,0,0,0,0,0,0,0,0,0,0
171,cn4506,vertex_count_allgather,communication,2.243646034,1,0,0,0,0,0,0,56,0,0,0,0,0,0,3,1,1,4,1024
171,cn4506,element_count_allgather,communication,0.007886114,1,0,0,0,0,0,0,0,0,0,0,0,0,0,0,1,1,4,1024
171,cn4506,vertex_exchange_prepare,compute,2.71999999981e-05,1,0,0,0,0,0,0,0,0,0,0,0,0,0,0,0,0,0,0
171,cn4506,vertex_exchange,communication,0.019905538,1,0,0,0,0,0,0,245,0,0,0,0,0,0,0,3,7,29524,124828
171,cn4506,vertex_exchange_unpack,compute,0.00178736199999,1,0,0,0,0,0,0,0,0,0,0,0,0,0,0,0,0,0,0
171,cn4506,partition_result_io,io,0,0,0,0,0,0,0,0,0,0,0,0,0,0,0,0,0,0,0,0
171,cn4506,volume_exchange_pack,compute,0.085108456,2,0,0,0,0,0,0,2,0,0,0,0,0,0,0,0,0,0,0
171,cn4506,volume_size_exchange,communication,0.008720404,1,0,0,0,0,0,0,10,0,0,0,0,0,0,0,8,8,32,32
171,cn4506,volume_payload_prepare,compute,0.000123060999996,1,0,0,0,0,0,0,0,0,0,0,0,0,0,0,0,0,0,0
171,cn4506,volume_payload_exchange,communication,0.00221064700001,1,0,0,0,0,0,0,30,0,0,0,0,0,0,0,8,8,1639920,1645680
171,cn4506,volume_exchange_unpack,compute,0.056806098,1,0,0,0,0,0,0,376,0,0,0,0,0,0,0,0,0,0,0
171,cn4506,final_mesh_save,io,0,0,0,0,0,0,0,0,0,0,0,0,0,0,0,0,0,0,0,0
171,cn4506,testout_io,io,0,0,0,0,0,0,0,0,0,0,0,0,0,0,0,0,0,0,0,0
171,cn4506,final_count_exchange,communication,0,0,0,0,0,0,0,0,0,0,0,0,0,0,0,0,0,0,0,0
171,cn4506,quality_evaluation,postprocess,0,0,0,0,0,0,0,0,0,0,0,0,0,0,0,0,0,0,0,0
172,cn4507,geometry_load,io,1.745226422,1,0,0,0,0,0,0,6482,0,1035092,0,0,0,2,1,0,0,0,0
172,cn4507,coarse_local_size,setup,0.464233298,1,0,0,0,0,0,0,7543,0,0,0,0,0,119,21,0,0,0,0
172,cn4507,coarse_edge_mesh,setup,0.012607006,1,0,0,0,0,0,0,521,0,0,0,0,0,0,0,0,0,0,0
172,cn4507,coarse_surface_mesh,setup,8.160564354,1,0,0,0,0,0,0,11047,0,0,0,0,0,0,8,0,0,0,0
172,cn4507,coarse_volume_mesh,setup,13.301823233,1,0,0,0,0,0,0,29877,0,0,0,0,0,34618,1542588,0,0,0,0
172,cn4507,coarse_mesh_save,io,0,0,0,0,0,0,0,0,0,0,0,0,0,0,0,0,0,0,0,0
172,cn4507,submesh_initialization,setup,0.000128801000002,1,0,0,0,0,0,0,3,0,0,0,0,0,0,0,0,0,0,0
172,cn4507,metis_partition,compute,0.384646329,1,0,0,0,0,0,0,544,0,0,0,0,0,0,1,0,0,0,0
172,cn4507,face_map_setup,compute,0.007358157,1,0,0,0,0,0,0,219,0,0,0,0,0,0,0,0,0,0,0
172,cn4507,face_local_extract,compute,0.16161085,1,0,0,0,0,0,0,584,0,0,0,0,0,0,0,0,0,0,0
172,cn4507,face_pre_collective_wait,synchronization,0.059388763,1,0,0,0,0,0,0,1,0,0,0,0,0,0,0,0,0,0,0
172,cn4507,face_collective_setup,compute,0.000119781000002,1,0,0,0,0,0,0,16,0,0,0,0,0,0,0,0,0,0,0
172,cn4507,face_allgatherv,communication,0.120438848,1,0,0,0,0,0,0,700,0,0,0,0,0,0,0,1,1,18952,4859624
172,cn4507,face_global_merge,compute,0.078159211,1,0,0,0,0,0,0,235,0,0,0,0,0,0,0,0,0,0,0
172,cn4507,part_face_create,compute,0.019610538,1,0,0,0,0,0,0,4,0,0,0,0,0,0,0,0,0,0,0
172,cn4507,surface_refine,compute,0.006916551,1,0,0,0,0,0,0,45,0,0,0,0,0,0,0,0,0,0,0
172,cn4507,refined_surface_save,io,0,0,0,0,0,0,0,0,0,0,0,0,0,0,0,0,0,0,0,0
172,cn4507,local_volume_mesh,compute,7.476037832,1,0,0,0,0,0,0,2815,0,0,0,0,0,14109,481944,0,0,0,0
172,cn4507,volume_refine,compute,0.254965521,1,0,0,0,0,0,0,5789,0,0,0,0,0,0,0,0,0,0,0
172,cn4507,refined_volume_save,io,0,0,0,0,0,0,0,0,0,0,0,0,0,0,0,0,0,0,0,0
172,cn4507,adjacency_build,compute,0.004737523,1,0,0,0,0,0,0,8,0,0,0,0,0,0,0,0,0,0,0
172,cn4507,vertex_numbering_local,compute,0.005764776,1,0,0,0,0,0,0,3,0,0,0,0,0,0,0,0,0,0,0
172,cn4507,vertex_count_allgather,communication,0.935092364,1,0,0,0,0,0,0,57,0,0,0,0,0,0,1,1,1,4,1024
172,cn4507,element_count_allgather,communication,0.007863044,1,0,0,0,0,0,0,0,0,0,0,0,0,0,0,1,1,4,1024
172,cn4507,vertex_exchange_prepare,compute,1.666e-05,1,0,0,0,0,0,0,0,0,0,0,0,0,0,0,0,0,0,0
172,cn4507,vertex_exchange,communication,0.020611872,1,0,0,0,0,0,0,804,0,0,0,0,0,0,0,1,4,17952,51238
172,cn4507,vertex_exchange_unpack,compute,0.000771231000002,1,0,0,0,0,0,0,0,0,0,0,0,0,0,0,0,0,0,0
172,cn4507,partition_result_io,io,0,0,0,0,0,0,0,0,0,0,0,0,0,0,0,0,0,0,0,0
172,cn4507,volume_exchange_pack,compute,0.072551536,2,0,0,0,0,0,0,1,0,0,0,0,0,0,0,0,0,0,0
172,cn4507,volume_size_exchange,communication,0.020782754,1,0,0,0,0,0,0,1,0,0,0,0,0,0,0,4,4,16,16
172,cn4507,volume_payload_prepare,compute,5.56409999959e-05,1,0,0,0,0,0,0,0,0,0,0,0,0,0,0,0,0,0,0
172,cn4507,volume_payload_exchange,communication,0.002092787,1,0,0,0,0,0,0,31,0,0,0,0,0,0,0,4,4,714720,712200
172,cn4507,volume_exchange_unpack,compute,0.048120034,1,0,0,0,0,0,0,0,0,0,0,0,0,0,0,0,0,0,0
172,cn4507,final_mesh_save,io,0,0,0,0,0,0,0,0,0,0,0,0,0,0,0,0,0,0,0,0
172,cn4507,testout_io,io,0,0,0,0,0,0,0,0,0,0,0,0,0,0,0,0,0,0,0,0
172,cn4507,final_count_exchange,communication,0,0,0,0,0,0,0,0,0,0,0,0,0,0,0,0,0,0,0,0
172,cn4507,quality_evaluation,postprocess,0,0,0,0,0,0,0,0,0,0,0,0,0,0,0,0,0,0,0,0
173,cn4508,geometry_load,io,1.725443115,1,0,0,0,0,0,0,6342,0,1035092,0,0,0,2,14,0,0,0,0
173,cn4508,coarse_local_size,setup,0.450565854,1,0,0,0,0,0,0,7633,0,0,0,0,0,98,23,0,0,0,0
173,cn4508,coarse_edge_mesh,setup,0.012691809,1,0,0,0,0,0,0,568,0,0,0,0,0,0,0,0,0,0,0
173,cn4508,coarse_surface_mesh,setup,8.10880037,1,0,0,0,0,0,0,9979,0,0,0,0,0,1,73,0,0,0,0
173,cn4508,coarse_volume_mesh,setup,13.067699873,1,0,0,0,0,0,0,23586,0,0,0,0,0,35277,1515260,0,0,0,0
173,cn4508,coarse_mesh_save,io,0,0,0,0,0,0,0,0,0,0,0,0,0,0,0,0,0,0,0,0
173,cn4508,submesh_initialization,setup,0.000123340999998,1,0,0,0,0,0,0,1,0,0,0,0,0,0,0,0,0,0,0
173,cn4508,metis_partition,compute,0.362731443,1,0,0,0,0,0,0,59,0,0,0,0,0,0,4,0,0,0,0
173,cn4508,face_map_setup,compute,0.006664398,1,0,0,0,0,0,0,3,0,0,0,0,0,0,0,0,0,0,0
173,cn4508,face_local_extract,compute,0.152205421,1,0,0,0,0,0,0,24,0,0,0,0,0,0,1,0,0,0,0
173,cn4508,face_pre_collective_wait,synchronization,0.09149127,1,0,0,0,0,0,0,1,0,0,0,0,0,0,1,0,0,0,0
173,cn4508,face_collective_setup,compute,0.000112821999998,1,0,0,0,0,0,0,16,0,0,0,0,0,0,0,0,0,0,0
173,cn4508,face_allgatherv,communication,0.120307607,1,0,0,0,0,0,0,46,0,0,0,0,0,0,1,1,1,18952,4859624
173,cn4508,face_global_merge,compute,0.073233617,1,0,0,0,0,0,0,0,0,0,0,0,0,0,0,0,0,0,0
173,cn4508,part_face_create,compute,0.018343615,1,0,0,0,0,0,0,3,0,0,0,0,0,0,0,0,0,0,0
173,cn4508,surface_refine,compute,0.006712379,1,0,0,0,0,0,0,1,0,0,0,0,0,0,0,0,0,0,0
173,cn4508,refined_surface_save,io,0,0,0,0,0,0,0,0,0,0,0,0,0,0,0,0,0,0,0,0
173,cn4508,local_volume_mesh,compute,7.693615723,1,0,0,0,0,0,0,551,0,0,0,0,0,15912,580973,0,0,0,0
173,cn4508,volume_refine,compute,0.257669475,1,0,0,0,0,0,0,4082,0,0,0,0,0,0,2,0,0,0,0
173,cn4508,refined_volume_save,io,0,0,0,0,0,0,0,0,0,0,0,0,0,0,0,0,0,0,0,0
173,cn4508,adjacency_build,compute,0.00440451199999,1,0,0,0,0,0,0,0,0,0,0,0,0,0,0,0,0,0,0
173,cn4508,vertex_numbering_local,compute,0.006460375,1,0,0,0,0,0,0,2,0,0,0,0,0,0,0,0,0,0,0
173,cn4508,vertex_count_allgather,communication,0.721232437,1,0,0,0,0,0,0,32,0,0,0,0,0,0,5,1,1,4,1024
173,cn4508,element_count_allgather,communication,0.007862091,1,0,0,0,0,0,0,0,0,0,0,0,0,0,0,1,1,4,1024
173,cn4508,vertex_exchange_prepare,compute,1.9260000002e-05,1,0,0,0,0,0,0,0,0,0,0,0,0,0,0,0,0,0,0
173,cn4508,vertex_exchange,communication,0.019953913,1,0,0,0,0,0,0,291,0,0,0,0,0,0,0,2,8,18040,72512
173,cn4508,vertex_exchange_unpack,compute,0.001011571,1,0,0,0,0,0,0,0,0,0,0,0,0,0,0,0,0,0,0
173,cn4508,partition_result_io,io,0,0,0,0,0,0,0,0,0,0,0,0,0,0,0,0,0,0,0,0
173,cn4508,volume_exchange_pack,compute,0.078143894,2,0,0,0,0,0,0,1,0,0,0,0,0,0,0,0,0,0,0
173,cn4508,volume_size_exchange,communication,0.016284651,1,0,0,0,0,0,0,45,0,0,0,0,0,0,0,8,8,32,32
173,cn4508,volume_payload_prepare,compute,7.14410000029e-05,1,0,0,0,0,0,0,0,0,0,0,0,0,0,0,0,0,0,0
173,cn4508,volume_payload_exchange,communication,0.001576578,1,0,0,0,0,0,0,28,0,0,0,0,0,0,0,8,8,927240,928560
173,cn4508,volume_exchange_unpack,compute,0.110814236,1,0,0,0,0,0,0,2837,0,0,0,0,0,0,1,0,0,0,0
173,cn4508,final_mesh_save,io,0,0,0,0,0,0,0,0,0,0,0,0,0,0,0,0,0,0,0,0
173,cn4508,testout_io,io,0,0,0,0,0,0,0,0,0,0,0,0,0,0,0,0,0,0,0,0
173,cn4508,final_count_exchange,communication,0,0,0,0,0,0,0,0,0,0,0,0,0,0,0,0,0,0,0,0
173,cn4508,quality_evaluation,postprocess,0,0,0,0,0,0,0,0,0,0,0,0,0,0,0,0,0,0,0,0
174,cn4509,geometry_load,io,1.733703079,1,0,0,0,0,0,0,6481,0,1035092,0,0,0,2,3,0,0,0,0
174,cn4509,coarse_local_size,setup,0.45026452,1,0,0,0,0,0,0,7475,0,0,0,0,0,97,20,0,0,0,0
174,cn4509,coarse_edge_mesh,setup,0.012558862,1,0,0,0,0,0,0,522,0,0,0,0,0,0,0,0,0,0,0
174,cn4509,coarse_surface_mesh,setup,8.109664701,1,0,0,0,0,0,0,9502,0,0,0,0,0,0,10,0,0,0,0
174,cn4509,coarse_volume_mesh,setup,13.248954575,1,0,0,0,0,0,0,25525,0,0,0,0,0,36785,1498067,0,0,0,0
174,cn4509,coarse_mesh_save,io,0,0,0,0,0,0,0,0,0,0,0,0,0,0,0,0,0,0,0,0
174,cn4509,submesh_initialization,setup,0.000146020999999,1,0,0,0,0,0,0,21,0,0,0,0,0,0,0,0,0,0,0
174,cn4509,metis_partition,compute,0.384325774,1,0,0,0,0,0,0,1240,0,0,0,0,0,0,1,0,0,0,0
174,cn4509,face_map_setup,compute,0.007386524,1,0,0,0,0,0,0,493,0,0,0,0,0,0,0,0,0,0,0
174,cn4509,face_local_extract,compute,0.158877939,1,0,0,0,0,0,0,822,0,0,0,0,0,0,0,0,0,0,0
174,cn4509,face_pre_collective_wait,synchronization,0.062418667,1,0,0,0,0,0,0,1,0,0,0,0,0,0,0,0,0,0,0
174,cn4509,face_collective_setup,compute,0.000113120999998,1,0,0,0,0,0,0,13,0,0,0,0,0,0,0,0,0,0,0
174,cn4509,face_allgatherv,communication,0.120304803,1,0,0,0,0,0,0,1151,0,0,0,0,0,0,0,1,1,18952,4859624
174,cn4509,face_global_merge,compute,0.078849113,1,0,0,0,0,0,0,570,0,0,0,0,0,0,0,0,0,0,0
174,cn4509,part_face_create,compute,0.019356459,1,0,0,0,0,0,0,4,0,0,0,0,0,0,0,0,0,0,0
174,cn4509,surface_refine,compute,0.006735676,1,0,0,0,0,0,0,40,0,0,0,0,0,0,0,0,0,0,0
174,cn4509,refined_surface_save,io,0,0,0,0,0,0,0,0,0,0,0,0,0,0,0,0,0,0,0,0
174,cn4509,local_volume_mesh,compute,7.266618571,1,0,0,0,0,0,0,2590,0,0,0,0,0,15790,615603,0,0,0,0
174,cn4509,volume_refine,compute,0.322270111,1,0,0,0,0,0,0,5751,0,0,0,0,0,0,1,0,0,0,0
174,cn4509,refined_volume_save,io,0,0,0,0,0,0,0,0,0,0,0,0,0,0,0,0,0,0,0,0
174,cn4509,adjacency_build,compute,0.00472527300001,1,0,0,0,0,0,0,5,0,0,0,0,0,0,0,0,0,0,0
174,cn4509,vertex_numbering_local,compute,0.005842926,1,0,0,0,0,0,0,2,0,0,0,0,0,0,0,0,0,0,0
174,cn4509,vertex_count_allgather,communication,1.07708588,1,0,0,0,0,0,0,30,0,0,0,0,0,0,1,1,1,4,1024
174,cn4509,element_count_allgather,communication,0.007579926,1,0,0,0,0,0,0,0,0,0,0,0,0,0,0,1,1,4,1024
174,cn4509,vertex_exchange_prepare,compute,1.78400000053e-05,1,0,0,0,0,0,0,0,0,0,0,0,0,0,0,0,0,0,0
174,cn4509,vertex_exchange,communication,0.019994407,1,0,0,0,0,0,0,541,0,0,0,0,0,0,0,1,6,14960,62502
174,cn4509,vertex_exchange_unpack,compute,0.000969990999998,1,0,0,0,0,0,0,0,0,0,0,0,0,0,0,0,0,0,0
174,cn4509,partition_result_io,io,0,0,0,0,0,0,0,0,0,0,0,0,0,0,0,0,0,0,0,0
174,cn4509,volume_exchange_pack,compute,0.085280266,2,0,0,0,0,0,0,1,0,0,0,0,0,0,0,0,0,0,0
174,cn4509,volume_size_exchange,communication,0.00205164299999,1,0,0,0,0,0,0,4,0,0,0,0,0,0,0,6,6,24,24
174,cn4509,volume_payload_prepare,compute,6.4260000002e-05,1,0,0,0,0,0,0,0,0,0,0,0,0,0,0,0,0,0,0
174,cn4509,volume_payload_exchange,communication,0.008359435,1,0,0,0,0,0,0,11,0,0,0,0,0,0,0,6,6,802440,810480
174,cn4509,volume_exchange_unpack,compute,0.055075684,1,0,0,0,0,0,0,432,0,0,0,0,0,0,0,0,0,0,0
174,cn4509,final_mesh_save,io,0,0,0,0,0,0,0,0,0,0,0,0,0,0,0,0,0,0,0,0
174,cn4509,testout_io,io,0,0,0,0,0,0,0,0,0,0,0,0,0,0,0,0,0,0,0,0
174,cn4509,final_count_exchange,communication,0,0,0,0,0,0,0,0,0,0,0,0,0,0,0,0,0,0,0,0
174,cn4509,quality_evaluation,postprocess,0,0,0,0,0,0,0,0,0,0,0,0,0,0,0,0,0,0,0,0
175,cn4510,geometry_load,io,1.742127118,1,0,0,0,0,0,0,6483,0,1035092,0,0,0,2,16,0,0,0,0
175,cn4510,coarse_local_size,setup,0.446773136,1,0,0,0,0,0,0,7168,0,0,0,0,0,99,20,0,0,0,0
175,cn4510,coarse_edge_mesh,setup,0.012614958,1,0,0,0,0,0,0,569,0,0,0,0,0,0,1,0,0,0,0
175,cn4510,coarse_surface_mesh,setup,8.10996357,1,0,0,0,0,0,0,9451,0,0,0,0,0,1,70,0,0,0,0
175,cn4510,coarse_volume_mesh,setup,13.223559413,1,0,0,0,0,0,0,24115,0,0,0,0,0,37866,1509890,0,0,0,0
175,cn4510,coarse_mesh_save,io,0,0,0,0,0,0,0,0,0,0,0,0,0,0,0,0,0,0,0,0
175,cn4510,submesh_initialization,setup,0.000113560999999,1,0,0,0,0,0,0,1,0,0,0,0,0,0,0,0,0,0,0
175,cn4510,metis_partition,compute,0.363610853,1,0,0,0,0,0,0,243,0,0,0,0,0,0,3,0,0,0,0
175,cn4510,face_map_setup,compute,0.006622483,1,0,0,0,0,0,0,6,0,0,0,0,0,0,0,0,0,0,0
175,cn4510,face_local_extract,compute,0.160372828,1,0,0,0,0,0,0,645,0,0,0,0,0,0,2,0,0,0,0
175,cn4510,face_pre_collective_wait,synchronization,0.082499034,1,0,0,0,0,0,0,1,0,0,0,0,0,0,1,0,0,0,0
175,cn4510,face_collective_setup,compute,0.000114300999996,1,0,0,0,0,0,0,16,0,0,0,0,0,0,0,0,0,0,0
175,cn4510,face_allgatherv,communication,0.120243206,1,0,0,0,0,0,0,703,0,0,0,0,0,0,1,1,1,18952,4859624
175,cn4510,face_global_merge,compute,0.075315243,1,0,0,0,0,0,0,122,0,0,0,0,0,0,0,0,0,0,0
175,cn4510,part_face_create,compute,0.018379771,1,0,0,0,0,0,0,3,0,0,0,0,0,0,0,0,0,0,0
175,cn4510,surface_refine,compute,0.00519686499999,1,0,0,0,0,0,0,35,0,0,0,0,0,0,0,0,0,0,0
175,cn4510,refined_surface_save,io,0,0,0,0,0,0,0,0,0,0,0,0,0,0,0,0,0,0,0,0
175,cn4510,local_volume_mesh,compute,6.30305446,1,0,0,0,0,0,0,711,0,0,0,0,0,12473,421016,0,0,0,0
175,cn4510,volume_refine,compute,0.196762865,1,0,0,0,0,0,0,3854,0,0,0,0,0,0,1,0,0,0,0
175,cn4510,refined_volume_save,io,0,0,0,0,0,0,0,0,0,0,0,0,0,0,0,0,0,0,0,0
175,cn4510,adjacency_build,compute,0.004252513,1,0,0,0,0,0,0,0,0,0,0,0,0,0,1,0,0,0,0
175,cn4510,vertex_numbering_local,compute,0.003111819,1,0,0,0,0,0,0,2,0,0,0,0,0,0,0,0,0,0,0
175,cn4510,vertex_count_allgather,communication,2.175744789,1,0,0,0,0,0,0,45,0,0,0,0,0,0,18,1,1,4,1024
175,cn4510,element_count_allgather,communication,0.007890398,1,0,0,0,0,0,0,0,0,0,0,0,0,0,0,1,1,4,1024
175,cn4510,vertex_exchange_prepare,compute,1.21799999988e-05,1,0,0,0,0,0,0,0,0,0,0,0,0,0,0,0,0,0,0
175,cn4510,vertex_exchange,communication,0.020453476,1,0,0,0,0,0,0,31,0,0,0,0,0,0,0,0,3,0,30294
175,cn4510,vertex_exchange_unpack,compute,0.000433906000005,1,0,0,0,0,0,0,0,0,0,0,0,0,0,0,0,0,0,0
175,cn4510,partition_result_io,io,0,0,0,0,0,0,0,0,0,0,0,0,0,0,0,0,0,0,0,0
175,cn4510,volume_exchange_pack,compute,0.049922526,2,0,0,0,0,0,0,1,0,0,0,0,0,0,1,0,0,0,0
175,cn4510,volume_size_exchange,communication,0.036607318,1,0,0,0,0,0,0,2,0,0,0,0,0,0,0,3,3,12,12
175,cn4510,volume_payload_prepare,compute,2.73200000009e-05,1,0,0,0,0,0,0,0,0,0,0,0,0,0,0,0,0,0,0
175,cn4510,volume_payload_exchange,communication,0.008431346,1,0,0,0,0,0,0,14,0,0,0,0,0,0,0,3,3,309960,309480
175,cn4510,volume_exchange_unpack,compute,0.031360453,1,0,0,0,0,0,0,0,0,0,0,0,0,0,0,0,0,0,0
175,cn4510,final_mesh_save,io,0,0,0,0,0,0,0,0,0,0,0,0,0,0,0,0,0,0,0,0
175,cn4510,testout_io,io,0,0,0,0,0,0,0,0,0,0,0,0,0,0,0,0,0,0,0,0
175,cn4510,final_count_exchange,communication,0,0,0,0,0,0,0,0,0,0,0,0,0,0,0,0,0,0,0,0
175,cn4510,quality_evaluation,postprocess,0,0,0,0,0,0,0,0,0,0,0,0,0,0,0,0,0,0,0,0
176,cn4511,geometry_load,io,1.729207144,1,0,0,0,0,0,0,6484,0,1035092,0,0,0,2,5,0,0,0,0
176,cn4511,coarse_local_size,setup,0.449057196,1,0,0,0,0,0,0,7546,0,0,0,0,0,111,20,0,0,0,0
176,cn4511,coarse_edge_mesh,setup,0.01262758,1,0,0,0,0,0,0,570,0,0,0,0,0,0,0,0,0,0,0
176,cn4511,coarse_surface_mesh,setup,8.169948736,1,0,0,0,0,0,0,11018,0,0,0,0,0,0,14,0,0,0,0
176,cn4511,coarse_volume_mesh,setup,13.241795032,1,0,0,0,0,0,0,29800,0,0,0,0,0,36202,1461554,0,0,0,0
176,cn4511,coarse_mesh_save,io,0,0,0,0,0,0,0,0,0,0,0,0,0,0,0,0,0,0,0,0
176,cn4511,submesh_initialization,setup,0.000123962000004,1,0,0,0,0,0,0,1,0,0,0,0,0,0,0,0,0,0,0
176,cn4511,metis_partition,compute,0.376422698,1,0,0,0,0,0,0,452,0,0,0,0,0,0,0,0,0,0,0
176,cn4511,face_map_setup,compute,0.007355005,1,0,0,0,0,0,0,214,0,0,0,0,0,0,0,0,0,0,0
176,cn4511,face_local_extract,compute,0.160723716,1,0,0,0,0,0,0,625,0,0,0,0,0,0,1,0,0,0,0
176,cn4511,face_pre_collective_wait,synchronization,0.068513639,1,0,0,0,0,0,0,1,0,0,0,0,0,0,0,0,0,0,0
176,cn4511,face_collective_setup,compute,0.000120081999995,1,0,0,0,0,0,0,16,0,0,0,0,0,0,0,0,0,0,0
176,cn4511,face_allgatherv,communication,0.120204457,1,0,0,0,0,0,0,754,0,0,0,0,0,0,0,1,1,18952,4859624
176,cn4511,face_global_merge,compute,0.078070195,1,0,0,0,0,0,0,258,0,0,0,0,0,0,0,0,0,0,0
176,cn4511,part_face_create,compute,0.019658061,1,0,0,0,0,0,0,4,0,0,0,0,0,0,0,0,0,0,0
176,cn4511,surface_refine,compute,0.007130802,1,0,0,0,0,0,0,41,0,0,0,0,0,0,0,0,0,0,0
176,cn4511,refined_surface_save,io,0,0,0,0,0,0,0,0,0,0,0,0,0,0,0,0,0,0,0,0
176,cn4511,local_volume_mesh,compute,7.704368725,1,0,0,0,0,0,0,3060,0,0,0,0,0,13786,427700,0,0,0,0
176,cn4511,volume_refine,compute,0.243174194,1,0,0,0,0,0,0,5128,0,0,0,0,0,0,1,0,0,0,0
176,cn4511,refined_volume_save,io,0,0,0,0,0,0,0,0,0,0,0,0,0,0,0,0,0,0,0,0
176,cn4511,adjacency_build,compute,0.005007811,1,0,0,0,0,0,0,10,0,0,0,0,0,0,0,0,0,0,0
176,cn4511,vertex_numbering_local,compute,0.008585603,1,0,0,0,0,0,0,3,0,0,0,0,0,0,0,0,0,0,0
176,cn4511,vertex_count_allgather,communication,0.715507162,1,0,0,0,0,0,0,53,0,0,0,0,0,0,0,1,1,4,1024
176,cn4511,element_count_allgather,communication,0.007632289,1,0,0,0,0,0,0,0,0,0,0,0,0,0,0,1,1,4,1024
176,cn4511,vertex_exchange_prepare,compute,2.28210000017e-05,1,0,0,0,0,0,0,0,0,0,0,0,0,0,0,0,0,0,0
176,cn4511,vertex_exchange,communication,0.020263929,1,0,0,0,0,0,0,304,0,0,0,0,0,0,0,10,8,116842,62480
176,cn4511,vertex_exchange_unpack,compute,0.000939232999997,1,0,0,0,0,0,0,0,0,0,0,0,0,0,0,0,0,0,0
176,cn4511,partition_result_io,io,0,0,0,0,0,0,0,0,0,0,0,0,0,0,0,0,0,0,0,0
176,cn4511,volume_exchange_pack,compute,0.093617317,2,0,0,0,0,0,0,1,0,0,0,0,0,0,1,0,0,0,0
176,cn4511,volume_size_exchange,communication,0.000896093000001,1,0,0,0,0,0,0,45,0,0,0,0,0,0,0,10,10,40,40
176,cn4511,volume_payload_prepare,compute,0.000143842,1,0,0,0,0,0,0,0,0,0,0,0,0,0,0,0,0,0,0
176,cn4511,volume_payload_exchange,communication,0.002224512,1,0,0,0,0,0,0,22,0,0,0,0,0,0,0,10,10,1856280,1860120
176,cn4511,volume_exchange_unpack,compute,0.07554464,1,0,0,0,0,0,0,2515,0,0,0,0,0,0,0,0,0,0,0
176,cn4511,final_mesh_save,io,0,0,0,0,0,0,0,0,0,0,0,0,0,0,0,0,0,0,0,0
176,cn4511,testout_io,io,0,0,0,0,0,0,0,0,0,0,0,0,0,0,0,0,0,0,0,0
176,cn4511,final_count_exchange,communication,0,0,0,0,0,0,0,0,0,0,0,0,0,0,0,0,0,0,0,0
176,cn4511,quality_evaluation,postprocess,0,0,0,0,0,0,0,0,0,0,0,0,0,0,0,0,0,0,0,0
177,cn4512,geometry_load,io,1.731144892,1,0,0,0,0,0,0,5127,0,1035092,0,0,0,2,4,0,0,0,0
177,cn4512,coarse_local_size,setup,0.460846474,1,0,0,0,0,0,0,7160,0,0,0,0,0,150,21,0,0,0,0
177,cn4512,coarse_edge_mesh,setup,0.012268211,1,0,0,0,0,0,0,520,0,0,0,0,0,0,0,0,0,0,0
177,cn4512,coarse_surface_mesh,setup,8.013326895,1,0,0,0,0,0,0,8424,0,0,0,0,0,0,11,0,0,0,0
177,cn4512,coarse_volume_mesh,setup,13.314563199,1,0,0,0,0,0,0,28456,0,0,0,0,0,39408,1690036,0,0,0,0
177,cn4512,coarse_mesh_save,io,0,0,0,0,0,0,0,0,0,0,0,0,0,0,0,0,0,0,0,0
177,cn4512,submesh_initialization,setup,0.000121602,1,0,0,0,0,0,0,1,0,0,0,0,0,0,0,0,0,0,0
177,cn4512,metis_partition,compute,0.380388323,1,0,0,0,0,0,0,906,0,0,0,0,0,0,1,0,0,0,0
177,cn4512,face_map_setup,compute,0.007170348,1,0,0,0,0,0,0,227,0,0,0,0,0,0,0,0,0,0,0
177,cn4512,face_local_extract,compute,0.1592314,1,0,0,0,0,0,0,646,0,0,0,0,0,0,0,0,0,0,0
177,cn4512,face_pre_collective_wait,synchronization,0.066271936,1,0,0,0,0,0,0,1,0,0,0,0,0,0,0,0,0,0,0
177,cn4512,face_collective_setup,compute,0.000109922,1,0,0,0,0,0,0,15,0,0,0,0,0,0,0,0,0,0,0
177,cn4512,face_allgatherv,communication,0.12020518,1,0,0,0,0,0,0,683,0,0,0,0,0,0,0,1,1,18952,4859624
177,cn4512,face_global_merge,compute,0.07882497,1,0,0,0,0,0,0,335,0,0,0,0,0,0,0,0,0,0,0
177,cn4512,part_face_create,compute,0.019344618,1,0,0,0,0,0,0,3,0,0,0,0,0,0,0,0,0,0,0
177,cn4512,surface_refine,compute,0.006449259,1,0,0,0,0,0,0,40,0,0,0,0,0,0,0,0,0,0,0
177,cn4512,refined_surface_save,io,0,0,0,0,0,0,0,0,0,0,0,0,0,0,0,0,0,0,0,0
177,cn4512,local_volume_mesh,compute,6.723875039,1,0,0,0,0,0,0,2098,0,0,0,0,0,7749,336612,0,0,0,0
177,cn4512,volume_refine,compute,0.246565895,1,0,0,0,0,0,0,5194,0,0,0,0,0,0,0,0,0,0,0
177,cn4512,refined_volume_save,io,0,0,0,0,0,0,0,0,0,0,0,0,0,0,0,0,0,0,0,0
177,cn4512,adjacency_build,compute,0.00490022,1,0,0,0,0,0,0,10,0,0,0,0,0,0,0,0,0,0,0
177,cn4512,vertex_numbering_local,compute,0.007591493,1,0,0,0,0,0,0,3,0,0,0,0,0,0,0,0,0,0,0
177,cn4512,vertex_count_allgather,communication,1.694085656,1,0,0,0,0,0,0,43,0,0,0,0,0,0,2,1,1,4,1024
177,cn4512,element_count_allgather,communication,0.007825296,1,0,0,0,0,0,0,0,0,0,0,0,0,0,0,1,1,4,1024
177,cn4512,vertex_exchange_prepare,compute,1.82609999939e-05,1,0,0,0,0,0,0,0,0,0,0,0,0,0,0,0,0,0,0
177,cn4512,vertex_exchange,communication,0.011966347,1,0,0,0,0,0,0,42,0,0,0,0,0,0,0,8,5,78738,70818
177,cn4512,vertex_exchange_unpack,compute,0.001025413,1,0,0,0,0,0,0,0,0,0,0,0,0,0,0,0,0,0,0
177,cn4512,partition_result_io,io,0,0,0,0,0,0,0,0,0,0,0,0,0,0,0,0,0,0,0,0
177,cn4512,volume_exchange_pack,compute,0.102088477,2,0,0,0,0,0,0,2,0,0,0,0,0,0,0,0,0,0,0
177,cn4512,volume_size_exchange,communication,4.47009999931e-05,1,0,0,0,0,0,0,0,0,0,0,0,0,0,0,8,8,32,32
177,cn4512,volume_payload_prepare,compute,0.000114400999998,1,0,0,0,0,0,0,0,0,0,0,0,0,0,0,0,0,0,0
177,cn4512,volume_payload_exchange,communication,0.002298508,1,0,0,0,0,0,0,29,0,0,0,0,0,0,0,8,8,1553640,1551960
177,cn4512,volume_exchange_unpack,compute,0.064250371,1,0,0,0,0,0,0,1180,0,0,0,0,0,0,0,0,0,0,0
177,cn4512,final_mesh_save,io,0,0,0,0,0,0,0,0,0,0,0,0,0,0,0,0,0,0,0,0
177,cn4512,testout_io,io,0,0,0,0,0,0,0,0,0,0,0,0,0,0,0,0,0,0,0,0
177,cn4512,final_count_exchange,communication,0,0,0,0,0,0,0,0,0,0,0,0,0,0,0,0,0,0,0,0
177,cn4512,quality_evaluation,postprocess,0,0,0,0,0,0,0,0,0,0,0,0,0,0,0,0,0,0,0,0
178,cn4513,geometry_load,io,1.741147543,1,0,0,0,0,0,0,6485,0,1035092,0,0,0,2,15,0,0,0,0
178,cn4513,coarse_local_size,setup,0.453723922,1,0,0,0,0,0,0,7572,0,0,0,0,0,99,22,0,0,0,0
178,cn4513,coarse_edge_mesh,setup,0.01257551,1,0,0,0,0,0,0,576,0,0,0,0,0,0,0,0,0,0,0
178,cn4513,coarse_surface_mesh,setup,8.105033808,1,0,0,0,0,0,0,9513,0,0,0,0,0,0,72,0,0,0,0
178,cn4513,coarse_volume_mesh,setup,13.257367303,1,0,0,0,0,0,0,25840,0,0,0,0,0,37663,1610310,0,0,0,0
178,cn4513,coarse_mesh_save,io,0,0,0,0,0,0,0,0,0,0,0,0,0,0,0,0,0,0,0,0
178,cn4513,submesh_initialization,setup,0.000119362,1,0,0,0,0,0,0,1,0,0,0,0,0,0,0,0,0,0,0
178,cn4513,metis_partition,compute,0.415595164,1,0,0,0,0,0,0,158,0,0,0,0,0,0,3,0,0,0,0
178,cn4513,face_map_setup,compute,0.006638259,1,0,0,0,0,0,0,3,0,0,0,0,0,0,0,0,0,0,0
178,cn4513,face_local_extract,compute,0.155241542,1,0,0,0,0,0,0,24,0,0,0,0,0,0,2,0,0,0,0
178,cn4513,face_pre_collective_wait,synchronization,0.035519766,1,0,0,0,0,0,0,1,0,0,0,0,0,0,0,0,0,0,0
178,cn4513,face_collective_setup,compute,0.000109721999998,1,0,0,0,0,0,0,16,0,0,0,0,0,0,0,0,0,0,0
178,cn4513,face_allgatherv,communication,0.120151121,1,0,0,0,0,0,0,46,0,0,0,0,0,0,1,1,1,18952,4859624
178,cn4513,face_global_merge,compute,0.073900567,1,0,0,0,0,0,0,0,0,0,0,0,0,0,0,0,0,0,0
178,cn4513,part_face_create,compute,0.018368601,1,0,0,0,0,0,0,3,0,0,0,0,0,0,1,0,0,0,0
178,cn4513,surface_refine,compute,0.005387665,1,0,0,0,0,0,0,1,0,0,0,0,0,0,1,0,0,0,0
178,cn4513,refined_surface_save,io,0,0,0,0,0,0,0,0,0,0,0,0,0,0,0,0,0,0,0,0
178,cn4513,local_volume_mesh,compute,6.198961448,1,0,0,0,0,0,0,622,0,0,0,0,0,12057,337084,0,0,0,0
178,cn4513,volume_refine,compute,0.171545357,1,0,0,0,0,0,0,3866,0,0,0,0,0,0,2,0,0,0,0
178,cn4513,refined_volume_save,io,0,0,0,0,0,0,0,0,0,0,0,0,0,0,0,0,0,0,0,0
178,cn4513,adjacency_build,compute,0.004494694,1,0,0,0,0,0,0,0,0,0,0,0,0,0,0,0,0,0,0
178,cn4513,vertex_numbering_local,compute,0.006578799,1,0,0,0,0,0,0,2,0,0,0,0,0,0,0,0,0,0,0
178,cn4513,vertex_count_allgather,communication,2.302781679,1,0,0,0,0,0,0,32,0,0,0,0,0,0,20,1,1,4,1024
178,cn4513,element_count_allgather,communication,0.007842674,1,0,0,0,0,0,0,0,0,0,0,0,0,0,0,1,1,4,1024
178,cn4513,vertex_exchange_prepare,compute,2.09199999972e-05,1,0,0,0,0,0,0,0,0,0,0,0,0,0,0,0,0,0,0
178,cn4513,vertex_exchange,communication,0.011964564,1,0,0,0,0,0,0,288,0,0,0,0,0,0,0,8,9,66484,90288
178,cn4513,vertex_exchange_unpack,compute,0.001242095,1,0,0,0,0,0,0,0,0,0,0,0,0,0,0,0,0,0,0
178,cn4513,partition_result_io,io,0,0,0,0,0,0,0,0,0,0,0,0,0,0,0,0,0,0,0,0
178,cn4513,volume_exchange_pack,compute,0.07003574,2,0,0,0,0,0,0,1,0,0,0,0,0,0,1,0,0,0,0
178,cn4513,volume_size_exchange,communication,0.029778077,1,0,0,0,0,0,0,35,0,0,0,0,0,0,0,9,9,36,36
178,cn4513,volume_payload_prepare,compute,0.000129082000001,1,0,0,0,0,0,0,0,0,0,0,0,0,0,0,0,0,0,0
178,cn4513,volume_payload_exchange,communication,0.00418003,1,0,0,0,0,0,0,19,0,0,0,0,0,0,0,9,9,1671960,1686720
178,cn4513,volume_exchange_unpack,compute,0.052192826,1,0,0,0,0,0,0,669,0,0,0,0,0,0,1,0,0,0,0
178,cn4513,final_mesh_save,io,0,0,0,0,0,0,0,0,0,0,0,0,0,0,0,0,0,0,0,0
178,cn4513,testout_io,io,0,0,0,0,0,0,0,0,0,0,0,0,0,0,0,0,0,0,0,0
178,cn4513,final_count_exchange,communication,0,0,0,0,0,0,0,0,0,0,0,0,0,0,0,0,0,0,0,0
178,cn4513,quality_evaluation,postprocess,0,0,0,0,0,0,0,0,0,0,0,0,0,0,0,0,0,0,0,0
179,cn4514,geometry_load,io,1.742391385,1,0,0,0,0,0,0,6482,0,1035092,0,0,0,2,3,0,0,0,0
179,cn4514,coarse_local_size,setup,0.446686953,1,0,0,0,0,0,0,7309,0,0,0,0,0,109,22,0,0,0,0
179,cn4514,coarse_edge_mesh,setup,0.012607129,1,0,0,0,0,0,0,570,0,0,0,0,0,0,0,0,0,0,0
179,cn4514,coarse_surface_mesh,setup,8.107918079,1,0,0,0,0,0,0,9395,0,0,0,0,0,0,9,0,0,0,0
179,cn4514,coarse_volume_mesh,setup,13.247859497,1,0,0,0,0,0,0,23687,0,0,0,0,0,36915,1517329,0,0,0,0
179,cn4514,coarse_mesh_save,io,0,0,0,0,0,0,0,0,0,0,0,0,0,0,0,0,0,0,0,0
179,cn4514,submesh_initialization,setup,0.000121262,1,0,0,0,0,0,0,1,0,0,0,0,0,0,0,0,0,0,0
179,cn4514,metis_partition,compute,0.369134491,1,0,0,0,0,0,0,291,0,0,0,0,0,0,0,0,0,0,0
179,cn4514,face_map_setup,compute,0.00674246,1,0,0,0,0,0,0,66,0,0,0,0,0,0,0,0,0,0,0
179,cn4514,face_local_extract,compute,0.15807446,1,0,0,0,0,0,0,638,0,0,0,0,0,0,0,0,0,0,0
179,cn4514,face_pre_collective_wait,synchronization,0.07908072,1,0,0,0,0,0,0,1,0,0,0,0,0,0,0,0,0,0,0
179,cn4514,face_collective_setup,compute,0.000108242000003,1,0,0,0,0,0,0,14,0,0,0,0,0,0,0,0,0,0,0
179,cn4514,face_allgatherv,communication,0.120096968,1,0,0,0,0,0,0,869,0,0,0,0,0,0,0,1,1,18952,4859624
179,cn4514,face_global_merge,compute,0.074794929,1,0,0,0,0,0,0,197,0,0,0,0,0,0,0,0,0,0,0
179,cn4514,part_face_create,compute,0.018646062,1,0,0,0,0,0,0,3,0,0,0,0,0,0,0,0,0,0,0
179,cn4514,surface_refine,compute,0.005767929,1,0,0,0,0,0,0,37,0,0,0,0,0,0,0,0,0,0,0
179,cn4514,refined_surface_save,io,0,0,0,0,0,0,0,0,0,0,0,0,0,0,0,0,0,0,0,0
179,cn4514,local_volume_mesh,compute,6.454874717,1,0,0,0,0,0,0,635,0,0,0,0,0,10255,290930,0,0,0,0
179,cn4514,volume_refine,compute,0.185968052,1,0,0,0,0,0,0,3963,0,0,0,0,0,0,0,0,0,0,0
179,cn4514,refined_volume_save,io,0,0,0,0,0,0,0,0,0,0,0,0,0,0,0,0,0,0,0,0
179,cn4514,adjacency_build,compute,0.004744036,1,0,0,0,0,0,0,0,0,0,0,0,0,0,0,0,0,0,0
179,cn4514,vertex_numbering_local,compute,0.00753685,1,0,0,0,0,0,0,192,0,0,0,0,0,0,0,0,0,0,0
179,cn4514,vertex_count_allgather,communication,2.02954356,1,0,0,0,0,0,0,73,0,0,0,0,0,0,3,1,1,4,1024
179,cn4514,element_count_allgather,communication,0.007870453,1,0,0,0,0,0,0,0,0,0,0,0,0,0,0,1,1,4,1024
179,cn4514,vertex_exchange_prepare,compute,7.1540999997e-05,1,0,0,0,0,0,0,27,0,0,0,0,0,0,0,0,0,0,0
179,cn4514,vertex_exchange,communication,0.012032823,1,0,0,0,0,0,0,62,0,0,0,0,0,0,0,5,9,20878,169180
179,cn4514,vertex_exchange_unpack,compute,0.002309748,1,0,0,0,0,0,0,0,0,0,0,0,0,0,0,0,0,0,0
179,cn4514,partition_result_io,io,0,0,0,0,0,0,0,0,0,0,0,0,0,0,0,0,0,0,0,0
179,cn4514,volume_exchange_pack,compute,0.08244578,2,0,0,0,0,0,0,506,0,0,0,0,0,0,0,0,0,0,0
179,cn4514,volume_size_exchange,communication,0.018804963,1,0,0,0,0,0,0,78,0,0,0,0,0,0,0,10,10,40,40
179,cn4514,volume_payload_prepare,compute,0.000325744000001,1,0,0,0,0,0,0,142,0,0,0,0,0,0,0,0,0,0,0
179,cn4514,volume_payload_exchange,communication,0.002297287,1,0,0,0,0,0,0,13,0,0,0,0,0,0,0,10,10,2050920,2050320
179,cn4514,volume_exchange_unpack,compute,0.065056194,1,0,0,0,0,0,0,1876,0,0,0,0,0,0,0,0,0,0,0
179,cn4514,final_mesh_save,io,0,0,0,0,0,0,0,0,0,0,0,0,0,0,0,0,0,0,0,0
179,cn4514,testout_io,io,0,0,0,0,0,0,0,0,0,0,0,0,0,0,0,0,0,0,0,0
179,cn4514,final_count_exchange,communication,0,0,0,0,0,0,0,0,0,0,0,0,0,0,0,0,0,0,0,0
179,cn4514,quality_evaluation,postprocess,0,0,0,0,0,0,0,0,0,0,0,0,0,0,0,0,0,0,0,0
180,cn4515,geometry_load,io,1.723839858,1,0,0,0,0,0,0,6501,0,1035092,0,0,0,2,3,0,0,0,0
180,cn4515,coarse_local_size,setup,0.442713449,1,0,0,0,0,0,0,7171,0,0,0,0,0,87,20,0,0,0,0
180,cn4515,coarse_edge_mesh,setup,0.012689627,1,0,0,0,0,0,0,567,0,0,0,0,0,0,0,0,0,0,0
180,cn4515,coarse_surface_mesh,setup,8.19780482,1,0,0,0,0,0,0,12931,0,0,0,0,0,0,8,0,0,0,0
180,cn4515,coarse_volume_mesh,setup,13.36138765,1,0,0,0,0,0,0,32389,0,0,0,0,0,37854,1577251,0,0,0,0
180,cn4515,coarse_mesh_save,io,0,0,0,0,0,0,0,0,0,0,0,0,0,0,0,0,0,0,0,0
180,cn4515,submesh_initialization,setup,0.000129121999997,1,0,0,0,0,0,0,1,0,0,0,0,0,0,0,0,0,0,0
180,cn4515,metis_partition,compute,0.3781994,1,0,0,0,0,0,0,624,0,0,0,0,0,0,1,0,0,0,0
180,cn4515,face_map_setup,compute,0.007497098,1,0,0,0,0,0,0,228,0,0,0,0,0,0,0,0,0,0,0
180,cn4515,face_local_extract,compute,0.158886792,1,0,0,0,0,0,0,633,0,0,0,0,0,0,0,0,0,0,0
180,cn4515,face_pre_collective_wait,synchronization,0.06841236,1,0,0,0,0,0,0,1,0,0,0,0,0,0,0,0,0,0,0
180,cn4515,face_collective_setup,compute,0.000117001999996,1,0,0,0,0,0,0,15,0,0,0,0,0,0,0,0,0,0,0
180,cn4515,face_allgatherv,communication,0.120090601,1,0,0,0,0,0,0,1154,0,0,0,0,0,0,0,1,1,18952,4859624
180,cn4515,face_global_merge,compute,0.080234297,1,0,0,0,0,0,0,447,0,0,0,0,0,0,0,0,0,0,0
180,cn4515,part_face_create,compute,0.019444256,1,0,0,0,0,0,0,4,0,0,0,0,0,0,0,0,0,0,0
180,cn4515,surface_refine,compute,0.006459745,1,0,0,0,0,0,0,40,0,0,0,0,0,0,0,0,0,0,0
180,cn4515,refined_surface_save,io,0,0,0,0,0,0,0,0,0,0,0,0,0,0,0,0,0,0,0,0
180,cn4515,local_volume_mesh,compute,6.588821355,1,0,0,0,0,0,0,2263,0,0,0,0,0,9930,387522,0,0,0,0
180,cn4515,volume_refine,compute,0.223797187,1,0,0,0,0,0,0,5597,0,0,0,0,0,0,0,0,0,0,0
180,cn4515,refined_volume_save,io,0,0,0,0,0,0,0,0,0,0,0,0,0,0,0,0,0,0,0,0
180,cn4515,adjacency_build,compute,0.004908984,1,0,0,0,0,0,0,12,0,0,0,0,0,0,0,0,0,0,0
180,cn4515,vertex_numbering_local,compute,0.006896651,1,0,0,0,0,0,0,4,0,0,0,0,0,0,0,0,0,0,0
180,cn4515,vertex_count_allgather,communication,1.851097734,1,0,0,0,0,0,0,56,0,0,0,0,0,0,2,1,1,4,1024
180,cn4515,element_count_allgather,communication,0.007628341,1,0,0,0,0,0,0,0,0,0,0,0,0,0,0,1,1,4,1024
180,cn4515,vertex_exchange_prepare,compute,1.6500000001e-05,1,0,0,0,0,0,0,0,0,0,0,0,0,0,0,0,0,0,0
180,cn4515,vertex_exchange,communication,0.020847114,1,0,0,0,0,0,0,803,0,0,0,0,0,0,0,8,5,101750,36322
180,cn4515,vertex_exchange_unpack,compute,0.000571527000005,1,0,0,0,0,0,0,0,0,0,0,0,0,0,0,0,0,0,0
180,cn4515,partition_result_io,io,0,0,0,0,0,0,0,0,0,0,0,0,0,0,0,0,0,0,0,0
180,cn4515,volume_exchange_pack,compute,0.082922252,2,0,0,0,0,0,0,2,0,0,0,0,0,0,0,0,0,0,0
180,cn4515,volume_size_exchange,communication,0.010834203,1,0,0,0,0,0,0,8,0,0,0,0,0,0,0,7,7,28,28
180,cn4515,volume_payload_prepare,compute,0.000106242000001,1,0,0,0,0,0,0,0,0,0,0,0,0,0,0,0,0,0,0
180,cn4515,volume_payload_exchange,communication,0.001826164,1,0,0,0,0,0,0,31,0,0,0,0,0,0,0,7,7,1422720,1426800
180,cn4515,volume_exchange_unpack,compute,0.058100705,1,0,0,0,0,0,0,573,0,0,0,0,0,0,0,0,0,0,0
180,cn4515,final_mesh_save,io,0,0,0,0,0,0,0,0,0,0,0,0,0,0,0,0,0,0,0,0
180,cn4515,testout_io,io,0,0,0,0,0,0,0,0,0,0,0,0,0,0,0,0,0,0,0,0
180,cn4515,final_count_exchange,communication,0,0,0,0,0,0,0,0,0,0,0,0,0,0,0,0,0,0,0,0
180,cn4515,quality_evaluation,postprocess,0,0,0,0,0,0,0,0,0,0,0,0,0,0,0,0,0,0,0,0
181,cn4516,geometry_load,io,1.744700003,1,0,0,0,0,0,0,6486,0,1035092,0,0,0,2,2,0,0,0,0
181,cn4516,coarse_local_size,setup,0.452580466,1,0,0,0,0,0,0,7494,0,0,0,0,0,103,21,0,0,0,0
181,cn4516,coarse_edge_mesh,setup,0.012694867,1,0,0,0,0,0,0,521,0,0,0,0,0,0,0,0,0,0,0
181,cn4516,coarse_surface_mesh,setup,8.106174164,1,0,0,0,0,0,0,9957,0,0,0,0,0,2,9,0,0,0,0
181,cn4516,coarse_volume_mesh,setup,13.37507113,1,0,0,0,0,0,0,23564,0,0,0,0,0,39054,1694319,0,0,0,0
181,cn4516,coarse_mesh_save,io,0,0,0,0,0,0,0,0,0,0,0,0,0,0,0,0,0,0,0,0
181,cn4516,submesh_initialization,setup,0.000116740999999,1,0,0,0,0,0,0,1,0,0,0,0,0,0,0,0,0,0,0
181,cn4516,metis_partition,compute,0.361404428,1,0,0,0,0,0,0,59,0,0,0,0,0,0,0,0,0,0,0
181,cn4516,face_map_setup,compute,0.006677828,1,0,0,0,0,0,0,3,0,0,0,0,0,0,0,0,0,0,0
181,cn4516,face_local_extract,compute,0.152011297,1,0,0,0,0,0,0,24,0,0,0,0,0,0,0,0,0,0,0
181,cn4516,face_pre_collective_wait,synchronization,0.092970902,1,0,0,0,0,0,0,1,0,0,0,0,0,0,0,0,0,0,0
181,cn4516,face_collective_setup,compute,0.000113401999997,1,0,0,0,0,0,0,16,0,0,0,0,0,0,0,0,0,0,0
181,cn4516,face_allgatherv,communication,0.120049537,1,0,0,0,0,0,0,48,0,0,0,0,0,0,1,1,1,18952,4859624
181,cn4516,face_global_merge,compute,0.073980672,1,0,0,0,0,0,0,0,0,0,0,0,0,0,0,0,0,0,0
181,cn4516,part_face_create,compute,0.018336101,1,0,0,0,0,0,0,3,0,0,0,0,0,0,0,0,0,0,0
181,cn4516,surface_refine,compute,0.006137901,1,0,0,0,0,0,0,1,0,0,0,0,0,0,0,0,0,0,0
181,cn4516,refined_surface_save,io,0,0,0,0,0,0,0,0,0,0,0,0,0,0,0,0,0,0,0,0
181,cn4516,local_volume_mesh,compute,7.399770863,1,0,0,0,0,0,0,629,0,0,0,0,0,15910,478361,0,0,0,0
181,cn4516,volume_refine,compute,0.244347171,1,0,0,0,0,0,0,3740,0,0,0,0,0,0,0,0,0,0,0
181,cn4516,refined_volume_save,io,0,0,0,0,0,0,0,0,0,0,0,0,0,0,0,0,0,0,0,0
181,cn4516,adjacency_build,compute,0.004438218,1,0,0,0,0,0,0,0,0,0,0,0,0,0,0,0,0,0,0
181,cn4516,vertex_numbering_local,compute,0.004966626,1,0,0,0,0,0,0,2,0,0,0,0,0,0,0,0,0,0,0
181,cn4516,vertex_count_allgather,communication,1.030176815,1,0,0,0,0,0,0,32,0,0,0,0,0,0,1,1,1,4,1024
181,cn4516,element_count_allgather,communication,4.22809999989e-05,1,0,0,0,0,0,0,0,0,0,0,0,0,0,0,1,1,4,1024
181,cn4516,vertex_exchange_prepare,compute,1.27809999952e-05,1,0,0,0,0,0,0,0,0,0,0,0,0,0,0,0,0,0,0
181,cn4516,vertex_exchange,communication,0.020843234,1,0,0,0,0,0,0,35,0,0,0,0,0,0,0,4,2,26620,36256
181,cn4516,vertex_exchange_unpack,compute,0.000515366999998,1,0,0,0,0,0,0,0,0,0,0,0,0,0,0,0,0,0,0
181,cn4516,partition_result_io,io,0,0,0,0,0,0,0,0,0,0,0,0,0,0,0,0,0,0,0,0
181,cn4516,volume_exchange_pack,compute,0.070992433,2,0,0,0,0,0,0,1,0,0,0,0,0,0,0,0,0,0,0
181,cn4516,volume_size_exchange,communication,0.022726319,1,0,0,0,0,0,0,6,0,0,0,0,0,0,0,5,5,20,20
181,cn4516,volume_payload_prepare,compute,5.15010000015e-05,1,0,0,0,0,0,0,0,0,0,0,0,0,0,0,0,0,0,0
181,cn4516,volume_payload_exchange,communication,0.001761003,1,0,0,0,0,0,0,11,0,0,0,0,0,0,0,5,5,653880,647280
181,cn4516,volume_exchange_unpack,compute,0.047348143,1,0,0,0,0,0,0,0,0,0,0,0,0,0,1,0,0,0,0
181,cn4516,final_mesh_save,io,0,0,0,0,0,0,0,0,0,0,0,0,0,0,0,0,0,0,0,0
181,cn4516,testout_io,io,0,0,0,0,0,0,0,0,0,0,0,0,0,0,0,0,0,0,0,0
181,cn4516,final_count_exchange,communication,0,0,0,0,0,0,0,0,0,0,0,0,0,0,0,0,0,0,0,0
181,cn4516,quality_evaluation,postprocess,0,0,0,0,0,0,0,0,0,0,0,0,0,0,0,0,0,0,0,0
182,cn4517,geometry_load,io,1.729874252,1,0,0,0,0,0,0,6483,0,1035092,0,0,0,2,2,0,0,0,0
182,cn4517,coarse_local_size,setup,0.466986691,1,0,0,0,0,0,0,7564,0,0,0,0,0,109,22,0,0,0,0
182,cn4517,coarse_edge_mesh,setup,0.012785455,1,0,0,0,0,0,0,550,0,0,0,0,0,0,0,0,0,0,0
182,cn4517,coarse_surface_mesh,setup,8.190613411,1,0,0,0,0,0,0,12883,0,0,0,0,0,0,14,0,0,0,0
182,cn4517,coarse_volume_mesh,setup,13.309253089,1,0,0,0,0,0,0,28900,0,0,0,0,0,36122,1492963,0,0,0,0
182,cn4517,coarse_mesh_save,io,0,0,0,0,0,0,0,0,0,0,0,0,0,0,0,0,0,0,0,0
182,cn4517,submesh_initialization,setup,0.000119462000001,1,0,0,0,0,0,0,4,0,0,0,0,0,0,0,0,0,0,0
182,cn4517,metis_partition,compute,0.376633598,1,0,0,0,0,0,0,493,0,0,0,0,0,0,0,0,0,0,0
182,cn4517,face_map_setup,compute,0.007205207,1,0,0,0,0,0,0,226,0,0,0,0,0,0,0,0,0,0,0
182,cn4517,face_local_extract,compute,0.163288296,1,0,0,0,0,0,0,645,0,0,0,0,0,0,1,0,0,0,0
182,cn4517,face_pre_collective_wait,synchronization,0.065849577,1,0,0,0,0,0,0,1,0,0,0,0,0,0,0,0,0,0,0
182,cn4517,face_collective_setup,compute,0.000117882000005,1,0,0,0,0,0,0,16,0,0,0,0,0,0,0,0,0,0,0
182,cn4517,face_allgatherv,communication,0.120018972,1,0,0,0,0,0,0,888,0,0,0,0,0,0,0,1,1,18952,4859624
182,cn4517,face_global_merge,compute,0.078360748,1,0,0,0,0,0,0,171,0,0,0,0,0,0,0,0,0,0,0
182,cn4517,part_face_create,compute,0.019519176,1,0,0,0,0,0,0,4,0,0,0,0,0,0,0,0,0,0,0
182,cn4517,surface_refine,compute,0.006066633,1,0,0,0,0,0,0,10,0,0,0,0,0,0,0,0,0,0,0
182,cn4517,refined_surface_save,io,0,0,0,0,0,0,0,0,0,0,0,0,0,0,0,0,0,0,0,0
182,cn4517,local_volume_mesh,compute,6.502115059,1,0,0,0,0,0,0,2364,0,0,0,0,0,7135,284731,0,0,0,0
182,cn4517,volume_refine,compute,0.199957739,1,0,0,0,0,0,0,4849,0,0,0,0,0,0,1,0,0,0,0
182,cn4517,refined_volume_save,io,0,0,0,0,0,0,0,0,0,0,0,0,0,0,0,0,0,0,0,0
182,cn4517,adjacency_build,compute,0.0050065,1,0,0,0,0,0,0,7,0,0,0,0,0,0,0,0,0,0,0
182,cn4517,vertex_numbering_local,compute,0.007838275,1,0,0,0,0,0,0,3,0,0,0,0,0,0,0,0,0,0,0
182,cn4517,vertex_count_allgather,communication,1.962889992,1,0,0,0,0,0,0,54,0,0,0,0,0,0,3,1,1,4,1024
182,cn4517,element_count_allgather,communication,0.007851455,1,0,0,0,0,0,0,0,0,0,0,0,0,0,0,1,1,4,1024
182,cn4517,vertex_exchange_prepare,compute,3.80599999943e-05,1,0,0,0,0,0,0,0,0,0,0,0,0,0,0,0,0,0,0
182,cn4517,vertex_exchange,communication,0.012193588,1,0,0,0,0,0,0,297,0,0,0,0,0,0,0,4,14,20350,180686
182,cn4517,vertex_exchange_unpack,compute,0.002536631,1,0,0,0,0,0,0,0,0,0,0,0,0,0,0,0,0,0,0
182,cn4517,partition_result_io,io,0,0,0,0,0,0,0,0,0,0,0,0,0,0,0,0,0,0,0,0
182,cn4517,volume_exchange_pack,compute,0.084967988,2,0,0,0,0,0,0,1,0,0,0,0,0,0,0,0,0,0,0
182,cn4517,volume_size_exchange,communication,0.015513368,1,0,0,0,0,0,0,10,0,0,0,0,0,0,0,13,13,52,52
182,cn4517,volume_payload_prepare,compute,0.000161461999994,1,0,0,0,0,0,0,0,0,0,0,0,0,0,0,0,0,0,0
182,cn4517,volume_payload_exchange,communication,0.00225384700001,1,0,0,0,0,0,0,32,0,0,0,0,0,0,0,13,13,2170920,2160600
182,cn4517,volume_exchange_unpack,compute,0.061023779,1,0,0,0,0,0,0,522,0,0,0,0,0,0,0,0,0,0,0
182,cn4517,final_mesh_save,io,0,0,0,0,0,0,0,0,0,0,0,0,0,0,0,0,0,0,0,0
182,cn4517,testout_io,io,0,0,0,0,0,0,0,0,0,0,0,0,0,0,0,0,0,0,0,0
182,cn4517,final_count_exchange,communication,0,0,0,0,0,0,0,0,0,0,0,0,0,0,0,0,0,0,0,0
182,cn4517,quality_evaluation,postprocess,0,0,0,0,0,0,0,0,0,0,0,0,0,0,0,0,0,0,0,0
183,cn4518,geometry_load,io,1.829502292,1,0,0,0,0,0,0,6554,0,1035092,0,0,0,2,2,0,0,0,0
183,cn4518,coarse_local_size,setup,0.463591214,1,0,0,0,0,0,0,7579,0,0,0,0,0,85,23,0,0,0,0
183,cn4518,coarse_edge_mesh,setup,0.012760266,1,0,0,0,0,0,0,551,0,0,0,0,0,0,0,0,0,0,0
183,cn4518,coarse_surface_mesh,setup,8.176347863,1,0,0,0,0,0,0,10723,0,0,0,0,0,0,8,0,0,0,0
183,cn4518,coarse_volume_mesh,setup,13.446959564,1,0,0,0,0,0,0,30019,0,0,0,0,0,39259,1570415,0,0,0,0
183,cn4518,coarse_mesh_save,io,0,0,0,0,0,0,0,0,0,0,0,0,0,0,0,0,0,0,0,0
183,cn4518,submesh_initialization,setup,0.000174983000001,1,0,0,0,0,0,0,60,0,0,0,0,0,0,0,0,0,0,0
183,cn4518,metis_partition,compute,0.375241344,1,0,0,0,0,0,0,1782,0,0,0,0,0,0,0,0,0,0,0
183,cn4518,face_map_setup,compute,0.007648979,1,0,0,0,0,0,0,559,0,0,0,0,0,0,0,0,0,0,0
183,cn4518,face_local_extract,compute,0.158092878,1,0,0,0,0,0,0,843,0,0,0,0,0,0,1,0,0,0,0
183,cn4518,face_pre_collective_wait,synchronization,0.071909036,1,0,0,0,0,0,0,17,0,0,0,0,0,0,0,0,0,0,0
183,cn4518,face_collective_setup,compute,0.000113362,1,0,0,0,0,0,0,16,0,0,0,0,0,0,0,0,0,0,0
183,cn4518,face_allgatherv,communication,0.120360426,1,0,0,0,0,0,0,1268,0,0,0,0,0,0,0,1,1,18952,4859624
183,cn4518,face_global_merge,compute,0.079777839,1,0,0,0,0,0,0,660,0,0,0,0,0,0,0,0,0,0,0
183,cn4518,part_face_create,compute,0.019796417,1,0,0,0,0,0,0,18,0,0,0,0,0,0,0,0,0,0,0
183,cn4518,surface_refine,compute,0.00675108799999,1,0,0,0,0,0,0,41,0,0,0,0,0,0,0,0,0,0,0
183,cn4518,refined_surface_save,io,0,0,0,0,0,0,0,0,0,0,0,0,0,0,0,0,0,0,0,0
183,cn4518,local_volume_mesh,compute,7.179106442,1,0,0,0,0,0,0,813,0,0,0,0,0,13525,497353,0,0,0,0
183,cn4518,volume_refine,compute,0.321120599,1,0,0,0,0,0,0,4134,0,0,0,0,0,0,0,0,0,0,0
183,cn4518,refined_volume_save,io,0,0,0,0,0,0,0,0,0,0,0,0,0,0,0,0,0,0,0,0
183,cn4518,adjacency_build,compute,0.004898163,1,0,0,0,0,0,0,0,0,0,0,0,0,0,0,0,0,0,0
183,cn4518,vertex_numbering_local,compute,0.005438491,1,0,0,0,0,0,0,1,0,0,0,0,0,0,0,0,0,0,0
183,cn4518,vertex_count_allgather,communication,1.164515897,1,0,0,0,0,0,0,36,0,0,0,0,0,0,2,1,1,4,1024
183,cn4518,element_count_allgather,communication,0.007795981,1,0,0,0,0,0,0,35,0,0,0,0,0,0,0,1,1,4,1024
183,cn4518,vertex_exchange_prepare,compute,6.05409999963e-05,1,0,0,0,0,0,0,33,0,0,0,0,0,0,0,0,0,0,0
183,cn4518,vertex_exchange,communication,0.020635929,1,0,0,0,0,0,0,584,0,0,0,0,0,0,0,0,4,0,71126
183,cn4518,vertex_exchange_unpack,compute,0.001840844,1,0,0,0,0,0,0,828,0,0,0,0,0,0,0,0,0,0,0
183,cn4518,partition_result_io,io,0,0,0,0,0,0,0,0,0,0,0,0,0,0,0,0,0,0,0,0
183,cn4518,volume_exchange_pack,compute,0.083307924,2,0,0,0,0,0,0,1211,0,0,0,0,0,0,0,0,0,0,0
183,cn4518,volume_size_exchange,communication,0.006675607,1,0,0,0,0,0,0,3,0,0,0,0,0,0,0,4,4,16,16
183,cn4518,volume_payload_prepare,compute,5.66410000005e-05,1,0,0,0,0,0,0,0,0,0,0,0,0,0,0,0,0,0,0
183,cn4518,volume_payload_exchange,communication,0.003567646,1,0,0,0,0,0,0,36,0,0,0,0,0,0,0,4,4,739920,739200
183,cn4518,volume_exchange_unpack,compute,0.054761273,1,0,0,0,0,0,0,1375,0,0,0,0,0,0,0,0,0,0,0
183,cn4518,final_mesh_save,io,0,0,0,0,0,0,0,0,0,0,0,0,0,0,0,0,0,0,0,0
183,cn4518,testout_io,io,0,0,0,0,0,0,0,0,0,0,0,0,0,0,0,0,0,0,0,0
183,cn4518,final_count_exchange,communication,0,0,0,0,0,0,0,0,0,0,0,0,0,0,0,0,0,0,0,0
183,cn4518,quality_evaluation,postprocess,0,0,0,0,0,0,0,0,0,0,0,0,0,0,0,0,0,0,0,0
184,cn4519,geometry_load,io,1.7505087,1,0,0,0,0,0,0,6486,0,1035092,0,0,0,2,4,0,0,0,0
184,cn4519,coarse_local_size,setup,0.449737891,1,0,0,0,0,0,0,7145,0,0,0,0,0,97,22,0,0,0,0
184,cn4519,coarse_edge_mesh,setup,0.012654053,1,0,0,0,0,0,0,577,0,0,0,0,0,0,0,0,0,0,0
184,cn4519,coarse_surface_mesh,setup,8.111458076,1,0,0,0,0,0,0,9193,0,0,0,0,0,0,8,0,0,0,0
184,cn4519,coarse_volume_mesh,setup,13.505839399,1,0,0,0,0,0,0,23824,0,0,0,0,0,40259,1787505,0,0,0,0
184,cn4519,coarse_mesh_save,io,0,0,0,0,0,0,0,0,0,0,0,0,0,0,0,0,0,0,0,0
184,cn4519,submesh_initialization,setup,0.000117502000002,1,0,0,0,0,0,0,1,0,0,0,0,0,0,0,0,0,0,0
184,cn4519,metis_partition,compute,0.380651317,1,0,0,0,0,0,0,128,0,0,0,0,0,0,0,0,0,0,0
184,cn4519,face_map_setup,compute,0.006718601,1,0,0,0,0,0,0,3,0,0,0,0,0,0,0,0,0,0,0
184,cn4519,face_local_extract,compute,0.152739905,1,0,0,0,0,0,0,24,0,0,0,0,0,0,0,0,0,0,0
184,cn4519,face_pre_collective_wait,synchronization,0.0729027,1,0,0,0,0,0,0,1,0,0,0,0,0,0,0,0,0,0,0
184,cn4519,face_collective_setup,compute,0.000119781999999,1,0,0,0,0,0,0,16,0,0,0,0,0,0,0,0,0,0,0
184,cn4519,face_allgatherv,communication,0.120373393,1,0,0,0,0,0,0,84,0,0,0,0,0,0,0,1,1,18952,4859624
184,cn4519,face_global_merge,compute,0.074482099,1,0,0,0,0,0,0,0,0,0,0,0,0,0,1,0,0,0,0
184,cn4519,part_face_create,compute,0.018403462,1,0,0,0,0,0,0,4,0,0,0,0,0,0,0,0,0,0,0
184,cn4519,surface_refine,compute,0.005251723,1,0,0,0,0,0,0,1,0,0,0,0,0,0,0,0,0,0,0
184,cn4519,refined_surface_save,io,0,0,0,0,0,0,0,0,0,0,0,0,0,0,0,0,0,0,0,0
184,cn4519,local_volume_mesh,compute,6.198559395,1,0,0,0,0,0,0,634,0,0,0,0,0,12057,439640,0,0,0,0
184,cn4519,volume_refine,compute,0.192536846,1,0,0,0,0,0,0,3840,0,0,0,0,0,0,0,0,0,0,0
184,cn4519,refined_volume_save,io,0,0,0,0,0,0,0,0,0,0,0,0,0,0,0,0,0,0,0,0
184,cn4519,adjacency_build,compute,0.004397173,1,0,0,0,0,0,0,0,0,0,0,0,0,0,0,0,0,0,0
184,cn4519,vertex_numbering_local,compute,0.004790478,1,0,0,0,0,0,0,2,0,0,0,0,0,0,0,0,0,0,0
184,cn4519,vertex_count_allgather,communication,2.283235913,1,0,0,0,0,0,0,56,0,0,0,0,0,0,2,1,1,4,1024
184,cn4519,element_count_allgather,communication,0.007885035,1,0,0,0,0,0,0,0,0,0,0,0,0,0,0,1,1,4,1024
184,cn4519,vertex_exchange_prepare,compute,5.84000000003e-06,1,0,0,0,0,0,0,0,0,0,0,0,0,0,0,0,0,0,0
184,cn4519,vertex_exchange,communication,0.001336237,1,0,0,0,0,0,0,33,0,0,0,0,0,0,0,3,1,85382,374
184,cn4519,vertex_exchange_unpack,compute,1.34599999981e-05,1,0,0,0,0,0,0,0,0,0,0,0,0,0,0,0,0,0,0
184,cn4519,partition_result_io,io,0,0,0,0,0,0,0,0,0,0,0,0,0,0,0,0,0,0,0,0
184,cn4519,volume_exchange_pack,compute,0.064841862,2,0,0,0,0,0,0,1,0,0,0,0,0,0,0,0,0,0,0
184,cn4519,volume_size_exchange,communication,0.035017543,1,0,0,0,0,0,0,0,0,0,0,0,0,0,0,3,3,12,12
184,cn4519,volume_payload_prepare,compute,6.5701000004e-05,1,0,0,0,0,0,0,0,0,0,0,0,0,0,0,0,0,0,0
184,cn4519,volume_payload_exchange,communication,0.014784538,1,0,0,0,0,0,0,21,0,0,0,0,0,0,0,3,3,906480,902280
184,cn4519,volume_exchange_unpack,compute,0.041584862,1,0,0,0,0,0,0,0,0,0,0,0,0,0,0,0,0,0,0
184,cn4519,final_mesh_save,io,0,0,0,0,0,0,0,0,0,0,0,0,0,0,0,0,0,0,0,0
184,cn4519,testout_io,io,0,0,0,0,0,0,0,0,0,0,0,0,0,0,0,0,0,0,0,0
184,cn4519,final_count_exchange,communication,0,0,0,0,0,0,0,0,0,0,0,0,0,0,0,0,0,0,0,0
184,cn4519,quality_evaluation,postprocess,0,0,0,0,0,0,0,0,0,0,0,0,0,0,0,0,0,0,0,0
185,cn4520,geometry_load,io,1.747378438,1,0,0,0,0,0,0,6486,0,1035092,0,0,0,2,3,0,0,0,0
185,cn4520,coarse_local_size,setup,0.47451716,1,0,0,0,0,0,0,7629,0,0,0,0,0,116,22,0,0,0,0
185,cn4520,coarse_edge_mesh,setup,0.01269225,1,0,0,0,0,0,0,576,0,0,0,0,0,0,0,0,0,0,0
185,cn4520,coarse_surface_mesh,setup,8.144222287,1,0,0,0,0,0,0,9630,0,0,0,0,0,0,10,0,0,0,0
185,cn4520,coarse_volume_mesh,setup,13.155374123,1,0,0,0,0,0,0,24772,0,0,0,0,0,37085,1479286,0,0,0,0
185,cn4520,coarse_mesh_save,io,0,0,0,0,0,0,0,0,0,0,0,0,0,0,0,0,0,0,0,0
185,cn4520,submesh_initialization,setup,0.000127600999996,1,0,0,0,0,0,0,4,0,0,0,0,0,0,0,0,0,0,0
185,cn4520,metis_partition,compute,0.370636031,1,0,0,0,0,0,0,460,0,0,0,0,0,0,1,0,0,0,0
185,cn4520,face_map_setup,compute,0.007257126,1,0,0,0,0,0,0,595,0,0,0,0,0,0,0,0,0,0,0
185,cn4520,face_local_extract,compute,0.157362064,1,0,0,0,0,0,0,694,0,0,0,0,0,0,0,0,0,0,0
185,cn4520,face_pre_collective_wait,synchronization,0.077757101,1,0,0,0,0,0,0,6,0,0,0,0,0,0,0,0,0,0,0
185,cn4520,face_collective_setup,compute,0.000110841000001,1,0,0,0,0,0,0,16,0,0,0,0,0,0,0,0,0,0,0
185,cn4520,face_allgatherv,communication,0.120373806,1,0,0,0,0,0,0,640,0,0,0,0,0,0,0,1,1,18952,4859624
185,cn4520,face_global_merge,compute,0.075321012,1,0,0,0,0,0,0,204,0,0,0,0,0,0,0,0,0,0,0
185,cn4520,part_face_create,compute,0.01861678,1,0,0,0,0,0,0,9,0,0,0,0,0,0,0,0,0,0,0
185,cn4520,surface_refine,compute,0.005422165,1,0,0,0,0,0,0,36,0,0,0,0,0,0,0,0,0,0,0
185,cn4520,refined_surface_save,io,0,0,0,0,0,0,0,0,0,0,0,0,0,0,0,0,0,0,0,0
185,cn4520,local_volume_mesh,compute,6.851312293,1,0,0,0,0,0,0,670,0,0,0,0,0,13817,449538,0,0,0,0
185,cn4520,volume_refine,compute,0.18324187,1,0,0,0,0,0,0,4107,0,0,0,0,0,0,0,0,0,0,0
185,cn4520,refined_volume_save,io,0,0,0,0,0,0,0,0,0,0,0,0,0,0,0,0,0,0,0,0
185,cn4520,adjacency_build,compute,0.004366051,1,0,0,0,0,0,0,0,0,0,0,0,0,0,0,0,0,0,0
185,cn4520,vertex_numbering_local,compute,0.005341923,1,0,0,0,0,0,0,1,0,0,0,0,0,0,0,0,0,0,0
185,cn4520,vertex_count_allgather,communication,1.638060282,1,0,0,0,0,0,0,100,0,0,0,0,0,0,2,1,1,4,1024
185,cn4520,element_count_allgather,communication,0.007828653,1,0,0,0,0,0,0,2,0,0,0,0,0,0,0,1,1,4,1024
185,cn4520,vertex_exchange_prepare,compute,3.35800000002e-05,1,0,0,0,0,0,0,16,0,0,0,0,0,0,0,0,0,0,0
185,cn4520,vertex_exchange,communication,0.001355076,1,0,0,0,0,0,0,49,0,0,0,0,0,0,0,3,2,54736,49830
185,cn4520,vertex_exchange_unpack,compute,0.000703107999996,1,0,0,0,0,0,0,8,0,0,0,0,0,0,0,0,0,0,0
185,cn4520,partition_result_io,io,0,0,0,0,0,0,0,0,0,0,0,0,0,0,0,0,0,0,0,0
185,cn4520,volume_exchange_pack,compute,0.062326558,2,0,0,0,0,0,0,490,0,0,0,0,0,0,0,0,0,0,0
185,cn4520,volume_size_exchange,communication,0.036731135,1,0,0,0,0,0,0,0,0,0,0,0,0,0,0,3,3,12,12
185,cn4520,volume_payload_prepare,compute,0.000111401000005,1,0,0,0,0,0,0,19,0,0,0,0,0,0,0,0,0,0,0
185,cn4520,volume_payload_exchange,communication,0.014738714,1,0,0,0,0,0,0,11,0,0,0,0,0,0,0,3,3,1122360,1120680
185,cn4520,volume_exchange_unpack,compute,0.046240387,1,0,0,0,0,0,0,1076,0,0,0,0,0,0,0,0,0,0,0
185,cn4520,final_mesh_save,io,0,0,0,0,0,0,0,0,0,0,0,0,0,0,0,0,0,0,0,0
185,cn4520,testout_io,io,0,0,0,0,0,0,0,0,0,0,0,0,0,0,0,0,0,0,0,0
185,cn4520,final_count_exchange,communication,0,0,0,0,0,0,0,0,0,0,0,0,0,0,0,0,0,0,0,0
185,cn4520,quality_evaluation,postprocess,0,0,0,0,0,0,0,0,0,0,0,0,0,0,0,0,0,0,0,0
186,cn4521,geometry_load,io,1.725955601,1,0,0,0,0,0,0,6448,0,1035092,0,0,0,2,2,0,0,0,0
186,cn4521,coarse_local_size,setup,0.448710637,1,0,0,0,0,0,0,7436,0,0,0,0,0,125,21,0,0,0,0
186,cn4521,coarse_edge_mesh,setup,0.01248245,1,0,0,0,0,0,0,550,0,0,0,0,0,0,0,0,0,0,0
186,cn4521,coarse_surface_mesh,setup,8.217745529,1,0,0,0,0,0,0,12872,0,0,0,0,0,0,8,0,0,0,0
186,cn4521,coarse_volume_mesh,setup,13.485239991,1,0,0,0,0,0,0,28651,0,0,0,0,0,38265,1563892,0,0,0,0
186,cn4521,coarse_mesh_save,io,0,0,0,0,0,0,0,0,0,0,0,0,0,0,0,0,0,0,0,0
186,cn4521,submesh_initialization,setup,0.000125721000003,1,0,0,0,0,0,0,1,0,0,0,0,0,0,0,0,0,0,0
186,cn4521,metis_partition,compute,0.378893998,1,0,0,0,0,0,0,500,0,0,0,0,0,0,0,0,0,0,0
186,cn4521,face_map_setup,compute,0.007981056,1,0,0,0,0,0,0,233,0,0,0,0,0,0,1,0,0,0,0
186,cn4521,face_local_extract,compute,0.159270355,1,0,0,0,0,0,0,638,0,0,0,0,0,0,0,0,0,0,0
186,cn4521,face_pre_collective_wait,synchronization,0.066830764,1,0,0,0,0,0,0,2,0,0,0,0,0,0,0,0,0,0,0
186,cn4521,face_collective_setup,compute,0.000119701000003,1,0,0,0,0,0,0,16,0,0,0,0,0,0,0,0,0,0,0
186,cn4521,face_allgatherv,communication,0.120251087,1,0,0,0,0,0,0,716,0,0,0,0,0,0,0,1,1,18952,4859624
186,cn4521,face_global_merge,compute,0.077899457,1,0,0,0,0,0,0,285,0,0,0,0,0,0,0,0,0,0,0
186,cn4521,part_face_create,compute,0.019562835,1,0,0,0,0,0,0,4,0,0,0,0,0,0,0,0,0,0,0
186,cn4521,surface_refine,compute,0.006474018,1,0,0,0,0,0,0,40,0,0,0,0,0,0,0,0,0,0,0
186,cn4521,refined_surface_save,io,0,0,0,0,0,0,0,0,0,0,0,0,0,0,0,0,0,0,0,0
186,cn4521,local_volume_mesh,compute,6.712489383,1,0,0,0,0,0,0,2549,0,0,0,0,0,16488,522539,0,0,0,0
186,cn4521,volume_refine,compute,0.219165637,1,0,0,0,0,0,0,4745,0,0,0,0,0,0,0,0,0,0,0
186,cn4521,refined_volume_save,io,0,0,0,0,0,0,0,0,0,0,0,0,0,0,0,0,0,0,0,0
186,cn4521,adjacency_build,compute,0.004886439,1,0,0,0,0,0,0,11,0,0,0,0,0,0,0,0,0,0,0
186,cn4521,vertex_numbering_local,compute,0.006959884,1,0,0,0,0,0,0,3,0,0,0,0,0,0,0,0,0,0,0
186,cn4521,vertex_count_allgather,communication,1.734111119,1,0,0,0,0,0,0,54,0,0,0,0,0,0,2,1,1,4,1024
186,cn4521,element_count_allgather,communication,0.007881915,1,0,0,0,0,0,0,0,0,0,0,0,0,0,0,1,1,4,1024
186,cn4521,vertex_exchange_prepare,compute,2.04400000001e-05,1,0,0,0,0,0,0,0,0,0,0,0,0,0,0,0,0,0,0
186,cn4521,vertex_exchange,communication,0.020485107,1,0,0,0,0,0,0,818,0,0,0,0,0,0,0,4,5,62194,68134
186,cn4521,vertex_exchange_unpack,compute,0.001013352,1,0,0,0,0,0,0,0,0,0,0,0,0,0,0,0,0,0,0
186,cn4521,partition_result_io,io,0,0,0,0,0,0,0,0,0,0,0,0,0,0,0,0,0,0,0,0
186,cn4521,volume_exchange_pack,compute,0.07480598,2,0,0,0,0,0,0,2,0,0,0,0,0,0,0,0,0,0,0
186,cn4521,volume_size_exchange,communication,0.018621704,1,0,0,0,0,0,0,5,0,0,0,0,0,0,0,7,7,28,28
186,cn4521,volume_payload_prepare,compute,0.000100261,1,0,0,0,0,0,0,0,0,0,0,0,0,0,0,0,0,0,0
186,cn4521,volume_payload_exchange,communication,0.002241627,1,0,0,0,0,0,0,23,0,0,0,0,0,0,0,7,7,1363200,1366800
186,cn4521,volume_exchange_unpack,compute,0.049950081,1,0,0,0,0,0,0,378,0,0,0,0,0,0,0,0,0,0,0
186,cn4521,final_mesh_save,io,0,0,0,0,0,0,0,0,0,0,0,0,0,0,0,0,0,0,0,0
186,cn4521,testout_io,io,0,0,0,0,0,0,0,0,0,0,0,0,0,0,0,0,0,0,0,0
186,cn4521,final_count_exchange,communication,0,0,0,0,0,0,0,0,0,0,0,0,0,0,0,0,0,0,0,0
186,cn4521,quality_evaluation,postprocess,0,0,0,0,0,0,0,0,0,0,0,0,0,0,0,0,0,0,0,0
187,cn4522,geometry_load,io,1.751803866,1,0,0,0,0,0,0,6488,0,1035092,0,0,0,2,4,0,0,0,0
187,cn4522,coarse_local_size,setup,0.445138642,1,0,0,0,0,0,0,7319,0,0,0,0,0,80,20,0,0,0,0
187,cn4522,coarse_edge_mesh,setup,0.012553578,1,0,0,0,0,0,0,577,0,0,0,0,0,0,0,0,0,0,0
187,cn4522,coarse_surface_mesh,setup,8.106530059,1,0,0,0,0,0,0,9408,0,0,0,0,0,0,9,0,0,0,0
187,cn4522,coarse_volume_mesh,setup,13.376871185,1,0,0,0,0,0,0,23007,0,0,0,0,0,37730,1755328,0,0,0,0
187,cn4522,coarse_mesh_save,io,0,0,0,0,0,0,0,0,0,0,0,0,0,0,0,0,0,0,0,0
187,cn4522,submesh_initialization,setup,0.000144782,1,0,0,0,0,0,0,19,0,0,0,0,0,0,0,0,0,0,0
187,cn4522,metis_partition,compute,0.363777778,1,0,0,0,0,0,0,752,0,0,0,0,0,0,0,0,0,0,0
187,cn4522,face_map_setup,compute,0.00714891000001,1,0,0,0,0,0,0,321,0,0,0,0,0,0,0,0,0,0,0
187,cn4522,face_local_extract,compute,0.161711855,1,0,0,0,0,0,0,657,0,0,0,0,0,0,0,0,0,0,0
187,cn4522,face_pre_collective_wait,synchronization,0.080349812,1,0,0,0,0,0,0,4,0,0,0,0,0,0,0,0,0,0,0
187,cn4522,face_collective_setup,compute,0.000103941000006,1,0,0,0,0,0,0,16,0,0,0,0,0,0,0,0,0,0,0
187,cn4522,face_allgatherv,communication,0.120239153,1,0,0,0,0,0,0,707,0,0,0,0,0,0,1,1,1,18952,4859624
187,cn4522,face_global_merge,compute,0.074065652,1,0,0,0,0,0,0,52,0,0,0,0,0,0,0,0,0,0,0
187,cn4522,part_face_create,compute,0.018626615,1,0,0,0,0,0,0,19,0,0,0,0,0,0,0,0,0,0,0
187,cn4522,surface_refine,compute,0.006055336,1,0,0,0,0,0,0,37,0,0,0,0,0,0,0,0,0,0,0
187,cn4522,refined_surface_save,io,0,0,0,0,0,0,0,0,0,0,0,0,0,0,0,0,0,0,0,0
187,cn4522,local_volume_mesh,compute,7.021783748,1,0,0,0,0,0,0,748,0,0,0,0,0,15201,588321,0,0,0,0
187,cn4522,volume_refine,compute,0.213376706,1,0,0,0,0,0,0,4078,0,0,0,0,0,0,0,0,0,0,0
187,cn4522,refined_volume_save,io,0,0,0,0,0,0,0,0,0,0,0,0,0,0,0,0,0,0,0,0
187,cn4522,adjacency_build,compute,0.004576618,1,0,0,0,0,0,0,1,0,0,0,0,0,0,0,0,0,0,0
187,cn4522,vertex_numbering_local,compute,0.0063435,1,0,0,0,0,0,0,2,0,0,0,0,0,0,0,0,0,0,0
187,cn4522,vertex_count_allgather,communication,1.436919483,1,0,0,0,0,0,0,44,0,0,0,0,0,0,2,1,1,4,1024
187,cn4522,element_count_allgather,communication,0.00792848,1,0,0,0,0,0,0,0,0,0,0,0,0,0,0,1,1,4,1024
187,cn4522,vertex_exchange_prepare,compute,2.15210000007e-05,1,0,0,0,0,0,0,0,0,0,0,0,0,0,0,0,0,0,0
187,cn4522,vertex_exchange,communication,0.021012624,1,0,0,0,0,0,0,39,0,0,0,0,0,0,0,0,5,0,137126
187,cn4522,vertex_exchange_unpack,compute,0.001865763,1,0,0,0,0,0,0,0,0,0,0,0,0,0,0,0,0,0,0
187,cn4522,partition_result_io,io,0,0,0,0,0,0,0,0,0,0,0,0,0,0,0,0,0,0,0,0
187,cn4522,volume_exchange_pack,compute,0.078177864,2,0,0,0,0,0,0,1,0,0,0,0,0,0,2,0,0,0,0
187,cn4522,volume_size_exchange,communication,0.003318562,1,0,0,0,0,0,0,4,0,0,0,0,0,0,0,5,5,20,20
187,cn4522,volume_payload_prepare,compute,0.000106000999999,1,0,0,0,0,0,0,0,0,0,0,0,0,0,0,0,0,0,0
187,cn4522,volume_payload_exchange,communication,0.01193541,1,0,0,0,0,0,0,11,0,0,0,0,0,0,0,5,5,1456200,1455600
187,cn4522,volume_exchange_unpack,compute,0.053925679,1,0,0,0,0,0,0,505,0,0,0,0,0,0,0,0,0,0,0
187,cn4522,final_mesh_save,io,0,0,0,0,0,0,0,0,0,0,0,0,0,0,0,0,0,0,0,0
187,cn4522,testout_io,io,0,0,0,0,0,0,0,0,0,0,0,0,0,0,0,0,0,0,0,0
187,cn4522,final_count_exchange,communication,0,0,0,0,0,0,0,0,0,0,0,0,0,0,0,0,0,0,0,0
187,cn4522,quality_evaluation,postprocess,0,0,0,0,0,0,0,0,0,0,0,0,0,0,0,0,0,0,0,0
188,cn4523,geometry_load,io,1.746128035,1,0,0,0,0,0,0,6489,0,1035092,0,0,0,2,1,0,0,0,0
188,cn4523,coarse_local_size,setup,0.4526082,1,0,0,0,0,0,0,7575,0,0,0,0,0,129,22,0,0,0,0
188,cn4523,coarse_edge_mesh,setup,0.012675259,1,0,0,0,0,0,0,521,0,0,0,0,0,0,0,0,0,0,0
188,cn4523,coarse_surface_mesh,setup,8.185036227,1,0,0,0,0,0,0,10663,0,0,0,0,0,0,8,0,0,0,0
188,cn4523,coarse_volume_mesh,setup,13.26554459,1,0,0,0,0,0,0,24490,0,0,0,0,0,37131,1514158,0,0,0,0
188,cn4523,coarse_mesh_save,io,0,0,0,0,0,0,0,0,0,0,0,0,0,0,0,0,0,0,0,0
188,cn4523,submesh_initialization,setup,0.000125562000001,1,0,0,0,0,0,0,2,0,0,0,0,0,0,0,0,0,0,0
188,cn4523,metis_partition,compute,0.372892,1,0,0,0,0,0,0,283,0,0,0,0,0,0,1,0,0,0,0
188,cn4523,face_map_setup,compute,0.007378952,1,0,0,0,0,0,0,215,0,0,0,0,0,0,0,0,0,0,0
188,cn4523,face_local_extract,compute,0.162255036,1,0,0,0,0,0,0,640,0,0,0,0,0,0,0,0,0,0,0
188,cn4523,face_pre_collective_wait,synchronization,0.070471704,1,0,0,0,0,0,0,1,0,0,0,0,0,0,0,0,0,0,0
188,cn4523,face_collective_setup,compute,0.000113261999999,1,0,0,0,0,0,0,16,0,0,0,0,0,0,0,0,0,0,0
188,cn4523,face_allgatherv,communication,0.120131567,1,0,0,0,0,0,0,751,0,0,0,0,0,0,0,1,1,18952,4859624
188,cn4523,face_global_merge,compute,0.077112068,1,0,0,0,0,0,0,208,0,0,0,0,0,0,0,0,0,0,0
188,cn4523,part_face_create,compute,0.019207841,1,0,0,0,0,0,0,4,0,0,0,0,0,0,0,0,0,0,0
188,cn4523,surface_refine,compute,0.006414081,1,0,0,0,0,0,0,40,0,0,0,0,0,0,0,0,0,0,0
188,cn4523,refined_surface_save,io,0,0,0,0,0,0,0,0,0,0,0,0,0,0,0,0,0,0,0,0
188,cn4523,local_volume_mesh,compute,6.73589116,1,0,0,0,0,0,0,2241,0,0,0,0,0,13959,524989,0,0,0,0
188,cn4523,volume_refine,compute,0.223228322,1,0,0,0,0,0,0,5166,0,0,0,0,0,0,0,0,0,0,0
188,cn4523,refined_volume_save,io,0,0,0,0,0,0,0,0,0,0,0,0,0,0,0,0,0,0,0,0
188,cn4523,adjacency_build,compute,0.00475068,1,0,0,0,0,0,0,9,0,0,0,0,0,0,0,0,0,0,0
188,cn4523,vertex_numbering_local,compute,0.006271098,1,0,0,0,0,0,0,5,0,0,0,0,0,0,0,0,0,0,0
188,cn4523,vertex_count_allgather,communication,1.708836367,1,0,0,0,0,0,0,55,0,0,0,0,0,0,2,1,1,4,1024
188,cn4523,element_count_allgather,communication,0.007843999,1,0,0,0,0,0,0,0,0,0,0,0,0,0,0,1,1,4,1024
188,cn4523,vertex_exchange_prepare,compute,1.80600000022e-05,1,0,0,0,0,0,0,0,0,0,0,0,0,0,0,0,0,0,0
188,cn4523,vertex_exchange,communication,0.020993784,1,0,0,0,0,0,0,49,0,0,0,0,0,0,0,1,5,58432,54252
188,cn4523,vertex_exchange_unpack,compute,0.000808509999999,1,0,0,0,0,0,0,0,0,0,0,0,0,0,0,0,0,0,0
188,cn4523,partition_result_io,io,0,0,0,0,0,0,0,0,0,0,0,0,0,0,0,0,0,0,0,0
188,cn4523,volume_exchange_pack,compute,0.079789901,2,0,0,0,0,0,0,1,0,0,0,0,0,0,0,0,0,0,0
188,cn4523,volume_size_exchange,communication,0.01353959,1,0,0,0,0,0,0,1,0,0,0,0,0,0,0,5,5,20,20
188,cn4523,volume_payload_prepare,compute,8.84410000026e-05,1,0,0,0,0,0,0,0,0,0,0,0,0,0,0,0,0,0,0
188,cn4523,volume_payload_exchange,communication,0.001292136,1,0,0,0,0,0,0,21,0,0,0,0,0,0,0,5,5,1173840,1175040
188,cn4523,volume_exchange_unpack,compute,0.05184231,1,0,0,0,0,0,0,270,0,0,0,0,0,0,0,0,0,0,0
188,cn4523,final_mesh_save,io,0,0,0,0,0,0,0,0,0,0,0,0,0,0,0,0,0,0,0,0
188,cn4523,testout_io,io,0,0,0,0,0,0,0,0,0,0,0,0,0,0,0,0,0,0,0,0
188,cn4523,final_count_exchange,communication,0,0,0,0,0,0,0,0,0,0,0,0,0,0,0,0,0,0,0,0
188,cn4523,quality_evaluation,postprocess,0,0,0,0,0,0,0,0,0,0,0,0,0,0,0,0,0,0,0,0
189,cn4524,geometry_load,io,1.739322906,1,0,0,0,0,0,0,5270,0,1035092,0,0,0,2,17,0,0,0,0
189,cn4524,coarse_local_size,setup,0.444725054,1,0,0,0,0,0,0,7473,0,0,0,0,0,104,22,0,0,0,0
189,cn4524,coarse_edge_mesh,setup,0.012395321,1,0,0,0,0,0,0,577,0,0,0,0,0,0,1,0,0,0,0
189,cn4524,coarse_surface_mesh,setup,8.056462874,1,0,0,0,0,0,0,8962,0,0,0,0,0,0,77,0,0,0,0
189,cn4524,coarse_volume_mesh,setup,13.359919161,1,0,0,0,0,0,0,28197,0,0,0,0,0,38251,1577349,0,0,0,0
189,cn4524,coarse_mesh_save,io,0,0,0,0,0,0,0,0,0,0,0,0,0,0,0,0,0,0,0,0
189,cn4524,submesh_initialization,setup,0.000150480999999,1,0,0,0,0,0,0,28,0,0,0,0,0,0,0,0,0,0,0
189,cn4524,metis_partition,compute,0.380418812,1,0,0,0,0,0,0,1438,0,0,0,0,0,0,4,0,0,0,0
189,cn4524,face_map_setup,compute,0.007674047,1,0,0,0,0,0,0,723,0,0,0,0,0,0,0,0,0,0,0
189,cn4524,face_local_extract,compute,0.158686967,1,0,0,0,0,0,0,794,0,0,0,0,0,0,1,0,0,0,0
189,cn4524,face_pre_collective_wait,synchronization,0.066246075,1,0,0,0,0,0,0,1,0,0,0,0,0,0,1,0,0,0,0
189,cn4524,face_collective_setup,compute,0.000118661000002,1,0,0,0,0,0,0,16,0,0,0,0,0,0,0,0,0,0,0
189,cn4524,face_allgatherv,communication,0.120097767,1,0,0,0,0,0,0,640,0,0,0,0,0,0,1,1,1,18952,4859624
189,cn4524,face_global_merge,compute,0.079358244,1,0,0,0,0,0,0,620,0,0,0,0,0,0,0,0,0,0,0
189,cn4524,part_face_create,compute,0.01930194,1,0,0,0,0,0,0,3,0,0,0,0,0,0,0,0,0,0,0
189,cn4524,surface_refine,compute,0.005894007,1,0,0,0,0,0,0,43,0,0,0,0,0,0,1,0,0,0,0
189,cn4524,refined_surface_save,io,0,0,0,0,0,0,0,0,0,0,0,0,0,0,0,0,0,0,0,0
189,cn4524,local_volume_mesh,compute,6.774886162,1,0,0,0,0,0,0,1821,0,0,0,0,0,15903,569504,0,0,0,0
189,cn4524,volume_refine,compute,0.189322716,1,0,0,0,0,0,0,5426,0,0,0,0,0,0,2,0,0,0,0
189,cn4524,refined_volume_save,io,0,0,0,0,0,0,0,0,0,0,0,0,0,0,0,0,0,0,0,0
189,cn4524,adjacency_build,compute,0.004777054,1,0,0,0,0,0,0,16,0,0,0,0,0,0,0,0,0,0,0
189,cn4524,vertex_numbering_local,compute,0.006251871,1,0,0,0,0,0,0,3,0,0,0,0,0,0,0,0,0,0,0
189,cn4524,vertex_count_allgather,communication,1.701919883,1,0,0,0,0,0,0,30,0,0,0,0,0,0,15,1,1,4,1024
189,cn4524,element_count_allgather,communication,0.00794159,1,0,0,0,0,0,0,0,0,0,0,0,0,0,0,1,1,4,1024
189,cn4524,vertex_exchange_prepare,compute,1.35200000031e-05,1,0,0,0,0,0,0,0,0,0,0,0,0,0,0,0,0,0,0
189,cn4524,vertex_exchange,communication,0.001601458,1,0,0,0,0,0,0,26,0,0,0,0,0,0,0,3,2,72446,59114
189,cn4524,vertex_exchange_unpack,compute,0.000882091000001,1,0,0,0,0,0,0,0,0,0,0,0,0,0,0,0,0,0,0
189,cn4524,partition_result_io,io,0,0,0,0,0,0,0,0,0,0,0,0,0,0,0,0,0,0,0,0
189,cn4524,volume_exchange_pack,compute,0.069022846,2,0,0,0,0,0,0,1,0,0,0,0,0,0,1,0,0,0,0
189,cn4524,volume_size_exchange,communication,0.030299545,1,0,0,0,0,0,0,0,0,0,0,0,0,0,0,3,3,12,12
189,cn4524,volume_payload_prepare,compute,9.97409999997e-05,1,0,0,0,0,0,0,0,0,0,0,0,0,0,0,0,0,0,0
189,cn4524,volume_payload_exchange,communication,0.014260282,1,0,0,0,0,0,0,6,0,0,0,0,0,0,0,3,3,1391760,1399680
189,cn4524,volume_exchange_unpack,compute,0.048765575,1,0,0,0,0,0,0,19,0,0,0,0,0,0,1,0,0,0,0
189,cn4524,final_mesh_save,io,0,0,0,0,0,0,0,0,0,0,0,0,0,0,0,0,0,0,0,0
189,cn4524,testout_io,io,0,0,0,0,0,0,0,0,0,0,0,0,0,0,0,0,0,0,0,0
189,cn4524,final_count_exchange,communication,0,0,0,0,0,0,0,0,0,0,0,0,0,0,0,0,0,0,0,0
189,cn4524,quality_evaluation,postprocess,0,0,0,0,0,0,0,0,0,0,0,0,0,0,0,0,0,0,0,0
190,cn4525,geometry_load,io,1.742985511,1,0,0,0,0,0,0,6482,0,1035092,0,0,0,2,2,0,0,0,0
190,cn4525,coarse_local_size,setup,0.440647391,1,0,0,0,0,0,0,7101,0,0,0,0,0,85,20,0,0,0,0
190,cn4525,coarse_edge_mesh,setup,0.012475487,1,0,0,0,0,0,0,521,0,0,0,0,0,0,0,0,0,0,0
190,cn4525,coarse_surface_mesh,setup,8.102748025,1,0,0,0,0,0,0,9413,0,0,0,0,0,1,9,0,0,0,0
190,cn4525,coarse_volume_mesh,setup,13.47684471,1,0,0,0,0,0,0,24313,0,0,0,0,0,40375,1744960,0,0,0,0
190,cn4525,coarse_mesh_save,io,0,0,0,0,0,0,0,0,0,0,0,0,0,0,0,0,0,0,0,0
190,cn4525,submesh_initialization,setup,0.000120522000003,1,0,0,0,0,0,0,1,0,0,0,0,0,0,0,0,0,0,0
190,cn4525,metis_partition,compute,0.364566274,1,0,0,0,0,0,0,247,0,0,0,0,0,0,0,0,0,0,0
190,cn4525,face_map_setup,compute,0.007523749,1,0,0,0,0,0,0,3,0,0,0,0,0,0,1,0,0,0,0
190,cn4525,face_local_extract,compute,0.156632385,1,0,0,0,0,0,0,674,0,0,0,0,0,0,0,0,0,0,0
190,cn4525,face_pre_collective_wait,synchronization,0.084276192,1,0,0,0,0,0,0,1,0,0,0,0,0,0,0,0,0,0,0
190,cn4525,face_collective_setup,compute,0.000115981,1,0,0,0,0,0,0,16,0,0,0,0,0,0,0,0,0,0,0
190,cn4525,face_allgatherv,communication,0.119913353,1,0,0,0,0,0,0,812,0,0,0,0,0,0,0,1,1,18952,4859624
190,cn4525,face_global_merge,compute,0.073488506,1,0,0,0,0,0,0,3,0,0,0,0,0,0,0,0,0,0,0
190,cn4525,part_face_create,compute,0.018216655,1,0,0,0,0,0,0,4,0,0,0,0,0,0,0,0,0,0,0
190,cn4525,surface_refine,compute,0.005825889,1,0,0,0,0,0,0,5,0,0,0,0,0,0,0,0,0,0,0
190,cn4525,refined_surface_save,io,0,0,0,0,0,0,0,0,0,0,0,0,0,0,0,0,0,0,0,0
190,cn4525,local_volume_mesh,compute,7.225151788,1,0,0,0,0,0,0,748,0,0,0,0,0,13004,395103,0,0,0,0
190,cn4525,volume_refine,compute,0.220977342,1,0,0,0,0,0,0,4890,0,0,0,0,0,0,0,0,0,0,0
190,cn4525,refined_volume_save,io,0,0,0,0,0,0,0,0,0,0,0,0,0,0,0,0,0,0,0,0
190,cn4525,adjacency_build,compute,0.004344731,1,0,0,0,0,0,0,0,0,0,0,0,0,0,0,0,0,0,0
190,cn4525,vertex_numbering_local,compute,0.00630985399999,1,0,0,0,0,0,0,2,0,0,0,0,0,0,0,0,0,0,0
190,cn4525,vertex_count_allgather,communication,1.227779022,1,0,0,0,0,0,0,58,0,0,0,0,0,0,2,1,1,4,1024
190,cn4525,element_count_allgather,communication,0.007884353,1,0,0,0,0,0,0,0,0,0,0,0,0,0,0,1,1,4,1024
190,cn4525,vertex_exchange_prepare,compute,1.10199999952e-05,1,0,0,0,0,0,0,0,0,0,0,0,0,0,0,0,0,0,0
190,cn4525,vertex_exchange,communication,0.001544879,1,0,0,0,0,0,0,30,0,0,0,0,0,0,0,2,1,65076,49500
190,cn4525,vertex_exchange_unpack,compute,0.000681727999996,1,0,0,0,0,0,0,0,0,0,0,0,0,0,0,0,0,0,0
190,cn4525,partition_result_io,io,0,0,0,0,0,0,0,0,0,0,0,0,0,0,0,0,0,0,0,0
190,cn4525,volume_exchange_pack,compute,0.082193568,2,0,0,0,0,0,0,1,0,0,0,0,0,0,0,0,0,0,0
190,cn4525,volume_size_exchange,communication,3.17399999972e-05,1,0,0,0,0,0,0,0,0,0,0,0,0,0,0,2,2,8,8
190,cn4525,volume_payload_prepare,compute,8.38410000057e-05,1,0,0,0,0,0,0,0,0,0,0,0,0,0,0,0,0,0,0
190,cn4525,volume_payload_exchange,communication,0.017766109,1,0,0,0,0,0,0,3,0,0,0,0,0,0,0,2,2,1215840,1215720
190,cn4525,volume_exchange_unpack,compute,0.054964308,1,0,0,0,0,0,0,413,0,0,0,0,0,0,0,0,0,0,0
190,cn4525,final_mesh_save,io,0,0,0,0,0,0,0,0,0,0,0,0,0,0,0,0,0,0,0,0
190,cn4525,testout_io,io,0,0,0,0,0,0,0,0,0,0,0,0,0,0,0,0,0,0,0,0
190,cn4525,final_count_exchange,communication,0,0,0,0,0,0,0,0,0,0,0,0,0,0,0,0,0,0,0,0
190,cn4525,quality_evaluation,postprocess,0,0,0,0,0,0,0,0,0,0,0,0,0,0,0,0,0,0,0,0
191,cn4526,geometry_load,io,1.719997246,1,0,0,0,0,0,0,6338,0,1035092,0,0,0,2,2,0,0,0,0
191,cn4526,coarse_local_size,setup,0.440173131,1,0,0,0,0,0,0,7052,0,0,0,0,0,106,19,0,0,0,0
191,cn4526,coarse_edge_mesh,setup,0.012515701,1,0,0,0,0,0,0,521,0,0,0,0,0,0,0,0,0,0,0
191,cn4526,coarse_surface_mesh,setup,8.196385529,1,0,0,0,0,0,0,12898,0,0,0,0,0,0,9,0,0,0,0
191,cn4526,coarse_volume_mesh,setup,13.563599926,1,0,0,0,0,0,0,33305,0,0,0,0,0,36297,1696236,0,0,0,0
191,cn4526,coarse_mesh_save,io,0,0,0,0,0,0,0,0,0,0,0,0,0,0,0,0,0,0,0,0
191,cn4526,submesh_initialization,setup,0.000122502000004,1,0,0,0,0,0,0,3,0,0,0,0,0,0,0,0,0,0,0
191,cn4526,metis_partition,compute,0.374815753,1,0,0,0,0,0,0,726,0,0,0,0,0,0,0,0,0,0,0
191,cn4526,face_map_setup,compute,0.007285123,1,0,0,0,0,0,0,234,0,0,0,0,0,0,0,0,0,0,0
191,cn4526,face_local_extract,compute,0.162346814,1,0,0,0,0,0,0,611,0,0,0,0,0,0,1,0,0,0,0
191,cn4526,face_pre_collective_wait,synchronization,0.068606755,1,0,0,0,0,0,0,1,0,0,0,0,0,0,0,0,0,0,0
191,cn4526,face_collective_setup,compute,0.000115421000004,1,0,0,0,0,0,0,16,0,0,0,0,0,0,0,0,0,0,0
191,cn4526,face_allgatherv,communication,0.119888334,1,0,0,0,0,0,0,716,0,0,0,0,0,0,0,1,1,18952,4859624
191,cn4526,face_global_merge,compute,0.078215883,1,0,0,0,0,0,0,374,0,0,0,0,0,0,0,0,0,0,0
191,cn4526,part_face_create,compute,0.01943512,1,0,0,0,0,0,0,4,0,0,0,0,0,0,0,0,0,0,0
191,cn4526,surface_refine,compute,0.005889007,1,0,0,0,0,0,0,38,0,0,0,0,0,0,0,0,0,0,0
191,cn4526,refined_surface_save,io,0,0,0,0,0,0,0,0,0,0,0,0,0,0,0,0,0,0,0,0
191,cn4526,local_volume_mesh,compute,6.47602616,1,0,0,0,0,0,0,2040,0,0,0,0,0,11857,408037,0,0,0,0
191,cn4526,volume_refine,compute,0.198037716,1,0,0,0,0,0,0,5109,0,0,0,0,0,0,0,0,0,0,0
191,cn4526,refined_volume_save,io,0,0,0,0,0,0,0,0,0,0,0,0,0,0,0,0,0,0,0,0
191,cn4526,adjacency_build,compute,0.004737634,1,0,0,0,0,0,0,13,0,0,0,0,0,0,1,0,0,0,0
191,cn4526,vertex_numbering_local,compute,0.004732753,1,0,0,0,0,0,0,2,0,0,0,0,0,0,0,0,0,0,0
191,cn4526,vertex_count_allgather,communication,1.994806769,1,0,0,0,0,0,0,53,0,0,0,0,0,0,2,1,1,4,1024
191,cn4526,element_count_allgather,communication,0.007753508,1,0,0,0,0,0,0,0,0,0,0,0,0,0,0,1,1,4,1024
191,cn4526,vertex_exchange_prepare,compute,1.51400000021e-05,1,0,0,0,0,0,0,0,0,0,0,0,0,0,0,0,0,0,0
191,cn4526,vertex_exchange,communication,0.001444536,1,0,0,0,0,0,0,22,0,0,0,0,0,0,0,0,2,0,87318
191,cn4526,vertex_exchange_unpack,compute,0.001242354,1,0,0,0,0,0,0,0,0,0,0,0,0,0,0,0,0,0,0
191,cn4526,partition_result_io,io,0,0,0,0,0,0,0,0,0,0,0,0,0,0,0,0,0,0,0,0
191,cn4526,volume_exchange_pack,compute,0.055447446,2,0,0,0,0,0,0,1,0,0,0,0,0,0,0,0,0,0,0
191,cn4526,volume_size_exchange,communication,0.026419458,1,0,0,0,0,0,0,2,0,0,0,0,0,0,0,2,2,8,8
191,cn4526,volume_payload_prepare,compute,6.6240999999e-05,1,0,0,0,0,0,0,0,0,0,0,0,0,0,0,0,0,0,0
191,cn4526,volume_payload_exchange,communication,0.017790381,1,0,0,0,0,0,0,13,0,0,0,0,0,0,0,2,2,940800,934680
191,cn4526,volume_exchange_unpack,compute,0.041264626,1,0,0,0,0,0,0,0,0,0,0,0,0,0,0,0,0,0,0
191,cn4526,final_mesh_save,io,0,0,0,0,0,0,0,0,0,0,0,0,0,0,0,0,0,0,0,0
191,cn4526,testout_io,io,0,0,0,0,0,0,0,0,0,0,0,0,0,0,0,0,0,0,0,0
191,cn4526,final_count_exchange,communication,0,0,0,0,0,0,0,0,0,0,0,0,0,0,0,0,0,0,0,0
191,cn4526,quality_evaluation,postprocess,0,0,0,0,0,0,0,0,0,0,0,0,0,0,0,0,0,0,0,0
192,cn4527,geometry_load,io,1.727447303,1,0,0,0,0,0,0,6442,0,1035092,0,0,0,2,4,0,0,0,0
192,cn4527,coarse_local_size,setup,0.472396343,1,0,0,0,0,0,0,7591,0,0,0,0,0,110,20,0,0,0,0
192,cn4527,coarse_edge_mesh,setup,0.012864588,1,0,0,0,0,0,0,551,0,0,0,0,0,0,0,0,0,0,0
192,cn4527,coarse_surface_mesh,setup,8.184167638,1,0,0,0,0,0,0,10993,0,0,0,0,0,0,14,0,0,0,0
192,cn4527,coarse_volume_mesh,setup,13.255236906,1,0,0,0,0,0,0,30854,0,0,0,0,0,38019,1623121,0,0,0,0
192,cn4527,coarse_mesh_save,io,0,0,0,0,0,0,0,0,0,0,0,0,0,0,0,0,0,0,0,0
192,cn4527,submesh_initialization,setup,0.000116501999997,1,0,0,0,0,0,0,1,0,0,0,0,0,0,0,0,0,0,0
192,cn4527,metis_partition,compute,0.362006351,1,0,0,0,0,0,0,244,0,0,0,0,0,0,0,0,0,0,0
192,cn4527,face_map_setup,compute,0.007148343,1,0,0,0,0,0,0,237,0,0,0,0,0,0,0,0,0,0,0
192,cn4527,face_local_extract,compute,0.1579343,1,0,0,0,0,0,0,642,0,0,0,0,0,0,0,0,0,0,0
192,cn4527,face_pre_collective_wait,synchronization,0.08593311,1,0,0,0,0,0,0,1,0,0,0,0,0,0,1,0,0,0,0
192,cn4527,face_collective_setup,compute,0.000116880999997,1,0,0,0,0,0,0,13,0,0,0,0,0,0,0,0,0,0,0
192,cn4527,face_allgatherv,communication,0.119885501,1,0,0,0,0,0,0,1149,0,0,0,0,0,0,0,1,1,18952,4859624
192,cn4527,face_global_merge,compute,0.077142649,1,0,0,0,0,0,0,394,0,0,0,0,0,0,0,0,0,0,0
192,cn4527,part_face_create,compute,0.019196842,1,0,0,0,0,0,0,3,0,0,0,0,0,0,0,0,0,0,0
192,cn4527,surface_refine,compute,0.00587326799999,1,0,0,0,0,0,0,37,0,0,0,0,0,0,0,0,0,0,0
192,cn4527,refined_surface_save,io,0,0,0,0,0,0,0,0,0,0,0,0,0,0,0,0,0,0,0,0
192,cn4527,local_volume_mesh,compute,6.556826147,1,0,0,0,0,0,0,1461,0,0,0,0,0,12921,370130,0,0,0,0
192,cn4527,volume_refine,compute,0.208946727,1,0,0,0,0,0,0,5454,0,0,0,0,0,0,0,0,0,0,0
192,cn4527,refined_volume_save,io,0,0,0,0,0,0,0,0,0,0,0,0,0,0,0,0,0,0,0,0
192,cn4527,adjacency_build,compute,0.004683614,1,0,0,0,0,0,0,3,0,0,0,0,0,0,0,0,0,0,0
192,cn4527,vertex_numbering_local,compute,0.004913837,1,0,0,0,0,0,0,79,0,0,0,0,0,0,0,0,0,0,0
192,cn4527,vertex_count_allgather,communication,1.904454643,1,0,0,0,0,0,0,30,0,0,0,0,0,0,2,1,1,4,1024
192,cn4527,element_count_allgather,communication,0.007917791,1,0,0,0,0,0,0,0,0,0,0,0,0,0,0,1,1,4,1024
192,cn4527,vertex_exchange_prepare,compute,8.70000000219e-06,1,0,0,0,0,0,0,0,0,0,0,0,0,0,0,0,0,0,0
192,cn4527,vertex_exchange,communication,0.011022507,1,0,0,0,0,0,0,237,0,0,0,0,0,0,0,4,2,70488,704
192,cn4527,vertex_exchange_unpack,compute,2.16000000037e-05,1,0,0,0,0,0,0,0,0,0,0,0,0,0,0,0,0,0,0
192,cn4527,partition_result_io,io,0,0,0,0,0,0,0,0,0,0,0,0,0,0,0,0,0,0,0,0
192,cn4527,volume_exchange_pack,compute,0.063161568,2,0,0,0,0,0,0,1,0,0,0,0,0,0,0,0,0,0,0
192,cn4527,volume_size_exchange,communication,0.059439225,1,0,0,0,0,0,0,2,0,0,0,0,0,0,1,4,4,16,16
192,cn4527,volume_payload_prepare,compute,5.84210000056e-05,1,0,0,0,0,0,0,0,0,0,0,0,0,0,0,0,0,0,0
192,cn4527,volume_payload_exchange,communication,0.002369307,1,0,0,0,0,0,0,17,0,0,0,0,0,0,0,4,4,750600,741120
192,cn4527,volume_exchange_unpack,compute,0.040519227,1,0,0,0,0,0,0,0,0,0,0,0,0,0,0,0,0,0,0
192,cn4527,final_mesh_save,io,0,0,0,0,0,0,0,0,0,0,0,0,0,0,0,0,0,0,0,0
192,cn4527,testout_io,io,0,0,0,0,0,0,0,0,0,0,0,0,0,0,0,0,0,0,0,0
192,cn4527,final_count_exchange,communication,0,0,0,0,0,0,0,0,0,0,0,0,0,0,0,0,0,0,0,0
192,cn4527,quality_evaluation,postprocess,0,0,0,0,0,0,0,0,0,0,0,0,0,0,0,0,0,0,0,0
193,cn7168,geometry_load,io,1.736108373,1,0,0,0,0,0,0,6487,0,1035092,0,0,0,2,2,0,0,0,0
193,cn7168,coarse_local_size,setup,0.442354649,1,0,0,0,0,0,0,6988,0,0,0,0,0,122,44,0,0,0,0
193,cn7168,coarse_edge_mesh,setup,0.012501879,1,0,0,0,0,0,0,521,0,0,0,0,0,0,0,0,0,0,0
193,cn7168,coarse_surface_mesh,setup,8.078774997,1,0,0,0,0,0,0,8012,0,0,0,0,0,0,9,0,0,0,0
193,cn7168,coarse_volume_mesh,setup,14.105224143,1,0,0,0,0,0,0,24558,0,0,0,0,0,81543,2881665,0,0,0,0
193,cn7168,coarse_mesh_save,io,0,0,0,0,0,0,0,0,0,0,0,0,0,0,0,0,0,0,0,0
193,cn7168,submesh_initialization,setup,0.000124941000003,1,0,0,0,0,0,0,1,0,0,0,0,0,0,0,0,0,0,0
193,cn7168,metis_partition,compute,0.363471343,1,0,0,0,0,0,0,60,0,0,0,0,0,0,1,0,0,0,0
193,cn7168,face_map_setup,compute,0.006744006,1,0,0,0,0,0,0,3,0,0,0,0,0,0,0,0,0,0,0
193,cn7168,face_local_extract,compute,0.151638717,1,0,0,0,0,0,0,24,0,0,0,0,0,0,0,0,0,0,0
193,cn7168,face_pre_collective_wait,synchronization,0.091204365,1,0,0,0,0,0,0,1,0,0,0,0,0,0,0,0,0,0,0
193,cn7168,face_collective_setup,compute,0.000107921000001,1,0,0,0,0,0,0,16,0,0,0,0,0,0,0,0,0,0,0
193,cn7168,face_allgatherv,communication,0.119733409,1,0,0,0,0,0,0,47,0,0,0,0,0,0,0,1,1,18952,4859624
193,cn7168,face_global_merge,compute,0.0736287,1,0,0,0,0,0,0,0,0,0,0,0,0,0,0,0,0,0,0
193,cn7168,part_face_create,compute,0.018359635,1,0,0,0,0,0,0,3,0,0,0,0,0,0,0,0,0,0,0
193,cn7168,surface_refine,compute,0.005628332,1,0,0,0,0,0,0,1,0,0,0,0,0,0,0,0,0,0,0
193,cn7168,refined_surface_save,io,0,0,0,0,0,0,0,0,0,0,0,0,0,0,0,0,0,0,0,0
193,cn7168,local_volume_mesh,compute,5.904054403,1,0,0,0,0,0,0,554,0,0,0,0,0,54574,1895774,0,0,0,0
193,cn7168,volume_refine,compute,0.19887748,1,0,0,0,0,0,0,4181,0,0,0,0,0,0,0,0,0,0,0
193,cn7168,refined_volume_save,io,0,0,0,0,0,0,0,0,0,0,0,0,0,0,0,0,0,0,0,0
193,cn7168,adjacency_build,compute,0.00468422,1,0,0,0,0,0,0,5,0,0,0,0,0,0,0,0,0,0,0
193,cn7168,vertex_numbering_local,compute,0.007716059,1,0,0,0,0,0,0,109,0,0,0,0,0,0,0,0,0,0,0
193,cn7168,vertex_count_allgather,communication,2.569389395,1,0,0,0,0,0,0,79,0,0,0,0,0,0,4,1,1,4,1024
193,cn7168,element_count_allgather,communication,0.007886721,1,0,0,0,0,0,0,1,0,0,0,0,0,0,0,1,1,4,1024
193,cn7168,vertex_exchange_prepare,compute,3.43000000029e-05,1,0,0,0,0,0,0,9,0,0,0,0,0,0,0,0,0,0,0
193,cn7168,vertex_exchange,communication,0.011589928,1,0,0,0,0,0,0,317,0,0,0,0,0,0,0,11,7,153516,33462
193,cn7168,vertex_exchange_unpack,compute,0.000501686,1,0,0,0,0,0,0,0,0,0,0,0,0,0,0,0,0,0,0
193,cn7168,partition_result_io,io,0,0,0,0,0,0,0,0,0,0,0,0,0,0,0,0,0,0,0,0
193,cn7168,volume_exchange_pack,compute,0.121516832,2,0,0,0,0,0,0,196,0,0,0,0,0,0,0,0,0,0,0
193,cn7168,volume_size_exchange,communication,4.31809999952e-05,1,0,0,0,0,0,0,0,0,0,0,0,0,0,0,8,8,32,32
193,cn7168,volume_payload_prepare,compute,0.000297642999996,1,0,0,0,0,0,0,128,0,0,0,0,0,0,0,0,0,0,0
193,cn7168,volume_payload_exchange,communication,0.002269929,1,0,0,0,0,0,0,35,0,0,0,0,0,0,0,8,8,1982880,1977600
193,cn7168,volume_exchange_unpack,compute,0.062158934,1,0,0,0,0,0,0,745,0,0,0,0,0,0,0,0,0,0,0
193,cn7168,final_mesh_save,io,0,0,0,0,0,0,0,0,0,0,0,0,0,0,0,0,0,0,0,0
193,cn7168,testout_io,io,0,0,0,0,0,0,0,0,0,0,0,0,0,0,0,0,0,0,0,0
193,cn7168,final_count_exchange,communication,0,0,0,0,0,0,0,0,0,0,0,0,0,0,0,0,0,0,0,0
193,cn7168,quality_evaluation,postprocess,0,0,0,0,0,0,0,0,0,0,0,0,0,0,0,0,0,0,0,0
194,cn7169,geometry_load,io,1.755299822,1,0,0,0,0,0,0,6486,0,1035092,0,0,0,2,6,0,0,0,0
194,cn7169,coarse_local_size,setup,0.451238064,1,0,0,0,0,0,0,7555,0,0,0,0,0,98,49,0,0,0,0
194,cn7169,coarse_edge_mesh,setup,0.012775548,1,0,0,0,0,0,0,578,0,0,0,0,0,0,0,0,0,0,0
194,cn7169,coarse_surface_mesh,setup,8.165503562,1,0,0,0,0,0,0,10860,0,0,0,0,0,0,15,0,0,0,0
194,cn7169,coarse_volume_mesh,setup,14.033109666,1,0,0,0,0,0,0,31330,0,0,0,0,0,85040,2709125,0,0,0,0
194,cn7169,coarse_mesh_save,io,0,0,0,0,0,0,0,0,0,0,0,0,0,0,0,0,0,0,0,0
194,cn7169,submesh_initialization,setup,0.000123481000003,1,0,0,0,0,0,0,2,0,0,0,0,0,0,0,0,0,0,0
194,cn7169,metis_partition,compute,0.377463193,1,0,0,0,0,0,0,641,0,0,0,0,0,0,1,0,0,0,0
194,cn7169,face_map_setup,compute,0.007218924,1,0,0,0,0,0,0,222,0,0,0,0,0,0,0,0,0,0,0
194,cn7169,face_local_extract,compute,0.15776074,1,0,0,0,0,0,0,572,0,0,0,0,0,0,0,0,0,0,0
194,cn7169,face_pre_collective_wait,synchronization,0.070531973,1,0,0,0,0,0,0,1,0,0,0,0,0,0,0,0,0,0,0
194,cn7169,face_collective_setup,compute,0.000114002000004,1,0,0,0,0,0,0,16,0,0,0,0,0,0,0,0,0,0,0
194,cn7169,face_allgatherv,communication,0.119734581,1,0,0,0,0,0,0,1206,0,0,0,0,0,0,0,1,1,18952,4859624
194,cn7169,face_global_merge,compute,0.079278614,1,0,0,0,0,0,0,564,0,0,0,0,0,0,1,0,0,0,0
194,cn7169,part_face_create,compute,0.019711628,1,0,0,0,0,0,0,4,0,0,0,0,0,0,0,0,0,0,0
194,cn7169,surface_refine,compute,0.005969509,1,0,0,0,0,0,0,38,0,0,0,0,0,0,0,0,0,0,0
194,cn7169,refined_surface_save,io,0,0,0,0,0,0,0,0,0,0,0,0,0,0,0,0,0,0,0,0
194,cn7169,local_volume_mesh,compute,5.774123566,1,0,0,0,0,0,0,2241,0,0,0,0,0,55607,1792100,0,0,0,0
194,cn7169,volume_refine,compute,0.194849387,1,0,0,0,0,0,0,6435,0,0,0,0,0,0,1,0,0,0,0
194,cn7169,refined_volume_save,io,0,0,0,0,0,0,0,0,0,0,0,0,0,0,0,0,0,0,0,0
194,cn7169,adjacency_build,compute,0.00493919700001,1,0,0,0,0,0,0,10,0,0,0,0,0,0,0,0,0,0,0
194,cn7169,vertex_numbering_local,compute,0.005240241,1,0,0,0,0,0,0,2,0,0,0,0,0,0,0,0,0,0,0
194,cn7169,vertex_count_allgather,communication,2.697930172,1,0,0,0,0,0,0,54,0,0,0,0,0,0,5,1,1,4,1024
194,cn7169,element_count_allgather,communication,0.007866431,1,0,0,0,0,0,0,1,0,0,0,0,0,0,0,1,1,4,1024
194,cn7169,vertex_exchange_prepare,compute,1.27799999987e-05,1,0,0,0,0,0,0,0,0,0,0,0,0,0,0,0,0,0,0
194,cn7169,vertex_exchange,communication,0.010145837,1,0,0,0,0,0,0,19,0,0,0,0,0,0,0,3,3,42636,43824
194,cn7169,vertex_exchange_unpack,compute,0.000678108000002,1,0,0,0,0,0,0,0,0,0,0,0,0,0,0,0,0,0,0
194,cn7169,partition_result_io,io,0,0,0,0,0,0,0,0,0,0,0,0,0,0,0,0,0,0,0,0
194,cn7169,volume_exchange_pack,compute,0.056771734,2,0,0,0,0,0,0,1,0,0,0,0,0,0,0,0,0,0,0
194,cn7169,volume_size_exchange,communication,0.066075562,1,0,0,0,0,0,0,1,0,0,0,0,0,0,0,3,3,12,12
194,cn7169,volume_payload_prepare,compute,6.90409999962e-05,1,0,0,0,0,0,0,0,0,0,0,0,0,0,0,0,0,0,0
194,cn7169,volume_payload_exchange,communication,0.002225025,1,0,0,0,0,0,0,31,0,0,0,0,0,0,0,3,3,900480,899760
194,cn7169,volume_exchange_unpack,compute,0.040110442,1,0,0,0,0,0,0,12,0,0,0,0,0,0,0,0,0,0,0
194,cn7169,final_mesh_save,io,0,0,0,0,0,0,0,0,0,0,0,0,0,0,0,0,0,0,0,0
194,cn7169,testout_io,io,0,0,0,0,0,0,0,0,0,0,0,0,0,0,0,0,0,0,0,0
194,cn7169,final_count_exchange,communication,0,0,0,0,0,0,0,0,0,0,0,0,0,0,0,0,0,0,0,0
194,cn7169,quality_evaluation,postprocess,0,0,0,0,0,0,0,0,0,0,0,0,0,0,0,0,0,0,0,0
195,cn7170,geometry_load,io,1.748505936,1,0,0,0,0,0,0,6486,0,1035092,0,0,0,2,2,0,0,0,0
195,cn7170,coarse_local_size,setup,0.451140915,1,0,0,0,0,0,0,7395,0,0,0,0,0,130,63,0,0,0,0
195,cn7170,coarse_edge_mesh,setup,0.012707786,1,0,0,0,0,0,0,550,0,0,0,0,0,0,0,0,0,0,0
195,cn7170,coarse_surface_mesh,setup,8.102170635,1,0,0,0,0,0,0,9937,0,0,0,0,0,0,10,0,0,0,0
195,cn7170,coarse_volume_mesh,setup,14.375735836,1,0,0,0,0,0,0,23661,0,0,0,0,0,85529,2810682,0,0,0,0
195,cn7170,coarse_mesh_save,io,0,0,0,0,0,0,0,0,0,0,0,0,0,0,0,0,0,0,0,0
195,cn7170,submesh_initialization,setup,0.000117061000005,1,0,0,0,0,0,0,1,0,0,0,0,0,0,0,0,0,0,0
195,cn7170,metis_partition,compute,0.364733664,1,0,0,0,0,0,0,61,0,0,0,0,0,0,1,0,0,0,0
195,cn7170,face_map_setup,compute,0.00670385700001,1,0,0,0,0,0,0,3,0,0,0,0,0,0,0,0,0,0,0
195,cn7170,face_local_extract,compute,0.155310921,1,0,0,0,0,0,0,24,0,0,0,0,0,0,0,0,0,0,0
195,cn7170,face_pre_collective_wait,synchronization,0.08630415,1,0,0,0,0,0,0,1,0,0,0,0,0,0,0,0,0,0,0
195,cn7170,face_collective_setup,compute,0.000109480999996,1,0,0,0,0,0,0,16,0,0,0,0,0,0,0,0,0,0,0
195,cn7170,face_allgatherv,communication,0.119695113,1,0,0,0,0,0,0,47,0,0,0,0,0,0,0,1,1,18952,4859624
195,cn7170,face_global_merge,compute,0.073949288,1,0,0,0,0,0,0,0,0,0,0,0,0,0,0,0,0,0,0
195,cn7170,part_face_create,compute,0.018626893,1,0,0,0,0,0,0,3,0,0,0,0,0,0,0,0,0,0,0
195,cn7170,surface_refine,compute,0.006614716,1,0,0,0,0,0,0,1,0,0,0,0,0,0,0,0,0,0,0
195,cn7170,refined_surface_save,io,0,0,0,0,0,0,0,0,0,0,0,0,0,0,0,0,0,0,0,0
195,cn7170,local_volume_mesh,compute,6.997354782,1,0,0,0,0,0,0,599,0,0,0,0,0,59863,1955184,0,0,0,0
195,cn7170,volume_refine,compute,0.2476505,1,0,0,0,0,0,0,5129,0,0,0,0,0,0,1,0,0,0,0
195,cn7170,refined_volume_save,io,0,0,0,0,0,0,0,0,0,0,0,0,0,0,0,0,0,0,0,0
195,cn7170,adjacency_build,compute,0.004809355,1,0,0,0,0,0,0,0,0,0,0,0,0,0,0,0,0,0,0
195,cn7170,vertex_numbering_local,compute,0.008082352,1,0,0,0,0,0,0,2,0,0,0,0,0,0,0,0,0,0,0
195,cn7170,vertex_count_allgather,communication,1.425364929,1,0,0,0,0,0,0,40,0,0,0,0,0,0,1,1,1,4,1024
195,cn7170,element_count_allgather,communication,0.007608807,1,0,0,0,0,0,0,1,0,0,0,0,0,0,0,1,1,4,1024
195,cn7170,vertex_exchange_prepare,compute,1.84599999997e-05,1,0,0,0,0,0,0,0,0,0,0,0,0,0,0,0,0,0,0
195,cn7170,vertex_exchange,communication,0.011892056,1,0,0,0,0,0,0,780,0,0,0,0,0,0,0,9,6,100738,56914
195,cn7170,vertex_exchange_unpack,compute,0.000792988999997,1,0,0,0,0,0,0,0,0,0,0,0,0,0,0,0,0,0,0
195,cn7170,partition_result_io,io,0,0,0,0,0,0,0,0,0,0,0,0,0,0,0,0,0,0,0,0
195,cn7170,volume_exchange_pack,compute,0.085818845,2,0,0,0,0,0,0,1,0,0,0,0,0,0,0,0,0,0,0
195,cn7170,volume_size_exchange,communication,0.034936101,1,0,0,0,0,0,0,5,0,0,0,0,0,0,0,7,7,28,28
195,cn7170,volume_payload_prepare,compute,0.000121001000004,1,0,0,0,0,0,0,0,0,0,0,0,0,0,0,0,0,0,0
195,cn7170,volume_payload_exchange,communication,0.002351667,1,0,0,0,0,0,0,29,0,0,0,0,0,0,0,7,7,1633800,1641240
195,cn7170,volume_exchange_unpack,compute,0.068219522,1,0,0,0,0,0,0,1041,0,0,0,0,0,0,0,0,0,0,0
195,cn7170,final_mesh_save,io,0,0,0,0,0,0,0,0,0,0,0,0,0,0,0,0,0,0,0,0
195,cn7170,testout_io,io,0,0,0,0,0,0,0,0,0,0,0,0,0,0,0,0,0,0,0,0
195,cn7170,final_count_exchange,communication,0,0,0,0,0,0,0,0,0,0,0,0,0,0,0,0,0,0,0,0
195,cn7170,quality_evaluation,postprocess,0,0,0,0,0,0,0,0,0,0,0,0,0,0,0,0,0,0,0,0
196,cn7171,geometry_load,io,1.742667176,1,0,0,0,0,0,0,6485,0,1035092,0,0,0,2,3,0,0,0,0
196,cn7171,coarse_local_size,setup,0.449263649,1,0,0,0,0,0,0,7505,0,0,0,0,0,88,41,0,0,0,0
196,cn7171,coarse_edge_mesh,setup,0.012683124,1,0,0,0,0,0,0,576,0,0,0,0,0,0,0,0,0,0,0
196,cn7171,coarse_surface_mesh,setup,8.160615477,1,0,0,0,0,0,0,10900,0,0,0,0,0,0,14,0,0,0,0
196,cn7171,coarse_volume_mesh,setup,14.00893714,1,0,0,0,0,0,0,30828,0,0,0,0,0,85555,2711761,0,0,0,0
196,cn7171,coarse_mesh_save,io,0,0,0,0,0,0,0,0,0,0,0,0,0,0,0,0,0,0,0,0
196,cn7171,submesh_initialization,setup,0.000134402,1,0,0,0,0,0,0,4,0,0,0,0,0,0,0,0,0,0,0
196,cn7171,metis_partition,compute,0.379469075,1,0,0,0,0,0,0,992,0,0,0,0,0,0,1,0,0,0,0
196,cn7171,face_map_setup,compute,0.007447845,1,0,0,0,0,0,0,216,0,0,0,0,0,0,0,0,0,0,0
196,cn7171,face_local_extract,compute,0.156289757,1,0,0,0,0,0,0,651,0,0,0,0,0,0,0,0,0,0,0
196,cn7171,face_pre_collective_wait,synchronization,0.069782054,1,0,0,0,0,0,0,1,0,0,0,0,0,0,0,0,0,0,0
196,cn7171,face_collective_setup,compute,0.000109000999998,1,0,0,0,0,0,0,16,0,0,0,0,0,0,0,0,0,0,0
196,cn7171,face_allgatherv,communication,0.119507359,1,0,0,0,0,0,0,1154,0,0,0,0,0,0,0,1,1,18952,4859624
196,cn7171,face_global_merge,compute,0.079458263,1,0,0,0,0,0,0,450,0,0,0,0,0,0,1,0,0,0,0
196,cn7171,part_face_create,compute,0.019636884,1,0,0,0,0,0,0,3,0,0,0,0,0,0,0,0,0,0,0
196,cn7171,surface_refine,compute,0.005836586,1,0,0,0,0,0,0,40,0,0,0,0,0,0,0,0,0,0,0
196,cn7171,refined_surface_save,io,0,0,0,0,0,0,0,0,0,0,0,0,0,0,0,0,0,0,0,0
196,cn7171,local_volume_mesh,compute,5.551151723,1,0,0,0,0,0,0,2169,0,0,0,0,0,54112,1796391,0,0,0,0
196,cn7171,volume_refine,compute,0.1864697,1,0,0,0,0,0,0,5482,0,0,0,0,0,0,0,0,0,0,0
196,cn7171,refined_volume_save,io,0,0,0,0,0,0,0,0,0,0,0,0,0,0,0,0,0,0,0,0
196,cn7171,adjacency_build,compute,0.004867375,1,0,0,0,0,0,0,11,0,0,0,0,0,0,0,0,0,0,0
196,cn7171,vertex_numbering_local,compute,0.005869927,1,0,0,0,0,0,0,2,0,0,0,0,0,0,0,0,0,0,0
196,cn7171,vertex_count_allgather,communication,2.929166249,1,0,0,0,0,0,0,51,0,0,0,0,0,0,6,1,1,4,1024
196,cn7171,element_count_allgather,communication,0.007699267,1,0,0,0,0,0,0,2,0,0,0,0,0,0,0,1,1,4,1024
196,cn7171,vertex_exchange_prepare,compute,1.71200000025e-05,1,0,0,0,0,0,0,0,0,0,0,0,0,0,0,0,0,0,0
196,cn7171,vertex_exchange,communication,0.011615192,1,0,0,0,0,0,0,52,0,0,0,0,0,0,0,7,4,84920,38588
196,cn7171,vertex_exchange_unpack,compute,0.000595666999999,1,0,0,0,0,0,0,0,0,0,0,0,0,0,0,0,0,0,0
196,cn7171,partition_result_io,io,0,0,0,0,0,0,0,0,0,0,0,0,0,0,0,0,0,0,0,0
196,cn7171,volume_exchange_pack,compute,0.063118118,2,0,0,0,0,0,0,1,0,0,0,0,0,0,0,0,0,0,0
196,cn7171,volume_size_exchange,communication,0.058374724,1,0,0,0,0,0,0,3,0,0,0,0,0,0,0,5,5,20,20
196,cn7171,volume_payload_prepare,compute,9.75210000007e-05,1,0,0,0,0,0,0,0,0,0,0,0,0,0,0,0,0,0,0
196,cn7171,volume_payload_exchange,communication,0.002331867,1,0,0,0,0,0,0,20,0,0,0,0,0,0,0,5,5,1293480,1298040
196,cn7171,volume_exchange_unpack,compute,0.044625167,1,0,0,0,0,0,0,38,0,0,0,0,0,0,0,0,0,0,0
196,cn7171,final_mesh_save,io,0,0,0,0,0,0,0,0,0,0,0,0,0,0,0,0,0,0,0,0
196,cn7171,testout_io,io,0,0,0,0,0,0,0,0,0,0,0,0,0,0,0,0,0,0,0,0
196,cn7171,final_count_exchange,communication,0,0,0,0,0,0,0,0,0,0,0,0,0,0,0,0,0,0,0,0
196,cn7171,quality_evaluation,postprocess,0,0,0,0,0,0,0,0,0,0,0,0,0,0,0,0,0,0,0,0
197,cn7172,geometry_load,io,1.776368136,1,0,0,0,0,0,0,4728,0,1035092,0,0,0,2,5,0,0,0,0
197,cn7172,coarse_local_size,setup,0.449604135,1,0,0,0,0,0,0,7485,0,0,0,0,0,146,119,0,0,0,0
197,cn7172,coarse_edge_mesh,setup,0.01216747,1,0,0,0,0,0,0,575,0,0,0,0,0,0,0,0,0,0,0
197,cn7172,coarse_surface_mesh,setup,7.999551556,1,0,0,0,0,0,0,7858,0,0,0,0,0,0,13,0,0,0,0
197,cn7172,coarse_volume_mesh,setup,13.992235139,1,0,0,0,0,0,0,21114,0,0,0,0,0,82705,2679519,0,0,0,0
197,cn7172,coarse_mesh_save,io,0,0,0,0,0,0,0,0,0,0,0,0,0,0,0,0,0,0,0,0
197,cn7172,submesh_initialization,setup,0.000118022000002,1,0,0,0,0,0,0,1,0,0,0,0,0,0,0,0,0,0,0
197,cn7172,metis_partition,compute,0.365374061,1,0,0,0,0,0,0,58,0,0,0,0,0,0,0,0,0,0,0
197,cn7172,face_map_setup,compute,0.00672550399999,1,0,0,0,0,0,0,3,0,0,0,0,0,0,0,0,0,0,0
197,cn7172,face_local_extract,compute,0.156247918,1,0,0,0,0,0,0,25,0,0,0,0,0,0,1,0,0,0,0
197,cn7172,face_pre_collective_wait,synchronization,0.084709921,1,0,0,0,0,0,0,1,0,0,0,0,0,0,0,0,0,0,0
197,cn7172,face_collective_setup,compute,0.000108302000001,1,0,0,0,0,0,0,16,0,0,0,0,0,0,0,0,0,0,0
197,cn7172,face_allgatherv,communication,0.119432764,1,0,0,0,0,0,0,49,0,0,0,0,0,0,0,1,1,18952,4859624
197,cn7172,face_global_merge,compute,0.073412005,1,0,0,0,0,0,0,0,0,0,0,0,0,0,1,0,0,0,0
197,cn7172,part_face_create,compute,0.018423687,1,0,0,0,0,0,0,3,0,0,0,0,0,0,0,0,0,0,0
197,cn7172,surface_refine,compute,0.00574781,1,0,0,0,0,0,0,1,0,0,0,0,0,0,0,0,0,0,0
197,cn7172,refined_surface_save,io,0,0,0,0,0,0,0,0,0,0,0,0,0,0,0,0,0,0,0,0
197,cn7172,local_volume_mesh,compute,5.707341651,1,0,0,0,0,0,0,636,0,0,0,0,0,55669,1747574,0,0,0,0
197,cn7172,volume_refine,compute,0.188759745,1,0,0,0,0,0,0,2507,0,0,0,0,0,0,0,0,0,0,0
197,cn7172,refined_volume_save,io,0,0,0,0,0,0,0,0,0,0,0,0,0,0,0,0,0,0,0,0
197,cn7172,adjacency_build,compute,0.004696313,1,0,0,0,0,0,0,0,0,0,0,0,0,0,0,0,0,0,0
197,cn7172,vertex_numbering_local,compute,0.00831715,1,0,0,0,0,0,0,2,0,0,0,0,0,0,0,0,0,0,0
197,cn7172,vertex_count_allgather,communication,2.775947212,1,0,0,0,0,0,0,33,0,0,0,0,0,0,5,1,1,4,1024
197,cn7172,element_count_allgather,communication,0.007883763,1,0,0,0,0,0,0,0,0,0,0,0,0,0,0,1,1,4,1024
197,cn7172,vertex_exchange_prepare,compute,1.97009999994e-05,1,0,0,0,0,0,0,0,0,0,0,0,0,0,0,0,0,0,0
197,cn7172,vertex_exchange,communication,0.019796169,1,0,0,0,0,0,0,45,0,0,0,0,0,0,0,9,6,133540,89254
197,cn7172,vertex_exchange_unpack,compute,0.001207299,1,0,0,0,0,0,0,0,0,0,0,0,0,0,0,0,0,0,0
197,cn7172,partition_result_io,io,0,0,0,0,0,0,0,0,0,0,0,0,0,0,0,0,0,0,0,0
197,cn7172,volume_exchange_pack,compute,0.085603615,2,0,0,0,0,0,0,1,0,0,0,0,0,0,0,0,0,0,0
197,cn7172,volume_size_exchange,communication,0.027080262,1,0,0,0,0,0,0,33,0,0,0,0,0,0,0,7,7,28,28
197,cn7172,volume_payload_prepare,compute,0.000246944000004,1,0,0,0,0,0,0,34,0,0,0,0,0,0,0,0,0,0,0
197,cn7172,volume_payload_exchange,communication,0.002271175,1,0,0,0,0,0,0,131,0,0,0,0,0,0,0,7,7,2387280,2389920
197,cn7172,volume_exchange_unpack,compute,0.073793851,1,0,0,0,0,0,0,2219,0,0,0,0,0,0,0,0,0,0,0
197,cn7172,final_mesh_save,io,0,0,0,0,0,0,0,0,0,0,0,0,0,0,0,0,0,0,0,0
197,cn7172,testout_io,io,0,0,0,0,0,0,0,0,0,0,0,0,0,0,0,0,0,0,0,0
197,cn7172,final_count_exchange,communication,0,0,0,0,0,0,0,0,0,0,0,0,0,0,0,0,0,0,0,0
197,cn7172,quality_evaluation,postprocess,0,0,0,0,0,0,0,0,0,0,0,0,0,0,0,0,0,0,0,0
198,cn7173,geometry_load,io,1.723958259,1,0,0,0,0,0,0,6341,0,1035092,0,0,0,2,2,0,0,0,0
198,cn7173,coarse_local_size,setup,0.448410205,1,0,0,0,0,0,0,7643,0,0,0,0,0,123,57,0,0,0,0
198,cn7173,coarse_edge_mesh,setup,0.01255619,1,0,0,0,0,0,0,522,0,0,0,0,0,0,0,0,0,0,0
198,cn7173,coarse_surface_mesh,setup,8.141411504,1,0,0,0,0,0,0,10803,0,0,0,0,0,0,10,0,0,0,0
198,cn7173,coarse_volume_mesh,setup,14.331028907,1,0,0,0,0,0,0,33223,0,0,0,0,0,83553,2850999,0,0,0,0
198,cn7173,coarse_mesh_save,io,0,0,0,0,0,0,0,0,0,0,0,0,0,0,0,0,0,0,0,0
198,cn7173,submesh_initialization,setup,0.000128601999997,1,0,0,0,0,0,0,3,0,0,0,0,0,0,0,0,0,0,0
198,cn7173,metis_partition,compute,0.376162668,1,0,0,0,0,0,0,426,0,0,0,0,0,0,0,0,0,0,0
198,cn7173,face_map_setup,compute,0.007205577,1,0,0,0,0,0,0,231,0,0,0,0,0,0,0,0,0,0,0
198,cn7173,face_local_extract,compute,0.16042331,1,0,0,0,0,0,0,611,0,0,0,0,0,0,1,0,0,0,0
198,cn7173,face_pre_collective_wait,synchronization,0.069160896,1,0,0,0,0,0,0,1,0,0,0,0,0,0,0,0,0,0,0
198,cn7173,face_collective_setup,compute,0.000109561999999,1,0,0,0,0,0,0,16,0,0,0,0,0,0,0,0,0,0,0
198,cn7173,face_allgatherv,communication,0.119365874,1,0,0,0,0,0,0,1154,0,0,0,0,0,0,0,1,1,18952,4859624
198,cn7173,face_global_merge,compute,0.077911274,1,0,0,0,0,0,0,424,0,0,0,0,0,0,0,0,0,0,0
198,cn7173,part_face_create,compute,0.019303341,1,0,0,0,0,0,0,3,0,0,0,0,0,0,0,0,0,0,0
198,cn7173,surface_refine,compute,0.006295346,1,0,0,0,0,0,0,39,0,0,0,0,0,0,0,0,0,0,0
198,cn7173,refined_surface_save,io,0,0,0,0,0,0,0,0,0,0,0,0,0,0,0,0,0,0,0,0
198,cn7173,local_volume_mesh,compute,5.529750818,1,0,0,0,0,0,0,776,0,0,0,0,0,55679,1685954,0,0,0,0
198,cn7173,volume_refine,compute,0.196993525,1,0,0,0,0,0,0,3596,0,0,0,0,0,0,1,0,0,0,0
198,cn7173,refined_volume_save,io,0,0,0,0,0,0,0,0,0,0,0,0,0,0,0,0,0,0,0,0
198,cn7173,adjacency_build,compute,0.004921527,1,0,0,0,0,0,0,0,0,0,0,0,0,0,0,0,0,0,0
198,cn7173,vertex_numbering_local,compute,0.008304172,1,0,0,0,0,0,0,1,0,0,0,0,0,0,0,0,0,0,0
198,cn7173,vertex_count_allgather,communication,2.939097835,1,0,0,0,0,0,0,90,0,0,0,0,0,0,3,1,1,4,1024
198,cn7173,element_count_allgather,communication,0.007831866,1,0,0,0,0,0,0,8,0,0,0,0,0,0,0,1,1,4,1024
198,cn7173,vertex_exchange_prepare,compute,4.14000000006e-05,1,0,0,0,0,0,0,18,0,0,0,0,0,0,0,0,0,0,0
198,cn7173,vertex_exchange,communication,0.018897156,1,0,0,0,0,0,0,120,0,0,0,0,0,0,0,8,8,107272,88000
198,cn7173,vertex_exchange_unpack,compute,0.002106269,1,0,0,0,0,0,0,872,0,0,0,0,0,0,0,0,0,0,0
198,cn7173,partition_result_io,io,0,0,0,0,0,0,0,0,0,0,0,0,0,0,0,0,0,0,0,0
198,cn7173,volume_exchange_pack,compute,0.088514398,2,0,0,0,0,0,0,1351,0,0,0,0,0,0,0,0,0,0,0
198,cn7173,volume_size_exchange,communication,0.023997744,1,0,0,0,0,0,0,1,0,0,0,0,0,0,0,8,8,32,32
198,cn7173,volume_payload_prepare,compute,0.000156062000002,1,0,0,0,0,0,0,0,0,0,0,0,0,0,0,0,0,0,0
198,cn7173,volume_payload_exchange,communication,0.002425993,1,0,0,0,0,0,0,21,0,0,0,0,0,0,0,8,8,2075040,2087520
198,cn7173,volume_exchange_unpack,compute,0.066021053,1,0,0,0,0,0,0,1370,0,0,0,0,0,0,0,0,0,0,0
198,cn7173,final_mesh_save,io,0,0,0,0,0,0,0,0,0,0,0,0,0,0,0,0,0,0,0,0
198,cn7173,testout_io,io,0,0,0,0,0,0,0,0,0,0,0,0,0,0,0,0,0,0,0,0
198,cn7173,final_count_exchange,communication,0,0,0,0,0,0,0,0,0,0,0,0,0,0,0,0,0,0,0,0
198,cn7173,quality_evaluation,postprocess,0,0,0,0,0,0,0,0,0,0,0,0,0,0,0,0,0,0,0,0
199,cn7174,geometry_load,io,1.758005294,1,0,0,0,0,0,0,6485,0,1035092,0,0,0,2,3,0,0,0,0
199,cn7174,coarse_local_size,setup,0.451754589,1,0,0,0,0,0,0,7609,0,0,0,0,0,116,54,0,0,0,0
199,cn7174,coarse_edge_mesh,setup,0.012606356,1,0,0,0,0,0,0,580,0,0,0,0,0,0,0,0,0,0,0
199,cn7174,coarse_surface_mesh,setup,8.167358799,1,0,0,0,0,0,0,10930,0,0,0,0,0,0,11,0,0,0,0
199,cn7174,coarse_volume_mesh,setup,14.323950712,1,0,0,0,0,0,0,30904,0,0,0,0,0,86012,2853643,0,0,0,0
199,cn7174,coarse_mesh_save,io,0,0,0,0,0,0,0,0,0,0,0,0,0,0,0,0,0,0,0,0
199,cn7174,submesh_initialization,setup,0.000121021999995,1,0,0,0,0,0,0,2,0,0,0,0,0,0,0,0,0,0,0
199,cn7174,metis_partition,compute,0.375549883,1,0,0,0,0,0,0,513,0,0,0,0,0,0,0,0,0,0,0
199,cn7174,face_map_setup,compute,0.007223852,1,0,0,0,0,0,0,222,0,0,0,0,0,0,0,0,0,0,0
199,cn7174,face_local_extract,compute,0.153883655,1,0,0,0,0,0,0,566,0,0,0,0,0,0,0,0,0,0,0
199,cn7174,face_pre_collective_wait,synchronization,0.076357268,1,0,0,0,0,0,0,1,0,0,0,0,0,0,0,0,0,0,0
199,cn7174,face_collective_setup,compute,0.000105721999994,1,0,0,0,0,0,0,15,0,0,0,0,0,0,0,0,0,0,0
199,cn7174,face_allgatherv,communication,0.119303097,1,0,0,0,0,0,0,866,0,0,0,0,0,0,0,1,1,18952,4859624
199,cn7174,face_global_merge,compute,0.078093915,1,0,0,0,0,0,0,422,0,0,0,0,0,0,0,0,0,0,0
199,cn7174,part_face_create,compute,0.019453182,1,0,0,0,0,0,0,3,0,0,0,0,0,0,0,0,0,0,0
199,cn7174,surface_refine,compute,0.006319198,1,0,0,0,0,0,0,2,0,0,0,0,0,0,1,0,0,0,0
199,cn7174,refined_surface_save,io,0,0,0,0,0,0,0,0,0,0,0,0,0,0,0,0,0,0,0,0
199,cn7174,local_volume_mesh,compute,5.79841674,1,0,0,0,0,0,0,753,0,0,0,0,0,57044,1687958,0,0,0,0
199,cn7174,volume_refine,compute,0.207419407,1,0,0,0,0,0,0,3780,0,0,0,0,0,0,1,0,0,0,0
199,cn7174,refined_volume_save,io,0,0,0,0,0,0,0,0,0,0,0,0,0,0,0,0,0,0,0,0
199,cn7174,adjacency_build,compute,0.004872436,1,0,0,0,0,0,0,0,0,0,0,0,0,0,0,0,0,0,0
199,cn7174,vertex_numbering_local,compute,0.005242422,1,0,0,0,0,0,0,1,0,0,0,0,0,0,0,0,0,0,0
199,cn7174,vertex_count_allgather,communication,2.662716291,1,0,0,0,0,0,0,93,0,0,0,0,0,0,2,1,1,4,1024
199,cn7174,element_count_allgather,communication,0.007706439,1,0,0,0,0,0,0,8,0,0,0,0,0,0,0,1,1,4,1024
199,cn7174,vertex_exchange_prepare,compute,3.02210000029e-05,1,0,0,0,0,0,0,13,0,0,0,0,0,0,0,0,0,0,0
199,cn7174,vertex_exchange,communication,0.018822753,1,0,0,0,0,0,0,76,0,0,0,0,0,0,0,3,4,18260,61116
199,cn7174,vertex_exchange_unpack,compute,0.001538144,1,0,0,0,0,0,0,665,0,0,0,0,0,0,0,0,0,0,0
199,cn7174,partition_result_io,io,0,0,0,0,0,0,0,0,0,0,0,0,0,0,0,0,0,0,0,0
199,cn7174,volume_exchange_pack,compute,0.065307776,2,0,0,0,0,0,0,1246,0,0,0,0,0,0,0,0,0,0,0
199,cn7174,volume_size_exchange,communication,0.023826871,1,0,0,0,0,0,0,2,0,0,0,0,0,0,0,4,4,16,16
199,cn7174,volume_payload_prepare,compute,0.000248403999997,1,0,0,0,0,0,0,160,0,0,0,0,0,0,0,0,0,0,0
199,cn7174,volume_payload_exchange,communication,0.024941728,1,0,0,0,0,0,0,27,0,0,0,0,0,0,0,4,4,840360,840480
199,cn7174,volume_exchange_unpack,compute,0.041188121,1,0,0,0,0,0,0,805,0,0,0,0,0,0,0,0,0,0,0
199,cn7174,final_mesh_save,io,0,0,0,0,0,0,0,0,0,0,0,0,0,0,0,0,0,0,0,0
199,cn7174,testout_io,io,0,0,0,0,0,0,0,0,0,0,0,0,0,0,0,0,0,0,0,0
199,cn7174,final_count_exchange,communication,0,0,0,0,0,0,0,0,0,0,0,0,0,0,0,0,0,0,0,0
199,cn7174,quality_evaluation,postprocess,0,0,0,0,0,0,0,0,0,0,0,0,0,0,0,0,0,0,0,0
200,cn7175,geometry_load,io,1.720747468,1,0,0,0,0,0,0,6471,0,1035092,0,0,0,2,2,0,0,0,0
200,cn7175,coarse_local_size,setup,0.450550366,1,0,0,0,0,0,0,7519,0,0,0,0,0,93,21,0,0,0,0
200,cn7175,coarse_edge_mesh,setup,0.012686915,1,0,0,0,0,0,0,549,0,0,0,0,0,0,0,0,0,0,0
200,cn7175,coarse_surface_mesh,setup,8.202368035,1,0,0,0,0,0,0,12919,0,0,0,0,0,0,11,0,0,0,0
200,cn7175,coarse_volume_mesh,setup,13.435913051,1,0,0,0,0,0,0,32548,0,0,0,0,0,38776,1563497,0,0,0,0
200,cn7175,coarse_mesh_save,io,0,0,0,0,0,0,0,0,0,0,0,0,0,0,0,0,0,0,0,0
200,cn7175,submesh_initialization,setup,0.000124382000003,1,0,0,0,0,0,0,1,0,0,0,0,0,0,0,0,0,0,0
200,cn7175,metis_partition,compute,0.383904289,1,0,0,0,0,0,0,1068,0,0,0,0,0,0,0,0,0,0,0
200,cn7175,face_map_setup,compute,0.007484272,1,0,0,0,0,0,0,235,0,0,0,0,0,0,0,0,0,0,0
200,cn7175,face_local_extract,compute,0.153999729,1,0,0,0,0,0,0,628,0,0,0,0,0,0,0,0,0,0,0
200,cn7175,face_pre_collective_wait,synchronization,0.067583469,1,0,0,0,0,0,0,1,0,0,0,0,0,0,0,0,0,0,0
200,cn7175,face_collective_setup,compute,0.000113981000005,1,0,0,0,0,0,0,16,0,0,0,0,0,0,0,0,0,0,0
200,cn7175,face_allgatherv,communication,0.119201283,1,0,0,0,0,0,0,1156,0,0,0,0,0,0,0,1,1,18952,4859624
200,cn7175,face_global_merge,compute,0.079440375,1,0,0,0,0,0,0,432,0,0,0,0,0,0,0,0,0,0,0
200,cn7175,part_face_create,compute,0.019659301,1,0,0,0,0,0,0,3,0,0,0,0,0,0,0,0,0,0,0
200,cn7175,surface_refine,compute,0.006319878,1,0,0,0,0,0,0,41,0,0,0,0,0,0,0,0,0,0,0
200,cn7175,refined_surface_save,io,0,0,0,0,0,0,0,0,0,0,0,0,0,0,0,0,0,0,0,0
200,cn7175,local_volume_mesh,compute,7.544166001,1,0,0,0,0,0,0,2285,0,0,0,0,0,16679,536817,0,0,0,0
200,cn7175,volume_refine,compute,0.22829956,1,0,0,0,0,0,0,6024,0,0,0,0,0,0,0,0,0,0,0
200,cn7175,refined_volume_save,io,0,0,0,0,0,0,0,0,0,0,0,0,0,0,0,0,0,0,0,0
200,cn7175,adjacency_build,compute,0.004996841,1,0,0,0,0,0,0,11,0,0,0,0,0,0,0,0,0,0,0
200,cn7175,vertex_numbering_local,compute,0.006899424,1,0,0,0,0,0,0,57,0,0,0,0,0,0,0,0,0,0,0
200,cn7175,vertex_count_allgather,communication,0.892726071,1,0,0,0,0,0,0,57,0,0,0,0,0,0,2,1,1,4,1024
200,cn7175,element_count_allgather,communication,0.007894417,1,0,0,0,0,0,0,1,0,0,0,0,0,0,0,1,1,4,1024
200,cn7175,vertex_exchange_prepare,compute,1.28610000019e-05,1,0,0,0,0,0,0,0,0,0,0,0,0,0,0,0,0,0,0
200,cn7175,vertex_exchange,communication,0.019970185,1,0,0,0,0,0,0,269,0,0,0,0,0,0,0,8,4,131054,2398
200,cn7175,vertex_exchange_unpack,compute,7.15010000008e-05,1,0,0,0,0,0,0,0,0,0,0,0,0,0,0,0,0,0,0
200,cn7175,partition_result_io,io,0,0,0,0,0,0,0,0,0,0,0,0,0,0,0,0,0,0,0,0
200,cn7175,volume_exchange_pack,compute,0.08401665,2,0,0,0,0,0,0,274,0,0,0,0,0,0,0,0,0,0,0
200,cn7175,volume_size_exchange,communication,0.007625273,1,0,0,0,0,0,0,6,0,0,0,0,0,0,0,7,7,28,28
200,cn7175,volume_payload_prepare,compute,0.000108561999994,1,0,0,0,0,0,0,0,0,0,0,0,0,0,0,0,0,0,0
200,cn7175,volume_payload_exchange,communication,0.023578409,1,0,0,0,0,0,0,37,0,0,0,0,0,0,0,7,7,1392720,1395360
200,cn7175,volume_exchange_unpack,compute,0.05783031,1,0,0,0,0,0,0,32,0,0,0,0,0,0,0,0,0,0,0
200,cn7175,final_mesh_save,io,0,0,0,0,0,0,0,0,0,0,0,0,0,0,0,0,0,0,0,0
200,cn7175,testout_io,io,0,0,0,0,0,0,0,0,0,0,0,0,0,0,0,0,0,0,0,0
200,cn7175,final_count_exchange,communication,0,0,0,0,0,0,0,0,0,0,0,0,0,0,0,0,0,0,0,0
200,cn7175,quality_evaluation,postprocess,0,0,0,0,0,0,0,0,0,0,0,0,0,0,0,0,0,0,0,0
201,cn7176,geometry_load,io,1.747444014,1,0,0,0,0,0,0,6488,0,1035092,0,0,0,2,7,0,0,0,0
201,cn7176,coarse_local_size,setup,0.444203098,1,0,0,0,0,0,0,7389,0,0,0,0,0,94,39,0,0,0,0
201,cn7176,coarse_edge_mesh,setup,0.012588993,1,0,0,0,0,0,0,522,0,0,0,0,0,0,0,0,0,0,0
201,cn7176,coarse_surface_mesh,setup,8.173946787,1,0,0,0,0,0,0,10908,0,0,0,0,0,0,24,0,0,0,0
201,cn7176,coarse_volume_mesh,setup,14.045359253,1,0,0,0,0,0,0,27720,0,0,0,0,0,84836,2721301,0,0,0,0
201,cn7176,coarse_mesh_save,io,0,0,0,0,0,0,0,0,0,0,0,0,0,0,0,0,0,0,0,0
201,cn7176,submesh_initialization,setup,0.000128441999998,1,0,0,0,0,0,0,3,0,0,0,0,0,0,0,0,0,0,0
201,cn7176,metis_partition,compute,0.377482267,1,0,0,0,0,0,0,281,0,0,0,0,0,0,0,0,0,0,0
201,cn7176,face_map_setup,compute,0.00741531,1,0,0,0,0,0,0,216,0,0,0,0,0,0,1,0,0,0,0
201,cn7176,face_local_extract,compute,0.156619323,1,0,0,0,0,0,0,594,0,0,0,0,0,0,1,0,0,0,0
201,cn7176,face_pre_collective_wait,synchronization,0.071495529,1,0,0,0,0,0,0,1,0,0,0,0,0,0,0,0,0,0,0
201,cn7176,face_collective_setup,compute,0.000118700999998,1,0,0,0,0,0,0,16,0,0,0,0,0,0,0,0,0,0,0
201,cn7176,face_allgatherv,communication,0.119095667,1,0,0,0,0,0,0,1155,0,0,0,0,0,0,1,1,1,18952,4859624
201,cn7176,face_global_merge,compute,0.079731769,1,0,0,0,0,0,0,465,0,0,0,0,0,0,1,0,0,0,0
201,cn7176,part_face_create,compute,0.019542017,1,0,0,0,0,0,0,3,0,0,0,0,0,0,0,0,0,0,0
201,cn7176,surface_refine,compute,0.006203876,1,0,0,0,0,0,0,37,0,0,0,0,0,0,0,0,0,0,0
201,cn7176,refined_surface_save,io,0,0,0,0,0,0,0,0,0,0,0,0,0,0,0,0,0,0,0,0
201,cn7176,local_volume_mesh,compute,5.425585329,1,0,0,0,0,0,0,3287,0,0,0,0,0,57138,1573610,0,0,0,0
201,cn7176,volume_refine,compute,0.192546859,1,0,0,0,0,0,0,4326,0,0,0,0,0,0,2,0,0,0,0
201,cn7176,refined_volume_save,io,0,0,0,0,0,0,0,0,0,0,0,0,0,0,0,0,0,0,0,0
201,cn7176,adjacency_build,compute,0.005087002,1,0,0,0,0,0,0,20,0,0,0,0,0,0,0,0,0,0,0
201,cn7176,vertex_numbering_local,compute,0.008309261,1,0,0,0,0,0,0,39,0,0,0,0,0,0,0,0,0,0,0
201,cn7176,vertex_count_allgather,communication,3.045495208,1,0,0,0,0,0,0,53,0,0,0,0,0,0,9,1,1,4,1024
201,cn7176,element_count_allgather,communication,0.007932136,1,0,0,0,0,0,0,1,0,0,0,0,0,0,0,1,1,4,1024
201,cn7176,vertex_exchange_prepare,compute,1.99199999997e-05,1,0,0,0,0,0,0,0,0,0,0,0,0,0,0,0,0,0,0
201,cn7176,vertex_exchange,communication,0.020078524,1,0,0,0,0,0,0,40,0,0,0,0,0,0,0,9,8,164142,41668
201,cn7176,vertex_exchange_unpack,compute,0.000645808000002,1,0,0,0,0,0,0,0,0,0,0,0,0,0,0,0,0,0,0
201,cn7176,partition_result_io,io,0,0,0,0,0,0,0,0,0,0,0,0,0,0,0,0,0,0,0,0
201,cn7176,volume_exchange_pack,compute,0.08553286,2,0,0,0,0,0,0,1,0,0,0,0,0,0,0,0,0,0,0
201,cn7176,volume_size_exchange,communication,0.005564828,1,0,0,0,0,0,0,5,0,0,0,0,0,0,0,7,7,28,28
201,cn7176,volume_payload_prepare,compute,0.000157942000001,1,0,0,0,0,0,0,0,0,0,0,0,0,0,0,0,0,0,0
201,cn7176,volume_payload_exchange,communication,0.022715176,1,0,0,0,0,0,0,33,0,0,0,0,0,0,0,7,7,2172360,2181120
201,cn7176,volume_exchange_unpack,compute,0.065382655,1,0,0,0,0,0,0,361,0,0,0,0,0,0,0,0,0,0,0
201,cn7176,final_mesh_save,io,0,0,0,0,0,0,0,0,0,0,0,0,0,0,0,0,0,0,0,0
201,cn7176,testout_io,io,0,0,0,0,0,0,0,0,0,0,0,0,0,0,0,0,0,0,0,0
201,cn7176,final_count_exchange,communication,0,0,0,0,0,0,0,0,0,0,0,0,0,0,0,0,0,0,0,0
201,cn7176,quality_evaluation,postprocess,0,0,0,0,0,0,0,0,0,0,0,0,0,0,0,0,0,0,0,0
202,cn7177,geometry_load,io,1.746728794,1,0,0,0,0,0,0,6483,0,1035092,0,0,0,2,18,0,0,0,0
202,cn7177,coarse_local_size,setup,0.447673003,1,0,0,0,0,0,0,7387,0,0,0,0,0,103,53,0,0,0,0
202,cn7177,coarse_edge_mesh,setup,0.01259476,1,0,0,0,0,0,0,578,0,0,0,0,0,0,0,0,0,0,0
202,cn7177,coarse_surface_mesh,setup,8.074935268,1,0,0,0,0,0,0,7917,0,0,0,0,0,2,85,0,0,0,0
202,cn7177,coarse_volume_mesh,setup,14.17052345,1,0,0,0,0,0,0,26076,0,0,0,0,0,82534,2862632,0,0,0,0
202,cn7177,coarse_mesh_save,io,0,0,0,0,0,0,0,0,0,0,0,0,0,0,0,0,0,0,0,0
202,cn7177,submesh_initialization,setup,0.000116601000002,1,0,0,0,0,0,0,1,0,0,0,0,0,0,0,0,0,0,0
202,cn7177,metis_partition,compute,0.37648652,1,0,0,0,0,0,0,494,0,0,0,0,0,0,5,0,0,0,0
202,cn7177,face_map_setup,compute,0.00702515,1,0,0,0,0,0,0,223,0,0,0,0,0,0,0,0,0,0,0
202,cn7177,face_local_extract,compute,0.160811242,1,0,0,0,0,0,0,715,0,0,0,0,0,0,1,0,0,0,0
202,cn7177,face_pre_collective_wait,synchronization,0.068669872,1,0,0,0,0,0,0,1,0,0,0,0,0,0,2,0,0,0,0
202,cn7177,face_collective_setup,compute,0.000114060999998,1,0,0,0,0,0,0,16,0,0,0,0,0,0,0,0,0,0,0
202,cn7177,face_allgatherv,communication,0.118927349,1,0,0,0,0,0,0,638,0,0,0,0,0,0,1,1,1,18952,4859624
202,cn7177,face_global_merge,compute,0.079076904,1,0,0,0,0,0,0,496,0,0,0,0,0,0,0,0,0,0,0
202,cn7177,part_face_create,compute,0.019240325,1,0,0,0,0,0,0,3,0,0,0,0,0,0,0,0,0,0,0
202,cn7177,surface_refine,compute,0.005602331,1,0,0,0,0,0,0,36,0,0,0,0,0,0,1,0,0,0,0
202,cn7177,refined_surface_save,io,0,0,0,0,0,0,0,0,0,0,0,0,0,0,0,0,0,0,0,0
202,cn7177,local_volume_mesh,compute,5.41963818,1,0,0,0,0,0,0,1707,0,0,0,0,0,52792,1720580,0,0,0,0
202,cn7177,volume_refine,compute,0.180069226,1,0,0,0,0,0,0,5318,0,0,0,0,0,0,3,0,0,0,0
202,cn7177,refined_volume_save,io,0,0,0,0,0,0,0,0,0,0,0,0,0,0,0,0,0,0,0,0
202,cn7177,adjacency_build,compute,0.004830601,1,0,0,0,0,0,0,7,0,0,0,0,0,0,0,0,0,0,0
202,cn7177,vertex_numbering_local,compute,0.006217258,1,0,0,0,0,0,0,2,0,0,0,0,0,0,0,0,0,0,0
202,cn7177,vertex_count_allgather,communication,3.068281391,1,0,0,0,0,0,0,30,0,0,0,0,0,0,32,1,1,4,1024
202,cn7177,element_count_allgather,communication,0.00791732,1,0,0,0,0,0,0,0,0,0,0,0,0,0,0,1,1,4,1024
202,cn7177,vertex_exchange_prepare,compute,2.19399999963e-05,1,0,0,0,0,0,0,0,0,0,0,0,0,0,0,0,0,0,0
202,cn7177,vertex_exchange,communication,0.011767369,1,0,0,0,0,0,0,35,0,0,0,0,0,0,0,7,7,63052,76714
202,cn7177,vertex_exchange_unpack,compute,0.001124854,1,0,0,0,0,0,0,0,0,0,0,0,0,0,0,0,0,0,0
202,cn7177,partition_result_io,io,0,0,0,0,0,0,0,0,0,0,0,0,0,0,0,0,0,0,0,0
202,cn7177,volume_exchange_pack,compute,0.068694352,2,0,0,0,0,0,0,44,0,0,0,0,0,0,2,0,0,0,0
202,cn7177,volume_size_exchange,communication,0.027091184,1,0,0,0,0,0,0,0,0,0,0,0,0,0,0,8,8,32,32
202,cn7177,volume_payload_prepare,compute,0.000111982,1,0,0,0,0,0,0,0,0,0,0,0,0,0,0,0,0,0,0
202,cn7177,volume_payload_exchange,communication,0.026064631,1,0,0,0,0,0,0,28,0,0,0,0,0,0,1,8,8,1483560,1484040
202,cn7177,volume_exchange_unpack,compute,0.048918261,1,0,0,0,0,0,0,0,0,0,0,0,0,0,1,0,0,0,0
202,cn7177,final_mesh_save,io,0,0,0,0,0,0,0,0,0,0,0,0,0,0,0,0,0,0,0,0
202,cn7177,testout_io,io,0,0,0,0,0,0,0,0,0,0,0,0,0,0,0,0,0,0,0,0
202,cn7177,final_count_exchange,communication,0,0,0,0,0,0,0,0,0,0,0,0,0,0,0,0,0,0,0,0
202,cn7177,quality_evaluation,postprocess,0,0,0,0,0,0,0,0,0,0,0,0,0,0,0,0,0,0,0,0
203,cn7178,geometry_load,io,1.756925712,1,0,0,0,0,0,0,6501,0,1035092,0,0,0,2,4,0,0,0,0
203,cn7178,coarse_local_size,setup,0.469342168,1,0,0,0,0,0,0,7611,0,0,0,0,0,133,22,0,0,0,0
203,cn7178,coarse_edge_mesh,setup,0.012622075,1,0,0,0,0,0,0,577,0,0,0,0,0,0,0,0,0,0,0
203,cn7178,coarse_surface_mesh,setup,8.104723705,1,0,0,0,0,0,0,8232,0,0,0,0,0,0,11,0,0,0,0
203,cn7178,coarse_volume_mesh,setup,13.345274889,1,0,0,0,0,0,0,22906,0,0,0,0,0,36300,1554675,0,0,0,0
203,cn7178,coarse_mesh_save,io,0,0,0,0,0,0,0,0,0,0,0,0,0,0,0,0,0,0,0,0
203,cn7178,submesh_initialization,setup,0.000123422000001,1,0,0,0,0,0,0,1,0,0,0,0,0,0,0,0,0,0,0
203,cn7178,metis_partition,compute,0.365216908,1,0,0,0,0,0,0,54,0,0,0,0,0,0,1,0,0,0,0
203,cn7178,face_map_setup,compute,0.006596981,1,0,0,0,0,0,0,3,0,0,0,0,0,0,0,0,0,0,0
203,cn7178,face_local_extract,compute,0.150987555,1,0,0,0,0,0,0,24,0,0,0,0,0,0,0,0,0,0,0
203,cn7178,face_pre_collective_wait,synchronization,0.090239729,1,0,0,0,0,0,0,1,0,0,0,0,0,0,0,0,0,0,0
203,cn7178,face_collective_setup,compute,0.000111421,1,0,0,0,0,0,0,13,0,0,0,0,0,0,0,0,0,0,0
203,cn7178,face_allgatherv,communication,0.118846401,1,0,0,0,0,0,0,106,0,0,0,0,0,0,0,1,1,18952,4859624
203,cn7178,face_global_merge,compute,0.073088318,1,0,0,0,0,0,0,0,0,0,0,0,0,0,0,0,0,0,0
203,cn7178,part_face_create,compute,0.018143803,1,0,0,0,0,0,0,3,0,0,0,0,0,0,0,0,0,0,0
203,cn7178,surface_refine,compute,0.004913401,1,0,0,0,0,0,0,1,0,0,0,0,0,0,0,0,0,0,0
203,cn7178,refined_surface_save,io,0,0,0,0,0,0,0,0,0,0,0,0,0,0,0,0,0,0,0,0
203,cn7178,local_volume_mesh,compute,5.72109135,1,0,0,0,0,0,0,540,0,0,0,0,0,5682,194407,0,0,0,0
203,cn7178,volume_refine,compute,0.13431687,1,0,0,0,0,0,0,3261,0,0,0,0,0,0,0,0,0,0,0
203,cn7178,refined_volume_save,io,0,0,0,0,0,0,0,0,0,0,0,0,0,0,0,0,0,0,0,0
203,cn7178,adjacency_build,compute,0.004505735,1,0,0,0,0,0,0,0,0,0,0,0,0,0,0,0,0,0,0
203,cn7178,vertex_numbering_local,compute,0.005782951,1,0,0,0,0,0,0,1,0,0,0,0,0,0,0,0,0,0,0
203,cn7178,vertex_count_allgather,communication,2.821619957,1,0,0,0,0,0,0,104,0,0,0,0,0,0,4,1,1,4,1024
203,cn7178,element_count_allgather,communication,0.007759135,1,0,0,0,0,0,0,3,0,0,0,0,0,0,0,1,1,4,1024
203,cn7178,vertex_exchange_prepare,compute,7.6301e-05,1,0,0,0,0,0,0,39,0,0,0,0,0,0,0,0,0,0,0
203,cn7178,vertex_exchange,communication,0.020102127,1,0,0,0,0,0,0,826,0,0,0,0,0,0,0,6,7,27302,123992
203,cn7178,vertex_exchange_unpack,compute,0.00165856,1,0,0,0,0,0,0,6,0,0,0,0,0,0,0,0,0,0,0
203,cn7178,partition_result_io,io,0,0,0,0,0,0,0,0,0,0,0,0,0,0,0,0,0,0,0,0
203,cn7178,volume_exchange_pack,compute,0.062353266,2,0,0,0,0,0,0,862,0,0,0,0,0,0,0,0,0,0,0
203,cn7178,volume_size_exchange,communication,0.024544382,1,0,0,0,0,0,0,1,0,0,0,0,0,0,0,6,6,24,24
203,cn7178,volume_payload_prepare,compute,0.000121641999996,1,0,0,0,0,0,0,0,0,0,0,0,0,0,0,0,0,0,0
203,cn7178,volume_payload_exchange,communication,0.027221314,1,0,0,0,0,0,0,12,0,0,0,0,0,0,0,6,6,1656120,1641240
203,cn7178,volume_exchange_unpack,compute,0.084998124,1,0,0,0,0,0,0,717,0,0,0,0,0,0,0,0,0,0,0
203,cn7178,final_mesh_save,io,0,0,0,0,0,0,0,0,0,0,0,0,0,0,0,0,0,0,0,0
203,cn7178,testout_io,io,0,0,0,0,0,0,0,0,0,0,0,0,0,0,0,0,0,0,0,0
203,cn7178,final_count_exchange,communication,0,0,0,0,0,0,0,0,0,0,0,0,0,0,0,0,0,0,0,0
203,cn7178,quality_evaluation,postprocess,0,0,0,0,0,0,0,0,0,0,0,0,0,0,0,0,0,0,0,0
204,cn7179,geometry_load,io,1.730475759,1,0,0,0,0,0,0,6340,0,1035092,0,0,0,2,15,0,0,0,0
204,cn7179,coarse_local_size,setup,0.449151303,1,0,0,0,0,0,0,7359,0,0,0,0,0,142,66,0,0,0,0
204,cn7179,coarse_edge_mesh,setup,0.012577351,1,0,0,0,0,0,0,552,0,0,0,0,0,0,1,0,0,0,0
204,cn7179,coarse_surface_mesh,setup,8.191725053,1,0,0,0,0,0,0,12860,0,0,0,0,0,0,73,0,0,0,0
204,cn7179,coarse_volume_mesh,setup,14.37035556,1,0,0,0,0,0,0,33687,0,0,0,0,0,86690,2818403,0,0,0,0
204,cn7179,coarse_mesh_save,io,0,0,0,0,0,0,0,0,0,0,0,0,0,0,0,0,0,0,0,0
204,cn7179,submesh_initialization,setup,0.000124262,1,0,0,0,0,0,0,6,0,0,0,0,0,0,0,0,0,0,0
204,cn7179,metis_partition,compute,0.378962762,1,0,0,0,0,0,0,619,0,0,0,0,0,0,3,0,0,0,0
204,cn7179,face_map_setup,compute,0.007254107,1,0,0,0,0,0,0,227,0,0,0,0,0,0,0,0,0,0,0
204,cn7179,face_local_extract,compute,0.165101919,1,0,0,0,0,0,0,619,0,0,0,0,0,0,1,0,0,0,0
204,cn7179,face_pre_collective_wait,synchronization,0.06174046,1,0,0,0,0,0,0,1,0,0,0,0,0,0,1,0,0,0,0
204,cn7179,face_collective_setup,compute,0.000108580999999,1,0,0,0,0,0,0,16,0,0,0,0,0,0,0,0,0,0,0
204,cn7179,face_allgatherv,communication,0.118803524,1,0,0,0,0,0,0,775,0,0,0,0,0,0,1,1,1,18952,4859624
204,cn7179,face_global_merge,compute,0.078142776,1,0,0,0,0,0,0,381,0,0,0,0,0,0,0,0,0,0,0
204,cn7179,part_face_create,compute,0.019510754,1,0,0,0,0,0,0,4,0,0,0,0,0,0,0,0,0,0,0
204,cn7179,surface_refine,compute,0.006490617,1,0,0,0,0,0,0,26,0,0,0,0,0,0,1,0,0,0,0
204,cn7179,refined_surface_save,io,0,0,0,0,0,0,0,0,0,0,0,0,0,0,0,0,0,0,0,0
204,cn7179,local_volume_mesh,compute,5.811159663,1,0,0,0,0,0,0,2213,0,0,0,0,0,61655,1602316,0,0,0,0
204,cn7179,volume_refine,compute,0.209887856,1,0,0,0,0,0,0,5518,0,0,0,0,0,0,2,0,0,0,0
204,cn7179,refined_volume_save,io,0,0,0,0,0,0,0,0,0,0,0,0,0,0,0,0,0,0,0,0
204,cn7179,adjacency_build,compute,0.005151922,1,0,0,0,0,0,0,10,0,0,0,0,0,0,0,0,0,0,0
204,cn7179,vertex_numbering_local,compute,0.00836146,1,0,0,0,0,0,0,3,0,0,0,0,0,0,0,0,0,0,0
204,cn7179,vertex_count_allgather,communication,2.644412632,1,0,0,0,0,0,0,56,0,0,0,0,0,0,24,1,1,4,1024
204,cn7179,element_count_allgather,communication,0.007903975,1,0,0,0,0,0,0,1,0,0,0,0,0,0,0,1,1,4,1024
204,cn7179,vertex_exchange_prepare,compute,3.0381000002e-05,1,0,0,0,0,0,0,0,0,0,0,0,0,0,0,0,0,0,0
204,cn7179,vertex_exchange,communication,0.020099141,1,0,0,0,0,0,0,306,0,0,0,0,0,0,1,13,10,89760,120120
204,cn7179,vertex_exchange_unpack,compute,0.0016838,1,0,0,0,0,0,0,0,0,0,0,0,0,0,0,0,0,0,0
204,cn7179,partition_result_io,io,0,0,0,0,0,0,0,0,0,0,0,0,0,0,0,0,0,0,0,0
204,cn7179,volume_exchange_pack,compute,0.08674184,2,0,0,0,0,0,0,2,0,0,0,0,0,0,0,0,0,0,0
204,cn7179,volume_size_exchange,communication,0.025080101,1,0,0,0,0,0,0,8,0,0,0,0,0,0,0,10,10,40,40
204,cn7179,volume_payload_prepare,compute,0.000167861999998,1,0,0,0,0,0,0,0,0,0,0,0,0,0,0,0,0,0,0
204,cn7179,volume_payload_exchange,communication,0.002396549,1,0,0,0,0,0,0,22,0,0,0,0,0,0,0,10,10,2229480,2229480
204,cn7179,volume_exchange_unpack,compute,0.066246874,1,0,0,0,0,0,0,872,0,0,0,0,0,0,1,0,0,0,0
204,cn7179,final_mesh_save,io,0,0,0,0,0,0,0,0,0,0,0,0,0,0,0,0,0,0,0,0
204,cn7179,testout_io,io,0,0,0,0,0,0,0,0,0,0,0,0,0,0,0,0,0,0,0,0
204,cn7179,final_count_exchange,communication,0,0,0,0,0,0,0,0,0,0,0,0,0,0,0,0,0,0,0,0
204,cn7179,quality_evaluation,postprocess,0,0,0,0,0,0,0,0,0,0,0,0,0,0,0,0,0,0,0,0
205,cn7180,geometry_load,io,1.721800312,1,0,0,0,0,0,0,6437,0,1035092,0,0,0,2,3,0,0,0,0
205,cn7180,coarse_local_size,setup,0.443070329,1,0,0,0,0,0,0,7236,0,0,0,0,0,121,55,0,0,0,0
205,cn7180,coarse_edge_mesh,setup,0.012751813,1,0,0,0,0,0,0,550,0,0,0,0,0,0,1,0,0,0,0
205,cn7180,coarse_surface_mesh,setup,8.177936439,1,0,0,0,0,0,0,12859,0,0,0,0,0,0,15,0,0,0,0
205,cn7180,coarse_volume_mesh,setup,14.053488428,1,0,0,0,0,0,0,33424,0,0,0,0,0,87037,2604699,0,0,0,0
205,cn7180,coarse_mesh_save,io,0,0,0,0,0,0,0,0,0,0,0,0,0,0,0,0,0,0,0,0
205,cn7180,submesh_initialization,setup,0.000121221000001,1,0,0,0,0,0,0,1,0,0,0,0,0,0,0,0,0,0,0
205,cn7180,metis_partition,compute,0.37552618,1,0,0,0,0,0,0,839,0,0,0,0,0,0,1,0,0,0,0
205,cn7180,face_map_setup,compute,0.007359048,1,0,0,0,0,0,0,231,0,0,0,0,0,0,0,0,0,0,0
205,cn7180,face_local_extract,compute,0.161741258,1,0,0,0,0,0,0,644,0,0,0,0,0,0,0,0,0,0,0
205,cn7180,face_pre_collective_wait,synchronization,0.0684604,1,0,0,0,0,0,0,1,0,0,0,0,0,0,0,0,0,0,0
205,cn7180,face_collective_setup,compute,0.000115321000003,1,0,0,0,0,0,0,16,0,0,0,0,0,0,0,0,0,0,0
205,cn7180,face_allgatherv,communication,0.118661081,1,0,0,0,0,0,0,709,0,0,0,0,0,0,1,1,1,18952,4859624
205,cn7180,face_global_merge,compute,0.078339339,1,0,0,0,0,0,0,250,0,0,0,0,0,0,0,0,0,0,0
205,cn7180,part_face_create,compute,0.019435753,1,0,0,0,0,0,0,3,0,0,0,0,0,0,0,0,0,0,0
205,cn7180,surface_refine,compute,0.006121934,1,0,0,0,0,0,0,39,0,0,0,0,0,0,0,0,0,0,0
205,cn7180,refined_surface_save,io,0,0,0,0,0,0,0,0,0,0,0,0,0,0,0,0,0,0,0,0
205,cn7180,local_volume_mesh,compute,5.82058857,1,0,0,0,0,0,0,2353,0,0,0,0,0,56315,1789105,0,0,0,0
205,cn7180,volume_refine,compute,0.211940159,1,0,0,0,0,0,0,4338,0,0,0,0,0,0,0,0,0,0,0
205,cn7180,refined_volume_save,io,0,0,0,0,0,0,0,0,0,0,0,0,0,0,0,0,0,0,0,0
205,cn7180,adjacency_build,compute,0.00501784,1,0,0,0,0,0,0,12,0,0,0,0,0,0,0,0,0,0,0
205,cn7180,vertex_numbering_local,compute,0.00754459,1,0,0,0,0,0,0,3,0,0,0,0,0,0,0,0,0,0,0
205,cn7180,vertex_count_allgather,communication,2.634136685,1,0,0,0,0,0,0,55,0,0,0,0,0,0,5,1,1,4,1024
205,cn7180,element_count_allgather,communication,0.007919175,1,0,0,0,0,0,0,1,0,0,0,0,0,0,0,1,1,4,1024
205,cn7180,vertex_exchange_prepare,compute,2.5401000002e-05,1,0,0,0,0,0,0,0,0,0,0,0,0,0,0,0,0,0,0
205,cn7180,vertex_exchange,communication,0.012254347,1,0,0,0,0,0,0,44,0,0,0,0,0,0,0,5,8,78122,101860
205,cn7180,vertex_exchange_unpack,compute,0.001477198,1,0,0,0,0,0,0,0,0,0,0,0,0,0,0,0,0,0,0
205,cn7180,partition_result_io,io,0,0,0,0,0,0,0,0,0,0,0,0,0,0,0,0,0,0,0,0
205,cn7180,volume_exchange_pack,compute,0.086395395,2,0,0,0,0,0,0,1,0,0,0,0,0,0,0,0,0,0,0
205,cn7180,volume_size_exchange,communication,0.033437281,1,0,0,0,0,0,0,4,0,0,0,0,0,0,0,9,9,36,36
205,cn7180,volume_payload_prepare,compute,0.000142242000003,1,0,0,0,0,0,0,0,0,0,0,0,0,0,0,0,0,0,0
205,cn7180,volume_payload_exchange,communication,0.00241266899999,1,0,0,0,0,0,0,30,0,0,0,0,0,0,0,9,9,1914000,1912560
205,cn7180,volume_exchange_unpack,compute,0.060269262,1,0,0,0,0,0,0,543,0,0,0,0,0,0,0,0,0,0,0
205,cn7180,final_mesh_save,io,0,0,0,0,0,0,0,0,0,0,0,0,0,0,0,0,0,0,0,0
205,cn7180,testout_io,io,0,0,0,0,0,0,0,0,0,0,0,0,0,0,0,0,0,0,0,0
205,cn7180,final_count_exchange,communication,0,0,0,0,0,0,0,0,0,0,0,0,0,0,0,0,0,0,0,0
205,cn7180,quality_evaluation,postprocess,0,0,0,0,0,0,0,0,0,0,0,0,0,0,0,0,0,0,0,0
206,cn7181,geometry_load,io,1.72583969,1,0,0,0,0,0,0,6344,0,1035092,0,0,0,2,1,0,0,0,0
206,cn7181,coarse_local_size,setup,0.451594782,1,0,0,0,0,0,0,7652,0,0,0,0,0,115,59,0,0,0,0
206,cn7181,coarse_edge_mesh,setup,0.012749392,1,0,0,0,0,0,0,521,0,0,0,0,0,0,0,0,0,0,0
206,cn7181,coarse_surface_mesh,setup,8.176636839,1,0,0,0,0,0,0,11048,0,0,0,0,0,0,9,0,0,0,0
206,cn7181,coarse_volume_mesh,setup,14.171412313,1,0,0,0,0,0,0,33074,0,0,0,0,0,86716,2791189,0,0,0,0
206,cn7181,coarse_mesh_save,io,0,0,0,0,0,0,0,0,0,0,0,0,0,0,0,0,0,0,0,0
206,cn7181,submesh_initialization,setup,0.000121081000003,1,0,0,0,0,0,0,1,0,0,0,0,0,0,0,0,0,0,0
206,cn7181,metis_partition,compute,0.377580523,1,0,0,0,0,0,0,487,0,0,0,0,0,0,1,0,0,0,0
206,cn7181,face_map_setup,compute,0.007263826,1,0,0,0,0,0,0,217,0,0,0,0,0,0,0,0,0,0,0
206,cn7181,face_local_extract,compute,0.154653736,1,0,0,0,0,0,0,654,0,0,0,0,0,0,0,0,0,0,0
206,cn7181,face_pre_collective_wait,synchronization,0.073541873,1,0,0,0,0,0,0,1,0,0,0,0,0,0,0,0,0,0,0
206,cn7181,face_collective_setup,compute,0.000108502000003,1,0,0,0,0,0,0,15,0,0,0,0,0,0,0,0,0,0,0
206,cn7181,face_allgatherv,communication,0.118476366,1,0,0,0,0,0,0,807,0,0,0,0,0,0,0,1,1,18952,4859624
206,cn7181,face_global_merge,compute,0.078264289,1,0,0,0,0,0,0,194,0,0,0,0,0,0,0,0,0,0,0
206,cn7181,part_face_create,compute,0.01939661,1,0,0,0,0,0,0,3,0,0,0,0,0,0,0,0,0,0,0
206,cn7181,surface_refine,compute,0.006569197,1,0,0,0,0,0,0,1,0,0,0,0,0,0,0,0,0,0,0
206,cn7181,refined_surface_save,io,0,0,0,0,0,0,0,0,0,0,0,0,0,0,0,0,0,0,0,0
206,cn7181,local_volume_mesh,compute,6.935011257,1,0,0,0,0,0,0,2870,0,0,0,0,0,58611,1934476,0,0,0,0
206,cn7181,volume_refine,compute,0.317767612,1,0,0,0,0,0,0,5669,0,0,0,0,0,0,0,0,0,0,0
206,cn7181,refined_volume_save,io,0,0,0,0,0,0,0,0,0,0,0,0,0,0,0,0,0,0,0,0
206,cn7181,adjacency_build,compute,0.004716876,1,0,0,0,0,0,0,1,0,0,0,0,0,0,0,0,0,0,0
206,cn7181,vertex_numbering_local,compute,0.005215142,1,0,0,0,0,0,0,5,0,0,0,0,0,0,0,0,0,0,0
206,cn7181,vertex_count_allgather,communication,1.416371516,1,0,0,0,0,0,0,53,0,0,0,0,0,0,2,1,1,4,1024
206,cn7181,element_count_allgather,communication,0.007880014,1,0,0,0,0,0,0,1,0,0,0,0,0,0,0,1,1,4,1024
206,cn7181,vertex_exchange_prepare,compute,1.62199999991e-05,1,0,0,0,0,0,0,0,0,0,0,0,0,0,0,0,0,0,0
206,cn7181,vertex_exchange,communication,0.010211262,1,0,0,0,0,0,0,227,0,0,0,0,0,0,0,3,2,30008,32538
206,cn7181,vertex_exchange_unpack,compute,0.000497545999998,1,0,0,0,0,0,0,0,0,0,0,0,0,0,0,0,0,0,0
206,cn7181,partition_result_io,io,0,0,0,0,0,0,0,0,0,0,0,0,0,0,0,0,0,0,0,0
206,cn7181,volume_exchange_pack,compute,0.078742414,2,0,0,0,0,0,0,2,0,0,0,0,0,0,0,0,0,0,0
206,cn7181,volume_size_exchange,communication,0.018864044,1,0,0,0,0,0,0,1,0,0,0,0,0,0,0,4,4,16,16
206,cn7181,volume_payload_prepare,compute,5.1040999999e-05,1,0,0,0,0,0,0,0,0,0,0,0,0,0,0,0,0,0,0
206,cn7181,volume_payload_exchange,communication,0.026718177,1,0,0,0,0,0,0,29,0,0,0,0,0,0,0,4,4,648840,647520
206,cn7181,volume_exchange_unpack,compute,0.050313517,1,0,0,0,0,0,0,192,0,0,0,0,0,0,0,0,0,0,0
206,cn7181,final_mesh_save,io,0,0,0,0,0,0,0,0,0,0,0,0,0,0,0,0,0,0,0,0
206,cn7181,testout_io,io,0,0,0,0,0,0,0,0,0,0,0,0,0,0,0,0,0,0,0,0
206,cn7181,final_count_exchange,communication,0,0,0,0,0,0,0,0,0,0,0,0,0,0,0,0,0,0,0,0
206,cn7181,quality_evaluation,postprocess,0,0,0,0,0,0,0,0,0,0,0,0,0,0,0,0,0,0,0,0
207,cn7182,geometry_load,io,1.761435736,1,0,0,0,0,0,0,6515,0,1035092,0,0,0,2,3,0,0,0,0
207,cn7182,coarse_local_size,setup,0.446915181,1,0,0,0,0,0,0,6998,0,0,0,0,0,117,51,0,0,0,0
207,cn7182,coarse_edge_mesh,setup,0.012525838,1,0,0,0,0,0,0,569,0,0,0,0,0,0,0,0,0,0,0
207,cn7182,coarse_surface_mesh,setup,8.170620702,1,0,0,0,0,0,0,10837,0,0,0,0,0,0,9,0,0,0,0
207,cn7182,coarse_volume_mesh,setup,13.968301789,1,0,0,0,0,0,0,31244,0,0,0,0,0,84705,2678054,0,0,0,0
207,cn7182,coarse_mesh_save,io,0,0,0,0,0,0,0,0,0,0,0,0,0,0,0,0,0,0,0,0
207,cn7182,submesh_initialization,setup,0.000128501999995,1,0,0,0,0,0,0,7,0,0,0,0,0,0,0,0,0,0,0
207,cn7182,metis_partition,compute,0.375035895,1,0,0,0,0,0,0,797,0,0,0,0,0,0,0,0,0,0,0
207,cn7182,face_map_setup,compute,0.007067609,1,0,0,0,0,0,0,225,0,0,0,0,0,0,0,0,0,0,0
207,cn7182,face_local_extract,compute,0.158746244,1,0,0,0,0,0,0,640,0,0,0,0,0,0,1,0,0,0,0
207,cn7182,face_pre_collective_wait,synchronization,0.072248252,1,0,0,0,0,0,0,1,0,0,0,0,0,0,0,0,0,0,0
207,cn7182,face_collective_setup,compute,0.000114561000004,1,0,0,0,0,0,0,16,0,0,0,0,0,0,0,0,0,0,0
207,cn7182,face_allgatherv,communication,0.118305514,1,0,0,0,0,0,0,1205,0,0,0,0,0,0,0,1,1,18952,4859624
207,cn7182,face_global_merge,compute,0.078929636,1,0,0,0,0,0,0,350,0,0,0,0,0,0,0,0,0,0,0
207,cn7182,part_face_create,compute,0.019629588,1,0,0,0,0,0,0,3,0,0,0,0,0,0,0,0,0,0,0
207,cn7182,surface_refine,compute,0.006874446,1,0,0,0,0,0,0,39,0,0,0,0,0,0,0,0,0,0,0
207,cn7182,refined_surface_save,io,0,0,0,0,0,0,0,0,0,0,0,0,0,0,0,0,0,0,0,0
207,cn7182,local_volume_mesh,compute,6.913727019,1,0,0,0,0,0,0,2656,0,0,0,0,0,58890,2063217,0,0,0,0
207,cn7182,volume_refine,compute,0.270767254,1,0,0,0,0,0,0,6221,0,0,0,0,0,0,0,0,0,0,0
207,cn7182,refined_volume_save,io,0,0,0,0,0,0,0,0,0,0,0,0,0,0,0,0,0,0,0,0
207,cn7182,adjacency_build,compute,0.004870782,1,0,0,0,0,0,0,4,0,0,0,0,0,0,0,0,0,0,0
207,cn7182,vertex_numbering_local,compute,0.005354408,1,0,0,0,0,0,0,3,0,0,0,0,0,0,0,0,0,0,0
207,cn7182,vertex_count_allgather,communication,1.483364134,1,0,0,0,0,0,0,59,0,0,0,0,0,0,2,1,1,4,1024
207,cn7182,element_count_allgather,communication,0.00790194,1,0,0,0,0,0,0,1,0,0,0,0,0,0,0,1,1,4,1024
207,cn7182,vertex_exchange_prepare,compute,1.7941000003e-05,1,0,0,0,0,0,0,0,0,0,0,0,0,0,0,0,0,0,0
207,cn7182,vertex_exchange,communication,0.019640049,1,0,0,0,0,0,0,238,0,0,0,0,0,0,0,2,4,15620,50204
207,cn7182,vertex_exchange_unpack,compute,0.000777750000005,1,0,0,0,0,0,0,0,0,0,0,0,0,0,0,0,0,0,0
207,cn7182,partition_result_io,io,0,0,0,0,0,0,0,0,0,0,0,0,0,0,0,0,0,0,0,0
207,cn7182,volume_exchange_pack,compute,0.073148327,2,0,0,0,0,0,0,1,0,0,0,0,0,0,0,0,0,0,0
207,cn7182,volume_size_exchange,communication,0.017944368,1,0,0,0,0,0,0,10,0,0,0,0,0,0,0,4,4,16,16
207,cn7182,volume_payload_prepare,compute,5.60800000002e-05,1,0,0,0,0,0,0,0,0,0,0,0,0,0,0,0,0,0,0
207,cn7182,volume_payload_exchange,communication,0.022817329,1,0,0,0,0,0,0,12,0,0,0,0,0,0,0,4,4,681120,680040
207,cn7182,volume_exchange_unpack,compute,0.099428041,1,0,0,0,0,0,0,839,0,0,0,0,0,0,0,0,0,0,0
207,cn7182,final_mesh_save,io,0,0,0,0,0,0,0,0,0,0,0,0,0,0,0,0,0,0,0,0
207,cn7182,testout_io,io,0,0,0,0,0,0,0,0,0,0,0,0,0,0,0,0,0,0,0,0
207,cn7182,final_count_exchange,communication,0,0,0,0,0,0,0,0,0,0,0,0,0,0,0,0,0,0,0,0
207,cn7182,quality_evaluation,postprocess,0,0,0,0,0,0,0,0,0,0,0,0,0,0,0,0,0,0,0,0
208,cn7183,geometry_load,io,1.750663253,1,0,0,0,0,0,0,6456,0,1035092,0,0,0,2,2,0,0,0,0
208,cn7183,coarse_local_size,setup,0.456572937,1,0,0,0,0,0,0,7695,0,0,0,0,0,103,42,0,0,0,0
208,cn7183,coarse_edge_mesh,setup,0.012588956,1,0,0,0,0,0,0,523,0,0,0,0,0,0,0,0,0,0,0
208,cn7183,coarse_surface_mesh,setup,8.181908672,1,0,0,0,0,0,0,10880,0,0,0,0,0,0,8,0,0,0,0
208,cn7183,coarse_volume_mesh,setup,14.112993956,1,0,0,0,0,0,0,31915,0,0,0,0,0,83503,2785015,0,0,0,0
208,cn7183,coarse_mesh_save,io,0,0,0,0,0,0,0,0,0,0,0,0,0,0,0,0,0,0,0,0
208,cn7183,submesh_initialization,setup,0.000124381999996,1,0,0,0,0,0,0,3,0,0,0,0,0,0,0,0,0,0,0
208,cn7183,metis_partition,compute,0.374871828,1,0,0,0,0,0,0,492,0,0,0,0,0,0,1,0,0,0,0
208,cn7183,face_map_setup,compute,0.007320591,1,0,0,0,0,0,0,220,0,0,0,0,0,0,0,0,0,0,0
208,cn7183,face_local_extract,compute,0.159940654,1,0,0,0,0,0,0,542,0,0,0,0,0,0,0,0,0,0,0
208,cn7183,face_pre_collective_wait,synchronization,0.070924536,1,0,0,0,0,0,0,1,0,0,0,0,0,0,0,0,0,0,0
208,cn7183,face_collective_setup,compute,0.000114762000003,1,0,0,0,0,0,0,16,0,0,0,0,0,0,0,0,0,0,0
208,cn7183,face_allgatherv,communication,0.117785514,1,0,0,0,0,0,0,850,0,0,0,0,0,0,0,1,1,18952,4859624
208,cn7183,face_global_merge,compute,0.077989603,1,0,0,0,0,0,0,271,0,0,0,0,0,0,0,0,0,0,0
208,cn7183,part_face_create,compute,0.01948554,1,0,0,0,0,0,0,3,0,0,0,0,0,0,0,0,0,0,0
208,cn7183,surface_refine,compute,0.00581165200001,1,0,0,0,0,0,0,7,0,0,0,0,0,0,0,0,0,0,0
208,cn7183,refined_surface_save,io,0,0,0,0,0,0,0,0,0,0,0,0,0,0,0,0,0,0,0,0
208,cn7183,local_volume_mesh,compute,5.687193873,1,0,0,0,0,0,0,1986,0,0,0,0,0,55979,1728728,0,0,0,0
208,cn7183,volume_refine,compute,0.18876405,1,0,0,0,0,0,0,6217,0,0,0,0,0,0,0,0,0,0,0
208,cn7183,refined_volume_save,io,0,0,0,0,0,0,0,0,0,0,0,0,0,0,0,0,0,0,0,0
208,cn7183,adjacency_build,compute,0.004898141,1,0,0,0,0,0,0,6,0,0,0,0,0,0,0,0,0,0,0
208,cn7183,vertex_numbering_local,compute,0.007342611,1,0,0,0,0,0,0,3,0,0,0,0,0,0,0,0,0,0,0
208,cn7183,vertex_count_allgather,communication,2.792584257,1,0,0,0,0,0,0,52,0,0,0,0,0,0,3,1,1,4,1024
208,cn7183,element_count_allgather,communication,0.007925118,1,0,0,0,0,0,0,6,0,0,0,0,0,0,0,1,1,4,1024
208,cn7183,vertex_exchange_prepare,compute,1.63200000003e-05,1,0,0,0,0,0,0,0,0,0,0,0,0,0,0,0,0,0,0
208,cn7183,vertex_exchange,communication,0.019985187,1,0,0,0,0,0,0,62,0,0,0,0,0,0,0,11,6,165264,3850
208,cn7183,vertex_exchange_unpack,compute,9.94809999995e-05,1,0,0,0,0,0,0,0,0,0,0,0,0,0,0,0,0,0,0
208,cn7183,partition_result_io,io,0,0,0,0,0,0,0,0,0,0,0,0,0,0,0,0,0,0,0,0
208,cn7183,volume_exchange_pack,compute,0.073762071,2,0,0,0,0,0,0,2,0,0,0,0,0,0,0,0,0,0,0
208,cn7183,volume_size_exchange,communication,0.01373843,1,0,0,0,0,0,0,0,0,0,0,0,0,0,0,7,7,28,28
208,cn7183,volume_payload_prepare,compute,0.000131961000001,1,0,0,0,0,0,0,0,0,0,0,0,0,0,0,0,0,0,0
208,cn7183,volume_payload_exchange,communication,0.006846085,1,0,0,0,0,0,0,24,0,0,0,0,0,0,0,7,7,1798680,1800720
208,cn7183,volume_exchange_unpack,compute,0.057036204,1,0,0,0,0,0,0,0,0,0,0,0,0,0,0,0,0,0,0
208,cn7183,final_mesh_save,io,0,0,0,0,0,0,0,0,0,0,0,0,0,0,0,0,0,0,0,0
208,cn7183,testout_io,io,0,0,0,0,0,0,0,0,0,0,0,0,0,0,0,0,0,0,0,0
208,cn7183,final_count_exchange,communication,0,0,0,0,0,0,0,0,0,0,0,0,0,0,0,0,0,0,0,0
208,cn7183,quality_evaluation,postprocess,0,0,0,0,0,0,0,0,0,0,0,0,0,0,0,0,0,0,0,0
209,cn7184,geometry_load,io,1.781522398,1,0,0,0,0,0,0,6545,0,1035092,0,0,0,2,3,0,0,0,0
209,cn7184,coarse_local_size,setup,0.460234571,1,0,0,0,0,0,0,7616,0,0,0,0,0,132,60,0,0,0,0
209,cn7184,coarse_edge_mesh,setup,0.012462793,1,0,0,0,0,0,0,568,0,0,0,0,0,0,0,0,0,0,0
209,cn7184,coarse_surface_mesh,setup,8.189561964,1,0,0,0,0,0,0,10860,0,0,0,0,0,0,10,0,0,0,0
209,cn7184,coarse_volume_mesh,setup,14.251626357,1,0,0,0,0,0,0,32074,0,0,0,0,0,78109,2839090,0,0,0,0
209,cn7184,coarse_mesh_save,io,0,0,0,0,0,0,0,0,0,0,0,0,0,0,0,0,0,0,0,0
209,cn7184,submesh_initialization,setup,0.000159242000002,1,0,0,0,0,0,0,41,0,0,0,0,0,0,0,0,0,0,0
209,cn7184,metis_partition,compute,0.37753942,1,0,0,0,0,0,0,1654,0,0,0,0,0,0,0,0,0,0,0
209,cn7184,face_map_setup,compute,0.00780441600001,1,0,0,0,0,0,0,593,0,0,0,0,0,0,0,0,0,0,0
209,cn7184,face_local_extract,compute,0.158340918,1,0,0,0,0,0,0,821,0,0,0,0,0,0,0,0,0,0,0
209,cn7184,face_pre_collective_wait,synchronization,0.069328828,1,0,0,0,0,0,0,1,0,0,0,0,0,0,0,0,0,0,0
209,cn7184,face_collective_setup,compute,0.000111001,1,0,0,0,0,0,0,16,0,0,0,0,0,0,0,0,0,0,0
209,cn7184,face_allgatherv,communication,0.119133258,1,0,0,0,0,0,0,765,0,0,0,0,0,0,0,1,1,18952,4859624
209,cn7184,face_global_merge,compute,0.07926415,1,0,0,0,0,0,0,655,0,0,0,0,0,0,1,0,0,0,0
209,cn7184,part_face_create,compute,0.01965758,1,0,0,0,0,0,0,5,0,0,0,0,0,0,0,0,0,0,0
209,cn7184,surface_refine,compute,0.005810972,1,0,0,0,0,0,0,38,0,0,0,0,0,0,0,0,0,0,0
209,cn7184,refined_surface_save,io,0,0,0,0,0,0,0,0,0,0,0,0,0,0,0,0,0,0,0,0
209,cn7184,local_volume_mesh,compute,5.548042203,1,0,0,0,0,0,0,784,0,0,0,0,0,56388,1663599,0,0,0,0
209,cn7184,volume_refine,compute,0.184472178,1,0,0,0,0,0,0,4114,0,0,0,0,0,0,0,0,0,0,0
209,cn7184,refined_volume_save,io,0,0,0,0,0,0,0,0,0,0,0,0,0,0,0,0,0,0,0,0
209,cn7184,adjacency_build,compute,0.00484755900001,1,0,0,0,0,0,0,0,0,0,0,0,0,0,0,0,0,0,0
209,cn7184,vertex_numbering_local,compute,0.005878352,1,0,0,0,0,0,0,1,0,0,0,0,0,0,0,0,0,0,0
209,cn7184,vertex_count_allgather,communication,2.93484309,1,0,0,0,0,0,0,86,0,0,0,0,0,0,3,1,1,4,1024
209,cn7184,element_count_allgather,communication,0.007852036,1,0,0,0,0,0,0,49,0,0,0,0,0,0,0,1,1,4,1024
209,cn7184,vertex_exchange_prepare,compute,5.34410000057e-05,1,0,0,0,0,0,0,31,0,0,0,0,0,0,0,0,0,0,0
209,cn7184,vertex_exchange,communication,0.019229455,1,0,0,0,0,0,0,110,0,0,0,0,0,0,0,7,4,74184,47146
209,cn7184,vertex_exchange_unpack,compute,0.001272775,1,0,0,0,0,0,0,605,0,0,0,0,0,0,0,0,0,0,0
209,cn7184,partition_result_io,io,0,0,0,0,0,0,0,0,0,0,0,0,0,0,0,0,0,0,0,0
209,cn7184,volume_exchange_pack,compute,0.061936178,2,0,0,0,0,0,0,1325,0,0,0,0,0,0,0,0,0,0,0
209,cn7184,volume_size_exchange,communication,0.030840578,1,0,0,0,0,0,0,7,0,0,0,0,0,0,0,7,7,28,28
209,cn7184,volume_payload_prepare,compute,0.000133121999994,1,0,0,0,0,0,0,30,0,0,0,0,0,0,0,0,0,0,0
209,cn7184,volume_payload_exchange,communication,0.001517498,1,0,0,0,0,0,0,84,0,0,0,0,0,0,0,7,7,1272600,1270920
209,cn7184,volume_exchange_unpack,compute,0.047317879,1,0,0,0,0,0,0,1039,0,0,0,0,0,0,0,0,0,0,0
209,cn7184,final_mesh_save,io,0,0,0,0,0,0,0,0,0,0,0,0,0,0,0,0,0,0,0,0
209,cn7184,testout_io,io,0,0,0,0,0,0,0,0,0,0,0,0,0,0,0,0,0,0,0,0
209,cn7184,final_count_exchange,communication,0,0,0,0,0,0,0,0,0,0,0,0,0,0,0,0,0,0,0,0
209,cn7184,quality_evaluation,postprocess,0,0,0,0,0,0,0,0,0,0,0,0,0,0,0,0,0,0,0,0
210,cn7185,geometry_load,io,1.724694117,1,0,0,0,0,0,0,6476,0,1035092,0,0,0,2,2,0,0,0,0
210,cn7185,coarse_local_size,setup,0.460610272,1,0,0,0,0,0,0,7123,0,0,0,0,0,118,20,0,0,0,0
210,cn7185,coarse_edge_mesh,setup,0.012665747,1,0,0,0,0,0,0,570,0,0,0,0,0,0,0,0,0,0,0
210,cn7185,coarse_surface_mesh,setup,8.168001359,1,0,0,0,0,0,0,11045,0,0,0,0,0,0,11,0,0,0,0
210,cn7185,coarse_volume_mesh,setup,13.349993994,1,0,0,0,0,0,0,33593,0,0,0,0,0,35642,1640155,0,0,0,0
210,cn7185,coarse_mesh_save,io,0,0,0,0,0,0,0,0,0,0,0,0,0,0,0,0,0,0,0,0
210,cn7185,submesh_initialization,setup,0.000124981999996,1,0,0,0,0,0,0,1,0,0,0,0,0,0,0,0,0,0,0
210,cn7185,metis_partition,compute,0.3762128,1,0,0,0,0,0,0,795,0,0,0,0,0,0,0,0,0,0,0
210,cn7185,face_map_setup,compute,0.007384278,1,0,0,0,0,0,0,240,0,0,0,0,0,0,0,0,0,0,0
210,cn7185,face_local_extract,compute,0.159093738,1,0,0,0,0,0,0,650,0,0,0,0,0,0,0,0,0,0,0
210,cn7185,face_pre_collective_wait,synchronization,0.070309927,1,0,0,0,0,0,0,1,0,0,0,0,0,0,0,0,0,0,0
210,cn7185,face_collective_setup,compute,0.000115942000001,1,0,0,0,0,0,0,16,0,0,0,0,0,0,0,0,0,0,0
210,cn7185,face_allgatherv,communication,0.12135922,1,0,0,0,0,0,0,1161,0,0,0,0,0,0,0,1,1,18952,4859624
210,cn7185,face_global_merge,compute,0.079136584,1,0,0,0,0,0,0,306,0,0,0,0,0,0,0,0,0,0,0
210,cn7185,part_face_create,compute,0.019598359,1,0,0,0,0,0,0,3,0,0,0,0,0,0,0,0,0,0,0
210,cn7185,surface_refine,compute,0.006459185,1,0,0,0,0,0,0,38,0,0,0,0,0,0,0,0,0,0,0
210,cn7185,refined_surface_save,io,0,0,0,0,0,0,0,0,0,0,0,0,0,0,0,0,0,0,0,0
210,cn7185,local_volume_mesh,compute,6.255888392,1,0,0,0,0,0,0,2184,0,0,0,0,0,11655,424327,0,0,0,0
210,cn7185,volume_refine,compute,0.218305638,1,0,0,0,0,0,0,5931,0,0,0,0,0,0,0,0,0,0,0
210,cn7185,refined_volume_save,io,0,0,0,0,0,0,0,0,0,0,0,0,0,0,0,0,0,0,0,0
210,cn7185,adjacency_build,compute,0.005074246,1,0,0,0,0,0,0,8,0,0,0,0,0,0,0,0,0,0,0
210,cn7185,vertex_numbering_local,compute,0.00754728,1,0,0,0,0,0,0,38,0,0,0,0,0,0,0,0,0,0,0
210,cn7185,vertex_count_allgather,communication,2.188464291,1,0,0,0,0,0,0,52,0,0,0,0,0,0,3,1,1,4,1024
210,cn7185,element_count_allgather,communication,0.007858304,1,0,0,0,0,0,0,3,0,0,0,0,0,0,0,1,1,4,1024
210,cn7185,vertex_exchange_prepare,compute,1.7181000004e-05,1,0,0,0,0,0,0,0,0,0,0,0,0,0,0,0,0,0,0
210,cn7185,vertex_exchange,communication,0.019626038,1,0,0,0,0,0,0,248,0,0,0,0,0,0,0,11,6,143858,15708
210,cn7185,vertex_exchange_unpack,compute,0.000265323000001,1,0,0,0,0,0,0,0,0,0,0,0,0,0,0,0,0,0,0
210,cn7185,partition_result_io,io,0,0,0,0,0,0,0,0,0,0,0,0,0,0,0,0,0,0,0,0
210,cn7185,volume_exchange_pack,compute,0.079092783,2,0,0,0,0,0,0,3,0,0,0,0,0,0,0,0,0,0,0
210,cn7185,volume_size_exchange,communication,0.014335709,1,0,0,0,0,0,0,5,0,0,0,0,0,0,0,9,9,36,36
210,cn7185,volume_payload_prepare,compute,0.000127322000004,1,0,0,0,0,0,0,0,0,0,0,0,0,0,0,0,0,0,0
210,cn7185,volume_payload_exchange,communication,0.001967906,1,0,0,0,0,0,0,37,0,0,0,0,0,0,0,9,9,1684920,1681560
210,cn7185,volume_exchange_unpack,compute,0.058832856,1,0,0,0,0,0,0,444,0,0,0,0,0,0,0,0,0,0,0
210,cn7185,final_mesh_save,io,0,0,0,0,0,0,0,0,0,0,0,0,0,0,0,0,0,0,0,0
210,cn7185,testout_io,io,0,0,0,0,0,0,0,0,0,0,0,0,0,0,0,0,0,0,0,0
210,cn7185,final_count_exchange,communication,0,0,0,0,0,0,0,0,0,0,0,0,0,0,0,0,0,0,0,0
210,cn7185,quality_evaluation,postprocess,0,0,0,0,0,0,0,0,0,0,0,0,0,0,0,0,0,0,0,0
211,cn7186,geometry_load,io,1.735761311,1,0,0,0,0,0,0,6481,0,1035092,0,0,0,2,1,0,0,0,0
211,cn7186,coarse_local_size,setup,0.486218538,1,0,0,0,0,0,0,7679,0,0,0,0,0,145,100,0,0,0,0
211,cn7186,coarse_edge_mesh,setup,0.012546999,1,0,0,0,0,0,0,549,0,0,0,0,0,0,0,0,0,0,0
211,cn7186,coarse_surface_mesh,setup,8.122901139,1,0,0,0,0,0,0,9948,0,0,0,0,0,0,9,0,0,0,0
211,cn7186,coarse_volume_mesh,setup,13.971129304,1,0,0,0,0,0,0,33127,0,0,0,0,0,85129,2730399,0,0,0,0
211,cn7186,coarse_mesh_save,io,0,0,0,0,0,0,0,0,0,0,0,0,0,0,0,0,0,0,0,0
211,cn7186,submesh_initialization,setup,0.000122062000003,1,0,0,0,0,0,0,3,0,0,0,0,0,0,0,0,0,0,0
211,cn7186,metis_partition,compute,0.378750041,1,0,0,0,0,0,0,1070,0,0,0,0,0,0,1,0,0,0,0
211,cn7186,face_map_setup,compute,0.007321132,1,0,0,0,0,0,0,227,0,0,0,0,0,0,0,0,0,0,0
211,cn7186,face_local_extract,compute,0.156167751,1,0,0,0,0,0,0,658,0,0,0,0,0,0,0,0,0,0,0
211,cn7186,face_pre_collective_wait,synchronization,0.070834934,1,0,0,0,0,0,0,1,0,0,0,0,0,0,0,0,0,0,0
211,cn7186,face_collective_setup,compute,0.000103660999997,1,0,0,0,0,0,0,13,0,0,0,0,0,0,0,0,0,0,0
211,cn7186,face_allgatherv,communication,0.121453314,1,0,0,0,0,0,0,1150,0,0,0,0,0,0,0,1,1,18952,4859624
211,cn7186,face_global_merge,compute,0.080610158,1,0,0,0,0,0,0,404,0,0,0,0,0,0,0,0,0,0,0
211,cn7186,part_face_create,compute,0.019506086,1,0,0,0,0,0,0,3,0,0,0,0,0,0,0,0,0,0,0
211,cn7186,surface_refine,compute,0.006140978,1,0,0,0,0,0,0,40,0,0,0,0,0,0,0,0,0,0,0
211,cn7186,refined_surface_save,io,0,0,0,0,0,0,0,0,0,0,0,0,0,0,0,0,0,0,0,0
211,cn7186,local_volume_mesh,compute,5.210821239,1,0,0,0,0,0,0,774,0,0,0,0,0,48929,1762626,0,0,0,0
211,cn7186,volume_refine,compute,0.196875385,1,0,0,0,0,0,0,4107,0,0,0,0,0,0,0,0,0,0,0
211,cn7186,refined_volume_save,io,0,0,0,0,0,0,0,0,0,0,0,0,0,0,0,0,0,0,0,0
211,cn7186,adjacency_build,compute,0.005033903,1,0,0,0,0,0,0,0,0,0,0,0,0,0,0,0,0,0,0
211,cn7186,vertex_numbering_local,compute,0.007886879,1,0,0,0,0,0,0,1,0,0,0,0,0,0,0,0,0,0,0
211,cn7186,vertex_count_allgather,communication,3.25349237,1,0,0,0,0,0,0,60,0,0,0,0,0,0,3,1,1,4,1024
211,cn7186,element_count_allgather,communication,0.007852699,1,0,0,0,0,0,0,38,0,0,0,0,0,0,0,1,1,4,1024
211,cn7186,vertex_exchange_prepare,compute,9.21009999999e-05,1,0,0,0,0,0,0,54,0,0,0,0,0,0,0,0,0,0,0
211,cn7186,vertex_exchange,communication,0.019988772,1,0,0,0,0,0,0,163,0,0,0,0,0,0,0,11,9,95392,96206
211,cn7186,vertex_exchange_unpack,compute,0.002456411,1,0,0,0,0,0,0,1090,0,0,0,0,0,0,0,0,0,0,0
211,cn7186,partition_result_io,io,0,0,0,0,0,0,0,0,0,0,0,0,0,0,0,0,0,0,0,0
211,cn7186,volume_exchange_pack,compute,0.084883411,2,0,0,0,0,0,0,1635,0,0,0,0,0,0,0,0,0,0,0
211,cn7186,volume_size_exchange,communication,4.43800000056e-05,1,0,0,0,0,0,0,0,0,0,0,0,0,0,0,9,9,36,36
211,cn7186,volume_payload_prepare,compute,0.000150402000003,1,0,0,0,0,0,0,0,0,0,0,0,0,0,0,0,0,0,0
211,cn7186,volume_payload_exchange,communication,0.006823206,1,0,0,0,0,0,0,20,0,0,0,0,0,0,0,9,9,2050920,2042640
211,cn7186,volume_exchange_unpack,compute,0.065289784,1,0,0,0,0,0,0,1373,0,0,0,0,0,0,0,0,0,0,0
211,cn7186,final_mesh_save,io,0,0,0,0,0,0,0,0,0,0,0,0,0,0,0,0,0,0,0,0
211,cn7186,testout_io,io,0,0,0,0,0,0,0,0,0,0,0,0,0,0,0,0,0,0,0,0
211,cn7186,final_count_exchange,communication,0,0,0,0,0,0,0,0,0,0,0,0,0,0,0,0,0,0,0,0
211,cn7186,quality_evaluation,postprocess,0,0,0,0,0,0,0,0,0,0,0,0,0,0,0,0,0,0,0,0
212,cn7187,geometry_load,io,1.779300935,1,0,0,0,0,0,0,6554,0,1035092,0,0,0,2,4,0,0,0,0
212,cn7187,coarse_local_size,setup,0.458231889,1,0,0,0,0,0,0,7525,0,0,0,0,0,111,83,0,0,0,0
212,cn7187,coarse_edge_mesh,setup,0.012854478,1,0,0,0,0,0,0,550,0,0,0,0,0,0,0,0,0,0,0
212,cn7187,coarse_surface_mesh,setup,8.13179056,1,0,0,0,0,0,0,9579,0,0,0,0,0,0,10,0,0,0,0
212,cn7187,coarse_volume_mesh,setup,14.145456105,1,0,0,0,0,0,0,25606,0,0,0,0,0,83693,2727134,0,0,0,0
212,cn7187,coarse_mesh_save,io,0,0,0,0,0,0,0,0,0,0,0,0,0,0,0,0,0,0,0,0
212,cn7187,submesh_initialization,setup,0.000122881000003,1,0,0,0,0,0,0,1,0,0,0,0,0,0,0,0,0,0,0
212,cn7187,metis_partition,compute,0.366991111,1,0,0,0,0,0,0,185,0,0,0,0,0,0,1,0,0,0,0
212,cn7187,face_map_setup,compute,0.006689624,1,0,0,0,0,0,0,19,0,0,0,0,0,0,0,0,0,0,0
212,cn7187,face_local_extract,compute,0.159835177,1,0,0,0,0,0,0,701,0,0,0,0,0,0,0,0,0,0,0
212,cn7187,face_pre_collective_wait,synchronization,0.079554285,1,0,0,0,0,0,0,1,0,0,0,0,0,0,0,0,0,0,0
212,cn7187,face_collective_setup,compute,0.000113761000001,1,0,0,0,0,0,0,16,0,0,0,0,0,0,0,0,0,0,0
212,cn7187,face_allgatherv,communication,0.121439753,1,0,0,0,0,0,0,700,0,0,0,0,0,0,0,1,1,18952,4859624
212,cn7187,face_global_merge,compute,0.07442734,1,0,0,0,0,0,0,107,0,0,0,0,0,0,0,0,0,0,0
212,cn7187,part_face_create,compute,0.018314551,1,0,0,0,0,0,0,3,0,0,0,0,0,0,0,0,0,0,0
212,cn7187,surface_refine,compute,0.005638671,1,0,0,0,0,0,0,37,0,0,0,0,0,0,0,0,0,0,0
212,cn7187,refined_surface_save,io,0,0,0,0,0,0,0,0,0,0,0,0,0,0,0,0,0,0,0,0
212,cn7187,local_volume_mesh,compute,5.494690046,1,0,0,0,0,0,0,773,0,0,0,0,0,54872,1800923,0,0,0,0
212,cn7187,volume_refine,compute,0.18623231,1,0,0,0,0,0,0,3858,0,0,0,0,0,0,3,0,0,0,0
212,cn7187,refined_volume_save,io,0,0,0,0,0,0,0,0,0,0,0,0,0,0,0,0,0,0,0,0
212,cn7187,adjacency_build,compute,0.00451521700001,1,0,0,0,0,0,0,0,0,0,0,0,0,0,0,0,0,0,0
212,cn7187,vertex_numbering_local,compute,0.006851346,1,0,0,0,0,0,0,2,0,0,0,0,0,0,0,0,0,0,0
212,cn7187,vertex_count_allgather,communication,2.990028656,1,0,0,0,0,0,0,40,0,0,0,0,0,0,3,1,1,4,1024
212,cn7187,element_count_allgather,communication,0.00789182,1,0,0,0,0,0,0,3,0,0,0,0,0,0,0,1,1,4,1024
212,cn7187,vertex_exchange_prepare,compute,1.88610000009e-05,1,0,0,0,0,0,0,0,0,0,0,0,0,0,0,0,0,0,0
212,cn7187,vertex_exchange,communication,0.011762168,1,0,0,0,0,0,0,303,0,0,0,0,0,0,0,5,6,90948,69740
212,cn7187,vertex_exchange_unpack,compute,0.000960792000001,1,0,0,0,0,0,0,0,0,0,0,0,0,0,0,0,0,0,0
212,cn7187,partition_result_io,io,0,0,0,0,0,0,0,0,0,0,0,0,0,0,0,0,0,0,0,0
212,cn7187,volume_exchange_pack,compute,0.0775965,2,0,0,0,0,0,0,1,0,0,0,0,0,0,0,0,0,0,0
212,cn7187,volume_size_exchange,communication,0.019366625,1,0,0,0,0,0,0,3,0,0,0,0,0,0,0,7,7,28,28
212,cn7187,volume_payload_prepare,compute,0.000122560999998,1,0,0,0,0,0,0,0,0,0,0,0,0,0,0,0,0,0,0
212,cn7187,volume_payload_exchange,communication,0.025183038,1,0,0,0,0,0,0,20,0,0,0,0,0,0,0,7,7,1695360,1704480
212,cn7187,volume_exchange_unpack,compute,0.054239524,1,0,0,0,0,0,0,14,0,0,0,0,0,0,0,0,0,0,0
212,cn7187,final_mesh_save,io,0,0,0,0,0,0,0,0,0,0,0,0,0,0,0,0,0,0,0,0
212,cn7187,testout_io,io,0,0,0,0,0,0,0,0,0,0,0,0,0,0,0,0,0,0,0,0
212,cn7187,final_count_exchange,communication,0,0,0,0,0,0,0,0,0,0,0,0,0,0,0,0,0,0,0,0
212,cn7187,quality_evaluation,postprocess,0,0,0,0,0,0,0,0,0,0,0,0,0,0,0,0,0,0,0,0
213,cn7188,geometry_load,io,1.724713788,1,0,0,0,0,0,0,6340,0,1035092,0,0,0,2,3,0,0,0,0
213,cn7188,coarse_local_size,setup,0.451069986,1,0,0,0,0,0,0,7614,0,0,0,0,0,81,20,0,0,0,0
213,cn7188,coarse_edge_mesh,setup,0.012723725,1,0,0,0,0,0,0,567,0,0,0,0,0,0,0,0,0,0,0
213,cn7188,coarse_surface_mesh,setup,8.191518206,1,0,0,0,0,0,0,12928,0,0,0,0,0,0,9,0,0,0,0
213,cn7188,coarse_volume_mesh,setup,13.344292795,1,0,0,0,0,0,0,27980,0,0,0,0,0,35991,1471473,0,0,0,0
213,cn7188,coarse_mesh_save,io,0,0,0,0,0,0,0,0,0,0,0,0,0,0,0,0,0,0,0,0
213,cn7188,submesh_initialization,setup,0.000118841000003,1,0,0,0,0,0,0,2,0,0,0,0,0,0,0,0,0,0,0
213,cn7188,metis_partition,compute,0.378429881,1,0,0,0,0,0,0,291,0,0,0,0,0,0,0,0,0,0,0
213,cn7188,face_map_setup,compute,0.007219033,1,0,0,0,0,0,0,236,0,0,0,0,0,0,0,0,0,0,0
213,cn7188,face_local_extract,compute,0.155489422,1,0,0,0,0,0,0,679,0,0,0,0,0,0,0,0,0,0,0
213,cn7188,face_pre_collective_wait,synchronization,0.071932195,1,0,0,0,0,0,0,1,0,0,0,0,0,0,0,0,0,0,0
213,cn7188,face_collective_setup,compute,0.000113201999994,1,0,0,0,0,0,0,15,0,0,0,0,0,0,0,0,0,0,0
213,cn7188,face_allgatherv,communication,0.121425919,1,0,0,0,0,0,0,889,0,0,0,0,0,0,1,1,1,18952,4859624
213,cn7188,face_global_merge,compute,0.077806552,1,0,0,0,0,0,0,160,0,0,0,0,0,0,0,0,0,0,0
213,cn7188,part_face_create,compute,0.019435553,1,0,0,0,0,0,0,3,0,0,0,0,0,0,0,0,0,0,0
213,cn7188,surface_refine,compute,0.00628030199999,1,0,0,0,0,0,0,3,0,0,0,0,0,0,0,0,0,0,0
213,cn7188,refined_surface_save,io,0,0,0,0,0,0,0,0,0,0,0,0,0,0,0,0,0,0,0,0
213,cn7188,local_volume_mesh,compute,6.516060398,1,0,0,0,0,0,0,2155,0,0,0,0,0,13570,438507,0,0,0,0
213,cn7188,volume_refine,compute,0.219835859,1,0,0,0,0,0,0,6044,0,0,0,0,0,0,0,0,0,0,0
213,cn7188,refined_volume_save,io,0,0,0,0,0,0,0,0,0,0,0,0,0,0,0,0,0,0,0,0
213,cn7188,adjacency_build,compute,0.004834963,1,0,0,0,0,0,0,14,0,0,0,0,0,0,0,0,0,0,0
213,cn7188,vertex_numbering_local,compute,0.004763302,1,0,0,0,0,0,0,3,0,0,0,0,0,0,0,0,0,0,0
213,cn7188,vertex_count_allgather,communication,1.931240375,1,0,0,0,0,0,0,52,0,0,0,0,0,0,2,1,1,4,1024
213,cn7188,element_count_allgather,communication,0.007905303,1,0,0,0,0,0,0,3,0,0,0,0,0,0,0,1,1,4,1024
213,cn7188,vertex_exchange_prepare,compute,1.76399999958e-05,1,0,0,0,0,0,0,0,0,0,0,0,0,0,0,0,0,0,0
213,cn7188,vertex_exchange,communication,0.019382372,1,0,0,0,0,0,0,289,0,0,0,0,0,0,0,0,4,0,67782
213,cn7188,vertex_exchange_unpack,compute,0.001018713,1,0,0,0,0,0,0,0,0,0,0,0,0,0,0,0,0,0,0
213,cn7188,partition_result_io,io,0,0,0,0,0,0,0,0,0,0,0,0,0,0,0,0,0,0,0,0
213,cn7188,volume_exchange_pack,compute,0.062656874,2,0,0,0,0,0,0,1,0,0,0,0,0,0,0,0,0,0,0
213,cn7188,volume_size_exchange,communication,0.015914407,1,0,0,0,0,0,0,2,0,0,0,0,0,0,0,3,3,12,12
213,cn7188,volume_payload_prepare,compute,5.44609999977e-05,1,0,0,0,0,0,0,0,0,0,0,0,0,0,0,0,0,0,0
213,cn7188,volume_payload_exchange,communication,0.0154049,1,0,0,0,0,0,0,32,0,0,0,0,0,0,0,3,3,710880,706560
213,cn7188,volume_exchange_unpack,compute,0.040163783,1,0,0,0,0,0,0,0,0,0,0,0,0,0,0,0,0,0,0
213,cn7188,final_mesh_save,io,0,0,0,0,0,0,0,0,0,0,0,0,0,0,0,0,0,0,0,0
213,cn7188,testout_io,io,0,0,0,0,0,0,0,0,0,0,0,0,0,0,0,0,0,0,0,0
213,cn7188,final_count_exchange,communication,0,0,0,0,0,0,0,0,0,0,0,0,0,0,0,0,0,0,0,0
213,cn7188,quality_evaluation,postprocess,0,0,0,0,0,0,0,0,0,0,0,0,0,0,0,0,0,0,0,0
214,cn7189,geometry_load,io,1.730286806,1,0,0,0,0,0,0,6483,0,1035092,0,0,0,2,4,0,0,0,0
214,cn7189,coarse_local_size,setup,0.446414343,1,0,0,0,0,0,0,7415,0,0,0,0,0,111,80,0,0,0,0
214,cn7189,coarse_edge_mesh,setup,0.012604378,1,0,0,0,0,0,0,550,0,0,0,0,0,0,0,0,0,0,0
214,cn7189,coarse_surface_mesh,setup,8.155331941,1,0,0,0,0,0,0,10871,0,0,0,0,0,0,11,0,0,0,0
214,cn7189,coarse_volume_mesh,setup,14.037441878,1,0,0,0,0,0,0,31692,0,0,0,0,0,82183,2757115,0,0,0,0
214,cn7189,coarse_mesh_save,io,0,0,0,0,0,0,0,0,0,0,0,0,0,0,0,0,0,0,0,0
214,cn7189,submesh_initialization,setup,0.000140260999999,1,0,0,0,0,0,0,3,0,0,0,0,0,0,0,0,0,0,0
214,cn7189,metis_partition,compute,0.375533387,1,0,0,0,0,0,0,662,0,0,0,0,0,0,0,0,0,0,0
214,cn7189,face_map_setup,compute,0.00737830000001,1,0,0,0,0,0,0,214,0,0,0,0,0,0,0,0,0,0,0
214,cn7189,face_local_extract,compute,0.159638946,1,0,0,0,0,0,0,649,0,0,0,0,0,0,0,0,0,0,0
214,cn7189,face_pre_collective_wait,synchronization,0.070436551,1,0,0,0,0,0,0,1,0,0,0,0,0,0,0,0,0,0,0
214,cn7189,face_collective_setup,compute,0.000106941000006,1,0,0,0,0,0,0,16,0,0,0,0,0,0,0,0,0,0,0
214,cn7189,face_allgatherv,communication,0.121426428,1,0,0,0,0,0,0,647,0,0,0,0,0,0,0,1,1,18952,4859624
214,cn7189,face_global_merge,compute,0.079172106,1,0,0,0,0,0,0,479,0,0,0,0,0,0,0,0,0,0,0
214,cn7189,part_face_create,compute,0.019764676,1,0,0,0,0,0,0,3,0,0,0,0,0,0,1,0,0,0,0
214,cn7189,surface_refine,compute,0.00633689,1,0,0,0,0,0,0,43,0,0,0,0,0,0,0,0,0,0,0
214,cn7189,refined_surface_save,io,0,0,0,0,0,0,0,0,0,0,0,0,0,0,0,0,0,0,0,0
214,cn7189,local_volume_mesh,compute,5.431383587,1,0,0,0,0,0,0,2215,0,0,0,0,0,57981,1559495,0,0,0,0
214,cn7189,volume_refine,compute,0.197080216,1,0,0,0,0,0,0,4894,0,0,0,0,0,0,0,0,0,0,0
214,cn7189,refined_volume_save,io,0,0,0,0,0,0,0,0,0,0,0,0,0,0,0,0,0,0,0,0
214,cn7189,adjacency_build,compute,0.005119436,1,0,0,0,0,0,0,14,0,0,0,0,0,0,0,0,0,0,0
214,cn7189,vertex_numbering_local,compute,0.007764605,1,0,0,0,0,0,0,93,0,0,0,0,0,0,0,0,0,0,0
214,cn7189,vertex_count_allgather,communication,3.033704222,1,0,0,0,0,0,0,52,0,0,0,0,0,0,6,1,1,4,1024
214,cn7189,element_count_allgather,communication,0.007878026,1,0,0,0,0,0,0,3,0,0,0,0,0,0,0,1,1,4,1024
214,cn7189,vertex_exchange_prepare,compute,2.52000000032e-05,1,0,0,0,0,0,0,0,0,0,0,0,0,0,0,0,0,0,0
214,cn7189,vertex_exchange,communication,0.019724816,1,0,0,0,0,0,0,50,0,0,0,0,0,0,0,5,7,55792,132374
214,cn7189,vertex_exchange_unpack,compute,0.001880801,1,0,0,0,0,0,0,0,0,0,0,0,0,0,0,0,0,0,0
214,cn7189,partition_result_io,io,0,0,0,0,0,0,0,0,0,0,0,0,0,0,0,0,0,0,0,0
214,cn7189,volume_exchange_pack,compute,0.078346656,2,0,0,0,0,0,0,2,0,0,0,0,0,0,0,0,0,0,0
214,cn7189,volume_size_exchange,communication,0.009737226,1,0,0,0,0,0,0,1,0,0,0,0,0,0,0,7,7,28,28
214,cn7189,volume_payload_prepare,compute,0.000145421999996,1,0,0,0,0,0,0,0,0,0,0,0,0,0,0,0,0,0,0
214,cn7189,volume_payload_exchange,communication,0.025853163,1,0,0,0,0,0,0,21,0,0,0,0,0,0,0,7,7,2009760,2016960
214,cn7189,volume_exchange_unpack,compute,0.061618294,1,0,0,0,0,0,0,427,0,0,0,0,0,0,0,0,0,0,0
214,cn7189,final_mesh_save,io,0,0,0,0,0,0,0,0,0,0,0,0,0,0,0,0,0,0,0,0
214,cn7189,testout_io,io,0,0,0,0,0,0,0,0,0,0,0,0,0,0,0,0,0,0,0,0
214,cn7189,final_count_exchange,communication,0,0,0,0,0,0,0,0,0,0,0,0,0,0,0,0,0,0,0,0
214,cn7189,quality_evaluation,postprocess,0,0,0,0,0,0,0,0,0,0,0,0,0,0,0,0,0,0,0,0
215,cn7190,geometry_load,io,1.727677936,1,0,0,0,0,0,0,6343,0,1035092,0,0,0,2,3,0,0,0,0
215,cn7190,coarse_local_size,setup,0.450750239,1,0,0,0,0,0,0,7458,0,0,0,0,0,107,47,0,0,0,0
215,cn7190,coarse_edge_mesh,setup,0.012565054,1,0,0,0,0,0,0,567,0,0,0,0,0,0,0,0,0,0,0
215,cn7190,coarse_surface_mesh,setup,8.179929633,1,0,0,0,0,0,0,12862,0,0,0,0,0,0,12,0,0,0,0
215,cn7190,coarse_volume_mesh,setup,14.177789301,1,0,0,0,0,0,0,32929,0,0,0,0,0,85938,2772164,0,0,0,0
215,cn7190,coarse_mesh_save,io,0,0,0,0,0,0,0,0,0,0,0,0,0,0,0,0,0,0,0,0
215,cn7190,submesh_initialization,setup,0.000126522000002,1,0,0,0,0,0,0,2,0,0,0,0,0,0,0,0,0,0,0
215,cn7190,metis_partition,compute,0.374137322,1,0,0,0,0,0,0,597,0,0,0,0,0,0,1,0,0,0,0
215,cn7190,face_map_setup,compute,0.007366042,1,0,0,0,0,0,0,227,0,0,0,0,0,0,0,0,0,0,0
215,cn7190,face_local_extract,compute,0.156378558,1,0,0,0,0,0,0,613,0,0,0,0,0,0,0,0,0,0,0
215,cn7190,face_pre_collective_wait,synchronization,0.075173497,1,0,0,0,0,0,0,1,0,0,0,0,0,0,0,0,0,0,0
215,cn7190,face_collective_setup,compute,0.000112281999996,1,0,0,0,0,0,0,16,0,0,0,0,0,0,0,0,0,0,0
215,cn7190,face_allgatherv,communication,0.121402435,1,0,0,0,0,0,0,1155,0,0,0,0,0,0,0,1,1,18952,4859624
215,cn7190,face_global_merge,compute,0.079141152,1,0,0,0,0,0,0,203,0,0,0,0,0,0,0,0,0,0,0
215,cn7190,part_face_create,compute,0.019484029,1,0,0,0,0,0,0,3,0,0,0,0,0,0,0,0,0,0,0
215,cn7190,surface_refine,compute,0.005567516,1,0,0,0,0,0,0,37,0,0,0,0,0,0,0,0,0,0,0
215,cn7190,refined_surface_save,io,0,0,0,0,0,0,0,0,0,0,0,0,0,0,0,0,0,0,0,0
215,cn7190,local_volume_mesh,compute,5.162915729,1,0,0,0,0,0,0,436,0,0,0,0,0,52709,1681800,0,0,0,0
215,cn7190,volume_refine,compute,0.149639405,1,0,0,0,0,0,0,6963,0,0,0,0,0,0,0,0,0,0,0
215,cn7190,refined_volume_save,io,0,0,0,0,0,0,0,0,0,0,0,0,0,0,0,0,0,0,0,0
215,cn7190,adjacency_build,compute,0.004885007,1,0,0,0,0,0,0,30,0,0,0,0,0,0,0,0,0,0,0
215,cn7190,vertex_numbering_local,compute,0.006479889,1,0,0,0,0,0,0,8,0,0,0,0,0,0,0,0,0,0,0
215,cn7190,vertex_count_allgather,communication,3.352302909,1,0,0,0,0,0,0,50,0,0,0,0,0,0,8,1,1,4,1024
215,cn7190,element_count_allgather,communication,0.00793875,1,0,0,0,0,0,0,3,0,0,0,0,0,0,0,1,1,4,1024
215,cn7190,vertex_exchange_prepare,compute,2.44800000004e-05,1,0,0,0,0,0,0,0,0,0,0,0,0,0,0,0,0,0,0
215,cn7190,vertex_exchange,communication,0.020398161,1,0,0,0,0,0,0,811,0,0,0,0,0,0,0,5,8,44396,103554
215,cn7190,vertex_exchange_unpack,compute,0.001503941,1,0,0,0,0,0,0,1,0,0,0,0,0,0,0,0,0,0,0
215,cn7190,partition_result_io,io,0,0,0,0,0,0,0,0,0,0,0,0,0,0,0,0,0,0,0,0
215,cn7190,volume_exchange_pack,compute,0.068225241,2,0,0,0,0,0,0,5,0,0,0,0,0,0,0,0,0,0,0
215,cn7190,volume_size_exchange,communication,0.020004256,1,0,0,0,0,0,0,36,0,0,0,0,0,0,0,7,7,28,28
215,cn7190,volume_payload_prepare,compute,0.000117721999999,1,0,0,0,0,0,0,0,0,0,0,0,0,0,0,0,0,0,0
215,cn7190,volume_payload_exchange,communication,0.025761955,1,0,0,0,0,0,0,29,0,0,0,0,0,0,0,7,7,1582080,1571040
215,cn7190,volume_exchange_unpack,compute,0.069709961,1,0,0,0,0,0,0,14,0,0,0,0,0,0,0,0,0,0,0
215,cn7190,final_mesh_save,io,0,0,0,0,0,0,0,0,0,0,0,0,0,0,0,0,0,0,0,0
215,cn7190,testout_io,io,0,0,0,0,0,0,0,0,0,0,0,0,0,0,0,0,0,0,0,0
215,cn7190,final_count_exchange,communication,0,0,0,0,0,0,0,0,0,0,0,0,0,0,0,0,0,0,0,0
215,cn7190,quality_evaluation,postprocess,0,0,0,0,0,0,0,0,0,0,0,0,0,0,0,0,0,0,0,0
216,cn7191,geometry_load,io,1.741695746,1,0,0,0,0,0,0,6474,0,1035092,0,0,0,2,5,0,0,0,0
216,cn7191,coarse_local_size,setup,0.451731053,1,0,0,0,0,0,0,7541,0,0,0,0,0,105,44,0,0,0,0
216,cn7191,coarse_edge_mesh,setup,0.012724521,1,0,0,0,0,0,0,577,0,0,0,0,0,0,0,0,0,0,0
216,cn7191,coarse_surface_mesh,setup,8.068683462,1,0,0,0,0,0,0,7893,0,0,0,0,0,1,14,0,0,0,0
216,cn7191,coarse_volume_mesh,setup,14.176370475,1,0,0,0,0,0,0,22445,0,0,0,0,0,87624,2792907,0,0,0,0
216,cn7191,coarse_mesh_save,io,0,0,0,0,0,0,0,0,0,0,0,0,0,0,0,0,0,0,0,0
216,cn7191,submesh_initialization,setup,0.000117861,1,0,0,0,0,0,0,1,0,0,0,0,0,0,0,0,0,0,0
216,cn7191,metis_partition,compute,0.365087507,1,0,0,0,0,0,0,60,0,0,0,0,0,0,1,0,0,0,0
216,cn7191,face_map_setup,compute,0.00681867599999,1,0,0,0,0,0,0,3,0,0,0,0,0,0,0,0,0,0,0
216,cn7191,face_local_extract,compute,0.152270756,1,0,0,0,0,0,0,24,0,0,0,0,0,0,0,0,0,0,0
216,cn7191,face_pre_collective_wait,synchronization,0.088881151,1,0,0,0,0,0,0,1,0,0,0,0,0,0,0,0,0,0,0
216,cn7191,face_collective_setup,compute,0.000106161000005,1,0,0,0,0,0,0,16,0,0,0,0,0,0,0,0,0,0,0
216,cn7191,face_allgatherv,communication,0.121396593,1,0,0,0,0,0,0,48,0,0,0,0,0,0,1,1,1,18952,4859624
216,cn7191,face_global_merge,compute,0.073684461,1,0,0,0,0,0,0,0,0,0,0,0,0,0,0,0,0,0,0
216,cn7191,part_face_create,compute,0.018522146,1,0,0,0,0,0,0,3,0,0,0,0,0,0,0,0,0,0,0
216,cn7191,surface_refine,compute,0.006133768,1,0,0,0,0,0,0,1,0,0,0,0,0,0,0,0,0,0,0
216,cn7191,refined_surface_save,io,0,0,0,0,0,0,0,0,0,0,0,0,0,0,0,0,0,0,0,0
216,cn7191,local_volume_mesh,compute,6.480110402,1,0,0,0,0,0,0,679,0,0,0,0,0,59137,1897185,0,0,0,0
216,cn7191,volume_refine,compute,0.232628712,1,0,0,0,0,0,0,4178,0,0,0,0,0,0,0,0,0,0,0
216,cn7191,refined_volume_save,io,0,0,0,0,0,0,0,0,0,0,0,0,0,0,0,0,0,0,0,0
216,cn7191,adjacency_build,compute,0.00449143,1,0,0,0,0,0,0,0,0,0,0,0,0,0,0,0,0,0,0
216,cn7191,vertex_numbering_local,compute,0.004896314,1,0,0,0,0,0,0,2,0,0,0,0,0,0,0,0,0,0,0
216,cn7191,vertex_count_allgather,communication,1.960374942,1,0,0,0,0,0,0,49,0,0,0,0,0,0,3,1,1,4,1024
216,cn7191,element_count_allgather,communication,0.007875387,1,0,0,0,0,0,0,3,0,0,0,0,0,0,0,1,1,4,1024
216,cn7191,vertex_exchange_prepare,compute,9.13999999597e-06,1,0,0,0,0,0,0,0,0,0,0,0,0,0,0,0,0,0,0
216,cn7191,vertex_exchange,communication,0.01071976,1,0,0,0,0,0,0,36,0,0,0,0,0,0,0,4,2,56870,374
216,cn7191,vertex_exchange_unpack,compute,1.44600000027e-05,1,0,0,0,0,0,0,0,0,0,0,0,0,0,0,0,0,0,0
216,cn7191,partition_result_io,io,0,0,0,0,0,0,0,0,0,0,0,0,0,0,0,0,0,0,0,0
216,cn7191,volume_exchange_pack,compute,0.062054632,2,0,0,0,0,0,0,1,0,0,0,0,0,0,0,0,0,0,0
216,cn7191,volume_size_exchange,communication,0.033333612,1,0,0,0,0,0,0,1,0,0,0,0,0,0,0,3,3,12,12
216,cn7191,volume_payload_prepare,compute,4.45999999954e-05,1,0,0,0,0,0,0,0,0,0,0,0,0,0,0,0,0,0,0
216,cn7191,volume_payload_exchange,communication,0.008249812,1,0,0,0,0,0,0,17,0,0,0,0,0,0,0,3,3,588960,584640
216,cn7191,volume_exchange_unpack,compute,0.046835302,1,0,0,0,0,0,0,0,0,0,0,0,0,0,0,0,0,0,0
216,cn7191,final_mesh_save,io,0,0,0,0,0,0,0,0,0,0,0,0,0,0,0,0,0,0,0,0
216,cn7191,testout_io,io,0,0,0,0,0,0,0,0,0,0,0,0,0,0,0,0,0,0,0,0
216,cn7191,final_count_exchange,communication,0,0,0,0,0,0,0,0,0,0,0,0,0,0,0,0,0,0,0,0
216,cn7191,quality_evaluation,postprocess,0,0,0,0,0,0,0,0,0,0,0,0,0,0,0,0,0,0,0,0
217,cn7192,geometry_load,io,1.756498899,1,0,0,0,0,0,0,6487,0,1035092,0,0,0,2,2,0,0,0,0
217,cn7192,coarse_local_size,setup,0.629602564,1,0,0,0,0,0,0,7670,0,0,0,0,0,157,142,0,0,0,0
217,cn7192,coarse_edge_mesh,setup,0.012844718,1,0,0,0,0,0,0,578,0,0,0,0,0,0,0,0,0,0,0
217,cn7192,coarse_surface_mesh,setup,8.162225987,1,0,0,0,0,0,0,10863,0,0,0,0,0,0,9,0,0,0,0
217,cn7192,coarse_volume_mesh,setup,14.000957264,1,0,0,0,0,0,0,33261,0,0,0,0,0,87158,2677690,0,0,0,0
217,cn7192,coarse_mesh_save,io,0,0,0,0,0,0,0,0,0,0,0,0,0,0,0,0,0,0,0,0
217,cn7192,submesh_initialization,setup,0.000124661000001,1,0,0,0,0,0,0,1,0,0,0,0,0,0,0,0,0,0,0
217,cn7192,metis_partition,compute,0.377888179,1,0,0,0,0,0,0,395,0,0,0,0,0,0,1,0,0,0,0
217,cn7192,face_map_setup,compute,0.00728339,1,0,0,0,0,0,0,227,0,0,0,0,0,0,0,0,0,0,0
217,cn7192,face_local_extract,compute,0.15651215,1,0,0,0,0,0,0,619,0,0,0,0,0,0,0,0,0,0,0
217,cn7192,face_pre_collective_wait,synchronization,0.07140582,1,0,0,0,0,0,0,1,0,0,0,0,0,0,0,0,0,0,0
217,cn7192,face_collective_setup,compute,0.000116702,1,0,0,0,0,0,0,16,0,0,0,0,0,0,0,0,0,0,0
217,cn7192,face_allgatherv,communication,0.121289695,1,0,0,0,0,0,0,1155,0,0,0,0,0,0,0,1,1,18952,4859624
217,cn7192,face_global_merge,compute,0.078879853,1,0,0,0,0,0,0,331,0,0,0,0,0,0,0,0,0,0,0
217,cn7192,part_face_create,compute,0.01951404,1,0,0,0,0,0,0,3,0,0,0,0,0,0,0,0,0,0,0
217,cn7192,surface_refine,compute,0.006455819,1,0,0,0,0,0,0,40,0,0,0,0,0,0,0,0,0,0,0
217,cn7192,refined_surface_save,io,0,0,0,0,0,0,0,0,0,0,0,0,0,0,0,0,0,0,0,0
217,cn7192,local_volume_mesh,compute,5.601794015,1,0,0,0,0,0,0,2280,0,0,0,0,0,52883,1683809,0,0,0,0
217,cn7192,volume_refine,compute,0.210556236,1,0,0,0,0,0,0,6384,0,0,0,0,0,0,0,0,0,0,0
217,cn7192,refined_volume_save,io,0,0,0,0,0,0,0,0,0,0,0,0,0,0,0,0,0,0,0,0
217,cn7192,adjacency_build,compute,0.005000161,1,0,0,0,0,0,0,20,0,0,0,0,0,0,0,0,0,0,0
217,cn7192,vertex_numbering_local,compute,0.008221882,1,0,0,0,0,0,0,30,0,0,0,0,0,0,0,0,0,0,0
217,cn7192,vertex_count_allgather,communication,2.850059164,1,0,0,0,0,0,0,54,0,0,0,0,0,0,3,1,1,4,1024
217,cn7192,element_count_allgather,communication,0.007880497,1,0,0,0,0,0,0,3,0,0,0,0,0,0,0,1,1,4,1024
217,cn7192,vertex_exchange_prepare,compute,2.11599999957e-05,1,0,0,0,0,0,0,0,0,0,0,0,0,0,0,0,0,0,0
217,cn7192,vertex_exchange,communication,0.01954162,1,0,0,0,0,0,0,39,0,0,0,0,0,0,0,10,9,125686,57640
217,cn7192,vertex_exchange_unpack,compute,0.000871410999999,1,0,0,0,0,0,0,0,0,0,0,0,0,0,0,0,0,0,0
217,cn7192,partition_result_io,io,0,0,0,0,0,0,0,0,0,0,0,0,0,0,0,0,0,0,0,0
217,cn7192,volume_exchange_pack,compute,0.081702748,2,0,0,0,0,0,0,3,0,0,0,0,0,0,0,0,0,0,0
217,cn7192,volume_size_exchange,communication,0.011237119,1,0,0,0,0,0,0,12,0,0,0,0,0,0,0,10,10,40,40
217,cn7192,volume_payload_prepare,compute,0.000145861999997,1,0,0,0,0,0,0,0,0,0,0,0,0,0,0,0,0,0,0
217,cn7192,volume_payload_exchange,communication,0.002202787,1,0,0,0,0,0,0,32,0,0,0,0,0,0,0,10,10,1919880,1920360
217,cn7192,volume_exchange_unpack,compute,0.05916407,1,0,0,0,0,0,0,530,0,0,0,0,0,0,0,0,0,0,0
217,cn7192,final_mesh_save,io,0,0,0,0,0,0,0,0,0,0,0,0,0,0,0,0,0,0,0,0
217,cn7192,testout_io,io,0,0,0,0,0,0,0,0,0,0,0,0,0,0,0,0,0,0,0,0
217,cn7192,final_count_exchange,communication,0,0,0,0,0,0,0,0,0,0,0,0,0,0,0,0,0,0,0,0
217,cn7192,quality_evaluation,postprocess,0,0,0,0,0,0,0,0,0,0,0,0,0,0,0,0,0,0,0,0
218,cn7193,geometry_load,io,1.736178946,1,0,0,0,0,0,0,6342,0,1035092,0,0,0,2,15,0,0,0,0
218,cn7193,coarse_local_size,setup,0.45078913,1,0,0,0,0,0,0,7616,0,0,0,0,0,141,70,0,0,0,0
218,cn7193,coarse_edge_mesh,setup,0.012596619,1,0,0,0,0,0,0,550,0,0,0,0,0,0,1,0,0,0,0
218,cn7193,coarse_surface_mesh,setup,8.186717659,1,0,0,0,0,0,0,11060,0,0,0,0,0,0,72,0,0,0,0
218,cn7193,coarse_volume_mesh,setup,14.15059871,1,0,0,0,0,0,0,25479,0,0,0,0,0,85685,2799794,0,0,0,0
218,cn7193,coarse_mesh_save,io,0,0,0,0,0,0,0,0,0,0,0,0,0,0,0,0,0,0,0,0
218,cn7193,submesh_initialization,setup,0.000119461000004,1,0,0,0,0,0,0,1,0,0,0,0,0,0,0,0,0,0,0
218,cn7193,metis_partition,compute,0.364914667,1,0,0,0,0,0,0,58,0,0,0,0,0,0,4,0,0,0,0
218,cn7193,face_map_setup,compute,0.006600192,1,0,0,0,0,0,0,3,0,0,0,0,0,0,0,0,0,0,0
218,cn7193,face_local_extract,compute,0.1584885,1,0,0,0,0,0,0,25,0,0,0,0,0,0,1,0,0,0,0
218,cn7193,face_pre_collective_wait,synchronization,0.083046612,1,0,0,0,0,0,0,1,0,0,0,0,0,0,1,0,0,0,0
218,cn7193,face_collective_setup,compute,0.000106920999997,1,0,0,0,0,0,0,16,0,0,0,0,0,0,0,0,0,0,0
218,cn7193,face_allgatherv,communication,0.121291252,1,0,0,0,0,0,0,126,0,0,0,0,0,0,1,1,1,18952,4859624
218,cn7193,face_global_merge,compute,0.073396506,1,0,0,0,0,0,0,116,0,0,0,0,0,0,0,0,0,0,0
218,cn7193,part_face_create,compute,0.018084919,1,0,0,0,0,0,0,3,0,0,0,0,0,0,0,0,0,0,0
218,cn7193,surface_refine,compute,0.005539141,1,0,0,0,0,0,0,37,0,0,0,0,0,0,0,0,0,0,0
218,cn7193,refined_surface_save,io,0,0,0,0,0,0,0,0,0,0,0,0,0,0,0,0,0,0,0,0
218,cn7193,local_volume_mesh,compute,5.197500275,1,0,0,0,0,0,0,543,0,0,0,0,0,55559,1671958,0,0,0,0
218,cn7193,volume_refine,compute,0.185382336,1,0,0,0,0,0,0,3550,0,0,0,0,0,0,2,0,0,0,0
218,cn7193,refined_volume_save,io,0,0,0,0,0,0,0,0,0,0,0,0,0,0,0,0,0,0,0,0
218,cn7193,adjacency_build,compute,0.00456859,1,0,0,0,0,0,0,1,0,0,0,0,0,0,0,0,0,0,0
218,cn7193,vertex_numbering_local,compute,0.007309301,1,0,0,0,0,0,0,3,0,0,0,0,0,0,0,0,0,0,0
218,cn7193,vertex_count_allgather,communication,3.289068418,1,0,0,0,0,0,0,31,0,0,0,0,0,0,29,1,1,4,1024
218,cn7193,element_count_allgather,communication,0.007935507,1,0,0,0,0,0,0,1,0,0,0,0,0,0,0,1,1,4,1024
218,cn7193,vertex_exchange_prepare,compute,1.86209999953e-05,1,0,0,0,0,0,0,0,0,0,0,0,0,0,0,0,0,0,0
218,cn7193,vertex_exchange,communication,0.019694656,1,0,0,0,0,0,0,305,0,0,0,0,0,0,0,11,7,95986,79662
218,cn7193,vertex_exchange_unpack,compute,0.001068332,1,0,0,0,0,0,0,0,0,0,0,0,0,0,0,0,0,0,0
218,cn7193,partition_result_io,io,0,0,0,0,0,0,0,0,0,0,0,0,0,0,0,0,0,0,0,0
218,cn7193,volume_exchange_pack,compute,0.065708781,2,0,0,0,0,0,0,1,0,0,0,0,0,0,1,0,0,0,0
218,cn7193,volume_size_exchange,communication,0.026944456,1,0,0,0,0,0,0,0,0,0,0,0,0,0,0,8,8,32,32
218,cn7193,volume_payload_prepare,compute,0.000133400999999,1,0,0,0,0,0,0,0,0,0,0,0,0,0,0,0,0,0,0
218,cn7193,volume_payload_exchange,communication,0.00179146,1,0,0,0,0,0,0,21,0,0,0,0,0,0,0,8,8,1862520,1865880
218,cn7193,volume_exchange_unpack,compute,0.055422629,1,0,0,0,0,0,0,183,0,0,0,0,0,0,1,0,0,0,0
218,cn7193,final_mesh_save,io,0,0,0,0,0,0,0,0,0,0,0,0,0,0,0,0,0,0,0,0
218,cn7193,testout_io,io,0,0,0,0,0,0,0,0,0,0,0,0,0,0,0,0,0,0,0,0
218,cn7193,final_count_exchange,communication,0,0,0,0,0,0,0,0,0,0,0,0,0,0,0,0,0,0,0,0
218,cn7193,quality_evaluation,postprocess,0,0,0,0,0,0,0,0,0,0,0,0,0,0,0,0,0,0,0,0
219,cn7194,geometry_load,io,1.750636319,1,0,0,0,0,0,0,6335,0,1035092,0,0,0,2,2,0,0,0,0
219,cn7194,coarse_local_size,setup,0.538514459,1,0,0,0,0,0,0,7152,0,0,0,0,0,127,54,0,0,0,0
219,cn7194,coarse_edge_mesh,setup,0.012602571,1,0,0,0,0,0,0,523,0,0,0,0,0,0,0,0,0,0,0
219,cn7194,coarse_surface_mesh,setup,8.151350856,1,0,0,0,0,0,0,10828,0,0,0,0,0,0,9,0,0,0,0
219,cn7194,coarse_volume_mesh,setup,14.081792513,1,0,0,0,0,0,0,32067,0,0,0,0,0,84305,2828478,0,0,0,0
219,cn7194,coarse_mesh_save,io,0,0,0,0,0,0,0,0,0,0,0,0,0,0,0,0,0,0,0,0
219,cn7194,submesh_initialization,setup,0.000125762000003,1,0,0,0,0,0,0,4,0,0,0,0,0,0,0,0,0,0,0
219,cn7194,metis_partition,compute,0.379783356,1,0,0,0,0,0,0,1127,0,0,0,0,0,0,0,0,0,0,0
219,cn7194,face_map_setup,compute,0.007230767,1,0,0,0,0,0,0,235,0,0,0,0,0,0,0,0,0,0,0
219,cn7194,face_local_extract,compute,0.157272186,1,0,0,0,0,0,0,624,0,0,0,0,0,0,0,0,0,0,0
219,cn7194,face_pre_collective_wait,synchronization,0.068801366,1,0,0,0,0,0,0,1,0,0,0,0,0,0,0,0,0,0,0
219,cn7194,face_collective_setup,compute,0.000107441000004,1,0,0,0,0,0,0,13,0,0,0,0,0,0,0,0,0,0,0
219,cn7194,face_allgatherv,communication,0.119059008,1,0,0,0,0,0,0,1273,0,0,0,0,0,0,1,1,1,18952,4859624
219,cn7194,face_global_merge,compute,0.079269151,1,0,0,0,0,0,0,376,0,0,0,0,0,0,0,0,0,0,0
219,cn7194,part_face_create,compute,0.019543695,1,0,0,0,0,0,0,3,0,0,0,0,0,0,0,0,0,0,0
219,cn7194,surface_refine,compute,0.005681068,1,0,0,0,0,0,0,37,0,0,0,0,0,0,0,0,0,0,0
219,cn7194,refined_surface_save,io,0,0,0,0,0,0,0,0,0,0,0,0,0,0,0,0,0,0,0,0
219,cn7194,local_volume_mesh,compute,5.780559599,1,0,0,0,0,0,0,750,0,0,0,0,0,62591,1789166,0,0,0,0
219,cn7194,volume_refine,compute,0.185123841,1,0,0,0,0,0,0,3597,0,0,0,0,0,0,0,0,0,0,0
219,cn7194,refined_volume_save,io,0,0,0,0,0,0,0,0,0,0,0,0,0,0,0,0,0,0,0,0
219,cn7194,adjacency_build,compute,0.004942799,1,0,0,0,0,0,0,0,0,0,0,0,0,0,0,0,0,0,0
219,cn7194,vertex_numbering_local,compute,0.00751299,1,0,0,0,0,0,0,1,0,0,0,0,0,0,0,0,0,0,0
219,cn7194,vertex_count_allgather,communication,2.700104588,1,0,0,0,0,0,0,58,0,0,0,0,0,0,2,1,1,4,1024
219,cn7194,element_count_allgather,communication,0.007904475,1,0,0,0,0,0,0,40,0,0,0,0,0,0,0,1,1,4,1024
219,cn7194,vertex_exchange_prepare,compute,8.97010000003e-05,1,0,0,0,0,0,0,53,0,0,0,0,0,0,0,0,0,0,0
219,cn7194,vertex_exchange,communication,0.019921099,1,0,0,0,0,0,0,412,0,0,0,0,0,0,0,8,7,64372,117084
219,cn7194,vertex_exchange_unpack,compute,0.002871915,1,0,0,0,0,0,0,1230,0,0,0,0,0,0,0,0,0,0,0
219,cn7194,partition_result_io,io,0,0,0,0,0,0,0,0,0,0,0,0,0,0,0,0,0,0,0,0
219,cn7194,volume_exchange_pack,compute,0.082331507,2,0,0,0,0,0,0,1087,0,0,0,0,0,0,0,0,0,0,0
219,cn7194,volume_size_exchange,communication,0.002282168,1,0,0,0,0,0,0,0,0,0,0,0,0,0,0,7,7,28,28
219,cn7194,volume_payload_prepare,compute,0.000233602999998,1,0,0,0,0,0,0,83,0,0,0,0,0,0,0,0,0,0,0
219,cn7194,volume_payload_exchange,communication,0.00683078199999,1,0,0,0,0,0,0,17,0,0,0,0,0,0,0,7,7,1952400,1949040
219,cn7194,volume_exchange_unpack,compute,0.060610367,1,0,0,0,0,0,0,1055,0,0,0,0,0,0,1,0,0,0,0
219,cn7194,final_mesh_save,io,0,0,0,0,0,0,0,0,0,0,0,0,0,0,0,0,0,0,0,0
219,cn7194,testout_io,io,0,0,0,0,0,0,0,0,0,0,0,0,0,0,0,0,0,0,0,0
219,cn7194,final_count_exchange,communication,0,0,0,0,0,0,0,0,0,0,0,0,0,0,0,0,0,0,0,0
219,cn7194,quality_evaluation,postprocess,0,0,0,0,0,0,0,0,0,0,0,0,0,0,0,0,0,0,0,0
220,cn7195,geometry_load,io,1.766773478,1,0,0,0,0,0,0,6501,0,1035092,0,0,0,2,5,0,0,0,0
220,cn7195,coarse_local_size,setup,0.456794594,1,0,0,0,0,0,0,7405,0,0,0,0,0,115,48,0,0,0,0
220,cn7195,coarse_edge_mesh,setup,0.012603458,1,0,0,0,0,0,0,579,0,0,0,0,0,0,0,0,0,0,0
220,cn7195,coarse_surface_mesh,setup,8.185481439,1,0,0,0,0,0,0,10820,0,0,0,0,0,0,16,0,0,0,0
220,cn7195,coarse_volume_mesh,setup,14.163881411,1,0,0,0,0,0,0,31316,0,0,0,0,0,87326,2705688,0,0,0,0
220,cn7195,coarse_mesh_save,io,0,0,0,0,0,0,0,0,0,0,0,0,0,0,0,0,0,0,0,0
220,cn7195,submesh_initialization,setup,0.000133501999997,1,0,0,0,0,0,0,7,0,0,0,0,0,0,0,0,0,0,0
220,cn7195,metis_partition,compute,0.378110781,1,0,0,0,0,0,0,543,0,0,0,0,0,0,0,0,0,0,0
220,cn7195,face_map_setup,compute,0.00718257,1,0,0,0,0,0,0,229,0,0,0,0,0,0,0,0,0,0,0
220,cn7195,face_local_extract,compute,0.161738088,1,0,0,0,0,0,0,646,0,0,0,0,0,0,0,0,0,0,0
220,cn7195,face_pre_collective_wait,synchronization,0.065999688,1,0,0,0,0,0,0,1,0,0,0,0,0,0,0,0,0,0,0
220,cn7195,face_collective_setup,compute,0.000112441000006,1,0,0,0,0,0,0,16,0,0,0,0,0,0,0,0,0,0,0
220,cn7195,face_allgatherv,communication,0.119043033,1,0,0,0,0,0,0,935,0,0,0,0,0,0,2,1,1,18952,4859624
220,cn7195,face_global_merge,compute,0.078451983,1,0,0,0,0,0,0,432,0,0,0,0,0,0,0,0,0,0,0
220,cn7195,part_face_create,compute,0.019204061,1,0,0,0,0,0,0,3,0,0,0,0,0,0,0,0,0,0,0
220,cn7195,surface_refine,compute,0.005931094,1,0,0,0,0,0,0,42,0,0,0,0,0,0,0,0,0,0,0
220,cn7195,refined_surface_save,io,0,0,0,0,0,0,0,0,0,0,0,0,0,0,0,0,0,0,0,0
220,cn7195,local_volume_mesh,compute,5.568547697,1,0,0,0,0,0,0,2109,0,0,0,0,0,54908,1710860,0,0,0,0
220,cn7195,volume_refine,compute,0.192494615,1,0,0,0,0,0,0,6103,0,0,0,0,0,0,0,0,0,0,0
220,cn7195,refined_volume_save,io,0,0,0,0,0,0,0,0,0,0,0,0,0,0,0,0,0,0,0,0
220,cn7195,adjacency_build,compute,0.00486506,1,0,0,0,0,0,0,11,0,0,0,0,0,0,0,0,0,0,0
220,cn7195,vertex_numbering_local,compute,0.007055708,1,0,0,0,0,0,0,4,0,0,0,0,0,0,0,0,0,0,0
220,cn7195,vertex_count_allgather,communication,2.906220545,1,0,0,0,0,0,0,55,0,0,0,0,0,0,9,1,1,4,1024
220,cn7195,element_count_allgather,communication,0.007888978,1,0,0,0,0,0,0,3,0,0,0,0,0,0,0,1,1,4,1024
220,cn7195,vertex_exchange_prepare,compute,2.35400000008e-05,1,0,0,0,0,0,0,0,0,0,0,0,0,0,0,0,0,0,0
220,cn7195,vertex_exchange,communication,0.019498463,1,0,0,0,0,0,0,123,0,0,0,0,0,0,0,6,8,67298,84744
220,cn7195,vertex_exchange_unpack,compute,0.001241976,1,0,0,0,0,0,0,0,0,0,0,0,0,0,0,0,0,0,0
220,cn7195,partition_result_io,io,0,0,0,0,0,0,0,0,0,0,0,0,0,0,0,0,0,0,0,0
220,cn7195,volume_exchange_pack,compute,0.069588006,2,0,0,0,0,0,0,2,0,0,0,0,0,0,0,0,0,0,0
220,cn7195,volume_size_exchange,communication,0.021495848,1,0,0,0,0,0,0,7,0,0,0,0,0,0,0,8,8,32,32
220,cn7195,volume_payload_prepare,compute,0.000123821000003,1,0,0,0,0,0,0,0,0,0,0,0,0,0,0,0,0,0,0
220,cn7195,volume_payload_exchange,communication,0.002669694,1,0,0,0,0,0,0,31,0,0,0,0,0,0,0,8,8,1618320,1605120
220,cn7195,volume_exchange_unpack,compute,0.052605935,1,0,0,0,0,0,0,0,0,0,0,0,0,0,1,0,0,0,0
220,cn7195,final_mesh_save,io,0,0,0,0,0,0,0,0,0,0,0,0,0,0,0,0,0,0,0,0
220,cn7195,testout_io,io,0,0,0,0,0,0,0,0,0,0,0,0,0,0,0,0,0,0,0,0
220,cn7195,final_count_exchange,communication,0,0,0,0,0,0,0,0,0,0,0,0,0,0,0,0,0,0,0,0
220,cn7195,quality_evaluation,postprocess,0,0,0,0,0,0,0,0,0,0,0,0,0,0,0,0,0,0,0,0
221,cn7196,geometry_load,io,1.726392997,1,0,0,0,0,0,0,6341,0,1035092,0,0,0,2,2,0,0,0,0
221,cn7196,coarse_local_size,setup,0.44963302,1,0,0,0,0,0,0,7486,0,0,0,0,0,100,22,0,0,0,0
221,cn7196,coarse_edge_mesh,setup,0.012803124,1,0,0,0,0,0,0,570,0,0,0,0,0,0,0,0,0,0,0
221,cn7196,coarse_surface_mesh,setup,8.222815025,1,0,0,0,0,0,0,12907,0,0,0,0,0,0,11,0,0,0,0
221,cn7196,coarse_volume_mesh,setup,13.426811555,1,0,0,0,0,0,0,32903,0,0,0,0,0,39112,1675688,0,0,0,0
221,cn7196,coarse_mesh_save,io,0,0,0,0,0,0,0,0,0,0,0,0,0,0,0,0,0,0,0,0
221,cn7196,submesh_initialization,setup,0.000125660999998,1,0,0,0,0,0,0,2,0,0,0,0,0,0,0,0,0,0,0
221,cn7196,metis_partition,compute,0.383303173,1,0,0,0,0,0,0,426,0,0,0,0,0,0,1,0,0,0,0
221,cn7196,face_map_setup,compute,0.007397995,1,0,0,0,0,0,0,232,0,0,0,0,0,0,0,0,0,0,0
221,cn7196,face_local_extract,compute,0.158972169,1,0,0,0,0,0,0,639,0,0,0,0,0,0,0,0,0,0,0
221,cn7196,face_pre_collective_wait,synchronization,0.06341145,1,0,0,0,0,0,0,1,0,0,0,0,0,0,0,0,0,0,0
221,cn7196,face_collective_setup,compute,0.000108880999996,1,0,0,0,0,0,0,16,0,0,0,0,0,0,0,0,0,0,0
221,cn7196,face_allgatherv,communication,0.11901976,1,0,0,0,0,0,0,1303,0,0,0,0,0,0,0,1,1,18952,4859624
221,cn7196,face_global_merge,compute,0.079461334,1,0,0,0,0,0,0,505,0,0,0,0,0,0,0,0,0,0,0
221,cn7196,part_face_create,compute,0.019361627,1,0,0,0,0,0,0,3,0,0,0,0,0,0,0,0,0,0,0
221,cn7196,surface_refine,compute,0.006216119,1,0,0,0,0,0,0,41,0,0,0,0,0,0,0,0,0,0,0
221,cn7196,refined_surface_save,io,0,0,0,0,0,0,0,0,0,0,0,0,0,0,0,0,0,0,0,0
221,cn7196,local_volume_mesh,compute,6.261087324,1,0,0,0,0,0,0,2198,0,0,0,0,0,9688,335771,0,0,0,0
221,cn7196,volume_refine,compute,0.197159176,1,0,0,0,0,0,0,6317,0,0,0,0,0,0,0,0,0,0,0
221,cn7196,refined_volume_save,io,0,0,0,0,0,0,0,0,0,0,0,0,0,0,0,0,0,0,0,0
221,cn7196,adjacency_build,compute,0.00494576299999,1,0,0,0,0,0,0,17,0,0,0,0,0,0,0,0,0,0,0
221,cn7196,vertex_numbering_local,compute,0.007887141,1,0,0,0,0,0,0,21,0,0,0,0,0,0,0,0,0,0,0
221,cn7196,vertex_count_allgather,communication,2.206411245,1,0,0,0,0,0,0,50,0,0,0,0,0,0,3,1,1,4,1024
221,cn7196,element_count_allgather,communication,0.007946541,1,0,0,0,0,0,0,4,0,0,0,0,0,0,0,1,1,4,1024
221,cn7196,vertex_exchange_prepare,compute,3.26210000026e-05,1,0,0,0,0,0,0,0,0,0,0,0,0,0,0,0,0,0,0
221,cn7196,vertex_exchange,communication,0.020971987,1,0,0,0,0,0,0,805,0,0,0,0,0,0,0,6,11,3718,177760
221,cn7196,vertex_exchange_unpack,compute,0.002549752,1,0,0,0,0,0,0,0,0,0,0,0,0,0,0,0,0,0,0
221,cn7196,partition_result_io,io,0,0,0,0,0,0,0,0,0,0,0,0,0,0,0,0,0,0,0,0
221,cn7196,volume_exchange_pack,compute,0.080357166,2,0,0,0,0,0,0,2,0,0,0,0,0,0,0,0,0,0,0
221,cn7196,volume_size_exchange,communication,0.003646246,1,0,0,0,0,0,0,1,0,0,0,0,0,0,0,9,9,36,36
221,cn7196,volume_payload_prepare,compute,0.000142562000001,1,0,0,0,0,0,0,0,0,0,0,0,0,0,0,0,0,0,0
221,cn7196,volume_payload_exchange,communication,0.005234647,1,0,0,0,0,0,0,40,0,0,0,0,0,0,0,9,9,1944240,1949400
221,cn7196,volume_exchange_unpack,compute,0.058540748,1,0,0,0,0,0,0,210,0,0,0,0,0,0,0,0,0,0,0
221,cn7196,final_mesh_save,io,0,0,0,0,0,0,0,0,0,0,0,0,0,0,0,0,0,0,0,0
221,cn7196,testout_io,io,0,0,0,0,0,0,0,0,0,0,0,0,0,0,0,0,0,0,0,0
221,cn7196,final_count_exchange,communication,0,0,0,0,0,0,0,0,0,0,0,0,0,0,0,0,0,0,0,0
221,cn7196,quality_evaluation,postprocess,0,0,0,0,0,0,0,0,0,0,0,0,0,0,0,0,0,0,0,0
222,cn7197,geometry_load,io,1.749516133,1,0,0,0,0,0,0,6483,0,1035092,0,0,0,2,2,0,0,0,0
222,cn7197,coarse_local_size,setup,0.451858514,1,0,0,0,0,0,0,7488,0,0,0,0,0,107,44,0,0,0,0
222,cn7197,coarse_edge_mesh,setup,0.012468076,1,0,0,0,0,0,0,523,0,0,0,0,0,0,0,0,0,0,0
222,cn7197,coarse_surface_mesh,setup,8.146538749,1,0,0,0,0,0,0,10885,0,0,0,0,0,0,16,0,0,0,0
222,cn7197,coarse_volume_mesh,setup,13.904815342,1,0,0,0,0,0,0,31774,0,0,0,0,0,83765,2663415,0,0,0,0
222,cn7197,coarse_mesh_save,io,0,0,0,0,0,0,0,0,0,0,0,0,0,0,0,0,0,0,0,0
222,cn7197,submesh_initialization,setup,0.000116041000005,1,0,0,0,0,0,0,1,0,0,0,0,0,0,0,0,0,0,0
222,cn7197,metis_partition,compute,0.372531665,1,0,0,0,0,0,0,455,0,0,0,0,0,0,1,0,0,0,0
222,cn7197,face_map_setup,compute,0.00747739299999,1,0,0,0,0,0,0,225,0,0,0,0,0,0,0,0,0,0,0
222,cn7197,face_local_extract,compute,0.157873928,1,0,0,0,0,0,0,713,0,0,0,0,0,0,0,0,0,0,0
222,cn7197,face_pre_collective_wait,synchronization,0.075162317,1,0,0,0,0,0,0,1,0,0,0,0,0,0,0,0,0,0,0
222,cn7197,face_collective_setup,compute,0.000108982,1,0,0,0,0,0,0,16,0,0,0,0,0,0,0,0,0,0,0
222,cn7197,face_allgatherv,communication,0.119010464,1,0,0,0,0,0,0,1316,0,0,0,0,0,0,0,1,1,18952,4859624
222,cn7197,face_global_merge,compute,0.079632473,1,0,0,0,0,0,0,506,0,0,0,0,0,0,0,0,0,0,0
222,cn7197,part_face_create,compute,0.019612464,1,0,0,0,0,0,0,3,0,0,0,0,0,0,0,0,0,0,0
222,cn7197,surface_refine,compute,0.006960806,1,0,0,0,0,0,0,42,0,0,0,0,0,0,0,0,0,0,0
222,cn7197,refined_surface_save,io,0,0,0,0,0,0,0,0,0,0,0,0,0,0,0,0,0,0,0,0
222,cn7197,local_volume_mesh,compute,6.671367637,1,0,0,0,0,0,0,2371,0,0,0,0,0,61299,1899123,0,0,0,0
222,cn7197,volume_refine,compute,0.33206432,1,0,0,0,0,0,0,6080,0,0,0,0,0,0,0,0,0,0,0
222,cn7197,refined_volume_save,io,0,0,0,0,0,0,0,0,0,0,0,0,0,0,0,0,0,0,0,0
222,cn7197,adjacency_build,compute,0.004905941,1,0,0,0,0,0,0,11,0,0,0,0,0,0,0,0,0,0,0
222,cn7197,vertex_numbering_local,compute,0.006733804,1,0,0,0,0,0,0,2,0,0,0,0,0,0,0,0,0,0,0
222,cn7197,vertex_count_allgather,communication,1.661394474,1,0,0,0,0,0,0,50,0,0,0,0,0,0,2,1,1,4,1024
222,cn7197,element_count_allgather,communication,0.007906218,1,0,0,0,0,0,0,3,0,0,0,0,0,0,0,1,1,4,1024
222,cn7197,vertex_exchange_prepare,compute,2.17199999994e-05,1,0,0,0,0,0,0,0,0,0,0,0,0,0,0,0,0,0,0
222,cn7197,vertex_exchange,communication,0.02007397,1,0,0,0,0,0,0,550,0,0,0,0,0,0,0,4,6,28996,67738
222,cn7197,vertex_exchange_unpack,compute,0.00101289200001,1,0,0,0,0,0,0,0,0,0,0,0,0,0,0,0,0,0,0
222,cn7197,partition_result_io,io,0,0,0,0,0,0,0,0,0,0,0,0,0,0,0,0,0,0,0,0
222,cn7197,volume_exchange_pack,compute,0.090374167,2,0,0,0,0,0,0,4,0,0,0,0,0,0,0,0,0,0,0
222,cn7197,volume_size_exchange,communication,4.78809999933e-05,1,0,0,0,0,0,0,1,0,0,0,0,0,0,0,5,5,20,20
222,cn7197,volume_payload_prepare,compute,7.74210000003e-05,1,0,0,0,0,0,0,0,0,0,0,0,0,0,0,0,0,0,0
222,cn7197,volume_payload_exchange,communication,0.001755622,1,0,0,0,0,0,0,39,0,0,0,0,0,0,0,5,5,1016280,1021800
222,cn7197,volume_exchange_unpack,compute,0.0593128,1,0,0,0,0,0,0,798,0,0,0,0,0,0,0,0,0,0,0
222,cn7197,final_mesh_save,io,0,0,0,0,0,0,0,0,0,0,0,0,0,0,0,0,0,0,0,0
222,cn7197,testout_io,io,0,0,0,0,0,0,0,0,0,0,0,0,0,0,0,0,0,0,0,0
222,cn7197,final_count_exchange,communication,0,0,0,0,0,0,0,0,0,0,0,0,0,0,0,0,0,0,0,0
222,cn7197,quality_evaluation,postprocess,0,0,0,0,0,0,0,0,0,0,0,0,0,0,0,0,0,0,0,0
223,cn7198,geometry_load,io,1.737026391,1,0,0,0,0,0,0,6481,0,1035092,0,0,0,2,2,0,0,0,0
223,cn7198,coarse_local_size,setup,0.451328062,1,0,0,0,0,0,0,7588,0,0,0,0,0,155,119,0,0,0,0
223,cn7198,coarse_edge_mesh,setup,0.012641555,1,0,0,0,0,0,0,579,0,0,0,0,0,0,0,0,0,0,0
223,cn7198,coarse_surface_mesh,setup,8.11407994,1,0,0,0,0,0,0,11479,0,0,0,0,0,0,8,0,0,0,0
223,cn7198,coarse_volume_mesh,setup,13.996840419,1,0,0,0,0,0,0,25221,0,0,0,0,0,85708,2581807,0,0,0,0
223,cn7198,coarse_mesh_save,io,0,0,0,0,0,0,0,0,0,0,0,0,0,0,0,0,0,0,0,0
223,cn7198,submesh_initialization,setup,0.000114121000003,1,0,0,0,0,0,0,1,0,0,0,0,0,0,0,0,0,0,0
223,cn7198,metis_partition,compute,0.367686895,1,0,0,0,0,0,0,242,0,0,0,0,0,0,0,0,0,0,0
223,cn7198,face_map_setup,compute,0.006746203,1,0,0,0,0,0,0,18,0,0,0,0,0,0,0,0,0,0,0
223,cn7198,face_local_extract,compute,0.160077306,1,0,0,0,0,0,0,645,0,0,0,0,0,0,1,0,0,0,0
223,cn7198,face_pre_collective_wait,synchronization,0.078615945,1,0,0,0,0,0,0,1,0,0,0,0,0,0,1,0,0,0,0
223,cn7198,face_collective_setup,compute,0.01704389,1,0,0,0,0,0,0,16,0,0,0,0,0,0,0,0,0,0,0
223,cn7198,face_allgatherv,communication,0.102009152,1,0,0,0,0,0,0,200,0,0,0,0,0,0,0,1,1,18952,4859624
223,cn7198,face_global_merge,compute,0.0733181,1,0,0,0,0,0,0,0,0,0,0,0,0,0,0,0,0,0,0
223,cn7198,part_face_create,compute,0.018450847,1,0,0,0,0,0,0,3,0,0,0,0,0,0,0,0,0,0,0
223,cn7198,surface_refine,compute,0.006103535,1,0,0,0,0,0,0,1,0,0,0,0,0,0,0,0,0,0,0
223,cn7198,refined_surface_save,io,0,0,0,0,0,0,0,0,0,0,0,0,0,0,0,0,0,0,0,0
223,cn7198,local_volume_mesh,compute,6.732055889,1,0,0,0,0,0,0,670,0,0,0,0,0,58631,1937381,0,0,0,0
223,cn7198,volume_refine,compute,0.239304818,1,0,0,0,0,0,0,4172,0,0,0,0,0,0,0,0,0,0,0
223,cn7198,refined_volume_save,io,0,0,0,0,0,0,0,0,0,0,0,0,0,0,0,0,0,0,0,0
223,cn7198,adjacency_build,compute,0.004509215,1,0,0,0,0,0,0,0,0,0,0,0,0,0,0,0,0,0,0
223,cn7198,vertex_numbering_local,compute,0.005572528,1,0,0,0,0,0,0,2,0,0,0,0,0,0,0,0,0,0,0
223,cn7198,vertex_count_allgather,communication,1.703745182,1,0,0,0,0,0,0,31,0,0,0,0,0,0,2,1,1,4,1024
223,cn7198,element_count_allgather,communication,0.007931817,1,0,0,0,0,0,0,1,0,0,0,0,0,0,0,1,1,4,1024
223,cn7198,vertex_exchange_prepare,compute,1.90809999978e-05,1,0,0,0,0,0,0,0,0,0,0,0,0,0,0,0,0,0,0
223,cn7198,vertex_exchange,communication,0.019454579,1,0,0,0,0,0,0,287,0,0,0,0,0,0,0,0,6,0,76758
223,cn7198,vertex_exchange_unpack,compute,0.001070733,1,0,0,0,0,0,0,0,0,0,0,0,0,0,0,0,0,0,0
223,cn7198,partition_result_io,io,0,0,0,0,0,0,0,0,0,0,0,0,0,0,0,0,0,0,0,0
223,cn7198,volume_exchange_pack,compute,0.079183872,2,0,0,0,0,0,0,1,0,0,0,0,0,0,0,0,0,0,0
223,cn7198,volume_size_exchange,communication,0.011870026,1,0,0,0,0,0,0,16,0,0,0,0,0,0,0,6,6,24,24
223,cn7198,volume_payload_prepare,compute,6.3420999993e-05,1,0,0,0,0,0,0,0,0,0,0,0,0,0,0,0,0,0,0
223,cn7198,volume_payload_exchange,communication,0.002734174,1,0,0,0,0,0,0,26,0,0,0,0,0,0,0,6,6,799320,802680
223,cn7198,volume_exchange_unpack,compute,0.051125608,1,0,0,0,0,0,0,190,0,0,0,0,0,0,0,0,0,0,0
223,cn7198,final_mesh_save,io,0,0,0,0,0,0,0,0,0,0,0,0,0,0,0,0,0,0,0,0
223,cn7198,testout_io,io,0,0,0,0,0,0,0,0,0,0,0,0,0,0,0,0,0,0,0,0
223,cn7198,final_count_exchange,communication,0,0,0,0,0,0,0,0,0,0,0,0,0,0,0,0,0,0,0,0
223,cn7198,quality_evaluation,postprocess,0,0,0,0,0,0,0,0,0,0,0,0,0,0,0,0,0,0,0,0
224,cn7199,geometry_load,io,1.754321885,1,0,0,0,0,0,0,6482,0,1035092,0,0,0,2,2,0,0,0,0
224,cn7199,coarse_local_size,setup,0.453465995,1,0,0,0,0,0,0,7524,0,0,0,0,0,123,46,0,0,0,0
224,cn7199,coarse_edge_mesh,setup,0.012626549,1,0,0,0,0,0,0,567,0,0,0,0,0,0,0,0,0,0,0
224,cn7199,coarse_surface_mesh,setup,8.16914101,1,0,0,0,0,0,0,10830,0,0,0,0,0,0,9,0,0,0,0
224,cn7199,coarse_volume_mesh,setup,14.150519168,1,0,0,0,0,0,0,31386,0,0,0,0,0,85941,2666482,0,0,0,0
224,cn7199,coarse_mesh_save,io,0,0,0,0,0,0,0,0,0,0,0,0,0,0,0,0,0,0,0,0
224,cn7199,submesh_initialization,setup,0.000125900999997,1,0,0,0,0,0,0,5,0,0,0,0,0,0,0,0,0,0,0
224,cn7199,metis_partition,compute,0.374114292,1,0,0,0,0,0,0,551,0,0,0,0,0,0,0,0,0,0,0
224,cn7199,face_map_setup,compute,0.007283757,1,0,0,0,0,0,0,224,0,0,0,0,0,0,0,0,0,0,0
224,cn7199,face_local_extract,compute,0.157978557,1,0,0,0,0,0,0,713,0,0,0,0,0,0,1,0,0,0,0
224,cn7199,face_pre_collective_wait,synchronization,0.073658927,1,0,0,0,0,0,0,1,0,0,0,0,0,0,0,0,0,0,0
224,cn7199,face_collective_setup,compute,0.000114902,1,0,0,0,0,0,0,16,0,0,0,0,0,0,0,0,0,0,0
224,cn7199,face_allgatherv,communication,0.118946293,1,0,0,0,0,0,0,1263,0,0,0,0,0,0,0,1,1,18952,4859624
224,cn7199,face_global_merge,compute,0.07909308,1,0,0,0,0,0,0,510,0,0,0,0,0,0,0,0,0,0,0
224,cn7199,part_face_create,compute,0.019666403,1,0,0,0,0,0,0,3,0,0,0,0,0,0,0,0,0,0,0
224,cn7199,surface_refine,compute,0.006352985,1,0,0,0,0,0,0,39,0,0,0,0,0,0,0,0,0,0,0
224,cn7199,refined_surface_save,io,0,0,0,0,0,0,0,0,0,0,0,0,0,0,0,0,0,0,0,0
224,cn7199,local_volume_mesh,compute,5.549393851,1,0,0,0,0,0,0,785,0,0,0,0,0,55468,1784050,0,0,0,0
224,cn7199,volume_refine,compute,0.208892759,1,0,0,0,0,0,0,3269,0,0,0,0,0,0,1,0,0,0,0
224,cn7199,refined_volume_save,io,0,0,0,0,0,0,0,0,0,0,0,0,0,0,0,0,0,0,0,0
224,cn7199,adjacency_build,compute,0.004950767,1,0,0,0,0,0,0,0,0,0,0,0,0,0,0,0,0,0,0
224,cn7199,vertex_numbering_local,compute,0.008455633,1,0,0,0,0,0,0,1,0,0,0,0,0,0,0,0,0,0,0
224,cn7199,vertex_count_allgather,communication,2.906148617,1,0,0,0,0,0,0,131,0,0,0,0,0,0,5,1,1,4,1024
224,cn7199,element_count_allgather,communication,0.007809365,1,0,0,0,0,0,0,5,0,0,0,0,0,0,0,1,1,4,1024
224,cn7199,vertex_exchange_prepare,compute,4.06609999999e-05,1,0,0,0,0,0,0,25,0,0,0,0,0,0,0,0,0,0,0
224,cn7199,vertex_exchange,communication,0.019772505,1,0,0,0,0,0,0,933,0,0,0,0,0,0,1,10,6,186032,2816
224,cn7199,vertex_exchange_unpack,compute,0.000249243999995,1,0,0,0,0,0,0,169,0,0,0,0,0,0,0,0,0,0,0
224,cn7199,partition_result_io,io,0,0,0,0,0,0,0,0,0,0,0,0,0,0,0,0,0,0,0,0
224,cn7199,volume_exchange_pack,compute,0.093101127,2,0,0,0,0,0,0,1687,0,0,0,0,0,0,1,0,0,0,0
224,cn7199,volume_size_exchange,communication,4.48810000009e-05,1,0,0,0,0,0,0,0,0,0,0,0,0,0,0,8,8,32,32
224,cn7199,volume_payload_prepare,compute,0.000580748000004,1,0,0,0,0,0,0,305,0,0,0,0,0,0,0,0,0,0,0
224,cn7199,volume_payload_exchange,communication,0.001932626,1,0,0,0,0,0,0,39,0,0,0,0,0,0,0,8,8,1978800,1987440
224,cn7199,volume_exchange_unpack,compute,0.06342237,1,0,0,0,0,0,0,1291,0,0,0,0,0,0,0,0,0,0,0
224,cn7199,final_mesh_save,io,0,0,0,0,0,0,0,0,0,0,0,0,0,0,0,0,0,0,0,0
224,cn7199,testout_io,io,0,0,0,0,0,0,0,0,0,0,0,0,0,0,0,0,0,0,0,0
224,cn7199,final_count_exchange,communication,0,0,0,0,0,0,0,0,0,0,0,0,0,0,0,0,0,0,0,0
224,cn7199,quality_evaluation,postprocess,0,0,0,0,0,0,0,0,0,0,0,0,0,0,0,0,0,0,0,0
225,cn7200,geometry_load,io,1.744143689,1,0,0,0,0,0,0,6446,0,1035092,0,0,0,2,4,0,0,0,0
225,cn7200,coarse_local_size,setup,0.446200272,1,0,0,0,0,0,0,7324,0,0,0,0,0,127,114,0,0,0,0
225,cn7200,coarse_edge_mesh,setup,0.012592342,1,0,0,0,0,0,0,577,0,0,0,0,0,0,0,0,0,0,0
225,cn7200,coarse_surface_mesh,setup,8.131978886,1,0,0,0,0,0,0,9416,0,0,0,0,0,0,17,0,0,0,0
225,cn7200,coarse_volume_mesh,setup,13.936162422,1,0,0,0,0,0,0,22780,0,0,0,0,0,86639,2576930,0,0,0,0
225,cn7200,coarse_mesh_save,io,0,0,0,0,0,0,0,0,0,0,0,0,0,0,0,0,0,0,0,0
225,cn7200,submesh_initialization,setup,0.000120260999999,1,0,0,0,0,0,0,1,0,0,0,0,0,0,0,0,0,0,0
225,cn7200,metis_partition,compute,0.367719147,1,0,0,0,0,0,0,191,0,0,0,0,0,0,1,0,0,0,0
225,cn7200,face_map_setup,compute,0.006840017,1,0,0,0,0,0,0,111,0,0,0,0,0,0,0,0,0,0,0
225,cn7200,face_local_extract,compute,0.157169453,1,0,0,0,0,0,0,537,0,0,0,0,0,0,0,0,0,0,0
225,cn7200,face_pre_collective_wait,synchronization,0.081374758,1,0,0,0,0,0,0,1,0,0,0,0,0,0,0,0,0,0,0
225,cn7200,face_collective_setup,compute,0.000114620999994,1,0,0,0,0,0,0,13,0,0,0,0,0,0,0,0,0,0,0
225,cn7200,face_allgatherv,communication,0.118918141,1,0,0,0,0,0,0,1265,0,0,0,0,0,0,1,1,1,18952,4859624
225,cn7200,face_global_merge,compute,0.076524443,1,0,0,0,0,0,0,319,0,0,0,0,0,0,0,0,0,0,0
225,cn7200,part_face_create,compute,0.01856505,1,0,0,0,0,0,0,3,0,0,0,0,0,0,0,0,0,0,0
225,cn7200,surface_refine,compute,0.005863346,1,0,0,0,0,0,0,37,0,0,0,0,0,0,0,0,0,0,0
225,cn7200,refined_surface_save,io,0,0,0,0,0,0,0,0,0,0,0,0,0,0,0,0,0,0,0,0
225,cn7200,local_volume_mesh,compute,5.553769692,1,0,0,0,0,0,0,337,0,0,0,0,0,59777,1733115,0,0,0,0
225,cn7200,volume_refine,compute,0.198842882,1,0,0,0,0,0,0,5055,0,0,0,0,0,0,0,0,0,0,0
225,cn7200,refined_volume_save,io,0,0,0,0,0,0,0,0,0,0,0,0,0,0,0,0,0,0,0,0
225,cn7200,adjacency_build,compute,0.004554591,1,0,0,0,0,0,0,0,0,0,0,0,0,0,0,0,0,0,0
225,cn7200,vertex_numbering_local,compute,0.006981319,1,0,0,0,0,0,0,2,0,0,0,0,0,0,0,0,0,0,0
225,cn7200,vertex_count_allgather,communication,2.917986287,1,0,0,0,0,0,0,30,0,0,0,0,0,0,6,1,1,4,1024
225,cn7200,element_count_allgather,communication,0.007864429,1,0,0,0,0,0,0,0,0,0,0,0,0,0,0,1,1,4,1024
225,cn7200,vertex_exchange_prepare,compute,2.25209999982e-05,1,0,0,0,0,0,0,0,0,0,0,0,0,0,0,0,0,0,0
225,cn7200,vertex_exchange,communication,0.01952308,1,0,0,0,0,0,0,546,0,0,0,0,0,0,0,6,5,51898,118492
225,cn7200,vertex_exchange_unpack,compute,0.00158597799999,1,0,0,0,0,0,0,0,0,0,0,0,0,0,0,0,0,0,0
225,cn7200,partition_result_io,io,0,0,0,0,0,0,0,0,0,0,0,0,0,0,0,0,0,0,0,0
225,cn7200,volume_exchange_pack,compute,0.082210547,2,0,0,0,0,0,0,1,0,0,0,0,0,0,0,0,0,0,0
225,cn7200,volume_size_exchange,communication,0.009966752,1,0,0,0,0,0,0,0,0,0,0,0,0,0,0,7,7,28,28
225,cn7200,volume_payload_prepare,compute,0.000132520999998,1,0,0,0,0,0,0,0,0,0,0,0,0,0,0,0,0,0,0
225,cn7200,volume_payload_exchange,communication,0.00189562200001,1,0,0,0,0,0,0,12,0,0,0,0,0,0,0,7,7,1798440,1805160
225,cn7200,volume_exchange_unpack,compute,0.057184445,1,0,0,0,0,0,0,465,0,0,0,0,0,0,0,0,0,0,0
225,cn7200,final_mesh_save,io,0,0,0,0,0,0,0,0,0,0,0,0,0,0,0,0,0,0,0,0
225,cn7200,testout_io,io,0,0,0,0,0,0,0,0,0,0,0,0,0,0,0,0,0,0,0,0
225,cn7200,final_count_exchange,communication,0,0,0,0,0,0,0,0,0,0,0,0,0,0,0,0,0,0,0,0
225,cn7200,quality_evaluation,postprocess,0,0,0,0,0,0,0,0,0,0,0,0,0,0,0,0,0,0,0,0
226,cn7201,geometry_load,io,1.752818979,1,0,0,0,0,0,0,4993,0,1035092,0,0,0,2,16,0,0,0,0
226,cn7201,coarse_local_size,setup,0.449632484,1,0,0,0,0,0,0,7633,0,0,0,0,0,106,47,0,0,0,0
226,cn7201,coarse_edge_mesh,setup,0.012443704,1,0,0,0,0,0,0,519,0,0,0,0,0,0,0,0,0,0,0
226,cn7201,coarse_surface_mesh,setup,8.028073156,1,0,0,0,0,0,0,8522,0,0,0,0,0,0,70,0,0,0,0
226,cn7201,coarse_volume_mesh,setup,14.10813615,1,0,0,0,0,0,0,29079,0,0,0,0,0,83042,2750938,0,0,0,0
226,cn7201,coarse_mesh_save,io,0,0,0,0,0,0,0,0,0,0,0,0,0,0,0,0,0,0,0,0
226,cn7201,submesh_initialization,setup,0.000122741999995,1,0,0,0,0,0,0,1,0,0,0,0,0,0,0,0,0,0,0
226,cn7201,metis_partition,compute,0.383339944,1,0,0,0,0,0,0,478,0,0,0,0,0,0,3,0,0,0,0
226,cn7201,face_map_setup,compute,0.007121985,1,0,0,0,0,0,0,231,0,0,0,0,0,0,0,0,0,0,0
226,cn7201,face_local_extract,compute,0.161595967,1,0,0,0,0,0,0,648,0,0,0,0,0,0,1,0,0,0,0
226,cn7201,face_pre_collective_wait,synchronization,0.0609611,1,0,0,0,0,0,0,1,0,0,0,0,0,0,1,0,0,0,0
226,cn7201,face_collective_setup,compute,0.000111681,1,0,0,0,0,0,0,16,0,0,0,0,0,0,0,0,0,0,0
226,cn7201,face_allgatherv,communication,0.118900317,1,0,0,0,0,0,0,749,0,0,0,0,0,0,1,1,1,18952,4859624
226,cn7201,face_global_merge,compute,0.078859505,1,0,0,0,0,0,0,407,0,0,0,0,0,0,0,0,0,0,0
226,cn7201,part_face_create,compute,0.019238904,1,0,0,0,0,0,0,3,0,0,0,0,0,0,0,0,0,0,0
226,cn7201,surface_refine,compute,0.006493596,1,0,0,0,0,0,0,39,0,0,0,0,0,0,0,0,0,0,0
226,cn7201,refined_surface_save,io,0,0,0,0,0,0,0,0,0,0,0,0,0,0,0,0,0,0,0,0
226,cn7201,local_volume_mesh,compute,7.311662751,1,0,0,0,0,0,0,2512,0,0,0,0,0,62011,2143034,0,0,0,0
226,cn7201,volume_refine,compute,0.320073529,1,0,0,0,0,0,0,4649,0,0,0,0,0,0,2,0,0,0,0
226,cn7201,refined_volume_save,io,0,0,0,0,0,0,0,0,0,0,0,0,0,0,0,0,0,0,0,0
226,cn7201,adjacency_build,compute,0.004538467,1,0,0,0,0,0,0,13,0,0,0,0,0,0,0,0,0,0,0
226,cn7201,vertex_numbering_local,compute,0.00475017,1,0,0,0,0,0,0,2,0,0,0,0,0,0,0,0,0,0,0
226,cn7201,vertex_count_allgather,communication,1.037339926,1,0,0,0,0,0,0,38,0,0,0,0,0,0,9,1,1,4,1024
226,cn7201,element_count_allgather,communication,0.007811676,1,0,0,0,0,0,0,1,0,0,0,0,0,0,0,1,1,4,1024
226,cn7201,vertex_exchange_prepare,compute,1.24800000023e-05,1,0,0,0,0,0,0,0,0,0,0,0,0,0,0,0,0,0,0
226,cn7201,vertex_exchange,communication,0.019592029,1,0,0,0,0,0,0,547,0,0,0,0,0,0,0,4,4,35266,16016
226,cn7201,vertex_exchange_unpack,compute,0.000266523999997,1,0,0,0,0,0,0,0,0,0,0,0,0,0,0,0,0,0,0
226,cn7201,partition_result_io,io,0,0,0,0,0,0,0,0,0,0,0,0,0,0,0,0,0,0,0,0
226,cn7201,volume_exchange_pack,compute,0.072793176,2,0,0,0,0,0,0,1,0,0,0,0,0,0,1,0,0,0,0
226,cn7201,volume_size_exchange,communication,0.019444408,1,0,0,0,0,0,0,4,0,0,0,0,0,0,0,4,4,16,16
226,cn7201,volume_payload_prepare,compute,4.34809999987e-05,1,0,0,0,0,0,0,0,0,0,0,0,0,0,0,0,0,0,0
226,cn7201,volume_payload_exchange,communication,0.001881027,1,0,0,0,0,0,0,8,0,0,0,0,0,0,0,4,4,525120,524520
226,cn7201,volume_exchange_unpack,compute,0.051067394,1,0,0,0,0,0,0,591,0,0,0,0,0,0,1,0,0,0,0
226,cn7201,final_mesh_save,io,0,0,0,0,0,0,0,0,0,0,0,0,0,0,0,0,0,0,0,0
226,cn7201,testout_io,io,0,0,0,0,0,0,0,0,0,0,0,0,0,0,0,0,0,0,0,0
226,cn7201,final_count_exchange,communication,0,0,0,0,0,0,0,0,0,0,0,0,0,0,0,0,0,0,0,0
226,cn7201,quality_evaluation,postprocess,0,0,0,0,0,0,0,0,0,0,0,0,0,0,0,0,0,0,0,0
227,cn7202,geometry_load,io,1.728328695,1,0,0,0,0,0,0,6372,0,1035092,0,0,0,2,1,0,0,0,0
227,cn7202,coarse_local_size,setup,0.442853898,1,0,0,0,0,0,0,7140,0,0,0,0,0,131,49,0,0,0,0
227,cn7202,coarse_edge_mesh,setup,0.012531317,1,0,0,0,0,0,0,579,0,0,0,0,0,0,0,0,0,0,0
227,cn7202,coarse_surface_mesh,setup,8.151177801,1,0,0,0,0,0,0,10856,0,0,0,0,0,0,9,0,0,0,0
227,cn7202,coarse_volume_mesh,setup,14.140829409,1,0,0,0,0,0,0,25107,0,0,0,0,0,87404,2744450,0,0,0,0
227,cn7202,coarse_mesh_save,io,0,0,0,0,0,0,0,0,0,0,0,0,0,0,0,0,0,0,0,0
227,cn7202,submesh_initialization,setup,0.000119700999996,1,0,0,0,0,0,0,1,0,0,0,0,0,0,0,0,0,0,0
227,cn7202,metis_partition,compute,0.377245997,1,0,0,0,0,0,0,367,0,0,0,0,0,0,1,0,0,0,0
227,cn7202,face_map_setup,compute,0.007402813,1,0,0,0,0,0,0,227,0,0,0,0,0,0,0,0,0,0,0
227,cn7202,face_local_extract,compute,0.160106763,1,0,0,0,0,0,0,665,0,0,0,0,0,0,0,0,0,0,0
227,cn7202,face_pre_collective_wait,synchronization,0.068328395,1,0,0,0,0,0,0,1,0,0,0,0,0,0,0,0,0,0,0
227,cn7202,face_collective_setup,compute,0.000106860999999,1,0,0,0,0,0,0,16,0,0,0,0,0,0,0,0,0,0,0
227,cn7202,face_allgatherv,communication,0.118847887,1,0,0,0,0,0,0,646,0,0,0,0,0,0,0,1,1,18952,4859624
227,cn7202,face_global_merge,compute,0.077207046,1,0,0,0,0,0,0,270,0,0,0,0,0,0,0,0,0,0,0
227,cn7202,part_face_create,compute,0.019311641,1,0,0,0,0,0,0,3,0,0,0,0,0,0,0,0,0,0,0
227,cn7202,surface_refine,compute,0.005866694,1,0,0,0,0,0,0,40,0,0,0,0,0,0,0,0,0,0,0
227,cn7202,refined_surface_save,io,0,0,0,0,0,0,0,0,0,0,0,0,0,0,0,0,0,0,0,0
227,cn7202,local_volume_mesh,compute,6.144025419,1,0,0,0,0,0,0,2574,0,0,0,0,0,65156,1702577,0,0,0,0
227,cn7202,volume_refine,compute,0.201861145,1,0,0,0,0,0,0,4424,0,0,0,0,0,0,1,0,0,0,0
227,cn7202,refined_volume_save,io,0,0,0,0,0,0,0,0,0,0,0,0,0,0,0,0,0,0,0,0
227,cn7202,adjacency_build,compute,0.004748379,1,0,0,0,0,0,0,8,0,0,0,0,0,0,0,0,0,0,0
227,cn7202,vertex_numbering_local,compute,0.006428001,1,0,0,0,0,0,0,2,0,0,0,0,0,0,0,0,0,0,0
227,cn7202,vertex_count_allgather,communication,2.323560839,1,0,0,0,0,0,0,51,0,0,0,0,0,0,2,1,1,4,1024
227,cn7202,element_count_allgather,communication,0.007894058,1,0,0,0,0,0,0,1,0,0,0,0,0,0,0,1,1,4,1024
227,cn7202,vertex_exchange_prepare,compute,2.58200000047e-05,1,0,0,0,0,0,0,0,0,0,0,0,0,0,0,0,0,0,0
227,cn7202,vertex_exchange,communication,0.020504497,1,0,0,0,0,0,0,40,0,0,0,0,0,0,0,3,7,35794,113234
227,cn7202,vertex_exchange_unpack,compute,0.00160896,1,0,0,0,0,0,0,0,0,0,0,0,0,0,0,0,0,0,0
227,cn7202,partition_result_io,io,0,0,0,0,0,0,0,0,0,0,0,0,0,0,0,0,0,0,0,0
227,cn7202,volume_exchange_pack,compute,0.069325387,2,0,0,0,0,0,0,2,0,0,0,0,0,0,0,0,0,0,0
227,cn7202,volume_size_exchange,communication,0.021872674,1,0,0,0,0,0,0,6,0,0,0,0,0,0,0,6,6,24,24
227,cn7202,volume_payload_prepare,compute,0.000114021999998,1,0,0,0,0,0,0,0,0,0,0,0,0,0,0,0,0,0,0
227,cn7202,volume_payload_exchange,communication,0.00241966999999,1,0,0,0,0,0,0,26,0,0,0,0,0,0,0,6,6,1581600,1574760
227,cn7202,volume_exchange_unpack,compute,0.054772445,1,0,0,0,0,0,0,0,0,0,0,0,0,0,0,0,0,0,0
227,cn7202,final_mesh_save,io,0,0,0,0,0,0,0,0,0,0,0,0,0,0,0,0,0,0,0,0
227,cn7202,testout_io,io,0,0,0,0,0,0,0,0,0,0,0,0,0,0,0,0,0,0,0,0
227,cn7202,final_count_exchange,communication,0,0,0,0,0,0,0,0,0,0,0,0,0,0,0,0,0,0,0,0
227,cn7202,quality_evaluation,postprocess,0,0,0,0,0,0,0,0,0,0,0,0,0,0,0,0,0,0,0,0
228,cn7203,geometry_load,io,1.76172846,1,0,0,0,0,0,0,6415,0,1035092,0,0,0,2,5,0,0,0,0
228,cn7203,coarse_local_size,setup,0.453564557,1,0,0,0,0,0,0,7585,0,0,0,0,0,144,115,0,0,0,0
228,cn7203,coarse_edge_mesh,setup,0.01267556,1,0,0,0,0,0,0,567,0,0,0,0,0,0,0,0,0,0,0
228,cn7203,coarse_surface_mesh,setup,8.176193218,1,0,0,0,0,0,0,10847,0,0,0,0,0,0,8,0,0,0,0
228,cn7203,coarse_volume_mesh,setup,14.085652906,1,0,0,0,0,0,0,33748,0,0,0,0,0,82432,2740833,0,0,0,0
228,cn7203,coarse_mesh_save,io,0,0,0,0,0,0,0,0,0,0,0,0,0,0,0,0,0,0,0,0
228,cn7203,submesh_initialization,setup,0.000122202,1,0,0,0,0,0,0,2,0,0,0,0,0,0,0,0,0,0,0
228,cn7203,metis_partition,compute,0.383393838,1,0,0,0,0,0,0,588,0,0,0,0,0,0,1,0,0,0,0
228,cn7203,face_map_setup,compute,0.007324944,1,0,0,0,0,0,0,231,0,0,0,0,0,0,0,0,0,0,0
228,cn7203,face_local_extract,compute,0.159549552,1,0,0,0,0,0,0,647,0,0,0,0,0,0,0,0,0,0,0
228,cn7203,face_pre_collective_wait,synchronization,0.062775174,1,0,0,0,0,0,0,1,0,0,0,0,0,0,0,0,0,0,0
228,cn7203,face_collective_setup,compute,0.000114060999998,1,0,0,0,0,0,0,16,0,0,0,0,0,0,0,0,0,0,0
228,cn7203,face_allgatherv,communication,0.118837231,1,0,0,0,0,0,0,682,0,0,0,0,0,0,0,1,1,18952,4859624
228,cn7203,face_global_merge,compute,0.078519018,1,0,0,0,0,0,0,354,0,0,0,0,0,0,0,0,0,0,0
228,cn7203,part_face_create,compute,0.019780502,1,0,0,0,0,0,0,3,0,0,0,0,0,0,0,0,0,0,0
228,cn7203,surface_refine,compute,0.00666465499999,1,0,0,0,0,0,0,40,0,0,0,0,0,0,0,0,0,0,0
228,cn7203,refined_surface_save,io,0,0,0,0,0,0,0,0,0,0,0,0,0,0,0,0,0,0,0,0
228,cn7203,local_volume_mesh,compute,6.560909562,1,0,0,0,0,0,0,2144,0,0,0,0,0,54378,2056838,0,0,0,0
228,cn7203,volume_refine,compute,0.255498617,1,0,0,0,0,0,0,6011,0,0,0,0,0,0,0,0,0,0,0
228,cn7203,refined_volume_save,io,0,0,0,0,0,0,0,0,0,0,0,0,0,0,0,0,0,0,0,0
228,cn7203,adjacency_build,compute,0.004958751,1,0,0,0,0,0,0,8,0,0,0,0,0,0,0,0,0,0,0
228,cn7203,vertex_numbering_local,compute,0.006749616,1,0,0,0,0,0,0,4,0,0,0,0,0,0,0,0,0,0,0
228,cn7203,vertex_count_allgather,communication,1.850012257,1,0,0,0,0,0,0,54,0,0,0,0,0,0,4,1,1,4,1024
228,cn7203,element_count_allgather,communication,0.007812831,1,0,0,0,0,0,0,1,0,0,0,0,0,0,0,1,1,4,1024
228,cn7203,vertex_exchange_prepare,compute,1.27400000025e-05,1,0,0,0,0,0,0,0,0,0,0,0,0,0,0,0,0,0,0
228,cn7203,vertex_exchange,communication,0.019565619,1,0,0,0,0,0,0,40,0,0,0,0,0,0,0,5,4,94710,16060
228,cn7203,vertex_exchange_unpack,compute,0.000280463999999,1,0,0,0,0,0,0,0,0,0,0,0,0,0,0,0,0,0,0
228,cn7203,partition_result_io,io,0,0,0,0,0,0,0,0,0,0,0,0,0,0,0,0,0,0,0,0
228,cn7203,volume_exchange_pack,compute,0.084116038,2,0,0,0,0,0,0,2,0,0,0,0,0,0,0,0,0,0,0
228,cn7203,volume_size_exchange,communication,3.86609999978e-05,1,0,0,0,0,0,0,0,0,0,0,0,0,0,0,4,4,16,16
228,cn7203,volume_payload_prepare,compute,8.21209999984e-05,1,0,0,0,0,0,0,0,0,0,0,0,0,0,0,0,0,0,0
228,cn7203,volume_payload_exchange,communication,0.010291687,1,0,0,0,0,0,0,18,0,0,0,0,0,0,0,4,4,1142760,1140720
228,cn7203,volume_exchange_unpack,compute,0.060286198,1,0,0,0,0,0,0,323,0,0,0,0,0,0,0,0,0,0,0
228,cn7203,final_mesh_save,io,0,0,0,0,0,0,0,0,0,0,0,0,0,0,0,0,0,0,0,0
228,cn7203,testout_io,io,0,0,0,0,0,0,0,0,0,0,0,0,0,0,0,0,0,0,0,0
228,cn7203,final_count_exchange,communication,0,0,0,0,0,0,0,0,0,0,0,0,0,0,0,0,0,0,0,0
228,cn7203,quality_evaluation,postprocess,0,0,0,0,0,0,0,0,0,0,0,0,0,0,0,0,0,0,0,0
229,cn7204,geometry_load,io,1.757686447,1,0,0,0,0,0,0,5132,0,1035092,0,0,0,2,7,0,0,0,0
229,cn7204,coarse_local_size,setup,0.442193315,1,0,0,0,0,0,0,6996,0,0,0,0,0,113,49,0,0,0,0
229,cn7204,coarse_edge_mesh,setup,0.012183567,1,0,0,0,0,0,0,524,0,0,0,0,0,0,0,0,0,0,0
229,cn7204,coarse_surface_mesh,setup,8.021905851,1,0,0,0,0,0,0,8498,0,0,0,0,0,0,25,0,0,0,0
229,cn7204,coarse_volume_mesh,setup,14.017365319,1,0,0,0,0,0,0,29182,0,0,0,0,0,86850,2696610,0,0,0,0
229,cn7204,coarse_mesh_save,io,0,0,0,0,0,0,0,0,0,0,0,0,0,0,0,0,0,0,0,0
229,cn7204,submesh_initialization,setup,0.000136120999997,1,0,0,0,0,0,0,6,0,0,0,0,0,0,0,0,0,0,0
229,cn7204,metis_partition,compute,0.380058143,1,0,0,0,0,0,0,483,0,0,0,0,0,0,1,0,0,0,0
229,cn7204,face_map_setup,compute,0.007152486,1,0,0,0,0,0,0,239,0,0,0,0,0,0,0,0,0,0,0
229,cn7204,face_local_extract,compute,0.159976578,1,0,0,0,0,0,0,562,0,0,0,0,0,0,1,0,0,0,0
229,cn7204,face_pre_collective_wait,synchronization,0.065884298,1,0,0,0,0,0,0,1,0,0,0,0,0,0,0,0,0,0,0
229,cn7204,face_collective_setup,compute,0.000116061,1,0,0,0,0,0,0,16,0,0,0,0,0,0,0,0,0,0,0
229,cn7204,face_allgatherv,communication,0.118810039,1,0,0,0,0,0,0,753,0,0,0,0,0,0,1,1,1,18952,4859624
229,cn7204,face_global_merge,compute,0.07843685,1,0,0,0,0,0,0,471,0,0,0,0,0,0,0,0,0,0,0
229,cn7204,part_face_create,compute,0.019209132,1,0,0,0,0,0,0,3,0,0,0,0,0,0,0,0,0,0,0
229,cn7204,surface_refine,compute,0.005869311,1,0,0,0,0,0,0,40,0,0,0,0,0,0,0,0,0,0,0
229,cn7204,refined_surface_save,io,0,0,0,0,0,0,0,0,0,0,0,0,0,0,0,0,0,0,0,0
229,cn7204,local_volume_mesh,compute,5.728355634,1,0,0,0,0,0,0,1962,0,0,0,0,0,56087,1692962,0,0,0,0
229,cn7204,volume_refine,compute,0.202237289,1,0,0,0,0,0,0,5796,0,0,0,0,0,0,1,0,0,0,0
229,cn7204,refined_volume_save,io,0,0,0,0,0,0,0,0,0,0,0,0,0,0,0,0,0,0,0,0
229,cn7204,adjacency_build,compute,0.00475171799999,1,0,0,0,0,0,0,9,0,0,0,0,0,0,0,0,0,0,0
229,cn7204,vertex_numbering_local,compute,0.006708441,1,0,0,0,0,0,0,3,0,0,0,0,0,0,0,0,0,0,0
229,cn7204,vertex_count_allgather,communication,2.737560153,1,0,0,0,0,0,0,41,0,0,0,0,0,0,11,1,1,4,1024
229,cn7204,element_count_allgather,communication,0.007889816,1,0,0,0,0,0,0,1,0,0,0,0,0,0,0,1,1,4,1024
229,cn7204,vertex_exchange_prepare,compute,1.96799999941e-05,1,0,0,0,0,0,0,0,0,0,0,0,0,0,0,0,0,0,0
229,cn7204,vertex_exchange,communication,0.020382006,1,0,0,0,0,0,0,48,0,0,0,0,0,0,0,4,6,54142,98604
229,cn7204,vertex_exchange_unpack,compute,0.001446617,1,0,0,0,0,0,0,0,0,0,0,0,0,0,0,0,0,0,0
229,cn7204,partition_result_io,io,0,0,0,0,0,0,0,0,0,0,0,0,0,0,0,0,0,0,0,0
229,cn7204,volume_exchange_pack,compute,0.069903307,2,0,0,0,0,0,0,2,0,0,0,0,0,0,0,0,0,0,0
229,cn7204,volume_size_exchange,communication,0.021609722,1,0,0,0,0,0,0,4,0,0,0,0,0,0,0,6,6,24,24
229,cn7204,volume_payload_prepare,compute,0.000118821000001,1,0,0,0,0,0,0,0,0,0,0,0,0,0,0,0,0,0,0
229,cn7204,volume_payload_exchange,communication,0.002350949,1,0,0,0,0,0,0,20,0,0,0,0,0,0,0,6,6,1612800,1614480
229,cn7204,volume_exchange_unpack,compute,0.052706778,1,0,0,0,0,0,0,0,0,0,0,0,0,0,0,0,0,0,0
229,cn7204,final_mesh_save,io,0,0,0,0,0,0,0,0,0,0,0,0,0,0,0,0,0,0,0,0
229,cn7204,testout_io,io,0,0,0,0,0,0,0,0,0,0,0,0,0,0,0,0,0,0,0,0
229,cn7204,final_count_exchange,communication,0,0,0,0,0,0,0,0,0,0,0,0,0,0,0,0,0,0,0,0
229,cn7204,quality_evaluation,postprocess,0,0,0,0,0,0,0,0,0,0,0,0,0,0,0,0,0,0,0,0
230,cn7205,geometry_load,io,1.72773068,1,0,0,0,0,0,0,6375,0,1035092,0,0,0,2,4,0,0,0,0
230,cn7205,coarse_local_size,setup,0.449602684,1,0,0,0,0,0,0,7603,0,0,0,0,0,93,43,0,0,0,0
230,cn7205,coarse_edge_mesh,setup,0.012628813,1,0,0,0,0,0,0,580,0,0,0,0,0,0,0,0,0,0,0
230,cn7205,coarse_surface_mesh,setup,8.168934392,1,0,0,0,0,0,0,10838,0,0,0,0,0,0,23,0,0,0,0
230,cn7205,coarse_volume_mesh,setup,14.006811379,1,0,0,0,0,0,0,29278,0,0,0,0,0,81088,2731999,0,0,0,0
230,cn7205,coarse_mesh_save,io,0,0,0,0,0,0,0,0,0,0,0,0,0,0,0,0,0,0,0,0
230,cn7205,submesh_initialization,setup,0.000125261000001,1,0,0,0,0,0,0,2,0,0,0,0,0,0,0,0,0,0,0
230,cn7205,metis_partition,compute,0.376550499,1,0,0,0,0,0,0,605,0,0,0,0,0,0,1,0,0,0,0
230,cn7205,face_map_setup,compute,0.007232207,1,0,0,0,0,0,0,224,0,0,0,0,0,0,0,0,0,0,0
230,cn7205,face_local_extract,compute,0.159801335,1,0,0,0,0,0,0,556,0,0,0,0,0,0,1,0,0,0,0
230,cn7205,face_pre_collective_wait,synchronization,0.069441561,1,0,0,0,0,0,0,1,0,0,0,0,0,0,0,0,0,0,0
230,cn7205,face_collective_setup,compute,0.000111620999995,1,0,0,0,0,0,0,16,0,0,0,0,0,0,0,0,0,0,0
230,cn7205,face_allgatherv,communication,0.118829898,1,0,0,0,0,0,0,1212,0,0,0,0,0,0,1,1,1,18952,4859624
230,cn7205,face_global_merge,compute,0.077166074,1,0,0,0,0,0,0,388,0,0,0,0,0,0,0,0,0,0,0
230,cn7205,part_face_create,compute,0.019260393,1,0,0,0,0,0,0,3,0,0,0,0,0,0,0,0,0,0,0
230,cn7205,surface_refine,compute,0.006497698,1,0,0,0,0,0,0,40,0,0,0,0,0,0,0,0,0,0,0
230,cn7205,refined_surface_save,io,0,0,0,0,0,0,0,0,0,0,0,0,0,0,0,0,0,0,0,0
230,cn7205,local_volume_mesh,compute,6.67641722,1,0,0,0,0,0,0,2812,0,0,0,0,0,60848,1929144,0,0,0,0
230,cn7205,volume_refine,compute,0.252657019,1,0,0,0,0,0,0,5890,0,0,0,0,0,0,0,0,0,0,0
230,cn7205,refined_volume_save,io,0,0,0,0,0,0,0,0,0,0,0,0,0,0,0,0,0,0,0,0
230,cn7205,adjacency_build,compute,0.004553455,1,0,0,0,0,0,0,11,0,0,0,0,0,0,0,0,0,0,0
230,cn7205,vertex_numbering_local,compute,0.004431974,1,0,0,0,0,0,0,3,0,0,0,0,0,0,0,0,0,0,0
230,cn7205,vertex_count_allgather,communication,1.742044093,1,0,0,0,0,0,0,55,0,0,0,0,0,0,5,1,1,4,1024
230,cn7205,element_count_allgather,communication,0.007814574,1,0,0,0,0,0,0,1,0,0,0,0,0,0,0,1,1,4,1024
230,cn7205,vertex_exchange_prepare,compute,1.24600000007e-05,1,0,0,0,0,0,0,0,0,0,0,0,0,0,0,0,0,0,0
230,cn7205,vertex_exchange,communication,0.010948293,1,0,0,0,0,0,0,38,0,0,0,0,0,0,0,4,1,45606,374
230,cn7205,vertex_exchange_unpack,compute,2.02810000047e-05,1,0,0,0,0,0,0,0,0,0,0,0,0,0,0,0,0,0,0
230,cn7205,partition_result_io,io,0,0,0,0,0,0,0,0,0,0,0,0,0,0,0,0,0,0,0,0
230,cn7205,volume_exchange_pack,compute,0.079907928,2,0,0,0,0,0,0,1,0,0,0,0,0,0,0,0,0,0,0
230,cn7205,volume_size_exchange,communication,0.011417318,1,0,0,0,0,0,0,9,0,0,0,0,0,0,0,3,3,12,12
230,cn7205,volume_payload_prepare,compute,3.94410000055e-05,1,0,0,0,0,0,0,0,0,0,0,0,0,0,0,0,0,0,0
230,cn7205,volume_payload_exchange,communication,0.011749082,1,0,0,0,0,0,0,30,0,0,0,0,0,0,0,3,3,461880,461760
230,cn7205,volume_exchange_unpack,compute,0.044030753,1,0,0,0,0,0,0,0,0,0,0,0,0,0,0,0,0,0,0
230,cn7205,final_mesh_save,io,0,0,0,0,0,0,0,0,0,0,0,0,0,0,0,0,0,0,0,0
230,cn7205,testout_io,io,0,0,0,0,0,0,0,0,0,0,0,0,0,0,0,0,0,0,0,0
230,cn7205,final_count_exchange,communication,0,0,0,0,0,0,0,0,0,0,0,0,0,0,0,0,0,0,0,0
230,cn7205,quality_evaluation,postprocess,0,0,0,0,0,0,0,0,0,0,0,0,0,0,0,0,0,0,0,0
231,cn7206,geometry_load,io,1.776969717,1,0,0,0,0,0,0,6483,0,1035092,0,0,0,2,3,0,0,0,0
231,cn7206,coarse_local_size,setup,0.458924759,1,0,0,0,0,0,0,7530,0,0,0,0,0,107,56,0,0,0,0
231,cn7206,coarse_edge_mesh,setup,0.012646323,1,0,0,0,0,0,0,568,0,0,0,0,0,0,0,0,0,0,0
231,cn7206,coarse_surface_mesh,setup,8.251360396,1,0,0,0,0,0,0,11019,0,0,0,0,0,0,12,0,0,0,0
231,cn7206,coarse_volume_mesh,setup,13.90740128,1,0,0,0,0,0,0,33338,0,0,0,0,0,81804,2728457,0,0,0,0
231,cn7206,coarse_mesh_save,io,0,0,0,0,0,0,0,0,0,0,0,0,0,0,0,0,0,0,0,0
231,cn7206,submesh_initialization,setup,0.000127141,1,0,0,0,0,0,0,4,0,0,0,0,0,0,0,0,0,0,0
231,cn7206,metis_partition,compute,0.377509529,1,0,0,0,0,0,0,663,0,0,0,0,0,0,0,0,0,0,0
231,cn7206,face_map_setup,compute,0.007185392,1,0,0,0,0,0,0,213,0,0,0,0,0,0,0,0,0,0,0
231,cn7206,face_local_extract,compute,0.161005596,1,0,0,0,0,0,0,646,0,0,0,0,0,0,1,0,0,0,0
231,cn7206,face_pre_collective_wait,synchronization,0.067371969,1,0,0,0,0,0,0,1,0,0,0,0,0,0,0,0,0,0,0
231,cn7206,face_collective_setup,compute,0.000107221,1,0,0,0,0,0,0,16,0,0,0,0,0,0,0,0,0,0,0
231,cn7206,face_allgatherv,communication,0.118748972,1,0,0,0,0,0,0,1159,0,0,0,0,0,0,1,1,1,18952,4859624
231,cn7206,face_global_merge,compute,0.078858417,1,0,0,0,0,0,0,350,0,0,0,0,0,0,0,0,0,0,0
231,cn7206,part_face_create,compute,0.019538132,1,0,0,0,0,0,0,3,0,0,0,0,0,0,0,0,0,0,0
231,cn7206,surface_refine,compute,0.005869456,1,0,0,0,0,0,0,41,0,0,0,0,0,0,0,0,0,0,0
231,cn7206,refined_surface_save,io,0,0,0,0,0,0,0,0,0,0,0,0,0,0,0,0,0,0,0,0
231,cn7206,local_volume_mesh,compute,6.762881199,1,0,0,0,0,0,0,2745,0,0,0,0,0,64317,2113927,0,0,0,0
231,cn7206,volume_refine,compute,0.203590085,1,0,0,0,0,0,0,5479,0,0,0,0,0,0,0,0,0,0,0
231,cn7206,refined_volume_save,io,0,0,0,0,0,0,0,0,0,0,0,0,0,0,0,0,0,0,0,0
231,cn7206,adjacency_build,compute,0.004836042,1,0,0,0,0,0,0,4,0,0,0,0,0,0,0,0,0,0,0
231,cn7206,vertex_numbering_local,compute,0.00631488099999,1,0,0,0,0,0,0,3,0,0,0,0,0,0,0,0,0,0,0
231,cn7206,vertex_count_allgather,communication,1.701138339,1,0,0,0,0,0,0,50,0,0,0,0,0,0,3,1,1,4,1024
231,cn7206,element_count_allgather,communication,0.007908222,1,0,0,0,0,0,0,1,0,0,0,0,0,0,0,1,1,4,1024
231,cn7206,vertex_exchange_prepare,compute,2.23000000048e-05,1,0,0,0,0,0,0,0,0,0,0,0,0,0,0,0,0,0,0
231,cn7206,vertex_exchange,communication,0.020300242,1,0,0,0,0,0,0,299,0,0,0,0,0,0,0,7,5,26378,110836
231,cn7206,vertex_exchange_unpack,compute,0.001588481,1,0,0,0,0,0,0,0,0,0,0,0,0,0,0,0,0,0,0
231,cn7206,partition_result_io,io,0,0,0,0,0,0,0,0,0,0,0,0,0,0,0,0,0,0,0,0
231,cn7206,volume_exchange_pack,compute,0.076261403,2,0,0,0,0,0,0,1,0,0,0,0,0,0,0,0,0,0,0
231,cn7206,volume_size_exchange,communication,0.015147315,1,0,0,0,0,0,0,3,0,0,0,0,0,0,0,6,6,24,24
231,cn7206,volume_payload_prepare,compute,0.000108321999996,1,0,0,0,0,0,0,0,0,0,0,0,0,0,0,0,0,0,0
231,cn7206,volume_payload_exchange,communication,0.002426691,1,0,0,0,0,0,0,28,0,0,0,0,0,0,0,6,6,1458240,1455960
231,cn7206,volume_exchange_unpack,compute,0.051009738,1,0,0,0,0,0,0,0,0,0,0,0,0,0,0,0,0,0,0
231,cn7206,final_mesh_save,io,0,0,0,0,0,0,0,0,0,0,0,0,0,0,0,0,0,0,0,0
231,cn7206,testout_io,io,0,0,0,0,0,0,0,0,0,0,0,0,0,0,0,0,0,0,0,0
231,cn7206,final_count_exchange,communication,0,0,0,0,0,0,0,0,0,0,0,0,0,0,0,0,0,0,0,0
231,cn7206,quality_evaluation,postprocess,0,0,0,0,0,0,0,0,0,0,0,0,0,0,0,0,0,0,0,0
232,cn7207,geometry_load,io,1.757337831,1,0,0,0,0,0,0,6481,0,1035092,0,0,0,2,2,0,0,0,0
232,cn7207,coarse_local_size,setup,0.44781299,1,0,0,0,0,0,0,7479,0,0,0,0,0,125,111,0,0,0,0
232,cn7207,coarse_edge_mesh,setup,0.012630205,1,0,0,0,0,0,0,579,0,0,0,0,0,0,0,0,0,0,0
232,cn7207,coarse_surface_mesh,setup,8.078734285,1,0,0,0,0,0,0,8539,0,0,0,0,0,1,10,0,0,0,0
232,cn7207,coarse_volume_mesh,setup,13.871004798,1,0,0,0,0,0,0,23456,0,0,0,0,0,89058,2586424,0,0,0,0
232,cn7207,coarse_mesh_save,io,0,0,0,0,0,0,0,0,0,0,0,0,0,0,0,0,0,0,0,0
232,cn7207,submesh_initialization,setup,0.000119022,1,0,0,0,0,0,0,1,0,0,0,0,0,0,0,0,0,0,0
232,cn7207,metis_partition,compute,0.365077882,1,0,0,0,0,0,0,60,0,0,0,0,0,0,0,0,0,0,0
232,cn7207,face_map_setup,compute,0.006579356,1,0,0,0,0,0,0,3,0,0,0,0,0,0,0,0,0,0,0
232,cn7207,face_local_extract,compute,0.152931372,1,0,0,0,0,0,0,24,0,0,0,0,0,0,1,0,0,0,0
232,cn7207,face_pre_collective_wait,synchronization,0.088486414,1,0,0,0,0,0,0,1,0,0,0,0,0,0,0,0,0,0,0
232,cn7207,face_collective_setup,compute,0.000102161000001,1,0,0,0,0,0,0,15,0,0,0,0,0,0,0,0,0,0,0
232,cn7207,face_allgatherv,communication,0.11873874,1,0,0,0,0,0,0,47,0,0,0,0,0,0,0,1,1,18952,4859624
232,cn7207,face_global_merge,compute,0.073376921,1,0,0,0,0,0,0,0,0,0,0,0,0,0,0,0,0,0,0
232,cn7207,part_face_create,compute,0.018429851,1,0,0,0,0,0,0,3,0,0,0,0,0,0,0,0,0,0,0
232,cn7207,surface_refine,compute,0.005746086,1,0,0,0,0,0,0,1,0,0,0,0,0,0,0,0,0,0,0
232,cn7207,refined_surface_save,io,0,0,0,0,0,0,0,0,0,0,0,0,0,0,0,0,0,0,0,0
232,cn7207,local_volume_mesh,compute,6.923831695,1,0,0,0,0,0,0,652,0,0,0,0,0,65642,1949566,0,0,0,0
232,cn7207,volume_refine,compute,0.217408831,1,0,0,0,0,0,0,4360,0,0,0,0,0,0,0,0,0,0,0
232,cn7207,refined_volume_save,io,0,0,0,0,0,0,0,0,0,0,0,0,0,0,0,0,0,0,0,0
232,cn7207,adjacency_build,compute,0.004471712,1,0,0,0,0,0,0,0,0,0,0,0,0,0,0,0,0,0,0
232,cn7207,vertex_numbering_local,compute,0.005418742,1,0,0,0,0,0,0,2,0,0,0,0,0,0,0,0,0,0,0
232,cn7207,vertex_count_allgather,communication,1.534817322,1,0,0,0,0,0,0,31,0,0,0,0,0,0,2,1,1,4,1024
232,cn7207,element_count_allgather,communication,0.007842629,1,0,0,0,0,0,0,0,0,0,0,0,0,0,0,1,1,4,1024
232,cn7207,vertex_exchange_prepare,compute,6.2000000014e-06,1,0,0,0,0,0,0,0,0,0,0,0,0,0,0,0,0,0,0
232,cn7207,vertex_exchange,communication,0.010591362,1,0,0,0,0,0,0,26,0,0,0,0,0,0,0,3,1,89364,66
232,cn7207,vertex_exchange_unpack,compute,7.95999999781e-06,1,0,0,0,0,0,0,0,0,0,0,0,0,0,0,0,0,0,0
232,cn7207,partition_result_io,io,0,0,0,0,0,0,0,0,0,0,0,0,0,0,0,0,0,0,0,0
232,cn7207,volume_exchange_pack,compute,0.072346689,2,0,0,0,0,0,0,1,0,0,0,0,0,0,0,0,0,0,0
232,cn7207,volume_size_exchange,communication,0.023191646,1,0,0,0,0,0,0,1,0,0,0,0,0,0,0,3,3,12,12
232,cn7207,volume_payload_prepare,compute,7.02610000047e-05,1,0,0,0,0,0,0,0,0,0,0,0,0,0,0,0,0,0,0
232,cn7207,volume_payload_exchange,communication,0.000650927999999,1,0,0,0,0,0,0,3,0,0,0,0,0,0,0,3,3,937680,939960
232,cn7207,volume_exchange_unpack,compute,0.048804439,1,0,0,0,0,0,0,120,0,0,0,0,0,0,0,0,0,0,0
232,cn7207,final_mesh_save,io,0,0,0,0,0,0,0,0,0,0,0,0,0,0,0,0,0,0,0,0
232,cn7207,testout_io,io,0,0,0,0,0,0,0,0,0,0,0,0,0,0,0,0,0,0,0,0
232,cn7207,final_count_exchange,communication,0,0,0,0,0,0,0,0,0,0,0,0,0,0,0,0,0,0,0,0
232,cn7207,quality_evaluation,postprocess,0,0,0,0,0,0,0,0,0,0,0,0,0,0,0,0,0,0,0,0
233,cn7208,geometry_load,io,1.730980626,1,0,0,0,0,0,0,6322,0,1035092,0,0,0,2,1,0,0,0,0
233,cn7208,coarse_local_size,setup,0.45564358,1,0,0,0,0,0,0,7620,0,0,0,0,0,141,56,0,0,0,0
233,cn7208,coarse_edge_mesh,setup,0.012621291,1,0,0,0,0,0,0,527,0,0,0,0,0,0,0,0,0,0,0
233,cn7208,coarse_surface_mesh,setup,8.17401291,1,0,0,0,0,0,0,10833,0,0,0,0,0,0,11,0,0,0,0
233,cn7208,coarse_volume_mesh,setup,14.056302559,1,0,0,0,0,0,0,31898,0,0,0,0,0,84948,2704265,0,0,0,0
233,cn7208,coarse_mesh_save,io,0,0,0,0,0,0,0,0,0,0,0,0,0,0,0,0,0,0,0,0
233,cn7208,submesh_initialization,setup,0.000120340999999,1,0,0,0,0,0,0,1,0,0,0,0,0,0,0,0,0,0,0
233,cn7208,metis_partition,compute,0.375415842,1,0,0,0,0,0,0,632,0,0,0,0,0,0,1,0,0,0,0
233,cn7208,face_map_setup,compute,0.00734712800001,1,0,0,0,0,0,0,234,0,0,0,0,0,0,0,0,0,0,0
233,cn7208,face_local_extract,compute,0.162410179,1,0,0,0,0,0,0,673,0,0,0,0,0,0,0,0,0,0,0
233,cn7208,face_pre_collective_wait,synchronization,0.067895191,1,0,0,0,0,0,0,1,0,0,0,0,0,0,0,0,0,0,0
233,cn7208,face_collective_setup,compute,0.000110260999996,1,0,0,0,0,0,0,16,0,0,0,0,0,0,0,0,0,0,0
233,cn7208,face_allgatherv,communication,0.118682477,1,0,0,0,0,0,0,698,0,0,0,0,0,0,0,1,1,18952,4859624
233,cn7208,face_global_merge,compute,0.079277886,1,0,0,0,0,0,0,473,0,0,0,0,0,0,0,0,0,0,0
233,cn7208,part_face_create,compute,0.019622635,1,0,0,0,0,0,0,3,0,0,0,0,0,0,0,0,0,0,0
233,cn7208,surface_refine,compute,0.007223946,1,0,0,0,0,0,0,41,0,0,0,0,0,0,0,0,0,0,0
233,cn7208,refined_surface_save,io,0,0,0,0,0,0,0,0,0,0,0,0,0,0,0,0,0,0,0,0
233,cn7208,local_volume_mesh,compute,7.76527919,1,0,0,0,0,0,0,2672,0,0,0,0,0,70710,2083888,0,0,0,0
233,cn7208,volume_refine,compute,0.322137226,1,0,0,0,0,0,0,5415,0,0,0,0,0,0,0,0,0,0,0
233,cn7208,refined_volume_save,io,0,0,0,0,0,0,0,0,0,0,0,0,0,0,0,0,0,0,0,0
233,cn7208,adjacency_build,compute,0.004883079,1,0,0,0,0,0,0,13,0,0,0,0,0,0,0,0,0,0,0
233,cn7208,vertex_numbering_local,compute,0.006378856,1,0,0,0,0,0,0,4,0,0,0,0,0,0,0,0,0,0,0
233,cn7208,vertex_count_allgather,communication,0.578237543,1,0,0,0,0,0,0,52,0,0,0,0,0,0,1,1,1,4,1024
233,cn7208,element_count_allgather,communication,0.007867674,1,0,0,0,0,0,0,1,0,0,0,0,0,0,0,1,1,4,1024
233,cn7208,vertex_exchange_prepare,compute,1.60199999968e-05,1,0,0,0,0,0,0,0,0,0,0,0,0,0,0,0,0,0,0
233,cn7208,vertex_exchange,communication,0.019630234,1,0,0,0,0,0,0,34,0,0,0,0,0,0,0,0,4,0,84172
233,cn7208,vertex_exchange_unpack,compute,0.00124939499999,1,0,0,0,0,0,0,0,0,0,0,0,0,0,0,0,0,0,0
233,cn7208,partition_result_io,io,0,0,0,0,0,0,0,0,0,0,0,0,0,0,0,0,0,0,0,0
233,cn7208,volume_exchange_pack,compute,0.08121567,2,0,0,0,0,0,0,1,0,0,0,0,0,0,0,0,0,0,0
233,cn7208,volume_size_exchange,communication,0.001798762,1,0,0,0,0,0,0,12,0,0,0,0,0,0,0,3,3,12,12
233,cn7208,volume_payload_prepare,compute,6.55010000017e-05,1,0,0,0,0,0,0,0,0,0,0,0,0,0,0,0,0,0,0
233,cn7208,volume_payload_exchange,communication,0.002626191,1,0,0,0,0,0,0,28,0,0,0,0,0,0,0,3,3,866160,867000
233,cn7208,volume_exchange_unpack,compute,0.056228312,1,0,0,0,0,0,0,911,0,0,0,0,0,0,0,0,0,0,0
233,cn7208,final_mesh_save,io,0,0,0,0,0,0,0,0,0,0,0,0,0,0,0,0,0,0,0,0
233,cn7208,testout_io,io,0,0,0,0,0,0,0,0,0,0,0,0,0,0,0,0,0,0,0,0
233,cn7208,final_count_exchange,communication,0,0,0,0,0,0,0,0,0,0,0,0,0,0,0,0,0,0,0,0
233,cn7208,quality_evaluation,postprocess,0,0,0,0,0,0,0,0,0,0,0,0,0,0,0,0,0,0,0,0
234,cn7209,geometry_load,io,1.732105911,1,0,0,0,0,0,0,6322,0,1035092,0,0,0,2,4,0,0,0,0
234,cn7209,coarse_local_size,setup,0.446712551,1,0,0,0,0,0,0,7617,0,0,0,0,0,88,41,0,0,0,0
234,cn7209,coarse_edge_mesh,setup,0.012714615,1,0,0,0,0,0,0,523,0,0,0,0,0,0,0,0,0,0,0
234,cn7209,coarse_surface_mesh,setup,8.148652447,1,0,0,0,0,0,0,10820,0,0,0,0,0,0,14,0,0,0,0
234,cn7209,coarse_volume_mesh,setup,14.093453847,1,0,0,0,0,0,0,30934,0,0,0,0,0,84317,2786504,0,0,0,0
234,cn7209,coarse_mesh_save,io,0,0,0,0,0,0,0,0,0,0,0,0,0,0,0,0,0,0,0,0
234,cn7209,submesh_initialization,setup,0.000122361000003,1,0,0,0,0,0,0,2,0,0,0,0,0,0,0,0,0,0,0
234,cn7209,metis_partition,compute,0.382788011,1,0,0,0,0,0,0,738,0,0,0,0,0,0,1,0,0,0,0
234,cn7209,face_map_setup,compute,0.007296401,1,0,0,0,0,0,0,229,0,0,0,0,0,0,0,0,0,0,0
234,cn7209,face_local_extract,compute,0.157298946,1,0,0,0,0,0,0,624,0,0,0,0,0,0,0,0,0,0,0
234,cn7209,face_pre_collective_wait,synchronization,0.065637064,1,0,0,0,0,0,0,1,0,0,0,0,0,0,0,0,0,0,0
234,cn7209,face_collective_setup,compute,0.000107941000003,1,0,0,0,0,0,0,16,0,0,0,0,0,0,0,0,0,0,0
234,cn7209,face_allgatherv,communication,0.118686195,1,0,0,0,0,0,0,1281,0,0,0,0,0,0,1,1,1,18952,4859624
234,cn7209,face_global_merge,compute,0.079245072,1,0,0,0,0,0,0,506,0,0,0,0,0,0,0,0,0,0,0
234,cn7209,part_face_create,compute,0.019588329,1,0,0,0,0,0,0,3,0,0,0,0,0,0,0,0,0,0,0
234,cn7209,surface_refine,compute,0.006225486,1,0,0,0,0,0,0,40,0,0,0,0,0,0,0,0,0,0,0
234,cn7209,refined_surface_save,io,0,0,0,0,0,0,0,0,0,0,0,0,0,0,0,0,0,0,0,0
234,cn7209,local_volume_mesh,compute,6.303720162,1,0,0,0,0,0,0,2424,0,0,0,0,0,59930,1826212,0,0,0,0
234,cn7209,volume_refine,compute,0.23021827,1,0,0,0,0,0,0,5997,0,0,0,0,0,0,1,0,0,0,0
234,cn7209,refined_volume_save,io,0,0,0,0,0,0,0,0,0,0,0,0,0,0,0,0,0,0,0,0
234,cn7209,adjacency_build,compute,0.004767906,1,0,0,0,0,0,0,7,0,0,0,0,0,0,0,0,0,0,0
234,cn7209,vertex_numbering_local,compute,0.005699819,1,0,0,0,0,0,0,3,0,0,0,0,0,0,0,0,0,0,0
234,cn7209,vertex_count_allgather,communication,2.13363844,1,0,0,0,0,0,0,52,0,0,0,0,0,0,4,1,1,4,1024
234,cn7209,element_count_allgather,communication,0.007608465,1,0,0,0,0,0,0,1,0,0,0,0,0,0,0,1,1,4,1024
234,cn7209,vertex_exchange_prepare,compute,1.24600000007e-05,1,0,0,0,0,0,0,0,0,0,0,0,0,0,0,0,0,0,0
234,cn7209,vertex_exchange,communication,0.011414357,1,0,0,0,0,0,0,35,0,0,0,0,0,0,0,2,1,49918,53108
234,cn7209,vertex_exchange_unpack,compute,0.000780089999999,1,0,0,0,0,0,0,0,0,0,0,0,0,0,0,0,0,0,0
234,cn7209,partition_result_io,io,0,0,0,0,0,0,0,0,0,0,0,0,0,0,0,0,0,0,0,0
234,cn7209,volume_exchange_pack,compute,0.072915205,2,0,0,0,0,0,0,1,0,0,0,0,0,0,0,0,0,0,0
234,cn7209,volume_size_exchange,communication,0.021010029,1,0,0,0,0,0,0,0,0,0,0,0,0,0,0,2,2,8,8
234,cn7209,volume_payload_prepare,compute,7.78409999995e-05,1,0,0,0,0,0,0,0,0,0,0,0,0,0,0,0,0,0,0
234,cn7209,volume_payload_exchange,communication,0.001005134,1,0,0,0,0,0,0,3,0,0,0,0,0,0,0,2,2,1092000,1092000
234,cn7209,volume_exchange_unpack,compute,0.050563357,1,0,0,0,0,0,0,25,0,0,0,0,0,0,0,0,0,0,0
234,cn7209,final_mesh_save,io,0,0,0,0,0,0,0,0,0,0,0,0,0,0,0,0,0,0,0,0
234,cn7209,testout_io,io,0,0,0,0,0,0,0,0,0,0,0,0,0,0,0,0,0,0,0,0
234,cn7209,final_count_exchange,communication,0,0,0,0,0,0,0,0,0,0,0,0,0,0,0,0,0,0,0,0
234,cn7209,quality_evaluation,postprocess,0,0,0,0,0,0,0,0,0,0,0,0,0,0,0,0,0,0,0,0
235,cn7210,geometry_load,io,1.739091535,1,0,0,0,0,0,0,6318,0,1035092,0,0,0,2,3,0,0,0,0
235,cn7210,coarse_local_size,setup,0.441275065,1,0,0,0,0,0,0,7184,0,0,0,0,0,106,44,0,0,0,0
235,cn7210,coarse_edge_mesh,setup,0.012673548,1,0,0,0,0,0,0,568,0,0,0,0,0,0,0,0,0,0,0
235,cn7210,coarse_surface_mesh,setup,8.111381546,1,0,0,0,0,0,0,7612,0,0,0,0,0,0,13,0,0,0,0
235,cn7210,coarse_volume_mesh,setup,13.784076358,1,0,0,0,0,0,0,21499,0,0,0,0,0,83700,2573470,0,0,0,0
235,cn7210,coarse_mesh_save,io,0,0,0,0,0,0,0,0,0,0,0,0,0,0,0,0,0,0,0,0
235,cn7210,submesh_initialization,setup,0.000120741000003,1,0,0,0,0,0,0,1,0,0,0,0,0,0,0,0,0,0,0
235,cn7210,metis_partition,compute,0.371924583,1,0,0,0,0,0,0,61,0,0,0,0,0,0,1,0,0,0,0
235,cn7210,face_map_setup,compute,0.006696628,1,0,0,0,0,0,0,3,0,0,0,0,0,0,0,0,0,0,0
235,cn7210,face_local_extract,compute,0.150901487,1,0,0,0,0,0,0,24,0,0,0,0,0,0,0,0,0,0,0
235,cn7210,face_pre_collective_wait,synchronization,0.083559406,1,0,0,0,0,0,0,1,0,0,0,0,0,0,0,0,0,0,0
235,cn7210,face_collective_setup,compute,0.000107401000001,1,0,0,0,0,0,0,16,0,0,0,0,0,0,0,0,0,0,0
235,cn7210,face_allgatherv,communication,0.11865572,1,0,0,0,0,0,0,138,0,0,0,0,0,0,1,1,1,18952,4859624
235,cn7210,face_global_merge,compute,0.073454083,1,0,0,0,0,0,0,0,0,0,0,0,0,0,0,0,0,0,0
235,cn7210,part_face_create,compute,0.018344726,1,0,0,0,0,0,0,3,0,0,0,0,0,0,0,0,0,0,0
235,cn7210,surface_refine,compute,0.00654700600001,1,0,0,0,0,0,0,1,0,0,0,0,0,0,0,0,0,0,0
235,cn7210,refined_surface_save,io,0,0,0,0,0,0,0,0,0,0,0,0,0,0,0,0,0,0,0,0
235,cn7210,local_volume_mesh,compute,6.768668421,1,0,0,0,0,0,0,619,0,0,0,0,0,57607,1962716,0,0,0,0
235,cn7210,volume_refine,compute,0.252259633,1,0,0,0,0,0,0,5123,0,0,0,0,0,0,0,0,0,0,0
235,cn7210,refined_volume_save,io,0,0,0,0,0,0,0,0,0,0,0,0,0,0,0,0,0,0,0,0
235,cn7210,adjacency_build,compute,0.004448605,1,0,0,0,0,0,0,0,0,0,0,0,0,0,0,0,0,0,0
235,cn7210,vertex_numbering_local,compute,0.006578227,1,0,0,0,0,0,0,2,0,0,0,0,0,0,0,0,0,0,0
235,cn7210,vertex_count_allgather,communication,1.653211486,1,0,0,0,0,0,0,44,0,0,0,0,0,0,3,1,1,4,1024
235,cn7210,element_count_allgather,communication,0.007865579,1,0,0,0,0,0,0,1,0,0,0,0,0,0,0,1,1,4,1024
235,cn7210,vertex_exchange_prepare,compute,1.88799999989e-05,1,0,0,0,0,0,0,0,0,0,0,0,0,0,0,0,0,0,0
235,cn7210,vertex_exchange,communication,0.011390815,1,0,0,0,0,0,0,552,0,0,0,0,0,0,0,2,5,32934,74492
235,cn7210,vertex_exchange_unpack,compute,0.00103845100001,1,0,0,0,0,0,0,0,0,0,0,0,0,0,0,0,0,0,0
235,cn7210,partition_result_io,io,0,0,0,0,0,0,0,0,0,0,0,0,0,0,0,0,0,0,0,0
235,cn7210,volume_exchange_pack,compute,0.093518986,2,0,0,0,0,0,0,1,0,0,0,0,0,0,0,0,0,0,0
235,cn7210,volume_size_exchange,communication,3.87800000041e-05,1,0,0,0,0,0,0,0,0,0,0,0,0,0,0,6,6,24,24
235,cn7210,volume_payload_prepare,compute,8.35009999989e-05,1,0,0,0,0,0,0,0,0,0,0,0,0,0,0,0,0,0,0
235,cn7210,volume_payload_exchange,communication,0.008275984,1,0,0,0,0,0,0,11,0,0,0,0,0,0,0,6,6,1119840,1113960
235,cn7210,volume_exchange_unpack,compute,0.108618999,1,0,0,0,0,0,0,1375,0,0,0,0,0,0,0,0,0,0,0
235,cn7210,final_mesh_save,io,0,0,0,0,0,0,0,0,0,0,0,0,0,0,0,0,0,0,0,0
235,cn7210,testout_io,io,0,0,0,0,0,0,0,0,0,0,0,0,0,0,0,0,0,0,0,0
235,cn7210,final_count_exchange,communication,0,0,0,0,0,0,0,0,0,0,0,0,0,0,0,0,0,0,0,0
235,cn7210,quality_evaluation,postprocess,0,0,0,0,0,0,0,0,0,0,0,0,0,0,0,0,0,0,0,0
236,cn7211,geometry_load,io,1.770129449,1,0,0,0,0,0,0,6483,0,1035092,0,0,0,2,2,0,0,0,0
236,cn7211,coarse_local_size,setup,0.451464943,1,0,0,0,0,0,0,7523,0,0,0,0,0,88,41,0,0,0,0
236,cn7211,coarse_edge_mesh,setup,0.012836541,1,0,0,0,0,0,0,578,0,0,0,0,0,0,0,0,0,0,0
236,cn7211,coarse_surface_mesh,setup,8.170411677,1,0,0,0,0,0,0,10886,0,0,0,0,0,0,9,0,0,0,0
236,cn7211,coarse_volume_mesh,setup,14.196168107,1,0,0,0,0,0,0,29015,0,0,0,0,0,87317,2704128,0,0,0,0
236,cn7211,coarse_mesh_save,io,0,0,0,0,0,0,0,0,0,0,0,0,0,0,0,0,0,0,0,0
236,cn7211,submesh_initialization,setup,0.000125462,1,0,0,0,0,0,0,2,0,0,0,0,0,0,0,0,0,0,0
236,cn7211,metis_partition,compute,0.376753211,1,0,0,0,0,0,0,579,0,0,0,0,0,0,0,0,0,0,0
236,cn7211,face_map_setup,compute,0.007259943,1,0,0,0,0,0,0,214,0,0,0,0,0,0,0,0,0,0,0
236,cn7211,face_local_extract,compute,0.158454193,1,0,0,0,0,0,0,571,0,0,0,0,0,0,0,0,0,0,0
236,cn7211,face_pre_collective_wait,synchronization,0.070552075,1,0,0,0,0,0,0,1,0,0,0,0,0,0,0,0,0,0,0
236,cn7211,face_collective_setup,compute,0.000113041000006,1,0,0,0,0,0,0,16,0,0,0,0,0,0,0,0,0,0,0
236,cn7211,face_allgatherv,communication,0.118649173,1,0,0,0,0,0,0,752,0,0,0,0,0,0,0,1,1,18952,4859624
236,cn7211,face_global_merge,compute,0.077575333,1,0,0,0,0,0,0,294,0,0,0,0,0,0,0,0,0,0,0
236,cn7211,part_face_create,compute,0.019538476,1,0,0,0,0,0,0,3,0,0,0,0,0,0,0,0,0,0,0
236,cn7211,surface_refine,compute,0.006347989,1,0,0,0,0,0,0,41,0,0,0,0,0,0,0,0,0,0,0
236,cn7211,refined_surface_save,io,0,0,0,0,0,0,0,0,0,0,0,0,0,0,0,0,0,0,0,0
236,cn7211,local_volume_mesh,compute,6.74595742,1,0,0,0,0,0,0,2017,0,0,0,0,0,54535,2119696,0,0,0,0
236,cn7211,volume_refine,compute,0.253008886,1,0,0,0,0,0,0,4867,0,0,0,0,0,0,0,0,0,0,0
236,cn7211,refined_volume_save,io,0,0,0,0,0,0,0,0,0,0,0,0,0,0,0,0,0,0,0,0
236,cn7211,adjacency_build,compute,0.004660625,1,0,0,0,0,0,0,4,0,0,0,0,0,0,0,0,0,0,0
236,cn7211,vertex_numbering_local,compute,0.004224759,1,0,0,0,0,0,0,5,0,0,0,0,0,0,0,0,0,0,0
236,cn7211,vertex_count_allgather,communication,1.671943105,1,0,0,0,0,0,0,51,0,0,0,0,0,0,2,1,1,4,1024
236,cn7211,element_count_allgather,communication,0.00785213,1,0,0,0,0,0,0,1,0,0,0,0,0,0,0,1,1,4,1024
236,cn7211,vertex_exchange_prepare,compute,1.40200000018e-05,1,0,0,0,0,0,0,0,0,0,0,0,0,0,0,0,0,0,0
236,cn7211,vertex_exchange,communication,0.01989822,1,0,0,0,0,0,0,804,0,0,0,0,0,0,0,3,3,24310,21318
236,cn7211,vertex_exchange_unpack,compute,0.000349445000005,1,0,0,0,0,0,0,0,0,0,0,0,0,0,0,0,0,0,0
236,cn7211,partition_result_io,io,0,0,0,0,0,0,0,0,0,0,0,0,0,0,0,0,0,0,0,0
236,cn7211,volume_exchange_pack,compute,0.068428505,2,0,0,0,0,0,0,1,0,0,0,0,0,0,0,0,0,0,0
236,cn7211,volume_size_exchange,communication,0.009322612,1,0,0,0,0,0,0,7,0,0,0,0,0,0,0,4,4,16,16
236,cn7211,volume_payload_prepare,compute,3.83409999998e-05,1,0,0,0,0,0,0,0,0,0,0,0,0,0,0,0,0,0,0
236,cn7211,volume_payload_exchange,communication,0.016045106,1,0,0,0,0,0,0,32,0,0,0,0,0,0,0,4,4,461760,463800
236,cn7211,volume_exchange_unpack,compute,0.046415874,1,0,0,0,0,0,0,37,0,0,0,0,0,0,0,0,0,0,0
236,cn7211,final_mesh_save,io,0,0,0,0,0,0,0,0,0,0,0,0,0,0,0,0,0,0,0,0
236,cn7211,testout_io,io,0,0,0,0,0,0,0,0,0,0,0,0,0,0,0,0,0,0,0,0
236,cn7211,final_count_exchange,communication,0,0,0,0,0,0,0,0,0,0,0,0,0,0,0,0,0,0,0,0
236,cn7211,quality_evaluation,postprocess,0,0,0,0,0,0,0,0,0,0,0,0,0,0,0,0,0,0,0,0
237,cn7212,geometry_load,io,1.73207951,1,0,0,0,0,0,0,6364,0,1035092,0,0,0,2,17,0,0,0,0
237,cn7212,coarse_local_size,setup,0.44730516,1,0,0,0,0,0,0,7631,0,0,0,0,0,87,45,0,0,0,0
237,cn7212,coarse_edge_mesh,setup,0.012537682,1,0,0,0,0,0,0,579,0,0,0,0,0,0,0,0,0,0,0
237,cn7212,coarse_surface_mesh,setup,8.160865733,1,0,0,0,0,0,0,11503,0,0,0,0,0,1,75,0,0,0,0
237,cn7212,coarse_volume_mesh,setup,14.034709978,1,0,0,0,0,0,0,26773,0,0,0,0,0,83096,2850103,0,0,0,0
237,cn7212,coarse_mesh_save,io,0,0,0,0,0,0,0,0,0,0,0,0,0,0,0,0,0,0,0,0
237,cn7212,submesh_initialization,setup,0.000120460999995,1,0,0,0,0,0,0,3,0,0,0,0,0,0,0,0,0,0,0
237,cn7212,metis_partition,compute,0.373286667,1,0,0,0,0,0,0,932,0,0,0,0,0,0,3,0,0,0,0
237,cn7212,face_map_setup,compute,0.007128224,1,0,0,0,0,0,0,228,0,0,0,0,0,0,0,0,0,0,0
237,cn7212,face_local_extract,compute,0.159916217,1,0,0,0,0,0,0,641,0,0,0,0,0,0,2,0,0,0,0
237,cn7212,face_pre_collective_wait,synchronization,0.072789335,1,0,0,0,0,0,0,1,0,0,0,0,0,0,1,0,0,0,0
237,cn7212,face_collective_setup,compute,0.000103801000002,1,0,0,0,0,0,0,13,0,0,0,0,0,0,0,0,0,0,0
237,cn7212,face_allgatherv,communication,0.118502477,1,0,0,0,0,0,0,1295,0,0,0,0,0,0,1,1,1,18952,4859624
237,cn7212,face_global_merge,compute,0.079323929,1,0,0,0,0,0,0,476,0,0,0,0,0,0,0,0,0,0,0
237,cn7212,part_face_create,compute,0.01932986,1,0,0,0,0,0,0,3,0,0,0,0,0,0,0,0,0,0,0
237,cn7212,surface_refine,compute,0.005940886,1,0,0,0,0,0,0,39,0,0,0,0,0,0,1,0,0,0,0
237,cn7212,refined_surface_save,io,0,0,0,0,0,0,0,0,0,0,0,0,0,0,0,0,0,0,0,0
237,cn7212,local_volume_mesh,compute,6.096274206,1,0,0,0,0,0,0,2103,0,0,0,0,0,59652,1809449,0,0,0,0
237,cn7212,volume_refine,compute,0.22164375,1,0,0,0,0,0,0,5947,0,0,0,0,0,0,2,0,0,0,0
237,cn7212,refined_volume_save,io,0,0,0,0,0,0,0,0,0,0,0,0,0,0,0,0,0,0,0,0
237,cn7212,adjacency_build,compute,0.00480733,1,0,0,0,0,0,0,8,0,0,0,0,0,0,0,0,0,0,0
237,cn7212,vertex_numbering_local,compute,0.0069617,1,0,0,0,0,0,0,2,0,0,0,0,0,0,0,0,0,0,0
237,cn7212,vertex_count_allgather,communication,2.349060207,1,0,0,0,0,0,0,31,0,0,0,0,0,0,22,1,1,4,1024
237,cn7212,element_count_allgather,communication,0.007871234,1,0,0,0,0,0,0,0,0,0,0,0,0,0,0,1,1,4,1024
237,cn7212,vertex_exchange_prepare,compute,2.33399999985e-05,1,0,0,0,0,0,0,0,0,0,0,0,0,0,0,0,0,0,0
237,cn7212,vertex_exchange,communication,0.01238594,1,0,0,0,0,0,0,544,0,0,0,0,0,0,0,5,6,75328,74118
237,cn7212,vertex_exchange_unpack,compute,0.001096496,1,0,0,0,0,0,0,0,0,0,0,0,0,0,0,0,0,0,0
237,cn7212,partition_result_io,io,0,0,0,0,0,0,0,0,0,0,0,0,0,0,0,0,0,0,0,0
237,cn7212,volume_exchange_pack,compute,0.082949501,2,0,0,0,0,0,0,1,0,0,0,0,0,0,1,0,0,0,0
237,cn7212,volume_size_exchange,communication,0.016773123,1,0,0,0,0,0,0,3,0,0,0,0,0,0,0,8,8,32,32
237,cn7212,volume_payload_prepare,compute,0.000120941999995,1,0,0,0,0,0,0,0,0,0,0,0,0,0,0,0,0,0,0
237,cn7212,volume_payload_exchange,communication,0.002334814,1,0,0,0,0,0,0,13,0,0,0,0,0,0,0,8,8,1575600,1584600
237,cn7212,volume_exchange_unpack,compute,0.05934022,1,0,0,0,0,0,0,88,0,0,0,0,0,0,1,0,0,0,0
237,cn7212,final_mesh_save,io,0,0,0,0,0,0,0,0,0,0,0,0,0,0,0,0,0,0,0,0
237,cn7212,testout_io,io,0,0,0,0,0,0,0,0,0,0,0,0,0,0,0,0,0,0,0,0
237,cn7212,final_count_exchange,communication,0,0,0,0,0,0,0,0,0,0,0,0,0,0,0,0,0,0,0,0
237,cn7212,quality_evaluation,postprocess,0,0,0,0,0,0,0,0,0,0,0,0,0,0,0,0,0,0,0,0
238,cn7213,geometry_load,io,1.728146376,1,0,0,0,0,0,0,6332,0,1035092,0,0,0,2,15,0,0,0,0
238,cn7213,coarse_local_size,setup,0.459567016,1,0,0,0,0,0,0,7654,0,0,0,0,0,150,72,0,0,0,0
238,cn7213,coarse_edge_mesh,setup,0.012607764,1,0,0,0,0,0,0,568,0,0,0,0,0,0,1,0,0,0,0
238,cn7213,coarse_surface_mesh,setup,8.171567761,1,0,0,0,0,0,0,10994,0,0,0,0,0,0,76,0,0,0,0
238,cn7213,coarse_volume_mesh,setup,14.131285298,1,0,0,0,0,0,0,33797,0,0,0,0,0,87087,2771834,0,0,0,0
238,cn7213,coarse_mesh_save,io,0,0,0,0,0,0,0,0,0,0,0,0,0,0,0,0,0,0,0,0
238,cn7213,submesh_initialization,setup,0.000124902000003,1,0,0,0,0,0,0,1,0,0,0,0,0,0,0,0,0,0,0
238,cn7213,metis_partition,compute,0.372140159,1,0,0,0,0,0,0,404,0,0,0,0,0,0,3,0,0,0,0
238,cn7213,face_map_setup,compute,0.007278666,1,0,0,0,0,0,0,240,0,0,0,0,0,0,0,0,0,0,0
238,cn7213,face_local_extract,compute,0.159527231,1,0,0,0,0,0,0,713,0,0,0,0,0,0,1,0,0,0,0
238,cn7213,face_pre_collective_wait,synchronization,0.074103063,1,0,0,0,0,0,0,1,0,0,0,0,0,0,1,0,0,0,0
238,cn7213,face_collective_setup,compute,0.000108320999999,1,0,0,0,0,0,0,16,0,0,0,0,0,0,0,0,0,0,0
238,cn7213,face_allgatherv,communication,0.118574092,1,0,0,0,0,0,0,1161,0,0,0,0,0,0,2,1,1,18952,4859624
238,cn7213,face_global_merge,compute,0.07869373,1,0,0,0,0,0,0,251,0,0,0,0,0,0,0,0,0,0,0
238,cn7213,part_face_create,compute,0.019633927,1,0,0,0,0,0,0,3,0,0,0,0,0,0,0,0,0,0,0
238,cn7213,surface_refine,compute,0.006914061,1,0,0,0,0,0,0,39,0,0,0,0,0,0,0,0,0,0,0
238,cn7213,refined_surface_save,io,0,0,0,0,0,0,0,0,0,0,0,0,0,0,0,0,0,0,0,0
238,cn7213,local_volume_mesh,compute,6.762099823,1,0,0,0,0,0,0,3194,0,0,0,0,0,58201,2045844,0,0,0,0
238,cn7213,volume_refine,compute,0.242998591,1,0,0,0,0,0,0,5577,0,0,0,0,0,0,1,0,0,0,0
238,cn7213,refined_volume_save,io,0,0,0,0,0,0,0,0,0,0,0,0,0,0,0,0,0,0,0,0
238,cn7213,adjacency_build,compute,0.004966292,1,0,0,0,0,0,0,11,0,0,0,0,0,0,0,0,0,0,0
238,cn7213,vertex_numbering_local,compute,0.007789093,1,0,0,0,0,0,0,5,0,0,0,0,0,0,0,0,0,0,0
238,cn7213,vertex_count_allgather,communication,1.6600354,1,0,0,0,0,0,0,46,0,0,0,0,0,0,16,1,1,4,1024
238,cn7213,element_count_allgather,communication,0.007887375,1,0,0,0,0,0,0,2,0,0,0,0,0,0,0,1,1,4,1024
238,cn7213,vertex_exchange_prepare,compute,1.79409999959e-05,1,0,0,0,0,0,0,0,0,0,0,0,0,0,0,0,0,0,0
238,cn7213,vertex_exchange,communication,0.011303905,1,0,0,0,0,0,0,254,0,0,0,0,0,0,0,5,5,91652,53570
238,cn7213,vertex_exchange_unpack,compute,0.000817052000002,1,0,0,0,0,0,0,0,0,0,0,0,0,0,0,0,0,0,0
238,cn7213,partition_result_io,io,0,0,0,0,0,0,0,0,0,0,0,0,0,0,0,0,0,0,0,0
238,cn7213,volume_exchange_pack,compute,0.083571241,2,0,0,0,0,0,0,1,0,0,0,0,0,0,1,0,0,0,0
238,cn7213,volume_size_exchange,communication,0.017549356,1,0,0,0,0,0,0,4,0,0,0,0,0,0,0,6,6,24,24
238,cn7213,volume_payload_prepare,compute,0.000111760999999,1,0,0,0,0,0,0,0,0,0,0,0,0,0,0,0,0,0,0
238,cn7213,volume_payload_exchange,communication,0.001984609,1,0,0,0,0,0,0,30,0,0,0,0,0,0,0,6,6,1518240,1516680
238,cn7213,volume_exchange_unpack,compute,0.061300316,1,0,0,0,0,0,0,392,0,0,0,0,0,0,1,0,0,0,0
238,cn7213,final_mesh_save,io,0,0,0,0,0,0,0,0,0,0,0,0,0,0,0,0,0,0,0,0
238,cn7213,testout_io,io,0,0,0,0,0,0,0,0,0,0,0,0,0,0,0,0,0,0,0,0
238,cn7213,final_count_exchange,communication,0,0,0,0,0,0,0,0,0,0,0,0,0,0,0,0,0,0,0,0
238,cn7213,quality_evaluation,postprocess,0,0,0,0,0,0,0,0,0,0,0,0,0,0,0,0,0,0,0,0
239,cn7214,geometry_load,io,1.738565386,1,0,0,0,0,0,0,6320,0,1035092,0,0,0,2,5,0,0,0,0
239,cn7214,coarse_local_size,setup,0.443814139,1,0,0,0,0,0,0,7186,0,0,0,0,0,89,41,0,0,0,0
239,cn7214,coarse_edge_mesh,setup,0.012741837,1,0,0,0,0,0,0,568,0,0,0,0,0,0,0,0,0,0,0
239,cn7214,coarse_surface_mesh,setup,8.200196056,1,0,0,0,0,0,0,11061,0,0,0,0,0,0,17,0,0,0,0
239,cn7214,coarse_volume_mesh,setup,14.266272438,1,0,0,0,0,0,0,34041,0,0,0,0,0,85750,2803346,0,0,0,0
239,cn7214,coarse_mesh_save,io,0,0,0,0,0,0,0,0,0,0,0,0,0,0,0,0,0,0,0,0
239,cn7214,submesh_initialization,setup,0.000147800999997,1,0,0,0,0,0,0,28,0,0,0,0,0,0,0,0,0,0,0
239,cn7214,metis_partition,compute,0.376101609,1,0,0,0,0,0,0,1732,0,0,0,0,0,0,0,0,0,0,0
239,cn7214,face_map_setup,compute,0.007924977,1,0,0,0,0,0,0,770,0,0,0,0,0,0,0,0,0,0,0
239,cn7214,face_local_extract,compute,0.156171314,1,0,0,0,0,0,0,935,0,0,0,0,0,0,1,0,0,0,0
239,cn7214,face_pre_collective_wait,synchronization,0.072862773,1,0,0,0,0,0,0,1,0,0,0,0,0,0,0,0,0,0,0
239,cn7214,face_collective_setup,compute,0.000124440999997,1,0,0,0,0,0,0,16,0,0,0,0,0,0,0,0,0,0,0
239,cn7214,face_allgatherv,communication,0.117743563,1,0,0,0,0,0,0,1239,0,0,0,0,0,0,1,1,1,18952,4859624
239,cn7214,face_global_merge,compute,0.079217291,1,0,0,0,0,0,0,478,0,0,0,0,0,0,0,0,0,0,0
239,cn7214,part_face_create,compute,0.019703962,1,0,0,0,0,0,0,6,0,0,0,0,0,0,0,0,0,0,0
239,cn7214,surface_refine,compute,0.00687114399999,1,0,0,0,0,0,0,41,0,0,0,0,0,0,0,0,0,0,0
239,cn7214,refined_surface_save,io,0,0,0,0,0,0,0,0,0,0,0,0,0,0,0,0,0,0,0,0
239,cn7214,local_volume_mesh,compute,6.891374136,1,0,0,0,0,0,0,2285,0,0,0,0,0,60940,1782263,0,0,0,0
239,cn7214,volume_refine,compute,0.273481832,1,0,0,0,0,0,0,5645,0,0,0,0,0,0,0,0,0,0,0
239,cn7214,refined_volume_save,io,0,0,0,0,0,0,0,0,0,0,0,0,0,0,0,0,0,0,0,0
239,cn7214,adjacency_build,compute,0.004810019,1,0,0,0,0,0,0,6,0,0,0,0,0,0,0,0,0,0,0
239,cn7214,vertex_numbering_local,compute,0.005141383,1,0,0,0,0,0,0,5,0,0,0,0,0,0,0,0,0,0,0
239,cn7214,vertex_count_allgather,communication,1.503460466,1,0,0,0,0,0,0,53,0,0,0,0,0,0,3,1,1,4,1024
239,cn7214,element_count_allgather,communication,0.007813576,1,0,0,0,0,0,0,1,0,0,0,0,0,0,0,1,1,4,1024
239,cn7214,vertex_exchange_prepare,compute,1.84000000019e-05,1,0,0,0,0,0,0,0,0,0,0,0,0,0,0,0,0,0,0
239,cn7214,vertex_exchange,communication,0.019920464,1,0,0,0,0,0,0,241,0,0,0,0,0,0,0,2,3,44,62480
239,cn7214,vertex_exchange_unpack,compute,0.000926251000003,1,0,0,0,0,0,0,0,0,0,0,0,0,0,0,0,0,0,0
239,cn7214,partition_result_io,io,0,0,0,0,0,0,0,0,0,0,0,0,0,0,0,0,0,0,0,0
239,cn7214,volume_exchange_pack,compute,0.073644762,2,0,0,0,0,0,0,1,0,0,0,0,0,0,0,0,0,0,0
239,cn7214,volume_size_exchange,communication,0.001811842,1,0,0,0,0,0,0,0,0,0,0,0,0,0,0,3,3,12,12
239,cn7214,volume_payload_prepare,compute,4.86210000048e-05,1,0,0,0,0,0,0,0,0,0,0,0,0,0,0,0,0,0,0
239,cn7214,volume_payload_exchange,communication,0.017673936,1,0,0,0,0,0,0,33,0,0,0,0,0,0,0,3,3,658080,645120
239,cn7214,volume_exchange_unpack,compute,0.099023874,1,0,0,0,0,0,0,659,0,0,0,0,0,0,1,0,0,0,0
239,cn7214,final_mesh_save,io,0,0,0,0,0,0,0,0,0,0,0,0,0,0,0,0,0,0,0,0
239,cn7214,testout_io,io,0,0,0,0,0,0,0,0,0,0,0,0,0,0,0,0,0,0,0,0
239,cn7214,final_count_exchange,communication,0,0,0,0,0,0,0,0,0,0,0,0,0,0,0,0,0,0,0,0
239,cn7214,quality_evaluation,postprocess,0,0,0,0,0,0,0,0,0,0,0,0,0,0,0,0,0,0,0,0
240,cn7215,geometry_load,io,1.713605863,1,0,0,0,0,0,0,6313,0,1035092,0,0,0,2,15,0,0,0,0
240,cn7215,coarse_local_size,setup,0.441586866,1,0,0,0,0,0,0,7233,0,0,0,0,0,104,41,0,0,0,0
240,cn7215,coarse_edge_mesh,setup,0.012565397,1,0,0,0,0,0,0,522,0,0,0,0,0,0,0,0,0,0,0
240,cn7215,coarse_surface_mesh,setup,8.160181927,1,0,0,0,0,0,0,11088,0,0,0,0,0,0,70,0,0,0,0
240,cn7215,coarse_volume_mesh,setup,14.179333571,1,0,0,0,0,0,0,33723,0,0,0,0,0,85959,2714571,0,0,0,0
240,cn7215,coarse_mesh_save,io,0,0,0,0,0,0,0,0,0,0,0,0,0,0,0,0,0,0,0,0
240,cn7215,submesh_initialization,setup,0.000124741,1,0,0,0,0,0,0,2,0,0,0,0,0,0,0,0,0,0,0
240,cn7215,metis_partition,compute,0.382904397,1,0,0,0,0,0,0,501,0,0,0,0,0,0,3,0,0,0,0
240,cn7215,face_map_setup,compute,0.007203281,1,0,0,0,0,0,0,231,0,0,0,0,0,0,0,0,0,0,0
240,cn7215,face_local_extract,compute,0.156585939,1,0,0,0,0,0,0,631,0,0,0,0,0,0,1,0,0,0,0
240,cn7215,face_pre_collective_wait,synchronization,0.066342871,1,0,0,0,0,0,0,1,0,0,0,0,0,0,1,0,0,0,0
240,cn7215,face_collective_setup,compute,0.000115842,1,0,0,0,0,0,0,16,0,0,0,0,0,0,0,0,0,0,0
240,cn7215,face_allgatherv,communication,0.117763414,1,0,0,0,0,0,0,1157,0,0,0,0,0,0,1,1,1,18952,4859624
240,cn7215,face_global_merge,compute,0.07910497,1,0,0,0,0,0,0,513,0,0,0,0,0,0,0,0,0,0,0
240,cn7215,part_face_create,compute,0.019469633,1,0,0,0,0,0,0,3,0,0,0,0,0,0,0,0,0,0,0
240,cn7215,surface_refine,compute,0.006198807,1,0,0,0,0,0,0,40,0,0,0,0,0,0,1,0,0,0,0
240,cn7215,refined_surface_save,io,0,0,0,0,0,0,0,0,0,0,0,0,0,0,0,0,0,0,0,0
240,cn7215,local_volume_mesh,compute,6.155827105,1,0,0,0,0,0,0,2376,0,0,0,0,0,57303,1801829,0,0,0,0
240,cn7215,volume_refine,compute,0.216555221,1,0,0,0,0,0,0,5703,0,0,0,0,0,0,2,0,0,0,0
240,cn7215,refined_volume_save,io,0,0,0,0,0,0,0,0,0,0,0,0,0,0,0,0,0,0,0,0
240,cn7215,adjacency_build,compute,0.004768087,1,0,0,0,0,0,0,13,0,0,0,0,0,0,0,0,0,0,0
240,cn7215,vertex_numbering_local,compute,0.004536204,1,0,0,0,0,0,0,64,0,0,0,0,0,0,0,0,0,0,0
240,cn7215,vertex_count_allgather,communication,2.297589205,1,0,0,0,0,0,0,50,0,0,0,0,0,0,19,1,1,4,1024
240,cn7215,element_count_allgather,communication,0.00785907100001,1,0,0,0,0,0,0,1,0,0,0,0,0,0,0,1,1,4,1024
240,cn7215,vertex_exchange_prepare,compute,3.15009999952e-05,1,0,0,0,0,0,0,8,0,0,0,0,0,0,0,0,0,0,0
240,cn7215,vertex_exchange,communication,0.019360192,1,0,0,0,0,0,0,292,0,0,0,0,0,0,1,3,2,26950,29590
240,cn7215,vertex_exchange_unpack,compute,0.000466587000005,1,0,0,0,0,0,0,0,0,0,0,0,0,0,0,0,0,0,0
240,cn7215,partition_result_io,io,0,0,0,0,0,0,0,0,0,0,0,0,0,0,0,0,0,0,0,0
240,cn7215,volume_exchange_pack,compute,0.053667774,2,0,0,0,0,0,0,7,0,0,0,0,0,0,0,0,0,0,0
240,cn7215,volume_size_exchange,communication,0.03984752,1,0,0,0,0,0,0,1,0,0,0,0,0,0,0,3,3,12,12
240,cn7215,volume_payload_prepare,compute,4.79809999945e-05,1,0,0,0,0,0,0,0,0,0,0,0,0,0,0,0,0,0,0
240,cn7215,volume_payload_exchange,communication,0.00153832199999,1,0,0,0,0,0,0,36,0,0,0,0,0,0,0,3,3,589200,594840
240,cn7215,volume_exchange_unpack,compute,0.037311324,1,0,0,0,0,0,0,0,0,0,0,0,0,0,1,0,0,0,0
240,cn7215,final_mesh_save,io,0,0,0,0,0,0,0,0,0,0,0,0,0,0,0,0,0,0,0,0
240,cn7215,testout_io,io,0,0,0,0,0,0,0,0,0,0,0,0,0,0,0,0,0,0,0,0
240,cn7215,final_count_exchange,communication,0,0,0,0,0,0,0,0,0,0,0,0,0,0,0,0,0,0,0,0
240,cn7215,quality_evaluation,postprocess,0,0,0,0,0,0,0,0,0,0,0,0,0,0,0,0,0,0,0,0
241,cn7216,geometry_load,io,1.754111752,1,0,0,0,0,0,0,6344,0,1035092,0,0,0,2,3,0,0,0,0
241,cn7216,coarse_local_size,setup,0.456219948,1,0,0,0,0,0,0,7679,0,0,0,0,0,126,54,0,0,0,0
241,cn7216,coarse_edge_mesh,setup,0.012581351,1,0,0,0,0,0,0,553,0,0,0,0,0,0,0,0,0,0,0
241,cn7216,coarse_surface_mesh,setup,8.152051007,1,0,0,0,0,0,0,10808,0,0,0,0,0,0,8,0,0,0,0
241,cn7216,coarse_volume_mesh,setup,14.067547322,1,0,0,0,0,0,0,33181,0,0,0,0,0,86691,2700226,0,0,0,0
241,cn7216,coarse_mesh_save,io,0,0,0,0,0,0,0,0,0,0,0,0,0,0,0,0,0,0,0,0
241,cn7216,submesh_initialization,setup,0.000125061999995,1,0,0,0,0,0,0,2,0,0,0,0,0,0,0,0,0,0,0
241,cn7216,metis_partition,compute,0.373768246,1,0,0,0,0,0,0,565,0,0,0,0,0,0,0,0,0,0,0
241,cn7216,face_map_setup,compute,0.007313576,1,0,0,0,0,0,0,222,0,0,0,0,0,0,0,0,0,0,0
241,cn7216,face_local_extract,compute,0.160852972,1,0,0,0,0,0,0,664,0,0,0,0,0,0,0,0,0,0,0
241,cn7216,face_pre_collective_wait,synchronization,0.07113336,1,0,0,0,0,0,0,1,0,0,0,0,0,0,0,0,0,0,0
241,cn7216,face_collective_setup,compute,0.000107641,1,0,0,0,0,0,0,16,0,0,0,0,0,0,0,0,0,0,0
241,cn7216,face_allgatherv,communication,0.117672164,1,0,0,0,0,0,0,646,0,0,0,0,0,0,0,1,1,18952,4859624
241,cn7216,face_global_merge,compute,0.080318756,1,0,0,0,0,0,0,563,0,0,0,0,0,0,1,0,0,0,0
241,cn7216,part_face_create,compute,0.019457342,1,0,0,0,0,0,0,3,0,0,0,0,0,0,0,0,0,0,0
241,cn7216,surface_refine,compute,0.006155204,1,0,0,0,0,0,0,37,0,0,0,0,0,0,0,0,0,0,0
241,cn7216,refined_surface_save,io,0,0,0,0,0,0,0,0,0,0,0,0,0,0,0,0,0,0,0,0
241,cn7216,local_volume_mesh,compute,6.032940994,1,0,0,0,0,0,0,2337,0,0,0,0,0,56383,1851194,0,0,0,0
241,cn7216,volume_refine,compute,0.20389406,1,0,0,0,0,0,0,5321,0,0,0,0,0,0,0,0,0,0,0
241,cn7216,refined_volume_save,io,0,0,0,0,0,0,0,0,0,0,0,0,0,0,0,0,0,0,0,0
241,cn7216,adjacency_build,compute,0.00480995,1,0,0,0,0,0,0,11,0,0,0,0,0,0,0,0,0,0,0
241,cn7216,vertex_numbering_local,compute,0.004958392,1,0,0,0,0,0,0,3,0,0,0,0,0,0,0,0,0,0,0
241,cn7216,vertex_count_allgather,communication,2.431585925,1,0,0,0,0,0,0,51,0,0,0,0,0,0,2,1,1,4,1024
241,cn7216,element_count_allgather,communication,0.00768726,1,0,0,0,0,0,0,1,0,0,0,0,0,0,0,1,1,4,1024
241,cn7216,vertex_exchange_prepare,compute,1.27799999987e-05,1,0,0,0,0,0,0,0,0,0,0,0,0,0,0,0,0,0,0
241,cn7216,vertex_exchange,communication,0.009960803,1,0,0,0,0,0,0,18,0,0,0,0,0,0,0,3,2,47498,20988
241,cn7216,vertex_exchange_unpack,compute,0.000337684000002,1,0,0,0,0,0,0,0,0,0,0,0,0,0,0,0,0,0,0
241,cn7216,partition_result_io,io,0,0,0,0,0,0,0,0,0,0,0,0,0,0,0,0,0,0,0,0
241,cn7216,volume_exchange_pack,compute,0.055538898,2,0,0,0,0,0,0,3,0,0,0,0,0,0,0,0,0,0,0
241,cn7216,volume_size_exchange,communication,0.047554095,1,0,0,0,0,0,0,1,0,0,0,0,0,0,0,3,3,12,12
241,cn7216,volume_payload_prepare,compute,5.57799999967e-05,1,0,0,0,0,0,0,0,0,0,0,0,0,0,0,0,0,0,0
241,cn7216,volume_payload_exchange,communication,0.00194302,1,0,0,0,0,0,0,20,0,0,0,0,0,0,0,3,3,715560,709800
241,cn7216,volume_exchange_unpack,compute,0.037806473,1,0,0,0,0,0,0,6,0,0,0,0,0,0,0,0,0,0,0
241,cn7216,final_mesh_save,io,0,0,0,0,0,0,0,0,0,0,0,0,0,0,0,0,0,0,0,0
241,cn7216,testout_io,io,0,0,0,0,0,0,0,0,0,0,0,0,0,0,0,0,0,0,0,0
241,cn7216,final_count_exchange,communication,0,0,0,0,0,0,0,0,0,0,0,0,0,0,0,0,0,0,0,0
241,cn7216,quality_evaluation,postprocess,0,0,0,0,0,0,0,0,0,0,0,0,0,0,0,0,0,0,0,0
242,cn7217,geometry_load,io,1.738489991,1,0,0,0,0,0,0,6337,0,1035092,0,0,0,2,3,0,0,0,0
242,cn7217,coarse_local_size,setup,0.44884342,1,0,0,0,0,0,0,7426,0,0,0,0,0,104,57,0,0,0,0
242,cn7217,coarse_edge_mesh,setup,0.012601635,1,0,0,0,0,0,0,577,0,0,0,0,0,0,0,0,0,0,0
242,cn7217,coarse_surface_mesh,setup,8.161045791,1,0,0,0,0,0,0,10849,0,0,0,0,0,0,8,0,0,0,0
242,cn7217,coarse_volume_mesh,setup,14.046977773,1,0,0,0,0,0,0,32085,0,0,0,0,0,86024,2746692,0,0,0,0
242,cn7217,coarse_mesh_save,io,0,0,0,0,0,0,0,0,0,0,0,0,0,0,0,0,0,0,0,0
242,cn7217,submesh_initialization,setup,0.000122200999996,1,0,0,0,0,0,0,4,0,0,0,0,0,0,0,0,0,0,0
242,cn7217,metis_partition,compute,0.373319133,1,0,0,0,0,0,0,480,0,0,0,0,0,0,0,0,0,0,0
242,cn7217,face_map_setup,compute,0.007170797,1,0,0,0,0,0,0,228,0,0,0,0,0,0,0,0,0,0,0
242,cn7217,face_local_extract,compute,0.161232644,1,0,0,0,0,0,0,650,0,0,0,0,0,0,0,0,0,0,0
242,cn7217,face_pre_collective_wait,synchronization,0.071275602,1,0,0,0,0,0,0,1,0,0,0,0,0,0,0,0,0,0,0
242,cn7217,face_collective_setup,compute,0.000113621000004,1,0,0,0,0,0,0,16,0,0,0,0,0,0,0,0,0,0,0
242,cn7217,face_allgatherv,communication,0.117396835,1,0,0,0,0,0,0,661,0,0,0,0,0,0,0,1,1,18952,4859624
242,cn7217,face_global_merge,compute,0.079404569,1,0,0,0,0,0,0,212,0,0,0,0,0,0,0,0,0,0,0
242,cn7217,part_face_create,compute,0.01963427,1,0,0,0,0,0,0,3,0,0,0,0,0,0,0,0,0,0,0
242,cn7217,surface_refine,compute,0.006304287,1,0,0,0,0,0,0,39,0,0,0,0,0,0,0,0,0,0,0
242,cn7217,refined_surface_save,io,0,0,0,0,0,0,0,0,0,0,0,0,0,0,0,0,0,0,0,0
242,cn7217,local_volume_mesh,compute,5.859967704,1,0,0,0,0,0,0,2760,0,0,0,0,0,58872,1762338,0,0,0,0
242,cn7217,volume_refine,compute,0.213238961,1,0,0,0,0,0,0,4019,0,0,0,0,0,0,0,0,0,0,0
242,cn7217,refined_volume_save,io,0,0,0,0,0,0,0,0,0,0,0,0,0,0,0,0,0,0,0,0
242,cn7217,adjacency_build,compute,0.005065734,1,0,0,0,0,0,0,2,0,0,0,0,0,0,0,0,0,0,0
242,cn7217,vertex_numbering_local,compute,0.00755966099999,1,0,0,0,0,0,0,3,0,0,0,0,0,0,0,0,0,0,0
242,cn7217,vertex_count_allgather,communication,2.59318229,1,0,0,0,0,0,0,47,0,0,0,0,0,0,3,1,1,4,1024
242,cn7217,element_count_allgather,communication,0.007839124,1,0,0,0,0,0,0,2,0,0,0,0,0,0,0,1,1,4,1024
242,cn7217,vertex_exchange_prepare,compute,2.98200000017e-05,1,0,0,0,0,0,0,0,0,0,0,0,0,0,0,0,0,0,0
242,cn7217,vertex_exchange,communication,0.019977474,1,0,0,0,0,0,0,53,0,0,0,0,0,0,0,6,11,57156,119812
242,cn7217,vertex_exchange_unpack,compute,0.001721158,1,0,0,0,0,0,0,0,0,0,0,0,0,0,0,0,0,0,0
242,cn7217,partition_result_io,io,0,0,0,0,0,0,0,0,0,0,0,0,0,0,0,0,0,0,0,0
242,cn7217,volume_exchange_pack,compute,0.08227692,2,0,0,0,0,0,0,1,0,0,0,0,0,0,0,0,0,0,0
242,cn7217,volume_size_exchange,communication,0.0093215,1,0,0,0,0,0,0,1,0,0,0,0,0,0,0,7,7,28,28
242,cn7217,volume_payload_prepare,compute,0.000137502000001,1,0,0,0,0,0,0,0,0,0,0,0,0,0,0,0,0,0,0
242,cn7217,volume_payload_exchange,communication,0.002213723,1,0,0,0,0,0,0,23,0,0,0,0,0,0,0,7,7,1889280,1896720
242,cn7217,volume_exchange_unpack,compute,0.062300306,1,0,0,0,0,0,0,707,0,0,0,0,0,0,0,0,0,0,0
242,cn7217,final_mesh_save,io,0,0,0,0,0,0,0,0,0,0,0,0,0,0,0,0,0,0,0,0
242,cn7217,testout_io,io,0,0,0,0,0,0,0,0,0,0,0,0,0,0,0,0,0,0,0,0
242,cn7217,final_count_exchange,communication,0,0,0,0,0,0,0,0,0,0,0,0,0,0,0,0,0,0,0,0
242,cn7217,quality_evaluation,postprocess,0,0,0,0,0,0,0,0,0,0,0,0,0,0,0,0,0,0,0,0
243,cn7218,geometry_load,io,1.751181295,1,0,0,0,0,0,0,4768,0,1035092,0,0,0,2,6,0,0,0,0
243,cn7218,coarse_local_size,setup,0.436916084,1,0,0,0,0,0,0,7017,0,0,0,0,0,122,46,0,0,0,0
243,cn7218,coarse_edge_mesh,setup,0.01221986,1,0,0,0,0,0,0,579,0,0,0,0,0,0,0,0,0,0,0
243,cn7218,coarse_surface_mesh,setup,8.024290678,1,0,0,0,0,0,0,8154,0,0,0,0,0,0,22,0,0,0,0
243,cn7218,coarse_volume_mesh,setup,13.99356096,1,0,0,0,0,0,0,27940,0,0,0,0,0,84458,2745279,0,0,0,0
243,cn7218,coarse_mesh_save,io,0,0,0,0,0,0,0,0,0,0,0,0,0,0,0,0,0,0,0,0
243,cn7218,submesh_initialization,setup,0.000141261000003,1,0,0,0,0,0,0,14,0,0,0,0,0,0,0,0,0,0,0
243,cn7218,metis_partition,compute,0.37453787,1,0,0,0,0,0,0,1245,0,0,0,0,0,0,0,0,0,0,0
243,cn7218,face_map_setup,compute,0.007617587,1,0,0,0,0,0,0,700,0,0,0,0,0,0,0,0,0,0,0
243,cn7218,face_local_extract,compute,0.15893296,1,0,0,0,0,0,0,817,0,0,0,0,0,0,1,0,0,0,0
243,cn7218,face_pre_collective_wait,synchronization,0.071949524,1,0,0,0,0,0,0,1,0,0,0,0,0,0,0,0,0,0,0
243,cn7218,face_collective_setup,compute,0.000101401000002,1,0,0,0,0,0,0,13,0,0,0,0,0,0,0,0,0,0,0
243,cn7218,face_allgatherv,communication,0.117378364,1,0,0,0,0,0,0,1148,0,0,0,0,0,0,1,1,1,18952,4859624
243,cn7218,face_global_merge,compute,0.07949571,1,0,0,0,0,0,0,592,0,0,0,0,0,0,0,0,0,0,0
243,cn7218,part_face_create,compute,0.019442603,1,0,0,0,0,0,0,3,0,0,0,0,0,0,0,0,0,0,0
243,cn7218,surface_refine,compute,0.005994749,1,0,0,0,0,0,0,40,0,0,0,0,0,0,0,0,0,0,0
243,cn7218,refined_surface_save,io,0,0,0,0,0,0,0,0,0,0,0,0,0,0,0,0,0,0,0,0
243,cn7218,local_volume_mesh,compute,5.930538159,1,0,0,0,0,0,0,750,0,0,0,0,0,60271,1679612,0,0,0,0
243,cn7218,volume_refine,compute,0.220462245,1,0,0,0,0,0,0,6851,0,0,0,0,0,0,1,0,0,0,0
243,cn7218,refined_volume_save,io,0,0,0,0,0,0,0,0,0,0,0,0,0,0,0,0,0,0,0,0
243,cn7218,adjacency_build,compute,0.005056578,1,0,0,0,0,0,0,127,0,0,0,0,0,0,0,0,0,0,0
243,cn7218,vertex_numbering_local,compute,0.007429945,1,0,0,0,0,0,0,75,0,0,0,0,0,0,0,0,0,0,0
243,cn7218,vertex_count_allgather,communication,2.516088215,1,0,0,0,0,0,0,30,0,0,0,0,0,0,6,1,1,4,1024
243,cn7218,element_count_allgather,communication,0.00784347,1,0,0,0,0,0,0,0,0,0,0,0,0,0,0,1,1,4,1024
243,cn7218,vertex_exchange_prepare,compute,2.53400000005e-05,1,0,0,0,0,0,0,0,0,0,0,0,0,0,0,0,0,0,0
243,cn7218,vertex_exchange,communication,0.020339553,1,0,0,0,0,0,0,338,0,0,0,0,0,0,0,4,9,38874,118492
243,cn7218,vertex_exchange_unpack,compute,0.001704939,1,0,0,0,0,0,0,0,0,0,0,0,0,0,0,0,0,0,0
243,cn7218,partition_result_io,io,0,0,0,0,0,0,0,0,0,0,0,0,0,0,0,0,0,0,0,0
243,cn7218,volume_exchange_pack,compute,0.091238145,2,0,0,0,0,0,0,472,0,0,0,0,0,0,0,0,0,0,0
243,cn7218,volume_size_exchange,communication,4.53999999976e-05,1,0,0,0,0,0,0,0,0,0,0,0,0,0,0,9,9,36,36
243,cn7218,volume_payload_prepare,compute,0.000288362999996,1,0,0,0,0,0,0,134,0,0,0,0,0,0,0,0,0,0,0
243,cn7218,volume_payload_exchange,communication,0.001936622,1,0,0,0,0,0,0,19,0,0,0,0,0,0,0,9,9,1679040,1677240
243,cn7218,volume_exchange_unpack,compute,0.058635172,1,0,0,0,0,0,0,582,0,0,0,0,0,0,0,0,0,0,0
243,cn7218,final_mesh_save,io,0,0,0,0,0,0,0,0,0,0,0,0,0,0,0,0,0,0,0,0
243,cn7218,testout_io,io,0,0,0,0,0,0,0,0,0,0,0,0,0,0,0,0,0,0,0,0
243,cn7218,final_count_exchange,communication,0,0,0,0,0,0,0,0,0,0,0,0,0,0,0,0,0,0,0,0
243,cn7218,quality_evaluation,postprocess,0,0,0,0,0,0,0,0,0,0,0,0,0,0,0,0,0,0,0,0
244,cn7219,geometry_load,io,1.733344576,1,0,0,0,0,0,0,6343,0,1035092,0,0,0,2,3,0,0,0,0
244,cn7219,coarse_local_size,setup,0.453146803,1,0,0,0,0,0,0,7735,0,0,0,0,0,116,40,0,0,0,0
244,cn7219,coarse_edge_mesh,setup,0.012605869,1,0,0,0,0,0,0,549,0,0,0,0,0,0,0,0,0,0,0
244,cn7219,coarse_surface_mesh,setup,8.185584908,1,0,0,0,0,0,0,10890,0,0,0,0,0,0,10,0,0,0,0
244,cn7219,coarse_volume_mesh,setup,13.890977612,1,0,0,0,0,0,0,31958,0,0,0,0,0,82208,2744552,0,0,0,0
244,cn7219,coarse_mesh_save,io,0,0,0,0,0,0,0,0,0,0,0,0,0,0,0,0,0,0,0,0
244,cn7219,submesh_initialization,setup,0.000126820999995,1,0,0,0,0,0,0,3,0,0,0,0,0,0,0,0,0,0,0
244,cn7219,metis_partition,compute,0.372577772,1,0,0,0,0,0,0,378,0,0,0,0,0,0,0,0,0,0,0
244,cn7219,face_map_setup,compute,0.007183345,1,0,0,0,0,0,0,228,0,0,0,0,0,0,0,0,0,0,0
244,cn7219,face_local_extract,compute,0.157774696,1,0,0,0,0,0,0,713,0,0,0,0,0,0,0,0,0,0,0
244,cn7219,face_pre_collective_wait,synchronization,0.075483678,1,0,0,0,0,0,0,1,0,0,0,0,0,0,0,0,0,0,0
244,cn7219,face_collective_setup,compute,0.000114140999997,1,0,0,0,0,0,0,16,0,0,0,0,0,0,0,0,0,0,0
244,cn7219,face_allgatherv,communication,0.117255055,1,0,0,0,0,0,0,698,0,0,0,0,0,0,1,1,1,18952,4859624
244,cn7219,face_global_merge,compute,0.078205811,1,0,0,0,0,0,0,259,0,0,0,0,0,0,0,0,0,0,0
244,cn7219,part_face_create,compute,0.019557672,1,0,0,0,0,0,0,3,0,0,0,0,0,0,0,0,0,0,0
244,cn7219,surface_refine,compute,0.006351915,1,0,0,0,0,0,0,40,0,0,0,0,0,0,0,0,0,0,0
244,cn7219,refined_surface_save,io,0,0,0,0,0,0,0,0,0,0,0,0,0,0,0,0,0,0,0,0
244,cn7219,local_volume_mesh,compute,5.369211003,1,0,0,0,0,0,0,2319,0,0,0,0,0,52449,1601430,0,0,0,0
244,cn7219,volume_refine,compute,0.209880256,1,0,0,0,0,0,0,4563,0,0,0,0,0,0,0,0,0,0,0
244,cn7219,refined_volume_save,io,0,0,0,0,0,0,0,0,0,0,0,0,0,0,0,0,0,0,0,0
244,cn7219,adjacency_build,compute,0.0050477,1,0,0,0,0,0,0,14,0,0,0,0,0,0,0,0,0,0,0
244,cn7219,vertex_numbering_local,compute,0.007448048,1,0,0,0,0,0,0,5,0,0,0,0,0,0,0,0,0,0,0
244,cn7219,vertex_count_allgather,communication,3.08885062,1,0,0,0,0,0,0,53,0,0,0,0,0,0,4,1,1,4,1024
244,cn7219,element_count_allgather,communication,0.007681191,1,0,0,0,0,0,0,2,0,0,0,0,0,0,0,1,1,4,1024
244,cn7219,vertex_exchange_prepare,compute,2.42600000036e-05,1,0,0,0,0,0,0,0,0,0,0,0,0,0,0,0,0,0,0
244,cn7219,vertex_exchange,communication,0.012475908,1,0,0,0,0,0,0,39,0,0,0,0,0,0,0,2,7,54758,110880
244,cn7219,vertex_exchange_unpack,compute,0.00161285900001,1,0,0,0,0,0,0,0,0,0,0,0,0,0,0,0,0,0,0
244,cn7219,partition_result_io,io,0,0,0,0,0,0,0,0,0,0,0,0,0,0,0,0,0,0,0,0
244,cn7219,volume_exchange_pack,compute,0.077902846,2,0,0,0,0,0,0,3,0,0,0,0,0,0,0,0,0,0,0
244,cn7219,volume_size_exchange,communication,0.021367794,1,0,0,0,0,0,0,9,0,0,0,0,0,0,0,8,8,32,32
244,cn7219,volume_payload_prepare,compute,0.000133681999998,1,0,0,0,0,0,0,0,0,0,0,0,0,0,0,0,0,0,0
244,cn7219,volume_payload_exchange,communication,0.002364908,1,0,0,0,0,0,0,34,0,0,0,0,0,0,0,8,8,1760160,1776120
244,cn7219,volume_exchange_unpack,compute,0.056259169,1,0,0,0,0,0,0,412,0,0,0,0,0,0,0,0,0,0,0
244,cn7219,final_mesh_save,io,0,0,0,0,0,0,0,0,0,0,0,0,0,0,0,0,0,0,0,0
244,cn7219,testout_io,io,0,0,0,0,0,0,0,0,0,0,0,0,0,0,0,0,0,0,0,0
244,cn7219,final_count_exchange,communication,0,0,0,0,0,0,0,0,0,0,0,0,0,0,0,0,0,0,0,0
244,cn7219,quality_evaluation,postprocess,0,0,0,0,0,0,0,0,0,0,0,0,0,0,0,0,0,0,0,0
245,cn7220,geometry_load,io,1.763814765,1,0,0,0,0,0,0,6478,0,1035092,0,0,0,2,15,0,0,0,0
245,cn7220,coarse_local_size,setup,0.447499876,1,0,0,0,0,0,0,7572,0,0,0,0,0,103,47,0,0,0,0
245,cn7220,coarse_edge_mesh,setup,0.012710124,1,0,0,0,0,0,0,577,0,0,0,0,0,0,0,0,0,0,0
245,cn7220,coarse_surface_mesh,setup,8.175347165,1,0,0,0,0,0,0,10789,0,0,0,0,0,0,72,0,0,0,0
245,cn7220,coarse_volume_mesh,setup,14.225405057,1,0,0,0,0,0,0,36256,0,0,0,0,0,86146,2756879,0,0,0,0
245,cn7220,coarse_mesh_save,io,0,0,0,0,0,0,0,0,0,0,0,0,0,0,0,0,0,0,0,0
245,cn7220,submesh_initialization,setup,0.000129461,1,0,0,0,0,0,0,2,0,0,0,0,0,0,0,0,0,0,0
245,cn7220,metis_partition,compute,0.375195586,1,0,0,0,0,0,0,670,0,0,0,0,0,0,3,0,0,0,0
245,cn7220,face_map_setup,compute,0.007389255,1,0,0,0,0,0,0,225,0,0,0,0,0,0,0,0,0,0,0
245,cn7220,face_local_extract,compute,0.162783134,1,0,0,0,0,0,0,642,0,0,0,0,0,0,1,0,0,0,0
245,cn7220,face_pre_collective_wait,synchronization,0.067689951,1,0,0,0,0,0,0,1,0,0,0,0,0,0,1,0,0,0,0
245,cn7220,face_collective_setup,compute,0.000112782000002,1,0,0,0,0,0,0,16,0,0,0,0,0,0,0,0,0,0,0
245,cn7220,face_allgatherv,communication,0.116968664,1,0,0,0,0,0,0,814,0,0,0,0,0,0,2,1,1,18952,4859624
245,cn7220,face_global_merge,compute,0.078196125,1,0,0,0,0,0,0,409,0,0,0,0,0,0,0,0,0,0,0
245,cn7220,part_face_create,compute,0.019236588,1,0,0,0,0,0,0,3,0,0,0,0,0,0,0,0,0,0,0
245,cn7220,surface_refine,compute,0.005722914,1,0,0,0,0,0,0,41,0,0,0,0,0,0,1,0,0,0,0
245,cn7220,refined_surface_save,io,0,0,0,0,0,0,0,0,0,0,0,0,0,0,0,0,0,0,0,0
245,cn7220,local_volume_mesh,compute,5.798346254,1,0,0,0,0,0,0,745,0,0,0,0,0,54046,1791888,0,0,0,0
245,cn7220,volume_refine,compute,0.185911291,1,0,0,0,0,0,0,3068,0,0,0,0,0,0,3,0,0,0,0
245,cn7220,refined_volume_save,io,0,0,0,0,0,0,0,0,0,0,0,0,0,0,0,0,0,0,0,0
245,cn7220,adjacency_build,compute,0.004599799,1,0,0,0,0,0,0,0,0,0,0,0,0,0,0,0,0,0,0
245,cn7220,vertex_numbering_local,compute,0.003980731,1,0,0,0,0,0,0,1,0,0,0,0,0,0,0,0,0,0,0
245,cn7220,vertex_count_allgather,communication,2.688875662,1,0,0,0,0,0,0,86,0,0,0,0,0,0,22,1,1,4,1024
245,cn7220,element_count_allgather,communication,0.007847281,1,0,0,0,0,0,0,11,0,0,0,0,0,0,0,1,1,4,1024
245,cn7220,vertex_exchange_prepare,compute,2.41409999973e-05,1,0,0,0,0,0,0,10,0,0,0,0,0,0,0,0,0,0,0
245,cn7220,vertex_exchange,communication,0.000512166,1,0,0,0,0,0,0,36,0,0,0,0,0,0,0,2,1,21296,32230
245,cn7220,vertex_exchange_unpack,compute,0.000917751000003,1,0,0,0,0,0,0,446,0,0,0,0,0,0,0,0,0,0,0
245,cn7220,partition_result_io,io,0,0,0,0,0,0,0,0,0,0,0,0,0,0,0,0,0,0,0,0
245,cn7220,volume_exchange_pack,compute,0.049331415,2,0,0,0,0,0,0,913,0,0,0,0,0,0,1,0,0,0,0
245,cn7220,volume_size_exchange,communication,0.04122449,1,0,0,0,0,0,0,1,0,0,0,0,0,0,0,2,2,8,8
245,cn7220,volume_payload_prepare,compute,4.2440999998e-05,1,0,0,0,0,0,0,0,0,0,0,0,0,0,0,0,0,0,0
245,cn7220,volume_payload_exchange,communication,0.022859874,1,0,0,0,0,0,0,25,0,0,0,0,0,0,0,2,2,567120,556800
245,cn7220,volume_exchange_unpack,compute,0.033688834,1,0,0,0,0,0,0,839,0,0,0,0,0,0,1,0,0,0,0
245,cn7220,final_mesh_save,io,0,0,0,0,0,0,0,0,0,0,0,0,0,0,0,0,0,0,0,0
245,cn7220,testout_io,io,0,0,0,0,0,0,0,0,0,0,0,0,0,0,0,0,0,0,0,0
245,cn7220,final_count_exchange,communication,0,0,0,0,0,0,0,0,0,0,0,0,0,0,0,0,0,0,0,0
245,cn7220,quality_evaluation,postprocess,0,0,0,0,0,0,0,0,0,0,0,0,0,0,0,0,0,0,0,0
246,cn7221,geometry_load,io,1.734849275,1,0,0,0,0,0,0,6411,0,1035092,0,0,0,2,16,0,0,0,0
246,cn7221,coarse_local_size,setup,0.450694201,1,0,0,0,0,0,0,7664,0,0,0,0,0,141,94,0,0,0,0
246,cn7221,coarse_edge_mesh,setup,0.012661551,1,0,0,0,0,0,0,550,0,0,0,0,0,0,1,0,0,0,0
246,cn7221,coarse_surface_mesh,setup,8.162243706,1,0,0,0,0,0,0,10787,0,0,0,0,0,0,74,0,0,0,0
246,cn7221,coarse_volume_mesh,setup,14.04564732,1,0,0,0,0,0,0,27937,0,0,0,0,0,79640,2761625,0,0,0,0
246,cn7221,coarse_mesh_save,io,0,0,0,0,0,0,0,0,0,0,0,0,0,0,0,0,0,0,0,0
246,cn7221,submesh_initialization,setup,0.000130261000002,1,0,0,0,0,0,0,5,0,0,0,0,0,0,0,0,0,0,0
246,cn7221,metis_partition,compute,0.377538928,1,0,0,0,0,0,0,340,0,0,0,0,0,0,3,0,0,0,0
246,cn7221,face_map_setup,compute,0.007332648,1,0,0,0,0,0,0,225,0,0,0,0,0,0,0,0,0,0,0
246,cn7221,face_local_extract,compute,0.161371447,1,0,0,0,0,0,0,645,0,0,0,0,0,0,1,0,0,0,0
246,cn7221,face_pre_collective_wait,synchronization,0.066775557,1,0,0,0,0,0,0,1,0,0,0,0,0,0,1,0,0,0,0
246,cn7221,face_collective_setup,compute,0.000114682000003,1,0,0,0,0,0,0,16,0,0,0,0,0,0,0,0,0,0,0
246,cn7221,face_allgatherv,communication,0.116954896,1,0,0,0,0,0,0,678,0,0,0,0,0,0,1,1,1,18952,4859624
246,cn7221,face_global_merge,compute,0.078825061,1,0,0,0,0,0,0,338,0,0,0,0,0,0,0,0,0,0,0
246,cn7221,part_face_create,compute,0.019469873,1,0,0,0,0,0,0,3,0,0,0,0,0,0,0,0,0,0,0
246,cn7221,surface_refine,compute,0.005972412,1,0,0,0,0,0,0,39,0,0,0,0,0,0,0,0,0,0,0
246,cn7221,refined_surface_save,io,0,0,0,0,0,0,0,0,0,0,0,0,0,0,0,0,0,0,0,0
246,cn7221,local_volume_mesh,compute,6.319934066,1,0,0,0,0,0,0,2918,0,0,0,0,0,60216,1873754,0,0,0,0
246,cn7221,volume_refine,compute,0.221466984,1,0,0,0,0,0,0,4752,0,0,0,0,0,0,3,0,0,0,0
246,cn7221,refined_volume_save,io,0,0,0,0,0,0,0,0,0,0,0,0,0,0,0,0,0,0,0,0
246,cn7221,adjacency_build,compute,0.004787457,1,0,0,0,0,0,0,10,0,0,0,0,0,0,0,0,0,0,0
246,cn7221,vertex_numbering_local,compute,0.003766145,1,0,0,0,0,0,0,4,0,0,0,0,0,0,0,0,0,0,0
246,cn7221,vertex_count_allgather,communication,2.130615082,1,0,0,0,0,0,0,49,0,0,0,0,0,0,20,1,1,4,1024
246,cn7221,element_count_allgather,communication,0.007841313,1,0,0,0,0,0,0,1,0,0,0,0,0,0,0,1,1,4,1024
246,cn7221,vertex_exchange_prepare,compute,9.14000000307e-06,1,0,0,0,0,0,0,0,0,0,0,0,0,0,0,0,0,0,0
246,cn7221,vertex_exchange,communication,0.019054088,1,0,0,0,0,0,0,37,0,0,0,0,0,0,0,3,1,42218,3036
246,cn7221,vertex_exchange_unpack,compute,6.60409999966e-05,1,0,0,0,0,0,0,0,0,0,0,0,0,0,0,0,0,0,0
246,cn7221,partition_result_io,io,0,0,0,0,0,0,0,0,0,0,0,0,0,0,0,0,0,0,0,0
246,cn7221,volume_exchange_pack,compute,0.056285153,2,0,0,0,0,0,0,2,0,0,0,0,0,0,1,0,0,0,0
246,cn7221,volume_size_exchange,communication,0.037871692,1,0,0,0,0,0,0,4,0,0,0,0,0,0,0,3,3,12,12
246,cn7221,volume_payload_prepare,compute,3.92399999996e-05,1,0,0,0,0,0,0,0,0,0,0,0,0,0,0,0,0,0,0
246,cn7221,volume_payload_exchange,communication,0.001293615,1,0,0,0,0,0,0,26,0,0,0,0,0,0,0,3,3,461760,463800
246,cn7221,volume_exchange_unpack,compute,0.038172096,1,0,0,0,0,0,0,0,0,0,0,0,0,0,0,0,0,0,0
246,cn7221,final_mesh_save,io,0,0,0,0,0,0,0,0,0,0,0,0,0,0,0,0,0,0,0,0
246,cn7221,testout_io,io,0,0,0,0,0,0,0,0,0,0,0,0,0,0,0,0,0,0,0,0
246,cn7221,final_count_exchange,communication,0,0,0,0,0,0,0,0,0,0,0,0,0,0,0,0,0,0,0,0
246,cn7221,quality_evaluation,postprocess,0,0,0,0,0,0,0,0,0,0,0,0,0,0,0,0,0,0,0,0
247,cn7222,geometry_load,io,1.748809358,1,0,0,0,0,0,0,6333,0,1035092,0,0,0,2,2,0,0,0,0
247,cn7222,coarse_local_size,setup,0.45353223,1,0,0,0,0,0,0,7617,0,0,0,0,0,88,42,0,0,0,0
247,cn7222,coarse_edge_mesh,setup,0.01258201,1,0,0,0,0,0,0,524,0,0,0,0,0,0,0,0,0,0,0
247,cn7222,coarse_surface_mesh,setup,8.198758925,1,0,0,0,0,0,0,11003,0,0,0,0,0,0,8,0,0,0,0
247,cn7222,coarse_volume_mesh,setup,14.044796177,1,0,0,0,0,0,0,32958,0,0,0,0,0,82794,2755521,0,0,0,0
247,cn7222,coarse_mesh_save,io,0,0,0,0,0,0,0,0,0,0,0,0,0,0,0,0,0,0,0,0
247,cn7222,submesh_initialization,setup,0.000121342000007,1,0,0,0,0,0,0,2,0,0,0,0,0,0,0,0,0,0,0
247,cn7222,metis_partition,compute,0.379815396,1,0,0,0,0,0,0,462,0,0,0,0,0,0,1,0,0,0,0
247,cn7222,face_map_setup,compute,0.007318239,1,0,0,0,0,0,0,226,0,0,0,0,0,0,0,0,0,0,0
247,cn7222,face_local_extract,compute,0.157444041,1,0,0,0,0,0,0,653,0,0,0,0,0,0,0,0,0,0,0
247,cn7222,face_pre_collective_wait,synchronization,0.068483922,1,0,0,0,0,0,0,1,0,0,0,0,0,0,0,0,0,0,0
247,cn7222,face_collective_setup,compute,0.000109322,1,0,0,0,0,0,0,15,0,0,0,0,0,0,0,0,0,0,0
247,cn7222,face_allgatherv,communication,0.116667012,1,0,0,0,0,0,0,820,0,0,0,0,0,0,0,1,1,18952,4859624
247,cn7222,face_global_merge,compute,0.077881829,1,0,0,0,0,0,0,413,0,0,0,0,0,0,0,0,0,0,0
247,cn7222,part_face_create,compute,0.019758626,1,0,0,0,0,0,0,3,0,0,0,0,0,0,0,0,0,0,0
247,cn7222,surface_refine,compute,0.00591846,1,0,0,0,0,0,0,2,0,0,0,0,0,0,0,0,0,0,0
247,cn7222,refined_surface_save,io,0,0,0,0,0,0,0,0,0,0,0,0,0,0,0,0,0,0,0,0
247,cn7222,local_volume_mesh,compute,5.920347573,1,0,0,0,0,0,0,2130,0,0,0,0,0,59627,1790221,0,0,0,0
247,cn7222,volume_refine,compute,0.197715704,1,0,0,0,0,0,0,6111,0,0,0,0,0,0,0,0,0,0,0
247,cn7222,refined_volume_save,io,0,0,0,0,0,0,0,0,0,0,0,0,0,0,0,0,0,0,0,0
247,cn7222,adjacency_build,compute,0.004800825,1,0,0,0,0,0,0,7,0,0,0,0,0,0,0,0,0,0,0
247,cn7222,vertex_numbering_local,compute,0.005792258,1,0,0,0,0,0,0,3,0,0,0,0,0,0,0,0,0,0,0
247,cn7222,vertex_count_allgather,communication,2.55290441,1,0,0,0,0,0,0,52,0,0,0,0,0,0,3,1,1,4,1024
247,cn7222,element_count_allgather,communication,0.007905006,1,0,0,0,0,0,0,1,0,0,0,0,0,0,0,1,1,4,1024
247,cn7222,vertex_exchange_prepare,compute,2.29999999988e-05,1,0,0,0,0,0,0,0,0,0,0,0,0,0,0,0,0,0,0
247,cn7222,vertex_exchange,communication,0.01999941,1,0,0,0,0,0,0,289,0,0,0,0,0,0,0,1,6,5610,102982
247,cn7222,vertex_exchange_unpack,compute,0.001522981,1,0,0,0,0,0,0,0,0,0,0,0,0,0,0,0,0,0,0
247,cn7222,partition_result_io,io,0,0,0,0,0,0,0,0,0,0,0,0,0,0,0,0,0,0,0,0
247,cn7222,volume_exchange_pack,compute,0.06756855,2,0,0,0,0,0,0,1,0,0,0,0,0,0,0,0,0,0,0
247,cn7222,volume_size_exchange,communication,0.024216827,1,0,0,0,0,0,0,12,0,0,0,0,0,0,0,7,7,28,28
247,cn7222,volume_payload_prepare,compute,8.85409999967e-05,1,0,0,0,0,0,0,0,0,0,0,0,0,0,0,0,0,0,0
247,cn7222,volume_payload_exchange,communication,0.002438513,1,0,0,0,0,0,0,31,0,0,0,0,0,0,0,7,7,1146600,1150080
247,cn7222,volume_exchange_unpack,compute,0.043664828,1,0,0,0,0,0,0,0,0,0,0,0,0,0,0,0,0,0,0
247,cn7222,final_mesh_save,io,0,0,0,0,0,0,0,0,0,0,0,0,0,0,0,0,0,0,0,0
247,cn7222,testout_io,io,0,0,0,0,0,0,0,0,0,0,0,0,0,0,0,0,0,0,0,0
247,cn7222,final_count_exchange,communication,0,0,0,0,0,0,0,0,0,0,0,0,0,0,0,0,0,0,0,0
247,cn7222,quality_evaluation,postprocess,0,0,0,0,0,0,0,0,0,0,0,0,0,0,0,0,0,0,0,0
248,cn7223,geometry_load,io,1.729409973,1,0,0,0,0,0,0,6330,0,1035092,0,0,0,2,2,0,0,0,0
248,cn7223,coarse_local_size,setup,0.453137663,1,0,0,0,0,0,0,7628,0,0,0,0,0,113,42,0,0,0,0
248,cn7223,coarse_edge_mesh,setup,0.012642998,1,0,0,0,0,0,0,551,0,0,0,0,0,0,0,0,0,0,0
248,cn7223,coarse_surface_mesh,setup,8.179940306,1,0,0,0,0,0,0,10846,0,0,0,0,0,0,14,0,0,0,0
248,cn7223,coarse_volume_mesh,setup,14.141281706,1,0,0,0,0,0,0,32321,0,0,0,0,0,87249,2733593,0,0,0,0
248,cn7223,coarse_mesh_save,io,0,0,0,0,0,0,0,0,0,0,0,0,0,0,0,0,0,0,0,0
248,cn7223,submesh_initialization,setup,0.000129502,1,0,0,0,0,0,0,3,0,0,0,0,0,0,0,0,0,0,0
248,cn7223,metis_partition,compute,0.374932946,1,0,0,0,0,0,0,565,0,0,0,0,0,0,1,0,0,0,0
248,cn7223,face_map_setup,compute,0.00718639,1,0,0,0,0,0,0,241,0,0,0,0,0,0,0,0,0,0,0
248,cn7223,face_local_extract,compute,0.162243567,1,0,0,0,0,0,0,638,0,0,0,0,0,0,0,0,0,0,0
248,cn7223,face_pre_collective_wait,synchronization,0.068667778,1,0,0,0,0,0,0,1,0,0,0,0,0,0,0,0,0,0,0
248,cn7223,face_collective_setup,compute,0.000117062000001,1,0,0,0,0,0,0,16,0,0,0,0,0,0,0,0,0,0,0
248,cn7223,face_allgatherv,communication,0.116517576,1,0,0,0,0,0,0,741,0,0,0,0,0,0,1,1,1,18952,4859624
248,cn7223,face_global_merge,compute,0.078647543,1,0,0,0,0,0,0,297,0,0,0,0,0,0,0,0,0,0,0
248,cn7223,part_face_create,compute,0.019549704,1,0,0,0,0,0,0,3,0,0,0,0,0,0,0,0,0,0,0
248,cn7223,surface_refine,compute,0.006469361,1,0,0,0,0,0,0,40,0,0,0,0,0,0,0,0,0,0,0
248,cn7223,refined_surface_save,io,0,0,0,0,0,0,0,0,0,0,0,0,0,0,0,0,0,0,0,0
248,cn7223,local_volume_mesh,compute,5.932903884,1,0,0,0,0,0,0,2182,0,0,0,0,0,57986,1781072,0,0,0,0
248,cn7223,volume_refine,compute,0.221455228,1,0,0,0,0,0,0,4520,0,0,0,0,0,0,0,0,0,0,0
248,cn7223,refined_volume_save,io,0,0,0,0,0,0,0,0,0,0,0,0,0,0,0,0,0,0,0,0
248,cn7223,adjacency_build,compute,0.004943321,1,0,0,0,0,0,0,12,0,0,0,0,0,0,0,0,0,0,0
248,cn7223,vertex_numbering_local,compute,0.007840638,1,0,0,0,0,0,0,2,0,0,0,0,0,0,0,0,0,0,0
248,cn7223,vertex_count_allgather,communication,2.513457171,1,0,0,0,0,0,0,53,0,0,0,0,0,0,5,1,1,4,1024
248,cn7223,element_count_allgather,communication,0.007843938,1,0,0,0,0,0,0,1,0,0,0,0,0,0,0,1,1,4,1024
248,cn7223,vertex_exchange_prepare,compute,1.92210000023e-05,1,0,0,0,0,0,0,0,0,0,0,0,0,0,0,0,0,0,0
248,cn7223,vertex_exchange,communication,0.019754467,1,0,0,0,0,0,0,49,0,0,0,0,0,0,0,7,5,120978,53328
248,cn7223,vertex_exchange_unpack,compute,0.000814069999997,1,0,0,0,0,0,0,0,0,0,0,0,0,0,0,0,0,0,0
248,cn7223,partition_result_io,io,0,0,0,0,0,0,0,0,0,0,0,0,0,0,0,0,0,0,0,0
248,cn7223,volume_exchange_pack,compute,0.089548659,2,0,0,0,0,0,0,2,0,0,0,0,0,0,0,0,0,0,0
248,cn7223,volume_size_exchange,communication,4.13209999977e-05,1,0,0,0,0,0,0,0,0,0,0,0,0,0,0,7,7,28,28
248,cn7223,volume_payload_prepare,compute,0.000136501999997,1,0,0,0,0,0,0,0,0,0,0,0,0,0,0,0,0,0,0
248,cn7223,volume_payload_exchange,communication,0.025154554,1,0,0,0,0,0,0,10,0,0,0,0,0,0,0,7,7,1828080,1828680
248,cn7223,volume_exchange_unpack,compute,0.061056783,1,0,0,0,0,0,0,764,0,0,0,0,0,0,0,0,0,0,0
248,cn7223,final_mesh_save,io,0,0,0,0,0,0,0,0,0,0,0,0,0,0,0,0,0,0,0,0
248,cn7223,testout_io,io,0,0,0,0,0,0,0,0,0,0,0,0,0,0,0,0,0,0,0,0
248,cn7223,final_count_exchange,communication,0,0,0,0,0,0,0,0,0,0,0,0,0,0,0,0,0,0,0,0
248,cn7223,quality_evaluation,postprocess,0,0,0,0,0,0,0,0,0,0,0,0,0,0,0,0,0,0,0,0
249,cn7224,geometry_load,io,1.738175619,1,0,0,0,0,0,0,6341,0,1035092,0,0,0,2,2,0,0,0,0
249,cn7224,coarse_local_size,setup,0.450118339,1,0,0,0,0,0,0,7698,0,0,0,0,0,97,41,0,0,0,0
249,cn7224,coarse_edge_mesh,setup,0.012549385,1,0,0,0,0,0,0,550,0,0,0,0,0,0,0,0,0,0,0
249,cn7224,coarse_surface_mesh,setup,8.178089993,1,0,0,0,0,0,0,9620,0,0,0,0,0,0,10,0,0,0,0
249,cn7224,coarse_volume_mesh,setup,14.042263004,1,0,0,0,0,0,0,26571,0,0,0,0,0,82637,2736057,0,0,0,0
249,cn7224,coarse_mesh_save,io,0,0,0,0,0,0,0,0,0,0,0,0,0,0,0,0,0,0,0,0
249,cn7224,submesh_initialization,setup,0.000112920999996,1,0,0,0,0,0,0,1,0,0,0,0,0,0,0,0,0,0,0
249,cn7224,metis_partition,compute,0.367210464,1,0,0,0,0,0,0,170,0,0,0,0,0,0,1,0,0,0,0
249,cn7224,face_map_setup,compute,0.006630076,1,0,0,0,0,0,0,3,0,0,0,0,0,0,0,0,0,0,0
249,cn7224,face_local_extract,compute,0.161244315,1,0,0,0,0,0,0,654,0,0,0,0,0,0,0,0,0,0,0
249,cn7224,face_pre_collective_wait,synchronization,0.078003198,1,0,0,0,0,0,0,1,0,0,0,0,0,0,0,0,0,0,0
249,cn7224,face_collective_setup,compute,0.000105081000001,1,0,0,0,0,0,0,16,0,0,0,0,0,0,0,0,0,0,0
249,cn7224,face_allgatherv,communication,0.11642404,1,0,0,0,0,0,0,840,0,0,0,0,0,0,0,1,1,18952,4859624
249,cn7224,face_global_merge,compute,0.073289084,1,0,0,0,0,0,0,20,0,0,0,0,0,0,0,0,0,0,0
249,cn7224,part_face_create,compute,0.018329431,1,0,0,0,0,0,0,3,0,0,0,0,0,0,0,0,0,0,0
249,cn7224,surface_refine,compute,0.005647905,1,0,0,0,0,0,0,20,0,0,0,0,0,0,0,0,0,0,0
249,cn7224,refined_surface_save,io,0,0,0,0,0,0,0,0,0,0,0,0,0,0,0,0,0,0,0,0
249,cn7224,local_volume_mesh,compute,5.598172951,1,0,0,0,0,0,0,231,0,0,0,0,0,57508,1717513,0,0,0,0
249,cn7224,volume_refine,compute,0.194845582,1,0,0,0,0,0,0,4637,0,0,0,0,0,0,0,0,0,0,0
249,cn7224,refined_volume_save,io,0,0,0,0,0,0,0,0,0,0,0,0,0,0,0,0,0,0,0,0
249,cn7224,adjacency_build,compute,0.004576893,1,0,0,0,0,0,0,0,0,0,0,0,0,0,0,0,0,0,0
249,cn7224,vertex_numbering_local,compute,0.006869359,1,0,0,0,0,0,0,2,0,0,0,0,0,0,0,0,0,0,0
249,cn7224,vertex_count_allgather,communication,2.884022522,1,0,0,0,0,0,0,51,0,0,0,0,0,0,4,1,1,4,1024
249,cn7224,element_count_allgather,communication,0.007853611,1,0,0,0,0,0,0,1,0,0,0,0,0,0,0,1,1,4,1024
249,cn7224,vertex_exchange_prepare,compute,2.17400000011e-05,1,0,0,0,0,0,0,0,0,0,0,0,0,0,0,0,0,0,0
249,cn7224,vertex_exchange,communication,0.011985898,1,0,0,0,0,0,0,300,0,0,0,0,0,0,0,7,6,59180,104192
249,cn7224,vertex_exchange_unpack,compute,0.001400396,1,0,0,0,0,0,0,0,0,0,0,0,0,0,0,0,0,0,0
249,cn7224,partition_result_io,io,0,0,0,0,0,0,0,0,0,0,0,0,0,0,0,0,0,0,0,0
249,cn7224,volume_exchange_pack,compute,0.083098996,2,0,0,0,0,0,0,1,0,0,0,0,0,0,0,0,0,0,0
249,cn7224,volume_size_exchange,communication,0.013719098,1,0,0,0,0,0,0,1,0,0,0,0,0,0,0,7,7,28,28
249,cn7224,volume_payload_prepare,compute,0.000128880999995,1,0,0,0,0,0,0,0,0,0,0,0,0,0,0,0,0,0,0
249,cn7224,volume_payload_exchange,communication,0.007925731,1,0,0,0,0,0,0,33,0,0,0,0,0,0,0,7,7,1740600,1740480
249,cn7224,volume_exchange_unpack,compute,0.054996833,1,0,0,0,0,0,0,398,0,0,0,0,0,0,0,0,0,0,0
249,cn7224,final_mesh_save,io,0,0,0,0,0,0,0,0,0,0,0,0,0,0,0,0,0,0,0,0
249,cn7224,testout_io,io,0,0,0,0,0,0,0,0,0,0,0,0,0,0,0,0,0,0,0,0
249,cn7224,final_count_exchange,communication,0,0,0,0,0,0,0,0,0,0,0,0,0,0,0,0,0,0,0,0
249,cn7224,quality_evaluation,postprocess,0,0,0,0,0,0,0,0,0,0,0,0,0,0,0,0,0,0,0,0
250,cn7225,geometry_load,io,1.745157758,1,0,0,0,0,0,0,6338,0,1035092,0,0,0,2,3,0,0,0,0
250,cn7225,coarse_local_size,setup,0.455594093,1,0,0,0,0,0,0,7626,0,0,0,0,0,99,43,0,0,0,0
250,cn7225,coarse_edge_mesh,setup,0.012682023,1,0,0,0,0,0,0,569,0,0,0,0,0,0,0,0,0,0,0
250,cn7225,coarse_surface_mesh,setup,8.151975792,1,0,0,0,0,0,0,10868,0,0,0,0,0,0,13,0,0,0,0
250,cn7225,coarse_volume_mesh,setup,14.148364305,1,0,0,0,0,0,0,31695,0,0,0,0,0,86579,2670953,0,0,0,0
250,cn7225,coarse_mesh_save,io,0,0,0,0,0,0,0,0,0,0,0,0,0,0,0,0,0,0,0,0
250,cn7225,submesh_initialization,setup,0.000125521999998,1,0,0,0,0,0,0,5,0,0,0,0,0,0,0,0,0,0,0
250,cn7225,metis_partition,compute,0.37220157,1,0,0,0,0,0,0,548,0,0,0,0,0,0,0,0,0,0,0
250,cn7225,face_map_setup,compute,0.007402907,1,0,0,0,0,0,0,226,0,0,0,0,0,0,0,0,0,0,0
250,cn7225,face_local_extract,compute,0.159144396,1,0,0,0,0,0,0,647,0,0,0,0,0,0,1,0,0,0,0
250,cn7225,face_pre_collective_wait,synchronization,0.074266032,1,0,0,0,0,0,0,1,0,0,0,0,0,0,0,0,0,0,0
250,cn7225,face_collective_setup,compute,0.000120342000002,1,0,0,0,0,0,0,16,0,0,0,0,0,0,0,0,0,0,0
250,cn7225,face_allgatherv,communication,0.116496621,1,0,0,0,0,0,0,1159,0,0,0,0,0,0,0,1,1,18952,4859624
250,cn7225,face_global_merge,compute,0.07971607,1,0,0,0,0,0,0,420,0,0,0,0,0,0,0,0,0,0,0
250,cn7225,part_face_create,compute,0.019593583,1,0,0,0,0,0,0,3,0,0,0,0,0,0,0,0,0,0,0
250,cn7225,surface_refine,compute,0.00620675,1,0,0,0,0,0,0,38,0,0,0,0,0,0,0,0,0,0,0
250,cn7225,refined_surface_save,io,0,0,0,0,0,0,0,0,0,0,0,0,0,0,0,0,0,0,0,0
250,cn7225,local_volume_mesh,compute,6.301583995,1,0,0,0,0,0,0,2302,0,0,0,0,0,59818,1928335,0,0,0,0
250,cn7225,volume_refine,compute,0.221067549,1,0,0,0,0,0,0,5239,0,0,0,0,0,0,0,0,0,0,0
250,cn7225,refined_volume_save,io,0,0,0,0,0,0,0,0,0,0,0,0,0,0,0,0,0,0,0,0
250,cn7225,adjacency_build,compute,0.00480620899999,1,0,0,0,0,0,0,13,0,0,0,0,0,0,0,0,0,0,0
250,cn7225,vertex_numbering_local,compute,0.004768969,1,0,0,0,0,0,0,66,0,0,0,0,0,0,0,0,0,0,0
250,cn7225,vertex_count_allgather,communication,2.14744946,1,0,0,0,0,0,0,53,0,0,0,0,0,0,5,1,1,4,1024
250,cn7225,element_count_allgather,communication,0.007911894,1,0,0,0,0,0,0,1,0,0,0,0,0,0,0,1,1,4,1024
250,cn7225,vertex_exchange_prepare,compute,1.46400000034e-05,1,0,0,0,0,0,0,0,0,0,0,0,0,0,0,0,0,0,0
250,cn7225,vertex_exchange,communication,0.011922532,1,0,0,0,0,0,0,18,0,0,0,0,0,0,0,2,2,26312,32890
250,cn7225,vertex_exchange_unpack,compute,0.000518767999999,1,0,0,0,0,0,0,0,0,0,0,0,0,0,0,0,0,0,0
250,cn7225,partition_result_io,io,0,0,0,0,0,0,0,0,0,0,0,0,0,0,0,0,0,0,0,0
250,cn7225,volume_exchange_pack,compute,0.056008708,2,0,0,0,0,0,0,2,0,0,0,0,0,0,0,0,0,0,0
250,cn7225,volume_size_exchange,communication,0.041714082,1,0,0,0,0,0,0,1,0,0,0,0,0,0,0,3,3,12,12
250,cn7225,volume_payload_prepare,compute,4.852e-05,1,0,0,0,0,0,0,0,0,0,0,0,0,0,0,0,0,0,0
250,cn7225,volume_payload_exchange,communication,0.024721956,1,0,0,0,0,0,0,14,0,0,0,0,0,0,0,3,3,621720,618000
250,cn7225,volume_exchange_unpack,compute,0.039607971,1,0,0,0,0,0,0,0,0,0,0,0,0,0,0,0,0,0,0
250,cn7225,final_mesh_save,io,0,0,0,0,0,0,0,0,0,0,0,0,0,0,0,0,0,0,0,0
250,cn7225,testout_io,io,0,0,0,0,0,0,0,0,0,0,0,0,0,0,0,0,0,0,0,0
250,cn7225,final_count_exchange,communication,0,0,0,0,0,0,0,0,0,0,0,0,0,0,0,0,0,0,0,0
250,cn7225,quality_evaluation,postprocess,0,0,0,0,0,0,0,0,0,0,0,0,0,0,0,0,0,0,0,0
251,cn7226,geometry_load,io,1.766233868,1,0,0,0,0,0,0,6412,0,1035092,0,0,0,2,17,0,0,0,0
251,cn7226,coarse_local_size,setup,0.453038748,1,0,0,0,0,0,0,7603,0,0,0,0,0,110,46,0,0,0,0
251,cn7226,coarse_edge_mesh,setup,0.012631595,1,0,0,0,0,0,0,577,0,0,0,0,0,0,0,0,0,0,0
251,cn7226,coarse_surface_mesh,setup,8.146129613,1,0,0,0,0,0,0,10754,0,0,0,0,0,0,75,0,0,0,0
251,cn7226,coarse_volume_mesh,setup,14.292858282,1,0,0,0,0,0,0,32912,0,0,0,0,0,84912,2820471,0,0,0,0
251,cn7226,coarse_mesh_save,io,0,0,0,0,0,0,0,0,0,0,0,0,0,0,0,0,0,0,0,0
251,cn7226,submesh_initialization,setup,0.000121541999995,1,0,0,0,0,0,0,1,0,0,0,0,0,0,0,0,0,0,0
251,cn7226,metis_partition,compute,0.378188051,1,0,0,0,0,0,0,391,0,0,0,0,0,0,3,0,0,0,0
251,cn7226,face_map_setup,compute,0.00735553,1,0,0,0,0,0,0,224,0,0,0,0,0,0,0,0,0,0,0
251,cn7226,face_local_extract,compute,0.157412848,1,0,0,0,0,0,0,712,0,0,0,0,0,0,1,0,0,0,0
251,cn7226,face_pre_collective_wait,synchronization,0.070124699,1,0,0,0,0,0,0,1,0,0,0,0,0,0,2,0,0,0,0
251,cn7226,face_collective_setup,compute,0.000119542,1,0,0,0,0,0,0,13,0,0,0,0,0,0,0,0,0,0,0
251,cn7226,face_allgatherv,communication,0.116527447,1,0,0,0,0,0,0,1150,0,0,0,0,0,0,2,1,1,18952,4859624
251,cn7226,face_global_merge,compute,0.07921905,1,0,0,0,0,0,0,308,0,0,0,0,0,0,0,0,0,0,0
251,cn7226,part_face_create,compute,0.019507499,1,0,0,0,0,0,0,3,0,0,0,0,0,0,0,0,0,0,0
251,cn7226,surface_refine,compute,0.006270317,1,0,0,0,0,0,0,38,0,0,0,0,0,0,1,0,0,0,0
251,cn7226,refined_surface_save,io,0,0,0,0,0,0,0,0,0,0,0,0,0,0,0,0,0,0,0,0
251,cn7226,local_volume_mesh,compute,6.02920183,1,0,0,0,0,0,0,761,0,0,0,0,0,55201,1873330,0,0,0,0
251,cn7226,volume_refine,compute,0.220007594,1,0,0,0,0,0,0,4618,0,0,0,0,0,0,2,0,0,0,0
251,cn7226,refined_volume_save,io,0,0,0,0,0,0,0,0,0,0,0,0,0,0,0,0,0,0,0,0
251,cn7226,adjacency_build,compute,0.004754138,1,0,0,0,0,0,0,0,0,0,0,0,0,0,0,0,0,0,0
251,cn7226,vertex_numbering_local,compute,0.005276365,1,0,0,0,0,0,0,1,0,0,0,0,0,0,0,0,0,0,0
251,cn7226,vertex_count_allgather,communication,2.421068267,1,0,0,0,0,0,0,100,0,0,0,0,0,0,21,1,1,4,1024
251,cn7226,element_count_allgather,communication,0.007877796,1,0,0,0,0,0,0,2,0,0,0,0,0,0,0,1,1,4,1024
251,cn7226,vertex_exchange_prepare,compute,5.26610000051e-05,1,0,0,0,0,0,0,29,0,0,0,0,0,0,0,0,0,0,0
251,cn7226,vertex_exchange,communication,0.019432558,1,0,0,0,0,0,0,46,0,0,0,0,0,0,0,0,5,0,79398
251,cn7226,vertex_exchange_unpack,compute,0.002157226,1,0,0,0,0,0,0,964,0,0,0,0,0,0,1,0,0,0,0
251,cn7226,partition_result_io,io,0,0,0,0,0,0,0,0,0,0,0,0,0,0,0,0,0,0,0,0
251,cn7226,volume_exchange_pack,compute,0.06777657,2,0,0,0,0,0,0,1530,0,0,0,0,0,0,0,0,0,0,0
251,cn7226,volume_size_exchange,communication,0.027442536,1,0,0,0,0,0,0,5,0,0,0,0,0,0,1,5,5,20,20
251,cn7226,volume_payload_prepare,compute,0.000128701999998,1,0,0,0,0,0,0,52,0,0,0,0,0,0,0,0,0,0,0
251,cn7226,volume_payload_exchange,communication,0.001261576,1,0,0,0,0,0,0,13,0,0,0,0,0,0,0,5,5,834840,837840
251,cn7226,volume_exchange_unpack,compute,0.042951046,1,0,0,0,0,0,0,783,0,0,0,0,0,0,1,0,0,0,0
251,cn7226,final_mesh_save,io,0,0,0,0,0,0,0,0,0,0,0,0,0,0,0,0,0,0,0,0
251,cn7226,testout_io,io,0,0,0,0,0,0,0,0,0,0,0,0,0,0,0,0,0,0,0,0
251,cn7226,final_count_exchange,communication,0,0,0,0,0,0,0,0,0,0,0,0,0,0,0,0,0,0,0,0
251,cn7226,quality_evaluation,postprocess,0,0,0,0,0,0,0,0,0,0,0,0,0,0,0,0,0,0,0,0
252,cn7227,geometry_load,io,1.734710809,1,0,0,0,0,0,0,6306,0,1035092,0,0,0,2,3,0,0,0,0
252,cn7227,coarse_local_size,setup,0.446642954,1,0,0,0,0,0,0,7668,0,0,0,0,0,100,50,0,0,0,0
252,cn7227,coarse_edge_mesh,setup,0.012668664,1,0,0,0,0,0,0,579,0,0,0,0,0,0,0,0,0,0,0
252,cn7227,coarse_surface_mesh,setup,8.173548719,1,0,0,0,0,0,0,10824,0,0,0,0,0,0,15,0,0,0,0
252,cn7227,coarse_volume_mesh,setup,14.14193735,1,0,0,0,0,0,0,27934,0,0,0,0,0,82222,2764345,0,0,0,0
252,cn7227,coarse_mesh_save,io,0,0,0,0,0,0,0,0,0,0,0,0,0,0,0,0,0,0,0,0
252,cn7227,submesh_initialization,setup,0.000125722,1,0,0,0,0,0,0,2,0,0,0,0,0,0,0,0,0,0,0
252,cn7227,metis_partition,compute,0.376364129,1,0,0,0,0,0,0,413,0,0,0,0,0,0,1,0,0,0,0
252,cn7227,face_map_setup,compute,0.007157393,1,0,0,0,0,0,0,227,0,0,0,0,0,0,0,0,0,0,0
252,cn7227,face_local_extract,compute,0.161171057,1,0,0,0,0,0,0,557,0,0,0,0,0,0,0,0,0,0,0
252,cn7227,face_pre_collective_wait,synchronization,0.068355121,1,0,0,0,0,0,0,1,0,0,0,0,0,0,0,0,0,0,0
252,cn7227,face_collective_setup,compute,0.000113401,1,0,0,0,0,0,0,16,0,0,0,0,0,0,0,0,0,0,0
252,cn7227,face_allgatherv,communication,0.116582982,1,0,0,0,0,0,0,776,0,0,0,0,0,0,1,1,1,18952,4859624
252,cn7227,face_global_merge,compute,0.079649666,1,0,0,0,0,0,0,302,0,0,0,0,0,0,0,0,0,0,0
252,cn7227,part_face_create,compute,0.019237068,1,0,0,0,0,0,0,3,0,0,0,0,0,0,0,0,0,0,0
252,cn7227,surface_refine,compute,0.006117399,1,0,0,0,0,0,0,38,0,0,0,0,0,0,0,0,0,0,0
252,cn7227,refined_surface_save,io,0,0,0,0,0,0,0,0,0,0,0,0,0,0,0,0,0,0,0,0
252,cn7227,local_volume_mesh,compute,5.874682864,1,0,0,0,0,0,0,2856,0,0,0,0,0,56491,1736032,0,0,0,0
252,cn7227,volume_refine,compute,0.209404818,1,0,0,0,0,0,0,3894,0,0,0,0,0,0,0,0,0,0,0
252,cn7227,refined_volume_save,io,0,0,0,0,0,0,0,0,0,0,0,0,0,0,0,0,0,0,0,0
252,cn7227,adjacency_build,compute,0.004824423,1,0,0,0,0,0,0,6,0,0,0,0,0,0,0,0,0,0,0
252,cn7227,vertex_numbering_local,compute,0.006892549,1,0,0,0,0,0,0,2,0,0,0,0,0,0,0,0,0,0,0
252,cn7227,vertex_count_allgather,communication,2.584441295,1,0,0,0,0,0,0,52,0,0,0,0,0,0,4,1,1,4,1024
252,cn7227,element_count_allgather,communication,0.007849881,1,0,0,0,0,0,0,1,0,0,0,0,0,0,0,1,1,4,1024
252,cn7227,vertex_exchange_prepare,compute,2.32400000044e-05,1,0,0,0,0,0,0,0,0,0,0,0,0,0,0,0,0,0,0
252,cn7227,vertex_exchange,communication,0.011856473,1,0,0,0,0,0,0,38,0,0,0,0,0,0,0,5,6,52184,91960
252,cn7227,vertex_exchange_unpack,compute,0.001352738,1,0,0,0,0,0,0,1,0,0,0,0,0,0,0,0,0,0,0
252,cn7227,partition_result_io,io,0,0,0,0,0,0,0,0,0,0,0,0,0,0,0,0,0,0,0,0
252,cn7227,volume_exchange_pack,compute,0.077195014,2,0,0,0,0,0,0,1,0,0,0,0,0,0,0,0,0,0,0
252,cn7227,volume_size_exchange,communication,0.019751315,1,0,0,0,0,0,0,6,0,0,0,0,0,0,0,6,6,24,24
252,cn7227,volume_payload_prepare,compute,0.000112682000001,1,0,0,0,0,0,0,0,0,0,0,0,0,0,0,0,0,0,0
252,cn7227,volume_payload_exchange,communication,0.025319806,1,0,0,0,0,0,0,28,0,0,0,0,0,0,0,6,6,1522920,1515720
252,cn7227,volume_exchange_unpack,compute,0.053589951,1,0,0,0,0,0,0,240,0,0,0,0,0,0,0,0,0,0,0
252,cn7227,final_mesh_save,io,0,0,0,0,0,0,0,0,0,0,0,0,0,0,0,0,0,0,0,0
252,cn7227,testout_io,io,0,0,0,0,0,0,0,0,0,0,0,0,0,0,0,0,0,0,0,0
252,cn7227,final_count_exchange,communication,0,0,0,0,0,0,0,0,0,0,0,0,0,0,0,0,0,0,0,0
252,cn7227,quality_evaluation,postprocess,0,0,0,0,0,0,0,0,0,0,0,0,0,0,0,0,0,0,0,0
253,cn7228,geometry_load,io,1.724088966,1,0,0,0,0,0,0,6470,0,1035092,0,0,0,2,7,0,0,0,0
253,cn7228,coarse_local_size,setup,0.445978793,1,0,0,0,0,0,0,7532,0,0,0,0,0,98,46,0,0,0,0
253,cn7228,coarse_edge_mesh,setup,0.012581818,1,0,0,0,0,0,0,521,0,0,0,0,0,0,0,0,0,0,0
253,cn7228,coarse_surface_mesh,setup,8.110327027,1,0,0,0,0,0,0,9399,0,0,0,0,0,0,27,0,0,0,0
253,cn7228,coarse_volume_mesh,setup,14.048634348,1,0,0,0,0,0,0,24344,0,0,0,0,0,87112,2694027,0,0,0,0
253,cn7228,coarse_mesh_save,io,0,0,0,0,0,0,0,0,0,0,0,0,0,0,0,0,0,0,0,0
253,cn7228,submesh_initialization,setup,0.000120721000002,1,0,0,0,0,0,0,1,0,0,0,0,0,0,0,0,0,0,0
253,cn7228,metis_partition,compute,0.361993964,1,0,0,0,0,0,0,268,0,0,0,0,0,0,1,0,0,0,0
253,cn7228,face_map_setup,compute,0.006731855,1,0,0,0,0,0,0,9,0,0,0,0,0,0,0,0,0,0,0
253,cn7228,face_local_extract,compute,0.161296063,1,0,0,0,0,0,0,620,0,0,0,0,0,0,1,0,0,0,0
253,cn7228,face_pre_collective_wait,synchronization,0.083087556,1,0,0,0,0,0,0,1,0,0,0,0,0,0,0,0,0,0,0
253,cn7228,face_collective_setup,compute,0.000108982,1,0,0,0,0,0,0,16,0,0,0,0,0,0,0,0,0,0,0
253,cn7228,face_allgatherv,communication,0.116618711,1,0,0,0,0,0,0,679,0,0,0,0,0,0,0,1,1,18952,4859624
253,cn7228,face_global_merge,compute,0.075318986,1,0,0,0,0,0,0,138,0,0,0,0,0,0,0,0,0,0,0
253,cn7228,part_face_create,compute,0.018271298,1,0,0,0,0,0,0,3,0,0,0,0,0,0,0,0,0,0,0
253,cn7228,surface_refine,compute,0.005725661,1,0,0,0,0,0,0,38,0,0,0,0,0,0,0,0,0,0,0
253,cn7228,refined_surface_save,io,0,0,0,0,0,0,0,0,0,0,0,0,0,0,0,0,0,0,0,0
253,cn7228,local_volume_mesh,compute,5.841098645,1,0,0,0,0,0,0,767,0,0,0,0,0,57884,1802945,0,0,0,0
253,cn7228,volume_refine,compute,0.204719298,1,0,0,0,0,0,0,4289,0,0,0,0,0,0,0,0,0,0,0
253,cn7228,refined_volume_save,io,0,0,0,0,0,0,0,0,0,0,0,0,0,0,0,0,0,0,0,0
253,cn7228,adjacency_build,compute,0.004468383,1,0,0,0,0,0,0,0,0,0,0,0,0,0,0,0,0,0,0
253,cn7228,vertex_numbering_local,compute,0.006246069,1,0,0,0,0,0,0,2,0,0,0,0,0,0,0,0,0,0,0
253,cn7228,vertex_count_allgather,communication,2.629637584,1,0,0,0,0,0,0,41,0,0,0,0,0,0,7,1,1,4,1024
253,cn7228,element_count_allgather,communication,0.00793893199999,1,0,0,0,0,0,0,1,0,0,0,0,0,0,0,1,1,4,1024
253,cn7228,vertex_exchange_prepare,compute,2.04000000039e-05,1,0,0,0,0,0,0,0,0,0,0,0,0,0,0,0,0,0,0
253,cn7228,vertex_exchange,communication,0.020219666,1,0,0,0,0,0,0,37,0,0,0,0,0,0,0,3,6,27016,107514
253,cn7228,vertex_exchange_unpack,compute,0.00146704100001,1,0,0,0,0,0,0,0,0,0,0,0,0,0,0,0,0,0,0
253,cn7228,partition_result_io,io,0,0,0,0,0,0,0,0,0,0,0,0,0,0,0,0,0,0,0,0
253,cn7228,volume_exchange_pack,compute,0.078080565,2,0,0,0,0,0,0,1,0,0,0,0,0,0,0,0,0,0,0
253,cn7228,volume_size_exchange,communication,0.010390447,1,0,0,0,0,0,0,6,0,0,0,0,0,0,0,8,8,32,32
253,cn7228,volume_payload_prepare,compute,0.000107261000004,1,0,0,0,0,0,0,0,0,0,0,0,0,0,0,0,0,0,0
253,cn7228,volume_payload_exchange,communication,0.025300739,1,0,0,0,0,0,0,28,0,0,0,0,0,0,0,8,8,1420800,1422960
253,cn7228,volume_exchange_unpack,compute,0.053144672,1,0,0,0,0,0,0,0,0,0,0,0,0,0,0,0,0,0,0
253,cn7228,final_mesh_save,io,0,0,0,0,0,0,0,0,0,0,0,0,0,0,0,0,0,0,0,0
253,cn7228,testout_io,io,0,0,0,0,0,0,0,0,0,0,0,0,0,0,0,0,0,0,0,0
253,cn7228,final_count_exchange,communication,0,0,0,0,0,0,0,0,0,0,0,0,0,0,0,0,0,0,0,0
253,cn7228,quality_evaluation,postprocess,0,0,0,0,0,0,0,0,0,0,0,0,0,0,0,0,0,0,0,0
254,cn7229,geometry_load,io,1.707604113,1,0,0,0,0,0,0,6538,0,1035092,0,0,0,2,2,0,0,0,0
254,cn7229,coarse_local_size,setup,0.441854049,1,0,0,0,0,0,0,7642,0,0,0,0,0,121,92,0,0,0,0
254,cn7229,coarse_edge_mesh,setup,0.012560417,1,0,0,0,0,0,0,523,0,0,0,0,0,0,0,0,0,0,0
254,cn7229,coarse_surface_mesh,setup,8.199021606,1,0,0,0,0,0,0,11011,0,0,0,0,0,0,11,0,0,0,0
254,cn7229,coarse_volume_mesh,setup,14.037022189,1,0,0,0,0,0,0,34245,0,0,0,0,0,85352,2688844,0,0,0,0
254,cn7229,coarse_mesh_save,io,0,0,0,0,0,0,0,0,0,0,0,0,0,0,0,0,0,0,0,0
254,cn7229,submesh_initialization,setup,0.000123662,1,0,0,0,0,0,0,1,0,0,0,0,0,0,0,0,0,0,0
254,cn7229,metis_partition,compute,0.388086071,1,0,0,0,0,0,0,772,0,0,0,0,0,0,0,0,0,0,0
254,cn7229,face_map_setup,compute,0.007353443,1,0,0,0,0,0,0,237,0,0,0,0,0,0,0,0,0,0,0
254,cn7229,face_local_extract,compute,0.158021168,1,0,0,0,0,0,0,637,0,0,0,0,0,0,0,0,0,0,0
254,cn7229,face_pre_collective_wait,synchronization,0.05957936,1,0,0,0,0,0,0,1,0,0,0,0,0,0,1,0,0,0,0
254,cn7229,face_collective_setup,compute,0.000115280999999,1,0,0,0,0,0,0,16,0,0,0,0,0,0,0,0,0,0,0
254,cn7229,face_allgatherv,communication,0.116610944,1,0,0,0,0,0,0,1155,0,0,0,0,0,0,0,1,1,18952,4859624
254,cn7229,face_global_merge,compute,0.078962393,1,0,0,0,0,0,0,372,0,0,0,0,0,0,0,0,0,0,0
254,cn7229,part_face_create,compute,0.019694838,1,0,0,0,0,0,0,3,0,0,0,0,0,0,0,0,0,0,0
254,cn7229,surface_refine,compute,0.006967339,1,0,0,0,0,0,0,42,0,0,0,0,0,0,0,0,0,0,0
254,cn7229,refined_surface_save,io,0,0,0,0,0,0,0,0,0,0,0,0,0,0,0,0,0,0,0,0
254,cn7229,local_volume_mesh,compute,7.193740315,1,0,0,0,0,0,0,3127,0,0,0,0,0,62696,2055218,0,0,0,0
254,cn7229,volume_refine,compute,0.266389216,1,0,0,0,0,0,0,5764,0,0,0,0,0,0,0,0,0,0,0
254,cn7229,refined_volume_save,io,0,0,0,0,0,0,0,0,0,0,0,0,0,0,0,0,0,0,0,0
254,cn7229,adjacency_build,compute,0.004742727,1,0,0,0,0,0,0,8,0,0,0,0,0,0,0,0,0,0,0
254,cn7229,vertex_numbering_local,compute,0.005092871,1,0,0,0,0,0,0,6,0,0,0,0,0,0,0,0,0,0,0
254,cn7229,vertex_count_allgather,communication,1.20940653,1,0,0,0,0,0,0,50,0,0,0,0,0,0,1,1,1,4,1024
254,cn7229,element_count_allgather,communication,0.00786841,1,0,0,0,0,0,0,1,0,0,0,0,0,0,0,1,1,4,1024
254,cn7229,vertex_exchange_prepare,compute,1.43000000037e-05,1,0,0,0,0,0,0,0,0,0,0,0,0,0,0,0,0,0,0
254,cn7229,vertex_exchange,communication,0.009779778,1,0,0,0,0,0,0,17,0,0,0,0,0,0,0,1,2,17952,33286
254,cn7229,vertex_exchange_unpack,compute,0.000522267000001,1,0,0,0,0,0,0,0,0,0,0,0,0,0,0,0,0,0,0
254,cn7229,partition_result_io,io,0,0,0,0,0,0,0,0,0,0,0,0,0,0,0,0,0,0,0,0
254,cn7229,volume_exchange_pack,compute,0.071266564,2,0,0,0,0,0,0,2,0,0,0,0,0,0,1,0,0,0,0
254,cn7229,volume_size_exchange,communication,0.021022196,1,0,0,0,0,0,0,0,0,0,0,0,0,0,0,3,3,12,12
254,cn7229,volume_payload_prepare,compute,4.22210000011e-05,1,0,0,0,0,0,0,0,0,0,0,0,0,0,0,0,0,0,0
254,cn7229,volume_payload_exchange,communication,0.010539369,1,0,0,0,0,0,0,36,0,0,0,0,0,0,0,3,3,524400,524880
254,cn7229,volume_exchange_unpack,compute,0.046395794,1,0,0,0,0,0,0,0,0,0,0,0,0,0,0,0,0,0,0
254,cn7229,final_mesh_save,io,0,0,0,0,0,0,0,0,0,0,0,0,0,0,0,0,0,0,0,0
254,cn7229,testout_io,io,0,0,0,0,0,0,0,0,0,0,0,0,0,0,0,0,0,0,0,0
254,cn7229,final_count_exchange,communication,0,0,0,0,0,0,0,0,0,0,0,0,0,0,0,0,0,0,0,0
254,cn7229,quality_evaluation,postprocess,0,0,0,0,0,0,0,0,0,0,0,0,0,0,0,0,0,0,0,0
255,cn7230,geometry_load,io,1.739471236,1,0,0,0,0,0,0,6338,0,1035092,0,0,0,2,2,0,0,0,0
255,cn7230,coarse_local_size,setup,0.446591291,1,0,0,0,0,0,0,7503,0,0,0,0,0,113,83,0,0,0,0
255,cn7230,coarse_edge_mesh,setup,0.012571361,1,0,0,0,0,0,0,567,0,0,0,0,0,0,1,0,0,0,0
255,cn7230,coarse_surface_mesh,setup,8.181291231,1,0,0,0,0,0,0,10857,0,0,0,0,0,0,9,0,0,0,0
255,cn7230,coarse_volume_mesh,setup,13.937157569,1,0,0,0,0,0,0,31562,0,0,0,0,0,83562,2807845,0,0,0,0
255,cn7230,coarse_mesh_save,io,0,0,0,0,0,0,0,0,0,0,0,0,0,0,0,0,0,0,0,0
255,cn7230,submesh_initialization,setup,0.000125841999996,1,0,0,0,0,0,0,2,0,0,0,0,0,0,0,0,0,0,0
255,cn7230,metis_partition,compute,0.377844459,1,0,0,0,0,0,0,429,0,0,0,0,0,0,0,0,0,0,0
255,cn7230,face_map_setup,compute,0.007208081,1,0,0,0,0,0,0,226,0,0,0,0,0,0,0,0,0,0,0
255,cn7230,face_local_extract,compute,0.156292714,1,0,0,0,0,0,0,712,0,0,0,0,0,0,0,0,0,0,0
255,cn7230,face_pre_collective_wait,synchronization,0.071725525,1,0,0,0,0,0,0,1,0,0,0,0,0,0,0,0,0,0,0
255,cn7230,face_collective_setup,compute,0.000103541000001,1,0,0,0,0,0,0,16,0,0,0,0,0,0,0,0,0,0,0
255,cn7230,face_allgatherv,communication,0.108904402,1,0,0,0,0,0,0,1154,0,0,0,0,0,0,0,1,1,26864,4859624
255,cn7230,face_global_merge,compute,0.079905817,1,0,0,0,0,0,0,438,0,0,0,0,0,0,0,0,0,0,0
255,cn7230,part_face_create,compute,0.01967408,1,0,0,0,0,0,0,3,0,0,0,0,0,0,0,0,0,0,0
255,cn7230,surface_refine,compute,0.007336322,1,0,0,0,0,0,0,42,0,0,0,0,0,0,0,0,0,0,0
255,cn7230,refined_surface_save,io,0,0,0,0,0,0,0,0,0,0,0,0,0,0,0,0,0,0,0,0
255,cn7230,local_volume_mesh,compute,7.323592908,1,0,0,0,0,0,0,3024,0,0,0,0,0,65204,2009024,0,0,0,0
255,cn7230,volume_refine,compute,0.269272001,1,0,0,0,0,0,0,5098,0,0,0,0,0,0,0,0,0,0,0
255,cn7230,refined_volume_save,io,0,0,0,0,0,0,0,0,0,0,0,0,0,0,0,0,0,0,0,0
255,cn7230,adjacency_build,compute,0.004907155,1,0,0,0,0,0,0,10,0,0,0,0,0,0,0,0,0,0,0
255,cn7230,vertex_numbering_local,compute,0.006730416,1,0,0,0,0,0,0,4,0,0,0,0,0,0,0,0,0,0,0
255,cn7230,vertex_count_allgather,communication,1.081425373,1,0,0,0,0,0,0,51,0,0,0,0,0,0,1,1,1,4,1024
255,cn7230,element_count_allgather,communication,0.007808787,1,0,0,0,0,0,0,1,0,0,0,0,0,0,0,1,1,4,1024
255,cn7230,vertex_exchange_prepare,compute,2.22599999944e-05,1,0,0,0,0,0,0,0,0,0,0,0,0,0,0,0,0,0,0
255,cn7230,vertex_exchange,communication,0.019520579,1,0,0,0,0,0,0,32,0,0,0,0,0,0,0,0,8,0,84172
255,cn7230,vertex_exchange_unpack,compute,0.001274194,1,0,0,0,0,0,0,0,0,0,0,0,0,0,0,0,0,0,0
255,cn7230,partition_result_io,io,0,0,0,0,0,0,0,0,0,0,0,0,0,0,0,0,0,0,0,0
255,cn7230,volume_exchange_pack,compute,0.081668276,2,0,0,0,0,0,0,2,0,0,0,0,0,0,0,0,0,0,0
255,cn7230,volume_size_exchange,communication,0.00966328800001,1,0,0,0,0,0,0,14,0,0,0,0,0,0,0,7,7,28,28
255,cn7230,volume_payload_prepare,compute,6.81610000015e-05,1,0,0,0,0,0,0,0,0,0,0,0,0,0,0,0,0,0,0
255,cn7230,volume_payload_exchange,communication,0.002039543,1,0,0,0,0,0,0,31,0,0,0,0,0,0,0,7,7,863520,865200
255,cn7230,volume_exchange_unpack,compute,0.054527392,1,0,0,0,0,0,0,170,0,0,0,0,0,0,0,0,0,0,0
255,cn7230,final_mesh_save,io,0,0,0,0,0,0,0,0,0,0,0,0,0,0,0,0,0,0,0,0
255,cn7230,testout_io,io,0,0,0,0,0,0,0,0,0,0,0,0,0,0,0,0,0,0,0,0
255,cn7230,final_count_exchange,communication,0,0,0,0,0,0,0,0,0,0,0,0,0,0,0,0,0,0,0,0
255,cn7230,quality_evaluation,postprocess,0,0,0,0,0,0,0,0,0,0,0,0,0,0,0,0,0,0,0,0
