rank,host,stage,category,time_s,calls,cache_references,cache_misses,cache_miss_rate_percent,instructions,cycles,ipc,minor_faults,major_faults,rchar_bytes,wchar_bytes,physical_read_bytes,physical_write_bytes,voluntary_context_switches,involuntary_context_switches,send_messages,receive_messages,send_bytes,receive_bytes
0,cn2408,geometry_load,io,1.748462616,1,0,0,0,0,0,0,6177,0,1035093,0,0,0,2,2,0,0,0,0
0,cn2408,coarse_local_size,setup,0.451534936,1,0,0,0,0,0,0,8556,0,0,0,0,0,94,20,0,0,0,0
0,cn2408,coarse_edge_mesh,setup,0.012509882,1,0,0,0,0,0,0,486,0,0,0,0,0,0,0,0,0,0,0
0,cn2408,coarse_surface_mesh,setup,8.089919583,1,0,0,0,0,0,0,11281,0,0,0,0,0,0,8,0,0,0,0
0,cn2408,coarse_volume_mesh,setup,13.381655035,1,0,0,0,0,0,0,19390,0,0,0,0,0,40838,1597372,0,0,0,0
0,cn2408,coarse_mesh_save,io,0,0,0,0,0,0,0,0,0,0,0,0,0,0,0,0,0,0,0,0
0,cn2408,submesh_initialization,setup,0.000119062000003,1,0,0,0,0,0,0,1,0,0,0,0,0,0,0,0,0,0,0
0,cn2408,metis_partition,compute,0.132238335,1,0,0,0,0,0,0,62,0,0,0,0,0,0,0,0,0,0,0
0,cn2408,face_map_setup,compute,0.00695223,1,0,0,0,0,0,0,261,0,0,0,0,0,0,0,0,0,0,0
0,cn2408,face_local_extract,compute,0.154698546,1,0,0,0,0,0,0,185,0,0,0,0,0,0,0,0,0,0,0
0,cn2408,face_pre_collective_wait,synchronization,0.0493437,1,0,0,0,0,0,0,0,0,0,0,0,0,0,0,0,0,0,0
0,cn2408,face_collective_setup,compute,0.000125761,1,0,0,0,0,0,0,15,0,0,0,0,0,0,0,0,0,0,0
0,cn2408,face_allgatherv,communication,0.066763506,1,0,0,0,0,0,0,35,0,0,0,0,0,0,0,1,1,151800,4859624
0,cn2408,face_global_merge,compute,0.073163249,1,0,0,0,0,0,0,0,0,0,0,0,0,0,0,0,0,0,0
0,cn2408,part_face_create,compute,0.01770111,1,0,0,0,0,0,0,3,0,0,0,0,0,0,0,0,0,0,0
0,cn2408,surface_refine,compute,0.019508233,1,0,0,0,0,0,0,1,0,0,0,0,0,0,0,0,0,0,0
0,cn2408,refined_surface_save,io,0,0,0,0,0,0,0,0,0,0,0,0,0,0,0,0,0,0,0,0
0,cn2408,local_volume_mesh,compute,17.897134739,1,0,0,0,0,0,0,6748,0,0,0,0,0,26854,1607309,0,0,0,0
0,cn2408,volume_refine,compute,1.579495025,1,0,0,0,0,0,0,7013,0,0,0,0,0,0,2,0,0,0,0
0,cn2408,refined_volume_save,io,0,0,0,0,0,0,0,0,0,0,0,0,0,0,0,0,0,0,0,0
0,cn2408,adjacency_build,compute,0.003444824,1,0,0,0,0,0,0,0,0,0,0,0,0,0,0,0,0,0,0
0,cn2408,vertex_numbering_local,compute,0.020423185,1,0,0,0,0,0,0,2,0,0,0,0,0,0,0,0,0,0,0
0,cn2408,vertex_count_allgather,communication,7.707007057,1,0,0,0,0,0,0,43,0,0,0,0,0,0,8,1,1,4,128
0,cn2408,element_count_allgather,communication,0.002151168,1,0,0,0,0,0,0,0,0,0,0,0,0,0,0,1,1,4,128
0,cn2408,vertex_exchange_prepare,compute,2.10209999949e-05,1,0,0,0,0,0,0,8,0,0,0,0,0,0,0,0,0,0,0
0,cn2408,vertex_exchange,communication,0.002829637,1,0,0,0,0,0,0,58,0,0,0,0,0,0,0,4,2,259006,2376
0,cn2408,vertex_exchange_unpack,compute,7.57410000034e-05,1,0,0,0,0,0,0,12,0,0,0,0,0,0,0,0,0,0,0
0,cn2408,partition_result_io,io,0,0,0,0,0,0,0,0,0,0,0,0,0,0,0,0,0,0,0,0
0,cn2408,volume_exchange_pack,compute,0.42796727,2,0,0,0,0,0,0,1022,0,0,0,0,0,0,0,0,0,0,0
0,cn2408,volume_size_exchange,communication,0.140707564,1,0,0,0,0,0,0,0,0,0,0,0,0,0,0,3,3,12,12
0,cn2408,volume_payload_prepare,compute,0.000225583000002,1,0,0,0,0,0,0,68,0,0,0,0,0,0,0,0,0,0,0
0,cn2408,volume_payload_exchange,communication,0.013797279,1,0,0,0,0,0,0,535,0,0,0,0,0,0,0,3,3,2796960,2793480
0,cn2408,volume_exchange_unpack,compute,0.337857222,1,0,0,0,0,0,0,14643,0,0,0,0,0,0,1,0,0,0,0
0,cn2408,final_mesh_save,io,0,0,0,0,0,0,0,0,0,0,0,0,0,0,0,0,0,0,0,0
0,cn2408,testout_io,io,0,0,0,0,0,0,0,0,0,0,0,0,0,0,0,0,0,0,0,0
0,cn2408,final_count_exchange,communication,0,0,0,0,0,0,0,0,0,0,0,0,0,0,0,0,0,0,0,0
0,cn2408,quality_evaluation,postprocess,0,0,0,0,0,0,0,0,0,0,0,0,0,0,0,0,0,0,0,0
1,cn2409,geometry_load,io,1.742887842,1,0,0,0,0,0,0,6172,0,1035092,0,0,0,2,18,0,0,0,0
1,cn2409,coarse_local_size,setup,0.461945517,1,0,0,0,0,0,0,8693,0,0,0,0,0,112,24,0,0,0,0
1,cn2409,coarse_edge_mesh,setup,0.012510979,1,0,0,0,0,0,0,524,0,0,0,0,0,0,0,0,0,0,0
1,cn2409,coarse_surface_mesh,setup,8.276518556,1,0,0,0,0,0,0,17351,0,0,0,0,0,0,75,0,0,0,0
1,cn2409,coarse_volume_mesh,setup,13.38000658,1,0,0,0,0,0,0,33364,0,0,0,0,0,37526,1606477,0,0,0,0
1,cn2409,coarse_mesh_save,io,0,0,0,0,0,0,0,0,0,0,0,0,0,0,0,0,0,0,0,0
1,cn2409,submesh_initialization,setup,0.000128841999995,1,0,0,0,0,0,0,10,0,0,0,0,0,0,0,0,0,0,0
1,cn2409,metis_partition,compute,0.14565384,1,0,0,0,0,0,0,853,0,0,0,0,0,0,1,0,0,0,0
1,cn2409,face_map_setup,compute,0.007279052,1,0,0,0,0,0,0,218,0,0,0,0,0,0,0,0,0,0,0
1,cn2409,face_local_extract,compute,0.160425287,1,0,0,0,0,0,0,648,0,0,0,0,0,0,1,0,0,0,0
1,cn2409,face_pre_collective_wait,synchronization,0.029853337,1,0,0,0,0,0,0,0,0,0,0,0,0,0,0,0,0,0,0
1,cn2409,face_collective_setup,compute,0.000114702000005,1,0,0,0,0,0,0,16,0,0,0,0,0,0,0,0,0,0,0
1,cn2409,face_allgatherv,communication,0.06651298,1,0,0,0,0,0,0,1147,0,0,0,0,0,0,1,1,1,151800,4859624
1,cn2409,face_global_merge,compute,0.080128892,1,0,0,0,0,0,0,570,0,0,0,0,0,0,4,0,0,0,0
1,cn2409,part_face_create,compute,0.019405125,1,0,0,0,0,0,0,4,0,0,0,0,0,0,0,0,0,0,0
1,cn2409,surface_refine,compute,0.032059605,1,0,0,0,0,0,0,960,0,0,0,0,0,0,0,0,0,0,0
1,cn2409,refined_surface_save,io,0,0,0,0,0,0,0,0,0,0,0,0,0,0,0,0,0,0,0,0
1,cn2409,local_volume_mesh,compute,21.662900736,1,0,0,0,0,0,0,26269,0,0,0,0,0,41309,2355489,0,0,0,0
1,cn2409,volume_refine,compute,1.979077747,1,0,0,0,0,0,0,15286,0,0,0,0,0,0,17,0,0,0,0
1,cn2409,refined_volume_save,io,0,0,0,0,0,0,0,0,0,0,0,0,0,0,0,0,0,0,0,0
1,cn2409,adjacency_build,compute,0.00390587000001,1,0,0,0,0,0,0,6,0,0,0,0,0,0,0,0,0,0,0
1,cn2409,vertex_numbering_local,compute,0.028614442,1,0,0,0,0,0,0,303,0,0,0,0,0,0,0,0,0,0,0
1,cn2409,vertex_count_allgather,communication,3.511752632,1,0,0,0,0,0,0,70,0,0,0,0,0,0,30,1,1,4,128
1,cn2409,element_count_allgather,communication,0.002040686,1,0,0,0,0,0,0,0,0,0,0,0,0,0,0,1,1,4,128
1,cn2409,vertex_exchange_prepare,compute,0.000108501999989,1,0,0,0,0,0,0,29,0,0,0,0,0,0,0,0,0,0,0
1,cn2409,vertex_exchange,communication,0.003670646,1,0,0,0,0,0,0,47,0,0,0,0,0,0,1,5,2,216524,109956
1,cn2409,vertex_exchange_unpack,compute,0.00162399999999,1,0,0,0,0,0,0,0,0,0,0,0,0,0,0,0,0,0,0
1,cn2409,partition_result_io,io,0,0,0,0,0,0,0,0,0,0,0,0,0,0,0,0,0,0,0,0
1,cn2409,volume_exchange_pack,compute,0.565997211,2,0,0,0,0,0,0,1579,0,0,0,0,0,0,5,0,0,0,0
1,cn2409,volume_size_exchange,communication,0.011978431,1,0,0,0,0,0,0,1,0,0,0,0,0,0,0,5,5,20,20
1,cn2409,volume_payload_prepare,compute,0.000252324000002,1,0,0,0,0,0,0,34,0,0,0,0,0,0,0,0,0,0,0
1,cn2409,volume_payload_exchange,communication,0.015378034,1,0,0,0,0,0,0,343,0,0,0,0,0,0,0,5,5,3443280,3438840
1,cn2409,volume_exchange_unpack,compute,0.387452935,1,0,0,0,0,0,0,16722,0,0,0,0,0,0,4,0,0,0,0
1,cn2409,final_mesh_save,io,0,0,0,0,0,0,0,0,0,0,0,0,0,0,0,0,0,0,0,0
1,cn2409,testout_io,io,0,0,0,0,0,0,0,0,0,0,0,0,0,0,0,0,0,0,0,0
1,cn2409,final_count_exchange,communication,0,0,0,0,0,0,0,0,0,0,0,0,0,0,0,0,0,0,0,0
1,cn2409,quality_evaluation,postprocess,0,0,0,0,0,0,0,0,0,0,0,0,0,0,0,0,0,0,0,0
2,cn2410,geometry_load,io,1.727447426,1,0,0,0,0,0,0,5744,0,1035092,0,0,0,2,4,0,0,0,0
2,cn2410,coarse_local_size,setup,0.444701871,1,0,0,0,0,0,0,8785,0,0,0,0,0,82,20,0,0,0,0
2,cn2410,coarse_edge_mesh,setup,0.012462119,1,0,0,0,0,0,0,506,0,0,0,0,0,0,0,0,0,0,0
2,cn2410,coarse_surface_mesh,setup,8.193436113,1,0,0,0,0,0,0,15489,0,0,0,0,0,0,12,0,0,0,0
2,cn2410,coarse_volume_mesh,setup,13.283359329,1,0,0,0,0,0,0,27107,0,0,0,0,0,33956,1495851,0,0,0,0
2,cn2410,coarse_mesh_save,io,0,0,0,0,0,0,0,0,0,0,0,0,0,0,0,0,0,0,0,0
2,cn2410,submesh_initialization,setup,0.000124860999996,1,0,0,0,0,0,0,1,0,0,0,0,0,0,0,0,0,0,0
2,cn2410,metis_partition,compute,0.14064538,1,0,0,0,0,0,0,252,0,0,0,0,0,0,0,0,0,0,0
2,cn2410,face_map_setup,compute,0.007165212,1,0,0,0,0,0,0,147,0,0,0,0,0,0,0,0,0,0,0
2,cn2410,face_local_extract,compute,0.161847871,1,0,0,0,0,0,0,741,0,0,0,0,0,0,0,0,0,0,0
2,cn2410,face_pre_collective_wait,synchronization,0.03357781,1,0,0,0,0,0,0,0,0,0,0,0,0,0,0,0,0,0,0
2,cn2410,face_collective_setup,compute,0.000117621999998,1,0,0,0,0,0,0,16,0,0,0,0,0,0,0,0,0,0,0
2,cn2410,face_allgatherv,communication,0.06640903,1,0,0,0,0,0,0,635,0,0,0,0,0,0,0,1,1,151800,4859624
2,cn2410,face_global_merge,compute,0.07813682,1,0,0,0,0,0,0,530,0,0,0,0,0,0,0,0,0,0,0
2,cn2410,part_face_create,compute,0.018894122,1,0,0,0,0,0,0,4,0,0,0,0,0,0,0,0,0,0,0
2,cn2410,surface_refine,compute,0.03043083,1,0,0,0,0,0,0,985,0,0,0,0,0,0,0,0,0,0,0
2,cn2410,refined_surface_save,io,0,0,0,0,0,0,0,0,0,0,0,0,0,0,0,0,0,0,0,0
2,cn2410,local_volume_mesh,compute,21.748377537,1,0,0,0,0,0,0,17971,0,0,0,0,0,40541,2234910,0,0,0,0
2,cn2410,volume_refine,compute,1.988354145,1,0,0,0,0,0,0,14110,0,0,0,0,0,0,3,0,0,0,0
2,cn2410,refined_volume_save,io,0,0,0,0,0,0,0,0,0,0,0,0,0,0,0,0,0,0,0,0
2,cn2410,adjacency_build,compute,0.00376872800001,1,0,0,0,0,0,0,1,0,0,0,0,0,0,0,0,0,0,0
2,cn2410,vertex_numbering_local,compute,0.025646508,1,0,0,0,0,0,0,576,0,0,0,0,0,0,0,0,0,0,0
2,cn2410,vertex_count_allgather,communication,3.424474363,1,0,0,0,0,0,0,68,0,0,0,0,0,0,3,1,1,4,128
2,cn2410,element_count_allgather,communication,0.00197216500001,1,0,0,0,0,0,0,0,0,0,0,0,0,0,0,1,1,4,128
2,cn2410,vertex_exchange_prepare,compute,0.000145821999993,1,0,0,0,0,0,0,34,0,0,0,0,0,0,0,0,0,0,0
2,cn2410,vertex_exchange,communication,0.002383051,1,0,0,0,0,0,0,52,0,0,0,0,0,0,0,3,2,108240,146982
2,cn2410,vertex_exchange_unpack,compute,0.002135008,1,0,0,0,0,0,0,0,0,0,0,0,0,0,0,0,0,0,0
2,cn2410,partition_result_io,io,0,0,0,0,0,0,0,0,0,0,0,0,0,0,0,0,0,0,0,0
2,cn2410,volume_exchange_pack,compute,0.515357375,2,0,0,0,0,0,0,1381,0,0,0,0,0,0,0,0,0,0,0
2,cn2410,volume_size_exchange,communication,0.063146868,1,0,0,0,0,0,0,1,0,0,0,0,0,0,0,3,3,12,12
2,cn2410,volume_payload_prepare,compute,0.000195163000001,1,0,0,0,0,0,0,0,0,0,0,0,0,0,0,0,0,0,0
2,cn2410,volume_payload_exchange,communication,0.016159507,1,0,0,0,0,0,0,19,0,0,0,0,0,0,0,3,3,2737440,2731920
2,cn2410,volume_exchange_unpack,compute,0.37586051,1,0,0,0,0,0,0,17190,0,0,0,0,0,0,0,0,0,0,0
2,cn2410,final_mesh_save,io,0,0,0,0,0,0,0,0,0,0,0,0,0,0,0,0,0,0,0,0
2,cn2410,testout_io,io,0,0,0,0,0,0,0,0,0,0,0,0,0,0,0,0,0,0,0,0
2,cn2410,final_count_exchange,communication,0,0,0,0,0,0,0,0,0,0,0,0,0,0,0,0,0,0,0,0
2,cn2410,quality_evaluation,postprocess,0,0,0,0,0,0,0,0,0,0,0,0,0,0,0,0,0,0,0,0
3,cn2411,geometry_load,io,1.72748698,1,0,0,0,0,0,0,5531,0,1035092,0,0,0,2,3,0,0,0,0
3,cn2411,coarse_local_size,setup,0.458088693,1,0,0,0,0,0,0,9407,0,0,0,0,0,96,21,0,0,0,0
3,cn2411,coarse_edge_mesh,setup,0.013510591,1,0,0,0,0,0,0,504,0,0,0,0,0,0,1,0,0,0,0
3,cn2411,coarse_surface_mesh,setup,8.201019286,1,0,0,0,0,0,0,14830,0,0,0,0,0,0,9,0,0,0,0
3,cn2411,coarse_volume_mesh,setup,13.314695013,1,0,0,0,0,0,0,28960,0,0,0,0,0,35574,1577859,0,0,0,0
3,cn2411,coarse_mesh_save,io,0,0,0,0,0,0,0,0,0,0,0,0,0,0,0,0,0,0,0,0
3,cn2411,submesh_initialization,setup,0.000129900999994,1,0,0,0,0,0,0,2,0,0,0,0,0,0,0,0,0,0,0
3,cn2411,metis_partition,compute,0.140780217,1,0,0,0,0,0,0,462,0,0,0,0,0,0,0,0,0,0,0
3,cn2411,face_map_setup,compute,0.00724558100001,1,0,0,0,0,0,0,230,0,0,0,0,0,0,0,0,0,0,0
3,cn2411,face_local_extract,compute,0.156473993,1,0,0,0,0,0,0,755,0,0,0,0,0,0,0,0,0,0,0
3,cn2411,face_pre_collective_wait,synchronization,0.038713174,1,0,0,0,0,0,0,2,0,0,0,0,0,0,0,0,0,0,0
3,cn2411,face_collective_setup,compute,0.000110380999999,1,0,0,0,0,0,0,16,0,0,0,0,0,0,0,0,0,0,0
3,cn2411,face_allgatherv,communication,0.066303063,1,0,0,0,0,0,0,1147,0,0,0,0,0,0,1,1,1,151800,4859624
3,cn2411,face_global_merge,compute,0.079054786,1,0,0,0,0,0,0,511,0,0,0,0,0,0,0,0,0,0,0
3,cn2411,part_face_create,compute,0.019029593,1,0,0,0,0,0,0,4,0,0,0,0,0,0,0,0,0,0,0
3,cn2411,surface_refine,compute,0.029803034,1,0,0,0,0,0,0,983,0,0,0,0,0,0,0,0,0,0,0
3,cn2411,refined_surface_save,io,0,0,0,0,0,0,0,0,0,0,0,0,0,0,0,0,0,0,0,0
3,cn2411,local_volume_mesh,compute,23.581910294,1,0,0,0,0,0,0,20605,0,0,0,0,0,42596,2290141,0,0,0,0
3,cn2411,volume_refine,compute,2.074540029,1,0,0,0,0,0,0,13794,0,0,0,0,0,0,2,0,0,0,0
3,cn2411,refined_volume_save,io,0,0,0,0,0,0,0,0,0,0,0,0,0,0,0,0,0,0,0,0
3,cn2411,adjacency_build,compute,0.003809362,1,0,0,0,0,0,0,6,0,0,0,0,0,0,0,0,0,0,0
3,cn2411,vertex_numbering_local,compute,0.026754739,1,0,0,0,0,0,0,839,0,0,0,0,0,0,0,0,0,0,0
3,cn2411,vertex_count_allgather,communication,1.503377568,1,0,0,0,0,0,0,103,0,0,0,0,0,0,2,1,1,4,128
3,cn2411,element_count_allgather,communication,0.001678579,1,0,0,0,0,0,0,7,0,0,0,0,0,0,0,1,1,4,128
3,cn2411,vertex_exchange_prepare,compute,0.000166401999991,1,0,0,0,0,0,0,45,0,0,0,0,0,0,0,0,0,0,0
3,cn2411,vertex_exchange,communication,0.00310281500001,1,0,0,0,0,0,0,139,0,0,0,0,0,0,0,2,4,136488,135520
3,cn2411,vertex_exchange_unpack,compute,0.003374998,1,0,0,0,0,0,0,1377,0,0,0,0,0,0,0,0,0,0,0
3,cn2411,partition_result_io,io,0,0,0,0,0,0,0,0,0,0,0,0,0,0,0,0,0,0,0,0
3,cn2411,volume_exchange_pack,compute,0.576184297,2,0,0,0,0,0,0,2626,0,0,0,0,0,0,0,0,0,0,0
3,cn2411,volume_size_exchange,communication,0.014175599,1,0,0,0,0,0,0,1,0,0,0,0,0,0,0,4,4,16,16
3,cn2411,volume_payload_prepare,compute,0.000264462999993,1,0,0,0,0,0,0,68,0,0,0,0,0,0,0,0,0,0,0
3,cn2411,volume_payload_exchange,communication,0.002995453,1,0,0,0,0,0,0,433,0,0,0,0,0,0,0,4,4,2873520,2884800
3,cn2411,volume_exchange_unpack,compute,0.406307913,1,0,0,0,0,0,0,17827,0,0,0,0,0,0,1,0,0,0,0
3,cn2411,final_mesh_save,io,0,0,0,0,0,0,0,0,0,0,0,0,0,0,0,0,0,0,0,0
3,cn2411,testout_io,io,0,0,0,0,0,0,0,0,0,0,0,0,0,0,0,0,0,0,0,0
3,cn2411,final_count_exchange,communication,0,0,0,0,0,0,0,0,0,0,0,0,0,0,0,0,0,0,0,0
3,cn2411,quality_evaluation,postprocess,0,0,0,0,0,0,0,0,0,0,0,0,0,0,0,0,0,0,0,0
4,cn2412,geometry_load,io,1.740470869,1,0,0,0,0,0,0,6340,0,1035092,0,0,0,2,4,0,0,0,0
4,cn2412,coarse_local_size,setup,0.45346523,1,0,0,0,0,0,0,8748,0,0,0,0,0,91,23,0,0,0,0
4,cn2412,coarse_edge_mesh,setup,0.012573389,1,0,0,0,0,0,0,530,0,0,0,0,0,0,0,0,0,0,0
4,cn2412,coarse_surface_mesh,setup,8.176903475,1,0,0,0,0,0,0,14595,0,0,0,0,0,0,11,0,0,0,0
4,cn2412,coarse_volume_mesh,setup,13.28645191,1,0,0,0,0,0,0,29561,0,0,0,0,0,36662,1637214,0,0,0,0
4,cn2412,coarse_mesh_save,io,0,0,0,0,0,0,0,0,0,0,0,0,0,0,0,0,0,0,0,0
4,cn2412,submesh_initialization,setup,0.000140242000001,1,0,0,0,0,0,0,2,0,0,0,0,0,0,0,0,0,0,0
4,cn2412,metis_partition,compute,0.140019064,1,0,0,0,0,0,0,455,0,0,0,0,0,0,0,0,0,0,0
4,cn2412,face_map_setup,compute,0.007320307,1,0,0,0,0,0,0,210,0,0,0,0,0,0,0,0,0,0,0
4,cn2412,face_local_extract,compute,0.162109987,1,0,0,0,0,0,0,714,0,0,0,0,0,0,0,0,0,0,0
4,cn2412,face_pre_collective_wait,synchronization,0.033754281,1,0,0,0,0,0,0,2,0,0,0,0,0,0,0,0,0,0,0
4,cn2412,face_collective_setup,compute,0.000111742000001,1,0,0,0,0,0,0,16,0,0,0,0,0,0,0,0,0,0,0
4,cn2412,face_allgatherv,communication,0.066218747,1,0,0,0,0,0,0,666,0,0,0,0,0,0,0,1,1,151800,4859624
4,cn2412,face_global_merge,compute,0.07817117,1,0,0,0,0,0,0,539,0,0,0,0,0,0,0,0,0,0,0
4,cn2412,part_face_create,compute,0.018924845,1,0,0,0,0,0,0,4,0,0,0,0,0,0,0,0,0,0,0
4,cn2412,surface_refine,compute,0.022184364,1,0,0,0,0,0,0,33,0,0,0,0,0,0,0,0,0,0,0
4,cn2412,refined_surface_save,io,0,0,0,0,0,0,0,0,0,0,0,0,0,0,0,0,0,0,0,0
4,cn2412,local_volume_mesh,compute,17.085088722,1,0,0,0,0,0,0,16717,0,0,0,0,0,24519,1632402,0,0,0,0
4,cn2412,volume_refine,compute,1.523060284,1,0,0,0,0,0,0,8486,0,0,0,0,0,0,2,0,0,0,0
4,cn2412,refined_volume_save,io,0,0,0,0,0,0,0,0,0,0,0,0,0,0,0,0,0,0,0,0
4,cn2412,adjacency_build,compute,0.003835925,1,0,0,0,0,0,0,6,0,0,0,0,0,0,0,0,0,0,0
4,cn2412,vertex_numbering_local,compute,0.023997046,1,0,0,0,0,0,0,7,0,0,0,0,0,0,0,0,0,0,0
4,cn2412,vertex_count_allgather,communication,8.563225867,1,0,0,0,0,0,0,108,0,0,0,0,0,0,13,1,1,4,128
4,cn2412,element_count_allgather,communication,0.00225282700001,1,0,0,0,0,0,0,6,0,0,0,0,0,0,0,1,1,4,128
4,cn2412,vertex_exchange_prepare,compute,2.86009999968e-05,1,0,0,0,0,0,0,13,0,0,0,0,0,0,0,0,0,0,0
4,cn2412,vertex_exchange,communication,0.003077397,1,0,0,0,0,0,0,176,0,0,0,0,0,0,0,4,1,337436,1430
4,cn2412,vertex_exchange_unpack,compute,0.000167461999993,1,0,0,0,0,0,0,111,0,0,0,0,0,0,0,0,0,0,0
4,cn2412,partition_result_io,io,0,0,0,0,0,0,0,0,0,0,0,0,0,0,0,0,0,0,0,0
4,cn2412,volume_exchange_pack,compute,0.450448274,2,0,0,0,0,0,0,2953,0,0,0,0,0,0,1,0,0,0,0
4,cn2412,volume_size_exchange,communication,0.049498009,1,0,0,0,0,0,0,0,0,0,0,0,0,0,0,4,4,16,16
4,cn2412,volume_payload_prepare,compute,0.000229621999992,1,0,0,0,0,0,0,69,0,0,0,0,0,0,0,0,0,0,0
4,cn2412,volume_payload_exchange,communication,0.129943784,1,0,0,0,0,0,0,769,0,0,0,0,0,0,0,4,4,3645480,3635280
4,cn2412,volume_exchange_unpack,compute,0.334514097,1,0,0,0,0,0,0,13669,0,0,0,0,0,0,0,0,0,0,0
4,cn2412,final_mesh_save,io,0,0,0,0,0,0,0,0,0,0,0,0,0,0,0,0,0,0,0,0
4,cn2412,testout_io,io,0,0,0,0,0,0,0,0,0,0,0,0,0,0,0,0,0,0,0,0
4,cn2412,final_count_exchange,communication,0,0,0,0,0,0,0,0,0,0,0,0,0,0,0,0,0,0,0,0
4,cn2412,quality_evaluation,postprocess,0,0,0,0,0,0,0,0,0,0,0,0,0,0,0,0,0,0,0,0
5,cn2413,geometry_load,io,1.766662515,1,0,0,0,0,0,0,6390,0,1035092,0,0,0,2,3,0,0,0,0
5,cn2413,coarse_local_size,setup,0.452396234,1,0,0,0,0,0,0,8577,0,0,0,0,0,87,21,0,0,0,0
5,cn2413,coarse_edge_mesh,setup,0.012728318,1,0,0,0,0,0,0,512,0,0,0,0,0,0,0,0,0,0,0
5,cn2413,coarse_surface_mesh,setup,8.151824883,1,0,0,0,0,0,0,13631,0,0,0,0,0,0,10,0,0,0,0
5,cn2413,coarse_volume_mesh,setup,13.220768863,1,0,0,0,0,0,0,22304,0,0,0,0,0,38739,1513877,0,0,0,0
5,cn2413,coarse_mesh_save,io,0,0,0,0,0,0,0,0,0,0,0,0,0,0,0,0,0,0,0,0
5,cn2413,submesh_initialization,setup,0.000120762000002,1,0,0,0,0,0,0,1,0,0,0,0,0,0,0,0,0,0,0
5,cn2413,metis_partition,compute,0.13185812,1,0,0,0,0,0,0,53,0,0,0,0,0,0,0,0,0,0,0
5,cn2413,face_map_setup,compute,0.006692533,1,0,0,0,0,0,0,3,0,0,0,0,0,0,0,0,0,0,0
5,cn2413,face_local_extract,compute,0.160722603,1,0,0,0,0,0,0,374,0,0,0,0,0,0,0,0,0,0,0
5,cn2413,face_pre_collective_wait,synchronization,0.043975993,1,0,0,0,0,0,0,0,0,0,0,0,0,0,0,0,0,0,0
5,cn2413,face_collective_setup,compute,0.000113782,1,0,0,0,0,0,0,13,0,0,0,0,0,0,0,0,0,0,0
5,cn2413,face_allgatherv,communication,0.065867639,1,0,0,0,0,0,0,709,0,0,0,0,0,0,0,1,1,151800,4859624
5,cn2413,face_global_merge,compute,0.073455465,1,0,0,0,0,0,0,64,0,0,0,0,0,0,0,0,0,0,0
5,cn2413,part_face_create,compute,0.017588426,1,0,0,0,0,0,0,3,0,0,0,0,0,0,0,0,0,0,0
5,cn2413,surface_refine,compute,0.019915678,1,0,0,0,0,0,0,32,0,0,0,0,0,0,0,0,0,0,0
5,cn2413,refined_surface_save,io,0,0,0,0,0,0,0,0,0,0,0,0,0,0,0,0,0,0,0,0
5,cn2413,local_volume_mesh,compute,17.758663892,1,0,0,0,0,0,0,6995,0,0,0,0,0,26158,1663491,0,0,0,0
5,cn2413,volume_refine,compute,1.436173823,1,0,0,0,0,0,0,6183,0,0,0,0,0,0,2,0,0,0,0
5,cn2413,refined_volume_save,io,0,0,0,0,0,0,0,0,0,0,0,0,0,0,0,0,0,0,0,0
5,cn2413,adjacency_build,compute,0.00354351,1,0,0,0,0,0,0,0,0,0,0,0,0,0,0,0,0,0,0
5,cn2413,vertex_numbering_local,compute,0.026199125,1,0,0,0,0,0,0,63,0,0,0,0,0,0,0,0,0,0,0
5,cn2413,vertex_count_allgather,communication,7.983877999,1,0,0,0,0,0,0,74,0,0,0,0,0,0,8,1,1,4,128
5,cn2413,element_count_allgather,communication,0.00209024900001,1,0,0,0,0,0,0,3,0,0,0,0,0,0,0,1,1,4,128
5,cn2413,vertex_exchange_prepare,compute,0.000136202000007,1,0,0,0,0,0,0,38,0,0,0,0,0,0,0,0,0,0,0
5,cn2413,vertex_exchange,communication,0.00357545,1,0,0,0,0,0,0,78,0,0,0,0,0,0,0,3,1,246092,171776
5,cn2413,vertex_exchange_unpack,compute,0.002356533,1,0,0,0,0,0,0,16,0,0,0,0,0,0,0,0,0,0,0
5,cn2413,partition_result_io,io,0,0,0,0,0,0,0,0,0,0,0,0,0,0,0,0,0,0,0,0
5,cn2413,volume_exchange_pack,compute,0.497091697,2,0,0,0,0,0,0,2105,0,0,0,0,0,0,0,0,0,0,0
5,cn2413,volume_size_exchange,communication,3.26199999989e-05,1,0,0,0,0,0,0,0,0,0,0,0,0,0,0,3,3,12,12
5,cn2413,volume_payload_prepare,compute,0.000297264000011,1,0,0,0,0,0,0,68,0,0,0,0,0,0,0,0,0,0,0
5,cn2413,volume_payload_exchange,communication,0.1304157,1,0,0,0,0,0,0,712,0,0,0,0,0,0,0,3,3,4481520,4483800
5,cn2413,volume_exchange_unpack,compute,0.343560235,1,0,0,0,0,0,0,13765,0,0,0,0,0,0,1,0,0,0,0
5,cn2413,final_mesh_save,io,0,0,0,0,0,0,0,0,0,0,0,0,0,0,0,0,0,0,0,0
5,cn2413,testout_io,io,0,0,0,0,0,0,0,0,0,0,0,0,0,0,0,0,0,0,0,0
5,cn2413,final_count_exchange,communication,0,0,0,0,0,0,0,0,0,0,0,0,0,0,0,0,0,0,0,0
5,cn2413,quality_evaluation,postprocess,0,0,0,0,0,0,0,0,0,0,0,0,0,0,0,0,0,0,0,0
6,cn2414,geometry_load,io,1.712811839,1,0,0,0,0,0,0,4868,0,1035092,0,0,0,2,16,0,0,0,0
6,cn2414,coarse_local_size,setup,0.480889058,1,0,0,0,0,0,0,10050,0,0,0,0,0,125,22,0,0,0,0
6,cn2414,coarse_edge_mesh,setup,0.012704021,1,0,0,0,0,0,0,502,0,0,0,0,0,0,1,0,0,0,0
6,cn2414,coarse_surface_mesh,setup,8.206329682,1,0,0,0,0,0,0,17257,0,0,0,0,0,0,72,0,0,0,0
6,cn2414,coarse_volume_mesh,setup,13.379866346,1,0,0,0,0,0,0,29795,0,0,0,0,0,38049,1521986,0,0,0,0
6,cn2414,coarse_mesh_save,io,0,0,0,0,0,0,0,0,0,0,0,0,0,0,0,0,0,0,0,0
6,cn2414,submesh_initialization,setup,0.000128502000003,1,0,0,0,0,0,0,1,0,0,0,0,0,0,0,0,0,0,0
6,cn2414,metis_partition,compute,0.141575355,1,0,0,0,0,0,0,347,0,0,0,0,0,0,1,0,0,0,0
6,cn2414,face_map_setup,compute,0.007275872,1,0,0,0,0,0,0,229,0,0,0,0,0,0,0,0,0,0,0
6,cn2414,face_local_extract,compute,0.160898441,1,0,0,0,0,0,0,760,0,0,0,0,0,0,2,0,0,0,0
6,cn2414,face_pre_collective_wait,synchronization,0.033426264,1,0,0,0,0,0,0,0,0,0,0,0,0,0,0,0,0,0,0
6,cn2414,face_collective_setup,compute,0.000123481999999,1,0,0,0,0,0,0,16,0,0,0,0,0,0,0,0,0,0,0
6,cn2414,face_allgatherv,communication,0.065775174,1,0,0,0,0,0,0,648,0,0,0,0,0,0,1,1,1,151800,4859624
6,cn2414,face_global_merge,compute,0.078313653,1,0,0,0,0,0,0,500,0,0,0,0,0,0,0,0,0,0,0
6,cn2414,part_face_create,compute,0.018728257,1,0,0,0,0,0,0,4,0,0,0,0,0,0,1,0,0,0,0
6,cn2414,surface_refine,compute,0.017978168,1,0,0,0,0,0,0,32,0,0,0,0,0,0,0,0,0,0,0
6,cn2414,refined_surface_save,io,0,0,0,0,0,0,0,0,0,0,0,0,0,0,0,0,0,0,0,0
6,cn2414,local_volume_mesh,compute,14.603203958,1,0,0,0,0,0,0,13543,0,0,0,0,0,22874,1343282,0,0,0,0
6,cn2414,volume_refine,compute,1.34379676,1,0,0,0,0,0,0,7828,0,0,0,0,0,0,12,0,0,0,0
6,cn2414,refined_volume_save,io,0,0,0,0,0,0,0,0,0,0,0,0,0,0,0,0,0,0,0,0
6,cn2414,adjacency_build,compute,0.00392460899999,1,0,0,0,0,0,0,10,0,0,0,0,0,0,0,0,0,0,0
6,cn2414,vertex_numbering_local,compute,0.022780889,1,0,0,0,0,0,0,313,0,0,0,0,0,0,1,0,0,0,0
6,cn2414,vertex_count_allgather,communication,11.229827761,1,0,0,0,0,0,0,110,0,0,0,0,0,0,97,1,1,4,128
6,cn2414,element_count_allgather,communication,0.002255229,1,0,0,0,0,0,0,1,0,0,0,0,0,0,0,1,1,4,128
6,cn2414,vertex_exchange_prepare,compute,0.000155362000001,1,0,0,0,0,0,0,50,0,0,0,0,0,0,0,0,0,0,0
6,cn2414,vertex_exchange,communication,0.00459643799999,1,0,0,0,0,0,0,149,0,0,0,0,0,0,0,1,3,206932,180972
6,cn2414,vertex_exchange_unpack,compute,0.003782108,1,0,0,0,0,0,0,1192,0,0,0,0,0,0,0,0,0,0,0
6,cn2414,partition_result_io,io,0,0,0,0,0,0,0,0,0,0,0,0,0,0,0,0,0,0,0,0
6,cn2414,volume_exchange_pack,compute,0.431725194,2,0,0,0,0,0,0,3152,0,0,0,0,0,0,4,0,0,0,0
6,cn2414,volume_size_exchange,communication,0.132005454,1,0,0,0,0,0,0,4,0,0,0,0,0,0,1,4,4,16,16
6,cn2414,volume_payload_prepare,compute,0.000297824,1,0,0,0,0,0,0,0,0,0,0,0,0,0,0,0,0,0,0
6,cn2414,volume_payload_exchange,communication,0.013973177,1,0,0,0,0,0,0,25,0,0,0,0,0,0,1,4,4,4168440,4181040
6,cn2414,volume_exchange_unpack,compute,0.297773556,1,0,0,0,0,0,0,11777,0,0,0,0,0,0,2,0,0,0,0
6,cn2414,final_mesh_save,io,0,0,0,0,0,0,0,0,0,0,0,0,0,0,0,0,0,0,0,0
6,cn2414,testout_io,io,0,0,0,0,0,0,0,0,0,0,0,0,0,0,0,0,0,0,0,0
6,cn2414,final_count_exchange,communication,0,0,0,0,0,0,0,0,0,0,0,0,0,0,0,0,0,0,0,0
6,cn2414,quality_evaluation,postprocess,0,0,0,0,0,0,0,0,0,0,0,0,0,0,0,0,0,0,0,0
7,cn2415,geometry_load,io,1.724652496,1,0,0,0,0,0,0,4868,0,1035092,0,0,0,2,3,0,0,0,0
7,cn2415,coarse_local_size,setup,0.467901108,1,0,0,0,0,0,0,9999,0,0,0,0,0,134,21,0,0,0,0
7,cn2415,coarse_edge_mesh,setup,0.012540211,1,0,0,0,0,0,0,500,0,0,0,0,0,0,0,0,0,0,0
7,cn2415,coarse_surface_mesh,setup,8.182885824,1,0,0,0,0,0,0,14617,0,0,0,0,0,0,10,0,0,0,0
7,cn2415,coarse_volume_mesh,setup,13.287137471,1,0,0,0,0,0,0,29210,0,0,0,0,0,36058,1588497,0,0,0,0
7,cn2415,coarse_mesh_save,io,0,0,0,0,0,0,0,0,0,0,0,0,0,0,0,0,0,0,0,0
7,cn2415,submesh_initialization,setup,0.000153502000003,1,0,0,0,0,0,0,34,0,0,0,0,0,0,0,0,0,0,0
7,cn2415,metis_partition,compute,0.144809088,1,0,0,0,0,0,0,1543,0,0,0,0,0,0,0,0,0,0,0
7,cn2415,face_map_setup,compute,0.007856934,1,0,0,0,0,0,0,610,0,0,0,0,0,0,0,0,0,0,0
7,cn2415,face_local_extract,compute,0.157113516,1,0,0,0,0,0,0,872,0,0,0,0,0,0,0,0,0,0,0
7,cn2415,face_pre_collective_wait,synchronization,0.030886733,1,0,0,0,0,0,0,0,0,0,0,0,0,0,0,0,0,0,0
7,cn2415,face_collective_setup,compute,0.000114481000004,1,0,0,0,0,0,0,16,0,0,0,0,0,0,0,0,0,0,0
7,cn2415,face_allgatherv,communication,0.065677913,1,0,0,0,0,0,0,1147,0,0,0,0,0,0,0,1,1,151800,4859624
7,cn2415,face_global_merge,compute,0.080014686,1,0,0,0,0,0,0,676,0,0,0,0,0,0,1,0,0,0,0
7,cn2415,part_face_create,compute,0.018931908,1,0,0,0,0,0,0,4,0,0,0,0,0,0,0,0,0,0,0
7,cn2415,surface_refine,compute,0.021910324,1,0,0,0,0,0,0,35,0,0,0,0,0,0,0,0,0,0,0
7,cn2415,refined_surface_save,io,0,0,0,0,0,0,0,0,0,0,0,0,0,0,0,0,0,0,0,0
7,cn2415,local_volume_mesh,compute,16.549262104,1,0,0,0,0,0,0,10321,0,0,0,0,0,30692,1649715,0,0,0,0
7,cn2415,volume_refine,compute,1.490643312,1,0,0,0,0,0,0,7591,0,0,0,0,0,0,2,0,0,0,0
7,cn2415,refined_volume_save,io,0,0,0,0,0,0,0,0,0,0,0,0,0,0,0,0,0,0,0,0
7,cn2415,adjacency_build,compute,0.004046289,1,0,0,0,0,0,0,9,0,0,0,0,0,0,0,0,0,0,0
7,cn2415,vertex_numbering_local,compute,0.026327337,1,0,0,0,0,0,0,9,0,0,0,0,0,0,0,0,0,0,0
7,cn2415,vertex_count_allgather,communication,9.127576547,1,0,0,0,0,0,0,90,0,0,0,0,0,0,11,1,1,4,128
7,cn2415,element_count_allgather,communication,0.002141545,1,0,0,0,0,0,0,5,0,0,0,0,0,0,0,1,1,4,128
7,cn2415,vertex_exchange_prepare,compute,0.000319642999997,1,0,0,0,0,0,0,106,0,0,0,0,0,0,0,0,0,0,0
7,cn2415,vertex_exchange,communication,0.005124341,1,0,0,0,0,0,0,120,0,0,0,0,0,0,0,0,4,0,482790
7,cn2415,vertex_exchange_unpack,compute,0.010205243,1,0,0,0,0,0,0,3300,0,0,0,0,0,0,0,0,0,0,0
7,cn2415,partition_result_io,io,0,0,0,0,0,0,0,0,0,0,0,0,0,0,0,0,0,0,0,0
7,cn2415,volume_exchange_pack,compute,0.479827071,2,0,0,0,0,0,0,3638,0,0,0,0,0,0,0,0,0,0,0
7,cn2415,volume_size_exchange,communication,0.075937896,1,0,0,0,0,0,0,3,0,0,0,0,0,0,0,4,4,16,16
7,cn2415,volume_payload_prepare,compute,0.000322022999995,1,0,0,0,0,0,0,34,0,0,0,0,0,0,0,0,0,0,0
7,cn2415,volume_payload_exchange,communication,0.013545743,1,0,0,0,0,0,0,17,0,0,0,0,0,0,0,4,4,5203200,5196240
7,cn2415,volume_exchange_unpack,compute,0.351062118,1,0,0,0,0,0,0,13747,0,0,0,0,0,0,1,0,0,0,0
7,cn2415,final_mesh_save,io,0,0,0,0,0,0,0,0,0,0,0,0,0,0,0,0,0,0,0,0
7,cn2415,testout_io,io,0,0,0,0,0,0,0,0,0,0,0,0,0,0,0,0,0,0,0,0
7,cn2415,final_count_exchange,communication,0,0,0,0,0,0,0,0,0,0,0,0,0,0,0,0,0,0,0,0
7,cn2415,quality_evaluation,postprocess,0,0,0,0,0,0,0,0,0,0,0,0,0,0,0,0,0,0,0,0
8,cn2416,geometry_load,io,1.737633134,1,0,0,0,0,0,0,6190,0,1035092,0,0,0,2,15,0,0,0,0
8,cn2416,coarse_local_size,setup,0.454300342,1,0,0,0,0,0,0,8780,0,0,0,0,0,85,22,0,0,0,0
8,cn2416,coarse_edge_mesh,setup,0.012678572,1,0,0,0,0,0,0,515,0,0,0,0,0,0,1,0,0,0,0
8,cn2416,coarse_surface_mesh,setup,8.209465198,1,0,0,0,0,0,0,13945,0,0,0,0,0,1,70,0,0,0,0
8,cn2416,coarse_volume_mesh,setup,13.25865956,1,0,0,0,0,0,0,23820,0,0,0,0,0,37129,1666509,0,0,0,0
8,cn2416,coarse_mesh_save,io,0,0,0,0,0,0,0,0,0,0,0,0,0,0,0,0,0,0,0,0
8,cn2416,submesh_initialization,setup,0.000125782000005,1,0,0,0,0,0,0,3,0,0,0,0,0,0,0,0,0,0,0
8,cn2416,metis_partition,compute,0.140347041,1,0,0,0,0,0,0,319,0,0,0,0,0,0,2,0,0,0,0
8,cn2416,face_map_setup,compute,0.007195226,1,0,0,0,0,0,0,210,0,0,0,0,0,0,0,0,0,0,0
8,cn2416,face_local_extract,compute,0.157425765,1,0,0,0,0,0,0,684,0,0,0,0,0,0,1,0,0,0,0
8,cn2416,face_pre_collective_wait,synchronization,0.038249578,1,0,0,0,0,0,0,0,0,0,0,0,0,0,0,0,0,0,0
8,cn2416,face_collective_setup,compute,0.000112541,1,0,0,0,0,0,0,13,0,0,0,0,0,0,0,0,0,0,0
8,cn2416,face_allgatherv,communication,0.065338943,1,0,0,0,0,0,0,854,0,0,0,0,0,0,1,1,1,151800,4859624
8,cn2416,face_global_merge,compute,0.078201637,1,0,0,0,0,0,0,380,0,0,0,0,0,0,0,0,0,0,0
8,cn2416,part_face_create,compute,0.018658004,1,0,0,0,0,0,0,3,0,0,0,0,0,0,1,0,0,0,0
8,cn2416,surface_refine,compute,0.021566499,1,0,0,0,0,0,0,2,0,0,0,0,0,0,0,0,0,0,0
8,cn2416,refined_surface_save,io,0,0,0,0,0,0,0,0,0,0,0,0,0,0,0,0,0,0,0,0
8,cn2416,local_volume_mesh,compute,18.369997506,1,0,0,0,0,0,0,20309,0,0,0,0,0,29176,1743161,0,0,0,0
8,cn2416,volume_refine,compute,1.585524873,1,0,0,0,0,0,0,11515,0,0,0,0,0,0,15,0,0,0,0
8,cn2416,refined_volume_save,io,0,0,0,0,0,0,0,0,0,0,0,0,0,0,0,0,0,0,0,0
8,cn2416,adjacency_build,compute,0.003744545,1,0,0,0,0,0,0,3,0,0,0,0,0,0,0,0,0,0,0
8,cn2416,vertex_numbering_local,compute,0.023751525,1,0,0,0,0,0,0,68,0,0,0,0,0,0,0,0,0,0,0
8,cn2416,vertex_count_allgather,communication,7.218266845,1,0,0,0,0,0,0,81,0,0,0,0,0,0,64,1,1,4,128
8,cn2416,element_count_allgather,communication,0.002156766,1,0,0,0,0,0,0,0,0,0,0,0,0,0,0,1,1,4,128
8,cn2416,vertex_exchange_prepare,compute,1.73399999994e-05,1,0,0,0,0,0,0,5,0,0,0,0,0,0,0,0,0,0,0
8,cn2416,vertex_exchange,communication,0.003008576,1,0,0,0,0,0,0,151,0,0,0,0,0,0,0,4,1,307648,1100
8,cn2416,vertex_exchange_unpack,compute,0.000119421999997,1,0,0,0,0,0,0,71,0,0,0,0,0,0,0,0,0,0,0
8,cn2416,partition_result_io,io,0,0,0,0,0,0,0,0,0,0,0,0,0,0,0,0,0,0,0,0
8,cn2416,volume_exchange_pack,compute,0.502670522,2,0,0,0,0,0,0,2864,0,0,0,0,0,0,5,0,0,0,0
8,cn2416,volume_size_exchange,communication,0.125354102,1,0,0,0,0,0,0,1,0,0,0,0,0,0,1,4,4,16,16
8,cn2416,volume_payload_prepare,compute,0.000279542999991,1,0,0,0,0,0,0,34,0,0,0,0,0,0,0,0,0,0,0
8,cn2416,volume_payload_exchange,communication,0.00233898799999,1,0,0,0,0,0,0,230,0,0,0,0,0,0,0,4,4,3300960,3293520
8,cn2416,volume_exchange_unpack,compute,0.333715737,1,0,0,0,0,0,0,11918,0,0,0,0,0,0,2,0,0,0,0
8,cn2416,final_mesh_save,io,0,0,0,0,0,0,0,0,0,0,0,0,0,0,0,0,0,0,0,0
8,cn2416,testout_io,io,0,0,0,0,0,0,0,0,0,0,0,0,0,0,0,0,0,0,0,0
8,cn2416,final_count_exchange,communication,0,0,0,0,0,0,0,0,0,0,0,0,0,0,0,0,0,0,0,0
8,cn2416,quality_evaluation,postprocess,0,0,0,0,0,0,0,0,0,0,0,0,0,0,0,0,0,0,0,0
9,cn2417,geometry_load,io,1.771635982,1,0,0,0,0,0,0,6508,0,1035092,0,0,0,2,16,0,0,0,0
9,cn2417,coarse_local_size,setup,0.45795338,1,0,0,0,0,0,0,8438,0,0,0,0,0,83,23,0,0,0,0
9,cn2417,coarse_edge_mesh,setup,0.012584966,1,0,0,0,0,0,0,495,0,0,0,0,0,0,0,0,0,0,0
9,cn2417,coarse_surface_mesh,setup,8.221442553,1,0,0,0,0,0,0,15420,0,0,0,0,0,0,72,0,0,0,0
9,cn2417,coarse_volume_mesh,setup,13.276665402,1,0,0,0,0,0,0,19930,0,0,0,0,0,37037,1636002,0,0,0,0
9,cn2417,coarse_mesh_save,io,0,0,0,0,0,0,0,0,0,0,0,0,0,0,0,0,0,0,0,0
9,cn2417,submesh_initialization,setup,0.000114441000001,1,0,0,0,0,0,0,1,0,0,0,0,0,0,0,0,0,0,0
9,cn2417,metis_partition,compute,0.132454939,1,0,0,0,0,0,0,58,0,0,0,0,0,0,2,0,0,0,0
9,cn2417,face_map_setup,compute,0.006724458,1,0,0,0,0,0,0,3,0,0,0,0,0,0,0,0,0,0,0
9,cn2417,face_local_extract,compute,0.15749507,1,0,0,0,0,0,0,147,0,0,0,0,0,0,2,0,0,0,0
9,cn2417,face_pre_collective_wait,synchronization,0.046567321,1,0,0,0,0,0,0,0,0,0,0,0,0,0,0,0,0,0,0
9,cn2417,face_collective_setup,compute,0.000112762000001,1,0,0,0,0,0,0,16,0,0,0,0,0,0,0,0,0,0,0
9,cn2417,face_allgatherv,communication,0.065281238,1,0,0,0,0,0,0,1140,0,0,0,0,0,0,1,1,1,151800,4859624
9,cn2417,face_global_merge,compute,0.074360144,1,0,0,0,0,0,0,144,0,0,0,0,0,0,0,0,0,0,0
9,cn2417,part_face_create,compute,0.017993789,1,0,0,0,0,0,0,3,0,0,0,0,0,0,0,0,0,0,0
9,cn2417,surface_refine,compute,0.030285652,1,0,0,0,0,0,0,1019,0,0,0,0,0,0,1,0,0,0,0
9,cn2417,refined_surface_save,io,0,0,0,0,0,0,0,0,0,0,0,0,0,0,0,0,0,0,0,0
9,cn2417,local_volume_mesh,compute,24.783363381,1,0,0,0,0,0,0,9644,0,0,0,0,0,42074,2462293,0,0,0,0
9,cn2417,volume_refine,compute,2.137558273,1,0,0,0,0,0,0,12877,0,0,0,0,0,0,21,0,0,0,0
9,cn2417,refined_volume_save,io,0,0,0,0,0,0,0,0,0,0,0,0,0,0,0,0,0,0,0,0
9,cn2417,adjacency_build,compute,0.00347218100001,1,0,0,0,0,0,0,0,0,0,0,0,0,0,0,0,0,0,0
9,cn2417,vertex_numbering_local,compute,0.026145664,1,0,0,0,0,0,0,2,0,0,0,0,0,0,0,0,0,0,0
9,cn2417,vertex_count_allgather,communication,0.24618932,1,0,0,0,0,0,0,18,0,0,0,0,0,0,2,1,1,4,128
9,cn2417,element_count_allgather,communication,0.00181096099999,1,0,0,0,0,0,0,0,0,0,0,0,0,0,0,1,1,4,128
9,cn2417,vertex_exchange_prepare,compute,2.25400000033e-05,1,0,0,0,0,0,0,0,0,0,0,0,0,0,0,0,0,0,0
9,cn2417,vertex_exchange,communication,0.00254231,1,0,0,0,0,0,0,34,0,0,0,0,0,0,0,4,2,148874,151316
9,cn2417,vertex_exchange_unpack,compute,0.002140185,1,0,0,0,0,0,0,0,0,0,0,0,0,0,0,0,0,0,0
9,cn2417,partition_result_io,io,0,0,0,0,0,0,0,0,0,0,0,0,0,0,0,0,0,0,0,0
9,cn2417,volume_exchange_pack,compute,0.625480306,2,0,0,0,0,0,0,1088,0,0,0,0,0,0,6,0,0,0,0
9,cn2417,volume_size_exchange,communication,3.48000000088e-05,1,0,0,0,0,0,0,0,0,0,0,0,0,0,0,4,4,16,16
9,cn2417,volume_payload_prepare,compute,0.000228263000011,1,0,0,0,0,0,0,34,0,0,0,0,0,0,0,0,0,0,0
9,cn2417,volume_payload_exchange,communication,0.002503089,1,0,0,0,0,0,0,375,0,0,0,0,0,0,0,4,4,3199080,3200040
9,cn2417,volume_exchange_unpack,compute,0.480910447,1,0,0,0,0,0,0,20165,0,0,0,0,0,0,3,0,0,0,0
9,cn2417,final_mesh_save,io,0,0,0,0,0,0,0,0,0,0,0,0,0,0,0,0,0,0,0,0
9,cn2417,testout_io,io,0,0,0,0,0,0,0,0,0,0,0,0,0,0,0,0,0,0,0,0
9,cn2417,final_count_exchange,communication,0,0,0,0,0,0,0,0,0,0,0,0,0,0,0,0,0,0,0,0
9,cn2417,quality_evaluation,postprocess,0,0,0,0,0,0,0,0,0,0,0,0,0,0,0,0,0,0,0,0
10,cn2418,geometry_load,io,1.729339493,1,0,0,0,0,0,0,6172,0,1035092,0,0,0,2,3,0,0,0,0
10,cn2418,coarse_local_size,setup,0.467012421,1,0,0,0,0,0,0,8829,0,0,0,0,0,107,20,0,0,0,0
10,cn2418,coarse_edge_mesh,setup,0.012354657,1,0,0,0,0,0,0,505,0,0,0,0,0,0,0,0,0,0,0
10,cn2418,coarse_surface_mesh,setup,8.18622785,1,0,0,0,0,0,0,16545,0,0,0,0,0,0,10,0,0,0,0
10,cn2418,coarse_volume_mesh,setup,13.434821545,1,0,0,0,0,0,0,24059,0,0,0,0,0,39308,1736407,0,0,0,0
10,cn2418,coarse_mesh_save,io,0,0,0,0,0,0,0,0,0,0,0,0,0,0,0,0,0,0,0,0
10,cn2418,submesh_initialization,setup,0.000118301999997,1,0,0,0,0,0,0,1,0,0,0,0,0,0,0,0,0,0,0
10,cn2418,metis_partition,compute,0.132210547,1,0,0,0,0,0,0,97,0,0,0,0,0,0,0,0,0,0,0
10,cn2418,face_map_setup,compute,0.006863308,1,0,0,0,0,0,0,145,0,0,0,0,0,0,0,0,0,0,0
10,cn2418,face_local_extract,compute,0.16133762,1,0,0,0,0,0,0,743,0,0,0,0,0,0,1,0,0,0,0
10,cn2418,face_pre_collective_wait,synchronization,0.042848247,1,0,0,0,0,0,0,0,0,0,0,0,0,0,0,0,0,0,0
10,cn2418,face_collective_setup,compute,0.000108221000005,1,0,0,0,0,0,0,13,0,0,0,0,0,0,0,0,0,0,0
10,cn2418,face_allgatherv,communication,0.065131851,1,0,0,0,0,0,0,711,0,0,0,0,0,0,0,1,1,151800,4859624
10,cn2418,face_global_merge,compute,0.076301334,1,0,0,0,0,0,0,298,0,0,0,0,0,0,0,0,0,0,0
10,cn2418,part_face_create,compute,0.01795565,1,0,0,0,0,0,0,3,0,0,0,0,0,0,0,0,0,0,0
10,cn2418,surface_refine,compute,0.02115099,1,0,0,0,0,0,0,32,0,0,0,0,0,0,0,0,0,0,0
10,cn2418,refined_surface_save,io,0,0,0,0,0,0,0,0,0,0,0,0,0,0,0,0,0,0,0,0
10,cn2418,local_volume_mesh,compute,19.280211036,1,0,0,0,0,0,0,8745,0,0,0,0,0,34386,1896695,0,0,0,0
10,cn2418,volume_refine,compute,1.642305622,1,0,0,0,0,0,0,6848,0,0,0,0,0,0,2,0,0,0,0
10,cn2418,refined_volume_save,io,0,0,0,0,0,0,0,0,0,0,0,0,0,0,0,0,0,0,0,0
10,cn2418,adjacency_build,compute,0.00340540299999,1,0,0,0,0,0,0,0,0,0,0,0,0,0,0,0,0,0,0
10,cn2418,vertex_numbering_local,compute,0.021574215,1,0,0,0,0,0,0,2,0,0,0,0,0,0,0,0,0,0,0
10,cn2418,vertex_count_allgather,communication,6.256737722,1,0,0,0,0,0,0,42,0,0,0,0,0,0,7,1,1,4,128
10,cn2418,element_count_allgather,communication,0.000466645999992,1,0,0,0,0,0,0,1,0,0,0,0,0,0,0,1,1,4,128
10,cn2418,vertex_exchange_prepare,compute,3.96810000041e-05,1,0,0,0,0,0,0,5,0,0,0,0,0,0,0,0,0,0,0
10,cn2418,vertex_exchange,communication,0.004326275,1,0,0,0,0,0,0,61,0,0,0,0,0,0,0,2,4,48532,215842
10,cn2418,vertex_exchange_unpack,compute,0.00352352500001,1,0,0,0,0,0,0,493,0,0,0,0,0,0,0,0,0,0,0
10,cn2418,partition_result_io,io,0,0,0,0,0,0,0,0,0,0,0,0,0,0,0,0,0,0,0,0
10,cn2418,volume_exchange_pack,compute,0.477057849,2,0,0,0,0,0,0,1555,0,0,0,0,0,0,0,0,0,0,0
10,cn2418,volume_size_exchange,communication,0.148154751,1,0,0,0,0,0,0,0,0,0,0,0,0,0,1,5,5,20,20
10,cn2418,volume_payload_prepare,compute,0.000271063,1,0,0,0,0,0,0,68,0,0,0,0,0,0,0,0,0,0,0
10,cn2418,volume_payload_exchange,communication,0.002475152,1,0,0,0,0,0,0,445,0,0,0,0,0,0,0,5,5,2783880,2791080
10,cn2418,volume_exchange_unpack,compute,0.350650776,1,0,0,0,0,0,0,16138,0,0,0,0,0,0,0,0,0,0,0
10,cn2418,final_mesh_save,io,0,0,0,0,0,0,0,0,0,0,0,0,0,0,0,0,0,0,0,0
10,cn2418,testout_io,io,0,0,0,0,0,0,0,0,0,0,0,0,0,0,0,0,0,0,0,0
10,cn2418,final_count_exchange,communication,0,0,0,0,0,0,0,0,0,0,0,0,0,0,0,0,0,0,0,0
10,cn2418,quality_evaluation,postprocess,0,0,0,0,0,0,0,0,0,0,0,0,0,0,0,0,0,0,0,0
11,cn2419,geometry_load,io,1.754897464,1,0,0,0,0,0,0,6484,0,1035092,0,0,0,2,2,0,0,0,0
11,cn2419,coarse_local_size,setup,0.455028689,1,0,0,0,0,0,0,8511,0,0,0,0,0,81,21,0,0,0,0
11,cn2419,coarse_edge_mesh,setup,0.012646578,1,0,0,0,0,0,0,534,0,0,0,0,0,0,0,0,0,0,0
11,cn2419,coarse_surface_mesh,setup,8.045461061,1,0,0,0,0,0,0,10715,0,0,0,0,0,0,10,0,0,0,0
11,cn2419,coarse_volume_mesh,setup,13.418927323,1,0,0,0,0,0,0,16921,0,0,0,0,0,41409,1629474,0,0,0,0
11,cn2419,coarse_mesh_save,io,0,0,0,0,0,0,0,0,0,0,0,0,0,0,0,0,0,0,0,0
11,cn2419,submesh_initialization,setup,0.000119501,1,0,0,0,0,0,0,1,0,0,0,0,0,0,0,0,0,0,0
11,cn2419,metis_partition,compute,0.131974081,1,0,0,0,0,0,0,57,0,0,0,0,0,0,0,0,0,0,0
11,cn2419,face_map_setup,compute,0.00668853299999,1,0,0,0,0,0,0,3,0,0,0,0,0,0,0,0,0,0,0
11,cn2419,face_local_extract,compute,0.152472485,1,0,0,0,0,0,0,25,0,0,0,0,0,0,0,0,0,0,0
11,cn2419,face_pre_collective_wait,synchronization,0.052127609,1,0,0,0,0,0,0,0,0,0,0,0,0,0,0,0,0,0,0
11,cn2419,face_collective_setup,compute,0.000113921999997,1,0,0,0,0,0,0,15,0,0,0,0,0,0,0,0,0,0,0
11,cn2419,face_allgatherv,communication,0.064842428,1,0,0,0,0,0,0,36,0,0,0,0,0,0,0,1,1,151800,4859624
11,cn2419,face_global_merge,compute,0.073610544,1,0,0,0,0,0,0,0,0,0,0,0,0,0,0,0,0,0,0
11,cn2419,part_face_create,compute,0.017423411,1,0,0,0,0,0,0,3,0,0,0,0,0,0,0,0,0,0,0
11,cn2419,surface_refine,compute,0.017891615,1,0,0,0,0,0,0,1,0,0,0,0,0,0,0,0,0,0,0
11,cn2419,refined_surface_save,io,0,0,0,0,0,0,0,0,0,0,0,0,0,0,0,0,0,0,0,0
11,cn2419,local_volume_mesh,compute,19.62429331,1,0,0,0,0,0,0,8939,0,0,0,0,0,37962,2225844,0,0,0,0
11,cn2419,volume_refine,compute,1.525089635,1,0,0,0,0,0,0,8063,0,0,0,0,0,0,1,0,0,0,0
11,cn2419,refined_volume_save,io,0,0,0,0,0,0,0,0,0,0,0,0,0,0,0,0,0,0,0,0
11,cn2419,adjacency_build,compute,0.00315967499999,1,0,0,0,0,0,0,0,0,0,0,0,0,0,0,0,0,0,0
11,cn2419,vertex_numbering_local,compute,0.015426068,1,0,0,0,0,0,0,2,0,0,0,0,0,0,0,0,0,0,0
11,cn2419,vertex_count_allgather,communication,6.043464779,1,0,0,0,0,0,0,18,0,0,0,0,0,0,7,1,1,4,128
11,cn2419,element_count_allgather,communication,0.000743549000006,1,0,0,0,0,0,0,0,0,0,0,0,0,0,0,1,1,4,128
11,cn2419,vertex_exchange_prepare,compute,1.84809999979e-05,1,0,0,0,0,0,0,0,0,0,0,0,0,0,0,0,0,0,0
11,cn2419,vertex_exchange,communication,0.002443406,1,0,0,0,0,0,0,22,0,0,0,0,0,0,0,0,2,0,137126
11,cn2419,vertex_exchange_unpack,compute,0.001945721,1,0,0,0,0,0,0,0,0,0,0,0,0,0,0,0,0,0,0
11,cn2419,partition_result_io,io,0,0,0,0,0,0,0,0,0,0,0,0,0,0,0,0,0,0,0,0
11,cn2419,volume_exchange_pack,compute,0.385589131,2,0,0,0,0,0,0,630,0,0,0,0,0,0,1,0,0,0,0
11,cn2419,volume_size_exchange,communication,0.24088885,1,0,0,0,0,0,0,3,0,0,0,0,0,0,0,2,2,8,8
11,cn2419,volume_payload_prepare,compute,0.000179302000006,1,0,0,0,0,0,0,34,0,0,0,0,0,0,0,0,0,0,0
11,cn2419,volume_payload_exchange,communication,0.00219556399999,1,0,0,0,0,0,0,93,0,0,0,0,0,0,0,2,2,1458600,1457520
11,cn2419,volume_exchange_unpack,compute,0.28664577,1,0,0,0,0,0,0,14070,0,0,0,0,0,0,0,0,0,0,0
11,cn2419,final_mesh_save,io,0,0,0,0,0,0,0,0,0,0,0,0,0,0,0,0,0,0,0,0
11,cn2419,testout_io,io,0,0,0,0,0,0,0,0,0,0,0,0,0,0,0,0,0,0,0,0
11,cn2419,final_count_exchange,communication,0,0,0,0,0,0,0,0,0,0,0,0,0,0,0,0,0,0,0,0
11,cn2419,quality_evaluation,postprocess,0,0,0,0,0,0,0,0,0,0,0,0,0,0,0,0,0,0,0,0
12,cn2420,geometry_load,io,1.743413655,1,0,0,0,0,0,0,6392,0,1035092,0,0,0,2,3,0,0,0,0
12,cn2420,coarse_local_size,setup,0.444296392,1,0,0,0,0,0,0,8106,0,0,0,0,0,86,21,0,0,0,0
12,cn2420,coarse_edge_mesh,setup,0.012677715,1,0,0,0,0,0,0,514,0,0,0,0,0,0,0,0,0,0,0
12,cn2420,coarse_surface_mesh,setup,8.197202081,1,0,0,0,0,0,0,15273,0,0,0,0,0,0,10,0,0,0,0
12,cn2420,coarse_volume_mesh,setup,13.242802217,1,0,0,0,0,0,0,29961,0,0,0,0,0,36542,1578719,0,0,0,0
12,cn2420,coarse_mesh_save,io,0,0,0,0,0,0,0,0,0,0,0,0,0,0,0,0,0,0,0,0
12,cn2420,submesh_initialization,setup,0.000174002000001,1,0,0,0,0,0,0,40,0,0,0,0,0,0,0,0,0,0,0
12,cn2420,metis_partition,compute,0.145257369,1,0,0,0,0,0,0,1563,0,0,0,0,0,0,0,0,0,0,0
12,cn2420,face_map_setup,compute,0.007778614,1,0,0,0,0,0,0,606,0,0,0,0,0,0,0,0,0,0,0
12,cn2420,face_local_extract,compute,0.15925138,1,0,0,0,0,0,0,842,0,0,0,0,0,0,1,0,0,0,0
12,cn2420,face_pre_collective_wait,synchronization,0.030835196,1,0,0,0,0,0,0,0,0,0,0,0,0,0,0,0,0,0,0
12,cn2420,face_collective_setup,compute,0.000119321,1,0,0,0,0,0,0,16,0,0,0,0,0,0,0,0,0,0,0
12,cn2420,face_allgatherv,communication,0.064715609,1,0,0,0,0,0,0,1146,0,0,0,0,0,0,0,1,1,151800,4859624
12,cn2420,face_global_merge,compute,0.079803412,1,0,0,0,0,0,0,690,0,0,0,0,0,0,0,0,0,0,0
12,cn2420,part_face_create,compute,0.018925071,1,0,0,0,0,0,0,6,0,0,0,0,0,0,0,0,0,0,0
12,cn2420,surface_refine,compute,0.022083029,1,0,0,0,0,0,0,37,0,0,0,0,0,0,0,0,0,0,0
12,cn2420,refined_surface_save,io,0,0,0,0,0,0,0,0,0,0,0,0,0,0,0,0,0,0,0,0
12,cn2420,local_volume_mesh,compute,21.015503327,1,0,0,0,0,0,0,25088,0,0,0,0,0,40182,2175873,0,0,0,0
12,cn2420,volume_refine,compute,1.849195583,1,0,0,0,0,0,0,10042,0,0,0,0,0,0,3,0,0,0,0
12,cn2420,refined_volume_save,io,0,0,0,0,0,0,0,0,0,0,0,0,0,0,0,0,0,0,0,0
12,cn2420,adjacency_build,compute,0.00376498600001,1,0,0,0,0,0,0,7,0,0,0,0,0,0,0,0,0,0,0
12,cn2420,vertex_numbering_local,compute,0.021923607,1,0,0,0,0,0,0,7,0,0,0,0,0,0,0,0,0,0,0
12,cn2420,vertex_count_allgather,communication,4.308376516,1,0,0,0,0,0,0,33,0,0,0,0,0,0,4,1,1,4,128
12,cn2420,element_count_allgather,communication,0.00210722600001,1,0,0,0,0,0,0,0,0,0,0,0,0,0,0,1,1,4,128
12,cn2420,vertex_exchange_prepare,compute,1.28000000075e-05,1,0,0,0,0,0,0,0,0,0,0,0,0,0,0,0,0,0,0
12,cn2420,vertex_exchange,communication,0.004443494,1,0,0,0,0,0,0,40,0,0,0,0,0,0,0,4,2,266574,1122
12,cn2420,vertex_exchange_unpack,compute,4.81399999899e-05,1,0,0,0,0,0,0,0,0,0,0,0,0,0,0,0,0,0,0
12,cn2420,partition_result_io,io,0,0,0,0,0,0,0,0,0,0,0,0,0,0,0,0,0,0,0,0
12,cn2420,volume_exchange_pack,compute,0.495520915,2,0,0,0,0,0,0,1074,0,0,0,0,0,0,1,0,0,0,0
12,cn2420,volume_size_exchange,communication,0.086593914,1,0,0,0,0,0,0,0,0,0,0,0,0,0,0,4,4,16,16
12,cn2420,volume_payload_prepare,compute,0.000245462999999,1,0,0,0,0,0,0,68,0,0,0,0,0,0,0,0,0,0,0
12,cn2420,volume_payload_exchange,communication,0.00220712699999,1,0,0,0,0,0,0,488,0,0,0,0,0,0,0,4,4,2818440,2811240
12,cn2420,volume_exchange_unpack,compute,0.390952802,1,0,0,0,0,0,0,17053,0,0,0,0,0,0,0,0,0,0,0
12,cn2420,final_mesh_save,io,0,0,0,0,0,0,0,0,0,0,0,0,0,0,0,0,0,0,0,0
12,cn2420,testout_io,io,0,0,0,0,0,0,0,0,0,0,0,0,0,0,0,0,0,0,0,0
12,cn2420,final_count_exchange,communication,0,0,0,0,0,0,0,0,0,0,0,0,0,0,0,0,0,0,0,0
12,cn2420,quality_evaluation,postprocess,0,0,0,0,0,0,0,0,0,0,0,0,0,0,0,0,0,0,0,0
13,cn2421,geometry_load,io,1.858191712,1,0,0,0,0,0,0,7172,0,1035092,0,0,0,2,3,0,0,0,0
13,cn2421,coarse_local_size,setup,0.479191301,1,0,0,0,0,0,0,7746,0,0,0,0,0,85,23,0,0,0,0
13,cn2421,coarse_edge_mesh,setup,0.012782099,1,0,0,0,0,0,0,520,0,0,0,0,0,0,0,0,0,0,0
13,cn2421,coarse_surface_mesh,setup,8.604850517,1,0,0,0,0,0,0,15304,0,0,0,0,0,0,11,0,0,0,0
13,cn2421,coarse_volume_mesh,setup,13.499127384,1,0,0,0,0,0,0,27753,0,0,0,0,0,35556,1624480,0,0,0,0
13,cn2421,coarse_mesh_save,io,0,0,0,0,0,0,0,0,0,0,0,0,0,0,0,0,0,0,0,0
13,cn2421,submesh_initialization,setup,0.000133042000002,1,0,0,0,0,0,0,3,0,0,0,0,0,0,0,0,0,0,0
13,cn2421,metis_partition,compute,0.156374892,1,0,0,0,0,0,0,277,0,0,0,0,0,0,0,0,0,0,0
13,cn2421,face_map_setup,compute,0.00750147399999,1,0,0,0,0,0,0,217,0,0,0,0,0,0,0,0,0,0,0
13,cn2421,face_local_extract,compute,0.164908298,1,0,0,0,0,0,0,688,0,0,0,0,0,0,0,0,0,0,0
13,cn2421,face_pre_collective_wait,synchronization,0.01443144,1,0,0,0,0,0,0,0,0,0,0,0,0,0,0,0,0,0,0
13,cn2421,face_collective_setup,compute,0.000121880999998,1,0,0,0,0,0,0,16,0,0,0,0,0,0,0,0,0,0,0
13,cn2421,face_allgatherv,communication,0.064614867,1,0,0,0,0,0,0,642,0,0,0,0,0,0,0,1,1,151800,4859624
13,cn2421,face_global_merge,compute,0.079529853,1,0,0,0,0,0,0,382,0,0,0,0,0,0,0,0,0,0,0
13,cn2421,part_face_create,compute,0.019541443,1,0,0,0,0,0,0,4,0,0,0,0,0,0,0,0,0,0,0
13,cn2421,surface_refine,compute,0.032256642,1,0,0,0,0,0,0,985,0,0,0,0,0,0,0,0,0,0,0
13,cn2421,refined_surface_save,io,0,0,0,0,0,0,0,0,0,0,0,0,0,0,0,0,0,0,0,0
13,cn2421,local_volume_mesh,compute,24.98899143,1,0,0,0,0,0,0,24457,0,0,0,0,0,47374,2367272,0,0,0,0
13,cn2421,volume_refine,compute,2.166997147,1,0,0,0,0,0,0,14454,0,0,0,0,0,0,2,0,0,0,0
13,cn2421,refined_volume_save,io,0,0,0,0,0,0,0,0,0,0,0,0,0,0,0,0,0,0,0,0
13,cn2421,adjacency_build,compute,0.003900649,1,0,0,0,0,0,0,5,0,0,0,0,0,0,0,0,0,0,0
13,cn2421,vertex_numbering_local,compute,0.028375494,1,0,0,0,0,0,0,7,0,0,0,0,0,0,0,0,0,0,0
13,cn2421,vertex_count_allgather,communication,0.000184382,1,0,0,0,0,0,0,34,0,0,0,0,0,0,0,1,1,4,128
13,cn2421,element_count_allgather,communication,3.94999999997e-05,1,0,0,0,0,0,0,0,0,0,0,0,0,0,0,1,1,4,128
13,cn2421,vertex_exchange_prepare,compute,2.2720000004e-05,1,0,0,0,0,0,0,0,0,0,0,0,0,0,0,0,0,0,0
13,cn2421,vertex_exchange,communication,0.003003057,1,0,0,0,0,0,0,41,0,0,0,0,0,0,0,5,3,172568,146696
13,cn2421,vertex_exchange_unpack,compute,0.002126366,1,0,0,0,0,0,0,0,0,0,0,0,0,0,0,0,0,0,0
13,cn2421,partition_result_io,io,0,0,0,0,0,0,0,0,0,0,0,0,0,0,0,0,0,0,0,0
13,cn2421,volume_exchange_pack,compute,0.57919207,2,0,0,0,0,0,0,962,0,0,0,0,0,0,0,0,0,0,0
13,cn2421,volume_size_exchange,communication,3.69199999994e-05,1,0,0,0,0,0,0,0,0,0,0,0,0,0,0,5,5,20,20
13,cn2421,volume_payload_prepare,compute,0.000331224000007,1,0,0,0,0,0,0,68,0,0,0,0,0,0,0,0,0,0,0
13,cn2421,volume_payload_exchange,communication,0.047324971,1,0,0,0,0,0,0,369,0,0,0,0,0,0,0,5,5,3376680,3376920
13,cn2421,volume_exchange_unpack,compute,0.438947018,1,0,0,0,0,0,0,19525,0,0,0,0,0,0,1,0,0,0,0
13,cn2421,final_mesh_save,io,0,0,0,0,0,0,0,0,0,0,0,0,0,0,0,0,0,0,0,0
13,cn2421,testout_io,io,0,0,0,0,0,0,0,0,0,0,0,0,0,0,0,0,0,0,0,0
13,cn2421,final_count_exchange,communication,0,0,0,0,0,0,0,0,0,0,0,0,0,0,0,0,0,0,0,0
13,cn2421,quality_evaluation,postprocess,0,0,0,0,0,0,0,0,0,0,0,0,0,0,0,0,0,0,0,0
14,cn2422,geometry_load,io,1.735575599,1,0,0,0,0,0,0,6172,0,1035092,0,0,0,2,16,0,0,0,0
14,cn2422,coarse_local_size,setup,0.476460054,1,0,0,0,0,0,0,8767,0,0,0,0,0,119,23,0,0,0,0
14,cn2422,coarse_edge_mesh,setup,0.012556149,1,0,0,0,0,0,0,508,0,0,0,0,0,0,0,0,0,0,0
14,cn2422,coarse_surface_mesh,setup,8.184601118,1,0,0,0,0,0,0,13544,0,0,0,0,0,0,72,0,0,0,0
14,cn2422,coarse_volume_mesh,setup,13.221455017,1,0,0,0,0,0,0,21507,0,0,0,0,0,37901,1637615,0,0,0,0
14,cn2422,coarse_mesh_save,io,0,0,0,0,0,0,0,0,0,0,0,0,0,0,0,0,0,0,0,0
14,cn2422,submesh_initialization,setup,0.000127180999996,1,0,0,0,0,0,0,1,0,0,0,0,0,0,0,0,0,0,0
14,cn2422,metis_partition,compute,0.132171909,1,0,0,0,0,0,0,59,0,0,0,0,0,0,2,0,0,0,0
14,cn2422,face_map_setup,compute,0.006998323,1,0,0,0,0,0,0,393,0,0,0,0,0,0,0,0,0,0,0
14,cn2422,face_local_extract,compute,0.153484182,1,0,0,0,0,0,0,339,0,0,0,0,0,0,3,0,0,0,0
14,cn2422,face_pre_collective_wait,synchronization,0.0505581,1,0,0,0,0,0,0,0,0,0,0,0,0,0,0,0,0,0,0
14,cn2422,face_collective_setup,compute,0.000121262,1,0,0,0,0,0,0,16,0,0,0,0,0,0,0,0,0,0,0
14,cn2422,face_allgatherv,communication,0.064521306,1,0,0,0,0,0,0,1140,0,0,0,0,0,0,0,1,1,151800,4859624
14,cn2422,face_global_merge,compute,0.074631326,1,0,0,0,0,0,0,146,0,0,0,0,0,0,1,0,0,0,0
14,cn2422,part_face_create,compute,0.017737531,1,0,0,0,0,0,0,3,0,0,0,0,0,0,0,0,0,0,0
14,cn2422,surface_refine,compute,0.02781393,1,0,0,0,0,0,0,983,0,0,0,0,0,0,0,0,0,0,0
14,cn2422,refined_surface_save,io,0,0,0,0,0,0,0,0,0,0,0,0,0,0,0,0,0,0,0,0
14,cn2422,local_volume_mesh,compute,19.096797647,1,0,0,0,0,0,0,6542,0,0,0,0,0,33250,1958010,0,0,0,0
14,cn2422,volume_refine,compute,1.631304361,1,0,0,0,0,0,0,9668,0,0,0,0,0,0,15,0,0,0,0
14,cn2422,refined_volume_save,io,0,0,0,0,0,0,0,0,0,0,0,0,0,0,0,0,0,0,0,0
14,cn2422,adjacency_build,compute,0.00341,1,0,0,0,0,0,0,6,0,0,0,0,0,0,0,0,0,0,0
14,cn2422,vertex_numbering_local,compute,0.024729333,1,0,0,0,0,0,0,710,0,0,0,0,0,0,0,0,0,0,0
14,cn2422,vertex_count_allgather,communication,6.443966479,1,0,0,0,0,0,0,79,0,0,0,0,0,0,58,1,1,4,128
14,cn2422,element_count_allgather,communication,0.001949383,1,0,0,0,0,0,0,1,0,0,0,0,0,0,0,1,1,4,128
14,cn2422,vertex_exchange_prepare,compute,0.000133681999998,1,0,0,0,0,0,0,36,0,0,0,0,0,0,0,0,0,0,0
14,cn2422,vertex_exchange,communication,0.00349620099999,1,0,0,0,0,0,0,98,0,0,0,0,0,0,0,2,3,77066,169004
14,cn2422,vertex_exchange_unpack,compute,0.00279327299999,1,0,0,0,0,0,0,424,0,0,0,0,0,0,0,0,0,0,0
14,cn2422,partition_result_io,io,0,0,0,0,0,0,0,0,0,0,0,0,0,0,0,0,0,0,0,0
14,cn2422,volume_exchange_pack,compute,0.451756162,2,0,0,0,0,0,0,2098,0,0,0,0,0,0,4,0,0,0,0
14,cn2422,volume_size_exchange,communication,0.127575595,1,0,0,0,0,0,0,0,0,0,0,0,0,0,1,4,4,16,16
14,cn2422,volume_payload_prepare,compute,0.000254002999995,1,0,0,0,0,0,0,68,0,0,0,0,0,0,0,0,0,0,0
14,cn2422,volume_payload_exchange,communication,0.047883108,1,0,0,0,0,0,0,377,0,0,0,0,0,0,1,4,4,2600040,2608440
14,cn2422,volume_exchange_unpack,compute,0.311158693,1,0,0,0,0,0,0,12351,0,0,0,0,0,0,2,0,0,0,0
14,cn2422,final_mesh_save,io,0,0,0,0,0,0,0,0,0,0,0,0,0,0,0,0,0,0,0,0
14,cn2422,testout_io,io,0,0,0,0,0,0,0,0,0,0,0,0,0,0,0,0,0,0,0,0
14,cn2422,final_count_exchange,communication,0,0,0,0,0,0,0,0,0,0,0,0,0,0,0,0,0,0,0,0
14,cn2422,quality_evaluation,postprocess,0,0,0,0,0,0,0,0,0,0,0,0,0,0,0,0,0,0,0,0
15,cn2423,geometry_load,io,1.728253262,1,0,0,0,0,0,0,6186,0,1035092,0,0,0,2,16,0,0,0,0
15,cn2423,coarse_local_size,setup,0.454580045,1,0,0,0,0,0,0,8882,0,0,0,0,0,83,22,0,0,0,0
15,cn2423,coarse_edge_mesh,setup,0.012384457,1,0,0,0,0,0,0,513,0,0,0,0,0,0,0,0,0,0,0
15,cn2423,coarse_surface_mesh,setup,8.149447339,1,0,0,0,0,0,0,13519,0,0,0,0,0,0,76,0,0,0,0
15,cn2423,coarse_volume_mesh,setup,13.304774859,1,0,0,0,0,0,0,18565,0,0,0,0,0,38745,1718755,0,0,0,0
15,cn2423,coarse_mesh_save,io,0,0,0,0,0,0,0,0,0,0,0,0,0,0,0,0,0,0,0,0
15,cn2423,submesh_initialization,setup,0.000122001000001,1,0,0,0,0,0,0,1,0,0,0,0,0,0,0,0,0,0,0
15,cn2423,metis_partition,compute,0.132375397,1,0,0,0,0,0,0,58,0,0,0,0,0,0,1,0,0,0,0
15,cn2423,face_map_setup,compute,0.006751745,1,0,0,0,0,0,0,3,0,0,0,0,0,0,0,0,0,0,0
15,cn2423,face_local_extract,compute,0.153824505,1,0,0,0,0,0,0,536,0,0,0,0,0,0,1,0,0,0,0
15,cn2423,face_pre_collective_wait,synchronization,0.047794878,1,0,0,0,0,0,0,0,0,0,0,0,0,0,0,0,0,0,0
15,cn2423,face_collective_setup,compute,0.000113401999997,1,0,0,0,0,0,0,15,0,0,0,0,0,0,0,0,0,0,0
15,cn2423,face_allgatherv,communication,0.064363345,1,0,0,0,0,0,0,37,0,0,0,0,0,0,1,1,1,151800,4859624
15,cn2423,face_global_merge,compute,0.074539812,1,0,0,0,0,0,0,0,0,0,0,0,0,0,1,0,0,0,0
15,cn2423,part_face_create,compute,0.017904124,1,0,0,0,0,0,0,3,0,0,0,0,0,0,1,0,0,0,0
15,cn2423,surface_refine,compute,0.027312761,1,0,0,0,0,0,0,963,0,0,0,0,0,0,0,0,0,0,0
15,cn2423,refined_surface_save,io,0,0,0,0,0,0,0,0,0,0,0,0,0,0,0,0,0,0,0,0
15,cn2423,local_volume_mesh,compute,21.986164053,1,0,0,0,0,0,0,11039,0,0,0,0,0,41322,2440268,0,0,0,0
15,cn2423,volume_refine,compute,1.990590265,1,0,0,0,0,0,0,12178,0,0,0,0,0,0,17,0,0,0,0
15,cn2423,refined_volume_save,io,0,0,0,0,0,0,0,0,0,0,0,0,0,0,0,0,0,0,0,0
15,cn2423,adjacency_build,compute,0.003399503,1,0,0,0,0,0,0,0,0,0,0,0,0,0,0,0,0,0,0
15,cn2423,vertex_numbering_local,compute,0.025378837,1,0,0,0,0,0,0,740,0,0,0,0,0,0,0,0,0,0,0
15,cn2423,vertex_count_allgather,communication,3.194972373,1,0,0,0,0,0,0,55,0,0,0,0,0,0,30,1,1,4,128
15,cn2423,element_count_allgather,communication,0.001857183,1,0,0,0,0,0,0,0,0,0,0,0,0,0,0,1,1,4,128
15,cn2423,vertex_exchange_prepare,compute,0.000198001999991,1,0,0,0,0,0,0,53,0,0,0,0,0,0,0,0,0,0,0
15,cn2423,vertex_exchange,communication,0.003680186,1,0,0,0,0,0,0,48,0,0,0,0,0,0,0,0,4,0,234806
15,cn2423,vertex_exchange_unpack,compute,0.003324061,1,0,0,0,0,0,0,0,0,0,0,0,0,0,0,0,0,0,0
15,cn2423,partition_result_io,io,0,0,0,0,0,0,0,0,0,0,0,0,0,0,0,0,0,0,0,0
15,cn2423,volume_exchange_pack,compute,0.563064565,2,0,0,0,0,0,0,1081,0,0,0,0,0,0,5,0,0,0,0
15,cn2423,volume_size_exchange,communication,0.062461422,1,0,0,0,0,0,0,2,0,0,0,0,0,0,1,4,4,16,16
15,cn2423,volume_payload_prepare,compute,0.000230482999996,1,0,0,0,0,0,0,34,0,0,0,0,0,0,0,0,0,0,0
15,cn2423,volume_payload_exchange,communication,0.001912344,1,0,0,0,0,0,0,173,0,0,0,0,0,0,0,4,4,2476080,2479680
15,cn2423,volume_exchange_unpack,compute,0.375390677,1,0,0,0,0,0,0,17753,0,0,0,0,0,0,3,0,0,0,0
15,cn2423,final_mesh_save,io,0,0,0,0,0,0,0,0,0,0,0,0,0,0,0,0,0,0,0,0
15,cn2423,testout_io,io,0,0,0,0,0,0,0,0,0,0,0,0,0,0,0,0,0,0,0,0
15,cn2423,final_count_exchange,communication,0,0,0,0,0,0,0,0,0,0,0,0,0,0,0,0,0,0,0,0
15,cn2423,quality_evaluation,postprocess,0,0,0,0,0,0,0,0,0,0,0,0,0,0,0,0,0,0,0,0
16,cn2424,geometry_load,io,1.73752731,1,0,0,0,0,0,0,6172,0,1035092,0,0,0,2,3,0,0,0,0
16,cn2424,coarse_local_size,setup,0.455648647,1,0,0,0,0,0,0,8821,0,0,0,0,0,88,21,0,0,0,0
16,cn2424,coarse_edge_mesh,setup,0.012633388,1,0,0,0,0,0,0,520,0,0,0,0,0,0,0,0,0,0,0
16,cn2424,coarse_surface_mesh,setup,8.11439068,1,0,0,0,0,0,0,12951,0,0,0,0,0,0,11,0,0,0,0
16,cn2424,coarse_volume_mesh,setup,13.401261161,1,0,0,0,0,0,0,22939,0,0,0,0,0,42218,1806936,0,0,0,0
16,cn2424,coarse_mesh_save,io,0,0,0,0,0,0,0,0,0,0,0,0,0,0,0,0,0,0,0,0
16,cn2424,submesh_initialization,setup,0.000118620999999,1,0,0,0,0,0,0,1,0,0,0,0,0,0,0,0,0,0,0
16,cn2424,metis_partition,compute,0.133272084,1,0,0,0,0,0,0,60,0,0,0,0,0,0,0,0,0,0,0
16,cn2424,face_map_setup,compute,0.00662793799999,1,0,0,0,0,0,0,3,0,0,0,0,0,0,0,0,0,0,0
16,cn2424,face_local_extract,compute,0.155961991,1,0,0,0,0,0,0,25,0,0,0,0,0,0,0,0,0,0,0
16,cn2424,face_pre_collective_wait,synchronization,0.047371136,1,0,0,0,0,0,0,0,0,0,0,0,0,0,0,0,0,0,0
16,cn2424,face_collective_setup,compute,0.000129520999998,1,0,0,0,0,0,0,15,0,0,0,0,0,0,0,0,0,0,0
16,cn2424,face_allgatherv,communication,0.064364735,1,0,0,0,0,0,0,99,0,0,0,0,0,0,0,1,1,151800,4859624
16,cn2424,face_global_merge,compute,0.072864575,1,0,0,0,0,0,0,0,0,0,0,0,0,0,0,0,0,0,0
16,cn2424,part_face_create,compute,0.017792969,1,0,0,0,0,0,0,4,0,0,0,0,0,0,0,0,0,0,0
16,cn2424,surface_refine,compute,0.020282818,1,0,0,0,0,0,0,1,0,0,0,0,0,0,0,0,0,0,0
16,cn2424,refined_surface_save,io,0,0,0,0,0,0,0,0,0,0,0,0,0,0,0,0,0,0,0,0
16,cn2424,local_volume_mesh,compute,21.359124604,1,0,0,0,0,0,0,10349,0,0,0,0,0,39060,2378865,0,0,0,0
16,cn2424,volume_refine,compute,1.688921739,1,0,0,0,0,0,0,8743,0,0,0,0,0,0,2,0,0,0,0
16,cn2424,refined_volume_save,io,0,0,0,0,0,0,0,0,0,0,0,0,0,0,0,0,0,0,0,0
16,cn2424,adjacency_build,compute,0.003595702,1,0,0,0,0,0,0,0,0,0,0,0,0,0,0,0,0,0,0
16,cn2424,vertex_numbering_local,compute,0.024322965,1,0,0,0,0,0,0,2,0,0,0,0,0,0,0,0,0,0,0
16,cn2424,vertex_count_allgather,communication,4.133421944,1,0,0,0,0,0,0,28,0,0,0,0,0,0,10,1,1,4,128
16,cn2424,element_count_allgather,communication,0.002033844,1,0,0,0,0,0,0,0,0,0,0,0,0,0,0,1,1,4,128
16,cn2424,vertex_exchange_prepare,compute,1.83199999952e-05,1,0,0,0,0,0,0,0,0,0,0,0,0,0,0,0,0,0,0
16,cn2424,vertex_exchange,communication,0.00356776100001,1,0,0,0,0,0,0,40,0,0,0,0,0,0,0,5,4,300630,76164
16,cn2424,vertex_exchange_unpack,compute,0.00111233299999,1,0,0,0,0,0,0,0,0,0,0,0,0,0,0,0,0,0,0
16,cn2424,partition_result_io,io,0,0,0,0,0,0,0,0,0,0,0,0,0,0,0,0,0,0,0,0
16,cn2424,volume_exchange_pack,compute,0.517170729,2,0,0,0,0,0,0,1025,0,0,0,0,0,0,0,0,0,0,0
16,cn2424,volume_size_exchange,communication,0.075767009,1,0,0,0,0,0,0,0,0,0,0,0,0,0,0,5,5,20,20
16,cn2424,volume_payload_prepare,compute,0.000325324000002,1,0,0,0,0,0,0,102,0,0,0,0,0,0,0,0,0,0,0
16,cn2424,volume_payload_exchange,communication,0.03237294,1,0,0,0,0,0,0,777,0,0,0,0,0,0,0,5,5,4016520,4013160
16,cn2424,volume_exchange_unpack,compute,0.390691885,1,0,0,0,0,0,0,16545,0,0,0,0,0,0,1,0,0,0,0
16,cn2424,final_mesh_save,io,0,0,0,0,0,0,0,0,0,0,0,0,0,0,0,0,0,0,0,0
16,cn2424,testout_io,io,0,0,0,0,0,0,0,0,0,0,0,0,0,0,0,0,0,0,0,0
16,cn2424,final_count_exchange,communication,0,0,0,0,0,0,0,0,0,0,0,0,0,0,0,0,0,0,0,0
16,cn2424,quality_evaluation,postprocess,0,0,0,0,0,0,0,0,0,0,0,0,0,0,0,0,0,0,0,0
17,cn2425,geometry_load,io,1.742504749,1,0,0,0,0,0,0,6174,0,1035092,0,0,0,2,17,0,0,0,0
17,cn2425,coarse_local_size,setup,0.45456668,1,0,0,0,0,0,0,8833,0,0,0,0,0,96,21,0,0,0,0
17,cn2425,coarse_edge_mesh,setup,0.012357442,1,0,0,0,0,0,0,513,0,0,0,0,0,0,0,0,0,0,0
17,cn2425,coarse_surface_mesh,setup,8.137088417,1,0,0,0,0,0,0,10915,0,0,0,0,0,0,72,0,0,0,0
17,cn2425,coarse_volume_mesh,setup,13.117177419,1,0,0,0,0,0,0,19709,0,0,0,0,0,38823,1576998,0,0,0,0
17,cn2425,coarse_mesh_save,io,0,0,0,0,0,0,0,0,0,0,0,0,0,0,0,0,0,0,0,0
17,cn2425,submesh_initialization,setup,0.000115141000002,1,0,0,0,0,0,0,1,0,0,0,0,0,0,0,0,0,0,0
17,cn2425,metis_partition,compute,0.13270826,1,0,0,0,0,0,0,56,0,0,0,0,0,0,1,0,0,0,0
17,cn2425,face_map_setup,compute,0.00677522900001,1,0,0,0,0,0,0,3,0,0,0,0,0,0,1,0,0,0,0
17,cn2425,face_local_extract,compute,0.153478572,1,0,0,0,0,0,0,25,0,0,0,0,0,0,1,0,0,0,0
17,cn2425,face_pre_collective_wait,synchronization,0.050270599,1,0,0,0,0,0,0,0,0,0,0,0,0,0,0,0,0,0,0
17,cn2425,face_collective_setup,compute,0.000108281999999,1,0,0,0,0,0,0,15,0,0,0,0,0,0,0,0,0,0,0
17,cn2425,face_allgatherv,communication,0.065189514,1,0,0,0,0,0,0,114,0,0,0,0,0,0,1,1,1,151800,4859624
17,cn2425,face_global_merge,compute,0.07319002,1,0,0,0,0,0,0,0,0,0,0,0,0,0,0,0,0,0,0
17,cn2425,part_face_create,compute,0.018042336,1,0,0,0,0,0,0,3,0,0,0,0,0,0,0,0,0,0,0
17,cn2425,surface_refine,compute,0.028189429,1,0,0,0,0,0,0,963,0,0,0,0,0,0,1,0,0,0,0
17,cn2425,refined_surface_save,io,0,0,0,0,0,0,0,0,0,0,0,0,0,0,0,0,0,0,0,0
17,cn2425,local_volume_mesh,compute,19.44524277,1,0,0,0,0,0,0,8970,0,0,0,0,0,33447,1909016,0,0,0,0
17,cn2425,volume_refine,compute,1.786524298,1,0,0,0,0,0,0,10638,0,0,0,0,0,0,15,0,0,0,0
17,cn2425,refined_volume_save,io,0,0,0,0,0,0,0,0,0,0,0,0,0,0,0,0,0,0,0,0
17,cn2425,adjacency_build,compute,0.00370732900001,1,0,0,0,0,0,0,0,0,0,0,0,0,0,0,0,0,0,0
17,cn2425,vertex_numbering_local,compute,0.027295819,1,0,0,0,0,0,0,70,0,0,0,0,0,0,0,0,0,0,0
17,cn2425,vertex_count_allgather,communication,5.937313759,1,0,0,0,0,0,0,35,0,0,0,0,0,0,51,1,1,4,128
17,cn2425,element_count_allgather,communication,0.00206044699999,1,0,0,0,0,0,0,2,0,0,0,0,0,0,0,1,1,4,128
17,cn2425,vertex_exchange_prepare,compute,0.00014698199999,1,0,0,0,0,0,0,36,0,0,0,0,0,0,0,0,0,0,0
17,cn2425,vertex_exchange,communication,0.003968433,1,0,0,0,0,0,0,157,0,0,0,0,0,0,0,5,4,169994,236676
17,cn2425,vertex_exchange_unpack,compute,0.004104614,1,0,0,0,0,0,0,767,0,0,0,0,0,0,0,0,0,0,0
17,cn2425,partition_result_io,io,0,0,0,0,0,0,0,0,0,0,0,0,0,0,0,0,0,0,0,0
17,cn2425,volume_exchange_pack,compute,0.5895007,2,0,0,0,0,0,0,2418,0,0,0,0,0,0,5,0,0,0,0
17,cn2425,volume_size_exchange,communication,3.81809999936e-05,1,0,0,0,0,0,0,0,0,0,0,0,0,0,0,6,6,24,24
17,cn2425,volume_payload_prepare,compute,0.000444365999996,1,0,0,0,0,0,0,136,0,0,0,0,0,0,0,0,0,0,0
17,cn2425,volume_payload_exchange,communication,0.032231543,1,0,0,0,0,0,0,762,0,0,0,0,0,0,1,6,6,4352400,4353000
17,cn2425,volume_exchange_unpack,compute,0.386641996,1,0,0,0,0,0,0,16178,0,0,0,0,0,0,3,0,0,0,0
17,cn2425,final_mesh_save,io,0,0,0,0,0,0,0,0,0,0,0,0,0,0,0,0,0,0,0,0
17,cn2425,testout_io,io,0,0,0,0,0,0,0,0,0,0,0,0,0,0,0,0,0,0,0,0
17,cn2425,final_count_exchange,communication,0,0,0,0,0,0,0,0,0,0,0,0,0,0,0,0,0,0,0,0
17,cn2425,quality_evaluation,postprocess,0,0,0,0,0,0,0,0,0,0,0,0,0,0,0,0,0,0,0,0
18,cn2426,geometry_load,io,1.986552113,1,0,0,0,0,0,0,5473,0,1035092,0,0,0,2,3,0,0,0,0
18,cn2426,coarse_local_size,setup,0.496293174,1,0,0,0,0,0,0,7659,0,0,0,0,0,80,23,0,0,0,0
18,cn2426,coarse_edge_mesh,setup,0.012183373,1,0,0,0,0,0,0,511,0,0,0,0,0,0,0,0,0,0,0
18,cn2426,coarse_surface_mesh,setup,8.464847467,1,0,0,0,0,0,0,11012,0,0,0,0,0,0,11,0,0,0,0
18,cn2426,coarse_volume_mesh,setup,13.879570202,1,0,0,0,0,0,0,25508,0,0,0,0,0,40272,1870221,0,0,0,0
18,cn2426,coarse_mesh_save,io,0,0,0,0,0,0,0,0,0,0,0,0,0,0,0,0,0,0,0,0
18,cn2426,submesh_initialization,setup,0.000132160999996,1,0,0,0,0,0,0,2,0,0,0,0,0,0,0,0,0,0,0
18,cn2426,metis_partition,compute,0.170673603,1,0,0,0,0,0,0,305,0,0,0,0,0,0,2,0,0,0,0
18,cn2426,face_map_setup,compute,0.007332032,1,0,0,0,0,0,0,228,0,0,0,0,0,0,0,0,0,0,0
18,cn2426,face_local_extract,compute,0.165207235,1,0,0,0,0,0,0,645,0,0,0,0,0,0,0,0,0,0,0
18,cn2426,face_pre_collective_wait,synchronization,3.69799999973e-05,1,0,0,0,0,0,0,0,0,0,0,0,0,0,0,0,0,0,0
18,cn2426,face_collective_setup,compute,0.000112242,1,0,0,0,0,0,0,13,0,0,0,0,0,0,0,0,0,0,0
18,cn2426,face_allgatherv,communication,0.06530012,1,0,0,0,0,0,0,718,0,0,0,0,0,0,0,1,1,151800,4859624
18,cn2426,face_global_merge,compute,0.079194275,1,0,0,0,0,0,0,283,0,0,0,0,0,0,0,0,0,0,0
18,cn2426,part_face_create,compute,0.018705855,1,0,0,0,0,0,0,3,0,0,0,0,0,0,0,0,0,0,0
18,cn2426,surface_refine,compute,0.022144418,1,0,0,0,0,0,0,34,0,0,0,0,0,0,0,0,0,0,0
18,cn2426,refined_surface_save,io,0,0,0,0,0,0,0,0,0,0,0,0,0,0,0,0,0,0,0,0
18,cn2426,local_volume_mesh,compute,20.934715482,1,0,0,0,0,0,0,21289,0,0,0,0,0,37428,2235969,0,0,0,0
18,cn2426,volume_refine,compute,1.707890853,1,0,0,0,0,0,0,10381,0,0,0,0,0,0,5,0,0,0,0
18,cn2426,refined_volume_save,io,0,0,0,0,0,0,0,0,0,0,0,0,0,0,0,0,0,0,0,0
18,cn2426,adjacency_build,compute,0.00354500500001,1,0,0,0,0,0,0,3,0,0,0,0,0,0,0,0,0,0,0
18,cn2426,vertex_numbering_local,compute,0.021616451,1,0,0,0,0,0,0,4,0,0,0,0,0,0,0,0,0,0,0
18,cn2426,vertex_count_allgather,communication,4.53147746,1,0,0,0,0,0,0,17,0,0,0,0,0,0,4,1,1,4,128
18,cn2426,element_count_allgather,communication,0.002117606,1,0,0,0,0,0,0,0,0,0,0,0,0,0,0,1,1,4,128
18,cn2426,vertex_exchange_prepare,compute,1.77209999919e-05,1,0,0,0,0,0,0,0,0,0,0,0,0,0,0,0,0,0,0
18,cn2426,vertex_exchange,communication,0.00230394900001,1,0,0,0,0,0,0,32,0,0,0,0,0,0,0,5,2,139568,46860
18,cn2426,vertex_exchange_unpack,compute,0.000716448999995,1,0,0,0,0,0,0,0,0,0,0,0,0,0,0,0,0,0,0
18,cn2426,partition_result_io,io,0,0,0,0,0,0,0,0,0,0,0,0,0,0,0,0,0,0,0,0
18,cn2426,volume_exchange_pack,compute,0.43791342,2,0,0,0,0,0,0,1190,0,0,0,0,0,0,1,0,0,0,0
18,cn2426,volume_size_exchange,communication,0.156710048,1,0,0,0,0,0,0,14,0,0,0,0,0,0,0,4,4,16,16
18,cn2426,volume_payload_prepare,compute,0.000285723999994,1,0,0,0,0,0,0,109,0,0,0,0,0,0,0,0,0,0,0
18,cn2426,volume_payload_exchange,communication,0.032404147,1,0,0,0,0,0,0,197,0,0,0,0,0,0,0,4,4,1952160,1952160
18,cn2426,volume_exchange_unpack,compute,0.341028064,1,0,0,0,0,0,0,16218,0,0,0,0,0,0,0,0,0,0,0
18,cn2426,final_mesh_save,io,0,0,0,0,0,0,0,0,0,0,0,0,0,0,0,0,0,0,0,0
18,cn2426,testout_io,io,0,0,0,0,0,0,0,0,0,0,0,0,0,0,0,0,0,0,0,0
18,cn2426,final_count_exchange,communication,0,0,0,0,0,0,0,0,0,0,0,0,0,0,0,0,0,0,0,0
18,cn2426,quality_evaluation,postprocess,0,0,0,0,0,0,0,0,0,0,0,0,0,0,0,0,0,0,0,0
19,cn2427,geometry_load,io,1.766837459,1,0,0,0,0,0,0,6575,0,1035092,0,0,0,2,3,0,0,0,0
19,cn2427,coarse_local_size,setup,0.461116049,1,0,0,0,0,0,0,8383,0,0,0,0,0,95,21,0,0,0,0
19,cn2427,coarse_edge_mesh,setup,0.012524502,1,0,0,0,0,0,0,501,0,0,0,0,0,0,0,0,0,0,0
19,cn2427,coarse_surface_mesh,setup,8.226161638,1,0,0,0,0,0,0,19804,0,0,0,0,0,0,9,0,0,0,0
19,cn2427,coarse_volume_mesh,setup,13.260539596,1,0,0,0,0,0,0,30637,0,0,0,0,0,36603,1472946,0,0,0,0
19,cn2427,coarse_mesh_save,io,0,0,0,0,0,0,0,0,0,0,0,0,0,0,0,0,0,0,0,0
19,cn2427,submesh_initialization,setup,0.000127141999997,1,0,0,0,0,0,0,3,0,0,0,0,0,0,0,0,0,0,0
19,cn2427,metis_partition,compute,0.141008259,1,0,0,0,0,0,0,276,0,0,0,0,0,0,0,0,0,0,0
19,cn2427,face_map_setup,compute,0.007355383,1,0,0,0,0,0,0,234,0,0,0,0,0,0,0,0,0,0,0
19,cn2427,face_local_extract,compute,0.155674986,1,0,0,0,0,0,0,770,0,0,0,0,0,0,0,0,0,0,0
19,cn2427,face_pre_collective_wait,synchronization,0.039189625,1,0,0,0,0,0,0,0,0,0,0,0,0,0,0,0,0,0,0
19,cn2427,face_collective_setup,compute,0.000114001,1,0,0,0,0,0,0,15,0,0,0,0,0,0,0,0,0,0,0
19,cn2427,face_allgatherv,communication,0.0652279,1,0,0,0,0,0,0,931,0,0,0,0,0,0,0,1,1,151800,4859624
19,cn2427,face_global_merge,compute,0.078062706,1,0,0,0,0,0,0,360,0,0,0,0,0,0,0,0,0,0,0
19,cn2427,part_face_create,compute,0.018758793,1,0,0,0,0,0,0,4,0,0,0,0,0,0,0,0,0,0,0
19,cn2427,surface_refine,compute,0.020543713,1,0,0,0,0,0,0,3,0,0,0,0,0,0,0,0,0,0,0
19,cn2427,refined_surface_save,io,0,0,0,0,0,0,0,0,0,0,0,0,0,0,0,0,0,0,0,0
19,cn2427,local_volume_mesh,compute,20.685309444,1,0,0,0,0,0,0,24067,0,0,0,0,0,37294,2329284,0,0,0,0
19,cn2427,volume_refine,compute,1.675128879,1,0,0,0,0,0,0,9565,0,0,0,0,0,0,2,0,0,0,0
19,cn2427,refined_volume_save,io,0,0,0,0,0,0,0,0,0,0,0,0,0,0,0,0,0,0,0,0
19,cn2427,adjacency_build,compute,0.003377618,1,0,0,0,0,0,0,5,0,0,0,0,0,0,0,0,0,0,0
19,cn2427,vertex_numbering_local,compute,0.016309465,1,0,0,0,0,0,0,5,0,0,0,0,0,0,0,0,0,0,0
19,cn2427,vertex_count_allgather,communication,4.821921968,1,0,0,0,0,0,0,56,0,0,0,0,0,0,4,1,1,4,128
19,cn2427,element_count_allgather,communication,0.002030303,1,0,0,0,0,0,0,21,0,0,0,0,0,0,0,1,1,4,128
19,cn2427,vertex_exchange_prepare,compute,2.67599999972e-05,1,0,0,0,0,0,0,3,0,0,0,0,0,0,0,0,0,0,0
19,cn2427,vertex_exchange,communication,0.002288986,1,0,0,0,0,0,0,75,0,0,0,0,0,0,0,0,3,0,93148
19,cn2427,vertex_exchange_unpack,compute,0.002285466,1,0,0,0,0,0,0,935,0,0,0,0,0,0,0,0,0,0,0
19,cn2427,partition_result_io,io,0,0,0,0,0,0,0,0,0,0,0,0,0,0,0,0,0,0,0,0
19,cn2427,volume_exchange_pack,compute,0.370130817,2,0,0,0,0,0,0,975,0,0,0,0,0,0,1,0,0,0,0
19,cn2427,volume_size_exchange,communication,0.222998809,1,0,0,0,0,0,0,3,0,0,0,0,0,0,0,3,3,12,12
19,cn2427,volume_payload_prepare,compute,6.9001e-05,1,0,0,0,0,0,0,0,0,0,0,0,0,0,0,0,0,0,0
19,cn2427,volume_payload_exchange,communication,0.00315725599999,1,0,0,0,0,0,0,19,0,0,0,0,0,0,0,3,3,958320,954600
19,cn2427,volume_exchange_unpack,compute,0.30508404,1,0,0,0,0,0,0,15172,0,0,0,0,0,0,0,0,0,0,0
19,cn2427,final_mesh_save,io,0,0,0,0,0,0,0,0,0,0,0,0,0,0,0,0,0,0,0,0
19,cn2427,testout_io,io,0,0,0,0,0,0,0,0,0,0,0,0,0,0,0,0,0,0,0,0
19,cn2427,final_count_exchange,communication,0,0,0,0,0,0,0,0,0,0,0,0,0,0,0,0,0,0,0,0
19,cn2427,quality_evaluation,postprocess,0,0,0,0,0,0,0,0,0,0,0,0,0,0,0,0,0,0,0,0
20,cn2428,geometry_load,io,1.731523905,1,0,0,0,0,0,0,6169,0,1035092,0,0,0,2,15,0,0,0,0
20,cn2428,coarse_local_size,setup,0.448494931,1,0,0,0,0,0,0,8360,0,0,0,0,0,85,24,0,0,0,0
20,cn2428,coarse_edge_mesh,setup,0.012713291,1,0,0,0,0,0,0,524,0,0,0,0,0,0,0,0,0,0,0
20,cn2428,coarse_surface_mesh,setup,8.207477215,1,0,0,0,0,0,0,17158,0,0,0,0,0,0,72,0,0,0,0
20,cn2428,coarse_volume_mesh,setup,13.244935699,1,0,0,0,0,0,0,34490,0,0,0,0,0,37469,1547363,0,0,0,0
20,cn2428,coarse_mesh_save,io,0,0,0,0,0,0,0,0,0,0,0,0,0,0,0,0,0,0,0,0
20,cn2428,submesh_initialization,setup,0.000128162000003,1,0,0,0,0,0,0,2,0,0,0,0,0,0,0,0,0,0,0
20,cn2428,metis_partition,compute,0.141366241,1,0,0,0,0,0,0,782,0,0,0,0,0,0,2,0,0,0,0
20,cn2428,face_map_setup,compute,0.007315498,1,0,0,0,0,0,0,222,0,0,0,0,0,0,0,0,0,0,0
20,cn2428,face_local_extract,compute,0.163041813,1,0,0,0,0,0,0,781,0,0,0,0,0,0,1,0,0,0,0
20,cn2428,face_pre_collective_wait,synchronization,0.031505504,1,0,0,0,0,0,0,0,0,0,0,0,0,0,1,0,0,0,0
20,cn2428,face_collective_setup,compute,0.000117061999994,1,0,0,0,0,0,0,15,0,0,0,0,0,0,0,0,0,0,0
20,cn2428,face_allgatherv,communication,0.064904353,1,0,0,0,0,0,0,750,0,0,0,0,0,0,0,1,1,151800,4859624
20,cn2428,face_global_merge,compute,0.078424275,1,0,0,0,0,0,0,388,0,0,0,0,0,0,1,0,0,0,0
20,cn2428,part_face_create,compute,0.018868854,1,0,0,0,0,0,0,4,0,0,0,0,0,0,0,0,0,0,0
20,cn2428,surface_refine,compute,0.021065123,1,0,0,0,0,0,0,35,0,0,0,0,0,0,0,0,0,0,0
20,cn2428,refined_surface_save,io,0,0,0,0,0,0,0,0,0,0,0,0,0,0,0,0,0,0,0,0
20,cn2428,local_volume_mesh,compute,20.887054392,1,0,0,0,0,0,0,24668,0,0,0,0,0,36012,2180317,0,0,0,0
20,cn2428,volume_refine,compute,1.659417336,1,0,0,0,0,0,0,10698,0,0,0,0,0,0,14,0,0,0,0
20,cn2428,refined_volume_save,io,0,0,0,0,0,0,0,0,0,0,0,0,0,0,0,0,0,0,0,0
20,cn2428,adjacency_build,compute,0.003917532,1,0,0,0,0,0,0,9,0,0,0,0,0,0,0,0,0,0,0
20,cn2428,vertex_numbering_local,compute,0.025789707,1,0,0,0,0,0,0,4,0,0,0,0,0,0,1,0,0,0,0
20,cn2428,vertex_count_allgather,communication,4.624955897,1,0,0,0,0,0,0,31,0,0,0,0,0,0,39,1,1,4,128
20,cn2428,element_count_allgather,communication,0.002127069,1,0,0,0,0,0,0,0,0,0,0,0,0,0,0,1,1,4,128
20,cn2428,vertex_exchange_prepare,compute,2.83400000001e-05,1,0,0,0,0,0,0,0,0,0,0,0,0,0,0,0,0,0,0
20,cn2428,vertex_exchange,communication,0.004160715,1,0,0,0,0,0,0,40,0,0,0,0,0,0,0,5,4,236478,162250
20,cn2428,vertex_exchange_unpack,compute,0.00238387200001,1,0,0,0,0,0,0,0,0,0,0,0,0,0,0,0,0,0,0
20,cn2428,partition_result_io,io,0,0,0,0,0,0,0,0,0,0,0,0,0,0,0,0,0,0,0,0
20,cn2428,volume_exchange_pack,compute,0.524503773,2,0,0,0,0,0,0,982,0,0,0,0,0,0,5,0,0,0,0
20,cn2428,volume_size_exchange,communication,0.097680774,1,0,0,0,0,0,0,2,0,0,0,0,0,0,1,5,5,20,20
20,cn2428,volume_payload_prepare,compute,0.000355304999999,1,0,0,0,0,0,0,102,0,0,0,0,0,0,0,0,0,0,0
20,cn2428,volume_payload_exchange,communication,0.003286984,1,0,0,0,0,0,0,811,0,0,0,0,0,0,0,5,5,4260960,4267440
20,cn2428,volume_exchange_unpack,compute,0.381629553,1,0,0,0,0,0,0,15595,0,0,0,0,0,0,3,0,0,0,0
20,cn2428,final_mesh_save,io,0,0,0,0,0,0,0,0,0,0,0,0,0,0,0,0,0,0,0,0
20,cn2428,testout_io,io,0,0,0,0,0,0,0,0,0,0,0,0,0,0,0,0,0,0,0,0
20,cn2428,final_count_exchange,communication,0,0,0,0,0,0,0,0,0,0,0,0,0,0,0,0,0,0,0,0
20,cn2428,quality_evaluation,postprocess,0,0,0,0,0,0,0,0,0,0,0,0,0,0,0,0,0,0,0,0
21,cn2429,geometry_load,io,1.706485321,1,0,0,0,0,0,0,4868,0,1035092,0,0,0,2,16,0,0,0,0
21,cn2429,coarse_local_size,setup,0.460114097,1,0,0,0,0,0,0,10062,0,0,0,0,0,105,23,0,0,0,0
21,cn2429,coarse_edge_mesh,setup,0.012579104,1,0,0,0,0,0,0,505,0,0,0,0,0,0,0,0,0,0,0
21,cn2429,coarse_surface_mesh,setup,8.234782749,1,0,0,0,0,0,0,15465,0,0,0,0,0,0,75,0,0,0,0
21,cn2429,coarse_volume_mesh,setup,13.347472225,1,0,0,0,0,0,0,24347,0,0,0,0,0,36357,1536225,0,0,0,0
21,cn2429,coarse_mesh_save,io,0,0,0,0,0,0,0,0,0,0,0,0,0,0,0,0,0,0,0,0
21,cn2429,submesh_initialization,setup,0.000118540999999,1,0,0,0,0,0,0,2,0,0,0,0,0,0,0,0,0,0,0
21,cn2429,metis_partition,compute,0.131833698,1,0,0,0,0,0,0,77,0,0,0,0,0,0,1,0,0,0,0
21,cn2429,face_map_setup,compute,0.007194973,1,0,0,0,0,0,0,484,0,0,0,0,0,0,0,0,0,0,0
21,cn2429,face_local_extract,compute,0.15960704,1,0,0,0,0,0,0,188,0,0,0,0,0,0,1,0,0,0,0
21,cn2429,face_pre_collective_wait,synchronization,0.044601541,1,0,0,0,0,0,0,0,0,0,0,0,0,0,1,0,0,0,0
21,cn2429,face_collective_setup,compute,0.000118902000004,1,0,0,0,0,0,0,16,0,0,0,0,0,0,0,0,0,0,0
21,cn2429,face_allgatherv,communication,0.065529014,1,0,0,0,0,0,0,565,0,0,0,0,0,0,1,1,1,151800,4859624
21,cn2429,face_global_merge,compute,0.073866702,1,0,0,0,0,0,0,113,0,0,0,0,0,0,0,0,0,0,0
21,cn2429,part_face_create,compute,0.017876793,1,0,0,0,0,0,0,4,0,0,0,0,0,0,1,0,0,0,0
21,cn2429,surface_refine,compute,0.021218556,1,0,0,0,0,0,0,32,0,0,0,0,0,0,0,0,0,0,0
21,cn2429,refined_surface_save,io,0,0,0,0,0,0,0,0,0,0,0,0,0,0,0,0,0,0,0,0
21,cn2429,local_volume_mesh,compute,18.423797427,1,0,0,0,0,0,0,6740,0,0,0,0,0,34191,2041320,0,0,0,0
21,cn2429,volume_refine,compute,1.628124581,1,0,0,0,0,0,0,7436,0,0,0,0,0,0,14,0,0,0,0
21,cn2429,refined_volume_save,io,0,0,0,0,0,0,0,0,0,0,0,0,0,0,0,0,0,0,0,0
21,cn2429,adjacency_build,compute,0.00354906699999,1,0,0,0,0,0,0,0,0,0,0,0,0,0,0,0,0,0,0
21,cn2429,vertex_numbering_local,compute,0.023611767,1,0,0,0,0,0,0,2,0,0,0,0,0,0,0,0,0,0,0
21,cn2429,vertex_count_allgather,communication,7.127171012,1,0,0,0,0,0,0,65,0,0,0,0,0,0,63,1,1,4,128
21,cn2429,element_count_allgather,communication,0.00203734599999,1,0,0,0,0,0,0,1,0,0,0,0,0,0,0,1,1,4,128
21,cn2429,vertex_exchange_prepare,compute,4.42599999957e-05,1,0,0,0,0,0,0,5,0,0,0,0,0,0,0,0,0,0,0
21,cn2429,vertex_exchange,communication,0.00303665999999,1,0,0,0,0,0,0,77,0,0,0,0,0,0,0,2,4,60192,281116
21,cn2429,vertex_exchange_unpack,compute,0.004270656,1,0,0,0,0,0,0,389,0,0,0,0,0,0,0,0,0,0,0
21,cn2429,partition_result_io,io,0,0,0,0,0,0,0,0,0,0,0,0,0,0,0,0,0,0,0,0
21,cn2429,volume_exchange_pack,compute,0.507828459,2,0,0,0,0,0,0,1086,0,0,0,0,0,0,4,0,0,0,0
21,cn2429,volume_size_exchange,communication,0.113202135,1,0,0,0,0,0,0,2,0,0,0,0,0,0,2,5,5,20,20
21,cn2429,volume_payload_prepare,compute,0.000327523999999,1,0,0,0,0,0,0,102,0,0,0,0,0,0,0,0,0,0,0
21,cn2429,volume_payload_exchange,communication,0.003315023,1,0,0,0,0,0,0,716,0,0,0,0,0,0,0,5,5,3639480,3630240
21,cn2429,volume_exchange_unpack,compute,0.366572477,1,0,0,0,0,0,0,15862,0,0,0,0,0,0,3,0,0,0,0
21,cn2429,final_mesh_save,io,0,0,0,0,0,0,0,0,0,0,0,0,0,0,0,0,0,0,0,0
21,cn2429,testout_io,io,0,0,0,0,0,0,0,0,0,0,0,0,0,0,0,0,0,0,0,0
21,cn2429,final_count_exchange,communication,0,0,0,0,0,0,0,0,0,0,0,0,0,0,0,0,0,0,0,0
21,cn2429,quality_evaluation,postprocess,0,0,0,0,0,0,0,0,0,0,0,0,0,0,0,0,0,0,0,0
22,cn2430,geometry_load,io,1.745436652,1,0,0,0,0,0,0,6179,0,1035092,0,0,0,2,3,0,0,0,0
22,cn2430,coarse_local_size,setup,0.457291101,1,0,0,0,0,0,0,8693,0,0,0,0,0,122,22,0,0,0,0
22,cn2430,coarse_edge_mesh,setup,0.012719984,1,0,0,0,0,0,0,494,0,0,0,0,0,0,0,0,0,0,0
22,cn2430,coarse_surface_mesh,setup,8.229226136,1,0,0,0,0,0,0,17480,0,0,0,0,0,0,12,0,0,0,0
22,cn2430,coarse_volume_mesh,setup,13.50845088,1,0,0,0,0,0,0,35499,0,0,0,0,0,39480,1608258,0,0,0,0
22,cn2430,coarse_mesh_save,io,0,0,0,0,0,0,0,0,0,0,0,0,0,0,0,0,0,0,0,0
22,cn2430,submesh_initialization,setup,0.000122841,1,0,0,0,0,0,0,1,0,0,0,0,0,0,0,0,0,0,0
22,cn2430,metis_partition,compute,0.140908462,1,0,0,0,0,0,0,639,0,0,0,0,0,0,0,0,0,0,0
22,cn2430,face_map_setup,compute,0.007547486,1,0,0,0,0,0,0,232,0,0,0,0,0,0,0,0,0,0,0
22,cn2430,face_local_extract,compute,0.162524049,1,0,0,0,0,0,0,747,0,0,0,0,0,0,0,0,0,0,0
22,cn2430,face_pre_collective_wait,synchronization,0.032227047,1,0,0,0,0,0,0,0,0,0,0,0,0,0,0,0,0,0,0
22,cn2430,face_collective_setup,compute,0.000125861000001,1,0,0,0,0,0,0,16,0,0,0,0,0,0,0,0,0,0,0
22,cn2430,face_allgatherv,communication,0.067927612,1,0,0,0,0,0,0,821,0,0,0,0,0,0,0,1,1,151800,4859624
22,cn2430,face_global_merge,compute,0.078702875,1,0,0,0,0,0,0,366,0,0,0,0,0,0,0,0,0,0,0
22,cn2430,part_face_create,compute,0.019225139,1,0,0,0,0,0,0,4,0,0,0,0,0,0,0,0,0,0,0
22,cn2430,surface_refine,compute,0.03070743,1,0,0,0,0,0,0,987,0,0,0,0,0,0,0,0,0,0,0
22,cn2430,refined_surface_save,io,0,0,0,0,0,0,0,0,0,0,0,0,0,0,0,0,0,0,0,0
22,cn2430,local_volume_mesh,compute,21.737282051,1,0,0,0,0,0,0,13922,0,0,0,0,0,37749,2162012,0,0,0,0
22,cn2430,volume_refine,compute,2.077392808,1,0,0,0,0,0,0,71875,0,0,0,0,0,0,2,0,0,0,0
22,cn2430,refined_volume_save,io,0,0,0,0,0,0,0,0,0,0,0,0,0,0,0,0,0,0,0,0
22,cn2430,adjacency_build,compute,0.00390464499999,1,0,0,0,0,0,0,7,0,0,0,0,0,0,0,0,0,0,0
22,cn2430,vertex_numbering_local,compute,0.029063331,1,0,0,0,0,0,0,889,0,0,0,0,0,0,0,0,0,0,0
22,cn2430,vertex_count_allgather,communication,3.34024783,1,0,0,0,0,0,0,33,0,0,0,0,0,0,4,1,1,4,128
22,cn2430,element_count_allgather,communication,0.001831701,1,0,0,0,0,0,0,0,0,0,0,0,0,0,0,1,1,4,128
22,cn2430,vertex_exchange_prepare,compute,0.000142201000003,1,0,0,0,0,0,0,30,0,0,0,0,0,0,0,0,0,0,0
22,cn2430,vertex_exchange,communication,0.003782043,1,0,0,0,0,0,0,57,0,0,0,0,0,0,1,3,4,178354,146806
22,cn2430,vertex_exchange_unpack,compute,0.00219750500001,1,0,0,0,0,0,0,0,0,0,0,0,0,0,0,0,0,0,0
22,cn2430,partition_result_io,io,0,0,0,0,0,0,0,0,0,0,0,0,0,0,0,0,0,0,0,0
22,cn2430,volume_exchange_pack,compute,0.621938773,2,0,0,0,0,0,0,1384,0,0,0,0,0,0,0,0,0,0,0
22,cn2430,volume_size_exchange,communication,3.80000000035e-05,1,0,0,0,0,0,0,0,0,0,0,0,0,0,0,5,5,20,20
22,cn2430,volume_payload_prepare,compute,0.000348844000001,1,0,0,0,0,0,0,103,0,0,0,0,0,0,0,0,0,0,0
22,cn2430,volume_payload_exchange,communication,0.002956234,1,0,0,0,0,0,0,525,0,0,0,0,0,0,0,5,5,3433560,3448800
22,cn2430,volume_exchange_unpack,compute,0.421528695,1,0,0,0,0,0,0,22461,0,0,0,0,0,0,1,0,0,0,0
22,cn2430,final_mesh_save,io,0,0,0,0,0,0,0,0,0,0,0,0,0,0,0,0,0,0,0,0
22,cn2430,testout_io,io,0,0,0,0,0,0,0,0,0,0,0,0,0,0,0,0,0,0,0,0
22,cn2430,final_count_exchange,communication,0,0,0,0,0,0,0,0,0,0,0,0,0,0,0,0,0,0,0,0
22,cn2430,quality_evaluation,postprocess,0,0,0,0,0,0,0,0,0,0,0,0,0,0,0,0,0,0,0,0
23,cn2431,geometry_load,io,1.739064778,1,0,0,0,0,0,0,6483,0,1035092,0,0,0,2,4,0,0,0,0
23,cn2431,coarse_local_size,setup,0.456330755,1,0,0,0,0,0,0,8519,0,0,0,0,0,85,22,0,0,0,0
23,cn2431,coarse_edge_mesh,setup,0.012587424,1,0,0,0,0,0,0,510,0,0,0,0,0,0,0,0,0,0,0
23,cn2431,coarse_surface_mesh,setup,8.159459602,1,0,0,0,0,0,0,14323,0,0,0,0,0,0,17,0,0,0,0
23,cn2431,coarse_volume_mesh,setup,13.214596343,1,0,0,0,0,0,0,21205,0,0,0,0,0,37333,1528291,0,0,0,0
23,cn2431,coarse_mesh_save,io,0,0,0,0,0,0,0,0,0,0,0,0,0,0,0,0,0,0,0,0
23,cn2431,submesh_initialization,setup,0.010974645,1,0,0,0,0,0,0,1,0,0,0,0,0,0,0,0,0,0,0
23,cn2431,metis_partition,compute,0.142434748,1,0,0,0,0,0,0,58,0,0,0,0,0,0,1,0,0,0,0
23,cn2431,face_map_setup,compute,0.006705597,1,0,0,0,0,0,0,3,0,0,0,0,0,0,0,0,0,0,0
23,cn2431,face_local_extract,compute,0.152880528,1,0,0,0,0,0,0,24,0,0,0,0,0,0,0,0,0,0,0
23,cn2431,face_pre_collective_wait,synchronization,0.027885299,1,0,0,0,0,0,0,0,0,0,0,0,0,0,0,0,0,0,0
23,cn2431,face_collective_setup,compute,0.000108521000001,1,0,0,0,0,0,0,15,0,0,0,0,0,0,0,0,0,0,0
23,cn2431,face_allgatherv,communication,0.068024878,1,0,0,0,0,0,0,39,0,0,0,0,0,0,1,1,1,151800,4859624
23,cn2431,face_global_merge,compute,0.073006475,1,0,0,0,0,0,0,0,0,0,0,0,0,0,0,0,0,0,0
23,cn2431,part_face_create,compute,0.017705762,1,0,0,0,0,0,0,3,0,0,0,0,0,0,0,0,0,0,0
23,cn2431,surface_refine,compute,0.02797738,1,0,0,0,0,0,0,963,0,0,0,0,0,0,0,0,0,0,0
23,cn2431,refined_surface_save,io,0,0,0,0,0,0,0,0,0,0,0,0,0,0,0,0,0,0,0,0
23,cn2431,local_volume_mesh,compute,20.956433467,1,0,0,0,0,0,0,8897,0,0,0,0,0,34722,2098703,0,0,0,0
23,cn2431,volume_refine,compute,1.950694127,1,0,0,0,0,0,0,12403,0,0,0,0,0,0,4,0,0,0,0
23,cn2431,refined_volume_save,io,0,0,0,0,0,0,0,0,0,0,0,0,0,0,0,0,0,0,0,0
23,cn2431,adjacency_build,compute,0.003334838,1,0,0,0,0,0,0,0,0,0,0,0,0,0,0,0,0,0,0
23,cn2431,vertex_numbering_local,compute,0.025073427,1,0,0,0,0,0,0,755,0,0,0,0,0,0,0,0,0,0,0
23,cn2431,vertex_count_allgather,communication,4.262763384,1,0,0,0,0,0,0,18,0,0,0,0,0,0,9,1,1,4,128
23,cn2431,element_count_allgather,communication,0.001859521,1,0,0,0,0,0,0,0,0,0,0,0,0,0,0,1,1,4,128
23,cn2431,vertex_exchange_prepare,compute,0.000103761000005,1,0,0,0,0,0,0,17,0,0,0,0,0,0,0,0,0,0,0
23,cn2431,vertex_exchange,communication,0.00445931099999,1,0,0,0,0,0,0,56,0,0,0,0,0,0,0,3,2,115060,119834
23,cn2431,vertex_exchange_unpack,compute,0.00171323900001,1,0,0,0,0,0,0,0,0,0,0,0,0,0,0,0,0,0,0
23,cn2431,partition_result_io,io,0,0,0,0,0,0,0,0,0,0,0,0,0,0,0,0,0,0,0,0
23,cn2431,volume_exchange_pack,compute,0.550302427,2,0,0,0,0,0,0,1109,0,0,0,0,0,0,1,0,0,0,0
23,cn2431,volume_size_exchange,communication,0.071495417,1,0,0,0,0,0,0,0,0,0,0,0,0,0,0,3,3,12,12
23,cn2431,volume_payload_prepare,compute,0.000198182000005,1,0,0,0,0,0,0,34,0,0,0,0,0,0,0,0,0,0,0
23,cn2431,volume_payload_exchange,communication,0.002524869,1,0,0,0,0,0,0,278,0,0,0,0,0,0,0,3,3,2479080,2475120
23,cn2431,volume_exchange_unpack,compute,0.398000548,1,0,0,0,0,0,0,17770,0,0,0,0,0,0,1,0,0,0,0
23,cn2431,final_mesh_save,io,0,0,0,0,0,0,0,0,0,0,0,0,0,0,0,0,0,0,0,0
23,cn2431,testout_io,io,0,0,0,0,0,0,0,0,0,0,0,0,0,0,0,0,0,0,0,0
23,cn2431,final_count_exchange,communication,0,0,0,0,0,0,0,0,0,0,0,0,0,0,0,0,0,0,0,0
23,cn2431,quality_evaluation,postprocess,0,0,0,0,0,0,0,0,0,0,0,0,0,0,0,0,0,0,0,0
24,cn2432,geometry_load,io,1.737189262,1,0,0,0,0,0,0,6178,0,1035092,0,0,0,2,3,0,0,0,0
24,cn2432,coarse_local_size,setup,0.452908595,1,0,0,0,0,0,0,8732,0,0,0,0,0,84,20,0,0,0,0
24,cn2432,coarse_edge_mesh,setup,0.012540901,1,0,0,0,0,0,0,511,0,0,0,0,0,0,0,0,0,0,0
24,cn2432,coarse_surface_mesh,setup,8.207942894,1,0,0,0,0,0,0,16948,0,0,0,0,0,0,10,0,0,0,0
24,cn2432,coarse_volume_mesh,setup,13.44069888,1,0,0,0,0,0,0,29893,0,0,0,0,0,38895,1602256,0,0,0,0
24,cn2432,coarse_mesh_save,io,0,0,0,0,0,0,0,0,0,0,0,0,0,0,0,0,0,0,0,0
24,cn2432,submesh_initialization,setup,0.000132102000002,1,0,0,0,0,0,0,3,0,0,0,0,0,0,0,0,0,0,0
24,cn2432,metis_partition,compute,0.140592002,1,0,0,0,0,0,0,237,0,0,0,0,0,0,0,0,0,0,0
24,cn2432,face_map_setup,compute,0.007301842,1,0,0,0,0,0,0,210,0,0,0,0,0,0,0,0,0,0,0
24,cn2432,face_local_extract,compute,0.162422827,1,0,0,0,0,0,0,761,0,0,0,0,0,0,1,0,0,0,0
24,cn2432,face_pre_collective_wait,synchronization,0.03288263,1,0,0,0,0,0,0,0,0,0,0,0,0,0,0,0,0,0,0
24,cn2432,face_collective_setup,compute,0.000120520999999,1,0,0,0,0,0,0,16,0,0,0,0,0,0,0,0,0,0,0
24,cn2432,face_allgatherv,communication,0.067931944,1,0,0,0,0,0,0,703,0,0,0,0,0,0,0,1,1,151800,4859624
24,cn2432,face_global_merge,compute,0.078324821,1,0,0,0,0,0,0,487,0,0,0,0,0,0,0,0,0,0,0
24,cn2432,part_face_create,compute,0.018822672,1,0,0,0,0,0,0,4,0,0,0,0,0,0,0,0,0,0,0
24,cn2432,surface_refine,compute,0.019953625,1,0,0,0,0,0,0,34,0,0,0,0,0,0,0,0,0,0,0
24,cn2432,refined_surface_save,io,0,0,0,0,0,0,0,0,0,0,0,0,0,0,0,0,0,0,0,0
24,cn2432,local_volume_mesh,compute,14.616946273,1,0,0,0,0,0,0,16720,0,0,0,0,0,25839,1552540,0,0,0,0
24,cn2432,volume_refine,compute,1.480664157,1,0,0,0,0,0,0,8853,0,0,0,0,0,0,3,0,0,0,0
24,cn2432,refined_volume_save,io,0,0,0,0,0,0,0,0,0,0,0,0,0,0,0,0,0,0,0,0
24,cn2432,adjacency_build,compute,0.00375430300001,1,0,0,0,0,0,0,4,0,0,0,0,0,0,0,0,0,0,0
24,cn2432,vertex_numbering_local,compute,0.022393832,1,0,0,0,0,0,0,5,0,0,0,0,0,0,0,0,0,0,0
24,cn2432,vertex_count_allgather,communication,11.075965808,1,0,0,0,0,0,0,68,0,0,0,0,0,0,18,1,1,4,128
24,cn2432,element_count_allgather,communication,0.002260005,1,0,0,0,0,0,0,2,0,0,0,0,0,0,0,1,1,4,128
24,cn2432,vertex_exchange_prepare,compute,3.45209999892e-05,1,0,0,0,0,0,0,13,0,0,0,0,0,0,0,0,0,0,0
24,cn2432,vertex_exchange,communication,0.003722782,1,0,0,0,0,0,0,82,0,0,0,0,0,0,0,4,2,327492,2442
24,cn2432,vertex_exchange_unpack,compute,0.000233942000008,1,0,0,0,0,0,0,153,0,0,0,0,0,0,0,0,0,0,0
24,cn2432,partition_result_io,io,0,0,0,0,0,0,0,0,0,0,0,0,0,0,0,0,0,0,0,0
24,cn2432,volume_exchange_pack,compute,0.442783914,2,0,0,0,0,0,0,2576,0,0,0,0,0,0,0,0,0,0,0
24,cn2432,volume_size_exchange,communication,0.038331829,1,0,0,0,0,0,0,0,0,0,0,0,0,0,0,4,4,16,16
24,cn2432,volume_payload_prepare,compute,0.000272742999996,1,0,0,0,0,0,0,70,0,0,0,0,0,0,0,0,0,0,0
24,cn2432,volume_payload_exchange,communication,0.144975202,1,0,0,0,0,0,0,587,0,0,0,0,0,0,1,4,4,3543120,3553320
24,cn2432,volume_exchange_unpack,compute,0.321218374,1,0,0,0,0,0,0,13288,0,0,0,0,0,0,0,0,0,0,0
24,cn2432,final_mesh_save,io,0,0,0,0,0,0,0,0,0,0,0,0,0,0,0,0,0,0,0,0
24,cn2432,testout_io,io,0,0,0,0,0,0,0,0,0,0,0,0,0,0,0,0,0,0,0,0
24,cn2432,final_count_exchange,communication,0,0,0,0,0,0,0,0,0,0,0,0,0,0,0,0,0,0,0,0
24,cn2432,quality_evaluation,postprocess,0,0,0,0,0,0,0,0,0,0,0,0,0,0,0,0,0,0,0,0
25,cn2433,geometry_load,io,1.735799762,1,0,0,0,0,0,0,6178,0,1035092,0,0,0,2,3,0,0,0,0
25,cn2433,coarse_local_size,setup,0.453134647,1,0,0,0,0,0,0,8783,0,0,0,0,0,82,20,0,0,0,0
25,cn2433,coarse_edge_mesh,setup,0.012519261,1,0,0,0,0,0,0,503,0,0,0,0,0,0,0,0,0,0,0
25,cn2433,coarse_surface_mesh,setup,8.139152889,1,0,0,0,0,0,0,8768,0,0,0,0,0,0,11,0,0,0,0
25,cn2433,coarse_volume_mesh,setup,13.126351395,1,0,0,0,0,0,0,20954,0,0,0,0,0,36105,1526281,0,0,0,0
25,cn2433,coarse_mesh_save,io,0,0,0,0,0,0,0,0,0,0,0,0,0,0,0,0,0,0,0,0
25,cn2433,submesh_initialization,setup,0.000113681999999,1,0,0,0,0,0,0,1,0,0,0,0,0,0,0,0,0,0,0
25,cn2433,metis_partition,compute,0.132284731,1,0,0,0,0,0,0,60,0,0,0,0,0,0,1,0,0,0,0
25,cn2433,face_map_setup,compute,0.006789757,1,0,0,0,0,0,0,3,0,0,0,0,0,0,0,0,0,0,0
25,cn2433,face_local_extract,compute,0.155637414,1,0,0,0,0,0,0,25,0,0,0,0,0,0,0,0,0,0,0
25,cn2433,face_pre_collective_wait,synchronization,0.048522707,1,0,0,0,0,0,0,0,0,0,0,0,0,0,0,0,0,0,0
25,cn2433,face_collective_setup,compute,0.000118100999998,1,0,0,0,0,0,0,16,0,0,0,0,0,0,0,0,0,0,0
25,cn2433,face_allgatherv,communication,0.067823545,1,0,0,0,0,0,0,40,0,0,0,0,0,0,0,1,1,151800,4859624
25,cn2433,face_global_merge,compute,0.073483748,1,0,0,0,0,0,0,0,0,0,0,0,0,0,1,0,0,0,0
25,cn2433,part_face_create,compute,0.01777488,1,0,0,0,0,0,0,4,0,0,0,0,0,0,0,0,0,0,0
25,cn2433,surface_refine,compute,0.019956004,1,0,0,0,0,0,0,1,0,0,0,0,0,0,0,0,0,0,0
25,cn2433,refined_surface_save,io,0,0,0,0,0,0,0,0,0,0,0,0,0,0,0,0,0,0,0,0
25,cn2433,local_volume_mesh,compute,19.518728758,1,0,0,0,0,0,0,8409,0,0,0,0,0,35285,2088767,0,0,0,0
25,cn2433,volume_refine,compute,1.602526101,1,0,0,0,0,0,0,9242,0,0,0,0,0,0,2,0,0,0,0
25,cn2433,refined_volume_save,io,0,0,0,0,0,0,0,0,0,0,0,0,0,0,0,0,0,0,0,0
25,cn2433,adjacency_build,compute,0.00350064,1,0,0,0,0,0,0,0,0,0,0,0,0,0,0,0,0,0,0
25,cn2433,vertex_numbering_local,compute,0.023868769,1,0,0,0,0,0,0,239,0,0,0,0,0,0,0,0,0,0,0
25,cn2433,vertex_count_allgather,communication,6.057334846,1,0,0,0,0,0,0,66,0,0,0,0,0,0,7,1,1,4,128
25,cn2433,element_count_allgather,communication,0.002148924,1,0,0,0,0,0,0,2,0,0,0,0,0,0,0,1,1,4,128
25,cn2433,vertex_exchange_prepare,compute,0.000129262000002,1,0,0,0,0,0,0,36,0,0,0,0,0,0,0,0,0,0,0
25,cn2433,vertex_exchange,communication,0.002829572,1,0,0,0,0,0,0,139,0,0,0,0,0,0,0,4,2,177078,148918
25,cn2433,vertex_exchange_unpack,compute,0.002708531,1,0,0,0,0,0,0,641,0,0,0,0,0,0,0,0,0,0,0
25,cn2433,partition_result_io,io,0,0,0,0,0,0,0,0,0,0,0,0,0,0,0,0,0,0,0,0
25,cn2433,volume_exchange_pack,compute,0.452552541,2,0,0,0,0,0,0,2299,0,0,0,0,0,0,0,0,0,0,0
25,cn2433,volume_size_exchange,communication,0.111391215,1,0,0,0,0,0,0,2,0,0,0,0,0,0,0,4,4,16,16
25,cn2433,volume_payload_prepare,compute,0.000272342999992,1,0,0,0,0,0,0,34,0,0,0,0,0,0,0,0,0,0,0
25,cn2433,volume_payload_exchange,communication,0.058412938,1,0,0,0,0,0,0,276,0,0,0,0,0,0,0,4,4,3490800,3474960
25,cn2433,volume_exchange_unpack,compute,0.364018983,1,0,0,0,0,0,0,12903,0,0,0,0,0,0,1,0,0,0,0
25,cn2433,final_mesh_save,io,0,0,0,0,0,0,0,0,0,0,0,0,0,0,0,0,0,0,0,0
25,cn2433,testout_io,io,0,0,0,0,0,0,0,0,0,0,0,0,0,0,0,0,0,0,0,0
25,cn2433,final_count_exchange,communication,0,0,0,0,0,0,0,0,0,0,0,0,0,0,0,0,0,0,0,0
25,cn2433,quality_evaluation,postprocess,0,0,0,0,0,0,0,0,0,0,0,0,0,0,0,0,0,0,0,0
26,cn2434,geometry_load,io,1.728001578,1,0,0,0,0,0,0,6171,0,1035092,0,0,0,2,16,0,0,0,0
26,cn2434,coarse_local_size,setup,0.459959126,1,0,0,0,0,0,0,8921,0,0,0,0,0,98,21,0,0,0,0
26,cn2434,coarse_edge_mesh,setup,0.01240348,1,0,0,0,0,0,0,496,0,0,0,0,0,0,0,0,0,0,0
26,cn2434,coarse_surface_mesh,setup,8.192361502,1,0,0,0,0,0,0,16904,0,0,0,0,0,0,73,0,0,0,0
26,cn2434,coarse_volume_mesh,setup,13.3491435,1,0,0,0,0,0,0,29702,0,0,0,0,0,36686,1521350,0,0,0,0
26,cn2434,coarse_mesh_save,io,0,0,0,0,0,0,0,0,0,0,0,0,0,0,0,0,0,0,0,0
26,cn2434,submesh_initialization,setup,0.000125662000002,1,0,0,0,0,0,0,3,0,0,0,0,0,0,0,0,0,0,0
26,cn2434,metis_partition,compute,0.145915641,1,0,0,0,0,0,0,551,0,0,0,0,0,0,1,0,0,0,0
26,cn2434,face_map_setup,compute,0.007302586,1,0,0,0,0,0,0,223,0,0,0,0,0,0,1,0,0,0,0
26,cn2434,face_local_extract,compute,0.162197117,1,0,0,0,0,0,0,637,0,0,0,0,0,0,1,0,0,0,0
26,cn2434,face_pre_collective_wait,synchronization,0.027814324,1,0,0,0,0,0,0,0,0,0,0,0,0,0,0,0,0,0,0
26,cn2434,face_collective_setup,compute,0.000114382,1,0,0,0,0,0,0,16,0,0,0,0,0,0,0,0,0,0,0
26,cn2434,face_allgatherv,communication,0.067680404,1,0,0,0,0,0,0,659,0,0,0,0,0,0,0,1,1,151800,4859624
26,cn2434,face_global_merge,compute,0.078342178,1,0,0,0,0,0,0,518,0,0,0,0,0,0,1,0,0,0,0
26,cn2434,part_face_create,compute,0.019169818,1,0,0,0,0,0,0,4,0,0,0,0,0,0,0,0,0,0,0
26,cn2434,surface_refine,compute,0.030926749,1,0,0,0,0,0,0,986,0,0,0,0,0,0,1,0,0,0,0
26,cn2434,refined_surface_save,io,0,0,0,0,0,0,0,0,0,0,0,0,0,0,0,0,0,0,0,0
26,cn2434,local_volume_mesh,compute,24.326575285,1,0,0,0,0,0,0,22468,0,0,0,0,0,41253,2627026,0,0,0,0
26,cn2434,volume_refine,compute,2.12646629,1,0,0,0,0,0,0,13105,0,0,0,0,0,0,18,0,0,0,0
26,cn2434,refined_volume_save,io,0,0,0,0,0,0,0,0,0,0,0,0,0,0,0,0,0,0,0,0
26,cn2434,adjacency_build,compute,0.00346815099999,1,0,0,0,0,0,0,0,0,0,0,0,0,0,0,0,0,0,0
26,cn2434,vertex_numbering_local,compute,0.024254292,1,0,0,0,0,0,0,5,0,0,0,0,0,0,0,0,0,0,0
26,cn2434,vertex_count_allgather,communication,0.707957131,1,0,0,0,0,0,0,55,0,0,0,0,0,0,7,1,1,4,128
26,cn2434,element_count_allgather,communication,0.00182434600001,1,0,0,0,0,0,0,17,0,0,0,0,0,0,0,1,1,4,128
26,cn2434,vertex_exchange_prepare,compute,3.57009999874e-05,1,0,0,0,0,0,0,7,0,0,0,0,0,0,0,0,0,0,0
26,cn2434,vertex_exchange,communication,0.00247657600001,1,0,0,0,0,0,0,81,0,0,0,0,0,0,0,4,3,82192,152900
26,cn2434,vertex_exchange_unpack,compute,0.00305208499999,1,0,0,0,0,0,0,834,0,0,0,0,0,0,0,0,0,0,0
26,cn2434,partition_result_io,io,0,0,0,0,0,0,0,0,0,0,0,0,0,0,0,0,0,0,0,0
26,cn2434,volume_exchange_pack,compute,0.56347867,2,0,0,0,0,0,0,967,0,0,0,0,0,0,4,0,0,0,0
26,cn2434,volume_size_exchange,communication,0.056527141,1,0,0,0,0,0,0,2,0,0,0,0,0,0,1,4,4,16,16
26,cn2434,volume_payload_prepare,compute,0.000270884000003,1,0,0,0,0,0,0,68,0,0,0,0,0,0,0,0,0,0,0
26,cn2434,volume_payload_exchange,communication,0.002002209,1,0,0,0,0,0,0,287,0,0,0,0,0,0,0,4,4,2482080,2478360
26,cn2434,volume_exchange_unpack,compute,0.414420144,1,0,0,0,0,0,0,19384,0,0,0,0,0,0,4,0,0,0,0
26,cn2434,final_mesh_save,io,0,0,0,0,0,0,0,0,0,0,0,0,0,0,0,0,0,0,0,0
26,cn2434,testout_io,io,0,0,0,0,0,0,0,0,0,0,0,0,0,0,0,0,0,0,0,0
26,cn2434,final_count_exchange,communication,0,0,0,0,0,0,0,0,0,0,0,0,0,0,0,0,0,0,0,0
26,cn2434,quality_evaluation,postprocess,0,0,0,0,0,0,0,0,0,0,0,0,0,0,0,0,0,0,0,0
27,cn2435,geometry_load,io,1.765095758,1,0,0,0,0,0,0,5336,0,1035092,0,0,0,2,7,0,0,0,0
27,cn2435,coarse_local_size,setup,0.446872909,1,0,0,0,0,0,0,8299,0,0,0,0,0,86,20,0,0,0,0
27,cn2435,coarse_edge_mesh,setup,0.012184152,1,0,0,0,0,0,0,483,0,0,0,0,0,0,0,0,0,0,0
27,cn2435,coarse_surface_mesh,setup,8.040891574,1,0,0,0,0,0,0,11550,0,0,0,0,0,0,10,0,0,0,0
27,cn2435,coarse_volume_mesh,setup,13.261752881,1,0,0,0,0,0,0,25870,0,0,0,0,0,37090,1630104,0,0,0,0
27,cn2435,coarse_mesh_save,io,0,0,0,0,0,0,0,0,0,0,0,0,0,0,0,0,0,0,0,0
27,cn2435,submesh_initialization,setup,0.000129260999998,1,0,0,0,0,0,0,4,0,0,0,0,0,0,0,0,0,0,0
27,cn2435,metis_partition,compute,0.140827995,1,0,0,0,0,0,0,537,0,0,0,0,0,0,0,0,0,0,0
27,cn2435,face_map_setup,compute,0.007299691,1,0,0,0,0,0,0,231,0,0,0,0,0,0,0,0,0,0,0
27,cn2435,face_local_extract,compute,0.159249105,1,0,0,0,0,0,0,678,0,0,0,0,0,0,0,0,0,0,0
27,cn2435,face_pre_collective_wait,synchronization,0.035861767,1,0,0,0,0,0,0,0,0,0,0,0,0,0,0,0,0,0,0
27,cn2435,face_collective_setup,compute,0.000120182000003,1,0,0,0,0,0,0,16,0,0,0,0,0,0,0,0,0,0,0
27,cn2435,face_allgatherv,communication,0.067592042,1,0,0,0,0,0,0,1141,0,0,0,0,0,0,0,1,1,151800,4859624
27,cn2435,face_global_merge,compute,0.078306676,1,0,0,0,0,0,0,404,0,0,0,0,0,0,0,0,0,0,0
27,cn2435,part_face_create,compute,0.018736193,1,0,0,0,0,0,0,3,0,0,0,0,0,0,0,0,0,0,0
27,cn2435,surface_refine,compute,0.021504968,1,0,0,0,0,0,0,33,0,0,0,0,0,0,0,0,0,0,0
27,cn2435,refined_surface_save,io,0,0,0,0,0,0,0,0,0,0,0,0,0,0,0,0,0,0,0,0
27,cn2435,local_volume_mesh,compute,18.551314224,1,0,0,0,0,0,0,21287,0,0,0,0,0,29444,1842685,0,0,0,0
27,cn2435,volume_refine,compute,1.685133441,1,0,0,0,0,0,0,10425,0,0,0,0,0,0,1,0,0,0,0
27,cn2435,refined_volume_save,io,0,0,0,0,0,0,0,0,0,0,0,0,0,0,0,0,0,0,0,0
27,cn2435,adjacency_build,compute,0.003720426,1,0,0,0,0,0,0,5,0,0,0,0,0,0,0,0,0,0,0
27,cn2435,vertex_numbering_local,compute,0.021266825,1,0,0,0,0,0,0,5,0,0,0,0,0,0,1,0,0,0,0
27,cn2435,vertex_count_allgather,communication,6.936959615,1,0,0,0,0,0,0,17,0,0,0,0,0,0,6,1,1,4,128
27,cn2435,element_count_allgather,communication,0.000787709999997,1,0,0,0,0,0,0,0,0,0,0,0,0,0,0,1,1,4,128
27,cn2435,vertex_exchange_prepare,compute,3.19809999922e-05,1,0,0,0,0,0,0,0,0,0,0,0,0,0,0,0,0,0,0
27,cn2435,vertex_exchange,communication,0.004739379,1,0,0,0,0,0,0,26,0,0,0,0,0,0,0,0,5,0,232342
27,cn2435,vertex_exchange_unpack,compute,0.003309501,1,0,0,0,0,0,0,0,0,0,0,0,0,0,0,0,0,0,0
27,cn2435,partition_result_io,io,0,0,0,0,0,0,0,0,0,0,0,0,0,0,0,0,0,0,0,0
27,cn2435,volume_exchange_pack,compute,0.440710573,2,0,0,0,0,0,0,192,0,0,0,0,0,0,1,0,0,0,0
27,cn2435,volume_size_exchange,communication,0.180022464,1,0,0,0,0,0,0,3,0,0,0,0,0,0,0,5,5,20,20
27,cn2435,volume_payload_prepare,compute,0.000258623000008,1,0,0,0,0,0,0,68,0,0,0,0,0,0,0,0,0,0,0
27,cn2435,volume_payload_exchange,communication,0.00245601099999,1,0,0,0,0,0,0,354,0,0,0,0,0,0,0,5,5,2487480,2481600
27,cn2435,volume_exchange_unpack,compute,0.331037346,1,0,0,0,0,0,0,15064,0,0,0,0,0,0,0,0,0,0,0
27,cn2435,final_mesh_save,io,0,0,0,0,0,0,0,0,0,0,0,0,0,0,0,0,0,0,0,0
27,cn2435,testout_io,io,0,0,0,0,0,0,0,0,0,0,0,0,0,0,0,0,0,0,0,0
27,cn2435,final_count_exchange,communication,0,0,0,0,0,0,0,0,0,0,0,0,0,0,0,0,0,0,0,0
27,cn2435,quality_evaluation,postprocess,0,0,0,0,0,0,0,0,0,0,0,0,0,0,0,0,0,0,0,0
28,cn2436,geometry_load,io,1.756639689,1,0,0,0,0,0,0,4956,0,1035092,0,0,0,2,3,0,0,0,0
28,cn2436,coarse_local_size,setup,0.460173775,1,0,0,0,0,0,0,7990,0,0,0,0,0,110,20,0,0,0,0
28,cn2436,coarse_edge_mesh,setup,0.012129825,1,0,0,0,0,0,0,523,0,0,0,0,0,0,0,0,0,0,0
28,cn2436,coarse_surface_mesh,setup,8.062137779,1,0,0,0,0,0,0,9942,0,0,0,0,0,0,9,0,0,0,0
28,cn2436,coarse_volume_mesh,setup,13.389526721,1,0,0,0,0,0,0,24001,0,0,0,0,0,35030,1622600,0,0,0,0
28,cn2436,coarse_mesh_save,io,0,0,0,0,0,0,0,0,0,0,0,0,0,0,0,0,0,0,0,0
28,cn2436,submesh_initialization,setup,0.000120480999996,1,0,0,0,0,0,0,1,0,0,0,0,0,0,0,0,0,0,0
28,cn2436,metis_partition,compute,0.14222987,1,0,0,0,0,0,0,400,0,0,0,0,0,0,0,0,0,0,0
28,cn2436,face_map_setup,compute,0.007083934,1,0,0,0,0,0,0,215,0,0,0,0,0,0,0,0,0,0,0
28,cn2436,face_local_extract,compute,0.155272485,1,0,0,0,0,0,0,777,0,0,0,0,0,0,0,0,0,0,0
28,cn2436,face_pre_collective_wait,synchronization,0.038638059,1,0,0,0,0,0,0,0,0,0,0,0,0,0,0,0,0,0,0
28,cn2436,face_collective_setup,compute,0.000108280999996,1,0,0,0,0,0,0,12,0,0,0,0,0,0,0,0,0,0,0
28,cn2436,face_allgatherv,communication,0.067286716,1,0,0,0,0,0,0,806,0,0,0,0,0,0,0,1,1,151800,4859624
28,cn2436,face_global_merge,compute,0.077675642,1,0,0,0,0,0,0,416,0,0,0,0,0,0,1,0,0,0,0
28,cn2436,part_face_create,compute,0.018673053,1,0,0,0,0,0,0,4,0,0,0,0,0,0,0,0,0,0,0
28,cn2436,surface_refine,compute,0.022061288,1,0,0,0,0,0,0,4,0,0,0,0,0,0,0,0,0,0,0
28,cn2436,refined_surface_save,io,0,0,0,0,0,0,0,0,0,0,0,0,0,0,0,0,0,0,0,0
28,cn2436,local_volume_mesh,compute,15.055590176,1,0,0,0,0,0,0,23180,0,0,0,0,0,35277,2088601,0,0,0,0
28,cn2436,volume_refine,compute,1.706908976,1,0,0,0,0,0,0,9504,0,0,0,0,0,0,3,0,0,0,0
28,cn2436,refined_volume_save,io,0,0,0,0,0,0,0,0,0,0,0,0,0,0,0,0,0,0,0,0
28,cn2436,adjacency_build,compute,0.00381403999999,1,0,0,0,0,0,0,4,0,0,0,0,0,0,0,0,0,0,0
28,cn2436,vertex_numbering_local,compute,0.024338612,1,0,0,0,0,0,0,2,0,0,0,0,0,0,0,0,0,0,0
28,cn2436,vertex_count_allgather,communication,10.408262679,1,0,0,0,0,0,0,36,0,0,0,0,0,0,12,1,1,4,128
28,cn2436,element_count_allgather,communication,0.002129102,1,0,0,0,0,0,0,2,0,0,0,0,0,0,0,1,1,4,128
28,cn2436,vertex_exchange_prepare,compute,2.4279999991e-05,1,0,0,0,0,0,0,4,0,0,0,0,0,0,0,0,0,0,0
28,cn2436,vertex_exchange,communication,0.00320409299999,1,0,0,0,0,0,0,71,0,0,0,0,0,0,0,3,1,324214,20614
28,cn2436,vertex_exchange_unpack,compute,0.000570126,1,0,0,0,0,0,0,239,0,0,0,0,0,0,0,0,0,0,0
28,cn2436,partition_result_io,io,0,0,0,0,0,0,0,0,0,0,0,0,0,0,0,0,0,0,0,0
28,cn2436,volume_exchange_pack,compute,0.481765078,2,0,0,0,0,0,0,1985,0,0,0,0,0,0,0,0,0,0,0
28,cn2436,volume_size_exchange,communication,3.39810000014e-05,1,0,0,0,0,0,0,0,0,0,0,0,0,0,0,3,3,12,12
28,cn2436,volume_payload_prepare,compute,0.000280102999994,1,0,0,0,0,0,0,34,0,0,0,0,0,0,0,0,0,0,0
28,cn2436,volume_payload_exchange,communication,0.102898203,1,0,0,0,0,0,0,323,0,0,0,0,0,0,0,3,3,3701640,3698760
28,cn2436,volume_exchange_unpack,compute,0.369291136,1,0,0,0,0,0,0,15723,0,0,0,0,0,0,1,0,0,0,0
28,cn2436,final_mesh_save,io,0,0,0,0,0,0,0,0,0,0,0,0,0,0,0,0,0,0,0,0
28,cn2436,testout_io,io,0,0,0,0,0,0,0,0,0,0,0,0,0,0,0,0,0,0,0,0
28,cn2436,final_count_exchange,communication,0,0,0,0,0,0,0,0,0,0,0,0,0,0,0,0,0,0,0,0
28,cn2436,quality_evaluation,postprocess,0,0,0,0,0,0,0,0,0,0,0,0,0,0,0,0,0,0,0,0
29,cn2437,geometry_load,io,1.70892242,1,0,0,0,0,0,0,4866,0,1035092,0,0,0,2,3,0,0,0,0
29,cn2437,coarse_local_size,setup,0.451880233,1,0,0,0,0,0,0,9996,0,0,0,0,0,89,21,0,0,0,0
29,cn2437,coarse_edge_mesh,setup,0.012571347,1,0,0,0,0,0,0,527,0,0,0,0,0,0,0,0,0,0,0
29,cn2437,coarse_surface_mesh,setup,8.205120241,1,0,0,0,0,0,0,17769,0,0,0,0,0,0,8,0,0,0,0
29,cn2437,coarse_volume_mesh,setup,13.250435506,1,0,0,0,0,0,0,34018,0,0,0,0,0,34125,1557835,0,0,0,0
29,cn2437,coarse_mesh_save,io,0,0,0,0,0,0,0,0,0,0,0,0,0,0,0,0,0,0,0,0
29,cn2437,submesh_initialization,setup,0.000130321999997,1,0,0,0,0,0,0,2,0,0,0,0,0,0,0,0,0,0,0
29,cn2437,metis_partition,compute,0.142673851,1,0,0,0,0,0,0,813,0,0,0,0,0,0,0,0,0,0,0
29,cn2437,face_map_setup,compute,0.007345586,1,0,0,0,0,0,0,204,0,0,0,0,0,0,0,0,0,0,0
29,cn2437,face_local_extract,compute,0.158538617,1,0,0,0,0,0,0,759,0,0,0,0,0,0,0,0,0,0,0
29,cn2437,face_pre_collective_wait,synchronization,0.034666547,1,0,0,0,0,0,0,0,0,0,0,0,0,0,0,0,0,0,0
29,cn2437,face_collective_setup,compute,0.000120660999997,1,0,0,0,0,0,0,16,0,0,0,0,0,0,0,0,0,0,0
29,cn2437,face_allgatherv,communication,0.067229468,1,0,0,0,0,0,0,1148,0,0,0,0,0,0,0,1,1,151800,4859624
29,cn2437,face_global_merge,compute,0.078385578,1,0,0,0,0,0,0,524,0,0,0,0,0,0,0,0,0,0,0
29,cn2437,part_face_create,compute,0.01880226,1,0,0,0,0,0,0,4,0,0,0,0,0,0,0,0,0,0,0
29,cn2437,surface_refine,compute,0.019429427,1,0,0,0,0,0,0,35,0,0,0,0,0,0,0,0,0,0,0
29,cn2437,refined_surface_save,io,0,0,0,0,0,0,0,0,0,0,0,0,0,0,0,0,0,0,0,0
29,cn2437,local_volume_mesh,compute,16.275764547,1,0,0,0,0,0,0,16385,0,0,0,0,0,31118,1794054,0,0,0,0
29,cn2437,volume_refine,compute,1.462008547,1,0,0,0,0,0,0,65525,0,0,0,0,0,0,1,0,0,0,0
29,cn2437,refined_volume_save,io,0,0,0,0,0,0,0,0,0,0,0,0,0,0,0,0,0,0,0,0
29,cn2437,adjacency_build,compute,0.003894285,1,0,0,0,0,0,0,4,0,0,0,0,0,0,0,0,0,0,0
29,cn2437,vertex_numbering_local,compute,0.022583945,1,0,0,0,0,0,0,243,0,0,0,0,0,0,0,0,0,0,0
29,cn2437,vertex_count_allgather,communication,9.436478066,1,0,0,0,0,0,0,63,0,0,0,0,0,0,11,1,1,4,128
29,cn2437,element_count_allgather,communication,0.002291687,1,0,0,0,0,0,0,4,0,0,0,0,0,0,0,1,1,4,128
29,cn2437,vertex_exchange_prepare,compute,0.000257042999991,1,0,0,0,0,0,0,70,0,0,0,0,0,0,0,0,0,0,0
29,cn2437,vertex_exchange,communication,0.00517460099999,1,0,0,0,0,0,0,125,0,0,0,0,0,0,0,0,3,0,392502
29,cn2437,vertex_exchange_unpack,compute,0.007801091,1,0,0,0,0,0,0,2365,0,0,0,0,0,0,0,0,0,0,0
29,cn2437,partition_result_io,io,0,0,0,0,0,0,0,0,0,0,0,0,0,0,0,0,0,0,0,0
29,cn2437,volume_exchange_pack,compute,0.450287915,2,0,0,0,0,0,0,15711,0,0,0,0,0,0,0,0,0,0,0
29,cn2437,volume_size_exchange,communication,0.023165131,1,0,0,0,0,0,0,2,0,0,0,0,0,0,0,3,3,12,12
29,cn2437,volume_payload_prepare,compute,0.000271803000004,1,0,0,0,0,0,0,34,0,0,0,0,0,0,0,0,0,0,0
29,cn2437,volume_payload_exchange,communication,0.088047431,1,0,0,0,0,0,0,493,0,0,0,0,0,0,0,3,3,4223400,4232640
29,cn2437,volume_exchange_unpack,compute,0.299687211,1,0,0,0,0,0,0,11809,0,0,0,0,0,0,0,0,0,0,0
29,cn2437,final_mesh_save,io,0,0,0,0,0,0,0,0,0,0,0,0,0,0,0,0,0,0,0,0
29,cn2437,testout_io,io,0,0,0,0,0,0,0,0,0,0,0,0,0,0,0,0,0,0,0,0
29,cn2437,final_count_exchange,communication,0,0,0,0,0,0,0,0,0,0,0,0,0,0,0,0,0,0,0,0
29,cn2437,quality_evaluation,postprocess,0,0,0,0,0,0,0,0,0,0,0,0,0,0,0,0,0,0,0,0
30,cn2438,geometry_load,io,1.755214842,1,0,0,0,0,0,0,6499,0,1035092,0,0,0,2,3,0,0,0,0
30,cn2438,coarse_local_size,setup,0.456864502,1,0,0,0,0,0,0,8422,0,0,0,0,0,81,21,0,0,0,0
30,cn2438,coarse_edge_mesh,setup,0.012525057,1,0,0,0,0,0,0,486,0,0,0,0,0,0,0,0,0,0,0
30,cn2438,coarse_surface_mesh,setup,8.214346126,1,0,0,0,0,0,0,15947,0,0,0,0,0,0,8,0,0,0,0
30,cn2438,coarse_volume_mesh,setup,13.434934081,1,0,0,0,0,0,0,34478,0,0,0,0,0,37499,1576736,0,0,0,0
30,cn2438,coarse_mesh_save,io,0,0,0,0,0,0,0,0,0,0,0,0,0,0,0,0,0,0,0,0
30,cn2438,submesh_initialization,setup,0.000129781000005,1,0,0,0,0,0,0,3,0,0,0,0,0,0,0,0,0,0,0
30,cn2438,metis_partition,compute,0.142057349,1,0,0,0,0,0,0,919,0,0,0,0,0,0,0,0,0,0,0
30,cn2438,face_map_setup,compute,0.00734784,1,0,0,0,0,0,0,223,0,0,0,0,0,0,0,0,0,0,0
30,cn2438,face_local_extract,compute,0.163174539,1,0,0,0,0,0,0,743,0,0,0,0,0,0,0,0,0,0,0
30,cn2438,face_pre_collective_wait,synchronization,0.030629154,1,0,0,0,0,0,0,0,0,0,0,0,0,0,0,0,0,0,0
30,cn2438,face_collective_setup,compute,0.000109521000006,1,0,0,0,0,0,0,16,0,0,0,0,0,0,0,0,0,0,0
30,cn2438,face_allgatherv,communication,0.067050572,1,0,0,0,0,0,0,731,0,0,0,0,0,0,0,1,1,151800,4859624
30,cn2438,face_global_merge,compute,0.078327114,1,0,0,0,0,0,0,383,0,0,0,0,0,0,0,0,0,0,0
30,cn2438,part_face_create,compute,0.018965067,1,0,0,0,0,0,0,4,0,0,0,0,0,0,0,0,0,0,0
30,cn2438,surface_refine,compute,0.023112952,1,0,0,0,0,0,0,22,0,0,0,0,0,0,0,0,0,0,0
30,cn2438,refined_surface_save,io,0,0,0,0,0,0,0,0,0,0,0,0,0,0,0,0,0,0,0,0
30,cn2438,local_volume_mesh,compute,18.547069613,1,0,0,0,0,0,0,12784,0,0,0,0,0,32237,1796705,0,0,0,0
30,cn2438,volume_refine,compute,1.622301732,1,0,0,0,0,0,0,9501,0,0,0,0,0,0,1,0,0,0,0
30,cn2438,refined_volume_save,io,0,0,0,0,0,0,0,0,0,0,0,0,0,0,0,0,0,0,0,0
30,cn2438,adjacency_build,compute,0.00381604100001,1,0,0,0,0,0,0,8,0,0,0,0,0,0,0,0,0,0,0
30,cn2438,vertex_numbering_local,compute,0.024502467,1,0,0,0,0,0,0,116,0,0,0,0,0,0,0,0,0,0,0
30,cn2438,vertex_count_allgather,communication,6.999572477,1,0,0,0,0,0,0,62,0,0,0,0,0,0,9,1,1,4,128
30,cn2438,element_count_allgather,communication,0.002086342,1,0,0,0,0,0,0,4,0,0,0,0,0,0,0,1,1,4,128
30,cn2438,vertex_exchange_prepare,compute,0.000183441999994,1,0,0,0,0,0,0,58,0,0,0,0,0,0,0,0,0,0,0
30,cn2438,vertex_exchange,communication,0.00304767300001,1,0,0,0,0,0,0,125,0,0,0,0,0,0,0,3,3,96536,204248
30,cn2438,vertex_exchange_unpack,compute,0.00463223,1,0,0,0,0,0,0,1693,0,0,0,0,0,0,0,0,0,0,0
30,cn2438,partition_result_io,io,0,0,0,0,0,0,0,0,0,0,0,0,0,0,0,0,0,0,0,0
30,cn2438,volume_exchange_pack,compute,0.467878583,2,0,0,0,0,0,0,2939,0,0,0,0,0,0,0,0,0,0,0
30,cn2438,volume_size_exchange,communication,0.109814578,1,0,0,0,0,0,0,2,0,0,0,0,0,0,0,4,4,16,16
30,cn2438,volume_payload_prepare,compute,0.000264043000001,1,0,0,0,0,0,0,34,0,0,0,0,0,0,0,0,0,0,0
30,cn2438,volume_payload_exchange,communication,0.00201670200001,1,0,0,0,0,0,0,238,0,0,0,0,0,0,0,4,4,3190320,3199440
30,cn2438,volume_exchange_unpack,compute,0.328323781,1,0,0,0,0,0,0,12231,0,0,0,0,0,0,0,0,0,0,0
30,cn2438,final_mesh_save,io,0,0,0,0,0,0,0,0,0,0,0,0,0,0,0,0,0,0,0,0
30,cn2438,testout_io,io,0,0,0,0,0,0,0,0,0,0,0,0,0,0,0,0,0,0,0,0
30,cn2438,final_count_exchange,communication,0,0,0,0,0,0,0,0,0,0,0,0,0,0,0,0,0,0,0,0
30,cn2438,quality_evaluation,postprocess,0,0,0,0,0,0,0,0,0,0,0,0,0,0,0,0,0,0,0,0
31,cn2439,geometry_load,io,1.736289409,1,0,0,0,0,0,0,6179,0,1035092,0,0,0,2,3,0,0,0,0
31,cn2439,coarse_local_size,setup,0.449030667,1,0,0,0,0,0,0,8388,0,0,0,0,0,87,21,0,0,0,0
31,cn2439,coarse_edge_mesh,setup,0.012592015,1,0,0,0,0,0,0,520,0,0,0,0,0,0,0,0,0,0,0
31,cn2439,coarse_surface_mesh,setup,8.066775924,1,0,0,0,0,0,0,8867,0,0,0,0,0,0,9,0,0,0,0
31,cn2439,coarse_volume_mesh,setup,13.250960109,1,0,0,0,0,0,0,18849,0,0,0,0,0,37534,1547287,0,0,0,0
31,cn2439,coarse_mesh_save,io,0,0,0,0,0,0,0,0,0,0,0,0,0,0,0,0,0,0,0,0
31,cn2439,submesh_initialization,setup,0.000120881999997,1,0,0,0,0,0,0,1,0,0,0,0,0,0,0,0,0,0,0
31,cn2439,metis_partition,compute,0.131914763,1,0,0,0,0,0,0,58,0,0,0,0,0,0,1,0,0,0,0
31,cn2439,face_map_setup,compute,0.006773603,1,0,0,0,0,0,0,3,0,0,0,0,0,0,0,0,0,0,0
31,cn2439,face_local_extract,compute,0.150086807,1,0,0,0,0,0,0,25,0,0,0,0,0,0,0,0,0,0,0
31,cn2439,face_pre_collective_wait,synchronization,0.051984559,1,0,0,0,0,0,0,0,0,0,0,0,0,0,0,0,0,0,0
31,cn2439,face_collective_setup,compute,0.000110441000004,1,0,0,0,0,0,0,15,0,0,0,0,0,0,0,0,0,0,0
31,cn2439,face_allgatherv,communication,0.066950024,1,0,0,0,0,0,0,60,0,0,0,0,0,0,0,1,1,153824,4859624
31,cn2439,face_global_merge,compute,0.072957617,1,0,0,0,0,0,0,0,0,0,0,0,0,0,0,0,0,0,0
31,cn2439,part_face_create,compute,0.017892181,1,0,0,0,0,0,0,3,0,0,0,0,0,0,0,0,0,0,0
31,cn2439,surface_refine,compute,0.020773956,1,0,0,0,0,0,0,1,0,0,0,0,0,0,0,0,0,0,0
31,cn2439,refined_surface_save,io,0,0,0,0,0,0,0,0,0,0,0,0,0,0,0,0,0,0,0,0
31,cn2439,local_volume_mesh,compute,16.846622543,1,0,0,0,0,0,0,12701,0,0,0,0,0,40001,2292862,0,0,0,0
31,cn2439,volume_refine,compute,1.813613302,1,0,0,0,0,0,0,9609,0,0,0,0,0,0,2,0,0,0,0
31,cn2439,refined_volume_save,io,0,0,0,0,0,0,0,0,0,0,0,0,0,0,0,0,0,0,0,0
31,cn2439,adjacency_build,compute,0.00325008,1,0,0,0,0,0,0,0,0,0,0,0,0,0,0,0,0,0,0
31,cn2439,vertex_numbering_local,compute,0.020577973,1,0,0,0,0,0,0,2,0,0,0,0,0,0,0,0,0,0,0
31,cn2439,vertex_count_allgather,communication,8.522276269,1,0,0,0,0,0,0,35,0,0,0,0,0,0,12,1,1,4,128
31,cn2439,element_count_allgather,communication,0.001887084,1,0,0,0,0,0,0,2,0,0,0,0,0,0,0,1,1,4,128
31,cn2439,vertex_exchange_prepare,compute,2.66199999999e-05,1,0,0,0,0,0,0,2,0,0,0,0,0,0,0,0,0,0,0
31,cn2439,vertex_exchange,communication,0.003327481,1,0,0,0,0,0,0,52,0,0,0,0,0,0,0,0,3,0,134134
31,cn2439,vertex_exchange_unpack,compute,0.00254737099999,1,0,0,0,0,0,0,664,0,0,0,0,0,0,0,0,0,0,0
31,cn2439,partition_result_io,io,0,0,0,0,0,0,0,0,0,0,0,0,0,0,0,0,0,0,0,0
31,cn2439,volume_exchange_pack,compute,0.499526488,2,0,0,0,0,0,0,1089,0,0,0,0,0,0,1,0,0,0,0
31,cn2439,volume_size_exchange,communication,0.080863396,1,0,0,0,0,0,0,3,0,0,0,0,0,0,0,3,3,12,12
31,cn2439,volume_payload_prepare,compute,0.000147982000001,1,0,0,0,0,0,0,34,0,0,0,0,0,0,0,0,0,0,0
31,cn2439,volume_payload_exchange,communication,0.00235698900001,1,0,0,0,0,0,0,227,0,0,0,0,0,0,0,3,3,1425840,1423320
31,cn2439,volume_exchange_unpack,compute,0.358718095,1,0,0,0,0,0,0,17198,0,0,0,0,0,0,0,0,0,0,0
31,cn2439,final_mesh_save,io,0,0,0,0,0,0,0,0,0,0,0,0,0,0,0,0,0,0,0,0
31,cn2439,testout_io,io,0,0,0,0,0,0,0,0,0,0,0,0,0,0,0,0,0,0,0,0
31,cn2439,final_count_exchange,communication,0,0,0,0,0,0,0,0,0,0,0,0,0,0,0,0,0,0,0,0
31,cn2439,quality_evaluation,postprocess,0,0,0,0,0,0,0,0,0,0,0,0,0,0,0,0,0,0,0,0
