algorithm,timing,ranks,repeat,stage,mean_seconds,max_seconds,calls_sum
balance,natural,2048,1,adjacency_build,0.011101588015624109,0.020675967000215678,2048
balance,natural,2048,1,element_count_allgather,0.01963463583984537,0.02053274199988664,2048
balance,natural,2048,1,face_allgatherv,0.8316301164067356,1.524214430000029,2048
balance,natural,2048,1,face_collective_setup,0.00018151617089745553,0.0008029289999740286,2048
balance,natural,2048,1,face_global_merge,0.0894145237480487,0.11608165600000575,2048
balance,natural,2048,1,face_local_extract,0.17349072818994216,0.18660079200003565,2048
balance,natural,2048,1,face_map_setup,0.007970742303707534,0.009763930999952208,2048
balance,natural,2048,1,face_pipeline_total,1.1073445426274395,1.7980612720000408,2048
balance,natural,2048,1,local_volume_mesh,6.468956782024412,9.125869512999998,2048
balance,natural,2048,1,metis_partition,2.3079182255786153,2.3085834159999195,2048
balance,natural,2048,1,metis_seed,0.0008221389350585584,1.6837405389999276,1
balance,natural,2048,1,part_face_create,0.025327839031248356,0.036232606999874406,2048
balance,natural,2048,1,partition_cost_balance,0.00011563392382818449,0.23681827600012184,1
balance,natural,2048,1,partition_cost_setup,0.00018387430029298546,0.3765745670000342,1
balance,natural,2048,1,partition_distribution,2.3066698246279307,2.3084874659998604,2048
balance,natural,2048,1,submesh_initialization,0.00021969788915610078,0.0005240460000095482,2048
balance,natural,2048,1,surface_refine,0.0072140311630823906,0.009277055999973527,2048
balance,natural,2048,1,vertex_count_allgather,2.789471833542968,5.376979970999855,2048
balance,natural,2048,1,vertex_exchange,0.022341531477050314,0.035991476999925,2048
balance,natural,2048,1,vertex_exchange_prepare,0.00030021223291321064,0.0009553140000662097,2048
balance,natural,2048,1,vertex_exchange_unpack,0.006774875775388822,0.021667882999963695,2048
balance,natural,2048,1,vertex_numbering_local,0.03897568840771426,0.07735258399998202,2048
balance,natural,2048,1,volume_exchange_pack,0.5165643519379897,0.7625244890000431,2048
balance,natural,2048,1,volume_exchange_unpack,0.5530090323027337,0.9199131590000889,2048
balance,natural,2048,1,volume_payload_exchange,0.03853675296484538,0.0772631579998233,2048
balance,natural,2048,1,volume_payload_prepare,0.004811182814942194,0.035863720999941506,2048
balance,natural,2048,1,volume_refine,1.600368407984375,2.1519075720000274,2048
balance,natural,2048,1,volume_size_exchange,0.2593354473769577,0.5111807539999518,2048
balance,natural,2048,2,adjacency_build,0.011078983226562311,0.02293571800009886,2048
balance,natural,2048,2,element_count_allgather,0.009859700322264464,0.013846224000189977,2048
balance,natural,2048,2,face_allgatherv,0.8390328036025452,1.529279399999723,2048
balance,natural,2048,2,face_collective_setup,0.00018345270654385182,0.001576576999923418,2048
balance,natural,2048,2,face_global_merge,0.08941550431835199,0.11328301599996848,2048
balance,natural,2048,2,face_local_extract,0.17348166188378755,0.18708824499981347,2048
balance,natural,2048,2,face_map_setup,0.008009084282226242,0.010251973000322323,2048
balance,natural,2048,2,face_pipeline_total,1.1147852579711919,1.7965061290001358,2048
balance,natural,2048,2,local_volume_mesh,6.468406492539061,9.083990116999757,2048
balance,natural,2048,2,metis_partition,2.3115049189316483,2.313026714999978,2048
balance,natural,2048,2,metis_seed,0.0008204127919921866,1.6802053979999982,1
balance,natural,2048,2,part_face_create,0.02533822631542071,0.040673950999917,2048
balance,natural,2048,2,partition_cost_balance,0.00011322083447251607,0.23187626899971292,1
balance,natural,2048,2,partition_cost_setup,0.0001891959218749406,0.38747324799987837,1
balance,natural,2048,2,partition_distribution,2.3102298879780228,2.3129327850001573,2048
balance,natural,2048,2,submesh_initialization,0.00023907776904730227,0.021312111000042933,2048
balance,natural,2048,2,surface_refine,0.007223765222164058,0.009803181999814115,2048
balance,natural,2048,2,vertex_count_allgather,2.8372876510419998,5.501254752000023,2048
balance,natural,2048,2,vertex_exchange,0.02238296224024161,0.04541311000002679,2048
balance,natural,2048,2,vertex_exchange_prepare,0.0002989326640570056,0.0009822349998103164,2048
balance,natural,2048,2,vertex_exchange_unpack,0.006772419707514521,0.02229271099986363,2048
balance,natural,2048,2,vertex_numbering_local,0.03889629269434147,0.07527799400031654,2048
balance,natural,2048,2,volume_exchange_pack,0.5157389937719723,0.8126693909998721,2048
balance,natural,2048,2,volume_exchange_unpack,0.5532028346743216,0.9490060190000804,2048
balance,natural,2048,2,volume_payload_exchange,0.03822415271436186,0.137126384000112,2048
balance,natural,2048,2,volume_payload_prepare,0.004811764858396517,0.0981325249999827,2048
balance,natural,2048,2,volume_refine,1.6014539400683627,2.2025505530000373,2048
balance,natural,2048,2,volume_size_exchange,0.304874085923339,0.5382701030002863,2048
balance,natural,2048,3,adjacency_build,0.0111993369228498,0.02303509800003667,2048
balance,natural,2048,3,element_count_allgather,0.01098432497558477,0.012002717000086705,2048
balance,natural,2048,3,face_allgatherv,0.8484101592045912,1.551758714999778,2048
balance,natural,2048,3,face_collective_setup,0.0001799555952213261,0.001953401999799098,2048
balance,natural,2048,3,face_global_merge,0.0893674200297867,0.11542545000020255,2048
balance,natural,2048,3,face_local_extract,0.17355014756933707,0.19372296300025482,2048
balance,natural,2048,3,face_map_setup,0.00802575196337485,0.010141122999812069,2048
balance,natural,2048,3,face_pipeline_total,1.1242041743867277,1.826569728999857,2048
balance,natural,2048,3,local_volume_mesh,6.468832684542482,9.104431449999993,2048
balance,natural,2048,3,metis_partition,2.4408667566679734,2.4821866749998662,2048
balance,natural,2048,3,metis_seed,0.0008847406840821748,1.811948921000294,1
balance,natural,2048,3,part_face_create,0.025337778068848404,0.0515155129996856,2048
balance,natural,2048,3,partition_cost_balance,0.00011401081542961045,0.2334941499998422,1
balance,natural,2048,3,partition_cost_setup,0.00018561392138671806,0.3801373109999986,1
balance,natural,2048,3,partition_distribution,2.4395631694687507,2.4820831329998327,2048
balance,natural,2048,3,submesh_initialization,0.00024731871338024014,0.012359483999716758,2048
balance,natural,2048,3,surface_refine,0.007250108568356506,0.03449853099982647,2048
balance,natural,2048,3,vertex_count_allgather,2.844936350978516,5.507569275000151,2048
balance,natural,2048,3,vertex_exchange,0.02235042777246088,0.04468347099964376,2048
balance,natural,2048,3,vertex_exchange_prepare,0.0002994578725579178,0.0009176899998237786,2048
balance,natural,2048,3,vertex_exchange_unpack,0.006773133972664658,0.026949787999910768,2048
balance,natural,2048,3,vertex_numbering_local,0.039004318505866165,0.0905954719996771,2048
balance,natural,2048,3,volume_exchange_pack,0.5163557206972618,0.821976179000103,2048
balance,natural,2048,3,volume_exchange_unpack,0.5530629551967758,0.9500715369999853,2048
balance,natural,2048,3,volume_payload_exchange,0.03871126886425258,0.06374862399979975,2048
balance,natural,2048,3,volume_payload_prepare,0.004751080077147307,0.026660207000077207,2048
balance,natural,2048,3,volume_refine,1.6006616677583008,2.149451923000015,2048
balance,natural,2048,3,volume_size_exchange,0.3154721814365149,0.5423544919999586,2048
balance,natural,2048,4,adjacency_build,0.011103877130371309,0.04897285699962595,2048
balance,natural,2048,4,element_count_allgather,0.004159151248051218,0.00510156200016354,2048
balance,natural,2048,4,face_allgatherv,0.8332690287915085,1.5306001320000178,2048
balance,natural,2048,4,face_collective_setup,0.00017612643261744054,0.0008507500001542212,2048
balance,natural,2048,4,face_global_merge,0.08927921076220979,0.12057421700001214,2048
balance,natural,2048,4,face_local_extract,0.17351770760547236,0.18652074900001026,2048
balance,natural,2048,4,face_map_setup,0.00800390420849717,0.010344105000058335,2048
balance,natural,2048,4,face_pipeline_total,1.1089492340957066,1.7993076430002475,2048
balance,natural,2048,4,local_volume_mesh,6.468206613164053,9.081626314999994,2048
balance,natural,2048,4,metis_partition,2.3136803938945314,2.3147519789999933,2048
balance,natural,2048,4,metis_seed,0.0008213380092771949,1.6821002429996952,1
balance,natural,2048,4,part_face_create,0.025337632018057166,0.04533586800016565,2048
balance,natural,2048,4,partition_cost_balance,0.00011427991113288627,0.23404525800015108,1
balance,natural,2048,4,partition_cost_setup,0.00018840196630875994,0.38584722700034035,1
balance,natural,2048,4,partition_distribution,2.3123777691503915,2.314681864999784,2048
balance,natural,2048,4,submesh_initialization,0.00024342529198806417,0.019815215999642533,2048
balance,natural,2048,4,surface_refine,0.007222131398434639,0.019824914000309946,2048
balance,natural,2048,4,vertex_count_allgather,2.866619159455076,5.443004119999841,2048
balance,natural,2048,4,vertex_exchange,0.02237440287158754,0.03599470000017391,2048
balance,natural,2048,4,vertex_exchange_prepare,0.0003000575288079066,0.0009624939998502668,2048
balance,natural,2048,4,vertex_exchange_unpack,0.006672385071286202,0.024016091000248707,2048
balance,natural,2048,4,vertex_numbering_local,0.03888792226366644,0.07677626099984991,2048
balance,natural,2048,4,volume_exchange_pack,0.515288228983888,0.7681051210001897,2048
balance,natural,2048,4,volume_exchange_unpack,0.5530631404335946,0.9446242270000766,2048
balance,natural,2048,4,volume_payload_exchange,0.03868223071826615,0.07356802000003881,2048
balance,natural,2048,4,volume_payload_prepare,0.004809023810548929,0.038550937000309204,2048
balance,natural,2048,4,volume_refine,1.6025036950278257,2.1179454360003547,2048
balance,natural,2048,4,volume_size_exchange,0.2649596861547814,0.5096008900000015,2048
balance,natural,2048,5,adjacency_build,0.011005303693841562,0.020970624000256066,2048
balance,natural,2048,5,element_count_allgather,0.0017529208417981224,0.00471783900002265,2048
balance,natural,2048,5,face_allgatherv,0.8285562475336914,1.5271163029997297,2048
balance,natural,2048,5,face_collective_setup,0.00017517078613926707,0.0008598500003245135,2048
balance,natural,2048,5,face_global_merge,0.0893847178193381,0.11488611400000082,2048
balance,natural,2048,5,face_local_extract,0.17340634891992202,0.18694327399998656,2048
balance,natural,2048,5,face_map_setup,0.007970249480953262,0.010296163000020897,2048
balance,natural,2048,5,face_pipeline_total,1.1041920865034156,1.799587947999953,2048
balance,natural,2048,5,local_volume_mesh,6.466444240472651,9.094934920000014,2048
balance,natural,2048,5,metis_partition,2.2896744370766555,2.291032066000298,2048
balance,natural,2048,5,metis_seed,0.0008121531665039594,1.6632896850001089,1
balance,natural,2048,5,part_face_create,0.02537929590527921,0.04359942900009628,2048
balance,natural,2048,5,partition_cost_balance,0.00011454480371098086,0.2345877580000888,1
balance,natural,2048,5,partition_cost_setup,0.00018552828955087364,0.3799619370001892,1
balance,natural,2048,5,partition_distribution,2.2884541324155228,2.290940424999917,2048
balance,natural,2048,5,submesh_initialization,0.000181377071287514,0.0004233449999446748,2048
balance,natural,2048,5,surface_refine,0.00720509658252011,0.012169347000053676,2048
balance,natural,2048,5,vertex_count_allgather,2.7675076572885673,5.51076861599995,2048
balance,natural,2048,5,vertex_exchange,0.022615920115231836,0.043495560999872396,2048
balance,natural,2048,5,vertex_exchange_prepare,0.00030232460693757623,0.0010541960000409745,2048
balance,natural,2048,5,vertex_exchange_unpack,0.006770661841305481,0.022360672000104387,2048
balance,natural,2048,5,vertex_numbering_local,0.03880407289697674,0.07095444200012935,2048
balance,natural,2048,5,volume_exchange_pack,0.5152293885195387,0.8282889699999032,2048
balance,natural,2048,5,volume_exchange_unpack,0.5541137568759795,0.9078330229999665,2048
balance,natural,2048,5,volume_payload_exchange,0.0385844538637683,0.06016063500010205,2048
balance,natural,2048,5,volume_payload_prepare,0.0047733302187515925,0.010379156999988481,2048
balance,natural,2048,5,volume_refine,1.600986963542482,2.1541892300001564,2048
balance,natural,2048,5,volume_size_exchange,0.31256425967676016,0.5652479989998938,2048
balance,split,2048,1,adjacency_build,0.011096567189456508,0.021998031000066476,2048
balance,split,2048,1,element_count_allgather,0.00121404591015839,0.005356145999940054,2048
balance,split,2048,1,element_count_pre_collective_wait,0.001831130865723729,0.003481505999843648,2048
balance,split,2048,1,face_allgatherv,0.8240374465297853,1.520877043000155,2048
balance,split,2048,1,face_collective_setup,0.00017080606543251609,0.0007633289999375847,2048
balance,split,2048,1,face_global_merge,0.08938986556542539,0.11812764199999037,2048
balance,split,2048,1,face_local_extract,0.17329822714062437,0.20362985299993852,2048
balance,split,2048,1,face_map_setup,0.008000479223145729,0.010947142999839343,2048
balance,split,2048,1,face_pipeline_total,1.1302251413339857,1.832069046000015,2048
balance,split,2048,1,face_pre_collective_wait,0.030638339488765154,0.1967721859998619,2048
balance,split,2048,1,local_volume_mesh,6.468215020881345,9.101842397999917,2048
balance,split,2048,1,metis_partition,2.3764912993759744,2.3771725700000843,2048
balance,split,2048,1,metis_seed,0.0008594280810547694,1.7601087100001678,1
balance,split,2048,1,part_face_create,0.025345326347657404,0.043105489000026864,2048
balance,split,2048,1,partition_cost_balance,0.00011285626025392403,0.23112962100003642,1
balance,split,2048,1,partition_cost_setup,0.0001815622485351609,0.3718394850000095,1
balance,split,2048,1,partition_distribution,0.008659264265622357,0.009235425000042596,2048
balance,split,2048,1,partition_pre_collective_wait,2.3665168484018553,2.3682392559999244,2048
balance,split,2048,1,submesh_initialization,0.0002760857558585794,0.022815160000163814,2048
balance,split,2048,1,surface_refine,0.0072197786049797985,0.022234700000126395,2048
balance,split,2048,1,vertex_count_allgather,0.019538024058103343,0.019750932000079047,2048
balance,split,2048,1,vertex_count_pre_collective_wait,2.90135346276709,5.61159555800009,2048
balance,split,2048,1,vertex_exchange,0.022317102909184316,0.0369093240001348,2048
balance,split,2048,1,vertex_exchange_prepare,0.00030689247607529335,0.0009153120001883508,2048
balance,split,2048,1,vertex_exchange_unpack,0.006806888141602463,0.021915786000135995,2048
balance,split,2048,1,vertex_numbering_local,0.03884735335791334,0.07564128400008485,2048
balance,split,2048,1,volume_exchange_pack,0.5166254432543952,0.9095501360000071,2048
balance,split,2048,1,volume_exchange_unpack,0.5525412641606456,0.9475911319998431,2048
balance,split,2048,1,volume_payload_exchange,0.03860493264355658,0.06377265700007229,2048
balance,split,2048,1,volume_payload_prepare,0.004828419595212741,0.03460768900004041,2048
balance,split,2048,1,volume_refine,1.6011707201904342,2.1528547069999604,2048
balance,split,2048,1,volume_size_exchange,0.023951117867673677,0.02847444199983329,2048
balance,split,2048,1,volume_size_exchange_pre_collective_wait,0.3759246965903309,0.6130128750000949,2048
balance,split,2048,2,adjacency_build,0.01116786436719508,0.021452334000059636,2048
balance,split,2048,2,element_count_allgather,0.015659234488772933,0.04748049199997695,2048
balance,split,2048,2,element_count_pre_collective_wait,0.011211975374018746,0.012408047000008082,2048
balance,split,2048,2,face_allgatherv,0.7824142044121076,1.5342082090000986,2048
balance,split,2048,2,face_collective_setup,0.0001711869746052752,0.000812889000371797,2048
balance,split,2048,2,face_global_merge,0.08934731466797374,0.11907864400018298,2048
balance,split,2048,2,face_local_extract,0.17352929972362952,0.18567581900015284,2048
balance,split,2048,2,face_map_setup,0.007966062427245069,0.009955825999895751,2048
balance,split,2048,2,face_pipeline_total,1.0827406314135786,1.8364178460001312,2048
balance,split,2048,2,face_pre_collective_wait,0.024636899015143987,0.19041841999978715,2048
balance,split,2048,2,local_volume_mesh,6.467159378487797,9.09288302699997,2048
balance,split,2048,2,metis_partition,2.338301248478024,2.354642682999838,2048
balance,split,2048,2,metis_seed,0.0008275894887694868,1.694903272999909,1
balance,split,2048,2,part_face_create,0.02533982357568121,0.04852742599996418,2048
balance,split,2048,2,partition_cost_balance,0.00011463136083977865,0.23476502699986668,1
balance,split,2048,2,partition_cost_setup,0.0001882754799804598,0.38558818299998165,1
balance,split,2048,2,partition_distribution,0.018007418967775468,0.034203695000087464,2048
balance,split,2048,2,partition_pre_collective_wait,2.3190196117587893,2.320992732999912,2048
balance,split,2048,2,submesh_initialization,0.0002371816601551835,0.021067055000003165,2048
balance,split,2048,2,surface_refine,0.007228055964346725,0.01033989899997323,2048
balance,split,2048,2,vertex_count_allgather,0.012163906156256399,0.023471457000141527,2048
balance,split,2048,2,vertex_count_pre_collective_wait,2.859208874227051,5.404993857000136,2048
balance,split,2048,2,vertex_exchange,0.02798778557568582,0.05965986800038081,2048
balance,split,2048,2,vertex_exchange_prepare,0.00024231359374815575,0.0008939330000430346,2048
balance,split,2048,2,vertex_exchange_unpack,0.006606147737796775,0.020222622999881423,2048
balance,split,2048,2,vertex_numbering_local,0.03911263483496308,0.06898977199989531,2048
balance,split,2048,2,volume_exchange_pack,0.5158679447119225,0.7779238550001537,2048
balance,split,2048,2,volume_exchange_unpack,0.5531232496909235,0.9546116510000502,2048
balance,split,2048,2,volume_payload_exchange,0.038573549897955806,0.05762547699987408,2048
balance,split,2048,2,volume_payload_prepare,0.004794718457030056,0.0109053720002521,2048
balance,split,2048,2,volume_refine,1.600152827427736,2.173758877000182,2048
balance,split,2048,2,volume_size_exchange,0.05444723499462789,0.05532153600006495,2048
balance,split,2048,2,volume_size_exchange_pre_collective_wait,0.2651661168281292,0.49481498499972076,2048
balance,split,2048,3,adjacency_build,0.011151940924810866,0.020681195999713964,2048
balance,split,2048,3,element_count_allgather,0.0075238178408230105,0.05007871499992689,2048
balance,split,2048,3,element_count_pre_collective_wait,0.0064986007514657995,0.012393589000112115,2048
balance,split,2048,3,face_allgatherv,0.8335666992460997,1.5126921010000842,2048
balance,split,2048,3,face_collective_setup,0.00017250699120996416,0.0017923829996107088,2048
balance,split,2048,3,face_global_merge,0.08932776423779654,0.11970304800024678,2048
balance,split,2048,3,face_local_extract,0.17341342584423813,0.18666413699975237,2048
balance,split,2048,3,face_map_setup,0.007946216857427135,0.009999318999689422,2048
balance,split,2048,3,face_pipeline_total,1.123469347141599,1.8209631280001304,2048
balance,split,2048,3,face_pre_collective_wait,0.014379575124998434,0.17802721699990798,2048
balance,split,2048,3,local_volume_mesh,6.469016797799316,9.08339234899995,2048
balance,split,2048,3,metis_partition,2.312633807426269,2.3137596599999597,2048
balance,split,2048,3,metis_seed,0.0008146609091796986,1.6684255420000227,1
balance,split,2048,3,part_face_create,0.025325482589854342,0.03011036400039302,2048
balance,split,2048,3,partition_cost_balance,0.00011576041894523215,0.23707733799983544,1
balance,split,2048,3,partition_cost_setup,0.00018427499755846455,0.3773951949997354,1
balance,split,2048,3,partition_distribution,0.024477513230476644,0.02546197799983929,2048
balance,split,2048,3,partition_pre_collective_wait,2.286906180990715,2.289164835000065,2048
balance,split,2048,3,submesh_initialization,0.00024195837988982838,0.020112882000375976,2048
balance,split,2048,3,surface_refine,0.007226739499512247,0.02705876600020929,2048
balance,split,2048,3,vertex_count_allgather,0.04099722924267679,0.04633297800000946,2048
balance,split,2048,3,vertex_count_pre_collective_wait,2.8639340136879925,5.685103725000317,2048
balance,split,2048,3,vertex_exchange,0.02774188682519818,0.0604362819999551,2048
balance,split,2048,3,vertex_exchange_prepare,0.0002603759472641354,0.0009688540003480739,2048
balance,split,2048,3,vertex_exchange_unpack,0.006602422058102242,0.02393653000035556,2048
balance,split,2048,3,vertex_numbering_local,0.03894142169531234,0.07517821800001911,2048
balance,split,2048,3,volume_exchange_pack,0.5160662783037082,0.9379392890000418,2048
balance,split,2048,3,volume_exchange_unpack,0.5523952093334952,0.9409563439999147,2048
balance,split,2048,3,volume_payload_exchange,0.03848514558886884,0.06845933300019169,2048
balance,split,2048,3,volume_payload_prepare,0.0048116243715756735,0.029745979999916017,2048
balance,split,2048,3,volume_refine,1.6014029997392507,2.1533227919999263,2048
balance,split,2048,3,volume_size_exchange,0.0164574540170892,0.016862145000231976,2048
balance,split,2048,3,volume_size_exchange_pre_collective_wait,0.4030133398207971,0.6604270560001169,2048
balance,split,2048,4,adjacency_build,0.011223663091799008,0.03038016099981178,2048
balance,split,2048,4,element_count_allgather,0.0007878957582958535,0.004307951000100729,2048
balance,split,2048,4,element_count_pre_collective_wait,0.0024415124663101917,0.00469161000000895,2048
balance,split,2048,4,face_allgatherv,0.8275482313940465,1.5037403159999485,2048
balance,split,2048,4,face_collective_setup,0.00017042674121392487,0.000817910000023403,2048
balance,split,2048,4,face_global_merge,0.08929895795166098,0.10677738699996553,2048
balance,split,2048,4,face_local_extract,0.17350222916504543,0.18796256399991762,2048
balance,split,2048,4,face_map_setup,0.008019377742181533,0.010672616000192647,2048
balance,split,2048,4,face_pipeline_total,1.1183632632006817,1.79637078199994,2048
balance,split,2048,4,face_pre_collective_wait,0.015148590205081414,0.18232508799974312,2048
balance,split,2048,4,local_volume_mesh,6.468084170626954,9.148973231000127,2048
balance,split,2048,4,metis_partition,2.346761963494626,2.3472527950002586,2048
balance,split,2048,4,metis_seed,0.000838831800781259,1.7179275280000184,1
balance,split,2048,4,part_face_create,0.02531280351074172,0.04775618499979828,2048
balance,split,2048,4,partition_cost_balance,0.00011527083886719858,0.2360746780000227,1
balance,split,2048,4,partition_cost_setup,0.0001863605078125108,0.3816663200000221,1
balance,split,2048,4,partition_distribution,0.006028428319825974,0.006464188999871112,2048
balance,split,2048,4,partition_pre_collective_wait,2.339453037275385,2.340849061999961,2048
balance,split,2048,4,submesh_initialization,0.0002275531220650162,0.020693763000053877,2048
balance,split,2048,4,surface_refine,0.007228668093262058,0.010226450000118348,2048
balance,split,2048,4,vertex_count_allgather,0.010847124612787473,0.012080035000053613,2048
balance,split,2048,4,vertex_count_pre_collective_wait,2.8327559069956045,5.306635515999915,2048
balance,split,2048,4,vertex_exchange,0.022260912910646802,0.03701285099987217,2048
balance,split,2048,4,vertex_exchange_prepare,0.0003006954731399336,0.0008897129996512376,2048
balance,split,2048,4,vertex_exchange_unpack,0.006757718440432603,0.01998531799972625,2048
balance,split,2048,4,vertex_numbering_local,0.039043694833009734,0.0893642070000169,2048
balance,split,2048,4,volume_exchange_pack,0.5149912477504996,0.766553808000026,2048
balance,split,2048,4,volume_exchange_unpack,0.5531794823935496,0.9248110749999796,2048
balance,split,2048,4,volume_payload_exchange,0.03867430758057111,0.09182897099981346,2048
balance,split,2048,4,volume_payload_prepare,0.004801517771489738,0.07184565999978076,2048
balance,split,2048,4,volume_refine,1.6022199117714764,2.1291679900000418,2048
balance,split,2048,4,volume_size_exchange,0.021183158705565752,0.021566218999851117,2048
balance,split,2048,4,volume_size_exchange_pre_collective_wait,0.26653435232373335,0.5118820590000723,2048
balance,split,2048,5,adjacency_build,0.011195053162595503,0.043251543999758724,2048
balance,split,2048,5,element_count_allgather,0.00046341145898565195,0.003480160999970394,2048
balance,split,2048,5,element_count_pre_collective_wait,0.0023865758901318035,0.0033421040002394875,2048
balance,split,2048,5,face_allgatherv,0.8294918624985324,1.5057805050000752,2048
balance,split,2048,5,face_collective_setup,0.0001640334916974684,0.0008202100002563384,2048
balance,split,2048,5,face_global_merge,0.08936058075342213,0.10595000800003618,2048
balance,split,2048,5,face_local_extract,0.17335213877001854,0.21568966299992098,2048
balance,split,2048,5,face_map_setup,0.008026682963871101,0.010398717000043689,2048
balance,split,2048,5,face_pipeline_total,1.1469496279707017,1.8234795609996581,2048
balance,split,2048,5,face_pre_collective_wait,0.04189781709716689,0.2077737640001942,2048
balance,split,2048,5,local_volume_mesh,6.4667429954980475,9.106018996999865,2048
balance,split,2048,5,metis_partition,2.2934464737836864,2.2960084679998545,2048
balance,split,2048,5,metis_seed,0.0008118599111326397,1.662689097999646,1
balance,split,2048,5,part_face_create,0.02533934489014089,0.04553483900008359,2048
balance,split,2048,5,partition_cost_balance,0.00011406374267575181,0.2336025449999397,1
balance,split,2048,5,partition_cost_setup,0.00018825452734372305,0.3855452719999448,1
balance,split,2048,5,partition_distribution,0.00658632726513142,0.009093990000110352,2048
balance,split,2048,5,partition_pre_collective_wait,2.285616267114749,2.286973902000227,2048
balance,split,2048,5,submesh_initialization,0.00021460449267163284,0.0004672449999816308,2048
balance,split,2048,5,surface_refine,0.007248743719239004,0.025055958999928407,2048
balance,split,2048,5,vertex_count_allgather,0.01388187033154753,0.016428038999947603,2048
balance,split,2048,5,vertex_count_pre_collective_wait,2.8337266653984345,5.31754892500021,2048
balance,split,2048,5,vertex_exchange,0.022198155902832584,0.03633242199975939,2048
balance,split,2048,5,vertex_exchange_prepare,0.00030416289794588103,0.0009905530000651197,2048
balance,split,2048,5,vertex_exchange_unpack,0.00678190158544445,0.02396665900005246,2048
balance,split,2048,5,vertex_numbering_local,0.03906075385351837,0.07161109300022872,2048
balance,split,2048,5,volume_exchange_pack,0.5165909428642599,0.7683812929999476,2048
balance,split,2048,5,volume_exchange_unpack,0.5532430976323273,0.945813600999827,2048
balance,split,2048,5,volume_payload_exchange,0.03841947190380601,0.06027234500015766,2048
balance,split,2048,5,volume_payload_prepare,0.004691181429192115,0.030421266999837826,2048
balance,split,2048,5,volume_refine,1.6001112411337801,2.1143800910003847,2048
balance,split,2048,5,volume_size_exchange,0.0282516653896423,0.03053143999977692,2048
balance,split,2048,5,volume_size_exchange_pre_collective_wait,0.2547643711958052,0.4944462210000893,2048
baseline,natural,2048,1,adjacency_build,0.010710763594237394,0.02092338300008123,2048
baseline,natural,2048,1,element_count_allgather,0.0029779600424800767,0.006263537999984692,2048
baseline,natural,2048,1,face_allgatherv,0.8475709590942377,1.5340376670001206,2048
baseline,natural,2048,1,face_collective_setup,0.0001782928051762278,0.0008608719999756431,2048
baseline,natural,2048,1,face_global_merge,0.08921520325585652,0.10352960799991706,2048
baseline,natural,2048,1,face_local_extract,0.1733312177651377,0.18666087300016443,2048
baseline,natural,2048,1,face_map_setup,0.007899301383304413,0.010256285999957981,2048
baseline,natural,2048,1,face_pipeline_total,1.1230134517275396,1.8074162820000765,2048
baseline,natural,2048,1,local_volume_mesh,6.459602129595218,8.863147408000032,2048
baseline,natural,2048,1,metis_partition,2.1234747051074216,2.1832852410000214,2048
baseline,natural,2048,1,metis_seed,0.0008196802402343772,1.6787051320000046,1
baseline,natural,2048,1,part_face_create,0.02508849615331854,0.03055060799988496,2048
baseline,natural,2048,1,partition_cost_balance,1.4246321777267035e-05,0.029176466999842887,1
baseline,natural,2048,1,partition_cost_setup,0.00019083944140618758,0.39083917599987217,1
baseline,natural,2048,1,partition_distribution,2.1223211211933593,2.183192960999804,2048
baseline,natural,2048,1,submesh_initialization,0.0002273170434569094,0.016891466000060973,2048
baseline,natural,2048,1,surface_refine,0.007111592917968701,0.009102597000037349,2048
baseline,natural,2048,1,vertex_count_allgather,2.6325378497622105,5.568719171000112,2048
baseline,natural,2048,1,vertex_exchange,0.021533635073241242,0.03619636700000228,2048
baseline,natural,2048,1,vertex_exchange_prepare,0.00029686414892859947,0.005248388000154591,2048
baseline,natural,2048,1,vertex_exchange_unpack,0.00639444688085955,0.02225550499997553,2048
baseline,natural,2048,1,vertex_numbering_local,0.03773958664208821,0.0771367879999616,2048
baseline,natural,2048,1,volume_exchange_pack,0.5029702477143545,0.7832234029999654,2048
baseline,natural,2048,1,volume_exchange_unpack,0.5402922836503927,0.9058413080001628,2048
baseline,natural,2048,1,volume_payload_exchange,0.03640458113574141,0.06333066199999848,2048
baseline,natural,2048,1,volume_payload_prepare,0.004617799891116214,0.036974281000084375,2048
baseline,natural,2048,1,volume_refine,1.5861917101499015,2.2004907719999665,2048
baseline,natural,2048,1,volume_size_exchange,0.2836098931767538,0.49770267100007004,2048
baseline,natural,2048,2,adjacency_build,0.010780326363281745,0.047041278000051534,2048
baseline,natural,2048,2,element_count_allgather,0.004975521131346472,0.03664636200028326,2048
baseline,natural,2048,2,face_allgatherv,0.7847305682163053,1.5266131429998495,2048
baseline,natural,2048,2,face_collective_setup,0.000176016373538479,0.0007871300003898796,2048
baseline,natural,2048,2,face_global_merge,0.08910329078320611,0.09848593300011999,2048
baseline,natural,2048,2,face_local_extract,0.17345910325243952,0.19031875299970125,2048
baseline,natural,2048,2,face_map_setup,0.007902589409659377,0.009986618999846542,2048
baseline,natural,2048,2,face_pipeline_total,1.0601567533461915,1.7968130940002993,2048
baseline,natural,2048,2,local_volume_mesh,6.460314328680656,8.854064689000097,2048
baseline,natural,2048,2,metis_partition,2.1062109820336947,2.1295912140003566,2048
baseline,natural,2048,2,metis_seed,0.0008228738891602472,1.6852457250001862,1
baseline,natural,2048,2,part_face_create,0.02503340658009101,0.028424687000097038,2048
baseline,natural,2048,2,partition_cost_balance,1.4193322265487751e-05,0.029067923999718914,1
baseline,natural,2048,2,partition_cost_setup,0.00018610207275404633,0.3811370450002869,1
baseline,natural,2048,2,partition_distribution,2.1050573903852463,2.129472911999983,2048
baseline,natural,2048,2,submesh_initialization,0.00027684484375423146,0.021546028000102524,2048
baseline,natural,2048,2,surface_refine,0.007123849624997236,0.01023486900021453,2048
baseline,natural,2048,2,vertex_count_allgather,2.580214937144043,5.645425318999969,2048
baseline,natural,2048,2,vertex_exchange,0.02171011982129345,0.03791084200020123,2048
baseline,natural,2048,2,vertex_exchange_prepare,0.0002915114296917487,0.0008551719997740292,2048
baseline,natural,2048,2,vertex_exchange_unpack,0.006376512091314623,0.019589249000091513,2048
baseline,natural,2048,2,vertex_numbering_local,0.0379591359794873,0.09048392300019259,2048
baseline,natural,2048,2,volume_exchange_pack,0.5023490986962915,0.7561915129999761,2048
baseline,natural,2048,2,volume_exchange_unpack,0.5393276547060608,0.9275252779998482,2048
baseline,natural,2048,2,volume_payload_exchange,0.03640670805957136,0.06181628400008776,2048
baseline,natural,2048,2,volume_payload_prepare,0.004585287791995407,0.02928737899992484,2048
baseline,natural,2048,2,volume_refine,1.5870495551845702,2.1745019429999957,2048
baseline,natural,2048,2,volume_size_exchange,0.25535822170067846,0.4854730950000885,2048
baseline,natural,2048,3,adjacency_build,0.01074127871483399,0.02167973899986464,2048
baseline,natural,2048,3,element_count_allgather,0.01050944226757422,0.011873225999806891,2048
baseline,natural,2048,3,face_allgatherv,0.8218084332539091,1.5105763990000014,2048
baseline,natural,2048,3,face_collective_setup,0.00018027869384629192,0.0008801110002423229,2048
baseline,natural,2048,3,face_global_merge,0.08919001606493993,0.11726037800008271,2048
baseline,natural,2048,3,face_local_extract,0.17349686162012068,0.18534064899995428,2048
baseline,natural,2048,3,face_map_setup,0.007953464188966697,0.01027925599964874,2048
baseline,natural,2048,3,face_pipeline_total,1.097469949874028,1.7801174410001295,2048
baseline,natural,2048,3,local_volume_mesh,6.4593287713554695,8.870723849000115,2048
baseline,natural,2048,3,metis_partition,2.1082646136503875,2.1096369389997562,2048
baseline,natural,2048,3,metis_seed,0.0008233058090820755,1.6861302970000906,1
baseline,natural,2048,3,part_face_create,0.025074333315419528,0.0482667629999014,2048
baseline,natural,2048,3,partition_cost_balance,1.4265394043144752e-05,0.029215527000360453,1
baseline,natural,2048,3,partition_cost_setup,0.00018796342529303622,0.3849490950001382,1
baseline,natural,2048,3,partition_distribution,2.1071161741552706,2.1095093569997516,2048
baseline,natural,2048,3,submesh_initialization,0.00024373061572346977,0.0322807309999007,2048
baseline,natural,2048,3,surface_refine,0.007141003722168415,0.011139232000004995,2048
baseline,natural,2048,3,vertex_count_allgather,2.5261558573666987,5.534799155000201,2048
baseline,natural,2048,3,vertex_exchange,0.021553572970221202,0.035601679000137665,2048
baseline,natural,2048,3,vertex_exchange_prepare,0.00029199163965021313,0.0009110739997595374,2048
baseline,natural,2048,3,vertex_exchange_unpack,0.006324567559077066,0.019091933000254357,2048
baseline,natural,2048,3,vertex_numbering_local,0.03769500860644892,0.06547223500001564,2048
baseline,natural,2048,3,volume_exchange_pack,0.5025644546333008,0.8496275709999281,2048
baseline,natural,2048,3,volume_exchange_unpack,0.5394021354360283,0.9026289549997273,2048
baseline,natural,2048,3,volume_payload_exchange,0.03658304333447626,0.059584280000308354,2048
baseline,natural,2048,3,volume_payload_prepare,0.004648383923336885,0.035776382999756606,2048
baseline,natural,2048,3,volume_refine,1.587278865857909,2.1352464540000256,2048
baseline,natural,2048,3,volume_size_exchange,0.3561123902280341,0.5731213600001865,2048
baseline,natural,2048,4,adjacency_build,0.01072557516992112,0.02195546099983403,2048
baseline,natural,2048,4,element_count_allgather,0.0030308308164044284,0.004116411999802949,2048
baseline,natural,2048,4,face_allgatherv,0.8296534730458938,1.522131833000003,2048
baseline,natural,2048,4,face_collective_setup,0.00017654824071877684,0.0007895100002315303,2048
baseline,natural,2048,4,face_global_merge,0.08916903552002475,0.11270563800007949,2048
baseline,natural,2048,4,face_local_extract,0.17336209039013206,0.1851715489997332,2048
baseline,natural,2048,4,face_map_setup,0.007927969192873974,0.010168508999868209,2048
baseline,natural,2048,4,face_pipeline_total,1.1050803595014604,1.792713910999737,2048
baseline,natural,2048,4,local_volume_mesh,6.461351442789058,8.882294918000298,2048
baseline,natural,2048,4,metis_partition,2.1274096454638727,2.1290728279996074,2048
baseline,natural,2048,4,metis_seed,0.0008316491811524163,1.7032175230001485,1
baseline,natural,2048,4,part_face_create,0.025068222882809632,0.037344196000049124,2048
baseline,natural,2048,4,partition_cost_balance,1.4224680664032263e-05,0.029132145999938075,1
baseline,natural,2048,4,partition_cost_setup,0.00018910089160151244,0.3872786259998975,1
baseline,natural,2048,4,partition_distribution,2.126234987913085,2.12892614600014,2048
baseline,natural,2048,4,submesh_initialization,0.00027038797118739133,0.021181090000027325,2048
baseline,natural,2048,4,surface_refine,0.007122038585934298,0.020975556999928813,2048
baseline,natural,2048,4,vertex_count_allgather,2.513833042243164,5.571764603999782,2048
baseline,natural,2048,4,vertex_exchange,0.021741925760247582,0.06218468700035373,2048
baseline,natural,2048,4,vertex_exchange_prepare,0.00029424651709186733,0.0008844920002957224,2048
baseline,natural,2048,4,vertex_exchange_unpack,0.00636438964013375,0.02041417899999942,2048
baseline,natural,2048,4,vertex_numbering_local,0.03771849517137138,0.07548610699996061,2048
baseline,natural,2048,4,volume_exchange_pack,0.5024214089785164,0.8572867010002483,2048
baseline,natural,2048,4,volume_exchange_unpack,0.5393000307856386,0.9128226739999263,2048
baseline,natural,2048,4,volume_payload_exchange,0.036590321794914615,0.0559811179996359,2048
baseline,natural,2048,4,volume_payload_prepare,0.004627204200689405,0.030332060999626265,2048
baseline,natural,2048,4,volume_refine,1.5854193000141636,2.1582925739999155,2048
baseline,natural,2048,4,volume_size_exchange,0.36543821179150693,0.6087393980001252,2048
baseline,natural,2048,5,adjacency_build,0.010782793081058006,0.021651518999988184,2048
baseline,natural,2048,5,element_count_allgather,0.0014498222099690317,0.005021075000058772,2048
baseline,natural,2048,5,face_allgatherv,0.8407987224760738,1.5290022690001024,2048
baseline,natural,2048,5,face_collective_setup,0.00018341795800869143,0.0009026299999277398,2048
baseline,natural,2048,5,face_global_merge,0.08923021110302498,0.10913378699979148,2048
baseline,natural,2048,5,face_local_extract,0.17362129831787354,0.21135775499988085,2048
baseline,natural,2048,5,face_map_setup,0.007966653351564545,0.010724458999902708,2048
baseline,natural,2048,5,face_pipeline_total,1.116633193021973,1.7966762070000186,2048
baseline,natural,2048,5,local_volume_mesh,6.459863314386724,8.903154825000001,2048
baseline,natural,2048,5,metis_partition,2.0830861627480477,2.116970910999953,2048
baseline,natural,2048,5,metis_seed,0.0008123703867186638,1.6637345519998235,1
baseline,natural,2048,5,part_face_create,0.025097500071775913,0.04375155299976541,2048
baseline,natural,2048,5,partition_cost_balance,1.4193800781159283e-05,0.02906890399981421,1
baseline,natural,2048,5,partition_cost_setup,0.00018645538232431313,0.3818606230001933,1
baseline,natural,2048,5,partition_distribution,2.081948538744628,2.116879788999995,2048
baseline,natural,2048,5,submesh_initialization,0.00030985173828157464,0.024994854999931704,2048
baseline,natural,2048,5,surface_refine,0.007136565311523402,0.019238173999838182,2048
baseline,natural,2048,5,vertex_count_allgather,2.672819398404788,5.687551471000006,2048
baseline,natural,2048,5,vertex_exchange,0.0217260100874046,0.042844837000302505,2048
baseline,natural,2048,5,vertex_exchange_prepare,0.0002924913789066341,0.000905970000076195,2048
baseline,natural,2048,5,vertex_exchange_unpack,0.006311137928223465,0.020305676000134554,2048
baseline,natural,2048,5,vertex_numbering_local,0.03790190317578879,0.07141719800029023,2048
baseline,natural,2048,5,volume_exchange_pack,0.5021140274907125,0.7757189819999439,2048
baseline,natural,2048,5,volume_exchange_unpack,0.5388741923198206,0.905485839999983,2048
baseline,natural,2048,5,volume_payload_exchange,0.03671346788720342,0.08933141700026681,2048
baseline,natural,2048,5,volume_payload_prepare,0.004625054747558588,0.037242093999793724,2048
baseline,natural,2048,5,volume_refine,1.5878025013408266,2.1713983909999115,2048
baseline,natural,2048,5,volume_size_exchange,0.28575425887402983,0.505022881000059,2048
baseline,split,2048,1,adjacency_build,0.01068802828808868,0.020474472999922,2048
baseline,split,2048,1,element_count_allgather,0.0061001488369113455,0.016830562999984977,2048
baseline,split,2048,1,element_count_pre_collective_wait,0.007063750307619854,0.012391702000059013,2048
baseline,split,2048,1,face_allgatherv,0.7830130894350569,1.5193059619998621,2048
baseline,split,2048,1,face_collective_setup,0.00016680791943257667,0.0018311619999167306,2048
baseline,split,2048,1,face_global_merge,0.08915619561425991,0.11290844899986041,2048
baseline,split,2048,1,face_local_extract,0.17322010091503537,0.19595397900002354,2048
baseline,split,2048,1,face_map_setup,0.007908208684081597,0.010429576999968049,2048
baseline,split,2048,1,face_pipeline_total,1.0924498662797837,1.8298840949998976,2048
baseline,split,2048,1,face_pre_collective_wait,0.03420962855322418,0.20023344999981418,2048
baseline,split,2048,1,local_volume_mesh,6.460515028355468,8.855720612000141,2048
baseline,split,2048,1,metis_partition,2.1190530742343743,2.1431537460000527,2048
baseline,split,2048,1,metis_seed,0.0008218491489258017,1.683147057000042,1
baseline,split,2048,1,part_face_create,0.02505852464404279,0.042031052000083946,2048
baseline,split,2048,1,partition_cost_balance,1.419142822256525e-05,0.029064044999813632,1
baseline,split,2048,1,partition_cost_setup,0.00018971491308594768,0.38853614200002085,1
baseline,split,2048,1,partition_distribution,0.016896695987306143,0.04088039500015839,2048
baseline,split,2048,1,partition_pre_collective_wait,2.100976973151368,2.10237255800007,2048
baseline,split,2048,1,submesh_initialization,0.000252924688477707,0.02331820799986417,2048
baseline,split,2048,1,surface_refine,0.007149364880374542,0.019003221000048143,2048
baseline,split,2048,1,vertex_count_allgather,0.022221096541504948,0.02371427200000653,2048
baseline,split,2048,1,vertex_count_pre_collective_wait,2.540174149613769,5.506557222000083,2048
baseline,split,2048,1,vertex_exchange,0.021900247503417014,0.03650764799999706,2048
baseline,split,2048,1,vertex_exchange_prepare,0.0003103123183594292,0.001041670999939015,2048
baseline,split,2048,1,vertex_exchange_unpack,0.00639292048389184,0.019726728000023286,2048
baseline,split,2048,1,vertex_numbering_local,0.03768210088867374,0.06805956800008062,2048
baseline,split,2048,1,volume_exchange_pack,0.5030697300209999,0.7905098159999397,2048
baseline,split,2048,1,volume_exchange_unpack,0.5394529594628911,0.9302227389998734,2048
baseline,split,2048,1,volume_payload_exchange,0.0363494237236307,0.055624286000011125,2048
baseline,split,2048,1,volume_payload_prepare,0.004603296894043041,0.01055867600007332,2048
baseline,split,2048,1,volume_refine,1.5868228786342786,2.1436883569999736,2048
baseline,split,2048,1,volume_size_exchange,0.022320376479981308,0.022552506000010908,2048
baseline,split,2048,1,volume_size_exchange_pre_collective_wait,0.29712750995849413,0.5326204740001685,2048
baseline,split,2048,2,adjacency_build,0.010732816881346974,0.020531261000087397,2048
baseline,split,2048,2,element_count_allgather,0.0008772100205038935,0.004011998999885691,2048
baseline,split,2048,2,element_count_pre_collective_wait,0.0027168594702098314,0.0038795199998276075,2048
baseline,split,2048,2,face_allgatherv,0.8327298928916,1.5176603780000733,2048
baseline,split,2048,2,face_collective_setup,0.00016977211913493662,0.0007917920002000756,2048
baseline,split,2048,2,face_global_merge,0.08921171470459388,0.1144704250000359,2048
baseline,split,2048,2,face_local_extract,0.17332729110204936,0.18762755800025843,2048
baseline,split,2048,2,face_map_setup,0.007960455477535211,0.009955808000086108,2048
baseline,split,2048,2,face_pipeline_total,1.1221829417392657,1.8074314020000202,2048
baseline,split,2048,2,face_pre_collective_wait,0.01398314419970692,0.17955619699978342,2048
baseline,split,2048,2,local_volume_mesh,6.459626653373535,8.849386875999699,2048
baseline,split,2048,2,metis_partition,2.1467908848330075,2.148034105000079,2048
baseline,split,2048,2,metis_seed,0.0008193009902344173,1.6779284280000866,1
baseline,split,2048,2,part_face_create,0.02505484012011605,0.028594731999874057,2048
baseline,split,2048,2,partition_cost_balance,1.4177326171926907e-05,0.029035164000106306,1
baseline,split,2048,2,partition_cost_setup,0.0002111353725584575,0.43240524299972094,1
baseline,split,2048,2,partition_distribution,0.0059665218642581674,0.007082919000367838,2048
baseline,split,2048,2,partition_pre_collective_wait,2.1396552837363245,2.14223846699997,2048
baseline,split,2048,2,submesh_initialization,0.00021973350292725513,0.0004498050002439413,2048
baseline,split,2048,2,surface_refine,0.007142367824222395,0.03526036399989607,2048
baseline,split,2048,2,vertex_count_allgather,0.00781212012646626,0.01058714200007671,2048
baseline,split,2048,2,vertex_count_pre_collective_wait,2.4605150496357453,5.36336598600019,2048
baseline,split,2048,2,vertex_exchange,0.021615604056154147,0.035655537000366166,2048
baseline,split,2048,2,vertex_exchange_prepare,0.0002983190566407945,0.0009631140001147287,2048
baseline,split,2048,2,vertex_exchange_unpack,0.0063409653569332924,0.01905963299986979,2048
baseline,split,2048,2,vertex_numbering_local,0.03795601722509634,0.07010511699991184,2048
baseline,split,2048,2,volume_exchange_pack,0.5021707587597746,0.7226894360001097,2048
baseline,split,2048,2,volume_exchange_unpack,0.5387806919321267,0.9749000309998337,2048
baseline,split,2048,2,volume_payload_exchange,0.03625843367969073,0.06027647600012642,2048
baseline,split,2048,2,volume_payload_prepare,0.004617307504397816,0.010858589000235952,2048
baseline,split,2048,2,volume_refine,1.5845509987001953,2.1280713659998582,2048
baseline,split,2048,2,volume_size_exchange,0.023229651958504238,0.025646751999829576,2048
baseline,split,2048,2,volume_size_exchange_pre_collective_wait,0.22739017436620856,0.4202536709999549,2048
baseline,split,2048,3,adjacency_build,0.01079604549608737,0.019751430000269465,2048
baseline,split,2048,3,element_count_allgather,0.0011227856235380695,0.0033008810000865196,2048
baseline,split,2048,3,element_count_pre_collective_wait,0.0015653584741104343,0.0025781719996302854,2048
baseline,split,2048,3,face_allgatherv,0.836010390880372,1.5187709860001632,2048
baseline,split,2048,3,face_collective_setup,0.00016589735399619165,0.0007518890001847467,2048
baseline,split,2048,3,face_global_merge,0.08920143478515552,0.1156704750001154,2048
baseline,split,2048,3,face_local_extract,0.17335310679687232,0.1871019640002487,2048
baseline,split,2048,3,face_map_setup,0.008016089284661687,0.010420931999760796,2048
baseline,split,2048,3,face_pipeline_total,1.126018916207522,1.8315276329999506,2048
baseline,split,2048,3,face_pre_collective_wait,0.014484903210445266,0.17990546099963467,2048
baseline,split,2048,3,local_volume_mesh,6.460081165171876,8.855636724000306,2048
baseline,split,2048,3,metis_partition,2.103866010355958,2.1047854560001724,2048
baseline,split,2048,3,metis_seed,0.0008173678789060723,1.6739694159996361,1
baseline,split,2048,3,part_face_create,0.02507131626855008,0.04043941800000539,2048
baseline,split,2048,3,partition_cost_balance,1.4862032714946238e-05,0.030437443000209896,1
baseline,split,2048,3,partition_cost_setup,0.00019098459814448354,0.3911364569999023,1
baseline,split,2048,3,partition_distribution,0.0066146127724497905,0.0074071310000363155,2048
baseline,split,2048,3,partition_pre_collective_wait,2.096068868283209,2.0973760450001464,2048
baseline,split,2048,3,submesh_initialization,0.00023814264112020922,0.03424820899999759,2048
baseline,split,2048,3,surface_refine,0.007127787879391612,0.009017759000016667,2048
baseline,split,2048,3,vertex_count_allgather,0.019134647952638195,0.019319445999826712,2048
baseline,split,2048,3,vertex_count_pre_collective_wait,2.5745447929184584,5.862773536000077,2048
baseline,split,2048,3,vertex_exchange,0.021541503299799425,0.03593409400036762,2048
baseline,split,2048,3,vertex_exchange_prepare,0.00029893882129172766,0.0010134930003005138,2048
baseline,split,2048,3,vertex_exchange_unpack,0.006393923864748796,0.018290455999704136,2048
baseline,split,2048,3,vertex_numbering_local,0.03780374457471258,0.0679710099998374,2048
baseline,split,2048,3,volume_exchange_pack,0.5022582057382801,0.717884561000119,2048
baseline,split,2048,3,volume_exchange_unpack,0.5385031968652294,0.9039730569998028,2048
baseline,split,2048,3,volume_payload_exchange,0.036580480217279554,0.06509186599987515,2048
baseline,split,2048,3,volume_payload_prepare,0.004664589141113007,0.03428618399993866,2048
baseline,split,2048,3,volume_refine,1.5859983362651384,2.092460208000375,2048
baseline,split,2048,3,volume_size_exchange,0.022095359283200278,0.022276314000009734,2048
baseline,split,2048,3,volume_size_exchange_pre_collective_wait,0.22968372977245677,0.44693434600003457,2048
baseline,split,2048,4,adjacency_build,0.0107315895527329,0.02279516600037823,2048
baseline,split,2048,4,element_count_allgather,0.0008868013046872125,0.0032685460000720923,2048
baseline,split,2048,4,element_count_pre_collective_wait,0.004792445421384128,0.007175050000114425,2048
baseline,split,2048,4,face_allgatherv,0.8390718512485345,1.5164200140002322,2048
baseline,split,2048,4,face_collective_setup,0.0001676237768635236,0.0008696119998603535,2048
baseline,split,2048,4,face_global_merge,0.08915839115283664,0.11392695699987598,2048
baseline,split,2048,4,face_local_extract,0.173287870095703,0.19317097200018907,2048
baseline,split,2048,4,face_map_setup,0.007919576883789192,0.009824145000038698,2048
baseline,split,2048,4,face_pipeline_total,1.1779993334228476,1.858032003000062,2048
baseline,split,2048,4,face_pre_collective_wait,0.06361464161962727,0.23127709400023377,2048
baseline,split,2048,4,local_volume_mesh,6.459055768224614,8.885275284999807,2048
baseline,split,2048,4,metis_partition,2.0876208713613273,2.149898851999751,2048
baseline,split,2048,4,metis_seed,0.0008121871323241159,1.6633592469997893,1
baseline,split,2048,4,part_face_create,0.025060130737794672,0.04079660600018542,2048
baseline,split,2048,4,partition_cost_balance,1.4568727539021609e-05,0.029836753999916255,1
baseline,split,2048,4,partition_cost_setup,0.0001806280200196131,0.3699261850001676,1
baseline,split,2048,4,partition_distribution,0.022886237701167156,0.08525953999969715,2048
baseline,split,2048,4,partition_pre_collective_wait,2.06360555096484,2.0689039879998745,2048
baseline,split,2048,4,submesh_initialization,0.00021468864843554591,0.00047468600041611353,2048
baseline,split,2048,4,surface_refine,0.007126187301270015,0.011151582999900711,2048
baseline,split,2048,4,vertex_count_allgather,0.010033101414555157,0.012445458000001963,2048
baseline,split,2048,4,vertex_count_pre_collective_wait,2.632121015451659,5.5842713270003514,2048
baseline,split,2048,4,vertex_exchange,0.021560003138182404,0.03504914299992379,2048
baseline,split,2048,4,vertex_exchange_prepare,0.0002960509101617159,0.0008309720001307142,2048
baseline,split,2048,4,vertex_exchange_unpack,0.0064166593432615215,0.021805359000154567,2048
baseline,split,2048,4,vertex_numbering_local,0.037887466935543346,0.06944712799986519,2048
baseline,split,2048,4,volume_exchange_pack,0.5026276291694329,0.808626202999676,2048
baseline,split,2048,4,volume_exchange_unpack,0.5391861516884795,0.9238419280000016,2048
baseline,split,2048,4,volume_payload_exchange,0.03664135860546813,0.05689962599990395,2048
baseline,split,2048,4,volume_payload_prepare,0.004623031925293786,0.011153501000080723,2048
baseline,split,2048,4,volume_refine,1.584756795143062,2.186305794999953,2048
baseline,split,2048,4,volume_size_exchange,0.018527642884768936,0.01930067000012059,2048
baseline,split,2048,4,volume_size_exchange_pre_collective_wait,0.3167130132172886,0.5539097230002881,2048
baseline,split,2048,5,adjacency_build,0.010808972194827904,0.02059088600026371,2048
baseline,split,2048,5,element_count_allgather,0.0032152975971724285,0.00639532400009557,2048
baseline,split,2048,5,element_count_pre_collective_wait,0.003484959836430823,0.005341805999705684,2048
baseline,split,2048,5,face_allgatherv,0.829285041887208,1.508444002000033,2048
baseline,split,2048,5,face_collective_setup,0.0001688493295870508,0.0007768089999444783,2048
baseline,split,2048,5,face_global_merge,0.08915550876708922,0.09677829899965218,2048
baseline,split,2048,5,face_local_extract,0.17332056033202536,0.18640938199996526,2048
baseline,split,2048,5,face_map_setup,0.007957432694825961,0.010322777000055794,2048
baseline,split,2048,5,face_pipeline_total,1.11885968303954,1.7970937129998674,2048
baseline,split,2048,5,face_pre_collective_wait,0.014184320479497359,0.17795425000031173,2048
baseline,split,2048,5,local_volume_mesh,6.4597649256445315,8.843274251999901,2048
baseline,split,2048,5,metis_partition,2.093765920134775,2.094889270999829,2048
baseline,split,2048,5,metis_seed,0.0008159049550779951,1.670973347999734,1
baseline,split,2048,5,part_face_create,0.025066719114753333,0.05310902800010808,2048
baseline,split,2048,5,partition_cost_balance,1.422165234377104e-05,0.02912594400004309,1
baseline,split,2048,5,partition_cost_setup,0.00018877843066422706,0.386618226000337,1
baseline,split,2048,5,partition_distribution,0.005616936700680419,0.0066498569999566826,2048
baseline,split,2048,5,partition_pre_collective_wait,2.0869411631328205,2.088583895999818,2048
baseline,split,2048,5,submesh_initialization,0.0003637186918894475,0.028127611999934743,2048
baseline,split,2048,5,surface_refine,0.007124836460447259,0.011894176000168954,2048
baseline,split,2048,5,vertex_count_allgather,0.0029060323437479774,0.006284702999892033,2048
baseline,split,2048,5,vertex_count_pre_collective_wait,2.551865951789063,5.592461754999931,2048
baseline,split,2048,5,vertex_exchange,0.02156091144872674,0.038029967000056786,2048
baseline,split,2048,5,vertex_exchange_prepare,0.00030071583886859266,0.0010829739999280719,2048
baseline,split,2048,5,vertex_exchange_unpack,0.006396515131831038,0.020199053999931493,2048
baseline,split,2048,5,vertex_numbering_local,0.03790706160938195,0.07627964699986478,2048
baseline,split,2048,5,volume_exchange_pack,0.5032537140585978,0.7512655479999921,2048
baseline,split,2048,5,volume_exchange_unpack,0.5387089682382831,0.9126260620000721,2048
baseline,split,2048,5,volume_payload_exchange,0.036447316953616804,0.06889352300004248,2048
baseline,split,2048,5,volume_payload_prepare,0.00462118904101505,0.024619188000087888,2048
baseline,split,2048,5,volume_refine,1.588223724076173,2.1532397089999904,2048
baseline,split,2048,5,volume_size_exchange,0.010653267490720264,0.01088221899999553,2048
baseline,split,2048,5,volume_size_exchange_pre_collective_wait,0.2555613968945323,0.4559958390000247,2048
combined,natural,2048,1,adjacency_build,0.00014539799902280048,0.0003882640000938409,2048
combined,natural,2048,1,element_count_allgather,0.009265493808592318,0.010221233999800461,2048
combined,natural,2048,1,face_local_extract,0.17337202964257892,0.1867879129999892,2048
combined,natural,2048,1,face_map_setup,0.008035756489255474,0.010317398000097455,2048
combined,natural,2048,1,face_pipeline_total,0.46167054023877085,0.46330435699996997,2048
combined,natural,2048,1,face_sparse_context,0.014343452094238374,0.18025830700003098,2048
combined,natural,2048,1,face_sparse_deliver,0.01903632629150387,0.019451130999868838,2048
combined,natural,2048,1,face_sparse_directory,0.06530231737695424,0.06877126200015482,2048
combined,natural,2048,1,face_sparse_match,0.1773508744794956,0.20290528300006372,2048
combined,natural,2048,1,face_sparse_total,0.27720416782958934,0.4433568509998622,2048
combined,natural,2048,1,local_volume_mesh,6.456210060917483,9.031249138000021,2048
combined,natural,2048,1,metis_partition,2.338372137104005,2.3394353930000307,2048
combined,natural,2048,1,metis_seed,0.0008395950742188241,1.7194907120001517,1
combined,natural,2048,1,part_face_create,0.011452997984865432,0.013145083000154045,2048
combined,natural,2048,1,partition_cost_balance,0.00011286602636717546,0.23114962199997535,1
combined,natural,2048,1,partition_cost_setup,0.00018399950683589683,0.3768309899999167,1
combined,natural,2048,1,partition_distribution,2.33709452095117,2.339305374999867,2048
combined,natural,2048,1,submesh_initialization,0.00024263866943285972,0.0210566480000125,2048
combined,natural,2048,1,surface_refine,0.007810332799804698,0.009180290000131208,2048
combined,natural,2048,1,vertex_count_allgather,2.882372322148436,5.156733464000126,2048
combined,natural,2048,1,vertex_exchange,0.007142045808106179,0.029049771000018154,2048
combined,natural,2048,1,vertex_exchange_prepare,0.0002778131118134075,0.0009383740000430407,2048
combined,natural,2048,1,vertex_exchange_unpack,0.006139179683596563,0.01923004100012804,2048
combined,natural,2048,1,vertex_numbering_local,0.03845142061621165,0.06902566300004764,2048
combined,natural,2048,1,volume_exchange_pack,0.5153380103950224,0.856452470000022,2048
combined,natural,2048,1,volume_exchange_unpack,0.5548454797163156,1.0176329600001282,2048
combined,natural,2048,1,volume_payload_exchange,0.038723276716309596,0.07281712899998638,2048
combined,natural,2048,1,volume_payload_prepare,0.004774585171383294,0.03201017899982617,2048
combined,natural,2048,1,volume_refine,1.6093109012167943,2.2687867049999113,2048
combined,natural,2048,1,volume_size_exchange,0.3421115201152367,0.581693955999981,2048
combined,natural,2048,2,adjacency_build,0.00014480544432804443,0.0003471039999567438,2048
combined,natural,2048,2,element_count_allgather,0.001723840712892999,0.0071926250002434244,2048
combined,natural,2048,2,face_local_extract,0.17343277376220523,0.1858082460003061,2048
combined,natural,2048,2,face_map_setup,0.00797820086669776,0.010579899000276782,2048
combined,natural,2048,2,face_pipeline_total,0.45091095797851355,0.4535771130003923,2048
combined,natural,2048,2,face_sparse_context,0.015105721906735203,0.1807370120000087,2048
combined,natural,2048,2,face_sparse_deliver,0.014623964655272603,0.015084503999787557,2048
combined,natural,2048,2,face_sparse_directory,0.05723557683838898,0.06296547500005545,2048
combined,natural,2048,2,face_sparse_match,0.1782609391206056,0.17893434200004776,2048
combined,natural,2048,2,face_sparse_total,0.26641931357128357,0.43250002399963705,2048
combined,natural,2048,2,local_volume_mesh,6.456019914631354,8.998498415000086,2048
combined,natural,2048,2,metis_partition,2.3167870069057637,2.31879806500001,2048
combined,natural,2048,2,metis_seed,0.0008240896376952023,1.6877355779997743,1
combined,natural,2048,2,part_face_create,0.011448153953131257,0.014781856999888987,2048
combined,natural,2048,2,partition_cost_balance,0.00011487107128904661,0.23525595399996746,1
combined,natural,2048,2,partition_cost_setup,0.0001869011357420458,0.3827735259997098,1
combined,natural,2048,2,partition_distribution,2.315418994472652,2.318712473999767,2048
combined,natural,2048,2,submesh_initialization,0.0003189496860431795,0.02293020199977036,2048
combined,natural,2048,2,surface_refine,0.007782905581536381,0.009193270000196208,2048
combined,natural,2048,2,vertex_count_allgather,2.8592422811293963,4.94465005200027,2048
combined,natural,2048,2,vertex_exchange,0.007414390615237965,0.028541786999994656,2048
combined,natural,2048,2,vertex_exchange_prepare,0.0002802344306640503,0.0009125120000135212,2048
combined,natural,2048,2,vertex_exchange_unpack,0.006179472309081557,0.019636776000425016,2048
combined,natural,2048,2,vertex_numbering_local,0.03850476643603207,0.08276333499998145,2048
combined,natural,2048,2,volume_exchange_pack,0.5145488719589846,0.8386673159998281,2048
combined,natural,2048,2,volume_exchange_unpack,0.5544662040019588,0.9905522819999533,2048
combined,natural,2048,2,volume_payload_exchange,0.03810446958447544,0.07319979000021704,2048
combined,natural,2048,2,volume_payload_prepare,0.004760042433594069,0.02563722000013513,2048
combined,natural,2048,2,volume_refine,1.6094663707924748,2.235195494999971,2048
combined,natural,2048,2,volume_size_exchange,0.32574070976757796,0.5668252860000393,2048
combined,natural,2048,3,adjacency_build,0.00014587417089795274,0.00040450400001645903,2048
combined,natural,2048,3,element_count_allgather,0.0017965059384732474,0.00416894099998899,2048
combined,natural,2048,3,face_local_extract,0.17344945238573728,0.19851689699999042,2048
combined,natural,2048,3,face_map_setup,0.007997055645508677,0.010398628999610082,2048
combined,natural,2048,3,face_pipeline_total,0.5035889971718781,0.5339913350003371,2048
combined,natural,2048,3,face_sparse_context,0.05864582694189391,0.22772249400031797,2048
combined,natural,2048,3,face_sparse_deliver,0.02536342384862955,0.025802035000197066,2048
combined,natural,2048,3,face_sparse_directory,0.05631632288037314,0.05670569700032502,2048
combined,natural,2048,3,face_sparse_match,0.17757479872705617,0.2149114339999869,2048
combined,natural,2048,3,face_sparse_total,0.319082529892583,0.4887979689997337,2048
combined,natural,2048,3,local_volume_mesh,6.458535548601564,9.042053096000018,2048
combined,natural,2048,3,metis_partition,2.4077370801528355,2.4417663170002015,2048
combined,natural,2048,3,metis_seed,0.0008606827680663898,1.7626783089999662,1
combined,natural,2048,3,part_face_create,0.011458304046380707,0.021897927999816602,2048
combined,natural,2048,3,partition_cost_balance,0.00011447445459000782,0.23444368300033602,1
combined,natural,2048,3,partition_cost_setup,0.00019133366552726017,0.3918513469998288,1
combined,natural,2048,3,partition_distribution,2.4064513423100573,2.4416686959998515,2048
combined,natural,2048,3,submesh_initialization,0.00025334183056435755,0.015698882000378944,2048
combined,natural,2048,3,surface_refine,0.007775519273929055,0.010356002000207809,2048
combined,natural,2048,3,vertex_count_allgather,2.884161586787112,4.945455713999763,2048
combined,natural,2048,3,vertex_exchange,0.0072501174379828726,0.02870374099984474,2048
combined,natural,2048,3,vertex_exchange_prepare,0.0002826730849556647,0.0020721229998343915,2048
combined,natural,2048,3,vertex_exchange_unpack,0.006155039447748756,0.019395143000110693,2048
combined,natural,2048,3,vertex_numbering_local,0.038401176393559,0.08460766000007425,2048
combined,natural,2048,3,volume_exchange_pack,0.5146313455981391,0.8587759399997594,2048
combined,natural,2048,3,volume_exchange_unpack,0.554659454345213,0.9787530949997745,2048
combined,natural,2048,3,volume_payload_exchange,0.03843113802685849,0.0585854279997875,2048
combined,natural,2048,3,volume_payload_prepare,0.004764220829589716,0.0289441610002541,2048
combined,natural,2048,3,volume_refine,1.609033338498041,2.268222553999749,2048
combined,natural,2048,3,volume_size_exchange,0.3480534482514639,0.5931500619999497,2048
combined,natural,2048,4,adjacency_build,0.00014657291893671598,0.0003921849997823301,2048
combined,natural,2048,4,element_count_allgather,0.0015672820151348965,0.0048027440002442745,2048
combined,natural,2048,4,face_local_extract,0.17341506435693166,0.1872312380000949,2048
combined,natural,2048,4,face_map_setup,0.008017662738770692,0.010121320000052947,2048
combined,natural,2048,4,face_pipeline_total,0.44919790518604197,0.4505403190000834,2048
combined,natural,2048,4,face_sparse_context,0.015565450200683673,0.1827263730001505,2048
combined,natural,2048,4,face_sparse_deliver,0.01422296732567463,0.01506257499977437,2048
combined,natural,2048,4,face_sparse_directory,0.05686644129638485,0.06240494399980889,2048
combined,natural,2048,4,face_sparse_match,0.17700277881005766,0.1776861620001,2048
combined,natural,2048,4,face_sparse_total,0.2646980832070267,0.4319101840001167,2048
combined,natural,2048,4,local_volume_mesh,6.4576351128330085,9.073683315999915,2048
combined,natural,2048,4,metis_partition,2.3882815264965784,2.388629343000048,2048
combined,natural,2048,4,metis_seed,0.0008505866533203843,1.742001466000147,1
combined,natural,2048,4,part_face_create,0.011453426008787071,0.01295185000026322,2048
combined,natural,2048,4,partition_cost_balance,0.0001158234829101712,0.2372064930000306,1
combined,natural,2048,4,partition_cost_setup,0.00018412886718754962,0.3770959200001016,1
combined,natural,2048,4,partition_distribution,2.387014290205072,2.3885375109998677,2048
combined,natural,2048,4,submesh_initialization,0.00022858709473294603,0.019090314000095532,2048
combined,natural,2048,4,surface_refine,0.007842749935053739,0.009972915999696852,2048
combined,natural,2048,4,vertex_count_allgather,2.9314432944999975,5.018730730000243,2048
combined,natural,2048,4,vertex_exchange,0.0071242109204090465,0.02699944799996956,2048
combined,natural,2048,4,vertex_exchange_prepare,0.00027663375048536665,0.0014667559998997604,2048
combined,natural,2048,4,vertex_exchange_unpack,0.006141837893063551,0.01935120200005258,2048
combined,natural,2048,4,vertex_numbering_local,0.03838791570459432,0.06861357600018891,2048
combined,natural,2048,4,volume_exchange_pack,0.5142900730678788,0.8508372770002097,2048
combined,natural,2048,4,volume_exchange_unpack,0.5549199706626009,1.028332173000308,2048
combined,natural,2048,4,volume_payload_exchange,0.03877097524023676,0.09806907299980594,2048
combined,natural,2048,4,volume_payload_prepare,0.004805402050780616,0.0508728129998417,2048
combined,natural,2048,4,volume_refine,1.6086268500034233,2.2773179219998383,2048
combined,natural,2048,4,volume_size_exchange,0.3425442630317348,0.5832736090001163,2048
combined,natural,2048,5,adjacency_build,0.00014517700049099247,0.0019440609999037406,2048
combined,natural,2048,5,element_count_allgather,0.00698036943798952,0.007819036000000779,2048
combined,natural,2048,5,face_local_extract,0.17326376566162516,0.1869742280000537,2048
combined,natural,2048,5,face_map_setup,0.007983021187988992,0.010162155000216444,2048
combined,natural,2048,5,face_pipeline_total,0.4566073348671815,0.473388204999992,2048
combined,natural,2048,5,face_sparse_context,0.015683733114741916,0.1825472109999282,2048
combined,natural,2048,5,face_sparse_deliver,0.020227948266592133,0.020665845000166883,2048
combined,natural,2048,5,face_sparse_directory,0.056767947482415204,0.060698885999954655,2048
combined,natural,2048,5,face_sparse_match,0.17842092266650766,0.17907516499963094,2048
combined,natural,2048,5,face_sparse_total,0.2722921339091744,0.4396251659995869,2048
combined,natural,2048,5,local_volume_mesh,6.455686357897465,8.950907532000201,2048
combined,natural,2048,5,metis_partition,2.3102439397006806,2.3109739999999874,2048
combined,natural,2048,5,metis_seed,0.0008219441259766924,1.683341570000266,1
combined,natural,2048,5,part_face_create,0.0114643404145498,0.017238868000276852,2048
combined,natural,2048,5,partition_cost_balance,0.00011439815136715659,0.2342874139999367,1
combined,natural,2048,5,partition_cost_setup,0.0001863537797850423,0.38165254099976664,1
combined,natural,2048,5,partition_distribution,2.3089904367421923,2.310800735999692,2048
combined,natural,2048,5,submesh_initialization,0.0002291723881866492,0.02076048200024161,2048
combined,natural,2048,5,surface_refine,0.007780518500486222,0.009179526000025362,2048
combined,natural,2048,5,vertex_count_allgather,2.798270968180664,4.957678542999929,2048
combined,natural,2048,5,vertex_exchange,0.007167357208977654,0.029359536999891134,2048
combined,natural,2048,5,vertex_exchange_prepare,0.0002790834155299571,0.0009197110002787667,2048
combined,natural,2048,5,vertex_exchange_unpack,0.00615266110401036,0.019411963000038668,2048
combined,natural,2048,5,vertex_numbering_local,0.03847963668701149,0.07060449700020399,2048
combined,natural,2048,5,volume_exchange_pack,0.5149302494223598,0.880627242999708,2048
combined,natural,2048,5,volume_exchange_unpack,0.5551989159672799,0.9585118090003562,2048
combined,natural,2048,5,volume_payload_exchange,0.03857465775390656,0.07092845299985129,2048
combined,natural,2048,5,volume_payload_prepare,0.004760844603514114,0.030242450000059762,2048
combined,natural,2048,5,volume_refine,1.6085273130722644,2.2595141719998537,2048
combined,natural,2048,5,volume_size_exchange,0.36416623426025785,0.5977975850000803,2048
combined,split,2048,1,adjacency_build,0.00014560613037117864,0.00037584500000775733,2048
combined,split,2048,1,element_count_allgather,0.00041780115137046714,0.0037472460001026775,2048
combined,split,2048,1,element_count_pre_collective_wait,0.005127462776857494,0.006594054999823129,2048
combined,split,2048,1,face_local_extract,0.17334548900195468,0.18748101999995015,2048
combined,split,2048,1,face_map_setup,0.007982020983398619,0.010399491000043781,2048
combined,split,2048,1,face_pipeline_total,0.5007364123212903,0.5145550019999519,2048
combined,split,2048,1,face_sparse_context,0.03357721595263741,0.199441859999979,2048
combined,split,2048,1,face_sparse_deliver,0.020095760848142907,0.02026987699991878,2048
combined,split,2048,1,face_sparse_deliver_pre_collective_wait,0.013012884339840602,0.017507754999996905,2048
combined,split,2048,1,face_sparse_directory,0.05657145632079885,0.05679443799999717,2048
combined,split,2048,1,face_sparse_directory_pre_collective_wait,0.011699460620603896,0.05876930999988872,2048
combined,split,2048,1,face_sparse_match,0.17641905880664133,0.1879117270000279,2048
combined,split,2048,1,face_sparse_match_pre_collective_wait,0.003947676174804071,0.004279599999790662,2048
combined,split,2048,1,face_sparse_total,0.31633606117089863,0.48230592400000205,2048
combined,split,2048,1,local_volume_mesh,6.456983618822752,9.003356675000077,2048
combined,split,2048,1,metis_partition,2.352540363654784,2.3749430010000196,2048
combined,split,2048,1,metis_seed,0.0008274773188475804,1.6946735489998446,1
combined,split,2048,1,part_face_create,0.011455063010742395,0.013311582000142153,2048
combined,split,2048,1,partition_cost_balance,0.00011509411083987509,0.23571273900006418,1
combined,split,2048,1,partition_cost_setup,0.0001870794096678896,0.3831386309998379,1
combined,split,2048,1,partition_distribution,0.03385750713036928,0.056153445000063584,2048
combined,split,2048,1,partition_pre_collective_wait,2.3174171736279296,2.3201408779998474,2048
combined,split,2048,1,submesh_initialization,0.000228880795897779,0.011417526000059297,2048
combined,split,2048,1,surface_refine,0.007767818833006701,0.00941541700012749,2048
combined,split,2048,1,vertex_count_allgather,0.0013476260107410098,0.0030852620000132447,2048
combined,split,2048,1,vertex_count_pre_collective_wait,2.859473098595216,5.033404976999918,2048
combined,split,2048,1,vertex_exchange,0.007271205437985762,0.0287542889998349,2048
combined,split,2048,1,vertex_exchange_prepare,0.000280227721190518,0.0008993689998533227,2048
combined,split,2048,1,vertex_exchange_unpack,0.006155429189944273,0.019273002000090855,2048
combined,split,2048,1,vertex_numbering_local,0.03843684813916193,0.06889079600000514,2048
combined,split,2048,1,volume_exchange_pack,0.5146333590419916,0.8650562660000105,2048
combined,split,2048,1,volume_exchange_unpack,0.5552055580258787,0.9842304989999775,2048
combined,split,2048,1,volume_payload_exchange,0.038355467291507406,0.07006445799993344,2048
combined,split,2048,1,volume_payload_prepare,0.004775764017087458,0.011290997000060088,2048
combined,split,2048,1,volume_refine,1.6086863766831008,2.2679660379999405,2048
combined,split,2048,1,volume_size_exchange,0.0215388481352512,0.02213738000000376,2048
combined,split,2048,1,volume_size_exchange_pre_collective_wait,0.348813864231446,0.588101996999967,2048
combined,split,2048,2,adjacency_build,0.00014721642822679293,0.00040542500028095674,2048
combined,split,2048,2,element_count_allgather,0.0008146014448273675,0.0033614359999774024,2048
combined,split,2048,2,element_count_pre_collective_wait,0.0025704160288082534,0.003595427000163909,2048
combined,split,2048,2,face_local_extract,0.17335349839648684,0.21544214200002898,2048
combined,split,2048,2,face_map_setup,0.00798334642383236,0.03307453600018562,2048
combined,split,2048,2,face_pipeline_total,0.5721868712475651,0.5980427889999191,2048
combined,split,2048,2,face_sparse_context,0.06636782367578231,0.24239584799988734,2048
combined,split,2048,2,face_sparse_deliver,0.0166292090844693,0.018802640000103565,2048
combined,split,2048,2,face_sparse_deliver_pre_collective_wait,0.014348819828124526,0.019788220999998885,2048
combined,split,2048,2,face_sparse_directory,0.058654328703122705,0.06650346800006446,2048
combined,split,2048,2,face_sparse_directory_pre_collective_wait,0.01811249630028855,0.07153702899995551,2048
combined,split,2048,2,face_sparse_match,0.1929597335512634,0.2104138019999482,2048
combined,split,2048,2,face_sparse_match_pre_collective_wait,0.019793937287106766,0.02299819999961983,2048
combined,split,2048,2,face_sparse_total,0.3877881233369209,0.5640314249999392,2048
combined,split,2048,2,local_volume_mesh,6.455934699910643,9.04282642599992,2048
combined,split,2048,2,metis_partition,2.375677546665523,2.4085672280002655,2048
combined,split,2048,2,metis_seed,0.0008340271909179631,1.7080876869999884,1
combined,split,2048,2,part_face_create,0.011473922212397625,0.026991225000074337,2048
combined,split,2048,2,partition_cost_balance,0.00011558906884778786,0.23672641300026953,1
combined,split,2048,2,partition_cost_setup,0.00019032539990226915,0.38978641899984723,1
combined,split,2048,2,partition_distribution,0.03601119484130666,0.06891438899992863,2048
combined,split,2048,2,partition_pre_collective_wait,2.3383988973559537,2.3487754570001016,2048
combined,split,2048,2,submesh_initialization,0.00021514344482298497,0.001078672999938135,2048
combined,split,2048,2,surface_refine,0.00773354762060241,0.012369620999834297,2048
combined,split,2048,2,vertex_count_allgather,0.022020071889155668,0.02360463200011509,2048
combined,split,2048,2,vertex_count_pre_collective_wait,2.918883469468752,5.083062115999837,2048
combined,split,2048,2,vertex_exchange,0.007112160492193098,0.028694908000034047,2048
combined,split,2048,2,vertex_exchange_prepare,0.0002788119702141767,0.0009816920000957907,2048
combined,split,2048,2,vertex_exchange_unpack,0.006147262234853068,0.019359922999683477,2048
combined,split,2048,2,vertex_numbering_local,0.03829655548925981,0.07080084100016393,2048
combined,split,2048,2,volume_exchange_pack,0.5146708992270528,0.9007433920000949,2048
combined,split,2048,2,volume_exchange_unpack,0.5540957482006923,1.0033917069999916,2048
combined,split,2048,2,volume_payload_exchange,0.038320214620117365,0.06684629800020048,2048
combined,split,2048,2,volume_payload_prepare,0.004782369786620944,0.02740875000017695,2048
combined,split,2048,2,volume_refine,1.6092982167539045,2.2647149550002723,2048
combined,split,2048,2,volume_size_exchange,0.013782776903808358,0.014015695999660238,2048
combined,split,2048,2,volume_size_exchange_pre_collective_wait,0.3918373659077137,0.6314321259997087,2048
combined,split,2048,3,adjacency_build,0.0001453709877932141,0.0004120049998164177,2048
combined,split,2048,3,element_count_allgather,0.0004402667099672186,0.003946188000099937,2048
combined,split,2048,3,element_count_pre_collective_wait,0.002504609468264807,0.0036226239999450627,2048
combined,split,2048,3,face_local_extract,0.17335867836962482,0.18656690499983597,2048
combined,split,2048,3,face_map_setup,0.00798466606054471,0.010545325999828492,2048
combined,split,2048,3,face_pipeline_total,0.46073904174511715,0.4631085159999202,2048
combined,split,2048,3,face_sparse_context,0.01555072879491659,0.18269789800024228,2048
combined,split,2048,3,face_sparse_deliver,0.02019564102735094,0.02051281099966218,2048
combined,split,2048,3,face_sparse_deliver_pre_collective_wait,0.0005783732729409685,0.003937354999834497,2048
combined,split,2048,3,face_sparse_directory,0.0568835609267595,0.05697134799993364,2048
combined,split,2048,3,face_sparse_directory_pre_collective_wait,0.001328155791023855,0.0015052400003696675,2048
combined,split,2048,3,face_sparse_match,0.1767782394257833,0.17699437100009163,2048
combined,split,2048,3,face_sparse_match_pre_collective_wait,0.003985192312010888,0.0048738000000412285,2048
combined,split,2048,3,face_sparse_total,0.2763010624741249,0.4436285920000955,2048
combined,split,2048,3,local_volume_mesh,6.457740172359861,9.114358493000054,2048
combined,split,2048,3,metis_partition,2.3113359092207024,2.3120784560001084,2048
combined,split,2048,3,metis_seed,0.0008200324057618946,1.6794263670003602,1
combined,split,2048,3,part_face_create,0.011467722283212689,0.015226217999952496,2048
combined,split,2048,3,partition_cost_balance,0.00011639920654316072,0.23838557500039315,1
combined,split,2048,3,partition_cost_setup,0.00018679427880852195,0.38255468299985296,1
combined,split,2048,3,partition_distribution,0.005777064349612893,0.00642457200001445,2048
combined,split,2048,3,partition_pre_collective_wait,2.3042996821938484,2.305689617999633,2048
combined,split,2048,3,submesh_initialization,0.00022769745312989365,0.02011376600012227,2048
combined,split,2048,3,surface_refine,0.007777536799316254,0.01058679800007667,2048
combined,split,2048,3,vertex_count_allgather,0.001615823142089745,0.0032081119998110808,2048
combined,split,2048,3,vertex_count_pre_collective_wait,2.9485368403344743,5.008767488000103,2048
combined,split,2048,3,vertex_exchange,0.007099929067875932,0.02934989899995344,2048
combined,split,2048,3,vertex_exchange_prepare,0.000281042541504295,0.0010075710001729021,2048
combined,split,2048,3,vertex_exchange_unpack,0.006193118851072654,0.019733039000129793,2048
combined,split,2048,3,vertex_numbering_local,0.03831175096631201,0.07097868299979382,2048
combined,split,2048,3,volume_exchange_pack,0.5154749590839811,0.9341853409996475,2048
combined,split,2048,3,volume_exchange_unpack,0.5538675783798841,1.0091995220000172,2048
combined,split,2048,3,volume_payload_exchange,0.038324355896973916,0.06378437000012127,2048
combined,split,2048,3,volume_payload_prepare,0.004763620465329854,0.03030064400036281,2048
combined,split,2048,3,volume_refine,1.6099366168051825,2.2833052490000227,2048
combined,split,2048,3,volume_size_exchange,0.033576531352051964,0.036350609000237455,2048
combined,split,2048,3,volume_size_exchange_pre_collective_wait,0.43429348261426326,0.6634395340001902,2048
combined,split,2048,4,adjacency_build,0.00014679912061210665,0.00038810600017313845,2048
combined,split,2048,4,element_count_allgather,0.0011589319291986921,0.003490679000151431,2048
combined,split,2048,4,element_count_pre_collective_wait,0.002890773893064136,0.003930969000066398,2048
combined,split,2048,4,face_local_extract,0.17347535008691062,0.21119231400007266,2048
combined,split,2048,4,face_map_setup,0.0080354792529298,0.010341477000110899,2048
combined,split,2048,4,face_pipeline_total,0.5408779458974655,0.542150615999617,2048
combined,split,2048,4,face_sparse_context,0.038933391554689,0.203253985000174,2048
combined,split,2048,4,face_sparse_deliver,0.01993426599561321,0.02005106699971293,2048
combined,split,2048,4,face_sparse_deliver_pre_collective_wait,0.003570771142574536,0.006717271000070468,2048
combined,split,2048,4,face_sparse_directory,0.06303578079784722,0.06652308900038406,2048
combined,split,2048,4,face_sparse_directory_pre_collective_wait,0.010771485844242923,0.0496717890000582,2048
combined,split,2048,4,face_sparse_match,0.17604459222851543,0.18672621699988667,2048
combined,split,2048,4,face_sparse_match_pre_collective_wait,0.043029068802738824,0.043565295999997034,2048
combined,split,2048,4,face_sparse_total,0.3563105596108458,0.521310325000286,2048
combined,split,2048,4,local_volume_mesh,6.457898543701662,9.085921488000167,2048
combined,split,2048,4,metis_partition,2.3141099588979466,2.3152108290000797,2048
combined,split,2048,4,metis_seed,0.0008321553452148578,1.7042541470000288,1
combined,split,2048,4,part_face_create,0.011444814416990523,0.012918116000037116,2048
combined,split,2048,4,partition_cost_balance,0.00011146284912100235,0.2282759149998128,1
combined,split,2048,4,partition_cost_setup,0.00018100536914067433,0.37069899600010103,1
combined,split,2048,4,partition_distribution,0.006113889597159972,0.007079856000018481,2048
combined,split,2048,4,partition_pre_collective_wait,2.306713193415526,2.308206023999901,2048
combined,split,2048,4,submesh_initialization,0.0002755594604446632,0.021453853999901185,2048
combined,split,2048,4,surface_refine,0.0077998910488357165,0.009177635000014561,2048
combined,split,2048,4,vertex_count_allgather,0.017238453627927752,0.01971059100014827,2048
combined,split,2048,4,vertex_count_pre_collective_wait,2.9418104028276426,5.0225182560002395,2048
combined,split,2048,4,vertex_exchange,0.007267602754398306,0.028550534999794763,2048
combined,split,2048,4,vertex_exchange_prepare,0.00028043007861344726,0.0010665350000635954,2048
combined,split,2048,4,vertex_exchange_unpack,0.006155962059076758,0.0231416779997744,2048
combined,split,2048,4,vertex_numbering_local,0.0382085455673824,0.06935861900001328,2048
combined,split,2048,4,volume_exchange_pack,0.5142516715424799,0.858974273000058,2048
combined,split,2048,4,volume_exchange_unpack,0.5539038412812509,1.024439811999855,2048
combined,split,2048,4,volume_payload_exchange,0.03812299570116595,0.05857413300009284,2048
combined,split,2048,4,volume_payload_prepare,0.004759057632810926,0.01010804499992446,2048
combined,split,2048,4,volume_refine,1.6108056059072315,2.297922648000167,2048
combined,split,2048,4,volume_size_exchange,0.02337452119579586,0.023601383000368514,2048
combined,split,2048,4,volume_size_exchange_pre_collective_wait,0.34924494450390475,0.5831030270001065,2048
combined,split,2048,5,adjacency_build,0.0001461732119092396,0.00036642500026573543,2048
combined,split,2048,5,element_count_allgather,0.006372856103519231,0.02419083099994168,2048
combined,split,2048,5,element_count_pre_collective_wait,0.009071274593254408,0.010178613999869413,2048
combined,split,2048,5,face_local_extract,0.1733360180986323,0.2124717380002039,2048
combined,split,2048,5,face_map_setup,0.008017633519046496,0.010322476000055758,2048
combined,split,2048,5,face_pipeline_total,0.5480234409990259,0.5739849030001096,2048
combined,split,2048,5,face_sparse_context,0.040324371923340374,0.20497312700035764,2048
combined,split,2048,5,face_sparse_deliver,0.02139143243847541,0.030112102999737544,2048
combined,split,2048,5,face_sparse_deliver_pre_collective_wait,0.021449901046873388,0.02380505799965249,2048
combined,split,2048,5,face_sparse_directory,0.056400610711434984,0.056587291000141704,2048
combined,split,2048,5,face_sparse_directory_pre_collective_wait,0.022791305845704102,0.05648365400020339,2048
combined,split,2048,5,face_sparse_match,0.17633158047363828,0.1989386509999349,2048
combined,split,2048,5,face_sparse_match_pre_collective_wait,0.023899600325687276,0.02430499999991298,2048
combined,split,2048,5,face_sparse_total,0.363658746433591,0.5272418630001994,2048
combined,split,2048,5,local_volume_mesh,6.4582278921533165,9.160702936999769,2048
combined,split,2048,5,metis_partition,2.3120682674882787,2.3132281849998435,2048
combined,split,2048,5,metis_seed,0.0008235909741209912,1.68671431499979,1
combined,split,2048,5,part_face_create,0.011490703469238639,0.014057831000172882,2048
combined,split,2048,5,partition_cost_balance,0.00011334555957032144,0.2321317060000183,1
combined,split,2048,5,partition_cost_setup,0.00018644595800787478,0.38184132200012755,1
combined,split,2048,5,partition_distribution,0.006399025086428756,0.007372541000222554,2048
combined,split,2048,5,partition_pre_collective_wait,2.3044128932373047,2.3061838789999456,2048
combined,split,2048,5,submesh_initialization,0.00021292551562424045,0.010241263000352774,2048
combined,split,2048,5,surface_refine,0.0074786596464822,0.011956967000060104,2048
combined,split,2048,5,vertex_count_allgather,0.022321409594733055,0.03118394900002386,2048
combined,split,2048,5,vertex_count_pre_collective_wait,3.018109258590825,5.362603874999877,2048
combined,split,2048,5,vertex_exchange,0.020524385352052255,0.05182156900036716,2048
combined,split,2048,5,vertex_exchange_prepare,0.00025035224707203874,0.0009105730000555923,2048
combined,split,2048,5,vertex_exchange_unpack,0.006144832646487686,0.020420798000031937,2048
combined,split,2048,5,vertex_numbering_local,0.03833271085986345,0.06989606199977061,2048
combined,split,2048,5,volume_exchange_pack,0.514707937844731,0.8385777180001242,2048
combined,split,2048,5,volume_exchange_unpack,0.5544384841386789,1.0200802949998433,2048
combined,split,2048,5,volume_payload_exchange,0.03834587357958075,0.06568232599965995,2048
combined,split,2048,5,volume_payload_prepare,0.004756779054202687,0.012147603999892453,2048
combined,split,2048,5,volume_refine,1.6067413446923833,2.290007659999901,2048
combined,split,2048,5,volume_size_exchange,0.021887509505852165,0.024515971999790054,2048
combined,split,2048,5,volume_size_exchange_pre_collective_wait,0.3229525199604453,0.5561732359997222,2048
sparse,natural,2048,1,adjacency_build,0.00013637273047073517,0.0003944649999993999,2048
sparse,natural,2048,1,element_count_allgather,0.0015842448486335092,0.0025188310000885394,2048
sparse,natural,2048,1,face_local_extract,0.17349692109179637,0.1878290790000392,2048
sparse,natural,2048,1,face_map_setup,0.007953754493653764,0.010248184000147376,2048
sparse,natural,2048,1,face_pipeline_total,0.4585017457216751,0.4602532130002146,2048
sparse,natural,2048,1,face_sparse_context,0.015552639729491724,0.18149958399999377,2048
sparse,natural,2048,1,face_sparse_deliver,0.016818107218259826,0.017225579999831098,2048
sparse,natural,2048,1,face_sparse_directory,0.05670746277099625,0.05698076899989246,2048
sparse,natural,2048,1,face_sparse_match,0.18371893283886365,0.18457148800007417,2048
sparse,natural,2048,1,face_sparse_total,0.27393808267285413,0.440235211000072,2048
sparse,natural,2048,1,local_volume_mesh,6.4491495654599635,8.852818944999854,2048
sparse,natural,2048,1,metis_partition,2.1074332200498027,2.1091772390000187,2048
sparse,natural,2048,1,metis_seed,0.0008215416220703764,1.6825172420001309,1
sparse,natural,2048,1,part_face_create,0.011439795009768217,0.015101795999953538,2048
sparse,natural,2048,1,partition_cost_balance,1.4858077636792366e-05,0.030429343000150766,1
sparse,natural,2048,1,partition_cost_setup,0.00018857053417964398,0.38619245399991087,1
sparse,natural,2048,1,partition_distribution,2.106296369780761,2.109083099000145,2048
sparse,natural,2048,1,submesh_initialization,0.00021636027294946736,0.001234615999919697,2048
sparse,natural,2048,1,surface_refine,0.007687666784670699,0.011295224999912534,2048
sparse,natural,2048,1,vertex_count_allgather,2.391456601214847,5.067749880000065,2048
sparse,natural,2048,1,vertex_exchange,0.006861765466308123,0.019084593000116,2048
sparse,natural,2048,1,vertex_exchange_prepare,0.00027391756348027485,0.0009544340000502416,2048
sparse,natural,2048,1,vertex_exchange_unpack,0.0058640635805656816,0.0274692169998616,2048
sparse,natural,2048,1,vertex_numbering_local,0.037244325943847856,0.07272423300014452,2048
sparse,natural,2048,1,volume_exchange_pack,0.5020719213437478,0.9005214480000632,2048
sparse,natural,2048,1,volume_exchange_unpack,0.5391924229223638,0.8886582049999561,2048
sparse,natural,2048,1,volume_payload_exchange,0.03656842553027284,0.07162460300014573,2048
sparse,natural,2048,1,volume_payload_prepare,0.004612708270018362,0.027780503000030876,2048
sparse,natural,2048,1,volume_refine,1.5931079558383803,2.178801906999979,2048
sparse,natural,2048,1,volume_size_exchange,0.40023263530029163,0.6145358520000173,2048
sparse,natural,2048,2,adjacency_build,0.0001356786777321206,0.0003663459999643237,2048
sparse,natural,2048,2,element_count_allgather,0.0016631273525412604,0.0042897480000192445,2048
sparse,natural,2048,2,face_local_extract,0.17326861784814618,0.19511260900003435,2048
sparse,natural,2048,2,face_map_setup,0.007959360756346956,0.0289355020001949,2048
sparse,natural,2048,2,face_pipeline_total,0.5191314098603549,0.5255115610000303,2048
sparse,natural,2048,2,face_sparse_context,0.0798140768710931,0.24828644600006555,2048
sparse,natural,2048,2,face_sparse_deliver,0.014713950840820833,0.015132736000168734,2048
sparse,natural,2048,2,face_sparse_directory,0.055619623801758,0.05583805899982508,2048
sparse,natural,2048,2,face_sparse_match,0.18352390038916344,0.18550906100017528,2048
sparse,natural,2048,2,face_sparse_total,0.33481385866894986,0.5047478600001796,2048
sparse,natural,2048,2,local_volume_mesh,6.450185045054688,8.778026679999812,2048
sparse,natural,2048,2,metis_partition,2.1129487267846683,2.1475748319999184,2048
sparse,natural,2048,2,metis_seed,0.0008227486923828575,1.6849893220000922,1
sparse,natural,2048,2,part_face_create,0.011431535637692725,0.012772863999998663,2048
sparse,natural,2048,2,partition_cost_balance,1.4236409179746445e-05,0.02915616600012072,1
sparse,natural,2048,2,partition_cost_setup,0.00018819064501951477,0.38541444099996625,1
sparse,natural,2048,2,partition_distribution,2.111792165918458,2.1474841510000715,2048
sparse,natural,2048,2,submesh_initialization,0.00024569500439319825,0.01949847400010185,2048
sparse,natural,2048,2,surface_refine,0.007688033364745106,0.009977488999993511,2048
sparse,natural,2048,2,vertex_count_allgather,2.3568160718125006,5.159622707999915,2048
sparse,natural,2048,2,vertex_exchange,0.006780208850585279,0.019065415000113717,2048
sparse,natural,2048,2,vertex_exchange_prepare,0.0002761251059562042,0.0009708739999041427,2048
sparse,natural,2048,2,vertex_exchange_unpack,0.0058586209511712894,0.01799958200012952,2048
sparse,natural,2048,2,vertex_numbering_local,0.037106819604981967,0.07363201099997241,2048
sparse,natural,2048,2,volume_exchange_pack,0.5020297707612299,0.8050263279999399,2048
sparse,natural,2048,2,volume_exchange_unpack,0.5401977815332044,0.8763172440001199,2048
sparse,natural,2048,2,volume_payload_exchange,0.03651776675244367,0.06171759300013946,2048
sparse,natural,2048,2,volume_payload_prepare,0.004593675416503795,0.01682226000002629,2048
sparse,natural,2048,2,volume_refine,1.5921311948002965,2.1848596400000133,2048
sparse,natural,2048,2,volume_size_exchange,0.30623898620898327,0.5036084779999328,2048
sparse,natural,2048,3,adjacency_build,0.00013442769531635257,0.0003568439997252426,2048
sparse,natural,2048,3,element_count_allgather,0.005520726300294099,0.006480019999798969,2048
sparse,natural,2048,3,face_local_extract,0.17323445678222837,0.18581668500019077,2048
sparse,natural,2048,3,face_map_setup,0.007931495045897963,0.009523111000362405,2048
sparse,natural,2048,3,face_pipeline_total,0.4623675616997063,0.4733076039997286,2048
sparse,natural,2048,3,face_sparse_context,0.021164337043947157,0.1871660769998016,2048
sparse,natural,2048,3,face_sparse_deliver,0.016025100521487756,0.0174990649998108,2048
sparse,natural,2048,3,face_sparse_directory,0.056106534180176304,0.056367655000030936,2048
sparse,natural,2048,3,face_sparse_match,0.18362524252587553,0.18421896200015908,2048
sparse,natural,2048,3,face_sparse_total,0.27808263077685536,0.44425262000004295,2048
sparse,natural,2048,3,local_volume_mesh,6.448739040324713,8.754370936000214,2048
sparse,natural,2048,3,metis_partition,2.1204762948564473,2.128167455000039,2048
sparse,natural,2048,3,metis_seed,0.0008287242788087568,1.6972273230003339,1
sparse,natural,2048,3,part_face_create,0.011440190898924119,0.015223273000174231,2048
sparse,natural,2048,3,partition_cost_balance,1.4864552245974494e-05,0.030442602999755763,1
sparse,natural,2048,3,partition_cost_setup,0.00018804716650389075,0.38512059699996826,1
sparse,natural,2048,3,partition_distribution,2.1193055148046915,2.1280509739999616,2048
sparse,natural,2048,3,submesh_initialization,0.0002268208525468829,0.020799891000024218,2048
sparse,natural,2048,3,surface_refine,0.007679896458496982,0.00885640600017723,2048
sparse,natural,2048,3,vertex_count_allgather,2.3117526605395504,4.975919103999786,2048
sparse,natural,2048,3,vertex_exchange,0.0067669542485293555,0.01873557199996867,2048
sparse,natural,2048,3,vertex_exchange_prepare,0.00027492831738196166,0.000836527999581449,2048
sparse,natural,2048,3,vertex_exchange_unpack,0.005865284509767532,0.017835819000083575,2048
sparse,natural,2048,3,vertex_numbering_local,0.03704673116064594,0.08271009400004914,2048
sparse,natural,2048,3,volume_exchange_pack,0.5012415502812522,0.9746342680000453,2048
sparse,natural,2048,3,volume_exchange_unpack,0.5388900752475594,0.9973782840002059,2048
sparse,natural,2048,3,volume_payload_exchange,0.036547264494148246,0.07299704800016116,2048
sparse,natural,2048,3,volume_payload_prepare,0.004595823694821144,0.02297435199989195,2048
sparse,natural,2048,3,volume_refine,1.5931036573164061,2.201806246999695,2048
sparse,natural,2048,3,volume_size_exchange,0.473201029017575,0.7132042400003229,2048
sparse,natural,2048,4,adjacency_build,0.00013461822997884454,0.002039807000073779,2048
sparse,natural,2048,4,element_count_allgather,0.002148308850094427,0.004249372000231233,2048
sparse,natural,2048,4,face_local_extract,0.173268453203127,0.19491191799988883,2048
sparse,natural,2048,4,face_map_setup,0.007924459491694957,0.010203443000136758,2048
sparse,natural,2048,4,face_pipeline_total,0.4941708997983445,0.49668039700009103,2048
sparse,natural,2048,4,face_sparse_context,0.024066502165528414,0.18719611699998495,2048
sparse,natural,2048,4,face_sparse_deliver,0.02438607590234887,0.024810354999772244,2048
sparse,natural,2048,4,face_sparse_directory,0.05602604822997703,0.05628952899996875,2048
sparse,natural,2048,4,face_sparse_match,0.20424516189599884,0.23312085299994578,2048
sparse,natural,2048,4,face_sparse_total,0.3098632224277318,0.47432725799990294,2048
sparse,natural,2048,4,local_volume_mesh,6.450676903889644,8.835206267000103,2048
sparse,natural,2048,4,metis_partition,2.1230484347001974,2.124455646000115,2048
sparse,natural,2048,4,metis_seed,0.0008307116982422258,1.7012975580000784,1
sparse,natural,2048,4,part_face_create,0.01144905413574171,0.015400342000248202,2048
sparse,natural,2048,4,partition_cost_balance,1.4201916503697731e-05,0.029085524999572954,1
sparse,natural,2048,4,partition_cost_setup,0.00018819313525408887,0.385419541000374,1
sparse,natural,2048,4,partition_distribution,2.1218873390912996,2.1243218839999827,2048
sparse,natural,2048,4,submesh_initialization,0.00023390551416224703,0.016245802999947045,2048
sparse,natural,2048,4,surface_refine,0.007671038700686861,0.010894193000240193,2048
sparse,natural,2048,4,vertex_count_allgather,2.415802590179199,5.178206952999972,2048
sparse,natural,2048,4,vertex_exchange,0.006862299383787462,0.01958897899976364,2048
sparse,natural,2048,4,vertex_exchange_prepare,0.0002817414433586851,0.0009142509998127935,2048
sparse,natural,2048,4,vertex_exchange_unpack,0.005884315581536459,0.017863600000055158,2048
sparse,natural,2048,4,vertex_numbering_local,0.037145806205559184,0.0835847210000793,2048
sparse,natural,2048,4,volume_exchange_pack,0.5027519753671894,0.8363349430001108,2048
sparse,natural,2048,4,volume_exchange_unpack,0.5395574646655292,0.9071541540001817,2048
sparse,natural,2048,4,volume_payload_exchange,0.03639252295312656,0.05727518499998041,2048
sparse,natural,2048,4,volume_payload_prepare,0.00460602962207135,0.011033782999675168,2048
sparse,natural,2048,4,volume_refine,1.5937216225693425,2.168903064999995,2048
sparse,natural,2048,4,volume_size_exchange,0.3378102184614262,0.5543815089999953,2048
sparse,natural,2048,5,adjacency_build,0.00013587156152672364,0.0018685009999899194,2048
sparse,natural,2048,5,element_count_allgather,0.00188035237988049,0.002775835000193183,2048
sparse,natural,2048,5,face_local_extract,0.1731907911918984,0.19029193899996244,2048
sparse,natural,2048,5,face_map_setup,0.007932719450687076,0.010191255000336241,2048
sparse,natural,2048,5,face_pipeline_total,0.45876668304198964,0.461250451000069,2048
sparse,natural,2048,5,face_sparse_context,0.017826125759271783,0.18497888299998522,2048
sparse,natural,2048,5,face_sparse_deliver,0.014387670760255933,0.01566531499975099,2048
sparse,natural,2048,5,face_sparse_directory,0.057222703464840485,0.061893970999790326,2048
sparse,natural,2048,5,face_sparse_match,0.18399396583643135,0.18475237999973615,2048
sparse,natural,2048,5,face_sparse_total,0.27451275649609475,0.44215365899981407,2048
sparse,natural,2048,5,local_volume_mesh,6.448741317077635,8.819822966000174,2048
sparse,natural,2048,5,metis_partition,2.112440039208499,2.1138794160001453,2048
sparse,natural,2048,5,metis_seed,0.000828577534179642,1.6969267899999068,1
sparse,natural,2048,5,part_face_create,0.011467130936036574,0.015393152999877202,2048
sparse,natural,2048,5,partition_cost_balance,1.482979589861877e-05,0.03037142200037124,1
sparse,natural,2048,5,partition_cost_setup,0.00018364778662105508,0.3761106669999208,1
sparse,natural,2048,5,partition_distribution,2.111301825780768,2.11378431500043,2048
sparse,natural,2048,5,submesh_initialization,0.00031031475195830716,0.01841362699997262,2048
sparse,natural,2048,5,surface_refine,0.007664412816895894,0.010259299000153987,2048
sparse,natural,2048,5,vertex_count_allgather,2.406185256897465,5.123892611999963,2048
sparse,natural,2048,5,vertex_exchange,0.006852274749025389,0.01839002700035053,2048
sparse,natural,2048,5,vertex_exchange_prepare,0.0002732745546942805,0.000911930999791366,2048
sparse,natural,2048,5,vertex_exchange_unpack,0.005820406667481848,0.017820338999626983,2048
sparse,natural,2048,5,vertex_numbering_local,0.037108152565919594,0.06775901199989676,2048
sparse,natural,2048,5,volume_exchange_pack,0.5011789637089912,0.8118151489998127,2048
sparse,natural,2048,5,volume_exchange_unpack,0.5392368638354434,0.9169725169999765,2048
sparse,natural,2048,5,volume_payload_exchange,0.036359665262203134,0.056410670000332175,2048
sparse,natural,2048,5,volume_payload_prepare,0.004588106291500527,0.010938421999981074,2048
sparse,natural,2048,5,volume_refine,1.593875426074706,2.21326776900014,2048
sparse,natural,2048,5,volume_size_exchange,0.3104720361044879,0.5253968779998104,2048
sparse,split,2048,1,adjacency_build,0.00013794598827709947,0.0003848439998819231,2048
sparse,split,2048,1,element_count_allgather,0.0009573372036110195,0.004862761000140381,2048
sparse,split,2048,1,element_count_pre_collective_wait,0.003386572029783652,0.004467272000056255,2048
sparse,split,2048,1,face_local_extract,0.1733307778344727,0.18597356800000853,2048
sparse,split,2048,1,face_map_setup,0.007961092607421838,0.010290496999914467,2048
sparse,split,2048,1,face_pipeline_total,0.52821687011914,0.5441234349998467,2048
sparse,split,2048,1,face_sparse_context,0.07038070921972928,0.23836557399999947,2048
sparse,split,2048,1,face_sparse_deliver,0.015078839148437773,0.015139964000127293,2048
sparse,split,2048,1,face_sparse_deliver_pre_collective_wait,0.0095814746723617,0.012499675999833926,2048
sparse,split,2048,1,face_sparse_directory,0.06476568535400606,0.0742206330000954,2048
sparse,split,2048,1,face_sparse_directory_pre_collective_wait,0.0012976498579101436,0.001462718000084351,2048
sparse,split,2048,1,face_sparse_match,0.17777604492333976,0.17800582399991072,2048
sparse,split,2048,1,face_sparse_match_pre_collective_wait,0.004048381754884756,0.004518019999977696,2048
sparse,split,2048,1,face_sparse_total,0.34383312638281216,0.5119669769999291,2048
sparse,split,2048,1,local_volume_mesh,6.450714809461915,8.795165728000029,2048
sparse,split,2048,1,metis_partition,2.1131033449350567,2.172695678000082,2048
sparse,split,2048,1,metis_seed,0.0008156421528320301,1.6704351289999977,1
sparse,split,2048,1,part_face_create,0.011449044131350394,0.015104188000123031,2048
sparse,split,2048,1,partition_cost_balance,1.5125541992233593e-05,0.0309771100000944,1
sparse,split,2048,1,partition_cost_setup,0.00018753060742182637,0.3840626839999004,1
sparse,split,2048,1,partition_distribution,0.025890431398924885,0.08541193199994268,2048
sparse,split,2048,1,partition_pre_collective_wait,2.086070293183596,2.087639346999822,2048
sparse,split,2048,1,submesh_initialization,0.00021546279882855845,0.0006398670000180573,2048
sparse,split,2048,1,surface_refine,0.00765368628515517,0.009110345999943092,2048
sparse,split,2048,1,vertex_count_allgather,0.0008701321943369589,0.003989089000015156,2048
sparse,split,2048,1,vertex_count_pre_collective_wait,2.3779717336245145,5.1066394930001024,2048
sparse,split,2048,1,vertex_exchange,0.006881423539550902,0.020640174999925875,2048
sparse,split,2048,1,vertex_exchange_prepare,0.0002764846894550699,0.0008464089999051794,2048
sparse,split,2048,1,vertex_exchange_unpack,0.005851034672365696,0.02271440899994559,2048
sparse,split,2048,1,vertex_numbering_local,0.03716156740624832,0.07053259100007381,2048
sparse,split,2048,1,volume_exchange_pack,0.5016384544638686,0.8441140479999376,2048
sparse,split,2048,1,volume_exchange_unpack,0.5386499170541968,0.9331370429999879,2048
sparse,split,2048,1,volume_payload_exchange,0.03646930139013971,0.0664248589998806,2048
sparse,split,2048,1,volume_payload_prepare,0.004611847588869233,0.010945020999997723,2048
sparse,split,2048,1,volume_refine,1.5933544341450205,2.2132079959999373,2048
sparse,split,2048,1,volume_size_exchange,0.023502391371577724,0.024080464999997275,2048
sparse,split,2048,1,volume_size_exchange_pre_collective_wait,0.3464120318378896,0.5416228080000565,2048
sparse,split,2048,2,adjacency_build,0.00013639393944764322,0.0004051850000905688,2048
sparse,split,2048,2,element_count_allgather,0.007028369005861235,0.013807880000058503,2048
sparse,split,2048,2,element_count_pre_collective_wait,0.004219418848634637,0.0051838340000358585,2048
sparse,split,2048,2,face_local_extract,0.17335485657128413,0.21408711300000505,2048
sparse,split,2048,2,face_map_setup,0.007969352117188189,0.010220630999810965,2048
sparse,split,2048,2,face_pipeline_total,0.5399347751542982,0.567845731000034,2048
sparse,split,2048,2,face_sparse_context,0.042009708528808254,0.2076430279998931,2048
sparse,split,2048,2,face_sparse_deliver,0.025499114115724808,0.04949788299973079,2048
sparse,split,2048,2,face_sparse_deliver_pre_collective_wait,0.019625239375488546,0.02382933499984574,2048
sparse,split,2048,2,face_sparse_directory,0.05716121489013526,0.06590473200003544,2048
sparse,split,2048,2,face_sparse_directory_pre_collective_wait,0.020556001463866158,0.055489050000232965,2048
sparse,split,2048,2,face_sparse_match,0.17768193867382087,0.19809446999988722,2048
sparse,split,2048,2,face_sparse_match_pre_collective_wait,0.011902509086430202,0.012345864000053552,2048
sparse,split,2048,2,face_sparse_total,0.3554899927470667,0.5211701980001635,2048
sparse,split,2048,2,local_volume_mesh,6.450194487853028,8.800079952000033,2048
sparse,split,2048,2,metis_partition,2.0844001813613326,2.085630984999625,2048
sparse,split,2048,2,metis_seed,0.000814092347168005,1.6672611270000743,1
sparse,split,2048,2,part_face_create,0.01145060826855615,0.015324536999742122,2048
sparse,split,2048,2,partition_cost_balance,1.4769589843810493e-05,0.03024812000012389,1
sparse,split,2048,2,partition_cost_setup,0.00018513148339849295,0.37914927800011355,1
sparse,split,2048,2,partition_distribution,0.006245923105955287,0.007268475000273611,2048
sparse,split,2048,2,partition_pre_collective_wait,2.0769725252900404,2.079852546999973,2048
sparse,split,2048,2,submesh_initialization,0.0002428584858304994,0.02124411599970699,2048
sparse,split,2048,2,surface_refine,0.007744766232913314,0.01997554299987314,2048
sparse,split,2048,2,vertex_count_allgather,0.02065892268896441,0.02472738999995272,2048
sparse,split,2048,2,vertex_count_pre_collective_wait,2.3554328216635714,5.212633246999758,2048
sparse,split,2048,2,vertex_exchange,0.011906149145508804,0.029739255999629677,2048
sparse,split,2048,2,vertex_exchange_prepare,0.00022857629443406857,0.001738504000059038,2048
sparse,split,2048,2,vertex_exchange_unpack,0.0058751647783210625,0.018344235999848024,2048
sparse,split,2048,2,vertex_numbering_local,0.0370160798789021,0.06794232999982341,2048
sparse,split,2048,2,volume_exchange_pack,0.501822374733399,0.7557557670002097,2048
sparse,split,2048,2,volume_exchange_unpack,0.5394497231655242,0.9129238540003826,2048
sparse,split,2048,2,volume_payload_exchange,0.03646219770947101,0.06507427499991536,2048
sparse,split,2048,2,volume_payload_prepare,0.004600104326178744,0.010506373000225722,2048
sparse,split,2048,2,volume_refine,1.593152183949704,2.2040966169997773,2048
sparse,split,2048,2,volume_size_exchange,0.00900099938183252,0.00927412800001548,2048
sparse,split,2048,2,volume_size_exchange_pre_collective_wait,0.25137338804932097,0.48214423100034765,2048
sparse,split,2048,3,adjacency_build,0.00013651358936117575,0.00041696499965837575,2048
sparse,split,2048,3,element_count_allgather,0.004622559605960586,0.017551353000271774,2048
sparse,split,2048,3,element_count_pre_collective_wait,0.005141594476556266,0.006382780999956594,2048
sparse,split,2048,3,face_local_extract,0.17330925333935654,0.18615379999982906,2048
sparse,split,2048,3,face_map_setup,0.007947160717280077,0.010729885000273498,2048
sparse,split,2048,3,face_pipeline_total,0.4645014166533197,0.4702186130002701,2048
sparse,split,2048,3,face_sparse_context,0.01888030765380022,0.18757420299971272,2048
sparse,split,2048,3,face_sparse_deliver,0.020482721350588484,0.020554839999931573,2048
sparse,split,2048,3,face_sparse_deliver_pre_collective_wait,0.0005122442739267097,0.003045771999950375,2048
sparse,split,2048,3,face_sparse_directory,0.05623647950195365,0.05701761400041505,2048
sparse,split,2048,3,face_sparse_directory_pre_collective_wait,0.0020026923178677603,0.04221575000019584,2048
sparse,split,2048,3,face_sparse_match,0.17753496117187928,0.17819747600015035,2048
sparse,split,2048,3,face_sparse_match_pre_collective_wait,0.00348401790673436,0.003931951999675221,2048
sparse,split,2048,3,face_sparse_total,0.2801667804819368,0.44923644599975887,2048
sparse,split,2048,3,local_volume_mesh,6.448924863183107,8.817669345000013,2048
sparse,split,2048,3,metis_partition,2.135049194110843,2.1396300350002093,2048
sparse,split,2048,3,metis_seed,0.0008339601879883141,1.7079504650000672,1
sparse,split,2048,3,part_face_create,0.011435543504396017,0.01281027200002427,2048
sparse,split,2048,3,partition_cost_balance,1.4141505371156882e-05,0.028961803000129294,1
sparse,split,2048,3,partition_cost_setup,0.00018508723486321266,0.3790586569998595,1
sparse,split,2048,3,partition_distribution,0.016788682396483567,0.021259236999867426,2048
sparse,split,2048,3,partition_pre_collective_wait,2.11709971444482,2.1192327889998523,2048
sparse,split,2048,3,submesh_initialization,0.0002152642250941028,0.010947671999929298,2048
sparse,split,2048,3,surface_refine,0.007672750250489635,0.009773984999810637,2048
sparse,split,2048,3,vertex_count_allgather,0.0009676544360321948,0.0034331420001763036,2048
sparse,split,2048,3,vertex_count_pre_collective_wait,2.341606634406739,5.198064674999841,2048
sparse,split,2048,3,vertex_exchange,0.014947676662602216,0.02679678699996657,2048
sparse,split,2048,3,vertex_exchange_prepare,0.0002409605219704236,0.0008431329997620196,2048
sparse,split,2048,3,vertex_exchange_unpack,0.005879127683598995,0.01911556400000336,2048
sparse,split,2048,3,vertex_numbering_local,0.03722451476513933,0.07002664000037839,2048
sparse,split,2048,3,volume_exchange_pack,0.5021408314042926,0.8234673609999845,2048
sparse,split,2048,3,volume_exchange_unpack,0.5391600465097737,0.8801041550000264,2048
sparse,split,2048,3,volume_payload_exchange,0.03657256248584417,0.07119312800023181,2048
sparse,split,2048,3,volume_payload_prepare,0.004616389321775216,0.030722301000423613,2048
sparse,split,2048,3,volume_refine,1.593148906653808,2.171097232000193,2048
sparse,split,2048,3,volume_size_exchange,0.02067774460400007,0.022952826999699028,2048
sparse,split,2048,3,volume_size_exchange_pre_collective_wait,0.3161335996689403,0.5246523519999755,2048
sparse,split,2048,4,adjacency_build,0.00013663976856492788,0.00039244499976121006,2048
sparse,split,2048,4,element_count_allgather,0.00047828840478336687,0.0006784670003980864,2048
sparse,split,2048,4,element_count_pre_collective_wait,0.0052301829746028705,0.006133196000064345,2048
sparse,split,2048,4,face_local_extract,0.17343047348584628,0.21450011800016,2048
sparse,split,2048,4,face_map_setup,0.007943299811524973,0.010135671999705664,2048
sparse,split,2048,4,face_pipeline_total,0.5118624971591765,0.5258990120000817,2048
sparse,split,2048,4,face_sparse_context,0.04269033215234064,0.21002075400019748,2048
sparse,split,2048,4,face_sparse_deliver,0.01463133253711324,0.014758482000161166,2048
sparse,split,2048,4,face_sparse_deliver_pre_collective_wait,0.012374329916994942,0.015353382999819587,2048
sparse,split,2048,4,face_sparse_directory,0.055856758711430254,0.05717105200028527,2048
sparse,split,2048,4,face_sparse_directory_pre_collective_wait,0.021002735724606314,0.06468216000030225,2048
sparse,split,2048,4,face_sparse_match,0.17577586733447648,0.1964737990001595,2048
sparse,split,2048,4,face_sparse_match_pre_collective_wait,0.004015693370613249,0.004364258000350674,2048
sparse,split,2048,4,face_sparse_total,0.32737866561719,0.4950010970001131,2048
sparse,split,2048,4,local_volume_mesh,6.449474681245606,8.79448483799979,2048
sparse,split,2048,4,metis_partition,2.0813884542822207,2.0822077140001056,2048
sparse,split,2048,4,metis_seed,0.000810785590331875,1.66048888899968,1
sparse,split,2048,4,part_face_create,0.011453407744149713,0.015194821000022785,2048
sparse,split,2048,4,partition_cost_balance,1.4208078125133028e-05,0.02909814400027244,1
sparse,split,2048,4,partition_cost_setup,0.00018145845117190085,0.37162690800005294,1
sparse,split,2048,4,partition_distribution,0.01861346749999493,0.019319970000196918,2048
sparse,split,2048,4,partition_pre_collective_wait,2.0616460669042924,2.063262494000355,2048
sparse,split,2048,4,submesh_initialization,0.00023043447607351553,0.021891274000154226,2048
sparse,split,2048,4,surface_refine,0.007651877359383663,0.011171986000135803,2048
sparse,split,2048,4,vertex_count_allgather,0.009033227465321758,0.009670201000062661,2048
sparse,split,2048,4,vertex_count_pre_collective_wait,2.3623671020312536,5.074264217999826,2048
sparse,split,2048,4,vertex_exchange,0.006715471668446549,0.017647538999881363,2048
sparse,split,2048,4,vertex_exchange_prepare,0.00027439873486678756,0.0010283950000484765,2048
sparse,split,2048,4,vertex_exchange_unpack,0.0058616850371093765,0.017898199999763165,2048
sparse,split,2048,4,vertex_numbering_local,0.037116111995600276,0.06921538099959434,2048
sparse,split,2048,4,volume_exchange_pack,0.5016142631479461,0.8262429979999979,2048
sparse,split,2048,4,volume_exchange_unpack,0.539123047792966,0.9428531540002041,2048
sparse,split,2048,4,volume_payload_exchange,0.036497804138669654,0.05975403599995843,2048
sparse,split,2048,4,volume_payload_prepare,0.004594594882809666,0.011042663000353059,2048
sparse,split,2048,4,volume_refine,1.5928604748295805,2.1425641680002627,2048
sparse,split,2048,4,volume_size_exchange,0.01800517998681972,0.018275395999808097,2048
sparse,split,2048,4,volume_size_exchange_pre_collective_wait,0.32906029335595677,0.5629598180003086,2048
sparse,split,2048,5,adjacency_build,0.00013702883546140576,0.00044184499984112335,2048
sparse,split,2048,5,element_count_allgather,0.0004262379223625157,0.0006665299997621332,2048
sparse,split,2048,5,element_count_pre_collective_wait,0.004877621667483734,0.005842862999998033,2048
sparse,split,2048,5,face_local_extract,0.1733595534697261,0.2071929789999558,2048
sparse,split,2048,5,face_map_setup,0.007976727912115678,0.010338870999930805,2048
sparse,split,2048,5,face_pipeline_total,0.49868687410839896,0.5007211430001917,2048
sparse,split,2048,5,face_sparse_context,0.03549631996288882,0.20144502099992678,2048
sparse,split,2048,5,face_sparse_deliver,0.015214053471195088,0.015375623000181804,2048
sparse,split,2048,5,face_sparse_deliver_pre_collective_wait,0.0004086665625049335,0.0031675579998591274,2048
sparse,split,2048,5,face_sparse_directory,0.05580424729442668,0.05624491599974135,2048
sparse,split,2048,5,face_sparse_directory_pre_collective_wait,0.008072138080076785,0.053097287000127835,2048
sparse,split,2048,5,face_sparse_match,0.17820186138769234,0.18596137900021859,2048
sparse,split,2048,5,face_sparse_match_pre_collective_wait,0.020074956914554853,0.020456211999771767,2048
sparse,split,2048,5,face_sparse_total,0.31426079672509655,0.4804744260000007,2048
sparse,split,2048,5,local_volume_mesh,6.448759431900876,8.801291437000145,2048
sparse,split,2048,5,metis_partition,2.093740282391607,2.1120252010000513,2048
sparse,split,2048,5,metis_seed,0.0008133578798827923,1.6657569379999586,1
sparse,split,2048,5,part_face_create,0.011443484582522867,0.014969246999953612,2048
sparse,split,2048,5,partition_cost_balance,1.417620312493817e-05,0.02903286399987337,1
sparse,split,2048,5,partition_cost_setup,0.00018582026611335678,0.3805599050001547,1
sparse,split,2048,5,partition_distribution,0.016833600582529806,0.03505014700022002,2048
sparse,split,2048,5,partition_pre_collective_wait,2.075764356131347,2.078359689000081,2048
sparse,split,2048,5,submesh_initialization,0.00023469276318488497,0.021345712000311323,2048
sparse,split,2048,5,surface_refine,0.0076907964580070765,0.009183759999814356,2048
sparse,split,2048,5,vertex_count_allgather,0.018113134650381113,0.021066109000003053,2048
sparse,split,2048,5,vertex_count_pre_collective_wait,2.3882142759492186,5.017879254000036,2048
sparse,split,2048,5,vertex_exchange,0.006867776979988083,0.026002805999723932,2048
sparse,split,2048,5,vertex_exchange_prepare,0.00027587710106735663,0.0008472889999211475,2048
sparse,split,2048,5,vertex_exchange_unpack,0.005892614390133444,0.0179817810003442,2048
sparse,split,2048,5,vertex_numbering_local,0.03710863932080288,0.06860497799971199,2048
sparse,split,2048,5,volume_exchange_pack,0.5015943458842751,0.7555129980000856,2048
sparse,split,2048,5,volume_exchange_unpack,0.5389316067583008,0.915276079999785,2048
sparse,split,2048,5,volume_payload_exchange,0.03643850389209269,0.06494745899999543,2048
sparse,split,2048,5,volume_payload_prepare,0.004610281639153779,0.011093843999788078,2048
sparse,split,2048,5,volume_refine,1.5934257818310538,2.1829576519999137,2048
sparse,split,2048,5,volume_size_exchange,0.0014228435898404612,0.0016382409999096126,2048
sparse,split,2048,5,volume_size_exchange_pre_collective_wait,0.25737159764745665,0.4649449140001707,2048
