algorithm,timing,ranks,repeat,stage,mean_seconds,max_seconds,calls_sum
baseline,natural,1024,1,adjacency_build,0.009101776298834352,0.015852426000037667,1024
baseline,natural,1024,1,element_count_allgather,0.0025917690537116123,0.005720197000300686,1024
baseline,natural,1024,1,face_allgatherv,0.3845547389072337,0.6995001350001075,1024
baseline,natural,1024,1,face_collective_setup,0.000182071595701494,0.0008235699997385382,1024
baseline,natural,1024,1,face_global_merge,0.08858032279882,0.0970209590000195,1024
baseline,natural,1024,1,face_local_extract,0.17483707307227236,0.18693849900000714,1024
baseline,natural,1024,1,face_map_setup,0.008246085859365593,0.009997972000292066,1024
baseline,natural,1024,1,face_pipeline_total,0.6617899303984291,0.9714425619999929,1024
baseline,natural,1024,1,local_volume_mesh,7.608282160441405,10.868894243999875,1024
baseline,natural,1024,1,metis_partition,1.6754430888330134,1.6758589350001785,1024
baseline,natural,1024,1,metis_seed,0.0012239420439450477,1.2533166529997288,1
baseline,natural,1024,1,part_face_create,0.02364807127930213,0.028030230999775085,1024
baseline,natural,1024,1,partition_cost_balance,3.1141846679627605e-05,0.03188925099993867,1
baseline,natural,1024,1,partition_cost_setup,0.00037408093652357977,0.3830588790001457,1
baseline,natural,1024,1,partition_distribution,1.6736692983535093,1.6757142930000555,1024
baseline,natural,1024,1,submesh_initialization,0.000132148749018679,0.00029454399964379263,1024
baseline,natural,1024,1,surface_refine,0.010271139003903862,0.012892309000108071,1024
baseline,natural,1024,1,vertex_count_allgather,3.738777103221681,7.272964929999944,1024
baseline,natural,1024,1,vertex_exchange,0.018989042497080888,0.03793242600022495,1024
baseline,natural,1024,1,vertex_exchange_prepare,0.00036138917675332394,0.0010900349998337333,1024
baseline,natural,1024,1,vertex_exchange_unpack,0.0096935821025399,0.032789192000109324,1024
baseline,natural,1024,1,vertex_numbering_local,0.05929326856347927,0.11061404300016875,1024
baseline,natural,1024,1,volume_exchange_pack,0.9552996788896468,1.6251052970001183,1024
baseline,natural,1024,1,volume_exchange_unpack,1.0091135388691432,1.7521135849997336,1024
baseline,natural,1024,1,volume_payload_exchange,0.05238661969823166,0.08904451100033839,1024
baseline,natural,1024,1,volume_payload_prepare,0.006467107621100698,0.04787477200034118,1024
baseline,natural,1024,1,volume_refine,3.018323711397471,4.102554881000287,1024
baseline,natural,1024,1,volume_size_exchange,0.7051007059511729,1.115189038999688,1024
baseline,natural,1024,2,adjacency_build,0.008981894967766912,0.03135342799987484,1024
baseline,natural,1024,2,element_count_allgather,0.003568633393558951,0.005387659999996686,1024
baseline,natural,1024,2,face_allgatherv,0.4247025326787184,0.7141012080001019,1024
baseline,natural,1024,2,face_collective_setup,0.0001815513496064014,0.0010000309998758894,1024
baseline,natural,1024,2,face_global_merge,0.08868840603516626,0.11078654699986146,1024
baseline,natural,1024,2,face_local_extract,0.17489463011815598,0.2035010390000025,1024
baseline,natural,1024,2,face_map_setup,0.008215479142583693,0.02942449000011038,1024
baseline,natural,1024,2,face_pipeline_total,0.7020793832089782,0.9873221269999704,1024
baseline,natural,1024,2,local_volume_mesh,7.615134174098627,11.301836184999956,1024
baseline,natural,1024,2,metis_partition,1.7221376967812536,1.7529230570003165,1024
baseline,natural,1024,2,metis_seed,0.0012443004775390953,1.2741636890000336,1
baseline,natural,1024,2,part_face_create,0.023681208809576137,0.04020429000001968,1024
baseline,natural,1024,2,partition_cost_balance,3.076445996086363e-05,0.03150280699992436,1
baseline,natural,1024,2,partition_cost_setup,0.00038565633203146987,0.39491208400022515,1
baseline,natural,1024,2,partition_distribution,1.7203458167343721,1.7527833150002152,1024
baseline,natural,1024,2,submesh_initialization,0.00013084643554694964,0.0003207629997632466,1024
baseline,natural,1024,2,surface_refine,0.01029169819531317,0.021777715000098397,1024
baseline,natural,1024,2,vertex_count_allgather,4.031944055768543,7.557661927999561,1024
baseline,natural,1024,2,vertex_exchange,0.01913437806445062,0.036977450999984285,1024
baseline,natural,1024,2,vertex_exchange_prepare,0.00034723835546612847,0.0012302160002946039,1024
baseline,natural,1024,2,vertex_exchange_unpack,0.009626305927742163,0.03337852699996802,1024
baseline,natural,1024,2,vertex_numbering_local,0.058720969633784925,0.12323251699990578,1024
baseline,natural,1024,2,volume_exchange_pack,0.9549197050664056,1.558636148000005,1024
baseline,natural,1024,2,volume_exchange_unpack,1.0059126581523512,1.8700106870001036,1024
baseline,natural,1024,2,volume_payload_exchange,0.05210751214160503,0.08720650799978102,1024
baseline,natural,1024,2,volume_payload_prepare,0.006381301070315093,0.014784720000079687,1024
baseline,natural,1024,2,volume_refine,3.0229078447392497,4.1082203500000105,1024
baseline,natural,1024,2,volume_size_exchange,0.6453141852666024,1.0636736169999494,1024
baseline,natural,1024,3,adjacency_build,0.009002073052728043,0.018016716000147426,1024
baseline,natural,1024,3,element_count_allgather,0.0024024951347647594,0.006345338999835803,1024
baseline,natural,1024,3,face_allgatherv,0.3762907836826179,0.6885696889999053,1024
baseline,natural,1024,3,face_collective_setup,0.00018816785253461532,0.0009201110001413326,1024
baseline,natural,1024,3,face_global_merge,0.08858522260156576,0.1167229560001033,1024
baseline,natural,1024,3,face_local_extract,0.1747155147050785,0.20416138300015518,1024
baseline,natural,1024,3,face_map_setup,0.008189971610350621,0.009817051000027277,1024
baseline,natural,1024,3,face_pipeline_total,0.6533211545830069,0.9639120140000159,1024
baseline,natural,1024,3,local_volume_mesh,7.610406722170899,10.96653874499998,1024
baseline,natural,1024,3,metis_partition,1.6977349508183601,1.737287044000368,1024
baseline,natural,1024,3,metis_seed,0.0012309580283202948,1.2605010209999818,1
baseline,natural,1024,3,part_face_create,0.023652345569336042,0.03011984200020379,1024
baseline,natural,1024,3,partition_cost_balance,3.072928320335677e-05,0.031466786000237335,1
baseline,natural,1024,3,partition_cost_setup,0.00038678632617195063,0.39606919800007745,1
baseline,natural,1024,3,partition_distribution,1.6959540602255818,1.7371926629998597,1024
baseline,natural,1024,3,submesh_initialization,0.00013266959668722933,0.0003015440001945535,1024
baseline,natural,1024,3,surface_refine,0.01028284487792952,0.02463134000026912,1024
baseline,natural,1024,3,vertex_count_allgather,3.786397885890638,7.3484508989999995,1024
baseline,natural,1024,3,vertex_exchange,0.019076974022465887,0.0376690600000984,1024
baseline,natural,1024,3,vertex_exchange_prepare,0.00036073261132330003,0.001177556000129698,1024
baseline,natural,1024,3,vertex_exchange_unpack,0.009717209042966246,0.034503549999953975,1024
baseline,natural,1024,3,vertex_numbering_local,0.05892791846777401,0.12657261699996525,1024
baseline,natural,1024,3,volume_exchange_pack,0.9543542203877022,1.4992059399996833,1024
baseline,natural,1024,3,volume_exchange_unpack,1.0077859147822372,1.8143035359998976,1024
baseline,natural,1024,3,volume_payload_exchange,0.05237580847556966,0.08990915699996549,1024
baseline,natural,1024,3,volume_payload_prepare,0.006241449152344369,0.014807861000008415,1024
baseline,natural,1024,3,volume_refine,3.024810615610351,4.145072176999747,1024
baseline,natural,1024,3,volume_size_exchange,0.5803824790449141,0.9922398730000168,1024
baseline,natural,1024,4,adjacency_build,0.008997355324228629,0.017704179999782355,1024
baseline,natural,1024,4,element_count_allgather,0.002197738405263827,0.006232118000298215,1024
baseline,natural,1024,4,face_allgatherv,0.3788457997568342,0.7156084380003449,1024
baseline,natural,1024,4,face_collective_setup,0.0001775712822333908,0.0008109319996947306,1024
baseline,natural,1024,4,face_global_merge,0.08858970431249213,0.09761484299997392,1024
baseline,natural,1024,4,face_local_extract,0.17484315898340386,0.222192325999913,1024
baseline,natural,1024,4,face_map_setup,0.008216857082030238,0.010279627999807417,1024
baseline,natural,1024,4,face_pipeline_total,0.6560403716748087,0.9866084329996738,1024
baseline,natural,1024,4,local_volume_mesh,7.609137269355463,10.863842030000342,1024
baseline,natural,1024,4,metis_partition,1.6762321851738213,1.676966388999972,1024
baseline,natural,1024,4,metis_seed,0.001220954390624751,1.250257295999745,1
baseline,natural,1024,4,part_face_create,0.023676529605463514,0.029420206999930087,1024
baseline,natural,1024,4,partition_cost_balance,3.075906835903197e-05,0.03149728599964874,1
baseline,natural,1024,4,partition_cost_setup,0.00037849395898437166,0.3875778139999966,1
baseline,natural,1024,4,partition_distribution,1.674468415484386,1.6768230469997434,1024
baseline,natural,1024,4,submesh_initialization,0.0001314869863278112,0.00026924299982056255,1024
baseline,natural,1024,4,surface_refine,0.010304270336906729,0.015279523000117479,1024
baseline,natural,1024,4,vertex_count_allgather,3.7505470452490246,7.232828031000281,1024
baseline,natural,1024,4,vertex_exchange,0.01920881989647727,0.03653048600017428,1024
baseline,natural,1024,4,vertex_exchange_prepare,0.00035584025194790314,0.0011191749999852618,1024
baseline,natural,1024,4,vertex_exchange_unpack,0.009632258613286648,0.029115560999798618,1024
baseline,natural,1024,4,vertex_numbering_local,0.058852570097660095,0.11299259400038864,1024
baseline,natural,1024,4,volume_exchange_pack,0.9548291907578097,1.706545566999921,1024
baseline,natural,1024,4,volume_exchange_unpack,1.0067864858681665,1.9226076710001507,1024
baseline,natural,1024,4,volume_payload_exchange,0.05238495637988683,0.08841160599968134,1024
baseline,natural,1024,4,volume_payload_prepare,0.006387628624995312,0.03041897200000676,1024
baseline,natural,1024,4,volume_refine,3.0180660072353573,4.093336795000141,1024
baseline,natural,1024,4,volume_size_exchange,0.7636678369023411,1.1443114129997412,1024
baseline,natural,1024,5,adjacency_build,0.008982573103516245,0.020754345000113972,1024
baseline,natural,1024,5,element_count_allgather,0.004164679515633818,0.00596729700009746,1024
baseline,natural,1024,5,face_allgatherv,0.4616507813701203,0.762124551999932,1024
baseline,natural,1024,5,face_collective_setup,0.00017386324415369359,0.0007848489999560115,1024
baseline,natural,1024,5,face_global_merge,0.08881318320898401,0.11615806600002543,1024
baseline,natural,1024,5,face_local_extract,0.17571754720507915,0.2208655239996915,1024
baseline,natural,1024,5,face_map_setup,0.00822909902440383,0.009806793999814545,1024
baseline,natural,1024,5,face_pipeline_total,0.7399640412509734,1.0342008200000237,1024
baseline,natural,1024,5,local_volume_mesh,7.6116831589423875,11.200684728000397,1024
baseline,natural,1024,5,metis_partition,1.692274972233402,1.7476914429998942,1024
baseline,natural,1024,5,metis_seed,0.0012230379208983955,1.252390830999957,1
baseline,natural,1024,5,part_face_create,0.023721255271486275,0.04955393099999128,1024
baseline,natural,1024,5,partition_cost_balance,3.112963964824189e-05,0.0318767509997997,1
baseline,natural,1024,5,partition_cost_setup,0.00038560419921918054,0.3948587000004409,1
baseline,natural,1024,5,partition_distribution,1.6905019245126907,1.7475674620000063,1024
baseline,natural,1024,5,submesh_initialization,0.00012994749510975012,0.0002587439998933405,1024
baseline,natural,1024,5,surface_refine,0.010309750941406737,0.032796925000184274,1024
baseline,natural,1024,5,vertex_count_allgather,3.8963835171523384,7.442866547999984,1024
baseline,natural,1024,5,vertex_exchange,0.01896111756737895,0.03738606099977915,1024
baseline,natural,1024,5,vertex_exchange_prepare,0.00034815034374835463,0.0011355360002198722,1024
baseline,natural,1024,5,vertex_exchange_unpack,0.009685318108398455,0.029360168000039266,1024
baseline,natural,1024,5,vertex_numbering_local,0.05884289438086254,0.11176543700003094,1024
baseline,natural,1024,5,volume_exchange_pack,0.9585596187382834,1.4788771770004132,1024
baseline,natural,1024,5,volume_exchange_unpack,1.009024516055665,1.9299799719997281,1024
baseline,natural,1024,5,volume_payload_exchange,0.05202003821972845,0.08766723400003684,1024
baseline,natural,1024,5,volume_payload_prepare,0.006327289490234644,0.014467373000115913,1024
baseline,natural,1024,5,volume_refine,3.0227874949541156,4.158974707000198,1024
baseline,natural,1024,5,volume_size_exchange,0.5559279108798902,0.9737252019999687,1024
baseline,split,1024,1,adjacency_build,0.00904576478222996,0.01806648599995242,1024
baseline,split,1024,1,element_count_allgather,0.000397955708005604,0.0038063749998400453,1024
baseline,split,1024,1,element_count_pre_collective_wait,0.0033505529921815658,0.00587003900000127,1024
baseline,split,1024,1,face_allgatherv,0.40142852356055636,0.7041085079999903,1024
baseline,split,1024,1,face_collective_setup,0.00016158559862589073,0.0007431089998135576,1024
baseline,split,1024,1,face_global_merge,0.08860292967285321,0.12189214399995763,1024
baseline,split,1024,1,face_local_extract,0.1752969326474636,0.21945115500011525,1024
baseline,split,1024,1,face_map_setup,0.00819807860743138,0.018099304999850574,1024
baseline,split,1024,1,face_pipeline_total,0.7304148170390596,1.0204258690000643,1024
baseline,split,1024,1,face_pre_collective_wait,0.051349212833009084,0.22415314899990335,1024
baseline,split,1024,1,local_volume_mesh,7.610815873342773,10.92520662700008,1024
baseline,split,1024,1,metis_partition,1.7143353279482474,1.749888976999955,1024
baseline,split,1024,1,metis_seed,0.0012333495429688313,1.2629499320000832,1
baseline,split,1024,1,part_face_create,0.023688949635735312,0.03897346399980961,1024
baseline,split,1024,1,partition_cost_balance,3.16181025388218e-05,0.032376936999753525,1
baseline,split,1024,1,partition_cost_setup,0.0003803635908199432,0.38949231699962183,1
baseline,split,1024,1,partition_distribution,0.02808665946191713,0.06350611000016215,1024
baseline,split,1024,1,partition_pre_collective_wait,1.6844416605136687,1.6863867520000895,1024
baseline,split,1024,1,submesh_initialization,0.0001316638730428643,0.00035166499992556055,1024
baseline,split,1024,1,surface_refine,0.010228237355466518,0.013133416000073339,1024
baseline,split,1024,1,vertex_count_allgather,0.0018055410683608386,0.004174912000053155,1024
baseline,split,1024,1,vertex_count_pre_collective_wait,3.800848402820309,7.386732189999748,1024
baseline,split,1024,1,vertex_exchange,0.019056537744144286,0.035911841000142886,1024
baseline,split,1024,1,vertex_exchange_prepare,0.00034818077539933157,0.001190915999814024,1024
baseline,split,1024,1,vertex_exchange_unpack,0.009691286423827883,0.03004227500014167,1024
baseline,split,1024,1,vertex_numbering_local,0.05920893045508402,0.1140554109997538,1024
baseline,split,1024,1,volume_exchange_pack,0.9511850264921891,1.55657387500014,1024
baseline,split,1024,1,volume_exchange_unpack,1.0086991541503956,1.82190656199964,1024
baseline,split,1024,1,volume_payload_exchange,0.05212499652147695,0.08709054599967203,1024
baseline,split,1024,1,volume_payload_prepare,0.006094883573246612,0.014450622999902407,1024
baseline,split,1024,1,volume_refine,3.023624543808594,4.081771285999821,1024
baseline,split,1024,1,volume_size_exchange,0.0015993652236345746,0.00415661299985004,1024
baseline,split,1024,1,volume_size_exchange_pre_collective_wait,0.6262860002441548,1.0248395469998286,1024
baseline,split,1024,2,adjacency_build,0.00903864196485138,0.02927874500028338,1024
baseline,split,1024,2,element_count_allgather,0.0003753280361280531,0.0005237259997556976,1024
baseline,split,1024,2,element_count_pre_collective_wait,0.012781884747074201,0.014482321000286902,1024
baseline,split,1024,2,face_allgatherv,0.4080772494726497,0.7148513530000855,1024
baseline,split,1024,2,face_collective_setup,0.0001726016425731558,0.0007862289999138738,1024
baseline,split,1024,2,face_global_merge,0.08869783047069246,0.1294587729998966,1024
baseline,split,1024,2,face_local_extract,0.1750418525595805,0.23021676600001229,1024
baseline,split,1024,2,face_map_setup,0.008252651334954564,0.010090766999837797,1024
baseline,split,1024,2,face_pipeline_total,0.7416890379541061,1.063820530999692,1024
baseline,split,1024,2,face_pre_collective_wait,0.05603895789843749,0.225066460999642,1024
baseline,split,1024,2,local_volume_mesh,7.610118539138677,11.126336554999853,1024
baseline,split,1024,2,metis_partition,1.6922302051328098,1.6926255609996588,1024
baseline,split,1024,2,metis_seed,0.0012227647832032673,1.2521111380001457,1
baseline,split,1024,2,part_face_create,0.023671343856450644,0.036972028000036516,1024
baseline,split,1024,2,partition_cost_balance,3.017843652353136e-05,0.030902719000096113,1
baseline,split,1024,2,partition_cost_setup,0.0003742951376950465,0.38327822099972764,1
baseline,split,1024,2,partition_distribution,0.02433364272363514,0.024717018000046664,1024
baseline,split,1024,2,partition_pre_collective_wait,1.6661166374511662,1.6767418029999135,1024
baseline,split,1024,2,submesh_initialization,0.00013319293066826887,0.0010658129999683297,1024
baseline,split,1024,2,surface_refine,0.01029952830665204,0.02422627999976612,1024
baseline,split,1024,2,vertex_count_allgather,0.022260577235359236,0.022414118999677157,1024
baseline,split,1024,2,vertex_count_pre_collective_wait,3.9575873543320235,7.455364963000193,1024
baseline,split,1024,2,vertex_exchange,0.019041150388658057,0.037971224000102666,1024
baseline,split,1024,2,vertex_exchange_prepare,0.0003524557656229277,0.0042516299999988405,1024
baseline,split,1024,2,vertex_exchange_unpack,0.00968344323535586,0.028924585999902774,1024
baseline,split,1024,2,vertex_numbering_local,0.05899529418065441,0.1233853110002201,1024
baseline,split,1024,2,volume_exchange_pack,0.9564920695742112,1.5446631009999692,1024
baseline,split,1024,2,volume_exchange_unpack,1.0074599504667994,1.7969587669999783,1024
baseline,split,1024,2,volume_payload_exchange,0.05186072385840168,0.08793806800031234,1024
baseline,split,1024,2,volume_payload_prepare,0.006361104590828948,0.014701316999889968,1024
baseline,split,1024,2,volume_refine,3.0173816799521576,4.1118482729998505,1024
baseline,split,1024,2,volume_size_exchange,0.009941340621098416,0.012302479000027233,1024
baseline,split,1024,2,volume_size_exchange_pre_collective_wait,0.6037767098466755,1.0060001409997312,1024
baseline,split,1024,3,adjacency_build,0.00900755593750402,0.016940314999828843,1024
baseline,split,1024,3,element_count_allgather,0.0009597956816329578,0.004370693000055326,1024
baseline,split,1024,3,element_count_pre_collective_wait,0.0028907187333775397,0.004728311999770085,1024
baseline,split,1024,3,face_allgatherv,0.3795081231474611,0.7121307010002056,1024
baseline,split,1024,3,face_collective_setup,0.00016921864452967839,0.0008041510000111884,1024
baseline,split,1024,3,face_global_merge,0.08862461531251009,0.1029174260002037,1024
baseline,split,1024,3,face_local_extract,0.1748809196035066,0.18718864299989946,1024
baseline,split,1024,3,face_map_setup,0.008194161134784661,0.010128097999768215,1024
baseline,split,1024,3,face_pipeline_total,0.6915756547080165,1.0345418719998634,1024
baseline,split,1024,3,face_pre_collective_wait,0.03478789382715819,0.20755604600026345,1024
baseline,split,1024,3,local_volume_mesh,7.60770524426953,11.04947438399995,1024
baseline,split,1024,3,metis_partition,1.7140074911357348,1.7364563179999095,1024
baseline,split,1024,3,metis_seed,0.0012372186708984323,1.2669119189999947,1
baseline,split,1024,3,part_face_create,0.02368615511524208,0.037208309000106965,1024
baseline,split,1024,3,partition_cost_balance,3.1743845703147144e-05,0.032505698000022676,1
baseline,split,1024,3,partition_cost_setup,0.00037991887792987455,0.38903693100019154,1
baseline,split,1024,3,partition_distribution,0.024124625790041154,0.046423071999925014,1024
baseline,split,1024,3,partition_pre_collective_wait,1.6880871431171829,1.7040458579999722,1024
baseline,split,1024,3,submesh_initialization,0.00013111384277086913,0.0003283649998593319,1024
baseline,split,1024,3,surface_refine,0.010268885408203143,0.013643845999922632,1024
baseline,split,1024,3,vertex_count_allgather,0.0016184386044932886,0.0039058149995980784,1024
baseline,split,1024,3,vertex_count_pre_collective_wait,3.900748715741206,7.512764628000241,1024
baseline,split,1024,3,vertex_exchange,0.019010014655267415,0.036322886000107246,1024
baseline,split,1024,3,vertex_exchange_prepare,0.0003528643281178745,0.001178915999844321,1024
baseline,split,1024,3,vertex_exchange_unpack,0.009722008174806618,0.029876749999857566,1024
baseline,split,1024,3,vertex_numbering_local,0.058943531733392174,0.13371793400028764,1024
baseline,split,1024,3,volume_exchange_pack,0.9540251820664039,1.648610701999587,1024
baseline,split,1024,3,volume_exchange_unpack,1.0060107227705055,1.7508486249998896,1024
baseline,split,1024,3,volume_payload_exchange,0.052105050721684254,0.08984542600001078,1024
baseline,split,1024,3,volume_payload_prepare,0.006137339357417559,0.014061489000141592,1024
baseline,split,1024,3,volume_refine,3.0208157920615206,4.104760803999852,1024
baseline,split,1024,3,volume_size_exchange,0.0020301538808609187,0.004278319999684754,1024
baseline,split,1024,3,volume_size_exchange_pre_collective_wait,0.72932359521094,1.1323299900000166,1024
baseline,split,1024,4,adjacency_build,0.00890294290331406,0.016012722000141366,1024
baseline,split,1024,4,element_count_allgather,0.0006522646308542157,0.004193479000150546,1024
baseline,split,1024,4,element_count_pre_collective_wait,0.0036360775381010235,0.006628912999985914,1024
baseline,split,1024,4,face_allgatherv,0.4122206320029398,0.7136796550003055,1024
baseline,split,1024,4,face_collective_setup,0.00016661563086595166,0.000875492000432132,1024
baseline,split,1024,4,face_global_merge,0.08844752708301362,0.09474019599974781,1024
baseline,split,1024,4,face_local_extract,0.17536539533301143,0.21102897400032816,1024
baseline,split,1024,4,face_map_setup,0.008185702743166434,0.009945607999725325,1024
baseline,split,1024,4,face_pipeline_total,0.7244787106123112,1.02871346000029,1024
baseline,split,1024,4,face_pre_collective_wait,0.03472804466016077,0.2016887139998289,1024
baseline,split,1024,4,local_volume_mesh,7.6066454767695255,11.140810813999906,1024
baseline,split,1024,4,metis_partition,1.7076251963632885,1.7157274820001476,1024
baseline,split,1024,4,metis_seed,0.0012424967441404533,1.2723166659998242,1
baseline,split,1024,4,part_face_create,0.023677567101554775,0.027310910999858606,1024
baseline,split,1024,4,partition_cost_balance,3.145601074194815e-05,0.032210954999754904,1
baseline,split,1024,4,partition_cost_setup,0.00037918992480445723,0.3882904829997642,1
baseline,split,1024,4,partition_distribution,0.013189363468745885,0.02126585399992109,1024
baseline,split,1024,4,partition_pre_collective_wait,1.6926073019218713,1.703248806999909,1024
baseline,split,1024,4,submesh_initialization,0.00013809271582498894,0.008762142999785283,1024
baseline,split,1024,4,surface_refine,0.010241552914066254,0.013032581000061327,1024
baseline,split,1024,4,vertex_count_allgather,0.0020135285058553443,0.005355603000225528,1024
baseline,split,1024,4,vertex_count_pre_collective_wait,3.969943263733398,7.48578611100038,1024
baseline,split,1024,4,vertex_exchange,0.018945510874019522,0.03624426299984407,1024
baseline,split,1024,4,vertex_exchange_prepare,0.00034777500391580674,0.0011523749999469146,1024
baseline,split,1024,4,vertex_exchange_unpack,0.00976399010937401,0.03383395299988479,1024
baseline,split,1024,4,vertex_numbering_local,0.05894760926562892,0.12540381600001638,1024
baseline,split,1024,4,volume_exchange_pack,0.9526421360400446,1.5247364370002288,1024
baseline,split,1024,4,volume_exchange_unpack,1.0080401203134786,1.7897849769997265,1024
baseline,split,1024,4,volume_payload_exchange,0.05199244810156234,0.08748595300039597,1024
baseline,split,1024,4,volume_payload_prepare,0.0061906579941433115,0.014148019000003842,1024
baseline,split,1024,4,volume_refine,3.01941692441308,4.158483208000234,1024
baseline,split,1024,4,volume_size_exchange,0.00135451039551171,0.0036270430000513443,1024
baseline,split,1024,4,volume_size_exchange_pre_collective_wait,0.6122084342929677,1.0183609350001461,1024
baseline,split,1024,5,adjacency_build,0.009044183620119828,0.03852518699977736,1024
baseline,split,1024,5,element_count_allgather,0.001122744526352637,0.003487971000140533,1024
baseline,split,1024,5,element_count_pre_collective_wait,0.0037350807470719616,0.007033438000235037,1024
baseline,split,1024,5,face_allgatherv,0.4030434538017529,0.7033890359998622,1024
baseline,split,1024,5,face_collective_setup,0.00016686289551604006,0.0007458899999619462,1024
baseline,split,1024,5,face_global_merge,0.08869392377246443,0.11560835499994937,1024
baseline,split,1024,5,face_local_extract,0.17484150112792918,0.19359063300044,1024
baseline,split,1024,5,face_map_setup,0.0081908367617185,0.009178326999972342,1024
baseline,split,1024,5,face_pipeline_total,0.7181426548603516,1.0352238600003147,1024
baseline,split,1024,5,face_pre_collective_wait,0.03781756817773596,0.20642003000011755,1024
baseline,split,1024,5,local_volume_mesh,7.609592000966794,10.834499109999797,1024
baseline,split,1024,5,metis_partition,1.6978871710937562,1.7170032700000775,1024
baseline,split,1024,5,metis_seed,0.001231794767578176,1.2613578420000522,1
baseline,split,1024,5,part_face_create,0.023673032251944726,0.03294389399979991,1024
baseline,split,1024,5,partition_cost_balance,3.0783600585948534e-05,0.0315224070000113,1
baseline,split,1024,5,partition_cost_setup,0.0003766908867186558,0.38573146799990354,1
baseline,split,1024,5,partition_distribution,0.01782523603905739,0.03681271400000696,1024
baseline,split,1024,5,partition_pre_collective_wait,1.6782671062206944,1.6802053530000194,1024
baseline,split,1024,5,submesh_initialization,0.00013213747850127078,0.0004413450001266028,1024
baseline,split,1024,5,surface_refine,0.010263929604502842,0.013346505999834335,1024
baseline,split,1024,5,vertex_count_allgather,0.0021925556543029856,0.005384866999975202,1024
baseline,split,1024,5,vertex_count_pre_collective_wait,3.685177273231448,7.2291652019998764,1024
baseline,split,1024,5,vertex_exchange,0.019239746407231806,0.03785954699969807,1024
baseline,split,1024,5,vertex_exchange_prepare,0.00035334739452563824,0.0011298929998702079,1024
baseline,split,1024,5,vertex_exchange_unpack,0.009606865041993817,0.03410535700004402,1024
baseline,split,1024,5,vertex_numbering_local,0.0589740239482448,0.1255858370000169,1024
baseline,split,1024,5,volume_exchange_pack,0.9539548186660105,1.6058756200000062,1024
baseline,split,1024,5,volume_exchange_unpack,1.0090397624990235,1.786519199000395,1024
baseline,split,1024,5,volume_payload_exchange,0.05237714135253846,0.08833730400010609,1024
baseline,split,1024,5,volume_payload_prepare,0.00594973744434002,0.013556551999954536,1024
baseline,split,1024,5,volume_refine,3.0222111212822234,4.1510823179996805,1024
baseline,split,1024,5,volume_size_exchange,0.0020032155859377454,0.005095935000099416,1024
baseline,split,1024,5,volume_size_exchange_pre_collective_wait,0.6650141311044897,1.0789748399997734,1024
sparse,natural,1024,1,adjacency_build,0.00016762239452239314,0.0005008070002077147,1024
sparse,natural,1024,1,element_count_allgather,0.0027060580820252866,0.005522238000139623,1024
sparse,natural,1024,1,face_local_extract,0.17512276460156784,0.2221121719999246,1024
sparse,natural,1024,1,face_map_setup,0.008164257797861563,0.009257966999939526,1024
sparse,natural,1024,1,face_pipeline_total,0.5004429850195309,0.5122082060001958,1024
sparse,natural,1024,1,face_sparse_context,0.052002350288083754,0.22571818900041762,1024
sparse,natural,1024,1,face_sparse_deliver,0.011510082431640534,0.012331442999766296,1024
sparse,natural,1024,1,face_sparse_directory,0.023179408201170926,0.026270786999702977,1024
sparse,natural,1024,1,face_sparse_match,0.22617285880664095,0.24778796300006434,1024
sparse,natural,1024,1,face_sparse_total,0.3140954581679738,0.4896026060000622,1024
sparse,natural,1024,1,local_volume_mesh,7.5721303501445325,11.024345862000246,1024
sparse,natural,1024,1,metis_partition,1.695247984312493,1.718344419999994,1024
sparse,natural,1024,1,metis_seed,0.0012309308017579568,1.2604731410001477,1
sparse,natural,1024,1,part_face_create,0.01158353371094778,0.015227571000195894,1024
sparse,natural,1024,1,partition_cost_balance,3.013249804695306e-05,0.030855678000079934,1
sparse,natural,1024,1,partition_cost_setup,0.00037880470507811737,0.3878960179999922,1
sparse,natural,1024,1,partition_distribution,1.693477642626949,1.718180238000059,1024
sparse,natural,1024,1,submesh_initialization,0.00013178174903494266,0.00037694599996029865,1024
sparse,natural,1024,1,surface_refine,0.011407855227544061,0.01528887999984363,1024
sparse,natural,1024,1,vertex_count_allgather,3.713909834488281,7.104869960000087,1024
sparse,natural,1024,1,vertex_exchange,0.00912702486523509,0.02295934899984786,1024
sparse,natural,1024,1,vertex_exchange_prepare,0.00030902165919366453,0.001030313999763166,1024
sparse,natural,1024,1,vertex_exchange_unpack,0.00843084229589497,0.027419966999786993,1024
sparse,natural,1024,1,vertex_numbering_local,0.05806721973729978,0.12188280300006227,1024
sparse,natural,1024,1,volume_exchange_pack,0.9552672811787137,1.562743178999881,1024
sparse,natural,1024,1,volume_exchange_unpack,1.0087178304375009,1.7300493479997385,1024
sparse,natural,1024,1,volume_payload_exchange,0.05272291246582528,0.089520180999898,1024
sparse,natural,1024,1,volume_payload_prepare,0.006329615203133354,0.014089702000092075,1024
sparse,natural,1024,1,volume_refine,3.037479492559567,4.155407944999752,1024
sparse,natural,1024,1,volume_size_exchange,0.6232910003730456,1.0257074989999637,1024
sparse,natural,1024,2,adjacency_build,0.00016834049608061008,0.0004296059996704571,1024
sparse,natural,1024,2,element_count_allgather,0.012176192483395187,0.013855593999778648,1024
sparse,natural,1024,2,face_local_extract,0.17537930820018444,0.2160278589999507,1024
sparse,natural,1024,2,face_map_setup,0.008249136947266145,0.018624881000050664,1024
sparse,natural,1024,2,face_pipeline_total,0.536458271625003,0.5584144109998306,1024
sparse,natural,1024,2,face_sparse_context,0.053800997299808806,0.23875756100005674,1024
sparse,natural,1024,2,face_sparse_deliver,0.020550275282235297,0.021022031999564206,1024
sparse,natural,1024,2,face_sparse_directory,0.04079011407421973,0.04464945500012618,1024
sparse,natural,1024,2,face_sparse_match,0.23321332184766552,0.25349017400003504,1024
sparse,natural,1024,2,face_sparse_total,0.34968599370898445,0.5188040640000509,1024
sparse,natural,1024,2,local_volume_mesh,7.57757715981837,10.904369146000136,1024
sparse,natural,1024,2,metis_partition,1.6813122203476514,1.702384553000229,1024
sparse,natural,1024,2,metis_seed,0.0012191215937500388,1.2483805120000397,1
sparse,natural,1024,2,part_face_create,0.011653304172838386,0.03954998600011095,1024
sparse,natural,1024,2,partition_cost_balance,3.0094451171969183e-05,0.030816718000096444,1
sparse,natural,1024,2,partition_cost_setup,0.0003838502353517015,0.3930626410001423,1
sparse,natural,1024,2,partition_distribution,1.6795445448486284,1.7022308299997349,1024
sparse,natural,1024,2,submesh_initialization,0.00013185151270311835,0.0003204640001968073,1024
sparse,natural,1024,2,surface_refine,0.011500302802734286,0.018640859999777604,1024
sparse,natural,1024,2,vertex_count_allgather,3.6549263185957077,7.086037833999853,1024
sparse,natural,1024,2,vertex_exchange,0.00896886741894587,0.01687348999985261,1024
sparse,natural,1024,2,vertex_exchange_prepare,0.0003071170097648235,0.0010953549999612733,1024
sparse,natural,1024,2,vertex_exchange_unpack,0.008495299041987092,0.035530415999801335,1024
sparse,natural,1024,2,vertex_numbering_local,0.0577433089531203,0.12198735199990551,1024
sparse,natural,1024,2,volume_exchange_pack,0.9528179263906242,1.5762807799997063,1024
sparse,natural,1024,2,volume_exchange_unpack,1.0109208474238214,1.9578621720002047,1024
sparse,natural,1024,2,volume_payload_exchange,0.05278006467284202,0.09125587600010476,1024
sparse,natural,1024,2,volume_payload_prepare,0.006308018012686212,0.015049692999582476,1024
sparse,natural,1024,2,volume_refine,3.0362342014726496,4.176480416000231,1024
sparse,natural,1024,2,volume_size_exchange,0.6342675033310536,1.042907312999887,1024
sparse,natural,1024,3,adjacency_build,0.00016823327734805105,0.00040126600015355507,1024
sparse,natural,1024,3,element_count_allgather,0.009266089986319948,0.013297846000114077,1024
sparse,natural,1024,3,face_local_extract,0.17540076827246942,0.21173126400026376,1024
sparse,natural,1024,3,face_map_setup,0.008219906209966155,0.009806686000047193,1024
sparse,natural,1024,3,face_pipeline_total,0.4559682888339909,0.4633823960002701,1024
sparse,natural,1024,3,face_sparse_context,0.061275265158208914,0.23666070300032516,1024
sparse,natural,1024,3,face_sparse_deliver,0.007396739383792372,0.007763424000131636,1024
sparse,natural,1024,3,face_sparse_directory,0.026061124695307747,0.027245033999861334,1024
sparse,natural,1024,3,face_sparse_match,0.17332983823144943,0.19371006500023213,1024
sparse,natural,1024,3,face_sparse_total,0.2693107652119049,0.44494013800022003,1024
sparse,natural,1024,3,local_volume_mesh,7.571753177391603,10.936358347999885,1024
sparse,natural,1024,3,metis_partition,1.7028713012949162,1.7535524879999684,1024
sparse,natural,1024,3,metis_seed,0.0012356887509765713,1.265345281000009,1
sparse,natural,1024,3,part_face_create,0.011591759739260077,0.0148027010000078,1024
sparse,natural,1024,3,partition_cost_balance,3.0723697265866434e-05,0.03146106600024723,1
sparse,natural,1024,3,partition_cost_setup,0.00038329177148455074,0.39249077400017995,1
sparse,natural,1024,3,partition_distribution,1.7010767303457044,1.75346142699982,1024
sparse,natural,1024,3,submesh_initialization,0.0001321607568351979,0.00030700300021635485,1024
sparse,natural,1024,3,surface_refine,0.011429749055666072,0.014930361000097037,1024
sparse,natural,1024,3,vertex_count_allgather,3.7379334422695276,7.223554465000234,1024
sparse,natural,1024,3,vertex_exchange,0.009027976549800698,0.018090875999860145,1024
sparse,natural,1024,3,vertex_exchange_prepare,0.00030955163866996926,0.0010365539997110318,1024
sparse,natural,1024,3,vertex_exchange_unpack,0.008510443865231476,0.02712572399968849,1024
sparse,natural,1024,3,vertex_numbering_local,0.05797893923536046,0.12021201500010648,1024
sparse,natural,1024,3,volume_exchange_pack,0.9538474834453012,1.669278593999934,1024
sparse,natural,1024,3,volume_exchange_unpack,1.0106754801142448,1.8672301319998041,1024
sparse,natural,1024,3,volume_payload_exchange,0.05302719479297435,0.0918935849999798,1024
sparse,natural,1024,3,volume_payload_prepare,0.006327039057623551,0.015576334000343195,1024
sparse,natural,1024,3,volume_refine,3.0309072500429717,4.159834312000385,1024
sparse,natural,1024,3,volume_size_exchange,0.7291897711640711,1.111576290999892,1024
sparse,natural,1024,4,adjacency_build,0.0001684319404167134,0.00046092699994915165,1024
sparse,natural,1024,4,element_count_allgather,0.002252034097662836,0.0037823020002178964,1024
sparse,natural,1024,4,face_local_extract,0.17493045988379707,0.18735220799999297,1024
sparse,natural,1024,4,face_map_setup,0.008170191349608835,0.010316131999843492,1024
sparse,natural,1024,4,face_pipeline_total,0.3964532386523425,0.3986646660000588,1024
sparse,natural,1024,4,face_sparse_context,0.013196593144532365,0.1777877009999429,1024
sparse,natural,1024,4,face_sparse_deliver,0.0076577840253988505,0.008959960999618488,1024
sparse,natural,1024,4,face_sparse_directory,0.026836116120114717,0.027184218000002147,1024
sparse,natural,1024,4,face_sparse_match,0.16138933691992552,0.16180825199990068,1024
sparse,natural,1024,4,face_sparse_total,0.2103113132812493,0.3749707789997956,1024
sparse,natural,1024,4,local_volume_mesh,7.573221547010746,10.930149537000034,1024
sparse,natural,1024,4,metis_partition,1.6937987195732407,1.6944528069998341,1024
sparse,natural,1024,4,metis_seed,0.0012215537138673405,1.2508710030001566,1
sparse,natural,1024,4,part_face_create,0.011562755687500204,0.015343807000135712,1024
sparse,natural,1024,4,partition_cost_balance,3.078108007770197e-05,0.03151982599956682,1
sparse,natural,1024,4,partition_cost_setup,0.00038555816601570925,0.39481156200008627,1
sparse,natural,1024,4,partition_distribution,1.692005223672854,1.6943211510001674,1024
sparse,natural,1024,4,submesh_initialization,0.0001426369570340924,0.011480820000087988,1024
sparse,natural,1024,4,surface_refine,0.011319301776360646,0.01568361699992238,1024
sparse,natural,1024,4,vertex_count_allgather,3.585117292740232,7.01891311899999,1024
sparse,natural,1024,4,vertex_exchange,0.008999283020512117,0.016418241999872407,1024
sparse,natural,1024,4,vertex_exchange_prepare,0.0003093051445337558,0.0011319529999127553,1024
sparse,natural,1024,4,vertex_exchange_unpack,0.00845895501465499,0.02981927300015741,1024
sparse,natural,1024,4,vertex_numbering_local,0.05814292634669105,0.12030912299996999,1024
sparse,natural,1024,4,volume_exchange_pack,0.9555915727910218,1.474137549000261,1024
sparse,natural,1024,4,volume_exchange_unpack,1.0114681901865317,1.9107552469999973,1024
sparse,natural,1024,4,volume_payload_exchange,0.052802062274415196,0.09024111200005791,1024
sparse,natural,1024,4,volume_payload_prepare,0.006388855029289431,0.02616712999997617,1024
sparse,natural,1024,4,volume_refine,3.0361590047939506,4.141417955000179,1024
sparse,natural,1024,4,volume_size_exchange,0.5385951058671834,0.9366283790000125,1024
sparse,natural,1024,5,adjacency_build,0.00016850645214816495,0.00041590499995436403,1024
sparse,natural,1024,5,element_count_allgather,0.001962746117201153,0.003527298999870254,1024
sparse,natural,1024,5,face_local_extract,0.1749896038300709,0.1980200259999947,1024
sparse,natural,1024,5,face_map_setup,0.008199455030264868,0.009821989000101894,1024
sparse,natural,1024,5,face_pipeline_total,0.46539640753026656,0.4792578870001307,1024
sparse,natural,1024,5,face_sparse_context,0.0243804591582073,0.1898022459999993,1024
sparse,natural,1024,5,face_sparse_deliver,0.014341573547855813,0.01618968799994036,1024
sparse,natural,1024,5,face_sparse_directory,0.02973562212988856,0.030026250000446453,1024
sparse,natural,1024,5,face_sparse_match,0.20936505603125743,0.22802673399974083,1024
sparse,natural,1024,5,face_sparse_total,0.27916311856543174,0.4448860530001184,1024
sparse,natural,1024,5,local_volume_mesh,7.574344575692378,10.988128347999918,1024
sparse,natural,1024,5,metis_partition,1.7000286533584017,1.701201738999771,1024
sparse,natural,1024,5,metis_seed,0.0012449262558593688,1.2748044859999936,1
sparse,natural,1024,5,part_face_create,0.01158097092674426,0.014409550999971543,1024
sparse,natural,1024,5,partition_cost_balance,3.0574944335892695e-05,0.03130874299995412,1
sparse,natural,1024,5,partition_cost_setup,0.0003768407138671215,0.3858848909999324,1
sparse,natural,1024,5,partition_distribution,1.6982463899990305,1.7010572969998066,1024
sparse,natural,1024,5,submesh_initialization,0.00013068405664151683,0.00027570300017032423,1024
sparse,natural,1024,5,surface_refine,0.01141531757617642,0.015431235000050947,1024
sparse,natural,1024,5,vertex_count_allgather,3.687937474695318,7.145099759999994,1024
sparse,natural,1024,5,vertex_exchange,0.00925276582324841,0.030348655999659968,1024
sparse,natural,1024,5,vertex_exchange_prepare,0.0003085818915931071,0.0010570519998509553,1024
sparse,natural,1024,5,vertex_exchange_unpack,0.00844056085155831,0.029714491000049748,1024
sparse,natural,1024,5,vertex_numbering_local,0.057969754014650654,0.12083014499967248,1024
sparse,natural,1024,5,volume_exchange_pack,0.9541661366523493,1.5535281019997456,1024
sparse,natural,1024,5,volume_exchange_unpack,1.0095848393378994,1.7722085589998642,1024
sparse,natural,1024,5,volume_payload_exchange,0.05264931226464009,0.08735499000022173,1024
sparse,natural,1024,5,volume_payload_prepare,0.006382113463876404,0.015529314000104932,1024
sparse,natural,1024,5,volume_refine,3.032622682555657,4.150463857999966,1024
sparse,natural,1024,5,volume_size_exchange,0.6233948358349575,1.0092824939997627,1024
sparse,split,1024,1,adjacency_build,0.00016605034473249347,0.00047380700016219635,1024
sparse,split,1024,1,element_count_allgather,0.00041093205663633725,0.00377802499997415,1024
sparse,split,1024,1,element_count_pre_collective_wait,0.0036591411679705033,0.005610922999949253,1024
sparse,split,1024,1,face_local_extract,0.17471382848536043,0.18599095299987312,1024
sparse,split,1024,1,face_map_setup,0.008179232014650761,0.009692004999578785,1024
sparse,split,1024,1,face_pipeline_total,0.40791974254785046,0.40888023899969994,1024
sparse,split,1024,1,face_sparse_context,0.013046693195316816,0.17790410199995677,1024
sparse,split,1024,1,face_sparse_deliver,0.008048589848626442,0.008306264000111696,1024
sparse,split,1024,1,face_sparse_deliver_pre_collective_wait,0.000389901625978073,0.004305087999910029,1024
sparse,split,1024,1,face_sparse_directory,0.026857972284187515,0.027171180000095774,1024
sparse,split,1024,1,face_sparse_directory_pre_collective_wait,0.0008675113027245551,0.011996061999980157,1024
sparse,split,1024,1,face_sparse_match,0.17022989531738864,0.17078062099972158,1024
sparse,split,1024,1,face_sparse_match_pre_collective_wait,0.0014418887929674717,0.0029997359997651074,1024
sparse,split,1024,1,face_sparse_total,0.2219939316240258,0.3868130440000641,1024
sparse,split,1024,1,local_volume_mesh,7.570961247210935,10.931206296000255,1024
sparse,split,1024,1,metis_partition,1.6855358348769438,1.686196093000035,1024
sparse,split,1024,1,metis_seed,0.001230455405273112,1.2599863349996667,1
sparse,split,1024,1,part_face_create,0.011563732946287875,0.014453742999648966,1024
sparse,split,1024,1,partition_cost_balance,3.0172303711051285e-05,0.030896439000116516,1
sparse,split,1024,1,partition_cost_setup,0.00037893378906250774,0.38802820000000793,1
sparse,split,1024,1,partition_distribution,0.005266723321294631,0.0057088640000984014,1024
sparse,split,1024,1,partition_pre_collective_wait,1.6784821965234413,1.6804505649997736,1024
sparse,split,1024,1,submesh_initialization,0.0001305639003832404,0.00025898300009430386,1024
sparse,split,1024,1,surface_refine,0.011346492817385201,0.015018178999980591,1024
sparse,split,1024,1,vertex_count_allgather,0.0011002636630883522,0.003987089000020205,1024
sparse,split,1024,1,vertex_count_pre_collective_wait,3.6038514202548844,7.18569214099989,1024
sparse,split,1024,1,vertex_exchange,0.009061305504886707,0.015663993999623926,1024
sparse,split,1024,1,vertex_exchange_prepare,0.0003086772421982964,0.001045131999944715,1024
sparse,split,1024,1,vertex_exchange_unpack,0.008444318343756141,0.027290045999961876,1024
sparse,split,1024,1,vertex_numbering_local,0.0579065090771409,0.12529671599986614,1024
sparse,split,1024,1,volume_exchange_pack,0.9518287102753984,1.6851446059999944,1024
sparse,split,1024,1,volume_exchange_unpack,1.0096668139130882,2.1085746200001267,1024
sparse,split,1024,1,volume_payload_exchange,0.05258307931641726,0.09042159399996308,1024
sparse,split,1024,1,volume_payload_prepare,0.006079229953122933,0.014163423000354669,1024
sparse,split,1024,1,volume_refine,3.03284623669142,4.097739972999989,1024
sparse,split,1024,1,volume_size_exchange,0.0016299005947311151,0.004363781999927596,1024
sparse,split,1024,1,volume_size_exchange_pre_collective_wait,0.737660097978512,1.1384277950000978,1024
sparse,split,1024,2,adjacency_build,0.00016684153417978465,0.00045024600012766314,1024
sparse,split,1024,2,element_count_allgather,0.0008177758769623011,0.00341707999996288,1024
sparse,split,1024,2,element_count_pre_collective_wait,0.0028093563886661954,0.0042989670000679325,1024
sparse,split,1024,2,face_local_extract,0.1751754566933572,0.19675778100008756,1024
sparse,split,1024,2,face_map_setup,0.008197371933594155,0.010114459000305942,1024
sparse,split,1024,2,face_pipeline_total,0.46337373474902943,0.47355736999998044,1024
sparse,split,1024,2,face_sparse_context,0.031568716422846865,0.20023959599984664,1024
sparse,split,1024,2,face_sparse_deliver,0.009099143865233028,0.01014470900008746,1024
sparse,split,1024,2,face_sparse_deliver_pre_collective_wait,0.02191866459570946,0.026383107000128803,1024
sparse,split,1024,2,face_sparse_directory,0.027055268062502247,0.028540849999899365,1024
sparse,split,1024,2,face_sparse_directory_pre_collective_wait,0.020824488215815062,0.03904239899975437,1024
sparse,split,1024,2,face_sparse_match,0.16396808653222195,0.1846717670000544,1024
sparse,split,1024,2,face_sparse_match_pre_collective_wait,0.0013982937988292754,0.0016679410000506323,1024
sparse,split,1024,2,face_sparse_total,0.2769583897900425,0.4455104839998967,1024
sparse,split,1024,2,local_volume_mesh,7.57285344738867,10.857421742000042,1024
sparse,split,1024,2,metis_partition,1.7142089010595738,1.731086489000063,1024
sparse,split,1024,2,metis_seed,0.0012385698408201584,1.2682955169998422,1
sparse,split,1024,2,part_face_create,0.011613955678715815,0.023036130000036792,1024
sparse,split,1024,2,partition_cost_balance,3.1489526367334264e-05,0.032245275000150286,1
sparse,split,1024,2,partition_cost_setup,0.0003784663417967238,0.38754953399984515,1
sparse,split,1024,2,partition_distribution,0.024733205980468576,0.04148369199992885,1024
sparse,split,1024,2,partition_pre_collective_wait,1.6876809563789013,1.6895939250002812,1024
sparse,split,1024,2,submesh_initialization,0.00012982584667309283,0.0003959450000365905,1024
sparse,split,1024,2,surface_refine,0.0113174105224636,0.015606567000304494,1024
sparse,split,1024,2,vertex_count_allgather,0.013943907908203546,0.015437322000252607,1024
sparse,split,1024,2,vertex_count_pre_collective_wait,3.631946064110355,7.198197622999942,1024
sparse,split,1024,2,vertex_exchange,0.009409428322265434,0.02372759900026722,1024
sparse,split,1024,2,vertex_exchange_prepare,0.00031289026269387676,0.0009684100000413309,1024
sparse,split,1024,2,vertex_exchange_unpack,0.008393257450204583,0.027742765999846597,1024
sparse,split,1024,2,vertex_numbering_local,0.058121085466797506,0.12742980400025772,1024
sparse,split,1024,2,volume_exchange_pack,0.9562882731894509,1.4946681199999148,1024
sparse,split,1024,2,volume_exchange_unpack,1.0126793297167915,1.8921283929998935,1024
sparse,split,1024,2,volume_payload_exchange,0.052825027185542606,0.09216018799997983,1024
sparse,split,1024,2,volume_payload_prepare,0.006374814357423375,0.024969649000013305,1024
sparse,split,1024,2,volume_refine,3.0361316612617126,4.178061824999986,1024
sparse,split,1024,2,volume_size_exchange,0.012784882988276625,0.015262082999925042,1024
sparse,split,1024,2,volume_size_exchange_pre_collective_wait,0.5643738054072243,0.9736666200001309,1024
sparse,split,1024,3,adjacency_build,0.00016732977246380898,0.0004572470002131013,1024
sparse,split,1024,3,element_count_allgather,0.001173297895495029,0.004677195000112988,1024
sparse,split,1024,3,element_count_pre_collective_wait,0.004010589754883664,0.006228244000340055,1024
sparse,split,1024,3,face_local_extract,0.17540555678222347,0.2256125060002887,1024
sparse,split,1024,3,face_map_setup,0.008176154593748652,0.010303044000011141,1024
sparse,split,1024,3,face_pipeline_total,0.5260037520986423,0.5382971889998771,1024
sparse,split,1024,3,face_sparse_context,0.05132280762695052,0.2174651869995614,1024
sparse,split,1024,3,face_sparse_deliver,0.008478688691411218,0.008943729000293388,1024
sparse,split,1024,3,face_sparse_deliver_pre_collective_wait,0.022694496124997965,0.026079584999934013,1024
sparse,split,1024,3,face_sparse_directory,0.02828815155664799,0.028361124000184645,1024
sparse,split,1024,3,face_sparse_directory_pre_collective_wait,0.02999195568456603,0.031067083999914757,1024
sparse,split,1024,3,face_sparse_match,0.1763843782001926,0.20628601499993238,1024
sparse,split,1024,3,face_sparse_match_pre_collective_wait,0.0209629185166067,0.023876437000126316,1024
sparse,split,1024,3,face_sparse_total,0.33936808899999127,0.5054594389998783,1024
sparse,split,1024,3,local_volume_mesh,7.5740536374853455,10.992153061999943,1024
sparse,split,1024,3,metis_partition,1.7005778580488196,1.7014308079997136,1024
sparse,split,1024,3,metis_seed,0.0012275971083983706,1.2570594389999314,1
sparse,split,1024,3,part_face_create,0.011612481146493714,0.015303484000014578,1024
sparse,split,1024,3,partition_cost_balance,3.061371484358588e-05,0.03134844399983194,1
sparse,split,1024,3,partition_cost_setup,0.00037825655371115374,0.38733471100022143,1
sparse,split,1024,3,partition_distribution,0.023345157189458732,0.02411310300021796,1024
sparse,split,1024,3,partition_pre_collective_wait,1.6754485043593763,1.677526807999584,1024
sparse,split,1024,3,submesh_initialization,0.0001310420087841102,0.0003105840000898752,1024
sparse,split,1024,3,surface_refine,0.011270218768561158,0.015171151999766153,1024
sparse,split,1024,3,vertex_count_allgather,0.0008438925810545506,0.00348380300010831,1024
sparse,split,1024,3,vertex_count_pre_collective_wait,3.6318316568935654,7.141937418999987,1024
sparse,split,1024,3,vertex_exchange,0.009099873583005458,0.016419069000221498,1024
sparse,split,1024,3,vertex_exchange_prepare,0.00031082182812935955,0.0010601930002849258,1024
sparse,split,1024,3,vertex_exchange_unpack,0.008432974710940844,0.02732994600000893,1024
sparse,split,1024,3,vertex_numbering_local,0.05807266235157016,0.1121377819999907,1024
sparse,split,1024,3,volume_exchange_pack,0.9561998596162029,1.5372420740000052,1024
sparse,split,1024,3,volume_exchange_unpack,1.0100862897959022,1.805332085000373,1024
sparse,split,1024,3,volume_payload_exchange,0.05259841505664298,0.09043103400017571,1024
sparse,split,1024,3,volume_payload_prepare,0.006356587521476165,0.020054507000168087,1024
sparse,split,1024,3,volume_refine,3.0315913547558613,4.11576315900038,1024
sparse,split,1024,3,volume_size_exchange,0.013803626456060591,0.03175671400003921,1024
sparse,split,1024,3,volume_size_exchange_pre_collective_wait,0.5830193002568351,0.9871725839998362,1024
sparse,split,1024,4,adjacency_build,0.0001662881435557928,0.00047060599990800256,1024
sparse,split,1024,4,element_count_allgather,0.0013411534628815502,0.004118066000046383,1024
sparse,split,1024,4,element_count_pre_collective_wait,0.0034994701064334777,0.005200797999805218,1024
sparse,split,1024,4,face_local_extract,0.17503605468358963,0.21979560099998707,1024
sparse,split,1024,4,face_map_setup,0.008196688511719508,0.023064332000103605,1024
sparse,split,1024,4,face_pipeline_total,0.5610104210439482,0.5629034079997837,1024
sparse,split,1024,4,face_sparse_context,0.04650772460644825,0.21281609000016033,1024
sparse,split,1024,4,face_sparse_deliver,0.008163949955080962,0.008256371000243234,1024
sparse,split,1024,4,face_sparse_deliver_pre_collective_wait,0.023193749975587874,0.02697879599963926,1024
sparse,split,1024,4,face_sparse_directory,0.03724931316991187,0.03838132400005634,1024
sparse,split,1024,4,face_sparse_directory_pre_collective_wait,0.02174447069335317,0.038022212000214495,1024
sparse,split,1024,4,face_sparse_match,0.21623182366405969,0.2382918990001599,1024
sparse,split,1024,4,face_sparse_match_pre_collective_wait,0.02044630659374258,0.18282620199988742,1024
sparse,split,1024,4,face_sparse_total,0.3747053655976593,0.5420386079999844,1024
sparse,split,1024,4,local_volume_mesh,7.575798184062501,10.916211894999833,1024
sparse,split,1024,4,metis_partition,1.7780973551591774,1.778523898000003,1024
sparse,split,1024,4,metis_seed,0.001235800586913971,1.2654598009999063,1
sparse,split,1024,4,part_face_create,0.011588681552722413,0.013246614999843587,1024
sparse,split,1024,4,partition_cost_balance,3.125401660142302e-05,0.03200411299985717,1
sparse,split,1024,4,partition_cost_setup,0.00038038831738251844,0.3895176369996989,1
sparse,split,1024,4,partition_distribution,0.08957183908984057,0.09004075399980138,1024
sparse,split,1024,4,partition_pre_collective_wait,1.6867312186855505,1.698575530999733,1024
sparse,split,1024,4,submesh_initialization,0.00013185929394676776,0.00032754399990153615,1024
sparse,split,1024,4,surface_refine,0.011330447522467146,0.01539513599982456,1024
sparse,split,1024,4,vertex_count_allgather,0.0009131065996133003,0.003960519999964163,1024
sparse,split,1024,4,vertex_count_pre_collective_wait,3.692511975622064,7.124845435000225,1024
sparse,split,1024,4,vertex_exchange,0.009179611102545504,0.020258616999853984,1024
sparse,split,1024,4,vertex_exchange_prepare,0.000308781254883872,0.0011432170003899955,1024
sparse,split,1024,4,vertex_exchange_unpack,0.00845305210938152,0.02696256099989114,1024
sparse,split,1024,4,vertex_numbering_local,0.057840186246088,0.1344006829999671,1024
sparse,split,1024,4,volume_exchange_pack,0.9539486697851656,1.4822297069999877,1024
sparse,split,1024,4,volume_exchange_unpack,1.0100904811650429,1.8966742960001284,1024
sparse,split,1024,4,volume_payload_exchange,0.052925245476561855,0.09346565700025167,1024
sparse,split,1024,4,volume_payload_prepare,0.006357585845693681,0.01520505000007688,1024
sparse,split,1024,4,volume_refine,3.036068544321293,4.150584417000118,1024
sparse,split,1024,4,volume_size_exchange,0.001207250505857349,0.00132577600015793,1024
sparse,split,1024,4,volume_size_exchange_pre_collective_wait,0.5541329201015621,0.945317138000064,1024
sparse,split,1024,5,adjacency_build,0.00016596734082563458,0.00040074599974104785,1024
sparse,split,1024,5,element_count_allgather,0.0012398419609382927,0.0040697059998819896,1024
sparse,split,1024,5,element_count_pre_collective_wait,0.003817366605466166,0.006710908000059135,1024
sparse,split,1024,5,face_local_extract,0.17494727741893756,0.19885738299990408,1024
sparse,split,1024,5,face_map_setup,0.008188475815428475,0.010071079000226746,1024
sparse,split,1024,5,face_pipeline_total,0.4832977792939359,0.5036378350000632,1024
sparse,split,1024,5,face_sparse_context,0.029314223021488228,0.19666161100030877,1024
sparse,split,1024,5,face_sparse_deliver,0.013432936407229423,0.014053044999855047,1024
sparse,split,1024,5,face_sparse_deliver_pre_collective_wait,0.013741561140621528,0.019695178999882046,1024
sparse,split,1024,5,face_sparse_directory,0.0338416493876994,0.03866134100007912,1024
sparse,split,1024,5,face_sparse_directory_pre_collective_wait,0.014832611754896252,0.04000643700010187,1024
sparse,split,1024,5,face_sparse_match,0.17933407479005004,0.1937840759997016,1024
sparse,split,1024,5,face_sparse_match_pre_collective_wait,0.011421221417973193,0.01395989799993913,1024
sparse,split,1024,5,face_sparse_total,0.29710719183886924,0.46435937200021726,1024
sparse,split,1024,5,local_volume_mesh,7.5739503397207075,11.190815951999866,1024
sparse,split,1024,5,metis_partition,1.6929974582382816,1.7129749660002744,1024
sparse,split,1024,5,metis_seed,0.001232522880859399,1.2621034300000247,1
sparse,split,1024,5,part_face_create,0.011647575668953358,0.026711090999924636,1024
sparse,split,1024,5,partition_cost_balance,3.0959872070468464e-05,0.03170290900015971,1
sparse,split,1024,5,partition_cost_setup,0.00038292455761723687,0.39211474700005056,1
sparse,split,1024,5,partition_distribution,0.005509723242179909,0.02542043699986607,1024
sparse,split,1024,5,partition_pre_collective_wait,1.6856933635000009,1.6879442990002644,1024
sparse,split,1024,5,submesh_initialization,0.00013089413867817257,0.0003199039997525688,1024
sparse,split,1024,5,surface_refine,0.011405885983406527,0.017161347000183014,1024
sparse,split,1024,5,vertex_count_allgather,0.002170749898442903,0.005717086000004201,1024
sparse,split,1024,5,vertex_count_pre_collective_wait,3.8605098724296787,7.308339383999737,1024
sparse,split,1024,5,vertex_exchange,0.0093095159999943,0.017216365999956906,1024
sparse,split,1024,5,vertex_exchange_prepare,0.00031022381836010027,0.002204463999987638,1024
sparse,split,1024,5,vertex_exchange_unpack,0.008427889467772953,0.03351055899975108,1024
sparse,split,1024,5,vertex_numbering_local,0.05769880673633265,0.11290939500031527,1024
sparse,split,1024,5,volume_exchange_pack,0.952634838094736,1.4984291189998658,1024
sparse,split,1024,5,volume_exchange_unpack,1.0121897475263757,1.7883208919997742,1024
sparse,split,1024,5,volume_payload_exchange,0.05262950443945247,0.08981986500020867,1024
sparse,split,1024,5,volume_payload_prepare,0.006308806261711819,0.01437997599987284,1024
sparse,split,1024,5,volume_refine,3.0335465242431567,4.163989953000055,1024
sparse,split,1024,5,volume_size_exchange,0.013945194089841628,0.014219434000096953,1024
sparse,split,1024,5,volume_size_exchange_pre_collective_wait,0.5716559525966765,0.970942844000092,1024
baseline,natural,2048,1,adjacency_build,0.010800847859864682,0.021190103000208182,2048
baseline,natural,2048,1,element_count_allgather,0.0021097912646534933,0.004310295999857772,2048
baseline,natural,2048,1,face_allgatherv,0.8011266218569328,1.5137246650001543,2048
baseline,natural,2048,1,face_collective_setup,0.00018090366406076086,0.0008103089999167423,2048
baseline,natural,2048,1,face_global_merge,0.08932148087255931,0.10067483300008462,2048
baseline,natural,2048,1,face_local_extract,0.17366125089551687,0.18704787499973463,2048
baseline,natural,2048,1,face_map_setup,0.007790599980964208,0.010390330000063841,2048
baseline,natural,2048,1,face_pipeline_total,1.076905061309565,1.7876492949999374,2048
baseline,natural,2048,1,local_volume_mesh,6.484664541828124,8.833973233000052,2048
baseline,natural,2048,1,metis_partition,2.103212443616207,2.104488224000306,2048
baseline,natural,2048,1,metis_seed,0.0008144313403319892,1.6679553849999138,1
baseline,natural,2048,1,part_face_create,0.025084949042477156,0.030784555000082037,2048
baseline,natural,2048,1,partition_cost_balance,1.548065332035442e-05,0.03170437800008585,1
baseline,natural,2048,1,partition_cost_setup,0.00019290096874979845,0.39506118399958723,1
baseline,natural,2048,1,partition_distribution,2.102059965983405,2.1043877830002202,2048
baseline,natural,2048,1,submesh_initialization,0.0001739250048828911,0.024663650000093185,2048
baseline,natural,2048,1,surface_refine,0.00709707524951253,0.012061860999892815,2048
baseline,natural,2048,1,vertex_count_allgather,2.5274166690722657,4.818338102000325,2048
baseline,natural,2048,1,vertex_exchange,0.021600723528317323,0.0383506370003488,2048
baseline,natural,2048,1,vertex_exchange_prepare,0.0002939970727464658,0.0009288710002692824,2048
baseline,natural,2048,1,vertex_exchange_unpack,0.006269153261223348,0.019873828000072535,2048
baseline,natural,2048,1,vertex_numbering_local,0.03782886440087507,0.06729683300000033,2048
baseline,natural,2048,1,volume_exchange_pack,0.5113816628085945,0.8096586460001163,2048
baseline,natural,2048,1,volume_exchange_unpack,0.5426186872895591,0.9500329020002027,2048
baseline,natural,2048,1,volume_payload_exchange,0.03738407473730976,0.06928408699968713,2048
baseline,natural,2048,1,volume_payload_prepare,0.004788524151856599,0.026032673999907274,2048
baseline,natural,2048,1,volume_refine,1.5924318884453148,2.1443545880001693,2048
baseline,natural,2048,1,volume_size_exchange,0.30543685517969066,0.5379573099999106,2048
baseline,natural,2048,2,adjacency_build,0.010825820959479593,0.03803657900016333,2048
baseline,natural,2048,2,element_count_allgather,0.0027985624687485444,0.004721954000160622,2048
baseline,natural,2048,2,face_allgatherv,0.8168914247700216,1.5213413179999407,2048
baseline,natural,2048,2,face_collective_setup,0.00017809452246275725,0.0008835899998302921,2048
baseline,natural,2048,2,face_global_merge,0.08930730788183938,0.09685130299976663,2048
baseline,natural,2048,2,face_local_extract,0.17374291438671463,0.18704571699981898,2048
baseline,natural,2048,2,face_map_setup,0.00773972231543385,0.009208209000007628,2048
baseline,natural,2048,2,face_pipeline_total,1.0926325188056594,1.7940785430000687,2048
baseline,natural,2048,2,local_volume_mesh,6.4852866918510745,8.865583294999851,2048
baseline,natural,2048,2,metis_partition,2.101862733434567,2.112524883000333,2048
baseline,natural,2048,2,metis_seed,0.0008132470771484712,1.665530014000069,1
baseline,natural,2048,2,part_face_create,0.025039890738293158,0.030886464000104752,2048
baseline,natural,2048,2,partition_cost_balance,1.5524091308671828e-05,0.031793339000159904,1
baseline,natural,2048,2,partition_cost_setup,0.00018903717480456272,0.38714813399974446,1
baseline,natural,2048,2,partition_distribution,2.100737883283693,2.112429362000057,2048
baseline,natural,2048,2,submesh_initialization,0.00013057954931916527,0.00032116300008055987,2048
baseline,natural,2048,2,surface_refine,0.007094519890628037,0.011643122999885236,2048
baseline,natural,2048,2,vertex_count_allgather,2.5019822085566377,4.823363135999898,2048
baseline,natural,2048,2,vertex_exchange,0.021695673635738322,0.03894138399982694,2048
baseline,natural,2048,2,vertex_exchange_prepare,0.0002980804453160957,0.002657499999713764,2048
baseline,natural,2048,2,vertex_exchange_unpack,0.006304676846685675,0.018574436000108108,2048
baseline,natural,2048,2,vertex_numbering_local,0.03802742896874367,0.09547337000003608,2048
baseline,natural,2048,2,volume_exchange_pack,0.510121613695316,0.7592388829998526,2048
baseline,natural,2048,2,volume_exchange_unpack,0.5425364825376,0.9008540330000869,2048
baseline,natural,2048,2,volume_payload_exchange,0.0371592710546893,0.06250975500006462,2048
baseline,natural,2048,2,volume_payload_prepare,0.004753423020995129,0.010962140999708936,2048
baseline,natural,2048,2,volume_refine,1.592625985049314,2.1488263799997185,2048
baseline,natural,2048,2,volume_size_exchange,0.24833923625488485,0.4929452669998682,2048
baseline,natural,2048,3,adjacency_build,0.01086495780712382,0.04686455599994588,2048
baseline,natural,2048,3,element_count_allgather,0.01018784791357552,0.0457174599996506,2048
baseline,natural,2048,3,face_allgatherv,0.852408885796873,1.5557806760002677,2048
baseline,natural,2048,3,face_collective_setup,0.00018089141015864563,0.0008186089999071555,2048
baseline,natural,2048,3,face_global_merge,0.08929618896533009,0.12471130499989158,2048
baseline,natural,2048,3,face_local_extract,0.17386455390087474,0.22006657100018856,2048
baseline,natural,2048,3,face_map_setup,0.0077509730776408325,0.009112418000313482,2048
baseline,natural,2048,3,face_pipeline_total,1.12826290096143,1.8296310850000737,2048
baseline,natural,2048,3,local_volume_mesh,6.483857637888176,8.890126516999771,2048
baseline,natural,2048,3,metis_partition,2.1024700799350624,2.1157377979998273,2048
baseline,natural,2048,3,metis_seed,0.0008132638027344985,1.665564268000253,1
baseline,natural,2048,3,part_face_create,0.02508163358251525,0.048410684000373294,2048
baseline,natural,2048,3,partition_cost_balance,1.5247115722649696e-05,0.031226092999986577,1
baseline,natural,2048,3,partition_cost_setup,0.0001899231894531006,0.38896269199995004,1
baseline,natural,2048,3,partition_distribution,2.1013380177431666,2.11564063600008,2048
baseline,natural,2048,3,submesh_initialization,0.00014482391260073335,0.027783259999978327,2048
baseline,natural,2048,3,surface_refine,0.007090102247558683,0.030055920999984664,2048
baseline,natural,2048,3,vertex_count_allgather,2.5396643747871144,4.877805504000207,2048
baseline,natural,2048,3,vertex_exchange,0.02182086562011154,0.03872242699981143,2048
baseline,natural,2048,3,vertex_exchange_prepare,0.0002907056308512068,0.0008498100000906561,2048
baseline,natural,2048,3,vertex_exchange_unpack,0.006374111403317562,0.03034358600007181,2048
baseline,natural,2048,3,vertex_numbering_local,0.0379956518320288,0.07213920300000609,2048
baseline,natural,2048,3,volume_exchange_pack,0.5109151922807635,0.7998610760000702,2048
baseline,natural,2048,3,volume_exchange_unpack,0.5436204526845632,1.0276077750004333,2048
baseline,natural,2048,3,volume_payload_exchange,0.03933088189355671,0.07068362800009709,2048
baseline,natural,2048,3,volume_payload_prepare,0.004659404252928878,0.020611562999874877,2048
baseline,natural,2048,3,volume_refine,1.5927719908979507,2.2456601060002868,2048
baseline,natural,2048,3,volume_size_exchange,0.28536160690234014,0.5301567530000284,2048
baseline,natural,2048,4,adjacency_build,0.010789705427243224,0.021829367999998794,2048
baseline,natural,2048,4,element_count_allgather,0.00991851441113245,0.02964048100011496,2048
baseline,natural,2048,4,face_allgatherv,0.8330767811992221,1.5176847930001713,2048
baseline,natural,2048,4,face_collective_setup,0.00018103430127380804,0.0008069290001913032,2048
baseline,natural,2048,4,face_global_merge,0.08923838047266108,0.1224098480001885,2048
baseline,natural,2048,4,face_local_extract,0.17376704222754058,0.2172671349999291,2048
baseline,natural,2048,4,face_map_setup,0.007753329184079005,0.00967231200002061,2048
baseline,natural,2048,4,face_pipeline_total,1.1087759882949169,1.7879355600002782,2048
baseline,natural,2048,4,local_volume_mesh,6.484188778483887,9.00105466199966,2048
baseline,natural,2048,4,metis_partition,2.1272787888417994,2.1338454810002077,2048
baseline,natural,2048,4,metis_seed,0.0008242315146484991,1.6880261420001261,1
baseline,natural,2048,4,part_face_create,0.02503340886377292,0.028992311999900267,2048
baseline,natural,2048,4,partition_cost_balance,1.605504443347172e-05,0.032880730999750085,1
baseline,natural,2048,4,partition_cost_setup,0.00019018125878900172,0.3894912179998755,1
baseline,natural,2048,4,partition_distribution,2.1261256515136693,2.1337439410003753,2048
baseline,natural,2048,4,submesh_initialization,0.00014504020117156458,0.0272166089998791,2048
baseline,natural,2048,4,surface_refine,0.007077894325679068,0.011316001000068354,2048
baseline,natural,2048,4,vertex_count_allgather,2.5511995235390605,4.876140124000358,2048
baseline,natural,2048,4,vertex_exchange,0.021918322558589276,0.04614060799985964,2048
baseline,natural,2048,4,vertex_exchange_prepare,0.0002939419589931269,0.0026061500002469984,2048
baseline,natural,2048,4,vertex_exchange_unpack,0.006400393113277669,0.019255301000157488,2048
baseline,natural,2048,4,vertex_numbering_local,0.037903338877440795,0.07596941800011336,2048
baseline,natural,2048,4,volume_exchange_pack,0.5118271373857499,0.7339683179998246,2048
baseline,natural,2048,4,volume_exchange_unpack,0.5433190720712873,0.9535328950000803,2048
baseline,natural,2048,4,volume_payload_exchange,0.03708526769774889,0.07147917000020243,2048
baseline,natural,2048,4,volume_payload_prepare,0.004846409947756758,0.039027746000101615,2048
baseline,natural,2048,4,volume_refine,1.5925086524365204,2.1615164509998976,2048
baseline,natural,2048,4,volume_size_exchange,0.2254647923539972,0.45300627599999643,2048
baseline,natural,2048,5,adjacency_build,0.010798925321286346,0.0212470139999823,2048
baseline,natural,2048,5,element_count_allgather,0.014125807049804706,0.01811561599970446,2048
baseline,natural,2048,5,face_allgatherv,0.7920628390883773,1.4944632090000596,2048
baseline,natural,2048,5,face_collective_setup,0.00018319990088389027,0.0012709149996226188,2048
baseline,natural,2048,5,face_global_merge,0.08921308865087929,0.09614850099978867,2048
baseline,natural,2048,5,face_local_extract,0.17373702950781267,0.18628087499973844,2048
baseline,natural,2048,5,face_map_setup,0.007772789689942883,0.009211466000124346,2048
baseline,natural,2048,5,face_pipeline_total,1.0677609496044984,1.7681230060002235,2048
baseline,natural,2048,5,local_volume_mesh,6.485444184472653,8.874468889999662,2048
baseline,natural,2048,5,metis_partition,2.108767392062012,2.109214606000023,2048
baseline,natural,2048,5,metis_seed,0.0008204365766601995,1.6802541090000886,1
baseline,natural,2048,5,part_face_create,0.025033028816400238,0.02859930400018129,2048
baseline,natural,2048,5,partition_cost_balance,1.593870263660868e-05,0.03264246299977458,1
baseline,natural,2048,5,partition_cost_setup,0.00018861622119148436,0.38628602100015996,1
baseline,natural,2048,5,partition_distribution,2.107611884238779,2.109125343999949,2048
baseline,natural,2048,5,submesh_initialization,0.00014965435449387776,0.016704687000128615,2048
baseline,natural,2048,5,surface_refine,0.0070833864912056566,0.009248542000023008,2048
baseline,natural,2048,5,vertex_count_allgather,2.471212244440911,4.80265360500016,2048
baseline,natural,2048,5,vertex_exchange,0.021624208540036216,0.04384330799985037,2048
baseline,natural,2048,5,vertex_exchange_prepare,0.0002961788930624376,0.0025773269999262993,2048
baseline,natural,2048,5,vertex_exchange_unpack,0.00630646099902421,0.01827839199995651,2048
baseline,natural,2048,5,vertex_numbering_local,0.037928156961913206,0.07018663099961486,2048
baseline,natural,2048,5,volume_exchange_pack,0.5113076409755821,0.7342863019998731,2048
baseline,natural,2048,5,volume_exchange_unpack,0.5437105048134754,0.9358856680000827,2048
baseline,natural,2048,5,volume_payload_exchange,0.037766350921385694,0.06148860299981607,2048
baseline,natural,2048,5,volume_payload_prepare,0.004795873704593001,0.02877017800028625,2048
baseline,natural,2048,5,volume_refine,1.5920951663129974,2.1544176469997183,2048
baseline,natural,2048,5,volume_size_exchange,0.22903421287402592,0.44012088499994206,2048
baseline,split,2048,1,adjacency_build,0.010730192699220265,0.020541517999845382,2048
baseline,split,2048,1,element_count_allgather,0.012149520213866172,0.0515367560001323,2048
baseline,split,2048,1,element_count_pre_collective_wait,0.003188051152836602,0.012424412000200391,2048
baseline,split,2048,1,face_allgatherv,0.8089639805024296,1.5027263970000604,2048
baseline,split,2048,1,face_collective_setup,0.0001685666772432981,0.0009655520002525009,2048
baseline,split,2048,1,face_global_merge,0.0892918167294936,0.11486037799977566,2048
baseline,split,2048,1,face_local_extract,0.1742609084316431,0.18608571999993728,2048
baseline,split,2048,1,face_map_setup,0.007993136684573798,0.00969799700033036,2048
baseline,split,2048,1,face_pipeline_total,1.0972405594667942,1.7917769420000695,2048
baseline,split,2048,1,face_pre_collective_wait,0.011841649068846882,0.1783831350003311,2048
baseline,split,2048,1,local_volume_mesh,6.486138238702637,8.836292793000212,2048
baseline,split,2048,1,metis_partition,2.0951401312524434,2.0957236639997063,2048
baseline,split,2048,1,metis_seed,0.0008142608310548471,1.667606182000327,1
baseline,split,2048,1,part_face_create,0.025049064971675028,0.04768292500011739,2048
baseline,split,2048,1,partition_cost_balance,1.57145527344138e-05,0.03218340400007946,1
baseline,split,2048,1,partition_cost_setup,0.00018879118554693264,0.38664434800011804,1
baseline,split,2048,1,partition_distribution,0.006194583122067776,0.006949122000150965,2048
baseline,split,2048,1,partition_pre_collective_wait,2.087794769712402,2.089170324999941,2048
baseline,split,2048,1,submesh_initialization,0.0001291939296881317,0.0004957060000378988,2048
baseline,split,2048,1,surface_refine,0.007118377765135797,0.021541272999911598,2048
baseline,split,2048,1,vertex_count_allgather,0.009527965106934655,0.01124669199998607,2048
baseline,split,2048,1,vertex_count_pre_collective_wait,2.5656038122026446,4.865687353999874,2048
baseline,split,2048,1,vertex_exchange,0.02568300098680809,0.05334372499964957,2048
baseline,split,2048,1,vertex_exchange_prepare,0.00028805924364649904,0.024091515999771218,2048
baseline,split,2048,1,vertex_exchange_unpack,0.005873301481446491,0.023232401999848662,2048
baseline,split,2048,1,vertex_numbering_local,0.03777721739794737,0.06945637299986629,2048
baseline,split,2048,1,volume_exchange_pack,0.509755679391598,0.7839302930001395,2048
baseline,split,2048,1,volume_exchange_unpack,0.5438289498847686,1.0026575899996715,2048
baseline,split,2048,1,volume_payload_exchange,0.03723337087939105,0.05830291900019802,2048
baseline,split,2048,1,volume_payload_prepare,0.004809392850585459,0.030310524000014993,2048
baseline,split,2048,1,volume_refine,1.590928351006835,2.1514036120001947,2048
baseline,split,2048,1,volume_size_exchange,0.023834044226074935,0.025143085999843606,2048
baseline,split,2048,1,volume_size_exchange_pre_collective_wait,0.2786980649179618,0.5155385900002329,2048
baseline,split,2048,2,adjacency_build,0.010789510581549422,0.03860387399981846,2048
baseline,split,2048,2,element_count_allgather,0.0005332455898490185,0.0037615419996654964,2048
baseline,split,2048,2,element_count_pre_collective_wait,0.002633874929687474,0.00463032400011798,2048
baseline,split,2048,2,face_allgatherv,0.8033526967583016,1.4986348540001018,2048
baseline,split,2048,2,face_collective_setup,0.0001713990703151591,0.000836148999951547,2048
baseline,split,2048,2,face_global_merge,0.08926467218261314,0.09697149600015109,2048
baseline,split,2048,2,face_local_extract,0.1735596755224642,0.1872750550001001,2048
baseline,split,2048,2,face_map_setup,0.007759762618651633,0.009629199999835691,2048
baseline,split,2048,2,face_pipeline_total,1.0929395921132807,1.7918387180002355,2048
baseline,split,2048,2,face_pre_collective_wait,0.014036234674807746,0.18006275400011873,2048
baseline,split,2048,2,local_volume_mesh,6.485822947491213,8.888046048999968,2048
baseline,split,2048,2,metis_partition,2.0982560059101543,2.099746488999699,2048
baseline,split,2048,2,metis_seed,0.0008152809379882164,1.6696953609998673,1
baseline,split,2048,2,part_face_create,0.02505130512353526,0.029891763999785326,2048
baseline,split,2048,2,partition_cost_balance,1.57196796874981e-05,0.03219390399999611,1
baseline,split,2048,2,partition_cost_setup,0.00018922426660150649,0.3875312979998853,1
baseline,split,2048,2,partition_distribution,0.0066430184052761465,0.007929810999939946,2048
baseline,split,2048,2,partition_pre_collective_wait,2.0904117368867206,2.091938182999911,2048
baseline,split,2048,2,submesh_initialization,0.0001658601240233093,0.029820596000263322,2048
baseline,split,2048,2,surface_refine,0.0070875597094659515,0.011314006999782578,2048
baseline,split,2048,2,vertex_count_allgather,0.00197792816797282,0.004260833999978786,2048
baseline,split,2048,2,vertex_count_pre_collective_wait,2.447128470281251,4.770102253000005,2048
baseline,split,2048,2,vertex_exchange,0.021587041367677307,0.03663701100003891,2048
baseline,split,2048,2,vertex_exchange_prepare,0.0002977260292960082,0.0009551309999551449,2048
baseline,split,2048,2,vertex_exchange_unpack,0.006336237295895719,0.021595079000235273,2048
baseline,split,2048,2,vertex_numbering_local,0.03791591200829991,0.07799788100010119,2048
baseline,split,2048,2,volume_exchange_pack,0.5113090336347668,0.7656318459999056,2048
baseline,split,2048,2,volume_exchange_unpack,0.5426653625468711,1.0167666120000831,2048
baseline,split,2048,2,volume_payload_exchange,0.03758254978905806,0.05966917699970509,2048
baseline,split,2048,2,volume_payload_prepare,0.004782249778320757,0.01111530500020308,2048
baseline,split,2048,2,volume_refine,1.5929845355185568,2.1451414050002313,2048
baseline,split,2048,2,volume_size_exchange,0.0012523068437366724,0.0013611389999823587,2048
baseline,split,2048,2,volume_size_exchange_pre_collective_wait,0.26147129886279386,0.4642500069999187,2048
baseline,split,2048,3,adjacency_build,0.010821393607424179,0.023722289000033925,2048
baseline,split,2048,3,element_count_allgather,0.0075246303535114745,0.012984118000076705,2048
baseline,split,2048,3,element_count_pre_collective_wait,0.003879525262691752,0.011776881000059802,2048
baseline,split,2048,3,face_allgatherv,0.7991391411650401,1.4929783849997875,2048
baseline,split,2048,3,face_collective_setup,0.00016956827196779045,0.0008805900001789269,2048
baseline,split,2048,3,face_global_merge,0.08924411171289992,0.10673134799981199,2048
baseline,split,2048,3,face_local_extract,0.17351520774121698,0.18562355199992453,2048
baseline,split,2048,3,face_map_setup,0.007757179542477122,0.009342432000266854,2048
baseline,split,2048,3,face_pipeline_total,1.087158191852541,1.782830740999998,2048
baseline,split,2048,3,face_pre_collective_wait,0.012537227074703061,0.17651339299982283,2048
baseline,split,2048,3,local_volume_mesh,6.4857960162099655,8.88638013300033,2048
baseline,split,2048,3,metis_partition,2.0946548892148398,2.0951853579999806,2048
baseline,split,2048,3,metis_seed,0.0008159253369139918,1.6710150899998553,1
baseline,split,2048,3,part_face_create,0.02505101118115216,0.03064794100009749,2048
baseline,split,2048,3,partition_cost_balance,1.5296764648509154e-05,0.031327774000146746,1
baseline,split,2048,3,partition_cost_setup,0.00018703213183601797,0.3830418060001648,1
baseline,split,2048,3,partition_distribution,0.006851275834479642,0.007091700999808381,2048
baseline,split,2048,3,partition_pre_collective_wait,2.08662656244971,2.0893835320002836,2048
baseline,split,2048,3,submesh_initialization,0.00016387266113770949,0.025068983000437584,2048
baseline,split,2048,3,surface_refine,0.007087077135246034,0.011200230000213196,2048
baseline,split,2048,3,vertex_count_allgather,0.0212226508627944,0.021482206000200676,2048
baseline,split,2048,3,vertex_count_pre_collective_wait,2.5913326820590834,4.988714383000115,2048
baseline,split,2048,3,vertex_exchange,0.021676457986816278,0.037529363999965426,2048
baseline,split,2048,3,vertex_exchange_prepare,0.00030163829686968846,0.002996298000198294,2048
baseline,split,2048,3,vertex_exchange_unpack,0.006349381465336146,0.020106133999888698,2048
baseline,split,2048,3,vertex_numbering_local,0.0379403711616213,0.0784921019999274,2048
baseline,split,2048,3,volume_exchange_pack,0.5103237078515608,0.7647215520000827,2048
baseline,split,2048,3,volume_exchange_unpack,0.5421519866176743,0.9445621849999952,2048
baseline,split,2048,3,volume_payload_exchange,0.03828431677685695,0.06737910300034855,2048
baseline,split,2048,3,volume_payload_prepare,0.004754008632323892,0.033107299000221246,2048
baseline,split,2048,3,volume_refine,1.5916172604345746,2.0981290310000986,2048
baseline,split,2048,3,volume_size_exchange,0.023569677398436628,0.023952418000135367,2048
baseline,split,2048,3,volume_size_exchange_pre_collective_wait,0.2590104333486283,0.47707818700018834,2048
baseline,split,2048,4,adjacency_build,0.010744886576661283,0.020075663999705284,2048
baseline,split,2048,4,element_count_allgather,0.001207088319814087,0.004975547999947594,2048
baseline,split,2048,4,element_count_pre_collective_wait,0.003405902181642162,0.0060721859999830485,2048
baseline,split,2048,4,face_allgatherv,0.7828494580571272,1.5249588970000332,2048
baseline,split,2048,4,face_collective_setup,0.00016651410058199367,0.0008067510002547351,2048
baseline,split,2048,4,face_global_merge,0.08919735091356684,0.09640196999998807,2048
baseline,split,2048,4,face_local_extract,0.17365116854540985,0.1866069890002109,2048
baseline,split,2048,4,face_map_setup,0.007743761648922209,0.009812715999942156,2048
baseline,split,2048,4,face_pipeline_total,1.0719010769726638,1.8188653610000074,2048
baseline,split,2048,4,face_pre_collective_wait,0.01353329098046796,0.17904668100027266,2048
baseline,split,2048,4,local_volume_mesh,6.486174356705074,8.860492439000154,2048
baseline,split,2048,4,metis_partition,2.1021776679409174,2.1101302669999313,2048
baseline,split,2048,4,metis_seed,0.0008112429008788613,1.661425460999908,1
baseline,split,2048,4,part_face_create,0.025028229992187567,0.030997232999652624,2048
baseline,split,2048,4,partition_cost_balance,1.6305057128906952e-05,0.03339275700000144,1
baseline,split,2048,4,partition_cost_setup,0.0001896799350586953,0.38846450700020796,1
baseline,split,2048,4,partition_distribution,0.01660549625830332,0.02459079800019026,2048
baseline,split,2048,4,partition_pre_collective_wait,2.084400021688478,2.098785055999997,2048
baseline,split,2048,4,submesh_initialization,0.0001452251132780802,0.020076943000276515,2048
baseline,split,2048,4,surface_refine,0.0070685220908282,0.009110396999858494,2048
baseline,split,2048,4,vertex_count_allgather,0.002136045136714282,0.005237258999841288,2048
baseline,split,2048,4,vertex_count_pre_collective_wait,2.5035908177324293,4.892750248000084,2048
baseline,split,2048,4,vertex_exchange,0.02188698950342194,0.0546514309999111,2048
baseline,split,2048,4,vertex_exchange_prepare,0.000295350297857766,0.0008456700002170692,2048
baseline,split,2048,4,vertex_exchange_unpack,0.006317869137208776,0.018038505000276928,2048
baseline,split,2048,4,vertex_numbering_local,0.037860957147459295,0.07761390499990739,2048
baseline,split,2048,4,volume_exchange_pack,0.5106182223173821,0.8388368740002079,2048
baseline,split,2048,4,volume_exchange_unpack,0.5432532611215786,1.0500234579999415,2048
baseline,split,2048,4,volume_payload_exchange,0.03745216487110126,0.05736178799998015,2048
baseline,split,2048,4,volume_payload_prepare,0.004783056454098267,0.010776631999760866,2048
baseline,split,2048,4,volume_refine,1.5925267752524483,2.13924119999956,2048
baseline,split,2048,4,volume_size_exchange,0.03552782727832815,0.0358904499998971,2048
baseline,split,2048,4,volume_size_exchange_pre_collective_wait,0.33009176561719156,0.5569036130000313,2048
baseline,split,2048,5,adjacency_build,0.010685725354493636,0.021039815000222006,2048
baseline,split,2048,5,element_count_allgather,0.0016912584951149778,0.005032431000017823,2048
baseline,split,2048,5,element_count_pre_collective_wait,0.003571076481938329,0.005255343000044377,2048
baseline,split,2048,5,face_allgatherv,0.7886291598916071,1.4843512920001558,2048
baseline,split,2048,5,face_collective_setup,0.00016469949902120362,0.0007753280001452367,2048
baseline,split,2048,5,face_global_merge,0.08925891822021548,0.09692961200016725,2048
baseline,split,2048,5,face_local_extract,0.17351135711913512,0.18561226800011354,2048
baseline,split,2048,5,face_map_setup,0.007747854487305084,0.009191359999931592,2048
baseline,split,2048,5,face_pipeline_total,1.0768007334472671,1.7761890599999788,2048
baseline,split,2048,5,face_pre_collective_wait,0.012706852624998266,0.17648624499997823,2048
baseline,split,2048,5,local_volume_mesh,6.484801507119144,8.816398875999766,2048
baseline,split,2048,5,metis_partition,2.105018821655762,2.1054359219997423,2048
baseline,split,2048,5,metis_seed,0.0008178372602538619,1.6749307089999093,1
baseline,split,2048,5,part_face_create,0.025011176357422782,0.03004090400008863,2048
baseline,split,2048,5,partition_cost_balance,1.539460498056755e-05,0.03152815100020234,1
baseline,split,2048,5,partition_cost_setup,0.0001902551748047543,0.3896425980001368,1
baseline,split,2048,5,partition_distribution,0.006463129489744812,0.006719197000165877,2048
baseline,split,2048,5,partition_pre_collective_wait,2.0974026680776348,2.098671364999973,2048
baseline,split,2048,5,submesh_initialization,0.00012982556591900618,0.00026424299994687317,2048
baseline,split,2048,5,surface_refine,0.0070896307026464545,0.008876876000158518,2048
baseline,split,2048,5,vertex_count_allgather,0.001902180283202215,0.005374236000079691,2048
baseline,split,2048,5,vertex_count_pre_collective_wait,2.51588878671533,4.842545043999962,2048
baseline,split,2048,5,vertex_exchange,0.021663566638669307,0.03882237300013003,2048
baseline,split,2048,5,vertex_exchange_prepare,0.00030735851367946765,0.0009048510000866372,2048
baseline,split,2048,5,vertex_exchange_unpack,0.006362171086916613,0.020129730999997264,2048
baseline,split,2048,5,vertex_numbering_local,0.03786011376904064,0.07170781400009218,2048
baseline,split,2048,5,volume_exchange_pack,0.5115315737084913,0.8136923809997825,2048
baseline,split,2048,5,volume_exchange_unpack,0.542743529401368,0.895538604000194,2048
baseline,split,2048,5,volume_payload_exchange,0.037329130808591016,0.061047059999964404,2048
baseline,split,2048,5,volume_payload_prepare,0.004802883687987647,0.010748940000212315,2048
baseline,split,2048,5,volume_refine,1.5925354840195314,2.1478898520003895,2048
baseline,split,2048,5,volume_size_exchange,0.02203160847558938,0.025281259999701433,2048
baseline,split,2048,5,volume_size_exchange_pre_collective_wait,0.3087689605942394,0.54532910800026,2048
sparse,natural,2048,1,adjacency_build,0.00013340934180527952,0.00034402400024191593,2048
sparse,natural,2048,1,element_count_allgather,0.0012939315239270943,0.0023565690003124473,2048
sparse,natural,2048,1,face_local_extract,0.17363626917822272,0.1927001859999109,2048
sparse,natural,2048,1,face_map_setup,0.007773933977047509,0.009284161999858043,2048
sparse,natural,2048,1,face_pipeline_total,0.4478279257617188,0.4511348559999533,2048
sparse,natural,2048,1,face_sparse_context,0.01984323572070612,0.18382155700010117,2048
sparse,natural,2048,1,face_sparse_deliver,0.016968156922856137,0.01841108400003577,2048
sparse,natural,2048,1,face_sparse_directory,0.0569291566249992,0.07214775500005999,2048
sparse,natural,2048,1,face_sparse_match,0.16863422265136685,0.173311897000076,2048
sparse,natural,2048,1,face_sparse_total,0.2633861414160099,0.42774919300018155,2048
sparse,natural,2048,1,local_volume_mesh,6.474987990626472,8.800380612000026,2048
sparse,natural,2048,1,metis_partition,2.1082834113823203,2.1105068400001983,2048
sparse,natural,2048,1,metis_seed,0.0008188333627929811,1.6769707270000254,1
sparse,natural,2048,1,part_face_create,0.011399735339353567,0.0146909710001637,2048
sparse,natural,2048,1,partition_cost_balance,1.5707130859299312e-05,0.03216820399984499,1
sparse,natural,2048,1,partition_cost_setup,0.0001903123457032141,0.38975968400018246,1
sparse,natural,2048,1,partition_distribution,2.1071214374277334,2.1104247390003366,2048
sparse,natural,2048,1,submesh_initialization,0.00013761149218560753,0.015017583999906492,2048
sparse,natural,2048,1,surface_refine,0.00777385371679018,0.009253412000362005,2048
sparse,natural,2048,1,vertex_count_allgather,2.3410550867065494,4.205367818000013,2048
sparse,natural,2048,1,vertex_exchange,0.006782005236814825,0.019283553999684955,2048
sparse,natural,2048,1,vertex_exchange_prepare,0.000274154668947757,0.0009345110001959256,2048
sparse,natural,2048,1,vertex_exchange_unpack,0.005820563993168104,0.017809630000101606,2048
sparse,natural,2048,1,vertex_numbering_local,0.03720358897070364,0.08339281500002471,2048
sparse,natural,2048,1,volume_exchange_pack,0.508906392841787,0.8160833269998875,2048
sparse,natural,2048,1,volume_exchange_unpack,0.5439229216425763,0.9586802240000907,2048
sparse,natural,2048,1,volume_payload_exchange,0.03699894247802349,0.05695742799980508,2048
sparse,natural,2048,1,volume_payload_prepare,0.004720550487797404,0.02973706900002071,2048
sparse,natural,2048,1,volume_refine,1.5964209179873001,2.219242633000249,2048
sparse,natural,2048,1,volume_size_exchange,0.3087833571855514,0.5261069620000853,2048
sparse,natural,2048,2,adjacency_build,0.00013365537402787453,0.000337244000093051,2048
sparse,natural,2048,2,element_count_allgather,0.007120062868163579,0.00974643700010347,2048
sparse,natural,2048,2,face_local_extract,0.173514566732901,0.20948226199971032,2048
sparse,natural,2048,2,face_map_setup,0.007761716695312115,0.010081181999794353,2048
sparse,natural,2048,2,face_pipeline_total,0.462812331017578,0.4639928609999515,2048
sparse,natural,2048,2,face_sparse_context,0.03693970175098227,0.19990491899989138,2048
sparse,natural,2048,2,face_sparse_deliver,0.015940406502442883,0.016757254999902216,2048
sparse,natural,2048,2,face_sparse_directory,0.057377639297849115,0.06064980100018147,2048
sparse,natural,2048,2,face_sparse_match,0.1671600575210037,0.2027767549998316,2048
sparse,natural,2048,2,face_sparse_total,0.27851946053368715,0.4416696299999785,2048
sparse,natural,2048,2,local_volume_mesh,6.475241878793944,8.761626571999841,2048
sparse,natural,2048,2,metis_partition,2.1940971774741183,2.1952064969996172,2048
sparse,natural,2048,2,metis_seed,0.0008594733906250873,1.7602015040001788,1
sparse,natural,2048,2,part_face_create,0.011420454118160617,0.015185710999958246,2048
sparse,natural,2048,2,partition_cost_balance,1.5322878418100316e-05,0.03138125500026945,1
sparse,natural,2048,2,partition_cost_setup,0.00019215557861329557,0.39353462500002934,1
sparse,natural,2048,2,partition_distribution,2.1929231462114234,2.195107155000187,2048
sparse,natural,2048,2,submesh_initialization,0.00013155471972559063,0.00030584300020564115,2048
sparse,natural,2048,2,surface_refine,0.00780734339649225,0.010412768000151118,2048
sparse,natural,2048,2,vertex_count_allgather,2.289860468576657,4.20647914500023,2048
sparse,natural,2048,2,vertex_exchange,0.006842233559078759,0.020156917999884172,2048
sparse,natural,2048,2,vertex_exchange_prepare,0.0002745124516587705,0.0009280499998567393,2048
sparse,natural,2048,2,vertex_exchange_unpack,0.005829816216305517,0.01798559100006969,2048
sparse,natural,2048,2,vertex_numbering_local,0.03716749254638718,0.0673689939999349,2048
sparse,natural,2048,2,volume_exchange_pack,0.5077635978212856,0.7271655689996805,2048
sparse,natural,2048,2,volume_exchange_unpack,0.5432344504067395,0.9777010779998818,2048
sparse,natural,2048,2,volume_payload_exchange,0.037171076804193515,0.07066184599989356,2048
sparse,natural,2048,2,volume_payload_prepare,0.004737027612303102,0.03817765099984172,2048
sparse,natural,2048,2,volume_refine,1.5968929865390675,2.142908710000029,2048
sparse,natural,2048,2,volume_size_exchange,0.2247571246855422,0.44179016399994,2048
sparse,natural,2048,3,adjacency_build,0.00013357090429266805,0.00031496400015385007,2048
sparse,natural,2048,3,element_count_allgather,0.01977641729247881,0.025496232000023156,2048
sparse,natural,2048,3,face_local_extract,0.17367379358643187,0.2155246890001763,2048
sparse,natural,2048,3,face_map_setup,0.007751188298824374,0.026244706999932532,2048
sparse,natural,2048,3,face_pipeline_total,0.4766727065927727,0.5049111409998659,2048
sparse,natural,2048,3,face_sparse_context,0.04746251061327622,0.2136715740002728,2048
sparse,natural,2048,3,face_sparse_deliver,0.01408731601903268,0.015137573000174598,2048
sparse,natural,2048,3,face_sparse_directory,0.05875633635400801,0.06418657499989422,2048
sparse,natural,2048,3,face_sparse_match,0.17095309443798956,0.21109087600007115,2048
sparse,natural,2048,3,face_sparse_total,0.2922104406318333,0.45863772100028655,2048
sparse,natural,2048,3,local_volume_mesh,6.475280412925296,8.876415312000063,2048
sparse,natural,2048,3,metis_partition,2.1077391034003896,2.1164439780000066,2048
sparse,natural,2048,3,metis_seed,0.0008079604350585967,1.654702971000006,1
sparse,natural,2048,3,part_face_create,0.011406119548342586,0.014408356999865646,2048
sparse,natural,2048,3,partition_cost_balance,1.544456884761125e-05,0.03163047699990784,1
sparse,natural,2048,3,partition_cost_setup,0.0001882105634767317,0.38545523400034654,1
sparse,natural,2048,3,partition_distribution,2.1066197077524373,2.1163427970000157,2048
sparse,natural,2048,3,submesh_initialization,0.00013124783837481502,0.00031056299985721125,2048
sparse,natural,2048,3,surface_refine,0.007800584605464955,0.011948322999614902,2048
sparse,natural,2048,3,vertex_count_allgather,2.412002837229005,4.2913704520001374,2048
sparse,natural,2048,3,vertex_exchange,0.01006761429197689,0.027619105999747262,2048
sparse,natural,2048,3,vertex_exchange_prepare,0.00022434669238280414,0.0007420090000778146,2048
sparse,natural,2048,3,vertex_exchange_unpack,0.005878219447754907,0.026502857999730622,2048
sparse,natural,2048,3,vertex_numbering_local,0.03710188483496091,0.07219842300037271,2048
sparse,natural,2048,3,volume_exchange_pack,0.5089930880351483,0.9074174839997795,2048
sparse,natural,2048,3,volume_exchange_unpack,0.5429775981186484,1.0568351550000443,2048
sparse,natural,2048,3,volume_payload_exchange,0.037146382118165455,0.06126238199976797,2048
sparse,natural,2048,3,volume_payload_prepare,0.004763680885742971,0.038410770000155026,2048
sparse,natural,2048,3,volume_refine,1.5971423368681594,2.1389178790000187,2048
sparse,natural,2048,3,volume_size_exchange,0.4023042943852553,0.6492968689999543,2048
sparse,natural,2048,4,adjacency_build,0.00013222687890834806,0.0003287449999334058,2048
sparse,natural,2048,4,element_count_allgather,0.01249729217676121,0.015133623000110674,2048
sparse,natural,2048,4,face_local_extract,0.1736110107871074,0.1999006510000072,2048
sparse,natural,2048,4,face_map_setup,0.007750657685059448,0.009601306999684311,2048
sparse,natural,2048,4,face_pipeline_total,0.49902809058007636,0.5011090029997831,2048
sparse,natural,2048,4,face_sparse_context,0.06939975965526846,0.23601498500011076,2048
sparse,natural,2048,4,face_sparse_deliver,0.01685820739990529,0.017990554999869346,2048
sparse,natural,2048,4,face_sparse_directory,0.058536538826656104,0.0630547620003199,2048
sparse,natural,2048,4,face_sparse_match,0.168709266148924,0.21509583999977622,2048
sparse,natural,2048,4,face_sparse_total,0.3146360110302773,0.4813239549998798,2048
sparse,natural,2048,4,local_volume_mesh,6.475810867243163,8.776747462000003,2048
sparse,natural,2048,4,metis_partition,2.1245650327690413,2.166580784999951,2048
sparse,natural,2048,4,metis_seed,0.0008272587851563262,1.6942259920001561,1
sparse,natural,2048,4,part_face_create,0.011400994139155518,0.015352098999755981,2048
sparse,natural,2048,4,partition_cost_balance,1.588262109364358e-05,0.03252760799978205,1
sparse,natural,2048,4,partition_cost_setup,0.0001899206699218503,0.3889575319999494,1
sparse,natural,2048,4,partition_distribution,2.123368749486815,2.166484203999971,2048
sparse,natural,2048,4,submesh_initialization,0.00016633866065074443,0.030511423999996623,2048
sparse,natural,2048,4,surface_refine,0.007794819428227795,0.010048557999652985,2048
sparse,natural,2048,4,vertex_count_allgather,2.3636064209453185,4.201411487999849,2048
sparse,natural,2048,4,vertex_exchange,0.006775368634275525,0.019861279999986436,2048
sparse,natural,2048,4,vertex_exchange_prepare,0.00027180725683617624,0.0008719900001779024,2048
sparse,natural,2048,4,vertex_exchange_unpack,0.005834142912597429,0.02007839399993827,2048
sparse,natural,2048,4,vertex_numbering_local,0.037000594858889624,0.07048466100013684,2048
sparse,natural,2048,4,volume_exchange_pack,0.5097107671381889,0.7850335719999748,2048
sparse,natural,2048,4,volume_exchange_unpack,0.542461069879391,0.9937082709998322,2048
sparse,natural,2048,4,volume_payload_exchange,0.03722004652196631,0.08736986200028696,2048
sparse,natural,2048,4,volume_payload_prepare,0.004711327423821965,0.010848681999959808,2048
sparse,natural,2048,4,volume_refine,1.5976128588750045,2.138332489000277,2048
sparse,natural,2048,4,volume_size_exchange,0.2763897028491291,0.48451911000029213,2048
sparse,natural,2048,5,adjacency_build,0.00013343379686969747,0.000408304999837128,2048
sparse,natural,2048,5,element_count_allgather,0.001732143902833938,0.0045501640001930355,2048
sparse,natural,2048,5,face_local_extract,0.17348826975732123,0.1853748559997257,2048
sparse,natural,2048,5,face_map_setup,0.007766399786622635,0.00963580899997396,2048
sparse,natural,2048,5,face_pipeline_total,0.43810681348779457,0.4401160229999732,2048
sparse,natural,2048,5,face_sparse_context,0.01387896081347706,0.17829996499995104,2048
sparse,natural,2048,5,face_sparse_deliver,0.01628492286670391,0.017539015000238578,2048
sparse,natural,2048,5,face_sparse_directory,0.05517130200928322,0.05961515699982556,2048
sparse,natural,2048,5,face_sparse_match,0.1673813257065473,0.20489074099987192,2048
sparse,natural,2048,5,face_sparse_total,0.25382945918652755,0.4183152370001153,2048
sparse,natural,2048,5,local_volume_mesh,6.474116137849601,8.787271738000072,2048
sparse,natural,2048,5,metis_partition,2.11638724201514,2.11774434400013,2048
sparse,natural,2048,5,metis_seed,0.0008238771513671139,1.6873004059998493,1
sparse,natural,2048,5,part_face_create,0.011383296395505837,0.013405588999830798,2048
sparse,natural,2048,5,partition_cost_balance,1.5552184570166716e-05,0.031850873999701435,1
sparse,natural,2048,5,partition_cost_setup,0.00018950736425771275,0.3881110819997957,1
sparse,natural,2048,5,partition_distribution,2.1151998655449256,2.117653227000119,2048
sparse,natural,2048,5,submesh_initialization,0.0001638162041006641,0.024081346999992093,2048
sparse,natural,2048,5,surface_refine,0.007820948249514403,0.011047139999845967,2048
sparse,natural,2048,5,vertex_count_allgather,2.2905920935332036,4.210544167999615,2048
sparse,natural,2048,5,vertex_exchange,0.006769910711425853,0.019580834999942454,2048
sparse,natural,2048,5,vertex_exchange_prepare,0.0002737256923863729,0.0008642300003884884,2048
sparse,natural,2048,5,vertex_exchange_unpack,0.005819648666998356,0.017886229999930947,2048
sparse,natural,2048,5,vertex_numbering_local,0.03711194685742414,0.0685101610001766,2048
sparse,natural,2048,5,volume_exchange_pack,0.5088060580224589,0.7857351080001536,2048
sparse,natural,2048,5,volume_exchange_unpack,0.5430748605781195,0.9655570499999158,2048
sparse,natural,2048,5,volume_payload_exchange,0.04553989856103691,0.07744004100004531,2048
sparse,natural,2048,5,volume_payload_prepare,0.004409024986820276,0.010609066000142775,2048
sparse,natural,2048,5,volume_refine,1.5973548408920955,2.1591143639998336,2048
sparse,natural,2048,5,volume_size_exchange,0.28270670582030877,0.5238630009998815,2048
sparse,split,2048,1,adjacency_build,0.0001339635522445981,0.0003669650000119873,2048
sparse,split,2048,1,element_count_allgather,0.0011470704897476036,0.004323239000314061,2048
sparse,split,2048,1,element_count_pre_collective_wait,0.0011820227294903063,0.002768374999959633,2048
sparse,split,2048,1,face_local_extract,0.17368120074022864,0.18796242400003393,2048
sparse,split,2048,1,face_map_setup,0.007741486414555965,0.009721293999973568,2048
sparse,split,2048,1,face_pipeline_total,0.5261810187646472,0.5288871620000464,2048
sparse,split,2048,1,face_sparse_context,0.09553468532176268,0.26096012800007884,2048
sparse,split,2048,1,face_sparse_deliver,0.015899862272952925,0.01598435400001108,2048
sparse,split,2048,1,face_sparse_deliver_pre_collective_wait,0.0012847923325205457,0.0034770850002132647,2048
sparse,split,2048,1,face_sparse_directory,0.056496308414066165,0.05773050699963278,2048
sparse,split,2048,1,face_sparse_directory_pre_collective_wait,0.0013754890307666745,0.0015475380000680161,2048
sparse,split,2048,1,face_sparse_match,0.1663426699345789,0.16719792000003508,2048
sparse,split,2048,1,face_sparse_match_pre_collective_wait,0.003913038509282041,0.0046053810001467355,2048
sparse,split,2048,1,face_sparse_total,0.3417324914209001,0.5072374110000055,2048
sparse,split,2048,1,local_volume_mesh,6.4754758197182625,8.797535320999941,2048
sparse,split,2048,1,metis_partition,2.153772129958499,2.238388056999611,2048
sparse,split,2048,1,metis_seed,0.0008329465595702246,1.70587455399982,1
sparse,split,2048,1,part_face_create,0.011387817707034786,0.013944795000043086,2048
sparse,split,2048,1,partition_cost_balance,1.525283837899849e-05,0.031237813000188908,1
sparse,split,2048,1,partition_cost_setup,0.00018954740527354907,0.3881930860002285,1
sparse,split,2048,1,partition_distribution,0.026346612779296397,0.11077668400002949,2048
sparse,split,2048,1,partition_pre_collective_wait,2.126260319536139,2.1276253419996465,2048
sparse,split,2048,1,submesh_initialization,0.00014441692529487682,0.01946475200020359,2048
sparse,split,2048,1,surface_refine,0.007765066434082257,0.011160526999901776,2048
sparse,split,2048,1,vertex_count_allgather,0.02368914571532632,0.02379608500041286,2048
sparse,split,2048,1,vertex_count_pre_collective_wait,2.352294144303716,4.256064574999982,2048
sparse,split,2048,1,vertex_exchange,0.00675888642921274,0.01976106699976299,2048
sparse,split,2048,1,vertex_exchange_prepare,0.0002773128037145689,0.000928069000110554,2048
sparse,split,2048,1,vertex_exchange_unpack,0.005845898717774745,0.01798853099990083,2048
sparse,split,2048,1,vertex_numbering_local,0.03712290770361282,0.06941120999999839,2048
sparse,split,2048,1,volume_exchange_pack,0.5087213030073321,0.7810297850001007,2048
sparse,split,2048,1,volume_exchange_unpack,0.5438803731655255,0.9460302630000115,2048
sparse,split,2048,1,volume_payload_exchange,0.03690657350293303,0.05674076600007538,2048
sparse,split,2048,1,volume_payload_prepare,0.0046675743818367366,0.010882808000133082,2048
sparse,split,2048,1,volume_refine,1.5982626103701205,2.1520019099998535,2048
sparse,split,2048,1,volume_size_exchange,0.01821407566943689,0.01915827699986039,2048
sparse,split,2048,1,volume_size_exchange_pre_collective_wait,0.2753515806616216,0.4743266330001461,2048
sparse,split,2048,2,adjacency_build,0.00013322727050479877,0.0003771250003410387,2048
sparse,split,2048,2,element_count_allgather,0.0004789736123047561,0.003410965000057331,2048
sparse,split,2048,2,element_count_pre_collective_wait,0.0016035890332053437,0.002462773999923229,2048
sparse,split,2048,2,face_local_extract,0.173793384925784,0.19606914999985747,2048
sparse,split,2048,2,face_map_setup,0.007755600136717167,0.009084626000003482,2048
sparse,split,2048,2,face_pipeline_total,0.4598144499130843,0.46126564299993333,2048
sparse,split,2048,2,face_sparse_context,0.025988216603026304,0.1876120990000345,2048
sparse,split,2048,2,face_sparse_deliver,0.01580964397753859,0.016021639999962645,2048
sparse,split,2048,2,face_sparse_deliver_pre_collective_wait,0.001086734287602642,0.005194137999751547,2048
sparse,split,2048,2,face_sparse_directory,0.05450032849414921,0.055614880999655725,2048
sparse,split,2048,2,face_sparse_directory_pre_collective_wait,0.0012576069765666276,0.02848530400024174,2048
sparse,split,2048,2,face_sparse_match,0.1666944327338895,0.16778036799996698,2048
sparse,split,2048,2,face_sparse_match_pre_collective_wait,0.009003045812007171,0.011212632000024314,2048
sparse,split,2048,2,face_sparse_total,0.27522993107470106,0.4387582360000124,2048
sparse,split,2048,2,local_volume_mesh,6.4736150081665045,8.839812012000039,2048
sparse,split,2048,2,metis_partition,2.090488770086426,2.0912560810002105,2048
sparse,split,2048,2,metis_seed,0.0008096311962890734,1.6581246900000224,1
sparse,split,2048,2,part_face_create,0.011391013710435383,0.014790512999752536,2048
sparse,split,2048,2,partition_cost_balance,1.533086669924799e-05,0.031397615000059886,1
sparse,split,2048,2,partition_cost_setup,0.00019166731152342464,0.39253465399997367,1
sparse,split,2048,2,partition_distribution,0.0062598755190423905,0.006810266000229603,2048
sparse,split,2048,2,partition_pre_collective_wait,2.0830729364633696,2.0843900279996888,2048
sparse,split,2048,2,submesh_initialization,0.00014336337744591532,0.024948182000116503,2048
sparse,split,2048,2,surface_refine,0.007834133072760041,0.009222658999988198,2048
sparse,split,2048,2,vertex_count_allgather,0.013035407637697505,0.013578486999904271,2048
sparse,split,2048,2,vertex_count_pre_collective_wait,2.3773646784379823,4.286150152000118,2048
sparse,split,2048,2,vertex_exchange,0.006879139542483204,0.019260193000263826,2048
sparse,split,2048,2,vertex_exchange_prepare,0.0002760474541037006,0.0009269120000681141,2048
sparse,split,2048,2,vertex_exchange_unpack,0.005905158245608666,0.02180996100014454,2048
sparse,split,2048,2,vertex_numbering_local,0.03696447939258207,0.06724293500019485,2048
sparse,split,2048,2,volume_exchange_pack,0.5084932301494158,0.7572497599999224,2048
sparse,split,2048,2,volume_exchange_unpack,0.5424677609448221,0.9429029299999456,2048
sparse,split,2048,2,volume_payload_exchange,0.037250214695797146,0.06165760199974102,2048
sparse,split,2048,2,volume_payload_prepare,0.004377977645017017,0.011200966000160406,2048
sparse,split,2048,2,volume_refine,1.5968452688090755,2.105972794000081,2048
sparse,split,2048,2,volume_size_exchange,0.0024758307119110423,0.0036462439998103946,2048
sparse,split,2048,2,volume_size_exchange_pre_collective_wait,0.2457848408759835,0.45449882399998387,2048
sparse,split,2048,3,adjacency_build,0.00013372752441376257,0.0003217049998056609,2048
sparse,split,2048,3,element_count_allgather,0.0003679264457989717,0.004619770999852335,2048
sparse,split,2048,3,element_count_pre_collective_wait,0.0029200629238275155,0.004086307999841665,2048
sparse,split,2048,3,face_local_extract,0.17355681303271875,0.18650885400029438,2048
sparse,split,2048,3,face_map_setup,0.007756131018563428,0.009565313999701175,2048
sparse,split,2048,3,face_pipeline_total,0.4456236434716798,0.4465638389997366,2048
sparse,split,2048,3,face_sparse_context,0.014564870440921807,0.17796606999991127,2048
sparse,split,2048,3,face_sparse_deliver,0.014481082759274733,0.015380401000129496,2048
sparse,split,2048,3,face_sparse_deliver_pre_collective_wait,0.00141696724071938,0.014122305000000779,2048
sparse,split,2048,3,face_sparse_directory,0.05715314120653869,0.05722436999985803,2048
sparse,split,2048,3,face_sparse_directory_pre_collective_wait,0.0013890741933599848,0.0018693429997256317,2048
sparse,split,2048,3,face_sparse_match,0.16758583120018944,0.1678487409999434,2048
sparse,split,2048,3,face_sparse_match_pre_collective_wait,0.0037325984204108487,0.004121746000237181,2048
sparse,split,2048,3,face_sparse_total,0.2612860336811571,0.42478193699980693,2048
sparse,split,2048,3,local_volume_mesh,6.474806378478517,8.93156950699995,2048
sparse,split,2048,3,metis_partition,2.097556244438472,2.098227310999846,2048
sparse,split,2048,3,metis_seed,0.0008146807333986317,1.6684661420003977,1
sparse,split,2048,3,part_face_create,0.011401015166502049,0.014621095999700628,2048
sparse,split,2048,3,partition_cost_balance,1.5353366699333293e-05,0.031443695000234584,1
sparse,split,2048,3,partition_cost_setup,0.00018986147998045766,0.3888363109999773,1
sparse,split,2048,3,partition_distribution,0.006409555292480329,0.006954343999950652,2048
sparse,split,2048,3,partition_pre_collective_wait,2.090000204023931,2.0912539119999565,2048
sparse,split,2048,3,submesh_initialization,0.0001434941445297433,0.02692768499991871,2048
sparse,split,2048,3,surface_refine,0.0077959669160116984,0.010369625999828713,2048
sparse,split,2048,3,vertex_count_allgather,0.0008134834936555091,0.0031807959999241575,2048
sparse,split,2048,3,vertex_count_pre_collective_wait,2.4743149342514648,4.41654355799983,2048
sparse,split,2048,3,vertex_exchange,0.006751969150392334,0.019097471999884874,2048
sparse,split,2048,3,vertex_exchange_prepare,0.0002708906210842077,0.0008736099998714053,2048
sparse,split,2048,3,vertex_exchange_unpack,0.005777215054691531,0.018551456999830407,2048
sparse,split,2048,3,vertex_numbering_local,0.03708455169336311,0.06887450200019885,2048
sparse,split,2048,3,volume_exchange_pack,0.5082349987651351,0.7611117830001604,2048
sparse,split,2048,3,volume_exchange_unpack,0.5430428946181642,0.9227473079999982,2048
sparse,split,2048,3,volume_payload_exchange,0.036995915446784045,0.07230286499998329,2048
sparse,split,2048,3,volume_payload_prepare,0.004698630304689422,0.011616650999712874,2048
sparse,split,2048,3,volume_refine,1.5969802772031223,2.156690011000137,2048
sparse,split,2048,3,volume_size_exchange,0.0019437938803761323,0.003834023999843339,2048
sparse,split,2048,3,volume_size_exchange_pre_collective_wait,0.2640863170893617,0.4924520599997777,2048
sparse,split,2048,4,adjacency_build,0.000133821203118778,0.0003122039997833781,2048
sparse,split,2048,4,element_count_allgather,0.0004349625078112762,0.003228557000056753,2048
sparse,split,2048,4,element_count_pre_collective_wait,0.005383723519045702,0.006369536999955017,2048
sparse,split,2048,4,face_local_extract,0.17346223689648022,0.1987780960002965,2048
sparse,split,2048,4,face_map_setup,0.007757773331546369,0.01984413799982576,2048
sparse,split,2048,4,face_pipeline_total,0.559545563257807,0.5613175389999014,2048
sparse,split,2048,4,face_sparse_context,0.0387081714194395,0.20368278800015105,2048
sparse,split,2048,4,face_sparse_deliver,0.01618609769335655,0.016323199999987992,2048
sparse,split,2048,4,face_sparse_deliver_pre_collective_wait,0.0005801173642525637,0.004628759999832255,2048
sparse,split,2048,4,face_sparse_directory,0.056386445949708985,0.05696543499971085,2048
sparse,split,2048,4,face_sparse_directory_pre_collective_wait,0.0013892231914087727,0.004275780000170926,2048
sparse,split,2048,4,face_sparse_match,0.24141241165430571,0.24173209800028417,2048
sparse,split,2048,4,face_sparse_match_pre_collective_wait,0.0197024315966825,0.08020103199987716,2048
sparse,split,2048,4,face_sparse_total,0.3752867474457995,0.5403579759999957,2048
sparse,split,2048,4,local_volume_mesh,6.474353451738277,8.836312955999801,2048
sparse,split,2048,4,metis_partition,2.082946873133783,2.0838869869999144,2048
sparse,split,2048,4,metis_seed,0.0008096096196288372,1.6580805009998585,1
sparse,split,2048,4,part_face_create,0.011385516913579252,0.013212172000294231,2048
sparse,split,2048,4,partition_cost_balance,1.566734228508615e-05,0.032086716999856435,1
sparse,split,2048,4,partition_cost_setup,0.0001874617065431572,0.38392157500038593,1
sparse,split,2048,4,partition_distribution,0.006660010416507323,0.007433586000388459,2048
sparse,split,2048,4,partition_pre_collective_wait,2.075122811284184,2.0764593730000342,2048
sparse,split,2048,4,submesh_initialization,0.0001315807075181752,0.00037752400021418,2048
sparse,split,2048,4,surface_refine,0.007845576283213918,0.010628669000197988,2048
sparse,split,2048,4,vertex_count_allgather,0.008651604308587357,0.008760943999732262,2048
sparse,split,2048,4,vertex_count_pre_collective_wait,2.3764559208979543,4.22048190500027,2048
sparse,split,2048,4,vertex_exchange,0.006881575387211125,0.0196761800002605,2048
sparse,split,2048,4,vertex_exchange_prepare,0.000276215344735542,0.0008921499997995852,2048
sparse,split,2048,4,vertex_exchange_unpack,0.0058247994872988595,0.020002793000003294,2048
sparse,split,2048,4,vertex_numbering_local,0.03716636579100774,0.09102558199992927,2048
sparse,split,2048,4,volume_exchange_pack,0.5089106602382791,0.82473221500004,2048
sparse,split,2048,4,volume_exchange_unpack,0.5435038684721631,1.0226515919998747,2048
sparse,split,2048,4,volume_payload_exchange,0.03701651475488488,0.059822755999903166,2048
sparse,split,2048,4,volume_payload_prepare,0.004707214603509868,0.011218346000077872,2048
sparse,split,2048,4,volume_refine,1.597014107501464,2.177791174000049,2048
sparse,split,2048,4,volume_size_exchange,0.022102613861808118,0.024285357000280783,2048
sparse,split,2048,4,volume_size_exchange_pre_collective_wait,0.32081156133496536,0.5228219679997892,2048
sparse,split,2048,5,adjacency_build,0.0001338293095740628,0.0003418840001359058,2048
sparse,split,2048,5,element_count_allgather,0.00035244837695858067,0.0038046339996071765,2048
sparse,split,2048,5,element_count_pre_collective_wait,0.0027123119921881322,0.003899524000189558,2048
sparse,split,2048,5,face_local_extract,0.1734845136088885,0.18531480699994063,2048
sparse,split,2048,5,face_map_setup,0.007754925401364687,0.00982490600017627,2048
sparse,split,2048,5,face_pipeline_total,0.4443027105122128,0.44564438599991263,2048
sparse,split,2048,5,face_sparse_context,0.014387390456050753,0.18087507400014147,2048
sparse,split,2048,5,face_sparse_deliver,0.01659973695311856,0.0176528080000935,2048
sparse,split,2048,5,face_sparse_deliver_pre_collective_wait,0.0013983094301786014,0.00617534799994246,2048
sparse,split,2048,5,face_sparse_directory,0.05481049993847109,0.05569026900002427,2048
sparse,split,2048,5,face_sparse_directory_pre_collective_wait,0.0013831333535159196,0.002190309000070556,2048
sparse,split,2048,5,face_sparse_match,0.16668744709863104,0.1669876529999783,2048
sparse,split,2048,5,face_sparse_match_pre_collective_wait,0.003808551158205997,0.005903528999624541,2048
sparse,split,2048,5,face_sparse_total,0.2600268110878885,0.42652232900036324,2048
sparse,split,2048,5,local_volume_mesh,6.476004173060552,8.844903320000412,2048
sparse,split,2048,5,metis_partition,2.09876394779395,2.099833179000143,2048
sparse,split,2048,5,metis_seed,0.0008152778564451957,1.6696890499997608,1
sparse,split,2048,5,part_face_create,0.011368951516113501,0.014813216999755241,2048
sparse,split,2048,5,partition_cost_balance,1.609975927729934e-05,0.03297230699990905,1
sparse,split,2048,5,partition_cost_setup,0.00018907149999991546,0.38721843199982686,1
sparse,split,2048,5,partition_distribution,0.006659661844725662,0.007608349999827624,2048
sparse,split,2048,5,partition_pre_collective_wait,2.0909592684301765,2.092460652000227,2048
sparse,split,2048,5,submesh_initialization,0.00012953086279354764,0.00030708399981449475,2048
sparse,split,2048,5,surface_refine,0.007837950782231484,0.010815850000199134,2048
sparse,split,2048,5,vertex_count_allgather,0.0008329402665960828,0.003277138999692397,2048
sparse,split,2048,5,vertex_count_pre_collective_wait,2.396191697525392,4.275988153000071,2048
sparse,split,2048,5,vertex_exchange,0.006681559451655827,0.01896347699994294,2048
sparse,split,2048,5,vertex_exchange_prepare,0.0002732238549769672,0.00091231099986544,2048
sparse,split,2048,5,vertex_exchange_unpack,0.005848415820305375,0.018240613999751076,2048
sparse,split,2048,5,vertex_numbering_local,0.03711148853270929,0.06988837299968509,2048
sparse,split,2048,5,volume_exchange_pack,0.5089639267661104,0.7864912430000004,2048
sparse,split,2048,5,volume_exchange_unpack,0.5439239320063476,1.0367370140002095,2048
sparse,split,2048,5,volume_payload_exchange,0.037034310721191455,0.05847710399984862,2048
sparse,split,2048,5,volume_payload_prepare,0.0046888379921818935,0.01169853300007162,2048
sparse,split,2048,5,volume_refine,1.5960544309179692,2.1595410720001382,2048
sparse,split,2048,5,volume_size_exchange,0.018266391115728586,0.032177700999909575,2048
sparse,split,2048,5,volume_size_exchange_pre_collective_wait,0.27785380396093307,0.47859748400014723,2048
baseline,natural,4096,1,adjacency_build,0.012228638844974493,0.03720374900012757,4096
baseline,natural,4096,1,element_count_allgather,0.001915078186524366,0.0036972430002606416,4096
baseline,natural,4096,1,face_allgatherv,1.4861515265949685,2.7914993979998144,4096
baseline,natural,4096,1,face_collective_setup,0.00010704458984533982,0.00025064400006158394,4096
baseline,natural,4096,1,face_global_merge,0.08710045715014936,0.1723852350000925,4096
baseline,natural,4096,1,face_local_extract,0.17861025915941908,0.2759687259999737,4096
baseline,natural,4096,1,face_map_setup,0.008429919840084121,0.01064893700004177,4096
baseline,natural,4096,1,face_pipeline_total,1.7645258105454085,3.0701723060001314,4096
baseline,natural,4096,1,local_volume_mesh,5.564772368841067,9.018690578000133,4096
baseline,natural,4096,1,metis_partition,2.491280424838622,2.5324213869998857,4096
baseline,natural,4096,1,metis_seed,0.000495063499023396,2.02778009199983,1
baseline,natural,4096,1,part_face_create,0.026654238450196543,0.06582777299990994,4096
baseline,natural,4096,1,partition_cost_balance,7.998640624951037e-06,0.032762431999799446,1
baseline,natural,4096,1,partition_cost_setup,9.717468432612897e-05,0.39802750699982425,1
baseline,natural,4096,1,partition_distribution,2.490500767962406,2.5322889040003247,4096
baseline,natural,4096,1,submesh_initialization,0.0001404739985357839,0.02253677199996673,4096
baseline,natural,4096,1,surface_refine,0.005135902425539185,0.007005726999977924,4096
baseline,natural,4096,1,vertex_count_allgather,3.516102955593262,6.690624586000013,4096
baseline,natural,4096,1,vertex_exchange,0.019134640705323003,0.03883057099983489,4096
baseline,natural,4096,1,vertex_exchange_prepare,9.498120434936475e-05,0.002008863999890309,4096
baseline,natural,4096,1,vertex_exchange_unpack,0.004169116565433395,0.01442022800029008,4096
baseline,natural,4096,1,vertex_numbering_local,0.020943700645990826,0.0482200470000862,4096
baseline,natural,4096,1,volume_exchange_pack,0.2655674878840415,0.48595547700006136,4096
baseline,natural,4096,1,volume_exchange_unpack,0.300666252963134,0.6866459970001415,4096
baseline,natural,4096,1,volume_payload_exchange,0.02662805240747468,0.0558241740000085,4096
baseline,natural,4096,1,volume_payload_prepare,0.0025094418625470905,0.03773143500029619,4096
baseline,natural,4096,1,volume_refine,0.8095321167817349,1.2795198150001852,4096
baseline,natural,4096,1,volume_size_exchange,0.22434433906689677,0.33802730400020664,4096
baseline,natural,4096,2,adjacency_build,0.012195564885496779,0.02583123299973522,4096
baseline,natural,4096,2,element_count_allgather,0.0020368908471650737,0.029701325000132783,4096
baseline,natural,4096,2,face_allgatherv,1.3609558874528824,2.692213711000022,4096
baseline,natural,4096,2,face_collective_setup,0.00010883682348683532,0.0003747239998119767,4096
baseline,natural,4096,2,face_global_merge,0.08721789760522958,0.16857629600008295,4096
baseline,natural,4096,2,face_local_extract,0.17928188287377922,0.25614235900002313,4096
baseline,natural,4096,2,face_map_setup,0.008640966900879343,0.02015792100019098,4096
baseline,natural,4096,2,face_pipeline_total,1.6403174301196337,2.968003544000112,4096
baseline,natural,4096,2,local_volume_mesh,5.5636666653627875,8.957095669999944,4096
baseline,natural,4096,2,metis_partition,2.4887600952241193,2.519724576000044,4096
baseline,natural,4096,2,metis_seed,0.000500298550537126,2.049222863000068,1
baseline,natural,4096,2,part_face_create,0.026623163642086056,0.04725057099994956,4096
baseline,natural,4096,2,partition_cost_balance,7.794052978460364e-06,0.03192444099977365,1
baseline,natural,4096,2,partition_cost_setup,9.648640454107404e-05,0.3952083130002393,1
baseline,natural,4096,2,partition_distribution,2.488007634553469,2.5195693480000045,4096
baseline,natural,4096,2,submesh_initialization,0.00014606461059674114,0.01947467499985578,4096
baseline,natural,4096,2,surface_refine,0.00516401422143975,0.024669099999755417,4096
baseline,natural,4096,2,vertex_count_allgather,3.5269090429682612,6.644086142000106,4096
baseline,natural,4096,2,vertex_exchange,0.019195801330079032,0.038444126000285905,4096
baseline,natural,4096,2,vertex_exchange_prepare,9.449741332945294e-05,0.020182233000014094,4096
baseline,natural,4096,2,vertex_exchange_unpack,0.004145729948733523,0.014645095000105357,4096
baseline,natural,4096,2,vertex_numbering_local,0.020896135123049775,0.04778809100025683,4096
baseline,natural,4096,2,volume_exchange_pack,0.26573165266528,0.45294376499987266,4096
baseline,natural,4096,2,volume_exchange_unpack,0.3002717783232397,0.6790091299999403,4096
baseline,natural,4096,2,volume_payload_exchange,0.026525753980221833,0.05193826899994747,4096
baseline,natural,4096,2,volume_payload_prepare,0.0024903505866707976,0.02465221800002837,4096
baseline,natural,4096,2,volume_refine,0.8098698786777343,1.2735065649999342,4096
baseline,natural,4096,2,volume_size_exchange,0.194622462817872,0.30937605899998744,4096
baseline,natural,4096,3,adjacency_build,0.012255433275389027,0.02432508299989422,4096
baseline,natural,4096,3,element_count_allgather,0.016092926008787645,0.01691171700031191,4096
baseline,natural,4096,3,face_allgatherv,1.354691070311766,2.7781092289997105,4096
baseline,natural,4096,3,face_collective_setup,0.00010782381420815224,0.00032290399985868135,4096
baseline,natural,4096,3,face_global_merge,0.08701266446288924,0.1245104520003224,4096
baseline,natural,4096,3,face_local_extract,0.17867315496874991,0.2681339850000768,4096
baseline,natural,4096,3,face_map_setup,0.00840499871778111,0.010157540999898629,4096
baseline,natural,4096,3,face_pipeline_total,1.6329682801757783,3.050454617000014,4096
baseline,natural,4096,3,local_volume_mesh,5.564675256599852,9.030170676000125,4096
baseline,natural,4096,3,metis_partition,2.4885669635009746,2.544534655999996,4096
baseline,natural,4096,3,metis_seed,0.0004992554758300738,2.0449504289999823,1
baseline,natural,4096,3,part_face_create,0.026571212260988908,0.06678202399962174,4096
baseline,natural,4096,3,partition_cost_balance,8.043226318421581e-06,0.0329450550002548,1
baseline,natural,4096,3,partition_cost_setup,9.560178393552832e-05,0.391584906999924,1
baseline,natural,4096,3,partition_distribution,2.487842636826419,2.5443877739999152,4096
baseline,natural,4096,3,submesh_initialization,0.00014263098828393161,0.0003197439996256435,4096
baseline,natural,4096,3,surface_refine,0.005134049193603274,0.010070317000099749,4096
baseline,natural,4096,3,vertex_count_allgather,3.497458787475585,6.523523489999661,4096
baseline,natural,4096,3,vertex_exchange,0.019330881119143384,0.07671760400035055,4096
baseline,natural,4096,3,vertex_exchange_prepare,8.788750610466689e-05,0.020068511000317812,4096
baseline,natural,4096,3,vertex_exchange_unpack,0.004022102288815721,0.013690181000129087,4096
baseline,natural,4096,3,vertex_numbering_local,0.02098309681713484,0.06396872600043935,4096
baseline,natural,4096,3,volume_exchange_pack,0.26528563358593826,0.45180499799971585,4096
baseline,natural,4096,3,volume_exchange_unpack,0.30081349817749203,0.7025989039998422,4096
baseline,natural,4096,3,volume_payload_exchange,0.026569288169924765,0.051330882999991445,4096
baseline,natural,4096,3,volume_payload_prepare,0.002448471251705553,0.008061838000230637,4096
baseline,natural,4096,3,volume_refine,0.8094982267087394,1.2527701169997272,4096
baseline,natural,4096,3,volume_size_exchange,0.18854384085888398,0.3013871600001039,4096
baseline,natural,4096,4,adjacency_build,0.012241886872317309,0.02494239399993603,4096
baseline,natural,4096,4,element_count_allgather,0.017634772647945884,0.04116031200010184,4096
baseline,natural,4096,4,face_allgatherv,1.3721616186452648,2.8126371779999317,4096
baseline,natural,4096,4,face_collective_setup,0.00010861349853630298,0.0003284039999016386,4096
baseline,natural,4096,4,face_global_merge,0.08711732492260715,0.16629063099981067,4096
baseline,natural,4096,4,face_local_extract,0.17882419533227578,0.32896102399990923,4096
baseline,natural,4096,4,face_map_setup,0.008407987615230428,0.02795215600008305,4096
baseline,natural,4096,4,face_pipeline_total,1.6507922500495584,3.0830407829998876,4096
baseline,natural,4096,4,local_volume_mesh,5.563719632942382,9.054695527000149,4096
baseline,natural,4096,4,metis_partition,2.507506175480473,2.5965901530003066,4096
baseline,natural,4096,4,metis_seed,0.000499751868896503,2.0469836550000764,1
baseline,natural,4096,4,part_face_create,0.026629304292234868,0.04414828499966461,4096
baseline,natural,4096,4,partition_cost_balance,7.927580322308891e-06,0.03247136900017722,1
baseline,natural,4096,4,partition_cost_setup,9.6299741943362e-05,0.3944437430000107,1
baseline,natural,4096,4,partition_distribution,2.5067479749265162,2.5964801109998916,4096
baseline,natural,4096,4,submesh_initialization,0.00014819816675082365,0.02625528699991264,4096
baseline,natural,4096,4,surface_refine,0.005158525194337571,0.024530938000225433,4096
baseline,natural,4096,4,vertex_count_allgather,3.543765185131099,6.563755567000044,4096
baseline,natural,4096,4,vertex_exchange,0.019362794317625998,0.045648803999938536,4096
baseline,natural,4096,4,vertex_exchange_prepare,9.460409253014834e-05,0.0005183449998185097,4096
baseline,natural,4096,4,vertex_exchange_unpack,0.004143953215819063,0.013757319999967876,4096
baseline,natural,4096,4,vertex_numbering_local,0.02097562373095274,0.04704300100002001,4096
baseline,natural,4096,4,volume_exchange_pack,0.265544465571535,0.4233267079998768,4096
baseline,natural,4096,4,volume_exchange_unpack,0.3002516282456055,0.6801977860000079,4096
baseline,natural,4096,4,volume_payload_exchange,0.026547552675781794,0.05300536100003228,4096
baseline,natural,4096,4,volume_payload_prepare,0.002461842744140741,0.030257118999998056,4096
baseline,natural,4096,4,volume_refine,0.8100572988417987,1.241634324000188,4096
baseline,natural,4096,4,volume_size_exchange,0.17307811837866194,0.2888070289995994,4096
baseline,natural,4096,5,adjacency_build,0.012257968625487448,0.02712700499978382,4096
baseline,natural,4096,5,element_count_allgather,0.011260677117918005,0.048619912000049226,4096
baseline,natural,4096,5,face_allgatherv,1.5374852578361853,2.8736197670000365,4096
baseline,natural,4096,5,face_collective_setup,0.00010882920459398537,0.00031022399980429327,4096
baseline,natural,4096,5,face_global_merge,0.08716547242602313,0.12247634999994261,4096
baseline,natural,4096,5,face_local_extract,0.1789969564011199,0.2330568949996632,4096
baseline,natural,4096,5,face_map_setup,0.008472551138668072,0.0353816619999634,4096
baseline,natural,4096,5,face_pipeline_total,1.8164353286823753,3.1482074430000466,4096
baseline,natural,4096,5,local_volume_mesh,5.565996628001953,8.975765200999831,4096
baseline,natural,4096,5,metis_partition,2.4928447890993666,2.5443998900000224,4096
baseline,natural,4096,5,metis_seed,0.0004947062858886575,2.026316946999941,1
baseline,natural,4096,5,part_face_create,0.02667238730200283,0.05434250999996948,4096
baseline,natural,4096,5,partition_cost_balance,7.981648437516142e-06,0.03269283200006612,1
baseline,natural,4096,5,partition_cost_setup,9.497739770503166e-05,0.3890274209998097,1
baseline,natural,4096,5,partition_distribution,2.492118074014411,2.5443297679998977,4096
baseline,natural,4096,5,submesh_initialization,0.00013419449731599808,0.0003057230001104472,4096
baseline,natural,4096,5,surface_refine,0.005156944439697608,0.0281202989999656,4096
baseline,natural,4096,5,vertex_count_allgather,3.564904041893068,6.605715616999987,4096
baseline,natural,4096,5,vertex_exchange,0.0233888921154759,0.07542413300006956,4096
baseline,natural,4096,5,vertex_exchange_prepare,8.507744214192314e-05,0.0005473460000757768,4096
baseline,natural,4096,5,vertex_exchange_unpack,0.0040968635893554595,0.013652998999987176,4096
baseline,natural,4096,5,vertex_numbering_local,0.020981448020505278,0.041196611000032135,4096
baseline,natural,4096,5,volume_exchange_pack,0.26577242361694164,0.47838788299986845,4096
baseline,natural,4096,5,volume_exchange_unpack,0.30024647291259743,0.6772846920002848,4096
baseline,natural,4096,5,volume_payload_exchange,0.02675209593506067,0.05230991299958987,4096
baseline,natural,4096,5,volume_payload_prepare,0.0024833333610835284,0.034609503999945446,4096
baseline,natural,4096,5,volume_refine,0.8086656752885715,1.2497788440000477,4096
baseline,natural,4096,5,volume_size_exchange,0.2177234440488277,0.339912386999913,4096
baseline,split,4096,1,adjacency_build,0.012329387556640814,0.048793164000016986,4096
baseline,split,4096,1,element_count_allgather,0.009376987226807798,0.028648259999954462,4096
baseline,split,4096,1,element_count_pre_collective_wait,0.004200981707518925,0.013159524999991845,4096
baseline,split,4096,1,face_allgatherv,1.3931563235864275,2.805124436999904,4096
baseline,split,4096,1,face_collective_setup,0.00010335763867286296,0.0003275640001447755,4096
baseline,split,4096,1,face_global_merge,0.087118267736082,0.17768217100001493,4096
baseline,split,4096,1,face_local_extract,0.17960461193432453,0.23147415800031013,4096
baseline,split,4096,1,face_map_setup,0.008832889398925792,0.019321509999826958,4096
baseline,split,4096,1,face_pipeline_total,1.7286891417646464,3.1429778019996775,4096
baseline,split,4096,1,face_pre_collective_wait,0.05582727020117617,0.22648832899994886,4096
baseline,split,4096,1,local_volume_mesh,5.565248678660889,9.04193113500014,4096
baseline,split,4096,1,metis_partition,2.5698321954643566,2.5936909840002045,4096
baseline,split,4096,1,metis_seed,0.0005072304392089722,2.07761587899995,1
baseline,split,4096,1,part_face_create,0.026550784706542596,0.04542539800013401,4096
baseline,split,4096,1,partition_cost_balance,8.029837158196607e-06,0.0328902129999733,1
baseline,split,4096,1,partition_cost_setup,9.731373901367135e-05,0.39859707499999786,1
baseline,split,4096,1,partition_distribution,0.060846987423097465,0.08295930799977214,4096
baseline,split,4096,1,partition_pre_collective_wait,2.508216268809326,2.5345782449999206,4096
baseline,split,4096,1,submesh_initialization,0.00014846160400927566,0.00029900399977123016,4096
baseline,split,4096,1,surface_refine,0.0051395580249054,0.008417605999966327,4096
baseline,split,4096,1,vertex_count_allgather,0.013676614997070735,0.014841725999758637,4096
baseline,split,4096,1,vertex_count_pre_collective_wait,3.6025302472744096,6.575260526999955,4096
baseline,split,4096,1,vertex_exchange,0.01913454933006975,0.0383482039997034,4096
baseline,split,4096,1,vertex_exchange_prepare,8.742868408362359e-05,0.0005515860002560657,4096
baseline,split,4096,1,vertex_exchange_unpack,0.00409223070996001,0.01383374199986065,4096
baseline,split,4096,1,vertex_numbering_local,0.020991883460940275,0.04486653399999341,4096
baseline,split,4096,1,volume_exchange_pack,0.26567071330664116,0.4557172449999598,4096
baseline,split,4096,1,volume_exchange_unpack,0.30008595859277454,0.6977618420000908,4096
baseline,split,4096,1,volume_payload_exchange,0.026463249791993992,0.051820600999690214,4096
baseline,split,4096,1,volume_payload_prepare,0.0024423588547333175,0.00830407000012201,4096
baseline,split,4096,1,volume_refine,0.8102397174650874,1.2754605489999449,4096
baseline,split,4096,1,volume_size_exchange,0.010216632917726787,0.012557505999666319,4096
baseline,split,4096,1,volume_size_exchange_pre_collective_wait,0.19448669722680567,0.3089742910001405,4096
baseline,split,4096,2,adjacency_build,0.012193952483396941,0.05165958599991427,4096
baseline,split,4096,2,element_count_allgather,0.0019652244755854475,0.021820178999860218,4096
baseline,split,4096,2,element_count_pre_collective_wait,0.001495392111329208,0.003335638999942603,4096
baseline,split,4096,2,face_allgatherv,1.4787277190742167,2.7910820609999973,4096
baseline,split,4096,2,face_collective_setup,0.00010328521850477834,0.0002587229996606766,4096
baseline,split,4096,2,face_global_merge,0.08712266585106965,0.12869625600023937,4096
baseline,split,4096,2,face_local_extract,0.17941048640160961,0.2731821980000859,4096
baseline,split,4096,2,face_map_setup,0.00869273626977829,0.020692443999905663,4096
baseline,split,4096,2,face_pipeline_total,1.9011882945793481,3.2196169949997966,4096
baseline,split,4096,2,face_pre_collective_wait,0.143046990254883,0.3181501419999222,4096
baseline,split,4096,2,local_volume_mesh,5.564283165566158,9.004298330999973,4096
baseline,split,4096,2,metis_partition,2.538076624507812,2.589586846000202,4096
baseline,split,4096,2,metis_seed,0.0005018584626464984,2.0556122630000573,1
baseline,split,4096,2,part_face_create,0.02656639116772741,0.056824518000212265,4096
baseline,split,4096,2,partition_cost_balance,7.909113037163351e-06,0.032395727000221086,1
baseline,split,4096,2,partition_cost_setup,9.580229907224513e-05,0.39240621699991607,1
baseline,split,4096,2,partition_distribution,0.05351566432299326,0.10426195899981394,4096
baseline,split,4096,2,partition_pre_collective_wait,2.4838001844213844,2.498340348000056,4096
baseline,split,4096,2,submesh_initialization,0.0001383653603507229,0.0003164229997310031,4096
baseline,split,4096,2,surface_refine,0.005145431407223344,0.01831826200032083,4096
baseline,split,4096,2,vertex_count_allgather,0.01146950603002761,0.012717960999907518,4096
baseline,split,4096,2,vertex_count_pre_collective_wait,3.4990175135605455,6.588527066999632,4096
baseline,split,4096,2,vertex_exchange,0.019055685644528975,0.03784371799974906,4096
baseline,split,4096,2,vertex_exchange_prepare,9.070773755015527e-05,0.0005507480000233045,4096
baseline,split,4096,2,vertex_exchange_unpack,0.004147882360596822,0.01922606199968868,4096
baseline,split,4096,2,vertex_numbering_local,0.020885068926511097,0.04389938299982532,4096
baseline,split,4096,2,volume_exchange_pack,0.26513973022436543,0.4346464439995543,4096
baseline,split,4096,2,volume_exchange_unpack,0.29945815259594943,0.6871664050004256,4096
baseline,split,4096,2,volume_payload_exchange,0.02641219385693505,0.05159036500026559,4096
baseline,split,4096,2,volume_payload_prepare,0.0024346256184152315,0.008016636999855109,4096
baseline,split,4096,2,volume_refine,0.809206707748043,1.2263309740001205,4096
baseline,split,4096,2,volume_size_exchange,0.02005298870605421,0.020566674999827228,4096
baseline,split,4096,2,volume_size_exchange_pre_collective_wait,0.17435545913061334,0.28797755000005054,4096
baseline,split,4096,3,adjacency_build,0.012289720003906601,0.028544601000248804,4096
baseline,split,4096,3,element_count_allgather,0.016774356451415562,0.042288739000014175,4096
baseline,split,4096,3,element_count_pre_collective_wait,0.001402639666504668,0.002168446999803564,4096
baseline,split,4096,3,face_allgatherv,1.3534849936994626,2.7432890750001206,4096
baseline,split,4096,3,face_collective_setup,0.00010478740698327549,0.0017149989998870296,4096
baseline,split,4096,3,face_global_merge,0.08714242798681948,0.12550516200008133,4096
baseline,split,4096,3,face_local_extract,0.17932140648242356,0.23259403099973497,4096
baseline,split,4096,3,face_map_setup,0.0086448756469657,0.010414238000066689,4096
baseline,split,4096,3,face_pipeline_total,1.7261026344689994,3.121884247000253,4096
baseline,split,4096,3,face_pre_collective_wait,0.09327499834228514,0.26641195100000914,4096
baseline,split,4096,3,local_volume_mesh,5.565623230817379,9.024818130999847,4096
baseline,split,4096,3,metis_partition,2.4811421408833034,2.540438365999762,4096
baseline,split,4096,3,metis_seed,0.0004946093872070234,2.025920049999968,1
baseline,split,4096,3,part_face_create,0.02659697590942478,0.0670168259998718,4096
baseline,split,4096,3,partition_cost_balance,7.917516601563257e-06,0.0324301480000031,1
baseline,split,4096,3,partition_cost_setup,9.499457397454947e-05,0.3890977749997546,1
baseline,split,4096,3,partition_distribution,0.030494912453612133,0.08845832699989842,4096
baseline,split,4096,3,partition_pre_collective_wait,2.4498830346225606,2.468691501000194,4096
baseline,split,4096,3,submesh_initialization,0.0001463759211414173,0.03314116199999262,4096
baseline,split,4096,3,surface_refine,0.005143283422609057,0.01771450600017488,4096
baseline,split,4096,3,vertex_count_allgather,0.020002575187016758,0.020573035999859712,4096
baseline,split,4096,3,vertex_count_pre_collective_wait,3.5933356981586897,6.597363573999701,4096
baseline,split,4096,3,vertex_exchange,0.02120600081348112,0.05266940699993938,4096
baseline,split,4096,3,vertex_exchange_prepare,5.5839179196714994e-05,0.0004954259998157795,4096
baseline,split,4096,3,vertex_exchange_unpack,0.0040697434040537495,0.013545424999847455,4096
baseline,split,4096,3,vertex_numbering_local,0.02093928944384993,0.04935652099993604,4096
baseline,split,4096,3,volume_exchange_pack,0.2654314230791003,0.43815089500003523,4096
baseline,split,4096,3,volume_exchange_unpack,0.3003825942587893,0.6813712610000948,4096
baseline,split,4096,3,volume_payload_exchange,0.026463452242431074,0.051849623000180145,4096
baseline,split,4096,3,volume_payload_prepare,0.0024778713396043095,0.023971364999852085,4096
baseline,split,4096,3,volume_refine,0.8097591149414041,1.3089981589996569,4096
baseline,split,4096,3,volume_size_exchange,0.03256091905517566,0.04747917900022003,4096
baseline,split,4096,3,volume_size_exchange_pre_collective_wait,0.18521606992212047,0.30472728500035373,4096
baseline,split,4096,4,adjacency_build,0.012235243536623752,0.03127190800023527,4096
baseline,split,4096,4,element_count_allgather,0.0041220955798346726,0.04043545299964535,4096
baseline,split,4096,4,element_count_pre_collective_wait,0.0012686079172377074,0.0023207260001072427,4096
baseline,split,4096,4,face_allgatherv,1.3488747842622058,2.759570788000019,4096
baseline,split,4096,4,face_collective_setup,0.00010436812158332032,0.00036080399968341226,4096
baseline,split,4096,4,face_global_merge,0.08706763252050831,0.16977134699982344,4096
baseline,split,4096,4,face_local_extract,0.1792097182607406,0.27419096699986767,4096
baseline,split,4096,4,face_map_setup,0.00858933032543907,0.02881410500003767,4096
baseline,split,4096,4,face_pipeline_total,1.7423291202553703,3.1482097430002796,4096
baseline,split,4096,4,face_pre_collective_wait,0.11434726161841413,0.29571290599960776,4096
baseline,split,4096,4,local_volume_mesh,5.563933956440671,8.929374681999889,4096
baseline,split,4096,4,metis_partition,2.4886973271084027,2.5678877550003563,4096
baseline,split,4096,4,metis_seed,0.000492712798828121,2.0181516239999837,1
baseline,split,4096,4,part_face_create,0.026551242692138266,0.04601992400012023,4096
baseline,split,4096,4,partition_cost_balance,7.883942138686706e-06,0.03229262700006075,1
baseline,split,4096,4,partition_cost_setup,9.61434963379082e-05,0.393803761000072,1
baseline,split,4096,4,partition_distribution,0.03982020864868274,0.11890660300014133,4096
baseline,split,4096,4,partition_pre_collective_wait,2.448086721840816,2.458812891999969,4096
baseline,split,4096,4,submesh_initialization,0.00014223678710678644,0.011824721000266436,4096
baseline,split,4096,4,surface_refine,0.0051390581105914546,0.009014656000090326,4096
baseline,split,4096,4,vertex_count_allgather,0.004327056761233128,0.005707609999717533,4096
baseline,split,4096,4,vertex_count_pre_collective_wait,3.574090430280521,6.540663454999958,4096
baseline,split,4096,4,vertex_exchange,0.02065546766333015,0.04298548299993854,4096
baseline,split,4096,4,vertex_exchange_prepare,7.41857534147794e-05,0.0005188459999772022,4096
baseline,split,4096,4,vertex_exchange_unpack,0.004109073099852978,0.026677541000026395,4096
baseline,split,4096,4,vertex_numbering_local,0.021031117852052916,0.047219709000273724,4096
baseline,split,4096,4,volume_exchange_pack,0.26548548562988594,0.4334017739997762,4096
baseline,split,4096,4,volume_exchange_unpack,0.29989807013793257,0.6964170149999518,4096
baseline,split,4096,4,volume_payload_exchange,0.026416275318356885,0.0515732039998511,4096
baseline,split,4096,4,volume_payload_prepare,0.002422391444576233,0.016688712000359374,4096
baseline,split,4096,4,volume_refine,0.8099163336083944,1.2628415410003981,4096
baseline,split,4096,4,volume_size_exchange,0.022584755332028417,0.026224102000014682,4096
baseline,split,4096,4,volume_size_exchange_pre_collective_wait,0.18622201373828784,0.30167099899972527,4096
baseline,split,4096,5,adjacency_build,0.012256518043705977,0.03507584799990582,4096
baseline,split,4096,5,element_count_allgather,0.03484640629150715,0.09946533800030011,4096
baseline,split,4096,5,element_count_pre_collective_wait,0.03232985131176891,0.05990031300007104,4096
baseline,split,4096,5,face_allgatherv,1.3868107542597687,2.8352402109999275,4096
baseline,split,4096,5,face_collective_setup,0.00010386291918518253,0.0014480019999609794,4096
baseline,split,4096,5,face_global_merge,0.0871712567373073,0.14914347100011582,4096
baseline,split,4096,5,face_local_extract,0.1785027828269048,0.2653306749998592,4096
baseline,split,4096,5,face_map_setup,0.008320980029787317,0.0308129180002652,4096
baseline,split,4096,5,face_pipeline_total,1.762033271435547,3.189138139000079,4096
baseline,split,4096,5,face_pre_collective_wait,0.09692864827783332,0.2717678430003616,4096
baseline,split,4096,5,local_volume_mesh,5.565469592167969,9.0161642449998,4096
baseline,split,4096,5,metis_partition,2.5066080135651854,2.569894001999728,4096
baseline,split,4096,5,metis_seed,0.0004947232441406824,2.026386408000235,1
baseline,split,4096,5,part_face_create,0.026690471515378733,0.05215368400013176,4096
baseline,split,4096,5,partition_cost_balance,7.806455810555057e-06,0.031975243000033515,1
baseline,split,4096,5,partition_cost_setup,9.677396826168749e-05,0.39638617399987197,1
baseline,split,4096,5,partition_distribution,0.04974630118139767,0.11064293900017219,4096
baseline,split,4096,5,partition_pre_collective_wait,2.4561189620729964,2.469740903999991,4096
baseline,split,4096,5,submesh_initialization,0.000126831470463884,0.00026630299998942064,4096
baseline,split,4096,5,surface_refine,0.005141626458011195,0.03084561199966629,4096
baseline,split,4096,5,vertex_count_allgather,0.07151799654833702,0.09028531399962958,4096
baseline,split,4096,5,vertex_count_pre_collective_wait,3.651876848938718,6.799973568000041,4096
baseline,split,4096,5,vertex_exchange,0.01980111075830515,0.08558902899994791,4096
baseline,split,4096,5,vertex_exchange_prepare,5.882297802761727e-05,0.0004352259998086083,4096
baseline,split,4096,5,vertex_exchange_unpack,0.004138570321286061,0.012561418000132107,4096
baseline,split,4096,5,vertex_numbering_local,0.020951456910399346,0.0468625520002206,4096
baseline,split,4096,5,volume_exchange_pack,0.265918242115723,0.46461191200023677,4096
baseline,split,4096,5,volume_exchange_unpack,0.30011321313500827,0.7137589869998919,4096
baseline,split,4096,5,volume_payload_exchange,0.026735350875492725,0.05124100000011822,4096
baseline,split,4096,5,volume_payload_prepare,0.002447008331791012,0.023910342999897694,4096
baseline,split,4096,5,volume_refine,0.8089276808332516,1.2898798510000233,4096
baseline,split,4096,5,volume_size_exchange,0.019341047780027654,0.02538146599999891,4096
baseline,split,4096,5,volume_size_exchange_pre_collective_wait,0.19443234860718228,0.31329609000022174,4096
sparse,natural,4096,1,adjacency_build,0.00011121708081529569,0.00035782399982053903,4096
sparse,natural,4096,1,element_count_allgather,0.024616634506592572,0.04357259900007193,4096
sparse,natural,4096,1,face_local_extract,0.1786841954609374,0.24087939599985475,4096
sparse,natural,4096,1,face_map_setup,0.00833511049755764,0.03119986899992,4096
sparse,natural,4096,1,face_pipeline_total,0.6171245016232928,0.6422904790001667,4096
sparse,natural,4096,1,face_sparse_context,0.07170532991430645,0.2331736539999838,4096
sparse,natural,4096,1,face_sparse_deliver,0.045837984600830994,0.055790265000268846,4096
sparse,natural,4096,1,face_sparse_directory,0.15581368508886684,0.19549229699987336,4096
sparse,natural,4096,1,face_sparse_match,0.15285893681519158,0.2644501019999552,4096
sparse,natural,4096,1,face_sparse_total,0.4270751927797847,0.5983585879998827,4096
sparse,natural,4096,1,local_volume_mesh,5.55698255644751,9.000827018000109,4096
sparse,natural,4096,1,metis_partition,2.513389431924808,2.539365394000015,4096
sparse,natural,4096,1,metis_seed,0.0004962068435058198,2.032463230999838,1
sparse,natural,4096,1,part_face_create,0.011502190555909841,0.020187885999803257,4096
sparse,natural,4096,1,partition_cost_balance,8.042874511726694e-06,0.03294361400003254,1
sparse,natural,4096,1,partition_cost_setup,9.574542333978808e-05,0.392173253999772,1
sparse,natural,4096,1,partition_distribution,2.5126622325847165,2.5392709940001623,4096
sparse,natural,4096,1,submesh_initialization,0.00013089396338161752,0.0002731640001911728,4096
sparse,natural,4096,1,surface_refine,0.005132446810789726,0.025235346000044956,4096
sparse,natural,4096,1,vertex_count_allgather,3.4406858015151394,5.850195066000197,4096
sparse,natural,4096,1,vertex_exchange,0.011841970281252001,0.033547841999734374,4096
sparse,natural,4096,1,vertex_exchange_prepare,9.148227050492785e-05,0.0005936480001764721,4096
sparse,natural,4096,1,vertex_exchange_unpack,0.00407119982861226,0.026887662999797612,4096
sparse,natural,4096,1,vertex_numbering_local,0.02081611787841442,0.04610572499996124,4096
sparse,natural,4096,1,volume_exchange_pack,0.2667132227744129,0.4474758739997924,4096
sparse,natural,4096,1,volume_exchange_unpack,0.3002913915043929,0.6724769510001352,4096
sparse,natural,4096,1,volume_payload_exchange,0.026401587883053468,0.05113181299975622,4096
sparse,natural,4096,1,volume_payload_prepare,0.0023901487348616524,0.03356861600013872,4096
sparse,natural,4096,1,volume_refine,0.8073122640002409,1.2637436029999662,4096
sparse,natural,4096,1,volume_size_exchange,0.18391746461523362,0.3025899739996021,4096
sparse,natural,4096,2,adjacency_build,0.00011194081592014182,0.002031725000051665,4096
sparse,natural,4096,2,element_count_allgather,0.017761013652104585,0.027196055999866076,4096
sparse,natural,4096,2,face_local_extract,0.1789978248188494,0.2382993709998118,4096
sparse,natural,4096,2,face_map_setup,0.008545486971926586,0.021188766999785003,4096
sparse,natural,4096,2,face_pipeline_total,0.5749598642665997,0.6122164210000847,4096
sparse,natural,4096,2,face_sparse_context,0.08236736665844702,0.23603365000008125,4096
sparse,natural,4096,2,face_sparse_deliver,0.038215669374271455,0.041265128000304685,4096
sparse,natural,4096,2,face_sparse_directory,0.10401169940381527,0.1188961200000449,4096
sparse,natural,4096,2,face_sparse_match,0.15875406097069866,0.2239746559998821,4096
sparse,natural,4096,2,face_sparse_total,0.3843768479545888,0.5383978540003227,4096
sparse,natural,4096,2,local_volume_mesh,5.5599948152653775,8.998449659000016,4096
sparse,natural,4096,2,metis_partition,2.5179028826975074,2.534193777999917,4096
sparse,natural,4096,2,metis_seed,0.0004960011870116521,2.031620861999727,1
sparse,natural,4096,2,part_face_create,0.011488846139159348,0.03572171999985585,4096
sparse,natural,4096,2,partition_cost_balance,7.975803466897524e-06,0.03266889100041226,1
sparse,natural,4096,2,partition_cost_setup,9.62166892090055e-05,0.39410355900008653,1
sparse,natural,4096,2,partition_distribution,2.5171688615895977,2.5340488359997835,4096
sparse,natural,4096,2,submesh_initialization,0.00013607464746190345,0.0004823659996873175,4096
sparse,natural,4096,2,surface_refine,0.005235421111569383,0.008336134000273887,4096
sparse,natural,4096,2,vertex_count_allgather,3.43225486978662,5.866169246000027,4096
sparse,natural,4096,2,vertex_exchange,0.011528019531983236,0.027628570999695512,4096
sparse,natural,4096,2,vertex_exchange_prepare,8.850521142222956e-05,0.0005110859997330408,4096
sparse,natural,4096,2,vertex_exchange_unpack,0.004027969050296787,0.013427066000076593,4096
sparse,natural,4096,2,vertex_numbering_local,0.02082776223852889,0.06006373699983669,4096
sparse,natural,4096,2,volume_exchange_pack,0.26618927525830205,0.48060661399995297,4096
sparse,natural,4096,2,volume_exchange_unpack,0.2999087752712394,0.698054091999893,4096
sparse,natural,4096,2,volume_payload_exchange,0.0262750859255374,0.04839728999968429,4096
sparse,natural,4096,2,volume_payload_prepare,0.002390629035397107,0.023601834000146482,4096
sparse,natural,4096,2,volume_refine,0.8070936958017649,1.2706615910001346,4096
sparse,natural,4096,2,volume_size_exchange,0.23161016413379154,0.353830186000323,4096
sparse,natural,4096,3,adjacency_build,0.00010996077392444459,0.0003346049998071976,4096
sparse,natural,4096,3,element_count_allgather,0.0013316367456046585,0.0037749719999737863,4096
sparse,natural,4096,3,face_local_extract,0.178952530065435,0.2843713949996527,4096
sparse,natural,4096,3,face_map_setup,0.008486391628422352,0.022766855000099895,4096
sparse,natural,4096,3,face_pipeline_total,0.6074069004682643,0.623595516000023,4096
sparse,natural,4096,3,face_sparse_context,0.12023824983422926,0.288603231000252,4096
sparse,natural,4096,3,face_sparse_deliver,0.0398624993959944,0.0434814320001351,4096
sparse,natural,4096,3,face_sparse_directory,0.10058193835327056,0.12133738900001845,4096
sparse,natural,4096,3,face_sparse_match,0.15534692752612866,0.2118091249999452,4096
sparse,natural,4096,3,face_sparse_total,0.41689042938329757,0.5860606539999935,4096
sparse,natural,4096,3,local_volume_mesh,5.5558853117678275,8.916492882000057,4096
sparse,natural,4096,3,metis_partition,2.48714696126074,2.509546481000143,4096
sparse,natural,4096,3,metis_seed,0.0004997580895995668,2.0470091349998256,1
sparse,natural,4096,3,part_face_create,0.011503228773677487,0.015727370000149676,4096
sparse,natural,4096,3,partition_cost_balance,8.007673828136497e-06,0.03279943200004709,1
sparse,natural,4096,3,partition_cost_setup,9.65666545409416e-05,0.3955370169996968,1
sparse,natural,4096,3,partition_distribution,2.48639169872827,2.509402259000126,4096
sparse,natural,4096,3,submesh_initialization,0.0001814420139144568,0.1207467520002865,4096
sparse,natural,4096,3,surface_refine,0.00523936350244103,0.024604838999948697,4096
sparse,natural,4096,3,vertex_count_allgather,3.426326026401125,5.747572876000049,4096
sparse,natural,4096,3,vertex_exchange,0.011558765096189583,0.03414836000001742,4096
sparse,natural,4096,3,vertex_exchange_prepare,9.283678710791943e-05,0.0005051449998063617,4096
sparse,natural,4096,3,vertex_exchange_unpack,0.004072767703370728,0.012473200999920664,4096
sparse,natural,4096,3,vertex_numbering_local,0.02087317738207828,0.05594756599975881,4096
sparse,natural,4096,3,volume_exchange_pack,0.26620664647290626,0.466869491000125,4096
sparse,natural,4096,3,volume_exchange_unpack,0.3003124136091341,0.6938394009998774,4096
sparse,natural,4096,3,volume_payload_exchange,0.02615418964868743,0.054708015999949566,4096
sparse,natural,4096,3,volume_payload_prepare,0.00242219391968046,0.03190815899961308,4096
sparse,natural,4096,3,volume_refine,0.8073934890400375,1.2735280890001377,4096
sparse,natural,4096,3,volume_size_exchange,0.20889460339428567,0.32399173300018447,4096
sparse,natural,4096,4,adjacency_build,0.00010934588549771362,0.0002878430000237131,4096
sparse,natural,4096,4,element_count_allgather,0.021062966060302224,0.0443034110003282,4096
sparse,natural,4096,4,face_local_extract,0.17912883062548757,0.2657866589997866,4096
sparse,natural,4096,4,face_map_setup,0.008561367789552854,0.12845429500021055,4096
sparse,natural,4096,4,face_pipeline_total,0.7351596928557108,0.7658692089999022,4096
sparse,natural,4096,4,face_sparse_context,0.12517802834155678,0.2900421690001167,4096
sparse,natural,4096,4,face_sparse_deliver,0.03337862945434322,0.03382376900026429,4096
sparse,natural,4096,4,face_sparse_directory,0.21107047077246255,0.22175624200008315,4096
sparse,natural,4096,4,face_sparse_match,0.17351381153832857,0.27239248799969573,4096
sparse,natural,4096,4,face_sparse_total,0.5443885938244643,0.7102260159999787,4096
sparse,natural,4096,4,local_volume_mesh,5.557669931979246,8.95176806399968,4096
sparse,natural,4096,4,metis_partition,2.4835190259921838,2.533491305000098,4096
sparse,natural,4096,4,metis_seed,0.0004932844926758273,2.0204932820001886,1
sparse,natural,4096,4,part_face_create,0.011493950521239138,0.02418880100003662,4096
sparse,natural,4096,4,partition_cost_balance,7.863614502001681e-06,0.032209365000198886,1
sparse,natural,4096,4,partition_cost_setup,9.555891723633803e-05,0.39140932500004055,1
sparse,natural,4096,4,partition_distribution,2.482771298619386,2.533393283999885,4096
sparse,natural,4096,4,submesh_initialization,0.00014531411230367386,0.021530678999624797,4096
sparse,natural,4096,4,surface_refine,0.005236774757325868,0.01567904500006989,4096
sparse,natural,4096,4,vertex_count_allgather,3.395277754100097,5.75943272800032,4096
sparse,natural,4096,4,vertex_exchange,0.01435240354809475,0.05801375999999436,4096
sparse,natural,4096,4,vertex_exchange_prepare,8.08277202125618e-05,0.0004938259999107686,4096
sparse,natural,4096,4,vertex_exchange_unpack,0.004012240650877685,0.014279401999829133,4096
sparse,natural,4096,4,vertex_numbering_local,0.020824121702880283,0.04458314299972699,4096
sparse,natural,4096,4,volume_exchange_pack,0.26658544744970736,0.48005061300000307,4096
sparse,natural,4096,4,volume_exchange_unpack,0.30080970422168096,0.7747539850001885,4096
sparse,natural,4096,4,volume_payload_exchange,0.026666608494631427,0.06041538500039678,4096
sparse,natural,4096,4,volume_payload_prepare,0.002377304401854241,0.03541816999995717,4096
sparse,natural,4096,4,volume_refine,0.8065913092670904,1.2854898559999128,4096
sparse,natural,4096,4,volume_size_exchange,0.2127732997993168,0.33295846700002585,4096
sparse,natural,4096,5,adjacency_build,0.00011338479418854241,0.00037340400012908503,4096
sparse,natural,4096,5,element_count_allgather,0.012003657062248818,0.04200726399994892,4096
sparse,natural,4096,5,face_local_extract,0.1790611880190398,0.2755694020002011,4096
sparse,natural,4096,5,face_map_setup,0.008483586258791642,0.035829726999963896,4096
sparse,natural,4096,5,face_pipeline_total,0.6417096789074686,0.6639608450000196,4096
sparse,natural,4096,5,face_sparse_context,0.1023862263544919,0.2713788790001672,4096
sparse,natural,4096,5,face_sparse_deliver,0.06855764950268961,0.07730130299978555,4096
sparse,natural,4096,5,face_sparse_directory,0.0976902520595706,0.12874577799993858,4096
sparse,natural,4096,5,face_sparse_match,0.18142598328954773,0.26702571099986017,4096
sparse,natural,4096,5,face_sparse_total,0.45110977692212373,0.6214494890000424,4096
sparse,natural,4096,5,local_volume_mesh,5.558108425049561,8.925750596999933,4096
sparse,natural,4096,5,metis_partition,2.483784437032469,2.5450169649998315,4096
sparse,natural,4096,5,metis_seed,0.0004930562553711049,2.0195584220000455,1
sparse,natural,4096,5,part_face_create,0.011464772464845896,0.02638388400009717,4096
sparse,natural,4096,5,partition_cost_balance,7.831871093766374e-06,0.03207934400006707,1
sparse,natural,4096,5,partition_cost_setup,9.624901025384602e-05,0.3942359459997533,1
sparse,natural,4096,5,partition_distribution,2.4830570196826165,2.5448501640003087,4096
sparse,natural,4096,5,submesh_initialization,0.00013953484790341086,0.0002960240003631043,4096
sparse,natural,4096,5,surface_refine,0.00523329775829684,0.015200700000150391,4096
sparse,natural,4096,5,vertex_count_allgather,3.469070774697023,5.956780118000097,4096
sparse,natural,4096,5,vertex_exchange,0.014493441535644247,0.05923501300003409,4096
sparse,natural,4096,5,vertex_exchange_prepare,7.381113257298733e-05,0.0005168460002096253,4096
sparse,natural,4096,5,vertex_exchange_unpack,0.004073095705810048,0.035420088000137184,4096
sparse,natural,4096,5,vertex_numbering_local,0.020941197663578603,0.04191818900017097,4096
sparse,natural,4096,5,volume_exchange_pack,0.2670379163315435,0.46303224799976306,4096
sparse,natural,4096,5,volume_exchange_unpack,0.3004534776027764,0.6828549980000389,4096
sparse,natural,4096,5,volume_payload_exchange,0.026975799243897036,0.09120335499983412,4096
sparse,natural,4096,5,volume_payload_prepare,0.002362094388673297,0.06450722199997472,4096
sparse,natural,4096,5,volume_refine,0.8069083251550303,1.288291389999813,4096
sparse,natural,4096,5,volume_size_exchange,0.22047758180981714,0.34380030500005887,4096
sparse,split,4096,1,adjacency_build,0.0001117393088394536,0.00030648299980384763,4096
sparse,split,4096,1,element_count_allgather,0.0014675490756822507,0.0039765820001775865,4096
sparse,split,4096,1,element_count_pre_collective_wait,0.0010630159313930188,0.0022643299998890143,4096
sparse,split,4096,1,face_local_extract,0.17912593590820458,0.2732593569999153,4096
sparse,split,4096,1,face_map_setup,0.00858863729760928,0.010714697000366868,4096
sparse,split,4096,1,face_pipeline_total,0.6497785481718734,0.6735189660003016,4096
sparse,split,4096,1,face_sparse_context,0.12240848238769353,0.29290646500021467,4096
sparse,split,4096,1,face_sparse_deliver,0.03556606228076098,0.035801552000066295,4096
sparse,split,4096,1,face_sparse_deliver_pre_collective_wait,0.0026205028967299926,0.008497667000028741,4096
sparse,split,4096,1,face_sparse_directory,0.1094500218955059,0.11192976300026203,4096
sparse,split,4096,1,face_sparse_directory_pre_collective_wait,0.020118081788328968,0.0229440660000364,4096
sparse,split,4096,1,face_sparse_match,0.15024947617285744,0.17025874099999783,4096
sparse,split,4096,1,face_sparse_match_pre_collective_wait,0.01780068663427692,0.01821635199985394,4096
sparse,split,4096,1,face_sparse_total,0.45903402930249115,0.6296132209999996,4096
sparse,split,4096,1,local_volume_mesh,5.556148515141357,8.878334561000429,4096
sparse,split,4096,1,metis_partition,2.472769762341553,2.5044006180000906,4096
sparse,split,4096,1,metis_seed,0.0004932072744140426,2.0201769959999183,1
sparse,split,4096,1,part_face_create,0.01143216654394652,0.015348927000104595,4096
sparse,split,4096,1,partition_cost_balance,7.917257812461997e-06,0.03242908799984434,1
sparse,split,4096,1,partition_cost_setup,9.590971728512532e-05,0.3928462019998733,1
sparse,split,4096,1,partition_distribution,0.02287885691137259,0.05428785499998412,4096
sparse,split,4096,1,partition_pre_collective_wait,2.4491048665505364,2.4695920620001743,4096
sparse,split,4096,1,submesh_initialization,0.00015078194286677338,0.022875871999985975,4096
sparse,split,4096,1,surface_refine,0.005243907892090505,0.007308538999950542,4096
sparse,split,4096,1,vertex_count_allgather,0.013402085916999318,0.013817882999774156,4096
sparse,split,4096,1,vertex_count_pre_collective_wait,3.4218559829172346,5.793060756000159,4096
sparse,split,4096,1,vertex_exchange,0.011574727992918032,0.0363849029999983,4096
sparse,split,4096,1,vertex_exchange_prepare,9.270704027908305e-05,0.0006671279998045065,4096
sparse,split,4096,1,vertex_exchange_unpack,0.004072483632319268,0.013299420000294049,4096
sparse,split,4096,1,vertex_numbering_local,0.020900808546142957,0.05317930299997897,4096
sparse,split,4096,1,volume_exchange_pack,0.2657533527744145,0.48157835100028024,4096
sparse,split,4096,1,volume_exchange_unpack,0.29998750868140023,0.675950334999925,4096
sparse,split,4096,1,volume_payload_exchange,0.025966914768556726,0.04816834999974162,4096
sparse,split,4096,1,volume_payload_prepare,0.0023731964233427716,0.008329398999649129,4096
sparse,split,4096,1,volume_refine,0.8068293971020443,1.2925479720001931,4096
sparse,split,4096,1,volume_size_exchange,0.014074457815187014,0.014975878999848646,4096
sparse,split,4096,1,volume_size_exchange_pre_collective_wait,0.22050896193725367,0.33691209099970365,4096
sparse,split,4096,2,adjacency_build,0.0001098533886700892,0.0003168629996253003,4096
sparse,split,4096,2,element_count_allgather,0.016657124051266847,0.034680340999784676,4096
sparse,split,4096,2,element_count_pre_collective_wait,0.016341184550290655,0.03075822800019523,4096
sparse,split,4096,2,face_local_extract,0.17945248333227182,0.23541139899998598,4096
sparse,split,4096,2,face_map_setup,0.008727875238765392,0.015468769999642973,4096
sparse,split,4096,2,face_pipeline_total,0.6049661242065392,0.6354650029998083,4096
sparse,split,4096,2,face_sparse_context,0.06221129550146631,0.23694888099998934,4096
sparse,split,4096,2,face_sparse_deliver,0.03256372444506195,0.042173127999831195,4096
sparse,split,4096,2,face_sparse_deliver_pre_collective_wait,0.01922113870287956,0.03721170100016025,4096
sparse,split,4096,2,face_sparse_directory,0.10153676726074279,0.11329447000025539,4096
sparse,split,4096,2,face_sparse_directory_pre_collective_wait,0.022313922533199193,0.09068716100000529,4096
sparse,split,4096,2,face_sparse_match,0.15540311255419892,0.17761370900007023,4096
sparse,split,4096,2,face_sparse_match_pre_collective_wait,0.01954893117968759,0.07554722800023228,4096
sparse,split,4096,2,face_sparse_total,0.41375564211132765,0.5887128869999287,4096
sparse,split,4096,2,local_volume_mesh,5.555776683030029,8.942035675999705,4096
sparse,split,4096,2,metis_partition,2.5345629289543523,2.5667108440002266,4096
sparse,split,4096,2,metis_seed,0.0005036209555663307,2.0628314339996905,1
sparse,split,4096,2,part_face_create,0.011433357234376884,0.01614868500018929,4096
sparse,split,4096,2,partition_cost_balance,7.948478759844946e-06,0.0325569690003249,1
sparse,split,4096,2,partition_cost_setup,9.6403141845669e-05,0.39486726899986024,1
sparse,split,4096,2,partition_distribution,0.03977006527124316,0.07188357499990161,4096
sparse,split,4096,2,partition_pre_collective_wait,2.4940140806359836,2.5159455769999113,4096
sparse,split,4096,2,submesh_initialization,0.0001681552836946265,0.05515243099989675,4096
sparse,split,4096,2,surface_refine,0.005251929947020728,0.02505330399981176,4096
sparse,split,4096,2,vertex_count_allgather,0.030281717804931607,0.04668543200023123,4096
sparse,split,4096,2,vertex_count_pre_collective_wait,3.3712455921018107,5.849464617000194,4096
sparse,split,4096,2,vertex_exchange,0.011996969150629089,0.03640488299970457,4096
sparse,split,4096,2,vertex_exchange_prepare,5.852585107490871e-05,0.00045816600004400243,4096
sparse,split,4096,2,vertex_exchange_unpack,0.004048504209228088,0.01418388000001869,4096
sparse,split,4096,2,vertex_numbering_local,0.020943707034907444,0.04143855300026189,4096
sparse,split,4096,2,volume_exchange_pack,0.26642064739624005,0.4390773239997543,4096
sparse,split,4096,2,volume_exchange_unpack,0.3004100336779789,0.6963982310003303,4096
sparse,split,4096,2,volume_payload_exchange,0.02619748327319049,0.04711945700000797,4096
sparse,split,4096,2,volume_payload_prepare,0.002381470315184875,0.021527288000015687,4096
sparse,split,4096,2,volume_refine,0.8072188819355476,1.2849213439999403,4096
sparse,split,4096,2,volume_size_exchange,0.023514228952634997,0.024869446999673528,4096
sparse,split,4096,2,volume_size_exchange_pre_collective_wait,0.17078011080981959,0.28204130099993563,4096
sparse,split,4096,3,adjacency_build,0.00011052848510517688,0.0003429439998399175,4096
sparse,split,4096,3,element_count_allgather,0.0005579235590816856,0.0009981329999391164,4096
sparse,split,4096,3,element_count_pre_collective_wait,0.007939244489497232,0.01037774399992486,4096
sparse,split,4096,3,face_local_extract,0.1793438278481494,0.28525658499984274,4096
sparse,split,4096,3,face_map_setup,0.008703947611573448,0.010350143000323442,4096
sparse,split,4096,3,face_pipeline_total,0.6381448532309579,0.6578493500001059,4096
sparse,split,4096,3,face_sparse_context,0.11721820946386818,0.2857835360000536,4096
sparse,split,4096,3,face_sparse_deliver,0.04225670475366494,0.045521540000208915,4096
sparse,split,4096,3,face_sparse_deliver_pre_collective_wait,0.004596131035645268,0.028402723999988666,4096
sparse,split,4096,3,face_sparse_directory,0.09762340072314524,0.09987768500013772,4096
sparse,split,4096,3,face_sparse_directory_pre_collective_wait,0.008925921879148313,0.08565871200016772,4096
sparse,split,4096,3,face_sparse_match,0.1511706946918978,0.15996410600018862,4096
sparse,split,4096,3,face_sparse_match_pre_collective_wait,0.02443133077197368,0.02517273600005865,4096
sparse,split,4096,3,face_sparse_total,0.44708241564623485,0.6160863119998794,4096
sparse,split,4096,3,local_volume_mesh,5.558344940888674,9.013814075000028,4096
sparse,split,4096,3,metis_partition,2.4885266578391088,2.5247851479998644,4096
sparse,split,4096,3,metis_seed,0.0004963325288085407,2.032978037999783,1
sparse,split,4096,3,part_face_create,0.011414618587156644,0.021380726000188588,4096
sparse,split,4096,3,partition_cost_balance,7.95181396484601e-06,0.03257063000000926,1
sparse,split,4096,3,partition_cost_setup,9.637832202147312e-05,0.3947656069999539,1
sparse,split,4096,3,partition_distribution,0.024109873601810827,0.059545325999806664,4096
sparse,split,4096,3,partition_pre_collective_wait,2.463658692220459,2.479575233000105,4096
sparse,split,4096,3,submesh_initialization,0.00018244721704141487,0.10280134300001009,4096
sparse,split,4096,3,surface_refine,0.005255249659428141,0.007191850999788585,4096
sparse,split,4096,3,vertex_count_allgather,0.016849725479735622,0.024607896999896184,4096
sparse,split,4096,3,vertex_count_pre_collective_wait,3.4373638555852084,5.7757595609996315,4096
sparse,split,4096,3,vertex_exchange,0.011625622510988975,0.028397074000167777,4096
sparse,split,4096,3,vertex_exchange_prepare,8.838469702099339e-05,0.0005371080001168593,4096
sparse,split,4096,3,vertex_exchange_unpack,0.00404568172632036,0.015214239999750134,4096
sparse,split,4096,3,vertex_numbering_local,0.020840034156003773,0.04155511799990563,4096
sparse,split,4096,3,volume_exchange_pack,0.2661876678432641,0.4715998080000645,4096
sparse,split,4096,3,volume_exchange_unpack,0.30018114858618394,0.6988226600001326,4096
sparse,split,4096,3,volume_payload_exchange,0.026151228900388568,0.059846010000001115,4096
sparse,split,4096,3,volume_payload_prepare,0.002379231894283129,0.017944869000075414,4096
sparse,split,4096,3,volume_refine,0.8072848548361822,1.2543713760001083,4096
sparse,split,4096,3,volume_size_exchange,0.0258104669692395,0.02817693099996177,4096
sparse,split,4096,3,volume_size_exchange_pre_collective_wait,0.22128706641503815,0.3449002610000207,4096
sparse,split,4096,4,adjacency_build,0.00011631498437636445,0.00034968499994647573,4096
sparse,split,4096,4,element_count_allgather,0.022127123046146724,0.04771337800002584,4096
sparse,split,4096,4,element_count_pre_collective_wait,0.010303630259768659,0.028795919000003778,4096
sparse,split,4096,4,face_local_extract,0.17876493348461597,0.27505349700004444,4096
sparse,split,4096,4,face_map_setup,0.008444625724118637,0.02231649199984531,4096
sparse,split,4096,4,face_pipeline_total,0.718215506747557,0.7496934319997308,4096
sparse,split,4096,4,face_sparse_context,0.12909869134447927,0.30302385699997103,4096
sparse,split,4096,4,face_sparse_deliver,0.03396610870312733,0.05296241900032328,4096
sparse,split,4096,4,face_sparse_deliver_pre_collective_wait,0.03557925916552729,0.05710709599998154,4096
sparse,split,4096,4,face_sparse_directory,0.10399896386865337,0.11602914200011583,4096
sparse,split,4096,4,face_sparse_directory_pre_collective_wait,0.02234135256909009,0.07340647799992439,4096
sparse,split,4096,4,face_sparse_match,0.18022863115942767,0.2026310259998354,4096
sparse,split,4096,4,face_sparse_match_pre_collective_wait,0.021785023938232895,0.07731298299995615,4096
sparse,split,4096,4,face_sparse_total,0.5280000194917001,0.7019375429999855,4096
sparse,split,4096,4,local_volume_mesh,5.557880885469237,8.917957401999956,4096
sparse,split,4096,4,metis_partition,2.495321856054927,2.5566840080000475,4096
sparse,split,4096,4,metis_seed,0.0004961343847657007,2.03216644000031,1
sparse,split,4096,4,part_face_create,0.011453774153320162,0.050668427999880805,4096
sparse,split,4096,4,partition_cost_balance,7.825230468827549e-06,0.03205214400031764,1
sparse,split,4096,4,partition_cost_setup,9.612246582024753e-05,0.39371761999973387,1
sparse,split,4096,4,partition_distribution,0.03266243009253489,0.0940227880000748,4096
sparse,split,4096,4,partition_pre_collective_wait,2.461908037815434,2.48114446999989,4096
sparse,split,4096,4,submesh_initialization,0.0001300014235864344,0.0002698030002648011,4096
sparse,split,4096,4,surface_refine,0.0051853246235272765,0.007966771999690536,4096
sparse,split,4096,4,vertex_count_allgather,0.024194177989014576,0.03388921699979619,4096
sparse,split,4096,4,vertex_count_pre_collective_wait,3.3489632787412154,5.803642265000235,4096
sparse,split,4096,4,vertex_exchange,0.017004200554200155,0.062094479000279534,4096
sparse,split,4096,4,vertex_exchange_prepare,6.287336523080889e-05,0.0005137859998285421,4096
sparse,split,4096,4,vertex_exchange_unpack,0.004010926483884458,0.013783473999865237,4096
sparse,split,4096,4,vertex_numbering_local,0.02095519773120469,0.04359661899979983,4096
sparse,split,4096,4,volume_exchange_pack,0.26677059637841705,0.4331204330001128,4096
sparse,split,4096,4,volume_exchange_unpack,0.3005297106284168,0.6867776230001255,4096
sparse,split,4096,4,volume_payload_exchange,0.026756173027345898,0.05304017600019506,4096
sparse,split,4096,4,volume_payload_prepare,0.00241560530663687,0.029066961999888008,4096
sparse,split,4096,4,volume_refine,0.8073692797556158,1.2864619470001344,4096
sparse,split,4096,4,volume_size_exchange,0.04865736641381335,0.07511086300019088,4096
sparse,split,4096,4,volume_size_exchange_pre_collective_wait,0.17472245378686369,0.29178462099980607,4096
sparse,split,4096,5,adjacency_build,0.00010653878491462265,0.00032476400019731955,4096
sparse,split,4096,5,element_count_allgather,0.018185327757325065,0.040181487999689125,4096
sparse,split,4096,5,element_count_pre_collective_wait,0.0024569478291035507,0.003815663000295899,4096
sparse,split,4096,5,face_local_extract,0.17888639226732916,0.2457743869999831,4096
sparse,split,4096,5,face_map_setup,0.008400704655035396,0.010661805999916396,4096
sparse,split,4096,5,face_pipeline_total,0.6799798819057612,0.708193879999726,4096
sparse,split,4096,5,face_sparse_context,0.08842851393115203,0.2623933859999852,4096
sparse,split,4096,5,face_sparse_deliver,0.03731397979174689,0.05466755200041007,4096
sparse,split,4096,5,face_sparse_deliver_pre_collective_wait,0.021052516903561247,0.03746277899972483,4096
sparse,split,4096,5,face_sparse_directory,0.12350634895752033,0.13315146900004038,4096
sparse,split,4096,5,face_sparse_directory_pre_collective_wait,0.027968825192872693,0.0964773390001028,4096
sparse,split,4096,5,face_sparse_match,0.15126261862695134,0.1724225830002979,4096
sparse,split,4096,5,face_sparse_match_pre_collective_wait,0.039127600787353,0.09823107600004732,4096
sparse,split,4096,5,face_sparse_total,0.48959979114966423,0.6632347750000918,4096
sparse,split,4096,5,local_volume_mesh,5.555970828363281,8.996010110000043,4096
sparse,split,4096,5,metis_partition,2.506006271003664,2.5401115869999558,4096
sparse,split,4096,5,metis_seed,0.0005001116564941066,2.0484573449998607,1
sparse,split,4096,5,part_face_create,0.011565479654297217,0.023639742000341357,4096
sparse,split,4096,5,partition_cost_balance,7.837603515636893e-06,0.03210282400004871,1
sparse,split,4096,5,partition_cost_setup,9.508662255852673e-05,0.3894748059997255,1
sparse,split,4096,5,partition_distribution,0.03113782553149602,0.0651027899998553,4096
sparse,split,4096,5,partition_pre_collective_wait,2.474071229389403,2.489498134000314,4096
sparse,split,4096,5,submesh_initialization,0.000137369451174707,0.01965329299991936,4096
sparse,split,4096,5,surface_refine,0.005162086575433378,0.019461617000160913,4096
sparse,split,4096,5,vertex_count_allgather,0.021615325525879636,0.0228077290003057,4096
sparse,split,4096,5,vertex_count_pre_collective_wait,3.436079278903076,5.823423432999789,4096
sparse,split,4096,5,vertex_exchange,0.011528341647708773,0.03494908300035604,4096
sparse,split,4096,5,vertex_exchange_prepare,8.197508764462569e-05,0.0005200059999879159,4096
sparse,split,4096,5,vertex_exchange_unpack,0.004054427911866054,0.013974168000004283,4096
sparse,split,4096,5,vertex_numbering_local,0.020805431992675816,0.039773414000137564,4096
sparse,split,4096,5,volume_exchange_pack,0.2657896153149396,0.41939549099970463,4096
sparse,split,4096,5,volume_exchange_unpack,0.3006554337407231,0.7233055890001197,4096
sparse,split,4096,5,volume_payload_exchange,0.026236150145019455,0.06603446700000859,4096
sparse,split,4096,5,volume_payload_prepare,0.0024073637983416107,0.031228081999870483,4096
sparse,split,4096,5,volume_refine,0.8064568003632806,1.2891877769998246,4096
sparse,split,4096,5,volume_size_exchange,0.022096025180669332,0.04227304500000173,4096
sparse,split,4096,5,volume_size_exchange_pre_collective_wait,0.16813075207812256,0.2825247179998769,4096
baseline,natural,8192,1,adjacency_build,0.014340512275025419,0.029581200999928114,8192
baseline,natural,8192,1,element_count_allgather,0.001956034880125357,0.004865577000146004,8192
baseline,natural,8192,1,face_allgatherv,3.1862126289333523,6.249303313999917,8192
baseline,natural,8192,1,face_collective_setup,0.00018121881481575342,0.001363620000120136,8192
baseline,natural,8192,1,face_global_merge,0.09174265692212047,0.12613532999966992,8192
baseline,natural,8192,1,face_local_extract,0.17552503085522753,0.18904987099995196,8192
baseline,natural,8192,1,face_map_setup,0.008388535383910656,0.01031593800007613,8192
baseline,natural,8192,1,face_pipeline_total,3.4657029833320294,6.532909134999954,8192
baseline,natural,8192,1,local_volume_mesh,4.6573884301011965,7.646961783999814,8192
baseline,natural,8192,1,metis_partition,2.820302295697754,2.8214016560000346,8192
baseline,natural,8192,1,metis_seed,0.00029054406018069745,2.3801369410002735,1
baseline,natural,8192,1,part_face_create,0.029694673669187766,0.04982669099990744,8192
baseline,natural,8192,1,partition_cost_balance,4.058545410190462e-06,0.03324760400028026,1
baseline,natural,8192,1,partition_cost_setup,4.758454699704817e-05,0.3898126089998186,1
baseline,natural,8192,1,partition_distribution,2.8198197721414804,2.8211396599999716,8192
baseline,natural,8192,1,submesh_initialization,0.00013234464563183224,0.0020028220001222508,8192
baseline,natural,8192,1,surface_refine,0.004245015771357941,0.01750536800000191,8192
baseline,natural,8192,1,vertex_count_allgather,5.90798007481067,10.750164118000157,8192
baseline,natural,8192,1,vertex_exchange,0.008843880541625881,0.03644881499985786,8192
baseline,natural,8192,1,vertex_exchange_prepare,9.266529065271589e-05,0.0005867270001544966,8192
baseline,natural,8192,1,vertex_exchange_unpack,0.003112631546508149,0.010818001000188815,8192
baseline,natural,8192,1,vertex_numbering_local,0.01342645639318718,0.04247071899999355,8192
baseline,natural,8192,1,volume_exchange_pack,0.16344379072277782,0.34340731100019184,8192
baseline,natural,8192,1,volume_exchange_unpack,0.18792047868908596,0.4448125789999722,8192
baseline,natural,8192,1,volume_payload_exchange,0.018923800744747865,0.03652757800000472,8192
baseline,natural,8192,1,volume_payload_prepare,0.002682440658688945,0.005895055999644683,8192
baseline,natural,8192,1,volume_refine,0.42938070685277974,0.8159968579998349,8192
baseline,natural,8192,1,volume_size_exchange,0.19438575072875958,0.2663783519997196,8192
baseline,natural,8192,2,adjacency_build,0.01434587075427357,0.046095865999632224,8192
baseline,natural,8192,2,element_count_allgather,0.01932212295373764,0.03466390399989905,8192
baseline,natural,8192,2,face_allgatherv,3.174176518030273,6.4015901759999,8192
baseline,natural,8192,2,face_collective_setup,0.00018161004223765653,0.0008783509997556394,8192
baseline,natural,8192,2,face_global_merge,0.09177813338000584,0.12158475899968835,8192
baseline,natural,8192,2,face_local_extract,0.17551744652478152,0.23140395600012198,8192
baseline,natural,8192,2,face_map_setup,0.008383327917233285,0.010477309000179957,8192
baseline,natural,8192,2,face_pipeline_total,3.453701934658813,6.675916147999942,8192
baseline,natural,8192,2,local_volume_mesh,4.661262822677248,7.757048214999941,8192
baseline,natural,8192,2,metis_partition,2.8359041719248053,2.8888935330001004,8192
baseline,natural,8192,2,metis_seed,0.00028942243530272194,2.370948589999898,1
baseline,natural,8192,2,part_face_create,0.02969443485815504,0.04576219000000492,8192
baseline,natural,8192,2,partition_cost_balance,4.163275878876771e-06,0.03410555599975851,1
baseline,natural,8192,2,partition_cost_setup,4.762362951660215e-05,0.3901327730000048,1
baseline,natural,8192,2,partition_distribution,2.835425589062621,2.888780952000161,8192
baseline,natural,8192,2,submesh_initialization,0.00013684698693983144,0.023701552999682463,8192
baseline,natural,8192,2,surface_refine,0.004241964273683063,0.025962391999655665,8192
baseline,natural,8192,2,vertex_count_allgather,6.150454047843508,11.146204805999787,8192
baseline,natural,8192,2,vertex_exchange,0.008947814620115457,0.03264150100039842,8192
baseline,natural,8192,2,vertex_exchange_prepare,9.391459716701078e-05,0.0006552889999511535,8192
baseline,natural,8192,2,vertex_exchange_unpack,0.003118014304200889,0.010324930000024324,8192
baseline,natural,8192,2,vertex_numbering_local,0.013427966961548188,0.04438281700004154,8192
baseline,natural,8192,2,volume_exchange_pack,0.16347875596093547,0.3291959970001699,8192
baseline,natural,8192,2,volume_exchange_unpack,0.1880063659077158,0.4371999549998691,8192
baseline,natural,8192,2,volume_payload_exchange,0.019029846665897243,0.04376964199991562,8192
baseline,natural,8192,2,volume_payload_prepare,0.0026986118995372954,0.031934157999785384,8192
baseline,natural,8192,2,volume_refine,0.429858705025392,0.8218200490000527,8192
baseline,natural,8192,2,volume_size_exchange,0.17941940427245961,0.2494503419998182,8192
baseline,natural,8192,3,adjacency_build,0.014315000967770886,0.03539899099996546,8192
baseline,natural,8192,3,element_count_allgather,0.0041365636074241485,0.026114088000213087,8192
baseline,natural,8192,3,face_allgatherv,3.185649959059082,6.196540277000167,8192
baseline,natural,8192,3,face_collective_setup,0.00017975341381931687,0.0008639489997221972,8192
baseline,natural,8192,3,face_global_merge,0.09169622056225457,0.12436862899994594,8192
baseline,natural,8192,3,face_local_extract,0.1753675783758581,0.215956591000122,8192
baseline,natural,8192,3,face_map_setup,0.00836032709582607,0.010194407000199135,8192
baseline,natural,8192,3,face_pipeline_total,3.464915443944948,6.47432522400004,8192
baseline,natural,8192,3,local_volume_mesh,4.658882310179197,7.737229689000287,8192
baseline,natural,8192,3,metis_partition,2.8476630528635294,2.8723505390003083,8192
baseline,natural,8192,3,metis_seed,0.0002943607349853439,2.411403140999937,1
baseline,natural,8192,3,part_face_create,0.02966850130615173,0.043350883000130125,8192
baseline,natural,8192,3,partition_cost_balance,4.196896850605647e-06,0.03438097900016146,1
baseline,natural,8192,3,partition_cost_setup,4.6978446655299155e-05,0.3848474350002107,1
baseline,natural,8192,3,partition_distribution,2.8471790797618417,2.872205417999794,8192
baseline,natural,8192,3,submesh_initialization,0.0001322155490721677,0.008646815000247443,8192
baseline,natural,8192,3,surface_refine,0.004241201310057063,0.008646872000099393,8192
baseline,natural,8192,3,vertex_count_allgather,5.929739934626709,11.087230567999995,8192
baseline,natural,8192,3,vertex_exchange,0.01342220228320129,0.04330408700025146,8192
baseline,natural,8192,3,vertex_exchange_prepare,8.190608654662368e-05,0.0005142069999237719,8192
baseline,natural,8192,3,vertex_exchange_unpack,0.003103423430423191,0.01163632099996903,8192
baseline,natural,8192,3,vertex_numbering_local,0.013418062459714608,0.03603418300008343,8192
baseline,natural,8192,3,volume_exchange_pack,0.16348614870434058,0.34719358700021985,8192
baseline,natural,8192,3,volume_exchange_unpack,0.18792790440710233,0.4591044620001412,8192
baseline,natural,8192,3,volume_payload_exchange,0.01917432668969976,0.042024890999982745,8192
baseline,natural,8192,3,volume_payload_prepare,0.002715541630859186,0.03094416999965688,8192
baseline,natural,8192,3,volume_refine,0.42961833386059844,0.8190358749998268,8192
baseline,natural,8192,3,volume_size_exchange,0.19285062576928458,0.2658133659997475,8192
baseline,natural,8192,4,adjacency_build,0.014333692113646657,0.02899830500018652,8192
baseline,natural,8192,4,element_count_allgather,0.014193383202023346,0.03274790399973426,8192
baseline,natural,8192,4,face_allgatherv,3.365910090644041,6.337982733999979,8192
baseline,natural,8192,4,face_collective_setup,0.00018386237853840193,0.0015345019996857445,8192
baseline,natural,8192,4,face_global_merge,0.09177976088524892,0.12545755300016026,8192
baseline,natural,8192,4,face_local_extract,0.17549008421130385,0.23686904299984235,8192
baseline,natural,8192,4,face_map_setup,0.008348394737550502,0.010308759000054124,8192
baseline,natural,8192,4,face_pipeline_total,3.6453876662518327,6.619161435000024,8192
baseline,natural,8192,4,local_volume_mesh,4.6609290264818135,7.747288796999783,8192
baseline,natural,8192,4,metis_partition,2.860963518830567,2.8992617650001193,8192
baseline,natural,8192,4,metis_seed,0.0002922338695068305,2.3939798589999555,1
baseline,natural,8192,4,part_face_create,0.029700835439697315,0.05543824500000483,8192
baseline,natural,8192,4,partition_cost_balance,4.1466716308447005e-06,0.033969533999879786,1
baseline,natural,8192,4,partition_cost_setup,4.71962053222863e-05,0.38663131400016937,1
baseline,natural,8192,4,partition_distribution,2.8604809559699693,2.8991179829999965,8192
baseline,natural,8192,4,submesh_initialization,0.00013191424011260722,0.011147368999900209,8192
baseline,natural,8192,4,surface_refine,0.0042456482449976796,0.02001365199976135,8192
baseline,natural,8192,4,vertex_count_allgather,5.929834979017451,10.989705029000106,8192
baseline,natural,8192,4,vertex_exchange,0.008957731391356694,0.03725441000005958,8192
baseline,natural,8192,4,vertex_exchange_prepare,9.127129931374434e-05,0.0005766260001109913,8192
baseline,natural,8192,4,vertex_exchange_unpack,0.0031058584724109606,0.011778224999943632,8192
baseline,natural,8192,4,vertex_numbering_local,0.013430745284670864,0.03246094799987986,8192
baseline,natural,8192,4,volume_exchange_pack,0.1633869290054939,0.3408111590001681,8192
baseline,natural,8192,4,volume_exchange_unpack,0.18780521257848926,0.43150695900021674,8192
baseline,natural,8192,4,volume_payload_exchange,0.01895213449524019,0.04008710700009033,8192
baseline,natural,8192,4,volume_payload_prepare,0.002692024897338219,0.027394479000122374,8192
baseline,natural,8192,4,volume_refine,0.4298264540168443,0.8183244870001545,8192
baseline,natural,8192,4,volume_size_exchange,0.19314419790051146,0.26580832999979975,8192
baseline,natural,8192,5,adjacency_build,0.01432521213781529,0.029997770999671047,8192
baseline,natural,8192,5,element_count_allgather,0.0018621487420635852,0.004384931999993569,8192
baseline,natural,8192,5,face_allgatherv,3.387771346084719,6.341916020000099,8192
baseline,natural,8192,5,face_collective_setup,0.00018022094408748357,0.001435596000192163,8192
baseline,natural,8192,5,face_global_merge,0.09173692273779183,0.11436556599983305,8192
baseline,natural,8192,5,face_local_extract,0.17556039317016509,0.22387472299988076,8192
baseline,natural,8192,5,face_map_setup,0.008389542315552667,0.01038294499994663,8192
baseline,natural,8192,5,face_pipeline_total,3.6673001129859615,6.630552482999974,8192
baseline,natural,8192,5,local_volume_mesh,4.658053635018919,7.818623537999883,8192
baseline,natural,8192,5,metis_partition,2.834577956758667,2.872583674999987,8192
baseline,natural,8192,5,metis_seed,0.0002916927858886975,2.38954730200021,1
baseline,natural,8192,5,part_face_create,0.029684908697634405,0.05447870099987995,8192
baseline,natural,8192,5,partition_cost_balance,4.0233793945354535e-06,0.032959524000034435,1
baseline,natural,8192,5,partition_cost_setup,4.780935363768446e-05,0.3916542249999111,1
baseline,natural,8192,5,partition_distribution,2.834095016530517,2.8724650630001634,8192
baseline,natural,8192,5,submesh_initialization,0.00013323321301367264,0.0003211840003132238,8192
baseline,natural,8192,5,surface_refine,0.004246464486447998,0.01684821800017744,8192
baseline,natural,8192,5,vertex_count_allgather,6.013036580813475,11.07873534700002,8192
baseline,natural,8192,5,vertex_exchange,0.008871719074710793,0.030316459000005125,8192
baseline,natural,8192,5,vertex_exchange_prepare,9.344878210432173e-05,0.0007034680002107052,8192
baseline,natural,8192,5,vertex_exchange_unpack,0.003103725101441468,0.010483172000022023,8192
baseline,natural,8192,5,vertex_numbering_local,0.013389163073240506,0.030382725999970717,8192
baseline,natural,8192,5,volume_exchange_pack,0.16329584706555378,0.353550671999983,8192
baseline,natural,8192,5,volume_exchange_unpack,0.1878333900882571,0.4587254180000855,8192
baseline,natural,8192,5,volume_payload_exchange,0.01861236884362749,0.03290257900016513,8192
baseline,natural,8192,5,volume_payload_prepare,0.0026829898540040586,0.007225424000353087,8192
baseline,natural,8192,5,volume_refine,0.4299398965760526,0.8185041020001336,8192
baseline,natural,8192,5,volume_size_exchange,0.20538784445360958,0.27651444200000697,8192
baseline,split,8192,1,adjacency_build,0.014343728864016747,0.028808847999698628,8192
baseline,split,8192,1,element_count_allgather,0.0017870727791749474,0.006729536999955599,8192
baseline,split,8192,1,element_count_pre_collective_wait,0.002054569390504468,0.0025970360002247617,8192
baseline,split,8192,1,face_allgatherv,3.119031950572638,6.32740436999984,8192
baseline,split,8192,1,face_collective_setup,0.00016859702380850328,0.001909039000111079,8192
baseline,split,8192,1,face_global_merge,0.09161960598095875,0.11728617800008578,8192
baseline,split,8192,1,face_local_extract,0.17516960917138863,0.21338898099975268,8192
baseline,split,8192,1,face_map_setup,0.00831640284545826,0.01051467799970851,8192
baseline,split,8192,1,face_pipeline_total,3.447138019095702,6.675514407999799,8192
baseline,split,8192,1,face_pre_collective_wait,0.04921429926684667,0.22048014200026955,8192
baseline,split,8192,1,local_volume_mesh,4.658719667444582,7.721406829999978,8192
baseline,split,8192,1,metis_partition,2.82467023121765,2.8618601499997567,8192
baseline,split,8192,1,metis_seed,0.0002908292980956517,2.382473609999579,1
baseline,split,8192,1,part_face_create,0.029642652376587142,0.04720615499991254,8192
baseline,split,8192,1,partition_cost_balance,4.191274292020264e-06,0.03433491900023,1
baseline,split,8192,1,partition_cost_setup,4.674098107909641e-05,0.3829021169999578,1
baseline,split,8192,1,partition_distribution,0.015842027021487404,0.053053864000048634,8192
baseline,split,8192,1,partition_pre_collective_wait,2.808332751333003,2.8170289010004126,8192
baseline,split,8192,1,submesh_initialization,0.0001306763652323406,0.0003132430001642206,8192
baseline,split,8192,1,surface_refine,0.004231513953979693,0.008404469000197423,8192
baseline,split,8192,1,vertex_count_allgather,0.025225290085816032,0.027193132999855152,8192
baseline,split,8192,1,vertex_count_pre_collective_wait,6.108625034356324,11.060423377999996,8192
baseline,split,8192,1,vertex_exchange,0.008777793573976178,0.030942713000058575,8192
baseline,split,8192,1,vertex_exchange_prepare,8.302699353024412e-05,0.0005655260001731222,8192
baseline,split,8192,1,vertex_exchange_unpack,0.003112270845702869,0.011168666000230587,8192
baseline,split,8192,1,vertex_numbering_local,0.013413501033691266,0.03022145399972942,8192
baseline,split,8192,1,volume_exchange_pack,0.1634330520648194,0.32940340000004653,8192
baseline,split,8192,1,volume_exchange_unpack,0.18810036202172942,0.42508397200026593,8192
baseline,split,8192,1,volume_payload_exchange,0.0189530388160416,0.0390669909997996,8192
baseline,split,8192,1,volume_payload_prepare,0.0026821273872067453,0.006435491000047477,8192
baseline,split,8192,1,volume_refine,0.4297353295449224,0.8162133210003049,8192
baseline,split,8192,1,volume_size_exchange,0.028455924245236963,0.058194332999846665,8192
baseline,split,8192,1,volume_size_exchange_pre_collective_wait,0.17495814933764636,0.24528045700026269,8192
baseline,split,8192,2,adjacency_build,0.014347824580686175,0.043180868000035844,8192
baseline,split,8192,2,element_count_allgather,0.013630767383791875,0.021692627999982506,8192
baseline,split,8192,2,element_count_pre_collective_wait,0.00814587634338182,0.0194130849999965,8192
baseline,split,8192,2,face_allgatherv,3.368182939316403,6.310859077000259,8192
baseline,split,8192,2,face_collective_setup,0.0001672102745366444,0.0011566729999685776,8192
baseline,split,8192,2,face_global_merge,0.09172704237121554,0.12392258099998799,8192
baseline,split,8192,2,face_local_extract,0.17536845668395679,0.2319992790003198,8192
baseline,split,8192,2,face_map_setup,0.008394759513549066,0.010390711999662017,8192
baseline,split,8192,2,face_pipeline_total,3.7051817756320804,6.662281508999968,8192
baseline,split,8192,2,face_pre_collective_wait,0.05769259605737337,0.22731191200000467,8192
baseline,split,8192,2,local_volume_mesh,4.658620328281367,7.714940947999821,8192
baseline,split,8192,2,metis_partition,2.8375408621523466,2.873660603999724,8192
baseline,split,8192,2,metis_seed,0.00029041092565917914,2.3790463029999955,1
baseline,split,8192,2,part_face_create,0.029682438619383522,0.05704184099977283,8192
baseline,split,8192,2,partition_cost_balance,4.075015624993572e-06,0.03338252799994734,1
baseline,split,8192,2,partition_cost_setup,4.752678015140788e-05,0.38933938300033333,1
baseline,split,8192,2,partition_distribution,0.026768189696044997,0.06274698500010345,8192
baseline,split,8192,2,partition_pre_collective_wait,2.8102714357839385,2.8235069639999892,8192
baseline,split,8192,2,submesh_initialization,0.00013083652978440607,0.00032730400016589556,8192
baseline,split,8192,2,surface_refine,0.004243628536132693,0.015213316999961535,8192
baseline,split,8192,2,vertex_count_allgather,0.023119025272341887,0.029340850999687973,8192
baseline,split,8192,2,vertex_count_pre_collective_wait,5.903047095258055,10.951075625000158,8192
baseline,split,8192,2,vertex_exchange,0.009783338249145457,0.03225445599991872,8192
baseline,split,8192,2,vertex_exchange_prepare,8.120689880491971e-05,0.00054516699992746,8192
baseline,split,8192,2,vertex_exchange_unpack,0.003141141658936475,0.01256796999996368,8192
baseline,split,8192,2,vertex_numbering_local,0.01344591994726585,0.06496488600032535,8192
baseline,split,8192,2,volume_exchange_pack,0.16355349995031576,0.33010314900002413,8192
baseline,split,8192,2,volume_exchange_unpack,0.18797994142370333,0.44834034999985306,8192
baseline,split,8192,2,volume_payload_exchange,0.019071003324464264,0.03965467699981673,8192
baseline,split,8192,2,volume_payload_prepare,0.0026443253714603654,0.026486977999866212,8192
baseline,split,8192,2,volume_refine,0.42977792157739064,0.8132834950001779,8192
baseline,split,8192,2,volume_size_exchange,0.030699829339843054,0.05139797899983023,8192
baseline,split,8192,2,volume_size_exchange_pre_collective_wait,0.1731499555167224,0.24307886100041287,8192
baseline,split,8192,3,adjacency_build,0.01433552948363942,0.04268872200009355,8192
baseline,split,8192,3,element_count_allgather,0.0037822040793467626,0.012298705999910453,8192
baseline,split,8192,3,element_count_pre_collective_wait,0.006255770965450824,0.008631781000076444,8192
baseline,split,8192,3,face_allgatherv,3.393807207841674,6.3626153469999736,8192
baseline,split,8192,3,face_collective_setup,0.00016845093896172836,0.000797208999756549,8192
baseline,split,8192,3,face_global_merge,0.091751027731935,0.12056457799963027,8192
baseline,split,8192,3,face_local_extract,0.17527145492297536,0.20922346299994388,8192
baseline,split,8192,3,face_map_setup,0.008385433739014236,0.010549889000230905,8192
baseline,split,8192,3,face_pipeline_total,3.7186172332270475,6.706776100999832,8192
baseline,split,8192,3,face_pre_collective_wait,0.045552969805913,0.21445793700013382,8192
baseline,split,8192,3,local_volume_mesh,4.6595458360626205,7.780172366999977,8192
baseline,split,8192,3,metis_partition,2.851278744962282,2.874392892999822,8192
baseline,split,8192,3,metis_seed,0.00029331208398436504,2.4028125919999184,1
baseline,split,8192,3,part_face_create,0.029690005718628898,0.05153829500022766,8192
baseline,split,8192,3,partition_cost_balance,4.138383056628836e-06,0.033901633999903424,1
baseline,split,8192,3,partition_cost_setup,4.7254160034204684e-05,0.3871060790002048,1
baseline,split,8192,3,partition_distribution,0.018220690569213105,0.04132686299999477,8192
baseline,split,8192,3,partition_pre_collective_wait,2.83255372104724,2.8384139019999566,8192
baseline,split,8192,3,submesh_initialization,0.00013101105639895527,0.00031396400027006166,8192
baseline,split,8192,3,surface_refine,0.004243408164302798,0.008265147000201978,8192
baseline,split,8192,3,vertex_count_allgather,0.02321791630297959,0.027660684999773366,8192
baseline,split,8192,3,vertex_count_pre_collective_wait,5.997238692290653,11.08239550999997,8192
baseline,split,8192,3,vertex_exchange,0.008809834182618492,0.0313100790003773,8192
baseline,split,8192,3,vertex_exchange_prepare,9.135415845007433e-05,0.0006074460002309934,8192
baseline,split,8192,3,vertex_exchange_unpack,0.0031287593074955655,0.011958361999859335,8192
baseline,split,8192,3,vertex_numbering_local,0.013420778072753936,0.029131619000054343,8192
baseline,split,8192,3,volume_exchange_pack,0.1634697866597925,0.3641022030001295,8192
baseline,split,8192,3,volume_exchange_unpack,0.18783006222302123,0.42792655800030843,8192
baseline,split,8192,3,volume_payload_exchange,0.01900752849438203,0.035445233000245935,8192
baseline,split,8192,3,volume_payload_prepare,0.0026934314406768523,0.025059369999780756,8192
baseline,split,8192,3,volume_refine,0.4298325189361596,0.8227600620002704,8192
baseline,split,8192,3,volume_size_exchange,0.026015657531860747,0.02845334899984664,8192
baseline,split,8192,3,volume_size_exchange_pre_collective_wait,0.20988967385730078,0.2836779999997816,8192
baseline,split,8192,4,adjacency_build,0.014344312120850244,0.03795937299992147,8192
baseline,split,8192,4,element_count_allgather,0.007030823851681689,0.012759298000219133,8192
baseline,split,8192,4,element_count_pre_collective_wait,0.0018470542115478494,0.0031387919998451252,8192
baseline,split,8192,4,face_allgatherv,3.164585399054686,6.437869000999854,8192
baseline,split,8192,4,face_collective_setup,0.00016799723095639596,0.0008706499997970241,8192
baseline,split,8192,4,face_global_merge,0.09179919150830035,0.1249929659998088,8192
baseline,split,8192,4,face_local_extract,0.175117771017822,0.2020330250002189,8192
baseline,split,8192,4,face_map_setup,0.008279348400023645,0.010133491000033246,8192
baseline,split,8192,4,face_pipeline_total,3.5278937364704563,6.841721054000118,8192
baseline,split,8192,4,face_pre_collective_wait,0.084208847110474,0.26970315400012623,8192
baseline,split,8192,4,local_volume_mesh,4.659467675237058,7.714896574999784,8192
baseline,split,8192,4,metis_partition,2.9254630632569567,2.9853917530003855,8192
baseline,split,8192,4,metis_seed,0.00029866416857909917,2.4466568689999804,1
baseline,split,8192,4,part_face_create,0.029728694156737068,0.05308642699992561,8192
baseline,split,8192,4,partition_cost_balance,4.153793334960021e-06,0.03402787499999249,1
baseline,split,8192,4,partition_cost_setup,4.75225173339755e-05,0.3893044619999273,1
baseline,split,8192,4,partition_distribution,0.04616751084668136,0.10597342299979573,8192
baseline,split,8192,4,partition_pre_collective_wait,2.878792345931641,2.890775738999764,8192
baseline,split,8192,4,submesh_initialization,0.0001312033249559197,0.0003214240000488644,8192
baseline,split,8192,4,surface_refine,0.004240461797121564,0.01642747899995811,8192
baseline,split,8192,4,vertex_count_allgather,0.023290934668093566,0.02464843400002792,8192
baseline,split,8192,4,vertex_count_pre_collective_wait,6.1311373763810995,11.139488347999759,8192
baseline,split,8192,4,vertex_exchange,0.011489530007567306,0.041412892999687756,8192
baseline,split,8192,4,vertex_exchange_prepare,7.37354272493107e-05,0.011649562999991758,8192
baseline,split,8192,4,vertex_exchange_unpack,0.003153227314938334,0.011163315999965562,8192
baseline,split,8192,4,vertex_numbering_local,0.013448007250364713,0.036668502999873454,8192
baseline,split,8192,4,volume_exchange_pack,0.16364567523108392,0.34111209999991843,8192
baseline,split,8192,4,volume_exchange_unpack,0.18814204365331694,0.4425184070000796,8192
baseline,split,8192,4,volume_payload_exchange,0.01872468582482706,0.04873525499988318,8192
baseline,split,8192,4,volume_payload_prepare,0.00269991302771011,0.03750461199979327,8192
baseline,split,8192,4,volume_refine,0.42975517748657155,0.8218753629998901,8192
baseline,split,8192,4,volume_size_exchange,0.029401883695677977,0.031943862000389345,8192
baseline,split,8192,4,volume_size_exchange_pre_collective_wait,0.18747398581945762,0.26329765499986024,8192
baseline,split,8192,5,adjacency_build,0.01437140325073194,0.0519993070001874,8192
baseline,split,8192,5,element_count_allgather,0.017509474096436328,0.035770420000062586,8192
baseline,split,8192,5,element_count_pre_collective_wait,0.008273767059937431,0.014140808000320249,8192
baseline,split,8192,5,face_allgatherv,3.3789511355909467,6.366654357000243,8192
baseline,split,8192,5,face_collective_setup,0.00016740118127445136,0.0015298180001082073,8192
baseline,split,8192,5,face_global_merge,0.09175423003308042,0.121186335999937,8192
baseline,split,8192,5,face_local_extract,0.17532721544604563,0.22309129699988262,8192
baseline,split,8192,5,face_map_setup,0.008391755052730043,0.010229882999738038,8192
baseline,split,8192,5,face_pipeline_total,3.7178993195589594,6.726327322000088,8192
baseline,split,8192,5,face_pre_collective_wait,0.059630738039673614,0.22916040999962206,8192
baseline,split,8192,5,local_volume_mesh,4.658849751668947,7.729179511999973,8192
baseline,split,8192,5,metis_partition,2.8412313421191415,2.8934142759999304,8192
baseline,split,8192,5,metis_seed,0.0002914060885009784,2.387198677000015,1
baseline,split,8192,5,part_face_create,0.029688971612424675,0.05793160400025954,8192
baseline,split,8192,5,partition_cost_balance,4.152797241196993e-06,0.034019714999885764,1
baseline,split,8192,5,partition_cost_setup,4.713575769044187e-05,0.3861361270000998,1
baseline,split,8192,5,partition_distribution,0.024696711184446274,0.07678678599995692,8192
baseline,split,8192,5,partition_pre_collective_wait,2.8160313100395493,2.8177635319998444,8192
baseline,split,8192,5,submesh_initialization,0.0001323077570751785,0.010930913000265718,8192
baseline,split,8192,5,surface_refine,0.004240338846683012,0.008454870999685227,8192
baseline,split,8192,5,vertex_count_allgather,0.023289196954466906,0.024671677000242198,8192
baseline,split,8192,5,vertex_count_pre_collective_wait,5.90532044894873,11.05482284000027,8192
baseline,split,8192,5,vertex_exchange,0.016111168257935293,0.04548089900026753,8192
baseline,split,8192,5,vertex_exchange_prepare,7.336728405760162e-05,0.002568613000221376,8192
baseline,split,8192,5,vertex_exchange_unpack,0.003152875164300628,0.011293636999653245,8192
baseline,split,8192,5,vertex_numbering_local,0.013439626894163725,0.028356889999940904,8192
baseline,split,8192,5,volume_exchange_pack,0.16354383132275313,0.34772732100009307,8192
baseline,split,8192,5,volume_exchange_unpack,0.1879423640097666,0.45311077299993485,8192
baseline,split,8192,5,volume_payload_exchange,0.018810463963866875,0.04477237099990816,8192
baseline,split,8192,5,volume_payload_prepare,0.0027328371789577255,0.032242189000044164,8192
baseline,split,8192,5,volume_refine,0.42997393294617053,0.813887177000197,8192
baseline,split,8192,5,volume_size_exchange,0.025565111070433577,0.02915828099958162,8192
baseline,split,8192,5,volume_size_exchange_pre_collective_wait,0.1955114532782002,0.26406202199996187,8192
sparse,natural,8192,1,adjacency_build,9.810574584906417e-05,0.00032654400001774775,8192
sparse,natural,8192,1,element_count_allgather,0.01510901438268819,0.04068040700030906,8192
sparse,natural,8192,1,face_local_extract,0.17516289630932713,0.21806454499983374,8192
sparse,natural,8192,1,face_map_setup,0.008296032104367468,0.010397435999948357,8192
sparse,natural,8192,1,face_pipeline_total,0.730440869367309,0.7602965450000738,8192
sparse,natural,8192,1,face_sparse_context,0.08777763217675444,0.2566317519999757,8192
sparse,natural,8192,1,face_sparse_deliver,0.09874676464208998,0.1256972199998927,8192
sparse,natural,8192,1,face_sparse_directory,0.18780033906359905,0.22015787300006195,8192
sparse,natural,8192,1,face_sparse_match,0.16859629212121763,0.24867570600008548,8192
sparse,natural,8192,1,face_sparse_total,0.5439540168984407,0.7133012720000806,8192
sparse,natural,8192,1,local_volume_mesh,4.655924242753051,7.823007248000067,8192
sparse,natural,8192,1,metis_partition,2.833619355009766,2.9171294339998894,8192
sparse,natural,8192,1,metis_seed,0.0002901112652587967,2.3765914850000627,1
sparse,natural,8192,1,part_face_create,0.011380861632448558,0.035974617000192666,8192
sparse,natural,8192,1,partition_cost_balance,4.086927001989427e-06,0.03348010600029738,1
sparse,natural,8192,1,partition_cost_setup,4.7160958618175375e-05,0.38634257300009267,1
sparse,natural,8192,1,partition_distribution,2.8331430872172843,2.9170260320001944,8192
sparse,natural,8192,1,submesh_initialization,0.00013154150537086906,0.0003336039999339846,8192
sparse,natural,8192,1,surface_refine,0.004333053967164491,0.014052482999886706,8192
sparse,natural,8192,1,vertex_count_allgather,3.4465699203198232,6.612859678999939,8192
sparse,natural,8192,1,vertex_exchange,0.020968435343628744,0.04839917199979027,8192
sparse,natural,8192,1,vertex_exchange_prepare,6.945943090946871e-05,0.0005250260001048446,8192
sparse,natural,8192,1,vertex_exchange_unpack,0.0030827663911107694,0.013049776000116253,8192
sparse,natural,8192,1,vertex_numbering_local,0.01339544776416024,0.04294581899966943,8192
sparse,natural,8192,1,volume_exchange_pack,0.16249882986889558,0.33359969100001763,8192
sparse,natural,8192,1,volume_exchange_unpack,0.18896669654211856,0.43567220400018414,8192
sparse,natural,8192,1,volume_payload_exchange,0.018759123689573665,0.0486755679999078,8192
sparse,natural,8192,1,volume_payload_prepare,0.0026790305651828716,0.02243204100022922,8192
sparse,natural,8192,1,volume_refine,0.436911182381102,0.8311204319998069,8192
sparse,natural,8192,1,volume_size_exchange,0.1843241998179943,0.2692842319997908,8192
sparse,natural,8192,2,adjacency_build,9.975017871410863e-05,0.0003233839997847099,8192
sparse,natural,8192,2,element_count_allgather,0.005698348781007723,0.03283725000028426,8192
sparse,natural,8192,2,face_local_extract,0.1753156175556656,0.21307725699989533,8192
sparse,natural,8192,2,face_map_setup,0.008373700009888518,0.010409746000277664,8192
sparse,natural,8192,2,face_pipeline_total,0.723604471810913,0.7420965739997882,8192
sparse,natural,8192,2,face_sparse_context,0.07795002210168545,0.25037593399974867,8192
sparse,natural,8192,2,face_sparse_deliver,0.10167340364367727,0.11489753200021369,8192
sparse,natural,8192,2,face_sparse_directory,0.18853314522350922,0.22075566800003799,8192
sparse,natural,8192,2,face_sparse_match,0.16771181547778263,0.2368044770000779,8192
sparse,natural,8192,2,face_sparse_total,0.5368931689240738,0.7098127499998554,8192
sparse,natural,8192,2,local_volume_mesh,4.654669132514769,7.7262357970002995,8192
sparse,natural,8192,2,metis_partition,2.827040479359862,2.883060846999797,8192
sparse,natural,8192,2,metis_seed,0.0002906996873778822,2.381411838999611,1
sparse,natural,8192,2,part_face_create,0.011408032086912101,0.015474831000119593,8192
sparse,natural,8192,2,partition_cost_balance,4.133453857413372e-06,0.03386125399993034,1
sparse,natural,8192,2,partition_cost_setup,4.757176367187199e-05,0.38970788799997536,1
sparse,natural,8192,2,partition_distribution,2.8265589910174613,2.8829136649997054,8192
sparse,natural,8192,2,submesh_initialization,0.00013382111645593442,0.016882754000107525,8192
sparse,natural,8192,2,surface_refine,0.004345231266968619,0.00804318400014381,8192
sparse,natural,8192,2,vertex_count_allgather,3.4622602997431655,6.501975913000024,8192
sparse,natural,8192,2,vertex_exchange,0.022917196986934507,0.04931868499988923,8192
sparse,natural,8192,2,vertex_exchange_prepare,7.260343273990388e-05,0.0006179479996717419,8192
sparse,natural,8192,2,vertex_exchange_unpack,0.0029932199565416706,0.01103239099984421,8192
sparse,natural,8192,2,vertex_numbering_local,0.013429461897460526,0.04949577599973054,8192
sparse,natural,8192,2,volume_exchange_pack,0.1623576737149648,0.32122118000006594,8192
sparse,natural,8192,2,volume_exchange_unpack,0.188930650769288,0.4163588090000303,8192
sparse,natural,8192,2,volume_payload_exchange,0.01875161419982868,0.04685728799995559,8192
sparse,natural,8192,2,volume_payload_prepare,0.002677384764524837,0.02202111899987358,8192
sparse,natural,8192,2,volume_refine,0.43718539488085395,0.8256239060001462,8192
sparse,natural,8192,2,volume_size_exchange,0.1703011597664814,0.2567097850001119,8192
sparse,natural,8192,3,adjacency_build,9.723563745456243e-05,0.0003335640003570006,8192
sparse,natural,8192,3,element_count_allgather,0.019729043325315887,0.053876679000040895,8192
sparse,natural,8192,3,face_local_extract,0.17527202271386927,0.21728191800002605,8192
sparse,natural,8192,3,face_map_setup,0.008356535821043676,0.010320903999854636,8192
sparse,natural,8192,3,face_pipeline_total,0.765569424824466,0.8018026200002168,8192
sparse,natural,8192,3,face_sparse_context,0.11603023648901417,0.28150941700005205,8192
sparse,natural,8192,3,face_sparse_deliver,0.09948053040991056,0.10190210900009333,8192
sparse,natural,8192,3,face_sparse_directory,0.18852157472655967,0.21820194499969148,8192
sparse,natural,8192,3,face_sparse_match,0.17377611440454138,0.23711340699992434,8192
sparse,natural,8192,3,face_sparse_total,0.5788977610045152,0.7450495939997381,8192
sparse,natural,8192,3,local_volume_mesh,4.656128141065672,7.770102852000036,8192
sparse,natural,8192,3,metis_partition,2.908117292677609,2.9852563220001684,8192
sparse,natural,8192,3,metis_seed,0.0002979323201904305,2.4406615670000065,1
sparse,natural,8192,3,part_face_create,0.011413407631713834,0.02677664700013338,8192
sparse,natural,8192,3,partition_cost_balance,4.136212524430416e-06,0.03388385300013397,1
sparse,natural,8192,3,partition_cost_setup,4.750925305174736e-05,0.38919580099991435,1
sparse,natural,8192,3,partition_distribution,2.9076292052567156,2.985075120000147,8192
sparse,natural,8192,3,submesh_initialization,0.00013168214526393385,0.0003309049998279079,8192
sparse,natural,8192,3,surface_refine,0.004360471345583372,0.007919909000065672,8192
sparse,natural,8192,3,vertex_count_allgather,3.5009018180296603,6.814654288999918,8192
sparse,natural,8192,3,vertex_exchange,0.02073667748718311,0.05894140200007314,8192
sparse,natural,8192,3,vertex_exchange_prepare,5.672067895462485e-05,0.0004002239998044388,8192
sparse,natural,8192,3,vertex_exchange_unpack,0.003037912252686681,0.016433861999757937,8192
sparse,natural,8192,3,vertex_numbering_local,0.013349252791629518,0.03906825400008529,8192
sparse,natural,8192,3,volume_exchange_pack,0.16240336127416832,0.3196646010001132,8192
sparse,natural,8192,3,volume_exchange_unpack,0.18893653600683735,0.4278613149999728,8192
sparse,natural,8192,3,volume_payload_exchange,0.018861597156617838,0.045200053000371554,8192
sparse,natural,8192,3,volume_payload_prepare,0.0027199553836699253,0.03050481399986893,8192
sparse,natural,8192,3,volume_refine,0.4371753007957735,0.8214311269998689,8192
sparse,natural,8192,3,volume_size_exchange,0.1631156898337402,0.24357559000009132,8192
sparse,natural,8192,4,adjacency_build,9.75211722387126e-05,0.0003635250000115775,8192
sparse,natural,8192,4,element_count_allgather,0.010178890772580274,0.0482969999998204,8192
sparse,natural,8192,4,face_local_extract,0.1753606818952605,0.20212762699975428,8192
sparse,natural,8192,4,face_map_setup,0.008355554273191013,0.010365549999733048,8192
sparse,natural,8192,4,face_pipeline_total,0.6793501601877451,0.7028730289998748,8192
sparse,natural,8192,4,face_sparse_context,0.038732111334474906,0.20647043500002837,8192
sparse,natural,8192,4,face_sparse_deliver,0.09829549725378067,0.09939043099984701,8192
sparse,natural,8192,4,face_sparse_directory,0.1872611620081785,0.2177249930000471,8192
sparse,natural,8192,4,face_sparse_match,0.16734148192150866,0.21621294700025828,8192
sparse,natural,8192,4,face_sparse_total,0.4925936030926495,0.6610832380001739,8192
sparse,natural,8192,4,local_volume_mesh,4.657108850331905,7.727830276000077,8192
sparse,natural,8192,4,metis_partition,2.830259742122558,2.8566011060001983,8192
sparse,natural,8192,4,metis_seed,0.0002916257674560607,2.3889982870000495,1
sparse,natural,8192,4,part_face_create,0.011408805824340729,0.016291569999793865,8192
sparse,natural,8192,4,partition_cost_balance,4.162638671867391e-06,0.03410033599993767,1
sparse,natural,8192,4,partition_cost_setup,4.669791406247681e-05,0.38254931199981,1
sparse,natural,8192,4,partition_distribution,2.8297776566859105,2.856455045000075,8192
sparse,natural,8192,4,submesh_initialization,0.00013373687475576324,0.008187096000256133,8192
sparse,natural,8192,4,surface_refine,0.004365610551513299,0.008179216999906203,8192
sparse,natural,8192,4,vertex_count_allgather,3.4151608425197786,6.6813366689998475,8192
sparse,natural,8192,4,vertex_exchange,0.022342361449338877,0.059887466999953176,8192
sparse,natural,8192,4,vertex_exchange_prepare,5.924380542021712e-05,0.00036654299992733286,8192
sparse,natural,8192,4,vertex_exchange_unpack,0.003028150622802095,0.01699688500002594,8192
sparse,natural,8192,4,vertex_numbering_local,0.013371258115235096,0.04037506699978621,8192
sparse,natural,8192,4,volume_exchange_pack,0.16224389217505075,0.3240709950000564,8192
sparse,natural,8192,4,volume_exchange_unpack,0.18868577314745982,0.45003390700003365,8192
sparse,natural,8192,4,volume_payload_exchange,0.01879115926843339,0.043042637999860744,8192
sparse,natural,8192,4,volume_payload_prepare,0.0026901647603749246,0.03204504099994665,8192
sparse,natural,8192,4,volume_refine,0.4365800385614005,0.824773069999992,8192
sparse,natural,8192,4,volume_size_exchange,0.1735260851873765,0.2590338499999234,8192
sparse,natural,8192,5,adjacency_build,9.894125317294611e-05,0.0003184240003974992,8192
sparse,natural,8192,5,element_count_allgather,0.02006444674267771,0.04285321699990163,8192
sparse,natural,8192,5,face_local_extract,0.17527759279138105,0.2132006720003119,8192
sparse,natural,8192,5,face_map_setup,0.00835902713024922,0.010403477000181738,8192
sparse,natural,8192,5,face_pipeline_total,0.7269076147868625,0.7552199700003257,8192
sparse,natural,8192,5,face_sparse_context,0.08331461879602231,0.2519579469999371,8192
sparse,natural,8192,5,face_sparse_deliver,0.09849386529382614,0.1171448979998786,8192
sparse,natural,8192,5,face_sparse_directory,0.19070599881335237,0.222602371999983,8192
sparse,natural,8192,5,face_sparse_match,0.16672677419762916,0.2341609539998899,8192
sparse,natural,8192,5,face_sparse_total,0.5402451792703871,0.7103444690001197,8192
sparse,natural,8192,5,local_volume_mesh,4.655425634415406,7.697444562999863,8192
sparse,natural,8192,5,metis_partition,2.8890055532662364,2.9397666290001325,8192
sparse,natural,8192,5,metis_seed,0.0002985721324462731,2.4459029089998694,1
sparse,natural,8192,5,part_face_create,0.011404844925658575,0.024997039000027144,8192
sparse,natural,8192,5,partition_cost_balance,4.14827807615481e-06,0.0339826939998602,1
sparse,natural,8192,5,partition_cost_setup,4.7001090820342206e-05,0.38503293600024335,1
sparse,natural,8192,5,partition_distribution,2.8885177345706783,2.939622268000221,8192
sparse,natural,8192,5,submesh_initialization,0.0001324538211669446,0.0008855910000420408,8192
sparse,natural,8192,5,surface_refine,0.004355556767456192,0.00787913500016657,8192
sparse,natural,8192,5,vertex_count_allgather,3.4211131793421647,6.607831547999922,8192
sparse,natural,8192,5,vertex_exchange,0.01761581476550156,0.04825534399969911,8192
sparse,natural,8192,5,vertex_exchange_prepare,6.001769824187653e-05,0.00044090599976698286,8192
sparse,natural,8192,5,vertex_exchange_unpack,0.0030657937647687317,0.013144615999863163,8192
sparse,natural,8192,5,vertex_numbering_local,0.013415241396484645,0.04948256100033177,8192
sparse,natural,8192,5,volume_exchange_pack,0.16245491921545402,0.3196481989998574,8192
sparse,natural,8192,5,volume_exchange_unpack,0.18896035590356725,0.48506619499994486,8192
sparse,natural,8192,5,volume_payload_exchange,0.018890876286007552,0.04923440299990034,8192
sparse,natural,8192,5,volume_payload_prepare,0.002685724971068837,0.03405074300007982,8192
sparse,natural,8192,5,volume_refine,0.43655498020495637,0.8287472080000953,8192
sparse,natural,8192,5,volume_size_exchange,0.16842548637231158,0.24637166899992735,8192
sparse,split,8192,1,adjacency_build,9.720188574685595e-05,0.0002865030000975821,8192
sparse,split,8192,1,element_count_allgather,0.004748774032472258,0.033231421999971644,8192
sparse,split,8192,1,element_count_pre_collective_wait,0.022513928135501515,0.02613123799983441,8192
sparse,split,8192,1,face_local_extract,0.1753669229272502,0.2164355989998512,8192
sparse,split,8192,1,face_map_setup,0.008380592552610366,0.010253831000227365,8192
sparse,split,8192,1,face_pipeline_total,0.8054358805567596,0.8379429659999005,8192
sparse,split,8192,1,face_sparse_context,0.07175868013574233,0.23916891699991538,8192
sparse,split,8192,1,face_sparse_deliver,0.10002902196508606,0.12009392999971169,8192
sparse,split,8192,1,face_sparse_deliver_pre_collective_wait,0.02156023194995349,0.04667295000035665,8192
sparse,split,8192,1,face_sparse_directory,0.18609695213159055,0.19712923600036447,8192
sparse,split,8192,1,face_sparse_directory_pre_collective_wait,0.02478309422875996,0.11783728599993992,8192
sparse,split,8192,1,face_sparse_match,0.18604581866040182,0.2106233899999097,8192
sparse,split,8192,1,face_sparse_match_pre_collective_wait,0.027435990687498468,0.03232946299976902,8192
sparse,split,8192,1,face_sparse_total,0.6186449121036385,0.7863365880002675,8192
sparse,split,8192,1,local_volume_mesh,4.656199411269286,7.76067748100013,8192
sparse,split,8192,1,metis_partition,2.871497221115723,2.907689412000309,8192
sparse,split,8192,1,metis_seed,0.00029455408801271066,2.4129870890001257,1
sparse,split,8192,1,part_face_create,0.011415326143799254,0.01730624399988301,8192
sparse,split,8192,1,partition_cost_balance,4.026497070319657e-06,0.03298506400005863,1
sparse,split,8192,1,partition_cost_setup,4.7453019775434147e-05,0.38873513800035653,1
sparse,split,8192,1,partition_distribution,0.027608182451053176,0.06362566400002834,8192
sparse,split,8192,1,partition_pre_collective_wait,2.843384280044802,2.859946594000121,8192
sparse,split,8192,1,submesh_initialization,0.00013128228881892356,0.0010259939999741619,8192
sparse,split,8192,1,surface_refine,0.004359391734495732,0.007761969999592111,8192
sparse,split,8192,1,vertex_count_allgather,0.02277419427026539,0.04520112000000154,8192
sparse,split,8192,1,vertex_count_pre_collective_wait,3.471848011768065,6.641528130000097,8192
sparse,split,8192,1,vertex_exchange,0.017043356137576016,0.04663027800006603,8192
sparse,split,8192,1,vertex_exchange_prepare,8.332064098914849e-05,0.0021864659997845592,8192
sparse,split,8192,1,vertex_exchange_unpack,0.0030666222260752884,0.01241819199958627,8192
sparse,split,8192,1,vertex_numbering_local,0.013396144901977047,0.03348060500002248,8192
sparse,split,8192,1,volume_exchange_pack,0.16252377086279357,0.32393923299969174,8192
sparse,split,8192,1,volume_exchange_unpack,0.18924459490307838,0.42563346599990837,8192
sparse,split,8192,1,volume_payload_exchange,0.018918072396730268,0.05193808600006378,8192
sparse,split,8192,1,volume_payload_prepare,0.002755585374634162,0.03591963899998518,8192
sparse,split,8192,1,volume_refine,0.43669177320947467,0.8287932220000584,8192
sparse,split,8192,1,volume_size_exchange,0.0612436889772926,0.07154500500018912,8192
sparse,split,8192,1,volume_size_exchange_pre_collective_wait,0.16366559505785755,0.24315527799990377,8192
sparse,split,8192,2,adjacency_build,9.89648774443741e-05,0.002152881000256457,8192
sparse,split,8192,2,element_count_allgather,0.0019769569410375554,0.026873585999965144,8192
sparse,split,8192,2,element_count_pre_collective_wait,0.0015620689010008015,0.0026567870004328142,8192
sparse,split,8192,2,face_local_extract,0.17524771643786502,0.2041767069999878,8192
sparse,split,8192,2,face_map_setup,0.008371775544187332,0.010059906000151386,8192
sparse,split,8192,2,face_pipeline_total,0.7258503111433068,0.7414250580000044,8192
sparse,split,8192,2,face_sparse_context,0.0590187139246835,0.22732053199979418,8192
sparse,split,8192,2,face_sparse_deliver,0.09780351321703734,0.10037266399967848,8192
sparse,split,8192,2,face_sparse_deliver_pre_collective_wait,0.003023063384157254,0.03300152900010289,8192
sparse,split,8192,2,face_sparse_directory,0.1878109277281499,0.1896922139999333,8192
sparse,split,8192,2,face_sparse_directory_pre_collective_wait,0.02431990268811063,0.100002121000216,8192
sparse,split,8192,2,face_sparse_match,0.16154138132556406,0.1855116269998689,8192
sparse,split,8192,2,face_sparse_match_pre_collective_wait,0.004772738401485732,0.026810269000179687,8192
sparse,split,8192,2,face_sparse_total,0.5391843143275151,0.7081962890001705,8192
sparse,split,8192,2,local_volume_mesh,4.654941766774048,7.737909469999977,8192
sparse,split,8192,2,metis_partition,2.837440528379883,2.845434763999947,8192
sparse,split,8192,2,metis_seed,0.0002928128355712545,2.3987227489997167,1
sparse,split,8192,2,part_face_create,0.011405519495481464,0.015440824000052089,8192
sparse,split,8192,2,partition_cost_balance,4.17559289550562e-06,0.03420645699998204,1
sparse,split,8192,2,partition_cost_setup,4.734901696773486e-05,0.38788314699968396,1
sparse,split,8192,2,partition_distribution,0.0073831142897962665,0.015380284999992,8192
sparse,split,8192,2,partition_pre_collective_wait,2.8295535597901593,2.8305638159999944,8192
sparse,split,8192,2,submesh_initialization,0.0001315410712879883,0.008397260000037932,8192
sparse,split,8192,2,surface_refine,0.004363693789918022,0.008060920999923837,8192
sparse,split,8192,2,vertex_count_allgather,0.021032205291990402,0.022490585000014107,8192
sparse,split,8192,2,vertex_count_pre_collective_wait,3.466965676141604,6.495733297000243,8192
sparse,split,8192,2,vertex_exchange,0.016333737129024528,0.039946167999914906,8192
sparse,split,8192,2,vertex_exchange_prepare,7.780095312615032e-05,0.0006219669999154576,8192
sparse,split,8192,2,vertex_exchange_unpack,0.0030662842670895474,0.014086662999943655,8192
sparse,split,8192,2,vertex_numbering_local,0.013389780220092129,0.029588809999950172,8192
sparse,split,8192,2,volume_exchange_pack,0.1622435481060786,0.3201001060001545,8192
sparse,split,8192,2,volume_exchange_unpack,0.18903316816345012,0.43274148000000423,8192
sparse,split,8192,2,volume_payload_exchange,0.018488076600464587,0.03607690699982413,8192
sparse,split,8192,2,volume_payload_prepare,0.002696084752075778,0.008072817000083887,8192
sparse,split,8192,2,volume_refine,0.43659106407702397,0.8350943690002168,8192
sparse,split,8192,2,volume_size_exchange,0.02917231255615238,0.03228965700009212,8192
sparse,split,8192,2,volume_size_exchange_pre_collective_wait,0.16141150371276664,0.24283843800003524,8192
sparse,split,8192,3,adjacency_build,9.750514929113274e-05,0.0015283600000657316,8192
sparse,split,8192,3,element_count_allgather,0.012294560815429678,0.04652946399983193,8192
sparse,split,8192,3,element_count_pre_collective_wait,0.016859271352903216,0.017823380000209,8192
sparse,split,8192,3,face_local_extract,0.17523491393444668,0.22772582400011743,8192
sparse,split,8192,3,face_map_setup,0.008321674894285591,0.010343600999931368,8192
sparse,split,8192,3,face_pipeline_total,0.8127753825300252,0.8520120639996094,8192
sparse,split,8192,3,face_sparse_context,0.08113215713427607,0.26349824999988414,8192
sparse,split,8192,3,face_sparse_deliver,0.09732373227538849,0.12060113500001535,8192
sparse,split,8192,3,face_sparse_deliver_pre_collective_wait,0.018428605809571674,0.043280615999719885,8192
sparse,split,8192,3,face_sparse_directory,0.1901555191182846,0.2000219700003072,8192
sparse,split,8192,3,face_sparse_directory_pre_collective_wait,0.024442219750729466,0.08480082699998093,8192
sparse,split,8192,3,face_sparse_match,0.16877766495239022,0.19294022900021446,8192
sparse,split,8192,3,face_sparse_match_pre_collective_wait,0.04501411720556758,0.06873780899968551,8192
sparse,split,8192,3,face_sparse_total,0.6261620845159934,0.8091168430000835,8192
sparse,split,8192,3,local_volume_mesh,4.654037795015259,7.6820938259998,8192
sparse,split,8192,3,metis_partition,2.913270156994264,2.963599494000391,8192
sparse,split,8192,3,metis_seed,0.00029776099023437475,2.439258031999998,1
sparse,split,8192,3,part_face_create,0.011406864798338634,0.016268791999664245,8192
sparse,split,8192,3,partition_cost_balance,4.148771362288972e-06,0.03398673499987126,1
sparse,split,8192,3,partition_cost_setup,4.739808483883445e-05,0.38828511099973184,1
sparse,split,8192,3,partition_distribution,0.0425739938442401,0.09283078400039813,8192
sparse,split,8192,3,partition_pre_collective_wait,2.8701911957500004,2.890768671999922,8192
sparse,split,8192,3,submesh_initialization,0.00013047549328859542,0.001639685000100144,8192
sparse,split,8192,3,surface_refine,0.00435838292614954,0.007416691999878822,8192
sparse,split,8192,3,vertex_count_allgather,0.025658018689940776,0.042324533999817504,8192
sparse,split,8192,3,vertex_count_pre_collective_wait,3.3617893567786847,6.478649716000291,8192
sparse,split,8192,3,vertex_exchange,0.021887669315918845,0.05796274300018922,8192
sparse,split,8192,3,vertex_exchange_prepare,5.623512341518255e-05,0.0004373259998828871,8192
sparse,split,8192,3,vertex_exchange_unpack,0.0030484647374239837,0.021163452000109828,8192
sparse,split,8192,3,vertex_numbering_local,0.013395850699219947,0.043387153999901784,8192
sparse,split,8192,3,volume_exchange_pack,0.1624215648623053,0.3541637220000666,8192
sparse,split,8192,3,volume_exchange_unpack,0.18906825456469978,0.4237585589999071,8192
sparse,split,8192,3,volume_payload_exchange,0.018907293681517612,0.04576753099991038,8192
sparse,split,8192,3,volume_payload_prepare,0.0027182618712122686,0.03362439100010306,8192
sparse,split,8192,3,volume_refine,0.4369907972265644,0.825496782999835,8192
sparse,split,8192,3,volume_size_exchange,0.028069679788456703,0.030380334999790648,8192
sparse,split,8192,3,volume_size_exchange_pre_collective_wait,0.1954248880302757,0.27013890999978685,8192
sparse,split,8192,4,adjacency_build,9.629223523122121e-05,0.00028150399975857,8192
sparse,split,8192,4,element_count_allgather,0.0033255331480712136,0.023733146999802557,8192
sparse,split,8192,4,element_count_pre_collective_wait,0.0018278287017821082,0.004182538999884855,8192
sparse,split,8192,4,face_local_extract,0.17532234144897602,0.2179248090001238,8192
sparse,split,8192,4,face_map_setup,0.008394251388554153,0.01056641800005309,8192
sparse,split,8192,4,face_pipeline_total,0.7708269933795167,0.7828679399999601,8192
sparse,split,8192,4,face_sparse_context,0.07252733199816858,0.24029452600007062,8192
sparse,split,8192,4,face_sparse_deliver,0.10286999235986344,0.11382177800032878,8192
sparse,split,8192,4,face_sparse_deliver_pre_collective_wait,0.021472846879032836,0.048597728999993706,8192
sparse,split,8192,4,face_sparse_directory,0.18456692404663066,0.1903459830000429,8192
sparse,split,8192,4,face_sparse_directory_pre_collective_wait,0.021771451522093532,0.0900979439998082,8192
sparse,split,8192,4,face_sparse_match,0.1628357092331555,0.18433531500022582,8192
sparse,split,8192,4,face_sparse_match_pre_collective_wait,0.017148573310058868,0.0380164660000446,8192
sparse,split,8192,4,face_sparse_total,0.5840650440181889,0.7523889470003269,8192
sparse,split,8192,4,local_volume_mesh,4.655197208784669,7.719632771999841,8192
sparse,split,8192,4,metis_partition,2.8932817413857417,2.950595318000069,8192
sparse,split,8192,4,metis_seed,0.00029764991088870874,2.438348070000302,1
sparse,split,8192,4,part_face_create,0.011410487588622176,0.015916921000098228,8192
sparse,split,8192,4,partition_cost_balance,4.0495759277003884e-06,0.03317412599972158,1
sparse,split,8192,4,partition_cost_setup,4.77983670654214e-05,0.3915642229999321,1
sparse,split,8192,4,partition_distribution,0.020989978780274032,0.07810950900011449,8192
sparse,split,8192,4,partition_pre_collective_wait,2.8717828432901578,2.8729837230002886,8192
sparse,split,8192,4,submesh_initialization,0.00013137249658179417,0.0015225150000333088,8192
sparse,split,8192,4,surface_refine,0.0043634517009283336,0.019542193000233965,8192
sparse,split,8192,4,vertex_count_allgather,0.011556758301147996,0.013132989000041562,8192
sparse,split,8192,4,vertex_count_pre_collective_wait,3.4011935257984627,6.7258788740000455,8192
sparse,split,8192,4,vertex_exchange,0.016452727199462835,0.03729774200019165,8192
sparse,split,8192,4,vertex_exchange_prepare,7.924089953675884e-05,0.0005306470002324204,8192
sparse,split,8192,4,vertex_exchange_unpack,0.003089575134884115,0.012019991999750346,8192
sparse,split,8192,4,vertex_numbering_local,0.01335750866235269,0.03023998600019695,8192
sparse,split,8192,4,volume_exchange_pack,0.16231652982922123,0.3384223269999893,8192
sparse,split,8192,4,volume_exchange_unpack,0.18879610209790454,0.42326649000006,8192
sparse,split,8192,4,volume_payload_exchange,0.018537037826048264,0.03725871899996491,8192
sparse,split,8192,4,volume_payload_prepare,0.0027003578244636506,0.006312610999884782,8192
sparse,split,8192,4,volume_refine,0.4364958871098591,0.8220190249999177,8192
sparse,split,8192,4,volume_size_exchange,0.022027217982056202,0.02383555799997339,8192
sparse,split,8192,4,volume_size_exchange_pre_collective_wait,0.17867921106787377,0.2591653770000448,8192
sparse,split,8192,5,adjacency_build,9.744533337430195e-05,0.00030734400024812203,8192
sparse,split,8192,5,element_count_allgather,0.0062673830798340435,0.020229925999956322,8192
sparse,split,8192,5,element_count_pre_collective_wait,0.01720967949365304,0.022865430999900127,8192
sparse,split,8192,5,face_local_extract,0.17525726626074145,0.2150419000004149,8192
sparse,split,8192,5,face_map_setup,0.008340182895998083,0.010387158999947133,8192
sparse,split,8192,5,face_pipeline_total,0.8272184203217758,0.858632469999975,8192
sparse,split,8192,5,face_sparse_context,0.0991724169714312,0.26780669400022816,8192
sparse,split,8192,5,face_sparse_deliver,0.12063019831311,0.13202579399967362,8192
sparse,split,8192,5,face_sparse_deliver_pre_collective_wait,0.020731345260866174,0.11937497799999619,8192
sparse,split,8192,5,face_sparse_directory,0.18556693534314056,0.19899218899990956,8192
sparse,split,8192,5,face_sparse_directory_pre_collective_wait,0.024636084371220113,0.09320954200029519,8192
sparse,split,8192,5,face_sparse_match,0.15963411272119388,0.18239571699996304,8192
sparse,split,8192,5,face_sparse_match_pre_collective_wait,0.029280831656734563,0.06475018200035265,8192
sparse,split,8192,5,face_sparse_total,0.6405675147073968,0.8111234599996351,8192
sparse,split,8192,5,local_volume_mesh,4.655450405052859,7.677991650999957,8192
sparse,split,8192,5,metis_partition,2.8422639478259293,2.9092559140003686,8192
sparse,split,8192,5,metis_seed,0.0002908616320800861,2.382738490000065,1
sparse,split,8192,5,part_face_create,0.01141604532140672,0.015569477000099141,8192
sparse,split,8192,5,partition_cost_balance,4.107696655264448e-06,0.03365025099992636,1
sparse,split,8192,5,partition_cost_setup,4.708749060056139e-05,0.3857407229997989,1
sparse,split,8192,5,partition_distribution,0.031096289073851313,0.09807119000015518,8192
sparse,split,8192,5,partition_pre_collective_wait,2.8106682905303972,2.8215363939998497,8192
sparse,split,8192,5,submesh_initialization,0.00013028966247669027,0.0003101430002061534,8192
sparse,split,8192,5,surface_refine,0.004358309001341321,0.007927403999929084,8192
sparse,split,8192,5,vertex_count_allgather,0.02534798009729039,0.042550954000034835,8192
sparse,split,8192,5,vertex_count_pre_collective_wait,3.4114436486107187,6.53927344900012,8192
sparse,split,8192,5,vertex_exchange,0.016332475252197387,0.038504319000367104,8192
sparse,split,8192,5,vertex_exchange_prepare,8.280260229392988e-05,0.0005010670001865947,8192
sparse,split,8192,5,vertex_exchange_unpack,0.003067676776365824,0.014006940999934159,8192
sparse,split,8192,5,vertex_numbering_local,0.013392632930180559,0.03824106000001848,8192
sparse,split,8192,5,volume_exchange_pack,0.16238830214099098,0.3299799320002421,8192
sparse,split,8192,5,volume_exchange_unpack,0.18897741367321835,0.44691674799969405,8192
sparse,split,8192,5,volume_payload_exchange,0.01888512964978456,0.036654294000072696,8192
sparse,split,8192,5,volume_payload_prepare,0.002691780959228729,0.02363254199963194,8192
sparse,split,8192,5,volume_refine,0.43650375999401814,0.8295451089998096,8192
sparse,split,8192,5,volume_size_exchange,0.030244758230955404,0.03320872899985261,8192
sparse,split,8192,5,volume_size_exchange_pre_collective_wait,0.1687586820672582,0.2498843879998276,8192
