rank,host,stage,category,time_s,calls,cache_references,cache_misses,cache_miss_rate_percent,instructions,cycles,ipc,minor_faults,major_faults,rchar_bytes,wchar_bytes,physical_read_bytes,physical_write_bytes,voluntary_context_switches,involuntary_context_switches,send_messages,receive_messages,send_bytes,receive_bytes
0,cn7168,geometry_load,io,1.731136705,1,1400052497,24603239,1.75730831899,3316511437,3748730285,0.88470260191,5959,0,1035181,0,0,0,2,3,0,0,0,0
0,cn7168,coarse_local_size,setup,0.463917961,1,266443844,6239893,2.3419167455,632228684,878796751,0.71942537712,8288,0,0,0,0,0,132,91,0,0,0,0
0,cn7168,coarse_edge_mesh,setup,0.0126454010001,1,6330007,172064,2.71822764177,12804628,24856517,0.515141682964,522,0,0,0,0,0,0,0,0,0,0,0
0,cn7168,coarse_surface_mesh,setup,8.212397105,1,5673873183,165207634,2.91172588233,15313467970,17921722413,0.854464075333,17067,0,0,0,0,0,0,17,0,0,0,0
0,cn7168,coarse_volume_mesh,setup,14.219330092,1,5321556429,125797304,2.36391938483,13446480169,21634658595,0.621524953119,32018,0,0,0,0,0,84999,2598752,0,0,0,0
0,cn7168,coarse_mesh_save,io,0,0,0,0,0,0,0,0,0,0,0,0,0,0,0,0,0,0,0,0
0,cn7168,submesh_initialization,setup,0.000127780999946,1,4470259488,113288885,2.53427984,11139221647,18272327481,0.609622482882,1,0,0,0,0,0,0,0,0,0,0,0
0,cn7168,metis_partition,compute,0.171632056,1,4584009915,119316527,2.60288544773,11400532149,18647451951,0.611372115555,383,0,0,0,0,0,0,0,0,0,0,0
0,cn7168,face_map_setup,compute,0.00727743200014,1,4473322699,113348349,2.53387373608,11147119484,18287570203,0.609546230596,211,0,0,0,0,0,0,0,0,0,0,0
0,cn7168,face_local_extract,compute,0.161163723,1,4531268676,115465148,2.54818586705,11302421192,18623802744,0.606880417891,640,0,0,0,0,0,0,0,0,0,0,0
0,cn7168,face_pre_collective_wait,synchronization,0.0229554509999,1,4501105068,113284791,2.51682174241,11200398033,18322509296,0.61129170967,1,0,0,0,0,0,0,0,0,0,0,0
0,cn7168,face_collective_setup,compute,0.000119701000131,1,4470179680,113285512,2.53424962998,11139075844,18272223157,0.609617983991,16,0,0,0,0,0,0,0,0,0,0,0
0,cn7168,face_allgatherv,communication,0.062022847,1,4594812361,113713091,2.47481468373,11381653068,18402009031,0.618500569629,724,0,0,0,0,0,0,0,1,1,75808,4859624
0,cn7168,face_global_merge,compute,0.0778165470001,1,4488392286,114169438,2.54365997277,11183487435,18441785021,0.606421093309,463,0,0,0,0,0,0,0,0,0,0,0
0,cn7168,part_face_create,compute,0.0187673579999,1,4474703481,113462965,2.5356532669,11149543249,18313157967,0.608826902989,2,0,0,0,0,0,0,0,0,0,0,0
0,cn7168,surface_refine,compute,0.015830261,1,4476006071,113531375,2.53644372235,11150926924,18306583225,0.609121144396,50,0,0,0,0,0,0,0,0,0,0,0
0,cn7168,refined_surface_save,io,0,0,0,0,0,0,0,0,0,0,0,0,0,0,0,0,0,0,0,0
0,cn7168,local_volume_mesh,compute,14.641053878,1,9511561628,232528507,2.44469327009,24818176026,40305134067,0.615757188271,10656,0,0,0,0,0,73196,2841435,0,0,0,0
0,cn7168,volume_refine,compute,0.972557169,1,9006374758,235725987,2.61732376604,23146541535,39468271028,0.586459475729,8244,0,0,0,0,0,0,2,0,0,0,0
0,cn7168,refined_volume_save,io,0,0,0,0,0,0,0,0,0,0,0,0,0,0,0,0,0,0,0,0
0,cn7168,adjacency_build,compute,0.00409099199987,1,8680065831,223483897,2.57467974726,22512048228,37532725498,0.59979785452,4,0,0,0,0,0,0,0,0,0,0,0
0,cn7168,vertex_numbering_local,compute,0.016729552,1,8687090344,223616396,2.57412306244,22528627183,37560400454,0.59979731075,8,0,0,0,0,0,0,0,0,0,0,0
0,cn7168,vertex_count_allgather,communication,1.897411132,1,11235159997,223454401,1.98888490293,27586061486,41693985563,0.661631674533,43,0,0,0,0,0,0,4,1,1,4,256
0,cn7168,element_count_allgather,communication,0.00136595800018,1,8680947434,223448678,2.57401256832,22513571242,37526771551,0.599933602372,0,0,0,0,0,0,0,0,1,1,4,256
0,cn7168,vertex_exchange_prepare,compute,1.49800000599e-05,1,8679179238,223448465,2.57453451384,22510062605,37523798240,0.599887635602,0,0,0,0,0,0,0,0,0,0,0,0
0,cn7168,vertex_exchange,communication,0.0026259130002,1,8683041277,223475463,2.57370034151,22518011374,37529182093,0.600013379407,32,0,0,0,0,0,0,0,6,4,267828,1848
0,cn7168,vertex_exchange_unpack,compute,6.36009999653e-05,1,8679189231,223448733,2.57453463743,22510085242,37523901037,0.599886595474,0,0,0,0,0,0,0,0,0,0,0,0
0,cn7168,partition_result_io,io,0,0,0,0,0,0,0,0,0,0,0,0,0,0,0,0,0,0,0,0
0,cn7168,volume_exchange_pack,compute,0.300888934,2,17533036983,449539657,2.56395772983,45511471761,75699113353,0.601215387408,1185,0,0,0,0,0,0,0,0,0,0,0
0,cn7168,volume_size_exchange,communication,0.019477927,1,8705209369,223450799,2.56686300729,22561755093,37566487182,0.60058197573,4,0,0,0,0,0,0,0,5,5,20,20
0,cn7168,volume_payload_prepare,compute,0.000296362999961,1,8679179786,223448580,2.57453567629,22510155640,37524034707,0.599886334606,68,0,0,0,0,0,0,0,0,0,0,0
0,cn7168,volume_payload_exchange,communication,0.00232342899994,1,8680004710,223460725,2.57443091871,22511756669,37526133868,0.599895442152,353,0,0,0,0,0,0,0,5,5,2838240,2855280
0,cn7168,volume_exchange_unpack,compute,0.226676134,1,8830845862,226724762,2.56741840525,22936814649,37968192733,0.6041060424,9251,0,0,0,0,0,0,0,0,0,0,0
0,cn7168,final_mesh_save,io,0,0,0,0,0,0,0,0,0,0,0,0,0,0,0,0,0,0,0,0
0,cn7168,testout_io,io,0,0,0,0,0,0,0,0,0,0,0,0,0,0,0,0,0,0,0,0
0,cn7168,final_count_exchange,communication,0,0,0,0,0,0,0,0,0,0,0,0,0,0,0,0,0,0,0,0
0,cn7168,quality_evaluation,postprocess,0,0,0,0,0,0,0,0,0,0,0,0,0,0,0,0,0,0,0,0
1,cn7169,geometry_load,io,1.735588426,1,1402452979,26165750,1.86571317483,3317438985,3758289988,0.882699045468,5962,0,1035180,0,0,0,2,3,0,0,0,0
1,cn7169,coarse_local_size,setup,0.463869389,1,266940622,6551823,2.45441212765,632062468,879353329,0.718781003216,8418,0,0,0,0,0,158,120,0,0,0,0
1,cn7169,coarse_edge_mesh,setup,0.0128707270001,1,6320753,208929,3.30544477849,12803483,25405805,0.503958957412,506,0,0,0,0,0,0,0,0,0,0,0
1,cn7169,coarse_surface_mesh,setup,8.202435406,1,5672406294,164719040,2.90386533444,15311776399,17912437449,0.854812553713,15269,0,0,0,0,0,0,16,0,0,0,0
1,cn7169,coarse_volume_mesh,setup,14.36549683,1,5307971315,130983067,2.46766719763,13410796514,21521122012,0.623145787033,35050,0,0,0,0,0,85702,2794730,0,0,0,0
1,cn7169,coarse_mesh_save,io,0,0,0,0,0,0,0,0,0,0,0,0,0,0,0,0,0,0,0,0
1,cn7169,submesh_initialization,setup,0.000130420999994,1,2902465245,57742131,1.98941679317,8009722098,12183752763,0.657410098006,2,0,0,0,0,0,0,0,0,0,0,0
1,cn7169,metis_partition,compute,0.172777917,1,3017030053,63761580,2.11338895801,8270994051,12561445492,0.658442856458,356,0,0,0,0,0,0,0,0,0,0,0
1,cn7169,face_map_setup,compute,0.00732678400004,1,2905495746,57819129,1.98999186557,8017618729,12199126683,0.657228909687,221,0,0,0,0,0,0,0,0,0,0,0
1,cn7169,face_local_extract,compute,0.158034949,1,2963453334,59895838,2.02115003171,8172922383,12528329543,0.652355316401,626,0,0,0,0,0,0,0,0,0,0,0
1,cn7169,face_pre_collective_wait,synchronization,0.024951846,1,2935302880,57738020,1.96702086157,8074310685,12238329564,0.65975594486,1,0,0,0,0,0,0,0,0,0,0,0
1,cn7169,face_collective_setup,compute,0.000109141000166,1,2902385444,57738642,1.98935128066,8009576087,12183638974,0.657404253696,16,0,0,0,0,0,0,0,0,0,0,0
1,cn7169,face_allgatherv,communication,0.061961829,1,3031147351,58184653,1.91955871036,8260306806,12317827685,0.670597691187,637,0,0,0,0,0,0,0,1,1,75808,4859624
1,cn7169,face_global_merge,compute,0.0788055219998,1,2920607976,58606356,2.00664917995,8053987578,12354937729,0.651884109387,543,0,0,0,0,0,0,1,0,0,0,0
1,cn7169,part_face_create,compute,0.019037758,1,2907001653,57915978,1.99229257198,8020012380,12225194673,0.656023285888,2,0,0,0,0,0,0,0,0,0,0,0
1,cn7169,surface_refine,compute,0.015250354,1,2907823847,57981402,1.99397917655,8020524133,12216670756,0.656522901631,51,0,0,0,0,0,0,0,0,0,0,0
1,cn7169,refined_surface_save,io,0,0,0,0,0,0,0,0,0,0,0,0,0,0,0,0,0,0,0,0
1,cn7169,local_volume_mesh,compute,12.867783727,1,7140608071,154859370,2.16871404312,19402765194,30975313524,0.626394473101,7293,0,0,0,0,0,69915,2684579,0,0,0,0
1,cn7169,volume_refine,compute,0.944485551,1,6746961751,152984889,2.26746341014,18377029490,30286419672,0.606774577154,7007,0,0,0,0,0,6,2,0,0,0,0
1,cn7169,refined_volume_save,io,0,0,0,0,0,0,0,0,0,0,0,0,0,0,0,0,0,0,0,0
1,cn7169,adjacency_build,compute,0.00379534399985,1,6450269653,140069677,2.17153211471,17804376806,28546590686,0.623695382816,0,0,0,0,0,0,0,0,0,0,0,0
1,cn7169,vertex_numbering_local,compute,0.0147341079999,1,6455674675,140169744,2.17126405924,17817423040,28569818942,0.623644940704,103,0,0,0,0,0,0,0,0,0,0,0
1,cn7169,vertex_count_allgather,communication,3.700894644,1,11417369132,140041961,1.22656944328,27601961978,36669344746,0.752725803234,134,0,0,0,0,0,0,8,1,1,4,256
1,cn7169,element_count_allgather,communication,0.0012248139999,1,6450982942,140035560,2.17076314197,17805595869,28540923695,0.623861934508,2,0,0,0,0,0,0,0,1,1,4,256
1,cn7169,vertex_exchange_prepare,compute,0.000107200999992,1,6449413375,140035281,2.17128710563,17802511374,28538284773,0.623811540028,29,0,0,0,0,0,0,0,0,0,0,0
1,cn7169,vertex_exchange,communication,0.00306891499986,1,6453605251,140060912,2.17027392523,17810897212,28544411085,0.623971437314,73,0,0,0,0,0,0,0,5,3,113256,98670
1,cn7169,vertex_exchange_unpack,compute,0.001949083,1,6449969678,140045885,2.17126423831,17803831666,28541502383,0.623787473662,544,0,0,0,0,0,0,0,0,0,0,0
1,cn7169,partition_result_io,io,0,0,0,0,0,0,0,0,0,0,0,0,0,0,0,0,0,0,0,0
1,cn7169,volume_exchange_pack,compute,0.274154304,2,13056637226,283160471,2.16870903356,36052200939,57667652678,0.625171985763,2069,0,0,0,0,0,0,0,0,0,0,0
1,cn7169,volume_size_exchange,communication,0.0270203509999,1,6486000620,140035547,2.15904307145,17874603892,28597616710,0.625038235643,0,0,0,0,0,0,0,0,4,4,16,16
1,cn7169,volume_payload_prepare,compute,0.000227062000022,1,6449413792,140035324,2.17128763197,17802610324,28538531333,0.623809617821,34,0,0,0,0,0,0,0,0,0,0,0
1,cn7169,volume_payload_exchange,communication,0.0194753849999,1,6474048332,140044780,2.16317167896,17851292435,28579539311,0.62461792126,139,0,0,0,0,0,0,0,4,4,2234400,2222160
1,cn7169,volume_exchange_unpack,compute,0.191347588,1,6581655693,142681909,2.16787257881,18175137446,28911909635,0.628638428781,8316,0,0,0,0,0,0,1,0,0,0,0
1,cn7169,final_mesh_save,io,0,0,0,0,0,0,0,0,0,0,0,0,0,0,0,0,0,0,0,0
1,cn7169,testout_io,io,0,0,0,0,0,0,0,0,0,0,0,0,0,0,0,0,0,0,0,0
1,cn7169,final_count_exchange,communication,0,0,0,0,0,0,0,0,0,0,0,0,0,0,0,0,0,0,0,0
1,cn7169,quality_evaluation,postprocess,0,0,0,0,0,0,0,0,0,0,0,0,0,0,0,0,0,0,0,0
2,cn7170,geometry_load,io,1.731758156,1,1400663723,24272536,1.73293100988,3316043651,3751173397,0.884001697616,5962,0,1035180,0,0,0,2,4,0,0,0,0
2,cn7170,coarse_local_size,setup,0.458516492,1,266511957,6314339,2.36925167301,632181474,878244297,0.719824172112,7935,0,0,0,0,0,130,57,0,0,0,0
2,cn7170,coarse_edge_mesh,setup,0.0125919460002,1,6286448,167001,2.65652400211,12808258,24798068,0.516502253321,506,0,0,0,0,0,0,0,0,0,0,0
2,cn7170,coarse_surface_mesh,setup,8.203061882,1,5672873888,165783530,2.92239054266,15313604408,17899817492,0.855517348981,17150,0,0,0,0,0,0,23,0,0,0,0
2,cn7170,coarse_volume_mesh,setup,14.322233313,1,5299592144,132983255,2.5093111203,13388012998,21384393548,0.626064656356,30338,0,0,0,0,0,84214,2715953,0,0,0,0
2,cn7170,coarse_mesh_save,io,0,0,0,0,0,0,0,0,0,0,0,0,0,0,0,0,0,0,0,0
2,cn7170,submesh_initialization,setup,0.000130182000021,1,4516306992,116692135,2.58379545958,11224052424,18037409778,0.622265201165,4,0,0,0,0,0,0,0,0,0,0,0
2,cn7170,metis_partition,compute,0.172710788,1,4629066707,122719202,2.65105710865,11485331216,18413205211,0.62375513032,901,0,0,0,0,0,0,1,0,0,0,0
2,cn7170,face_map_setup,compute,0.00728974399999,1,4519391918,116754378,2.58340900985,11231938569,18052670870,0.622176000985,221,0,0,0,0,0,0,0,0,0,0,0
2,cn7170,face_local_extract,compute,0.159247352,1,4577408014,118855073,2.59655841552,11387252159,18384787288,0.619384493311,592,0,0,0,0,0,0,0,0,0,0,0
2,cn7170,face_pre_collective_wait,synchronization,0.023832477,1,4548145254,116749524,2.56696999502,11286962872,18089539158,0.623949718863,0,0,0,0,0,0,0,0,0,0,0,0
2,cn7170,face_collective_setup,compute,0.000115900999845,1,4516227298,116688641,2.58376368815,11223906721,18037315599,0.62226037236,16,0,0,0,0,0,0,0,0,0,0,0
2,cn7170,face_allgatherv,communication,0.0618095979999,1,4640464620,117135731,2.5242242015,11465389285,18166163578,0.631139824089,1220,0,0,0,0,0,0,0,1,1,75808,4859624
2,cn7170,face_global_merge,compute,0.0785105530001,1,4534454746,117550202,2.5923778841,11268316858,18207995297,0.618866419625,556,0,0,0,0,0,0,0,0,0,0,0
2,cn7170,part_face_create,compute,0.018636517,1,4520686656,116862024,2.58505030082,11234224996,18077949756,0.621432471471,2,0,0,0,0,0,0,0,0,0,0,0
2,cn7170,surface_refine,compute,0.0110092079999,1,4520356409,116858338,2.5851576165,11232363215,18060939998,0.621914652075,47,0,0,0,0,0,0,1,0,0,0,0
2,cn7170,refined_surface_save,io,0,0,0,0,0,0,0,0,0,0,0,0,0,0,0,0,0,0,0,0
2,cn7170,local_volume_mesh,compute,12.320747381,1,8641358921,212786049,2.46241419834,22366749198,35745924305,0.625714669095,5557,0,0,0,0,0,67835,2560530,0,0,0,0
2,cn7170,volume_refine,compute,0.797801556,1,8249185207,211878417,2.5684769063,21103822009,34879867267,0.605043071049,6409,0,0,0,0,0,0,3,0,0,0,0
2,cn7170,refined_volume_save,io,0,0,0,0,0,0,0,0,0,0,0,0,0,0,0,0,0,0,0,0
2,cn7170,adjacency_build,compute,0.00359408200006,1,7982604368,201917332,2.52946685933,20589969659,33290477044,0.618494280866,9,0,0,0,0,0,0,0,0,0,0,0
2,cn7170,vertex_numbering_local,compute,0.00654129600002,1,7983804762,201951285,2.52951181824,20592938289,33297014791,0.618461997817,4,0,0,0,0,0,0,0,0,0,0,0
2,cn7170,vertex_count_allgather,communication,4.407999815,1,13978687365,201898924,1.44433392584,32437573700,42972750517,0.754840528236,43,0,0,0,0,0,0,11,1,1,4,256
2,cn7170,element_count_allgather,communication,0.00058204700008,1,7982644073,201886584,2.52906909232,20589948731,33283955549,0.61861483683,0,0,0,0,0,0,0,0,1,1,4,256
2,cn7170,vertex_exchange_prepare,compute,1.31399999646e-05,1,7981917870,201886291,2.5292955188,20588518122,33282708512,0.618595031548,0,0,0,0,0,0,0,0,0,0,0,0
2,cn7170,vertex_exchange,communication,0.000844209999968,1,7982995720,201888857,2.5289861611,20590631383,33284371945,0.618627607486,13,0,0,0,0,0,0,0,2,1,9064,18282
2,cn7170,vertex_exchange_unpack,compute,0.000313104000043,1,7982021723,201888276,2.52928747886,20588764570,33283362876,0.618590274267,0,0,0,0,0,0,0,0,0,0,0,0
2,cn7170,partition_result_io,io,0,0,0,0,0,0,0,0,0,0,0,0,0,0,0,0,0,0,0,0
2,cn7170,volume_exchange_pack,compute,0.145687054,2,16072646718,405065573,2.52021698795,41485837226,66885344367,0.62025302581,2,0,0,0,0,0,0,0,0,0,0,0
2,cn7170,volume_size_exchange,communication,0.15992012,1,8200293305,201886977,2.46194824369,21019808084,33634098715,0.624955294985,1,0,0,0,0,0,0,0,2,2,8,8
2,cn7170,volume_payload_prepare,compute,2.5419999929e-05,1,7981917922,201886285,2.52929542715,20588534327,33282731150,0.618595097686,0,0,0,0,0,0,0,0,0,0,0,0
2,cn7170,volume_payload_exchange,communication,0.0188714789999,1,8006693041,201908137,2.52174194722,20637494953,33323668597,0.619304411005,15,0,0,0,0,0,0,0,2,2,277800,277800
2,cn7170,volume_exchange_unpack,compute,0.137818943,1,8091463142,203843004,2.51923540184,20897788856,33544542137,0.622986260198,7163,0,0,0,0,0,0,1,0,0,0,0
2,cn7170,final_mesh_save,io,0,0,0,0,0,0,0,0,0,0,0,0,0,0,0,0,0,0,0,0
2,cn7170,testout_io,io,0,0,0,0,0,0,0,0,0,0,0,0,0,0,0,0,0,0,0,0
2,cn7170,final_count_exchange,communication,0,0,0,0,0,0,0,0,0,0,0,0,0,0,0,0,0,0,0,0
2,cn7170,quality_evaluation,postprocess,0,0,0,0,0,0,0,0,0,0,0,0,0,0,0,0,0,0,0,0
3,cn7171,geometry_load,io,1.754938319,1,1399723921,23175232,1.65570021719,3314252405,3735612239,0.887204611442,5267,0,1035180,0,0,0,2,1,0,0,0,0
3,cn7171,coarse_local_size,setup,0.45192726,1,266107409,5833466,2.19214715664,631387449,864124243,0.730667440608,7771,0,0,0,0,0,110,45,0,0,0,0
3,cn7171,coarse_edge_mesh,setup,0.011918055,1,6257351,169712,2.71220201648,12752506,23917625,0.53318446125,401,0,0,0,0,0,0,0,0,0,0,0
3,cn7171,coarse_surface_mesh,setup,8.048044646,1,5659796204,161147048,2.84722350756,15314285607,17594711317,0.870391410867,11431,0,0,0,0,0,0,11,0,0,0,0
3,cn7171,coarse_volume_mesh,setup,14.254224767,1,5291215020,127523790,2.41010409741,13375072360,21335220468,0.62690106156,25029,0,0,0,0,0,84591,2708865,0,0,0,0
3,cn7171,coarse_mesh_save,io,0,0,0,0,0,0,0,0,0,0,0,0,0,0,0,0,0,0,0,0
3,cn7171,submesh_initialization,setup,0.000123762000158,1,3702360088,94461074,2.55137457608,9190207872,14440387364,0.636423915809,1,0,0,0,0,0,0,0,0,0,0,0
3,cn7171,metis_partition,compute,0.171452402,1,3816472822,100526627,2.63401920277,9451537640,14815384412,0.637954262756,273,0,0,0,0,0,0,0,0,0,0,0
3,cn7171,face_map_setup,compute,0.00678073599988,1,3705368240,94520437,2.55090535887,9198099546,14454716641,0.636338973253,116,0,0,0,0,0,0,0,0,0,0,0
3,cn7171,face_local_extract,compute,0.159717229,1,3763420997,96620983,2.56737109872,9353406639,14788472735,0.632479553948,743,0,0,0,0,0,0,0,0,0,0,0
3,cn7171,face_pre_collective_wait,synchronization,0.0251304049998,1,3734746832,94727277,2.53637746442,9254337138,14495392314,0.638433023235,0,0,0,0,0,0,0,0,0,0,0,0
3,cn7171,face_collective_setup,compute,0.000114981000024,1,3702276437,94457564,2.55133741652,9190061771,14440282895,0.636418402453,16,0,0,0,0,0,0,0,0,0,0,0
3,cn7171,face_allgatherv,communication,0.061621418,1,3820037141,95045673,2.48808243197,9418783637,14568732932,0.646506712764,1223,0,0,0,0,0,0,0,1,1,75808,4859624
3,cn7171,face_global_merge,compute,0.076973812,1,3720478071,95313563,2.5618633192,9234473462,14608135741,0.632145923732,317,0,0,0,0,0,0,0,0,0,0,0
3,cn7171,part_face_create,compute,0.0187027320001,1,3706952667,94638224,2.55299251168,9200743872,14481090023,0.635362659675,2,0,0,0,0,0,0,0,0,0,0,0
3,cn7171,surface_refine,compute,0.019299219,1,3710287065,94752708,2.55378374611,9206610805,14482218233,0.635718275811,49,0,0,0,0,0,0,0,0,0,0,0
3,cn7171,refined_surface_save,io,0,0,0,0,0,0,0,0,0,0,0,0,0,0,0,0,0,0,0,0
3,cn7171,local_volume_mesh,compute,16.387360351,1,9466573817,237897882,2.51303044374,24766755859,40052348310,0.618359644416,12085,0,0,0,0,0,76857,3030601,0,0,0,0
3,cn7171,volume_refine,compute,1.119689463,1,9207508991,238461289,2.58985670536,23739500247,39400583187,0.602516468711,8223,0,0,0,0,0,0,1,0,0,0,0
3,cn7171,refined_volume_save,io,0,0,0,0,0,0,0,0,0,0,0,0,0,0,0,0,0,0,0,0
3,cn7171,adjacency_build,compute,0.0039894250001,1,8801945188,222639825,2.52943889384,22959410883,37133101878,0.618300376802,2,0,0,0,0,0,0,0,0,0,0,0
3,cn7171,vertex_numbering_local,compute,0.0186761719999,1,8807859523,222770116,2.52921967498,22973269838,37165265297,0.618138190442,2,0,0,0,0,0,0,0,0,0,0,0
3,cn7171,vertex_count_allgather,communication,0.000215063000041,1,8801056961,222606840,2.52931938728,22957449357,37124592025,0.618389269882,29,0,0,0,0,0,0,0,1,1,4,256
3,cn7171,element_count_allgather,communication,0.0012207740001,1,8802522545,222628438,2.52914362743,22960352131,37127019761,0.61842701835,0,0,0,0,0,0,0,0,1,1,4,256
3,cn7171,vertex_exchange_prepare,compute,1.83610000022e-05,1,8801047553,222605445,2.52930624064,22957439692,37124378447,0.618392567158,0,0,0,0,0,0,0,0,0,0,0,0
3,cn7171,vertex_exchange,communication,0.00318161599989,1,8805126556,222638391,2.52850869984,22965706006,37130949893,0.618505749844,28,0,0,0,0,0,0,0,5,3,81972,104016
3,cn7171,vertex_exchange_unpack,compute,0.00155481799993,1,8801637195,222616312,2.52926026224,22958848802,37127753120,0.618374312278,0,0,0,0,0,0,0,0,0,0,0,0
3,cn7171,partition_result_io,io,0,0,0,0,0,0,0,0,0,0,0,0,0,0,0,0,0,0,0,0
3,cn7171,volume_exchange_pack,compute,0.301096671,2,17789169734,447945614,2.51808049897,46446955985,74906373283,0.620066810731,418,0,0,0,0,0,0,0,0,0,0,0
3,cn7171,volume_size_exchange,communication,0.0176125989999,1,8822978717,222949285,2.52691627342,23001053689,37163006905,0.618923375813,1,0,0,0,0,0,0,0,6,6,24,24
3,cn7171,volume_payload_prepare,compute,0.000343503000067,1,8801048398,222605600,2.52930775896,22957516490,37124569197,0.618391458448,98,0,0,0,0,0,0,0,0,0,0,0
3,cn7171,volume_payload_exchange,communication,0.00228226600007,1,8802230872,222634226,2.52929318985,22959883811,37127397149,0.618408118373,230,0,0,0,0,0,0,0,6,6,1921320,1913280
3,cn7171,volume_exchange_unpack,compute,0.232742377,1,8964687515,227742411,2.54043892349,23417695321,37574529582,0.62323322691,10637,0,0,0,0,0,0,0,0,0,0,0
3,cn7171,final_mesh_save,io,0,0,0,0,0,0,0,0,0,0,0,0,0,0,0,0,0,0,0,0
3,cn7171,testout_io,io,0,0,0,0,0,0,0,0,0,0,0,0,0,0,0,0,0,0,0,0
3,cn7171,final_count_exchange,communication,0,0,0,0,0,0,0,0,0,0,0,0,0,0,0,0,0,0,0,0
3,cn7171,quality_evaluation,postprocess,0,0,0,0,0,0,0,0,0,0,0,0,0,0,0,0,0,0,0,0
4,cn7172,geometry_load,io,1.734705111,1,1400159094,24102666,1.72142337991,3318690939,3755427423,0.883705252477,5961,0,1035180,0,0,0,2,4,0,0,0,0
4,cn7172,coarse_local_size,setup,0.445540082,1,266191352,6068425,2.27972282135,631667997,868472570,0.727332121727,7317,0,0,0,0,0,88,42,0,0,0,0
4,cn7172,coarse_edge_mesh,setup,0.0122434300001,1,6299427,170410,2.70516667627,12752341,24602935,0.518326004601,402,0,0,0,0,0,0,0,0,0,0,0
4,cn7172,coarse_surface_mesh,setup,8.081862832,1,5654471957,163665741,2.89444783252,15312271126,17559874299,0.872003458867,10451,0,0,0,0,0,0,11,0,0,0,0
4,cn7172,coarse_volume_mesh,setup,14.354521597,1,5312890772,130760036,2.46118434599,13453416491,21437918257,0.627552373776,20115,0,0,0,0,0,83466,2757354,0,0,0,0
4,cn7172,coarse_mesh_save,io,0,0,0,0,0,0,0,0,0,0,0,0,0,0,0,0,0,0,0,0
4,cn7172,submesh_initialization,setup,0.000118380999993,1,3399969372,83109079,2.44440669626,8283419380,12921167291,0.641073611497,1,0,0,0,0,0,0,0,0,0,0,0
4,cn7172,metis_partition,compute,0.162317735,1,3512558662,89189979,2.53917407743,8544735763,13276827840,0.64358262877,60,0,0,0,0,0,0,0,0,0,0,0
4,cn7172,face_map_setup,compute,0.006730264,1,3403015425,83175045,2.44415715512,8291310172,12935677781,0.640964494661,3,0,0,0,0,0,0,0,0,0,0,0
4,cn7172,face_local_extract,compute,0.153336255,1,3460993651,85242689,2.46295421476,8446617913,13257257248,0.637131629491,25,0,0,0,0,0,0,0,0,0,0,0
4,cn7172,face_pre_collective_wait,synchronization,0.0407699119999,1,3452616205,83104931,2.40701329269,8382115135,13010564458,0.644254533465,2,0,0,0,0,0,0,0,0,0,0,0
4,cn7172,face_collective_setup,compute,0.000105842000039,1,3399888839,83105536,2.44436038751,8283273543,12921070432,0.641067130358,15,0,0,0,0,0,0,0,0,0,0,0
4,cn7172,face_allgatherv,communication,0.0615855140002,1,3529569668,83535409,2.36673070254,8535738026,13055775599,0.653790191266,41,0,0,0,0,0,0,0,1,1,75808,4859624
4,cn7172,face_global_merge,compute,0.073473018,1,3418061787,84018317,2.45806899453,8327685056,13082278667,0.636562273895,0,0,0,0,0,0,0,0,0,0,0,0
4,cn7172,part_face_create,compute,0.0174031500001,1,3404342594,83286803,2.44648711757,8293642176,12959062281,0.639987832157,2,0,0,0,0,0,0,0,0,0,0,0
4,cn7172,surface_refine,compute,0.0105904640002,1,3404340614,83290532,2.4465980771,8292421837,12944154450,0.640630631304,1,0,0,0,0,0,0,0,0,0,0,0
4,cn7172,refined_surface_save,io,0,0,0,0,0,0,0,0,0,0,0,0,0,0,0,0,0,0,0,0
4,cn7172,local_volume_mesh,compute,12.022119407,1,7227170367,168808123,2.33574295925,18529094514,29621810754,0.625522007006,3278,0,0,0,0,0,68515,2684071,0,0,0,0
4,cn7172,volume_refine,compute,0.712838562,1,7200197799,174975181,2.4301440861,18243153147,29923119079,0.609667498192,5387,0,0,0,0,0,0,1,0,0,0,0
4,cn7172,refined_volume_save,io,0,0,0,0,0,0,0,0,0,0,0,0,0,0,0,0,0,0,0,0
4,cn7172,adjacency_build,compute,0.0036310160001,1,6948196983,165136888,2.37668690747,17766068418,28514659170,0.623050351473,0,0,0,0,0,0,0,0,0,0,0,0
4,cn7172,vertex_numbering_local,compute,0.0135338289999,1,6954004633,165247733,2.37629598657,17779749072,28536039190,0.623062960967,49,0,0,0,0,0,0,0,0,0,0,0
4,cn7172,vertex_count_allgather,communication,4.792097851,1,13406614513,165111140,1.23156476111,30522345629,39040203311,0.781818306269,75,0,0,0,0,0,0,5,1,1,4,256
4,cn7172,element_count_allgather,communication,0.001420822,1,6949208516,165102569,2.3758471,17767834487,28509833635,0.623217754073,0,0,0,0,0,0,0,0,1,1,4,256
4,cn7172,vertex_exchange_prepare,compute,8.76000012795e-06,1,6947351850,165102328,2.37647857147,17764174454,28506729442,0.623157226442,0,0,0,0,0,0,0,0,0,0,0,0
4,cn7172,vertex_exchange,communication,0.00402806300008,1,6953376565,165126353,2.37476500023,17775958760,28515271829,0.623383808739,26,0,0,0,0,0,0,0,4,3,235026,1430
4,cn7172,vertex_exchange_unpack,compute,4.0639999952e-05,1,6947359871,165102578,2.37647942622,17764192672,28506795307,0.623156425712,0,0,0,0,0,0,0,0,0,0,0,0
4,cn7172,partition_result_io,io,0,0,0,0,0,0,0,0,0,0,0,0,0,0,0,0,0,0,0,0
4,cn7172,volume_exchange_pack,compute,0.252860097,2,14030256338,332240607,2.36802948568,35909302244,57561692790,0.623840274729,884,0,0,0,0,0,0,0,0,0,0,0
4,cn7172,volume_size_exchange,communication,0.067720749,1,7037137239,165103151,2.34616926447,17941610246,28655593891,0.626111966628,1,0,0,0,0,0,0,0,3,3,12,12
4,cn7172,volume_payload_prepare,compute,0.00028336399987,1,6947352557,165102419,2.37647963948,17764200776,28506799826,0.62315661121,102,0,0,0,0,0,0,0,0,0,0,0
4,cn7172,volume_payload_exchange,communication,0.00232011599996,1,6947693427,165113099,2.37651676394,17764912073,28508234978,0.623150191049,531,0,0,0,0,0,0,0,3,3,2508240,2512320
4,cn7172,volume_exchange_unpack,compute,0.175532539,1,7063379077,169015302,2.39283918019,18089361207,28853550402,0.626937099767,6928,0,0,0,0,0,0,0,0,0,0,0
4,cn7172,final_mesh_save,io,0,0,0,0,0,0,0,0,0,0,0,0,0,0,0,0,0,0,0,0
4,cn7172,testout_io,io,0,0,0,0,0,0,0,0,0,0,0,0,0,0,0,0,0,0,0,0
4,cn7172,final_count_exchange,communication,0,0,0,0,0,0,0,0,0,0,0,0,0,0,0,0,0,0,0,0
4,cn7172,quality_evaluation,postprocess,0,0,0,0,0,0,0,0,0,0,0,0,0,0,0,0,0,0,0,0
5,cn7173,geometry_load,io,1.927398304,1,1403582744,26182441,1.86540060512,3316003892,4180681023,0.793173139438,6107,0,1035180,0,0,0,2,5,0,0,0,0
5,cn7173,coarse_local_size,setup,0.49665959,1,267150686,6320209,2.36578430497,632253586,960208761,0.658454298356,7962,0,0,0,0,0,112,43,0,0,0,0
5,cn7173,coarse_edge_mesh,setup,0.0124574070001,1,6288553,167729,2.66721136007,12751364,24986290,0.5103344274,425,0,0,0,0,0,0,0,0,0,0,0
5,cn7173,coarse_surface_mesh,setup,8.827683851,1,5669651749,166730239,2.94074920967,15313241782,19158145028,0.799307122877,13193,0,0,0,0,0,0,14,0,0,0,0
5,cn7173,coarse_volume_mesh,setup,14.221191902,1,5278126059,129765015,2.45854330778,13362474837,21580907545,0.619180394019,22466,0,0,0,0,0,84653,2655143,0,0,0,0
5,cn7173,coarse_mesh_save,io,0,0,0,0,0,0,0,0,0,0,0,0,0,0,0,0,0,0,0,0
5,cn7173,submesh_initialization,setup,0.000122262000104,1,4010767939,104002962,2.59309348189,9907621868,16060630932,0.616888708168,1,0,0,0,0,0,0,0,0,0,0,0
5,cn7173,metis_partition,compute,0.171449762,1,4124514939,110100308,2.6694122734,10168891821,16436313559,0.618684462577,60,0,0,0,0,0,0,0,0,0,0,0
5,cn7173,face_map_setup,compute,0.00685027199984,1,4013817370,104062621,2.59260976291,9915520081,16075397808,0.616813356623,3,0,0,0,0,0,0,0,0,0,0,0
5,cn7173,face_local_extract,compute,0.158830973,1,4071862184,106169609,2.60739691577,10070821682,16408708690,0.613748581455,25,0,0,0,0,0,0,0,0,0,0,0
5,cn7173,face_pre_collective_wait,synchronization,0.025970229,1,4044224034,104271389,2.57827924772,9973817733,16117480365,0.618819909014,0,0,0,0,0,0,0,0,0,0,0,0
5,cn7173,face_collective_setup,compute,0.000112682000008,1,4010685752,103999463,2.59305937764,9907476104,16060527881,0.616883590465,16,0,0,0,0,0,0,0,0,0,0,0
5,cn7173,face_allgatherv,communication,0.0614512060001,1,4138046916,104555676,2.52669141077,10155289645,16193781113,0.627110467539,554,0,0,0,0,0,0,0,1,1,75808,4859624
5,cn7173,face_global_merge,compute,0.0746842029998,1,4028803089,104878827,2.60322544148,9951887448,16223944322,0.61340739653,127,0,0,0,0,0,0,0,0,0,0,0
5,cn7173,part_face_create,compute,0.018118643,1,4015270039,104174803,2.59446567698,9917996571,16100056157,0.616022483045,2,0,0,0,0,0,0,0,0,0,0,0
5,cn7173,surface_refine,compute,0.015899174,1,4017062209,104263855,2.59552502738,9920469263,16095086333,0.616366328067,48,0,0,0,0,0,0,0,0,0,0,0
5,cn7173,refined_surface_save,io,0,0,0,0,0,0,0,0,0,0,0,0,0,0,0,0,0,0,0,0
5,cn7173,local_volume_mesh,compute,13.96788966,1,8762000165,215819097,2.46312591801,22656153704,36523981368,0.620308982083,5729,0,0,0,0,0,74089,2915542,0,0,0,0
5,cn7173,volume_refine,compute,0.889912291,1,8814563257,226788280,2.57288164357,22565632689,37412028902,0.603165167762,5431,0,0,0,0,0,0,2,0,0,0,0
5,cn7173,refined_volume_save,io,0,0,0,0,0,0,0,0,0,0,0,0,0,0,0,0,0,0,0,0
5,cn7173,adjacency_build,compute,0.00362908900001,1,8486784380,213711050,2.51816283331,21937216557,35633228880,0.615639313262,0,0,0,0,0,0,0,0,0,0,0,0
5,cn7173,vertex_numbering_local,compute,0.0148959400001,1,8491931877,213820536,2.51792570992,21949545800,35656834120,0.615577527891,171,0,0,0,0,0,0,0,0,0,0,0
5,cn7173,vertex_count_allgather,communication,2.66059509,1,11956276815,242190365,2.02563363786,28802056476,41471940305,0.694495031199,147,0,0,0,0,0,0,4,1,1,4,256
5,cn7173,element_count_allgather,communication,0.00126985700012,1,8487520031,213691041,2.51770882684,21938474739,35628010107,0.615764806205,6,0,0,0,0,0,0,0,1,1,4,256
5,cn7173,vertex_exchange_prepare,compute,9.33009998789e-05,1,8485939490,213677567,2.51801898012,21935354276,35625277656,0.61572444397,25,0,0,0,0,0,0,0,0,0,0,0
5,cn7173,vertex_exchange,communication,0.00319452300005,1,8490287669,213709332,2.51710354621,21943812343,35631799581,0.615849117952,86,0,0,0,0,0,0,0,5,3,102454,81708
5,cn7173,vertex_exchange_unpack,compute,0.00118639600009,1,8486403939,213686295,2.51798401933,21936464403,35627770230,0.61571252597,34,0,0,0,0,0,0,0,0,0,0,0
5,cn7173,partition_result_io,io,0,0,0,0,0,0,0,0,0,0,0,0,0,0,0,0,0,0,0,0
5,cn7173,volume_exchange_pack,compute,0.261410391,2,17131569579,429731091,2.50841634223,44323312572,71816836795,0.617171606966,1279,0,0,0,0,0,0,0,0,0,0,0
5,cn7173,volume_size_exchange,communication,0.0310460769999,1,8525635156,214007459,2.51016440516,22013893271,35693493686,0.616748068,0,0,0,0,0,0,0,0,4,4,16,16
5,cn7173,volume_payload_prepare,compute,0.000257622999925,1,8485940074,213677643,2.51801970243,21935422445,35625449197,0.615723392671,68,0,0,0,0,0,0,0,0,0,0,0
5,cn7173,volume_payload_exchange,communication,0.0292184120001,1,8521836615,213986664,2.51103927085,22006490857,35687626708,0.616642037787,204,0,0,0,0,0,0,0,4,4,1918800,1914000
5,cn7173,volume_exchange_unpack,compute,0.194144367,1,8623018705,218132018,2.52964797436,22322496770,36002741632,0.620022136041,8706,0,0,0,0,0,0,0,0,0,0,0
5,cn7173,final_mesh_save,io,0,0,0,0,0,0,0,0,0,0,0,0,0,0,0,0,0,0,0,0
5,cn7173,testout_io,io,0,0,0,0,0,0,0,0,0,0,0,0,0,0,0,0,0,0,0,0
5,cn7173,final_count_exchange,communication,0,0,0,0,0,0,0,0,0,0,0,0,0,0,0,0,0,0,0,0
5,cn7173,quality_evaluation,postprocess,0,0,0,0,0,0,0,0,0,0,0,0,0,0,0,0,0,0,0,0
6,cn7174,geometry_load,io,1.747972708,1,1408500186,25258460,1.79328765811,3316405945,3784220545,0.876377553994,6104,0,1035180,0,0,0,2,2,0,0,0,0
6,cn7174,coarse_local_size,setup,0.477126857,1,268350799,6494851,2.42028383154,632143201,885785033,0.713653061916,8455,0,0,0,0,0,129,72,0,0,0,0
6,cn7174,coarse_edge_mesh,setup,0.0125158549999,1,6296366,165094,2.62205214881,12807513,24633772,0.519916844241,523,0,0,0,0,0,0,0,0,0,0,0
6,cn7174,coarse_surface_mesh,setup,8.216762625,1,5671325348,166611822,2.93779340412,15310127939,17934080486,0.853689039198,17216,0,0,0,0,0,0,10,0,0,0,0
6,cn7174,coarse_volume_mesh,setup,14.014699706,1,5263493560,126712584,2.40738556162,13317509503,21207479561,0.627962859268,31091,0,0,0,0,0,85169,2508843,0,0,0,0
6,cn7174,coarse_mesh_save,io,0,0,0,0,0,0,0,0,0,0,0,0,0,0,0,0,0,0,0,0
6,cn7174,submesh_initialization,setup,0.000128301999894,1,2680487765,56986138,2.12596150388,7203064496,11513449852,0.625621737063,1,0,0,0,0,0,0,0,0,0,0,0
6,cn7174,metis_partition,compute,0.171718577,1,2794112385,62990513,2.254401553,7464320576,11888408055,0.627865441821,522,0,0,0,0,0,0,0,0,0,0,0
6,cn7174,face_map_setup,compute,0.00723599299999,1,2683515422,57048055,2.12587021235,7210949782,11528550480,0.625486247773,226,0,0,0,0,0,0,0,0,0,0,0
6,cn7174,face_local_extract,compute,0.159930233,1,2741482396,59127939,2.15678711219,7366260665,11862198725,0.620986111915,650,0,0,0,0,0,0,0,0,0,0,0
6,cn7174,face_pre_collective_wait,synchronization,0.024110655,1,2713071494,56982099,2.10028003781,7267335035,11566061204,0.62833274931,0,0,0,0,0,0,0,1,0,0,0,0
6,cn7174,face_collective_setup,compute,0.000110420999818,1,2680408050,56982721,2.12589724911,7202918592,11513338031,0.625615140683,16,0,0,0,0,0,0,0,0,0,0,0
6,cn7174,face_allgatherv,communication,0.061330576,1,2808562052,57415270,2.04429415968,7452469932,11646165589,0.639907605215,637,0,0,0,0,0,0,0,1,1,75808,4859624
6,cn7174,face_global_merge,compute,0.0783578819999,1,2698561434,57844318,2.14352422262,7247329656,11683841960,0.620286518836,543,0,0,0,0,0,0,0,0,0,0,0
6,cn7174,part_face_create,compute,0.0189349550001,1,2685017379,57162468,2.12894219781,7213393608,11554654048,0.624284688926,2,0,0,0,0,0,0,0,0,0,0,0
6,cn7174,surface_refine,compute,0.01607913,1,2686250223,57232004,2.13055371797,7214762099,11548201064,0.624752033587,50,0,0,0,0,0,0,0,0,0,0,0
6,cn7174,refined_surface_save,io,0,0,0,0,0,0,0,0,0,0,0,0,0,0,0,0,0,0,0,0
6,cn7174,local_volume_mesh,compute,12.726364103,1,7005541593,157492216,2.24810907064,18900439155,30688434581,0.615881501062,9089,0,0,0,0,0,59446,2545444,0,0,0,0
6,cn7174,volume_refine,compute,0.905265852,1,4913764246,97630416,1.98687627473,12980707782,20718367617,0.626531395811,6367,0,0,0,0,0,0,1,0,0,0,0
6,cn7174,refined_volume_save,io,0,0,0,0,0,0,0,0,0,0,0,0,0,0,0,0,0,0,0,0
6,cn7174,adjacency_build,compute,0.00413016400012,1,4602882573,85905504,1.86634142057,12375939767,18906046554,0.65460220526,5,0,0,0,0,0,0,0,0,0,0,0
6,cn7174,vertex_numbering_local,compute,0.018997656,1,4610150317,86018457,1.86584929092,12393676720,18936318507,0.654492409146,370,0,0,0,0,0,0,0,0,0,0,0
6,cn7174,vertex_count_allgather,communication,3.877099638,1,9845698559,85875782,0.872216242305,22724544983,27415521783,0.828893397064,146,0,0,0,0,0,0,4,1,1,4,256
6,cn7174,element_count_allgather,communication,0.0012819399999,1,4603600811,85869327,1.86526439901,12377158844,18899796789,0.654883170554,7,0,0,0,0,0,0,0,1,1,4,256
6,cn7174,vertex_exchange_prepare,compute,0.00021416300001,1,4601974933,85869153,1.86591961604,12373953647,18897083436,0.654807589166,65,0,0,0,0,0,0,0,0,0,0,0
6,cn7174,vertex_exchange,communication,0.003311532,1,4607063443,85898434,1.86449427195,12384096593,18903701381,0.655114908102,95,0,0,0,0,0,0,0,2,4,72116,229702
6,cn7174,vertex_exchange_unpack,compute,0.00488563600015,1,4603279103,85893701,1.8659242483,12377059990,18904786850,0.654705080158,1624,0,0,0,0,0,0,0,0,0,0,0
6,cn7174,partition_result_io,io,0,0,0,0,0,0,0,0,0,0,0,0,0,0,0,0,0,0,0,0
6,cn7174,volume_exchange_pack,compute,0.315434837,2,9376332938,174220431,1.85808708108,25232447555,38473531459,0.655839134026,2797,0,0,0,0,0,0,1,0,0,0,0
6,cn7174,volume_size_exchange,communication,3.57010001153e-05,1,4601977951,85869263,1.86592078264,12373945579,18897077435,0.654807370164,0,0,0,0,0,0,0,0,4,4,16,16
6,cn7174,volume_payload_prepare,compute,0.000319965000017,1,4601975283,85869217,1.86592086483,12373997699,18897173503,0.654806799389,102,0,0,0,0,0,0,0,0,0,0,0
6,cn7174,volume_payload_exchange,communication,0.00230167599989,1,4602061774,85879793,1.86611560682,12374185622,18898103756,0.654784510751,571,0,0,0,0,0,0,0,4,4,3188880,3188520
6,cn7174,volume_exchange_unpack,compute,0.215196535,1,4746308019,90200335,1.90043154888,12776646134,19320906910,0.661286045915,8730,0,0,0,0,0,0,0,0,0,0,0
6,cn7174,final_mesh_save,io,0,0,0,0,0,0,0,0,0,0,0,0,0,0,0,0,0,0,0,0
6,cn7174,testout_io,io,0,0,0,0,0,0,0,0,0,0,0,0,0,0,0,0,0,0,0,0
6,cn7174,final_count_exchange,communication,0,0,0,0,0,0,0,0,0,0,0,0,0,0,0,0,0,0,0,0
6,cn7174,quality_evaluation,postprocess,0,0,0,0,0,0,0,0,0,0,0,0,0,0,0,0,0,0,0,0
7,cn7175,geometry_load,io,1.733883088,1,1401426629,25366754,1.81006650474,3317040155,3753804751,0.883647492352,5960,0,1035180,0,0,0,2,3,0,0,0,0
7,cn7175,coarse_local_size,setup,0.461568543,1,266453072,6212945,2.33172203772,632185628,878317130,0.719769211378,8398,0,0,0,0,0,110,22,0,0,0,0
7,cn7175,coarse_edge_mesh,setup,0.0125470520002,1,6271775,168654,2.68909519235,12795789,24672060,0.518634803904,525,0,0,0,0,0,0,0,0,0,0,0
7,cn7175,coarse_surface_mesh,setup,8.085249725,1,5653821188,161090744,2.84923662499,15312876039,17541439220,0.872954370901,12455,0,0,0,0,0,0,12,0,0,0,0
7,cn7175,coarse_volume_mesh,setup,13.487163138,1,5585605523,123209551,2.20584053945,13970609607,23867547757,0.585339128646,21562,0,0,0,0,0,35970,1567960,0,0,0,0
7,cn7175,coarse_mesh_save,io,0,0,0,0,0,0,0,0,0,0,0,0,0,0,0,0,0,0,0,0
7,cn7175,submesh_initialization,setup,0.000126421999994,1,4718806195,105281836,2.23111167633,11580638976,19800414072,0.584868525168,5,0,0,0,0,0,0,0,0,0,0,0
7,cn7175,metis_partition,compute,0.164890762,1,4833202327,111336540,2.30357705859,11841909908,20161540059,0.587351455958,84,0,0,0,0,0,0,0,0,0,0,0
7,cn7175,face_map_setup,compute,0.00680234200013,1,4721811767,105348195,2.23109687972,11588530330,19814611347,0.58484772308,278,0,0,0,0,0,0,0,0,0,0,0
7,cn7175,face_local_extract,compute,0.152909096,1,4779842807,107411460,2.24717557328,11743839135,20135220681,0.583248593152,200,0,0,0,0,0,0,0,0,0,0,0
7,cn7175,face_pre_collective_wait,synchronization,0.038477067,1,4769406821,105277914,2.20735864964,11680417063,19883118927,0.587453965642,2,0,0,0,0,0,0,1,0,0,0,0
7,cn7175,face_collective_setup,compute,0.000112481000087,1,4718726180,105278385,2.23107637494,11580493118,19800321356,0.584863897398,15,0,0,0,0,0,0,0,0,0,0,0
7,cn7175,face_allgatherv,communication,0.0611195619999,1,4835001847,106708697,2.20700426549,11805994666,19930234689,0.592366063432,110,0,0,0,0,0,0,0,1,1,75808,4859624
7,cn7175,face_global_merge,compute,0.0737402359998,1,4736900013,106198823,2.24194774449,11624904341,19962147495,0.58234738241,0,0,0,0,0,0,0,0,0,0,0,0
7,cn7175,part_face_create,compute,0.0178834769999,1,4723388308,105463295,2.23278900914,11591136421,19839399426,0.584248352085,2,0,0,0,0,0,0,0,0,0,0,0
7,cn7175,surface_refine,compute,0.017509392,1,4726251956,105564823,2.23358432819,11596094044,19838575313,0.584522520445,1,0,0,0,0,0,0,0,0,0,0,0
7,cn7175,refined_surface_save,io,0,0,0,0,0,0,0,0,0,0,0,0,0,0,0,0,0,0,0,0
7,cn7175,local_volume_mesh,compute,13.41292344,1,10115130649,223422645,2.20879643331,25814739618,45472240057,0.567703275353,5191,0,0,0,0,0,20687,1163138,0,0,0,0
7,cn7175,volume_refine,compute,1.021579184,1,9651464400,223959221,2.32046880886,24355501906,43937334996,0.554323604475,6390,0,0,0,0,0,0,1,0,0,0,0
7,cn7175,refined_volume_save,io,0,0,0,0,0,0,0,0,0,0,0,0,0,0,0,0,0,0,0,0
7,cn7175,adjacency_build,compute,0.00369198700014,1,9278009670,210614503,2.27003970131,23621202553,41875742756,0.56407841386,0,0,0,0,0,0,0,0,0,0,0,0
7,cn7175,vertex_numbering_local,compute,0.017697621,1,9283986270,210730081,2.2698232728,23635289875,41906404579,0.564001853952,3,0,0,0,0,0,0,0,0,0,0,0
7,cn7175,vertex_count_allgather,communication,3.080987255,1,13388680809,210586386,1.57286882109,31725426662,48640947490,0.652237020435,44,0,0,0,0,0,0,3,1,1,4,256
7,cn7175,element_count_allgather,communication,0.00118771500001,1,9278612670,210580161,2.26952205561,23622146758,41870233171,0.564175190081,0,0,0,0,0,0,0,0,1,1,4,256
7,cn7175,vertex_exchange_prepare,compute,2.40399999711e-05,1,9277092027,210579888,2.26989111876,23619157460,41867678964,0.564138209818,0,0,0,0,0,0,0,0,0,0,0,0
7,cn7175,vertex_exchange,communication,0.00215086699995,1,9280344690,210599072,2.26930226231,23625739636,41872096414,0.564235891186,23,0,0,0,0,0,0,0,3,4,33286,169532
7,cn7175,vertex_exchange_unpack,compute,0.00237216899995,1,9278055711,210598558,2.26985657944,23621483030,41872836408,0.564124264233,0,0,0,0,0,0,0,0,0,0,0,0
7,cn7175,partition_result_io,io,0,0,0,0,0,0,0,0,0,0,0,0,0,0,0,0,0,0,0,0
7,cn7175,volume_exchange_pack,compute,0.290498555,2,18738469868,423665523,2.26093979916,47761678711,84367255014,0.566116305468,591,0,0,0,0,0,0,1,0,0,0,0
7,cn7175,volume_size_exchange,communication,0.0271329989998,1,9313222734,210581435,2.26110167248,23690603463,41927228701,0.565041005499,1,0,0,0,0,0,0,0,5,5,20,20
7,cn7175,volume_payload_prepare,compute,0.000251642999956,1,9277092554,210580048,2.26989271449,23619205570,41867800219,0.564137725088,68,0,0,0,0,0,0,0,0,0,0,0
7,cn7175,volume_payload_exchange,communication,0.00238954999986,1,9278180534,210593445,2.26977093438,23621403568,41870573936,0.564152848827,308,0,0,0,0,0,0,0,5,5,2102040,2101920
7,cn7175,volume_exchange_unpack,compute,0.221577313,1,9435378078,213487594,2.26262892949,24066483192,42298406048,0.568969033128,10077,0,0,0,0,0,0,0,0,0,0,0
7,cn7175,final_mesh_save,io,0,0,0,0,0,0,0,0,0,0,0,0,0,0,0,0,0,0,0,0
7,cn7175,testout_io,io,0,0,0,0,0,0,0,0,0,0,0,0,0,0,0,0,0,0,0,0
7,cn7175,final_count_exchange,communication,0,0,0,0,0,0,0,0,0,0,0,0,0,0,0,0,0,0,0,0
7,cn7175,quality_evaluation,postprocess,0,0,0,0,0,0,0,0,0,0,0,0,0,0,0,0,0,0,0,0
8,cn7176,geometry_load,io,1.71301939,1,1393851773,23607103,1.6936595022,3315907634,3707190434,0.894453007752,5961,0,1035180,0,0,0,2,3,0,0,0,0
8,cn7176,coarse_local_size,setup,0.452718257,1,265835234,6128844,2.30550476992,631881710,868182562,0.727821241358,7798,0,0,0,0,0,108,46,0,0,0,0
8,cn7176,coarse_edge_mesh,setup,0.0123405089998,1,6292150,173292,2.75409836066,12756344,24704181,0.516363768546,431,0,0,0,0,0,0,0,0,0,0,0
8,cn7176,coarse_surface_mesh,setup,8.19332695,1,5665954228,162085994,2.86070073067,15308246951,17778751993,0.861041706247,13139,0,0,0,0,0,1,15,0,0,0,0
8,cn7176,coarse_volume_mesh,setup,14.257599455,1,5301532928,124489409,2.34817760619,13415744092,21389350553,0.627216055895,22866,0,0,0,0,0,85869,2627875,0,0,0,0
8,cn7176,coarse_mesh_save,io,0,0,0,0,0,0,0,0,0,0,0,0,0,0,0,0,0,0,0,0
8,cn7176,submesh_initialization,setup,0.000127682000084,1,4666198881,114716345,2.45845382774,11597481180,18892609578,0.613863380393,2,0,0,0,0,0,0,0,0,0,0,0
8,cn7176,metis_partition,compute,0.168028566,1,4780846293,121123288,2.53351144498,11858762227,19260729441,0.615696423301,74,0,0,0,0,0,0,0,0,0,0,0
8,cn7176,face_map_setup,compute,0.00720940699989,1,4669266463,114782904,2.45826416011,11605364363,18907263321,0.61380455574,263,0,0,0,0,0,0,0,0,0,0,0
8,cn7176,face_local_extract,compute,0.159089997,1,4727215760,116862429,2.47211963517,11760675837,19240933434,0.611232083794,188,0,0,0,0,0,0,0,0,0,0,0
8,cn7176,face_pre_collective_wait,synchronization,0.0287748870001,1,4703986800,115002098,2.44477935185,11672115197,18955623344,0.615760029896,0,0,0,0,0,0,0,0,0,0,0,0
8,cn7176,face_collective_setup,compute,0.000117081999861,1,4666116667,114712937,2.45842410695,11597335230,18892506543,0.613859002965,16,0,0,0,0,0,0,0,0,0,0,0
8,cn7176,face_allgatherv,communication,0.0610520159998,1,4793752217,115277988,2.40475483049,11845901170,19024871493,0.622653413158,554,0,0,0,0,0,0,0,1,1,75808,4859624
8,cn7176,face_global_merge,compute,0.0737711489999,1,4684250054,115584747,2.46751872055,11641746175,19053904993,0.610990040061,136,0,0,0,0,0,0,0,0,0,0,0
8,cn7176,part_face_create,compute,0.0175843920001,1,4670616618,114895556,2.45996546917,11607812425,18930920849,0.613166814102,2,0,0,0,0,0,0,0,0,0,0,0
8,cn7176,surface_refine,compute,0.0149464610001,1,4671972450,114959791,2.4606264748,11609309643,18924952596,0.613439298414,47,0,0,0,0,0,0,0,0,0,0,0
8,cn7176,refined_surface_save,io,0,0,0,0,0,0,0,0,0,0,0,0,0,0,0,0,0,0,0,0
8,cn7176,local_volume_mesh,compute,11.496738853,1,8565570452,197037147,2.30033887532,21951335933,34984558670,0.627457849049,4959,0,0,0,0,0,67360,2514735,0,0,0,0
8,cn7176,volume_refine,compute,0.893962376,1,7656533743,175607174,2.2935597216,19173991352,31181689419,0.614911882879,6994,0,0,0,0,0,0,1,0,0,0,0
8,cn7176,refined_volume_save,io,0,0,0,0,0,0,0,0,0,0,0,0,0,0,0,0,0,0,0,0
8,cn7176,adjacency_build,compute,0.00382526599992,1,7348691766,162972757,2.21771115444,18588357536,29461755571,0.630931768177,0,0,0,0,0,0,0,0,0,0,0,0
8,cn7176,vertex_numbering_local,compute,0.0165537400001,1,7355970776,163095761,2.21718881119,18605704052,29488419448,0.630949518499,204,0,0,0,0,0,0,0,0,0,0,0
8,cn7176,vertex_count_allgather,communication,5.115612588,1,13947582910,216923512,1.55527673433,31647243138,40695347096,0.777662445374,151,0,0,0,0,0,0,8,1,1,4,256
8,cn7176,element_count_allgather,communication,0.00135479599999,1,7349482408,162952070,2.21719110209,18589679171,29456305723,0.631093367438,3,0,0,0,0,0,0,0,1,1,4,256
8,cn7176,vertex_exchange_prepare,compute,1.82599999334e-05,1,7347797721,162937837,2.21750575052,18586344981,29453355873,0.631043371124,4,0,0,0,0,0,0,0,0,0,0,0
8,cn7176,vertex_exchange,communication,0.00292267500004,1,7351999698,162991951,2.21697439738,18594877594,29459248181,0.631206793865,101,0,0,0,0,0,0,0,5,3,286418,1166
8,cn7176,vertex_exchange_unpack,compute,4.7461000122e-05,1,7347804503,162938026,2.21750627597,18586360102,29453412501,0.631042671248,9,0,0,0,0,0,0,0,0,0,0,0
8,cn7176,partition_result_io,io,0,0,0,0,0,0,0,0,0,0,0,0,0,0,0,0,0,0,0,0
8,cn7176,volume_exchange_pack,compute,0.281158631,2,14853406927,328455450,2.21131388653,37616338787,59512366344,0.632076005339,2282,0,0,0,0,0,0,0,0,0,0,0
8,cn7176,volume_size_exchange,communication,0.0304663079999,1,7386775859,163196250,2.20930285574,18662776321,29520300532,0.632201433748,0,0,0,0,0,0,0,0,5,5,20,20
8,cn7176,volume_payload_prepare,compute,0.000432085000057,1,7347798908,162938025,2.21750795089,18586431365,29453581649,0.631041466756,136,0,0,0,0,0,0,0,0,0,0,0
8,cn7176,volume_payload_exchange,communication,0.00254541100003,1,7347998811,162951786,2.21763489885,18586897233,29455069096,0.631025416115,505,0,0,0,0,0,0,0,5,5,3055560,3053280
8,cn7176,volume_exchange_unpack,compute,0.209651107,1,7486512575,165963925,2.2168389265,18975670782,29865514951,0.635370621037,8480,0,0,0,0,0,0,0,0,0,0,0
8,cn7176,final_mesh_save,io,0,0,0,0,0,0,0,0,0,0,0,0,0,0,0,0,0,0,0,0
8,cn7176,testout_io,io,0,0,0,0,0,0,0,0,0,0,0,0,0,0,0,0,0,0,0,0
8,cn7176,final_count_exchange,communication,0,0,0,0,0,0,0,0,0,0,0,0,0,0,0,0,0,0,0,0
8,cn7176,quality_evaluation,postprocess,0,0,0,0,0,0,0,0,0,0,0,0,0,0,0,0,0,0,0,0
9,cn7177,geometry_load,io,1.74908834,1,1406534491,24659444,1.75320578043,3314482703,3788280367,0.874930676164,5960,0,1035180,0,0,0,2,15,0,0,0,0
9,cn7177,coarse_local_size,setup,0.463170664,1,267880105,6318077,2.35854655948,632473993,880740999,0.718115761294,8431,0,0,0,0,0,115,65,0,0,0,0
9,cn7177,coarse_edge_mesh,setup,0.0124236230001,1,6285301,157493,2.50573520664,12806692,24454065,0.523704014036,489,0,0,0,0,0,0,0,0,0,0,0
9,cn7177,coarse_surface_mesh,setup,8.204448654,1,5675920973,162274048,2.85899061618,15312731645,17903807459,0.855277944653,17179,0,0,0,0,0,0,74,0,0,0,0
9,cn7177,coarse_volume_mesh,setup,14.521409757,1,5325251619,127360502,2.39163350602,13453705259,21707032391,0.619785561502,28321,0,0,0,0,0,82064,2798635,0,0,0,0
9,cn7177,coarse_mesh_save,io,0,0,0,0,0,0,0,0,0,0,0,0,0,0,0,0,0,0,0,0
9,cn7177,submesh_initialization,setup,0.0001282610001,1,4471426691,112128630,2.50767009612,11122631284,18209700647,0.610808024778,1,0,0,0,0,0,0,0,0,0,0,0
9,cn7177,metis_partition,compute,0.171994092,1,4585203499,118188757,2.57761203021,11383895205,18585956411,0.612499833383,200,0,0,0,0,0,0,1,0,0,0,0
9,cn7177,face_map_setup,compute,0.00730223599999,1,4474473933,112193960,2.50742236249,11130518062,18224913578,0.61073091043,221,0,0,0,0,0,0,1,0,0,0,0
9,cn7177,face_local_extract,compute,0.164068948,1,4532549143,114294835,2.52164579785,11285829218,18566950804,0.607845054212,770,0,0,0,0,0,0,1,0,0,0,0
9,cn7177,face_pre_collective_wait,synchronization,0.019767498,1,4497901024,112124456,2.49281732528,11174852682,18252901914,0.61222334589,0,0,0,0,0,0,0,0,0,0,0,0
9,cn7177,face_collective_setup,compute,0.000118241000109,1,4471344699,112125189,2.50763912308,11122485520,18209593028,0.610803629872,16,0,0,0,0,0,0,0,0,0,0,0
9,cn7177,face_allgatherv,communication,0.0609544380002,1,4597321170,112956767,2.45701274336,11367244835,18341128242,0.619768025446,769,0,0,0,0,0,0,0,1,1,75808,4859624
9,cn7177,face_global_merge,compute,0.07791518,1,4489608292,112991631,2.51673695457,11166896665,18379916733,0.607559698296,235,0,0,0,0,0,0,1,0,0,0,0
9,cn7177,part_face_create,compute,0.019896221,1,4476004581,112301775,2.5089736386,11133094659,18251258338,0.609990525191,2,0,0,0,0,0,0,1,0,0,0,0
9,cn7177,surface_refine,compute,0.0184986419999,1,4478783175,112407040,2.50976739904,11137766865,18249881722,0.61029255064,15,0,0,0,0,0,0,0,0,0,0,0
9,cn7177,refined_surface_save,io,0,0,0,0,0,0,0,0,0,0,0,0,0,0,0,0,0,0,0,0
9,cn7177,local_volume_mesh,compute,15.455441366,1,9739989558,241624119,2.48074310102,25256168155,41647075488,0.606433173496,15689,0,0,0,0,0,73890,3021829,0,0,0,0
9,cn7177,volume_refine,compute,1.022901852,1,9503449069,245964833,2.58816384677,24306267098,41332334815,0.588069055542,6800,0,0,0,0,0,0,9,0,0,0,0
9,cn7177,refined_volume_save,io,0,0,0,0,0,0,0,0,0,0,0,0,0,0,0,0,0,0,0,0
9,cn7177,adjacency_build,compute,0.00392367200016,1,9135314054,232531550,2.54541385907,23600054005,39270061791,0.600968089396,8,0,0,0,0,0,0,0,0,0,0,0
9,cn7177,vertex_numbering_local,compute,0.0175645500001,1,9140437262,232651009,2.5452940853,23612108703,39297568549,0.600854189581,457,0,0,0,0,0,0,0,0,0,0,0
9,cn7177,vertex_count_allgather,communication,1.029438298,1,10445177046,254260840,2.43424155359,26183756755,41524102737,0.630567671043,82,0,0,0,0,0,0,10,1,1,4,256
9,cn7177,element_count_allgather,communication,0.001212076,1,9135934488,232523419,2.54515199628,23601055745,39264154398,0.601084019428,0,0,0,0,0,0,0,0,1,1,4,256
9,cn7177,vertex_exchange_prepare,compute,8.22209999569e-05,1,9134460740,232499006,2.54529536683,23598183664,39261520524,0.601051190811,20,0,0,0,0,0,0,0,0,0,0,0
9,cn7177,vertex_exchange,communication,0.00240603199995,1,9137746481,232521958,2.54463131018,23604732259,39266359003,0.601143901761,40,0,0,0,0,0,0,0,3,1,86152,76010
9,cn7177,vertex_exchange_unpack,compute,0.00108821399999,1,9134889319,232506477,2.54525773527,23599208921,39263879483,0.601041191847,0,0,0,0,0,0,0,0,0,0,0,0
9,cn7177,partition_result_io,io,0,0,0,0,0,0,0,0,0,0,0,0,0,0,0,0,0,0,0,0
9,cn7177,volume_exchange_pack,compute,0.281895671,2,18440443558,467604566,2.53575552307,47683932159,79134895893,0.602565172051,791,0,0,0,0,0,0,2,0,0,0,0
9,cn7177,volume_size_exchange,communication,0.0287658159998,1,9170001794,233383683,2.5450778336,23668433339,39324641111,0.601872837751,0,0,0,0,0,0,0,1,3,3,12,12
9,cn7177,volume_payload_prepare,compute,0.00020232199995,1,9134461341,232499069,2.54529588906,23598262003,39261715986,0.601050193818,34,0,0,0,0,0,0,0,0,0,0,0
9,cn7177,volume_payload_exchange,communication,0.00244785200016,1,9136472886,232556288,2.54536177036,23602191466,39265744462,0.601088602531,99,0,0,0,0,0,0,0,3,3,1720680,1711440
9,cn7177,volume_exchange_unpack,compute,0.205944976,1,9280919185,235296070,2.53526687723,24010340928,39657837567,0.605437472163,9497,0,0,0,0,0,0,2,0,0,0,0
9,cn7177,final_mesh_save,io,0,0,0,0,0,0,0,0,0,0,0,0,0,0,0,0,0,0,0,0
9,cn7177,testout_io,io,0,0,0,0,0,0,0,0,0,0,0,0,0,0,0,0,0,0,0,0
9,cn7177,final_count_exchange,communication,0,0,0,0,0,0,0,0,0,0,0,0,0,0,0,0,0,0,0,0
9,cn7177,quality_evaluation,postprocess,0,0,0,0,0,0,0,0,0,0,0,0,0,0,0,0,0,0,0,0
10,cn7178,geometry_load,io,1.732433557,1,1400670649,25073154,1.79008205947,3315916439,3751960038,0.88378245115,6104,0,1035180,0,0,0,2,1,0,0,0,0
10,cn7178,coarse_local_size,setup,0.458364722,1,267141046,6342768,2.37431427891,632416593,875442185,0.722396754276,8260,0,0,0,0,0,83,22,0,0,0,0
10,cn7178,coarse_edge_mesh,setup,0.012627114,1,6283440,169607,2.69926982672,12804143,24823320,0.515811059923,523,0,0,0,0,0,0,0,0,0,0,0
10,cn7178,coarse_surface_mesh,setup,8.213335901,1,5677065985,171617619,3.02299848995,15310331503,17923552045,0.854201860466,17267,0,0,0,0,0,0,10,0,0,0,0
10,cn7178,coarse_volume_mesh,setup,13.570236016,1,5595489614,127568016,2.27983652549,13968914995,23927500546,0.583801679082,27903,0,0,0,0,0,40140,1650241,0,0,0,0
10,cn7178,coarse_mesh_save,io,0,0,0,0,0,0,0,0,0,0,0,0,0,0,0,0,0,0,0,0
10,cn7178,submesh_initialization,setup,0.000181762000011,1,2856830896,59189191,2.07184790261,7625387364,13469809008,0.566109538708,56,0,0,0,0,0,0,0,0,0,0,0
10,cn7178,metis_partition,compute,0.175205534,1,2970548405,65210259,2.1952262717,7886716935,13849354050,0.569464605102,1848,0,0,0,0,0,0,0,0,0,0,0
10,cn7178,face_map_setup,compute,0.00774331499997,1,2859890478,59253837,2.07189182438,7633281727,13485335048,0.566043164655,601,0,0,0,0,0,0,0,0,0,0,0
10,cn7178,face_local_extract,compute,0.161001141,1,2917903805,61422782,2.10503108069,7788586955,13820426778,0.563556182462,878,0,0,0,0,0,0,0,0,0,0,0
10,cn7178,face_pre_collective_wait,synchronization,0.0189274899999,1,2881475936,59321367,2.058714642,7673865723,13511112671,0.567966969846,4,0,0,0,0,0,0,0,0,0,0,0
10,cn7178,face_collective_setup,compute,0.000112341999966,1,2856748493,59185630,2.07178301293,7625241580,13469685825,0.566103892776,16,0,0,0,0,0,0,0,0,0,0,0
10,cn7178,face_allgatherv,communication,0.060838681,1,2982924833,59877153,2.00733026651,7870893002,13601227138,0.578689916883,636,0,0,0,0,0,0,0,1,1,75808,4859624
10,cn7178,face_global_merge,compute,0.0793719869998,1,2874966010,60086766,2.08999917881,7669653769,13641964098,0.562210376299,704,0,0,0,0,0,0,0,0,0,0,0
10,cn7178,part_face_create,compute,0.018806669,1,2861258352,59361489,2.07466372124,7635686146,13510635699,0.565161130543,33,0,0,0,0,0,0,0,0,0,0,0
10,cn7178,surface_refine,compute,0.015359387,1,2862262222,59429106,2.07629844475,7636337372,13502974857,0.565530000083,53,0,0,0,0,0,0,0,0,0,0,0
10,cn7178,refined_surface_save,io,0,0,0,0,0,0,0,0,0,0,0,0,0,0,0,0,0,0,0,0
10,cn7178,local_volume_mesh,compute,12.425059451,1,7699500321,153397803,1.99230854737,20193354530,37467008793,0.538963615739,7457,0,0,0,0,0,17063,1007034,0,0,0,0
10,cn7178,volume_refine,compute,0.818558008,1,4795501632,90688809,1.89112247184,12355825685,23561298420,0.524411917575,7061,0,0,0,0,0,0,1,0,0,0,0
10,cn7178,refined_volume_save,io,0,0,0,0,0,0,0,0,0,0,0,0,0,0,0,0,0,0,0,0
10,cn7178,adjacency_build,compute,0.00413596999988,1,4519003665,79952197,1.769243907,11833112007,21942370678,0.539281383067,9,0,0,0,0,0,0,0,0,0,0,0
10,cn7178,vertex_numbering_local,compute,0.014605498,1,4524695241,80053032,1.76924693788,11846808205,21965386204,0.539339854759,9,0,0,0,0,0,0,0,0,0,0,0
10,cn7178,vertex_count_allgather,communication,4.269773437,1,10073240374,172149904,1.70898238907,22790292755,31319821596,0.727663555973,45,0,0,0,0,0,0,4,1,1,4,256
10,cn7178,element_count_allgather,communication,0.00141821700004,1,4519890971,79947037,1.76878242225,11834664522,21936451976,0.539497660558,0,0,0,0,0,0,0,0,1,1,4,256
10,cn7178,vertex_exchange_prepare,compute,1.88599999547e-05,1,4518119848,79917404,1.76881992264,11831176301,21933418283,0.539413243679,0,0,0,0,0,0,0,0,0,0,0,0
10,cn7178,vertex_exchange,communication,0.00251721100017,1,4521918538,79944083,1.76792399793,11838765024,21938608459,0.539631537986,30,0,0,0,0,0,0,0,4,3,148412,79750
10,cn7178,vertex_exchange_unpack,compute,0.00118293399987,1,4518566842,79925673,1.76882794467,11832247929,21935974683,0.539399233451,0,0,0,0,0,0,0,0,0,0,0,0
10,cn7178,partition_result_io,io,0,0,0,0,0,0,0,0,0,0,0,0,0,0,0,0,0,0,0,0
10,cn7178,volume_exchange_pack,compute,0.231203116,2,9168881899,161901764,1.76577434177,24033837819,44359297026,0.541799339266,2870,0,0,0,0,0,0,0,0,0,0,0
10,cn7178,volume_size_exchange,communication,0.060608798,1,4597110367,81231744,1.76701748523,11987305127,22066534413,0.543234605971,34,0,0,0,0,0,0,0,5,5,20,20
10,cn7178,volume_payload_prepare,compute,0.000269602999879,1,4518120434,79917526,1.76882239346,11831258917,21933614011,0.53941219678,68,0,0,0,0,0,0,0,0,0,0,0
10,cn7178,volume_payload_exchange,communication,0.020955855,1,4542628866,80336297,1.76849791981,11879721552,21976526869,0.540564103819,383,0,0,0,0,0,0,0,5,5,2428320,2435280
10,cn7178,volume_exchange_unpack,compute,0.174730948,1,4639641876,83480478,1.79928710515,12167637213,22278788221,0.546153457374,6582,0,0,0,0,0,0,0,0,0,0,0
10,cn7178,final_mesh_save,io,0,0,0,0,0,0,0,0,0,0,0,0,0,0,0,0,0,0,0,0
10,cn7178,testout_io,io,0,0,0,0,0,0,0,0,0,0,0,0,0,0,0,0,0,0,0,0
10,cn7178,final_count_exchange,communication,0,0,0,0,0,0,0,0,0,0,0,0,0,0,0,0,0,0,0,0
10,cn7178,quality_evaluation,postprocess,0,0,0,0,0,0,0,0,0,0,0,0,0,0,0,0,0,0,0,0
11,cn7179,geometry_load,io,1.75409255,1,1412054329,23061788,1.63320826447,3316966796,3801580036,0.872523204717,5907,0,1035180,0,0,0,2,15,0,0,0,0
11,cn7179,coarse_local_size,setup,0.449854678,1,268625523,6046484,2.25089706014,632346818,882689405,0.716386550488,7751,0,0,0,0,0,107,61,0,0,0,0
11,cn7179,coarse_edge_mesh,setup,0.0123909680001,1,6263251,161546,2.57926754013,12803958,24437260,0.523952276155,508,0,0,0,0,0,0,0,0,0,0,0
11,cn7179,coarse_surface_mesh,setup,8.198647997,1,5674539780,162889422,2.8705309737,15312079547,17894890111,0.855667704692,17215,0,0,0,0,0,0,75,0,0,0,0
11,cn7179,coarse_volume_mesh,setup,14.333564962,1,5312694472,125036456,2.35354125216,13424699371,21558161913,0.622720036392,25339,0,0,0,0,0,82496,2689246,0,0,0,0
11,cn7179,coarse_mesh_save,io,0,0,0,0,0,0,0,0,0,0,0,0,0,0,0,0,0,0,0,0
11,cn7179,submesh_initialization,setup,0.000127982000095,1,4475808997,111542075,2.49210980796,11140555511,18129491468,0.614499062517,6,0,0,0,0,0,0,0,0,0,0,0
11,cn7179,metis_partition,compute,0.172598123,1,4589236918,117578865,2.56205698466,11401817707,18506603231,0.616094567149,416,0,0,0,0,0,0,1,0,0,0,0
11,cn7179,face_map_setup,compute,0.00729032699996,1,4478875711,111602162,2.49174500926,11148441916,18144810081,0.614414913478,217,0,0,0,0,0,0,0,0,0,0,0
11,cn7179,face_local_extract,compute,0.160879623,1,4536795608,113743401,2.50713082157,11303752741,18479918665,0.611677624015,646,0,0,0,0,0,0,2,0,0,0,0
11,cn7179,face_pre_collective_wait,synchronization,0.022312887,1,4503956850,111785005,2.48192886217,11196151160,18178195122,0.615911045341,1,0,0,0,0,0,0,1,0,0,0,0
11,cn7179,face_collective_setup,compute,0.000115021000056,1,4475726730,111538503,2.49207580642,11140409765,18129402799,0.614494028762,16,0,0,0,0,0,0,0,0,0,0,0
11,cn7179,face_allgatherv,communication,0.0607197049999,1,4600896790,112121947,2.43695853477,11384173224,18260284429,0.62343898685,888,0,0,0,0,0,0,0,1,1,75808,4859624
11,cn7179,face_global_merge,compute,0.0787792009999,1,4493953694,112440902,2.50204852244,11184821465,18300836587,0.611164490313,517,0,0,0,0,0,0,1,0,0,0,0
11,cn7179,part_face_create,compute,0.0187212639999,1,4480274542,111712579,2.49343155096,11150716677,18170239782,0.613680216155,2,0,0,0,0,0,0,0,0,0,0,0
11,cn7179,surface_refine,compute,0.0107111679999,1,4479730771,111709670,2.49366927859,11148568051,18152553142,0.614159780379,45,0,0,0,0,0,0,0,0,0,0,0
11,cn7179,refined_surface_save,io,0,0,0,0,0,0,0,0,0,0,0,0,0,0,0,0,0,0,0,0
11,cn7179,local_volume_mesh,compute,11.119045672,1,8465929781,190407272,2.24910053503,21531580629,33535970896,0.642044349805,4768,0,0,0,0,0,68765,2443503,0,0,0,0
11,cn7179,volume_refine,compute,0.947378806,1,5962244616,143577315,2.40810842639,14617610277,25301933567,0.577727004076,5921,0,0,0,0,0,0,10,0,0,0,0
11,cn7179,refined_volume_save,io,0,0,0,0,0,0,0,0,0,0,0,0,0,0,0,0,0,0,0,0
11,cn7179,adjacency_build,compute,0.00377968499993,1,5641528022,131676047,2.33404933001,14010919983,23384774841,0.599147097984,7,0,0,0,0,0,0,0,0,0,0,0
11,cn7179,vertex_numbering_local,compute,0.00915364999992,1,5643626193,131737033,2.3342622012,14016102858,23395378793,0.599097068785,281,0,0,0,0,0,0,0,0,0,0,0
11,cn7179,vertex_count_allgather,communication,5.458257095,1,12635327905,189905727,1.50297426729,27852658022,35369849841,0.787468936035,147,0,0,0,0,0,0,53,1,1,4,256
11,cn7179,element_count_allgather,communication,0.00111335299994,1,5642107903,131655359,2.3334427711,14011926752,23378918230,0.599340252365,7,0,0,0,0,0,0,0,1,1,4,256
11,cn7179,vertex_exchange_prepare,compute,9.2321000011e-05,1,5640776963,131644108,2.33379388803,14009322096,23376530339,0.59929005258,25,0,0,0,0,0,0,0,0,0,0,0
11,cn7179,vertex_exchange,communication,0.00142645699998,1,5642676056,131659249,2.33327675899,14013052669,23379372239,0.599376772214,48,0,0,0,0,0,0,0,0,1,0,75702
11,cn7179,vertex_exchange_unpack,compute,0.00184898199996,1,5641197290,131652357,2.3337662243,14010308827,23379190633,0.599264065507,763,0,0,0,0,0,0,0,0,0,0,0
11,cn7179,partition_result_io,io,0,0,0,0,0,0,0,0,0,0,0,0,0,0,0,0,0,0,0,0
11,cn7179,volume_exchange_pack,compute,0.225201992,2,11436197097,265160783,2.31860976819,28460425687,47239156301,0.602475317418,2102,0,0,0,0,0,0,2,0,0,0,0
11,cn7179,volume_size_exchange,communication,0.00550600599991,1,5647869993,131703663,2.3319173983,14023353292,23388552282,0.599581928925,3,0,0,0,0,0,0,0,1,1,4,4
11,cn7179,volume_payload_prepare,compute,5.79810000545e-05,1,5640777128,131644107,2.33379380204,14009368642,23376623719,0.599289649797,0,0,0,0,0,0,0,0,0,0,0,0
11,cn7179,volume_payload_exchange,communication,0.0621194830001,1,5720620087,132316746,2.31297908247,14167230015,23512660834,0.60253622995,12,0,0,0,0,0,0,0,1,1,813360,816240
11,cn7179,volume_exchange_unpack,compute,0.184285823,1,5781486022,134130352,2.31999786023,14407282358,23728578643,0.607170053241,9527,0,0,0,0,0,0,2,0,0,0,0
11,cn7179,final_mesh_save,io,0,0,0,0,0,0,0,0,0,0,0,0,0,0,0,0,0,0,0,0
11,cn7179,testout_io,io,0,0,0,0,0,0,0,0,0,0,0,0,0,0,0,0,0,0,0,0
11,cn7179,final_count_exchange,communication,0,0,0,0,0,0,0,0,0,0,0,0,0,0,0,0,0,0,0,0
11,cn7179,quality_evaluation,postprocess,0,0,0,0,0,0,0,0,0,0,0,0,0,0,0,0,0,0,0,0
12,cn7180,geometry_load,io,1.735874224,1,1400326368,24135225,1.72354285055,3315798105,3758916097,0.8821154874,5961,0,1035180,0,0,0,2,2,0,0,0,0
12,cn7180,coarse_local_size,setup,0.469259761,1,267218699,6374948,2.3856668803,631710216,884748156,0.714000036865,8326,0,0,0,0,0,115,46,0,0,0,0
12,cn7180,coarse_edge_mesh,setup,0.012262385,1,6290598,157285,2.50031872963,12753753,24569501,0.519088808519,402,0,0,0,0,0,0,0,0,0,0,0
12,cn7180,coarse_surface_mesh,setup,8.103814112,1,5659182493,166731311,2.94620841802,15314036990,17592051849,0.870508859424,10440,0,0,0,0,0,0,10,0,0,0,0
12,cn7180,coarse_volume_mesh,setup,14.20171519,1,5278748338,124854988,2.36523849984,13372939424,21198179564,0.63085320056,20550,0,0,0,0,0,82853,2733617,0,0,0,0
12,cn7180,coarse_mesh_save,io,0,0,0,0,0,0,0,0,0,0,0,0,0,0,0,0,0,0,0,0
12,cn7180,submesh_initialization,setup,0.00012330200002,1,3673258484,98544476,2.68275364855,9004284220,15001994617,0.60020580262,1,0,0,0,0,0,0,0,0,0,0,0
12,cn7180,metis_partition,compute,0.162682615,1,3785935276,104650902,2.76420208933,9265567467,15358445716,0.603288095575,62,0,0,0,0,0,0,0,0,0,0,0
12,cn7180,face_map_setup,compute,0.00677238000003,1,3676322510,98610518,2.68231412592,9012177020,15016594555,0.60014785556,3,0,0,0,0,0,0,0,0,0,0,0
12,cn7180,face_local_extract,compute,0.152764437,1,3734266970,100734821,2.69757951987,9167482872,15336838682,0.59774266797,25,0,0,0,0,0,0,0,0,0,0,0
12,cn7180,face_pre_collective_wait,synchronization,0.0408744060001,1,3728862629,98540421,2.64264015074,9114068419,15091603735,0.603916494167,1,0,0,0,0,0,0,0,0,0,0,0
12,cn7180,face_collective_setup,compute,0.000104221000129,1,3673171293,98541035,2.68272365048,9004138307,15001884776,0.600200470904,15,0,0,0,0,0,0,0,0,0,0,0
12,cn7180,face_allgatherv,communication,0.060606901,1,3801811126,98959321,2.60295205943,9254638893,15134414730,0.611496318695,42,0,0,0,0,0,0,0,1,1,75808,4859624
12,cn7180,face_global_merge,compute,0.0735575149999,1,3691358581,99423809,2.6934205068,9048550584,15163288591,0.596740643014,0,0,0,0,0,0,0,0,0,0,0,0
12,cn7180,part_face_create,compute,0.017770852,1,3677699120,98720985,2.68431379998,9014691273,15040688976,0.59935361255,2,0,0,0,0,0,0,0,0,0,0,0
12,cn7180,surface_refine,compute,0.0165276370001,1,3679974029,98815924,2.68523427669,9018111061,15037971538,0.59968932899,1,0,0,0,0,0,0,0,0,0,0,0
12,cn7180,refined_surface_save,io,0,0,0,0,0,0,0,0,0,0,0,0,0,0,0,0,0,0,0,0
12,cn7180,local_volume_mesh,compute,14.948817094,1,8923700156,217142557,2.43332421758,23149862048,37668465831,0.614568752332,5914,0,0,0,0,0,66360,3090979,0,0,0,0
12,cn7180,volume_refine,compute,0.977338903,1,6895254631,164564269,2.38663077445,17156726510,28056309153,0.611510459784,6672,0,0,0,0,0,0,1,0,0,0,0
12,cn7180,refined_volume_save,io,0,0,0,0,0,0,0,0,0,0,0,0,0,0,0,0,0,0,0,0
12,cn7180,adjacency_build,compute,0.00363478299982,1,6534424547,151064887,2.31183153028,16466137673,26093745563,0.631037718722,0,0,0,0,0,0,0,0,0,0,0,0
12,cn7180,vertex_numbering_local,compute,0.015425023,1,6540039427,151203357,2.31196399789,16479438064,26119638364,0.630921371665,2,0,0,0,0,0,0,0,0,0,0,0
12,cn7180,vertex_count_allgather,communication,1.593583231,1,8676438028,151035011,1.74074903218,20693095231,29588185689,0.699370196216,40,0,0,0,0,0,0,2,1,1,4,256
12,cn7180,element_count_allgather,communication,0.00123781499997,1,6535191417,151030841,2.31103928505,16467450564,26088518520,0.631214476643,0,0,0,0,0,0,0,0,1,1,4,256
12,cn7180,vertex_exchange_prepare,compute,1.6579999965e-05,1,6533589126,151030582,2.31160207793,16464295796,26085838282,0.631158393992,0,0,0,0,0,0,0,0,0,0,0,0
12,cn7180,vertex_exchange,communication,0.00208068500001,1,6536480295,151055095,2.31095464505,16470201171,26090080105,0.631282123501,31,0,0,0,0,0,0,0,5,3,121748,72160
12,cn7180,vertex_exchange_unpack,compute,0.00107481300006,1,6533993851,151038272,2.31157658615,16465260880,26088111743,0.63114038464,0,0,0,0,0,0,0,0,0,0,0,0
12,cn7180,partition_result_io,io,0,0,0,0,0,0,0,0,0,0,0,0,0,0,0,0,0,0,0,0
12,cn7180,volume_exchange_pack,compute,0.280056731,2,13243205908,304542273,2.29961140162,33429462271,52782734575,0.633340855493,523,0,0,0,0,0,0,0,0,0,0,0
12,cn7180,volume_size_exchange,communication,0.029467371,1,6573160193,151030911,2.29769101262,16542453491,26150556718,0.6325851365,1,0,0,0,0,0,0,0,5,5,20,20
12,cn7180,volume_payload_prepare,compute,0.000264763000132,1,6533589814,151030704,2.31160370179,16464366249,26086002651,0.631157117833,68,0,0,0,0,0,0,0,0,0,0,0
12,cn7180,volume_payload_exchange,communication,0.0104613250001,1,6545445610,151043521,2.30761249882,16487822183,26106432312,0.631561677442,285,0,0,0,0,0,0,0,5,5,2008200,2008680
12,cn7180,volume_exchange_unpack,compute,0.215718685,1,6685722741,154030152,2.30386688122,16892628186,26503778911,0.637366778629,9652,0,0,0,0,0,0,0,0,0,0,0
12,cn7180,final_mesh_save,io,0,0,0,0,0,0,0,0,0,0,0,0,0,0,0,0,0,0,0,0
12,cn7180,testout_io,io,0,0,0,0,0,0,0,0,0,0,0,0,0,0,0,0,0,0,0,0
12,cn7180,final_count_exchange,communication,0,0,0,0,0,0,0,0,0,0,0,0,0,0,0,0,0,0,0,0
12,cn7180,quality_evaluation,postprocess,0,0,0,0,0,0,0,0,0,0,0,0,0,0,0,0,0,0,0,0
13,cn7181,geometry_load,io,1.725170211,1,1401033647,21794849,1.55562637961,3316480579,3736705259,0.887541389841,5960,0,1035180,0,0,0,2,5,0,0,0,0
13,cn7181,coarse_local_size,setup,0.471007201,1,267544496,6259924,2.33976930701,632032304,889652539,0.710426010485,8367,0,0,0,0,0,129,53,0,0,0,0
13,cn7181,coarse_edge_mesh,setup,0.0127315299999,1,6337310,167515,2.64331396129,12802669,25033621,0.511418983295,519,0,0,0,0,0,0,0,0,0,0,0
13,cn7181,coarse_surface_mesh,setup,8.204153454,1,5671444971,160574224,2.83127535965,15313453555,17809499191,0.859847511194,15309,0,0,0,0,0,0,19,0,0,0,0
13,cn7181,coarse_volume_mesh,setup,14.258803847,1,5300904039,124799034,2.35429717425,13400799329,21498949003,0.62332346233,23999,0,0,0,0,0,87762,2624269,0,0,0,0
13,cn7181,coarse_mesh_save,io,0,0,0,0,0,0,0,0,0,0,0,0,0,0,0,0,0,0,0,0
13,cn7181,submesh_initialization,setup,0.000122500999851,1,4432637676,110453602,2.49182563687,11021138763,17872582224,0.616650611807,1,0,0,0,0,0,0,0,0,0,0,0
13,cn7181,metis_partition,compute,0.163481031,1,4546199695,116598074,2.5647371832,11282461709,18230672279,0.618872498849,146,0,0,0,0,0,0,0,0,0,0,0
13,cn7181,face_map_setup,compute,0.00657909699999,1,4435627458,110516385,2.49156147685,11029036963,17886742243,0.61660400833,3,0,0,0,0,0,0,0,0,0,0,0
13,cn7181,face_local_extract,compute,0.157793483,1,4493653169,112574899,2.50519777042,11184337521,18217009909,0.61395023535,581,0,0,0,0,0,0,0,0,0,0,0
13,cn7181,face_pre_collective_wait,synchronization,0.0352788770001,1,4480458667,110449578,2.46513998251,11115556409,17949887806,0.619254923994,0,0,0,0,0,0,0,0,0,0,0,0
13,cn7181,face_collective_setup,compute,0.00011414100004,1,4432557975,110450197,2.49179362397,11020992874,17872480692,0.616645952172,13,0,0,0,0,0,0,0,0,0,0,0
13,cn7181,face_allgatherv,communication,0.060548895,1,4559562504,110875238,2.43170782071,11268287854,18003326109,0.625900335626,743,0,0,0,0,0,0,0,1,1,75808,4859624
13,cn7181,face_global_merge,compute,0.0744018789999,1,4450741602,111375424,2.5024014863,11065403970,18035492113,0.613534906654,54,0,0,0,0,0,0,0,0,0,0,0
13,cn7181,part_face_create,compute,0.0175196060002,1,4437106767,110626574,2.49321415529,11031333822,17910713231,0.615907009382,2,0,0,0,0,0,0,0,0,0,0,0
13,cn7181,surface_refine,compute,0.010193161,1,4436656431,110625396,2.49344067364,11029468400,17894544888,0.616359257474,43,0,0,0,0,0,0,0,0,0,0,0
13,cn7181,refined_surface_save,io,0,0,0,0,0,0,0,0,0,0,0,0,0,0,0,0,0,0,0,0
13,cn7181,local_volume_mesh,compute,10.856720756,1,7838242848,184544830,2.35441582481,20133581562,32718182939,0.615363683232,2158,0,0,0,0,0,64942,2538142,0,0,0,0
13,cn7181,volume_refine,compute,0.661562792,1,7957625850,193023850,2.42564621205,20292679559,33580020364,0.60430813737,5027,0,0,0,0,0,0,2,0,0,0,0
13,cn7181,refined_volume_save,io,0,0,0,0,0,0,0,0,0,0,0,0,0,0,0,0,0,0,0,0
13,cn7181,adjacency_build,compute,0.00356402199986,1,7727238094,183324886,2.37245033439,19856457931,32280561880,0.615121199092,0,0,0,0,0,0,0,0,0,0,0,0
13,cn7181,vertex_numbering_local,compute,0.012197284,1,7731939900,183405333,2.37204809365,19867819790,32299457914,0.615113103226,2,0,0,0,0,0,0,0,0,0,0,0
13,cn7181,vertex_count_allgather,communication,6.010538353,1,15814625400,183304449,1.15908182688,35806466607,45486568154,0.787187692107,27,0,0,0,0,0,0,12,1,1,4,256
13,cn7181,element_count_allgather,communication,0.00142407699991,1,7728245833,183291617,2.37171048852,19858209958,32275818134,0.615265889638,0,0,0,0,0,0,0,0,1,1,4,256
13,cn7181,vertex_exchange_prepare,compute,1.73399998857e-05,1,7726406934,183291306,2.3722709348,19854590358,32272762109,0.6152119949,0,0,0,0,0,0,0,0,0,0,0,0
13,cn7181,vertex_exchange,communication,0.00426405000007,1,7732491448,183315905,2.37072237626,19866641174,32281811850,0.615412829562,23,0,0,0,0,0,0,0,3,4,101200,98406
13,cn7181,vertex_exchange_unpack,compute,0.00135437600011,1,7726949343,183301541,2.37223686688,19855889954,32275700197,0.615196257023,0,0,0,0,0,0,0,0,0,0,0,0
13,cn7181,partition_result_io,io,0,0,0,0,0,0,0,0,0,0,0,0,0,0,0,0,0,0,0,0
13,cn7181,volume_exchange_pack,compute,0.226206611,2,15574848107,369293375,2.37108813173,40051448626,65037634271,0.615819580077,549,0,0,0,0,0,0,0,0,0,0,0
13,cn7181,volume_size_exchange,communication,0.083310024,1,7836754803,183292387,2.33888122836,20071135222,32455894678,0.618412631084,0,0,0,0,0,0,0,0,5,5,20,20
13,cn7181,volume_payload_prepare,compute,0.000257062999935,1,7726407696,183291399,2.37227190451,19854636434,32272878716,0.615211199742,68,0,0,0,0,0,0,0,0,0,0,0
13,cn7181,volume_payload_exchange,communication,0.0104627840001,1,7737535238,183304575,2.36903056803,19876481496,32292423712,0.615515319422,384,0,0,0,0,0,0,0,5,5,2118360,2104560
13,cn7181,volume_exchange_unpack,compute,0.152042755,1,7829845219,186308390,2.37946453332,20145418814,32570197829,0.618523071913,6354,0,0,0,0,0,0,0,0,0,0,0
13,cn7181,final_mesh_save,io,0,0,0,0,0,0,0,0,0,0,0,0,0,0,0,0,0,0,0,0
13,cn7181,testout_io,io,0,0,0,0,0,0,0,0,0,0,0,0,0,0,0,0,0,0,0,0
13,cn7181,final_count_exchange,communication,0,0,0,0,0,0,0,0,0,0,0,0,0,0,0,0,0,0,0,0
13,cn7181,quality_evaluation,postprocess,0,0,0,0,0,0,0,0,0,0,0,0,0,0,0,0,0,0,0,0
14,cn7182,geometry_load,io,1.752693589,1,1399497422,24704450,1.76523726387,3317083685,3708657315,0.894416335417,5001,0,1035180,0,0,0,2,3,0,0,0,0
14,cn7182,coarse_local_size,setup,0.45662423,1,266012757,5970563,2.24446491489,631466622,862828318,0.73185662643,8412,0,0,0,0,0,109,46,0,0,0,0
14,cn7182,coarse_edge_mesh,setup,0.0117927880001,1,6207680,162616,2.61959379349,12755771,23607971,0.540316277074,417,0,0,0,0,0,0,0,0,0,0,0
14,cn7182,coarse_surface_mesh,setup,8.021235501,1,5654954905,162483490,2.87329417705,15311510803,17536350716,0.873129823358,11204,0,0,0,0,0,0,15,0,0,0,0
14,cn7182,coarse_volume_mesh,setup,14.07759468,1,5285058677,124840745,2.36214491891,13370819539,21292784073,0.627950741113,26584,0,0,0,0,0,81880,2644374,0,0,0,0
14,cn7182,coarse_mesh_save,io,0,0,0,0,0,0,0,0,0,0,0,0,0,0,0,0,0,0,0,0
14,cn7182,submesh_initialization,setup,0.00012608100019,1,4779106744,118946025,2.48887567011,12042042846,19547522995,0.616039323708,1,0,0,0,0,0,0,0,0,0,0,0
14,cn7182,metis_partition,compute,0.171491419,1,4892768230,124954551,2.55386204958,12303387397,19922369553,0.617566467898,324,0,0,0,0,0,0,0,0,0,0,0
14,cn7182,face_map_setup,compute,0.00714891000007,1,4782165062,119023105,2.48889579211,12049934740,19562518075,0.615970535787,217,0,0,0,0,0,0,0,0,0,0,0
14,cn7182,face_local_extract,compute,0.160020595,1,4840123832,121086020,2.50171326608,12205241998,19896346309,0.613441373026,708,0,0,0,0,0,0,0,0,0,0,0
14,cn7182,face_pre_collective_wait,synchronization,0.0243554660001,1,4811618368,118941930,2.47197347967,12106203595,19600765043,0.617639340528,1,0,0,0,0,0,0,0,0,0,0,0
14,cn7182,face_collective_setup,compute,0.000111881000066,1,4779024475,118942571,2.48884624095,12041896920,19547416645,0.616035210109,16,0,0,0,0,0,0,0,0,0,0,0
14,cn7182,face_allgatherv,communication,0.0604450010001,1,4906091867,119373708,2.43317310878,12289348604,19678389697,0.624509870636,634,0,0,0,0,0,0,0,1,1,75808,4859624
14,cn7182,face_global_merge,compute,0.078131904,1,4797187819,119833596,2.49799675396,12086308394,19717731233,0.612966484388,382,0,0,0,0,0,0,0,0,0,0,0
14,cn7182,part_face_create,compute,0.0186236940001,1,4783549382,119121949,2.49024185782,12052358023,19588051306,0.615291324018,2,0,0,0,0,0,0,0,0,0,0,0
14,cn7182,surface_refine,compute,0.0155874760001,1,4784856354,119192609,2.49103839659,12053605146,19581228782,0.615569394556,49,0,0,0,0,0,0,0,0,0,0,0
14,cn7182,refined_surface_save,io,0,0,0,0,0,0,0,0,0,0,0,0,0,0,0,0,0,0,0,0
14,cn7182,local_volume_mesh,compute,12.619997526,1,9055855958,216109902,2.38641055028,23564029960,38529203893,0.611588810022,8518,0,0,0,0,0,63663,2464316,0,0,0,0
14,cn7182,volume_refine,compute,0.887684777,1,7387704500,170868447,2.31287603612,18570348759,30321577680,0.612446652842,5936,0,0,0,0,0,0,3,0,0,0,0
14,cn7182,refined_volume_save,io,0,0,0,0,0,0,0,0,0,0,0,0,0,0,0,0,0,0,0,0
14,cn7182,adjacency_build,compute,0.00404089099993,1,7081508884,158052990,2.23191120126,17975303447,28547440289,0.629664280406,1,0,0,0,0,0,0,0,0,0,0,0
14,cn7182,vertex_numbering_local,compute,0.017699683,1,7088449776,158176695,2.23147091393,17992246348,28575566676,0.629637429487,288,0,0,0,0,0,0,0,0,0,0,0
14,cn7182,vertex_count_allgather,communication,4.004382001,1,12520259169,158029644,1.26219147597,28701690197,37342063789,0.768615531246,72,0,0,0,0,0,0,7,1,1,4,256
14,cn7182,element_count_allgather,communication,0.00133383600019,1,7082347491,158017946,2.2311521173,17976745473,28541501864,0.629845813954,0,0,0,0,0,0,0,0,1,1,4,256
14,cn7182,vertex_exchange_prepare,compute,0.00020748299994,1,7080598534,158017772,2.23170076995,17973312574,28538653118,0.629788396099,58,0,0,0,0,0,0,0,0,0,0,0
14,cn7182,vertex_exchange,communication,0.00289489700003,1,7085214419,158046632,2.23065418565,17982529023,28544510431,0.629982043884,43,0,0,0,0,0,0,0,3,4,70114,217712
14,cn7182,vertex_exchange_unpack,compute,0.00308409900003,1,7081810147,158040583,2.23164105955,17976221899,28545349840,0.62974256752,0,0,0,0,0,0,0,0,0,0,0,0
14,cn7182,partition_result_io,io,0,0,0,0,0,0,0,0,0,0,0,0,0,0,0,0,0,0,0,0
14,cn7182,volume_exchange_pack,compute,0.30811398,2,14334011043,318639142,2.22295867531,36433460067,57745219214,0.630934656806,1060,0,0,0,0,0,0,0,0,0,0,0
14,cn7182,volume_size_exchange,communication,3.8739999809e-05,1,7080602112,158017919,2.23170171831,17973304969,28538649530,0.629788208798,0,0,0,0,0,0,0,0,5,5,20,20
14,cn7182,volume_payload_prepare,compute,0.000347924999915,1,7080599284,158017865,2.231701847,17973383935,28538810310,0.629787427709,102,0,0,0,0,0,0,0,0,0,0,0
14,cn7182,volume_payload_exchange,communication,0.00261579300013,1,7081203954,158029672,2.23167801728,17974612582,28540851258,0.629785440508,507,0,0,0,0,0,0,0,5,5,3074280,3087120
14,cn7182,volume_exchange_unpack,compute,0.208044079,1,7221760398,161036353,2.22987670769,18367637443,28946228515,0.634543371807,8766,0,0,0,0,0,0,0,0,0,0,0
14,cn7182,final_mesh_save,io,0,0,0,0,0,0,0,0,0,0,0,0,0,0,0,0,0,0,0,0
14,cn7182,testout_io,io,0,0,0,0,0,0,0,0,0,0,0,0,0,0,0,0,0,0,0,0
14,cn7182,final_count_exchange,communication,0,0,0,0,0,0,0,0,0,0,0,0,0,0,0,0,0,0,0,0
14,cn7182,quality_evaluation,postprocess,0,0,0,0,0,0,0,0,0,0,0,0,0,0,0,0,0,0,0,0
15,cn7183,geometry_load,io,1.764288664,1,1414358163,24207219,1.7115338698,3316340396,3822160508,0.867661206027,5962,0,1035180,0,0,0,2,1,0,0,0,0
15,cn7183,coarse_local_size,setup,0.472738172,1,269229131,6224890,2.3121160689,632104734,890766636,0.709618780558,8492,0,0,0,0,0,138,80,0,0,0,0
15,cn7183,coarse_edge_mesh,setup,0.0126183140001,1,6284536,163741,2.60545885965,12803029,24786930,0.51652338551,516,0,0,0,0,0,0,0,0,0,0,0
15,cn7183,coarse_surface_mesh,setup,8.214498467,1,5675873873,163982232,2.88910986518,15312543754,17928984577,0.854066424578,17357,0,0,0,0,0,0,8,0,0,0,0
15,cn7183,coarse_volume_mesh,setup,14.328866609,1,5313333602,128545994,2.41930967692,13425862209,21620337592,0.620983005093,30779,0,0,0,0,0,85052,2693907,0,0,0,0
15,cn7183,coarse_mesh_save,io,0,0,0,0,0,0,0,0,0,0,0,0,0,0,0,0,0,0,0,0
15,cn7183,submesh_initialization,setup,0.000130442,1,3839733397,108290733,2.82026697699,9386596873,15993365674,0.586905662281,1,0,0,0,0,0,0,0,0,0,0,0
15,cn7183,metis_partition,compute,0.173170254,1,3953650744,114364795,2.89263777721,9647935658,16371807880,0.589301788093,372,0,0,0,0,0,0,0,0,0,0,0
15,cn7183,face_map_setup,compute,0.00713816799998,1,3842745891,108350814,2.8196195396,9394488570,16008323125,0.586850258871,222,0,0,0,0,0,0,0,0,0,0,0
15,cn7183,face_local_extract,compute,0.159292485,1,3900774626,110453091,2.83156812659,9549796799,16340867251,0.584411870699,600,0,0,0,0,0,0,0,0,0,0,0
15,cn7183,face_pre_collective_wait,synchronization,0.023449647,1,3870914793,108334917,2.79869030432,9448078052,16044651683,0.588861524617,0,0,0,0,0,0,0,0,0,0,0,0
15,cn7183,face_collective_setup,compute,0.000120762000051,1,3839650348,108287165,2.8202350523,9386450898,15993258659,0.586900462134,16,0,0,0,0,0,0,0,0,0,0,0
15,cn7183,face_allgatherv,communication,0.0603373170002,1,3964430538,108853152,2.74574496782,9629299583,16122374881,0.597263098897,1327,0,0,0,0,0,0,0,1,1,75808,4859624
15,cn7183,face_global_merge,compute,0.078294056,1,3857840844,109136437,2.82895125572,9430862539,16163874617,0.583453086742,408,0,0,0,0,0,0,0,0,0,0,0
15,cn7183,part_face_create,compute,0.0190026729999,1,3844293538,108462449,2.82138832344,9396937924,16034724548,0.586036753913,2,0,0,0,0,0,0,0,0,0,0,0
15,cn7183,surface_refine,compute,0.0163474189999,1,3845676002,108547372,2.82258234816,9398689803,16028687985,0.586366757641,51,0,0,0,0,0,0,0,0,0,0,0
15,cn7183,refined_surface_save,io,0,0,0,0,0,0,0,0,0,0,0,0,0,0,0,0,0,0,0,0
15,cn7183,local_volume_mesh,compute,12.688177875,1,8070301030,206308298,2.55638912642,20767667096,34698938331,0.598510158953,7879,0,0,0,0,0,70739,2562123,0,0,0,0
15,cn7183,volume_refine,compute,0.893322349,1,6341195099,161624155,2.548796441,15650826203,26629596187,0.587723001622,6440,0,0,0,0,0,0,1,0,0,0,0
15,cn7183,refined_volume_save,io,0,0,0,0,0,0,0,0,0,0,0,0,0,0,0,0,0,0,0,0
15,cn7183,adjacency_build,compute,0.00392172800002,1,6033673896,150321027,2.49136810492,15066143762,24852150259,0.6062309943,5,0,0,0,0,0,0,0,0,0,0,0
15,cn7183,vertex_numbering_local,compute,0.0136936870001,1,6037770404,150424821,2.49139683914,15075951201,24873558678,0.606103509199,2,0,0,0,0,0,0,0,0,0,0,0
15,cn7183,vertex_count_allgather,communication,3.933679454,1,11207275860,178593635,1.59355080781,25151362242,33490875220,0.75099148878,29,0,0,0,0,0,0,4,1,1,4,256
15,cn7183,element_count_allgather,communication,0.00056032700013,1,6033519684,150292178,2.49095363687,15065626228,24844805291,0.606389386093,0,0,0,0,0,0,0,0,1,1,4,256
15,cn7183,vertex_exchange_prepare,compute,2.29209999816e-05,1,6032844852,150288257,2.4911672799,15064319979,24843621597,0.606365699147,0,0,0,0,0,0,0,0,0,0,0,0
15,cn7183,vertex_exchange,communication,0.00311681799985,1,6037155592,150344382,2.49031815909,15072893020,24850231327,0.606549404779,15,0,0,0,0,0,0,0,0,4,0,146102
15,cn7183,vertex_exchange_unpack,compute,0.00210460599988,1,6033673472,150305359,2.49110860403,15066307480,24848198966,0.60633398423,0,0,0,0,0,0,0,0,0,0,0,0
15,cn7183,partition_result_io,io,0,0,0,0,0,0,0,0,0,0,0,0,0,0,0,0,0,0,0,0
15,cn7183,volume_exchange_pack,compute,0.229744245,2,12210318585,302511522,2.47750719929,30539551374,50186868074,0.608516780305,592,0,0,0,0,0,0,0,0,0,0,0
15,cn7183,volume_size_exchange,communication,0.0795847520001,1,6134375759,151973669,2.47741049734,15264510505,25018517024,0.61012850963,2,0,0,0,0,0,0,0,4,4,16,16
15,cn7183,volume_payload_prepare,compute,0.000290643999961,1,6032845693,150288378,2.49116893831,15064348017,24843692655,0.606365093394,102,0,0,0,0,0,0,0,0,0,0,0
15,cn7183,volume_payload_exchange,communication,0.00268735300006,1,6034334185,150329501,2.49123592415,15067361393,24847576170,0.606391596907,252,0,0,0,0,0,0,0,4,4,1551840,1555560
15,cn7183,volume_exchange_unpack,compute,0.168617039,1,6156573469,152519170,2.477338584,15411792983,25169726618,0.61231467536,7980,0,0,0,0,0,0,0,0,0,0,0
15,cn7183,final_mesh_save,io,0,0,0,0,0,0,0,0,0,0,0,0,0,0,0,0,0,0,0,0
15,cn7183,testout_io,io,0,0,0,0,0,0,0,0,0,0,0,0,0,0,0,0,0,0,0,0
15,cn7183,final_count_exchange,communication,0,0,0,0,0,0,0,0,0,0,0,0,0,0,0,0,0,0,0,0
15,cn7183,quality_evaluation,postprocess,0,0,0,0,0,0,0,0,0,0,0,0,0,0,0,0,0,0,0,0
16,cn7184,geometry_load,io,1.735296024,1,1400016568,24558707,1.75417259776,3316235691,3755571554,0.883017576238,6106,0,1035180,0,0,0,2,2,0,0,0,0
16,cn7184,coarse_local_size,setup,0.441724622,1,265816288,6035041,2.27038043658,631270156,862028072,0.732308119079,7333,0,0,0,0,0,88,40,0,0,0,0
16,cn7184,coarse_edge_mesh,setup,0.01227543,1,6272468,170269,2.71454553455,12755443,24657408,0.517306725833,401,0,0,0,0,0,0,0,0,0,0,0
16,cn7184,coarse_surface_mesh,setup,8.215234095,1,5668023676,166852722,2.94375485245,15313042641,17852089649,0.857773120238,14878,0,0,0,0,0,0,10,0,0,0,0
16,cn7184,coarse_volume_mesh,setup,14.288724837,1,5313369540,126700232,2.38455524402,13455396368,21412561948,0.628387971541,25205,0,0,0,0,0,85834,2580979,0,0,0,0
16,cn7184,coarse_mesh_save,io,0,0,0,0,0,0,0,0,0,0,0,0,0,0,0,0,0,0,0,0
16,cn7184,submesh_initialization,setup,0.000124760999825,1,4480316469,110701709,2.47084574864,11170365346,17959674226,0.621969263219,1,0,0,0,0,0,0,0,0,0,0,0
16,cn7184,metis_partition,compute,0.163168635,1,4593023859,116799234,2.54297033034,11431632918,18317085550,0.624096714884,68,0,0,0,0,0,0,0,0,0,0,0
16,cn7184,face_map_setup,compute,0.00671336300002,1,4483394897,110763851,2.4705352427,11178257444,17974120559,0.621908449279,3,0,0,0,0,0,0,0,0,0,0,0
16,cn7184,face_local_extract,compute,0.158680461,1,4541249136,112839382,2.48476528419,11333564578,18305711580,0.619127234059,653,0,0,0,0,0,0,1,0,0,0,0
16,cn7184,face_pre_collective_wait,synchronization,0.0345805229999,1,4527104132,110697539,2.44521742315,11262547031,18035447315,0.624467296779,0,0,0,0,0,0,0,0,0,0,0,0
16,cn7184,face_collective_setup,compute,0.000115221999977,1,4480233138,110698185,2.47081304902,11170219409,17959565754,0.621964893918,16,0,0,0,0,0,0,0,0,0,0,0
16,cn7184,face_allgatherv,communication,0.0602114359999,1,4605969048,111117706,2.41247183474,11415023399,18088714131,0.631057758795,1145,0,0,0,0,0,0,0,1,1,75808,4859624
16,cn7184,face_global_merge,compute,0.073641361,1,4498471175,111575292,2.48029358552,11214630829,18120832203,0.618880562624,66,0,0,0,0,0,0,0,0,0,0,0
16,cn7184,part_face_create,compute,0.0174342729999,1,4484679783,110869708,2.47218783424,11180542287,17997614448,0.62122356934,2,0,0,0,0,0,0,0,0,0,0,0
16,cn7184,surface_refine,compute,0.00988292099987,1,4484161795,110870078,2.47248166031,11178229145,17980955479,0.621670475635,43,0,0,0,0,0,0,0,0,0,0,0
16,cn7184,refined_surface_save,io,0,0,0,0,0,0,0,0,0,0,0,0,0,0,0,0,0,0,0,0
16,cn7184,local_volume_mesh,compute,10.449033196,1,7635879800,177577479,2.32556671466,19514706429,31400750911,0.62147260377,2201,0,0,0,0,0,71113,2526386,0,0,0,0
16,cn7184,volume_refine,compute,0.50933829,1,7220947141,174488758,2.41642480679,18266621136,29840299252,0.612146043903,6009,0,0,0,0,0,0,1,0,0,0,0
16,cn7184,refined_volume_save,io,0,0,0,0,0,0,0,0,0,0,0,0,0,0,0,0,0,0,0,0
16,cn7184,adjacency_build,compute,0.00365124399991,1,7024949805,167622611,2.3861040385,17886928708,28823491473,0.620567731177,0,0,0,0,0,0,0,0,0,0,0,0
16,cn7184,vertex_numbering_local,compute,0.0141191920002,1,7032130414,167727336,2.38515678927,17903861626,28846379770,0.620662341991,2,0,0,0,0,0,0,0,0,0,0,0
16,cn7184,vertex_count_allgather,communication,6.569868432,1,15972498481,167603730,1.0493269428,35556290076,43259388737,0.82193232762,28,0,0,0,0,0,0,6,1,1,4,256
16,cn7184,element_count_allgather,communication,0.00149635799994,1,7026059134,167588968,2.38524847007,17888937753,28818751555,0.620739511178,0,0,0,0,0,0,0,0,1,1,4,256
16,cn7184,vertex_exchange_prepare,compute,1.38399998377e-05,1,7024084917,167588764,2.38591597312,17885039507,28815490325,0.620674481166,0,0,0,0,0,0,0,0,0,0,0,0
16,cn7184,vertex_exchange,communication,0.00316195899995,1,7029247767,167621454,2.38462861968,17895283151,28822119238,0.62088713891,27,0,0,0,0,0,0,0,5,4,298958,4114
16,cn7184,vertex_exchange_unpack,compute,8.75409998571e-05,1,7024108724,167589345,2.38591615798,17885094045,28815650548,0.620672922696,0,0,0,0,0,0,0,0,0,0,0,0
16,cn7184,partition_result_io,io,0,0,0,0,0,0,0,0,0,0,0,0,0,0,0,0,0,0,0,0
16,cn7184,volume_exchange_pack,compute,0.20192043,2,14163259977,336925144,2.37886718557,36088586863,58074283697,0.621421127659,1,0,0,0,0,0,0,1,0,0,0,0
16,cn7184,volume_size_exchange,communication,0.092119546,1,7148788477,167589745,2.34430974618,18131097466,29018006430,0.624822298173,0,0,0,0,0,0,0,0,5,5,20,20
16,cn7184,volume_payload_prepare,compute,0.000232462999975,1,7024084817,167588763,2.38591599285,17885242343,28815968776,0.620671214701,0,0,0,0,0,0,0,0,0,0,0,0
16,cn7184,volume_payload_exchange,communication,0.00217708699984,1,7025456365,167602394,2.38564422427,17887918906,28818965188,0.620699556327,20,0,0,0,0,0,0,0,5,5,3270120,3261240
16,cn7184,volume_exchange_unpack,compute,0.26325728,1,7137633251,173229249,2.4269844486,18180894886,29298646647,0.620537020192,5920,0,0,0,0,0,0,0,0,0,0,0
16,cn7184,final_mesh_save,io,0,0,0,0,0,0,0,0,0,0,0,0,0,0,0,0,0,0,0,0
16,cn7184,testout_io,io,0,0,0,0,0,0,0,0,0,0,0,0,0,0,0,0,0,0,0,0
16,cn7184,final_count_exchange,communication,0,0,0,0,0,0,0,0,0,0,0,0,0,0,0,0,0,0,0,0
16,cn7184,quality_evaluation,postprocess,0,0,0,0,0,0,0,0,0,0,0,0,0,0,0,0,0,0,0,0
17,cn7185,geometry_load,io,1.747903033,1,1401446992,29055529,2.0732520863,3316033308,3784751142,0.876156234211,5960,0,1035180,0,0,0,2,2,0,0,0,0
17,cn7185,coarse_local_size,setup,0.456509448,1,266390307,6044802,2.26915238324,632340652,873186333,0.724176075715,7964,0,0,0,0,0,119,22,0,0,0,0
17,cn7185,coarse_edge_mesh,setup,0.0127025469999,1,6303868,174039,2.76082874832,12798214,25043999,0.511029169104,517,0,0,0,0,0,0,0,0,0,0,0
17,cn7185,coarse_surface_mesh,setup,8.204945035,1,5673970427,165285976,2.91305670564,15314298680,17919900629,0.854597299229,15325,0,0,0,0,0,0,10,0,0,0,0
17,cn7185,coarse_volume_mesh,setup,13.761767009,1,5646081817,125295301,2.21915489469,14075490892,24374973794,0.577456657429,32292,0,0,0,0,0,39774,1639605,0,0,0,0
17,cn7185,coarse_mesh_save,io,0,0,0,0,0,0,0,0,0,0,0,0,0,0,0,0,0,0,0,0
17,cn7185,submesh_initialization,setup,0.000124421999999,1,3595938086,72307900,2.01082160679,9495284065,16806920022,0.564962768465,1,0,0,0,0,0,0,0,0,0,0,0
17,cn7185,metis_partition,compute,0.172211012,1,3708715400,78323319,2.11187191662,9756629147,17182899612,0.567810402628,517,0,0,0,0,0,0,0,0,0,0,0
17,cn7185,face_map_setup,compute,0.0073731760001,1,3598971505,72385310,2.01127766362,9503179190,16822347954,0.564913959454,221,0,0,0,0,0,0,0,0,0,0,0
17,cn7185,face_local_extract,compute,0.162577946,1,3656975933,74441324,2.03559786457,9658482700,17161318873,0.562805386432,632,0,0,0,0,0,0,1,0,0,0,0
17,cn7185,face_pre_collective_wait,synchronization,0.0208762130001,1,3623772263,72458234,1.99952504576,9550237857,16852563520,0.566693479343,0,0,0,0,0,0,0,0,0,0,0,0
17,cn7185,face_collective_setup,compute,0.000115102000109,1,3595855169,72304324,2.01076852659,9495138237,16806815219,0.56495761471,16,0,0,0,0,0,0,0,0,0,0,0
17,cn7185,face_allgatherv,communication,0.060122786,1,3719440433,73194596,1.96789267952,9735607570,16936491827,0.574830234587,806,0,0,0,0,0,0,0,1,1,75808,4859624
17,cn7185,face_global_merge,compute,0.077139969,1,3613989768,73204210,2.0255787841,9539549404,16975131767,0.561972038564,401,0,0,0,0,0,0,0,0,0,0,0
17,cn7185,part_face_create,compute,0.0185361819999,1,3600335088,72483215,2.01323524695,9505449057,16847291083,0.564212312245,2,0,0,0,0,0,0,0,0,0,0,0
17,cn7185,surface_refine,compute,0.0101977930001,1,3599645170,72472960,2.01333622003,9502867590,16828919734,0.564674841891,15,0,0,0,0,0,0,0,0,0,0,0
17,cn7185,refined_surface_save,io,0,0,0,0,0,0,0,0,0,0,0,0,0,0,0,0,0,0,0,0
17,cn7185,local_volume_mesh,compute,10.390340662,1,7524814342,140901471,1.87249099574,19469421319,36414149835,0.534666370277,6291,0,0,0,0,0,21960,970200,0,0,0,0
17,cn7185,volume_refine,compute,0.641559729,1,6146799637,112109713,1.82387127645,15564492650,29693304095,0.52417516758,4728,0,0,0,0,0,0,1,0,0,0,0
17,cn7185,refined_volume_save,io,0,0,0,0,0,0,0,0,0,0,0,0,0,0,0,0,0,0,0,0
17,cn7185,adjacency_build,compute,0.00390105099996,1,5936042226,103234704,1.73911673923,15165490360,28440691130,0.533232131761,4,0,0,0,0,0,0,0,0,0,0,0
17,cn7185,vertex_numbering_local,compute,0.0125557050001,1,5941608079,103346674,1.73937211317,15178917016,28459637135,0.533348930065,8,0,0,0,0,0,0,0,0,0,0,0
17,cn7185,vertex_count_allgather,communication,6.492412273,1,14565301589,151156624,1.0377857477,32207436953,42701378629,0.75424817622,138,0,0,0,0,0,0,6,1,1,4,256
17,cn7185,element_count_allgather,communication,0.00131265800019,1,5936852941,103210421,1.73847023037,15166911720,28434999746,0.533388846685,9,0,0,0,0,0,0,0,1,1,4,256
17,cn7185,vertex_exchange_prepare,compute,6.67409999551e-05,1,5935201797,103201136,1.73879742475,15163655256,28432216575,0.533326524719,31,0,0,0,0,0,0,0,0,0,0,0
17,cn7185,vertex_exchange,communication,0.00420897500021,1,5941291837,103236341,1.73760764211,15175605573,28440944716,0.533583034057,108,0,0,0,0,0,0,0,4,3,161832,85712
17,cn7185,vertex_exchange_unpack,compute,0.00183614399998,1,5935677916,103210260,1.738811665,15164781644,28435014699,0.533313655876,611,0,0,0,0,0,0,0,0,0,0,0
17,cn7185,partition_result_io,io,0,0,0,0,0,0,0,0,0,0,0,0,0,0,0,0,0,0,0,0
17,cn7185,volume_exchange_pack,compute,0.252838567,2,11986966016,209177571,1.74504182894,30652790029,57407174720,0.533953990568,2697,0,0,0,0,0,0,1,0,0,0,0
17,cn7185,volume_size_exchange,communication,0.0381152779999,1,5985159471,103612815,1.73116214367,15261468607,28515932710,0.535190932108,0,0,0,0,0,0,0,0,4,4,16,16
17,cn7185,volume_payload_prepare,compute,0.000312104000159,1,5935202381,103201009,1.73879511388,15163766214,28432457258,0.533325912579,68,0,0,0,0,0,0,0,0,0,0,0
17,cn7185,volume_payload_exchange,communication,0.00227781000012,1,5936334494,103219633,1.73877723879,15165958188,28435100871,0.533353416146,210,0,0,0,0,0,0,0,4,4,2629800,2633880
17,cn7185,volume_exchange_unpack,compute,0.155669115,1,6035202120,106587187,1.76609142297,15443828550,28739497632,0.537372947424,6031,0,0,0,0,0,0,0,0,0,0,0
17,cn7185,final_mesh_save,io,0,0,0,0,0,0,0,0,0,0,0,0,0,0,0,0,0,0,0,0
17,cn7185,testout_io,io,0,0,0,0,0,0,0,0,0,0,0,0,0,0,0,0,0,0,0,0
17,cn7185,final_count_exchange,communication,0,0,0,0,0,0,0,0,0,0,0,0,0,0,0,0,0,0,0,0
17,cn7185,quality_evaluation,postprocess,0,0,0,0,0,0,0,0,0,0,0,0,0,0,0,0,0,0,0,0
18,cn7186,geometry_load,io,1.725430406,1,1398685566,23980566,1.71450729048,3316954758,3735290711,0.888004445874,6105,0,1035180,0,0,0,2,2,0,0,0,0
18,cn7186,coarse_local_size,setup,0.462055639,1,266501496,6031619,2.26325896497,632420393,876230873,0.721750867822,8389,0,0,0,0,0,128,68,0,0,0,0
18,cn7186,coarse_edge_mesh,setup,0.012694921,1,6323348,168386,2.66292476707,12803137,25026652,0.511580094693,507,0,0,0,0,0,0,0,0,0,0,0
18,cn7186,coarse_surface_mesh,setup,8.091346173,1,5656485927,161419793,2.85371156374,15313258313,17532562510,0.873418150043,12231,0,0,0,0,0,0,12,0,0,0,0
18,cn7186,coarse_volume_mesh,setup,14.137832376,1,5291443072,126266817,2.3862454019,13407211027,21290118970,0.629738661672,21272,0,0,0,0,0,88037,2558205,0,0,0,0
18,cn7186,coarse_mesh_save,io,0,0,0,0,0,0,0,0,0,0,0,0,0,0,0,0,0,0,0,0
18,cn7186,submesh_initialization,setup,0.000120081999967,1,2054082296,39583177,1.92704922666,5691118282,8684785443,0.655297510727,1,0,0,0,0,0,0,0,0,0,0,0
18,cn7186,metis_partition,compute,0.16381767,1,2167817379,45667716,2.10662191578,5952368600,9043747984,0.658174974638,60,0,0,0,0,0,0,0,0,0,0,0
18,cn7186,face_map_setup,compute,0.00669471099991,1,2057116522,39647702,1.9273435207,5699014308,8699207963,0.655118757045,3,0,0,0,0,0,0,0,0,0,0,0
18,cn7186,face_local_extract,compute,0.151894368,1,2115092562,41719902,1.97248587365,5854315882,9017704702,0.649202438477,25,0,0,0,0,0,0,0,0,0,0,0
18,cn7186,face_pre_collective_wait,synchronization,0.040687614,1,2108558812,39579056,1.87706673273,5798623065,8773999752,0.660887078744,0,0,0,0,0,0,0,0,0,0,0,0
18,cn7186,face_collective_setup,compute,0.000109801999997,1,2054000062,39579651,1.92695471301,5690972347,8684687977,0.655288061249,15,0,0,0,0,0,0,0,0,0,0,0
18,cn7186,face_allgatherv,communication,0.0599557159999,1,2181529191,40034105,1.83513955097,5939328498,8815782897,0.673715377,41,0,0,0,0,0,0,0,1,1,75808,4859624
18,cn7186,face_global_merge,compute,0.0741535489999,1,2072213200,40537990,1.95626540744,5735383022,8847417907,0.64825501432,0,0,0,0,0,0,0,0,0,0,0,0
18,cn7186,part_face_create,compute,0.0177321219999,1,2058545349,39761363,1.93152718347,5701335688,8723247513,0.653579493131,2,0,0,0,0,0,0,1,0,0,0,0
18,cn7186,surface_refine,compute,0.01028892,1,2058310972,39757730,1.93157061984,5699891843,8707093655,0.654626224185,1,0,0,0,0,0,0,0,0,0,0,0
18,cn7186,refined_surface_save,io,0,0,0,0,0,0,0,0,0,0,0,0,0,0,0,0,0,0,0,0
18,cn7186,local_volume_mesh,compute,10.597154697,1,5358400173,109452463,2.04263323877,14440044912,23054885991,0.626333390572,2851,0,0,0,0,0,65695,2413319,0,0,0,0
18,cn7186,volume_refine,compute,0.654476539,1,5070571401,112414033,2.21698944971,13509134809,22322468674,0.605181040067,6018,0,0,0,0,0,0,2,0,0,0,0
18,cn7186,refined_volume_save,io,0,0,0,0,0,0,0,0,0,0,0,0,0,0,0,0,0,0,0,0
18,cn7186,adjacency_build,compute,0.00372222700003,1,4847824756,103149993,2.12775828731,13083078924,21044569382,0.62168432561,0,0,0,0,0,0,0,0,0,0,0,0
18,cn7186,vertex_numbering_local,compute,0.0142842199998,1,4854470115,103309199,2.12812514142,13099059925,21067663351,0.621761403093,2,0,0,0,0,0,0,0,0,0,0,0
18,cn7186,vertex_count_allgather,communication,6.275373505,1,13291600501,103130637,0.775908341454,29782401694,34829299491,0.855096201452,80,0,0,0,0,0,0,6,1,1,4,256
18,cn7186,element_count_allgather,communication,0.00131517600016,1,4848622074,103115728,2.12670169847,13084452059,21039208222,0.621908007228,5,0,0,0,0,0,0,0,1,1,4,256
18,cn7186,vertex_exchange_prepare,compute,7.26610001038e-05,1,4846958093,103115627,2.12742972028,13081171726,21036466375,0.621833129805,37,0,0,0,0,0,0,0,0,0,0,0
18,cn7186,vertex_exchange,communication,0.00271905399995,1,4851287659,103142618,2.12608744832,13089868659,21041934915,0.622084837344,98,0,0,0,0,0,0,0,6,4,170544,116468
18,cn7186,vertex_exchange_unpack,compute,0.00200696499996,1,4847607020,103127981,2.12739977838,13082715456,21040063201,0.621800197605,381,0,0,0,0,0,0,0,0,0,0,0
18,cn7186,partition_result_io,io,0,0,0,0,0,0,0,0,0,0,0,0,0,0,0,0,0,0,0,0
18,cn7186,volume_exchange_pack,compute,0.261139076,2,9816003031,208991839,2.12909305692,26501625499,42609779238,0.621961107824,2135,0,0,0,0,0,0,0,0,0,0,0
18,cn7186,volume_size_exchange,communication,0.03102261,1,4887797754,103116426,2.10967047308,13162001808,21104531351,0.623657620683,1,0,0,0,0,0,0,0,6,6,24,24
18,cn7186,volume_payload_prepare,compute,0.000394525000047,1,4846959146,103115485,2.12742632842,13081284553,21036704195,0.62183146332,102,0,0,0,0,0,0,0,0,0,0,0
18,cn7186,volume_payload_exchange,communication,0.00225026899989,1,4847247617,103128100,2.12755997111,13081902655,21038182788,0.621817140141,366,0,0,0,0,0,0,0,6,6,3043440,3042960
18,cn7186,volume_exchange_unpack,compute,0.165475496,1,4953123387,106593933,2.15205486865,13377891459,21363018638,0.626217281635,6313,0,0,0,0,0,0,1,0,0,0,0
18,cn7186,final_mesh_save,io,0,0,0,0,0,0,0,0,0,0,0,0,0,0,0,0,0,0,0,0
18,cn7186,testout_io,io,0,0,0,0,0,0,0,0,0,0,0,0,0,0,0,0,0,0,0,0
18,cn7186,final_count_exchange,communication,0,0,0,0,0,0,0,0,0,0,0,0,0,0,0,0,0,0,0,0
18,cn7186,quality_evaluation,postprocess,0,0,0,0,0,0,0,0,0,0,0,0,0,0,0,0,0,0,0,0
19,cn7187,geometry_load,io,1.753486327,1,1407726603,24124794,1.71374142881,3315489262,3800206387,0.872449789396,5962,0,1035180,0,0,0,2,1,0,0,0,0
19,cn7187,coarse_local_size,setup,0.45709334,1,268042288,6379163,2.37990917314,632886043,881154744,0.718246196039,7898,0,0,0,0,0,109,63,0,0,0,0
19,cn7187,coarse_edge_mesh,setup,0.0126060379998,1,6267308,168717,2.69201705102,12808119,24822562,0.515986987967,487,0,0,0,0,0,0,0,0,0,0,0
19,cn7187,coarse_surface_mesh,setup,8.178773984,1,5665170119,161602855,2.852568442,15313143063,17749233440,0.862749544354,15753,0,0,0,0,0,0,11,0,0,0,0
19,cn7187,coarse_volume_mesh,setup,14.195307204,1,5293761933,128336556,2.42429783629,13395603124,21325459170,0.628150747762,23360,0,0,0,0,0,85937,2592895,0,0,0,0
19,cn7187,coarse_mesh_save,io,0,0,0,0,0,0,0,0,0,0,0,0,0,0,0,0,0,0,0,0
19,cn7187,submesh_initialization,setup,0.000127980999878,1,4283517762,104259257,2.43396345697,10639060447,16749236924,0.635196725396,1,0,0,0,0,0,0,0,0,0,0,0
19,cn7187,metis_partition,compute,0.163430145,1,4397249925,110351115,2.50954839689,10900339225,17107370768,0.637172092242,54,0,0,0,0,0,0,0,0,0,0,0
19,cn7187,face_map_setup,compute,0.00668318299995,1,4286565585,104324206,2.43374804214,10646950380,16763631424,0.635121956019,3,0,0,0,0,0,0,0,0,0,0,0
19,cn7187,face_local_extract,compute,0.160733772,1,4344505377,106396756,2.44899584112,10802258718,17099761553,0.631719845012,745,0,0,0,0,0,0,0,0,0,0,0
19,cn7187,face_pre_collective_wait,synchronization,0.0322671240001,1,4327357187,104255030,2.40920787203,10725470629,16819928684,0.63766445331,0,0,0,0,0,0,0,0,0,0,0,0
19,cn7187,face_collective_setup,compute,0.000109200999987,1,4283435760,104255665,2.4339261948,10638914746,16749121763,0.635192393759,13,0,0,0,0,0,0,0,0,0,0,0
19,cn7187,face_allgatherv,communication,0.0598457890001,1,4409256858,104835340,2.37761925368,10883836136,16878571050,0.644831609486,664,0,0,0,0,0,0,0,1,1,75808,4859624
19,cn7187,face_global_merge,compute,0.0735156210001,1,4301604077,105129299,2.44395572252,10683326607,16910208473,0.631767882936,58,0,0,0,0,0,0,0,0,0,0,0
19,cn7187,part_face_create,compute,0.017631361,1,4287945881,104432239,2.43548407322,10649389263,16787607838,0.634360140275,2,0,0,0,0,0,0,0,0,0,0,0
19,cn7187,surface_refine,compute,0.014963907,1,4289328823,104501122,2.43630475331,10650998120,16781681174,0.634680042456,47,0,0,0,0,0,0,0,0,0,0,0
19,cn7187,refined_surface_save,io,0,0,0,0,0,0,0,0,0,0,0,0,0,0,0,0,0,0,0,0
19,cn7187,local_volume_mesh,compute,11.434796535,1,7952771119,191924082,2.41329819667,20444702520,32974749116,0.620010858857,3629,0,0,0,0,0,66619,2415121,0,0,0,0
19,cn7187,volume_refine,compute,0.778792427,1,6395968670,146260945,2.28676768987,16066307059,25845955794,0.621617834026,5545,0,0,0,0,0,0,1,0,0,0,0
19,cn7187,refined_volume_save,io,0,0,0,0,0,0,0,0,0,0,0,0,0,0,0,0,0,0,0,0
19,cn7187,adjacency_build,compute,0.00368702599985,1,6113501033,134570965,2.20120949148,15530074013,24311843461,0.638786360973,0,0,0,0,0,0,0,0,0,0,0,0
19,cn7187,vertex_numbering_local,compute,0.0160614209999,1,6119927361,134682149,2.20071482969,15545497411,24338643680,0.63871666866,43,0,0,0,0,0,0,0,0,0,0,0
19,cn7187,vertex_count_allgather,communication,5.307895532,1,13237125938,134549540,1.01645584268,29569436395,35971775484,0.822017706859,63,0,0,0,0,0,0,5,1,1,4,256
19,cn7187,element_count_allgather,communication,0.00067234800008,1,6113460138,134536506,2.20066055823,15529765358,24305210650,0.638947984514,0,0,0,0,0,0,0,0,1,1,4,256
19,cn7187,vertex_exchange_prepare,compute,0.000117501999966,1,6112607039,134536293,2.2009642063,15528091867,24303770610,0.638916986017,30,0,0,0,0,0,0,0,0,0,0,0
19,cn7187,vertex_exchange,communication,0.00286251599982,1,6116648036,134571422,2.20008444507,15536307635,24309648295,0.639100469347,33,0,0,0,0,0,0,0,6,3,141108,113608
19,cn7187,vertex_exchange_unpack,compute,0.00157369900012,1,6113247234,134548608,2.20093516342,15529625171,24307191506,0.638890147682,0,0,0,0,0,0,0,0,0,0,0,0
19,cn7187,partition_result_io,io,0,0,0,0,0,0,0,0,0,0,0,0,0,0,0,0,0,0,0,0
19,cn7187,volume_exchange_pack,compute,0.250984843,2,12358985667,271860157,2.19969635312,31430900604,49151169152,0.639474119258,928,0,0,0,0,0,0,0,0,0,0,0
19,cn7187,volume_size_exchange,communication,0.024093042,1,6145203305,134540217,2.18935339195,15592377900,24356663482,0.640168876641,1,0,0,0,0,0,0,0,6,6,24,24
19,cn7187,volume_payload_prepare,compute,0.000317563999943,1,6112608283,134536424,2.20096590148,15528135041,24303886081,0.638915726861,102,0,0,0,0,0,0,0,0,0,0,0
19,cn7187,volume_payload_exchange,communication,0.0188410759999,1,6135222229,134549316,2.19306344543,15572801027,24341506113,0.639763248614,537,0,0,0,0,0,0,0,6,6,2715840,2694120
19,cn7187,volume_exchange_unpack,compute,0.17976471,1,6236080841,137026680,2.19732045645,15869812511,24659021246,0.643570251742,6453,0,0,0,0,0,0,0,0,0,0,0
19,cn7187,final_mesh_save,io,0,0,0,0,0,0,0,0,0,0,0,0,0,0,0,0,0,0,0,0
19,cn7187,testout_io,io,0,0,0,0,0,0,0,0,0,0,0,0,0,0,0,0,0,0,0,0
19,cn7187,final_count_exchange,communication,0,0,0,0,0,0,0,0,0,0,0,0,0,0,0,0,0,0,0,0
19,cn7187,quality_evaluation,postprocess,0,0,0,0,0,0,0,0,0,0,0,0,0,0,0,0,0,0,0,0
20,cn7188,geometry_load,io,1.745156023,1,1403807374,24726438,1.76138396606,3315795925,3778322124,0.877584233472,5963,0,1035180,0,0,0,2,2,0,0,0,0
20,cn7188,coarse_local_size,setup,0.463777571,1,267431345,6246208,2.33563047742,631978528,882254866,0.716321952255,8415,0,0,0,0,0,85,22,0,0,0,0
20,cn7188,coarse_edge_mesh,setup,0.012547002,1,6320442,159807,2.52841494313,12795430,24628748,0.519532296161,523,0,0,0,0,0,0,0,0,0,0,0
20,cn7188,coarse_surface_mesh,setup,8.241584257,1,5669983786,161256421,2.84403672191,15311624402,17867894556,0.856935010111,15895,0,0,0,0,0,0,10,0,0,0,0
20,cn7188,coarse_volume_mesh,setup,13.50929044,1,5563171799,125326625,2.25279084537,13934657395,23647387922,0.589268355599,23604,0,0,0,0,0,40101,1729478,0,0,0,0
20,cn7188,coarse_mesh_save,io,0,0,0,0,0,0,0,0,0,0,0,0,0,0,0,0,0,0,0,0
20,cn7188,submesh_initialization,setup,0.000128761000042,1,3238084010,65224731,2.01430014782,8595745827,14815568490,0.580183327613,4,0,0,0,0,0,0,0,0,0,0,0
20,cn7188,metis_partition,compute,0.164655247,1,3352516146,71319797,2.12735133536,8857088510,15176296476,0.583613302758,102,0,0,0,0,0,0,0,0,0,0,0
20,cn7188,face_map_setup,compute,0.00695560999998,1,3241118110,65291244,2.01446666811,8603635953,14830087372,0.580147354306,263,0,0,0,0,0,0,0,0,0,0,0
20,cn7188,face_local_extract,compute,0.157448214,1,3299120751,67390322,2.04267521823,8758938975,15158284128,0.577831824568,388,0,0,0,0,0,0,1,0,0,0,0
20,cn7188,face_pre_collective_wait,synchronization,0.0340135590002,1,3283764002,65220704,1.98615686025,8685979702,14890058115,0.583340886578,12,0,0,0,0,0,0,0,0,0,0,0
20,cn7188,face_collective_setup,compute,0.000110862000156,1,3238003534,65221273,2.0142434162,8595599986,14815468835,0.580177386334,14,0,0,0,0,0,0,0,0,0,0,0
20,cn7188,face_allgatherv,communication,0.059744252,1,3363295404,65655019,1.95210384797,8839453261,14943844204,0.59151133673,1142,0,0,0,0,0,0,0,1,1,75808,4859624
20,cn7188,face_global_merge,compute,0.074256759,1,3256232781,66085562,2.02950975697,8640010443,14977868272,0.576851811359,140,0,0,0,0,0,0,0,0,0,0,0
20,cn7188,part_face_create,compute,0.0180054720001,1,3242557433,65400321,2.01693639516,8606180448,14854748403,0.579355517476,2,0,0,0,0,0,0,0,0,0,0,0
20,cn7188,surface_refine,compute,0.0167360969999,1,3244973650,65501391,2.01854924153,8609847883,14851867129,0.579714847178,48,0,0,0,0,0,0,0,0,0,0,0
20,cn7188,refined_surface_save,io,0,0,0,0,0,0,0,0,0,0,0,0,0,0,0,0,0,0,0,0
20,cn7188,local_volume_mesh,compute,13.026467863,1,8496653226,176988184,2.08303409934,22466772220,39780448379,0.564769205363,5798,0,0,0,0,0,18833,1151687,0,0,0,0
20,cn7188,volume_refine,compute,0.954966475,1,6553081569,129200382,1.97159734149,16857790079,29912380916,0.563572325665,5020,0,0,0,0,0,0,1,0,0,0,0
20,cn7188,refined_volume_save,io,0,0,0,0,0,0,0,0,0,0,0,0,0,0,0,0,0,0,0,0
20,cn7188,adjacency_build,compute,0.00372114800007,1,6197094883,116033933,1.87239239016,16159188208,27992070217,0.577277353291,0,0,0,0,0,0,0,0,0,0,0,0
20,cn7188,vertex_numbering_local,compute,0.016850918,1,6203154347,116168100,1.87272625348,16173560742,28020818032,0.577198021968,2,0,0,0,0,0,0,0,0,0,0,0
20,cn7188,vertex_count_allgather,communication,3.536365019,1,11010800028,116008150,1.05358511375,25659802151,35758582512,0.717584432839,27,0,0,0,0,0,0,3,1,1,4,256
20,cn7188,element_count_allgather,communication,5.14210000802e-05,1,6196232001,116000343,1.87211103428,16157240444,27983995999,0.577374312253,0,0,0,0,0,0,0,0,1,1,4,256
20,cn7188,vertex_exchange_prepare,compute,2.22399999075e-05,1,6196228024,116000149,1.87210910494,16157241284,27983940414,0.577375489119,0,0,0,0,0,0,0,0,0,0,0,0
20,cn7188,vertex_exchange,communication,0.00231514999996,1,6199410820,116044196,1.87185846154,16163650108,27988620651,0.577507920435,26,0,0,0,0,0,0,0,5,5,99990,113542
20,cn7188,vertex_exchange_unpack,compute,0.00159226100004,1,6196867057,116012045,1.87210801737,16158771776,27987385478,0.57735910304,0,0,0,0,0,0,0,0,0,0,0,0
20,cn7188,partition_result_io,io,0,0,0,0,0,0,0,0,0,0,0,0,0,0,0,0,0,0,0,0
20,cn7188,volume_exchange_pack,compute,0.290679756,2,12578132180,234583144,1.8650077821,32841994722,56599506332,0.580252317562,590,0,0,0,0,0,0,1,0,0,0,0
20,cn7188,volume_size_exchange,communication,4.06210001529e-05,1,6196232106,116000331,1.87211080888,16157241774,27983971599,0.577374863208,0,0,0,0,0,0,0,0,6,6,24,24
20,cn7188,volume_payload_prepare,compute,0.000423146000003,1,6196228674,116000255,1.87211061927,16157321579,27984133257,0.577374379639,132,0,0,0,0,0,0,0,0,0,0,0
20,cn7188,volume_payload_exchange,communication,0.0120575760002,1,6210414753,116012109,1.86802514186,16185360435,28008361152,0.577876025918,214,0,0,0,0,0,0,0,6,6,2255400,2263920
20,cn7188,volume_exchange_unpack,compute,0.2229568,1,6350825891,119045285,1.87448509915,16593075315,28418024762,0.583892633424,9898,0,0,0,0,0,0,0,0,0,0,0
20,cn7188,final_mesh_save,io,0,0,0,0,0,0,0,0,0,0,0,0,0,0,0,0,0,0,0,0
20,cn7188,testout_io,io,0,0,0,0,0,0,0,0,0,0,0,0,0,0,0,0,0,0,0,0
20,cn7188,final_count_exchange,communication,0,0,0,0,0,0,0,0,0,0,0,0,0,0,0,0,0,0,0,0
20,cn7188,quality_evaluation,postprocess,0,0,0,0,0,0,0,0,0,0,0,0,0,0,0,0,0,0,0,0
21,cn7189,geometry_load,io,1.734365553,1,1401524002,24947912,1.78005599365,3315754796,3755354254,0.882940615381,5961,0,1035180,0,0,0,2,4,0,0,0,0
21,cn7189,coarse_local_size,setup,0.461423417,1,266499479,6185124,2.32087658228,631988378,876126357,0.721343871179,8504,0,0,0,0,0,114,44,0,0,0,0
21,cn7189,coarse_edge_mesh,setup,0.012527916,1,6267832,168140,2.68258625949,12798702,24644008,0.519343363304,517,0,0,0,0,0,0,0,0,0,0,0
21,cn7189,coarse_surface_mesh,setup,8.215523504,1,5671116046,163692171,2.88641899888,15311851109,17931810232,0.853893216072,17192,0,0,0,0,0,0,19,0,0,0,0
21,cn7189,coarse_volume_mesh,setup,14.314913836,1,5293319991,124962536,2.3607591495,13381552061,21325936494,0.627477816262,31654,0,0,0,0,0,83200,2788940,0,0,0,0
21,cn7189,coarse_mesh_save,io,0,0,0,0,0,0,0,0,0,0,0,0,0,0,0,0,0,0,0,0
21,cn7189,submesh_initialization,setup,0.000131622000026,1,3172459276,59355629,1.87096582922,8753630119,13319098873,0.657223900991,3,0,0,0,0,0,0,0,0,0,0,0
21,cn7189,metis_partition,compute,0.173149701,1,3286773662,65438934,1.99097780162,9014854282,13697498533,0.658138729512,352,0,0,0,0,0,0,0,0,0,0,0
21,cn7189,face_map_setup,compute,0.00731705999988,1,3175486159,59421012,1.87124141075,8761520871,13334443704,0.657059346868,220,0,0,0,0,0,0,0,0,0,0,0
21,cn7189,face_local_extract,compute,0.158595321,1,3233537619,61512825,1.90233831326,8916829226,13664936920,0.652533508073,732,0,0,0,0,0,0,0,0,0,0,0
21,cn7189,face_pre_collective_wait,synchronization,0.0240381439999,1,3203001912,59604551,1.86089651638,8813583521,13371532924,0.659130375784,0,0,0,0,0,0,0,1,0,0,0,0
21,cn7189,face_collective_setup,compute,0.000114920999977,1,3172376517,59352212,1.87090692678,8753484318,13318991869,0.65721823424,16,0,0,0,0,0,0,0,0,0,0,0
21,cn7189,face_allgatherv,communication,0.059638595,1,3294877858,59888409,1.81762151986,8991064312,13446922593,0.668633603698,1148,0,0,0,0,0,0,0,1,1,75808,4859624
21,cn7189,face_global_merge,compute,0.0788105660001,1,3190553565,60246643,1.88828182234,8797896356,13490448422,0.652157443607,561,0,0,0,0,0,0,0,0,0,0,0
21,cn7189,part_face_create,compute,0.018980628,1,3177022114,59526972,1.87367194385,8763959205,13360413037,0.655964690667,2,0,0,0,0,0,0,0,0,0,0,0
21,cn7189,surface_refine,compute,0.0161292770001,1,3178333898,59608852,1.87547482149,8765485847,13353920309,0.656397944886,51,0,0,0,0,0,0,0,0,0,0,0
21,cn7189,refined_surface_save,io,0,0,0,0,0,0,0,0,0,0,0,0,0,0,0,0,0,0,0,0
21,cn7189,local_volume_mesh,compute,12.259017618,1,7334950843,151401492,2.06411052017,19992939534,31525755462,0.634177967855,7964,0,0,0,0,0,61430,2532797,0,0,0,0
21,cn7189,volume_refine,compute,0.898871268,1,6048376562,114713548,1.89660063034,16077831622,25258403330,0.636533965031,7996,0,0,0,0,0,0,1,0,0,0,0
21,cn7189,refined_volume_save,io,0,0,0,0,0,0,0,0,0,0,0,0,0,0,0,0,0,0,0,0
21,cn7189,adjacency_build,compute,0.00411320500007,1,5739566992,103053030,1.79548440054,15488988137,23466817856,0.660037855667,6,0,0,0,0,0,0,0,0,0,0,0
21,cn7189,vertex_numbering_local,compute,0.0159225739999,1,5745282320,103169335,1.79572263387,15502603413,23492194249,0.659904445225,82,0,0,0,0,0,0,0,0,0,0,0
21,cn7189,vertex_count_allgather,communication,4.355304632,1,11355880039,134007962,1.18007553391,26531977775,33028501332,0.803305530224,143,0,0,0,0,0,0,4,1,1,4,256
21,cn7189,element_count_allgather,communication,0.00111619300014,1,5740029879,103026620,1.79487950711,15489676958,23460274942,0.660251296982,13,0,0,0,0,0,0,0,1,1,4,256
21,cn7189,vertex_exchange_prepare,compute,0.000164741999924,1,5738679260,103018930,1.79516793556,15487026455,23457934030,0.660204195101,44,0,0,0,0,0,0,0,0,0,0,0
21,cn7189,vertex_exchange,communication,0.00328801599994,1,5743274336,103054031,1.79434282556,15496145822,23464539810,0.660406977826,92,0,0,0,0,0,0,0,2,5,75988,144716
21,cn7189,vertex_exchange_unpack,compute,0.00302793299988,1,5739499622,103034761,1.79518717285,15488972752,23462756298,0.660151456857,954,0,0,0,0,0,0,0,0,0,0,0
21,cn7189,partition_result_io,io,0,0,0,0,0,0,0,0,0,0,0,0,0,0,0,0,0,0,0,0
21,cn7189,volume_exchange_pack,compute,0.272143987,2,11635639693,208268579,1.78991945862,31420706213,47501492755,0.661467764288,2640,0,0,0,0,0,0,1,0,0,0,0
21,cn7189,volume_size_exchange,communication,0.0176970940001,1,5761453879,103145537,1.79026924742,15532147844,23496734568,0.661034315175,0,0,0,0,0,0,0,0,5,5,20,20
21,cn7189,volume_payload_prepare,compute,0.000309583999979,1,5738679602,103019017,1.7951693446,15487071392,23458021927,0.660203636956,102,0,0,0,0,0,0,0,0,0,0,0
21,cn7189,volume_payload_exchange,communication,0.0120318919999,1,5751545855,103101852,1.79259375826,15512550896,23481096345,0.66063997473,460,0,0,0,0,0,0,0,5,5,2351520,2361240
21,cn7189,volume_exchange_unpack,compute,0.191945888,1,5872297741,105542499,1.79729474994,15861824241,23831462609,0.665583329955,8368,0,0,0,0,0,0,0,0,0,0,0
21,cn7189,final_mesh_save,io,0,0,0,0,0,0,0,0,0,0,0,0,0,0,0,0,0,0,0,0
21,cn7189,testout_io,io,0,0,0,0,0,0,0,0,0,0,0,0,0,0,0,0,0,0,0,0
21,cn7189,final_count_exchange,communication,0,0,0,0,0,0,0,0,0,0,0,0,0,0,0,0,0,0,0,0
21,cn7189,quality_evaluation,postprocess,0,0,0,0,0,0,0,0,0,0,0,0,0,0,0,0,0,0,0,0
22,cn7190,geometry_load,io,1.737737282,1,1403176165,22884862,1.63093291996,3315178289,3762638677,0.881078034217,5962,0,1035180,0,0,0,2,2,0,0,0,0
22,cn7190,coarse_local_size,setup,0.466338953,1,268019122,6173332,2.30331774611,632512509,882122773,0.717034553874,8376,0,0,0,0,0,132,70,0,0,0,0
22,cn7190,coarse_edge_mesh,setup,0.0125507520002,1,6296177,161323,2.56223737039,12805613,24755190,0.517290030899,506,0,0,0,0,0,0,0,0,0,0,0
22,cn7190,coarse_surface_mesh,setup,8.105779441,1,5658444087,163247095,2.88501737386,15311765258,17629776982,0.868517240668,13568,0,0,0,0,0,0,10,0,0,0,0
22,cn7190,coarse_volume_mesh,setup,14.255765809,1,5318939585,127649820,2.39991107175,13471486959,21455083366,0.627892547849,21327,0,0,0,0,0,81911,2726337,0,0,0,0
22,cn7190,coarse_mesh_save,io,0,0,0,0,0,0,0,0,0,0,0,0,0,0,0,0,0,0,0,0
22,cn7190,submesh_initialization,setup,0.000127561999989,1,3106902686,63774174,2.05266081514,8437932593,13050811096,0.646544688367,1,0,0,0,0,0,0,0,0,0,0,0
22,cn7190,metis_partition,compute,0.164960902,1,3221000464,69888656,2.16978099759,8699176742,13412248197,0.648599445389,58,0,0,0,0,0,0,0,0,0,0,0
22,cn7190,face_map_setup,compute,0.00671113199996,1,3109946978,63841459,2.05281503034,8445823001,13065303576,0.646431439719,3,0,0,0,0,0,0,0,0,0,0,0
22,cn7190,face_local_extract,compute,0.15246779,1,3167907645,65917254,2.08078206144,8601131644,13385023064,0.642593711111,24,0,0,0,0,0,0,0,0,0,0,0
22,cn7190,face_pre_collective_wait,synchronization,0.0388943130001,1,3159568808,63770069,2.01831556377,8538249021,13136066024,0.649985239523,0,0,0,0,0,0,0,0,0,0,0,0
22,cn7190,face_collective_setup,compute,0.000113580999823,1,3106822781,63770719,2.05260240108,8437786741,13050703612,0.646538837434,15,0,0,0,0,0,0,0,0,0,0,0
22,cn7190,face_allgatherv,communication,0.059508475,1,3233775454,64231820,1.98627953343,8684888245,13180698398,0.658909564786,37,0,0,0,0,0,0,1,1,1,75808,4859624
22,cn7190,face_global_merge,compute,0.0731276220001,1,3124942686,64654281,2.06897493799,8482198449,13211186389,0.642046686743,0,0,0,0,0,0,0,0,0,0,0,0
22,cn7190,part_face_create,compute,0.017707403,1,3111364474,63951997,2.05543251311,8448309268,13089360255,0.645433321676,2,0,0,0,0,0,0,0,0,0,0,0
22,cn7190,surface_refine,compute,0.0156531739999,1,3113144771,64035857,2.05695082338,8450769714,13084881406,0.645842285596,1,0,0,0,0,0,0,0,0,0,0,0
22,cn7190,refined_surface_save,io,0,0,0,0,0,0,0,0,0,0,0,0,0,0,0,0,0,0,0,0
22,cn7190,local_volume_mesh,compute,11.532763481,1,7026846222,151002229,2.14893316617,18891195671,29650929214,0.637119853299,4801,0,0,0,0,0,66221,2429265,0,0,0,0
22,cn7190,volume_refine,compute,0.924797477,1,7070180501,160364083,2.26817523226,18744003866,30346115237,0.61767391706,6624,0,0,0,0,0,0,1,0,0,0,0
22,cn7190,refined_volume_save,io,0,0,0,0,0,0,0,0,0,0,0,0,0,0,0,0,0,0,0,0
22,cn7190,adjacency_build,compute,0.00363850999997,1,6733867326,147557617,2.19127597644,18103410046,28492984460,0.635363770735,0,0,0,0,0,0,0,0,0,0,0,0
22,cn7190,vertex_numbering_local,compute,0.0167492099999,1,6739749862,147669233,2.1910194892,18117662587,28519158232,0.635280411842,485,0,0,0,0,0,0,0,0,0,0,0
22,cn7190,vertex_count_allgather,communication,5.063106349,1,13600395629,185345412,1.36279426758,31581823659,39613718657,0.797244609436,110,0,0,0,0,0,0,5,1,1,4,256
22,cn7190,element_count_allgather,communication,0.00109089500006,1,6734378041,147530933,2.1907135611,18104108580,28487352683,0.635513899149,5,0,0,0,0,0,0,0,1,1,4,256
22,cn7190,vertex_exchange_prepare,compute,0.000182622000011,1,6732990325,147523345,2.19105238355,18101473030,28485044263,0.635472877025,39,0,0,0,0,0,0,0,0,0,0,0
22,cn7190,vertex_exchange,communication,0.00336866600014,1,6737709206,147548431,2.18989016131,18110965463,28491990846,0.635651104933,70,0,0,0,0,0,0,0,4,4,87032,137104
22,cn7190,vertex_exchange_unpack,compute,0.00228591199993,1,6733770292,147537905,2.19101481937,18103337121,28489350115,0.63544226344,344,0,0,0,0,0,0,0,0,0,0,0
22,cn7190,partition_result_io,io,0,0,0,0,0,0,0,0,0,0,0,0,0,0,0,0,0,0,0,0
22,cn7190,volume_exchange_pack,compute,0.28957567,2,13633118400,297375183,2.18127044947,36676029972,57597535905,0.636763871852,1553,0,0,0,0,0,0,0,0,0,0,0
22,cn7190,volume_size_exchange,communication,0.0108180889999,1,6747698666,147523530,2.18627916423,18130449087,28508739850,0.635961083597,0,0,0,0,0,0,0,0,5,5,20,20
22,cn7190,volume_payload_prepare,compute,0.000304584000105,1,6732990758,147523380,2.19105276247,18101510363,28485120131,0.635472495105,102,0,0,0,0,0,0,0,0,0,0,0
22,cn7190,volume_payload_exchange,communication,0.019244224,1,6756263956,147535856,2.18368993516,18147487524,28523896326,0.63622049795,489,0,0,0,0,0,0,1,5,5,2387280,2391120
22,cn7190,volume_exchange_unpack,compute,0.20428796,1,6875591998,150402830,2.18748916521,18501050342,28881758408,0.640579083886,9156,0,0,0,0,0,0,0,0,0,0,0
22,cn7190,final_mesh_save,io,0,0,0,0,0,0,0,0,0,0,0,0,0,0,0,0,0,0,0,0
22,cn7190,testout_io,io,0,0,0,0,0,0,0,0,0,0,0,0,0,0,0,0,0,0,0,0
22,cn7190,final_count_exchange,communication,0,0,0,0,0,0,0,0,0,0,0,0,0,0,0,0,0,0,0,0
22,cn7190,quality_evaluation,postprocess,0,0,0,0,0,0,0,0,0,0,0,0,0,0,0,0,0,0,0,0
23,cn7191,geometry_load,io,1.714257389,1,1394389302,25741615,1.84608523338,3317356460,3712239253,0.893626793402,6106,0,1035180,0,0,0,2,2,0,0,0,0
23,cn7191,coarse_local_size,setup,0.461434736,1,266335299,6395148,2.40116425574,632259501,875151853,0.722456907144,8429,0,0,0,0,0,120,51,0,0,0,0
23,cn7191,coarse_edge_mesh,setup,0.012670201,1,6293628,180156,2.86251427634,12808482,24927184,0.513835898993,516,0,0,0,0,0,0,0,0,0,0,0
23,cn7191,coarse_surface_mesh,setup,8.205834952,1,5671164111,165282297,2.91443332912,15310743622,17912768790,0.854739085928,17471,0,0,0,0,0,0,15,0,0,0,0
23,cn7191,coarse_volume_mesh,setup,14.404205846,1,5334097961,125167320,2.34655083043,13463235944,21648117779,0.621912541379,32217,0,0,0,0,0,82424,2854976,0,0,0,0
23,cn7191,coarse_mesh_save,io,0,0,0,0,0,0,0,0,0,0,0,0,0,0,0,0,0,0,0,0
23,cn7191,submesh_initialization,setup,0.000121521999972,1,4277535113,107663788,2.51695860246,10541000833,17263623212,0.610590297503,1,0,0,0,0,0,0,0,0,0,0,0
23,cn7191,metis_partition,compute,0.171545622,1,4391521402,113695297,2.58897285456,10802322958,17638815455,0.612417709429,305,0,0,0,0,0,0,0,0,0,0,0
23,cn7191,face_map_setup,compute,0.00735654100004,1,4280597589,107729703,2.51669774512,10548887991,17279016352,0.610502807342,227,0,0,0,0,0,0,0,0,0,0,0
23,cn7191,face_local_extract,compute,0.157524627,1,4338598117,109817371,2.53117177573,10704198914,17607325971,0.607940066063,610,0,0,0,0,0,0,0,0,0,0,0
23,cn7191,face_pre_collective_wait,synchronization,0.026571975,1,4310467477,108110811,2.50809944807,10605727108,17321784640,0.612276813759,0,0,0,0,0,0,0,0,0,0,0,0
23,cn7191,face_collective_setup,compute,0.000116820999892,1,4277455104,107660339,2.51692504965,10540855028,17263526419,0.610585275115,15,0,0,0,0,0,0,0,0,0,0,0
23,cn7191,face_allgatherv,communication,0.0594049390002,1,4401155025,108285682,2.4603923603,10781629187,17391726498,0.619928630331,837,0,0,0,0,0,0,0,1,1,75808,4859624
23,cn7191,face_global_merge,compute,0.0770680149999,1,4295735306,108538698,2.52666168347,10585266810,17432054847,0.607230008333,252,0,0,0,0,0,0,0,0,0,0,0
23,cn7191,part_face_create,compute,0.018613126,1,4281971389,107837294,2.51840295517,10551264217,17304128368,0.609754157656,2,0,0,0,0,0,0,0,0,0,0,0
23,cn7191,surface_refine,compute,0.0124272780001,1,4282464738,107850237,2.51841506231,10551218435,17290386736,0.610236115369,4,0,0,0,0,0,0,1,0,0,0,0
23,cn7191,refined_surface_save,io,0,0,0,0,0,0,0,0,0,0,0,0,0,0,0,0,0,0,0,0
23,cn7191,local_volume_mesh,compute,11.754441603,1,8283622574,197110718,2.3795231644,21378783628,34526077708,0.619206844427,5062,0,0,0,0,0,59105,2441108,0,0,0,0
23,cn7191,volume_refine,compute,0.818103072,1,8268671473,203301192,2.45869233847,21093559852,34987276673,0.602892304227,5912,0,0,0,0,0,0,1,0,0,0,0
23,cn7191,refined_volume_save,io,0,0,0,0,0,0,0,0,0,0,0,0,0,0,0,0,0,0,0,0
23,cn7191,adjacency_build,compute,0.0039163429999,1,7984278044,192871066,2.41563563965,20553090477,33349819833,0.616287901402,6,0,0,0,0,0,0,0,0,0,0,0
23,cn7191,vertex_numbering_local,compute,0.0133540480001,1,7989102474,192955041,2.41522801376,20564648561,33370576214,0.616250928037,3,0,0,0,0,0,0,0,0,0,0,0
23,cn7191,vertex_count_allgather,communication,4.949360763,1,14382571488,237758260,1.6530997965,33141110880,44220567246,0.749450152813,25,0,0,0,0,0,0,8,1,1,4,256
23,cn7191,element_count_allgather,communication,0.00136845499992,1,7985125712,192848905,2.41510167724,20554556986,33344308780,0.616433740511,0,0,0,0,0,0,0,0,1,1,4,256
23,cn7191,vertex_exchange_prepare,compute,2.78800000615e-05,1,7983423170,192836173,2.41545724051,20551217376,33341360357,0.616388088427,0,0,0,0,0,0,0,0,0,0,0,0
23,cn7191,vertex_exchange,communication,0.00323875499998,1,7988023693,192864594,2.41442190725,20560515205,33348195249,0.616540566933,15,0,0,0,0,0,0,0,0,6,0,189222
23,cn7191,vertex_exchange_unpack,compute,0.00266370999998,1,7984475153,192855523,2.41538134072,20553738685,33347157147,0.616356548608,0,0,0,0,0,0,0,0,0,0,0,0
23,cn7191,partition_result_io,io,0,0,0,0,0,0,0,0,0,0,0,0,0,0,0,0,0,0,0,0
23,cn7191,volume_exchange_pack,compute,0.252721922,2,16114404662,387768524,2.40634719143,41521322194,67234193886,0.617562579309,428,0,0,0,0,0,0,0,0,0,0,0
23,cn7191,volume_size_exchange,communication,0.0480109719999,1,8045141028,193350814,2.40332410988,20673451037,33446763160,0.61810020115,3,0,0,0,0,0,0,0,5,5,20,20
23,cn7191,volume_payload_prepare,compute,0.000221642000042,1,7983423713,192836248,2.41545801566,20551239414,33341416015,0.616387720448,68,0,0,0,0,0,0,0,0,0,0,0
23,cn7191,volume_payload_exchange,communication,0.018629767,1,8004783869,193021948,2.4113324127,20593534917,33379530085,0.616951013527,367,0,0,0,0,0,0,0,5,5,2022840,2016960
23,cn7191,volume_exchange_unpack,compute,0.172891957,1,8106340514,195062319,2.40629318079,20895578936,33677341822,0.620464021372,7735,0,0,0,0,0,0,1,0,0,0,0
23,cn7191,final_mesh_save,io,0,0,0,0,0,0,0,0,0,0,0,0,0,0,0,0,0,0,0,0
23,cn7191,testout_io,io,0,0,0,0,0,0,0,0,0,0,0,0,0,0,0,0,0,0,0,0
23,cn7191,final_count_exchange,communication,0,0,0,0,0,0,0,0,0,0,0,0,0,0,0,0,0,0,0,0
23,cn7191,quality_evaluation,postprocess,0,0,0,0,0,0,0,0,0,0,0,0,0,0,0,0,0,0,0,0
24,cn7192,geometry_load,io,1.744409123,1,1403118180,24088437,1.71677891024,3315467855,3776846878,0.877840156643,5961,0,1035180,0,0,0,2,2,0,0,0,0
24,cn7192,coarse_local_size,setup,0.47126398,1,267793423,6130535,2.28927765713,632216627,884664942,0.714639630198,8464,0,0,0,0,0,148,77,0,0,0,0
24,cn7192,coarse_edge_mesh,setup,0.012681295,1,6303547,162498,2.57788194488,12805226,24912997,0.513997814073,506,0,0,0,0,0,0,0,0,0,0,0
24,cn7192,coarse_surface_mesh,setup,8.195795403,1,5675643234,162101333,2.85608743039,15313405497,17905852317,0.855217904509,14616,0,0,0,0,0,0,15,0,0,0,0
24,cn7192,coarse_volume_mesh,setup,14.349742005,1,5322852436,128127518,2.40712136097,13456135964,21588564615,0.623299242167,31322,0,0,0,0,0,83587,2620138,0,0,0,0
24,cn7192,coarse_mesh_save,io,0,0,0,0,0,0,0,0,0,0,0,0,0,0,0,0,0,0,0,0
24,cn7192,submesh_initialization,setup,0.000141842000176,1,4373617583,113456679,2.59411521119,10892523825,17890905907,0.608830200193,4,0,0,0,0,0,0,0,0,0,0,0
24,cn7192,metis_partition,compute,0.17261583,1,4486577383,119485206,2.66317051507,11153812497,18266761335,0.610607008678,913,0,0,0,0,0,0,0,0,0,0,0
24,cn7192,face_map_setup,compute,0.00724954799989,1,4376638385,113519730,2.59376535172,10900410004,17906063010,0.608755257809,228,0,0,0,0,0,0,0,0,0,0,0
24,cn7192,face_local_extract,compute,0.155899606,1,4434699022,115592958,2.60655700481,11055722739,18230528161,0.606440068075,692,0,0,0,0,0,0,0,0,0,0,0
24,cn7192,face_pre_collective_wait,synchronization,0.027252113,1,4409731428,113452717,2.57278065235,10961448984,17950536179,0.610647441096,0,0,0,0,0,0,0,0,0,0,0,0
24,cn7192,face_collective_setup,compute,0.000118242000099,1,4373537793,113453228,2.59408363137,10892377987,17890789193,0.608826020445,16,0,0,0,0,0,0,0,0,0,0,0
24,cn7192,face_allgatherv,communication,0.059342585,1,4497761341,113887641,2.53209613329,11133183334,18018095306,0.617889024613,1146,0,0,0,0,0,0,0,1,1,75808,4859624
24,cn7192,face_global_merge,compute,0.077638469,1,4391699339,114312153,2.60291391045,10936790026,18059783302,0.605588109398,512,0,0,0,0,0,0,0,0,0,0,0
24,cn7192,part_face_create,compute,0.0187972700001,1,4378043268,113627297,2.59538999604,10902832090,17931757620,0.608018038223,3,0,0,0,0,0,0,0,0,0,0,0
24,cn7192,surface_refine,compute,0.0156671709999,1,4379237536,113705688,2.59647226407,10903847726,17924795477,0.608310858553,49,0,0,0,0,0,0,0,0,0,0,0
24,cn7192,refined_surface_save,io,0,0,0,0,0,0,0,0,0,0,0,0,0,0,0,0,0,0,0,0
24,cn7192,local_volume_mesh,compute,12.72206175,1,8461078759,207628650,2.45392645446,21823876305,36124107405,0.604136070694,7767,0,0,0,0,0,69563,2737272,0,0,0,0
24,cn7192,volume_refine,compute,0.829443958,1,7750579265,205076927,2.64595612777,19664141349,33816365477,0.581497776938,7508,0,0,0,0,0,0,2,0,0,0,0
24,cn7192,refined_volume_save,io,0,0,0,0,0,0,0,0,0,0,0,0,0,0,0,0,0,0,0,0
24,cn7192,adjacency_build,compute,0.00413506999985,1,7468577266,193452053,2.5902129162,19130442171,32175312624,0.594568960201,8,0,0,0,0,0,0,0,0,0,0,0
24,cn7192,vertex_numbering_local,compute,0.0177606769998,1,7476680742,193598573,2.58936525018,19149967938,32204599802,0.594634557043,98,0,0,0,0,0,0,0,0,0,0,0
24,cn7192,vertex_count_allgather,communication,3.961898928,1,12839388206,193428504,1.50652430549,29699697429,40871614579,0.726658286807,143,0,0,0,0,0,0,6,1,1,4,256
24,cn7192,element_count_allgather,communication,0.00128071600011,1,7469309282,193416722,2.58948605149,19131712494,32169043696,0.59472431555,13,0,0,0,0,0,0,0,1,1,4,256
24,cn7192,vertex_exchange_prepare,compute,2.81000000086e-05,1,7467669107,193416372,2.59005011107,19128470505,32166294424,0.594674358596,10,0,0,0,0,0,0,0,0,0,0,0
24,cn7192,vertex_exchange,communication,0.00396528800002,1,7473243106,193449155,2.58855696591,19139701066,32173978154,0.594881396835,223,0,0,0,0,0,0,0,6,4,326392,2750
24,cn7192,vertex_exchange_unpack,compute,0.000245303000156,1,7467686111,193416942,2.59005184638,19128507511,32166495294,0.594671795487,157,0,0,0,0,0,0,0,0,0,0,0
24,cn7192,partition_result_io,io,0,0,0,0,0,0,0,0,0,0,0,0,0,0,0,0,0,0,0,0
24,cn7192,volume_exchange_pack,compute,0.288488566,2,15087830368,389622276,2.58236119109,38682353066,64950223882,0.595569202906,3654,0,0,0,0,0,0,0,0,0,0,0
24,cn7192,volume_size_exchange,communication,0.00240576900001,1,7468605548,193418114,2.58974868544,19130308244,32168095725,0.594698188153,45,0,0,0,0,0,0,0,6,6,24,24
24,cn7192,volume_payload_prepare,compute,0.0003472840001,1,7467669632,193416542,2.59005220546,19128544939,32166477593,0.594673286302,102,0,0,0,0,0,0,0,0,0,0,0
24,cn7192,volume_payload_exchange,communication,0.0162597980002,1,7486166391,193429728,2.58382886376,19165053558,32197880759,0.595227173535,588,0,0,0,0,0,0,0,6,6,3499440,3505920
24,cn7192,volume_exchange_unpack,compute,0.209466361,1,7599883375,196817065,2.58973796424,19492636323,32587149727,0.598169416052,6892,0,0,0,0,0,0,0,0,0,0,0
24,cn7192,final_mesh_save,io,0,0,0,0,0,0,0,0,0,0,0,0,0,0,0,0,0,0,0,0
24,cn7192,testout_io,io,0,0,0,0,0,0,0,0,0,0,0,0,0,0,0,0,0,0,0,0
24,cn7192,final_count_exchange,communication,0,0,0,0,0,0,0,0,0,0,0,0,0,0,0,0,0,0,0,0
24,cn7192,quality_evaluation,postprocess,0,0,0,0,0,0,0,0,0,0,0,0,0,0,0,0,0,0,0,0
25,cn7193,geometry_load,io,1.750320506,1,1405280017,25708621,1.82943048282,3316120349,3790706993,0.874802604138,6104,0,1035180,0,0,0,2,13,0,0,0,0
25,cn7193,coarse_local_size,setup,0.46638789,1,267806380,6130052,2.28898654319,632279812,886334748,0.713364576337,8487,0,0,0,0,0,105,54,0,0,0,0
25,cn7193,coarse_edge_mesh,setup,0.0125083359999,1,6301563,165901,2.632696047,12805656,24636195,0.519790332882,492,0,0,0,0,0,0,0,0,0,0,0
25,cn7193,coarse_surface_mesh,setup,8.063079186,1,5656849677,161466302,2.85435023413,15313982298,17524325676,0.873869989701,10245,0,0,0,0,0,0,72,0,0,0,0
25,cn7193,coarse_volume_mesh,setup,14.022877889,1,5277246630,123931455,2.34841127749,13370075592,20986838449,0.637069543585,21600,0,0,0,0,0,82149,2682016,0,0,0,0
25,cn7193,coarse_mesh_save,io,0,0,0,0,0,0,0,0,0,0,0,0,0,0,0,0,0,0,0,0
25,cn7193,submesh_initialization,setup,0.000122360999967,1,3935803819,93409727,2.37333290214,9847070285,15197851187,0.647925168094,1,0,0,0,0,0,0,0,0,0,0,0
25,cn7193,metis_partition,compute,0.162199023,1,4048805396,99505900,2.45766072379,10108370184,15553186470,0.649922779714,55,0,0,0,0,0,0,1,0,0,0,0
25,cn7193,face_map_setup,compute,0.00664659200015,1,3938848877,93470088,2.37303057108,9854960233,15212166568,0.647834099696,3,0,0,0,0,0,0,0,0,0,0,0
25,cn7193,face_local_extract,compute,0.152006653,1,3996809685,95544740,2.39052513205,10010268496,15530841781,0.644541270664,24,0,0,0,0,0,0,2,0,0,0,0
25,cn7193,face_pre_collective_wait,synchronization,0.04228702,1,3990353231,93843427,2.35175739007,9950973107,15290588913,0.650790702936,0,0,0,0,0,0,0,0,0,0,0,0
25,cn7193,face_collective_setup,compute,0.000107960999912,1,3935721400,93406226,2.37329364828,9846924438,15197749626,0.647919901322,12,0,0,0,0,0,0,0,0,0,0,0
25,cn7193,face_allgatherv,communication,0.0592559639999,1,4061789852,93952995,2.31309344952,10091274293,15327288267,0.658386148757,36,0,0,0,0,0,0,0,1,1,75808,4859624
25,cn7193,face_global_merge,compute,0.0728797520001,1,3953971012,94296893,2.38486556208,9891335816,15357606081,0.644067556091,0,0,0,0,0,0,0,1,0,0,0,0
25,cn7193,part_face_create,compute,0.0174046900001,1,3940289518,93584504,2.37506669427,9857343234,15235726209,0.646988735475,2,0,0,0,0,0,0,0,0,0,0,0
25,cn7193,surface_refine,compute,0.013889911,1,3941105019,93654301,2.37634624169,9857872489,15228080356,0.647348336661,1,0,0,0,0,0,0,0,0,0,0,0
25,cn7193,refined_surface_save,io,0,0,0,0,0,0,0,0,0,0,0,0,0,0,0,0,0,0,0,0
25,cn7193,local_volume_mesh,compute,12.140164763,1,8084812945,187709593,2.32175554681,21095295508,33196472535,0.635467984912,4995,0,0,0,0,0,62217,2482341,0,0,0,0
25,cn7193,volume_refine,compute,0.839794029,1,6509576389,146857956,2.25602938231,16402795272,25738764113,0.637279832085,6080,0,0,0,0,0,0,7,0,0,0,0
25,cn7193,refined_volume_save,io,0,0,0,0,0,0,0,0,0,0,0,0,0,0,0,0,0,0,0,0
25,cn7193,adjacency_build,compute,0.00344039700008,1,6217230613,134870178,2.16929669165,15838816305,24073876814,0.657925452862,0,0,0,0,0,0,0,0,0,0,0,0
25,cn7193,vertex_numbering_local,compute,0.012568056,1,6221041710,134954598,2.16932475767,15847848994,24093861243,0.657754638585,2,0,0,0,0,0,0,0,0,0,0,0
25,cn7193,vertex_count_allgather,communication,4.547774174,1,12176743468,181177758,1.48789993381,27523163488,34062148176,0.808027824487,74,0,0,0,0,0,0,38,1,1,4,256
25,cn7193,element_count_allgather,communication,0.00117015199999,1,6217873229,134849182,2.16873482353,15839801420,24068855485,0.65810364061,5,0,0,0,0,0,0,0,1,1,4,256
25,cn7193,vertex_exchange_prepare,compute,4.34409998888e-05,1,6216434725,134837524,2.16904914094,15837064568,24066359441,0.658058174807,19,0,0,0,0,0,0,0,0,0,0,0
25,cn7193,vertex_exchange,communication,0.00279303000002,1,6219971413,134869463,2.16832930644,15844110773,24072089994,0.65819423145,67,0,0,0,0,0,0,0,4,2,89672,46178
25,cn7193,vertex_exchange_unpack,compute,0.000757587999942,1,6216694252,134842254,2.16903467557,15837681386,24067767111,0.658045314838,98,0,0,0,0,0,0,0,0,0,0,0
25,cn7193,partition_result_io,io,0,0,0,0,0,0,0,0,0,0,0,0,0,0,0,0,0,0,0,0
25,cn7193,volume_exchange_pack,compute,0.233760041,2,12573255851,271570259,2.15990402341,32071476089,48639030373,0.659377373337,1173,0,0,0,0,0,0,2,0,0,0,0
25,cn7193,volume_size_exchange,communication,0.057269182,1,6289719423,135447637,2.15347661622,15982185872,24192135245,0.660635603685,0,0,0,0,0,0,0,1,4,4,16,16
25,cn7193,volume_payload_prepare,compute,0.000176402000079,1,6216434922,134837480,2.16904836441,15837122229,24066483362,0.658057182297,34,0,0,0,0,0,0,0,0,0,0,0
25,cn7193,volume_payload_exchange,communication,0.0165606,1,6236443309,135013554,2.16491271243,15876745489,24101432062,0.658746976037,115,0,0,0,0,0,0,0,4,4,1424400,1420080
25,cn7193,volume_exchange_unpack,compute,0.171049339,1,6339551428,137212259,2.16438435051,16185593972,24396982993,0.663426046435,7844,0,0,0,0,0,0,1,0,0,0,0
25,cn7193,final_mesh_save,io,0,0,0,0,0,0,0,0,0,0,0,0,0,0,0,0,0,0,0,0
25,cn7193,testout_io,io,0,0,0,0,0,0,0,0,0,0,0,0,0,0,0,0,0,0,0,0
25,cn7193,final_count_exchange,communication,0,0,0,0,0,0,0,0,0,0,0,0,0,0,0,0,0,0,0,0
25,cn7193,quality_evaluation,postprocess,0,0,0,0,0,0,0,0,0,0,0,0,0,0,0,0,0,0,0,0
26,cn7194,geometry_load,io,1.803157555,1,1404649821,27770510,1.97704150777,3315587736,3783733114,0.876274207537,5763,0,1035180,0,0,0,2,2,0,0,0,0
26,cn7194,coarse_local_size,setup,0.4475988,1,266470969,6009028,2.25504039804,631403438,860282317,0.733949106616,7947,0,0,0,0,0,95,37,0,0,0,0
26,cn7194,coarse_edge_mesh,setup,0.011991764,1,6253214,160529,2.56714387194,12801004,23559502,0.543347817793,489,0,0,0,0,0,0,0,0,0,0,0
26,cn7194,coarse_surface_mesh,setup,8.052966804,1,5659934810,162341089,2.86825015569,15313137298,17590125682,0.870553034972,14528,0,0,0,0,0,0,9,0,0,0,0
26,cn7194,coarse_volume_mesh,setup,14.371115232,1,5320826931,126875605,2.38450914952,13448432461,21697829620,0.619805422779,29281,0,0,0,0,0,87441,2661439,0,0,0,0
26,cn7194,coarse_mesh_save,io,0,0,0,0,0,0,0,0,0,0,0,0,0,0,0,0,0,0,0,0
26,cn7194,submesh_initialization,setup,0.000128220999841,1,2914639710,60523679,2.0765406713,8037799995,12681720832,0.633809882861,3,0,0,0,0,0,0,0,0,0,0,0
26,cn7194,metis_partition,compute,0.174116126,1,3028772722,66590199,2.19858685719,8299151893,13059873937,0.635469525436,601,0,0,0,0,0,0,1,0,0,0,0
26,cn7194,face_map_setup,compute,0.007123525,1,2917700067,60588051,2.07656885933,8045691009,12696585246,0.633689362385,224,0,0,0,0,0,0,0,0,0,0,0
26,cn7194,face_local_extract,compute,0.163141934,1,2975682982,62673956,2.10620406741,8200998295,13037525731,0.629030267262,602,0,0,0,0,0,0,0,0,0,0,0
26,cn7194,face_pre_collective_wait,synchronization,0.018712264,1,2940052137,60519586,2.0584528158,8087939330,12722601576,0.63571426659,0,0,0,0,0,0,0,0,0,0,0,0
26,cn7194,face_collective_setup,compute,0.000112260999913,1,2914559595,60520233,2.07647951697,8037654045,12681618773,0.633803474846,13,0,0,0,0,0,0,0,0,0,0,0
26,cn7194,face_allgatherv,communication,0.0595091130001,1,3037413939,61019482,2.00892875405,8276506485,12806318654,0.646283034853,844,0,0,0,0,0,0,0,1,1,75808,4859624
26,cn7194,face_global_merge,compute,0.0774895280001,1,2932743844,61387445,2.09317445591,8082066207,12850689472,0.628920823634,412,0,0,0,0,0,0,0,0,0,0,0
26,cn7194,part_face_create,compute,0.018614583,1,2919094217,60703774,2.07954144291,8048180015,12722240578,0.63260712338,2,0,0,0,0,0,0,0,0,0,0,0
26,cn7194,surface_refine,compute,0.016655419,1,2921066959,60790084,2.08109176726,8050867657,12717772568,0.633040700638,50,0,0,0,0,0,0,0,0,0,0,0
26,cn7194,refined_surface_save,io,0,0,0,0,0,0,0,0,0,0,0,0,0,0,0,0,0,0,0,0
26,cn7194,local_volume_mesh,compute,14.237289976,1,7815158368,173854591,2.22458180389,21295257946,34387581560,0.619271753928,8150,0,0,0,0,0,68850,2753498,0,0,0,0
26,cn7194,volume_refine,compute,0.997823867,1,5297578423,104875676,1.97969086299,14281145660,22762644674,0.627393954636,7487,0,0,0,0,0,0,1,0,0,0,0
26,cn7194,refined_volume_save,io,0,0,0,0,0,0,0,0,0,0,0,0,0,0,0,0,0,0,0,0
26,cn7194,adjacency_build,compute,0.00394660699999,1,4952081626,91745652,1.85266841157,13606178592,20757850938,0.655471447051,6,0,0,0,0,0,0,0,0,0,0,0
26,cn7194,vertex_numbering_local,compute,0.01417231,1,4956860146,91853781,1.85306380036,13617533323,20780357264,0.655307950195,2,0,0,0,0,0,0,0,0,0,0,0
26,cn7194,vertex_count_allgather,communication,2.281349184,1,8042878552,91718019,1.1403630977,19694532013,25765840305,0.764365989227,25,0,0,0,0,0,0,2,1,1,4,256
26,cn7194,element_count_allgather,communication,0.00133893599991,1,4952956374,91711890,1.85165955593,13607708883,20752177772,0.655724379027,0,0,0,0,0,0,0,0,1,1,4,256
26,cn7194,vertex_exchange_prepare,compute,1.52800000706e-05,1,4951228117,91711502,1.85229805278,13604315985,20749318118,0.655651231893,0,0,0,0,0,0,0,0,0,0,0,0
26,cn7194,vertex_exchange,communication,0.001779941,1,4953944632,91733453,1.85172543931,13609643075,20752904117,0.655794629912,20,0,0,0,0,0,0,0,2,1,58234,110220
26,cn7194,vertex_exchange_unpack,compute,0.00154011799987,1,4951848996,91723874,1.85231565167,13605807447,20752664419,0.655617378679,0,0,0,0,0,0,0,0,0,0,0,0
26,cn7194,partition_result_io,io,0,0,0,0,0,0,0,0,0,0,0,0,0,0,0,0,0,0,0,0
26,cn7194,volume_exchange_pack,compute,0.288490143,2,10080704726,185931641,1.84443098031,27716715207,42124756806,0.65796736429,795,0,0,0,0,0,0,1,0,0,0,0
26,cn7194,volume_size_exchange,communication,3.00200001675e-05,1,4951229882,91711661,1.8523006038,13604311342,20749341153,0.655650280252,0,0,0,0,0,0,0,0,2,2,8,8
26,cn7194,volume_payload_prepare,compute,0.000125441000137,1,4951228117,91711501,1.85229803259,13604418722,20749550711,0.655648833629,0,0,0,0,0,0,0,0,0,0,0,0
26,cn7194,volume_payload_exchange,communication,0.017369448,1,4974070278,91719228,1.84394716749,13649407031,20786768076,0.656639213037,2,0,0,0,0,0,0,0,2,2,1768080,1765920
26,cn7194,volume_exchange_unpack,compute,0.202211653,1,5097703552,94449194,1.8527792571,14016189875,21140353318,0.663006415464,9409,0,0,0,0,0,0,0,0,0,0,0
26,cn7194,final_mesh_save,io,0,0,0,0,0,0,0,0,0,0,0,0,0,0,0,0,0,0,0,0
26,cn7194,testout_io,io,0,0,0,0,0,0,0,0,0,0,0,0,0,0,0,0,0,0,0,0
26,cn7194,final_count_exchange,communication,0,0,0,0,0,0,0,0,0,0,0,0,0,0,0,0,0,0,0,0
26,cn7194,quality_evaluation,postprocess,0,0,0,0,0,0,0,0,0,0,0,0,0,0,0,0,0,0,0,0
27,cn7195,geometry_load,io,1.754126168,1,1402150549,23592155,1.68256932302,3316796589,3745749052,0.885482861493,5156,0,1035180,0,0,0,2,2,0,0,0,0
27,cn7195,coarse_local_size,setup,0.450225817,1,266836222,6155239,2.3067479197,631846816,865468716,0.730063148811,8144,0,0,0,0,0,113,84,0,0,0,0
27,cn7195,coarse_edge_mesh,setup,0.0122594720001,1,6274740,157608,2.51178534888,12803950,24105464,0.531163805849,506,0,0,0,0,0,0,0,0,0,0,0
27,cn7195,coarse_surface_mesh,setup,8.014216637,1,5658305442,160621981,2.83869406921,15312935389,17522812979,0.873885683044,11031,0,0,0,0,0,0,10,0,0,0,0
27,cn7195,coarse_volume_mesh,setup,14.261236201,1,5297528273,127790921,2.41227444979,13395713394,21517378816,0.622553216567,28199,0,0,0,0,0,84373,2660157,0,0,0,0
27,cn7195,coarse_mesh_save,io,0,0,0,0,0,0,0,0,0,0,0,0,0,0,0,0,0,0,0,0
27,cn7195,submesh_initialization,setup,0.000131921000047,1,3210882361,62875861,1.95821129306,8786540440,13790147054,0.637160750034,3,0,0,0,0,0,0,0,0,0,0,0
27,cn7195,metis_partition,compute,0.174791933,1,3324494552,68916406,2.07298898891,9047859888,14172243314,0.638421150945,285,0,0,0,0,0,0,1,0,0,0,0
27,cn7195,face_map_setup,compute,0.00720021000006,1,3213964734,62938034,1.95826772255,8794435192,13805208143,0.637037493452,223,0,0,0,0,0,0,0,0,0,0,0
27,cn7195,face_local_extract,compute,0.161199104,1,3271865552,65033627,1.98766196124,8949738675,14141348663,0.632877308118,734,0,0,0,0,0,0,0,0,0,0,0
27,cn7195,face_pre_collective_wait,synchronization,0.0198713070001,1,3237943176,62871687,1.94171681165,8840083872,13833573778,0.639031100268,0,0,0,0,0,0,0,0,0,0,0,0
27,cn7195,face_collective_setup,compute,0.000118220999866,1,3210802103,62872336,1.95815045534,8786394478,13790036590,0.637155269361,16,0,0,0,0,0,0,0,0,0,0,0
27,cn7195,face_allgatherv,communication,0.0626663590001,1,3337706466,63413403,1.89990952308,9031739743,13921589837,0.648757781888,774,0,0,0,0,0,0,0,1,1,75808,4859624
27,cn7195,face_global_merge,compute,0.0784752159998,1,3229002375,63757059,1.97451260778,8830807557,13960900061,0.632538555424,516,0,0,0,0,0,0,0,0,0,0,0
27,cn7195,part_face_create,compute,0.0186819520002,1,3215406766,63049695,1.96086217354,8796899103,13830786664,0.636037509413,2,0,0,0,0,0,0,0,0,0,0,0
27,cn7195,surface_refine,compute,0.0163511429998,1,3216993520,63131436,1.96243590817,8799081376,13825514473,0.636437898437,48,0,0,0,0,0,0,0,0,0,0,0
27,cn7195,refined_surface_save,io,0,0,0,0,0,0,0,0,0,0,0,0,0,0,0,0,0,0,0,0
27,cn7195,local_volume_mesh,compute,13.783123618,1,8043972018,170510940,2.1197356184,21893367209,34944058444,0.626526173086,17292,0,0,0,0,0,59978,2642443,0,0,0,0
27,cn7195,volume_refine,compute,1.011262372,1,6326042784,125932733,1.99070315045,16669789645,26850127844,0.620845820245,10081,0,0,0,0,0,0,1,0,0,0,0
27,cn7195,refined_volume_save,io,0,0,0,0,0,0,0,0,0,0,0,0,0,0,0,0,0,0,0,0
27,cn7195,adjacency_build,compute,0.00376694700003,1,5982963999,113069801,1.88986263362,16005483740,24833947667,0.64450017994,3,0,0,0,0,0,0,0,0,0,0,0
27,cn7195,vertex_numbering_local,compute,0.012387454,1,5986471396,113145705,1.89002331282,16013787350,24852795570,0.644345514568,3,0,0,0,0,0,0,0,0,0,0,0
27,cn7195,vertex_count_allgather,communication,2.720012237,1,9676470642,113043995,1.1682358081,23300173509,30804968396,0.756377127529,47,0,0,0,0,0,0,3,1,1,4,256
27,cn7195,element_count_allgather,communication,0.00123267499998,1,5983751751,113037467,1.88907347269,16006850208,24828395874,0.644699330929,0,0,0,0,0,0,0,0,1,1,4,256
27,cn7195,vertex_exchange_prepare,compute,1.65400001606e-05,1,5982156485,113037185,1.88957251927,16003705081,24825725361,0.644641993266,0,0,0,0,0,0,0,0,0,0,0,0
27,cn7195,vertex_exchange,communication,0.00169804100005,1,5984281881,113048626,1.88909259704,16008075344,24829165494,0.644728690051,25,0,0,0,0,0,0,0,3,3,27984,80476
27,cn7195,vertex_exchange_unpack,compute,0.00122965500009,1,5982603166,113045465,1.8895698388,16004776192,24828337445,0.644617313884,0,0,0,0,0,0,0,0,0,0,0,0
27,cn7195,partition_result_io,io,0,0,0,0,0,0,0,0,0,0,0,0,0,0,0,0,0,0,0,0
27,cn7195,volume_exchange_pack,compute,0.243350605,2,12126701085,228020286,1.88031587817,32472206271,50184653423,0.647054508822,146,0,0,0,0,0,0,1,0,0,0,0
27,cn7195,volume_size_exchange,communication,0.0616627469999,1,6065493498,113038073,1.8636253264,16168338705,24961249404,0.647737556855,0,0,0,0,0,0,0,0,4,4,16,16
27,cn7195,volume_payload_prepare,compute,0.000224263000064,1,5982156965,113037310,1.8895744572,16003733906,24825792998,0.644641398053,68,0,0,0,0,0,0,0,0,0,0,0
27,cn7195,volume_payload_exchange,communication,0.00177314200005,1,5982880001,113057398,1.88968185859,16005190975,24828177852,0.644638163558,164,0,0,0,0,0,0,0,4,4,1110960,1110840
27,cn7195,volume_exchange_unpack,compute,0.19225887,1,6124310896,115596817,1.88750732879,16406353128,25196372741,0.651139483316,9234,0,0,0,0,0,0,0,0,0,0,0
27,cn7195,final_mesh_save,io,0,0,0,0,0,0,0,0,0,0,0,0,0,0,0,0,0,0,0,0
27,cn7195,testout_io,io,0,0,0,0,0,0,0,0,0,0,0,0,0,0,0,0,0,0,0,0
27,cn7195,final_count_exchange,communication,0,0,0,0,0,0,0,0,0,0,0,0,0,0,0,0,0,0,0,0
27,cn7195,quality_evaluation,postprocess,0,0,0,0,0,0,0,0,0,0,0,0,0,0,0,0,0,0,0,0
28,cn7196,geometry_load,io,1.735542099,1,1400102119,25022318,1.78717806797,3315045638,3758778187,0.881947663064,6106,0,1035180,0,0,0,2,1,0,0,0,0
28,cn7196,coarse_local_size,setup,0.463727662,1,266851946,6446276,2.41567509498,632008089,880476981,0.717801944444,8491,0,0,0,0,0,83,22,0,0,0,0
28,cn7196,coarse_edge_mesh,setup,0.01263496,1,6314745,175782,2.78367535031,12797600,24833151,0.515343381112,519,0,0,0,0,0,0,0,0,0,0,0
28,cn7196,coarse_surface_mesh,setup,8.208712569,1,5673291941,163774815,2.88676868215,15311285199,17915875451,0.854621100759,17337,0,0,0,0,0,0,10,0,0,0,0
28,cn7196,coarse_volume_mesh,setup,13.355845156,1,5549874604,122756388,2.21187678568,13887968714,23678007664,0.586534513844,27740,0,0,0,0,0,39002,1641813,0,0,0,0
28,cn7196,coarse_mesh_save,io,0,0,0,0,0,0,0,0,0,0,0,0,0,0,0,0,0,0,0,0
28,cn7196,submesh_initialization,setup,0.000179301999879,1,3036086084,56644765,1.86571669685,8210598515,14163873734,0.579685943916,58,0,0,0,0,0,0,0,0,0,0,0
28,cn7196,metis_partition,compute,0.173731497,1,3149067381,62691447,1.99079408012,8471915048,14540335006,0.582649233632,1827,0,0,0,0,0,0,0,0,0,0,0
28,cn7196,face_map_setup,compute,0.007721038,1,3039092519,56720220,1.86635384232,8218477843,14179355060,0.579608720441,602,0,0,0,0,0,0,0,0,0,0,0
28,cn7196,face_local_extract,compute,0.15899539,1,3097127991,58803394,1.89864268351,8373797412,14510059180,0.577102912409,920,0,0,0,0,0,0,0,0,0,0,0
28,cn7196,face_pre_collective_wait,synchronization,0.022425783,1,3066095233,56640476,1.84731626697,8269846937,14212891316,0.581855356038,2,0,0,0,0,0,0,0,0,0,0,0
28,cn7196,face_collective_setup,compute,0.000108300999955,1,3036005905,56641155,1.86564706303,8210452716,14163752795,0.579680599827,16,0,0,0,0,0,0,0,0,0,0,0
28,cn7196,face_allgatherv,communication,0.0662732980002,1,3146339845,58398361,1.85607289349,8423968528,14303168528,0.58895820961,759,0,0,0,0,0,0,0,1,1,75808,4859624
28,cn7196,face_global_merge,compute,0.0785336920001,1,3054189988,57511441,1.88303416703,8254864378,14334318457,0.575881190498,695,0,0,0,0,0,0,1,0,0,0,0
28,cn7196,part_face_create,compute,0.0191305620001,1,3040546385,56825127,1.86891169562,8220962720,14205368232,0.578722253851,23,0,0,0,0,0,0,0,0,0,0,0
28,cn7196,surface_refine,compute,0.0167311710002,1,3042237063,56905276,1.87050761731,8223122832,14200013016,0.579092626375,52,0,0,0,0,0,0,0,0,0,0,0
28,cn7196,refined_surface_save,io,0,0,0,0,0,0,0,0,0,0,0,0,0,0,0,0,0,0,0,0
28,cn7196,local_volume_mesh,compute,13.118166791,1,8285081174,164668184,1.98752650145,22068576055,39135473437,0.563902110205,7630,0,0,0,0,0,20502,1171454,0,0,0,0
28,cn7196,volume_refine,compute,0.985919984,1,8231810615,172374723,2.09400739475,21733238313,39202363434,0.554385919859,7463,0,0,0,0,0,0,1,0,0,0,0
28,cn7196,refined_volume_save,io,0,0,0,0,0,0,0,0,0,0,0,0,0,0,0,0,0,0,0,0
28,cn7196,adjacency_build,compute,0.00374332700017,1,7879934246,159505422,2.02419737298,21060250052,37217571563,0.565868463942,0,0,0,0,0,0,0,0,0,0,0,0
28,cn7196,vertex_numbering_local,compute,0.014431262,1,7885632915,159613977,2.02411117434,21073752207,37241029913,0.565874581241,2,0,0,0,0,0,0,0,0,0,0,0
28,cn7196,vertex_count_allgather,communication,3.403610326,1,12502631852,159476804,1.27554586816,30181128284,44690779013,0.675332338137,39,0,0,0,0,0,0,3,1,1,4,256
28,cn7196,element_count_allgather,communication,0.00124661599989,1,7880654094,159472066,2.02358921097,21061454027,37212084278,0.565984261179,0,0,0,0,0,0,0,0,1,1,4,256
28,cn7196,vertex_exchange_prepare,compute,1.80600000022e-05,1,7879073141,159471792,2.02399177094,21058350566,37209432950,0.565941184707,0,0,0,0,0,0,0,0,0,0,0,0
28,cn7196,vertex_exchange,communication,0.00209280700005,1,7882162447,159496677,2.02351420784,21064569011,37213666433,0.566043903492,29,0,0,0,0,0,0,0,4,4,116820,91058
28,cn7196,vertex_exchange_unpack,compute,0.001284317,1,7879590607,159481156,2.02397769065,21059586267,37212208928,0.565932173168,0,0,0,0,0,0,0,0,0,0,0,0
28,cn7196,partition_result_io,io,0,0,0,0,0,0,0,0,0,0,0,0,0,0,0,0,0,0,0,0
28,cn7196,volume_exchange_pack,compute,0.278393059,2,15930798158,321500864,2.01810895356,42604642061,75023363781,0.567884988273,840,0,0,0,0,0,0,0,0,0,0,0
28,cn7196,volume_size_exchange,communication,0.00876831100004,1,7890417220,159527865,2.02179251809,21080847572,37228631018,0.566253633173,0,0,0,0,0,0,0,0,5,5,20,20
28,cn7196,volume_payload_prepare,compute,0.000293904000046,1,7879073631,159471909,2.02399313001,21058441756,37209655464,0.565940251083,68,0,0,0,0,0,0,0,0,0,0,0
28,cn7196,volume_payload_exchange,communication,0.00444835600001,1,7883152634,159482201,2.02307640616,21066493584,37217066776,0.566043898913,231,0,0,0,0,0,0,0,5,5,2198880,2206200
28,cn7196,volume_exchange_unpack,compute,0.217113364,1,8032344214,164119838,2.0432371127,21490591516,37631913202,0.571073583228,9700,0,0,0,0,0,0,1,0,0,0,0
28,cn7196,final_mesh_save,io,0,0,0,0,0,0,0,0,0,0,0,0,0,0,0,0,0,0,0,0
28,cn7196,testout_io,io,0,0,0,0,0,0,0,0,0,0,0,0,0,0,0,0,0,0,0,0
28,cn7196,final_count_exchange,communication,0,0,0,0,0,0,0,0,0,0,0,0,0,0,0,0,0,0,0,0
28,cn7196,quality_evaluation,postprocess,0,0,0,0,0,0,0,0,0,0,0,0,0,0,0,0,0,0,0,0
29,cn7197,geometry_load,io,1.734886948,1,1400262616,26881922,1.91977716843,3317069190,3756169226,0.883098974093,6106,0,1035180,0,0,0,2,2,0,0,0,0
29,cn7197,coarse_local_size,setup,0.460932409,1,266681082,6394467,2.39779550617,632082965,872818825,0.724185761003,8422,0,0,0,0,0,148,119,0,0,0,0
29,cn7197,coarse_edge_mesh,setup,0.012668737,1,6288274,162868,2.59002708851,12807264,24879251,0.514776911893,518,0,0,0,0,0,0,0,0,0,0,0
29,cn7197,coarse_surface_mesh,setup,8.209464418,1,5671468151,161687944,2.85090103118,15310829972,17915613839,0.854608170816,17220,0,0,0,0,0,0,16,0,0,0,0
29,cn7197,coarse_volume_mesh,setup,14.411524134,1,5309573668,123509493,2.32616591694,13406882788,21530556461,0.622690956097,30480,0,0,0,0,0,80812,2766370,0,0,0,0
29,cn7197,coarse_mesh_save,io,0,0,0,0,0,0,0,0,0,0,0,0,0,0,0,0,0,0,0,0
29,cn7197,submesh_initialization,setup,0.000131161999889,1,4057931004,100265220,2.47084585473,10155129584,16349914841,0.621112078121,5,0,0,0,0,0,0,0,0,0,0,0
29,cn7197,metis_partition,compute,0.171690507,1,4171834585,106328267,2.548717233,10416386819,16725171408,0.622797014446,343,0,0,0,0,0,0,0,0,0,0,0
29,cn7197,face_map_setup,compute,0.00716032900004,1,4060965110,100329835,2.4705909133,10163021158,16364896785,0.621025680242,233,0,0,0,0,0,0,0,0,0,0,0
29,cn7197,face_local_extract,compute,0.161313098,1,4119007990,102423586,2.48660809226,10318329015,16701383745,0.617812821533,788,0,0,0,0,0,0,0,0,0,0,0
29,cn7197,face_pre_collective_wait,synchronization,0.022882883,1,4088619609,100261045,2.45219791979,10215716191,16399991558,0.622909844488,0,0,0,0,0,0,0,0,0,0,0,0
29,cn7197,face_collective_setup,compute,0.000109022000061,1,4057850855,100261748,2.47080909532,10154983675,16349799798,0.621107524279,13,0,0,0,0,0,0,0,0,0,0,0
29,cn7197,face_allgatherv,communication,0.0663739619999,1,4192529634,100703696,2.40197934878,10417367237,16493514209,0.631603859856,742,0,0,0,0,0,0,0,1,1,75808,4859624
29,cn7197,face_global_merge,compute,0.076834772,1,4075972454,101122004,2.48092952397,10199394830,16517890775,0.617475618947,220,0,0,0,0,0,0,0,0,0,0,0
29,cn7197,part_face_create,compute,0.0186548709999,1,4062498135,100440365,2.4723793504,10165454921,16390481107,0.62020479171,2,0,0,0,0,0,0,0,0,0,0,0
29,cn7197,surface_refine,compute,0.0155888730001,1,4063656166,100503453,2.47322728337,10166816408,16383719256,0.620543861204,35,0,0,0,0,0,0,0,0,0,0,0
29,cn7197,refined_surface_save,io,0,0,0,0,0,0,0,0,0,0,0,0,0,0,0,0,0,0,0,0
29,cn7197,local_volume_mesh,compute,12.666240758,1,8278191932,199223502,2.40660646233,21559100415,35290408694,0.61090537664,6339,0,0,0,0,0,64368,2456715,0,0,0,0
29,cn7197,volume_refine,compute,0.896444763,1,8169337695,205935044,2.52082912579,21073000193,35549405984,0.592780655814,7993,0,0,0,0,0,0,2,0,0,0,0
29,cn7197,refined_volume_save,io,0,0,0,0,0,0,0,0,0,0,0,0,0,0,0,0,0,0,0,0
29,cn7197,adjacency_build,compute,0.00363392500003,1,7856198378,194312214,2.47336185583,20478569488,33767521365,0.606457585875,1,0,0,0,0,0,0,0,0,0,0,0
29,cn7197,vertex_numbering_local,compute,0.0143680180001,1,7861334467,194407173,2.47295384538,20490805939,33790415534,0.606408817861,95,0,0,0,0,0,0,0,0,0,0,0
29,cn7197,vertex_count_allgather,communication,3.948596126,1,13205717457,194288476,1.47124513782,31022823208,42438635124,0.731004263388,61,0,0,0,0,0,0,6,1,1,4,256
29,cn7197,element_count_allgather,communication,0.00125209599992,1,7856977264,194278826,2.47269171683,20479921608,33762300011,0.606591423017,0,0,0,0,0,0,0,0,1,1,4,256
29,cn7197,vertex_exchange_prepare,compute,0.000145001999954,1,7855363636,194278679,2.47319777928,20476749658,33759614331,0.606545722271,34,0,0,0,0,0,0,0,0,0,0,0
29,cn7197,vertex_exchange,communication,0.00344586199981,1,7860115814,194304067,2.4720254968,20486249712,33766736307,0.606699135082,37,0,0,0,0,0,0,0,3,4,58850,133760
29,cn7197,vertex_exchange_unpack,compute,0.00185266299991,1,7856111491,194292157,2.47313390629,20478542164,33763618035,0.606526887692,0,0,0,0,0,0,0,0,0,0,0,0
29,cn7197,partition_result_io,io,0,0,0,0,0,0,0,0,0,0,0,0,0,0,0,0,0,0,0,0
29,cn7197,volume_exchange_pack,compute,0.27127462,2,15869698048,390757010,2.4622838369,41404190787,68108655146,0.607913791547,817,0,0,0,0,0,0,0,0,0,0,0
29,cn7197,volume_size_exchange,communication,0.0156698140001,1,7876664018,194279611,2.46652149382,20518810143,33793954920,0.607173981014,0,0,0,0,0,0,0,0,5,5,20,20
29,cn7197,volume_payload_prepare,compute,0.000304123999967,1,7855364115,194278717,2.47319811222,20476787455,33759687154,0.606545533482,102,0,0,0,0,0,0,0,0,0,0,0
29,cn7197,volume_payload_exchange,communication,0.00308779800002,1,7857588918,194289795,2.47263883397,20481220922,33764146750,0.6065967274,325,0,0,0,0,0,0,0,5,5,2048640,2046480
29,cn7197,volume_exchange_unpack,compute,0.186121165,1,7987474728,196783533,2.46365140049,20846966287,34120934460,0.610972900272,8528,0,0,0,0,0,0,0,0,0,0,0
29,cn7197,final_mesh_save,io,0,0,0,0,0,0,0,0,0,0,0,0,0,0,0,0,0,0,0,0
29,cn7197,testout_io,io,0,0,0,0,0,0,0,0,0,0,0,0,0,0,0,0,0,0,0,0
29,cn7197,final_count_exchange,communication,0,0,0,0,0,0,0,0,0,0,0,0,0,0,0,0,0,0,0,0
29,cn7197,quality_evaluation,postprocess,0,0,0,0,0,0,0,0,0,0,0,0,0,0,0,0,0,0,0,0
30,cn7198,geometry_load,io,1.743353815,1,1404299140,23483036,1.67222462302,3317255935,3777231189,0.878224225369,5960,0,1035180,0,0,0,2,2,0,0,0,0
30,cn7198,coarse_local_size,setup,0.466408768,1,267741634,6172188,2.30527763194,632157878,882394118,0.716412162213,8394,0,0,0,0,0,137,67,0,0,0,0
30,cn7198,coarse_edge_mesh,setup,0.012554096,1,6286996,161500,2.56879438129,12807852,24720889,0.518098358032,523,0,0,0,0,0,0,0,0,0,0,0
30,cn7198,coarse_surface_mesh,setup,8.184030164,1,5660858095,163739717,2.89248934088,15311698257,17739827472,0.863125545114,15241,0,0,0,0,0,0,8,0,0,0,0
30,cn7198,coarse_volume_mesh,setup,14.04193334,1,5295573218,124978832,2.36006239278,13411139199,21218407936,0.632052095494,21869,0,0,0,0,0,82443,2515670,0,0,0,0
30,cn7198,coarse_mesh_save,io,0,0,0,0,0,0,0,0,0,0,0,0,0,0,0,0,0,0,0,0
30,cn7198,submesh_initialization,setup,0.00011828200013,1,3204884916,65700635,2.0500154209,8840546011,13584724326,0.650771101338,1,0,0,0,0,0,0,0,0,0,0,0
30,cn7198,metis_partition,compute,0.163893314,1,3318474269,71754856,2.16228453751,9101895064,13943824045,0.65275458401,56,0,0,0,0,0,0,0,0,0,0,0
30,cn7198,face_map_setup,compute,0.00673934399993,1,3207927365,65768035,2.05017219896,8848439127,13599254535,0.650656188854,3,0,0,0,0,0,0,0,0,0,0,0
30,cn7198,face_local_extract,compute,0.154947382,1,3265815290,67852787,2.07766762584,9003745302,13924138264,0.646628547583,175,0,0,0,0,0,0,0,0,0,0,0
30,cn7198,face_pre_collective_wait,synchronization,0.037501946,1,3254005538,65889753,2.02488140326,8934317987,13666933874,0.653717803084,0,0,0,0,0,0,0,0,0,0,0,0
30,cn7198,face_collective_setup,compute,0.000113661000114,1,3204804910,65697131,2.04995726245,8840400271,13584625475,0.650765108487,16,0,0,0,0,0,0,0,0,0,0,0
30,cn7198,face_allgatherv,communication,0.0662327619998,1,3338684372,66131070,1.98075237524,9099591793,13727046041,0.662895117116,1144,0,0,0,0,0,0,0,1,1,75808,4859624
30,cn7198,face_global_merge,compute,0.074355603,1,3223073435,66575843,2.06560118293,8884813082,13747278114,0.646296161925,138,0,0,0,0,0,0,0,0,0,0,0
30,cn7198,part_face_create,compute,0.017656879,1,3209284548,65877064,2.05270249536,8850852046,13623153244,0.649691880248,2,0,0,0,0,0,0,0,0,0,0,0
30,cn7198,surface_refine,compute,0.014585981,1,3210387146,65951003,2.05430061861,8851653093,13616273086,0.650078992768,48,0,0,0,0,0,0,0,0,0,0,0
30,cn7198,refined_surface_save,io,0,0,0,0,0,0,0,0,0,0,0,0,0,0,0,0,0,0,0,0
30,cn7198,local_volume_mesh,compute,12.886574642,1,7501871152,163369924,2.17772234007,20415535079,32206716653,0.633890604217,5346,0,0,0,0,0,68358,2612255,0,0,0,0
30,cn7198,volume_refine,compute,0.873634641,1,7535164169,173572466,2.30349946076,20260228380,32885934476,0.616075799664,7305,0,0,0,0,0,0,1,0,0,0,0
30,cn7198,refined_volume_save,io,0,0,0,0,0,0,0,0,0,0,0,0,0,0,0,0,0,0,0,0
30,cn7198,adjacency_build,compute,0.00361152400001,1,7229784449,160700007,2.22274962876,19682370027,31163531014,0.631583437004,0,0,0,0,0,0,0,0,0,0,0,0
30,cn7198,vertex_numbering_local,compute,0.014680062,1,7235315872,160808992,2.22255662151,19695568469,31186900597,0.631533371126,130,0,0,0,0,0,0,0,0,0,0,0
30,cn7198,vertex_count_allgather,communication,3.755732109,1,12256103701,160674609,1.31097625248,29525349775,39411764111,0.749150677241,61,0,0,0,0,0,0,4,1,1,4,256
30,cn7198,element_count_allgather,communication,0.001268256,1,7230530616,160665660,2.22204522092,19683602260,31158376648,0.631727463929,0,0,0,0,0,0,0,0,1,1,4,256
30,cn7198,vertex_exchange_prepare,compute,0.000108920999992,1,7228916941,160665418,2.2225378893,19680443509,31155636367,0.631681641074,27,0,0,0,0,0,0,0,0,0,0,0
30,cn7198,vertex_exchange,communication,0.00240790999987,1,7232503530,160688346,2.22175274901,19687621816,31160542120,0.631812557695,30,0,0,0,0,0,0,0,3,3,101222,114950
30,cn7198,vertex_exchange_unpack,compute,0.00160575999985,1,7229556606,160677381,2.22250671454,19681978888,31159114819,0.631660398645,0,0,0,0,0,0,0,0,0,0,0,0
30,cn7198,partition_result_io,io,0,0,0,0,0,0,0,0,0,0,0,0,0,0,0,0,0,0,0,0
30,cn7198,volume_exchange_pack,compute,0.275107814,2,14612688960,323413348,2.21323637891,39796797557,62906636979,0.63263273111,1138,0,0,0,0,0,0,0,0,0,0,0
30,cn7198,volume_size_exchange,communication,0.00442985500013,1,7234779901,160666198,2.2207475583,19692039003,31165327727,0.631857273426,0,0,0,0,0,0,0,0,4,4,16,16
30,cn7198,volume_payload_prepare,compute,0.000200382000003,1,7228917320,160665449,2.22253820161,19680520210,31155812815,0.631680525456,34,0,0,0,0,0,0,0,0,0,0,0
30,cn7198,volume_payload_exchange,communication,0.0145557400001,1,7246643611,160675787,2.2172442254,19715443235,31185449110,0.632200073998,234,0,0,0,0,0,0,0,4,4,2301840,2284680
30,cn7198,volume_exchange_unpack,compute,0.189191208,1,7361106414,163270202,2.21801170663,20050401050,31524463997,0.636026707763,8205,0,0,0,0,0,0,0,0,0,0,0
30,cn7198,final_mesh_save,io,0,0,0,0,0,0,0,0,0,0,0,0,0,0,0,0,0,0,0,0
30,cn7198,testout_io,io,0,0,0,0,0,0,0,0,0,0,0,0,0,0,0,0,0,0,0,0
30,cn7198,final_count_exchange,communication,0,0,0,0,0,0,0,0,0,0,0,0,0,0,0,0,0,0,0,0
30,cn7198,quality_evaluation,postprocess,0,0,0,0,0,0,0,0,0,0,0,0,0,0,0,0,0,0,0,0
31,cn7199,geometry_load,io,1.739560212,1,1401451300,23662002,1.68839273973,3315710178,3743605397,0.885699700256,5507,0,1035180,0,0,0,2,5,0,0,0,0
31,cn7199,coarse_local_size,setup,0.45839633,1,266560698,6068453,2.27657454588,632346695,873661824,0.723788859292,8295,0,0,0,0,0,120,103,0,0,0,0
31,cn7199,coarse_edge_mesh,setup,0.0125491270001,1,6292924,170898,2.71571689091,12801683,24696654,0.518356980666,508,0,0,0,0,0,0,0,0,0,0,0
31,cn7199,coarse_surface_mesh,setup,8.181731722,1,5673511234,173417189,3.05661136195,15312365211,17861829277,0.857267470959,16131,0,0,0,0,0,0,24,0,0,0,0
31,cn7199,coarse_volume_mesh,setup,14.178870199,1,5277965667,130176631,2.46641678278,13355090556,21385438173,0.624494595246,33531,0,0,0,0,0,82289,2628689,0,0,0,0
31,cn7199,coarse_mesh_save,io,0,0,0,0,0,0,0,0,0,0,0,0,0,0,0,0,0,0,0,0
31,cn7199,submesh_initialization,setup,0.000123640999846,1,3585735835,69575421,1.94033872548,9781274275,14960970124,0.653786097688,1,0,0,0,0,0,0,0,0,0,0,0
31,cn7199,metis_partition,compute,0.17240219,1,3698882203,75614820,2.04426137006,10042530933,15337096227,0.654786980818,528,0,0,0,0,0,0,1,0,0,0,0
31,cn7199,face_map_setup,compute,0.00731521700004,1,3588759160,69648521,1.94074101646,9789166285,14976266769,0.653645293316,231,0,0,0,0,0,0,0,0,0,0,0
31,cn7199,face_local_extract,compute,0.161264442,1,3646786931,71784690,1.96843663637,9944473226,15312631395,0.6494294135,630,0,0,0,0,0,0,0,0,0,0,0
31,cn7199,face_pre_collective_wait,synchronization,0.022030653,1,3614540187,69742507,1.9294987299,9838059143,15009146858,0.655470909578,0,0,0,0,0,0,0,0,0,0,0,0
31,cn7199,face_collective_setup,compute,0.000119981999887,1,3585653166,69572002,1.94028810872,9781128492,14960886527,0.653780006576,16,0,0,0,0,0,0,0,0,0,0,0
31,cn7199,face_allgatherv,communication,0.066143199,1,3720306345,70008980,1.88180685964,10043509096,15104112490,0.664951952831,699,0,0,0,0,0,0,0,1,1,75808,4859624
31,cn7199,face_global_merge,compute,0.0780846369998,1,3603757527,70446409,1.95480435274,9825540208,15130965987,0.649366353506,471,0,0,0,0,0,0,0,0,0,0,0
31,cn7199,part_face_create,compute,0.018422464,1,3590126969,69747908,1.94276995221,9791483220,15001106172,0.652717413485,2,0,0,0,0,0,0,0,0,0,0,0
31,cn7199,surface_refine,compute,0.01135043,1,3589932678,69743722,1.94275849314,9789820898,14985383772,0.65329130351,44,0,0,0,0,0,0,0,0,0,0,0
31,cn7199,refined_surface_save,io,0,0,0,0,0,0,0,0,0,0,0,0,0,0,0,0,0,0,0,0
31,cn7199,local_volume_mesh,compute,10.140806549,1,6694521199,137279644,2.05062677254,18076317405,28863847748,0.62626152836,4628,0,0,0,0,0,62837,2284777,0,0,0,0
31,cn7199,volume_refine,compute,0.657493096,1,6759051828,144338368,2.1354824859,18099377065,29448962694,0.614601514256,7033,0,0,0,0,0,0,3,0,0,0,0
31,cn7199,refined_volume_save,io,0,0,0,0,0,0,0,0,0,0,0,0,0,0,0,0,0,0,0,0
31,cn7199,adjacency_build,compute,0.004045593,1,6541924823,135685601,2.07409294162,17685386959,28169117835,0.627828924661,6,0,0,0,0,0,0,0,0,0,0,0
31,cn7199,vertex_numbering_local,compute,0.0154000839998,1,6549183142,135781536,2.07325910814,17702980912,28194051382,0.627897731764,8,0,0,0,0,0,0,0,0,0,0,0
31,cn7199,vertex_count_allgather,communication,6.714991034,1,15659808214,135672189,0.866371970499,35680104719,42916369065,0.831386846006,106,0,0,0,0,0,0,17,1,1,4,256
31,cn7199,element_count_allgather,communication,0.00128013700009,1,6542703145,135650481,2.07330942569,17686687227,28163109371,0.628009038136,3,0,0,0,0,0,0,0,1,1,4,256
31,cn7199,vertex_exchange_prepare,compute,4.88209998366e-05,1,6541025559,135650210,2.07383702718,17683396246,28160396158,0.62795268031,5,0,0,0,0,0,0,0,0,0,0,0
31,cn7199,vertex_exchange,communication,0.00352864700017,1,6546893164,135671612,2.0723052691,17695067809,28167716782,0.628203838669,44,0,0,0,0,0,0,0,0,5,0,325424
31,cn7199,vertex_exchange_unpack,compute,0.00624374300014,1,6542829841,135684991,2.07379672554,17687700455,28170831397,0.62787285919,1738,0,0,0,0,0,0,0,0,0,0,0
31,cn7199,partition_result_io,io,0,0,0,0,0,0,0,0,0,0,0,0,0,0,0,0,0,0,0,0
31,cn7199,volume_exchange_pack,compute,0.23476598,2,13206286311,273590731,2.07167044964,35711200285,56826138410,0.628429122305,1833,0,0,0,0,0,0,0,0,0,0,0
31,cn7199,volume_size_exchange,communication,0.0393460819998,1,6593626324,135651006,2.05730502965,17787284698,28246742082,0.629711017517,2,0,0,0,0,0,0,0,5,5,20,20
31,cn7199,volume_payload_prepare,compute,0.00038630500012,1,6541026615,135650327,2.07383848109,17683489108,28160623331,0.627950912171,102,0,0,0,0,0,0,0,0,0,0,0
31,cn7199,volume_payload_exchange,communication,0.014720355,1,6557429072,135671504,2.06897402184,17715862629,28189295560,0.62846063646,445,0,0,0,0,0,0,0,5,5,3495000,3521760
31,cn7199,volume_exchange_unpack,compute,0.16556264,1,6646838975,138314093,2.08090031247,17977182205,28488047464,0.631042974346,6233,0,0,0,0,0,0,0,0,0,0,0
31,cn7199,final_mesh_save,io,0,0,0,0,0,0,0,0,0,0,0,0,0,0,0,0,0,0,0,0
31,cn7199,testout_io,io,0,0,0,0,0,0,0,0,0,0,0,0,0,0,0,0,0,0,0,0
31,cn7199,final_count_exchange,communication,0,0,0,0,0,0,0,0,0,0,0,0,0,0,0,0,0,0,0,0
31,cn7199,quality_evaluation,postprocess,0,0,0,0,0,0,0,0,0,0,0,0,0,0,0,0,0,0,0,0
32,cn7200,geometry_load,io,2.152303846,1,1415407015,24343226,1.71987461854,3316362316,4681708748,0.708365790037,5963,0,1035180,0,0,0,2,2,0,0,0,0
32,cn7200,coarse_local_size,setup,0.526526603,1,267979904,6136323,2.28984446535,631869618,1018190634,0.620580858731,8491,0,0,0,0,0,106,43,0,0,0,0
32,cn7200,coarse_edge_mesh,setup,0.0126500020001,1,6291996,167212,2.65753506518,12800223,25077848,0.510419514466,509,0,0,0,0,0,0,0,0,0,0,0
32,cn7200,coarse_surface_mesh,setup,8.814962244,1,5669353179,161955326,2.85668083971,15310832670,19146608800,0.799662897484,13895,0,0,0,0,0,0,11,0,0,0,0
32,cn7200,coarse_volume_mesh,setup,14.709963326,1,5347500464,131308527,2.4555122133,13511049483,22172042049,0.609373257237,25225,0,0,0,0,0,87771,2650467,0,0,0,0
32,cn7200,coarse_mesh_save,io,0,0,0,0,0,0,0,0,0,0,0,0,0,0,0,0,0,0,0,0
32,cn7200,submesh_initialization,setup,0.000116900999956,1,1968909053,48600977,2.46842163308,5390862609,9168418921,0.587981707146,1,0,0,0,0,0,0,0,0,0,0,0
32,cn7200,metis_partition,compute,0.183783074,1,2083122648,54766725,2.62906867498,5652088586,9571212819,0.590530029254,63,0,0,0,0,0,0,0,0,0,0,0
32,cn7200,face_map_setup,compute,0.00695179800005,1,1971948233,48668701,2.46805165498,5398758332,9183427527,0.587880539823,3,0,0,0,0,0,0,0,0,0,0,0
32,cn7200,face_local_extract,compute,0.161620905,1,2029959611,50774142,2.50123902588,5554061189,9521766992,0.583301523096,441,0,0,0,0,0,0,0,0,0,0,0
32,cn7200,face_pre_collective_wait,synchronization,0.0107667,1,1983295395,48596916,2.45031154323,5419219746,9191849465,0.589567939144,0,0,0,0,0,0,0,0,0,0,0,0
32,cn7200,face_collective_setup,compute,0.000119261000009,1,1968826396,48597662,2.46835689011,5390716611,9168335433,0.587971137225,16,0,0,0,0,0,0,0,0,0,0,0
32,cn7200,face_allgatherv,communication,0.0659515770001,1,2101460762,49264205,2.34428383774,5649052493,9311295315,0.606688146159,647,0,0,0,0,0,0,0,1,1,75808,4859624
32,cn7200,face_global_merge,compute,0.0765785360002,1,1987144631,49506908,2.49135907008,5435129275,9336005889,0.582168578257,115,0,0,0,0,0,0,0,0,0,0,0
32,cn7200,part_face_create,compute,0.018105222,1,1973449578,48775249,2.47157310446,5401213659,9207839306,0.586588609934,2,0,0,0,0,0,0,0,0,0,0,0
32,cn7200,surface_refine,compute,0.0148969259999,1,1974886214,48858449,2.47398805327,5403109662,9200744074,0.587247033342,47,0,0,0,0,0,0,0,0,0,0,0
32,cn7200,refined_surface_save,io,0,0,0,0,0,0,0,0,0,0,0,0,0,0,0,0,0,0,0,0
32,cn7200,local_volume_mesh,compute,12.339605684,1,5977316932,144787601,2.42228415604,16121452133,27260828865,0.591377914914,5240,0,0,0,0,0,65821,2513736,0,0,0,0
32,cn7200,volume_refine,compute,0.82971499,1,6065579512,155968979,2.5713780306,16125745446,28162013764,0.572606262504,4984,0,0,0,0,0,0,0,0,0,0,0
32,cn7200,refined_volume_save,io,0,0,0,0,0,0,0,0,0,0,0,0,0,0,0,0,0,0,0,0
32,cn7200,adjacency_build,compute,0.00381286299989,1,5763736058,142516909,2.47264808044,15553193313,26511468114,0.586659073203,0,0,0,0,0,0,0,0,0,0,0,0
32,cn7200,vertex_numbering_local,compute,0.017160291,1,5771052916,142641851,2.47167809889,15570494583,26540571056,0.58666765497,34,0,0,0,0,0,0,0,0,0,0,0
32,cn7200,vertex_count_allgather,communication,4.341072181,1,11525908135,190343135,1.65143720365,26923625172,36044974430,0.746945325881,39,0,0,0,0,0,0,5,1,1,4,256
32,cn7200,element_count_allgather,communication,0.00133829499987,1,5764472703,142495387,2.47195874353,15554416093,26506029021,0.586825589026,0,0,0,0,0,0,0,0,1,1,4,256
32,cn7200,vertex_exchange_prepare,compute,9.4560999969e-05,1,5762826657,142481434,2.47242269255,15551166109,26503182264,0.586765994894,15,0,0,0,0,0,0,0,0,0,0,0
32,cn7200,vertex_exchange,communication,0.0028978119999,1,5767339613,142510587,2.47099350069,15560227028,26509008326,0.586978842688,60,0,0,0,0,0,0,0,3,3,165682,122496
32,cn7200,vertex_exchange_unpack,compute,0.00171589899992,1,5763519716,142495052,2.47236166477,15552832358,26506901196,0.586746532271,0,0,0,0,0,0,0,0,0,0,0,0
32,cn7200,partition_result_io,io,0,0,0,0,0,0,0,0,0,0,0,0,0,0,0,0,0,0,0,0
32,cn7200,volume_exchange_pack,compute,0.290623207,2,11684342577,287254574,2.45845730821,31548480768,53635309980,0.588203569249,1221,0,0,0,0,0,0,0,0,0,0,0
32,cn7200,volume_size_exchange,communication,4.43599999471e-05,1,5762829839,142481591,2.47242405174,15551169505,26503206464,0.586765587255,1,0,0,0,0,0,0,0,4,4,16,16
32,cn7200,volume_payload_prepare,compute,0.000291642999855,1,5762827026,142481460,2.47242298541,15551262045,26503399268,0.586764810346,68,0,0,0,0,0,0,0,0,0,0,0
32,cn7200,volume_payload_exchange,communication,0.0215938609999,1,5788918685,142707150,2.46517800241,15602877601,26547803762,0.587727623003,372,0,0,0,0,0,0,0,4,4,3082800,3090480
32,cn7200,volume_exchange_unpack,compute,0.202242659,1,5896507224,145433708,2.46643822309,15925349016,26901876870,0.59197910588,8041,0,0,0,0,0,0,0,0,0,0,0
32,cn7200,final_mesh_save,io,0,0,0,0,0,0,0,0,0,0,0,0,0,0,0,0,0,0,0,0
32,cn7200,testout_io,io,0,0,0,0,0,0,0,0,0,0,0,0,0,0,0,0,0,0,0,0
32,cn7200,final_count_exchange,communication,0,0,0,0,0,0,0,0,0,0,0,0,0,0,0,0,0,0,0,0
32,cn7200,quality_evaluation,postprocess,0,0,0,0,0,0,0,0,0,0,0,0,0,0,0,0,0,0,0,0
33,cn7201,geometry_load,io,1.739266449,1,1401650893,25510253,1.82001475028,3316867689,3764727934,0.881037819239,5962,0,1035180,0,0,0,2,16,0,0,0,0
33,cn7201,coarse_local_size,setup,0.463012641,1,267440919,6321978,2.36387835625,632377982,883638948,0.715652001795,8486,0,0,0,0,0,141,59,0,0,0,0
33,cn7201,coarse_edge_mesh,setup,0.0125514249999,1,6293121,166325,2.6429652314,12808109,24688786,0.518782454512,508,0,0,0,0,0,0,0,0,0,0,0
33,cn7201,coarse_surface_mesh,setup,8.042102913,1,5654863044,161333642,2.85300706215,15314013072,17447056011,0.877741956141,8425,0,0,0,0,0,0,77,0,0,0,0
33,cn7201,coarse_volume_mesh,setup,14.148627963,1,5269507373,128331468,2.43535987173,13357918580,21137782302,0.631945129775,19588,0,0,0,0,0,80335,2741668,0,0,0,0
33,cn7201,coarse_mesh_save,io,0,0,0,0,0,0,0,0,0,0,0,0,0,0,0,0,0,0,0,0
33,cn7201,submesh_initialization,setup,0.000120002000131,1,4517630916,115438598,2.55529059692,11257288110,18191807599,0.618810860259,1,0,0,0,0,0,0,0,0,0,0,0
33,cn7201,metis_partition,compute,0.163787256,1,4631381191,121508589,2.62359291945,11518562801,18550458574,0.620931431698,61,0,0,0,0,0,0,1,0,0,0,0
33,cn7201,face_map_setup,compute,0.00669227799995,1,4520697038,115503595,2.55499525912,11265171783,18206242875,0.618753240872,3,0,0,0,0,0,0,0,0,0,0,0
33,cn7201,face_local_extract,compute,0.15461918,1,4578566659,117590207,2.56827552721,11420488655,18530658057,0.616302379542,25,0,0,0,0,0,0,1,0,0,0,0
33,cn7201,face_pre_collective_wait,synchronization,0.038087462,1,4567601760,115641071,2.53176780893,11355959715,18275246780,0.62138475347,0,0,0,0,0,0,0,1,0,0,0,0
33,cn7201,face_collective_setup,compute,0.00011444200004,1,4517551242,115435122,2.55525871908,11257142173,18191717033,0.618805918791,15,0,0,0,0,0,0,0,0,0,0,0
33,cn7201,face_allgatherv,communication,0.0659338330001,1,4652984878,115888642,2.49063010172,11521133395,18335942985,0.628336017647,40,0,0,0,0,0,0,0,1,1,75808,4859624
33,cn7201,face_global_merge,compute,0.0737112869999,1,4535675176,116316428,2.56447879283,11301553800,18353246251,0.615779554496,0,0,0,0,0,0,0,2,0,0,0,0
33,cn7201,part_face_create,compute,0.0176260800001,1,4522059861,115616548,2.55672307651,11267612057,18230211928,0.6180735639,2,0,0,0,0,0,0,0,0,0,0,0
33,cn7201,surface_refine,compute,0.014844179,1,4523500720,115699104,2.5577337368,11269300367,18224072825,0.618374414721,1,0,0,0,0,0,0,0,0,0,0,0
33,cn7201,refined_surface_save,io,0,0,0,0,0,0,0,0,0,0,0,0,0,0,0,0,0,0,0,0
33,cn7201,local_volume_mesh,compute,13.314696665,1,9011083150,222043006,2.4641100554,23388589903,38002901713,0.615442212272,5326,0,0,0,0,0,67416,2629623,0,0,0,0
33,cn7201,volume_refine,compute,0.946783023,1,8703185855,222645564,2.55820762316,22285973672,37340005329,0.59683905976,8894,0,0,0,0,0,0,9,0,0,0,0
33,cn7201,refined_volume_save,io,0,0,0,0,0,0,0,0,0,0,0,0,0,0,0,0,0,0,0,0
33,cn7201,adjacency_build,compute,0.00359213299998,1,8374122951,210027838,2.50805773009,21657235924,35461195852,0.61073055783,0,0,0,0,0,0,0,0,0,0,0,0
33,cn7201,vertex_numbering_local,compute,0.015093362,1,8378957541,210131634,2.50784937114,21668866945,35484150513,0.610663257588,420,0,0,0,0,0,0,0,0,0,0,0
33,cn7201,vertex_count_allgather,communication,3.254824982,1,12769280373,210000574,1.64457641986,30322017751,42606793622,0.71167096074,34,0,0,0,0,0,0,28,1,1,4,256
33,cn7201,element_count_allgather,communication,0.00128407900002,1,8374949846,209993402,2.50739892013,21658655701,35456119753,0.610858036691,0,0,0,0,0,0,0,0,1,1,4,256
33,cn7201,vertex_exchange_prepare,compute,0.000129062000042,1,8373279292,209993201,2.50789677111,21655365755,35453355166,0.610812873806,29,0,0,0,0,0,0,0,0,0,0,0
33,cn7201,vertex_exchange,communication,0.00264585900004,1,8377309972,210006936,2.50685407012,21663354648,35458784468,0.610944649486,30,0,0,0,0,0,0,0,3,3,64768,113916
33,cn7201,vertex_exchange_unpack,compute,0.0016038440001,1,8373916541,210005373,2.50785127809,21656887267,35456820439,0.610796089408,0,0,0,0,0,0,0,0,0,0,0,0
33,cn7201,partition_result_io,io,0,0,0,0,0,0,0,0,0,0,0,0,0,0,0,0,0,0,0,0
33,cn7201,volume_exchange_pack,compute,0.287233596,2,16914495591,422269088,2.49649234722,43787960915,71530957879,0.612153984979,767,0,0,0,0,0,0,2,0,0,0,0
33,cn7201,volume_size_exchange,communication,0.019305064,1,8399295203,209994155,2.50014018944,21706728261,35495678622,0.611531575214,1,0,0,0,0,0,0,0,4,4,16,16
33,cn7201,volume_payload_prepare,compute,0.000185023000085,1,8373279531,209993216,2.50789687867,21655427887,35453489421,0.610812313277,34,0,0,0,0,0,0,0,0,0,0,0
33,cn7201,volume_payload_exchange,communication,0.00252795699998,1,8374835348,210010445,2.50763670297,21658543964,35457078776,0.610838363217,205,0,0,0,0,0,0,0,4,4,1902000,1895520
33,cn7201,volume_exchange_unpack,compute,0.198488908,1,8513841351,212724231,2.49856935583,22052638369,35838173488,0.615339349713,8997,0,0,0,0,0,0,3,0,0,0,0
33,cn7201,final_mesh_save,io,0,0,0,0,0,0,0,0,0,0,0,0,0,0,0,0,0,0,0,0
33,cn7201,testout_io,io,0,0,0,0,0,0,0,0,0,0,0,0,0,0,0,0,0,0,0,0
33,cn7201,final_count_exchange,communication,0,0,0,0,0,0,0,0,0,0,0,0,0,0,0,0,0,0,0,0
33,cn7201,quality_evaluation,postprocess,0,0,0,0,0,0,0,0,0,0,0,0,0,0,0,0,0,0,0,0
34,cn7202,geometry_load,io,1.717541343,1,1395639900,25070502,1.7963446015,3318047213,3721835622,0.891508263661,5962,0,1035180,0,0,0,2,1,0,0,0,0
34,cn7202,coarse_local_size,setup,0.457040343,1,265768617,6200438,2.33302113319,632153879,871766844,0.725140997677,7934,0,0,0,0,0,149,58,0,0,0,0
34,cn7202,coarse_edge_mesh,setup,0.0126166370001,1,6290054,165363,2.62895994216,12801955,24756839,0.517107818167,517,0,0,0,0,0,0,0,0,0,0,0
34,cn7202,coarse_surface_mesh,setup,8.082219333,1,5658114831,161441409,2.85327204947,15313750274,17577701389,0.871203232727,10253,0,0,0,0,0,0,10,0,0,0,0
34,cn7202,coarse_volume_mesh,setup,14.318960039,1,5296744038,126421230,2.38677249822,13403868676,21321995818,0.628640432651,22043,0,0,0,0,0,82672,2816662,0,0,0,0
34,cn7202,coarse_mesh_save,io,0,0,0,0,0,0,0,0,0,0,0,0,0,0,0,0,0,0,0,0
34,cn7202,submesh_initialization,setup,0.000121080999861,1,2115056424,41403275,1.95754943131,5796519867,8972827710,0.646008154212,1,0,0,0,0,0,0,0,0,0,0,0
34,cn7202,metis_partition,compute,0.162591535,1,2228506230,47443184,2.1289231038,6057814444,9329100122,0.649346063905,62,0,0,0,0,0,0,0,0,0,0,0
34,cn7202,face_map_setup,compute,0.00675076399989,1,2118151411,41465715,1.95763696517,5804411417,8987381797,0.645840084254,3,0,0,0,0,0,0,0,0,0,0,0
34,cn7202,face_local_extract,compute,0.151244654,1,2176083049,43542575,2.00096108556,5959719494,9304337057,0.64053134119,25,0,0,0,0,0,0,0,0,0,0,0
34,cn7202,face_pre_collective_wait,synchronization,0.0425037069999,1,2170055886,42215882,1.94538224902,5905008740,9066053042,0.651331810287,0,0,0,0,0,0,0,0,0,0,0,0
34,cn7202,face_collective_setup,compute,0.000117240999998,1,2114976481,41399799,1.95745907209,5796374010,8972730788,0.645998876702,16,0,0,0,0,0,0,0,0,0,0,0
34,cn7202,face_allgatherv,communication,0.065717294,1,2250603368,41820689,1.85819898764,6060779548,9116524001,0.66481254778,41,0,0,0,0,0,0,0,1,1,75808,4859624
34,cn7202,face_global_merge,compute,0.0728410629999,1,2133167403,42254127,1.98081627071,5840784761,9132580396,0.639554704994,0,0,0,0,0,0,0,0,0,0,0,0
34,cn7202,part_face_create,compute,0.0176476790002,1,2119500626,41576067,1.96159729749,5806859353,9011152956,0.644408033173,2,0,0,0,0,0,0,1,0,0,0,0
34,cn7202,surface_refine,compute,0.0150419069998,1,2120926027,41650794,1.96380229531,5808532770,9005565695,0.644993659113,1,0,0,0,0,0,0,0,0,0,0,0
34,cn7202,refined_surface_save,io,0,0,0,0,0,0,0,0,0,0,0,0,0,0,0,0,0,0,0,0
34,cn7202,local_volume_mesh,compute,13.910961063,1,6820309218,150601458,2.20813240553,18452556411,29462165025,0.626313660091,5332,0,0,0,0,0,73335,2824662,0,0,0,0
34,cn7202,volume_refine,compute,0.899430405,1,4689603317,90638832,1.93276117132,12448327025,19780929509,0.6293095084,7047,0,0,0,0,0,0,1,0,0,0,0
34,cn7202,refined_volume_save,io,0,0,0,0,0,0,0,0,0,0,0,0,0,0,0,0,0,0,0,0
34,cn7202,adjacency_build,compute,0.00370414600002,1,4367148634,77732873,1.77994566969,11834585447,17987485717,0.657934390231,0,0,0,0,0,0,0,0,0,0,0,0
34,cn7202,vertex_numbering_local,compute,0.0172937939999,1,4374202225,77853734,1.779838471,11851588885,18014868830,0.657878167021,458,0,0,0,0,0,0,0,0,0,0,0
34,cn7202,vertex_count_allgather,communication,2.704056268,1,7912147098,126781397,1.60236400347,18831663127,23922697818,0.787188103544,41,0,0,0,0,0,0,3,1,1,4,256
34,cn7202,element_count_allgather,communication,0.00134461599987,1,4367944355,77721811,1.77936815772,11835931909,17982296171,0.658199141892,0,0,0,0,0,0,0,0,1,1,4,256
34,cn7202,vertex_exchange_prepare,compute,0.000116640999977,1,4366238954,77698150,1.77952124972,11832576295,17979397769,0.658118611481,19,0,0,0,0,0,0,0,0,0,0,0
34,cn7202,vertex_exchange,communication,0.00257149100003,1,4370352893,77726127,1.77848628939,11840744012,17984545527,0.658384388653,51,0,0,0,0,0,0,0,4,5,159038,117546
34,cn7202,vertex_exchange_unpack,compute,0.00165676100005,1,4366901780,77710584,1.77953587955,11834165733,17982979496,0.658075917599,0,0,0,0,0,0,0,0,0,0,0,0
34,cn7202,partition_result_io,io,0,0,0,0,0,0,0,0,0,0,0,0,0,0,0,0,0,0,0,0
34,cn7202,volume_exchange_pack,compute,0.287498823,2,8894303598,158158796,1.778203254,24119587347,36581589507,0.659336777654,1084,0,0,0,0,0,0,0,0,0,0,0
34,cn7202,volume_size_exchange,communication,0.0191307770001,1,4391544018,77861473,1.77298628184,11882457752,18021314926,0.659355757379,2,0,0,0,0,0,0,0,5,5,20,20
34,cn7202,volume_payload_prepare,compute,0.000351645000137,1,4366239467,77698216,1.77952255224,11832654294,17979567916,0.658116721674,102,0,0,0,0,0,0,0,0,0,0,0
34,cn7202,volume_payload_exchange,communication,0.00293565600009,1,4367551080,77716796,1.7794135564,11835363962,17982774256,0.658150060359,405,0,0,0,0,0,0,0,5,5,2959320,2966520
34,cn7202,volume_exchange_unpack,compute,0.216985609,1,4511681093,80826899,1.79150293059,12240080570,18404913027,0.665044195104,8969,0,0,0,0,0,0,1,0,0,0,0
34,cn7202,final_mesh_save,io,0,0,0,0,0,0,0,0,0,0,0,0,0,0,0,0,0,0,0,0
34,cn7202,testout_io,io,0,0,0,0,0,0,0,0,0,0,0,0,0,0,0,0,0,0,0,0
34,cn7202,final_count_exchange,communication,0,0,0,0,0,0,0,0,0,0,0,0,0,0,0,0,0,0,0,0
34,cn7202,quality_evaluation,postprocess,0,0,0,0,0,0,0,0,0,0,0,0,0,0,0,0,0,0,0,0
35,cn7203,geometry_load,io,1.724510009,1,1398072698,21931042,1.56866249025,3317274903,3736085738,0.887901171341,5961,0,1035180,0,0,0,2,2,0,0,0,0
35,cn7203,coarse_local_size,setup,0.467291725,1,266687562,5939264,2.22704949397,632874945,878189688,0.720658593067,8450,0,0,0,0,0,146,68,0,0,0,0
35,cn7203,coarse_edge_mesh,setup,0.0125325180002,1,6288138,171334,2.7247175555,12804048,24634774,0.519755042202,507,0,0,0,0,0,0,0,0,0,0,0
35,cn7203,coarse_surface_mesh,setup,8.152548323,1,5659333934,162812409,2.87688287878,15310441979,17682031070,0.865875753661,15000,0,0,0,0,0,0,13,0,0,0,0
35,cn7203,coarse_volume_mesh,setup,14.316382669,1,5321872727,125146443,2.35154896443,13444049944,21450514495,0.62674720213,23789,0,0,0,0,0,85509,2724742,0,0,0,0
35,cn7203,coarse_mesh_save,io,0,0,0,0,0,0,0,0,0,0,0,0,0,0,0,0,0,0,0,0
35,cn7203,submesh_initialization,setup,0.000120441999798,1,4429866012,109163056,2.46425186911,10999325025,17687355354,0.621875051688,1,0,0,0,0,0,0,0,0,0,0,0
35,cn7203,metis_partition,compute,0.17424763,1,4543786165,115246206,2.53634748236,11260559437,18044702656,0.624036851793,54,0,0,0,0,0,0,0,0,0,0,0
35,cn7203,face_map_setup,compute,0.00676077600019,1,4432925606,109231794,2.46410167254,11007215960,17701930839,0.621808776687,3,0,0,0,0,0,0,0,0,0,0,0
35,cn7203,face_local_extract,compute,0.153608697,1,4491360475,111351155,2.47922997096,11162523908,18024050420,0.619312732038,24,0,0,0,0,0,0,0,0,0,0,0
35,cn7203,face_pre_collective_wait,synchronization,0.028539504,1,4467283041,109448383,2.44999884707,11073145076,17749854552,0.623844271149,0,0,0,0,0,0,0,0,0,0,0,0
35,cn7203,face_collective_setup,compute,0.000114101000008,1,4429786802,109159639,2.46421879605,10999179257,17687267443,0.621869901184,13,0,0,0,0,0,0,0,0,0,0,0
35,cn7203,face_allgatherv,communication,0.0656030099999,1,4564064220,109809072,2.40594931857,11260924415,17830823200,0.631542598381,34,0,0,0,0,0,0,0,1,1,75808,4859624
35,cn7203,face_global_merge,compute,0.0727604719998,1,4447926381,110051307,2.47421601828,11043590403,17846915786,0.618795456617,0,0,0,0,0,0,0,0,0,0,0,0
35,cn7203,part_face_create,compute,0.017521148,1,4434293084,109342689,2.46584262539,11009683780,17725509951,0.621120848451,2,0,0,0,0,0,0,0,0,0,0,0
35,cn7203,surface_refine,compute,0.0151607549999,1,4435874840,109425367,2.4668271975,11011633549,17720344012,0.621411951232,1,0,0,0,0,0,0,0,0,0,0,0
35,cn7203,refined_surface_save,io,0,0,0,0,0,0,0,0,0,0,0,0,0,0,0,0,0,0,0,0
35,cn7203,local_volume_mesh,compute,12.648670105,1,8769464508,210359323,2.39877044725,22720312847,36828040165,0.616929729228,5259,0,0,0,0,0,62205,2441992,0,0,0,0
35,cn7203,volume_refine,compute,0.908366458,1,8777809310,215651544,2.45678091633,22512531669,37231826560,0.604658265496,7175,0,0,0,0,0,0,2,0,0,0,0
35,cn7203,refined_volume_save,io,0,0,0,0,0,0,0,0,0,0,0,0,0,0,0,0,0,0,0,0
35,cn7203,adjacency_build,compute,0.00364947200001,1,8456526373,202965452,2.40010428689,21888097932,35422622899,0.617912964673,0,0,0,0,0,0,0,0,0,0,0,0
35,cn7203,vertex_numbering_local,compute,0.016351152,1,8462601388,203101629,2.39999049569,21902644025,35448127479,0.617878731055,442,0,0,0,0,0,0,0,0,0,0,0
35,cn7203,vertex_count_allgather,communication,3.958949508,1,13646794317,244794328,1.79378630845,32129939116,44117276517,0.728284736788,26,0,0,0,0,0,0,6,1,1,4,256
35,cn7203,element_count_allgather,communication,0.00127593799994,1,8457240831,202944277,2.39965115166,21889257668,35417446926,0.618036012413,0,0,0,0,0,0,0,0,1,1,4,256
35,cn7203,vertex_exchange_prepare,compute,0.000116840999908,1,8455631178,202931166,2.39995290391,21886089843,35414693701,0.617994610592,21,0,0,0,0,0,0,0,0,0,0,0
35,cn7203,vertex_exchange,communication,0.00248799499991,1,8459514352,202961138,2.39920555194,21893739664,35419731326,0.618122691629,37,0,0,0,0,0,0,0,4,3,128348,103070
35,cn7203,vertex_exchange_unpack,compute,0.00144711999997,1,8456210525,202942205,2.39991902283,21887478876,35417821468,0.61797925363,0,0,0,0,0,0,0,0,0,0,0,0
35,cn7203,partition_result_io,io,0,0,0,0,0,0,0,0,0,0,0,0,0,0,0,0,0,0,0,0
35,cn7203,volume_exchange_pack,compute,0.306915112,2,17076129871,408433858,2.39184089771,44236274809,71495955858,0.618724154089,871,0,0,0,0,0,0,0,0,0,0,0
35,cn7203,volume_size_exchange,communication,3.81400000151e-05,1,8455634984,202931311,2.39995353849,21886093182,35414720404,0.617994238902,0,0,0,0,0,0,0,0,5,5,20,20
35,cn7203,volume_payload_prepare,compute,0.000320384000133,1,8455631755,202931265,2.39995391095,21886142188,35414809874,0.617994061407,102,0,0,0,0,0,0,0,0,0,0,0
35,cn7203,volume_payload_exchange,communication,0.00289144099997,1,8456630767,202950927,2.39990289977,21888199093,35417689759,0.618001886683,451,0,0,0,0,0,0,0,5,5,2451960,2452560
35,cn7203,volume_exchange_unpack,compute,0.207981808,1,8598334360,205881800,2.39443817116,22288070247,35820859716,0.622209249686,8925,0,0,0,0,0,0,0,0,0,0,0
35,cn7203,final_mesh_save,io,0,0,0,0,0,0,0,0,0,0,0,0,0,0,0,0,0,0,0,0
35,cn7203,testout_io,io,0,0,0,0,0,0,0,0,0,0,0,0,0,0,0,0,0,0,0,0
35,cn7203,final_count_exchange,communication,0,0,0,0,0,0,0,0,0,0,0,0,0,0,0,0,0,0,0,0
35,cn7203,quality_evaluation,postprocess,0,0,0,0,0,0,0,0,0,0,0,0,0,0,0,0,0,0,0,0
36,cn7204,geometry_load,io,1.794132035,1,1401916152,23800471,1.69771002111,3317479604,3885691189,0.853768208187,6107,0,1035180,0,0,0,2,3,0,0,0,0
36,cn7204,coarse_local_size,setup,0.54861712,1,266846330,6273731,2.35106512426,632084578,914465318,0.691206725458,8360,0,0,0,0,0,131,52,0,0,0,0
36,cn7204,coarse_edge_mesh,setup,0.0124348300001,1,6285342,165701,2.63630841408,12798538,24417126,0.524162344086,504,0,0,0,0,0,0,0,0,0,0,0
36,cn7204,coarse_surface_mesh,setup,8.211210803,1,5656442447,160784861,2.84250856446,15314177457,17975028906,0.851969559386,8060,0,0,0,0,0,0,10,0,0,0,0
36,cn7204,coarse_volume_mesh,setup,14.187287352,1,5288374852,127907916,2.41866205743,13392010588,21297888607,0.628795221682,19794,0,0,0,0,0,86445,2715783,0,0,0,0
36,cn7204,coarse_mesh_save,io,0,0,0,0,0,0,0,0,0,0,0,0,0,0,0,0,0,0,0,0
36,cn7204,submesh_initialization,setup,0.000123362000068,1,4149103456,108579618,2.61694168756,10254604539,16717193226,0.613416642397,1,0,0,0,0,0,0,0,0,0,0,0
36,cn7204,metis_partition,compute,0.165833127,1,4261927352,114653028,2.69016852073,10515810969,17080510968,0.615661380898,59,0,0,0,0,0,0,0,0,0,0,0
36,cn7204,face_map_setup,compute,0.00679344200012,1,4152159722,108641489,2.61650553625,10262504211,16731841468,0.613351747961,3,0,0,0,0,0,0,0,0,0,0,0
36,cn7204,face_local_extract,compute,0.153115834,1,4210126782,110718149,2.62980557909,10417799622,17052825223,0.610913410873,25,0,0,0,0,0,0,0,0,0,0,0
36,cn7204,face_pre_collective_wait,synchronization,0.0373921130001,1,4199485042,108575554,2.58544923756,10353741757,16799152501,0.616325243573,0,0,0,0,0,0,0,0,0,0,0,0
36,cn7204,face_collective_setup,compute,0.000116461999824,1,4149023809,108576176,2.61690896457,10254458750,16717095774,0.613411497346,15,0,0,0,0,0,0,0,0,0,0,0
36,cn7204,face_allgatherv,communication,0.0654990329999,1,4283645486,109088958,2.54663833309,10516881238,16860379119,0.623763034258,38,0,0,0,0,0,0,0,1,1,75808,4859624
36,cn7204,face_global_merge,compute,0.073689072,1,4167230268,109434115,2.6260635473,10298870047,16878810245,0.610165639492,0,0,0,0,0,0,0,0,0,0,0,0
36,cn7204,part_face_create,compute,0.0177664350001,1,4153487754,108757919,2.61847212371,10264830431,16755720813,0.612616463688,2,0,0,0,0,0,0,1,0,0,0,0
36,cn7204,surface_refine,compute,0.01071525,1,4153520768,108757043,2.6184302204,10263779683,16740436194,0.613113037442,1,0,0,0,0,0,0,0,0,0,0,0
36,cn7204,refined_surface_save,io,0,0,0,0,0,0,0,0,0,0,0,0,0,0,0,0,0,0,0,0
36,cn7204,local_volume_mesh,compute,9.476320335,1,7009134030,172257155,2.45760965995,17804711925,29461555584,0.604337129254,2129,0,0,0,0,0,67245,2065992,0,0,0,0
36,cn7204,volume_refine,compute,0.644833004,1,6213031712,167855108,2.70166185818,15542013510,26568789627,0.584972583554,5788,0,0,0,0,0,0,1,0,0,0,0
36,cn7204,refined_volume_save,io,0,0,0,0,0,0,0,0,0,0,0,0,0,0,0,0,0,0,0,0
36,cn7204,adjacency_build,compute,0.00380502600001,1,5991255161,157674834,2.63174960443,15118450690,25310526792,0.597318689344,0,0,0,0,0,0,0,0,0,0,0,0
36,cn7204,vertex_numbering_local,compute,0.0174371109999,1,6000315702,157859935,2.63086048868,15140276184,25340357582,0.597476816774,3,0,0,0,0,0,0,0,0,0,0,0
36,cn7204,vertex_count_allgather,communication,7.397070476,1,16082440500,157657321,0.980307192804,35006485187,41564813887,0.842214409577,26,0,0,0,0,0,0,8,1,1,4,256
36,cn7204,element_count_allgather,communication,0.00141463700015,1,5992174698,157639762,2.63076044917,15120048244,25305268764,0.597505933844,0,0,0,0,0,0,0,0,1,1,4,256
36,cn7204,vertex_exchange_prepare,compute,2.09009999708e-05,1,5990306104,157639541,2.63157738959,15116372523,25302203843,0.597433038513,0,0,0,0,0,0,0,0,0,0,0,0
36,cn7204,vertex_exchange,communication,0.00392674699992,1,5996068854,157712623,2.63026704396,15127927739,25310272508,0.597699125295,52,0,0,0,0,0,0,0,7,5,311850,84436
36,cn7204,vertex_exchange_unpack,compute,0.00121851500012,1,5990775417,157648499,2.63152076362,15117490406,25304789203,0.597416176231,0,0,0,0,0,0,0,0,0,0,0,0
36,cn7204,partition_result_io,io,0,0,0,0,0,0,0,0,0,0,0,0,0,0,0,0,0,0,0,0
36,cn7204,volume_exchange_pack,compute,0.264226403,2,12109615513,317984919,2.62588782161,30586172442,51172990697,0.597701483251,1612,0,0,0,0,0,0,0,0,0,0,0
36,cn7204,volume_size_exchange,communication,0.042368631,1,6047590446,157640765,2.60667064689,15229436659,25395266139,0.599695887243,1,0,0,0,0,0,0,0,7,7,28,28
36,cn7204,volume_payload_prepare,compute,0.000468345999934,1,5990307568,157639710,2.63157956767,15116478536,25302466082,0.597431036446,136,0,0,0,0,0,0,0,0,0,0,0
36,cn7204,volume_payload_exchange,communication,0.00281433400005,1,5990442478,157651470,2.63171661491,15116787957,25303627746,0.597415837316,609,0,0,0,0,0,0,0,7,7,4212000,4225800
36,cn7204,volume_exchange_unpack,compute,0.189565962,1,6103303157,160480135,2.62939806318,15429845257,25680927248,0.600828977396,6385,0,0,0,0,0,0,1,0,0,0,0
36,cn7204,final_mesh_save,io,0,0,0,0,0,0,0,0,0,0,0,0,0,0,0,0,0,0,0,0
36,cn7204,testout_io,io,0,0,0,0,0,0,0,0,0,0,0,0,0,0,0,0,0,0,0,0
36,cn7204,final_count_exchange,communication,0,0,0,0,0,0,0,0,0,0,0,0,0,0,0,0,0,0,0,0
36,cn7204,quality_evaluation,postprocess,0,0,0,0,0,0,0,0,0,0,0,0,0,0,0,0,0,0,0,0
37,cn7205,geometry_load,io,1.73374886,1,1401655602,23775892,1.69627203473,3316408411,3753238255,0.883612546201,5960,0,1035180,0,0,0,2,3,0,0,0,0
37,cn7205,coarse_local_size,setup,0.462523164,1,266547502,5956722,2.23476939581,632050373,873418512,0.723651221398,8335,0,0,0,0,0,138,91,0,0,0,0
37,cn7205,coarse_edge_mesh,setup,0.0126237510001,1,6280190,179256,2.85430854799,12807215,24876355,0.514834870302,487,0,0,0,0,0,0,0,0,0,0,0
37,cn7205,coarse_surface_mesh,setup,8.195876017,1,5673017695,162222237,2.85954047249,15311960917,17890505529,0.855870779737,17163,0,0,0,0,0,0,10,0,0,0,0
37,cn7205,coarse_volume_mesh,setup,14.573868124,1,5365595565,127716851,2.380292168,13513515035,22008496048,0.614013561196,35293,0,0,0,0,0,88743,2754432,0,0,0,0
37,cn7205,coarse_mesh_save,io,0,0,0,0,0,0,0,0,0,0,0,0,0,0,0,0,0,0,0,0
37,cn7205,submesh_initialization,setup,0.000134701999968,1,2695470239,51945934,1.9271566515,7304720933,11313977583,0.645636857543,6,0,0,0,0,0,0,0,0,0,0,0
37,cn7205,metis_partition,compute,0.17263209,1,2808440349,57980675,2.06451509717,7565974115,11689607456,0.647239365691,907,0,0,0,0,0,0,0,0,0,0,0
37,cn7205,face_map_setup,compute,0.00723764700001,1,2698492463,52009991,1.92737210547,7312611779,11329091932,0.64547201337,219,0,0,0,0,0,0,0,0,0,0,0
37,cn7205,face_local_extract,compute,0.163356938,1,2756584932,54088294,1.96214864894,7467921157,11670017079,0.639923755591,722,0,0,0,0,0,0,0,0,0,0,0
37,cn7205,face_pre_collective_wait,synchronization,0.019867899,1,2722206682,52163945,1.91623749016,7357370394,11357401549,0.647804021215,0,0,0,0,0,0,0,0,0,0,0,0
37,cn7205,face_collective_setup,compute,0.000112661000003,1,2695387774,51942469,1.92708705964,7304575076,11313861885,0.645630568081,13,0,0,0,0,0,0,0,0,0,0,0
37,cn7205,face_allgatherv,communication,0.065387524,1,2828399451,52382708,1.85202652269,7563738839,11455008772,0.660299698547,825,0,0,0,0,0,0,0,1,1,75808,4859624
37,cn7205,face_global_merge,compute,0.0776177099999,1,2713596146,52842838,1.94733612361,7348986443,11483287742,0.639972332673,409,0,0,0,0,0,0,0,0,0,0,0
37,cn7205,part_face_create,compute,0.0185393219999,1,2700007958,52120284,1.93037519929,7315009634,11354311155,0.644249530785,2,0,0,0,0,0,0,0,0,0,0,0
37,cn7205,surface_refine,compute,0.014898439,1,2700869739,52192153,1.93242022177,7315524087,11346319005,0.644748669923,10,0,0,0,0,0,0,0,0,0,0,0
37,cn7205,refined_surface_save,io,0,0,0,0,0,0,0,0,0,0,0,0,0,0,0,0,0,0,0,0
37,cn7205,local_volume_mesh,compute,10.331732218,1,5913813039,120557884,2.03858125384,15791943115,25088881022,0.629439914086,6032,0,0,0,0,0,61592,2516144,0,0,0,0
37,cn7205,volume_refine,compute,0.774892208,1,5611833244,123836149,2.20669687811,14838616690,24345691876,0.609496610964,8523,0,0,0,0,0,0,1,0,0,0,0
37,cn7205,refined_volume_save,io,0,0,0,0,0,0,0,0,0,0,0,0,0,0,0,0,0,0,0,0
37,cn7205,adjacency_build,compute,0.003688324,1,5350206469,113248238,2.11670780663,14337992884,22826214203,0.628137139014,0,0,0,0,0,0,0,0,0,0,0,0
37,cn7205,vertex_numbering_local,compute,0.0132326190001,1,5355148364,113352201,2.11669580925,14349846491,22847074792,0.628082440384,2,0,0,0,0,0,0,0,0,0,0,0
37,cn7205,vertex_count_allgather,communication,6.406806093,1,13964727341,161199571,1.15433382309,31328066430,36902784933,0.848935019047,26,0,0,0,0,0,0,6,1,1,4,256
37,cn7205,element_count_allgather,communication,0.00131577599996,1,5351071973,113224506,2.11592194183,14339486018,22820994392,0.628346239944,0,0,0,0,0,0,0,0,1,1,4,256
37,cn7205,vertex_exchange_prepare,compute,1.78000000233e-05,1,5349362871,113214798,2.11641649165,14336127007,22818139575,0.628277645506,0,0,0,0,0,0,0,0,0,0,0,0
37,cn7205,vertex_exchange,communication,0.00264721199983,1,5353107200,113243778,2.11547749315,14343547402,22823604733,0.628452322488,26,0,0,0,0,0,0,0,2,2,73128,122122
37,cn7205,vertex_exchange_unpack,compute,0.00168654000004,1,5350055686,113227227,2.11637473786,14337784260,22821810254,0.628249209875,0,0,0,0,0,0,0,0,0,0,0,0
37,cn7205,partition_result_io,io,0,0,0,0,0,0,0,0,0,0,0,0,0,0,0,0,0,0,0,0
37,cn7205,volume_exchange_pack,compute,0.211267312,2,10825618096,228291160,2.10880485507,29029652539,46095856793,0.629767067122,614,0,0,0,0,0,0,0,0,0,0,0
37,cn7205,volume_size_exchange,communication,0.09599641,1,5479478383,113215387,2.06617088501,14592783952,23029138550,0.633666080054,1,0,0,0,0,0,0,0,3,3,12,12
37,cn7205,volume_payload_prepare,compute,0.00021032199993,1,5349363361,113214853,2.11641732595,14336209032,22818344801,0.628275589532,34,0,0,0,0,0,0,0,0,0,0,0
37,cn7205,volume_payload_exchange,communication,0.00300369599995,1,5351810628,113225574,2.1156498589,14341039275,22823015941,0.628358640772,162,0,0,0,0,0,0,0,3,3,2093160,2082360
37,cn7205,volume_exchange_unpack,compute,0.157391006,1,5458966894,115269843,2.11156882315,14643195245,23125164350,0.633214753563,6766,0,0,0,0,0,0,0,0,0,0,0
37,cn7205,final_mesh_save,io,0,0,0,0,0,0,0,0,0,0,0,0,0,0,0,0,0,0,0,0
37,cn7205,testout_io,io,0,0,0,0,0,0,0,0,0,0,0,0,0,0,0,0,0,0,0,0
37,cn7205,final_count_exchange,communication,0,0,0,0,0,0,0,0,0,0,0,0,0,0,0,0,0,0,0,0
37,cn7205,quality_evaluation,postprocess,0,0,0,0,0,0,0,0,0,0,0,0,0,0,0,0,0,0,0,0
38,cn7206,geometry_load,io,1.726581266,1,1399932384,24089950,1.72079382371,3316873600,3738163328,0.887300342164,5961,0,1035180,0,0,0,2,3,0,0,0,0
38,cn7206,coarse_local_size,setup,0.444880651,1,266176562,6517886,2.44870771154,631111147,867496812,0.727508318497,7402,0,0,0,0,0,88,41,0,0,0,0
38,cn7206,coarse_edge_mesh,setup,0.012338838,1,6265871,161055,2.57035294854,12754952,24774743,0.514836904665,401,0,0,0,0,0,0,0,0,0,0,0
38,cn7206,coarse_surface_mesh,setup,8.232987531,1,5671848763,165863222,2.9243237775,15311874384,17966125550,0.852263574658,17214,0,0,0,0,0,0,14,0,0,0,0
38,cn7206,coarse_volume_mesh,setup,14.276670159,1,5297991511,127210368,2.40110554605,13384485790,21551863639,0.621036120783,28082,0,0,0,0,0,81403,2702247,0,0,0,0
38,cn7206,coarse_mesh_save,io,0,0,0,0,0,0,0,0,0,0,0,0,0,0,0,0,0,0,0,0
38,cn7206,submesh_initialization,setup,0.00015914200003,1,4966588441,121307868,2.44247876467,12436708815,20216098120,0.615188388045,1,0,0,0,0,0,0,0,0,0,0,0
38,cn7206,metis_partition,compute,0.172868412,1,5080246756,127344737,2.50666440266,12698011602,20593924076,0.616590192094,322,0,0,0,0,0,0,0,0,0,0,0
38,cn7206,face_map_setup,compute,0.0073407540001,1,4969611520,121380872,2.44246198141,12444601271,20231436930,0.615112080969,203,0,0,0,0,0,0,0,0,0,0,0
38,cn7206,face_local_extract,compute,0.162780702,1,5027710155,123471978,2.45582927801,12599908089,20571086342,0.612505721843,614,0,0,0,0,0,0,0,0,0,0,0
38,cn7206,face_pre_collective_wait,synchronization,0.0200772570001,1,4993281610,121303659,2.42933742726,12489436793,20259943409,0.616459609036,0,0,0,0,0,0,0,0,0,0,0,0
38,cn7206,face_collective_setup,compute,0.000119642000072,1,4966505355,121304304,2.44244786483,12436562882,20215961192,0.615185336175,16,0,0,0,0,0,0,0,0,0,0,0
38,cn7206,face_allgatherv,communication,0.065312595,1,5096676073,121727446,2.38836928729,12690069116,20353278081,0.623490184996,890,0,0,0,0,0,0,0,1,1,75808,4859624
38,cn7206,face_global_merge,compute,0.077535311,1,4984706509,122213381,2.4517668348,12480974924,20385508644,0.612247412707,269,0,0,0,0,0,0,0,0,0,0,0
38,cn7206,part_face_create,compute,0.018684379,1,4971012050,121492057,2.4440105109,12446994138,20256705285,0.614462913039,2,0,0,0,0,0,0,0,0,0,0,0
38,cn7206,surface_refine,compute,0.015209835,1,4972025967,121543148,2.44453968677,12447647986,20249122129,0.614725315335,5,0,0,0,0,0,0,0,0,0,0,0
38,cn7206,refined_surface_save,io,0,0,0,0,0,0,0,0,0,0,0,0,0,0,0,0,0,0,0,0
38,cn7206,local_volume_mesh,compute,10.933821339,1,8500673047,202234847,2.37904511657,21852115215,35869382578,0.609213586754,13133,0,0,0,0,0,65192,2250511,0,0,0,0
38,cn7206,volume_refine,compute,0.798124489,1,7246000224,170657111,2.3551905289,18119674705,29933671800,0.605327499615,8445,0,0,0,0,0,0,1,0,0,0,0
38,cn7206,refined_volume_save,io,0,0,0,0,0,0,0,0,0,0,0,0,0,0,0,0,0,0,0,0
38,cn7206,adjacency_build,compute,0.00397927099993,1,6978637933,159056627,2.27919299621,17604964149,28361563546,0.620733201837,2,0,0,0,0,0,0,0,0,0,0,0
38,cn7206,vertex_numbering_local,compute,0.0154992390001,1,6985562795,159175134,2.27863006419,17621753471,28386851395,0.620771681431,12,0,0,0,0,0,0,0,0,0,0,0
38,cn7206,vertex_count_allgather,communication,5.778580116,1,14712644149,159036007,1.08094782549,32859577634,41051641870,0.800444906395,75,0,0,0,0,0,0,9,1,1,4,256
38,cn7206,element_count_allgather,communication,0.00136663700005,1,6979446139,159023114,2.27844890315,17606357889,28355784743,0.62090885682,24,0,0,0,0,0,0,0,1,1,4,256
38,cn7206,vertex_exchange_prepare,compute,5.34809998953e-05,1,6977746434,159022832,2.27899986771,17603011549,28352937097,0.620853193755,22,0,0,0,0,0,0,0,0,0,0,0
38,cn7206,vertex_exchange,communication,0.00272727499987,1,6981983114,159051027,2.27802079156,17611520324,28358337636,0.621035003887,145,0,0,0,0,0,0,0,5,1,224004,60962
38,cn7206,vertex_exchange_unpack,compute,0.00137147800001,1,6978087707,159029453,2.27898329281,17603819751,28354969713,0.620837191123,502,0,0,0,0,0,0,0,0,0,0,0
38,cn7206,partition_result_io,io,0,0,0,0,0,0,0,0,0,0,0,0,0,0,0,0,0,0,0,0
38,cn7206,volume_exchange_pack,compute,0.259740542,2,14100543574,320361136,2.27197720654,35611348359,57262579454,0.62189563758,3316,0,0,0,0,0,0,0,0,0,0,0
38,cn7206,volume_size_exchange,communication,0.024591615,1,7010919041,159022956,2.26821840432,17668376701,28406929760,0.621974174973,0,0,0,0,0,0,0,0,4,4,16,16
38,cn7206,volume_payload_prepare,compute,0.000264183000127,1,6977747171,159022773,2.27899878145,17603079696,28353084375,0.620852372292,68,0,0,0,0,0,0,0,0,0,0,0
38,cn7206,volume_payload_exchange,communication,0.0247431759999,1,7008450928,159033777,2.2691715849,17663595494,28403964708,0.621870773168,486,0,0,0,0,0,0,0,4,4,3038880,3045360
38,cn7206,volume_exchange_unpack,compute,0.188008145,1,7100673214,163189356,2.29822371882,17939786640,28727276851,0.624486154154,6481,0,0,0,0,0,0,0,0,0,0,0
38,cn7206,final_mesh_save,io,0,0,0,0,0,0,0,0,0,0,0,0,0,0,0,0,0,0,0,0
38,cn7206,testout_io,io,0,0,0,0,0,0,0,0,0,0,0,0,0,0,0,0,0,0,0,0
38,cn7206,final_count_exchange,communication,0,0,0,0,0,0,0,0,0,0,0,0,0,0,0,0,0,0,0,0
38,cn7206,quality_evaluation,postprocess,0,0,0,0,0,0,0,0,0,0,0,0,0,0,0,0,0,0,0,0
39,cn7207,geometry_load,io,1.745075982,1,1405869114,24658366,1.75395886818,3315276254,3778346733,0.877440978363,5961,0,1035180,0,0,0,2,3,0,0,0,0
39,cn7207,coarse_local_size,setup,0.461349677,1,267439844,6297975,2.35491275563,632209407,879275727,0.719011554154,8348,0,0,0,0,0,125,114,0,0,0,0
39,cn7207,coarse_edge_mesh,setup,0.0127264069999,1,6341423,175295,2.76428492469,12806925,25062672,0.510995994362,506,0,0,0,0,0,0,0,0,0,0,0
39,cn7207,coarse_surface_mesh,setup,8.216597801,1,5674768631,165334403,2.91350033368,15312303902,17948105913,0.853143165982,15214,0,0,0,0,0,0,11,0,0,0,0
39,cn7207,coarse_volume_mesh,setup,14.165693594,1,5317049534,128431490,2.41546536625,13441951892,21431315345,0.627210774309,31671,0,0,0,0,0,85431,2600720,0,0,0,0
39,cn7207,coarse_mesh_save,io,0,0,0,0,0,0,0,0,0,0,0,0,0,0,0,0,0,0,0,0
39,cn7207,submesh_initialization,setup,0.000129981999862,1,2797449935,60938010,2.1783413972,7516632179,12370932128,0.607604350362,1,0,0,0,0,0,0,0,0,0,0,0
39,cn7207,metis_partition,compute,0.171456291,1,2911275373,66954934,2.29984887795,7777932176,12745809547,0.610234457632,307,0,0,0,0,0,0,0,0,0,0,0
39,cn7207,face_map_setup,compute,0.00736714599998,1,2800515678,61002259,2.17825093711,7524523384,12386328407,0.607486184505,225,0,0,0,0,0,0,0,0,0,0,0
39,cn7207,face_local_extract,compute,0.158031495,1,2858422820,63069254,2.20643543561,7679832783,12715406831,0.603978534472,740,0,0,0,0,0,0,0,0,0,0,0
39,cn7207,face_pre_collective_wait,synchronization,0.0261936439999,1,2832665560,60933971,2.15111772673,7584902955,12428239504,0.610295847015,0,0,0,0,0,0,0,0,0,0,0,0
39,cn7207,face_collective_setup,compute,0.000121282000009,1,2797366571,60934571,2.17828337665,7516486655,12370820955,0.607598047239,16,0,0,0,0,0,0,0,0,0,0,0
39,cn7207,face_allgatherv,communication,0.0651895770002,1,2929446167,61380335,2.09528803401,7772925647,12510996624,0.621287486569,1146,0,0,0,0,0,0,0,1,1,75808,4859624
39,cn7207,face_global_merge,compute,0.078452191,1,2815550693,61797688,2.19487037309,7560897209,12541515330,0.602869510586,526,0,0,0,0,0,0,0,0,0,0,0
39,cn7207,part_face_create,compute,0.0188218379999,1,2801867757,61115820,2.18125283919,7526862015,12411864611,0.606424759768,2,0,0,0,0,0,0,0,0,0,0,0
39,cn7207,surface_refine,compute,0.011800477,1,2801851946,61115961,2.18127018051,7525709088,12396340870,0.607091170445,48,0,0,0,0,0,0,0,0,0,0,0
39,cn7207,refined_surface_save,io,0,0,0,0,0,0,0,0,0,0,0,0,0,0,0,0,0,0,0,0
39,cn7207,local_volume_mesh,compute,11.447477134,1,6352627740,142257878,2.23935485947,16974382062,28014792579,0.605907825808,5242,0,0,0,0,0,70927,2683255,0,0,0,0
39,cn7207,volume_refine,compute,0.698132085,1,6168375730,144621113,2.34455745451,16354886186,27736661887,0.589648684208,6269,0,0,0,0,0,0,0,0,0,0,0
39,cn7207,refined_volume_save,io,0,0,0,0,0,0,0,0,0,0,0,0,0,0,0,0,0,0,0,0
39,cn7207,adjacency_build,compute,0.00414518800017,1,5935398704,135273774,2.27910172081,15905795648,26361004394,0.603383520987,10,0,0,0,0,0,0,0,0,0,0,0
39,cn7207,vertex_numbering_local,compute,0.015174396,1,5942198177,135384004,2.27834885285,15921915541,26385260723,0.603439765411,5,0,0,0,0,0,0,0,0,0,0,0
39,cn7207,vertex_count_allgather,communication,5.367323698,1,13098495698,135252199,1.03257810758,29780095557,38146355608,0.780679964897,101,0,0,0,0,0,0,7,1,1,4,256
39,cn7207,element_count_allgather,communication,0.00128865499983,1,5936151697,135238928,2.27822560647,15907051891,26354788280,0.603573503304,14,0,0,0,0,0,0,0,1,1,4,256
39,cn7207,vertex_exchange_prepare,compute,0.000159920999977,1,5934515001,135239395,2.27886179371,15903843069,26352177715,0.603511529142,84,0,0,0,0,0,0,0,0,0,0,0
39,cn7207,vertex_exchange,communication,0.00322935700001,1,5939902984,135258039,2.27710855488,15914471209,26358776128,0.603763662308,55,0,0,0,0,0,0,0,0,4,0,291654
39,cn7207,vertex_exchange_unpack,compute,0.00610541100014,1,5936144481,135270585,2.27876166817,15907710290,26361682828,0.603440622277,1977,0,0,0,0,0,0,0,0,0,0,0
39,cn7207,partition_result_io,io,0,0,0,0,0,0,0,0,0,0,0,0,0,0,0,0,0,0,0,0
39,cn7207,volume_exchange_pack,compute,0.250973894,2,11994743734,273183194,2.27752422276,32156123001,53242954742,0.603950760374,2619,0,0,0,0,0,0,0,0,0,0,0
39,cn7207,volume_size_exchange,communication,0.0505776269999,1,6002301189,135239542,2.25312822102,16034825717,26463121413,0.605931003631,3,0,0,0,0,0,0,0,4,4,16,16
39,cn7207,volume_payload_prepare,compute,0.000247382999987,1,5934515489,135238659,2.2788492043,15903948369,26352336732,0.603511883244,36,0,0,0,0,0,0,0,0,0,0,0
39,cn7207,volume_payload_exchange,communication,0.00302845500005,1,5936153493,135258127,2.27854834211,15907118417,26356047794,0.603547183604,308,0,0,0,0,0,0,0,4,4,3141120,3127920
39,cn7207,volume_exchange_unpack,compute,0.170753762,1,6045182300,138224046,2.28651575983,16212087905,26688775322,0.607449675356,6821,0,0,0,0,0,0,0,0,0,0,0
39,cn7207,final_mesh_save,io,0,0,0,0,0,0,0,0,0,0,0,0,0,0,0,0,0,0,0,0
39,cn7207,testout_io,io,0,0,0,0,0,0,0,0,0,0,0,0,0,0,0,0,0,0,0,0
39,cn7207,final_count_exchange,communication,0,0,0,0,0,0,0,0,0,0,0,0,0,0,0,0,0,0,0,0
39,cn7207,quality_evaluation,postprocess,0,0,0,0,0,0,0,0,0,0,0,0,0,0,0,0,0,0,0,0
40,cn7208,geometry_load,io,1.739488111,1,1400326382,25785239,1.84137350631,3316786070,3766505882,0.880600262926,6105,0,1035180,0,0,0,2,1,0,0,0,0
40,cn7208,coarse_local_size,setup,0.452278334,1,266487044,6130816,2.30060565346,631695053,871664052,0.724700131376,7907,0,0,0,0,0,92,40,0,0,0,0
40,cn7208,coarse_edge_mesh,setup,0.0126441099999,1,6317190,167308,2.64845603821,12798815,24919556,0.513605258456,490,0,0,0,0,0,0,0,0,0,0,0
40,cn7208,coarse_surface_mesh,setup,8.224805204,1,5671169780,164497447,2.90059111932,15314233322,17840538655,0.858395232237,16659,0,0,0,0,0,0,11,0,0,0,0
40,cn7208,coarse_volume_mesh,setup,14.182020504,1,5278425566,127101861,2.4079502384,13366050295,21214181026,0.63005261804,23456,0,0,0,0,0,85457,2625614,0,0,0,0
40,cn7208,coarse_mesh_save,io,0,0,0,0,0,0,0,0,0,0,0,0,0,0,0,0,0,0,0,0
40,cn7208,submesh_initialization,setup,0.000117361000093,1,4318508024,112769382,2.61130421371,10628959402,17526628845,0.606446310697,1,0,0,0,0,0,0,0,0,0,0,0
40,cn7208,metis_partition,compute,0.163959601,1,4432404045,118903796,2.68260282214,10890231454,17885838560,0.608874524807,63,0,0,0,0,0,0,0,0,0,0,0
40,cn7208,face_map_setup,compute,0.00675019999994,1,4321556808,112867342,2.61172875921,10636851428,17541183239,0.606393039915,3,0,0,0,0,0,0,0,0,0,0,0
40,cn7208,face_local_extract,compute,0.158949482,1,4379425445,114924678,2.62419532981,10792153247,17875033836,0.603755682144,25,0,0,0,0,0,0,0,0,0,0,0
40,cn7208,face_pre_collective_wait,synchronization,0.033476996,1,4360697531,113468724,2.60207737852,10712407791,17599994999,0.608659706529,0,0,0,0,0,0,0,0,0,0,0,0
40,cn7208,face_collective_setup,compute,0.000113741000177,1,4318427849,112765841,2.61127069718,10628813603,17526535173,0.606441233141,16,0,0,0,0,0,0,0,0,0,0,0
40,cn7208,face_allgatherv,communication,0.064848927,1,4450504392,113385668,2.54770376598,10886065680,17667149182,0.616175567878,571,0,0,0,0,0,0,0,1,1,75808,4859624
40,cn7208,face_global_merge,compute,0.073838435,1,4336558920,113637495,2.62045315413,10673223828,17688087637,0.603413101916,140,0,0,0,0,0,0,0,0,0,0,0
40,cn7208,part_face_create,compute,0.017583668,1,4322852705,112943798,2.61271446675,10639168852,17564895358,0.605706361191,2,0,0,0,0,0,0,0,0,0,0,0
40,cn7208,surface_refine,compute,0.0106354259999,1,4322728148,112942321,2.61275558243,10637595891,17549581991,0.606145257275,43,0,0,0,0,0,0,0,0,0,0,0
40,cn7208,refined_surface_save,io,0,0,0,0,0,0,0,0,0,0,0,0,0,0,0,0,0,0,0,0
40,cn7208,local_volume_mesh,compute,10.953610487,1,7734341535,187685491,2.42665119132,19706607775,32030808342,0.615239164887,1731,0,0,0,0,0,73348,2473186,0,0,0,0
40,cn7208,volume_refine,compute,0.634652912,1,7159573508,183763923,2.56668812457,18015014097,29981175177,0.600877516997,5404,0,0,0,0,0,0,1,0,0,0,0
40,cn7208,refined_volume_save,io,0,0,0,0,0,0,0,0,0,0,0,0,0,0,0,0,0,0,0,0
40,cn7208,adjacency_build,compute,0.00370960400005,1,6934395123,174373999,2.51462450447,17590961715,28747202740,0.611919075191,0,0,0,0,0,0,0,0,0,0,0,0
40,cn7208,vertex_numbering_local,compute,0.0154719030002,1,6941732774,174532773,2.51425369835,17608630668,28772932350,0.611985961452,2,0,0,0,0,0,0,0,0,0,0,0
40,cn7208,vertex_count_allgather,communication,5.93268511,1,14455416822,216136032,1.49519058953,32484757276,41779278182,0.777532755221,107,0,0,0,0,0,0,6,1,1,4,256
40,cn7208,element_count_allgather,communication,0.00143817699995,1,6935272778,174348363,2.51393663351,17592496001,28742190160,0.612079173614,3,0,0,0,0,0,0,0,1,1,4,256
40,cn7208,vertex_exchange_prepare,compute,2.05399999231e-05,1,6933499281,174338263,2.51443399551,17588985110,28739069805,0.612023465942,4,0,0,0,0,0,0,0,0,0,0,0
40,cn7208,vertex_exchange,communication,0.00444395299996,1,6940301109,174411041,2.51301835844,17602298149,28748487272,0.612286065088,45,0,0,0,0,0,0,0,6,3,312708,2860
40,cn7208,vertex_exchange_unpack,compute,9.13610001589e-05,1,6933516218,174338767,2.51443512236,17589023105,28739196717,0.612022085314,12,0,0,0,0,0,0,0,0,0,0,0
40,cn7208,partition_result_io,io,0,0,0,0,0,0,0,0,0,0,0,0,0,0,0,0,0,0,0,0
40,cn7208,volume_exchange_pack,compute,0.215670953,2,13990547723,350717600,2.5068182243,35520853393,57942845160,0.61303260644,1366,0,0,0,0,0,0,0,0,0,0,0
40,cn7208,volume_size_exchange,communication,0.100557471,1,7065044354,175070672,2.47798404692,17849392418,28960078363,0.616344755503,6,0,0,0,0,0,0,0,6,6,24,24
40,cn7208,volume_payload_prepare,compute,0.000367585000049,1,6933500500,174338409,2.51443565916,17589083047,28739314824,0.612021655865,102,0,0,0,0,0,0,0,0,0,0,0
40,cn7208,volume_payload_exchange,communication,0.00247864899984,1,6933942484,174352581,2.51447976966,17589997708,28740924025,0.612019213185,470,0,0,0,0,0,0,0,6,6,3355080,3376560
40,cn7208,volume_exchange_unpack,compute,0.176639931,1,7042563868,178453800,2.53393229149,17892772022,29088183596,0.615121668321,6419,0,0,0,0,0,0,1,0,0,0,0
40,cn7208,final_mesh_save,io,0,0,0,0,0,0,0,0,0,0,0,0,0,0,0,0,0,0,0,0
40,cn7208,testout_io,io,0,0,0,0,0,0,0,0,0,0,0,0,0,0,0,0,0,0,0,0
40,cn7208,final_count_exchange,communication,0,0,0,0,0,0,0,0,0,0,0,0,0,0,0,0,0,0,0,0
40,cn7208,quality_evaluation,postprocess,0,0,0,0,0,0,0,0,0,0,0,0,0,0,0,0,0,0,0,0
41,cn7209,geometry_load,io,1.730885645,1,1401236572,24259320,1.7312793917,3316132761,3749921365,0.884320613214,5960,0,1035180,0,0,0,2,1,0,0,0,0
41,cn7209,coarse_local_size,setup,0.468915351,1,267600123,6110602,2.28348250797,632255919,883024501,0.716011750845,8411,0,0,0,0,0,141,69,0,0,0,0
41,cn7209,coarse_edge_mesh,setup,0.0125697520002,1,6310666,162112,2.56885723314,12811287,24772179,0.517164315662,489,0,0,0,0,0,0,0,0,0,0,0
41,cn7209,coarse_surface_mesh,setup,8.075133747,1,5658859113,165812556,2.93014108832,15312955565,17542660592,0.872898126524,11852,0,0,0,0,0,0,15,0,0,0,0
41,cn7209,coarse_volume_mesh,setup,14.431290691,1,5332574584,128854763,2.41637057242,13487522117,21506442643,0.627138683086,20975,0,0,0,0,0,87431,2807474,0,0,0,0
41,cn7209,coarse_mesh_save,io,0,0,0,0,0,0,0,0,0,0,0,0,0,0,0,0,0,0,0,0
41,cn7209,submesh_initialization,setup,0.000120380999988,1,4265405463,102833833,2.41088060425,10740550657,16640979964,0.6454277741,1,0,0,0,0,0,0,0,0,0,0,0
41,cn7209,metis_partition,compute,0.163558956,1,4379072571,109033085,2.48986704907,11001813059,16999304668,0.647191945428,62,0,0,0,0,0,0,0,0,0,0,0
41,cn7209,face_map_setup,compute,0.00659540999982,1,4268449189,102893366,2.41055618666,10748439452,16655243470,0.645348683816,3,0,0,0,0,0,0,0,0,0,0,0
41,cn7209,face_local_extract,compute,0.152237882,1,4326422265,105010701,2.42719490997,10903746747,16974669018,0.642354012054,24,0,0,0,0,0,0,0,0,0,0,0
41,cn7209,face_pre_collective_wait,synchronization,0.040717696,1,4317607737,103264713,2.39171132002,10843777094,16730276867,0.648152877577,0,0,0,0,0,0,0,0,0,0,0,0
41,cn7209,face_collective_setup,compute,0.00011430099994,1,4265322637,102830376,2.41084637087,10740404971,16640884539,0.645422720519,15,0,0,0,0,0,0,0,0,0,0,0
41,cn7209,face_allgatherv,communication,0.0647662050001,1,4399385720,103270151,2.34737660148,11001648796,16782576115,0.655539931451,42,0,0,0,0,0,0,0,1,1,75808,4859624
41,cn7209,face_global_merge,compute,0.073564386,1,4283462725,103712108,2.42122120953,10784817338,16802298802,0.641865584292,0,0,0,0,0,0,0,0,0,0,0,0
41,cn7209,part_face_create,compute,0.017863285,1,4270035557,103010311,2.41239937291,10750963882,16679883139,0.644546714891,2,0,0,0,0,0,0,0,0,0,0,0
41,cn7209,surface_refine,compute,0.0164071640002,1,4272154566,103100903,2.41332333386,10754502417,16676707335,0.644881642459,1,0,0,0,0,0,0,0,0,0,0,0
41,cn7209,refined_surface_save,io,0,0,0,0,0,0,0,0,0,0,0,0,0,0,0,0,0,0,0,0
41,cn7209,local_volume_mesh,compute,14.959014987,1,9525892717,227268379,2.38579612171,24954585924,39253190173,0.635733957266,8798,0,0,0,0,0,76324,2973814,0,0,0,0
41,cn7209,volume_refine,compute,0.984770164,1,9453998677,231619863,2.44996716113,24490003381,39346901083,0.622412507896,7968,0,0,0,0,0,0,1,0,0,0,0
41,cn7209,refined_volume_save,io,0,0,0,0,0,0,0,0,0,0,0,0,0,0,0,0,0,0,0,0
41,cn7209,adjacency_build,compute,0.00366585099982,1,9095818868,218212256,2.39903915378,23793418888,37368321453,0.636726991281,0,0,0,0,0,0,0,0,0,0,0,0
41,cn7209,vertex_numbering_local,compute,0.0165435459999,1,9101466861,218344532,2.39900375769,23806706691,37396519675,0.636602199828,2,0,0,0,0,0,0,0,0,0,0,0
41,cn7209,vertex_count_allgather,communication,1.570096187,1,11213585906,218183127,1.94570344249,27971651251,40810871116,0.685397064216,37,0,0,0,0,0,0,2,1,1,4,256
41,cn7209,element_count_allgather,communication,0.00123757699998,1,9096561739,218178355,2.3984705569,23794640034,37362980864,0.636850687064,0,0,0,0,0,0,0,0,1,1,4,256
41,cn7209,vertex_exchange_prepare,compute,1.61000000389e-05,1,9094952854,218178097,2.3988920064,23791470735,37360297943,0.636811589974,0,0,0,0,0,0,0,0,0,0,0,0
41,cn7209,vertex_exchange,communication,0.00237665300006,1,9098173416,218204112,2.3983287856,23798016988,37365124490,0.636904528295,35,0,0,0,0,0,0,0,6,2,109076,84370
41,cn7209,vertex_exchange_unpack,compute,0.00119211599986,1,9095427531,218186774,2.39886221133,23792603373,37362877164,0.636797944349,0,0,0,0,0,0,0,0,0,0,0,0
41,cn7209,partition_result_io,io,0,0,0,0,0,0,0,0,0,0,0,0,0,0,0,0,0,0,0,0
41,cn7209,volume_exchange_pack,compute,0.29327251,2,18362058387,438982289,2.39070304509,48071260758,75359887571,0.637889231359,519,0,0,0,0,0,0,1,0,0,0,0
41,cn7209,volume_size_exchange,communication,0.0218093779999,1,9123556186,218179502,2.39138662109,23847995238,37408129743,0.637508354517,2,0,0,0,0,0,0,0,5,5,20,20
41,cn7209,volume_payload_prepare,compute,0.000263503000042,1,9094953621,218178213,2.39889307952,23791540919,37360466748,0.636810591245,68,0,0,0,0,0,0,0,0,0,0,0
41,cn7209,volume_payload_exchange,communication,0.00250183399999,1,9096146812,218190157,2.39870971203,23793922178,37363396341,0.636824392538,286,0,0,0,0,0,0,0,5,5,2026080,2017200
41,cn7209,volume_exchange_unpack,compute,0.215973113,1,9247147776,221190849,2.39198998824,24221557675,37779809237,0.64112440386,9698,0,0,0,0,0,0,0,0,0,0,0
41,cn7209,final_mesh_save,io,0,0,0,0,0,0,0,0,0,0,0,0,0,0,0,0,0,0,0,0
41,cn7209,testout_io,io,0,0,0,0,0,0,0,0,0,0,0,0,0,0,0,0,0,0,0,0
41,cn7209,final_count_exchange,communication,0,0,0,0,0,0,0,0,0,0,0,0,0,0,0,0,0,0,0,0
41,cn7209,quality_evaluation,postprocess,0,0,0,0,0,0,0,0,0,0,0,0,0,0,0,0,0,0,0,0
42,cn7210,geometry_load,io,1.73415211,1,1404091228,23183113,1.65111159002,3314725722,3755807567,0.882560052098,5963,0,1035180,0,0,0,2,3,0,0,0,0
42,cn7210,coarse_local_size,setup,0.463573883,1,267474606,6216770,2.32424681093,632070487,878665453,0.719352837695,8350,0,0,0,0,0,143,119,0,0,0,0
42,cn7210,coarse_edge_mesh,setup,0.012578628,1,6293433,159508,2.53451494598,12807589,24838254,0.515639666138,506,0,0,0,0,0,0,0,0,0,0,0
42,cn7210,coarse_surface_mesh,setup,8.18993163,1,5674627515,166080730,2.92672478609,15312044229,17889001065,0.855947415586,15290,0,0,0,0,0,0,20,0,0,0,0
42,cn7210,coarse_volume_mesh,setup,14.345932556,1,5322922115,127211455,2.38988007436,13438649100,21428548187,0.627137638198,31924,0,0,0,0,0,88603,2605079,0,0,0,0
42,cn7210,coarse_mesh_save,io,0,0,0,0,0,0,0,0,0,0,0,0,0,0,0,0,0,0,0,0
42,cn7210,submesh_initialization,setup,0.000127782000163,1,3440672945,74491621,2.16503056788,9266695592,14994783237,0.617994634903,1,0,0,0,0,0,0,0,0,0,0,0
42,cn7210,metis_partition,compute,0.171951612,1,3554348493,80496927,2.26474492185,9527983211,15370895568,0.619871702911,284,0,0,0,0,0,0,0,0,0,0,0
42,cn7210,face_map_setup,compute,0.00726905399983,1,3443709060,74556147,2.16499552375,9274583093,15010019594,0.617892803865,213,0,0,0,0,0,0,0,0,0,0,0
42,cn7210,face_local_extract,compute,0.15415687,1,3501760345,76675309,2.18962183147,9429894340,15331035087,0.615085301579,649,0,0,0,0,0,0,0,0,0,0,0
42,cn7210,face_pre_collective_wait,synchronization,0.029690522,1,3480409280,74487525,2.14019441415,9345132121,15059803874,0.62053478247,0,0,0,0,0,0,0,0,0,0,0,0
42,cn7210,face_collective_setup,compute,0.00011318199995,1,3440586061,74488122,2.1649835429,9266549687,14994669238,0.617989602833,15,0,0,0,0,0,0,0,0,0,0,0
42,cn7210,face_allgatherv,communication,0.064677519,1,3572739757,74926338,2.09716752678,9524002201,15134344806,0.629297291894,866,0,0,0,0,0,0,0,1,1,75808,4859624
42,cn7210,face_global_merge,compute,0.0773047080002,1,3458727090,75374405,2.17925274353,9310961490,15163719914,0.614028849307,257,0,0,0,0,0,0,0,0,0,0,0
42,cn7210,part_face_create,compute,0.0191215140001,1,3445347104,74679451,2.16754506138,9277076229,15036384155,0.616975207162,2,0,0,0,0,0,0,0,0,0,0,0
42,cn7210,surface_refine,compute,0.016811192,1,3446996375,74757394,2.1687691505,9279595791,15031410315,0.617346981856,1,0,0,0,0,0,0,0,0,0,0,0
42,cn7210,refined_surface_save,io,0,0,0,0,0,0,0,0,0,0,0,0,0,0,0,0,0,0,0,0
42,cn7210,local_volume_mesh,compute,14.781246272,1,8697010616,191606803,2.20313405905,23383678704,37179520803,0.628939754977,8517,0,0,0,0,0,72500,3014186,0,0,0,0
42,cn7210,volume_refine,compute,0.965985423,1,8233658024,191060645,2.32048312479,21845569400,36008986342,0.606669934902,9245,0,0,0,0,0,0,1,0,0,0,0
42,cn7210,refined_volume_save,io,0,0,0,0,0,0,0,0,0,0,0,0,0,0,0,0,0,0,0,0
42,cn7210,adjacency_build,compute,0.00396104100014,1,7893333095,178506790,2.26148811727,21194717686,34072185773,0.622053361273,27,0,0,0,0,0,0,0,0,0,0,0
42,cn7210,vertex_numbering_local,compute,0.0151627149999,1,7899043196,178613926,2.26120963727,21208202354,34096799803,0.621999791081,31,0,0,0,0,0,0,0,0,0,0,0
42,cn7210,vertex_count_allgather,communication,1.762463639,1,10279833839,178477973,1.73619511556,25908310940,37937226241,0.682925809478,43,0,0,0,0,0,0,5,1,1,4,256
42,cn7210,element_count_allgather,communication,0.00135557399994,1,7894214561,178472660,2.26080325814,21196249541,34066538961,0.622201438346,1,0,0,0,0,0,0,0,1,1,4,256
42,cn7210,vertex_exchange_prepare,compute,1.90999999177e-05,1,7892496288,178472302,2.26129092099,21192860244,34063665219,0.622154430762,0,0,0,0,0,0,0,0,0,0,0,0
42,cn7210,vertex_exchange,communication,0.00206252099997,1,7895567768,178497761,2.26073369573,21199061643,34067884759,0.622259403334,30,0,0,0,0,0,0,0,4,2,138314,68684
42,cn7210,vertex_exchange_unpack,compute,0.000989690000097,1,7892883709,178479339,2.26126908213,21193784760,34065795693,0.622142660368,0,0,0,0,0,0,0,0,0,0,0,0
42,cn7210,partition_result_io,io,0,0,0,0,0,0,0,0,0,0,0,0,0,0,0,0,0,0,0,0
42,cn7210,volume_exchange_pack,compute,0.281998233,2,15953064254,359306374,2.25227184119,42861669338,68741807858,0.623516760376,601,0,0,0,0,0,0,0,0,0,0,0
42,cn7210,volume_size_exchange,communication,0.0325586710001,1,7935582839,178473513,2.24902841569,21277966840,34135145909,0.623344833408,2,0,0,0,0,0,0,0,4,4,16,16
42,cn7210,volume_payload_prepare,compute,0.000263263000079,1,7892496841,178472425,2.26129232099,21192934985,34063845309,0.622153335678,68,0,0,0,0,0,0,0,0,0,0,0
42,cn7210,volume_payload_exchange,communication,0.00234022400014,1,7893885788,178483066,2.26102924204,21195658544,34066821156,0.622178936125,240,0,0,0,0,0,0,0,4,4,2168640,2175600
42,cn7210,volume_exchange_unpack,compute,0.208030479,1,8037489571,181545263,2.2587309308,21601455186,34469870176,0.626676430045,9114,0,0,0,0,0,0,0,0,0,0,0
42,cn7210,final_mesh_save,io,0,0,0,0,0,0,0,0,0,0,0,0,0,0,0,0,0,0,0,0
42,cn7210,testout_io,io,0,0,0,0,0,0,0,0,0,0,0,0,0,0,0,0,0,0,0,0
42,cn7210,final_count_exchange,communication,0,0,0,0,0,0,0,0,0,0,0,0,0,0,0,0,0,0,0,0
42,cn7210,quality_evaluation,postprocess,0,0,0,0,0,0,0,0,0,0,0,0,0,0,0,0,0,0,0,0
43,cn7211,geometry_load,io,1.744678955,1,1404681281,24403180,1.73727523319,3317203029,3777414802,0.878167530673,5962,0,1035180,0,0,0,2,4,0,0,0,0
43,cn7211,coarse_local_size,setup,0.464325564,1,267833514,6248818,2.33309786616,632316042,883136975,0.715988640381,8383,0,0,0,0,0,141,74,0,0,0,0
43,cn7211,coarse_edge_mesh,setup,0.0126801389999,1,6312930,170516,2.70105957139,12807433,24885551,0.514653382599,518,0,0,0,0,0,0,0,0,0,0,0
43,cn7211,coarse_surface_mesh,setup,8.197227063,1,5675774113,165322673,2.9127775297,15315154749,17910271268,0.855104566527,14663,0,0,0,0,0,0,16,0,0,0,0
43,cn7211,coarse_volume_mesh,setup,14.486952383,1,5343164178,126067116,2.35940936494,13479276235,21870801852,0.616313765093,31326,0,0,0,0,0,86994,2690151,0,0,0,0
43,cn7211,coarse_mesh_save,io,0,0,0,0,0,0,0,0,0,0,0,0,0,0,0,0,0,0,0,0
43,cn7211,submesh_initialization,setup,0.00012604199992,1,4437368681,113003391,2.54663065262,10956212951,18572782016,0.58990693702,1,0,0,0,0,0,0,0,0,0,0,0
43,cn7211,metis_partition,compute,0.174069046,1,4551882271,119098724,2.61647197597,11217496869,18952923246,0.591861040295,500,0,0,0,0,0,0,0,0,0,0,0
43,cn7211,face_map_setup,compute,0.00730392199989,1,4440399805,113092845,2.54690680944,10964109779,18588132710,0.589844604084,219,0,0,0,0,0,0,0,0,0,0,0
43,cn7211,face_local_extract,compute,0.16296663,1,4498386541,115152131,2.55985407102,11119412080,18928162492,0.587453329646,607,0,0,0,0,0,0,0,0,0,0,0
43,cn7211,face_pre_collective_wait,synchronization,0.0188003440001,1,4462683154,112999087,2.53208850148,11006201432,18613863429,0.591290543953,0,0,0,0,0,0,0,0,0,0,0,0
43,cn7211,face_collective_setup,compute,0.00011844200003,1,4437285385,112999773,2.54659692122,10956067106,18572678313,0.589902378179,16,0,0,0,0,0,0,0,0,0,0,0
43,cn7211,face_allgatherv,communication,0.0645129669999,1,4569616366,113425499,2.48216677102,11213768088,18712285273,0.59927304038,769,0,0,0,0,0,0,0,1,1,75808,4859624
43,cn7211,face_global_merge,compute,0.0782965809999,1,4455621215,113902492,2.55637736028,11000478239,18742470349,0.586927872055,221,0,0,0,0,0,0,1,0,0,0,0
43,cn7211,part_face_create,compute,0.0187798039999,1,4441822657,113184163,2.54814682485,10966568138,18613693227,0.589166695951,2,0,0,0,0,0,0,0,0,0,0,0
43,cn7211,surface_refine,compute,0.016548712,1,4443580270,113259930,2.54884402032,10968768468,18608587330,0.589446596535,48,0,0,0,0,0,0,0,0,0,0,0
43,cn7211,refined_surface_save,io,0,0,0,0,0,0,0,0,0,0,0,0,0,0,0,0,0,0,0,0
43,cn7211,local_volume_mesh,compute,13.033663781,1,9267173702,222882845,2.40507896115,23510884720,37587307583,0.625500633906,7331,0,0,0,0,0,76066,2709322,0,0,0,0
43,cn7211,volume_refine,compute,1.335122841,1,9405736953,238024913,2.53063544292,23559354802,38943480370,0.60496274545,7978,0,0,0,0,0,0,3,0,0,0,0
43,cn7211,refined_volume_save,io,0,0,0,0,0,0,0,0,0,0,0,0,0,0,0,0,0,0,0,0
43,cn7211,adjacency_build,compute,0.00383413400004,1,8988108601,218451185,2.43044665677,22764553504,36332650494,0.626559119538,4,0,0,0,0,0,0,0,0,0,0,0
43,cn7211,vertex_numbering_local,compute,0.013177325,1,8991813943,218570491,2.43077194864,22773469634,36351867177,0.626473174627,323,0,0,0,0,0,0,0,0,0,0,0
43,cn7211,vertex_count_allgather,communication,3.142880762,1,13248739364,218425976,1.64865478895,31167901810,43233227614,0.720924703755,24,0,0,0,0,0,0,8,1,1,4,256
43,cn7211,element_count_allgather,communication,0.00118227600001,1,8988848909,218418806,2.42988627589,22765841675,36326879570,0.626694115885,0,0,0,0,0,0,0,0,1,1,4,256
43,cn7211,vertex_exchange_prepare,compute,1.93999999283e-05,1,8987316134,218418540,2.43029773008,22762826795,36324325931,0.626655174228,0,0,0,0,0,0,0,0,0,0,0,0
43,cn7211,vertex_exchange,communication,0.00161802299999,1,8989427523,218453054,2.43011085457,22767010819,36327600904,0.626713855373,17,0,0,0,0,0,0,0,0,3,0,116028
43,cn7211,vertex_exchange_unpack,compute,0.001718084,1,8987971525,218430981,2.43025893431,22764395692,36328057200,0.626633997152,0,0,0,0,0,0,0,0,0,0,0,0
43,cn7211,partition_result_io,io,0,0,0,0,0,0,0,0,0,0,0,0,0,0,0,0,0,0,0,0
43,cn7211,volume_exchange_pack,compute,0.313803589,2,18175367315,439323705,2.41713797243,46099926271,73332267588,0.628644494263,580,0,0,0,0,0,0,0,0,0,0,0
43,cn7211,volume_size_exchange,communication,8.44209998832e-05,1,8987319956,218419099,2.43030291643,22762825468,36324393969,0.626653963929,2,0,0,0,0,0,0,0,3,3,12,12
43,cn7211,volume_payload_prepare,compute,8.76409999364e-05,1,8987316156,218418543,2.43029775751,22762893989,36324467008,0.626654590251,0,0,0,0,0,0,0,0,0,0,0,0
43,cn7211,volume_payload_exchange,communication,0.00281255900018,1,8989902786,218437060,2.42980447286,22768052863,36329639685,0.62670736788,8,0,0,0,0,0,0,0,3,3,1222560,1202880
43,cn7211,volume_exchange_unpack,compute,0.232589069,1,9158049286,223753176,2.44324057463,23245711824,36771063873,0.632174035113,11443,0,0,0,0,0,0,1,0,0,0,0
43,cn7211,final_mesh_save,io,0,0,0,0,0,0,0,0,0,0,0,0,0,0,0,0,0,0,0,0
43,cn7211,testout_io,io,0,0,0,0,0,0,0,0,0,0,0,0,0,0,0,0,0,0,0,0
43,cn7211,final_count_exchange,communication,0,0,0,0,0,0,0,0,0,0,0,0,0,0,0,0,0,0,0,0
43,cn7211,quality_evaluation,postprocess,0,0,0,0,0,0,0,0,0,0,0,0,0,0,0,0,0,0,0,0
44,cn7212,geometry_load,io,1.740795593,1,1402163845,25320351,1.80580544066,3317537176,3768507350,0.880331884188,5962,0,1035180,0,0,0,2,16,0,0,0,0
44,cn7212,coarse_local_size,setup,0.456618607,1,267777886,5950520,2.22218499402,631774813,876053799,0.721159834843,7925,0,0,0,0,0,114,48,0,0,0,0
44,cn7212,coarse_edge_mesh,setup,0.0126815429999,1,6326496,167076,2.64089315792,12798146,24993698,0.512054918804,492,0,0,0,0,0,0,0,0,0,0,0
44,cn7212,coarse_surface_mesh,setup,8.195267526,1,5667676861,163120875,2.87809060044,15314735151,17792581225,0.860737121688,12742,0,0,0,0,0,0,75,0,0,0,0
44,cn7212,coarse_volume_mesh,setup,14.290695819,1,5311187398,124939549,2.35238449781,13431999187,21364351704,0.628710825074,23398,0,0,0,0,0,87961,2570384,0,0,0,0
44,cn7212,coarse_mesh_save,io,0,0,0,0,0,0,0,0,0,0,0,0,0,0,0,0,0,0,0,0
44,cn7212,submesh_initialization,setup,0.000122521999856,1,4757959582,111697409,2.34759053907,11884748623,18749775979,0.633860833127,1,0,0,0,0,0,0,0,0,0,0,0
44,cn7212,metis_partition,compute,0.164009826,1,4871822479,117803214,2.4180522691,12146025005,19108983581,0.635618579791,60,0,0,0,0,0,0,1,0,0,0,0
44,cn7212,face_map_setup,compute,0.00671297700001,1,4761007520,111763019,2.34746571037,11892643567,18764283566,0.633791507423,3,0,0,0,0,0,0,0,0,0,0,0
44,cn7212,face_local_extract,compute,0.155209599,1,4818900302,113815216,2.36185039879,12047947281,19089628191,0.631125298013,80,0,0,0,0,0,0,2,0,0,0,0
44,cn7212,face_pre_collective_wait,synchronization,0.0371949369999,1,4808057107,111693282,2.32304399707,11983592656,18831306755,0.636365431879,0,0,0,0,0,0,0,0,0,0,0,0
44,cn7212,face_collective_setup,compute,0.000116502000083,1,4757879919,111693884,2.34755575806,11884602687,18749669611,0.633856645667,16,0,0,0,0,0,0,0,0,0,0,0
44,cn7212,face_allgatherv,communication,0.0643801690001,1,4888820162,112148529,2.29397943233,12139538151,18887965334,0.642712856379,1145,0,0,0,0,0,0,0,1,1,75808,4859624
44,cn7212,face_global_merge,compute,0.0738941460002,1,4776059335,112570202,2.35696824734,11929013620,18911236996,0.630789705746,134,0,0,0,0,0,0,1,0,0,0,0
44,cn7212,part_face_create,compute,0.017767396,1,4762517559,111871516,2.34899954938,11894960093,18788439648,0.633099944213,2,0,0,0,0,0,0,0,0,0,0,0
44,cn7212,surface_refine,compute,0.0105586120001,1,4762142569,111867060,2.3490909476,11893381642,18772548295,0.633551793561,43,0,0,0,0,0,0,0,0,0,0,0
44,cn7212,refined_surface_save,io,0,0,0,0,0,0,0,0,0,0,0,0,0,0,0,0,0,0,0,0
44,cn7212,local_volume_mesh,compute,10.380332148,1,8017673928,182049635,2.27060412577,20571287189,32685341526,0.629373481462,2326,0,0,0,0,0,62793,2404087,0,0,0,0
44,cn7212,volume_refine,compute,0.637014049,1,7828316416,186074061,2.37693587116,19887380273,32442853120,0.612997266284,6124,0,0,0,0,0,0,5,0,0,0,0
44,cn7212,refined_volume_save,io,0,0,0,0,0,0,0,0,0,0,0,0,0,0,0,0,0,0,0,0
44,cn7212,adjacency_build,compute,0.00375013400003,1,7602812845,177116188,2.32961394172,19462584449,31200267419,0.623795436995,0,0,0,0,0,0,0,0,0,0,0,0
44,cn7212,vertex_numbering_local,compute,0.014883735,1,7609272249,177235275,2.3292013901,19478188432,31224592754,0.623809206591,2,0,0,0,0,0,0,0,0,0,0,0
44,cn7212,vertex_count_allgather,communication,6.504489175,1,16435025059,177095091,1.07754682676,36894024935,45487718154,0.811076625345,27,0,0,0,0,0,0,58,1,1,4,256
44,cn7212,element_count_allgather,communication,0.00146006099999,1,7603859132,177081908,2.32884256436,19464431885,31195230338,0.623955382733,0,0,0,0,0,0,0,0,1,1,4,256
44,cn7212,vertex_exchange_prepare,compute,1.70799999069e-05,1,7601933380,177081661,2.32942926685,19460645633,31192058075,0.62389745448,0,0,0,0,0,0,0,0,0,0,0,0
44,cn7212,vertex_exchange,communication,0.00266325799998,1,7606308406,177108458,2.32844171636,19469341412,31197556695,0.624066224235,24,0,0,0,0,0,0,0,3,4,178090,102652
44,cn7212,vertex_exchange_unpack,compute,0.00142980099986,1,7602497001,177093180,2.32940808759,19461991003,31195160854,0.623878526996,0,0,0,0,0,0,0,0,0,0,0,0
44,cn7212,partition_result_io,io,0,0,0,0,0,0,0,0,0,0,0,0,0,0,0,0,0,0,0,0
44,cn7212,volume_exchange_pack,compute,0.222231066,2,15325720982,356190830,2.32413750987,39260250793,62865235322,0.624514496636,944,0,0,0,0,0,0,2,0,0,0,0
44,cn7212,volume_size_exchange,communication,0.0475195460001,1,7665352352,177081989,2.31016111026,19585876731,31296470851,0.625817422809,1,0,0,0,0,0,0,0,4,4,16,16
44,cn7212,volume_payload_prepare,compute,0.000271743999974,1,7601933813,177081759,2.32943042331,19460719973,31192242780,0.623896143354,68,0,0,0,0,0,0,0,0,0,0,0
44,cn7212,volume_payload_exchange,communication,0.039634452,1,7652117169,177092686,2.31429658079,19559854313,31275821879,0.625398571097,440,0,0,0,0,0,0,1,4,4,3025440,3020640
44,cn7212,volume_exchange_unpack,compute,0.163453018,1,7708066465,179640516,2.3305522444,19756362635,31515339760,0.626880839155,6215,0,0,0,0,0,0,1,0,0,0,0
44,cn7212,final_mesh_save,io,0,0,0,0,0,0,0,0,0,0,0,0,0,0,0,0,0,0,0,0
44,cn7212,testout_io,io,0,0,0,0,0,0,0,0,0,0,0,0,0,0,0,0,0,0,0,0
44,cn7212,final_count_exchange,communication,0,0,0,0,0,0,0,0,0,0,0,0,0,0,0,0,0,0,0,0
44,cn7212,quality_evaluation,postprocess,0,0,0,0,0,0,0,0,0,0,0,0,0,0,0,0,0,0,0,0
45,cn7213,geometry_load,io,1.726953853,1,1398776256,23928183,1.71065121368,3316831606,3738555536,0.887196023721,5964,0,1035180,0,0,0,2,15,0,0,0,0
45,cn7213,coarse_local_size,setup,0.467398755,1,266569987,6312691,2.36811768311,632549427,880193476,0.718648165713,8525,0,0,0,0,0,142,68,0,0,0,0
45,cn7213,coarse_edge_mesh,setup,0.0126148520001,1,6287997,156728,2.49249482784,12801140,24813409,0.515896062488,518,0,0,0,0,0,0,0,0,0,0,0
45,cn7213,coarse_surface_mesh,setup,8.225047386,1,5669642506,162955247,2.87417146368,15314689616,17847446938,0.858088536092,15424,0,0,0,0,0,1,73,0,0,0,0
45,cn7213,coarse_volume_mesh,setup,14.477627673,1,5332048075,128484836,2.40967137191,13474171139,21661567073,0.622031226716,24187,0,0,0,0,0,86531,2731478,0,0,0,0
45,cn7213,coarse_mesh_save,io,0,0,0,0,0,0,0,0,0,0,0,0,0,0,0,0,0,0,0,0
45,cn7213,submesh_initialization,setup,0.000125281999999,1,4627139873,111916309,2.41869301711,11574650536,18235264357,0.634739936279,1,0,0,0,0,0,0,0,0,0,0,0
45,cn7213,metis_partition,compute,0.164983004,1,4741641118,117986848,2.48831248641,11835983098,18596670034,0.636457122504,54,0,0,0,0,0,0,1,0,0,0,0
45,cn7213,face_map_setup,compute,0.00679072299999,1,4630196631,111977185,2.41841100765,11582551732,18249810634,0.63466695432,3,0,0,0,0,0,0,1,0,0,0,0
45,cn7213,face_local_extract,compute,0.15945408,1,4688225678,114297153,2.43796183994,11737848702,18584030840,0.631609407187,343,0,0,0,0,0,0,1,0,0,0,0
45,cn7213,face_pre_collective_wait,synchronization,0.0318614639998,1,4670473620,111912264,2.39616520947,11660434602,18305069863,0.637005741539,0,0,0,0,0,0,0,0,0,0,0,0
45,cn7213,face_collective_setup,compute,0.000104761999864,1,4627057235,111912944,2.41866348991,11574504654,18235153021,0.634735811686,12,0,0,0,0,0,0,0,0,0,0,0
45,cn7213,face_allgatherv,communication,0.0643373370001,1,4759518006,112327943,2.36006971417,11832573534,18374331909,0.643972994099,741,0,0,0,0,0,0,0,1,1,75808,4859624
45,cn7213,face_global_merge,compute,0.073377054,1,4645199475,112765330,2.42756700992,11618916490,18395905031,0.63160341774,32,0,0,0,0,0,0,1,0,0,0,0
45,cn7213,part_face_create,compute,0.017572386,1,4631522508,112098216,2.42033188452,11584837109,18273486092,0.633969733562,2,0,0,0,0,0,0,0,0,0,0,0
45,cn7213,surface_refine,compute,0.0103609769999,1,4631167391,112086731,2.42026948147,11583041834,18257607289,0.634422772418,44,0,0,0,0,0,0,0,0,0,0,0
45,cn7213,refined_surface_save,io,0,0,0,0,0,0,0,0,0,0,0,0,0,0,0,0,0,0,0,0
45,cn7213,local_volume_mesh,compute,9.866977328,1,7720001114,177751498,2.30248021179,19807427658,31525134191,0.628305895163,1853,0,0,0,0,0,62435,2253355,0,0,0,0
45,cn7213,volume_refine,compute,0.622258225,1,7579288958,181773775,2.39829588247,19231591427,31508473488,0.610362524682,4390,0,0,0,0,0,0,7,0,0,0,0
45,cn7213,refined_volume_save,io,0,0,0,0,0,0,0,0,0,0,0,0,0,0,0,0,0,0,0,0
45,cn7213,adjacency_build,compute,0.00369471599993,1,7358298139,172607812,2.34575724902,18815669196,30295204442,0.621077478847,0,0,0,0,0,0,0,0,0,0,0,0
45,cn7213,vertex_numbering_local,compute,0.0143117770001,1,7365680108,172718728,2.34491215295,18833519802,30318416415,0.621190749022,2,0,0,0,0,0,0,0,0,0,0,0
45,cn7213,vertex_count_allgather,communication,7.034123791,1,16880779260,172582630,1.02236174848,37585428126,45748315730,0.821569658385,26,0,0,0,0,0,0,62,1,1,4,256
45,cn7213,element_count_allgather,communication,0.000794152000026,1,7358401229,172573602,2.34525947457,18815640623,30288827506,0.621207295636,0,0,0,0,0,0,0,0,1,1,4,256
45,cn7213,vertex_exchange_prepare,compute,2.94200001463e-05,1,7357394560,172573355,2.34557700546,18813674901,30287144217,0.621176918042,0,0,0,0,0,0,0,0,0,0,0,0
45,cn7213,vertex_exchange,communication,0.00363383199988,1,7363334834,172603432,2.34409321172,18825490878,30294742663,0.621411150027,26,0,0,0,0,0,0,0,3,4,85602,246818
45,cn7213,vertex_exchange_unpack,compute,0.00329966799995,1,7358752235,172599077,2.34549379417,18816927800,30294335117,0.621136847114,0,0,0,0,0,0,0,0,0,0,0,0
45,cn7213,partition_result_io,io,0,0,0,0,0,0,0,0,0,0,0,0,0,0,0,0,0,0,0,0
45,cn7213,volume_exchange_pack,compute,0.263551511,2,14840874035,352076732,2.37234499242,37976572929,61145223911,0.621088132481,1085,0,0,0,0,0,0,2,0,0,0,0
45,cn7213,volume_size_exchange,communication,0.0183126059999,1,7382067799,172573878,2.3377444193,18862366407,30327231034,0.621961378072,1,0,0,0,0,0,0,1,5,5,20,20
45,cn7213,volume_payload_prepare,compute,0.000312784000016,1,7357395254,172573442,2.34557796669,18813777038,30287394462,0.621175157923,68,0,0,0,0,0,0,0,0,0,0,0
45,cn7213,volume_payload_exchange,communication,0.025891476,1,7389572518,172584297,2.33551124344,18877362876,30340416253,0.622185362211,483,0,0,0,0,0,0,0,5,5,3590280,3578400
45,cn7213,volume_exchange_unpack,compute,0.168584711,1,7465831946,174879341,2.34239589459,19115704889,30620514602,0.624277715037,6309,0,0,0,0,0,0,1,0,0,0,0
45,cn7213,final_mesh_save,io,0,0,0,0,0,0,0,0,0,0,0,0,0,0,0,0,0,0,0,0
45,cn7213,testout_io,io,0,0,0,0,0,0,0,0,0,0,0,0,0,0,0,0,0,0,0,0
45,cn7213,final_count_exchange,communication,0,0,0,0,0,0,0,0,0,0,0,0,0,0,0,0,0,0,0,0
45,cn7213,quality_evaluation,postprocess,0,0,0,0,0,0,0,0,0,0,0,0,0,0,0,0,0,0,0,0
46,cn7214,geometry_load,io,1.90229667,1,1400515353,24136842,1.72342573384,3316858335,4123647176,0.804350661789,6105,0,1035180,0,0,0,2,2,0,0,0,0
46,cn7214,coarse_local_size,setup,0.507072975,1,267594506,6190392,2.31334794295,632502750,956111378,0.661536683439,8411,0,0,0,0,0,100,49,0,0,0,0
46,cn7214,coarse_edge_mesh,setup,0.012600773,1,6290905,160629,2.55335281649,12805559,24869090,0.514918680177,506,0,0,0,0,0,0,0,0,0,0,0
46,cn7214,coarse_surface_mesh,setup,8.591736926,1,5673991352,160657218,2.83146744563,15312807522,18762325102,0.816146583046,16720,0,0,0,0,0,0,13,0,0,0,0
46,cn7214,coarse_volume_mesh,setup,14.642406189,1,5347892371,130756915,2.4450176991,13500469229,22139187589,0.609799667433,30681,0,0,0,0,0,79577,2779464,0,0,0,0
46,cn7214,coarse_mesh_save,io,0,0,0,0,0,0,0,0,0,0,0,0,0,0,0,0,0,0,0,0
46,cn7214,submesh_initialization,setup,0.000137601000006,1,4855948505,124149933,2.55665670409,12132094806,20203366076,0.600498687217,1,0,0,0,0,0,0,0,0,0,0,0
46,cn7214,metis_partition,compute,0.195926018,1,4970574760,130202239,2.61946043037,12393320083,20631819255,0.600689640105,323,0,0,0,0,0,0,1,0,0,0,0
46,cn7214,face_map_setup,compute,0.00738234999994,1,4858976320,124214911,2.55640083054,12139990262,20218789091,0.600431124107,210,0,0,0,0,0,0,0,0,0,0,0
46,cn7214,face_local_extract,compute,0.159705738,1,4917049439,126341688,2.56946141314,12295293533,20551653059,0.598262996057,663,0,0,0,0,0,0,0,0,0,0,0
46,cn7214,face_pre_collective_wait,synchronization,3.65410000995e-05,1,4855867591,124145579,2.55660964129,12131947515,20203181888,0.600496871347,0,0,0,0,0,0,0,0,0,0,0,0
46,cn7214,face_collective_setup,compute,0.000117500999977,1,4855868511,124146302,2.55662404612,12131948776,20203235654,0.600495335686,15,0,0,0,0,0,0,0,0,0,0,0
46,cn7214,face_allgatherv,communication,0.0641981199999,1,4986298736,124686963,2.50059151289,12386047424,20341229472,0.608913411112,1143,0,0,0,0,0,0,0,1,1,75808,4859624
46,cn7214,face_global_merge,compute,0.0806410990001,1,4874051078,125035869,2.56533768315,12176360283,20378639380,0.597506048169,555,0,0,0,0,0,0,0,0,0,0,0
46,cn7214,part_face_create,compute,0.01892907,1,4860366140,124325668,2.55794860755,12142400945,20244525955,0.599786874338,2,0,0,0,0,0,0,0,0,0,0,0
46,cn7214,surface_refine,compute,0.015920373,1,4861690623,124400391,2.5587887146,12143737632,20237729404,0.60005435341,49,0,0,0,0,0,0,0,0,0,0,0
46,cn7214,refined_surface_save,io,0,0,0,0,0,0,0,0,0,0,0,0,0,0,0,0,0,0,0,0
46,cn7214,local_volume_mesh,compute,13.96691141,1,9363205488,232720669,2.48548073946,24243808766,40672621884,0.596071943312,8960,0,0,0,0,0,73302,2899146,0,0,0,0
46,cn7214,volume_refine,compute,0.932654901,1,8489128239,223679954,2.6348989873,21685998621,37654535825,0.575919956145,9831,0,0,0,0,0,0,1,0,0,0,0
46,cn7214,refined_volume_save,io,0,0,0,0,0,0,0,0,0,0,0,0,0,0,0,0,0,0,0,0
46,cn7214,adjacency_build,compute,0.00412174999997,1,8171794207,211808851,2.59195037999,21083009015,35791844440,0.58904505607,31,0,0,0,0,0,0,0,0,0,0,0
46,cn7214,vertex_numbering_local,compute,0.0150568219999,1,8176862681,211920143,2.59170480498,21095309645,35814260132,0.589019836435,254,0,0,0,0,0,0,0,0,0,0,0
46,cn7214,vertex_count_allgather,communication,2.608251939,1,11633779105,240654925,2.06858771194,27944895954,41518435648,0.673071986404,27,0,0,0,0,0,0,2,1,1,4,256
46,cn7214,element_count_allgather,communication,0.00135299699991,1,8172624067,211783676,2.59137914902,21084437832,35785869752,0.589183327892,0,0,0,0,0,0,0,0,1,1,4,256
46,cn7214,vertex_exchange_prepare,compute,0.000138721999974,1,8170911924,211769217,2.59174519282,21081052406,35782999232,0.589135982407,30,0,0,0,0,0,0,0,0,0,0,0
46,cn7214,vertex_exchange,communication,0.00232886799995,1,8174141017,211793724,2.59102116736,21087548009,35787668183,0.589240626161,40,0,0,0,0,0,0,0,4,4,60236,134046
46,cn7214,vertex_exchange_unpack,compute,0.00193602400009,1,8171665880,211783548,2.5916814406,21082857553,35787186144,0.589117497759,0,0,0,0,0,0,0,0,0,0,0,0
46,cn7214,partition_result_io,io,0,0,0,0,0,0,0,0,0,0,0,0,0,0,0,0,0,0,0,0
46,cn7214,volume_exchange_pack,compute,0.26856732,2,16496156234,426017977,2.58252874765,42598354548,72148531736,0.590425799708,784,0,0,0,0,0,0,1,0,0,0,0
46,cn7214,volume_size_exchange,communication,0.0149805819999,1,8190643925,211933587,2.58750824649,21120024365,35815815433,0.589684308724,1,0,0,0,0,0,0,0,4,4,16,16
46,cn7214,volume_payload_prepare,compute,0.000296823999861,1,8170912289,211769251,2.59174549316,21081081141,35783046317,0.589136010228,102,0,0,0,0,0,0,0,0,0,0,0
46,cn7214,volume_payload_exchange,communication,0.033599008,1,8213338337,212131601,2.58276954262,21164893995,35854244417,0.590303723845,374,0,0,0,0,0,0,0,4,4,2072520,2088600
46,cn7214,volume_exchange_unpack,compute,0.196449084,1,8306034529,214577670,2.58339487093,21459947940,36166115449,0.593371659455,8596,0,0,0,0,0,0,0,0,0,0,0
46,cn7214,final_mesh_save,io,0,0,0,0,0,0,0,0,0,0,0,0,0,0,0,0,0,0,0,0
46,cn7214,testout_io,io,0,0,0,0,0,0,0,0,0,0,0,0,0,0,0,0,0,0,0,0
46,cn7214,final_count_exchange,communication,0,0,0,0,0,0,0,0,0,0,0,0,0,0,0,0,0,0,0,0
46,cn7214,quality_evaluation,postprocess,0,0,0,0,0,0,0,0,0,0,0,0,0,0,0,0,0,0,0,0
47,cn7215,geometry_load,io,1.786229235,1,1402583377,25391290,1.81032303793,3315364699,3868199007,0.857082247578,6108,0,1035180,0,0,0,2,16,0,0,0,0
47,cn7215,coarse_local_size,setup,0.476989819,1,267615238,6294496,2.35206935414,631880112,912672657,0.692340355716,8243,0,0,0,0,0,121,51,0,0,0,0
47,cn7215,coarse_edge_mesh,setup,0.0126049160001,1,6307031,163957,2.59959083759,12803747,24876677,0.514688798669,517,0,0,0,0,0,0,0,0,0,0,0
47,cn7215,coarse_surface_mesh,setup,8.386728377,1,5670826271,162278749,2.8616420473,15315998858,18169988425,0.842928377265,16071,0,0,0,0,0,0,73,0,0,0,0
47,cn7215,coarse_volume_mesh,setup,14.282127776,1,5304386533,130181975,2.45423243932,13407181494,21520533121,0.622994858846,23061,0,0,0,0,0,83772,2654124,0,0,0,0
47,cn7215,coarse_mesh_save,io,0,0,0,0,0,0,0,0,0,0,0,0,0,0,0,0,0,0,0,0
47,cn7215,submesh_initialization,setup,0.000118722000025,1,4264361690,109595152,2.57002477667,10520083578,17147643124,0.613500263676,1,0,0,0,0,0,0,0,0,0,0,0
47,cn7215,metis_partition,compute,0.174426275,1,4379003772,115699296,2.6421373907,10781405883,17529790666,0.615033350279,60,0,0,0,0,0,0,1,0,0,0,0
47,cn7215,face_map_setup,compute,0.00671645399984,1,4267408108,109657060,2.56964080362,10527977553,17162169946,0.613440933526,3,0,0,0,0,0,0,0,0,0,0,0
47,cn7215,face_local_extract,compute,0.15904652,1,4325395877,111784157,2.58436823308,10683282361,17495821995,0.610619058885,69,0,0,0,0,0,0,3,0,0,0,0
47,cn7215,face_pre_collective_wait,synchronization,0.0229451610001,1,4295418231,109591061,2.55134785733,10581344648,17197845337,0.615271532024,0,0,0,0,0,0,0,0,0,0,0,0
47,cn7215,face_collective_setup,compute,0.000120301999914,1,4264278553,109591693,2.56999376654,10519937645,17147554376,0.61349492845,16,0,0,0,0,0,0,0,0,0,0,0
47,cn7215,face_allgatherv,communication,0.0640229539999,1,4395619236,110040958,2.50342334247,10775664165,17286265138,0.623365665109,634,0,0,0,0,0,0,0,1,1,75808,4859624
47,cn7215,face_global_merge,compute,0.0741886160001,1,4282464091,110484263,2.57992269526,10564349782,17309827923,0.610309347325,109,0,0,0,0,0,0,1,0,0,0,0
47,cn7215,part_face_create,compute,0.017930731,1,4268817819,109770393,2.57144712317,10530514618,17186673722,0.612713942694,2,0,0,0,0,0,0,0,0,0,0,0
47,cn7215,surface_refine,compute,0.016943096,1,4271210038,109867473,2.57227979946,10534119456,17184397784,0.613004865717,48,0,0,0,0,0,0,0,0,0,0,0
47,cn7215,refined_surface_save,io,0,0,0,0,0,0,0,0,0,0,0,0,0,0,0,0,0,0,0,0
47,cn7215,local_volume_mesh,compute,13.279444118,1,8830799287,222627251,2.52103171825,22824246345,37247435877,0.612773626093,5304,0,0,0,0,0,67179,2571948,0,0,0,0
47,cn7215,volume_refine,compute,0.907159924,1,8582101791,227550661,2.65145609481,21881551412,37143721618,0.589104980837,4795,0,0,0,0,0,0,8,0,0,0,0
47,cn7215,refined_volume_save,io,0,0,0,0,0,0,0,0,0,0,0,0,0,0,0,0,0,0,0,0
47,cn7215,adjacency_build,compute,0.00370881100002,1,8244400136,215073090,2.60871726811,21219816226,35327709377,0.600656442215,0,0,0,0,0,0,0,0,0,0,0,0
47,cn7215,vertex_numbering_local,compute,0.0161704259999,1,8250903073,215193312,2.60811828834,21235300204,35355002391,0.600630710448,2,0,0,0,0,0,0,1,0,0,0,0
47,cn7215,vertex_count_allgather,communication,3.327524632,1,12782954713,215048276,1.68230491954,30183232465,42634412172,0.707954699674,26,0,0,0,0,0,0,28,1,1,4,256
47,cn7215,element_count_allgather,communication,0.00117159599995,1,8245059473,215038985,2.6080950138,21220914222,35322170285,0.600781720115,0,0,0,0,0,0,0,0,1,1,4,256
47,cn7215,vertex_exchange_prepare,compute,2.97010001304e-05,1,8243536231,215038677,2.60857320177,21217930372,35319665788,0.600739839934,0,0,0,0,0,0,0,0,0,0,0,0
47,cn7215,vertex_exchange,communication,0.00243583399993,1,8247487119,215054834,2.60751948923,21225886881,35324749333,0.600878627076,17,0,0,0,0,0,0,0,0,5,0,232188
47,cn7215,vertex_exchange_unpack,compute,0.00320048499998,1,8244839767,215064626,2.60847550805,21221065102,35326633382,0.600710089539,0,0,0,0,0,0,0,0,0,0,0,0
47,cn7215,partition_result_io,io,0,0,0,0,0,0,0,0,0,0,0,0,0,0,0,0,0,0,0,0
47,cn7215,volume_exchange_pack,compute,0.280908682,2,16656361445,432610724,2.59727027075,42915322447,71245239543,0.602360560822,1220,0,0,0,0,0,0,3,0,0,0,0
47,cn7215,volume_size_exchange,communication,0.0103019029998,1,8256776297,215106479,2.60521141984,21244035903,35342015317,0.601098599286,47,0,0,0,0,0,0,0,5,5,20,20
47,cn7215,volume_payload_prepare,compute,0.000310663999926,1,8243536907,215038796,2.60857443141,21217962185,35319742961,0.600739428043,102,0,0,0,0,0,0,0,0,0,0,0
47,cn7215,volume_payload_exchange,communication,0.0232689649999,1,8271940865,215059202,2.59986387125,21274124341,35367476884,0.601516597036,454,0,0,0,0,0,0,1,5,5,2457840,2446680
47,cn7215,volume_exchange_unpack,compute,0.205639591,1,8387859073,217844011,2.59713484817,21622114110,35718782153,0.605342982227,9329,0,0,0,0,0,0,1,0,0,0,0
47,cn7215,final_mesh_save,io,0,0,0,0,0,0,0,0,0,0,0,0,0,0,0,0,0,0,0,0
47,cn7215,testout_io,io,0,0,0,0,0,0,0,0,0,0,0,0,0,0,0,0,0,0,0,0
47,cn7215,final_count_exchange,communication,0,0,0,0,0,0,0,0,0,0,0,0,0,0,0,0,0,0,0,0
47,cn7215,quality_evaluation,postprocess,0,0,0,0,0,0,0,0,0,0,0,0,0,0,0,0,0,0,0,0
48,cn7216,geometry_load,io,1.721296515,1,1399188421,24645551,1.76141759252,3315927676,3726304242,0.889870354284,5960,0,1035180,0,0,0,2,2,0,0,0,0
48,cn7216,coarse_local_size,setup,0.466767326,1,267145112,6071072,2.2725746148,631780956,883198775,0.715332690537,8344,0,0,0,0,0,116,50,0,0,0,0
48,cn7216,coarse_edge_mesh,setup,0.0126055550002,1,6324296,178381,2.82056690579,12798998,24795910,0.516173756075,514,0,0,0,0,0,0,0,0,0,0,0
48,cn7216,coarse_surface_mesh,setup,8.221559033,1,5680392470,164963384,2.90408426656,15313419743,17956882936,0.852788303938,15580,0,0,0,0,0,0,11,0,0,0,0
48,cn7216,coarse_volume_mesh,setup,14.243068934,1,5300714029,125207963,2.36209616884,13400214555,21376867093,0.626855866985,32019,0,0,0,0,0,86445,2748440,0,0,0,0
48,cn7216,coarse_mesh_save,io,0,0,0,0,0,0,0,0,0,0,0,0,0,0,0,0,0,0,0,0
48,cn7216,submesh_initialization,setup,0.000159402000008,1,2977303466,52637825,1.76796976194,8200208958,12312069591,0.666030101389,36,0,0,0,0,0,0,0,0,0,0,0
48,cn7216,metis_partition,compute,0.176293599,1,3091803237,58730582,1.89955755584,8461474079,12694532348,0.666544764867,1603,0,0,0,0,0,0,0,0,0,0,0
48,cn7216,face_map_setup,compute,0.00771184299992,1,2980314608,52704586,1.7684235704,8208104795,12327296180,0.665847942253,742,0,0,0,0,0,0,0,0,0,0,0
48,cn7216,face_local_extract,compute,0.154797007,1,3038358534,54833941,1.80472252983,8363408705,12649186669,0.661181538691,803,0,0,0,0,0,0,1,0,0,0,0
48,cn7216,face_pre_collective_wait,synchronization,0.024202281,1,3008294976,53043586,1.76324417729,8261650535,12365013169,0.668147330058,0,0,0,0,0,0,0,0,0,0,0,0
48,cn7216,face_collective_setup,compute,0.000109321000082,1,2977223451,52634235,1.76789669524,8200063100,12311953233,0.666024549055,16,0,0,0,0,0,0,0,0,0,0,0
48,cn7216,face_allgatherv,communication,0.0638278480001,1,3107410339,53101077,1.70885307079,8453492370,12449276389,0.679034837516,1148,0,0,0,0,0,0,0,1,1,75808,4859624
48,cn7216,face_global_merge,compute,0.0787318080002,1,2995483841,53514104,1.78649282856,8244474896,12482927850,0.660460029495,701,0,0,0,0,0,0,0,0,0,0,0
48,cn7216,part_face_create,compute,0.018991184,1,2981904559,52807624,1.77093608984,8210461842,12353338479,0.664635058447,5,0,0,0,0,0,0,0,0,0,0,0
48,cn7216,surface_refine,compute,0.0123804730001,1,2982023547,52824083,1.77141736701,8209960769,12338733004,0.665381183493,56,0,0,0,0,0,0,0,0,0,0,0
48,cn7216,refined_surface_save,io,0,0,0,0,0,0,0,0,0,0,0,0,0,0,0,0,0,0,0,0
48,cn7216,local_volume_mesh,compute,12.342587989,1,6983297262,140409838,2.01065245731,18860089720,29811628568,0.632642046944,4987,0,0,0,0,0,75058,2550444,0,0,0,0
48,cn7216,volume_refine,compute,0.766432093,1,6913733108,145181759,2.09990401325,18500624886,30045958605,0.61574420471,5473,0,0,0,0,0,0,1,0,0,0,0
48,cn7216,refined_volume_save,io,0,0,0,0,0,0,0,0,0,0,0,0,0,0,0,0,0,0,0,0
48,cn7216,adjacency_build,compute,0.004189645,1,6658399554,135122204,2.02934958925,18007660485,28524422235,0.631306756598,12,0,0,0,0,0,0,0,0,0,0,0
48,cn7216,vertex_numbering_local,compute,0.016333236,1,6665625331,135243628,2.02897134603,18024771211,28550172423,0.631336684905,138,0,0,0,0,0,0,0,0,0,0,0
48,cn7216,vertex_count_allgather,communication,4.40315792,1,12421426019,183073733,1.47385439256,29428683862,38178588389,0.770816447223,82,0,0,0,0,0,0,5,1,1,4,256
48,cn7216,element_count_allgather,communication,0.00138697400007,1,6659287770,135101519,2.02876829574,18009257990,28518328723,0.63149766471,0,0,0,0,0,0,0,0,1,1,4,256
48,cn7216,vertex_exchange_prepare,compute,3.47010000041e-05,1,6657504496,135086451,2.02908538899,18005725410,28515310842,0.631440614825,1,0,0,0,0,0,0,0,0,0,0,0
48,cn7216,vertex_exchange,communication,0.00358329699998,1,6661968840,135118401,2.0282052385,18014882725,28522006704,0.631613438422,335,0,0,0,0,0,0,0,7,4,286990,4576
48,cn7216,vertex_exchange_unpack,compute,0.000121761999935,1,6657531055,135087162,2.02908797397,18005787061,28515543996,0.631437613939,0,0,0,0,0,0,0,0,0,0,0,0
48,cn7216,partition_result_io,io,0,0,0,0,0,0,0,0,0,0,0,0,0,0,0,0,0,0,0,0
48,cn7216,volume_exchange_pack,compute,0.272293567,2,13456359186,272716238,2.02667180796,36405243774,57618947278,0.631827645138,1145,0,0,0,0,0,0,1,0,0,0,0
48,cn7216,volume_size_exchange,communication,0.0385513570002,1,6708972476,135372864,2.01778833472,18107467810,28599997114,0.633128308993,1,0,0,0,0,0,0,0,7,7,28,28
48,cn7216,volume_payload_prepare,compute,0.000343403999977,1,6657505731,135086610,2.02908740087,18005799021,28515494600,0.631439127168,102,0,0,0,0,0,0,0,0,0,0,0
48,cn7216,volume_payload_exchange,communication,0.0359055899999,1,6702723916,135349305,2.01931791755,18095270277,28590568179,0.632910481656,481,0,0,0,0,0,0,0,7,7,3095040,3101040
48,cn7216,volume_exchange_unpack,compute,0.189595694,1,6781356057,138105989,2.03655416172,18347369172,28893804534,0.634993192067,6165,0,0,0,0,0,0,0,0,0,0,0
48,cn7216,final_mesh_save,io,0,0,0,0,0,0,0,0,0,0,0,0,0,0,0,0,0,0,0,0
48,cn7216,testout_io,io,0,0,0,0,0,0,0,0,0,0,0,0,0,0,0,0,0,0,0,0
48,cn7216,final_count_exchange,communication,0,0,0,0,0,0,0,0,0,0,0,0,0,0,0,0,0,0,0,0
48,cn7216,quality_evaluation,postprocess,0,0,0,0,0,0,0,0,0,0,0,0,0,0,0,0,0,0,0,0
49,cn7217,geometry_load,io,1.775559829,1,1410563740,26701716,1.89298187971,3317859168,3843302067,0.863283476073,6105,0,1035180,0,0,0,2,2,0,0,0,0
49,cn7217,coarse_local_size,setup,0.462250328,1,268055051,6400348,2.38769908499,632395346,882053115,0.716958350065,8183,0,0,0,0,0,134,62,0,0,0,0
49,cn7217,coarse_edge_mesh,setup,0.0127367160001,1,6322355,172838,2.73375980944,12804321,25009185,0.511984736808,506,0,0,0,0,0,0,0,0,0,0,0
49,cn7217,coarse_surface_mesh,setup,8.208453569,1,5676279790,164301830,2.89453367485,15313929395,17915995060,0.854762983787,17217,0,0,0,0,0,0,10,0,0,0,0
49,cn7217,coarse_volume_mesh,setup,14.417817826,1,5288427445,131335626,2.48345330187,13376169069,21553462432,0.620604188826,36326,0,0,0,0,0,83696,2807913,0,0,0,0
49,cn7217,coarse_mesh_save,io,0,0,0,0,0,0,0,0,0,0,0,0,0,0,0,0,0,0,0,0
49,cn7217,submesh_initialization,setup,0.000137442000096,1,2341597280,45202281,1.93040371998,6490716968,9722976410,0.667564817017,2,0,0,0,0,0,0,0,0,0,0,0
49,cn7217,metis_partition,compute,0.173203507,1,2456073803,51323618,2.08966106545,6751929947,10101608119,0.668401492857,295,0,0,0,0,0,0,0,0,0,0,0
49,cn7217,face_map_setup,compute,0.00726091699994,1,2344627659,45266180,1.93063405297,6498614097,9738179900,0.667333543201,226,0,0,0,0,0,0,0,0,0,0,0
49,cn7217,face_local_extract,compute,0.162475092,1,2402606229,47418058,1.97360921768,6653916033,10077182927,0.660295251282,690,0,0,0,0,0,0,0,0,0,0,0
49,cn7217,face_pre_collective_wait,synchronization,0.020144074,1,2368965406,45198236,1.90793144913,6544780350,9766853100,0.670101237624,0,0,0,0,0,0,0,1,0,0,0,0
49,cn7217,face_collective_setup,compute,0.000115581000045,1,2341517462,45198833,1.93032226894,6490571039,9722861039,0.667557729455,16,0,0,0,0,0,0,0,0,0,0,0
49,cn7217,face_allgatherv,communication,0.0637490199999,1,2472774821,45614114,1.84465296284,6746177243,9860829622,0.68413891139,743,0,0,0,0,0,0,0,1,1,75808,4859624
49,cn7217,face_global_merge,compute,0.077481646,1,2359680023,46089628,1.95321516268,6534982644,9892164469,0.660622118089,267,0,0,0,0,0,0,0,0,0,0,0
49,cn7217,part_face_create,compute,0.018709299,1,2346025554,45375308,1.93413528351,6500988422,9763709326,0.665831827325,2,0,0,0,0,0,0,0,0,0,0,0
49,cn7217,surface_refine,compute,0.0127327360001,1,2346565955,45387885,1.93422583769,6500941367,9750365446,0.666738226685,50,0,0,0,0,0,0,0,0,0,0,0
49,cn7217,refined_surface_save,io,0,0,0,0,0,0,0,0,0,0,0,0,0,0,0,0,0,0,0,0
49,cn7217,local_volume_mesh,compute,11.448298028,1,6087426134,136598221,2.24394050939,16565783959,26410389491,0.627244969812,7146,0,0,0,0,0,63233,2286231,0,0,0,0
49,cn7217,volume_refine,compute,0.78696385,1,6008324217,142296907,2.36832936873,16170593135,26729216746,0.604978188799,6693,0,0,0,0,0,0,1,0,0,0,0
49,cn7217,refined_volume_save,io,0,0,0,0,0,0,0,0,0,0,0,0,0,0,0,0,0,0,0,0
49,cn7217,adjacency_build,compute,0.00413008400005,1,5738097956,131523853,2.29211585457,15646714604,25162696826,0.621821846529,13,0,0,0,0,0,0,0,0,0,0,0
49,cn7217,vertex_numbering_local,compute,0.015841509,1,5745928388,131663262,2.291418429,15665363219,25188451693,0.621926405399,11,0,0,0,0,0,0,0,0,0,0,0
49,cn7217,vertex_count_allgather,communication,5.278765256,1,12886349444,131499663,1.0204570625,29756544452,36733873492,0.81005735642,47,0,0,0,0,0,0,5,1,1,4,256
49,cn7217,element_count_allgather,communication,0.00133123399996,1,5738915271,131488754,2.29117782352,15648107851,25156659638,0.62202645646,0,0,0,0,0,0,0,0,1,1,4,256
49,cn7217,vertex_exchange_prepare,compute,2.37399999605e-05,1,5737180811,131488509,2.29186622022,15644694809,25153784863,0.621961859585,0,0,0,0,0,0,0,0,0,0,0,0
49,cn7217,vertex_exchange,communication,0.0035387580001,1,5742445383,131519491,2.29030460419,15655409696,25161185025,0.622204784093,29,0,0,0,0,0,0,0,9,6,241362,79376
49,cn7217,vertex_exchange_unpack,compute,0.00117537199981,1,5737623516,131496857,2.2918348796,15645757888,25156315540,0.621941550348,0,0,0,0,0,0,0,0,0,0,0,0
49,cn7217,partition_result_io,io,0,0,0,0,0,0,0,0,0,0,0,0,0,0,0,0,0,0,0,0
49,cn7217,volume_exchange_pack,compute,0.271346753,2,11626939842,265460227,2.2831478498,31716189015,50894492343,0.62317527015,1074,0,0,0,0,0,0,0,0,0,0,0
49,cn7217,volume_size_exchange,communication,0.0722526299999,1,5833127473,131491865,2.25422580954,15834123931,25308814878,0.625636720144,59,0,0,0,0,0,0,1,9,9,36,36
49,cn7217,volume_payload_prepare,compute,0.000533985999937,1,5737182477,131488829,2.29187113234,15644767038,25153967725,0.62196020958,170,0,0,0,0,0,0,0,0,0,0,0
49,cn7217,volume_payload_exchange,communication,0.00283637100006,1,5737634826,131504918,2.29197085538,15645734177,25156100877,0.621945914969,540,0,0,0,0,0,0,0,9,9,3396840,3410280
49,cn7217,volume_exchange_unpack,compute,0.207183969,1,5868793967,134488914,2.29159372021,16009722758,25562138115,0.626306089341,7830,0,0,0,0,0,0,0,0,0,0,0
49,cn7217,final_mesh_save,io,0,0,0,0,0,0,0,0,0,0,0,0,0,0,0,0,0,0,0,0
49,cn7217,testout_io,io,0,0,0,0,0,0,0,0,0,0,0,0,0,0,0,0,0,0,0,0
49,cn7217,final_count_exchange,communication,0,0,0,0,0,0,0,0,0,0,0,0,0,0,0,0,0,0,0,0
49,cn7217,quality_evaluation,postprocess,0,0,0,0,0,0,0,0,0,0,0,0,0,0,0,0,0,0,0,0
50,cn7218,geometry_load,io,1.739875079,1,1404860624,26073690,1.85596275919,3316609211,3765358728,0.880821576531,6106,0,1035180,0,0,0,2,5,0,0,0,0
50,cn7218,coarse_local_size,setup,0.466556971,1,267947765,6296576,2.34992667321,632149863,880841909,0.717665515845,8345,0,0,0,0,0,134,64,0,0,0,0
50,cn7218,coarse_edge_mesh,setup,0.012615243,1,6317904,171597,2.71604316875,12801340,24801680,0.516148099645,515,0,0,0,0,0,0,0,0,0,0,0
50,cn7218,coarse_surface_mesh,setup,8.205757836,1,5676202667,163423818,2.8791047041,15314688217,17906318164,0.855267290391,17194,0,0,0,0,0,0,26,0,0,0,0
50,cn7218,coarse_volume_mesh,setup,14.559214043,1,5339810730,127235338,2.38276868663,13489423934,21738489348,0.620531800442,31141,0,0,0,0,0,81555,2848415,0,0,0,0
50,cn7218,coarse_mesh_save,io,0,0,0,0,0,0,0,0,0,0,0,0,0,0,0,0,0,0,0,0
50,cn7218,submesh_initialization,setup,0.000131402000079,1,3304615643,63065982,1.9084210938,9068784753,13900184059,0.652421918624,1,0,0,0,0,0,0,0,0,0,0,0
50,cn7218,metis_partition,compute,0.171630719,1,3417507442,69121728,2.02257724886,9330047856,14275615903,0.65356534663,199,0,0,0,0,0,0,1,0,0,0,0
50,cn7218,face_map_setup,compute,0.00733604199991,1,3307677353,63129765,1.90858291976,9076683991,13915543695,0.652269447026,212,0,0,0,0,0,0,0,0,0,0,0
50,cn7218,face_local_extract,compute,0.157751603,1,3365704574,65218338,1.93773210233,9231981942,14243550255,0.648151744244,729,0,0,0,0,0,0,1,0,0,0,0
50,cn7218,face_pre_collective_wait,synchronization,0.026297997,1,3338359411,63343511,1.89744431924,9135567921,13957747623,0.654515912435,0,0,0,0,0,0,0,0,0,0,0,0
50,cn7218,face_collective_setup,compute,0.000116681000009,1,3304535927,63062572,1.90836393954,9068638730,13900063391,0.652417077168,16,0,0,0,0,0,0,0,0,0,0,0
50,cn7218,face_allgatherv,communication,0.0636535789999,1,3434658854,63604381,1.85183983923,9321784597,14037816974,0.664048022158,637,0,0,0,0,0,0,0,1,1,75808,4859624
50,cn7218,face_global_merge,compute,0.078242864,1,3322703880,63951927,1.92469534781,9113050014,14070531989,0.647669187002,375,0,0,0,0,0,0,1,0,0,0,0
50,cn7218,part_face_create,compute,0.0190416949999,1,3309098162,63240210,1.91110105848,9079200007,13941607724,0.651230488387,2,0,0,0,0,0,0,0,0,0,0,0
50,cn7218,surface_refine,compute,0.0181403450001,1,3311507660,63331755,1.91247496616,9082753418,13939430594,0.651587118767,52,0,0,0,0,0,0,0,0,0,0,0
50,cn7218,refined_surface_save,io,0,0,0,0,0,0,0,0,0,0,0,0,0,0,0,0,0,0,0,0
50,cn7218,local_volume_mesh,compute,14.729197284,1,8404312177,187967634,2.23656177973,22901537262,36473884953,0.627888619255,16951,0,0,0,0,0,71815,2762134,0,0,0,0
50,cn7218,volume_refine,compute,1.056864741,1,7965825707,187259069,2.35078039475,21415825547,35430858974,0.604439919527,8197,0,0,0,0,0,0,3,0,0,0,0
50,cn7218,refined_volume_save,io,0,0,0,0,0,0,0,0,0,0,0,0,0,0,0,0,0,0,0,0
50,cn7218,adjacency_build,compute,0.00408656600007,1,7592472398,173774072,2.28876791236,20696416668,33300868901,0.621497797236,9,0,0,0,0,0,0,0,0,0,0,0
50,cn7218,vertex_numbering_local,compute,0.0159475410001,1,7598053456,173884464,2.28853962409,20709761221,33326909787,0.621412586806,3,0,0,0,0,0,0,0,0,0,0,0
50,cn7218,vertex_count_allgather,communication,1.721053226,1,9822716892,192328176,1.95799368051,25111812207,37074265910,0.677338083186,46,0,0,0,0,0,0,5,1,1,4,256
50,cn7218,element_count_allgather,communication,0.00122847400007,1,7593125793,173751834,2.28827809175,20697534146,33294685166,0.621646789654,0,0,0,0,0,0,0,0,1,1,4,256
50,cn7218,vertex_exchange_prepare,compute,2.14609999603e-05,1,7591603633,173738936,2.28856700638,20694527158,33292034729,0.621605958496,0,0,0,0,0,0,0,0,0,0,0,0
50,cn7218,vertex_exchange,communication,0.00200540299988,1,7594566336,173762333,2.28798229303,20700487414,33296105022,0.621708977681,32,0,0,0,0,0,0,0,5,3,98956,99638
50,cn7218,vertex_exchange_unpack,compute,0.00150029700012,1,7592169133,173749406,2.28853444854,20695880766,33295233512,0.621586893468,0,0,0,0,0,0,0,0,0,0,0,0
50,cn7218,partition_result_io,io,0,0,0,0,0,0,0,0,0,0,0,0,0,0,0,0,0,0,0,0
50,cn7218,volume_exchange_pack,compute,0.304400439,2,15369768429,349961388,2.27694639393,41917963706,67245876671,0.623353665401,842,0,0,0,0,0,0,0,0,0,0,0
50,cn7218,volume_size_exchange,communication,3.5440000147e-05,1,7591606619,173739103,2.28856830602,20694525879,33292056356,0.621605516274,0,0,0,0,0,0,0,0,4,4,16,16
50,cn7218,volume_payload_prepare,compute,0.000189701999943,1,7591603835,173738986,2.28856760411,20694594451,33292184984,0.621605174336,34,0,0,0,0,0,0,0,0,0,0,0
50,cn7218,volume_payload_exchange,communication,0.0406516590001,1,7642355686,174172246,2.27903873041,20795128995,33379324127,0.622994309767,247,0,0,0,0,0,0,0,4,4,2115600,2109240
50,cn7218,volume_exchange_unpack,compute,0.22567677,1,7749935289,177156175,2.2859052159,21138926153,33731001666,0.626691325752,10002,0,0,0,0,0,0,1,0,0,0,0
50,cn7218,final_mesh_save,io,0,0,0,0,0,0,0,0,0,0,0,0,0,0,0,0,0,0,0,0
50,cn7218,testout_io,io,0,0,0,0,0,0,0,0,0,0,0,0,0,0,0,0,0,0,0,0
50,cn7218,final_count_exchange,communication,0,0,0,0,0,0,0,0,0,0,0,0,0,0,0,0,0,0,0,0
50,cn7218,quality_evaluation,postprocess,0,0,0,0,0,0,0,0,0,0,0,0,0,0,0,0,0,0,0,0
51,cn7219,geometry_load,io,1.736798488,1,1398605913,22486873,1.60780622983,3316174977,3700529481,0.896135267676,5130,0,1035180,0,0,0,2,2,0,0,0,0
51,cn7219,coarse_local_size,setup,0.447168713,1,266271942,5983272,2.24705312736,631804985,860319428,0.73438418852,7707,0,0,0,0,0,138,53,0,0,0,0
51,cn7219,coarse_edge_mesh,setup,0.0124099449999,1,6260842,177270,2.83140829939,12798437,24359178,0.525405126561,525,0,0,0,0,0,0,0,0,0,0,0
51,cn7219,coarse_surface_mesh,setup,8.079573293,1,5661549760,164697183,2.90904769863,15313063691,17649651976,0.867612784197,14107,0,0,0,0,0,0,10,0,0,0,0
51,cn7219,coarse_volume_mesh,setup,14.465684922,1,5334299558,130741437,2.45095791075,13471054381,21760842449,0.619050223472,26202,0,0,0,0,0,84437,2634392,0,0,0,0
51,cn7219,coarse_mesh_save,io,0,0,0,0,0,0,0,0,0,0,0,0,0,0,0,0,0,0,0,0
51,cn7219,submesh_initialization,setup,0.000133101000074,1,2695991983,58999992,2.18843351063,7216627270,11734136627,0.615011355279,3,0,0,0,0,0,0,0,0,0,0,0
51,cn7219,metis_partition,compute,0.170864272,1,2808959438,65036071,2.31530829959,7477912590,12107920272,0.617605040503,273,0,0,0,0,0,0,0,0,0,0,0
51,cn7219,face_map_setup,compute,0.00716040299994,1,2699001835,59068035,2.18851407339,7224521974,11749082594,0.614900943644,231,0,0,0,0,0,0,0,0,0,0,0
51,cn7219,face_local_extract,compute,0.162852539,1,2757026391,61134848,2.21741976064,7379826457,12089227402,0.610446491873,621,0,0,0,0,0,0,1,0,0,0,0
51,cn7219,face_pre_collective_wait,synchronization,0.022207039,1,2725776917,58995904,2.16437022531,7275360076,11782685830,0.617461942122,0,0,0,0,0,0,0,0,0,0,0,0
51,cn7219,face_collective_setup,compute,0.000111162000167,1,2695910880,58996529,2.18837089303,7216481384,11734015842,0.615005253203,13,0,0,0,0,0,0,0,0,0,0,0
51,cn7219,face_allgatherv,communication,0.0635953010001,1,2827027666,59441171,2.10260308786,7471868101,11871532505,0.629393728051,733,0,0,0,0,0,0,0,1,1,75808,4859624
51,cn7219,face_global_merge,compute,0.0781590910001,1,2714113449,59875232,2.20606961076,7260892536,11904781663,0.609913960755,277,0,0,0,0,0,0,0,0,0,0,0
51,cn7219,part_face_create,compute,0.0186954179999,1,2700443959,59175009,2.19130668506,7227011605,11774815586,0.613768559874,2,0,0,0,0,0,0,0,0,0,0,0
51,cn7219,surface_refine,compute,0.0168676570001,1,2702339453,59263392,2.19304025385,7229536821,11770640823,0.614200783943,50,0,0,0,0,0,0,0,0,0,0,0
51,cn7219,refined_surface_save,io,0,0,0,0,0,0,0,0,0,0,0,0,0,0,0,0,0,0,0,0
51,cn7219,local_volume_mesh,compute,11.875536226,1,6652208681,149837064,2.25244082357,17713075066,28417399403,0.623317947389,13709,0,0,0,0,0,68786,2553707,0,0,0,0
51,cn7219,volume_refine,compute,0.932752314,1,6673554104,156534109,2.34558837106,17543459371,29015829669,0.604616844361,7036,0,0,0,0,0,0,1,0,0,0,0
51,cn7219,refined_volume_save,io,0,0,0,0,0,0,0,0,0,0,0,0,0,0,0,0,0,0,0,0
51,cn7219,adjacency_build,compute,0.00401932699992,1,6342933814,143977735,2.26989180751,16912333193,27146078360,0.623012022905,6,0,0,0,0,0,0,0,0,0,0,0
51,cn7219,vertex_numbering_local,compute,0.0171913009999,1,6349339475,144106764,2.26963394488,16928008785,27173423973,0.622961935228,236,0,0,0,0,0,0,0,0,0,0,0
51,cn7219,vertex_count_allgather,communication,4.699830851,1,12725357150,143948644,1.1311953158,29494568908,37469355790,0.787165092277,63,0,0,0,0,0,0,4,1,1,4,256
51,cn7219,element_count_allgather,communication,0.000389563999988,1,6342514889,143943602,2.26950357262,16911284108,27138168738,0.623154947236,0,0,0,0,0,0,0,0,1,1,4,256
51,cn7219,vertex_exchange_prepare,compute,0.000222103000169,1,6342050484,143943458,2.26966748945,16910383630,27137399242,0.623139434962,61,0,0,0,0,0,0,0,0,0,0,0
51,cn7219,vertex_exchange,communication,0.00292221399991,1,6346515436,143961703,2.26835819517,16919408858,27143347797,0.623335374271,36,0,0,0,0,0,0,0,0,6,0,249942
51,cn7219,vertex_exchange_unpack,compute,0.00354172200014,1,6343462783,143969159,2.26956733136,16913767465,27145099908,0.623087316765,0,0,0,0,0,0,0,0,0,0,0,0
51,cn7219,partition_result_io,io,0,0,0,0,0,0,0,0,0,0,0,0,0,0,0,0,0,0,0,0
51,cn7219,volume_exchange_pack,compute,0.287689635,2,12854026825,290489884,2.25991347268,34300496540,54897349897,0.624811518304,1134,0,0,0,0,0,0,1,0,0,0,0
51,cn7219,volume_size_exchange,communication,0.015115017,1,6362450999,143944803,2.26241118435,16950684276,27170447766,0.623864737968,2,0,0,0,0,0,0,0,6,6,24,24
51,cn7219,volume_payload_prepare,compute,0.00027272300008,1,6342051195,143943509,2.26966803916,16910448831,27137541781,0.623138564556,68,0,0,0,0,0,0,0,0,0,0,0
51,cn7219,volume_payload_exchange,communication,0.039116556,1,6392898637,143956665,2.25182148465,17010909561,27220811661,0.624922936643,350,0,0,0,0,0,0,0,6,6,2668080,2669520
51,cn7219,volume_exchange_unpack,compute,0.20325101,1,6483734402,146583126,2.26078239656,17307048103,27532967144,0.628593642395,8852,0,0,0,0,0,0,0,0,0,0,0
51,cn7219,final_mesh_save,io,0,0,0,0,0,0,0,0,0,0,0,0,0,0,0,0,0,0,0,0
51,cn7219,testout_io,io,0,0,0,0,0,0,0,0,0,0,0,0,0,0,0,0,0,0,0,0
51,cn7219,final_count_exchange,communication,0,0,0,0,0,0,0,0,0,0,0,0,0,0,0,0,0,0,0,0
51,cn7219,quality_evaluation,postprocess,0,0,0,0,0,0,0,0,0,0,0,0,0,0,0,0,0,0,0,0
52,cn7220,geometry_load,io,1.723441389,1,1398271968,22816009,1.63172898564,3316325663,3727949867,0.889584297352,5960,0,1035180,0,0,0,2,18,0,0,0,0
52,cn7220,coarse_local_size,setup,0.616111681,1,610389815,6036722,0.988994549327,1320009143,1218487655,1.0833176172,8360,0,0,0,0,0,95,59,0,0,0,0
52,cn7220,coarse_edge_mesh,setup,0.012713503,1,6290691,176417,2.80441369636,12798874,24831282,0.51543347621,526,0,0,0,0,0,0,1,0,0,0,0
52,cn7220,coarse_surface_mesh,setup,8.212439591,1,5671294624,165806225,2.9236045029,15313006773,17915205922,0.854749135437,17419,0,0,0,0,0,0,72,0,0,0,0
52,cn7220,coarse_volume_mesh,setup,14.341085221,1,5306284839,133589845,2.51757772252,13420381316,21571944947,0.62212198988,32005,0,0,0,0,0,77695,2762696,0,0,0,0
52,cn7220,coarse_mesh_save,io,0,0,0,0,0,0,0,0,0,0,0,0,0,0,0,0,0,0,0,0
52,cn7220,submesh_initialization,setup,0.000127921000058,1,4047957469,114567764,2.83026106073,9959838400,16920788220,0.588615510726,2,0,0,0,0,0,0,0,0,0,0,0
52,cn7220,metis_partition,compute,0.174129813,1,4160857590,120653399,2.899724309,10221128031,17299457224,0.590835186252,352,0,0,0,0,0,0,3,0,0,0,0
52,cn7220,face_map_setup,compute,0.00742669500005,1,4051014087,114637287,2.82984172699,9967728944,16936358193,0.588540277102,240,0,0,0,0,0,0,0,0,0,0,0
52,cn7220,face_local_extract,compute,0.161073545,1,4109058260,116717415,2.84049063349,10123036831,17271654807,0.586106944825,772,0,0,0,0,0,0,1,0,0,0,0
52,cn7220,face_pre_collective_wait,synchronization,0.020473022,1,4075091494,114563600,2.81131356606,10013379951,16965543963,0.590218620331,0,0,0,0,0,0,0,0,0,0,0,0
52,cn7220,face_collective_setup,compute,0.000115900999845,1,4047874712,114564267,2.83023253315,9959692626,16920683585,0.5886105355,16,0,0,0,0,0,0,0,0,0,0,0
52,cn7220,face_allgatherv,communication,0.063448094,1,4179043984,114976637,2.75126649636,10215195017,17058054845,0.598848761469,639,0,0,0,0,0,0,0,1,1,75808,4859624
52,cn7220,face_global_merge,compute,0.0792828370002,1,4066096889,115558033,2.84198916442,10004104298,17093323308,0.585263855234,447,0,0,0,0,0,0,1,0,0,0,0
52,cn7220,part_face_create,compute,0.0189161619999,1,4052420890,114753160,2.83171869643,9970208067,16962005111,0.587796548919,2,0,0,0,0,0,0,0,0,0,0,0
52,cn7220,surface_refine,compute,0.016972638,1,4054187258,114862548,2.83318309418,9972449231,16957507462,0.588084614048,51,0,0,0,0,0,0,0,0,0,0,0
52,cn7220,refined_surface_save,io,0,0,0,0,0,0,0,0,0,0,0,0,0,0,0,0,0,0,0,0
52,cn7220,local_volume_mesh,compute,13.204741629,1,8506254234,224443585,2.63857132441,21963249258,36498370185,0.601759726439,11785,0,0,0,0,0,65997,2570403,0,0,0,0
52,cn7220,volume_refine,compute,0.923358181,1,8376050383,226450345,2.70354564079,21405458629,36217295634,0.591028630225,8330,0,0,0,0,0,0,8,0,0,0,0
52,cn7220,refined_volume_save,io,0,0,0,0,0,0,0,0,0,0,0,0,0,0,0,0,0,0,0,0
52,cn7220,adjacency_build,compute,0.00396909100004,1,8052693382,213430248,2.65042064655,20789121088,34373027077,0.604809144142,8,0,0,0,0,0,0,0,0,0,0,0
52,cn7220,vertex_numbering_local,compute,0.0164046699999,1,8058091090,213597162,2.65071664758,20801880632,34399380975,0.60471671415,142,0,0,0,0,0,0,0,0,0,0,0
52,cn7220,vertex_count_allgather,communication,3.379516296,1,12652640930,213403654,1.68663329008,29875245664,41794653489,0.714810224994,81,0,0,0,0,0,0,29,1,1,4,256
52,cn7220,element_count_allgather,communication,0.000502786999959,1,8052458390,213396288,2.65007625826,20788418270,34365459860,0.604921870817,0,0,0,0,0,0,0,0,1,1,4,256
52,cn7220,vertex_exchange_prepare,compute,8.38009998461e-05,1,8051840666,213396007,2.65027607788,20787207320,34364392472,0.604905421708,19,0,0,0,0,0,0,0,0,0,0,0
52,cn7220,vertex_exchange,communication,0.00239729100008,1,8055001453,213420322,2.64953797023,20793680997,34369206822,0.605009045006,41,0,0,0,0,0,0,0,6,2,122056,72358
52,cn7220,vertex_exchange_unpack,compute,0.00104805299998,1,8052249280,213403237,2.65023137734,20788181607,34366659125,0.604893874944,0,0,0,0,0,0,0,0,0,0,0,0
52,cn7220,partition_result_io,io,0,0,0,0,0,0,0,0,0,0,0,0,0,0,0,0,0,0,0,0
52,cn7220,volume_exchange_pack,compute,0.344503998,2,16264194144,431561101,2.65344287691,42030556545,69476315628,0.604962369767,811,0,0,0,0,0,0,4,0,0,0,0
52,cn7220,volume_size_exchange,communication,4.39399998413e-05,1,8051844823,213396229,2.65027746673,20787210789,34364433606,0.604904798587,1,0,0,0,0,0,0,0,5,5,20,20
52,cn7220,volume_payload_prepare,compute,0.000338805000183,1,8051841762,213396167,2.65027770425,20787279582,34364567580,0.604904442159,102,0,0,0,0,0,0,0,0,0,0,0
52,cn7220,volume_payload_exchange,communication,0.00299693900001,1,8053491030,213409806,2.64990431112,20790559241,34368476394,0.604931071214,287,0,0,0,0,0,0,0,5,5,2043840,2039040
52,cn7220,volume_exchange_unpack,compute,0.196120215,1,8187107581,217349617,2.65477905169,21168577865,34746593171,0.609227435934,8598,0,0,0,0,0,0,1,0,0,0,0
52,cn7220,final_mesh_save,io,0,0,0,0,0,0,0,0,0,0,0,0,0,0,0,0,0,0,0,0
52,cn7220,testout_io,io,0,0,0,0,0,0,0,0,0,0,0,0,0,0,0,0,0,0,0,0
52,cn7220,final_count_exchange,communication,0,0,0,0,0,0,0,0,0,0,0,0,0,0,0,0,0,0,0,0
52,cn7220,quality_evaluation,postprocess,0,0,0,0,0,0,0,0,0,0,0,0,0,0,0,0,0,0,0,0
53,cn7221,geometry_load,io,1.784510511,1,1404773501,22943491,1.6332519786,3316248601,3808215560,0.870814308894,5020,0,1035180,0,0,0,2,16,0,0,0,0
53,cn7221,coarse_local_size,setup,0.467331565,1,267919255,6038591,2.25388466387,632555926,883204977,0.716205119392,8372,0,0,0,0,0,138,66,0,0,0,0
53,cn7221,coarse_edge_mesh,setup,0.0122629260002,1,6275202,177246,2.82454652456,12806634,24126714,0.530807220577,508,0,0,0,0,0,0,0,0,0,0,0
53,cn7221,coarse_surface_mesh,setup,8.131755276,1,5660481503,164486267,2.90587058562,15313457094,17779489976,0.861299008839,10566,0,0,0,0,0,0,75,0,0,0,0
53,cn7221,coarse_volume_mesh,setup,14.279506773,1,5271558071,128725922,2.44189517153,13336320144,21351747556,0.624600872084,28163,0,0,0,0,0,83160,2829092,0,0,0,0
53,cn7221,coarse_mesh_save,io,0,0,0,0,0,0,0,0,0,0,0,0,0,0,0,0,0,0,0,0
53,cn7221,submesh_initialization,setup,0.000129380999851,1,4491246107,111330999,2.47884431954,11175683329,17791333372,0.62815321906,5,0,0,0,0,0,0,0,0,0,0,0
53,cn7221,metis_partition,compute,0.176678296,1,4605157808,117368489,2.54863120643,11436947636,18177104281,0.629195248,514,0,0,0,0,0,0,1,0,0,0,0
53,cn7221,face_map_setup,compute,0.00734150699986,1,4494322094,111403923,2.47877033888,11183579651,17806715611,0.628054038449,216,0,0,0,0,0,0,0,0,0,0,0
53,cn7221,face_local_extract,compute,0.16095017,1,4552335693,113494110,2.49309624012,11338876615,18141943223,0.62500893513,669,0,0,0,0,0,0,3,0,0,0,0
53,cn7221,face_pre_collective_wait,synchronization,0.0181160749999,1,4515503226,111326711,2.46543309634,11223531425,17830912465,0.6294423489,0,0,0,0,0,0,0,0,0,0,0,0
53,cn7221,face_collective_setup,compute,0.00012198100012,1,4491164045,111327404,2.47880956662,11175537664,17791243456,0.628148206259,16,0,0,0,0,0,0,0,0,0,0,0
53,cn7221,face_allgatherv,communication,0.0633819720001,1,4622165240,111762779,2.41797454649,11430728040,17928557391,0.637570987487,635,0,0,0,0,0,0,0,1,1,75808,4859624
53,cn7221,face_global_merge,compute,0.08010515,1,4509380690,112342526,2.49130720432,11219949976,17965543016,0.624526070045,518,0,0,0,0,0,0,1,0,0,0,0
53,cn7221,part_face_create,compute,0.0186181210001,1,4495666427,111512011,2.48043338648,11185944508,17831862173,0.627300973924,2,0,0,0,0,0,0,0,0,0,0,0
53,cn7221,surface_refine,compute,0.012439328,1,4496054595,111531278,2.48064776891,11185611761,17818160167,0.62776468817,48,0,0,0,0,0,0,0,0,0,0,0
53,cn7221,refined_surface_save,io,0,0,0,0,0,0,0,0,0,0,0,0,0,0,0,0,0,0,0,0
53,cn7221,local_volume_mesh,compute,11.131315223,1,7953156319,190177253,2.39121734029,20339459600,32779781982,0.620487946234,5115,0,0,0,0,0,72679,2597459,0,0,0,0
53,cn7221,volume_refine,compute,0.770535342,1,7744804486,190981524,2.46593086172,19574565728,32311037143,0.605816694814,5242,0,0,0,0,0,0,7,0,0,0,0
53,cn7221,refined_volume_save,io,0,0,0,0,0,0,0,0,0,0,0,0,0,0,0,0,0,0,0,0
53,cn7221,adjacency_build,compute,0.0040595280002,1,7478968321,180928221,2.41916014662,19068532668,30775815491,0.619594716298,5,0,0,0,0,0,0,0,0,0,0,0
53,cn7221,vertex_numbering_local,compute,0.0173006059999,1,7486331784,181114909,2.41927440869,19086074778,30803672502,0.619603872777,183,0,0,0,0,0,0,0,0,0,0,0
53,cn7221,vertex_count_allgather,communication,5.609057546,1,15029521505,180904694,1.20366236503,33824688351,43090565365,0.784967383567,144,0,0,0,0,0,0,49,1,1,4,256
53,cn7221,element_count_allgather,communication,0.00117619299999,1,7479560886,180892635,2.4184927131,19069468382,30769525011,0.619751795817,9,0,0,0,0,0,0,0,1,1,4,256
53,cn7221,vertex_exchange_prepare,compute,0.000204762999829,1,7478065377,180892475,2.4189742384,19066527835,30767064173,0.619705790835,63,0,0,0,0,0,0,0,0,0,0,0
53,cn7221,vertex_exchange,communication,0.00316089800003,1,7482896388,180922874,2.4178187779,19076225551,30773414418,0.619893044427,107,0,0,0,0,0,0,0,6,5,121000,185482
53,cn7221,vertex_exchange_unpack,compute,0.003851446,1,7479108644,180912617,2.41890612386,19069010724,30773153895,0.619663840407,1207,0,0,0,0,0,0,0,0,0,0,0
53,cn7221,partition_result_io,io,0,0,0,0,0,0,0,0,0,0,0,0,0,0,0,0,0,0,0,0
53,cn7221,volume_exchange_pack,compute,0.298453141,2,15106774806,364173934,2.41066633134,38553387523,62175344742,0.620075171002,2932,0,0,0,0,0,0,2,0,0,0,0
53,cn7221,volume_size_exchange,communication,0.0425303440002,1,7535029151,180892776,2.40069112375,19178923466,30860382063,0.621473947628,2,0,0,0,0,0,0,1,7,7,28,28
53,cn7221,volume_payload_prepare,compute,0.000466265999876,1,7478066282,180892544,2.41897486835,19066635981,30767312108,0.619704311968,136,0,0,0,0,0,0,0,0,0,0,0
53,cn7221,volume_payload_exchange,communication,0.00296797600004,1,7479067481,180906768,2.41884123201,19068621958,30770170097,0.619711294994,419,0,0,0,0,0,0,0,7,7,3264120,3256680
53,cn7221,volume_exchange_unpack,compute,0.192325122,1,7606739910,185207809,2.4347856137,19420677533,31149607849,0.623464591501,6761,0,0,0,0,0,0,1,0,0,0,0
53,cn7221,final_mesh_save,io,0,0,0,0,0,0,0,0,0,0,0,0,0,0,0,0,0,0,0,0
53,cn7221,testout_io,io,0,0,0,0,0,0,0,0,0,0,0,0,0,0,0,0,0,0,0,0
53,cn7221,final_count_exchange,communication,0,0,0,0,0,0,0,0,0,0,0,0,0,0,0,0,0,0,0,0
53,cn7221,quality_evaluation,postprocess,0,0,0,0,0,0,0,0,0,0,0,0,0,0,0,0,0,0,0,0
54,cn7222,geometry_load,io,1.767203263,1,1408845234,26171504,1.85765642445,3317021767,3773229923,0.879093464933,4866,0,1035180,0,0,0,2,3,0,0,0,0
54,cn7222,coarse_local_size,setup,0.467727037,1,268489892,6292478,2.34365545501,632457282,884437561,0.715095457146,8377,0,0,0,0,0,137,68,0,0,0,0
54,cn7222,coarse_edge_mesh,setup,0.012378266,1,6321602,182746,2.89081786547,12807260,24348753,0.525992439941,523,0,0,0,0,0,0,0,0,0,0,0
54,cn7222,coarse_surface_mesh,setup,8.127828582,1,5668681360,164640609,2.90438990206,15312264521,17753724484,0.862481815283,14286,0,0,0,0,0,0,11,0,0,0,0
54,cn7222,coarse_volume_mesh,setup,14.332183111,1,5295385175,125796535,2.37558800432,13386881457,21531547342,0.621733368455,31647,0,0,0,0,0,80787,2755083,0,0,0,0
54,cn7222,coarse_mesh_save,io,0,0,0,0,0,0,0,0,0,0,0,0,0,0,0,0,0,0,0,0
54,cn7222,submesh_initialization,setup,0.000128802000063,1,3380394966,65002381,1.92292266595,9317595740,14444446069,0.645064247912,2,0,0,0,0,0,0,0,0,0,0,0
54,cn7222,metis_partition,compute,0.171999541,1,3493141495,71065304,2.03442385892,9578910261,14820022891,0.646349221688,260,0,0,0,0,0,0,1,0,0,0,0
54,cn7222,face_map_setup,compute,0.00724663699998,1,3383450429,65068235,1.92313250528,9325487346,14459643689,0.64493202921,217,0,0,0,0,0,0,0,0,0,0,0
54,cn7222,face_local_extract,compute,0.160582568,1,3441473746,67153368,1.95129682678,9480794753,14794555245,0.640829994278,727,0,0,0,0,0,0,0,0,0,0,0
54,cn7222,face_pre_collective_wait,synchronization,0.02321493,1,3411305641,65256017,1.91293375228,9378724286,14495220325,0.647021851046,0,0,0,0,0,0,0,0,0,0,0,0
54,cn7222,face_collective_setup,compute,0.000120960999993,1,3380311044,64998857,1.92286615504,9317449911,14444339300,0.64505892014,13,0,0,0,0,0,0,0,0,0,0,0
54,cn7222,face_allgatherv,communication,0.0632486270001,1,3510747840,65419495,1.86340625933,9571491974,14580666408,0.656450926602,966,0,0,0,0,0,0,0,1,1,75808,4859624
54,cn7222,face_global_merge,compute,0.0787277529998,1,3398521237,65889763,1.93877743892,9361861839,14615730368,0.640533288675,469,0,0,0,0,0,0,1,0,0,0,0
54,cn7222,part_face_create,compute,0.018621149,1,3384788448,65177323,1.92559517386,9327849680,14484950558,0.643968347883,2,0,0,0,0,0,0,0,0,0,0,0
54,cn7222,surface_refine,compute,0.012164103,1,3385090691,65186587,1.92569691481,9327367609,14470654867,0.64457121635,49,0,0,0,0,0,0,0,0,0,0,0
54,cn7222,refined_surface_save,io,0,0,0,0,0,0,0,0,0,0,0,0,0,0,0,0,0,0,0,0
54,cn7222,local_volume_mesh,compute,12.367722468,1,7638089865,155545279,2.03644211772,20868312907,32808518914,0.636063851639,5872,0,0,0,0,0,62130,2508925,0,0,0,0
54,cn7222,volume_refine,compute,0.826995844,1,7576439902,161184422,2.12744275788,20445110977,33243922088,0.615002974766,5547,0,0,0,0,0,0,1,0,0,0,0
54,cn7222,refined_volume_save,io,0,0,0,0,0,0,0,0,0,0,0,0,0,0,0,0,0,0,0,0
54,cn7222,adjacency_build,compute,0.00371484900006,1,7290536900,150272715,2.06120231008,19889592427,31585912452,0.629698206668,6,0,0,0,0,0,0,0,0,0,0,0
54,cn7222,vertex_numbering_local,compute,0.0104555799999,1,7292810513,150328580,2.06132573624,19894984659,31600745839,0.629573262617,2,0,0,0,0,0,0,0,0,0,0,0
54,cn7222,vertex_count_allgather,communication,4.325011324,1,13025037786,182092319,1.39801758729,31240220289,41086105885,0.760359727847,29,0,0,0,0,0,0,4,1,1,4,256
54,cn7222,element_count_allgather,communication,0.00118437600008,1,7291306859,150248718,2.06065553001,19890984514,31580453635,0.629851133359,0,0,0,0,0,0,0,0,1,1,4,256
54,cn7222,vertex_exchange_prepare,compute,1.46600000335e-05,1,7289800205,150240107,2.06096330181,19888008614,31577884692,0.629808133381,0,0,0,0,0,0,0,0,0,0,0,0
54,cn7222,vertex_exchange,communication,0.000846550999995,1,7291116246,150246245,2.06067548412,19890577607,31579531036,0.62985664937,17,0,0,0,0,0,0,0,3,2,21648,47916
54,cn7222,vertex_exchange_unpack,compute,0.000733330000003,1,7290065740,150245046,2.06095598255,19888642350,31579460486,0.629796774356,0,0,0,0,0,0,0,0,0,0,0,0
54,cn7222,partition_result_io,io,0,0,0,0,0,0,0,0,0,0,0,0,0,0,0,0,0,0,0,0
54,cn7222,volume_exchange_pack,compute,0.189880861,2,14708019193,302079305,2.0538408404,40141082236,63572051278,0.631426569208,77,0,0,0,0,0,0,0,0,0,0,0
54,cn7222,volume_size_exchange,communication,0.156691716,1,7495300040,151374872,2.01959723016,20291536052,31922374323,0.635652468914,1,0,0,0,0,0,0,0,4,4,16,16
54,cn7222,volume_payload_prepare,compute,0.000131440999894,1,7289800458,150240157,2.06096391617,19888050176,31577974735,0.629807653686,30,0,0,0,0,0,0,0,0,0,0,0
54,cn7222,volume_payload_exchange,communication,0.0025547539999,1,7291954835,150271728,2.06078796976,19892397760,31582772464,0.629849636623,11,0,0,0,0,0,0,0,4,4,711240,713160
54,cn7222,volume_exchange_unpack,compute,0.155833685,1,7408491060,152408005,2.05720711229,20223353343,31875899695,0.634440236558,7960,0,0,0,0,0,0,1,0,0,0,0
54,cn7222,final_mesh_save,io,0,0,0,0,0,0,0,0,0,0,0,0,0,0,0,0,0,0,0,0
54,cn7222,testout_io,io,0,0,0,0,0,0,0,0,0,0,0,0,0,0,0,0,0,0,0,0
54,cn7222,final_count_exchange,communication,0,0,0,0,0,0,0,0,0,0,0,0,0,0,0,0,0,0,0,0
54,cn7222,quality_evaluation,postprocess,0,0,0,0,0,0,0,0,0,0,0,0,0,0,0,0,0,0,0,0
55,cn7223,geometry_load,io,1.73022197,1,1402511795,26947379,1.92136558823,3316776943,3748254092,0.884885832601,6107,0,1035180,0,0,0,2,1,0,0,0,0
55,cn7223,coarse_local_size,setup,0.457715301,1,265912628,6131205,2.30572163726,632044895,872015589,0.724809169667,8236,0,0,0,0,0,124,56,0,0,0,0
55,cn7223,coarse_edge_mesh,setup,0.0126626170002,1,6280044,163265,2.59974293174,12797811,24964581,0.512638726042,506,0,0,0,0,0,0,0,0,0,0,0
55,cn7223,coarse_surface_mesh,setup,8.208192237,1,5671969190,161580624,2.84875708219,15311132719,17931085384,0.853887669994,15391,0,0,0,0,0,0,11,0,0,0,0
55,cn7223,coarse_volume_mesh,setup,14.666167894,1,5376126235,134951777,2.51020476643,13506573899,21919660127,0.61618537061,35190,0,0,0,0,0,86023,2753949,0,0,0,0
55,cn7223,coarse_mesh_save,io,0,0,0,0,0,0,0,0,0,0,0,0,0,0,0,0,0,0,0,0
55,cn7223,submesh_initialization,setup,0.000133100999847,1,3517859316,78025212,2.2179741994,9455667546,15298704950,0.618069802438,3,0,0,0,0,0,0,0,0,0,0,0
55,cn7223,metis_partition,compute,0.173278898,1,3632249958,84082683,2.31489253141,9716921890,15677699432,0.619792587053,260,0,0,0,0,0,0,0,0,0,0,0
55,cn7223,face_map_setup,compute,0.00721156999998,1,3520890720,78089074,2.21787837823,9463565775,15313796927,0.617976444386,213,0,0,0,0,0,0,0,0,0,0,0
55,cn7223,face_local_extract,compute,0.156009823,1,3578859019,80171824,2.24015038241,9618865039,15638857026,0.615061895061,732,0,0,0,0,0,0,0,0,0,0,0
55,cn7223,face_pre_collective_wait,synchronization,0.0264948899999,1,3552972436,78021124,2.19593946774,9524851400,15356693326,0.620241037429,0,0,0,0,0,0,0,0,0,0,0,0
55,cn7223,face_collective_setup,compute,0.000118941999972,1,3517779196,78021713,2.21792524922,9455521553,15298595637,0.618064675828,16,0,0,0,0,0,0,0,0,0,0,0
55,cn7223,face_allgatherv,communication,0.063036105,1,3647087589,78460461,2.15131825286,9707331933,15434035441,0.628956177411,1147,0,0,0,0,0,0,0,1,1,75808,4859624
55,cn7223,face_global_merge,compute,0.078883382,1,3535999754,78914620,2.23174845843,9499933262,15470469722,0.61406883131,421,0,0,0,0,0,0,0,0,0,0,0
55,cn7223,part_face_create,compute,0.018593712,1,3522362474,78201828,2.22015276898,9465874822,15339137069,0.617106084874,2,0,0,0,0,0,0,0,0,0,0,0
55,cn7223,surface_refine,compute,0.0114302630002,1,3522083011,78205100,2.22042182867,9464377816,15323319252,0.617645410916,47,0,0,0,0,0,0,0,0,0,0,0
55,cn7223,refined_surface_save,io,0,0,0,0,0,0,0,0,0,0,0,0,0,0,0,0,0,0,0,0
55,cn7223,local_volume_mesh,compute,11.412742871,1,7238403920,165990205,2.29318792975,19497065834,31608412331,0.61683154566,4628,0,0,0,0,0,60988,2342232,0,0,0,0
55,cn7223,volume_refine,compute,0.770669559,1,6830099126,166817285,2.44238453824,18192029117,30651199313,0.593517693426,6103,0,0,0,0,0,0,1,0,0,0,0
55,cn7223,refined_volume_save,io,0,0,0,0,0,0,0,0,0,0,0,0,0,0,0,0,0,0,0,0
55,cn7223,adjacency_build,compute,0.00371554599997,1,6571563971,156750444,2.38528369642,17703431647,29112856773,0.608096683367,11,0,0,0,0,0,0,0,0,0,0,0
55,cn7223,vertex_numbering_local,compute,0.00802267900008,1,6573329583,156789676,2.38523983957,17707677486,29122317548,0.60804492832,6,0,0,0,0,0,0,0,0,0,0,0
55,cn7223,vertex_count_allgather,communication,5.339507166,1,13724464046,156726462,1.14194959799,31806001483,40841688781,0.778763132287,43,0,0,0,0,0,0,5,1,1,4,256
55,cn7223,element_count_allgather,communication,0.00136019700017,1,6572598311,156716050,2.38438502681,17705360510,29107770370,0.608269210762,2,0,0,0,0,0,0,0,1,1,4,256
55,cn7223,vertex_exchange_prepare,compute,1.6179999875e-05,1,6570856650,156715750,2.38501246257,17701933869,29104839536,0.608212728577,0,0,0,0,0,0,0,0,0,0,0,0
55,cn7223,vertex_exchange,communication,0.00129037600004,1,6572615731,156719171,2.38442619216,17705431036,29107481487,0.608277670602,12,0,0,0,0,0,0,0,0,3,0,53878
55,cn7223,vertex_exchange_unpack,compute,0.000826490000009,1,6571154090,156721242,2.38498808358,17702643653,29106617456,0.608199962767,0,0,0,0,0,0,0,0,0,0,0,0
55,cn7223,partition_result_io,io,0,0,0,0,0,0,0,0,0,0,0,0,0,0,0,0,0,0,0,0
55,cn7223,volume_exchange_pack,compute,0.150452814,2,13248621229,314775795,2.37591361063,35708073107,58538529387,0.609992657501,142,0,0,0,0,0,0,0,0,0,0,0
55,cn7223,volume_size_exchange,communication,0.195724018,1,6832792480,156716667,2.29359617548,18218885146,29535142184,0.616854492607,2,0,0,0,0,0,0,0,3,3,12,12
55,cn7223,volume_payload_prepare,compute,0.000188543000149,1,6570856878,156715802,2.38501317118,17701948741,29104870660,0.60821258915,65,0,0,0,0,0,0,0,0,0,0,0
55,cn7223,volume_payload_exchange,communication,0.00261413299995,1,6573073168,156737323,2.38453641081,17706415142,29109768788,0.608263681892,85,0,0,0,0,0,0,0,3,3,558720,562080
55,cn7223,volume_exchange_unpack,compute,0.13406589,1,6673753371,158598505,2.37645139374,17992955823,29361582594,0.612806062664,6908,0,0,0,0,0,0,1,0,0,0,0
55,cn7223,final_mesh_save,io,0,0,0,0,0,0,0,0,0,0,0,0,0,0,0,0,0,0,0,0
55,cn7223,testout_io,io,0,0,0,0,0,0,0,0,0,0,0,0,0,0,0,0,0,0,0,0
55,cn7223,final_count_exchange,communication,0,0,0,0,0,0,0,0,0,0,0,0,0,0,0,0,0,0,0,0
55,cn7223,quality_evaluation,postprocess,0,0,0,0,0,0,0,0,0,0,0,0,0,0,0,0,0,0,0,0
56,cn7224,geometry_load,io,1.72962383,1,1399446784,24132142,1.72440583493,3317454947,3746331306,0.885520973996,5961,0,1035180,0,0,0,2,1,0,0,0,0
56,cn7224,coarse_local_size,setup,0.451799229,1,266422294,6145642,2.30672963127,632089841,871898077,0.724958407036,7537,0,0,0,0,0,130,62,0,0,0,0
56,cn7224,coarse_edge_mesh,setup,0.0126347439998,1,6290356,169532,2.69510978393,12808239,24815638,0.516135793083,505,0,0,0,0,0,0,0,0,0,0,0
56,cn7224,coarse_surface_mesh,setup,8.188812438,1,5668666661,164145245,2.89565879979,15311433525,17874538963,0.856605787522,17180,0,0,0,0,0,0,11,0,0,0,0
56,cn7224,coarse_volume_mesh,setup,14.27108243,1,5303178074,126335682,2.38226362074,13409069150,21308350758,0.629287048176,30326,0,0,0,0,0,84474,2697871,0,0,0,0
56,cn7224,coarse_mesh_save,io,0,0,0,0,0,0,0,0,0,0,0,0,0,0,0,0,0,0,0,0
56,cn7224,submesh_initialization,setup,0.000125722000121,1,5303266527,126340072,2.38230666622,13409225783,21308552558,0.629288439302,2,0,0,0,0,0,0,0,0,0,0,0
56,cn7224,metis_partition,compute,0.1736958,1,5417013189,132366644,2.44353556807,13670499303,21686890532,0.630357739983,829,0,0,0,0,0,0,0,0,0,0,0
56,cn7224,face_map_setup,compute,0.0073119430001,1,5306324465,126405260,2.38216228265,13417109746,21323854250,0.629206595989,220,0,0,0,0,0,0,0,0,0,0,0
56,cn7224,face_local_extract,compute,0.158739309,1,5364286937,128474539,2.39499751801,13572427166,21654517582,0.626771162858,741,0,0,0,0,0,0,0,0,0,0,0
56,cn7224,face_pre_collective_wait,synchronization,0.0233371859999,1,5334634128,126335972,2.36822186805,13471071635,21359621677,0.630679318141,0,0,0,0,0,0,0,0,0,0,0,0
56,cn7224,face_collective_setup,compute,0.000114520999887,1,5303184048,126336641,2.38227902061,13409079954,21308453592,0.629284518283,16,0,0,0,0,0,0,0,0,0,0,0
56,cn7224,face_allgatherv,communication,0.0629727179999,1,5432434719,126766501,2.33351172278,13660771394,21443562357,0.637056994849,1147,0,0,0,0,0,0,0,1,1,75808,4859624
56,cn7224,face_global_merge,compute,0.078618536,1,5321346199,127206467,2.39049410136,13453492112,21479528662,0.626340192269,549,0,0,0,0,0,0,0,0,0,0,0
56,cn7224,part_face_create,compute,0.018692893,1,5307673557,126513483,2.38359578149,13419464332,21349228769,0.628569044681,2,0,0,0,0,0,0,0,0,0,0,0
56,cn7224,surface_refine,compute,0.01234024,1,5308010262,126523072,2.38362523347,13418962777,21335157654,0.62896009463,50,0,0,0,0,0,0,0,0,0,0,0
56,cn7224,refined_surface_save,io,0,0,0,0,0,0,0,0,0,0,0,0,0,0,0,0,0,0,0,0
56,cn7224,local_volume_mesh,compute,12.143883409,1,9332372384,217339289,2.3288750176,24234686993,38866339894,0.623539213085,6161,0,0,0,0,0,65928,2503043,0,0,0,0
56,cn7224,volume_refine,compute,0.811077683,1,7845360756,176051054,2.24401476841,19713383953,31721983936,0.621442340831,7048,0,0,0,0,0,0,1,0,0,0,0
56,cn7224,refined_volume_save,io,0,0,0,0,0,0,0,0,0,0,0,0,0,0,0,0,0,0,0,0
56,cn7224,adjacency_build,compute,0.00414050699987,1,7569521859,165658908,2.18849897108,19187315792,30109540075,0.637250377927,9,0,0,0,0,0,0,0,0,0,0,0
56,cn7224,vertex_numbering_local,compute,0.0151652129998,1,7576918344,165795659,2.18816742471,19204785277,30133690186,0.637319397606,7,0,0,0,0,0,0,0,0,0,0,0
56,cn7224,vertex_count_allgather,communication,4.559959744,1,13669116538,165630690,1.21171466744,31232155143,40121715729,0.778435183429,48,0,0,0,0,0,0,5,1,1,4,256
56,cn7224,element_count_allgather,communication,0.0013090540001,1,7570287694,165623754,2.1878132073,19188614951,30103332123,0.637424949258,9,0,0,0,0,0,0,0,1,1,4,256
56,cn7224,vertex_exchange_prepare,compute,4.62610000795e-05,1,7568610978,165623495,2.18829446356,19185323443,30100551811,0.637374476171,16,0,0,0,0,0,0,0,0,0,0,0
56,cn7224,vertex_exchange,communication,0.00483551499997,1,7575699951,165660616,2.18673676454,19199334305,30110604804,0.637626989892,81,0,0,0,0,0,0,0,5,5,187440,114532
56,cn7224,vertex_exchange_unpack,compute,0.00277091099997,1,7569252750,165636081,2.18827520326,19186843853,30104522844,0.637340905632,1129,0,0,0,0,0,0,0,0,0,0,0
56,cn7224,partition_result_io,io,0,0,0,0,0,0,0,0,0,0,0,0,0,0,0,0,0,0,0,0
56,cn7224,volume_exchange_pack,compute,0.276669372,2,15295663783,333662960,2.18142190319,38814797013,60794674835,0.638457185902,3117,0,0,0,0,0,0,0,0,0,0,0
56,cn7224,volume_size_exchange,communication,0.0296986389999,1,7608601117,165623769,2.17679658131,19264264360,30165772965,0.638613317893,0,0,0,0,0,0,0,0,6,6,24,24
56,cn7224,volume_payload_prepare,compute,0.000356303999979,1,7568611512,165623595,2.18829563041,19185406142,30100748481,0.637373059149,102,0,0,0,0,0,0,0,0,0,0,0
56,cn7224,volume_payload_exchange,communication,0.00745616499989,1,7575809547,165635303,2.18637100065,19199619526,30113374004,0.637577825834,444,0,0,0,0,0,0,0,6,6,3181200,3205080
56,cn7224,volume_exchange_unpack,compute,0.199656035,1,7700632698,168477780,2.18784334492,19554989510,30494421199,0.641264491705,7942,0,0,0,0,0,0,0,0,0,0,0
56,cn7224,final_mesh_save,io,0,0,0,0,0,0,0,0,0,0,0,0,0,0,0,0,0,0,0,0
56,cn7224,testout_io,io,0,0,0,0,0,0,0,0,0,0,0,0,0,0,0,0,0,0,0,0
56,cn7224,final_count_exchange,communication,0,0,0,0,0,0,0,0,0,0,0,0,0,0,0,0,0,0,0,0
56,cn7224,quality_evaluation,postprocess,0,0,0,0,0,0,0,0,0,0,0,0,0,0,0,0,0,0,0,0
57,cn7225,geometry_load,io,1.741606846,1,1401586134,25985857,1.85403211188,3315216635,3769059476,0.879587243478,5962,0,1035180,0,0,0,2,2,0,0,0,0
57,cn7225,coarse_local_size,setup,0.465190072,1,266670957,6159975,2.30995346074,632014626,879425893,0.718667293095,8368,0,0,0,0,0,134,58,0,0,0,0
57,cn7225,coarse_edge_mesh,setup,0.0125774210001,1,6307654,162867,2.58205348613,12811507,24740342,0.51783871864,515,0,0,0,0,0,0,0,0,0,0,0
57,cn7225,coarse_surface_mesh,setup,8.207080164,1,5674745529,162056224,2.85574433553,15315308179,17912757330,0.854994454335,17200,0,0,0,0,0,0,13,0,0,0,0
57,cn7225,coarse_volume_mesh,setup,14.369755253,1,5301994431,130778801,2.46659634788,13413396858,21420188143,0.62620350337,30494,0,0,0,0,0,81778,2795509,0,0,0,0
57,cn7225,coarse_mesh_save,io,0,0,0,0,0,0,0,0,0,0,0,0,0,0,0,0,0,0,0,0
57,cn7225,submesh_initialization,setup,0.000129402000084,1,4419386162,114593105,2.5929642896,10962604249,17941677551,0.611013335728,2,0,0,0,0,0,0,0,0,0,0,0
57,cn7225,metis_partition,compute,0.173882269,1,4533670679,120637287,2.66091861411,11223896838,18321696070,0.612601409559,377,0,0,0,0,0,0,0,0,0,0,0
57,cn7225,face_map_setup,compute,0.00722648500005,1,4422415484,114655957,2.59260934245,10970500149,17956791541,0.610938770657,220,0,0,0,0,0,0,0,0,0,0,0
57,cn7225,face_local_extract,compute,0.158627229,1,4480535535,116763060,2.60600678396,11125803632,18287662137,0.608377579849,700,0,0,0,0,0,0,0,0,0,0,0
57,cn7225,face_pre_collective_wait,synchronization,0.0233361159999,1,4450635536,114588816,2.57466186735,11024363799,17992721452,0.612712414206,0,0,0,0,0,0,0,0,0,0,0,0
57,cn7225,face_collective_setup,compute,0.000120561999893,1,4419306258,114589497,2.59292953034,10962458377,17941572883,0.611008769883,16,0,0,0,0,0,0,0,0,0,0,0
57,cn7225,face_allgatherv,communication,0.0629081070001,1,4548497201,115011625,2.52856316971,11213928956,18076748736,0.620350988984,1166,0,0,0,0,0,0,0,1,1,75808,4859624
57,cn7225,face_global_merge,compute,0.0787903369999,1,4437429615,115523475,2.60338720888,11006870349,18112958061,0.607679337187,547,0,0,0,0,0,0,0,0,0,0,0
57,cn7225,part_face_create,compute,0.0192689780001,1,4424002571,114775538,2.59438226262,10973111929,17983603122,0.610173159103,2,0,0,0,0,0,0,0,0,0,0,0
57,cn7225,surface_refine,compute,0.019433641,1,4427114647,114881597,2.59495418936,10978420763,17983797199,0.610461775203,49,0,0,0,0,0,0,0,0,0,0,0
57,cn7225,refined_surface_save,io,0,0,0,0,0,0,0,0,0,0,0,0,0,0,0,0,0,0,0,0
57,cn7225,local_volume_mesh,compute,15.523215134,1,10037211187,252909435,2.51971817956,26105071922,42187996090,0.618779613668,9760,0,0,0,0,0,77512,2707355,0,0,0,0
57,cn7225,volume_refine,compute,1.110905147,1,9853538492,254611923,2.5839643617,25338130847,41918988123,0.604454734753,7962,0,0,0,0,0,0,1,0,0,0,0
57,cn7225,refined_volume_save,io,0,0,0,0,0,0,0,0,0,0,0,0,0,0,0,0,0,0,0,0
57,cn7225,adjacency_build,compute,0.0040128579999,1,9458036237,238990009,2.5268459859,24578353062,39667125932,0.619615172123,7,0,0,0,0,0,0,0,0,0,0,0
57,cn7225,vertex_numbering_local,compute,0.017916218,1,9464204994,239192351,2.52733696229,24592953646,39697725046,0.619505365043,2,0,0,0,0,0,0,0,0,0,0,0
57,cn7225,vertex_count_allgather,communication,0.870354456,1,10634431180,238958200,2.24702380367,26899312045,41571867827,0.64705565208,28,0,0,0,0,0,0,1,1,1,4,256
57,cn7225,element_count_allgather,communication,0.00118719700004,1,9458643351,238955746,2.52632155725,24579311746,39660978851,0.619735378654,0,0,0,0,0,0,0,0,1,1,4,256
57,cn7225,vertex_exchange_prepare,compute,2.28799999604e-05,1,9457134539,238955514,2.52672215896,24576346472,39658466747,0.619699864566,0,0,0,0,0,0,0,0,0,0,0,0
57,cn7225,vertex_exchange,communication,0.00185072699992,1,9460159802,238970972,2.52607753993,24582393517,39662218685,0.619793706253,17,0,0,0,0,0,0,0,4,4,59158,145244
57,cn7225,vertex_exchange_unpack,compute,0.00208593000002,1,9457952730,238970900,2.52666625455,24578317642,39662996313,0.619678791991,0,0,0,0,0,0,0,0,0,0,0,0
57,cn7225,partition_result_io,io,0,0,0,0,0,0,0,0,0,0,0,0,0,0,0,0,0,0,0,0
57,cn7225,volume_exchange_pack,compute,0.293377012,2,19100765136,480663598,2.51646253214,49682228861,79955074440,0.621376807025,743,0,0,0,0,0,0,0,0,0,0,0
57,cn7225,volume_size_exchange,communication,0.0146797309999,1,9476998111,238956552,2.52143715975,24615544274,39690661635,0.6201847805,0,0,0,0,0,0,0,0,6,6,24,24
57,cn7225,volume_payload_prepare,compute,0.000197103000119,1,9457134991,238955599,2.52672293699,24576411570,39658624074,0.619699047656,34,0,0,0,0,0,0,0,0,0,0,0
57,cn7225,volume_payload_exchange,communication,0.00720052399993,1,9464460777,238975795,2.52498056287,24590880158,39671779238,0.619858262733,306,0,0,0,0,0,0,0,6,6,2147880,2133120
57,cn7225,volume_exchange_unpack,compute,0.230625928,1,9621147909,242036449,2.5156712202,25039642282,40104863326,0.624354260441,10460,0,0,0,0,0,0,0,0,0,0,0
57,cn7225,final_mesh_save,io,0,0,0,0,0,0,0,0,0,0,0,0,0,0,0,0,0,0,0,0
57,cn7225,testout_io,io,0,0,0,0,0,0,0,0,0,0,0,0,0,0,0,0,0,0,0,0
57,cn7225,final_count_exchange,communication,0,0,0,0,0,0,0,0,0,0,0,0,0,0,0,0,0,0,0,0
57,cn7225,quality_evaluation,postprocess,0,0,0,0,0,0,0,0,0,0,0,0,0,0,0,0,0,0,0,0
58,cn7226,geometry_load,io,1.781163971,1,1403718457,24932299,1.77616094422,3315590029,3791081667,0.874576260876,5783,0,1035180,0,0,0,2,17,0,0,0,0
58,cn7226,coarse_local_size,setup,0.452744369,1,267526733,6167339,2.30531690454,632197566,868588366,0.727844846589,8201,0,0,0,0,0,123,110,0,0,0,0
58,cn7226,coarse_edge_mesh,setup,0.012125687,1,6265863,160110,2.55527450887,12804105,23834310,0.537213160356,515,0,0,0,0,0,0,0,0,0,0,0
58,cn7226,coarse_surface_mesh,setup,8.062992001,1,5660702669,165376723,2.92148753733,15313262093,17610115894,0.869571908849,13072,0,0,0,0,0,0,79,0,0,0,0
58,cn7226,coarse_volume_mesh,setup,14.45446594,1,5369850856,127122490,2.36733744398,13560811638,21923164865,0.618560856587,28189,0,0,0,0,0,83275,2670519,0,0,0,0
58,cn7226,coarse_mesh_save,io,0,0,0,0,0,0,0,0,0,0,0,0,0,0,0,0,0,0,0,0
58,cn7226,submesh_initialization,setup,0.00012472200001,1,3351406759,72443273,2.16157805392,9031386738,15046551127,0.600229691294,2,0,0,0,0,0,0,0,0,0,0,0
58,cn7226,metis_partition,compute,0.172757274,1,3464309244,78523173,2.26663289763,9292659933,15421788554,0.602566939656,557,0,0,0,0,0,0,2,0,0,0,0
58,cn7226,face_map_setup,compute,0.00709682599995,1,3354428478,72508867,2.16158631718,9039281465,15061386859,0.60016262444,225,0,0,0,0,0,0,0,0,0,0,0
58,cn7226,face_local_extract,compute,0.163301519,1,3412536704,74589613,2.18575269572,9194585334,15402658617,0.596947940134,625,0,0,0,0,0,0,2,0,0,0,0
58,cn7226,face_pre_collective_wait,synchronization,0.0199107210001,1,3378161670,72438994,2.14433177202,9082479594,15090080703,0.601884096763,0,0,0,0,0,0,0,0,0,0,0,0
58,cn7226,face_collective_setup,compute,0.00011516099994,1,3351326284,72439653,2.1615219427,9031240783,15046448568,0.60022408226,16,0,0,0,0,0,0,0,0,0,0,0
58,cn7226,face_allgatherv,communication,0.062784021,1,3480783950,72895623,2.09423003689,9282062010,15182020774,0.611385147483,794,0,0,0,0,0,0,0,1,1,75808,4859624
58,cn7226,face_global_merge,compute,0.0775529809998,1,3369532872,73303766,2.17548748698,9075651887,15215720628,0.59646546548,392,0,0,0,0,0,0,1,0,0,0,0
58,cn7226,part_face_create,compute,0.0185036839998,1,3355821335,72614753,2.16384442886,9041628829,15086823107,0.599306346,2,0,0,0,0,0,0,0,0,0,0,0
58,cn7226,surface_refine,compute,0.0116118209999,1,3355960197,72619632,2.16390027703,9040775345,15071642888,0.599853341284,22,0,0,0,0,0,0,0,0,0,0,0
58,cn7226,refined_surface_save,io,0,0,0,0,0,0,0,0,0,0,0,0,0,0,0,0,0,0,0,0
58,cn7226,local_volume_mesh,compute,10.30424689,1,6592048898,144566894,2.1930494788,17652862019,29362080579,0.601212913761,4566,0,0,0,0,0,58767,2285425,0,0,0,0
58,cn7226,volume_refine,compute,0.701419683,1,5172931200,113658380,2.1971755588,13528114886,23076250929,0.586235386659,5304,0,0,0,0,0,0,7,0,0,0,0
58,cn7226,refined_volume_save,io,0,0,0,0,0,0,0,0,0,0,0,0,0,0,0,0,0,0,0,0
58,cn7226,adjacency_build,compute,0.00405244900003,1,4934882807,103352548,2.09432628984,13072221394,21691329387,0.602647314085,10,0,0,0,0,0,0,0,0,0,0,0
58,cn7226,vertex_numbering_local,compute,0.0168069029999,1,4942597929,103486296,2.09376318864,13090343689,21719273732,0.602706326672,2,0,0,0,0,0,0,0,0,0,0,0
58,cn7226,vertex_count_allgather,communication,6.509788913,1,13649551825,103333981,0.757050358318,30064294804,35988112337,0.835395158337,145,0,0,0,0,0,0,57,1,1,4,256
58,cn7226,element_count_allgather,communication,0.00132637599995,1,4935670969,103316582,2.09326315812,13073577807,21685367492,0.602875547847,5,0,0,0,0,0,0,0,1,1,4,256
58,cn7226,vertex_exchange_prepare,compute,0.000134101999947,1,4933971161,103316408,2.09398078401,13070230946,21682546062,0.602799639333,37,0,0,0,0,0,0,0,0,0,0,0
58,cn7226,vertex_exchange,communication,0.00447839399999,1,4940361325,103346094,2.09187318905,13083039103,21691469418,0.603142131632,142,0,0,0,0,0,0,0,8,6,229064,92312
58,cn7226,vertex_exchange_unpack,compute,0.00216256599992,1,4934485144,103326538,2.0939679619,13071451066,21685716394,0.602767777117,828,0,0,0,0,0,0,0,0,0,0,0
58,cn7226,partition_result_io,io,0,0,0,0,0,0,0,0,0,0,0,0,0,0,0,0,0,0,0,0
58,cn7226,volume_exchange_pack,compute,0.250195233,2,9996389805,208869574,2.08945007222,26495311812,43898717170,0.603555491369,2981,0,0,0,0,0,0,3,0,0,0,0
58,cn7226,volume_size_exchange,communication,0.0576443580001,1,5011037291,103520697,2.06585365441,13222290746,21809122544,0.60627339405,1,0,0,0,0,0,0,1,7,7,28,28
58,cn7226,volume_payload_prepare,compute,0.000285142999928,1,4933971184,103316387,2.09398034863,13070382851,21682895304,0.602796935914,34,0,0,0,0,0,0,0,0,0,0,0
58,cn7226,volume_payload_exchange,communication,0.0354279290002,1,4978882613,103332861,2.07542272096,13158950154,21757074237,0.604812485845,256,0,0,0,0,0,0,0,7,7,3417600,3435000
58,cn7226,volume_exchange_unpack,compute,0.180197404,1,5048969063,105901072,2.09747912254,13391250785,22039119614,0.607612782159,6929,0,0,0,0,0,0,1,0,0,0,0
58,cn7226,final_mesh_save,io,0,0,0,0,0,0,0,0,0,0,0,0,0,0,0,0,0,0,0,0
58,cn7226,testout_io,io,0,0,0,0,0,0,0,0,0,0,0,0,0,0,0,0,0,0,0,0
58,cn7226,final_count_exchange,communication,0,0,0,0,0,0,0,0,0,0,0,0,0,0,0,0,0,0,0,0
58,cn7226,quality_evaluation,postprocess,0,0,0,0,0,0,0,0,0,0,0,0,0,0,0,0,0,0,0,0
59,cn7227,geometry_load,io,1.763985933,1,1415458385,23653647,1.67109448435,3317266344,3820507690,0.868278933892,6109,0,1035180,0,0,0,2,1,0,0,0,0
59,cn7227,coarse_local_size,setup,0.47046668,1,269057337,6157971,2.28872071234,632510940,889286267,0.711256839863,8306,0,0,0,0,0,169,71,0,0,0,0
59,cn7227,coarse_edge_mesh,setup,0.012653902,1,6273414,179368,2.85917683736,12807137,24896842,0.5144080924,523,0,0,0,0,0,0,0,0,0,0,0
59,cn7227,coarse_surface_mesh,setup,8.109763055,1,5659481494,164466902,2.90604187282,15312683078,17592804680,0.870394650343,12656,0,0,0,0,0,0,11,0,0,0,0
59,cn7227,coarse_volume_mesh,setup,14.167516973,1,5316066836,128612588,2.4193184918,13455765279,21447006837,0.627395952324,20268,0,0,0,0,0,85227,2525432,0,0,0,0
59,cn7227,coarse_mesh_save,io,0,0,0,0,0,0,0,0,0,0,0,0,0,0,0,0,0,0,0,0
59,cn7227,submesh_initialization,setup,0.000130261999857,1,4300744372,115879843,2.69441364045,10665021004,17867023951,0.596910880807,1,0,0,0,0,0,0,0,0,0,0,0
59,cn7227,metis_partition,compute,0.162442639,1,4413427258,121966025,2.76352181355,10926256935,18222916559,0.599588814426,54,0,0,0,0,0,0,0,0,0,0,0
59,cn7227,face_map_setup,compute,0.00664078500017,1,4303796903,115939773,2.69389507946,10672914148,17881364452,0.596873587396,3,0,0,0,0,0,0,0,0,0,0,0
59,cn7227,face_local_extract,compute,0.15545095,1,4361686922,118070153,2.70698367653,10828220451,18207760295,0.594703592071,24,0,0,0,0,0,0,0,0,0,0,0
59,cn7227,face_pre_collective_wait,synchronization,0.0385530140002,1,4353161023,115875758,2.66187621794,10768469803,17951517542,0.599864038113,0,0,0,0,0,0,0,0,0,0,0,0
59,cn7227,face_collective_setup,compute,0.000107880999849,1,4300664427,115876419,2.69438411127,10664875240,17866900766,0.596906837939,13,0,0,0,0,0,0,0,0,0,0,0
59,cn7227,face_allgatherv,communication,0.0625840810001,1,4432358821,116314911,2.62422145177,10921439861,18003850784,0.606616883912,34,0,0,0,0,0,0,0,1,1,75808,4859624
59,cn7227,face_global_merge,compute,0.072634869,1,4318853616,116724737,2.70267870547,10709286111,18026325763,0.594091455563,0,0,0,0,0,0,0,0,0,0,0,0
59,cn7227,part_face_create,compute,0.0177459870001,1,4305277503,116054801,2.69564043013,10675371835,17905648930,0.596201337172,2,0,0,0,0,0,0,0,0,0,0,0
59,cn7227,surface_refine,compute,0.0150762130002,1,4306755699,116136183,2.69660484868,10677334567,17899851230,0.59650409547,1,0,0,0,0,0,0,0,0,0,0,0
59,cn7227,refined_surface_save,io,0,0,0,0,0,0,0,0,0,0,0,0,0,0,0,0,0,0,0,0
59,cn7227,local_volume_mesh,compute,13.052192641,1,8852675657,219795753,2.48281719015,22983568972,37690951306,0.60979010016,4777,0,0,0,0,0,62358,2505730,0,0,0,0
59,cn7227,volume_refine,compute,0.932709735,1,8550392423,223805518,2.61748826168,21923429872,37105156454,0.590845908417,7092,0,0,0,0,0,0,1,0,0,0,0
59,cn7227,refined_volume_save,io,0,0,0,0,0,0,0,0,0,0,0,0,0,0,0,0,0,0,0,0
59,cn7227,adjacency_build,compute,0.00372464799989,1,8212427792,211180068,2.57146940404,21279491111,35238696590,0.603867145218,0,0,0,0,0,0,0,0,0,0,0,0
59,cn7227,vertex_numbering_local,compute,0.01635693,1,8219149577,211297069,2.570789922,21295533131,35266330293,0.603848853966,2,0,0,0,0,0,0,0,0,0,0,0
59,cn7227,vertex_count_allgather,communication,3.534113584,1,12911831809,226201566,1.75189368438,30541675656,42999488964,0.710279968247,25,0,0,0,0,0,0,4,1,1,4,256
59,cn7227,element_count_allgather,communication,0.00128257599999,1,8213209549,211145577,2.5708046987,21280814564,35233324384,0.60399678248,0,0,0,0,0,0,0,0,1,1,4,256
59,cn7227,vertex_exchange_prepare,compute,3.08809999296e-05,1,8211542774,211145355,2.57132381589,21277547052,35230574140,0.603951186474,0,0,0,0,0,0,0,0,0,0,0,0
59,cn7227,vertex_exchange,communication,0.00262025400002,1,8215633129,211172184,2.57037017944,21285763514,35235995325,0.604091450168,22,0,0,0,0,0,0,0,3,5,55792,202774
59,cn7227,vertex_exchange_unpack,compute,0.00285101599979,1,8212678295,211168651,2.57125195234,21280266576,35236720222,0.603923022402,0,0,0,0,0,0,0,0,0,0,0,0
59,cn7227,partition_result_io,io,0,0,0,0,0,0,0,0,0,0,0,0,0,0,0,0,0,0,0,0
59,cn7227,volume_exchange_pack,compute,0.306178618,2,16602767619,424863145,2.55898989102,43062524392,71125231652,0.605446525682,1172,0,0,0,0,0,0,0,0,0,0,0
59,cn7227,volume_size_exchange,communication,3.73010000203e-05,1,8211546824,211145566,2.57132511725,21277541196,35230582249,0.603950881243,0,0,0,0,0,0,0,0,6,6,24,24
59,cn7227,volume_payload_prepare,compute,0.000272363000022,1,8211543104,211145420,2.57132450413,21277676915,35230880704,0.603949617206,34,0,0,0,0,0,0,0,0,0,0,0
59,cn7227,volume_payload_exchange,communication,0.036024581,1,8258330254,211158333,2.55691315926,21370131498,35308054324,0.605248063286,114,0,0,0,0,0,0,0,6,6,2759040,2749440
59,cn7227,volume_exchange_unpack,compute,0.211683069,1,8360394079,215502602,2.57766081316,21693952192,35642827487,0.608648463703,9338,0,0,0,0,0,0,0,0,0,0,0
59,cn7227,final_mesh_save,io,0,0,0,0,0,0,0,0,0,0,0,0,0,0,0,0,0,0,0,0
59,cn7227,testout_io,io,0,0,0,0,0,0,0,0,0,0,0,0,0,0,0,0,0,0,0,0
59,cn7227,final_count_exchange,communication,0,0,0,0,0,0,0,0,0,0,0,0,0,0,0,0,0,0,0,0
59,cn7227,quality_evaluation,postprocess,0,0,0,0,0,0,0,0,0,0,0,0,0,0,0,0,0,0,0,0
60,cn7228,geometry_load,io,1.705360664,1,1393347179,21797539,1.56440112906,3316254062,3690441537,0.898606312755,5962,0,1035180,0,0,0,2,2,0,0,0,0
60,cn7228,coarse_local_size,setup,0.459715467,1,265774039,6120159,2.30276780344,631933580,872316695,0.724431371797,8322,0,0,0,0,0,128,115,0,0,0,0
60,cn7228,coarse_edge_mesh,setup,0.0126710410002,1,6250440,163290,2.61245608309,12801455,24868569,0.514764440206,508,0,0,0,0,0,0,0,0,0,0,0
60,cn7228,coarse_surface_mesh,setup,8.194047445,1,5662253832,162456739,2.86911791347,15312872022,17748245060,0.86278231849,15073,0,0,0,0,0,0,11,0,0,0,0
60,cn7228,coarse_volume_mesh,setup,14.311400937,1,5320573354,131143132,2.46483082319,13455662099,21459632265,0.627022025953,21260,0,0,0,0,0,83312,2742086,0,0,0,0
60,cn7228,coarse_mesh_save,io,0,0,0,0,0,0,0,0,0,0,0,0,0,0,0,0,0,0,0,0
60,cn7228,submesh_initialization,setup,0.000129662000063,1,2166610052,52156970,2.40730767181,5931604267,9663448428,0.613818587763,2,0,0,0,0,0,0,0,0,0,0,0
60,cn7228,metis_partition,compute,0.163350206,1,2280046253,58261336,2.55526991715,6192829627,10021291306,0.617967229761,62,0,0,0,0,0,0,0,0,0,0,0
60,cn7228,face_map_setup,compute,0.00673787599999,1,2169614764,52218465,2.40680815168,5939495964,9677511172,0.613742093234,264,0,0,0,0,0,0,0,0,0,0,0
60,cn7228,face_local_extract,compute,0.155971841,1,2227645077,54318070,2.43836285056,6094802394,10004813362,0.609187015637,322,0,0,0,0,0,0,0,0,0,0,0
60,cn7228,face_pre_collective_wait,synchronization,0.037014967,1,2216403520,52152818,2.35303804246,6029644744,9744580254,0.618769057962,0,0,0,0,0,0,0,0,0,0,0,0
60,cn7228,face_collective_setup,compute,0.000113562000024,1,2166530094,52153482,2.40723552119,5931458333,9663333200,0.613810805261,16,0,0,0,0,0,0,0,0,0,0,0
60,cn7228,face_allgatherv,communication,0.0623652290001,1,2294982634,52592340,2.2916225692,6181576405,9797223371,0.630951869822,1143,0,0,0,0,0,0,0,1,1,75808,4859624
60,cn7228,face_global_merge,compute,0.073939933,1,2184714761,53070012,2.42915061258,5975869658,9825244499,0.608215872756,94,0,0,0,0,0,0,0,0,0,0,0
60,cn7228,part_face_create,compute,0.0174054279998,1,2171059604,52325071,2.41011674224,5941781464,9701311580,0.612471975052,2,0,0,0,0,0,0,0,0,0,0,0
60,cn7228,surface_refine,compute,0.00996070199994,1,2170450662,52321707,2.41063793414,5939560783,9684897520,0.613280705421,43,0,0,0,0,0,0,0,0,0,0,0
60,cn7228,refined_surface_save,io,0,0,0,0,0,0,0,0,0,0,0,0,0,0,0,0,0,0,0,0
60,cn7228,local_volume_mesh,compute,10.328155015,1,5594072528,124233193,2.22080054161,14812235990,23385720092,0.633388064671,2136,0,0,0,0,0,71910,2273667,0,0,0,0
60,cn7228,volume_refine,compute,0.785374864,1,5869352068,134835034,2.2972728921,15341344325,24956538246,0.614722449635,5165,0,0,0,0,0,0,1,0,0,0,0
60,cn7228,refined_volume_save,io,0,0,0,0,0,0,0,0,0,0,0,0,0,0,0,0,0,0,0,0
60,cn7228,adjacency_build,compute,0.00318644499998,1,5594746590,124264550,2.22109344902,14813677746,23392709424,0.633260452113,0,0,0,0,0,0,0,0,0,0,0,0
60,cn7228,vertex_numbering_local,compute,0.00755856700016,1,5596139853,124296946,2.22111936558,14817101733,23402243626,0.633148768545,2,0,0,0,0,0,0,0,0,0,0,0
60,cn7228,vertex_count_allgather,communication,6.419016068,1,14333657451,124242122,0.866785901817,32034604967,37495635921,0.854355558457,75,0,0,0,0,0,0,7,1,1,4,256
60,cn7228,element_count_allgather,communication,0.00134872000012,1,5595848103,124233461,2.22010066595,14815732489,23388666908,0.633457757438,0,0,0,0,0,0,0,0,1,1,4,256
60,cn7228,vertex_exchange_prepare,compute,1.70799999069e-05,1,5594072758,124233174,2.22080011066,14812236542,23385715647,0.633388208665,4,0,0,0,0,0,0,0,0,0,0,0
60,cn7228,vertex_exchange,communication,0.000373426000124,1,5594620376,124235699,2.22062786481,14813322622,23386375731,0.633416771901,17,0,0,0,0,0,0,0,1,0,39270,0
60,cn7228,vertex_exchange_unpack,compute,3.44000000041e-06,1,5594072976,124233158,2.2207997381,14812236998,23385704344,0.633388534299,0,0,0,0,0,0,0,0,0,0,0,0
60,cn7228,partition_result_io,io,0,0,0,0,0,0,0,0,0,0,0,0,0,0,0,0,0,0,0,0
60,cn7228,volume_exchange_pack,compute,0.161163975,2,11304301872,249905855,2.21071462731,29953373839,47124209118,0.635626027463,560,0,0,0,0,0,0,0,0,0,0,0
60,cn7228,volume_size_exchange,communication,0.128540311,1,5768458958,124233873,2.153675252,15156200225,23668293261,0.640358814971,2,0,0,0,0,0,0,0,1,1,4,4
60,cn7228,volume_payload_prepare,compute,3.07810000777e-05,1,5594073105,124233187,2.22080020529,14812262600,23385764334,0.633388004277,0,0,0,0,0,0,0,0,0,0,0,0
60,cn7228,volume_payload_exchange,communication,0.0600399350001,1,5673843738,124252142,2.18991124426,14969489070,23517356867,0.636529400589,12,0,0,0,0,0,0,0,1,1,403560,400800
60,cn7228,volume_exchange_unpack,compute,0.150862008,1,5709671739,127777668,2.23791618575,15139555063,23673154761,0.639524187454,7809,0,0,0,0,0,0,0,0,0,0,0
60,cn7228,final_mesh_save,io,0,0,0,0,0,0,0,0,0,0,0,0,0,0,0,0,0,0,0,0
60,cn7228,testout_io,io,0,0,0,0,0,0,0,0,0,0,0,0,0,0,0,0,0,0,0,0
60,cn7228,final_count_exchange,communication,0,0,0,0,0,0,0,0,0,0,0,0,0,0,0,0,0,0,0,0
60,cn7228,quality_evaluation,postprocess,0,0,0,0,0,0,0,0,0,0,0,0,0,0,0,0,0,0,0,0
61,cn7229,geometry_load,io,1.736677975,1,1401539645,23661981,1.6882848148,3317290527,3760023390,0.882252630615,5964,0,1035180,0,0,0,2,2,0,0,0,0
61,cn7229,coarse_local_size,setup,0.458845314,1,266336023,6158596,2.31234060291,632131130,874615334,0.722753312715,7938,0,0,0,0,0,116,48,0,0,0,0
61,cn7229,coarse_edge_mesh,setup,0.0128457000001,1,6342910,173398,2.73372947117,12796167,25149893,0.50879608116,529,0,0,0,0,0,0,0,0,0,0,0
61,cn7229,coarse_surface_mesh,setup,8.207458702,1,5675378024,165397986,2.91430782761,15312371871,17913165527,0.854811052124,17172,0,0,0,0,0,0,10,0,0,0,0
61,cn7229,coarse_volume_mesh,setup,14.070213391,1,5264361632,128403276,2.43910439624,13321042683,21218496448,0.627803327896,35159,0,0,0,0,0,82134,2692361,0,0,0,0
61,cn7229,coarse_mesh_save,io,0,0,0,0,0,0,0,0,0,0,0,0,0,0,0,0,0,0,0,0
61,cn7229,submesh_initialization,setup,0.000118762000056,1,4404683622,106872630,2.42634066761,11095234962,17374875801,0.638579238728,1,0,0,0,0,0,0,0,0,0,0,0
61,cn7229,metis_partition,compute,0.176227863,1,4518523491,112940876,2.49950843954,11356498409,17757957047,0.639516042242,426,0,0,0,0,0,0,1,0,0,0,0
61,cn7229,face_map_setup,compute,0.00740818400004,1,4407737247,106941577,2.4262239559,11103125173,17390431299,0.638461748424,215,0,0,0,0,0,0,0,0,0,0,0
61,cn7229,face_local_extract,compute,0.160713527,1,4466210993,109029943,2.44121791762,11258434612,17725275209,0.635162753709,732,0,0,0,0,0,0,0,0,0,0,0
61,cn7229,face_pre_collective_wait,synchronization,0.0187250219999,1,4429684584,106868438,2.41255186399,11144571541,17415784551,0.639912115837,1,0,0,0,0,0,0,0,0,0,0,0
61,cn7229,face_collective_setup,compute,0.000112442000045,1,4404603197,106869113,2.42630512262,11095088927,17374779072,0.638574388832,17,0,0,0,0,0,0,0,0,0,0,0
61,cn7229,face_allgatherv,communication,0.0622913510001,1,4534095452,107310193,2.36673872741,11347314764,17509713675,0.648058270662,635,0,0,0,0,0,0,0,1,1,75808,4859624
61,cn7229,face_global_merge,compute,0.078955444,1,4422853089,107770837,2.43668136453,11139500439,17546587193,0.634852824454,556,0,0,0,0,0,0,0,0,0,0,0
61,cn7229,part_face_create,compute,0.019125908,1,4409261635,107051770,2.42788427773,11105632417,17416502326,0.637649983282,2,0,0,0,0,0,0,0,0,0,0,0
61,cn7229,surface_refine,compute,0.017273962,1,4411173543,107144760,2.42894003048,11108386082,17412303991,0.637961873842,52,0,0,0,0,0,0,0,0,0,0,0
61,cn7229,refined_surface_save,io,0,0,0,0,0,0,0,0,0,0,0,0,0,0,0,0,0,0,0,0
61,cn7229,local_volume_mesh,compute,14.420913093,1,9377378076,228543129,2.43717515864,24460573483,39259880208,0.623042489009,8234,0,0,0,0,0,71276,2765041,0,0,0,0
61,cn7229,volume_refine,compute,0.985050249,1,8787195896,224419945,2.55394266449,22611621174,37445204525,0.603858930959,7075,0,0,0,0,0,0,1,0,0,0,0
61,cn7229,refined_volume_save,io,0,0,0,0,0,0,0,0,0,0,0,0,0,0,0,0,0,0,0,0
61,cn7229,adjacency_build,compute,0.0041581779999,1,8441428087,211268393,2.50275653388,21949968902,35464912309,0.618920715516,5,0,0,0,0,0,0,0,0,0,0,0
61,cn7229,vertex_numbering_local,compute,0.0175217250001,1,8447565882,211429278,2.50284260524,21964812498,35491595193,0.618873634125,480,0,0,0,0,0,0,0,0,0,0,0
61,cn7229,vertex_count_allgather,communication,2.101271352,1,11278049087,211240024,1.87301919304,27546431626,40072799754,0.687409709207,78,0,0,0,0,0,0,3,1,1,4,256
61,cn7229,element_count_allgather,communication,0.00113099500004,1,8441995983,211233032,2.50216930244,21950872050,35458297504,0.619061646925,0,0,0,0,0,0,0,0,1,1,4,256
61,cn7229,vertex_exchange_prepare,compute,0.000183263000054,1,8440533206,211232868,2.50260099504,21947999456,35455884646,0.619022756734,44,0,0,0,0,0,0,0,0,0,0,0
61,cn7229,vertex_exchange,communication,0.00398295600007,1,8445761114,211259467,2.50136682945,21958451798,35463767430,0.619179895124,112,0,0,0,0,0,0,0,4,6,54142,175384
61,cn7229,vertex_exchange_unpack,compute,0.00257527599979,1,8441523716,211251015,2.50252231833,21950376946,35461422843,0.618993125098,0,0,0,0,0,0,0,0,0,0,0,0
61,cn7229,partition_result_io,io,0,0,0,0,0,0,0,0,0,0,0,0,0,0,0,0,0,0,0,0
61,cn7229,volume_exchange_pack,compute,0.282977535,2,17049234919,425160489,2.4937218064,44370362963,71524843100,0.620348973027,971,0,0,0,0,0,0,0,0,0,0,0
61,cn7229,volume_size_exchange,communication,0.0581456729999,1,8517490980,211257075,2.48027353943,22099872246,35583594739,0.621069130539,2,0,0,0,0,0,0,0,8,8,32,32
61,cn7229,volume_payload_prepare,compute,0.00036176499998,1,8440534195,211232950,2.50260167331,21948075424,35456058226,0.619021868819,102,0,0,0,0,0,0,0,0,0,0,0
61,cn7229,volume_payload_exchange,communication,0.00303192299998,1,8442354691,211246493,2.50222243357,21951705600,35460096092,0.619053753917,275,0,0,0,0,0,0,0,8,8,2421000,2411880
61,cn7229,volume_exchange_unpack,compute,0.212558291,1,8588556128,214311495,2.4953146001,22363363414,35867839011,0.623493470213,9508,0,0,0,0,0,0,0,0,0,0,0
61,cn7229,final_mesh_save,io,0,0,0,0,0,0,0,0,0,0,0,0,0,0,0,0,0,0,0,0
61,cn7229,testout_io,io,0,0,0,0,0,0,0,0,0,0,0,0,0,0,0,0,0,0,0,0
61,cn7229,final_count_exchange,communication,0,0,0,0,0,0,0,0,0,0,0,0,0,0,0,0,0,0,0,0
61,cn7229,quality_evaluation,postprocess,0,0,0,0,0,0,0,0,0,0,0,0,0,0,0,0,0,0,0,0
62,cn7230,geometry_load,io,1.741140211,1,1400940099,24017640,1.7143944996,3317513054,3770280279,0.879911520764,5964,0,1035180,0,0,0,2,3,0,0,0,0
62,cn7230,coarse_local_size,setup,0.446006508,1,266160191,6112179,2.2964286947,631539996,869665942,0.726186878777,7267,0,0,0,0,0,137,45,0,0,0,0
62,cn7230,coarse_edge_mesh,setup,0.0123848979999,1,6278131,180230,2.87075882934,12749148,24824953,0.513561818224,432,0,0,0,0,0,0,0,0,0,0,0
62,cn7230,coarse_surface_mesh,setup,8.214235181,1,5667518745,160439366,2.83085726256,15311415496,17804547784,0.859972164514,16032,0,0,0,0,0,0,15,0,0,0,0
62,cn7230,coarse_volume_mesh,setup,14.407560221,1,5318295163,132447987,2.49042189161,13449141507,21533554912,0.624566708189,23342,0,0,0,0,0,85266,2695906,0,0,0,0
62,cn7230,coarse_mesh_save,io,0,0,0,0,0,0,0,0,0,0,0,0,0,0,0,0,0,0,0,0
62,cn7230,submesh_initialization,setup,0.000131222000164,1,4489542371,108634944,2.41973312696,11290146090,17688211981,0.638286453268,2,0,0,0,0,0,0,0,0,0,0,0
62,cn7230,metis_partition,compute,0.163225625,1,4602341939,114707618,2.49237495867,11551528552,18045775726,0.640123690297,68,0,0,0,0,0,0,0,0,0,0,0
62,cn7230,face_map_setup,compute,0.00685149600008,1,4492551959,108700890,2.41958002917,11298041573,17702517431,0.638216661389,262,0,0,0,0,0,0,0,0,0,0,0
62,cn7230,face_local_extract,compute,0.157578442,1,4550544316,110771231,2.43424134143,11453345092,18032961688,0.635133889272,259,0,0,0,0,0,0,1,0,0,0,0
62,cn7230,face_pre_collective_wait,synchronization,0.0353470150001,1,4536500236,108630905,2.39459714204,11382860453,17765674630,0.640722105412,0,0,0,0,0,0,0,0,0,0,0,0
62,cn7230,face_collective_setup,compute,0.000111480999976,1,4489458874,108631505,2.4197015286,11290000129,17688102776,0.638282142069,16,0,0,0,0,0,0,0,0,0,0,0
62,cn7230,face_allgatherv,communication,0.0622145360001,1,4618391069,109081759,2.36189957434,11541114778,17822838765,0.647546383052,636,0,0,0,0,0,0,0,1,1,75808,4859624
62,cn7230,face_global_merge,compute,0.0739089660001,1,4507639455,109541743,2.43013541996,11334411823,17850006855,0.634980810656,65,0,0,0,0,0,0,0,0,0,0,0
62,cn7230,part_face_create,compute,0.01786836,1,4494079786,108808701,2.42115641424,11300514486,17727071359,0.63747216092,2,0,0,0,0,0,0,0,0,0,0,0
62,cn7230,surface_refine,compute,0.0159266779999,1,4495862865,108896686,2.42215319439,11302998513,17722764309,0.637767241945,48,0,0,0,0,0,0,0,0,0,0,0
62,cn7230,refined_surface_save,io,0,0,0,0,0,0,0,0,0,0,0,0,0,0,0,0,0,0,0,0
62,cn7230,local_volume_mesh,compute,12.367248125,1,8648111708,211597136,2.44674378806,22445257159,35997329637,0.623525616632,4966,0,0,0,0,0,65392,2477785,0,0,0,0
62,cn7230,volume_refine,compute,0.869833847,1,8913422889,223044644,2.50234558348,22916300117,37530398004,0.610606370723,6314,0,0,0,0,0,0,2,0,0,0,0
62,cn7230,refined_volume_save,io,0,0,0,0,0,0,0,0,0,0,0,0,0,0,0,0,0,0,0,0
62,cn7230,adjacency_build,compute,0.00382800300008,1,8604741933,210887921,2.45083376866,22316866698,35851840357,0.622474787229,0,0,0,0,0,0,0,0,0,0,0,0
62,cn7230,vertex_numbering_local,compute,0.017195852,1,8612271145,211029142,2.45033091094,22334949804,35880504048,0.622481495079,104,0,0,0,0,0,0,0,0,0,0,0
62,cn7230,vertex_count_allgather,communication,4.278814991,1,14412228781,210858257,1.4630509979,33791300271,45248961014,0.746786213733,73,0,0,0,0,0,0,6,1,1,4,256
62,cn7230,element_count_allgather,communication,0.00127089400007,1,8605480475,210851929,2.45020518741,22318117494,35846215119,0.622607363704,0,0,0,0,0,0,0,0,1,1,4,256
62,cn7230,vertex_exchange_prepare,compute,0.000172981999867,1,8603821246,210851778,2.45067594934,22314851996,35843495080,0.622563506884,46,0,0,0,0,0,0,0,0,0,0,0
62,cn7230,vertex_exchange,communication,0.00310997499992,1,8608571259,210872277,2.44956184546,22324516224,35849711778,0.622725124326,60,0,0,0,0,0,0,0,1,8,41888,253286
62,cn7230,vertex_exchange_unpack,compute,0.00346357800004,1,8605252494,210877841,2.45057121969,22318298656,35851037391,0.622528670861,0,0,0,0,0,0,0,0,0,0,0,0
62,cn7230,partition_result_io,io,0,0,0,0,0,0,0,0,0,0,0,0,0,0,0,0,0,0,0,0
62,cn7230,volume_exchange_pack,compute,0.303822017,2,17374086483,424194676,2.44153657469,45096854068,72344463630,0.623362891992,1297,0,0,0,0,0,0,1,0,0,0,0
62,cn7230,volume_size_exchange,communication,4.57410001218e-05,1,8603826622,210851971,2.45067666125,22314852586,35843516953,0.622563143434,0,0,0,0,0,0,0,0,8,8,32,32
62,cn7230,volume_payload_prepare,compute,0.000314563000074,1,8603821609,210851819,2.45067632248,22314961257,35843745716,0.622562201892,68,0,0,0,0,0,0,0,0,0,0,0
62,cn7230,volume_payload_exchange,communication,0.0397345240001,1,8654273434,210875281,2.43666071575,22414513048,35927407445,0.623883398275,393,0,0,0,0,0,0,0,8,8,3145440,3137400
62,cn7230,volume_exchange_unpack,compute,0.20384788,1,8741282746,214697786,2.45613592694,22697862633,36243184753,0.626265676918,8431,0,0,0,0,0,0,0,0,0,0,0
62,cn7230,final_mesh_save,io,0,0,0,0,0,0,0,0,0,0,0,0,0,0,0,0,0,0,0,0
62,cn7230,testout_io,io,0,0,0,0,0,0,0,0,0,0,0,0,0,0,0,0,0,0,0,0
62,cn7230,final_count_exchange,communication,0,0,0,0,0,0,0,0,0,0,0,0,0,0,0,0,0,0,0,0
62,cn7230,quality_evaluation,postprocess,0,0,0,0,0,0,0,0,0,0,0,0,0,0,0,0,0,0,0,0
63,cn7231,geometry_load,io,1.729373322,1,1400636031,24290724,1.7342638246,3316037859,3743659876,0.885774340842,5963,0,1035180,0,0,0,2,3,0,0,0,0
63,cn7231,coarse_local_size,setup,0.462802038,1,267605345,6339857,2.36910701466,632115070,879727512,0.718535070664,8233,0,0,0,0,0,147,120,0,0,0,0
63,cn7231,coarse_edge_mesh,setup,0.0126070030001,1,6300005,178923,2.84004536504,12803067,24785104,0.516562972663,516,0,0,0,0,0,0,0,0,0,0,0
63,cn7231,coarse_surface_mesh,setup,8.194139908,1,5672662571,162541313,2.86534428878,15311100672,17888602426,0.8559137437,17183,0,0,0,0,0,0,16,0,0,0,0
63,cn7231,coarse_volume_mesh,setup,14.233877566,1,5272757017,127793295,2.42365226746,13340394064,21399291809,0.623403530503,35666,0,0,0,0,0,81838,2662801,0,0,0,0
63,cn7231,coarse_mesh_save,io,0,0,0,0,0,0,0,0,0,0,0,0,0,0,0,0,0,0,0,0
63,cn7231,submesh_initialization,setup,0.000138000999868,1,3365738201,74098279,2.20154612673,9135551267,14705303145,0.621241954479,1,0,0,0,0,0,0,0,0,0,0,0
63,cn7231,metis_partition,compute,0.172039561,1,3479384393,80147683,2.30350182524,9396867950,15081192926,0.623085189355,396,0,0,0,0,0,0,0,0,0,0,0
63,cn7231,face_map_setup,compute,0.0073391840001,1,3368793416,74160693,2.2014022186,9143444241,14720652031,0.621130383474,216,0,0,0,0,0,0,0,0,0,0,0
63,cn7231,face_local_extract,compute,0.164064231,1,3426880126,76241839,2.22481779919,9298826300,15062885108,0.617333680323,637,0,0,0,0,0,0,1,0,0,0,0
63,cn7231,face_pre_collective_wait,synchronization,0.019531762,1,3391833240,74094158,2.18448705338,9187016324,14747956591,0.62293486337,0,0,0,0,0,0,0,0,0,0,0,0
63,cn7231,face_collective_setup,compute,0.000123122000105,1,3365655964,74094812,2.20149690855,9135405337,14705183510,0.621237084922,16,0,0,0,0,0,0,0,0,0,0,0
63,cn7231,face_allgatherv,communication,0.0621187279999,1,3494171821,74553186,2.13364395969,9385647622,14839300388,0.63248585692,831,0,0,0,0,0,0,0,1,1,83720,4859624
63,cn7231,face_global_merge,compute,0.077317881,1,3383773925,74979380,2.21585075309,9179817462,14873965051,0.617173526395,404,0,0,0,0,0,0,0,0,0,0,0
63,cn7231,part_face_create,compute,0.018584812,1,3370128187,74273719,2.2038840922,9145779037,14745713950,0.620233043175,2,0,0,0,0,0,0,0,0,0,0,0
63,cn7231,surface_refine,compute,0.011477111,1,3370142134,74276828,2.20396722294,9144540610,14730123840,0.620805412726,7,0,0,0,0,0,0,0,0,0,0,0
63,cn7231,refined_surface_save,io,0,0,0,0,0,0,0,0,0,0,0,0,0,0,0,0,0,0,0,0
63,cn7231,local_volume_mesh,compute,12.144734721,1,7273289978,161784374,2.22436303914,19587772765,31625967464,0.619357266692,4574,0,0,0,0,0,70461,2673762,0,0,0,0
63,cn7231,volume_refine,compute,0.721104743,1,7116919867,162709412,2.28623358195,18986183376,31227343440,0.607998673101,6213,0,0,0,0,0,0,1,0,0,0,0
63,cn7231,refined_volume_save,io,0,0,0,0,0,0,0,0,0,0,0,0,0,0,0,0,0,0,0,0
63,cn7231,adjacency_build,compute,0.00352870000006,1,6868678926,153120966,2.22926370048,18516060112,29803515063,0.621271016954,2,0,0,0,0,0,0,0,0,0,0,0
63,cn7231,vertex_numbering_local,compute,0.00897976300007,1,6870409151,153162598,2.22930824983,18520145177,29815444774,0.621159446635,2,0,0,0,0,0,0,0,0,0,0,0
63,cn7231,vertex_count_allgather,communication,4.658771689,1,13169126558,153097360,1.162547564,30937118515,40038225327,0.772689555102,27,0,0,0,0,0,0,4,1,1,4,256
63,cn7231,element_count_allgather,communication,0.00133225600007,1,6869675931,153089007,2.22847494609,18517893234,29798728345,0.621432331595,0,0,0,0,0,0,0,0,1,1,4,256
63,cn7231,vertex_exchange_prepare,compute,1.31599999804e-05,1,6867953747,153088724,2.22902963007,18514501623,29795829406,0.621378964509,0,0,0,0,0,0,0,0,0,0,0,0
63,cn7231,vertex_exchange,communication,0.00134245499999,1,6869882124,153091845,2.22844937128,18518270840,29798591121,0.621447865263,10,0,0,0,0,0,0,0,0,2,0,51238
63,cn7231,vertex_exchange_unpack,compute,0.000783689000173,1,6868240263,153094099,2.22901490247,18515181525,29797519473,0.621366538305,0,0,0,0,0,0,0,0,0,0,0,0
63,cn7231,partition_result_io,io,0,0,0,0,0,0,0,0,0,0,0,0,0,0,0,0,0,0,0,0
63,cn7231,volume_exchange_pack,compute,0.143030511,2,13835067088,307677251,2.22389417444,37311298094,59905294659,0.622838069763,14,0,0,0,0,0,0,1,0,0,0,0
63,cn7231,volume_size_exchange,communication,0.165942853,1,7093577127,153089505,2.15814253175,18959815133,30160653662,0.628627460979,2,0,0,0,0,0,0,0,2,2,8,8
63,cn7231,volume_payload_prepare,compute,4.00199999149e-05,1,6867953823,153088733,2.22902973645,18514531081,29795883605,0.621378822875,0,0,0,0,0,0,0,0,0,0,0,0
63,cn7231,volume_payload_exchange,communication,0.039295648,1,6920036989,153109957,2.2125598063,18617527539,29881609964,0.623042987357,19,0,0,0,0,0,0,0,2,2,522480,523560
63,cn7231,volume_exchange_unpack,compute,0.125985257,1,6964265701,154798429,2.22275306035,18786672209,30036032068,0.625471172972,6495,0,0,0,0,0,0,0,0,0,0,0
63,cn7231,final_mesh_save,io,0,0,0,0,0,0,0,0,0,0,0,0,0,0,0,0,0,0,0,0
63,cn7231,testout_io,io,0,0,0,0,0,0,0,0,0,0,0,0,0,0,0,0,0,0,0,0
63,cn7231,final_count_exchange,communication,0,0,0,0,0,0,0,0,0,0,0,0,0,0,0,0,0,0,0,0
63,cn7231,quality_evaluation,postprocess,0,0,0,0,0,0,0,0,0,0,0,0,0,0,0,0,0,0,0,0
