mesh_partition_v1 2048 26411 17 cell_order_v1
223
1060
1762
653
907
1936
200
512
1948
705
1583
1079
1937
735
426
866
200
1444
606
1424
907
213
339
730
179
665
731
1690
862
203
1296
653
1328
1239
692
1657
1239
1237
1244
1131
1041
243
836
673
1131
856
1131
1740
1328
1329
1131
777
665
779
525
777
1776
1776
1735
1041
1041
328
1041
1785
1786
442
692
198
777
1118
35
1320
1373
716
1390
1330
380
784
1923
1508
37
1071
1390
1404
1328
328
33
33
1369
1857
716
553
605
603
907
716
602
1867
328
945
328
716
1574
1472
2025
349
1472
559
605
1331
1268
351
1258
401
1153
2008
1735
1243
1713
295
1531
1245
1269
1713
1713
1713
1436
653
572
221
337
1234
1318
95
1234
1118
1215
349
416
1234
457
55
1234
1752
1702
633
1362
874
1075
1074
633
852
896
1074
1314
1075
1716
1456
249
633
1137
1379
1668
1512
1363
633
1336
1336
1336
1691
1535
506
1513
428
1986
1517
428
428
1299
428
984
150
987
1793
1525
368
368
507
368
374
2021
2036
1876
899
349
370
758
344
899
1676
1437
1118
908
504
755
908
467
619
867
1489
1106
867
686
1101
1925
1630
806
905
3
1937
702
1937
703
1437
1727
846
1695
1723
443
866
782
60
1336
828
1937
1937
866
1936
788
591
1854
417
420
1120
1131
591
492
908
591
1786
856
430
301
490
2017
1763
36
490
827
674
490
67
1361
1207
235
1684
819
67
908
481
1693
908
908
989
1018
454
481
926
718
1252
28
45
1344
1583
25
890
1934
439
481
582
816
404
612
611
594
14
610
47
1576
346
44
976
44
534
2034
480
2012
400
1179
237
46
1924
1466
2044
2037
1573
1256
528
982
1044
1143
1402
735
982
353
989
1737
939
91
1618
1840
543
939
939
403
939
288
463
1997
749
2026
269
1737
510
2028
461
459
705
1607
1737
1812
1563
1552
1565
463
970
851
1557
1566
967
236
255
1457
1667
236
463
1999
541
1822
1269
1667
1737
1667
463
1667
1045
1096
1042
1765
535
190
597
1045
381
1958
1962
788
1045
1796
596
710
381
381
1928
417
381
1971
596
774
2017
2030
1932
1046
1212
2031
560
1932
354
103
1299
1095
596
1488
774
796
1330
387
1252
330
633
1470
624
774
774
1239
1067
843
218
1435
530
387
387
535
1635
187
575
387
1115
534
164
1115
538
1412
589
1107
624
1107
1502
1114
1412
624
1412
1024
1285
532
58
58
738
793
2022
1918
793
1810
1582
793
1931
1732
149
742
1435
1446
166
1424
180
177
178
70
18
58
624
567
1734
1290
793
566
805
2006
2006
1804
1068
566
1435
1934
721
796
1341
1876
567
542
426
531
1435
2006
970
1483
1549
2020
1689
1299
1689
917
135
402
162
1668
1390
1997
1300
388
119
2006
48
416
528
528
543
824
667
825
1321
1215
359
1084
355
1958
803
1320
1276
1092
106
1689
807
1886
1689
327
1830
1207
1830
1830
542
1914
520
797
520
520
283
286
520
1450
122
286
1513
1909
122
502
2012
850
2010
850
928
1929
935
1868
836
836
1761
1909
1904
1904
652
676
1904
673
622
1138
1146
672
489
1909
917
1094
1925
491
1904
1339
829
1909
8
785
1352
1094
820
1830
175
1299
801
813
813
852
790
685
790
1357
1919
1442
1218
1299
1282
1434
1764
1342
1498
1762
1760
1894
308
1873
1764
1218
1442
849
308
2043
1074
1760
1600
1762
1438
312
786
1764
1465
2031
1287
1464
115
118
2023
603
518
871
323
1206
1370
234
559
755
524
515
2020
689
726
583
1464
2020
2003
266
700
1464
355
178
1765
1299
737
1464
2003
1367
852
1051
1777
731
1587
1727
1053
779
1582
764
1875
1699
1728
1757
1510
1545
764
1489
1826
931
900
852
1053
1051
947
1600
509
509
1124
1124
1822
178
764
932
1625
1913
1912
1757
1297
1912
1131
1811
1541
632
1290
1553
1557
529
765
157
193
734
711
225
1038
1282
739
203
1307
303
73
282
1282
106
1285
193
214
221
1283
584
1094
41
511
1333
1438
1065
1093
590
419
1065
1811
1443
1246
1809
1246
200
1963
1956
1358
692
1048
1520
251
1358
1605
814
1358
1601
1312
1092
667
1312
358
720
1152
355
1374
2005
1861
1358
1374
1344
941
1342
1828
1841
262
208
1374
1761
1026
46
934
1037
1841
1264
1828
100
875
1266
421
1330
1330
1265
62
1808
1037
474
1126
1185
212
1032
1265
712
11
937
11
10
1175
1442
708
1057
705
1148
1019
1058
185
9
783
705
1025
858
251
1333
162
1643
23
1025
1540
887
10
724
1253
1029
208
1029
826
156
619
486
178
1871
210
622
151
70
70
1420
224
1011
343
1913
340
641
550
858
1054
1591
518
1148
991
97
1151
1591
782
922
1028
1028
1664
1871
426
1839
1664
1134
115
843
1134
1212
1139
1231
1150
872
218
1533
1261
751
1871
474
693
565
1421
1114
1871
1114
1037
1037
1643
1499
285
660
1502
1398
1499
813
1501
1052
1501
661
275
780
579
661
265
764
756
1076
660
1231
754
885
756
1046
1085
663
738
1374
1326
1231
579
1231
1775
1593
449
1085
894
1765
1392
758
1365
495
1765
1764
1775
765
1774
1952
378
1379
83
92
1948
990
205
1967
1507
1405
386
2028
386
221
576
1909
2015
2023
173
576
728
630
457
1964
1260
488
1965
457
1329
1967
1475
1244
456
526
176
182
341
1473
265
618
218
721
1931
173
785
92
296
306
85
308
736
623
727
493
1261
787
1124
1038
1944
273
46
45
60
52
47
2020
92
1696
47
1703
211
828
1533
201
1083
1169
265
58
295
385
55
58
1869
782
1255
1871
1871
335
1871
420
790
615
763
1911
498
1312
1883
1532
1923
1908
1910
1268
871
806
1910
1579
265
688
640
265
1001
1165
1541
1537
218
2043
807
796
1543
921
1256
1543
1546
928
917
1473
1351
35
281
356
51
1624
12
1351
97
505
1780
505
1478
1416
1478
1741
510
1099
6
1422
1473
1422
1351
1351
212
1780
123
1441
575
1968
628
1143
381
381
1983
1143
1474
921
1143
709
1017
1011
135
2
212
219
574
1560
1190
1126
667
1780
870
1567
442
1112
1209
583
1510
673
673
1290
1025
443
586
443
1521
606
1724
442
1922
1690
1640
1558
1922
1922
574
576
1550
600
1922
518
1625
605
201
214
1067
870
213
588
588
1559
656
1353
870
866
535
576
213
676
526
612
1563
612
526
644
645
2041
1928
646
1374
1306
580
1297
526
708
1363
584
1052
1100
1564
1560
1322
526
1464
1322
318
1817
1452
549
612
551
176
551
1018
548
551
551
612
605
1331
388
1219
227
212
206
1219
1372
1328
1229
769
1219
1219
1964
1791
1983
1748
383
1180
1961
1125
381
1328
514
1206
1328
1145
1428
1145
1268
667
720
1145
1145
1028
1619
1234
773
1028
1028
690
1202
1324
1070
697
1335
1224
1229
1695
698
673
424
1413
871
356
1589
1335
1336
421
61
1481
1765
1779
1949
1483
381
1481
148
1908
383
51
1301
1
1229
1937
714
60
136
1887
1781
614
708
1732
32
1105
1749
1781
1518
1703
1028
711
51
814
54
630
614
908
851
230
787
1380
433
515
1365
1363
1432
1518
1897
392
1739
905
714
230
1015
1079
1426
61
1015
383
267
1596
1698
621
1191
749
574
174
1015
297
82
1579
1528
917
623
251
1204
955
623
934
1191
1535
621
418
186
1535
1688
1198
1708
1048
1535
1959
1406
402
593
1141
912
1024
1499
1127
592
629
1662
155
1762
1996
1677
38
1210
516
599
1971
86
1223
516
490
241
1223
536
45
1700
325
360
1663
440
516
517
1223
312
312
240
285
882
1448
844
240
843
1219
112
432
1223
155
599
149
965
1288
1339
965
1191
569
1444
504
281
438
1685
972
1991
1685
894
639
432
432
1692
649
650
650
1991
649
1876
314
1022
276
695
1329
277
1679
1022
1665
1341
1887
527
1555
2041
319
1523
1643
1564
599
893
1465
1438
1649
1343
1648
1022
1991
1656
1022
1656
1694
1642
965
1651
1797
1128
1739
1652
1991
855
1656
330
162
235
944
110
1217
1945
1866
232
1999
1966
1312
104
263
283
234
965
303
2038
46
1216
234
300
1706
1247
583
857
751
629
867
1226
1706
1217
1739
1706
1247
2023
1319
257
1216
1676
493
504
452
1510
1048
1657
1244
1501
833
590
545
545
1491
1706
257
1245
238
1245
1106
99
1914
1605
103
1605
1605
1405
83
208
492
1407
1559
1410
257
256
1407
1654
1491
169
133
1008
237
1381
1368
1348
1505
712
1407
1233
666
1117
1066
1423
133
1426
1008
458
492
1081
861
469
1986
702
1008
479
1407
648
273
749
1079
1008
465
1645
49
107
728
887
884
1645
469
1003
393
884
2044
1964
1645
884
887
478
1294
1645
735
887
1437
884
1353
419
1605
608
571
1794
799
608
870
458
1795
1362
610
1793
610
237
458
1955
1942
1676
97
1565
53
219
31
1942
211
111
1942
450
1289
1298
1297
1297
450
1298
1117
1942
1648
411
1622
409
414
75
156
414
1584
1117
979
719
1622
1845
1383
1383
1032
1035
492
686
14
1414
14
990
1117
458
149
627
819
458
415
1660
630
1666
1776
389
6
1523
1035
630
585
651
969
532
535
535
1492
1383
532
978
458
976
1956
1957
1957
1383
1956
458
1763
2037
1457
1424
1430
418
418
1590
1183
1495
1647
1621
143
1201
1586
1468
987
231
982
627
153
418
628
418
1487
1737
1364
850
1484
1294
2003
1204
1118
735
1201
2004
1278
280
1931
2004
1487
1161
1480
1657
1185
517
1960
77
1755
2001
1190
1487
1752
1827
1294
142
1318
1484
315
1289
1484
603
1841
1190
1399
1398
1072
1195
2003
697
910
1557
1141
1315
697
1141
1484
1853
291
1490
1473
1491
1840
1246
1924
1475
1660
266
1246
1288
1496
1490
1085
291
122
1346
1936
679
1402
1232
291
316
1233
1321
1801
1119
1592
1235
679
1146
1257
645
17
542
1822
1853
1327
1108
1484
1786
1521
90
1592
1847
1846
1
11
14
1204
9
704
542
1303
1572
417
1709
709
71
374
144
1215
542
1135
298
299
993
2025
2025
492
297
1530
37
288
542
1644
263
1530
1654
1681
1927
237
3
906
1644
874
23
757
586
0
136
1530
1530
340
342
632
342
1480
238
68
1134
936
340
88
1660
0
3
1146
1212
2013
1069
1271
386
632
2013
2011
1173
560
555
1192
874
1579
54
1193
390
390
67
2011
1248
1988
135
645
510
1983
390
390
13
1636
2045
1406
1861
947
134
1494
1226
13
12
581
523
203
1359
170
1937
1636
594
788
203
296
1165
1900
1903
1175
739
1850
667
1069
1301
1811
1811
467
32
719
1579
920
316
1588
1588
1579
477
1604
545
1638
550
1591
428
1639
1952
711
73
893
895
469
1736
2047
853
469
1366
1069
1856
1103
895
1830
306
1605
1874
1067
1796
895
1736
1736
1738
228
922
1170
1738
539
1738
1738
1738
306
722
922
717
1068
947
1389
1991
1989
1010
899
906
1023
934
922
223
306
1069
1094
1943
306
181
55
25
1881
454
1069
269
1007
567
514
421
709
1005
702
1257
1426
143
1458
1005
929
155
1185
57
1006
1328
1329
1203
1460
1432
915
1433
1438
131
1242
1253
60
1321
619
1438
1302
1457
60
1890
317
562
1328
295
1436
1069
562
982
980
1852
991
1972
289
1044
1927
1075
80
1983
1927
1008
1377
771
1855
1925
1948
1377
80
1500
1590
80
436
483
483
562
322
1176
482
669
648
1213
873
550
316
802
652
80
872
2037
528
626
586
1956
571
2037
2037
528
515
562
1839
250
1225
492
1030
1027
1086
1071
1913
1869
1224
482
1462
1865
482
730
1920
1394
1301
240
1394
1391
1134
910
1134
1920
140
590
482
1214
1212
1920
1920
1537
437
1560
1731
389
420
389
576
658
747
660
636
607
601
1696
600
600
1724
1904
392
1724
1569
1462
941
1260
1204
1450
1926
947
1724
941
598
1222
1724
1691
1255
1576
1687
1469
413
1913
598
1656
1576
192
1853
815
1576
1932
1854
1724
818
1855
535
1855
739
655
1327
1581
1215
807
807
1439
1332
598
1581
941
598
486
1386
1386
1526
1822
1056
368
1928
941
1743
1742
1932
1645
1932
1099
1737
1930
469
385
1526
1749
1643
469
467
1182
1870
1647
1774
1647
1187
500
538
122
192
1699
1879
1928
494
501
192
581
1862
501
602
592
196
616
1095
373
500
1092
1526
1630
1183
1183
1526
1630
560
1630
50
636
1183
1659
1123
1473
1654
1160
1657
1160
1192
751
1192
1414
1024
1298
1024
1409
1710
1153
1376
1357
1154
1296
1301
1814
1175
823
1209
1183
182
1409
1093
1959
1024
1959
1183
522
101
233
250
1024
250
1286
250
798
427
420
250
8
1150
723
1596
31
33
1976
1748
1518
1220
1249
723
471
1247
375
77
1520
234
227
101
200
72
1959
1150
155
1347
939
151
382
413
726
966
726
1150
663
1150
1648
1612
966
1965
1188
1058
1625
1449
118
1274
1959
84
1274
2047
1202
268
516
1469
736
511
84
909
574
1940
810
513
664
84
1422
1330
1275
526
686
877
659
877
1987
1240
2047
1240
708
1241
630
1988
1786
427
1274
84
1373
1398
1311
60
1182
1534
630
510
361
51
1689
361
1703
1711
1008
1698
2047
1274
1484
678
55
1359
1480
707
1642
706
50
1646
957
1284
1311
726
1822
1439
1741
1651
24
1500
375
54
0
817
717
1205
0
63
1808
1031
763
1874
361
622
2047
1303
1303
1244
1311
361
934
462
1242
1503
1808
578
462
1451
1242
1276
478
1279
590
1667
523
590
1757
1804
1954
1754
1753
1371
1368
1679
1811
1246
375
1278
65
217
1430
1368
1580
466
874
1744
87
1569
1963
78
466
1617
466
101
1799
1822
1874
1370
309
1811
1411
1925
1541
1566
635
961
589
835
57
87
1176
1213
1676
87
1985
918
1231
1411
1441
977
1083
87
924
2042
1215
2036
1925
415
2041
2043
1999
977
17
815
1388
213
1430
471
815
1497
1239
21
100
1523
1271
914
914
1221
1152
1099
977
1099
817
1099
1211
56
804
804
1497
1217
288
1382
1964
1668
341
1794
1099
1096
1388
1388
1236
469
1102
250
283
426
1789
388
417
1494
1547
1685
1217
446
1987
428
977
359
414
398
183
1962
420
444
1605
468
383
1789
1550
301
716
1500
353
393
106
1550
235
197
1389
70
1006
627
638
183
1930
1786
1109
1951
1275
18
1513
183
1103
703
791
234
1253
1586
341
608
85
1368
33
611
2032
945
2038
1368
2042
1998
1368
1369
1017
2044
315
1628
1838
2035
1542
1960
1013
1538
1838
752
619
1542
759
379
1542
703
353
379
1899
378
1542
1838
1575
1542
1987
703
703
1324
922
922
355
354
1542
1162
1981
2003
2013
1657
923
1545
1935
1384
1547
949
1682
1680
24
1839
1738
1254
2013
1566
244
1952
1962
424
2029
52
49
1254
1268
847
1500
902
923
964
631
71
1778
176
1625
1254
76
1836
69
1741
1737
424
1753
1739
1691
1649
1648
1648
135
1204
424
39
1254
1670
1432
908
1469
1469
1330
1049
1816
1648
1649
1469
1287
307
1469
599
151
106
1670
1646
787
2036
1612
1639
1193
561
690
1157
1369
958
690
1282
1928
1213
1127
1057
1047
1984
1286
568
568
1202
1227
563
690
572
175
1681
1298
571
631
690
274
175
181
826
285
826
190
173
631
571
629
625
1749
1957
409
572
1252
427
424
826
1873
1193
707
1161
1274
1172
834
1415
1276
826
1415
620
631
588
664
529
1415
529
1107
1063
1086
1034
156
1263
1831
527
1244
1263
1201
1415
925
377
232
98
540
1755
825
180
825
825
825
105
1755
105
489
435
221
197
151
215
24
84
302
796
215
2011
989
215
303
1090
512
215
1286
84
1923
1284
84
115
1100
1605
1326
895
1027
1338
953
693
1284
426
1337
1027
2020
678
468
373
664
63
15
895
1324
1285
1286
817
1659
1024
373
485
1324
425
485
1732
764
764
1625
765
446
1947
892
2015
892
688
1224
15
773
233
233
427
69
1397
618
237
46
1159
377
1458
238
1416
701
1399
1890
590
765
1415
43
1892
299
14
979
15
4
15
1882
1882
938
2018
1341
302
294
1331
1286
1398
1827
982
1432
1878
1469
1287
1470
342
1610
1610
443
443
1397
594
1470
1615
1878
1602
1415
594
1244
961
434
871
486
964
979
317
964
1408
293
594
282
440
316
227
1777
1978
52
1776
1770
1771
132
871
1398
130
1323
1462
594
965
1370
1213
930
287
1704
106
1256
672
1400
1704
1706
55
287
287
1193
1700
1324
197
203
203
215
724
287
1060
1610
228
1580
785
1911
785
1708
785
1941
1716
785
1610
1708
1387
1387
1387
1123
1123
324
1500
272
1236
916
951
533
1323
708
232
945
219
591
745
1239
591
337
337
1998
1236
1237
1238
826
878
1834
324
1998
454
1146
53
79
324
152
573
154
1057
1136
202
1204
1259
343
1324
202
852
674
176
153
202
324
32
586
431
1967
1737
473
454
765
426
1786
416
1144
765
914
1987
1941
210
1091
913
251
1344
914
202
586
594
758
1391
1888
163
1893
914
393
424
952
1331
1455
952
515
1343
954
653
642
662
337
953
1741
585
821
686
1781
668
585
547
431
2043
1383
1666
476
1814
1814
1735
261
257
337
1670
953
916
814
1646
1647
720
393
393
721
1957
393
1957
1848
724
1983
1877
1820
18
1038
616
1674
1634
712
1506
232
208
1032
533
208
268
459
338
598
941
823
1149
815
1585
918
931
1146
715
1356
1508
1357
714
1508
1731
1646
1143
1506
96
1845
1375
1783
537
538
689
541
336
346
1176
644
338
339
519
1508
516
360
575
740
561
1461
1788
1585
1846
1846
1544
778
404
1778
1075
1499
1544
1917
1070
248
1096
1069
1069
248
248
1121
251
1133
1133
617
284
41
282
41
259
201
132
503
1096
1121
1390
976
1778
202
344
912
266
1097
364
1870
1576
766
813
987
842
1097
1223
99
509
1065
820
1386
1356
1788
818
1788
1987
942
370
217
1987
217
470
327
217
1298
217
1376
544
1793
2041
1986
1751
1327
1487
99
1969
1969
467
598
381
832
1598
307
324
853
99
1598
1486
522
324
1476
1939
579
1108
683
920
1280
1357
1280
680
1119
1118
1051
1040
1076
1280
1036
1042
579
734
697
579
190
1315
547
2
1109
33
839
860
579
630
1566
547
766
1904
1192
764
1906
1725
767
563
767
461
1068
681
1323
680
99
1910
1910
738
357
1022
1732
734
738
1023
758
1023
689
738
471
347
1548
1749
1022
1566
1325
1714
1962
1558
1743
427
1107
1675
1580
1625
1551
175
426
438
1315
347
773
170
781
346
508
471
163
1315
1813
1422
1419
1419
1204
1419
1419
1981
1962
689
1729
1285
1962
1316
507
421
1316
1771
427
1956
1861
1082
1631
59
1956
1956
471
1958
1813
1223
1833
59
1813
59
479
59
497
1561
505
222
432
471
686
1781
879
1626
739
804
684
744
742
1626
685
1254
1900
1631
696
23
1132
696
1994
684
684
749
1359
584
568
1714
626
547
1994
912
1994
1179
1997
644
1178
1728
644
1290
616
721
865
1044
746
691
633
666
1368
301
1046
1303
1320
1297
1311
686
59
685
1318
1305
59
1043
1043
1429
1159
1044
1044
1042
288
59
1065
1479
1369
659
1488
844
582
865
583
681
1369
824
559
59
227
979
771
1132
229
770
1534
340
349
333
229
457
386
1535
949
1805
229
457
1805
834
197
1805
1021
1031
1528
1464
1805
1725
380
2022
979
1508
1276
1483
1219
1491
1834
1534
1179
2022
1333
911
70
1023
773
378
771
121
7
223
771
1291
1287
1307
1003
694
1130
1964
969
1983
1019
1003
1130
1777
298
1986
1335
301
1621
770
1802
163
1335
1998
1122
1673
519
2009
2009
2009
1122
1004
1493
182
1004
1527
686
1935
1679
1770
1983
410
1033
136
1033
1715
559
354
564
158
144
1221
1715
812
1375
296
1983
1374
1715
1983
909
1083
1304
1265
1899
1077
1265
1942
1971
1962
1648
1715
1674
311
419
1983
488
1396
249
249
926
1365
926
57
56
1445
1838
1444
294
767
200
924
1396
1310
1360
767
761
1799
741
289
213
270
408
58
1228
1392
208
533
1453
765
1458
130
90
331
741
956
1392
1590
1501
931
1506
741
1502
930
76
952
915
1776
332
1776
1929
1181
1807
1497
1892
1156
1353
820
1897
1492
1411
332
2023
1561
1412
1503
1503
1663
823
823
823
364
556
365
380
243
1393
1353
577
1876
1302
1742
1067
1739
957
1909
1663
434
1908
1619
1615
331
501
747
883
1894
354
1853
540
1564
540
1663
1663
1425
883
1435
486
1639
1479
883
1804
1065
883
1346
743
883
637
637
2013
1397
1738
1730
1071
108
2002
1775
637
125
49
637
1371
732
732
1514
1071
295
1371
114
2002
1288
732
208
732
1360
677
1297
489
1370
1481
262
90
1758
108
1433
1823
1093
1047
1288
1818
1364
108
1289
1708
1927
111
275
111
1335
1659
1527
1684
1091
761
1505
478
724
1684
963
90
1659
385
883
279
1659
883
466
298
651
547
331
545
1658
243
548
342
478
375
732
1102
966
291
63
1380
954
469
1414
1414
962
106
1678
219
157
747
207
954
1420
331
1006
745
1260
1125
1213
1167
1400
1799
1167
1096
786
1969
786
155
1969
330
236
900
984
1394
786
984
796
1551
786
727
727
504
727
1608
963
727
1550
1559
508
1552
1567
1552
365
407
156
1243
1200
592
1698
1182
1177
304
1745
1553
1561
1688
260
1688
1698
318
279
342
50
586
1084
943
517
752
649
669
1639
1086
1164
512
1548
884
881
950
970
1086
1038
1017
1084
883
1164
1163
1856
1856
302
1181
180
1756
967
40
917
950
930
1505
1760
589
919
1529
1760
1181
206
1677
419
1529
1529
426
1703
288
962
1762
26
26
612
471
374
471
988
1519
77
1839
310
1397
1395
1190
1523
298
140
1111
145
1088
472
298
1671
919
1655
1631
310
425
1608
425
524
1354
640
51
427
1324
431
427
1151
1426
1140
1996
472
917
972
1546
972
34
982
1411
145
325
879
1277
1411
183
282
2008
184
1742
122
1060
82
2008
1060
140
1796
903
139
2008
2008
1613
1384
1602
592
1799
394
1619
592
1628
1615
1741
592
542
962
1637
1617
325
886
1464
677
1262
722
612
1073
1151
1262
1634
1481
886
1073
1889
1733
1161
159
1651
1253
154
1174
1192
1918
1184
574
1262
1662
99
204
76
213
818
1558
1384
998
1464
2037
1111
2037
1385
1849
1945
1281
2036
2036
1425
255
768
1434
1837
1292
1549
1559
1836
951
1822
815
1012
11
1837
1836
1836
1837
172
1110
1115
911
183
133
1583
1595
1949
1385
1547
1115
911
1113
1078
1870
1123
7
1562
127
1562
1562
1562
478
1782
1587
442
69
310
1634
895
1123
1123
442
67
393
434
67
69
1709
1854
1234
88
32
2023
3
2023
2020
298
1123
208
1697
1640
625
1385
1419
384
1854
1255
763
11
1654
2023
17
77
17
1108
1089
936
17
283
1663
1244
17
126
1507
1509
943
1128
943
349
101
1290
187
297
1343
1197
319
1509
699
274
943
24
889
4
696
322
943
762
1988
1290
1275
1945
1081
274
1061
1360
955
1360
1302
1288
1302
1782
1945
480
1610
1290
1610
1945
1840
1290
966
278
11
1355
944
1351
944
1365
944
1295
1348
944
1326
670
267
964
1272
838
1426
1798
117
1299
116
1426
1302
1355
1124
140
1405
1479
1733
1733
832
699
116
903
237
1071
697
1064
1068
662
1896
1084
1816
1078
1072
967
140
1583
1707
2017
1069
966
889
815
879
1118
570
573
1765
1949
497
344
1618
1413
1138
1138
267
129
1830
213
1877
570
628
522
858
1145
672
569
568
572
1985
263
1877
306
926
350
558
281
1145
807
1877
1354
573
1877
807
1124
1044
807
1701
807
1373
1762
1760
850
851
1403
264
1091
869
20
763
859
265
1396
1611
1966
1988
1701
60
1977
1766
966
983
1588
966
1766
1112
983
150
857
593
1987
1878
893
1946
612
610
2004
1987
1354
483
505
1288
481
1836
837
1451
696
359
1703
696
837
1764
962
619
1961
331
1960
132
334
763
1697
208
1703
1933
648
524
524
2017
524
1532
1960
816
1224
586
792
1225
711
593
663
527
617
1225
1532
1820
816
1282
694
1225
759
591
1227
563
2005
1222
1137
1142
423
404
423
423
423
619
1797
907
600
844
817
46
1176
869
2005
534
483
77
1223
1096
2005
481
1462
228
2005
253
496
622
970
1733
1798
609
701
1001
966
1082
383
496
1375
1073
1875
1121
1906
587
383
383
710
259
1870
1860
898
769
710
1010
587
710
1038
1253
965
1883
1125
1884
1850
1017
2040
2032
954
2039
992
253
710
1796
600
990
1749
1748
587
1748
1365
450
1316
587
1453
1292
1749
1365
256
865
1652
1858
252
123
1410
1410
1743
123
1540
1741
1741
1632
1572
815
300
300
838
300
867
1540
913
300
252
1861
361
1257
1648
1654
1458
1649
1156
986
1392
1654
1215
1649
1500
1410
187
1566
1477
1410
1430
70
70
1356
1850
640
675
656
1319
693
1384
19
1126
873
879
876
495
1150
1926
1192
876
10
879
18
876
11
1147
1540
1759
1389
1228
1388
1753
775
824
1540
368
1447
1912
235
1972
1388
617
533
1341
235
1728
702
4
626
235
498
96
1227
173
1229
345
1970
417
1890
1126
1389
1891
1897
1082
1972
416
1034
1206
626
1660
1695
626
1730
1551
1873
1879
2041
1972
671
626
1494
1494
1207
502
1028
154
1168
217
1495
872
730
1733
1893
1051
1123
222
965
1890
1094
653
1162
976
2038
1987
1200
1940
1051
447
1773
330
382
321
1197
532
1038
2042
1415
861
1194
1059
1032
1495
95
1912
1939
1254
1255
1209
1424
1854
2045
1279
1279
73
1194
73
1133
1279
515
648
76
653
130
95
1637
859
1425
1462
634
635
686
1632
1702
1854
1568
734
1948
1930
2009
1258
85
93
1702
1961
1702
685
290
1784
43
2042
487
1263
1481
1263
323
1600
28
76
635
1645
756
1606
665
1263
678
1807
1625
1703
1635
1772
1809
791
1495
1440
1676
1872
1872
1263
634
10
1242
1241
1966
636
91
696
1241
117
696
1966
145
25
697
1245
1240
737
146
1683
788
205
1719
788
1966
123
1449
1249
545
1256
849
1193
839
697
465
396
1078
77
791
847
144
352
1620
2021
152
1557
2028
917
916
895
146
916
1148
654
296
1314
1520
344
1313
1414
297
595
215
1418
298
866
344
157
1455
297
352
1218
1320
344
203
487
352
344
1426
731
1966
1362
1970
352
956
1362
1720
1839
898
334
474
1759
431
1759
426
329
164
1909
150
1393
956
1978
956
837
1380
1725
150
163
195
165
87
1759
1888
1724
779
1448
1545
1537
1888
1536
1545
1888
665
4
366
1640
302
1584
262
1721
23
1212
1212
429
165
1888
837
302
837
1656
150
150
779
1823
954
964
1009
533
837
1259
1272
1429
1180
144
1036
779
992
1781
469
514
620
619
1956
1945
1967
766
610
475
336
533
256
1909
514
432
366
675
374
329
2035
798
869
871
589
1717
2045
675
1161
2043
859
533
489
766
2030
1156
1786
106
1780
533
431
89
841
1645
841
1311
798
1366
1163
1395
1187
1870
386
1215
1198
441
327
1384
1936
324
1384
600
1685
1652
1384
1642
1850
2039
1733
1646
2035
600
1156
2038
973
326
2035
237
128
2034
1494
1300
1467
600
1036
644
1647
432
1537
1373
1494
1551
377
1139
386
1135
799
1478
1744
1746
790
1544
1742
324
1665
325
385
361
826
1677
1372
824
825
887
1677
1652
1351
1063
388
248
23
322
281
1733
268
251
321
1688
341
444
1743
712
505
1743
1452
85
357
1344
276
251
248
741
991
1311
712
1287
1940
186
216
224
1104
675
267
1876
757
1114
721
1341
1339
1341
1416
1109
1084
285
712
1690
712
614
638
596
594
786
377
963
364
2033
599
1211
1211
1210
114
1115
554
351
849
1211
1210
1211
1211
1211
730
364
547
734
741
1719
834
1487
198
1466
544
740
544
1763
3
812
165
1289
1802
950
944
1569
1573
1806
956
552
1400
890
476
949
1734
1674
940
1066
350
1591
1980
692
1934
1807
354
84
1758
974
1682
2018
303
953
991
354
776
1009
867
473
876
488
684
2046
803
1763
2018
2017
345
345
542
1707
1593
542
433
345
1696
476
783
350
350
542
1350
476
789
795
345
791
1058
351
824
1826
789
1067
1942
1893
284
1324
1296
793
1893
906
1013
77
1108
1992
1360
1826
779
1324
778
1893
787
46
1040
1124
1107
1455
1894
1808
414
1515
1277
1491
1107
1331
46
1368
1281
1335
286
1335
1894
52
283
814
977
283
283
770
283
172
40
777
1739
168
1335
1742
1748
139
280
779
172
1588
1068
584
749
519
581
745
581
439
1804
584
1616
706
632
695
706
1740
1740
1743
1621
1743
1124
1739
1739
578
578
413
581
1921
909
1893
1274
1040
1097
1895
1065
1191
1782
1778
580
1401
243
228
1062
942
134
799
857
1569
98
666
276
651
580
1618
747
751
155
932
558
1750
108
224
105
1617
790
934
139
31
776
1751
1105
1270
1744
66
1754
1807
1863
1295
1787
1744
1922
2019
1578
514
580
909
1192
1746
1207
1518
1531
1486
581
914
1728
1743
1294
1753
904
1323
341
957
1926
1926
480
2010
1662
562
1624
76
1732
68
221
73
1695
100
1945
1550
1926
571
100
1695
1841
412
1926
580
1466
16
1704
100
1200
100
16
1180
1176
22
562
2012
23
1706
616
1840
1787
1477
1033
1517
1584
1473
1207
1201
1525
327
1115
1528
190
1786
1249
1474
156
16
925
1101
341
1472
155
78
1991
525
1101
16
1033
1603
1101
1606
1520
1033
1534
722
688
212
212
642
212
1033
1252
1251
1036
1604
2019
146
158
158
1382
124
18
1730
5
1649
1297
146
1296
369
716
373
5
1191
886
1240
1983
546
805
1899
1296
369
1064
1125
5
1896
804
2029
2043
1997
936
676
677
1382
685
661
165
2043
1918
799
1093
1228
1662
347
1446
136
1447
799
470
559
805
1382
294
292
1382
1595
311
501
667
1125
1767
916
1149
738
741
741
981
716
739
590
713
1970
807
1185
862
981
841
724
1185
981
200
1760
868
1391
382
514
515
1150
1185
1189
1095
173
1391
1731
553
173
179
1144
625
72
515
163
255
133
179
179
670
1983
514
1136
1470
551
551
1562
1797
1562
1552
1470
1470
1924
1150
1131
1552
887
1813
1440
1470
173
966
1458
670
173
1584
1391
693
751
693
1584
691
1761
1555
1498
1498
1224
721
1557
1498
1584
1009
1475
1707
1584
1475
1472
2009
539
1473
1472
762
1475
1660
1627
724
617
616
1750
1727
762
664
821
1350
1726
895
1350
846
716
2009
1151
780
1979
1969
890
1627
492
1375
796
654
817
1726
1007
1130
1838
419
1717
1867
567
1391
473
963
313
258
1350
104
1726
1366
110
524
1717
1791
992
1381
139
615
787
902
1350
613
1017
1167
913
1167
1110
1791
1791
1601
1167
1982
1933
913
1110
317
303
714
1791
912
188
10
12
171
171
912
1167
1773
1251
1270
1947
1114
171
213
206
1319
457
218
112
1638
25
1550
456
609
26
171
8
1556
134
63
304
1073
473
1814
1901
1075
1114
1556
1996
473
1319
1086
185
185
1841
1100
12
1319
1459
290
1228
1556
15
1102
473
413
413
1319
403
882
554
1556
1189
1310
1301
1324
1287
177
1310
1363
23
1766
180
249
837
963
963
182
1861
610
983
979
1862
983
960
412
963
833
833
402
1061
2032
673
2032
1977
995
1092
688
1982
1982
1545
1545
971
1977
1546
1210
1506
1215
1094
1061
995
1000
175
2000
134
1417
995
1418
874
1418
995
471
1416
453
1842
1232
1097
803
1437
735
1301
982
1619
1561
1767
1518
1992
1952
1952
440
1737
1518
1212
661
264
1140
251
790
380
1494
1003
1140
231
533
833
231
264
1854
833
958
946
1858
1854
488
932
439
484
1214
445
1920
576
1831
881
1749
453
1842
1722
433
1505
576
125
1960
269
1332
269
661
295
1831
1903
1892
1270
809
1158
1620
1893
632
632
1893
983
979
1584
978
465
527
978
184
881
1262
808
642
1622
184
1630
184
1158
1589
1623
1386
1353
1158
184
505
1346
1620
1158
1042
1043
2038
1043
1043
386
1043
505
1178
1893
855
841
504
572
504
1211
1138
126
602
1730
577
556
576
1178
1978
414
1893
577
213
398
1178
1178
1198
1725
224
421
215
1946
1758
1096
265
1014
1669
1695
1684
1453
911
1526
1684
709
245
905
215
1758
1946
97
160
1622
280
1622
1662
747
1735
709
1746
1262
1792
1257
1745
1750
857
1769
1019
1621
369
1613
160
1955
1761
576
167
1628
1673
160
661
1606
2012
1622
2012
1224
136
189
1173
1421
1199
577
189
573
189
530
615
534
1231
1173
1173
1447
758
1173
189
670
1504
1509
620
137
1033
1946
1930
1162
1019
819
1691
810
709
529
621
531
494
1412
641
1740
1593
1592
1593
621
358
1412
1779
709
298
1810
299
301
1444
301
1454
359
927
1243
1265
531
973
1826
921
1098
1719
1367
1618
330
1715
1734
1757
334
1998
529
1741
378
1732
284
1768
1564
273
378
378
1430
1186
1004
1416
378
500
1208
667
1632
1998
1924
1658
334
56
914
902
1179
1733
1208
793
1149
1208
1191
639
638
1740
1043
402
390
639
1068
1038
362
973
363
1967
362
704
896
1351
1942
163
454
1687
163
1208
63
865
63
1764
62
1345
1984
1827
63
425
1795
161
719
1945
1934
719
719
719
758
501
1205
2015
2003
1751
1583
1583
999
1678
1658
896
1413
1645
971
161
861
463
265
1465
143
854
1471
230
969
1827
725
714
57
1255
1581
756
1316
678
1042
1282
1147
1581
1361
1361
1320
1049
1471
1052
1073
1055
1130
498
1826
264
498
945
652
2025
1730
1935
1844
651
791
1559
933
1277
1137
289
1276
56
1689
314
1842
263
1465
271
1595
1536
38
52
634
657
357
1536
1423
207
936
227
229
228
1842
586
644
594
658
563
614
652
563
1930
924
39
926
1420
68
75
58
558
799
1358
802
1882
986
997
411
1300
652
1300
1358
1413
264
1046
1810
1359
659
282
659
1536
1842
1459
1550
1536
1592
1592
1610
1607
401
1592
1553
1840
429
1553
711
1592
1153
1866
264
1837
455
1551
1152
1481
573
1164
571
264
530
1249
530
1193
185
530
158
305
822
158
530
317
316
358
44
25
36
187
2
33
787
902
359
901
648
733
1263
1882
877
889
884
1573
1781
1540
158
359
1251
617
358
1666
1773
1373
1813
577
1803
164
777
1877
1907
1254
1881
672
577
1774
674
1814
158
674
1376
1188
650
641
641
643
416
761
1773
1773
424
282
417
1009
653
577
164
577
1514
1772
1702
1271
1608
417
1379
706
1271
1271
1271
786
1845
1794
1990
1845
1810
828
572
1062
789
1631
1466
1844
1514
455
1514
1631
1377
1514
501
1394
1064
1525
933
287
1186
1096
493
1628
1631
1092
1618
777
795
277
1022
1302
1743
1743
1161
1160
1186
1587
1921
1302
1725
848
1784
132
855
524
725
1302
724
1246
1092
933
598
1931
1777
1302
1092
705
1092
1784
1054
130
764
1389
1784
1111
728
1389
1488
900
248
705
705
1488
1491
623
1206
2003
705
1489
1638
1489
1099
1845
1806
1467
517
1807
1807
1802
1431
978
785
1184
1805
1099
1064
1206
917
1924
402
1709
1936
1563
920
437
920
917
1431
325
385
418
1186
317
379
897
398
1186
398
1467
640
446
1186
333
737
385
14
133
372
657
658
372
70
718
174
1099
1635
1559
1541
935
1850
372
935
306
1734
1019
1596
32
657
1451
1691
1186
1672
202
15
372
1278
1182
1277
1179
890
330
1171
541
202
890
144
171
74
291
190
187
789
805
890
912
890
2040
2040
640
2040
1217
1216
2040
1216
1203
50
1197
561
1197
1002
877
1100
1100
561
493
15
2037
929
561
2037
118
1005
1005
352
760
294
24
1208
537
274
1243
1335
446
446
446
274
1853
1567
292
765
1656
278
1845
2036
1783
118
1586
1725
1567
1656
1855
1652
278
1979
1002
124
124
127
1567
278
127
127
2036
756
406
1241
1567
1798
879
1510
1331
1992
1389
280
254
242
406
1826
1798
1803
1801
1339
566
1821
406
406
1901
513
196
333
2045
1710
199
1261
531
1261
1217
1248
349
104
333
1985
195
349
105
38
341
1989
1984
1848
842
274
835
1848
371
366
371
745
194
642
1845
862
416
0
416
235
543
1656
1844
1975
564
83
669
350
1102
448
1263
1132
1699
685
1357
1656
661
1304
588
660
1518
168
613
523
713
2046
239
1379
209
60
1571
431
1518
48
513
60
1571
420
1844
1882
978
1698
1918
1860
1733
492
1897
1071
413
925
455
370
618
418
1134
624
1833
1915
1910
1884
615
1363
481
1029
527
1452
1554
1469
1425
527
1134
535
527
301
527
526
526
937
971
797
936
1095
938
937
538
736
1285
654
682
1291
1434
1678
2046
1278
1835
1586
937
1744
1587
937
1434
815
613
1095
211
800
1102
482
648
704
271
508
848
734
1345
902
1698
1921
202
1868
1828
62
1618
1306
743
365
613
1390
1421
902
704
1699
352
1627
835
720
834
375
841
192
352
462
462
808
352
1868
235
705
1941
1874
352
192
305
834
925
305
511
834
341
351
834
834
305
345
305
1993
1993
1993
1852
2039
1404
1430
1441
186
1490
242
1404
508
1618
244
110
208
1993
503
1920
297
121
149
1503
1923
186
635
2039
193
1923
1077
1504
634
634
635
1071
1923
1830
1631
241
1916
56
1142
1413
247
1047
326
289
243
1385
1404
289
1415
295
275
1386
1733
1652
1504
1735
312
1594
1728
1117
186
1374
1849
1863
295
312
356
1009
356
312
1575
1612
291
356
1892
984
1647
1641
1404
1575
1612
809
1314
1321
790
1346
357
195
1355
834
554
1613
207
250
169
1147
1149
1849
713
1799
1121
590
1063
822
1304
917
809
1272
1272
1086
1068
1086
1272
1073
197
301
1074
700
196
190
197
197
330
332
458
171
809
1799
328
1954
610
1140
1141
1735
495
824
202
1953
194
74
96
220
231
671
811
916
806
91
231
657
1528
847
450
75
490
492
987
847
733
732
1351
1528
984
1413
1026
1286
356
1259
1274
1673
1629
1849
847
1528
1032
403
356
422
434
695
1274
1259
1011
1953
1023
484
847
897
778
42
1528
926
1237
741
762
490
89
1223
714
1223
1223
1623
488
453
714
836
455
842
1890
1839
1836
1900
1896
1836
834
1839
833
833
714
1700
671
1704
1623
974
971
965
991
82
1421
1420
864
713
840
637
1623
34
891
34
34
1918
103
1907
1932
665
1720
1930
34
422
1623
1706
768
619
2022
34
1798
33
351
1720
705
1817
485
1180
1809
1808
900
637
1818
1818
1720
900
1764
1720
2001
712
1810
1345
900
1402
1265
1406
1264
117
1429
73
1720
1432
285
685
855
1463
901
1519
1088
1758
1678
1992
770
1519
993
457
995
994
843
861
1759
280
1450
993
1759
917
115
1445
116
1269
299
1792
377
116
1260
323
1447
666
305
1607
436
1248
770
1593
1895
770
2041
770
2017
918
222
222
394
1505
1235
79
152
152
205
223
671
1782
81
1644
120
2018
929
30
126
884
1955
74
290
1946
1959
874
1782
1671
945
1979
70
549
1971
390
875
71
290
441
549
290
384
663
298
843
296
268
492
268
264
272
449
495
500
1652
1197
1459
548
1009
1009
394
1472
100
924
290
301
1932
1473
437
296
573
187
141
186
642
548
641
663
1455
1387
289
320
1387
187
684
759
1387
20
1727
2016
2009
1580
322
186
1325
20
1325
649
1760
1750
1167
2043
322
1387
220
420
207
899
480
207
1808
1819
220
1819
1001
1388
81
81
1001
1007
1867
408
1450
1462
770
1002
251
408
609
166
613
1001
1324
1843
609
1842
1001
1998
1951
1989
1674
2006
1921
120
1335
1930
1285
1450
1841
1897
1333
1312
408
498
1898
1899
1843
72
1529
72
1185
928
498
72
1428
1521
1515
407
1827
928
1843
72
371
896
933
480
928
1388
397
397
1249
1213
584
593
1379
1367
2034
2025
2032
2027
2035
107
1537
1994
1998
835
1534
301
835
2025
367
255
928
301
874
2025
880
608
1168
1168
868
1087
1740
1732
1662
868
1739
1171
1742
1972
1736
137
1130
295
1062
36
1086
1150
727
525
758
728
620
1150
611
608
1133
835
1283
1139
1576
1154
1318
1637
835
1168
874
72
1062
1319
1873
1062
938
1086
1170
2014
1307
1308
875
1306
605
736
1518
1087
1474
1360
1361
604
606
1185
1474
1058
1474
1873
1581
1642
1474
1139
1935
2005
1642
1642
1120
1969
1981
1729
1259
1751
1113
1227
1191
1096
1256
1642
1248
1095
1642
555
1227
1227
256
328
548
1642
1227
344
724
958
285
510
466
2
109
669
1850
929
353
723
1968
998
1168
287
209
1684
633
636
578
721
1735
668
1705
1449
742
194
214
1726
1705
1726
765
1745
1745
668
1316
669
302
791
787
1865
302
798
793
302
1856
302
820
1728
1298
1298
136
1521
1905
594
1093
579
580
1843
1917
1517
1520
1712
139
1336
246
243
678
1326
1514
803
1823
163
394
1230
801
138
1273
1794
185
136
1968
1701
801
928
1036
166
135
192
948
181
173
1981
801
1401
814
1773
1011
58
288
602
1012
67
602
786
606
603
1015
881
1120
628
688
529
1120
1740
1401
1803
1015
1770
1401
1660
1396
1120
1688
1714
1736
798
2026
785
785
1864
784
784
1850
1688
666
1106
199
1891
2041
2044
1336
651
878
116
1850
2029
1720
199
1616
955
2012
881
1778
564
1688
564
566
566
1301
1467
1337
1163
1558
693
1504
1557
1081
695
1323
691
1445
1559
1466
1418
1330
691
124
124
1583
1688
1728
258
280
1731
2020
1800
1547
946
945
933
339
1202
1777
1771
1663
1785
1263
1719
1712
1971
1200
975
1200
205
1572
1808
1547
197
1542
196
975
270
1983
356
1708
672
731
875
1526
1250
1345
698
991
224
1522
1528
1528
1858
221
1796
1250
69
186
1
1938
1939
1740
1329
94
1792
190
1339
3
1
219
94
1202
225
225
94
1585
941
812
775
1375
754
1375
965
1073
967
1850
970
1261
1218
967
1799
970
1792
1709
1663
85
246
1127
1127
1026
214
112
1539
1556
711
243
1127
170
72
1129
224
1709
1674
1
166
291
1478
1205
27
1489
112
2042
230
772
222
1786
2041
1070
1929
1929
1070
1873
1778
1731
1443
1315
710
1883
1441
1929
1225
1257
1929
1442
880
1230
1791
467
468
878
397
562
490
562
1060
1147
1226
1121
1070
1181
1231
1147
1070
392
695
689
392
1881
28
1151
450
1060
1535
79
1765
1790
1626
25
1881
2028
1878
1538
1741
754
1538
1879
269
1298
305
1538
467
2028
905
1154
1343
29
1278
846
1252
1167
762
617
1307
1535
1306
1163
323
1714
236
1881
252
1712
237
660
1721
323
1535
489
1913
323
489
323
1687
487
1680
750
1881
545
567
1381
1272
765
1272
742
300
16
1535
71
460
71
508
198
1954
206
1954
16
195
19
1381
216
536
1381
717
1708
777
1381
1710
911
231
602
1711
854
597
764
841
771
204
10
765
479
479
126
48
276
477
8
476
28
1036
76
424
71
9
1341
424
442
189
590
442
306
40
1570
1978
88
1966
40
1977
105
421
98
40
417
1607
96
1601
1601
1879
1162
1162
1163
1170
125
313
1162
622
1706
460
1706
1413
914
636
913
1077
1225
1225
1075
1225
1533
1225
1458
1459
280
1222
1221
273
913
90
591
56
149
1607
137
169
645
171
584
1905
691
1862
698
422
645
1589
913
1922
1924
1019
1019
110
844
613
867
521
110
2040
234
671
1885
1382
1874
1057
1857
1382
1921
2046
1486
671
550
110
692
460
1480
541
1540
550
1686
540
1545
530
110
1927
175
921
941
790
790
86
954
175
917
1686
1867
899
1363
827
1686
175
953
176
1686
339
1979
562
337
1981
1968
1332
785
461
829
622
1694
1182
1155
584
1694
1179
1479
1495
1779
1694
1968
1927
209
1164
468
445
1968
471
1105
1839
183
1709
290
21
281
1489
1891
20
183
379
816
911
802
584
909
183
1044
362
954
2014
1955
22
1694
688
161
1959
1829
1044
1024
827
727
860
823
735
509
863
718
821
1325
1508
1325
1508
1508
1508
1685
1502
1481
842
588
862
633
607
1024
1028
1828
728
1779
1832
1588
1356
1829
234
2029
2040
1873
813
815
644
815
914
1412
1943
1024
644
1066
1290
1300
1303
584
1170
1970
520
384
1300
1024
1832
1458
1042
1049
1832
1049
1208
1556
550
1799
550
550
1361
550
198
1832
800
1832
1556
300
715
715
1968
771
1733
495
435
1968
487
541
485
539
1762
10
1554
1783
1748
1939
1554
1587
446
1584
520
1725
1709
1957
1782
3
1133
1613
827
1614
1947
1132
140
1600
729
1612
1606
670
731
752
1240
1142
2025
541
1132
541
1043
1045
138
495
1369
488
493
844
495
1293
1747
1292
1826
1489
1484
1473
1923
1792
557
1846
1970
1825
1943
521
1429
521
928
1480
1965
960
1006
727
1000
159
1006
633
1006
718
774
2014
1363
1361
1006
1889
1516
1295
772
1916
1938
2038
1889
1889
1054
903
802
1251
1177
1479
1054
1889
1599
1704
1565
1712
1951
1573
1565
1406
1396
153
1052
1938
1941
1404
1411
1534
1428
1433
1939
1507
1851
2016
1529
1851
1848
925
1795
1942
904
1849
842
843
93
1488
769
1602
1808
1757
217
216
216
216
341
201
201
200
1814
1820
1823
201
193
1711
1683
1684
1573
904
2027
1868
2044
760
1868
760
1164
1411
1480
1252
1464
655
1868
770
652
1602
718
1477
153
71
284
1477
1693
718
1477
719
1343
1687
1687
1356
655
1344
1687
315
1356
1356
775
1356
1239
1840
808
1687
706
1604
48
202
528
1918
543
51
588
790
494
1779
790
588
602
1310
549
251
1637
1602
1744
1746
1288
1471
2021
1424
2014
1466
670
670
1218
647
251
706
268
1244
272
647
304
757
601
753
647
706
2010
1659
727
447
1288
706
1661
1172
1649
2015
569
1941
1084
1409
127
476
1173
389
1366
1392
547
555
1398
1509
127
1423
1513
289
289
1289
1289
695
1008
939
747
1009
399
1602
953
896
516
824
409
408
1498
1271
908
909
909
1513
744
1639
1784
960
120
1784
17
994
1002
1784
1121
1432
1031
1563
1560
964
1560
1661
17
771
1250
438
403
1031
1820
403
408
738
1820
1655
1194
1199
290
738
1946
1030
55
110
288
48
1730
1675
738
1769
1924
1686
1695
649
403
403
1030
1568
1621
351
1657
1646
648
721
1784
425
962
1513
759
838
564
648
1187
351
1274
349
889
350
1448
1812
1812
1812
1512
392
1651
1651
1813
1814
1651
392
1004
1054
1813
1023
1002
421
1512
425
1513
1813
1812
1965
841
1410
761
1529
1617
1284
685
704
1947
425
853
1563
1374
1370
1365
1363
1410
1303
1290
1405
1202
1085
1141
1121
1483
1564
1707
392
853
932
1379
855
1410
855
1995
1410
1482
1994
372
1994
377
239
1595
457
1379
392
1994
1389
1383
413
362
413
99
159
413
413
633
625
627
239
969
952
949
657
950
530
227
1272
1671
1671
1527
954
34
913
1521
65
1671
1879
1070
783
676
227
1885
727
1793
1575
1578
532
853
1521
532
538
537
853
1349
1357
1357
1104
853
1104
1127
1914
1385
1063
1385
1123
1385
1331
531
1063
1069
1017
1920
2014
1385
668
1025
1801
1017
2014
1020
735
640
1611
1615
2030
1608
1020
1513
174
1516
1108
1604
1009
1737
1624
1108
109
985
362
1521
1917
1246
1522
1245
358
1240
780
992
1000
1694
999
1692
194
1947
735
1694
1012
1479
1521
1303
1575
1916
925
1303
1930
1917
1917
1162
1479
1693
1032
1026
787
994
1493
1026
1493
1493
1497
1026
1104
1035
1950
1023
922
1732
1928
280
281
116
918
1939
1947
1693
949
1130
1118
380
1128
324
1586
1117
1761
1472
267
327
257
922
1286
1281
259
1020
380
445
1114
1126
441
1104
1106
442
1491
417
1595
1159
1500
1157
417
1155
1484
1436
1276
1198
299
376
261
483
305
327
193
1807
315
314
318
1276
1643
1549
1738
1023
1662
1644
1207
1638
1249
1646
2044
1549
325
1020
20
1037
114
365
1476
1549
677
911
1881
1520
1148
1495
1534
1122
1527
560
216
905
1847
1512
1206
4
1549
9
62
326
504
1605
1608
1609
121
1585
85
1094
1724
963
2022
963
1725
216
245
976
1807
10
985
565
1167
1387
1386
1944
1713
498
1569
499
1577
1749
1745
1570
880
1446
1452
1745
1826
1463
1721
29
1463
1167
29
688
1751
840
212
1698
1155
418
417
1694
1707
560
167
830
224
160
937
234
830
902
1018
822
829
1160
1554
1539
1018
1451
1701
774
881
1416
882
1713
2002
260
391
1417
1419
1681
1587
2000
1439
1163
494
256
2044
190
1761
1879
1537
1810
1439
1069
604
629
683
1077
1210
1817
1209
1077
1875
683
257
1444
272
1705
1704
1445
1228
1894
470
268
242
472
1067
658
249
1469
1543
1471
1189
560
1422
1889
1287
1927
1286
1795
1796
249
1086
1817
1034
333
331
30
1189
729
745
1185
1185
1109
1927
335
364
364
421
1806
430
1373
747
114
715
622
1545
30
622
122
1653
1835
1493
1233
612
943
1274
1444
62
1306
59
675
1537
997
1290
1296
245
880
1759
1759
245
1048
1054
257
658
1050
978
659
814
1076
21
520
707
1076
21
467
21
21
1835
520
464
1906
499
627
521
503
552
1758
957
1574
125
1835
1574
294
295
1574
874
874
1835
105
297
958
157
1869
296
521
957
526
637
958
969
843
861
1868
551
1975
1972
1047
504
1871
1502
958
262
1977
272
1230
1972
551
1972
557
551
955
355
358
355
525
537
359
955
1013
1865
932
1013
1725
1704
1704
1973
1725
959
1574
952
952
958
958
370
370
1965
1146
1014
370
903
1965
1049
1286
1420
618
370
614
616
349
1965
1563
1919
1919
1170
148
1173
963
1874
672
580
1874
802
1172
1780
1919
1950
373
878
1376
1874
1872
879
1868
1965
631
842
1376
1376
1824
729
1919
734
1869
1872
1851
1850
1861
230
743
719
230
293
736
758
1376
651
654
927
940
230
942
32
1300
902
2040
1177
2020
86
1953
86
1432
230
1947
1177
1042
1042
1050
1050
386
1824
8
885
1664
1824
592
615
1908
1824
1883
931
1494
1232
1277
1427
949
1483
444
74
1419
1439
1885
144
221
665
377
444
444
365
930
444
1081
1633
275
1843
1350
1890
1899
1371
275
1887
1121
1891
1919
1121
1121
701
1887
320
1129
308
267
325
307
1913
700
1101
792
257
1943
1948
262
279
1948
273
273
266
340
1780
1780
281
327
182
327
786
996
996
595
9
961
860
595
598
1271
885
1318
288
1887
1342
582
1317
1378
582
578
1913
186
1801
278
1801
592
9
191
613
149
136
974
942
810
578
1919
1753
386
1892
961
1580
303
1753
971
386
555
737
694
1754
468
1075
969
1210
973
1511
1831
1502
2041
555
1831
2004
1831
1026
926
1221
615
1218
1039
849
486
1905
492
64
65
1754
848
1293
673
58
58
1281
1375
558
710
1595
1905
1782
1789
1779
1536
485
1858
384
388
370
887
777
914
1563
825
1556
706
688
1563
1789
1305
711
880
1788
33
36
1333
1106
1333
369
1636
1025
1636
36
1881
1076
1084
1718
1748
1806
564
1693
2000
1531
1860
1859
386
990
987
555
1820
1327
1780
708
1009
908
1327
875
1718
646
1910
1719
1264
1906
1719
1264
35
1754
1768
1687
1683
1683
35
1259
1273
709
1097
1782
1261
1170
1508
1171
523
25
1580
1835
1326
1326
1955
708
1715
1491
1719
1387
74
74
79
1457
1402
1394
1298
1318
1301
1349
956
555
1996
1984
201
200
1833
153
1037
1510
1113
1105
1040
1739
611
638
638
638
192
639
105
113
1083
193
355
343
638
7
1083
337
336
639
332
1983
335
1423
1947
193
1330
1637
1334
1137
192
1974
1748
117
970
546
1142
1068
268
1971
971
1476
222
546
138
479
546
121
295
585
211
561
570
1366
747
761
790
1594
1597
928
546
689
752
1597
547
386
1940
859
1663
164
1627
342
1463
1540
1463
429
696
781
608
609
912
429
429
1940
1940
1136
1136
1139
142
1139
1950
1608
938
1398
1631
1661
1630
931
1630
1811
1399
632
632
650
1841
701
632
632
1246
995
1466
142
1243
1456
1012
1933
1844
1844
1844
2010
341
583
2010
1933
140
270
331
598
1940
111
1735
822
435
934
8
465
495
1844
374
561
1362
1993
1459
329
143
1929
329
905
143
1990
1018
934
1957
143
934
934
1957
744
681
91
404
91
1930
143
1679
2000
374
1989
477
1457
396
744
1764
396
744
1381
1594
974
973
1461
1353
593
114
744
588
772
1990
513
1849
132
739
1851
739
736
135
395
650
1547
1463
1873
1936
1573
736
1021
367
437
355
928
1771
866
888
1463
896
876
508
627
1971
1463
627
2023
255
1869
1729
1415
627
1622
627
1463
1618
1751
1909
37
1502
1222
1224
1235
104
1020
1222
1464
1224
1226
1242
1222
681
1655
1625
1743
1493
261
2
1965
9
61
51
1743
1973
773
1222
818
1973
885
1493
937
669
1495
1124
885
1494
729
856
1183
1361
856
1282
1368
650
1305
856
871
1339
1024
607
109
485
1723
650
1934
870
1748
1748
1748
856
1749
1030
485
485
508
650
1049
256
339
2047
494
328
671
1245
473
341
330
462
369
961
43
2047
961
1069
508
62
2047
358
358
1456
153
929
2047
199
198
941
1246
143
108
926
851
1523
1455
905
1268
1523
435
1235
1510
1181
100
554
713
4
248
31
170
1718
96
332
143
39
554
545
224
976
1523
1523
953
1784
108
1791
1454
1454
193
538
1016
738
133
2010
508
2000
2000
932
405
2011
2011
2003
193
922
859
194
1696
927
194
867
166
867
536
537
1845
536
536
536
1736
1624
786
791
294
791
867
1056
777
1030
1031
783
1393
611
133
603
1393
347
2013
1049
347
1046
1050
278
1852
1879
978
813
118
388
408
388
1631
87
82
458
1718
1718
1718
417
788
723
458
886
348
1868
1026
1771
1919
1859
333
1536
1734
1085
1135
1056
1728
819
1026
1136
1919
1919
307
1674
1919
1912
2025
811
167
1451
897
826
828
2006
20
1438
1439
1899
1341
1316
1893
1470
1059
1451
1895
1817
1056
1117
1323
1537
2024
1471
252
1456
698
538
1456
778
1057
778
2027
1833
539
897
1734
93
2018
539
1537
461
337
342
1106
1547
1330
261
1662
1578
1594
492
261
1421
1950
357
263
1421
688
356
810
356
667
810
1215
810
1150
810
1041
1750
1734
1741
1740
517
956
956
514
1054
73
184
1055
175
946
994
802
1412
956
1043
458
160
1700
1433
1056
1744
1744
1503
72
1030
108
1446
1452
1442
102
109
1759
896
651
103
1432
1758
160
1674
1946
391
424
440
112
1500
127
1251
237
230
72
1248
712
725
1895
167
2046
716
440
716
1205
1758
946
1690
1693
1662
88
1675
2023
333
1691
444
433
1205
1999
92
432
1178
1250
1251
172
682
33
21
36
432
92
1531
1052
746
1525
755
259
1904
1177
930
1419
433
926
1395
1316
1417
419
1210
1289
956
951
918
240
1804
1888
740
740
275
744
1203
1199
348
682
348
348
744
560
1129
1468
1217
572
1896
1164
826
1039
1039
62
1902
1199
1901
828
1029
1151
1165
1165
2001
365
746
62
1459
1459
682
273
1603
1579
1787
1792
384
2041
287
164
1228
1709
1198
1371
744
1311
1306
1306
1309
1373
1221
1258
1542
1545
1226
123
1198
1372
1325
1325
1324
1296
1327
763
759
85
718
1499
121
925
232
222
1614
1291
1603
1614
1138
1884
684
1614
1914
1137
436
1056
536
143
1614
536
1823
552
552
1146
842
302
342
328
1604
1147
479
1544
295
1932
1397
144
82
524
1120
704
684
1567
518
603
665
710
843
1786
856
1255
1396
603
320
1156
849
2024
1424
1135
1562
1139
1146
81
270
129
949
949
957
129
2024
1970
362
617
1145
1151
347
346
81
1585
421
1563
1711
1815
486
288
803
1821
649
536
347
762
803
346
336
288
1705
2026
1026
1085
1455
1456
1457
1821
1426
1465
1922
1821
933
1567
337
361
1705
899
937
1705
1287
1704
1309
686
1705
1541
1556
933
151
151
743
502
113
122
625
865
876
889
743
732
122
53
113
667
1872
502
2026
1836
1672
1993
261
474
1372
1309
682
1124
375
336
293
336
872
534
1607
900
940
231
83
958
801
1607
872
803
363
915
904
872
1749
1953
1736
1607
1623
995
1220
1218
1630
1003
1220
651
517
512
1227
376
141
1622
363
1143
124
378
1135
1141
165
1607
467
275
375
275
947
1915
1075
1232
1910
1111
1232
1938
1910
1622
1859
1859
923
1859
2035
1631
1862
1641
1850
1604
833
1072
810
1341
886
1554
840
816
1906
870
1284
1232
1301
1861
1072
1327
553
2025
1963
1434
1163
816
1513
606
586
628
1323
800
1323
896
1286
942
1659
1659
209
1969
114
1971
209
145
126
1855
829
7
1799
1882
946
947
830
944
945
1202
145
145
1210
1209
1209
647
683
1159
1499
699
697
1995
1339
1826
697
1480
1509
1509
1970
1768
145
924
1282
996
742
369
1918
254
996
1511
683
1039
1792
601
1113
601
1232
1050
1195
939
1582
281
647
369
444
1913
1351
1763
796
1936
1894
1349
1917
820
968
798
825
146
1942
1163
369
1305
369
1049
1936
753
1648
1629
1619
1531
1110
1034
619
1105
546
1621
1109
549
1242
549
1242
1711
1080
1891
215
1884
1614
1710
1937
1002
1880
1102
1102
1358
1880
477
477
280
1645
467
1716
1880
1580
1781
1971
1198
971
654
1438
1441
1792
1971
1718
169
1668
1880
1742
1680
1612
984
1880
1911
1612
1611
1635
1635
482
1443
313
83
80
168
749
1501
841
903
538
274
320
1412
1196
53
1533
1111
817
313
1789
1788
1010
1532
1239
1402
1010
803
1341
1488
368
803
1418
159
842
1844
1345
436
984
1989
1987
820
312
1046
1038
1048
1295
1289
1041
1044
107
1907
258
114
113
1710
389
11
1412
59
507
1188
1805
32
491
258
1577
348
9
1088
1632
834
1661
559
1088
1190
1639
1632
1413
660
985
585
393
985
1848
2047
1152
1451
262
1429
1425
148
1362
64
231
7
4
206
1769
1366
64
62
1162
491
1366
1366
1168
1233
987
1805
1960
1965
915
395
915
801
922
794
2021
1353
1805
2042
2024
501
585
392
392
985
925
1123
1088
1640
443
182
1638
1597
1637
1639
1653
1110
1805
620
1190
1393
611
1281
718
898
415
898
412
755
755
447
415
468
414
1367
50
1298
1293
887
1334
1457
1688
1216
561
1373
1374
1432
1437
1011
1094
1291
1395
2000
1701
1393
1352
1393
2023
1395
177
178
1633
1823
1827
1814
1321
1633
1314
1451
1314
1658
1454
360
1456
1644
189
1293
1638
42
927
1658
354
1361
973
561
561
561
1946
1343
1583
1697
852
1355
1162
920
1002
781
1946
1130
923
246
89
445
429
420
89
1326
1282
936
1199
226
1763
817
444
402
44
839
62
42
822
830
1141
1670
1650
1181
1804
1243
1400
1730
1662
1129
1361
1853
411
411
836
1815
835
1842
1611
1663
1187
1187
1997
849
1141
780
777
1181
1997
1190
1360
262
559
544
262
1098
1097
545
1269
1360
1522
1611
1468
1640
558
559
1468
1008
1010
959
835
1004
839
1008
903
1564
826
1162
255
782
1468
1564
1570
1567
255
1567
278
672
1564
1482
1485
1488
268
1396
1365
101
1482
682
96
1118
1094
1271
1185
1131
345
1128
1482
1094
1250
1482
1135
1924
344
42
1194
181
49
42
316
135
270
680
597
488
258
1611
649
1149
374
448
649
677
597
379
479
51
1611
58
884
135
605
366
331
181
237
1611
152
144
680
216
156
625
629
579
1184
1257
318
1111
1264
1206
1692
319
25
39
319
977
995
992
200
1883
152
278
597
597
1829
532
1201
573
543
1169
95
536
400
1124
1664
793
340
1157
402
284
475
1561
1402
1391
1124
2033
1388
407
472
365
1944
365
2005
1884
1896
1896
1884
1946
1212
407
1788
1918
340
1918
332
332
713
475
980
428
1662
293
825
62
713
44
340
1767
1000
1891
1891
770
1215
345
2000
1894
713
1134
1338
627
590
2046
713
2031
1894
861
867
351
1041
1861
2031
1771
1760
1536
1545
1041
274
1106
1629
1041
1623
1531
1041
248
1040
1161
850
924
1891
852
1870
925
851
1803
1149
1267
152
1051
1396
1243
2002
1438
713
2000
412
280
1751
122
412
940
132
1732
152
1744
165
412
412
948
1683
152
1596
1729
152
560
1594
560
1592
420
1436
1304
792
1676
1769
1574
1582
792
449
1172
1118
1433
1417
2046
1533
1328
1287
1933
497
1214
497
1581
1139
449
358
374
346
334
366
284
1941
1060
1098
1370
268
702
305
1829
1917
1370
702
1868
1862
1370
1904
324
372
1370
390
50
1538
359
6
2006
2006
445
13
212
875
589
1826
675
438
1084
1630
1138
444
436
13
1132
395
304
304
261
1293
680
1340
432
1436
1306
418
926
207
210
466
381
438
1640
438
1640
296
310
373
1616
1826
1640
1616
1603
1616
1609
284
176
1590
108
23
929
20
17
184
74
185
155
1538
20
20
1495
1507
1504
929
1970
1901
1903
1573
2030
1538
995
2033
1538
929
1188
1742
326
186
1251
24
16
744
19
1347
711
1998
1492
19
1048
441
959
1048
1115
1392
929
183
1048
151
1732
2041
1048
1594
1537
1492
1684
1492
1035
1695
326
1573
1671
1697
1851
591
414
162
1032
1662
1233
1181
162
172
1035
75
20
1707
1709
1774
191
1067
1066
1620
47
626
608
1247
1011
1553
1553
1553
699
1094
1630
931
1347
1238
1011
1247
955
626
142
957
1222
168
1189
56
48
1189
1732
1811
1525
43
49
2026
1222
1450
1198
1445
1198
1186
1144
626
1186
1189
1149
1060
335
1284
1525
626
1785
422
556
364
334
1850
421
1435
334
556
1827
556
45
212
117
84
1414
1380
1009
1520
1011
818
556
1031
1377
1769
1379
978
121
1314
1369
1418
158
121
249
91
1369
2002
225
1769
243
1378
499
494
873
1831
1831
873
894
1915
150
1860
1769
1206
343
426
343
9
9
652
121
121
552
1169
1168
1114
788
1977
343
788
664
690
86
415
1887
89
1231
942
1769
695
515
512
1887
359
572
749
769
357
357
802
1016
274
1016
357
928
169
690
357
1059
698
1281
1934
493
1934
26
1929
1945
535
1470
1933
559
954
579
616
876
1977
472
493
26
1594
613
755
26
493
595
1117
614
614
614
615
472
1833
1235
493
26
1873
1824
1882
472
1235
705
952
1828
1470
1451
2033
2032
1447
2032
1117
2034
2039
1117
84
114
1531
910
908
1375
802
291
1367
1366
291
1366
1089
1416
372
494
1367
891
1284
1469
380
832
585
1449
652
903
693
1376
900
1866
1839
449
397
415
433
1829
2036
1579
932
1461
1658
1658
1369
717
898
898
674
1578
900
2026
1337
927
494
813
772
74
452
903
1461
438
1646
900
1470
1970
1982
432
1975
910
294
910
102
296
1626
1600
1356
1623
1206
1337
514
1598
100
100
1337
735
1448
704
1653
1077
1120
1169
1175
1448
1209
1337
1018
231
284
187
258
375
1076
1076
897
1104
307
375
1077
1651
267
401
1281
1280
383
181
1787
33
1076
102
37
931
1354
47
1076
599
599
523
111
1004
599
1003
1038
1787
1736
1448
1738
905
120
169
120
1247
909
789
1448
1013
1487
757
1013
5
863
1797
1116
1116
1116
966
1797
327
1423
1909
557
197
909
905
1917
853
1171
1256
65
137
137
635
137
523
563
942
2042
1831
137
1841
1486
1080
1154
1116
1219
1917
1793
1964
676
1220
700
679
1154
1219
563
1487
563
1250
1218
563
837
1212
1795
1926
1988
837
860
1253
757
644
1250
1155
860
1155
488
1696
435
1611
1607
430
485
1119
1310
731
79
1809
1646
1570
1646
1560
1569
1561
1581
1810
445
1809
439
1646
1709
1809
893
1561
586
1561
828
223
810
1369
651
76
903
691
1096
1098
1258
76
1917
1809
1274
908
1272
1719
453
1368
1310
302
440
446
1900
1719
1718
821
892
1335
1252
1140
1181
453
179
968
466
873
1088
75
282
67
984
980
958
757
959
713
91
787
641
1916
968
1889
88
64
1887
1711
1359
1414
179
852
1359
349
510
322
90
1090
107
27
536
178
1409
444
1959
1166
1174
1505
179
976
178
1955
1569
1752
2003
66
872
1715
976
2022
1597
811
1181
1453
1480
1182
1951
893
1698
893
1177
1697
1697
1040
1823
1043
1626
1697
1697
732
1544
685
1544
51
814
111
137
161
48
1626
500
1252
346
154
1286
325
323
260
377
1626
1249
1659
180
1340
1329
1637
1632
1687
1810
1512
1165
1221
1216
36
1390
1499
1501
1159
36
182
1152
1243
1976
179
156
226
204
1027
111
98
482
204
69
182
57
14
1172
1027
145
153
740
2037
887
482
160
886
1292
878
108
1180
160
1098
1322
338
1010
832
324
369
1180
362
353
453
1322
1646
1322
1928
30
1322
1588
1920
1935
1775
30
1934
482
1933
1450
1648
61
178
1445
1815
57
358
1626
1454
1103
1101
1113
358
1710
755
730
755
616
354
57
1710
1113
57
1709
1990
456
1574
482
1768
1772
1708
1650
1769
1660
1769
1662
438
453
1953
717
1400
717
1384
1710
726
1432
711
1958
1308
952
169
1298
1398
1361
1303
169
1308
1710
165
850
1995
1972
1972
1308
1308
1238
2012
1467
1851
1617
1617
1456
1308
1725
1635
1646
1013
1309
1809
1617
1705
1269
1617
1764
427
1698
1898
1779
1808
1788
1808
211
1898
484
1898
484
1309
1112
1246
236
928
1269
1125
883
1143
1705
35
1163
1725
1309
1307
1370
1351
1366
1180
1566
1542
1238
1566
1269
1735
388
1625
894
883
882
1132
1047
882
1565
1267
1940
1997
1941
1990
1047
1088
487
1091
458
1090
1292
1133
220
630
1628
1267
608
725
1375
603
1674
1860
1270
607
833
1133
577
603
1810
1860
1404
1675
1759
1757
110
1757
583
264
1810
309
1759
94
94
220
840
1038
890
1604
94
734
1047
732
5
707
749
6
521
1308
1304
1373
1300
1591
1375
1284
1311
1684
892
1094
1687
1021
1269
1263
923
1205
477
977
851
366
220
220
930
1394
373
464
374
850
94
634
833
44
833
60
1015
264
60
356
204
1162
906
205
155
847
1406
869
878
957
589
1427
866
2005
1200
1161
1497
1425
1613
1208
1286
1163
1175
1016
1606
1
8
795
2027
610
123
999
611
1016
1603
492
1903
756
933
526
756
141
117
532
1318
1767
1295
409
1698
13
649
1278
795
646
640
862
1152
808
1278
862
977
913
2027
1595
641
1072
977
2006
1859
1912
1084
1889
1884
944
945
873
1554
939
2006
1050
1713
1663
1054
892
1050
289
242
1613
1715
139
1718
872
783
1718
428
1991
22
1697
807
807
160
2030
1991
1554
429
1627
1326
1053
1038
1326
1642
1035
1736
1386
798
328
328
980
1015
1857
1832
1882
2036
829
1861
930
1014
828
525
827
930
83
831
525
948
951
948
977
1940
840
659
2035
1560
1936
1908
2035
1457
2027
1457
1424
1468
1546
1305
1034
900
1120
1604
2030
1471
1128
1312
1471
1098
923
920
923
1310
1035
1150
923
920
1137
736
1098
736
923
896
754
754
941
1768
896
1734
1116
1687
516
130
47
754
950
1769
2022
1658
2016
1870
165
2016
356
700
2022
818
1291
512
901
1669
97
512
1142
1144
75
541
672
735
541
72
954
907
1460
921
954
801
802
912
11
463
102
1627
935
723
1775
382
521
904
182
1735
700
703
50
151
1003
140
712
140
703
993
993
1237
975
779
1001
74
1547
1903
517
1901
189
901
1565
1951
74
1569
1525
1466
1446
1527
1526
1516
1528
410
410
95
410
1307
95
684
66
1307
66
95
410
388
95
983
982
729
731
499
1578
1257
983
1683
161
1680
371
380
1257
566
2
1175
496
17
566
152
1772
371
1314
499
371
1065
1856
1863
1391
371
1856
1643
1218
1638
1225
975
1318
1641
1641
565
1292
621
1490
620
621
1391
1230
621
1209
1489
1078
242
1489
936
1056
1460
1325
1471
1078
1039
196
1489
1391
753
1325
176
35
754
754
1038
1123
1325
1691
2
245
1014
236
441
1689
1376
1390
1391
1547
27
1334
731
1547
1988
1419
1439
1766
1766
1539
1539
1025
1007
569
569
1138
569
1120
1390
1321
245
737
743
1007
72
97
664
1778
743
714
641
1157
674
1869
974
967
985
1913
363
1885
1915
1914
363
270
1835
1689
967
544
359
967
1039
1379
303
1801
199
902
762
195
1320
1788
198
1627
1722
1720
2010
1526
2040
1700
1758
762
1151
831
1151
1061
828
1061
516
373
516
1526
1812
198
1031
1168
1777
683
1813
552
486
437
437
317
550
1114
567
552
1239
317
194
761
957
957
750
839
1974
1974
320
1975
1813
480
87
1586
320
1586
579
1707
1584
1705
578
1555
19
1700
1700
199
199
623
722
19
155
1766
1766
320
624
320
68
468
1382
1381
52
593
263
199
1109
52
1247
199
1216
1464
243
635
313
116
115
283
117
1109
809
913
1471
897
913
1294
1374
786
942
863
382
1932
385
1751
1294
1750
1953
1460
854
1333
941
910
1333
589
915
1582
850
730
2046
390
1833
850
1333
1875
811
398
1282
850
1337
1287
1578
1281
850
2006
225
1018
804
804
846
927
2006
934
848
959
786
846
133
2005
773
934
767
1917
1960
1917
846
1002
1601
1006
2000
1999
1920
1931
1934
2007
27
2003
1791
1220
2007
385
1536
1953
1536
266
1955
1492
203
142
140
1917
400
151
385
400
1537
388
1338
1331
1330
1537
385
635
384
1081
1081
1847
1490
1052
1541
1052
1081
1052
160
1146
1981
1041
1220
70
32
1041
276
1954
1315
282
1315
1954
1052
674
1314
674
2004
1174
1807
1985
2004
1797
7
147
2004
948
15
1950
171
191
7
873
12
915
950
1950
585
2004
1985
1954
1405
948
1505
1669
837
1311
1504
753
1504
233
753
1718
459
886
708
2028
1505
674
152
940
134
1273
2042
233
1978
1273
1273
934
1069
601
885
1107
1905
607
867
589
1954
645
676
1273
701
746
769
1272
1978
503
31
505
1627
2038
1288
1475
1355
953
1342
16
1318
2045
29
1342
1031
1028
21
1637
1042
1037
173
1785
1978
1637
418
1637
427
583
1112
583
142
742
1160
1254
1488
438
1637
20
1258
1707
909
909
826
831
1258
1258
1708
843
854
904
906
905
646
1201
1201
2021
1852
1248
1268
752
1236
1885
1708
1273
1227
2021
1232
457
2042
474
2042
1878
2046
1248
1897
1916
1370
1268
1294
1891
1593
1283
1593
1259
1485
1915
312
312
1705
977
1368
2028
2028
2028
1368
964
998
799
798
795
313
1370
203
1173
151
1880
1087
689
849
150
1485
999
395
1003
961
603
145
764
540
144
774
1127
395
1982
1158
395
774
1473
395
915
915
915
912
398
399
780
132
132
2038
1485
169
164
1401
780
1435
1284
1341
1340
164
912
1211
1987
647
1018
1951
1211
643
228
1795
1113
643
1485
252
34
253
1485
1188
1188
248
1485
98
506
504
1188
506
1056
1056
1873
474
1091
105
1064
623
1091
470
1571
475
104
526
1635
1188
1639
1982
1030
98
1590
214
1481
1074
456
1021
437
1590
1198
1894
1238
1894
1484
1042
1982
1107
159
1042
1982
1014
131
1982
100
845
27
272
173
456
230
698
447
842
441
384
861
965
27
2019
2037
28
29
1050
861
1605
1616
1835
1623
1895
278
1623
702
1623
438
792
1835
1378
865
1835
811
1798
1798
1050
1798
1798
1898
1715
488
1619
1611
1600
1199
456
1703
1703
1898
21
287
1857
489
1234
1027
259
259
305
1027
283
1121
759
1149
1029
222
182
491
154
849
554
753
481
182
481
506
1898
294
1533
1045
1045
1045
1045
568
464
1533
494
23
1207
336
476
827
40
42
291
827
1637
220
554
1422
663
1423
669
766
411
1435
1800
411
1898
783
1609
1004
1015
662
1054
1383
1298
1994
646
554
641
1188
1823
1245
1994
1053
1591
1055
1080
1610
220
1084
982
1082
1941
1940
1915
453
453
200
1263
780
1136
1610
1815
1627
1816
1609
1840
54
1473
194
1624
1571
1174
1194
1174
1248
1713
53
316
48
1199
1667
409
810
1795
1357
778
12
789
1795
828
2046
1172
1172
665
231
953
2015
12
665
1455
568
1371
1600
1219
1738
1517
1659
1421
15
22
793
35
1082
1628
115
123
1629
1628
1342
1845
106
1628
1591
115
1112
46
909
35
1820
56
823
830
865
1140
1806
783
1809
246
660
56
1428
1304
568
391
1294
1130
1428
1124
1128
28
28
205
205
1845
1582
531
1765
244
1250
1269
531
391
1100
1765
1112
582
1231
387
1408
841
1627
893
1126
1517
927
477
479
1761
433
1405
1402
1517
1405
53
311
1761
1675
1692
358
57
367
356
244
244
356
1663
68
68
204
927
192
717
563
590
56
588
731
1158
1188
731
1517
1140
1129
113
113
126
126
972
73
1597
141
78
1070
881
1126
983
983
1593
983
983
706
1294
706
706
706
720
59
972
602
1456
244
989
246
571
1956
1140
2023
567
1396
1627
1898
859
1590
246
862
862
1617
1661
1661
1304
1393
1300
1455
957
936
1626
59
1625
553
848
1883
1649
552
1650
848
1924
1258
1920
1189
43
300
818
1393
799
792
1478
798
823
1204
611
1883
619
210
1883
609
1546
210
1883
550
1753
2017
1951
1552
1676
1951
2017
382
1372
211
1372
1309
1919
1552
211
1372
1372
1918
852
1105
1910
989
1793
1815
1914
1907
1170
1948
1929
852
1922
1663
283
280
116
1708
1923
178
1238
1401
1778
1238
389
1780
389
391
2033
425
582
1140
1295
1314
10
636
1432
2038
570
636
445
445
570
413
1913
389
636
1119
389
1048
812
570
570
40
308
307
389
308
168
1864
311
44
402
54
1479
358
1105
335
1772
335
335
1650
1649
1906
1657
1905
1649
1652
355
353
353
1702
640
640
634
565
390
565
1922
335
387
1894
1768
1264
773
594
16
1270
191
1260
1515
65
1165
1670
367
239
772
1798
1166
1645
1476
1767
1474
1482
62
1505
84
1019
772
1482
1276
885
910
638
1620
252
1672
773
1889
7
58
1621
1916
984
2011
120
1850
1482
252
1666
2033
204
1195
1448
1535
252
204
1514
1454
737
691
695
10
2045
751
1568
1482
2037
217
217
185
187
128
587
1543
15
1559
3
1556
515
15
713
690
1396
526
583
524
443
1789
1711
2038
1229
2040
1851
1178
688
1237
225
217
891
206
95
464
102
1406
746
581
748
1348
748
2032
2033
1933
252
607
1396
1933
899
1922
2008
1396
1604
1103
727
727
119
1147
741
119
1224
2003
741
2002
1396
222
741
125
258
1860
1103
1277
1173
330
1777
1119
1242
1078
1277
1131
1147
125
2038
125
1092
375
1881
1555
1018
1018
1551
1148
1776
847
448
845
1776
451
1213
451
1864
806
806
806
903
1137
806
1776
647
1174
1776
1339
1147
1317
1795
1315
1297
1174
149
1444
1528
1447
1155
172
464
163
1297
1423
954
637
1590
695
1626
116
1189
465
695
465
733
668
664
1474
394
1291
629
1479
1291
1778
1297
45
2031
2031
55
899
1507
1513
334
1516
1516
327
311
55
350
55
126
228
1946
1985
1432
1524
1985
1985
1773
1958
1673
1673
1724
870
504
628
723
1524
20
811
382
931
784
387
602
433
314
818
1524
755
752
752
1524
605
180
755
311
311
678
1964
1956
817
1713
631
319
602
1964
1965
318
313
678
290
1975
1975
1101
1102
1811
1057
1055
315
1811
837
678
352
838
678
180
631
1061
978
1173
1420
978
271
863
877
877
859
1256
1597
286
1234
116
276
16
52
23
1633
22
1089
1338
622
615
714
1338
1956
614
1970
1957
1664
586
1342
615
1832
733
720
1544
1089
1431
1452
1187
1780
1840
1875
74
1310
1317
1281
1089
1089
1374
1389
78
1465
1819
2047
1819
917
475
1780
930
1233
1440
1668
937
935
1016
475
1130
1974
1158
1977
1176
980
1342
845
1613
1622
73
1849
1914
1615
157
816
1996
1996
2043
823
829
206
1460
1195
1411
1681
1510
1503
1433
1506
52
220
813
138
1849
980
148
797
776
827
202
115
787
116
117
117
890
1875
1108
977
1348
712
1105
159
1353
977
1355
451
740
266
412
409
793
409
52
451
1707
704
1701
1266
2015
1634
1647
1647
1884
1694
1885
170
2035
1885
1332
1334
662
1152
354
1174
1800
1343
1343
1992
1440
750
804
750
802
406
1420
1149
1993
1304
1056
750
571
553
1056
1014
1010
1010
1440
526
466
715
1559
466
606
1345
483
581
167
1604
607
1893
524
607
1912
606
483
466
78
466
69
754
730
64
187
1347
1347
487
462
207
1461
981
982
1157
207
1601
988
985
1990
801
939
163
1276
1461
1461
859
1059
162
1058
1075
694
1057
1030
1824
1734
1831
1129
559
1032
1461
1119
1792
1171
365
396
1825
495
1825
1827
1836
985
1837
1217
1837
63
850
354
671
1766
1766
861
857
354
861
861
1766
1404
1699
1696
1704
1696
1791
831
63
1644
1644
431
429
1276
354
32
1766
910
1128
1888
24
28
1802
1195
679
365
364
1818
374
1818
1265
436
279
366
404
399
401
1195
1025
1195
435
440
424
1025
968
946
1129
558
1195
645
1264
1476
2011
1476
885
247
985
901
885
901
2025
1804
1804
1595
1719
988
1815
1717
1007
885
993
781
780
914
1724
884
1228
522
540
89
988
1266
1279
1264
1522
1514
1228
1270
1276
1240
1576
1279
1278
553
1228
68
1228
1516
608
1437
1435
518
1879
1834
2031
75
105
78
78
1040
1661
146
1106
382
944
914
123
909
944
945
146
945
1318
1717
1318
615
1292
1292
1716
1968
518
330
320
1630
311
1630
1979
553
1716
1509
924
924
1793
1980
1772
1509
372
1506
1481
375
1493
946
1509
1289
204
1504
1899
1510
105
703
946
946
1434
691
1570
520
722
1536
722
1610
1744
1489
1803
722
839
1716
1267
1093
1573
1267
1476
1995
1093
1167
2044
1315
1815
1315
1316
1294
203
1744
987
987
1815
229
974
1576
1416
1653
229
1813
1267
1650
1806
1814
452
340
323
1346
325
1022
614
1267
1132
813
911
1888
372
460
1899
1020
1005
377
465
720
1759
1403
759
985
1402
652
1655
1329
15
722
1335
1433
1435
1895
1990
1879
1003
1927
1989
1988
1011
1018
1307
1376
368
871
89
1441
1650
81
1899
1132
1467
1454
1986
1204
111
1986
1134
1175
1653
174
174
1364
1838
654
673
822
1364
1838
166
1778
1851
1791
422
1586
1848
167
254
768
778
1211
773
772
776
1211
1209
1058
1025
1125
1193
1039
1362
1846
254
1303
1670
1583
1851
1541
1571
1572
1541
1653
1615
1600
822
275
1539
236
788
236
824
875
1689
236
236
1366
402
1882
1857
45
822
80
180
595
716
707
592
1362
822
1318
1417
180
1429
41
1436
1362
47
1624
124
260
290
478
1627
474
1420
373
865
819
1113
569
776
804
709
838
1113
830
831
1362
146
99
67
518
31
1627
570
683
289
686
518
1624
707
564
566
518
1126
1045
288
1118
2035
1072
1946
1752
1625
1345
1624
1122
1072
898
1277
898
1827
1234
1122
580
597
1268
1831
1669
898
549
686
681
1282
899
518
1259
316
51
1098
1285
1669
51
566
549
416
375
209
603
1896
428
1989
1989
863
589
899
1335
865
591
1098
1190
1248
805
1248
343
471
1202
421
1357
1357
192
8
476
1154
12
110
1402
316
821
797
858
57
859
465
844
1155
2002
776
1320
1261
974
99
1002
97
1005
574
1020
112
1677
1285
1667
1037
1770
1025
1849
1803
1803
97
974
476
75
98
1285
745
1532
745
654
745
1902
256
1532
1859
1859
146
1710
1907
438
955
439
641
927
272
920
938
766
767
767
646
745
766
273
1657
1648
1025
1128
658
261
292
310
745
317
1817
784
798
1817
783
618
609
624
300
799
799
1831
300
1541
1936
1595
1889
21
798
1059
1058
1837
493
419
783
2032
1764
24
1112
968
32
1904
1115
1895
1067
1836
1576
1837
245
1904
245
245
1064
245
70
42
2033
1624
1624
1581
85
118
1624
42
118
1558
21
167
1530
1080
73
102
128
1086
1592
1780
840
804
821
1554
1082
1433
1425
1415
1224
1116
1096
1530
1530
1568
1554
256
1861
1730
1914
1776
1804
1730
1862
1128
1516
1060
1913
827
1260
95
1079
55
1530
73
1582
587
1855
1577
129
1841
232
48
94
34
1027
772
55
771
1031
1884
1828
1847
773
1620
147
1856
1910
1839
64
1577
1669
1299
1583
1950
1397
1950
146
766
1341
1143
1213
1141
1341
1909
1214
1880
1542
1880
76
1135
1268
1513
1880
1264
102
1270
1516
245
95
1543
1880
716
1618
716
833
1747
1787
1770
1764
1770
1787
1750
218
150
781
92
1733
94
286
1890
218
122
1913
1911
218
1770
195
1770
1729
1986
1929
195
1571
1846
123
1454
1450
1446
1450
1770
581
391
218
697
391
557
124
1704
557
391
1699
391
445
1846
588
1686
1700
124
557
204
471
1549
468
123
384
1724
715
256
631
710
871
712
557
442
1710
557
424
1669
1178
1669
1275
1236
1231
1521
1236
1414
384
65
153
436
613
1548
1283
1273
1540
1515
1534
208
1702
436
1540
1672
723
723
726
510
1393
1239
1068
1182
1182
247
845
65
65
19
31
1098
221
77
1143
200
64
78
1457
221
1958
1958
170
170
1958
1394
1860
1635
1377
1139
1377
1065
314
1380
1075
1075
314
861
1145
266
861
860
860
1288
844
1949
1840
1846
1864
845
1949
1864
817
611
844
405
1936
1456
1936
1439
405
1317
82
1139
1383
640
856
1071
1381
1285
1284
1380
1380
1379
687
1590
404
242
226
1382
929
642
910
666
655
511
1007
740
995
995
759
1006
1711
1377
1071
456
1377
73
1704
758
1190
551
751
995
1453
1453
761
1190
1260
1270
368
247
1270
509
1645
108
75
851
511
121
109
708
37
1241
1932
37
2002
717
1894
2009
1267
1756
2001
169
1747
1747
8
1871
333
1076
1226
1087
1140
1195
1068
560
565
1821
854
851
529
529
1065
1546
1546
902
1221
1193
955
1120
1221
1303
298
1301
1954
1122
27
1891
1122
1000
1262
1871
1000
748
519
1436
724
1929
1436
1208
1932
8
552
1195
835
397
1151
1077
1193
1231
1216
1226
1191
1515
994
1928
91
1191
146
1607
138
1195
339
4
7
1191
357
725
616
133
690
181
725
728
620
1191
1599
1261
134
1146
1938
1918
1192
869
869
941
1871
399
394
1757
2
9
1938
1758
752
1938
683
1261
642
1032
650
484
848
485
1801
36
82
2046
1250
484
484
1289
82
82
1425
1436
1288
672
1928
1928
1217
1032
770
560
943
918
916
1776
1023
82
303
901
915
1250
776
779
1849
1849
1747
776
1746
1601
1695
1600
1790
2032
1755
1495
1218
1695
1518
937
1830
1429
1174
1237
1693
777
1278
611
1531
1233
1101
151
1693
2017
207
781
1701
1701
780
1376
1681
799
2031
1013
435
1070
1012
1012
1997
1661
2033
1028
2033
2033
64
2033
1106
1826
1561
52
1012
269
1997
271
263
275
958
1686
777
405
1008
1686
1686
316
1052
17
175
176
549
161
160
263
1572
939
270
1577
301
728
827
1552
763
1297
1296
319
329
784
1329
1476
1313
1313
108
1271
994
611
1332
233
253
1333
238
547
1888
1332
1335
1340
387
747
1000
707
1268
1279
1001
667
1984
1861
103
1178
328
329
1907
653
509
653
547
1499
655
1985
655
1989
1984
1942
547
1544
481
1346
1544
723
723
423
429
1776
292
35
1539
1942
1944
1658
1238
278
1511
35
707
35
1527
388
1656
618
1940
1570
1877
1692
1325
881
1692
884
831
292
1132
889
652
677
1325
481
1692
1975
669
1877
676
481
481
733
2027
1468
1114
1450
1448
2027
265
455
1116
179
126
179
1797
6
2029
903
1189
1791
900
421
2022
2026
1401
1569
120
1504
974
1977
997
1504
164
1690
1245
1977
1889
1890
1902
1797
440
2042
582
1129
582
1365
948
38
975
38
38
38
1246
718
38
38
1363
674
1259
1523
1283
1226
1101
1103
674
1233
1676
174
1707
1165
1695
1283
1391
609
857
568
591
599
1293
693
1114
1338
857
1691
1835
1924
1926
1691
693
2019
1539
2021
853
249
372
1044
1043
1043
1339
1105
376
853
52
1161
591
1161
612
1061
1196
662
1442
109
506
505
979
425
1442
109
292
323
1256
2029
1658
1775
1636
1655
1130
425
1657
1421
756
1730
1589
425
1511
1344
221
425
1090
756
1795
1794
979
8
1440
100
520
120
98
1090
1754
1039
1327
1292
273
1318
1594
1417
1543
1285
684
1046
1044
1662
1055
680
1051
1683
1051
544
544
477
544
415
409
618
1671
1050
544
227
1338
1039
1755
214
848
239
906
1501
905
1683
618
479
906
906
1082
379
680
1755
1039
1039
1322
1068
199
633
199
1881
1777
1503
1659
1613
122
808
619
449
477
260
1267
1393
681
681
1777
219
681
1599
1777
223
1777
133
1080
134
681
2023
2023
1022
1012
809
134
66
1014
1483
68
825
1313
1299
1392
487
809
1447
809
133
1447
1811
64
1085
1085
891
809
1427
1345
891
1466
1533
1344
1532
1697
1589
1427
1717
1177
1779
1551
452
1610
786
452
1217
771
786
318
1690
1109
1035
1373
1217
1792
1249
1685
1826
638
1671
632
387
1685
1572
1685
1685
1433
408
413
1433
1318
1291
1573
787
944
944
501
387
893
1056
1249
1030
1790
624
1790
1779
1056
1071
1070
1622
1071
517
633
513
601
1716
567
1416
1416
620
1252
832
1316
1252
1317
1714
56
1305
1715
1435
1714
604
200
1098
221
1551
1098
220
1714
955
198
397
315
141
813
1546
1371
2004
557
717
198
95
155
1794
1794
1823
2004
1546
987
982
981
589
964
619
986
607
1129
888
1943
319
306
1242
1779
2007
1233
1233
791
111
1096
111
90
645
372
1083
249
1348
993
467
344
312
351
321
1374
966
311
1277
1350
2027
918
737
1329
1425
446
150
67
295
1425
1225
509
1839
509
854
1876
618
854
346
339
515
854
2027
388
465
888
1087
1183
1249
113
55
2
468
7
338
338
338
782
1878
1878
1022
50
360
338
1616
1619
1619
1887
888
1775
1616
1059
376
537
1861
1716
750
756
921
1426
694
1059
250
757
1747
673
1040
1305
1105
811
796
1876
1747
39
1801
49
46
1863
475
1913
732
1063
823
1306
888
1633
953
1423
11
639
1513
1667
1515
1633
1773
2005
651
296
292
824
1514
795
1515
43
788
813
778
410
1775
1907
410
912
410
914
1817
1886
943
1672
1651
1818
1775
431
1650
989
159
1474
159
797
780
778
798
1608
1614
1614
1907
1915
1949
1943
732
1925
1941
1942
1172
1937
1939
1948
159
1184
1708
1593
1629
1688
1940
158
1184
1166
1438
1166
1184
1653
1317
1694
1248
1672
950
1672
989
1672
1259
49
1371
447
437
447
1668
646
647
950
436
441
1202
1200
267
671
238
1802
662
989
47
1405
1405
768
1626
1665
1664
1666
768
215
1666
1680
1769
875
192
875
1566
1802
379
1950
1948
375
1734
1938
1802
1756
1365
1356
1770
698
1284
1338
1307
1698
422
1967
1785
1208
1448
1785
1802
1378
1967
1524
912
1771
1372
1372
1729
923
922
922
922
1729
911
701
907
989
1001
1001
510
771
1022
1745
1673
1696
1067
1967
1857
715
701
1708
1967
1066
715
92
1706
783
715
469
957
1345
956
463
1890
1898
966
1949
1578
993
468
1084
494
957
368
1430
1351
1527
1351
1473
487
371
701
1372
1344
696
1357
1122
355
493
1146
1148
1790
1683
1506
1506
957
715
1784
2022
2022
494
1428
53
188
1295
167
134
382
161
1444
57
2019
756
367
276
1545
1241
720
1444
510
1241
169
166
1778
166
1921
1773
547
1243
547
1921
1921
374
755
157
329
889
1288
1938
1939
1203
1938
1768
1768
1633
1634
1111
1633
2007
1752
1219
2007
1446
1404
1378
1445
969
241
2007
703
81
223
2002
2002
703
1446
300
1508
475
1395
1223
1510
1773
227
226
1364
971
1397
1427
1073
1073
393
368
226
1468
1468
316
1833
1427
1908
1874
246
1857
1857
1941
80
1945
88
86
752
1416
1524
1390
1944
1516
1527
1095
1092
1295
1090
1399
1434
734
393
304
819
175
226
197
210
1386
377
819
653
664
653
584
584
1772
1774
506
502
655
1961
1963
446
434
436
292
1019
293
1019
320
1226
394
1700
294
655
309
296
655
775
801
1655
923
467
1648
1019
367
30
454
1707
768
31
342
768
76
1403
127
1394
1504
800
919
1177
127
1494
76
1016
655
1494
142
1510
1511
1248
1629
1250
1201
138
358
1055
889
1812
1050
1819
308
768
1842
768
735
711
724
713
1139
104
1143
807
1019
905
1276
31
1226
1226
1102
904
14
12
29
29
166
1609
1108
1609
130
71
71
258
806
801
1609
1044
1609
844
1599
1599
656
1599
1587
568
263
2045
866
868
656
626
629
104
877
658
1867
655
1855
861
729
1131
110
2042
1829
1865
1802
1798
891
1836
1280
1283
1294
723
705
1126
412
412
569
718
522
1132
534
1402
1132
662
642
110
899
899
1465
748
847
1465
898
703
1976
1228
1099
1954
1029
258
1613
1604
1133
1621
1606
1600
822
1351
1099
1147
1665
703
2012
2001
802
1670
1062
1149
1670
1185
1310
1467
1402
191
220
700
968
498
797
796
1092
1800
180
964
534
1793
1793
178
1086
1670
329
334
330
1561
1742
255
1323
1253
1617
1005
1020
1021
809
306
1013
45
45
1106
1048
539
1798
63
1029
539
142
519
35
513
167
1519
796
1323
1314
789
1253
366
366
380
882
381
1127
912
670
1342
911
1343
255
894
1330
1044
1519
1820
1822
1071
1807
1519
1795
1821
709
528
515
840
884
559
1519
534
224
181
880
982
245
1644
1930
1930
1690
1771
1771
1230
1230
1691
1919
1229
1207
367
354
1918
782
572
1375
782
572
1757
1253
27
17
188
1496
782
1367
1408
16
1925
1991
597
188
376
376
376
725
1757
616
376
1840
1828
1481
880
840
1828
1273
782
105
1832
1832
882
1824
545
1824
525
1825
2021
1359
1825
112
1984
1091
662
11
1451
1507
1907
1987
980
1451
1451
112
112
469
476
448
1986
27
1083
1081
1876
1986
1083
1742
130
1055
1742
1792
384
450
1731
360
457
461
336
460
1294
1379
129
362
362
130
441
1353
2039
1352
1389
1385
585
65
565
1900
855
1680
565
1673
1088
1519
797
470
1775
2019
695
1658
761
65
726
2018
987
1476
654
1520
1232
1632
1511
670
654
1159
1997
795
2012
470
324
1397
780
1407
1833
1404
1465
1364
1277
1492
1475
1465
902
775
775
1244
897
1246
855
1240
1147
1150
1256
148
1119
1641
1638
1766
1638
148
1116
1263
1641
122
126
124
113
113
287
506
276
506
1897
1262
1256
491
277
2030
999
326
999
1621
776
1731
377
1654
75
613
294
294
598
1284
1692
1671
1703
1232
1235
597
1493
1506
1504
1179
1103
1097
779
1383
530
1493
1441
96
96
569
66
1467
487
1753
573
575
65
2013
1753
1939
1960
1753
739
78
351
66
460
473
1765
279
2015
409
2031
2028
949
263
1445
949
1753
1694
1447
1441
1833
990
972
1933
916
1059
1460
1059
916
1058
720
1920
618
601
622
1310
571
461
460
1525
77
457
79
1436
1827
157
1529
1694
1237
1242
498
457
2028
1240
2031
1242
478
863
843
1382
1378
1920
1287
1020
1023
1439
2036
1995
1240
1362
1996
1712
573
1353
47
1994
574
1052
907
90
1101
72
77
1445
1445
1445
79
1524
1818
1818
710
1995
1980
1830
1650
864
666
867
864
1787
1186
1613
1787
80
664
1187
47
826
782
782
1809
1155
1717
1065
1038
1721
1045
1087
971
1671
441
424
1580
1103
1561
1930
990
2001
413
1717
410
1717
414
414
848
443
1930
414
2001
79
1526
68
1503
984
654
29
1734
497
79
1981
1652
868
1622
868
1413
889
1423
568
1145
925
1526
1157
1915
1068
360
1313
1315
1464
360
1931
1460
1810
1931
1777
131
174
591
591
1027
1273
1066
160
1308
360
1548
334
586
572
704
1548
188
312
1692
1667
984
984
980
794
992
1690
1237
1121
1237
334
1558
1809
1034
1036
1067
1991
1951
1785
1439
1438
938
1059
1981
1222
933
392
392
931
1322
371
1305
489
1087
476
1266
476
956
360
61
60
43
938
56
679
520
484
360
430
1265
548
675
198
520
209
1980
213
1536
1414
205
360
204
204
1464
239
1251
1947
1634
698
1634
93
54
185
1414
1085
1305
1266
318
794
93
823
880
1740
531
728
759
1395
721
628
1682
1992
1989
530
1395
1911
670
1395
1740
1479
1395
827
1738
820
1201
541
1207
411
1736
1201
1352
1682
543
832
1652
1297
1935
1935
853
1935
1931
1088
1870
1154
1680
849
1305
1297
512
849
1905
1906
11
1089
471
11
1913
30
476
1109
378
1109
1447
1659
379
379
1447
1664
432
886
1388
298
1652
1190
434
1203
438
44
1199
1905
608
1911
260
305
1142
1142
260
895
605
552
1309
672
1774
605
687
30
30
876
986
1555
682
1257
1259
839
1359
30
1548
1048
246
1548
843
1654
282
1381
1900
119
818
119
818
948
1403
1788
161
1403
1403
1203
1900
1788
81
1194
1431
870
1439
1046
1900
870
1819
1110
1228
242
30
1760
1900
646
1403
1373
1542
148
1611
120
1337
1510
838
1887
1612
1317
16
1887
227
209
331
226
1547
191
1129
1886
981
330
1887
940
810
18
1207
1207
138
1667
246
1380
307
411
1775
455
412
401
387
1260
464
447
449
558
940
741
264
273
947
600
625
1511
742
889
1506
940
1136
742
947
940
750
314
947
1511
1511
1462
947
1459
1380
808
295
1822
191
22
436
1135
1062
816
497
23
1062
1127
436
1454
1456
1003
1196
1250
1456
247
247
247
247
247
448
782
31
776
769
1155
772
191
1896
1802
497
1627
1895
1390
1891
1834
1834
1281
1576
1757
623
1455
1387
623
623
1455
33
862
558
445
33
859
1763
113
44
1698
166
847
1387
816
133
1060
1292
185
509
73
1386
1547
1540
907
1403
614
725
1767
1292
502
623
508
1201
986
2018
1277
1182
1182
1178
509
1179
1237
1388
65
90
1421
83
223
391
1761
784
820
1390
398
391
822
827
1883
396
47
1070
1950
1816
438
1817
75
981
88
955
955
1579
1053
439
1338
1247
1247
1461
1461
1461
502
26
285
694
811
285
846
1986
694
1289
246
1772
1192
1204
134
1732
173
1853
70
846
1742
513
953
953
846
1366
1194
246
1925
1403
1782
1778
1751
846
514
1449
463
1207
1262
1196
463
1235
651
1864
1282
1306
1832
244
1235
32
1676
1678
1471
37
1309
526
194
194
1478
194
1427
1453
1305
554
975
701
1469
988
1398
1313
89
514
83
1862
86
83
91
514
669
701
93
80
93
1080
93
1076
1080
1087
974
998
338
321
68
632
997
632
1613
1067
1399
2034
1449
78
1613
1475
1880
437
1449
570
2024
570
2002
1334
1746
1977
1449
361
968
433
2044
1503
392
215
1095
1305
2045
2045
1389
1475
1854
1886
1205
1527
1010
1017
1527
1013
1008
1527
1973
1974
1973
1974
1974
2040
1589
665
745
1567
1566
1886
1206
2017
2046
228
622
2018
1527
243
1147
243
1568
1247
1226
1812
1568
1517
1527
1218
813
223
1141
1813
548
529
352
189
69
293
529
980
42
574
1375
68
42
548
1596
1597
1599
1597
71
1599
854
1375
582
1139
639
875
874
668
1136
732
362
675
858
858
441
821
1876
1857
1847
818
1339
1327
539
818
2001
1210
2001
234
357
69
357
2010
900
901
904
1863
1875
1981
1972
1972
1981
1980
901
901
1606
1875
2010
1871
1334
1514
1605
901
1421
1996
1999
1827
1518
1175
1235
1408
1169
618
142
136
181
1856
128
796
617
385
1149
1122
1148
1148
1884
1886
255
398
269
426
426
275
395
395
737
370
24
164
239
1154
1154
951
951
397
19
570
498
19
610
608
1653
1808
824
24
1820
891
1821
1821
1334
156
156
1974
1378
1395
1804
156
1929
1402
1280
94
277
1975
1969
1969
228
49
39
1326
1184
877
196
1064
239
316
48
53
877
894
1896
894
602
1184
760
744
1893
539
1648
871
889
1184
347
1229
888
1208
1556
1184
1925
1796
1935
1105
1556
43
698
1040
863
541
1036
1728
1787
43
1785
978
1893
893
1371
1040
1922
699
1965
894
462
894
699
1510
1531
1519
1266
699
699
488
464
343
684
342
1408
881
876
149
697
1940
751
681
870
751
662
1472
1473
971
74
1331
1854
1408
1852
1408
1331
1113
1408
879
1329
403
1853
1852
1113
870
325
1767
569
1081
186
262
870
55
390
1472
569
366
690
405
38
489
36
981
39
1023
1472
1372
1847
37
36
1325
186
1587
569
1685
1902
1038
1969
1058
1058
2011
1674
1685
1587
78
781
1969
1724
669
651
1421
1234
2027
1273
1522
1971
2046
64
1830
475
1723
569
397
1846
695
321
1407
1398
797
1352
1945
1411
797
165
165
1363
1363
694
1131
699
1429
698
689
1010
67
1206
1010
1797
702
702
1104
694
1841
1131
1036
218
1017
1040
694
103
1481
126
235
259
1206
1483
868
865
336
329
328
328
553
521
601
1638
1338
1878
1653
552
364
364
1845
184
943
1528
1522
1530
943
1866
818
1252
818
1255
1638
512
80
949
948
1638
103
680
1848
513
683
682
1841
683
777
1359
1345
303
693
1301
1550
1309
1349
650
680
651
1238
877
96
142
877
355
839
400
571
97
852
549
1480
1674
838
1523
1512
1380
303
1801
235
2009
605
1673
687
579
2009
201
223
1126
623
223
461
466
769
772
210
1126
772
1801
836
813
836
874
988
497
1480
988
1886
93
1352
1384
1384
93
1372
1908
1908
1908
502
710
1837
1884
1628
1260
862
862
1258
600
1392
601
502
1723
527
1990
2024
2018
1990
1802
1820
1819
1522
1522
1702
1815
1451
1445
1445
1825
1490
1445
1825
1097
1097
1646
1640
1907
513
135
864
1705
135
1110
145
1789
1110
2008
152
153
1727
1825
153
810
145
2008
1034
1467
1425
1078
1816
154
1425
1425
643
1807
1823
1071
1487
1727
1036
643
2010
924
643
642
924
154
1998
793
346
184
858
1029
131
131
184
1029
1801
858
1707
1033
644
1704
1705
1788
1611
1863
525
103
154
1196
1872
624
1872
2015
103
185
1316
1896
185
1825
527
1160
1640
1641
1226
197
154
1641
1578
212
1477
1643
478
373
248
1221
228
612
1896
596
784
1166
140
140
1642
762
138
1643
988
762
1166
976
967
642
1643
1189
1477
1253
2014
1939
1678
1218
642
1229
1805
758
1653
1652
1814
521
1477
1822
1477
368
259
322
325
1770
322
393
389
1219
1794
57
322
1808
43
567
567
577
752
1160
1162
1515
1521
1125
1770
184
1530
792
325
377
184
739
559
795
576
1254
1252
578
146
762
793
758
1196
146
1194
183
984
1231
985
1847
138
405
625
1641
1617
1616
688
629
639
311
639
610
1866
1632
664
837
856
755
1519
863
1303
650
573
864
1512
1906
1512
1302
1866
1302
1885
1462
1011
953
1111
864
229
229
196
1462
1677
931
41
1419
1312
196
1418
1313
893
1313
1833
400
1834
1860
1865
1461
960
1943
1518
286
286
1697
975
286
1819
934
793
794
286
1512
1632
1870
158
1860
209
1621
899
908
1994
1998
947
158
158
112
950
2029
85
211
211
994
994
1394
1955
1394
726
337
111
166
1593
1950
1572
839
144
1551
739
629
1430
61
25
504
480
1632
2015
314
752
49
229
1091
1257
1632
1963
49
483
671
1091
1349
1571
648
658
1373
769
1320
6
1268
872
872
210
247
209
630
137
630
349
349
411
450
1847
1172
1267
423
52
1808
113
769
272
1843
272
111
1240
1240
624
866
361
370
1385
110
1501
1157
361
1295
1406
1312
361
1054
578
1293
198
141
1802
95
1003
141
1022
808
141
962
583
1035
1764
1885
1883
808
104
1883
970
497
962
1049
992
507
1816
493
1000
1890
1890
1890
265
2026
1865
1783
1599
1568
1452
1454
1454
273
1453
679
676
1466
1105
1110
507
1963
384
460
460
147
23
135
141
659
135
1594
507
1348
985
640
1912
1275
975
960
1781
301
1575
1829
1715
139
1778
1575
1348
104
1701
310
1241
1244
1496
1368
1443
315
1237
1277
1497
1497
1018
219
101
1581
803
1496
1497
1961
910
1961
1581
310
1142
1159
2047
1976
1200
1156
1232
1590
303
1590
1591
1976
687
1014
2045
681
1505
1171
1155
1200
1976
1546
1177
830
86
2008
87
85
91
1232
2009
1976
2008
1999
1446
1446
2008
1518
1444
525
1397
1380
1399
1037
1406
805
132
1087
1087
1078
1377
1565
1161
1171
132
1774
1168
1677
1762
1955
1752
805
1829
1928
1902
805
235
805
1752
1959
805
1377
131
828
1427
1037
805
1604
1499
1465
1604
1465
670
1454
1452
1470
1097
1321
1317
279
1421
279
256
131
257
1681
87
831
83
440
541
498
1110
291
1079
399
395
395
1079
388
441
1110
343
1688
565
395
1411
179
1110
1411
1650
330
962
1319
1173
147
1772
1119
1773
180
266
962
205
470
962
288
1322
962
239
325
1173
1712
864
1755
0
0
918
7
866
866
282
1979
867
434
366
486
399
390
6
1403
282
1404
128
1497
128
128
1477
1485
1040
1479
1104
1109
1541
1542
1007
1542
1174
1005
1738
1978
1974
1978
1978
1829
1174
1196
2031
1153
1542
1979
486
609
1009
616
115
1145
891
1449
1214
1978
1506
2030
88
270
1135
114
1474
1475
1712
246
242
1506
988
339
99
1979
1923
1935
2036
822
253
1979
838
1713
270
1989
1160
1594
1989
1063
1160
992
205
1944
238
587
1063
545
29
1549
238
1549
1987
1968
545
664
733
1483
1995
1474
1483
1549
1285
1483
1309
1280
1280
541
1752
318
1844
1845
163
1754
318
318
918
1963
1963
951
1437
107
107
808
1437
298
1979
1962
1973
1973
1855
318
2
1115
1853
609
609
2024
55
2032
279
760
277
1115
1235
830
1183
218
1183
1367
1061
1350
1480
1386
1373
1061
836
1061
1060
1548
835
687
1548
2043
327
1984
1922
583
2012
1925
784
784
1437
542
1862
1812
34
996
1815
1558
1815
767
1192
34
996
996
767
1736
1736
310
997
340
1590
997
785
975
901
1104
975
1589
869
1589
1005
839
156
475
475
1912
17
124
2024
25
1573
1706
156
27
1125
1104
1001
225
1903
1889
276
1904
363
1125
743
349
363
911
351
1349
647
180
1159
239
1640
1350
1436
1345
1350
422
1347
1347
888
875
1925
1925
875
893
1640
1106
888
863
1982
1980
500
878
1104
1107
1842
1228
501
217
1739
1495
1000
1866
1102
1522
268
1525
496
1507
1510
1159
779
1170
1511
1229
271
271
465
465
878
477
589
327
870
1982
271
211
363
1976
1021
1021
1344
1500
434
1326
434
1342
1503
1765
1774
30
1771
1767
1763
1083
1083
1910
1083
1083
149
1939
149
434
1722
2039
1876
1877
154
1503
725
763
721
1389
1867
704
65
270
1322
624
624
625
634
634
434
919
435
1296
919
368
1434
1681
340
1716
368
647
1934
1844
915
435
641
1011
918
1612
743
698
738
449
1612
449
1653
641
405
1865
1324
1514
1949
1872
1905
1657
1711
1906
1905
1830
1367
1905
692
643
1660
1906
1905
1467
1412
1290
1951
1994
692
1992
285
1954
535
1145
1042
1865
1355
1040
924
1355
1105
125
1347
1145
521
1865
1354
1351
500
1354
500
1600
507
1347
354
367
374
267
1327
1952
1170
369
1644
397
1101
1657
722
371
1599
1600
1952
546
1894
1952
783
776
1459
1921
1158
763
3
105
639
1459
1459
1574
1529
1310
1574
1954
549
1639
1516
1643
1564
1564
1633
1639
1459
642
1356
1179
1682
711
679
1320
647
830
1358
828
643
636
1053
196
1053
196
1450
1865
1358
333
1320
1431
656
603
701
525
1103
1101
115
1092
1169
656
1004
952
1327
1004
1872
1874
1019
1016
528
1430
574
528
448
448
2021
1873
1591
81
64
902
142
1591
154
1886
141
6
774
1179
81
525
803
140
450
1434
347
1880
474
521
341
800
1093
346
477
800
1468
1406
800
1220
1400
1093
1093
1467
2021
1334
729
1952
980
981
991
986
1029
593
763
1059
1430
1085
1365
593
1062
1058
1059
1057
1778
1635
1392
1854
2042
1048
1093
1443
1094
382
1858
1443
1825
1952
1655
1355
1952
1775
763
821
1952
2012
1345
50
1443
772
1941
50
808
829
891
885
812
1079
784
819
721
844
845
1730
845
1727
1077
1306
1078
750
683
724
1858
147
1443
1491
147
409
496
1103
1491
1666
1712
1949
77
25
453
78
24
795
795
799
27
419
496
1026
751
79
1611
1818
1819
829
972
626
1818
496
307
1184
1184
1407
1462
1407
1322
938
1532
1424
235
202
496
814
1726
1768
717
942
1629
939
1768
952
940
1768
139
1633
1786
336
336
717
620
6
148
1598
137
148
523
206
971
1007
1264
1107
991
1585
1270
1122
1146
1083
1026
25
1149
1768
969
1684
1781
2004
2003
364
79
1241
487
1236
1966
1275
28
588
2015
69
1551
68
168
1781
467
523
94
1595
364
39
546
1788
42
747
746
575
1781
101
454
1619
94
546
1304
1984
1171
1504
1619
1727
590
557
556
557
1156
1156
1869
1849
824
825
190
913
1865
5
2024
14
1848
886
5
1313
973
294
101
1313
1313
1886
99
886
990
1886
2016
1886
886
254
1571
1571
1640
825
928
49
49
932
933
289
1864
401
1789
1570
1867
57
733
289
59
153
734
710
1571
1111
1111
1488
574
519
1111
92
2024
1693
535
2024
518
1782
1488
936
69
1423
486
2001
486
119
484
887
1975
2001
310
883
92
1906
1858
310
161
1087
1027
394
1859
1830
394
748
1855
1840
748
748
1679
751
1440
1632
1108
824
729
1440
795
798
731
792
937
898
1911
567
1911
729
565
1799
2006
826
1989
90
882
567
92
1796
937
177
503
166
278
1565
1565
278
1563
278
566
92
1108
1416
1418
161
1430
161
1230
1168
882
1227
1245
119
1169
543
1108
677
1108
415
414
889
473
390
67
1418
308
473
329
91
1359
334
285
285
2033
241
1269
167
225
1587
169
2032
1788
543
398
452
410
452
315
454
313
455
410
453
291
239
313
2047
315
862
862
2000
117
117
1953
233
1953
45
33
291
1981
636
1981
490
1159
1208
488
488
1578
1578
657
661
661
1460
1461
848
1469
121
210
851
106
88
1752
781
1752
996
849
1924
1924
2030
1654
1578
1643
1472
1551
188
13
1033
191
724
189
996
1578
676
2020
960
677
687
677
663
1896
1900
2020
761
686
804
1188
1751
604
1576
1079
1683
1785
804
1127
2020
1531
684
1531
681
2007
682
672
854
1202
683
1671
1669
1187
409
843
2008
384
2007
1202
832
832
746
1203
1656
1553
1353
1538
1549
1197
66
1399
746
1812
1993
1249
440
1398
1949
2034
161
285
1703
88
83
226
1618
284
1249
1203
805
1615
1973
1477
1394
1394
1187
1516
1401
2020
407
406
1758
1758
1997
662
214
188
1996
35
1997
1640
1645
229
229
1523
1231
229
1558
1390
1383
1706
1407
1057
229
1064
1371
1077
1079
743
1348
429
559
46
851
1367
1771
1367
1915
1912
1911
1352
1621
1129
1126
1026
1411
1118
1621
1431
1460
1460
1471
1462
1964
1730
1312
1731
1730
1479
1731
182
1328
653
1731
842
254
829
1964
1304
754
382
558
731
1077
1078
1080
1072
1687
1686
174
1080
1076
1251
174
1249
679
830
681
373
1291
1291
302
302
841
675
1299
1700
558
214
1264
302
1916
751
1299
1530
517
1550
1715
517
522
2024
1558
1569
517
522
517
1892
405
1892
277
830
389
880
1950
277
514
708
1408
708
279
1856
1089
279
1020
1012
1834
1885
1247
1013
1013
694
1578
1973
1277
1980
1923
1581
1722
1564
1133
1133
1133
515
663
694
1332
1296
1537
1557
906
1233
1340
1296
1328
1212
1141
1334
1424
1214
711
536
1229
687
765
1097
1133
1427
1088
1543
1923
210
1689
1665
1686
227
196
1257
322
1429
1904
309
1596
1596
1589
1269
1782
671
631
888
1684
41
1948
654
640
666
645
1639
1685
1601
41
1665
1601
904
1053
958
902
1948
2016
449
1692
2016
1714
535
1570
565
227
1246
132
1948
324
1021
453
1522
342
1947
1210
452
1269
278
183
1975
470
1210
1234
1255
1636
718
1602
185
1636
1636
1993
1948
2011
2024
2047
1686
1329
1493
1177
1506
1492
1480
1171
214
1161
1236
78
187
789
558
575
1686
1909
717
707
575
1681
947
2016
1180
1175
950
1895
1397
1187
1166
1203
1397
1154
1222
1899
855
157
206
1681
1996
205
205
147
1991
183
973
975
44
307
1602
999
998
998
261
1724
1054
669
1937
1343
336
450
1332
538
1334
651
749
1051
718
729
1842
308
1729
462
891
884
935
886
841
847
690
760
935
678
935
572
935
165
226
629
1337
685
935
1937
1282
1981
1828
1726
1061
2022
1979
1726
1726
1726
228
1980
221
1968
951
196
230
910
951
1061
571
100
1596
1597
1222
455
761
574
1888
756
730
538
790
339
1866
756
332
461
730
1889
478
1156
102
760
1180
1213
462
1496
193
1973
203
473
510
1980
806
806
1496
474
201
802
806
791
500
1075
1763
1085
1755
473
1964
347
1964
748
1474
987
1975
1962
1969
886
1174
1254
1239
1522
337
477
347
1035
866
882
748
991
28
1355
1896
1308
1700
1700
1379
1212
1275
1799
1420
1379
669
667
1764
1762
521
1616
666
667
1586
1791
1080
666
1076
1362
1369
1748
521
659
1934
103
1415
1748
1746
1474
1885
659
1915
1838
763
1879
1037
1144
1977
982
1116
1116
428
1414
879
819
819
877
1274
630
1129
1453
1453
1805
1687
1009
537
1021
103
952
693
1120
48
107
1346
127
699
503
1233
81
720
1169
1347
1120
258
151
1792
127
1387
1387
258
1135
1386
1328
1681
1457
1109
1695
1428
1458
634
1453
1681
1800
864
599
1838
1695
1993
864
64
1349
99
1045
1348
635
1107
272
125
258
1696
101
1128
506
81
261
266
311
51
51
377
693
1104
294
292
1133
1598
1744
1582
1734
5
1746
2018
1773
1485
1507
257
1449
1605
635
1255
107
1605
1119
1114
121
634
1741
81
555
834
980
5
451
54
980
1806
39
1741
879
631
293
293
355
1671
1806
560
999
1110
563
570
1104
1003
970
387
999
1275
416
968
972
986
705
1435
1334
430
1314
416
417
1855
1847
1279
393
1266
464
1855
319
148
13
128
150
319
1812
27
1400
1400
1400
658
493
765
1616
1266
1804
1584
1557
345
1555
1834
1190
967
881
1806
507
499
1745
1483
1749
647
470
1296
1377
1377
1979
1300
2037
372
1300
646
1444
956
658
1963
659
1585
1784
470
956
1358
998
321
347
1886
775
214
321
1359
1497
901
1530
131
1176
773
167
1760
969
773
1591
1749
821
165
283
489
1802
1817
831
489
694
768
768
1829
1428
1872
836
1828
1867
1166
1765
856
856
1770
1802
555
1745
976
1749
1500
592
976
592
767
1740
607
1741
694
409
2041
1402
658
1616
946
946
1583
1962
1774
596
1130
1629
1256
1966
1973
1349
642
1360
3
1966
1289
1361
645
373
645
643
642
1285
1463
371
399
1047
188
219
1046
1045
219
474
475
3
620
26
462
1045
219
551
188
219
52
578
1127
1399
681
64
10
3
769
1353
151
157
951
231
195
507
976
678
965
965
991
951
733
960
1122
230
1198
1027
961
1399
1570
581
1991
1926
1797
1985
1984
1798
1598
1243
733
228
1524
1872
652
433
1872
397
464
585
468
464
447
1582
44
37
32
585
201
193
574
528
225
528
1745
1064
773
1521
1516
1867
1510
40
1582
628
1598
771
606
588
833
1578
708
1255
1509
40
792
1205
733
1158
792
1255
1255
40
223
82
659
92
1431
86
168
1431
1006
1279
655
1007
1005
1612
1973
1334
655
1609
1310
1194
1973
1323
1851
1174
1271
1271
733
543
1478
1661
1677
1130
1677
1666
455
1478
992
1478
964
1476
916
743
1553
548
542
455
1824
858
148
921
1468
435
1424
1832
1424
1874
801
1023
2004
407
864
1424
435
2013
2013
1370
864
405
1869
410
700
864
1699
308
749
707
789
1699
22
885
749
483
1862
405
40
608
556
556
189
2004
557
1313
1767
556
733
2018
734
2018
216
966
860
860
1907
1915
860
1911
1450
1879
705
704
1878
1990
1878
1283
1930
1986
216
860
85
860
61
1718
161
548
548
162
548
61
162
61
171
1574
1539
548
1882
214
2007
1468
1070
1230
1878
1566
1273
1444
1729
774
1728
1272
1878
1883
1882
1336
1586
1336
1336
1586
1420
1586
374
689
383
281
1872
361
688
754
53
1336
116
53
116
769
707
1008
1552
1262
1008
676
1561
1111
1565
1668
1669
1035
1852
1852
1829
676
119
1109
919
1110
913
44
880
26
781
39
1498
383
1157
2038
1154
45
1422
1446
1422
1422
1447
907
286
383
287
936
948
894
141
781
935
1418
1419
1419
536
764
903
189
188
76
903
10
910
187
1634
16
28
359
136
2007
1054
359
787
760
1121
1005
781
994
1634
1054
959
1902
1903
1016
764
659
2007
540
1629
1999
1035
1629
1634
692
1634
675
394
443
189
1666
1672
1666
1671
540
1629
380
1929
189
879
1125
624
163
179
1063
679
147
606
1548
1124
71
978
70
1577
606
67
50
1407
1702
1715
127
1178
1430
1000
792
194
147
209
148
1665
1670
353
63
54
54
61
61
1439
102
1321
641
1239
630
1237
1407
876
102
876
1218
965
397
1422
1945
1951
214
1678
224
1665
102
102
1486
1389
1017
1576
133
1782
1485
1220
1016
1221
1822
1520
48
1016
127
1002
1979
1977
992
713
611
621
1904
621
1485
621
1967
1666
1486
1383
621
621
1407
1383
1080
1262
1262
1270
1254
1254
621
13
1581
1592
254
1496
14
1441
1408
1409
199
1265
1265
199
863
1462
895
1329
533
533
531
746
893
1443
859
1330
1497
792
1478
1284
1307
1281
144
119
752
667
1306
178
1307
157
37
1307
1086
1065
1087
1399
482
1377
495
1442
2043
263
1175
277
1170
1442
37
1453
1319
1319
8
167
8
333
267
167
880
890
1947
704
180
522
1466
1984
919
930
254
1099
947
1783
1598
1128
403
406
496
403
496
1786
266
1466
1204
266
459
1258
459
1747
1392
305
1112
305
378
191
304
440
419
2034
2039
945
1721
315
1721
1004
1953
1338
1658
1747
487
1980
1661
1963
2013
1593
1338
1593
1573
1466
1547
13
1407
1554
839
1404
13
839
1020
1141
29
1206
1143
1215
2034
1339
1102
1102
13
580
244
2034
1934
258
1921
319
1495
544
544
553
555
583
1534
580
829
2012
1488
1850
1494
1466
1169
1179
832
2039
853
829
2034
840
1262
646
1702
1262
1851
1824
105
1920
1340
1818
1822
448
767
2034
535
568
448
534
1923
1498
789
193
1498
840
251
88
575
907
773
770
789
1967
1852
1958
1176
2034
1560
1607
18
20
993
1340
1580
1608
993
1599
2027
234
97
1887
1863
1170
1822
1277
249
1136
1529
1774
1498
1170
1509
1863
79
309
512
328
1863
1863
138
1166
446
387
443
309
1078
329
1906
329
308
1986
309
308
309
665
1958
665
730
1763
789
1985
1550
523
1369
726
1620
441
447
269
518
1369
687
687
1677
394
171
334
502
1710
1939
249
687
45
963
963
726
669
1620
505
45
1507
753
1902
1505
891
207
791
1138
883
811
825
846
700
703
1148
1033
702
1343
1811
206
753
1855
1853
1727
1990
437
1727
1675
1727
1674
1166
259
1734
1685
1755
259
288
1590
93
317
227
235
241
1902
753
606
436
134
1355
499
1589
1352
954
604
647
1614
483
335
18
753
529
1500
1498
1490
407
144
1496
1884
158
1945
135
1785
646
23
406
1785
150
1945
794
794
794
1449
794
794
794
1533
1349
1349
423
1495
1509
1254
1266
1279
243
1266
340
1395
465
421
337
875
628
406
607
597
888
593
1344
1291
1350
317
1291
1978
293
1774
1649
1395
1696
1772
1197
1305
1077
313
1060
1060
1838
1972
1073
1197
1664
313
123
1753
1746
1504
1229
418
645
1709
1505
416
69
1875
998
363
363
970
829
892
363
363
1122
524
1123
525
1053
1838
1142
1020
791
240
123
212
482
1053
415
337
1944
1944
1944
723
738
722
757
736
728
1055
1197
1085
1877
1533
1486
763
1512
1851
399
1825
1055
1826
1384
910
1404
780
208
907
907
1944
1055
1430
1800
1414
1783
1783
1435
691
1409
1801
218
1193
1116
319
1029
1998
219
1164
1463
319
279
265
1260
272
1801
287
1055
1463
218
381
297
2029
1260
335
323
1774
1800
1800
1651
1656
1421
1594
1217
1858
1551
1723
1721
1723
1938
1858
1718
177
1995
1171
1478
1427
1252
461
1271
1169
1181
1995
1203
1188
1746
1858
1858
582
96
1858
1721
1862
1862
1409
91
261
1072
1356
635
503
1349
582
1409
1693
609
1938
1540
1693
711
685
684
691
1220
333
332
1308
1855
437
1609
1854
1854
677
1854
677
437
752
648
730
1755
1417
1647
1417
1417
1417
1417
1450
1448
1448
1448
351
423
286
1529
287
287
1220
1002
350
619
1615
622
1614
1621
451
534
1618
528
484
1224
1216
1524
1514
1243
1315
1615
814
350
1037
348
68
472
340
322
94
1615
1392
104
331
1319
1363
1383
1526
986
1332
979
979
815
482
461
456
1440
985
450
1398
1393
1378
1392
1399
1074
1761
78
1072
814
155
814
832
1726
1443
1073
1074
1074
1072
411
1992
1140
1631
1720
595
69
595
2045
1434
1434
850
942
882
323
830
1525
831
831
1078
1073
1066
1525
1072
1082
1218
940
1821
998
1221
809
1875
811
2039
2040
838
459
997
1266
381
1153
1153
355
810
1409
362
821
176
180
983
1726
996
796
188
2003
1699
677
1730
1576
1016
998
1017
2017
1140
2019
959
1614
1790
880
876
1016
22
176
1266
869
893
22
1197
22
904
22
22
1441
22
240
1816
921
921
927
1787
1816
50
61
240
125
1397
50
601
1732
1816
1668
614
580
727
1475
1405
1401
1819
157
1416
1161
997
989
989
1125
1127
1668
1125
1666
1148
1180
1122
1564
1187
1566
1564
1572
882
1189
1568
1928
1568
1180
1666
1401
575
1278
1278
309
1015
475
873
1903
469
464
456
465
513
1015
455
1158
338
2019
56
1901
562
557
338
1588
1723
277
1486
604
855
587
571
2019
1901
82
211
1596
96
107
1720
277
916
855
5
1092
1761
1275
1884
1376
431
1275
916
562
625
1901
1292
1213
1257
1269
418
4
1661
1667
1666
854
66
1679
1253
1213
503
346
1405
1515
1513
1660
1517
1532
1660
1970
1519
553
431
1115
700
1253
145
159
1625
1292
2010
1858
1859
1875
2025
342
1657
253
2025
1877
1284
1183
341
660
663
1673
1015
415
1675
365
1332
401
1713
1144
299
1144
1333
1675
1342
884
844
1286
1675
1433
1868
1864
634
1279
1370
1870
1346
1400
1848
1842
1846
634
297
1312
1620
1137
1675
1312
661
1312
1137
1312
677
2010
1364
1980
1897
488
847
1403
466
1403
1398
679
1975
896
38
38
1413
242
729
169
1172
130
728
728
896
1792
242
1618
1796
516
516
639
1554
562
639
1420
604
638
563
808
808
1156
1222
1156
1532
1442
638
1236
697
1675
1900
649
1721
638
1352
1422
1352
1367
1502
1352
1848
638
1165
402
1500
1728
303
1022
1794
402
852
1354
1587
604
604
574
1846
299
1832
1828
85
1559
604
532
85
630
1112
1484
878
877
1429
1589
252
1417
1304
1221
774
1225
863
45
39
39
305
1624
1988
272
1354
131
1347
1348
188
136
249
18
960
880
582
738
202
863
1287
744
1660
698
126
1520
168
120
1664
782
784
785
1520
768
880
858
1982
1982
926
1664
1903
1903
858
1888
299
297
904
1579
259
960
1747
2018
2026
313
1491
1783
1927
1665
1727
1467
1453
1927
1488
1471
1449
407
1194
1751
978
701
1035
1751
1690
384
442
437
891
113
543
226
128
684
890
1382
1669
809
1722
997
679
679
687
1681
240
1681
1665
1236
1178
1237
231
1234
1589
1585
196
940
230
1589
1588
396
407
1588
838
1363
1141
1617
1626
1139
1570
1585
1585
1360
1361
243
236
806
1672
806
226
1637
1635
320
193
238
1585
805
994
1585
1405
153
112
1223
770
1001
1714
1664
412
1434
1566
698
1667
964
986
1814
1820
1081
997
1081
1081
1706
1709
1558
1924
408
1914
1777
1762
1470
975
1664
739
1988
643
233
1381
232
1258
1501
1427
1256
1558
1581
1892
1463
1431
1340
1577
197
668
553
668
1025
1126
1961
1409
662
643
668
1988
455
119
118
454
1304
1961
754
247
241
240
241
240
241
1414
1230
2021
1912
1
920
509
31
31
553
543
1618
228
1655
920
1596
863
1230
350
7
137
420
210
1655
2019
1931
1230
1731
170
918
921
921
918
427
406
1230
401
427
47
391
1296
1914
1298
592
174
454
41
961
416
162
1931
1962
1976
1955
1916
1745
1560
1582
1541
1731
1543
1543
1321
820
416
1720
1720
819
1548
1017
959
1023
1548
1212
675
675
1884
1856
1857
1857
1876
598
1577
1113
1116
236
2030
237
2030
239
170
14
80
1722
0
1340
512
170
1596
533
80
1321
512
811
606
1588
1588
1588
834
1331
668
1097
1029
1205
210
601
1097
1329
1866
744
667
936
750
1846
1847
750
680
1210
680
1946
1684
170
1818
1818
1210
565
756
757
1691
1863
414
1652
1658
1029
1863
1132
415
1814
897
892
1835
904
1736
692
1834
1948
1334
1966
692
1487
1612
1487
1321
1797
906
380
894
1951
748
517
2015
1682
383
1177
1134
1197
1181
138
139
1682
71
142
929
737
1306
1281
1309
1837
673
1037
735
726
931
1633
933
1830
597
1633
1336
742
1795
1824
486
874
1486
1336
1993
1476
1489
1488
691
726
502
339
596
480
1641
689
1205
309
522
309
1544
1836
728
36
1321
1169
1172
726
1169
499
840
886
1568
206
207
892
1321
969
968
1350
972
868
969
1337
702
1332
1714
1151
130
707
1682
1683
1755
1756
613
203
709
129
225
1545
201
1641
1431
1691
223
89
1641
1331
1902
1901
1163
709
1903
540
839
1714
519
1558
1722
543
1722
376
1761
376
117
837
153
1546
1156
1429
1963
1914
1760
1159
1843
864
897
1744
898
1963
1843
859
865
254
350
596
509
419
1579
310
459
1112
168
134
1959
310
1737
1959
134
1188
1538
1532
1340
350
168
1088
1093
1134
462
144
1134
353
474
461
1546
168
462
627
735
1295
1720
1346
670
1999
1985
1988
1342
1295
1295
1918
428
831
942
803
1775
652
1080
1080
942
1914
1914
1144
1953
1151
1364
1148
256
1346
1571
1348
769
771
1214
1343
1572
964
1955
964
1359
1343
1359
1209
878
1202
1209
1342
1159
490
2019
820
1673
1431
1763
1673
483
1385
1199
1062
568
459
1431
748
1799
537
2021
516
1199
688
1955
1163
1490
842
1092
1660
1477
1162
986
519
2045
537
1660
537
1364
1426
171
1679
1279
1478
1137
1679
1797
660
1722
760
660
1142
1644
1205
353
1821
286
1301
1301
503
499
353
353
369
1809
496
353
919
314
367
353
307
762
617
1641
2001
1799
1636
2001
2026
2028
1722
456
595
617
1892
617
1879
595
1255
1480
595
1258
494
1160
366
1213
595
1966
1213
1201
1555
1555
139
7
461
1250
1142
1976
661
173
659
459
1344
676
556
1976
118
504
605
118
1941
507
459
416
868
959
703
741
737
868
1596
1534
836
1436
1597
1622
1596
990
1512
1680
1680
959
1680
207
1507
959
959
104
1647
718
981
1647
2019
797
999
513
264
244
1007
1315
262
1283
262
1326
608
593
244
63
610
271
451
452
98
490
63
1400
448
931
26
538
538
26
1400
344
339
814
637
345
2016
338
637
1551
533
1399
2018
1378
1376
684
645
849
850
611
661
462
450
511
1551
2031
803
654
625
1699
1699
1696
769
293
1446
1441
691
1444
1013
1677
411
1651
1950
906
1021
691
1571
142
2014
1852
725
740
1609
497
1615
1847
906
883
1806
1840
1806
1067
1083
1079
1943
1065
1010
740
1875
1874
1868
1437
1570
142
1437
1568
1010
405
396
378
989
972
1593
431
1806
1756
1955
1993
845
1756
816
715
233
233
46
1381
1590
1630
41
1805
1591
981
1381
697
878
881
891
715
881
1327
1492
1476
1153
1153
1803
1682
1497
268
1227
1224
1413
1227
617
1229
1240
92
190
120
617
124
415
109
1682
103
1479
149
253
1716
1378
897
1378
593
1717
1962
595
1962
460
635
639
217
90
216
159
253
460
1477
75
1965
137
618
1825
400
808
991
923
585
1034
1034
1039
1146
1147
1565
1938
1293
1579
1
1242
1
1956
1898
1239
407
367
1034
313
432
176
817
394
472
461
620
620
470
172
746
458
53
485
1295
1053
1393
485
172
172
592
573
745
1699
486
317
484
1275
1241
1293
1241
1515
981
988
581
709
582
596
599
141
1189
141
1193
317
1119
34
89
89
34
114
119
12
1723
887
12
824
858
1397
1053
1817
1323
1198
1931
1722
574
564
1394
1486
1679
1679
1238
1931
593
1238
1042
1675
339
1410
1674
1762
1762
804
1891
804
1020
734
1004
734
747
1415
1000
1620
401
751
1667
1891
415
1409
147
414
1603
1294
1293
1319
131
1300
1046
131
869
895
889
1834
1864
1047
1047
577
1849
1553
400
988
1967
1631
948
1553
577
1063
1655
597
580
1063
1103
597
981
1592
128
930
1592
463
128
1915
919
343
906
1199
472
1199
1837
463
501
242
1007
501
1003
1002
242
1602
1783
1601
175
175
1603
1843
1595
1603
1552
1545
1428
1486
948
1501
1843
919
1517
1530
1819
206
1535
948
160
757
216
1486
2016
2016
405
1486
577
365
1172
1555
1517
1482
147
143
1890
407
1655
400
400
1486
1655
1469
1438
1438
1438
1438
1529
284
1933
86
1932
240
589
629
1933
1935
1860
1499
1411
1923
222
1515
1447
1455
284
1455
1455
524
271
524
644
919
1100
304
1907
1100
1100
1100
1490
1820
1820
737
644
934
1533
932
1135
1135
115
2013
260
93
297
111
919
827
785
620
819
911
812
845
2013
1902
1899
628
2000
1725
1892
1803
1892
1722
841
1487
260
1
0
209
674
1723
1605
693
699
767
628
260
386
832
130
132
1721
929
129
936
260
1502
1562
832
211
1721
1553
439
1555
1397
747
967
1401
1311
2011
846
443
1668
1606
1067
1235
509
1244
1522
846
657
1236
657
240
83
1833
505
1592
284
1151
439
284
1897
1897
439
439
815
531
623
812
623
77
1613
168
187
163
311
1957
1557
1311
1557
746
1102
1209
1216
1789
311
1967
750
1650
1774
881
1650
1772
1772
746
379
382
383
1653
1648
1649
753
1650
1191
1650
1111
1491
511
511
1191
1499
782
53
1789
109
109
1088
1112
109
36
280
280
109
596
456
1511
1941
1511
1021
753
774
1821
113
1065
1816
1059
905
1048
1651
596
496
408
408
503
501
696
529
130
543
696
1750
702
335
1750
1007
102
1800
129
748
4
744
2011
274
274
186
1800
119
1954
1696
1937
1876
389
1790
403
2007
1877
402
1327
1323
119
2007
1068
1100
1821
147
156
1230
594
155
1911
943
770
992
1068
1978
1968
3
54
54
1867
26
2
1892
1014
1014
1011
1062
1345
1350
1058
625
1014
1157
943
1258
250
999
1202
149
594
1907
19
1569
1090
572
534
238
250
232
238
1712
1278
783
1571
1055
781
838
942
1572
935
1000
974
599
836
1679
1676
974
1712
1597
1865
627
1790
1400
746
519
590
832
506
1816
670
506
562
671
972
1827
1829
560
272
1829
1052
1070
1790
551
115
1028
999
321
525
973
515
550
563
128
1052
489
940
1404
115
930
1926
918
138
1012
1005
771
489
1953
1926
1055
1562
1601
296
1606
537
540
1610
1601
1600
998
297
542
1817
1711
1692
1692
996
997
1428
1489
1823
1516
1926
390
2012
435
201
657
2014
658
445
447
788
1719
435
604
898
1910
1719
1910
1823
1916
896
431
1763
1763
1911
1584
931
636
636
633
637
1074
1873
1898
1783
788
365
1066
1021
400
2029
2029
1027
511
663
343
1554
1898
456
660
1560
1021
1429
595
430
1410
1559
511
430
430
1543
430
430
539
1672
1457
1602
1435
1881
1434
1834
1424
1873
649
967
680
1079
1362
878
1378
1714
996
1577
1162
1457
1332
1154
1161
2031
1371
2011
1670
1673
1755
1746
1762
292
1957
117
85
1960
1762
522
363
1901
766
362
1190
1099
531
1079
1117
1458
1349
607
1119
1058
304
380
19
996
292
478
1754
507
478
1711
1518
838
856
385
440
450
742
318
316
1974
479
750
1539
1955
1921
510
1933
1475
1577
507
1535
1577
1299
312
1299
1515
1550
332
1647
626
1559
1575
508
589
720
1459
1367
604
422
30
1796
276
12
423
1797
1988
276
1171
1508
1176
185
1620
1575
1779
1679
1136
124
1137
122
1136
1138
1138
1574
1672
1679
1251
1690
581
2030
2035
2038
2009
214
1197
2035
663
201
971
968
968
970
663
107
791
823
121
6
1204
1
1205
400
1205
6
2002
201
400
534
2011
532
599
498
107
41
502
61
114
701
700
932
422
106
423
1701
423
758
1490
1494
41
1599
6
1540
136
1555
2010
2005
1388
2009
975
511
925
1388
4
991
5
1427
1492
1570
1429
1103
1803
13
5
1781
1810
1507
1031
1039
1984
1118
1532
1570
1529
261
1528
396
263
13
506
503
501
503
506
129
326
1986
129
326
1899
1507
19
762
1636
951
14
1647
1643
2017
1665
1674
951
1168
139
1949
139
932
1169
714
406
1428
1203
650
950
271
1196
1186
39
1609
406
271
10
298
1756
164
1761
1357
812
1746
811
939
1357
1512
946
812
812
1943
1943
1943
1783
812
814
775
1020
399
399
271
1731
1030
271
1676
1678
720
700
1809
177
300
522
174
1259
1812
1815
831
1588
174
1879
1091
1090
1090
720
952
561
497
1089
1015
1514
27
1144
1338
1196
831
273
794
792
275
265
273
1794
878
242
1016
830
754
242
1558
326
1018
1557
1392
1316
682
1283
1308
456
1316
321
714
321
423
500
600
629
873
873
1615
892
1046
921
162
1976
675
643
1959
1196
1976
1943
692
162
1992
136
1712
1992
1340
269
269
269
649
1603
276
1603
1012
1610
277
828
829
822
1012
1012
1869
1868
1817
1710
447
447
253
729
1908
252
1712
253
1825
1858
921
1908
409
253
1869
1562
582
1562
994
983
290
1812
1992
1992
1870
993
1153
1598
993
989
1684
1599
1580
1598
1606
1603
1
1815
1
1628
1862
994
290
873
578
2020
281
579
1678
1149
281
1049
1346
1028
1050
255
1025
276
1347
277
1861
650
1346
1354
1796
1796
1678
573
613
579
490
1678
615
1678
1723
1596
426
426
285
1886
2017
2044
2026
2026
1908
1152
662
1696
992
967
1633
314
767
1881
1723
1723
1643
1148
1642
1555
664
663
454
1565
767
1555
1538
653
892
893
648
1224
1226
1638
1410
407
1409
1410
452
1636
1723
1220
24
1195
1409
1441
1562
82
518
118
1193
1534
118
1238
1243
1236
994
1241
551
714
581
118
602
523
606
1144
84
1562
1314
1165
779
1314
74
98
84
1639
1636
1496
788
852
1750
344
513
1794
1794
1167
1320
1320
564
566
566
1143
1750
216
270
657
657
270
331
779
345
1501
523
987
605
986
553
986
499
523
1064
1501
347
2
1867
1064
1870
452
1270
5
1848
2036
2040
968
1247
1442
401
1442
403
412
1270
269
48
269
721
53
344
1490
873
894
888
1155
890
1866
1524
1442
1524
1870
1167
1832
1869
721
890
1949
1824
1006
1837
1164
725
1630
1544
1629
840
725
1787
1784
1598
1789
1153
972
21
21
1078
1598
112
20
18
2038
18
103
1539
1144
1544
1539
1497
1541
1543
1543
1200
241
1546
2039
177
1458
1595
1539
1187
1200
1472
1492
1427
1500
1490
724
1544
480
1180
1238
1101
1866
925
1192
1726
1724
672
1182
1458
1268
1293
1266
1274
1157
487
728
1364
1364
1273
1550
1949
615
306
333
1449
362
1278
1866
1841
66
1833
924
1182
71
236
1014
1017
673
1282
429
1340
429
484
499
428
1458
1418
190
613
184
274
484
381
265
307
164
165
800
1052
164
480
254
800
749
1539
1074
209
210
107
1789
90
428
1789
1074
778
776
1183
838
843
1790
1385
719
1901
1901
1208
1580
1790
1208
845
709
811
712
1034
739
719
1774
736
1422
717
1708
719
1785
1697
274
191
950
191
191
935
1772
428
1509
817
1557
1549
250
1548
0
1716
251
1144
809
1755
970
1261
1811
1374
0
1695
1690
1703
66
0
1702
1264
1265
1235
1265
98
971
120
1240
1522
86
618
82
1418
275
1418
1066
494
1066
491
1541
1066
1066
1943
1413
1142
1142
2029
927
1259
106
123
1760
2037
1216
1999
1897
1999
296
2029
114
225
293
1440
728
1440
1682
678
1682
1793
407
1440
1904
812
405
1859
19
859
837
1440
1443
65
410
622
556
408
842
1082
1877
1084
1082
1352
1347
815
800
844
255
1081
812
1138
1352
522
1852
232
1847
1853
604
1848
1503
1852
266
1175
1209
101
1499
522
678
1471
398
398
385
686
1502
395
988
42
88
395
406
177
42
281
41
1303
41
759
177
664
176
177
1072
177
1951
1063
1196
449
450
1538
300
535
1196
973
338
1538
107
349
1062
596
380
472
6
463
1033
2014
556
1443
1164
2015
938
938
938
938
972
1141
443
391
997
1420
1033
692
679
677
1441
1153
479
997
960
1134
450
472
552
531
986
692
1534
1942
1164
1980
1164
1961
1969
451
1784
545
1164
1856
566
546
1713
1721
1302
1787
1548
1211
1717
314
1452
955
944
1452
1717
1186
1203
1155
1155
1653
1091
1166
2005
1166
1117
1452
1452
1838
924
232
238
250
238
238
992
820
780
780
816
1838
550
993
895
1807
1656
551
1803
1598
1597
197
1452
1082
1807
1795
513
926
541
181
1085
1158
1158
652
1999
1756
1192
252
666
1835
1030
1756
1701
1874
1834
1163
181
1839
562
1087
1251
1180
739
1947
690
1027
234
1716
1995
253
690
1004
1061
1004
1716
1649
1498
1354
183
1959
1353
1355
1860
1606
1606
1620
1615
2039
1878
422
1998
1572
1496
1084
304
445
143
318
1828
129
1355
1355
190
438
1709
442
445
1697
444
1436
244
439
1925
1307
190
1860
2043
1426
347
1426
1520
939
1523
1526
673
334
309
497
1779
1273
719
505
1524
505
1750
1853
458
253
1594
1594
204
233
233
62
1742
1842
44
38
1310
2022
315
226
261
1865
1308
373
894
869
249
1735
868
696
699
750
879
472
1521
892
248
631
554
1311
631
1319
1317
1317
774
1460
817
1735
1750
97
1880
87
104
106
75
1916
1916
1895
1560
1899
1908
1112
245
1885
877
1885
226
857
331
307
1521
1782
1499
2030
252
1722
1579
1229
1502
215
1579
2017
2014
885
1251
1332
573
926
1333
700
2015
423
860
2002
1433
507
1859
497
1433
459
504
759
1276
1129
1833
260
1253
1603
1481
1508
1034
1728
343
1771
474
479
575
949
470
601
2014
312
610
535
392
1316
600
757
601
97
1346
1371
1673
396
1317
1354
1353
1793
918
467
937
1800
1317
1688
500
423
532
346
1560
1692
757
511
434
1689
1882
127
1612
1800
1990
1476
1990
1990
1481
101
1857
1856
2021
1857
1875
268
1069
540
795
530
668
708
432
668
668
662
1147
267
1143
404
481
1743
1751
1502
404
1483
422
29
304
364
1614
1165
1082
699
448
379
244
1174
1164
449
1745
656
205
1165
1154
1509
950
1999
1996
1997
1064
1401
29
1244
1401
299
1994
1245
1608
1462
93
844
402
379
207
154
31
1827
2041
1992
396
1103
991
1803
1322
1106
1843
399
125
125
125
1283
1283
279
454
321
478
29
1793
304
1737
320
322
1102
1636
1243
990
990
973
764
1639
973
1642
399
1608
1567
181
1144
555
342
2014
842
1233
1958
1165
1168
1074
1608
1176
1075
1165
1195
1158
1185
602
348
101
206
15
555
555
1344
554
554
658
379
1072
97
348
1582
737
98
754
98
267
499
503
503
1089
322
321
348
231
370
631
370
321
835
348
348
451
1619
1629
213
871
1871
576
1757
666
1654
1752
1628
1491
576
1757
1839
1531
1047
1834
1135
1644
731
87
654
431
490
241
1215
816
1845
646
656
657
495
646
1525
1214
1212
539
539
332
332
326
1090
2028
671
326
326
656
518
657
778
778
796
796
266
1644
1062
656
1062
1051
1036
924
1051
519
871
871
348
1223
637
628
593
1493
519
327
1818
1093
1816
1214
1220
739
1245
1221
1216
401
401
411
411
614
637
635
1214
1738
1214
1214
660
283
674
1095
1864
848
1864
849
853
1864
1219
1972
869
888
800
876
801
872
616
1971
1308
800
800
801
1138
682
1337
1137
1137
9
1502
430
279
1358
1860
430
254
430
998
742
742
927
927
742
742
961
962
998
743
980
987
1095
1635
282
1670
1358
1177
398
452
1634
460
460
970
451
1628
1947
961
1628
962
9
396
2
828
419
887
802
4
1412
1680
1428
420
1417
1426
1680
195
1170
1634
1046
660
298
67
1495
474
1909
195
176
584
530
575
575
1148
195
571
195
195
1844
314
1620
257
262
1122
963
379
979
979
257
1028
945
319
1790
473
1609
1406
4
1995
1790
109
1227
682
470
293
468
857
1993
289
1669
1994
1194
419
418
54
376
36
188
45
319
1866
1739
1403
87
532
519
531
1098
292
546
546
1245
856
1525
307
866
1200
1268
774
945
920
89
89
110
220
1935
211
90
396
794
789
1693
1090
1091
1091
597
821
376
1090
43
495
396
1690
491
314
491
491
1587
1897
1897
58
1617
1275
968
1690
320
60
251
1847
1693
1846
511
1864
598
345
1580
351
1580
241
1727
1783
916
1577
1939
612
1203
1771
1036
570
1747
1390
1365
612
949
292
534
527
194
1842
192
1844
263
1040
596
403
192
215
1166
485
404
1050
766
345
1049
1049
333
14
868
1867
546
857
1194
1057
1832
425
162
172
170
1051
1848
1051
580
584
172
170
848
1584
851
1423
1702
855
1198
973
527
604
1921
545
1168
516
1183
544
537
178
1456
1181
1160
246
960
587
1921
170
865
587
172
656
1540
587
1428
1534
1158
174
1057
1490
1534
1524
1529
1201
1530
1031
733
775
759
689
644
28
821
1214
1867
338
99
567
1309
1589
1344
326
648
66
664
1290
1090
364
112
367
360
775
1300
264
854
177
1569
1576
1206
848
855
1563
1572
1561
255
237
1635
238
239
108
1157
775
1496
1157
1193
1057
178
1272
1805
1030
1224
1100
1030
821
1712
361
820
172
685
256
267
587
851
820
1047
198
578
585
1668
578
687
315
1423
210
1475
920
904
907
480
433
775
1902
1902
1903
1900
1900
1902
1903
1568
1583
468
1569
1568
1668
1465
1382
131
1432
857
929
933
1176
508
131
440
447
1392
1665
1691
897
932
129
496
132
482
148
1517
114
1566
1331
1382
1785
1682
1565
1937
1759
1838
1668
1804
1689
1665
1675
1669
372
1046
1244
2044
1234
480
946
1184
213
157
222
213
499
483
995
1000
930
1001
1006
2044
1279
1002
759
1677
500
1614
1676
157
1602
1116
1601
1176
1754
1757
1995
1756
1586
244
1753
747
730
247
1251
1752
1756
225
1756
1360
212
539
179
1360
1804
1173
1117
1263
1482
1482
1482
1498
2027
1498
131
1915
1182
145
2045
1916
2036
216
923
1302
1280
1280
1280
1280
1079
1280
2044
1330
960
1422
1420
961
761
1153
1793
1160
1187
672
761
1493
760
1175
1767
1767
1313
845
683
1337
1340
682
299
299
1469
299
1458
281
1961
282
1960
1961
149
1960
1961
1961
455
758
222
453
453
454
1531
854
1076
857
1767
1767
1926
1927
508
1927
371
367
760
457
500
370
1248
564
490
1152
491
1152
1152
1153
797
797
1239
348
120
1758
736
1152
491
491
845
1585
1196
1651
491
1261
1623
1337
938
1339
234
159
943
232
250
1177
1171
1413
2035
366
2043
607
371
1485
1996
586
1247
308
1177
1505
310
1179
241
295
740
1112
1220
740
150
159
1960
969
1496
740
1655
1237
1957
1733
37
540
666
1523
1966
378
1957
1869
1869
1419
932
1278
259
306
376
1559
817
404
1156
404
404
404
1157
841
845
1107
1108
1114
1115
1119
233
1573
845
510
1623
1603
463
1408
722
1602
1501
999
43
2034
603
1619
1619
540
549
719
1066
1876
1217
1128
836
43
1823
616
1783
1781
433
143
676
1113
889
722
1267
447
254
723
1587
1140
1264
1836
1437
1136
335
254
1047
1088
730
565
564
25
561
1654
335
1635
1754
433
224
232
1721
1703
1856
656
1348
955
1114
1753
1095
1310
625
1961
1963
1119
1974
627
1339
1702
1031
740
1746
1728
1607
1138
2002
1286
1806
1437
1747
1293
1291
398
1130
1752
1932
1735
137
137
625
1293
234
760
1679
1814
1423
766
1944
1754
1563
1944
761
537
1095
1985
1654
1657
1390
1765
1406
1406
439
479
1384
1406
766
1735
1906
317
1769
481
451
446
1769
464
464
1729
449
477
448
1729
1354
1729
1729
40
46
897
869
1843
49
868
869
933
1094
1170
1552
689
990
1
722
1123
1492
876
1532
872
1460
1032
1032
1267
198
1533
2015
1728
1754
442
96
990
86
87
241
988
106
1843
1478
897
1895
1575
1888
1888
1575
1575
1575
530
1563
564
1574
1841
1354
1574
1608
1708
1412
166
1408
1503
1974
1974
446
1971
171
168
1738
1970
749
1261
558
1970
554
1670
1386
1089
459
969
18
1381
451
1384
83
1384
1956
1958
1515
1952
1198
1386
1552
1261
1260
1194
1256
422
1519
315
1484
1484
1719
1747
568
443
1711
615
1487
1485
795
1131
1380
797
799
1380
1794
1700
1557
1822
1895
397
1810
990
857
1819
343
1698
420
1214
219
478
1699
1552
1204
1256
1988
1683
1683
1677
1701
