mesh_partition_v1 2048 26411 -1 cell_order_v1
386
2014
1147
712
900
1469
439
559
1157
664
1205
2035
1461
654
241
849
439
1778
600
1751
900
439
185
643
267
754
646
1048
867
439
1575
712
1562
1673
718
1273
1673
1907
1872
1925
1963
402
874
722
1925
894
1924
1137
1560
1563
1924
970
754
970
543
970
1130
1130
1097
1963
1963
19
1963
1063
1057
249
716
420
970
1920
309
1583
1613
659
1661
1561
36
794
1449
1692
308
2016
1661
1645
1562
19
307
308
1622
1392
659
614
577
589
900
659
857
1370
23
477
19
659
1163
1720
1188
26
1720
623
577
1560
1894
184
1903
204
1827
1321
1097
1873
1119
104
1664
1884
1897
1116
1116
1119
1590
712
626
388
187
1674
1589
360
1674
1920
1802
27
250
1909
158
319
1876
1092
1042
597
1621
833
2038
2038
596
882
916
2038
1578
2038
1114
1765
949
596
2005
1653
1032
1686
1624
597
1555
1555
1552
1048
1787
168
1687
244
1529
1687
244
244
1573
244
996
487
996
1488
1679
40
40
180
45
41
1327
1307
1377
940
26
44
687
184
940
1124
1587
1928
940
180
757
940
143
522
851
1724
1933
851
729
1863
1454
1242
808
902
318
1463
679
1463
679
1587
1197
823
1040
1197
1026
851
797
89
1552
778
1463
1463
851
1158
791
606
1281
251
1062
1993
1924
605
238
937
605
1057
893
245
97
239
1195
1144
311
238
797
661
238
364
1622
1795
444
1053
829
365
937
162
1052
937
937
1001
923
145
163
930
671
1918
283
113
738
1207
280
817
1444
229
162
586
830
201
602
517
602
289
517
115
1209
189
115
994
115
548
1310
160
1322
204
1910
409
115
1455
1772
1306
1304
1208
1903
546
1007
1964
1805
1645
641
1007
55
1001
1456
454
358
1237
1364
568
454
954
206
954
122
178
1332
650
1190
57
1456
178
1327
182
182
664
1222
1456
1347
1496
1499
1152
183
1019
895
1502
1498
1019
409
413
1762
1038
408
131
1330
571
1970
1895
1038
1426
1036
131
1036
1961
1898
1960
1150
549
276
580
1961
74
1428
1439
791
1961
1531
580
656
37
37
1440
251
36
1412
581
829
1195
1195
1441
1965
1850
1190
636
1440
51
379
1572
1946
580
1748
825
966
1560
1032
1916
30
599
1551
862
825
829
1676
2031
855
399
1545
546
1032
1031
551
1248
284
551
1031
1932
548
452
1932
574
1733
848
1932
862
1932
1733
1932
1733
862
1733
2020
1539
550
126
126
695
785
1184
1521
785
1975
1155
785
1451
1132
501
691
1545
1783
466
1748
270
264
266
285
263
126
862
638
1101
1594
785
638
810
1324
1324
1353
2029
638
1545
1441
680
966
1558
1377
638
569
241
545
1545
1325
1013
1709
1479
1185
1044
1616
1028
803
500
207
469
1029
1652
1332
1594
210
331
1315
90
250
546
546
568
798
753
774
1583
1802
49
2045
50
1428
807
1596
1878
1945
350
1029
813
1391
1043
11
1289
1795
1289
1289
569
1535
536
966
536
536
324
321
536
1780
343
326
1687
1386
340
175
1318
895
1326
895
449
1442
461
1375
874
874
1143
1386
1400
1400
713
717
1400
726
534
2002
2011
727
234
1386
934
1944
1454
232
1400
1559
776
1386
298
792
741
1944
795
1289
270
1616
804
801
801
889
799
734
799
744
1527
1790
1790
1616
1540
1750
1148
1559
1841
1147
1145
1517
17
1356
1148
1790
1790
882
17
1306
2030
1145
1225
1147
1756
2
788
1148
1770
1187
1546
1771
320
330
1187
589
556
852
22
1792
1626
444
618
757
542
552
1185
703
533
587
1771
1185
1091
33
677
1768
50
267
1148
1616
694
1768
1091
1629
889
1959
1056
646
1173
1070
1959
971
1162
565
1357
1064
1109
1091
1689
1472
566
1724
1342
455
917
889
1956
1959
472
1219
181
180
1925
1925
1970
258
566
453
1137
1524
1520
1091
1573
1520
1924
1978
1478
602
1574
1497
1501
545
565
426
434
657
656
438
1954
1538
694
431
1608
96
355
325
1538
345
1538
434
391
389
1538
585
1944
116
170
1567
1753
2031
1944
593
1086
2026
1978
1788
1872
1978
1875
436
1439
1428
747
725
1958
1668
944
746
1220
813
746
1220
1578
1946
760
1579
51
681
1845
50
1624
1313
1396
746
1624
739
954
1553
1289
1289
76
392
1625
1143
2025
114
915
1930
1289
1889
1289
383
835
1893
1062
1560
1560
1893
114
1978
1929
134
1997
1823
384
1984
1893
531
302
956
302
297
1698
1789
666
2027
666
2008
922
2024
506
300
973
666
1930
869
951
1560
468
1253
258
1930
1478
775
297
680
1919
1990
394
1990
799
424
527
243
267
1396
394
540
509
284
284
1742
438
910
130
1524
13
705
619
893
1969
1169
552
2013
1009
371
2013
1169
794
804
1954
2020
1038
1396
241
1344
1038
1800
320
877
1800
1850
2002
1857
2006
832
398
1784
1919
652
1396
134
696
634
1737
1928
1396
1929
1928
1929
1257
1728
324
764
1734
1637
1728
830
1728
1968
1729
764
68
974
626
764
70
561
678
2032
764
1856
756
773
679
1966
2039
767
694
1606
1553
1856
626
1856
1151
1177
154
2015
843
1150
1632
687
1626
237
1150
1148
1151
565
1150
1426
36
1653
395
374
1203
1009
417
1434
1690
1647
213
1186
213
389
626
1525
1326
1187
269
626
646
858
157
1433
1818
235
1433
157
1563
1432
1722
1875
159
554
269
269
12
1722
70
524
399
684
1442
269
792
375
111
102
332
17
693
527
531
150
1815
792
1925
1933
1466
71
117
112
88
339
118
1185
375
1087
117
1047
397
777
1785
432
2043
1698
71
127
106
212
316
127
1375
794
1913
1396
1396
28
1396
1066
797
543
681
1526
167
1581
1383
1785
1448
1384
1402
1895
850
811
1402
1200
73
700
711
75
980
1829
1477
1475
386
1306
811
964
1484
959
1902
1477
1487
453
803
1722
1604
309
322
48
293
1140
296
751
371
173
1178
173
1718
1741
1718
1138
179
1898
289
1740
1722
1743
751
1605
386
1178
346
1777
631
1411
860
1805
36
36
1421
1805
1718
952
1805
669
911
910
494
318
386
386
551
1160
1817
1997
753
1179
850
1152
1026
1937
1847
587
1688
726
726
1596
1931
1026
591
1024
1671
579
1069
1024
1446
1050
1258
1501
1446
1446
630
625
1482
598
1446
556
1137
577
433
433
2019
854
433
593
593
1494
746
743
854
851
551
626
438
717
553
603
1160
518
553
710
710
1301
1467
706
1623
1615
583
1573
553
666
1631
585
1968
1896
1154
1160
1570
553
1774
1570
85
1981
1781
611
541
608
265
609
923
609
609
609
603
579
1566
210
1882
446
387
416
1882
1613
1560
1856
984
1882
1882
1433
1058
1417
1098
37
1839
1436
1998
37
1560
668
1792
1563
2000
1747
2000
1894
760
686
2000
2000
1954
1237
1909
987
1954
1954
701
1854
1568
2018
673
1564
1856
1856
1040
696
726
247
1735
852
54
1168
1564
1552
1062
88
1717
1146
1111
1204
1715
38
1716
500
1384
38
292
1617
314
1856
1463
532
88
509
1378
1173
543
666
1139
309
1935
1445
1178
1691
1077
1954
656
292
807
316
858
535
942
890
441
788
1650
222
559
1621
1631
1586
1691
1505
220
1459
902
533
443
896
2034
1748
89
896
47
75
1170
1027
524
1801
650
633
271
896
111
335
1200
1786
932
520
951
1801
927
520
915
1817
1786
524
1080
503
1786
1024
1808
1027
1958
1786
1430
1657
199
605
1804
932
1930
1842
1998
605
861
1274
502
1147
1333
1126
304
1848
563
580
1414
407
1870
563
238
407
1870
562
113
1077
10
33
1142
1083
563
552
1870
83
6
407
65
768
1783
872
407
876
1882
368
232
1870
502
601
503
1018
1597
1547
1019
1817
628
1778
181
322
230
1053
1010
1329
1052
840
514
231
231
1045
719
719
719
1329
719
1382
83
976
78
698
1558
66
1127
898
1122
1558
1378
553
1502
1303
102
1675
1253
1153
600
842
1764
1585
1265
1556
1278
898
1331
1272
976
1272
1040
1260
1018
1269
1531
1922
1459
1267
1328
891
1272
30
468
444
478
380
1880
1467
1369
447
1330
1432
1577
348
87
324
447
1018
96
1311
117
1880
444
100
1075
1887
587
893
654
861
849
1864
1075
1880
1459
1075
1887
1187
1590
73
1881
1127
148
168
145
1688
1958
1273
1887
1731
852
593
612
612
1745
1075
73
1887
411
1887
1933
381
1535
1222
381
1220
1222
1647
359
392
148
1642
1494
1739
73
73
1641
1265
1745
459
499
911
409
1651
1610
1607
1695
658
1641
1909
752
1920
1379
1742
499
1757
911
156
148
2041
868
142
1529
676
911
142
1642
640
68
650
2035
911
142
1259
317
345
653
775
769
1259
142
988
222
769
1299
1437
1259
775
775
138
1593
1259
653
775
1591
769
740
1084
1220
519
625
1490
969
519
850
156
1491
1621
516
1488
515
409
156
1425
1470
1126
369
1152
90
396
275
1468
397
344
1469
156
1608
1617
1572
1572
156
1617
1925
1469
1264
194
1245
194
196
353
424
196
1232
1925
1000
658
1245
1366
1649
1649
1987
1988
148
728
298
1736
288
998
1920
157
503
858
825
157
197
1273
856
1037
1130
208
294
1675
1986
858
584
663
1023
549
549
549
1745
1649
549
1002
157
992
1431
1431
1431
1649
1431
157
1145
1306
1762
1751
1753
1084
1084
1168
1839
1697
1260
1244
488
1813
1235
1759
995
490
1007
862
425
1084
860
1084
1708
1456
1626
895
1713
1601
1314
1801
1928
653
1910
1312
1910
323
1450
1314
1708
1824
1716
1272
1797
664
1436
282
1093
1319
1817
1709
1092
1290
1593
492
1597
1681
87
1591
1681
589
1289
1819
1638
1636
2032
1817
1091
732
938
1502
1804
1580
732
1804
1750
1282
108
1727
1723
1725
1364
1678
1455
1721
1277
73
1872
1590
1842
1727
2039
108
343
1607
1470
732
1645
1674
108
87
1674
1582
1341
1921
1180
1674
732
2011
1903
707
275
568
1982
1282
1574
1941
1750
1057
1671
359
1180
1282
1283
315
302
288
1803
300
669
568
1618
1165
1084
1081
669
286
9
487
1803
568
1803
97
101
963
1189
1189
238
109
1667
311
122
568
1263
93
1667
1265
1044
1452
410
318
902
1263
833
258
685
591
293
508
1665
1665
15
15
595
130
1712
411
366
1803
449
14
341
1275
293
293
2001
1850
1321
2018
1899
213
606
1321
1321
1704
633
880
1809
833
1212
316
1809
210
213
361
1321
1919
1532
497
707
178
1432
210
213
299
1254
1298
1643
1396
477
497
1709
1864
299
296
580
538
497
744
456
1461
1254
603
791
497
109
1828
1508
1509
1699
694
1287
760
2029
1574
1975
1975
143
305
671
1212
935
86
1171
1171
1212
137
1221
612
1254
617
1171
244
1254
1444
658
352
842
840
216
1463
1339
888
139
1630
2029
1393
1862
840
1293
7
1222
1352
1390
1490
840
1463
1463
1462
441
804
1699
1462
570
1462
1462
1462
7
644
803
658
2029
477
1663
1331
1329
908
901
902
899
919
804
386
7
1390
1947
1470
7
496
319
272
1390
147
2018
57
982
638
668
1062
667
982
676
1900
1757
480
1763
982
449
502
1797
121
982
1563
1563
1852
1562
1584
942
1585
1585
492
1875
1916
123
1582
526
1585
1619
1763
86
1512
123
617
1562
106
1590
2018
617
1007
1004
1280
999
1413
122
1964
1535
2038
351
1417
1452
911
1655
987
1283
1454
1203
1655
351
1729
1169
351
208
163
163
616
23
1700
165
762
713
1855
839
617
87
809
713
351
832
1304
546
857
591
1428
617
1307
1304
546
554
616
1349
947
1870
238
2023
2020
2046
2029
1525
1375
1857
165
1761
1369
165
643
1450
1635
1575
407
1635
1663
1800
936
1800
1450
511
593
165
1802
1851
1450
1450
1473
227
1160
1096
208
1085
208
626
748
654
750
597
606
588
1087
596
596
1069
1401
222
1069
1156
1761
450
1811
1801
1783
1453
477
1116
450
543
1871
1116
1052
1913
1209
1055
1546
198
1527
601
1271
1211
435
1282
801
1211
1440
1280
1116
828
1295
549
1295
694
657
1574
1214
1802
811
813
1754
1567
601
1214
450
543
243
1662
1661
1668
1982
2017
45
1440
450
1457
1457
1440
1256
1440
1927
1426
1443
142
212
1668
1445
1253
142
224
1836
1397
1260
1150
1260
1799
171
574
340
435
1064
1382
1441
237
170
435
582
1397
171
588
604
435
520
1947
1
171
1947
1668
1245
1836
1836
1668
1245
633
1245
292
512
1812
1270
1984
1718
1265
1833
1273
1833
1809
654
1798
1736
1931
1572
1931
1739
1041
1720
1654
738
1825
1572
1574
1972
1830
819
1852
1836
261
1739
1945
1429
2020
1430
1836
536
381
946
959
1991
959
1544
959
786
247
1085
959
303
2007
645
1172
262
306
1421
1098
1690
1885
1917
645
216
1677
42
281
1668
447
446
383
437
356
1430
2007
502
736
953
482
219
207
653
1016
653
2002
765
2007
1264
1217
1017
1433
1822
2025
1136
1775
330
1901
1429
330
1901
1302
1854
56
563
1550
693
183
330
801
630
1460
819
559
755
330
1743
1560
1897
553
728
856
750
836
1532
1865
1303
1867
667
1865
838
1532
1144
247
1901
330
1613
1639
1610
80
1904
1666
856
178
34
88
1029
34
1043
1076
904
1077
1303
1901
1683
732
316
744
1716
660
1261
660
80
1261
462
1545
1611
653
1982
1585
1458
1276
313
1729
42
317
293
821
658
1795
293
115
1979
2023
681
1352
34
527
1303
1611
1611
1875
1610
34
915
128
1875
1729
1979
622
128
1781
1875
1878
133
1878
593
1036
537
592
1090
1353
1424
1089
1094
1603
1603
1123
1978
1875
47
1911
361
398
1759
1603
1179
224
832
1201
335
1164
1439
363
230
1236
151
382
1340
1982
1352
1603
16
1979
1758
1454
1477
1152
594
993
851
878
121
333
1703
1851
1124
333
1529
953
1857
1752
1776
992
2040
335
931
1300
1802
1307
1454
197
1302
1302
1330
992
272
801
1661
387
1753
140
801
1720
1673
259
379
1678
1888
938
938
1880
1827
1926
992
1926
821
1926
1851
120
812
812
1727
1883
120
1651
1434
1031
13
1488
1926
1898
1660
1660
1877
142
1860
947
324
241
1065
215
1084
1706
1480
1052
1881
255
1535
244
993
49
196
214
259
1439
1085
209
1222
143
46
1065
1483
96
659
1729
54
231
380
1483
444
419
1660
285
983
858
515
260
1451
1057
1940
1202
1897
278
1687
260
1862
675
789
445
1918
1234
12
519
332
1622
305
517
1309
479
1304
1622
1300
1328
1622
1622
902
1299
83
1242
1355
1309
1484
1434
906
1479
1376
759
526
1484
684
4
1484
675
55
39
1506
39
1484
1376
1163
1484
1533
675
675
1568
804
804
50
63
1484
1837
1416
1319
1322
1273
804
1472
1447
1659
1483
465
1102
1054
313
1344
1462
1915
1321
1498
401
1426
1439
248
1324
339
91
1912
1894
815
1728
912
804
993
859
282
1109
265
1137
1912
365
1338
365
1458
1426
248
1095
1459
1048
1278
1265
1264
495
1794
248
307
1912
1035
1546
941
1551
1546
1560
1952
1983
1278
1269
1551
1547
21
1551
578
481
375
1035
1261
793
1299
1229
1255
1810
547
701
1840
1623
918
700
1540
1467
1855
1999
2022
1967
1528
1541
629
629
1854
1868
617
700
625
268
1044
1616
625
859
701
69
270
284
798
327
798
285
261
859
625
860
862
1444
1430
194
625
1918
240
248
798
1357
1810
665
1831
1911
1704
853
1732
1908
798
1732
525
859
592
755
545
1732
545
1935
2008
2044
1989
424
1818
1293
553
1887
1819
1834
1732
929
3
410
369
571
1089
778
269
769
769
769
368
1095
372
232
232
361
435
482
384
313
333
98
966
385
1317
1001
385
99
1948
559
384
1541
333
1448
1543
333
328
1861
1220
1555
841
2021
1553
926
696
1543
241
1552
2021
1185
732
142
1
755
114
297
841
1568
1542
1543
821
1270
2021
1
240
1568
255
233
1139
561
561
1137
560
1083
1466
841
1321
841
702
1857
296
984
411
411
240
367
1636
526
411
119
1846
3
1763
411
1741
677
1636
1512
593
560
1738
119
1522
101
288
1003
295
290
295
1383
1383
959
1192
1544
98
107
1561
1541
1636
1338
1007
1545
1383
1551
1546
1544
12
1231
1230
1026
1026
1636
602
1551
1225
1383
1221
1733
602
1887
1021
228
852
242
1021
1000
82
1021
1738
104
602
325
1083
123
446
1131
1420
339
1130
1129
1129
495
852
1639
493
1569
1549
602
1021
1626
1855
455
327
1073
350
1903
727
1646
1075
1075
316
327
327
1810
1077
1568
419
431
436
414
521
327
2015
1230
441
1179
797
1402
797
1076
797
1460
1114
797
1231
1076
1658
1656
1656
1984
1984
9
1728
65
1876
933
465
574
1569
666
447
479
396
606
650
1673
605
177
187
1328
1876
1703
1676
779
834
1355
9
1328
147
2001
336
355
8
501
631
425
2017
2005
431
1794
1910
131
1568
431
883
726
270
437
431
8
304
591
247
1432
1427
129
149
560
241
1057
1084
2010
560
938
1535
1460
392
1949
932
951
739
938
431
591
600
687
1663
1523
469
1504
943
223
249
925
1561
1764
924
554
1556
925
712
709
766
187
925
1138
589
831
729
1173
763
589
612
246
1306
1649
1036
140
1347
1347
1101
84
73
177
1034
925
933
800
1261
1263
681
222
216
684
1417
217
1417
1285
680
1423
1352
1981
263
1930
522
1122
1262
534
1691
411
392
1990
575
392
56
182
186
543
450
819
2009
800
1234
955
455
2011
533
738
1691
738
532
1692
1108
1262
1805
1692
352
1366
1625
1111
562
575
701
570
176
188
1700
706
176
187
575
1692
563
35
632
689
632
1769
1071
1235
1367
1361
1481
971
201
1110
2024
1842
1480
1521
2018
949
1898
2018
2018
950
949
1992
951
1992
1992
523
67
116
325
116
95
432
448
169
1898
1992
1654
995
1111
431
185
803
59
1896
62
1394
1209
566
800
995
855
1896
1885
370
169
2029
824
1662
745
1071
829
1071
1535
442
47
399
1535
399
139
13
399
1616
399
1654
610
1489
1301
1534
1101
1574
1708
370
1410
1411
230
543
39
886
1176
21
8
889
370
1176
1708
538
8
1714
1159
627
1941
1600
935
1601
745
1601
1536
1921
1920
1952
1960
2033
1537
1952
1962
627
657
675
627
276
1580
608
318
1941
305
875
870
627
858
1498
610
566
1400
1798
566
1402
1069
567
639
567
182
1390
721
1569
730
370
1404
1404
703
48
976
1139
663
695
976
687
976
703
703
225
188
1487
1445
976
1499
1571
1107
1438
1492
1457
247
1935
1122
1176
1137
1492
270
241
224
1581
188
825
456
974
189
179
225
469
1581
1493
1741
1576
1576
1794
1576
1576
1416
1438
700
1120
1541
1438
1581
180
1061
1581
1129
247
1431
1399
2043
1241
126
1431
1431
225
1429
1493
1870
1374
120
1493
120
136
126
166
1167
173
387
230
225
729
1176
837
1241
702
812
735
688
688
1241
728
1912
1509
1241
735
257
1994
735
1335
735
735
655
747
585
629
1104
857
612
1335
932
1335
1907
1335
710
1905
1107
710
1594
521
680
878
1966
698
697
597
753
1621
96
1966
1611
1583
1573
1611
729
126
728
1597
1610
124
1961
1963
1758
1846
1964
1966
1963
122
124
2031
1724
1610
750
1724
872
586
878
587
731
1625
798
614
127
447
994
988
1994
440
989
1666
14
27
25
440
158
212
1666
475
1354
440
158
1354
887
440
1348
896
2022
1667
1774
1348
1071
43
1184
994
1692
1879
1711
1882
1745
1355
1667
1701
1184
1567
936
284
988
986
36
988
349
294
391
986
1595
1547
1608
979
663
1994
1433
1014
1417
922
979
1994
1131
103
1534
1564
97
1246
989
1345
469
1564
1343
1986
1120
557
1325
1325
1325
1986
979
1697
259
979
1775
728
1447
1120
1129
1421
193
1986
509
1986
1047
618
52
637
486
491
1880
1047
801
1612
111
1417
1623
1047
1417
939
2040
1623
1893
1507
2033
1890
1470
1414
1438
1278
1047
1122
22
1085
1423
235
1638
949
949
928
1626
928
121
120
1778
1376
1776
107
567
437
931
1638
1602
1620
567
565
1340
695
123
438
58
195
125
1868
1638
392
550
1766
565
1763
493
397
29
692
463
1638
1168
1730
453
1693
692
1734
454
282
919
941
1130
29
1130
1443
1838
1349
1845
1514
1840
740
783
1505
1697
1731
29
1184
1166
1732
1730
1730
1139
776
779
819
62
621
62
36
402
1632
740
622
1377
1619
1457
2028
1459
926
1525
1139
228
1525
1238
1224
30
170
640
770
1516
52
1282
571
1153
571
1139
1139
1750
770
1545
235
1255
1719
770
1348
2016
770
1627
690
770
513
513
1318
1638
1459
1096
2016
379
1318
1151
513
94
91
513
1627
642
642
1687
2016
106
1627
357
1318
1591
640
392
640
1620
717
1573
232
1626
1716
76
397
1103
344
1589
1970
1945
1967
1586
1976
1627
347
1591
1077
1532
347
68
344
1561
1270
1666
1055
1949
682
1695
138
680
1103
1023
396
1270
212
842
77
1270
770
151
97
663
612
29
613
1270
402
619
133
133
42
640
1861
1016
108
115
1648
926
138
1736
1736
1018
350
1122
399
429
640
427
927
1741
19
983
663
1818
1929
1851
1826
1640
1340
1830
1926
788
1411
788
484
1411
19
408
917
995
1635
788
997
966
1494
788
535
535
181
535
1226
1023
535
1482
1495
179
1497
1499
1497
62
202
486
1873
1834
604
1027
1904
1703
6
1205
1497
1167
1027
84
1027
1027
85
79
130
292
590
2045
959
557
759
718
762
1255
2045
1830
559
1487
769
771
473
1013
2045
1928
909
2045
770
1826
1832
1381
1393
98
1837
267
1088
1019
119
934
473
455
1695
1145
584
955
1694
1145
1838
416
1126
1085
1693
1693
233
1079
123
1018
1147
319
312
603
140
9
140
1002
1682
281
1382
103
1638
1634
1816
1675
103
511
1940
494
1951
132
103
1033
955
1266
1244
103
241
1230
249
542
743
706
292
247
1569
247
247
2013
1748
1807
1332
132
934
1011
1487
1011
309
1000
1739
491
8
837
1908
1752
261
325
1326
261
1457
343
2015
334
1327
2014
481
1531
913
504
1325
1326
1219
1659
1219
604
1531
217
1238
604
1243
1224
1138
604
569
1019
1249
1236
21
772
1774
716
1915
530
603
2037
2013
1915
1262
1717
772
2037
1512
1097
1831
429
1251
1918
425
1706
1809
1512
1796
547
1915
1274
383
431
355
414
828
1494
1659
964
1774
1304
1942
1304
1658
1284
1204
1542
1304
1304
1749
413
985
1751
1344
1599
1482
1495
1355
464
1973
802
904
302
1344
1355
1355
1344
268
1938
1936
987
261
499
1200
1182
1204
1658
1483
1936
987
1936
2035
1394
1985
295
1167
94
1167
1167
1167
138
1111
1251
1026
365
97
1269
840
1985
1985
252
364
216
254
364
365
1082
1281
1874
373
304
1187
289
1185
1185
103
1985
392
1081
1258
863
1657
1577
1033
1281
1913
682
302
1265
1186
275
281
275
1943
1950
445
275
324
1142
1877
275
338
1694
1710
956
1923
956
27
383
1594
285
109
1556
1811
102
1710
674
69
957
313
845
291
674
23
957
682
1533
1596
1897
1204
2041
69
2012
1619
927
1619
1619
1590
1619
1215
1204
162
1230
1596
1230
1204
1360
1594
1016
64
302
742
479
751
479
1621
479
1592
1607
479
1554
761
72
1020
1867
864
1748
1340
320
1616
321
1748
1619
743
1993
510
1644
1715
1134
1101
886
673
321
913
409
2029
673
2030
2047
766
1504
2045
1983
2034
2032
1016
481
1179
1073
1194
2029
1016
845
802
837
1925
635
630
1151
1204
166
185
1237
1735
2003
2003
75
493
1339
387
1380
635
860
538
892
2000
727
629
629
630
1529
79
1380
85
928
190
884
322
2000
810
1380
742
631
1380
812
1993
1964
812
1079
811
1612
1147
1145
894
890
1640
70
1945
854
262
682
869
70
1638
1230
1432
1532
1079
88
1422
1146
1016
1006
1171
1016
1149
1937
1006
487
893
607
1535
1382
842
1465
514
516
1312
1534
736
161
173
1542
163
1355
864
1780
674
49
1079
674
866
1146
1019
523
1436
19
1437
448
31
682
1024
392
1079
1447
640
548
548
1194
548
1784
1436
822
1869
591
784
1869
656
607
766
553
523
1870
1785
1977
822
1538
699
1870
685
605
1871
639
1313
1887
2004
2004
1061
201
1061
1061
1061
523
1531
900
599
872
822
117
1700
854
1313
548
163
281
1885
1898
1313
162
1761
441
1313
944
166
527
1019
1134
1341
519
676
980
1020
2043
37
166
1605
2037
1381
1992
1404
584
38
37
656
95
1397
1398
916
984
662
909
584
662
1928
1919
1018
1389
1998
1383
1287
908
1300
1309
925
1311
960
944
656
1531
598
999
1445
1445
584
1099
1621
153
1583
584
1766
1599
1099
1626
74
848
1268
1406
944
343
1758
1758
1136
340
1478
1458
1458
1251
1165
802
100
100
864
100
849
1478
800
100
944
1399
38
1902
1264
1265
1760
1269
1841
996
1632
1265
1802
1267
1728
1758
284
1499
1714
1758
1752
284
284
745
1287
711
725
749
1590
725
1659
278
1999
832
836
838
237
2007
1453
1809
836
302
837
278
836
302
2000
1478
1102
1660
1868
1660
1094
827
798
1478
45
1782
1520
444
1415
1661
522
575
1558
444
1109
676
291
857
444
173
383
1868
457
1856
189
1415
250
1512
1999
1661
1514
1519
2043
1413
1084
1989
1793
857
1275
1040
857
1134
1487
1356
1392
1302
1413
752
857
1709
1705
1793
174
1954
425
1705
398
1697
832
643
1135
1522
1954
1985
387
1021
1513
1947
719
1828
994
1304
1532
1834
1469
1954
1083
1124
19
47
0
1814
548
1954
1281
1738
868
1793
2025
1987
1696
359
1522
1159
1912
1913
1847
1751
1281
1298
1878
1878
356
1793
356
1992
1878
559
718
365
712
460
359
1248
869
1750
1549
594
594
729
1250
1064
1281
1211
657
1157
1442
1328
1795
332
375
1064
1438
1042
728
107
1058
124
1281
161
1815
1717
1815
20
1216
282
355
594
1259
678
1216
643
1815
732
1349
1137
1079
1248
1128
1978
789
1696
1782
1127
1374
1374
1815
594
297
1874
1865
1435
597
358
735
1865
328
735
1435
485
280
675
1872
1874
694
480
1104
789
416
1105
789
1435
343
1773
1917
613
1903
882
1810
874
675
141
221
2035
281
789
815
485
53
1244
1297
497
1502
1297
934
933
843
487
933
2008
710
111
1580
1671
185
1579
1736
109
603
385
1740
103
853
185
426
1764
103
53
1883
1583
185
436
161
53
185
1757
654
1435
1631
1412
53
476
1648
1117
1359
916
31
134
1103
251
1103
241
18
452
1387
487
1632
476
1422
477
864
1650
1078
487
469
423
464
333
1089
1515
1070
970
1782
1481
1472
1515
1474
1473
1515
754
291
60
1258
99
1233
77
1119
257
1851
1851
251
464
1515
894
98
874
1272
480
481
975
1971
926
1020
910
550
864
1901
1866
1745
1839
491
1933
971
960
1178
139
667
525
526
1431
1467
1434
567
517
135
177
550
74
1387
667
231
60
726
9
18
1305
793
876
852
584
1112
1298
724
1825
1298
869
550
234
567
1210
1841
1144
380
1178
550
246
375
817
1258
817
1610
793
1629
1832
1634
1799
1395
1025
1803
1820
1024
13
1659
1159
13
1659
598
1052
1268
1659
1253
1287
1311
1135
1260
1305
598
1841
1305
1015
23
1309
409
489
1305
1709
1594
1770
598
1952
707
1268
231
1472
1603
1709
1483
1
2007
212
1997
969
1723
1206
1093
799
1481
1444
8
1122
8
212
47
778
1037
1612
798
774
775
1037
1267
1605
1984
215
951
258
10
322
1134
56
951
14
1029
12
253
1458
531
172
1458
1767
332
48
746
337
951
951
689
1008
1592
530
1547
1471
287
390
438
1932
727
74
1377
685
1928
684
1547
1559
1559
1752
1941
2045
327
530
1050
531
540
515
581
607
793
3
1017
63
1308
600
1849
1850
1848
341
1939
881
184
884
1849
1848
1849
1850
1851
643
63
612
643
695
1107
879
1708
420
1772
610
689
613
1144
312
829
465
1608
1345
473
479
1156
1166
1350
477
885
1646
816
129
465
1101
1121
443
1379
184
1171
1416
733
1444
1349
63
333
1100
1010
1102
1192
96
925
1009
63
971
911
850
129
838
235
735
1303
807
1144
1193
1194
191
191
569
1073
1177
569
222
191
1086
136
972
184
190
568
1605
140
790
786
191
789
2024
184
798
1342
790
1390
1470
1516
67
1569
1575
785
1521
902
907
281
1943
1343
1620
1343
970
1569
971
1521
792
119
1960
1993
1932
1764
1516
1979
196
1684
1908
1707
1934
1566
118
1622
1542
1566
323
1564
1516
339
323
807
992
325
324
984
324
268
119
970
1459
458
1564
1444
1098
508
323
971
268
1170
2047
623
650
575
581
661
581
228
1353
623
1239
660
602
661
660
1136
1136
1458
1244
1457
1995
1459
1459
623
623
198
581
1448
939
1516
1901
1960
1896
1516
2031
1817
1111
1111
583
1647
402
441
2027
442
500
969
893
1165
381
752
337
663
583
1237
641
655
502
463
887
1098
346
446
372
1236
799
915
505
275
971
1101
1935
1891
1206
364
1089
1350
1392
1599
1058
1206
1446
1196
1212
558
583
939
1813
1092
1793
1690
1664
1713
581
938
1106
1097
1592
1094
901
1571
15
462
1453
1453
160
1320
1274
616
1140
365
1138
366
388
356
1047
383
1204
1482
1453
616
383
1047
1361
194
1453
583
1772
279
1072
383
1835
383
273
1839
1700
256
616
1094
258
1074
520
1361
1056
1715
1987
1680
1234
1723
1795
1813
1786
13
1939
1676
285
1057
1812
1718
424
273
929
1896
13
1721
484
363
1331
555
1863
279
1987
1219
1863
1216
1668
1987
1666
530
700
386
384
709
384
1987
1918
1914
1933
1221
1196
487
428
487
1660
342
263
1131
290
1264
1572
487
1575
41
658
1
290
1816
772
1867
1423
609
811
1507
1572
41
2030
1989
290
1504
811
1306
1302
1332
449
720
716
1660
728
750
465
1296
1518
968
1944
1859
1274
189
1783
509
1782
973
139
873
811
1660
107
110
1660
1182
2
170
760
1928
1142
934
2009
695
695
695
1005
670
695
605
529
1415
810
1799
867
1006
820
680
1799
1006
433
1145
837
1663
219
558
558
2007
1822
1822
1947
457
1644
1108
615
457
264
2011
862
356
558
469
413
499
266
266
760
1432
558
2006
1769
608
608
1500
1530
1500
1498
1544
1544
1455
2007
1997
1498
775
1493
1782
1544
457
1016
1760
760
457
1232
1647
697
655
696
1233
697
1143
1503
1843
1843
1869
680
1502
1843
1233
907
1721
1073
1232
1721
1720
1325
573
1723
1720
683
1721
1275
1141
521
523
522
1096
1070
682
754
831
1607
1070
840
1605
865
670
1333
2013
962
1409
1410
876
1141
239
1627
962
662
821
1068
981
1927
1376
1085
1112
1370
638
1663
129
1017
83
92
1605
368
1070
1630
380
542
1112
1059
961
1630
504
541
792
912
1607
541
908
1831
932
1852
1942
1058
1059
1220
1824
1419
1464
932
1942
86
99
533
1059
932
277
297
274
458
498
932
1831
1124
1917
1891
1466
1928
504
414
416
1590
158
398
369
1252
272
1482
158
518
312
458
303
1495
496
115
6
2036
129
1972
1508
2038
1928
1495
1333
129
1590
2046
505
505
1361
1861
296
1588
1762
104
1868
1495
289
1861
129
198
198
1589
207
771
884
1495
1823
1602
1574
1569
1547
264
1601
1631
258
1142
267
959
892
1023
1023
259
1396
517
1006
1000
1397
1006
1023
197
1023
855
855
199
2012
1211
727
1211
1422
963
1946
702
1422
1422
1480
1485
1012
1422
1480
1848
1693
1802
1946
2012
991
991
269
1317
497
1755
991
1740
833
1740
991
140
1754
147
1363
1672
1896
807
1586
652
1617
1007
1238
1167
1149
1691
1343
1426
1427
255
1426
1690
1850
765
56
1806
944
799
37
1705
980
1806
436
574
879
436
70
1292
853
917
476
1406
1292
235
453
225
242
1804
253
1449
626
1292
771
1099
146
1362
1198
229
1693
626
94
1437
56
1557
57
765
106
1292
1510
1522
1891
814
1844
1247
1519
602
595
1519
1000
1000
1234
1000
141
553
1000
506
771
1818
815
709
1246
506
1246
506
1844
1172
1247
1656
740
1844
506
173
1607
1247
1844
1965
1965
1311
1960
1964
213
1964
173
1905
1519
891
817
181
625
180
1850
2003
338
588
1134
624
621
626
1905
1421
196
1519
624
414
219
1907
1906
1821
1070
446
1062
433
1468
1103
1898
73
904
1028
1040
1103
1766
936
1665
1103
669
412
903
414
1103
1468
371
471
1247
323
1246
1274
640
1097
671
1092
1889
1492
1902
1205
1099
893
1133
922
1246
41
1217
471
1465
1143
626
471
1243
1120
471
765
1216
1323
1245
1323
1857
509
507
1704
1737
1819
623
507
631
507
546
541
628
1856
1704
1704
1778
687
1704
507
761
1710
1710
525
483
1990
1468
1451
1828
922
824
1024
831
671
544
524
544
236
1732
708
1458
1181
1180
1180
524
51
1733
1110
669
97
1975
101
96
1778
97
1767
49
928
1884
1884
544
1014
1294
952
1926
1105
1628
1238
31
1113
1135
1090
31
1329
544
1138
5
1138
66
1132
1153
73
5
36
1753
1798
979
1754
36
171
1854
760
1250
1329
1455
1271
31
124
941
912
1910
1134
1849
785
2009
1849
1817
512
512
1458
1960
207
210
512
2029
1953
35
1014
35
1435
35
668
955
751
1470
469
149
1044
470
1854
115
849
114
1148
114
738
1528
1290
115
254
1491
470
659
1442
1444
659
659
659
687
170
1795
1323
1319
1093
1200
1200
964
1123
1271
916
1733
1259
1019
470
869
128
71
1768
489
890
1768
490
1014
1290
531
532
121
1918
1214
679
1588
732
1963
1538
2001
1214
1621
1622
1596
1952
1768
1968
2037
1968
1898
160
1291
56
167
478
713
1189
1101
1444
1364
713
791
1495
460
1908
2004
121
1908
124
1042
83
1360
93
1768
59
1182
1474
113
339
592
749
48
1474
1743
427
450
446
441
441
1360
591
1613
607
750
617
534
713
617
1451
931
307
930
1742
286
353
127
577
969
747
809
1389
1005
967
192
1575
713
1594
747
1735
56
1966
1975
747
750
325
750
1474
1360
1760
1482
1474
1180
1180
1230
1231
205
1180
1497
1364
251
1497
670
1180
1826
1362
70
1338
150
1494
1830
1716
632
1830
617
70
546
1812
572
1811
501
550
486
85
818
486
544
86
87
51
112
280
311
285
318
305
793
912
49
918
642
641
1815
1380
836
844
768
1165
1174
1478
486
49
1814
522
49
1036
1124
1613
1493
625
1347
452
986
1380
1403
1912
1388
722
627
1150
661
1973
486
725
1652
1823
725
719
719
719
250
683
1124
1124
248
325
248
911
719
627
452
624
1685
1125
1042
1888
1227
250
1653
660
1888
1888
1888
789
1366
1489
1331
1366
1974
778
625
2014
790
1240
1772
1365
1685
149
1685
1241
1655
1685
170
1635
2029
1677
460
326
1798
1898
148
1242
1241
1945
1238
970
786
78
976
1619
1136
1136
1831
1831
1798
1173
1449
1619
1069
880
1059
452
891
542
520
1618
521
1872
1946
461
541
1450
1131
1618
1947
664
1945
1059
1969
452
561
1660
1059
1940
644
1657
1724
901
950
664
664
1709
1745
520
1792
1319
664
1745
1252
1725
1927
1366
1350
1771
563
1349
1345
1345
1747
1003
794
1796
1348
1927
2030
1792
934
1455
207
1082
1469
1161
934
227
935
934
1747
10
212
1081
1821
86
33
916
214
1822
214
1771
706
252
1798
29
693
212
288
499
40
706
748
40
284
532
271
1927
1258
1492
1477
461
1284
43
461
21
1135
923
1172
305
711
1779
1048
1798
1028
427
295
43
1906
1905
1909
1907
846
30
1702
572
427
816
489
457
354
109
278
285
790
811
816
803
846
1301
1302
711
1302
1883
1881
1301
1881
1853
91
1810
547
1808
977
836
1860
1860
632
150
289
1307
454
634
1307
330
978
978
52
567
106
313
1854
562
65
1873
1564
254
254
255
64
1280
1152
105
565
1272
65
1366
1307
1198
330
1235
1070
1152
1272
1295
1268
64
1422
977
342
342
338
1499
64
376
376
1307
679
206
1865
1498
1341
836
1688
1561
1343
1660
321
950
405
206
1342
1347
1347
1341
1540
638
1982
206
206
1510
559
419
25
1298
1082
418
1919
544
1919
1881
1919
26
372
25
1528
423
27
374
307
12
1329
1528
1285
876
65
878
1280
46
46
46
650
422
708
1366
810
250
293
250
947
569
1272
1365
1408
634
335
763
190
1861
144
1818
1994
1064
728
738
1272
765
1609
593
764
1690
498
541
539
528
1303
414
1653
385
88
1157
248
1690
90
558
89
1153
1066
1365
1389
1002
1031
1512
1399
1097
150
1505
2019
198
929
150
47
524
1084
1800
862
1372
2042
1402
1387
540
1622
163
2022
555
1781
1503
1550
1750
555
1800
549
555
96
555
555
555
451
1011
966
449
1861
956
451
574
693
1539
662
721
1595
1751
1121
1303
1911
1372
1234
957
1206
1173
956
1751
802
540
1946
393
807
1860
164
642
668
33
179
883
657
739
912
1030
1448
431
1394
1288
127
1227
1609
690
60
541
1652
1737
912
664
1064
53
1141
879
686
887
41
817
435
53
128
128
815
52
1375
947
664
1461
1353
52
432
4
853
929
4
169
853
12
26
853
853
4
191
4
1338
1338
1338
1280
1311
1644
1759
1777
507
1727
404
1644
179
1238
415
344
392
1338
169
1450
109
368
503
1729
1447
503
595
1311
422
1446
2034
1692
595
595
595
2016
1449
1293
1241
403
1523
120
1807
1735
400
1967
15
123
405
1657
1644
123
1732
106
68
1656
1135
1268
1693
1097
2
1183
1109
1920
507
1625
1284
1395
106
2
48
911
54
83
1161
1225
108
54
1522
995
1263
1256
1644
1161
1217
823
1580
1582
799
737
54
423
743
887
885
1217
427
959
458
2001
2009
1284
528
1340
1995
592
2008
777
1625
934
812
1866
1866
2044
2047
2044
1866
2032
440
96
2038
677
422
276
419
419
19
29
157
498
823
1340
19
1424
519
1806
1804
1101
236
774
427
1425
422
354
371
390
436
752
813
933
808
358
436
749
1696
865
156
353
238
150
995
865
641
641
707
1696
995
1735
2028
1544
54
1900
1900
1120
1241
1284
865
1787
1991
207
54
1063
254
699
1900
1900
907
1427
976
242
865
914
971
125
1786
928
1876
689
683
238
334
1885
532
1885
1870
1247
235
147
532
872
148
877
1513
1359
1359
1508
1504
1359
887
1359
855
853
532
1079
752
1072
1238
1008
1013
1018
1009
334
1737
1742
781
528
816
862
1238
308
847
309
308
1512
377
1403
1441
754
1116
1451
308
1060
1244
1075
975
526
1297
308
1531
305
26
1116
664
1981
240
1839
1978
1979
901
596
1979
1976
1117
901
1146
1117
1319
529
1975
739
901
1641
1893
1643
1891
328
1744
355
1117
1584
324
734
891
1549
901
1682
1951
1100
1123
1343
989
1682
963
157
963
963
876
868
1102
323
1783
963
1102
932
340
1777
320
1895
101
1488
1
320
1818
22
1777
752
6
1231
216
1919
989
1180
1517
989
1302
989
1194
953
388
497
216
1693
1674
283
497
497
417
386
762
1201
351
1263
346
1192
448
273
317
768
1465
354
108
1468
1434
833
1201
1035
474
1408
287
611
1414
211
835
282
108
1025
611
122
1025
767
103
877
111
56
238
56
70
68
145
237
171
1268
1811
1760
611
910
910
216
1720
383
931
104
97
1441
1723
216
110
631
287
511
287
709
611
711
766
1764
1658
122
22
1658
287
734
684
1658
262
1196
1187
1324
1176
22
287
1571
262
1571
719
1145
1096
1829
1296
11
1658
390
1085
390
940
162
427
1979
1980
389
1980
980
1661
350
351
980
982
1370
195
1783
1761
989
981
951
195
519
466
541
980
1568
1363
519
1362
980
1328
1202
1329
1121
1315
1449
346
1564
1451
1541
1780
1361
1519
1567
1578
195
167
1507
1505
1361
356
1673
356
1797
448
167
355
1746
1669
1683
203
1336
448
1363
353
46
916
460
162
448
1661
223
223
1918
1855
623
606
1652
1628
1305
1188
1309
1188
1309
347
1472
1335
1329
873
1775
96
873
1189
61
413
448
97
833
1189
780
517
1699
1705
844
2046
1136
1138
1275
837
1459
1705
1457
1409
1456
482
1995
104
1987
311
2046
2007
535
538
687
654
525
2007
517
514
1995
873
1537
2003
1209
1827
1597
1249
873
1828
833
357
2027
1590
1357
2027
956
2046
1699
1322
1608
1602
835
1608
577
693
1680
2046
1719
1620
1620
578
579
1797
1719
2027
1719
1357
1208
1260
1719
2002
1447
1313
1260
1256
1989
1411
1419
1109
1903
1093
1939
1869
1801
1898
1902
1260
1815
1947
1260
881
1868
1868
79
18
611
1260
1869
185
680
918
65
178
150
318
376
762
1287
451
55
644
1419
965
1828
327
392
1053
599
514
622
686
1101
763
1072
1775
688
420
433
1068
1068
1068
560
1206
1205
763
1581
762
98
789
796
1369
98
796
785
98
1393
98
783
1106
1617
1617
509
1669
1401
600
1950
627
627
1363
1521
1681
1668
1107
508
1554
402
402
720
1554
1685
813
1971
469
217
1856
805
509
1866
1489
506
509
1418
1076
804
449
1933
466
485
434
474
496
457
1419
805
1646
813
1125
907
127
105
591
904
364
588
789
576
589
905
771
1993
860
700
545
1993
1458
1646
1337
904
1128
1646
1275
1646
1993
1043
1104
1458
972
1190
792
792
1371
794
794
1287
1048
752
1933
418
1514
1301
1299
1554
663
837
321
1287
1324
1117
418
1239
927
1188
771
1111
637
1024
637
637
637
1617
1771
1552
1829
1495
697
1710
1495
2040
698
1571
696
1778
1494
1770
1740
1561
696
343
343
1207
1024
1106
79
323
1207
1297
1342
1485
477
479
460
185
1854
1131
1129
1142
1065
1815
1107
1118
1414
1792
1022
1835
416
1164
1978
1485
419
1484
419
1022
59
1421
48
1041
727
646
835
1670
1815
739
696
1009
438
1670
1676
1786
1407
389
1531
1815
367
287
315
1158
1158
1136
1563
370
1490
260
1540
315
315
361
359
1852
434
438
359
1237
954
830
824
1612
758
1612
1021
2037
1019
1287
1013
1811
1791
1018
1530
1013
1493
1082
1139
332
401
1998
1998
1998
391
357
1475
1500
660
402
1931
456
357
1923
438
1082
1030
315
467
108
1722
1795
312
1724
369
1281
490
827
388
1057
1301
2018
1443
1440
2018
1357
1111
1178
1788
1580
662
1389
1788
1440
1869
1901
1443
1789
780
1858
1059
143
216
835
223
616
237
618
2015
2002
1864
1992
2018
1838
1856
2001
2018
220
698
703
223
1388
300
2013
153
2015
1787
283
1150
1066
1232
280
1388
1324
1382
1476
1136
758
1476
1383
57
1617
4
1476
143
1327
899
1824
1556
273
1906
865
1916
1830
682
523
1609
1787
1609
1832
20
1104
408
1388
945
1118
408
764
1116
22
1787
232
1527
22
234
20
1055
235
1046
690
1388
612
638
1650
1867
560
1867
688
100
279
1787
282
152
286
176
420
1424
427
1424
279
423
278
1650
390
573
1650
670
1076
970
1650
1074
987
490
591
1074
890
578
561
876
986
431
299
560
137
137
294
92
336
137
298
137
300
1952
282
249
282
303
1544
249
249
507
595
249
83
118
1162
1421
373
1432
118
1421
375
1062
370
118
248
1231
352
1228
1228
1357
1837
1833
1832
1700
94
81
1837
527
1074
152
1074
1735
938
513
933
2033
1869
1869
2038
1871
1787
1871
1760
1760
323
1871
1880
68
943
396
606
120
503
1228
483
459
710
505
585
1400
697
1406
672
1060
710
1172
933
1446
1455
922
922
381
872
540
851
539
380
1300
444
762
1404
1651
1352
2017
1381
1651
1448
1303
1713
762
619
380
724
152
1716
570
1478
619
1045
571
1472
544
381
1452
270
952
450
797
797
406
925
271
934
1045
1370
901
1622
797
1045
270
925
265
1045
185
1419
618
177
1418
1418
1557
797
152
777
527
1041
1911
1825
585
1041
1701
1719
1697
1108
1041
1415
1452
385
1829
143
254
1415
224
1962
1359
259
1081
108
259
322
1745
1519
263
260
39
828
987
809
585
801
259
1961
35
926
1327
1430
259
1041
702
470
1430
1288
1964
2021
799
652
868
779
653
181
867
528
831
1571
1689
1571
1689
1689
1689
1053
1734
1717
877
592
867
599
581
1930
1954
1288
654
1110
1288
1170
738
1288
444
1306
1301
1392
800
802
710
802
941
1733
1471
2021
710
1376
1592
1594
1618
585
1700
1415
537
1083
1611
2021
1373
1763
1965
1958
1373
1958
1849
1495
618
1340
618
619
1620
619
421
1354
806
1354
1501
100
534
531
1415
988
1132
238
228
1415
235
570
233
572
1147
297
1499
1198
1098
1154
1499
1174
225
1233
537
1071
1075
1435
1215
289
1995
1217
795
1225
1466
1995
482
1225
644
1216
1216
762
647
759
1879
1807
1189
572
1994
570
1965
1961
504
236
1623
234
148
877
237
1598
1201
1598
1291
1724
1715
1723
1448
1492
620
1361
1415
1294
1471
558
1744
554
453
1712
1433
1003
983
652
991
429
983
596
983
671
825
1322
1631
1620
983
1514
1681
1593
825
1523
1153
1311
1514
1514
1969
913
809
1914
1703
1722
1968
1514
1174
1073
1154
1109
1202
1165
1155
1643
1633
437
1956
1159
1461
1642
1758
1784
1746
1585
1159
1694
1286
1195
1694
1286
1285
929
1491
1470
901
1285
877
855
375
1715
984
1221
1979
1088
398
398
390
390
12
432
437
437
1972
1972
1972
432
432
1074
1104
1053
1165
901
1190
1375
1299
564
1375
564
1826
1752
1712
1916
1772
714
1394
989
712
1221
671
1712
437
278
337
1712
1051
671
1712
671
1553
1049
1049
745
715
745
1049
80
738
745
826
745
1673
1361
822
1049
665
1221
90
427
546
1518
568
91
593
789
237
1110
798
593
857
1602
608
951
1248
1221
1206
1093
1590
1769
1327
1756
1323
1764
761
761
1790
707
951
665
56
1877
68
704
4
685
590
758
704
665
1320
1270
535
226
1586
665
1276
1704
1269
1320
624
1461
2045
1738
338
129
1704
208
1631
1632
608
881
1637
1689
376
1742
1687
122
121
1591
1591
698
911
954
655
910
220
1221
926
954
563
774
194
195
1843
1888
939
939
939
1686
651
1255
1059
1022
348
1059
260
990
980
1058
1992
1584
2022
1496
1160
1020
1160
1276
260
988
1814
230
205
1955
1977
205
195
695
1977
1264
1798
1820
122
695
1468
2023
316
344
120
90
1131
1121
695
1133
1455
1052
1045
718
205
205
2021
1211
1246
184
1273
1260
718
684
1058
255
1019
1686
683
879
634
718
1799
190
1901
26
845
190
1783
1347
1347
1347
1686
220
1251
1251
1493
1972
1269
220
979
1969
1346
899
976
1062
1686
255
1686
1493
1346
1432
876
1758
564
1696
1236
1543
734
669
1465
255
888
1160
1625
1627
1626
1624
1739
1618
1592
1644
1854
2024
1804
1992
1711
1155
1087
220
888
463
1663
888
1739
888
1339
1757
1711
1335
43
1335
3
410
1182
159
1663
220
1337
1663
1649
199
53
199
381
429
199
199
599
862
857
410
1014
924
475
749
473
551
446
1866
1035
1032
1666
925
308
943
1669
360
1035
1357
2019
972
720
446
1386
652
1488
1163
1215
551
888
1669
550
572
562
888
1604
745
745
1935
888
1935
1999
1524
1657
2025
1657
1999
1657
1561
544
2025
1391
908
1450
1323
1657
763
1931
1341
908
1323
897
652
711
1229
1227
1200
1226
898
1685
271
1681
1943
1220
907
1456
1140
1943
377
996
53
1669
1521
1678
1670
1872
53
1884
973
960
990
1043
962
1041
422
1465
652
1041
906
1719
1669
1617
1163
1523
929
1618
1443
1520
1520
1833
1719
1051
1991
2025
792
990
1698
2028
1698
1697
1726
1991
1943
1986
1203
899
804
1138
1467
321
322
321
955
1158
1466
1051
475
1924
1927
43
1924
10
1235
1920
1143
1720
72
10
77
803
1543
1614
95
897
43
253
1932
1996
1025
1934
1934
252
1727
249
1182
1846
1729
1840
248
1853
1713
1755
1911
1821
101
43
84
163
6
10
432
1344
80
81
85
1908
1253
1479
1462
988
1274
1259
1792
1254
1917
1261
1299
1479
10
899
262
1930
349
203
1714
1482
717
987
1388
1668
2008
1696
1667
1984
1668
633
391
899
1367
1686
1793
291
1482
303
127
15
180
1223
1230
1228
348
1234
332
1944
1069
1023
1297
1023
1078
391
412
993
1345
302
997
635
1826
1658
1656
1469
1116
167
1164
164
1209
1099
1206
1162
777
1776
1766
1207
1343
1549
1116
273
1549
1852
273
702
1096
816
400
1031
1853
1080
1084
1041
1075
633
466
781
438
470
451
444
781
912
923
777
776
1832
1498
1475
923
1781
1078
825
777
1754
770
1079
1319
72
210
1754
1576
1044
1056
1317
1754
1832
237
72
1299
278
1143
1383
1472
1975
1754
1391
578
861
1600
2033
1848
1980
1847
2033
1392
1600
72
1778
66
1072
1073
1778
1859
1517
133
56
405
133
2028
748
948
1546
1485
1769
1797
633
1743
1513
1546
1452
1546
1490
1490
948
2044
1981
1988
29
30
273
1797
646
661
1797
1797
1940
1452
28
63
62
1062
1350
246
1612
640
339
529
540
1472
273
527
340
1267
1358
1731
1904
518
958
1901
1776
114
1609
127
734
1474
967
1569
1575
401
777
1106
1093
412
1971
1969
72
748
1957
1002
748
807
2033
256
537
669
2032
256
151
258
258
1358
537
140
1402
160
857
539
172
615
1100
462
1160
336
1358
1163
104
106
1163
833
833
1358
372
109
918
429
1368
111
539
462
554
596
918
1023
855
868
1394
620
1411
1409
1967
181
1397
1734
921
76
1418
68
1858
1409
620
1409
620
620
927
50
51
51
542
572
49
927
906
1369
453
907
1068
1072
1087
1412
1068
924
1160
924
919
924
918
44
44
1433
2011
905
44
943
1433
1953
1546
1742
524
44
543
521
26
1433
1161
1527
1527
1699
500
1704
1023
1356
727
583
1356
809
1707
1178
1521
1210
41
834
1654
1373
1373
838
1368
1438
858
855
1654
1654
1291
644
1521
657
1375
1373
1286
1287
1397
490
690
528
443
104
693
687
1654
662
662
948
957
443
958
305
1594
912
1301
1904
1297
406
1427
406
1584
490
1465
1702
1963
1965
1957
1957
213
1291
303
773
1035
1295
580
541
1384
1295
1389
455
1709
1672
1908
1749
475
1708
253
300
1577
1753
1404
480
388
754
2
208
209
62
454
253
2041
1248
69
1363
1606
1513
1507
1607
69
1379
1995
1519
1525
1995
1992
677
1379
11
1888
23
75
11
21
1525
677
1863
784
77
1468
1157
76
77
1157
73
77
75
15
1178
1178
322
15
267
15
788
960
962
603
303
993
871
603
542
1888
773
1589
105
1391
1557
586
1581
1653
586
585
1527
287
1351
64
1341
604
303
285
540
503
509
1014
442
819
585
1527
1095
213
1522
1020
1179
96
1095
1009
213
881
692
663
1089
142
2024
1014
1848
1010
1684
1293
1734
1301
881
1293
1312
1292
1991
930
1885
541
1790
1991
883
243
1401
239
362
362
1095
882
1598
726
125
127
722
1627
886
656
1182
1407
1111
1065
1110
1474
233
1407
212
214
47
775
826
941
1500
774
1500
660
702
1496
1067
1595
656
777
1067
305
307
1567
1933
1567
138
1248
1930
1249
311
1388
2033
2045
1113
1445
1350
634
1050
1317
1667
1398
1398
213
998
995
880
1977
730
1179
666
907
939
730
833
1113
705
1402
1114
1890
1402
1114
1890
310
1089
1132
1049
1105
1102
310
1900
1892
667
1896
1215
1895
1699
1689
1702
537
280
1215
1359
1554
1554
1425
667
1047
1745
1114
1656
354
354
353
1762
1645
1635
1616
1589
1574
1604
463
880
1333
1528
437
437
1372
437
1929
1690
1939
1935
1960
1459
516
515
515
515
435
512
368
339
2043
435
51
131
515
294
2043
177
177
512
29
1423
28
1743
1466
434
1561
1249
1565
2004
434
1412
1098
320
1013
613
2004
1390
59
1412
1013
1718
388
613
505
136
614
342
106
873
397
634
635
1629
655
683
791
1183
1175
449
615
701
759
1181
612
213
1460
869
1142
464
1141
12
1549
1478
1549
244
674
974
517
519
803
251
251
1470
1470
2006
2006
2002
492
2002
1190
1226
956
1637
1241
1276
1240
455
1240
1973
1637
599
595
719
1365
677
595
599
1872
991
1770
488
1873
1761
905
1464
1365
1365
1365
1320
12
587
1320
1464
488
58
23
601
1460
344
1097
818
233
919
303
141
236
1365
9
634
1631
1336
1762
19
492
1443
18
903
488
1334
922
919
1431
492
919
919
1417
648
721
358
201
358
1442
488
1127
1317
9
1334
155
1762
221
648
1148
221
648
1651
1183
1008
1010
1548
740
606
341
648
592
825
1453
557
1284
448
694
1286
694
693
499
215
715
1473
1549
1356
1159
1165
693
896
52
226
50
453
1108
853
840
1548
915
836
179
863
1439
1549
863
1184
413
1375
1108
1738
863
1245
863
1549
1238
1093
1387
310
1734
1871
1865
1675
345
897
1871
1773
1857
1865
1873
1885
721
1266
1137
1458
1698
84
318
1432
301
314
88
1458
1413
827
1885
828
1413
773
1697
445
761
1697
1995
773
1698
647
894
1839
1621
894
1537
1610
715
1611
894
850
1540
1930
576
379
240
1197
715
1442
850
1445
1445
1445
894
1099
2021
240
240
179
715
1958
74
187
1296
237
19
753
1872
129
13
30
128
138
1022
124
1296
1021
1391
179
119
1296
55
55
1765
484
451
1296
418
420
450
1872
480
344
928
883
1675
1765
903
1895
1675
228
1674
1688
1837
298
881
529
291
950
301
456
1113
371
24
489
112
881
612
438
993
1675
1675
925
1058
376
1058
1765
1765
432
575
920
695
495
1320
179
1317
1312
453
200
1317
1317
1091
432
804
869
422
1067
948
422
851
466
849
573
562
1366
560
562
573
1456
1140
793
790
107
789
851
2017
970
2022
2022
973
1634
517
495
852
1633
188
1322
1953
188
1966
1959
64
1280
1357
1003
829
329
209
192
209
1240
335
335
156
1113
1113
1113
248
791
644
156
772
27
1394
2028
1128
1517
1398
25
1472
1121
2039
1996
2017
1107
783
2027
2006
1518
1518
6
1034
1517
1526
1094
819
467
1781
954
779
777
1331
262
1585
1755
1505
1546
1596
1519
1551
2027
1781
1516
1981
2023
1927
1569
1473
1191
1551
944
1765
673
573
1765
971
2028
968
1188
1363
573
914
1121
397
1192
573
1473
152
177
133
1962
1473
1561
72
1274
1215
1183
151
84
1737
1200
48
93
1737
700
54
819
48
753
823
1802
823
2007
822
1962
1099
1135
1136
1136
668
476
476
668
1969
356
506
1969
270
476
963
809
1732
476
1964
156
471
1077
1584
2023
1207
1207
1730
357
2023
344
1783
1767
1789
378
379
1103
915
725
377
1584
1100
470
1121
1465
211
249
1080
341
1729
376
1917
409
417
357
1919
529
531
1517
467
1303
658
1080
659
1801
1100
477
1033
1051
1275
356
1121
1187
25
1048
252
231
1801
1328
373
231
1905
1914
1914
463
1536
306
258
311
231
399
1667
1956
649
1677
757
95
1401
1702
454
1588
231
928
1634
1596
1755
1086
1848
1591
463
465
953
403
1348
1515
702
689
69
648
1852
1820
26
1536
25
27
648
633
1888
1550
1883
630
1508
1826
799
1991
1991
114
1511
1820
1508
778
1990
2013
1829
1829
1319
60
648
127
1760
1760
1536
71
1218
1212
1058
1490
1025
1302
326
452
1859
1081
1820
1606
648
1611
1615
1609
1614
1612
1880
1910
1484
1480
1865
349
1820
1613
1568
1568
1569
1575
1574
680
685
332
671
1842
349
929
447
387
1224
1595
1218
1224
2003
1385
734
1224
1524
2004
208
2017
573
489
1224
562
1971
615
615
2001
877
98
133
23
1218
2001
138
1480
106
1440
1639
491
335
542
1993
669
734
1498
552
887
755
662
879
1057
894
1916
1639
886
2
1840
884
1191
1751
1805
1496
2002
2011
351
58
489
475
478
462
489
1191
1418
35
523
2000
2013
188
189
351
1234
1062
1496
1040
1974
243
122
806
1982
719
560
188
683
806
188
176
122
1078
1191
1999
2024
1764
1761
1763
1983
1756
1768
1446
1983
452
1497
177
38
1072
901
449
1072
1547
1073
722
729
1072
1477
1501
452
482
481
688
174
341
340
863
849
836
844
688
654
340
336
339
760
1374
175
1191
1358
1054
1338
84
134
1605
722
723
1995
42
177
107
176
832
548
1222
917
957
490
394
918
805
1222
832
807
35
942
901
839
1445
1426
1463
1222
1244
991
1887
1882
1245
982
1887
662
552
552
1869
42
511
1245
32
2005
342
42
1805
1805
465
1222
151
69
42
69
472
1535
2039
1672
1404
1940
1672
1159
1402
1245
1406
1406
930
1393
1305
1240
1398
1257
1287
1220
855
2036
814
1547
772
1499
817
783
1405
837
1542
1672
1572
1399
2036
1574
614
1189
1436
1751
1832
783
1687
579
590
860
1569
806
1583
916
1541
958
1275
1270
385
1410
341
1414
385
485
294
1292
783
295
1340
1381
477
472
783
478
479
1854
485
431
1848
1847
1847
723
723
1846
1843
673
674
1339
1540
1291
673
1716
1689
1710
1416
1124
484
931
1540
967
691
41
1525
950
967
1664
723
1989
1492
590
1939
588
1672
1957
1821
454
1179
323
707
41
253
1525
751
1145
967
1159
1518
1606
1520
795
1015
786
778
480
1469
1832
41
1609
41
1958
1469
759
1264
1242
1242
1664
1942
1988
523
1943
613
1244
1940
611
1875
611
1875
1074
2044
1512
414
1385
1243
1082
1463
977
1389
1861
1861
746
1389
155
155
323
1259
143
1115
1388
1214
1178
1414
1820
1013
657
1753
1777
1492
1414
1113
459
1027
1388
1097
1046
1217
997
1389
1526
1229
1229
1262
1264
165
1791
81
394
394
498
650
1731
817
942
575
65
2
1733
1814
336
1784
1940
820
81
1067
1071
909
1784
1703
1645
909
807
1559
1724
218
807
1740
429
876
1364
737
227
997
1334
1532
783
6
1966
1953
1969
1593
1542
1960
1961
345
1403
92
357
357
1076
209
303
1733
126
172
1823
1348
305
239
92
1213
27
301
1951
1255
887
1279
873
1951
1819
1254
1255
1735
764
997
873
220
997
1285
1302
1845
1781
76
1744
1774
485
1630
366
417
295
291
427
1133
1629
366
114
1828
239
1629
1629
1828
1672
996
1349
1437
1433
942
215
941
805
803
787
1297
740
1349
1301
1191
174
623
220
220
996
929
1984
1951
1258
1026
269
1252
1181
1249
1252
1267
1942
1348
525
1819
1633
516
1536
532
941
197
942
198
756
757
1083
199
142
196
1629
91
1616
1598
775
1565
1762
1029
1881
637
1615
1603
1586
1586
910
1944
1595
1634
1316
1078
1634
741
1633
1184
1636
264
267
1250
1971
1290
1972
1582
1250
1578
1779
1578
1271
1767
38
1765
1256
508
1598
1252
118
935
1271
63
1620
1011
634
634
637
1468
1556
1207
1027
889
742
1837
952
977
974
1468
1927
804
401
350
252
251
1085
375
1554
1537
450
1820
495
1144
822
209
207
112
875
114
125
822
780
1806
1034
1279
1837
1348
1873
1646
1096
1274
1923
1620
1282
192
195
874
1974
873
1362
1229
1139
1799
1799
1334
883
1806
973
970
1837
1332
1819
1620
77
873
610
76
1948
1898
612
1891
1620
1671
1231
1770
1258
885
885
1770
905
908
900
879
978
875
911
943
1154
779
1837
413
796
1550
1154
1155
1497
413
1152
65
727
1154
1711
1713
1748
59
1633
1624
382
1711
721
382
1927
1946
1888
1797
1997
191
1922
1711
1944
1815
1711
1996
1455
185
125
1809
496
90
125
87
497
59
731
583
234
92
1231
718
2009
9
144
718
716
583
39
136
91
1231
127
768
494
577
60
23
496
409
1231
501
489
731
391
424
863
861
627
1796
1901
85
1942
1893
1792
1051
102
280
306
102
1004
991
963
436
1389
497
64
583
583
1288
550
1834
630
568
1835
373
560
204
1925
1038
785
13
1841
207
67
135
1166
1645
1644
1925
1308
1660
202
132
60
1469
60
1313
1383
1504
1508
1383
1466
1850
202
1071
1518
14
1518
29
29
529
135
1004
245
1274
104
774
114
529
112
14
1149
990
1512
1512
989
1803
191
1316
1518
529
1800
1553
862
592
1296
529
1186
1518
868
850
190
1963
1399
1189
1147
1146
1472
1481
1963
65
1962
1241
1963
1239
1664
1963
949
1962
1833
895
931
1513
889
1394
929
883
1351
2009
1874
501
1957
1633
1873
1091
1585
528
1317
194
321
1093
340
196
957
448
1139
501
1206
465
198
197
474
1105
501
1172
1108
501
633
1183
633
1180
1085
1591
1609
784
1124
1133
1162
1162
784
153
1707
1920
1589
1754
1303
1785
1562
1547
1464
167
1804
166
1162
2002
153
51
9
189
31
60
67
1461
2015
1926
1603
59
676
7
1351
1520
1603
676
1394
1398
1625
1400
8
43
1625
213
91
1477
49
294
1315
1315
252
296
400
835
592
1342
726
225
2039
1240
2002
253
216
296
1994
218
5
6
84
1598
731
1559
230
1591
1608
1081
928
426
395
230
39
230
1258
230
1256
111
17
13
1239
1342
1257
1239
1218
1239
1228
67
265
1168
346
258
451
256
279
260
354
261
484
1476
262
263
1696
1680
1695
448
1416
1510
1509
1166
1210
1476
991
1308
1475
455
1823
1457
15
287
1914
313
274
650
272
736
660
1336
1745
275
1958
1024
924
1958
1932
1638
454
261
1958
482
1138
1301
1958
1183
1473
1731
1103
1731
1986
1040
15
1162
1033
1086
1286
606
196
468
1987
1274
1906
1838
468
457
1986
353
263
1081
1081
1277
276
2028
1379
1247
116
857
519
1790
910
1492
1492
1492
673
1947
1240
915
736
1677
910
1677
927
857
492
462
1871
458
1822
120
91
1822
1275
1975
1677
124
317
1194
1887
1780
1821
1779
1821
1822
2010
598
1822
1822
2009
2015
28
1542
1677
598
1059
1060
620
62
31
1287
1062
1545
31
620
1290
621
112
387
328
329
1736
1650
910
1668
910
829
621
2022
1655
1128
1653
1002
348
1580
1623
1576
486
348
948
360
1623
1314
439
1133
404
1653
160
236
839
1293
1293
839
842
2042
487
1399
1133
1792
130
255
130
303
301
712
348
348
615
1701
1838
1932
791
1419
130
791
755
700
406
197
1378
334
1857
442
1133
698
552
552
1378
49
626
649
984
48
48
808
920
69
920
48
453
459
701
48
2027
696
1542
1441
148
1442
319
1467
1441
628
1771
1441
623
926
627
522
838
1421
132
148
353
1183
518
757
280
148
603
1926
534
535
534
543
132
1372
1675
148
312
1373
1291
1380
132
1673
666
924
1288
1544
1779
1308
1309
1782
1309
1920
1310
1311
1924
329
341
1665
943
939
1625
809
108
1628
1629
108
1629
1950
1741
43
236
1628
780
1543
1550
37
879
873
1775
712
942
699
1654
917
1362
1382
155
223
197
229
1354
1307
1212
463
1544
1271
1271
1610
669
917
917
724
1213
917
1191
1555
935
236
830
986
300
145
913
1548
230
1261
900
1544
1418
1423
232
1410
936
104
936
378
110
1232
1223
744
1239
1792
1555
558
1177
378
378
1555
656
1782
668
1267
2032
1993
1839
1698
1782
1847
1555
922
436
67
507
92
42
2032
2032
914
1938
21
42
2032
1269
4
205
1537
1537
219
496
1056
305
2032
378
308
453
736
117
2032
601
601
539
346
979
601
976
1953
1056
1463
1782
1462
903
346
459
346
1675
939
790
1782
906
1713
685
906
290
867
1531
1922
1922
1922
1020
1531
15
1743
1525
621
419
939
903
1521
888
1700
1794
367
482
482
606
482
538
638
958
1300
1293
482
1283
1713
2040
1825
1922
1883
1521
1489
1437
708
1886
672
724
1825
1882
638
1708
636
1914
1883
639
864
1851
1491
1453
1532
892
871
1913
685
707
1915
1825
871
1825
235
1087
233
1229
1229
245
233
1921
1602
646
283
1973
1261
1162
1261
1160
1164
1166
1208
1974
253
1973
225
1262
1082
1973
843
1167
591
1166
778
388
830
1603
718
365
942
697
1898
1899
1910
365
1525
1973
1894
939
1866
1113
146
1603
1602
98
252
252
1509
1114
1113
831
843
1564
1916
1806
1838
147
266
1012
239
832
1951
353
322
364
995
1004
919
685
921
529
361
793
711
1523
1012
1515
373
363
1387
1076
747
1736
266
889
744
184
178
10
358
1949
347
312
573
266
1739
253
1430
1831
1707
1694
266
994
266
1425
1156
1092
1314
360
832
1119
994
1184
1181
814
1836
1766
1716
1904
1202
843
1086
843
1904
1086
1086
1960
1971
1965
1232
1086
1086
654
1481
728
1480
292
814
347
482
471
91
1232
171
1916
188
425
1543
10
21
84
3
1240
1916
1270
269
1558
1567
1248
1250
1049
1974
1686
1829
1880
1881
311
1662
1728
1730
1844
311
269
1844
1873
1420
266
424
445
428
2020
344
377
165
417
367
269
121
299
1705
2020
484
484
689
1306
775
165
470
772
1598
834
344
1839
470
1899
1570
176
909
875
8
44
1836
35
55
147
1570
1261
1570
1440
274
1570
1170
1449
1444
1151
274
1442
165
1467
1783
1264
89
269
1777
1974
121
51
1233
1767
1862
1862
1936
51
1074
757
643
757
522
52
126
1082
1936
121
1081
1453
158
1161
165
1132
1125
1077
1277
1133
1275
1133
1274
224
146
1427
669
1641
670
1658
1082
669
1584
656
1429
1602
924
459
1617
1638
1620
1618
459
1600
1074
464
895
1339
1409
1413
1602
1602
1676
1318
1770
1286
1236
1237
1762
1615
1068
1248
1261
906
1615
1979
1237
1068
1897
1236
1151
247
1030
1507
1110
1979
1071
1979
397
1507
240
1507
242
1615
1936
1872
409
453
1897
1998
770
2005
1069
308
1832
1069
722
1612
1626
1604
1629
1834
1152
1484
1877
1498
1891
1097
210
1137
843
770
769
1994
1967
769
1154
1874
1471
1335
1471
1331
1967
1951
161
1949
157
1949
1599
1994
389
858
1243
1874
514
531
1624
589
1121
1399
1891
576
852
1995
582
852
1974
1399
1642
1055
1088
1088
379
1090
587
70
1974
16
1090
373
372
389
818
1953
817
1220
372
657
1967
641
290
665
650
288
539
1601
1609
1613
1594
1171
1627
1543
1611
1055
841
1944
1055
898
1894
1818
935
1803
137
992
890
61
389
389
454
1635
1
140
44
884
373
595
852
112
853
123
904
70
88
54
417
1837
937
418
502
865
1658
854
844
462
584
1749
853
1313
1834
1832
1726
1749
1217
1849
1545
1832
1698
921
1216
313
382
786
1188
516
343
962
516
921
1218
238
1510
678
460
554
678
511
328
549
1597
1149
1599
1036
1027
299
716
1906
786
705
711
867
1844
815
1906
867
992
933
1315
1182
711
2036
992
1315
1406
1526
2045
1514
1385
478
479
839
1503
957
1315
1956
1119
1139
1969
841
1959
123
404
1217
1119
504
1113
839
972
1112
244
1331
257
1027
811
811
471
1210
1330
1503
251
1141
1554
1955
1954
1554
1253
1988
1463
1662
793
16
16
1004
896
1405
1373
1380
1195
777
1397
455
904
778
555
795
455
407
782
555
474
474
474
992
1460
816
751
1210
1166
1460
1384
1210
1763
1188
1763
1756
1550
1485
1610
1989
917
1993
1218
1210
1769
1924
1577
1769
1926
930
935
930
1602
1988
2006
930
935
2004
695
1899
692
804
916
756
756
451
1135
916
1135
1899
1055
555
460
115
756
473
1133
1184
1271
1193
1397
465
1195
55
677
1187
829
1595
559
900
1032
371
559
1807
2011
353
572
727
641
572
353
926
900
1551
934
926
805
809
803
302
178
376
1141
461
645
1151
219
539
900
259
1101
677
679
292
509
977
481
529
481
679
961
964
1907
1008
975
980
354
1485
1509
555
1510
508
900
1154
1202
354
1208
1679
1772
1776
1665
1668
1681
1667
193
193
360
193
1614
362
735
362
1614
360
362
193
210
362
1006
1007
647
647
164
1215
1903
1006
1104
471
1046
46
43
1900
636
301
1698
166
274
636
497
1125
44
1578
166
44
2029
1392
1392
1662
46
1392
1253
1883
1252
1870
1009
1597
1257
1257
636
1596
524
1727
524
524
1662
1858
525
1847
1724
2035
404
1724
451
2017
1548
1571
1769
2035
1931
423
1725
1662
758
1568
270
309
756
756
1953
1999
1571
1048
318
412
905
409
1025
1048
1652
1652
1662
1475
280
1565
646
1475
1533
1577
1585
1142
1142
1475
1475
1930
983
628
631
2003
631
1993
1652
1583
412
692
688
983
352
369
755
1110
688
533
714
1840
661
1368
1015
1016
1022
1525
35
1385
2042
1524
32
58
1358
1043
1017
610
49
1017
1931
1652
96
1351
418
912
682
421
1583
1065
421
1141
1199
1117
1313
1670
1301
1079
1100
682
2013
782
2013
2012
777
2012
563
1
563
1666
1346
421
1955
1838
1056
1600
1493
885
243
225
225
86
619
1932
638
614
1673
86
421
564
462
462
690
875
1409
1409
3
1409
1493
160
333
1235
3
1234
622
1073
1232
1072
622
1503
275
1078
1078
418
420
534
530
279
502
1142
1142
11
862
0
366
142
1650
1650
339
604
78
420
1941
337
1790
418
1882
1772
402
595
81
320
329
324
328
1941
814
932
1770
914
933
1539
1603
789
958
867
218
1447
215
1093
1593
1098
1426
1548
890
1567
450
936
1567
592
942
1162
894
647
1296
213
1373
894
1567
1356
823
214
1536
894
1552
1547
1215
1538
894
1315
499
920
812
866
865
948
1331
915
883
921
788
817
499
1312
986
919
561
1521
1437
1520
865
977
1223
982
1312
1330
1450
1451
1441
1317
312
1451
1067
1886
1315
212
1472
1425
1472
59
1425
1746
438
510
511
1521
204
481
214
204
1473
215
1544
1566
1560
1475
212
594
212
2041
2041
1367
1727
1957
1474
1957
2041
1957
470
2000
1419
1963
1886
287
305
1962
78
1424
1582
325
1580
1425
1957
726
1580
725
1312
1706
1349
1529
1312
1530
293
490
1312
474
295
1202
457
276
295
839
296
941
473
1202
584
1312
1529
1424
1647
474
1695
1039
866
1610
1695
758
1695
946
758
1112
182
772
670
1324
1695
661
501
957
500
1894
1300
947
1408
1894
1897
919
2019
590
773
1934
1407
606
851
590
1425
710
727
1897
677
698
985
1866
1420
172
297
168
1141
1304
1597
1725
742
919
1556
279
1597
1298
272
1556
1955
1953
263
1249
1963
1953
268
1063
1420
1249
248
1249
247
587
1937
581
488
689
1833
1912
1748
224
1249
256
1918
1075
939
939
799
782
1910
1910
1077
877
891
903
902
902
704
1813
1813
1297
1280
1918
1895
759
1877
1385
1076
1867
1868
1333
1674
157
1300
134
1292
1382
1296
1918
1505
1523
1626
1895
1601
1509
1181
1537
1181
1918
1683
1535
3
6
1072
993
1621
1186
1327
1324
1621
994
965
969
785
786
81
1626
439
1704
481
1390
2047
700
884
487
1688
962
215
979
1020
852
484
565
571
485
936
1931
218
1419
1844
218
829
1723
215
941
941
941
934
214
219
973
448
448
1304
1683
459
459
1646
973
1545
1541
1546
1559
452
932
1848
1533
705
922
1202
1850
708
419
1490
1939
708
1688
945
308
946
1683
1823
1823
949
1688
368
168
181
1823
169
2017
2017
1392
135
1949
368
2030
520
1949
139
1156
134
368
554
1249
1823
1255
1423
2023
368
1169
385
1716
2035
159
897
226
1169
1821
1518
1877
1516
1681
1965
1423
1934
486
1962
1423
904
492
1423
381
820
301
66
268
159
490
701
1083
877
1025
1033
868
1020
301
1196
1305
300
300
1957
868
1222
1233
1358
1233
1517
65
1245
679
1233
224
784
1358
1653
848
1358
823
1341
1340
1957
1341
1340
1506
1079
235
1238
1231
1219
1820
159
1047
1047
1506
259
327
1392
234
1874
1376
74
95
7
2019
324
1992
687
2009
2022
497
259
239
425
884
884
758
163
258
162
168
1507
107
1787
1961
1961
1961
1961
628
144
1785
236
258
1793
186
137
779
119
125
109
779
1249
390
885
1740
767
1743
762
566
195
1587
1341
195
1506
973
1226
979
896
767
1969
1648
1617
1335
704
885
709
1823
1971
1887
1335
1971
1169
1968
2045
1230
391
2045
1007
2042
1461
1461
1386
147
147
436
1819
974
2006
1230
1974
1141
1983
1227
1360
316
1723
422
1140
1156
1707
1821
1707
1812
1119
316
90
90
1819
1038
194
814
1491
738
968
296
790
1491
779
1303
1707
1707
754
417
926
1323
296
754
1764
628
1607
1225
1882
1462
1680
1270
1737
297
256
793
310
2042
1242
340
340
1242
1243
1553
1366
348
1242
1171
329
1936
117
801
309
1973
120
779
781
853
1807
1350
973
1973
401
764
120
1746
1609
629
211
1539
1994
1746
1998
1923
300
282
416
428
1366
1155
545
1148
412
1914
1894
545
211
1901
1148
1936
586
1857
1031
1758
817
1141
842
1997
1681
928
136
142
1143
222
1644
1645
1775
1647
336
22
1143
1100
1049
51
126
34
48
412
401
51
1142
366
366
431
948
435
670
639
593
126
592
647
1845
1817
647
1775
1807
1923
338
338
338
338
1011
356
1181
511
354
2018
771
1998
1006
1006
1181
1006
1006
660
1592
661
661
660
681
126
1011
588
1764
401
998
401
617
1431
1806
1184
639
1633
1141
1507
871
1169
403
867
867
1236
1276
1276
1609
1633
1594
1764
462
445
1236
126
1137
615
880
1381
1278
615
1279
880
1455
1903
1450
1823
125
100
828
1634
968
784
1722
972
819
1794
516
1381
522
393
1381
518
1487
393
1381
618
1094
1194
1202
1479
1126
1202
1195
218
1612
393
1605
1615
1527
1497
393
1613
1612
1521
882
1943
1404
1008
1488
1974
1524
1403
1699
1157
1442
883
1446
1139
324
323
320
1076
1449
267
1876
1654
1111
1876
208
1179
208
209
1308
254
586
1806
1592
1578
297
513
1584
1311
624
512
253
252
624
199
1527
209
512
1921
209
1958
800
624
625
119
20
20
209
20
458
1371
20
112
199
316
1712
51
1934
28
1125
28
28
1278
1278
1404
1273
1401
1278
1268
50
55
55
1042
711
711
599
636
211
637
1464
28
211
1517
1132
1893
986
600
279
1891
276
1889
1683
367
1828
1035
61
415
986
1531
1828
1256
1714
1149
1719
1710
114
1694
333
922
827
1710
1874
773
936
515
1244
945
1030
827
1514
293
127
1244
1523
997
1320
342
1287
1711
945
1037
1308
417
1793
1766
1786
945
417
1684
1762
692
696
699
302
1298
655
1211
1710
1307
390
398
285
287
495
581
1485
297
1494
289
1501
554
289
528
700
1633
554
581
548
1026
1067
1076
1305
1859
1300
1286
1905
700
1907
439
398
847
418
399
144
378
1657
649
581
649
1606
649
1308
1308
1464
945
581
1633
1464
940
1464
1326
1639
1220
1862
535
531
331
2001
692
331
1857
1314
692
1319
1639
387
692
95
95
1398
1862
1908
1706
30
1173
1921
1879
2030
1908
1925
2001
94
1281
94
1945
47
1388
1503
923
923
1483
2008
1130
866
144
878
1130
154
1851
153
1371
808
808
808
913
2005
808
1130
705
1706
1130
1540
2000
1581
1491
1580
1573
1706
501
1779
1696
1782
1825
268
150
469
1573
1743
925
597
1168
698
1232
321
1822
141
698
141
641
753
755
1718
216
1595
861
1722
1592
1109
1573
113
1187
1186
317
940
1690
1687
31
1681
1750
15
20
317
184
317
317
419
1468
1529
1587
1679
1529
1529
1124
1430
1030
1030
1069
850
181
860
644
1679
262
813
219
915
826
1031
588
222
83
828
1679
757
757
757
1679
577
257
757
20
20
720
1437
1431
828
1119
859
82
590
1437
1433
82
81
733
109
1411
1411
1863
1860
1975
2026
1968
80
1974
893
733
53
864
720
257
859
2012
1002
1706
1741
1002
59
866
856
856
871
1902
1175
326
1909
321
337
273
337
257
1250
257
1950
1557
527
543
532
1557
1428
534
1418
1428
1039
590
1557
540
1373
641
681
1481
1950
1759
1767
1799
1178
1364
1380
354
1602
1588
1538
1950
1950
1603
1663
354
1771
1981
1339
1981
934
135
1178
454
1672
1788
1031
449
914
920
135
1902
1409
1845
1421
1703
1004
1557
820
1217
1245
355
1284
1524
1225
428
822
1333
1333
1300
819
783
428
1551
1821
1758
1044
1688
1730
1584
1664
336
390
800
505
1284
1004
485
969
971
795
428
320
792
320
328
320
846
1352
1941
992
1604
530
1935
428
740
992
743
154
702
75
198
194
785
194
339
154
1075
668
1078
1892
1320
1262
1263
1263
1385
1048
1385
456
1305
1385
1565
1564
766
1844
50
1699
1342
1556
1557
1343
1782
690
810
690
809
202
1742
2009
1336
1609
1955
690
616
614
2022
905
909
909
1789
554
151
533
1495
151
607
737
163
605
467
1221
607
1516
542
607
1520
607
161
151
363
151
365
756
647
363
501
736
739
161
128
425
1548
1005
1007
1841
426
1223
1008
998
1334
805
953
469
1908
1769
1769
871
2027
468
2024
2038
699
2026
2021
1295
1135
1293
1931
885
1985
1548
1921
1492
1705
62
61
1294
237
1291
1290
1338
998
1344
1881
1344
314
884
50
753
1146
1146
868
893
63
869
868
1146
1644
1087
1087
1087
1087
1060
782
314
1259
1259
246
246
1878
63
305
1146
938
1931
1515
315
280
1351
1793
724
60
62
1977
9
1976
1893
227
77
60
200
219
205
1810
1931
1817
228
1080
248
1931
1012
478
1931
887
1797
710
1890
1714
1321
1714
773
403
1022
918
773
918
1189
1353
1353
1182
1105
1002
1346
1112
983
768
961
974
974
938
1069
768
1859
537
571
334
1008
1892
1911
1890
1670
1685
1860
1891
1879
1879
1209
1878
1906
613
1860
286
1868
1750
514
1587
1587
556
1382
1354
1187
353
372
355
355
1960
1276
430
1935
40
478
938
343
938
478
479
428
479
1597
1115
1597
540
1599
1599
1115
1415
556
30
0
1245
2
1240
1408
881
1115
1692
931
931
1489
1418
1125
1692
40
1693
1717
41
1697
476
1692
1591
417
1692
1506
1690
372
675
473
473
1545
697
1155
536
645
1474
530
1230
1206
1724
1351
530
875
1115
1884
1944
1208
1884
1714
1339
1945
1824
1297
1580
1346
1580
1597
1593
436
1206
995
995
1346
440
1010
1209
1752
1279
440
1493
1884
1279
1354
1972
145
14
3
737
8
898
543
1884
1801
801
987
1515
42
152
1506
898
978
3
141
686
1102
1641
686
997
1641
713
1266
1563
288
530
1561
1585
1545
1517
1334
1357
977
1452
1334
1533
907
923
1608
1654
40
856
350
1777
1278
350
1507
1801
1770
1767
1534
1801
345
1534
1800
1830
1266
271
271
1628
1376
715
722
818
1628
1355
467
1110
1285
1058
1060
1234
1285
467
950
985
972
1849
986
825
826
1849
1847
2026
1923
1989
1810
1991
1630
1361
950
1618
1035
1179
1286
1474
1156
1166
1474
1266
1225
1225
818
69
1474
408
791
408
774
835
1042
408
408
1630
207
1380
1405
112
818
394
269
601
658
665
604
1631
818
1588
1755
269
1744
116
1591
1631
118
1140
342
84
105
137
1141
134
1742
13
848
828
1939
624
826
812
670
864
1939
782
782
1630
430
381
361
556
301
1141
635
723
122
729
556
1140
665
637
636
556
1997
1965
122
1920
1305
2036
1470
1092
1137
737
1140
1985
2036
940
1909
940
1290
1876
1985
629
629
1895
1293
1028
955
611
729
721
1536
940
556
1895
123
91
1922
1541
1028
293
638
611
250
47
385
886
1505
245
1533
1533
867
590
940
1564
848
605
1948
1816
1919
810
1919
176
139
1854
1062
738
738
434
303
137
1824
274
380
1640
86
831
969
893
121
871
141
872
1853
1319
826
1583
1915
1010
370
977
369
978
630
898
369
1126
1541
1036
1929
1128
1922
1284
1337
1344
371
1008
137
352
369
1541
648
1785
661
715
648
1511
74
1785
1406
1406
480
1041
1403
224
927
225
705
928
68
952
953
566
561
561
704
648
566
68
1275
1278
1923
1923
750
84
110
103
648
86
1980
794
969
1980
975
526
519
596
100
968
969
1292
100
1474
1460
1182
1513
262
793
2026
2024
1359
238
1086
972
1309
1148
313
1937
1012
305
1400
1939
1516
2031
1358
1209
1358
415
1400
415
412
2031
412
278
125
1309
1140
1140
1208
332
330
1140
125
330
1494
262
467
1665
2044
355
378
495
2044
1180
1179
818
866
831
1499
2042
1585
1748
1738
1869
1926
1926
1665
1677
1211
1499
73
1399
1131
1524
1130
1353
1134
1395
1924
1750
2015
1524
795
1902
373
2035
319
1677
352
1208
584
1295
1209
489
1289
447
90
359
309
2028
986
316
986
1955
1383
1288
1367
986
1247
430
1407
1404
1359
362
1212
1028
1616
1200
1200
1634
1200
430
566
1546
2005
1851
1804
1546
1525
1804
1386
1476
1386
281
1996
1894
1687
1386
1890
378
1891
1750
412
362
1476
1386
659
1237
659
853
1201
1056
1128
1148
1128
1056
1096
361
482
974
397
1135
359
337
1512
361
343
1527
1526
361
1129
423
1129
1106
1534
1442
423
1153
1361
349
1780
1780
1776
1780
1129
582
1025
361
673
1025
621
342
1087
619
211
1069
211
252
1364
592
1045
1077
342
619
431
216
1486
216
343
1025
1069
533
74
859
656
854
529
621
252
1082
620
249
1028
1905
1028
1897
1877
1857
1669
1877
1736
1025
360
500
227
541
1486
1541
1892
1486
1685
1667
392
1042
227
1486
1054
645
645
653
178
1633
1673
2047
1917
1905
400
878
361
360
278
273
1899
388
281
2005
437
399
366
1763
388
1429
1429
456
456
1429
1635
1399
1262
1655
2002
1655
2016
83
1630
2039
2039
83
868
2000
75
868
871
871
1595
820
1205
1360
1367
1371
821
1205
1371
821
516
821
200
1470
1765
1158
1755
200
1581
329
2006
1648
711
895
2016
1630
1542
1543
1650
1650
1652
730
1168
200
404
445
1652
448
709
943
752
714
183
983
689
991
991
687
981
1076
1630
2016
159
1630
355
1073
687
1816
618
655
963
1766
1766
564
1816
1816
1889
45
414
1889
169
1256
346
352
882
169
349
377
666
310
1879
1441
310
1319
670
1516
1325
1867
1092
1316
458
1201
1201
382
1396
25
2033
1865
2047
1806
1810
2029
633
634
1982
889
882
545
544
2016
1485
1485
912
1880
1809
927
1989
1880
1618
97
1617
1424
1985
312
1504
1985
981
1818
1397
981
651
575
1755
521
1467
1755
1849
1441
382
615
1809
878
223
2013
2035
1810
1857
1881
1864
1816
1683
990
1440
358
1816
480
1222
483
1808
187
291
294
1816
53
521
520
499
700
496
521
645
525
1816
1175
1914
496
2011
1158
1518
1809
846
855
954
1397
219
217
1090
318
301
1159
1090
759
1158
723
1915
709
1987
725
242
882
240
1351
311
335
1296
1915
240
242
1539
335
334
1750
1590
1542
722
1467
1467
1881
1986
984
633
957
953
933
1130
899
334
99
900
941
1914
826
970
1284
1284
1201
826
1093
1216
1040
1225
1065
1309
1114
1696
1883
1043
1680
454
1293
1744
1707
1907
1052
826
1910
516
1665
1672
1863
509
1051
1195
390
974
1078
1078
973
1655
1046
972
1190
907
233
2019
906
905
1332
1278
1308
2020
1308
1308
363
1308
1933
1342
1165
336
905
57
1332
58
76
68
917
1045
826
200
904
1045
1045
90
1956
277
270
265
608
471
470
93
1165
957
58
1212
96
644
795
1479
680
1573
1575
102
18
795
1567
1714
1579
1579
376
1888
990
516
1566
947
946
1566
410
608
1515
1566
1564
1556
211
640
991
665
1895
1878
982
760
1528
1396
377
1905
19
18
1403
714
169
714
608
1842
714
1528
714
1533
1530
1468
608
1481
162
737
1481
645
645
1061
251
1130
110
310
1475
1468
1469
1271
1876
64
1684
310
665
310
1666
209
1271
526
1469
1155
1377
1050
1571
771
1040
773
782
110
1794
844
712
720
1571
162
1040
1410
761
1377
720
162
162
641
1190
1770
1929
1783
1783
1190
71
150
1921
266
317
266
1530
294
1324
913
1797
1060
917
1062
1297
1194
1646
1156
346
1710
1008
1421
960
1710
459
1050
1885
1422
1512
1513
1511
1530
1083
1300
586
1923
586
1624
474
113
1022
306
304
306
1872
528
113
304
1624
724
1900
1675
1541
1864
1863
1862
724
1906
1127
271
1073
1829
1040
1541
1663
518
892
628
605
601
1598
724
1928
1559
892
1050
1359
1455
1452
1049
724
1192
1479
1327
889
949
43
1964
1965
1961
1536
1935
43
889
339
1831
606
1831
518
2012
1808
766
1789
379
169
169
994
255
1791
379
105
10
1794
1324
1271
1151
1252
1266
1794
255
1273
1737
678
1131
1172
255
1671
749
389
255
1948
678
1491
1489
994
382
1789
298
537
348
368
1948
1089
1989
1555
1593
71
1597
1183
1755
1473
1538
735
1966
1964
1274
1970
730
1956
1105
1959
610
610
136
610
198
194
526
1035
1956
610
446
1543
1991
1089
433
882
446
988
1731
902
1105
526
136
902
902
2042
39
730
1095
1991
1991
1570
2047
418
599
418
1388
1131
1730
1270
1217
340
822
526
155
155
84
1867
1632
731
1536
1131
386
1536
1174
1131
387
1131
499
2044
499
731
1186
1187
898
906
812
498
360
909
1711
286
774
1579
1616
1636
243
812
1782
814
498
1782
1978
363
2039
2015
847
814
1747
739
847
1774
1784
739
1784
1027
1173
1749
1116
1904
1110
1483
146
1230
788
146
1883
988
788
85
1050
1940
1988
1606
1883
1490
1917
1052
1342
515
1032
595
1032
1052
1165
1052
1052
1589
192
198
1584
1597
1596
1165
788
478
478
170
1031
842
2023
1917
2019
1060
596
1067
1110
2017
2016
2018
1246
2019
664
597
557
588
1115
639
1740
1752
527
1916
886
1588
1916
1577
1104
123
1595
1104
1587
1107
582
439
1899
391
1483
1926
389
1107
927
421
223
87
511
829
1481
1627
1312
619
658
421
399
502
1489
1489
2023
1314
1480
995
1007
1005
851
993
526
996
576
1923
845
1471
82
6
1875
1110
1315
1909
1909
788
345
1898
347
396
706
40
2043
948
1606
961
224
184
2
190
14
1606
1016
21
1908
1607
1190
953
693
1558
1749
254
480
364
106
1774
1870
181
1359
181
891
1377
526
890
189
185
559
890
1188
212
141
845
2047
1813
1917
357
357
318
143
295
186
186
186
796
1378
1378
898
91
33
186
1239
1237
1239
1378
834
1277
1239
2026
9
562
1396
1114
691
678
952
1757
699
2026
947
685
1201
726
1960
1595
1935
819
968
1377
1115
306
1351
91
119
1395
135
1527
641
2025
819
1615
834
1250
926
1743
302
514
1686
1036
1684
1250
1124
1313
663
111
105
774
1685
786
1685
124
791
801
971
193
1277
1403
193
802
193
938
1980
1378
958
1029
1269
1976
1151
246
1279
1001
428
1719
429
969
974
968
793
1226
1226
1226
1403
1535
1205
1471
641
1454
1460
1470
1704
1461
1158
1157
429
1797
1043
1181
1241
1029
1461
486
1796
1831
1585
1831
1796
1272
1577
1041
1919
1030
473
1030
1001
1029
1903
89
1607
226
227
226
1029
706
705
473
227
1082
1852
1834
4
753
946
1345
766
998
115
1645
1645
975
1240
1127
1035
1037
975
434
1037
1044
1133
835
434
832
1498
1345
39
1203
1203
47
1100
1158
1345
1100
1624
745
1129
696
1542
1543
1608
1031
1060
1434
1063
1849
1766
1063
1345
1649
1434
1679
803
1129
1613
1613
1120
930
803
803
805
1106
937
676
902
998
980
980
179
986
976
1206
1030
1065
2019
1432
1405
533
676
1043
1434
1379
533
374
1075
972
533
143
462
739
462
131
1513
1506
1016
1205
1215
963
143
2046
236
462
40
1759
707
1666
751
1723
243
45
676
1612
751
674
745
1984
50
148
2011
2009
1060
1104
1692
1693
462
533
1059
1184
1184
236
1758
336
277
1593
466
505
218
471
1778
121
1196
678
61
336
1472
1865
686
1778
178
1865
458
466
1108
466
1449
1132
612
1873
610
1449
1449
9
757
426
18
844
1590
1159
1159
1852
1159
1132
1132
1250
1250
1940
1250
1315
1318
1883
1314
1776
1642
1649
1776
1014
403
1318
679
334
387
1091
1318
679
1776
100
1688
133
1634
1870
1688
1124
446
445
1624
1012
1639
1749
2037
2037
217
217
445
1550
1550
87
1374
1748
1384
1352
403
1405
1405
1460
351
1204
358
406
759
1752
1678
1662
1466
1681
1666
1947
1945
1599
1948
1637
1587
657
217
5
828
270
444
419
395
1662
3
825
712
755
712
623
585
1125
1277
168
174
714
1436
1436
254
228
227
105
922
104
922
22
1864
217
1078
107
714
16
111
714
824
805
1264
930
143
1264
923
34
275
149
1073
985
275
130
985
281
1640
94
1635
1693
806
943
1702
94
1709
365
920
714
1705
510
1688
1684
1812
1243
1914
1813
509
53
1970
847
1346
1956
1983
20
985
1360
985
669
657
521
529
2006
345
2005
813
923
903
1874
275
1864
1864
1860
903
299
296
272
272
466
1227
1941
1227
492
286
286
91
808
805
1227
1961
1227
815
1175
1175
746
1175
1173
629
93
1299
851
846
746
858
861
345
856
748
1370
715
1283
869
684
1997
345
1292
1291
1369
1345
1341
780
1355
1539
1538
1593
645
664
1997
194
194
625
671
537
1994
578
1641
1997
766
709
345
942
942
1772
651
866
1772
942
675
1420
1859
1927
1424
2022
92
1217
1221
2005
1246
1222
1223
818
707
1927
2001
1034
679
1322
1316
813
1034
2025
2009
1034
1799
1601
1770
1641
286
389
672
1012
167
966
966
1947
1341
267
1020
628
1488
1493
265
2044
1034
18
31
30
1166
1457
413
1570
1913
1236
978
897
897
814
6
906
306
306
1933
1958
574
1341
306
2022
574
510
557
309
557
467
1682
968
1583
1580
790
1915
61
61
37
769
37
1998
934
761
1553
937
1557
413
843
1560
1964
1682
1973
1981
2018
1350
1682
1491
1982
667
547
554
816
768
895
1682
548
438
284
780
1007
412
1259
1092
1442
1048
1129
1129
1858
1858
1048
1517
1859
1795
34
52
1518
796
630
1612
796
630
1090
1915
301
274
277
1842
796
1628
1732
277
1454
1329
578
277
42
42
5
521
1090
520
5
1364
1288
1716
780
817
1288
1867
796
368
1373
1372
768
1288
613
1291
539
1294
1297
744
1294
369
1529
1949
766
303
1781
1680
1403
1534
1004
1781
1781
369
368
138
155
155
1529
312
2043
2041
1379
1534
2040
1457
492
1970
1457
1490
1025
153
1096
38
159
182
186
129
1592
1653
493
34
35
493
1025
740
1286
741
1663
1657
873
367
634
1509
891
1054
635
1120
1951
1682
966
132
1277
1193
697
1271
565
361
653
1193
996
1714
715
1669
1673
1251
1684
761
715
1847
1332
786
1188
133
8
1639
973
1641
1372
1644
1770
1628
1908
1746
1721
1772
912
827
827
1872
914
1872
891
1884
2001
2007
1902
485
1921
1257
1254
1142
1252
485
1922
1819
1256
342
338
342
338
341
327
168
78
168
1505
1889
1903
239
78
1210
962
10
962
1244
971
1096
1
1265
353
541
107
107
601
1543
1045
1033
1079
1672
1674
580
1731
1664
1695
1907
1862
1901
975
1649
551
1726
1788
352
352
629
360
1771
243
1094
631
547
367
1321
1094
1153
1437
1094
694
363
26
365
152
129
1150
79
1321
1036
1186
1186
475
79
1779
475
1094
1043
1789
1788
1372
999
1008
1464
952
2025
1548
2025
952
2024
686
1450
522
590
527
1602
632
159
128
1786
281
158
283
1755
1290
424
1673
1043
1703
1875
167
158
1186
1879
1186
1874
137
870
876
1652
1653
1450
1547
897
899
1755
1195
1339
1879
1631
1333
1109
632
740
117
1335
633
1957
913
358
1863
356
283
1779
1779
1779
355
1678
1979
1976
662
1339
1417
1293
1279
848
752
850
848
1057
1822
1217
1057
397
754
1799
117
778
796
796
1973
1825
1112
2031
1953
1119
1964
2046
1013
1033
1080
249
1176
1862
1167
1443
999
1319
198
1112
193
1112
198
196
882
252
1443
196
1316
283
1668
366
1730
996
662
300
1135
166
283
1417
1267
844
1246
844
1735
844
1743
578
2010
929
1670
1840
1386
2047
32
1579
1581
1768
32
1443
1562
1978
1443
1173
490
271
606
605
2020
1867
1379
470
1600
38
1487
30
591
626
667
1487
277
2
1041
1036
995
997
992
787
960
1050
1703
1999
1907
30
1494
1978
1989
1933
2028
1331
1201
1065
1753
1753
956
2026
1416
1871
452
222
222
455
1570
45
1610
232
2047
136
1892
140
463
38
88
88
124
956
120
724
536
242
32
245
1893
610
724
420
536
385
1416
387
1473
1736
430
32
430
430
1772
415
1914
1464
1268
672
1268
374
317
506
1736
2039
1609
1892
85
787
397
779
780
1136
545
645
684
1636
686
860
1103
1334
1533
546
1634
1526
761
1634
1136
1724
1634
779
1462
779
1813
570
1795
193
1456
1813
741
1102
568
886
1268
1573
1444
1444
889
1444
1442
1951
1394
1824
1044
883
1609
1573
558
883
1401
1401
303
1950
137
302
1527
273
137
1940
38
1941
1777
1270
39
33
1777
1039
230
772
1661
103
1268
1819
229
1853
224
113
1819
1401
517
1526
87
85
2004
1807
84
840
577
885
722
722
1277
576
730
273
274
839
998
1502
721
1900
1900
875
744
274
1487
1959
402
1487
877
1264
325
1650
1508
331
828
331
828
474
1640
1070
471
1640
1640
1853
1509
1067
350
1798
1759
854
1753
1966
1508
850
1976
1938
1868
404
273
1145
1508
704
1640
1613
1484
500
1229
347
1555
1691
864
1391
1229
1581
279
1391
446
384
30
445
1485
276
1889
1391
1004
30
1391
442
822
278
1795
1793
505
1036
402
1651
20
192
1151
149
1038
205
1031
1902
144
1083
155
886
442
688
70
71
477
602
863
1691
691
845
1693
443
2006
688
477
443
690
82
477
1691
1691
1761
477
1760
1648
815
104
1970
507
257
227
1996
2014
822
175
257
2014
1999
227
1765
1762
977
1814
1815
1762
400
400
400
400
400
144
796
274
826
984
1825
824
286
1504
1345
175
1141
1519
1652
1513
1354
1354
1614
1209
1091
534
1766
1656
534
534
1764
304
867
887
252
304
871
1144
357
115
1027
466
866
1656
821
499
2015
1599
261
179
356
1656
1485
1478
913
1641
535
531
1149
1599
175
534
176
1813
1005
1192
1909
1905
1905
1907
169
1907
1907
1661
362
359
1737
395
388
211
1143
795
795
1654
219
211
818
795
1389
221
115
2019
1201
1983
230
1981
352
1005
373
927
927
1213
1955
228
1557
1678
1678
1548
1551
1548
175
319
327
663
813
67
823
1534
663
1614
403
1125
1809
1794
496
1138
505
1282
284
823
1457
557
924
926
823
1631
1809
403
1454
1640
1109
1109
1098
823
558
1773
131
1793
1818
1814
131
1674
663
1371
1537
1614
1288
415
1673
308
1127
1123
1551
308
1614
553
420
422
1723
422
1747
1766
1610
885
1002
676
1551
1001
1637
1579
359
667
406
1397
406
394
358
667
761
676
374
335
375
2041
375
2032
2044
2046
1010
965
187
1
363
602
965
602
1217
1390
1638
1310
1773
363
1217
1721
1390
225
1773
635
1192
635
1319
1565
1092
1422
1773
38
1012
208
1299
1730
222
385
1946
1610
1298
1298
1663
1721
1292
1387
1795
1666
908
908
1775
907
909
1775
1413
1408
1412
1409
1409
1300
1172
755
661
1499
1152
1387
1792
1194
1303
441
534
1193
1775
402
2002
402
1208
1678
1864
1347
1208
1681
1775
1790
801
386
1804
1493
609
545
52
508
367
111
545
1004
125
547
1625
286
125
609
1170
1175
1175
1181
286
1177
890
1625
586
2007
512
835
832
763
2007
642
34
725
869
869
1080
831
1377
1405
1367
828
1536
1555
574
828
1319
1848
1316
445
48
367
54
1320
917
918
901
1393
1393
1416
1412
1413
1419
1418
918
918
1222
1393
1316
1397
1565
1687
1223
918
1737
1333
1328
1290
1690
1698
1875
1732
1701
522
488
511
496
1393
483
962
522
214
2009
1986
2013
2008
1385
1391
413
214
57
241
241
69
218
214
692
45
313
452
415
1825
1825
464
465
223
278
635
167
278
517
514
1267
1977
774
313
1977
847
1977
1977
1565
424
424
1410
1648
1636
1353
425
1443
1641
1539
373
77
1410
1410
1410
440
89
307
1554
1796
856
419
2031
415
90
90
90
856
843
1508
843
588
1796
564
651
1522
574
1278
856
845
1796
188
1856
845
1849
1500
1796
1454
1490
1447
1962
1500
119
672
1962
870
570
1952
1106
1058
119
1056
1002
1519
843
1607
1962
1446
672
1433
842
128
840
672
1688
1664
1682
1893
672
672
234
150
130
734
12
1744
771
839
503
675
1469
655
721
854
655
766
1720
1722
1012
354
1566
1294
1744
1283
1744
1566
1936
1744
837
1563
199
1282
1280
1936
854
8
1142
628
2040
503
76
850
316
211
1720
628
61
701
200
311
235
311
1005
307
988
1721
1613
1366
307
307
1568
287
1173
628
1053
1511
1953
1410
2030
2024
1316
1121
1053
1174
354
975
1410
1197
763
663
1737
1909
1190
1866
1671
1414
1296
363
1339
135
1197
628
223
1367
699
0
1642
1637
967
741
1467
1752
967
465
465
1621
1631
699
1997
673
1744
673
703
908
364
1855
909
1530
674
674
1943
699
1365
1997
1933
399
908
1960
699
383
1717
338
958
95
1792
1708
847
849
186
18
23
23
614
536
598
1254
1553
1378
1267
614
63
63
1366
285
958
1786
1671
1665
442
1362
828
1916
829
1913
1254
558
394
475
475
1254
377
731
1285
557
721
723
1289
723
970
744
739
99
696
1574
1482
1615
1603
715
731
718
1877
836
382
510
856
50
874
204
616
371
889
611
1712
1054
864
1675
1686
1648
99
1341
442
1325
577
1054
730
627
1325
433
387
1996
520
391
159
151
984
825
395
1996
825
1351
872
829
872
833
1002
167
1688
1001
1391
374
741
1659
1659
374
1612
1384
1384
1384
175
656
1359
1385
1243
1816
870
870
1910
598
1638
598
175
1199
553
1533
1192
1192
1334
1345
1977
1980
1671
1671
1042
1974
1779
1779
1779
1294
1727
1779
1294
1899
1896
1260
1258
1403
557
495
781
1072
495
1937
484
1065
1938
1325
501
500
1070
1294
500
814
485
1325
1989
1771
1774
2030
1980
502
1749
1749
717
1349
1970
2016
1680
1070
1952
716
1326
931
716
709
931
502
1329
785
189
506
893
1990
490
490
507
1990
1336
892
1073
1990
707
1073
1072
1071
1231
1395
538
376
502
1808
1373
513
1373
1326
377
506
1588
1504
507
1294
553
1836
1258
1256
1865
422
502
1256
1213
414
1717
1253
138
1
949
1880
441
518
1504
580
795
1830
481
511
1253
682
505
1253
1008
682
1832
994
1018
708
1253
1823
1718
1919
1327
1158
1121
1790
708
1859
1348
683
1267
1267
1972
536
1718
1973
1717
41
3
23
11
1128
23
222
208
1883
1489
120
22
1979
119
639
639
622
759
1836
1837
1684
1671
1998
1128
504
1665
785
8
3
504
694
623
786
624
1912
1916
622
428
683
785
683
1812
430
1793
261
997
1857
997
1367
483
200
863
1257
1236
1239
702
861
514
102
514
516
1368
1251
755
864
890
757
1682
870
1618
725
617
849
1686
1402
1684
1618
1362
1618
1385
1768
907
925
1942
849
440
440
435
1769
1126
455
117
1577
1577
435
1576
1577
843
1577
1374
204
1355
1398
1369
1769
1003
1471
1684
326
326
1026
1003
326
1980
461
788
787
326
1686
1251
1395
429
1399
393
1246
940
939
1335
1328
472
429
429
368
472
1324
332
393
393
975
990
1635
1425
1635
653
177
345
466
1177
1203
1164
875
430
1494
702
861
1759
89
280
181
160
1251
1323
83
759
89
440
1948
1903
1251
1428
89
161
762
1948
1600
1164
642
748
1615
985
1569
294
1894
839
832
395
400
384
858
483
838
27
27
192
156
1367
1706
1874
1063
339
1977
339
985
66
1363
66
346
1867
1879
596
853
46
46
1657
344
1728
1845
46
1593
1643
1577
46
1969
585
1598
421
510
1345
362
988
511
898
815
510
1017
587
1990
1148
1381
1381
822
380
1389
1012
166
1018
1952
960
172
1981
148
981
1513
1513
1513
70
1200
1368
1176
1175
1208
1767
1767
1767
71
1766
725
717
1772
1943
1938
180
1428
1033
152
152
491
256
500
510
751
500
1183
172
1606
996
711
1520
1897
1022
1003
1179
96
1163
1354
1119
510
1110
1163
1606
368
1079
99
1878
1887
1728
1621
1791
80
1876
1909
1726
1726
923
386
382
1162
809
1728
1726
1428
942
1428
1214
99
1807
1846
1296
1422
1835
1841
1672
1169
99
1169
1169
1423
730
905
1299
731
1694
1705
1853
1835
1423
1480
1702
781
406
1326
333
332
358
1672
1325
1422
1327
1328
1776
1776
1326
1684
1778
555
1639
1651
1637
1953
1643
810
495
2046
2047
2047
1655
1154
1824
1702
494
1150
1702
1037
1147
1465
1088
810
1355
1440
1506
810
947
810
1088
1430
810
1655
494
776
1749
1930
810
1221
1842
1768
1221
1768
761
1765
1767
1769
1899
1582
1581
79
1737
79
73
494
73
1044
333
782
395
1080
570
173
1937
108
2034
220
215
218
2034
215
1024
1942
130
1024
636
215
1752
266
1942
1752
1277
19
1017
1589
1704
491
1125
1939
1124
257
75
1017
417
139
1017
105
1570
1017
410
21
1706
1109
848
1095
293
293
953
294
848
848
325
1408
848
208
61
243
219
210
294
1641
325
1645
489
1726
489
494
1714
1683
1960
1715
1943
1940
1478
1477
982
1476
1706
978
1462
1420
1410
1420
1420
1351
1706
1808
1190
1827
1484
1408
243
597
910
522
340
2000
781
1773
1802
1420
1691
1195
341
58
1996
341
1721
1721
1118
403
404
1693
1001
187
381
1408
1447
1447
1307
776
945
1408
875
1119
58
1533
1833
1183
1533
2014
1833
961
416
1158
410
591
2014
612
272
1486
410
1486
1534
1415
613
755
642
1717
1337
1719
1707
1486
1538
1711
1615
1539
1539
570
1092
102
1365
1366
469
1089
85
85
955
1438
1438
474
1587
345
347
800
1587
97
1408
1439
1413
1412
1283
85
318
1938
1283
514
518
1189
319
1309
79
564
78
1938
1876
781
1836
398
1812
1628
2012
1604
1716
1662
1613
2012
872
2012
2015
1486
872
730
1486
1306
14
1528
1446
587
1318
1454
826
826
1586
569
1398
1346
309
965
1974
1501
1346
567
1809
309
961
961
567
1456
1456
99
961
14
1168
961
792
1002
917
1938
1022
1168
855
1172
978
874
424
135
135
1520
262
343
1192
272
1166
1074
424
312
1929
1938
981
433
1509
1513
337
1400
32
1929
688
26
32
937
26
1600
704
264
1846
415
1257
1605
1752
739
1604
1060
737
737
834
835
1454
1454
835
842
1258
1934
845
867
1417
1417
171
834
1934
1934
1362
1859
174
398
1459
1696
981
1362
1860
1671
59
1670
166
1690
1689
1846
975
1699
1664
1858
59
59
141
141
835
141
851
14
854
1422
58
397
32
1422
897
898
751
1729
229
1554
229
1553
1729
1146
1150
274
1147
1149
1144
2040
2040
1402
2043
2040
503
1157
503
229
1199
1310
1377
1377
425
1730
531
684
681
1661
1370
668
362
58
1570
596
596
863
594
599
229
955
232
1572
955
45
1750
1044
14
1114
45
705
1445
1364
941
228
705
907
955
1225
688
696
703
145
1216
145
1279
705
203
1369
1568
1685
1204
1372
1401
1273
1041
1401
1401
1289
1629
1401
716
705
1276
1404
1401
1771
1735
1595
1202
1335
718
1334
67
1424
549
2010
1965
1368
742
1962
930
742
1934
93
736
2010
539
1368
736
1605
170
742
171
1219
170
736
52
61
41
74
1574
1427
1699
44
1263
46
1863
1272
681
45
1174
1219
1427
614
1517
1427
972
972
1761
1448
1844
683
315
372
512
1761
1761
1163
1676
1601
1163
1424
611
1255
1681
1257
1153
1153
1255
1252
1761
708
738
1701
1054
656
732
1569
704
776
747
776
708
513
1971
421
1959
421
1780
1369
747
25
1596
1759
746
589
677
539
1861
1863
349
1946
1701
746
979
924
1555
979
1374
1356
922
920
547
1759
630
547
144
155
1297
1356
1171
351
362
912
488
1171
425
1391
510
288
936
1701
351
539
806
511
153
1750
188
1389
134
539
13
806
1945
189
136
806
1759
1657
806
1886
1643
1945
1945
1771
1333
1565
647
1427
1005
1005
999
1007
1990
606
683
2027
1759
2024
1624
606
2025
2025
2026
2026
1110
1262
1632
1292
1300
1971
1945
1791
1946
218
1405
1791
1295
1427
1266
742
1427
1277
680
831
1426
1322
739
292
1791
825
1460
292
800
776
780
768
830
2035
794
783
686
872
878
1096
820
1070
2035
1615
2035
561
720
680
1407
491
1791
1725
491
1039
164
1862
1725
1036
1118
1204
281
280
147
282
315
786
786
969
315
1086
166
1999
654
283
1231
1976
1976
777
1011
598
1976
164
21
1821
1822
1643
1761
1643
1570
956
1785
1756
947
427
164
800
1068
1132
658
442
1241
957
1132
925
451
1135
508
1251
1057
186
186
658
525
289
500
1176
483
484
537
423
1013
983
1893
1938
999
1234
1891
1985
2011
2043
2028
280
2009
1132
1014
1053
1174
1312
1091
62
355
1864
161
1876
1435
1866
283
593
1326
366
1483
366
458
1174
151
537
370
1182
62
307
608
1071
118
655
649
631
1174
383
147
1237
359
608
1608
1528
1705
1695
1237
1070
592
620
621
621
1840
1840
1368
1284
798
774
276
800
1368
290
1191
288
1285
772
290
1579
1010
107
382
1579
1579
1387
370
772
1009
1387
1187
1387
772
950
1157
1157
1256
778
453
89
89
461
460
121
1371
204
1065
1157
1371
120
643
121
126
437
643
658
1157
1942
1942
1715
630
575
1942
374
1191
1050
549
1191
556
1215
1715
449
367
1743
243
1316
243
331
242
775
1411
1316
103
770
374
1404
1407
99
471
2047
2028
217
1406
1289
217
651
1295
1360
651
651
1127
655
1789
1255
1941
774
684
1789
786
793
646
784
449
955
1526
639
1526
644
636
1530
1331
778
1334
396
769
639
373
1490
449
270
174
466
64
1154
1154
64
1496
64
636
373
1941
1741
1740
470
1753
471
1858
1838
769
1869
1884
331
1701
569
1941
717
1941
197
196
845
134
210
364
1576
17
131
18
361
744
31
67
327
1308
405
1897
467
439
1251
459
1309
1071
568
202
145
193
145
80
147
80
149
193
145
109
415
80
1296
80
870
870
1317
328
320
1426
411
1426
112
304
108
1416
513
1416
239
1846
1855
234
234
1213
1212
749
765
765
1548
1548
882
1550
342
395
883
374
375
1318
968
1088
962
883
1455
1455
1210
1265
1214
1253
1720
1482
260
299
1986
276
521
506
960
1214
720
1185
1023
717
728
717
765
1505
1509
1185
683
729
812
1823
1101
579
1209
2035
1105
1063
812
1999
1185
1671
735
1671
721
1315
723
726
890
1853
1537
1032
1028
1796
194
877
1326
1033
1315
1854
879
879
649
1853
1272
1497
741
1479
1479
1814
360
1638
649
1347
1336
1917
1080
1637
1205
1310
468
327
1043
359
406
495
1227
67
1812
1853
811
1227
1412
1714
1635
1635
1796
1681
1647
1185
202
202
1103
1103
1332
766
432
260
1332
310
1332
1258
1258
441
440
1678
1856
444
1496
1662
1648
1074
1643
2026
444
2030
1627
2033
2034
691
1604
244
885
117
895
1628
1128
1628
2042
1520
1526
741
1244
1923
1996
2028
1758
1920
1244
1759
1562
1562
1770
1761
1437
1096
1581
1096
1108
1715
1108
261
1563
714
1108
876
408
781
1437
1625
758
218
887
646
2034
2030
2040
2036
1049
1045
270
2040
2032
1914
270
1812
724
781
731
1
1595
1595
98
98
820
724
1616
1077
885
384
1890
98
1523
655
1616
1665
668
1482
1104
563
538
1191
1501
1156
668
538
552
1522
200
1514
66
781
208
816
1203
77
668
666
1745
666
77
1393
1950
66
897
906
1354
1385
1678
906
906
699
1212
1412
1904
1416
1446
1214
1199
1154
1995
2005
1994
554
767
640
1563
1575
1473
1502
937
1904
1558
1575
1562
1851
1804
1565
1756
1802
670
562
1859
729
560
1899
1995
1756
1951
1476
1449
392
1048
1122
1051
447
423
1900
11
1744
1400
17
1170
1172
1172
1900
1198
753
859
845
1053
116
1203
715
706
752
706
1254
1055
1223
116
1034
1223
903
1956
915
912
1203
1193
145
1051
1193
1104
549
1155
635
446
1872
495
1203
13
898
146
1670
12
1464
1848
146
1891
64
261
1411
139
1848
1879
1913
1248
532
1219
261
1249
1248
1336
1203
1317
1191
1333
1045
1563
1697
1702
1693
1746
1712
1702
432
1831
1879
282
501
789
886
547
1045
1387
670
665
632
1044
472
1187
1835
1698
472
1517
1639
1799
1830
1852
1639
1824
1871
1506
891
429
416
1044
1332
428
416
491
1330
261
1011
1008
113
21
1221
964
964
964
87
1071
1969
761
1461
1566
176
156
1566
574
1564
662
650
1956
671
644
1363
17
1134
128
847
768
914
772
820
865
701
564
914
733
914
625
914
464
499
861
1552
734
914
1461
1540
1419
1372
1068
2012
1184
1419
1068
1197
1197
440
1418
389
1419
464
420
443
936
472
2012
616
298
1170
1175
1871
149
564
551
1515
678
647
573
799
185
1369
678
29
152
643
1515
132
1840
378
564
1834
1851
131
1841
432
1413
436
131
178
1418
811
808
1841
177
432
808
808
799
171
2038
1144
2014
1095
129
1437
188
1433
651
1718
996
1411
1439
1410
772
1699
1912
1676
1670
177
136
188
1988
848
768
651
999
283
743
1504
1602
1077
1077
1653
1850
1897
1340
1742
1653
761
760
1146
1147
536
1233
753
753
1234
1058
2044
753
2033
1630
1623
1445
558
750
1445
377
1733
1098
1451
1718
1386
750
2042
1355
682
1382
1929
2010
1421
1007
1922
1922
245
1736
839
783
794
850
1900
858
1899
1766
1773
1349
1055
911
572
898
377
924
724
1993
92
350
737
376
673
169
1906
351
681
1701
737
1993
95
481
1488
376
1656
1656
95
1996
1656
1563
1046
1762
1940
1047
1747
1763
594
1773
1046
1337
781
601
1376
1047
1336
781
362
1604
370
1961
1604
594
1934
66
94
79
1087
381
1924
168
351
72
72
22
292
292
2
733
1943
107
110
1996
1176
1206
1214
1100
291
1092
1192
1125
1712
1690
76
1775
1220
594
1913
347
1220
1921
1929
348
594
1138
350
880
879
1004
290
154
316
1005
1350
307
1138
836
858
104
104
50
1032
1350
632
965
1938
639
635
1938
977
1013
1032
961
1878
250
1015
1010
998
666
1545
1565
245
1578
250
251
1295
1367
1878
222
1893
151
1283
102
485
299
483
487
102
1346
312
1643
1646
1643
748
150
560
1233
1893
1353
1233
1501
189
1502
1353
1819
1019
771
1350
172
164
1206
1708
1099
704
139
1572
1655
1655
1408
1575
1304
40
1575
704
1778
476
748
1439
750
1234
1059
139
476
746
965
0
189
1387
826
385
0
744
1726
900
1664
460
1703
827
467
1145
1015
827
1169
1099
831
467
324
232
1351
1980
783
233
699
985
985
1290
1746
1373
874
1363
1371
1835
1148
895
895
1128
1351
880
1206
993
1096
1730
604
993
604
561
1137
605
1138
718
192
1301
1645
748
1239
476
476
1200
1438
1150
579
1902
1242
1902
1435
1412
1600
709
1620
289
1435
1591
1622
710
40
710
709
709
1542
1549
45
215
1967
277
396
1966
1965
396
134
135
312
525
319
131
1964
396
618
277
396
337
623
1999
1637
731
363
297
318
985
740
481
428
465
417
420
180
994
732
1018
1018
1009
472
642
1003
1984
443
1821
2020
994
1637
1156
581
1330
1453
1530
1528
1530
1531
1179
1873
642
441
1679
1374
713
222
1374
223
140
589
224
140
226
1155
113
307
304
589
433
434
630
546
434
547
1207
2031
987
1669
1681
1370
1690
118
1162
860
1176
987
576
592
886
1215
670
1913
1689
118
784
1803
642
1830
784
1913
1913
118
386
334
751
374
1747
406
498
1747
983
1911
714
982
978
1228
1413
1565
714
1228
1601
1821
1413
1571
1286
1706
1889
1888
642
568
1722
1274
1126
1924
1126
1037
150
1723
960
1723
1021
1718
933
691
1496
619
568
149
1291
893
500
952
1550
231
1748
1353
1756
1356
805
899
1314
203
849
1756
229
1322
1322
1626
849
200
1374
193
677
849
1064
17
655
660
790
1064
257
773
649
163
1395
200
118
514
620
621
506
1314
620
1579
1149
620
642
1192
657
1192
390
1020
870
870
1403
1535
870
1526
1780
1382
664
668
1378
1331
1383
1537
1443
1534
398
870
332
870
89
1113
468
609
609
468
609
88
468
88
458
1162
1475
609
1389
391
1314
1550
2019
1858
1382
1152
1866
1777
1106
827
1106
1867
1382
1381
1380
1552
1235
1552
1552
1235
1741
1235
9
703
46
322
1374
38
702
756
336
1552
321
93
321
984
665
911
1497
1915
904
720
1166
1941
1152
1032
1028
1988
1280
1280
1291
720
331
1940
943
1938
803
112
780
319
975
112
1843
61
1846
1311
1824
112
1740
1776
1741
1741
1777
913
326
46
327
449
474
842
511
975
914
1740
1576
1576
562
561
913
508
277
365
913
299
936
285
1262
274
282
49
508
1314
1968
49
793
564
1992
978
974
990
1262
1968
921
1511
1511
920
560
751
1314
571
1243
1328
1986
1243
1262
733
1262
727
217
1026
508
1037
1030
1037
1032
571
1243
37
1443
507
838
1929
596
469
267
2014
733
480
576
1487
1925
286
1002
284
1212
576
364
94
1642
1042
1046
94
1906
1753
981
784
422
480
384
484
1034
1034
55
314
316
317
316
314
1753
378
1583
708
1703
858
1703
1642
838
378
838
1790
1018
223
1743
1204
1202
384
1123
438
1122
378
378
1713
1663
921
1211
498
1215
1713
1886
920
1885
1970
1669
92
921
94
977
1408
1421
961
528
516
525
1400
524
1713
525
1434
1036
1713
1649
525
525
1642
1649
2040
1915
1915
1891
1912
1912
524
298
1214
1182
950
1842
298
1788
1738
1739
418
1890
1890
418
866
1549
840
1558
574
550
544
648
841
1788
871
1560
1720
784
1723
1543
1614
1614
491
331
759
760
1614
267
1612
426
310
1608
2046
2026
2046
1636
165
1655
236
1789
1302
76
1698
78
1699
1791
310
1773
1589
1589
298
467
298
25
74
466
816
816
1465
668
264
538
1774
1528
953
454
944
1926
472
1198
1177
1924
206
203
164
206
164
1057
56
1774
1794
75
183
1903
183
1093
1632
7
1937
4
38
285
6
1080
1080
1310
1311
472
1071
80
1118
978
1427
1559
1270
1115
161
1416
1279
1428
1322
1177
1559
1177
1165
1774
1473
299
1643
1503
875
1642
299
879
897
1806
272
1792
1805
1803
1310
1559
1860
1862
299
627
401
1310
1444
92
1448
82
1696
613
613
881
880
587
1666
629
776
1188
1725
1287
1709
1774
1701
1701
886
1311
888
776
1310
818
1889
706
1042
1818
1281
1295
372
1449
1558
1976
1982
144
561
1310
549
624
144
548
1448
1843
790
422
1843
818
951
358
551
913
827
984
790
1434
1280
1429
1700
1310
1167
1229
263
262
961
1558
1176
1226
961
1174
1188
447
370
1378
1395
1700
1970
1909
948
2006
1696
1150
1843
1700
1710
1395
283
16
559
18
1395
1395
505
1835
225
1031
1026
16
2034
18
1401
18
16
1534
16
16
16
754
1429
754
643
1144
790
1528
1483
537
1623
653
1247
1082
1083
57
556
1623
730
730
1126
217
504
31
174
1083
1159
948
729
306
1020
1020
533
762
1247
173
113
1694
758
1506
1694
847
427
798
2003
768
818
778
812
677
679
2008
1987
674
1557
1975
426
758
1283
1283
1197
1331
227
1197
1055
1197
1122
1835
95
1135
1053
1089
95
105
1169
397
86
434
442
405
1511
758
579
227
496
743
167
1235
743
926
579
704
1224
161
28
263
759
547
1842
1841
1727
203
430
1842
1378
486
1467
494
1056
704
256
202
1056
487
1467
787
787
787
1787
787
787
787
1787
1604
1604
1061
1696
1710
1912
1892
1911
404
1892
15
1636
142
1062
187
834
860
202
607
582
834
607
745
1592
1605
86
1592
1420
105
1128
1269
1636
1066
1125
1814
1611
2033
81
2015
2015
1376
1409
2037
1814
1038
81
349
1094
1092
1695
1859
1084
707
1082
1695
250
367
1356
965
32
32
1013
777
841
32
32
1986
542
1984
542
1955
1376
1807
897
799
407
349
400
164
1955
199
177
1466
1466
1466
645
703
530
685
693
646
1969
1811
2039
1352
1785
1715
681
1686
1286
220
1294
1968
1294
1659
936
1644
973
394
937
937
1466
1971
1756
1342
1736
1198
1198
1587
697
1738
1337
399
1811
1920
82
2022
1329
396
1826
1549
82
77
71
1811
66
1351
326
1971
1548
398
36
111
1324
1811
28
22
1277
1342
1342
1276
1272
1737
1183
1882
1407
1483
1199
1118
1196
1153
1407
1113
264
1339
1703
1722
1749
1916
152
1888
1701
1837
1337
1852
1817
1093
1407
1405
627
382
1407
1118
1395
1398
1739
358
72
2036
744
594
175
1600
587
1738
1051
518
1158
1478
1052
667
728
734
697
1886
25
29
1600
1295
226
1227
1281
1292
717
1280
717
226
759
713
647
1094
1754
1263
1754
1754
1754
1754
1780
1780
1780
1780
190
1061
337
1676
326
326
1886
977
190
527
1224
527
1224
1244
154
628
1242
546
242
1869
1882
1679
1684
1884
1580
1224
802
190
1929
26
366
132
14
11
372
1224
1633
380
24
1590
1622
1648
1670
1001
1567
1003
994
802
165
152
158
1789
997
156
1639
1632
1653
1632
1637
2037
1143
366
2036
802
502
802
886
1068
1791
2037
2037
2037
2036
192
1343
1806
1242
1117
603
367
603
1298
1751
1751
884
442
771
21
782
1677
797
797
2030
2032
1391
1677
2036
2042
1791
442
1982
965
1886
812
1380
823
1311
1300
879
183
965
1892
37
1720
1827
50
819
1739
34
824
265
259
1006
1070
965
966
260
1314
1064
716
1134
1209
920
965
902
1194
1806
1196
924
1226
1065
816
838
920
256
265
1894
846
842
257
1814
256
903
256
256
1788
256
407
1983
952
948
948
1057
1983
292
314
407
92
1636
80
599
1139
1981
1029
535
629
535
1721
1645
1647
1981
426
1752
1824
967
998
1001
1989
1998
1029
1998
1037
2008
1839
1985
1155
1799
1167
1153
1165
770
1797
1211
1441
1211
1839
1037
1647
631
1911
1906
16
896
133
835
1510
140
140
158
141
557
896
150
1852
176
1192
123
1510
618
620
176
1171
1199
78
1713
579
891
586
617
1193
1510
335
393
1170
371
350
1117
78
933
891
290
1946
1143
1897
1378
1655
246
1866
933
618
860
1510
1599
1855
1902
1894
248
291
1276
1039
1037
890
363
1123
1918
1855
172
188
1647
1684
1687
1276
1687
1785
1273
1418
1682
614
246
1936
672
1918
484
486
1137
1599
1320
1406
1406
1352
1189
130
1273
944
1188
1352
1541
1836
12
764
765
1030
904
197
1034
60
1557
205
1119
2010
101
2010
1565
1053
1553
768
815
1540
1055
1584
1368
1371
599
1911
1626
1394
737
1646
1285
1360
1361
599
101
1578
1246
2004
1034
1579
765
1578
2004
1578
717
1320
1627
1418
1505
235
815
1640
151
1640
1640
733
1411
916
304
304
1735
404
647
459
1707
492
654
646
954
1490
404
1237
1531
563
652
512
1498
616
512
1741
635
515
639
815
815
1840
1871
1841
1785
1789
515
1877
675
1055
1509
718
1118
515
741
1742
741
1628
1734
741
1285
515
1829
207
1729
1106
99
976
1488
207
882
736
1251
578
579
630
1283
101
1354
1288
332
1495
577
551
332
858
1937
1680
834
836
1747
1172
945
1576
1623
1885
827
1870
866
113
112
306
4
1140
1532
65
736
460
736
1606
277
508
949
260
1022
780
587
703
416
866
1547
690
1273
701
338
1670
459
346
1039
796
794
792
1668
985
780
892
1423
1423
928
1038
1510
1511
869
1515
101
109
903
1212
84
1003
1115
1193
1190
81
1745
1198
1452
1039
1198
1771
1773
1452
1709
1768
1773
203
1798
1100
1002
676
1988
1098
1050
1033
1086
226
847
357
568
443
505
734
846
1649
1039
814
1199
967
733
733
728
1046
403
1046
1039
1876
1907
1906
430
1874
1172
1234
423
451
490
1172
1168
221
203
1168
875
1631
1806
1236
1232
2002
1155
1232
1235
1619
1622
402
408
809
1030
809
443
1249
1248
0
434
410
1235
810
990
1232
1645
437
369
1870
989
990
1104
1038
1038
1751
1498
701
1038
993
996
1972
1972
2041
967
2041
2041
1075
1081
1494
1455
195
1524
1131
1147
1771
1022
1039
694
1532
708
946
1651
447
1903
1728
1749
1903
1494
1214
1522
1549
1759
1558
1213
417
763
614
763
1930
1999
1429
1739
766
708
763
1532
149
331
330
149
1623
1436
756
403
403
407
405
407
405
1736
1858
1186
1522
315
935
179
297
275
615
569
1237
441
1266
935
1170
866
1858
190
294
482
1085
395
1266
1193
1451
1858
1108
456
953
952
952
953
247
206
1858
206
247
117
209
1575
1524
1572
600
271
149
117
1021
250
468
1442
1439
1420
1425
1522
1205
1167
1162
1477
1207
1477
1477
1582
795
1084
1117
1117
794
1487
908
921
899
1486
1850
726
726
1383
1392
1405
1405
1379
543
1213
1939
1921
408
1210
409
1210
415
458
289
395
1199
293
1556
559
456
1170
550
395
1582
559
823
576
1168
1168
1171
887
1561
763
1899
1990
1803
393
588
1896
1558
1369
651
760
450
691
1283
1367
561
731
1848
731
1465
1053
456
1976
1976
1848
636
678
685
1049
1392
196
1268
1271
1990
1392
1994
197
1972
916
841
1358
900
1456
716
1356
1203
1565
1432
733
1709
1229
1709
1583
1530
988
37
842
1202
650
563
1326
1102
34
1904
1800
1811
1836
504
504
1102
286
510
450
692
1614
1614
1614
1338
722
1930
652
652
455
1250
460
1338
580
1250
1555
691
1491
1291
243
833
1715
1554
1336
1714
1725
1725
697
653
174
186
578
160
1257
700
1795
17
536
16
1481
1358
654
311
1582
1835
1704
652
1835
160
817
772
1211
426
426
841
1582
1014
1012
1605
1010
844
1014
1552
676
1566
1107
2013
493
660
1102
1104
1114
1100
518
439
667
493
439
1485
433
1256
1747
1033
387
334
1257
1562
1511
1510
1832
670
1510
571
874
1105
575
1501
1199
569
1199
5
1143
5
328
874
425
1480
1841
1747
1438
1524
1145
1846
1360
848
914
1201
940
1438
1360
869
849
950
190
580
181
1085
1212
17
182
1937
498
498
1430
17
1456
1434
498
1822
1476
1746
1556
190
498
1951
1950
1800
131
480
1800
55
135
183
1480
498
128
859
653
1593
1117
737
760
1330
1529
1532
1553
1593
1593
1518
244
782
958
809
1151
712
2044
2044
958
1535
1524
2010
1426
2008
1627
2008
75
743
1156
1607
984
987
1805
1556
1164
993
1465
993
747
1556
747
1847
834
1854
1847
1553
1846
238
1193
783
1120
1747
1144
1120
163
1658
1819
2027
578
182
1747
651
1340
562
1327
563
1820
702
1465
1828
1727
878
1947
1275
1716
1837
998
552
1298
562
1275
562
1627
1757
457
1120
1878
1722
2004
1123
1530
764
1198
565
750
2004
1259
1801
54
1982
326
1572
1572
172
165
55
54
45
1978
164
54
943
82
52
55
21
682
523
1256
1316
1340
1252
1316
1191
1186
1199
158
600
523
1522
523
1357
600
1913
1716
600
1795
237
1812
61
1855
600
1435
1855
1834
1503
1503
504
295
159
1914
2004
1435
764
457
750
182
746
720
621
1435
329
180
577
329
1460
180
182
250
844
921
675
689
692
844
1170
1667
873
1755
1175
1246
1170
1008
1685
1046
1046
921
1046
427
1694
921
921
380
1263
532
1005
1263
1196
966
962
557
56
401
982
1580
76
1538
76
1554
514
604
401
314
517
58
154
146
369
236
314
1646
144
455
312
574
575
312
1646
184
187
807
513
191
1195
187
513
1483
574
1637
1193
1648
1652
734
706
884
884
516
765
128
153
183
1483
1189
807
662
863
1064
1087
1087
936
111
1777
1777
697
1778
907
1126
195
1269
1203
937
899
697
1156
488
1322
1282
531
698
1228
166
1225
1282
899
770
1350
1361
1350
2031
2043
2034
1471
2029
909
689
1393
1352
1368
1586
1156
488
1586
1211
908
206
221
5
1011
1011
1177
246
1350
1091
1425
1337
878
1091
821
530
946
946
117
1651
1169
1240
116
1348
1171
1005
1650
675
834
771
847
531
771
1568
1731
1718
1827
1827
1337
1054
1726
57
1869
1868
1735
1868
523
1859
1865
374
276
346
523
342
197
344
1054
377
1712
503
944
1118
1648
954
1648
604
1112
1439
603
1439
159
595
512
398
375
391
429
944
157
1714
352
1432
483
524
1295
204
815
999
930
887
1988
1988
1988
2001
2001
1152
1153
1586
1212
306
1873
314
1431
1505
1673
203
52
1988
81
230
265
821
217
132
183
519
519
139
268
698
157
336
240
1599
1955
1633
240
268
268
605
632
698
1064
242
82
242
1896
1864
1598
1878
1683
1005
998
582
667
586
579
580
510
1822
510
1811
82
1921
309
359
350
309
349
330
296
1196
775
296
774
892
1634
1955
1981
1571
1821
1450
1199
547
634
1635
1713
1123
1127
1676
1451
607
1676
1965
1121
187
1744
1121
1146
1146
866
1504
810
897
657
978
657
640
1732
991
1247
204
654
1038
1504
197
1739
491
196
1218
1592
1598
1589
494
1611
1966
494
846
840
847
1354
1371
1967
1967
623
1284
1496
204
998
1434
1240
475
1496
582
2014
1266
583
583
2014
1861
580
1004
1180
483
454
1182
178
483
2042
932
131
937
1820
132
1820
1359
178
174
404
982
174
977
980
405
1219
1111
1216
268
268
1219
1363
1182
1219
1497
1480
1758
1708
475
1731
1361
943
1680
1664
1980
426
1786
475
470
684
386
1708
1195
1195
200
1708
622
60
1707
1503
1775
1717
491
488
1512
203
1266
206
201
1708
1266
1550
1587
1585
1756
1753
1694
67
1447
406
1440
406
590
861
1441
1447
1398
1842
1731
1448
388
1683
1789
1764
67
1764
1764
542
33
548
706
943
1863
5
1403
1863
1896
1896
1725
1977
1977
692
707
461
1785
463
1996
1996
349
1321
93
397
110
347
932
779
792
525
830
987
831
820
1321
1506
1506
860
1317
1064
1514
1344
1514
1199
817
1680
92
315
315
393
661
1196
1220
732
672
567
860
93
213
875
493
495
1117
451
493
451
93
1734
1167
879
393
1117
1496
228
1502
1639
649
1016
1647
1592
1321
865
1026
1029
1223
2028
1674
169
1877
1670
865
749
1877
767
407
394
1374
173
1180
66
2013
228
67
1505
1505
228
228
801
544
520
800
520
281
1219
458
284
468
20
1435
1502
1611
1501
649
1860
1847
1881
1065
22
1434
690
1279
1277
847
1278
1125
1128
649
4
219
47
1266
1278
1265
758
1279
1801
1279
1942
1725
183
180
1817
1842
794
78
1065
379
379
1951
1937
379
311
323
323
379
578
158
1691
1460
1691
899
758
987
1982
353
2031
1983
2026
903
1958
1276
579
175
195
195
175
175
735
545
492
569
735
1099
679
28
1099
983
376
1342
493
651
291
651
1316
69
69
507
1336
331
1424
1066
1463
1377
210
1066
199
1318
1380
207
1574
1583
331
1315
1390
1860
1982
491
424
1858
600
484
1526
958
989
960
1390
1420
1419
314
319
319
1370
319
319
1522
905
909
910
2024
739
1605
2024
861
909
1841
442
1910
947
964
1854
509
604
1403
279
1164
1948
630
542
411
947
447
411
1107
1911
973
1164
1968
974
872
958
1164
461
981
1014
542
874
1120
1126
1014
1107
1175
1369
598
1066
1641
649
556
593
886
170
1983
761
168
616
752
1010
1290
1290
632
66
1291
1956
2017
1067
620
329
2020
964
1
539
1015
554
617
617
489
1956
233
443
1644
329
914
1453
955
505
906
978
988
233
1424
1453
1971
1500
1228
111
1216
572
571
1231
1228
1228
964
109
569
1980
1074
1051
1051
962
964
1746
1725
1971
1683
1453
211
1188
233
436
749
1322
748
253
1083
791
1114
233
576
916
1404
1105
1404
1970
1523
915
246
1144
1144
1526
1233
915
597
597
597
597
2038
1356
1507
1198
791
62
1379
896
204
1306
1324
2021
180
767
130
1503
1507
159
764
1160
896
1757
603
245
1757
1492
183
246
246
1485
245
245
572
1054
1763
1223
1587
1388
1751
1356
1751
1356
719
1017
730
2034
1630
837
1648
1107
962
1213
1833
1763
1563
1827
1833
1189
1606
1320
1035
1120
1114
1092
1147
110
1428
328
331
1437
1147
652
32
1508
566
35
1816
1927
544
2034
1920
1760
1604
576
1921
2025
5
36
279
960
110
133
1089
170
133
1040
1691
875
890
212
1080
153
691
85
87
1412
138
690
1479
1425
1449
179
1464
1725
1213
168
1787
1213
1573
2
1573
1683
1482
29
1263
857
1495
1163
179
590
681
1760
1628
582
1060
274
1490
337
296
1061
1530
1532
337
1705
1692
1703
506
1247
1161
1111
1123
2006
343
2005
343
2006
2003
2003
1163
1054
1123
1815
1033
582
1210
1310
1305
1324
384
1808
1305
767
433
1011
1015
1012
1015
767
350
790
776
348
288
1801
314
1803
201
1803
288
1091
437
204
578
1317
550
578
167
347
116
174
314
341
677
672
461
1060
372
1061
1078
1061
687
1727
1705
116
1174
288
1478
504
1502
1313
1313
1660
1330
1022
182
929
1661
290
1009
290
1756
1697
1155
1757
1861
1347
298
290
1174
1975
1784
2022
1991
1528
1939
1784
1155
1694
93
1667
221
93
299
168
174
174
172
172
489
11
1534
494
10
1506
1694
279
683
1252
474
289
1260
1253
1194
1122
1122
474
1838
508
1205
508
461
1838
533
203
1746
1852
725
472
33
1808
1798
306
1228
206
33
298
97
1451
464
1143
744
830
1451
813
957
745
1686
473
830
830
1471
1470
1471
1176
830
813
824
897
215
220
33
1207
2023
33
1127
1127
686
677
1973
264
100
538
271
1910
1346
1346
782
1171
271
1357
1949
1949
1949
686
924
637
166
1950
896
1685
280
2010
1553
1812
782
71
784
784
68
71
71
1489
834
404
920
782
756
404
1501
24
923
1501
1632
1582
723
1537
1601
158
1582
0
532
0
1061
171
599
861
837
837
1227
841
1966
959
468
1421
734
708
1430
1812
1421
1471
716
468
1329
504
1064
1329
1558
57
57
57
716
1218
78
1218
905
1230
78
778
776
818
905
905
1368
1368
1980
1082
226
226
946
647
1384
945
1118
945
1294
1407
952
1384
194
945
1375
1500
586
1500
990
1000
105
1347
1343
1343
1395
963
1827
1177
963
1001
1053
1175
1176
1177
1223
1218
315
1346
313
1243
1398
990
104
839
622
1185
322
622
1122
2011
322
1953
740
2020
1959
413
1923
337
736
66
1396
725
740
743
1491
1491
1122
632
540
622
239
1122
540
1123
1197
1170
241
241
327
1387
1194
1299
1190
1194
1384
1845
767
1066
960
1016
1255
82
567
1388
1196
1196
1257
2008
1261
1503
755
766
147
1152
567
1503
1477
712
843
843
713
1868
1864
1254
1739
202
1738
1739
146
1252
1197
1886
313
1810
1738
1788
1500
329
556
330
1810
1666
328
1676
1873
1876
990
1879
618
532
582
328
588
538
576
2011
329
1500
1578
1829
989
1578
370
380
329
1254
1252
1728
791
882
1099
184
557
1488
1488
1831
1596
1596
637
636
637
1807
1098
391
58
767
767
58
24
975
191
1729
535
996
577
1000
615
1000
160
538
2030
1731
191
318
1370
2031
1394
146
1889
291
1285
1307
1302
1012
1678
1791
205
1790
205
198
1889
57
92
57
684
93
184
1727
839
842
845
1825
846
1362
1679
1790
1679
1394
1829
1372
1375
684
846
1205
1290
983
1338
1829
521
1240
1481
1243
816
681
1057
1059
1177
1067
1826
1011
258
259
2034
1177
357
262
263
1281
263
380
1479
2011
1481
1475
1726
1477
1484
1476
1834
405
1485
1286
265
1760
1182
1479
1799
1834
1720
1697
1748
1729
1726
680
1481
160
1839
1676
1862
1370
929
1809
1068
1069
727
1905
1760
1894
1598
1892
1892
1845
161
644
1629
1629
1892
1482
1205
540
102
24
1787
35
1906
1362
1365
360
1372
931
1839
282
409
904
904
722
1540
251
1559
251
242
164
244
1762
1576
276
541
285
65
242
39
71
7
464
464
807
1968
464
160
950
805
650
1475
2038
393
395
347
1067
375
244
1067
2038
971
972
1839
865
877
1066
1658
528
1510
1514
1855
1179
1067
1855
878
671
814
658
1988
694
528
1150
693
1742
671
1076
659
1063
1026
65
276
473
276
276
919
1125
244
1692
821
1502
1486
947
1486
295
1115
951
2010
814
1094
1019
1895
1975
1625
295
1040
1050
1047
360
295
1042
1890
1893
1674
1890
381
1012
348
1867
1670
407
526
335
1740
68
1740
1379
236
1379
234
1477
1379
1390
1471
1735
1807
1807
1306
935
1895
345
349
1145
1307
1882
1330
1519
1330
110
1306
341
439
110
1786
646
1788
1054
732
1054
1488
203
1783
1400
830
203
1393
279
871
864
1786
1791
367
192
527
621
192
877
2043
1352
2045
2043
741
736
802
806
872
413
2041
800
2003
741
537
1282
411
1367
1282
582
1285
1730
1280
75
1698
1847
381
1843
538
732
1768
202
214
214
729
1734
218
1001
118
373
218
202
264
125
322
116
1618
116
686
264
754
265
265
2036
264
1204
2014
1814
155
153
1476
100
549
1808
1015
186
1479
347
27
1987
582
36
132
288
183
1987
1323
621
1788
1826
1321
959
956
956
959
1011
1805
1031
210
967
1741
1990
733
733
717
1788
1827
136
967
1023
1800
153
132
614
545
1000
716
1784
1468
1826
1416
1824
1429
1411
153
1058
613
1826
1393
638
609
1116
1119
1619
1056
1487
1850
1112
83
1781
923
478
1781
1112
1798
1852
1853
1853
1267
1949
1830
1313
1835
1924
1767
1781
1377
931
411
410
947
410
411
1017
819
962
974
822
1376
619
963
841
1349
1268
618
1344
1181
1181
419
1767
2042
1349
1491
557
930
570
496
2039
1845
1845
713
1330
1088
1810
944
752
1372
2023
1088
1079
1352
1353
1835
496
1349
616
2046
1814
1834
694
1425
701
2020
443
1115
1337
945
701
979
2012
979
1115
1269
1841
742
260
1430
740
742
1398
1216
1216
1247
1225
1286
1382
1060
1328
1164
1845
2039
5
252
488
82
1363
493
742
743
260
224
1081
249
254
1081
253
1591
412
229
1454
1608
278
1399
1302
1757
191
1757
1669
953
1675
1678
726
31
16
175
1108
1892
528
173
1679
173
1098
1282
156
946
1183
1183
430
946
946
114
1457
1362
113
304
1601
1184
83
443
87
1369
1601
40
840
876
949
1097
846
674
673
690
837
134
1669
841
949
859
881
1611
859
1588
1588
1588
984
1562
821
1097
1099
371
1386
335
372
374
352
1520
1523
1516
1160
1507
1384
1937
412
1385
850
1381
445
892
24
7
1669
1200
1843
1210
945
1199
1213
1859
1734
414
1200
1194
1323
773
1812
1566
631
928
1567
672
1323
1063
871
1318
1589
180
1406
167
1589
182
180
685
1908
1889
1374
93
1916
1218
1717
1689
1928
1109
130
1129
135
138
633
473
139
588
1323
2
519
551
220
1588
602
678
590
371
737
1607
1120
221
1588
742
743
1489
955
143
957
1336
1588
1029
171
1061
551
189
1160
1049
678
170
229
1049
1380
294
1229
1337
1334
1714
1334
1331
1717
382
1405
1407
1327
1405
1357
59
2019
570
787
551
763
666
231
762
763
766
2001
74
1805
201
163
1097
1098
1734
201
1711
1063
300
6
62
1226
1828
2042
674
155
39
415
1707
1826
154
1207
749
416
1829
1824
1689
472
1330
1332
1332
2030
1647
300
1887
1647
101
1337
1886
1226
1769
397
820
207
33
390
425
272
1336
1303
1343
221
1862
1009
1337
1570
1935
1360
210
94
336
94
1538
1537
79
149
14
136
272
1488
7
1456
0
11
1861
1255
1875
999
1009
1010
565
1255
1009
1261
219
1226
1497
284
2010
880
138
1326
855
1909
1429
1828
1838
2038
1226
1700
2039
1833
1817
1844
1823
588
24
382
416
289
880
880
746
881
881
750
39
2036
371
24
1162
693
377
756
377
72
173
172
172
1950
11
11
25
430
47
859
44
0
872
25
27
154
1237
1241
414
852
1397
624
1090
753
1264
1095
1242
1711
625
1088
2021
1664
1967
1355
1996
1263
646
333
715
246
239
405
1803
821
1365
705
749
765
237
705
1665
1804
1850
573
573
24
24
11
1949
1186
762
24
24
749
556
749
968
968
968
968
75
1259
2027
746
2027
1957
1933
931
1955
575
856
856
27
1885
597
860
607
1731
552
13
1976
1944
1983
1802
1886
702
1886
1880
1881
205
205
192
192
540
513
594
1851
1462
1802
1804
764
324
661
1946
1371
882
1371
884
888
1371
1882
1413
876
840
806
838
805
832
521
1414
1600
806
806
805
2003
721
1536
2005
2005
301
1734
245
79
747
1399
245
950
245
964
691
688
948
928
691
689
1021
1017
965
691
1004
996
1946
1262
325
1035
747
1904
214
146
1269
153
159
1019
154
1242
1465
1022
1246
1018
301
221
301
769
1085
775
808
291
1733
1046
1746
1066
1755
1757
1044
423
1700
1269
1966
764
97
364
1697
134
1525
423
265
585
546
631
547
2008
421
632
423
420
1365
83
1247
76
76
1985
1023
33
1003
1003
72
1954
479
102
1066
134
1227
1643
291
1344
1066
379
1868
721
139
110
143
892
1336
122
1028
1337
1798
1086
1081
317
42
307
277
306
102
1362
1459
1640
333
550
575
544
1899
105
609
614
1885
893
1679
7
852
1834
1895
827
477
935
334
334
380
389
1447
384
396
221
787
790
1050
1948
1948
1948
580
831
5
1948
124
237
221
1050
239
81
232
234
1173
1519
1505
127
1236
1896
1015
1050
0
123
950
1367
1051
1364
170
1370
601
191
1215
26
1214
405
1198
1198
958
1213
1158
518
1853
1108
1952
624
1109
1654
1624
518
478
107
548
552
421
1360
435
1364
79
1962
582
206
435
385
1828
240
201
1959
566
191
1952
1952
25
288
854
1370
615
893
1798
2017
1372
254
469
457
456
1959
1280
1959
583
585
456
456
880
1233
895
1743
1042
891
1820
1010
552
577
1448
613
1838
563
1813
610
572
267
1765
1838
1832
401
1021
584
1448
456
848
584
463
749
1486
584
1746
1784
1830
271
2016
1726
1784
1786
1676
1813
1667
1955
641
824
686
703
707
300
824
1802
1370
186
370
639
722
1173
751
10
642
364
755
1596
1948
63
373
52
35
824
1594
70
889
264
1156
1209
1792
883
888
1500
1166
1166
413
410
1248
410
415
376
1846
824
1845
1840
1810
2016
267
1866
1348
2021
1857
1863
2021
831
1118
34
824
268
728
74
74
591
895
830
1967
420
622
589
1032
622
728
87
1742
394
1721
935
903
913
161
229
824
1511
1511
1509
1508
1508
1511
1509
1208
1207
143
1156
1208
1032
1772
1649
460
1584
892
450
460
1700
176
492
1080
226
1632
1039
1048
954
453
493
164
493
165
485
1680
341
1498
1561
1651
1063
1102
1154
1461
1102
1376
1028
1348
1043
1039
1034
1028
43
1965
1877
1306
1874
160
476
1796
414
426
388
414
160
163
991
981
451
980
981
1299
1911
981
685
1127
171
1224
1127
426
1223
1922
1223
1700
1088
1088
1339
1090
1235
401
1095
699
643
403
1917
1095
1090
439
1088
1619
400
570
266
1620
1348
1704
1927
1818
1719
1711
1717
1843
1188
1843
494
2042
1917
494
1298
1523
1307
391
930
1619
1539
1539
1539
1539
2034
1539
1299
1561
1021
1742
1741
1021
565
1827
1489
1833
1796
723
565
1726
564
1830
1149
1149
1577
878
723
1555
1557
721
101
101
1550
101
1763
322
1429
325
1436
1436
503
1436
1436
1436
149
687
388
145
146
147
1665
890
2033
892
1149
1149
1452
1452
176
1452
45
34
565
157
171
44
1812
637
239
1826
232
1844
1844
1827
969
966
1677
27
348
1090
693
1827
234
232
878
1235
1808
1276
234
1811
1239
1552
956
1543
445
486
958
447
959
1904
1702
1735
1305
61
1296
579
44
1715
1333
591
1677
17
1702
1695
99
1701
405
106
703
1937
1886
689
481
486
1437
1015
1845
698
1266
1907
1417
1132
310
571
752
1675
1432
36
1430
1375
1375
1576
463
1911
95
7
5
1494
820
201
1840
201
201
201
1840
820
820
1934
1943
1932
1939
1921
946
1208
820
178
1238
1218
183
1732
644
1219
1728
964
124
1310
589
1238
1238
571
611
528
1390
1376
1881
1923
874
124
2023
522
1111
1174
231
492
727
1936
844
644
1884
226
408
644
1173
1806
1890
1338
1586
2006
28
408
1967
1951
643
636
634
280
632
1264
28
1258
1089
231
446
447
1118
1043
1393
749
1606
927
1932
1095
1947
1601
863
1436
1438
1922
1414
862
1540
1042
2023
689
1093
1106
1228
2003
1318
1547
1350
1586
1115
1598
1593
202
1794
1092
1446
1101
483
483
863
1586
445
567
1123
1972
1743
566
1466
1089
1496
1469
564
572
1947
1529
1265
1273
1662
1151
1643
1642
228
138
1659
1658
566
1101
1402
86
1133
162
154
254
1133
144
144
1134
154
144
155
1134
742
1134
1134
119
114
954
855
1363
89
854
846
461
1944
1699
1499
703
999
297
530
1984
1745
838
1784
832
1562
1987
1984
1884
421
1785
1323
1106
1095
249
371
999
406
333
405
1001
348
1363
1722
954
1517
1161
1523
1523
1161
1161
1161
546
1161
634
1161
1364
742
1161
1229
1076
1732
466
1738
1730
1415
1414
255
1414
457
458
1459
1412
650
1811
615
1415
881
1039
1656
1950
182
1015
263
1651
154
1659
394
1659
1431
1429
1683
1427
1808
1656
1499
1811
1818
1808
1902
1063
1682
81
1748
1748
1105
1201
629
1024
1074
543
1680
1712
786
1924
1651
966
969
1651
1489
1077
1502
1970
1516
223
1975
999
892
1983
130
1027
1085
1805
396
133
1064
1497
1794
1794
1533
1105
1105
1126
1078
