mesh_partition_v1 2048 26411 41 cell_order_v1
366
1991
1526
801
590
1264
312
995
1265
849
1336
2011
1267
857
84
713
367
1592
929
1548
578
367
141
888
433
808
888
1359
740
312
1715
803
1729
1661
775
1467
1663
1871
1880
1931
2039
382
749
1708
1931
764
1931
1280
1729
1732
1931
641
808
641
909
641
1400
1400
1297
2039
2039
155
2039
1401
1401
78
775
327
641
1974
445
1689
1704
861
1774
1728
185
655
1516
1628
443
2026
1774
1766
1729
154
443
443
1722
1079
861
963
952
932
578
861
931
1053
154
296
155
861
1272
1610
1171
134
1605
974
950
1729
1902
130
1904
96
1805
1161
1297
1856
1327
230
1642
1876
1896
1327
1386
1379
1541
801
980
355
130
1859
1690
353
1859
1974
1937
134
90
1859
50
487
1859
1309
1376
923
1753
732
2014
2014
919
761
604
2014
1681
2014
1313
1591
613
919
1946
1777
114
1635
1725
923
1737
1737
1737
1356
1656
62
1634
93
1150
1637
93
93
1716
93
539
264
535
1100
1645
10
191
62
15
176
1163
1185
1075
585
134
189
880
134
585
1371
1548
1952
585
63
893
585
17
901
716
1601
1956
716
1758
1914
1514
1432
700
579
481
1270
786
1270
786
1548
1322
744
1382
1323
78
716
669
507
1737
677
1267
1267
716
1264
666
937
1204
91
1395
1920
1928
937
22
576
939
1427
766
94
232
22
1183
1525
440
22
669
768
22
357
1726
1854
336
1346
694
395
578
33
1347
581
576
565
559
28
35
626
847
1864
396
420
822
1336
397
707
1506
70
33
954
688
99
906
925
907
490
925
422
1256
137
420
530
420
1000
1215
32
1154
97
1817
345
422
1515
1575
1185
1187
1257
1907
976
564
2035
1943
1766
889
564
163
565
1476
622
450
1428
1044
1019
622
622
103
622
226
57
1157
850
1168
218
1286
57
1163
48
48
851
1414
1476
1106
1233
1246
1278
58
521
767
1240
1247
521
346
348
1590
1372
346
57
1199
1023
1117
1896
1375
1476
1375
58
1375
2036
1905
2038
1521
1001
384
946
2036
221
1474
1486
666
2036
1099
946
860
221
187
1508
91
187
1496
946
694
1186
1186
1517
2038
1939
1168
986
1517
163
466
1716
1976
946
1548
694
663
1728
115
1888
157
940
1579
918
694
694
1871
2028
710
371
1570
979
115
115
1001
1443
273
979
115
1960
1000
306
1953
1020
1566
935
1953
918
1960
1565
1957
1565
918
1565
2017
1673
1001
425
425
876
656
1182
1136
656
1111
1277
656
1507
1466
274
869
1570
1595
308
1548
436
432
433
392
388
425
918
985
1296
1691
656
985
739
1155
1155
1039
2030
985
1570
1506
832
663
1741
1075
985
1018
86
1017
1570
1155
519
1617
1216
1178
1355
1716
1355
637
274
102
295
1354
1782
1158
1712
111
498
1155
505
90
976
976
1019
671
810
686
1682
1938
165
2007
162
1474
696
1688
1863
1981
463
1355
745
1082
1355
145
1029
1854
1030
1031
1018
1139
844
662
845
845
194
198
844
1599
508
198
1634
1080
508
45
1166
752
1158
752
318
1504
592
1048
758
758
1523
1080
1062
1062
803
773
1062
776
896
1951
1927
826
21
1085
637
1977
1515
20
1062
1743
672
1086
491
655
1751
1977
674
1024
438
1716
630
691
580
760
670
788
670
820
1137
1649
1649
1716
1679
1571
1521
1741
1793
1526
1527
1121
151
1072
1521
1649
1649
753
152
1184
2010
1527
1421
1526
1541
182
665
1521
1572
1177
1668
1572
497
499
1177
719
1006
931
149
1855
1727
619
971
892
1003
992
1178
874
845
954
1572
1178
1306
222
785
1572
162
435
1521
1716
877
1572
1306
1748
760
2047
1342
888
1342
1321
2047
640
1249
1011
1073
1404
1318
1306
1623
1222
1011
1601
1092
593
589
760
2047
2047
299
1411
63
63
1931
1931
1117
447
1011
306
1291
1139
1140
1306
1717
1140
1931
1108
1230
923
1688
1232
1240
977
1011
362
335
863
863
315
1994
1676
877
268
1710
237
448
195
1679
474
1679
330
342
364
1677
952
1977
429
41
1734
1541
2029
1977
937
89
2029
1108
1654
1880
1108
1660
262
1500
1475
821
775
2045
1637
615
817
1412
699
817
1412
1681
1978
811
1681
167
833
1803
162
1725
1156
1070
817
1707
822
622
1738
1030
1030
208
375
1707
1523
1999
427
604
1954
1030
1898
1030
468
732
1900
1395
1728
1728
1902
427
1108
1954
56
1935
1840
342
1984
1902
838
409
617
409
409
1815
1649
855
1998
849
1987
559
1997
279
415
644
849
1955
742
615
1730
294
1454
447
1955
1230
686
409
832
1892
1995
372
1995
670
363
901
82
435
1071
372
911
284
394
393
1559
339
552
179
1139
128
825
969
742
2041
1328
999
1991
536
471
1990
1328
654
631
1995
1995
1372
1071
87
1038
1372
1940
496
751
1940
1939
1950
1873
1946
733
371
1568
1892
859
1070
56
798
990
1555
1952
1070
1954
1952
1954
1454
1560
199
829
1567
1760
1560
691
1560
2040
1561
829
201
645
958
829
203
1011
892
2010
829
1918
893
681
885
2035
2015
830
876
1702
1739
1918
958
1918
1528
1234
28
1989
725
1531
1788
880
1727
27
1531
1521
1530
1009
1531
1476
184
1777
377
459
1265
536
332
1480
1617
1762
118
1176
118
364
958
1080
1163
1176
437
958
886
917
51
1483
1833
21
1482
51
1732
1480
1610
1880
51
992
436
436
178
1608
222
900
371
883
1507
437
668
459
249
246
502
151
876
896
838
24
1830
668
1931
1959
1509
203
429
420
507
511
426
1178
456
1396
426
1378
369
684
1544
364
2003
1814
222
426
231
116
487
426
1049
654
1889
1070
1070
158
1070
1395
670
909
882
1057
37
1684
1084
1657
1514
1056
1057
1891
716
701
1057
1174
222
793
807
222
571
1820
1229
1226
366
1184
701
663
1228
620
1904
1228
1221
594
637
1609
1696
445
193
167
480
1289
411
816
455
46
1332
46
1614
1557
1614
1280
57
1905
494
1557
1610
1558
816
1697
369
1332
477
1595
981
1503
914
1941
186
186
1490
1941
1615
639
1941
852
555
552
260
483
368
368
979
1274
1835
1933
811
1332
717
1278
78
1963
1796
954
1623
776
776
1691
1932
78
933
77
1641
951
1386
77
1518
1359
1449
1243
1518
1516
981
988
1218
928
1516
993
1291
950
338
342
2025
717
339
943
943
1219
819
1750
717
717
1001
988
339
773
998
906
1274
910
998
826
826
1203
1509
824
1725
1711
946
1717
998
854
1725
952
2040
1911
1279
1274
1689
998
1569
1689
251
1119
1586
967
910
964
432
971
558
971
971
971
906
950
1730
111
1887
337
343
323
1887
1705
1729
1917
653
1887
1887
1483
1402
1489
1299
187
1819
1484
1934
187
1729
852
1855
1733
1949
1545
1949
1902
811
833
1949
1949
1995
1429
1859
649
2046
2023
794
1850
1693
2026
791
1731
1917
1917
1382
795
776
88
1567
719
166
1330
1731
1737
1394
506
1627
1521
1340
1509
1601
187
1622
274
1059
187
480
1714
402
1917
1267
840
506
284
1083
1343
840
854
1295
445
1967
1506
1343
1640
1380
1995
860
480
696
482
917
840
585
766
334
668
1778
71
995
1726
1725
1577
1640
1127
105
1284
578
840
317
546
2011
1548
482
546
188
221
1335
1398
902
1853
850
983
439
547
249
501
1174
1656
635
896
612
1853
603
896
593
1837
1656
900
89
275
1656
1380
1825
1380
2045
1656
1474
1769
119
936
1943
634
2023
1794
1932
939
912
1464
275
1526
1193
1370
418
1849
1005
949
1500
378
1879
1005
22
378
1879
1008
416
1381
144
172
1290
75
1004
999
1878
247
242
378
206
683
1596
751
378
711
1887
453
16
1878
287
904
275
520
1667
1743
521
1837
991
1592
46
193
16
1346
542
1196
1347
721
925
17
17
1349
775
775
775
1196
775
1075
247
545
196
799
1732
205
1360
545
1368
1741
2018
998
1241
1194
246
1644
1440
1276
949
726
1584
1540
1459
1739
1458
545
1196
1460
545
1461
1344
1447
521
1471
1099
1975
1284
1463
1197
767
1468
157
294
619
303
475
1885
1511
1055
619
1199
1482
1686
464
211
194
619
520
237
1210
429
1885
619
232
1390
1880
954
766
859
912
713
1878
1384
1885
1284
1384
1648
1176
1667
209
1884
1371
24
63
29
1623
2045
1467
1881
1562
718
934
962
966
1547
1390
209
1882
345
1882
1956
469
1138
1414
465
1412
1414
1791
377
372
24
1765
1242
1552
209
209
1765
1462
1562
304
305
553
347
1780
1721
1699
1630
837
1765
1866
810
1975
2018
1559
304
1549
553
53
24
2001
741
13
1150
787
553
2
1765
796
207
850
2011
553
4
1453
480
474
834
686
686
1453
12
570
12
683
1190
1483
1453
681
686
9
1672
1453
857
680
1549
685
1750
89
1413
924
988
1103
660
924
717
52
1103
1753
926
1100
926
347
52
1473
1531
1370
471
1279
510
368
404
1531
373
475
1531
52
1710
1718
1717
1717
52
1718
1975
1531
1458
122
1438
121
124
454
362
124
1426
1975
535
846
1438
1047
1779
1776
1985
1993
23
1759
495
1553
495
540
1975
53
287
916
694
53
126
1467
930
1374
1400
66
485
1857
1992
917
953
867
513
1001
1001
1000
1546
1778
1000
563
53
529
1475
1475
1475
1778
1475
53
1525
1184
1590
1570
1538
89
89
1328
1817
1808
1448
1436
256
1817
1424
1539
528
262
564
916
361
90
914
1396
1616
1476
1727
752
1618
1712
1305
1940
1952
858
1817
1156
1817
192
1512
1152
1616
1804
1627
1461
1841
850
1485
392
1313
1167
1834
1602
1309
1095
1672
258
1690
1619
253
1670
1619
932
1042
1833
1788
1760
2013
1834
1305
770
587
1241
1936
1680
771
1936
1619
1206
228
1605
1608
1607
1044
1648
1146
1610
1528
222
1880
1667
1795
1605
2015
228
479
1698
1270
771
1766
1661
228
250
1865
1682
1088
1974
1237
1660
770
1927
1905
826
406
1018
1119
1206
1693
1964
1619
1427
1641
457
1237
1206
1206
402
408
491
1940
415
852
1018
1719
1263
89
1389
852
392
176
264
1937
1018
1941
233
235
562
1172
1172
24
236
1662
443
227
1018
1449
211
1662
1462
1355
1146
345
481
579
1451
732
447
884
934
481
285
1662
1662
129
129
941
129
1621
345
398
1941
318
129
461
1466
481
481
1927
1939
1165
2030
1897
119
936
1165
1165
1812
982
754
1827
732
1175
482
1827
119
119
354
1165
1892
1145
312
826
61
1481
119
119
410
1443
1191
1770
1070
301
312
1607
1875
410
410
946
997
312
820
310
1267
1443
906
666
312
236
1821
1132
1128
1814
877
1213
811
2030
1714
1111
1111
12
419
847
1174
629
251
1329
1329
1174
2
1412
966
1441
969
1329
93
1441
1519
856
448
726
723
15
1287
1193
763
15
1755
2030
1067
1912
723
1025
241
1414
1073
2031
1103
723
1287
1287
1287
334
631
1814
1287
1022
1287
1287
1287
241
835
629
846
2030
301
1774
1197
1093
554
591
579
545
607
631
366
241
2030
1977
1268
241
278
487
407
1086
31
2030
218
573
985
852
1394
854
573
787
1910
1539
267
1590
573
318
287
1840
225
573
1733
1732
1846
1582
1540
585
1540
1540
259
1856
1888
507
1683
901
1540
1719
1590
250
1122
250
968
1729
229
1541
2030
968
564
566
1211
540
1498
227
2037
1151
2014
462
1489
1144
553
1787
583
1205
1514
1261
1787
372
1561
1328
372
70
35
35
968
148
1808
38
814
802
1851
731
969
251
700
802
462
733
1185
976
928
933
1475
972
1187
1187
979
992
968
1038
610
1879
24
2020
2017
2006
2029
1137
1050
1873
38
1581
1054
38
891
1512
1785
1714
378
1791
1773
1940
581
1940
1512
284
943
38
1937
1939
1512
1512
1225
69
1274
1337
111
1397
70
988
818
864
829
922
938
929
1399
919
919
1320
1060
70
1320
1261
1588
596
1831
1853
1599
1146
301
1323
596
904
1878
1386
1347
1890
1256
1352
1579
112
1056
904
1468
1256
338
1206
580
1256
1517
1204
1323
695
1205
991
1205
877
863
1693
1251
1851
701
701
1542
1733
904
1251
317
904
82
1772
1772
1646
1117
2026
13
1508
317
1282
1285
1517
1455
1517
1969
1476
1504
13
117
1646
1510
1440
13
18
1818
1071
1450
1529
1448
1845
40
1020
508
329
1404
1079
1508
27
41
340
947
1068
41
931
939
335
897
1912
183
40
1978
1646
1437
1818
1818
1646
1432
983
1437
494
921
1826
1471
1984
1614
1461
1826
1467
1826
1826
864
1826
1555
1932
1717
2017
1555
1383
1805
1755
823
1807
1715
1714
1107
1814
673
1797
1818
436
1555
1980
1478
2017
1473
1818
845
468
611
615
1985
615
1669
615
658
87
1397
615
491
1924
834
1335
406
418
1493
1299
1617
1883
1829
834
15
1650
181
397
1646
337
336
468
312
450
1474
1924
356
1744
620
286
191
118
842
522
842
1925
830
1925
1458
1417
523
1482
1836
1997
1280
1568
499
1910
1474
503
1910
1194
1846
219
1005
1576
879
60
503
580
981
1270
692
994
809
503
1558
1728
1908
998
1759
930
828
930
1151
1877
1194
1856
854
1876
930
1145
1524
84
1910
503
1704
1761
1720
506
1867
1643
930
60
170
506
1355
170
1378
1382
553
1380
1194
1910
1620
771
486
820
1626
851
1449
857
506
1449
606
1671
1720
859
1117
1542
1281
1471
407
1561
190
480
481
679
860
1852
480
421
1116
2020
882
1073
170
910
1194
1723
1723
1857
1720
170
604
59
1857
1563
1112
958
59
1594
1857
1863
11
1863
943
121
844
934
1307
1039
1479
1311
1308
1703
1703
1361
1113
1857
190
1864
358
371
1538
1721
1249
18
733
1316
501
1262
1487
449
18
1428
18
468
1098
1119
1073
1721
152
1113
1536
1514
1229
1278
943
531
935
715
225
501
1808
1938
1371
501
1148
632
1873
1536
1655
531
2003
501
627
1200
1851
1185
1514
126
1198
1198
1199
531
406
636
1775
343
1537
14
636
1605
1661
391
466
1644
1891
636
636
1885
1806
1972
531
1973
693
1973
1938
424
745
745
1605
1886
224
1781
1483
113
129
1101
1972
1911
1775
1775
1860
13
1915
610
194
84
1407
117
91
1607
1223
1347
1884
72
1151
93
531
165
124
106
390
1486
1397
65
1414
12
191
1406
1223
237
861
1561
166
17
474
1218
334
333
1775
392
573
916
927
391
1505
1524
1965
1505
1908
388
1634
391
1915
790
666
319
1889
1425
179
924
502
1722
418
925
1258
296
1202
1726
1202
1199
1726
1722
549
1190
253
1435
1038
1215
1229
1478
551
1230
1038
894
901
1229
884
186
1229
790
163
186
1135
186
1229
1038
1238
1228
1151
790
790
1692
631
631
160
160
1228
1822
1491
1167
1153
1467
631
1222
1517
1771
1221
290
1303
1351
407
1038
1287
1890
1161
1246
350
1476
1486
88
1189
486
505
1890
1901
746
1560
599
631
531
915
398
1341
432
1291
1890
395
1024
395
1281
1476
88
1308
1284
1356
1459
1458
1458
313
1852
88
441
1890
1359
1576
580
1578
1579
1728
2046
1118
1458
1459
1579
1668
241
1578
1002
265
463
1359
1449
661
1190
1417
1446
1827
976
793
1798
1722
588
793
1678
1508
1938
1933
2024
2034
1149
1669
944
945
1850
1875
969
793
988
437
1355
1718
988
915
794
200
437
273
671
204
671
393
277
915
988
912
913
1506
1472
121
980
1889
86
88
671
1079
1830
851
1844
1889
1813
715
1564
1889
671
1564
903
915
943
809
977
1564
977
1956
1987
2004
1992
362
1833
1025
998
1881
1832
1816
1564
624
182
344
471
1023
1311
684
436
687
684
686
453
1311
458
21
80
355
328
264
341
407
503
239
663
341
1165
565
341
238
1968
994
341
1669
500
1516
1671
503
497
1913
1413
1756
723
2022
1739
606
798
1671
84
1737
2022
1178
771
12
182
809
426
411
723
1692
1673
1679
750
1470
2022
182
86
1692
85
80
1295
1010
1011
1291
1010
75
1535
727
1161
727
874
1873
411
649
611
611
87
395
1789
901
345
429
1798
242
1589
345
1557
785
1789
1122
937
1010
1564
431
1141
234
491
534
492
489
492
1076
1076
620
1182
1742
239
231
1729
1669
1791
1024
564
1576
1076
1579
1668
1578
179
1419
1419
78
78
1791
906
1579
1421
1076
1410
1565
906
1881
527
64
719
82
527
535
248
527
1564
230
907
195
75
507
336
1365
1492
486
1365
1365
1365
305
716
1760
305
1692
1581
907
527
1727
1938
595
199
1385
463
1907
769
1763
1385
1390
486
199
199
1827
1391
1692
328
330
330
341
897
199
1989
1419
333
1249
669
1057
669
1389
669
1271
1313
669
1419
1389
1769
1768
1768
1923
1922
177
1560
200
1871
639
290
1017
1692
854
611
302
368
937
871
1661
937
130
130
1199
1860
1870
1663
687
734
1034
177
1196
30
1926
510
396
177
274
980
363
2024
1946
323
1852
1906
59
1692
322
763
776
436
361
320
177
441
933
95
1480
1476
3
30
1010
86
1524
90
1948
1011
587
1151
1270
373
1983
587
614
822
587
320
932
907
880
1777
1142
295
1124
587
108
88
601
1730
1584
600
995
1740
601
803
805
806
130
601
1291
932
674
1758
1343
812
932
962
95
1184
1776
1375
5
1107
1107
1296
211
209
130
1373
601
638
697
1451
1451
832
108
108
883
1472
108
1472
1210
832
1488
1074
1119
389
1994
899
1368
1451
838
1629
611
376
1993
1007
375
219
49
139
904
596
689
1926
636
1424
632
593
1927
841
822
1629
823
841
1629
1337
1451
1941
1629
455
1047
1707
1343
1008
1008
875
1023
139
136
1870
827
139
130
1007
1624
1004
172
982
873
982
1582
1343
1424
1042
1042
1223
640
99
1341
2015
1794
1223
1136
2027
612
1911
2027
2027
614
613
1924
612
1924
1924
898
204
423
195
423
214
330
318
45
1911
1924
1782
528
1341
330
141
637
223
1911
161
1065
1252
1014
697
528
710
1911
1882
469
42
2029
688
1768
821
1342
694
1342
1151
623
188
370
1151
370
10
145
370
1718
370
1782
964
1100
1203
1150
1296
1693
1618
469
1503
1502
17
909
186
757
1248
180
177
763
469
1248
1616
843
177
1612
1266
959
1964
782
629
1677
822
1677
1736
1974
1974
2046
2039
2009
1677
1959
2033
959
863
790
959
385
1680
964
483
1964
418
748
736
959
917
1247
964
1015
1062
1826
1015
1061
1386
1015
984
1015
49
2030
778
1692
1759
469
1059
1059
875
164
545
1295
889
876
544
880
544
872
875
14
136
1217
1506
545
1247
1694
1367
1486
1216
1281
87
1956
1363
1248
1291
1219
436
84
18
1683
136
649
311
645
137
61
14
295
1683
1104
1557
1684
1684
1852
1684
1684
1491
1486
874
1300
1678
1486
1685
62
1394
1683
1365
87
1474
1069
2002
1435
424
1475
1474
14
1474
1104
1879
1040
424
1104
507
3
425
36
1275
46
367
16
14
1758
1333
728
1433
877
739
789
870
873
1433
788
1890
1129
1433
789
446
1929
789
1192
789
789
857
821
952
1002
1314
930
963
1090
637
1143
1816
1192
826
1868
1319
826
1691
897
832
714
2035
866
792
923
810
1721
236
2034
1723
1688
1717
1720
1758
424
1759
1690
1721
424
2037
2039
1545
1798
2037
2035
2032
224
431
2029
1600
1721
828
1600
750
954
714
954
778
1721
671
974
427
337
529
643
1929
333
643
1658
128
134
133
335
51
116
1658
296
1036
335
50
1036
756
328
1036
547
2023
1658
1569
1036
1405
185
1178
529
1624
1863
1630
1887
1547
1034
1658
1809
1178
1734
581
393
583
651
190
643
476
494
366
651
1713
1668
1710
575
797
1929
1483
516
1472
559
575
1928
1360
235
1150
1734
237
1437
642
1106
295
1730
1198
1986
1360
1006
1154
1154
1159
1986
575
1603
390
575
1636
1759
1519
1360
1360
1488
123
1986
284
1986
1378
970
169
987
270
266
1885
1378
690
1705
248
1488
1722
1378
1488
577
2003
1723
1903
1134
2009
1903
1268
1500
1486
1458
1378
1369
150
1396
1488
21
1784
613
613
624
1724
626
225
225
1593
2016
1593
230
1012
312
627
1784
1701
1753
1012
1012
1093
879
227
339
216
120
430
1916
1784
375
1017
1596
1012
1589
305
370
155
879
607
1784
1328
1561
592
1643
875
1567
594
392
607
634
1340
158
1340
1504
1819
1038
1795
1125
1792
1750
676
1125
1603
1562
158
1178
1276
1565
1565
1562
1291
673
675
675
161
957
100
184
382
1786
1750
957
1074
1719
1286
2019
1284
607
1080
1290
64
1080
1429
1421
157
41
864
724
1120
160
1206
1022
1278
1022
1290
1291
1569
724
1576
82
1446
1613
724
2043
2025
724
1699
868
724
918
918
1166
1788
1284
1292
2027
475
1166
1530
920
212
505
921
1699
867
867
1633
2026
231
1699
452
1166
1670
867
375
867
1752
773
1717
20
1703
1626
211
369
1302
473
1666
2042
1977
2034
1666
1112
1724
473
1670
1389
1145
473
201
473
1731
1471
1658
1348
1980
883
1628
9
832
1303
524
369
1471
117
725
213
1471
724
19
233
867
963
155
962
1471
382
971
179
8
181
867
1913
522
228
421
1779
603
9
1553
1553
520
463
1369
368
321
866
363
601
1557
155
572
866
1833
1921
1938
1804
1767
1098
1802
1973
665
1503
665
287
1503
155
346
588
538
1776
665
538
662
1219
665
842
842
47
842
1418
524
842
1218
1242
139
1232
1246
1246
100
103
287
1877
1847
939
1380
1867
1869
243
1338
1232
1275
1380
252
1380
1380
251
213
129
493
933
2006
621
1004
894
796
814
1446
2006
1803
994
1217
683
721
299
519
2006
1952
556
2007
725
1804
1822
1076
1078
239
1822
434
1305
521
429
635
299
598
1630
1527
935
633
1631
1525
1818
323
1370
1396
1642
1643
80
1379
227
520
1526
401
401
906
5
176
8
563
1638
393
1035
234
1788
1790
1835
1644
234
284
1965
262
1979
3
234
115
633
1462
1433
234
84
1419
84
1003
1750
824
480
84
1693
91
87
1990
1548
1943
1158
1
635
543
1220
543
445
565
1536
262
180
734
1858
1536
390
195
1159
390
1282
508
1989
460
1159
1991
267
1103
586
280
1159
1159
1423
1771
1411
939
1098
107
1429
939
1434
1421
1283
939
1018
520
1442
1431
180
681
1568
773
1893
835
906
2012
1990
1893
1451
1627
681
2012
1127
1283
1800
270
1457
1889
360
1815
1825
1143
1840
978
1893
1464
470
332
394
339
695
1243
1771
515
1568
1185
1966
1187
1771
1208
1511
1709
1185
1185
1619
347
652
1570
1032
1665
1216
1219
1034
291
1117
636
548
413
1032
1035
1032
1032
311
1960
1962
583
390
314
1254
1239
1509
1771
1221
1962
583
1962
2010
1048
1923
493
1275
484
1275
1275
1275
9
1324
1331
78
395
234
1456
723
1923
1923
78
395
68
64
394
394
1388
1210
1859
457
419
1179
490
1179
1179
235
1923
375
77
1449
913
1771
1687
116
1210
1889
882
408
1462
1179
406
397
387
1964
1981
319
387
194
1288
1881
406
485
1616
1625
618
1971
618
135
468
1691
393
235
1739
1831
246
1625
791
200
623
400
723
489
791
148
618
882
1143
1691
1908
1511
2000
200
1988
1752
603
1752
1752
1667
1752
1324
1511
33
1445
1688
1445
1511
1043
1691
522
207
413
1746
302
816
302
1727
302
1674
1703
302
1756
815
220
527
1902
747
1548
1089
497
1716
496
1548
1718
1751
1920
284
1763
1613
1295
1283
757
795
496
586
347
2025
795
2028
2031
806
1132
2006
1118
2011
2013
522
267
1336
1384
1173
2030
522
720
697
728
1952
972
980
1530
1511
36
141
1428
1566
1951
1951
220
257
1025
343
1077
973
914
858
742
1949
777
945
944
980
1148
210
1077
245
625
142
752
193
1949
739
1077
1747
980
1077
739
1921
2036
739
1379
739
1704
1526
1525
766
766
1760
217
1969
710
406
883
741
203
1784
1445
1481
1144
1379
507
1492
1522
522
565
1334
522
1522
1963
567
264
765
938
1151
1075
726
1534
923
926
1156
1151
1747
34
46
1671
35
1033
747
1594
791
165
1379
789
747
1522
520
898
1484
155
1485
307
156
882
77
373
1379
1519
796
1003
1003
1175
1003
1657
1485
693
1873
933
657
1872
860
938
806
998
899
1879
1657
1116
693
1679
798
1879
884
937
1874
984
1156
1883
1945
1944
1393
99
1393
1393
1393
898
1103
578
938
750
693
422
1870
710
1157
1003
36
393
1882
1905
1156
36
1588
333
1156
609
36
899
521
1292
1097
902
784
571
525
2003
187
36
1697
2012
1076
1924
1059
953
187
187
863
214
1071
1068
584
643
862
555
953
862
1994
1895
520
1085
1920
1083
1213
555
1201
1258
600
1212
525
609
862
1099
938
540
1507
1507
953
1304
1726
52
1682
953
1585
1675
1298
1727
214
714
1469
1066
608
509
1536
1536
1282
509
1230
1285
1285
1444
1263
636
232
232
749
232
713
1234
638
232
608
1069
170
1905
1458
1456
1589
1459
1793
535
1787
1456
1851
1459
1560
1545
393
1247
1612
1545
1539
394
393
823
1213
805
769
817
1667
775
1770
397
1934
731
729
730
27
1924
1147
1826
730
408
728
388
729
409
1949
1234
1303
1774
1917
1775
1308
648
671
1230
15
1653
1139
619
1499
1775
898
1007
1741
336
1318
787
488
930
619
46
470
1917
310
1917
138
1496
91
1122
1934
1774
1122
1124
2002
1497
90
1921
1855
917
1464
1382
928
1293
1220
1079
1079
1194
1499
808
930
1631
1631
1854
44
2046
360
1813
370
1631
733
891
1294
1141
2046
1922
367
530
1126
1977
803
1823
530
1200
1151
1847
1269
2046
75
1371
157
191
146
1828
1000
2046
1200
1553
740
1843
1997
1985
1631
456
1141
1264
1890
1900
1796
1548
1200
1195
1861
1862
450
1843
450
1934
1860
992
796
394
801
259
353
1442
742
1619
1581
942
942
1758
1444
1377
1202
1256
863
1265
1505
1199
1854
502
459
1377
1487
1376
788
229
1402
430
1202
34
1832
1626
1832
151
1423
396
394
942
1453
891
1408
802
1832
779
1037
1291
1379
1442
1364
1108
664
1808
1653
1371
1051
1051
1832
942
408
1856
1876
1481
921
353
790
1877
497
790
1481
261
400
790
1877
1856
877
266
1314
664
324
1314
664
1481
479
1597
1894
962
1904
760
1834
758
790
6
109
2011
394
664
746
261
174
1436
1189
354
1241
1189
638
639
727
271
638
1991
807
248
1680
1647
141
1686
1555
235
906
341
1556
235
719
141
321
1587
235
174
1886
1689
141
262
34
174
141
1539
889
1481
1754
1497
174
300
1754
1326
1035
584
156
0
1302
91
1302
86
155
306
1081
265
1786
303
1494
301
749
1778
1386
265
295
326
290
501
1310
1130
1321
640
1597
1222
1225
1130
1225
1222
1130
802
488
168
1452
238
1426
208
1321
446
1938
1938
91
290
1130
764
239
758
1468
265
265
642
2043
602
527
550
1016
749
1906
1876
1546
1819
266
1959
640
525
1333
10
855
903
901
1475
1509
1480
1014
924
1
131
1007
221
1081
855
71
169
776
176
153
1187
661
711
716
935
1326
1195
770
1844
1189
743
1007
21
1014
1260
1793
1524
474
1332
1016
95
463
709
1452
711
1720
661
1755
1820
1790
1842
1065
76
1937
1838
77
146
1770
1267
177
1770
929
1347
1462
1770
1447
1213
1212
1294
1448
1215
929
1793
1215
517
148
1215
347
257
1215
1631
1712
1574
929
1959
827
1450
16
1224
1702
1631
1220
180
1950
116
1935
661
1608
1339
1311
670
1222
1506
180
1368
180
117
171
687
1374
1705
671
686
680
1374
1462
1697
1984
104
613
444
144
193
1294
219
615
147
1354
178
67
1285
838
47
1281
1587
502
164
817
197
612
612
872
540
1712
837
1668
1268
272
366
315
1961
777
220
1075
885
1952
887
1743
1742
1741
1537
1964
2007
199
839
1359
838
908
926
948
907
668
180
523
160
1259
904
1850
1849
1849
509
1962
760
130
753
1848
1848
1848
1849
1938
890
160
962
890
875
1314
759
1618
327
1575
966
872
966
1524
403
690
290
1710
1096
299
302
1260
1251
1107
301
961
1761
709
5
290
1296
1361
317
2019
142
1334
1491
771
1506
1037
160
503
1301
517
1303
1183
237
601
536
160
647
550
713
3
730
21
789
1191
703
1524
1182
1173
138
138
1018
1385
1234
1018
68
143
1398
2
652
142
142
1018
1697
5
667
658
143
664
1996
134
671
1092
667
2031
1268
1120
204
1693
1714
656
1140
579
550
392
1964
1092
1753
1092
640
1692
640
1141
668
429
1958
1930
1956
1584
1120
1116
124
1632
1866
1606
1960
1730
428
1726
1679
1730
192
1730
1120
511
194
696
528
194
194
641
194
311
429
640
1285
305
1730
1506
1299
283
192
640
437
1335
2031
956
871
1006
946
866
946
85
1039
956
1525
848
923
768
848
1280
1280
1285
1436
1281
1930
1285
1285
957
957
112
946
1515
577
1120
1906
2038
1911
1121
2029
1837
1319
1341
947
1784
382
333
1998
334
279
660
742
1263
471
810
196
797
947
1428
864
858
360
607
975
1299
478
337
458
1428
664
604
280
406
647
1299
1967
1898
1339
394
1309
1037
1078
1675
1427
1339
1518
1181
1254
855
947
581
1827
1304
1854
1637
1642
1616
946
580
1318
1282
1674
1308
591
1695
135
606
1146
1146
32
1162
1464
973
1289
395
1295
398
364
450
1378
470
1511
1218
1146
973
470
1378
1042
124
1146
947
1575
387
1387
470
1801
470
387
1818
1870
391
970
1308
444
1390
897
1042
1403
1600
1993
1637
1426
1608
1852
1854
1651
145
1962
1659
393
1524
1829
1614
362
387
624
1911
129
1610
360
449
1196
996
1914
385
1993
1411
1914
1408
1646
1993
1637
839
793
376
376
805
369
1993
1889
1894
1957
1413
1181
271
271
271
1781
479
389
1292
489
1459
1717
266
1715
176
860
183
489
1834
680
1856
1488
965
738
1134
1715
9
2028
1921
489
1134
738
1184
1198
1157
318
780
772
1781
788
829
289
1195
1123
647
1979
1916
1290
137
1595
284
1596
646
10
758
738
1781
230
236
1781
1239
182
41
811
1921
1522
639
1926
875
875
875
566
861
875
937
836
1501
739
1842
740
567
746
832
1842
567
315
1527
728
1773
106
995
995
1946
1840
1839
1976
310
1762
1337
961
310
433
1948
913
450
995
295
347
314
433
433
815
1482
995
1946
1578
964
971
1244
1099
1244
1247
1578
1578
1513
1950
1933
1247
680
1104
1653
1578
310
522
1589
814
310
1426
1762
798
865
798
1426
799
1523
1232
1793
1793
1873
832
1240
1793
1426
550
1610
1385
1426
1611
1610
1159
1017
1609
1605
881
1610
1466
1288
897
898
899
1298
1320
882
809
689
1698
1320
723
1697
747
861
1193
1990
663
1498
1502
709
1288
23
1699
663
862
714
1320
569
1972
2016
1396
1327
1052
985
1777
58
523
252
215
1697
464
1321
1755
464
997
1326
1402
524
1780
280
909
650
599
1696
905
555
1802
638
1801
1966
1402
1402
1412
1807
1489
1533
638
1967
250
237
840
1402
638
384
409
404
309
278
638
1801
1466
1828
1896
1532
1952
277
343
323
1667
50
371
471
1441
397
1218
50
910
401
309
491
1242
278
421
243
2012
58
1107
1131
2014
1952
1242
1158
56
1690
2004
276
276
1042
1913
411
1690
1588
229
1916
1242
490
1913
56
112
112
1667
127
685
755
1242
1840
1700
1693
1693
1668
434
1700
1725
447
1522
434
620
764
525
525
435
1070
924
565
535
1068
567
525
125
525
718
718
118
1988
1257
777
1257
1494
561
1979
874
1489
1489
1222
1222
518
1494
1220
1849
1642
1937
1979
1988
561
561
436
1164
273
1543
561
1556
732
1556
561
14
1537
31
1041
1643
1911
703
1666
858
1714
565
1429
1275
1520
1642
1092
1476
1477
72
1476
1622
1939
829
219
1942
610
670
185
1631
570
1942
262
1017
718
316
217
1202
718
604
300
1066
1202
21
592
74
83
1936
65
1516
958
1202
685
1298
31
1041
1323
71
1628
958
212
1485
219
1735
218
829
231
1203
1131
1141
1898
698
1799
1439
1120
923
941
1120
565
535
1427
535
4
998
565
277
724
1835
698
805
1439
277
1437
277
1799
1331
1439
1772
1749
1802
281
46
1698
1439
1797
2038
2038
1210
1958
2037
118
2037
46
1868
1124
767
709
46
988
63
1939
1951
485
932
1297
989
973
958
1868
1493
124
1124
989
343
106
1868
1868
1836
1405
337
1395
340
1534
1301
1905
209
554
1354
1349
1301
1585
581
1662
1301
845
349
577
340
1301
1534
470
292
1439
192
1439
1290
864
1282
845
1304
1893
1096
1905
1511
1298
765
1293
602
1437
176
1423
288
1532
1523
958
288
1422
1362
292
831
1408
1160
1436
1160
1873
284
285
1813
1555
1833
956
285
982
285
1016
908
1002
1918
1812
1813
1595
881
1812
285
815
1625
1625
902
286
1995
1535
1507
1823
559
688
1358
689
853
977
900
978
27
1565
825
1281
1236
1237
1236
900
163
1565
1340
852
233
1111
233
237
1592
237
1586
164
625
1903
1903
978
516
1207
633
1969
1314
1748
1429
156
1315
1296
1307
156
1196
977
1283
181
1295
205
1294
1276
203
186
186
1537
1843
575
1537
181
40
1850
811
1445
1092
1147
1470
156
424
580
599
1816
1292
1848
656
1926
1796
1837
920
927
1281
2039
119
119
920
2030
1994
175
516
175
1481
175
851
632
816
1268
295
25
1355
293
1797
421
712
421
1521
421
822
1149
1207
421
85
1103
293
846
1510
1510
846
846
846
881
41
1852
1160
1167
1296
1174
1254
514
1369
1470
604
1566
1453
514
293
741
58
203
1573
256
762
1572
263
514
1095
838
840
225
1888
1251
885
1685
771
2033
1676
1925
1251
1752
1726
1688
1959
1572
2040
2012
2040
1972
32
1095
223
32
296
800
1172
1297
1519
1045
800
671
1242
596
1858
1944
225
1864
424
1355
244
1041
210
1572
216
1239
1225
416
510
943
819
164
1227
1558
322
318
337
335
333
1041
933
1705
907
828
969
908
802
969
1507
627
440
626
1555
398
454
426
975
660
821
703
1087
539
513
120
1714
803
1712
821
1566
217
2035
1111
821
828
195
828
1227
1041
1588
1218
1225
1237
1237
1445
1415
96
1237
1232
1044
92
1232
861
1237
1805
1052
217
1032
19
1219
1803
1627
982
1803
970
222
1016
1829
1016
1831
279
1016
270
245
672
270
1016
251
251
165
422
397
440
272
483
419
661
590
165
590
802
888
1832
1077
729
720
683
1251
1333
1229
271
164
1828
898
164
1375
1466
1704
1104
988
1088
305
651
1077
1060
1890
1087
1708
959
1529
768
1109
270
768
1783
1837
769
804
804
804
90
881
1467
1467
88
195
89
553
804
959
306
989
1633
1367
1376
1897
1421
91
1777
851
1897
1897
1897
664
1047
1100
1197
1047
1110
684
980
1984
667
1433
1587
1045
1633
25
1633
1433
1787
1633
41
1786
2029
1663
596
199
1844
1973
24
1434
1433
1981
1429
641
658
197
570
1719
1282
1281
1800
1844
1844
1342
1516
1719
1405
754
1403
307
767
1003
897
1719
897
1880
1978
592
905
1512
1407
1719
1978
849
1981
1403
2042
305
1011
1774
1403
1966
886
1772
1600
589
613
849
849
1602
1546
896
1855
1167
849
1602
1440
1601
1973
1047
1033
1575
1004
1037
1032
1088
1544
534
654
1840
1036
1972
2028
1855
635
1515
102
1388
1264
1273
628
69
628
637
1544
144
117
89
1842
251
221
589
102
1842
102
1574
824
65
1842
158
878
116
491
313
185
824
818
191
393
844
439
1973
1452
1233
1229
598
1209
185
593
246
1300
602
1334
419
824
1594
1357
1842
1354
321
492
185
1865
1864
1866
1871
706
157
1811
1023
322
707
264
309
448
228
388
273
667
738
707
637
706
1201
1198
824
1198
1884
1884
1201
1884
1846
254
1824
976
1824
574
729
1916
1915
983
24
490
1187
594
983
1186
498
574
574
163
1012
231
400
1850
1009
200
1876
1731
64
64
64
200
1211
1278
226
1009
1468
206
1047
1186
1255
499
1424
1321
1279
1468
1026
1469
206
1494
574
478
478
484
1246
207
484
484
1187
885
102
1874
1246
1096
729
1623
1730
1092
1774
192
614
380
102
1092
1096
1096
1096
1742
985
1112
102
102
1131
994
323
132
1189
1388
323
1892
978
1892
1886
1892
132
465
133
1148
323
132
458
441
178
1093
1149
1209
709
200
715
1211
170
168
168
871
323
772
1047
737
90
481
92
619
1019
1468
1046
1499
990
460
814
143
1913
28
1833
1929
1366
1759
823
1468
829
1713
943
829
1622
309
909
997
836
1025
339
1777
375
507
1277
91
1622
505
855
507
1277
1395
1044
1087
563
1366
1136
1069
1292
23
1127
2027
112
624
25
188
900
1396
1941
918
1031
1138
1057
1081
908
1726
33
1998
999
1598
1245
1579
1571
999
1940
1000
999
237
999
998
998
617
537
662
318
1912
616
617
1020
879
1673
862
782
1691
1571
1363
1191
1864
1031
1425
617
1339
1342
617
1571
636
911
1976
373
696
1915
39
796
852
173
139
766
863
1745
597
1366
1515
321
1048
1029
426
1420
1711
868
100
911
1781
1554
597
851
1366
174
1288
759
835
756
190
744
331
175
58
59
698
174
1049
619
849
1271
1072
174
331
240
715
624
240
42
715
179
132
715
715
240
138
240
1025
1094
1094
1211
1212
1762
1538
1595
275
1605
381
1762
61
1429
351
475
376
1024
45
1512
235
464
275
1563
1516
275
942
1212
331
1516
2009
1629
942
940
941
2027
1516
1031
1433
383
1142
225
1945
1566
351
2035
145
227
380
1771
1764
227
1564
229
201
1768
1294
1469
1629
1283
242
1238
1318
1975
275
1707
1208
1065
229
242
166
553
166
247
1238
1417
228
166
1141
538
1451
1449
1763
1272
1417
698
1680
1682
670
1744
164
322
1746
715
755
1423
322
615
308
1925
1926
1208
836
1089
1930
934
1987
673
1707
635
744
1909
1909
2004
2031
2006
1909
2008
328
236
2014
785
329
385
333
328
155
158
53
278
744
1089
155
1479
924
1943
1936
1283
26
687
322
1479
322
414
470
365
262
808
696
638
703
450
262
819
1659
746
52
414
22
19
530
746
889
889
824
1659
530
1567
1984
1669
166
1889
1889
1362
1435
1208
746
1658
1985
102
166
1394
85
799
1906
1907
550
1477
544
83
746
599
640
430
1658
625
1861
873
881
22
461
1878
841
1878
1878
1439
81
31
844
751
25
710
1126
1035
1035
1129
1132
1035
756
1035
718
718
841
1379
808
1387
1438
515
538
538
536
460
1554
1559
704
836
672
913
1438
442
705
445
443
1136
470
1061
1517
808
1326
1505
445
1392
1438
1390
652
901
1188
445
1098
419
134
1326
851
1114
86
1817
1108
1113
591
918
1113
1113
1326
591
1521
1326
1167
837
1111
1745
591
1767
1902
1764
1899
499
1551
449
1326
1665
199
788
762
1583
591
1638
1979
1301
1371
1092
643
1638
562
52
561
562
711
741
1310
192
1599
562
1310
635
509
1593
496
1896
238
1101
183
496
1834
149
1593
810
243
1415
68
1892
643
1236
1121
643
1198
643
1181
633
354
354
105
1628
1660
396
273
354
324
366
814
1316
462
1450
477
1180
307
405
485
683
1532
448
228
1534
1473
732
1316
1358
296
1495
392
967
1500
113
735
399
224
76
967
224
76
830
248
711
248
219
24
219
217
202
28
27
40
1469
1831
1588
967
550
550
15
1610
470
627
229
236
1517
1608
14
249
980
272
282
272
805
967
807
806
1584
1769
227
149
1769
272
788
884
1769
406
1322
1176
1189
1248
149
272
1694
406
1694
803
1527
1297
1821
1189
147
1769
365
1397
365
585
33
365
1112
1114
365
1115
571
1775
462
462
571
569
1053
120
1599
1588
642
568
615
123
924
288
909
571
1692
1040
924
1041
571
1198
1169
1093
1363
1155
1513
477
1731
1505
1678
1599
1043
1127
1733
1681
123
33
1133
1134
1043
451
1659
451
1840
307
33
451
1547
1647
1623
101
1094
307
1040
451
189
589
597
33
307
1775
108
108
1864
1851
956
936
1777
1748
1215
1171
1258
1171
1258
472
1225
1093
1196
756
1636
237
756
1172
169
348
307
234
732
1172
705
925
1813
1813
728
2004
1280
1283
1464
728
1284
1811
1285
1498
1286
269
1930
229
1999
440
2004
1947
840
843
881
859
903
1947
925
925
1930
756
1678
1950
1252
1806
1690
1442
756
1823
732
451
1999
1667
1051
1996
619
2006
1813
1154
1710
1701
735
1710
950
879
1638
2004
1615
1753
1752
948
951
1840
1615
1996
1615
1051
1252
1449
1615
1950
1519
1158
1448
1449
1921
1502
1501
1367
1906
1296
1968
1874
1841
1973
1904
1449
1830
1976
1448
963
1874
1875
214
154
965
1448
1875
141
832
605
206
57
19
483
467
813
1213
595
163
834
1501
514
1821
198
375
1347
941
922
957
883
1296
813
1387
1597
870
329
342
1320
1387
1387
1009
1338
1338
813
1685
813
239
664
661
1054
239
661
656
239
1065
239
676
1318
1718
1718
284
1647
1063
907
1980
959
959
1040
1143
1636
1646
1367
280
1756
382
382
779
1756
1633
696
2043
295
10
1919
630
280
1909
1100
277
284
1501
1381
630
318
1957
308
260
338
297
276
310
1501
630
1784
696
1467
552
428
226
932
548
354
932
664
951
932
549
721
1923
914
793
977
1923
1281
1773
1091
549
1364
1761
1464
1784
1920
1357
1314
1285
646
1171
655
655
1054
654
654
1213
1357
810
1957
325
1124
1203
1190
1756
867
734
496
1213
1170
1325
325
1430
603
1170
724
1341
987
1357
987
987
987
1713
1574
1737
1820
1240
799
1629
1240
2001
799
1689
792
1593
1219
1575
1556
1728
792
212
213
1336
1357
1318
215
192
1338
1188
1089
1221
301
302
596
141
1847
1407
1337
1290
1401
1832
1314
1404
1496
1847
532
1847
324
1262
1108
1221
328
1231
328
532
219
1490
167
1383
777
888
735
1645
1828
1698
795
532
339
1641
1650
1650
1066
364
1099
1828
356
275
402
1264
1265
1280
1732
458
1096
388
1743
403
402
355
359
1847
338
315
456
1424
622
690
690
1706
895
1706
526
2012
521
1213
519
1830
1649
521
1098
519
1101
1388
1295
502
350
1932
1932
1932
342
452
1227
1243
860
382
1932
310
451
1971
315
1389
1362
402
293
228
1609
1852
403
1601
452
1202
263
648
367
1401
1203
2027
1504
1513
2026
1079
1341
1337
1654
1683
862
1085
1655
1508
1873
1910
1504
1655
707
1919
1402
12
15
734
109
968
27
968
1989
1925
1876
1924
2026
1819
1918
1925
2027
109
799
872
109
1087
415
1990
52
1991
1656
401
1530
1395
1433
397
1087
1189
1082
1231
1282
895
1231
1079
218
1718
240
1231
17
1163
577
1807
1739
405
1865
745
1888
1802
882
899
1711
1656
1711
1822
151
1351
346
1087
608
1319
347
829
1386
149
1656
80
1056
149
21
149
1352
81
1351
869
1087
962
985
1781
1902
1011
1876
873
232
399
1656
392
54
392
61
325
1479
322
1479
399
323
397
1780
366
1021
1783
861
1391
641
1783
1389
583
263
932
1391
762
949
1010
711
651
332
408
1009
2
2
485
254
196
2
408
2
415
1959
392
88
392
412
1742
88
73
285
942
73
247
428
1250
1493
457
1482
428
1493
458
1394
469
428
91
1415
454
1415
1415
1074
1823
1823
1823
1811
212
254
1823
902
1390
54
1390
1566
587
920
638
2009
1872
1872
2010
1872
1568
1872
1589
1589
192
1874
1885
202
587
368
942
227
286
1415
260
308
826
277
953
1063
799
1064
795
1392
826
1330
638
1518
1515
559
559
465
750
911
931
853
465
1201
619
813
1058
1780
1072
2024
1076
1780
1515
1194
1618
813
970
465
774
54
1622
1023
1244
970
1348
1022
1222
978
465
1146
439
620
596
670
670
379
601
438
637
1348
1052
591
1725
669
1348
436
601
432
1348
141
1494
968
131
1491
1499
1732
669
54
675
902
1383
1864
1845
953
1344
1870
1613
1607
1340
1344
1503
1146
327
1815
12
73
1503
14
1958
1035
391
1397
224
391
193
1602
1124
391
391
186
678
581
701
953
580
391
2037
175
603
1163
1473
391
1383
874
293
1473
1029
2036
2022
669
842
741
675
858
63
737
847
689
1695
1624
1695
1624
1624
1624
1346
1567
1627
751
943
736
940
951
2022
2023
1029
859
1340
1029
1335
822
1029
617
1184
1201
1079
697
636
827
636
580
1565
1269
2022
827
2018
1674
1712
1723
953
1809
1500
996
75
1713
2022
1028
1588
2038
2045
1028
2045
1848
1242
970
1098
968
970
1752
969
327
1028
702
1028
1243
233
838
838
1503
583
1294
26
69
1501
81
1017
81
1020
1526
409
1245
1253
1304
1266
1247
1343
72
1426
996
1405
1389
1472
1324
490
1930
1423
668
1416
1534
1930
267
1420
886
1417
1408
814
890
894
1877
1945
1172
1023
1929
1023
2032
2037
279
26
1722
20
25
751
27
1675
1174
1675
1095
1602
1618
1609
1513
1096
975
1042
1501
1207
1269
995
1547
995
306
1621
1482
532
572
843
568
271
572
919
572
847
691
1161
1725
1752
572
1127
1639
1675
691
1142
1276
1215
1127
1125
2041
597
700
1894
1869
1613
2041
1125
1334
1385
1279
1367
1317
1263
1266
1763
1785
361
2041
1266
1271
1765
1536
1657
1545
1666
1266
1617
1209
1183
1631
1209
1209
624
1103
1268
591
1209
710
710
457
1600
643
1411
1113
1306
371
374
374
374
179
330
361
361
1107
1107
1107
342
342
1390
1314
1346
1263
576
1171
1049
1190
1013
1048
1013
1804
1536
1621
1866
1573
800
1048
642
803
1411
847
1622
361
399
197
1613
1344
847
1613
847
1739
1356
1356
823
800
822
1356
255
823
822
650
822
1660
1044
693
1356
848
1413
506
322
976
1123
1022
506
943
666
27
1340
671
943
928
1701
965
615
1442
1410
1339
1317
1671
1580
1163
1570
1170
1587
815
815
1649
781
615
848
219
1881
202
781
240
884
934
895
781
848
1165
1470
842
65
1671
848
1465
1813
1459
1161
989
1271
2007
1552
484
5
1812
111
1754
1784
963
961
1760
1624
484
1559
1634
224
225
1670
1670
799
555
632
864
550
111
1410
606
622
1005
687
121
120
1794
1897
576
576
576
1634
1010
1446
1403
526
476
1402
386
571
570
1402
1934
1665
2021
1233
1273
527
1273
1465
389
583
1828
16
126
2021
1116
126
120
876
1116
1450
1843
1839
224
876
1534
2020
486
475
224
504
1292
1363
876
1293
1146
1347
1349
796
126
126
2022
1256
1437
143
1467
1448
796
887
1403
85
520
1634
880
748
990
796
1845
143
1906
135
722
142
1596
1104
1106
1105
1635
109
1442
1471
1104
1109
1471
110
573
2041
1105
544
575
1394
1635
85
1634
1104
1104
1480
709
1545
1013
1659
1431
1679
788
852
1473
85
761
1273
1707
1699
1726
1725
1552
1723
1672
1762
1850
2015
1943
1924
1630
1266
1399
111
763
607
1777
763
1552
763
1094
1551
1630
1192
184
1193
182
344
1239
51
1777
111
1090
1774
1776
118
175
118
469
268
118
112
940
913
916
344
516
600
291
819
291
978
337
1909
1373
114
1658
601
443
587
1647
358
1373
1073
2027
646
779
337
1085
858
1101
1238
1254
978
763
1647
978
1021
1009
761
1696
823
822
1967
761
1961
1920
1139
1771
1984
1772
1923
1772
1731
978
1984
1087
558
1512
1160
1771
804
1955
1088
555
1160
546
858
807
1416
1421
1168
1418
544
1634
438
1639
1964
1413
550
1286
1289
1964
466
534
175
1633
1140
1648
1645
1877
175
1856
644
525
571
1355
563
1349
331
1532
858
1383
551
1613
1633
1723
1272
1140
624
1723
1504
1140
1140
1823
1613
1345
1984
1984
668
560
1604
1984
1607
1607
1604
1984
1960
1992
1169
579
630
1295
1509
496
193
496
633
1264
1535
1345
291
1928
1969
184
1972
177
1331
1974
1523
1609
220
179
209
629
1669
1708
214
546
185
73
1952
1934
73
1961
1956
73
1606
89
1239
1798
1561
1792
91
1845
1618
1542
1863
1838
238
184
210
35
243
145
330
1038
255
247
251
1863
1454
1216
1284
583
1290
1449
1854
1441
1829
1448
1190
1216
144
544
406
2023
453
101
1612
1216
773
583
1087
1637
1991
1659
1637
1922
1637
986
366
579
1046
1635
1855
489
1216
412
427
135
63
1413
1419
1416
476
1425
502
1977
1386
525
1188
524
1386
326
351
531
1037
408
537
990
1804
1769
1768
1535
1386
37
1262
39
1261
1511
1338
1250
685
1595
1587
1338
1207
1583
1386
405
1583
1801
405
874
1337
709
343
1366
1797
89
89
1383
1384
983
288
679
315
293
595
619
678
597
559
673
675
1800
1247
1227
559
1598
1381
691
685
1537
683
1379
1166
210
67
1542
1687
1350
1342
1164
1542
1801
27
214
1190
388
1523
1079
1224
1111
1542
1087
948
912
782
2009
1849
1114
1796
2009
1078
783
208
1592
207
1384
1384
1593
1916
1120
11
218
380
11
2019
818
612
1579
1224
1580
1840
982
1558
1126
1668
1144
1669
1103
1099
612
2006
1119
1992
158
157
405
1841
886
871
1841
1840
1967
1146
159
160
161
1394
1033
95
1704
864
511
837
911
1224
405
911
508
1463
1031
1562
1869
910
621
1910
1592
426
1711
426
776
1225
513
1688
1715
350
685
1302
1302
349
2045
2041
208
818
2047
563
818
696
2008
444
844
852
2008
444
19
444
444
1031
844
5
1061
39
916
996
47
961
1301
606
1273
213
1031
1273
230
231
1272
732
732
1031
458
235
588
321
1049
249
853
606
992
918
588
513
710
741
1048
975
1502
1490
2034
63
1071
1567
557
209
1494
202
1918
1498
975
1498
975
975
603
162
167
163
997
1020
165
603
551
1054
592
550
1405
1405
1399
1497
1405
557
1273
600
600
557
600
188
188
1482
1927
549
189
635
1482
2045
1669
1559
903
188
908
899
134
1482
1273
1137
1137
1813
274
1812
524
1072
777
945
1072
700
1606
1340
1140
1260
178
734
1783
1072
1072
730
1049
1482
917
710
1783
1783
1027
886
1140
863
1048
1050
1212
1213
1071
317
868
837
316
226
879
880
1783
867
862
620
623
316
623
419
1712
599
1201
1811
1188
378
1477
379
1576
316
1534
1811
2032
2032
2032
2032
118
1026
412
682
1373
1026
949
909
1057
1027
1085
593
1607
1643
1858
1550
296
1617
66
414
1687
1542
1059
264
364
808
182
66
66
100
594
66
2000
1447
201
1040
1696
1126
1134
1703
201
2018
1930
1125
1136
1930
1924
785
2018
144
1897
152
220
144
246
1137
785
1914
657
209
1269
1265
208
207
1265
203
207
222
135
1332
1332
193
135
435
128
665
512
563
906
412
530
740
906
1003
1891
682
1664
226
2019
1738
955
1685
1776
955
955
1137
272
1088
206
1088
939
412
285
911
287
284
516
334
689
955
1137
1309
112
1133
526
1249
237
1308
518
118
961
878
797
1311
13
2015
516
1848
517
1640
1203
1563
1203
961
1203
1147
1202
1985
626
1883
909
1649
1985
753
82
1063
23
359
358
1311
755
1665
776
430
428
783
1697
757
862
1239
1063
1324
1407
1340
1225
81
1066
116
117
188
686
651
634
1243
686
1243
848
874
1233
1406
1713
856
673
1405
418
440
1734
1957
1734
9
1443
1955
1443
441
1087
2008
2007
1312
1506
1033
990
1345
1153
1643
1068
1064
116
539
528
754
1116
1757
1332
855
550
576
1757
735
1312
825
1061
1312
1899
1061
1312
1899
442
1310
1294
1356
1310
1310
442
1907
1901
855
1908
1324
1892
1814
1629
1810
844
400
1255
1035
1756
1756
1533
855
1378
1546
1313
1772
414
414
414
1591
1767
1791
1718
1690
1714
1696
606
754
1193
1149
367
367
1030
361
1954
1622
1963
1961
1958
1284
926
927
927
927
331
920
453
487
2001
331
162
57
927
494
2001
131
140
920
148
1488
159
1558
1532
330
1728
1442
1734
1944
331
1496
1304
497
521
960
1944
2031
223
1497
520
1615
361
960
280
3
960
479
229
956
373
991
972
1755
864
883
666
1238
1235
318
960
875
892
1235
962
115
1270
741
1290
291
1288
179
1583
1231
1583
94
791
645
924
924
637
92
92
1268
1268
1945
1947
1950
258
1950
1168
1422
616
1789
1435
1465
1432
593
1432
1109
1789
941
941
775
1045
787
941
941
1880
561
1587
258
1856
1591
548
1533
1045
1045
1045
1162
178
954
1162
1533
282
216
154
905
1270
472
1283
673
80
605
491
4
26
1045
176
991
1754
1195
1591
154
258
1504
154
579
258
1143
559
605
1475
258
605
605
1472
870
780
353
99
352
1505
258
1360
1153
177
1143
7
1591
110
870
1520
109
870
1780
1236
515
542
1582
1750
936
453
870
943
580
1147
994
1209
318
876
1212
876
878
313
104
800
1226
1583
1051
1264
1263
878
546
171
74
162
306
1366
715
722
1583
604
729
139
916
1500
1581
916
1176
347
1049
1367
1564
916
1437
916
1581
1429
1296
1080
441
1567
1878
1875
1660
474
546
1872
1568
1873
1874
1857
1883
778
1463
1289
1281
1607
253
483
1482
415
482
506
1281
1490
649
1883
695
1490
682
1607
617
814
1607
1930
682
1607
886
765
1817
1753
764
1678
1721
800
1713
764
716
1743
2017
951
475
86
1325
769
1507
717
1507
1506
1506
765
1298
2022
86
81
61
769
2045
214
140
1188
23
155
813
1877
3
178
157
58
9
526
431
1188
526
2030
61
427
1195
167
167
1587
360
595
1195
325
325
596
1880
267
473
625
766
1644
1587
577
1891
1644
85
1660
1623
1822
495
961
836
488
614
405
309
1315
454
148
256
417
960
962
339
531
1644
1644
601
1403
478
1402
1586
1586
331
1020
558
876
314
1162
61
1158
1152
592
98
1165
1165
1305
331
630
743
331
1399
613
331
713
288
713
1009
1009
1047
1009
1008
1008
1286
1289
664
667
231
664
713
2020
641
2020
2020
644
1753
925
314
719
1786
136
1154
2044
136
2033
2044
206
1211
1074
534
691
499
104
122
66
1432
500
500
53
1315
1315
1315
91
666
835
53
681
132
1049
2017
1364
1123
1064
133
1225
1300
2015
1935
2020
1319
678
1998
1946
1123
1123
243
1368
1123
1056
1313
692
289
1598
622
674
684
1155
444
1540
1542
1134
1743
1683
1124
1579
1998
1598
1121
1114
2026
1973
1689
1225
1172
1580
608
1587
795
1021
1587
647
2025
647
1171
1030
1021
599
1300
369
1180
1021
1226
48
130
128
1956
1226
1728
253
1464
1255
1238
23
253
1554
1168
164
210
1554
793
166
692
166
811
692
1938
692
1947
692
1959
1298
1300
1280
1281
850
300
300
850
2042
450
281
2042
438
300
562
700
1565
300
2037
53
292
1385
1665
2020
1339
1339
1563
451
2020
473
1595
1586
1655
467
475
1302
604
769
467
1576
1301
292
1363
1534
67
88
72
479
1561
484
1894
345
263
452
1894
837
838
1121
289
1194
846
72
861
1853
1301
300
1359
1345
1464
450
1363
1179
133
1356
67
71
1853
1199
456
17
1868
1894
1894
311
782
418
444
440
17
370
1642
2040
865
1663
893
252
1060
1810
594
1543
71
625
1791
1688
1543
1396
1849
1670
301
291
632
376
1039
1130
872
872
201
870
1846
1838
132
782
132
132
870
982
1897
1576
1886
981
1132
1804
671
1985
1994
427
1128
1838
1131
684
1993
1990
1820
1820
1167
100
870
427
1589
1589
782
203
1409
1254
1427
1101
76
1195
199
306
1916
1397
1838
1703
870
1720
1711
1711
1708
1704
1885
1906
1228
1222
1875
476
1838
1705
1694
1694
1692
1715
1693
882
884
502
847
1794
476
624
344
367
1422
1670
1409
1422
1951
1084
791
1422
1139
1944
68
2024
1021
256
1416
1008
2043
960
974
1927
751
239
179
152
1409
1925
9
1222
229
1518
1761
261
501
1003
1920
852
791
1246
993
757
809
862
711
1427
765
1888
1784
757
182
1792
753
1172
1570
1941
1244
1950
1927
462
216
256
297
303
303
256
1180
1501
174
899
1949
1990
136
137
462
1425
1394
1233
1382
1110
83
224
702
1118
803
1009
136
881
702
136
131
224
1387
1173
1984
1997
1584
1588
1590
1118
1549
1573
1518
1115
592
1246
131
172
1384
589
318
1385
1668
1385
1706
1758
1384
1230
1243
307
265
265
868
44
511
508
913
713
730
720
873
857
508
510
511
811
1050
45
1173
1034
1353
1025
211
0
1697
1708
783
1930
181
131
230
131
733
1003
1414
589
623
262
377
605
630
1414
733
703
175
634
576
731
1510
1477
1287
1414
1438
561
1883
1886
1432
569
1883
769
999
993
1872
181
282
1438
173
1946
478
190
1941
1941
290
1414
19
201
190
201
299
1138
2014
1870
1059
1965
1869
1267
1061
1438
1066
1064
626
1064
1187
1433
1068
1454
1213
1413
718
2013
699
1743
681
1245
709
679
1058
728
1673
1661
1714
1069
2013
1693
963
1313
1484
1571
1821
679
1634
948
934
914
1692
702
1689
584
1669
621
1470
1470
341
1503
511
1500
341
261
485
1204
679
493
1097
1076
301
299
679
303
302
1846
261
268
1849
1796
1796
781
781
1798
1794
795
791
1090
1743
1095
795
1621
1625
1625
1501
1371
268
627
1678
512
869
9
1136
614
513
1641
781
1992
1096
928
1968
928
1661
2032
1836
617
1249
193
781
178
67
1137
816
1525
662
1267
1122
1702
1136
655
519
656
687
266
1531
1801
11
1713
178
2045
1531
894
1457
1434
1436
1642
1967
1994
898
1967
965
1436
1965
967
1857
967
1857
1391
2000
1122
340
1081
1422
1388
1267
574
1084
1913
1913
819
1084
7
7
192
1457
12
1316
1087
1255
1332
1500
1838
538
863
1540
1595
1096
1500
1312
304
79
1087
1282
1350
1417
538
1085
1056
1416
1416
1457
1457
38
1654
252
377
377
304
850
1562
709
585
1008
200
147
1566
1828
510
1568
1966
679
254
1406
1321
555
1550
1808
1767
555
703
1741
1600
107
703
1556
268
708
1045
1745
68
538
1143
1151
676
242
2034
1994
2044
1674
1671
2038
2036
474
1060
252
452
487
1389
111
413
1566
424
43
1837
1036
419
23
215
1253
132
413
1983
1446
756
1460
956
1979
1835
1441
1446
1566
829
539
956
105
537
1208
1195
1803
1598
211
1551
1569
261
1754
357
332
493
488
322
1293
1755
357
426
1823
23
1748
1748
1823
1869
534
1036
1485
1482
632
105
634
630
629
659
1188
1749
1036
1202
1176
44
957
105
104
537
624
1923
1979
1452
78
436
1441
1236
1443
1440
1463
1967
1036
903
1833
1790
926
1676
844
584
127
584
125
893
892
75
127
13
124
1748
254
1718
1675
680
1735
1590
1354
1884
987
1704
1703
1665
1666
552
1979
1670
1790
1164
1381
1790
1751
1790
1179
1788
439
433
1444
2043
1095
1107
1682
1444
1681
1594
1681
1471
1591
172
1591
1455
281
1664
1440
428
628
1469
161
1753
542
987
987
987
1534
1740
1336
79
761
1746
1822
628
570
645
1534
1972
631
350
461
65
92
1397
463
1756
1676
318
1838
316
1525
672
66
102
420
748
427
430
672
704
1943
1368
1461
1822
1039
1876
1761
1292
1464
1933
1753
1206
120
120
758
1110
756
1040
1419
1295
1842
1842
1157
753
1936
645
641
1822
1157
1833
1753
208
756
966
208
1969
1914
966
1896
1753
1647
1415
1574
1452
752
752
1574
553
554
556
759
573
759
555
586
1276
674
1822
348
652
1539
1276
1277
1246
348
1278
206
769
1279
1626
1620
1600
219
1785
1724
412
1626
782
412
1969
1976
1897
1841
1935
143
1971
1626
1977
1830
1626
1935
1147
141
430
1825
276
505
430
251
312
219
1757
945
20
215
1415
796
1926
176
28
796
772
945
220
3
505
1415
426
683
312
952
169
154
278
347
1419
274
261
1736
366
362
913
912
959
1845
1910
245
1966
1899
1855
1344
245
401
417
245
535
561
562
262
1084
274
205
946
945
1029
1001
1847
980
1019
1816
457
1009
97
1921
1372
656
128
1793
102
204
1
1276
1766
1762
1931
1259
1775
101
1
100
1535
100
1157
1059
1124
1132
1084
1535
1939
100
1342
1123
128
1123
158
158
836
1
528
94
1464
226
686
427
836
420
128
1522
560
1122
1122
643
1851
138
1164
1122
836
1940
1739
916
943
1188
836
1177
1122
741
713
143
2039
1069
1177
1365
1527
1224
1222
2039
206
1956
1435
2039
1438
1642
2039
612
1958
1800
752
627
1126
761
1071
624
766
1088
1926
1858
357
2047
1787
1856
1306
1540
836
1153
125
192
1318
509
125
623
307
1295
360
1339
290
125
125
296
1303
360
1335
1318
356
983
1236
983
1237
1397
1549
1711
657
1371
1361
1251
1251
657
55
1615
1975
1666
1537
1194
1575
1729
1668
1533
37
1936
37
1251
1950
54
167
176
137
159
169
204
1271
1989
1969
1721
223
787
241
1027
1140
1702
787
1048
1068
1707
1062
177
184
1721
118
254
1230
165
494
1155
1155
73
411
342
735
935
1095
779
14
2015
1432
1951
65
68
411
1934
107
243
243
253
1675
1757
1741
17
1549
1710
1397
625
321
376
18
186
18
1452
16
1455
248
246
178
1431
1095
1454
1430
1411
1430
1418
197
435
1331
478
444
595
391
386
390
448
276
269
1231
389
389
1808
1617
1628
595
1501
1130
1129
1250
1168
1231
561
1259
1226
595
1836
1286
135
275
1895
400
387
871
387
1745
862
1195
1546
387
2044
77
557
2044
1961
1788
594
390
2044
264
1295
1203
2044
1238
1226
1546
1346
1562
1993
1382
145
1251
1358
79
1210
936
124
294
1993
1464
1869
1819
294
311
1993
451
389
1398
1398
1528
384
2016
2018
1409
423
916
924
1648
552
1233
1233
1233
794
1977
1432
593
1744
1650
552
1650
601
928
258
303
1872
305
1839
225
505
1839
1466
1111
1651
431
486
1173
1883
1599
1838
1593
1838
1839
1948
928
1839
1839
1926
1989
159
1671
1650
919
1401
1392
974
161
156
1213
1394
1570
156
974
1027
974
417
376
497
500
1555
1778
552
1646
552
694
974
2021
1787
1364
1785
533
476
1680
1722
1687
271
472
612
352
1722
1153
314
1293
381
1776
32
26
731
1025
1026
731
721
1138
264
1069
1293
1855
129
84
131
412
412
802
462
476
974
1809
1819
1953
666
1494
131
666
809
792
379
127
1083
461
1918
623
1361
799
992
993
1083
165
988
866
641
164
164
700
558
200
558
164
594
304
794
164
1998
794
1708
1510
24
1507
483
1508
1510
991
1572
1510
956
603
958
899
730
1493
11
24
455
1238
910
892
401
25
905
1972
908
840
911
908
8
1028
1660
25
401
1051
1027
1077
3
1660
849
600
1029
1578
1594
1259
1258
1653
1258
1975
1214
1214
1975
500
509
1662
587
576
1707
700
228
1748
1755
228
1755
1978
1557
184
26
1748
704
1679
1577
185
718
956
1653
803
635
798
1782
588
1041
1075
7
108
127
71
1033
1185
1253
607
1578
1470
1470
1721
845
588
588
770
1254
588
1171
1736
628
26
691
648
414
29
586
1582
16
1447
591
1578
1497
1489
16
1499
586
230
586
466
236
1433
1410
820
1438
1855
1736
995
1248
495
466
1736
857
1596
851
1462
2008
1923
1819
1815
1596
1797
1736
558
335
197
272
252
181
2010
2008
599
1960
150
176
2008
1457
220
96
1676
1676
191
278
1524
419
2008
466
443
592
1747
422
2008
904
905
997
473
575
904
570
1959
1400
1287
1597
1287
577
477
304
477
1660
577
667
1597
551
1618
884
551
489
737
1099
1970
1970
1970
527
1099
145
1558
1080
973
328
577
577
1136
761
1809
1852
357
267
286
936
286
997
985
621
1200
1203
264
1042
1616
2001
1807
1970
1886
1136
1100
1483
780
1882
784
770
1807
1887
985
1618
986
1895
1886
984
749
1939
1102
1144
1145
749
740
1895
884
827
1893
1807
740
1807
21
1399
81
1419
1415
94
81
1962
1701
887
414
1109
1448
1250
1448
1274
1262
1275
1252
1111
65
1109
69
1451
1388
1109
726
1275
933
1275
675
355
689
1721
796
395
585
792
1973
1970
1906
395
1136
1109
1901
576
1909
1315
31
1721
1701
239
72
73
1129
1315
1327
674
727
1731
1867
1942
1818
31
433
518
18
731
1979
454
195
354
538
567
605
885
557
836
352
650
804
1142
518
1127
456
359
1083
1391
821
1553
433
763
820
134
60
148
457
1982
472
400
1008
433
1552
65
1472
1802
1611
1628
432
530
433
1532
1260
1309
1305
352
733
1315
530
1182
1236
699
1818
1585
1627
1818
1169
726
1398
726
1818
1398
1398
1958
2042
2032
1426
1398
1398
859
1223
788
1223
480
699
473
286
292
505
1426
40
1888
137
363
1679
144
149
252
182
1432
1895
1470
436
1740
1733
1442
1446
1348
1110
1635
1820
1885
1884
440
1773
1560
1561
1799
440
434
1803
1877
1492
432
362
319
320
2017
473
464
38
332
356
435
425
410
1813
2017
269
360
873
1185
680
38
293
680
1675
734
473
1817
293
1970
1695
140
554
759
177
188
1817
174
160
31
1695
1447
1695
1508
404
1695
1330
1513
1519
1530
404
1510
38
1511
1599
1458
482
435
1593
1110
425
167
1431
1586
1912
1912
1982
167
1390
893
891
892
899
160
425
1388
1982
425
1398
1147
50
1273
38
1466
1367
1389
1528
1293
1464
1293
1290
18
31
1478
856
1767
856
1770
1388
856
1576
856
1478
1700
607
304
1718
1760
1752
1722
304
1700
1389
289
752
1090
1498
1498
1701
1700
1650
1154
1575
1209
1431
1431
1591
1704
1387
1443
1447
551
1706
1108
1431
1387
1908
1431
1530
87
1376
1133
1340
1112
1405
1112
370
1133
86
1133
83
1706
1982
1880
346
594
1896
1934
725
1941
1387
442
1822
1387
1706
1710
1727
1696
1755
1816
1278
1228
1881
1247
1896
1283
111
1291
725
725
685
1929
2032
686
1279
1858
1268
1197
1268
1197
2034
1979
34
1983
53
1980
1675
1929
365
915
1434
1858
922
838
1707
719
1362
1069
1896
951
719
1930
944
719
1111
1069
1764
1352
1307
1307
475
1307
954
217
1110
152
1307
456
458
365
744
2023
707
1413
458
863
2034
889
488
848
871
495
996
1700
1711
1704
1712
1329
1699
1671
1720
1348
727
1977
1348
547
1896
1833
629
1851
2
529
766
168
365
365
594
1785
183
5
190
753
456
942
719
420
718
507
548
217
507
166
332
1823
582
324
287
746
1769
710
720
303
935
1550
714
1157
1847
1800
1604
1619
1408
1848
1669
1821
1814
556
1408
407
491
658
1171
925
509
563
925
556
1408
23
1133
892
597
997
892
282
499
1001
1690
1520
1675
121
1376
410
804
1865
658
825
805
736
1803
698
1865
737
529
695
1171
1239
804
2013
529
1155
1066
1056
2007
1127
1081
303
302
731
1245
616
1154
2032
1327
1290
2041
727
2047
227
381
1408
1327
277
1327
731
646
1327
93
1197
446
79
701
701
292
1186
1196
1245
92
1290
1755
2046
1995
1756
1447
1995
1286
1768
661
152
152
529
547
1067
1028
1077
1190
684
1068
596
549
684
1004
669
595
378
676
1004
297
298
296
529
1270
673
828
1187
1274
1270
1056
1258
1590
1171
1590
1539
1579
1220
1723
1921
589
1920
1409
1256
1578
1972
1684
1578
1970
626
629
626
1701
1992
1947
626
629
1945
879
1970
879
631
604
893
893
595
1300
604
1296
1970
1348
1004
259
422
893
299
1293
1179
1470
1182
1071
290
1183
167
785
1179
694
1713
993
590
114
455
993
1945
1948
451
1023
777
857
1023
451
603
590
1583
628
603
630
701
637
408
57
467
1288
598
835
1530
191
996
590
390
1296
785
786
493
284
569
267
837
267
786
524
524
1871
513
642
571
448
1221
1129
1004
1133
281
590
1279
1505
448
1250
1662
1587
1594
1662
1646
1639
1658
122
123
353
123
1708
353
789
352
1709
352
353
122
111
353
565
564
887
890
39
1255
1905
565
1351
292
1351
189
185
1905
986
454
1814
37
386
986
273
1367
189
1681
39
189
2029
1078
1079
1773
189
1078
1454
1886
1440
1879
513
1690
1454
1454
986
1691
902
1602
903
900
1773
1918
903
1796
1602
2011
381
1601
318
2020
1582
1694
1580
2010
1955
328
1601
1773
895
1694
436
442
893
895
1994
1923
1694
1357
454
348
549
346
76
1357
1782
1782
1773
1226
401
1731
889
1226
1145
1684
1543
1522
1522
1226
1226
1955
572
991
991
1951
991
1920
1782
1682
349
878
873
572
451
455
809
1341
868
845
804
1798
768
1055
517
522
534
1137
175
1059
1138
1138
173
216
1031
1357
523
966
165
523
1955
1782
237
1088
325
599
883
326
1689
1404
327
1288
1323
1326
1158
1646
1201
1379
1301
883
1990
678
1990
1988
684
1988
1004
183
1004
1643
1104
327
2021
1811
1400
783
1104
974
82
74
74
250
971
1953
985
960
1661
250
327
1012
606
303
868
759
1498
1498
147
1499
1101
32
501
1331
147
1425
959
1385
1426
1385
957
1245
387
1381
1381
325
325
911
839
387
287
1523
1522
147
919
147
356
12
1781
1781
511
936
211
325
1964
511
1648
325
1887
1573
382
941
255
496
500
194
497
1964
698
634
1574
599
695
1672
1703
665
621
737
107
1519
117
1311
1672
1299
1477
1582
762
1733
597
581
1735
935
635
1250
765
890
1191
118
1050
765
1734
1073
692
104
1676
765
1737
1668
1254
783
765
1155
314
558
739
745
747
625
1155
593
761
557
665
747
314
1156
649
605
1015
1143
1485
1139
746
569
1415
569
1167
1199
1512
1507
1510
1153
403
1305
1406
1883
1152
117
1224
1479
1224
223
1533
1546
339
282
283
1136
97
265
117
97
1226
117
1742
1730
1728
1226
116
942
116
2000
2000
1046
1602
2033
1230
2033
2001
2033
293
1927
1489
2039
1883
392
419
1959
196
1479
1682
195
1683
1533
2033
769
1680
769
1156
1606
1037
1148
1156
1099
493
263
1156
297
492
1169
310
385
493
731
411
634
298
1169
953
1156
1148
1479
1791
297
1630
1373
747
1720
1630
894
1630
611
894
1315
49
681
854
1189
1630
768
274
623
279
1902
1200
610
1495
1901
1909
607
2030
934
682
1961
1063
938
931
931
1533
826
777
1909
785
798
653
1909
1495
47
407
42
1290
1200
1667
1615
1746
607
1739
399
1690
1191
399
1739
2021
2023
400
1442
2032
2023
437
1401
1495
1443
89
1443
87
955
1968
947
282
873
1800
1890
1600
16
1442
444
1907
1384
577
581
670
676
1907
1906
1391
711
762
577
578
579
825
1827
1827
1188
1211
1892
1891
894
1860
1059
1391
1901
1874
1193
1661
51
1200
0
1202
1082
1188
1892
1134
1142
1727
1891
1677
1126
1236
1677
1236
1907
1621
2007
242
242
1387
531
1727
1176
1163
1170
1727
530
515
660
656
658
254
1727
312
1812
265
1086
2004
874
753
265
1621
563
105
575
527
719
269
1013
1022
269
653
1955
105
1489
1803
105
691
1608
105
634
634
585
634
106
106
644
307
307
1191
1620
307
306
1773
644
1577
1669
1743
1741
306
634
1849
1149
780
559
1169
1849
780
333
1103
1962
825
1620
608
443
609
1620
1836
1837
613
1620
464
62
63
1837
41
2021
2021
1079
0
1983
464
2028
896
1980
10
1260
1
464
996
1443
1836
1446
1488
2020
464
1329
340
1627
2010
51
547
74
1329
1836
1120
1860
1120
1619
2033
1488
1957
270
2033
1488
554
259
1488
465
708
413
202
437
51
263
794
75
708
77
76
740
527
415
1181
1187
415
413
2033
741
1414
1430
1031
1430
1121
206
1438
786
1430
18
657
1031
1776
714
1031
692
1097
1097
2033
1097
1097
1135
1379
81
1429
1419
1423
1839
50
1378
1378
1135
447
199
1078
21
1859
2016
214
252
241
2016
194
1923
880
1926
1998
354
447
23
363
755
755
895
35
447
33
41
1135
231
1656
2036
2036
2036
2036
1002
5
1657
26
447
1854
138
2
674
429
430
228
677
1442
365
755
1556
830
1558
813
1014
120
1577
1089
120
1135
644
1418
575
547
806
2041
1779
1718
1193
825
755
804
1837
2043
1881
1192
2043
1329
2040
2002
1418
364
2007
564
2002
1271
1271
2007
31
31
262
1833
645
1946
1418
1110
1288
1114
1418
1043
505
1608
322
1289
1261
1815
1825
1611
1830
1377
505
507
507
1832
125
121
697
1102
823
647
411
667
1102
677
1194
1611
1813
808
332
606
1160
411
808
1584
1002
1703
1421
1887
1284
1636
1468
1554
409
446
661
442
2007
1434
509
509
1434
1434
1738
1047
453
1434
1329
497
1982
422
580
442
1116
424
674
678
714
1942
1033
652
1109
350
831
424
1547
1711
972
67
1673
1931
1547
1931
1971
415
399
324
320
1047
1250
977
1530
351
1894
1896
977
113
1910
1530
1982
955
1873
113
1545
709
1288
726
1933
1636
625
2
13
1523
71
1762
1766
1636
1762
510
150
1523
1363
1345
167
425
171
167
351
350
167
1288
356
356
268
625
340
861
984
937
424
934
887
1799
1837
890
1636
1942
1971
487
487
485
486
543
450
1235
283
449
2026
724
1934
567
567
1236
567
567
848
1674
848
866
848
833
424
543
931
1584
350
543
350
969
1474
1942
1179
984
1785
1288
1135
743
1328
383
736
740
1431
1465
1465
1711
1786
1713
1584
606
319
1425
425
1291
960
755
1076
1459
961
1460
754
1513
1907
1513
1839
431
233
695
1790
647
657
1608
646
692
1853
926
1084
901
373
1084
910
1220
373
1076
968
1309
1173
1169
1234
1370
1169
1186
107
1705
373
1697
1706
1137
1232
373
1705
1705
1136
761
1961
1057
543
1100
1110
1138
1060
1813
1265
1508
761
1518
1290
194
192
496
1389
1516
434
1860
1784
1341
1861
111
1332
111
66
1259
85
955
1942
1674
1681
409
920
1665
1215
989
920
65
65
989
112
1137
66
921
1974
66
2045
697
989
989
429
151
150
66
151
304
1054
151
420
112
504
1613
165
1961
159
1529
159
159
1460
1459
1063
1468
1063
1459
1469
162
163
163
1376
807
807
940
986
112
990
1518
159
112
1120
1294
1899
651
907
385
1898
385
1893
1621
358
1821
1359
169
349
648
1097
1821
1453
1612
1520
1615
1625
426
1628
500
602
648
1625
1858
682
586
927
1436
608
1352
649
1127
493
426
1436
1142
538
1161
479
1213
1625
608
1374
1259
332
1843
1596
1656
608
332
1632
1591
878
792
798
409
1195
864
1257
1625
1186
374
371
276
272
257
933
1224
409
1219
492
1243
992
492
836
793
1785
992
947
1000
79
1406
1391
1215
1917
1201
1212
1868
792
1871
314
371
705
324
370
6
467
1769
865
947
865
1698
865
1259
1259
1533
608
951
1785
1533
589
1518
1162
1785
1412
1912
840
839
503
1925
879
503
1873
1167
879
1167
1785
367
879
212
212
1068
1912
1888
1812
157
1342
1974
1861
2010
1888
1931
1925
212
1210
212
1981
190
1086
1245
558
558
1219
1991
1400
747
6
714
1400
55
1939
55
1054
700
700
703
597
1946
703
1400
781
1815
1400
1743
1949
1685
1102
1680
1717
1815
274
1592
1659
1652
1845
311
6
295
1717
1558
600
921
1328
798
1425
496
1839
4
799
4
889
813
809
1615
15
1691
912
1613
1672
1367
1717
420
1176
1176
486
589
1617
1634
156
1639
1639
145
150
486
142
486
486
333
1535
1148
1577
1651
1148
1148
1371
1474
1362
1362
1386
717
47
915
835
1651
444
699
191
594
650
115
932
68
247
695
1651
892
895
895
1651
950
447
892
150
150
779
1483
1475
695
1377
915
244
931
1483
1482
244
255
779
224
1502
1502
1913
1915
1111
2024
2040
255
1110
749
779
174
749
779
434
915
1988
533
1812
1559
533
216
743
930
930
743
1904
1235
198
1859
496
196
386
508
447
1444
447
1981
1738
910
909
841
1738
1475
911
1499
1472
1372
933
1738
908
1050
889
833
1223
1980
1538
1587
1842
1332
1044
1077
414
1701
1685
1676
1980
1981
1702
1774
414
1572
1115
1193
1115
637
0
1332
595
1869
1652
114
617
598
557
0
1928
1499
1803
1493
1810
528
1738
708
1423
1438
448
1208
1139
1416
321
693
1193
1192
1200
673
677
320
1583
1836
1536
1348
1623
1563
1664
1642
511
365
697
279
1208
529
261
660
647
674
320
497
668
497
497
497
706
1073
1965
529
1696
839
1967
321
1749
528
1746
55
872
222
125
121
656
121
511
55
1385
852
1385
1858
1161
1451
1451
1451
1084
1383
1085
309
1258
1085
1735
1735
806
1797
162
1815
1089
1739
1739
1092
1652
1011
738
1010
700
103
1554
1926
1092
1711
2021
869
970
963
2021
553
552
552
1652
996
19
841
1242
19
929
1745
35
939
289
1412
929
1122
997
929
1140
929
34
19
449
19
395
893
890
359
272
1745
1745
34
59
363
1580
564
564
1795
363
1412
543
539
1143
630
632
295
1863
1580
1580
743
1996
294
1996
2015
797
2024
2016
1026
1300
1203
1933
752
1986
1580
1953
1096
1811
100
168
1201
27
1095
1024
1027
539
1032
1886
1032
421
752
162
813
1522
1527
740
765
161
741
741
1523
1762
1398
1399
1399
1399
1392
676
421
1453
1455
95
92
1863
160
419
1522
581
1955
1130
402
415
1106
1843
774
169
161
1116
176
1113
1903
68
213
169
99
106
96
1836
1955
1836
85
77
88
1932
518
302
1932
757
1841
826
1899
1612
1165
1612
682
383
537
590
682
590
1170
1039
1039
1239
1314
533
1105
1312
572
682
563
645
645
587
1386
682
1916
844
1022
461
536
1900
1862
1899
1645
1633
1916
1898
1863
1863
1252
1862
1865
960
1916
398
1916
1571
922
1541
1577
1006
1075
1033
1177
451
458
449
449
2039
1465
268
1958
191
303
580
509
581
303
302
271
302
1664
1312
1664
908
1664
1664
1312
1499
1006
157
146
1437
182
1432
1494
960
1312
1624
627
627
1100
1490
1367
1624
183
1629
1626
176
1603
300
1624
1670
332
1624
1134
1622
458
786
299
299
1571
799
1277
845
834
1227
839
1419
1339
1601
1088
839
759
1312
1903
1977
1257
1903
1612
1094
1981
1807
1191
1683
1105
1680
1683
1672
262
1339
528
528
1105
333
517
1256
1537
1461
335
1104
1903
1461
1033
1109
29
128
147
1749
144
545
840
1903
1929
580
581
1127
183
54
1134
544
574
182
4
835
1302
1765
880
537
1767
803
1463
1732
492
835
1731
1665
1576
1121
1197
1073
570
1144
1143
1143
552
558
1710
1782
191
931
461
1652
1460
463
1134
1929
1575
1586
1150
1940
474
1150
1940
1802
1461
439
438
1724
1039
807
776
672
1749
1039
289
1341
1210
1402
1395
1331
1208
289
614
652
646
1848
651
580
650
1848
1796
1996
1954
1921
1831
1985
1754
1042
614
1722
1358
1336
1212
1225
1260
1250
1230
1463
1420
1420
672
201
1227
346
666
346
686
732
1355
346
346
1755
127
1076
1058
417
672
377
434
905
860
848
936
1754
672
1690
1543
434
1551
423
1549
1754
428
1289
478
210
226
8
1288
0
1554
178
715
678
1962
989
650
745
854
748
1962
678
676
1754
266
469
354
1006
407
1288
972
783
224
1758
1006
1289
851
987
986
1006
1934
2038
226
1975
1187
2012
1534
1317
1291
1744
1289
1922
2012
584
1866
584
1207
1861
1922
945
945
1891
1203
114
632
967
1758
778
1676
589
1006
1891
250
505
1968
1678
1358
481
985
967
90
190
327
719
1125
93
1145
1145
737
934
585
1731
712
937
1968
1835
1894
738
1895
131
8
1846
1394
823
823
338
412
4
1807
404
465
1767
250
689
660
765
225
743
4
750
1807
1167
650
1689
1892
517
455
569
455
574
981
544
471
1370
1673
1375
1954
1364
1954
1208
1090
1090
455
515
8
451
471
1678
866
1544
871
807
871
1128
214
1544
1067
1064
266
1383
1061
16
603
69
825
625
202
633
620
1014
1015
1015
824
871
1014
202
1470
1458
1971
1971
818
253
236
246
866
250
1114
655
661
1114
644
900
922
919
232
660
660
1202
232
1225
1270
1239
1126
400
661
1997
1996
1032
24
1396
646
1258
1521
400
1982
519
419
1062
1962
1121
2028
1024
1252
1025
351
1062
349
351
2028
349
397
430
1258
1289
1289
1252
502
498
1289
430
498
1243
444
293
1662
2001
449
466
257
2006
1237
1332
672
745
675
1245
2002
1666
1619
1553
1875
1972
1973
1662
1663
1257
1245
214
1069
1292
1138
1340
1039
1292
1068
1928
1571
1989
1139
674
1904
456
2011
487
1663
450
1252
953
1026
1252
257
1026
337
505
359
445
2017
648
486
651
2021
1058
1029
1046
651
1409
266
1067
1057
1035
359
1253
114
1716
1174
1168
1791
1168
266
1014
1743
1945
1938
1936
1743
1080
1936
1086
1229
1086
394
1935
1901
1634
1086
1899
495
1896
1571
348
353
1229
1086
846
1431
846
718
1316
1403
1364
1520
1364
1403
1297
355
265
645
370
1294
456
196
1122
355
196
1137
1056
355
1365
326
1364
1297
1150
1510
326
1276
1042
476
1599
1599
1594
1599
1365
947
76
355
795
76
972
478
1399
970
67
1404
67
65
1044
934
1349
1381
478
970
332
14
1217
14
479
76
1386
841
221
915
860
716
837
972
78
1388
975
88
1358
1868
1358
1908
1871
1918
1647
1860
1553
1383
358
274
69
905
1217
1678
1902
1217
1632
1643
375
1376
70
1217
1353
834
834
856
60
1786
1661
2031
1867
1867
343
750
358
358
397
405
1970
364
397
1945
361
359
398
1590
361
1474
1478
310
309
1478
1786
1070
1452
1786
1950
1786
2025
247
1783
2014
2014
247
741
1949
222
740
740
740
1670
750
1336
1043
1046
1054
750
1336
1054
750
926
750
98
1270
1586
1264
1542
98
1685
500
1950
1779
807
764
2025
1783
1673
1671
1778
1778
1777
1757
1328
99
381
314
1778
307
805
587
810
801
60
572
873
561
561
884
569
1391
1783
2025
48
1783
449
1384
880
1834
971
865
561
1585
1585
1012
1835
1834
1898
15
351
1898
42
1453
477
454
760
42
476
467
855
443
1877
1517
443
1167
854
1120
1159
1903
1309
1164
308
1174
1316
412
1070
133
2009
1875
2005
1942
1825
2031
983
983
1118
763
766
977
977
2025
1221
1221
598
1885
1825
602
1921
1885
1719
233
1713
1479
1922
401
1125
1922
568
1835
1071
568
1010
1007
1543
897
1508
1543
1848
1517
491
960
1825
715
108
1990
2009
1825
1918
1884
1878
1834
1639
560
1508
353
1834
266
1414
256
1825
140
488
481
1834
174
897
897
313
792
278
833
834
903
1834
1335
1893
278
1927
1264
1123
1824
706
710
622
1071
106
106
1307
483
413
1267
1307
891
1264
781
1893
772
1986
775
83
760
86
1088
440
460
1194
1895
86
83
1673
460
460
1571
1541
1671
777
1508
1508
1884
1986
641
986
621
621
639
1400
545
460
238
591
634
1895
650
641
1209
1209
1317
651
1317
1410
1382
1421
1406
1258
1313
1659
1886
1382
1637
617
1025
1547
1611
1868
1347
651
1817
925
1661
1865
1914
284
1345
1183
366
645
1381
1381
645
1782
1350
646
1183
551
80
2026
551
548
1157
1460
1259
2023
1259
1259
359
1259
1956
1095
1263
511
548
218
1157
216
211
201
588
1349
651
98
554
1349
1349
507
2041
386
438
435
964
292
293
211
1263
622
216
1253
236
886
655
1234
883
1715
1715
246
153
655
1733
1612
1686
1686
478
1891
560
926
1735
610
611
1733
344
964
1130
1733
1734
1740
113
864
560
851
1891
1860
569
811
1149
1070
467
1868
155
153
1060
801
42
801
964
1794
801
1148
801
1143
1149
1269
964
1223
35
1749
1223
834
834
1393
92
1400
248
442
1227
1531
1535
1469
1861
206
1640
442
851
442
1651
66
1469
900
1531
1277
1074
1344
1694
725
1344
681
676
248
1929
720
802
779
1694
35
1344
1499
814
1074
780
33
33
888
1171
1574
1953
1599
1596
1168
203
6
1974
433
485
433
1098
494
1184
586
1841
1392
589
1394
1188
1173
1784
1261
477
1624
543
1494
513
1629
306
1357
1878
1494
1127
1126
1128
1098
75
1200
955
1971
954
1724
297
418
513
416
418
416
1880
847
416
418
1725
768
1907
1857
1678
1876
1914
1915
768
1868
1369
438
1384
1820
1382
1678
1773
910
764
1002
939
904
1668
768
1952
1742
764
1345
1035
1513
1144
1356
768
1180
1227
1163
760
613
184
2037
2035
2037
1736
1961
184
760
510
1844
937
1800
923
1988
1824
806
1655
475
42
42
529
84
1655
475
226
149
1852
1171
1445
1530
1440
1463
1928
84
1468
1554
887
1293
1330
84
1641
817
364
84
1983
885
1102
1102
529
491
1652
495
844
476
464
1968
1310
1985
1756
1674
202
1690
1238
1543
1228
1673
789
2034
2037
1464
2040
1757
2042
1310
2047
966
966
2
966
127
121
900
1358
2032
966
336
1742
1985
1311
340
754
337
583
1562
579
1310
901
3
578
578
2002
220
1757
1311
1985
1985
1695
2031
325
940
325
1086
1366
1563
1470
1423
508
693
901
7
7
252
1903
1786
778
782
1366
368
782
1333
1366
367
1366
313
2000
313
778
1179
1179
545
551
745
313
352
554
1606
398
686
1686
1716
1788
82
745
1653
699
313
1653
1108
359
2015
1989
705
699
1550
1745
721
1575
1568
822
1550
79
1330
1550
1327
1811
1341
1220
29
1445
668
29
1886
583
665
245
1344
1965
1992
1702
1886
1097
1867
1347
1095
926
115
941
115
1347
1263
1347
1347
1666
120
112
1666
1690
1691
1263
668
303
303
41
113
726
2021
1829
2016
1395
919
1406
1341
2026
2026
2026
1437
2027
850
923
994
929
1316
984
1557
1537
902
1867
757
1685
1866
1684
1377
227
1713
1377
1577
1377
944
315
1970
364
1220
1970
364
1377
602
327
108
253
282
691
1220
1699
1156
970
856
327
370
287
1100
1100
2043
1152
1220
528
564
566
931
527
901
539
951
1933
722
1269
244
243
1857
1340
1153
1866
1866
665
472
1905
472
370
827
191
2003
613
1703
562
18
141
242
143
146
1703
522
246
1858
1698
1170
633
878
1732
1569
64
264
354
229
1569
1879
62
1035
63
762
1074
900
762
137
137
992
762
1170
117
4
722
2005
1827
1864
455
487
483
13
493
139
140
139
654
1082
1082
545
254
172
140
1430
1428
1428
1082
722
1528
1431
1996
181
1009
1070
1313
869
885
621
1549
798
2029
610
884
1316
776
1958
1713
1967
692
663
1074
1316
417
1088
505
427
1051
0
1137
857
1999
692
1704
722
1444
601
1558
408
925
1634
1375
1632
1444
1371
1156
867
248
230
687
1632
658
1632
431
666
691
647
122
1528
1060
122
636
123
636
1114
1082
621
1354
1457
1113
1528
95
1461
541
271
1627
271
660
645
647
661
1418
1422
1422
1061
1138
1336
1269
857
1515
1271
1268
1812
1271
1265
1265
321
1841
1383
1236
1435
1354
1271
270
1843
1802
1540
1802
1840
1461
1684
1383
1892
1352
299
1352
541
1354
1907
504
1699
65
74
72
1354
824
780
296
68
1388
1847
1847
220
813
345
1106
812
541
422
1762
1763
652
1432
1369
1373
1374
652
340
1374
1351
1293
735
338
733
1247
1106
186
1168
1261
190
1300
1264
1106
1301
1724
823
1365
794
1679
1742
1710
1407
1392
1480
1401
1848
1596
1401
1106
1776
1480
1651
637
1365
1705
1705
1302
631
629
629
629
1296
582
784
578
541
570
571
61
651
570
1338
1362
1407
2016
1480
1058
841
784
1382
1480
2019
841
459
1390
646
841
13
606
1745
606
57
1126
1135
522
1338
1254
562
13
2006
26
607
10
1538
1697
1637
816
1609
82
108
787
1705
816
791
823
1986
162
25
1927
1922
1392
1353
1629
1629
606
841
1402
1179
1182
26
1545
510
384
1672
288
279
107
292
1592
425
1181
892
169
196
1224
1874
835
1592
57
1874
308
308
1366
308
1513
1466
966
1877
966
1513
1513
176
892
363
151
720
1667
1266
1266
1797
1266
1466
1466
1444
1444
1966
1444
1153
1166
1887
1153
1592
1764
1776
1593
516
383
1153
786
460
355
1306
1166
786
1652
232
1621
1
1790
1879
1623
1466
336
319
1724
518
1791
1550
2012
2012
105
10
319
1579
1576
251
1050
1548
1080
1072
383
1058
1067
1271
372
1511
450
379
894
1537
1648
1768
1509
1639
1651
1976
1981
1675
1982
1788
1577
856
105
240
694
438
336
333
369
1768
243
694
803
809
803
956
952
1529
1529
42
44
801
1484
1484
64
85
68
226
602
230
602
149
1878
106
1385
231
801
152
248
801
688
697
1453
631
12
1457
602
171
404
25
1385
653
404
128
643
394
1766
485
1791
1643
702
587
1810
484
1603
394
559
800
1631
280
1623
1640
1830
1435
1894
1827
280
174
2040
721
1105
2032
1115
151
652
1041
643
857
856
897
836
1947
474
1946
739
602
577
1858
406
1874
1874
1915
577
409
410
415
399
289
1420
1964
1420
259
399
399
254
700
629
1420
2037
1420
750
1333
1335
819
1333
1342
944
210
1191
716
706
819
917
912
474
729
818
1052
807
1205
741
887
1928
474
1202
1027
1055
1091
1096
704
1034
1709
1677
1672
834
849
1928
125
125
988
847
845
1928
1002
1767
1928
812
805
474
585
584
1573
1005
745
1573
584
790
1492
1919
1972
1478
1998
254
1422
1413
1941
1437
1414
1411
673
824
1973
1925
1368
786
1160
1164
701
1368
1999
1926
1368
1842
1701
1574
1767
285
365
784
518
33
662
662
1978
1089
434
527
1002
1101
1101
435
2006
1368
155
156
157
1275
1282
348
1689
1895
1428
574
546
547
745
243
551
416
416
1956
2045
1017
1097
421
1998
1020
280
1006
442
994
288
1638
663
1689
1680
667
1895
168
168
185
685
187
1920
637
815
1741
582
1740
348
725
1728
2036
1638
1116
1117
2025
1032
1638
1102
1118
855
979
995
707
683
752
1638
1000
339
273
705
564
348
1453
1505
1505
1359
1292
1337
1919
1918
1356
1123
1916
1852
171
169
1123
654
980
1706
646
980
1307
1895
413
386
386
1795
646
1749
1564
386
1514
1196
949
386
181
184
243
897
1307
896
180
1044
1029
1627
705
707
1029
1863
654
452
1028
1028
685
1026
962
1026
997
1201
1189
820
1207
452
1149
1983
806
413
1598
1617
1061
1151
567
1598
1598
452
452
8
5
28
1150
403
2003
2000
2018
1150
2003
1286
259
2040
1282
1101
76
52
1297
172
51
48
139
59
1674
1777
257
171
175
259
76
1749
1212
1751
1772
1772
956
357
990
1129
767
1351
990
1362
1983
1638
662
11
1528
1181
799
1470
1012
358
842
1180
534
1612
807
1646
1661
1445
1640
815
800
1799
1157
658
1170
11
177
1791
644
1765
1030
1763
1573
1749
1858
1546
1611
1573
599
648
649
1880
599
1880
762
1856
1925
1947
1904
269
1953
1455
1441
1523
1441
269
1953
1835
1455
479
485
479
487
479
197
42
197
42
1124
1893
1904
23
197
1186
563
145
563
1436
647
1297
183
1461
455
909
231
231
904
1679
1349
115
1379
1661
1859
949
1562
1642
1628
1865
1912
1910
642
1777
979
1604
1654
454
455
945
358
1575
82
1308
980
979
357
1161
1308
1266
1485
1308
877
449
132
395
48
59
1521
213
1161
121
1177
1177
297
210
1593
297
1308
1355
1653
1652
1030
540
543
1533
621
1997
1582
1997
639
1996
833
1512
900
928
896
1701
973
49
59
1650
401
50
401
1543
1024
362
1659
1383
1870
1857
37
50
1177
1861
1177
1856
8
737
711
1781
1776
1512
1668
546
544
1542
1186
1192
1861
1754
1192
1404
982
1750
422
1192
983
2033
597
457
1914
450
396
1593
1593
1593
414
1644
1113
1113
862
1090
1491
1026
1460
712
810
713
712
1427
1841
1422
1427
372
809
1842
422
674
652
654
1109
1845
1327
2028
1994
1323
2036
2004
537
1358
77
88
1248
1912
1275
1504
537
1167
112
1312
123
1326
127
124
761
78
1504
124
1164
396
1645
357
1563
539
862
415
1300
36
396
1489
1462
720
1439
720
1566
720
1558
1002
1949
624
1645
1798
2007
2031
172
1686
1683
1573
172
1504
1582
1108
1504
1342
317
438
938
938
2016
1901
2018
292
1700
172
1219
156
933
981
852
1219
281
242
1344
1375
528
538
529
659
524
1359
1870
1924
1870
159
1243
1108
1921
1957
1984
1197
1317
1401
1542
1541
616
1996
1491
1872
592
109
70
593
1695
108
1720
20
2005
2
1901
5
301
172
506
506
431
618
225
770
996
83
172
94
1902
967
770
325
853
375
1491
343
1224
1553
324
172
268
268
1573
349
1894
1532
1456
794
1456
459
482
276
1553
2015
1720
1901
251
659
373
674
707
1280
1016
834
884
1789
833
914
1303
1093
1145
1016
1790
1057
815
1790
1281
1600
1790
674
1287
674
1854
1017
1854
122
1285
1827
1751
1303
1019
757
1469
1717
1519
1519
760
1519
1505
1979
1048
1806
1348
753
1720
1717
993
753
1063
1061
413
1978
8
408
1137
405
8
1965
190
1965
1595
1468
186
221
1595
1373
17
681
1775
234
1462
1833
64
1846
16
420
1833
1063
925
1057
253
245
1945
1945
252
723
950
961
1708
783
1528
950
1759
405
404
730
541
1241
783
1905
1907
748
820
404
1217
2044
382
1217
711
1456
195
1781
1129
498
695
498
695
297
1766
1321
292
1766
1766
1846
1129
1405
462
1843
1538
717
1542
2034
1129
717
1115
1963
1917
381
405
1525
1129
816
1767
1704
1231
286
1419
473
1757
1623
747
2018
1417
1684
385
1083
336
341
157
315
1221
385
1905
1083
566
157
2019
623
693
388
1854
1854
280
1375
382
1780
150
122
1528
25
125
126
113
1904
5
75
7
757
623
868
217
202
301
907
918
1623
869
721
1642
317
1946
870
301
317
869
244
301
1640
1640
1581
301
1588
1779
698
229
1117
285
446
68
1935
1987
672
44
446
1987
1933
68
1591
1591
570
1828
1830
1591
376
343
343
343
343
7
654
404
650
653
1845
648
285
1124
1091
44
1288
1120
1781
1125
1034
1034
1709
1252
1306
911
1585
1768
911
908
1584
419
743
757
73
418
743
1525
452
420
1380
288
745
1772
679
313
1989
1664
276
61
450
1772
1221
1230
590
1766
840
839
1520
1664
44
838
139
1827
535
1183
1866
1867
1867
1868
62
1871
1871
1775
358
377
1554
377
355
67
1527
655
655
1782
110
67
673
668
1084
110
422
2026
1168
1119
16
1119
448
566
457
603
603
1174
2046
69
1738
1663
1648
1580
1580
1580
44
483
199
797
699
205
744
1150
797
1709
383
1367
1824
1853
312
1295
277
1206
393
744
1286
994
607
607
744
1754
1825
383
1514
1766
1319
1341
1299
744
853
1585
58
1854
1835
1828
57
1660
867
1054
1676
1709
1029
351
1660
441
1371
1371
1580
441
1708
992
329
329
1608
331
1550
1585
1720
961
533
784
1579
540
1760
1681
461
853
378
1071
379
377
353
853
814
784
463
460
459
2000
463
2008
2001
2004
517
515
140
146
449
923
515
923
1423
2031
1788
1215
1585
449
1423
1611
1086
14
1597
972
1183
972
1166
1731
1304
1492
1597
170
518
70
1190
1563
109
340
1976
1720
1191
1191
1774
1610
1200
1081
1853
1637
554
555
1636
551
554
1636
1490
1498
1497
1496
1498
1201
1334
891
866
1246
1278
1081
1855
1180
1191
334
838
1180
1636
382
1950
382
1257
1648
1878
1104
1257
1636
1636
1649
691
355
1943
1104
965
977
174
281
356
248
977
566
430
979
1707
398
430
965
1335
1235
1235
1235
392
1235
762
1707
954
1947
920
735
733
812
1947
889
171
769
742
742
77
689
2018
1058
1046
695
1736
1757
1020
695
1166
1849
1164
319
164
395
164
1162
589
588
591
1078
1078
1491
1497
1497
1489
1490
588
590
1414
1078
1162
1071
1734
1633
1412
590
1554
1193
1198
1024
1617
1815
1859
1564
1814
900
258
283
273
1078
257
663
898
117
1926
1986
1991
1991
1059
1082
349
106
218
87
87
201
107
106
878
188
400
306
349
1806
1806
290
291
12
388
973
32
397
924
922
1462
1112
687
407
1116
705
1112
1116
1734
362
363
1502
1779
1789
1039
363
1504
1767
1709
456
207
1502
1502
1502
334
504
440
1756
1844
729
328
2029
349
504
504
510
930
725
1132
725
932
1844
1013
871
1141
1020
1458
716
722
1844
136
1917
722
1796
1243
1844
1514
1099
1519
1958
1243
431
794
1958
737
1017
1959
1318
1427
431
1400
533
1124
726
1699
1959
1518
784
1482
725
58
721
784
1623
1641
1638
1899
784
784
20
6
59
791
179
1547
685
730
275
790
1269
859
778
717
859
806
1609
1609
518
414
1730
1204
1547
1205
1547
1730
1982
1547
734
1733
127
1206
1205
1982
717
180
1522
991
2001
275
208
717
487
113
1610
1002
169
793
98
441
21
441
566
418
583
1610
1705
1047
441
441
1694
275
1343
991
1346
1128
2023
1503
1996
1996
1165
1362
1346
1343
414
644
1503
1323
814
867
1554
1866
1173
1909
1641
1500
1191
359
1025
0
1323
991
109
1046
798
146
1765
1760
662
1751
1509
1536
662
290
290
1726
1725
798
1933
795
1551
795
874
555
357
1850
555
1099
787
787
1961
797
1045
1935
1957
368
555
2038
797
470
1627
485
618
215
1855
1630
705
712
138
154
154
154
963
853
928
1441
1738
2018
1463
974
161
161
1047
276
618
1658
1647
1662
618
1052
694
1888
694
1900
1441
995
372
297
297
1441
467
778
1209
994
780
783
1042
781
640
820
1745
238
798
1688
1218
1706
1702
800
778
796
1881
729
468
282
729
162
749
97
973
471
763
967
1621
1352
749
1644
1635
1779
238
1091
618
1158
950
1353
1759
958
1159
342
367
1933
896
367
51
18
653
648
376
1935
648
1089
751
691
751
732
533
37
1621
540
1081
459
1751
1770
1770
459
1705
1085
1080
1080
45
863
1025
1081
1434
1834
736
736
1906
928
1788
928
45
1325
992
1147
1180
1183
1143
1106
1116
1115
1641
1641
1376
1110
1594
1594
1594
1205
1605
1594
1207
1908
1908
1448
1449
1060
994
313
704
1387
313
1963
268
1406
1963
1159
360
360
1321
1204
274
699
261
1158
1992
1574
1569
2011
1114
360
1569
1569
772
1038
1117
2024
1618
1321
1957
804
1162
627
772
772
627
356
1196
656
137
276
742
1995
259
259
281
1995
1091
742
1384
1995
1706
1384
1387
1342
1419
1065
843
467
357
1824
1050
918
1050
1162
467
276
1685
1132
279
1204
998
1826
1452
1455
1876
328
360
1455
1255
343
1614
1452
11
183
613
1885
334
923
1132
949
655
1802
267
283
1447
882
279
1454
540
882
1821
530
521
805
1454
1841
1614
1895
1163
1266
1363
1649
805
1919
1036
881
1463
1463
1037
853
1614
1117
1614
10
215
148
144
1364
148
12
70
1887
1100
227
149
1113
431
984
984
957
894
1826
1822
1632
1641
1932
1364
277
1659
658
180
182
277
877
956
656
989
1890
1866
957
271
881
657
881
1824
266
1843
390
539
1873
539
1046
256
98
913
1455
1431
1430
874
912
922
246
922
926
1055
1445
891
747
766
893
1638
737
1719
769
969
712
1635
1061
1632
1719
1052
1719
1059
1581
548
601
1966
712
335
333
328
1581
1370
593
423
1687
1687
328
1687
1686
726
1687
1040
97
1033
1068
1054
1580
532
1269
1640
198
198
79
532
198
1115
593
665
659
198
1635
1445
1065
271
1069
375
1437
589
576
1192
1197
298
271
270
471
298
1184
502
374
374
560
560
1791
1532
1791
842
131
473
308
1234
1169
1262
759
268
1219
877
912
1538
504
400
47
32
1445
1162
247
891
504
335
1969
1904
1445
1487
504
34
814
1969
783
1262
796
818
1704
653
1688
494
1891
731
733
376
350
341
917
256
917
134
134
122
52
1046
1606
1858
1393
511
1112
511
653
205
1040
205
473
1863
1863
919
715
170
189
1772
475
1560
1799
171
1672
1770
1686
171
2042
955
1673
327
283
1106
353
570
283
545
698
283
523
955
1995
1520
1058
1085
698
465
1085
518
36
520
1957
524
43
1119
24
568
1126
1126
1126
203
1168
1055
1255
1333
1257
1586
1586
1586
202
1585
774
773
1575
1967
1963
62
1487
76
54
54
267
444
274
283
828
274
1238
43
1702
537
807
1140
1908
513
532
1332
237
1272
1028
1377
283
1341
1272
1696
464
1379
238
1862
1881
1604
1727
1654
255
1861
1866
1604
1604
559
355
468
1251
703
1560
1604
1487
585
1487
1251
238
1942
1798
1189
1492
1801
1792
1643
1328
238
1328
1328
1492
1757
554
1191
778
1628
1810
1797
1801
1492
1220
1810
704
379
1159
379
502
352
1869
1159
1492
1159
1197
1655
1594
1159
1635
1592
843
1761
1778
1789
2023
1764
738
316
2004
2005
2011
1787
1279
1807
1811
316
1531
1811
1374
1526
1533
1306
738
1033
1509
1135
738
618
738
1306
1472
738
1786
316
677
1550
1954
739
1412
1794
1573
1412
1573
815
1586
1586
1578
1908
1683
1684
213
1555
215
214
316
209
1350
501
677
377
72
1017
46
1963
228
2005
105
104
107
2005
104
77
1966
131
1357
987
104
1537
432
1967
1536
1528
157
523
1666
1812
266
1529
1968
1466
434
222
523
324
10
523
226
1695
523
344
180
1812
1367
712
1308
481
481
633
481
714
713
195
1495
713
70
168
83
106
119
481
1766
195
1765
260
1604
260
260
1612
1620
1958
1613
1961
1967
1230
1229
572
1229
1815
574
1287
1495
1496
1492
1492
1033
1611
1828
1168
1805
1228
1495
83
922
550
899
509
1949
704
1597
1937
1495
1640
1186
461
217
1935
453
1611
1610
1319
383
381
1643
541
140
469
1495
1516
1517
1185
673
609
1495
748
1377
217
1145
1800
1238
1145
1987
1826
524
324
1265
344
933
1987
962
405
1216
344
1216
1151
1501
962
891
888
1615
1094
1615
1606
1216
1673
1606
1706
1708
1676
1022
1317
245
1045
1044
295
1311
245
245
632
1486
1487
298
1549
472
472
698
1541
234
1498
1486
1490
1497
1205
245
483
1960
1205
922
922
1172
487
1258
213
1013
207
1960
1861
704
1867
371
1829
1748
1988
1698
1622
1772
1704
1988
758
1988
1989
1217
759
1758
1217
1184
128
1149
1518
954
1166
1515
650
650
1541
1018
1068
1105
445
512
1110
1240
1105
1015
1824
445
512
512
1015
1286
1285
238
512
128
1331
512
668
533
588
1960
533
1331
710
1331
574
758
362
0
1
1140
406
196
1180
407
1274
1390
362
400
1955
1960
571
315
1129
1126
196
1062
173
1955
870
134
173
582
134
783
781
434
1798
349
1454
1697
1539
1698
1698
1392
1744
1744
722
735
1514
1514
735
726
1452
1957
722
737
1489
1491
40
734
1961
1961
1041
1917
43
374
1284
1603
571
1041
1915
1641
223
1645
36
1616
1623
1799
642
1810
1641
1919
223
216
6
6
734
6
935
128
717
1489
223
373
173
1492
547
547
816
1561
70
1755
64
1738
1563
1521
1530
386
1365
1520
1524
2003
2003
1061
2003
2003
287
1265
286
64
1325
1214
1074
1077
363
1565
838
883
832
1774
1053
850
358
216
1695
919
919
918
942
940
70
633
80
1715
633
15
1571
1351
128
1313
15
825
1506
1044
634
69
825
550
632
1417
868
795
875
28
1423
28
1461
825
98
1054
1692
1633
1509
1051
1063
1470
1383
1061
1060
1026
1748
1063
774
825
1465
1058
1063
1574
1567
1691
1169
1090
775
1093
204
1478
1001
1948
2038
1054
1746
1959
626
1746
1958
212
1744
1949
996
1049
1747
1697
43
1747
40
1423
43
1745
160
168
176
221
1693
1477
1808
188
1450
168
1913
1460
833
189
1334
1411
1477
963
1121
1477
646
646
1588
1514
1799
883
403
458
920
1588
1588
1249
1659
1700
1251
1478
967
1446
1639
1454
1276
1276
1447
1440
1588
772
823
1809
1353
860
770
1688
781
677
821
677
772
921
2043
329
2047
329
1599
1055
821
133
1688
1538
819
952
785
996
1912
1914
509
1978
1809
817
573
600
1757
575
1072
1072
558
557
976
1538
981
976
7
7
1188
1079
1329
463
359
597
282
1329
363
1082
283
494
653
1809
463
996
702
282
54
1571
136
1084
0
996
178
702
1981
137
3
702
1539
1769
702
1882
1764
1981
1981
1574
1193
1735
886
1477
566
564
540
541
1999
936
881
1997
1538
1997
1724
936
1999
1997
2029
2024
1341
1457
1787
1201
1200
2045
1981
1650
1976
107
1067
1654
1207
1477
1462
1746
1477
1528
882
688
1476
1154
1745
493
1654
648
1270
493
698
677
704
682
690
2011
655
676
833
750
714
1297
708
1321
2009
1711
2010
1015
780
832
1066
263
1650
1606
263
121
37
1912
1606
1375
1319
1509
393
400
31
396
402
658
658
660
402
79
37
1932
859
396
1415
1113
1115
684
543
928
1112
37
150
1841
1841
1764
1581
1764
1689
616
1544
1549
619
322
37
697
1320
1294
856
334
1434
616
1294
600
595
1300
280
1444
1524
138
138
860
902
490
286
1248
261
269
844
323
518
572
1899
1960
536
1425
1898
1922
1927
2003
2019
400
1922
1361
516
1346
1343
1152
1167
161
396
1874
34
1860
1481
1862
396
934
1163
357
1219
357
309
1333
19
844
448
1239
161
417
963
1343
428
864
865
981
1343
468
31
1428
448
964
1706
1149
1810
1628
1429
1321
937
975
972
973
1792
1792
1055
1208
671
687
385
638
1055
488
1176
490
1208
680
488
1686
517
231
468
1686
1686
1083
468
681
536
1081
1176
1083
680
614
1277
1277
1453
687
306
504
504
592
596
225
1052
96
1407
1277
1052
507
890
225
425
361
890
860
1277
1966
1966
1600
981
1007
1966
459
1172
1344
1001
1172
1006
1324
1600
319
356
1558
82
1164
82
498
83
680
1502
1164
234
724
459
1063
1066
238
292
2005
2017
15
1064
1026
15
865
1204
1043
1005
1005
1360
1005
1653
1446
1965
687
887
1653
658
661
889
657
617
584
1057
984
1056
886
986
1098
1155
687
1093
368
685
984
456
1097
617
436
44
288
206
1279
1279
206
1273
206
986
456
1965
1557
1556
293
1539
292
1918
1819
685
1872
1876
498
1809
1019
1965
773
1965
126
124
720
56
119
357
1687
151
56
151
352
820
156
204
204
1259
380
1908
293
313
1331
304
1258
1321
1019
103
29
123
29
255
30
255
30
124
28
228
349
255
1194
255
736
736
1153
497
496
1479
611
1477
420
418
228
1491
920
1491
22
1798
1850
20
21
1255
1254
830
831
831
1582
1582
754
1576
479
376
766
459
458
1166
642
1309
563
753
1515
1513
1260
1461
1254
1454
1609
1218
386
410
1986
384
897
281
512
1255
779
1178
526
773
1759
773
830
1132
1129
1178
883
1758
739
1837
1296
948
1256
2011
1303
1401
745
1933
1178
1643
789
1641
778
1152
777
769
762
1846
782
115
1358
1844
121
711
1163
116
1153
1846
748
748
865
1845
1468
1232
1750
1231
1216
1828
352
1788
865
1106
1094
1829
75
1760
1339
1214
294
204
1380
461
378
314
1421
204
1829
1846
738
1421
1496
1612
1776
1776
1845
1639
1763
1178
101
103
1302
1302
1157
812
342
384
1192
442
1192
1452
1452
335
335
1644
1918
335
1232
1782
1779
1390
1765
2024
335
2028
1699
2009
2005
868
1698
92
756
429
767
1748
1292
1748
2002
1139
1056
1750
1436
1971
1934
1984
1536
1974
1436
1538
1582
1582
1574
1581
1483
1297
1684
1337
1292
1600
1337
390
1732
800
1337
709
347
679
1483
1707
895
107
756
888
2009
2011
2001
2013
1356
1348
438
2001
2008
1894
438
1829
770
679
778
183
1670
1670
239
239
708
770
1716
1391
752
341
1898
239
1142
859
1716
1659
850
1218
1314
1004
843
1180
1243
1260
850
843
999
1133
98
1133
205
678
66
673
1260
207
850
855
1547
855
207
1067
1978
205
546
548
1034
1059
1648
551
551
797
1254
1496
1867
1501
1516
1252
1175
1279
1946
1946
1929
996
830
797
1732
1715
1224
1241
582
1869
1741
1715
1729
1938
1936
1734
1549
1936
861
1008
1917
1758
1010
1914
1930
1549
1980
1228
1517
373
1356
1368
1345
337
329
1910
144
1551
1062
153
1334
1334
1330
1910
1324
813
915
722
1346
423
1261
800
824
808
827
1441
1356
1410
423
1368
1410
578
2042
604
598
1261
1182
28
1345
1182
1351
1000
1277
990
336
1880
316
1261
178
547
31
1645
179
1532
1848
29
1896
206
390
1502
11
1848
1861
1889
1443
847
1411
276
1443
1443
1095
1261
1158
1172
1193
1349
1732
1607
1810
1643
1546
1622
1811
340
1800
1861
398
272
664
757
976
1349
1081
861
848
983
1350
299
1176
1816
1814
299
1121
1761
1845
1802
1801
1761
1806
1872
1135
767
321
320
1350
1158
320
320
263
1196
390
542
536
416
241
1412
514
515
515
253
1405
2041
815
1267
1739
138
52
1735
1020
1734
867
851
2041
847
886
1041
151
1293
59
705
683
598
681
746
746
794
1013
598
771
598
988
598
289
314
912
1736
788
598
1271
1678
1494
1030
1320
1988
1182
1494
1320
1322
1322
333
1491
364
1499
291
329
317
586
291
1988
973
495
1335
1335
1872
25
1013
978
1131
891
890
1021
670
141
1055
885
158
48
891
1131
8
1792
467
1013
1816
1938
59
1795
330
1490
330
56
61
1491
703
701
1795
57
330
700
701
670
40
2015
1524
1987
1311
56
1483
136
1483
1005
1614
534
1499
1500
1503
680
1815
1890
1663
1645
131
2
136
1992
713
683
871
536
415
1747
1125
1701
1381
1381
1785
1939
1909
1097
1559
1785
815
811
1522
1526
853
1430
810
811
1425
1402
2006
810
2008
1754
1722
1506
853
828
1507
467
1565
1304
1304
1614
1085
828
2007
1038
882
1075
1954
1948
1493
564
1971
1953
94
1555
731
678
678
729
1910
917
1970
1585
1585
1036
1348
553
1021
544
467
600
770
1921
254
462
1744
484
794
45
1865
462
833
1809
1744
1920
215
265
1101
484
1768
1768
215
1934
1772
1733
1350
1590
1965
1378
1545
1590
940
1585
1350
1091
704
904
2016
1350
1095
704
359
1702
469
2036
1696
941
1956
202
213
215
1399
468
1975
42
462
208
220
150
480
480
182
770
1960
230
249
1934
1248
1339
1250
1300
488
1304
1180
1467
1620
1616
209
1568
1412
941
1888
472
1412
1953
1953
476
940
1280
462
754
759
567
489
55
482
566
1107
417
1291
728
917
230
230
162
115
1033
982
514
1963
984
973
1960
570
519
115
514
1862
90
519
542
541
849
1576
1735
94
1681
92
92
1205
1046
1862
109
1900
4
1204
248
269
410
260
264
246
1105
403
1763
1763
1763
818
19
1009
1430
1900
1039
1430
1240
138
1241
1034
1835
521
724
1037
62
39
1338
1630
1298
781
10
1715
1785
1784
1493
1714
1200
191
1714
816
1592
300
818
1487
828
1430
1403
10
300
819
515
146
137
1083
650
340
146
820
1604
590
1642
259
1808
649
288
1527
517
649
1329
1298
689
288
194
80
1088
1114
678
80
797
643
652
1024
1547
1050
758
1030
1052
1821
1521
767
767
1364
1106
754
1338
531
1298
1561
939
531
939
1015
1280
938
1280
797
122
1203
1767
818
1430
300
300
1254
1486
1529
948
1928
1434
1904
1481
1497
1702
805
1753
490
1481
1670
1726
826
183
826
772
772
1673
1583
189
104
2034
384
368
2035
2038
368
0
1
403
903
483
59
2037
369
971
384
369
508
957
1933
1789
778
359
409
490
653
1750
267
320
291
332
326
62
530
779
538
538
536
291
888
532
1922
317
1838
2017
530
1789
1261
946
1196
1147
1099
1148
1149
1097
1249
1856
888
334
1651
1051
802
70
1051
109
5
953
14
4
74
1249
416
441
419
952
338
338
981
1019
338
976
1338
2028
649
1647
1639
1053
1622
428
1250
914
1248
582
929
934
719
1254
854
1889
1621
428
657
1851
890
1802
657
1888
1888
428
366
460
828
459
1544
379
278
1544
573
1862
801
573
574
1417
1490
1731
800
1417
1701
1825
1490
1694
1210
1606
1898
1897
888
1018
1608
1465
1370
1928
1370
1375
25
1608
524
1608
530
1614
639
868
1232
969
1022
25
1027
749
274
628
1577
71
1548
1028
1569
1072
630
579
1152
101
712
1539
71
1154
1154
1727
712
98
1050
123
785
712
1407
151
858
857
667
1407
446
681
857
35
1065
101
428
922
975
972
281
1152
975
1686
1520
975
888
1182
856
1182
374
527
736
736
1060
1138
737
1057
1599
1075
849
850
1082
1147
1074
1676
1505
1150
374
736
502
736
504
1315
294
965
965
294
965
506
294
506
308
1250
1227
965
1084
342
1152
1577
2027
1919
1082
1278
1862
1593
1302
654
1318
1902
1074
1076
1076
1737
1424
1737
1737
1424
1555
1424
177
874
170
193
1050
190
874
893
510
1737
508
510
508
653
851
553
1246
1893
553
780
1274
1964
1279
114
1354
1993
1211
1211
1027
780
503
1965
587
1963
638
422
707
401
642
417
1795
170
1798
1210
1806
417
1557
1594
1557
1557
1652
586
198
170
198
319
298
725
282
644
598
1556
1687
1687
1008
1011
597
281
386
395
586
408
586
272
1456
386
399
165
283
1152
2041
165
650
1013
1924
574
644
571
1456
2040
557
1128
1131
556
1011
828
1152
1023
1435
1199
1992
1435
1456
771
1456
777
108
76
285
1374
1352
1374
114
1023
1435
185
1504
285
730
1932
918
295
433
1987
771
267
951
1221
1931
398
533
273
1253
951
354
494
1765
1376
1351
484
1868
1538
568
657
331
267
341
269
1373
1373
163
421
482
482
482
482
1542
495
1689
805
1871
917
1870
1764
730
495
730
1649
520
108
1558
1509
1169
341
1361
315
1368
495
495
1620
1774
556
1256
304
1174
1620
1882
556
1883
1117
1646
254
556
485
569
1494
1493
524
846
926
903
1062
903
1620
902
1480
1375
1620
1778
902
902
1765
1778
2001
1893
1893
1898
1890
1890
902
410
1252
1237
614
1795
491
1652
1552
1555
324
1903
1899
324
743
1581
723
1732
1016
1007
978
866
726
1654
743
1728
1605
657
1609
1671
1709
1708
261
503
891
811
1709
435
1710
362
443
1710
2004
2024
2004
1789
38
1787
26
1655
1195
210
1814
207
1814
1655
443
1597
1667
1666
491
288
408
133
220
288
707
707
1532
852
434
853
1569
1149
633
594
609
1972
298
1255
1234
1972
96
101
38
96
39
1401
223
1568
1853
223
49
1904
60
1317
1787
240
1982
240
190
276
243
77
79
1214
1214
298
1405
255
1404
573
1478
1742
1469
1317
34
1487
1460
1487
1154
1249
1742
1234
1263
1575
1226
410
1764
1245
748
1765
410
748
548
1943
405
1855
1941
1851
1214
1743
1915
1915
411
959
350
1214
1510
212
1514
244
1808
965
965
961
754
955
1637
945
675
1170
1602
1213
1603
1575
1809
1809
757
1214
761
675
1214
672
1893
824
1376
1835
1210
1026
465
1517
1740
1112
1117
6
1015
1214
1000
989
30
1000
1514
1795
664
330
1794
672
615
457
979
578
649
641
667
1480
1211
1485
1808
1214
1275
1408
389
389
562
1740
1248
1418
562
1333
1171
337
469
1083
1065
1808
1117
1866
613
1947
1659
1529
1794
1808
1625
1065
396
153
995
152
1065
1065
280
1801
72
113
76
152
2005
153
1060
153
153
1150
153
152
152
808
1485
808
890
1525
667
1148
1218
844
1722
842
1439
1388
75
218
1006
1726
1759
1759
1370
105
277
156
45
1388
1266
612
1758
416
525
525
842
814
1439
46
420
1617
895
1135
1628
705
322
671
1951
683
692
684
744
785
786
1991
1999
787
1740
1111
323
895
1205
1205
1322
1147
69
1322
1352
1322
1369
1801
215
1297
1346
1311
215
226
1328
372
250
338
334
380
1128
894
948
68
313
1746
37
1424
1751
602
948
781
1422
35
158
388
894
979
1560
1793
1605
101
268
1795
1083
270
1511
260
1403
816
444
103
1403
264
1511
659
659
659
1597
659
659
659
1568
1696
1696
1393
1657
1625
1890
1900
1862
381
1858
135
1789
4
1394
130
735
914
103
938
944
735
938
822
1674
1697
250
1672
1495
226
1364
1459
1789
1399
1367
1832
1672
2009
242
1989
1989
2016
1499
2012
1832
1372
247
509
1308
1304
1628
1919
90
827
1388
1628
90
356
1073
515
173
173
519
675
727
173
173
1986
997
1923
997
2046
1038
1943
546
670
378
476
376
39
2047
127
131
1535
1535
1535
834
876
839
885
878
886
2042
1831
2015
1073
1544
1601
882
1635
1212
110
1207
2042
1207
1770
586
1764
644
372
582
582
1535
2042
1539
1089
1553
1255
1324
1577
793
1552
1091
371
1831
1974
244
1998
1093
369
1804
1581
244
207
203
1831
205
1089
198
2042
1583
371
186
249
1171
1831
159
149
1529
1089
1089
1471
1468
1554
1238
1885
1066
1218
1325
1325
1181
1266
1066
1315
434
1090
1810
1609
1550
1867
48
1897
1809
1822
1090
1846
1836
1317
1067
1067
959
454
1066
1326
1064
1064
1552
353
208
2013
820
942
45
1702
954
1552
1345
910
1264
1230
1347
860
788
788
799
1882
133
158
1700
1204
74
1418
1204
1204
773
1204
773
74
894
803
890
1313
1556
1450
1543
1556
1537
1556
1596
1596
1596
1596
143
1393
508
1663
198
198
1882
575
142
901
1421
899
1422
1436
29
991
1436
976
83
1872
1885
1648
1633
1856
1683
1421
697
142
1954
135
398
3
129
145
458
1421
1788
465
148
1667
1725
1779
1645
534
1735
534
534
697
38
48
53
1655
537
52
1760
1786
1776
1787
1788
2010
1527
398
2013
697
356
697
718
1320
1654
2012
2012
2012
2013
122
1207
1942
1433
1325
905
356
906
1188
1570
1570
752
623
685
149
678
1650
669
669
2010
2008
2019
1651
2013
2002
1649
623
1118
514
1883
744
1076
692
1212
1201
748
49
512
1900
187
1805
1805
162
689
1555
171
688
435
447
567
1321
512
662
389
1152
1407
774
1293
1252
556
514
549
1181
1942
1181
557
1416
1406
707
730
557
446
439
1900
706
726
446
1832
446
579
446
446
1652
446
378
1119
620
620
613
1427
1119
493
480
383
212
1789
506
940
1295
1119
1354
840
945
840
1611
1760
1773
1115
321
1537
1806
513
541
543
1921
1920
1354
1920
1374
1987
1816
1922
1276
1845
1278
1276
1263
683
1840
1257
1508
1257
1817
1374
1763
981
1864
1865
153
546
1
728
1131
13
5
50
4
994
547
19
1797
139
1180
227
1130
970
975
140
1334
1325
197
1616
948
762
935
969
1182
1130
501
375
1334
470
462
1326
197
639
762
488
1978
1527
1909
1083
1783
95
1862
639
968
913
1131
1675
1851
1905
1896
89
488
1465
1375
1374
767
352
1360
1889
1850
47
137
1762
1632
1634
1465
1637
1657
1465
1497
1638
963
95
1962
784
1889
269
270
1291
1664
1162
1067
1066
1073
1170
179
1465
609
1170
1074
1669
1817
178
831
830
1362
549
126
1363
100
1735
96
1377
1948
233
1948
1734
1346
1739
683
750
1679
1352
1665
1049
1053
940
1862
1699
1065
1744
1761
1208
1043
1042
940
235
1681
1437
1944
1363
1681
831
1680
1944
1680
774
1162
1724
1490
1124
81
746
1760
18
1760
1761
774
1495
584
441
441
1566
381
886
304
1813
258
859
886
632
1096
381
1428
1097
1005
858
920
1247
968
927
1557
950
927
984
698
698
1792
1878
1793
1603
1655
927
1860
790
1352
1129
796
1325
927
1751
1559
1751
1748
1567
1751
1211
927
1820
102
1561
1318
237
545
1103
118
760
1747
1331
948
948
983
1042
235
1028
1029
502
1242
950
1001
502
915
1963
1618
734
729
1551
1331
608
1543
1723
1882
649
1879
737
416
417
417
240
1289
1144
200
1747
259
1747
1703
384
285
612
389
532
704
954
876
323
737
1678
870
1467
794
485
1646
305
477
1372
652
654
668
1646
652
704
742
1489
1488
626
1372
1131
1131
742
1130
234
235
576
1254
252
532
1316
1182
1173
252
1546
1324
1144
1373
1322
1574
1597
1144
1602
1572
1597
101
1843
1299
533
787
1993
1299
1359
116
78
74
705
487
1019
316
279
788
706
1778
1373
699
1325
533
771
771
1759
1350
383
1350
1374
1861
1868
1865
262
1859
1330
1425
329
317
317
1330
1330
110
101
1330
748
1725
1943
1428
1425
1950
1277
1425
1424
1752
1726
382
346
701
1352
701
315
1442
1442
146
338
344
1424
739
560
1425
1762
361
452
1879
642
571
1353
1372
125
1570
1247
794
1372
531
539
1109
1109
2001
533
2000
2000
1390
1397
1240
1146
120
1139
1366
1526
1572
533
1372
877
1145
772
611
1780
611
1907
1562
1550
1907
1240
1253
1141
1583
1538
1740
1253
332
812
963
812
1955
1933
1484
1553
812
780
812
1144
30
498
498
30
1723
1484
892
383
383
380
380
380
380
1553
1919
1177
1141
402
628
61
404
404
961
1019
1428
334
1450
628
1335
743
1919
142
494
286
1396
369
1462
1181
1507
1919
1337
308
633
620
620
620
87
102
1919
96
87
423
67
1714
1139
1715
949
439
30
423
526
90
294
1505
1486
1492
1473
1141
1338
1274
1249
1225
1338
1228
1229
1682
676
90
1326
1325
676
1217
556
556
579
1217
1939
776
779
1084
1067
1058
1058
1082
909
1175
1962
1974
346
1186
347
1186
351
308
490
372
1175
480
1740
993
309
1335
1007
372
1682
993
744
950
1330
1329
1329
756
1730
812
1914
1998
1851
373
928
1911
1732
1055
1010
811
317
869
1042
1046
1015
1736
1849
1757
1534
1346
309
1112
1112
1849
986
885
885
1357
1078
124
1469
1469
1998
1079
1929
127
1107
584
727
1034
591
1286
774
1034
1265
1731
1480
774
1603
1417
1617
1682
1098
583
185
725
1169
1004
1004
1161
1303
170
1869
1940
1831
1818
277
279
1303
398
282
596
878
1709
1709
1708
1032
776
1954
858
858
593
1444
597
1025
949
1444
1756
869
1102
1027
82
732
1600
1756
1094
1612
1601
1601
792
842
44
140
949
34
1455
792
1852
153
845
153
1222
1024
859
440
1682
1814
1812
859
1819
32
709
681
1256
320
321
727
1682
516
518
1696
542
720
516
1736
787
1735
1319
1990
305
857
1303
1303
1313
1301
910
312
854
257
315
1221
338
1455
1544
1358
367
461
1455
1729
1128
1131
1800
854
1131
1023
758
1319
1007
1241
1175
1019
1325
181
1527
181
499
749
361
1220
1792
1545
1487
1138
1527
1799
1043
712
599
1316
584
1487
1043
742
713
614
142
946
63
1396
1175
246
49
1963
309
278
1475
150
1476
1478
278
1836
1231
1544
1740
142
278
1980
1980
1940
58
266
1940
160
0
48
1220
278
58
916
856
1674
1323
1744
814
1196
1148
1145
1738
1674
1674
1123
93
676
639
703
1530
802
2006
2000
639
1138
1139
1948
1479
1990
1724
1991
221
1749
1262
1698
653
582
1936
1740
1262
531
1532
531
821
1740
821
1796
734
1846
1796
1738
1798
22
1181
676
1362
1545
1525
1362
35
1771
1833
1999
1002
49
1545
1005
1098
1008
1163
1005
1836
874
1532
1821
1605
710
1978
1466
1622
1823
539
999
1195
1008
1464
1008
1724
1551
310
1361
1862
1613
1944
1361
1098
831
1323
1013
831
1944
1449
1853
166
1118
198
1714
1714
47
39
163
166
189
1108
39
166
639
244
171
163
241
883
898
1453
1164
1098
1440
1164
1172
1176
1323
50
905
898
1141
898
1075
905
1888
1626
905
1852
23
1826
168
1850
905
1481
1850
1816
1240
1241
279
493
48
1894
1944
1493
829
310
828
49
817
780
974
1493
499
63
952
500
1270
62
49
90
720
557
786
873
878
720
1334
1658
758
1539
1235
1439
1335
540
1635
1351
1351
557
1351
322
1617
556
556
465
1450
847
566
1450
1181
662
563
993
217
350
572
1680
208
1677
208
1755
922
936
350
421
924
216
55
29
471
26
421
1761
7
593
403
1020
1020
403
1761
142
130
696
921
143
1183
140
921
1218
1017
1789
1183
1779
1777
788
827
753
752
926
831
58
52
60
1219
1177
696
862
913
1407
1398
1398
582
248
1595
1595
792
1592
548
1370
120
1457
1260
582
544
792
1260
258
1160
1206
839
872
1417
36
1420
1206
579
724
1037
1044
1037
2028
2003
2005
1269
2025
552
872
1078
1072
1049
1541
1261
282
1541
1260
554
98
110
181
543
542
1248
95
1037
1305
1473
1094
714
1305
679
839
610
610
422
1780
1328
1432
423
1036
1334
566
1783
790
734
724
705
839
685
1693
1546
1614
1806
1806
1094
1353
1604
219
1875
1875
1566
1875
898
1916
1876
459
385
477
898
478
126
475
1353
466
1613
287
609
1319
1779
599
1779
936
1315
1500
906
1486
51
941
920
371
457
326
270
609
51
1612
451
1480
286
900
1205
97
693
536
626
756
1992
1992
1992
1927
1925
1278
1276
1665
1175
402
1857
402
1474
1134
1661
100
171
1994
255
17
439
693
107
1
48
902
903
10
437
866
53
510
81
1675
2046
1786
81
437
437
939
982
866
1404
82
244
81
1908
1877
1665
1860
1632
566
540
947
853
954
949
904
283
1839
283
1831
244
1974
445
461
461
445
453
503
411
1181
680
411
687
742
1791
2046
1114
1695
1838
1512
1175
979
990
1790
1616
1360
1360
1650
1507
938
1663
2038
1363
130
1551
1363
1526
1526
738
1132
738
544
863
573
863
864
1564
560
1409
96
864
125
1125
126
1552
263
124
1409
1674
1664
1666
260
1712
2035
260
706
723
721
1033
1053
2035
2035
956
1208
1233
97
541
1481
1433
297
1232
944
1987
1463
944
947
1987
1913
949
566
1237
260
594
1237
57
261
1138
635
59
582
1839
56
1839
1025
57
43
381
569
43
569
568
380
1411
1343
1410
437
437
1410
1040
1239
1410
1232
1222
1545
1616
297
1562
1043
635
1619
1642
1115
320
1656
297
293
885
374
1616
1183
1183
98
1616
957
100
1611
1241
1569
1627
263
256
1122
101
1450
97
97
1616
1450
1577
1540
1540
1540
1540
1631
205
1519
379
1517
379
931
912
1510
1519
1068
1794
1562
1516
354
1632
1653
1584
204
1584
1584
997
173
998
827
635
1914
240
1060
1914
1911
1911
1602
1116
1116
878
827
605
1568
605
1935
1935
460
1165
252
372
249
472
635
677
655
903
688
582
690
708
1161
1135
1134
914
1153
1404
1130
1091
1125
1323
708
1619
253
402
492
375
768
1181
1413
770
795
1014
914
253
116
759
305
305
1323
595
257
319
210
1567
1278
759
374
1325
1233
69
1241
1761
866
522
1763
1712
1165
747
78
1354
1413
2025
1660
63
1881
1645
746
830
1860
830
379
377
1050
46
1237
205
1990
64
204
1134
1132
69
69
636
978
896
690
896
393
1423
309
273
294
150
1472
1241
1712
1241
865
1915
1796
1884
1407
150
1481
868
1460
1528
721
1460
1529
1529
865
220
191
188
1463
1458
1459
895
1460
1853
1460
1966
1606
60
62
1837
1794
654
211
1406
466
466
1979
1963
466
440
192
192
466
948
50
1640
1271
1640
544
895
581
1118
455
2028
1118
1996
576
2045
1471
948
45
120
123
45
45
789
977
258
1019
789
1298
786
158
1298
572
478
1089
257
1010
488
1010
1164
200
200
275
1091
498
1479
1396
1267
1074
119
1395
127
1154
1077
119
1693
1689
498
1154
2031
1916
1115
263
362
1918
907
269
1056
618
642
525
2031
1495
1503
403
482
482
1053
483
483
1141
548
554
552
1999
1745
1697
1997
913
554
1799
618
1906
618
514
1797
284
907
1060
387
1262
1969
981
1003
345
610
336
345
1319
1864
644
1262
2040
644
751
621
1262
605
568
516
1003
758
1360
1370
516
1377
1235
1055
919
1395
1767
865
1006
937
718
41
1118
815
42
973
808
542
1024
1027
982
205
1027
2047
2026
1406
971
499
2023
514
146
997
516
992
969
969
261
2040
80
596
1764
500
598
1146
632
280
549
574
583
80
1478
1147
2043
1244
1410
249
1408
1021
1022
1418
1420
1420
514
235
1018
1114
1382
1345
1344
512
514
1544
1601
2043
1639
1147
113
1170
80
330
819
1170
818
65
75
666
1315
80
951
584
1057
1314
1059
1117
1142
604
95
1525
1524
1056
1427
604
921
921
923
921
2010
1051
1133
1253
666
100
2018
546
97
1184
1189
2022
62
831
129
1245
1133
48
831
1274
546
1551
906
94
1551
1233
60
95
95
1224
94
94
1020
1353
1590
1410
1570
1086
1571
1028
1569
1051
803
523
1757
2005
1754
734
1779
1353
512
1253
1822
1590
1732
1806
1800
1177
1702
1161
1373
1362
1313
1304
1526
236
1472
499
503
1485
1526
843
173
1132
1014
175
1835
1973
978
2011
1975
1589
1702
951
1968
1997
240
185
387
512
236
11
1310
43
8
1382
1635
748
766
116
72
54
869
251
251
1496
9
869
1234
1473
1516
61
1533
1615
1253
43
1657
1175
1716
242
1716
1632
1218
158
1451
930
1242
1272
61
935
833
1589
1749
944
1392
404
1099
196
411
1393
1099
1145
196
1810
1628
1870
279
1439
1272
1340
1360
1947
479
1944
479
1947
1951
1951
1272
1353
1360
1829
1358
947
1260
1215
1215
1155
342
1831
1187
806
338
537
519
519
519
806
463
667
675
476
494
1853
402
1851
97
1851
494
1306
364
97
1002
1165
1001
1002
33
472
423
44
480
453
787
784
605
1392
474
1393
1381
1393
880
1607
1631
423
1333
495
1244
286
1241
1158
1158
1775
1199
532
60
624
1775
488
532
489
1539
1603
1277
1551
1912
1088
410
489
1333
1111
1657
2017
1994
1149
1968
1657
1250
1631
211
1658
110
211
410
43
44
43
47
43
260
145
1150
260
145
1135
1617
387
881
1440
298
490
1448
1440
1173
1368
1369
298
1819
281
1336
281
592
1819
841
101
1544
1797
775
291
223
1824
1842
416
1420
103
173
408
234
1305
289
1523
820
690
1304
699
617
823
1635
299
690
690
1269
1268
1268
1333
690
699
688
548
104
104
223
1337
2020
223
1369
1369
835
785
1109
439
232
843
438
1906
1105
1105
677
1334
439
1075
1983
1980
1982
835
600
987
36
1978
547
1633
401
1948
1738
1829
677
202
659
657
201
203
203
1102
734
381
558
677
893
381
1240
133
558
1240
1787
1682
777
1677
1700
50
1683
146
841
146
1393
40
940
912
728
735
1420
727
2034
621
294
1493
776
772
1473
1829
1493
1269
773
294
1093
286
1404
1093
1741
218
218
218
773
1409
197
1409
548
1445
197
675
675
673
549
549
1055
1055
1114
1388
74
74
609
887
1056
608
1404
609
1207
1066
628
1056
121
609
1049
1244
955
1244
560
565
226
1106
1092
1093
1049
562
1805
1234
562
541
1346
1235
1248
1235
1413
1411
403
1105
403
1434
1064
560
229
731
957
1178
193
959
1369
1926
193
2023
1749
1994
2044
348
1971
197
1744
205
1070
775
1749
1746
1103
1103
1369
982
911
958
22
1369
908
1369
1322
1335
86
86
199
1081
1175
1190
1173
1173
1081
1805
806
1399
525
522
1447
244
1012
1087
1322
1322
1454
1991
1447
1245
809
806
30
1278
1014
1245
1230
801
727
726
802
1875
1879
1441
1552
103
1552
1552
29
1440
1322
1882
407
1834
1552
1652
1244
500
993
499
1831
1637
499
1650
1857
1871
560
1860
971
841
947
499
931
843
950
1927
500
1244
1681
1820
642
1681
448
464
500
1446
1440
1560
666
763
1298
130
994
1100
1102
1802
1688
1688
987
986
987
1943
1299
374
216
830
830
216
154
642
143
1561
843
535
952
535
961
535
32
843
2028
1562
138
490
1052
2029
1048
29
1898
489
1209
1185
1198
519
1648
1655
96
1649
126
125
1898
218
254
218
887
212
141
1602
731
721
722
1844
706
1041
1651
1648
1648
1048
1820
1028
1050
887
706
1336
1024
573
1032
1815
833
1432
1223
1435
709
833
1427
1403
1234
1406
1805
542
391
447
2011
1234
452
406
389
1210
388
464
1227
1948
1223
1226
1604
1228
1228
1228
1847
380
1221
1210
439
1589
1239
1227
1844
1847
1609
1603
1548
1561
1605
832
1223
32
1816
1663
1912
1053
624
1826
1320
1320
826
1864
1589
1902
1668
1900
1901
1799
34
886
1724
1724
1901
1223
1336
908
247
133
1597
175
1865
1052
1045
352
1030
627
1818
399
346
549
549
1708
1679
92
1741
92
83
39
93
1591
1687
384
909
384
200
83
187
203
241
291
289
696
2040
289
35
614
696
871
1227
2014
375
369
472
1405
457
93
1406
2010
640
647
1817
747
751
1399
1771
837
1130
1125
1850
1249
1406
1850
714
854
699
837
1994
877
837
1529
876
1559
854
1391
846
1401
79
200
384
298
385
385
605
1529
93
1624
679
1240
1216
610
1217
492
1312
615
1948
699
1313
521
1892
1110
1707
492
1382
1344
1378
358
492
1376
1899
1902
1660
1903
469
518
477
1876
1645
378
901
460
1556
202
1556
2019
26
2019
20
1230
2019
2019
1269
1566
1945
1945
1184
628
1891
474
477
1525
1184
1887
1199
1127
1198
249
1184
453
314
249
1653
889
1652
1353
771
1353
1101
101
1595
1062
690
98
1064
385
743
747
1653
1654
358
123
899
972
123
751
2002
1077
2007
2002
1751
1747
636
702
751
348
2000
697
1951
1751
845
1206
611
1046
1206
944
1211
1563
1211
222
1815
1796
468
1794
845
771
1572
103
104
117
1758
1567
107
565
429
457
107
103
432
430
193
423
1722
423
880
432
809
432
439
2013
439
1505
1987
1828
55
54
1231
232
1000
1824
517
140
1231
472
132
1999
944
184
1
494
60
1993
1160
972
1654
1804
1161
616
616
616
616
542
1941
113
67
513
1557
1999
774
774
774
1654
1804
3
513
526
1940
54
1
974
1017
541
774
1657
1531
1804
1501
1806
1484
1502
55
1402
962
1804
1065
985
964
1327
1324
1718
1427
1217
1939
1327
244
1598
602
303
1598
1326
1843
1797
1807
1807
1463
1980
1821
1157
1801
1975
1598
1598
1075
627
345
344
610
344
345
523
689
663
663
693
1035
970
562
723
1038
1469
971
1091
1236
1236
324
1598
2002
1037
1102
994
626
1017
273
1989
1799
1799
802
1199
1305
1824
608
810
1030
2020
1305
1381
1073
1034
1801
273
1038
968
2004
1828
1816
877
1473
793
2017
319
1312
1090
609
793
575
1988
575
1316
1459
1793
1746
390
1475
1750
1746
1068
1408
1408
1439
1417
1212
1082
1392
1198
1262
1795
2015
241
73
256
244
1030
257
1746
1751
389
16
1397
78
73
79
67
1543
351
71
1515
1710
388
1069
1198
1549
138
1551
1647
616
1644
1644
776
156
153
44
1340
1901
837
47
1645
46
1299
1206
53
610
1238
1238
268
611
611
427
1286
1041
420
418
1700
1179
252
316
211
1054
1700
183
721
711
612
1282
706
791
791
869
728
56
1647
727
612
914
960
1712
915
1667
1685
1685
653
1582
693
1283
1298
455
1086
501
465
463
454
1142
1142
1121
1274
1134
1080
1968
349
1085
729
1058
315
764
154
241
1647
1174
1794
1186
608
1175
1174
1917
1563
340
1174
1175
1160
682
1829
1735
980
625
1733
785
1160
1393
740
1166
1664
62
1064
37
1666
49
62
884
1865
1897
1040
210
1895
1409
1627
1621
1952
1318
129
1365
0
9
983
296
11
929
1160
242
924
1001
111
1685
907
887
934
470
1698
1699
1362
110
1685
1746
1750
1100
633
17
623
1091
1667
1354
40
1393
1001
137
1274
1349
885
41
71
1357
1077
484
1416
1091
1197
1612
1197
1197
1626
468
1067
1067
1163
1058
1073
219
2027
1022
659
978
804
855
17
812
812
812
1925
221
1943
99
35
1282
1299
1567
99
1630
1394
413
243
161
1416
1820
2002
791
7
187
351
1611
1804
28
1339
817
324
1821
1806
1625
298
1199
1192
1157
2028
1773
413
1881
1773
234
1093
1882
1416
1581
370
750
118
221
366
363
407
1094
1194
1092
110
1915
536
1091
1695
1956
1043
110
212
213
213
1677
1677
213
30
146
3
407
1101
241
1286
147
144
1913
1447
1877
537
540
517
1011
1446
542
1447
106
1416
1246
273
1948
755
9
1161
715
1866
1478
1820
1811
2014
1418
1870
2014
1820
1836
1803
1841
931
133
468
323
492
755
754
817
754
754
818
221
2013
471
135
1249
878
471
893
471
220
47
47
45
1978
147
147
135
263
188
915
188
147
759
133
132
55
1428
1434
339
716
1071
989
1307
810
1457
1309
1435
1606
988
1306
2022
1641
2035
1034
1935
1450
888
501
807
95
22
380
1937
693
1047
825
817
830
27
824
1662
1936
1939
1021
1021
148
148
145
1983
1176
813
148
148
817
993
819
640
647
663
663
222
1449
1998
819
1999
2033
1957
627
2046
1007
930
716
135
1879
921
914
938
1603
999
144
1113
1977
1118
1937
1882
875
1882
1885
1884
96
96
122
122
908
921
942
1937
1284
1937
1937
831
194
768
1976
1053
755
1053
755
761
1053
1887
1498
711
722
702
730
630
733
896
1500
1700
702
702
630
1951
782
1736
1945
1944
412
1563
94
213
821
1069
94
614
94
515
869
873
625
625
879
873
526
523
515
868
566
534
1976
1457
195
1359
821
1869
104
29
1456
54
48
521
55
1435
1532
526
1437
520
412
110
454
684
1396
680
700
489
1565
1350
1546
1396
1543
1549
1350
326
1810
1456
2035
831
233
354
1603
56
1080
326
432
953
979
981
979
1991
326
973
326
326
1045
245
1409
209
208
1922
524
221
535
534
209
2023
296
248
1395
56
1418
1764
489
1090
1395
466
1875
782
10
249
13
764
1094
224
114
1094
1843
79
1397
486
181
440
384
417
246
1052
1284
1766
501
1007
1007
1016
1908
230
964
963
1878
765
1662
241
719
1847
1891
649
296
628
461
461
474
365
1519
374
368
110
659
667
1345
1983
1969
1969
949
689
180
1983
428
27
109
1359
23
247
20
20
1331
1124
1124
427
1431
1909
517
1359
147
250
614
1046
1345
1044
41
1053
905
143
1255
132
1248
380
1322
1255
639
1253
1265
910
1797
1337
1959
989
1319
1782
1724
910
296
236
1000
999
329
1043
329
1045
210
1958
944
103
329
340
1821
86
99
2044
1014
143
2044
2044
133
490
706
1052
960
765
1843
2024
1031
85
295
311
311
2044
1211
2047
945
952
311
311
755
1426
767
1558
1376
767
1838
542
999
950
1515
962
1823
1005
1827
964
1021
435
1587
1819
1800
350
526
935
1515
311
712
935
311
819
1244
935
1547
1657
1803
438
2024
1605
1657
1651
1650
1816
1658
2021
889
648
880
874
827
415
688
1937
1052
140
448
984
827
1330
816
144
802
394
809
1691
1968
169
452
169
172
648
1713
217
763
432
1261
1256
1855
753
763
1244
1250
1274
348
345
1457
344
349
478
1798
690
1795
1792
1827
2025
435
1909
1036
2016
1873
1913
2022
689
1377
170
688
311
788
214
214
933
767
688
2034
327
957
952
114
957
1759
253
1559
377
1611
629
578
578
34
70
688
1133
1128
1128
1132
1128
1128
1128
1257
1336
12
1262
1257
114
1573
1781
597
1577
764
307
596
1808
139
259
75
72
1787
1372
1357
622
306
257
38
305
39
269
1639
453
1246
1729
1780
1401
1303
1279
1267
1302
2022
114
2043
1355
1372
1363
1358
184
2038
1881
1185
1859
32
300
1840
339
321
367
339
39
36
568
568
595
568
569
1190
1906
569
884
1370
40
1422
1371
362
1410
1971
1410
1870
1309
1307
1090
1305
1424
351
1308
797
888
383
1829
1309
1305
315
1305
1719
376
1022
432
1752
1039
1812
1973
1833
1627
1626
1626
1793
1317
1793
259
2002
1867
262
1189
1142
1185
342
631
1752
1709
1677
1676
1677
2005
1709
1190
1728
526
1559
1559
526
1012
1805
1100
1800
1845
783
1012
1604
1013
1802
1520
1520
1686
708
783
1736
1740
778
233
233
1579
233
1589
193
1484
195
1485
1484
287
1485
1484
1484
30
881
355
28
30
30
1662
762
2009
764
1520
1520
1144
1144
139
1144
189
171
1013
51
40
188
1830
990
22
1805
20
1803
1803
1805
660
662
1663
135
477
1307
879
1805
20
20
708
1424
1824
1471
20
1830
1438
1737
616
1742
319
270
621
336
618
1869
1811
1567
1187
168
1195
951
189
1618
1193
933
1663
152
1810
1630
238
1870
380
231
872
1982
1883
872
265
270
1485
517
1795
872
1462
1871
1472
1294
443
1023
810
1644
1480
184
1472
1049
1048
1687
592
1864
214
240
180
1242
679
99
1792
99
99
99
1792
708
708
1956
1964
1957
1962
1953
610
1263
708
60
1429
1411
58
1564
835
1411
1560
514
431
1214
952
1429
1429
1022
965
846
2019
2018
1884
1971
758
431
2043
899
1324
1343
71
258
777
1983
720
835
1900
74
347
835
1342
1942
1899
1024
1541
1947
159
347
2034
1979
891
986
990
397
982
1456
159
1452
1310
71
337
336
1324
1380
1078
817
1698
603
1952
1309
1976
1701
913
1484
1486
1968
1496
916
1742
1380
2021
873
1317
1318
1408
1951
1166
1669
1037
1541
1317
1665
1672
103
1929
1309
1518
1283
256
256
913
1665
319
1012
1360
1107
1558
1014
1509
1310
1233
1535
1012
1021
1976
1148
1461
1467
1774
1530
1769
1769
69
9
1770
1769
1014
1283
1061
250
1361
36
55
73
1361
6
6
1300
28
6
7
1297
1747
1361
1361
429
427
622
710
1040
504
728
706
592
1977
1814
1247
875
540
407
839
1986
1546
730
1603
733
1582
1986
1986
1900
327
1568
1162
1318
1311
72
454
540
378
501
379
541
453
1040
1608
622
1121
1272
1142
1142
1272
1272
1272
1016
1273
990
1273
1044
1747
1273
1416
1389
1564
304
1564
1563
1496
1496
72
1496
310
309
1285
1497
871
1830
974
1496
760
1373
1768
1980
49
517
388
1780
55
1770
377
1771
1474
1474
1639
1477
1825
1768
1247
1830
1835
1825
1904
1395
1638
255
1618
1619
1314
1316
945
77
1391
909
1618
1620
658
1928
1780
662
660
1778
1102
1380
1241
1117
1121
108
1111
536
764
1115
129
1404
1397
1937
369
11
1404
1232
1853
1852
1147
1314
1310
1370
1391
