mesh_partition_v1 4096 26411 41 cell_order_v1
717
3854
2152
1168
1869
3059
689
1376
3049
1088
2111
3862
3063
1106
141
1547
689
3086
1506
3168
1869
689
461
1128
627
1168
1132
2256
1601
688
3453
1170
3336
3741
1226
2486
3735
3785
3716
4093
3949
750
1617
3370
4093
1620
4094
2417
3336
3342
4094
1704
1168
2015
1458
1705
2154
2154
2091
3950
3950
500
3948
2154
2147
181
1226
640
1705
3974
830
3406
3567
1024
3512
3328
393
1701
2312
3287
825
2712
3512
3501
3331
502
822
828
3521
2724
1029
1342
1478
1479
1869
1029
1411
2629
503
576
500
1024
3022
3241
2920
470
3240
1317
1478
3331
3808
469
3684
253
3240
2941
2091
3713
2179
363
3316
3723
3811
2179
2178
2179
3173
1174
1303
715
469
3731
3408
999
3731
3975
4059
470
157
3783
35
1012
3730
2219
2292
1437
3525
1595
3843
3843
1436
1648
1887
3843
3399
3843
2216
3108
1794
1437
4049
3462
203
3278
3528
1437
3344
3344
3344
2258
3099
43
3273
145
2580
3274
145
145
3433
145
1934
530
1934
2573
3311
112
388
47
112
412
2912
2855
2674
1864
464
421
1066
462
1864
2070
3172
4012
1860
40
1073
1864
103
1445
1543
3239
4003
1545
3381
3994
2366
2555
1783
2000
807
3057
1258
3057
1259
3172
2900
1624
2279
2902
176
1544
1712
786
3344
1762
3062
3058
1540
3059
1667
1533
2865
159
2169
4078
4086
1529
84
1867
1528
2150
1623
148
382
91
2909
2145
824
91
1678
1220
91
1000
3524
3650
702
2265
1733
1000
1866
15
2240
1856
1867
1936
1890
70
12
1847
1034
3776
1022
782
1214
2104
843
1563
2354
168
13
1492
1728
248
1467
1431
1471
839
1428
777
3026
451
782
1923
782
1401
2856
8
2923
255
3788
672
777
2365
3122
2851
2855
3013
3685
1288
1936
3936
4060
3501
1134
1936
441
1936
2343
1819
961
2539
2655
1354
1823
1823
242
1822
360
53
2829
1117
2908
267
2343
53
2912
51
44
1089
2499
2357
2619
2983
3007
3045
51
1981
1652
2986
3005
1981
675
678
3109
2078
674
48
2818
1358
3935
3810
2078
2357
2077
48
2076
3945
3827
3944
2101
1403
871
1503
3944
276
2387
2376
1667
3950
2565
1503
1026
274
393
2317
159
393
2402
1503
1734
2910
2910
2316
3942
3626
2908
1285
2318
432
949
3435
3996
1503
3190
1730
1680
3328
201
3796
499
1522
3134
1422
1735
1735
3735
3880
1538
719
3170
1304
201
201
1307
2449
888
1307
201
4021
1402
602
4021
1351
3156
1545
4020
1435
4020
3157
4013
3157
1423
3157
3875
3371
1381
798
799
1148
1692
2893
2784
1692
3930
3035
1692
2352
2480
570
1122
3170
3082
611
3168
638
626
625
1005
884
798
1423
1281
2088
3448
1692
1284
1614
2924
2924
2677
2700
1284
3170
2314
1056
1680
3352
2674
1281
1345
135
1345
3170
2924
1982
3208
2949
2891
2263
3436
2262
1837
568
243
620
202
3512
2828
3450
237
919
2924
789
157
1291
1291
1353
1673
1159
1674
3404
3629
447
2805
434
2387
1776
3414
3805
3984
939
2262
1615
2688
2263
508
2660
3650
2657
2656
1352
2802
1038
1683
1038
1038
306
315
1038
3101
897
317
3274
2800
897
28
2928
1643
2937
1642
604
2307
1917
2638
1644
1644
2157
2800
2746
2747
1170
1242
2746
1245
1046
4041
4032
1247
95
2801
1836
3997
2365
92
2746
3355
1759
2801
850
1701
3542
3996
1752
2660
633
3437
1790
1740
1739
1661
1677
1248
1677
1198
2797
3077
3769
3437
3375
3125
2099
3358
3642
2159
2159
2766
485
2680
2099
3769
3077
1649
484
2853
3860
2159
2511
2159
3183
409
1669
2099
3131
2881
3385
3126
913
917
2889
1479
1382
1510
494
3651
3523
1814
1327
1073
1407
1383
2891
1277
1037
1488
3126
2891
2212
275
1263
3130
434
625
2099
3437
1145
3130
2212
3535
1660
3953
2129
1133
2126
2198
3961
1726
3033
1375
2680
2291
2086
2225
3281
2957
1363
3232
2606
1919
1880
1661
3952
3952
585
2510
42
41
4094
4093
3935
881
1363
602
2346
2798
2790
2225
3433
2789
4094
3915
2960
1466
3455
2981
2985
1290
1375
725
696
1131
1027
695
3892
3372
1148
658
3556
372
972
318
3372
936
3360
648
711
715
3366
1481
3996
774
21
3338
3183
3885
3989
1527
182
3885
3914
3076
3719
3914
3729
691
2378
2386
1210
1225
3959
3300
1805
1214
2496
1736
1214
2496
3398
3985
1158
3396
438
1057
3639
435
3528
2934
2730
1210
3553
1215
1822
3347
2657
2657
282
764
3552
2108
3896
777
1910
4011
2657
3818
2657
950
1593
3836
2170
3338
3328
3823
793
3915
4002
56
4081
3665
761
3899
3823
1055
863
1811
853
852
3585
3077
1100
3883
1100
3852
1888
3841
560
847
1722
1100
4011
1605
1797
3328
623
2456
881
3874
2970
1775
863
1068
3794
3895
757
3894
1677
727
1446
129
630
2735
757
1448
527
1004
1004
3144
694
2017
478
2798
479
1204
1321
1622
3920
2112
1383
3855
1964
976
3855
2112
1696
1852
3894
3895
2078
2735
140
2594
2078
4051
898
1559
4051
3626
4043
3756
4049
1599
719
3324
3813
1107
2735
56
1264
1295
3140
4014
2735
4011
4014
4011
2458
3256
307
1187
3152
3485
3257
1740
3257
3923
3259
1187
302
1720
1493
1187
256
1365
1073
3867
1187
3757
1075
1770
1072
3938
3845
1184
1151
3577
3350
3754
1484
3757
2103
2993
79
3847
1571
2101
3477
1066
3522
88
2101
2099
2102
1374
2101
2356
392
3459
758
968
3054
1965
669
2373
3293
3489
194
2883
194
714
1300
2800
2915
2889
636
1493
1133
1409
39
2373
3709
94
2373
32
3342
2372
3235
3716
33
1397
636
636
413
3236
262
1452
718
1058
2314
637
1703
969
355
341
921
485
1150
1046
1048
83
3703
1693
4093
4015
2321
258
774
781
784
901
779
2891
975
2303
779
2277
754
1764
3123
731
2809
3604
258
795
356
193
1012
795
2637
1696
3799
2734
2734
505
2734
2302
1678
1463
1069
2794
7
3403
2706
3327
2366
2742
2794
3808
1543
1782
2794
2904
273
1278
1178
262
1989
3597
2961
2967
716
2852
1782
1680
2973
1848
3814
2973
2955
1818
1837
3236
3569
830
313
446
811
2419
859
1213
983
1
2141
0
3225
3151
3225
2347
53
3814
838
3150
3235
3146
1212
3571
716
2140
957
3072
1309
2410
1417
4060
393
393
2423
4051
3226
1850
4058
1096
1902
2017
551
1009
716
716
1307
3045
3711
4081
1159
2140
1536
3044
177
4018
3618
1489
3281
1245
1245
3411
4071
177
1513
177
3291
1476
2200
177
2313
2256
2444
2980
2313
2313
1297
1301
2948
1509
2313
1383
2416
1477
690
650
2716
1536
683
1525
1525
2947
1211
3540
1537
1537
1403
1300
689
1242
1405
1467
3019
1467
1405
1201
1201
2839
2321
1207
3520
3558
1502
3432
1405
1101
3530
1481
3923
3831
3047
3011
3407
1405
3126
3407
336
3910
3103
1333
1468
1325
624
1325
1891
1325
1325
1325
1468
1476
3330
238
3775
681
763
670
3775
3565
3336
3753
1711
3771
3769
2373
2174
2395
2353
390
3612
2380
4076
390
3336
1109
3651
3339
4039
3160
4039
3810
1158
1059
4039
4039
3957
2539
3783
1706
3957
3960
1274
3659
3443
2715
1271
3332
3748
3759
2287
1269
1245
152
3159
1542
443
2119
3333
3346
2171
784
3228
2098
2128
2305
3222
399
3231
569
2743
399
810
3428
805
3753
3062
1032
787
521
2691
2141
1462
1101
2545
819
4006
2355
2141
3284
2288
3894
1094
810
1779
801
1415
1044
1866
1659
700
1693
3467
174
1396
3525
3528
3179
3292
2754
231
2336
1868
1044
699
2046
3861
3190
785
2046
388
275
2116
2295
1451
3670
1117
1308
633
2029
355
924
2904
3321
1828
1451
1792
3653
1894
1451
1910
3669
3323
1451
154
525
3323
2294
3698
2294
3966
3321
2391
3508
197
1529
4060
1828
3874
3646
4068
1528
1420
2482
540
2152
2824
2065
820
3624
1391
1531
2413
740
3762
1384
91
740
3762
1371
803
2289
401
268
2546
154
1391
1390
3763
321
321
743
298
1787
3099
1629
743
1558
3775
939
99
3763
540
1457
525
1980
3409
3384
1980
3669
1298
3086
40
313
97
2265
1954
2827
2243
1569
1424
98
98
2244
1226
1228
1225
2827
1226
2687
340
1984
291
1266
3352
289
2054
1984
2075
3353
2691
1400
2986
2834
340
3712
2456
3040
1531
1570
3110
3181
2479
3356
2489
1984
2819
2491
1984
2493
2287
2439
1980
2468
2565
4095
2336
2475
2826
1656
2467
496
615
1815
578
948
3770
2323
2625
1800
2816
2375
3394
939
329
306
1814
1980
368
2864
776
3770
1814
380
2274
3717
1489
1623
1107
1420
1547
3722
2274
3770
2338
2274
3718
2888
3416
284
3771
2067
85
43
64
3287
3966
2486
3720
3258
1540
1516
1339
1331
3188
2274
284
3717
672
3717
4003
978
2801
2498
949
2503
2498
3457
967
764
85
3498
2980
3138
284
284
3499
2477
3262
595
546
2020
677
3465
3579
3574
3295
1053
3499
3781
1153
3972
2695
3144
546
3191
2018
37
82
2815
1602
113
2580
1257
2018
123
3498
1125
286
1116
3862
2020
123
2443
811
936
1061
1775
1769
2443
102
2004
102
1769
2851
2373
2443
1769
1774
116
3362
2443
1110
1774
3172
1769
3541
155
2503
1430
1301
2569
1687
1464
1546
37
2570
3527
1425
2573
1425
673
37
2390
2325
2065
976
3044
910
718
875
2325
752
946
2325
38
3557
3439
3435
3432
38
3438
3971
2325
2488
221
2541
220
215
1010
725
215
2532
3971
1946
1028
2540
2651
3471
3463
3891
3889
82
3380
849
3164
849
1948
3975
36
524
1415
1735
36
210
2486
1410
2073
2155
238
833
3712
3890
1415
1486
1224
1969
1401
1403
1403
3250
3470
1401
1944
36
1930
2384
2384
2384
3470
2384
36
2145
2853
3109
3169
3193
154
155
2113
3790
3606
2434
2558
523
3681
2124
3182
1928
657
1937
1412
726
158
1417
2300
3209
2343
3522
1643
3268
3365
2213
4090
4012
1111
3801
2823
3791
315
2360
2823
3209
3596
3230
2495
3666
1108
2381
1022
2216
2930
3671
3248
2211
2601
3365
555
3408
3269
327
3174
3269
1479
2641
3710
3481
3484
3866
3671
2213
1219
1859
2987
4061
3403
1216
4057
3269
2870
365
3245
3237
3233
2655
3719
2363
3241
2485
273
3719
3417
3261
3246
3845
364
896
3574
3057
1216
3501
3743
364
351
3742
3405
2597
3975
2994
3740
1219
4033
3825
1207
875
1353
3905
2870
3440
4024
3269
2150
3291
967
2994
2648
2640
805
853
849
4050
847
1097
1353
3434
3012
155
2290
1097
1007
404
537
4059
1352
4059
382
378
2043
2882
2882
84
379
3303
825
344
1352
2444
329
3316
2478
2254
2591
687
809
2000
2445
1594
881
1078
1514
809
515
3314
3297
477
477
1520
477
3216
686
992
4050
604
477
935
2481
809
809
4035
3626
2940
2700
3815
195
1532
2940
2940
3204
1286
1340
3690
1595
2911
801
3690
196
195
712
2940
3682
2585
548
1207
55
2399
196
194
854
2462
2849
3496
2731
587
548
3253
3726
854
860
1502
1394
688
1199
619
3058
2462
1532
1667
688
352
3595
2772
2768
3605
1151
2875
1158
2700
3455
3929
3928
104
816
1028
2904
1855
351
2118
2118
2904
121
2502
1331
2461
1314
2112
144
2462
2354
1027
982
1574
1572
109
2341
2842
1663
109
3532
2700
2721
3992
1572
2671
334
2498
2676
2693
2569
1569
2340
2340
2341
700
1852
3605
2341
1356
2341
2341
2339
334
1051
1852
1029
2701
587
3519
2819
2563
2022
1865
2001
1984
1907
1853
717
334
2693
3997
3070
334
574
1012
840
2701
68
2700
267
1996
1281
1109
2171
1098
1993
1256
3824
3186
528
3106
1994
607
540
3665
345
1996
3339
3342
3635
3119
3181
1859
3181
3181
553
3713
3793
786
3401
1447
3181
3430
3107
349
2761
349
1320
3336
365
3173
2700
1320
1937
1943
2869
1962
2406
362
3936
2591
3842
929
2395
2591
2018
3461
2005
2640
2366
3055
3474
929
3256
2115
929
169
11
12
1323
503
3736
9
1166
1171
3628
1597
1321
351
1777
1171
929
1599
2852
1288
1511
1513
2387
1312
2855
2855
1304
1397
1323
2594
1805
3762
85
3967
3872
2806
3884
2796
2632
3749
9
3114
2625
9
1129
2360
3457
3455
743
3457
3494
4051
1861
4051
2360
519
1527
4
3630
3631
2360
2360
2966
162
3019
2085
239
2302
169
1300
1192
1125
1190
1438
1535
1504
2299
1436
1436
2201
2750
175
2201
3030
3112
1914
3694
3653
3097
2588
587
2201
1914
1458
3760
2201
2242
3795
3027
2255
3385
213
2793
1459
2466
3027
653
2870
1739
3027
2316
2866
2201
1732
2640
1311
2656
1151
1092
3453
3025
3629
1782
1778
3195
3341
1459
3034
607
1458
131
3505
3514
3307
3905
3964
113
2317
607
2349
2343
2318
2447
2316
3970
2356
2307
113
190
3305
2311
2456
113
103
3779
2733
2438
2100
2438
3677
23
1351
897
653
2135
2724
2317
89
16
653
1473
2732
16
1510
1530
652
1441
3999
386
22
3999
3301
2552
3779
3779
3301
2552
1294
2552
815
1438
3689
2471
4075
3227
2492
3691
2495
3691
3691
1107
3691
3143
4071
3435
3874
3137
2285
3240
3533
1195
3590
3435
3455
2618
3604
1755
3622
3689
894
3137
3989
2391
3875
2390
3610
1037
988
1801
1796
4070
1796
3386
1796
1694
140
2301
1796
836
4046
1040
2123
875
817
2423
2352
3293
3764
3701
1040
108
3313
407
1019
3301
684
684
985
689
1017
2391
4046
540
3544
1808
527
420
199
1040
1974
1040
4046
1189
4046
2488
2527
1975
2374
3675
3841
2346
3093
917
3828
2391
922
3828
2843
3659
261
1384
3177
1146
46
922
1861
1297
3060
1749
1378
1083
922
3146
3336
3835
1400
3381
1411
1190
1585
2582
3725
2842
3838
1098
3727
1409
2585
2147
141
3828
922
3567
3487
3431
787
3779
3302
1411
52
425
787
2262
425
2288
2278
2020
2290
2842
3828
3271
1251
911
1199
3217
1112
2439
1091
787
2434
1904
3386
3427
1110
3905
3195
2345
2468
862
3256
389
811
808
1554
1026
3652
810
783
3916
3964
1069
2676
425
1449
2843
3427
3425
3729
3425
425
1911
62
3728
3155
3913
1484
62
3101
3728
3805
119
3805
1527
222
1039
1517
2224
2678
2388
2227
2221
3576
3576
2055
3915
3729
397
3791
714
707
3192
3579
2143
100
1596
2105
927
3014
2378
995
101
2528
100
985
2560
3905
2682
3577
487
3912
3192
2364
2961
3045
1524
1927
1545
1548
347
927
3736
3630
2070
925
2579
1834
3756
3192
3075
1931
2808
924
1845
2836
3655
2851
2364
211
2833
2833
2835
1930
874
1739
3516
710
3192
110
1737
3246
3315
885
950
3311
3812
1831
1838
3765
3589
3969
1931
3968
1745
3976
3627
797
1627
1626
3246
3773
346
3466
2371
203
476
2572
3969
3826
3516
3516
3733
113
3746
1802
307
142
2161
192
158
3253
2953
2242
3773
143
2582
144
1931
439
209
232
894
2377
2301
166
2498
105
420
2161
2953
368
1024
3256
440
102
936
2945
702
661
3519
1005
1997
1415
1426
893
2306
2147
4026
2304
3830
889
3275
893
3993
1254
1666
698
3793
2149
476
1430
920
3578
818
1431
3064
576
2863
3578
2860
2835
3521
3521
2028
2848
323
2557
2675
2856
2975
2371
2025
2971
2675
1087
1446
2975
1077
395
2974
1254
440
394
2776
394
2974
2675
3021
2973
2582
1254
1254
3442
1852
1852
433
433
2973
3608
2386
2930
2941
2486
1853
2964
2315
3508
2958
599
2239
2253
840
2675
2341
3812
2941
3005
744
2356
2376
153
2919
911
791
3819
3809
1630
3256
1876
1853
1925
1416
993
2133
624
2416
3819
993
2670
1001
2345
2343
153
2222
2336
2258
2469
2489
2488
547
3653
153
822
3812
2258
3176
1860
3133
3176
3329
3956
3906
2489
2479
3133
3384
492
3133
1456
531
970
2257
2434
1695
2850
2521
2463
3695
1289
1279
3641
3521
1908
1279
3375
2308
3629
4069
3878
3939
2577
3387
1497
1498
3623
3750
1320
1274
1302
639
2254
3436
1302
1408
1274
300
636
565
1673
306
1673
888
637
1419
1303
1418
1422
2355
2394
221
1303
3794
135
153
1673
2681
3695
1113
3660
3802
3207
1541
3166
3796
1677
3166
1454
1419
1525
1083
1290
3162
1290
4007
3852
3856
3890
724
3709
2845
1401
3717
3707
3613
3162
1842
408
687
981
1355
2222
1760
638
1767
1767
1767
980
2223
971
95
136
714
649
531
760
874
923
373
1680
760
2939
1951
760
372
3982
1379
760
3387
923
2312
3171
923
913
3745
2503
3351
1572
3873
3350
1905
1265
3171
138
3347
3873
2891
1251
105
386
1082
783
863
1572
3442
3371
3374
1554
2471
3873
385
134
3442
143
137
2545
1364
1365
2416
1364
184
2324
1573
2943
1573
1278
3758
860
1710
1801
1801
135
1001
3483
1447
686
776
3617
408
3105
686
3151
1262
3485
2761
1516
1364
3164
770
2783
370
849
1921
861
835
861
2706
2706
1809
2887
3383
373
359
3330
3388
3484
2670
1937
3176
2718
3134
3385
3383
478
2513
2515
183
183
3486
1471
3133
2523
2710
2501
3165
1470
3717
1926
170
1542
128
1926
1946
348
1926
3166
358
1470
318
184
786
703
2153
2431
911
2153
2153
2153
547
1542
3484
544
3441
3115
1471
1926
3523
3629
1912
306
2272
935
3814
1247
3495
2298
2275
911
307
309
3692
2278
3442
663
658
659
762
1440
309
3850
2515
662
2143
1713
2794
1713
2281
1713
3061
2180
1713
2513
2281
3504
3504
3504
4075
4075
413
3257
299
3734
1827
597
1348
3441
1101
1800
577
718
1533
1114
3741
1529
468
468
2824
3734
3736
3735
1672
1577
2673
412
2826
69
4035
908
1016
405
570
1296
727
3876
4049
671
3652
3801
62
3442
671
1652
1246
636
728
667
405
820
1513
151
2372
2357
60
69
1365
135
2147
158
4037
1365
1831
2582
3060
753
3981
1831
1799
1215
1831
666
1513
1534
1067
3489
2780
622
2753
1831
226
152
1898
3330
3095
1898
1387
3359
1893
1173
1181
1160
468
1898
2544
1513
1752
3380
2120
1161
1513
1338
150
2853
3463
2076
127
2618
2618
2088
328
285
468
2270
1898
1826
1736
2435
2433
1056
175
175
1058
2394
227
2397
2877
1068
2397
2677
3910
877
3892
1443
2052
2433
1055
3288
1800
766
3898
1388
766
260
45
458
1458
1912
1754
3853
1737
2531
1833
1918
4032
1054
1196
3281
1194
1033
3287
2128
2433
4048
3288
983
2650
3554
2136
1350
1348
1279
1359
457
448
3784
1203
458
469
1389
3286
1391
424
1309
1138
1282
3119
2136
2531
2641
2643
2952
1727
248
2129
3840
3646
2953
2786
2714
1795
3826
2714
2714
1798
1795
4077
1793
4088
4088
1444
305
775
318
775
277
651
605
17
3827
4076
3515
1928
2128
658
461
1838
263
3827
429
2639
3024
1362
1740
1928
1549
3826
3767
990
19
3884
1728
3515
1196
2137
1733
2137
2583
1813
388
706
2583
706
116
509
706
3436
706
3533
1329
2575
2838
2581
2229
3443
3209
990
2409
2409
103
1458
394
1641
3032
492
400
1660
990
3032
3208
1392
405
3220
3042
1492
4025
1236
1855
3365
1215
3364
3376
3974
3974
3956
3950
3864
3364
3956
3949
1492
1095
1271
1484
871
3403
1329
837
4027
817
1646
1610
1493
1411
3005
1329
1363
2747
3691
1363
2748
2200
1360
1282
1361
45
2701
1239
3442
3377
990
2741
2743
1277
445
1986
2545
1131
1151
1986
1066
1986
1276
1276
111
449
2945
2355
1986
3005
3447
2187
2382
2980
2344
141
4007
2053
3032
2416
2947
638
140
96
3400
450
1706
616
1720
448
54
111
622
3400
2621
3150
3393
3393
3653
3393
3393
2393
2377
1279
2048
3361
2377
3400
20
2170
3400
2057
140
2387
2731
2811
2551
796
2387
2385
111
2387
2620
3763
2633
796
2620
796
121
796
7
3009
0
710
97
111
3380
2139
1589
2551
1142
1612
1249
1123
1136
2551
1248
3819
2770
2551
1252
881
4091
1252
2825
1252
1252
1105
1197
1480
1498
2184
1511
1338
2825
1838
2825
3788
2825
1202
3786
2190
1202
3451
1441
1068
1548
3937
1121
1273
1439
1152
3578
369
3938
3425
3406
3432
3427
3380
794
3377
3419
3582
794
3946
3951
3187
3617
3947
3937
3955
346
794
3885
3239
3579
1190
3239
1628
1489
1548
1488
1237
3555
1673
1317
794
684
1922
2007
4091
663
2006
3320
472
470
506
696
35
192
3320
577
2614
701
35
2614
1636
663
2614
2029
3879
3320
3126
2614
2199
391
2893
1922
3286
3804
3205
3769
3188
2673
3320
3788
2892
3338
1863
888
2002
1704
395
2007
942
815
711
2004
3413
3391
3556
1988
1267
4091
2375
1957
2394
1889
1987
4091
2050
377
2581
3332
369
2559
2006
2623
622
3332
2834
3891
2050
1389
2918
2924
2924
3891
1987
3255
893
1995
3298
3381
2315
2050
2050
2399
218
3891
519
3891
2185
1327
432
1283
534
537
3766
2185
1742
3565
354
2392
3520
2185
2395
1871
2808
3552
3822
2778
3865
3822
3056
2413
2376
2488
2185
2052
494
2300
2397
94
3473
1795
1795
1840
3522
1840
347
346
3087
2717
3083
359
1360
691
1845
3475
3582
3526
1360
1374
2562
1149
344
689
265
220
768
3751
3475
766
1345
3094
1375
3105
544
966
501
1147
1906
3477
2113
3154
1919
3289
1147
3159
1819
1022
1909
1839
2131
501
2130
2317
3614
2594
3260
2755
3643
3540
1753
2755
3254
3163
501
2891
3010
3163
3155
3154
2546
1761
1753
1754
428
1319
246
392
751
3476
3540
1485
2718
3438
2351
3880
2338
1907
2799
2546
170
2796
2537
2523
501
17
1124
1786
2766
432
2871
1357
3041
1358
2546
2546
3169
1786
3178
131
2454
3225
1786
3926
3877
1787
3536
1140
1787
1435
1435
2928
3487
2339
2090
2712
951
2929
2103
1434
293
791
1434
3573
1127
1127
3273
2712
356
3573
1014
2929
3413
1127
764
1127
3526
1230
3432
92
3572
3228
288
966
2232
947
3420
3927
3988
3939
3175
3917
3534
947
3413
2290
2585
947
303
947
3329
2470
3299
2252
3980
1070
3295
114
1068
2233
1970
964
2470
191
1568
287
2470
1786
101
382
1115
1338
501
1339
2470
751
1321
414
114
407
1115
3745
1974
365
783
3468
1892
116
3165
3143
1978
937
2066
718
664
1115
721
1894
3151
500
1998
1115
3708
4065
3631
3587
3492
2560
3584
3968
1669
2409
1669
542
2409
500
675
1881
1933
3459
1669
1976
1683
2947
1669
1043
1042
40
1042
2516
1971
1042
2949
2978
458
3007
3007
3007
246
240
542
3715
3691
1531
2294
3780
3738
411
2083
2981
3009
2294
331
2295
2295
336
281
478
812
1512
2804
1849
1386
1081
1227
1166
2454
2807
3585
1379
2945
1769
1581
584
1982
2807
4014
1902
2804
1568
3587
3609
2726
2726
375
3610
629
2226
1981
772
1832
584
1912
3294
2158
1519
1832
3319
2158
3786
670
2064
2300
3319
3294
138
2288
345
1978
2156
1013
1008
1467
127
412
127
1950
3284
889
2666
377
3487
3482
3711
3304
377
519
4029
551
3990
61
376
207
1834
2473
2553
376
141
2515
142
1406
3540
1179
811
141
3440
151
141
3848
3190
4060
2828
61
1832
1954
2955
1955
819
1947
3136
558
400
1588
3806
3136
895
319
2916
895
2351
897
3847
932
2916
3847
517
2565
1876
561
2917
2917
2525
3511
2510
1528
2566
225
2539
1531
2556
2523
2347
1528
1345
1978
2450
2529
403
1772
3093
1231
3705
1049
1468
3871
3855
3704
2433
3229
1772
3870
2756
2091
3598
535
2451
3794
732
3253
3688
2785
3657
1307
3705
2483
978
658
1018
683
1733
2980
3510
2038
3092
2855
4028
2855
3506
2879
2322
3370
2855
2849
3269
679
1709
3170
2595
3409
2951
2978
2673
597
3935
1738
2021
844
2593
2673
2592
2592
617
4022
4016
1862
895
549
3038
2998
2305
3506
2958
4016
1862
4016
3862
2639
4079
813
2989
906
2989
2989
2989
114
2138
2127
181
1001
376
2479
1569
4079
4079
178
1000
172
161
1001
1001
2282
2866
3730
971
816
2889
838
2889
2890
377
4078
764
180
2444
1422
3509
3395
205
2864
3799
1071
853
2472
2889
872
1019
872
4031
3984
692
872
319
2547
3722
872
904
3211
3213
1812
4008
1812
470
985
3448
888
379
3356
3693
341
3230
1255
300
1810
840
1569
834
1255
491
1808
1071
2586
3448
3835
2310
2815
300
3851
3430
1894
3430
3430
3417
3430
2142
2323
15
2514
3448
2514
2322
2645
3448
1973
296
844
3548
579
1212
579
3522
579
3449
3574
579
3349
1164
272
1926
3832
1619
3190
2605
914
3437
914
3185
3439
3543
4065
517
3491
3238
2089
2089
1641
1270
914
1876
673
3884
1271
3886
3859
1162
2752
2804
3904
3861
3867
1974
517
2104
2205
2909
2693
1974
1579
1738
1588
3975
1313
1296
2102
2310
13
461
2530
3158
4041
4040
272
544
2667
710
2704
1312
1416
1111
1621
4038
1243
1497
1498
1296
2579
280
2705
342
1841
455
1634
313
4038
1615
2677
3550
1296
2719
1615
4065
3947
1615
2276
1615
3567
2152
2159
1655
1655
3493
257
3978
1539
875
1070
1603
257
3473
2513
2399
2585
2188
786
2428
2110
1972
1939
2118
1972
2110
4018
1939
532
1623
1534
2583
2687
1574
2333
1466
1425
2821
2581
3551
11
0
3174
12
2679
1619
3101
1255
444
2188
1252
1631
2098
1978
1444
2380
500
2381
601
498
1071
180
764
2276
2328
1125
1406
1406
2899
1407
3324
2381
1744
3749
1514
1690
3761
1094
1535
1163
1400
1442
3762
3326
3916
1744
3372
1265
3762
1076
1529
3760
1282
2821
3722
4054
4053
2173
249
2173
2173
2173
1445
2565
1866
1535
1628
1744
774
3738
1539
2821
1407
6
1019
3767
3827
2820
13
3112
661
2817
1804
7
1448
1983
2089
2598
1449
1261
1990
1972
2810
390
6
3566
3871
2727
4079
2741
1482
399
389
1095
277
2734
2729
1886
1710
1093
2016
1482
1093
3892
3793
1973
2708
4067
2689
2874
1903
2837
3064
1893
2859
2041
1804
1095
2565
1507
1966
2355
2353
1519
2210
3525
39
3404
1518
3094
3411
2083
3522
277
1550
2474
2737
1806
898
3139
3139
2349
898
2970
2337
2336
2455
3011
1739
381
381
1618
381
1547
3000
1737
381
1805
2728
399
3825
2488
2478
3105
2479
3643
1932
3477
2478
3628
2477
3256
3139
888
3005
3223
3139
3195
1004
889
1195
2873
1176
1222
1208
3416
1225
3496
878
4077
1597
1589
1586
88
4046
2588
3689
1585
852
1588
878
1585
853
4042
3001
2235
3519
3759
3516
2220
1697
1675
2970
112
3080
2798
1815
2400
3517
1445
1388
3353
702
2086
1256
834
1410
1814
1
978
3759
618
3759
452
2401
159
2761
4081
3519
2762
2754
2811
2405
156
4014
3648
1415
2481
2287
1412
2094
2945
2681
2724
2834
2405
1154
1410
3252
3252
3649
24
3957
732
3602
706
3252
1598
1129
2089
2791
3957
4072
735
1924
2759
3997
1170
3609
1923
2863
2583
3634
3059
3957
191
2071
497
391
481
3696
1401
3957
2865
3165
1600
3649
3901
3898
3252
962
2790
3053
3795
3799
3618
3169
2865
2847
3804
3803
962
3662
962
4088
3791
1397
1227
996
1174
555
962
2452
1605
3269
3114
1524
1524
3381
2452
2291
2865
3015
1092
3053
2307
2841
3684
920
969
2292
2379
2292
1248
357
2174
768
2865
10
3706
3228
3706
484
2524
1023
1018
1524
2443
1080
2505
1130
3706
1240
2615
2416
2188
2449
2058
3916
1670
3739
3080
2067
2686
2636
3706
1524
855
3837
3727
2399
1438
961
1253
3725
912
1253
2398
539
843
1253
3714
3837
1145
529
2236
1671
668
2236
1671
2398
896
3098
3700
1339
3686
1648
3671
1646
1253
125
228
3863
1019
1670
1630
536
442
2558
2895
733
2987
2883
1826
1827
1573
533
1826
3853
1201
354
3402
3302
460
3396
3143
379
1532
766
3148
377
1540
460
722
3110
378
442
3774
3407
460
659
10
442
460
3191
1135
2398
3530
2405
442
591
3468
2177
2666
1886
498
56
2235
151
2232
138
499
603
2697
532
3479
591
2431
586
1617
3469
2206
532
622
642
593
925
2238
2780
2199
2015
3099
2957
2967
2781
2967
2957
2781
1169
832
418
2446
375
2149
287
2194
880
3631
3631
146
593
2780
1616
375
1617
2487
528
531
1725
3926
1893
1927
2019
1346
1617
3801
3838
3248
3612
537
4015
1725
2041
2141
117
1102
1455
1447
2386
2321
2369
1361
1430
59
474
1380
276
2697
1103
174
418
1246
412
483
2857
1694
1565
1542
1519
2176
2847
1223
3660
2840
1605
1380
95
1361
3051
3643
2147
936
2141
1346
151
969
1556
2445
1556
3431
1695
3532
3593
3482
3661
2722
206
4059
3699
186
489
3510
3058
406
3510
1507
2243
2474
3510
2457
2874
2872
2089
2435
2857
1436
3642
2863
1952
511
2857
677
556
2862
3252
3426
3122
1436
4015
1202
2474
98
2966
3577
3252
2946
406
4047
206
4084
1694
3237
2106
2209
1676
2952
2351
405
2075
402
192
396
1672
2072
3565
1674
1675
1774
2072
2474
3571
3896
237
1793
887
491
313
2095
266
1793
481
2262
414
165
2337
1055
26
2344
3090
920
445
1214
310
1793
1793
1138
1962
3426
1052
3391
3056
1006
708
694
4023
1243
278
2674
1079
4012
1063
3384
3355
3355
3151
4027
2804
309
1051
2260
1050
1460
1425
1475
1534
1693
402
1968
428
3067
1470
3623
3625
3625
903
4021
1649
469
1653
3621
3621
3621
3625
3627
1131
428
1338
1131
1149
2186
1640
3209
641
3129
1329
1138
1330
2144
841
1741
598
3557
2623
584
579
3050
3023
2609
586
1633
3493
1561
126
596
2088
2052
699
2694
462
2118
2393
1218
2354
2608
433
923
2231
1955
2239
2887
375
1899
1962
432
1719
2021
1546
126
1587
94
1252
2844
1776
2144
2886
2909
452
452
1353
2272
3021
1352
172
454
2297
126
1722
462
455
1353
3570
126
1664
1689
454
1670
3887
469
1673
2606
1671
2693
3070
2762
305
3440
3454
1689
2788
2001
2025
1019
4024
2603
3527
2603
2015
3443
1726
2791
1693
776
4006
4093
4007
3111
2765
3916
215
3282
3796
3202
4023
3333
779
3523
3372
3333
317
3333
2766
909
316
1779
1929
316
316
1704
316
617
772
1708
2338
545
3333
2355
2352
514
314
1725
639
2116
3859
1483
1117
1389
1502
1115
1502
139
2612
1483
2146
1091
1466
1266
1113
2346
2417
2337
2538
2344
4092
2338
2337
1487
1485
208
1488
2364
1863
2762
3801
4005
3829
2764
3884
3669
2133
2128
1495
3475
750
661
3903
1824
567
1687
1622
3013
978
1152
310
1225
1496
2539
1125
1105
541
1906
1635
2228
959
682
971
2528
1670
1910
566
875
1719
2228
4005
3817
2107
996
2227
2611
2723
3410
2148
2107
2328
2903
3028
1102
1488
1863
3680
2210
3649
3293
3317
3219
1491
1860
2087
2349
3362
2221
1865
3444
477
1905
2589
2589
8
2936
2482
1315
2418
993
2544
992
715
1017
2277
979
2322
2948
2588
1315
979
2277
2642
215
2588
1490
3129
864
2204
979
3638
979
864
3786
3737
882
1315
2218
887
2275
1441
2642
2151
3220
3902
3267
2149
3243
3650
3681
3321
509
4017
3322
871
2150
3701
3224
727
864
1844
3831
476
3247
542
995
2819
1387
3747
864
3888
2508
3995
2505
3301
3888
3303
1049
1278
717
758
1181
759
3902
3794
3700
4002
2502
2898
533
665
534
3513
956
884
2093
835
2479
3435
533
3452
413
1029
385
834
3670
1772
3837
2397
1330
1613
2778
3435
115
3887
4065
832
2752
1612
2927
2833
2816
604
1235
1230
3513
1248
1190
599
2833
2761
1717
3991
3751
2483
450
3082
526
3081
1717
116
1635
1613
3513
358
353
3513
2998
409
16
1159
4065
2110
1826
4033
1149
1149
1147
1942
1025
1149
1516
1053
2412
1615
3677
1606
1938
1630
1068
3677
1938
691
2158
1591
3489
227
1102
1396
4049
3676
3676
3998
637
3489
2093
1336
637
626
4037
1422
1017
1396
622
679
546
626
627
1159
2423
1376
4049
3132
1325
1325
2991
2567
2991
3004
3132
3132
2363
4046
4084
3004
1774
2621
3081
3133
637
1975
3113
1157
637
2532
3489
1264
1104
1265
2532
1272
2157
2981
3644
3644
3758
1056
2986
3644
2535
2024
3242
2272
2535
3244
3247
2917
1356
3242
3246
1064
3244
2481
2421
1057
1444
1443
2082
2201
1071
1155
1729
3570
2203
1578
3570
1618
1025
2841
3855
1721
2426
2415
1564
2421
84
3554
1680
1092
1554
2197
1997
4087
2717
2300
2179
2628
1280
3489
60
1972
323
294
3570
937
2198
3532
949
1406
2176
2175
2035
3465
566
1463
1718
1876
3570
1459
1903
3593
1831
3632
4029
2174
2162
2500
3591
2429
2335
1831
4016
348
374
1045
2162
1828
870
858
859
573
573
1828
3593
2069
3700
3816
2323
4012
573
763
670
3417
32
719
981
2460
843
2948
34
1464
807
573
851
2976
575
783
333
3868
60
2615
2775
3842
4014
2976
2830
60
3418
3856
565
565
2642
3745
859
3418
3106
361
3751
2976
839
3745
60
213
200
3417
198
1766
1632
2976
3665
3581
3440
3440
3390
628
3581
3528
887
2110
629
1796
1621
1971
1971
885
2731
1431
1939
1946
2732
1938
1971
212
1971
1538
1538
198
3851
3065
1238
3065
2429
2011
3990
1142
2429
2429
2956
2956
1978
2429
2956
3624
3292
4059
3990
3849
2011
2011
638
2932
568
3196
2011
3148
1594
3149
2011
110
3198
67
2644
3743
3826
1776
3420
1111
3434
1937
2537
3045
2097
3292
2562
2356
2357
185
2357
3293
3626
1186
261
4062
1805
1677
391
3252
1990
4062
697
1345
1640
697
261
2836
1541
1909
588
2737
2865
94
1916
189
133
4056
165
2312
1300
2861
1784
2350
66
2644
3036
171
3295
1300
293
2381
266
3341
266
1186
356
2838
2771
2783
3817
1746
3637
2543
2763
1466
1523
2763
1946
1946
2149
1947
125
1400
1947
563
1580
3709
1746
1181
2540
564
2559
564
3637
2125
2542
3507
3539
3636
563
1
3573
2542
3636
3948
3951
2862
3951
3946
194
3946
1
3787
2763
1656
1553
40
1302
40
3627
4041
909
1504
2094
1301
1319
1301
3786
2428
209
2763
1495
762
229
3787
3787
3674
2196
682
2169
654
2324
2233
3827
284
2022
2268
2248
2233
3095
1856
3297
2233
1036
746
1870
683
2233
2327
977
608
2540
314
2540
2482
1125
2348
1036
2210
3705
2622
3825
2310
2082
1623
2059
1889
2559
413
2526
608
2333
2108
1300
608
2549
2049
608
1186
2497
2943
2553
2923
3749
526
562
3207
3142
3693
1482
562
1299
562
1347
1462
1402
3757
3204
3207
3084
1067
3207
562
1165
3212
3213
1455
521
3888
2320
2211
3599
1889
1728
2259
1743
1103
1306
1453
1306
88
3162
1177
2345
2992
2994
2994
1453
438
3156
2130
1097
382
3928
383
368
3086
369
3088
444
1840
3839
3822
1306
1956
2602
1834
3976
2186
3539
2539
497
2189
2088
2225
497
2827
1306
2347
395
2544
289
2061
3040
285
395
395
3193
3662
1987
3198
395
23
3622
1157
2452
2562
2360
2465
497
797
1860
1876
3788
2095
3620
1688
4033
3620
3669
1433
1432
2345
3951
196
196
1432
2699
3892
427
1956
426
2398
427
1096
1823
1213
3057
613
80
2254
613
3622
783
1547
793
2099
793
1196
2577
2602
783
142
2570
613
1028
2310
2311
1031
1031
1028
1067
23
3652
2943
2931
2229
2905
3030
2037
2067
2465
1878
3156
2445
1969
613
1603
49
256
3131
523
1658
3130
660
1969
2602
1048
1032
345
3798
3035
1072
3419
1251
3949
3373
4042
3025
3524
3525
3414
3956
3130
3923
3871
3921
4087
0
2602
262
0
576
1228
2882
2094
2334
2654
1224
1667
2978
1915
3796
4052
347
3776
797
2263
339
2631
294
3130
270
2997
2963
821
909
1525
1193
444
2963
3146
723
606
682
696
660
2644
1512
3564
1534
1188
1320
1044
1171
1320
2211
1846
822
1846
3142
1007
1011
792
1316
1686
1197
1777
2705
1940
2033
219
3454
1170
3450
1197
3159
261
3938
3928
1197
1188
316
1188
2963
2644
3104
2948
2963
2995
2995
2515
2499
254
2995
2983
2655
147
2982
1099
2995
3586
2630
261
2670
83
2947
3586
3230
1299
3585
1314
262
1347
3701
1347
3695
567
1346
533
335
1759
533
1346
351
350
436
780
878
826
890
809
818
1718
1872
436
1881
1130
1134
3707
2705
1585
1579
1768
3012
2139
2975
533
436
3696
1444
436
2077
2071
3567
2621
1494
2623
603
1704
2719
2751
3819
2705
3560
1494
2100
1220
3933
533
1221
3460
3668
1221
1172
1183
1183
158
1064
2071
2071
153
318
155
2019
1173
1494
603
1494
3277
2068
2292
3816
2516
158
3459
1113
3815
3815
3816
1668
2651
2575
2822
2650
3931
1760
1303
3901
1664
2554
3129
2652
3277
69
3277
2551
3461
3277
16
3478
3884
3315
1915
307
3660
3968
81
2557
2554
3985
2549
1705
1684
290
1985
3439
2349
2344
3598
3663
3660
2126
2318
3439
2199
1651
2165
603
1663
1406
1048
3438
1440
3719
3985
1915
1459
2215
2155
3438
3984
1089
3984
2167
3925
603
1365
3519
2167
4029
1063
3509
3239
1883
1793
1089
1089
3248
3249
1046
3656
2930
1089
3189
2460
3233
3968
2650
2611
3123
1386
2608
2592
2592
3123
1945
1701
3656
2614
3969
3887
3656
1832
2365
243
2282
3059
3016
1850
163
1855
1836
3194
400
190
154
3678
350
274
1887
241
3676
241
3120
1176
161
3676
507
1146
205
848
546
384
1176
1193
384
1004
1033
633
3970
2444
2980
2961
1912
2875
384
1917
341
2063
1888
2120
816
1176
3100
2258
3678
2269
723
861
384
3789
3787
3781
3788
1565
496
3600
1358
723
1562
537
619
972
367
889
888
1665
1613
1562
1837
1564
2832
2832
1176
2832
3773
3772
2832
3772
3659
327
3692
1289
3692
1995
1584
3744
3744
1289
83
839
2854
1818
1289
2854
919
1995
1995
437
1360
356
879
3623
1374
301
3723
3332
161
161
143
301
2868
3044
360
1369
2467
297
2650
2854
3037
919
2124
2196
3044
2493
2656
2475
296
2424
1994
957
956
956
3006
296
955
955
2854
1072
242
3726
3006
2598
1589
3285
3330
2604
3519
315
1799
737
242
2606
2622
2623
2596
3374
1280
3919
236
241
2775
1378
647
466
2840
2282
647
3683
1306
3683
3774
3683
465
937
466
2577
647
464
970
825
415
2563
2577
2878
1557
301
1548
2868
417
417
417
1117
647
1182
2651
1609
157
808
157
1815
1354
2467
2652
2422
1292
933
1166
453
3745
70
3705
4090
2134
3377
1194
2467
1190
3428
1527
1190
3285
572
1463
1395
1030
2844
683
3456
766
787
3048
159
3285
788
1102
785
3048
2302
2653
2705
1944
2134
2785
2728
2090
82
2754
2712
200
1843
83
388
1453
2300
4050
1423
2665
2803
2794
2696
1461
3525
13
3903
1385
3096
2988
3177
3124
1386
4050
1403
1387
368
1387
1399
1397
1816
1979
1682
605
3992
1811
1817
1351
1146
3371
1093
1237
3415
3125
2053
2861
3791
2665
2124
1810
2107
2126
1811
3125
1738
1461
3998
765
1791
3746
2
1126
1097
270
456
1652
1092
3546
1873
2135
2367
667
2634
2658
792
2519
3558
1122
246
1461
3513
3141
1874
1088
2135
437
2421
1645
1059
1636
387
1556
655
437
62
62
1747
437
2635
1815
1089
3061
2683
431
655
335
1549
1843
335
19
1549
476
465
1541
1541
335
452
335
2671
2842
2601
2868
2872
3488
3194
3072
560
3247
739
3488
54
2549
746
944
760
2670
17
2361
379
938
525
3153
2315
525
1526
2858
649
2313
3863
3214
1526
1523
1523
2712
2312
2664
2554
748
2787
346
4055
3158
745
3936
509
344
736
3509
3488
344
3164
363
303
3507
2095
2475
3294
2091
320
2996
2086
3975
561
3552
2878
2723
363
321
446
2019
443
321
3016
2521
366
443
2791
1933
2432
2437
3488
3016
2527
1748
3403
3405
1677
3544
443
647
3548
1636
1632
2527
720
1797
621
4042
4032
2878
1030
2605
4092
1517
3852
1765
3552
1826
1626
3833
3833
3856
2699
2807
3833
3870
663
369
3843
1262
646
866
661
663
500
501
36
574
1624
2605
500
2388
1430
4062
4056
2348
87
1675
720
2389
648
1021
977
707
659
1155
1778
1827
1780
961
659
1193
3322
1631
38
1010
91
82
1928
1631
1135
1134
1203
3318
1934
3159
3897
3386
440
3802
3802
2187
2550
2879
1631
3322
3898
252
446
2169
142
1267
3802
3802
2024
2359
1986
133
1631
1878
1726
769
3322
1842
3732
1136
1064
89
935
3767
1032
3767
3763
2542
130
67
1033
1628
81
1559
2774
2666
2666
2773
2752
2673
1636
2674
1537
1541
1032
2291
1155
2204
2536
1963
1976
1924
1961
932
3141
3144
1555
1030
1560
1422
2536
829
1566
819
829
2785
979
2748
2316
1155
2177
2306
829
2175
2537
2275
1709
1446
2895
829
2564
818
469
2177
1089
3911
132
3790
3915
3912
1883
1435
3912
3908
2176
1883
2098
2177
2931
1053
3930
3546
1883
3500
3823
3499
3820
912
3189
1017
2177
3421
307
1250
1657
3116
1882
3284
3987
2231
2067
2562
2006
3284
2040
38
2013
2012
1557
1602
2239
314
3097
2043
2239
1828
903
3085
899
3810
370
2572
406
899
3708
494
3085
1153
335
2507
173
3682
2006
2992
2764
2006
2833
2006
2899
1835
735
734
224
3295
3740
1018
734
734
669
717
1156
2142
928
2442
958
2887
607
857
907
1768
2334
986
364
2324
2369
1595
2142
2257
580
2426
1005
1332
2414
197
1592
1023
366
186
1332
366
204
1163
377
1558
354
266
85
260
257
303
70
87
22
2476
3693
3113
1332
2019
2019
108
3241
979
1844
361
369
2316
3242
111
352
1296
891
518
1005
1183
1332
1178
1163
3111
3504
363
490
3511
891
1249
1077
3511
877
2901
2884
2919
3034
490
1005
3446
874
3447
1170
2159
2085
3594
2840
488
3504
708
2301
721
1884
14
721
3913
3908
731
3908
1989
3517
934
928
1989
1996
2629
216
3097
3113
2014
1991
1796
216
1464
610
1468
1989
3446
2647
1454
2631
1989
2835
2926
2587
2053
2925
2362
958
3333
2306
3361
3101
2647
2754
3341
3398
216
14
2779
2778
2647
1011
3319
1017
3665
600
14
1017
3161
3279
3280
245
2593
600
2647
1011
421
1887
1874
14
600
3517
226
227
3776
3629
1482
1532
3462
3539
2863
2920
3065
2921
3065
930
2966
2563
2827
1637
3298
369
1637
2920
419
678
600
376
1594
2920
1580
1428
3603
3602
1591
3858
2346
2348
2483
1591
2338
3602
2337
2400
2342
520
4092
363
3902
824
3858
4044
1045
1394
1067
1106
1454
4044
1428
1429
4088
1637
3367
4043
3024
3588
3415
2451
1637
3603
1595
1015
3900
3416
2681
3900
1815
2806
3603
2918
3556
3583
1593
3557
1477
1146
3267
2806
3229
3527
3526
1474
1506
3677
3229
3900
3226
2681
3025
2439
3226
4046
2358
2828
2438
2438
4073
2415
2411
2063
3825
2229
3979
3760
3669
3968
3686
2438
3702
3999
2439
1337
3750
3750
281
486
1332
2438
3761
460
1056
1908
298
52
100
833
952
1167
2875
1818
441
1041
2411
2039
3603
309
765
2252
1521
1438
1495
1058
2091
1167
2207
3080
1123
643
650
2203
2202
2202
1369
2081
2081
1167
3423
1167
373
1670
1718
2627
372
1716
1692
372
2721
373
1753
2084
3434
3438
526
3308
2744
1470
3988
1494
1494
2646
2785
3272
3301
2190
514
3349
751
751
1241
3349
3276
1777
3927
620
108
3752
1790
513
3832
2574
564
521
2411
2276
1785
604
4003
611
569
703
582
565
618
2411
1785
3475
1779
2069
2024
795
360
1504
2021
733
1505
1668
1472
1505
2029
1581
4078
1418
1278
1290
4073
2345
3493
2597
2028
2057
3493
2481
3475
4078
2261
2184
2337
1716
2906
1701
1701
2627
1701
1700
2875
2261
1153
4003
644
2762
2839
2851
3349
1224
1590
915
2874
2918
2193
644
2146
1894
2923
1784
2132
1283
2261
1283
1283
1283
3428
3120
3346
3594
2979
1266
3214
2979
2812
1266
3444
1264
3085
2944
3129
3149
3329
1264
293
293
2104
2261
2084
281
315
2080
2894
2605
2958
588
589
1914
460
3635
2155
2056
2546
2166
3706
2189
2191
2403
3635
1960
3635
668
3008
3915
2959
663
2974
646
1961
265
2423
447
2284
1244
1132
1592
3302
3696
3547
1268
1961
694
3309
3321
3321
2737
714
2565
3696
1000
1005
804
3052
3052
2346
3342
972
2568
889
3387
807
804
713
973
3635
694
695
973
2530
1821
1740
1730
3553
1084
3553
1924
3871
1981
2874
1979
3694
3768
1973
2566
1982
2620
2282
2545
921
749
4068
4068
4068
711
1014
2962
2991
1094
750
4068
619
1015
4008
694
2283
2051
804
609
365
3236
3652
807
3236
983
2861
660
1707
729
2150
2838
2715
2319
2318
2715
2681
2128
2080
3076
3401
1093
2707
3075
2318
3749
3829
2319
3075
1580
3752
2165
104
109
1593
230
1323
88
1323
3847
4042
3727
4077
2715
3614
3754
4035
2715
230
1272
1276
230
2701
847
3855
72
3854
3323
1011
2101
2303
2554
878
2703
2919
2689
2969
2347
1084
2969
2689
265
3434
279
2969
103
2912
1871
3589
3356
857
3782
1627
3792
3594
1071
1442
3558
3323
3558
3611
484
2185
674
2702
1807
2190
679
1187
2178
490
3323
137
2793
493
95
493
2254
131
2251
1122
2701
1339
1287
3467
3838
1369
3838
1136
380
864
3323
1022
72
1007
54
642
2331
723
2331
865
647
874
3465
708
1370
3464
1025
2278
1705
3467
2281
2005
657
1504
2286
1659
1501
1367
1557
2007
669
855
1369
121
121
907
324
290
121
851
121
1023
4015
993
153
993
984
3383
152
179
562
1526
179
342
779
3010
2427
971
2375
773
2428
970
2171
976
773
159
2506
987
2506
2506
2676
3609
3609
3609
3601
295
322
3609
1448
2275
75
2275
3158
1859
1433
1830
3862
3761
3758
3840
3761
3326
3761
3113
3113
314
3760
3765
259
1830
964
1526
345
524
2506
520
594
1200
574
1481
2747
1272
2720
1268
2175
1200
2121
1830
2329
2363
1889
1889
988
1629
1461
1511
1399
988
2837
1814
1156
2740
3466
2683
3876
2726
3466
2367
2844
3219
1156
1326
948
1219
72
3231
1359
3001
1326
2247
1357
2957
1305
948
2591
633
1848
1820
1678
1678
741
1893
635
1836
2244
2628
1865
3520
1678
2251
638
1899
624
2251
461
2425
1322
475
2411
2411
3341
1678
50
1764
1448
2285
3790
3658
1481
2287
3784
3237
3606
2131
2287
2410
2591
767
3585
110
179
2408
110
4004
2666
893
2296
366
885
312
3189
2763
892
893
394
1756
1863
1783
1481
1862
893
3947
427
1892
2915
2390
882
2284
1143
613
2390
2663
3937
3875
1678
1043
1602
1761
1111
42
1608
1035
1754
3444
3286
3444
3286
3286
3286
2265
3157
3229
1559
1525
1608
1522
1475
3874
3959
2663
1106
2131
2663
2116
1196
2663
1811
2853
2839
2725
1741
1739
1201
1738
1860
3157
3069
3875
1202
2694
3449
3450
3431
1481
3601
2412
1395
191
3425
3875
2684
3106
3942
3958
2684
3958
3621
2976
1327
2560
1322
1326
3524
1321
640
2684
1789
2684
2977
381
1054
1050
2408
2004
2095
85
170
2410
131
1344
131
1344
2152
858
3001
3036
2210
3043
3001
2126
184
2533
1395
2199
2280
2398
2142
838
4089
2527
1702
2521
2324
4092
523
2524
1060
2527
2505
1156
1132
1081
3725
4055
2881
1359
4089
1359
3941
3947
567
84
3521
93
80
1552
87
3360
2905
3363
2602
3233
3221
3243
2367
2622
1327
2643
2412
2603
3071
1396
3188
1396
602
3218
2374
1920
1998
1393
2011
667
1998
1437
1998
1035
1730
2915
3530
3524
1998
2757
3267
3363
1730
2787
3041
2862
2757
2757
3922
1875
1781
3795
3739
3238
3922
2757
2123
2204
3042
2133
2219
3013
3042
3491
3472
726
3923
3047
3061
3498
3139
3320
3161
3420
3042
3211
2876
2884
3319
2877
2877
1843
2570
3070
1870
2876
1558
1539
966
3221
1710
2500
3915
2227
704
705
705
704
476
720
726
726
3934
3934
3934
650
650
2280
2236
2265
3013
1866
2921
2635
2848
1373
2638
1373
3596
3136
3216
3796
3128
1173
2638
2015
1173
2501
1034
3231
726
866
311
3225
2241
1034
3225
1028
3350
2266
2254
1195
1228
1214
2242
326
1195
1215
1699
1196
3309
2645
1748
2242
1090
2502
789
720
1291
2784
1355
789
1527
1666
89
2129
1676
1527
1412
3582
1334
1797
2451
2501
2107
2217
3174
3135
2913
3178
2923
3110
1164
1164
3768
1206
1797
1090
260
3716
303
1206
278
1078
1515
1087
1206
1090
2936
2466
1043
163
3175
1090
2469
3203
2471
2942
1303
3063
2805
3167
956
127
3203
237
3535
3475
1342
1337
3485
3212
954
3144
3273
366
347
3413
3174
1266
2018
1823
1121
2030
236
2500
1905
1822
1384
1674
220
220
3645
3816
1867
1867
1867
3275
1367
2454
2164
1970
941
2164
869
2008
1990
2164
4076
3391
3878
2983
3018
1927
3018
2484
892
2004
3696
97
210
3960
3916
210
220
1150
3917
2442
3678
3673
367
1151
2327
3967
905
944
346
788
2092
2230
1148
2060
2362
2244
2248
1226
252
210
3967
3069
2559
462
2486
2435
1125
1076
2164
143
1969
3275
1065
1645
1292
1126
3661
453
3802
470
1579
455
3096
2617
2619
2617
3275
230
2451
2468
2621
3933
2468
231
1992
3920
2616
1986
1985
2171
3274
139
3274
2621
2617
2372
1557
3138
1373
3318
2538
3372
1248
1097
2332
143
1662
3018
3555
3554
3522
3530
3138
3431
3448
3490
3623
3844
4061
4076
3205
3042
2298
239
1663
1906
3459
1663
3138
1663
2825
3138
3210
2824
389
2824
402
681
2997
33
3456
230
2599
3518
3463
195
437
199
989
667
199
199
1522
1422
1415
681
1957
1899
596
1211
596
1305
681
3832
2079
207
3299
1893
828
1830
3306
999
2079
2680
2713
1726
1243
681
2708
1393
2573
3021
3038
1305
1663
3306
1305
1351
1368
1662
3563
1194
1215
4027
1662
4027
4077
2802
3506
3896
3506
4077
3509
3329
1305
3896
2688
1900
2361
2923
3509
1160
4071
2596
1903
2914
2047
1111
1179
2512
2523
2908
2516
2047
3273
635
3272
4024
2502
2030
2342
2419
4024
949
1935
437
3279
2788
3719
3306
3714
437
3837
1723
2041
2010
2249
2042
2246
649
2333
1393
2284
2025
3238
3279
3428
3021
2788
1843
3429
2319
2788
2788
3599
3238
2241
3899
3896
1693
2012
3263
3897
3263
3263
3263
3899
4023
3890
3055
2002
1785
2544
2321
915
313
915
1835
3054
2320
2241
596
4086
3970
385
4086
400
2125
3972
2108
3241
272
509
285
1837
3387
3368
278
2047
384
179
4013
4080
177
4027
4001
179
3245
155
2997
3616
3259
3641
159
3658
3218
3199
3803
3699
370
392
328
12
333
509
648
2595
326
339
350
3804
2458
2949
2339
2002
2482
2445
3651
2461
3701
2434
2850
2949
400
2047
876
3958
942
245
3222
2949
1230
2002
2705
3300
3854
3318
3303
4074
3298
1294
711
2002
2648
3279
3648
834
2949
984
795
471
40
2496
2515
2517
942
2535
920
3997
2200
1971
2895
1971
2206
767
747
1922
2592
852
1977
1295
3587
3507
3504
2326
2178
7
3014
31
3026
2310
2085
3029
1765
3082
3094
2081
2603
3337
2178
857
3337
3632
857
1278
2085
1561
762
2134
3633
154
155
2284
2205
1289
608
1759
693
609
1817
1814
1758
1873
1890
1765
1761
3611
3004
2962
1890
3097
2276
1730
1765
3197
1787
2188
2931
283
167
3197
3392
2249
2129
2933
3197
3611
89
283
2850
871
2108
2710
2966
3931
3197
2714
1474
1421
1234
3865
3625
3909
3619
3863
2724
1232
283
3084
286
2205
2204
3085
3748
2766
118
267
737
118
3897
1192
1792
3385
2959
3135
3664
1286
3146
2756
3385
2584
3385
2569
2569
1792
2807
3910
3893
507
511
857
3664
1134
1114
3664
3664
4026
2591
505
428
428
2170
2611
151
3567
1124
902
1053
1448
2964
857
1448
896
2477
2665
3263
3738
1465
1849
3829
3087
792
3557
796
1240
2967
2033
3440
3453
747
1765
2234
2235
677
3966
3922
283
1192
3954
1944
1188
1779
3864
886
1039
1096
3866
886
104
886
886
2665
1038
124
2748
3
1412
1399
30
1340
2231
1905
3019
293
2665
3023
359
356
3022
1594
1594
2665
971
379
1908
664
2635
378
1398
1905
1397
1437
1908
1961
1538
1602
2638
1324
2415
2426
3939
42
2733
3152
1896
285
2425
259
3754
2426
1326
2400
1326
1324
1895
434
439
438
1394
1350
439
1895
2025
2624
1919
2025
2197
2197
2197
2407
2197
1897
3017
1897
1909
1897
1908
422
423
2374
4034
2029
423
1877
2374
3958
3385
3144
1452
422
1462
1442
470
2374
3017
2797
2792
3603
569
3203
1969
2683
1247
1496
2683
1781
3202
2141
2790
3051
415
1592
3464
2683
2637
1586
2635
2374
1409
1539
3533
3533
2668
1060
2788
1027
2638
2637
2872
2875
2730
699
1140
1031
696
362
1146
1066
3464
1229
1092
1851
1821
697
1825
819
3450
1872
2837
3738
2894
924
2359
741
3180
697
2333
3738
3940
3940
3940
3940
195
2661
851
1770
2079
2668
1531
1463
2743
2668
2708
1918
3255
3739
3804
3248
577
3208
160
1021
3394
3193
2741
528
729
1155
408
160
166
247
1819
165
2812
2448
302
2646
3568
2774
2778
3572
302
2694
4076
2758
2797
4092
4076
1262
2695
488
4008
484
275
401
341
2797
1262
3995
1688
285
3071
3053
282
287
3049
285
286
262
471
2080
2140
312
471
631
508
1669
2035
2034
1469
836
1923
1600
1469
1457
3812
1770
3408
360
2692
3357
1487
3423
3459
1487
1487
2797
891
2596
297
2596
1531
846
891
1461
525
526
1956
700
1749
1487
2797
2221
195
2783
1927
2143
368
2222
1977
195
1337
1145
1227
2209
105
3840
1957
3620
1953
3282
2845
3153
2839
1337
2845
2822
2861
4070
1847
3765
1463
3768
4070
1653
129
2745
82
998
998
2209
1649
3389
1245
799
795
1244
3554
1639
1095
2998
2744
2138
2161
2131
2965
137
2739
205
193
388
1774
1699
1838
2977
1767
2977
1090
1276
2983
2163
3451
1094
1765
2136
818
824
3343
4003
3343
115
2451
4009
2462
827
2701
3864
2805
2181
2353
2611
1295
2241
2934
3303
2720
2721
206
1948
1928
1337
3917
3351
2143
1101
2021
1867
3351
1594
2181
1204
2749
2181
3820
2748
2181
3820
831
2238
2061
2254
2237
2239
831
3800
3805
1103
3826
2142
3813
3605
3281
3215
1039
879
2142
2687
3348
3348
2332
1098
2277
3249
2216
3505
986
986
1010
3109
3501
3457
3436
3419
3455
3571
1906
1337
2841
2577
729
729
2659
728
4002
3287
4018
4004
4001
2336
1424
1427
1426
1426
655
1433
939
902
2809
649
438
53
1426
815
2809
473
474
1432
501
2397
505
3146
2323
648
3329
2451
3335
4052
655
2402
2352
914
1982
1343
4053
2699
263
2402
1976
3222
728
1343
545
120
1343
941
363
1483
752
1292
1313
3533
1120
1070
1666
2999
3003
604
1343
1279
1081
3003
1338
206
3056
1603
2482
593
2420
415
3115
2970
3115
146
1255
1720
1431
1464
1836
147
147
3056
3056
4054
4045
4047
554
4043
2926
2516
1810
3485
2551
2484
2555
1918
2553
3929
3485
1521
1520
1228
2653
1257
1523
1523
3712
2009
3129
554
3713
3108
2021
2335
2654
2654
2653
2936
413
1489
2936
2335
516
264
502
1459
3056
946
2348
1755
136
1911
851
107
85
2653
413
1289
3531
2834
3106
502
554
2307
502
2001
554
2587
1890
1911
2384
552
1911
1911
2395
1119
1235
964
251
964
2306
559
2054
2935
404
2587
74
3109
231
1118
2096
228
1118
3465
2999
1963
1953
3119
3541
1533
902
1119
1525
1862
2589
1379
2876
605
1151
2872
1150
1146
548
235
1229
2965
3115
2686
3059
3013
1144
2046
431
189
435
600
2056
1512
1576
3115
1878
1586
456
1414
2413
3115
1414
2888
677
2637
2063
3164
1414
2553
1414
3114
2549
2229
2800
827
3152
3764
3748
3309
937
2046
3764
3092
3749
3726
3715
3764
1239
2473
2418
2344
3255
328
1013
2375
845
802
784
2344
2407
1706
3764
1733
2407
1771
3254
1811
1166
3253
4092
1771
3253
1061
1655
3790
3525
1620
3367
3579
1229
3424
1620
1543
3387
3874
1472
944
134
2902
1229
2311
1543
2353
2355
2355
1642
2082
3967
134
134
55
1229
3967
277
463
2840
89
486
1154
3715
60
414
499
49
115
1970
770
2846
1923
2693
456
795
2843
441
441
3091
726
1818
2843
644
641
1820
3715
523
947
1842
1654
3311
3091
1871
3808
3310
139
3740
3284
3609
850
1632
1052
834
1798
856
619
2182
977
510
523
823
1336
1331
682
1925
3310
3311
1904
2165
959
2165
3091
3091
651
1348
1900
1149
549
2938
54
2939
2935
1916
251
2939
2939
2212
651
1785
1605
651
2196
1841
651
1545
611
1546
1370
1368
2650
1368
1371
1370
2342
2419
1668
1671
357
1670
1545
3964
1705
3965
3879
1722
3479
1429
549
1505
3478
449
2922
3955
450
3943
3955
297
2868
2680
1945
1740
916
235
217
166
2555
926
926
37
2182
2182
2182
159
1666
1062
37
1773
466
2634
3881
2059
2767
2721
466
2967
2230
3844
4082
3878
2186
1757
3881
4045
2767
2767
411
2051
2767
2793
2218
1750
598
3103
1821
1679
1762
2816
876
3181
3197
2778
3382
3419
2762
3134
3883
3103
2765
3911
3964
3970
3441
2967
2882
3134
1805
3091
1270
1349
3091
1719
3881
1719
2921
2646
1356
1879
2048
754
2887
1356
2965
50
473
479
4001
2965
3329
328
2483
3039
2996
82
328
3141
2926
445
294
3140
1275
446
1749
446
1157
1749
3629
1749
4044
1749
3949
2082
2231
2347
2345
1108
590
590
1109
3925
961
563
3925
635
589
2012
1781
3162
590
3951
37
614
2289
3421
3964
2105
2105
3155
1015
3965
947
3082
3090
3075
954
951
2235
1879
1231
952
3176
2231
614
2048
2327
164
152
184
943
3259
955
3700
672
660
1015
3702
1052
1048
2764
598
2844
1029
187
1024
3654
2230
588
2257
2240
2480
960
2230
2888
466
2258
178
174
3654
2824
975
98
3784
3702
3700
617
1236
817
887
826
102
965
3303
3923
1121
3315
1074
332
2745
3739
1819
3422
174
1842
3486
3414
3196
2301
3625
3413
586
596
1835
742
2612
2780
1143
1138
302
1119
3634
3674
465
1236
467
467
1119
1308
3815
3180
3775
1297
2772
3596
1673
4070
3895
793
2769
3707
2775
1762
3895
3848
3597
3597
2930
247
1123
794
3104
3104
1236
258
2509
3030
2165
2568
204
2834
306
602
3751
2296
3707
3576
1119
3427
3558
3369
3561
3566
3765
3801
2972
2956
3726
940
3674
3566
3446
3446
3443
3453
3453
1069
1076
921
1035
3646
941
1843
685
735
2525
3451
2509
2525
4041
2711
1250
2522
2802
4052
172
3963
1370
523
2522
1371
3927
1341
1341
4034
1559
373
414
484
2509
4072
120
2956
364
2329
3473
537
924
1406
4078
1096
1250
3006
1383
1639
1083
1093
1538
2150
1655
3798
3473
1638
491
3640
1654
2907
3169
4058
2991
4047
4034
928
264
557
583
576
591
557
2907
2412
427
1442
4038
3848
449
448
929
2149
2171
2983
2286
3933
128
367
1788
3904
1171
1368
448
1064
1788
448
474
367
2206
2907
4069
3844
3089
3110
3107
3904
3185
3131
2329
3906
1915
3006
473
398
2205
1864
604
2207
3384
2204
3563
3381
2207
2960
2977
1915
530
531
1137
24
901
896
1423
1547
1585
1582
1137
1106
896
908
901
1158
2636
28
2907
2672
2255
2671
328
57
3564
3560
1238
4092
407
475
358
475
1598
1407
2499
1880
1821
697
756
1908
1790
2499
1598
1777
426
1829
1865
1598
2311
2358
2340
2499
2541
2013
3721
3769
2553
1988
3721
1231
1386
1387
3758
407
518
2541
426
4048
956
397
4058
4058
599
2499
104
302
397
302
602
2803
3843
3737
2741
4030
3742
3047
2749
2541
2736
2736
1854
2721
2857
2554
2732
2459
2874
2503
1537
3868
1748
3384
1772
3001
1561
1756
2740
1591
3370
3743
3434
2728
3868
3443
1342
2218
2380
3125
3593
1756
3275
1474
1514
1418
3441
1789
3406
1887
3388
1824
2466
2466
766
2408
902
2414
767
536
907
2867
1759
812
2599
2706
589
585
1758
578
579
3635
539
658
3625
3618
3619
1206
1232
3616
3644
1270
1255
2831
3375
2602
1270
3217
3217
3217
2412
2070
539
1846
3375
2032
1141
115
2784
1798
2032
3289
1232
3890
2622
1508
3979
1509
3741
3955
3667
1816
3038
313
1206
415
165
2796
1212
2145
1682
3058
2760
3575
2789
1729
1952
1694
1672
529
2325
3593
114
3424
415
3966
2326
1087
2441
2548
2548
3297
4031
3893
1444
4006
1330
2558
4025
1333
3729
1332
3729
2286
2814
2761
683
2696
2549
2283
3062
1994
2698
3745
3745
1210
2711
74
74
315
2441
104
2192
2702
3037
2141
2413
3673
1976
1092
3182
3072
2622
2413
2181
595
183
2702
2350
2248
2527
1976
2708
2793
2521
2513
2441
2441
5
3076
322
757
757
572
1117
3258
1556
1877
1348
299
489
3156
3697
908
3325
4029
1554
322
2163
2137
2017
3324
3739
3501
2017
1776
3355
3232
234
1776
3148
667
1557
2654
3547
190
1933
2587
2582
1753
320
3943
3892
3954
3362
3174
3950
3947
930
2751
325
1014
1012
2281
238
846
3156
794
26
3669
2613
818
90
325
3024
466
846
3991
2453
1641
2491
1483
3991
3711
2463
2453
3159
1186
1948
1486
231
1966
2878
2843
3639
3101
282
3189
3127
536
3531
1003
657
813
834
723
2092
3535
1003
792
3615
90
3535
3535
3602
3742
1935
2613
2370
2375
1833
235
1833
1791
1855
1685
2894
3538
2613
2860
2880
27
1486
231
239
1934
1843
4075
3987
2446
176
631
2460
2992
2462
2463
2475
4016
2613
1454
3710
3483
1427
3373
1033
1884
208
1884
214
1074
1073
188
199
105
215
3532
327
3436
3390
1774
3334
3109
2268
3772
1282
3563
3576
3179
3175
2030
3990
3412
3482
2932
2273
3479
3542
3479
2888
3480
632
625
2464
3927
2601
2618
3404
2464
3398
3100
3399
2464
3089
398
3108
2437
515
3390
2460
773
1851
2464
429
3527
1966
1289
1295
1283
2327
3359
2105
183
1661
3549
3608
1850
1985
1724
2327
4087
1853
745
935
164
147
2301
970
3349
3367
606
3675
606
2144
1751
166
243
780
1647
793
768
1751
1567
4061
2270
2492
3608
2612
3723
3493
2090
2481
4085
3527
2871
217
217
1644
3931
1637
2631
2512
2545
3677
3677
2820
1654
4061
1721
1705
3608
2820
3710
3527
288
1637
1328
288
3978
3826
1331
3811
3527
3308
2513
3121
2446
1635
1635
3121
2020
1883
1882
1645
1993
1645
2018
1877
3040
1679
3608
678
1715
3180
3010
3010
3007
679
3044
296
1247
3040
3210
3218
3190
260
3472
3529
984
3210
1234
984
3974
3996
4008
3664
4084
453
4095
3210
3997
3703
3210
4082
2588
461
769
3679
565
791
769
351
549
271
3376
1500
93
325
2507
1227
4033
413
70
1227
1230
1500
275
120
784
2507
798
1768
549
1478
418
503
567
673
2513
570
537
3376
708
724
1418
1420
1493
3657
3829
336
4028
3821
3651
2245
337
1008
823
343
1943
2009
2041
691
2707
571
298
1503
1503
2663
1381
3681
1308
1354
3613
963
1368
253
4065
2074
1689
479
3642
243
305
59
3008
3502
3488
4094
3066
3516
245
57
247
2325
246
2821
2711
2753
2772
2711
2324
3627
246
2137
2784
479
2784
506
506
1055
59
1929
144
2482
362
1674
793
1052
780
479
2110
2010
2760
2760
2007
3655
452
2933
2760
1052
4050
3350
1413
1526
2846
1055
2881
2760
1603
1546
453
3951
2728
2914
2057
2156
2964
2957
3949
298
4001
2550
3948
2541
3316
3948
1793
4001
3599
1642
1844
2759
1661
2733
1842
1652
2619
4033
3837
733
3952
3472
3715
2212
3180
1030
2932
214
315
2087
896
214
1821
601
2545
732
2107
599
214
214
580
2237
541
2123
2093
571
1308
2993
1308
2994
2301
3174
3556
1690
2070
2062
3023
3033
1691
77
3203
3975
3422
3198
2844
3123
3331
3384
2328
31
4057
25
3034
4047
73
438
404
451
498
418
305
3062
3850
3976
3577
263
1256
334
2607
2789
3577
1257
2634
2730
3555
2746
405
385
3555
194
327
2960
439
814
2925
2925
179
854
760
1592
1517
2607
1240
96
3845
2555
4041
160
173
855
4083
234
410
333
330
3390
3377
3354
99
3173
3559
2296
1840
722
758
101
394
99
2446
99
2447
354
371
415
2531
2606
2459
2531
2509
2529
2517
311
630
2113
959
887
1816
884
869
895
986
890
543
2971
876
884
3606
3270
3214
1818
2412
2782
2770
3023
2910
2969
2011
3067
2962
1915
3668
2351
471
1006
3792
879
873
1119
874
3545
1091
2834
3250
872
3953
180
1897
3953
4023
3481
1818
895
3953
530
2544
2839
3953
2996
2969
3250
2233
3262
3888
2286
509
3023
2257
182
2872
1533
209
615
3898
2483
3781
3786
623
617
3888
1011
892
2298
2297
2485
870
3881
2695
2543
778
1412
1430
3718
2030
2982
2982
2949
1274
3997
2555
1910
3545
3312
2030
3312
1894
1412
555
591
3764
545
3672
346
789
3672
2480
3928
3312
771
905
2907
3722
3101
3672
3087
3672
3672
4036
1509
3672
3672
4032
3849
504
3389
3312
1413
2164
2174
1317
428
497
2874
2171
3171
497
1317
2662
1316
781
717
912
926
3143
3469
2030
3301
2030
1735
1317
3879
3474
2059
3456
1944
940
3402
3520
3392
534
934
1792
997
3521
2213
693
2059
739
3458
3
86
1599
2845
2845
1599
1568
2810
532
2728
2060
3648
478
138
475
846
846
1169
934
942
1341
3603
3603
4013
1666
2425
473
1667
1082
1275
925
208
2691
933
3757
1824
2062
1272
1377
1377
2691
444
1303
1116
1710
445
445
1781
1900
301
1901
444
1818
595
1274
444
3883
1269
3370
2309
81
2314
1009
2308
2309
1298
3121
2309
1483
1892
1493
1443
1587
2428
118
81
1009
2997
1467
1073
1008
81
1468
3969
1044
1045
1047
1462
122
2658
3309
81
1008
2685
2662
2704
61
3309
1100
1899
2658
3382
3101
3067
3065
3081
3064
3972
2856
2859
3971
922
903
3297
1859
1865
3554
1781
365
3538
3533
365
3533
3985
3151
384
86
3538
1563
3386
3178
391
1640
1486
3080
1169
1877
1265
3460
1880
2630
2687
78
226
208
171
2679
2848
3030
1916
3382
2465
2465
3579
1036
1887
1886
1223
3028
1880
2906
3345
1851
86
1731
1862
1021
64
1875
3119
99
2435
1883
3133
2405
2395
99
2409
1859
359
1858
950
352
2551
2511
1199
2536
3655
3376
1376
3020
850
950
3350
1112
3081
1096
2477
3865
4078
3614
3585
3098
3622
3345
1891
696
291
560
325
406
3867
3866
1879
4020
492
406
3865
2468
279
252
3367
3364
420
575
2151
817
3866
950
828
1919
3551
779
3866
1457
1459
1395
945
1993
1457
1985
4015
2151
2340
3098
2340
1871
958
594
958
3311
1871
1664
3080
2025
3209
1078
2025
837
1608
2565
3973
3973
3977
1973
2566
508
3147
2799
1318
646
1871
1871
2785
1662
3601
3686
998
522
521
1533
521
1395
1287
1824
2860
2838
520
2641
3221
2813
3590
3977
3775
2789
2575
2370
1242
3721
1260
1219
3590
3769
1287
3209
1285
3702
3774
1287
1622
3631
2571
2590
2585
1622
1601
3792
1078
1202
3704
3590
1600
3590
94
2197
138
2512
2507
148
137
4021
3583
1133
1010
3932
2435
3010
2434
2991
3014
3009
3025
3930
160
3932
162
2433
2282
3932
1574
3009
1513
3009
1760
735
1742
3579
1224
995
1877
1273
3968
3976
3684
995
2789
3932
3834
1867
3835
2236
66
3579
3583
375
185
185
2773
2223
2182
1752
1573
3333
3777
4063
3778
67
625
1983
101
1596
3991
1010
312
713
1933
1942
1909
1076
1897
1055
713
1718
1178
2787
1983
2756
963
998
2691
2279
1199
3143
625
1660
1199
464
21
491
963
3983
930
840
1370
625
3137
160
2390
3638
3201
3295
627
1924
625
2332
3031
2211
2215
997
1598
2189
1922
2888
2992
1747
3778
3094
3230
3778
2304
1571
2290
1570
3778
2297
2297
4005
3927
3941
2532
2297
2297
1106
2953
1248
2953
811
1736
945
521
614
789
2532
23
3792
450
727
3387
401
493
331
409
2532
3792
2466
631
3354
3353
2452
2452
2243
3931
3278
3597
3766
3772
826
3514
3257
3154
3637
826
631
3639
3714
2430
627
727
692
666
3872
946
938
4
669
1003
631
799
848
3602
3872
538
542
1139
2852
1775
4
612
1773
3363
1590
947
3612
612
3977
3444
474
2016
1643
405
423
3610
426
433
67
3445
2435
3445
2317
873
3445
2116
2362
2354
2103
873
2311
4
2309
3097
2488
785
631
3085
3931
798
438
2532
3088
3993
3994
4019
439
2280
1074
1128
1085
1443
433
799
2280
4016
799
2297
2589
35
3016
4
2480
2068
2290
2494
2095
2481
2060
2483
96
66
2389
1036
3495
1025
3511
2280
1036
3176
1026
2389
3580
1909
594
3439
3487
3526
3429
594
3562
2280
592
1634
2831
2400
2406
3582
3581
3313
2928
3122
2876
2529
2530
3108
3563
2202
2449
2435
2027
3562
3918
2531
2202
3830
2529
2103
141
2295
2779
2131
3918
2136
3918
754
2779
132
2782
132
3562
4019
3719
675
1919
3811
4080
1568
4048
2202
830
3611
2202
3563
3559
3523
3568
3532
3610
3045
2972
3716
3005
3811
2091
237
2417
1571
1786
1766
4089
3941
1767
3046
3807
3060
2826
3060
2819
3939
3987
10
3980
36
3983
3411
4089
714
1408
2556
3836
1465
1048
3553
1479
2048
2729
3811
1472
1638
4088
1473
1505
3930
2729
3497
2267
2238
2226
944
2224
1489
257
3931
487
2232
975
974
730
1556
3956
1563
2503
972
1027
3939
1134
835
1098
1116
835
1399
3581
3557
3566
3426
2112
3554
3386
3427
2252
1575
3996
2252
2045
3810
3709
1852
3654
74
1930
1659
416
707
707
1816
3457
386
124
397
1654
972
1526
1540
781
1541
786
2021
257
786
447
657
3599
1857
645
543
1630
3508
1538
1590
591
1519
3184
1512
2821
3649
3598
3246
3268
2504
3621
3388
3593
3604
1901
2504
862
850
1684
2925
1428
898
2042
1428
1902
2504
84
2771
1080
1874
1404
1073
518
913
1401
3408
2097
3410
222
2295
855
1183
3782
1684
1204
1178
1608
3636
1746
3782
1609
1930
1830
2925
2998
1178
3869
1929
2925
2736
2793
2804
2756
2696
578
579
1599
2988
1808
2925
3940
2183
2547
3922
1573
3954
344
738
2504
2183
566
2183
1599
1717
2183
145
2819
883
183
1782
1782
614
3068
2819
2988
147
2547
3348
3961
3957
3349
2457
3893
2342
3515
1716
486
486
1931
2029
2725
2684
2704
2895
1764
2730
1912
2022
1760
1385
1702
1912
740
1714
1385
582
581
582
1931
3058
1560
1191
3068
3019
3058
2793
3068
3107
2921
3107
3183
3135
2955
3425
4064
1880
4064
2509
3068
3132
4095
3395
3132
3977
1847
1854
1854
3582
3893
4044
1847
1854
4054
1149
3977
1147
1853
1887
1075
1074
1817
2063
1878
2088
3977
2252
1385
555
777
1074
584
2058
2892
2466
2892
2733
599
2892
446
1263
2892
1734
3412
1377
1882
203
983
1377
4055
4037
1009
1359
1244
1112
1359
1015
1892
1869
3119
1850
1892
1790
1783
1837
853
53
952
2421
1913
1062
2103
420
1399
1869
894
2088
1263
1259
812
527
1988
517
1052
517
1259
2036
2036
3734
1963
1724
1990
986
2958
2770
1385
2775
515
1882
3043
2304
986
3029
3296
3129
3083
3296
3301
3265
3316
219
218
997
219
3560
965
1249
994
3561
997
962
219
237
965
1939
1937
1060
1132
31
3039
3825
1939
2184
610
2253
421
391
3824
1285
845
3604
6
869
1285
571
2068
421
3399
6
421
3885
2725
2725
3514
421
2726
2458
3774
2460
3749
1962
3415
2459
2459
1293
3411
1451
3235
1452
1453
3514
3754
1455
3619
3235
3860
739
3235
606
3964
3116
3446
3135
3860
4070
652
3235
3514
1086
3447
633
830
1075
1084
3892
4069
3447
2246
845
676
2031
675
177
2263
3460
3512
3514
2968
840
3335
1135
2968
2586
3395
3422
2110
2111
2968
2968
3874
1999
1299
1299
4040
1298
4078
3512
3404
676
1145
1136
1999
982
982
1082
2132
1137
1037
1172
3640
1220
2632
1958
1973
1977
2796
426
2709
2803
2799
269
264
2664
2263
1981
1329
444
1975
4066
3462
373
2596
645
1876
1071
643
3406
2135
643
2547
2901
2177
2937
3302
2837
2206
2230
1070
3848
1757
3848
3849
1764
3849
1390
386
1391
3302
2617
643
3960
3615
2129
1233
2620
1635
130
189
189
348
1326
4013
1287
1343
3741
348
643
1373
1904
591
1140
1645
2401
2400
489
2408
2620
8
927
2125
489
2125
1484
2272
2535
2207
1487
2984
872
2273
2206
644
641
1047
1051
864
543
2109
2109
489
1413
489
1002
105
3467
3467
909
1532
288
641
4030
901
3718
644
3771
3128
751
1520
323
915
926
308
912
4030
1746
1828
3135
1879
1830
3369
3576
1668
1825
1609
234
2328
192
2209
3365
2228
2358
3119
1658
3338
1874
1858
3341
1517
1829
3029
1642
1131
2846
194
2686
1616
3338
2680
1750
241
3373
1616
3345
3391
3038
3373
1655
2817
605
1891
1614
1627
1625
1851
2817
1911
1651
1897
1668
1625
549
2817
1706
1911
1366
2786
2381
2789
1625
1994
2499
1996
2935
2818
2361
2361
2311
2934
841
2215
2162
3721
2817
193
2964
2330
2964
263
2330
3251
688
516
519
2789
255
527
193
254
2965
192
3383
3331
3337
2965
205
1521
205
2815
2815
2649
3247
3943
2960
3943
2812
3943
612
4034
2393
3949
3721
1005
818
3949
291
2330
3400
319
3401
2330
3943
1246
3402
1223
2822
3245
2608
2579
2823
2567
813
559
2820
582
861
2926
618
866
813
1597
860
1832
581
2926
1486
2820
2579
2330
3457
580
3211
2270
1606
3431
3211
1087
3214
1801
1086
2183
45
1773
1099
2919
3215
1220
571
1822
569
3834
2852
1802
2424
3834
3834
1907
2693
1508
1770
4004
2744
1515
1510
1510
2330
1200
1243
3835
1262
1121
1711
3835
2427
26
862
18
2547
2863
3415
3234
3549
1907
3359
842
3418
2849
842
3359
3962
3959
877
2450
3948
3958
636
2166
2427
2462
155
2450
140
1490
3982
1491
516
1136
3599
3819
3190
96
2450
886
3685
2298
1863
1863
1677
1715
3685
3685
2289
1559
1657
1870
2001
2001
1209
3681
3680
2894
2866
3683
3809
1085
3733
2709
2274
3832
3750
2913
3743
32
2860
56
2861
2689
2846
3794
2752
2786
3578
3809
3365
2759
2992
3367
2993
3800
3280
2801
332
332
2207
1925
3578
2880
2912
2919
3523
1924
2039
1681
1695
1689
322
3523
688
3204
531
2703
3859
1275
1649
532
3280
2043
235
1988
1927
1505
538
1375
1357
536
1858
4066
224
2393
3639
224
1734
3237
190
1839
1839
1860
1839
232
233
1723
601
601
2849
3271
601
601
3495
1723
3171
3389
3382
3354
601
1839
3624
2583
1205
1890
2304
3627
1177
661
2569
4018
1177
3271
1807
829
1803
3271
3675
3675
1794
3271
981
43
40
3675
17
3963
3878
2724
58
3980
980
3887
1451
3980
117
3050
57
938
1399
2449
3675
2454
2396
3965
938
2115
654
3230
3860
32
2045
188
2115
3674
2763
3733
2766
3271
3942
2396
4004
535
3942
2396
2023
553
2396
988
1552
844
286
637
32
660
1269
187
1552
186
204
1600
1973
845
2899
2857
845
844
3942
1602
2497
2533
2664
2533
2764
297
2533
1258
2533
96
1690
2664
3459
1550
2664
1748
2564
2564
3942
2598
2598
2776
2188
130
2536
2512
2524
3673
34
2277
2276
2776
885
306
2724
95
3731
2716
276
333
411
2716
319
4079
1066
4074
3879
735
885
90
730
1650
1634
1084
12
881
13
17
2779
357
3326
3945
3945
3945
3945
1499
124
3326
86
881
3649
457
123
1679
772
769
367
1679
2450
708
1634
3148
1177
3146
1167
1362
217
3179
2596
217
2777
1722
2517
1992
2031
1160
3920
3471
3439
2824
1205
1633
1183
3669
3926
3720
2825
3962
2114
3921
2811
2514
708
2805
1936
2811
3063
3060
2801
67
66
691
3710
1720
4049
2514
3933
2420
3906
2517
2645
910
3243
648
2419
3049
3200
3678
3201
3682
2191
910
788
788
3707
212
221
1742
2571
1194
1727
860
1664
2570
1714
2845
3201
3201
1169
662
1905
2942
860
1155
3111
1499
3572
2511
3769
2339
3266
2471
3141
863
883
1695
831
2805
2557
903
898
2548
2556
3347
2651
939
2557
2114
913
3983
778
1861
830
3934
797
1753
1758
1549
4062
2610
1722
3929
745
1185
797
3161
3555
1313
164
3371
4093
3160
4080
4095
1023
1023
668
665
2650
3029
1291
2102
746
3703
3810
1291
200
3829
2102
4019
1492
3756
201
3160
1556
2420
1570
4081
3266
1842
75
113
2108
174
3488
3502
3266
3490
908
494
2109
2230
2246
439
799
430
447
746
745
447
2547
1002
1002
658
1841
653
1025
1282
1516
797
1517
1133
3637
3668
1132
3266
4063
4085
904
904
904
904
1967
961
3003
512
1016
2713
1581
4077
1939
1939
2992
1938
1938
1091
3449
1091
1113
1113
1059
797
1967
1505
3110
744
1967
744
1312
2385
4062
2889
1281
3472
2421
2779
1605
2115
749
1601
1601
2529
2484
2469
3557
3479
3450
3111
1904
692
2528
798
2417
1336
1650
2707
2491
1340
2491
1650
2362
3685
2362
3668
770
381
1732
3479
1717
1691
3236
1717
1754
3671
1424
2707
1446
753
2707
1449
2955
753
2707
1322
2221
2909
2304
3000
2065
2304
2911
234
3566
752
3566
3563
2797
3000
752
3564
3565
2785
1651
4007
2794
1967
2573
3933
2800
2750
3606
3054
2308
1651
2313
2547
307
314
915
2281
2315
628
3734
3474
2128
3735
239
2140
239
167
3067
143
1518
4063
3410
3399
852
1434
3421
2862
1302
1432
165
178
1319
197
2792
238
1433
3974
238
3966
1742
1319
1302
772
495
493
166
495
572
2627
495
780
197
791
3225
436
4004
505
2069
505
505
2489
2469
2741
2487
2745
2471
2476
434
440
440
2292
1179
1179
1522
1293
197
1293
2331
505
197
2766
2061
3821
1704
1471
865
3817
865
3705
3280
732
3595
2266
419
680
1707
2564
3595
2447
3222
2096
3229
3206
792
3211
923
1889
1707
3206
3806
1771
1858
1427
2542
1807
2269
1706
2756
813
792
2537
2786
1933
2942
956
2875
3206
1806
2073
3067
662
3662
3098
3323
1807
662
3276
3089
1145
1269
1264
852
2847
1107
3015
3206
2854
704
704
890
891
556
1515
2959
863
2947
838
2977
1397
839
1030
1275
3472
1397
1491
1405
182
2163
2278
2863
3753
2837
2873
3785
1275
3789
693
704
1566
644
706
124
953
3508
1118
1491
1118
3569
1116
3066
3067
2328
1806
1472
3472
2329
1864
2329
2937
3473
2502
3993
1045
1050
921
4079
1147
918
3756
2930
1147
2931
3473
710
1147
295
295
2720
3993
3797
3200
499
2126
3973
3728
3860
3796
4093
4079
295
2864
295
3984
397
2703
2984
1891
1891
2946
3854
2130
1631
71
1548
2154
76
3631
76
2627
1780
1780
1780
1875
4052
1780
2155
1205
3200
2130
3375
4043
3423
2571
3402
3433
3200
570
3087
3322
3074
3661
617
106
620
3432
3147
1893
1439
2115
1267
2534
899
3673
107
1267
107
1127
1154
1083
3226
108
3451
1421
3238
3449
2133
3433
783
2880
2880
905
1864
3285
3273
496
3267
3124
508
495
905
462
905
905
661
2326
2578
3179
3305
2578
2578
2070
2391
2051
2049
2200
1546
42
1418
1041
3305
876
1778
420
1910
1699
202
1504
172
342
1733
3296
1085
1085
1085
3296
1477
880
1085
495
495
1241
2370
2385
1745
2191
1408
337
1510
2371
2375
336
323
1241
367
2422
2422
3994
3746
3929
3883
3921
323
3929
1616
1241
442
1619
1241
880
1416
3851
1944
3200
3145
1944
270
1606
1411
1410
1607
3687
3003
310
3806
899
311
865
901
881
2453
882
3985
3346
1449
1462
1032
3347
2386
1047
2405
2394
2074
1512
3358
1460
2685
1135
1059
2952
3986
3194
3090
3661
2080
2655
2727
1021
3582
3418
3373
3986
3985
3580
3518
1021
3126
3910
2842
3907
1836
58
2140
1819
3742
3073
203
1816
1873
1901
58
4087
2400
3639
2423
3294
1929
3357
1553
2526
2541
986
2878
2802
2520
664
1756
2830
2830
2852
1755
1763
664
3337
3667
3139
2250
3280
3154
3421
3289
909
707
1741
567
2878
1929
539
1686
1705
1702
666
913
1718
914
912
914
1564
2682
4025
1929
3568
1051
4005
666
3537
1929
3548
76
1143
273
213
221
1688
222
911
77
2273
1109
2273
3807
2942
2433
2432
2432
2711
2285
2708
620
3065
2708
3340
3335
1163
3636
435
3585
2605
3356
3357
2604
3074
1367
1612
1367
1777
240
3141
3853
2604
3556
3963
1122
1315
1337
3878
2023
2023
2023
3079
1399
101
1054
2976
100
1506
3547
12
1528
592
2502
1507
2762
1404
1507
2790
1506
11
100
995
100
1000
1075
1128
994
570
3545
3545
10
75
721
3118
1940
1940
3642
721
2496
1963
1948
2587
1791
1823
620
3804
3118
3118
1605
3883
623
3841
3840
1222
3876
3965
2668
2063
2838
4085
1635
3891
3118
4021
2622
3207
247
417
2836
87
2669
2671
2670
1948
2595
3773
2593
802
1643
435
1154
2109
2157
1600
1623
435
1603
1603
2109
3490
2291
2299
2298
2299
2174
1714
802
2443
2437
150
146
3804
433
816
2109
1861
4071
2781
804
843
2619
3667
1217
418
428
3916
404
3908
3822
173
287
418
251
229
254
3667
4071
3667
139
180
152
4071
1983
589
4071
1639
3667
1200
3821
3223
2939
3223
1770
748
1977
1872
1771
1872
2923
2677
2612
2997
2189
1950
2616
2181
1999
1771
2040
1720
1721
1861
2200
1768
3751
1039
1357
966
1963
3836
3803
3820
3310
3277
3747
3817
3805
3805
3024
3803
3789
1336
3747
992
3751
3124
1429
3172
3179
1381
2687
2679
2881
1011
971
1016
1016
3951
2484
656
4006
391
578
1861
897
1861
578
589
666
589
3408
2180
3408
1460
3409
3409
2180
2408
1382
496
489
2552
409
2552
2425
1336
2180
3212
1845
1845
2575
2404
2068
3212
387
3288
3228
387
3254
590
3212
3413
669
3212
2777
3285
970
1259
585
585
3125
1272
3035
1038
1041
2963
1050
2514
2107
3232
2619
1050
1646
2192
3839
3989
3013
3839
3222
2842
3989
3591
2850
3401
2617
3402
3419
3363
659
2105
1932
1932
2618
662
1953
3027
3192
2493
696
2572
3839
2492
2614
3933
64
479
401
3536
401
1984
1462
3839
4090
1731
1863
2780
385
73
2777
2044
1995
402
107
1062
2234
3502
1077
1964
3500
1171
2473
3342
861
1051
3328
3421
3171
2765
2826
2672
1989
2584
2587
2586
2024
1891
3556
3460
388
1411
935
3074
2490
931
2778
4090
3122
3089
2581
4090
936
2580
4090
3584
2493
634
634
3534
2717
1201
1245
1751
3539
2675
592
2132
2864
2174
2168
2125
2879
592
1798
1709
1726
3620
1704
1731
1698
3620
3619
3882
4009
4064
3692
4070
3531
2643
1799
3431
2258
2104
2873
2961
3050
3010
2960
2493
2519
2511
1751
302
2963
674
1666
674
1675
1593
2255
675
675
3532
198
2704
2725
781
1751
757
629
1468
1024
1096
1530
3531
1751
3419
3196
629
3189
774
3173
3531
779
2420
957
331
361
122
2421
59
3140
415
1550
1756
4017
1497
1699
1612
1099
1618
4017
1758
1714
3531
665
988
713
1383
841
2420
1313
1232
347
3381
1388
2418
1088
1293
1284
1382
4080
3944
361
3975
2857
3868
2324
2219
2416
3547
2419
4072
3868
1885
3783
1885
2671
3730
4072
1496
1500
3808
2838
202
1884
1333
3380
1239
3373
1885
1383
3809
349
789
3979
3360
2259
811
1284
1333
156
397
767
1638
2753
149
2561
2586
1608
1511
1885
3332
1550
1529
3979
3711
3702
1614
3702
475
116
3659
2171
1195
1195
655
851
123
3590
859
948
3500
351
1743
1686
1616
347
1607
125
1628
3632
2931
1698
3406
3813
1956
982
1988
982
1992
1310
2044
981
2064
3360
2077
4010
2058
4010
2879
2595
2595
977
1956
122
987
981
3361
1114
3327
1114
1175
1114
2769
277
3327
2737
2737
529
2285
2748
97
1894
162
1204
1841
259
1834
1809
1362
1366
1366
1209
1119
1362
259
2487
2490
4009
4009
1189
330
352
340
1123
349
3909
1700
1694
3908
1725
1453
1464
1413
380
1681
1687
2861
380
2961
3057
2999
2757
877
1695
3880
3841
2666
84
2301
1722
3065
2099
879
4019
1959
877
2747
4017
2765
3886
2667
3025
2667
747
2746
747
747
3886
747
866
768
3064
2418
2418
3025
921
917
2418
768
917
2979
877
609
3314
2814
1016
953
547
2807
2994
2140
1560
1627
1752
2988
2811
3422
3268
3165
3748
3969
3968
3314
3314
3069
2988
280
2731
2093
2799
2130
2677
2095
2732
4086
3124
3845
2798
1702
3708
963
3863
1012
3314
982
3029
1519
2657
3024
556
2657
685
789
973
819
3881
2005
911
2005
3960
2710
2661
2649
1704
2543
656
2738
2743
2687
973
3024
202
3437
2905
2905
3486
2926
656
1362
3382
4048
3630
4057
3382
2800
4056
2703
2974
2703
1018
4082
3808
3273
2702
3821
953
3816
3124
676
973
2974
2702
1029
2530
1029
1541
2105
2151
2057
2096
2057
2151
2085
713
530
1724
965
2089
973
310
2761
712
310
2796
2795
712
2050
709
2050
2094
2581
2310
709
3048
2643
940
3102
3102
3083
3102
2050
1490
176
712
1271
176
1313
957
2298
1314
164
2291
164
165
2643
1517
2251
2288
957
1327
669
111
2950
110
897
204
2200
1054
276
1419
1095
1542
1053
1318
178
2283
1318
152
2259
3786
2259
3830
3732
3757
3306
3732
3165
2285
714
568
163
1468
2950
3361
3834
2975
3276
3303
764
2293
169
2975
2293
1043
1043
1036
21
3478
3741
3859
3779
3779
762
1552
712
999
864
856
3988
729
1019
4054
729
707
992
3107
728
2391
2389
619
619
2389
3478
2731
2441
3461
4043
3461
3877
342
3468
3842
3842
340
1602
4038
262
1600
1600
1611
3412
1629
2111
2642
2652
2625
1552
2106
2627
1554
1424
1629
250
3057
3091
3059
3197
251
3423
926
4047
3471
1179
1620
3877
3464
3371
3388
3467
3470
3462
3378
2115
249
738
692
3462
607
1181
1859
1152
1174
46
1998
1138
2013
2013
1077
1997
2278
3464
3877
33
3468
1016
2272
1066
3708
1322
1107
2013
3095
3088
1373
3711
3708
3818
112
763
3818
19
2447
959
987
1648
19
942
952
1101
827
3722
2314
827
2931
1034
2765
2916
3839
2209
2938
594
2905
2217
984
2734
507
3864
3726
3858
4062
3679
3884
1294
1294
3919
1660
1654
1290
1294
3877
2959
2958
1872
3766
3690
1895
4073
3766
3429
382
3428
2388
4072
840
2758
4072
2009
3709
2735
2009
1364
1389
3199
1440
2308
3199
3620
2316
985
1341
3679
1549
226
3849
3863
3692
3757
3772
3725
3670
3265
2012
2317
961
3671
529
2498
522
3679
463
832
815
3671
445
1057
1441
546
1275
575
1049
1063
1455
3670
2123
3703
575
4033
3052
2784
3690
1564
1539
1821
2734
225
225
2225
806
844
3047
2225
1081
3052
1233
3704
1181
3899
1228
133
1648
132
2610
826
933
2846
3704
132
132
3371
932
932
3169
3173
3171
1244
2308
2308
3773
3899
2015
1286
1849
1849
1826
2153
2003
933
374
1882
1839
3703
1698
2015
2876
2876
2217
1696
2217
2505
2279
2524
2162
3068
2218
3318
3774
2279
3267
1816
2667
3188
3201
3785
2240
1696
3791
1431
3317
3742
3995
527
2240
2909
721
1724
2273
2206
1721
3460
2249
1717
2908
2026
136
2713
2026
2026
2829
2490
3066
3960
3066
3066
998
3066
4003
2606
3012
909
2026
266
2829
271
288
303
1909
2244
1698
250
2020
2244
2247
788
3941
869
635
628
1334
610
609
329
3008
1810
264
3026
369
1061
1702
3000
1069
3435
3452
341
482
1700
3339
3223
3397
3397
959
3815
2010
1427
3340
1802
1803
3339
685
1334
2780
3340
3332
3353
200
1125
2010
1088
3809
3803
1989
1159
2577
2731
952
3784
486
483
2750
1172
19
1172
1334
3646
1172
2578
1172
2586
2567
3070
1334
2952
15
3536
2954
1041
1041
2173
147
2152
353
831
2968
2327
2326
2465
3735
297
3282
831
1096
831
3299
166
2467
1447
2326
3049
2719
2246
3447
1581
2245
1769
1715
353
4091
1579
1174
1241
3447
15
2245
2408
1165
2718
1235
15
15
1134
2927
3135
4010
3097
3096
2927
256
71
3972
627
907
627
2561
907
2927
1877
3664
2175
1880
2170
2894
2907
3475
3031
959
3212
1955
2429
2033
3214
603
2260
3723
2429
2756
2759
2769
2567
187
2860
1518
4085
1488
3529
580
821
1960
821
820
821
3717
1035
821
820
3528
1221
3824
3729
3361
3727
3995
3993
1221
3785
2066
634
2205
3597
2287
3361
3518
1449
1621
1499
1528
1457
3391
1221
4012
3354
1621
2242
2672
2363
2590
2242
1221
2903
2968
2913
1661
1794
385
3947
3936
3946
3374
4007
385
1661
909
3663
1533
3598
1465
3851
3698
1163
3077
951
19
19
1928
142
3077
951
361
493
3686
2927
2464
2103
2457
2473
4091
142
2487
3141
1080
2092
2121
139
3290
1212
731
139
3981
1079
2574
2574
1928
850
3078
850
1038
940
938
3979
2238
4066
3351
3363
258
3408
2996
3196
2972
3360
1249
3943
3936
2481
3921
3378
3925
2237
3954
1328
1328
75
1328
208
220
1453
2257
3941
1328
682
3383
4066
2223
655
1649
682
2003
3258
2000
2237
1447
120
1857
1868
2810
279
3378
2223
4068
4067
3445
2699
645
1523
645
2701
2134
3153
2471
2526
898
1744
1446
74
74
330
3839
3476
1237
1236
2155
716
1236
2122
2155
715
2134
547
2814
548
1237
2883
2888
2044
2027
1626
547
997
2022
3205
1006
1767
3397
3437
3481
131
1626
3081
1746
547
3081
3914
994
3845
3847
1580
1748
3184
3546
1581
3123
3325
1215
3324
183
2127
3249
2179
3778
2130
2954
65
2514
1693
64
3775
2004
1668
343
2260
4026
3889
3577
3774
2568
3776
2243
2606
1424
207
1520
207
2243
3012
2243
2243
3420
217
195
3420
3415
3415
3012
1693
578
578
16
201
1574
3963
3701
2716
2168
1437
2162
2129
3964
2712
2713
2559
2712
1108
1439
1379
1507
2192
1280
3150
3198
1450
3777
1638
3419
3777
3393
2185
345
3451
2189
3179
2190
1473
691
3976
711
2954
3976
731
2187
1895
640
226
327
518
1734
2954
3573
2823
1327
1026
640
965
542
2575
2575
3926
2823
2954
1932
1937
1941
1511
1925
1447
1932
1472
4085
1577
3071
339
333
3713
2131
2935
3783
3783
1669
946
3827
946
965
1207
387
2809
1794
3574
2013
103
461
320
453
480
3576
1975
341
3806
3569
2921
1835
1144
3352
3184
161
528
733
364
3127
3749
43
2674
42
1657
2719
1452
1658
451
459
1377
1658
2921
192
107
1577
3859
3680
3776
1014
1012
833
105
813
458
459
458
1715
2690
2690
2044
327
274
459
2536
2538
2536
2690
1577
2494
2536
3882
407
1368
2735
2192
1141
1073
1848
3191
1265
3882
1802
1078
2217
1246
4005
3451
4005
1750
1681
2718
2217
823
2610
790
776
2639
59
2798
1112
3896
1750
3561
1577
2455
1898
3147
853
1429
3275
2077
3282
2448
2071
2817
1231
353
358
1675
3276
1694
3276
771
1667
1740
1727
223
2495
2751
223
1838
219
1838
3909
2690
1849
2268
2468
3913
2103
151
2495
1951
666
3206
535
1686
1721
1727
1695
2516
2522
2522
2748
2801
2111
3060
1112
2365
3061
3070
3207
3063
3053
3053
667
3666
2284
2993
2550
2262
3063
534
3662
3638
3181
3592
3663
2493
3395
2285
3683
2269
585
2269
1951
2269
3825
791
3573
163
189
191
2268
1209
1205
577
172
2283
3634
3634
279
1154
686
2609
1161
1949
777
3490
3491
1709
2533
2075
2271
2072
1709
653
2073
2250
2092
1597
653
1596
3005
2609
394
3055
3054
389
2231
3052
2609
2229
3529
1194
2057
1268
3372
3383
3559
2160
2168
2368
2166
3621
3098
2166
2608
3458
2369
3305
1837
2056
3564
3564
2234
1853
1852
1837
1785
2094
1856
1261
1869
1949
1990
1990
55
2007
1987
2081
2051
2160
2716
2369
2740
1044
1260
2279
2369
2692
1044
968
2273
1716
1054
109
1904
3547
1906
53
2774
2776
1974
2106
3028
2040
109
2806
86
1906
112
3194
1203
3299
1213
3243
130
227
1257
3565
1213
1254
1194
4075
434
80
4034
4074
2168
2187
3288
3288
1905
1054
2175
2893
2893
86
3160
908
868
3410
610
575
234
614
3086
799
2898
1080
419
290
2964
3724
1059
3084
52
3724
621
611
2132
610
2362
2060
1331
3715
1329
2367
2318
404
1072
725
483
1579
3417
3046
3043
3633
3047
2060
2060
2476
2448
4029
2476
2211
2208
3775
2213
3083
3497
3458
3083
1957
742
2928
1258
933
715
2212
2929
1259
3074
380
3216
119
3482
3763
3280
2060
703
703
3529
1978
3486
3185
3871
3868
225
108
698
3177
3177
350
2633
3185
2742
2682
749
2738
2738
3061
929
2322
960
741
1087
3192
3304
3515
2321
3265
3299
3999
3984
3410
3982
3481
3178
1027
224
410
1732
639
702
645
759
3505
408
1735
1169
1083
1168
1482
1480
2069
2485
18
24
1175
2380
2380
161
139
173
358
1888
362
1888
491
3763
225
2273
357
1174
487
378
1174
1731
1791
2442
1847
104
2442
1888
431
873
80
2272
1708
856
479
1708
1018
3502
906
3457
3294
1789
1829
3214
906
3255
1001
1901
1175
3204
513
3281
3282
3682
2550
3706
3680
513
436
3921
1581
2616
3940
3907
484
1708
2644
1708
1110
1027
1440
1055
4047
936
4048
1615
1888
1870
3807
862
3726
3725
3747
1870
848
860
842
842
592
2518
4024
2519
555
1007
1007
325
1780
1785
2518
3947
2518
1629
2122
2123
1211
2122
2126
1498
294
2849
1537
1582
1211
1415
1421
945
1584
1189
2628
1175
2640
1603
1060
4084
945
2861
2662
2624
2597
2598
1566
2673
3368
3366
3363
1041
1088
4080
212
214
1497
1034
1037
4083
1407
3500
4084
1163
1183
944
1885
1885
3128
1391
1627
3128
1885
1254
2430
3755
3971
2371
3878
325
2526
2501
4048
2559
2497
2511
1755
1203
3971
4042
2271
1259
2943
2932
1778
2267
3901
4035
2266
3677
3583
3122
3500
891
707
1260
1959
14
1682
1683
3999
2605
629
1926
1402
2573
2620
630
2807
2271
483
496
499
3009
2351
678
3407
3793
2528
1994
2047
2031
1630
333
2027
803
803
4003
3966
1344
2599
802
3903
1349
545
1382
830
1379
609
3264
1681
3406
3403
1664
3793
419
416
390
1766
390
4067
1836
1164
3358
1856
3356
678
1571
3336
3944
3264
3935
3905
2715
2592
3264
2571
3919
1103
1304
1396
1561
1768
1635
3264
1402
694
734
1563
1937
676
2445
2306
2311
2256
2059
2056
3752
3754
2258
2767
3753
3650
431
432
2760
1712
1297
3553
1716
1296
2225
3813
844
869
868
3647
1716
3539
3163
865
2366
2827
1501
868
407
392
408
1049
2224
1441
402
2655
2661
3230
1563
1561
2661
3833
1712
980
2685
2658
1766
2661
1339
2661
1404
2836
2895
1198
2669
980
2578
3981
1162
846
3096
3270
2751
2582
1942
3096
3103
980
980
116
126
79
2580
845
2809
2815
2694
2580
2808
2351
552
3921
2351
2568
204
72
2090
398
33
44
457
75
3365
3456
552
427
427
552
186
3537
2873
3542
3518
3509
1486
732
1295
2773
1657
2253
1294
2049
3991
3283
1682
118
2494
2898
1266
2465
1374
712
1043
2886
1935
3223
1175
3300
3741
2464
3290
1164
1175
3618
2828
1694
2923
118
405
3486
1723
3499
2659
3491
3131
3537
3797
3251
3227
3128
1876
1703
1703
3714
1879
3714
1657
3838
4042
4044
3687
538
4010
2436
2461
2109
2460
538
4010
3710
2436
900
900
900
900
900
309
18
291
18
2753
3705
3687
90
290
3068
2042
509
2042
2558
1698
2085
406
2492
1009
1463
357
357
1457
3386
2245
207
2291
3743
3731
1500
3262
3289
3211
3789
3993
3829
2014
3463
1304
3262
3075
1009
1009
1497
996
3122
130
2220
1311
1309
996
2940
2220
3041
2383
2220
1142
995
465
996
50
126
2101
292
2943
222
2914
2912
583
280
3087
583
2220
2249
3081
3073
2659
1966
1955
2335
1849
3880
3116
3880
1827
3841
1059
2361
1445
1508
1046
3583
1315
45
75
3321
1008
35
1011
3196
2660
724
3317
2284
3737
3728
7
35
2881
3728
2881
3728
122
1610
1557
3513
3459
2361
3391
2047
2003
3197
2895
2830
3730
3530
2830
2133
1299
3541
778
2830
1308
3952
1875
960
3747
1017
1022
3085
3087
3085
1020
3304
3912
3912
1093
2831
2392
2664
2490
1550
1153
1546
1545
2148
3676
2526
2148
755
1153
3676
778
1679
1712
1712
3930
3661
2176
3885
3892
2194
3944
2806
1977
2257
180
153
3033
3992
3009
2307
1966
2930
200
2181
218
2176
215
215
1651
178
2319
209
2932
1020
3307
1003
3153
1934
1175
847
2063
13
1020
2392
2474
1591
2540
1582
3158
1583
3147
1456
4039
1844
3307
3640
2805
2699
269
3397
3400
3131
269
2319
3117
3914
2307
2120
550
635
1515
1515
3872
3832
2695
612
3562
398
2945
498
1514
1297
1097
2944
515
320
2246
2076
1932
1933
1931
1684
2035
2260
3737
4077
3737
498
2979
3914
4064
4002
3897
2819
2219
2166
3195
3183
1815
3882
2392
3760
1919
175
175
1919
3445
227
3425
92
3859
123
3807
127
586
398
784
787
771
1812
346
1217
1398
133
398
148
3823
1335
1222
642
1398
766
2392
710
2965
3165
668
424
657
656
3126
680
3795
2335
2478
1268
2479
974
801
560
3165
3844
3424
3797
336
1691
755
1761
1562
2346
1346
1061
1076
3483
1058
1416
2232
2560
2561
1347
3482
2795
1165
3482
2345
3239
3483
1679
2341
1753
3681
1344
3684
223
2337
3680
3542
2235
1353
1641
2476
3433
2354
2358
1661
2354
2319
3990
2639
3588
2250
1653
3424
3432
1376
1653
2744
2749
857
3987
118
853
2792
858
122
4026
396
4026
3084
2471
394
274
3084
2079
98
1772
3517
377
2474
3710
170
3633
97
782
3693
2745
1428
2795
330
335
4053
4055
330
1573
1478
1633
3561
1244
2494
1477
3379
856
856
1589
1949
2987
1234
3824
3824
1647
1198
858
2944
3954
750
2944
1558
2440
316
3467
2773
918
1733
918
1733
582
3503
2196
614
3503
3503
3633
2770
2196
934
3663
3194
1536
3193
3938
2773
1536
3907
4022
3755
738
858
2159
2773
1209
3492
3567
2972
520
2512
958
3350
3284
1618
2695
2527
3403
865
2691
684
761
502
693
2958
865
3814
2691
1943
499
2692
1820
1744
878
3650
3650
566
2076
751
3466
493
219
2495
68
213
211
201
3814
124
188
78
1639
1820
1137
257
259
587
1471
1423
3281
1143
1579
3289
699
4045
1122
586
698
1367
339
586
3290
3290
3113
587
3113
3469
1747
363
3920
561
883
173
4082
3846
1751
25
880
3901
4069
172
3089
3108
1985
3697
3703
3108
762
748
762
748
762
71
1712
858
1699
1710
3658
1707
891
2753
2609
25
2420
2754
3513
2758
2678
2678
3369
3025
2227
1047
3089
3505
1047
1047
3128
817
1606
1639
178
816
1607
2144
1014
782
2294
611
1627
3505
1756
548
3850
3409
565
55
963
3507
2959
2970
1872
3502
1045
1049
2097
3409
24
1047
456
3680
1941
2885
3781
3780
3777
3785
43
3789
3789
3517
998
967
3140
759
715
167
2158
1700
1729
3515
229
167
1755
1702
2706
236
777
2713
2905
3911
97
3911
987
1941
963
1894
1895
2896
3963
171
3346
3311
3719
3116
3118
3116
24
1013
304
1225
1778
298
1624
2581
1267
3557
749
2068
3688
3652
548
2544
574
2870
1004
1624
2343
1379
1907
1907
1625
3535
3679
749
2364
3503
2133
2133
2228
1624
1102
3092
48
3648
3709
3699
48
3740
1224
2627
3367
3558
2660
747
3740
829
2067
2067
3134
829
3561
1400
642
646
3243
649
3184
3095
3424
1632
1945
1261
3134
1950
3484
3396
967
1103
924
2732
741
756
962
1102
1165
1260
968
933
969
2813
969
3866
2811
3858
1958
2039
474
472
994
1466
2039
1466
2526
2693
3481
2862
3092
995
2525
3244
2703
111
3092
1312
2887
1313
2931
3334
2211
2431
3092
396
1959
169
2851
3155
230
654
3998
3424
2847
2847
3519
3244
2836
2698
3652
3299
1903
1902
3298
2026
2016
3298
2407
2422
2407
2401
2401
2837
2120
1083
1115
3007
3045
2698
3648
2885
2844
700
1046
2885
3272
750
4043
750
3015
3718
3727
2623
3015
3272
3272
3768
1740
715
4061
2621
1335
1291
442
514
1002
354
1290
1941
769
1307
3553
1007
768
1335
2117
3002
3002
3002
1007
3002
1658
3553
1489
4047
1432
1592
1596
1161
4044
1130
424
1222
1604
1604
186
1728
2717
2738
2649
1732
3374
3351
1351
1732
2929
3624
2932
692
445
1001
443
2938
1880
1881
1870
2727
2727
2386
2406
2406
2393
2404
1881
1881
2497
2727
2938
2733
3334
3275
2496
1881
3140
2841
2832
2671
3285
3253
3731
3163
3605
1445
513
512
734
2726
556
1680
1445
193
3853
3852
3854
3853
2711
2690
677
232
267
135
140
300
233
232
1144
422
879
603
677
3588
3588
597
597
102
867
1319
2
867
1430
1431
2477
3918
1675
874
3918
1583
3919
3919
3334
724
725
2415
3471
3480
2612
725
2319
3500
3369
975
289
2409
2409
2415
701
790
824
3349
3656
1584
646
3884
680
788
788
910
1410
1571
2772
1571
1504
3657
1372
1118
2783
1351
2488
1543
1579
3656
448
3759
1578
3619
2977
3656
2366
2568
2328
4005
2981
770
1268
4000
1610
1356
4000
2087
2165
770
2154
1945
2755
1570
3573
4000
2331
1261
2373
1571
49
1569
1261
3280
3309
3283
3821
1261
1261
93
106
62
1250
476
3188
1784
1589
525
1255
3058
1105
1237
1536
1105
1161
3242
3242
1983
1021
3331
2867
3161
2869
3160
3328
4017
3188
1588
3339
198
2870
2866
3981
1536
400
2111
1298
2812
525
282
1543
1012
200
3247
1499
419
1274
250
827
95
827
1941
822
2002
3247
3564
2651
825
825
3446
1006
2120
1499
2264
2768
3959
2414
3887
3887
2938
2048
2265
2120
1021
1724
2414
2900
1166
1113
3141
3783
2880
3833
3291
2414
2846
994
2667
58
2902
1298
228
2648
1267
480
3498
3485
1682
3543
2322
3136
1682
598
599
3525
3528
1265
4084
1270
3189
1270
1276
2016
733
3659
2016
2567
1256
1256
4024
1265
2653
4084
4015
718
1902
3950
1267
979
3229
904
1813
332
3651
3205
1566
1547
457
483
484
503
1340
1398
1508
2461
3346
2690
2475
1341
429
429
2651
890
1813
3322
3308
3297
1813
2630
1732
3792
1735
3797
2461
1376
757
583
583
2461
954
1237
2877
1378
1234
1238
2641
1232
1726
1199
3546
372
1264
3455
2948
3562
3580
1228
1237
1224
3716
1585
991
516
1584
435
1619
255
1315
976
1660
1333
3216
2267
1619
3307
3279
3468
372
2597
1813
2917
1477
2255
3378
1493
2917
650
710
4081
1046
711
33
101
1711
1707
758
4081
1862
2607
1628
1734
1619
1595
1950
7
3216
1950
2698
968
3542
3510
3496
969
3565
2742
2742
2742
28
1027
2667
2696
2549
3708
1611
1601
3684
1509
3477
1509
28
2903
1400
2584
2882
2884
2587
2619
3917
3908
3291
3308
2293
3931
3100
3100
3100
2669
3245
3100
2669
3815
3831
2434
2444
2750
1378
549
1551
2207
551
4031
539
2166
4031
2917
541
542
2198
2867
568
1747
539
2917
3890
3120
3127
3861
3909
541
3184
3184
1182
2594
3927
3876
3270
2198
3959
1183
2937
1845
1182
1182
1845
541
2827
1688
451
563
1622
3894
553
553
563
3894
2597
1622
2272
3894
3563
2204
2207
2136
2512
2732
1392
952
541
3698
2685
1435
2685
2937
952
564
3418
2758
560
2836
1400
3689
2446
2437
3727
649
541
2437
3039
763
3224
2459
114
386
1794
3765
700
1465
2752
1502
1700
3592
517
519
2458
1064
567
2459
1963
1064
3592
1922
1980
1182
2456
3665
3224
3793
2915
3042
2053
3768
1180
3753
2613
1065
2475
2475
2615
1398
3224
3935
3224
112
332
490
401
2059
503
102
169
3771
2575
345
490
3912
770
1281
1281
1485
1085
3689
3608
3279
3291
4067
2058
564
3317
1689
402
409
564
1148
1483
1689
1301
3813
3777
1485
665
1065
1688
1065
3688
665
3662
893
1932
3756
1948
2649
522
250
1420
2436
2529
2529
1142
1421
1429
341
1429
1425
2633
2453
1083
1604
1655
1074
3264
1607
3429
1229
1312
1551
3278
2749
3283
3429
2630
3429
2709
3112
2024
1904
4028
1551
701
663
652
3112
2064
1918
774
3394
3395
652
3392
3397
1574
3395
2633
255
2679
2730
2625
3118
1921
3069
3292
317
317
182
1921
308
3907
1917
1692
1685
308
3278
2453
2733
534
2728
765
2558
1865
1865
2825
2826
587
664
534
939
581
2853
920
765
752
2012
2012
3458
2333
3458
1040
473
945
611
2993
3055
3014
1647
656
2947
1142
1421
3193
785
879
3
8
2453
2937
342
1081
791
701
3978
3687
2453
2379
790
11
1156
3978
1233
3014
1126
1192
3566
1711
3441
814
3808
1598
1599
758
745
767
1409
522
1409
464
464
219
39
2649
3202
3807
2169
911
3918
902
1711
299
2646
286
945
3837
3837
1413
1540
430
430
3509
945
3257
3637
430
3363
3496
3394
430
3925
1490
3360
640
518
2592
999
2007
518
2044
1746
512
1968
1490
3894
2096
2710
2709
1748
937
2708
1983
25
1977
3959
2035
20
3911
80
1991
2759
2759
2759
256
2908
2632
3037
2122
3031
3088
3088
3088
258
3095
1222
1243
3129
4006
4022
41
2378
204
50
39
559
886
569
513
1191
568
2996
20
3575
1934
1178
2790
3835
1961
1921
2143
368
3022
2663
2189
512
2132
3022
3568
939
2188
374
3724
3722
3261
3578
3076
338
3734
3783
3260
3260
1890
713
991
3034
1777
3260
3260
2383
1859
2379
3034
370
4063
3616
2840
2430
3638
3643
3743
2113
374
2113
2112
2396
3378
2023
2849
1238
3211
3215
3632
3638
2396
2954
3739
1567
741
2916
925
920
961
3742
2916
2428
2916
2816
3075
3083
2916
3292
3086
1393
3487
3470
3480
3959
3491
1613
550
2806
3858
3861
3476
3044
3591
3600
550
2101
3600
2072
2152
2334
2208
1609
2679
2329
2777
1613
1813
1613
2208
2391
1614
3476
550
1762
3184
4011
1614
2501
3646
3131
2501
3131
1164
3089
3090
3132
3977
3405
3403
280
3142
280
280
550
284
2249
925
1763
759
184
1344
0
4031
365
3857
231
235
233
3857
235
186
4029
475
2261
1293
235
3199
624
4031
3136
2494
497
1975
3417
3203
559
2069
3979
2070
880
273
1975
668
117
1968
360
3445
1968
681
403
3202
2049
1544
2223
808
809
1835
815
1544
1544
318
2424
1544
169
416
129
229
196
815
3502
316
3501
557
3245
557
557
3220
3271
4001
3238
4027
4027
2961
2975
1999
2975
3245
1995
2340
2431
2403
2431
2431
2607
3244
3699
2908
3240
2973
2424
129
1439
2019
1443
903
4039
1567
3093
3630
2431
3288
2910
935
265
4083
943
3227
3244
2195
749
739
3289
1951
474
991
2424
2315
2315
2850
1761
1804
2424
1645
2191
265
2583
3599
2996
2586
3846
3691
2040
668
3054
685
1514
3846
1331
842
2950
673
2951
2582
2410
1331
1082
1130
3226
2600
3226
3202
2951
3371
3205
3562
3368
3368
1356
2219
343
2652
2653
622
2226
343
343
1833
2376
2376
581
3172
930
930
1737
3172
376
2426
2377
2407
2406
2871
343
1013
4020
2871
1465
1465
2880
1013
3064
292
1372
289
4021
3729
1567
3779
719
3701
3539
3851
3569
3231
3514
3567
3851
1644
3850
3850
2951
1645
3379
2951
2853
508
2576
2331
1488
2928
2365
1699
1698
3175
1352
2730
2616
828
2034
3933
2985
2617
1361
3688
828
2034
2036
1361
2342
2339
371
2033
472
2119
2036
1703
1945
1881
4022
1960
2119
1539
2125
1993
1646
724
58
59
2790
875
310
2887
843
3019
2275
724
807
4066
4020
2008
691
2770
2774
310
2746
270
4066
1137
465
270
2000
465
1233
1233
629
3616
680
2459
3570
3199
3547
3569
2175
3544
3544
1576
1593
2365
2366
1593
1570
2446
4000
1578
1608
2395
2392
23
1576
4023
4023
2644
3755
27
705
2338
3254
2010
2631
3746
3291
263
3311
6
3285
3281
3617
1725
3606
3290
3752
271
271
125
106
1593
125
1545
508
1537
2430
271
752
269
2430
2045
2045
1214
3259
168
3348
168
3357
3155
2098
2100
873
2153
2096
2147
2813
2808
2748
2809
2808
524
3053
524
168
2193
2859
2719
2719
730
3155
1048
1058
1056
3518
2629
1108
730
264
3445
1436
1413
1423
1525
1523
168
1832
136
3452
1833
113
3124
2250
472
2180
112
1205
2353
2654
1839
170
1204
2024
1833
2520
1137
1269
1277
79
2524
79
2493
1204
244
2625
3443
3277
2305
2686
2744
2487
2285
2749
2745
2656
3532
2745
1218
1205
2484
2740
2745
3120
3157
3451
2305
2563
1227
2560
304
2388
1311
4038
3948
2634
3548
4000
1846
3548
4004
294
3551
4038
1395
2634
3550
3571
20
3550
23
2524
20
3545
432
419
412
278
3453
2359
3606
423
2442
417
3994
2491
1057
421
2120
2510
2359
1342
2766
2359
1716
1719
3104
2364
3637
1065
807
971
1433
3114
3114
3020
3317
3581
3023
2388
1333
2454
3267
2458
3041
3041
2455
2463
3104
1180
1195
3784
2255
1094
1223
3441
1205
1762
1210
1762
1180
1433
3962
652
3961
640
3102
2624
1211
507
3414
3182
1210
1479
1262
1395
3992
3995
903
3987
3607
1210
1992
1898
3351
1992
2636
2683
1889
1901
1288
3182
1308
1288
78
78
2894
2681
2112
928
999
1874
516
2114
730
2688
517
814
1858
3784
929
1392
1788
519
72
3125
449
2688
57
1392
414
1788
3988
451
75
1788
3182
3508
1788
3720
3495
3988
3988
3120
2841
3335
1061
2356
1941
1940
1964
1940
3898
1533
1065
3883
3182
3844
3529
1532
3901
3901
3882
3883
2132
2441
3474
2836
2860
3966
3988
3078
3996
234
2740
3078
2668
2359
2473
3549
2359
2494
1069
1752
2356
2943
3546
812
3078
1707
3057
812
1737
1763
1563
1771
1741
3862
1700
1757
1058
1628
1555
2090
1552
2198
3863
3369
3862
1366
1235
1056
2739
559
3078
3233
559
222
5
3992
3234
2077
2195
2305
889
840
67
1020
804
1687
1689
1686
804
181
6
4069
1107
1020
2507
3913
3907
1764
1954
1508
3913
31
492
3666
3666
3497
3112
3497
3407
1808
3327
3168
1815
720
28
1736
2203
2061
1026
700
2548
1808
2061
1899
1817
2063
514
2455
2147
457
457
1026
1450
838
524
3032
520
538
1039
670
1977
1999
3821
4020
1964
2149
3817
4074
4032
2809
3897
879
4074
2061
1957
2264
2139
2821
2212
429
1018
3724
11
3732
2372
3724
1022
1516
2913
1003
2946
1003
572
2139
103
1039
972
2997
429
822
1342
2137
773
1121
1121
1310
2137
985
67
2538
972
1334
3552
2576
3204
3295
2538
2198
1527
1327
1313
1318
3640
3640
2632
2878
1674
1672
871
1737
2632
833
2884
848
2879
1773
832
3396
1953
357
991
3396
3396
2698
991
1773
1965
2697
2884
2697
1773
1799
3048
3048
2447
1672
600
790
790
1916
1914
347
2627
254
2161
3048
2628
796
1131
344
798
728
1131
1024
3048
4028
4028
3232
1310
1389
4028
974
2882
2241
1403
2906
1381
2193
3232
605
1000
3147
129
2933
129
919
133
1775
2415
2933
370
1786
974
2744
2739
370
612
3859
3897
108
2736
2656
109
1104
2867
2642
1104
1104
2054
1105
3079
2455
4025
1674
1063
3078
1686
1718
1135
1688
1811
1884
2795
1280
2793
1063
1285
2566
2816
1672
2560
964
1766
1280
975
2568
1817
638
27
611
296
3046
3043
297
3018
297
1285
975
4025
3151
3148
613
3195
615
3754
3615
1766
3758
3723
919
3601
1355
4025
1242
4025
211
209
1577
63
196
1000
3392
485
63
483
713
1198
496
304
304
3067
736
3830
609
693
2127
595
3064
2137
1355
241
64
218
64
326
68
326
71
223
66
367
677
326
2842
326
1611
1611
2932
912
915
2358
1801
2358
781
817
364
2393
1434
2393
90
3616
3623
93
94
3039
3028
1193
1185
1185
3117
3119
1650
3178
941
758
1652
968
970
2208
1724
2208
2034
1653
2363
2363
3051
2492
3028
2456
3241
2947
869
854
3891
870
1440
563
2035
3039
1241
2890
1970
1230
3379
1230
1185
2752
2773
2890
1070
3381
1612
3668
2229
1474
3027
3862
2237
2154
1626
4069
2890
3302
1249
3308
1239
2934
1238
1246
1658
3658
1236
207
2259
3657
221
1558
2913
205
2935
3659
1640
1640
1120
3658
2487
2981
3540
2971
2951
3698
997
3481
1120
2618
2600
3682
187
3484
2106
2856
615
304
2288
960
756
606
2519
305
3682
3658
1613
2519
2402
3223
3458
3458
3657
3272
3494
2890
245
240
2232
2232
2828
1161
650
869
2829
831
2829
2446
2444
701
701
3304
3757
702
2981
3515
3471
2275
3496
3876
703
3886
3572
3865
3857
1140
3569
146
1637
776
1652
3538
2059
3538
2803
2798
2792
3543
2553
4008
4080
3897
3139
3974
2538
3194
3117
3117
3135
3112
2370
2090
3394
2084
2093
3239
2093
894
3343
1173
2084
1557
679
1759
2370
3552
1084
233
1636
1132
3863
3861
2813
3869
2247
2247
633
2813
3867
3795
635
3701
1223
1759
1239
386
3412
3412
372
373
1553
1223
3437
2289
1634
761
3820
375
2787
1105
3436
3317
1108
2951
2189
1386
1392
2882
2981
3050
1108
1392
1386
2783
251
2782
289
1758
169
1560
3055
289
1109
1100
3161
1101
287
2726
3986
286
2047
2027
2678
2709
3718
2027
2027
1124
3028
2402
3780
2378
2313
3035
2897
3047
4049
4048
4089
1387
1162
1124
3343
3452
2966
2986
2000
3780
3352
3452
3331
3631
4056
3335
3168
4056
1099
1371
3755
3379
1365
3995
4088
3185
3991
2972
2315
753
2263
2075
2244
684
652
3824
491
3186
2747
371
2116
2121
2121
3824
2138
1152
1416
1578
2265
775
3049
1229
1179
1153
1179
2463
2266
2500
775
2271
2496
1868
3924
1909
1873
3055
2893
79
2244
2893
2184
1311
3035
1295
684
3712
550
3055
412
2045
66
3310
414
2335
3621
65
3811
296
894
2422
119
3625
3730
3799
2454
1035
2510
565
2449
2449
2600
3049
2939
2906
2841
2247
3342
3255
3294
3289
3251
3231
3600
655
3598
3730
993
570
1671
1639
1309
2245
2697
1025
1088
1309
2250
585
2884
3612
3605
584
2764
3487
3661
3584
3632
3487
3591
3761
2776
1656
664
671
2250
2829
665
671
558
2818
894
1952
1963
821
492
2500
2037
2038
2038
330
2199
3925
1165
3063
3356
457
38
3340
1349
3335
1231
1116
3925
1035
1061
2631
485
2092
63
1583
1768
1913
1772
1625
1625
1279
1372
1913
1216
1913
1302
1913
593
605
1421
3345
1251
1913
3063
3375
2425
2659
2203
3849
2893
2425
2203
2900
2900
661
2404
731
2410
597
640
699
1858
597
3849
1315
850
2117
2123
3760
80
1373
1307
2774
1080
1128
1349
1676
460
2624
1072
506
50
1129
2774
122
3643
953
1372
3613
3629
63
3647
648
2407
659
63
55
2404
1782
1783
3646
53
651
1781
1783
1676
23
3842
2145
3847
2222
63
2373
449
2375
1104
3224
1935
2422
2413
2408
1773
3585
3799
3735
3310
473
121
448
3889
1544
1787
1118
1962
1010
3550
2753
3580
2289
2289
3456
3627
3830
2598
3144
3456
1165
1158
2098
2153
1398
2533
1157
1157
2149
2174
2814
1157
3864
3530
3520
2353
1398
1188
2353
954
3166
2352
2352
3227
2801
1191
2805
2675
1071
2723
4011
4036
2427
1936
4009
4010
144
3143
1586
1757
1757
1584
3828
1408
4008
3095
3094
2613
2252
2019
1350
2045
954
1899
1219
4073
324
931
3544
954
1269
17
3782
928
1057
3601
3544
4064
281
531
2572
954
3505
3505
281
4083
3507
3339
2248
3109
4026
2277
3161
3106
1521
3094
2248
2599
1567
1457
2717
2248
2600
1567
999
3575
989
3945
3568
1521
4007
299
292
281
2299
991
4095
18
928
272
273
494
810
810
409
1219
4023
359
353
4083
3032
2107
3029
2231
832
2210
2885
2071
3218
3270
285
3093
2498
1521
3798
931
2503
4012
4012
941
1521
2347
934
1651
1641
1942
837
77
801
1942
2609
822
2417
1589
1408
358
362
435
213
2610
1286
2036
4022
1287
1319
4022
1987
1982
213
2036
3724
156
1959
1955
1949
1100
3170
3335
148
3399
157
157
2640
2649
3803
175
3836
106
2867
337
538
854
569
530
337
2616
841
3495
3495
3495
1192
83
1369
2146
3823
2677
2146
2985
452
2987
2678
3711
1981
1784
2608
26
2
2083
3205
2083
1233
117
3452
3474
3474
2426
3454
2852
387
3454
1209
3086
590
1189
2378
1191
2146
2167
117
590
1210
2038
480
451
2698
1699
654
480
1198
3260
1882
3316
553
3736
1697
598
2158
1958
1697
2114
2083
1752
598
307
136
2610
3909
1757
136
1222
1708
1709
2660
3161
2686
1617
2646
2625
3592
2098
1655
1656
2054
2609
1633
2083
1930
2083
3154
1530
1930
1531
1366
2417
1515
2347
1227
221
2839
3501
1192
2146
588
588
3038
2376
2100
1475
4087
2548
3687
2368
2402
3575
1181
3526
838
2368
3413
3524
1200
387
1200
1180
1181
3370
3337
423
237
3939
870
716
3938
3946
759
56
59
841
1454
1013
48
3946
759
1324
868
716
901
1487
4069
3480
1239
973
863
837
1711
3540
529
665
597
662
642
41
1923
1240
1933
1976
1961
596
1130
1920
4074
699
3678
3872
1923
3485
3031
1491
2818
2588
2567
2576
2561
2564
2143
3713
1126
660
3305
2636
1169
175
2636
228
127
1480
110
106
190
3035
782
825
816
1480
690
690
1310
1347
690
1288
2081
3886
1706
3306
3265
2629
3287
779
3033
1416
3032
2005
1506
1517
1638
3038
1099
3799
3217
773
1688
3655
1130
3584
1690
3798
3797
773
717
932
1191
974
3123
925
574
3187
1996
3800
1173
1996
1994
2520
2406
3334
1173
2520
3583
3678
2406
3447
2864
3200
3818
3816
1130
1353
3236
2483
2064
4087
2065
2076
83
3243
2040
3237
1924
3223
1825
1140
2983
1321
1355
69
2662
1616
568
1850
3177
171
3268
2683
3168
2682
1790
2003
2823
244
1551
3183
170
2922
2922
3573
1551
251
2632
218
1263
1551
2160
485
1105
1091
1665
2160
882
1770
1116
11
2722
250
773
1464
1343
1316
563
2823
1318
3397
2096
1317
1127
2887
1094
2886
705
1972
1610
1610
2750
2803
1610
2795
3102
2723
1090
1108
2688
2822
2718
3367
2306
2580
705
1611
921
1611
785
2183
615
1335
1335
615
1335
784
615
785
621
3023
2962
1321
2706
711
2934
3121
2714
3752
2718
3045
3833
3084
2234
1696
2084
3834
2718
2707
2704
3347
2124
3344
3347
2534
3142
2124
404
1277
430
312
2636
396
1277
1075
908
3344
899
910
899
1710
1113
2018
3006
3704
2020
1235
3011
4030
3044
212
2269
3889
2868
2866
2662
1235
918
4030
1830
4030
1737
780
1580
806
1725
823
3645
416
3617
2862
3588
780
3150
3083
3150
3145
3074
1875
317
417
309
605
580
1568
518
1725
1873
3148
3392
3392
1371
1365
1875
515
868
993
1875
852
1857
890
2440
873
1023
439
515
2215
3922
447
1718
1372
4076
1993
1720
2008
2440
3922
1896
2769
2769
1900
1369
1191
2213
1355
2556
2835
3889
2550
2440
1216
2440
1240
227
176
515
2073
2269
2072
207
1358
2556
391
2317
562
1587
4067
1435
610
629
3852
1216
528
1477
2955
4094
1006
1945
734
3026
1506
733
906
3498
2293
2185
906
3785
3193
1991
1690
651
529
761
543
2271
2271
440
800
800
800
800
800
3193
953
3405
1177
3735
1409
3736
3497
1587
955
1587
3768
1976
227
3147
2322
2305
761
2053
693
2075
955
953
3219
3518
1903
3027
547
2896
3218
3721
1901
3765
3935
3300
324
1903
906
1988
2425
2427
2035
1030
1424
1455
2747
1452
3219
1450
2369
2077
3219
3463
1450
1450
3498
3470
2813
3812
3812
3817
3795
3819
1450
848
3035
2999
1799
3261
849
3074
3166
3137
645
3822
3823
645
1606
3114
1578
3353
1351
1380
1380
1123
1574
3073
1607
3337
3246
1690
3243
3386
3559
3369
537
918
1081
1159
3561
630
3559
725
828
3559
3856
3877
3858
3480
5
3461
85
3079
2843
288
3604
289
3605
3079
825
3093
3416
3420
851
608
851
506
278
608
1562
1562
2334
1109
628
1111
3127
2576
1834
1819
1805
3969
587
3036
3002
4086
252
244
5
252
29
2150
263
3127
3653
263
46
3684
46
2087
3477
410
3982
279
396
890
408
181
181
2858
2858
580
2199
326
2199
1993
2389
3355
2470
2087
11
2379
2490
2379
2922
3020
3355
3021
3012
3127
2969
848
3497
2988
1647
3498
855
1647
2042
4061
842
3651
4058
3655
2859
3355
3747
3747
854
1494
745
2858
2309
295
2364
339
3607
1330
1330
1336
1651
1491
3298
1496
1763
2922
3233
2874
3255
3127
3607
3607
1641
2859
1662
1763
2859
1560
3705
1209
2293
3709
2864
2656
989
2314
3352
3913
3905
71
1366
2858
1402
1497
71
1402
2367
3645
1671
649
3645
1560
1797
960
1311
1866
1697
2007
1671
2368
2869
2383
3607
2856
3019
2507
876
876
2013
3354
3034
2516
2040
2122
2921
684
976
2690
2722
3607
3920
3781
1794
4045
3318
2100
3645
3601
3213
2722
1020
482
1376
486
2722
2722
566
3613
184
206
176
487
3857
482
2751
482
482
2581
482
487
487
1129
2383
1129
1129
2144
1665
2576
2945
1039
3521
1043
2543
2283
191
265
1382
3523
3378
3379
2065
224
573
498
28
2283
3043
1792
3379
803
1972
2041
1042
1166
2543
1
781
3293
1086
2777
3295
1580
723
1676
4040
1787
1750
1760
1627
1263
1258
3854
3902
1256
3357
3928
671
1086
2640
2871
2900
2822
173
2900
2267
2901
2052
3592
332
2089
2265
2222
277
360
2115
755
348
703
702
737
2769
1086
1475
173
548
3548
31
2125
3541
1892
1475
1206
2525
9
504
877
1086
1304
3256
3643
3247
244
656
3647
2696
532
2323
551
2167
1213
887
240
2167
530
2323
1685
1685
1684
3099
1685
1684
1685
3325
3575
3568
2172
3318
3217
3799
3797
3800
739
3807
477
3483
105
2170
469
1592
1417
240
1515
1501
1577
1535
1215
3449
3571
348
3449
2427
362
2058
2470
3483
2299
2068
3699
3424
3865
321
3850
3847
2717
2400
3871
3707
2074
321
903
2220
2214
3213
3753
158
1207
2282
3213
157
1002
2672
2039
270
269
1979
1764
1575
269
269
3852
1404
4075
1394
3962
2717
4055
2046
1676
743
940
760
5
3962
199
473
2320
2320
2320
1063
1148
1049
1079
1144
1133
3924
3693
3844
2676
3327
3221
1069
3278
2872
236
2669
3924
2603
3511
1857
3499
1723
757
1856
1856
2320
3924
3195
2604
3164
3037
2138
3179
1273
3167
2597
719
3695
3972
337
3879
2563
718
3596
3115
338
287
258
3694
299
2607
308
3924
3116
719
393
355
2918
3694
504
490
2495
2607
2607
2469
2487
3140
2997
3770
2739
2946
2903
2195
2903
3041
2739
2182
628
2831
3215
3242
3185
3777
51
3816
3607
3610
2595
3635
3668
2216
2738
2738
1492
987
2739
2178
2720
2720
3167
965
272
3869
1199
1520
29
3580
1489
3167
2240
1449
3052
2970
2240
1098
1249
1250
1272
3770
507
507
3580
2867
189
2518
2866
2865
1242
2867
1242
189
1081
1171
1128
2219
3149
2432
3149
3149
3198
3150
3102
3096
3098
3098
453
2172
901
3314
308
308
3770
1985
454
1446
2523
1448
2525
2558
76
1298
2548
1288
133
3758
3770
3304
3276
3715
3401
2523
1736
455
4002
467
992
61
468
488
974
2523
3477
989
511
3416
3520
3471
3307
1947
3341
1921
1922
1738
5
50
34
3079
1964
38
3484
3479
3461
3477
3481
3867
2157
992
3867
1738
540
1736
1640
2203
3076
3870
3870
3870
3869
221
2603
4063
2555
2193
1469
1002
1469
2847
3169
3169
1643
1824
1784
493
1758
3312
1713
1713
3860
3871
2692
3312
3869
2810
3768
1820
3919
2039
3765
1626
2727
1750
2858
2837
1647
46
2032
3797
389
3240
3240
434
1749
3137
427
1729
630
880
1938
2197
2032
1683
892
2213
2160
1218
2092
3026
1901
2039
2028
2899
4063
2898
1897
2522
2163
1562
1586
1900
882
632
3808
1565
1570
883
3699
882
2001
883
883
3072
883
742
3911
1848
1851
1841
2148
3904
812
810
742
295
3483
787
1508
2545
3910
2268
1045
1496
1045
3227
3490
3494
3908
722
3151
3591
2033
1949
1967
4064
4067
2268
4067
2072
3852
3612
4073
3040
3661
2989
3040
3011
1787
3665
3069
2308
3069
3790
2073
3494
1311
3776
3789
371
2028
119
1597
2771
107
106
34
125
1378
2029
83
3632
458
2903
345
2781
1322
1318
459
2118
2903
290
3219
1475
1657
1518
1314
2886
2781
924
765
2117
976
934
2177
290
1827
1657
833
3987
2157
3830
2696
3460
150
3828
1827
1322
1418
2775
3411
3628
3825
3810
154
833
2484
2076
2073
1659
994
2055
3798
3628
30
450
3490
3282
3274
2485
3274
3327
2485
2405
3284
1342
150
4016
1260
3794
539
535
2417
3409
2936
2737
2736
2682
2920
478
2485
1805
2920
2676
3388
3610
414
1184
1184
2051
2023
211
2264
247
3341
253
2191
4036
383
4037
3343
2264
3359
1769
1629
3387
2267
3421
2635
2626
1522
3791
3572
2733
3536
3492
2879
2645
2643
1522
383
3398
2558
4053
2267
3396
1186
3398
4053
3394
1217
2936
3534
2404
2753
130
1630
3503
101
3503
3493
1217
2422
1886
820
820
3158
738
1060
595
3602
555
1106
1134
1823
2568
738
2530
2564
1384
1385
1432
3004
1323
1432
3142
1476
1427
1287
1745
1745
3640
3760
3643
3327
3079
1427
3732
1271
2266
2770
1226
2195
1426
3542
3145
3543
3538
3152
3543
2877
1426
3597
243
3259
2087
374
1985
2569
198
1648
3550
2127
1476
1476
1310
2641
383
2684
2661
921
2978
1476
1381
920
1408
4019
3270
1592
1585
3186
2127
1806
3196
3428
3767
1697
3762
1609
803
823
823
279
2419
2584
299
3550
553
3551
3574
868
526
1795
892
1960
1566
1492
1148
670
1609
3390
1122
2485
1269
904
3302
594
959
2079
1715
1700
1713
3300
1709
1563
1604
2395
2397
1840
2077
2771
2771
1604
2781
378
379
1868
3030
325
1920
2086
2886
2907
322
3249
2138
2591
2270
3036
3120
3093
2590
3249
3130
3093
245
3662
2228
1945
1257
3889
2228
2256
204
181
190
1566
1013
1354
697
567
1249
1564
3463
2270
1747
2902
2033
1216
1217
3379
2249
742
2249
2074
3732
3785
3782
657
3806
2121
2535
646
698
699
2121
2119
229
245
2113
1647
3531
4061
2528
2534
4043
3049
2535
2534
3430
3524
751
674
1783
2293
1783
695
2450
2449
481
690
673
2534
1614
2012
2534
3490
728
983
3762
2014
2008
2187
2078
212
3178
3004
1268
2078
1925
1940
3932
3934
2812
2033
2815
2812
2274
2296
2979
2363
220
2799
2134
2152
3121
1960
2079
1151
2585
1182
1800
3465
1800
3685
3257
3248
3685
2979
3037
2791
3337
3194
3353
3039
662
1167
1340
1161
4009
4081
2383
3137
1160
1180
1160
2584
69
919
919
69
3428
2383
1084
748
742
743
736
743
736
3164
3755
2912
2791
805
1854
55
856
856
1340
1354
2530
700
2472
1851
2117
1606
3755
455
815
520
2302
754
2472
2898
2215
3752
2093
621
1834
1848
1848
1849
135
243
3752
253
140
778
167
3455
2799
3434
1530
634
68
778
1927
156
623
2307
2377
2430
2332
2791
2081
3019
3033
2961
2080
2973
2974
3401
1729
156
2176
2906
1757
2944
1902
1896
2003
2950
3626
1246
1240
2710
2725
2710
2710
2688
1458
2897
4018
3972
675
2911
672
2910
680
621
839
755
2896
811
3358
1377
621
2116
1388
755
3401
1377
1624
1479
2119
2119
2118
1636
3330
1167
3995
3898
3655
753
1509
3831
3353
2624
1364
1158
607
1141
2641
2648
1366
3377
3624
3377
2327
2264
621
3917
3913
3624
1295
1072
1079
2246
2723
209
2476
2467
3903
2723
4089
208
3934
1886
1575
2672
1869
2342
1218
2672
3054
3334
2372
1218
3248
2521
3209
3405
2561
2003
390
1568
2926
1391
1391
2915
2235
425
3780
4089
3693
3778
566
561
2234
1006
513
1914
1145
3559
3370
3560
2593
1245
4011
1111
1110
1918
2452
1873
2671
1500
2448
3351
1143
2571
2669
129
1595
3221
3348
2601
3220
3233
3232
1273
1040
24
463
1501
9
2436
1275
3652
371
1037
371
2957
2665
1106
826
3405
3604
3203
1110
3614
2
1561
1772
3069
671
722
1575
3405
1957
1959
3571
1954
1591
1957
3345
1256
3340
2186
3848
544
1112
2235
2237
2223
2229
1467
688
1098
544
695
2956
690
2436
3187
2259
717
933
2436
3331
2769
2775
3593
1099
2771
1358
1646
2186
1389
2985
2896
1354
2902
403
2157
403
913
1617
728
2955
3640
3187
2379
2799
2157
3617
2645
1551
1878
2105
1884
2379
2645
1605
1547
1798
455
1502
42
2300
2911
340
45
4018
572
575
2385
485
2357
2371
575
3666
2971
3251
3358
455
574
3991
3989
4051
48
528
4083
433
57
51
2955
573
49
1414
1110
3362
2194
3536
1157
2816
2578
2583
3358
3362
3362
2760
144
1714
1825
1777
2102
1168
2814
2814
1825
2802
2802
4036
2358
3855
3534
3853
273
3537
3050
3574
1711
2005
4056
3359
3008
1925
2333
1925
1197
3359
1197
3619
1590
3659
3618
3357
3616
89
2886
1753
2049
3187
2144
2048
9
3506
3707
3903
1498
44
3187
1104
2566
1371
2913
1384
3674
1277
2333
3595
3245
1549
3999
2480
3231
3615
1949
1390
2847
1371
2480
1350
3534
3191
618
2049
3803
3239
4052
2055
2561
1184
2194
1375
1189
4053
2437
3654
443
3919
317
3454
3454
31
2
441
441
423
3914
29
443
1825
339
431
441
492
1070
1444
2447
2933
2566
2457
2933
2906
2880
2194
34
1470
1442
2791
1442
2687
1470
3798
3219
1469
3686
89
3689
416
3628
1469
2399
3628
3613
2979
2984
561
813
45
3703
4053
2399
1187
618
1191
44
1212
1235
1316
2399
916
41
1478
916
3061
20
44
156
1583
1896
1258
1137
1145
1591
2117
3320
1644
3199
3003
2540
2117
1965
3277
2248
2184
1896
2184
721
3293
1903
1896
989
2432
1035
1943
2432
2898
1683
2042
1379
261
744
1999
3402
282
3366
282
3348
1438
1529
744
802
1431
271
76
65
981
88
800
3493
78
1918
806
1348
1348
807
3492
462
468
1779
1434
453
2885
463
1434
2946
1349
3480
2885
3471
3462
1250
1207
1653
1634
1424
1186
49
39
47
2946
2914
1776
1093
1423
2160
2290
2299
1857
354
3082
3072
1273
3087
2021
2065
217
2448
3051
1857
2045
1273
3050
554
2915
2869
1049
1139
2518
25
2520
2648
2003
1786
2611
2643
2611
3880
2808
3857
3071
2716
2017
1139
2727
2682
2634
3175
3030
516
3172
3051
2016
251
228
403
1967
1967
3020
151
2615
2214
2388
2601
1548
2214
1759
1050
1803
1803
776
3465
2114
2552
775
2615
2114
1943
3464
1253
1590
1784
1583
1050
1765
3443
3250
3224
3589
3589
2593
2253
3246
260
3761
3748
3158
3750
1444
3753
3725
969
866
958
1445
957
211
944
2255
949
3225
543
1804
2195
3469
1877
3469
1529
2183
2413
1530
2377
33
1520
1433
704
966
709
535
1804
39
3220
983
2370
521
1452
2669
255
1745
1964
1854
1636
3890
3893
3895
4034
4035
3046
3046
3389
2911
802
3713
805
2385
2779
3741
246
431
3893
322
99
632
1745
225
57
51
1455
1454
117
639
1123
36
910
134
3410
3961
3478
131
639
639
1528
1299
1123
2135
128
338
128
3831
3725
3389
3733
3283
1943
1948
1473
1103
1488
1501
1456
512
3673
512
3695
338
3973
819
967
935
819
943
917
861
2899
1775
861
1675
1604
3486
3961
3911
3444
3674
2215
2896
1307
1292
3478
3221
2055
2054
3313
2215
1535
3313
3944
2053
463
3189
2053
2156
2156
1609
2758
1612
2044
1095
1993
1092
1124
3162
2009
2543
254
1135
212
2758
211
3167
558
209
2508
3449
3390
3417
558
3426
3937
551
1565
1572
1583
2679
2626
3937
3939
1482
2879
2982
255
1949
2368
2554
583
2982
1495
3846
2473
1501
1495
3846
3994
1500
1943
2995
569
1819
2999
52
536
2803
1829
48
2000
3673
61
3673
2667
52
27
738
1997
27
1988
1991
737
2510
2136
2505
617
636
2508
2647
2998
2504
3000
2957
3160
3208
583
3258
2647
1829
3266
3317
3907
722
3099
582
612
1079
705
3208
2885
2895
250
3208
1495
247
3201
2987
3266
3228
558
559
2761
245
2472
253
249
3208
2472
3121
3180
3180
3183
3183
3319
291
2334
741
2314
741
1511
1420
2309
2328
2729
3261
3163
2312
735
3283
3080
3111
305
3111
3111
1404
268
1405
1203
1829
3744
410
2750
3744
3829
3831
3233
3917
3917
1144
1203
1917
3326
1917
4083
4082
943
2941
331
755
355
946
1829
1679
1701
1455
1728
2005
1743
1553
2940
2777
2777
1417
2934
2135
2782
2597
2757
2902
1553
3269
324
805
808
765
1220
2899
2503
1219
1271
1361
1417
331
206
1643
544
546
2194
1817
556
606
331
3152
2989
1641
753
2193
2982
163
2984
3473
1114
1974
3492
3426
2941
1618
182
2268
2497
3881
3740
43
3716
3310
1625
1193
3733
1177
743
756
2633
1
2995
298
3855
163
305
2755
2755
162
162
1739
1306
1441
1741
1441
1019
2525
545
1004
623
495
2398
2990
3426
2985
1120
3746
3619
3772
2161
494
2368
1367
2489
2495
1581
2489
2069
2058
1120
279
420
388
2473
2491
2477
1087
2490
3670
2489
4029
3234
47
47
3670
3261
1696
288
2161
951
948
3986
4018
951
824
315
314
950
1474
34
3290
3061
3290
2046
1087
1734
3904
1015
3885
3904
3882
1868
3967
2469
1474
29
216
216
29
29
1253
1291
552
1355
1253
2082
1258
504
2350
1999
955
2605
552
1364
832
1364
2938
300
300
560
2604
918
2331
2303
3062
2719
238
2303
210
2928
2704
196
3453
3407
918
2935
2699
3744
3906
558
724
3754
1530
543
2795
1812
2014
2041
2699
2427
2410
806
801
801
2629
806
806
2783
2026
2023
2017
3900
3546
3571
3900
1420
2022
3641
1812
3801
1813
2037
3622
527
1530
2751
867
3014
3983
1297
1407
686
1802
685
672
2190
3800
1723
3014
3921
1720
1619
1824
3008
1917
1991
1956
1456
1644
2054
2067
1956
2190
3003
2624
1413
2168
3492
1120
1388
1516
1638
21
3906
1165
18
1323
1154
1955
2660
2662
1286
298
2662
3952
2713
2162
1324
916
3875
2037
472
1404
1952
1387
1321
1320
536
3923
137
1820
3499
916
1879
2589
1835
545
2031
1995
2004
137
2389
2589
3924
2990
2506
352
2505
1350
1357
2513
2511
2511
2037
379
1352
3909
2286
2245
2245
2034
2037
3251
3234
3926
3265
2589
197
2922
138
720
1193
2918
1193
160
187
1665
2223
137
1473
1886
2743
2236
2741
3927
2787
1878
150
2145
2145
2792
2148
1910
1438
1439
1439
1437
3840
2686
2782
2897
1665
247
2694
2046
255
2927
2919
3873
41
1184
478
2984
2782
33
1184
2991
2028
3186
1469
149
3138
2980
47
148
150
2959
148
149
1347
2187
3107
2500
3171
2703
3125
2685
3168
2685
1170
1981
3376
3857
3468
1590
3469
2187
2034
2897
3611
3107
3343
3588
3598
2881
3577
2942
2271
2234
2218
2210
2156
353
2394
913
922
2381
2156
1393
424
2775
1362
424
3711
3970
1305
3861
3972
3105
3575
1472
3973
3841
410
393
867
2035
352
119
2226
21
119
2286
3292
1646
1659
205
187
73
1141
350
350
2401
115
1141
3000
2332
2312
54
2334
3234
2897
21
3322
2897
3433
320
3433
3283
2948
507
2433
1410
2978
3022
54
1511
1059
3104
3539
1498
2172
859
2569
311
859
2173
2567
2585
311
3215
3287
3737
561
2542
3022
2128
2055
4045
900
4054
897
4045
4040
4041
3021
2255
2055
3697
2257
1490
3051
2856
2863
2918
761
3693
2857
1176
690
1979
1952
1959
1979
1176
931
1664
1761
941
814
3653
805
3655
249
3654
814
2213
731
254
1456
2939
1381
1456
14
931
775
24
810
943
1257
1260
1917
2173
937
2172
2276
2172
1066
3234
3204
774
2122
835
3001
524
2984
2937
2828
3516
2835
1960
47
1844
3517
835
1961
835
3186
3254
3010
3186
3992
2623
855
833
2139
3928
3325
3879
3895
2576
3979
3324
3029
3319
329
3319
236
329
855
17
27
27
26
26
557
511
2580
557
510
2776
3293
867
1064
2457
581
839
2434
2456
2909
2052
2052
596
3615
514
2106
514
1916
3614
1042
242
3249
3632
1225
584
268
3688
3663
823
2518
242
268
852
376
2214
593
2108
1198
1743
2214
1778
1810
1194
3278
585
1742
1741
3071
3070
3056
2139
1743
1779
1730
2042
233
239
268
2080
3965
268
2066
2066
1062
1263
3932
632
380
1392
634
3800
2617
2619
1714
2118
634
2681
3980
3983
3983
1062
1899
1282
25
3986
2029
3273
1008
4036
3346
3697
1714
259
1691
1691
303
256
259
2574
1576
739
1900
1763
1075
739
2985
510
1891
2985
3476
3404
1238
3366
3364
34
3404
480
1032
480
2172
22
1535
1421
1588
1588
2519
1575
3938
1848
623
2423
1240
1180
2390
3697
2428
3071
1231
623
2563
526
2135
2563
3352
265
267
266
1231
2509
291
2509
2027
2515
291
1760
1761
1755
2031
2031
2635
2635
3909
2283
188
188
1803
1060
2795
1807
2191
1807
2668
2739
1850
2743
222
1807
2637
2990
1518
2990
2009
1946
361
2623
2562
2562
2639
2043
3586
3020
2043
1951
2264
3002
3032
3020
2497
2508
805
2616
862
2556
2720
2008
361
1597
1485
2890
312
1484
2075
4032
312
3958
3537
3895
3954
678
4009
311
3545
290
2731
1225
3537
3549
2570
2570
2075
1299
1460
1484
91
2066
1460
2066
2901
2117
138
135
304
2697
2899
2850
2908
2909
2697
3639
1162
2299
2041
1974
2455
338
1360
2688
2901
2901
2458
3853
2439
2987
1082
1163
69
3046
1361
2987
2960
1168
1573
1574
1126
3748
3727
2461
3136
240
3167
3136
65
2457
2901
3767
841
3671
3167
3073
2990
926
1382
917
3692
3303
916
3313
3712
3734
2008
3733
1324
1033
1490
917
1510
1394
1477
4037
923
2990
3398
3597
2014
3399
990
938
926
2463
2457
3261
1667
1654
2350
463
1378
2574
2574
3594
3414
3414
1293
1284
1283
4060
2350
767
264
1189
1177
264
502
2014
454
3259
1042
1935
1478
1947
1336
1947
3
1394
3886
3258
449
837
2628
3885
2638
65
3818
837
2877
2851
2833
1982
3718
3079
253
3077
210
213
3818
267
324
267
1076
294
461
3235
1597
1568
1576
3660
1565
2631
3305
3077
3305
2639
3594
2658
2637
1063
1564
2111
2660
1997
2593
3596
1057
2555
2953
2550
1561
1057
2148
2167
3021
2163
3586
1954
884
885
3861
2993
1014
875
884
2864
884
949
2971
4037
2952
2962
3260
2966
2973
2972
3681
737
2956
2873
632
3105
2998
2968
3660
3649
3241
3255
3185
3259
3262
1068
2952
8
3612
3313
3994
2629
1844
3690
2203
2201
1247
3787
3105
3810
3391
3807
3805
3641
10
1061
3534
3529
3832
2953
2106
1461
343
510
3099
426
3787
2630
2653
997
2659
1845
3787
1023
672
2022
2028
3560
3375
146
3354
146
128
3
144
3106
3392
871
1461
895
301
128
399
256
411
593
593
1791
3923
592
9
1799
1791
1117
2962
3870
765
759
930
2196
966
145
2163
3840
1727
1719
3790
1618
1559
2303
3506
1031
2781
2757
3623
2143
2163
3623
1555
1103
1747
1053
3893
1150
1031
2100
1150
3145
1034
2279
1028
2154
183
301
870
581
870
870
1913
2069
145
3213
1554
2986
2950
1797
2950
862
2180
1797
4036
1747
2218
1980
3813
3929
3555
808
2287
2260
2277
999
808
2292
3820
3823
3740
3822
978
1979
940
3838
3307
740
1453
932
3149
303
3148
2695
88
2692
93
2960
2695
2692
3071
3159
4055
4055
2883
1840
3809
937
940
2158
2853
3771
2818
2754
2832
355
2883
902
693
355
3073
1135
3073
2253
1251
2253
2572
244
3082
2747
1741
244
2721
867
1607
1607
3078
3076
732
218
1449
1316
216
1559
2811
2677
2804
2810
3541
3545
1739
1789
1631
676
2815
1742
4041
3543
1037
2869
1800
2649
2870
1473
2877
3154
2869
275
3253
3618
988
3645
1037
1251
3130
240
232
193
3380
3152
224
1951
772
960
233
241
626
769
313
775
3429
774
1067
626
1155
624
632
3869
632
2305
3846
3698
77
72
2971
381
1402
3688
1958
459
2971
931
464
3902
1501
392
61
814
51
3888
2914
1316
3073
3587
2941
1809
1809
1809
1809
1954
4058
203
167
2032
3145
3903
1218
1217
1217
3072
3587
120
2032
1970
4050
73
61
1341
1345
1947
1218
3325
2325
3587
2378
3591
2383
2415
77
2164
1339
3587
2721
1284
1335
2179
2194
3439
2151
2944
3627
2179
338
3103
1895
576
3103
2178
3663
3622
3633
3633
2477
3980
3592
2821
3638
3971
3090
3103
2674
1846
687
687
1802
687
687
1975
1754
1721
1721
1754
2674
1314
2043
1572
2594
2467
1324
2595
2993
2992
669
3090
2810
2608
2571
1378
1847
1344
571
3845
3647
3647
1171
2818
2208
3690
1806
1153
2659
3965
2226
2276
2676
2678
3613
571
2594
1323
3856
3696
3613
1142
2332
1278
3872
698
2192
2599
1804
1279
1992
3851
1987
2192
2479
3642
3549
895
2384
3541
3548
2729
2504
2505
2542
2520
2873
2689
2175
2835
3008
3647
3845
410
164
523
336
2646
556
3549
3543
892
96
2296
181
179
180
165
3173
746
171
2365
3556
866
2729
2833
3191
449
3191
3300
1808
3712
3307
1246
496
371
25
2131
3832
1031
30
3304
3
2350
2871
37
1803
2999
2999
656
1801
1801
793
2343
2644
782
821
3581
2892
323
698
329
2625
3581
387
1569
1565
1795
2349
1582
1255
1271
1141
1589
56
3279
1575
1795
1417
1632
3427
1417
3416
3418
3423
1735
3117
1744
2091
2082
977
2702
924
989
968
987
2786
2787
2765
3018
2778
2742
3982
676
2709
1584
2709
695
1621
503
411
3306
2905
3645
2910
1806
2896
2904
3759
3153
683
2904
2911
2914
1771
3697
3340
1311
1840
3338
1263
2942
2169
1601
2929
3421
46
2736
7
3422
44
41
1077
3782
3814
2633
331
3793
2508
3229
3216
4014
2086
475
2056
58
115
1309
577
119
1504
2914
320
1430
1403
239
3423
1471
1080
1507
977
3536
3572
2051
229
3423
3549
3541
2573
1835
103
1810
2604
3422
2262
22
2170
1381
450
3018
2246
1079
21
171
2247
2704
907
2521
2599
2820
3222
2826
2822
3228
985
2738
2737
2913
2740
2680
260
2714
1357
1685
1305
1160
1101
98
1162
1161
1162
4042
276
4060
249
15
2349
2228
3157
249
3205
2169
847
333
429
2521
3595
2810
1257
78
399
746
3201
3596
79
2104
1208
668
3594
3591
3217
581
2835
2829
2828
3887
3494
847
3717
3494
378
2600
3720
2517
3112
754
1629
198
274
709
727
841
2601
2845
2603
236
3993
1962
2599
3407
4006
2642
237
292
293
292
3366
3366
292
68
472
123
843
2572
411
2342
481
488
3746
2455
3714
1966
1965
1953
1375
2463
1952
2439
233
2517
3006
571
4037
1633
120
2915
1549
3781
2371
3595
3615
3842
2516
3737
3843
3599
3667
3636
3666
1505
467
984
670
839
1633
1650
1212
1632
1649
1188
275
3869
976
471
3033
1144
978
1075
981
272
30
30
30
3987
488
481
467
657
397
1419
422
481
1548
467
467
73
2539
2548
763
1542
2735
1301
2224
1152
2442
2221
2557
3202
1301
2227
3873
3308
3936
2673
4082
2445
1133
925
1201
150
91
736
4059
1744
2652
1204
1208
1189
87
1209
3297
4056
3626
1349
1370
511
511
510
3981
2883
1156
510
511
1208
1383
1208
1727
1727
1681
1681
273
2445
3900
1211
3902
3952
4002
1846
3961
1389
1411
1543
471
3767
1435
1416
1534
3250
1390
488
3912
3989
3906
3630
3720
1142
3720
3766
3766
252
253
223
223
1460
1434
1524
3630
2339
4057
4057
1185
319
1220
3996
2626
1650
2626
1649
1662
2626
3771
2404
1558
1576
1789
1587
1790
1596
1440
2414
3364
1789
1789
1790
4040
1234
3376
4054
4052
845
3153
149
281
1197
2729
149
1799
149
2038
1141
1136
1841
1841
1143
1136
1927
1968
2038
1140
1942
1935
3998
2441
319
2266
1196
3738
232
65
2478
73
45
1983
77
2557
2332
1970
2559
1968
836
228
836
1767
2300
1775
1781
836
3156
2251
3251
2302
3198
3191
2251
647
3601
2478
3937
1185
382
733
3254
57
2796
709
624
1481
1304
1310
1309
4033
767
1312
709
643
2655
342
2543
283
283
4073
1969
274
1921
1921
283
3960
577
337
2168
63
2517
3491
836
2831
2303
951
3750
1234
117
355
107
1620
2601
366
202
2600
3663
182
2296
809
407
824
868
803
340
2630
2336
3503
927
1380
1388
1346
3815
359
1330
1338
3723
1623
3296
411
1540
3634
3809
1697
576
1855
967
967
948
730
2354
753
964
229
1691
1665
2241
3981
3978
3978
1500
1752
403
3981
771
87
228
2256
90
339
92
93
2127
2755
2755
795
2528
3831
1959
2256
481
349
1798
2648
2241
2652
16
2626
1459
454
3037
465
3034
736
3036
3036
1827
3026
3053
1467
3633
2056
3956
1319
2086
3515
3529
1465
577
359
1401
1390
643
2645
653
2654
294
4000
1503
242
654
654
3595
134
249
3955
1363
454
3955
3955
506
849
1582
2628
1338
1623
3649
3876
2658
143
620
616
616
3953
2868
3953
1496
1480
616
616
1650
2150
1656
3146
2292
1656
3699
1953
1390
1473
2367
1339
3615
1384
3680
1328
1350
630
3110
3614
3611
749
1920
1519
2367
619
1550
1518
617
1211
2988
1519
3160
3325
3584
633
3876
3262
3320
3296
3313
3681
3316
3963
1127
1703
1077
1276
1202
847
1729
4057
2628
459
990
1280
3560
2127
1213
491
1126
996
1082
3411
3982
419
980
431
424
1703
3450
261
1660
626
3031
3027
3648
1653
1663
2991
3011
3011
676
686
2448
673
680
955
3617
1731
3647
3641
3695
3877
628
3833
2613
3965
3756
3744
3873
1743
2191
396
1729
616
1248
276
278
1514
1642
1728
3941
642
1485
1480
203
1485
3380
327
3144
756
3227
1855
1868
1866
10
168
1731
2771
2768
2768
2772
2772
2768
2768
3015
2104
109
3031
3015
203
3126
3470
1874
3176
1621
1915
1914
3736
456
553
187
188
3476
2074
2260
1821
602
555
5
546
2
538
3267
943
3004
3330
3466
2167
2239
3043
3062
2234
3873
202
3926
2263
2074
2267
2259
389
3937
3716
2851
3806
8
589
3657
683
722
729
763
3
4
2009
2010
1817
1991
1997
2848
3801
1997
1078
2064
22
2522
2064
725
2501
3973
2496
3736
2227
2226
2831
2224
2124
744
2222
1124
1128
748
3700
2221
2224
695
2214
3438
758
1356
627
3526
2612
3207
3971
3704
3206
3210
3228
3644
2219
3644
552
2803
3777
551
2840
2786
2848
709
1853
3430
3369
3364
3368
3365
3857
3368
2848
3329
1920
3145
3142
1923
1374
3586
2573
3611
3657
1244
1374
3263
1372
3584
2097
2097
3397
1555
1232
3345
3357
1239
383
383
3177
383
3105
312
2382
318
2381
2380
543
2382
2382
2382
71
1067
735
70
70
68
3315
1659
3864
1620
2097
2097
2590
2590
456
2590
422
425
1375
32
22
422
3682
1293
90
3589
92
3636
3639
3586
1687
1687
3315
471
941
2233
1150
3589
93
92
1555
2531
3698
2469
92
3694
2541
3345
1811
3374
692
535
1824
685
1812
3780
3600
3159
2854
416
2843
1475
423
3220
2824
1512
3315
485
3600
3215
374
3788
737
356
1139
4019
3721
1138
531
535
2371
1958
3261
1139
2472
3734
2397
2095
827
1358
1152
3309
2372
392
2394
2637
2639
3393
1916
3791
277
334
403
2978
1554
248
3641
248
248
248
3641
1553
1553
4007
4031
4013
4017
4021
1803
3013
1555
52
2537
2508
51
3162
1051
2510
3257
2037
771
2856
1479
2537
2537
1357
1333
1031
2692
2694
3773
4095
1644
771
3926
1443
2138
2139
171
554
1243
4017
1583
1062
3836
191
674
1062
2126
4063
3821
2670
3173
4045
504
679
3941
3990
1129
1285
1292
878
1286
2440
504
2444
2238
174
681
685
2195
2294
2726
1208
3574
1895
4013
2221
3998
3583
1419
2380
2377
3973
2403
1414
3374
2294
3962
1139
2216
2084
2506
4040
2929
3388
2615
3175
2216
3389
3412
241
4091
2209
2329
2348
522
522
1419
3389
692
1360
2055
2615
3147
1363
2321
2238
2983
2326
1373
1350
3998
2579
2492
2486
3512
2102
3496
3497
162
120
3508
3508
1363
2348
2749
349
2062
13
76
185
2062
124
124
2062
79
125
78
2094
3551
2062
2062
772
777
1822
1539
2631
790
1582
1565
1916
3997
3605
3001
1277
1965
862
1051
4075
3250
1586
3324
1596
3117
3899
3899
3836
641
3326
2942
2087
2209
185
987
1965
740
927
740
1950
942
2633
3237
1822
2764
3017
2780
2787
3017
3017
3016
1347
3017
1292
3017
2655
3551
3016
2515
2281
3163
595
3166
3155
2401
2403
185
2403
618
572
2339
2405
1117
3694
1316
2403
1648
2270
3507
3986
44
1958
889
3466
77
3511
756
3510
2386
2387
3265
2385
3679
3507
3004
3694
3708
3679
3687
2169
3264
323
3268
3268
2186
2193
1497
177
2286
1463
3270
3218
1687
4086
3465
1683
1681
3469
2574
2289
2986
3920
2764
226
3930
1965
1621
3907
477
2295
2302
3630
754
114
2291
3000
3653
3686
2584
2236
2237
2065
2278
