mesh_partition_v1 4096 26411 -1 cell_order_v1
719
4034
2805
1727
1526
2867
685
1817
2895
1802
2895
3950
2870
1653
315
1167
724
3553
1992
3446
1526
725
495
1640
609
1727
1649
2668
1218
685
3105
1696
3146
3629
1635
2964
3517
3814
3642
3969
3878
540
1232
1762
3972
1248
3972
2457
3146
3144
3970
1402
1727
1400
1868
1402
2747
2747
2753
3878
3878
73
3878
2737
2738
275
1775
753
1402
4000
1004
3126
3298
1883
3222
3150
58
1051
2485
3475
994
3928
3222
3208
3149
72
1000
1000
3280
2147
1883
1961
2042
2042
1526
1883
1985
2235
74
587
73
1883
2934
3383
2402
68
3383
1983
2045
3149
3659
493
3692
339
3383
2378
2753
3646
2711
225
3519
3644
3656
2711
2711
2711
3442
1727
1938
733
493
3623
3093
828
3623
4000
4093
68
311
3622
428
849
3623
2411
2571
1997
3279
1202
3939
3938
1987
1278
1456
3938
3133
3939
2712
3536
1423
1987
4082
3242
2626
3460
3264
1997
3160
3160
3163
2667
3579
460
3459
305
2261
3499
305
305
3111
305
1319
655
1317
2252
3495
43
43
463
43
47
2363
2358
2114
1451
68
39
1612
485
1451
2768
3526
4006
1451
459
1629
1451
393
1913
1166
3357
4004
1154
1740
3686
2539
3041
1060
1529
935
2865
1751
2865
1751
3174
2693
1074
2563
2692
2619
1155
1092
220
3163
1125
2864
2865
1167
2867
1119
2004
2205
309
2601
4079
3973
2004
289
1524
2004
2739
1254
307
242
293
2326
2808
992
292
1105
1584
294
820
3280
3760
549
2682
1047
820
1524
465
2671
1524
1524
1338
1492
438
476
1415
1881
3668
898
198
1694
2883
964
1079
2449
262
465
2022
1029
340
1998
1895
1999
922
1894
195
2898
489
194
1323
194
1812
2319
479
2402
338
3813
512
195
2539
3533
2355
2357
2910
3690
1855
1338
3881
4087
3202
1653
1338
106
1338
2437
567
807
3046
2178
1848
566
1466
351
1463
238
504
2399
1595
2311
84
2437
504
2363
424
427
1595
3023
2437
2243
2861
2872
2940
415
1290
1276
2855
2876
1290
513
520
3549
2633
514
415
2364
1833
3868
3659
2633
2437
2633
415
2633
3875
3683
3875
2793
1815
988
2032
3875
161
2497
2521
1118
3872
2269
2032
1660
50
51
2492
318
58
2559
2032
1046
2314
2309
2493
3882
3770
2310
1930
2489
108
876
3111
3706
2032
3356
1046
1394
3150
2628
3679
72
1986
3185
1193
1046
1046
3517
3923
1169
826
3172
1846
2628
2629
1940
3006
962
1940
2628
4013
1982
599
4007
1831
3392
1155
4013
1902
4013
3399
4015
3394
1193
3392
3990
3080
1840
213
210
1567
1089
2329
2103
1089
3858
2883
1088
2461
2770
641
1558
3172
3557
636
3446
617
612
608
966
1023
213
1193
1932
2756
3098
1088
1935
1223
2365
2365
2131
3933
1935
3172
2449
1604
1376
3154
2114
1932
1850
314
1850
3172
2389
1291
3346
2840
2362
2666
3293
2666
1440
682
349
625
2630
3238
2398
3286
381
791
2390
154
311
1855
1855
1849
1116
1725
1109
3126
3767
98
3957
109
2503
1057
3125
3624
3697
781
2572
1085
2124
2567
6
2220
3760
2220
2221
1850
2107
1794
1377
1794
1794
836
846
1794
3555
863
842
3459
2111
863
451
2371
1269
2374
1269
572
2495
565
2154
1235
1235
2810
2110
2094
2094
1634
1768
2094
1763
1910
4049
4061
1762
299
2111
1442
3705
2539
267
2094
3155
1079
2111
917
1050
1687
3706
1107
2221
616
3293
1069
1031
1033
1275
1117
1739
1117
1668
2099
3569
3569
3292
3178
3523
2799
3155
3412
2806
2806
2098
88
2151
2799
3569
3569
1279
88
2366
3949
2809
3008
2806
3440
28
1090
2799
3542
2332
3180
3525
793
798
2332
1157
1843
1162
27
3751
3269
551
1972
1623
1812
1820
2328
1537
1792
2020
3525
2328
2426
119
1746
3541
109
608
2799
3293
1564
3542
2426
3275
1274
3897
2746
1649
2721
2703
3897
1400
2935
1581
2151
2591
2732
2426
3483
2828
1581
3357
2275
564
1483
1275
3897
3897
578
3011
501
503
3969
3969
3868
1009
1581
606
2781
2104
2105
2426
3111
2105
3970
3853
2844
1998
3124
2862
2849
1852
1581
730
762
1657
1656
558
3915
3087
1565
739
3309
250
900
838
3081
886
3076
760
711
719
3086
2016
3706
200
497
3141
3442
3927
3706
2007
2595
3906
3852
3570
3642
3852
3620
721
2521
2507
1664
1638
3892
3502
1424
1665
3022
1058
1665
3022
3132
3702
1719
3134
110
1606
3335
108
3265
2388
2173
1665
3265
1694
1463
3156
2222
2222
165
707
3283
2814
3998
195
1457
3991
2222
3653
2222
876
1203
3648
2607
3150
3150
3650
193
3853
4005
404
4070
3756
710
3996
3649
1874
921
1437
920
920
3332
3570
1804
3905
1804
4043
1494
3908
677
908
1397
1804
3991
1260
1432
3141
624
2989
1009
3991
2843
1135
921
1605
3675
3916
770
3916
1110
735
1915
301
608
2174
770
1857
665
966
966
3400
553
1507
509
2108
10
1702
1970
1263
3870
2992
1811
4035
1292
888
4035
2992
1040
1409
3916
3916
2632
2174
314
2293
2633
3747
847
1172
4073
3770
4051
3593
4081
1206
827
3528
3675
1655
2174
404
1544
1921
3402
3988
2174
3988
3988
3988
2983
3420
833
1704
3398
3201
3423
1034
3419
3866
3417
1704
184
1398
2024
1707
188
1568
1629
3951
1707
3598
1621
1145
1628
3887
3936
1708
1566
3325
3162
3598
2024
3598
2788
2932
437
4036
1142
2792
3255
1613
3268
294
2792
2798
2798
1576
2792
2436
63
3245
772
813
2888
1292
743
2514
3485
3206
375
2333
375
719
1945
2110
2380
2332
622
1944
1648
1190
419
2513
3715
296
2513
421
3145
2514
3339
3626
431
1821
622
623
9
3378
190
1906
826
1601
2488
622
1093
775
230
138
787
88
1562
1910
1859
446
3737
1093
3969
3985
2471
189
202
196
221
862
207
2328
814
2598
203
2574
827
1127
3529
731
3952
3831
190
215
227
375
849
215
2157
1048
3677
2173
2173
77
2173
2593
1093
1868
1611
2081
464
3123
2140
3529
2537
2082
2080
3664
1163
1061
2080
2885
167
1539
1700
167
1365
3780
2839
2834
717
2359
1061
1396
2837
1435
3688
2837
2817
570
1440
3379
3318
1004
840
99
957
2779
927
1693
950
458
2726
458
3390
3424
3390
2457
504
3680
948
3427
3339
3430
1679
3317
716
2728
859
3582
1939
2532
1188
4083
59
58
2546
4083
3391
1471
4083
1803
1498
1507
698
941
716
831
1847
2936
3718
4067
1724
2726
1166
2940
2618
4025
3806
2021
3483
1761
1761
3097
3980
2618
2041
2620
3501
2044
2699
2613
2487
2670
2978
2853
2487
2487
1937
1948
2821
1985
2487
1818
2781
2047
724
724
3933
1166
725
2013
2013
2857
1677
1685
1169
1167
1815
1946
725
1790
1813
1865
2937
1865
1809
1778
1776
2349
2464
1783
3270
3300
2033
3110
1809
1800
3278
2028
3867
3685
2941
2936
3115
1813
3523
3115
142
3842
3560
1954
1865
1955
614
1973
1493
1974
1973
1973
1865
2047
3137
381
3607
552
727
748
3606
3297
3146
3594
1353
3606
3607
2513
2741
2506
2461
48
3835
2526
4065
48
3146
1806
3760
3146
4060
3439
4051
3659
1719
1607
4051
4060
3912
3044
3622
1035
3912
3919
1543
3748
3119
3935
1755
3137
3594
3594
2563
1541
1760
319
3398
1162
100
2997
3137
3163
2604
223
3361
2793
2729
2453
3385
48
3363
647
2086
48
957
3109
929
3594
2864
1884
220
668
2120
2727
1860
1800
2774
1001
4008
2450
2727
3481
2580
3916
1660
929
1067
931
1186
1860
1455
1255
544
1089
3236
352
1823
3271
3264
3168
3487
2068
355
2447
1520
1884
544
1519
3950
3445
223
1519
37
162
2915
2568
1911
3747
1591
1923
619
1518
230
784
2885
3506
1442
1911
1433
3763
1488
1907
1461
3717
3506
1907
2614
961
3506
2617
3732
2564
3892
3506
2499
3228
322
2003
4089
1445
3895
3422
3997
2005
1196
2773
643
2807
2341
2640
999
3775
1599
2035
2534
528
3612
1598
292
528
3612
1572
199
2591
4
119
2775
2610
1827
1810
3612
132
20
528
180
1137
3562
1229
528
1174
3606
881
267
3612
643
1980
640
1295
3102
3176
1290
3717
1943
3553
457
840
266
2683
1303
2392
2671
1129
1899
266
266
2661
1635
1635
1635
2391
1635
2116
138
1348
175
1546
3144
183
2794
1348
2647
3154
2121
1811
2848
2343
139
3647
2989
2892
2035
1143
3538
3195
2950
3159
2958
1351
2391
2964
1351
2967
2656
2991
1290
2954
2269
3970
2440
2960
2392
1253
2967
82
624
548
582
869
3605
2466
2237
548
2364
2519
3128
883
147
836
548
1295
252
2199
202
3603
548
241
2578
3641
2022
1254
1655
1196
1167
3636
2578
3602
2440
2583
3641
2330
3103
167
3603
2642
447
461
435
3480
3898
2786
3640
3419
1156
2007
1959
1959
3351
2583
170
3641
512
3641
4004
891
2111
3020
890
3016
3020
3206
805
707
447
3211
2856
3434
171
160
3212
2957
3343
597
569
1513
527
3233
3305
3312
3477
1877
3213
3808
1721
3971
2121
3429
569
3444
1515
423
447
3962
1258
394
2261
1750
1506
395
3211
1636
185
1591
3950
1505
395
2979
957
869
1654
1151
1150
2981
394
1348
354
1151
2355
2512
2981
1151
1150
391
3074
2979
1655
1151
3444
1134
1685
2595
3018
1894
1948
2249
1379
1890
1164
423
2248
3279
1892
2252
1896
513
422
2501
2475
2641
888
2873
146
831
1018
2475
769
869
2472
422
3309
3295
3108
3108
423
3294
3971
2475
2959
334
3049
330
334
897
649
335
3065
3971
1335
1876
3054
2183
3241
3242
3995
3994
446
1741
950
3404
951
1308
3971
420
641
1195
1047
420
324
2786
1186
2636
2747
378
949
3647
3995
1186
1240
1632
1387
1814
1814
1814
3351
3243
1814
1341
420
1312
2498
2498
2498
3243
2498
420
2809
2359
3549
3526
3455
2595
2594
2994
3822
3345
2987
3045
694
3822
3069
3453
1317
690
1330
1192
728
2594
1188
2595
3346
2435
3268
1269
3352
3304
2431
4075
4006
1597
3815
2384
3815
842
2428
2428
3353
3788
3363
2964
3756
1595
2525
971
2409
2407
3719
3355
2414
2279
3075
700
3093
3468
131
3101
3469
2042
2225
3719
3249
3205
3940
3727
2425
1729
1452
2850
4088
3123
1728
4092
3520
2189
234
3343
3378
3349
2178
3643
2540
3382
2790
167
3643
3102
3422
3337
3936
234
857
3312
2867
1728
3202
3621
234
129
3623
3127
2286
4002
2922
3621
1729
4061
3691
1781
1018
1849
3843
2189
3118
4023
3520
2739
3463
806
2927
2188
2186
936
921
923
4094
908
1806
1834
3284
2908
2594
2615
1803
972
46
654
4095
1834
4095
243
247
1391
2307
2307
289
245
3489
994
236
1848
2977
147
3507
2947
2677
2542
518
933
1520
2945
1202
1009
1602
2004
933
669
3507
3489
14
8
2015
511
3366
517
974
4094
573
13
779
2769
932
932
4057
3770
2370
3933
3661
373
2009
2371
2371
3374
1925
1265
3729
1203
2897
931
3729
373
373
822
2370
3821
2265
685
1781
499
2519
373
373
925
3001
2351
3210
2172
579
682
3348
3637
925
952
2032
1870
681
1666
631
2866
2988
1993
1114
685
245
3783
2076
2078
3332
1566
2197
1724
3933
3107
3859
3859
393
1002
1881
2885
1410
128
2912
2912
2885
385
3017
1959
3000
1971
2992
304
3001
2436
1661
905
1143
1215
360
2445
2339
1273
397
3277
3932
2167
3708
1214
2217
16
3020
2148
3923
2249
1214
2445
2445
2444
546
1409
3333
2444
1838
2444
2444
2446
16
1877
1411
1876
3933
580
3242
2385
2282
1514
1486
1521
1349
1472
1408
717
16
2137
3705
2476
16
674
849
915
2136
441
2134
84
1373
1932
1798
2607
1802
1370
1752
3681
3441
663
3550
1370
572
643
3756
218
1372
3147
3147
3804
3184
3195
1453
3171
3171
692
3616
3678
220
3121
1914
3195
3289
3551
130
2061
219
1971
3146
233
3442
3932
1971
1328
1332
2207
1337
2556
236
3883
2262
3939
782
2506
2262
1506
3261
1347
2184
2539
2467
3261
770
3420
2995
770
379
475
475
1969
74
3516
474
1715
1633
3767
1204
1970
128
1056
1634
777
1206
2357
1854
1984
2018
2496
1927
2359
2357
1854
1820
1968
2292
1428
3613
289
3891
3999
3964
3932
2108
2158
3595
473
3546
2237
473
1640
2490
3246
3107
528
3246
3219
4073
1035
4073
2384
669
2007
470
3766
3768
2384
2429
2835
262
2937
2755
383
2593
383
1946
1676
1652
1673
1900
2001
1988
2597
1987
1987
2699
2090
352
2699
2903
3547
561
3730
3763
3559
2540
580
2699
563
1869
3614
2698
2670
3679
2898
2681
3198
320
2083
1869
2970
2898
767
2188
1033
2898
2493
2206
2699
1045
2185
1940
2185
1566
1657
3105
2901
3767
1061
1059
3452
3140
1980
2901
563
1869
301
3224
3224
3503
3843
3930
34
2492
561
2443
2439
2489
2981
2493
3974
2435
2419
394
371
3503
2455
2989
394
259
3817
2175
2987
2788
2987
3752
455
1831
863
767
2733
2117
2493
294
455
767
2016
2168
455
1989
1992
765
1917
3709
1
454
3709
3503
3054
3817
3817
3503
3041
1922
3054
956
1900
3816
2970
4047
3391
2957
3778
2964
3778
3778
1652
3778
3404
3990
3109
3990
3425
2565
3340
3274
1669
3791
3108
3107
3861
3794
1123
3804
3816
622
3425
3698
2500
3990
2501
3816
1794
892
1429
1434
3990
1434
3172
1434
1099
316
2605
1434
907
4052
1624
2915
1018
996
2546
2461
3484
3611
3819
1624
360
3512
41
965
3500
551
524
893
685
802
2503
4052
643
1688
1470
667
366
349
1624
1283
1624
4053
1675
4053
2959
3034
1283
2518
3720
3911
2456
3531
798
3685
2503
799
3685
2343
3748
86
1599
3193
1561
502
799
1033
1937
2869
1024
1816
1722
799
3430
3150
3656
1809
1740
1186
1673
1187
2263
3638
2342
3635
1802
3639
1187
2265
2738
315
3685
799
3298
3204
3305
131
3817
3488
1186
499
114
155
2572
49
2571
2562
1513
2580
2342
3685
3470
1730
851
1671
3366
1662
2990
1663
131
2984
600
3173
3305
1654
3843
3452
2442
2955
939
3421
41
933
932
1083
1661
3762
929
198
3854
3890
1611
2112
49
1908
2343
3287
3287
3620
3287
114
1472
412
3620
3417
3854
2024
412
3555
3620
3624
401
3624
2007
2638
1793
2006
2427
2299
2501
2413
2410
3326
3324
2803
3850
3620
32
3815
817
718
3455
3324
2916
259
1206
2886
787
2905
2520
901
258
3043
445
892
2280
3843
2148
3326
91
3850
3454
2536
2839
2940
2014
1326
1153
1243
217
787
3516
3768
2787
784
2258
1466
3593
3454
3580
1314
3953
784
1412
2346
3765
2359
2536
324
2345
2348
2364
1314
1018
1066
3223
725
3454
402
1066
3337
3512
1023
879
3495
3662
1066
1066
3602
3784
3975
1314
3975
1080
3979
3769
222
1230
1230
3337
3601
216
3235
2513
2629
14
2249
3979
3683
3223
3223
3630
394
3589
1428
836
281
2748
369
2594
3330
2827
2670
3601
279
2263
304
1322
98
326
366
1015
2521
2605
260
3020
392
37
2745
2823
252
1883
3420
101
268
887
2823
549
736
3243
971
1374
1194
1897
1013
2419
2738
4021
2417
3656
977
3458
1013
3711
1753
1118
550
3678
3071
8
1894
789
3281
1000
1895
2317
587
2358
3280
2350
2341
3280
3281
1517
2353
135
3061
2293
2317
2836
2500
1509
2841
2115
1619
1915
2836
1614
54
2838
1753
111
55
2064
52
2836
2127
2933
2836
2263
1753
1753
3119
1409
1409
106
104
2836
3779
2507
2407
2388
2964
1409
2828
2484
3229
2825
594
2675
2677
943
2293
2444
3673
2379
2874
537
2432
2520
279
2361
851
153
3672
3664
1229
3421
1476
1408
1326
1189
971
2732
614
2780
3672
969
2218
973
2443
2435
279
2408
2447
2664
2954
2957
2959
687
3763
276
998
3673
2625
3193
1451
3199
3198
3151
3901
3844
2958
2951
3198
3180
19
3199
1981
661
812
2624
2984
1095
2353
3033
3003
3729
1853
1543
3408
3281
1485
1542
3178
2492
3769
4067
3904
3881
2256
3181
1951
1951
3748
3587
1970
1540
1946
620
2572
3293
1946
1191
1543
187
617
962
1110
832
1110
977
622
1199
1948
1197
1198
2450
2502
331
1938
3671
312
276
1110
2144
3729
1587
3789
3670
3373
1159
3394
3670
1110
3406
1905
1190
2012
1723
1853
3395
1852
4009
4040
3961
3984
735
3714
2217
1813
3640
3714
3796
3395
1416
21
519
889
1832
2409
1126
623
1135
1135
1135
880
2409
809
267
267
817
764
660
711
937
786
249
1394
711
2375
1338
711
251
4029
1817
711
3180
786
2487
3173
787
797
3588
3018
3166
1215
3894
3162
1484
1734
3175
281
3161
3894
2328
1729
395
42
1722
192
939
1213
3119
3081
3179
1082
2971
3894
42
312
3116
279
282
2774
1573
1573
2780
1573
2609
2471
1141
2383
1140
1539
3592
952
1357
516
517
312
973
3250
1914
517
207
3800
21
3545
517
3427
1749
3251
2061
2007
1574
3406
205
2049
254
923
1342
953
948
934
2140
2139
1435
2320
3177
250
224
3149
3182
3251
2216
1330
3193
2113
3198
3181
3197
8
3036
3036
2619
2618
3251
1999
3196
3027
2140
3017
3407
1999
3640
1325
287
1162
302
1327
1335
143
1327
3406
229
1999
838
2609
129
554
2804
2545
851
2804
2804
2804
686
1163
3205
703
3124
3190
1999
1324
3269
3767
567
833
2577
780
3691
1766
3214
2581
2578
851
833
834
3729
2583
3117
759
739
760
539
1917
834
4037
3036
737
2935
1092
2081
1092
2583
1092
2868
2715
1092
3036
2561
3225
3225
3227
4047
4042
2
3421
179
3629
1447
594
1825
3124
1801
516
587
826
2002
1586
3518
2005
510
510
2341
3629
3829
3517
1111
1208
2296
2
2392
441
4057
855
903
3
640
1939
735
3904
4082
739
3762
3693
509
3119
739
1278
1764
617
720
739
3
1002
2040
319
2515
2437
408
440
1573
314
2738
2594
4063
1573
1453
2263
2868
771
4031
1445
1426
1693
1035
739
2040
1992
1614
3217
2055
627
2063
1453
355
285
1500
3148
3539
1500
1822
3157
1491
1696
1700
1710
510
1500
2782
2040
1120
1741
2725
1712
2040
1965
316
2366
3240
2639
389
2242
2242
2756
144
170
510
2653
1500
1444
1064
2985
2985
1604
355
355
1601
2509
355
2509
2202
1605
2510
2113
3842
1016
3989
1918
2646
2985
1874
3487
516
704
3992
1824
704
87
426
491
1869
561
1027
4059
1064
3070
1464
564
4061
1885
1670
3483
1669
1886
3475
2754
2985
4083
3476
904
2182
3267
2720
1828
1825
1542
1833
505
481
3827
1778
505
492
1825
3474
1827
115
1926
1556
1925
3187
2722
3068
2187
2176
2826
1401
341
2729
3909
3414
2826
2050
2134
1422
3683
2134
3934
1427
1422
4077
1432
4076
4076
1912
181
200
838
201
161
731
569
453
3682
4077
3258
1322
2729
739
494
1441
119
3681
105
2153
2899
1582
1031
1317
1170
3681
3609
895
496
3922
1038
3225
1670
2745
1047
2721
2262
545
33
714
2262
718
403
12
826
3293
827
3260
1958
2253
2349
2260
2757
3118
3353
895
2528
2528
258
1868
52
1245
2916
18
5
1274
894
2916
3367
1863
3
3385
2879
2025
4023
3321
1411
3075
1669
3075
3167
4001
4001
3900
3878
3945
3087
3900
3903
2025
1656
1755
2025
988
3123
1964
935
4020
1003
1237
1217
2025
1186
2876
1964
1580
2095
3797
1580
2089
2585
1580
1934
1580
427
2137
1771
3114
1736
895
2084
2085
1537
102
1350
2770
1645
1566
1350
1612
1350
1536
1537
256
483
2816
2450
1350
2875
3116
2678
2527
2862
2443
315
4009
2644
2917
2781
2857
617
315
256
3120
480
1036
629
1398
482
500
402
627
3121
2240
3430
3130
3130
3763
3130
3130
2504
2520
1542
2655
3079
2520
3095
463
2606
3095
2801
314
2496
2172
3953
3062
213
2496
2496
402
2497
2254
3613
2226
222
2246
222
388
213
467
2939
458
726
269
258
1741
2727
1201
3062
1564
1230
1756
1553
1558
3062
1738
3654
2078
3062
1756
1011
4074
1756
2392
1756
1756
1590
1667
2043
1942
2673
1153
1965
2285
1441
2281
3828
2393
1779
3812
2707
1779
3098
1917
1604
1243
3880
1551
1545
1997
1725
3305
253
3887
3287
3125
3110
3305
1741
214
1738
3094
3307
208
3872
3879
3432
3800
3883
3880
3903
236
208
3927
3356
3306
1673
3356
1242
2022
1243
2021
1737
3306
1116
1983
214
555
1312
1345
4074
765
1359
3507
13
68
67
762
428
374
3507
586
2297
762
428
2298
1246
764
2298
1516
3918
3507
3523
2302
2722
56
2329
1323
3475
3627
3365
3607
3351
2296
3507
3828
2328
3143
1032
967
1349
1356
53
1345
882
958
717
1347
3308
3183
3309
1369
1639
4074
2513
1297
2506
1495
1369
4074
2802
246
2260
3143
253
3052
1358
2247
627
3143
2344
4042
2802
1826
2379
2388
2388
4046
1350
3331
1013
1369
3498
1740
2481
2803
2802
2511
333
4046
668
4040
2574
1972
121
1929
653
651
3603
2574
1030
3296
231
2506
3283
2574
2506
1531
3953
3283
3649
2067
3945
3649
2476
2534
2523
2959
2574
2646
27
2592
2511
299
3256
1421
1423
1418
3268
1418
217
216
3552
2126
3558
224
1580
684
1412
3256
3307
3290
1577
1576
2282
1563
236
725
80
331
210
3586
3256
704
1851
3561
1580
3550
703
825
79
1563
602
3256
2994
3416
607
3476
1557
3399
566
969
1484
1450
2800
79
2800
2495
3835
2292
3335
2070
3411
1684
1043
2071
3345
3418
78
2328
2943
3418
3418
3418
2782
1123
1120
1120
125
1979
124
56
541
3263
1685
2029
2114
3294
2436
3923
2440
1472
2109
2782
286
2109
3047
3027
78
452
1571
1137
2098
107
2189
1835
2942
1835
2782
2782
3520
1136
3193
297
3003
3389
1136
3888
3929
1136
3315
1555
1136
1902
1902
2371
3250
2446
2752
3929
871
2371
2789
1902
157
153
1902
3314
1647
1647
3456
3928
227
3266
801
2369
3101
1646
707
1647
3290
1774
3110
267
3269
3363
173
824
2684
870
3088
3870
3706
3881
3169
3849
3273
870
3100
2615
2265
870
184
870
3148
2968
3496
2680
3699
1608
3477
390
1605
2680
1386
824
2968
371
1138
171
2968
1139
444
242
1637
1964
75
1966
2968
541
1974
511
401
41
1637
3589
1283
234
192
3232
1490
397
3404
3404
1287
781
2644
830
744
1636
729
1489
3425
73
1375
1636
3715
3986
3769
3786
3203
2280
3786
3683
1088
2528
1088
642
2528
73
515
1482
1316
3247
1091
1293
1377
2857
1091
1631
1862
457
1862
3030
1386
1863
2820
2858
504
2863
2872
2872
124
346
642
3645
3797
2003
2571
3809
3827
23
2452
2863
2939
2616
149
2616
2568
142
168
511
956
1152
3961
1435
1819
1617
1639
1715
3002
3961
3786
1817
2816
1151
1129
588
1291
3957
3985
1499
3957
1139
3786
3793
2166
2167
249
3835
1014
2425
1290
205
1442
591
567
3477
2809
1153
1449
3509
2809
3812
741
2641
2595
3515
3478
280
2590
219
1287
2805
940
940
1888
389
47
402
1341
3481
965
2116
255
3250
3253
3719
3493
246
656
4022
691
3701
409
247
2627
1449
2956
3040
255
319
3030
285
1869
1691
1778
957
319
3118
318
319
4033
3359
4088
2398
409
1442
1303
2816
1303
1006
1343
3424
690
30
1209
3666
3432
1015
838
2377
984
2439
863
4036
779
2377
4035
656
2269
1477
676
2377
2377
3011
3229
3015
2003
2270
356
3046
2035
3042
3010
2775
2035
1850
1287
3007
3058
24
1144
3523
1775
3713
1877
1994
3943
4032
3713
2945
3363
1144
3940
2061
2752
3789
648
2949
3671
732
3329
3733
2061
3753
1847
3712
2772
891
738
802
539
1045
2856
3231
1383
3523
2357
4016
2357
3231
2200
2467
3082
2358
2358
3521
521
1353
3526
2294
3102
2820
2858
2293
595
3868
1065
1519
921
2295
2293
2288
2288
628
4019
4026
1346
1015
559
2887
2923
2453
3231
2825
4026
1346
4026
3951
2153
4046
955
2938
156
2938
2938
2938
391
2696
2744
2618
973
255
2951
1214
4047
4045
275
820
355
286
823
968
2611
2204
3617
809
1002
2331
934
2331
2331
246
4044
706
2615
2977
1199
3229
3129
2669
2204
3677
1611
921
2947
2331
1019
965
980
4019
3699
573
980
836
2777
3628
1019
852
3364
3472
1436
3983
1437
71
892
3099
962
244
3159
3731
139
3472
1754
187
1469
943
1212
946
1759
25
1468
1611
2267
3099
3657
2453
3962
187
4039
3291
1488
3291
3291
3101
3291
2690
2466
477
3031
3099
3031
2466
2177
3099
1280
177
921
1682
583
1679
583
3271
583
3072
3313
583
3165
1717
166
1327
3634
1227
3445
2274
845
3292
844
3446
3295
1683
3968
656
3207
3389
2752
2752
1244
1745
844
1477
513
3932
1735
3925
3924
1710
2069
3961
3845
3948
3940
1282
657
2883
2579
2326
3932
1283
1208
1065
1165
4000
1949
1939
2792
2453
467
494
3070
3398
4049
4048
162
701
2219
727
2130
1949
1189
1798
1263
4050
1760
1950
1951
1938
2258
169
2131
136
1419
487
1268
840
4050
1222
2131
1681
1938
2130
1222
3968
3883
1222
2588
1222
3298
2807
2811
1250
1251
3200
191
3696
1170
1018
1609
1257
191
3256
3039
2519
2264
2589
220
2544
2813
1280
1331
2913
1280
2813
4025
1329
655
1263
1990
2262
2116
1143
2468
1888
1892
2397
2262
1688
473
458
3175
476
2288
1226
3555
1759
96
2590
1759
1226
2813
1287
1912
2526
73
2525
569
83
1609
2617
707
2590
2480
1646
1812
1812
2327
1812
3505
2525
1027
3595
2018
1096
3585
1660
2001
1709
1811
1918
3615
3505
3854
1027
3081
1550
3615
1603
2005
3587
1924
2396
3611
4087
4084
2603
340
2603
2603
2603
1913
2269
1525
2001
1242
1083
202
3827
1170
2396
1812
464
965
3609
3682
2396
465
3543
737
2396
1430
464
1910
1291
2752
2245
1908
1748
1365
1284
3955
48
464
3316
3943
2128
4056
2084
2019
52
52
1658
149
2175
2169
1458
1357
1658
1514
1240
1658
3985
3678
1286
2135
4064
2141
2196
1498
2347
2319
1491
2194
1284
1424
1658
2268
1990
1309
2454
2454
1243
2454
3271
419
3126
2019
3537
3078
2454
3268
160
1182
2960
2160
1425
858
3434
3433
2459
847
2841
2441
2441
2973
2909
1066
240
240
1233
240
1154
2841
1087
240
1424
2170
49
3682
2959
2950
3545
2951
3412
1317
3262
2950
3765
2963
3420
3432
962
2875
3384
3434
3441
967
967
1671
2197
1702
1769
1677
3089
1638
3229
977
4066
1205
1201
1185
294
4052
2386
3816
1187
920
1201
977
1184
920
4051
2842
2686
3221
3599
3223
2410
1053
1108
2842
44
3577
2104
549
2554
3222
1913
1824
3154
549
2732
1750
945
1195
549
458
893
3584
621
3594
488
2555
311
2061
4066
3221
2060
2051
3959
2555
2605
3985
3744
1195
2771
2563
1985
2767
2816
2144
2147
2343
2555
1726
1160
3344
3344
3745
448
3912
732
3838
827
3345
1207
1640
2762
2048
3913
4045
726
1327
2059
3705
1696
3780
1323
2356
2265
3798
2869
3913
2608
2787
82
59
0
3741
1813
3912
2195
3407
1259
3745
3910
3992
3345
810
2053
2866
3672
3677
3803
3526
2205
2348
3631
3625
803
3744
803
4076
3631
1823
1633
968
1725
604
810
3005
1257
3520
3191
2014
2014
1740
3005
2591
2205
2906
1657
2888
2495
2341
3761
789
775
2710
2526
2570
1739
239
2741
211
2195
472
3742
3362
3742
93
3009
911
968
2014
2979
1629
3032
1643
3742
1731
2300
2780
2590
3006
2795
3852
1113
3510
3579
2643
2145
2145
3742
2014
926
3616
3638
2516
1900
807
1758
3638
796
1758
2517
644
898
1758
3645
3619
1565
663
2673
1112
746
2672
1112
2517
859
3565
3739
1966
3689
1279
3745
1233
1758
399
365
3951
965
1113
1080
644
103
3051
2361
723
2850
2361
1442
1447
1138
652
1444
4043
1777
231
3132
3491
495
3134
3403
244
1993
708
3426
246
1156
495
749
3537
247
103
3604
3126
495
761
472
122
495
3445
1652
2516
3278
2555
103
577
3277
2717
2118
1459
82
404
2686
318
2684
280
95
604
2109
654
3263
577
2551
579
1232
3232
2589
654
627
742
594
784
2686
2054
2696
1400
3579
2829
2847
2054
2847
2828
2054
1643
947
127
2976
249
3064
172
2696
1011
3768
3769
318
594
2054
1250
249
1232
2965
660
661
1405
3888
1491
1325
1504
1841
1232
3694
3632
3351
3830
663
4015
1400
1390
2727
397
1807
1905
1914
2496
2464
2514
1583
1891
406
507
1841
161
2142
1807
269
126
1765
47
93
2313
1099
1175
1162
1159
2717
2348
1765
3789
2366
1260
1841
299
1583
2309
3412
2738
886
2726
1841
319
776
1075
2976
1075
3305
1094
3274
3781
3253
3755
2153
2623
4095
3743
2620
2
3230
2866
2
3230
1990
2683
2961
3230
2991
2196
2199
2762
2986
2313
1987
3412
2356
1300
74
2313
527
698
2356
3344
3098
3535
1985
3900
1779
2946
266
2835
3327
3344
2822
31
4054
374
4068
1395
3379
2423
2415
1117
2829
2436
3
2647
30
371
38
1111
2637
3296
1108
1109
1150
2637
2961
3317
3998
369
1422
1008
4
840
2767
87
1432
6
2621
9
272
2441
1872
456
2443
3537
789
102
1694
861
1432
1422
1556
1311
3073
1872
3183
2477
960
713
553
4012
1769
162
2114
1602
4006
1600
3176
3155
3154
3424
4020
3961
834
1872
2668
1872
1861
1896
2038
1992
1091
31
1281
104
2318
2035
3773
3771
3774
793
4003
1266
493
1271
3773
3774
3773
3769
3769
1642
104
1964
1642
1556
2707
1238
3353
753
3533
1957
1556
1958
2808
938
1029
592
3309
2247
588
582
2904
2901
2300
579
1962
3200
1072
409
594
2756
2645
544
2122
485
2913
2505
1734
2449
2301
104
787
2685
1299
2675
2323
250
1501
1305
104
1054
1505
1164
409
1185
299
1756
2337
1057
2808
2320
2324
482
482
1850
2576
2932
1850
352
484
2596
386
1354
485
484
1849
3316
386
1115
1101
484
1113
3911
493
1119
2277
1112
3925
2477
2050
181
3118
3106
1098
2050
1521
1510
971
4023
2278
3291
2278
1400
3119
1401
2050
1095
207
3876
3968
4013
3538
2096
3854
327
3466
3669
3328
4013
3136
206
3270
3082
3136
837
3136
2098
854
837
1067
1315
837
837
1357
837
628
205
1403
2441
672
3136
2436
2461
670
843
1401
623
2912
3924
2028
1586
1826
2032
1585
2033
283
2299
2028
2811
1587
1998
1584
1587
2456
2456
2441
3045
2443
3968
2440
2440
2026
2026
323
2021
2537
1531
2050
3694
3876
3681
2097
3927
3717
2690
2728
2031
3218
540
737
3905
545
676
1379
1263
2902
891
1720
861
1638
2030
3044
1646
1590
642
603
1983
2460
872
525
809
3043
1117
1461
678
1018
1054
2458
4011
3654
2423
823
2413
2302
2151
3072
2742
2422
2486
2695
2887
1807
2021
1032
3823
2421
3745
3462
3519
3367
2021
1033
2758
2459
3074
2410
1486
3113
14
601
2543
2543
479
2374
2773
1968
2778
969
2783
974
733
803
2575
893
2466
2821
2541
1968
945
2575
2176
334
2540
2020
3541
979
2584
945
3798
876
981
3812
3827
1021
1968
2403
1008
2582
1916
2176
2742
3358
3993
3497
3064
3376
3760
3823
3573
15
4027
3508
990
2739
3819
3390
730
981
1417
3684
14
3336
642
901
2391
1808
3684
979
3993
3015
3687
3013
3502
3993
3497
1858
1539
716
716
1701
716
3993
3671
3738
4005
3019
2695
652
650
652
3238
873
1023
2766
948
2950
3108
662
3104
44
1876
40
946
3719
1149
3634
2511
1955
1220
2067
3108
44
3924
3986
946
2069
1220
2365
2366
2399
573
1786
1773
3235
1739
1673
593
2367
2101
1395
3707
3586
2772
489
3578
668
3577
1393
403
1235
1220
3235
225
229
3243
2923
28
497
1718
3986
2812
1447
4058
1564
1556
1556
1333
1880
1564
2005
1875
2533
1222
3758
1218
1329
1081
1605
3758
1329
761
2809
1165
3217
367
1807
1799
4081
3758
3758
3704
621
3217
2754
1963
621
611
4063
1198
802
1823
627
521
569
611
611
1718
2519
1822
4081
3197
1954
1973
2854
2271
2854
2874
3197
3197
2540
4052
4070
2874
1149
2240
3578
3197
621
1283
3544
1718
621
3065
3217
1544
1589
1734
3065
1545
2810
2862
3414
3414
3592
1604
2849
3414
3065
1510
3382
2576
3065
3382
3336
2377
1836
3377
3337
1610
3382
2769
2778
1605
1912
1913
2463
2703
1610
1723
1026
3315
2702
1214
3317
1236
1880
2341
4032
1396
2549
2535
1175
2778
289
3266
1394
1659
1082
2585
1375
3972
2126
2592
2717
2234
1933
3217
413
1280
132
151
3316
884
2723
3277
884
1868
2717
2741
1390
3233
678
1867
1050
1476
3315
1866
1498
3793
1445
3799
4017
2741
2740
3016
3789
2508
2465
1445
4019
130
250
1884
2740
1445
990
926
914
673
673
1445
3789
2786
3736
3652
2470
4006
673
725
741
3103
428
719
853
2998
978
2821
429
1889
940
673
917
2859
683
198
23
3942
413
3860
2074
3939
3988
2859
2394
410
3103
3965
675
675
2225
3588
927
3089
3550
239
3586
2859
922
3589
410
320
320
3088
349
1130
1271
2859
3756
3323
3118
3124
3182
612
3322
3264
1008
2812
609
1435
1248
1285
1285
1013
2172
1895
1331
1335
2168
1331
1285
321
1285
1168
1168
322
4039
2318
1761
2318
2550
1390
3701
1538
2510
2510
2828
2828
1289
2550
2824
3775
3487
4093
3707
4038
1407
1363
623
2369
682
3449
1407
3426
1202
3451
1407
397
3450
433
2224
3825
3686
1057
3168
1597
3109
1330
3047
2938
2797
3487
2282
2435
2433
278
2437
3484
3770
1705
86
4091
1428
1117
58
3344
1364
4091
763
1836
1168
763
190
2210
1168
1456
576
2163
2210
299
607
279
303
4092
272
2490
1945
2210
1131
2463
432
2224
2691
270
3485
1945
157
2524
85
3140
85
1705
226
2210
2073
2049
3653
1085
3806
3055
2063
1998
2009
2051
1331
1335
3064
1343
399
1811
1343
985
1129
3715
1081
1773
3055
985
3054
985
3806
2996
3051
3227
1684
3807
985
459
3315
3050
3807
3875
3874
2195
3876
3872
375
3872
459
3811
2051
1253
1076
459
1947
459
3771
4049
852
2041
2761
1947
1979
1945
3812
2544
327
2063
1944
539
366
3813
3811
3726
2723
524
2606
708
2475
2680
3682
170
1512
2630
2663
2680
3564
1524
3488
2682
1795
523
1529
539
2685
2474
944
635
3051
842
3055
2772
1646
2458
1795
2423
3712
2247
3682
2453
2463
1254
2764
1495
3052
45
3035
639
2468
2814
1945
639
3042
2649
635
1705
3021
2383
3040
2382
3595
665
665
3374
3402
3726
2046
991
1926
991
1846
1861
1941
3598
3374
3372
3556
1613
3372
986
1717
3479
3472
1909
667
3917
2474
2421
3780
1495
1038
2620
1030
1795
1845
1904
1845
295
3394
1702
2442
2926
2927
2926
1904
110
3392
2735
1795
242
3858
243
252
3553
253
3560
96
1419
3646
3648
1845
1296
2208
1449
3978
2672
3272
3046
83
2709
2756
2426
83
2344
1845
2459
53
2783
183
2765
2942
170
53
53
3454
3755
1350
3450
53
455
3802
1718
3005
2283
2384
2969
83
222
1450
1476
3828
2767
3802
1098
4058
3802
3717
1899
1898
2442
3879
348
373
1898
3933
3914
112
1296
112
2517
112
1593
1464
1693
2476
632
443
2665
632
3802
192
1182
192
2798
192
1695
2257
2208
192
284
2248
632
1882
2453
2449
1882
1882
1882
1613
497
3764
2383
2406
2759
2886
2887
1389
2645
2972
1459
3393
2979
1289
632
1257
415
188
3542
696
1255
3543
693
1387
2279
1859
1887
218
3676
2900
1628
3095
1730
3903
3084
4056
2911
3288
3270
3125
3901
3543
3867
3943
3867
3689
478
2278
87
478
586
1632
2307
2759
2448
2181
1632
1119
2858
605
3669
4085
217
3668
208
2572
140
2227
151
3542
117
2922
2846
199
854
2010
1678
97
2846
3429
748
572
524
547
737
2224
2019
1779
1993
1674
1924
1856
1632
1971
2421
1413
998
1415
3403
975
897
215
1983
1378
1665
1063
2139
1334
1380
328
3106
1632
3286
1664
3393
87
3887
3858
1667
1673
839
1672
2846
2224
3547
2821
2846
2926
2927
3031
3023
337
2927
2862
2179
308
2863
1803
2926
3784
2232
190
2295
445
2857
3334
3362
1926
3334
1927
190
1842
3819
1842
3731
677
1842
653
137
1077
653
1842
143
128
97
196
964
995
963
933
1000
1095
1478
97
1483
1643
1644
3742
2139
1187
1208
1147
2911
2724
2842
652
97
3736
1912
97
2639
2787
3298
2240
1944
2246
604
1402
2139
2091
3654
2134
1762
1944
2788
1764
3863
652
1764
3236
3725
1767
1697
1701
1701
311
1608
2786
2787
276
839
276
1506
1696
1944
604
1944
3457
2784
2571
3660
3026
311
3247
1663
3660
3660
3660
1091
2183
2253
2387
2182
3856
1126
1938
4041
1115
3061
3541
2180
3467
442
3467
3043
3261
3457
497
3252
3924
3513
605
833
3755
3682
447
3053
3040
3697
3046
1402
1102
174
1349
3295
2459
2443
3789
3776
3755
2725
2489
3295
2585
1267
2740
604
1276
1869
1916
3294
1917
3643
3697
605
1866
2429
2749
3294
3697
1805
3697
2736
3865
604
1568
3242
2736
4017
1627
3220
3356
1482
1422
1805
1805
3355
3351
1911
3750
2407
1805
3359
3000
3349
3975
2182
2303
3532
1827
2301
2288
2290
3532
1342
1048
3750
2302
3972
3926
3750
1443
2538
348
2610
2866
2931
1443
262
1443
1443
3532
5
357
2611
3735
143
50
1459
350
3721
350
3532
1703
273
3735
66
1561
370
923
569
42
1703
1676
43
966
1887
619
3974
2977
2857
2839
565
2197
57
565
19
2757
1494
2999
1001
1703
3554
2667
3735
2653
749
953
57
3815
3821
3808
3828
1176
94
3836
1833
749
1072
651
630
900
235
977
963
1114
1220
1072
1440
1177
2345
2345
1703
2345
3601
3600
2345
3600
3749
956
3728
1853
3732
1367
1161
3588
3588
1922
446
922
2315
570
1921
2315
790
1351
1371
107
1577
227
943
3772
1576
178
3644
3143
284
284
283
178
2207
2940
239
1574
2974
176
2182
2315
2701
797
3068
2723
2873
2967
2213
2960
177
2551
1367
873
873
873
2873
177
872
872
2315
1628
351
3639
2873
2244
1165
3480
3148
2275
3242
846
1426
534
381
2275
2247
2247
2286
3178
1933
3841
380
351
2074
1816
743
65
2367
2610
743
3675
1844
3675
3605
3675
69
887
65
2259
742
68
812
993
9
2283
2257
2202
1175
178
1243
2207
38
36
36
1586
742
1772
2183
1221
310
932
308
1438
1848
2974
2182
2530
1929
777
1716
487
3588
438
3715
4074
2748
1738
1668
2974
1705
3308
2013
1704
3480
686
1867
1871
1879
2337
525
3245
705
221
2890
318
3480
153
1804
221
2890
2593
2183
2135
1341
2569
2103
2170
2752
446
2068
3934
322
1417
442
33
1906
2592
4094
1193
2228
3958
2080
2143
1864
3270
476
3904
1808
3561
2851
3198
3523
1810
4094
1814
1808
252
1808
1809
1809
575
1309
1376
573
3709
1437
575
1839
1561
3080
1659
1784
3096
3527
2645
2351
3815
2223
3071
1469
2422
2744
1437
3527
1065
1864
3704
707
1069
3591
469
1647
1806
117
505
1277
1657
1695
1478
2569
2537
749
2154
2229
215
3024
3302
1555
127
1864
3239
3401
1479
1592
2733
122
2778
1238
1607
1246
41
1075
766
123
413
412
1087
122
2155
1439
1594
2871
2150
122
766
22
1158
1417
17
496
1158
8
69
1158
1158
16
483
22
2216
2342
2287
2206
2199
3209
3455
3583
664
3337
533
3209
500
3046
536
869
710
2216
452
2490
244
881
664
3396
2485
961
2009
2194
757
2485
3944
3479
2008
2008
2009
3931
2485
2217
3040
531
2055
216
4086
3393
536
3881
15
219
531
3229
3209
236
3406
233
184
3224
2762
2960
3478
2753
20
2933
2704
3971
961
3283
2201
2146
226
20
100
1506
101
132
2933
3033
232
100
2049
1316
2945
2978
3209
2930
3034
1086
3123
3127
1117
1690
102
751
1680
1159
1264
3034
750
1433
637
4053
4059
2201
1879
2274
4079
2006
4040
1123
3283
1442
1086
3632
3632
3961
3924
3957
3632
3947
764
253
3938
1749
757
988
736
759
73
79
423
674
1086
2274
73
2482
1891
4090
4089
2775
290
1109
750
2434
750
911
944
712
763
1721
1058
1444
1062
807
738
1678
3510
1227
422
908
292
444
1317
1228
1644
1645
1782
3510
1319
3399
3999
3177
101
3671
3670
2649
3063
2200
1228
3508
3992
337
100
2607
287
1547
3695
3695
1510
2434
1350
303
1227
1462
1401
209
3508
1416
3631
1557
1610
292
779
3613
1887
3612
3613
3051
299
433
1887
1234
443
1173
2059
2219
2219
2077
2069
2219
1246
2219
1169
1168
1884
2591
1727
2584
3048
1304
1294
1295
1305
778
3401
3403
1078
1879
1073
1903
3048
1007
1177
1006
1002
2061
877
2089
2493
1727
2698
2419
1002
2600
3048
2578
1355
1915
2352
1007
2268
1000
69
2716
1595
3847
312
3812
3853
3855
1482
1996
3850
3851
2717
1486
2806
2716
2407
1872
3858
1695
1481
3213
3649
3215
3652
796
3359
900
2698
3170
832
1730
1252
3189
1481
3481
3701
2685
2768
2283
1359
3481
1391
421
1406
1404
1175
1258
2675
843
3557
1391
2686
1446
793
3557
845
3663
254
2255
1
847
3715
27
3557
1720
22
3039
361
3739
1359
2926
2097
1359
2345
1359
2327
1465
722
681
357
3477
3621
896
681
723
741
719
1715
2690
782
2944
867
2320
571
912
959
1147
2470
901
233
2475
2501
1203
2690
2624
587
2549
960
1952
2534
372
1200
970
232
2622
1952
232
2622
1709
246
1174
245
85
288
86
191
185
438
290
454
2962
3731
3547
1952
1504
1504
361
3383
945
1413
233
253
2484
3376
361
228
1938
963
658
960
1701
1952
1698
1711
3539
3225
232
29
3231
960
1757
1615
3228
1016
2693
2333
2360
2917
29
960
3116
1018
3116
1634
2811
2755
3783
2367
7
3227
712
2605
729
1451
477
729
3855
3848
729
3848
1365
3222
780
782
1363
1374
2235
329
3557
3547
1358
1366
1433
329
1890
638
1864
1363
3117
2225
1890
2233
1365
2344
2417
2283
2645
2418
2491
866
3136
2419
3182
3567
2176
2051
3140
3133
329
477
2066
2067
2225
802
3515
802
3759
571
477
903
3437
3501
3467
347
2287
571
2225
903
39
1456
562
477
571
3223
364
367
3668
3767
2028
2001
3239
3273
2356
2304
2312
2400
2312
782
2835
2285
2344
1240
3498
253
1240
2307
126
520
571
255
1202
2307
1128
1894
3838
3838
1165
3965
2456
2775
2770
1181
2440
3838
2438
2554
2447
667
4078
233
3993
992
3965
4081
1859
1863
1613
1654
1891
4081
1895
1899
4077
1241
3079
4055
2899
3785
3094
3004
1240
3839
1203
800
3905
3089
2117
3905
1438
3964
3837
2379
3309
3325
1210
3309
2046
1562
3469
3964
3360
3291
3289
2039
2038
3759
3360
3907
3360
2144
2911
2991
3360
4055
2448
2398
2987
2991
3987
2542
2532
2732
3694
2759
4027
3587
3747
3683
3689
2991
3737
3709
2986
1965
3587
3585
169
93
1953
2986
3585
494
1609
1485
180
499
445
950
864
1713
2197
575
107
1624
2532
1383
3837
834
707
2681
2011
1900
2031
1601
2759
1713
2587
3576
1553
754
724
2586
2586
2586
1574
2452
2452
1713
3091
1713
248
1113
1095
2236
248
1094
1088
248
2167
248
1043
2758
3109
3294
668
3501
2093
1995
3698
2031
2030
2227
2052
3459
3502
2707
670
3164
541
541
1771
3164
3456
1059
3869
626
360
3597
1068
671
3633
2250
678
668
2553
2562
1069
570
4004
636
684
762
584
675
621
2504
1069
3257
1058
2786
1510
210
238
2041
1519
822
2041
1090
2044
2040
1517
1129
4044
1197
1543
1853
4044
2442
3257
2287
1517
2793
3257
2771
3257
4064
2621
2673
2441
1392
2311
1050
1050
2239
1048
1048
2197
2621
1721
4015
743
2060
2349
2355
3164
1637
1209
844
2196
2360
2718
740
3056
1489
2402
1131
2728
1929
2621
1929
1933
1928
3284
3534
3161
3781
2859
1546
3371
2859
3955
1546
3114
1544
3552
2856
3541
3451
3151
1544
856
860
2894
2621
2758
169
842
2731
2362
2272
2825
580
581
562
495
3748
2749
2801
2775
2737
3742
2707
2706
2559
3751
1307
3798
741
2909
3853
2837
759
2838
758
1307
81
2546
99
2564
1760
1649
1200
3494
3737
1692
1745
1305
553
3494
3508
3506
2160
733
2268
3736
973
961
937
2889
2889
2456
3144
808
2244
1022
3176
937
936
830
810
3799
553
553
810
3070
1462
1028
1039
3296
1622
3296
1324
3943
1282
2196
1289
3730
3568
1286
2270
1291
2254
2610
2774
789
542
4064
4065
3997
727
801
2845
2853
1663
540
3980
631
800
3977
553
2615
2650
936
636
233
3379
3762
937
3357
853
2350
693
1037
721
2739
2349
3935
2489
2489
3935
2144
2728
2731
3570
3121
1663
2135
3580
2495
3595
3681
2495
3580
1129
3597
2740
393
361
1210
364
1969
294
1969
4037
4053
3637
4066
3935
3832
3598
4057
3934
353
1547
1536
353
2134
908
4032
419
4034
3504
896
2792
2598
3061
964
2135
2361
2117
2832
2459
1622
2832
2141
81
3109
62
2832
269
2360
1529
3791
3159
913
3814
1224
3679
3783
1611
1919
3302
3530
3300
3793
25
2679
515
2135
1425
2706
514
1704
2697
25
3530
296
2082
24
299
24
2665
297
2676
1569
2134
1959
1934
3237
3635
1573
3635
1558
241
979
3504
971
418
971
500
753
2483
748
2482
979
751
978
3237
713
1829
3237
1803
2583
1402
3237
2561
1346
690
2041
2561
1255
2037
1568
1172
1356
738
924
1574
391
391
959
158
860
387
916
387
911
3900
969
277
971
907
3177
277
274
990
2006
277
136
206
2943
2547
805
2519
206
2547
812
2604
889
204
311
3037
904
3022
3009
2112
3779
3779
3779
3836
157
133
3779
1909
2579
425
2579
3398
1453
1901
1444
3945
3585
3585
3949
3615
3530
3615
3544
3544
843
3614
3602
185
1444
824
2006
218
666
3037
697
637
1776
674
2028
2093
1544
2160
1745
2600
1779
2999
1444
2486
2538
1495
1495
890
1229
1864
1153
1798
890
2346
550
1714
2084
3235
2150
3928
2166
3235
2537
2337
3353
1714
1975
890
1733
418
3366
1832
2843
1975
2660
1834
2828
1846
890
2542
617
1467
563
1093
1117
534
1491
616
1443
2661
2234
1486
3270
1105
2660
616
1501
614
2660
494
2551
1969
507
2552
2553
3144
1093
425
1127
1910
2565
3821
3752
2028
2659
3827
3388
3330
2800
2659
2532
2541
705
3782
392
274
2533
258
3877
2219
1012
2611
232
1012
841
3359
2062
1012
1012
55
1042
1032
1061
2019
1033
1012
3873
112
1490
2380
2501
1012
2567
1538
632
2501
2215
3882
3895
1105
1631
1257
1121
1597
501
1216
1886
1026
3113
3473
3113
3475
3473
3473
2683
3399
3362
1173
2012
1219
2011
2038
3895
3912
2215
1653
2735
2215
2912
1670
2215
551
2365
2346
2147
1031
1067
1778
1064
1450
3392
2479
3895
1779
2127
3072
3098
3285
2019
3836
2533
1797
2608
3286
3895
2231
3550
3882
3893
2231
3893
3773
2859
1972
2280
1970
1974
3289
1970
752
2231
1071
2231
2853
240
1874
1874
2533
1345
2765
288
287
2533
297
1836
297
1837
2807
926
2875
2701
2460
2879
2875
2720
279
3064
1797
2722
2583
2502
2690
934
4078
3034
1106
3028
2471
4078
657
3009
1626
3034
3032
1715
1650
1616
3626
4087
2307
1832
4074
1832
3884
3873
676
288
3282
298
443
1228
290
3078
2305
3078
2277
3357
3352
3376
2491
2244
1978
2187
2533
2209
2479
1799
3439
1799
599
3387
2522
1321
1372
1596
1363
648
1372
1986
1372
1886
1036
2378
3278
3289
1372
2056
3468
3077
1037
2055
2942
2194
2057
2057
3864
1476
1063
3679
3827
3388
3864
2057
2724
2577
2941
2733
2420
2910
2893
3226
3254
730
3864
2864
2871
3211
3433
3504
3438
3171
2879
3364
2203
2322
3509
2203
2202
1417
2248
2476
1527
2203
1175
1170
775
3358
1359
3015
3855
2412
714
714
713
713
8
731
731
721
3860
3860
3860
731
709
2560
2673
2682
2911
1525
2304
2156
2354
1579
2154
1579
3787
3433
3387
3668
3524
1696
2154
1358
1725
3015
1882
3387
720
976
861
3387
2656
1881
3386
1881
3162
2664
2665
1670
1773
1694
2665
131
1670
1669
1053
1670
3518
2179
1081
2664
1594
3019
154
730
1855
2101
1834
155
2013
1118
295
2729
1116
2013
1985
3307
1953
1432
3004
3017
2422
2420
3101
3535
2363
3527
2382
3537
1717
1718
3569
1780
1432
1594
87
3640
185
1787
62
1602
2000
1618
1789
1594
2374
2971
1862
260
3169
1594
2954
3373
2963
2383
1948
2871
3956
3405
873
409
3374
382
3276
3257
1964
1960
3205
3475
874
3429
3459
232
217
3100
3101
1547
1515
1466
1571
1504
382
3016
1487
1463
1599
1108
330
331
3415
3662
1530
1530
1530
3458
1569
3003
2743
1287
867
2743
982
1362
1366
2743
4079
3170
3919
2861
2929
1324
2929
2953
1022
1347
3737
269
336
3919
3854
336
331
1567
3842
2947
3735
3723
235
1567
2474
3892
850
870
216
152
2767
2655
1567
2765
2540
2661
2663
1635
336
336
3894
2906
3052
485
2965
2986
1636
1600
2743
285
1287
3458
1615
1236
1920
1633
3752
486
3695
70
1212
487
3562
2243
2243
2243
3461
353
2955
2955
2240
3863
2955
383
1368
3870
2241
1533
1348
2604
3461
283
3458
2240
2241
2515
1173
3435
1579
3510
3045
3173
1739
1806
2469
283
1272
2929
3302
3266
3268
3278
3435
3285
3072
3207
3748
3909
4088
4077
3368
2893
2597
383
1273
603
3247
1273
3435
1273
2342
3435
3368
2340
57
2340
31
526
2922
430
3246
353
2285
3217
3240
323
123
323
895
648
323
323
2011
1193
1195
526
1297
1501
589
1678
589
1847
526
3633
2624
2626
3496
1491
1007
1453
3500
816
2626
2112
3934
1392
1768
526
2133
1596
2252
2933
2881
1840
1273
3500
1841
1839
1830
1272
3319
1668
1669
4011
1272
4011
4066
2107
3221
3998
3221
4047
3221
3148
1845
3998
2138
1498
2490
2382
3221
1697
3991
2273
1497
2380
1533
1597
1700
3033
3027
2308
3030
1533
3457
618
3465
4023
3018
1505
2438
2779
4023
864
1313
123
3456
2050
3643
3492
3645
123
3619
1397
1284
1362
2567
1388
2658
757
2468
1596
2567
1508
3388
3456
3285
2933
2053
1417
3285
2418
2105
2099
3777
3388
2657
3996
3998
1089
1404
3331
3999
3331
3331
3341
3996
4012
3995
2416
1529
1409
2783
2464
846
840
844
1465
2889
2471
2657
589
3973
3974
56
3973
5
3069
3974
2814
3383
166
5
171
1440
3177
3083
63
1533
56
274
4006
4069
2613
4010
4009
274
3336
277
2922
3801
3420
3408
318
3749
3352
3448
3670
3743
254
63
164
475
22
5
760
2294
134
135
142
3670
2989
2820
2446
1346
2772
2978
3751
3001
3819
2984
2352
2820
5
1533
1017
3895
882
347
3385
2820
1769
1346
2138
3502
4034
3511
3497
4042
3503
1930
717
1529
2191
3461
3744
946
2820
907
214
15
459
3021
3030
3037
882
3066
786
3705
2698
1285
2352
1386
2698
713
522
1322
2301
916
1293
1931
3786
3227
3225
2473
2697
464
2905
469
2903
2455
2731
2880
1130
3578
3537
2894
2278
3188
2697
913
3188
3799
913
1539
2755
1072
538
2569
3805
276
2595
2564
2578
1922
639
1042
552
633
575
551
1133
1478
1492
1122
1121
3792
2877
2845
1492
3563
2588
1038
1130
3450
1137
2590
2404
164
377
3450
3131
2573
2744
2375
3448
3792
295
160
2352
990
2814
2141
2835
3858
3448
2138
2036
1196
3321
3945
3775
3846
3801
3944
2149
3321
167
3556
182
2579
2577
3552
3591
2098
403
87
535
406
3999
1676
1421
3196
2835
3187
3757
1925
3430
2056
3180
2264
3181
2248
2269
1421
3960
3847
3984
77
66
913
3757
1648
1585
3757
3757
4021
2541
76
105
105
2606
2303
317
3298
1571
792
1875
1857
2830
913
1908
862
2966
2223
3342
3825
1889
1436
3694
3558
193
3311
215
1731
2847
1380
3124
3105
537
1130
2674
2674
523
3869
3870
164
1676
3896
1341
1675
1067
3946
1020
1797
1592
3947
1020
393
1020
1020
2223
1797
396
2089
457
1195
1799
456
1962
2685
601
2928
860
2119
2928
225
227
2929
1202
1202
2119
809
244
1485
744
2157
245
1796
601
1821
1996
1485
1387
1168
1258
2154
1973
2542
2547
3887
501
2175
3397
1496
165
2550
184
3599
2549
1975
2549
1977
1977
1488
109
97
110
1871
1831
98
1488
1509
2236
606
1510
2585
2584
2584
2556
2584
1503
2929
1503
1485
1503
1485
33
34
2522
4061
1517
35
1454
2518
3893
3181
3400
1905
33
1861
1918
69
2518
2931
2099
2099
3837
641
3373
1386
2150
1760
2030
2151
1063
3373
2727
2099
2308
45
1211
3260
2159
2159
1184
2156
2522
1190
1170
3260
3260
2212
1626
2099
1656
2155
2159
2199
2197
2172
691
1555
1878
547
237
1561
1613
3260
1637
1659
1420
1469
547
1460
1001
3098
1474
2346
3826
2362
773
2434
529
3192
691
2468
3826
3902
3884
3884
3902
375
2212
916
1145
2625
2213
2035
1867
2085
2212
2133
564
3348
3826
3669
3355
586
3364
378
911
3128
3452
2084
660
728
1721
21
378
379
124
567
379
3963
3006
186
2227
3315
2059
2067
3314
186
2123
4077
2062
2102
4079
4077
1749
2121
7
3977
88
162
7
19
2102
1749
3687
1097
171
2478
2888
164
171
2890
170
170
163
14
2731
2728
841
15
1014
12
1090
1386
1385
1994
907
1320
1256
1994
1982
3662
1145
3093
237
2123
3158
2023
3091
3247
2027
2027
2102
960
2273
176
2273
2003
919
991
1857
664
665
1297
546
1024
2020
2102
2408
323
2049
1325
2882
252
2408
1294
375
1960
1560
1639
2415
395
3909
1297
3774
1302
3466
2211
3397
2349
1960
2211
2385
2210
3997
1415
3611
1867
3568
3997
1270
300
2092
446
816
816
2415
1266
3092
1763
210
210
1763
3267
1245
1659
2923
2092
2696
2748
2735
2847
297
2161
374
369
35
1150
1053
1450
2854
1135
2853
1587
1538
2861
2751
3310
1662
1122
2722
1000
993
3142
4004
3142
390
3004
3982
3004
995
2136
3946
3956
2713
2451
2303
1921
2658
2369
3489
2169
2162
374
1309
1317
1265
3861
1742
2726
1807
1505
1530
1742
1202
2713
1788
2088
2712
3651
2089
2712
3651
1005
2413
2762
2665
2674
2675
1005
3691
3666
1800
3680
2691
3665
3333
3483
3370
1793
898
2881
2118
3165
3165
2469
1802
2575
3351
2712
3226
910
905
899
3549
3213
3246
3292
3095
3107
3319
602
1265
2340
2257
721
721
2228
720
4005
3480
4025
4011
3877
2441
1893
1896
1897
1897
766
1899
881
848
3955
764
110
509
1896
955
3955
506
507
1898
75
2511
76
3429
2470
760
3151
3005
3142
4085
766
2558
2461
845
1291
1967
4084
3925
116
2559
1294
3391
720
1967
679
388
1967
883
226
1241
769
1920
1979
3274
1571
1608
1118
2920
2914
574
1967
1542
1616
2924
1965
2627
2868
1257
2775
599
2776
9
3188
2842
3188
304
1759
1399
1895
1890
1441
308
308
2476
2477
4082
4080
4054
695
4055
2308
3029
1468
3201
3062
2771
3060
564
3059
3862
3249
2011
2011
1773
2178
1749
2011
2011
3647
1360
3541
695
3646
3546
1505
2471
2181
2180
2181
2372
9
2021
2374
2464
659
80
74
1869
2869
868
2458
1123
282
1473
917
396
288
2180
47
1920
3279
2343
3548
72
695
2495
95
1528
695
2281
1492
1473
2509
695
1473
1473
2509
1552
1785
807
341
829
2419
694
2794
2397
46
2281
384
3549
383
1569
2796
365
1569
3234
2921
1304
1302
3184
1685
2002
792
1552
2013
1037
2387
1819
2203
569
1566
2198
1566
1561
687
359
1776
2831
3188
2144
2866
2910
1562
1528
123
261
109
599
2800
1155
1213
3188
1463
1184
505
1194
2534
3191
1194
2330
521
2155
2761
3406
1192
3054
1192
3191
3046
2753
2110
995
3397
3614
3584
3518
884
1528
3614
3524
3592
3639
3645
3611
1785
2962
2782
2442
3330
145
941
2518
909
928
155
2442
2557
1036
3611
1044
2557
1146
3330
574
1716
3330
4078
1146
3330
1650
1249
3820
3288
1249
3079
3281
1776
3310
1249
1163
3176
3991
2045
871
313
2692
1767
2454
1166
2451
2450
2450
1249
2463
3894
313
313
498
1767
3893
161
492
2338
295
92
1714
3645
409
10
72
414
390
1286
208
2338
1320
2138
498
207
2338
111
111
3536
645
575
2338
740
753
563
3645
657
871
1416
1279
3493
3537
1529
3662
3493
281
3620
3481
3835
951
1264
1879
945
1427
915
631
2713
944
67
696
197
1264
1959
525
1322
3494
3495
1484
2740
864
2740
3536
3560
756
1825
1498
1567
558
2372
500
2375
2397
606
345
2373
2375
2425
756
1409
1257
756
2599
1420
756
1154
636
1154
1829
1830
2182
1828
1828
1829
2438
2780
1091
1113
227
1113
1154
3931
1403
3920
3920
1354
3290
1895
556
1162
3262
483
2401
3899
480
3886
3896
176
2206
2112
1342
1034
797
382
333
379
3061
795
795
422
2713
2709
2708
311
1119
1626
422
1148
64
2155
3920
2766
2100
2162
65
2847
2655
3937
4071
3931
2707
1041
3910
4081
2100
2100
23
2653
2100
2083
2403
1025
593
3563
1462
1104
1127
2389
1017
3171
3448
2067
3177
3094
2048
3185
3910
3563
2096
3847
3888
3974
3114
2834
2306
3185
1424
3549
1745
1839
3536
1403
3922
1395
2304
2229
1838
1475
2655
824
2323
1838
2831
424
510
511
4009
2831
3151
145
2772
2887
2932
446
145
3401
2311
102
146
3400
1539
100
1024
99
1724
1025
3766
1025
4052
1025
3877
2462
2757
2457
2457
1593
577
577
1822
3865
803
985
3865
616
581
1404
1063
3394
576
3874
423
635
2581
3170
3890
2730
2883
3396
800
3890
871
3578
3560
3581
877
878
2686
1457
1767
874
3193
2685
634
2655
2478
377
285
2613
881
3417
875
3739
512
689
804
3739
1872
1859
2097
593
2337
1876
2612
1883
3747
2685
581
2669
2657
2770
804
2655
2330
64
2666
273
268
3762
2341
815
268
3810
3739
3739
629
3085
996
1020
992
268
825
3489
3866
1571
3513
1620
149
2094
3826
566
3090
268
1416
3252
3094
3449
2592
3775
3101
602
591
1466
530
2299
2054
1548
1548
186
1552
3799
3722
70
3085
70
71
1552
1923
3660
3192
3604
1937
2076
3787
1110
3989
3989
193
2072
3722
2074
1126
3992
4033
3782
3780
2407
124
1553
214
3545
3544
3085
189
3019
2887
2743
2255
2623
2343
833
606
3590
2611
3723
3326
1552
3304
3301
3311
3323
3299
3602
3692
2833
2824
3639
859
3723
3299
3117
3117
3119
3105
3105
1609
1602
789
1881
3422
883
1417
519
726
3035
3099
3014
3053
4049
2140
1758
3027
2108
4085
352
3930
1829
696
3028
1828
3891
1962
1962
4057
1172
248
511
92
3019
4056
390
2824
226
2481
3204
651
773
1871
4079
1593
1730
2873
1820
1247
1641
1659
1174
2739
1251
3676
3257
1247
29
3410
1271
2306
3526
4094
2861
4055
4060
780
80
702
585
586
601
696
2325
2553
122
1918
4050
4033
482
481
777
3066
2604
2861
2561
3857
300
238
1056
3840
1634
1829
480
1610
1070
481
507
238
2589
2324
3996
3908
3539
3543
3551
3841
3446
3542
2486
3841
605
2873
506
55
2579
1487
574
2587
3180
2577
1780
1740
2587
2834
2852
605
660
661
1554
451
857
857
1198
1180
1187
1178
1557
1653
862
855
853
1719
2158
451
2305
2218
2572
2216
144
404
3316
1762
1761
4078
46
507
225
507
1207
1982
3023
1483
1460
691
772
1473
1069
3023
1207
1056
113
1453
1525
1204
2450
2432
2445
3023
3049
1406
3610
3605
3040
1369
3610
1767
1811
1820
3584
61
659
3049
113
4083
873
53
4095
4095
592
3023
398
186
32
187
606
2107
3939
3824
2085
4020
3824
2865
2088
3049
2163
2163
1414
2162
2313
3059
2168
2983
2196
3018
1169
3942
1084
3176
1144
2875
1076
1042
2165
1165
3081
3824
3109
2170
3942
3118
1961
2403
2522
3522
3793
1043
3458
2039
2000
1197
3124
1071
3114
1459
3181
1461
2971
2971
705
2535
792
2535
705
644
959
2185
1043
955
2280
2128
580
578
1042
582
587
3748
644
648
3774
3801
3803
1787
1787
3800
3414
1754
1759
2284
3178
2277
1735
3366
3473
3472
2553
2768
645
1414
3178
1381
1558
45
2102
1427
1381
3519
1781
3984
2246
1988
4029
1988
3824
3902
3726
566
2882
840
1781
45
272
2108
1679
2809
1381
2865
2063
3313
2103
1051
1300
1099
1111
663
2472
3793
45
3310
45
3893
2472
1618
2949
3043
3045
3490
4019
3985
1912
4008
1958
3045
4022
1956
3616
1956
3616
2561
3961
2062
525
2087
3029
2565
2864
1367
2143
3589
3589
1665
2140
384
384
846
2949
393
2718
2136
2900
2726
2534
3723
1294
1657
3452
3583
2246
2534
2715
597
2616
2136
2459
2676
3034
1293
2136
2083
3033
3036
2949
2949
471
3570
132
774
774
686
1595
3419
1075
1455
1825
179
29
3392
3741
855
3528
4017
1078
133
2745
2721
1514
3347
3516
3212
1514
1057
3154
3359
362
1057
3426
648
1173
2181
1692
263
1318
2281
2263
1120
20
3886
3915
3899
3074
3101
3875
3883
868
2090
159
801
848
2564
382
919
3392
214
461
3725
2302
1001
289
150
2896
64
919
3700
2973
1245
2952
1241
3700
3718
3001
3003
3393
1704
1318
1241
359
1293
2200
2338
3334
3555
173
3439
3523
647
3277
819
688
955
945
748
2764
3276
819
192
3839
265
3276
3276
3839
3825
1313
2301
2524
2518
1465
359
1448
1068
1411
1101
2362
1684
3891
2350
2325
449
2027
359
359
1319
1417
4047
3701
2977
2619
623
2998
2925
3001
3000
2967
4019
2298
1891
3719
3254
1893
3085
1887
1448
325
1458
320
1620
1629
2608
325
395
327
3275
956
3293
3078
1148
3139
3549
2616
3600
1924
3327
3324
3168
3168
1507
3707
3100
3253
2368
2588
3254
1687
3254
2330
3248
613
609
2975
3869
2277
3861
3127
2974
3132
3554
3132
2968
3566
51
3536
2981
987
3183
3000
204
1419
2969
105
3288
1309
1921
1921
1928
2478
3157
2883
2617
1275
1682
3834
1449
1366
1399
2474
3972
1408
543
776
273
309
2593
776
3164
3084
572
3722
556
2811
1083
379
348
197
1237
193
211
1076
1132
4088
2653
2956
3834
2299
3644
3200
2754
2773
3981
3288
2189
328
328
1234
3857
1241
2226
3038
2774
3759
3759
2399
1279
4088
1398
1403
3834
2399
3719
3288
172
1241
1957
173
3978
3686
1959
3663
3288
3491
3039
3534
2976
1247
1983
3534
1505
1481
1481
1238
1370
1238
1515
1455
2943
1105
3834
520
1041
3192
2943
2943
2872
521
2940
176
1766
2941
3365
3352
3356
86
3256
3265
906
3368
1784
906
4001
3705
3660
3757
4070
486
3983
3368
3705
3737
3365
4071
2385
494
209
3734
675
153
209
128
685
81
1736
2033
298
150
3039
1639
4058
47
438
1633
1774
2033
54
388
155
3039
215
1147
684
2043
126
74
675
513
3039
680
651
1737
713
642
1199
1196
2024
3753
3694
142
4016
3653
3765
2656
137
896
997
137
1335
1360
1390
684
2135
680
179
2033
2033
2214
1840
3796
1939
1849
3795
808
1829
342
3968
2634
1098
10
3413
349
181
405
2943
3202
3217
3969
2317
3223
346
411
124
2473
127
2396
2141
2069
2076
2141
2475
3771
346
2721
2101
10
2101
79
79
1875
406
1315
304
2773
237
1150
193
1879
197
13
2812
1362
2060
2062
1358
3764
483
2368
2063
1875
4094
3162
1192
2006
2336
1875
2335
2063
1259
1164
486
3879
2170
2335
2793
2815
2830
2829
3879
179
4009
3062
3879
3049
3509
3879
1432
3877
3777
1269
1413
2058
1275
2152
1416
1277
2291
4058
3619
723
3896
3262
3646
2406
3195
1879
2369
321
846
2758
858
321
1460
568
2774
723
2423
592
321
321
584
2674
723
2915
2761
723
1923
2921
1923
2927
2605
3444
3302
1097
2787
2760
2935
2935
1097
417
3373
4000
3090
3450
2337
3529
3149
3180
2480
466
4092
466
2901
4055
417
110
47
481
78
127
181
2870
4037
3696
3326
116
1752
17
2276
2105
3327
1750
2154
2169
3326
2090
3
57
3326
373
159
2834
98
958
2418
2390
274
927
710
1200
2012
2277
1770
256
3936
3061
4049
286
361
927
4069
356
60
23
145
3182
1736
3152
264
3444
3300
2611
1418
744
771
264
55
264
2976
264
2980
231
89
10
3057
2275
2983
3057
3014
3056
3037
183
615
2997
865
1008
575
1021
982
984
901
963
646
2838
1017
1017
3511
3485
3479
570
2533
2070
2078
2928
2308
2832
1407
2318
2834
560
3724
2439
15
961
3679
943
981
1586
978
1688
1663
2343
3342
980
3898
2620
1503
3898
4013
3255
570
1013
3898
660
2783
2349
3898
2920
2832
3342
2682
3343
3995
2563
15
2901
2624
2614
2204
2002
326
625
3992
2773
3809
3832
625
628
3995
903
1022
2597
2596
2790
989
3923
2122
3050
201
1984
1894
3572
1507
2860
2860
2860
1744
3705
3060
1461
1688
3572
1507
3572
1489
1984
700
600
3615
672
3721
216
154
3720
2770
3859
3572
208
959
2324
3611
3567
3721
3555
3721
3721
4062
1984
3721
3720
4058
4038
77
3175
3572
1984
2739
2603
1976
105
83
2196
2607
3174
83
1976
2276
1976
196
727
796
795
3404
3236
1504
3502
1507
1047
1976
3918
3261
2764
3245
1340
866
3122
3282
3131
652
783
1421
828
3282
2431
557
2764
533
3247
479
291
1206
2217
2217
1206
1139
3958
654
2170
2764
3744
508
281
508
907
908
1643
780
882
1962
3837
3837
4015
1118
2550
508
1118
1723
1540
785
325
2120
776
3593
545
2760
1547
1820
1820
2120
96
1946
1591
1357
102
102
1063
1502
187
1502
96
570
597
1543
96
3907
1541
3082
2465
447
2451
941
2494
2465
1941
3527
2465
2046
1490
2025
1907
1185
2544
406
447
897
2933
1865
1623
897
443
1866
3979
1856
1860
1856
1861
408
2229
3518
443
941
2159
2214
2130
408
3518
1805
1501
2229
3196
3555
2319
2319
3577
2319
3971
2193
2192
3970
799
792
3490
1452
1530
3267
1063
234
3272
3274
234
3274
3702
3424
57
291
3272
1079
3173
3192
59
1244
1242
3576
1643
1454
1734
3258
1482
2232
2116
436
364
327
270
2297
2353
2903
602
3196
2972
2968
3281
1795
1456
1456
1765
2884
1482
2305
3160
1419
291
1034
1346
911
435
1477
3184
266
2986
1483
3196
2553
2508
267
2529
1477
224
1523
876
228
3061
3008
1671
3048
3746
3167
1822
2917
879
879
3167
1662
3577
1593
2963
3947
4044
3831
3332
3562
3803
3160
1493
763
183
677
149
41
3951
3946
1475
4014
18
41
3947
2951
166
337
3085
3087
366
683
2746
1003
3946
879
994
607
1688
203
3946
1980
1980
1870
867
1369
1980
1348
3915
2746
2445
3562
2445
1531
866
597
865
3495
1531
1115
3577
1508
3353
1603
1509
946
1216
2269
3976
3976
3977
1324
2270
12
3428
2109
1978
759
1531
1531
2103
1272
3836
3761
819
667
667
2009
667
1870
1934
1471
2195
2211
667
2186
3353
3954
3790
3977
3604
2103
2253
2512
1790
3608
1747
1735
3790
3607
1934
3353
1934
3674
3605
1934
1262
3768
2251
2386
2264
1262
1218
3678
1603
1782
3673
3790
1256
3790
297
2599
280
3038
3038
307
280
4003
3306
1648
899
3862
2985
2928
2984
2936
2905
2939
2911
3856
272
3863
262
2984
2610
3863
1140
2939
2040
2939
1121
722
1030
3306
1633
968
1455
1544
3683
3696
3692
968
2102
3862
3667
1525
3632
2713
432
3306
3306
249
278
278
2077
2712
2713
1107
1140
3137
3668
4091
3833
433
610
1288
264
1205
3700
904
841
823
1319
1333
1485
1602
1503
1875
829
1054
1697
2055
1288
2057
808
818
2120
2562
1667
3403
610
1274
1666
485
498
25
806
4028
782
942
1828
610
3425
286
2502
3795
3381
3477
611
1322
610
2469
2904
2421
2430
819
1207
2709
1323
2330
2925
1084
3833
3561
3362
3833
2417
1142
2568
1142
3833
2596
2596
3876
3869
3884
3065
2596
2596
1652
2826
1739
2826
957
1084
867
666
634
154
3059
455
3679
481
734
3179
30
24
148
31
3059
3679
2968
623
3153
3145
3005
3005
2671
3856
3460
3781
3602
3600
995
3218
3421
3416
3806
992
1014
3335
3645
2545
611
649
555
747
3921
869
885
470
747
820
1014
212
925
3381
3921
645
645
1551
2359
1149
470
633
1149
3078
1209
870
3835
633
3979
3112
490
1515
1239
3
44
3835
122
106
433
3112
2985
3112
2492
981
3112
2912
2491
2449
2788
1019
2455
470
2465
3559
2959
223
615
3559
3857
212
111
3058
3566
3711
3711
4026
99
2560
1620
1640
1616
1919
106
212
2560
4026
212
2596
2387
429
2930
470
2769
2784
2581
2791
2765
2771
2765
2772
259
432
2434
1803
3215
1803
3231
2560
1662
3193
1661
2503
3322
1484
637
3295
3205
3289
3285
637
3320
2560
596
1268
2395
2549
2556
3323
3323
3512
2401
3535
2203
3066
3066
3548
3323
2585
3006
2985
1509
3323
3853
3057
2586
3661
3057
2799
315
2570
2071
2735
3855
2722
3855
827
2066
312
2066
303
3320
4024
3642
513
599
3661
4065
1139
4083
2587
1005
3792
2585
1780
3303
3269
3318
3275
3796
2940
2837
3628
2877
3663
2753
381
2781
1138
1136
1134
4072
3885
1135
2878
3619
2477
2393
2868
2387
3885
3701
472
4031
420
4028
3097
4072
733
1191
3042
3619
1888
1858
3265
1157
2651
2171
3651
2045
1157
4076
2029
1157
3857
2171
3209
2652
2686
2412
869
2427
2022
191
3857
91
2684
815
815
734
1075
3914
1079
3019
808
1657
3885
1645
948
1592
1591
951
1799
3322
3302
3299
3286
2992
3266
3173
3305
2681
1141
3707
2681
1535
3663
3715
1411
3747
384
1312
1254
127
718
718
566
3246
40
386
32
1269
808
2014
1156
196
1156
220
1519
191
220
100
688
3777
1520
741
643
1229
3228
1169
1208
577
1159
3355
1155
2397
3797
3792
3340
3354
3013
3773
3174
3781
3333
1499
3013
939
917
1103
2400
1892
858
1388
1892
1499
3013
289
2074
1629
562
1809
1629
659
797
1814
3097
2796
3077
2638
2568
925
1775
3811
1102
1788
1700
1219
3784
1081
3814
1221
1314
1044
2400
2923
1697
3941
1312
2400
2161
2083
3956
2060
2143
582
580
1204
2851
1468
2401
3902
2709
2774
3864
1141
3899
219
532
3013
2709
678
2708
1204
1393
2708
305
2387
1011
2617
1061
1061
635
2314
2391
2877
308
2777
3164
3913
3912
3164
2990
3915
2447
3224
1094
92
92
1315
1516
2166
2230
2130
2353
1127
2168
560
1512
1126
1598
1106
560
772
1103
1598
585
590
584
1314
2869
1122
1672
2314
2937
2866
2082
2312
3551
2400
3550
3440
3199
2825
3287
3987
1483
3968
3019
2312
3187
3983
3129
3187
3979
1415
1410
1414
3307
3994
4081
1415
1410
4087
1562
3979
1563
1408
1457
1621
1620
561
2763
1457
2756
3977
2681
1598
605
195
1620
591
2764
2329
2970
2322
2175
592
2322
111
1747
2330
1047
3308
1819
1483
2631
950
1819
4086
4061
903
1833
1760
1653
1833
800
1490
1526
3185
1447
1490
1068
1059
1441
916
504
874
2777
565
1625
2799
363
1797
1527
1015
2756
1747
1747
956
669
1369
657
1878
657
1747
1389
1389
3829
1304
1405
1365
900
2825
2078
1598
2074
986
1481
2879
2416
900
2902
3496
3533
3558
3496
3503
3465
3508
332
332
828
332
3301
811
1756
828
3301
828
811
332
381
811
1331
1328
1651
1651
469
2881
3694
1328
2678
638
2676
39
56
3681
1928
904
3332
468
982
1928
681
2784
39
3133
469
39
3922
2147
2147
3219
39
2146
2991
3604
2998
3595
1304
3096
2983
2983
1928
3097
1911
3338
1905
1907
3216
3599
1904
3801
3357
3951
533
3357
572
3931
3186
3116
3187
3951
3989
759
3338
3216
1619
3117
617
1004
1621
1622
3915
4067
3116
2667
942
523
1517
512
2623
2667
3239
3239
3219
2831
898
3139
1649
2831
2267
3129
3090
2812
2812
2845
2840
3982
1373
1943
1943
4048
1943
4079
3239
3126
523
1560
1558
1373
800
889
1723
2734
1555
1792
1697
3408
1584
2157
1298
1286
1292
2109
113
2084
3958
2106
118
80
2223
2567
1282
1956
96
1282
3989
3239
250
2273
759
1477
1608
755
3127
2734
752
2776
2688
2716
2374
3488
2346
2591
2685
1608
4033
1041
4033
4038
1127
4038
1827
1
1827
3488
2241
752
3891
3833
2746
3321
2240
1962
301
256
256
130
1974
4007
1934
1961
3517
143
755
1577
601
600
1555
1235
2549
2531
29
2554
2254
474
785
3069
29
3071
2025
2576
3064
2587
2027
2851
980
2589
2589
758
753
1857
1873
979
643
2815
2813
7
1192
0
975
395
3237
3237
854
1993
175
753
4020
862
3569
758
3607
3541
541
2008
132
844
794
837
796
4020
1085
1445
3535
1475
1044
3080
3325
1090
1460
1221
362
2481
370
2415
3075
2460
2432
3184
1255
3141
563
1452
3140
2012
1454
2880
1250
1650
2336
369
2230
1250
3143
2151
1025
368
3084
1250
3160
3183
2887
3083
1250
2418
557
1493
1223
1226
1236
1420
2390
1472
1278
1503
1090
1075
557
2389
1356
1472
1575
2052
2525
2104
1227
1367
3022
1374
2368
2390
2429
2488
2449
2405
938
2424
2751
3610
2430
370
2830
2483
2830
119
2483
3350
558
659
669
2103
338
661
370
339
2831
369
3177
3137
3151
2847
375
2015
374
3962
3962
2190
3337
3886
2844
3867
3963
3886
633
4060
2504
3903
3610
960
1001
3901
175
2483
3120
838
3120
2483
3886
1764
3122
1764
2385
3328
2301
2258
2384
2271
954
693
2397
585
953
2417
630
989
953
1204
952
1448
588
2416
2027
2397
2258
2482
3206
584
3369
2635
1226
3287
3369
1618
3371
1439
1619
2708
427
1148
1801
2361
3371
1764
680
1469
682
3658
2347
1428
2530
3658
3657
1472
3933
2000
1146
4010
2093
2000
1152
1152
2483
1781
1781
3657
1749
1551
1352
3633
2548
456
939
461
2777
2357
3103
3339
1682
1484
3156
978
3103
2351
978
3156
3891
3914
1016
3004
3903
3893
620
2737
2548
3004
276
3007
316
2016
4024
2021
659
1557
3776
3654
3359
259
3007
1021
3690
2581
1530
1032
1110
1103
3690
3692
2581
1172
1252
1525
1521
1528
1789
3822
3823
2336
2206
3675
3665
1617
3628
2087
2583
3633
3587
2339
3621
421
2347
404
2350
2125
2336
3671
2068
2053
3269
3665
3075
2058
2925
3087
2925
3693
3471
2111
21
20
2586
1326
3271
2333
2360
2360
3271
1327
1382
1378
1089
1099
133
3269
558
3373
661
2132
3967
1536
1271
655
3471
1399
357
1369
1325
1157
645
1578
1835
644
1523
3980
357
2508
3335
357
1034
3378
357
1448
1448
1450
1441
368
366
1397
568
568
2358
3471
598
598
3218
1397
3174
3175
3196
3153
598
1441
3771
2256
1791
1492
2417
3771
1791
736
2249
4027
1791
3471
1431
1007
1430
3471
3725
3725
1423
3471
889
460
457
3725
452
3931
3931
2147
405
4031
885
3926
1911
3699
403
2904
411
885
1809
3007
3725
3002
2508
3890
885
2995
708
3363
3949
430
1535
261
2995
3723
2063
3628
2098
3469
3884
2508
4010
653
3903
2511
1513
692
2510
892
1231
909
182
620
430
691
1541
2609
1173
2622
2669
1259
1324
909
2695
2356
909
909
3902
1258
3020
3058
2223
3058
2097
176
3059
1751
3058
259
1097
2223
3247
1182
2119
1086
2245
2245
3884
2245
2245
2064
2574
296
3047
3038
3011
3723
430
2575
2575
2064
1009
833
2147
298
3617
2127
161
149
17
3921
836
4056
1614
4059
3918
681
1009
265
734
1271
1271
1622
476
1009
465
452
2066
224
3530
3882
3873
3883
3883
1942
396
3529
291
1009
3745
488
387
1105
205
211
235
1105
3007
712
1270
3427
1708
3429
1713
1582
328
3194
2273
328
2065
1393
3030
1368
1518
1709
3864
3241
3295
2340
1788
1265
1701
3725
3889
3641
2340
3889
2993
3866
3957
3031
712
3957
1328
3959
2871
2869
2111
433
433
761
3714
1396
4082
3031
3857
2776
3844
3025
2176
851
3376
742
2780
2891
3381
3735
3381
3740
2710
851
129
154
3722
2632
331
1030
2251
1668
1395
926
1115
2250
1125
2337
3381
3381
1643
737
1487
2383
952
1723
3540
1942
3314
3010
3607
2446
3499
2970
3401
926
1008
1095
1004
3956
3041
793
858
3043
3042
3156
2183
883
3041
2993
793
4028
203
1033
1004
3861
222
1120
1133
1158
4090
2289
1354
3862
542
1706
222
3437
3302
1943
377
3080
4078
3437
4065
3983
911
911
747
747
2182
2880
1852
2798
537
3738
3659
1844
372
3685
2798
4024
2027
3593
2628
3436
1075
2776
1143
4067
3499
1416
384
394
2814
354
3207
3202
3499
3206
855
28
2815
2654
2658
99
212
120
99
543
543
97
2777
975
975
738
1421
767
1880
1924
2007
222
2012
1651
3409
3724
1651
3499
4090
3981
853
848
852
850
1310
803
2924
669
901
3935
1129
4065
1328
1329
2924
1329
1329
1587
3073
1584
1584
1587
1607
213
1308
1989
3538
537
1308
537
1927
2499
4090
2331
1932
3254
2777
2066
1256
2995
543
1219
1218
3067
2955
2955
3311
3262
3286
3539
601
573
3067
213
2781
1963
1270
2129
2963
1963
2952
1267
2540
3690
2490
3758
209
240
1045
3290
1395
1096
3378
1393
1027
3761
1893
2129
1915
768
2129
1889
2816
768
2129
1970
2411
2327
2417
2841
2641
2416
2314
363
3299
769
3316
3327
2100
2863
769
3297
3296
2103
1278
4008
2080
1310
2252
3857
2110
2091
3374
2888
2494
1278
2487
2777
837
843
845
2615
2484
609
3629
3259
2728
3628
383
2882
382
376
2316
284
2023
4090
3072
3133
920
1902
3170
2194
1947
1903
272
273
1947
322
2104
376
1901
4001
379
3892
1030
1947
1947
205
26
26
379
26
672
2239
26
196
322
931
3389
110
4010
76
2785
76
76
2958
2954
2093
2965
2092
2963
2960
109
111
111
2571
1699
1698
2010
1931
372
1931
2486
76
372
2098
2765
3650
1356
1995
983
3652
989
3712
3467
817
3783
2652
120
526
1347
2245
3783
2981
3384
2797
3361
3370
193
3369
786
1495
1036
3372
3618
1144
1452
1897
3051
1425
2653
1036
2060
954
215
3048
2052
1318
2371
865
2197
3368
1425
2636
2318
736
3744
3565
3506
1425
738
3460
3548
1560
1540
1544
920
2348
1589
2906
3371
2309
712
714
963
963
698
2017
2833
922
2857
934
2852
1823
934
1879
1540
3259
1821
2017
1813
2618
2745
2582
2356
3597
2347
2198
3810
1538
3828
559
714
1180
741
826
385
877
3228
1570
2017
1589
3312
1589
2318
2316
2480
1431
2017
3259
2480
1486
2486
2381
3259
3018
3711
1862
1859
788
4056
1563
788
3592
2407
1563
2406
3259
726
1563
151
151
2171
3710
3667
3329
94
2725
4002
3617
3949
3670
3969
4056
157
2195
156
3697
32
2132
2851
1493
1493
2822
4034
2746
1226
439
1243
2747
417
3768
417
2239
1062
1062
1062
1479
4082
1062
2747
1791
3329
2747
3176
4051
3091
2251
3122
3111
3329
640
3558
3510
3581
3752
628
399
626
3110
3428
1491
1996
2994
1547
3067
847
3758
398
1547
398
1644
1713
1723
3391
360
3099
1196
3388
3073
2732
3111
198
2332
2335
850
1487
3484
3459
82
3465
3465
12
26
850
485
850
850
736
2474
2259
3195
3575
2259
2259
2787
2499
2648
2649
2698
1164
501
1199
1624
3575
1017
1059
363
1461
1053
2628
2041
354
138
1044
3573
1623
1623
1623
3573
2046
1010
1623
26
27
1771
2512
2499
1045
2710
1190
140
1988
2512
2518
140
133
1771
235
2529
2529
3708
3590
3859
3906
3871
135
3856
1262
1771
101
1233
1771
1010
1189
4039
1341
3329
3431
1341
117
1225
1160
1160
1260
3689
2914
835
3618
844
861
981
862
1010
2974
1010
3703
3152
1908
1870
1887
3152
2507
1856
2553
2498
2634
1152
3152
1861
2230
1644
1607
2829
3703
3433
3560
3753
2731
2178
2131
910
3307
3089
3084
3703
3703
3325
3220
910
3525
3849
2342
3849
1443
407
2730
567
3825
3582
2629
574
1478
1502
407
3689
2531
3335
2547
3478
1315
3152
1076
3035
3049
900
2201
2108
3026
745
1027
2394
2394
2347
1123
1124
745
3189
3726
3433
2662
3482
3416
3093
3519
854
712
1031
679
2201
1315
647
1378
1403
1106
745
797
1095
845
796
845
1171
2148
4022
1315
3318
1873
4011
745
1684
1315
1680
416
1548
163
320
330
1090
330
862
416
2582
1593
2582
3666
2381
2945
2987
2945
2087
2622
2133
626
2312
2133
3138
3138
1711
3807
108
3332
2275
3159
3158
2275
3581
1568
1220
1569
1059
351
3400
4058
2274
3308
3919
1553
1968
1967
3919
1511
1513
1511
3581
1821
444
1885
2858
445
1991
1692
475
2005
593
3016
1991
2050
1871
1991
2105
1991
473
445
902
445
973
1621
1651
818
680
1689
1689
472
412
729
3186
1334
1330
3413
729
3022
1310
1336
2393
1069
1466
626
3669
3186
3186
1256
3907
625
3909
3939
1550
3906
3890
2213
2763
2211
3981
1268
4046
3186
4003
2244
3370
125
36
2209
290
2208
2221
2288
1336
2294
3601
2295
928
1269
108
1726
2813
2815
1259
1263
104
1259
1259
2815
3208
2591
2597
2584
2597
2601
1103
928
2979
2978
316
309
3627
104
1003
2813
1035
3980
2057
937
898
2291
3727
1732
126
105
3854
46
3851
3649
257
171
127
341
367
339
3727
3980
3727
283
2613
279
3980
1288
581
3980
1247
3727
1776
3651
3386
2370
3385
1145
531
1292
1474
1146
1474
2335
2131
2299
2922
2709
1340
2243
2714
1375
1146
1388
1398
1396
1035
2698
1147
3590
1792
1835
774
1304
3658
3693
3653
3494
3457
3590
3653
3627
3627
2899
3624
3814
1963
3590
974
3590
3520
1899
3169
3194
1843
2116
2297
2332
902
809
902
902
3879
2953
650
4008
59
583
1032
858
1032
583
580
650
581
3102
2714
3093
1867
3092
3102
2715
2554
1843
94
0
3060
28
3060
2551
1963
2715
3474
1413
1412
2253
2552
2784
3475
40
3476
3361
41
3331
576
3479
3308
738
3479
2065
3480
815
1753
576
576
3197
1545
2893
1796
1625
2846
1873
3031
2422
3357
2291
1858
1239
2714
3648
3706
2910
3635
3384
2342
3698
3788
2352
3121
2242
3122
3094
3077
761
2730
1316
1317
2242
737
1299
2899
3454
2956
763
2254
3635
2956
2297
3863
435
13
30
1691
30
1351
1860
3648
4075
1033
1032
2057
40
418
2065
1534
1371
31
398
1600
2687
3212
1615
1318
3213
1634
2962
3145
953
1877
3148
3171
3174
2097
2393
2112
1364
2264
2283
2267
1511
1493
3303
3258
43
1160
776
3581
2953
781
2067
4075
3535
3566
2260
4075
869
2261
4073
3794
2956
619
619
3273
2115
1777
1763
1077
3273
2115
596
2734
2204
2741
2601
3071
2200
593
1427
1353
1392
3773
1356
1037
1055
3774
3802
3907
3982
3986
3729
3990
3279
2187
1427
3285
2625
2882
2198
2846
2904
2943
2844
2966
3024
3008
1077
186
2844
515
1118
515
1109
1203
2572
515
515
3275
349
2128
2165
196
1077
774
613
1866
1660
1592
1993
3279
1077
3095
3449
1014
3435
200
3444
3279
206
2779
859
148
238
389
2778
405
3400
2
1182
1040
4027
1950
1053
1230
1803
1236
4027
1133
1103
3279
662
891
823
1826
915
2776
1949
1787
236
1740
1826
2779
1594
1929
1935
1843
4070
3874
238
4000
2313
3942
2475
2420
2781
1692
2780
4045
3942
1458
3669
1458
2211
3623
4045
1951
1951
3664
2211
2631
1464
1956
1741
1785
3084
1487
1843
3671
129
155
3978
3076
2620
957
1935
1952
310
32
705
1157
2071
306
2266
2267
1223
2000
1487
3137
1182
2002
3978
3718
3739
1223
3674
508
402
3749
2604
1671
1669
766
916
386
3791
914
887
3203
129
1028
1378
1251
217
1260
386
1242
3805
2406
1054
3126
3665
1299
809
1366
889
1371
1937
1534
880
2640
3076
2638
4005
2795
4007
2201
2287
2294
944
1297
389
905
880
3182
1585
3529
1587
1777
1585
2072
160
3347
2163
2160
662
2565
2089
259
1489
283
1703
1418
185
1449
1470
1583
1575
1575
1783
1552
1582
185
2971
2953
3982
3983
1675
145
229
255
1549
130
3846
1051
1099
3847
1355
1906
1890
1986
241
1394
1379
2210
241
2847
2867
2921
2056
1016
1094
3910
3909
2295
288
2595
1393
2319
2799
1001
4024
1301
1001
2095
4027
2096
3923
2218
2899
2218
522
2095
522
522
3926
522
976
211
2317
2779
2779
2902
789
790
2778
211
790
2856
1016
636
3513
3955
902
879
698
3960
2927
2882
1073
1224
1120
2877
3959
3090
3354
3407
3584
3979
3683
3513
3513
2906
2877
160
2172
2766
2106
2747
2148
2767
2168
3973
3522
4037
2108
1106
3688
808
3950
849
3513
803
2902
1243
2213
2903
696
2213
519
154
811
1006
3920
1347
851
1347
3918
2141
2214
2190
1356
3050
689
2164
2085
2118
811
2903
2631
3292
2886
2311
3251
2308
663
1582
3177
4083
3767
4092
3196
2110
4092
2132
2838
2132
967
4071
3664
3459
2133
3651
879
3652
3522
523
811
2838
2133
1876
3070
1883
1156
2705
2744
2794
2796
2794
2744
2753
830
655
1399
825
2762
811
863
2062
822
863
2109
2081
817
2802
751
2802
2759
2260
2453
756
2909
2187
859
3566
3567
3559
3567
2802
2016
2619
830
1755
2623
1979
856
2584
1975
273
2591
273
273
2179
2012
2660
2580
856
1975
747
361
2818
361
856
2622
2699
1885
160
1190
1660
1163
1878
1979
275
2565
1978
285
2666
3811
2631
3657
3630
3593
3500
3630
3403
2622
816
680
263
1866
2818
3079
3658
2842
3467
3489
706
2570
263
2842
2649
1625
1625
1655
498
3263
3518
3925
3817
3817
538
1231
817
817
979
915
3696
728
964
4087
721
718
974
3551
733
2503
2503
631
631
2500
3252
2171
2984
3244
4051
3263
3929
138
3232
3937
3937
138
1258
4050
163
1258
1256
1218
3100
1229
2895
2177
2191
2237
1082
2894
2239
1082
1893
1082
343
2867
3549
2867
3448
345
3091
794
4054
3241
1700
1249
3928
3233
3081
3175
3236
3236
3238
1736
2995
341
533
557
3238
571
1700
1452
1720
1699
502
1375
1551
1407
1407
1614
1374
2562
3233
3928
431
3233
902
2577
1614
3716
1973
1589
1406
3564
3564
1577
3718
3716
3655
35
536
3655
496
2981
865
905
1279
496
882
864
1800
1005
3626
2484
995
2406
1880
2096
2377
3634
2414
2373
637
2886
2886
907
2173
65
3945
3637
3967
4090
3734
3924
1922
1921
3840
1274
1279
1853
1845
3929
2817
2825
1474
3603
3728
1489
3987
3603
3284
243
3284
2482
4045
942
2062
4045
1361
3713
2174
1361
1572
1824
3443
1917
2494
3449
3802
2481
907
1963
3734
1158
364
4032
3944
3728
3593
3600
3636
3716
3467
1404
2492
807
3716
662
3020
697
3734
492
947
959
3716
103
1605
1916
559
1540
683
1606
1627
1905
3716
2918
3674
683
4061
2867
2101
3728
1171
1171
1462
2175
358
358
2427
935
909
2864
2427
1616
2865
1787
3673
1773
4040
1773
303
1266
313
2289
992
778
2336
3673
313
303
3080
778
778
3520
3442
3175
1763
2494
2494
3601
4040
1357
1930
1470
1470
1447
2804
1349
778
251
1481
1450
3674
1054
1400
2203
2203
2422
1055
2420
3009
2563
3010
2750
2312
2403
3511
3605
2566
3462
566
2217
3439
3380
3810
2670
1055
3813
1893
3515
3622
3687
668
2658
2326
750
1399
2588
2589
1397
3258
2573
1393
2310
1511
282
3930
1508
1518
2399
2953
2317
3918
2317
2316
818
2316
4004
2275
2908
854
1511
85
2399
117
173
184
1456
2661
1055
343
1512
2661
2662
129
3885
982
616
615
1954
635
633
147
2908
1469
80
2897
253
1627
1107
2841
1609
3108
3104
139
95
1051
3145
3384
3134
3134
872
3662
1407
1893
3138
1438
1428
3141
519
1954
2057
3141
3143
3157
372
1646
1363
1592
3662
3631
1375
1719
2256
2173
874
3812
92
95
2090
1697
496
1726
1954
3413
1698
2259
1698
2267
2257
2477
1954
2829
476
1691
2827
1625
1625
2603
308
2805
228
1005
2845
2472
2474
2969
3629
176
3466
1005
1592
1005
3496
371
2969
1914
2472
2893
2113
2659
3113
1129
2656
1144
1103
228
4075
1208
1725
1768
3113
476
2656
2529
1716
2113
1786
477
477
1645
2310
3534
4007
3557
3562
2310
188
439
3976
611
959
611
2271
958
2365
1477
3757
2601
1483
2604
2352
2324
3257
2903
865
3479
1299
2546
1387
3479
598
2667
3609
2546
2060
2059
2072
2271
2609
2350
2023
3981
2023
3265
590
199
1307
996
999
997
3642
1886
199
999
3264
1765
3695
3647
3079
3637
3687
3711
1765
3810
2642
618
2576
3780
2563
3079
3216
1908
1248
1942
2005
1981
3183
1735
4006
3152
1248
2670
2118
2541
2386
2664
1546
2694
2840
2363
1275
1423
57
3873
3881
3872
3161
4008
63
1275
854
3776
2006
3776
1889
4039
3732
1710
3570
871
452
452
1313
285
3570
878
239
24
3761
2365
2972
2789
2988
2962
4075
281
2965
3401
1630
2767
2999
281
3463
1679
728
281
4030
1630
2250
2250
1312
917
3582
951
1794
866
885
4029
2413
3986
3166
3078
189
3094
2920
3449
2833
3076
1757
3886
3883
2773
3871
1742
3865
2674
3899
1957
1957
384
1956
327
331
1906
2624
3885
1957
524
3179
3989
2409
709
1266
525
1344
3419
1520
2673
1914
388
1521
1521
3959
54
1742
2409
3997
3995
3112
3925
740
2009
740
2132
2749
3396
2971
3035
847
1081
1915
436
384
145
3635
3263
1737
3167
2749
830
3167
2918
2749
726
2749
686
3960
687
1731
2331
2330
1534
1508
1087
687
828
1512
3365
972
1150
3135
3292
3255
301
1085
3577
1085
686
3578
3852
818
3936
4036
1176
1087
3447
1695
1176
3533
3528
1694
3528
2617
2999
3347
2716
3833
2735
2822
434
3031
1091
432
3604
1345
1091
142
2659
4021
3994
3327
3604
2255
3818
2671
2277
1896
2627
2015
2627
2671
2908
2671
2671
3088
329
323
3171
3096
3096
2910
1089
582
583
497
2629
1143
3919
3819
3921
2601
1996
2750
2729
3930
3930
3935
3054
3934
1595
1997
1816
1988
2718
1933
3427
3443
1909
3818
1244
3095
3808
3130
2679
219
3310
2711
3194
2711
2036
685
3978
719
2822
3978
728
2679
1489
752
367
131
658
1034
2827
3266
2384
1975
1661
752
825
642
2253
2253
3888
2428
2827
1316
1330
1333
1153
1327
1914
1316
2045
3981
1212
2479
141
22
3616
2735
2431
3622
3622
1113
868
3680
868
825
1783
40
3952
1420
3313
1406
258
494
21
486
11
3325
1280
19
3618
3312
2304
1465
1565
3144
3521
284
660
822
226
3521
3595
501
2118
501
1252
2114
1906
1252
489
491
1823
1253
2304
371
398
1215
3967
3820
3821
801
849
950
392
955
491
491
491
1041
2125
2125
1351
159
50
491
3057
3044
3047
2125
1211
2789
3057
3911
61
1830
2172
2712
1559
1628
1471
3444
1550
3907
1438
1603
2705
1766
3876
3308
4011
1024
1394
2114
2705
997
2291
155
207
2145
407
2104
1653
3998
1024
3301
1211
2975
1500
3428
919
1899
3458
2638
3463
2975
2787
2389
1637
245
229
1108
3463
1099
3463
208
1119
1031
1403
335
2789
2091
335
1066
332
1066
3846
2125
1471
2648
2951
3851
2789
319
2952
1339
650
3372
648
1378
1397
1395
1094
3029
3029
3029
2089
2111
2895
2479
1653
2538
2871
2476
3372
2870
2895
2895
745
3756
2566
2925
3063
2621
2869
652
3754
3795
3171
3795
3754
2966
3129
2565
3675
2648
588
2648
1339
2648
3691
153
3315
260
257
260
2630
1783
1791
588
263
2615
3799
3798
54
1714
1429
2300
1711
1339
195
3207
3207
1354
3059
2647
2625
2637
1354
767
2636
2676
2764
1200
767
1205
2877
2290
55
2891
2467
32
2757
2889
2290
2757
3265
1671
2801
1541
3081
3179
3303
2569
2601
2515
2737
3773
3565
2737
2301
3240
2514
3575
1440
2801
3297
3297
2655
1408
1411
1440
1440
2759
1522
1748
1521
1339
1364
1365
502
1345
1364
2730
2650
2750
3923
2515
2165
1885
1748
2566
2514
2123
1885
813
2582
1393
1885
397
600
1692
600
509
2059
2064
1283
2452
2881
1391
392
3964
291
600
43
3455
1782
3497
1693
3376
301
34
1750
3297
1693
1753
1669
4042
109
443
4060
4043
2601
2678
3476
3476
600
1885
2600
2329
2329
291
3437
855
987
3077
638
679
362
635
3553
212
2321
1629
120
860
2830
3639
1607
3552
499
3639
637
637
2734
638
2491
2769
1965
3644
1965
2491
2489
46
1623
730
93
1179
3103
2878
2879
3804
2878
2769
2769
2975
2975
4017
2975
2431
2405
3606
2431
3558
3208
3240
3559
1297
531
2405
1751
777
722
2404
2404
1750
3580
241
3482
401
3253
3613
3482
2768
554
555
3266
1289
3251
3355
3943
3942
355
360
555
3199
3192
128
2226
3354
2086
2150
542
2164
2164
2871
769
2467
804
785
1618
3454
3575
3218
2464
3465
3496
3709
3697
3072
4029
3250
3194
1656
359
62
1040
616
554
759
768
3225
23
1040
1726
1722
1726
2046
2043
2785
2790
460
448
1699
2526
2523
284
287
263
237
1494
229
1494
29
3636
362
2581
227
1699
91
245
1699
1039
1065
2947
1415
393
2947
1494
121
1019
440
2576
1352
914
511
1359
967
3202
156
3246
3478
1071
1446
3478
156
3344
968
1499
1699
3371
700
3483
3486
3821
3063
3738
3823
700
103
3871
1179
2241
3902
3845
88
1355
2224
1355
1662
1661
1917
1875
4054
886
4082
1059
1494
1531
3618
939
3636
3636
3590
1527
923
925
918
978
596
3025
4023
3024
703
970
970
159
1060
1065
3025
3873
3025
1229
2918
2918
1677
2918
2721
1951
146
2354
1167
1178
1676
1195
1197
884
1161
1675
2234
1699
2186
1259
1631
4068
884
2350
2214
2236
2290
2244
1132
2293
3083
3086
3076
1624
1802
4068
321
321
1950
1881
1792
4068
1982
3212
4068
1711
1701
886
1455
1454
3540
1599
1226
3524
1458
1753
2545
3586
3972
2500
3904
159
3035
3017
4072
3052
3021
3008
1122
1782
3975
4053
2646
1747
2383
2370
1059
2654
4041
4059
2652
3759
3324
3535
3213
991
718
1747
1301
465
1376
1381
3709
2273
609
1325
1982
2254
2254
615
3960
2653
95
94
78
2939
2439
520
3115
3678
3067
1371
1532
1535
1230
23
1509
997
996
4004
3892
1836
2280
928
3904
1837
700
1826
1004
1818
636
3464
1377
3114
3123
1115
3674
120
120
59
1134
48
4064
1441
1717
3155
1522
3158
520
1142
3150
3882
3464
3861
3842
3932
2288
3469
2251
3840
1800
1854
1823
1072
1147
1268
3469
1815
553
966
1128
1328
523
2979
2423
2454
2668
2766
2801
3596
3599
2664
2100
3591
3760
121
121
2101
1049
1939
3296
1049
1939
2427
3673
921
982
983
3422
1049
3272
3395
983
2539
2391
2037
983
61
63
60
1916
2427
1919
60
2179
2215
3363
1128
1077
2215
3633
1049
880
2230
2230
1130
2213
1966
2214
1871
2209
2361
1666
2209
889
2257
4031
1710
919
3563
3484
2091
2263
1333
3563
3563
880
880
397
385
437
2261
942
3952
3962
2124
2261
3953
2439
703
3871
2439
2255
2623
419
2755
51
430
427
488
413
3075
3245
702
114
112
703
2623
1684
2198
1687
3220
3220
1240
821
1921
2077
1253
2676
1930
2650
3700
3464
1376
406
2789
2320
1546
2972
1576
821
1631
2320
1313
3384
1777
3461
3519
2972
3462
1718
1777
3806
2398
1102
2402
403
3
3251
1397
3213
2228
3209
3542
3273
3667
3350
3391
3524
1476
1053
1052
3642
1475
3642
1252
3635
4053
4052
3688
646
4002
2982
2998
2815
2998
646
4002
3714
2980
857
852
857
853
857
834
460
174
452
2068
3712
3689
289
174
2314
1388
4
1388
3052
1054
2755
31
2957
897
1867
224
224
1980
3173
2663
2627
2590
3824
3623
2034
3343
3519
3369
3813
3710
3681
1405
3242
1846
3343
3583
904
904
1950
821
3532
301
2410
1936
1854
821
2379
2410
2892
2524
2410
1565
900
69
821
425
409
2793
168
2378
2638
2334
2334
589
169
3559
585
2410
2567
3576
3582
2228
1308
1299
2471
1471
3923
3191
3910
1471
3911
1607
2490
1907
1990
1910
3324
1927
431
413
3573
896
428
896
3449
2221
744
3515
2566
3824
3616
466
428
2334
3626
2334
3617
389
1216
1172
3238
3245
2488
3183
1532
1533
3448
2315
2395
3627
3278
2395
2733
1927
1685
203
2395
1923
3897
1479
806
3684
802
964
3555
3552
3552
899
3493
3850
3850
1659
2395
2505
2217
2952
1183
1720
1164
1183
2742
3721
3035
2742
769
1722
3759
203
1104
1049
1049
3862
3752
2717
3927
3915
2696
3874
3964
1294
2624
2612
277
2917
3710
2939
2418
1293
2407
322
2714
333
2717
327
327
1278
275
2418
326
2368
899
3503
975
3396
1319
1659
918
2763
467
899
2505
2961
1181
3055
1178
3393
1179
3428
1981
4063
1418
3492
3410
3956
3925
118
3135
3121
3541
118
2490
3184
3852
2428
2725
693
618
2004
2004
2127
3634
2121
634
3320
51
2816
78
2018
1937
1806
2817
987
21
2659
2639
1316
1319
1314
1100
1384
2668
3829
4066
3829
78
2856
3852
3987
4005
3999
2390
2422
2737
3441
3440
1437
3907
2505
3614
607
353
352
564
3113
35
3287
265
3967
387
3666
386
602
51
221
221
208
1436
216
1732
1797
303
115
307
3650
1957
1770
742
1796
705
2505
725
2830
3407
662
115
688
688
3525
527
3738
2471
2961
1744
2961
814
931
677
3407
3937
3311
3667
142
1101
825
1121
1128
2456
1844
1627
1602
3248
1601
1189
2687
2281
2266
1842
3253
2081
1717
3253
2457
3356
3253
1104
2444
1104
3822
1851
3761
335
2438
3823
1687
2687
1849
1245
2961
3110
2448
2448
1275
2448
2488
3701
2153
3791
2660
1277
3311
3110
1819
1277
2093
2088
919
3702
402
919
2104
913
389
4021
52
4021
3556
2970
55
50
3556
2635
269
1149
3222
246
2961
3719
287
3805
257
194
3726
2092
1894
2083
144
136
4084
4086
149
1214
2045
1962
1762
1763
2791
2045
1736
912
912
1205
1339
2850
1784
3680
3691
1239
1666
912
2817
3899
540
2818
1174
2949
839
3237
2077
791
1045
791
1045
584
3203
2723
634
3203
3203
3805
2078
2723
780
3746
3433
1165
3452
3887
2079
1164
3849
4018
3586
532
912
2811
2077
1679
3203
3298
2833
647
3038
866
3166
3481
1227
2121
3032
3123
979
2120
524
704
72
552
2825
989
3688
2120
1333
72
2123
550
1025
977
3760
3745
679
2639
541
3234
27
332
2789
443
2632
336
2628
3688
385
2608
436
1247
545
1554
191
189
579
1999
1193
3483
1559
1179
3487
544
4080
1558
579
550
1569
141
579
3486
3486
3190
579
3544
3232
1087
237
3870
991
1011
259
4071
4041
1078
450
1011
4041
4067
263
3538
3548
1364
3741
3737
3548
530
538
538
538
538
439
1049
914
1055
1357
3752
1037
991
2069
2290
450
2776
2051
3238
2058
2297
2297
3082
2899
2412
1857
3539
3226
1857
1856
3540
1003
1225
1247
275
1003
1256
2808
801
194
2564
638
1224
3226
1042
559
4037
3092
675
500
803
3224
2833
2843
1479
3212
1859
1858
2796
3092
450
1874
505
3823
1334
2323
3808
3809
3818
3813
496
3813
3814
3222
819
805
3402
774
722
377
2810
1051
1107
3258
350
377
1122
1106
2140
380
195
3935
2305
3844
271
3847
905
1334
808
1489
1488
2885
3913
271
3158
3495
3643
3190
3185
3190
451
941
832
1639
1085
180
1074
2260
1639
3300
543
2784
3733
3762
683
2783
622
2188
967
1074
2436
1817
1484
1484
1074
3276
3734
542
2536
3201
2706
2732
2460
1074
1806
3565
414
3745
3712
3741
414
3621
1632
2239
3084
3300
2220
522
3519
1002
2643
2643
3185
994
3301
1821
754
757
3379
757
3447
3564
3307
1264
1306
1748
3199
1337
3201
3135
805
1807
773
2175
785
772
806
1807
1716
1748
813
777
775
3963
776
3947
3955
3965
1298
1382
490
11
901
1998
1380
1998
3035
2137
3250
2194
3524
901
3013
3378
2136
256
3531
1949
2325
1949
2406
3139
2421
2544
3565
49
1301
378
2352
3396
353
708
3704
3307
2351
2351
3216
3339
2205
2142
3762
3497
1481
1498
3498
1509
1515
3498
2556
2530
2557
2531
2531
2347
2999
1641
1585
2872
2876
2137
3744
2327
2351
546
1874
2322
3498
540
4055
540
2316
3643
3636
2246
2906
3499
3498
3568
1031
722
4089
2246
1953
1852
123
670
972
231
1852
1332
211
1847
3267
972
211
1955
2915
2919
2919
2924
972
2924
1255
3267
2023
4054
1898
1200
1206
1712
4054
1645
114
1766
1261
1261
2612
1026
2126
2166
2191
1044
3167
3166
1837
1044
2369
3775
2369
551
103
973
103
2372
1482
1480
1527
2149
2149
2507
2556
2556
2504
2552
1480
1480
3021
2149
2372
2175
3139
3456
3022
1480
3402
2394
2344
2221
3484
3329
3617
3395
3831
1913
700
669
681
2149
699
1381
1913
370
4059
4042
4034
4043
2087
2124
521
368
84
314
314
186
363
368
1560
35
943
598
527
3791
3790
594
595
354
976
1948
478
976
1891
1895
2963
3855
1109
943
3840
1177
3849
3840
3139
735
735
2531
3241
3248
2299
735
2489
3213
3083
815
172
2529
2528
2535
546
152
998
3165
3750
1161
758
3927
525
147
152
147
1160
1138
2076
1138
1989
3754
1578
1586
2048
1837
2959
1163
1212
3754
480
3594
1212
3803
2853
3750
2539
2269
2481
3876
2853
207
1745
3877
1216
1836
3900
2704
2743
205
2746
1340
2048
1142
3314
3878
2487
1754
2513
1142
413
1214
1744
3482
3490
3464
3654
1744
1754
293
399
509
1729
8
3436
1131
1205
641
1758
2869
1589
1785
1166
1590
1710
3377
3377
1288
910
3149
2185
3436
2184
3436
3141
4030
3436
1209
3145
325
2189
2206
4030
1166
5
2812
1943
3954
961
165
1164
849
372
3336
1942
120
1540
343
993
296
993
1334
998
1347
3336
3297
2191
993
993
3117
961
2725
1942
2683
2072
3914
2535
3911
3911
2373
2650
2683
2724
910
1399
2535
2692
1715
1637
3401
3622
2306
3633
3491
2535
2336
818
2216
407
2692
1943
364
2191
1547
1
3211
3201
1376
1686
2467
3424
1376
592
592
3271
3264
1550
4070
1755
3435
1745
1536
1514
821
3751
1515
2270
1752
1752
4012
1550
2181
4070
4015
826
1498
3872
1551
876
3361
852
1439
150
3751
3365
1177
1180
488
93
92
74
1961
1796
1990
3000
3162
2125
2967
1961
125
105
2183
984
1436
3508
3491
3489
550
2232
1047
3818
1047
3677
3000
1816
770
589
589
3000
877
1737
2202
1817
1784
1761
2187
1787
1403
1666
1695
251
1735
3107
2821
3323
3325
1773
1737
1633
3628
1187
893
659
1161
108
1233
338
1978
888
1274
1952
3482
2651
1233
3492
3460
3232
251
2286
549
2376
2047
2651
1743
2025
2376
724
727
4071
1916
727
431
444
1353
1036
704
4071
1037
2289
1234
1034
1234
1203
1340
466
3482
1337
2143
813
1687
3230
3230
813
3297
2086
2086
2086
451
1658
2219
2143
3042
3716
1219
1219
3692
1985
3255
1990
451
2694
1821
2387
2325
2323
2393
2291
3842
3848
3491
3491
2570
3856
3554
3554
3554
2212
3343
3554
2209
3661
3661
2986
2977
2091
1817
687
1183
2587
687
4018
645
2750
4018
2376
640
640
2721
2212
640
1084
644
2376
3984
3532
3521
3948
3844
732
3521
3447
1774
2292
3870
3928
3470
2700
3900
1775
2374
1412
1774
1772
1412
732
2392
1098
481
985
1262
3917
692
692
985
3917
2286
1262
2576
3917
1780
2577
2586
2722
3038
2152
1863
874
732
3733
2231
1902
2159
2381
874
677
3089
2076
676
2209
1811
3816
2977
2982
3637
757
732
2980
2884
727
3386
2988
400
42
1423
3602
546
1888
2069
2034
1051
3794
656
656
2991
1610
699
2988
1311
1610
3793
1323
1286
1702
2989
3756
3390
3674
2380
2892
2645
3568
1702
3597
2298
1612
2966
2960
3860
1795
3390
3868
3386
45
56
25
7
2795
74
354
378
3606
2253
218
25
3853
207
1932
1932
2029
1617
3778
3779
3460
3463
4065
2795
678
3515
1098
30
31
678
1564
2028
1099
1945
3673
3668
2026
650
1612
1098
1612
3740
662
3744
1013
1318
3593
1318
2190
699
343
1198
2982
3057
3056
1538
1196
1901
138
1901
1892
2233
2973
1617
1261
1251
1620
3464
1216
3284
1767
1926
1183
3461
2088
3464
3284
2232
3289
2085
3543
1511
601
4016
1183
765
765
764
3547
2640
565
202
3128
3129
764
3131
3129
1142
3129
2226
338
2289
2169
2237
3187
1321
2479
3462
842
842
2617
1306
835
3848
565
1088
1101
835
3460
2972
2152
649
2171
706
3053
1486
1525
2392
2392
578
650
649
881
590
2365
788
715
715
1404
1404
3240
2468
3252
1654
506
867
636
2932
2416
2908
1239
651
2857
1564
1197
3455
223
1016
457
479
2973
2381
136
1616
153
765
3699
3691
2973
2507
153
473
1715
4029
3321
2909
1647
1674
3327
1352
3125
958
3663
1204
1207
710
536
705
1191
697
1187
68
68
332
423
2190
3328
3619
2606
848
3855
848
1352
179
2227
182
867
3634
3627
1986
1159
38
38
3220
864
3423
3409
38
3077
3210
3128
38
3870
2020
3076
752
658
2290
829
1348
658
1534
1081
671
1281
2020
3916
2797
2129
2129
1081
887
2135
1288
467
1295
3901
1384
462
3847
447
1361
2059
2058
2059
188
2311
2157
2701
2918
2907
3566
3566
3566
189
3564
1769
1769
3533
4008
4018
463
2507
2669
425
419
689
1020
682
671
1704
682
2920
462
3313
1319
1698
2105
3656
1307
1321
2726
252
2933
2231
2711
671
2734
2929
3313
881
2589
255
3625
3640
3423
3271
3571
135
3629
3669
3341
3340
1492
830
893
2901
1056
3423
3341
2497
1455
2497
2901
254
4086
3800
2367
2545
3798
3411
3825
2994
251
2994
2992
2511
1742
1513
2354
1731
3369
3370
3805
3796
2511
2827
3826
1132
534
2376
785
786
807
3825
2376
2544
2377
2389
3580
3559
2376
3462
3553
1596
3204
3234
3249
3914
3215
1221
556
3964
3967
3948
3261
2941
3789
3838
568
2795
3838
2637
2805
2470
2404
1221
2289
2492
2065
1220
1439
1221
2414
2502
1223
3263
693
1125
3347
3991
1222
3017
3413
3540
3016
3540
1717
3539
3560
3197
3661
3120
3123
169
3402
169
169
691
171
2573
784
1125
831
2613
1836
458
4017
233
3966
358
359
356
3966
369
2620
4017
508
2621
1931
356
3443
610
4019
3434
2791
82
1281
3088
3374
689
2785
4001
2768
1010
163
1281
747
400
1281
239
3112
1281
526
18
3328
2732
1155
2409
954
954
1466
959
1155
1155
839
2551
1154
378
127
301
366
377
949
3212
839
3208
696
3341
698
698
3384
3470
3877
3389
4012
4021
2843
2839
1375
2839
3328
1371
2445
2548
2531
2545
2544
2289
3382
3741
2310
3382
2836
2529
300
1900
1504
1907
793
4051
1132
3531
3766
2548
3487
2309
779
81
4069
792
3380
3336
2706
542
532
3476
1337
492
895
2530
2485
2484
2353
1123
1431
2548
1236
2710
81
2266
3777
2920
2267
4041
3776
1390
747
2888
519
2018
4041
1959
918
2819
513
2819
2263
2532
1958
1617
1645
3361
2284
3360
3360
2819
3080
3365
3320
3083
3087
1835
2411
137
2180
2183
627
2415
137
137
1465
2523
2522
590
3446
868
783
1087
3442
242
2530
2520
2556
2557
2184
137
950
4014
2186
1888
1888
2306
849
2319
168
1579
174
4014
3620
1133
3817
717
3819
3274
4039
3318
3363
3224
3298
4039
1234
4038
4037
2819
1241
1743
2819
2359
12
2257
2486
2020
2405
2538
1055
1055
3168
1836
2169
2241
1006
1385
3856
2849
2242
1575
3733
1006
1385
1385
1583
2447
2447
251
1387
13
2995
1387
1106
1306
1480
4014
1306
2997
1171
2997
1371
1233
735
407
407
2105
1019
860
2325
915
2928
2579
649
942
3981
4014
1361
763
2078
2056
860
2095
113
3988
1553
69
117
1520
69
3321
1789
613
3800
527
2983
3317
3443
1692
3318
2600
1690
1690
1213
1200
2536
2539
1210
1143
2976
4010
1215
1216
2509
2506
449
1210
4012
4013
2232
3586
449
715
2440
3345
1362
2233
3589
3463
116
3494
467
3484
3483
3806
1401
3375
3486
3597
116
117
385
399
1210
385
1153
12
1169
2510
116
769
118
2545
1535
1535
1694
3417
270
3165
287
3158
3417
2793
2788
981
2804
2796
2807
3954
3953
2089
3952
3953
664
2889
664
286
2688
2192
2126
2139
734
3418
1859
1615
1604
3220
2235
1593
816
80
3112
1987
1986
1193
2010
2008
270
1449
266
3104
1465
44
3522
2662
13
2715
44
1791
2451
2178
1448
271
1788
1510
1464
3033
1554
1541
1537
437
3032
437
2966
1788
345
2237
3117
3457
2467
2145
2093
2971
2565
2088
2094
2222
3275
2092
1733
1791
2771
2084
2092
3534
3399
3098
2416
2285
1638
2281
180
2482
1940
4050
3875
2156
1680
3901
1414
1680
4010
146
1688
4050
1797
2156
1681
3317
449
1681
455
3011
462
1689
107
120
47
162
3105
2433
3375
34
2944
36
3708
2964
1606
39
2724
3011
2433
1967
2098
2435
1392
1392
3546
2536
3335
1615
938
809
1901
3546
3546
2934
3514
3304
2934
2500
1956
3003
3468
2983
2942
2942
3002
3002
3546
1772
1671
3830
2681
1663
1729
3125
1788
1124
1664
1124
1790
1901
3889
754
3889
754
3567
2236
1664
65
3125
3453
1677
2042
1749
1808
3708
3687
794
3702
3831
1677
1368
1500
3166
1368
2159
2151
1495
1502
1854
3453
1939
1853
439
436
2339
2144
2992
781
829
1476
695
2993
734
2124
658
951
1523
3832
777
1808
1056
656
418
3522
483
2138
405
1799
10
1070
3698
489
388
1070
3453
3228
1070
3608
3215
3696
3696
3525
2339
3138
1650
2435
1332
1330
1336
1343
3992
2002
1615
3910
3453
3908
3264
2002
4041
3908
3906
3907
2734
2948
3261
2205
2347
3898
3698
3571
3707
363
2164
3571
2211
2433
2956
1682
2433
2791
1609
1107
2433
2401
1695
956
3571
1037
2868
956
1087
1124
1079
1147
1029
3950
1051
1043
1601
1242
1231
2753
1231
2700
3944
3311
3951
1575
1786
1604
2161
694
3571
3349
694
2638
468
3710
3338
2639
2706
2494
965
898
433
910
937
1102
1102
1378
937
2614
468
3997
1652
899
3037
3851
3848
1127
1310
1984
3851
468
18
3726
3724
3215
3547
3215
3115
1468
3347
3446
1439
730
468
1064
2585
2763
1661
545
3043
1468
2763
1501
561
2763
670
2973
2738
488
488
1661
1909
949
641
2916
697
646
1793
748
1294
1373
3650
4014
1292
3071
3653
4045
4059
3952
3999
943
4059
2763
1297
2683
2720
2397
2426
125
903
3639
472
3630
2516
3625
964
2013
2381
820
2822
975
672
2727
393
1793
810
2922
125
998
1964
2720
204
1571
1571
1936
2720
892
441
3044
810
1955
3303
2256
3375
3477
3044
2723
2006
1978
1979
1979
3410
3410
2157
2201
1108
1111
988
1065
2236
949
2325
923
2200
1149
947
3134
1302
227
894
3134
3135
2142
894
1148
1311
2142
2332
2142
1148
1426
2890
2890
2980
1111
598
152
152
607
563
217
2239
339
2748
2890
2239
218
1642
218
213
720
1642
1660
2890
4016
4016
3358
1937
1824
4016
814
2306
2659
1815
2306
1843
2691
3358
573
820
3428
300
2368
300
790
302
1151
2542
2368
254
1137
814
2093
2161
254
634
3967
3999
360
2163
2222
360
1589
2185
2176
1588
1588
2643
1588
3576
2973
4023
1108
1600
3576
1103
1094
1649
1097
574
1458
2080
1933
2083
1626
1930
2266
2390
1111
2281
824
1134
1933
814
2268
574
617
450
639
177
2878
2879
177
2929
177
1928
814
4022
3427
3426
632
3441
634
3599
3832
1134
3585
3644
791
3832
1848
4022
1768
4022
324
326
1208
411
376
820
3131
88
410
93
829
1666
94
180
832
2316
535
3659
633
559
3071
597
2317
2721
1848
350
435
333
435
134
441
134
442
335
432
235
527
134
2339
134
1219
1219
2369
796
844
2432
517
2432
196
1003
234
2504
1903
2504
293
3800
3772
298
298
2884
2884
1708
1705
1706
3184
3184
1267
3193
883
771
1277
812
812
2404
1405
2404
1385
1277
2538
2541
2308
2957
2881
2988
3377
2823
983
925
4046
988
1917
987
1384
2881
1768
2362
1285
1774
1738
1769
1706
2071
2077
2362
1608
1740
1230
3724
2759
2039
2899
3950
2675
2737
1224
4067
2334
3490
1757
3490
1785
2430
1761
1766
1255
3749
3085
2626
2666
3754
330
1174
2381
2669
2431
3749
1238
1239
1570
3749
2965
2863
1687
2840
2819
3741
823
3249
1570
2242
2279
3821
2612
3205
2452
2193
624
832
2566
804
772
556
3024
181
3821
3749
1220
3024
2558
3386
3240
3247
3753
3465
3219
2331
344
344
2684
2684
2398
1711
709
984
2395
1004
2395
2976
2976
547
765
3493
3598
554
2862
3218
3241
2560
3210
3906
554
3926
3314
3945
3966
1554
3318
304
1246
202
1276
3272
2766
3272
3958
2106
2081
1686
3045
3977
4069
3996
3433
4000
3045
3455
3189
3189
3534
3190
2512
2755
3128
2755
2754
3358
2754
1015
3147
1696
2754
1175
514
1078
2512
3283
1622
363
1246
1649
3944
3948
3954
3941
2665
2662
618
3954
3947
3738
618
3819
1770
1078
1737
42
3100
3100
248
249
1076
1770
3292
2581
1268
711
3653
249
2052
1590
3293
3515
1597
2823
2709
1827
1792
2325
2853
2904
1593
1799
1810
2048
345
2070
183
1133
378
1122
2891
172
1822
1804
3436
1804
172
2167
3703
182
1532
1519
2296
2087
3643
1509
1508
1551
2884
2559
3809
2521
2485
2900
2689
2941
4076
4072
4072
1822
1709
1636
3147
3104
2835
2849
1520
3809
3154
3104
3147
3768
4092
3142
3447
4093
1801
1572
3597
1743
1572
3687
4076
3447
3700
2837
2484
771
2666
2647
2661
555
758
3680
6
3439
2095
89
2913
2999
2996
3695
2691
1714
1191
1215
2682
201
2891
1777
1778
1721
1778
3001
2652
3009
201
2647
3009
1527
3866
1457
1478
2891
2321
437
2661
2321
2678
1941
2893
1931
555
3647
556
2891
2
1535
432
3492
9
2470
3774
434
3663
177
1015
2529
400
3774
3617
3677
3005
1886
3015
675
3007
3006
2279
2891
2375
2305
2339
2662
3147
3331
3478
3476
3350
3387
3836
709
3777
3627
969
677
1112
1245
1854
2663
2110
1880
1592
1922
2663
578
2333
3830
3333
591
2097
3204
3753
3794
3799
3204
3788
3615
2064
1253
744
746
2662
2394
746
746
689
2391
1015
1303
1304
199
18
3016
1383
1383
1383
144
2696
3865
1716
2870
3159
507
421
3138
1839
3142
1637
1591
3865
1881
1627
2227
88
2761
412
1176
1147
1473
1145
1074
1228
1542
1579
1474
1728
1474
1948
1475
599
557
1197
3161
1730
1475
2870
3179
2550
2228
2702
4038
2329
2550
2702
2703
2703
737
2552
728
2554
595
754
544
1523
595
4038
1948
879
2914
2914
3615
442
1579
1847
2056
1630
1650
1839
1116
494
2233
1628
66
425
1641
2056
408
3411
877
1579
3830
3766
412
3413
760
2557
760
410
498
2552
1062
1060
3413
506
760
1060
1060
1116
448
3939
2807
4036
2409
410
2512
483
2513
1588
3390
1342
2530
2521
2528
1148
3332
3672
3517
3494
506
387
480
3994
1167
1137
1588
1337
898
1681
2069
3325
2580
2580
3245
3771
3657
2280
3400
3245
1716
1719
2813
2805
1796
3058
1724
1724
3071
2741
3960
1724
3946
3277
3282
2451
1796
1672
2451
875
3394
2461
2461
3391
2086
1673
3956
2302
1611
2117
4005
4062
2547
1338
3983
4007
307
3403
1184
1040
1040
1161
3695
1191
3977
3564
3524
3891
2677
1506
1830
1534
875
1501
1735
3987
158
781
1690
875
1744
453
3811
781
1606
3837
1690
3987
151
661
2255
875
3226
3225
151
4069
3227
3147
2573
3548
4021
2575
3438
3550
2008
3533
2663
2285
1133
1980
2126
2663
2279
1132
829
3319
895
3873
3319
2008
4009
182
157
168
2597
894
3970
461
782
166
167
28
954
957
28
1734
4012
225
228
4069
2916
2423
2902
2757
947
2421
2323
2786
3352
3470
165
3531
3022
2010
3676
783
3018
4002
4007
883
2010
2783
777
1267
1238
1332
946
416
931
1332
2303
998
2783
1201
1190
225
225
108
2626
2289
1925
1389
4018
1924
1949
4012
1364
1291
2627
1389
3625
310
1301
1299
1339
1805
3172
3138
307
3133
309
309
2184
2190
3625
354
3648
398
2184
139
647
925
699
654
139
2241
942
3226
3214
3214
1676
444
1574
3056
3650
2131
3056
2852
489
2850
2296
3718
1282
1131
2300
463
469
2452
3365
2455
1787
403
3104
3259
3259
2549
3106
2357
43
3106
1789
3553
577
1675
2520
1673
3056
2736
400
576
1665
1298
1
489
2137
1053
708
1
1667
3340
1480
3509
605
3516
1052
593
2810
1298
1052
2993
2455
1026
593
836
267
2291
3846
1041
282
1550
1355
1353
2220
3437
2159
1232
2229
2237
3794
2793
1249
1249
2794
2291
1265
2455
1322
2455
3416
1992
1322
2003
1574
2457
2003
2457
1639
334
2349
3202
1674
3056
576
581
2886
2522
2788
2038
3689
3042
3688
2517
2559
3321
1772
3290
934
2517
3308
3280
1781
40
1776
1790
1772
3081
3189
34
369
3881
987
831
3887
3874
831
404
405
938
1905
941
414
3874
831
1972
987
831
862
2027
4067
3249
1739
818
926
935
1352
1684
661
746
595
738
755
463
1323
1731
1295
1295
1305
591
1645
1321
4042
547
3743
3921
1320
3250
2880
2017
2391
2385
2270
2259
2256
2268
2916
3646
1647
547
3575
2158
1643
352
2145
364
396
2043
258
396
260
2883
199
993
1003
2043
761
761
1936
1855
762
1853
2730
3925
1344
3500
3469
2235
3480
206
2935
1189
2916
1344
1991
2012
1157
2887
1801
3677
3473
206
1097
3764
1642
3807
1097
3676
3677
204
716
794
1672
815
3438
785
674
3438
1372
3693
1698
1373
1370
3033
2557
3139
1696
3037
3304
3735
2557
3114
2204
3328
3655
3655
1644
1849
3379
2773
2640
3973
2640
2636
442
3379
1390
3378
1327
3391
1446
1554
2862
1974
1834
442
2276
1262
647
1467
3192
271
3354
2296
3447
2151
1068
1349
2428
347
1180
3440
271
2388
2379
3268
1183
345
2158
333
1746
1180
2569
89
1590
1663
1114
2748
1010
1145
1590
475
2168
347
204
1890
1977
1977
986
2428
1977
3135
2796
1977
1644
2323
1656
2323
715
1324
1217
1217
2091
2107
1217
2080
3567
2117
1805
1597
2124
2387
2113
3085
2419
2261
715
1217
789
1217
221
2708
624
1953
1953
625
1955
221
625
223
630
2928
2845
1974
2139
709
2430
3199
3934
3596
2113
2876
3633
3556
2674
1046
2758
3634
2113
2128
2128
3163
3069
3163
3163
3068
3403
3068
46
1537
37
841
2158
55
1539
1621
855
3163
847
146
846
1353
1591
1515
2872
3713
1513
1786
2936
4020
2941
2626
2630
3994
2207
2206
2276
1786
788
4020
1452
4018
1065
197
1128
940
1355
197
3415
37
3408
2195
3791
197
3427
3558
3427
3431
3581
1479
835
37
834
573
584
1138
658
1355
1478
3426
3131
3131
1828
1568
1479
986
983
969
1479
924
1523
990
2948
981
970
98
669
2430
3864
98
1050
1578
4077
1371
1398
1360
2948
3867
1496
2072
2073
1497
1581
1672
2430
1832
3063
2341
3995
3063
2948
1728
2948
1770
362
2619
986
2636
2650
2637
2627
1832
3063
58
2495
986
1184
3981
1996
638
609
4035
1728
663
2044
2817
3969
972
1340
966
2903
2044
822
159
3211
2570
2679
156
3810
3453
1361
1096
756
657
704
646
2647
2653
106
928
931
931
223
928
3452
877
3127
1702
3517
1191
3516
3210
1185
875
1185
3568
1295
367
3430
2467
2416
709
2768
552
2647
875
877
3367
3216
1497
2898
686
2691
3367
3608
1497
3611
3868
3500
158
1497
156
1367
2551
2547
1384
1876
1892
1904
2095
1904
3366
1909
2514
2639
3367
3243
1909
1911
3211
3243
3954
3713
3713
3655
3672
3654
1911
924
2900
2923
1426
3423
923
3580
3405
3425
740
3649
3651
740
1225
3190
1215
3145
1837
1841
1844
1549
1140
3582
1260
3151
3340
1096
3376
3173
3300
3082
651
791
1616
1719
3301
608
3303
749
994
3303
3965
3906
3965
3248
471
3244
288
3581
2338
173
3333
173
3333
3571
994
3531
3088
3088
917
639
917
64
166
639
1128
1072
2470
1798
612
1798
3521
2256
1465
567
1424
3972
578
2701
2924
3973
337
344
471
343
471
2739
116
3521
3763
163
426
3692
499
2704
3255
17
4024
17
52
990
23
2613
2614
2193
2192
587
2697
131
2697
1370
2434
3155
2970
2704
473
2505
2952
2507
2401
2934
3155
2934
2911
3533
2831
924
3210
2877
1237
3211
924
1237
1532
4088
918
3751
4089
3765
2192
3155
3588
3684
927
2030
543
2193
2449
151
2536
141
3511
1958
1958
1963
1267
2017
3497
2030
1124
2402
3349
2196
3348
3532
3831
3831
1245
2192
1272
1124
2192
1073
3712
1783
2570
3714
2204
2213
885
2488
3153
3851
3843
439
1575
2193
1941
1950
439
1941
2491
3415
1112
757
3415
1073
1433
804
1940
1526
1052
1357
1112
2515
2207
2524
3511
2193
2938
3032
980
1017
1406
3153
2917
3026
1406
2918
2304
551
888
2120
2152
3375
3871
3808
1420
4080
3510
2795
3415
3375
3472
2152
899
90
1816
92
2146
2146
679
3795
278
2628
2619
91
3967
95
2090
93
90
2260
90
90
91
1641
2524
1641
1641
2811
1114
2258
2823
1793
3281
1631
3055
2609
2608
85
1843
3270
1743
1743
2641
357
674
82
448
2609
2879
1421
1743
996
1284
1284
1863
1715
3050
458
198
3485
1619
2065
3485
1176
750
1119
4048
1136
1077
1126
1224
1746
1751
4034
3992
1752
3158
3859
748
1619
2186
2186
2692
2385
257
2703
2652
2703
2644
3795
150
2762
2683
2408
150
237
2995
775
130
554
549
534
2072
1619
2039
257
683
1680
466
3069
1683
1490
2039
1789
3053
473
77
1016
1619
1847
3421
3412
3337
344
651
3422
2143
655
2466
684
2745
1789
1008
344
2745
654
2466
1101
1100
1100
3530
1100
1100
1100
3530
3319
3319
2602
3511
3472
3672
3667
3625
533
3666
14
3248
395
2604
493
1211
1188
351
2000
2037
1211
1991
1694
3073
3317
143
3073
2548
237
2795
2962
3248
2598
2784
3743
3310
3944
133
4037
4036
2126
2554
3943
3743
2634
133
858
2411
2424
3474
3591
2594
1782
2610
3474
310
973
2112
1382
113
118
1289
1127
1141
113
113
4040
1870
4047
1870
3889
2115
4087
1532
1116
528
859
710
471
3889
325
506
2473
2473
2473
1625
1567
1858
1630
1562
1648
3865
3731
3937
2148
3529
3385
1611
3461
2198
380
2208
3866
2208
3230
1523
3208
1398
770
1522
1522
2473
3869
3441
2272
3407
2701
2701
3194
1540
3405
2286
826
3731
3974
140
3904
2283
827
3787
3191
141
172
189
3730
182
2272
835
3869
3191
719
58
230
2360
3730
77
25
2791
2272
2272
2954
2965
3402
2920
3605
2160
2823
2694
2719
2695
2892
2161
2713
612
2284
3370
3377
3355
3818
424
3652
3831
3834
2284
3799
3724
2420
2164
2164
2030
906
2161
2719
2162
2160
3405
807
164
3941
1671
2015
453
3322
2022
3405
2657
1889
2892
2843
2657
1802
1739
1757
1546
3608
67
79
3322
2184
261
3025
2205
2185
1774
2206
1768
261
1617
1634
1651
2411
3451
2944
3450
3451
3450
3451
3567
3562
3565
3565
486
2602
863
3514
835
835
3608
1366
484
1915
3027
1910
3010
3052
435
1941
3046
1855
303
3592
3605
3575
3456
3646
3120
3010
1064
487
4005
70
974
408
13
6
815
3010
3255
887
66
3103
3282
3241
3493
1342
3140
1321
1323
1064
471
425
429
3575
1293
421
3205
3263
3244
3262
3249
3940
2811
974
3940
1067
643
1067
1244
2702
3571
3943
3940
3938
3941
334
2278
4091
3041
2718
1994
975
1994
2351
3526
3527
1269
545
1131
24
1133
3573
1092
1092
3948
3947
2123
3573
3941
3959
3568
545
3841
1382
3610
1224
2128
1086
2194
2346
1237
426
1381
3667
59
3383
3383
109
1024
3425
114
1039
615
1014
1329
2723
1381
1377
1022
2431
2748
1733
2767
2896
1499
1382
1516
2327
4091
2695
1503
3028
2750
1128
1185
1502
1021
615
3664
1171
1143
1011
3743
1021
1521
1007
1007
3583
1011
530
3844
1467
1435
1420
2742
3845
954
929
530
158
3250
134
2001
2770
3842
2630
1860
1950
1862
3380
3205
3219
3849
749
3424
3788
1380
1308
1310
3986
4064
2616
4064
2637
4043
3830
4044
2892
3753
2876
2942
2909
1137
3757
2907
2493
2907
3812
2636
3207
1936
3668
3815
90
1516
401
1201
2073
397
396
429
387
1817
1516
445
3804
504
2694
219
2075
1969
1978
490
2913
2694
174
3367
2038
1252
2018
1971
2321
2075
778
706
2913
893
780
2719
174
1447
1253
949
3702
2810
3657
2143
3260
316
3624
1447
1969
1199
2075
3097
3765
3680
3659
276
945
2953
2639
2637
1254
819
2646
3676
3765
456
480
3206
3466
3459
2790
3499
3505
2790
2553
3481
1961
316
4026
1746
3671
645
653
2781
3092
2372
2163
2163
2149
2307
511
2964
1424
2304
2112
3175
3820
9
1706
1706
2648
1517
324
2654
124
3140
339
2710
4062
243
4063
3142
2680
3156
1144
1080
3179
2652
3170
2156
2238
1984
3631
3269
2152
1691
3200
2200
2177
2179
2010
244
3133
3051
4084
2654
3135
1705
3122
4085
3128
1732
2372
3273
2552
2068
296
1228
3200
444
3201
3200
1732
2530
1459
999
999
3393
532
1650
597
3381
701
1648
1648
1464
2244
532
3070
2268
1598
1598
1898
2874
1968
1898
3425
2036
1897
1925
1080
1080
3410
3614
3412
3346
3574
1896
3630
1755
2652
2077
1635
2697
1897
1686
3431
1686
3275
3397
1686
2202
1897
3782
348
3417
2758
250
1349
2249
348
1278
1681
2996
2036
2047
1923
2187
247
2231
2215
788
2858
2047
1840
786
1191
4025
3470
1210
1161
3439
2996
1431
3451
3283
3609
1052
3612
1225
198
197
997
62
2779
2264
178
1681
562
1689
3313
987
665
1423
1022
1307
1132
2022
1567
743
1225
3182
1553
2790
1541
852
3488
672
865
2635
1041
1048
1093
3502
1353
1132
1261
2508
2510
1418
2633
2073
2073
1261
2054
247
244
1525
2884
149
1321
2705
2320
2311
132
3351
2691
2543
2635
2700
3525
3531
2543
3348
3543
3531
347
3746
2458
1340
1748
3994
2460
2668
2669
2613
260
1177
848
1849
556
699
1757
1177
3243
2635
1084
2688
1306
1728
1732
1738
2573
530
2573
2634
3631
3810
3814
688
3618
2996
3070
758
561
693
2997
2997
365
347
2997
1237
3278
4088
3066
3067
4055
2893
3067
3068
3291
3280
541
515
1061
2649
1060
556
3007
3006
0
762
518
3068
1223
1404
3067
3206
720
853
3613
1358
1362
2678
2632
2632
3527
2874
1541
2632
1326
1336
3863
3863
3963
1307
3963
3963
2578
2611
2848
2541
331
2106
2749
2807
3527
1307
2626
1565
2265
1772
1439
3234
516
3690
3419
3355
3690
2849
2900
2049
3188
3455
3154
2896
736
1712
1960
1712
3982
4066
2527
3404
1711
1790
1711
2264
440
790
790
440
3282
2527
1622
531
531
529
535
529
535
3407
3596
2334
2053
936
1410
498
914
914
1960
1848
3066
546
2946
1410
2915
1225
3596
484
958
666
2593
768
2946
2321
2429
3596
2766
630
1466
1467
1467
1470
315
381
3596
343
315
203
376
3107
2106
3109
2035
619
441
203
1325
310
627
2429
2520
2545
2469
2053
2894
2937
2935
2834
2731
2837
2839
3120
1043
2605
2716
2718
1043
2818
1499
1496
1528
2818
3770
1765
1770
2141
2166
2165
2165
2124
1868
2897
4003
3976
514
2314
512
2309
525
630
922
768
2689
933
3157
1819
631
2915
1826
768
3121
1818
1086
2044
2993
2993
2912
1244
3148
1712
3687
3917
3746
771
1989
3686
3145
2233
1573
1719
571
1559
2187
2191
1575
1737
3775
1736
2478
2682
626
3849
3851
3775
1931
1628
1603
2664
2146
326
2960
2969
3917
2146
4072
325
3861
1459
1140
2119
1527
2438
1733
2119
2888
3139
2519
1733
3346
3033
3346
3126
2271
1345
59
1139
2417
1599
1827
2378
2687
49
3809
4073
3731
3834
679
676
2687
970
671
560
1560
3300
3082
3301
2295
1763
3989
1597
1596
564
2974
563
2216
2034
2975
3166
1559
2251
2214
300
1203
3358
3165
2279
3385
3349
3349
1545
1654
450
490
2037
474
2982
1536
3762
89
1798
91
2829
2218
1654
995
3127
3792
3373
1655
3794
479
1073
1145
2906
745
748
1141
3127
1296
1301
3316
1302
1181
1296
3161
1752
3159
2672
4033
703
1662
2687
2675
2403
2458
1865
559
1802
701
558
2824
761
2980
3438
2667
726
779
2982
3149
2072
2075
3793
1801
2075
1833
1233
2672
1824
2852
2689
1851
2694
61
2810
61
797
1232
733
2827
3410
3439
2523
2106
2810
3801
2177
1183
1463
2690
1451
2523
2224
1257
1180
1427
487
2032
501
2592
2897
89
426
4025
673
683
2499
89
2437
2500
687
3724
2838
3350
3157
487
674
3700
3698
4073
414
663
4073
106
405
424
2827
673
414
1194
1655
3074
2692
1690
1718
2389
2259
2265
3156
3074
3074
2101
304
1104
1460
1056
2798
1727
3960
3960
1460
2107
2107
4062
2432
4032
3273
4043
160
1691
2905
3312
1352
1344
4093
3157
2909
1326
2468
1326
1667
3157
1667
3803
1209
3748
3803
3156
3800
292
2321
1104
2651
3438
2808
2651
475
3231
3722
3905
1981
426
3438
1588
2270
1831
2363
1599
3722
1538
2468
3781
3336
1173
3709
2769
3387
3839
1336
1810
2348
1830
2771
1831
3266
3445
630
2803
3624
3388
4085
2803
2266
1706
2691
1578
1675
4084
2978
3764
101
3841
842
3106
3106
456
469
107
101
34
3853
468
101
1446
141
121
107
18
1608
1912
2980
2373
2266
2988
2373
2305
2333
2688
429
1995
1918
2049
1918
2116
1995
3676
3366
1995
3761
295
3816
36
3772
1995
2516
3772
3822
2848
2848
676
955
431
3738
4084
2516
1707
621
1672
427
1665
1786
1976
2516
798
503
2046
795
2868
463
427
310
1179
1496
1751
1557
1560
1181
2913
3507
1235
3443
2914
3055
2914
1311
3457
2676
2679
1496
2679
750
3485
1497
1496
890
2944
1886
1335
2944
2695
1377
1388
1818
87
537
1373
3122
165
3086
165
3165
1900
1993
537
930
1891
117
435
434
888
294
930
3214
439
565
940
1825
1825
940
3214
485
492
1058
1903
486
2322
490
1903
2823
1837
3249
2322
3241
3236
1730
1783
1270
1268
1893
1705
413
419
502
2822
2335
1057
1658
1198
2569
2568
2597
1522
231
3557
3583
1545
3556
1505
2641
328
2951
2904
1522
1535
1545
2904
695
2382
2188
1858
1549
3037
467
3026
2188
1349
1139
2303
2179
2303
3922
3952
3966
2479
3922
1506
1549
2148
2150
2156
3169
2880
659
3442
2907
1514
345
365
53
1310
1308
2917
317
2303
2425
2501
2287
1242
2424
1042
1873
1429
1429
202
3233
2994
3060
201
2298
2993
1333
3233
1755
1209
1131
1177
1873
1130
3119
3342
3390
3785
3785
2287
2677
3340
86
3585
3584
3398
3587
1912
3591
3638
813
988
865
1913
873
324
871
2677
876
3389
641
1430
2719
3244
1462
3244
2003
2719
2521
1993
2521
431
2015
1901
714
806
713
649
1430
419
3386
905
2515
666
1906
2212
338
1080
1337
1414
1246
3984
3984
3984
4057
4057
2876
2878
3169
2897
936
3646
936
2499
2066
3517
346
121
3915
133
264
614
1080
362
411
424
1909
1905
403
623
1549
420
855
313
3077
3913
3254
297
620
620
2005
1926
1549
2733
302
141
302
3656
3638
3102
3625
3466
1333
1336
2031
1795
2023
2037
1981
671
3720
671
3731
140
4002
1006
805
779
1006
794
799
952
2695
1149
952
1109
1261
3251
3897
3847
3113
3723
2429
2689
1847
1920
3252
3367
2643
2794
3514
2429
2001
3514
3875
2645
492
3435
2645
2805
2806
1225
2058
1221
1534
1656
1370
1657
1636
3395
1360
3050
339
1652
2633
2058
324
3405
690
326
3014
3073
3092
3088
690
3286
3880
691
1178
1213
1179
2297
2238
3880
3880
2029
2201
2860
338
1339
2517
3061
585
2860
2029
4035
2962
2037
2031
4036
3708
2034
1335
2926
699
567
2921
415
697
3958
1446
509
1520
3720
410
3720
2118
415
449
533
1375
448
1364
1366
534
3015
2720
3012
628
620
3012
2225
2923
3012
2863
2824
3437
3364
585
3419
2225
1446
3468
3515
3848
745
3579
585
633
1631
717
3364
2326
2326
343
3364
2029
126
3380
2848
3505
3362
689
694
2061
346
2946
342
342
3364
2946
3199
3194
3195
3440
3440
3509
183
2480
529
2488
529
1152
1196
2465
2481
2171
3421
3418
2485
722
3466
3576
3540
181
3538
3538
1871
118
1813
1782
1454
3686
62
2090
3684
3686
3684
3349
3861
3843
1561
1782
603
3528
603
4069
4068
794
2370
148
775
230
868
1454
1105
1050
1904
1029
1344
1028
1079
2383
2065
2065
1188
2388
2733
2070
2294
2070
2688
1079
3468
158
929
932
706
1584
2693
3017
1734
1755
1583
1188
148
374
1239
703
568
2688
575
701
572
148
3397
2855
1239
715
2719
2860
262
2848
3204
1585
1282
3207
3073
2370
1227
2618
2619
3021
3922
3621
496
3640
3492
1227
1703
3630
1703
529
772
2226
459
2927
180
4035
286
181
2068
2071
262
287
1031
1845
1916
1029
1919
967
3011
672
962
624
27
2509
2855
3310
2852
1570
3591
3801
3600
2748
27
2517
1568
2958
2791
1176
2958
2785
2785
1570
54
367
37
2966
2952
2957
1618
2953
3717
2958
4017
3339
502
503
3717
3421
1048
175
2750
878
878
3700
4025
878
992
843
843
878
2039
429
3486
2871
3486
1533
1618
1035
3840
800
3927
3845
3911
1524
3892
2955
2039
471
329
329
453
455
1757
1852
702
1851
1757
2463
1751
77
2463
1373
872
2274
702
1572
947
1572
2373
187
187
665
2274
791
2482
2598
2864
2126
376
2598
325
2401
2130
348
3105
3115
791
2401
2137
3588
3841
690
649
3599
1992
646
2081
1436
1358
1284
2137
2548
2532
930
930
930
2235
930
930
2049
1511
1513
1507
3908
1695
3317
3908
1198
1512
3408
550
3692
1438
1389
3804
664
1992
2091
980
2905
4028
1937
1982
517
1438
519
512
2707
3693
1354
2905
3866
1399
1234
1461
2909
603
1363
1296
1982
1235
2803
2641
1296
2707
2919
2236
1986
2599
3214
1570
1826
2007
1244
462
3845
1717
460
1968
1721
1303
2221
2276
1925
179
2276
3897
3930
2751
1972
793
3914
1383
11
1871
1300
1820
1971
1924
696
3867
296
544
3208
794
1475
2386
1464
679
1508
1351
1344
282
2434
2386
3869
2855
3009
245
3032
1831
1835
3036
3008
3008
1382
244
1834
3846
2562
2657
2656
1385
1387
3350
3338
3868
3465
2386
377
2402
280
731
1674
2379
1674
272
2608
1114
2712
282
2047
1459
2085
2672
2085
3868
2053
1457
317
2808
2807
2083
3065
1461
1900
1997
1997
1996
3949
2145
2070
2689
1115
125
2123
1528
342
2366
2361
2127
503
1707
509
2851
2070
430
1707
2936
1516
3432
1994
306
3432
2860
503
317
317
2837
307
306
1837
2649
3551
3012
3174
2132
3522
2119
3447
2145
1775
1282
1742
3966
3277
1209
3244
2678
1385
2896
3779
3551
3144
3785
3776
2335
3327
2371
2625
2651
2403
2421
2805
228
2502
797
788
2524
2806
1596
115
2074
1583
115
3718
3975
1844
3950
3971
3545
3319
2045
4003
3908
62
58
982
1384
228
401
2413
462
401
2561
3462
1237
1254
371
2612
417
1559
142
128
2558
391
1555
2841
2469
2491
502
2480
3339
2896
462
3504
2897
3111
20
3111
3466
2821
66
2945
1160
2858
2931
500
1152
1607
3545
3272
2036
2600
912
2268
861
927
2602
2271
2265
861
3370
3474
3827
677
3051
2931
2729
2803
4080
856
4085
856
4080
4048
4049
2934
2649
2803
3736
2669
2031
2309
2313
2356
2360
711
3732
2313
1709
724
1309
1300
1301
1309
1708
781
1115
1121
883
953
3763
929
3764
342
3764
955
2425
731
342
1981
2373
1840
1981
478
783
200
448
929
792
1750
1744
603
2600
886
2602
2588
2602
1613
3338
3371
200
2724
951
2843
666
2851
2375
2398
3223
2367
1306
503
1413
3222
948
1305
948
3441
3345
2893
3432
3710
2247
924
949
2724
3858
3505
3920
3990
2257
4001
3505
2880
3509
144
3508
380
147
924
461
451
449
456
461
702
6
2261
702
4
2064
3485
976
1612
2990
590
922
2987
2989
2326
2646
2646
591
3832
670
2883
670
607
3835
1884
344
3347
3804
1638
591
119
3733
3755
996
3025
351
119
916
242
2424
599
2814
1668
1028
2424
1058
1469
1668
3460
578
1030
1029
2478
2477
2477
2701
1028
1058
1038
1532
358
358
119
2731
3890
118
2642
2642
1600
1746
3862
613
241
1863
618
3693
2243
2243
1125
2913
619
2117
4031
4028
4028
1600
1501
1924
467
3703
1518
3457
896
4062
3162
3740
1125
188
1096
1096
184
188
189
2250
1211
533
1502
1125
1621
532
2852
67
1493
2852
3262
3120
1761
3086
3320
429
3095
11
1887
11
2602
454
2001
1197
1201
1201
3024
1141
3887
1435
624
2546
1731
1790
2502
3740
2544
2478
1775
625
2282
666
2733
2282
3153
85
84
85
1775
3014
175
3017
1519
3039
175
1126
1121
1123
1518
1518
2157
2157
3846
2609
261
261
1430
1651
2082
1431
2710
1431
2208
2161
1467
2082
330
1431
2155
2855
2023
2855
1360
1331
239
2247
2283
2282
2153
1405
3785
2919
1391
1338
2680
2919
2917
2919
3021
3014
938
2241
938
3053
2162
1360
239
1205
2026
2334
841
2024
2644
4061
841
3893
1691
3914
3899
520
3982
861
1689
183
2173
1638
1691
1682
2248
2248
2644
1926
1856
2024
292
2644
1861
2643
2693
2915
280
312
832
2142
2327
2353
2311
2324
2087
3334
1709
2598
1384
1283
3002
141
1577
2138
2693
2693
2982
4043
2990
2850
1722
1709
441
2878
1583
2850
2844
1726
1140
1140
1633
3584
3637
2998
3434
346
3406
3434
434
2990
2693
3608
939
3727
3406
3582
2854
795
1818
798
3728
3497
798
3514
3647
3629
1362
3626
1972
1884
2016
798
1989
1860
2044
4063
799
2854
3132
3781
1405
3132
894
885
795
3001
2989
3423
1119
1279
2463
493
1816
2249
2249
3783
3096
3096
1929
1935
1928
4089
2462
715
81
1708
1708
81
75
1405
484
3417
1862
1313
2042
1334
1960
1343
478
1863
3926
3419
483
935
2234
3927
2153
434
3655
947
2202
2355
2345
1288
3572
3574
339
3574
337
320
3655
84
158
84
1601
146
495
3338
1205
1139
1212
3790
1178
2233
3574
3574
3574
2153
3781
2230
2158
1601
1171
2895
2221
1374
2288
3782
1606
3060
2826
3063
1073
1606
2742
2736
2932
2751
3784
1303
1021
1023
3948
2932
801
1019
1023
2199
1023
884
2841
4060
2826
2845
3341
2835
2836
2833
3796
535
2824
2199
613
3545
2923
2840
3755
3797
3377
3348
3359
3420
3341
1605
2829
474
3830
3512
3708
2235
1413
3797
2702
2699
1762
3811
3544
3659
3183
3666
3667
3409
472
1627
3276
3276
3658
2821
2894
1864
136
67
3579
122
3811
2233
2181
821
2228
1412
3820
970
512
1512
1517
1762
3178
309
3152
309
302
479
304
3548
3131
988
1864
984
178
302
51
188
19
595
596
1070
3867
596
474
1426
1070
1591
2845
3938
706
771
783
2751
806
305
2751
3949
1401
1392
3820
1236
1172
2599
3221
1878
2075
2071
3772
2882
2751
3772
1231
1801
1085
1877
3985
1565
1878
2788
1562
3431
1880
2561
1876
2736
2617
178
989
589
989
989
1473
2785
305
3474
1082
2849
2819
1433
2818
934
2715
1433
4062
1084
2403
1290
3665
3859
3299
954
2563
2659
2575
819
932
2571
3652
3650
3621
3649
891
1289
866
3638
3492
773
1906
773
3451
185
3426
2122
295
2122
298
2844
2122
2122
2479
3393
4086
4086
2355
1419
3665
886
859
2809
2355
3607
2364
2051
2364
230
2355
792
557
230
3579
1648
3582
2677
1729
2681
2255
347
3578
2095
1029
345
2162
983
1260
1226
3579
3570
816
333
1908
1977
333
1173
3953
2131
3957
3955
1687
1689
1067
1071
1228
521
3962
1030
4049
1686
1792
2188
516
2190
2189
2036
2202
3416
2207
163
3329
3801
892
3415
1792
1731
3543
350
368
370
1741
3397
356
1343
204
804
356
351
612
209
840
201
3285
200
1614
612
1723
614
613
3941
613
2423
4036
3741
436
418
2838
241
1815
3733
1300
490
2840
783
64
3993
2037
63
406
951
424
3993
2382
1976
3583
3787
2378
1434
1468
1437
1434
1303
4095
2629
371
1380
3431
3917
1733
1732
1732
3583
3785
391
1380
1285
3747
417
408
1961
1851
1343
1733
3504
2472
3787
2505
3788
2497
2542
417
2743
1966
3787
2167
1935
1955
2716
2696
3295
2744
2817
3771
2708
140
3561
1491
582
3560
2719
3755
3804
3791
3805
2967
3699
3794
2396
3795
3970
3561
3561
2115
1413
516
518
1433
518
517
1280
1027
1396
1396
1027
2115
1975
1391
1213
2292
2969
1973
2294
2925
2925
741
3561
3959
2300
2251
1816
1415
1851
680
3936
3409
3409
1642
2364
2414
3728
1425
1720
2220
3890
2414
2588
2150
2296
3796
681
2292
1969
3965
3736
3796
1565
2469
1543
3921
550
2714
2284
1430
1542
1368
4039
1368
2714
2951
3413
1683
1013
2499
1685
1680
2169
3019
3021
3050
3026
2198
2117
2603
2344
2908
3409
3936
60
275
694
140
2229
701
1683
1683
1022
257
2615
277
274
2614
376
3443
543
271
2538
3309
976
2170
2366
3445
482
3445
3461
1470
3647
3492
1766
94
90
450
2800
3658
1878
457
3493
457
2462
2189
422
1428
2921
2921
688
1429
1429
193
2439
2232
194
999
3324
2329
135
555
144
2237
3322
42
1214
1175
1423
2462
1178
1759
1754
1555
1165
411
3501
1141
1422
1188
1264
3304
1189
3089
3089
3091
1046
3189
1083
2462
2462
944
2136
773
887
812
905
2052
2055
2096
2936
2067
2082
4029
523
2087
1161
2129
552
1248
75
19
3501
2324
3415
2309
1425
2689
2885
3599
3397
524
2885
2327
2382
1146
3740
3136
1936
1419
3141
1746
2380
2607
1218
2405
3093
463
2162
466
3090
427
503
1602
3669
3660
2226
148
3678
3013
3361
3473
3985
2704
508
2801
405
391
1922
588
400
1989
2380
21
1891
1815
382
3091
1999
1630
1988
944
3315
3314
2650
365
3091
1682
1685
2252
1464
269
1469
2272
3090
2616
454
2606
1840
489
2937
2658
1630
497
271
2665
2130
958
3028
2286
2393
3385
2393
2385
3361
892
2166
2167
2363
2165
2149
86
3934
1838
1101
1846
1697
1800
269
1713
1712
1710
4057
162
4089
340
476
2459
2460
3399
340
3369
2607
918
22
125
3028
3782
3959
1754
436
51
536
3380
3787
437
2730
1679
746
3782
3788
3473
590
2364
2394
2399
3926
3218
918
3641
3219
247
2285
3609
3026
3186
825
1229
349
50
751
734
915
2277
2348
2278
383
3711
1305
2287
3115
4008
2177
380
157
860
157
3086
3086
168
440
11
388
915
2255
19
2438
0
7
3589
3002
3626
1309
1311
1302
1581
3003
1299
2990
358
3028
2873
962
4063
1270
390
2378
1169
3808
2500
3780
3839
3938
3029
3829
3937
3777
3727
3807
3756
1989
71
893
743
953
1265
1267
1693
1264
1266
1674
54
3941
888
71
2935
1560
891
1621
891
166
453
453
453
3702
6
6
70
688
33
1194
33
0
1242
70
71
416
3044
3043
539
1162
2174
1945
2427
1725
2947
2411
3041
3348
1946
2412
3894
3490
3881
2302
4071
2944
1649
784
1777
317
293
535
4095
1083
2180
1788
1678
1675
290
1783
3488
4089
3770
1838
1829
66
75
4
4031
2333
1714
67
75
1678
1818
1678
1401
1395
1394
1377
163
2978
3905
1677
3905
3896
4015
1414
3913
1824
1160
1163
71
3613
1996
1189
1991
3342
1811
7
3850
3707
3844
3766
3609
1564
3609
3603
3603
336
337
334
335
1861
1903
2015
3767
2446
4093
4093
1707
836
1767
3707
2238
1267
2238
1271
1272
2238
3606
2555
1174
1213
1071
1185
1068
1207
1919
2534
3320
1071
1071
1068
4048
1784
3167
4087
4085
909
3396
306
168
1664
2171
306
1426
306
1383
1559
1557
1420
1419
1559
1557
1325
1281
1298
1554
1332
1342
3704
2948
838
2625
1664
3826
368
434
2950
418
431
1291
416
3053
2469
1287
3053
1286
906
365
906
1134
2592
1151
1063
946
3394
2676
3350
2593
3449
3445
2660
751
3375
2950
3880
1707
242
822
3345
411
2109
751
614
2016
1846
1936
1940
4058
755
1927
755
755
2180
136
3050
165
164
4044
1386
50
1312
1321
167
3918
587
231
2599
411
3025
3215
947
2294
2599
864
3584
1784
400
230
392
1248
2279
232
2631
2285
3746
2614
2611
933
61
998
984
997
139
2232
2447
3203
787
1841
1824
1844
3661
229
1955
1967
3644
1251
3495
17
1156
3798
3664
1052
586
1410
774
774
887
734
2448
717
824
380
1101
1114
2658
4030
4028
3699
2034
1026
60
4030
210
290
365
2670
265
135
265
292
2996
2048
2068
214
3040
3656
1301
2668
0
219
1427
2191
2657
2179
497
2238
1866
484
2900
65
2900
531
2700
2700
1471
2896
2889
1865
3805
2800
3900
1949
2706
3258
3265
1889
586
229
1813
1810
754
2177
767
2181
168
3877
2033
349
766
708
3783
313
340
3899
1582
482
3901
3901
64
923
1181
2234
1966
1251
3797
3929
2220
285
626
629
629
3896
2207
3896
2031
2043
629
629
1270
3064
1276
3428
2570
1276
3743
1302
1810
2047
2537
1966
3839
1599
3820
1958
1831
608
3536
3832
3792
542
1320
1159
2537
631
1182
2019
628
1677
2843
1159
3437
3505
3334
619
3929
3343
3504
3573
3514
3822
3509
3919
1646
1039
1615
1536
1779
908
1107
4093
2234
491
894
1933
1780
2996
1693
4
1647
823
1722
3097
4029
126
805
121
115
1039
3286
190
1274
612
2902
2898
3750
1277
1273
2854
2937
2937
521
518
2949
518
527
872
3408
1039
3409
3411
3729
3929
608
3632
2298
3921
3592
3708
3894
1028
2706
49
1038
629
1738
161
162
2018
1276
1026
3885
753
2026
2043
2629
2026
1741
131
3429
771
3380
1411
1526
1524
474
270
1038
2079
2079
2079
2076
2079
2079
2079
2907
2894
392
2905
2907
2629
3525
3235
562
3195
1263
560
562
3516
505
692
2612
261
3261
2634
2667
1462
606
701
470
568
469
647
3468
881
2874
3149
3235
2736
2675
2941
2870
2687
2127
2631
3888
2567
2634
2654
2630
57
3882
3628
2354
3618
474
581
3754
539
744
721
539
479
464
1361
1363
560
1365
1374
2354
3693
1367
1603
2642
454
3027
2642
749
3012
3976
3012
3829
2412
2412
2284
2425
3069
536
2408
1551
1640
530
3736
2411
2425
558
2424
3294
710
1838
610
3290
2299
3372
3975
3714
3372
3368
3362
3414
2400
3414
693
3958
3818
684
2367
2052
2358
709
1408
3289
3083
3087
3087
3075
3966
3083
2354
3151
1320
3431
3431
1320
1576
3785
2252
3778
3753
1760
1576
3341
1578
3334
2797
2797
3135
1231
1780
3160
3153
1785
243
243
3198
243
3545
841
2527
839
2525
2526
641
2525
2527
2527
440
1613
722
438
438
441
3513
1255
3945
1248
2797
2797
2543
2543
505
2543
35
114
1578
421
454
33
3740
1929
293
3786
265
3807
3335
3784
1379
1379
3512
71
867
2684
1562
3784
293
265
1231
3069
3732
2954
293
3730
3049
3161
1437
3179
551
653
1436
548
1436
3809
3836
3398
2315
36
2338
2038
35
3352
2340
2019
3512
89
3836
3371
255
3828
535
226
1548
4024
3610
1548
655
653
2524
1298
3422
1548
2946
3829
2509
2765
995
1833
1720
3494
2519
63
2498
2155
2155
3130
602
3815
150
16
60
2856
1083
341
3411
340
341
341
3408
1076
1076
4009
4019
4015
4027
4003
1429
2910
1078
499
3048
3014
415
3395
1877
3015
3423
1389
209
2193
2042
3047
3047
1835
1953
1882
2123
2127
3601
3983
1235
209
3888
1919
2700
2724
270
692
1769
4030
1179
1626
3619
260
514
1626
2725
4091
3651
2218
3442
4080
76
514
3885
3701
1640
1930
1920
965
1925
2947
77
2977
2413
268
552
548
2697
2566
2167
1679
3312
1488
4006
2408
3704
3304
1194
2526
2523
3976
2558
1192
3178
2571
3891
1549
2420
2758
3032
4048
2405
3181
2300
3168
2705
3170
3077
350
4075
2414
2481
2775
697
697
1199
3169
557
1577
2643
3860
3430
1581
2464
2413
2861
2473
1577
1830
3704
2258
2957
2965
3216
2792
3210
3209
283
390
3229
3228
1582
2458
2088
130
2760
465
416
278
2760
399
399
2760
437
385
436
2761
1683
2760
2761
205
195
1463
1170
2227
152
1181
1171
607
3710
3333
2875
1537
1311
939
1873
4047
3342
1184
3346
1207
3189
3996
4046
3648
752
3528
2381
2704
2415
277
906
1311
773
787
534
1337
882
2227
3379
1463
2097
2931
2055
2055
2931
2930
2930
1855
2931
1920
2930
2178
1683
2930
3028
2564
3395
596
3405
3416
2558
2558
278
2559
630
673
2446
2555
1586
3730
1983
2555
1266
2635
3227
3703
426
1300
1023
3234
416
3229
772
3231
2496
2497
3467
2433
3732
3227
2875
3730
3715
3734
3688
2606
3471
135
3354
3354
2672
2718
1951
2620
2562
1868
3470
3387
1102
3973
3234
1377
1379
3232
2250
2580
2849
3871
2096
367
3858
1292
1263
3845
510
2568
2605
3766
827
401
2568
2863
3763
3761
2267
2673
2673
2640
2582
