mesh_partition_v1 1024 26411 41 cell_order_v1
180
885
532
429
312
606
163
484
724
437
724
836
607
435
43
329
163
984
459
960
312
163
117
417
229
429
417
554
339
163
941
428
976
782
413
617
782
776
793
867
852
190
341
934
867
341
867
582
976
948
867
281
429
285
479
281
529
529
578
852
852
114
852
529
529
37
413
174
281
868
252
942
935
445
900
950
104
282
595
1023
253
846
900
905
950
114
254
254
915
652
445
499
449
449
312
445
463
678
114
139
114
445
729
1013
754
118
1013
499
449
950
770
118
772
54
1013
742
576
796
567
85
997
793
771
567
567
567
963
429
507
183
118
782
936
176
783
868
894
118
47
783
30
212
782
589
570
458
912
335
843
843
458
349
304
843
953
843
589
989
290
458
893
898
63
992
912
458
957
959
957
554
986
24
992
44
745
995
44
44
926
44
354
152
354
689
1002
5
105
24
5
107
759
767
646
312
118
110
423
119
312
546
960
867
312
21
419
312
15
475
331
1009
848
331
958
874
594
526
337
279
243
606
410
606
410
960
753
322
569
753
36
331
283
245
957
369
607
607
331
715
372
456
680
47
536
882
866
456
11
312
457
529
350
45
95
13
755
522
253
13
369
412
11
179
915
804
161
559
277
179
312
18
558
312
312
358
318
9
18
300
446
779
211
249
397
591
210
327
596
32
18
450
272
55
476
466
459
232
466
248
720
116
248
352
248
483
761
19
740
54
777
165
248
594
981
764
766
721
802
480
380
855
892
905
444
380
97
358
602
309
176
520
674
493
309
309
52
309
87
27
738
436
755
100
602
27
759
31
31
437
513
602
692
716
712
714
26
367
345
719
713
366
165
166
990
551
165
27
750
492
860
770
551
602
551
26
551
853
773
852
532
482
237
454
853
108
627
631
372
853
690
455
445
108
108
598
47
108
636
452
277
766
766
598
855
806
755
508
593
96
217
926
873
454
966
277
259
950
62
778
115
462
978
471
277
277
782
845
330
180
944
481
63
63
482
610
147
482
63
850
483
130
850
495
969
461
850
471
850
969
849
969
471
969
857
929
481
246
246
401
257
757
657
257
839
734
256
593
634
145
403
944
985
131
966
231
229
229
147
224
246
471
509
579
940
256
509
336
736
736
699
640
509
944
593
422
259
947
646
509
493
42
480
944
736
367
1019
706
758
553
926
553
301
145
52
142
63
900
738
940
49
202
736
244
47
480
480
493
374
425
375
954
805
97
660
96
627
302
954
777
872
197
553
336
643
553
120
684
804
684
687
493
661
446
259
446
447
73
75
447
985
206
75
992
661
206
23
740
345
739
345
130
592
307
702
345
345
534
661
650
650
428
384
650
390
472
889
891
391
12
661
297
875
594
12
650
946
368
661
222
282
920
873
273
685
231
926
303
274
274
349
373
415
373
396
659
1004
1004
926
946
983
535
946
822
533
533
665
91
700
535
1004
1004
348
91
764
843
533
519
533
960
123
262
535
982
759
945
982
207
202
759
346
485
463
90
804
914
293
496
419
483
484
758
406
447
450
982
758
587
108
409
982
96
228
535
926
400
982
587
923
349
862
528
417
528
564
862
286
734
489
700
571
563
587
996
709
488
1009
695
310
314
349
862
862
139
519
24
24
867
867
860
226
488
140
580
659
657
587
926
657
867
833
707
476
940
712
719
510
489
169
160
429
444
162
859
929
401
170
933
93
209
73
929
199
929
160
184
182
929
448
875
250
22
949
963
845
875
460
46
845
833
1006
793
833
793
168
631
627
396
413
863
995
291
396
517
275
399
517
953
873
425
953
97
443
818
96
913
737
654
399
913
398
308
956
684
687
78
187
913
534
840
248
304
858
687
769
684
222
335
797
537
950
950
769
247
833
849
27
864
810
185
880
798
441
232
293
235
235
824
1006
438
840
437
887
318
843
150
208
287
437
858
343
291
951
142
614
226
858
707
375
232
473
775
859
197
859
374
169
475
41
228
654
187
472
149
147
147
972
162
262
127
659
126
385
497
343
861
540
486
884
352
218
884
540
283
303
859
859
551
654
42
696
551
895
207
325
895
806
889
786
888
334
180
980
775
435
654
27
405
511
972
849
654
849
849
849
614
823
75
394
969
910
970
274
970
861
970
394
79
287
504
394
71
488
419
837
394
786
419
382
419
855
842
393
401
919
957
786
504
786
616
729
9
842
378
616
909
423
913
13
616
535
616
491
616
602
104
898
187
195
715
359
172
629
999
905
62
759
62
180
504
659
741
757
231
504
417
468
28
629
814
12
629
28
947
629
1009
793
30
487
231
231
126
1011
70
475
180
420
593
231
282
195
83
88
201
91
401
472
443
10
802
257
867
858
605
71
251
249
245
214
248
758
195
538
248
570
186
370
980
182
662
827
70
247
85
61
215
247
703
283
774
654
654
112
654
537
373
478
422
658
16
955
644
980
594
649
648
770
328
337
658
726
70
406
386
70
266
825
705
705
181
767
337
259
704
295
772
704
711
310
301
1011
916
252
72
97
243
581
234
398
218
21
591
21
1010
975
1010
582
27
771
242
975
1009
974
398
916
181
591
205
1006
507
639
469
893
104
104
632
895
1008
295
895
439
262
262
135
212
181
181
481
716
815
864
425
734
328
713
36
879
818
450
996
390
390
939
881
36
448
36
993
453
565
36
595
555
613
719
599
595
507
505
710
463
595
485
580
453
163
184
647
328
191
460
460
718
399
920
328
328
482
505
163
384
487
476
728
476
487
387
387
682
597
398
913
933
455
926
487
438
912
448
861
799
728
728
942
487
983
942
81
834
988
503
477
496
230
496
318
496
496
496
477
453
951
49
791
167
185
173
791
935
976
784
276
791
791
629
543
625
577
109
831
628
882
108
949
439
804
949
890
967
890
770
425
421
890
890
859
520
783
278
859
859
407
816
941
647
408
951
787
787
569
407
391
46
969
330
99
541
951
957
537
245
1022
532
531
597
1008
108
1021
145
649
109
243
927
241
784
607
440
245
149
642
531
479
438
582
254
851
576
531
998
568
859
445
243
302
240
468
472
312
350
161
257
896
35
484
913
912
961
997
664
51
601
278
440
134
268
844
966
240
268
110
70
732
570
474
813
434
507
230
269
83
200
726
1000
298
474
290
804
316
474
304
813
1000
474
46
148
1000
553
808
570
863
1000
626
907
58
457
894
297
858
823
881
457
470
634
148
533
739
548
255
807
491
454
639
189
788
433
13
189
788
491
249
571
121
103
580
38
486
486
788
89
89
189
76
376
986
340
189
325
791
204
14
788
148
478
148
366
937
946
366
813
506
984
21
72
14
558
365
751
558
377
464
14
14
556
412
412
412
751
412
645
89
271
74
405
947
78
549
271
550
947
643
487
717
682
89
1003
614
724
457
378
989
961
619
948
618
271
751
621
271
621
552
614
366
622
690
869
601
621
751
350
621
115
142
292
136
199
790
597
678
292
750
637
952
204
64
73
293
366
92
760
251
790
293
95
575
792
450
350
435
470
329
792
575
790
601
575
792
757
937
68
790
549
10
24
9
998
863
635
792
970
330
461
502
502
967
575
68
792
164
792
849
217
661
517
217
516
517
905
181
187
10
906
718
973
68
68
904
620
970
131
132
262
165
897
918
917
1017
440
906
783
424
868
643
974
132
966
262
28
10
662
342
5
745
410
262
1
906
431
78
434
836
262
2
612
244
196
442
375
375
612
7
271
7
376
765
628
612
382
375
4
928
612
433
382
963
375
920
46
516
466
505
691
258
466
328
28
691
912
465
689
465
164
28
626
604
548
218
713
214
181
238
604
192
198
604
28
932
926
927
927
28
924
868
604
619
57
525
56
59
213
169
59
523
868
381
444
525
675
896
896
880
886
15
958
220
973
220
358
868
28
148
468
277
28
58
635
468
551
529
35
219
1003
880
468
451
431
361
483
483
483
967
896
483
356
28
383
627
625
625
896
627
28
533
767
990
960
962
46
47
541
831
1018
615
525
156
801
542
979
354
135
380
471
182
47
469
537
1020
602
913
345
1020
931
588
895
867
433
777
746
777
72
592
737
1020
828
1021
618
810
439
630
211
589
743
813
1020
589
686
928
158
936
999
81
932
999
449
676
813
909
910
837
813
587
414
296
717
894
955
414
894
1020
672
87
1012
1011
1014
674
792
746
1013
618
70
792
936
823
1012
842
87
206
917
606
414
905
783
87
81
783
954
693
868
730
782
414
891
773
391
238
493
832
672
941
876
983
522
996
192
730
672
672
241
235
220
895
208
439
493
927
723
47
574
439
146
107
153
895
493
895
94
94
363
754
754
11
83
1001
253
86
493
613
64
1001
620
557
747
164
243
278
615
335
226
420
461
243
151
1001
1001
127
127
476
127
1021
164
179
895
133
127
193
634
243
243
891
806
742
647
771
61
458
742
742
1016
508
501
800
335
726
240
803
60
61
176
742
801
747
144
385
25
624
48
48
234
609
681
906
654
137
144
1014
795
234
234
455
479
163
396
128
607
608
459
372
163
83
824
669
670
824
401
762
425
640
941
839
839
7
254
446
726
301
80
540
540
726
1
516
502
608
497
540
44
609
602
444
209
378
379
6
600
749
349
5
924
640
652
875
379
686
88
517
700
640
691
379
600
600
600
161
303
827
600
492
600
600
600
88
440
301
444
640
137
901
751
748
263
313
268
271
317
303
181
88
640
875
603
88
144
212
232
641
8
647
100
265
509
432
537
437
265
410
773
964
156
990
265
130
148
810
86
265
948
948
816
976
961
296
962
962
134
796
774
245
955
475
961
925
990
80
666
80
497
976
85
963
647
497
380
381
673
359
637
84
855
747
842
197
625
747
262
899
279
673
594
597
899
197
823
540
197
34
19
18
497
120
780
19
427
428
805
334
497
81
337
428
197
334
767
480
462
448
627
498
766
766
480
484
497
696
288
788
11
856
857
663
847
659
703
786
19
977
679
19
429
592
908
941
189
908
900
895
276
895
746
157
460
17
805
806
746
592
705
33
728
576
35
537
35
504
399
435
395
464
456
452
538
458
459
565
648
35
565
725
991
311
802
804
985
746
137
565
311
478
788
565
558
774
720
559
945
62
658
478
623
720
175
672
274
720
593
673
565
277
687
482
687
401
426
941
735
805
336
336
962
948
478
735
134
478
40
902
900
1002
832
856
5
598
133
577
602
593
612
598
870
602
592
5
34
1002
596
614
5
15
829
654
615
617
615
811
22
495
206
175
571
652
598
13
22
175
452
654
22
463
457
172
473
875
122
22
875
1002
526
829
829
1002
526
510
526
242
464
800
622
880
1010
620
829
617
829
808
435
808
973
881
927
857
973
552
818
924
397
819
927
941
692
824
323
816
829
225
973
872
626
857
626
829
447
222
288
291
881
291
944
291
258
42
537
291
220
889
442
732
238
254
635
577
997
789
778
442
6
1005
105
210
992
160
167
222
163
176
626
889
148
922
293
149
110
62
442
362
442
889
395
889
619
515
362
628
812
841
582
983
202
777
626
202
794
682
816
100
491
978
400
25
202
276
507
607
273
485
416
202
974
950
799
487
958
328
395
333
745
795
749
797
439
795
468
747
522
42
799
202
935
911
918
242
781
994
468
25
109
245
553
109
568
569
263
570
686
772
999
415
215
396
1021
436
614
436
242
613
317
944
918
433
832
962
601
622
233
823
105
243
243
320
445
804
243
249
833
856
422
700
109
476
682
918
918
793
918
109
304
26
793
971
833
504
26
988
793
794
4
794
460
56
447
461
586
699
626
585
584
919
919
544
833
793
106
779
177
180
965
918
734
15
334
590
200
723
631
209
15
521
15
222
695
832
700
919
92
833
964
594
704
713
460
353
461
331
86
200
780
806
549
200
744
299
786
964
1006
383
660
200
300
680
805
767
594
58
682
682
750
383
238
274
903
163
964
7
274
1013
1001
224
222
1003
771
296
296
790
819
871
383
870
321
870
806
246
338
338
1012
790
86
900
629
63
126
691
871
870
901
901
794
5
785
288
73
43
529
48
47
1014
709
558
790
38
745
44
383
97
59
50
225
631
537
34
517
7
110
528
709
93
445
823
98
14
199
709
161
173
901
211
265
468
465
225
588
522
876
588
799
224
992
225
874
410
373
133
774
542
126
467
201
915
254
466
761
139
761
915
681
750
915
915
269
767
81
527
696
761
704
628
260
707
696
418
475
704
420
106
704
411
97
108
668
108
711
696
729
704
745
411
411
943
303
303
96
96
704
829
625
743
737
617
300
705
593
903
709
140
561
557
233
696
600
768
742
713
191
602
631
46
764
215
244
768
770
321
823
306
303
353
469
208
562
229
580
768
211
685
146
601
602
46
584
601
554
622
619
619
132
804
46
255
768
554
978
312
978
978
950
852
834
618
622
978
945
88
978
478
152
197
554
615
257
767
513
608
800
510
407
820
915
315
407
946
597
806
881
846
855
744
944
455
455
816
787
497
407
505
231
557
926
505
469
407
79
231
144
374
75
374
147
225
469
505
469
470
596
627
56
507
779
42
46
374
701
800
436
817
772
1016
331
968
772
374
968
467
469
460
416
510
968
482
851
887
663
886
169
814
686
487
792
815
831
968
294
123
164
218
492
584
375
231
375
375
375
194
584
194
12
40
182
172
152
185
233
201
93
259
185
742
358
185
93
878
485
185
945
201
595
944
201
207
785
516
959
379
857
957
317
413
944
43
956
857
758
415
7
122
416
248
233
379
943
932
945
320
623
857
122
42
943
38
40
582
490
490
580
490
38
605
379
741
379
406
786
234
281
288
288
42
146
910
475
164
251
820
104
991
164
975
409
910
666
460
490
968
251
656
92
220
356
234
220
233
645
645
293
756
947
93
85
950
945
910
686
380
978
645
978
945
947
126
513
512
37
37
911
459
978
514
645
516
968
459
792
353
32
330
41
353
381
83
353
968
84
459
73
38
245
161
532
635
215
532
532
532
132
330
911
134
943
977
459
353
914
805
311
75
573
196
772
391
904
573
575
215
75
75
802
575
943
172
170
168
191
473
75
885
512
160
734
283
648
283
574
283
607
566
283
513
574
902
902
902
881
887
121
823
78
782
298
140
495
943
446
288
139
181
456
436
782
460
124
124
750
776
780
782
374
332
697
121
751
8
887
214
211
121
145
506
178
846
893
170
803
777
27
943
170
349
412
231
178
170
121
255
448
45
629
602
1
8
491
42
533
47
891
491
296
745
607
187
878
296
291
398
296
170
448
459
423
898
656
143
664
296
35
46
316
950
989
316
484
956
316
428
386
392
124
316
580
448
273
958
531
392
448
502
45
764
896
551
2
692
692
578
64
69
124
550
316
298
274
615
615
421
35
35
420
624
35
624
763
473
624
699
834
227
858
474
546
611
441
1017
288
187
880
495
187
100
31
125
478
311
273
884
274
523
299
310
891
440
397
1023
397
440
1023
530
611
893
1017
213
675
914
531
494
495
406
492
125
116
780
387
125
118
495
1023
486
103
510
402
510
979
528
523
672
674
708
286
55
530
843
822
708
657
647
290
773
647
647
291
290
883
290
883
883
474
76
250
73
250
68
168
133
22
773
883
900
383
531
170
117
297
101
773
102
702
720
488
275
354
327
773
789
223
20
847
272
902
396
528
277
528
747
292
107
180
745
180
6
121
180
926
180
899
502
689
681
745
579
941
1020
223
638
638
15
478
108
346
733
90
121
349
223
733
1020
442
121
1008
714
450
876
389
301
928
397
928
959
868
868
858
852
836
928
858
852
450
426
408
451
237
955
502
212
876
254
344
339
504
468
713
502
488
650
808
488
648
572
488
508
488
30
640
389
943
958
223
649
649
406
99
271
634
431
401
271
423
271
406
406
6
116
711
596
271
712
943
563
630
718
577
42
851
546
735
580
710
231
43
14
954
116
276
128
287
116
25
6
142
955
688
974
952
952
803
963
975
625
630
406
547
939
630
955
24
536
954
532
42
627
655
660
527
245
627
627
6
627
688
789
677
245
688
245
1
245
16
716
21
183
14
6
958
733
333
527
401
336
411
403
402
527
415
768
669
527
411
226
866
411
749
411
411
435
396
448
454
560
462
500
749
297
749
776
749
387
781
563
391
940
473
422
331
855
404
405
458
424
918
95
855
918
942
927
918
958
247
958
937
930
247
853
852
965
820
853
855
854
86
247
845
1010
918
395
1010
320
450
331
450
390
914
374
499
247
167
383
285
866
160
285
1000
127
118
112
160
30
61
1000
138
699
160
30
699
347
172
699
269
846
1000
983
699
565
104
758
352
1023
794
1022
791
967
697
1000
780
758
949
278
147
271
280
106
285
204
242
183
280
933
945
933
264
431
866
629
364
625
318
266
866
544
94
745
951
95
525
285
693
142
951
682
886
544
486
736
736
737
886
270
1014
225
270
995
958
599
544
544
624
57
886
149
886
560
496
96
511
154
155
789
560
275
935
82
625
915
560
625
279
660
915
798
668
836
798
606
639
631
619
560
546
90
537
624
12
909
290
290
294
913
294
86
86
984
646
984
85
488
163
300
909
930
924
488
489
695
400
86
163
101
56
246
785
909
187
480
987
489
990
134
195
114
400
310
909
540
971
310
1017
402
969
309
211
317
296
530
114
530
592
829
696
823
671
820
920
368
669
1018
970
114
758
722
968
971
971
580
370
370
273
102
499
53
104
190
908
920
504
646
924
602
847
601
317
659
580
32
659
520
524
114
22
430
377
665
96
673
492
713
492
580
580
983
377
978
40
609
1010
377
856
847
376
917
403
376
471
471
740
911
600
578
846
198
740
616
471
77
244
471
917
430
430
993
846
85
914
214
743
937
430
187
430
925
384
926
12
914
1022
64
192
586
198
936
860
874
855
936
835
913
198
932
574
747
198
79
198
950
622
1002
559
878
422
1017
4
473
559
361
181
622
36
377
69
622
377
15
95
431
500
114
500
622
190
497
126
4
105
431
785
362
87
248
897
316
4
973
973
366
197
546
181
171
431
169
316
975
114
265
431
814
864
806
825
904
695
825
870
262
638
262
154
638
114
165
314
354
898
262
355
259
711
262
442
442
21
442
512
363
442
710
718
125
712
713
712
53
52
154
793
830
457
570
781
780
89
591
712
722
553
65
553
570
81
68
127
242
451
660
295
486
416
413
427
609
663
825
485
710
376
377
139
367
663
858
263
660
377
825
829
652
652
93
829
228
585
366
250
297
139
311
1019
533
461
299
1019
533
831
173
548
537
1019
1019
43
568
86
366
532
241
241
476
2
107
7
356
998
224
701
94
911
908
813
1003
94
157
876
135
872
1
94
63
299
620
526
94
43
512
43
478
921
398
243
42
941
45
42
884
966
892
738
0
298
359
711
359
252
358
964
135
123
332
796
964
225
73
739
225
577
206
842
193
739
885
157
691
306
151
739
739
519
903
519
457
690
50
520
457
524
524
582
457
493
366
610
521
123
382
983
384
814
443
477
838
884
814
611
1022
382
837
666
578
817
154
610
774
178
1014
808
666
810
482
814
634
217
170
179
191
277
718
903
360
983
767
877
766
903
763
596
932
767
767
983
165
284
960
696
938
710
718
697
140
860
297
261
232
696
696
697
697
128
877
879
279
225
132
727
731
597
903
709
879
279
879
836
702
882
242
722
219
716
716
722
4
564
542
37
146
92
611
377
883
883
36
179
34
32
179
146
575
673
796
194
254
759
233
758
758
94
882
187
37
613
470
907
952
61
680
774
422
235
620
759
238
210
238
876
872
133
238
73
580
794
238
219
1019
1023
293
871
293
113
222
940
147
83
956
802
88
1023
408
79
308
233
377
221
410
120
293
422
748
940
799
596
663
79
885
925
316
925
925
937
925
752
596
18
512
940
512
596
676
940
362
76
232
921
136
398
136
913
136
939
919
136
957
427
65
353
798
340
966
695
203
926
203
966
925
920
867
157
907
1010
578
578
346
408
203
306
164
847
408
845
845
392
669
660
834
844
837
366
156
734
573
755
640
362
332
302
332
867
498
506
535
596
16
117
521
969
889
889
70
159
686
184
645
506
469
432
343
890
391
505
454
507
744
69
653
82
294
119
346
72
890
336
699
921
507
646
336
867
853
336
568
336
935
533
533
350
350
905
71
872
327
238
422
342
71
911
513
624
747
568
245
633
534
362
380
540
362
535
877
380
152
343
459
745
645
378
605
476
465
737
745
921
19
21
932
18
697
340
985
411
97
568
411
340
535
366
474
630
114
630
130
115
422
37
187
568
598
430
483
483
753
483
980
630
273
786
451
256
787
445
459
393
486
474
788
980
832
323
929
405
788
420
460
788
508
738
789
893
892
536
55
536
536
536
474
691
312
459
347
323
251
780
327
738
483
18
210
789
773
738
18
991
160
738
289
16
472
367
578
695
467
409
266
362
662
109
16
917
838
652
883
649
451
109
109
426
66
654
655
305
281
426
263
451
426
858
774
366
644
882
644
762
263
682
721
319
760
363
289
426
690
459
359
576
576
451
576
913
29
954
451
987
939
576
913
69
331
621
651
289
207
965
965
577
207
707
601
601
609
722
297
95
95
340
95
329
712
297
95
289
655
109
773
619
619
991
622
820
354
909
619
805
622
823
965
147
712
1008
965
964
147
147
397
762
393
414
399
936
412
903
236
883
334
333
333
13
888
746
800
333
235
332
227
333
235
890
712
586
901
787
901
584
280
374
707
5
1007
657
292
636
901
474
495
947
167
563
410
221
468
292
16
222
787
129
787
117
636
47
666
865
901
666
664
660
637
47
880
803
468
634
569
463
583
711
701
652
682
637
424
463
1019
1019
803
23
859
178
826
180
1018
334
429
583
656
862
887
183
353
666
875
428
828
352
761
747
830
606
858
38
549
114
110
122
815
483
858
680
968
342
803
841
880
1018
194
657
715
768
768
821
960
680
682
776
777
213
803
213
865
776
484
431
211
429
134
194
610
342
983
977
460
460
958
610
571
680
720
426
715
592
750
801
201
192
571
631
570
415
84
543
246
680
19
815
1022
815
91
514
208
211
460
613
416
515
429
815
415
698
580
568
610
545
833
373
1018
1007
549
703
703
815
460
234
796
795
624
464
194
411
795
203
411
624
155
210
411
793
797
400
153
561
373
171
561
372
624
206
987
775
500
803
348
802
341
411
2
51
836
210
373
321
153
98
519
764
178
717
764
298
298
378
152
298
884
387
82
953
994
117
952
972
83
457
185
974
94
330
117
171
989
94
98
791
942
117
168
19
102
117
964
435
624
912
637
98
137
912
567
701
305
115
0
586
45
586
43
115
130
642
152
908
137
633
137
341
897
568
152
142
174
140
200
586
671
565
285
986
709
705
671
706
709
671
429
221
111
613
93
523
78
565
226
806
806
45
140
671
341
93
341
621
152
152
285
856
316
353
261
481
341
777
798
967
831
155
849
285
363
734
4
438
467
475
627
597
629
488
467
0
124
481
68
642
438
32
102
414
107
91
766
257
325
330
461
566
682
414
817
764
343
481
12
488
725
822
522
199
734
481
42
192
324
613
325
918
257
924
828
908
811
702
61
895
812
36
121
903
715
121
903
459
558
620
903
614
762
760
583
614
761
458
820
760
365
120
761
165
159
760
1019
930
979
463
858
387
620
14
705
919
1019
711
122
888
61
866
258
1011
590
589
373
708
602
121
550
123
61
111
374
548
935
374
375
382
548
620
917
841
48
290
226
120
72
583
100
290
122
553
126
39
601
441
21
601
988
201
99
397
74
290
290
402
359
930
441
945
603
147
184
162
850
391
70
646
420
849
420
947
946
946
964
876
660
75
443
555
443
479
465
452
459
257
123
362
102
721
457
807
806
807
207
879
348
117
345
807
807
807
806
806
429
102
502
429
402
562
344
1020
174
989
502
402
502
522
233
274
140
932
693
139
136
723
735
692
137
501
904
324
2
140
579
546
134
643
119
540
625
413
593
698
96
201
586
364
561
757
93
317
357
96
281
261
329
1
333
12
415
765
302
522
757
755
117
117
493
573
729
493
34
117
538
1
284
119
119
493
917
2
372
256
117
373
843
119
374
683
372
640
606
665
76
941
941
256
657
268
260
211
850
683
925
683
285
943
286
656
257
251
851
867
850
989
665
833
59
996
778
1014
850
951
248
915
934
951
72
951
665
214
73
302
383
73
73
281
73
128
251
284
601
131
951
602
579
149
72
284
231
541
845
449
436
486
455
436
455
43
699
449
522
436
476
412
436
582
582
601
520
577
867
601
601
449
449
62
455
594
279
665
777
851
773
665
845
813
531
531
455
909
190
161
840
292
145
258
343
723
217
424
74
431
455
520
430
433
148
317
499
577
198
162
194
521
373
304
150
238
281
579
851
769
590
179
585
698
653
939
542
590
599
756
727
438
455
279
800
589
803
994
997
1020
455
296
563
577
928
584
313
942
126
317
746
746
19
742
634
508
581
208
582
146
182
213
569
222
596
709
746
498
222
569
676
59
746
455
989
236
572
222
830
222
238
831
780
225
497
740
226
573
473
674
542
1008
886
995
523
1011
803
801
1007
121
879
1000
147
529
800
1010
169
238
300
799
126
1013
154
209
750
432
871
236
886
519
871
518
994
886
995
443
406
185
185
386
186
886
772
775
848
516
756
153
153
153
901
205
224
578
221
619
927
153
941
107
445
122
221
813
382
797
624
503
336
668
927
5
845
882
221
668
336
764
750
738
133
389
384
901
415
395
141
750
666
287
873
785
634
116
985
149
1007
287
6
347
336
901
85
83
901
731
89
22
425
867
534
298
891
402
402
402
381
445
402
460
441
639
336
811
339
380
320
422
811
380
163
533
329
901
51
438
484
888
811
811
875
129
907
530
501
129
229
891
470
179
484
142
165
132
229
229
425
624
484
888
979
496
496
716
690
719
712
979
947
592
888
866
712
382
688
1007
978
129
362
991
425
129
523
905
405
434
413
523
405
534
716
822
822
786
422
719
822
523
261
1013
573
523
1013
1013
739
492
1011
1013
423
1013
635
581
473
474
474
576
564
422
424
273
917
564
379
917
340
445
739
884
259
632
638
325
581
11
914
259
426
320
564
264
866
646
537
567
678
509
898
26
362
81
67
917
199
564
924
199
478
567
539
362
897
150
478
282
306
917
477
263
830
297
816
877
539
539
517
819
632
598
297
877
80
93
440
539
297
237
235
239
129
129
297
817
635
775
770
605
867
129
191
173
937
30
180
218
608
236
709
30
476
241
129
220
718
144
249
89
838
26
698
670
842
867
718
739
27
937
844
150
150
676
785
234
937
991
84
787
718
232
785
26
62
62
937
58
371
348
718
810
931
941
941
945
229
931
912
226
534
228
290
341
363
363
225
654
466
381
381
655
380
352
59
363
330
330
58
885
721
390
721
632
363
873
406
632
632
709
708
367
632
708
807
997
894
873
885
267
267
231
743
144
963
267
974
335
975
267
7
962
8
676
783
799
302
936
433
927
380
520
716
535
997
695
602
602
38
602
997
806
394
100
892
289
373
104
1019
266
892
160
495
344
160
71
680
330
304
137
651
680
12
310
33
41
894
39
595
504
681
371
576
8
676
752
32
997
504
77
630
100
948
100
394
85
681
670
656
769
321
818
525
664
458
458
664
381
381
542
356
2
486
356
150
371
814
321
385
525
150
527
150
818
541
525
902
923
818
150
21
917
525
818
852
853
760
852
853
62
853
21
781
664
350
324
21
505
21
806
889
214
448
578
505
499
504
781
633
59
664
505
191
50
781
781
809
564
162
536
184
604
586
773
70
263
553
556
559
987
278
1002
559
447
166
279
191
586
604
218
141
525
72
525
634
430
578
446
590
814
688
773
596
576
343
583
318
525
107
518
141
605
534
504
141
524
563
141
394
517
740
525
740
786
149
151
1016
972
813
449
151
506
151
480
479
483
786
1016
1016
985
423
1016
151
427
1016
1023
467
149
859
604
588
828
318
272
554
273
438
482
475
482
13
968
385
601
730
730
730
475
98
969
530
439
94
839
94
95
984
95
988
99
294
797
798
482
364
683
299
870
561
923
520
115
560
579
587
115
751
482
582
106
582
76
583
724
70
106
106
962
808
270
962
106
22
821
425
610
751
746
623
115
246
296
306
776
578
821
256
891
821
813
464
465
601
852
48
48
464
640
858
103
364
103
629
103
439
304
398
606
143
10
555
143
821
240
327
240
535
247
397
745
683
248
43
691
143
446
596
596
446
446
444
423
22
804
740
587
579
726
727
360
546
623
304
969
612
367
143
342
26
71
982
159
351
977
135
361
683
443
440
86
774
735
419
955
415
852
929
890
735
925
915
942
848
977
861
838
861
866
21
683
70
16
139
428
754
578
598
674
428
374
718
311
778
892
86
779
246
553
82
676
67
982
101
731
706
255
214
462
393
99
706
974
171
133
167
161
161
676
448
387
459
395
497
472
428
497
588
300
255
300
972
146
213
247
499
258
396
337
645
358
361
57
940
428
940
396
969
71
855
839
396
395
73
395
706
676
991
710
706
730
730
512
513
54
730
712
674
44
712
445
730
825
678
71
696
10
711
825
1022
510
825
498
70
480
800
480
802
145
480
154
65
323
154
480
80
81
99
249
210
253
147
243
254
282
306
99
314
429
430
815
645
333
326
376
735
733
707
154
99
815
474
99
551
635
935
688
505
688
131
280
646
648
768
647
934
504
616
412
838
154
412
899
812
412
386
386
386
47
423
635
635
46
73
47
262
386
504
130
505
993
549
570
771
515
47
898
436
771
771
771
373
675
689
751
675
838
369
507
841
372
526
989
675
993
10
993
527
899
993
22
908
845
1001
311
75
817
870
10
527
526
873
524
281
258
74
271
925
577
577
817
828
817
531
595
925
572
348
543
130
351
478
473
925
473
792
873
311
477
588
529
924
873
439
873
543
861
134
488
901
543
877
421
907
1010
314
290
437
437
1009
967
472
804
743
439
966
608
1009
870
675
698
981
486
698
697
693
981
356
283
810
698
870
845
804
298
594
52
574
606
728
298
33
301
301
981
121
34
46
811
81
108
305
52
811
52
981
393
39
811
112
400
61
235
132
105
393
395
105
147
446
230
870
613
710
707
307
763
105
307
88
579
318
732
254
393
988
554
811
553
170
234
105
777
779
778
776
326
115
826
494
170
324
153
128
209
87
224
147
372
338
324
297
326
682
682
393
682
790
790
682
790
817
67
809
510
809
271
333
785
785
510
10
232
766
310
510
766
202
270
270
98
489
85
227
821
491
79
793
951
39
39
43
79
673
713
84
491
621
77
675
766
733
202
542
564
713
621
687
621
77
633
264
205
205
219
713
76
219
216
766
419
52
795
713
693
333
998
950
683
901
72
291
188
52
683
693
693
693
946
509
832
52
52
671
485
172
113
765
574
172
775
480
801
790
775
118
199
113
744
172
118
197
253
126
751
744
763
325
79
331
673
110
111
111
436
172
385
675
339
47
243
44
292
493
621
675
633
511
193
427
119
785
9
814
866
571
958
397
621
394
933
460
394
998
129
477
487
441
686
167
898
185
245
725
46
998
244
438
245
724
537
675
645
356
571
666
655
578
15
664
647
62
294
10
105
475
537
895
470
677
661
658
642
477
912
18
840
486
986
717
978
983
486
895
483
486
93
486
487
487
309
355
259
133
875
309
309
495
400
932
426
389
940
982
546
681
777
684
542
309
590
528
309
982
297
477
875
186
302
784
17
430
439
103
125
349
426
922
306
571
594
170
702
684
247
512
933
403
53
477
900
972
306
439
571
102
581
344
421
347
105
322
175
98
26
26
274
98
702
292
437
607
703
98
175
65
331
294
65
20
331
126
118
331
331
65
117
65
686
686
686
673
760
907
965
1006
148
1012
188
906
25
524
191
198
185
686
20
595
94
204
148
971
595
148
456
760
175
595
836
1016
456
456
458
846
595
687
526
189
656
86
892
969
191
855
120
86
188
903
906
86
968
85
79
902
583
621
1017
577
66
729
563
868
148
915
763
653
85
89
99
262
98
89
729
515
87
99
656
354
615
612
907
729
515
322
953
954
373
922
99
168
921
347
501
515
168
291
129
890
887
763
441
695
882
461
887
370
915
298
322
799
799
663
640
663
799
837
172
95
838
409
172
237
173
172
114
114
28
129
322
695
114
626
466
894
894
578
11
375
168
626
168
208
223
182
160
424
275
298
337
194
170
393
1018
340
28
208
13
15
354
340
430
430
398
1018
354
969
847
944
98
772
772
563
527
763
340
1000
880
54
99
536
32
405
772
772
260
603
270
41
340
305
286
251
1000
294
776
402
423
13
193
789
440
789
788
520
12
8
440
347
10
325
667
696
696
667
664
696
347
696
330
330
440
571
424
572
520
357
355
353
357
196
972
972
327
441
324
470
520
252
326
252
252
666
216
648
593
424
565
588
252
539
520
573
284
475
758
252
690
254
118
567
439
834
41
831
833
833
314
471
835
835
752
313
532
567
743
441
839
922
313
904
798
906
769
203
966
209
565
938
75
415
351
976
314
998
872
586
546
683
285
998
363
28
267
267
325
342
586
72
985
363
586
298
207
984
207
770
92
689
122
207
814
90
985
424
65
513
33
801
285
730
665
285
682
285
753
299
183
183
34
1017
782
210
144
179
173
181
425
590
197
615
205
756
130
239
219
376
605
209
87
604
629
335
590
554
139
633
147
503
638
60
335
208
87
36
503
87
36
393
82
325
82
100
11
100
71
79
9
11
22
621
802
991
503
261
261
6
1013
221
300
84
95
593
1011
6
83
506
147
157
147
386
503
386
393
989
902
84
123
903
147
411
420
903
227
753
757
736
735
123
147
943
238
943
428
533
576
824
764
122
902
182
537
169
312
18
169
833
835
182
835
266
902
196
197
266
264
678
56
985
991
285
264
291
57
466
142
477
264
943
676
466
676
264
751
736
751
546
736
595
205
951
588
945
985
676
664
949
953
57
18
669
668
676
213
1018
213
810
130
18
210
967
993
996
53
694
130
676
210
110
305
306
18
130
903
51
51
779
805
449
459
898
923
761
754
761
754
761
196
705
748
751
347
995
95
347
754
102
166
130
95
335
754
371
466
826
826
329
844
582
582
634
329
601
826
601
632
600
158
867
84
840
253
844
888
443
479
423
435
467
888
466
464
883
347
928
889
720
819
937
610
347
826
335
213
840
936
701
840
293
663
827
741
933
919
335
933
449
400
999
663
1022
925
925
453
452
810
1022
841
1010
701
721
614
1015
889
599
738
615
612
886
638
639
563
772
579
879
787
813
870
803
615
801
875
614
500
787
787
68
91
503
615
787
117
422
315
76
25
3
219
217
392
762
308
98
442
639
360
826
74
187
559
462
464
504
420
579
392
572
1007
403
174
184
564
572
572
491
591
591
392
955
392
93
373
283
679
93
286
256
93
653
93
368
563
927
924
149
993
650
459
872
504
455
677
657
992
992
563
149
957
190
190
389
957
993
275
860
142
6
784
303
149
798
691
150
149
639
569
303
130
848
131
159
160
138
144
129
639
302
909
275
635
261
247
84
448
268
179
448
373
452
448
269
377
882
469
407
510
882
601
909
694
269
532
909
634
909
882
552
561
601
286
755
282
282
679
283
283
762
552
425
848
173
664
681
765
957
431
332
203
762
759
752
173
522
316
740
377
530
511
552
511
509
509
927
979
957
828
718
405
1016
718
662
405
942
405
984
718
989
975
950
405
77
77
734
552
563
68
72
591
758
695
708
136
136
311
117
816
529
532
580
543
815
562
562
636
830
357
830
173
722
833
704
172
704
172
357
100
632
97
570
391
417
335
1002
815
922
408
357
162
1003
1000
1000
651
182
690
815
146
146
241
715
715
582
948
223
689
224
946
241
241
181
195
816
162
162
195
521
308
272
272
935
418
935
353
838
366
762
367
802
1004
366
690
367
688
574
580
201
190
881
864
881
184
214
706
719
445
190
864
128
213
871
162
574
547
241
143
87
1011
804
241
1009
218
681
135
280
183
543
681
647
592
592
647
701
531
591
1004
955
427
644
1006
592
786
773
592
1006
371
784
543
7
6
335
51
497
13
497
885
890
795
883
647
831
786
887
647
51
405
406
51
641
210
884
29
885
1000
210
532
539
526
210
641
764
645
704
582
418
704
645
100
927
65
707
14
764
279
819
956
239
776
338
778
824
422
474
933
987
933
829
90
560
165
641
289
562
165
394
567
90
987
40
658
90
12
90
555
40
557
403
641
502
508
897
798
491
798
402
95
236
1000
211
29
211
25
174
599
171
599
236
175
236
897
184
494
897
445
575
281
897
574
279
135
448
569
350
454
490
325
280
170
234
491
1
1
219
67
74
1
220
1
208
848
208
46
208
220
947
46
39
151
456
37
89
250
724
633
194
628
250
632
194
536
218
250
47
513
213
513
514
700
828
828
828
827
77
66
828
472
575
31
575
969
296
464
296
836
787
787
843
788
980
788
991
991
72
788
790
79
296
181
456
86
149
514
158
131
391
129
448
650
405
651
408
539
391
541
297
598
594
318
318
222
321
476
461
432
199
683
293
425
649
897
700
846
652
897
594
686
1020
425
496
199
413
29
1021
492
717
496
556
492
709
481
217
747
231
295
311
373
373
200
316
230
301
556
678
313
912
369
556
231
319
229
556
117
632
497
124
639
639
948
373
31
370
472
552
779
817
448
552
780
1011
1018
530
552
639
747
185
824
7
39
639
6
849
701
225
575
87
224
72
967
664
225
225
108
277
278
337
448
279
225
853
103
316
741
626
225
552
406
143
626
684
855
857
369
442
342
370
433
24
338
446
273
942
1023
942
1023
1023
1023
558
969
1022
325
460
339
462
452
857
859
684
435
530
684
541
397
684
293
764
683
652
274
274
387
274
296
969
603
857
387
646
939
940
918
448
827
639
432
36
930
857
697
991
852
863
697
863
807
718
496
695
497
496
925
497
174
697
303
697
719
95
440
443
639
279
583
11
32
639
40
492
40
495
533
235
712
733
576
714
712
531
38
522
432
565
574
627
734
233
865
515
282
515
605
865
156
514
421
515
515
427
417
416
794
892
754
495
865
492
854
853
145
11
915
12
10
320
11
939
752
939
685
1009
1020
1013
595
689
498
672
639
683
603
484
966
432
130
1021
628
357
265
433
266
155
265
462
265
446
276
741
912
925
265
671
999
939
272
656
714
760
671
671
861
306
337
774
780
1011
861
671
733
572
724
562
588
723
724
907
911
168
861
714
607
906
964
1000
967
962
714
1019
762
757
1019
762
763
294
691
606
313
763
325
327
192
1009
285
519
833
585
180
186
186
184
126
168
168
168
692
860
860
184
184
574
561
559
723
312
754
702
767
489
702
489
825
964
1021
778
982
428
702
285
428
519
446
1021
168
236
74
1021
558
446
1010
446
956
555
555
397
385
397
555
80
397
397
280
397
1003
674
323
555
437
516
245
168
480
665
493
245
460
373
13
531
374
460
463
931
503
291
609
516
590
589
936
977
764
960
740
989
427
427
1004
388
291
437
100
793
79
388
66
420
462
418
388
437
742
623
442
34
936
437
623
1015
622
741
505
607
660
973
219
2
1015
49
924
909
500
501
910
1023
216
974
992
87
86
932
932
405
263
304
435
261
49
516
317
304
434
374
56
56
822
771
313
312
313
992
490
609
543
352
205
543
224
266
266
543
882
938
846
716
728
353
728
618
224
279
815
14
58
856
832
58
56
401
832
619
808
812
87
401
604
856
215
198
87
244
578
547
401
583
746
556
556
428
58
58
857
720
525
119
617
615
431
420
543
43
367
992
423
344
511
431
811
119
777
113
379
119
986
688
692
692
994
51
610
622
688
838
622
49
270
861
688
271
271
537
994
43
992
688
688
628
325
965
489
1018
520
945
415
439
605
43
349
728
914
914
913
912
973
918
939
905
816
843
894
883
1022
724
575
49
351
310
898
351
973
351
749
965
1022
749
105
749
123
167
731
30
898
49
694
901
896
62
98
62
223
155
62
62
458
470
468
167
364
319
140
399
140
481
167
798
554
63
1002
316
252
296
1002
177
551
700
647
286
389
167
641
433
689
729
727
481
351
1002
481
494
494
349
916
397
397
851
349
851
883
659
903
841
902
883
902
950
481
841
640
319
595
740
903
392
881
693
263
740
268
433
387
513
514
726
512
268
992
230
992
850
516
261
602
581
850
217
352
98
993
657
792
1003
793
98
797
287
363
266
552
360
552
168
605
433
552
260
1011
993
918
729
656
294
918
592
657
657
828
1011
558
880
840
257
267
1014
847
1014
1014
1012
881
850
886
725
279
303
582
598
203
72
203
299
715
605
558
140
866
868
104
871
121
542
868
534
1013
70
121
69
301
944
934
66
268
104
39
849
865
39
851
848
39
1013
46
731
821
823
820
46
817
1020
963
777
808
92
104
64
18
89
121
168
696
80
80
81
779
614
710
600
279
634
613
804
608
778
615
765
710
121
268
227
858
204
53
1008
710
384
279
647
995
884
1018
994
887
995
511
184
279
672
994
803
220
710
223
247
113
24
517
512
514
204
523
201
875
565
363
758
363
565
184
166
352
696
235
355
511
825
902
902
604
567
16
723
17
720
596
591
724
371
985
989
591
683
976
567
239
976
816
239
406
576
324
191
544
816
46
46
552
573
508
141
320
162
141
308
293
320
306
318
371
370
830
717
706
318
985
568
276
371
962
376
568
587
69
60
962
952
557
528
743
962
830
13
69
765
224
534
645
705
839
962
647
453
470
389
836
807
834
821
836
652
388
69
984
78
573
573
984
784
665
4
100
188
4
847
399
290
945
705
979
810
508
974
666
945
747
944
691
690
290
663
834
880
112
112
239
810
444
436
810
810
876
746
112
102
102
536
699
45
935
431
215
441
476
705
239
476
206
621
684
1014
781
476
295
777
984
247
933
247
390
705
361
940
941
166
371
561
585
166
863
861
69
395
862
356
395
275
836
227
447
439
837
227
15
227
227
684
447
2
648
21
468
432
20
501
586
317
728
77
701
728
85
85
728
335
335
700
194
83
315
169
703
83
432
317
487
471
315
361
330
342
702
496
638
632
855
24
654
971
315
69
632
79
784
632
496
632
498
496
316
96
99
96
479
494
97
316
260
679
310
260
572
572
572
636
572
315
728
315
315
315
315
107
107
628
891
260
110
305
628
863
944
972
467
107
479
474
118
628
728
659
658
827
145
1015
361
700
391
455
703
337
1015
531
657
725
126
332
899
703
703
333
702
628
468
327
899
899
687
421
657
444
702
703
762
762
655
135
403
441
161
84
400
423
899
426
426
295
308
161
292
254
940
307
683
781
758
200
603
200
961
135
605
780
854
854
854
854
62
687
220
376
550
687
454
479
649
687
644
310
1014
783
778
966
138
1019
35
208
952
962
649
153
182
424
123
35
35
53
309
35
663
611
79
677
916
667
668
919
79
643
883
667
659
882
883
409
643
121
771
91
70
121
88
659
409
874
256
69
603
715
64
69
725
69
69
70
113
591
591
72
113
228
120
262
363
360
477
220
352
342
477
478
771
376
936
84
643
956
450
955
898
450
451
659
147
693
77
693
457
220
151
472
148
149
364
161
273
451
659
584
62
656
353
734
93
584
367
62
501
400
431
585
7
843
364
807
365
996
686
971
682
501
686
746
686
881
300
790
479
1004
881
345
41
650
15
177
177
585
348
938
391
246
246
390
914
346
426
731
650
531
528
530
706
40
651
61
48
105
375
280
296
719
375
719
436
406
716
538
940
444
371
528
254
253
949
848
949
5
609
858
609
253
641
836
660
566
596
698
511
555
737
994
655
653
61
355
354
501
832
959
734
438
261
312
959
335
566
398
648
566
769
648
566
769
252
585
583
555
561
561
252
772
797
438
773
734
775
827
1023
1016
447
210
734
701
957
957
605
439
569
970
560
902
209
209
208
990
904
898
926
936
941
916
310
501
739
744
183
183
677
178
849
998
877
851
851
601
465
465
465
465
175
465
204
215
662
175
96
27
465
242
662
124
124
465
114
624
112
974
605
175
950
610
949
892
175
636
589
203
367
500
893
640
101
636
367
1008
183
496
158
1
500
204
85
347
192
511
498
924
434
422
373
731
732
130
500
406
416
730
502
63
606
342
634
130
581
126
976
707
976
44
410
287
466
466
297
44
44
606
606
893
888
888
156
889
725
515
309
910
527
618
526
310
526
839
910
458
458
412
674
409
458
458
793
267
989
156
796
991
261
605
674
674
674
742
126
450
742
598
156
101
114
477
606
198
578
323
40
307
220
2
11
674
107
510
912
682
990
114
156
592
114
268
156
748
318
307
625
156
304
304
625
403
389
176
55
176
592
156
544
737
107
748
3
990
49
403
535
51
404
897
731
357
365
976
920
456
204
404
460
279
746
484
763
132
401
762
401
400
132
48
391
706
976
701
715
723
400
268
111
33
96
130
545
331
379
976
304
333
125
468
639
977
468
757
165
702
545
968
471
525
470
977
524
579
661
253
971
788
787
1003
199
268
788
983
786
795
793
789
389
620
580
601
1014
65
212
637
212
240
245
601
637
280
789
277
637
376
1018
309
427
1018
867
376
1014
417
350
831
925
350
928
918
391
930
350
328
946
857
452
198
42
753
391
593
328
576
577
596
350
576
857
42
40
25
391
863
68
125
765
13
91
424
793
1
126
115
26
5
352
251
765
352
640
25
247
749
97
97
988
169
309
749
173
174
311
793
156
198
294
345
1003
988
279
770
1003
43
782
998
829
222
501
441
221
291
232
128
560
223
113
158
249
501
502
162
383
1003
1003
317
543
198
543
988
988
175
495
319
401
132
742
25
743
737
310
55
742
742
587
168
303
342
168
538
294
175
329
141
329
491
491
675
491
491
491
600
581
373
372
85
373
329
846
281
846
846
284
924
464
132
330
908
116
736
863
116
855
862
77
673
700
356
274
203
48
57
60
526
201
201
28
560
560
560
47
372
421
28
382
118
702
847
545
665
653
113
705
547
842
865
846
563
368
840
888
665
665
89
547
665
658
754
322
141
988
308
369
370
736
227
961
963
668
947
954
664
978
840
985
665
834
856
868
942
705
754
979
289
990
408
494
988
281
847
286
754
677
494
307
547
192
756
492
705
31
124
127
848
709
950
65
634
727
729
15
65
972
725
99
67
972
407
99
273
99
425
322
805
322
888
273
848
576
579
582
582
439
137
137
439
861
213
151
861
230
136
267
337
968
137
853
28
143
573
938
856
590
590
971
213
856
198
985
988
1006
216
198
586
304
412
216
978
586
143
547
604
60
46
38
204
971
216
775
165
135
214
775
441
443
665
141
765
444
38
445
804
586
136
554
558
634
194
547
759
113
554
39
32
804
750
195
14
781
775
775
128
390
254
227
253
14
195
997
862
404
1001
419
66
650
780
309
963
35
294
908
954
963
537
807
932
137
140
299
189
699
671
402
402
79
404
816
812
113
389
113
118
404
508
771
961
791
507
667
825
374
881
880
247
670
812
671
369
880
884
825
825
743
53
404
247
991
991
389
71
516
727
543
689
61
682
75
130
785
575
812
919
404
930
933
931
934
935
790
777
704
709
795
205
812
935
943
943
943
941
941
422
420
201
446
823
204
294
164
183
515
937
518
524
889
641
411
524
659
893
34
846
494
158
515
491
856
500
499
891
325
93
126
91
516
887
5
708
85
598
911
155
200
483
882
439
415
713
484
346
416
426
330
543
350
774
911
346
123
820
345
755
960
895
716
888
891
197
101
159
138
138
317
159
755
639
102
474
890
884
116
116
197
523
536
716
569
838
41
87
302
832
428
491
116
423
302
116
124
87
568
755
881
843
989
991
990
832
966
982
598
835
311
713
124
109
573
314
133
572
945
572
934
958
572
707
719
311
152
152
403
23
206
206
470
329
333
326
402
435
206
214
214
425
703
23
755
696
557
686
64
27
917
934
390
865
106
124
85
124
334
483
517
314
308
135
193
314
303
517
334
302
103
299
313
334
596
603
600
513
520
267
789
791
526
264
789
412
486
484
787
106
157
525
103
893
205
106
895
895
140
513
15
79
106
79
140
661
842
783
649
876
783
714
649
525
651
651
300
653
761
526
655
613
762
516
330
838
322
945
382
717
324
368
649
328
932
783
927
655
838
941
500
754
628
983
824
368
992
453
461
469
943
303
942
305
944
292
617
623
185
638
215
638
185
155
219
687
368
242
695
645
136
139
368
136
136
816
155
155
807
821
821
388
388
821
822
408
411
749
946
683
408
1021
1023
1023
639
546
155
300
946
360
403
5
657
291
361
997
388
880
688
462
879
462
783
854
809
309
734
72
388
126
39
659
398
533
259
715
666
916
657
272
365
257
374
153
606
830
5
930
126
863
606
418
619
527
524
997
877
880
474
851
500
525
876
503
796
503
796
569
663
667
167
642
524
574
607
264
640
785
785
399
641
3
3
72
613
7
752
641
735
734
631
812
355
426
961
1006
688
639
566
131
37
641
577
557
515
355
641
658
515
513
611
619
17
1004
66
193
193
131
439
970
324
312
494
78
123
969
815
214
980
877
320
66
528
528
263
980
1018
904
263
302
946
1009
50
302
975
155
325
674
922
34
355
748
745
368
66
854
858
863
939
932
852
853
196
648
67
214
215
574
49
235
969
247
24
812
698
254
13
67
727
118
232
872
609
347
618
347
872
815
608
609
969
394
355
347
34
355
763
682
818
988
64
966
983
153
912
179
135
242
221
171
583
924
178
247
826
13
924
924
826
783
355
698
628
628
299
34
299
302
301
257
764
923
698
681
757
23
451
49
49
355
294
883
873
613
36
228
608
730
609
608
621
877
698
467
813
908
466
929
446
305
58
305
59
419
419
33
58
7
59
923
67
926
939
382
951
990
553
790
510
934
919
938
936
261
873
932
908
743
568
908
920
908
758
910
230
229
623
863
685
692
954
623
953
988
953
623
990
108
989
612
151
938
608
250
295
623
102
925
365
510
511
511
604
949
590
37
349
921
829
298
266
284
604
866
303
190
192
39
44
537
192
957
929
133
812
133
522
323
34
52
249
344
247
246
323
371
894
547
619
829
699
797
904
578
634
864
925
673
56
56
340
838
347
677
513
580
811
811
738
345
894
287
281
829
738
813
925
78
347
502
64
870
870
502
770
925
994
513
979
613
346
346
979
261
263
315
344
265
344
262
305
724
369
829
166
283
961
724
724
713
166
713
76
391
724
1023
1021
966
101
911
913
223
1023
389
223
868
875
771
810
866
119
869
1022
875
802
1022
864
746
117
251
808
144
244
251
81
145
101
959
454
12
67
513
431
891
107
9
431
384
454
70
1
244
513
247
376
132
449
111
114
144
164
513
145
153
959
184
154
470
470
504
810
773
82
877
769
805
558
82
210
255
88
381
267
363
163
644
145
76
454
454
684
481
830
507
493
831
194
491
54
867
551
256
126
822
52
76
0
722
905
907
867
721
901
53
0
53
604
53
738
644
664
669
644
604
806
53
528
666
127
666
112
112
441
0
383
44
634
84
375
247
441
249
127
535
267
666
666
285
805
117
743
666
441
895
957
471
460
765
441
759
666
342
329
119
852
655
759
532
533
705
709
852
76
848
527
852
521
997
852
290
848
828
345
300
667
349
654
294
345
693
891
796
178
862
908
797
587
961
441
743
59
72
579
206
59
308
130
582
178
590
140
59
59
138
561
178
732
545
178
508
731
508
730
537
963
933
256
549
544
735
735
256
29
1015
868
936
962
686
980
950
945
598
16
894
16
735
889
29
97
107
116
115
102
76
607
885
870
919
101
410
88
685
657
919
410
702
655
914
650
121
105
914
48
67
707
97
219
736
736
39
234
185
335
461
685
414
6
842
526
889
32
33
234
865
50
106
89
65
939
958
946
14
963
933
575
294
171
187
15
108
15
613
14
613
82
92
126
521
683
613
521
519
521
512
74
229
541
198
226
309
224
236
225
209
150
152
707
227
224
1018
999
1017
308
639
671
670
735
726
707
267
721
707
311
813
577
120
146
774
233
238
436
238
922
427
682
970
238
863
36
315
863
850
909
310
225
863
152
582
681
863
731
705
970
559
970
886
569
120
735
554
37
762
456
59
142
880
634
783
831
142
128
880
213
224
575
575
617
237
847
643
518
248
463
466
1004
261
710
710
710
408
875
526
304
922
1005
261
1005
316
463
158
137
788
129
811
86
244
812
634
839
1005
251
215
752
789
985
808
984
812
811
890
463
811
812
891
885
112
932
1005
463
543
539
499
102
115
762
537
944
115
499
685
499
249
185
203
201
973
896
261
995
261
277
499
846
899
545
898
356
205
953
915
952
154
196
290
176
915
587
162
583
188
898
21
11
334
686
686
334
378
661
152
655
583
804
127
43
124
220
220
428
196
205
499
827
826
849
372
632
124
372
416
407
200
58
642
193
786
292
545
405
484
484
642
97
505
434
281
99
99
337
319
79
319
99
310
131
407
99
840
407
934
596
10
593
212
597
596
482
982
597
449
316
504
474
333
633
4
10
212
731
476
419
212
10
477
871
472
479
472
479
4
677
1003
10
212
703
685
645
1
1003
437
319
684
947
984
721
761
1007
761
869
761
760
869
203
207
1001
296
313
914
337
87
923
924
87
924
873
975
105
11
923
327
944
978
104
344
347
1007
428
305
413
899
314
678
701
3
51
58
32
685
767
726
310
947
623
623
918
447
305
305
414
727
314
755
959
295
11
274
279
208
9
306
976
14
614
314
978
637
625
14
638
306
85
306
216
83
526
519
396
521
805
959
484
729
222
222
959
437
1007
439
621
836
883
827
824
986
821
959
318
160
74
145
67
105
837
837
307
850
90
105
836
622
65
54
929
929
110
144
529
254
837
216
252
310
921
248
837
478
477
479
196
265
478
271
858
529
600
986
600
313
196
131
196
1003
313
372
1007
260
1020
420
260
221
339
690
869
869
871
353
690
120
974
659
498
172
313
313
657
349
826
803
178
158
149
456
149
479
508
295
680
687
152
672
1020
662
819
871
791
657
689
628
384
789
409
414
819
791
508
1020
508
775
791
508
341
806
691
747
747
341
339
774
420
387
768
819
342
819
12
538
43
513
513
45
40
868
919
417
210
839
615
734
615
716
723
722
723
839
39
839
33
611
574
833
378
722
448
722
370
183
275
918
431
208
305
405
870
870
777
211
659
833
772
312
799
560
8
918
919
93
38
39
667
560
566
273
378
951
778
892
831
8
229
367
15
334
872
213
73
179
354
381
304
420
315
441
176
282
386
656
367
671
194
177
642
569
396
973
229
351
396
119
25
120
194
878
196
233
494
229
973
32
627
818
1015
1017
229
383
229
605
723
589
588
177
334
560
352
757
730
275
829
987
1023
781
588
378
570
378
781
538
538
851
860
854
523
538
538
435
709
415
709
243
275
196
149
143
244
523
22
778
116
178
945
123
123
65
123
526
774
623
228
947
949
609
609
558
838
992
825
790
790
253
900
823
971
820
253
228
818
793
635
229
169
162
170
857
198
217
17
170
178
228
246
235
826
857
154
154
402
767
382
17
143
382
939
332
198
831
143
871
942
125
263
344
121
107
831
102
97
8
942
614
942
598
238
942
541
595
593
616
238
596
17
597
985
619
240
228
984
838
246
97
523
988
874
874
879
97
574
419
417
418
474
96
246
574
879
246
575
746
30
728
17
634
549
575
618
583
634
583
634
14
8
626
447
904
444
903
574
447
961
444
626
931
317
131
926
910
925
915
131
931
574
141
345
749
636
636
931
931
1005
740
979
762
521
521
990
934
572
610
614
260
931
833
521
572
771
521
535
42
570
669
530
833
528
833
186
669
41
669
41
931
879
793
165
310
771
882
377
893
572
252
830
572
934
935
914
916
924
831
713
704
792
713
771
578
49
580
378
377
370
865
854
375
714
796
603
751
603
751
854
873
19
878
28
878
938
865
182
468
524
797
464
443
913
346
547
655
770
452
330
883
453
330
839
655
906
547
586
586
198
586
450
71
839
92
586
195
195
182
322
858
327
516
195
429
854
430
221
437
434
220
432
931
933
935
930
540
914
944
930
559
379
873
559
269
770
814
301
804
1
383
350
111
182
180
309
911
122
2
107
345
195
456
330
249
330
245
268
71
245
99
135
828
278
173
148
340
907
330
332
137
461
981
331
738
830
830
1012
983
518
807
944
828
827
319
518
233
222
258
736
466
207
360
466
319
518
11
669
416
311
487
419
157
203
483
937
535
939
56
570
234
384
779
258
398
386
339
818
321
779
339
383
296
736
731
386
837
383
736
651
658
660
666
642
136
136
334
717
293
736
854
567
580
861
379
863
86
188
518
567
150
567
334
286
567
44
751
226
37
337
336
143
766
750
717
44
580
957
856
859
957
614
859
600
900
286
91
91
383
269
652
677
645
756
370
655
311
269
370
433
282
311
189
369
433
138
138
138
383
606
324
395
766
728
606
658
761
990
754
990
960
978
708
918
882
314
882
516
766
979
871
952
979
871
300
301
301
930
886
888
301
301
893
401
871
400
303
304
419
419
308
546
304
579
871
559
433
134
248
419
139
583
758
623
757
654
140
757
97
409
758
277
933
484
314
63
218
484
892
891
213
494
390
435
494
213
316
312
976
298
316
303
337
297
235
27
216
581
307
421
616
110
432
313
225
579
409
410
242
149
264
156
441
156
410
360
360
776
357
285
266
209
709
670
433
669
151
314
714
588
209
723
1002
989
985
1002
995
998
1000
57
57
176
57
934
176
415
177
934
176
177
57
49
176
380
380
417
417
17
727
773
380
561
142
557
110
104
773
509
212
824
17
238
509
144
549
110
953
17
110
847
652
652
900
110
652
614
791
608
788
357
937
613
613
511
938
472
1012
467
475
900
784
467
821
1009
843
188
1009
133
846
977
943
979
843
881
172
1009
900
418
943
231
252
419
418
859
881
943
555
212
166
260
165
36
555
899
900
900
709
210
951
430
706
748
952
962
534
534
706
707
858
265
506
506
889
506
883
900
954
166
400
402
265
213
218
416
530
403
447
386
820
436
703
364
366
352
659
103
644
661
661
103
101
684
552
366
502
97
366
881
898
93
693
173
306
422
174
954
528
174
581
753
753
739
1002
680
568
586
422
884
368
884
885
370
885
486
122
486
1002
688
174
856
826
529
388
688
499
40
33
33
80
496
849
508
499
782
80
174
489
317
137
490
344
636
636
123
639
688
19
200
542
123
542
451
573
523
572
451
717
238
568
568
173
173
472
443
236
148
534
534
122
471
122
146
7
900
897
214
457
64
173
876
206
1004
173
791
982
190
458
81
203
207
73
203
876
321
298
979
307
296
931
919
373
292
338
50
598
48
579
930
576
599
976
351
949
311
276
949
461
299
727
350
429
765
48
677
341
949
700
322
48
929
341
956
945
727
934
350
737
133
318
336
338
322
295
737
304
349
315
262
322
132
737
280
304
490
657
630
657
322
264
517
264
743
750
593
593
596
737
233
588
539
789
737
61
705
599
705
101
599
970
163
157
157
657
54
152
61
54
706
48
947
951
950
706
61
458
61
662
662
675
1012
862
707
861
662
854
143
891
625
852
789
147
254
848
74
599
954
73
954
599
854
412
953
412
737
1013
698
744
737
690
243
135
737
138
234
725
129
237
242
334
234
299
139
725
451
738
744
599
905
138
1017
550
343
918
1017
418
1017
288
418
562
31
382
446
764
1017
412
145
308
145
798
767
288
633
798
798
317
640
462
376
851
650
456
461
461
599
391
391
798
409
404
284
798
633
21
233
20
580
761
937
1009
921
317
956
236
937
681
236
956
856
859
227
610
854
858
231
543
633
609
47
610
42
450
879
452
156
402
828
768
966
14
610
227
801
575
279
279
374
368
801
801
575
325
351
313
278
268
398
801
801
765
673
801
770
418
794
644
575
798
787
765
783
28
680
27
681
645
765
779
668
656
914
770
928
667
730
928
730
779
996
661
66
66
572
383
914
759
759
759
914
353
361
258
257
256
66
914
163
1016
152
641
845
406
348
152
996
287
34
264
353
330
154
489
492
153
276
864
34
625
818
34
276
1011
34
297
297
296
297
50
50
287
130
130
767
999
131
131
909
287
944
939
945
946
130
297
806
744
385
318
597
806
385
173
691
879
385
996
289
252
289
999
812
812
290
999
218
24
24
812
20
846
846
652
0
878
199
845
473
878
6
725
0
199
487
610
812
609
624
856
217
540
184
1022
843
30
269
33
540
812
664
782
664
999
852
624
849
154
852
624
261
134
624
222
324
232
78
231
30
135
407
38
325
36
36
342
353
212
753
766
210
232
854
342
517
522
684
522
665
76
526
410
522
15
256
701
898
331
701
322
690
690
854
695
695
668
560
40
520
513
519
812
30
569
568
668
224
75
652
12
796
646
68
66
88
646
73
883
423
887
840
183
224
13
182
348
348
418
18
226
18
20
668
85
980
853
853
853
853
506
3
980
11
226
803
124
1
369
250
251
87
369
610
182
501
975
393
974
392
488
56
961
695
56
668
286
512
270
269
392
861
896
926
749
398
501
386
812
860
792
749
860
540
861
660
512
182
660
380
660
607
607
661
8
8
163
814
287
893
512
838
581
834
512
676
215
1011
168
581
725
1015
808
1015
801
562
215
245
245
815
59
56
275
691
397
286
234
372
691
369
681
1015
1015
429
170
317
741
234
424
989
506
919
519
791
600
995
623
972
232
226
257
252
660
527
207
207
527
527
956
675
204
527
540
207
879
248
276
252
860
246
370
368
331
892
699
284
839
190
394
246
967
933
506
60
929
867
967
865
871
208
208
171
171
675
727
480
616
191
775
770
480
60
799
616
879
450
786
60
967
324
581
378
864
995
294
1
5
534
35
907
905
995
905
214
89
534
547
555
97
246
111
99
191
191
99
581
146
146
170
294
175
445
508
460
246
461
417
820
813
417
995
892
871
218
215
219
215
359
213
730
157
209
647
377
883
380
380
730
380
380
436
930
436
436
436
421
246
359
463
989
191
359
190
497
627
892
758
509
911
581
668
342
540
190
339
339
521
623
623
933
908
940
989
317
133
523
246
580
500
348
644
622
501
618
348
592
801
592
811
251
95
277
924
286
256
1011
286
273
803
465
644
475
186
644
476
711
186
644
497
584
755
588
712
548
588
766
50
935
186
917
934
659
712
186
935
935
657
349
851
658
359
689
838
661
648
827
715
597
349
595
580
73
72
203
574
595
228
782
899
530
782
35
734
49
60
721
43
450
892
939
953
235
471
938
760
505
464
39
39
505
62
658
60
464
868
60
863
275
505
505
250
90
90
60
90
131
679
90
249
60
244
1010
98
851
112
617
112
112
619
622
649
617
650
622
621
96
97
97
570
387
386
462
511
60
511
599
112
61
665
583
769
280
459
236
769
237
814
996
178
824
550
102
167
280
690
824
612
1008
535
1022
1016
247
1017
201
318
280
1016
796
376
276
465
519
289
547
280
666
242
247
520
656
354
742
205
762
1022
289
548
721
170
809
987
1000
289
170
993
990
400
407
405
235
681
434
720
1016
766
180
180
150
147
159
452
705
232
718
233
719
484
233
441
407
911
487
452
483
37
528
573
760
784
682
762
781
407
776
132
180
327
173
180
3
216
907
404
452
434
916
434
721
721
598
289
452
911
598
312
598
741
911
516
874
443
443
202
883
400
202
786
743
400
587
911
183
400
77
77
655
874
768
1015
115
531
869
794
843
774
867
883
77
760
77
872
106
641
717
318
318
711
884
529
340
3
320
529
29
806
29
679
337
337
337
306
893
337
529
388
1015
529
946
890
955
691
955
926
1015
145
984
1018
1007
817
128
3
142
926
974
319
471
540
404
523
207
811
2
405
2
430
386
416
1010
6
940
470
1010
937
562
926
249
757
759
215
314
999
992
115
992
983
120
90
215
119
215
215
173
604
744
961
1005
744
744
549
626
544
571
565
328
21
469
442
1005
227
336
110
304
282
63
448
34
89
277
1005
418
418
418
1005
449
228
418
90
90
389
628
627
321
562
469
82
461
628
628
82
81
415
87
638
638
785
785
839
840
860
80
838
341
414
98
340
389
228
469
885
356
1015
972
356
101
343
328
463
343
773
732
74
796
203
74
238
206
226
610
226
872
956
476
479
440
956
627
472
637
627
550
448
956
479
677
430
421
708
872
965
988
811
591
674
653
208
931
955
929
872
873
919
901
208
982
835
749
835
301
0
591
308
783
1007
63
309
307
319
0
866
636
818
632
1016
383
956
320
518
525
209
763
659
514
171
323
739
739
767
370
368
171
976
809
965
556
996
971
938
997
214
180
275
145
763
383
153
258
281
282
170
207
282
207
203
203
326
700
876
383
916
443
851
170
923
383
921
29
406
70
62
56
256
56
214
29
573
432
573
796
741
611
615
615
641
552
644
128
761
641
948
949
393
818
96
824
695
956
956
695
1007
490
338
490
337
52
972
884
694
933
856
403
498
500
846
261
263
261
1007
487
15
440
718
15
459
922
18
457
141
516
459
666
487
459
658
452
19
15
209
15
179
419
417
177
145
922
922
19
26
169
977
381
380
822
169
517
359
355
748
302
299
142
779
977
979
342
841
142
843
843
413
847
857
687
546
681
864
346
880
977
868
689
1016
53
111
683
11
683
686
697
355
696
790
696
240
345
96
424
534
534
342
343
96
342
342
534
905
571
538
572
538
539
369
240
612
612
45
44
776
96
254
534
276
864
671
241
210
692
809
414
102
102
833
107
835
798
33
69
111
55
50
54
809
864
809
43
36
46
864
365
136
864
346
809
387
769
1008
742
1008
376
189
352
314
376
314
754
699
699
731
560
356
692
566
265
376
360
287
287
296
565
376
785
447
492
193
357
797
777
769
1003
993
785
769
794
794
720
777
776
500
785
146
785
983
464
960
961
481
701
697
759
213
194
209
209
852
618
155
851
104
136
296
206
276
136
136
155
136
937
566
936
479
938
938
566
639
485
115
122
526
89
526
632
501
566
1023
300
300
689
637
549
1023
105
1017
1022
105
1018
137
1016
932
170
1016
668
998
195
410
137
137
979
405
724
447
442
706
443
512
590
1009
693
443
344
566
798
873
721
798
1008
749
873
819
765
955
692
955
955
929
168
590
354
354
692
160
364
720
962
620
160
688
797
619
699
838
9
127
123
923
123
270
479
797
866
274
279
671
105
29
668
270
270
123
2
421
559
904
423
355
904
428
620
948
235
443
950
962
944
665
751
700
266
747
748
748
261
318
933
899
105
463
192
1006
618
197
668
866
979
988
745
895
196
745
895
824
620
230
230
913
646
387
390
323
923
699
141
530
763
543
539
542
763
141
291
284
286
807
280
274
281
807
821
841
869
882
802
881
912
675
291
915
554
734
762
706
723
722
706
620
514
514
323
79
706
165
372
165
375
335
557
165
165
924
58
645
652
249
323
193
228
477
445
437
457
912
323
937
963
228
964
250
963
912
248
581
205
64
84
4
581
0
972
126
331
277
879
505
280
336
439
340
879
368
369
912
153
222
176
485
232
581
498
388
86
958
485
581
437
511
509
485
865
853
87
868
761
838
604
589
580
922
581
887
838
305
778
305
681
782
887
455
455
770
681
63
305
503
958
389
929
314
485
772
80
244
870
939
554
243
509
503
47
106
185
346
669
45
748
748
338
461
314
951
327
456
870
815
775
338
775
124
7
817
536
397
397
175
220
2
819
239
199
904
80
273
258
341
86
343
2
321
816
587
281
954
775
364
218
264
218
270
507
270
218
548
939
551
849
545
869
763
694
694
218
364
4
213
218
939
436
980
436
387
436
670
68
980
651
651
153
552
648
14
316
33
393
294
78
299
293
488
490
490
398
404
488
78
617
618
869
869
395
65
83
88
404
80
834
282
258
834
284
475
466
463
95
258
258
687
95
705
606
731
667
227
286
841
843
696
11
537
286
761
535
227
879
365
254
650
879
665
845
685
720
684
166
650
166
166
845
166
236
251
721
581
581
723
201
202
581
251
202
718
227
141
1001
663
209
216
159
663
730
734
323
338
273
717
660
962
983
968
787
871
870
1001
1001
720
717
68
655
583
661
530
699
578
653
866
983
885
659
282
772
194
836
212
1001
213
723
451
687
720
159
687
164
244
195
254
847
280
215
280
856
644
684
672
280
518
155
651
649
701
177
727
63
926
726
726
911
725
155
488
945
893
805
894
947
661
894
641
704
641
211
865
770
992
641
769
216
770
983
166
177
704
641
444
521
444
330
590
542
545
535
545
528
576
176
152
287
195
583
195
74
667
176
77
659
658
176
545
175
544
563
745
597
175
722
672
205
986
986
985
986
545
452
60
176
408
60
498
206
572
498
60
571
60
39
674
461
556
568
206
498
170
6
711
6
206
36
565
440
68
469
445
328
441
498
37
574
498
46
554
781
554
799
776
786
992
776
973
552
177
145
34
477
711
928
798
711
993
994
187
570
34
711
570
442
442
447
25
908
782
845
779
779
191
320
177
177
236
239
874
182
210
893
163
180
208
990
183
626
626
128
128
626
908
655
611
899
889
899
847
89
897
842
842
89
342
890
70
342
342
339
937
321
596
674
675
679
320
591
679
321
465
321
55
606
990
715
963
55
955
207
888
896
386
350
847
897
932
944
896
896
898
959
540
55
188
162
896
130
386
296
424
424
25
265
402
267
267
420
264
569
899
846
30
899
209
573
423
814
496
434
267
987
987
489
814
814
769
5
191
769
20
612
198
209
348
20
205
217
438
252
794
593
253
587
446
664
739
798
585
743
131
726
590
223
654
113
836
795
844
892
809
845
510
510
832
351
349
510
510
847
711
708
307
789
809
319
882
789
927
95
927
626
887
212
667
887
266
814
654
266
491
495
963
473
597
963
821
598
222
500
809
331
51
884
836
809
786
790
795
813
996
267
598
176
803
153
517
158
809
117
221
242
803
98
473
473
132
407
144
473
421
467
813
732
775
144
891
715
666
809
326
327
308
654
51
51
587
243
232
714
586
416
715
388
775
385
886
412
41
348
42
693
253
193
765
775
42
41
932
193
193
983
963
932
390
597
597
790
886
285
508
295
295
298
532
271
193
93
315
296
775
281
285
763
763
590
281
589
514
569
519
539
761
566
1018
791
569
994
309
686
966
1015
781
558
281
777
466
1001
783
874
149
558
755
169
284
568
568
287
899
557
286
755
260
40
647
260
260
738
618
721
859
721
721
177
721
848
695
722
214
260
100
738
101
64
79
304
556
281
55
263
556
556
244
854
236
230
229
503
143
141
64
722
309
101
726
95
444
282
712
423
927
927
88
92
282
949
1008
952
952
198
771
267
466
948
288
288
948
164
503
671
948
951
949
61
430
267
437
770
776
264
425
744
654
217
781
91
91
648
386
20
424
502
822
386
744
424
748
744
606
503
708
18
923
708
442
442
536
44
533
83
252
706
606
604
623
782
76
996
252
437
252
1002
60
623
475
606
724
646
552
943
377
556
382
368
82
866
332
428
389
943
18
556
638
427
646
388
18
18
430
755
979
849
985
986
755
71
3
869
229
219
229
748
219
764
312
810
539
314
537
765
755
909
723
205
1016
359
632
361
1016
131
552
792
632
666
667
670
748
38
680
450
871
450
913
138
255
357
255
255
255
792
446
255
255
912
412
772
1003
928
795
874
874
413
783
548
230
573
828
569
928
901
476
341
506
457
478
938
413
849
946
341
555
701
595
747
555
412
756
706
765
349
290
105
853
854
853
959
851
104
349
214
828
456
828
476
885
809
392
1006
198
20
20
354
43
1004
217
84
123
803
764
623
616
608
620
866
43
617
972
416
583
541
43
997
399
182
43
878
417
691
691
383
222
1007
222
447
205
217
878
585
881
959
928
71
937
731
963
705
929
411
855
855
634
860
959
861
561
863
502
502
1
502
58
56
475
554
854
502
167
946
881
584
184
348
167
278
970
278
561
475
1
278
278
660
70
959
584
881
881
942
640
173
458
173
641
545
971
623
518
206
323
475
3
3
65
798
908
390
390
529
181
390
733
529
183
545
132
663
132
390
759
759
270
260
322
132
176
263
1008
146
375
952
926
909
40
336
1007
321
132
1007
839
177
842
842
371
322
981
922
377
981
980
398
980
37
541
981
567
781
530
708
9
512
257
9
791
271
262
81
555
876
886
919
791
689
778
558
683
465
63
458
63
558
723
558
558
936
56
62
936
937
940
723
257
136
136
22
63
378
856
778
646
539
471
539
530
846
846
647
525
647
439
458
484
462
752
509
975
964
467
778
346
955
778
952
560
86
940
560
961
562
453
163
870
182
708
870
182
562
319
174
51
81
157
276
708
914
746
498
444
174
176
148
689
689
856
737
708
354
380
381
461
353
475
354
452
864
332
603
82
89
796
530
736
778
783
262
196
773
196
176
387
105
662
290
919
362
15
117
66
119
127
919
362
88
796
917
754
299
400
947
983
39
152
179
85
983
788
24
701
24
351
646
475
351
116
117
484
351
754
61
2
332
844
800
779
212
212
219
7
242
125
125
125
368
643
643
270
67
108
125
521
520
520
642
332
616
521
841
106
494
654
566
490
419
295
966
413
841
288
420
590
391
851
933
851
323
259
646
589
255
693
244
248
703
0
658
435
841
323
934
332
611
316
974
235
464
992
551
993
611
549
737
427
82
84
375
993
258
993
246
372
274
281
57
616
648
57
297
57
297
834
642
295
553
622
835
616
45
618
358
155
1022
154
259
287
287
257
515
524
515
648
661
715
603
435
594
607
606
1016
607
715
715
170
810
570
730
527
553
607
154
808
830
962
830
810
621
952
552
801
553
139
553
358
553
772
244
917
38
33
38
553
398
388
139
34
574
817
817
65
424
164
692
392
358
248
905
904
284
526
549
550
548
284
175
548
557
583
335
175
334
713
692
108
725
597
106
579
715
693
579
913
397
545
407
934
946
933
571
539
629
529
807
987
543
692
896
629
1005
301
545
935
935
547
301
301
301
303
563
278
409
278
358
266
266
25
280
271
591
544
538
647
629
649
440
409
569
629
643
440
197
573
286
440
5
317
922
317
27
667
668
362
591
727
363
7
663
11
317
5
965
387
995
398
1011
40
51
409
935
398
410
397
887
96
10
891
887
539
561
1017
1017
317
440
539
758
758
11
967
214
237
939
142
145
50
143
984
246
756
416
111
74
705
795
421
984
25
795
131
131
545
128
595
635
502
797
502
595
595
107
419
169
91
326
937
714
714
816
714
635
635
611
611
876
611
588
584
791
588
985
906
896
984
364
189
737
410
193
183
587
584
410
1006
95
1021
0
908
788
996
635
161
162
913
367
911
966
838
838
51
6
161
978
978
81
677
966
649
700
190
651
651
607
197
596
194
200
418
964
1005
900
604
998
1002
875
875
939
878
910
961
444
34
106
277
231
161
173
186
902
104
277
428
416
428
449
449
617
617
20
23
386
630
630
39
32
34
84
318
84
318
123
792
51
573
85
426
92
82
426
272
302
619
301
7
619
318
111
238
8
573
284
239
127
284
211
905
219
911
1017
303
298
1016
219
1018
211
319
426
1019
158
996
996
800
527
768
800
158
98
860
377
688
854
835
91
284
676
284
437
444
473
441
888
199
893
336
318
313
796
239
795
795
785
313
235
234
239
236
141
512
876
512
134
211
211
67
337
302
512
853
512
321
732
732
399
732
531
454
67
767
331
326
399
468
470
199
328
395
678
387
672
342
420
866
199
681
685
679
693
695
327
697
929
928
929
442
439
865
59
59
505
446
447
865
483
904
866
393
386
199
314
305
982
491
340
982
305
410
635
784
870
626
840
67
515
516
893
525
517
519
323
387
870
889
550
410
740
743
336
550
841
887
550
811
919
979
904
146
180
409
365
18
259
259
875
695
228
353
483
689
688
228
663
550
115
115
115
722
577
166
942
774
521
270
268
269
321
89
260
255
255
849
863
495
695
240
840
495
158
485
252
485
141
998
259
942
953
372
775
111
111
109
375
108
882
297
427
946
278
948
166
378
950
853
998
860
832
647
697
998
691
832
438
482
484
324
376
347
998
483
162
144
371
380
166
612
590
593
554
583
532
784
786
554
665
784
804
111
96
666
283
507
935
286
506
587
775
232
238
237
823
286
923
970
236
594
751
454
237
104
104
104
473
587
473
104
674
684
1022
371
324
684
795
283
194
677
677
371
687
500
685
487
680
764
396
683
218
745
878
392
239
986
999
648
745
381
986
986
218
204
7
3
9
745
212
662
662
643
745
660
577
134
860
577
689
61
29
576
108
30
31
125
26
928
898
159
109
102
134
36
923
762
920
901
902
347
179
511
667
351
557
511
544
872
998
259
4
616
756
405
623
489
177
442
756
352
1008
426
994
783
623
997
427
426
818
738
258
740
4
121
911
287
906
677
907
982
923
778
967
1010
982
306
280
280
793
307
793
351
797
890
888
772
153
869
612
608
534
608
153
869
814
612
206
206
206
214
206
74
20
74
20
664
814
773
13
74
766
360
120
360
525
281
576
122
620
212
477
85
85
478
944
556
63
571
783
782
454
970
997
1017
777
874
773
285
896
481
1012
1006
212
212
505
177
981
40
584
507
482
179
741
584
715
630
584
401
209
118
179
31
26
532
77
741
56
759
759
138
69
984
138
584
553
1007
1006
677
359
359
605
295
841
977
841
295
843
421
593
475
462
472
919
506
30
26
1006
210
30
210
963
685
169
1001
569
780
796
16
30
759
794
759
796
4
339
325
900
898
593
945
268
271
963
766
749
794
912
749
562
506
920
248
749
507
862
306
194
874
213
211
984
984
984
209
1002
835
835
426
749
625
687
618
329
424
329
461
542
811
518
542
192
424
811
248
369
283
283
839
817
566
845
858
565
853
663
355
554
36
46
735
874
722
592
355
743
62
566
57
566
59
59
348
36
592
59
743
211
1002
179
971
354
426
239
578
16
211
625
620
329
525
326
969
326
974
478
890
300
1002
820
661
640
103
952
955
982
103
592
976
839
592
531
134
230
456
456
857
797
643
143
931
109
711
115
451
507
439
711
237
66
552
551
354
354
383
258
363
554
780
883
781
115
718
839
882
848
847
751
588
529
962
960
293
841
625
788
311
35
35
311
942
51
918
12
844
1
797
2
137
109
245
245
246
293
86
414
432
41
103
45
770
503
414
174
432
185
625
191
706
968
171
103
155
155
982
167
768
605
611
408
611
192
240
150
968
842
930
768
81
257
192
370
371
582
480
442
420
910
421
469
559
748
744
480
908
658
427
908
582
1010
908
369
600
368
801
492
801
57
600
801
920
559
493
346
611
927
599
599
349
599
592
873
702
819
556
345
930
927
484
345
650
648
239
873
7
235
658
239
7
876
109
876
985
622
108
108
985
550
14
382
902
94
620
813
32
816
14
249
813
650
466
658
65
65
892
892
65
379
449
501
934
390
616
452
958
239
239
333
358
717
389
773
772
344
396
239
711
863
190
711
325
619
73
900
669
202
277
202
277
138
905
528
142
905
905
816
669
528
196
808
965
328
962
855
669
328
835
877
787
188
239
533
669
398
905
935
704
148
513
196
959
998
340
643
513
955
236
642
167
185
114
162
709
237
771
642
381
115
643
308
273
224
803
803
158
551
190
897
90
57
616
10
62
58
61
772
3
38
3
346
308
400
71
71
137
459
470
996
403
377
997
134
888
403
137
133
490
80
137
996
997
977
137
991
897
274
84
860
151
226
33
864
886
323
16
226
841
881
33
989
990
266
815
802
990
189
190
190
189
189
3
283
239
281
281
817
272
151
664
693
16
581
664
900
667
697
697
932
720
587
472
989
902
472
472
982
254
343
346
39
254
343
522
214
249
570
142
338
902
323
132
885
938
150
25
213
902
704
707
306
904
472
443
535
938
23
472
125
800
354
757
778
779
779
781
24
776
776
901
177
181
972
186
183
60
533
283
272
900
50
60
323
282
644
49
248
647
726
834
14
834
209
381
194
316
316
726
856
32
956
1001
792
977
977
977
23
212
75
431
336
76
322
745
431
932
190
549
808
803
144
582
129
672
147
322
602
485
317
317
322
924
808
190
594
905
562
562
579
322
438
987
26
803
814
815
27
783
431
679
929
934
684
167
783
253
549
549
979
253
934
487
174
172
1011
175
965
987
930
501
356
409
978
358
910
953
193
438
200
655
200
187
194
438
427
409
197
193
192
663
192
837
663
663
364
361
125
127
179
476
361
458
518
640
910
760
987
209
518
1011
641
6
987
498
757
498
587
951
589
633
987
109
364
35
765
971
51
184
875
930
765
681
901
1009
680
642
804
995
263
263
995
260
263
995
637
633
637
636
636
680
531
416
436
712
713
640
804
756
681
161
472
756
995
190
890
190
721
792
795
688
721
995
995
1004
274
183
894
688
503
480
98
151
146
82
510
381
251
482
914
146
251
503
732
732
732
730
146
730
351
914
450
888
464
335
334
392
888
430
109
412
343
343
36
273
646
652
675
277
959
959
495
277
743
807
743
162
99
146
99
742
314
315
313
653
653
625
636
637
625
637
315
314
517
652
742
654
951
993
517
314
972
739
750
686
999
1014
796
968
827
475
158
157
144
652
159
259
474
48
884
887
884
884
644
642
166
50
100
42
42
79
50
50
400
107
233
130
166
819
819
140
140
7
236
506
16
236
467
466
621
833
375
233
832
326
832
832
951
169
169
638
896
910
699
169
592
904
931
195
78
638
638
638
160
244
255
957
810
328
172
845
167
244
244
64
463
378
669
378
463
810
489
434
656
495
619
328
377
810
116
786
379
821
719
810
594
690
599
851
719
251
408
848
339
492
848
563
543
251
529
356
664
378
917
848
599
408
628
378
26
378
408
996
1003
998
768
408
408
12
3
26
415
126
967
371
333
148
411
606
434
389
328
435
392
1013
1011
367
209
951
680
967
673
967
951
878
967
332
949
58
672
673
878
328
121
534
506
662
148
64
328
215
60
1013
506
111
407
55
253
12
253
381
255
279
1013
935
675
253
253
943
146
531
506
558
670
858
638
843
843
742
547
558
531
209
284
638
753
427
436
972
778
754
799
993
638
765
177
686
0
753
506
51
675
404
122
906
910
259
920
597
964
259
140
140
912
912
404
864
408
965
408
406
263
179
805
263
690
410
410
850
404
674
864
849
180
263
852
404
216
1022
219
292
66
805
1019
326
327
125
91
91
114
499
438
462
608
957
643
621
499
102
102
675
150
292
1000
994
1001
292
678
277
778
277
768
608
484
192
138
138
608
216
390
763
485
389
390
672
388
286
396
922
92
413
941
709
931
916
385
390
431
782
333
223
157
328
96
341
54
498
218
351
503
1021
547
340
1003
994
897
93
693
292
739
453
547
958
504
739
184
183
864
473
183
30
15
276
279
187
864
279
693
340
276
340
335
356
16
1021
358
642
197
920
903
903
192
935
649
649
649
23
444
701
642
524
802
339
339
801
463
909
462
23
752
487
748
756
757
748
692
832
835
997
997
570
838
988
988
988
680
1012
988
680
771
771
615
613
648
485
132
327
572
132
877
155
543
877
739
148
145
564
680
145
275
155
739
880
981
981
844
834
178
981
981
384
698
860
846
999
564
848
384
741
300
384
385
300
178
751
256
116
150
343
859
134
134
151
859
694
341
573
859
916
573
572
528
513
653
432
216
178
809
697
470
703
741
217
150
955
667
151
680
487
829
613
612
795
172
178
612
727
191
1010
614
4
122
290
790
161
476
667
454
282
824
157
157
614
422
158
614
359
422
824
352
366
385
614
810
1010
775
741
715
546
1004
385
784
699
423
621
621
698
438
1010
860
1010
5
66
120
121
545
120
7
35
791
689
86
120
833
251
509
509
504
418
829
829
993
993
864
545
150
1001
256
123
123
150
401
449
256
505
774
778
504
153
423
256
423
800
153
808
225
354
786
355
672
158
55
470
612
521
521
406
470
464
88
464
465
679
610
416
343
350
419
998
339
927
412
497
329
994
649
996
925
678
925
644
977
260
317
877
327
160
160
172
977
548
310
248
952
952
172
952
952
378
952
677
54
697
655
679
979
357
603
994
75
75
37
356
75
835
307
262
257
75
994
610
654
154
655
187
525
313
313
749
751
139
155
154
204
139
764
201
186
186
267
267
898
605
908
442
124
199
131
729
597
723
344
155
711
401
470
965
244
227
21
19
610
741
89
416
244
160
872
773
609
631
244
19
425
878
388
722
430
395
919
276
943
219
770
334
334
187
190
185
468
158
468
118
118
57
28
672
1015
796
536
215
833
215
276
78
677
78
198
795
794
463
331
110
110
907
198
970
820
111
939
906
952
111
861
451
939
174
157
693
176
266
157
270
321
157
366
450
859
535
644
644
323
199
644
367
16
367
848
363
23
834
10
264
667
667
667
71
726
679
733
733
720
986
988
988
71
987
414
384
989
851
877
24
631
61
31
30
156
226
145
157
394
145
731
23
916
355
386
657
799
357
357
734
95
729
685
560
157
530
729
916
204
568
92
794
792
1012
914
1004
80
776
778
1012
1012
318
181
223
735
302
1012
1012
630
312
631
735
92
892
821
764
635
830
820
783
540
93
540
540
624
959
261
767
390
1017
1019
818
830
624
708
780
371
200
739
200
201
176
783
739
635
739
750
1006
985
739
994
984
433
911
897
910
858
907
338
133
663
844
844
899
714
819
826
133
616
826
548
533
599
585
338
685
598
668
338
292
338
585
627
338
899
134
369
981
858
336
516
822
982
516
982
427
988
988
979
871
954
955
69
972
68
68
135
68
557
200
369
181
37
492
16
877
87
844
51
48
50
844
48
36
877
124
552
511
48
964
229
877
964
618
115
362
936
1015
155
617
868
635
228
70
362
171
4
362
84
942
362
167
123
1015
563
329
584
243
243
299
242
331
331
73
633
329
35
111
41
50
60
242
904
73
906
159
1012
159
159
1008
999
851
1010
850
876
707
704
265
704
1014
270
600
633
636
633
633
685
1013
808
755
1013
704
633
41
464
261
475
207
890
327
987
805
633
1017
766
193
100
865
204
1015
1013
562
190
188
1017
358
125
223
633
595
593
767
370
289
633
344
562
100
744
828
731
748
887
828
362
171
715
164
451
842
502
239
710
164
710
745
639
502
416
430
1008
694
1008
1008
710
929
1008
931
929
929
492
589
88
675
675
142
585
88
81
299
631
631
138
960
196
196
274
960
94
633
631
637
637
673
82
219
850
673
464
466
754
215
721
77
489
78
850
782
368
800
180
800
924
885
916
1021
900
935
885
347
885
885
710
347
958
710
767
120
744
599
450
740
594
282
282
961
493
655
688
252
360
838
718
692
490
809
254
361
361
488
600
600
92
361
124
541
361
282
356
315
850
357
541
327
541
270
341
169
0
0
657
227
77
756
232
728
573
169
241
864
850
266
163
670
667
74
650
103
864
403
118
103
278
118
388
388
228
821
167
613
917
964
922
917
539
922
922
332
335
594
594
335
378
613
848
379
338
625
625
22
332
850
850
676
784
23
186
601
1018
266
678
785
997
101
1002
16
999
996
820
284
827
997
784
101
101
2
2
335
3
461
120
330
635
101
186
103
635
269
269
397
971
32
957
32
956
971
532
616
238
532
535
533
662
662
648
662
662
148
715
149
32
752
760
646
646
178
971
443
420
421
901
678
432
178
101
942
458
471
470
462
456
32
299
40
927
299
5
983
557
127
566
5
385
593
674
299
32
385
261
299
514
403
407
406
9
514
9
620
385
53
679
943
993
597
701
650
617
552
648
650
687
923
650
413
385
618
649
650
981
969
940
597
748
413
748
76
626
482
890
852
679
921
848
300
921
849
67
922
890
432
702
921
916
23
921
22
519
23
922
96
111
107
68
941
603
827
107
615
111
874
618
443
110
732
519
603
500
665
603
286
286
991
594
818
423
241
194
464
991
991
729
1001
931
729
626
503
609
995
614
714
714
609
608
991
385
397
826
559
445
414
940
388
370
396
370
384
464
860
174
862
174
985
679
399
113
940
981
399
449
409
487
875
874
207
873
827
399
270
315
959
270
703
703
318
319
482
961
507
510
3
3
765
703
540
197
177
306
156
540
182
643
157
220
276
826
197
432
302
157
29
983
116
640
0
432
126
302
874
116
1
302
961
907
302
789
907
874
874
982
739
949
444
602
381
380
359
358
840
456
423
841
961
842
913
456
841
841
841
840
530
611
909
680
680
863
874
1006
873
50
651
1006
681
603
620
921
603
616
422
273
602
740
922
242
1004
272
607
242
274
370
327
376
275
836
283
368
421
347
320
578
320
564
836
931
836
490
388
422
651
156
1005
1014
156
56
17
874
1014
551
562
597
224
210
8
208
241
258
258
258
241
37
17
881
435
211
513
835
835
370
359
462
835
17
90
811
811
906
977
906
942
293
980
960
292
168
17
275
564
546
444
161
527
293
546
319
308
546
149
609
522
124
125
445
467
242
148
733
158
153
447
175
367
265
769
850
355
523
769
887
891
662
847
227
887
546
364
559
531
737
587
102
210
795
19
776
629
794
211
461
741
179
711
179
129
733
15
447
223
731
102
255
500
528
250
435
435
507
531
222
8
520
195
496
933
744
1019
1017
520
564
460
498
498
498
820
820
703
763
374
375
237
297
679
221
757
235
763
382
221
952
365
85
223
953
953
642
223
382
359
642
757
642
382
291
725
724
613
374
130
244
244
310
307
86
679
54
529
724
678
245
429
86
246
178
429
445
725
877
877
1009
507
495
877
195
754
555
482
755
481
752
1009
133
178
974
41
743
41
202
41
382
638
743
92
377
195
649
651
92
143
844
847
6
651
687
6
434
687
674
434
434
549
434
1007
609
876
374
420
1007
258
282
435
256
309
305
658
509
658
421
509
690
736
374
748
181
375
509
195
690
309
231
21
141
77
714
714
77
716
77
509
195
876
975
975
143
964
143
784
826
375
787
793
202
826
493
876
384
876
58
59
332
27
48
179
975
91
27
91
176
396
115
76
75
721
188
771
141
163
542
131
721
528
493
52
9
57
9
80
8
67
10
59
8
87
166
67
749
80
339
339
743
203
203
599
288
599
249
254
87
625
471
625
13
821
807
12
12
727
727
393
394
394
976
976
348
978
204
187
349
197
194
584
287
585
360
345
594
595
725
619
727
614
1013
710
237
234
886
237
473
151
363
727
389
758
352
384
958
384
394
669
667
758
422
958
336
813
579
453
720
836
561
529
338
881
758
994
411
997
389
737
390
391
351
817
389
63
554
817
56
325
741
61
737
817
344
344
404
817
617
712
920
707
710
815
176
909
434
692
694
800
38
910
590
761
143
75
568
193
187
133
524
76
800
817
336
524
636
1008
898
898
817
992
907
758
53
52
586
586
738
392
184
237
738
252
738
613
613
161
160
1003
786
161
716
900
896
575
906
846
161
845
917
836
844
403
916
44
346
251
345
923
583
923
661
657
658
920
520
871
865
847
964
868
520
965
976
976
979
977
628
578
953
530
578
1010
530
225
948
386
530
325
165
368
628
915
418
50
346
417
836
844
662
837
555
556
230
662
837
774
230
800
414
320
390
122
937
937
93
93
320
414
926
575
346
185
769
93
656
435
926
1001
433
710
560
486
447
756
719
725
432
432
486
656
55
671
78
368
35
324
725
78
432
438
970
438
78
652
872
78
268
268
697
644
792
260
260
404
727
636
781
631
595
735
753
724
888
893
865
432
393
431
948
941
705
719
278
781
947
941
950
806
894
951
960
894
445
491
784
958
491
870
865
965
872
704
593
187
555
550
556
167
172
773
120
966
650
92
732
732
541
772
752
424
469
379
559
250
725
426
387
424
387
609
555
517
250
550
517
313
862
304
306
725
757
9
556
757
561
482
724
511
167
793
132
725
121
269
8
1003
126
605
807
9
770
76
225
638
4
807
794
774
609
446
519
225
608
609
682
725
742
755
749
556
948
1014
1016
1017
967
1021
826
184
828
794
208
145
373
346
510
556
642
445
437
510
556
139
757
831
827
139
665
911
817
824
816
911
819
788
668
351
171
171
556
738
171
171
156
750
225
365
357
249
90
516
360
360
360
65
565
861
427
607
948
124
28
948
495
949
427
434
861
446
444
676
91
545
26
326
376
307
382
320
320
407
489
307
415
307
506
307
141
133
470
957
415
307
607
945
632
677
564
885
757
632
564
564
753
160
637
182
639
140
174
134
276
140
885
506
222
732
732
788
10
489
481
670
416
429
494
374
117
678
419
112
31
429
670
4
820
216
489
831
806
27
822
168
637
168
27
25
637
337
337
822
27
168
337
337
374
23
842
533
842
584
26
628
116
629
434
1010
355
633
631
638
382
824
768
782
1003
127
1
116
886
331
376
434
355
210
921
667
919
571
571
898
806
799
695
972
898
427
425
535
532
438
522
425
425
542
539
663
425
836
912
915
577
438
395
593
216
968
576
589
1010
641
395
661
696
422
701
849
890
632
380
869
869
44
972
334
277
277
328
772
468
871
987
987
698
557
262
494
269
216
319
413
882
67
197
923
216
408
20
783
197
421
827
922
882
68
152
689
216
902
902
68
865
902
948
557
990
876
569
967
990
462
987
557
694
327
478
646
557
682
327
177
916
223
853
916
462
851
78
77
68
538
223
869
20
197
65
70
89
243
243
123
413
850
85
83
865
733
590
727
579
221
589
756
635
1021
999
69
980
517
462
774
196
516
868
849
204
462
582
192
348
344
381
221
29
240
381
692
255
580
333
468
84
84
96
62
698
508
360
877
508
506
850
266
367
62
360
794
47
365
364
358
437
944
949
45
953
44
47
687
675
794
35
797
2
673
82
153
234
159
152
82
688
233
907
907
907
399
10
491
522
768
699
522
719
117
717
697
815
366
371
698
24
17
591
1020
576
388
6
927
899
899
632
940
767
105
940
398
984
137
395
631
395
522
543
4
137
399
364
122
116
640
280
184
122
396
1012
314
1001
134
780
281
141
533
364
280
540
576
273
141
73
40
693
834
368
40
413
284
283
685
970
703
341
677
678
824
532
350
350
544
692
501
591
383
576
823
457
383
457
490
582
456
582
413
57
681
904
399
522
137
136
727
631
616
453
866
524
773
629
636
916
385
924
233
629
932
915
385
105
385
385
385
932
976
110
48
855
237
181
855
853
181
0
0
233
467
212
27
853
181
496
237
181
206
451
881
910
415
177
232
233
284
920
153
171
140
170
174
24
352
415
354
355
357
140
430
357
887
161
808
857
352
910
724
452
750
746
690
744
744
690
734
796
430
161
1005
703
428
35
703
51
2
448
6
2
34
734
249
253
254
448
163
160
507
480
163
510
591
845
278
992
998
678
998
250
734
469
733
278
452
461
346
727
438
774
1021
250
256
805
429
825
256
774
768
250
181
205
395
195
981
200
144
981
265
777
386
265
265
514
637
951
386
514
930
808
637
943
762
1015
769
771
430
493
1011
634
548
866
548
551
10
1011
363
1011
353
1008
298
403
716
497
493
10
685
341
145
295
978
32
966
697
960
700
303
271
737
53
329
960
32
736
741
914
329
55
703
57
409
327
571
90
433
437
372
571
226
382
435
19
653
55
250
466
499
498
151
737
498
952
535
499
430
757
444
757
186
353
339
339
648
661
339
658
986
701
437
433
643
746
645
929
592
745
186
339
201
339
244
562
143
503
503
142
503
245
142
245
128
735
706
503
645
184
737
978
647
784
645
713
795
984
563
283
563
798
645
644
645
956
542
957
956
542
972
542
107
406
110
72
703
109
406
419
214
956
207
214
207
283
436
262
712
768
261
388
722
876
714
62
553
880
673
673
685
389
202
876
296
877
297
249
371
241
284
249
822
110
820
760
819
249
975
985
975
974
1006
306
75
110
75
133
138
377
157
284
307
975
975
975
494
488
306
151
237
208
306
235
306
147
611
238
211
97
149
588
861
97
282
489
883
270
287
266
611
861
315
670
670
319
491
395
588
492
524
750
886
527
611
414
611
391
51
36
151
551
547
548
63
492
527
104
592
151
333
864
471
142
228
885
414
156
452
711
867
146
356
144
726
452
179
219
906
570
560
219
781
962
264
256
175
156
185
152
550
550
97
240
240
240
240
240
962
216
954
385
782
468
780
906
333
216
333
1004
367
51
974
597
597
184
546
162
550
216
216
1021
901
319
720
132
752
1021
789
319
790
860
992
67
319
219
264
632
632
362
444
465
467
650
467
1021
467
629
551
1021
896
467
467
906
896
662
771
768
769
768
768
467
235
735
731
291
823
220
1006
973
973
173
798
770
173
343
977
379
947
495
481
481
404
378
1006
343
950
1013
256
1011
944
934
934
155
202
416
425
934
228
935
169
252
933
844
847
844
910
17
899
11
1004
682
64
827
78
827
1004
253
987
936
936
220
141
220
112
69
141
324
324
605
432
228
432
981
744
299
309
289
871
139
733
729
871
54
53
17
54
17
529
70
980
803
70
31
801
25
589
909
65
879
65
109
150
89
37
37
761
760
139
565
80
567
265
626
946
622
589
19
631
618
631
740
729
946
729
723
980
709
235
906
717
344
906
234
344
268
894
239
804
895
805
760
946
785
874
234
455
191
760
596
67
594
82
1018
500
500
501
348
450
995
455
370
740
1009
762
1014
981
827
780
346
760
349
370
760
322
814
398
570
814
760
687
199
593
947
833
832
3
490
760
483
505
9
483
594
822
373
168
822
323
291
194
482
312
280
285
372
629
673
630
780
761
722
513
227
227
362
947
735
515
362
733
754
160
218
642
653
827
860
778
290
888
1018
616
822
827
1023
653
211
92
484
91
653
653
158
830
38
61
36
92
844
91
648
91
91
745
92
91
92
429
630
429
429
522
372
744
710
447
915
442
525
574
38
100
485
915
958
958
548
34
129
115
23
574
714
290
958
255
362
363
442
427
518
21
249
1019
418
668
1019
371
171
374
889
376
322
374
338
409
410
884
840
410
947
839
171
418
672
672
753
746
33
564
547
564
546
830
66
578
558
584
68
84
540
192
80
160
161
188
670
418
453
33
144
921
16
542
920
316
453
388
524
19
112
227
418
482
823
822
1012
53
155
823
642
152
596
135
528
398
226
52
528
152
597
257
257
257
987
257
257
257
987
916
916
536
1018
1023
768
797
777
188
796
127
910
2
536
124
332
469
52
456
454
332
456
397
930
917
80
930
633
84
545
622
910
538
549
815
930
836
66
885
842
646
636
838
815
551
89
207
584
589
1017
784
47
387
574
1017
47
146
700
361
103
103
367
370
379
103
103
887
479
883
479
862
646
892
268
373
189
205
185
17
862
58
124
604
604
604
421
401
443
417
400
417
862
802
842
700
980
1008
422
994
762
49
683
862
683
903
276
906
287
187
278
278
604
862
964
695
968
733
733
961
407
973
694
180
802
869
82
840
751
181
825
977
82
78
71
802
78
693
74
862
977
180
108
83
764
802
112
90
617
695
695
622
621
972
731
791
651
710
753
567
753
714
651
566
229
749
1016
1011
966
778
31
771
827
829
694
816
813
589
651
651
450
223
651
567
653
653
973
176
64
837
396
458
22
916
450
973
558
476
715
707
558
445
415
411
405
791
113
112
931
680
33
512
673
680
384
673
384
33
416
428
417
589
975
615
962
975
962
975
986
986
986
986
119
536
206
1001
75
75
791
271
119
475
524
472
524
525
9
482
524
510
41
786
791
1005
993
797
954
524
275
119
849
113
146
1
124
120
195
524
909
199
112
937
915
896
1002
356
948
356
352
275
17
31
28
1005
355
28
911
908
898
909
910
837
534
208
837
275
148
275
346
564
1004
837
837
837
837
57
683
892
526
752
477
146
477
765
960
960
345
292
371
90
368
1005
369
369
843
837
643
1005
837
660
1004
308
832
361
790
338
653
322
760
680
344
31
361
768
104
818
819
96
273
973
109
272
231
228
380
564
361
259
224
588
571
384
583
720
319
361
269
756
892
756
315
515
538
324
333
319
226
230
768
326
378
226
815
226
268
226
226
1006
226
189
834
295
295
294
542
834
242
240
189
67
910
242
462
583
834
553
472
455
440
1015
905
907
835
170
964
819
361
358
359
882
882
553
882
548
887
831
882
724
811
713
722
722
376
810
720
597
720
831
548
907
507
779
779
92
269
0
335
670
7
2
30
2
485
269
10
818
125
756
86
670
497
498
125
541
753
74
1020
453
351
451
497
756
671
200
186
732
223
196
567
74
298
351
221
873
534
799
642
899
45
794
298
497
469
671
938
805
773
770
46
221
618
551
548
350
177
544
774
805
20
116
905
996
992
618
995
980
617
637
998
500
45
879
409
774
154
154
580
938
742
651
651
700
754
127
617
289
754
700
944
831
126
394
394
544
269
58
547
53
948
54
562
890
94
890
949
559
956
382
321
945
547
938
702
679
462
777
914
654
923
904
763
676
674
462
94
953
518
893
547
953
394
953
893
953
384
742
913
637
664
40
321
905
15
905
904
414
633
305
255
255
969
188
417
131
826
158
435
444
304
689
188
521
690
433
433
465
717
508
465
973
453
465
508
321
321
820
788
820
980
1004
465
776
408
547
669
413
567
465
920
974
920
923
971
920
763
465
825
52
971
563
93
271
691
48
349
921
542
453
453
507
672
94
685
684
201
718
453
481
201
468
877
999
335
333
965
541
289
963
918
789
280
788
338
249
249
255
65
581
747
78
921
134
922
916
237
151
290
224
357
371
450
401
172
338
939
403
617
407
219
994
131
205
551
368
283
282
994
284
371
343
625
624
294
551
670
670
343
671
94
83
313
727
66
357
589
756
755
66
967
733
747
550
564
981
987
747
1009
979
987
53
808
579
356
409
886
579
554
63
37
34
326
215
493
161
159
411
326
896
550
275
752
356
414
414
958
557
189
557
550
776
781
776
135
796
541
523
172
133
135
541
541
49
53
541
344
912
894
521
523
889
724
523
523
924
915
190
165
337
570
336
162
610
610
122
160
164
523
336
267
523
905
178
218
788
285
266
561
551
59
960
713
407
551
353
358
833
832
662
356
662
662
573
575
718
746
56
659
544
533
982
357
551
401
747
384
288
897
288
801
970
981
801
718
735
656
976
981
947
727
172
392
499
392
864
865
630
973
392
384
392
747
8
202
202
8
918
630
418
189
189
189
188
189
188
973
784
759
656
241
301
25
232
239
501
493
521
161
620
301
732
339
784
119
242
158
537
186
620
756
588
784
530
128
299
295
295
295
42
52
784
54
42
248
60
941
659
927
457
230
8
248
353
47
142
592
631
635
605
656
591
728
734
705
591
705
704
954
272
47
752
752
368
711
263
315
271
711
806
414
414
644
652
652
652
643
478
726
879
869
165
766
165
766
167
128
232
192
753
243
949
485
128
732
485
192
954
485
322
449
541
541
541
347
950
392
871
840
805
186
463
799
947
678
490
425
133
490
672
672
490
959
807
959
604
559
128
835
835
807
511
419
417
555
653
59
621
623
840
653
865
58
692
305
379
696
313
600
413
700
715
951
629
413
1020
515
1020
954
744
271
109
378
736
486
486
741
559
109
781
895
802
829
150
150
559
146
157
311
400
933
932
934
696
390
858
433
433
311
610
307
686
454
610
959
403
691
687
41
335
1008
957
686
1008
1009
1009
405
442
23
125
454
19
612
407
804
92
447
92
708
685
435
253
954
824
1015
433
824
19
324
382
720
171
171
379
954
364
364
916
365
329
364
959
410
948
563
884
134
437
559
561
560
579
476
163
437
158
162
708
163
612
981
554
183
193
612
950
670
670
830
439
670
492
341
561
495
719
752
493
752
106
534
106
203
341
178
708
820
965
631
661
533
821
676
329
305
590
305
631
676
342
329
291
119
455
25
537
726
88
31
877
129
144
627
90
602
629
145
809
707
967
949
119
144
872
872
895
26
153
895
97
0
31
708
129
26
468
433
928
565
923
427
750
744
747
956
928
928
666
44
369
292
302
616
428
663
663
292
661
659
890
603
884
913
884
68
923
723
917
276
278
894
949
722
353
605
353
396
949
396
821
332
816
821
956
821
13
756
368
544
965
522
547
18
903
813
840
454
31
965
434
690
494
759
434
812
406
605
828
1012
325
875
634
1021
826
358
486
681
494
634
494
913
966
129
544
794
1009
893
544
748
394
752
489
395
893
612
804
98
832
75
927
927
21
17
98
98
107
839
17
98
298
82
111
98
90
422
474
612
743
690
608
743
755
759
752
30
459
474
656
474
701
457
774
1021
477
803
13
800
111
807
477
624
807
831
718
717
151
242
31
775
893
624
394
129
395
31
399
388
499
624
203
24
449
201
607
24
31
47
326
315
410
402
400
329
732
1000
347
964
732
525
732
359
992
557
560
315
561
169
999
315
315
199
615
446
381
615
756
259
360
485
71
191
265
953
64
928
69
957
464
457
191
240
466
101
29
9
218
11
240
904
3
310
241
495
494
241
904
119
124
275
471
119
757
125
471
709
495
910
757
896
898
415
387
345
345
465
394
26
29
25
708
754
302
426
470
571
571
538
276
82
985
1006
405
984
261
548
56
610
725
278
269
405
725
156
741
673
443
405
514
16
514
672
271
377
698
674
698
845
662
844
603
847
262
402
653
700
702
960
725
156
963
723
263
55
49
106
359
365
729
45
698
587
626
694
320
587
320
443
288
288
251
897
540
526
250
699
540
381
897
411
332
371
326
443
371
941
970
1010
819
819
694
557
1012
100
787
787
969
787
474
784
795
195
237
205
474
205
58
198
557
217
1010
148
289
566
896
305
896
457
566
631
457
631
30
458
464
180
195
184
154
289
30
1008
213
628
149
475
687
54
321
355
300
346
886
880
880
891
891
714
714
938
726
241
796
241
627
668
782
53
111
859
66
14
230
321
50
0
31
467
467
6
231
404
28
214
41
939
862
908
41
231
231
457
506
404
571
41
80
41
799
795
938
794
996
381
358
453
438
450
454
478
157
812
157
802
81
869
252
193
193
254
204
202
234
753
382
234
375
343
911
862
834
942
812
588
753
482
511
908
1020
549
544
1005
588
456
1005
852
546
118
965
546
532
532
338
667
338
268
426
270
426
431
968
267
518
54
435
59
667
58
973
135
59
518
930
938
936
135
930
855
135
326
379
326
697
679
855
855
449
763
716
54
358
629
526
138
716
455
885
620
454
455
842
785
454
381
730
159
309
731
26
159
661
298
27
278
812
27
812
701
27
23
188
264
23
264
264
188
519
531
518
231
231
518
676
731
518
712
709
967
1020
138
970
676
298
999
1001
835
171
1000
138
143
420
186
1020
756
756
55
1020
504
53
1015
717
999
1022
159
156
666
53
620
54
55
1020
620
978
961
961
960
961
1019
76
598
200
593
189
461
470
598
599
655
823
970
595
183
996
1007
989
76
989
989
487
103
487
387
298
799
106
648
799
799
799
1009
832
832
400
387
307
980
310
865
865
205
742
64
192
83
198
298
369
282
467
272
278
272
324
741
668
668
469
737
565
671
694
671
752
324
999
67
241
241
187
412
753
516
413
408
488
469
64
61
344
134
132
565
308
159
133
64
971
716
344
186
567
716
33
717
911
434
366
904
930
742
340
37
553
517
847
782
24
792
1003
340
393
794
393
189
187
677
21
730
76
884
33
76
668
669
33
33
274
482
473
274
473
211
519
129
147
143
90
624
719
930
719
404
784
821
790
528
90
629
490
618
616
377
618
617
617
434
70
110
110
620
618
619
418
618
813
618
877
1014
25
24
813
823
283
64
528
217
217
872
879
217
253
72
72
217
453
30
997
607
997
268
418
276
832
212
845
834
841
313
863
622
453
22
56
57
22
22
411
480
159
493
411
576
410
112
576
265
216
695
159
490
221
490
743
79
79
151
694
202
599
538
607
646
49
538
58
736
645
48
941
942
202
736
640
785
835
135
169
784
457
154
658
292
285
363
640
633
639
240
240
240
678
240
240
656
260
263
262
841
922
917
841
470
263
822
293
777
292
360
816
149
457
648
236
723
878
507
483
164
288
164
164
562
779
284
723
861
287
340
292
722
307
264
364
478
345
544
548
364
562
732
679
463
539
904
404
486
460
346
22
834
427
20
508
424
365
685
685
508
76
685
862
699
539
496
207
859
360
127
487
365
484
497
497
159
861
40
308
906
207
307
746
299
158
260
270
278
40
626
746
860
716
514
83
514
494
492
512
514
514
361
94
493
834
569
558
556
360
361
967
1009
860
998
746
60
740
43
168
393
741
395
39
38
372
560
40
453
305
649
561
649
860
656
304
45
522
522
658
523
304
464
464
458
471
843
701
669
733
372
53
643
268
54
764
764
857
24
393
127
717
671
30
394
716
269
965
477
45
965
710
24
45
45
704
45
45
495
563
990
516
960
641
983
700
960
700
428
366
959
844
912
332
896
563
360
726
829
990
948
819
828
754
919
742
550
547
566
589
532
83
627
203
202
630
532
433
103
669
488
103
814
870
481
844
869
991
916
452
869
841
106
104
236
363
83
4
585
23
4
569
994
344
350
61
38
29
403
81
81
636
5
403
712
605
595
25
598
1009
726
23
1000
726
926
66
926
996
709
112
615
463
718
729
25
461
421
991
923
453
539
239
690
74
234
536
690
747
74
1016
1023
780
150
519
729
531
544
888
206
893
206
888
889
889
729
557
544
801
554
455
766
761
761
736
185
813
766
393
163
365
365
367
365
393
197
372
370
204
242
804
241
805
55
804
242
587
182
54
478
742
481
478
16
196
250
23
240
204
409
409
310
539
199
536
568
536
423
1014
1019
250
733
220
717
149
717
739
738
901
750
357
31
300
901
221
357
221
964
1018
724
965
874
693
235
221
733
839
999
846
880
745
868
980
724
1019
64
1000
49
64
234
20
23
23
20
20
159
120
745
159
120
668
1019
236
423
608
138
232
615
614
755
546
546
140
826
151
590
151
310
827
440
52
981
816
412
139
101
809
811
255
514
52
103
235
94
588
131
534
396
272
588
275
309
397
994
139
275
272
603
603
603
733
272
275
272
268
48
49
101
591
856
101
549
549
421
409
839
230
95
432
230
779
692
692
369
541
230
701
878
878
878
421
319
510
16
872
269
993
210
890
957
800
369
71
257
256
79
71
71
691
332
188
319
369
419
188
719
113
318
719
909
954
390
928
931
30
954
127
440
127
536
22
456
470
332
332
514
379
855
295
142
635
415
385
626
800
635
603
384
142
748
149
562
748
947
100
100
100
384
518
74
518
268
512
74
369
370
323
260
260
703
702
834
574
38
33
289
417
658
289
562
289
681
650
295
649
56
289
702
716
450
719
267
381
84
693
683
695
702
287
819
729
363
358
559
733
735
733
517
519
241
692
233
524
653
267
84
334
451
758
72
504
546
891
72
859
923
859
863
166
871
74
922
76
654
412
923
921
691
691
546
510
472
504
13
549
479
549
753
732
43
42
75
642
753
767
755
755
642
818
392
538
363
366
609
80
488
640
753
753
614
884
614
717
416
393
8
714
488
717
707
424
378
378
431
787
795
608
973
52
968
973
9
608
753
789
233
802
968
1006
719
201
485
202
802
995
203
1005
796
776
267
794
496
440
452
203
463
479
452
891
201
716
953
828
285
953
223
217
201
608
608
1012
372
349
577
118
485
691
691
825
937
940
511
509
509
892
577
186
101
393
393
101
114
285
119
970
479
354
449
354
501
356
21
479
845
970
116
212
678
845
702
9
769
221
763
767
682
365
1005
1004
54
1004
58
62
769
100
67
100
420
67
117
1012
334
377
379
817
326
678
1005
1004
1005
702
825
677
703
420
326
724
685
265
697
825
473
526
708
527
324
473
542
543
729
538
825
359
224
224
844
729
214
227
224
760
224
217
706
891
708
706
1012
705
704
704
830
188
708
762
230
991
731
707
817
830
1013
1014
966
823
1012
473
708
19
831
1005
874
678
300
800
564
565
391
779
991
770
938
797
772
822
19
421
913
913
797
709
591
477
88
113
986
102
779
678
674
177
677
300
831
211
165
269
269
934
945
44
946
44
41
21
44
990
975
237
477
150
78
41
108
71
88
140
141
302
861
131
19
291
302
434
706
843
187
186
196
538
192
44
538
843
286
286
831
340
325
538
903
441
671
671
807
734
538
807
320
438
321
440
880
401
441
617
401
974
446
569
444
529
37
78
237
138
237
237
307
617
44
1023
320
719
710
288
711
233
566
291
890
321
589
367
772
839
914
243
569
552
568
177
243
570
769
770
782
798
217
367
205
797
1003
189
475
193
975
79
975
643
11
643
12
707
643
643
603
969
892
892
764
294
772
199
205
533
767
791
750
664
750
83
764
204
162
83
1007
435
1007
557
415
559
689
53
986
650
272
53
653
236
343
343
1007
1004
178
57
476
498
57
325
660
699
660
660
920
922
274
303
340
166
663
275
889
920
447
673
288
675
672
453
763
971
673
70
1014
821
222
822
447
415
979
52
48
50
958
971
50
358
250
194
50
52
229
251
72
250
915
250
423
229
416
230
230
837
230
590
842
815
29
29
707
95
483
809
365
125
707
196
118
886
454
104
0
220
26
886
740
499
1006
825
741
293
293
293
293
365
895
63
60
361
974
840
413
414
384
1006
819
1
361
352
895
29
0
499
480
358
413
1000
606
825
631
819
630
638
29
543
500
825
653
509
503
567
565
925
542
711
806
567
81
986
319
136
988
567
808
816
817
816
621
872
824
738
830
869
986
986
646
300
164
164
288
164
164
362
273
259
259
273
696
496
363
379
698
621
496
694
730
730
173
986
660
698
691
485
300
480
144
842
823
823
428
750
585
809
289
425
684
856
585
568
700
697
830
144
696
508
844
815
831
401
605
407
857
133
566
694
289
407
270
885
270
566
622
822
921
225
627
920
921
655
517
517
518
514
762
645
539
751
722
823
842
106
39
156
81
684
159
921
920
224
14
575
37
39
37
35
963
166
32
594
933
236
655
750
966
116
964
994
293
1003
1002
391
115
92
16
530
797
441
20
1002
21
577
673
28
288
731
731
155
288
288
247
602
676
249
255
931
758
81
161
64
679
931
105
377
325
290
577
326
411
408
490
333
27
993
379
290
469
501
930
469
936
955
955
276
976
323
577
577
218
641
200
199
197
213
657
656
665
728
668
649
879
166
641
328
644
162
341
114
88
993
752
822
766
289
752
726
787
971
167
726
755
740
376
800
948
507
294
949
409
741
536
339
740
936
24
651
16
936
31
24
420
779
771
677
64
774
518
1022
1021
867
563
127
545
0
5
507
138
4
463
740
66
467
482
49
955
459
417
462
218
917
917
544
50
955
921
920
689
299
14
308
694
936
553
22
536
481
116
728
555
417
22
32
555
645
219
515
694
751
1008
751
751
1022
222
652
651
765
649
700
101
647
492
258
481
392
438
14
392
392
392
891
68
894
55
18
577
579
969
55
1019
536
232
66
102
515
824
660
408
3
108
191
1015
825
9
591
399
171
824
819
1023
139
750
738
738
845
909
239
792
907
94
694
792
514
977
192
321
58
108
184
182
232
694
681
683
49
874
357
694
942
851
676
49
77
77
77
928
928
77
8
127
1
232
689
88
602
122
120
785
609
793
355
359
365
489
608
364
614
50
515
713
144
891
501
5
741
331
778
626
828
826
842
515
780
842
828
809
818
810
463
113
223
173
232
501
348
399
501
348
395
108
837
218
113
735
400
217
419
217
69
20
20
20
873
122
122
113
135
107
469
107
122
347
113
118
29
520
527
191
330
654
505
586
424
619
584
527
1014
505
585
857
997
855
697
864
615
417
200
391
45
13
188
894
323
675
398
399
395
11
398
1002
894
806
494
494
112
114
120
878
759
425
113
113
399
485
399
287
287
259
259
70
612
840
399
840
862
848
300
862
495
328
328
118
789
471
469
459
1014
486
121
835
873
834
805
789
402
792
789
790
54
54
57
57
479
471
460
805
600
894
894
394
73
412
873
679
348
679
348
349
679
791
637
325
379
303
333
303
334
473
638
931
303
303
303
889
389
959
893
893
220
971
45
69
396
655
45
291
45
360
403
402
294
294
403
402
353
366
364
403
381
352
875
611
73
550
396
781
48
9
611
29
31
367
29
527
605
352
527
366
220
49
221
375
537
382
337
221
968
557
967
537
963
966
556
175
827
611
855
394
94
179
1018
27
659
175
230
448
480
507
482
884
174
506
174
174
674
82
518
69
69
886
362
108
383
356
69
859
139
82
539
27
512
907
221
694
538
217
787
389
4
83
7
350
694
87
63
694
808
37
575
243
106
253
237
255
88
678
601
905
200
481
495
480
771
84
496
500
792
350
1002
88
330
830
770
283
139
301
193
193
199
182
599
186
181
49
256
372
555
878
878
872
454
273
106
878
246
11
50
555
12
89
12
13
541
664
664
247
521
799
365
555
122
80
291
672
558
675
22
679
477
119
735
113
735
188
564
733
295
726
715
476
816
530
848
505
562
900
913
476
138
83
483
486
174
676
175
674
67
848
454
52
175
185
824
42
55
863
488
117
854
854
112
235
327
678
500
343
808
846
684
46
142
128
128
862
673
862
455
448
128
128
348
522
351
974
570
351
808
365
486
453
594
500
826
491
800
502
494
228
989
829
830
190
352
451
594
128
327
451
128
399
717
451
967
1000
825
230
847
1012
1000
1007
1005
801
1001
856
430
272
423
406
387
208
272
894
678
125
223
509
934
541
398
120
431
179
416
938
878
102
204
111
109
272
940
71
351
229
723
720
804
348
351
719
722
722
166
164
610
164
167
219
820
272
823
820
802
847
228
799
699
857
786
785
857
273
562
109
272
128
415
68
69
451
345
273
854
174
504
449
63
504
958
81
974
187
1015
301
313
312
19
32
272
669
670
670
669
669
670
670
720
591
7
723
720
63
982
897
311
961
341
311
311
780
125
134
38
38
909
550
552
308
130
158
17
132
17
153
999
204
713
950
897
543
561
714
607
559
857
63
856
553
550
547
554
105
855
793
764
796
19
136
810
191
171
183
191
21
18
266
266
308
264
264
765
777
264
420
548
23
524
549
169
516
869
517
780
585
585
749
587
542
191
584
404
429
189
775
584
587
162
585
924
185
492
229
924
699
1016
868
814
1022
1022
1022
822
736
822
134
661
779
135
765
656
767
184
301
925
929
928
929
928
844
931
767
950
352
974
972
352
489
1013
689
829
810
390
489
1012
489
824
535
535
952
324
388
957
947
389
94
94
978
94
991
72
630
73
630
630
148
630
630
630
10
423
183
9
8
8
1001
350
836
350
535
535
747
747
125
747
110
109
489
28
22
107
800
511
13
818
12
818
818
818
258
258
1001
113
205
586
401
818
12
13
324
523
809
622
13
802
521
956
293
946
133
154
292
164
292
781
826
969
766
111
750
452
110
1021
739
451
1001
91
780
1019
92
780
188
85
406
879
789
402
152
154
628
364
823
405
620
776
624
583
253
492
424
1003
629
104
627
702
702
975
310
777
66
88
106
718
320
55
820
55
55
55
820
320
320
850
850
849
879
868
288
721
324
25
520
519
26
968
440
519
970
360
251
761
449
520
520
492
503
446
643
646
790
869
345
251
856
474
564
531
32
134
391
878
326
421
797
38
165
421
531
892
769
685
963
888
112
165
854
872
429
509
511
227
508
619
112
613
585
35
162
167
565
570
652
399
916
316
849
584
875
919
468
628
630
869
636
471
946
570
856
402
589
563
514
889
740
944
698
961
589
938
932
52
866
585
598
578
158
158
469
938
162
489
549
698
974
488
604
585
716
604
489
494
875
744
619
617
900
616
906
906
33
5
903
907
488
578
648
80
544
18
29
39
545
3
3
545
9
3
3
545
921
544
545
250
248
308
327
677
244
329
326
311
875
827
712
406
359
233
443
880
970
333
980
334
976
880
880
797
174
980
741
563
585
37
223
359
200
200
188
358
204
677
1011
308
665
728
656
656
728
728
728
480
728
511
728
674
921
728
515
574
968
131
968
971
636
636
38
636
129
129
600
637
436
802
499
636
348
550
902
872
31
365
224
897
29
903
193
903
627
627
996
603
809
902
712
802
814
808
802
536
998
81
1020
1020
561
752
455
36
569
479
999
1021
258
866
897
259
258
897
689
571
719
860
665
51
839
359
341
835
127
571
537
805
181
4
571
712
803
803
748
561
561
548
573
