mesh_partition_v1 4096 26411 17 cell_order_v1
408
3636
2090
1492
1930
2365
352
1249
2967
1393
2966
3626
2363
1316
611
1551
396
3293
1138
3260
1938
397
939
1289
302
1492
1295
2255
1636
352
3443
1489
3531
3985
1497
2446
3992
4040
3977
3805
3695
467
1626
1458
3805
1623
3805
2175
3530
3531
3805
1756
1492
1756
1081
1730
2061
2061
2133
3695
3694
967
3694
2065
2065
554
1466
445
1730
3759
124
3453
3414
1384
3501
3532
863
1733
2307
3133
121
2807
3501
3513
3534
967
119
124
3377
2765
1384
1205
1091
1092
1937
1385
1096
2596
967
2009
967
1385
2987
3183
2917
937
3174
1196
1092
3534
4091
936
3895
600
3957
2915
2133
3996
2186
885
3097
4006
4091
2186
2187
2187
3233
1492
1159
400
959
3984
3214
169
4032
3758
3811
942
630
4033
686
69
3984
2239
2297
1034
3380
1576
3617
3623
1035
1612
1923
3623
3226
3617
2190
3278
453
1032
3827
3479
2251
3082
3361
1034
3570
3573
3573
2260
3088
946
3080
624
2892
3079
624
624
3385
624
1828
335
1828
2635
3983
663
726
946
662
1008
2925
2838
2808
1951
937
725
1310
936
1951
2152
3232
3759
1951
947
1299
1951
668
1069
1540
3179
3754
1543
1445
3729
2348
2537
1709
1892
49
2364
1413
2364
1413
3232
2196
1648
2303
2876
565
1551
1738
94
3570
1666
2364
2364
1551
2367
1774
1122
2577
631
632
3786
3807
1127
714
1936
1127
2067
1620
627
984
714
2870
2109
120
714
1761
1439
714
175
3376
3841
483
2220
1689
175
1936
925
2256
1936
1936
1842
1992
695
925
1974
1388
4058
21
106
3348
3005
31
1554
2328
549
925
1107
1687
592
1078
1029
1079
62
1030
111
2945
955
107
1835
107
1268
2837
922
2912
606
3920
508
109
2349
3270
2854
2838
2957
3886
1277
1849
3681
3818
3518
1295
1849
737
1842
2424
2035
144
2529
2566
1229
2035
2035
595
2034
892
948
2903
1323
2857
785
2426
948
2918
683
681
1394
2500
2426
2637
3031
3020
3018
674
1799
1617
3024
3009
1799
511
462
3548
2146
510
674
2904
1227
3668
4069
2146
2424
2147
674
2147
3686
4051
3686
2081
1264
318
1147
3686
781
2421
2403
1775
3686
2630
1146
1376
797
863
2315
631
863
2369
1136
1688
2852
2852
2308
3680
3937
2857
1172
2309
748
239
3385
3718
1140
3191
1689
1778
3533
525
4036
960
1032
3249
1050
1689
1689
3992
3644
1567
409
3560
1276
525
525
1265
2483
293
1154
525
3765
1269
280
3753
1257
3308
1549
3753
1050
3765
3322
3755
3322
1051
3310
3611
3407
1266
90
90
1335
1787
2866
2750
1787
3674
3006
1784
2306
2160
312
1324
3560
3281
284
3260
271
300
303
164
7
90
1051
1177
2139
3433
1785
1177
1647
2904
2905
2803
2799
1177
3561
2329
1360
1777
3555
2812
1177
1231
615
1274
3560
2905
1798
3165
3040
2848
2243
3385
2243
1981
353
595
272
2248
3478
2922
3441
519
211
2907
79
629
1277
1277
1230
1766
1530
1765
3231
3810
745
2720
750
2421
1697
3228
4061
3713
240
2243
1654
2786
2243
999
2590
3840
2590
2590
1231
2741
1403
1777
1401
1403
829
822
1403
3289
218
822
3080
2758
218
901
2934
1628
2922
1628
2043
2312
2028
2619
1630
1630
2092
2758
2782
2772
1495
1471
2773
1463
1375
3831
3839
1472
713
2758
1983
3719
2348
711
2782
3553
1668
2758
44
1737
3331
3719
1677
2590
270
3384
1719
1698
1682
1607
1768
1455
1763
3347
2703
3317
3968
3384
3556
3263
2087
3579
3963
2089
2088
2703
964
2668
2087
3968
3317
1608
982
2819
3630
2089
2523
2089
3236
1005
1785
2086
3258
2862
3567
3259
223
209
2862
1093
1259
1538
1007
3842
3374
503
1195
1299
1268
1253
2848
1435
1357
1105
3259
2848
2228
796
1408
3259
750
303
2086
3384
1333
3259
2223
3371
1607
3708
2053
1295
2049
2197
3708
1749
3003
1244
2669
2274
2130
2223
3135
3061
1241
3190
2652
2044
1922
1605
3708
3708
2007
2520
945
947
3785
3785
3668
297
1241
2030
2174
2742
2749
2228
3386
2749
3807
3659
3046
1073
3446
3022
3033
1278
1241
425
495
1291
1376
485
3613
3403
1333
490
3408
986
180
829
3407
252
3407
433
393
403
3403
1116
3719
102
906
3528
3204
3645
3719
1123
555
3645
3659
3318
3977
3659
3985
361
2400
2416
3344
1428
3707
3079
449
3352
2513
1699
3352
2513
3227
3712
1526
3223
744
1362
3954
751
3361
2929
2609
3344
3361
3337
2032
3578
2584
2585
768
386
3362
2093
3595
108
2020
3609
2585
4071
2584
130
1570
4081
632
3528
3528
4092
82
3659
3688
650
3801
3871
392
3594
4095
1374
53
1959
37
37
3905
3317
1406
3605
1392
3635
1993
3642
307
20
1746
1392
3751
1638
449
3528
274
2476
5
3608
3045
1725
33
1363
4077
3588
386
3588
1763
427
1071
618
297
2610
386
1087
347
160
160
3299
486
1916
1019
2739
1018
1482
1191
1622
3655
2104
1260
3634
1817
137
3633
2104
1732
1717
3612
3612
2144
2610
615
2684
2144
3793
219
1561
3793
3937
3829
4023
3826
1579
409
3092
4075
1319
2610
650
1430
1181
3296
3749
2610
3749
3749
3749
2469
3327
821
1504
3313
3458
3325
1683
3325
3703
3327
1504
812
1750
1163
1504
815
1240
1299
3629
1504
4022
1296
1723
1298
3682
3619
1514
1334
3357
3571
4022
1160
4022
2082
2990
694
3646
1586
2080
3465
1310
3374
717
2081
2087
2083
1239
2080
2424
862
3475
204
157
2967
1816
421
2411
3107
3509
521
2856
522
403
1165
2759
2924
2862
268
1162
1280
1047
698
2412
3884
712
2412
699
3520
2408
3171
3989
684
1252
268
268
1010
3179
789
1057
403
1286
2306
268
1768
159
871
840
200
964
1331
1375
1370
735
3875
1768
3784
3748
2343
791
109
105
95
65
108
2849
156
2077
111
2293
414
1664
3095
428
2726
3912
791
81
887
521
69
81
2622
1732
4078
2610
2611
974
2610
632
1768
1083
1306
2779
917
3216
2763
3094
2345
2757
2777
4078
1539
1711
2778
2950
790
1433
1480
790
1857
3911
3049
3050
408
2816
1711
1778
3055
1967
3883
3054
3068
2045
1981
3179
3354
126
827
741
77
2168
32
3353
143
897
2057
898
3143
3202
3143
2175
948
4051
61
3201
3168
3300
3355
3355
413
3007
244
3283
1155
2373
1052
3815
862
863
2398
3815
3140
1966
3815
1405
1913
1916
368
56
411
411
1168
3010
3861
3790
1530
3007
1541
3019
560
3766
3947
1104
3135
1463
1463
3433
3791
561
1100
561
3085
1139
2202
560
2344
2263
2465
3035
2344
2344
1154
1166
3064
1098
2344
1248
2174
1142
397
397
2804
1541
397
1121
1121
3038
1519
3335
1551
1551
1264
1165
397
1471
1270
1073
3034
1075
1263
1473
1473
2829
2324
1481
3367
3423
1150
3387
1262
1404
3381
1117
3700
4054
2960
3015
3452
1271
3263
3452
879
3655
3272
1214
1078
1201
267
1192
1995
1192
1192
1192
1078
1139
3534
515
3973
498
392
417
3972
3413
3530
4021
1755
3974
3974
2412
2075
2397
2333
861
3930
2407
3785
861
3529
1396
3840
3529
3832
3197
3832
4091
1526
1365
3832
3832
3614
2542
4039
1758
3614
3614
1423
3843
3444
2807
1417
3524
4021
4021
2303
1422
1463
611
3313
1540
740
2107
3524
3570
634
87
3139
2091
2052
2327
3149
856
3139
349
2757
857
73
3440
48
4024
2360
1359
95
340
2791
2055
1354
1405
2167
125
3760
2330
2057
3130
2289
3614
1383
73
1697
68
1044
1354
1936
1607
494
1784
3483
531
1252
3364
3361
3205
3130
2714
536
2490
1939
1356
494
1908
2731
3191
86
1909
767
780
2099
2275
1059
3862
1323
1170
265
1908
871
195
2950
3090
1982
1064
454
3845
1998
1064
2021
3862
3089
1056
553
315
3088
2299
3896
2298
3706
3090
2422
3495
512
1127
3822
1980
3608
3966
3789
1127
1048
2165
367
2108
2921
2157
118
3938
1233
1147
2369
205
4002
1233
714
470
4002
1238
106
2290
995
796
2166
574
1217
1261
4002
832
832
469
803
1713
3280
1658
468
1556
3972
241
708
4002
364
1144
315
1794
3431
3554
1799
3862
1153
3293
899
827
708
2220
1814
2908
2256
1596
1025
709
709
2266
1497
1497
1497
2908
1497
2812
864
1897
816
1425
3521
802
2154
1897
2151
3555
2785
1262
3027
2829
864
3998
2490
2961
1147
1587
3279
3207
2463
3583
2443
1896
2908
2437
1896
2437
2268
2477
1800
2463
2630
3745
2491
2439
2908
1601
2436
960
274
503
2014
254
4015
2324
2599
503
2905
2398
3220
240
775
829
503
1800
987
2841
109
4015
503
988
2282
3979
1104
1620
1317
1048
1545
4000
2282
4015
2558
2283
3979
2861
3209
781
4014
2157
735
945
691
3134
3706
2161
4000
3320
1566
1123
1209
1209
3198
2282
777
3979
508
3979
3753
129
2743
2514
239
2516
2514
3474
147
386
735
3515
3036
3240
777
781
3514
2433
3193
373
373
1912
496
3485
3395
3356
3123
1387
3514
4033
1528
3741
2785
3301
373
3235
1912
697
734
2735
1633
644
2892
1415
1919
645
3515
1498
805
1319
3626
1911
671
2466
77
252
1317
1724
1727
2466
656
1894
669
1727
2854
2413
2466
1727
1725
645
3404
2466
1398
1724
3235
1727
3328
553
2517
1060
1166
2627
1783
1072
1543
697
2626
3380
1030
2632
1024
497
696
2420
2359
2157
138
3019
66
409
16
2355
414
248
2353
696
3408
3390
3387
3387
698
3390
3741
2355
2440
581
2547
579
585
179
426
585
2535
3741
1855
1387
2557
2560
3482
3476
3590
3584
734
1444
38
3304
46
1843
3741
699
350
1045
1689
699
588
2161
1044
2144
2061
535
61
3999
3590
1044
1114
1502
1881
1264
1264
1264
3192
3476
1264
1845
697
1833
2422
2418
2418
3481
2418
697
2109
2816
3548
3261
3238
553
552
2101
3889
3167
2473
2546
383
3889
2103
3254
1827
488
1849
1042
429
639
1052
639
3147
2424
3374
1628
3146
3393
2227
3795
3759
1398
3893
2885
3893
822
2319
2931
3147
3932
3138
2447
3859
1397
2407
190
2238
2938
3863
3188
2239
2673
3404
382
3214
3110
873
3428
3111
1092
2585
3863
3456
3458
3628
3857
2227
1431
1942
3024
3823
3225
1431
3814
3111
2573
888
3173
3180
3189
2566
3976
2884
3182
2444
780
3976
3431
3324
3175
3619
889
242
3343
2365
1464
3518
4032
889
875
4032
3230
2644
3758
2978
3984
1464
3836
4048
1474
30
1230
3654
2573
3444
3771
3110
2067
3129
147
2980
2573
2580
48
37
39
3792
20
1405
1230
3440
2975
552
2279
1405
165
1011
326
3813
1230
3815
989
867
1879
2874
2874
732
870
3098
121
894
1230
2465
775
3098
2433
2242
2881
509
49
1892
2473
1577
5
1285
1122
50
336
3098
3098
1017
1017
1033
1017
3126
506
183
3792
2041
1017
199
2162
50
60
3839
3936
2942
2797
4069
522
1134
2942
2942
3158
1170
1204
3899
1576
2949
70
3899
514
522
172
2942
3891
2882
353
1482
949
2398
514
522
34
2480
2827
3493
2609
2008
353
3165
4018
34
32
1146
1081
353
3346
262
2365
2487
1135
1774
353
870
3907
2713
2709
3905
1332
2844
1526
2797
3447
3675
3675
670
112
1391
2948
1978
874
2110
2111
2949
642
2516
1209
2489
1185
2111
625
2481
2424
1376
176
1584
1591
662
2495
2831
1600
662
3581
2797
2766
3735
1591
2679
840
2514
2667
2792
2627
1589
2495
2494
2493
493
1718
3167
2493
1227
2493
2493
2492
843
1366
1718
1387
2799
2008
3503
2898
2897
1915
1945
1901
1897
2027
1719
408
843
2792
3716
2356
840
295
69
31
2799
729
2797
785
1867
1177
1396
632
1393
1867
1414
4049
3243
330
3550
1867
2042
364
3858
93
1867
3529
3531
3951
3531
3207
1943
3207
3207
376
3996
4076
94
3230
1070
3207
3379
3549
95
2694
895
1187
3531
886
3204
2797
1189
1848
1854
2568
1840
2381
893
3685
2882
3616
199
2416
2881
1919
3469
1890
2579
2348
2325
3469
199
3327
2106
198
528
925
924
1189
1002
4042
912
1523
1499
3943
1581
1191
874
1710
1494
199
1579
2835
1277
1040
1110
2417
1185
2816
2835
1276
1253
1186
2686
449
4003
733
3665
3611
2723
2793
2739
2620
4020
913
3545
2592
912
1289
2304
3471
3447
468
3471
3474
3793
1942
3793
2885
340
1123
913
3810
3808
2885
2305
3049
571
3013
2135
532
636
529
1165
1517
1313
1511
1039
1133
1099
2280
1035
1035
2197
2782
529
2197
2968
3544
2038
3885
3844
3289
2884
2009
2197
2037
1083
4000
2201
2262
4064
2945
2218
3567
591
2737
1083
2449
2945
436
2573
1701
2945
2308
2576
2197
1691
2578
1153
2578
1332
1378
3445
2996
3811
1644
1654
3211
3522
1145
2996
2036
1082
620
3496
3496
3072
3654
3666
727
2315
2036
2554
2559
2309
2467
2308
3738
2425
2312
656
568
3072
2329
2487
656
705
3931
2615
2472
2082
2473
3850
910
1221
218
436
2121
2790
2315
717
911
394
1116
2615
910
1096
1125
436
1065
3735
1013
910
3735
3072
2557
3931
3903
3072
2536
1170
2557
75
1039
3900
2450
3594
3142
2433
3933
2447
3901
3901
1317
3854
3297
3592
3387
3608
3297
2300
3174
3581
3350
3959
3442
3447
3679
3905
1669
3950
3900
291
3246
3724
2421
3611
2420
3931
1403
132
507
451
3592
451
3560
451
1786
608
639
451
44
3796
1366
2099
30
115
2390
2224
3104
4009
3873
1367
663
3980
855
191
3087
501
500
133
352
188
2421
3796
367
3341
1956
347
764
590
1348
1803
1348
3797
1509
3797
2441
2509
1792
2399
3866
3642
2174
3078
208
4053
2421
214
4053
2829
3849
787
1233
3255
1330
682
214
1949
1171
2361
1685
1251
1532
208
3303
3528
4089
1262
1444
1539
1511
1537
2895
4005
2828
4085
1405
4005
1047
2883
2066
611
4053
210
3415
3504
3392
95
3918
3073
1044
682
763
72
2243
763
2295
2303
1914
2272
2828
4053
3112
1448
68
3346
3127
1321
2477
1383
72
2479
1985
3562
3416
1348
3654
3211
2554
2462
54
3326
855
76
50
1695
1380
3840
73
110
3662
3666
1306
2666
767
1062
2829
3416
3419
3990
3418
763
2026
673
3987
3315
3658
1160
678
3291
3987
4082
653
4082
1123
2147
1345
1120
2209
2665
2428
2231
2233
3373
3395
2118
3659
3985
854
4056
168
407
3239
3395
2993
706
1577
3004
203
2973
2400
181
706
2528
707
131
2651
3654
2667
3365
983
3657
3246
2350
3053
3011
1128
1839
1548
1565
89
202
4042
3808
2152
203
2889
1962
4022
3247
3314
1824
2726
203
1973
2832
3811
2819
2350
588
2822
2818
2909
1824
30
1701
3490
399
3238
658
1701
3174
3993
4
132
3983
4067
1943
1948
4015
3955
3737
1824
3736
1693
3739
3937
92
1653
1653
3175
4014
894
3477
2412
2248
1016
2632
3739
3729
3500
3500
4060
656
3732
450
831
614
2060
522
638
3165
3057
2263
4015
547
2894
625
1836
745
585
517
290
2403
639
569
2515
669
766
2048
3066
987
1384
3327
736
669
254
3065
480
438
3500
164
1861
1044
1026
288
2316
2067
3768
2317
4052
10
3081
288
3732
1412
1770
482
4077
2100
1016
1060
201
3378
113
1031
2955
2012
2834
3378
2832
2911
3378
3378
1915
2819
873
2537
2684
2837
3052
2414
1906
3041
2811
1300
1071
3052
1311
858
3054
1412
736
858
2716
859
3052
2811
2985
3052
2895
1412
1419
3444
1717
1717
737
749
3055
3929
2416
2939
2914
2446
1717
3060
2310
3494
3057
2005
2216
2216
28
2684
2493
4072
2915
3009
475
2424
2402
558
2855
66
79
4065
4090
1658
3326
1935
1716
1839
1053
166
2120
301
2173
4065
186
2677
163
2555
2425
558
2233
2491
2263
2463
2440
2441
370
3846
559
119
4075
2252
3253
1951
3249
3248
3533
3691
3652
2441
2463
3248
3566
844
3249
1145
333
158
2252
2479
1787
2853
2508
2485
3902
1175
1421
3962
3377
2022
1432
3557
2315
3809
3790
3607
3696
2891
3566
1151
1151
3951
4017
1191
1438
1158
270
2242
3391
1158
1046
1421
809
269
293
1766
821
1766
289
294
1055
1158
1055
1050
2328
2419
578
1159
4058
612
559
1766
2668
3902
1321
3852
4059
3155
1095
3311
4059
1766
3311
1061
1055
1120
1533
1279
3310
1279
3761
3647
2733
3586
365
3881
2678
1271
3978
3876
3926
3322
1969
851
505
138
1228
2233
1715
271
1715
1715
1715
139
2233
152
711
623
400
437
333
389
29
202
978
1778
389
2940
1842
395
976
3721
1249
389
3566
202
2344
3561
202
213
4029
2514
3572
1591
3610
3571
1991
1430
3561
614
3569
3610
2849
1448
670
851
1533
86
51
1591
3444
3406
3558
1656
2450
3611
851
612
3450
547
622
2166
1235
1235
2174
1234
575
2337
1590
2913
1591
1433
4020
51
1758
507
507
612
163
3462
1070
507
108
3947
850
3550
506
3202
1410
3459
2694
1123
1236
3305
98
2747
991
39
1833
51
58
51
2763
2800
1957
2865
3555
979
883
3535
3564
3459
2679
1848
3253
2813
3248
3567
3541
1019
2497
2497
561
561
3463
1079
3541
2505
2763
2518
3311
1079
3978
1839
550
1540
619
1839
1855
869
1839
3306
881
1079
828
574
875
481
2060
2388
66
2063
2063
2063
370
1540
3519
370
3448
3538
1079
1839
3363
3810
2039
821
2281
241
3886
1472
3505
2281
2287
69
821
821
3899
2289
3451
439
423
429
395
1066
821
3637
2497
493
3006
1738
2777
1738
2278
1738
2360
2191
1738
2497
2277
3489
3499
3499
3594
3776
1010
3325
802
3992
1965
2005
1223
3448
1404
505
2012
409
1132
1322
3993
1126
956
956
2911
3991
4041
3993
1763
1572
2664
1010
2911
728
3777
67
187
1010
361
1155
366
3607
3826
422
3846
4057
673
3448
422
1611
1460
268
360
422
1010
112
1102
610
2408
2425
655
728
1234
615
2067
638
3834
1235
1943
2895
2361
387
3720
1964
448
3337
1943
420
1100
1138
1308
3502
2745
273
2690
1940
537
558
1989
3535
3264
1988
1255
3576
1997
1489
1487
1512
959
1989
2172
1093
1676
1445
2054
1520
1093
1209
608
2816
3473
2145
641
3679
3679
2139
773
769
959
2244
1989
1976
1699
2475
2475
1361
537
536
1286
2419
536
2418
2569
1363
2399
2810
3655
12
3587
1067
2149
2475
1374
3132
505
390
3589
1256
390
786
680
952
1082
2038
1678
3837
1700
2530
1962
2044
3839
1356
3350
3132
3349
1359
3132
2059
2475
3815
3132
178
2562
3362
2052
1217
1216
1432
1227
955
928
4043
1475
952
959
1216
3125
1217
762
1174
1343
1174
3543
2052
2530
2580
2581
3059
1749
592
2052
3618
3966
3058
2751
2806
452
4051
2797
2797
448
453
3783
455
3799
3799
1067
801
101
828
101
777
428
359
903
4050
3782
3478
1827
2052
422
938
1981
796
4051
759
2617
2947
1243
1698
1826
1563
4051
4011
134
944
2793
1684
3496
3351
2051
1688
2051
2882
1952
725
407
2894
407
661
999
407
3391
407
3580
1210
2634
2829
2893
2139
3445
3147
134
2370
2370
704
1082
859
1089
2992
1001
994
1605
135
2992
3145
1353
1011
3149
2964
1163
3771
1443
1978
3398
3349
3399
1440
3742
3742
3689
3692
3624
3402
3689
3691
1163
1377
1419
1160
319
3225
1200
56
3769
115
1624
1642
1163
1044
3008
1210
1240
2772
3854
1240
2780
2202
1240
1178
1242
681
2799
1449
3448
1446
134
2776
2777
1435
743
1898
2167
1290
1334
1898
1310
1899
1435
1435
659
929
3068
2328
1899
3009
3450
2183
2404
3039
2554
610
3761
2115
2993
2173
3039
271
614
705
3229
929
1729
262
1750
931
951
659
273
3229
2638
3300
3217
3217
3846
3217
3217
2395
2404
1432
2117
3424
2404
3229
904
635
3229
2063
615
2423
2608
2727
2538
92
2417
2423
659
2423
2639
4011
2600
92
2639
92
643
92
918
3010
898
398
704
659
1445
2994
1575
2534
1333
1646
1454
1324
1341
2534
1455
4065
2695
2538
1453
3
3804
1453
2902
1453
1453
1319
3344
1117
1148
2181
1040
1204
2902
1980
2902
3920
2902
1472
4044
2182
1472
3438
1066
1363
1565
3683
1327
1437
1034
1530
3395
984
3682
3419
3453
3387
3392
1445
80
1451
3214
3421
83
3684
3693
3242
3947
3685
3683
3691
894
83
2793
3176
3421
1511
3179
1659
1107
1565
1105
1441
3367
1767
1197
80
500
1833
1888
3794
495
1752
3091
1020
942
972
495
699
523
3091
2013
2665
481
686
2665
1088
437
2680
1903
3603
3091
3263
2680
2203
860
2849
1826
3125
4063
3156
3974
3198
2659
3091
3913
2849
3525
1942
161
1895
1757
859
1888
241
40
408
1888
3429
3565
3408
1870
1427
3794
2412
1809
2417
1994
1870
3804
2119
866
2893
3525
986
2556
1752
2643
273
3525
2822
3597
2119
1258
2914
2914
2914
3597
1870
3195
290
1870
3078
1451
2310
2119
2119
2397
583
3597
340
3597
2293
1188
753
1182
323
326
4013
2293
1682
3409
868
2397
3367
2293
2397
1947
2726
3420
4095
2718
3625
4095
2359
2368
2402
2441
2293
2149
1004
637
2397
712
3467
452
452
1971
3374
1971
89
88
3293
2808
3295
882
1241
352
1973
3467
3422
3382
1246
1246
2649
1335
895
397
794
576
90
4029
3467
391
1272
3269
1241
3550
371
150
969
1331
2029
3467
2104
3326
2044
3133
1342
3312
2046
186
2020
1924
2063
970
2063
2314
3928
2686
3967
2706
3960
3328
1679
2705
3195
3323
970
2849
2960
3323
3322
3323
2172
1671
1670
1670
756
1196
757
862
466
3464
3329
1161
2812
3389
2427
3602
2558
1991
2759
2172
550
2756
2550
2504
968
911
1312
1598
2702
749
2574
1226
3011
1226
2172
2172
3109
1598
3253
620
2484
3177
1599
3665
2804
1713
3375
1337
1712
1036
1036
2934
3456
2492
2132
2805
236
2934
2083
1036
230
79
1036
3372
1293
1293
3081
2807
887
3372
221
2937
3428
1293
391
1293
3383
1471
3387
711
3373
3137
771
150
2210
249
3215
3671
3719
3696
3430
3660
3375
250
3429
2279
2881
250
813
248
3532
2448
3073
2222
3725
1305
3123
647
1363
2222
1881
149
2448
568
1598
805
2450
1598
707
989
1315
1200
969
1203
2448
466
1190
1014
647
853
1315
3734
1803
888
110
3486
1997
657
3304
3304
1794
253
2158
410
425
1315
431
1997
3202
969
1864
1315
3881
3787
3809
3908
3517
2649
3906
3736
1784
2370
1784
365
2370
967
511
1921
1831
3473
1785
1818
1776
3038
1785
1352
1352
899
1353
2506
1880
1353
3064
3036
948
3023
3021
3020
757
597
365
3997
3927
1125
2299
4035
4034
845
2322
3022
3014
2299
838
2299
2299
879
805
1019
74
1102
2723
1966
1261
1301
1498
1522
2485
2723
3904
1249
3071
1727
1596
2007
1798
2723
3748
1913
2723
1597
3908
3928
2767
2767
978
3928
299
2225
1792
102
1983
2007
2039
3123
2089
1103
1963
3100
2109
3919
417
2156
637
3100
3122
614
2295
894
1794
2091
25
25
1073
641
1008
641
1846
3114
161
2662
981
3462
3461
3863
3998
865
340
3775
368
3714
655
990
2249
1963
2434
2533
990
611
2496
558
1082
3335
1481
73
611
3446
611
610
3632
3191
3823
2922
654
1982
1823
3069
1823
125
1845
3246
368
994
1574
4080
3247
289
828
2927
310
2554
218
3646
194
2926
3636
331
2631
1932
306
2920
2923
2526
3491
2520
1125
2628
538
2542
1125
2541
2505
2137
1125
1231
1794
2482
2533
1001
1721
3078
1466
4073
1364
1078
3620
3633
4073
2474
3139
1721
3622
2695
2133
3925
320
2462
4077
366
3154
3897
2695
3853
1168
4073
2164
129
421
188
395
1689
3039
3491
1887
3263
2835
3774
2834
3491
2571
2352
3406
2834
2834
3110
463
1753
3260
2684
3427
3064
3038
2685
2005
3668
1700
1911
53
2684
2684
2685
2675
261
3764
3772
1893
289
357
3004
2979
2327
3491
3063
3765
1891
3756
3629
2619
3779
42
3014
231
3010
3012
3014
645
2199
2049
554
160
990
2458
1589
3779
3779
560
175
536
546
175
160
2283
2576
3986
152
112
2860
63
2860
2860
865
3779
387
2279
2471
1049
3494
3220
527
2840
4079
1306
37
2433
2860
13
191
13
3771
3727
2041
13
829
2166
3989
13
224
3107
3127
1959
3746
1959
942
131
3433
289
866
3582
3885
841
3138
1416
809
1959
28
1588
59
1416
1002
1959
1307
2897
3433
4088
2326
2735
809
3639
3388
1998
3388
3388
3428
3388
2193
2326
921
2499
3438
2499
2327
2567
3438
1802
810
53
3333
2015
3353
2015
3365
2015
3435
3356
2015
3575
1525
771
1839
4085
1660
3234
2648
216
3384
216
3234
3388
3330
3786
340
3510
3176
2137
2136
1089
1422
216
1932
509
2807
1419
2794
2795
1515
2712
2722
3653
2730
3629
1801
330
3006
2284
2870
2793
1803
1572
1702
1575
3759
1198
1171
2086
2327
916
938
2529
3309
3831
3830
782
370
2660
399
2801
1156
1052
1344
1637
3833
1462
1167
1149
1159
2889
769
2803
841
1971
934
1629
827
3833
1647
2803
3334
1155
2801
1646
3786
3685
1646
2294
1644
3414
2108
2109
1619
1619
3517
789
3730
1557
30
1307
1632
789
3456
2497
2409
2880
2294
94
2391
2095
1803
1850
2110
1802
2084
3766
1851
334
1620
1135
2894
2813
1584
2336
1073
1030
2930
2894
3335
927
898
3428
924
2685
1660
3289
1416
747
2294
1453
1660
2095
1792
1068
2407
969
2415
373
963
1307
2275
387
2294
2340
1313
1270
1270
2868
1268
3092
2407
1687
4018
1110
1789
4018
1382
1134
1512
1260
1067
4003
3094
3663
1694
3401
1425
4003
1287
1126
4007
1178
2929
4000
3819
3817
604
593
604
604
604
1068
2631
1937
1134
1659
1694
109
4043
1557
2928
1268
917
191
4011
4050
2928
916
3544
493
2929
459
916
1063
1799
2141
2650
1074
1411
1856
1802
2727
861
917
3339
3622
2762
3782
2776
1111
857
861
1377
839
2618
2612
1927
1755
1377
1913
1111
1377
3587
4077
1800
2761
3788
2790
2847
2017
2821
2954
1997
2843
1805
459
1377
2630
1135
1820
2330
2331
1111
2335
3364
698
3228
1111
3264
3425
2335
3374
776
1550
2457
2768
458
219
3241
3241
2552
219
3044
2491
2491
2455
2974
1701
985
985
1627
985
1548
3044
1700
985
459
2613
857
4050
2440
2460
3546
2459
3961
1830
3466
2460
3811
2438
3327
3241
293
3009
3148
3241
3247
160
161
3351
2847
1483
1470
1518
3209
1428
3493
8
3783
1578
1575
1583
717
3796
2886
3901
1537
36
1574
8
1537
37
3832
3044
2214
3503
4026
3500
2233
1729
1767
3044
662
3287
2742
502
2374
3501
1069
1257
3554
502
2130
1415
59
1045
483
897
129
4021
260
4021
930
2374
630
2694
3800
3503
2691
2696
2727
2374
638
3748
3855
1045
2162
2301
1045
2141
3069
2668
2765
2829
2374
1529
1045
3164
3164
3855
900
3614
366
3163
406
3164
1579
1535
2140
2747
3709
3777
398
1837
2694
3716
1489
3911
1834
2834
2882
3924
2363
3709
572
2153
963
764
1021
3878
1271
3613
2833
3305
1635
3855
3640
3589
3164
145
2746
2965
4064
4083
3944
3260
2833
2824
4062
4063
145
3855
145
3799
4062
1252
1499
186
1493
375
145
2483
1637
3110
3539
1128
1128
1451
2454
2295
2833
2957
1378
2967
2318
2910
3894
201
159
2187
2401
2297
1450
882
2075
99
2833
926
3877
3137
3877
966
2526
20
189
1128
2466
1289
2527
1535
3877
1448
3670
2174
2295
2483
2127
3659
1771
3102
3284
2152
2621
2621
3877
1128
35
3987
4005
2409
1039
144
1452
4005
212
1453
2409
324
31
1417
3977
4084
1332
331
2177
1771
419
2177
1774
2409
242
3268
3873
1208
3895
1608
3847
1624
1417
665
541
3626
191
1770
1663
324
738
2544
2855
362
3025
2855
1982
1955
1585
322
1976
3634
1473
868
3227
3074
939
3223
3297
867
1124
389
3200
865
1095
939
424
3278
866
738
3973
3453
932
489
926
738
932
3243
1316
2409
3381
2375
738
1986
3486
2194
2663
1927
971
650
2214
631
2208
614
961
280
2759
332
3464
1987
2385
1986
1626
3486
2200
332
273
441
283
203
2214
2707
2197
1756
3286
3061
3048
2707
3048
3063
2707
1535
57
754
2471
977
2070
768
2199
3
3809
3809
631
282
2707
1623
978
1618
2437
332
332
1749
3667
1996
1807
1919
1272
1660
4057
4086
3197
3921
329
3748
1749
1876
2994
660
1407
1058
1070
2417
2324
2411
1242
1061
648
957
1272
781
2789
1400
531
754
1461
1008
965
2838
1786
1556
1540
1103
2189
2824
1461
3852
2818
1638
1272
711
1242
2958
3961
2067
252
3007
1272
610
159
1552
2467
1553
3392
1786
3581
3934
3460
3853
2617
526
3813
3867
563
1012
3488
2366
1012
3488
1137
2220
2457
3488
2487
2847
2843
2138
2478
2837
1137
3961
2839
1813
1003
2837
508
381
2839
3165
3432
3258
1098
3689
1475
2457
709
3060
3415
3165
3069
993
3828
526
3802
1786
3178
2320
2236
1762
3058
2427
993
2148
993
520
763
1764
2150
3413
1767
1765
1725
2150
2457
3339
3595
523
455
5
995
827
2141
786
455
1022
2254
1014
566
2555
1374
896
2555
3273
201
742
3352
817
455
455
1342
1821
3435
1374
3566
2356
315
404
486
3767
1469
783
2812
1284
3752
1287
3554
3552
3553
3244
3769
2722
820
1369
2259
1369
1084
1024
1136
1135
1769
993
1804
758
2953
1144
3942
3939
3939
221
3757
1612
936
1609
3942
3941
3941
3939
3937
1290
758
1210
1290
1343
2183
1564
3147
445
3270
1211
1343
1210
2066
55
1683
282
3408
2643
2007
2012
2968
2989
2683
1986
1206
3505
1558
640
2005
2139
2112
2036
3593
939
2110
2395
1431
2329
2687
749
202
2211
1815
2217
2865
986
1989
1816
749
1735
1905
1543
640
1582
712
1455
2830
1704
2066
2865
2870
931
931
1231
2285
2990
1231
528
933
2272
640
1746
936
935
1231
3339
640
1773
1790
933
1770
3643
937
1767
2652
1773
2792
2356
2697
801
3444
3443
1791
2748
1892
1904
190
3771
2653
3391
2653
1756
3448
1748
2748
1787
108
3693
3784
3753
3277
2699
3662
585
3119
4038
3157
3761
3524
108
3365
3400
3524
830
3524
2703
64
830
1703
1824
830
830
1757
830
260
103
1748
2491
256
3524
2426
2225
337
824
1748
270
2111
2795
1113
1323
1256
1146
1320
1150
544
2803
1112
2068
1395
1073
1429
1320
2553
2175
2555
2546
2554
3784
2558
2558
1113
1113
591
1105
2350
1947
2703
4057
3692
4054
2698
2793
3861
2192
2056
1108
3507
466
493
3598
1952
350
1783
1622
2974
129
1530
817
1502
1105
2529
1313
1319
364
2027
1090
2224
236
499
153
2528
1769
2021
338
19
1735
2224
3763
4067
2321
175
2231
2681
2670
3433
2071
2321
2346
2869
3002
1407
1105
1950
3901
2237
3841
3104
3096
3145
1109
1948
2131
2332
3435
2233
1945
3449
1016
1984
2887
2887
923
2940
2165
1184
2169
185
2167
167
403
184
2292
131
2327
3065
2887
1184
128
2292
2581
586
2884
1108
3265
9
2281
128
3922
131
15
3931
4042
0
1184
2235
5
2287
1065
2581
2071
3151
3599
3104
2070
3180
3841
3888
3090
998
3757
3101
318
2067
3891
3142
427
15
1972
4055
1016
3169
365
182
2906
1347
3728
9
3599
2520
3728
2527
3072
3599
3091
1369
1433
411
413
1486
413
3599
4059
3873
3688
2517
2868
322
322
322
3476
228
1
2132
63
2463
3387
328
3443
727
1384
849
63
3863
1721
4084
2419
1213
1644
2718
3442
644
2794
3787
63
2712
1646
2854
2818
2911
2041
1468
1496
3477
1450
1511
287
2818
2700
1743
3714
4029
2164
930
3281
336
3287
1743
652
1629
1644
3477
885
880
3476
2976
1004
911
1527
3787
2094
1977
3837
1343
1343
1342
1853
1390
1342
1126
1372
2368
1647
3870
1636
1851
1663
1363
3870
1851
489
2089
1573
3508
721
1407
1255
3826
3870
3870
3716
259
3508
2059
1207
269
302
3834
1050
188
1255
273
463
359
302
302
1527
2398
1255
3824
3540
1201
1192
3012
2629
3034
3022
3540
3540
2349
3796
3806
3020
1724
2638
3284
3540
269
1803
3547
1527
294
2535
3508
1430
1318
1430
2069
1436
2092
3022
3964
3964
4020
1363
3024
3964
2070
1905
3182
2285
2070
3182
3183
2920
1223
3180
3174
1304
3182
2160
2170
1362
1069
1069
2334
2197
1307
1532
1684
3338
2204
1589
3338
1662
1390
2920
3633
1750
2376
2371
1558
2169
732
3363
1778
1379
1656
2204
1861
3805
2808
637
2189
2598
1179
3508
672
1804
833
778
3339
253
2204
3581
254
1082
2189
2075
1877
3485
305
1086
1736
1932
3339
1086
2017
3923
1980
3948
3772
2075
2073
2519
3958
2393
2341
1980
3772
884
986
1357
2072
1980
308
33
17
259
295
1980
3948
2161
3873
4070
2339
3752
305
399
417
3212
686
403
136
2488
31
3065
687
1074
27
259
45
3032
354
110
845
3620
672
3670
2710
3616
3748
3032
2922
672
3212
2732
294
292
2585
4028
35
3212
3551
892
4026
3032
62
4028
672
591
512
3212
603
1714
1608
3032
3871
3398
3446
3446
3564
301
3398
3360
5
2094
298
454
1623
1805
1807
296
2609
1029
1850
1855
2608
1850
1807
586
1805
1566
1566
590
3639
2953
1462
2952
2391
1874
3715
1434
2392
2393
3061
3061
1794
2391
3056
3938
3131
3813
3717
3638
1874
1874
271
2937
353
3210
1874
3200
1577
3218
1874
658
3244
689
2607
4034
4055
1705
3205
1398
3440
1848
2551
3010
2085
3130
2655
2425
2431
573
2425
3104
3937
1505
787
3821
449
1762
860
3165
1857
3821
489
1223
1566
485
788
2833
1566
1923
2011
2768
2833
712
2030
551
616
3812
567
2307
1165
2827
1712
2333
688
2607
2198
530
3131
1165
230
2415
787
3583
787
1505
887
2820
2710
2747
4071
1655
3949
2559
2697
1033
1134
2697
1850
1855
2071
1844
665
1260
1845
304
1599
3880
1692
1485
2559
304
2557
304
3952
2102
2544
3498
3369
3952
304
899
3343
2545
3949
3694
3681
2841
3693
3684
521
3684
899
4044
2697
1601
1554
899
1158
947
3936
3831
224
1099
2128
1164
1194
1164
4044
2384
584
2697
1166
392
543
4044
4044
3857
2203
498
632
394
2337
2211
4050
791
1914
2246
2269
2222
3268
1942
3073
2222
1401
472
1947
395
2211
2354
137
276
2547
824
2559
2165
1313
2136
1401
2335
4073
2641
4050
2322
2334
1620
2143
1994
2556
1009
2524
276
2336
2093
1165
285
2541
2120
276
1505
2512
2912
2547
2912
4020
336
317
3163
3296
3884
1117
317
1152
308
1276
1085
1269
4022
3158
3163
3292
1308
3162
308
1525
3162
3136
1058
345
3584
2354
2316
3911
1994
1687
2254
1685
1401
1274
1056
1274
716
3322
1483
2553
2981
2981
2981
1057
748
3311
2062
1401
989
3674
991
987
3293
987
3273
747
1970
3996
4094
1275
1808
2582
1963
3739
2181
3368
2542
963
2178
2138
2223
963
2909
1279
2137
859
2167
800
2142
2961
791
859
859
3238
3852
1870
3245
859
910
3940
1527
2454
2909
2885
2453
962
91
1948
1953
3920
2141
3940
1791
3836
3944
3861
1026
1027
2553
3693
514
514
1027
2799
3613
760
1808
761
2411
761
1399
1926
3353
2359
278
730
2241
278
3944
110
1550
110
2087
110
3348
2895
2588
110
545
2626
278
1391
2326
2328
1391
1391
1385
1308
911
3840
2913
2939
2129
2951
2969
1793
2159
2453
1926
3309
2467
1793
278
1632
676
815
3266
383
1603
3251
378
1883
2673
1371
1359
93
4079
2996
1298
3213
1448
3691
3401
3797
2950
3376
3364
3453
3688
3251
3703
3622
3702
3805
920
2653
786
920
2013
1493
2874
2128
2311
2565
1502
1775
3036
2031
4038
3817
891
4058
83
2242
876
2606
772
3258
793
2979
3047
117
64
1129
1517
743
3047
3303
431
2042
498
494
493
2607
1110
1475
1135
1508
1191
1355
1495
1191
2316
1974
119
1974
3296
167
179
81
1091
1782
3344
1705
2800
1841
1885
580
3447
1495
3447
3345
3308
786
3682
3674
3345
1511
830
1510
3047
2607
3547
3064
3047
2980
2980
2496
2501
601
2980
3023
2566
628
3023
1383
2980
3908
2599
788
2675
731
3038
3908
3138
1174
3904
1185
788
1273
3903
1273
3887
312
1273
321
842
1668
323
1273
874
874
747
104
8
120
318
49
113
1739
1930
747
1931
1494
1292
3876
2800
1537
1572
1713
2950
2994
3044
323
747
3879
1069
747
2145
2153
3415
2638
1166
2643
280
1730
2800
2781
4065
2796
1458
1162
2082
1439
3678
320
1503
3484
3871
1503
1488
1488
1488
638
1304
2161
2153
559
828
552
1919
1488
1162
280
1166
3116
2154
2296
4068
2507
638
3473
1321
4068
4068
4068
1769
2560
2634
2898
2562
3672
1666
1159
3641
1772
2536
3265
2563
3116
731
3116
2538
3469
3116
911
3460
2794
3980
2031
823
3852
3736
734
2540
2536
3713
2542
1730
1780
806
1894
3389
2552
2552
3932
3933
3852
2053
2309
3389
2203
1613
2072
374
1601
1082
1370
3389
1066
3976
3713
2031
1083
2319
2060
3389
3713
1392
3713
2072
3711
375
1241
3503
2072
3775
1280
3495
3190
1921
455
1392
1393
3188
3197
1371
3842
2939
1393
3191
2490
3170
3737
2561
2681
3257
1261
2687
2682
2682
3257
1844
1736
3842
2685
3737
2794
3842
1982
2349
518
2278
2365
3029
1977
569
1977
1982
3257
995
568
553
3860
879
797
1922
516
3868
516
3257
1483
546
3869
973
1328
520
39
359
848
1483
1517
848
161
1389
265
3738
2467
3039
3053
2024
2844
848
2028
840
2138
1993
2097
113
1483
3290
2260
3860
2244
423
43
848
4047
3890
4038
4043
1594
962
3917
1227
422
1594
326
258
180
889
288
293
1772
1645
1559
1981
1559
2823
2823
1483
2823
4014
4012
2823
4012
3849
75
3898
1175
3898
1868
1536
4028
4028
1174
734
62
2838
2046
1175
2852
209
1868
1868
748
1246
887
28
3942
1239
808
4004
3525
546
547
547
808
2575
3019
881
1238
2436
811
2562
2853
2999
209
2103
2204
3019
2436
2591
2439
810
2386
1868
231
231
231
3021
810
231
232
2838
1298
518
4005
3021
2640
1575
3114
3535
2652
3503
822
460
470
518
2652
2640
2643
2640
3556
1179
3660
518
518
2704
1251
441
940
2824
2276
441
3874
1275
3874
4015
3874
940
253
973
2888
441
941
158
118
1009
2897
2890
2568
1558
808
1565
2575
766
755
720
1322
441
1486
2561
1641
629
50
629
502
1228
2436
2561
2379
1180
192
1522
934
4029
692
3881
3794
2122
1450
3349
2436
1505
3420
1121
1507
3106
372
1086
1080
1386
2678
499
3474
391
95
2965
631
3130
71
1406
94
2961
632
2561
2801
1845
2123
2701
2613
2133
734
2714
2805
512
1968
731
725
1056
639
3792
1051
2602
2741
2779
2789
1084
3364
924
3604
1263
3275
3026
3248
3109
1263
3792
1271
1263
987
1263
1263
1263
2047
1819
1777
2041
3735
2033
2047
1221
1330
3406
1379
1442
3436
3262
2112
2827
4063
2602
2100
2033
2321
2049
2033
3262
1700
1087
3716
384
1703
4030
915
1288
1396
798
950
1611
1378
3340
1935
2123
2351
423
2619
2584
80
2507
3423
1337
757
1087
3478
3298
1934
1397
2121
738
2169
1564
1365
1088
855
1552
435
746
678
678
1692
748
2623
502
1394
2362
2666
738
435
842
1565
1968
843
906
1564
1010
940
1564
1565
843
931
842
2678
2828
2672
2575
2842
3508
3239
3291
314
3169
464
3512
951
2542
474
248
391
2672
902
2304
866
243
314
3315
2310
314
1130
2843
434
2309
3627
3122
1130
1130
1130
2805
2307
2590
2533
479
2745
88
3818
3309
478
3681
999
895
467
3494
3512
895
3310
886
813
3498
2140
2439
3122
2133
834
2985
2130
3745
314
3367
2570
2616
886
832
740
1919
740
832
2985
2509
888
740
2746
1831
2473
2464
3510
2986
2509
1650
3226
3231
1763
3343
742
440
3333
1088
1615
2525
431
451
256
3838
3836
2570
1386
2649
3781
1122
3636
1671
3420
1982
1652
4086
4086
2732
2795
2723
4086
3628
437
984
3623
1410
439
319
438
438
967
970
697
295
1648
2649
967
2346
1060
3821
3822
2136
719
1765
431
2429
440
177
128
404
489
1529
1696
1976
1708
144
490
1517
3103
1661
700
177
717
735
1826
1661
1292
1293
3355
3103
1828
3312
3593
3562
740
4059
4059
2219
2539
2571
1661
3103
3589
602
740
633
544
1425
4052
4059
1904
2430
1899
617
1661
1933
1749
97
3103
1969
3990
1342
1304
716
194
4011
1359
4002
4011
2544
621
689
1358
1659
730
1561
2693
2663
2676
2713
2712
2676
1088
2663
1567
1567
1359
2291
1529
2207
2550
1811
1819
1837
1817
194
3298
3301
1563
1373
1555
1050
2550
126
1545
125
123
2694
128
2780
2308
1529
2201
2316
123
605
2546
2287
1753
1071
2851
123
2630
113
937
2201
1397
3651
612
3920
3677
3658
1929
1038
3657
3656
2189
1945
2091
2194
2939
1372
3676
3337
1945
3513
4095
3513
4070
212
3191
184
2194
3206
820
1455
1602
3542
1929
3114
3715
2211
2159
2652
1889
3114
1872
699
1872
1872
1558
1633
2213
824
3288
1879
2214
1965
222
3295
217
4069
991
2633
1012
219
3882
1000
3288
1528
842
2500
539
3874
1889
2981
2698
1889
2822
1889
2868
1960
363
363
539
3133
3984
189
363
363
419
410
1527
2192
196
2472
251
2864
2042
19
225
1726
2339
180
890
2355
2415
1576
3007
2253
2012
2387
165
1215
2369
513
1571
166
891
562
1215
890
562
1514
865
1560
868
787
733
787
789
813
695
718
909
2456
3885
3547
1215
1918
1918
663
3182
128
1972
890
984
2308
3180
659
870
1155
313
343
313
1486
1215
1491
1514
3277
3489
890
1007
3489
313
1454
1311
3489
12
2869
2861
2910
2997
1007
313
3450
30
3450
1497
2088
2135
3907
2818
996
3489
430
636
430
1924
921
430
3658
3648
430
3648
1856
3501
197
196
1860
1866
2596
576
3280
3544
1862
1858
451
582
1074
285
1086
1860
3451
2604
1062
2606
1856
2909
2907
2897
2112
2906
2304
245
3524
2316
3564
3289
2581
2696
3523
3221
582
920
2704
2714
2585
188
3100
188
3858
2045
920
189
3199
3084
3118
599
2675
2043
2584
189
720
1923
2037
921
2043
3490
721
721
4056
3811
1117
1134
3475
3369
2839
2917
2955
2917
2955
247
3049
2655
2909
1115
3093
986
1115
2874
753
462
2043
990
1577
2874
1595
1029
3916
3163
1573
2728
2553
2137
2165
1573
2558
3163
2559
2376
2494
344
3794
890
3599
120
2732
3799
1370
1351
1309
1317
1061
3799
1029
1028
3798
1115
3557
3828
2944
3956
3214
2480
1115
3915
1576
140
3598
3209
2661
3598
503
2732
3916
2915
3408
3422
1570
3408
1118
1331
3104
2728
3159
3391
3383
1143
1139
3858
3140
3640
3140
2668
2946
2477
3153
3828
2311
2923
2473
2464
3778
2378
2395
2120
4048
2129
3721
4019
3862
3736
3895
2479
3872
3718
2478
1204
4019
4019
776
966
1215
2479
4019
938
1360
2022
803
682
667
56
236
1521
2844
2046
737
1366
2373
1886
3914
819
384
2221
1032
1039
1161
1361
2128
1521
2206
3286
1324
447
396
2205
2206
2206
1238
2323
2320
1521
3216
1521
979
1769
1739
2595
979
1741
1784
979
2766
979
1679
2131
3390
3390
336
3085
2775
1079
3725
1162
1162
2604
2751
3078
3087
2182
337
3575
476
466
1468
3575
3119
1697
3669
272
663
4024
1707
337
4087
2635
304
336
2373
2292
1719
2043
3688
284
348
481
2000
292
260
2395
1702
3506
1697
2161
1916
81
893
1096
1908
174
1097
1771
1119
1093
1909
1596
3780
1054
1423
1278
3780
2555
3506
2642
1909
2081
3506
2163
3506
3780
2261
2181
2491
1742
2857
1736
1736
2595
1733
1733
2845
2261
1528
3755
443
2691
2820
2825
3575
1502
1574
216
2845
2858
2189
443
2068
1999
2917
1599
2058
1182
2261
1182
1179
1183
3441
3256
3570
3934
3037
1429
3160
3032
2725
1424
3449
1437
3293
3038
3265
3201
3533
1437
230
229
3005
2261
2131
779
825
2322
2850
2645
3056
2009
2015
2038
939
3925
2060
2063
2166
2078
3876
2183
2185
2369
3925
1810
3925
419
2972
3658
3055
439
3054
439
1810
795
2397
741
2298
1462
1295
1571
3075
3879
3336
1422
1817
484
3074
3090
3090
2770
403
2631
3879
163
313
26
3017
2965
2553
3521
135
2641
288
3559
26
48
410
155
3925
484
484
155
2530
1953
1683
1681
3409
1303
3409
1838
3622
1801
2845
1798
3885
3968
1800
2628
1798
2633
574
2166
200
476
3788
3788
3791
399
141
3041
3035
1383
467
3789
262
140
3747
484
2278
2247
48
287
888
3179
3840
26
3179
142
2832
379
1728
398
2064
2820
2806
2314
2309
2806
2668
2056
2056
3318
3225
1379
2761
3314
2314
4018
4049
2314
3317
1594
4024
2073
668
658
1570
723
1189
717
1189
3637
3797
4004
3783
2806
3919
4022
3777
2806
537
1436
1434
537
2796
21
3633
703
3636
3089
179
2081
2077
2534
8
2796
2855
2813
3051
2552
1303
3051
2790
784
3390
771
3042
668
2926
1947
3958
3578
19
4047
1652
4036
3906
1307
1065
3421
3088
3423
3928
1003
2181
510
2796
458
2182
511
1507
2184
1003
3088
623
2737
1000
713
1000
2241
621
2270
1324
2796
1208
1176
3484
4085
1238
4085
1343
988
9
3088
166
679
164
950
445
2340
416
2346
9
441
8
3484
405
1218
3484
1380
2288
1730
3484
2277
1890
488
1099
2301
1606
1149
1237
1553
1757
420
35
1238
645
642
225
79
817
642
45
642
20
3689
186
559
166
47
3555
556
557
308
1130
559
840
103
2963
2384
152
2398
99
2390
158
635
138
99
638
2502
177
2502
2502
2669
3935
3935
3935
3916
226
835
3935
1063
2286
678
2286
3309
1943
1036
1976
3627
4019
4019
3630
4001
3095
4001
3547
3547
824
4000
4015
814
1964
149
1133
93
346
2502
345
257
1473
294
1116
2773
1437
2769
1420
605
1472
2096
1976
2347
2349
1994
1994
132
1658
1087
1538
1402
255
2821
483
1523
2753
3477
2666
3606
2767
3477
2351
2678
3144
1531
1190
255
1428
679
3127
1224
3045
1190
2264
1225
3061
1275
239
2881
270
1967
2037
1768
1763
206
1996
266
1982
2264
2597
1945
3364
1761
2264
271
1989
300
2264
938
2386
1189
956
2394
2373
3521
1768
677
1665
1063
2300
3889
3851
1115
2268
4043
3177
3167
2059
2268
2373
2887
385
3904
657
557
2372
658
3763
2663
290
2283
891
4
824
3190
2691
1
290
858
1691
1890
1710
1111
1949
290
3687
761
1990
2918
2420
0
2300
1434
278
2420
2587
3683
3609
1761
1349
1633
1670
1344
945
1640
1389
1685
3455
3124
3455
3125
3124
3125
2221
3312
3139
1561
1120
1641
1032
1136
3608
3615
2587
1316
2059
2656
2111
3351
2657
483
2816
2823
2670
1698
1701
1475
1700
1949
3310
2357
3611
1475
2809
3433
3432
3419
1116
3917
2372
1346
568
3416
3610
2658
3550
3680
3705
2658
3707
3941
3032
1188
2649
1188
1190
3376
1191
444
2658
1706
2658
3033
989
1375
1368
2372
1888
2141
733
550
2372
621
1224
621
1220
2090
33
3028
2998
2226
3016
3008
2054
547
2069
1346
2203
2278
2419
3002
60
3798
2525
1677
2510
2337
3794
330
2526
1280
2503
2512
1523
1282
1534
3988
3818
2874
1220
3794
1224
3681
3687
350
733
3377
713
732
1657
718
3424
2879
3424
2647
3190
3151
3181
2345
2641
1195
2580
2372
2582
2357
1255
3197
1254
2045
3150
2406
1832
1864
1349
1860
320
1864
1032
1864
1389
1681
2915
3381
3379
1864
2688
3110
3425
1681
2745
3017
2841
2688
2688
3701
1934
1709
4064
4034
3176
3701
2688
2097
2281
2964
2121
2317
2975
2964
3511
3463
429
3700
2366
2362
3515
3246
3089
3196
3204
2964
3107
2846
2871
3100
2846
2569
1968
2626
2359
1945
2571
1560
1560
151
3151
1755
2519
3658
2230
406
406
405
404
1016
428
429
360
3671
3671
3671
428
393
2286
2217
2220
2974
1937
2858
2622
2825
1245
2618
1245
3909
3247
3126
4036
3267
1493
2618
1862
1495
2519
1388
3150
360
164
818
3150
2259
1388
3150
1391
3571
2263
2240
3351
1493
3348
2264
873
3350
3348
1729
3351
3995
2567
1651
2263
1395
2517
78
431
1277
2750
1229
72
1121
1770
717
2053
1766
1121
1096
3422
1213
448
2481
2519
2321
2237
3428
3250
2925
3261
2919
3279
1524
1524
3968
1476
448
1395
786
3978
813
1478
847
1285
1100
1309
1476
1395
2940
2450
1352
569
3428
1395
2451
3155
2459
2913
1158
2362
2720
3307
231
640
3155
532
3380
3466
1200
1207
3458
3125
232
3301
3080
891
895
3429
3429
1424
1912
1961
1312
1918
532
2519
1990
2034
1233
1764
576
576
3965
4067
1950
1950
1950
3080
1235
2484
2074
1806
245
2074
14
1862
1858
2074
3781
3206
3604
3031
3013
1802
3013
2451
14
1888
3879
704
603
3615
3663
603
576
1334
3663
2432
3860
3864
891
1334
2336
3707
68
248
894
78
2141
2114
1335
2142
2884
2257
2269
1498
603
603
3610
2956
2556
935
2446
2478
1498
1287
2074
545
1793
3081
1311
1561
1180
1499
3850
934
4061
942
1588
935
3280
2639
2637
2637
3083
533
2462
2462
2638
3679
2462
533
1871
3655
2636
1898
1894
634
3083
544
3080
2638
2639
2408
1552
3241
1247
3103
2551
3401
1455
1399
2337
547
1604
3029
3367
3363
3374
3381
3240
3418
3433
3509
3943
3618
3823
3781
3158
2964
2280
533
1600
2029
3473
1600
3240
1600
2900
3241
3136
2900
849
2900
992
497
2978
684
3474
533
2651
3502
3473
591
746
590
134
325
590
591
1032
1050
1045
497
1809
1988
2005
1517
2004
1267
498
4086
2253
2249
3077
1997
124
1940
3086
170
2251
2669
2805
1748
1469
498
2755
1349
2635
2985
3002
1267
1600
3087
1267
1221
1219
1604
3354
3349
3348
3763
1604
3763
3783
2743
3490
3595
3490
3783
3495
3532
1267
3595
2787
2017
2305
2919
3494
1513
3751
2640
2017
2919
1900
1351
1481
2508
2505
2950
2496
1899
3117
264
3117
3771
2517
1905
2426
2168
3771
238
1834
746
3084
2748
3976
3086
3977
746
4084
1744
1805
1862
2267
1886
2267
434
2338
1351
2300
1907
3177
3084
3419
2984
2748
1968
3419
2312
2749
2748
3935
3177
2258
3595
3595
1768
1873
3194
3592
3194
3194
3172
3592
3764
3586
2970
1893
1718
2137
2343
825
827
216
1960
2367
2337
2258
2005
3804
3738
851
3807
994
2102
3741
2092
3183
782
998
769
1718
3562
3400
839
1901
851
556
3752
3801
560
3762
3754
557
3171
554
2979
3946
3327
3963
631
3851
3151
3245
4061
3867
991
850
773
924
842
998
434
2687
872
877
879
4058
2476
3043
2493
1893
2164
2465
3841
2489
3873
2479
2851
3042
995
1898
12
3609
241
599
3149
3064
1470
1893
2787
3079
3634
3102
3091
3776
3076
1172
408
1893
2572
3083
3847
58
3064
47
80
1023
947
2513
2496
2511
241
2531
201
3719
2200
1807
2851
1881
2200
385
473
1835
2687
36
1818
1181
3909
3491
3499
2352
2201
916
2973
915
2947
2335
2322
2963
1665
3281
3265
2323
2653
3530
2201
18
3536
3949
18
1433
2135
1552
392
2123
3949
553
552
2300
2287
1172
285
1674
486
279
2047
483
1674
1935
1992
1671
1667
3927
3008
3041
1993
3288
2288
1681
1665
3244
1712
2291
2935
772
515
3203
3218
2271
2049
2943
3211
3927
716
776
2851
319
2093
2763
3060
3674
3211
2787
1142
1054
1443
3625
3939
3650
3945
3627
2764
1443
782
3292
804
2284
2284
3294
4016
2702
653
785
470
653
3593
1519
454
3567
3061
3250
3858
1172
3303
2695
3567
2880
3567
2626
2631
454
2733
3651
3586
973
968
18
3859
1295
1320
3859
3858
3769
2887
975
758
759
635
2681
609
3414
1312
220
1372
1087
3060
18
1063
222
2438
2659
3193
4035
1075
1958
4053
3293
86
3423
92
1463
3048
1885
3446
3443
475
1665
2215
2215
472
3706
3701
770
1517
3709
1845
1509
1697
3624
7
1345
1399
3625
7
670
7
7
2661
1345
666
2780
922
1042
1346
902
1206
2209
1984
2987
227
2661
2987
885
887
2987
1577
1577
2659
152
866
2022
425
2622
870
1402
1984
1252
1038
2022
1881
1567
1633
2619
1193
2378
2381
3696
945
2611
3312
2023
769
2391
815
4025
2381
1193
2376
1195
1193
1998
750
744
748
1080
1221
745
1998
1906
2592
2030
1904
2207
2207
2207
2382
2203
2023
2987
2022
2022
2023
2022
724
724
2406
3839
1910
724
1933
2399
3705
3567
3299
1058
724
1085
1067
937
2399
3029
2738
2736
3914
350
3157
1881
2671
1462
1150
2671
1709
3157
2057
2749
2971
1015
1569
3485
2671
2671
1583
2622
2402
1047
1560
3580
3580
2586
1281
2748
1376
2619
2620
2847
2845
2608
488
1337
1372
494
881
1330
1308
3484
1500
1379
1967
1953
485
1955
125
3438
1931
2821
3918
2850
205
2429
206
3253
488
2336
3917
3698
3698
3698
3699
522
2586
45
1723
2253
2591
1146
1085
2757
2583
2753
2044
3189
3133
4038
3185
2013
3165
548
183
3220
3207
2753
330
400
1529
851
535
534
756
2035
567
2734
2486
812
2604
3357
2693
2718
3373
812
2814
3781
2690
2738
3786
3782
1410
2785
996
3747
982
783
995
845
2738
1410
3728
1791
769
2358
2967
770
805
2967
791
805
790
1023
2056
2056
826
1023
297
1023
1785
1881
1879
1077
47
1835
1633
1077
1145
4067
1723
3215
893
2786
3579
1106
3216
3473
1106
1106
2738
314
2644
811
2644
1125
45
317
1087
347
346
1809
480
1685
1106
2738
2232
524
2747
1807
2993
987
2232
1795
524
1204
1329
1427
2236
670
3630
1809
3941
1812
3129
2588
3315
2823
1204
2589
2885
2589
3592
1974
4009
1085
3968
3591
1609
618
2775
734
171
171
2236
1608
3426
1463
90
81
1459
3362
1089
1377
2979
2775
2199
2060
2057
3048
621
2770
526
521
726
1725
1731
1948
3034
1725
3034
1395
1434
3031
2073
3436
1382
1671
2050
113
119
3523
3755
3523
644
2481
3751
2480
122
2796
3624
2722
2176
2330
2681
1180
2262
2929
3098
2614
2769
524
1843
1827
1204
3663
3572
2993
1406
1905
1951
3572
1577
2176
1482
2776
2176
4093
2780
2176
4093
127
2212
2140
2240
2213
2213
127
4057
4082
1400
4051
2993
4075
3914
3132
3160
1345
28
2993
2662
3574
3574
2342
1407
2292
3192
2176
3498
182
176
179
3548
3513
3474
3391
3213
3447
3354
1986
1204
2920
2890
396
396
2602
360
3750
3134
3766
3763
3693
2491
1025
1024
1026
1026
432
1026
240
142
2724
432
748
675
1025
41
2724
1020
956
1027
969
2399
975
3303
2339
432
3533
2483
3527
3817
432
2380
2226
212
1799
1202
3816
2792
792
2368
1795
3141
400
1202
338
646
1202
243
886
1112
414
1175
1198
3371
1312
1305
1770
2977
2982
2043
1202
1432
1301
2982
1209
524
2364
1632
2165
281
2170
1014
3536
3044
3536
626
1416
1744
1029
1074
1981
628
628
2359
2356
3826
3825
3828
376
3829
2970
2506
2033
3459
2538
2163
2537
2044
2533
3675
3459
1033
1033
1496
2564
1410
1033
1033
3999
1875
3265
377
3996
3545
1911
2343
2565
2565
2564
2940
1009
1104
2940
2343
342
794
961
1083
2361
249
2136
1668
622
2026
45
666
733
2564
1008
1175
3380
2822
3551
961
376
2312
961
1901
377
2896
1994
2026
2418
376
2027
2026
2418
1325
1457
149
595
173
2318
377
2118
2928
1011
2896
701
3548
533
1325
2087
541
1325
3480
2977
1821
1814
3543
3328
1132
221
1325
1121
1891
2899
1250
2571
359
1334
2846
1334
1328
357
539
1501
3062
3536
2668
2367
2975
1328
1901
752
570
751
2045
2124
1102
1588
3536
2034
1583
950
1043
2368
3539
1043
2861
463
2623
2116
3305
1043
2557
1043
3539
2542
2129
2759
123
3313
4009
4016
3995
253
1901
4009
3267
4020
4017
3997
4009
1457
2435
2173
2555
3194
773
56
2398
52
85
72
2555
2383
1728
4009
1693
2383
1722
3194
2040
1522
3164
3785
1722
3164
1282
1616
3889
3382
1616
3557
3418
1501
3417
1616
1541
3559
3608
1119
237
613
2195
1500
2331
1541
2331
2330
2330
1616
2334
3610
613
619
951
1500
3707
777
958
2831
716
983
1529
3997
655
1015
960
676
644
1806
83
2831
1838
2787
951
82
2831
736
736
3278
365
2046
2831
443
445
1953
3997
330
249
1969
1610
3999
3278
1947
4074
3995
544
3985
3134
3928
130
1615
1373
58
448
54
263
2178
128
968
383
116
1615
1208
499
1837
3995
3995
1991
2073
236
2073
3278
3273
435
1216
2018
1335
357
2941
951
2943
2932
2030
598
2941
2943
2228
435
1718
1632
435
2050
1970
435
1548
284
1548
1218
1239
2562
1239
1219
1218
2495
2168
1769
1773
883
1770
1543
3600
1757
3600
3600
1746
3464
1029
358
1097
3468
929
2914
3705
929
3682
3709
811
2568
2669
1844
1683
213
534
580
534
2537
203
195
696
2178
2178
2178
631
1775
1367
696
1720
941
2623
3603
2126
2701
2769
973
3048
2114
3618
3800
3600
2183
1673
3603
3824
2701
2701
845
2244
2701
2737
2234
1649
287
3291
1960
1760
1664
2905
1
3204
3211
2714
3555
3228
2697
3541
3603
3288
2699
3651
3666
3738
3449
3049
2875
3249
459
3273
1422
1221
3278
1735
3603
1743
2916
2603
1222
2025
2114
151
2864
1222
3063
677
1022
1018
3754
3063
3533
771
2164
3002
2985
734
773
3298
2970
742
774
3299
1433
741
1685
741
1531
1651
3810
1651
3796
1686
3690
2334
2138
2552
2552
1397
1986
1986
1396
3711
145
306
3711
266
2010
1872
1710
3310
1987
3684
697
276
2290
3206
3666
3004
3004
3314
140
3666
249
3281
3273
3316
233
237
2215
2020
1500
233
3253
2211
276
2114
2336
566
556
573
243
3321
232
3872
508
491
141
3872
1372
1371
2698
286
2830
1385
573
1390
3845
2211
2011
2255
2258
2165
146
2115
2861
972
2240
565
530
3845
2911
156
709
4045
3872
3872
261
1442
115
4
120
669
150
3098
3703
1327
3980
1297
838
2782
3161
2046
3208
530
1971
3461
3228
3210
637
3939
3428
1987
2004
1961
469
3664
2706
1340
1340
812
1325
3948
3865
940
1442
940
941
1325
1170
4068
3255
3972
1171
2713
3909
1763
3591
3591
82
2708
3867
2705
1666
3589
3632
3910
3910
2938
756
1326
80
3546
3547
1442
791
2518
2969
2074
2627
526
2822
823
280
4031
2279
3867
3373
1325
3393
3423
3423
3396
3414
4013
3893
3054
3058
4017
242
3867
3412
3451
3451
3448
3443
3445
1360
1287
200
1388
3966
242
1968
501
398
2510
3436
2518
2510
3831
2760
1452
2504
2743
3819
528
3606
1218
383
2510
1219
3665
1202
1197
3838
1553
978
1014
982
2518
3777
646
3058
886
2347
3504
326
205
1270
3781
1399
1452
3021
1253
1091
1534
1379
1560
2064
1616
4079
3506
1090
1005
3960
1609
2873
3260
3815
3012
3829
3839
197
795
380
2001
2013
1985
380
2872
2375
760
1068
3833
3632
928
931
197
2068
634
3031
2301
3673
617
892
1704
3652
1499
1239
928
1304
1704
928
957
892
2200
2879
3592
3618
3276
3545
3549
3652
3234
3266
2347
3649
2031
3021
1020
856
2284
1921
2040
2285
3566
2285
3397
1451
2284
3050
3033
2031
333
333
1336
901
220
222
1049
1545
1537
1593
1338
1316
222
67
220
1526
2620
901
2873
2676
2242
2678
773
651
3412
3396
1459
3785
855
957
885
957
1579
1268
2515
1931
1953
488
192
2026
1719
2515
1580
1705
761
1925
1944
1580
2328
2430
2494
2501
2546
1875
4008
3974
2533
1866
3969
1500
1261
1253
4021
853
343
2547
761
3827
228
854
3815
3814
282
2500
671
812
854
809
2006
2741
3617
4041
2776
3775
4033
2366
2776
2547
2768
2769
1717
2766
2837
2533
2615
2469
2844
2517
1567
3621
1651
3554
1721
3028
1554
1694
2774
1542
3407
4032
3440
2613
3621
3445
1205
2234
2406
3262
3923
1678
3081
1138
1100
1055
3449
1706
3452
1923
3563
1954
2449
2449
389
2371
220
2369
388
324
225
2577
1675
40
2650
2762
2010
2009
1674
2013
2012
3951
324
324
3939
3945
3945
1478
1456
3946
3964
1418
1417
2901
3559
2647
1419
3127
3124
3127
2375
2153
325
1975
3559
1882
1339
644
2750
461
1885
3097
1456
3590
2641
1099
3721
1098
3993
3699
3857
2033
3006
827
1476
1009
566
2739
3355
2108
1776
2366
2700
3359
2751
1679
1813
1786
1764
328
2353
3923
644
3417
1015
3707
2353
1309
2460
2543
2543
3097
3772
3587
1068
3760
1203
2543
3768
1214
3999
1215
3985
2301
2733
2691
394
2754
2506
2277
2366
1869
2788
4029
4029
3344
2760
701
701
825
2460
668
2193
2788
2998
2994
2368
3864
1795
1378
3237
3291
2641
2368
2191
372
2275
2755
2333
2270
2509
1818
2760
2736
2509
2511
2461
2460
913
3318
833
193
193
372
1323
3320
1552
1933
1216
803
1005
3309
3878
67
3093
3775
1695
834
2050
2051
1917
3186
3992
3513
1917
1705
3553
3190
765
1705
3201
324
1552
2565
3336
569
1830
2897
2895
1679
832
3697
3613
3706
3434
3429
3694
3687
252
2781
837
220
142
2277
534
47
3308
80
904
3861
2685
113
710
778
2947
941
47
3724
2484
1088
2442
1112
3724
3861
2485
2484
3308
1504
1830
1114
528
1818
2568
2829
3954
3291
771
3184
3109
348
3487
171
491
42
58
417
2143
3371
171
86
3915
710
3371
3370
3915
4034
1829
2686
2414
2399
1925
539
1925
1703
1978
1781
2850
3328
3665
2827
2875
900
1114
533
532
1829
1968
3779
3715
2471
561
291
2488
2983
2480
2489
2439
3772
3664
1061
3884
3460
1031
3401
1389
1925
589
1927
587
1297
1299
575
590
656
585
3368
75
3391
3425
1725
3526
3548
2246
4012
1174
3415
3394
3205
3205
1918
3717
3437
3460
2936
2288
3464
3331
3465
2861
3457
267
303
2452
3670
2673
3679
3231
2452
3227
3290
3227
2452
3276
856
3279
2464
309
3565
2489
97
1979
2452
758
3382
1822
1175
1182
1182
2358
3577
3005
2275
1605
3333
3929
1977
1859
1751
2354
3805
1716
477
199
567
630
636
159
3575
3557
2041
3865
358
2109
1695
534
519
104
1624
82
99
1651
1546
3823
2244
2443
3929
3664
4004
3505
2132
2163
3806
3382
2574
577
577
1631
3672
1115
2606
2503
2166
3869
3869
2903
1610
3823
1747
1757
3929
2903
3863
3382
768
1112
1211
768
3738
3729
1208
4091
3382
3085
2501
3254
2470
1197
1197
3254
1911
2017
2016
1631
1867
1631
1912
1933
2961
1761
3929
462
1740
3255
2960
2963
3021
463
3019
810
1461
2960
3145
3151
3191
792
3470
3360
133
3136
1457
176
3742
3716
3747
3859
3802
932
3745
3136
3717
3879
3136
3800
2885
932
97
3897
292
71
96
874
353
793
1440
1151
715
778
2501
1498
3836
1009
692
1498
1496
1151
783
646
72
2501
90
1726
352
1118
754
961
292
509
2501
312
326
1440
405
365
1049
1048
1163
3848
4049
878
3774
4093
3843
2269
878
24
115
841
1854
1875
1876
361
2760
362
803
1150
1150
2587
1266
3926
1171
1229
3921
154
1239
601
3786
2144
1790
1017
3963
602
801
649
2960
3518
3508
3784
2952
3500
597
654
756
2353
757
2928
2752
2715
2718
2763
2355
3936
597
2051
2701
1018
2701
972
970
1373
649
1827
626
2165
893
1765
82
1373
104
1018
2084
1873
2691
2691
1889
3811
930
2936
2702
1372
3792
3571
1042
1122
2830
1374
2863
2700
1635
1543
932
3693
2613
2859
2081
2088
3060
3061
3690
803
3754
2538
3690
2549
3131
3694
455
3695
3932
1628
1972
2692
1605
2617
1969
1610
2643
3837
3987
362
3708
3466
3996
2229
3237
1373
2936
586
825
2129
222
586
1953
374
2167
362
2321
287
586
586
2000
2215
362
2099
2131
362
1170
2984
1170
2981
636
3233
3420
1789
2152
2116
2989
2988
1788
703
3153
3759
3208
3203
2828
3095
3535
3566
2340
919
3813
919
2996
3829
701
744
1011
955
971
754
801
2360
3637
3739
3366
792
1414
843
2646
2749
3366
1415
2623
2614
3366
2782
1011
849
3366
522
75
3050
745
40
2907
2907
557
35
392
1571
1103
2647
1465
570
3619
2537
3831
546
539
35
3803
538
847
847
836
3564
1446
3579
704
3233
3411
553
1969
424
390
706
863
706
2470
704
2470
868
981
1015
2548
2647
2470
2548
2521
2549
2498
818
267
2101
236
5
2047
0
14
310
182
293
321
3050
1
1
3102
3107
3121
2046
2368
2706
2709
2989
2958
3050
1875
2953
3050
2039
3866
2427
1023
315
4076
28
15
1322
30
3341
1383
2822
3192
13
3705
563
2023
3704
3767
3467
2046
289
3704
333
2167
2820
3705
2977
3051
3193
2220
3193
3585
2301
998
2989
2253
2273
2846
1132
584
275
3589
2163
4033
3919
275
261
3589
179
1
2283
2272
2444
317
3602
2814
2545
100
1041
1060
3971
1916
3030
3030
3030
1423
3716
2535
2021
3341
3970
1918
3970
1999
1041
382
1985
4001
256
3868
88
79
3864
2162
3675
3970
98
77
2879
4008
3289
3869
3294
3864
3868
3835
1041
3868
3864
3836
3636
974
3430
3970
1041
2064
604
1196
759
962
2845
634
3561
963
1196
2677
1196
105
411
213
214
3296
3483
1918
3079
1916
1690
1196
3600
3469
2126
3471
1847
246
3224
3377
3218
323
246
454
173
3377
2933
486
2143
464
3472
922
719
1581
2678
2589
1581
1597
2741
334
2613
2143
3842
1019
614
1019
47
47
1494
246
246
1197
3914
3914
3753
1775
2391
1018
1775
1533
1438
207
589
2791
192
4023
1952
2116
1436
1253
1253
2791
745
1159
1314
1757
743
743
1709
1995
808
1995
743
2045
281
1423
743
3605
1421
3400
2329
735
2331
25
2313
2326
1153
3262
2324
1112
1990
1163
1064
1582
2390
652
735
24
2985
1075
1299
24
730
1077
3740
1355
1354
1355
1085
655
2603
3994
730
25
2658
2586
2801
655
3994
1392
1988
2587
3541
3289
2954
2955
3287
2954
3741
2836
2842
3740
214
221
3097
1940
1946
3362
1710
888
3368
3581
889
3371
3712
3202
849
718
3369
1554
3562
3255
860
1625
1114
3287
1494
1933
1430
3580
1922
2606
2662
693
722
589
530
2657
2819
2949
2029
3541
2453
2453
3418
1388
1923
1921
1461
3000
1921
2873
3569
1979
719
1682
1891
183
691
1932
3541
708
2478
1928
3541
2375
2393
708
2379
1940
882
1941
233
870
2534
2523
3351
2548
3843
3573
1255
2991
130
130
3573
1382
3286
1396
2438
3625
3780
3921
3915
3286
3944
3568
1995
495
818
313
837
853
3629
3625
1922
3764
1001
855
3627
2459
771
602
3402
3402
766
355
2049
115
3628
234
121
2044
3334
111
3628
1144
1076
1080
250
1871
1144
1894
3689
2048
2494
3286
2492
1946
245
257
250
3995
1946
1773
3286
1907
3147
1285
1907
63
1640
2630
3743
3746
3746
1802
2629
999
3302
2759
1194
438
1947
1947
2751
1604
3917
3894
168
344
344
1132
344
1081
1176
1954
2832
2589
344
2580
3144
2725
3959
3743
3973
2751
2634
2413
1471
3969
1409
1464
3959
3974
1176
3147
1176
3875
3973
1176
1660
3809
2624
2886
2883
1623
1634
4076
1285
1474
4072
3959
1634
3959
712
2207
622
2500
2500
627
622
3757
3422
1280
179
3678
2478
3003
2479
3012
2973
3015
2946
3674
546
3678
551
2475
2276
3678
1585
3014
1100
3015
1667
401
1686
3395
1502
185
1933
1437
3736
3731
3893
186
2739
3678
4090
1951
4089
2177
688
3395
3392
978
573
573
2693
2176
2179
1676
1585
3532
4036
3821
3919
689
303
1796
706
1578
3714
177
826
172
1831
1852
2020
1287
2018
1374
173
1736
1491
2745
1796
2689
154
171
2791
2302
3346
3304
303
1606
3346
936
907
1002
146
3722
247
26
1216
303
3240
548
2421
3906
3152
3123
300
1837
303
2338
2968
2239
2227
169
1580
2179
1826
2866
2981
1696
3931
3269
3138
3918
2316
1587
2272
1587
3918
2273
2273
3692
3710
3698
2535
2273
2273
1316
3059
1450
3058
73
1699
251
346
277
78
2535
910
4036
928
366
3558
994
1000
837
1005
2532
4076
2450
291
3582
3520
2481
2484
2264
3672
3082
3910
4013
4012
122
3497
3325
3321
3952
122
296
3954
3989
2388
300
426
487
420
3611
248
136
912
420
162
296
89
39
3155
3602
325
365
1341
2816
1724
913
279
1720
3425
1572
249
3930
279
3731
3455
958
1914
1625
993
727
3930
760
737
689
3455
2478
3454
2315
16
3454
2111
2304
2310
2083
16
2329
913
2324
3288
2440
86
296
3295
3672
89
744
2532
3274
3733
3733
3723
744
2286
1296
1289
1301
1065
749
91
2286
3756
89
2272
2899
686
3029
912
2160
2154
2272
2444
2142
2162
2142
2164
705
688
2429
1381
3516
1380
3489
2276
1381
3253
1381
2429
3398
1991
257
3390
3456
3383
3379
257
3399
2277
283
1629
2901
2381
2381
3422
3398
3981
2935
3258
2844
2531
2529
3551
3410
2207
2483
2475
1906
3397
3677
2548
2206
4052
2549
2086
610
2296
2704
2059
3658
2052
3662
414
2704
612
2707
616
3397
3723
3977
511
2045
4069
3785
1597
3827
2202
126
3927
2202
3397
3409
3366
3354
3581
3926
3011
3054
3978
3009
4069
2133
519
2174
1586
1599
1714
3798
3698
1719
3016
4080
2361
2902
2361
2899
3697
3715
926
3720
697
3726
3427
3798
402
1046
2541
4080
1072
1371
3361
1093
2114
2612
4092
1119
1094
3799
1141
1094
3676
2612
3512
2219
2208
2208
248
2208
1104
788
3676
983
2208
155
153
402
1648
3613
1559
2517
154
1291
3697
1293
61
1394
1323
46
1347
3399
3421
3415
3432
2111
3363
3562
3416
2222
1590
3717
2218
1903
4069
3881
1716
3844
643
1824
1619
755
402
402
2047
3471
1013
666
854
1619
154
1130
1095
105
1095
94
1909
788
94
740
491
3935
1939
442
364
1658
3492
1567
1572
1985
1103
3185
1102
2928
3924
3927
3175
3146
2525
3941
3563
3934
3912
2019
2525
54
44
1780
2916
1030
242
1878
1031
2019
2525
732
2704
1301
2037
1254
1299
343
213
1266
3439
2084
3427
579
2296
35
1488
4046
1780
1479
1487
1640
3954
1650
4046
1641
1824
1690
2907
2979
1487
3621
1825
2907
2770
2737
2722
2689
2789
2014
2015
1581
3026
1956
2916
3699
2186
2164
3701
1590
3704
895
465
2525
2179
305
2179
1581
1742
2186
624
2898
2
2275
1711
1644
276
2959
2905
3028
628
2171
3574
3614
3613
3574
2487
3584
2494
3496
1741
983
982
1825
1902
2765
2656
2801
2853
1665
2608
2038
1915
1667
1350
1760
2039
204
1672
1350
2001
2003
2000
1824
2363
1555
1510
2959
3013
2365
2757
2959
3549
2916
3548
3236
3249
3057
3419
3787
1920
3786
2518
2959
3251
3740
3221
3540
3739
1974
1978
1975
3422
3584
3824
1975
1979
3816
1335
3739
1330
1719
1923
1297
1297
2032
2113
1926
2138
3746
2218
1350
375
111
1297
2007
2142
2866
2449
2866
2618
282
2871
741
1409
2871
1688
3437
1249
1928
2251
143
1248
3818
3834
178
1220
1462
1316
1220
140
1990
1928
3542
1977
1996
1707
1710
1981
36
948
235
2171
2024
1367
2083
764
1346
1928
290
2139
1408
1408
74
340
1859
330
1373
331
1409
1877
1793
4040
1811
1751
1856
180
3057
2709
1350
2704
309
1928
3016
2317
180
2963
3983
3265
3281
3073
3079
3112
3101
580
583
173
583
3410
148
1455
184
3410
173
148
580
515
148
1850
1849
1282
1282
915
3001
4048
1850
2217
277
2217
720
860
4049
1183
52
3905
917
14
1183
355
2154
720
3226
917
720
2793
2764
2670
3497
720
2764
2477
3973
2490
4003
1811
3439
2469
2469
1181
3439
1059
3168
1058
1056
3497
4027
1057
3945
3168
3631
464
3168
2042
3606
3537
3450
3251
3631
3749
437
3168
3497
1302
3451
270
127
1296
1303
3587
3594
3450
2260
52
472
1910
511
560
2240
3475
3478
3497
3065
24
3527
1294
3062
2883
3217
3208
2094
2094
3042
3042
3608
1865
1152
1152
3830
1152
3781
3478
3231
472
1329
1341
1865
140
143
1533
2058
1337
1358
1491
3962
1439
2622
1812
1801
1817
2739
761
2753
2741
2741
799
794
2602
2261
1801
1211
747
1792
3789
3475
986
2640
443
1935
1305
446
3228
2058
444
2171
2876
2194
2922
3073
2820
2291
2211
1305
3632
1673
3632
3638
1664
3638
1217
1013
1217
3073
2639
444
3601
3918
2062
1443
2638
1197
620
570
570
884
1190
3753
1176
1202
3993
884
447
1247
1985
1985
1337
1630
2380
2377
992
2377
2633
923
207
2102
992
2100
1160
2285
2070
2285
1113
3026
13
2290
2291
443
445
1371
1369
9
364
2093
2094
996
1042
997
167
656
3479
3480
64
1124
775
445
3769
65
3971
443
3975
3267
467
1131
833
217
215
831
212
3769
1653
1964
3250
2025
1690
3405
3394
1771
1954
1641
765
2340
520
2236
3404
2224
2430
3543
1603
3523
2037
1942
3523
1103
1925
3003
1618
1291
2851
521
2601
1618
3523
2668
1649
517
3556
1618
3568
3566
3002
3400
1618
2906
358
1995
1646
1653
1662
1979
2906
2027
1611
2023
1771
1662
358
2930
1758
2027
1236
2751
2415
2751
1662
1858
2513
1858
2932
2904
2305
2306
2329
2929
55
2227
2073
3969
2931
520
3062
2341
3062
796
2341
3192
486
342
341
2750
606
333
521
600
3062
523
3553
3534
3533
3048
527
1131
527
2735
2735
2561
3169
3703
3046
3700
2734
3697
279
3838
2395
3690
4008
160
113
3690
816
2341
3229
828
3225
2341
3699
1460
3224
1461
2930
3171
2687
2889
2930
2629
42
379
2930
2001
43
2970
262
316
43
1581
32
1925
2002
2970
1114
2930
2889
2342
3474
2000
3121
2250
1639
3418
3121
1309
3121
504
1302
2186
681
1720
1404
2855
3121
1460
362
2032
350
4088
2835
504
2387
4088
4088
2027
2787
1101
1723
3762
2774
1133
1538
1101
2342
1474
1462
4088
1411
1424
1754
4089
2385
896
54
902
2171
2835
3431
3171
3332
2020
3576
22
3212
2827
22
3576
3601
3612
6
2480
3690
3609
269
2078
2385
2480
552
2482
608
1108
3721
1109
342
1343
3933
4065
3191
705
2482
0
3892
2283
1950
1950
1763
1672
3892
3893
2283
1553
1602
1946
1939
1893
1477
3889
3888
2850
2576
3892
4074
1300
3989
2754
2283
4087
4017
2925
4032
699
2832
650
2827
2815
2850
4056
2715
2744
3365
4074
3393
2692
2983
3402
2978
4057
3113
2740
839
838
2206
1836
3365
2856
2918
2858
3365
1837
1887
1779
1786
1790
835
3365
356
3158
333
2798
2728
1435
1608
334
3113
1878
539
1871
1807
1094
325
1244
1226
325
1759
3789
538
2393
3952
539
1688
3180
568
1924
1924
1949
1983
517
543
1747
373
374
2834
3113
373
374
3506
1745
3561
3430
3554
3579
374
1980
3938
2891
1479
1993
2312
3939
1484
493
2626
3756
1484
3113
456
123
456
3112
3866
3865
453
3113
138
946
945
3865
905
3606
3607
2765
649
3720
139
3645
1064
3725
661
2968
651
139
1254
2482
3866
2485
2392
3601
136
2106
388
3138
3630
684
1902
570
2106
3866
2702
3991
2702
3112
3680
2392
3762
321
3691
2392
1911
376
2392
132
1563
53
804
269
684
488
1421
575
1561
562
527
1635
1800
52
2868
2839
21
21
3699
1635
2515
2532
2660
2069
2698
811
2532
1413
2532
706
1789
2660
3473
1550
2661
1651
2648
2648
3699
2648
2648
2719
2294
621
2551
2500
2526
3865
687
2292
2293
2719
4
821
2765
713
3986
2809
777
838
844
2809
829
3782
1310
3837
3603
363
296
710
427
1609
1608
1303
924
297
925
905
2719
883
3094
3686
3687
3687
3687
1269
666
3094
733
4
3847
954
642
1761
102
96
889
1761
2482
404
1614
3201
1513
3303
1521
1243
577
3252
2640
577
2719
1746
2499
1871
1902
1513
3702
3481
3391
2900
1479
1614
1487
3860
3667
4006
2900
3667
2107
3702
2720
2499
405
2720
1849
2720
2362
2362
2740
689
688
489
3881
1750
3826
2499
3672
2170
3649
2498
2567
68
3181
440
2169
2969
3154
3860
3152
3874
2187
66
875
78
3876
2146
578
1686
2624
3349
1748
32
1773
2625
1666
2826
3152
3155
1535
491
1990
2913
32
1535
3277
1148
3373
2523
3974
2492
3105
2448
3298
33
2
1787
126
2721
2543
223
222
2543
2541
3578
2560
240
2541
2107
213
3723
100
1949
124
3671
88
1670
1674
1565
3820
2681
1746
3677
477
1506
88
3196
3421
1198
564
3405
3794
3197
3785
3746
22
22
419
418
2562
3003
1274
2080
474
3877
4091
1275
564
4054
2080
3723
1106
4023
564
3199
1552
2170
1587
3790
3105
1969
679
645
2093
531
3508
3518
3105
3509
67
1004
2093
2115
2262
744
91
767
741
474
474
741
2171
167
162
490
1970
394
1390
1178
1123
91
1120
1283
3953
3859
1283
3105
3820
3806
224
142
224
225
1823
145
2983
341
182
2802
1599
3783
1849
1851
2983
1851
1851
1395
3435
1439
1321
1321
1361
91
1822
1097
3279
475
1822
476
1185
2423
3820
2860
1178
3463
2171
2714
1632
2106
477
1643
1636
2531
2451
2451
3421
3465
3441
3277
1985
2040
2534
91
2173
1207
1614
2761
2437
1206
2442
1613
2304
3892
2304
3871
98
988
1691
3464
1743
1788
3178
1743
1678
3847
1025
2761
1071
415
2761
1074
3068
415
2761
1188
2232
2870
2317
3040
2157
2317
2948
765
3413
415
3412
3397
2703
3023
415
3412
3413
2750
1611
3761
2779
1823
2632
3673
2743
2780
3166
2352
2312
1611
2347
2172
831
824
217
2278
2307
298
3991
3470
2059
3991
532
3007
532
535
2953
545
1106
3820
3434
3226
37
1036
3206
2841
1164
1037
567
567
1164
512
2737
535
1037
3758
535
3706
1698
1156
1158
102
1006
1006
534
1007
256
2595
1007
104
512
70
3177
746
3762
975
2155
975
975
2441
2443
2783
2446
2773
2459
2456
750
736
736
2297
1480
1480
1129
1181
513
1181
2346
975
513
2702
2140
4093
1728
1079
11
4070
316
3883
3118
168
3907
2241
753
496
1728
2648
3907
2467
3149
2085
3140
3162
86
3120
203
1995
1728
3159
4063
1722
1941
1024
2544
456
2244
1728
2689
42
81
2546
2744
1831
2942
238
2845
3136
458
2151
2953
421
3855
3269
3089
456
421
3084
3277
1329
1439
1425
37
2826
1318
2957
3162
2852
404
407
307
313
381
1109
3055
33
3038
60
3033
1252
60
1386
1438
3470
1254
1109
1271
555
2051
2288
2839
4024
2821
2847
4045
1434
4040
356
406
1545
442
148
665
234
3494
1327
1109
1322
3359
1314
2952
2953
2343
458
1109
3470
2342
1944
2347
2924
3507
2517
3733
1353
1368
200
3782
1330
210
4023
2932
1331
2933
3507
398
1330
778
778
2614
3733
4083
3154
960
2053
3743
3987
3631
4059
3784
3782
230
2840
230
3730
854
2798
3026
1992
1993
3069
3634
2062
1661
692
1562
2061
703
3808
703
2595
1708
1708
1708
1934
3827
1708
2061
1478
3154
2062
3559
3829
3216
2624
3224
3386
3154
312
3293
3103
3284
3851
261
664
272
3386
3302
1996
1038
2105
1424
2531
217
3870
671
1424
671
1292
1521
1533
3142
663
3436
1048
3176
3432
2120
3386
106
2862
2856
77
1921
3106
3081
971
3108
3108
999
1006
77
935
77
225
493
2354
2888
3207
3982
2889
2889
2153
2422
2123
2123
2200
1543
945
1055
1366
3077
6
1654
764
2021
1734
525
1097
531
876
1690
3077
1300
1300
1300
3983
1118
299
1300
1006
1006
1449
2413
2422
1693
2187
1046
878
1096
2413
2399
878
835
1449
891
2378
2379
3734
4030
3675
3605
3702
872
3673
1623
1465
739
1626
1468
299
1053
3639
1845
3154
3301
1845
793
1636
1539
1538
1638
3895
2982
819
4039
216
818
15
65
3
2454
3
3727
3569
1062
1081
1359
3569
2416
1355
2375
2417
2148
1102
3579
1084
2601
1292
1361
3059
3726
3242
3273
3853
2323
2566
2762
183
3422
3212
3401
3724
3712
3394
3502
183
3259
3649
2828
3649
1983
648
3007
2035
4033
3285
2248
2040
1930
2019
648
3804
2377
3953
2390
3161
1825
3579
1657
2525
2547
180
2570
2743
2511
416
1678
2921
2921
2821
1671
1675
416
3542
3856
3242
2265
3135
3321
3206
3096
64
404
1698
351
2570
1825
348
1782
1735
1760
420
223
1739
217
212
217
1559
2667
3770
1825
3359
1369
3763
423
3328
1825
3335
702
1340
780
587
578
1785
579
65
702
2287
1398
2288
4080
2913
2474
2474
2474
2754
2261
2755
263
2955
2755
3527
3525
1515
3949
751
3904
2654
3576
3582
2654
3285
1237
1645
1237
1710
516
3299
3837
2654
3420
3607
1324
1184
1205
3607
1910
1917
1917
3285
1254
707
1357
3036
667
1137
3336
924
1126
287
2516
1137
2700
1080
1137
2737
1137
927
667
184
707
163
1297
1282
181
312
3340
3340
926
678
424
3538
1853
1848
3962
424
2513
1821
1843
2896
1703
1961
272
4058
3538
3543
1637
3640
275
3642
3617
1426
3605
3601
2591
2113
2588
3791
1629
3597
3543
3757
2641
3162
757
721
2581
718
2582
2679
2677
1841
2674
4014
2674
84
1628
751
1491
2095
2095
1635
1620
751
1637
1635
2095
3512
2274
2280
2280
2280
2079
1672
85
2466
2464
608
626
4062
749
112
2095
1943
3745
2689
29
21
2646
3856
1467
757
759
3662
1008
3657
4095
571
805
754
595
543
601
3856
3751
3856
544
563
558
3791
1797
2015
3791
1090
3856
1481
4092
3141
2943
3141
1723
479
1817
1931
1722
1931
2859
2802
2803
2979
2181
1846
2636
2191
1865
1722
1877
1750
1744
1943
2202
1726
4031
1345
1226
193
1821
4081
4061
4093
3075
3116
4031
4071
4082
4082
2944
4061
4047
1207
4031
167
4031
3108
1028
3232
3252
1259
2662
2657
2862
179
152
185
185
3693
2451
327
3760
765
2014
1949
218
1949
2014
2010
327
2010
3431
2188
3431
1085
3426
3427
2188
2372
1259
960
1012
2536
1004
2536
2386
1207
2188
3120
1973
1973
2634
2396
2155
3125
849
3133
3137
855
3195
2011
3122
3429
421
3122
2719
3106
153
1412
2011
2011
3540
1436
2966
1403
1367
3047
1368
2496
2321
3168
2646
1368
1624
2188
4094
3714
2957
4094
3141
2828
3713
3958
2851
3224
3673
3224
3214
3404
489
2323
1827
1827
3673
495
1815
2944
3244
2434
495
2632
4094
2447
2665
3679
691
1017
992
3342
992
1896
1354
4094
3795
1682
1891
2689
849
679
2718
1899
1868
992
671
1365
2215
3514
1311
1829
3516
1494
2435
3531
43
1364
3532
3206
3560
2699
2899
2669
1857
2880
2897
2883
1917
1992
3409
3478
765
1538
197
3282
2442
196
2719
3795
3258
3276
2893
3795
252
2893
3795
3905
2434
265
265
3370
2810
1473
1458
1669
3369
2810
283
2058
2576
2075
633
2100
2569
286
461
1753
1748
3940
1730
1682
1734
3940
3940
3642
3751
3787
3899
3591
3487
2563
460
3378
2252
3006
2846
3046
2968
2974
3046
2434
2505
2523
1668
812
3047
510
1775
510
1765
1570
2242
510
510
3581
602
2762
2765
105
1651
192
291
1076
1384
1399
1124
3380
1649
3213
3210
299
3243
101
3233
3380
108
2170
228
772
892
642
2171
649
3299
1015
1550
1691
3756
1167
1731
1654
1405
1627
3756
1674
1672
3487
328
132
172
1258
55
2170
1198
1456
894
1451
1258
2169
1394
1181
1183
1259
3801
3680
892
3759
2838
3620
2359
2239
2173
3336
2169
3777
3620
1927
4038
1927
2588
3990
3778
1151
1151
4074
2588
2248
1926
1214
1445
1441
3556
1920
1259
4078
875
72
3743
3430
2254
41
1177
1214
629
854
385
1094
2705
625
2891
2883
1640
1101
1920
3532
1550
1127
3742
3861
3875
1647
3875
957
652
3849
634
3350
3350
432
45
641
3958
17
255
3517
875
1684
1782
1622
89
1638
666
1659
3948
2939
1735
3228
4075
1812
143
1859
143
1869
1168
1899
136
2156
3430
2147
3750
2126
3750
2571
2674
2674
143
1811
641
178
136
3564
1320
3094
1320
1473
1320
2708
776
3186
2768
2769
328
2277
2780
705
1999
551
1482
1969
815
1963
1956
1243
1236
1237
1477
1326
1243
815
2449
2443
3751
3746
1509
836
880
981
1326
884
3650
1733
1786
3651
1745
1057
1072
1041
985
1779
1779
2589
985
3049
2365
2976
2692
6
1743
3640
3642
2675
732
637
1746
2955
2086
29
3723
1797
29
2772
3765
2699
3644
2676
2946
2660
473
2773
473
473
3644
473
164
96
2954
2168
2168
2946
200
208
2169
96
209
3037
6
287
3099
2725
185
234
370
2732
2981
3007
1555
1653
1676
3028
2720
3208
3146
3305
4016
3740
3736
3099
3980
2956
3028
776
2608
2134
2742
2062
2665
2141
2615
3807
3108
3637
2739
1677
3882
154
3626
69
3980
140
2946
1103
2591
2946
381
2585
501
78
155
125
3602
1891
66
1891
3615
2752
2587
2572
1758
2545
329
2771
2777
2663
170
2947
2248
3384
2951
2951
3463
2970
329
1243
3554
3819
3808
3814
3555
2758
3812
2798
3053
2798
191
3803
4090
3080
2755
4093
234
4070
3108
473
148
3053
2755
1385
2529
1385
1095
2192
2049
2125
2087
2125
2048
2129
401
335
1751
150
2137
155
819
2691
401
218
2738
2779
401
2125
440
2125
2128
2893
2326
446
2961
2580
244
3274
3275
3281
3274
2124
1108
564
401
1419
564
1199
228
2281
1185
564
2274
564
567
2563
1120
2266
2289
228
1184
420
659
3070
658
229
562
2202
1357
781
1055
1376
1541
1387
1194
557
2276
1195
558
2254
4044
2253
4052
4040
4023
3087
4062
3304
562
170
361
569
1086
3070
3559
4089
3052
3118
3098
387
2296
528
3045
2296
1352
1352
1348
906
3468
3993
2795
3890
3890
478
1657
169
169
9
18
3731
405
190
3819
360
402
183
3549
400
2423
2429
262
263
2428
3468
2612
2475
3468
3829
3468
2804
876
3487
3616
3616
864
1633
3833
790
1634
1634
1634
3437
1659
2327
2567
2563
2594
1656
2320
2595
1656
1031
1656
594
2365
3273
2367
3211
598
3216
215
3828
3481
1480
1617
2807
3485
3407
3563
3483
3483
3479
1446
2106
595
465
487
3479
2042
1486
1940
1530
1492
683
1864
1341
1875
1874
1310
1861
2303
3485
2807
684
3487
185
2282
1308
3882
1188
1318
1872
3268
3269
1247
3880
3882
4066
726
478
4066
944
2467
250
176
1607
906
244
238
1404
127
3988
2306
121
2939
1404
2699
2926
4089
2236
2937
257
2951
2192
44
2611
973
3624
4017
2729
3821
3898
2795
1172
1173
3661
1606
1607
1278
1274
2804
3068
3056
1931
4013
3899
1999
3778
4013
3440
989
3440
2428
3778
24
2690
3778
1863
3880
2611
1863
1234
1256
3233
1066
2313
3210
3940
2308
44
1206
3899
1564
722
3633
3627
3898
4023
4012
4007
3863
3116
1873
2315
144
3847
328
2515
345
3898
958
59
41
3847
742
1362
1065
359
1438
355
1370
1281
1058
3863
2097
3875
354
3836
2367
2750
3899
1557
1557
1953
2611
542
538
2209
49
53
2366
2209
1289
2367
1456
4073
1485
3596
1503
616
1612
613
2644
120
195
2830
4072
613
616
3405
195
194
3108
3233
3561
1458
2313
2313
4014
3596
1756
1172
1954
1960
1976
2061
1897
194
976
1929
1924
3875
1734
1756
2570
2844
2192
1732
2238
2527
2302
2526
2078
2959
2234
3102
3973
2302
3104
2047
2679
3198
3152
4041
2256
1731
3920
1031
3096
4033
3729
340
2256
2870
430
1751
2290
2291
1747
3475
2271
1743
2857
1904
623
2802
1907
1908
2903
2442
2952
3612
2952
2952
171
2952
3754
2647
3014
64
1910
784
2903
794
774
813
1923
2266
1731
594
1914
2267
2267
875
3697
14
266
301
1213
277
279
775
2975
2033
794
2947
984
1281
1677
3040
1360
3442
3443
865
980
1737
3520
3141
3223
3223
236
4073
1873
1031
3522
504
457
3529
501
1201
2689
3522
3525
3577
513
1313
1863
1394
4074
4062
1866
1527
2890
2609
239
4045
966
965
2781
1490
944
1491
1201
3966
1490
2888
1491
2883
2891
2358
1213
3059
921
3375
3067
1367
1367
607
629
2061
869
127
3041
2354
2352
2452
3990
811
3129
127
1399
127
3077
523
2452
1071
2353
2966
2810
2268
3449
1596
2269
1727
1672
869
3795
1572
1495
1468
3449
921
2269
2377
1522
2812
1469
921
921
1292
2858
3250
3744
3280
3280
2859
814
664
3744
302
225
302
2628
40
2859
1932
3859
2079
1928
635
2851
2879
3466
2968
238
3162
1821
2391
1881
3160
281
2260
4002
2391
2695
2693
2708
2629
574
2832
1107
3806
1107
3360
2003
117
1810
114
117
117
3976
1389
117
117
3360
1429
4048
3999
3557
4004
3728
3732
1429
4045
2158
264
2284
3911
2303
3424
3502
1074
1621
1148
1126
1144
3565
1428
3752
3552
1621
2262
2663
2349
2886
2262
1428
2869
3040
2925
1605
453
851
3684
3681
3684
3556
3761
850
1605
64
3933
1133
3932
1073
3639
3896
1515
3317
237
905
902
1826
545
3317
237
880
1000
3894
2858
2453
2083
2487
2435
3804
545
2446
3298
1283
2143
2096
545
3129
3353
429
545
3720
1284
2625
2625
1826
44
3285
130
1345
245
136
3721
2212
3590
3572
3424
814
3214
2984
3210
3051
3407
1454
3682
3685
2163
3669
1447
3711
2212
3704
1211
1211
643
1211
591
578
1057
2252
3698
1211
500
3553
3591
2212
393
1612
499
1895
3320
1892
2212
1070
647
1939
1939
2721
783
1447
2238
3591
3590
3455
2795
442
1134
442
2799
2124
3314
2449
2524
219
1694
1071
701
701
836
4094
3464
1441
1442
2060
410
1442
2995
2122
411
2122
359
2733
359
1441
2860
2861
1896
1907
1655
372
173
1915
3156
165
1725
3222
3384
3467
620
1655
3287
1655
372
3284
3676
181
3619
3646
1595
1655
3184
3337
1595
3270
3093
3337
3092
2273
2096
3186
2201
3918
2062
3067
690
2496
1769
691
3972
1895
1769
836
2259
3768
3585
3357
3973
2627
3890
2256
2647
1025
2249
1033
524
2257
2975
2257
2257
3215
577
591
3205
3439
3438
2975
1787
2014
2014
911
565
1584
3606
3891
2809
2077
1035
2079
2053
3606
2805
2802
2557
2805
1397
1034
1250
1099
2188
1179
3202
3245
1062
4037
1088
3213
4037
3217
2180
93
3436
2180
3252
2180
1141
352
3731
405
3067
3739
428
2180
1999
444
722
873
343
1688
3067
3363
2885
1184
1380
444
148
364
2634
2635
3667
2931
3067
1827
1848
1853
1040
1836
1070
1830
1119
3806
1569
2357
877
840
3997
2057
2933
4039
4033
1785
249
4051
251
149
1481
848
2724
453
3356
1877
705
938
834
934
1021
3357
1803
845
4039
3338
2858
1960
1328
3521
3109
546
332
174
886
3109
4003
944
2663
945
1602
2810
1057
1603
955
953
1252
1603
2916
523
671
1569
2730
3888
3891
141
69
56
670
42
952
953
952
1740
2815
2815
1896
75
797
953
2548
2551
2551
2791
1569
2083
2548
3643
853
1219
2609
2191
1339
1299
1966
3235
1425
3643
450
1285
2192
1460
3692
3437
3760
1669
1778
2812
2190
114
2644
78
108
2621
649
2737
1315
3595
1669
3410
1568
2455
1990
3302
36
1028
3081
2147
3119
2458
2153
2929
1500
868
880
1767
3119
1790
3119
99
1774
1698
1735
581
2082
2781
581
1948
583
1948
3650
2790
1954
2246
2463
3656
2082
610
2447
1842
322
3159
320
1777
1744
1750
1739
2506
2506
2506
2778
2740
2966
2357
1316
2351
2360
2359
3159
2363
2965
2967
423
3856
2298
2978
2539
2243
2363
323
3853
3922
3204
3922
3853
2437
3217
2300
3874
2247
2007
2247
1842
2247
4048
70
3373
569
571
572
2246
1477
1479
2002
528
574
3925
3925
846
1523
506
2683
1512
1843
111
3509
3510
1753
2532
2151
2253
2150
1753
394
2151
2265
2143
1578
432
1578
3008
2683
858
2971
2325
725
2139
2367
2682
2139
3363
3351
2125
1420
3401
3552
3409
2123
633
2410
2065
3942
3269
2065
2682
3472
2411
3982
1981
2124
3412
3412
2210
1716
1717
1978
1718
2129
1938
1411
1939
1843
1856
1857
949
1888
1894
2323
2247
2079
2804
2408
2774
1356
1411
2302
2411
2814
1356
157
2287
1742
1356
656
1984
3336
1984
675
2693
2716
1803
2320
3002
1876
657
2722
719
1984
660
3239
3355
3076
3353
3181
620
722
1415
3413
3353
1416
3349
3594
750
730
3839
3776
2079
2217
3132
3133
1984
1356
2075
2866
2867
719
3199
67
311
3427
285
351
765
277
3292
89
2869
1301
753
817
3060
4007
1364
3292
948
4005
258
284
2124
284
2345
2160
1209
3997
1209
2345
2309
1008
1298
425
965
1592
3431
3017
3016
3950
3017
2160
2142
2456
2456
3775
2455
2933
2231
3972
2933
3282
3512
3472
3295
1809
471
2935
1413
192
410
2229
2934
1412
3282
988
3124
653
3461
4011
3135
2160
481
487
3370
1794
3463
3185
3622
3620
536
663
482
3248
3255
874
2600
3185
2756
2667
476
2771
2771
2360
198
2325
146
206
1309
3244
3982
3497
2343
3117
3077
3718
3730
3434
3722
3457
3252
1381
536
846
1691
270
482
438
413
3499
850
1689
1489
1532
1489
1117
1117
2155
2445
907
900
1490
2407
2406
547
544
569
881
1993
881
1996
1005
4006
723
2290
883
1493
983
868
1493
1680
1702
2432
1716
670
2432
1993
752
16
728
2285
1753
16
1018
1752
190
3519
226
3471
3122
1706
1964
3161
231
3188
186
2019
1493
3166
339
3135
3128
3891
2539
3877
3888
338
746
3702
1592
2636
3699
3649
966
1753
2607
1752
1382
1381
1066
1374
3825
252
3827
1654
1999
1946
4080
19
4018
4007
4030
1946
39
32
23
22
283
2507
3770
2507
371
166
164
835
1709
1702
2498
3687
2498
1658
2995
2097
1519
2995
2054
1149
774
2825
1551
1593
1519
1045
1054
252
1536
1509
2597
1480
2578
1635
1287
3802
254
2827
2587
2593
2642
2640
1547
2685
3405
3403
3404
1366
1393
3802
579
578
1166
1388
1358
3802
1269
3514
3802
1515
1487
254
1920
1920
3267
1232
1652
3267
1927
1418
2388
4027
3737
2428
3604
837
2509
2516
3827
2556
2515
2523
1669
3355
3737
3797
2245
1409
2912
2937
1696
2245
3641
3777
2245
3870
3392
3258
3514
317
402
1409
1797
916
1777
1776
3735
2645
298
1807
1269
2633
2633
296
2732
2245
961
962
960
3015
2427
462
3452
4077
2528
1869
1900
1902
1653
845
1906
106
114
3753
3707
1223
2650
84
3604
1223
382
1258
126
1250
286
3115
1779
3452
3225
1773
4077
755
755
861
1714
861
3788
1983
1524
3579
1938
3583
462
1586
3530
3685
3115
3668
3655
2806
2681
3112
2624
3661
1400
1276
1255
1555
1726
1629
3114
1269
397
355
1547
1849
473
2465
2335
2335
2263
2134
2134
4025
4027
2263
2703
4031
3840
752
753
2700
1741
1171
3413
1741
1171
2223
4075
53
14
311
3967
1741
3369
3323
15
2348
2909
1149
311
853
850
850
1370
2228
1065
852
2566
2584
3139
1547
1554
2586
4087
1741
139
2601
2603
1714
2586
1203
2586
1080
2581
2855
3347
2582
139
2892
3722
1515
23
3288
3106
2778
2894
1852
3275
3275
139
139
657
640
692
2892
52
2726
2735
2815
2892
2727
2427
371
3669
2554
2633
526
703
2133
856
685
681
955
679
3435
3475
381
760
760
371
562
3369
2843
3331
3495
3495
1114
168
1173
2693
1601
2216
1173
2119
3725
3115
1777
652
2082
2868
1429
2453
1247
169
1349
2864
1834
3148
1501
3083
3994
2453
3129
1524
1501
3947
2921
1783
2917
652
1011
3463
1747
3514
2603
3510
3266
3375
4083
3192
3142
3266
1935
1729
1733
3977
1935
3977
1602
4084
3797
3796
3882
334
3758
2468
2488
2093
2488
348
3744
3881
2468
243
224
229
224
243
819
905
818
905
2715
3883
3895
710
806
2949
1878
998
1878
2546
1735
2135
993
2433
178
1086
883
882
1145
3562
2269
2255
2295
4032
3984
1147
3193
3097
3120
4047
3733
4054
1759
3476
1266
3173
3318
177
178
1167
169
3257
620
2235
1155
1169
168
2915
2235
2965
2414
2235
1333
184
940
175
677
672
2081
806
2913
579
2863
2863
2003
772
3294
2001
2235
2271
3287
3283
2603
1820
1821
2342
1966
3640
3537
3640
1966
3642
1361
2305
1056
1101
1375
3394
1157
685
678
3090
191
686
189
3210
2677
425
3101
2302
4041
3987
897
686
2863
3988
2863
3987
647
1642
1553
3479
3475
2306
3565
1900
1898
3211
2853
2901
3988
3381
2901
2121
1157
3329
104
2901
1170
3703
1934
146
3728
188
190
3294
3294
3294
185
3982
3657
3657
1379
2901
2396
2589
2442
1549
1528
1543
1549
2071
3868
2524
2071
198
1532
3869
111
1760
1740
1740
3677
3851
2189
3644
3587
2199
3685
2728
1819
2255
563
559
2988
3733
3015
2319
1819
2939
512
2188
583
2189
587
585
1613
565
2319
584
2936
187
3087
167
3315
1828
1379
23
2113
918
187
2394
2457
1573
2559
1593
3308
1592
3302
1148
3832
1972
3086
3962
2740
2795
799
3222
3225
3267
799
2319
3537
3676
2319
2053
378
264
1122
1127
2809
4085
2785
276
3399
856
3069
971
1100
1159
1407
3069
309
834
2268
2145
1831
1831
1825
1780
1876
2260
4041
3783
4041
971
3037
3677
3787
3755
3593
2906
2317
2065
3238
3236
1959
3643
2394
4001
2031
537
531
2039
3454
726
3418
711
2728
643
4082
641
1987
856
87
95
99
1959
88
1465
1346
617
799
626
4092
1212
1465
443
1402
385
2394
399
3062
3305
419
762
491
490
3259
499
4064
2339
2457
1420
2456
156
76
307
3305
3618
3417
4083
879
1788
151
1670
1599
2553
1273
1281
1286
3462
1361
1053
2210
2651
2891
1273
3461
2779
1524
3461
2553
3176
3461
1760
2493
1679
3889
1224
3894
581
2495
3888
3331
2214
1230
1089
2456
3386
2311
2311
1605
2311
2318
3715
2619
3956
2265
1610
3417
3386
1250
1610
2775
2783
23
3712
652
36
2736
18
641
3768
857
3768
3291
2448
858
797
3291
2250
704
1721
3501
865
2457
3884
548
3951
708
107
3884
2775
1030
2778
836
842
3817
3817
838
1589
1118
1206
3396
1459
2444
1119
1446
19
16
1583
1841
3025
1457
4049
4048
1625
3347
17
3068
3704
477
3070
1560
2460
831
3479
2710
211
1693
211
1693
2000
3519
2051
277
3517
3519
3948
2710
2050
197
3854
3242
1542
3238
3696
2713
1542
3660
3766
4026
465
19
2109
2713
1477
3517
3414
3054
349
2503
245
3573
3134
1660
2784
2503
3216
9
2784
500
388
968
487
3056
316
3883
2784
1852
960
2784
1958
1686
10
3841
3841
338
2147
477
3480
1006
580
2082
730
587
603
525
3883
666
575
693
1090
1952
1336
789
814
2008
1035
1051
3134
1338
1592
3131
2036
3825
1324
2008
2036
1237
877
2008
3128
3128
3538
2008
3547
3481
1692
893
3655
317
2
531
3800
3596
1668
919
3
3641
3790
531
3277
3551
1857
3878
3879
3551
479
478
478
479
479
692
1740
17
1734
1755
3851
1680
317
2715
2642
919
2170
2696
3478
2690
2664
2659
3406
2944
2229
1375
3276
3499
1355
1355
3267
115
1636
1090
560
112
1636
2066
141
107
2298
285
1652
3497
1694
357
3637
3426
292
949
145
3496
3055
3045
1930
3516
1354
1371
2084
3426
901
1375
950
3888
1855
2864
4037
4037
3890
4045
944
4047
4047
3501
171
147
3299
204
401
566
2092
1737
1677
3580
543
515
1669
1760
2760
540
111
2802
2951
3653
708
3651
176
1854
154
1999
1998
3000
3615
551
3571
3983
3976
3539
3542
3542
901
25
820
1427
1654
800
1648
2893
1427
3411
477
2154
3897
3846
354
2137
294
2574
161
1662
2427
1249
1991
1991
1662
3380
3897
477
2350
3519
2185
2120
2224
1648
1407
3268
675
3847
3880
3878
675
3994
1502
2595
3557
3410
2656
475
3994
123
2152
2159
3250
123
3396
1262
447
434
3181
434
3184
3264
3417
1615
1847
1411
3249
1840
3458
3222
147
1400
205
2608
206
204
144
1407
1522
1411
158
192
159
2734
159
3628
2723
2729
1812
1884
958
1021
181
1078
1884
1078
2524
2792
3456
2841
3271
181
2524
3182
2798
659
3271
1198
2875
1198
2935
3526
2237
2384
3268
857
1797
529
2825
3314
537
394
3716
3417
2824
2826
3503
3171
2833
2788
3845
3076
2017
1913
3076
1904
1914
3076
2383
2376
2382
2377
2377
2821
2096
1534
1320
3020
3011
2788
3845
2871
2826
492
1375
2864
3078
466
3829
467
2957
3978
4006
2639
2957
3078
3078
3969
1682
410
3822
2639
1212
1278
739
309
163
869
1278
1854
96
1169
3362
165
96
1212
2099
2982
2991
2983
165
2991
1606
3362
1107
3825
1027
1571
1578
1520
3825
1293
762
1461
1637
1637
563
1684
2808
2767
2560
1691
3556
3572
1257
1690
2937
3938
2937
487
742
163
742
2941
1920
1922
1945
2764
2764
2416
2381
2381
2394
2396
1929
1929
2515
2764
2941
2611
3526
3081
2513
1931
3296
2920
2817
2679
3106
3167
3984
3323
3912
1069
383
341
355
2764
351
1776
1069
520
3837
3597
3634
3635
2754
2786
463
517
785
615
615
812
543
517
1329
726
29
280
496
3959
3959
2005
2004
669
10
1156
920
10
1061
1028
2438
3662
1765
29
3662
1595
3660
3661
3526
426
427
2379
3482
3457
2665
427
2314
3516
3405
155
807
2379
2370
2371
492
71
119
3575
3848
1536
439
2794
499
775
71
775
1538
1586
2713
1586
1097
3848
1245
1322
2747
1220
2441
1539
1588
3848
928
4021
1588
3944
3034
3848
2348
2630
2340
3763
3035
83
1420
3695
1642
1225
3689
2130
2074
98
2048
1847
2696
1587
3372
3695
2344
1418
2412
1586
676
1597
1420
3135
3097
3115
4090
1420
1418
715
664
673
1452
1017
3198
1712
1583
315
1417
2363
1318
1441
1542
1319
1512
3183
3180
1796
182
3534
2577
3198
2579
3199
3528
3756
3198
1574
3520
589
2573
2577
3722
1541
994
2094
1152
2725
315
770
1542
69
513
3183
1153
754
1438
594
122
712
122
1853
116
1895
3169
3412
2560
119
118
3451
315
2054
1153
2221
2717
3613
2371
3645
3643
2941
2114
2221
2054
182
1745
2371
2196
1523
1321
3298
4039
2856
4087
3085
2371
2830
181
2679
648
2195
1153
723
2563
1425
1012
3515
3458
1885
3330
2325
3247
1777
282
282
3364
3360
1425
3806
1418
3243
1422
1434
1913
174
3843
1912
2629
1414
1414
3764
1426
2564
3801
3755
409
1913
3692
1427
128
3139
225
483
839
3843
3156
1545
1545
954
965
966
1002
1205
1402
1101
2489
3571
2815
2439
1197
758
758
2560
307
1958
3101
3074
3099
1958
2597
1691
4037
1690
4083
2488
1250
198
2003
2003
2489
233
1440
2569
1251
1457
1459
2585
1456
1748
3346
3337
976
1430
3446
3065
3397
3358
1501
1440
1502
3991
1537
135
342
1536
751
1627
606
1194
129
1606
1214
3126
2219
1627
3998
3082
3486
976
2642
483
2923
1118
2219
1447
1163
2927
396
399
3800
1371
399
685
707
1755
1729
390
3801
1891
2644
1659
1688
1626
1576
1846
919
3126
1846
2789
157
3331
3488
3488
157
3413
2756
2756
2757
901
1376
2660
2789
2541
3886
1643
1643
3893
1098
3467
1098
901
2872
1262
2896
2875
2865
2896
2637
3663
3648
3085
3074
2297
3672
3290
3290
3290
2583
3173
3290
2583
3731
4055
2479
2465
2781
1251
357
1544
2200
369
3773
325
2078
3773
2927
361
361
2204
2583
361
1696
324
2923
3586
3257
3109
3631
3651
367
3109
3261
1496
2686
3671
2807
3111
2198
3688
1488
2924
1973
1496
1486
1973
367
2908
1791
955
307
1622
3604
378
379
306
3588
2645
1622
2282
3584
1476
2281
2206
2051
2503
2617
1351
232
367
3896
2601
1051
2601
2924
238
307
3213
2712
306
2583
1262
3900
2471
2464
4004
439
367
2464
3000
392
3143
2476
644
1013
453
4009
480
1073
2712
1146
1737
3906
331
341
2477
1307
351
2476
1821
1307
3923
1835
1800
1487
2476
3871
3143
4077
2918
2964
2112
3968
1487
4024
3664
1304
2439
2439
3670
1400
3143
3668
3143
660
839
1002
995
2126
1002
669
529
3972
2634
93
1007
3658
83
1178
1178
1161
1301
3900
3929
3085
3129
3788
2126
305
3099
1790
994
1005
305
1333
1112
1790
1164
4075
4036
1161
327
1304
1791
1310
3903
328
3855
289
1830
4023
1830
2572
351
594
1049
2469
2549
2549
1433
1054
1028
864
1028
1030
2599
2455
1534
1639
1619
1297
3115
1640
3379
1503
1187
1544
3082
2783
3115
3379
2597
3379
2755
3544
1904
1991
3774
1544
492
492
437
3544
2156
2028
100
3220
3221
437
3218
3223
1585
3221
2600
606
2657
2614
2592
3543
1832
2357
3130
819
822
2273
1832
823
3648
2028
1784
1781
823
3082
2454
2617
323
2612
384
2540
1944
1944
2900
2911
2009
322
323
243
2002
2817
201
384
415
1872
1873
3472
2338
3461
1349
957
251
284
2978
2325
2972
1625
327
3038
1333
1054
3239
87
6
899
923
2454
2924
832
1534
70
492
3727
3895
2455
2401
70
927
1523
3727
3358
2972
1288
1508
3415
1754
3453
40
4071
1580
1579
390
478
388
1047
345
1047
941
941
580
698
2572
3157
3986
633
65
3660
220
1754
802
2604
804
251
4084
4084
1041
1095
767
725
3495
251
3325
3953
752
3425
3493
3221
767
3655
1113
3424
444
343
2682
148
1894
341
1896
1650
339
1804
1108
3584
2087
2752
2753
1650
255
2760
1796
918
1795
3688
1880
908
3653
732
1861
2692
2692
2692
789
2950
2592
2992
2995
2956
3274
3274
3276
815
3268
1470
1470
3270
3760
3767
946
2400
527
679
679
329
7
349
339
1507
349
2977
904
3357
1828
1480
2749
4088
1810
1832
2994
987
2987
2657
2179
337
2058
2987
3359
240
2291
977
4060
4000
3324
3378
3319
872
3990
4038
3175
3172
1992
410
133
2996
1705
3324
3172
2405
1942
2401
2996
976
3820
3946
2831
2388
3924
3961
4034
2104
977
2104
2104
2389
1447
1910
2825
1441
3121
3160
3949
3924
2389
3057
3161
1546
206
2927
207
201
144
4034
2926
2389
2926
2911
3282
3295
2926
3130
3292
1351
3504
3481
3457
3609
3511
1645
369
2729
2729
2730
3469
3018
3958
3163
369
2126
3916
2150
2090
2341
2229
1645
2657
2347
2716
1645
502
1645
2229
2421
1647
3468
369
1666
3184
3750
1647
2516
3966
3266
2516
3266
1525
3276
3272
3251
3731
3231
3216
769
3296
779
776
369
777
2271
207
1675
147
555
1224
898
3773
888
2731
540
542
542
2731
523
563
3773
956
2254
1181
542
3245
300
3773
3247
2444
963
1804
3215
3157
329
2155
3742
2153
299
780
1793
419
660
1793
893
3455
1804
497
1001
3157
2120
1549
2235
41
41
1961
41
1549
1549
831
2386
1548
529
755
618
543
515
60
3514
831
3513
380
3172
380
380
3148
3113
3692
3177
3764
3769
3046
3053
1865
3053
3172
1869
2492
2385
2379
2384
2384
2646
3182
3896
2857
3957
3052
2386
617
1039
1919
1056
223
3833
1546
3271
3810
2385
3131
2852
199
795
3803
221
3153
3171
2185
476
464
3131
1846
958
134
2387
2310
2310
2853
1671
457
2387
1626
2187
795
2891
3933
2984
2883
3647
3933
1877
419
2352
497
1110
3647
1208
23
3071
497
3071
2894
2372
1208
1533
1290
3140
2672
3140
3157
3071
3407
3156
3397
3400
3401
1225
2239
841
2562
2561
273
2230
841
841
1962
2402
2402
2002
3232
249
247
1692
3232
990
2376
2403
2383
2382
2579
841
56
3765
2579
1072
1072
2856
77
2954
807
1245
807
3765
3990
1546
3903
409
3903
3371
3639
3338
3138
3496
3414
3639
1631
3638
3637
3071
1631
1447
3071
2816
1022
2890
2346
1105
2934
2350
1734
1734
3205
1225
2614
2636
124
1882
3673
3027
3673
1236
3897
124
1882
1883
1242
2494
2495
976
1882
1022
2107
1883
1737
1847
1929
3767
1816
2107
1557
2103
1869
1624
426
648
648
2749
12
229
2872
31
2989
2287
426
26
3789
3764
1863
485
2709
2692
817
2773
798
3789
1337
937
798
1892
937
3358
1478
298
3946
496
2470
3338
3245
3336
3338
605
3343
3343
1568
1570
2351
2348
1570
1587
2471
3754
1589
1640
2416
2396
909
1568
3762
3762
2607
4026
908
406
2558
3195
1860
2606
4030
3129
792
3075
917
3106
3135
3947
1749
3166
3128
4024
793
793
665
664
1568
665
1548
1022
1567
2392
793
414
799
2388
1902
1903
3352
3321
549
3574
549
3578
3321
2081
2080
16
2090
2084
2108
2724
2724
2778
2726
2726
347
2965
347
549
2193
2842
2808
2800
366
3322
1370
1311
1361
3502
2596
1398
170
795
3454
1035
1042
1051
1129
1130
549
1962
623
3442
1962
662
3263
2265
1022
2191
727
1479
2331
2566
1924
550
1479
1905
1962
2508
1336
1422
1435
695
2527
695
2434
1482
598
2592
3451
3116
2325
2602
2773
2449
2300
2783
2783
2591
3371
2773
1426
1482
2163
2776
2775
3256
3312
3436
2313
2651
1426
2651
800
2428
1265
3833
3694
2592
3333
3695
1975
3333
3762
226
3341
3833
1346
2623
3335
3355
908
3334
910
2526
908
3341
749
753
1008
783
3445
2431
3167
727
2472
721
3734
2447
1364
722
2097
2520
2431
1200
2703
2431
1742
1742
3545
2350
3952
1311
49
152
1027
3545
3545
2988
3101
3393
2989
2428
1214
2485
3108
2469
3011
3018
2486
2485
3545
1484
3350
3913
2218
1382
1464
3453
1478
1664
3345
1664
1484
1037
3669
436
3710
447
3289
2593
3345
973
3453
3256
1519
1092
1410
1347
3735
3729
223
3712
3913
1518
1871
1988
3572
1871
2671
2671
1995
2018
1279
3237
1171
1279
693
693
2850
2670
2104
196
170
1934
377
2105
427
2786
342
46
1759
3919
197
1347
1704
341
700
3263
929
2786
649
1347
1015
1704
3730
930
643
1704
3254
3495
1704
4010
3511
3730
3730
3256
2920
3527
1281
2425
1852
1853
1840
1841
3588
1132
1306
3640
3237
3618
3360
1132
3641
3641
3643
3605
2058
2461
3466
2820
2832
3706
3730
3319
3717
765
2774
3319
2588
2431
2433
3333
2431
2444
1360
1676
2425
2912
3340
74
3319
1681
2364
74
1692
1667
1547
1713
1686
3626
1733
1673
1365
1659
1562
2132
1657
2198
3627
3423
3629
1237
1457
1360
2774
377
3319
3170
377
579
914
3733
3170
2145
2185
2313
161
28
689
187
29
1783
1783
1782
26
555
917
3791
1317
187
2501
3657
3657
1665
1823
1040
3656
919
1001
3856
3868
3492
3544
3492
3452
1956
3186
3234
502
429
914
1699
2205
2113
1380
1952
2528
1956
2113
1989
2032
2113
337
2455
2067
954
954
1380
1059
60
350
2992
345
335
1358
417
1795
1865
4092
3765
1818
2068
4071
3776
3839
2727
3593
28
3776
2113
1809
2221
2055
2931
2223
759
189
4007
927
3991
2410
4060
21
1121
2924
162
3069
162
256
2994
668
1358
135
2979
759
116
1200
2055
97
1312
1312
1154
2055
131
729
2551
155
1201
3409
2890
3166
3123
2551
2204
1122
1195
1199
1194
3960
3960
2593
2570
1767
1764
319
1700
2593
61
2875
39
2569
1720
57
3223
1812
887
133
3223
3222
2788
135
1720
1816
2789
2862
2791
1720
460
2962
2962
2470
1764
2045
71
71
2029
2024
891
2598
600
2122
2962
2598
93
1290
895
91
360
1290
1384
2962
3774
3774
3188
1168
1256
3774
156
2873
2259
1265
2873
1259
2193
3190
2040
162
3302
618
2938
618
211
617
1724
2378
2938
977
1598
157
2774
2770
977
277
2728
3593
663
2769
2591
662
1318
2578
2567
1232
1232
2154
1232
3285
2484
3770
1764
1287
3285
1783
1739
1294
1791
2040
1926
2779
1179
2736
1280
1173
2628
2906
1764
2897
149
1714
1179
156
2631
2040
271
896
285
810
3018
3016
811
3031
811
1183
156
3770
3202
3200
278
3238
277
4025
3919
1719
4019
4004
211
3919
1228
3770
1471
3770
588
584
1572
650
515
175
3218
964
672
965
173
3347
962
800
820
2953
471
4052
287
356
2100
281
2954
2055
1229
516
691
583
691
872
729
872
731
585
691
889
496
872
2830
872
1643
1643
2936
212
217
2430
507
2430
105
115
889
2395
1037
2395
715
3947
3942
713
713
3001
3001
1516
1506
1506
3537
3543
1613
3255
243
390
1611
158
159
2231
1751
2231
1879
1610
2349
2349
2958
2440
3001
2476
3183
3066
310
34
3597
316
1066
309
1880
3001
1468
2848
1806
1470
1444
1470
1506
2705
2693
2848
1305
1451
1646
3871
2129
1143
2944
3626
2213
2065
1653
3790
2848
3074
1454
3074
1449
2933
1459
1460
1603
3849
1443
2249
2240
3848
578
1556
2925
527
2933
3849
1566
1625
1327
3851
2437
3023
3331
3043
3043
3878
172
3456
1314
2683
2654
3891
572
3458
2320
2836
274
820
2298
147
204
358
2507
801
3891
3849
1644
2505
2382
3148
3472
3472
3850
3117
3511
2848
597
597
2210
2209
2921
1512
393
310
2903
126
2903
2471
2467
480
481
3976
4022
480
3039
3580
3482
2286
3493
3605
481
3644
3372
3625
2731
1336
3359
626
1112
109
1617
3368
2134
3368
2721
2742
2736
3329
2547
3747
3801
3593
3246
3758
2546
3239
3536
3537
3250
3538
2413
2132
3221
2135
2132
3176
2135
291
3529
1490
2135
1558
461
1668
2413
3420
1303
764
1090
1295
3627
2730
2725
3621
2265
2265
264
2725
3628
4064
264
3903
1464
1668
1441
1013
3437
3437
979
978
1663
1465
3385
2289
1629
388
4071
979
2744
1319
3385
3096
1397
3064
2181
1261
1344
2875
3035
2968
1397
1344
1261
2747
598
2706
807
1674
535
1594
2971
807
1396
1406
3199
1406
804
2766
3724
804
1900
1907
2664
2754
3979
1906
1906
1427
3000
2382
4035
2400
2309
2997
2876
2960
3826
3827
3798
1347
1514
1427
3521
3443
3051
3024
1892
4035
3555
3445
3534
3809
3814
3527
3234
3812
1390
1234
4026
1445
1234
3729
3799
3234
3724
3054
2307
387
2240
2148
2257
500
437
4049
996
3184
2772
964
2098
2097
2096
4052
2199
1531
1046
1589
2221
100
2969
1501
1481
1528
1481
2481
2241
2522
100
2245
2522
1944
3711
2020
1930
2971
2867
695
2257
2866
2181
1265
2966
1173
500
3998
369
2971
1015
1903
688
3086
1014
2339
3941
690
4069
810
291
2378
661
3941
3986
4078
2481
1389
2520
294
2480
2481
2653
2969
2943
2873
2831
2267
3531
3194
3161
3133
3195
3126
3161
393
3932
3988
187
312
1771
1089
1169
2266
2759
1390
1394
1169
2266
2006
2861
3921
3167
2006
2698
3504
3850
3906
3950
3504
3956
4001
2716
1601
418
417
2267
2922
418
418
379
2904
290
1815
1816
107
1001
2519
1886
1886
1886
836
2203
3701
1525
2363
3583
954
700
3522
1221
3525
1500
1315
3701
1388
1281
2606
964
2128
673
1595
1726
2024
1721
1663
1663
1421
1245
2025
1449
2025
1157
2025
283
358
1055
3570
1450
2025
2362
3558
2394
2603
2205
3638
2867
2386
2205
2196
2196
492
2396
428
2373
2006
447
378
1941
2006
3638
1157
130
2098
2098
4001
730
1247
1168
2688
1283
1291
1222
1762
938
2599
1298
970
677
1535
2688
655
3960
233
1245
3926
3809
673
3967
433
2383
423
673
949
2396
1708
1711
3966
957
433
1709
1711
1762
909
3617
2108
3646
2238
673
2413
929
2412
1232
3142
1829
2379
2403
2370
1720
3904
4065
3992
3075
1020
643
929
3585
1551
1713
1322
1829
21
3335
2712
3394
2289
2290
3471
3936
4053
2649
3301
3471
1525
1526
2095
2090
1402
2069
1531
1531
2100
2075
2733
1531
3624
3381
3377
2330
1402
1510
2331
233
3311
2226
2226
3142
2758
1511
2740
2684
1306
2662
3750
3835
2390
1848
3744
3744
626
3297
1580
1673
1673
1536
4052
1046
3747
3264
3264
3665
2216
1919
1218
1897
233
1988
1428
3780
75
246
3342
232
1423
903
4046
196
1362
3917
3343
3780
779
332
2632
232
3499
3499
779
3803
3498
3529
2271
3551
3768
2292
3196
3550
1128
3264
2270
2650
1546
1144
2810
2270
2673
1546
170
3359
134
3686
3359
1131
3761
802
230
779
2280
133
3740
905
196
771
782
1004
73
73
1005
1431
3764
885
869
3803
2992
2321
3001
2138
57
2237
2864
2161
3151
3111
769
3093
2514
1129
4079
247
2514
3758
3752
240
1129
2175
197
1613
1631
1852
63
694
68
1852
2683
116
2175
1575
1046
885
885
751
2249
2681
1186
1883
3767
1187
1156
3767
1857
1798
524
1883
4060
628
1813
1815
1843
1392
3560
3527
627
3226
630
630
2578
2572
4060
537
4081
667
2579
865
349
34
348
334
864
2636
55
3511
3505
3511
1519
735
1238
2069
4090
2803
2069
3033
930
3025
2664
3861
1801
1712
2683
904
915
2322
3156
2335
1478
661
3442
3470
3470
2387
3441
2835
848
3441
1477
3292
1987
1509
2400
1511
2068
2072
661
1987
3344
1887
1021
930
2788
1729
388
1021
3347
3175
1929
3099
375
4042
1731
286
2089
1811
1731
2105
2334
1676
286
831
623
2682
3651
1673
623
1426
1752
1754
2677
3199
2601
1618
2603
2598
3923
2086
1617
1617
2125
2683
1614
2322
1836
2334
3326
1125
1835
1136
1236
2175
1136
2175
1426
580
2820
3517
1508
2068
2011
2010
3004
2402
2127
1143
3804
2543
3882
2410
2382
3358
1485
3383
62
2410
3429
3376
1485
1013
1485
1485
1485
3406
3542
722
519
3696
311
412
3682
3681
412
650
651
55
1061
25
675
3685
412
1193
311
412
65
1113
3790
3457
1449
181
33
57
1754
3328
331
418
2004
491
446
946
1834
1449
1831
1795
1817
2004
1288
1832
3776
494
3869
3611
1835
3459
2962
1109
2904
2884
2629
2888
2891
2630
2993
3999
1288
494
3077
2621
1494
529
2621
721
667
1093
658
667
568
3003
107
118
112
1093
433
433
1154
1277
484
1279
2323
2793
1758
3087
3112
2596
3134
103
3003
1053
2992
1890
1139
1120
1094
3002
1404
4079
3124
103
1791
3843
1288
3906
1789
4079
4083
103
411
194
1510
157
3187
207
295
3187
1867
4063
1490
1866
1869
2508
2383
3526
1490
2508
3393
3860
2383
3449
2840
3152
4066
4067
1288
1231
3178
2163
2156
3804
2157
2145
731
3181
1876
3178
1837
3141
1955
1336
3031
1190
1229
731
2646
1622
349
1977
3255
548
3146
2666
3261
2670
1707
1895
2931
599
1544
3236
548
2914
2915
3372
1544
598
2620
583
1408
1544
2123
981
1319
1383
1772
2122
3
1723
1315
925
2615
594
103
1072
1193
1194
309
2931
1195
3222
2084
1193
1288
2865
1381
2865
405
1802
1642
1642
2781
2740
1642
2778
3274
2661
1393
1398
2815
2898
2813
3402
2318
2892
406
1643
200
1643
87
2178
274
1212
1212
275
1212
87
275
87
258
2989
3041
1212
2800
393
2932
3254
2805
4025
2813
3011
4087
3295
2215
1732
2131
4089
2813
2761
2762
3568
2103
3568
3568
2103
3297
2103
1011
1432
767
826
2620
857
1433
1296
67
3568
219
67
219
1755
1321
1912
3020
4072
1911
1469
3015
3775
3018
2251
2244
3589
2575
2576
2646
1469
210
3769
1940
3773
1700
104
1599
27
1752
116
3965
766
3962
2841
3958
105
3201
3282
3200
3300
3282
1941
822
766
823
2041
2000
1597
343
1745
2024
3200
3219
3218
1217
1240
1934
309
311
186
1932
36
1941
318
2461
15
22
745
336
2319
3701
745
1736
1244
3781
1869
1747
1863
2461
3700
2023
2708
2708
2018
1239
1510
2932
1229
2539
2910
3585
2539
2461
1431
2461
1468
723
561
308
2145
2247
2151
2249
1225
2539
860
2314
308
1582
3789
1035
272
298
3636
1467
329
1139
3068
3784
165
1847
174
2947
1139
174
75
3515
2297
2295
227
4045
3237
1861
1789
435
331
389
335
2245
2245
737
84
70
76
85
85
3237
235
3231
1483
3992
1047
4041
3492
1582
235
1582
3969
1795
723
3303
2325
2313
388
2112
486
2148
235
235
3150
3502
2017
2945
372
2879
3150
3969
2019
4008
3668
3087
226
2019
226
1859
2387
2390
1880
1386
1031
1058
2772
1058
3126
1059
2411
2145
3145
3476
1059
1059
3515
3482
2725
4072
4072
4067
4064
4066
1059
38
2997
2976
460
3324
38
3282
3306
3246
442
4095
4092
442
1639
3539
1589
3520
1257
1275
1275
1326
1584
3283
1638
3530
3174
1789
3181
3562
3411
3400
327
210
1534
1527
3410
297
3411
425
121
3411
2732
3605
2729
3459
913
3469
733
3316
2818
774
3915
807
3166
3316
121
3270
3209
3215
38
286
38
972
783
285
1594
1559
2339
1399
298
1403
3263
2890
1963
2035
459
3737
2009
2999
2991
3807
602
596
914
602
914
2064
790
3093
3846
790
682
3895
682
2237
3465
846
3723
846
857
318
847
555
555
2836
2843
2009
2203
873
2184
1866
2429
3553
2448
2190
927
2401
2442
2401
2915
2988
3552
2990
2974
3270
3063
38
3492
3028
1624
3515
35
1560
1900
3822
23
3842
3814
3811
2842
3553
4030
3732
34
1162
474
2836
2328
778
2350
876
3102
1203
1210
1207
1613
1108
3091
1167
1664
2916
3189
2847
3189
3257
3913
3913
1089
2842
1604
1667
2842
1649
4073
1477
2297
3880
2840
2591
153
2307
3582
3656
3654
692
1236
2836
1265
1167
692
1269
2345
3965
1771
434
3965
1649
451
146
1154
1938
1731
1757
1772
2410
2568
2405
3913
2836
3014
2503
12
12
1877
3577
2997
2507
1877
2995
2917
501
138
2791
2616
3913
3669
4039
453
3824
3103
2127
3965
3917
3127
2616
187
980
1250
966
2616
2616
338
3922
573
525
565
983
2730
965
2782
965
964
2893
980
982
983
1535
2414
1492
1291
2066
1772
2888
3065
1345
3367
1352
2556
574
575
784
1259
3367
1447
1446
2157
538
305
971
900
2276
3016
454
1445
114
1805
1805
1357
1522
2545
898
106
3107
1302
2716
3123
1595
431
1762
3830
1713
1649
1715
1652
1408
1413
3634
3599
1414
3582
3675
416
1302
2579
2579
2196
2898
571
2196
2241
2196
2149
3922
779
2140
2220
2231
779
893
2106
151
884
481
480
470
2708
1302
1138
571
354
3335
897
2103
3329
1996
1143
1476
2540
927
974
6
1302
1276
3326
3961
3169
596
327
3967
2790
321
2326
368
2048
1476
5
596
2048
334
2324
1781
1781
1780
3271
1781
1780
1781
3095
3354
3354
607
3102
3127
4065
4081
4063
467
4080
1016
3462
671
635
954
1569
1052
596
1136
1149
1569
1135
3348
3432
3339
884
3432
2385
881
2127
2459
3462
2079
2155
3876
3417
3625
835
3637
3646
2811
2377
3620
3876
2144
835
244
2232
2226
3120
4030
639
1474
2278
3120
628
163
2669
1887
798
798
1798
1665
1590
798
799
3596
1080
3779
1081
3710
2811
3818
1900
1762
468
244
391
915
3710
589
1020
2354
2353
2353
1367
1335
1369
1284
1328
1294
3711
3885
3619
2667
3095
3149
1306
3082
2846
540
2582
3711
2582
3488
1941
3513
1747
386
1938
1938
2355
3710
3239
2645
3305
2999
2999
3252
1438
3306
2642
403
3887
3741
878
3604
2908
412
3909
3539
877
804
791
3887
802
2644
819
3710
3539
409
863
871
2858
3887
974
1007
2447
2645
2645
2450
2437
3299
2977
3975
2770
3066
2877
2184
2877
3017
2770
2179
301
2901
3160
3181
3185
4037
677
4070
3912
3929
2672
3951
3859
2238
2771
2771
1162
176
2770
2184
2615
2614
3307
149
770
3621
3346
1131
903
3358
1104
3307
2258
1075
3017
3044
2256
1383
1451
1452
1436
3975
973
970
3399
2578
570
2498
2576
2577
1471
2577
1471
571
1301
1499
1283
2238
3219
2474
3203
3203
3203
3203
3275
3275
3269
3269
934
607
819
3981
823
823
3975
1859
933
1071
2504
1063
2540
2540
694
1152
2543
1279
616
4020
3975
3982
3084
3996
3225
2504
1699
934
3750
943
167
655
1023
997
153
2504
3465
255
968
3212
3376
3482
3075
1844
3522
1833
1834
1702
913
677
687
3316
1818
698
3518
3464
3483
3465
3457
3629
2088
183
3629
1702
367
1699
1089
2205
3319
3622
3623
3623
3623
581
2653
3821
2536
2193
1077
162
1077
2824
3260
3261
1628
1952
1712
1000
1674
3970
1738
1738
3631
3628
2786
3970
3621
2721
3969
1952
3661
1884
4008
1652
2762
1649
2843
2821
1561
683
1884
4083
860
3174
3957
750
1685
3307
760
1684
268
299
1851
2204
1884
1776
288
2932
2122
1466
2143
2945
2019
1884
1903
2868
3820
2869
2023
2510
2078
1594
1583
2018
0
267
4090
1556
1587
3
3877
0
1901
2
2
3283
2
469
3653
1967
1967
1970
2071
3653
74
85
469
226
3462
74
1133
2167
3653
2246
1354
1167
1353
3153
3518
3507
3648
423
3244
3956
1885
1843
1823
3787
3788
2246
3788
2151
3635
3921
3778
2961
3850
3011
2961
2974
1726
3858
2956
2315
2956
3930
2150
3510
1155
4056
4046
980
1909
653
1578
2711
657
667
687
665
1251
1909
731
3949
952
2872
93
2711
1188
1195
952
2110
2872
806
3144
1143
1602
1111
1185
2867
2711
195
384
2098
129
246
2194
806
1955
1602
61
3712
2092
4053
2790
3484
608
4061
1965
1189
1049
2711
3427
3943
4050
4091
552
58
2445
2147
2150
1603
184
2159
4078
3943
896
928
3509
3119
3080
2445
3079
3094
2445
2375
3114
1205
608
3772
1409
4078
325
320
2173
3426
2941
2768
2768
2667
2874
1019
2445
459
2917
2666
3563
3930
1014
1507
1506
2247
1909
588
2115
756
3583
600
2187
3835
988
3835
3523
2223
3576
1727
1656
3558
2223
3206
2622
2594
1040
4063
3372
2617
3342
3505
2571
2605
2563
1129
867
3227
2544
3816
2115
3222
1505
3227
3816
3221
1467
2940
3375
2396
2715
621
1663
3519
707
3519
3504
1467
2387
1926
118
118
3309
465
1282
373
3155
382
1294
1294
1961
2641
465
2529
2631
1233
1350
1027
3008
1186
1027
3297
1142
1024
1186
1650
1692
3960
4000
3961
3186
3316
1024
4062
1419
2241
2695
1498
2184
1025
3330
3300
3330
3368
3313
3330
2569
1025
3911
518
3321
2131
986
1897
2627
514
1607
3334
2100
1142
1142
1168
2580
867
2656
2587
200
3036
1142
1267
201
1047
3773
3111
1571
1537
3184
2102
458
3219
3420
4010
1733
4003
1639
106
116
116
846
2168
2880
802
3334
375
3341
3356
311
336
452
11
1810
1547
1104
1335
422
1641
3564
1324
2445
1423
224
3073
257
238
2250
1740
1737
1739
3072
1754
1547
1639
2393
2393
1971
2144
2711
2711
1638
2711
991
867
1937
2949
838
1832
2190
2865
2857
833
3197
2999
2881
2250
2198
3256
3271
2881
3189
3251
3271
599
3854
2225
1847
1415
3585
2225
2255
2255
554
568
1547
142
1229
485
351
1454
1559
3476
2250
1692
2878
1847
1464
1465
1444
2271
469
2271
2151
3991
4045
4047
490
3986
2101
2530
439
2036
378
2101
2101
541
599
2101
1627
3381
3823
2528
2534
3828
2963
2531
2530
3389
3376
466
510
1711
2296
1711
485
2482
2483
1012
484
509
2530
1647
1873
2531
3509
360
142
4003
1759
1862
2180
2146
587
3261
3008
1421
2146
1836
1841
3678
3678
2734
1810
2734
2734
2282
2279
3037
2884
576
2742
2122
2090
3262
1810
2251
1332
2880
1486
505
3480
505
3892
3325
3185
3886
3037
2998
2746
3530
3256
3577
2998
421
1520
1205
1520
3751
3800
2405
3307
1512
1484
1513
2880
728
211
209
728
3419
2405
1303
479
469
469
471
468
471
3304
4027
2863
2746
48
1979
949
54
17
1206
1228
2529
494
2435
1979
2099
1636
4027
935
40
344
636
414
2435
2867
2318
4027
2134
258
1963
1967
1967
1961
612
519
4025
601
615
100
566
3447
2742
3442
1138
265
729
100
1838
629
275
2318
2403
2388
2338
2746
2320
3013
3006
3049
2323
3051
3053
3230
1679
634
2194
2872
1673
3070
1913
2016
1893
3070
3936
1461
1465
2763
2765
2752
2752
2815
1083
3000
3757
3743
511
2949
508
2958
499
258
62
198
2878
76
3577
1249
263
2099
1258
198
3230
1248
1648
1092
2105
2105
2110
1088
3535
1520
3728
3588
3844
415
1098
4055
3520
2599
1235
1526
2042
1339
2580
2572
1237
1440
3938
1446
2358
2221
263
3660
3656
3938
1173
1298
1284
2262
2670
584
2456
2452
3588
2670
3798
589
3679
1922
1584
2659
1944
2495
1466
2659
2352
3526
2408
1467
3188
2509
3147
3230
2628
1895
861
1597
2907
1256
1256
2927
2214
767
4035
3793
3885
3931
305
306
2210
165
339
2038
1329
3411
3406
3396
2675
1458
3749
1350
1349
2039
2454
2024
2679
1147
2458
3573
1339
2624
2586
618
1576
3149
3575
2673
3148
3170
3189
1436
1348
900
953
1140
923
2468
1438
3840
981
1403
980
3058
2676
1317
122
3231
3912
3155
1349
3921
922
1555
1721
2956
416
424
1590
3230
1808
1797
3357
1814
1573
1808
3569
1414
3583
2183
3632
370
1382
2214
2217
2234
2225
1075
356
1393
370
356
3056
433
2468
3187
2254
411
194
2468
3535
2717
2710
3923
1405
2710
1227
1618
2183
1216
3035
2878
1228
2878
852
2088
852
212
1623
366
3067
3961
3187
2401
2742
2088
3946
2605
1549
2034
3004
1925
2401
2605
1632
1545
461
935
1146
951
637
2949
981
681
3766
295
354
2422
981
2426
2415
354
3866
3043
3196
3577
935
295
3725
3725
3793
675
329
3793
737
651
677
3057
295
676
1043
1348
3434
2195
3342
1524
2905
2888
2882
3578
3434
3434
2700
625
1672
1955
1705
2083
1495
2733
2733
1955
2743
2743
3835
2430
3633
3375
3635
781
3342
2973
3356
1755
1890
3812
3576
2972
1836
2336
1837
3345
3577
3345
3945
1571
3849
3945
3578
3946
716
2867
1679
2117
3187
2066
2117
925
3490
3884
3598
1148
680
3187
1232
2648
1219
2925
1233
3866
1434
2338
3934
3169
1563
3718
2162
3139
3915
1841
1260
2826
1219
2162
1219
3370
3235
259
2119
4061
3178
3817
2118
2628
1507
2198
1244
1509
3816
2464
3844
739
3661
822
3441
3441
897
915
739
739
727
3677
914
739
1964
876
752
739
1001
1305
1067
2468
2938
2649
2486
2938
2873
2856
2195
687
1076
1067
2746
1068
2662
1076
4079
3145
1076
3894
716
3900
755
3943
1076
2409
3943
3926
3037
3027
306
42
685
3875
3816
2389
1504
259
1510
680
3352
1469
1199
2389
214
947
1118
215
2361
904
681
629
1593
2016
1412
1342
1329
1573
2098
3089
1630
3245
2982
2559
2098
1820
3117
2270
2295
2016
2217
431
3107
2016
2016
255
2472
1389
1854
2472
2869
1776
1878
1248
786
475
1865
3224
768
3403
768
3574
1039
1124
474
84
1060
794
694
690
137
719
84
3505
693
2029
27
1223
1222
27
3505
939
959
1697
1037
932
2871
958
1037
3066
1223
3459
2864
3482
3483
1452
1474
1609
1629
1029
1505
676
698
683
3067
2859
1697
1378
1049
2079
2274
2274
1941
869
3281
3283
1437
3292
1905
2156
577
2458
2971
1939
1897
1437
2969
383
2918
2574
1370
1341
2502
918
2505
2573
1895
1598
2680
2567
2680
3644
2724
2731
2357
2804
1917
1341
2762
2667
2623
3232
2969
342
3232
2958
1915
595
541
852
1823
1822
2988
609
2680
2228
2420
2672
1562
2227
1695
1368
504
504
109
3485
2105
2535
101
2680
2107
1853
3485
1419
1571
1712
1595
1368
1714
3444
3193
3143
3955
3957
2675
2216
3172
787
4018
4016
3309
4017
1068
4016
4005
157
319
251
1068
228
588
237
2218
239
3177
335
457
2185
3486
1933
3483
1124
2185
2403
1124
2403
685
1131
1026
407
150
385
321
457
685
3148
178
2408
346
1057
2583
606
1650
1829
1975
1091
3586
3586
3590
3838
3838
3019
3017
3430
2948
84
3997
84
2423
2714
3993
597
752
3587
835
709
267
1693
723
651
683
1062
1062
660
271
1326
696
66
619
3425
3708
3460
619
269
270
1126
1157
1326
2121
619
877
619
4055
4007
3427
4060
3118
1853
1840
1141
1400
1107
1140
1145
339
3865
339
3887
879
3758
125
147
199
125
223
209
43
2877
1724
43
1765
1637
3463
3708
3650
3455
3867
2305
2878
1169
1180
3460
3144
2159
2118
3981
2305
1133
3981
3680
2115
959
3243
2112
2091
2091
1641
2690
1645
1899
1377
1867
1378
1313
3310
1863
2545
600
1317
2146
2690
588
3307
379
584
2521
3435
3426
3215
368
3416
3683
368
1556
1591
1592
2664
2594
3683
3683
1117
2571
3030
606
1840
2411
2535
2001
3030
1141
3647
2435
1149
1141
3647
3734
1147
1854
2978
348
2035
2976
674
348
2741
1965
675
1892
3865
654
3864
2660
674
908
465
1866
908
1859
1858
470
2520
2055
2527
261
269
2521
2604
2976
2527
3023
3063
3197
3145
2001
3320
2605
1964
3105
3096
3648
416
3088
2001
279
1284
408
3145
2871
2871
594
3144
1161
757
3153
3027
3105
3137
379
377
2694
599
2432
601
593
3144
2432
3254
3252
3237
3236
3236
3100
800
2311
206
2306
468
1101
1048
2329
2340
2612
3326
3323
2345
363
3115
3287
3277
801
3279
3279
1270
799
1270
1475
1965
4028
846
2780
4028
4054
4054
3189
3663
3663
1329
1475
2028
3095
2029
3803
3803
223
2936
837
151
871
250
1965
1761
1737
1061
1687
1890
1683
1563
2912
2716
2718
1052
2929
2121
2706
2642
2706
2876
1554
3110
837
48
50
387
1429
2877
2516
1431
1418
1242
1052
837
526
1625
371
374
2195
2047
381
2041
772
3315
3010
1625
415
2195
3030
550
3027
3504
1314
1801
3510
3432
2943
1661
554
2254
2512
3602
3994
944
3978
3086
1661
1516
3989
1516
468
204
2600
897
2980
800
3633
550
801
2715
2705
551
551
1701
1274
1064
1686
1064
190
2524
256
293
274
1006
2419
3025
3416
3035
1327
3732
3945
4012
2060
1004
2410
1337
2443
2447
1596
2441
2155
2127
1314
846
764
766
2434
2443
2438
1303
2442
3862
2443
3775
3170
683
946
3862
3324
1732
816
2078
237
239
3724
3766
234
120
825
824
234
1140
687
3128
2361
3128
1898
1309
1758
3652
141
3645
3652
3643
1937
3707
2451
1143
903
577
582
903
903
1453
1278
382
1228
1454
2333
1413
974
2333
1865
235
2654
381
1234
57
1235
2941
809
809
314
2654
210
2346
2077
2366
2808
515
2077
589
2935
2801
514
3445
3454
211
2935
2799
4029
3660
379
426
4025
1138
321
2779
1958
1862
1805
2792
2384
2373
27
68
76
2596
27
27
2747
1910
1917
1916
3641
3340
3339
3641
1048
1914
3962
1958
3893
450
1883
3950
347
1124
2781
11
2973
3727
1159
1268
506
450
501
508
2182
4056
1745
2973
3702
1745
1626
1954
2972
2028
1860
1808
1145
1630
2118
2152
1808
2182
2982
2593
1041
2076
3516
1327
1258
1123
1094
907
3652
1525
907
1186
1529
1815
2677
2677
1186
803
2657
3703
2802
2076
1193
213
3612
1886
1020
1254
1813
1253
1191
1187
326
3700
623
2037
3512
215
2025
2886
1961
338
1907
1868
1889
622
2429
2886
3669
3010
2522
870
2527
1220
1225
2499
2502
2523
1884
866
1225
3650
2303
2258
2269
1882
1883
3196
3170
3667
3117
2886
513
2916
622
429
1516
2918
1508
556
575
1774
2176
622
1143
1927
2777
2177
2777
3669
2744
2021
609
2108
2108
2736
2070
2021
1038
1039
1034
1038
3630
2661
2707
2998
1774
756
2814
1901
606
2854
2855
2809
947
1514
1019
3026
2706
684
1507
3012
1903
3243
1077
627
3241
3039
680
609
609
3055
609
609
1257
2219
3549
2522
3252
2798
3262
2659
3261
2658
1489
1792
1447
2731
3487
1573
3486
2180
1882
2998
3935
3549
3521
3956
3932
2859
3373
2942
2252
2219
2234
2237
2091
881
2417
213
210
2415
2091
1351
762
2705
1243
762
3880
3737
1275
2730
3745
3546
3358
1119
3743
3642
847
862
11
1880
880
653
2230
907
653
2301
3130
1627
1619
520
573
700
1339
879
874
2380
645
1339
3040
2342
2307
949
2341
3171
2948
907
3089
2948
3385
834
3385
3118
3066
970
2473
1040
3036
2984
951
1101
1364
3546
3369
1149
605
17
2631
816
17
605
2629
2882
817
3160
3134
4042
307
2544
2984
2057
2118
3824
229
3819
229
3825
3830
3831
2990
2219
2118
3872
2255
1141
2958
2837
2839
2910
392
3884
2839
1513
396
1822
1813
1797
1822
1513
253
1773
1670
242
43
3845
48
3844
593
3844
46
2229
428
601
1148
2943
1267
1145
920
247
101
900
85
221
1415
1409
2029
605
253
607
2288
607
1310
3173
3158
101
2995
46
3045
346
3027
2923
2923
3500
2910
1816
680
1972
3501
58
1817
61
3242
3195
2963
3242
3734
2643
38
61
2995
3674
3092
3603
3591
2895
3742
3092
2963
3100
773
3101
540
774
34
905
896
908
896
904
380
999
2895
380
998
2719
3107
11
1304
2486
2002
62
2474
2490
2870
2149
2149
2004
3914
337
3005
337
2030
3923
1357
596
3186
3950
1503
2006
796
3897
3853
114
2502
596
796
36
990
2227
281
2092
3347
1687
2226
1696
2033
3349
3082
2007
1686
1683
2358
2356
2356
2994
1683
1696
1681
1900
542
540
792
2056
3601
793
2158
2158
1365
1408
3677
266
985
1351
264
4057
2637
2637
1675
2110
265
2661
3720
3726
3722
1365
1988
1174
918
3726
1902
3117
24
3835
3571
3903
1675
815
1788
1788
813
814
814
2625
1568
464
2018
1675
1296
464
3035
1003
1992
3033
3465
3229
1459
3557
3399
687
3229
1021
1359
1021
607
909
1133
1054
1574
1574
2505
1590
3696
1966
274
2389
1463
1484
2420
3902
2389
2358
1466
275
2655
346
2121
2655
3552
784
784
784
1496
2521
816
2518
1908
2497
816
1666
1667
1669
1908
1908
2593
2593
3650
2276
572
570
456
1283
2757
458
2184
457
2583
2775
1977
2757
579
456
2621
3025
1107
3025
1875
1850
882
2637
2652
2655
2621
1878
3955
2991
1879
1842
2222
2991
2997
2991
2512
2521
49
2636
55
2541
2614
1863
882
1580
1113
2863
826
1160
2149
3837
826
3609
3375
3612
3704
462
3747
818
3341
807
2609
1503
3342
3332
2626
2627
2149
1187
1084
1160
717
2158
1084
2158
2876
2099
613
613
820
2789
2948
2853
2857
2879
2756
3954
1515
2076
1876
1801
2486
877
1246
2787
2877
2877
2469
3635
2477
3026
1532
1514
729
3018
1242
3026
3041
1491
1585
1585
1499
4016
4006
2488
3240
597
3306
3240
690
2487
2876
4010
55
3857
3306
3283
3025
215
1248
208
3857
3076
208
3981
3999
4040
1873
3988
1192
1358
1108
208
1096
1354
1119
3834
214
3012
3227
3934
1759
3226
135
136
215
2489
2487
3324
1775
1607
2333
936
1251
2632
2625
3910
3439
3438
1182
1183
1183
3823
2333
385
795
1516
1516
795
968
1759
933
3320
1353
1828
1092
1855
1207
1844
922
1353
2794
3320
931
57
2597
3645
2618
690
4066
57
2568
2853
2817
1797
3971
3316
600
3317
603
587
4066
785
79
785
1286
79
939
3173
1581
1597
1588
3851
1592
2606
3971
3971
3971
2618
3910
2656
2620
1286
1559
2966
2590
1861
2675
3910
1362
2537
3059
2539
1555
1362
2071
2072
2990
2073
3908
1814
7
4
3631
2990
141
12
11
2840
10
239
3040
3834
3059
3042
3172
3049
3055
3051
3926
471
3056
2840
266
3546
2976
3042
3852
3924
3183
3195
3185
3327
3175
1363
3059
923
3920
3981
3735
2597
1972
3901
2205
2205
1472
4046
3546
4091
3565
4081
4082
3953
926
1280
3370
3370
4087
3066
3005
1085
840
972
3271
761
4046
2599
2564
172
2600
1973
3931
166
511
1915
1915
1458
3558
630
3552
630
617
915
625
3551
3219
318
1086
310
808
616
863
789
844
283
283
1703
3700
281
923
460
1703
1323
3041
3623
384
413
247
2050
150
625
2050
3630
1749
1742
3930
1627
1553
2076
3490
1386
2707
2705
3942
3006
2076
3943
1562
1401
1655
1387
3587
1332
1387
2127
1331
3300
1401
2302
1385
2064
2275
808
316
2003
316
316
2026
2155
625
3120
1695
3024
3043
449
3070
51
2191
449
3835
1655
2234
1799
4075
3675
3366
51
2301
2268
2293
169
50
2297
4070
4092
3985
4095
129
1796
245
4085
3086
205
1070
193
3219
813
3201
2814
719
2814
713
3046
2785
2785
2357
3308
3818
3817
2854
1971
4074
253
244
2109
2852
3975
2817
2696
2817
871
2854
221
356
871
3284
1294
3284
2216
1448
2218
2632
599
3280
2772
1687
598
2766
11
1638
1639
3285
3319
168
582
1063
1199
582
1561
2727
2803
2722
2727
3329
3340
1701
1706
1657
463
2735
1698
3831
3330
1344
2574
505
2561
2573
1141
2569
3314
2575
780
3167
3944
132
3965
1344
1448
3251
516
517
521
1444
3313
538
1846
97
146
543
516
301
97
825
101
3379
102
1308
301
1533
267
266
3617
266
2327
3647
3878
703
700
3043
984
1265
3897
1812
953
3043
247
941
3599
1140
862
654
46
683
3585
2919
1199
3318
3908
2913
1957
1957
1957
1957
1815
3814
565
523
1885
3300
3598
1431
1467
1467
3318
3957
646
1885
1806
3792
700
654
1196
1272
1844
1466
3093
2355
3909
2400
3956
2405
2378
703
2074
1210
3909
2766
1177
1213
2201
2199
3388
2049
3068
3937
2186
877
3272
1997
2013
3272
2184
3852
3950
3948
3948
2438
3726
3907
2928
3922
3740
3272
3272
2811
1974
505
509
450
509
506
1804
1678
1744
1744
1678
2811
1185
1879
1591
2686
2436
1192
2674
2983
2983
438
3272
2721
2687
2624
1251
1975
1224
292
3646
3953
3953
1495
2904
2230
3898
459
1528
2602
3666
2230
2294
2666
2664
3927
355
2686
1189
2729
3879
3926
1332
2337
1423
3602
482
2191
2651
457
1421
1871
3639
1870
2190
2459
3963
3332
289
2422
3329
3333
2613
2512
2512
2545
2508
2843
2813
604
2909
2972
3967
3619
847
560
383
878
2584
381
3332
3330
288
705
2279
554
556
2279
566
3233
472
549
2351
3408
319
2613
2817
3235
931
3243
3083
1956
3998
3998
1460
962
980
919
2059
4087
1386
902
3982
898
2332
2574
696
457
2977
2977
490
507
504
82
2427
2607
107
114
3393
2849
833
482
773
2592
3398
1013
1596
1558
452
2332
1593
1417
1416
1339
1575
654
3085
1584
452
1053
1615
3393
1053
3209
3209
3208
1759
3537
1694
2332
2332
143
2788
205
153
158
177
2744
2745
2699
3013
2718
2756
3721
472
2754
1536
2753
487
1621
969
844
3084
2879
3965
2959
458
2878
3000
4026
3315
394
2951
2948
2919
1722
3902
3522
1155
1971
3529
1408
2919
633
1634
2934
3215
907
2769
918
3208
681
947
1286
4058
3883
2600
772
4076
2521
3137
3124
3748
2130
956
2124
649
645
1169
2003
661
1099
2919
834
1060
1264
532
3213
1034
1283
1099
137
3343
3372
2119
541
3209
3332
3329
2635
1960
668
2032
2645
3208
2243
909
635
1266
955
3013
2267
1284
906
549
2265
2801
227
2511
2650
2899
3141
2899
2898
3137
131
2767
2771
2925
2752
2669
792
2787
1227
1781
1266
1513
1406
709
1521
1520
1515
3838
781
3822
593
924
2332
2224
3312
593
3158
633
20
847
759
2510
3911
2721
1416
693
858
475
3152
3909
694
3005
1518
418
3907
3956
3125
2002
2910
2921
2928
3645
3507
23
3979
3507
867
2655
4010
2511
3538
151
1658
590
797
440
427
31
2673
2826
2653
533
3732
1816
2650
3454
3760
2605
519
227
227
227
3403
3402
806
729
1020
647
31
2633
844
2426
997
996
3734
2486
3989
1819
1820
1814
1244
2485
1815
2477
542
2511
3021
293
3834
1614
646
2927
1564
4039
2414
3911
3916
3616
2507
4043
3616
3934
3857
3952
3871
1097
943
133
417
60
1614
1613
3352
1615
1612
1508
797
3621
137
943
2988
1328
137
1296
137
782
902
902
903
3715
997
997
943
491
725
1043
724
997
1631
943
943
702
2528
2538
395
1540
2611
1164
2209
1531
2432
2232
2537
3156
1165
2229
3610
3097
3681
2685
3801
2472
1295
207
1501
608
714
471
3813
1694
2562
1479
1518
1509
718
1477
3075
3822
3936
1222
1222
968
969
999
3722
2856
1523
1003
1003
1518
1248
1517
1751
1750
1778
1779
780
2465
3598
1519
3598
3703
3755
1975
3709
1257
1539
1539
942
4011
1038
1053
1135
3193
1260
996
3656
3714
3653
3810
4010
1333
4010
4013
4013
602
601
581
581
1084
1037
1131
3808
2492
3813
3813
1506
829
1439
3717
2594
1609
2594
1608
1604
2594
3975
2376
1556
1568
1706
1582
1707
1579
1067
2369
3399
1706
1707
1707
3830
1443
3573
3819
3819
52
3315
627
805
3344
2612
627
460
627
1887
1338
1338
1970
1970
1338
1338
1838
1792
1887
1336
1852
1834
3717
2461
829
2252
3345
4035
517
690
2458
701
685
1799
702
2540
2338
1806
2556
1806
59
541
59
1715
637
1724
1709
59
3311
2270
3196
632
3210
3235
2266
441
3917
2458
3683
1507
989
174
3188
651
2759
440
267
1116
1276
1154
1169
3635
446
1157
446
446
2565
833
2545
770
770
3778
1880
797
1833
1833
782
3615
2012
878
2077
651
2498
3492
59
2674
2076
237
4017
1443
660
871
657
1621
2673
890
2248
2672
3854
555
639
76
853
119
310
105
864
2599
2490
3516
202
1267
1257
1273
4068
880
1201
1200
4006
1620
3983
844
1095
3924
4078
1732
2011
1979
193
193
254
430
2311
413
149
540
1788
1772
2259
3722
3727
3727
1147
1676
852
3720
99
718
541
2259
710
876
711
715
2096
2696
2715
81
2533
4055
1813
2259
997
95
448
2572
2258
2563
906
2596
1083
933
2999
940
2997
467
2198
2999
1965
2947
2965
1075
3951
2134
3689
1156
2185
3580
3361
1075
2013
880
1271
1260
447
2605
436
2565
774
3695
1140
595
436
389
3907
613
593
3705
1243
933
3691
3691
972
39
1542
2598
1203
1620
3854
3607
2656
556
272
260
262
3709
2575
3709
1150
1116
260
263
1609
2069
1617
3303
2296
1601
3867
1814
1261
1142
2351
1203
3915
1233
3900
1210
1221
297
3279
3928
3927
476
1838
1102
2351
263
1550
1111
261
1518
3045
1103
3199
3092
3904
265
3607
3173
3089
3077
3981
3889
3099
3615
1292
1680
1311
1435
1474
20
1677
3812
2598
953
135
1179
3396
2096
3353
995
1499
172
1532
3439
3721
758
141
753
762
1680
3436
788
1606
301
2962
2944
3845
1610
1600
3034
2974
3015
463
507
2462
509
496
235
3947
1680
3967
3963
3902
3600
297
4086
3665
3601
4020
4028
3610
1685
2182
763
1684
260
1450
777
783
1110
1616
1684
3697
445
1161
1091
2251
1161
1444
873
3301
386
3153
1978
1937
1936
926
530
1680
2717
2709
2709
2717
2717
2717
2717
2957
3005
657
2973
2956
2251
3259
3477
375
3253
1621
2038
2037
4042
950
378
572
572
3466
2148
2260
1960
2030
382
914
374
912
349
3105
241
3009
3535
3477
2064
2213
3018
2360
2210
2811
2248
3664
2242
2148
2115
2253
849
3680
3989
2819
3986
923
2010
3853
395
424
398
395
922
912
1875
1860
2032
1856
1861
2825
4057
1858
1285
2156
909
2504
2157
425
2522
3744
2522
4043
2231
2230
2902
2225
2102
475
2233
1424
1289
479
3873
2232
2228
357
2227
3389
391
1227
300
3383
3664
3159
3738
3881
3159
3136
3137
3964
2239
3964
371
2721
3890
368
2824
2744
2819
393
1716
3383
3405
3403
3403
3404
2731
3405
2825
3533
1838
3301
3297
1838
1246
3957
2635
3933
3850
1459
1247
3173
1245
3905
2085
2085
3220
1562
1456
3570
3582
1457
991
988
3248
988
3550
826
2405
828
2407
2407
335
2404
2404
2404
728
1308
400
695
688
729
3096
1603
3624
1621
2085
2085
2887
2887
950
2881
726
763
1244
699
909
724
3902
1180
715
3955
711
3955
3954
3955
1782
1782
3980
942
245
2208
1331
3955
715
710
1562
2102
3896
2463
715
3885
2549
3569
1957
3558
482
321
1958
501
450
4035
3916
3313
2838
755
2818
1139
726
3151
2921
1110
3980
982
3161
3166
977
4043
471
887
1340
3723
4008
1340
335
320
2414
1811
3967
1340
2433
4040
2419
2140
121
1226
1530
3995
2408
862
2419
2620
2619
3219
2030
4056
839
843
852
3036
1695
592
3960
592
592
592
3963
1663
1657
3761
3771
3755
3757
3757
506
2975
1563
682
2550
2521
676
3310
1364
2520
3325
1796
98
2837
1091
2550
2550
1226
1213
1391
2784
2809
4014
3745
1630
98
3667
1065
2198
2055
548
376
1469
3756
1593
1365
4081
572
461
1366
2054
3821
4093
2676
3204
3824
975
461
3697
3714
1289
1173
1180
8
1187
2460
974
2471
2212
530
498
500
2199
2298
2766
1518
3356
1998
3752
2232
3718
3392
1043
2406
2406
3743
2380
1042
3559
2299
3667
1341
2237
2131
2503
3830
2935
3563
3670
3205
2190
3565
3437
516
3795
2239
2347
2136
345
345
1049
3563
487
1246
2159
3670
3302
1241
2343
2212
3031
2352
1247
1218
3718
2889
2440
2446
3503
2080
3493
3494
551
646
3493
3493
1240
2136
2783
884
2116
916
702
557
2116
664
664
2117
694
665
693
2128
3332
2117
2116
102
109
2034
1557
2604
71
1542
1557
2031
3719
3912
3022
1432
1820
54
1369
3594
3192
1583
3186
1579
3537
3596
3596
4081
444
3095
2924
2130
2236
559
177
1820
205
207
470
1840
241
2604
3178
2034
2698
3029
2745
2745
2986
2986
2986
1277
3029
1180
2986
2564
3334
2986
2511
2277
3323
281
3306
3321
2380
2380
557
2369
259
259
2492
2374
1323
3887
1199
2374
1612
2250
3498
3726
680
1813
10
3480
702
3489
193
3491
2417
2423
3118
2431
3898
3498
3020
3887
3880
3896
3886
633
3112
873
3146
3146
2183
2193
1151
561
2303
1081
3111
3150
1783
3807
3480
1776
1779
3481
2625
2289
3024
3654
2699
722
3676
1819
1621
3649
956
2275
636
3812
412
647
2274
3022
3846
3894
2896
2177
2213
2156
2288
