rank,host,stage,category,time_s,calls,cache_references,cache_misses,cache_miss_rate_percent,instructions,cycles,ipc,minor_faults,major_faults,rchar_bytes,wchar_bytes,physical_read_bytes,physical_write_bytes,voluntary_context_switches,involuntary_context_switches,send_messages,receive_messages,send_bytes,receive_bytes
0,cn4713,geometry_load,io,1.982233252,1,0,0,0,0,0,0,6102,0,1035097,0,10432512,0,201,2,0,0,0,0
0,cn4713,coarse_local_size,setup,0.535298329,1,0,0,0,0,0,0,8414,0,0,0,0,0,224,31,0,0,0,0
0,cn4713,coarse_edge_mesh,setup,0.014551149,1,0,0,0,0,0,0,507,0,0,0,0,0,2,0,0,0,0,0
0,cn4713,coarse_surface_mesh,setup,8.607187373,1,0,0,0,0,0,0,17249,0,0,0,0,0,24,8,0,0,0,0
0,cn4713,coarse_volume_mesh,setup,13.296968052,1,0,0,0,0,0,0,30846,0,0,0,0,0,35583,1561158,0,0,0,0
0,cn4713,coarse_mesh_save,io,0,0,0,0,0,0,0,0,0,0,0,0,0,0,0,0,0,0,0,0
0,cn4713,submesh_initialization,setup,0.000189821999811,1,0,0,0,0,0,0,57,0,0,0,0,0,0,0,0,0,0,0
0,cn4713,metis_partition,compute,0.18024422,1,0,0,0,0,0,0,1821,0,0,0,0,0,0,1,0,0,0,0
0,cn4713,face_map_setup,compute,0.00771387999976,1,0,0,0,0,0,0,606,0,0,0,0,0,0,0,0,0,0,0
0,cn4713,face_local_extract,compute,0.161619938,1,0,0,0,0,0,0,845,0,0,0,0,0,0,0,0,0,0,0
0,cn4713,face_pre_collective_wait,synchronization,0.0251877669998,1,0,0,0,0,0,0,21,0,0,0,0,0,0,0,0,0,0,0
0,cn4713,face_collective_setup,compute,0.000151241999902,1,0,0,0,0,0,0,16,0,0,0,0,0,0,0,0,0,0,0
0,cn4713,face_allgatherv,communication,0.063095079,1,0,0,0,0,0,0,1148,0,0,0,0,0,2,0,1,1,75808,4859624
0,cn4713,face_global_merge,compute,0.0800334380001,1,0,0,0,0,0,0,651,0,0,0,0,0,0,0,0,0,0,0
0,cn4713,part_face_create,compute,0.0189884260003,1,0,0,0,0,0,0,30,0,0,0,0,0,0,0,0,0,0,0
0,cn4713,surface_refine,compute,0.0158015849997,1,0,0,0,0,0,0,53,0,0,0,0,0,0,0,0,0,0,0
0,cn4713,refined_surface_save,io,0,0,0,0,0,0,0,0,0,0,0,0,0,0,0,0,0,0,0,0
0,cn4713,local_volume_mesh,compute,14.134278422,1,0,0,0,0,0,0,7457,0,0,0,0,0,24730,1413031,0,0,0,0
0,cn4713,volume_refine,compute,0.993349995,1,0,0,0,0,0,0,9144,0,0,0,0,0,0,1,0,0,0,0
0,cn4713,refined_volume_save,io,0,0,0,0,0,0,0,0,0,0,0,0,0,0,0,0,0,0,0,0
0,cn4713,adjacency_build,compute,0.0041559729998,1,0,0,0,0,0,0,7,0,0,0,0,0,0,0,0,0,0,0
0,cn4713,vertex_numbering_local,compute,0.0167156369998,1,0,0,0,0,0,0,11,0,0,0,0,0,0,0,0,0,0,0
0,cn4713,vertex_count_allgather,communication,1.681774771,1,0,0,0,0,0,0,43,0,0,0,0,0,0,2,1,1,4,256
0,cn4713,element_count_allgather,communication,0.000812130000213,1,0,0,0,0,0,0,0,0,0,0,0,0,0,0,1,1,4,256
0,cn4713,vertex_exchange_prepare,compute,1.59999999596e-05,1,0,0,0,0,0,0,0,0,0,0,0,0,0,0,0,0,0,0
0,cn4713,vertex_exchange,communication,0.00403963300005,1,0,0,0,0,0,0,34,0,0,0,0,0,1,0,6,4,267828,1848
0,cn4713,vertex_exchange_unpack,compute,6.60209998387e-05,1,0,0,0,0,0,0,0,0,0,0,0,0,0,0,0,0,0,0
0,cn4713,partition_result_io,io,0,0,0,0,0,0,0,0,0,0,0,0,0,0,0,0,0,0,0,0
0,cn4713,volume_exchange_pack,compute,0.315603297,2,0,0,0,0,0,0,1184,0,0,0,0,0,0,0,0,0,0,0
0,cn4713,volume_size_exchange,communication,0.039660935,1,0,0,0,0,0,0,45,0,0,0,0,0,0,0,5,5,20,20
0,cn4713,volume_payload_prepare,compute,0.000289304000034,1,0,0,0,0,0,0,68,0,0,0,0,0,0,0,0,0,0,0
0,cn4713,volume_payload_exchange,communication,0.00235697100015,1,0,0,0,0,0,0,352,0,0,0,0,0,0,0,5,5,2838240,2855280
0,cn4713,volume_exchange_unpack,compute,0.236639812,1,0,0,0,0,0,0,9251,0,0,0,0,0,0,0,0,0,0,0
0,cn4713,final_mesh_save,io,0,0,0,0,0,0,0,0,0,0,0,0,0,0,0,0,0,0,0,0
0,cn4713,testout_io,io,0,0,0,0,0,0,0,0,0,0,0,0,0,0,0,0,0,0,0,0
0,cn4713,final_count_exchange,communication,0,0,0,0,0,0,0,0,0,0,0,0,0,0,0,0,0,0,0,0
0,cn4713,quality_evaluation,postprocess,0,0,0,0,0,0,0,0,0,0,0,0,0,0,0,0,0,0,0,0
1,cn4714,geometry_load,io,1.940445272,1,0,0,0,0,0,0,6107,0,1035096,0,10428416,0,203,1,0,0,0,0
1,cn4714,coarse_local_size,setup,0.503027792,1,0,0,0,0,0,0,8282,0,0,0,0,0,209,29,0,0,0,0
1,cn4714,coarse_edge_mesh,setup,0.0143641270001,1,0,0,0,0,0,0,506,0,0,0,0,0,2,0,0,0,0,0
1,cn4714,coarse_surface_mesh,setup,8.28069037,1,0,0,0,0,0,0,15316,0,0,0,0,0,24,10,0,0,0,0
1,cn4714,coarse_volume_mesh,setup,13.539428274,1,0,0,0,0,0,0,27539,0,0,0,0,0,37884,1686477,0,0,0,0
1,cn4714,coarse_mesh_save,io,0,0,0,0,0,0,0,0,0,0,0,0,0,0,0,0,0,0,0,0
1,cn4714,submesh_initialization,setup,0.000182262999715,1,0,0,0,0,0,0,52,0,0,0,0,0,0,0,0,0,0,0
1,cn4714,metis_partition,compute,0.176041785,1,0,0,0,0,0,0,1478,0,0,0,0,0,0,0,0,0,0,0
1,cn4714,face_map_setup,compute,0.00749614799997,1,0,0,0,0,0,0,583,0,0,0,0,0,0,0,0,0,0,0
1,cn4714,face_local_extract,compute,0.160590782,1,0,0,0,0,0,0,1770,0,0,0,0,0,0,0,0,0,0,0
1,cn4714,face_pre_collective_wait,synchronization,0.0307489650004,1,0,0,0,0,0,0,19,0,0,0,0,0,0,0,0,0,0,0
1,cn4714,face_collective_setup,compute,0.00283082099986,1,0,0,0,0,0,0,14,0,0,0,0,0,3,0,0,0,0,0
1,cn4714,face_allgatherv,communication,0.0603323720002,1,0,0,0,0,0,0,1147,0,0,0,0,0,0,0,1,1,75808,4859624
1,cn4714,face_global_merge,compute,0.0798760140001,1,0,0,0,0,0,0,728,0,0,0,0,0,0,0,0,0,0,0
1,cn4714,part_face_create,compute,0.0187365910001,1,0,0,0,0,0,0,29,0,0,0,0,0,0,0,0,0,0,0
1,cn4714,surface_refine,compute,0.0149299750001,1,0,0,0,0,0,0,62,0,0,0,0,0,0,0,0,0,0,0
1,cn4714,refined_surface_save,io,0,0,0,0,0,0,0,0,0,0,0,0,0,0,0,0,0,0,0,0
1,cn4714,local_volume_mesh,compute,12.184615147,1,0,0,0,0,0,0,4449,0,0,0,0,0,23323,1279510,0,0,0,0
1,cn4714,volume_refine,compute,0.842709502,1,0,0,0,0,0,0,5373,0,0,0,0,0,0,1,0,0,0,0
1,cn4714,refined_volume_save,io,0,0,0,0,0,0,0,0,0,0,0,0,0,0,0,0,0,0,0,0
1,cn4714,adjacency_build,compute,0.0036340720003,1,0,0,0,0,0,0,0,0,0,0,0,0,0,0,0,0,0,0
1,cn4714,vertex_numbering_local,compute,0.0152320410002,1,0,0,0,0,0,0,102,0,0,0,0,0,0,0,0,0,0,0
1,cn4714,vertex_count_allgather,communication,3.783123371,1,0,0,0,0,0,0,93,0,0,0,0,0,0,7,1,1,4,256
1,cn4714,element_count_allgather,communication,0.000754771000175,1,0,0,0,0,0,0,1,0,0,0,0,0,0,0,1,1,4,256
1,cn4714,vertex_exchange_prepare,compute,0.000103080999907,1,0,0,0,0,0,0,30,0,0,0,0,0,0,0,0,0,0,0
1,cn4714,vertex_exchange,communication,0.00502303199983,1,0,0,0,0,0,0,73,0,0,0,0,0,2,0,5,3,113256,98670
1,cn4714,vertex_exchange_unpack,compute,0.00153704200011,1,0,0,0,0,0,0,149,0,0,0,0,0,0,0,0,0,0,0
1,cn4714,partition_result_io,io,0,0,0,0,0,0,0,0,0,0,0,0,0,0,0,0,0,0,0,0
1,cn4714,volume_exchange_pack,compute,0.283462497,2,0,0,0,0,0,0,2233,0,0,0,0,0,0,1,0,0,0,0
1,cn4714,volume_size_exchange,communication,0.0310060680004,1,0,0,0,0,0,0,0,0,0,0,0,0,0,0,4,4,16,16
1,cn4714,volume_payload_prepare,compute,0.000225644000238,1,0,0,0,0,0,0,34,0,0,0,0,0,0,0,0,0,0,0
1,cn4714,volume_payload_exchange,communication,0.0414243390001,1,0,0,0,0,0,0,137,0,0,0,0,0,0,0,4,4,2234400,2222160
1,cn4714,volume_exchange_unpack,compute,0.192474923,1,0,0,0,0,0,0,8250,0,0,0,0,0,0,0,0,0,0,0
1,cn4714,final_mesh_save,io,0,0,0,0,0,0,0,0,0,0,0,0,0,0,0,0,0,0,0,0
1,cn4714,testout_io,io,0,0,0,0,0,0,0,0,0,0,0,0,0,0,0,0,0,0,0,0
1,cn4714,final_count_exchange,communication,0,0,0,0,0,0,0,0,0,0,0,0,0,0,0,0,0,0,0,0
1,cn4714,quality_evaluation,postprocess,0,0,0,0,0,0,0,0,0,0,0,0,0,0,0,0,0,0,0,0
2,cn4715,geometry_load,io,2.047459367,1,0,0,0,0,0,0,6106,0,1035096,0,10428416,0,203,20,0,0,0,0
2,cn4715,coarse_local_size,setup,0.527819537,1,0,0,0,0,0,0,8591,0,0,0,0,0,223,31,0,0,0,0
2,cn4715,coarse_edge_mesh,setup,0.0144981469998,1,0,0,0,0,0,0,487,0,0,0,0,0,2,0,0,0,0,0
2,cn4715,coarse_surface_mesh,setup,8.68435044,1,0,0,0,0,0,0,15349,0,0,0,0,0,24,80,0,0,0,0
2,cn4715,coarse_volume_mesh,setup,13.399199999,1,0,0,0,0,0,0,29414,0,0,0,0,0,36394,1568234,0,0,0,0
2,cn4715,coarse_mesh_save,io,0,0,0,0,0,0,0,0,0,0,0,0,0,0,0,0,0,0,0,0
2,cn4715,submesh_initialization,setup,0.000192241999684,1,0,0,0,0,0,0,62,0,0,0,0,0,0,0,0,0,0,0
2,cn4715,metis_partition,compute,0.180023319,1,0,0,0,0,0,0,1893,0,0,0,0,0,0,1,0,0,0,0
2,cn4715,face_map_setup,compute,0.00766373799979,1,0,0,0,0,0,0,618,0,0,0,0,0,0,0,0,0,0,0
2,cn4715,face_local_extract,compute,0.16301314,1,0,0,0,0,0,0,793,0,0,0,0,0,0,2,0,0,0,0
2,cn4715,face_pre_collective_wait,synchronization,0.0241759710002,1,0,0,0,0,0,0,20,0,0,0,0,0,0,0,0,0,0,0
2,cn4715,face_collective_setup,compute,0.00307152000005,1,0,0,0,0,0,0,16,0,0,0,0,0,3,0,0,0,0,0
2,cn4715,face_allgatherv,communication,0.0600180330002,1,0,0,0,0,0,0,636,0,0,0,0,0,0,0,1,1,75808,4859624
2,cn4715,face_global_merge,compute,0.0803371350003,1,0,0,0,0,0,0,706,0,0,0,0,0,0,1,0,0,0,0
2,cn4715,part_face_create,compute,0.0187620820002,1,0,0,0,0,0,0,21,0,0,0,0,0,0,0,0,0,0,0
2,cn4715,surface_refine,compute,0.0112263450001,1,0,0,0,0,0,0,49,0,0,0,0,0,0,0,0,0,0,0
2,cn4715,refined_surface_save,io,0,0,0,0,0,0,0,0,0,0,0,0,0,0,0,0,0,0,0,0
2,cn4715,local_volume_mesh,compute,11.83460871,1,0,0,0,0,0,0,1920,0,0,0,0,0,20040,1067275,0,0,0,0
2,cn4715,volume_refine,compute,0.814417288,1,0,0,0,0,0,0,9128,0,0,0,0,0,0,7,0,0,0,0
2,cn4715,refined_volume_save,io,0,0,0,0,0,0,0,0,0,0,0,0,0,0,0,0,0,0,0,0
2,cn4715,adjacency_build,compute,0.00353446600002,1,0,0,0,0,0,0,32,0,0,0,0,0,0,0,0,0,0,0
2,cn4715,vertex_numbering_local,compute,0.00667664599996,1,0,0,0,0,0,0,53,0,0,0,0,0,0,1,0,0,0,0
2,cn4715,vertex_count_allgather,communication,4.173990354,1,0,0,0,0,0,0,45,0,0,0,0,0,0,36,1,1,4,256
2,cn4715,element_count_allgather,communication,0.00104475399985,1,0,0,0,0,0,0,0,0,0,0,0,0,0,0,1,1,4,256
2,cn4715,vertex_exchange_prepare,compute,1.33799999276e-05,1,0,0,0,0,0,0,0,0,0,0,0,0,0,0,0,0,0,0
2,cn4715,vertex_exchange,communication,0.00317540000015,1,0,0,0,0,0,0,13,0,0,0,0,0,2,0,2,1,9064,18282
2,cn4715,vertex_exchange_unpack,compute,0.000308944000153,1,0,0,0,0,0,0,0,0,0,0,0,0,0,0,0,0,0,0
2,cn4715,partition_result_io,io,0,0,0,0,0,0,0,0,0,0,0,0,0,0,0,0,0,0,0,0
2,cn4715,volume_exchange_pack,compute,0.153216373,2,0,0,0,0,0,0,1,0,0,0,0,0,0,1,0,0,0,0
2,cn4715,volume_size_exchange,communication,0.160573628,1,0,0,0,0,0,0,1,0,0,0,0,0,0,1,2,2,8,8
2,cn4715,volume_payload_prepare,compute,3.28000000991e-05,1,0,0,0,0,0,0,0,0,0,0,0,0,0,0,0,0,0,0
2,cn4715,volume_payload_exchange,communication,0.0451026609999,1,0,0,0,0,0,0,17,0,0,0,0,0,0,0,2,2,277800,277800
2,cn4715,volume_exchange_unpack,compute,0.140660311,1,0,0,0,0,0,0,7166,0,0,0,0,0,0,4,0,0,0,0
2,cn4715,final_mesh_save,io,0,0,0,0,0,0,0,0,0,0,0,0,0,0,0,0,0,0,0,0
2,cn4715,testout_io,io,0,0,0,0,0,0,0,0,0,0,0,0,0,0,0,0,0,0,0,0
2,cn4715,final_count_exchange,communication,0,0,0,0,0,0,0,0,0,0,0,0,0,0,0,0,0,0,0,0
2,cn4715,quality_evaluation,postprocess,0,0,0,0,0,0,0,0,0,0,0,0,0,0,0,0,0,0,0,0
3,cn4716,geometry_load,io,1.941507919,1,0,0,0,0,0,0,5960,0,1035096,0,10428416,0,203,2,0,0,0,0
3,cn4716,coarse_local_size,setup,0.520416749,1,0,0,0,0,0,0,8478,0,0,0,0,0,246,29,0,0,0,0
3,cn4716,coarse_edge_mesh,setup,0.0149536089998,1,0,0,0,0,0,0,522,0,0,0,0,0,2,0,0,0,0,0
3,cn4716,coarse_surface_mesh,setup,8.534829491,1,0,0,0,0,0,0,17234,0,0,0,0,0,24,9,0,0,0,0
3,cn4716,coarse_volume_mesh,setup,13.499191932,1,0,0,0,0,0,0,32628,0,0,0,0,0,36569,1670120,0,0,0,0
3,cn4716,coarse_mesh_save,io,0,0,0,0,0,0,0,0,0,0,0,0,0,0,0,0,0,0,0,0
3,cn4716,submesh_initialization,setup,0.000196562999918,1,0,0,0,0,0,0,61,0,0,0,0,0,0,0,0,0,0,0
3,cn4716,metis_partition,compute,0.179443526,1,0,0,0,0,0,0,2183,0,0,0,0,0,0,0,0,0,0,0
3,cn4716,face_map_setup,compute,0.00786346999985,1,0,0,0,0,0,0,615,0,0,0,0,0,0,0,0,0,0,0
3,cn4716,face_local_extract,compute,0.164329895,1,0,0,0,0,0,0,839,0,0,0,0,0,0,0,0,0,0,0
3,cn4716,face_pre_collective_wait,synchronization,0.0231513640001,1,0,0,0,0,0,0,20,0,0,0,0,0,0,0,0,0,0,0
3,cn4716,face_collective_setup,compute,0.000148562000049,1,0,0,0,0,0,0,16,0,0,0,0,0,0,0,0,0,0,0
3,cn4716,face_allgatherv,communication,0.062900379,1,0,0,0,0,0,0,830,0,0,0,0,0,1,0,1,1,75808,4859624
3,cn4716,face_global_merge,compute,0.0782191120002,1,0,0,0,0,0,0,532,0,0,0,0,0,0,0,0,0,0,0
3,cn4716,part_face_create,compute,0.0192819100002,1,0,0,0,0,0,0,41,0,0,0,0,0,0,0,0,0,0,0
3,cn4716,surface_refine,compute,0.0197031350003,1,0,0,0,0,0,0,7,0,0,0,0,0,0,0,0,0,0,0
3,cn4716,refined_surface_save,io,0,0,0,0,0,0,0,0,0,0,0,0,0,0,0,0,0,0,0,0
3,cn4716,local_volume_mesh,compute,15.686717626,1,0,0,0,0,0,0,9119,0,0,0,0,0,27696,1508737,0,0,0,0
3,cn4716,volume_refine,compute,1.118946309,1,0,0,0,0,0,0,9555,0,0,0,0,0,0,1,0,0,0,0
3,cn4716,refined_volume_save,io,0,0,0,0,0,0,0,0,0,0,0,0,0,0,0,0,0,0,0,0
3,cn4716,adjacency_build,compute,0.0040855770003,1,0,0,0,0,0,0,9,0,0,0,0,0,0,0,0,0,0,0
3,cn4716,vertex_numbering_local,compute,0.018049972,1,0,0,0,0,0,0,11,0,0,0,0,0,0,0,0,0,0,0
3,cn4716,vertex_count_allgather,communication,0.000241043000187,1,0,0,0,0,0,0,44,0,0,0,0,0,0,0,1,1,4,256
3,cn4716,element_count_allgather,communication,0.000804611000149,1,0,0,0,0,0,0,0,0,0,0,0,0,0,0,1,1,4,256
3,cn4716,vertex_exchange_prepare,compute,2.06600002457e-05,1,0,0,0,0,0,0,0,0,0,0,0,0,0,0,0,0,0,0
3,cn4716,vertex_exchange,communication,0.0039511949999,1,0,0,0,0,0,0,35,0,0,0,0,0,1,0,5,3,81972,104016
3,cn4716,vertex_exchange_unpack,compute,0.00155744099993,1,0,0,0,0,0,0,0,0,0,0,0,0,0,0,0,0,0,0
3,cn4716,partition_result_io,io,0,0,0,0,0,0,0,0,0,0,0,0,0,0,0,0,0,0,0,0
3,cn4716,volume_exchange_pack,compute,0.310944123,2,0,0,0,0,0,0,418,0,0,0,0,0,0,0,0,0,0,0
3,cn4716,volume_size_exchange,communication,0.0437980319998,1,0,0,0,0,0,0,1,0,0,0,0,0,0,0,6,6,24,24
3,cn4716,volume_payload_prepare,compute,0.00033900399967,1,0,0,0,0,0,0,98,0,0,0,0,0,0,0,0,0,0,0
3,cn4716,volume_payload_exchange,communication,0.00231459199995,1,0,0,0,0,0,0,232,0,0,0,0,0,0,0,6,6,1921320,1913280
3,cn4716,volume_exchange_unpack,compute,0.235966056,1,0,0,0,0,0,0,10637,0,0,0,0,0,0,1,0,0,0,0
3,cn4716,final_mesh_save,io,0,0,0,0,0,0,0,0,0,0,0,0,0,0,0,0,0,0,0,0
3,cn4716,testout_io,io,0,0,0,0,0,0,0,0,0,0,0,0,0,0,0,0,0,0,0,0
3,cn4716,final_count_exchange,communication,0,0,0,0,0,0,0,0,0,0,0,0,0,0,0,0,0,0,0,0
3,cn4716,quality_evaluation,postprocess,0,0,0,0,0,0,0,0,0,0,0,0,0,0,0,0,0,0,0,0
4,cn4717,geometry_load,io,2.007656123,1,0,0,0,0,0,0,5962,0,1035096,0,10428416,0,203,3,0,0,0,0
4,cn4717,coarse_local_size,setup,0.523269213,1,0,0,0,0,0,0,8414,0,0,0,0,0,221,32,0,0,0,0
4,cn4717,coarse_edge_mesh,setup,0.0145621219999,1,0,0,0,0,0,0,515,0,0,0,0,0,2,0,0,0,0,0
4,cn4717,coarse_surface_mesh,setup,8.503365043,1,0,0,0,0,0,0,15259,0,0,0,0,0,24,15,0,0,0,0
4,cn4717,coarse_volume_mesh,setup,13.327324752,1,0,0,0,0,0,0,27971,0,0,0,0,0,35361,1533326,0,0,0,0
4,cn4717,coarse_mesh_save,io,0,0,0,0,0,0,0,0,0,0,0,0,0,0,0,0,0,0,0,0
4,cn4717,submesh_initialization,setup,0.000152041000092,1,0,0,0,0,0,0,5,0,0,0,0,0,0,0,0,0,0,0
4,cn4717,metis_partition,compute,0.166452849,1,0,0,0,0,0,0,458,0,0,0,0,0,0,0,0,0,0,0
4,cn4717,face_map_setup,compute,0.00697333799963,1,0,0,0,0,0,0,264,0,0,0,0,0,0,0,0,0,0,0
4,cn4717,face_local_extract,compute,0.160537304,1,0,0,0,0,0,0,199,0,0,0,0,0,0,0,0,0,0,0
4,cn4717,face_pre_collective_wait,synchronization,0.0409830150002,1,0,0,0,0,0,0,20,0,0,0,0,0,0,1,0,0,0,0
4,cn4717,face_collective_setup,compute,0.000152360999891,1,0,0,0,0,0,0,16,0,0,0,0,0,0,0,0,0,0,0
4,cn4717,face_allgatherv,communication,0.0628757589998,1,0,0,0,0,0,0,554,0,0,0,0,0,2,0,1,1,75808,4859624
4,cn4717,face_global_merge,compute,0.0748732119996,1,0,0,0,0,0,0,82,0,0,0,0,0,0,0,0,0,0,0
4,cn4717,part_face_create,compute,0.0176855969999,1,0,0,0,0,0,0,4,0,0,0,0,0,0,0,0,0,0,0
4,cn4717,surface_refine,compute,0.0108005400002,1,0,0,0,0,0,0,45,0,0,0,0,0,0,0,0,0,0,0
4,cn4717,refined_surface_save,io,0,0,0,0,0,0,0,0,0,0,0,0,0,0,0,0,0,0,0,0
4,cn4717,local_volume_mesh,compute,11.446089154,1,0,0,0,0,0,0,1623,0,0,0,0,0,22121,1022879,0,0,0,0
4,cn4717,volume_refine,compute,0.696464397,1,0,0,0,0,0,0,4239,0,0,0,0,0,0,1,0,0,0,0
4,cn4717,refined_volume_save,io,0,0,0,0,0,0,0,0,0,0,0,0,0,0,0,0,0,0,0,0
4,cn4717,adjacency_build,compute,0.00368226099999,1,0,0,0,0,0,0,0,0,0,0,0,0,0,0,0,0,0,0
4,cn4717,vertex_numbering_local,compute,0.0133593679998,1,0,0,0,0,0,0,48,0,0,0,0,0,0,0,0,0,0,0
4,cn4717,vertex_count_allgather,communication,4.682847701,1,0,0,0,0,0,0,123,0,0,0,0,0,0,5,1,1,4,256
4,cn4717,element_count_allgather,communication,0.00088009000001,1,0,0,0,0,0,0,4,0,0,0,0,0,0,0,1,1,4,256
4,cn4717,vertex_exchange_prepare,compute,1.74799997694e-05,1,0,0,0,0,0,0,4,0,0,0,0,0,0,0,0,0,0,0
4,cn4717,vertex_exchange,communication,0.00525045899985,1,0,0,0,0,0,0,110,0,0,0,0,0,1,0,4,3,235026,1430
4,cn4717,vertex_exchange_unpack,compute,6.29010000921e-05,1,0,0,0,0,0,0,15,0,0,0,0,0,0,0,0,0,0,0
4,cn4717,partition_result_io,io,0,0,0,0,0,0,0,0,0,0,0,0,0,0,0,0,0,0,0,0
4,cn4717,volume_exchange_pack,compute,0.260582035,2,0,0,0,0,0,0,1583,0,0,0,0,0,0,0,0,0,0,0
4,cn4717,volume_size_exchange,communication,0.095265978,1,0,0,0,0,0,0,1,0,0,0,0,0,0,0,3,3,12,12
4,cn4717,volume_payload_prepare,compute,0.000287202999971,1,0,0,0,0,0,0,102,0,0,0,0,0,0,0,0,0,0,0
4,cn4717,volume_payload_exchange,communication,0.00241512699995,1,0,0,0,0,0,0,532,0,0,0,0,0,0,0,3,3,2508240,2512320
4,cn4717,volume_exchange_unpack,compute,0.176371499,1,0,0,0,0,0,0,7020,0,0,0,0,0,0,0,0,0,0,0
4,cn4717,final_mesh_save,io,0,0,0,0,0,0,0,0,0,0,0,0,0,0,0,0,0,0,0,0
4,cn4717,testout_io,io,0,0,0,0,0,0,0,0,0,0,0,0,0,0,0,0,0,0,0,0
4,cn4717,final_count_exchange,communication,0,0,0,0,0,0,0,0,0,0,0,0,0,0,0,0,0,0,0,0
4,cn4717,quality_evaluation,postprocess,0,0,0,0,0,0,0,0,0,0,0,0,0,0,0,0,0,0,0,0
5,cn4718,geometry_load,io,1.973384958,1,0,0,0,0,0,0,5962,0,1035096,0,10428416,0,203,2,0,0,0,0
5,cn4718,coarse_local_size,setup,0.509704358,1,0,0,0,0,0,0,8655,0,0,0,0,0,194,30,0,0,0,0
5,cn4718,coarse_edge_mesh,setup,0.0146237639997,1,0,0,0,0,0,0,515,0,0,0,0,0,2,0,0,0,0,0
5,cn4718,coarse_surface_mesh,setup,28.378805846,1,0,0,0,0,0,0,17334,0,0,0,0,0,24,10,0,0,0,0
5,cn4718,coarse_volume_mesh,setup,13.51607165,1,0,0,0,0,0,0,28180,0,0,0,0,0,38971,1734682,0,0,0,0
5,cn4718,coarse_mesh_save,io,0,0,0,0,0,0,0,0,0,0,0,0,0,0,0,0,0,0,0,0
5,cn4718,submesh_initialization,setup,0.000127782000163,1,0,0,0,0,0,0,1,0,0,0,0,0,0,0,0,0,0,0
5,cn4718,metis_partition,compute,0.17610094,1,0,0,0,0,0,0,337,0,0,0,0,0,0,0,0,0,0,0
5,cn4718,face_map_setup,compute,0.00733666199994,1,0,0,0,0,0,0,222,0,0,0,0,0,0,0,0,0,0,0
5,cn4718,face_local_extract,compute,0.164562038,1,0,0,0,0,0,0,673,0,0,0,0,0,0,1,0,0,0,0
5,cn4718,face_pre_collective_wait,synchronization,0.0271285580002,1,0,0,0,0,0,0,0,0,0,0,0,0,0,0,0,0,0,0
5,cn4718,face_collective_setup,compute,0.000149942000007,1,0,0,0,0,0,0,16,0,0,0,0,0,0,0,0,0,0,0
5,cn4718,face_allgatherv,communication,0.0652530510001,1,0,0,0,0,0,0,849,0,0,0,0,0,4,0,1,1,75808,4859624
5,cn4718,face_global_merge,compute,0.0778219070003,1,0,0,0,0,0,0,261,0,0,0,0,0,0,0,0,0,0,0
5,cn4718,part_face_create,compute,0.0187577820002,1,0,0,0,0,0,0,3,0,0,0,0,0,0,0,0,0,0,0
5,cn4718,surface_refine,compute,0.0168394349998,1,0,0,0,0,0,0,43,0,0,0,0,0,0,0,0,0,0,0
5,cn4718,refined_surface_save,io,0,0,0,0,0,0,0,0,0,0,0,0,0,0,0,0,0,0,0,0
5,cn4718,local_volume_mesh,compute,13.169712293,1,0,0,0,0,0,0,11459,0,0,0,0,0,18301,1181462,0,0,0,0
5,cn4718,volume_refine,compute,0.92946044,1,0,0,0,0,0,0,8060,0,0,0,0,0,0,1,0,0,0,0
5,cn4718,refined_volume_save,io,0,0,0,0,0,0,0,0,0,0,0,0,0,0,0,0,0,0,0,0
5,cn4718,adjacency_build,compute,0.00391971499994,1,0,0,0,0,0,0,8,0,0,0,0,0,0,0,0,0,0,0
5,cn4718,vertex_numbering_local,compute,0.0152333330002,1,0,0,0,0,0,0,175,0,0,0,0,0,0,0,0,0,0,0
5,cn4718,vertex_count_allgather,communication,2.711281523,1,0,0,0,0,0,0,79,0,0,0,0,0,0,3,1,1,4,256
5,cn4718,element_count_allgather,communication,0.000910412999929,1,0,0,0,0,0,0,0,0,0,0,0,0,0,0,1,1,4,256
5,cn4718,vertex_exchange_prepare,compute,9.9321000107e-05,1,0,0,0,0,0,0,22,0,0,0,0,0,0,0,0,0,0,0
5,cn4718,vertex_exchange,communication,0.00399709600015,1,0,0,0,0,0,0,40,0,0,0,0,0,1,0,5,3,102454,81708
5,cn4718,vertex_exchange_unpack,compute,0.0011918969999,1,0,0,0,0,0,0,0,0,0,0,0,0,0,0,0,0,0,0
5,cn4718,partition_result_io,io,0,0,0,0,0,0,0,0,0,0,0,0,0,0,0,0,0,0,0,0
5,cn4718,volume_exchange_pack,compute,0.268160685,2,0,0,0,0,0,0,801,0,0,0,0,0,0,0,0,0,0,0
5,cn4718,volume_size_exchange,communication,0.0392845890001,1,0,0,0,0,0,0,0,0,0,0,0,0,0,0,4,4,16,16
5,cn4718,volume_payload_prepare,compute,0.000266204000127,1,0,0,0,0,0,0,68,0,0,0,0,0,0,0,0,0,0,0
5,cn4718,volume_payload_exchange,communication,0.0501202600003,1,0,0,0,0,0,0,185,0,0,0,0,0,0,0,4,4,1918800,1914000
5,cn4718,volume_exchange_unpack,compute,0.197233394,1,0,0,0,0,0,0,8702,0,0,0,0,0,0,0,0,0,0,0
5,cn4718,final_mesh_save,io,0,0,0,0,0,0,0,0,0,0,0,0,0,0,0,0,0,0,0,0
5,cn4718,testout_io,io,0,0,0,0,0,0,0,0,0,0,0,0,0,0,0,0,0,0,0,0
5,cn4718,final_count_exchange,communication,0,0,0,0,0,0,0,0,0,0,0,0,0,0,0,0,0,0,0,0
5,cn4718,quality_evaluation,postprocess,0,0,0,0,0,0,0,0,0,0,0,0,0,0,0,0,0,0,0,0
6,cn4719,geometry_load,io,2.01952198,1,0,0,0,0,0,0,6107,0,1035096,0,10428416,0,203,6,0,0,0,0
6,cn4719,coarse_local_size,setup,0.532751948,1,0,0,0,0,0,0,8377,0,0,0,0,0,213,33,0,0,0,0
6,cn4719,coarse_edge_mesh,setup,0.0144348539998,1,0,0,0,0,0,0,510,0,0,0,0,0,2,0,0,0,0,0
6,cn4719,coarse_surface_mesh,setup,8.513723508,1,0,0,0,0,0,0,17174,0,0,0,0,0,24,9,0,0,0,0
6,cn4719,coarse_volume_mesh,setup,13.437245268,1,0,0,0,0,0,0,28564,0,0,0,0,0,35401,1621465,0,0,0,0
6,cn4719,coarse_mesh_save,io,0,0,0,0,0,0,0,0,0,0,0,0,0,0,0,0,0,0,0,0
6,cn4719,submesh_initialization,setup,0.000149541000155,1,0,0,0,0,0,0,4,0,0,0,0,0,0,0,0,0,0,0
6,cn4719,metis_partition,compute,0.165454527,1,0,0,0,0,0,0,66,0,0,0,0,0,0,0,0,0,0,0
6,cn4719,face_map_setup,compute,0.00710949599988,1,0,0,0,0,0,0,261,0,0,0,0,0,0,0,0,0,0,0
6,cn4719,face_local_extract,compute,0.156650592,1,0,0,0,0,0,0,200,0,0,0,0,0,0,0,0,0,0,0
6,cn4719,face_pre_collective_wait,synchronization,0.0459078700001,1,0,0,0,0,0,0,5,0,0,0,0,0,0,0,0,0,0,0
6,cn4719,face_collective_setup,compute,0.000151302000177,1,0,0,0,0,0,0,13,0,0,0,0,0,0,0,0,0,0,0
6,cn4719,face_allgatherv,communication,0.0653227369999,1,0,0,0,0,0,0,36,0,0,0,0,0,2,0,1,1,75808,4859624
6,cn4719,face_global_merge,compute,0.0739462690003,1,0,0,0,0,0,0,0,0,0,0,0,0,0,0,0,0,0,0
6,cn4719,part_face_create,compute,0.0178836109999,1,0,0,0,0,0,0,3,0,0,0,0,0,0,0,0,0,0,0
6,cn4719,surface_refine,compute,0.0146791560001,1,0,0,0,0,0,0,1,0,0,0,0,0,0,0,0,0,0,0
6,cn4719,refined_surface_save,io,0,0,0,0,0,0,0,0,0,0,0,0,0,0,0,0,0,0,0,0
6,cn4719,local_volume_mesh,compute,11.95257722,1,0,0,0,0,0,0,3794,0,0,0,0,0,19328,995241,0,0,0,0
6,cn4719,volume_refine,compute,0.869150718,1,0,0,0,0,0,0,6534,0,0,0,0,0,0,1,0,0,0,0
6,cn4719,refined_volume_save,io,0,0,0,0,0,0,0,0,0,0,0,0,0,0,0,0,0,0,0,0
6,cn4719,adjacency_build,compute,0.00387480099971,1,0,0,0,0,0,0,0,0,0,0,0,0,0,0,0,0,0,0
6,cn4719,vertex_numbering_local,compute,0.0189442019996,1,0,0,0,0,0,0,363,0,0,0,0,0,0,0,0,0,0,0
6,cn4719,vertex_count_allgather,communication,3.992082637,1,0,0,0,0,0,0,64,0,0,0,0,0,0,6,1,1,4,256
6,cn4719,element_count_allgather,communication,0.000935569999911,1,0,0,0,0,0,0,0,0,0,0,0,0,0,0,1,1,4,256
6,cn4719,vertex_exchange_prepare,compute,0.000205341999845,1,0,0,0,0,0,0,57,0,0,0,0,0,0,0,0,0,0,0
6,cn4719,vertex_exchange,communication,0.00536541700012,1,0,0,0,0,0,0,44,0,0,0,0,0,1,0,2,4,72116,229702
6,cn4719,vertex_exchange_unpack,compute,0.00317341400023,1,0,0,0,0,0,0,0,0,0,0,0,0,0,0,0,0,0,0
6,cn4719,partition_result_io,io,0,0,0,0,0,0,0,0,0,0,0,0,0,0,0,0,0,0,0,0
6,cn4719,volume_exchange_pack,compute,0.352018398,2,0,0,0,0,0,0,1180,0,0,0,0,0,0,0,0,0,0,0
6,cn4719,volume_size_exchange,communication,3.73599996237e-05,1,0,0,0,0,0,0,0,0,0,0,0,0,0,0,4,4,16,16
6,cn4719,volume_payload_prepare,compute,0.0003134829999,1,0,0,0,0,0,0,102,0,0,0,0,0,0,0,0,0,0,0
6,cn4719,volume_payload_exchange,communication,0.00237680500004,1,0,0,0,0,0,0,552,0,0,0,0,0,0,0,4,4,3188880,3188520
6,cn4719,volume_exchange_unpack,compute,0.215599562,1,0,0,0,0,0,0,8725,0,0,0,0,0,0,0,0,0,0,0
6,cn4719,final_mesh_save,io,0,0,0,0,0,0,0,0,0,0,0,0,0,0,0,0,0,0,0,0
6,cn4719,testout_io,io,0,0,0,0,0,0,0,0,0,0,0,0,0,0,0,0,0,0,0,0
6,cn4719,final_count_exchange,communication,0,0,0,0,0,0,0,0,0,0,0,0,0,0,0,0,0,0,0,0
6,cn4719,quality_evaluation,postprocess,0,0,0,0,0,0,0,0,0,0,0,0,0,0,0,0,0,0,0,0
7,cn4720,geometry_load,io,1.960715456,1,0,0,0,0,0,0,6106,0,1035096,0,10428416,0,203,16,0,0,0,0
7,cn4720,coarse_local_size,setup,0.516291662,1,0,0,0,0,0,0,8574,0,0,0,0,0,225,32,0,0,0,0
7,cn4720,coarse_edge_mesh,setup,0.0143629180002,1,0,0,0,0,0,0,517,0,0,0,0,0,2,0,0,0,0,0
7,cn4720,coarse_surface_mesh,setup,8.517017236,1,0,0,0,0,0,0,17228,0,0,0,0,0,24,79,0,0,0,0
7,cn4720,coarse_volume_mesh,setup,13.393954918,1,0,0,0,0,0,0,27921,0,0,0,0,0,40056,1640846,0,0,0,0
7,cn4720,coarse_mesh_save,io,0,0,0,0,0,0,0,0,0,0,0,0,0,0,0,0,0,0,0,0
7,cn4720,submesh_initialization,setup,0.000146481999764,1,0,0,0,0,0,0,6,0,0,0,0,0,0,0,0,0,0,0
7,cn4720,metis_partition,compute,0.166086713,1,0,0,0,0,0,0,78,0,0,0,0,0,0,1,0,0,0,0
7,cn4720,face_map_setup,compute,0.0068484049998,1,0,0,0,0,0,0,263,0,0,0,0,0,0,0,0,0,0,0
7,cn4720,face_local_extract,compute,0.156338612,1,0,0,0,0,0,0,510,0,0,0,0,0,0,1,0,0,0,0
7,cn4720,face_pre_collective_wait,synchronization,0.0457808049996,1,0,0,0,0,0,0,42,0,0,0,0,0,0,1,0,0,0,0
7,cn4720,face_collective_setup,compute,0.000156602000061,1,0,0,0,0,0,0,31,0,0,0,0,0,0,0,0,0,0,0
7,cn4720,face_allgatherv,communication,0.0653269069999,1,0,0,0,0,0,0,48,0,0,0,0,0,2,0,1,1,75808,4859624
7,cn4720,face_global_merge,compute,0.0733399260002,1,0,0,0,0,0,0,1,0,0,0,0,0,0,1,0,0,0,0
7,cn4720,part_face_create,compute,0.017897321,1,0,0,0,0,0,0,6,0,0,0,0,0,0,0,0,0,0,0
7,cn4720,surface_refine,compute,0.0177687,1,0,0,0,0,0,0,2,0,0,0,0,0,0,0,0,0,0,0
7,cn4720,refined_surface_save,io,0,0,0,0,0,0,0,0,0,0,0,0,0,0,0,0,0,0,0,0
7,cn4720,local_volume_mesh,compute,13.408178614,1,0,0,0,0,0,0,4587,0,0,0,0,0,22712,1300972,0,0,0,0
7,cn4720,volume_refine,compute,1.019583263,1,0,0,0,0,0,0,5193,0,0,0,0,0,0,9,0,0,0,0
7,cn4720,refined_volume_save,io,0,0,0,0,0,0,0,0,0,0,0,0,0,0,0,0,0,0,0,0
7,cn4720,adjacency_build,compute,0.00372828599984,1,0,0,0,0,0,0,0,0,0,0,0,0,0,0,0,0,0,0
7,cn4720,vertex_numbering_local,compute,0.0164916240001,1,0,0,0,0,0,0,1,0,0,0,0,0,0,0,0,0,0,0
7,cn4720,vertex_count_allgather,communication,2.386479259,1,0,0,0,0,0,0,76,0,0,0,0,0,0,20,1,1,4,256
7,cn4720,element_count_allgather,communication,0.000699649000126,1,0,0,0,0,0,0,6,0,0,0,0,0,0,0,1,1,4,256
7,cn4720,vertex_exchange_prepare,compute,3.08610001412e-05,1,0,0,0,0,0,0,3,0,0,0,0,0,0,0,0,0,0,0
7,cn4720,vertex_exchange,communication,0.00346848300023,1,0,0,0,0,0,0,36,0,0,0,0,0,1,0,3,4,33286,169532
7,cn4720,vertex_exchange_unpack,compute,0.00271361399973,1,0,0,0,0,0,0,313,0,0,0,0,0,0,0,0,0,0,0
7,cn4720,partition_result_io,io,0,0,0,0,0,0,0,0,0,0,0,0,0,0,0,0,0,0,0,0
7,cn4720,volume_exchange_pack,compute,0.301309784,2,0,0,0,0,0,0,903,0,0,0,0,0,0,2,0,0,0,0
7,cn4720,volume_size_exchange,communication,0.0513584350001,1,0,0,0,0,0,0,0,0,0,0,0,0,0,0,5,5,20,20
7,cn4720,volume_payload_prepare,compute,0.000244602999828,1,0,0,0,0,0,0,68,0,0,0,0,0,0,0,0,0,0,0
7,cn4720,volume_payload_exchange,communication,0.00240234900002,1,0,0,0,0,0,0,309,0,0,0,0,0,0,0,5,5,2102040,2101920
7,cn4720,volume_exchange_unpack,compute,0.222357308,1,0,0,0,0,0,0,10084,0,0,0,0,0,0,3,0,0,0,0
7,cn4720,final_mesh_save,io,0,0,0,0,0,0,0,0,0,0,0,0,0,0,0,0,0,0,0,0
7,cn4720,testout_io,io,0,0,0,0,0,0,0,0,0,0,0,0,0,0,0,0,0,0,0,0
7,cn4720,final_count_exchange,communication,0,0,0,0,0,0,0,0,0,0,0,0,0,0,0,0,0,0,0,0
7,cn4720,quality_evaluation,postprocess,0,0,0,0,0,0,0,0,0,0,0,0,0,0,0,0,0,0,0,0
8,cn4721,geometry_load,io,2.051917992,1,0,0,0,0,0,0,5962,0,1035096,0,10428416,0,203,3,0,0,0,0
8,cn4721,coarse_local_size,setup,0.560925429,1,0,0,0,0,0,0,8530,0,0,0,0,0,227,32,0,0,0,0
8,cn4721,coarse_edge_mesh,setup,0.0144469890001,1,0,0,0,0,0,0,487,0,0,0,0,0,2,0,0,0,0,0
8,cn4721,coarse_surface_mesh,setup,8.671315397,1,0,0,0,0,0,0,17189,0,0,0,0,0,24,12,0,0,0,0
8,cn4721,coarse_volume_mesh,setup,13.440139789,1,0,0,0,0,0,0,26864,0,0,0,0,0,36764,1514735,0,0,0,0
8,cn4721,coarse_mesh_save,io,0,0,0,0,0,0,0,0,0,0,0,0,0,0,0,0,0,0,0,0
8,cn4721,submesh_initialization,setup,0.000189403000149,1,0,0,0,0,0,0,53,0,0,0,0,0,0,0,0,0,0,0
8,cn4721,metis_partition,compute,0.181505565,1,0,0,0,0,0,0,1806,0,0,0,0,0,0,0,0,0,0,0
8,cn4721,face_map_setup,compute,0.00747098800002,1,0,0,0,0,0,0,494,0,0,0,0,0,0,0,0,0,0,0
8,cn4721,face_local_extract,compute,0.158546997,1,0,0,0,0,0,0,942,0,0,0,0,0,0,1,0,0,0,0
8,cn4721,face_pre_collective_wait,synchronization,0.0274858409998,1,0,0,0,0,0,0,19,0,0,0,0,0,0,0,0,0,0,0
8,cn4721,face_collective_setup,compute,0.00280431200008,1,0,0,0,0,0,0,16,0,0,0,0,0,3,0,0,0,0,0
8,cn4721,face_allgatherv,communication,0.0625398920001,1,0,0,0,0,0,0,1148,0,0,0,0,0,2,0,1,1,75808,4859624
8,cn4721,face_global_merge,compute,0.0804834819996,1,0,0,0,0,0,0,687,0,0,0,0,0,0,0,0,0,0,0
8,cn4721,part_face_create,compute,0.0187831200001,1,0,0,0,0,0,0,35,0,0,0,0,0,0,0,0,0,0,0
8,cn4721,surface_refine,compute,0.0160093670002,1,0,0,0,0,0,0,56,0,0,0,0,0,0,0,0,0,0,0
8,cn4721,refined_surface_save,io,0,0,0,0,0,0,0,0,0,0,0,0,0,0,0,0,0,0,0,0
8,cn4721,local_volume_mesh,compute,11.193235493,1,0,0,0,0,0,0,4510,0,0,0,0,0,19676,1031047,0,0,0,0
8,cn4721,volume_refine,compute,0.871024181,1,0,0,0,0,0,0,5464,0,0,0,0,0,0,1,0,0,0,0
8,cn4721,refined_volume_save,io,0,0,0,0,0,0,0,0,0,0,0,0,0,0,0,0,0,0,0,0
8,cn4721,adjacency_build,compute,0.00382664500012,1,0,0,0,0,0,0,0,0,0,0,0,0,0,0,0,0,0,0
8,cn4721,vertex_numbering_local,compute,0.017474705,1,0,0,0,0,0,0,200,0,0,0,0,0,0,0,0,0,0,0
8,cn4721,vertex_count_allgather,communication,4.741170828,1,0,0,0,0,0,0,92,0,0,0,0,0,0,7,1,1,4,256
8,cn4721,element_count_allgather,communication,0.000821008999992,1,0,0,0,0,0,0,0,0,0,0,0,0,0,0,1,1,4,256
8,cn4721,vertex_exchange_prepare,compute,3.24399998135e-05,1,0,0,0,0,0,0,8,0,0,0,0,0,0,0,0,0,0,0
8,cn4721,vertex_exchange,communication,0.0571404490001,1,0,0,0,0,0,0,111,0,0,0,0,0,2,0,5,3,286418,1166
8,cn4721,vertex_exchange_unpack,compute,5.05000002704e-05,1,0,0,0,0,0,0,12,0,0,0,0,0,0,0,0,0,0,0
8,cn4721,partition_result_io,io,0,0,0,0,0,0,0,0,0,0,0,0,0,0,0,0,0,0,0,0
8,cn4721,volume_exchange_pack,compute,0.376478229,2,0,0,0,0,0,0,2205,0,0,0,0,0,0,0,0,0,0,0
8,cn4721,volume_size_exchange,communication,3.91009998566e-05,1,0,0,0,0,0,0,0,0,0,0,0,0,0,0,5,5,20,20
8,cn4721,volume_payload_prepare,compute,0.000421424999786,1,0,0,0,0,0,0,136,0,0,0,0,0,0,0,0,0,0,0
8,cn4721,volume_payload_exchange,communication,0.00247482899977,1,0,0,0,0,0,0,490,0,0,0,0,0,0,0,5,5,3055560,3053280
8,cn4721,volume_exchange_unpack,compute,0.211533058,1,0,0,0,0,0,0,8481,0,0,0,0,0,0,0,0,0,0,0
8,cn4721,final_mesh_save,io,0,0,0,0,0,0,0,0,0,0,0,0,0,0,0,0,0,0,0,0
8,cn4721,testout_io,io,0,0,0,0,0,0,0,0,0,0,0,0,0,0,0,0,0,0,0,0
8,cn4721,final_count_exchange,communication,0,0,0,0,0,0,0,0,0,0,0,0,0,0,0,0,0,0,0,0
8,cn4721,quality_evaluation,postprocess,0,0,0,0,0,0,0,0,0,0,0,0,0,0,0,0,0,0,0,0
9,cn4722,geometry_load,io,4.016519533,1,0,0,0,0,0,0,5961,0,1035096,0,10428416,0,203,3,0,0,0,0
9,cn4722,coarse_local_size,setup,0.511865056,1,0,0,0,0,0,0,8465,0,0,0,0,0,220,27,0,0,0,0
9,cn4722,coarse_edge_mesh,setup,0.0150190099998,1,0,0,0,0,0,0,523,0,0,0,0,0,2,0,0,0,0,0
9,cn4722,coarse_surface_mesh,setup,8.410130116,1,0,0,0,0,0,0,15364,0,0,0,0,0,24,9,0,0,0,0
9,cn4722,coarse_volume_mesh,setup,24.944056607,1,0,0,0,0,0,0,21141,0,0,0,0,0,37171,1634758,0,0,0,0
9,cn4722,coarse_mesh_save,io,0,0,0,0,0,0,0,0,0,0,0,0,0,0,0,0,0,0,0,0
9,cn4722,submesh_initialization,setup,0.000137621999784,1,0,0,0,0,0,0,4,0,0,0,0,0,0,0,0,0,0,0
9,cn4722,metis_partition,compute,0.169260701,1,0,0,0,0,0,0,65,0,0,0,0,0,0,1,0,0,0,0
9,cn4722,face_map_setup,compute,0.00698494800008,1,0,0,0,0,0,0,269,0,0,0,0,0,0,0,0,0,0,0
9,cn4722,face_local_extract,compute,0.153914767,1,0,0,0,0,0,0,201,0,0,0,0,0,0,0,0,0,0,0
9,cn4722,face_pre_collective_wait,synchronization,0.044948109,1,0,0,0,0,0,0,7,0,0,0,0,0,0,0,0,0,0,0
9,cn4722,face_collective_setup,compute,0.000157682000008,1,0,0,0,0,0,0,15,0,0,0,0,0,0,0,0,0,0,0
9,cn4722,face_allgatherv,communication,0.0651577039998,1,0,0,0,0,0,0,38,0,0,0,0,0,2,0,1,1,75808,4859624
9,cn4722,face_global_merge,compute,0.073625732,1,0,0,0,0,0,0,0,0,0,0,0,0,0,0,0,0,0,0
9,cn4722,part_face_create,compute,0.0178168860002,1,0,0,0,0,0,0,3,0,0,0,0,0,0,0,0,0,0,0
9,cn4722,surface_refine,compute,0.017326059,1,0,0,0,0,0,0,1,0,0,0,0,0,0,0,0,0,0,0
9,cn4722,refined_surface_save,io,0,0,0,0,0,0,0,0,0,0,0,0,0,0,0,0,0,0,0,0
9,cn4722,local_volume_mesh,compute,14.430647923,1,0,0,0,0,0,0,5872,0,0,0,0,0,26109,1363920,0,0,0,0
9,cn4722,volume_refine,compute,0.995784338,1,0,0,0,0,0,0,8100,0,0,0,0,0,0,1,0,0,0,0
9,cn4722,refined_volume_save,io,0,0,0,0,0,0,0,0,0,0,0,0,0,0,0,0,0,0,0,0
9,cn4722,adjacency_build,compute,0.00357630500002,1,0,0,0,0,0,0,0,0,0,0,0,0,0,0,0,0,0,0
9,cn4722,vertex_numbering_local,compute,0.017228398,1,0,0,0,0,0,0,455,0,0,0,0,0,0,0,0,0,0,0
9,cn4722,vertex_count_allgather,communication,1.387317191,1,0,0,0,0,0,0,63,0,0,0,0,0,0,2,1,1,4,256
9,cn4722,element_count_allgather,communication,0.000794030000179,1,0,0,0,0,0,0,0,0,0,0,0,0,0,0,1,1,4,256
9,cn4722,vertex_exchange_prepare,compute,8.60210002429e-05,1,0,0,0,0,0,0,20,0,0,0,0,0,0,0,0,0,0,0
9,cn4722,vertex_exchange,communication,0.00423655400027,1,0,0,0,0,0,0,34,0,0,0,0,0,1,0,3,1,86152,76010
9,cn4722,vertex_exchange_unpack,compute,0.00108027400029,1,0,0,0,0,0,0,0,0,0,0,0,0,0,0,0,0,0,0
9,cn4722,partition_result_io,io,0,0,0,0,0,0,0,0,0,0,0,0,0,0,0,0,0,0,0,0
9,cn4722,volume_exchange_pack,compute,0.287466316,2,0,0,0,0,0,0,791,0,0,0,0,0,0,0,0,0,0,0
9,cn4722,volume_size_exchange,communication,0.140651919,1,0,0,0,0,0,0,0,0,0,0,0,0,0,0,3,3,12,12
9,cn4722,volume_payload_prepare,compute,0.000190882999959,1,0,0,0,0,0,0,34,0,0,0,0,0,0,0,0,0,0,0
9,cn4722,volume_payload_exchange,communication,0.00253943200005,1,0,0,0,0,0,0,97,0,0,0,0,0,0,0,3,3,1720680,1711440
9,cn4722,volume_exchange_unpack,compute,0.20471499,1,0,0,0,0,0,0,9498,0,0,0,0,0,0,0,0,0,0,0
9,cn4722,final_mesh_save,io,0,0,0,0,0,0,0,0,0,0,0,0,0,0,0,0,0,0,0,0
9,cn4722,testout_io,io,0,0,0,0,0,0,0,0,0,0,0,0,0,0,0,0,0,0,0,0
9,cn4722,final_count_exchange,communication,0,0,0,0,0,0,0,0,0,0,0,0,0,0,0,0,0,0,0,0
9,cn4722,quality_evaluation,postprocess,0,0,0,0,0,0,0,0,0,0,0,0,0,0,0,0,0,0,0,0
10,cn4723,geometry_load,io,2.026150684,1,0,0,0,0,0,0,6106,0,1035096,0,10428416,0,203,1,0,0,0,0
10,cn4723,coarse_local_size,setup,0.535351136,1,0,0,0,0,0,0,8538,0,0,0,0,0,217,33,0,0,0,0
10,cn4723,coarse_edge_mesh,setup,0.01477952,1,0,0,0,0,0,0,525,0,0,0,0,0,2,0,0,0,0,0
10,cn4723,coarse_surface_mesh,setup,8.672494184,1,0,0,0,0,0,0,17336,0,0,0,0,0,24,13,0,0,0,0
10,cn4723,coarse_volume_mesh,setup,13.366410777,1,0,0,0,0,0,0,28046,0,0,0,0,0,34225,1541594,0,0,0,0
10,cn4723,coarse_mesh_save,io,0,0,0,0,0,0,0,0,0,0,0,0,0,0,0,0,0,0,0,0
10,cn4723,submesh_initialization,setup,0.000183161999757,1,0,0,0,0,0,0,52,0,0,0,0,0,0,0,0,0,0,0
10,cn4723,metis_partition,compute,0.185577032,1,0,0,0,0,0,0,2404,0,0,0,0,0,0,0,0,0,0,0
10,cn4723,face_map_setup,compute,0.008055238,1,0,0,0,0,0,0,734,0,0,0,0,0,0,0,0,0,0,0
10,cn4723,face_local_extract,compute,0.16069397,1,0,0,0,0,0,0,1103,0,0,0,0,0,0,0,0,0,0,0
10,cn4723,face_pre_collective_wait,synchronization,0.0206543710001,1,0,0,0,0,0,0,36,0,0,0,0,0,0,0,0,0,0,0
10,cn4723,face_collective_setup,compute,0.000148401999922,1,0,0,0,0,0,0,16,0,0,0,0,0,0,0,0,0,0,0
10,cn4723,face_allgatherv,communication,0.06507517,1,0,0,0,0,0,0,636,0,0,0,0,0,2,0,1,1,75808,4859624
10,cn4723,face_global_merge,compute,0.079813589,1,0,0,0,0,0,0,667,0,0,0,0,0,0,0,0,0,0,0
10,cn4723,part_face_create,compute,0.0192634939999,1,0,0,0,0,0,0,39,0,0,0,0,0,0,0,0,0,0,0
10,cn4723,surface_refine,compute,0.0155163680001,1,0,0,0,0,0,0,58,0,0,0,0,0,0,0,0,0,0,0
10,cn4723,refined_surface_save,io,0,0,0,0,0,0,0,0,0,0,0,0,0,0,0,0,0,0,0,0
10,cn4723,local_volume_mesh,compute,12.441331812,1,0,0,0,0,0,0,4893,0,0,0,0,0,17886,1153497,0,0,0,0
10,cn4723,volume_refine,compute,0.815810838,1,0,0,0,0,0,0,4745,0,0,0,0,0,0,1,0,0,0,0
10,cn4723,refined_volume_save,io,0,0,0,0,0,0,0,0,0,0,0,0,0,0,0,0,0,0,0,0
10,cn4723,adjacency_build,compute,0.0041145299997,1,0,0,0,0,0,0,0,0,0,0,0,0,0,0,0,0,0,0
10,cn4723,vertex_numbering_local,compute,0.0147566989999,1,0,0,0,0,0,0,1,0,0,0,0,0,0,0,0,0,0,0
10,cn4723,vertex_count_allgather,communication,3.552591064,1,0,0,0,0,0,0,77,0,0,0,0,0,0,6,1,1,4,256
10,cn4723,element_count_allgather,communication,0.000964351000221,1,0,0,0,0,0,0,8,0,0,0,0,0,0,0,1,1,4,256
10,cn4723,vertex_exchange_prepare,compute,3.79000002795e-05,1,0,0,0,0,0,0,10,0,0,0,0,0,0,0,0,0,0,0
10,cn4723,vertex_exchange,communication,0.0559263190003,1,0,0,0,0,0,0,70,0,0,0,0,0,1,0,4,3,148412,79750
10,cn4723,vertex_exchange_unpack,compute,0.00199444399959,1,0,0,0,0,0,0,831,0,0,0,0,0,0,0,0,0,0,0
10,cn4723,partition_result_io,io,0,0,0,0,0,0,0,0,0,0,0,0,0,0,0,0,0,0,0,0
10,cn4723,volume_exchange_pack,compute,0.235579678,2,0,0,0,0,0,0,2924,0,0,0,0,0,0,1,0,0,0,0
10,cn4723,volume_size_exchange,communication,0.140508805,1,0,0,0,0,0,0,1,0,0,0,0,0,0,0,5,5,20,20
10,cn4723,volume_payload_prepare,compute,0.000274643000012,1,0,0,0,0,0,0,68,0,0,0,0,0,0,0,0,0,0,0
10,cn4723,volume_payload_exchange,communication,0.00235512900008,1,0,0,0,0,0,0,327,0,0,0,0,0,0,0,5,5,2428320,2435280
10,cn4723,volume_exchange_unpack,compute,0.178624127,1,0,0,0,0,0,0,6584,0,0,0,0,0,0,2,0,0,0,0
10,cn4723,final_mesh_save,io,0,0,0,0,0,0,0,0,0,0,0,0,0,0,0,0,0,0,0,0
10,cn4723,testout_io,io,0,0,0,0,0,0,0,0,0,0,0,0,0,0,0,0,0,0,0,0
10,cn4723,final_count_exchange,communication,0,0,0,0,0,0,0,0,0,0,0,0,0,0,0,0,0,0,0,0
10,cn4723,quality_evaluation,postprocess,0,0,0,0,0,0,0,0,0,0,0,0,0,0,0,0,0,0,0,0
11,cn4724,geometry_load,io,2.202698957,1,0,0,0,0,0,0,6387,0,1035096,0,10428416,0,203,2,0,0,0,0
11,cn4724,coarse_local_size,setup,0.557613875,1,0,0,0,0,0,0,8353,0,0,0,0,0,208,33,0,0,0,0
11,cn4724,coarse_edge_mesh,setup,0.0150748150004,1,0,0,0,0,0,0,489,0,0,0,0,0,2,0,0,0,0,0
11,cn4724,coarse_surface_mesh,setup,8.737758782,1,0,0,0,0,0,0,15396,0,0,0,0,0,24,11,0,0,0,0
11,cn4724,coarse_volume_mesh,setup,13.390383618,1,0,0,0,0,0,0,27954,0,0,0,0,0,36372,1491467,0,0,0,0
11,cn4724,coarse_mesh_save,io,0,0,0,0,0,0,0,0,0,0,0,0,0,0,0,0,0,0,0,0
11,cn4724,submesh_initialization,setup,0.000193842000044,1,0,0,0,0,0,0,59,0,0,0,0,0,0,0,0,0,0,0
11,cn4724,metis_partition,compute,0.18571081,1,0,0,0,0,0,0,1975,0,0,0,0,0,0,0,0,0,0,0
11,cn4724,face_map_setup,compute,0.00803003300007,1,0,0,0,0,0,0,605,0,0,0,0,0,0,0,0,0,0,0
11,cn4724,face_local_extract,compute,0.160425197,1,0,0,0,0,0,0,828,0,0,0,0,0,0,0,0,0,0,0
11,cn4724,face_pre_collective_wait,synchronization,0.0207515799998,1,0,0,0,0,0,0,8,0,0,0,0,0,0,0,0,0,0,0
11,cn4724,face_collective_setup,compute,0.00245444800021,1,0,0,0,0,0,0,16,0,0,0,0,0,3,0,0,0,0,0
11,cn4724,face_allgatherv,communication,0.0626115250002,1,0,0,0,0,0,0,636,0,0,0,0,0,0,0,1,1,75808,4859624
11,cn4724,face_global_merge,compute,0.0806001729998,1,0,0,0,0,0,0,685,0,0,0,0,0,0,0,0,0,0,0
11,cn4724,part_face_create,compute,0.0187687970001,1,0,0,0,0,0,0,21,0,0,0,0,0,0,0,0,0,0,0
11,cn4724,surface_refine,compute,0.0109222470001,1,0,0,0,0,0,0,46,0,0,0,0,0,0,0,0,0,0,0
11,cn4724,refined_surface_save,io,0,0,0,0,0,0,0,0,0,0,0,0,0,0,0,0,0,0,0,0
11,cn4724,local_volume_mesh,compute,10.412799032,1,0,0,0,0,0,0,4305,0,0,0,0,0,5605,311401,0,0,0,0
11,cn4724,volume_refine,compute,0.932557835,1,0,0,0,0,0,0,7406,0,0,0,0,0,0,1,0,0,0,0
11,cn4724,refined_volume_save,io,0,0,0,0,0,0,0,0,0,0,0,0,0,0,0,0,0,0,0,0
11,cn4724,adjacency_build,compute,0.00372498399975,1,0,0,0,0,0,0,12,0,0,0,0,0,0,0,0,0,0,0
11,cn4724,vertex_numbering_local,compute,0.0091942060003,1,0,0,0,0,0,0,284,0,0,0,0,0,0,0,0,0,0,0
11,cn4724,vertex_count_allgather,communication,5.473255855,1,0,0,0,0,0,0,82,0,0,0,0,0,0,6,1,1,4,256
11,cn4724,element_count_allgather,communication,0.000848870000027,1,0,0,0,0,0,0,0,0,0,0,0,0,0,0,1,1,4,256
11,cn4724,vertex_exchange_prepare,compute,9.1680999958e-05,1,0,0,0,0,0,0,20,0,0,0,0,0,0,0,0,0,0,0
11,cn4724,vertex_exchange,communication,0.00360942199995,1,0,0,0,0,0,0,23,0,0,0,0,0,2,0,0,1,0,75702
11,cn4724,vertex_exchange_unpack,compute,0.00111917300001,1,0,0,0,0,0,0,0,0,0,0,0,0,0,0,0,0,0,0
11,cn4724,partition_result_io,io,0,0,0,0,0,0,0,0,0,0,0,0,0,0,0,0,0,0,0,0
11,cn4724,volume_exchange_pack,compute,0.233931246999,2,0,0,0,0,0,0,414,0,0,0,0,0,0,1,0,0,0,0
11,cn4724,volume_size_exchange,communication,0.054163927,1,0,0,0,0,0,0,2,0,0,0,0,0,0,0,1,1,4,4
11,cn4724,volume_payload_prepare,compute,6.17809996584e-05,1,0,0,0,0,0,0,0,0,0,0,0,0,0,0,0,0,0,0
11,cn4724,volume_payload_exchange,communication,0.142006924,1,0,0,0,0,0,0,8,0,0,0,0,0,0,0,1,1,813360,816240
11,cn4724,volume_exchange_unpack,compute,0.183533424,1,0,0,0,0,0,0,9508,0,0,0,0,0,0,0,0,0,0,0
11,cn4724,final_mesh_save,io,0,0,0,0,0,0,0,0,0,0,0,0,0,0,0,0,0,0,0,0
11,cn4724,testout_io,io,0,0,0,0,0,0,0,0,0,0,0,0,0,0,0,0,0,0,0,0
11,cn4724,final_count_exchange,communication,0,0,0,0,0,0,0,0,0,0,0,0,0,0,0,0,0,0,0,0
11,cn4724,quality_evaluation,postprocess,0,0,0,0,0,0,0,0,0,0,0,0,0,0,0,0,0,0,0,0
12,cn4725,geometry_load,io,2.000033522,1,0,0,0,0,0,0,5959,0,1035096,0,10428416,0,203,3,0,0,0,0
12,cn4725,coarse_local_size,setup,0.54074985,1,0,0,0,0,0,0,8449,0,0,0,0,0,262,31,0,0,0,0
12,cn4725,coarse_edge_mesh,setup,0.014648074,1,0,0,0,0,0,0,506,0,0,0,0,0,2,0,0,0,0,0
12,cn4725,coarse_surface_mesh,setup,9.222224826,1,0,0,0,0,0,0,17219,0,0,0,0,0,24,12,0,0,0,0
12,cn4725,coarse_volume_mesh,setup,13.487864741,1,0,0,0,0,0,0,28051,0,0,0,0,0,38622,1704483,0,0,0,0
12,cn4725,coarse_mesh_save,io,0,0,0,0,0,0,0,0,0,0,0,0,0,0,0,0,0,0,0,0
12,cn4725,submesh_initialization,setup,0.000197161999949,1,0,0,0,0,0,0,55,0,0,0,0,0,0,0,0,0,0,0
12,cn4725,metis_partition,compute,0.184174775,1,0,0,0,0,0,0,1836,0,0,0,0,0,0,1,0,0,0,0
12,cn4725,face_map_setup,compute,0.00764512099977,1,0,0,0,0,0,0,544,0,0,0,0,0,0,0,0,0,0,0
12,cn4725,face_local_extract,compute,0.163503522,1,0,0,0,0,0,0,915,0,0,0,0,0,0,0,0,0,0,0
12,cn4725,face_pre_collective_wait,synchronization,0.0196330600002,1,0,0,0,0,0,0,5,0,0,0,0,0,0,0,0,0,0,0
12,cn4725,face_collective_setup,compute,0.000145441999848,1,0,0,0,0,0,0,13,0,0,0,0,0,0,0,0,0,0,0
12,cn4725,face_allgatherv,communication,0.0648010370001,1,0,0,0,0,0,0,814,0,0,0,0,0,2,0,1,1,75808,4859624
12,cn4725,face_global_merge,compute,0.078910663,1,0,0,0,0,0,0,552,0,0,0,0,0,0,0,0,0,0,0
12,cn4725,part_face_create,compute,0.0190296310002,1,0,0,0,0,0,0,34,0,0,0,0,0,0,0,0,0,0,0
12,cn4725,surface_refine,compute,0.01745235,1,0,0,0,0,0,0,54,0,0,0,0,0,0,0,0,0,0,0
12,cn4725,refined_surface_save,io,0,0,0,0,0,0,0,0,0,0,0,0,0,0,0,0,0,0,0,0
12,cn4725,local_volume_mesh,compute,14.391160984,1,0,0,0,0,0,0,10697,0,0,0,0,0,21644,1346160,0,0,0,0
12,cn4725,volume_refine,compute,1.006589548,1,0,0,0,0,0,0,7804,0,0,0,0,0,0,1,0,0,0,0
12,cn4725,refined_volume_save,io,0,0,0,0,0,0,0,0,0,0,0,0,0,0,0,0,0,0,0,0
12,cn4725,adjacency_build,compute,0.0038135499999,1,0,0,0,0,0,0,6,0,0,0,0,0,0,0,0,0,0,0
12,cn4725,vertex_numbering_local,compute,0.015640607,1,0,0,0,0,0,0,2,0,0,0,0,0,0,0,0,0,0,0
12,cn4725,vertex_count_allgather,communication,1.410502829,1,0,0,0,0,0,0,27,0,0,0,0,0,0,2,1,1,4,256
12,cn4725,element_count_allgather,communication,0.000829991000046,1,0,0,0,0,0,0,0,0,0,0,0,0,0,0,1,1,4,256
12,cn4725,vertex_exchange_prepare,compute,1.89610000234e-05,1,0,0,0,0,0,0,0,0,0,0,0,0,0,0,0,0,0,0
12,cn4725,vertex_exchange,communication,0.003453025,1,0,0,0,0,0,0,25,0,0,0,0,0,1,0,5,3,121748,72160
12,cn4725,vertex_exchange_unpack,compute,0.00105681400009,1,0,0,0,0,0,0,0,0,0,0,0,0,0,0,0,0,0,0
12,cn4725,partition_result_io,io,0,0,0,0,0,0,0,0,0,0,0,0,0,0,0,0,0,0,0,0
12,cn4725,volume_exchange_pack,compute,0.30705208,2,0,0,0,0,0,0,521,0,0,0,0,0,0,0,0,0,0,0
12,cn4725,volume_size_exchange,communication,0.00326266299999,1,0,0,0,0,0,0,1,0,0,0,0,0,0,0,5,5,20,20
12,cn4725,volume_payload_prepare,compute,0.000257622999925,1,0,0,0,0,0,0,68,0,0,0,0,0,0,0,0,0,0,0
12,cn4725,volume_payload_exchange,communication,0.119158795,1,0,0,0,0,0,0,269,0,0,0,0,0,0,0,5,5,2008200,2008680
12,cn4725,volume_exchange_unpack,compute,0.21254663,1,0,0,0,0,0,0,9599,0,0,0,0,0,0,0,0,0,0,0
12,cn4725,final_mesh_save,io,0,0,0,0,0,0,0,0,0,0,0,0,0,0,0,0,0,0,0,0
12,cn4725,testout_io,io,0,0,0,0,0,0,0,0,0,0,0,0,0,0,0,0,0,0,0,0
12,cn4725,final_count_exchange,communication,0,0,0,0,0,0,0,0,0,0,0,0,0,0,0,0,0,0,0,0
12,cn4725,quality_evaluation,postprocess,0,0,0,0,0,0,0,0,0,0,0,0,0,0,0,0,0,0,0,0
13,cn4726,geometry_load,io,3.207385358,1,0,0,0,0,0,0,5960,0,1035096,0,10428416,0,203,5,0,0,0,0
13,cn4726,coarse_local_size,setup,0.498388667,1,0,0,0,0,0,0,8302,0,0,0,0,0,184,29,0,0,0,0
13,cn4726,coarse_edge_mesh,setup,0.0147644220001,1,0,0,0,0,0,0,515,0,0,0,0,0,2,0,0,0,0,0
13,cn4726,coarse_surface_mesh,setup,8.22073175,1,0,0,0,0,0,0,17240,0,0,0,0,0,24,9,0,0,0,0
13,cn4726,coarse_volume_mesh,setup,13.311997922,1,0,0,0,0,0,0,27831,0,0,0,0,0,37307,1600571,0,0,0,0
13,cn4726,coarse_mesh_save,io,0,0,0,0,0,0,0,0,0,0,0,0,0,0,0,0,0,0,0,0
13,cn4726,submesh_initialization,setup,0.000141621999774,1,0,0,0,0,0,0,6,0,0,0,0,0,0,0,0,0,0,0
13,cn4726,metis_partition,compute,0.16449312,1,0,0,0,0,0,0,353,0,0,0,0,0,0,0,0,0,0,0
13,cn4726,face_map_setup,compute,0.0068481330004,1,0,0,0,0,0,0,262,0,0,0,0,0,0,0,0,0,0,0
13,cn4726,face_local_extract,compute,0.157590966,1,0,0,0,0,0,0,198,0,0,0,0,0,0,0,0,0,0,0
13,cn4726,face_pre_collective_wait,synchronization,0.0461371490001,1,0,0,0,0,0,0,8,0,0,0,0,0,0,0,0,0,0,0
13,cn4726,face_collective_setup,compute,0.00315620299989,1,0,0,0,0,0,0,16,0,0,0,0,0,3,0,0,0,0,0
13,cn4726,face_allgatherv,communication,0.0616908400002,1,0,0,0,0,0,0,125,0,0,0,0,0,2,0,1,1,75808,4859624
13,cn4726,face_global_merge,compute,0.0747372580004,1,0,0,0,0,0,0,132,0,0,0,0,0,0,0,0,0,0,0
13,cn4726,part_face_create,compute,0.0175973199998,1,0,0,0,0,0,0,3,0,0,0,0,0,0,1,0,0,0,0
13,cn4726,surface_refine,compute,0.0100657570001,1,0,0,0,0,0,0,44,0,0,0,0,0,0,0,0,0,0,0
13,cn4726,refined_surface_save,io,0,0,0,0,0,0,0,0,0,0,0,0,0,0,0,0,0,0,0,0
13,cn4726,local_volume_mesh,compute,10.201477503,1,0,0,0,0,0,0,2761,0,0,0,0,0,13950,866074,0,0,0,0
13,cn4726,volume_refine,compute,0.652211222,1,0,0,0,0,0,0,4253,0,0,0,0,0,0,0,0,0,0,0
13,cn4726,refined_volume_save,io,0,0,0,0,0,0,0,0,0,0,0,0,0,0,0,0,0,0,0,0
13,cn4726,adjacency_build,compute,0.0036690500001,1,0,0,0,0,0,0,0,0,0,0,0,0,0,0,0,0,0,0
13,cn4726,vertex_numbering_local,compute,0.0116764190002,1,0,0,0,0,0,0,2,0,0,0,0,0,0,0,0,0,0,0
13,cn4726,vertex_count_allgather,communication,5.970538906,1,0,0,0,0,0,0,94,0,0,0,0,0,0,6,1,1,4,256
13,cn4726,element_count_allgather,communication,0.000955052999871,1,0,0,0,0,0,0,6,0,0,0,0,0,0,0,1,1,4,256
13,cn4726,vertex_exchange_prepare,compute,6.54610003039e-05,1,0,0,0,0,0,0,29,0,0,0,0,0,0,0,0,0,0,0
13,cn4726,vertex_exchange,communication,0.00528397200014,1,0,0,0,0,0,0,81,0,0,0,0,0,2,0,3,4,101200,98406
13,cn4726,vertex_exchange_unpack,compute,0.00145831999998,1,0,0,0,0,0,0,92,0,0,0,0,0,0,0,0,0,0,0
13,cn4726,partition_result_io,io,0,0,0,0,0,0,0,0,0,0,0,0,0,0,0,0,0,0,0,0
13,cn4726,volume_exchange_pack,compute,0.252475458,2,0,0,0,0,0,0,1548,0,0,0,0,0,0,1,0,0,0,0
13,cn4726,volume_size_exchange,communication,0.0569675759998,1,0,0,0,0,0,0,0,0,0,0,0,0,0,0,5,5,20,20
13,cn4726,volume_payload_prepare,compute,0.000245023999923,1,0,0,0,0,0,0,68,0,0,0,0,0,0,0,0,0,0,0
13,cn4726,volume_payload_exchange,communication,0.120177096,1,0,0,0,0,0,0,401,0,0,0,0,0,0,0,5,5,2118360,2104560
13,cn4726,volume_exchange_unpack,compute,0.153824875,1,0,0,0,0,0,0,6358,0,0,0,0,0,0,0,0,0,0,0
13,cn4726,final_mesh_save,io,0,0,0,0,0,0,0,0,0,0,0,0,0,0,0,0,0,0,0,0
13,cn4726,testout_io,io,0,0,0,0,0,0,0,0,0,0,0,0,0,0,0,0,0,0,0,0
13,cn4726,final_count_exchange,communication,0,0,0,0,0,0,0,0,0,0,0,0,0,0,0,0,0,0,0,0
13,cn4726,quality_evaluation,postprocess,0,0,0,0,0,0,0,0,0,0,0,0,0,0,0,0,0,0,0,0
14,cn4727,geometry_load,io,1.903826145,1,0,0,0,0,0,0,5961,0,1035096,0,10428416,0,203,1,0,0,0,0
14,cn4727,coarse_local_size,setup,0.491536203,1,0,0,0,0,0,0,8471,0,0,0,0,0,227,27,0,0,0,0
14,cn4727,coarse_edge_mesh,setup,0.0144425169997,1,0,0,0,0,0,0,522,0,0,0,0,0,2,0,0,0,0,0
14,cn4727,coarse_surface_mesh,setup,8.228435974,1,0,0,0,0,0,0,17229,0,0,0,0,0,24,14,0,0,0,0
14,cn4727,coarse_volume_mesh,setup,13.261519959,1,0,0,0,0,0,0,27704,0,0,0,0,0,36078,1578255,0,0,0,0
14,cn4727,coarse_mesh_save,io,0,0,0,0,0,0,0,0,0,0,0,0,0,0,0,0,0,0,0,0
14,cn4727,submesh_initialization,setup,0.000190662000023,1,0,0,0,0,0,0,54,0,0,0,0,0,0,0,0,0,0,0
14,cn4727,metis_partition,compute,0.175703969,1,0,0,0,0,0,0,1824,0,0,0,0,0,0,0,0,0,0,0
14,cn4727,face_map_setup,compute,0.00735458999998,1,0,0,0,0,0,0,494,0,0,0,0,0,0,0,0,0,0,0
14,cn4727,face_local_extract,compute,0.156668655,1,0,0,0,0,0,0,953,0,0,0,0,0,0,0,0,0,0,0
14,cn4727,face_pre_collective_wait,synchronization,0.0352550110001,1,0,0,0,0,0,0,19,0,0,0,0,0,0,0,0,0,0,0
14,cn4727,face_collective_setup,compute,0.000151102000018,1,0,0,0,0,0,0,16,0,0,0,0,0,0,0,0,0,0,0
14,cn4727,face_allgatherv,communication,0.0646236899997,1,0,0,0,0,0,0,1236,0,0,0,0,0,2,0,1,1,75808,4859624
14,cn4727,face_global_merge,compute,0.0792351090004,1,0,0,0,0,0,0,694,0,0,0,0,0,0,0,0,0,0,0
14,cn4727,part_face_create,compute,0.0186941090001,1,0,0,0,0,0,0,30,0,0,0,0,0,0,0,0,0,0,0
14,cn4727,surface_refine,compute,0.0157427529998,1,0,0,0,0,0,0,55,0,0,0,0,0,0,0,0,0,0,0
14,cn4727,refined_surface_save,io,0,0,0,0,0,0,0,0,0,0,0,0,0,0,0,0,0,0,0,0
14,cn4727,local_volume_mesh,compute,11.840572605,1,0,0,0,0,0,0,4433,0,0,0,0,0,18775,906244,0,0,0,0
14,cn4727,volume_refine,compute,0.895940276,1,0,0,0,0,0,0,5959,0,0,0,0,0,0,1,0,0,0,0
14,cn4727,refined_volume_save,io,0,0,0,0,0,0,0,0,0,0,0,0,0,0,0,0,0,0,0,0
14,cn4727,adjacency_build,compute,0.00374796599999,1,0,0,0,0,0,0,0,0,0,0,0,0,0,0,0,0,0,0
14,cn4727,vertex_numbering_local,compute,0.0168478659998,1,0,0,0,0,0,0,287,0,0,0,0,0,0,0,0,0,0,0
14,cn4727,vertex_count_allgather,communication,4.072937703,1,0,0,0,0,0,0,91,0,0,0,0,0,0,4,1,1,4,256
14,cn4727,element_count_allgather,communication,0.000916111000151,1,0,0,0,0,0,0,1,0,0,0,0,0,0,0,1,1,4,256
14,cn4727,vertex_exchange_prepare,compute,0.000221063000026,1,0,0,0,0,0,0,65,0,0,0,0,0,0,0,0,0,0,0
14,cn4727,vertex_exchange,communication,0.00438097400001,1,0,0,0,0,0,0,65,0,0,0,0,0,1,0,3,4,70114,217712
14,cn4727,vertex_exchange_unpack,compute,0.00352482300013,1,0,0,0,0,0,0,479,0,0,0,0,0,0,0,0,0,0,0
14,cn4727,partition_result_io,io,0,0,0,0,0,0,0,0,0,0,0,0,0,0,0,0,0,0,0,0
14,cn4727,volume_exchange_pack,compute,0.3074859,2,0,0,0,0,0,0,2080,0,0,0,0,0,0,1,0,0,0,0
14,cn4727,volume_size_exchange,communication,0.11775576,1,0,0,0,0,0,0,0,0,0,0,0,0,0,0,5,5,20,20
14,cn4727,volume_payload_prepare,compute,0.000350464999883,1,0,0,0,0,0,0,102,0,0,0,0,0,0,0,0,0,0,0
14,cn4727,volume_payload_exchange,communication,0.00249240999983,1,0,0,0,0,0,0,501,0,0,0,0,0,0,0,5,5,3074280,3087120
14,cn4727,volume_exchange_unpack,compute,0.209052396,1,0,0,0,0,0,0,8771,0,0,0,0,0,0,0,0,0,0,0
14,cn4727,final_mesh_save,io,0,0,0,0,0,0,0,0,0,0,0,0,0,0,0,0,0,0,0,0
14,cn4727,testout_io,io,0,0,0,0,0,0,0,0,0,0,0,0,0,0,0,0,0,0,0,0
14,cn4727,final_count_exchange,communication,0,0,0,0,0,0,0,0,0,0,0,0,0,0,0,0,0,0,0,0
14,cn4727,quality_evaluation,postprocess,0,0,0,0,0,0,0,0,0,0,0,0,0,0,0,0,0,0,0,0
15,cn4728,geometry_load,io,2.088040997,1,0,0,0,0,0,0,5960,0,1035096,0,10428416,0,203,18,0,0,0,0
15,cn4728,coarse_local_size,setup,0.533033345,1,0,0,0,0,0,0,8533,0,0,0,0,0,226,33,0,0,0,0
15,cn4728,coarse_edge_mesh,setup,0.0144796980003,1,0,0,0,0,0,0,523,0,0,0,0,0,2,1,0,0,0,0
15,cn4728,coarse_surface_mesh,setup,8.468356472,1,0,0,0,0,0,0,15386,0,0,0,0,0,24,73,0,0,0,0
15,cn4728,coarse_volume_mesh,setup,13.45943634,1,0,0,0,0,0,0,27992,0,0,0,0,0,37184,1715081,0,0,0,0
15,cn4728,coarse_mesh_save,io,0,0,0,0,0,0,0,0,0,0,0,0,0,0,0,0,0,0,0,0
15,cn4728,submesh_initialization,setup,0.000189182000213,1,0,0,0,0,0,0,57,0,0,0,0,0,0,0,0,0,0,0
15,cn4728,metis_partition,compute,0.179219812,1,0,0,0,0,0,0,1888,0,0,0,0,0,0,1,0,0,0,0
15,cn4728,face_map_setup,compute,0.00766738399989,1,0,0,0,0,0,0,586,0,0,0,0,0,0,0,0,0,0,0
15,cn4728,face_local_extract,compute,0.161187116,1,0,0,0,0,0,0,916,0,0,0,0,0,0,1,0,0,0,0
15,cn4728,face_pre_collective_wait,synchronization,0.0268534720003,1,0,0,0,0,0,0,11,0,0,0,0,0,0,1,0,0,0,0
15,cn4728,face_collective_setup,compute,0.000141122000059,1,0,0,0,0,0,0,16,0,0,0,0,0,0,0,0,0,0,0
15,cn4728,face_allgatherv,communication,0.0645923030002,1,0,0,0,0,0,0,766,0,0,0,0,0,2,0,1,1,75808,4859624
15,cn4728,face_global_merge,compute,0.0798008689999,1,0,0,0,0,0,0,640,0,0,0,0,0,0,1,0,0,0,0
15,cn4728,part_face_create,compute,0.01924577,1,0,0,0,0,0,0,19,0,0,0,0,0,0,0,0,0,0,0
15,cn4728,surface_refine,compute,0.0165165200001,1,0,0,0,0,0,0,54,0,0,0,0,0,0,0,0,0,0,0
15,cn4728,refined_surface_save,io,0,0,0,0,0,0,0,0,0,0,0,0,0,0,0,0,0,0,0,0
15,cn4728,local_volume_mesh,compute,12.240309545,1,0,0,0,0,0,0,4888,0,0,0,0,0,20270,1125046,0,0,0,0
15,cn4728,volume_refine,compute,0.886847937,1,0,0,0,0,0,0,4706,0,0,0,0,0,0,8,0,0,0,0
15,cn4728,refined_volume_save,io,0,0,0,0,0,0,0,0,0,0,0,0,0,0,0,0,0,0,0,0
15,cn4728,adjacency_build,compute,0.00379748200021,1,0,0,0,0,0,0,0,0,0,0,0,0,0,0,0,0,0,0
15,cn4728,vertex_numbering_local,compute,0.0129018809998,1,0,0,0,0,0,0,1,0,0,0,0,0,0,0,0,0,0,0
15,cn4728,vertex_count_allgather,communication,3.684309679,1,0,0,0,0,0,0,85,0,0,0,0,0,0,32,1,1,4,256
15,cn4728,element_count_allgather,communication,0.000746687999708,1,0,0,0,0,0,0,5,0,0,0,0,0,0,0,1,1,4,256
15,cn4728,vertex_exchange_prepare,compute,3.15600000249e-05,1,0,0,0,0,0,0,5,0,0,0,0,0,0,0,0,0,0,0
15,cn4728,vertex_exchange,communication,0.00369959999989,1,0,0,0,0,0,0,36,0,0,0,0,0,1,0,0,4,0,146102
15,cn4728,vertex_exchange_unpack,compute,0.00291627199977,1,0,0,0,0,0,0,861,0,0,0,0,0,0,0,0,0,0,0
15,cn4728,partition_result_io,io,0,0,0,0,0,0,0,0,0,0,0,0,0,0,0,0,0,0,0,0
15,cn4728,volume_exchange_pack,compute,0.246692886,2,0,0,0,0,0,0,1837,0,0,0,0,0,0,2,0,0,0,0
15,cn4728,volume_size_exchange,communication,0.180369284,1,0,0,0,0,0,0,2,0,0,0,0,0,0,2,4,4,16,16
15,cn4728,volume_payload_prepare,compute,0.00030044299956,1,0,0,0,0,0,0,102,0,0,0,0,0,0,0,0,0,0,0
15,cn4728,volume_payload_exchange,communication,0.0025979889997,1,0,0,0,0,0,0,264,0,0,0,0,0,0,0,4,4,1551840,1555560
15,cn4728,volume_exchange_unpack,compute,0.171631129,1,0,0,0,0,0,0,7955,0,0,0,0,0,0,1,0,0,0,0
15,cn4728,final_mesh_save,io,0,0,0,0,0,0,0,0,0,0,0,0,0,0,0,0,0,0,0,0
15,cn4728,testout_io,io,0,0,0,0,0,0,0,0,0,0,0,0,0,0,0,0,0,0,0,0
15,cn4728,final_count_exchange,communication,0,0,0,0,0,0,0,0,0,0,0,0,0,0,0,0,0,0,0,0
15,cn4728,quality_evaluation,postprocess,0,0,0,0,0,0,0,0,0,0,0,0,0,0,0,0,0,0,0,0
16,cn4729,geometry_load,io,2.01061352,1,0,0,0,0,0,0,6103,0,1035096,0,10428416,0,203,3,0,0,0,0
16,cn4729,coarse_local_size,setup,0.512553488,1,0,0,0,0,0,0,8090,0,0,0,0,0,191,28,0,0,0,0
16,cn4729,coarse_edge_mesh,setup,0.0146149319999,1,0,0,0,0,0,0,522,0,0,0,0,0,2,0,0,0,0,0
16,cn4729,coarse_surface_mesh,setup,8.581542663,1,0,0,0,0,0,0,17495,0,0,0,0,0,24,9,0,0,0,0
16,cn4729,coarse_volume_mesh,setup,13.520724366,1,0,0,0,0,0,0,30153,0,0,0,0,0,38395,1685214,0,0,0,0
16,cn4729,coarse_mesh_save,io,0,0,0,0,0,0,0,0,0,0,0,0,0,0,0,0,0,0,0,0
16,cn4729,submesh_initialization,setup,0.000194761999865,1,0,0,0,0,0,0,60,0,0,0,0,0,0,0,0,0,0,0
16,cn4729,metis_partition,compute,0.195622393,1,0,0,0,0,0,0,1819,0,0,0,0,0,0,0,0,0,0,0
16,cn4729,face_map_setup,compute,0.00789330199996,1,0,0,0,0,0,0,773,0,0,0,0,0,0,0,0,0,0,0
16,cn4729,face_local_extract,compute,0.161217095,1,0,0,0,0,0,0,812,0,0,0,0,0,0,0,0,0,0,0
16,cn4729,face_pre_collective_wait,synchronization,0.0101668049997,1,0,0,0,0,0,0,10,0,0,0,0,0,0,0,0,0,0,0
16,cn4729,face_collective_setup,compute,0.000155241999892,1,0,0,0,0,0,0,16,0,0,0,0,0,0,0,0,0,0,0
16,cn4729,face_allgatherv,communication,0.0647995539998,1,0,0,0,0,0,0,1243,0,0,0,0,0,0,0,1,1,75808,4859624
16,cn4729,face_global_merge,compute,0.0791915040004,1,0,0,0,0,0,0,706,0,0,0,0,0,0,0,0,0,0,0
16,cn4729,part_face_create,compute,0.0187935149997,1,0,0,0,0,0,0,18,0,0,0,0,0,0,0,0,0,0,0
16,cn4729,surface_refine,compute,0.0106360710001,1,0,0,0,0,0,0,50,0,0,0,0,0,0,0,0,0,0,0
16,cn4729,refined_surface_save,io,0,0,0,0,0,0,0,0,0,0,0,0,0,0,0,0,0,0,0,0
16,cn4729,local_volume_mesh,compute,10.082421045,1,0,0,0,0,0,0,2381,0,0,0,0,0,14856,739370,0,0,0,0
16,cn4729,volume_refine,compute,0.554549544,1,0,0,0,0,0,0,5136,0,0,0,0,0,0,1,0,0,0,0
16,cn4729,refined_volume_save,io,0,0,0,0,0,0,0,0,0,0,0,0,0,0,0,0,0,0,0,0
16,cn4729,adjacency_build,compute,0.00405614200008,1,0,0,0,0,0,0,0,0,0,0,0,0,0,0,0,0,0,0
16,cn4729,vertex_numbering_local,compute,0.0154201999999,1,0,0,0,0,0,0,230,0,0,0,0,0,0,0,0,0,0,0
16,cn4729,vertex_count_allgather,communication,6.178581246,1,0,0,0,0,0,0,125,0,0,0,0,0,0,6,1,1,4,256
16,cn4729,element_count_allgather,communication,0.000939868999922,1,0,0,0,0,0,0,5,0,0,0,0,0,0,0,1,1,4,256
16,cn4729,vertex_exchange_prepare,compute,3.56210002792e-05,1,0,0,0,0,0,0,11,0,0,0,0,0,0,0,0,0,0,0
16,cn4729,vertex_exchange,communication,0.0053511760002,1,0,0,0,0,0,0,140,0,0,0,0,0,2,0,5,4,298958,4114
16,cn4729,vertex_exchange_unpack,compute,0.000319302999742,1,0,0,0,0,0,0,219,0,0,0,0,0,0,0,0,0,0,0
16,cn4729,partition_result_io,io,0,0,0,0,0,0,0,0,0,0,0,0,0,0,0,0,0,0,0,0
16,cn4729,volume_exchange_pack,compute,0.266739072,2,0,0,0,0,0,0,3207,0,0,0,0,0,0,0,0,0,0,0
16,cn4729,volume_size_exchange,communication,0.0495788349999,1,0,0,0,0,0,0,0,0,0,0,0,0,0,1,5,5,20,20
16,cn4729,volume_payload_prepare,compute,0.000322343999869,1,0,0,0,0,0,0,68,0,0,0,0,0,0,0,0,0,0,0
16,cn4729,volume_payload_exchange,communication,0.00245738500007,1,0,0,0,0,0,0,420,0,0,0,0,0,0,0,5,5,3270120,3261240
16,cn4729,volume_exchange_unpack,compute,0.279459385,1,0,0,0,0,0,0,6897,0,0,0,0,0,0,0,0,0,0,0
16,cn4729,final_mesh_save,io,0,0,0,0,0,0,0,0,0,0,0,0,0,0,0,0,0,0,0,0
16,cn4729,testout_io,io,0,0,0,0,0,0,0,0,0,0,0,0,0,0,0,0,0,0,0,0
16,cn4729,final_count_exchange,communication,0,0,0,0,0,0,0,0,0,0,0,0,0,0,0,0,0,0,0,0
16,cn4729,quality_evaluation,postprocess,0,0,0,0,0,0,0,0,0,0,0,0,0,0,0,0,0,0,0,0
17,cn4730,geometry_load,io,2.053817616,1,0,0,0,0,0,0,5960,0,1035096,0,10428416,0,203,1,0,0,0,0
17,cn4730,coarse_local_size,setup,0.545930707,1,0,0,0,0,0,0,8309,0,0,0,0,0,192,28,0,0,0,0
17,cn4730,coarse_edge_mesh,setup,0.0145264380003,1,0,0,0,0,0,0,515,0,0,0,0,0,2,0,0,0,0,0
17,cn4730,coarse_surface_mesh,setup,8.764170781,1,0,0,0,0,0,0,14710,0,0,0,0,0,24,12,0,0,0,0
17,cn4730,coarse_volume_mesh,setup,13.27137177,1,0,0,0,0,0,0,27702,0,0,0,0,0,34652,1486681,0,0,0,0
17,cn4730,coarse_mesh_save,io,0,0,0,0,0,0,0,0,0,0,0,0,0,0,0,0,0,0,0,0
17,cn4730,submesh_initialization,setup,0.000189901999875,1,0,0,0,0,0,0,61,0,0,0,0,0,0,0,0,0,0,0
17,cn4730,metis_partition,compute,0.190019103,1,0,0,0,0,0,0,1825,0,0,0,0,0,0,0,0,0,0,0
17,cn4730,face_map_setup,compute,0.00785026500034,1,0,0,0,0,0,0,591,0,0,0,0,0,0,0,0,0,0,0
17,cn4730,face_local_extract,compute,0.160579003,1,0,0,0,0,0,0,794,0,0,0,0,0,0,0,0,0,0,0
17,cn4730,face_pre_collective_wait,synchronization,0.0164915190003,1,0,0,0,0,0,0,9,0,0,0,0,0,0,0,0,0,0,0
17,cn4730,face_collective_setup,compute,0.00340085700009,1,0,0,0,0,0,0,16,0,0,0,0,0,3,0,0,0,0,0
17,cn4730,face_allgatherv,communication,0.06163423,1,0,0,0,0,0,0,1199,0,0,0,0,0,2,0,1,1,75808,4859624
17,cn4730,face_global_merge,compute,0.0803289519999,1,0,0,0,0,0,0,636,0,0,0,0,0,0,0,0,0,0,0
17,cn4730,part_face_create,compute,0.0187178830001,1,0,0,0,0,0,0,23,0,0,0,0,0,0,0,0,0,0,0
17,cn4730,surface_refine,compute,0.0105203140001,1,0,0,0,0,0,0,47,0,0,0,0,0,0,0,0,0,0,0
17,cn4730,refined_surface_save,io,0,0,0,0,0,0,0,0,0,0,0,0,0,0,0,0,0,0,0,0
17,cn4730,local_volume_mesh,compute,10.2599807,1,0,0,0,0,0,0,2476,0,0,0,0,0,18199,847404,0,0,0,0
17,cn4730,volume_refine,compute,0.650784165,1,0,0,0,0,0,0,4853,0,0,0,0,0,0,0,0,0,0,0
17,cn4730,refined_volume_save,io,0,0,0,0,0,0,0,0,0,0,0,0,0,0,0,0,0,0,0,0
17,cn4730,adjacency_build,compute,0.00394570300023,1,0,0,0,0,0,0,0,0,0,0,0,0,0,0,0,0,0,0
17,cn4730,vertex_numbering_local,compute,0.0127696190002,1,0,0,0,0,0,0,1,0,0,0,0,0,0,0,0,0,0,0
17,cn4730,vertex_count_allgather,communication,5.904921102,1,0,0,0,0,0,0,114,0,0,0,0,0,0,6,1,1,4,256
17,cn4730,element_count_allgather,communication,0.000891689000127,1,0,0,0,0,0,0,9,0,0,0,0,0,0,0,1,1,4,256
17,cn4730,vertex_exchange_prepare,compute,6.2581000293e-05,1,0,0,0,0,0,0,30,0,0,0,0,0,0,0,0,0,0,0
17,cn4730,vertex_exchange,communication,0.00843419100011,1,0,0,0,0,0,0,83,0,0,0,0,0,0,0,4,3,161832,85712
17,cn4730,vertex_exchange_unpack,compute,0.0019876209999,1,0,0,0,0,0,0,783,0,0,0,0,0,0,0,0,0,0,0
17,cn4730,partition_result_io,io,0,0,0,0,0,0,0,0,0,0,0,0,0,0,0,0,0,0,0,0
17,cn4730,volume_exchange_pack,compute,0.227593951,2,0,0,0,0,0,0,2668,0,0,0,0,0,0,0,0,0,0,0
17,cn4730,volume_size_exchange,communication,0.0851879649999,1,0,0,0,0,0,0,0,0,0,0,0,0,0,0,4,4,16,16
17,cn4730,volume_payload_prepare,compute,0.000316603000101,1,0,0,0,0,0,0,68,0,0,0,0,0,0,0,0,0,0,0
17,cn4730,volume_payload_exchange,communication,0.00247852600023,1,0,0,0,0,0,0,211,0,0,0,0,0,0,0,4,4,2629800,2633880
17,cn4730,volume_exchange_unpack,compute,0.163750697,1,0,0,0,0,0,0,6030,0,0,0,0,0,0,1,0,0,0,0
17,cn4730,final_mesh_save,io,0,0,0,0,0,0,0,0,0,0,0,0,0,0,0,0,0,0,0,0
17,cn4730,testout_io,io,0,0,0,0,0,0,0,0,0,0,0,0,0,0,0,0,0,0,0,0
17,cn4730,final_count_exchange,communication,0,0,0,0,0,0,0,0,0,0,0,0,0,0,0,0,0,0,0,0
17,cn4730,quality_evaluation,postprocess,0,0,0,0,0,0,0,0,0,0,0,0,0,0,0,0,0,0,0,0
18,cn4731,geometry_load,io,2.104179862,1,0,0,0,0,0,0,6103,0,1035096,0,10428416,0,203,2,0,0,0,0
18,cn4731,coarse_local_size,setup,0.523459184,1,0,0,0,0,0,0,8592,0,0,0,0,0,193,30,0,0,0,0
18,cn4731,coarse_edge_mesh,setup,0.0142659339999,1,0,0,0,0,0,0,506,0,0,0,0,0,2,0,0,0,0,0
18,cn4731,coarse_surface_mesh,setup,8.51965826,1,0,0,0,0,0,0,14426,0,0,0,0,0,24,12,0,0,0,0
18,cn4731,coarse_volume_mesh,setup,13.279694272,1,0,0,0,0,0,0,29285,0,0,0,0,0,35841,1540310,0,0,0,0
18,cn4731,coarse_mesh_save,io,0,0,0,0,0,0,0,0,0,0,0,0,0,0,0,0,0,0,0,0
18,cn4731,submesh_initialization,setup,0.0001429619997,1,0,0,0,0,0,0,4,0,0,0,0,0,0,0,0,0,0,0
18,cn4731,metis_partition,compute,0.181701049,1,0,0,0,0,0,0,394,0,0,0,0,0,0,0,0,0,0,0
18,cn4731,face_map_setup,compute,0.00710814600006,1,0,0,0,0,0,0,261,0,0,0,0,0,0,0,0,0,0,0
18,cn4731,face_local_extract,compute,0.15960406,1,0,0,0,0,0,0,772,0,0,0,0,0,0,0,0,0,0,0
18,cn4731,face_pre_collective_wait,synchronization,0.0266482040001,1,0,0,0,0,0,0,8,0,0,0,0,0,0,0,0,0,0,0
18,cn4731,face_collective_setup,compute,0.000144441999964,1,0,0,0,0,0,0,16,0,0,0,0,0,0,0,0,0,0,0
18,cn4731,face_allgatherv,communication,0.0648528889997,1,0,0,0,0,0,0,1142,0,0,0,0,0,2,1,1,1,75808,4859624
18,cn4731,face_global_merge,compute,0.0750349529999,1,0,0,0,0,0,0,151,0,0,0,0,0,0,0,0,0,0,0
18,cn4731,part_face_create,compute,0.0178435170001,1,0,0,0,0,0,0,13,0,0,0,0,0,0,0,0,0,0,0
18,cn4731,surface_refine,compute,0.01067663,1,0,0,0,0,0,0,45,0,0,0,0,0,0,0,0,0,0,0
18,cn4731,refined_surface_save,io,0,0,0,0,0,0,0,0,0,0,0,0,0,0,0,0,0,0,0,0
18,cn4731,local_volume_mesh,compute,10.048851952,1,0,0,0,0,0,0,1729,0,0,0,0,0,12949,648918,0,0,0,0
18,cn4731,volume_refine,compute,0.653748188,1,0,0,0,0,0,0,7622,0,0,0,0,0,0,0,0,0,0,0
18,cn4731,refined_volume_save,io,0,0,0,0,0,0,0,0,0,0,0,0,0,0,0,0,0,0,0,0
18,cn4731,adjacency_build,compute,0.00379378600019,1,0,0,0,0,0,0,8,0,0,0,0,0,0,0,0,0,0,0
18,cn4731,vertex_numbering_local,compute,0.0148415600001,1,0,0,0,0,0,0,392,0,0,0,0,0,0,0,0,0,0,0
18,cn4731,vertex_count_allgather,communication,6.118056322,1,0,0,0,0,0,0,63,0,0,0,0,0,0,10,1,1,4,256
18,cn4731,element_count_allgather,communication,0.000798588999714,1,0,0,0,0,0,0,0,0,0,0,0,0,0,0,1,1,4,256
18,cn4731,vertex_exchange_prepare,compute,7.7641000189e-05,1,0,0,0,0,0,0,32,0,0,0,0,0,0,0,0,0,0,0
18,cn4731,vertex_exchange,communication,0.00568836900038,1,0,0,0,0,0,0,33,0,0,0,0,0,1,0,6,4,170544,116468
18,cn4731,vertex_exchange_unpack,compute,0.00161079999998,1,0,0,0,0,0,0,0,0,0,0,0,0,0,0,0,0,0,0
18,cn4731,partition_result_io,io,0,0,0,0,0,0,0,0,0,0,0,0,0,0,0,0,0,0,0,0
18,cn4731,volume_exchange_pack,compute,0.232001039999,2,0,0,0,0,0,0,1233,0,0,0,0,0,0,1,0,0,0,0
18,cn4731,volume_size_exchange,communication,0.0838756799999,1,0,0,0,0,0,0,1,0,0,0,0,0,0,0,6,6,24,24
18,cn4731,volume_payload_prepare,compute,0.00038656400011,1,0,0,0,0,0,0,102,0,0,0,0,0,0,0,0,0,0,0
18,cn4731,volume_payload_exchange,communication,0.0025418299997,1,0,0,0,0,0,0,352,0,0,0,0,0,0,0,6,6,3043440,3042960
18,cn4731,volume_exchange_unpack,compute,0.16942902,1,0,0,0,0,0,0,6308,0,0,0,0,0,0,0,0,0,0,0
18,cn4731,final_mesh_save,io,0,0,0,0,0,0,0,0,0,0,0,0,0,0,0,0,0,0,0,0
18,cn4731,testout_io,io,0,0,0,0,0,0,0,0,0,0,0,0,0,0,0,0,0,0,0,0
18,cn4731,final_count_exchange,communication,0,0,0,0,0,0,0,0,0,0,0,0,0,0,0,0,0,0,0,0
18,cn4731,quality_evaluation,postprocess,0,0,0,0,0,0,0,0,0,0,0,0,0,0,0,0,0,0,0,0
19,cn4732,geometry_load,io,2.058660287,1,0,0,0,0,0,0,6105,0,1035096,0,10428416,0,203,16,0,0,0,0
19,cn4732,coarse_local_size,setup,0.536240166,1,0,0,0,0,0,0,8535,0,0,0,0,0,220,33,0,0,0,0
19,cn4732,coarse_edge_mesh,setup,0.0144916939998,1,0,0,0,0,0,0,488,0,0,0,0,0,2,0,0,0,0,0
19,cn4732,coarse_surface_mesh,setup,8.655727751,1,0,0,0,0,0,0,15325,0,0,0,0,0,24,75,0,0,0,0
19,cn4732,coarse_volume_mesh,setup,13.508834371,1,0,0,0,0,0,0,30514,0,0,0,0,0,37701,1691037,0,0,0,0
19,cn4732,coarse_mesh_save,io,0,0,0,0,0,0,0,0,0,0,0,0,0,0,0,0,0,0,0,0
19,cn4732,submesh_initialization,setup,0.000188400999832,1,0,0,0,0,0,0,56,0,0,0,0,0,0,0,0,0,0,0
19,cn4732,metis_partition,compute,0.182020599,1,0,0,0,0,0,0,1634,0,0,0,0,0,0,1,0,0,0,0
19,cn4732,face_map_setup,compute,0.00758052999981,1,0,0,0,0,0,0,487,0,0,0,0,0,0,0,0,0,0,0
19,cn4732,face_local_extract,compute,0.162060115,1,0,0,0,0,0,0,773,0,0,0,0,0,0,2,0,0,0,0
19,cn4732,face_pre_collective_wait,synchronization,0.0232294739999,1,0,0,0,0,0,0,9,0,0,0,0,0,0,0,0,0,0,0
19,cn4732,face_collective_setup,compute,0.000150380999912,1,0,0,0,0,0,0,16,0,0,0,0,0,0,0,0,0,0,0
19,cn4732,face_allgatherv,communication,0.0648125580001,1,0,0,0,0,0,0,639,0,0,0,0,0,0,0,1,1,75808,4859624
19,cn4732,face_global_merge,compute,0.0806436840003,1,0,0,0,0,0,0,706,0,0,0,0,0,0,2,0,0,0,0
19,cn4732,part_face_create,compute,0.0189596149999,1,0,0,0,0,0,0,32,0,0,0,0,0,0,0,0,0,0,0
19,cn4732,surface_refine,compute,0.0160188279997,1,0,0,0,0,0,0,54,0,0,0,0,0,0,0,0,0,0,0
19,cn4732,refined_surface_save,io,0,0,0,0,0,0,0,0,0,0,0,0,0,0,0,0,0,0,0,0
19,cn4732,local_volume_mesh,compute,10.89999015,1,0,0,0,0,0,0,4950,0,0,0,0,0,10998,754678,0,0,0,0
19,cn4732,volume_refine,compute,0.796855349,1,0,0,0,0,0,0,4254,0,0,0,0,0,0,7,0,0,0,0
19,cn4732,refined_volume_save,io,0,0,0,0,0,0,0,0,0,0,0,0,0,0,0,0,0,0,0,0
19,cn4732,adjacency_build,compute,0.00381791500013,1,0,0,0,0,0,0,0,0,0,0,0,0,0,0,0,0,0,0
19,cn4732,vertex_numbering_local,compute,0.016667414,1,0,0,0,0,0,0,49,0,0,0,0,0,0,0,0,0,0,0
19,cn4732,vertex_count_allgather,communication,5.110590235,1,0,0,0,0,0,0,121,0,0,0,0,0,0,43,1,1,4,256
19,cn4732,element_count_allgather,communication,0.000227861999974,1,0,0,0,0,0,0,6,0,0,0,0,0,0,0,1,1,4,256
19,cn4732,vertex_exchange_prepare,compute,0.000119921000078,1,0,0,0,0,0,0,35,0,0,0,0,0,0,0,0,0,0,0
19,cn4732,vertex_exchange,communication,0.00572635300023,1,0,0,0,0,0,0,88,0,0,0,0,0,1,0,6,3,141108,113608
19,cn4732,vertex_exchange_unpack,compute,0.00196565799979,1,0,0,0,0,0,0,363,0,0,0,0,0,0,0,0,0,0,0
19,cn4732,partition_result_io,io,0,0,0,0,0,0,0,0,0,0,0,0,0,0,0,0,0,0,0,0
19,cn4732,volume_exchange_pack,compute,0.250864654,2,0,0,0,0,0,0,2063,0,0,0,0,0,0,3,0,0,0,0
19,cn4732,volume_size_exchange,communication,0.0306072619996,1,0,0,0,0,0,0,1,0,0,0,0,0,0,0,6,6,24,24
19,cn4732,volume_payload_prepare,compute,0.000251443000252,1,0,0,0,0,0,0,68,0,0,0,0,0,0,0,0,0,0,0
19,cn4732,volume_payload_exchange,communication,0.0466160899996,1,0,0,0,0,0,0,521,0,0,0,0,0,0,0,6,6,2715840,2694120
19,cn4732,volume_exchange_unpack,compute,0.18103901,1,0,0,0,0,0,0,6430,0,0,0,0,0,0,2,0,0,0,0
19,cn4732,final_mesh_save,io,0,0,0,0,0,0,0,0,0,0,0,0,0,0,0,0,0,0,0,0
19,cn4732,testout_io,io,0,0,0,0,0,0,0,0,0,0,0,0,0,0,0,0,0,0,0,0
19,cn4732,final_count_exchange,communication,0,0,0,0,0,0,0,0,0,0,0,0,0,0,0,0,0,0,0,0
19,cn4732,quality_evaluation,postprocess,0,0,0,0,0,0,0,0,0,0,0,0,0,0,0,0,0,0,0,0
20,cn4733,geometry_load,io,2.062581484,1,0,0,0,0,0,0,6103,0,1035096,0,10428416,0,203,6,0,0,0,0
20,cn4733,coarse_local_size,setup,0.556687313,1,0,0,0,0,0,0,8655,0,0,0,0,0,286,32,0,0,0,0
20,cn4733,coarse_edge_mesh,setup,0.0146367409998,1,0,0,0,0,0,0,516,0,0,0,0,0,2,0,0,0,0,0
20,cn4733,coarse_surface_mesh,setup,8.632039775,1,0,0,0,0,0,0,15332,0,0,0,0,0,24,13,0,0,0,0
20,cn4733,coarse_volume_mesh,setup,13.417400979,1,0,0,0,0,0,0,30432,0,0,0,0,0,36969,1560276,0,0,0,0
20,cn4733,coarse_mesh_save,io,0,0,0,0,0,0,0,0,0,0,0,0,0,0,0,0,0,0,0,0
20,cn4733,submesh_initialization,setup,0.000150501999997,1,0,0,0,0,0,0,5,0,0,0,0,0,0,0,0,0,0,0
20,cn4733,metis_partition,compute,0.170196569,1,0,0,0,0,0,0,69,0,0,0,0,0,0,0,0,0,0,0
20,cn4733,face_map_setup,compute,0.00702706799984,1,0,0,0,0,0,0,261,0,0,0,0,0,0,0,0,0,0,0
20,cn4733,face_local_extract,compute,0.152732,1,0,0,0,0,0,0,198,0,0,0,0,0,0,0,0,0,0,0
20,cn4733,face_pre_collective_wait,synchronization,0.0450787569998,1,0,0,0,0,0,0,9,0,0,0,0,0,0,0,0,0,0,0
20,cn4733,face_collective_setup,compute,0.00285744799976,1,0,0,0,0,0,0,15,0,0,0,0,0,3,0,0,0,0,0
20,cn4733,face_allgatherv,communication,0.0620152810002,1,0,0,0,0,0,0,87,0,0,0,0,0,4,0,1,1,75808,4859624
20,cn4733,face_global_merge,compute,0.0742132189998,1,0,0,0,0,0,0,0,0,0,0,0,0,0,0,0,0,0,0
20,cn4733,part_face_create,compute,0.017714391,1,0,0,0,0,0,0,3,0,0,0,0,0,0,0,0,0,0,0
20,cn4733,surface_refine,compute,0.01652066,1,0,0,0,0,0,0,1,0,0,0,0,0,0,0,0,0,0,0
20,cn4733,refined_surface_save,io,0,0,0,0,0,0,0,0,0,0,0,0,0,0,0,0,0,0,0,0
20,cn4733,local_volume_mesh,compute,12.74457324,1,0,0,0,0,0,0,4771,0,0,0,0,0,19261,1127373,0,0,0,0
20,cn4733,volume_refine,compute,0.959049712,1,0,0,0,0,0,0,4868,0,0,0,0,0,0,1,0,0,0,0
20,cn4733,refined_volume_save,io,0,0,0,0,0,0,0,0,0,0,0,0,0,0,0,0,0,0,0,0
20,cn4733,adjacency_build,compute,0.00361995499998,1,0,0,0,0,0,0,0,0,0,0,0,0,0,0,0,0,0,0
20,cn4733,vertex_numbering_local,compute,0.015805214,1,0,0,0,0,0,0,2,0,0,0,0,0,0,0,0,0,0,0
20,cn4733,vertex_count_allgather,communication,3.110427456,1,0,0,0,0,0,0,28,0,0,0,0,0,0,6,1,1,4,256
20,cn4733,element_count_allgather,communication,0.000555985000119,1,0,0,0,0,0,0,0,0,0,0,0,0,0,0,1,1,4,256
20,cn4733,vertex_exchange_prepare,compute,2.43599997702e-05,1,0,0,0,0,0,0,0,0,0,0,0,0,0,0,0,0,0,0
20,cn4733,vertex_exchange,communication,0.00561651499993,1,0,0,0,0,0,0,26,0,0,0,0,0,2,0,5,5,99990,113542
20,cn4733,vertex_exchange_unpack,compute,0.00159595600007,1,0,0,0,0,0,0,0,0,0,0,0,0,0,0,0,0,0,0
20,cn4733,partition_result_io,io,0,0,0,0,0,0,0,0,0,0,0,0,0,0,0,0,0,0,0,0
20,cn4733,volume_exchange_pack,compute,0.31266415,2,0,0,0,0,0,0,592,0,0,0,0,0,0,1,0,0,0,0
20,cn4733,volume_size_exchange,communication,4.09399999626e-05,1,0,0,0,0,0,0,0,0,0,0,0,0,0,0,6,6,24,24
20,cn4733,volume_payload_prepare,compute,0.000407684000038,1,0,0,0,0,0,0,132,0,0,0,0,0,0,0,0,0,0,0
20,cn4733,volume_payload_exchange,communication,0.0025074250002,1,0,0,0,0,0,0,229,0,0,0,0,0,0,0,6,6,2255400,2263920
20,cn4733,volume_exchange_unpack,compute,0.237782584,1,0,0,0,0,0,0,9897,0,0,0,0,0,0,0,0,0,0,0
20,cn4733,final_mesh_save,io,0,0,0,0,0,0,0,0,0,0,0,0,0,0,0,0,0,0,0,0
20,cn4733,testout_io,io,0,0,0,0,0,0,0,0,0,0,0,0,0,0,0,0,0,0,0,0
20,cn4733,final_count_exchange,communication,0,0,0,0,0,0,0,0,0,0,0,0,0,0,0,0,0,0,0,0
20,cn4733,quality_evaluation,postprocess,0,0,0,0,0,0,0,0,0,0,0,0,0,0,0,0,0,0,0,0
21,cn4734,geometry_load,io,2.01586616,1,0,0,0,0,0,0,6106,0,1035096,0,10428416,0,203,2,0,0,0,0
21,cn4734,coarse_local_size,setup,0.576208517,1,0,0,0,0,0,0,8595,0,0,0,0,0,220,28,0,0,0,0
21,cn4734,coarse_edge_mesh,setup,0.0147154860001,1,0,0,0,0,0,0,488,0,0,0,0,0,2,0,0,0,0,0
21,cn4734,coarse_surface_mesh,setup,8.531422518,1,0,0,0,0,0,0,15294,0,0,0,0,0,24,8,0,0,0,0
21,cn4734,coarse_volume_mesh,setup,13.522157638,1,0,0,0,0,0,0,27502,0,0,0,0,0,37261,1606936,0,0,0,0
21,cn4734,coarse_mesh_save,io,0,0,0,0,0,0,0,0,0,0,0,0,0,0,0,0,0,0,0,0
21,cn4734,submesh_initialization,setup,0.000136221000048,1,0,0,0,0,0,0,4,0,0,0,0,0,0,0,0,0,0,0
21,cn4734,metis_partition,compute,0.164896049,1,0,0,0,0,0,0,203,0,0,0,0,0,0,0,0,0,0,0
21,cn4734,face_map_setup,compute,0.00713939199977,1,0,0,0,0,0,0,267,0,0,0,0,0,0,0,0,0,0,0
21,cn4734,face_local_extract,compute,0.157195054,1,0,0,0,0,0,0,198,0,0,0,0,0,0,0,0,0,0,0
21,cn4734,face_pre_collective_wait,synchronization,0.0458534910003,1,0,0,0,0,0,0,7,0,0,0,0,0,0,0,0,0,0,0
21,cn4734,face_collective_setup,compute,0.000149141000293,1,0,0,0,0,0,0,16,0,0,0,0,0,0,0,0,0,0,0
21,cn4734,face_allgatherv,communication,0.064686227,1,0,0,0,0,0,0,211,0,0,0,0,0,0,0,1,1,75808,4859624
21,cn4734,face_global_merge,compute,0.0748902799996,1,0,0,0,0,0,0,136,0,0,0,0,0,0,0,0,0,0,0
21,cn4734,part_face_create,compute,0.0178032080003,1,0,0,0,0,0,0,3,0,0,0,0,0,0,0,0,0,0,0
21,cn4734,surface_refine,compute,0.015176889,1,0,0,0,0,0,0,48,0,0,0,0,0,0,0,0,0,0,0
21,cn4734,refined_surface_save,io,0,0,0,0,0,0,0,0,0,0,0,0,0,0,0,0,0,0,0,0
21,cn4734,local_volume_mesh,compute,11.773877207,1,0,0,0,0,0,0,5440,0,0,0,0,0,15104,947694,0,0,0,0
21,cn4734,volume_refine,compute,0.847256411,1,0,0,0,0,0,0,4972,0,0,0,0,0,0,1,0,0,0,0
21,cn4734,refined_volume_save,io,0,0,0,0,0,0,0,0,0,0,0,0,0,0,0,0,0,0,0,0
21,cn4734,adjacency_build,compute,0.00366982600008,1,0,0,0,0,0,0,0,0,0,0,0,0,0,0,0,0,0,0
21,cn4734,vertex_numbering_local,compute,0.0153008499997,1,0,0,0,0,0,0,81,0,0,0,0,0,0,0,0,0,0,0
21,cn4734,vertex_count_allgather,communication,4.195901906,1,0,0,0,0,0,0,104,0,0,0,0,0,0,6,1,1,4,256
21,cn4734,element_count_allgather,communication,0.000812646000213,1,0,0,0,0,0,0,4,0,0,0,0,0,0,0,1,1,4,256
21,cn4734,vertex_exchange_prepare,compute,0.000165640999967,1,0,0,0,0,0,0,39,0,0,0,0,0,0,0,0,0,0,0
21,cn4734,vertex_exchange,communication,0.00764837499992,1,0,0,0,0,0,0,47,0,0,0,0,0,1,0,2,5,75988,144716
21,cn4734,vertex_exchange_unpack,compute,0.00203595399989,1,0,0,0,0,0,0,18,0,0,0,0,0,0,0,0,0,0,0
21,cn4734,partition_result_io,io,0,0,0,0,0,0,0,0,0,0,0,0,0,0,0,0,0,0,0,0
21,cn4734,volume_exchange_pack,compute,0.278423908,2,0,0,0,0,0,0,1331,0,0,0,0,0,0,0,0,0,0,0
21,cn4734,volume_size_exchange,communication,0.034372348,1,0,0,0,0,0,0,0,0,0,0,0,0,0,0,5,5,20,20
21,cn4734,volume_payload_prepare,compute,0.000325902999975,1,0,0,0,0,0,0,102,0,0,0,0,0,0,0,0,0,0,0
21,cn4734,volume_payload_exchange,communication,0.00247087799971,1,0,0,0,0,0,0,452,0,0,0,0,0,0,0,5,5,2351520,2361240
21,cn4734,volume_exchange_unpack,compute,0.194827025,1,0,0,0,0,0,0,8367,0,0,0,0,0,0,1,0,0,0,0
21,cn4734,final_mesh_save,io,0,0,0,0,0,0,0,0,0,0,0,0,0,0,0,0,0,0,0,0
21,cn4734,testout_io,io,0,0,0,0,0,0,0,0,0,0,0,0,0,0,0,0,0,0,0,0
21,cn4734,final_count_exchange,communication,0,0,0,0,0,0,0,0,0,0,0,0,0,0,0,0,0,0,0,0
21,cn4734,quality_evaluation,postprocess,0,0,0,0,0,0,0,0,0,0,0,0,0,0,0,0,0,0,0,0
22,cn4735,geometry_load,io,1.936857875,1,0,0,0,0,0,0,6107,0,1035096,0,10428416,0,203,3,0,0,0,0
22,cn4735,coarse_local_size,setup,0.488958094,1,0,0,0,0,0,0,8673,0,0,0,0,0,189,27,0,0,0,0
22,cn4735,coarse_edge_mesh,setup,0.0144139190002,1,0,0,0,0,0,0,505,0,0,0,0,0,2,0,0,0,0,0
22,cn4735,coarse_surface_mesh,setup,8.195725504,1,0,0,0,0,0,0,17146,0,0,0,0,0,24,14,0,0,0,0
22,cn4735,coarse_volume_mesh,setup,13.50112612,1,0,0,0,0,0,0,28116,0,0,0,0,0,36808,1615515,0,0,0,0
22,cn4735,coarse_mesh_save,io,0,0,0,0,0,0,0,0,0,0,0,0,0,0,0,0,0,0,0,0
22,cn4735,submesh_initialization,setup,0.000198722000277,1,0,0,0,0,0,0,62,0,0,0,0,0,0,0,0,0,0,0
22,cn4735,metis_partition,compute,0.178268111,1,0,0,0,0,0,0,3544,0,0,0,0,0,0,1,0,0,0,0
22,cn4735,face_map_setup,compute,0.00776575400005,1,0,0,0,0,0,0,615,0,0,0,0,0,0,0,0,0,0,0
22,cn4735,face_local_extract,compute,0.164791022,1,0,0,0,0,0,0,1351,0,0,0,0,0,0,0,0,0,0,0
22,cn4735,face_pre_collective_wait,synchronization,0.024131051,1,0,0,0,0,0,0,36,0,0,0,0,0,0,0,0,0,0,0
22,cn4735,face_collective_setup,compute,0.00305429000036,1,0,0,0,0,0,0,16,0,0,0,0,0,3,0,0,0,0,0
22,cn4735,face_allgatherv,communication,0.0616774119999,1,0,0,0,0,0,0,836,0,0,0,0,0,0,0,1,1,75808,4859624
22,cn4735,face_global_merge,compute,0.0779799490001,1,0,0,0,0,0,0,560,0,0,0,0,0,0,0,0,0,0,0
22,cn4735,part_face_create,compute,0.0190188020001,1,0,0,0,0,0,0,30,0,0,0,0,0,0,0,0,0,0,0
22,cn4735,surface_refine,compute,0.0167571410002,1,0,0,0,0,0,0,8,0,0,0,0,0,0,0,0,0,0,0
22,cn4735,refined_surface_save,io,0,0,0,0,0,0,0,0,0,0,0,0,0,0,0,0,0,0,0,0
22,cn4735,local_volume_mesh,compute,10.895826807,1,0,0,0,0,0,0,4498,0,0,0,0,0,19484,1143798,0,0,0,0
22,cn4735,volume_refine,compute,0.939897744,1,0,0,0,0,0,0,5103,0,0,0,0,0,0,1,0,0,0,0
22,cn4735,refined_volume_save,io,0,0,0,0,0,0,0,0,0,0,0,0,0,0,0,0,0,0,0,0
22,cn4735,adjacency_build,compute,0.00398565799969,1,0,0,0,0,0,0,0,0,0,0,0,0,0,0,0,0,0,0
22,cn4735,vertex_numbering_local,compute,0.0167095010002,1,0,0,0,0,0,0,367,0,0,0,0,0,0,0,0,0,0,0
22,cn4735,vertex_count_allgather,communication,4.971992955,1,0,0,0,0,0,0,115,0,0,0,0,0,0,5,1,1,4,256
22,cn4735,element_count_allgather,communication,0.000700126000083,1,0,0,0,0,0,0,12,0,0,0,0,0,0,0,1,1,4,256
22,cn4735,vertex_exchange_prepare,compute,0.000149161000081,1,0,0,0,0,0,0,39,0,0,0,0,0,0,0,0,0,0,0
22,cn4735,vertex_exchange,communication,0.00757011200039,1,0,0,0,0,0,0,90,0,0,0,0,0,0,0,4,4,87032,137104
22,cn4735,vertex_exchange_unpack,compute,0.002847148,1,0,0,0,0,0,0,863,0,0,0,0,0,0,0,0,0,0,0
22,cn4735,partition_result_io,io,0,0,0,0,0,0,0,0,0,0,0,0,0,0,0,0,0,0,0,0
22,cn4735,volume_exchange_pack,compute,0.282806476,2,0,0,0,0,0,0,2196,0,0,0,0,0,0,0,0,0,0,0
22,cn4735,volume_size_exchange,communication,0.0288992569999,1,0,0,0,0,0,0,0,0,0,0,0,0,0,0,5,5,20,20
22,cn4735,volume_payload_prepare,compute,0.000302782999825,1,0,0,0,0,0,0,102,0,0,0,0,0,0,0,0,0,0,0
22,cn4735,volume_payload_exchange,communication,0.0400495649997,1,0,0,0,0,0,0,499,0,0,0,0,0,0,0,5,5,2387280,2391120
22,cn4735,volume_exchange_unpack,compute,0.203233711,1,0,0,0,0,0,0,9156,0,0,0,0,0,0,0,0,0,0,0
22,cn4735,final_mesh_save,io,0,0,0,0,0,0,0,0,0,0,0,0,0,0,0,0,0,0,0,0
22,cn4735,testout_io,io,0,0,0,0,0,0,0,0,0,0,0,0,0,0,0,0,0,0,0,0
22,cn4735,final_count_exchange,communication,0,0,0,0,0,0,0,0,0,0,0,0,0,0,0,0,0,0,0,0
22,cn4735,quality_evaluation,postprocess,0,0,0,0,0,0,0,0,0,0,0,0,0,0,0,0,0,0,0,0
23,cn4736,geometry_load,io,1.970912028,1,0,0,0,0,0,0,6105,0,1035096,0,10428416,0,203,6,0,0,0,0
23,cn4736,coarse_local_size,setup,0.500726686,1,0,0,0,0,0,0,8018,0,0,0,0,0,214,27,0,0,0,0
23,cn4736,coarse_edge_mesh,setup,0.0145436990001,1,0,0,0,0,0,0,525,0,0,0,0,0,2,0,0,0,0,0
23,cn4736,coarse_surface_mesh,setup,8.478576083,1,0,0,0,0,0,0,15317,0,0,0,0,0,24,9,0,0,0,0
23,cn4736,coarse_volume_mesh,setup,13.465787654,1,0,0,0,0,0,0,24718,0,0,0,0,0,39043,1582615,0,0,0,0
23,cn4736,coarse_mesh_save,io,0,0,0,0,0,0,0,0,0,0,0,0,0,0,0,0,0,0,0,0
23,cn4736,submesh_initialization,setup,0.000130680999973,1,0,0,0,0,0,0,4,0,0,0,0,0,0,0,0,0,0,0
23,cn4736,metis_partition,compute,0.169056928,1,0,0,0,0,0,0,63,0,0,0,0,0,0,0,0,0,0,0
23,cn4736,face_map_setup,compute,0.00696472600021,1,0,0,0,0,0,0,327,0,0,0,0,0,0,0,0,0,0,0
23,cn4736,face_local_extract,compute,0.154732952,1,0,0,0,0,0,0,199,0,0,0,0,0,0,1,0,0,0,0
23,cn4736,face_pre_collective_wait,synchronization,0.044304648,1,0,0,0,0,0,0,7,0,0,0,0,0,0,0,0,0,0,0
23,cn4736,face_collective_setup,compute,0.000144581999848,1,0,0,0,0,0,0,13,0,0,0,0,0,0,0,0,0,0,0
23,cn4736,face_allgatherv,communication,0.064557917,1,0,0,0,0,0,0,35,0,0,0,0,0,2,0,1,1,75808,4859624
23,cn4736,face_global_merge,compute,0.0737361910001,1,0,0,0,0,0,0,0,0,0,0,0,0,0,0,0,0,0,0
23,cn4736,part_face_create,compute,0.0175524769998,1,0,0,0,0,0,0,3,0,0,0,0,0,0,0,0,0,0,0
23,cn4736,surface_refine,compute,0.0115594429999,1,0,0,0,0,0,0,1,0,0,0,0,0,0,0,0,0,0,0
23,cn4736,refined_surface_save,io,0,0,0,0,0,0,0,0,0,0,0,0,0,0,0,0,0,0,0,0
23,cn4736,local_volume_mesh,compute,11.23943499,1,0,0,0,0,0,0,3029,0,0,0,0,0,15960,1002446,0,0,0,0
23,cn4736,volume_refine,compute,0.792785333,1,0,0,0,0,0,0,5296,0,0,0,0,0,0,1,0,0,0,0
23,cn4736,refined_volume_save,io,0,0,0,0,0,0,0,0,0,0,0,0,0,0,0,0,0,0,0,0
23,cn4736,adjacency_build,compute,0.00357948400006,1,0,0,0,0,0,0,0,0,0,0,0,0,0,0,0,0,0,0
23,cn4736,vertex_numbering_local,compute,0.013045061,1,0,0,0,0,0,0,2,0,0,0,0,0,0,0,0,0,0,0
23,cn4736,vertex_count_allgather,communication,4.792378305,1,0,0,0,0,0,0,25,0,0,0,0,0,0,6,1,1,4,256
23,cn4736,element_count_allgather,communication,0.00093895200007,1,0,0,0,0,0,0,0,0,0,0,0,0,0,0,1,1,4,256
23,cn4736,vertex_exchange_prepare,compute,2.74609997177e-05,1,0,0,0,0,0,0,0,0,0,0,0,0,0,0,0,0,0,0
23,cn4736,vertex_exchange,communication,0.00745907200007,1,0,0,0,0,0,0,13,0,0,0,0,0,1,0,0,6,0,189222
23,cn4736,vertex_exchange_unpack,compute,0.00261461299988,1,0,0,0,0,0,0,0,0,0,0,0,0,0,0,0,0,0,0
23,cn4736,partition_result_io,io,0,0,0,0,0,0,0,0,0,0,0,0,0,0,0,0,0,0,0,0
23,cn4736,volume_exchange_pack,compute,0.27199906,2,0,0,0,0,0,0,429,0,0,0,0,0,0,0,0,0,0,0
23,cn4736,volume_size_exchange,communication,0.0406581419998,1,0,0,0,0,0,0,2,0,0,0,0,0,0,0,5,5,20,20
23,cn4736,volume_payload_prepare,compute,0.000214163000237,1,0,0,0,0,0,0,68,0,0,0,0,0,0,0,0,0,0,0
23,cn4736,volume_payload_exchange,communication,0.0395597090001,1,0,0,0,0,0,0,367,0,0,0,0,0,0,0,5,5,2022840,2016960
23,cn4736,volume_exchange_unpack,compute,0.178211002,1,0,0,0,0,0,0,7736,0,0,0,0,0,0,0,0,0,0,0
23,cn4736,final_mesh_save,io,0,0,0,0,0,0,0,0,0,0,0,0,0,0,0,0,0,0,0,0
23,cn4736,testout_io,io,0,0,0,0,0,0,0,0,0,0,0,0,0,0,0,0,0,0,0,0
23,cn4736,final_count_exchange,communication,0,0,0,0,0,0,0,0,0,0,0,0,0,0,0,0,0,0,0,0
23,cn4736,quality_evaluation,postprocess,0,0,0,0,0,0,0,0,0,0,0,0,0,0,0,0,0,0,0,0
24,cn4737,geometry_load,io,2.064868796,1,0,0,0,0,0,0,6107,0,1035096,0,10428416,0,203,3,0,0,0,0
24,cn4737,coarse_local_size,setup,0.522500248,1,0,0,0,0,0,0,8607,0,0,0,0,0,191,28,0,0,0,0
24,cn4737,coarse_edge_mesh,setup,0.0146042309998,1,0,0,0,0,0,0,515,0,0,0,0,0,2,0,0,0,0,0
24,cn4737,coarse_surface_mesh,setup,8.512857482,1,0,0,0,0,0,0,15299,0,0,0,0,0,24,9,0,0,0,0
24,cn4737,coarse_volume_mesh,setup,13.227211806,1,0,0,0,0,0,0,27995,0,0,0,0,0,37025,1528933,0,0,0,0
24,cn4737,coarse_mesh_save,io,0,0,0,0,0,0,0,0,0,0,0,0,0,0,0,0,0,0,0,0
24,cn4737,submesh_initialization,setup,0.000195082000118,1,0,0,0,0,0,0,64,0,0,0,0,0,0,0,0,0,0,0
24,cn4737,metis_partition,compute,0.177530236,1,0,0,0,0,0,0,2073,0,0,0,0,0,0,0,0,0,0,0
24,cn4737,face_map_setup,compute,0.00768156999993,1,0,0,0,0,0,0,606,0,0,0,0,0,0,0,0,0,0,0
24,cn4737,face_local_extract,compute,0.162346558,1,0,0,0,0,0,0,822,0,0,0,0,0,0,0,0,0,0,0
24,cn4737,face_pre_collective_wait,synchronization,0.0273634199998,1,0,0,0,0,0,0,13,0,0,0,0,0,0,0,0,0,0,0
24,cn4737,face_collective_setup,compute,0.00282911300019,1,0,0,0,0,0,0,16,0,0,0,0,0,3,0,0,0,0,0
24,cn4737,face_allgatherv,communication,0.0617773819999,1,0,0,0,0,0,0,748,0,0,0,0,0,2,0,1,1,75808,4859624
24,cn4737,face_global_merge,compute,0.0799904549999,1,0,0,0,0,0,0,617,0,0,0,0,0,0,0,0,0,0,0
24,cn4737,part_face_create,compute,0.0189557610001,1,0,0,0,0,0,0,35,0,0,0,0,0,0,0,0,0,0,0
24,cn4737,surface_refine,compute,0.0156473020002,1,0,0,0,0,0,0,48,0,0,0,0,0,0,0,0,0,0,0
24,cn4737,refined_surface_save,io,0,0,0,0,0,0,0,0,0,0,0,0,0,0,0,0,0,0,0,0
24,cn4737,local_volume_mesh,compute,12.137425268,1,0,0,0,0,0,0,3424,0,0,0,0,0,23513,1174524,0,0,0,0
24,cn4737,volume_refine,compute,0.827723914,1,0,0,0,0,0,0,5783,0,0,0,0,0,0,2,0,0,0,0
24,cn4737,refined_volume_save,io,0,0,0,0,0,0,0,0,0,0,0,0,0,0,0,0,0,0,0,0
24,cn4737,adjacency_build,compute,0.00406240699976,1,0,0,0,0,0,0,0,0,0,0,0,0,0,0,0,0,0,0
24,cn4737,vertex_numbering_local,compute,0.0176026860004,1,0,0,0,0,0,0,94,0,0,0,0,0,0,0,0,0,0,0
24,cn4737,vertex_count_allgather,communication,3.840777854,1,0,0,0,0,0,0,98,0,0,0,0,0,0,4,1,1,4,256
24,cn4737,element_count_allgather,communication,0.000883310000063,1,0,0,0,0,0,0,1,0,0,0,0,0,0,0,1,1,4,256
24,cn4737,vertex_exchange_prepare,compute,2.48399996963e-05,1,0,0,0,0,0,0,8,0,0,0,0,0,0,0,0,0,0,0
24,cn4737,vertex_exchange,communication,0.00653469600002,1,0,0,0,0,0,0,162,0,0,0,0,0,0,0,6,4,326392,2750
24,cn4737,vertex_exchange_unpack,compute,0.000187322000329,1,0,0,0,0,0,0,110,0,0,0,0,0,0,0,0,0,0,0
24,cn4737,partition_result_io,io,0,0,0,0,0,0,0,0,0,0,0,0,0,0,0,0,0,0,0,0
24,cn4737,volume_exchange_pack,compute,0.32852326,2,0,0,0,0,0,0,3228,0,0,0,0,0,0,0,0,0,0,0
24,cn4737,volume_size_exchange,communication,4.07999996241e-05,1,0,0,0,0,0,0,0,0,0,0,0,0,0,0,6,6,24,24
24,cn4737,volume_payload_prepare,compute,0.000339662999977,1,0,0,0,0,0,0,102,0,0,0,0,0,0,0,0,0,0,0
24,cn4737,volume_payload_exchange,communication,0.0026656709997,1,0,0,0,0,0,0,571,0,0,0,0,0,0,0,6,6,3499440,3505920
24,cn4737,volume_exchange_unpack,compute,0.222378539,1,0,0,0,0,0,0,6559,0,0,0,0,0,0,1,0,0,0,0
24,cn4737,final_mesh_save,io,0,0,0,0,0,0,0,0,0,0,0,0,0,0,0,0,0,0,0,0
24,cn4737,testout_io,io,0,0,0,0,0,0,0,0,0,0,0,0,0,0,0,0,0,0,0,0
24,cn4737,final_count_exchange,communication,0,0,0,0,0,0,0,0,0,0,0,0,0,0,0,0,0,0,0,0
24,cn4737,quality_evaluation,postprocess,0,0,0,0,0,0,0,0,0,0,0,0,0,0,0,0,0,0,0,0
25,cn4738,geometry_load,io,2.042120491,1,0,0,0,0,0,0,5960,0,1035096,0,10428416,0,203,21,0,0,0,0
25,cn4738,coarse_local_size,setup,0.519218796,1,0,0,0,0,0,0,8274,0,0,0,0,0,219,34,0,0,0,0
25,cn4738,coarse_edge_mesh,setup,0.0149153299999,1,0,0,0,0,0,0,522,0,0,0,0,0,2,0,0,0,0,0
25,cn4738,coarse_surface_mesh,setup,8.427737469,1,0,0,0,0,0,0,12332,0,0,0,0,0,25,77,0,0,0,0
25,cn4738,coarse_volume_mesh,setup,13.724237197,1,0,0,0,0,0,0,24841,0,0,0,0,0,38514,1817271,0,0,0,0
25,cn4738,coarse_mesh_save,io,0,0,0,0,0,0,0,0,0,0,0,0,0,0,0,0,0,0,0,0
25,cn4738,submesh_initialization,setup,0.000193182999737,1,0,0,0,0,0,0,50,0,0,0,0,0,0,0,0,0,0,0
25,cn4738,metis_partition,compute,0.188523821,1,0,0,0,0,0,0,1680,0,0,0,0,0,0,2,0,0,0,0
25,cn4738,face_map_setup,compute,0.00759194600005,1,0,0,0,0,0,0,504,0,0,0,0,0,0,0,0,0,0,0
25,cn4738,face_local_extract,compute,0.160124459,1,0,0,0,0,0,0,890,0,0,0,0,0,0,1,0,0,0,0
25,cn4738,face_pre_collective_wait,synchronization,0.0187312929997,1,0,0,0,0,0,0,9,0,0,0,0,0,0,0,0,0,0,0
25,cn4738,face_collective_setup,compute,0.00262150900016,1,0,0,0,0,0,0,13,0,0,0,0,0,3,0,0,0,0,0
25,cn4738,face_allgatherv,communication,0.0619659230001,1,0,0,0,0,0,0,759,0,0,0,0,0,0,2,1,1,75808,4859624
25,cn4738,face_global_merge,compute,0.0790561580002,1,0,0,0,0,0,0,568,0,0,0,0,0,0,0,0,0,0,0
25,cn4738,part_face_create,compute,0.0186709120003,1,0,0,0,0,0,0,26,0,0,0,0,0,0,0,0,0,0,0
25,cn4738,surface_refine,compute,0.014723967,1,0,0,0,0,0,0,48,0,0,0,0,0,0,0,0,0,0,0
25,cn4738,refined_surface_save,io,0,0,0,0,0,0,0,0,0,0,0,0,0,0,0,0,0,0,0,0
25,cn4738,local_volume_mesh,compute,11.605369274,1,0,0,0,0,0,0,6521,0,0,0,0,0,16919,1070557,0,0,0,0
25,cn4738,volume_refine,compute,0.862904219,1,0,0,0,0,0,0,5469,0,0,0,0,0,0,8,0,0,0,0
25,cn4738,refined_volume_save,io,0,0,0,0,0,0,0,0,0,0,0,0,0,0,0,0,0,0,0,0
25,cn4738,adjacency_build,compute,0.00383914299982,1,0,0,0,0,0,0,6,0,0,0,0,0,0,0,0,0,0,0
25,cn4738,vertex_numbering_local,compute,0.012599703,1,0,0,0,0,0,0,2,0,0,0,0,0,0,0,0,0,0,0
25,cn4738,vertex_count_allgather,communication,4.344828741,1,0,0,0,0,0,0,107,0,0,0,0,0,0,38,1,1,4,256
25,cn4738,element_count_allgather,communication,0.000763469000049,1,0,0,0,0,0,0,4,0,0,0,0,0,0,0,1,1,4,256
25,cn4738,vertex_exchange_prepare,compute,4.45200003014e-05,1,0,0,0,0,0,0,22,0,0,0,0,0,0,0,0,0,0,0
25,cn4738,vertex_exchange,communication,0.00541816099985,1,0,0,0,0,0,0,70,0,0,0,0,0,2,0,4,2,89672,46178
25,cn4738,vertex_exchange_unpack,compute,0.000988932000382,1,0,0,0,0,0,0,310,0,0,0,0,0,0,0,0,0,0,0
25,cn4738,partition_result_io,io,0,0,0,0,0,0,0,0,0,0,0,0,0,0,0,0,0,0,0,0
25,cn4738,volume_exchange_pack,compute,0.238124564,2,0,0,0,0,0,0,1898,0,0,0,0,0,0,3,0,0,0,0
25,cn4738,volume_size_exchange,communication,0.0903854060002,1,0,0,0,0,0,0,0,0,0,0,0,0,0,1,4,4,16,16
25,cn4738,volume_payload_prepare,compute,0.000205863000247,1,0,0,0,0,0,0,34,0,0,0,0,0,0,0,0,0,0,0
25,cn4738,volume_payload_exchange,communication,0.00260180900023,1,0,0,0,0,0,0,11,0,0,0,0,0,0,0,4,4,1424400,1420080
25,cn4738,volume_exchange_unpack,compute,0.189599633,1,0,0,0,0,0,0,8058,0,0,0,0,0,0,1,0,0,0,0
25,cn4738,final_mesh_save,io,0,0,0,0,0,0,0,0,0,0,0,0,0,0,0,0,0,0,0,0
25,cn4738,testout_io,io,0,0,0,0,0,0,0,0,0,0,0,0,0,0,0,0,0,0,0,0
25,cn4738,final_count_exchange,communication,0,0,0,0,0,0,0,0,0,0,0,0,0,0,0,0,0,0,0,0
25,cn4738,quality_evaluation,postprocess,0,0,0,0,0,0,0,0,0,0,0,0,0,0,0,0,0,0,0,0
26,cn4739,geometry_load,io,1.968588763,1,0,0,0,0,0,0,5961,0,1035096,0,10428416,0,203,16,0,0,0,0
26,cn4739,coarse_local_size,setup,0.522374092,1,0,0,0,0,0,0,8575,0,0,0,0,0,226,33,0,0,0,0
26,cn4739,coarse_edge_mesh,setup,0.0144938880003,1,0,0,0,0,0,0,525,0,0,0,0,0,2,1,0,0,0,0
26,cn4739,coarse_surface_mesh,setup,8.504056014,1,0,0,0,0,0,0,17235,0,0,0,0,0,24,73,0,0,0,0
26,cn4739,coarse_volume_mesh,setup,13.365198979,1,0,0,0,0,0,0,27465,0,0,0,0,0,38130,1512268,0,0,0,0
26,cn4739,coarse_mesh_save,io,0,0,0,0,0,0,0,0,0,0,0,0,0,0,0,0,0,0,0,0
26,cn4739,submesh_initialization,setup,0.000193623000087,1,0,0,0,0,0,0,57,0,0,0,0,0,0,0,0,0,0,0
26,cn4739,metis_partition,compute,0.185258302,1,0,0,0,0,0,0,1661,0,0,0,0,0,0,1,0,0,0,0
26,cn4739,face_map_setup,compute,0.0076514389998,1,0,0,0,0,0,0,597,0,0,0,0,0,0,0,0,0,0,0
26,cn4739,face_local_extract,compute,0.155628878,1,0,0,0,0,0,0,818,0,0,0,0,0,0,1,0,0,0,0
26,cn4739,face_pre_collective_wait,synchronization,0.0263800020002,1,0,0,0,0,0,0,14,0,0,0,0,0,0,1,0,0,0,0
26,cn4739,face_collective_setup,compute,0.00247751200004,1,0,0,0,0,0,0,15,0,0,0,0,0,3,0,0,0,0,0
26,cn4739,face_allgatherv,communication,0.062021664,1,0,0,0,0,0,0,859,0,0,0,0,0,0,0,1,1,75808,4859624
26,cn4739,face_global_merge,compute,0.0792422280001,1,0,0,0,0,0,0,553,0,0,0,0,0,0,1,0,0,0,0
26,cn4739,part_face_create,compute,0.0189729660001,1,0,0,0,0,0,0,34,0,0,0,0,0,0,0,0,0,0,0
26,cn4739,surface_refine,compute,0.0169498999999,1,0,0,0,0,0,0,5,0,0,0,0,0,0,0,0,0,0,0
26,cn4739,refined_surface_save,io,0,0,0,0,0,0,0,0,0,0,0,0,0,0,0,0,0,0,0,0
26,cn4739,local_volume_mesh,compute,13.68231875,1,0,0,0,0,0,0,6524,0,0,0,0,0,23302,1344230,0,0,0,0
26,cn4739,volume_refine,compute,0.994635955,1,0,0,0,0,0,0,8192,0,0,0,0,0,0,9,0,0,0,0
26,cn4739,refined_volume_save,io,0,0,0,0,0,0,0,0,0,0,0,0,0,0,0,0,0,0,0,0
26,cn4739,adjacency_build,compute,0.00389141100004,1,0,0,0,0,0,0,9,0,0,0,0,0,0,0,0,0,0,0
26,cn4739,vertex_numbering_local,compute,0.0144699069997,1,0,0,0,0,0,0,2,0,0,0,0,0,0,0,0,0,0,0
26,cn4739,vertex_count_allgather,communication,2.132182284,1,0,0,0,0,0,0,27,0,0,0,0,0,0,18,1,1,4,256
26,cn4739,element_count_allgather,communication,0.000873811000019,1,0,0,0,0,0,0,0,0,0,0,0,0,0,0,1,1,4,256
26,cn4739,vertex_exchange_prepare,compute,1.72400000338e-05,1,0,0,0,0,0,0,0,0,0,0,0,0,0,0,0,0,0,0
26,cn4739,vertex_exchange,communication,0.00391751100005,1,0,0,0,0,0,0,22,0,0,0,0,0,2,0,2,1,58234,110220
26,cn4739,vertex_exchange_unpack,compute,0.0015375400003,1,0,0,0,0,0,0,0,0,0,0,0,0,0,0,0,0,0,0
26,cn4739,partition_result_io,io,0,0,0,0,0,0,0,0,0,0,0,0,0,0,0,0,0,0,0,0
26,cn4739,volume_exchange_pack,compute,0.30618563,2,0,0,0,0,0,0,650,0,0,0,0,0,0,2,0,0,0,0
26,cn4739,volume_size_exchange,communication,0.0215682000003,1,0,0,0,0,0,0,0,0,0,0,0,0,0,0,2,2,8,8
26,cn4739,volume_payload_prepare,compute,0.000200941999992,1,0,0,0,0,0,0,34,0,0,0,0,0,0,0,0,0,0,0
26,cn4739,volume_payload_exchange,communication,0.00262253400024,1,0,0,0,0,0,0,111,0,0,0,0,0,0,0,2,2,1768080,1765920
26,cn4739,volume_exchange_unpack,compute,0.222070719,1,0,0,0,0,0,0,9412,0,0,0,0,0,0,3,0,0,0,0
26,cn4739,final_mesh_save,io,0,0,0,0,0,0,0,0,0,0,0,0,0,0,0,0,0,0,0,0
26,cn4739,testout_io,io,0,0,0,0,0,0,0,0,0,0,0,0,0,0,0,0,0,0,0,0
26,cn4739,final_count_exchange,communication,0,0,0,0,0,0,0,0,0,0,0,0,0,0,0,0,0,0,0,0
26,cn4739,quality_evaluation,postprocess,0,0,0,0,0,0,0,0,0,0,0,0,0,0,0,0,0,0,0,0
27,cn4740,geometry_load,io,2.087605934,1,0,0,0,0,0,0,6105,0,1035096,0,10428416,0,203,16,0,0,0,0
27,cn4740,coarse_local_size,setup,0.501823638,1,0,0,0,0,0,0,8598,0,0,0,0,0,218,26,0,0,0,0
27,cn4740,coarse_edge_mesh,setup,0.0144878800002,1,0,0,0,0,0,0,525,0,0,0,0,0,2,0,0,0,0,0
27,cn4740,coarse_surface_mesh,setup,8.413485709,1,0,0,0,0,0,0,15316,0,0,0,0,0,24,78,0,0,0,0
27,cn4740,coarse_volume_mesh,setup,13.429117018,1,0,0,0,0,0,0,25000,0,0,0,0,0,37094,1636900,0,0,0,0
27,cn4740,coarse_mesh_save,io,0,0,0,0,0,0,0,0,0,0,0,0,0,0,0,0,0,0,0,0
27,cn4740,submesh_initialization,setup,0.000186841999948,1,0,0,0,0,0,0,54,0,0,0,0,0,0,0,0,0,0,0
27,cn4740,metis_partition,compute,0.181687878,1,0,0,0,0,0,0,2414,0,0,0,0,0,0,1,0,0,0,0
27,cn4740,face_map_setup,compute,0.00746740199975,1,0,0,0,0,0,0,511,0,0,0,0,0,0,0,0,0,0,0
27,cn4740,face_local_extract,compute,0.160681147,1,0,0,0,0,0,0,1074,0,0,0,0,0,0,1,0,0,0,0
27,cn4740,face_pre_collective_wait,synchronization,0.0250469150001,1,0,0,0,0,0,0,36,0,0,0,0,0,0,1,0,0,0,0
27,cn4740,face_collective_setup,compute,0.000155880999955,1,0,0,0,0,0,0,16,0,0,0,0,0,0,0,0,0,0,0
27,cn4740,face_allgatherv,communication,0.0642199069998,1,0,0,0,0,0,0,1148,0,0,0,0,0,0,0,1,1,75808,4859624
27,cn4740,face_global_merge,compute,0.0780298179998,1,0,0,0,0,0,0,656,0,0,0,0,0,0,1,0,0,0,0
27,cn4740,part_face_create,compute,0.0186822649998,1,0,0,0,0,0,0,27,0,0,0,0,0,0,0,0,0,0,0
27,cn4740,surface_refine,compute,0.0165145410001,1,0,0,0,0,0,0,57,0,0,0,0,0,0,0,0,0,0,0
27,cn4740,refined_surface_save,io,0,0,0,0,0,0,0,0,0,0,0,0,0,0,0,0,0,0,0,0
27,cn4740,local_volume_mesh,compute,13.086674112,1,0,0,0,0,0,0,4426,0,0,0,0,0,20426,1207085,0,0,0,0
27,cn4740,volume_refine,compute,1.003673836,1,0,0,0,0,0,0,6063,0,0,0,0,0,0,7,0,0,0,0
27,cn4740,refined_volume_save,io,0,0,0,0,0,0,0,0,0,0,0,0,0,0,0,0,0,0,0,0
27,cn4740,adjacency_build,compute,0.00379668099959,1,0,0,0,0,0,0,0,0,0,0,0,0,0,0,0,0,0,0
27,cn4740,vertex_numbering_local,compute,0.012442277,1,0,0,0,0,0,0,1,0,0,0,0,0,0,1,0,0,0,0
27,cn4740,vertex_count_allgather,communication,2.724500797,1,0,0,0,0,0,0,58,0,0,0,0,0,0,24,1,1,4,256
27,cn4740,element_count_allgather,communication,0.000811669000086,1,0,0,0,0,0,0,5,0,0,0,0,0,0,0,1,1,4,256
27,cn4740,vertex_exchange_prepare,compute,2.92800000352e-05,1,0,0,0,0,0,0,5,0,0,0,0,0,0,0,0,0,0,0
27,cn4740,vertex_exchange,communication,0.00392936300022,1,0,0,0,0,0,0,35,0,0,0,0,0,2,0,3,3,27984,80476
27,cn4740,vertex_exchange_unpack,compute,0.00183631999971,1,0,0,0,0,0,0,675,0,0,0,0,0,0,0,0,0,0,0
27,cn4740,partition_result_io,io,0,0,0,0,0,0,0,0,0,0,0,0,0,0,0,0,0,0,0,0
27,cn4740,volume_exchange_pack,compute,0.241898279,2,0,0,0,0,0,0,807,0,0,0,0,0,0,1,0,0,0,0
27,cn4740,volume_size_exchange,communication,0.0855251800003,1,0,0,0,0,0,0,2,0,0,0,0,0,0,2,4,4,16,16
27,cn4740,volume_payload_prepare,compute,0.000220783000259,1,0,0,0,0,0,0,68,0,0,0,0,0,0,0,0,0,0,0
27,cn4740,volume_payload_exchange,communication,0.00279643099975,1,0,0,0,0,0,0,163,0,0,0,0,0,0,0,4,4,1110960,1110840
27,cn4740,volume_exchange_unpack,compute,0.190600576,1,0,0,0,0,0,0,9273,0,0,0,0,0,0,2,0,0,0,0
27,cn4740,final_mesh_save,io,0,0,0,0,0,0,0,0,0,0,0,0,0,0,0,0,0,0,0,0
27,cn4740,testout_io,io,0,0,0,0,0,0,0,0,0,0,0,0,0,0,0,0,0,0,0,0
27,cn4740,final_count_exchange,communication,0,0,0,0,0,0,0,0,0,0,0,0,0,0,0,0,0,0,0,0
27,cn4740,quality_evaluation,postprocess,0,0,0,0,0,0,0,0,0,0,0,0,0,0,0,0,0,0,0,0
28,cn4741,geometry_load,io,1.970997125,1,0,0,0,0,0,0,5960,0,1035096,0,10428416,0,203,14,0,0,0,0
28,cn4741,coarse_local_size,setup,0.509779768,1,0,0,0,0,0,0,8542,0,0,0,0,0,219,33,0,0,0,0
28,cn4741,coarse_edge_mesh,setup,0.0142869609999,1,0,0,0,0,0,0,489,0,0,0,0,0,2,0,0,0,0,0
28,cn4741,coarse_surface_mesh,setup,8.515243051,1,0,0,0,0,0,0,17243,0,0,0,0,0,24,76,0,0,0,0
28,cn4741,coarse_volume_mesh,setup,13.348407462,1,0,0,0,0,0,0,26879,0,0,0,0,0,38815,1640737,0,0,0,0
28,cn4741,coarse_mesh_save,io,0,0,0,0,0,0,0,0,0,0,0,0,0,0,0,0,0,0,0,0
28,cn4741,submesh_initialization,setup,0.000195222000002,1,0,0,0,0,0,0,58,0,0,0,0,0,0,0,0,0,0,0
28,cn4741,metis_partition,compute,0.178002245,1,0,0,0,0,0,0,1499,0,0,0,0,0,0,2,0,0,0,0
28,cn4741,face_map_setup,compute,0.00745227500011,1,0,0,0,0,0,0,494,0,0,0,0,0,0,0,0,0,0,0
28,cn4741,face_local_extract,compute,0.158271015,1,0,0,0,0,0,0,814,0,0,0,0,0,0,1,0,0,0,0
28,cn4741,face_pre_collective_wait,synchronization,0.0311872370003,1,0,0,0,0,0,0,9,0,0,0,0,0,0,0,0,0,0,0
28,cn4741,face_collective_setup,compute,0.00260937299981,1,0,0,0,0,0,0,16,0,0,0,0,0,3,0,0,0,0,0
28,cn4741,face_allgatherv,communication,0.0617045049999,1,0,0,0,0,0,0,1142,0,0,0,0,0,0,1,1,1,75808,4859624
28,cn4741,face_global_merge,compute,0.0794461319997,1,0,0,0,0,0,0,691,0,0,0,0,0,0,1,0,0,0,0
28,cn4741,part_face_create,compute,0.0187925989999,1,0,0,0,0,0,0,22,0,0,0,0,0,0,0,0,0,0,0
28,cn4741,surface_refine,compute,0.0164329300001,1,0,0,0,0,0,0,52,0,0,0,0,0,0,0,0,0,0,0
28,cn4741,refined_surface_save,io,0,0,0,0,0,0,0,0,0,0,0,0,0,0,0,0,0,0,0,0
28,cn4741,local_volume_mesh,compute,12.853908969,1,0,0,0,0,0,0,6085,0,0,0,0,0,16534,1033898,0,0,0,0
28,cn4741,volume_refine,compute,0.984724813,1,0,0,0,0,0,0,7453,0,0,0,0,0,0,8,0,0,0,0
28,cn4741,refined_volume_save,io,0,0,0,0,0,0,0,0,0,0,0,0,0,0,0,0,0,0,0,0
28,cn4741,adjacency_build,compute,0.0037689679998,1,0,0,0,0,0,0,0,0,0,0,0,0,0,0,0,0,0,0
28,cn4741,vertex_numbering_local,compute,0.0145402049998,1,0,0,0,0,0,0,2,0,0,0,0,0,0,0,0,0,0,0
28,cn4741,vertex_count_allgather,communication,2.970905751,1,0,0,0,0,0,0,27,0,0,0,0,0,0,26,1,1,4,256
28,cn4741,element_count_allgather,communication,0.000834270999803,1,0,0,0,0,0,0,0,0,0,0,0,0,0,0,1,1,4,256
28,cn4741,vertex_exchange_prepare,compute,1.75400000444e-05,1,0,0,0,0,0,0,0,0,0,0,0,0,0,0,0,0,0,0
28,cn4741,vertex_exchange,communication,0.0047233600003,1,0,0,0,0,0,0,26,0,0,0,0,0,2,0,4,4,116820,91058
28,cn4741,vertex_exchange_unpack,compute,0.00132173700013,1,0,0,0,0,0,0,0,0,0,0,0,0,0,0,0,0,0,0
28,cn4741,partition_result_io,io,0,0,0,0,0,0,0,0,0,0,0,0,0,0,0,0,0,0,0,0
28,cn4741,volume_exchange_pack,compute,0.273256938,2,0,0,0,0,0,0,840,0,0,0,0,0,0,3,0,0,0,0
28,cn4741,volume_size_exchange,communication,0.0538794260001,1,0,0,0,0,0,0,0,0,0,0,0,0,0,1,5,5,20,20
28,cn4741,volume_payload_prepare,compute,0.000295484000162,1,0,0,0,0,0,0,68,0,0,0,0,0,0,0,0,0,0,0
28,cn4741,volume_payload_exchange,communication,0.00259793299983,1,0,0,0,0,0,0,232,0,0,0,0,0,0,0,5,5,2198880,2206200
28,cn4741,volume_exchange_unpack,compute,0.292749506,1,0,0,0,0,0,0,9700,0,0,0,0,0,1,1,0,0,0,0
28,cn4741,final_mesh_save,io,0,0,0,0,0,0,0,0,0,0,0,0,0,0,0,0,0,0,0,0
28,cn4741,testout_io,io,0,0,0,0,0,0,0,0,0,0,0,0,0,0,0,0,0,0,0,0
28,cn4741,final_count_exchange,communication,0,0,0,0,0,0,0,0,0,0,0,0,0,0,0,0,0,0,0,0
28,cn4741,quality_evaluation,postprocess,0,0,0,0,0,0,0,0,0,0,0,0,0,0,0,0,0,0,0,0
29,cn4742,geometry_load,io,2.095475691,1,0,0,0,0,0,0,6104,0,1035096,0,10428416,0,203,4,0,0,0,0
29,cn4742,coarse_local_size,setup,0.564038837,1,0,0,0,0,0,0,8542,0,0,0,0,0,214,35,0,0,0,0
29,cn4742,coarse_edge_mesh,setup,0.0145055580001,1,0,0,0,0,0,0,515,0,0,0,0,0,2,0,0,0,0,0
29,cn4742,coarse_surface_mesh,setup,8.660389369,1,0,0,0,0,0,0,15335,0,0,0,0,0,24,10,0,0,0,0
29,cn4742,coarse_volume_mesh,setup,13.369398863,1,0,0,0,0,0,0,27827,0,0,0,0,0,37895,1576461,0,0,0,0
29,cn4742,coarse_mesh_save,io,0,0,0,0,0,0,0,0,0,0,0,0,0,0,0,0,0,0,0,0
29,cn4742,submesh_initialization,setup,0.000188182999864,1,0,0,0,0,0,0,58,0,0,0,0,0,0,0,0,0,0,0
29,cn4742,metis_partition,compute,0.177935948,1,0,0,0,0,0,0,2164,0,0,0,0,0,0,0,0,0,0,0
29,cn4742,face_map_setup,compute,0.00785597699996,1,0,0,0,0,0,0,609,0,0,0,0,0,0,0,0,0,0,0
29,cn4742,face_local_extract,compute,0.164887767,1,0,0,0,0,0,0,888,0,0,0,0,0,0,0,0,0,0,0
29,cn4742,face_pre_collective_wait,synchronization,0.0242392380001,1,0,0,0,0,0,0,14,0,0,0,0,0,0,0,0,0,0,0
29,cn4742,face_collective_setup,compute,0.000143922000007,1,0,0,0,0,0,0,16,0,0,0,0,0,0,0,0,0,0,0
29,cn4742,face_allgatherv,communication,0.064128729,1,0,0,0,0,0,0,774,0,0,0,0,0,2,0,1,1,75808,4859624
29,cn4742,face_global_merge,compute,0.0786360870002,1,0,0,0,0,0,0,529,0,0,0,0,0,0,0,0,0,0,0
29,cn4742,part_face_create,compute,0.018893512,1,0,0,0,0,0,0,20,0,0,0,0,0,0,0,0,0,0,0
29,cn4742,surface_refine,compute,0.0160145770001,1,0,0,0,0,0,0,16,0,0,0,0,0,0,0,0,0,0,0
29,cn4742,refined_surface_save,io,0,0,0,0,0,0,0,0,0,0,0,0,0,0,0,0,0,0,0,0
29,cn4742,local_volume_mesh,compute,11.982309924,1,0,0,0,0,0,0,4430,0,0,0,0,0,15358,921611,0,0,0,0
29,cn4742,volume_refine,compute,0.904931529,1,0,0,0,0,0,0,4819,0,0,0,0,0,0,1,0,0,0,0
29,cn4742,refined_volume_save,io,0,0,0,0,0,0,0,0,0,0,0,0,0,0,0,0,0,0,0,0
29,cn4742,adjacency_build,compute,0.00384946700024,1,0,0,0,0,0,0,0,0,0,0,0,0,0,0,0,0,0,0
29,cn4742,vertex_numbering_local,compute,0.014811343,1,0,0,0,0,0,0,93,0,0,0,0,0,0,0,0,0,0,0
29,cn4742,vertex_count_allgather,communication,3.924825729,1,0,0,0,0,0,0,124,0,0,0,0,0,0,4,1,1,4,256
29,cn4742,element_count_allgather,communication,0.000664549000248,1,0,0,0,0,0,0,6,0,0,0,0,0,0,0,1,1,4,256
29,cn4742,vertex_exchange_prepare,compute,0.000154822000241,1,0,0,0,0,0,0,41,0,0,0,0,0,0,0,0,0,0,0
29,cn4742,vertex_exchange,communication,0.005878553,1,0,0,0,0,0,0,92,0,0,0,0,0,1,0,3,4,58850,133760
29,cn4742,vertex_exchange_unpack,compute,0.00275321399977,1,0,0,0,0,0,0,821,0,0,0,0,0,0,0,0,0,0,0
29,cn4742,partition_result_io,io,0,0,0,0,0,0,0,0,0,0,0,0,0,0,0,0,0,0,0,0
29,cn4742,volume_exchange_pack,compute,0.27726685,2,0,0,0,0,0,0,2042,0,0,0,0,0,0,0,0,0,0,0
29,cn4742,volume_size_exchange,communication,0.0487447,1,0,0,0,0,0,0,0,0,0,0,0,0,0,0,5,5,20,20
29,cn4742,volume_payload_prepare,compute,0.000302323000142,1,0,0,0,0,0,0,102,0,0,0,0,0,0,0,0,0,0,0
29,cn4742,volume_payload_exchange,communication,0.00169330000017,1,0,0,0,0,0,0,328,0,0,0,0,0,0,0,5,5,2048640,2046480
29,cn4742,volume_exchange_unpack,compute,0.186453353,1,0,0,0,0,0,0,8462,0,0,0,0,0,0,1,0,0,0,0
29,cn4742,final_mesh_save,io,0,0,0,0,0,0,0,0,0,0,0,0,0,0,0,0,0,0,0,0
29,cn4742,testout_io,io,0,0,0,0,0,0,0,0,0,0,0,0,0,0,0,0,0,0,0,0
29,cn4742,final_count_exchange,communication,0,0,0,0,0,0,0,0,0,0,0,0,0,0,0,0,0,0,0,0
29,cn4742,quality_evaluation,postprocess,0,0,0,0,0,0,0,0,0,0,0,0,0,0,0,0,0,0,0,0
30,cn4743,geometry_load,io,1.97519789,1,0,0,0,0,0,0,5959,0,1035096,0,10428416,0,203,16,0,0,0,0
30,cn4743,coarse_local_size,setup,0.518250761,1,0,0,0,0,0,0,8489,0,0,0,0,0,191,33,0,0,0,0
30,cn4743,coarse_edge_mesh,setup,0.0148745319998,1,0,0,0,0,0,0,522,0,0,0,0,0,2,0,0,0,0,0
30,cn4743,coarse_surface_mesh,setup,8.593447382,1,0,0,0,0,0,0,17305,0,0,0,0,0,24,74,0,0,0,0
30,cn4743,coarse_volume_mesh,setup,13.530271663,1,0,0,0,0,0,0,26321,0,0,0,0,0,34848,1685310,0,0,0,0
30,cn4743,coarse_mesh_save,io,0,0,0,0,0,0,0,0,0,0,0,0,0,0,0,0,0,0,0,0
30,cn4743,submesh_initialization,setup,0.000135420999868,1,0,0,0,0,0,0,4,0,0,0,0,0,0,0,0,0,0,0
30,cn4743,metis_partition,compute,0.167742703,1,0,0,0,0,0,0,63,0,0,0,0,0,0,1,0,0,0,0
30,cn4743,face_map_setup,compute,0.00697704100003,1,0,0,0,0,0,0,261,0,0,0,0,0,0,0,0,0,0,0
30,cn4743,face_local_extract,compute,0.153952942,1,0,0,0,0,0,0,199,0,0,0,0,0,0,1,0,0,0,0
30,cn4743,face_pre_collective_wait,synchronization,0.0463869769997,1,0,0,0,0,0,0,9,0,0,0,0,0,0,0,0,0,0,0
30,cn4743,face_collective_setup,compute,0.00241800799995,1,0,0,0,0,0,0,13,0,0,0,0,0,3,0,0,0,0,0
30,cn4743,face_allgatherv,communication,0.0617594549999,1,0,0,0,0,0,0,102,0,0,0,0,0,2,1,1,1,75808,4859624
30,cn4743,face_global_merge,compute,0.0740568179999,1,0,0,0,0,0,0,0,0,0,0,0,0,0,0,0,0,0,0
30,cn4743,part_face_create,compute,0.0176992050001,1,0,0,0,0,0,0,3,0,0,0,0,0,0,0,0,0,0,0
30,cn4743,surface_refine,compute,0.0142213449999,1,0,0,0,0,0,0,1,0,0,0,0,0,0,0,0,0,0,0
30,cn4743,refined_surface_save,io,0,0,0,0,0,0,0,0,0,0,0,0,0,0,0,0,0,0,0,0
30,cn4743,local_volume_mesh,compute,12.19650934,1,0,0,0,0,0,0,5876,0,0,0,0,0,21655,1099634,0,0,0,0
30,cn4743,volume_refine,compute,0.879744186,1,0,0,0,0,0,0,8036,0,0,0,0,0,0,8,0,0,0,0
30,cn4743,refined_volume_save,io,0,0,0,0,0,0,0,0,0,0,0,0,0,0,0,0,0,0,0,0
30,cn4743,adjacency_build,compute,0.00369558300008,1,0,0,0,0,0,0,0,0,0,0,0,0,0,0,0,0,0,0
30,cn4743,vertex_numbering_local,compute,0.0155689600001,1,0,0,0,0,0,0,130,0,0,0,0,0,0,0,0,0,0,0
30,cn4743,vertex_count_allgather,communication,3.741504562,1,0,0,0,0,0,0,61,0,0,0,0,0,0,33,1,1,4,256
30,cn4743,element_count_allgather,communication,0.000877450000189,1,0,0,0,0,0,0,0,0,0,0,0,0,0,0,1,1,4,256
30,cn4743,vertex_exchange_prepare,compute,0.000118981000014,1,0,0,0,0,0,0,28,0,0,0,0,0,0,0,0,0,0,0
30,cn4743,vertex_exchange,communication,0.00492033699993,1,0,0,0,0,0,0,26,0,0,0,0,0,2,0,3,3,101222,114950
30,cn4743,vertex_exchange_unpack,compute,0.00164845900008,1,0,0,0,0,0,0,0,0,0,0,0,0,0,0,0,0,0,0
30,cn4743,partition_result_io,io,0,0,0,0,0,0,0,0,0,0,0,0,0,0,0,0,0,0,0,0
30,cn4743,volume_exchange_pack,compute,0.282770315,2,0,0,0,0,0,0,1138,0,0,0,0,0,0,3,0,0,0,0
30,cn4743,volume_size_exchange,communication,3.4599999708e-05,1,0,0,0,0,0,0,0,0,0,0,0,0,0,0,4,4,16,16
30,cn4743,volume_payload_prepare,compute,0.000203383000098,1,0,0,0,0,0,0,34,0,0,0,0,0,0,0,0,0,0,0
30,cn4743,volume_payload_exchange,communication,0.0466647799999,1,0,0,0,0,0,0,234,0,0,0,0,0,0,0,4,4,2301840,2284680
30,cn4743,volume_exchange_unpack,compute,0.213292389,1,0,0,0,0,0,0,8204,0,0,0,0,0,0,2,0,0,0,0
30,cn4743,final_mesh_save,io,0,0,0,0,0,0,0,0,0,0,0,0,0,0,0,0,0,0,0,0
30,cn4743,testout_io,io,0,0,0,0,0,0,0,0,0,0,0,0,0,0,0,0,0,0,0,0
30,cn4743,final_count_exchange,communication,0,0,0,0,0,0,0,0,0,0,0,0,0,0,0,0,0,0,0,0
30,cn4743,quality_evaluation,postprocess,0,0,0,0,0,0,0,0,0,0,0,0,0,0,0,0,0,0,0,0
31,cn4744,geometry_load,io,3.13247357,1,0,0,0,0,0,0,5960,0,1035096,0,10428416,0,203,4,0,0,0,0
31,cn4744,coarse_local_size,setup,0.513953823,1,0,0,0,0,0,0,8300,0,0,0,0,0,191,30,0,0,0,0
31,cn4744,coarse_edge_mesh,setup,0.0149530879999,1,0,0,0,0,0,0,489,0,0,0,0,0,2,0,0,0,0,0
31,cn4744,coarse_surface_mesh,setup,8.451899352,1,0,0,0,0,0,0,13350,0,0,0,0,0,24,11,0,0,0,0
31,cn4744,coarse_volume_mesh,setup,13.328171872,1,0,0,0,0,0,0,21475,0,0,0,0,0,36298,1501988,0,0,0,0
31,cn4744,coarse_mesh_save,io,0,0,0,0,0,0,0,0,0,0,0,0,0,0,0,0,0,0,0,0
31,cn4744,submesh_initialization,setup,0.000199421999696,1,0,0,0,0,0,0,61,0,0,0,0,0,0,0,0,0,0,0
31,cn4744,metis_partition,compute,0.178147351,1,0,0,0,0,0,0,2020,0,0,0,0,0,0,0,0,0,0,0
31,cn4744,face_map_setup,compute,0.00764574599998,1,0,0,0,0,0,0,594,0,0,0,0,0,0,0,0,0,0,0
31,cn4744,face_local_extract,compute,0.161268041,1,0,0,0,0,0,0,898,0,0,0,0,0,0,0,0,0,0,0
31,cn4744,face_pre_collective_wait,synchronization,0.0277850940001,1,0,0,0,0,0,0,13,0,0,0,0,0,0,0,0,0,0,0
31,cn4744,face_collective_setup,compute,0.00260964900008,1,0,0,0,0,0,0,16,0,0,0,0,0,3,0,0,0,0,0
31,cn4744,face_allgatherv,communication,0.0615086339999,1,0,0,0,0,0,0,721,0,0,0,0,0,0,0,1,1,75808,4859624
31,cn4744,face_global_merge,compute,0.0790129329998,1,0,0,0,0,0,0,603,0,0,0,0,0,0,0,0,0,0,0
31,cn4744,part_face_create,compute,0.0186710309999,1,0,0,0,0,0,0,26,0,0,0,0,0,0,0,0,0,0,0
31,cn4744,surface_refine,compute,0.0111645259999,1,0,0,0,0,0,0,53,0,0,0,0,0,0,0,0,0,0,0
31,cn4744,refined_surface_save,io,0,0,0,0,0,0,0,0,0,0,0,0,0,0,0,0,0,0,0,0
31,cn4744,local_volume_mesh,compute,9.563271061,1,0,0,0,0,0,0,4741,0,0,0,0,0,13835,651505,0,0,0,0
31,cn4744,volume_refine,compute,0.657912169,1,0,0,0,0,0,0,6469,0,0,0,0,0,0,1,0,0,0,0
31,cn4744,refined_volume_save,io,0,0,0,0,0,0,0,0,0,0,0,0,0,0,0,0,0,0,0,0
31,cn4744,adjacency_build,compute,0.00410416599971,1,0,0,0,0,0,0,8,0,0,0,0,0,0,0,0,0,0,0
31,cn4744,vertex_numbering_local,compute,0.0149469879998,1,0,0,0,0,0,0,3,0,0,0,0,0,0,0,0,0,0,0
31,cn4744,vertex_count_allgather,communication,6.593772132,1,0,0,0,0,0,0,45,0,0,0,0,0,0,6,1,1,4,256
31,cn4744,element_count_allgather,communication,0.00091035000014,1,0,0,0,0,0,0,0,0,0,0,0,0,0,0,1,1,4,256
31,cn4744,vertex_exchange_prepare,compute,3.6621000163e-05,1,0,0,0,0,0,0,0,0,0,0,0,0,0,0,0,0,0,0
31,cn4744,vertex_exchange,communication,0.00648961300021,1,0,0,0,0,0,0,25,0,0,0,0,0,2,0,0,5,0,325424
31,cn4744,vertex_exchange_unpack,compute,0.00465197299991,1,0,0,0,0,0,0,0,0,0,0,0,0,0,0,0,0,0,0
31,cn4744,partition_result_io,io,0,0,0,0,0,0,0,0,0,0,0,0,0,0,0,0,0,0,0,0
31,cn4744,volume_exchange_pack,compute,0.230857966,2,0,0,0,0,0,0,1058,0,0,0,0,0,0,1,0,0,0,0
31,cn4744,volume_size_exchange,communication,0.0480762829998,1,0,0,0,0,0,0,2,0,0,0,0,0,0,0,5,5,20,20
31,cn4744,volume_payload_prepare,compute,0.000387144000342,1,0,0,0,0,0,0,102,0,0,0,0,0,0,0,0,0,0,0
31,cn4744,volume_payload_exchange,communication,0.047031051,1,0,0,0,0,0,0,445,0,0,0,0,0,0,0,5,5,3495000,3521760
31,cn4744,volume_exchange_unpack,compute,0.163412905,1,0,0,0,0,0,0,6110,0,0,0,0,0,0,0,0,0,0,0
31,cn4744,final_mesh_save,io,0,0,0,0,0,0,0,0,0,0,0,0,0,0,0,0,0,0,0,0
31,cn4744,testout_io,io,0,0,0,0,0,0,0,0,0,0,0,0,0,0,0,0,0,0,0,0
31,cn4744,final_count_exchange,communication,0,0,0,0,0,0,0,0,0,0,0,0,0,0,0,0,0,0,0,0
31,cn4744,quality_evaluation,postprocess,0,0,0,0,0,0,0,0,0,0,0,0,0,0,0,0,0,0,0,0
32,cn4745,geometry_load,io,2.468802172,1,0,0,0,0,0,0,6105,0,1035096,0,10428416,0,203,3,0,0,0,0
32,cn4745,coarse_local_size,setup,0.517359353,1,0,0,0,0,0,0,8525,0,0,0,0,0,193,30,0,0,0,0
32,cn4745,coarse_edge_mesh,setup,0.0141512149999,1,0,0,0,0,0,0,489,0,0,0,0,0,2,0,0,0,0,0
32,cn4745,coarse_surface_mesh,setup,8.571998615,1,0,0,0,0,0,0,16937,0,0,0,0,0,24,11,0,0,0,0
32,cn4745,coarse_volume_mesh,setup,13.334074876,1,0,0,0,0,0,0,28126,0,0,0,0,0,37503,1592632,0,0,0,0
32,cn4745,coarse_mesh_save,io,0,0,0,0,0,0,0,0,0,0,0,0,0,0,0,0,0,0,0,0
32,cn4745,submesh_initialization,setup,0.00018312200018,1,0,0,0,0,0,0,55,0,0,0,0,0,0,0,0,0,0,0
32,cn4745,metis_partition,compute,0.182970006,1,0,0,0,0,0,0,1520,0,0,0,0,0,0,1,0,0,0,0
32,cn4745,face_map_setup,compute,0.00740940100013,1,0,0,0,0,0,0,490,0,0,0,0,0,0,0,0,0,0,0
32,cn4745,face_local_extract,compute,0.156666418,1,0,0,0,0,0,0,918,0,0,0,0,0,0,0,0,0,0,0
32,cn4745,face_pre_collective_wait,synchronization,0.0278838459999,1,0,0,0,0,0,0,10,0,0,0,0,0,0,0,0,0,0,0
32,cn4745,face_collective_setup,compute,0.00272112999983,1,0,0,0,0,0,0,16,0,0,0,0,0,3,0,0,0,0,0
32,cn4745,face_allgatherv,communication,0.061317572,1,0,0,0,0,0,0,684,0,0,0,0,0,2,0,1,1,75808,4859624
32,cn4745,face_global_merge,compute,0.0807853259998,1,0,0,0,0,0,0,654,0,0,0,0,0,0,0,0,0,0,0
32,cn4745,part_face_create,compute,0.0188368670001,1,0,0,0,0,0,0,31,0,0,0,0,0,0,0,0,0,0,0
32,cn4745,surface_refine,compute,0.0162730380002,1,0,0,0,0,0,0,52,0,0,0,0,0,0,0,0,0,0,0
32,cn4745,refined_surface_save,io,0,0,0,0,0,0,0,0,0,0,0,0,0,0,0,0,0,0,0,0
32,cn4745,local_volume_mesh,compute,11.41166606,1,0,0,0,0,0,0,6045,0,0,0,0,0,14354,882570,0,0,0,0
32,cn4745,volume_refine,compute,0.852676471,1,0,0,0,0,0,0,8091,0,0,0,0,0,0,3,0,0,0,0
32,cn4745,refined_volume_save,io,0,0,0,0,0,0,0,0,0,0,0,0,0,0,0,0,0,0,0,0
32,cn4745,adjacency_build,compute,0.00378628199996,1,0,0,0,0,0,0,0,0,0,0,0,0,0,0,0,0,0,0
32,cn4745,vertex_numbering_local,compute,0.0177533149999,1,0,0,0,0,0,0,35,0,0,0,0,0,0,0,0,0,0,0
32,cn4745,vertex_count_allgather,communication,4.541259799,1,0,0,0,0,0,0,36,0,0,0,0,0,0,7,1,1,4,256
32,cn4745,element_count_allgather,communication,0.000927970999783,1,0,0,0,0,0,0,38,0,0,0,0,0,0,0,1,1,4,256
32,cn4745,vertex_exchange_prepare,compute,0.00013828200008,1,0,0,0,0,0,0,33,0,0,0,0,0,0,0,0,0,0,0
32,cn4745,vertex_exchange,communication,0.0575463709997,1,0,0,0,0,0,0,45,0,0,0,0,0,2,0,3,3,165682,122496
32,cn4745,vertex_exchange_unpack,compute,0.00175214000001,1,0,0,0,0,0,0,0,0,0,0,0,0,0,0,0,0,0,0
32,cn4745,partition_result_io,io,0,0,0,0,0,0,0,0,0,0,0,0,0,0,0,0,0,0,0,0
32,cn4745,volume_exchange_pack,compute,0.303712031,2,0,0,0,0,0,0,1221,0,0,0,0,0,0,0,0,0,0,0
32,cn4745,volume_size_exchange,communication,0.0708420770002,1,0,0,0,0,0,0,1,0,0,0,0,0,0,0,4,4,16,16
32,cn4745,volume_payload_prepare,compute,0.000293043000056,1,0,0,0,0,0,0,68,0,0,0,0,0,0,0,0,0,0,0
32,cn4745,volume_payload_exchange,communication,0.00233254600016,1,0,0,0,0,0,0,387,0,0,0,0,0,0,0,4,4,3082800,3090480
32,cn4745,volume_exchange_unpack,compute,0.20787554,1,0,0,0,0,0,0,8041,0,0,0,0,0,0,0,0,0,0,0
32,cn4745,final_mesh_save,io,0,0,0,0,0,0,0,0,0,0,0,0,0,0,0,0,0,0,0,0
32,cn4745,testout_io,io,0,0,0,0,0,0,0,0,0,0,0,0,0,0,0,0,0,0,0,0
32,cn4745,final_count_exchange,communication,0,0,0,0,0,0,0,0,0,0,0,0,0,0,0,0,0,0,0,0
32,cn4745,quality_evaluation,postprocess,0,0,0,0,0,0,0,0,0,0,0,0,0,0,0,0,0,0,0,0
33,cn4746,geometry_load,io,2.650441097,1,0,0,0,0,0,0,5960,0,1035096,0,10428416,0,203,2,0,0,0,0
33,cn4746,coarse_local_size,setup,0.526300175,1,0,0,0,0,0,0,8577,0,0,0,0,0,216,27,0,0,0,0
33,cn4746,coarse_edge_mesh,setup,0.014090867,1,0,0,0,0,0,0,488,0,0,0,0,0,2,0,0,0,0,0
33,cn4746,coarse_surface_mesh,setup,8.490084297,1,0,0,0,0,0,0,19292,0,0,0,0,0,24,9,0,0,0,0
33,cn4746,coarse_volume_mesh,setup,13.48943433,1,0,0,0,0,0,0,33043,0,0,0,0,0,36500,1604068,0,0,0,0
33,cn4746,coarse_mesh_save,io,0,0,0,0,0,0,0,0,0,0,0,0,0,0,0,0,0,0,0,0
33,cn4746,submesh_initialization,setup,0.000193341999875,1,0,0,0,0,0,0,60,0,0,0,0,0,0,0,0,0,0,0
33,cn4746,metis_partition,compute,0.185272882,1,0,0,0,0,0,0,2144,0,0,0,0,0,0,0,0,0,0,0
33,cn4746,face_map_setup,compute,0.00838380799996,1,0,0,0,0,0,0,1106,0,0,0,0,0,0,0,0,0,0,0
33,cn4746,face_local_extract,compute,0.16122225,1,0,0,0,0,0,0,828,0,0,0,0,0,0,1,0,0,0,0
33,cn4746,face_pre_collective_wait,synchronization,0.0199983890002,1,0,0,0,0,0,0,13,0,0,0,0,0,0,1,0,0,0,0
33,cn4746,face_collective_setup,compute,0.00143911499981,1,0,0,0,0,0,0,16,0,0,0,0,0,1,0,0,0,0,0
33,cn4746,face_allgatherv,communication,0.0625271550002,1,0,0,0,0,0,0,789,0,0,0,0,0,2,0,1,1,75808,4859624
33,cn4746,face_global_merge,compute,0.0784430429999,1,0,0,0,0,0,0,553,0,0,0,0,0,0,0,0,0,0,0
33,cn4746,part_face_create,compute,0.01909058,1,0,0,0,0,0,0,26,0,0,0,0,0,0,0,0,0,0,0
33,cn4746,surface_refine,compute,0.0162045090001,1,0,0,0,0,0,0,33,0,0,0,0,0,0,0,0,0,0,0
33,cn4746,refined_surface_save,io,0,0,0,0,0,0,0,0,0,0,0,0,0,0,0,0,0,0,0,0
33,cn4746,local_volume_mesh,compute,12.647678788,1,0,0,0,0,0,0,4454,0,0,0,0,0,19738,1068944,0,0,0,0
33,cn4746,volume_refine,compute,0.931781665,1,0,0,0,0,0,0,5082,0,0,0,0,0,0,1,0,0,0,0
33,cn4746,refined_volume_save,io,0,0,0,0,0,0,0,0,0,0,0,0,0,0,0,0,0,0,0,0
33,cn4746,adjacency_build,compute,0.00392784099995,1,0,0,0,0,0,0,0,0,0,0,0,0,0,0,0,0,0,0
33,cn4746,vertex_numbering_local,compute,0.0151154390001,1,0,0,0,0,0,0,417,0,0,0,0,0,0,0,0,0,0,0
33,cn4746,vertex_count_allgather,communication,3.230772559,1,0,0,0,0,0,0,69,0,0,0,0,0,0,4,1,1,4,256
33,cn4746,element_count_allgather,communication,0.00071904799961,1,0,0,0,0,0,0,53,0,0,0,0,0,0,0,1,1,4,256
33,cn4746,vertex_exchange_prepare,compute,0.000119522000205,1,0,0,0,0,0,0,37,0,0,0,0,0,0,0,0,0,0,0
33,cn4746,vertex_exchange,communication,0.0564723119996,1,0,0,0,0,0,0,62,0,0,0,0,0,2,0,3,3,64768,113916
33,cn4746,vertex_exchange_unpack,compute,0.00231104399973,1,0,0,0,0,0,0,709,0,0,0,0,0,0,0,0,0,0,0
33,cn4746,partition_result_io,io,0,0,0,0,0,0,0,0,0,0,0,0,0,0,0,0,0,0,0,0
33,cn4746,volume_exchange_pack,compute,0.348572733,2,0,0,0,0,0,0,2083,0,0,0,0,0,0,0,0,0,0,0
33,cn4746,volume_size_exchange,communication,3.52009997187e-05,1,0,0,0,0,0,0,0,0,0,0,0,0,0,0,4,4,16,16
33,cn4746,volume_payload_prepare,compute,0.000185242000043,1,0,0,0,0,0,0,34,0,0,0,0,0,0,0,0,0,0,0
33,cn4746,volume_payload_exchange,communication,0.0278524120004,1,0,0,0,0,0,0,205,0,0,0,0,0,0,0,4,4,1902000,1895520
33,cn4746,volume_exchange_unpack,compute,0.199307249,1,0,0,0,0,0,0,9029,0,0,0,0,0,0,0,0,0,0,0
33,cn4746,final_mesh_save,io,0,0,0,0,0,0,0,0,0,0,0,0,0,0,0,0,0,0,0,0
33,cn4746,testout_io,io,0,0,0,0,0,0,0,0,0,0,0,0,0,0,0,0,0,0,0,0
33,cn4746,final_count_exchange,communication,0,0,0,0,0,0,0,0,0,0,0,0,0,0,0,0,0,0,0,0
33,cn4746,quality_evaluation,postprocess,0,0,0,0,0,0,0,0,0,0,0,0,0,0,0,0,0,0,0,0
34,cn4747,geometry_load,io,1.937715798,1,0,0,0,0,0,0,5961,0,1035096,0,10428416,0,203,4,0,0,0,0
34,cn4747,coarse_local_size,setup,0.51693706,1,0,0,0,0,0,0,8537,0,0,0,0,0,219,33,0,0,0,0
34,cn4747,coarse_edge_mesh,setup,0.0146753459999,1,0,0,0,0,0,0,505,0,0,0,0,0,2,0,0,0,0,0
34,cn4747,coarse_surface_mesh,setup,8.5290548,1,0,0,0,0,0,0,15390,0,0,0,0,0,24,11,0,0,0,0
34,cn4747,coarse_volume_mesh,setup,13.253078555,1,0,0,0,0,0,0,27563,0,0,0,0,0,37011,1540881,0,0,0,0
34,cn4747,coarse_mesh_save,io,0,0,0,0,0,0,0,0,0,0,0,0,0,0,0,0,0,0,0,0
34,cn4747,submesh_initialization,setup,0.000202102999992,1,0,0,0,0,0,0,63,0,0,0,0,0,0,0,0,0,0,0
34,cn4747,metis_partition,compute,0.18017896,1,0,0,0,0,0,0,1704,0,0,0,0,0,0,0,0,0,0,0
34,cn4747,face_map_setup,compute,0.00769601699994,1,0,0,0,0,0,0,619,0,0,0,0,0,0,0,0,0,0,0
34,cn4747,face_local_extract,compute,0.156889885,1,0,0,0,0,0,0,818,0,0,0,0,0,0,0,0,0,0,0
34,cn4747,face_pre_collective_wait,synchronization,0.0301553620002,1,0,0,0,0,0,0,14,0,0,0,0,0,0,0,0,0,0,0
34,cn4747,face_collective_setup,compute,0.000149581999722,1,0,0,0,0,0,0,16,0,0,0,0,0,0,0,0,0,0,0
34,cn4747,face_allgatherv,communication,0.0636903459999,1,0,0,0,0,0,0,1169,0,0,0,0,0,0,1,1,1,75808,4859624
34,cn4747,face_global_merge,compute,0.0798502500002,1,0,0,0,0,0,0,676,0,0,0,0,0,0,0,0,0,0,0
34,cn4747,part_face_create,compute,0.0190376399996,1,0,0,0,0,0,0,31,0,0,0,0,0,0,0,0,0,0,0
34,cn4747,surface_refine,compute,0.0163925070001,1,0,0,0,0,0,0,53,0,0,0,0,0,0,0,0,0,0,0
34,cn4747,refined_surface_save,io,0,0,0,0,0,0,0,0,0,0,0,0,0,0,0,0,0,0,0,0
34,cn4747,local_volume_mesh,compute,13.358309706,1,0,0,0,0,0,0,4447,0,0,0,0,0,21229,1131016,0,0,0,0
34,cn4747,volume_refine,compute,0.921351918,1,0,0,0,0,0,0,6111,0,0,0,0,0,0,2,0,0,0,0
34,cn4747,refined_volume_save,io,0,0,0,0,0,0,0,0,0,0,0,0,0,0,0,0,0,0,0,0
34,cn4747,adjacency_build,compute,0.00402909099967,1,0,0,0,0,0,0,0,0,0,0,0,0,0,0,0,0,0,0
34,cn4747,vertex_numbering_local,compute,0.0177273039999,1,0,0,0,0,0,0,457,0,0,0,0,0,0,0,0,0,0,0
34,cn4747,vertex_count_allgather,communication,2.527809325,1,0,0,0,0,0,0,22,0,0,0,0,0,0,3,1,1,4,256
34,cn4747,element_count_allgather,communication,0.00075317000028,1,0,0,0,0,0,0,52,0,0,0,0,0,0,0,1,1,4,256
34,cn4747,vertex_exchange_prepare,compute,0.000128280999888,1,0,0,0,0,0,0,37,0,0,0,0,0,0,0,0,0,0,0
34,cn4747,vertex_exchange,communication,0.055706824,1,0,0,0,0,0,0,107,0,0,0,0,0,1,0,4,5,159038,117546
34,cn4747,vertex_exchange_unpack,compute,0.00239886999998,1,0,0,0,0,0,0,714,0,0,0,0,0,0,0,0,0,0,0
34,cn4747,partition_result_io,io,0,0,0,0,0,0,0,0,0,0,0,0,0,0,0,0,0,0,0,0
34,cn4747,volume_exchange_pack,compute,0.285786856,2,0,0,0,0,0,0,2048,0,0,0,0,0,0,0,0,0,0,0
34,cn4747,volume_size_exchange,communication,0.063406023,1,0,0,0,0,0,0,1,0,0,0,0,0,0,0,5,5,20,20
34,cn4747,volume_payload_prepare,compute,0.000344623999808,1,0,0,0,0,0,0,102,0,0,0,0,0,0,0,0,0,0,0
34,cn4747,volume_payload_exchange,communication,0.0277988919997,1,0,0,0,0,0,0,406,0,0,0,0,0,0,0,5,5,2959320,2966520
34,cn4747,volume_exchange_unpack,compute,0.224017415,1,0,0,0,0,0,0,8944,0,0,0,0,0,0,0,0,0,0,0
34,cn4747,final_mesh_save,io,0,0,0,0,0,0,0,0,0,0,0,0,0,0,0,0,0,0,0,0
34,cn4747,testout_io,io,0,0,0,0,0,0,0,0,0,0,0,0,0,0,0,0,0,0,0,0
34,cn4747,final_count_exchange,communication,0,0,0,0,0,0,0,0,0,0,0,0,0,0,0,0,0,0,0,0
34,cn4747,quality_evaluation,postprocess,0,0,0,0,0,0,0,0,0,0,0,0,0,0,0,0,0,0,0,0
35,cn4748,geometry_load,io,1.977175411,1,0,0,0,0,0,0,5959,0,1035096,0,10428416,0,203,18,0,0,0,0
35,cn4748,coarse_local_size,setup,0.514927649,1,0,0,0,0,0,0,7755,0,0,0,0,0,214,141,0,0,0,0
35,cn4748,coarse_edge_mesh,setup,0.0147769120003,1,0,0,0,0,0,0,506,0,0,0,0,0,2,1,0,0,0,0
35,cn4748,coarse_surface_mesh,setup,8.469423893,1,0,0,0,0,0,0,17231,0,0,0,0,0,24,75,0,0,0,0
35,cn4748,coarse_volume_mesh,setup,14.307130063,1,0,0,0,0,0,0,28902,0,0,0,0,0,80565,2913942,0,0,0,0
35,cn4748,coarse_mesh_save,io,0,0,0,0,0,0,0,0,0,0,0,0,0,0,0,0,0,0,0,0
35,cn4748,submesh_initialization,setup,0.000191962999907,1,0,0,0,0,0,0,4,0,0,0,0,0,0,1,0,0,0,0
35,cn4748,metis_partition,compute,0.16796917,1,0,0,0,0,0,0,63,0,0,0,0,0,0,2,0,0,0,0
35,cn4748,face_map_setup,compute,0.00690389900001,1,0,0,0,0,0,0,269,0,0,0,0,0,0,0,0,0,0,0
35,cn4748,face_local_extract,compute,0.156832031,1,0,0,0,0,0,0,199,0,0,0,0,0,0,1,0,0,0,0
35,cn4748,face_pre_collective_wait,synchronization,0.04318552,1,0,0,0,0,0,0,9,0,0,0,0,0,0,0,0,0,0,0
35,cn4748,face_collective_setup,compute,0.00266171800013,1,0,0,0,0,0,0,13,0,0,0,0,0,3,0,0,0,0,0
35,cn4748,face_allgatherv,communication,0.0611807179998,1,0,0,0,0,0,0,81,0,0,0,0,0,2,1,1,1,75808,4859624
35,cn4748,face_global_merge,compute,0.0734242530002,1,0,0,0,0,0,0,0,0,0,0,0,0,0,0,0,0,0,0
35,cn4748,part_face_create,compute,0.0178582359999,1,0,0,0,0,0,0,3,0,0,0,0,0,0,1,0,0,0,0
35,cn4748,surface_refine,compute,0.0151443979998,1,0,0,0,0,0,0,1,0,0,0,0,0,0,0,0,0,0,0
35,cn4748,refined_surface_save,io,0,0,0,0,0,0,0,0,0,0,0,0,0,0,0,0,0,0,0,0
35,cn4748,local_volume_mesh,compute,12.455768797,1,0,0,0,0,0,0,4849,0,0,0,0,0,65587,2446646,0,0,0,0
35,cn4748,volume_refine,compute,0.912512014,1,0,0,0,0,0,0,6566,0,0,0,0,0,0,8,0,0,0,0
35,cn4748,refined_volume_save,io,0,0,0,0,0,0,0,0,0,0,0,0,0,0,0,0,0,0,0,0
35,cn4748,adjacency_build,compute,0.00374801399994,1,0,0,0,0,0,0,0,0,0,0,0,0,0,0,0,0,0,0
35,cn4748,vertex_numbering_local,compute,0.016121012,1,0,0,0,0,0,0,440,0,0,0,0,0,0,0,0,0,0,0
35,cn4748,vertex_count_allgather,communication,3.448786569,1,0,0,0,0,0,0,26,0,0,0,0,0,0,32,1,1,4,256
35,cn4748,element_count_allgather,communication,0.000875792999977,1,0,0,0,0,0,0,37,0,0,0,0,0,0,0,1,1,4,256
35,cn4748,vertex_exchange_prepare,compute,9.47019998421e-05,1,0,0,0,0,0,0,27,0,0,0,0,0,0,0,0,0,0,0
35,cn4748,vertex_exchange,communication,0.00466596699971,1,0,0,0,0,0,0,32,0,0,0,0,0,2,0,4,3,128348,103070
35,cn4748,vertex_exchange_unpack,compute,0.00144892099979,1,0,0,0,0,0,0,0,0,0,0,0,0,0,0,0,0,0,0
35,cn4748,partition_result_io,io,0,0,0,0,0,0,0,0,0,0,0,0,0,0,0,0,0,0,0,0
35,cn4748,volume_exchange_pack,compute,0.276220523,2,0,0,0,0,0,0,872,0,0,0,0,0,0,2,0,0,0,0
35,cn4748,volume_size_exchange,communication,0.125273157,1,0,0,0,0,0,0,0,0,0,0,0,0,0,1,5,5,20,20
35,cn4748,volume_payload_prepare,compute,0.00031740400027,1,0,0,0,0,0,0,102,0,0,0,0,0,0,0,0,0,0,0
35,cn4748,volume_payload_exchange,communication,0.0022384519998,1,0,0,0,0,0,0,450,0,0,0,0,0,0,0,5,5,2451960,2452560
35,cn4748,volume_exchange_unpack,compute,0.225492456,1,0,0,0,0,0,0,8924,0,0,0,0,0,0,2,0,0,0,0
35,cn4748,final_mesh_save,io,0,0,0,0,0,0,0,0,0,0,0,0,0,0,0,0,0,0,0,0
35,cn4748,testout_io,io,0,0,0,0,0,0,0,0,0,0,0,0,0,0,0,0,0,0,0,0
35,cn4748,final_count_exchange,communication,0,0,0,0,0,0,0,0,0,0,0,0,0,0,0,0,0,0,0,0
35,cn4748,quality_evaluation,postprocess,0,0,0,0,0,0,0,0,0,0,0,0,0,0,0,0,0,0,0,0
36,cn4749,geometry_load,io,2.011212979,1,0,0,0,0,0,0,6107,0,1035096,0,10428416,0,203,2,0,0,0,0
36,cn4749,coarse_local_size,setup,0.526679167,1,0,0,0,0,0,0,8591,0,0,0,0,0,188,28,0,0,0,0
36,cn4749,coarse_edge_mesh,setup,0.0145104930002,1,0,0,0,0,0,0,515,0,0,0,0,0,2,0,0,0,0,0
36,cn4749,coarse_surface_mesh,setup,8.647802995,1,0,0,0,0,0,0,17253,0,0,0,0,0,24,9,0,0,0,0
36,cn4749,coarse_volume_mesh,setup,13.418659141,1,0,0,0,0,0,0,29138,0,0,0,0,0,38024,1526674,0,0,0,0
36,cn4749,coarse_mesh_save,io,0,0,0,0,0,0,0,0,0,0,0,0,0,0,0,0,0,0,0,0
36,cn4749,submesh_initialization,setup,0.000134142000206,1,0,0,0,0,0,0,4,0,0,0,0,0,0,0,0,0,0,0
36,cn4749,metis_partition,compute,0.170227118,1,0,0,0,0,0,0,551,0,0,0,0,0,0,1,0,0,0,0
36,cn4749,face_map_setup,compute,0.00710227500031,1,0,0,0,0,0,0,346,0,0,0,0,0,0,0,0,0,0,0
36,cn4749,face_local_extract,compute,0.162553777,1,0,0,0,0,0,0,641,0,0,0,0,0,0,0,0,0,0,0
36,cn4749,face_pre_collective_wait,synchronization,0.0351360460004,1,0,0,0,0,0,0,19,0,0,0,0,0,0,0,0,0,0,0
36,cn4749,face_collective_setup,compute,0.000141501999678,1,0,0,0,0,0,0,13,0,0,0,0,0,0,0,0,0,0,0
36,cn4749,face_allgatherv,communication,0.0636177440001,1,0,0,0,0,0,0,37,0,0,0,0,0,2,0,1,1,75808,4859624
36,cn4749,face_global_merge,compute,0.0740502220001,1,0,0,0,0,0,0,11,0,0,0,0,0,0,0,0,0,0,0
36,cn4749,part_face_create,compute,0.0175204930001,1,0,0,0,0,0,0,3,0,0,0,0,0,0,0,0,0,0,0
36,cn4749,surface_refine,compute,0.010828724,1,0,0,0,0,0,0,46,0,0,0,0,0,0,0,0,0,0,0
36,cn4749,refined_surface_save,io,0,0,0,0,0,0,0,0,0,0,0,0,0,0,0,0,0,0,0,0
36,cn4749,local_volume_mesh,compute,9.050030471,1,0,0,0,0,0,0,1576,0,0,0,0,0,7088,451588,0,0,0,0
36,cn4749,volume_refine,compute,0.691578614,1,0,0,0,0,0,0,4223,0,0,0,0,0,0,1,0,0,0,0
36,cn4749,refined_volume_save,io,0,0,0,0,0,0,0,0,0,0,0,0,0,0,0,0,0,0,0,0
36,cn4749,adjacency_build,compute,0.00373689000025,1,0,0,0,0,0,0,0,0,0,0,0,0,0,0,0,0,0,0
36,cn4749,vertex_numbering_local,compute,0.0165804600001,1,0,0,0,0,0,0,1,0,0,0,0,0,0,0,0,0,0,0
36,cn4749,vertex_count_allgather,communication,7.080779768,1,0,0,0,0,0,0,55,0,0,0,0,0,0,7,1,1,4,256
36,cn4749,element_count_allgather,communication,0.00088167199965,1,0,0,0,0,0,0,4,0,0,0,0,0,0,0,1,1,4,256
36,cn4749,vertex_exchange_prepare,compute,3.20210001519e-05,1,0,0,0,0,0,0,9,0,0,0,0,0,0,0,0,0,0,0
36,cn4749,vertex_exchange,communication,0.00517582900011,1,0,0,0,0,0,0,99,0,0,0,0,0,1,0,7,5,311850,84436
36,cn4749,vertex_exchange_unpack,compute,0.00121211600026,1,0,0,0,0,0,0,8,0,0,0,0,0,0,0,0,0,0,0
36,cn4749,partition_result_io,io,0,0,0,0,0,0,0,0,0,0,0,0,0,0,0,0,0,0,0,0
36,cn4749,volume_exchange_pack,compute,0.247941469,2,0,0,0,0,0,0,2292,0,0,0,0,0,0,0,0,0,0,0
36,cn4749,volume_size_exchange,communication,0.0904537599999,1,0,0,0,0,0,0,0,0,0,0,0,0,0,0,7,7,28,28
36,cn4749,volume_payload_prepare,compute,0.00046860600014,1,0,0,0,0,0,0,136,0,0,0,0,0,0,0,0,0,0,0
36,cn4749,volume_payload_exchange,communication,0.064676078,1,0,0,0,0,0,0,607,0,0,0,0,0,0,0,7,7,4212000,4225800
36,cn4749,volume_exchange_unpack,compute,0.191921126,1,0,0,0,0,0,0,6487,0,0,0,0,0,0,0,0,0,0,0
36,cn4749,final_mesh_save,io,0,0,0,0,0,0,0,0,0,0,0,0,0,0,0,0,0,0,0,0
36,cn4749,testout_io,io,0,0,0,0,0,0,0,0,0,0,0,0,0,0,0,0,0,0,0,0
36,cn4749,final_count_exchange,communication,0,0,0,0,0,0,0,0,0,0,0,0,0,0,0,0,0,0,0,0
36,cn4749,quality_evaluation,postprocess,0,0,0,0,0,0,0,0,0,0,0,0,0,0,0,0,0,0,0,0
37,cn4750,geometry_load,io,1.993476137,1,0,0,0,0,0,0,5961,0,1035096,0,10428416,0,203,2,0,0,0,0
37,cn4750,coarse_local_size,setup,0.79119851,1,0,0,0,0,0,0,8669,0,0,0,0,0,239,51,0,0,0,0
37,cn4750,coarse_edge_mesh,setup,0.014441715,1,0,0,0,0,0,0,522,0,0,0,0,0,2,0,0,0,0,0
37,cn4750,coarse_surface_mesh,setup,8.410252777,1,0,0,0,0,0,0,15288,0,0,0,0,0,24,10,0,0,0,0
37,cn4750,coarse_volume_mesh,setup,13.368131874,1,0,0,0,0,0,0,29189,0,0,0,0,0,36033,1640691,0,0,0,0
37,cn4750,coarse_mesh_save,io,0,0,0,0,0,0,0,0,0,0,0,0,0,0,0,0,0,0,0,0
37,cn4750,submesh_initialization,setup,0.000187203000223,1,0,0,0,0,0,0,60,0,0,0,0,0,0,0,0,0,0,0
37,cn4750,metis_partition,compute,0.180219561,1,0,0,0,0,0,0,1808,0,0,0,0,0,0,0,0,0,0,0
37,cn4750,face_map_setup,compute,0.00774611499992,1,0,0,0,0,0,0,569,0,0,0,0,0,0,0,0,0,0,0
37,cn4750,face_local_extract,compute,0.160285725,1,0,0,0,0,0,0,863,0,0,0,0,0,0,0,0,0,0,0
37,cn4750,face_pre_collective_wait,synchronization,0.0266965770002,1,0,0,0,0,0,0,20,0,0,0,0,0,0,0,0,0,0,0
37,cn4750,face_collective_setup,compute,0.00278996199995,1,0,0,0,0,0,0,16,0,0,0,0,0,3,0,0,0,0,0
37,cn4750,face_allgatherv,communication,0.0608959659999,1,0,0,0,0,0,0,1217,0,0,0,0,0,4,0,1,1,75808,4859624
37,cn4750,face_global_merge,compute,0.079458702,1,0,0,0,0,0,0,650,0,0,0,0,0,0,0,0,0,0,0
37,cn4750,part_face_create,compute,0.0191126640002,1,0,0,0,0,0,0,28,0,0,0,0,0,0,0,0,0,0,0
37,cn4750,surface_refine,compute,0.015062084,1,0,0,0,0,0,0,51,0,0,0,0,0,0,0,0,0,0,0
37,cn4750,refined_surface_save,io,0,0,0,0,0,0,0,0,0,0,0,0,0,0,0,0,0,0,0,0
37,cn4750,local_volume_mesh,compute,9.624521561,1,0,0,0,0,0,0,4410,0,0,0,0,0,14143,842332,0,0,0,0
37,cn4750,volume_refine,compute,0.784613272,1,0,0,0,0,0,0,5258,0,0,0,0,0,0,1,0,0,0,0
37,cn4750,refined_volume_save,io,0,0,0,0,0,0,0,0,0,0,0,0,0,0,0,0,0,0,0,0
37,cn4750,adjacency_build,compute,0.00402413899974,1,0,0,0,0,0,0,0,0,0,0,0,0,0,0,0,0,0,0
37,cn4750,vertex_numbering_local,compute,0.013610602,1,0,0,0,0,0,0,1,0,0,0,0,0,0,0,0,0,0,0
37,cn4750,vertex_count_allgather,communication,6.402872854,1,0,0,0,0,0,0,74,0,0,0,0,0,0,6,1,1,4,256
37,cn4750,element_count_allgather,communication,0.000896334000117,1,0,0,0,0,0,0,10,0,0,0,0,0,0,0,1,1,4,256
37,cn4750,vertex_exchange_prepare,compute,2.75000002148e-05,1,0,0,0,0,0,0,5,0,0,0,0,0,0,0,0,0,0,0
37,cn4750,vertex_exchange,communication,0.00467260899995,1,0,0,0,0,0,0,52,0,0,0,0,0,2,0,2,2,73128,122122
37,cn4750,vertex_exchange_unpack,compute,0.00281668200023,1,0,0,0,0,0,0,1081,0,0,0,0,0,0,0,0,0,0,0
37,cn4750,partition_result_io,io,0,0,0,0,0,0,0,0,0,0,0,0,0,0,0,0,0,0,0,0
37,cn4750,volume_exchange_pack,compute,0.221134169,2,0,0,0,0,0,0,2545,0,0,0,0,0,0,1,0,0,0,0
37,cn4750,volume_size_exchange,communication,0.054339968,1,0,0,0,0,0,0,0,0,0,0,0,0,0,0,3,3,12,12
37,cn4750,volume_payload_prepare,compute,0.000204023000151,1,0,0,0,0,0,0,34,0,0,0,0,0,0,0,0,0,0,0
37,cn4750,volume_payload_exchange,communication,0.126818466,1,0,0,0,0,0,0,180,0,0,0,0,0,0,0,3,3,2093160,2082360
37,cn4750,volume_exchange_unpack,compute,0.156883153,1,0,0,0,0,0,0,6807,0,0,0,0,0,0,0,0,0,0,0
37,cn4750,final_mesh_save,io,0,0,0,0,0,0,0,0,0,0,0,0,0,0,0,0,0,0,0,0
37,cn4750,testout_io,io,0,0,0,0,0,0,0,0,0,0,0,0,0,0,0,0,0,0,0,0
37,cn4750,final_count_exchange,communication,0,0,0,0,0,0,0,0,0,0,0,0,0,0,0,0,0,0,0,0
37,cn4750,quality_evaluation,postprocess,0,0,0,0,0,0,0,0,0,0,0,0,0,0,0,0,0,0,0,0
38,cn4751,geometry_load,io,1.935149128,1,0,0,0,0,0,0,5960,0,1035096,0,10428416,0,203,5,0,0,0,0
38,cn4751,coarse_local_size,setup,0.489039697,1,0,0,0,0,0,0,8575,0,0,0,0,0,195,31,0,0,0,0
38,cn4751,coarse_edge_mesh,setup,0.0151692039999,1,0,0,0,0,0,0,517,0,0,0,0,0,2,0,0,0,0,0
38,cn4751,coarse_surface_mesh,setup,8.151305846,1,0,0,0,0,0,0,14102,0,0,0,0,0,24,9,0,0,0,0
38,cn4751,coarse_volume_mesh,setup,13.107430517,1,0,0,0,0,0,0,21078,0,0,0,0,0,35038,1425765,0,0,0,0
38,cn4751,coarse_mesh_save,io,0,0,0,0,0,0,0,0,0,0,0,0,0,0,0,0,0,0,0,0
38,cn4751,submesh_initialization,setup,0.000131681999846,1,0,0,0,0,0,0,4,0,0,0,0,0,0,0,0,0,0,0
38,cn4751,metis_partition,compute,0.162712348,1,0,0,0,0,0,0,65,0,0,0,0,0,0,1,0,0,0,0
38,cn4751,face_map_setup,compute,0.0069936130003,1,0,0,0,0,0,0,262,0,0,0,0,0,0,0,0,0,0,0
38,cn4751,face_local_extract,compute,0.152667525,1,0,0,0,0,0,0,199,0,0,0,0,0,0,0,0,0,0,0
38,cn4751,face_pre_collective_wait,synchronization,0.052761552,1,0,0,0,0,0,0,12,0,0,0,0,0,0,0,0,0,0,0
38,cn4751,face_collective_setup,compute,0.000146482999753,1,0,0,0,0,0,0,15,0,0,0,0,0,0,0,0,0,0,0
38,cn4751,face_allgatherv,communication,0.0634589050001,1,0,0,0,0,0,0,124,0,0,0,0,0,4,0,1,1,75808,4859624
38,cn4751,face_global_merge,compute,0.0732369820003,1,0,0,0,0,0,0,0,0,0,0,0,0,0,0,0,0,0,0
38,cn4751,part_face_create,compute,0.017621124,1,0,0,0,0,0,0,3,0,0,0,0,0,0,0,0,0,0,0
38,cn4751,surface_refine,compute,0.013913404,1,0,0,0,0,0,0,1,0,0,0,0,0,0,0,0,0,0,0
38,cn4751,refined_surface_save,io,0,0,0,0,0,0,0,0,0,0,0,0,0,0,0,0,0,0,0,0
38,cn4751,local_volume_mesh,compute,10.356007547,1,0,0,0,0,0,0,3921,0,0,0,0,0,17877,937479,0,0,0,0
38,cn4751,volume_refine,compute,0.767438212,1,0,0,0,0,0,0,6282,0,0,0,0,0,0,1,0,0,0,0
38,cn4751,refined_volume_save,io,0,0,0,0,0,0,0,0,0,0,0,0,0,0,0,0,0,0,0,0
38,cn4751,adjacency_build,compute,0.00371558000006,1,0,0,0,0,0,0,0,0,0,0,0,0,0,0,0,0,0,0
38,cn4751,vertex_numbering_local,compute,0.0152755469999,1,0,0,0,0,0,0,1,0,0,0,0,0,0,0,0,0,0,0
38,cn4751,vertex_count_allgather,communication,5.697854568,1,0,0,0,0,0,0,50,0,0,0,0,0,0,6,1,1,4,256
38,cn4751,element_count_allgather,communication,0.00101311600019,1,0,0,0,0,0,0,42,0,0,0,0,0,0,0,1,1,4,256
38,cn4751,vertex_exchange_prepare,compute,4.46210001428e-05,1,0,0,0,0,0,0,21,0,0,0,0,0,0,0,0,0,0,0
38,cn4751,vertex_exchange,communication,0.00455621399988,1,0,0,0,0,0,0,90,0,0,0,0,0,1,0,5,1,224004,60962
38,cn4751,vertex_exchange_unpack,compute,0.00112027800014,1,0,0,0,0,0,0,273,0,0,0,0,0,0,0,0,0,0,0
38,cn4751,partition_result_io,io,0,0,0,0,0,0,0,0,0,0,0,0,0,0,0,0,0,0,0,0
38,cn4751,volume_exchange_pack,compute,0.263450514,2,0,0,0,0,0,0,2039,0,0,0,0,0,0,0,0,0,0,0
38,cn4751,volume_size_exchange,communication,0.0186037999997,1,0,0,0,0,0,0,0,0,0,0,0,0,0,0,4,4,16,16
38,cn4751,volume_payload_prepare,compute,0.000263984999947,1,0,0,0,0,0,0,68,0,0,0,0,0,0,0,0,0,0,0
38,cn4751,volume_payload_exchange,communication,0.0593912590002,1,0,0,0,0,0,0,468,0,0,0,0,0,0,0,4,4,3038880,3045360
38,cn4751,volume_exchange_unpack,compute,0.187537449,1,0,0,0,0,0,0,6545,0,0,0,0,0,0,2,0,0,0,0
38,cn4751,final_mesh_save,io,0,0,0,0,0,0,0,0,0,0,0,0,0,0,0,0,0,0,0,0
38,cn4751,testout_io,io,0,0,0,0,0,0,0,0,0,0,0,0,0,0,0,0,0,0,0,0
38,cn4751,final_count_exchange,communication,0,0,0,0,0,0,0,0,0,0,0,0,0,0,0,0,0,0,0,0
38,cn4751,quality_evaluation,postprocess,0,0,0,0,0,0,0,0,0,0,0,0,0,0,0,0,0,0,0,0
39,cn4752,geometry_load,io,2.067696483,1,0,0,0,0,0,0,6105,0,1035096,0,10428416,0,203,18,0,0,0,0
39,cn4752,coarse_local_size,setup,0.532513453,1,0,0,0,0,0,0,8458,0,0,0,0,0,175,32,0,0,0,0
39,cn4752,coarse_edge_mesh,setup,0.0141504010003,1,0,0,0,0,0,0,505,0,0,0,0,0,2,0,0,0,0,0
39,cn4752,coarse_surface_mesh,setup,8.694269413,1,0,0,0,0,0,0,17234,0,0,0,0,0,24,76,0,0,0,0
39,cn4752,coarse_volume_mesh,setup,13.451069436,1,0,0,0,0,0,0,27674,0,0,0,0,0,36887,1679419,0,0,0,0
39,cn4752,coarse_mesh_save,io,0,0,0,0,0,0,0,0,0,0,0,0,0,0,0,0,0,0,0,0
39,cn4752,submesh_initialization,setup,0.000189562000287,1,0,0,0,0,0,0,50,0,0,0,0,0,0,0,0,0,0,0
39,cn4752,metis_partition,compute,0.184098998,1,0,0,0,0,0,0,1811,0,0,0,0,0,0,2,0,0,0,0
39,cn4752,face_map_setup,compute,0.0075663270004,1,0,0,0,0,0,0,485,0,0,0,0,0,0,0,0,0,0,0
39,cn4752,face_local_extract,compute,0.162656093,1,0,0,0,0,0,0,850,0,0,0,0,0,0,2,0,0,0,0
39,cn4752,face_pre_collective_wait,synchronization,0.020635414,1,0,0,0,0,0,0,12,0,0,0,0,0,0,0,0,0,0,0
39,cn4752,face_collective_setup,compute,0.000148502000229,1,0,0,0,0,0,0,13,0,0,0,0,0,0,0,0,0,0,0
39,cn4752,face_allgatherv,communication,0.0633755409999,1,0,0,0,0,0,0,776,0,0,0,0,0,2,0,1,1,75808,4859624
39,cn4752,face_global_merge,compute,0.0790345840001,1,0,0,0,0,0,0,570,0,0,0,0,0,0,1,0,0,0,0
39,cn4752,part_face_create,compute,0.0185141630004,1,0,0,0,0,0,0,25,0,0,0,0,0,0,0,0,0,0,0
39,cn4752,surface_refine,compute,0.011457563,1,0,0,0,0,0,0,5,0,0,0,0,0,0,0,0,0,0,0
39,cn4752,refined_surface_save,io,0,0,0,0,0,0,0,0,0,0,0,0,0,0,0,0,0,0,0,0
39,cn4752,local_volume_mesh,compute,11.01320119,1,0,0,0,0,0,0,3052,0,0,0,0,0,19004,931029,0,0,0,0
39,cn4752,volume_refine,compute,0.682373424,1,0,0,0,0,0,0,6228,0,0,0,0,0,0,6,0,0,0,0
39,cn4752,refined_volume_save,io,0,0,0,0,0,0,0,0,0,0,0,0,0,0,0,0,0,0,0,0
39,cn4752,adjacency_build,compute,0.00369411299971,1,0,0,0,0,0,0,0,0,0,0,0,0,0,0,0,0,0,0
39,cn4752,vertex_numbering_local,compute,0.015141456,1,0,0,0,0,0,0,2,0,0,0,0,0,0,0,0,0,0,0
39,cn4752,vertex_count_allgather,communication,5.121657351,1,0,0,0,0,0,0,26,0,0,0,0,0,0,45,1,1,4,256
39,cn4752,element_count_allgather,communication,0.000941533000059,1,0,0,0,0,0,0,1,0,0,0,0,0,0,0,1,1,4,256
39,cn4752,vertex_exchange_prepare,compute,3.89800002267e-05,1,0,0,0,0,0,0,0,0,0,0,0,0,0,0,0,0,0,0
39,cn4752,vertex_exchange,communication,0.00560686000017,1,0,0,0,0,0,0,14,0,0,0,0,0,1,0,0,4,0,291654
39,cn4752,vertex_exchange_unpack,compute,0.00402861699968,1,0,0,0,0,0,0,0,0,0,0,0,0,0,0,0,0,0,0
39,cn4752,partition_result_io,io,0,0,0,0,0,0,0,0,0,0,0,0,0,0,0,0,0,0,0,0
39,cn4752,volume_exchange_pack,compute,0.249264485,2,0,0,0,0,0,0,1281,0,0,0,0,0,0,2,0,0,0,0
39,cn4752,volume_size_exchange,communication,0.086076344,1,0,0,0,0,0,0,2,0,0,0,0,0,0,0,4,4,16,16
39,cn4752,volume_payload_prepare,compute,0.000248202999956,1,0,0,0,0,0,0,34,0,0,0,0,0,0,0,0,0,0,0
39,cn4752,volume_payload_exchange,communication,0.0653613090003,1,0,0,0,0,0,0,288,0,0,0,0,0,0,1,4,4,3141120,3127920
39,cn4752,volume_exchange_unpack,compute,0.201981013,1,0,0,0,0,0,0,6603,0,0,0,0,0,0,1,0,0,0,0
39,cn4752,final_mesh_save,io,0,0,0,0,0,0,0,0,0,0,0,0,0,0,0,0,0,0,0,0
39,cn4752,testout_io,io,0,0,0,0,0,0,0,0,0,0,0,0,0,0,0,0,0,0,0,0
39,cn4752,final_count_exchange,communication,0,0,0,0,0,0,0,0,0,0,0,0,0,0,0,0,0,0,0,0
39,cn4752,quality_evaluation,postprocess,0,0,0,0,0,0,0,0,0,0,0,0,0,0,0,0,0,0,0,0
40,cn4753,geometry_load,io,1.979351739,1,0,0,0,0,0,0,5962,0,1035096,0,10428416,0,203,15,0,0,0,0
40,cn4753,coarse_local_size,setup,0.503852691,1,0,0,0,0,0,0,8510,0,0,0,0,0,238,31,0,0,0,0
40,cn4753,coarse_edge_mesh,setup,0.0146918169999,1,0,0,0,0,0,0,506,0,0,0,0,0,2,0,0,0,0,0
40,cn4753,coarse_surface_mesh,setup,8.513686827,1,0,0,0,0,0,0,17254,0,0,0,0,0,24,80,0,0,0,0
40,cn4753,coarse_volume_mesh,setup,13.485544979,1,0,0,0,0,0,0,27479,0,0,0,0,0,39161,1730325,0,0,0,0
40,cn4753,coarse_mesh_save,io,0,0,0,0,0,0,0,0,0,0,0,0,0,0,0,0,0,0,0,0
40,cn4753,submesh_initialization,setup,0.000194281999939,1,0,0,0,0,0,0,59,0,0,0,0,0,0,0,0,0,0,0
40,cn4753,metis_partition,compute,0.176806225,1,0,0,0,0,0,0,2089,0,0,0,0,0,0,1,0,0,0,0
40,cn4753,face_map_setup,compute,0.00768472200025,1,0,0,0,0,0,0,626,0,0,0,0,0,0,0,0,0,0,0
40,cn4753,face_local_extract,compute,0.162320271,1,0,0,0,0,0,0,863,0,0,0,0,0,0,2,0,0,0,0
40,cn4753,face_pre_collective_wait,synchronization,0.0281324170001,1,0,0,0,0,0,0,19,0,0,0,0,0,0,1,0,0,0,0
40,cn4753,face_collective_setup,compute,0.000147182000092,1,0,0,0,0,0,0,16,0,0,0,0,0,0,0,0,0,0,0
40,cn4753,face_allgatherv,communication,0.0632759059999,1,0,0,0,0,0,0,698,0,0,0,0,0,2,0,1,1,75808,4859624
40,cn4753,face_global_merge,compute,0.0797850469999,1,0,0,0,0,0,0,590,0,0,0,0,0,0,1,0,0,0,0
40,cn4753,part_face_create,compute,0.0188162720001,1,0,0,0,0,0,0,28,0,0,0,0,0,0,0,0,0,0,0
40,cn4753,surface_refine,compute,0.0115206350001,1,0,0,0,0,0,0,46,0,0,0,0,0,0,0,0,0,0,0
40,cn4753,refined_surface_save,io,0,0,0,0,0,0,0,0,0,0,0,0,0,0,0,0,0,0,0,0
40,cn4753,local_volume_mesh,compute,10.579452465,1,0,0,0,0,0,0,4396,0,0,0,0,0,18742,919802,0,0,0,0
40,cn4753,volume_refine,compute,0.672542854,1,0,0,0,0,0,0,5458,0,0,0,0,0,0,7,0,0,0,0
40,cn4753,refined_volume_save,io,0,0,0,0,0,0,0,0,0,0,0,0,0,0,0,0,0,0,0,0
40,cn4753,adjacency_build,compute,0.00409047499988,1,0,0,0,0,0,0,4,0,0,0,0,0,0,0,0,0,0,0
40,cn4753,vertex_numbering_local,compute,0.0160302940003,1,0,0,0,0,0,0,6,0,0,0,0,0,0,0,0,0,0,0
40,cn4753,vertex_count_allgather,communication,5.562662372,1,0,0,0,0,0,0,42,0,0,0,0,0,0,50,1,1,4,256
40,cn4753,element_count_allgather,communication,0.000999192999643,1,0,0,0,0,0,0,2,0,0,0,0,0,0,0,1,1,4,256
40,cn4753,vertex_exchange_prepare,compute,1.0740000107e-05,1,0,0,0,0,0,0,0,0,0,0,0,0,0,0,0,0,0,0
40,cn4753,vertex_exchange,communication,0.00645184600035,1,0,0,0,0,0,0,31,0,0,0,0,0,1,0,6,3,312708,2860
40,cn4753,vertex_exchange_unpack,compute,8.83610000528e-05,1,0,0,0,0,0,0,0,0,0,0,0,0,0,0,0,0,0,0
40,cn4753,partition_result_io,io,0,0,0,0,0,0,0,0,0,0,0,0,0,0,0,0,0,0,0,0
40,cn4753,volume_exchange_pack,compute,0.240808761,2,0,0,0,0,0,0,1124,0,0,0,0,0,0,2,0,0,0,0
40,cn4753,volume_size_exchange,communication,0.0620322300001,1,0,0,0,0,0,0,3,0,0,0,0,0,0,1,6,6,24,24
40,cn4753,volume_payload_prepare,compute,0.000375224999971,1,0,0,0,0,0,0,102,0,0,0,0,0,0,0,0,0,0,0
40,cn4753,volume_payload_exchange,communication,0.0837234999999,1,0,0,0,0,0,0,438,0,0,0,0,0,0,0,6,6,3355080,3376560
40,cn4753,volume_exchange_unpack,compute,0.17645732,1,0,0,0,0,0,0,6409,0,0,0,0,0,0,2,0,0,0,0
40,cn4753,final_mesh_save,io,0,0,0,0,0,0,0,0,0,0,0,0,0,0,0,0,0,0,0,0
40,cn4753,testout_io,io,0,0,0,0,0,0,0,0,0,0,0,0,0,0,0,0,0,0,0,0
40,cn4753,final_count_exchange,communication,0,0,0,0,0,0,0,0,0,0,0,0,0,0,0,0,0,0,0,0
40,cn4753,quality_evaluation,postprocess,0,0,0,0,0,0,0,0,0,0,0,0,0,0,0,0,0,0,0,0
41,cn4754,geometry_load,io,2.053483807,1,0,0,0,0,0,0,5962,0,1035096,0,10428416,0,203,3,0,0,0,0
41,cn4754,coarse_local_size,setup,0.541639311,1,0,0,0,0,0,0,8596,0,0,0,0,0,190,31,0,0,0,0
41,cn4754,coarse_edge_mesh,setup,0.0142365229999,1,0,0,0,0,0,0,517,0,0,0,0,0,2,0,0,0,0,0
41,cn4754,coarse_surface_mesh,setup,8.656283759,1,0,0,0,0,0,0,15402,0,0,0,0,0,24,9,0,0,0,0
41,cn4754,coarse_volume_mesh,setup,13.463194691,1,0,0,0,0,0,0,27749,0,0,0,0,0,36940,1735981,0,0,0,0
41,cn4754,coarse_mesh_save,io,0,0,0,0,0,0,0,0,0,0,0,0,0,0,0,0,0,0,0,0
41,cn4754,submesh_initialization,setup,0.000174743000116,1,0,0,0,0,0,0,33,0,0,0,0,0,0,0,0,0,0,0
41,cn4754,metis_partition,compute,0.186794973,1,0,0,0,0,0,0,1623,0,0,0,0,0,0,0,0,0,0,0
41,cn4754,face_map_setup,compute,0.00743984700011,1,0,0,0,0,0,0,488,0,0,0,0,0,0,0,0,0,0,0
41,cn4754,face_local_extract,compute,0.161534012,1,0,0,0,0,0,0,840,0,0,0,0,0,0,0,0,0,0,0
41,cn4754,face_pre_collective_wait,synchronization,0.0192192750001,1,0,0,0,0,0,0,20,0,0,0,0,0,0,0,0,0,0,0
41,cn4754,face_collective_setup,compute,0.00347342900022,1,0,0,0,0,0,0,16,0,0,0,0,0,3,0,0,0,0,0
41,cn4754,face_allgatherv,communication,0.0598787570002,1,0,0,0,0,0,0,735,0,0,0,0,0,2,0,1,1,75808,4859624
41,cn4754,face_global_merge,compute,0.0794175360002,1,0,0,0,0,0,0,619,0,0,0,0,0,0,0,0,0,0,0
41,cn4754,part_face_create,compute,0.0186327659999,1,0,0,0,0,0,0,34,0,0,0,0,0,0,0,0,0,0,0
41,cn4754,surface_refine,compute,0.0179353160001,1,0,0,0,0,0,0,51,0,0,0,0,0,0,0,0,0,0,0
41,cn4754,refined_surface_save,io,0,0,0,0,0,0,0,0,0,0,0,0,0,0,0,0,0,0,0,0
41,cn4754,local_volume_mesh,compute,14.246726264,1,0,0,0,0,0,0,6068,0,0,0,0,0,23224,1310596,0,0,0,0
41,cn4754,volume_refine,compute,1.033069044,1,0,0,0,0,0,0,6656,0,0,0,0,0,0,1,0,0,0,0
41,cn4754,refined_volume_save,io,0,0,0,0,0,0,0,0,0,0,0,0,0,0,0,0,0,0,0,0
41,cn4754,adjacency_build,compute,0.00362669199967,1,0,0,0,0,0,0,0,0,0,0,0,0,0,0,0,0,0,0
41,cn4754,vertex_numbering_local,compute,0.0154777420003,1,0,0,0,0,0,0,2,0,0,0,0,0,0,0,0,0,0,0
41,cn4754,vertex_count_allgather,communication,1.528949361,1,0,0,0,0,0,0,43,0,0,0,0,0,0,2,1,1,4,256
41,cn4754,element_count_allgather,communication,0.000805291000233,1,0,0,0,0,0,0,2,0,0,0,0,0,0,0,1,1,4,256
41,cn4754,vertex_exchange_prepare,compute,1.87400000868e-05,1,0,0,0,0,0,0,0,0,0,0,0,0,0,0,0,0,0,0
41,cn4754,vertex_exchange,communication,0.00464204599984,1,0,0,0,0,0,0,33,0,0,0,0,0,2,0,6,2,109076,84370
41,cn4754,vertex_exchange_unpack,compute,0.00117587700015,1,0,0,0,0,0,0,0,0,0,0,0,0,0,0,0,0,0,0
41,cn4754,partition_result_io,io,0,0,0,0,0,0,0,0,0,0,0,0,0,0,0,0,0,0,0,0
41,cn4754,volume_exchange_pack,compute,0.281045321999,2,0,0,0,0,0,0,639,0,0,0,0,0,0,0,0,0,0,0
41,cn4754,volume_size_exchange,communication,0.101850317,1,0,0,0,0,0,0,1,0,0,0,0,0,0,0,5,5,20,20
41,cn4754,volume_payload_prepare,compute,0.000214343000152,1,0,0,0,0,0,0,34,0,0,0,0,0,0,0,0,0,0,0
41,cn4754,volume_payload_exchange,communication,0.00238555399983,1,0,0,0,0,0,0,161,0,0,0,0,0,0,0,5,5,2026080,2017200
41,cn4754,volume_exchange_unpack,compute,0.221818235,1,0,0,0,0,0,0,9740,0,0,0,0,0,0,1,0,0,0,0
41,cn4754,final_mesh_save,io,0,0,0,0,0,0,0,0,0,0,0,0,0,0,0,0,0,0,0,0
41,cn4754,testout_io,io,0,0,0,0,0,0,0,0,0,0,0,0,0,0,0,0,0,0,0,0
41,cn4754,final_count_exchange,communication,0,0,0,0,0,0,0,0,0,0,0,0,0,0,0,0,0,0,0,0
41,cn4754,quality_evaluation,postprocess,0,0,0,0,0,0,0,0,0,0,0,0,0,0,0,0,0,0,0,0
42,cn4755,geometry_load,io,2.05690266,1,0,0,0,0,0,0,6105,0,1035096,0,10428416,0,202,3,0,0,0,0
42,cn4755,coarse_local_size,setup,0.55772778,1,0,0,0,0,0,0,8492,0,0,0,0,0,234,31,0,0,0,0
42,cn4755,coarse_edge_mesh,setup,0.0146661550002,1,0,0,0,0,0,0,523,0,0,0,0,0,2,0,0,0,0,0
42,cn4755,coarse_surface_mesh,setup,8.601762688,1,0,0,0,0,0,0,17214,0,0,0,0,0,24,10,0,0,0,0
42,cn4755,coarse_volume_mesh,setup,13.419983399,1,0,0,0,0,0,0,28952,0,0,0,0,0,36437,1563767,0,0,0,0
42,cn4755,coarse_mesh_save,io,0,0,0,0,0,0,0,0,0,0,0,0,0,0,0,0,0,0,0,0
42,cn4755,submesh_initialization,setup,0.000138721999974,1,0,0,0,0,0,0,5,0,0,0,0,0,0,0,0,0,0,0
42,cn4755,metis_partition,compute,0.168395871,1,0,0,0,0,0,0,439,0,0,0,0,0,0,1,0,0,0,0
42,cn4755,face_map_setup,compute,0.00703218399985,1,0,0,0,0,0,0,329,0,0,0,0,0,0,0,0,0,0,0
42,cn4755,face_local_extract,compute,0.161089364,1,0,0,0,0,0,0,198,0,0,0,0,0,0,0,0,0,0,0
42,cn4755,face_pre_collective_wait,synchronization,0.0385442000002,1,0,0,0,0,0,0,20,0,0,0,0,0,0,0,0,0,0,0
42,cn4755,face_collective_setup,compute,0.00155049800014,1,0,0,0,0,0,0,16,0,0,0,0,0,1,0,0,0,0,0
42,cn4755,face_allgatherv,communication,0.0617295370002,1,0,0,0,0,0,0,555,0,0,0,0,0,0,0,1,1,75808,4859624
42,cn4755,face_global_merge,compute,0.075673544,1,0,0,0,0,0,0,106,0,0,0,0,0,0,0,0,0,0,0
42,cn4755,part_face_create,compute,0.0179544350003,1,0,0,0,0,0,0,4,0,0,0,0,0,0,0,0,0,0,0
42,cn4755,surface_refine,compute,0.015997511,1,0,0,0,0,0,0,48,0,0,0,0,0,0,0,0,0,0,0
42,cn4755,refined_surface_save,io,0,0,0,0,0,0,0,0,0,0,0,0,0,0,0,0,0,0,0,0
42,cn4755,local_volume_mesh,compute,13.963029744,1,0,0,0,0,0,0,5654,0,0,0,0,0,21178,1220921,0,0,0,0
42,cn4755,volume_refine,compute,0.933583507,1,0,0,0,0,0,0,6550,0,0,0,0,0,0,1,0,0,0,0
42,cn4755,refined_volume_save,io,0,0,0,0,0,0,0,0,0,0,0,0,0,0,0,0,0,0,0,0
42,cn4755,adjacency_build,compute,0.00380228499989,1,0,0,0,0,0,0,0,0,0,0,0,0,0,0,0,0,0,0
42,cn4755,vertex_numbering_local,compute,0.0163875560002,1,0,0,0,0,0,0,420,0,0,0,0,0,0,0,0,0,0,0
42,cn4755,vertex_count_allgather,communication,1.917391995,1,0,0,0,0,0,0,42,0,0,0,0,0,0,3,1,1,4,256
42,cn4755,element_count_allgather,communication,0.000871970999924,1,0,0,0,0,0,0,39,0,0,0,0,0,0,0,1,1,4,256
42,cn4755,vertex_exchange_prepare,compute,7.34199998078e-05,1,0,0,0,0,0,0,19,0,0,0,0,0,0,0,0,0,0,0
42,cn4755,vertex_exchange,communication,0.00542304400005,1,0,0,0,0,0,0,40,0,0,0,0,0,2,0,4,2,138314,68684
42,cn4755,vertex_exchange_unpack,compute,0.000966951000009,1,0,0,0,0,0,0,0,0,0,0,0,0,0,0,0,0,0,0
42,cn4755,partition_result_io,io,0,0,0,0,0,0,0,0,0,0,0,0,0,0,0,0,0,0,0,0
42,cn4755,volume_exchange_pack,compute,0.29205934,2,0,0,0,0,0,0,953,0,0,0,0,0,0,2,0,0,0,0
42,cn4755,volume_size_exchange,communication,0.0918125130001,1,0,0,0,0,0,0,0,0,0,0,0,0,0,0,4,4,16,16
42,cn4755,volume_payload_prepare,compute,0.000221742000122,1,0,0,0,0,0,0,34,0,0,0,0,0,0,0,0,0,0,0
42,cn4755,volume_payload_exchange,communication,0.00244344900011,1,0,0,0,0,0,0,149,0,0,0,0,0,0,0,4,4,2168640,2175600
42,cn4755,volume_exchange_unpack,compute,0.207147127,1,0,0,0,0,0,0,9163,0,0,0,0,0,0,1,0,0,0,0
42,cn4755,final_mesh_save,io,0,0,0,0,0,0,0,0,0,0,0,0,0,0,0,0,0,0,0,0
42,cn4755,testout_io,io,0,0,0,0,0,0,0,0,0,0,0,0,0,0,0,0,0,0,0,0
42,cn4755,final_count_exchange,communication,0,0,0,0,0,0,0,0,0,0,0,0,0,0,0,0,0,0,0,0
42,cn4755,quality_evaluation,postprocess,0,0,0,0,0,0,0,0,0,0,0,0,0,0,0,0,0,0,0,0
43,cn4756,geometry_load,io,2.032435586,1,0,0,0,0,0,0,6104,0,1035096,0,10428416,0,203,2,0,0,0,0
43,cn4756,coarse_local_size,setup,0.530309595,1,0,0,0,0,0,0,8424,0,0,0,0,0,228,27,0,0,0,0
43,cn4756,coarse_edge_mesh,setup,0.0144869590004,1,0,0,0,0,0,0,505,0,0,0,0,0,2,0,0,0,0,0
43,cn4756,coarse_surface_mesh,setup,8.593023212,1,0,0,0,0,0,0,17122,0,0,0,0,0,24,10,0,0,0,0
43,cn4756,coarse_volume_mesh,setup,13.382722517,1,0,0,0,0,0,0,27768,0,0,0,0,0,36028,1488249,0,0,0,0
43,cn4756,coarse_mesh_save,io,0,0,0,0,0,0,0,0,0,0,0,0,0,0,0,0,0,0,0,0
43,cn4756,submesh_initialization,setup,0.00014198100007,1,0,0,0,0,0,0,5,0,0,0,0,0,0,0,0,0,0,0
43,cn4756,metis_partition,compute,0.171907919,1,0,0,0,0,0,0,348,0,0,0,0,0,0,0,0,0,0,0
43,cn4756,face_map_setup,compute,0.0070267860001,1,0,0,0,0,0,0,261,0,0,0,0,0,0,0,0,0,0,0
43,cn4756,face_local_extract,compute,0.158639655,1,0,0,0,0,0,0,198,0,0,0,0,0,0,0,0,0,0,0
43,cn4756,face_pre_collective_wait,synchronization,0.0374246410001,1,0,0,0,0,0,0,16,0,0,0,0,0,0,0,0,0,0,0
43,cn4756,face_collective_setup,compute,0.000149022000187,1,0,0,0,0,0,0,16,0,0,0,0,0,0,0,0,0,0,0
43,cn4756,face_allgatherv,communication,0.0630658580003,1,0,0,0,0,0,0,604,0,0,0,0,0,2,0,1,1,75808,4859624
43,cn4756,face_global_merge,compute,0.0757468340003,1,0,0,0,0,0,0,131,0,0,0,0,0,0,0,0,0,0,0
43,cn4756,part_face_create,compute,0.0179238609999,1,0,0,0,0,0,0,4,0,0,0,0,0,0,0,0,0,0,0
43,cn4756,surface_refine,compute,0.0155636320001,1,0,0,0,0,0,0,47,0,0,0,0,0,0,0,0,0,0,0
43,cn4756,refined_surface_save,io,0,0,0,0,0,0,0,0,0,0,0,0,0,0,0,0,0,0,0,0
43,cn4756,local_volume_mesh,compute,12.206676424,1,0,0,0,0,0,0,5685,0,0,0,0,0,10891,486449,0,0,0,0
43,cn4756,volume_refine,compute,1.294563013,1,0,0,0,0,0,0,6362,0,0,0,0,0,0,2,0,0,0,0
43,cn4756,refined_volume_save,io,0,0,0,0,0,0,0,0,0,0,0,0,0,0,0,0,0,0,0,0
43,cn4756,adjacency_build,compute,0.00356420399976,1,0,0,0,0,0,0,0,0,0,0,0,0,0,0,0,0,0,0
43,cn4756,vertex_numbering_local,compute,0.0128833590002,1,0,0,0,0,0,0,318,0,0,0,0,0,0,0,0,0,0,0
43,cn4756,vertex_count_allgather,communication,3.318530955,1,0,0,0,0,0,0,35,0,0,0,0,0,0,3,1,1,4,256
43,cn4756,element_count_allgather,communication,0.000786009999956,1,0,0,0,0,0,0,39,0,0,0,0,0,0,0,1,1,4,256
43,cn4756,vertex_exchange_prepare,compute,1.94809999812e-05,1,0,0,0,0,0,0,0,0,0,0,0,0,0,0,0,0,0,0
43,cn4756,vertex_exchange,communication,0.00213286600001,1,0,0,0,0,0,0,21,0,0,0,0,0,0,0,0,3,0,116028
43,cn4756,vertex_exchange_unpack,compute,0.00168826100025,1,0,0,0,0,0,0,0,0,0,0,0,0,0,0,0,0,0,0
43,cn4756,partition_result_io,io,0,0,0,0,0,0,0,0,0,0,0,0,0,0,0,0,0,0,0,0
43,cn4756,volume_exchange_pack,compute,0.302105863,2,0,0,0,0,0,0,580,0,0,0,0,0,0,0,0,0,0,0
43,cn4756,volume_size_exchange,communication,9.67609998952e-05,1,0,0,0,0,0,0,2,0,0,0,0,0,0,0,3,3,12,12
43,cn4756,volume_payload_prepare,compute,8.68819997777e-05,1,0,0,0,0,0,0,0,0,0,0,0,0,0,0,0,0,0,0
43,cn4756,volume_payload_exchange,communication,0.0830731830001,1,0,0,0,0,0,0,24,0,0,0,0,0,0,0,3,3,1222560,1202880
43,cn4756,volume_exchange_unpack,compute,0.263104802,1,0,0,0,0,0,0,14486,0,0,0,0,0,0,1,0,0,0,0
43,cn4756,final_mesh_save,io,0,0,0,0,0,0,0,0,0,0,0,0,0,0,0,0,0,0,0,0
43,cn4756,testout_io,io,0,0,0,0,0,0,0,0,0,0,0,0,0,0,0,0,0,0,0,0
43,cn4756,final_count_exchange,communication,0,0,0,0,0,0,0,0,0,0,0,0,0,0,0,0,0,0,0,0
43,cn4756,quality_evaluation,postprocess,0,0,0,0,0,0,0,0,0,0,0,0,0,0,0,0,0,0,0,0
44,cn4757,geometry_load,io,2.041992888,1,0,0,0,0,0,0,6105,0,1035096,0,10428416,0,203,1,0,0,0,0
44,cn4757,coarse_local_size,setup,0.545395941,1,0,0,0,0,0,0,8682,0,0,0,0,0,209,31,0,0,0,0
44,cn4757,coarse_edge_mesh,setup,0.0149350510001,1,0,0,0,0,0,0,518,0,0,0,0,0,2,0,0,0,0,0
44,cn4757,coarse_surface_mesh,setup,8.6456387,1,0,0,0,0,0,0,17025,0,0,0,0,0,24,9,0,0,0,0
44,cn4757,coarse_volume_mesh,setup,13.43329183,1,0,0,0,0,0,0,27292,0,0,0,0,0,37829,1584431,0,0,0,0
44,cn4757,coarse_mesh_save,io,0,0,0,0,0,0,0,0,0,0,0,0,0,0,0,0,0,0,0,0
44,cn4757,submesh_initialization,setup,0.000134802000048,1,0,0,0,0,0,0,4,0,0,0,0,0,0,0,0,0,0,0
44,cn4757,metis_partition,compute,0.169825804,1,0,0,0,0,0,0,63,0,0,0,0,0,0,1,0,0,0,0
44,cn4757,face_map_setup,compute,0.0070133600002,1,0,0,0,0,0,0,282,0,0,0,0,0,0,0,0,0,0,0
44,cn4757,face_local_extract,compute,0.155858724,1,0,0,0,0,0,0,197,0,0,0,0,0,0,0,0,0,0,0
44,cn4757,face_pre_collective_wait,synchronization,0.042344725,1,0,0,0,0,0,0,12,0,0,0,0,0,0,0,0,0,0,0
44,cn4757,face_collective_setup,compute,0.000141260999953,1,0,0,0,0,0,0,13,0,0,0,0,0,0,0,0,0,0,0
44,cn4757,face_allgatherv,communication,0.0630059609998,1,0,0,0,0,0,0,77,0,0,0,0,0,2,0,1,1,75808,4859624
44,cn4757,face_global_merge,compute,0.0740889879999,1,0,0,0,0,0,0,0,0,0,0,0,0,0,0,0,0,0,0
44,cn4757,part_face_create,compute,0.0177458829999,1,0,0,0,0,0,0,3,0,0,0,0,0,0,0,0,0,0,0
44,cn4757,surface_refine,compute,0.0104013989999,1,0,0,0,0,0,0,1,0,0,0,0,0,0,0,0,0,0,0
44,cn4757,refined_surface_save,io,0,0,0,0,0,0,0,0,0,0,0,0,0,0,0,0,0,0,0,0
44,cn4757,local_volume_mesh,compute,9.972439044,1,0,0,0,0,0,0,1953,0,0,0,0,0,16793,752374,0,0,0,0
44,cn4757,volume_refine,compute,0.648556322,1,0,0,0,0,0,0,5242,0,0,0,0,0,0,1,0,0,0,0
44,cn4757,refined_volume_save,io,0,0,0,0,0,0,0,0,0,0,0,0,0,0,0,0,0,0,0,0
44,cn4757,adjacency_build,compute,0.00380116299993,1,0,0,0,0,0,0,0,0,0,0,0,0,0,0,0,0,0,0
44,cn4757,vertex_numbering_local,compute,0.0148774100003,1,0,0,0,0,0,0,2,0,0,0,0,0,0,0,0,0,0,0
44,cn4757,vertex_count_allgather,communication,6.203829156,1,0,0,0,0,0,0,26,0,0,0,0,0,0,6,1,1,4,256
44,cn4757,element_count_allgather,communication,0.00100975099986,1,0,0,0,0,0,0,1,0,0,0,0,0,0,0,1,1,4,256
44,cn4757,vertex_exchange_prepare,compute,1.81599998541e-05,1,0,0,0,0,0,0,0,0,0,0,0,0,0,0,0,0,0,0
44,cn4757,vertex_exchange,communication,0.00442065000016,1,0,0,0,0,0,0,23,0,0,0,0,0,1,0,3,4,178090,102652
44,cn4757,vertex_exchange_unpack,compute,0.00149629799989,1,0,0,0,0,0,0,0,0,0,0,0,0,0,0,0,0,0,0
44,cn4757,partition_result_io,io,0,0,0,0,0,0,0,0,0,0,0,0,0,0,0,0,0,0,0,0
44,cn4757,volume_exchange_pack,compute,0.243200864,2,0,0,0,0,0,0,981,0,0,0,0,0,0,0,0,0,0,0
44,cn4757,volume_size_exchange,communication,0.021391324,1,0,0,0,0,0,0,1,0,0,0,0,0,0,0,4,4,16,16
44,cn4757,volume_payload_prepare,compute,0.000266142999862,1,0,0,0,0,0,0,68,0,0,0,0,0,0,0,0,0,0,0
44,cn4757,volume_payload_exchange,communication,0.076867579,1,0,0,0,0,0,0,424,0,0,0,0,0,0,0,4,4,3025440,3020640
44,cn4757,volume_exchange_unpack,compute,0.17657352,1,0,0,0,0,0,0,6216,0,0,0,0,0,0,0,0,0,0,0
44,cn4757,final_mesh_save,io,0,0,0,0,0,0,0,0,0,0,0,0,0,0,0,0,0,0,0,0
44,cn4757,testout_io,io,0,0,0,0,0,0,0,0,0,0,0,0,0,0,0,0,0,0,0,0
44,cn4757,final_count_exchange,communication,0,0,0,0,0,0,0,0,0,0,0,0,0,0,0,0,0,0,0,0
44,cn4757,quality_evaluation,postprocess,0,0,0,0,0,0,0,0,0,0,0,0,0,0,0,0,0,0,0,0
45,cn4758,geometry_load,io,2.067172106,1,0,0,0,0,0,0,6107,0,1035096,0,10428416,0,203,19,0,0,0,0
45,cn4758,coarse_local_size,setup,0.553844062,1,0,0,0,0,0,0,8429,0,0,0,0,0,235,36,0,0,0,0
45,cn4758,coarse_edge_mesh,setup,0.0147427230004,1,0,0,0,0,0,0,488,0,0,0,0,0,2,0,0,0,0,0
45,cn4758,coarse_surface_mesh,setup,8.572954386,1,0,0,0,0,0,0,17240,0,0,0,0,0,24,80,0,0,0,0
45,cn4758,coarse_volume_mesh,setup,13.377433706,1,0,0,0,0,0,0,28094,0,0,0,0,0,37440,1584238,0,0,0,0
45,cn4758,coarse_mesh_save,io,0,0,0,0,0,0,0,0,0,0,0,0,0,0,0,0,0,0,0,0
45,cn4758,submesh_initialization,setup,0.000194301999727,1,0,0,0,0,0,0,60,0,0,0,0,0,0,0,0,0,0,0
45,cn4758,metis_partition,compute,0.182516907,1,0,0,0,0,0,0,1964,0,0,0,0,0,0,1,0,0,0,0
45,cn4758,face_map_setup,compute,0.00790141900006,1,0,0,0,0,0,0,599,0,0,0,0,0,0,0,0,0,0,0
45,cn4758,face_local_extract,compute,0.160428834,1,0,0,0,0,0,0,823,0,0,0,0,0,0,3,0,0,0,0
45,cn4758,face_pre_collective_wait,synchronization,0.0240630189996,1,0,0,0,0,0,0,21,0,0,0,0,0,0,0,0,0,0,0
45,cn4758,face_collective_setup,compute,0.000143941999795,1,0,0,0,0,0,0,16,0,0,0,0,0,0,0,0,0,0,0
45,cn4758,face_allgatherv,communication,0.0629148620001,1,0,0,0,0,0,0,639,0,0,0,0,0,2,0,1,1,75808,4859624
45,cn4758,face_global_merge,compute,0.0809932459997,1,0,0,0,0,0,0,669,0,0,0,0,0,0,1,0,0,0,0
45,cn4758,part_face_create,compute,0.0188666539998,1,0,0,0,0,0,0,25,0,0,0,0,0,0,0,0,0,0,0
45,cn4758,surface_refine,compute,0.0111496980003,1,0,0,0,0,0,0,52,0,0,0,0,0,0,0,0,0,0,0
45,cn4758,refined_surface_save,io,0,0,0,0,0,0,0,0,0,0,0,0,0,0,0,0,0,0,0,0
45,cn4758,local_volume_mesh,compute,9.392027183,1,0,0,0,0,0,0,1974,0,0,0,0,0,11825,599617,0,0,0,0
45,cn4758,volume_refine,compute,0.679088218,1,0,0,0,0,0,0,8757,0,0,0,0,0,0,7,0,0,0,0
45,cn4758,refined_volume_save,io,0,0,0,0,0,0,0,0,0,0,0,0,0,0,0,0,0,0,0,0
45,cn4758,adjacency_build,compute,0.00442057500004,1,0,0,0,0,0,0,247,0,0,0,0,0,0,0,0,0,0,0
45,cn4758,vertex_numbering_local,compute,0.0148799450003,1,0,0,0,0,0,0,223,0,0,0,0,0,0,0,0,0,0,0
45,cn4758,vertex_count_allgather,communication,6.743846378,1,0,0,0,0,0,0,40,0,0,0,0,0,0,58,1,1,4,256
45,cn4758,element_count_allgather,communication,0.000346983999862,1,0,0,0,0,0,0,3,0,0,0,0,0,0,0,1,1,4,256
45,cn4758,vertex_exchange_prepare,compute,3.40799997502e-05,1,0,0,0,0,0,0,0,0,0,0,0,0,0,0,0,0,0,0
45,cn4758,vertex_exchange,communication,0.00540828700014,1,0,0,0,0,0,0,33,0,0,0,0,0,0,0,3,4,85602,246818
45,cn4758,vertex_exchange_unpack,compute,0.00349372299979,1,0,0,0,0,0,0,0,0,0,0,0,0,0,0,0,0,0,0
45,cn4758,partition_result_io,io,0,0,0,0,0,0,0,0,0,0,0,0,0,0,0,0,0,0,0,0
45,cn4758,volume_exchange_pack,compute,0.261672311,2,0,0,0,0,0,0,1249,0,0,0,0,0,0,2,0,0,0,0
45,cn4758,volume_size_exchange,communication,0.0175150579998,1,0,0,0,0,0,0,0,0,0,0,0,0,0,0,5,5,20,20
45,cn4758,volume_payload_prepare,compute,0.000315083999794,1,0,0,0,0,0,0,68,0,0,0,0,0,0,0,0,0,0,0
45,cn4758,volume_payload_exchange,communication,0.059329317,1,0,0,0,0,0,0,433,0,0,0,0,0,0,0,5,5,3590280,3578400
45,cn4758,volume_exchange_unpack,compute,0.173691358,1,0,0,0,0,0,0,6462,0,0,0,0,0,0,2,0,0,0,0
45,cn4758,final_mesh_save,io,0,0,0,0,0,0,0,0,0,0,0,0,0,0,0,0,0,0,0,0
45,cn4758,testout_io,io,0,0,0,0,0,0,0,0,0,0,0,0,0,0,0,0,0,0,0,0
45,cn4758,final_count_exchange,communication,0,0,0,0,0,0,0,0,0,0,0,0,0,0,0,0,0,0,0,0
45,cn4758,quality_evaluation,postprocess,0,0,0,0,0,0,0,0,0,0,0,0,0,0,0,0,0,0,0,0
46,cn4759,geometry_load,io,1.934452888,1,0,0,0,0,0,0,6106,0,1035096,0,10428416,0,203,17,0,0,0,0
46,cn4759,coarse_local_size,setup,0.531979733,1,0,0,0,0,0,0,8518,0,0,0,0,0,228,34,0,0,0,0
46,cn4759,coarse_edge_mesh,setup,0.014509996,1,0,0,0,0,0,0,524,0,0,0,0,0,2,0,0,0,0,0
46,cn4759,coarse_surface_mesh,setup,8.42960165,1,0,0,0,0,0,0,15312,0,0,0,0,0,24,73,0,0,0,0
46,cn4759,coarse_volume_mesh,setup,13.496517919,1,0,0,0,0,0,0,27202,0,0,0,0,0,35457,1646843,0,0,0,0
46,cn4759,coarse_mesh_save,io,0,0,0,0,0,0,0,0,0,0,0,0,0,0,0,0,0,0,0,0
46,cn4759,submesh_initialization,setup,0.000185882000096,1,0,0,0,0,0,0,58,0,0,0,0,0,0,0,0,0,0,0
46,cn4759,metis_partition,compute,0.175707407,1,0,0,0,0,0,0,1805,0,0,0,0,0,0,1,0,0,0,0
46,cn4759,face_map_setup,compute,0.00789602399982,1,0,0,0,0,0,0,624,0,0,0,0,0,0,0,0,0,0,0
46,cn4759,face_local_extract,compute,0.161673798,1,0,0,0,0,0,0,916,0,0,0,0,0,0,1,0,0,0,0
46,cn4759,face_pre_collective_wait,synchronization,0.0296570949999,1,0,0,0,0,0,0,21,0,0,0,0,0,0,1,0,0,0,0
46,cn4759,face_collective_setup,compute,0.000161021999702,1,0,0,0,0,0,0,16,0,0,0,0,0,0,0,0,0,0,0
46,cn4759,face_allgatherv,communication,0.062810507,1,0,0,0,0,0,0,639,0,0,0,0,0,2,0,1,1,75808,4859624
46,cn4759,face_global_merge,compute,0.0799169089996,1,0,0,0,0,0,0,687,0,0,0,0,0,0,1,0,0,0,0
46,cn4759,part_face_create,compute,0.0192181439998,1,0,0,0,0,0,0,25,0,0,0,0,0,0,0,0,0,0,0
46,cn4759,surface_refine,compute,0.0161235319997,1,0,0,0,0,0,0,53,0,0,0,0,0,0,0,0,0,0,0
46,cn4759,refined_surface_save,io,0,0,0,0,0,0,0,0,0,0,0,0,0,0,0,0,0,0,0,0
46,cn4759,local_volume_mesh,compute,12.92510964,1,0,0,0,0,0,0,8466,0,0,0,0,0,21179,1173778,0,0,0,0
46,cn4759,volume_refine,compute,0.916886641,1,0,0,0,0,0,0,6817,0,0,0,0,0,0,8,0,0,0,0
46,cn4759,refined_volume_save,io,0,0,0,0,0,0,0,0,0,0,0,0,0,0,0,0,0,0,0,0
46,cn4759,adjacency_build,compute,0.00406566299989,1,0,0,0,0,0,0,9,0,0,0,0,0,0,1,0,0,0,0
46,cn4759,vertex_numbering_local,compute,0.015393144,1,0,0,0,0,0,0,223,0,0,0,0,0,0,0,0,0,0,0
46,cn4759,vertex_count_allgather,communication,2.96864174,1,0,0,0,0,0,0,42,0,0,0,0,0,0,26,1,1,4,256
46,cn4759,element_count_allgather,communication,0.000910028999897,1,0,0,0,0,0,0,38,0,0,0,0,0,0,0,1,1,4,256
46,cn4759,vertex_exchange_prepare,compute,0.000145881999742,1,0,0,0,0,0,0,34,0,0,0,0,0,0,0,0,0,0,0
46,cn4759,vertex_exchange,communication,0.00508179400003,1,0,0,0,0,0,0,40,0,0,0,0,0,1,0,4,4,60236,134046
46,cn4759,vertex_exchange_unpack,compute,0.00194328099997,1,0,0,0,0,0,0,0,0,0,0,0,0,0,0,0,0,0,0
46,cn4759,partition_result_io,io,0,0,0,0,0,0,0,0,0,0,0,0,0,0,0,0,0,0,0,0
46,cn4759,volume_exchange_pack,compute,0.253376292,2,0,0,0,0,0,0,946,0,0,0,0,0,0,4,0,0,0,0
46,cn4759,volume_size_exchange,communication,0.0267741839998,1,0,0,0,0,0,0,0,0,0,0,0,0,0,1,4,4,16,16
46,cn4759,volume_payload_prepare,compute,0.000216862999878,1,0,0,0,0,0,0,34,0,0,0,0,0,0,0,0,0,0,0
46,cn4759,volume_payload_exchange,communication,0.0227566210001,1,0,0,0,0,0,0,146,0,0,0,0,0,0,0,4,4,2072520,2088600
46,cn4759,volume_exchange_unpack,compute,0.213523608,1,0,0,0,0,0,0,8608,0,0,0,0,0,0,2,0,0,0,0
46,cn4759,final_mesh_save,io,0,0,0,0,0,0,0,0,0,0,0,0,0,0,0,0,0,0,0,0
46,cn4759,testout_io,io,0,0,0,0,0,0,0,0,0,0,0,0,0,0,0,0,0,0,0,0
46,cn4759,final_count_exchange,communication,0,0,0,0,0,0,0,0,0,0,0,0,0,0,0,0,0,0,0,0
46,cn4759,quality_evaluation,postprocess,0,0,0,0,0,0,0,0,0,0,0,0,0,0,0,0,0,0,0,0
47,cn4760,geometry_load,io,2.063356903,1,0,0,0,0,0,0,5960,0,1035096,0,10428416,0,203,4,0,0,0,0
47,cn4760,coarse_local_size,setup,0.549848159,1,0,0,0,0,0,0,8595,0,0,0,0,0,212,32,0,0,0,0
47,cn4760,coarse_edge_mesh,setup,0.0148249630001,1,0,0,0,0,0,0,523,0,0,0,0,0,2,0,0,0,0,0
47,cn4760,coarse_surface_mesh,setup,8.735996303,1,0,0,0,0,0,0,15354,0,0,0,0,0,24,15,0,0,0,0
47,cn4760,coarse_volume_mesh,setup,13.405090816,1,0,0,0,0,0,0,28738,0,0,0,0,0,37667,1610406,0,0,0,0
47,cn4760,coarse_mesh_save,io,0,0,0,0,0,0,0,0,0,0,0,0,0,0,0,0,0,0,0,0
47,cn4760,submesh_initialization,setup,0.000141382000038,1,0,0,0,0,0,0,6,0,0,0,0,0,0,0,0,0,0,0
47,cn4760,metis_partition,compute,0.165396353,1,0,0,0,0,0,0,67,0,0,0,0,0,0,0,0,0,0,0
47,cn4760,face_map_setup,compute,0.00700426599997,1,0,0,0,0,0,0,269,0,0,0,0,0,0,0,0,0,0,0
47,cn4760,face_local_extract,compute,0.154841524,1,0,0,0,0,0,0,198,0,0,0,0,0,0,1,0,0,0,0
47,cn4760,face_pre_collective_wait,synchronization,0.0477756069999,1,0,0,0,0,0,0,12,0,0,0,0,0,0,0,0,0,0,0
47,cn4760,face_collective_setup,compute,0.000145321999753,1,0,0,0,0,0,0,15,0,0,0,0,0,0,0,0,0,0,0
47,cn4760,face_allgatherv,communication,0.0627702719999,1,0,0,0,0,0,0,36,0,0,0,0,0,2,0,1,1,75808,4859624
47,cn4760,face_global_merge,compute,0.0732444810001,1,0,0,0,0,0,0,0,0,0,0,0,0,0,0,0,0,0,0
47,cn4760,part_face_create,compute,0.017683737,1,0,0,0,0,0,0,3,0,0,0,0,0,0,0,0,0,0,0
47,cn4760,surface_refine,compute,0.016444462,1,0,0,0,0,0,0,1,0,0,0,0,0,0,0,0,0,0,0
47,cn4760,refined_surface_save,io,0,0,0,0,0,0,0,0,0,0,0,0,0,0,0,0,0,0,0,0
47,cn4760,local_volume_mesh,compute,12.365618159,1,0,0,0,0,0,0,5038,0,0,0,0,0,18190,1069501,0,0,0,0
47,cn4760,volume_refine,compute,0.932491922,1,0,0,0,0,0,0,7208,0,0,0,0,0,0,2,0,0,0,0
47,cn4760,refined_volume_save,io,0,0,0,0,0,0,0,0,0,0,0,0,0,0,0,0,0,0,0,0
47,cn4760,adjacency_build,compute,0.00368696499982,1,0,0,0,0,0,0,0,0,0,0,0,0,0,0,0,0,0,0
47,cn4760,vertex_numbering_local,compute,0.0162912599999,1,0,0,0,0,0,0,3,0,0,0,0,0,0,0,0,0,0,0
47,cn4760,vertex_count_allgather,communication,3.520467934,1,0,0,0,0,0,0,26,0,0,0,0,0,0,5,1,1,4,256
47,cn4760,element_count_allgather,communication,0.000672808999752,1,0,0,0,0,0,0,1,0,0,0,0,0,0,0,1,1,4,256
47,cn4760,vertex_exchange_prepare,compute,2.94799997391e-05,1,0,0,0,0,0,0,0,0,0,0,0,0,0,0,0,0,0,0
47,cn4760,vertex_exchange,communication,0.00470569800018,1,0,0,0,0,0,0,17,0,0,0,0,0,1,0,0,5,0,232188
47,cn4760,vertex_exchange_unpack,compute,0.00321598000028,1,0,0,0,0,0,0,0,0,0,0,0,0,0,0,0,0,0,0
47,cn4760,partition_result_io,io,0,0,0,0,0,0,0,0,0,0,0,0,0,0,0,0,0,0,0,0
47,cn4760,volume_exchange_pack,compute,0.277948496,2,0,0,0,0,0,0,600,0,0,0,0,0,0,0,0,0,0,0
47,cn4760,volume_size_exchange,communication,0.00136589700014,1,0,0,0,0,0,0,2,0,0,0,0,0,0,0,5,5,20,20
47,cn4760,volume_payload_prepare,compute,0.000312084000143,1,0,0,0,0,0,0,102,0,0,0,0,0,0,0,0,0,0,0
47,cn4760,volume_payload_exchange,communication,0.103073647,1,0,0,0,0,0,0,439,0,0,0,0,0,0,0,5,5,2457840,2446680
47,cn4760,volume_exchange_unpack,compute,0.205694548,1,0,0,0,0,0,0,9155,0,0,0,0,0,0,0,0,0,0,0
47,cn4760,final_mesh_save,io,0,0,0,0,0,0,0,0,0,0,0,0,0,0,0,0,0,0,0,0
47,cn4760,testout_io,io,0,0,0,0,0,0,0,0,0,0,0,0,0,0,0,0,0,0,0,0
47,cn4760,final_count_exchange,communication,0,0,0,0,0,0,0,0,0,0,0,0,0,0,0,0,0,0,0,0
47,cn4760,quality_evaluation,postprocess,0,0,0,0,0,0,0,0,0,0,0,0,0,0,0,0,0,0,0,0
48,cn4761,geometry_load,io,2.003084753,1,0,0,0,0,0,0,5960,0,1035096,0,10428416,0,203,19,0,0,0,0
48,cn4761,coarse_local_size,setup,0.544567877,1,0,0,0,0,0,0,8661,0,0,0,0,0,234,35,0,0,0,0
48,cn4761,coarse_edge_mesh,setup,0.0146730759998,1,0,0,0,0,0,0,522,0,0,0,0,0,2,0,0,0,0,0
48,cn4761,coarse_surface_mesh,setup,8.587921259,1,0,0,0,0,0,0,17166,0,0,0,0,0,24,82,0,0,0,0
48,cn4761,coarse_volume_mesh,setup,13.426543628,1,0,0,0,0,0,0,27281,0,0,0,0,0,36697,1652583,0,0,0,0
48,cn4761,coarse_mesh_save,io,0,0,0,0,0,0,0,0,0,0,0,0,0,0,0,0,0,0,0,0
48,cn4761,submesh_initialization,setup,0.000191842000277,1,0,0,0,0,0,0,54,0,0,0,0,0,0,0,0,0,0,0
48,cn4761,metis_partition,compute,0.179302751,1,0,0,0,0,0,0,1687,0,0,0,0,0,0,1,0,0,0,0
48,cn4761,face_map_setup,compute,0.00765445199977,1,0,0,0,0,0,0,499,0,0,0,0,0,0,0,0,0,0,0
48,cn4761,face_local_extract,compute,0.161361076,1,0,0,0,0,0,0,828,0,0,0,0,0,0,1,0,0,0,0
48,cn4761,face_pre_collective_wait,synchronization,0.0265764589999,1,0,0,0,0,0,0,19,0,0,0,0,0,0,1,0,0,0,0
48,cn4761,face_collective_setup,compute,0.00269721199993,1,0,0,0,0,0,0,16,0,0,0,0,0,3,0,0,0,0,0
48,cn4761,face_allgatherv,communication,0.0601267820002,1,0,0,0,0,0,0,1195,0,0,0,0,0,0,1,1,1,75808,4859624
48,cn4761,face_global_merge,compute,0.079717697,1,0,0,0,0,0,0,605,0,0,0,0,0,0,1,0,0,0,0
48,cn4761,part_face_create,compute,0.0186841249997,1,0,0,0,0,0,0,25,0,0,0,0,0,0,0,0,0,0,0
48,cn4761,surface_refine,compute,0.0123351080001,1,0,0,0,0,0,0,52,0,0,0,0,0,0,0,0,0,0,0
48,cn4761,refined_surface_save,io,0,0,0,0,0,0,0,0,0,0,0,0,0,0,0,0,0,0,0,0
48,cn4761,local_volume_mesh,compute,11.807517779,1,0,0,0,0,0,0,5005,0,0,0,0,0,22843,1186878,0,0,0,0
48,cn4761,volume_refine,compute,0.758443782,1,0,0,0,0,0,0,7002,0,0,0,0,0,0,7,0,0,0,0
48,cn4761,refined_volume_save,io,0,0,0,0,0,0,0,0,0,0,0,0,0,0,0,0,0,0,0,0
48,cn4761,adjacency_build,compute,0.00416691000009,1,0,0,0,0,0,0,8,0,0,0,0,0,0,0,0,0,0,0
48,cn4761,vertex_numbering_local,compute,0.015615888,1,0,0,0,0,0,0,140,0,0,0,0,0,0,0,0,0,0,0
48,cn4761,vertex_count_allgather,communication,4.247497933,1,0,0,0,0,0,0,81,0,0,0,0,0,0,36,1,1,4,256
48,cn4761,element_count_allgather,communication,0.000970212000084,1,0,0,0,0,0,0,0,0,0,0,0,0,0,0,1,1,4,256
48,cn4761,vertex_exchange_prepare,compute,3.58409997716e-05,1,0,0,0,0,0,0,1,0,0,0,0,0,0,0,0,0,0,0
48,cn4761,vertex_exchange,communication,0.00602351199996,1,0,0,0,0,0,0,313,0,0,0,0,0,2,0,7,4,286990,4576
48,cn4761,vertex_exchange_unpack,compute,0.000124182000036,1,0,0,0,0,0,0,0,0,0,0,0,0,0,0,0,0,0,0
48,cn4761,partition_result_io,io,0,0,0,0,0,0,0,0,0,0,0,0,0,0,0,0,0,0,0,0
48,cn4761,volume_exchange_pack,compute,0.257546191,2,0,0,0,0,0,0,1146,0,0,0,0,0,0,3,0,0,0,0
48,cn4761,volume_size_exchange,communication,0.0633063190003,1,0,0,0,0,0,0,0,0,0,0,0,0,0,1,7,7,28,28
48,cn4761,volume_payload_prepare,compute,0.000339825000083,1,0,0,0,0,0,0,102,0,0,0,0,0,0,0,0,0,0,0
48,cn4761,volume_payload_exchange,communication,0.0653670440001,1,0,0,0,0,0,0,499,0,0,0,0,0,0,0,7,7,3095040,3101040
48,cn4761,volume_exchange_unpack,compute,0.221828063,1,0,0,0,0,0,0,6329,0,0,0,0,0,0,2,0,0,0,0
48,cn4761,final_mesh_save,io,0,0,0,0,0,0,0,0,0,0,0,0,0,0,0,0,0,0,0,0
48,cn4761,testout_io,io,0,0,0,0,0,0,0,0,0,0,0,0,0,0,0,0,0,0,0,0
48,cn4761,final_count_exchange,communication,0,0,0,0,0,0,0,0,0,0,0,0,0,0,0,0,0,0,0,0
48,cn4761,quality_evaluation,postprocess,0,0,0,0,0,0,0,0,0,0,0,0,0,0,0,0,0,0,0,0
49,cn4762,geometry_load,io,1.984720347,1,0,0,0,0,0,0,6105,0,1035096,0,10428416,0,203,2,0,0,0,0
49,cn4762,coarse_local_size,setup,0.517624115,1,0,0,0,0,0,0,8557,0,0,0,0,0,216,31,0,0,0,0
49,cn4762,coarse_edge_mesh,setup,0.014987391,1,0,0,0,0,0,0,523,0,0,0,0,0,2,0,0,0,0,0
49,cn4762,coarse_surface_mesh,setup,8.598455038,1,0,0,0,0,0,0,15679,0,0,0,0,0,24,14,0,0,0,0
49,cn4762,coarse_volume_mesh,setup,13.390852352,1,0,0,0,0,0,0,27073,0,0,0,0,0,34932,1597282,0,0,0,0
49,cn4762,coarse_mesh_save,io,0,0,0,0,0,0,0,0,0,0,0,0,0,0,0,0,0,0,0,0
49,cn4762,submesh_initialization,setup,0.000147262000155,1,0,0,0,0,0,0,20,0,0,0,0,0,0,0,0,0,0,0
49,cn4762,metis_partition,compute,0.168271651,1,0,0,0,0,0,0,582,0,0,0,0,0,0,0,0,0,0,0
49,cn4762,face_map_setup,compute,0.00703763000001,1,0,0,0,0,0,0,301,0,0,0,0,0,0,0,0,0,0,0
49,cn4762,face_local_extract,compute,0.157434153,1,0,0,0,0,0,0,860,0,0,0,0,0,0,0,0,0,0,0
49,cn4762,face_pre_collective_wait,synchronization,0.0422465000001,1,0,0,0,0,0,0,20,0,0,0,0,0,0,0,0,0,0,0
49,cn4762,face_collective_setup,compute,0.0029561780002,1,0,0,0,0,0,0,16,0,0,0,0,0,3,0,0,0,0,0
49,cn4762,face_allgatherv,communication,0.0598356649998,1,0,0,0,0,0,0,656,0,0,0,0,0,2,0,1,1,75808,4859624
49,cn4762,face_global_merge,compute,0.0755264650002,1,0,0,0,0,0,0,197,0,0,0,0,0,0,0,0,0,0,0
49,cn4762,part_face_create,compute,0.0181313920002,1,0,0,0,0,0,0,30,0,0,0,0,0,0,1,0,0,0,0
49,cn4762,surface_refine,compute,0.0119519929999,1,0,0,0,0,0,0,46,0,0,0,0,0,0,0,0,0,0,0
49,cn4762,refined_surface_save,io,0,0,0,0,0,0,0,0,0,0,0,0,0,0,0,0,0,0,0,0
49,cn4762,local_volume_mesh,compute,10.942483518,1,0,0,0,0,0,0,2185,0,0,0,0,0,17795,887870,0,0,0,0
49,cn4762,volume_refine,compute,0.742359668,1,0,0,0,0,0,0,4061,0,0,0,0,0,0,1,0,0,0,0
49,cn4762,refined_volume_save,io,0,0,0,0,0,0,0,0,0,0,0,0,0,0,0,0,0,0,0,0
49,cn4762,adjacency_build,compute,0.00386768899989,1,0,0,0,0,0,0,0,0,0,0,0,0,0,0,0,0,0,0
49,cn4762,vertex_numbering_local,compute,0.0161029259998,1,0,0,0,0,0,0,3,0,0,0,0,0,0,0,0,0,0,0
49,cn4762,vertex_count_allgather,communication,5.133691735,1,0,0,0,0,0,0,46,0,0,0,0,0,0,5,1,1,4,256
49,cn4762,element_count_allgather,communication,0.000892090999969,1,0,0,0,0,0,0,0,0,0,0,0,0,0,0,1,1,4,256
49,cn4762,vertex_exchange_prepare,compute,1.98799998543e-05,1,0,0,0,0,0,0,0,0,0,0,0,0,0,0,0,0,0,0
49,cn4762,vertex_exchange,communication,0.00646650199997,1,0,0,0,0,0,0,242,0,0,0,0,0,2,0,9,6,241362,79376
49,cn4762,vertex_exchange_unpack,compute,0.00113029399972,1,0,0,0,0,0,0,0,0,0,0,0,0,0,0,0,0,0,0
49,cn4762,partition_result_io,io,0,0,0,0,0,0,0,0,0,0,0,0,0,0,0,0,0,0,0,0
49,cn4762,volume_exchange_pack,compute,0.274510048,2,0,0,0,0,0,0,1074,0,0,0,0,0,0,1,0,0,0,0
49,cn4762,volume_size_exchange,communication,0.0448844729999,1,0,0,0,0,0,0,0,0,0,0,0,0,0,0,9,9,36,36
49,cn4762,volume_payload_prepare,compute,0.000425704999998,1,0,0,0,0,0,0,136,0,0,0,0,0,0,0,0,0,0,0
49,cn4762,volume_payload_exchange,communication,0.064766728,1,0,0,0,0,0,0,552,0,0,0,0,0,0,0,9,9,3396840,3410280
49,cn4762,volume_exchange_unpack,compute,0.208346223,1,0,0,0,0,0,0,7874,0,0,0,0,0,0,0,0,0,0,0
49,cn4762,final_mesh_save,io,0,0,0,0,0,0,0,0,0,0,0,0,0,0,0,0,0,0,0,0
49,cn4762,testout_io,io,0,0,0,0,0,0,0,0,0,0,0,0,0,0,0,0,0,0,0,0
49,cn4762,final_count_exchange,communication,0,0,0,0,0,0,0,0,0,0,0,0,0,0,0,0,0,0,0,0
49,cn4762,quality_evaluation,postprocess,0,0,0,0,0,0,0,0,0,0,0,0,0,0,0,0,0,0,0,0
50,cn4763,geometry_load,io,3.095851287,1,0,0,0,0,0,0,6104,0,1035096,0,10428416,0,203,4,0,0,0,0
50,cn4763,coarse_local_size,setup,0.782503844,1,0,0,0,0,0,0,8563,0,0,0,0,0,232,54,0,0,0,0
50,cn4763,coarse_edge_mesh,setup,0.0147963239997,1,0,0,0,0,0,0,523,0,0,0,0,0,2,0,0,0,0,0
50,cn4763,coarse_surface_mesh,setup,8.719897575,1,0,0,0,0,0,0,17256,0,0,0,0,0,24,11,0,0,0,0
50,cn4763,coarse_volume_mesh,setup,13.529320537,1,0,0,0,0,0,0,27582,0,0,0,0,0,39500,1624390,0,0,0,0
50,cn4763,coarse_mesh_save,io,0,0,0,0,0,0,0,0,0,0,0,0,0,0,0,0,0,0,0,0
50,cn4763,submesh_initialization,setup,0.000182501999916,1,0,0,0,0,0,0,55,0,0,0,0,0,0,0,0,0,0,0
50,cn4763,metis_partition,compute,0.180491147,1,0,0,0,0,0,0,2117,0,0,0,0,0,0,0,0,0,0,0
50,cn4763,face_map_setup,compute,0.00758360400005,1,0,0,0,0,0,0,618,0,0,0,0,0,0,0,0,0,0,0
50,cn4763,face_local_extract,compute,0.165015115,1,0,0,0,0,0,0,840,0,0,0,0,0,0,1,0,0,0,0
50,cn4763,face_pre_collective_wait,synchronization,0.021828461,1,0,0,0,0,0,0,21,0,0,0,0,0,0,0,0,0,0,0
50,cn4763,face_collective_setup,compute,0.000145762000102,1,0,0,0,0,0,0,16,0,0,0,0,0,0,0,0,0,0,0
50,cn4763,face_allgatherv,communication,0.0625583419996,1,0,0,0,0,0,0,865,0,0,0,0,0,2,0,1,1,75808,4859624
50,cn4763,face_global_merge,compute,0.0784105410003,1,0,0,0,0,0,0,553,0,0,0,0,0,0,0,0,0,0,0
50,cn4763,part_face_create,compute,0.019182944,1,0,0,0,0,0,0,29,0,0,0,0,0,0,0,0,0,0,0
50,cn4763,surface_refine,compute,0.0177114839998,1,0,0,0,0,0,0,6,0,0,0,0,0,0,0,0,0,0,0
50,cn4763,refined_surface_save,io,0,0,0,0,0,0,0,0,0,0,0,0,0,0,0,0,0,0,0,0
50,cn4763,local_volume_mesh,compute,14.190841275,1,0,0,0,0,0,0,7081,0,0,0,0,0,19257,1288900,0,0,0,0
50,cn4763,volume_refine,compute,1.055972485,1,0,0,0,0,0,0,8053,0,0,0,0,0,0,2,0,0,0,0
50,cn4763,refined_volume_save,io,0,0,0,0,0,0,0,0,0,0,0,0,0,0,0,0,0,0,0,0
50,cn4763,adjacency_build,compute,0.00398897600007,1,0,0,0,0,0,0,10,0,0,0,0,0,0,0,0,0,0,0
50,cn4763,vertex_numbering_local,compute,0.016922798,1,0,0,0,0,0,0,5,0,0,0,0,0,0,0,0,0,0,0
50,cn4763,vertex_count_allgather,communication,1.56276431,1,0,0,0,0,0,0,47,0,0,0,0,0,0,2,1,1,4,256
50,cn4763,element_count_allgather,communication,0.000878071999978,1,0,0,0,0,0,0,0,0,0,0,0,0,0,0,1,1,4,256
50,cn4763,vertex_exchange_prepare,compute,2.02200003514e-05,1,0,0,0,0,0,0,0,0,0,0,0,0,0,0,0,0,0,0
50,cn4763,vertex_exchange,communication,0.00344852800026,1,0,0,0,0,0,0,34,0,0,0,0,0,1,0,5,3,98956,99638
50,cn4763,vertex_exchange_unpack,compute,0.00151486200002,1,0,0,0,0,0,0,0,0,0,0,0,0,0,0,0,0,0,0
50,cn4763,partition_result_io,io,0,0,0,0,0,0,0,0,0,0,0,0,0,0,0,0,0,0,0,0
50,cn4763,volume_exchange_pack,compute,0.301614249001,2,0,0,0,0,0,0,843,0,0,0,0,0,0,0,0,0,0,0
50,cn4763,volume_size_exchange,communication,0.018146375,1,0,0,0,0,0,0,0,0,0,0,0,0,0,0,4,4,16,16
50,cn4763,volume_payload_prepare,compute,0.000190562999705,1,0,0,0,0,0,0,34,0,0,0,0,0,0,0,0,0,0,0
50,cn4763,volume_payload_exchange,communication,0.0105971080002,1,0,0,0,0,0,0,246,0,0,0,0,0,0,0,4,4,2115600,2109240
50,cn4763,volume_exchange_unpack,compute,0.248617765,1,0,0,0,0,0,0,10030,0,0,0,0,0,0,0,0,0,0,0
50,cn4763,final_mesh_save,io,0,0,0,0,0,0,0,0,0,0,0,0,0,0,0,0,0,0,0,0
50,cn4763,testout_io,io,0,0,0,0,0,0,0,0,0,0,0,0,0,0,0,0,0,0,0,0
50,cn4763,final_count_exchange,communication,0,0,0,0,0,0,0,0,0,0,0,0,0,0,0,0,0,0,0,0
50,cn4763,quality_evaluation,postprocess,0,0,0,0,0,0,0,0,0,0,0,0,0,0,0,0,0,0,0,0
51,cn4764,geometry_load,io,2.186991228,1,0,0,0,0,0,0,6106,0,1035096,0,10428416,0,203,6,0,0,0,0
51,cn4764,coarse_local_size,setup,0.50939033,1,0,0,0,0,0,0,8536,0,0,0,0,0,246,33,0,0,0,0
51,cn4764,coarse_edge_mesh,setup,0.0146637099997,1,0,0,0,0,0,0,524,0,0,0,0,0,2,0,0,0,0,0
51,cn4764,coarse_surface_mesh,setup,8.422465752,1,0,0,0,0,0,0,17350,0,0,0,0,0,24,12,0,0,0,0
51,cn4764,coarse_volume_mesh,setup,13.305125952,1,0,0,0,0,0,0,28644,0,0,0,0,0,35597,1562588,0,0,0,0
51,cn4764,coarse_mesh_save,io,0,0,0,0,0,0,0,0,0,0,0,0,0,0,0,0,0,0,0,0
51,cn4764,submesh_initialization,setup,0.000138021000112,1,0,0,0,0,0,0,5,0,0,0,0,0,0,0,0,0,0,0
51,cn4764,metis_partition,compute,0.16522291,1,0,0,0,0,0,0,333,0,0,0,0,0,0,0,0,0,0,0
51,cn4764,face_map_setup,compute,0.00721444300007,1,0,0,0,0,0,0,385,0,0,0,0,0,0,0,0,0,0,0
51,cn4764,face_local_extract,compute,0.161007302,1,0,0,0,0,0,0,1366,0,0,0,0,0,0,1,0,0,0,0
51,cn4764,face_pre_collective_wait,synchronization,0.04151344,1,0,0,0,0,0,0,33,0,0,0,0,0,0,0,0,0,0,0
51,cn4764,face_collective_setup,compute,0.003031835,1,0,0,0,0,0,0,31,0,0,0,0,0,3,0,0,0,0,0
51,cn4764,face_allgatherv,communication,0.059547069,1,0,0,0,0,0,0,682,0,0,0,0,0,4,0,1,1,75808,4859624
51,cn4764,face_global_merge,compute,0.0751293080002,1,0,0,0,0,0,0,139,0,0,0,0,0,0,0,0,0,0,0
51,cn4764,part_face_create,compute,0.017982588,1,0,0,0,0,0,0,6,0,0,0,0,0,0,0,0,0,0,0
51,cn4764,surface_refine,compute,0.0159126640001,1,0,0,0,0,0,0,48,0,0,0,0,0,0,0,0,0,0,0
51,cn4764,refined_surface_save,io,0,0,0,0,0,0,0,0,0,0,0,0,0,0,0,0,0,0,0,0
51,cn4764,local_volume_mesh,compute,10.902113345,1,0,0,0,0,0,0,4446,0,0,0,0,0,18387,1016238,0,0,0,0
51,cn4764,volume_refine,compute,0.886902435,1,0,0,0,0,0,0,4680,0,0,0,0,0,0,1,0,0,0,0
51,cn4764,refined_volume_save,io,0,0,0,0,0,0,0,0,0,0,0,0,0,0,0,0,0,0,0,0
51,cn4764,adjacency_build,compute,0.00375786299992,1,0,0,0,0,0,0,0,0,0,0,0,0,0,0,0,0,0,0
51,cn4764,vertex_numbering_local,compute,0.0168990550001,1,0,0,0,0,0,0,414,0,0,0,0,0,0,0,0,0,0,0
51,cn4764,vertex_count_allgather,communication,5.025550672,1,0,0,0,0,0,0,104,0,0,0,0,0,0,5,1,1,4,256
51,cn4764,element_count_allgather,communication,0.000710588000402,1,0,0,0,0,0,0,5,0,0,0,0,0,0,0,1,1,4,256
51,cn4764,vertex_exchange_prepare,compute,0.000231362999784,1,0,0,0,0,0,0,70,0,0,0,0,0,0,0,0,0,0,0
51,cn4764,vertex_exchange,communication,0.00507343799973,1,0,0,0,0,0,0,48,0,0,0,0,0,2,0,0,6,0,249942
51,cn4764,vertex_exchange_unpack,compute,0.00356784099995,1,0,0,0,0,0,0,110,0,0,0,0,0,0,0,0,0,0,0
51,cn4764,partition_result_io,io,0,0,0,0,0,0,0,0,0,0,0,0,0,0,0,0,0,0,0,0
51,cn4764,volume_exchange_pack,compute,0.317688733,2,0,0,0,0,0,0,1840,0,0,0,0,0,0,0,0,0,0,0
51,cn4764,volume_size_exchange,communication,0.00836013600019,1,0,0,0,0,0,0,3,0,0,0,0,0,0,0,6,6,24,24
51,cn4764,volume_payload_prepare,compute,0.000274183999863,1,0,0,0,0,0,0,68,0,0,0,0,0,0,0,0,0,0,0
51,cn4764,volume_payload_exchange,communication,0.00261972999988,1,0,0,0,0,0,0,374,0,0,0,0,0,0,0,6,6,2668080,2669520
51,cn4764,volume_exchange_unpack,compute,0.215615634,1,0,0,0,0,0,0,8885,0,0,0,0,0,0,0,0,0,0,0
51,cn4764,final_mesh_save,io,0,0,0,0,0,0,0,0,0,0,0,0,0,0,0,0,0,0,0,0
51,cn4764,testout_io,io,0,0,0,0,0,0,0,0,0,0,0,0,0,0,0,0,0,0,0,0
51,cn4764,final_count_exchange,communication,0,0,0,0,0,0,0,0,0,0,0,0,0,0,0,0,0,0,0,0
51,cn4764,quality_evaluation,postprocess,0,0,0,0,0,0,0,0,0,0,0,0,0,0,0,0,0,0,0,0
52,cn4765,geometry_load,io,2.057545229,1,0,0,0,0,0,0,6105,0,1035096,0,10428416,0,203,3,0,0,0,0
52,cn4765,coarse_local_size,setup,0.528354384,1,0,0,0,0,0,0,8778,0,0,0,0,0,194,33,0,0,0,0
52,cn4765,coarse_edge_mesh,setup,0.0146388939997,1,0,0,0,0,0,0,526,0,0,0,0,0,2,0,0,0,0,0
52,cn4765,coarse_surface_mesh,setup,8.680740491,1,0,0,0,0,0,0,15275,0,0,0,0,0,24,18,0,0,0,0
52,cn4765,coarse_volume_mesh,setup,13.51427428,1,0,0,0,0,0,0,27610,0,0,0,0,0,37274,1673061,0,0,0,0
52,cn4765,coarse_mesh_save,io,0,0,0,0,0,0,0,0,0,0,0,0,0,0,0,0,0,0,0,0
52,cn4765,submesh_initialization,setup,0.000193663000118,1,0,0,0,0,0,0,64,0,0,0,0,0,0,0,0,0,0,0
52,cn4765,metis_partition,compute,0.178947995,1,0,0,0,0,0,0,1797,0,0,0,0,0,0,0,0,0,0,0
52,cn4765,face_map_setup,compute,0.00786305299971,1,0,0,0,0,0,0,608,0,0,0,0,0,0,0,0,0,0,0
52,cn4765,face_local_extract,compute,0.162514479,1,0,0,0,0,0,0,856,0,0,0,0,0,0,0,0,0,0,0
52,cn4765,face_pre_collective_wait,synchronization,0.0255584249999,1,0,0,0,0,0,0,19,0,0,0,0,0,0,0,0,0,0,0
52,cn4765,face_collective_setup,compute,0.000149601999965,1,0,0,0,0,0,0,16,0,0,0,0,0,0,0,0,0,0,0
52,cn4765,face_allgatherv,communication,0.0623503639999,1,0,0,0,0,0,0,1149,0,0,0,0,0,2,1,1,1,75808,4859624
52,cn4765,face_global_merge,compute,0.0796335699997,1,0,0,0,0,0,0,679,0,0,0,0,0,0,0,0,0,0,0
52,cn4765,part_face_create,compute,0.0189903669998,1,0,0,0,0,0,0,29,0,0,0,0,0,0,0,0,0,0,0
52,cn4765,surface_refine,compute,0.0168292409999,1,0,0,0,0,0,0,56,0,0,0,0,0,0,0,0,0,0,0
52,cn4765,refined_surface_save,io,0,0,0,0,0,0,0,0,0,0,0,0,0,0,0,0,0,0,0,0
52,cn4765,local_volume_mesh,compute,12.523887784,1,0,0,0,0,0,0,9812,0,0,0,0,0,17642,1106216,0,0,0,0
52,cn4765,volume_refine,compute,0.906633777,1,0,0,0,0,0,0,4345,0,0,0,0,0,0,2,0,0,0,0
52,cn4765,refined_volume_save,io,0,0,0,0,0,0,0,0,0,0,0,0,0,0,0,0,0,0,0,0
52,cn4765,adjacency_build,compute,0.00404518799996,1,0,0,0,0,0,0,7,0,0,0,0,0,0,0,0,0,0,0
52,cn4765,vertex_numbering_local,compute,0.0162982739998,1,0,0,0,0,0,0,146,0,0,0,0,0,0,0,0,0,0,0
52,cn4765,vertex_count_allgather,communication,3.379584142,1,0,0,0,0,0,0,80,0,0,0,0,0,0,6,1,1,4,256
52,cn4765,element_count_allgather,communication,4.9640999805e-05,1,0,0,0,0,0,0,0,0,0,0,0,0,0,0,1,1,4,256
52,cn4765,vertex_exchange_prepare,compute,8.29410000733e-05,1,0,0,0,0,0,0,20,0,0,0,0,0,0,0,0,0,0,0
52,cn4765,vertex_exchange,communication,0.0058923900001,1,0,0,0,0,0,0,36,0,0,0,0,0,1,0,6,2,122056,72358
52,cn4765,vertex_exchange_unpack,compute,0.00105461199973,1,0,0,0,0,0,0,0,0,0,0,0,0,0,0,0,0,0,0
52,cn4765,partition_result_io,io,0,0,0,0,0,0,0,0,0,0,0,0,0,0,0,0,0,0,0,0
52,cn4765,volume_exchange_pack,compute,0.275689249,2,0,0,0,0,0,0,810,0,0,0,0,0,0,0,0,0,0,0
52,cn4765,volume_size_exchange,communication,0.0298433160001,1,0,0,0,0,0,0,1,0,0,0,0,0,0,1,5,5,20,20
52,cn4765,volume_payload_prepare,compute,0.000339384000199,1,0,0,0,0,0,0,102,0,0,0,0,0,0,0,0,0,0,0
52,cn4765,volume_payload_exchange,communication,0.0167773199996,1,0,0,0,0,0,0,288,0,0,0,0,0,0,0,5,5,2043840,2039040
52,cn4765,volume_exchange_unpack,compute,0.195364491,1,0,0,0,0,0,0,8598,0,0,0,0,0,0,0,0,0,0,0
52,cn4765,final_mesh_save,io,0,0,0,0,0,0,0,0,0,0,0,0,0,0,0,0,0,0,0,0
52,cn4765,testout_io,io,0,0,0,0,0,0,0,0,0,0,0,0,0,0,0,0,0,0,0,0
52,cn4765,final_count_exchange,communication,0,0,0,0,0,0,0,0,0,0,0,0,0,0,0,0,0,0,0,0
52,cn4765,quality_evaluation,postprocess,0,0,0,0,0,0,0,0,0,0,0,0,0,0,0,0,0,0,0,0
53,cn4766,geometry_load,io,2.033712374,1,0,0,0,0,0,0,6105,0,1035096,0,10428416,0,203,2,0,0,0,0
53,cn4766,coarse_local_size,setup,2.908433657,1,0,0,0,0,0,0,8574,0,0,0,0,0,219,29,0,0,0,0
53,cn4766,coarse_edge_mesh,setup,0.0151996679997,1,0,0,0,0,0,0,517,0,0,0,0,0,2,0,0,0,0,0
53,cn4766,coarse_surface_mesh,setup,8.493996232,1,0,0,0,0,0,0,17154,0,0,0,0,0,24,9,0,0,0,0
53,cn4766,coarse_volume_mesh,setup,13.645271358,1,0,0,0,0,0,0,26004,0,0,0,0,0,38725,1756689,0,0,0,0
53,cn4766,coarse_mesh_save,io,0,0,0,0,0,0,0,0,0,0,0,0,0,0,0,0,0,0,0,0
53,cn4766,submesh_initialization,setup,0.000142761999996,1,0,0,0,0,0,0,5,0,0,0,0,0,0,0,0,0,0,0
53,cn4766,metis_partition,compute,0.166260761,1,0,0,0,0,0,0,261,0,0,0,0,0,0,0,0,0,0,0
53,cn4766,face_map_setup,compute,0.00698181799999,1,0,0,0,0,0,0,261,0,0,0,0,0,0,0,0,0,0,0
53,cn4766,face_local_extract,compute,0.160335455,1,0,0,0,0,0,0,753,0,0,0,0,0,0,0,0,0,0,0
53,cn4766,face_pre_collective_wait,synchronization,0.041465239,1,0,0,0,0,0,0,13,0,0,0,0,0,0,0,0,0,0,0
53,cn4766,face_collective_setup,compute,0.000152461000198,1,0,0,0,0,0,0,16,0,0,0,0,0,0,0,0,0,0,0
53,cn4766,face_allgatherv,communication,0.0623125289999,1,0,0,0,0,0,0,1143,0,0,0,0,0,0,0,1,1,75808,4859624
53,cn4766,face_global_merge,compute,0.0761595429999,1,0,0,0,0,0,0,131,0,0,0,0,0,0,1,0,0,0,0
53,cn4766,part_face_create,compute,0.0176411150001,1,0,0,0,0,0,0,3,0,0,0,0,0,0,0,0,0,0,0
53,cn4766,surface_refine,compute,0.0115791079998,1,0,0,0,0,0,0,47,0,0,0,0,0,0,0,0,0,0,0
53,cn4766,refined_surface_save,io,0,0,0,0,0,0,0,0,0,0,0,0,0,0,0,0,0,0,0,0
53,cn4766,local_volume_mesh,compute,10.634956492,1,0,0,0,0,0,0,3236,0,0,0,0,0,19240,1082437,0,0,0,0
53,cn4766,volume_refine,compute,0.745298451,1,0,0,0,0,0,0,4944,0,0,0,0,0,0,1,0,0,0,0
53,cn4766,refined_volume_save,io,0,0,0,0,0,0,0,0,0,0,0,0,0,0,0,0,0,0,0,0
53,cn4766,adjacency_build,compute,0.00372602200014,1,0,0,0,0,0,0,0,0,0,0,0,0,0,0,0,0,0,0
53,cn4766,vertex_numbering_local,compute,0.0159220959999,1,0,0,0,0,0,0,182,0,0,0,0,0,0,0,0,0,0,0
53,cn4766,vertex_count_allgather,communication,5.441073895,1,0,0,0,0,0,0,64,0,0,0,0,0,0,5,1,1,4,256
53,cn4766,element_count_allgather,communication,0.000117301000046,1,0,0,0,0,0,0,0,0,0,0,0,0,0,0,1,1,4,256
53,cn4766,vertex_exchange_prepare,compute,0.000186402000054,1,0,0,0,0,0,0,50,0,0,0,0,0,0,0,0,0,0,0
53,cn4766,vertex_exchange,communication,0.00612492800019,1,0,0,0,0,0,0,34,0,0,0,0,0,2,0,6,5,121000,185482
53,cn4766,vertex_exchange_unpack,compute,0.00255454900025,1,0,0,0,0,0,0,0,0,0,0,0,0,0,0,0,0,0,0
53,cn4766,partition_result_io,io,0,0,0,0,0,0,0,0,0,0,0,0,0,0,0,0,0,0,0,0
53,cn4766,volume_exchange_pack,compute,0.304023726,2,0,0,0,0,0,0,1218,0,0,0,0,0,0,1,0,0,0,0
53,cn4766,volume_size_exchange,communication,0.0124293980002,1,0,0,0,0,0,0,2,0,0,0,0,0,0,0,7,7,28,28
53,cn4766,volume_payload_prepare,compute,0.000461884999822,1,0,0,0,0,0,0,136,0,0,0,0,0,0,0,0,0,0,0
53,cn4766,volume_payload_exchange,communication,0.0670651230002,1,0,0,0,0,0,0,412,0,0,0,0,0,0,0,7,7,3264120,3256680
53,cn4766,volume_exchange_unpack,compute,0.191963345,1,0,0,0,0,0,0,6592,0,0,0,0,0,0,0,0,0,0,0
53,cn4766,final_mesh_save,io,0,0,0,0,0,0,0,0,0,0,0,0,0,0,0,0,0,0,0,0
53,cn4766,testout_io,io,0,0,0,0,0,0,0,0,0,0,0,0,0,0,0,0,0,0,0,0
53,cn4766,final_count_exchange,communication,0,0,0,0,0,0,0,0,0,0,0,0,0,0,0,0,0,0,0,0
53,cn4766,quality_evaluation,postprocess,0,0,0,0,0,0,0,0,0,0,0,0,0,0,0,0,0,0,0,0
54,cn4767,geometry_load,io,2.013664113,1,0,0,0,0,0,0,6106,0,1035096,0,10428416,0,203,3,0,0,0,0
54,cn4767,coarse_local_size,setup,0.520968114,1,0,0,0,0,0,0,8672,0,0,0,0,0,180,28,0,0,0,0
54,cn4767,coarse_edge_mesh,setup,0.0146729990001,1,0,0,0,0,0,0,522,0,0,0,0,0,2,0,0,0,0,0
54,cn4767,coarse_surface_mesh,setup,8.568044846,1,0,0,0,0,0,0,17124,0,0,0,0,0,24,10,0,0,0,0
54,cn4767,coarse_volume_mesh,setup,13.227344631,1,0,0,0,0,0,0,29186,0,0,0,0,0,38848,1576659,0,0,0,0
54,cn4767,coarse_mesh_save,io,0,0,0,0,0,0,0,0,0,0,0,0,0,0,0,0,0,0,0,0
54,cn4767,submesh_initialization,setup,0.000187602000096,1,0,0,0,0,0,0,52,0,0,0,0,0,0,0,0,0,0,0
54,cn4767,metis_partition,compute,0.179093424,1,0,0,0,0,0,0,1436,0,0,0,0,0,0,0,0,0,0,0
54,cn4767,face_map_setup,compute,0.00757142199973,1,0,0,0,0,0,0,483,0,0,0,0,0,0,0,0,0,0,0
54,cn4767,face_local_extract,compute,0.158181236,1,0,0,0,0,0,0,797,0,0,0,0,0,0,0,0,0,0,0
54,cn4767,face_pre_collective_wait,synchronization,0.0301375870004,1,0,0,0,0,0,0,12,0,0,0,0,0,0,0,0,0,0,0
54,cn4767,face_collective_setup,compute,0.00014942100006,1,0,0,0,0,0,0,16,0,0,0,0,0,0,0,0,0,0,0
54,cn4767,face_allgatherv,communication,0.0623332370001,1,0,0,0,0,0,0,1189,0,0,0,0,0,3,0,1,1,75808,4859624
54,cn4767,face_global_merge,compute,0.0796411449996,1,0,0,0,0,0,0,718,0,0,0,0,0,0,0,0,0,0,0
54,cn4767,part_face_create,compute,0.0186833429998,1,0,0,0,0,0,0,22,0,0,0,0,0,0,0,0,0,0,0
54,cn4767,surface_refine,compute,0.012376575,1,0,0,0,0,0,0,51,0,0,0,0,0,0,0,0,0,0,0
54,cn4767,refined_surface_save,io,0,0,0,0,0,0,0,0,0,0,0,0,0,0,0,0,0,0,0,0
54,cn4767,local_volume_mesh,compute,11.807819185,1,0,0,0,0,0,0,7031,0,0,0,0,0,14838,974793,0,0,0,0
54,cn4767,volume_refine,compute,0.822670288,1,0,0,0,0,0,0,5098,0,0,0,0,0,0,1,0,0,0,0
54,cn4767,refined_volume_save,io,0,0,0,0,0,0,0,0,0,0,0,0,0,0,0,0,0,0,0,0
54,cn4767,adjacency_build,compute,0.00346333800007,1,0,0,0,0,0,0,0,0,0,0,0,0,0,0,0,0,0,0
54,cn4767,vertex_numbering_local,compute,0.0102516110001,1,0,0,0,0,0,0,2,0,0,0,0,0,0,0,0,0,0,0
54,cn4767,vertex_count_allgather,communication,4.190939522,1,0,0,0,0,0,0,25,0,0,0,0,0,0,4,1,1,4,256
54,cn4767,element_count_allgather,communication,0.000909468999907,1,0,0,0,0,0,0,0,0,0,0,0,0,0,0,1,1,4,256
54,cn4767,vertex_exchange_prepare,compute,1.46010002027e-05,1,0,0,0,0,0,0,0,0,0,0,0,0,0,0,0,0,0,0
54,cn4767,vertex_exchange,communication,0.00232680499994,1,0,0,0,0,0,0,15,0,0,0,0,0,1,0,3,2,21648,47916
54,cn4767,vertex_exchange_unpack,compute,0.000692808000167,1,0,0,0,0,0,0,0,0,0,0,0,0,0,0,0,0,0,0
54,cn4767,partition_result_io,io,0,0,0,0,0,0,0,0,0,0,0,0,0,0,0,0,0,0,0,0
54,cn4767,volume_exchange_pack,compute,0.190031123,2,0,0,0,0,0,0,77,0,0,0,0,0,0,0,0,0,0,0
54,cn4767,volume_size_exchange,communication,0.131998292,1,0,0,0,0,0,0,1,0,0,0,0,0,0,0,4,4,16,16
54,cn4767,volume_payload_prepare,compute,0.000140861000091,1,0,0,0,0,0,0,31,0,0,0,0,0,0,0,0,0,0,0
54,cn4767,volume_payload_exchange,communication,0.0672978109997,1,0,0,0,0,0,0,20,0,0,0,0,0,0,0,4,4,711240,713160
54,cn4767,volume_exchange_unpack,compute,0.155167984,1,0,0,0,0,0,0,7961,0,0,0,0,0,0,1,0,0,0,0
54,cn4767,final_mesh_save,io,0,0,0,0,0,0,0,0,0,0,0,0,0,0,0,0,0,0,0,0
54,cn4767,testout_io,io,0,0,0,0,0,0,0,0,0,0,0,0,0,0,0,0,0,0,0,0
54,cn4767,final_count_exchange,communication,0,0,0,0,0,0,0,0,0,0,0,0,0,0,0,0,0,0,0,0
54,cn4767,quality_evaluation,postprocess,0,0,0,0,0,0,0,0,0,0,0,0,0,0,0,0,0,0,0,0
55,cn4768,geometry_load,io,2.032775844,1,0,0,0,0,0,0,5960,0,1035096,0,10428416,0,203,20,0,0,0,0
55,cn4768,coarse_local_size,setup,0.550007034,1,0,0,0,0,0,0,8416,0,0,0,0,0,223,31,0,0,0,0
55,cn4768,coarse_edge_mesh,setup,0.0142848730002,1,0,0,0,0,0,0,523,0,0,0,0,0,2,0,0,0,0,0
55,cn4768,coarse_surface_mesh,setup,8.629664534,1,0,0,0,0,0,0,15487,0,0,0,0,0,24,78,0,0,0,0
55,cn4768,coarse_volume_mesh,setup,13.45306725,1,0,0,0,0,0,0,26885,0,0,0,0,0,37369,1755751,0,0,0,0
55,cn4768,coarse_mesh_save,io,0,0,0,0,0,0,0,0,0,0,0,0,0,0,0,0,0,0,0,0
55,cn4768,submesh_initialization,setup,0.000191302000076,1,0,0,0,0,0,0,62,0,0,0,0,0,0,0,0,0,0,0
55,cn4768,metis_partition,compute,0.18928766,1,0,0,0,0,0,0,2021,0,0,0,0,0,0,1,0,0,0,0
55,cn4768,face_map_setup,compute,0.00761409100005,1,0,0,0,0,0,0,591,0,0,0,0,0,0,0,0,0,0,0
55,cn4768,face_local_extract,compute,0.165992964,1,0,0,0,0,0,0,873,0,0,0,0,0,0,2,0,0,0,0
55,cn4768,face_pre_collective_wait,synchronization,0.0120270719999,1,0,0,0,0,0,0,12,0,0,0,0,0,0,0,0,0,0,0
55,cn4768,face_collective_setup,compute,0.000146641999891,1,0,0,0,0,0,0,13,0,0,0,0,0,0,0,0,0,0,0
55,cn4768,face_allgatherv,communication,0.06235268,1,0,0,0,0,0,0,776,0,0,0,0,0,2,0,1,1,75808,4859624
55,cn4768,face_global_merge,compute,0.0784413489996,1,0,0,0,0,0,0,524,0,0,0,0,0,0,2,0,0,0,0
55,cn4768,part_face_create,compute,0.0187659140001,1,0,0,0,0,0,0,22,0,0,0,0,0,0,0,0,0,0,0
55,cn4768,surface_refine,compute,0.0111615229998,1,0,0,0,0,0,0,39,0,0,0,0,0,0,0,0,0,0,0
55,cn4768,refined_surface_save,io,0,0,0,0,0,0,0,0,0,0,0,0,0,0,0,0,0,0,0,0
55,cn4768,local_volume_mesh,compute,10.564932971,1,0,0,0,0,0,0,1941,0,0,0,0,0,15059,798402,0,0,0,0
55,cn4768,volume_refine,compute,0.766081625,1,0,0,0,0,0,0,4749,0,0,0,0,0,0,7,0,0,0,0
55,cn4768,refined_volume_save,io,0,0,0,0,0,0,0,0,0,0,0,0,0,0,0,0,0,0,0,0
55,cn4768,adjacency_build,compute,0.00358363300029,1,0,0,0,0,0,0,0,0,0,0,0,0,0,0,0,0,0,0
55,cn4768,vertex_numbering_local,compute,0.00800847400023,1,0,0,0,0,0,0,1,0,0,0,0,0,0,0,0,0,0,0
55,cn4768,vertex_count_allgather,communication,5.495044903,1,0,0,0,0,0,0,98,0,0,0,0,0,0,49,1,1,4,256
55,cn4768,element_count_allgather,communication,0.000807027000064,1,0,0,0,0,0,0,1,0,0,0,0,0,0,0,1,1,4,256
55,cn4768,vertex_exchange_prepare,compute,5.04800000272e-05,1,0,0,0,0,0,0,24,0,0,0,0,0,0,0,0,0,0,0
55,cn4768,vertex_exchange,communication,0.00229034199992,1,0,0,0,0,0,0,24,0,0,0,0,0,0,0,0,3,0,53878
55,cn4768,vertex_exchange_unpack,compute,0.00140659299996,1,0,0,0,0,0,0,593,0,0,0,0,0,0,0,0,0,0,0
55,cn4768,partition_result_io,io,0,0,0,0,0,0,0,0,0,0,0,0,0,0,0,0,0,0,0,0
55,cn4768,volume_exchange_pack,compute,0.163795383,2,0,0,0,0,0,0,1538,0,0,0,0,0,0,2,0,0,0,0
55,cn4768,volume_size_exchange,communication,0.144946628,1,0,0,0,0,0,0,2,0,0,0,0,0,0,1,3,3,12,12
55,cn4768,volume_payload_prepare,compute,0.000181041999895,1,0,0,0,0,0,0,64,0,0,0,0,0,0,0,0,0,0,0
55,cn4768,volume_payload_exchange,communication,0.0142640529998,1,0,0,0,0,0,0,81,0,0,0,0,0,0,0,3,3,558720,562080
55,cn4768,volume_exchange_unpack,compute,0.137191856,1,0,0,0,0,0,0,7062,0,0,0,0,0,0,2,0,0,0,0
55,cn4768,final_mesh_save,io,0,0,0,0,0,0,0,0,0,0,0,0,0,0,0,0,0,0,0,0
55,cn4768,testout_io,io,0,0,0,0,0,0,0,0,0,0,0,0,0,0,0,0,0,0,0,0
55,cn4768,final_count_exchange,communication,0,0,0,0,0,0,0,0,0,0,0,0,0,0,0,0,0,0,0,0
55,cn4768,quality_evaluation,postprocess,0,0,0,0,0,0,0,0,0,0,0,0,0,0,0,0,0,0,0,0
56,cn4769,geometry_load,io,2.03286141,1,0,0,0,0,0,0,6107,0,1035096,0,10428416,0,203,4,0,0,0,0
56,cn4769,coarse_local_size,setup,0.535968493,1,0,0,0,0,0,0,8590,0,0,0,0,0,228,34,0,0,0,0
56,cn4769,coarse_edge_mesh,setup,0.0146906740001,1,0,0,0,0,0,0,506,0,0,0,0,0,2,0,0,0,0,0
56,cn4769,coarse_surface_mesh,setup,8.562437414,1,0,0,0,0,0,0,16952,0,0,0,0,0,24,9,0,0,0,0
56,cn4769,coarse_volume_mesh,setup,13.354839583,1,0,0,0,0,0,0,27615,0,0,0,0,0,38470,1688161,0,0,0,0
56,cn4769,coarse_mesh_save,io,0,0,0,0,0,0,0,0,0,0,0,0,0,0,0,0,0,0,0,0
56,cn4769,submesh_initialization,setup,0.000135322000006,1,0,0,0,0,0,0,5,0,0,0,0,0,0,0,0,0,0,0
56,cn4769,metis_partition,compute,0.175841941,1,0,0,0,0,0,0,625,0,0,0,0,0,0,1,0,0,0,0
56,cn4769,face_map_setup,compute,0.00711677400022,1,0,0,0,0,0,0,261,0,0,0,0,0,0,0,0,0,0,0
56,cn4769,face_local_extract,compute,0.161050367,1,0,0,0,0,0,0,799,0,0,0,0,0,0,0,0,0,0,0
56,cn4769,face_pre_collective_wait,synchronization,0.0309949450002,1,0,0,0,0,0,0,19,0,0,0,0,0,0,0,0,0,0,0
56,cn4769,face_collective_setup,compute,0.00014548099989,1,0,0,0,0,0,0,16,0,0,0,0,0,0,0,0,0,0,0
56,cn4769,face_allgatherv,communication,0.062335053,1,0,0,0,0,0,0,638,0,0,0,0,0,0,0,1,1,75808,4859624
56,cn4769,face_global_merge,compute,0.07636082,1,0,0,0,0,0,0,271,0,0,0,0,0,0,0,0,0,0,0
56,cn4769,part_face_create,compute,0.0179560279998,1,0,0,0,0,0,0,28,0,0,0,0,0,0,0,0,0,0,0
56,cn4769,surface_refine,compute,0.0116153819999,1,0,0,0,0,0,0,50,0,0,0,0,0,0,0,0,0,0,0
56,cn4769,refined_surface_save,io,0,0,0,0,0,0,0,0,0,0,0,0,0,0,0,0,0,0,0,0
56,cn4769,local_volume_mesh,compute,11.598726272,1,0,0,0,0,0,0,1760,0,0,0,0,0,23468,1035546,0,0,0,0
56,cn4769,volume_refine,compute,0.76769938,1,0,0,0,0,0,0,5124,0,0,0,0,0,0,0,0,0,0,0
56,cn4769,refined_volume_save,io,0,0,0,0,0,0,0,0,0,0,0,0,0,0,0,0,0,0,0,0
56,cn4769,adjacency_build,compute,0.00377811999988,1,0,0,0,0,0,0,0,0,0,0,0,0,0,0,0,0,0,0
56,cn4769,vertex_numbering_local,compute,0.0152791,1,0,0,0,0,0,0,1,0,0,0,0,0,0,0,0,0,0,0
56,cn4769,vertex_count_allgather,communication,4.454729594,1,0,0,0,0,0,0,119,0,0,0,0,0,0,5,1,1,4,256
56,cn4769,element_count_allgather,communication,0.000780388000294,1,0,0,0,0,0,0,4,0,0,0,0,0,0,0,1,1,4,256
56,cn4769,vertex_exchange_prepare,compute,7.42810002521e-05,1,0,0,0,0,0,0,38,0,0,0,0,0,0,0,0,0,0,0
56,cn4769,vertex_exchange,communication,0.00670322999986,1,0,0,0,0,0,0,124,0,0,0,0,0,2,0,5,5,187440,114532
56,cn4769,vertex_exchange_unpack,compute,0.00204844099972,1,0,0,0,0,0,0,406,0,0,0,0,0,0,0,0,0,0,0
56,cn4769,partition_result_io,io,0,0,0,0,0,0,0,0,0,0,0,0,0,0,0,0,0,0,0,0
56,cn4769,volume_exchange_pack,compute,0.296894649,2,0,0,0,0,0,0,2586,0,0,0,0,0,0,0,0,0,0,0
56,cn4769,volume_size_exchange,communication,0.0849601099999,1,0,0,0,0,0,0,0,0,0,0,0,0,0,0,6,6,24,24
56,cn4769,volume_payload_prepare,compute,0.000365323999631,1,0,0,0,0,0,0,102,0,0,0,0,0,0,0,0,0,0,0
56,cn4769,volume_payload_exchange,communication,0.00225234399977,1,0,0,0,0,0,0,435,0,0,0,0,0,0,0,6,6,3181200,3205080
56,cn4769,volume_exchange_unpack,compute,0.210879129,1,0,0,0,0,0,0,7893,0,0,0,0,0,0,0,0,0,0,0
56,cn4769,final_mesh_save,io,0,0,0,0,0,0,0,0,0,0,0,0,0,0,0,0,0,0,0,0
56,cn4769,testout_io,io,0,0,0,0,0,0,0,0,0,0,0,0,0,0,0,0,0,0,0,0
56,cn4769,final_count_exchange,communication,0,0,0,0,0,0,0,0,0,0,0,0,0,0,0,0,0,0,0,0
56,cn4769,quality_evaluation,postprocess,0,0,0,0,0,0,0,0,0,0,0,0,0,0,0,0,0,0,0,0
57,cn4770,geometry_load,io,2.009257769,1,0,0,0,0,0,0,5960,0,1035096,0,10428416,0,203,4,0,0,0,0
57,cn4770,coarse_local_size,setup,0.517099808,1,0,0,0,0,0,0,8610,0,0,0,0,0,245,34,0,0,0,0
57,cn4770,coarse_edge_mesh,setup,0.0147074609999,1,0,0,0,0,0,0,488,0,0,0,0,0,2,0,0,0,0,0
57,cn4770,coarse_surface_mesh,setup,8.552618887,1,0,0,0,0,0,0,15318,0,0,0,0,0,24,12,0,0,0,0
57,cn4770,coarse_volume_mesh,setup,13.365771304,1,0,0,0,0,0,0,27859,0,0,0,0,0,36541,1565064,0,0,0,0
57,cn4770,coarse_mesh_save,io,0,0,0,0,0,0,0,0,0,0,0,0,0,0,0,0,0,0,0,0
57,cn4770,submesh_initialization,setup,0.000187222000022,1,0,0,0,0,0,0,55,0,0,0,0,0,0,0,0,0,0,0
57,cn4770,metis_partition,compute,0.180589893,1,0,0,0,0,0,0,1636,0,0,0,0,0,0,1,0,0,0,0
57,cn4770,face_map_setup,compute,0.00742390100004,1,0,0,0,0,0,0,506,0,0,0,0,0,0,0,0,0,0,0
57,cn4770,face_local_extract,compute,0.162531295,1,0,0,0,0,0,0,945,0,0,0,0,0,0,0,0,0,0,0
57,cn4770,face_pre_collective_wait,synchronization,0.0244035670003,1,0,0,0,0,0,0,12,0,0,0,0,0,0,0,0,0,0,0
57,cn4770,face_collective_setup,compute,0.00260390799986,1,0,0,0,0,0,0,13,0,0,0,0,0,3,0,0,0,0,0
57,cn4770,face_allgatherv,communication,0.0599174940003,1,0,0,0,0,0,0,766,0,0,0,0,0,0,0,1,1,75808,4859624
57,cn4770,face_global_merge,compute,0.0778598110001,1,0,0,0,0,0,0,529,0,0,0,0,0,0,0,0,0,0,0
57,cn4770,part_face_create,compute,0.0187061839997,1,0,0,0,0,0,0,25,0,0,0,0,0,0,0,0,0,0,0
57,cn4770,surface_refine,compute,0.0189019260001,1,0,0,0,0,0,0,57,0,0,0,0,0,0,0,0,0,0,0
57,cn4770,refined_surface_save,io,0,0,0,0,0,0,0,0,0,0,0,0,0,0,0,0,0,0,0,0
57,cn4770,local_volume_mesh,compute,14.895593796,1,0,0,0,0,0,0,9131,0,0,0,0,0,26801,1436109,0,0,0,0
57,cn4770,volume_refine,compute,1.108169545,1,0,0,0,0,0,0,7135,0,0,0,0,0,0,1,0,0,0,0
57,cn4770,refined_volume_save,io,0,0,0,0,0,0,0,0,0,0,0,0,0,0,0,0,0,0,0,0
57,cn4770,adjacency_build,compute,0.00369682000019,1,0,0,0,0,0,0,0,0,0,0,0,0,0,0,0,0,0,0
57,cn4770,vertex_numbering_local,compute,0.0177204339998,1,0,0,0,0,0,0,2,0,0,0,0,0,0,0,0,0,0,0
57,cn4770,vertex_count_allgather,communication,0.803649599,1,0,0,0,0,0,0,27,0,0,0,0,0,0,2,1,1,4,256
57,cn4770,element_count_allgather,communication,0.000732827999855,1,0,0,0,0,0,0,0,0,0,0,0,0,0,0,1,1,4,256
57,cn4770,vertex_exchange_prepare,compute,2.14410001718e-05,1,0,0,0,0,0,0,0,0,0,0,0,0,0,0,0,0,0,0
57,cn4770,vertex_exchange,communication,0.00342807700008,1,0,0,0,0,0,0,18,0,0,0,0,0,1,0,4,4,59158,145244
57,cn4770,vertex_exchange_unpack,compute,0.0020292019999,1,0,0,0,0,0,0,0,0,0,0,0,0,0,0,0,0,0,0
57,cn4770,partition_result_io,io,0,0,0,0,0,0,0,0,0,0,0,0,0,0,0,0,0,0,0,0
57,cn4770,volume_exchange_pack,compute,0.382870843,2,0,0,0,0,0,0,743,0,0,0,0,0,0,0,0,0,0,0
57,cn4770,volume_size_exchange,communication,3.87200002478e-05,1,0,0,0,0,0,0,0,0,0,0,0,0,0,0,6,6,24,24
57,cn4770,volume_payload_prepare,compute,0.000188422000065,1,0,0,0,0,0,0,34,0,0,0,0,0,0,0,0,0,0,0
57,cn4770,volume_payload_exchange,communication,0.00263038900039,1,0,0,0,0,0,0,308,0,0,0,0,0,0,0,6,6,2147880,2133120
57,cn4770,volume_exchange_unpack,compute,0.293145562,1,0,0,0,0,0,0,10460,0,0,0,0,0,0,0,0,0,0,0
57,cn4770,final_mesh_save,io,0,0,0,0,0,0,0,0,0,0,0,0,0,0,0,0,0,0,0,0
57,cn4770,testout_io,io,0,0,0,0,0,0,0,0,0,0,0,0,0,0,0,0,0,0,0,0
57,cn4770,final_count_exchange,communication,0,0,0,0,0,0,0,0,0,0,0,0,0,0,0,0,0,0,0,0
57,cn4770,quality_evaluation,postprocess,0,0,0,0,0,0,0,0,0,0,0,0,0,0,0,0,0,0,0,0
58,cn4771,geometry_load,io,1.997666191,1,0,0,0,0,0,0,5961,0,1035096,0,10428416,0,203,2,0,0,0,0
58,cn4771,coarse_local_size,setup,0.529716987,1,0,0,0,0,0,0,8025,0,0,0,0,0,227,28,0,0,0,0
58,cn4771,coarse_edge_mesh,setup,0.0142286539999,1,0,0,0,0,0,0,515,0,0,0,0,0,2,0,0,0,0,0
58,cn4771,coarse_surface_mesh,setup,8.560479619,1,0,0,0,0,0,0,17238,0,0,0,0,0,24,11,0,0,0,0
58,cn4771,coarse_volume_mesh,setup,13.457126664,1,0,0,0,0,0,0,27565,0,0,0,0,0,37949,1701815,0,0,0,0
58,cn4771,coarse_mesh_save,io,0,0,0,0,0,0,0,0,0,0,0,0,0,0,0,0,0,0,0,0
58,cn4771,submesh_initialization,setup,0.000195522000013,1,0,0,0,0,0,0,54,0,0,0,0,0,0,0,0,0,0,0
58,cn4771,metis_partition,compute,0.180741327,1,0,0,0,0,0,0,1266,0,0,0,0,0,0,0,0,0,0,0
58,cn4771,face_map_setup,compute,0.00746027099967,1,0,0,0,0,0,0,483,0,0,0,0,0,0,0,0,0,0,0
58,cn4771,face_local_extract,compute,0.160280817,1,0,0,0,0,0,0,2169,0,0,0,0,0,0,0,0,0,0,0
58,cn4771,face_pre_collective_wait,synchronization,0.0264594830001,1,0,0,0,0,0,0,19,0,0,0,0,0,0,0,0,0,0,0
58,cn4771,face_collective_setup,compute,0.000170922000052,1,0,0,0,0,0,0,30,0,0,0,0,0,0,0,0,0,0,0
58,cn4771,face_allgatherv,communication,0.0624860429998,1,0,0,0,0,0,0,1153,0,0,0,0,0,0,0,1,1,75808,4859624
58,cn4771,face_global_merge,compute,0.0792559479996,1,0,0,0,0,0,0,720,0,0,0,0,0,0,1,0,0,0,0
58,cn4771,part_face_create,compute,0.0185889469999,1,0,0,0,0,0,0,31,0,0,0,0,0,0,0,0,0,0,0
58,cn4771,surface_refine,compute,0.0117777239998,1,0,0,0,0,0,0,53,0,0,0,0,0,0,0,0,0,0,0
58,cn4771,refined_surface_save,io,0,0,0,0,0,0,0,0,0,0,0,0,0,0,0,0,0,0,0,0
58,cn4771,local_volume_mesh,compute,9.73588485,1,0,0,0,0,0,0,2499,0,0,0,0,0,13640,549885,0,0,0,0
58,cn4771,volume_refine,compute,0.687900499,1,0,0,0,0,0,0,3381,0,0,0,0,0,0,1,0,0,0,0
58,cn4771,refined_volume_save,io,0,0,0,0,0,0,0,0,0,0,0,0,0,0,0,0,0,0,0,0
58,cn4771,adjacency_build,compute,0.00384188699991,1,0,0,0,0,0,0,0,0,0,0,0,0,0,0,0,0,0,0
58,cn4771,vertex_numbering_local,compute,0.0162009780001,1,0,0,0,0,0,0,1,0,0,0,0,0,0,0,0,0,0,0
58,cn4771,vertex_count_allgather,communication,6.390272841,1,0,0,0,0,0,0,76,0,0,0,0,0,0,6,1,1,4,256
58,cn4771,element_count_allgather,communication,0.0009278120001,1,0,0,0,0,0,0,1,0,0,0,0,0,0,0,1,1,4,256
58,cn4771,vertex_exchange_prepare,compute,0.000135901999784,1,0,0,0,0,0,0,30,0,0,0,0,0,0,0,0,0,0,0
58,cn4771,vertex_exchange,communication,0.00620907600023,1,0,0,0,0,0,0,107,0,0,0,0,0,2,0,8,6,229064,92312
58,cn4771,vertex_exchange_unpack,compute,0.00141417699979,1,0,0,0,0,0,0,82,0,0,0,0,0,0,0,0,0,0,0
58,cn4771,partition_result_io,io,0,0,0,0,0,0,0,0,0,0,0,0,0,0,0,0,0,0,0,0
58,cn4771,volume_exchange_pack,compute,0.287204146,2,0,0,0,0,0,0,2506,0,0,0,0,0,0,1,0,0,0,0
58,cn4771,volume_size_exchange,communication,0.0959699519999,1,0,0,0,0,0,0,6,0,0,0,0,0,0,0,7,7,28,28
58,cn4771,volume_payload_prepare,compute,0.000259183000253,1,0,0,0,0,0,0,19,0,0,0,0,0,0,0,0,0,0,0
58,cn4771,volume_payload_exchange,communication,0.00259609199975,1,0,0,0,0,0,0,233,0,0,0,0,0,0,0,7,7,3417600,3435000
58,cn4771,volume_exchange_unpack,compute,0.181718679,1,0,0,0,0,0,0,6928,0,0,0,0,0,0,0,0,0,0,0
58,cn4771,final_mesh_save,io,0,0,0,0,0,0,0,0,0,0,0,0,0,0,0,0,0,0,0,0
58,cn4771,testout_io,io,0,0,0,0,0,0,0,0,0,0,0,0,0,0,0,0,0,0,0,0
58,cn4771,final_count_exchange,communication,0,0,0,0,0,0,0,0,0,0,0,0,0,0,0,0,0,0,0,0
58,cn4771,quality_evaluation,postprocess,0,0,0,0,0,0,0,0,0,0,0,0,0,0,0,0,0,0,0,0
59,cn4772,geometry_load,io,3.119564147,1,0,0,0,0,0,0,6105,0,1035096,0,10428416,0,203,6,0,0,0,0
59,cn4772,coarse_local_size,setup,0.503191937,1,0,0,0,0,0,0,8609,0,0,0,0,0,191,28,0,0,0,0
59,cn4772,coarse_edge_mesh,setup,0.0149989200004,1,0,0,0,0,0,0,523,0,0,0,0,0,2,0,0,0,0,0
59,cn4772,coarse_surface_mesh,setup,8.340937872,1,0,0,0,0,0,0,17169,0,0,0,0,0,24,11,0,0,0,0
59,cn4772,coarse_volume_mesh,setup,13.383412889,1,0,0,0,0,0,0,27278,0,0,0,0,0,36105,1579341,0,0,0,0
59,cn4772,coarse_mesh_save,io,0,0,0,0,0,0,0,0,0,0,0,0,0,0,0,0,0,0,0,0
59,cn4772,submesh_initialization,setup,0.000190963000023,1,0,0,0,0,0,0,56,0,0,0,0,0,0,0,0,0,0,0
59,cn4772,metis_partition,compute,0.179164909,1,0,0,0,0,0,0,1705,0,0,0,0,0,0,0,0,0,0,0
59,cn4772,face_map_setup,compute,0.00755589099981,1,0,0,0,0,0,0,600,0,0,0,0,0,0,0,0,0,0,0
59,cn4772,face_local_extract,compute,0.158325179,1,0,0,0,0,0,0,813,0,0,0,0,0,0,0,0,0,0,0
59,cn4772,face_pre_collective_wait,synchronization,0.0298106179998,1,0,0,0,0,0,0,12,0,0,0,0,0,0,0,0,0,0,0
59,cn4772,face_collective_setup,compute,0.00293663499997,1,0,0,0,0,0,0,16,0,0,0,0,0,3,0,0,0,0,0
59,cn4772,face_allgatherv,communication,0.0597863980001,1,0,0,0,0,0,0,1204,0,0,0,0,0,0,1,1,1,75808,4859624
59,cn4772,face_global_merge,compute,0.0793736330002,1,0,0,0,0,0,0,701,0,0,0,0,0,0,0,0,0,0,0
59,cn4772,part_face_create,compute,0.0189749670003,1,0,0,0,0,0,0,30,0,0,0,0,0,0,0,0,0,0,0
59,cn4772,surface_refine,compute,0.0165059780002,1,0,0,0,0,0,0,56,0,0,0,0,0,0,0,0,0,0,0
59,cn4772,refined_surface_save,io,0,0,0,0,0,0,0,0,0,0,0,0,0,0,0,0,0,0,0,0
59,cn4772,local_volume_mesh,compute,12.569459709,1,0,0,0,0,0,0,4458,0,0,0,0,0,17319,1130270,0,0,0,0
59,cn4772,volume_refine,compute,0.949103306,1,0,0,0,0,0,0,6125,0,0,0,0,0,0,1,0,0,0,0
59,cn4772,refined_volume_save,io,0,0,0,0,0,0,0,0,0,0,0,0,0,0,0,0,0,0,0,0
59,cn4772,adjacency_build,compute,0.00395614799982,1,0,0,0,0,0,0,0,0,0,0,0,0,0,0,0,0,0,0
59,cn4772,vertex_numbering_local,compute,0.0160546920001,1,0,0,0,0,0,0,1,0,0,0,0,0,0,0,0,0,0,0
59,cn4772,vertex_count_allgather,communication,3.290654896,1,0,0,0,0,0,0,60,0,0,0,0,0,0,4,1,1,4,256
59,cn4772,element_count_allgather,communication,0.00068988799967,1,0,0,0,0,0,0,1,0,0,0,0,0,0,0,1,1,4,256
59,cn4772,vertex_exchange_prepare,compute,4.76000000162e-05,1,0,0,0,0,0,0,13,0,0,0,0,0,0,0,0,0,0,0
59,cn4772,vertex_exchange,communication,0.00529452399996,1,0,0,0,0,0,0,43,0,0,0,0,0,2,0,3,5,55792,202774
59,cn4772,vertex_exchange_unpack,compute,0.00401502799969,1,0,0,0,0,0,0,1183,0,0,0,0,0,0,0,0,0,0,0
59,cn4772,partition_result_io,io,0,0,0,0,0,0,0,0,0,0,0,0,0,0,0,0,0,0,0,0
59,cn4772,volume_exchange_pack,compute,0.304177069,2,0,0,0,0,0,0,1957,0,0,0,0,0,0,1,0,0,0,0
59,cn4772,volume_size_exchange,communication,0.0754398650001,1,0,0,0,0,0,0,0,0,0,0,0,0,0,0,6,6,24,24
59,cn4772,volume_payload_prepare,compute,0.00026598300019,1,0,0,0,0,0,0,34,0,0,0,0,0,0,0,0,0,0,0
59,cn4772,volume_payload_exchange,communication,0.00211152600014,1,0,0,0,0,0,0,125,0,0,0,0,0,0,0,6,6,2759040,2749440
59,cn4772,volume_exchange_unpack,compute,0.229663435,1,0,0,0,0,0,0,9427,0,0,0,0,0,0,0,0,0,0,0
59,cn4772,final_mesh_save,io,0,0,0,0,0,0,0,0,0,0,0,0,0,0,0,0,0,0,0,0
59,cn4772,testout_io,io,0,0,0,0,0,0,0,0,0,0,0,0,0,0,0,0,0,0,0,0
59,cn4772,final_count_exchange,communication,0,0,0,0,0,0,0,0,0,0,0,0,0,0,0,0,0,0,0,0
59,cn4772,quality_evaluation,postprocess,0,0,0,0,0,0,0,0,0,0,0,0,0,0,0,0,0,0,0,0
60,cn4773,geometry_load,io,2.09538349,1,0,0,0,0,0,0,5961,0,1035096,0,10428416,0,203,4,0,0,0,0
60,cn4773,coarse_local_size,setup,0.580335051,1,0,0,0,0,0,0,8650,0,0,0,0,0,245,33,0,0,0,0
60,cn4773,coarse_edge_mesh,setup,0.0146983099999,1,0,0,0,0,0,0,489,0,0,0,0,0,2,0,0,0,0,0
60,cn4773,coarse_surface_mesh,setup,8.743910871,1,0,0,0,0,0,0,19325,0,0,0,0,0,24,15,0,0,0,0
60,cn4773,coarse_volume_mesh,setup,13.528045534,1,0,0,0,0,0,0,28421,0,0,0,0,0,40337,1667366,0,0,0,0
60,cn4773,coarse_mesh_save,io,0,0,0,0,0,0,0,0,0,0,0,0,0,0,0,0,0,0,0,0
60,cn4773,submesh_initialization,setup,0.000160281000262,1,0,0,0,0,0,0,26,0,0,0,0,0,0,0,0,0,0,0
60,cn4773,metis_partition,compute,0.167301154,1,0,0,0,0,0,0,452,0,0,0,0,0,0,0,0,0,0,0
60,cn4773,face_map_setup,compute,0.00778248999995,1,0,0,0,0,0,0,883,0,0,0,0,0,0,0,0,0,0,0
60,cn4773,face_local_extract,compute,0.19979431,1,0,0,0,0,0,0,361,0,0,0,0,0,0,0,0,0,0,0
60,cn4773,face_pre_collective_wait,synchronization,6.16010001977e-05,1,0,0,0,0,0,0,12,0,0,0,0,0,0,0,0,0,0,0
60,cn4773,face_collective_setup,compute,0.00258428999996,1,0,0,0,0,0,0,13,0,0,0,0,0,3,0,0,0,0,0
60,cn4773,face_allgatherv,communication,0.0601648759998,1,0,0,0,0,0,0,126,0,0,0,0,0,2,0,1,1,75808,4859624
60,cn4773,face_global_merge,compute,0.0735779500001,1,0,0,0,0,0,0,0,0,0,0,0,0,0,0,0,0,0,0
60,cn4773,part_face_create,compute,0.0175796430003,1,0,0,0,0,0,0,3,0,0,0,0,0,0,0,0,0,0,0
60,cn4773,surface_refine,compute,0.00966049099998,1,0,0,0,0,0,0,1,0,0,0,0,0,0,0,0,0,0,0
60,cn4773,refined_surface_save,io,0,0,0,0,0,0,0,0,0,0,0,0,0,0,0,0,0,0,0,0
60,cn4773,local_volume_mesh,compute,9.843554007,1,0,0,0,0,0,0,3109,0,0,0,0,0,6459,355602,0,0,0,0
60,cn4773,volume_refine,compute,0.795681961,1,0,0,0,0,0,0,4601,0,0,0,0,0,0,1,0,0,0,0
60,cn4773,refined_volume_save,io,0,0,0,0,0,0,0,0,0,0,0,0,0,0,0,0,0,0,0,0
60,cn4773,adjacency_build,compute,0.00322655700029,1,0,0,0,0,0,0,0,0,0,0,0,0,0,0,0,0,0,0
60,cn4773,vertex_numbering_local,compute,0.00759882800003,1,0,0,0,0,0,0,1,0,0,0,0,0,0,0,0,0,0,0
60,cn4773,vertex_count_allgather,communication,6.19352752,1,0,0,0,0,0,0,68,0,0,0,0,0,0,8,1,1,4,256
60,cn4773,element_count_allgather,communication,0.000923970000258,1,0,0,0,0,0,0,2,0,0,0,0,0,0,0,1,1,4,256
60,cn4773,vertex_exchange_prepare,compute,1.09600000542e-05,1,0,0,0,0,0,0,4,0,0,0,0,0,0,0,0,0,0,0
60,cn4773,vertex_exchange,communication,0.00296191400002,1,0,0,0,0,0,0,14,0,0,0,0,0,2,0,1,0,39270,0
60,cn4773,vertex_exchange_unpack,compute,3.94000016968e-06,1,0,0,0,0,0,0,0,0,0,0,0,0,0,0,0,0,0,0
60,cn4773,partition_result_io,io,0,0,0,0,0,0,0,0,0,0,0,0,0,0,0,0,0,0,0,0
60,cn4773,volume_exchange_pack,compute,0.160405515,2,0,0,0,0,0,0,896,0,0,0,0,0,0,0,0,0,0,0
60,cn4773,volume_size_exchange,communication,0.130485649,1,0,0,0,0,0,0,2,0,0,0,0,0,0,1,1,1,4,4
60,cn4773,volume_payload_prepare,compute,3.16199998451e-05,1,0,0,0,0,0,0,0,0,0,0,0,0,0,0,0,0,0,0
60,cn4773,volume_payload_exchange,communication,0.0329157209999,1,0,0,0,0,0,0,12,0,0,0,0,0,0,0,1,1,403560,400800
60,cn4773,volume_exchange_unpack,compute,0.151075947,1,0,0,0,0,0,0,7808,0,0,0,0,0,0,0,0,0,0,0
60,cn4773,final_mesh_save,io,0,0,0,0,0,0,0,0,0,0,0,0,0,0,0,0,0,0,0,0
60,cn4773,testout_io,io,0,0,0,0,0,0,0,0,0,0,0,0,0,0,0,0,0,0,0,0
60,cn4773,final_count_exchange,communication,0,0,0,0,0,0,0,0,0,0,0,0,0,0,0,0,0,0,0,0
60,cn4773,quality_evaluation,postprocess,0,0,0,0,0,0,0,0,0,0,0,0,0,0,0,0,0,0,0,0
61,cn4774,geometry_load,io,2.190650923,1,0,0,0,0,0,0,6106,0,1035096,0,10428416,0,203,19,0,0,0,0
61,cn4774,coarse_local_size,setup,0.519637267,1,0,0,0,0,0,0,8551,0,0,0,0,0,233,30,0,0,0,0
61,cn4774,coarse_edge_mesh,setup,0.0143236869999,1,0,0,0,0,0,0,487,0,0,0,0,0,2,0,0,0,0,0
61,cn4774,coarse_surface_mesh,setup,8.402559651,1,0,0,0,0,0,0,14977,0,0,0,0,0,24,76,0,0,0,0
61,cn4774,coarse_volume_mesh,setup,13.311442056,1,0,0,0,0,0,0,29467,0,0,0,0,0,37532,1532225,0,0,0,0
61,cn4774,coarse_mesh_save,io,0,0,0,0,0,0,0,0,0,0,0,0,0,0,0,0,0,0,0,0
61,cn4774,submesh_initialization,setup,0.000183241999821,1,0,0,0,0,0,0,52,0,0,0,0,0,0,0,0,0,0,0
61,cn4774,metis_partition,compute,0.180781218,1,0,0,0,0,0,0,2258,0,0,0,0,0,0,2,0,0,0,0
61,cn4774,face_map_setup,compute,0.00795659300002,1,0,0,0,0,0,0,800,0,0,0,0,0,0,0,0,0,0,0
61,cn4774,face_local_extract,compute,0.159558509,1,0,0,0,0,0,0,944,0,0,0,0,0,0,1,0,0,0,0
61,cn4774,face_pre_collective_wait,synchronization,0.0265792320001,1,0,0,0,0,0,0,37,0,0,0,0,0,0,1,0,0,0,0
61,cn4774,face_collective_setup,compute,0.00014972200006,1,0,0,0,0,0,0,16,0,0,0,0,0,0,0,0,0,0,0
61,cn4774,face_allgatherv,communication,0.0631875200002,1,0,0,0,0,0,0,1157,0,0,0,0,0,2,0,1,1,75808,4859624
61,cn4774,face_global_merge,compute,0.079218888,1,0,0,0,0,0,0,683,0,0,0,0,0,0,1,0,0,0,0
61,cn4774,part_face_create,compute,0.0191200040003,1,0,0,0,0,0,0,33,0,0,0,0,0,0,0,0,0,0,0
61,cn4774,surface_refine,compute,0.017249042,1,0,0,0,0,0,0,65,0,0,0,0,0,0,0,0,0,0,0
61,cn4774,refined_surface_save,io,0,0,0,0,0,0,0,0,0,0,0,0,0,0,0,0,0,0,0,0
61,cn4774,local_volume_mesh,compute,13.506038915,1,0,0,0,0,0,0,4650,0,0,0,0,0,19370,1202327,0,0,0,0
61,cn4774,volume_refine,compute,0.973241301,1,0,0,0,0,0,0,5284,0,0,0,0,0,0,8,0,0,0,0
61,cn4774,refined_volume_save,io,0,0,0,0,0,0,0,0,0,0,0,0,0,0,0,0,0,0,0,0
61,cn4774,adjacency_build,compute,0.00412980900001,1,0,0,0,0,0,0,0,0,0,0,0,0,0,0,0,0,0,0
61,cn4774,vertex_numbering_local,compute,0.0174169840002,1,0,0,0,0,0,0,1,0,0,0,0,0,0,2,0,0,0,0
61,cn4774,vertex_count_allgather,communication,2.328913162,1,0,0,0,0,0,0,75,0,0,0,0,0,0,19,1,1,4,256
61,cn4774,element_count_allgather,communication,0.00067948800006,1,0,0,0,0,0,0,6,0,0,0,0,0,0,0,1,1,4,256
61,cn4774,vertex_exchange_prepare,compute,4.26599999628e-05,1,0,0,0,0,0,0,12,0,0,0,0,0,0,0,0,0,0,0
61,cn4774,vertex_exchange,communication,0.00371838299998,1,0,0,0,0,0,0,66,0,0,0,0,0,1,0,4,6,54142,175384
61,cn4774,vertex_exchange_unpack,compute,0.00375214399992,1,0,0,0,0,0,0,1259,0,0,0,0,0,0,0,0,0,0,0
61,cn4774,partition_result_io,io,0,0,0,0,0,0,0,0,0,0,0,0,0,0,0,0,0,0,0,0
61,cn4774,volume_exchange_pack,compute,0.283571603,2,0,0,0,0,0,0,1861,0,0,0,0,0,0,2,0,0,0,0
61,cn4774,volume_size_exchange,communication,0.0312217849996,1,0,0,0,0,0,0,0,0,0,0,0,0,0,0,8,8,32,32
61,cn4774,volume_payload_prepare,compute,0.000559866999993,1,0,0,0,0,0,0,193,0,0,0,0,0,0,0,0,0,0,0
61,cn4774,volume_payload_exchange,communication,0.0669678849999,1,0,0,0,0,0,0,353,0,0,0,0,0,0,1,8,8,2421000,2411880
61,cn4774,volume_exchange_unpack,compute,0.210401285,1,0,0,0,0,0,0,9634,0,0,0,0,0,0,1,0,0,0,0
61,cn4774,final_mesh_save,io,0,0,0,0,0,0,0,0,0,0,0,0,0,0,0,0,0,0,0,0
61,cn4774,testout_io,io,0,0,0,0,0,0,0,0,0,0,0,0,0,0,0,0,0,0,0,0
61,cn4774,final_count_exchange,communication,0,0,0,0,0,0,0,0,0,0,0,0,0,0,0,0,0,0,0,0
61,cn4774,quality_evaluation,postprocess,0,0,0,0,0,0,0,0,0,0,0,0,0,0,0,0,0,0,0,0
62,cn4775,geometry_load,io,1.967351059,1,0,0,0,0,0,0,5960,0,1035096,0,10428416,0,203,4,0,0,0,0
62,cn4775,coarse_local_size,setup,0.510843616,1,0,0,0,0,0,0,8376,0,0,0,0,0,206,27,0,0,0,0
62,cn4775,coarse_edge_mesh,setup,0.0146231260001,1,0,0,0,0,0,0,522,0,0,0,0,0,2,0,0,0,0,0
62,cn4775,coarse_surface_mesh,setup,8.484195676,1,0,0,0,0,0,0,17199,0,0,0,0,0,24,8,0,0,0,0
62,cn4775,coarse_volume_mesh,setup,13.524388661,1,0,0,0,0,0,0,28282,0,0,0,0,0,41060,1799329,0,0,0,0
62,cn4775,coarse_mesh_save,io,0,0,0,0,0,0,0,0,0,0,0,0,0,0,0,0,0,0,0,0
62,cn4775,submesh_initialization,setup,0.000184722000085,1,0,0,0,0,0,0,54,0,0,0,0,0,0,0,0,0,0,0
62,cn4775,metis_partition,compute,0.176605611,1,0,0,0,0,0,0,1679,0,0,0,0,0,0,0,0,0,0,0
62,cn4775,face_map_setup,compute,0.0075275449999,1,0,0,0,0,0,0,483,0,0,0,0,0,0,0,0,0,0,0
62,cn4775,face_local_extract,compute,0.162817614,1,0,0,0,0,0,0,815,0,0,0,0,0,0,0,0,0,0,0
62,cn4775,face_pre_collective_wait,synchronization,0.0279978590002,1,0,0,0,0,0,0,12,0,0,0,0,0,0,0,0,0,0,0
62,cn4775,face_collective_setup,compute,0.00273361100017,1,0,0,0,0,0,0,13,0,0,0,0,0,3,0,0,0,0,0
62,cn4775,face_allgatherv,communication,0.06066693,1,0,0,0,0,0,0,772,0,0,0,0,0,2,0,1,1,75808,4859624
62,cn4775,face_global_merge,compute,0.080305594,1,0,0,0,0,0,0,624,0,0,0,0,0,0,0,0,0,0,0
62,cn4775,part_face_create,compute,0.018786993,1,0,0,0,0,0,0,32,0,0,0,0,0,0,0,0,0,0,0
62,cn4775,surface_refine,compute,0.0165990689998,1,0,0,0,0,0,0,54,0,0,0,0,0,0,0,0,0,0,0
62,cn4775,refined_surface_save,io,0,0,0,0,0,0,0,0,0,0,0,0,0,0,0,0,0,0,0,0
62,cn4775,local_volume_mesh,compute,11.676601363,1,0,0,0,0,0,0,3512,0,0,0,0,0,18081,926524,0,0,0,0
62,cn4775,volume_refine,compute,0.87482626,1,0,0,0,0,0,0,5863,0,0,0,0,0,0,1,0,0,0,0
62,cn4775,refined_volume_save,io,0,0,0,0,0,0,0,0,0,0,0,0,0,0,0,0,0,0,0,0
62,cn4775,adjacency_build,compute,0.00379470300004,1,0,0,0,0,0,0,0,0,0,0,0,0,0,0,0,0,0,0
62,cn4775,vertex_numbering_local,compute,0.0176960409999,1,0,0,0,0,0,0,103,0,0,0,0,0,0,0,0,0,0,0
62,cn4775,vertex_count_allgather,communication,4.254904063,1,0,0,0,0,0,0,89,0,0,0,0,0,0,4,1,1,4,256
62,cn4775,element_count_allgather,communication,0.000731428000108,1,0,0,0,0,0,0,3,0,0,0,0,0,0,0,1,1,4,256
62,cn4775,vertex_exchange_prepare,compute,0.000197081999886,1,0,0,0,0,0,0,54,0,0,0,0,0,0,0,0,0,0,0
62,cn4775,vertex_exchange,communication,0.0058011860001,1,0,0,0,0,0,0,70,0,0,0,0,0,2,0,1,8,41888,253286
62,cn4775,vertex_exchange_unpack,compute,0.00394222500017,1,0,0,0,0,0,0,428,0,0,0,0,0,0,0,0,0,0,0
62,cn4775,partition_result_io,io,0,0,0,0,0,0,0,0,0,0,0,0,0,0,0,0,0,0,0,0
62,cn4775,volume_exchange_pack,compute,0.314887185,2,0,0,0,0,0,0,2161,0,0,0,0,0,0,1,0,0,0,0
62,cn4775,volume_size_exchange,communication,0.065541427,1,0,0,0,0,0,0,11,0,0,0,0,0,0,0,8,8,32,32
62,cn4775,volume_payload_prepare,compute,0.000323722999838,1,0,0,0,0,0,0,68,0,0,0,0,0,0,0,0,0,0,0
62,cn4775,volume_payload_exchange,communication,0.00253540799986,1,0,0,0,0,0,0,377,0,0,0,0,0,0,0,8,8,3145440,3137400
62,cn4775,volume_exchange_unpack,compute,0.215033388,1,0,0,0,0,0,0,8434,0,0,0,0,0,0,0,0,0,0,0
62,cn4775,final_mesh_save,io,0,0,0,0,0,0,0,0,0,0,0,0,0,0,0,0,0,0,0,0
62,cn4775,testout_io,io,0,0,0,0,0,0,0,0,0,0,0,0,0,0,0,0,0,0,0,0
62,cn4775,final_count_exchange,communication,0,0,0,0,0,0,0,0,0,0,0,0,0,0,0,0,0,0,0,0
62,cn4775,quality_evaluation,postprocess,0,0,0,0,0,0,0,0,0,0,0,0,0,0,0,0,0,0,0,0
63,cn4776,geometry_load,io,1.998550663,1,0,0,0,0,0,0,6106,0,1035097,0,10428416,0,203,2,0,0,0,0
63,cn4776,coarse_local_size,setup,0.516651429,1,0,0,0,0,0,0,8503,0,0,0,0,0,217,29,0,0,0,0
63,cn4776,coarse_edge_mesh,setup,0.0147442769999,1,0,0,0,0,0,0,507,0,0,0,0,0,2,0,0,0,0,0
63,cn4776,coarse_surface_mesh,setup,8.543124492,1,0,0,0,0,0,0,14645,0,0,0,0,0,24,10,0,0,0,0
63,cn4776,coarse_volume_mesh,setup,13.351601487,1,0,0,0,0,0,0,24635,0,0,0,0,0,37433,1500517,0,0,0,0
63,cn4776,coarse_mesh_save,io,0,0,0,0,0,0,0,0,0,0,0,0,0,0,0,0,0,0,0,0
63,cn4776,submesh_initialization,setup,0.00013970200007,1,0,0,0,0,0,0,4,0,0,0,0,0,0,0,0,0,0,0
63,cn4776,metis_partition,compute,0.16604702,1,0,0,0,0,0,0,68,0,0,0,0,0,0,0,0,0,0,0
63,cn4776,face_map_setup,compute,0.00698407300024,1,0,0,0,0,0,0,262,0,0,0,0,0,0,0,0,0,0,0
63,cn4776,face_local_extract,compute,0.154409665,1,0,0,0,0,0,0,199,0,0,0,0,0,0,0,0,0,0,0
63,cn4776,face_pre_collective_wait,synchronization,0.0475105550004,1,0,0,0,0,0,0,12,0,0,0,0,0,0,1,0,0,0,0
63,cn4776,face_collective_setup,compute,0.0027605170003,1,0,0,0,0,0,0,15,0,0,0,0,0,3,0,0,0,0,0
63,cn4776,face_allgatherv,communication,0.0606064500003,1,0,0,0,0,0,0,40,0,0,0,0,0,1,0,1,1,83720,4859624
63,cn4776,face_global_merge,compute,0.0741109099999,1,0,0,0,0,0,0,0,0,0,0,0,0,0,0,0,0,0,0
63,cn4776,part_face_create,compute,0.017515514,1,0,0,0,0,0,0,3,0,0,0,0,0,0,0,0,0,0,0
63,cn4776,surface_refine,compute,0.0107408640001,1,0,0,0,0,0,0,1,0,0,0,0,0,0,0,0,0,0,0
63,cn4776,refined_surface_save,io,0,0,0,0,0,0,0,0,0,0,0,0,0,0,0,0,0,0,0,0
63,cn4776,local_volume_mesh,compute,11.313757518,1,0,0,0,0,0,0,2265,0,0,0,0,0,16820,1002169,0,0,0,0
63,cn4776,volume_refine,compute,0.699930559,1,0,0,0,0,0,0,4883,0,0,0,0,0,0,1,0,0,0,0
63,cn4776,refined_volume_save,io,0,0,0,0,0,0,0,0,0,0,0,0,0,0,0,0,0,0,0,0
63,cn4776,adjacency_build,compute,0.00332952500003,1,0,0,0,0,0,0,0,0,0,0,0,0,0,0,0,0,0,0
63,cn4776,vertex_numbering_local,compute,0.00887579900018,1,0,0,0,0,0,0,2,0,0,0,0,0,0,0,0,0,0,0
63,cn4776,vertex_count_allgather,communication,4.81552943,1,0,0,0,0,0,0,25,0,0,0,0,0,0,5,1,1,4,256
63,cn4776,element_count_allgather,communication,0.000925413000004,1,0,0,0,0,0,0,0,0,0,0,0,0,0,0,1,1,4,256
63,cn4776,vertex_exchange_prepare,compute,1.37600000016e-05,1,0,0,0,0,0,0,0,0,0,0,0,0,0,0,0,0,0,0
63,cn4776,vertex_exchange,communication,0.00378315100033,1,0,0,0,0,0,0,11,0,0,0,0,0,2,0,0,2,0,51238
63,cn4776,vertex_exchange_unpack,compute,0.000744750000194,1,0,0,0,0,0,0,0,0,0,0,0,0,0,0,0,0,0,0
63,cn4776,partition_result_io,io,0,0,0,0,0,0,0,0,0,0,0,0,0,0,0,0,0,0,0,0
63,cn4776,volume_exchange_pack,compute,0.153063686,2,0,0,0,0,0,0,14,0,0,0,0,0,0,0,0,0,0,0
63,cn4776,volume_size_exchange,communication,0.167828724,1,0,0,0,0,0,0,2,0,0,0,0,0,0,0,2,2,8,8
63,cn4776,volume_payload_prepare,compute,4.16410002799e-05,1,0,0,0,0,0,0,0,0,0,0,0,0,0,0,0,0,0,0
63,cn4776,volume_payload_exchange,communication,0.0674896220003,1,0,0,0,0,0,0,15,0,0,0,0,0,0,0,2,2,522480,523560
63,cn4776,volume_exchange_unpack,compute,0.125602859,1,0,0,0,0,0,0,6494,0,0,0,0,0,0,0,0,0,0,0
63,cn4776,final_mesh_save,io,0,0,0,0,0,0,0,0,0,0,0,0,0,0,0,0,0,0,0,0
63,cn4776,testout_io,io,0,0,0,0,0,0,0,0,0,0,0,0,0,0,0,0,0,0,0,0
63,cn4776,final_count_exchange,communication,0,0,0,0,0,0,0,0,0,0,0,0,0,0,0,0,0,0,0,0
63,cn4776,quality_evaluation,postprocess,0,0,0,0,0,0,0,0,0,0,0,0,0,0,0,0,0,0,0,0
