mesh_partition_v1 8192 26411 41 cell_order_v1
1383
5471
7996
2904
3500
6982
1453
2544
7012
2672
7780
5495
6985
2641
413
3649
1454
4530
2280
4353
3500
1454
542
2814
1222
2906
2814
7491
3903
1455
4802
2958
5063
5910
2947
7300
5906
5894
5957
5175
5592
1340
3853
4743
5173
3878
5173
7246
5061
5056
5174
3433
2906
3439
2524
3439
7991
7988
7238
5592
5593
603
5592
7990
7989
493
2966
1489
3434
5309
1574
4840
4628
2749
4894
5078
683
3368
6924
4323
1578
6200
4895
4986
5063
603
1586
1578
4612
6250
2738
2322
2236
2300
3501
2748
2253
6507
603
1257
603
2748
7714
4205
6704
612
4207
2330
2237
5074
6051
572
5756
372
4201
6731
7287
5975
7650
1012
4259
5960
6052
7650
7649
7651
4414
2904
2392
1397
572
5899
4781
1796
5917
5308
5206
612
430
5916
118
1639
5899
6754
7461
2083
5095
3710
5447
5446
2049
3926
3195
5445
4854
5445
7552
4586
3247
2051
5187
4910
302
4239
4723
2083
5054
5039
5046
7503
4508
103
4227
447
6814
4245
447
446
4808
446
4027
1121
3977
6632
4274
148
677
102
149
653
6668
6859
6160
3087
615
714
2757
539
3087
7192
4352
5308
3083
96
2887
3083
129
2164
3681
4155
5282
3681
5031
6102
6958
8099
3774
3498
1649
6976
3036
6977
3039
4352
7639
3727
7470
7637
502
3681
3366
1602
5054
3802
6976
6976
3681
6983
3387
2279
6429
420
8052
5149
5155
2278
200
3490
2277
7986
3874
443
968
219
6674
7961
1577
222
3363
2975
200
1812
4731
5693
1469
7536
3400
1816
3507
22
7532
3507
3490
3941
3134
227
18
3310
2744
6019
1839
1592
2852
7696
1721
3828
6974
466
17
2195
3822
370
2143
2100
2131
1773
2103
1556
7753
531
1557
3993
1556
2543
6423
25
6717
374
5948
1308
1556
6959
4552
6874
6850
7774
5749
2400
3953
5571
5215
4986
2784
3952
762
3941
7269
3167
1849
8074
6443
2458
3164
3164
362
3165
1001
95
6739
2679
6696
875
7269
95
6669
87
109
2679
8171
7134
6631
7896
7910
7929
86
4082
3931
7872
7909
4082
1309
1292
4602
7173
1304
83
6897
2450
5547
6055
7171
7134
7171
83
7170
5572
6087
5589
7971
2370
1703
2218
5568
695
7118
7162
3385
5568
6653
2223
2739
695
695
6935
420
695
7056
2221
3403
6860
6872
6914
5588
5835
6696
2427
6921
758
1891
4809
5351
2218
4432
3403
4036
5074
296
6023
580
2266
4561
2055
3398
3398
5918
5400
3671
1381
4356
2386
297
297
2370
7404
1037
2384
296
5257
2543
1170
5310
2442
4160
2240
5310
2054
5257
4173
5284
4165
2054
4164
5389
4744
2515
1623
1622
2599
3349
6684
6294
3348
5563
7781
3348
6968
7227
1043
2634
4356
4537
1197
4435
1242
1227
1220
1715
1665
1622
2055
2417
7236
4785
3347
2417
3748
6879
6879
6194
6191
2417
4357
6961
2783
3332
5004
6160
2417
2463
409
2434
4357
6762
4085
4296
7823
6664
7505
5104
7505
3277
1025
378
1200
298
4893
6741
4798
312
2000
6763
1611
431
2433
2433
2460
3778
2919
3784
4842
5824
745
6332
764
7118
3318
4843
6031
5372
1934
7511
3753
6171
7510
558
6579
5692
6581
6541
2463
6312
2713
3328
2714
2715
808
823
2713
4525
2032
823
4227
6147
2036
58
6758
3840
6742
3843
1177
6930
3149
6516
3847
3847
7955
6147
6233
6233
2956
3007
6233
3055
2723
5236
5222
2988
215
6146
3278
5344
6959
211
6233
4996
3837
6147
1869
3365
4690
5345
3783
6541
1237
5110
3327
3283
3514
3923
3360
3056
3361
2870
6288
4492
5997
5110
5013
4575
7939
4994
4176
7967
7967
6346
596
6489
7948
5997
4492
3906
599
6877
5487
7967
8143
7967
4377
642
3346
7938
4565
6659
5022
4572
1988
1993
6658
2301
2523
2252
587
5690
4710
3219
2336
2885
2538
2558
6666
2622
2710
2193
4573
6666
6771
852
3035
4573
765
1220
7939
5110
2595
4573
6777
4701
3923
5626
8000
2814
8005
7623
5628
3437
7785
2493
6258
7655
7595
7609
4340
7833
2493
4148
6528
3140
3073
3925
5628
5626
1265
8177
100
96
5174
5175
5547
1691
2492
1174
7245
6275
6273
7608
4811
6274
5174
5514
7871
2142
4824
7898
7873
2402
2492
1529
1436
2790
2737
1442
5605
4739
2595
1518
4620
957
1828
810
4741
1975
4762
1437
1365
1396
4756
2232
5345
1565
33
5064
4366
5406
5345
2290
490
5406
5512
4489
5982
5512
5969
1435
7163
7113
2878
2945
5611
4229
3261
2853
8170
3761
2853
8175
4848
5364
2917
4849
746
2711
4197
765
4723
6765
6468
2878
4723
2855
3157
5044
6577
6552
863
1359
4619
7952
5415
1560
3193
5294
6552
6050
6581
1865
3621
6043
8053
5064
5072
6060
1561
5514
5294
70
5162
5649
1365
5432
6057
2722
1774
3219
1770
1770
5801
4493
2656
5420
2677
5459
3128
5395
1070
1886
3450
2677
5295
3881
3256
5072
1207
7364
1682
5295
7871
3611
1774
2780
5696
5411
1358
5411
3779
1528
2167
389
1221
6471
1358
2146
1087
1715
1715
4471
1445
3473
566
6279
544
2842
2345
3881
5549
8029
2521
5456
4023
1915
5456
8028
3399
3301
5605
5417
7172
6471
409
6568
7172
5204
1989
3672
5200
5835
5233
6121
5184
3705
1381
4499
5701
2642
6471
70
2583
2414
4465
5289
6471
5289
5289
5288
7364
4188
827
2819
4170
4957
4217
3405
4221
5538
4186
2818
789
3430
2190
2818
880
2465
2887
5496
2819
6140
2883
3601
2767
5578
5449
2821
2596
4655
5040
6140
2190
6141
7317
7721
243
5452
3642
7941
4949
2758
4735
221
7971
7937
7940
2478
7941
7135
685
4911
1324
1925
7015
4022
1515
7146
4299
4969
309
6663
309
1396
2359
6276
6723
6658
1232
2188
2805
2078
127
7151
5717
212
7151
127
5003
7146
4146
5957
115
2559
1239
1238
550
4128
890
2158
1388
2760
6942
1232
3362
1921
980
923
2009
596
2592
2145
2688
193
5705
3362
5175
5145
7035
884
1565
1595
1627
2043
1560
6666
1927
8059
1552
7466
1385
3805
4554
1431
6311
5805
890
1630
1023
311
1637
1630
6517
3420
6068
6469
6469
626
6469
8053
3360
2125
2775
6287
14
4851
6241
4500
6951
6285
6287
6069
3686
3769
6282
6700
890
2619
2935
891
3526
5762
7840
7843
1380
6877
3770
4036
7846
3214
5727
7852
7812
3143
3269
4128
4666
1575
805
742
1652
7254
1789
2849
1879
3
7711
0
4134
4454
4143
7243
95
5339
1761
4386
4144
4473
2851
4666
1380
7705
1965
4539
2399
7046
2066
5202
680
682
7077
5203
4105
3201
5202
2662
3487
3473
1088
1728
1382
1379
2387
7933
5667
5133
2919
7709
3684
7932
501
5303
5853
2192
4343
3050
3051
4787
5131
501
2201
499
4254
2229
7617
498
6916
7489
7374
7888
6916
6916
2393
2379
7821
2246
6917
2546
7261
2231
1427
1429
5382
3685
1444
2293
2293
7809
2876
4692
3670
3649
2370
2357
1445
3007
2536
2138
7918
2138
2530
2997
2997
6906
7022
2840
4730
4631
2217
4810
2530
2658
4720
2233
5537
6098
7927
7927
4845
2539
4547
4844
911
5524
4581
2304
2139
2326
1224
2340
3132
2342
2341
2341
2139
2230
5075
313
6003
1465
1374
1502
6003
4639
5060
6142
3443
6001
6000
7150
8010
7103
7281
693
5798
7157
5171
692
5060
2670
5691
5065
5224
4419
5235
6054
2917
2779
5229
5224
5603
8078
5918
3409
5602
5602
2591
5828
4827
6200
3009
5082
6125
6127
7472
3013
3054
419
4170
2255
739
8020
5082
5055
8063
1612
4097
7936
7981
7011
4156
692
4099
1140
6144
693
1659
4807
1640
6142
6978
2728
1625
1072
6153
7710
2113
2658
7241
1752
5251
6973
7710
4307
7455
5603
2794
1658
3322
1643
2057
2113
3083
3921
1414
3374
4908
471
2553
4732
4723
4367
4251
6385
266
7273
3496
2728
1417
3463
5479
4433
1612
3461
679
852
7730
7456
2150
5664
2655
2399
1247
3463
981
1944
6702
4484
3271
2150
3258
5672
3111
2161
3193
5664
4510
2161
488
1052
4508
7457
5658
7459
5622
4484
7107
4879
318
2278
5212
3286
5295
4190
5134
2277
2072
7327
1049
7988
6883
7181
1589
5847
2501
2211
7056
1320
5965
2496
222
1312
6014
2469
1592
7454
664
868
7259
489
2510
2505
6009
926
928
1312
793
3594
4538
3712
1312
3665
6003
1904
208
5965
1049
2122
1052
4081
4778
5020
4081
5665
2374
4530
98
806
141
7541
4015
6827
7540
3587
2089
209
209
7522
2957
2955
2947
6828
2947
6267
922
3572
819
2561
5003
769
7189
3572
7179
5004
6153
2540
7880
6907
921
5979
7419
7925
2211
3647
4587
4380
7328
5048
7304
3573
6829
7301
3573
7302
7473
7414
4080
7359
6653
5332
7273
7339
6826
3950
7346
579
1201
3223
1275
1953
5992
7023
6500
3222
6901
7143
4862
1976
843
808
3218
4081
963
6425
1563
5993
3218
974
7435
5952
2192
3874
2642
2073
3660
5967
7435
5993
7275
7435
5954
6683
4414
859
5989
7196
195
103
241
4343
5622
7323
5959
4222
3682
2288
2316
2316
4444
7435
859
5955
1303
5952
5281
1890
6316
8167
1891
8165
8167
4932
1948
1359
195
4990
7891
4448
859
859
4980
7335
4211
1161
1163
3484
1311
4915
4648
4716
4329
2736
4980
5929
2911
5316
6175
4471
1163
4413
3485
123
192
6324
3890
163
6814
3039
3484
163
4991
2571
787
2655
5495
3484
178
7377
1652
1973
2701
3611
3609
7377
135
3531
135
3608
6865
7149
7376
3608
3609
175
4754
7377
2646
3608
4413
3598
4689
490
8164
2111
2379
6651
3339
2105
3688
121
6646
5095
2098
6632
2099
1298
123
7109
7028
7199
1915
7933
1605
1377
1745
7024
1931
1956
7024
125
4750
5107
4814
4814
125
5106
5317
7024
7330
328
8117
326
347
1834
1531
349
8081
5317
3980
2740
8122
6438
4907
4910
5438
5429
198
5027
1863
4458
1862
4011
5316
126
1041
2058
3400
126
381
7323
2057
7177
7992
451
1655
5971
5424
2057
2178
2572
4051
2512
2512
2541
4441
4899
2541
3939
121
3975
7105
7105
7105
4899
7119
122
7963
6873
4600
4354
4407
488
425
8018
5944
4127
7409
8118
1105
5755
8093
4404
3979
1421
3953
2053
1401
427
2067
8057
4313
7268
4734
3840
4315
4647
6774
5159
5311
2646
5755
6745
5944
803
6937
6745
4312
5769
4099
7314
5650
2679
7153
1722
7563
6776
5633
4122
6754
6538
4755
1110
4783
4300
899
4775
4300
2300
6460
5633
4940
4943
5497
5632
6774
3065
3082
7878
5213
4835
3065
5213
4290
6451
1005
4211
4130
4150
6442
5981
6786
4202
7312
858
5981
4773
4219
4214
5448
1008
2035
4715
6982
3065
4973
5911
1008
903
5917
4839
6619
5307
7742
5909
3064
5227
6082
2980
1744
2461
5533
6451
4827
5264
4291
7986
4249
1948
7739
6456
6463
1648
1771
1862
5207
1887
2671
2461
4806
7773
424
7487
2662
1726
657
1131
5207
2462
5205
975
986
4059
6707
6707
201
988
4261
1579
1003
2462
7378
840
4261
7333
7546
6785
1300
1649
3496
7383
3708
1682
2762
2296
1653
1057
4260
4260
547
547
2269
547
4351
1303
1809
5205
1461
547
1941
7320
1654
1654
5217
5834
6735
6207
6053
290
2257
6735
6735
4116
2431
3919
5728
3710
7800
1614
5728
317
306
1797
6735
5742
6795
1450
2980
90
7143
319
306
1785
7401
6856
4988
6478
1267
1025
4117
6114
1784
1787
2273
2525
1451
2872
1204
6980
7420
2129
3378
1451
976
5764
6378
6369
5813
2597
6410
2918
6191
4826
5561
5561
133
1754
2740
7801
3299
903
8026
8025
7801
191
8162
2316
7420
2344
8024
444
7403
7135
2737
1831
3647
3639
150
7266
6881
3935
155
4917
6188
6252
5355
3639
6543
950
8166
6262
6173
6649
3638
7270
7270
7266
1411
3297
5812
7267
2447
7267
7266
7264
944
2692
3296
2736
6191
1279
4887
6830
6843
3097
3076
3499
3572
3114
3297
1382
947
6188
5347
6999
948
1034
1637
1742
6187
235
6207
878
3565
2418
2670
8054
2683
3564
3028
6083
4438
1106
4604
3564
1178
1048
5650
994
3564
5059
5057
5857
5058
4382
3080
4382
4380
1098
5970
6023
1624
4835
2166
4380
5102
4605
897
6361
902
2346
5058
1011
4415
6206
2346
3958
3960
6405
4029
7069
997
5571
6803
5451
1928
7101
6793
3485
4923
3519
6462
6946
7009
4924
1928
4189
8028
1929
449
28
19
2350
637
5923
27
2923
2950
5831
3696
2345
909
3765
2954
1928
3704
6849
2400
2249
2203
7117
2366
6873
6849
2406
2557
2350
6569
3225
6015
201
5621
5389
6328
5404
6279
6513
6125
27
4594
6500
27
2813
6936
4934
4803
1324
4934
4970
5201
3505
5201
6936
1085
2291
10
5827
5836
6936
6937
7842
478
7918
7285
450
8058
450
2357
2846
2650
2829
2082
2285
2299
7443
2049
2049
7621
6232
468
7621
7777
4593
3152
5751
5674
4540
6786
1279
7621
3152
2126
6009
7620
7542
6064
7752
7515
5022
339
6283
2127
7297
7752
1477
6448
3282
7753
6921
6455
7621
3397
6555
2371
6555
2597
2796
4826
7791
5824
3770
3766
4408
5069
2123
7791
1416
2126
388
4864
4894
4276
5533
6201
159
6935
1416
7291
7278
6921
7360
6914
5319
7132
6931
159
304
4276
6964
7418
158
139
5943
6464
7363
7316
7362
5655
38
2442
2037
1476
7655
6249
6934
221
37
1477
2227
6464
59
2245
2275
1480
2170
5355
650
57
5352
4277
8121
5943
5943
4277
8096
2389
8121
1657
2094
5738
7296
5432
4135
7335
5681
7315
5681
5680
2651
5680
4464
5131
4814
5388
4455
7478
4198
4918
2868
5876
4813
4824
6593
5802
3815
5853
5739
1238
4454
5361
7110
5388
7110
5739
2715
1893
3230
3208
5131
3209
5017
3208
3337
414
8061
3208
1867
5244
2699
7730
1745
1585
7073
7281
4299
5987
5711
2697
150
5915
652
1718
4231
1464
1471
1870
1452
1848
7110
5245
1048
4673
3213
1086
718
343
2700
4095
2699
5245
2827
5244
7330
8147
4093
7140
5636
5393
7245
4547
1993
6088
7110
2011
6105
6907
5883
893
2502
4375
2600
106
2011
3514
2394
7002
3812
2551
2897
2011
4473
5060
6109
2530
5026
2077
2828
2076
6801
5963
6881
6041
2657
6111
2076
6797
7987
413
6104
2011
4638
4943
4651
1625
5940
4240
2077
92
723
1613
7511
722
7462
7470
3483
7444
6885
6088
4311
3063
1636
2864
4344
2680
7370
2682
1613
7371
3116
5008
4650
2647
5533
4409
7295
7358
1738
4189
674
1653
1650
3730
2739
5675
1651
1553
5517
5619
2775
6260
721
2156
6907
4650
4610
5968
4609
721
3174
69
5968
4187
5517
2187
69
4527
5968
6032
168
6032
2291
325
2719
2288
7610
6262
7126
7581
6756
4652
4653
7191
5518
5969
703
5946
1798
1399
4406
4652
7688
136
3705
7699
2013
7768
7161
1826
129
8067
138
1871
6840
5533
6263
4652
594
5518
4400
6944
7855
7934
2265
3998
2240
3678
992
2013
5922
5839
7196
2015
6815
3273
6123
4400
4507
3971
6309
1944
3305
6430
5824
6875
6944
383
6910
6893
6900
3971
1744
3283
4881
1375
4400
144
3283
4215
5904
1664
1892
5977
6074
3281
3281
5993
4199
5313
3971
5312
3743
5313
5839
1619
3752
3752
4215
6007
1003
4900
7148
299
546
6651
5313
6086
4883
4895
5888
158
6130
3225
811
410
7994
307
426
4117
7828
7542
5991
482
6800
444
3974
745
351
285
1689
7162
8061
454
8167
134
716
8038
7827
970
2749
4188
737
130
1974
7827
1412
1483
4882
1723
3566
2058
2091
1668
6695
7987
5271
6695
6094
1713
4225
1669
6097
3019
3384
1459
6022
8090
549
2109
2005
4614
1584
2100
7747
1251
6853
4728
6853
6902
4728
4614
3459
6859
916
8099
6569
6420
7854
7111
3471
7869
6164
2889
2165
7854
2761
697
7850
3019
760
689
6394
699
7853
6165
7720
7853
6800
3016
3016
4822
3302
3300
763
756
7852
5786
7091
6776
6764
7315
3300
7833
6923
4876
7839
1183
7576
7547
1739
6569
7265
6073
6731
7907
1284
7133
7160
422
6871
2019
1608
6073
6070
3713
4216
3179
3302
3996
2071
1811
7594
1225
7253
6073
1819
6567
1820
7295
7269
422
7564
7272
7492
7329
7334
7331
1095
5674
422
1586
6073
7493
4374
3083
4372
4373
5077
5614
5528
7304
7329
4372
5020
951
4371
2120
1134
1923
7495
7371
3375
6861
8146
7398
5731
2405
2590
5871
4615
3088
2617
5013
6928
5827
5128
5422
5583
6810
5017
2382
2381
5854
6116
2347
2587
2356
1236
7550
5105
2356
2070
2590
795
1237
1037
3790
824
3790
1712
1064
2069
2376
2065
2060
6972
7119
327
2392
6016
405
423
3778
6258
5730
2686
5885
6030
5809
3676
4462
6025
3778
4462
2155
2071
2295
2899
2403
4462
2403
5248
5470
6327
5424
1535
5719
6542
2540
5959
5727
5779
4462
3232
643
1296
1909
2449
7581
3789
1238
3789
3599
3599
1906
7580
1906
215
393
1397
1487
1129
1367
1746
2008
954
3331
1367
6751
3941
1367
958
5327
2545
1367
5016
2008
6917
4359
2008
1995
6099
8164
5036
3632
5387
5050
3118
2963
4359
410
5053
5387
6666
3060
133
651
2896
1552
1766
3633
4822
4748
5010
3734
7296
5384
648
405
4817
417
399
7256
2464
2464
7261
2466
487
7025
3635
6730
3632
2618
6124
1766
3410
3231
3231
405
1714
4952
2167
1301
1563
5851
687
4607
1301
4389
3033
4958
6340
2288
2466
4460
1536
6396
965
1862
3986
1766
1859
1767
6241
6241
3214
6686
5006
954
1018
5075
5016
4928
6536
3958
4375
6240
4372
5023
5006
549
8144
8154
507
507
4928
2129
5114
8137
6240
8178
4456
2128
5955
3999
394
3683
401
3997
3964
901
3994
4461
982
2130
814
487
1601
1471
7999
7087
2019
7997
7999
7997
1095
3683
4943
1101
4831
4592
2131
3994
4710
5825
3151
826
7424
1942
5727
2988
4963
7436
7432
1637
827
829
5731
7439
4818
1487
1518
1434
1282
2707
831
5468
8154
1423
7688
3367
6287
3367
7484
3367
6978
7667
3367
8158
7479
4870
4871
4871
5139
5139
656
4216
785
5892
3264
1173
2441
4831
2658
3227
1249
1377
2284
2579
5907
2279
575
575
6903
5893
5921
5913
3777
3629
6563
656
6821
234
5217
2047
1833
657
1031
2396
1404
5421
5184
1512
5675
6090
68
4822
1513
3932
2973
1239
1407
1513
659
1580
2200
434
7145
7132
65
224
2468
408
7989
427
5226
2468
3280
6800
7002
1359
5371
3291
3260
2855
3281
1513
2201
2280
2754
4968
6359
1207
6336
3288
277
419
3126
5079
4590
3121
2554
5045
3107
2959
2931
2838
574
3106
7244
2200
3782
5028
8004
2941
2200
2324
435
6877
4907
7168
186
6631
6593
7236
842
856
574
7507
3105
3266
3293
7411
7411
2782
277
277
2776
7101
276
7097
6407
2781
7098
6167
5524
1708
5288
2171
7186
7411
2723
4326
3227
1354
5434
2508
1354
876
105
530
2524
3152
3812
5220
3293
8089
3273
3137
5222
2729
2866
4326
2868
2729
4323
7976
7411
5203
4325
1881
6436
4706
7706
2475
2444
2616
2451
532
516
5925
2859
532
573
2510
4322
2510
726
2407
2615
2407
4570
8039
8095
6463
6432
7830
3429
370
7981
5444
4190
7828
6302
6207
3245
6087
6207
6206
3262
3244
5182
3259
5182
5180
2175
777
1549
814
1550
838
1431
1443
51
6084
5180
4891
3972
7981
1513
541
3287
894
6081
753
6484
7804
2484
3321
3977
3666
6081
5985
1913
35
5404
3416
4867
2865
8003
3407
8003
6803
3216
702
1399
6803
1399
145
556
1389
5106
1389
4919
2318
6641
6906
6804
7235
4829
4314
1918
7047
7043
129
2524
699
3860
7691
670
659
3922
1917
7690
4319
2716
659
4156
6987
2180
5264
3044
3299
4645
2854
4645
5038
5305
5318
5606
5598
5493
4736
5606
5594
2180
2798
3008
2181
1703
4834
2327
1634
5269
1585
3849
3898
2191
2077
7908
2325
2485
6235
5684
2485
6224
7619
2480
2426
2482
110
6187
3041
4823
5025
1914
6220
6226
2623
741
3571
7227
2788
2596
3571
2757
3568
2623
2623
146
513
7815
6973
3568
7909
4817
7559
7165
7890
7292
415
5249
7606
7689
7260
7809
1242
410
143
4832
515
3409
1211
3430
517
88
144
1205
4832
6639
4475
4397
4397
5674
4392
4392
7091
7165
2617
7587
4761
7165
4833
41
8055
4833
7970
414
7112
6478
6305
8111
1616
7112
7112
144
7114
6638
6013
6512
1619
6627
1626
166
1626
15
7923
0
1370
142
147
5031
7683
3694
8084
2608
3750
3020
2628
2631
8084
3057
6066
6377
8102
3022
1686
5152
3022
6838
3021
3021
2643
2873
2233
2380
7575
2251
2321
6839
3287
6839
5796
6839
2989
5937
7556
2989
4799
2706
2783
3653
5576
2567
2584
2082
2910
4648
969
5581
4611
4828
4810
4650
5028
1617
5025
4770
4622
1617
5597
5596
4430
5851
5570
5576
5594
1003
1617
5405
4155
4615
2828
4155
3735
2195
3652
2194
3042
4615
3785
2330
1617
1465
3983
3532
5152
1408
3529
4283
563
612
622
1436
118
306
4283
1250
6600
1409
119
6600
3866
1487
6601
3462
5418
4261
4546
6601
7652
676
6682
3983
4323
6033
4113
6000
4444
6563
4280
5796
6680
5064
3504
1712
3574
3411
698
3530
1982
1663
1395
3519
4795
5018
4621
3557
2562
5155
7150
4076
7101
3131
3570
5153
7597
989
6804
5084
960
8126
3540
6618
1204
5073
6909
5437
7588
2520
6728
6765
6765
5436
3569
4120
1690
3559
4282
5026
6919
7190
7188
7077
335
5436
1085
5437
7467
2336
705
2421
1126
1146
5984
7467
3405
4632
987
7076
4617
7467
7103
3493
6309
4617
6057
6374
5494
6058
7001
7063
7164
7304
7467
7185
587
8056
7096
213
4941
3246
3246
3236
4735
3238
992
993
4529
6166
4542
1018
2480
1453
3305
4939
4643
5088
2483
2491
6842
2603
1000
1454
867
323
1541
6135
4937
1353
2439
4518
2492
4604
1101
1391
635
2603
3115
4949
8018
4185
3139
4327
2610
4171
3166
1819
3113
3081
7975
634
7975
6934
5799
6598
4212
6342
5867
4698
3795
6386
4123
4166
632
6667
7922
4167
4167
4166
7259
3824
3800
3814
752
2355
357
682
1343
5091
4688
2186
6160
5097
7288
5401
7275
3114
6276
7259
463
6277
8077
8139
632
36
2570
3592
6344
757
6450
2455
7923
2455
7262
7263
4288
3592
4375
388
7393
4140
3593
6607
5382
3593
4719
2638
3593
2087
2087
6758
4941
7274
7212
5383
1958
6768
7943
2087
781
1609
2084
4719
2575
2575
4225
6200
1023
4708
2021
6781
4774
2575
1353
2575
5103
3001
4810
208
4711
4101
841
1384
7603
1959
4363
5548
5359
5583
4773
5511
4709
1959
4751
7487
6794
1957
786
1956
5079
7357
4287
7545
5369
2769
4331
170
2780
7539
4051
1384
7359
304
3586
773
7349
3586
196
968
2573
2321
635
2314
7349
1343
2342
545
171
652
2573
6133
4095
1005
1553
4920
3107
155
4459
4452
4086
1934
7193
1378
1522
2571
1526
3107
4474
635
3566
2561
5716
5126
5839
5772
4965
6842
5773
5312
3351
7047
3351
1122
7046
580
1306
3079
4024
4933
3350
4019
3331
7808
3350
2703
2702
111
2690
8132
4055
2690
7820
7893
535
7902
7905
7902
356
352
1122
5973
5684
2275
7456
5939
5924
949
6965
7901
7920
7457
940
7457
7456
910
772
545
1657
2242
6328
3207
2506
2888
2948
2920
7397
6328
5773
2545
7815
3598
3589
1261
4085
6335
5145
3099
6334
3585
5772
5785
6245
6255
952
5788
1688
7612
4087
1548
3278
1263
3151
4328
7964
2241
3272
4267
7964
5936
1502
7198
8057
4266
4332
411
7452
1003
4086
7956
1638
1730
2141
186
656
174
3939
4306
1719
6267
990
4930
4947
5671
5979
984
1085
5273
1090
5362
64
964
292
3272
7336
8103
967
413
8155
419
2538
4697
2835
1659
412
4825
434
412
5462
4433
5214
6741
64
3271
4012
7814
4005
1755
3942
4451
1091
665
3617
6026
4429
1670
810
6725
1670
7291
2032
5453
1943
6724
5471
1135
6652
3183
1061
6742
6742
8184
4875
8176
2274
6822
262
8078
2272
8105
8138
7242
2273
2463
4086
7406
8066
670
3603
4547
3002
5712
2711
2143
5503
5462
5712
7410
4097
3603
5440
6367
7238
5885
1533
7390
6016
1405
4194
5680
6292
5652
2390
5712
7326
1901
1514
1832
1283
3393
7891
4875
4038
4547
6848
5274
6850
4869
6402
7019
4746
6859
6858
4288
1294
3447
4357
6568
4778
7823
7893
6565
1172
5546
3324
3482
1772
6571
6569
6564
6566
1212
5262
5277
3516
1670
1449
7799
7725
7011
4868
7839
5262
3516
5298
5490
6485
5138
1662
7935
2031
7935
7914
7914
170
7706
8006
493
1820
967
7356
3636
5138
5137
500
1821
474
460
1821
1820
7441
6428
5896
1842
1588
6659
1764
6667
6665
985
5137
1355
505
7371
2061
4879
4398
295
6428
6065
2774
1771
7333
6663
1748
1718
1709
5265
5372
1462
1709
808
7259
5956
1748
2017
4319
4347
3205
5335
3219
613
1871
4784
1038
988
5049
5745
920
4347
3011
795
3156
1735
3636
1874
3011
637
3205
2770
6799
4784
6095
7018
6325
794
5464
5098
3111
5098
5099
4774
5099
7704
7018
21
8152
4796
8152
7018
6440
4797
4090
799
1772
4686
1273
2851
1273
4733
1272
4786
4717
1272
5042
2924
851
3997
6044
3852
4434
6611
1991
5111
1991
4435
5099
4695
5146
1077
4972
4137
7202
7238
3861
3014
1991
3183
1298
5404
3015
5482
5472
2836
6381
6329
5528
5478
5496
4094
1135
7780
7430
6675
6188
4095
3630
3324
3694
5311
2365
2395
7939
7017
16
536
8074
4162
5237
5239
848
1100
6573
1373
6196
2364
2067
2717
3876
5235
2990
2378
2382
2392
6813
833
6197
927
3239
525
3869
805
5235
3749
6196
4680
2375
6196
3748
5146
5570
3751
7451
3751
4624
7963
7965
3841
3872
4966
883
5322
3668
1744
2773
3891
883
4941
8157
7142
6795
7451
1624
7075
7949
4090
3955
8027
4090
7948
5303
3956
1121
3875
2263
6806
6271
3646
7031
2141
2098
6746
6806
4682
29
0
4763
19
6564
3884
4525
3010
744
7450
3022
3884
7949
4086
2173
7157
635
7155
1162
630
2773
505
1357
7450
6913
2568
2539
2536
7642
2538
4498
7152
3822
6125
2203
3359
6119
2794
2263
2838
2513
2169
6014
4498
5505
3823
4741
2960
6014
2762
2279
6115
2419
6737
5958
5190
5192
8049
371
8049
8049
8049
2173
6652
3501
2263
3865
3739
1565
5924
3670
6736
2539
13
1719
5987
6085
6737
17
4595
1411
6737
3253
15
2144
4087
7203
6609
2156
3027
3521
4091
6311
701
13
4706
5503
6245
5183
6218
2197
701
701
2798
937
6465
6475
3199
3442
2797
3096
2197
2793
5144
5698
4089
6180
5120
6242
6408
3098
6898
7746
3127
6417
4062
3253
2793
6653
2262
4010
6967
6963
2196
6956
4732
125
4843
2196
4582
4779
6967
4735
835
3652
7339
6213
3252
2033
4428
4431
7291
2039
7870
7279
7279
7393
7770
3325
973
972
3851
972
3661
7900
3294
973
3253
6476
693
6085
7331
7384
4606
7328
4177
3978
4948
7387
5830
7335
4188
4428
1037
7905
4139
4428
4437
1716
1716
2864
6409
2834
2971
2862
4415
2945
4877
1704
5183
3697
3695
3701
221
5180
6788
5734
3700
1769
3616
1710
3700
1768
5234
7900
7579
4882
6134
4883
7565
3414
3787
7870
154
4515
6275
3223
7054
4880
2174
2508
5005
1469
7595
3036
1874
2057
3217
3
1866
6127
1214
6127
515
7058
430
6361
5159
4887
6343
6384
6305
7066
429
5144
5695
2056
7320
7472
2248
7212
7814
6491
6249
6907
7054
2915
2248
4118
4119
5695
62
5601
1406
5819
1389
4127
3707
2901
7200
6343
5600
5137
1371
3995
6361
5347
2958
5763
3993
6855
6803
5783
6994
5600
485
7223
581
679
564
5721
2540
5600
6431
4456
3888
5685
5392
5433
4127
1847
6301
6987
6064
6067
5852
4352
6431
6890
5903
6029
1844
5686
1845
5176
5902
2553
2951
1818
2905
1096
1847
7405
3894
4289
5119
2265
2265
5026
7394
7461
6429
7755
2790
6989
6930
6892
5754
2005
1920
7654
7156
7461
3058
1016
8015
1543
6431
31
5724
4101
5725
590
8189
1839
1832
2264
7389
2813
8191
2901
5724
3060
6595
7253
7453
7405
7217
5512
3383
5919
4538
7197
6490
6495
5724
2264
1791
6034
5963
7139
2081
1841
3023
5963
1992
3023
7138
1145
1735
3017
5983
6034
2593
1117
7575
3383
1508
7571
3383
7138
2035
4513
5710
2314
5758
3908
5668
3849
3017
179
272
5491
1719
3383
3740
1144
732
8124
6869
1028
7878
6869
3268
3267
3641
1127
3266
5458
2997
983
4855
4243
537
4860
4466
991
2287
1362
4387
985
3680
539
1522
4587
986
733
6004
4840
538
1435
31
733
536
4436
2650
7138
4727
7066
732
1270
5093
7674
6267
3085
630
73
7579
434
7615
411
606
1166
6150
1133
5089
1271
7082
1267
3853
4920
7616
1131
1205
1501
1171
2015
7582
6358
7623
3438
4538
7833
7842
6358
7860
7834
6356
2903
1876
709
7373
952
8083
770
7622
1686
5837
5837
438
1169
6358
3845
952
3846
7303
1130
1133
3541
5558
3125
3999
3478
2439
3884
6091
6110
4441
5798
1116
5285
3437
4062
7710
155
2667
2154
2167
7113
7022
7146
2487
2108
76
569
2515
839
6150
2664
467
706
3071
661
604
6851
3337
3664
3683
2241
7665
6890
3071
5887
6895
3880
2516
214
2487
7763
4176
7987
1974
7711
2439
415
1921
3721
7378
3725
4651
3340
4916
5767
4946
5654
6485
291
5207
5720
496
645
4872
6981
654
4873
2262
7540
7339
4873
7418
6409
6427
7200
7413
6421
2262
4177
6855
4068
636
6420
1311
1114
6419
4118
4791
4564
2246
5606
2857
7382
208
7847
4670
4118
7814
641
5246
291
5164
3343
4132
6954
7562
3391
7831
7135
667
7179
667
305
722
3791
7182
4633
3785
3786
3615
7183
7338
4669
5414
307
3259
1683
617
804
7203
876
3257
562
7500
551
510
7277
2725
40
7292
4583
2004
740
2853
816
3259
3259
2613
4006
4788
2725
5021
7003
1054
1345
1441
5258
2991
849
6163
2763
5287
2803
5005
4998
4997
4390
5268
6333
831
2695
7488
2695
2118
2089
2221
2281
3362
641
4052
754
7750
2135
5839
5838
5844
2020
5297
3909
540
3905
5843
5844
5843
5838
5838
2791
754
2325
2790
2610
7557
3673
4313
1488
4552
2317
2615
2312
7960
1729
3407
1180
4747
6618
1262
1272
7766
7789
6593
1266
3914
4962
3831
187
1173
7237
7185
1416
6174
527
8027
7089
2965
6970
6599
756
2009
7601
4004
7576
6676
957
3104
4006
756
3424
3477
3688
185
3703
213
3021
6886
3316
7961
6687
6675
521
523
2463
7427
7721
2462
469
520
7446
185
3444
526
527
2461
4669
187
3377
3338
521
3382
5399
540
3790
6529
3380
6172
6998
6347
777
4827
4803
3347
6302
3499
3468
1723
5266
6905
5090
6529
3438
4829
3436
6343
3375
1562
5250
5170
5310
4591
6346
5517
349
4250
6027
4115
5256
5073
1562
4729
4742
5083
812
5083
6346
2045
812
3323
3971
813
812
3433
813
1215
1545
3432
7276
1158
5073
7135
7281
1074
800
3436
1234
8025
5480
2177
2652
2511
2223
2578
2223
396
6195
2177
8068
2682
2142
2578
2576
7247
7246
7278
8119
7292
5170
7277
7277
2183
2183
337
2223
6945
3492
6347
6089
5254
6103
6348
5405
5667
7704
7977
2185
4936
1342
1411
5423
1414
1035
3339
3881
7768
1901
2910
817
2944
2185
8074
2569
2645
1030
3115
3870
7281
1960
1446
1913
8072
3391
3193
1073
1745
3424
7233
5255
6074
6953
1817
7561
6605
6259
4787
8015
6954
6912
7647
7793
2667
2185
3515
5736
6957
5694
4242
4259
4317
2222
3284
7555
7283
4753
6757
3077
4820
555
3119
6785
6784
24
6721
7321
2367
7250
1817
7241
1808
1397
1848
7471
1866
7019
7826
6784
2367
1866
7471
6441
347
6784
2185
4557
1706
7428
1865
5780
1865
1706
5936
5923
1695
2350
6717
1683
7434
2148
6441
8013
4153
5435
4245
8090
4135
5692
5737
4485
552
5297
4268
1712
7986
5741
4106
1528
1698
3235
6100
552
4206
1122
1827
6831
2534
6101
1698
5435
8182
5343
8191
4229
5435
4241
2709
2619
1364
1364
2930
1350
5434
6017
5706
5280
8160
7647
1127
1507
1127
4900
2030
1666
7215
1859
7329
4814
1118
4802
662
2738
648
1874
5671
3614
6044
7096
2311
3751
6391
4813
161
5480
5147
1872
6391
3750
6878
6895
6738
1460
2986
3005
4900
3058
2829
1183
6892
6341
3342
5361
6135
7258
515
4540
1084
4514
3341
145
3867
3744
4901
1021
979
4901
7743
585
36
2916
5147
7950
3265
5221
2598
2610
2610
3961
2747
2608
2289
2721
7063
3749
5663
3900
3959
3738
2780
5663
3959
1426
7964
3692
4970
275
2667
2555
5177
5662
5643
5350
1235
4970
7979
3918
1235
1222
5227
2061
1851
2555
1205
1294
1163
1219
1216
2925
7143
2555
5186
4568
2327
2308
7913
6817
7876
7911
4569
4569
6948
5245
5167
7906
3615
6635
4539
4569
1233
4093
4598
2922
1233
8081
4969
2583
2648
2962
8082
2581
7954
7898
4180
4180
6122
2783
7872
4181
8083
3469
4203
7427
8083
4203
4207
6743
2446
4131
4207
2770
4203
7322
7248
2704
2174
2169
7284
7623
2771
2907
3821
4712
7631
3639
4713
3716
2747
6883
5462
4033
7051
7041
3723
7251
198
4704
4036
2796
3734
7629
3561
5173
6166
8059
7675
6504
2416
4969
67
4063
917
837
4712
1889
7625
4917
1889
2532
7675
8045
4054
4914
1061
2125
3372
3179
4712
2124
3098
5782
3295
5858
5277
8044
8044
8175
5875
7083
7037
3295
5276
897
956
2691
8045
3268
1676
1791
1782
1155
1155
3286
5875
7221
5706
6049
7027
5311
1067
1375
1502
4772
119
1396
1908
7423
1704
7826
117
2158
1732
1159
1861
7895
1024
1553
949
5502
66
6594
6352
5451
5147
7895
6836
66
4768
5474
1065
1039
6460
6099
1789
4768
4596
1015
6134
7894
1767
6132
67
338
336
4768
379
3596
3907
7895
5649
4641
4825
4830
5016
1226
4647
4721
1682
7950
1223
3214
3878
4053
4053
1690
6479
2100
3954
3982
6467
3957
4052
344
4052
3674
3674
343
5466
7744
3050
7744
7082
3545
5366
2609
7083
7083
7835
7835
4067
7082
7837
5846
4258
5206
5366
5466
3544
3544
1234
6781
1025
4391
3545
4387
3708
4394
3545
138
4390
233
6525
5911
6103
3764
4363
2644
4807
3955
8077
7935
7944
4242
6847
7133
7130
480
7132
4308
5835
2816
892
5199
3261
3391
681
4119
3527
5199
1439
2438
3674
1439
892
6548
3677
3195
1269
6212
6548
212
3139
479
402
5210
511
6925
2359
6557
3591
6967
239
6525
7632
465
4324
2359
780
7155
879
5068
879
2816
1022
6557
6370
6396
6050
3762
5860
8123
6337
2142
2257
6349
3955
3963
8090
3937
178
2513
3937
1063
3590
5717
3736
2993
8123
1063
8120
1063
5861
8021
8112
4865
4699
5861
1063
2
4718
8115
5863
5589
5585
6424
5250
5597
309
5575
2
5937
6336
3951
3720
98
2353
98
5832
5237
2040
2298
7209
2354
2355
2358
5936
7075
347
6336
2377
1332
284
5948
5949
5637
7624
1446
8053
1282
7028
7603
6084
884
3480
7506
7528
7539
4577
3504
4287
7539
2714
1289
3495
1282
7603
7026
1878
1184
8112
803
8122
7257
2569
7283
2714
6956
5714
6637
6084
6964
7284
3875
7229
3130
8124
663
8187
1184
7031
7952
2359
1199
8104
7587
1184
2817
8190
6718
8118
6717
6124
1084
1058
5815
4464
5635
2235
1058
2396
1059
2437
2115
2369
6141
5815
5815
4534
2754
5815
1059
2926
4335
4347
2157
1138
5410
7026
6943
5763
3131
3401
7501
3816
2661
2388
2162
2388
206
4167
2834
7295
7736
7738
7737
2162
766
4165
7983
2662
962
5562
962
962
4529
962
4581
751
3239
6040
6058
2517
4072
6531
3275
5323
7570
4702
8079
576
7656
7200
7609
576
6828
2388
7243
696
7240
778
7225
7924
884
697
699
4401
5687
3569
4390
698
38
5855
2918
7394
6820
6789
7348
577
1618
3284
3178
5797
7203
5841
3345
5223
5841
5667
2095
2093
7295
5596
319
319
2092
6191
5604
735
4073
725
7147
725
2687
3187
2848
7001
1197
224
7512
1196
5855
1554
3650
1554
7937
1555
2867
6811
6530
1555
395
6647
1186
2751
6962
6975
2751
2751
2750
2754
38
5676
6718
6777
7558
6702
7014
4035
7192
7351
3197
4163
7379
4050
1186
3890
83
881
4559
1105
3945
4559
1418
4050
6530
2695
2731
994
6022
7791
2767
4781
3061
5594
4741
5218
7790
5100
4729
4828
5615
4565
5536
5503
5536
5172
1
6530
889
1
1251
2955
6706
7208
6975
6447
2954
3386
7892
3145
6027
5192
998
6018
1618
7510
914
6508
846
4565
866
7725
7864
1596
2045
2267
2845
748
7865
4477
1520
1457
1470
1413
1422
6526
2203
4639
2129
2824
2347
2116
2954
2347
6695
3304
1587
3310
4467
1810
1853
1631
2329
3334
2873
3772
6176
3966
4049
330
4804
2955
4798
2874
4161
888
5578
5562
2872
2825
815
2824
7865
6526
4596
7821
7865
7737
7739
8153
8169
381
7739
7898
6443
431
7899
2663
7737
4196
6509
888
6574
230
7809
4196
4096
2396
5800
2338
888
2437
5733
2437
5746
1035
2436
1124
905
3825
1124
2436
900
909
750
1559
1718
1579
1047
1633
1584
3372
3168
751
3075
2952
2808
5725
6198
2254
3630
3605
7789
7682
7869
1127
751
5706
2174
751
7169
7222
4638
6635
2379
6627
1167
3434
6198
6228
6072
6176
4657
2188
7317
2975
5553
1125
2972
4926
5642
2974
2929
2929
2929
427
2769
7223
7223
423
815
425
3479
2928
2188
1166
2377
4233
7219
7460
6076
8140
426
4911
2682
6053
6076
6076
3388
6438
6640
6824
6436
5567
3788
2376
5414
3376
8102
4557
6434
4233
225
4233
8102
4923
4232
37
4945
5481
4275
3144
827
5884
6085
192
8098
8103
5356
8079
3439
3355
775
3574
5096
7291
7293
5885
5791
5884
8007
6926
5096
7619
3911
8009
1166
3933
2537
2705
5096
2706
5980
5357
3145
2127
6937
7992
5096
5357
2678
5356
8047
5543
1167
2465
4882
8009
5272
2807
4884
4154
3079
3262
2676
2673
4157
4441
2149
5688
6778
2673
4447
7419
4148
5314
6439
6603
4553
2506
6605
6622
6622
4555
3937
3364
5688
6605
5315
5480
5688
3271
6947
314
7485
6981
7918
3270
477
3270
3271
4555
664
304
489
5660
910
690
3198
315
5660
286
4567
2835
463
5661
625
2607
311
1760
1163
672
2832
2846
672
1715
2735
1247
5319
7389
7890
7855
3150
6412
673
3150
950
7201
3135
7731
1758
2833
4526
7503
5661
7505
1523
1762
673
5950
5938
5928
5895
3829
579
5822
2451
1523
3830
1147
1209
1828
1006
1713
1038
3379
3744
3831
3269
3829
6898
6898
2835
6908
6007
5990
6908
5989
5882
932
5744
2404
5744
3555
3691
6098
6099
2407
193
1772
6863
3143
2404
6862
1994
3554
3555
766
2486
1021
1757
5855
2478
794
5960
5078
463
483
483
795
6452
7932
1014
2470
7303
797
6437
6862
7694
1994
8094
7624
7933
7302
6555
7347
799
7081
3555
1964
2031
2031
7904
799
2029
2028
6863
2767
314
6111
7907
6609
3695
4309
5079
6846
4887
803
3260
1317
314
6529
6609
6618
6619
5012
2423
5534
283
282
6354
2551
1486
610
6894
7483
1503
5701
2517
5748
6006
5696
611
1894
623
6809
1501
614
1922
1581
550
6827
6809
6405
3722
794
3678
6453
717
710
710
2654
1486
3000
6439
3901
431
1650
436
3220
2459
7346
6434
7053
2415
1936
2921
525
6132
228
5719
5156
7596
5025
2869
7346
2829
4616
2293
2819
4308
1152
2124
2533
2720
6885
1283
4970
1353
1624
7764
421
4308
1605
2667
1602
7764
8052
6435
6176
3938
7596
6292
6477
7203
197
6385
5383
336
3232
231
678
2162
8056
5200
2063
6580
6313
6287
6151
2119
4731
18
5423
2504
4518
7881
4373
4295
2504
5200
2541
2531
970
2531
2531
2531
3163
4009
3332
1461
5355
3161
3163
2442
2600
4747
2797
3046
4797
4574
7206
6856
5950
6580
8091
3161
6954
8007
3161
4574
3324
2137
5348
1356
3326
6131
7
2568
2671
869
534
3928
2799
4675
3179
7593
6950
1518
6487
6576
1629
8142
4626
2638
357
2137
4892
4468
3176
2672
7592
731
7251
3673
2779
2204
674
3721
1478
735
67
69
3743
731
6518
3223
2676
7006
6488
731
1478
943
3679
3234
947
35
3679
553
611
3679
3679
946
514
946
6884
6884
6539
6453
6417
4987
4407
4488
1042
4215
1339
4987
88
8079
1287
1952
1366
6536
51
6927
989
1905
1043
4174
6919
1044
2256
6416
1474
6924
5477
4333
2258
2258
2256
5383
6925
6540
8103
1337
6296
993
5189
4163
1332
5579
554
996
1339
4876
4985
997
4463
1010
788
4865
7202
7339
4332
7287
928
7720
7554
5316
1044
4619
6400
6480
1011
928
741
3479
736
926
7717
8131
1004
738
6397
4024
7408
7361
4985
7717
8131
3726
4852
4836
3361
4677
738
1500
4687
3676
3912
8187
1524
3227
1157
5234
5216
6401
2726
6528
5171
2290
5470
3824
4619
3268
3754
6110
6110
6331
6190
6335
6108
5501
1480
969
5446
3034
1485
1702
1482
1482
580
634
120
1154
3726
6611
600
7126
2110
5196
5211
7239
203
3787
1526
7127
1473
1886
1877
1394
1439
2911
3766
3266
3775
1840
1420
2845
4271
3715
124
1887
223
196
3977
3712
2574
2574
2861
4271
3976
4171
5403
5008
736
6017
6030
7584
8107
6403
3715
4271
5433
379
738
8054
395
2563
6093
6092
3469
7128
3568
403
3715
3190
3437
1539
4271
3233
5901
2612
2775
222
1941
6013
2735
5965
6012
8112
385
232
2735
3865
226
3666
6363
6572
6574
6383
6387
6572
3858
6572
3648
3677
2728
7452
2907
7428
8113
4078
4017
3995
4023
1938
4468
4467
3836
2727
3827
2055
8113
1568
3663
1755
1568
6292
1900
6230
6921
2907
7677
6943
1754
8040
8119
7432
3453
2165
6868
1754
6654
1586
608
7677
2678
5527
404
5944
5515
5519
3074
2087
5519
5509
7678
3077
7957
7676
6779
2724
5563
4674
3097
4983
6057
4978
6048
1985
4447
1824
7677
4383
827
3056
3947
5109
3092
4306
5363
7601
7192
6846
3529
4306
4058
126
3536
3536
3723
3889
7582
801
4541
4059
7582
3264
2038
4535
1989
6055
965
6634
654
1989
5716
587
4535
2911
943
8151
474
5743
3529
7737
6351
3528
6910
3528
7644
3274
1369
1369
261
4324
5908
1833
1026
1026
1509
1383
2922
7704
1933
7381
1967
6676
1178
1779
2019
3595
7036
1826
1009
7025
7111
3711
7705
7495
1257
7051
1714
2307
7061
317
3620
1720
1007
496
2307
1007
484
2839
985
3667
987
879
202
877
882
784
247
207
56
7347
5747
4599
2306
3478
3476
151
4204
1864
3304
1010
968
6920
4130
146
976
2375
1055
1081
1054
2930
2306
2935
2839
4588
4870
997
584
4874
1047
3059
2761
4874
1751
7639
6673
6870
7798
588
1054
4816
1746
4816
2957
7954
7284
5775
6894
557
4870
1394
8061
1525
3087
21
1527
5516
5522
1403
5522
3521
4880
1938
1933
3520
3560
6507
322
4541
4592
3538
3523
3257
332
2105
1192
2139
3520
4818
6520
2110
6524
3520
6902
6690
6827
7184
6760
6926
1965
5083
6690
4761
4524
6440
6385
5067
4848
332
20
6392
6388
6521
1851
4264
1851
5648
1179
20
1851
4423
4253
4336
354
6566
1177
6521
1850
716
3196
3176
21
1177
4881
275
275
6019
5825
2235
2263
4911
4701
6421
6705
7745
6705
7745
1971
7842
6847
6820
2204
4283
960
2178
6707
707
1293
1179
960
3709
6707
3588
2101
5817
5818
3692
5475
7247
7239
7327
3693
7275
5818
7278
7049
7268
1136
5169
1010
5409
1577
5475
5242
2688
2527
2759
2701
2108
5177
2101
2103
5179
2176
4759
5238
7762
5873
4777
7407
2204
5817
3711
1855
5412
4415
6264
5420
3221
6330
5816
6728
4621
4654
3621
4620
2238
2601
4303
6330
4109
5098
5102
2212
2224
5653
4104
5394
4104
6248
7775
7370
4109
5247
6918
6743
7362
7363
5143
7043
7088
7594
6091
7558
5296
6115
5664
6086
5758
7370
5704
5350
7414
2323
6118
6118
832
602
2309
7362
6119
536
2773
3089
793
92
230
1634
1961
2936
6411
3142
762
2699
7092
4042
5816
829
1353
7537
2270
2106
2184
2776
7237
2936
7429
4513
2631
1492
1429
7630
7628
7630
2470
6953
7017
2937
4833
2937
955
3382
3375
6501
955
3370
3351
955
6209
955
3795
7210
4812
5107
1072
4253
6236
2130
5368
2189
2189
6520
6293
4236
4231
7556
1073
5043
1330
1343
3069
5043
4235
3767
5550
1202
151
6143
3312
1076
6106
6643
1065
1072
7092
7471
3327
1176
5282
1197
1142
1425
1254
1039
1213
7088
3327
4936
3767
7220
3474
1546
1000
2298
3456
1822
2303
3388
2225
2303
3457
3587
5148
2065
2619
2402
5150
7294
4960
6613
3458
7971
4960
7320
4939
5149
7498
7575
7279
3370
6710
3364
3365
6498
3368
3420
6411
7496
2908
5281
1503
6339
6911
6865
5043
2572
3617
1987
6408
6712
7678
1496
8068
3110
6714
3584
7976
2420
7496
2421
2420
2420
4807
4566
5055
5767
7892
2583
4334
7895
6323
2560
4823
2584
4529
7813
4557
4384
5076
2585
780
782
7780
7498
7211
832
802
7702
6868
6615
7838
1278
1277
3144
537
5883
7992
7975
7256
8047
5725
7657
7660
7057
5777
3990
5777
1509
7771
5514
7838
1484
7849
1484
3991
877
7077
747
7459
3052
2785
3622
4272
5707
4678
3012
3991
1447
4273
4268
4484
6213
1397
6655
5707
1050
1055
1644
6991
6988
7247
5070
1918
6636
1668
5015
1646
1644
1378
1801
5881
1447
1441
1847
8089
3155
3404
3401
4632
2895
4632
3994
5441
4083
6411
4064
5750
6005
4088
6822
4084
6638
7482
7256
2006
1331
5134
5134
5130
1372
1854
7857
7877
2794
1342
5134
1211
1855
5336
1441
7484
7589
1747
1196
1004
4129
5675
1647
4155
1910
6853
1418
3412
1372
7985
6911
6204
6932
6932
6204
6248
7977
7702
4489
4835
2795
6180
4507
6933
6124
6083
6933
4507
3589
6143
8008
132
147
3618
273
2349
220
2349
5468
5232
5966
5183
6204
5793
6140
5219
6205
270
2581
2620
273
6179
1838
5457
252
5471
4510
1850
7939
8033
8085
1723
6179
6871
6271
7844
7243
2893
7848
6242
874
4812
943
7849
131
6671
3494
5874
5049
1779
5903
3756
6023
5774
2771
2171
4627
4511
4626
5788
590
7575
1307
6179
3251
7661
1305
2819
7649
589
4511
387
6285
582
215
582
7515
384
7549
2633
6178
2315
2424
4913
6041
2471
6041
2631
974
1707
4511
1722
253
1726
88
1489
7125
1520
7125
1707
1500
1704
4912
1344
2473
4912
2743
7439
3434
4912
7479
3516
1421
2298
7474
3944
2213
2464
3718
3532
1514
1791
2468
162
164
2026
935
819
164
1860
165
1838
5606
1819
423
1725
1885
5004
418
495
1059
2259
492
927
1544
7786
7072
1843
7143
1546
7073
1923
8063
1914
1546
426
8151
1881
8172
8172
6261
5784
5784
5785
5821
783
930
5784
2146
7433
253
7433
4162
3280
2086
3289
5495
6119
6126
5444
6010
4497
6010
4598
4598
800
6011
5991
787
3289
1377
2259
995
1086
8148
1143
1157
2994
1065
2206
6236
2582
6214
3012
8041
2988
8022
3295
6915
6948
3128
3128
1893
3733
2136
2251
2668
1895
6551
3217
2913
6220
4897
6263
5379
6247
4897
6950
6885
4312
2912
2343
1888
2970
253
4350
2448
7885
2339
7520
2454
7834
2518
1888
6785
1237
3215
3153
3360
3361
1321
3126
1241
3269
7523
6505
3077
4730
3363
7521
1243
3105
1224
7520
542
7081
2351
571
7080
7093
5069
3363
84
3833
2145
7476
5946
5877
2205
7476
5925
4132
4125
7979
7473
7044
6787
1352
5773
132
495
7045
139
5252
6573
1695
7441
1004
1694
807
4447
6339
1667
1671
688
3397
3517
3771
2205
3515
1695
5574
724
3106
6669
7109
1695
7476
2611
1187
7109
6579
5577
5385
3777
2703
3891
3800
2646
101
3758
2732
3820
4821
4348
4821
4348
4349
4348
7541
4173
4096
3672
2295
3901
2266
2226
5384
5601
6579
2641
7979
6586
8025
2867
6586
3219
6876
6908
6248
3293
3325
2857
3325
3080
4164
6996
5384
2857
6169
4785
4785
4610
2206
5795
7060
2669
485
4790
5385
6585
4607
5588
5611
6492
5611
5843
7894
2337
6840
2348
2337
5100
2344
1490
6561
3314
6585
7889
973
2730
2695
7045
3530
7231
202
394
7045
388
2457
387
2443
7991
1791
7900
7796
6956
6985
7911
7685
482
8082
2533
7619
7485
7107
7705
1764
5178
8186
3781
8130
7029
5168
1129
8136
2801
8147
8191
2923
2785
2899
5962
5189
6706
2448
5156
2448
5585
5575
1068
203
4613
217
194
3714
207
4767
6703
4767
6535
4151
4152
4131
6951
6637
2360
6461
7063
6546
6997
2555
4443
2552
1175
4138
7167
3984
3567
2499
3546
1533
3565
2051
3567
2745
3402
6729
4721
5101
3567
6364
4300
4752
3402
6297
7929
6424
6364
6365
5541
3178
3772
5699
5924
4136
5540
6365
7684
7425
7926
7592
6692
7772
7926
4976
4931
1432
5540
7931
7006
4990
4431
4280
4418
4360
6987
4297
6413
6673
4267
6414
6407
3232
6647
6998
3503
6413
3667
3667
1950
4152
3442
8179
5519
7613
1393
1349
1345
1345
552
1431
1432
1433
5555
5555
5555
1431
1428
7481
7573
7537
7775
3491
6712
6519
6857
2488
6519
2489
5771
4429
4351
6020
4545
2998
6486
3533
2955
8179
2745
4098
1433
1701
831
4141
7530
2745
4141
2746
5049
7513
7513
2867
2998
2852
7513
899
2866
2854
3414
2867
5904
6442
3737
7513
2675
8161
1610
1526
2433
6291
2454
1610
2292
3384
220
7980
3390
2292
2253
4641
2308
3256
7403
8179
6952
6952
4775
4563
6671
4378
6716
4587
2925
2925
5996
2981
3256
2675
876
5956
787
2979
937
2764
2297
2895
2979
2675
6740
7298
2702
458
4773
2675
7311
5809
7328
6730
2376
7005
6332
4459
2030
187
5811
269
4726
4937
2320
3916
4956
4320
2028
4476
4224
999
999
4751
4751
2560
3487
3165
2651
3476
269
8179
3118
3191
2502
3784
326
321
4183
6077
3489
3488
3492
4224
2624
7392
8011
3988
1977
8011
1675
3549
3527
8010
5171
4383
5419
7899
7916
4091
7917
7310
1675
3519
5705
140
383
5617
5505
383
322
2599
5504
7381
5683
5640
1007
2596
7030
5621
1636
1952
1002
1600
7213
7604
2599
7230
6786
7523
7528
2949
377
376
5386
7754
8127
526
7323
7413
2948
2763
8011
416
4050
4226
2753
3673
2415
2951
5655
522
6088
609
3631
524
4517
6625
6626
6625
4246
270
7390
7359
6629
5554
7359
271
3558
5549
6628
3571
3524
8062
4244
396
4226
6625
6624
7145
3722
4420
2488
4269
8067
5010
3057
2671
7029
416
3934
7916
4635
4705
4735
4720
4449
4608
4784
4972
5828
5455
5212
5181
4112
7925
7440
271
3935
3115
4968
3932
4449
3932
6833
4420
4102
6833
675
6903
640
1299
7724
112
4968
270
6844
4886
4906
341
735
341
1895
1532
340
340
2261
2055
2056
1299
4077
3120
1253
2845
1262
2519
1465
6107
7495
303
4286
3107
1569
3288
4278
1807
7175
6269
6205
3428
2987
1471
6146
2499
6632
7717
7793
2519
3935
4278
2519
2445
2479
3924
4661
2869
2854
5253
3934
5253
5135
6317
4868
5400
4881
5138
4885
5079
2519
5415
6177
3102
6927
6716
4876
2938
5125
6617
3098
6669
3577
2645
2933
8145
8137
6696
8155
3579
4237
1245
4237
5266
8160
3477
7271
7254
5265
1962
3991
734
4234
6302
5980
4278
5961
734
6042
3448
4061
3547
7524
4035
7525
1475
7039
2499
7477
3467
4136
4230
4611
7713
6299
3234
4610
6933
6300
6300
5760
4136
7535
5432
5415
3375
3539
4208
5403
4208
4208
4209
5130
5258
5424
6698
3518
3301
7240
7035
1987
804
1987
3184
6989
7027
7535
1253
5155
5319
684
5334
659
8092
5318
7953
4205
851
553
857
3296
5008
4743
937
3579
676
494
5287
5163
498
5253
5283
495
4195
424
7724
5848
4186
5866
421
5876
4315
4411
6030
5647
965
684
847
19
948
553
1474
6598
896
918
910
6025
7368
7822
7272
3518
7257
7378
5693
7422
5711
7412
6864
7823
664
3579
1751
5295
1981
359
4158
7820
3006
3516
6177
4228
5458
4126
4241
5141
4284
2413
1344
3498
6457
4247
5678
1867
7823
1885
1630
555
99
8170
8154
8149
1977
8088
2009
5347
7618
4053
6864
4048
7618
1347
1291
3975
6598
1769
4019
2411
5772
4868
4864
7020
7648
15
7769
53
7807
6964
7700
7779
3835
4537
4583
7701
6531
5109
7649
1778
5108
5858
1778
2618
7285
3831
1335
7596
5859
488
424
7477
7430
2412
1199
3798
1440
1185
3158
3218
3797
3182
3134
3825
3832
5783
7911
7857
3135
4523
7449
3402
3835
4402
3595
7453
6769
835
453
4402
4399
7524
8000
6749
4408
5783
220
835
6864
1713
7953
6240
7847
5562
4402
6177
2212
2073
3045
5494
5847
5521
5849
5489
6251
3045
860
4531
768
7431
7425
4535
6128
6344
173
875
1316
173
5402
2846
3258
5022
7847
4563
5648
2431
4473
6367
5022
6792
5017
6648
6648
3242
6331
5527
5425
625
633
1780
5651
2784
2578
5651
5650
5270
6787
628
754
753
8055
6603
433
4627
2570
2023
2721
2147
7863
1780
2147
2037
7343
6589
4223
5930
2140
3206
6089
4531
1629
4620
1627
3051
7843
4049
4830
4802
1291
3834
7578
7578
1288
5623
5549
860
2846
5625
3938
2826
3322
5492
1680
2719
2681
5488
1752
128
1681
1681
6588
2712
183
6224
5
2053
2528
49
3919
7615
3119
7719
782
6588
7715
1020
1023
7715
3709
3709
6589
1912
988
3088
1535
6514
980
2668
3119
2552
2080
3091
4051
3675
3890
6487
2340
7043
7071
5580
101
6470
4169
3095
863
7078
786
6137
7071
2343
7050
2361
2340
3109
764
750
767
2527
2477
745
3109
3471
6503
3141
3468
7629
7428
7442
7065
7624
3122
7719
3122
3122
3095
3088
715
715
7167
5225
3457
715
3189
7141
5611
5018
4471
2152
715
2115
2169
609
7140
7917
6303
6303
5816
1043
4111
4051
6259
2990
2217
6488
3773
4115
7711
6303
6699
655
3619
4919
6488
6494
3698
6518
7167
2078
3667
4918
4919
6544
2801
6303
2787
6516
6495
6414
6410
6467
1419
2637
2733
1419
1013
2601
2758
4919
2799
2799
3242
3156
1438
3203
1752
4799
3170
6551
5927
6867
1322
7123
1320
4369
1438
7031
5927
5586
5584
5587
5586
293
6553
1861
3600
7516
6554
2272
2114
6284
6544
6221
3137
4121
5933
6027
4443
1249
4296
449
1886
4398
4408
6220
1130
1402
2907
643
449
448
358
3167
448
6327
7396
790
6523
4668
6363
6388
4716
791
6168
5179
6338
6294
5170
5181
3033
6170
645
5337
599
848
666
950
6278
3034
5343
3345
856
6992
6988
861
856
7012
885
885
891
559
7703
7703
807
559
1691
558
3346
4048
4032
2128
1885
3975
3891
2128
2123
6074
3600
4780
1000
6171
5051
2199
4856
4933
2182
2182
6278
1045
6616
797
6616
2275
1884
1045
2137
1040
1069
4078
1415
3819
2197
6288
7561
292
6399
3999
7708
963
7567
4018
293
3917
2605
2946
7560
157
5444
4077
5844
4069
4338
6558
4168
6910
3916
6558
6789
6559
5130
3310
5986
2125
5997
5123
3905
390
6237
198
1805
1807
7561
3907
4764
3055
1541
1541
3049
4706
3857
2792
7726
6219
7706
7995
7980
7862
387
6216
294
308
678
3609
3435
3285
7877
3610
7877
2576
2620
7896
8037
4794
2787
3827
8039
1584
1577
5071
5281
5066
161
7403
5292
7401
1582
6178
5492
6332
7669
6970
6603
2414
7533
6767
4243
6472
6211
293
4010
3979
3917
5504
5033
7708
2657
3477
3488
5033
3620
7670
2842
6225
7669
6063
6230
7669
6063
1573
7583
7225
7512
7569
7577
1572
6091
6038
2661
6080
7707
5700
5813
4340
5820
2719
1756
7707
6265
5041
5041
7034
2657
7464
4440
7552
4866
1837
1883
1834
4600
4982
4932
5105
4781
4825
4667
3117
3917
6883
6811
1430
1452
6583
1407
5291
4342
5303
5253
5598
7273
2097
2088
2091
2091
1479
2095
1904
2022
6335
1479
767
94
2088
1663
6310
561
568
2092
634
7099
626
4477
7026
1479
5076
7405
5085
5192
1479
7064
6968
1985
4084
2335
5193
6172
895
7062
4016
4146
1371
2335
1079
167
2335
1980
1011
2176
1931
2415
2362
4724
2651
2769
3384
7723
7732
1176
2335
2617
2884
7735
2324
292
6977
3891
7257
1170
7249
548
5109
7868
5108
439
3010
3455
2101
2105
3276
447
437
7001
7001
5186
5241
5246
1108
5233
6688
8132
3160
4957
8111
7324
8097
3136
8100
5556
4959
2270
2269
2993
6444
3033
2257
2261
5974
3551
4556
1109
5975
4595
3482
7034
6446
6446
6445
6720
550
2194
6721
7035
1107
867
639
2127
7000
1957
7239
3825
399
3175
1861
177
203
6444
660
2405
5095
6904
4596
607
1108
6930
606
3499
1109
6841
3129
3175
7100
1110
3175
3175
7100
2624
3040
1795
367
1795
6943
1111
7189
6767
658
6841
188
4600
271
2624
7946
274
2625
4915
7743
4004
4014
5115
4689
2284
2021
2625
2291
3512
6791
2548
6412
1162
2597
6414
2592
2607
1448
265
2994
7858
5117
6490
6981
7775
2607
3461
729
475
763
1175
7972
3680
3626
5117
3197
3701
534
2059
7062
5119
2059
6683
1294
6516
7205
4463
2059
8120
2059
5119
8079
7235
6145
1570
4171
6008
6117
5904
1975
3579
6008
4544
6123
6115
5972
5987
3040
7336
7260
7294
4124
906
1635
7141
1887
1640
1613
7294
7068
3408
5987
3393
7068
3606
4125
3162
2920
4125
5169
3606
4124
2786
3873
5945
5094
3879
4759
4608
2995
4790
3878
3687
5014
5388
2232
1955
407
7636
2995
6963
3686
6971
6972
6972
3842
6967
5385
406
407
91
2995
5621
839
543
6888
223
601
2914
5972
65
551
633
81
160
3989
1537
6888
3993
6189
91
1561
6889
743
743
4585
1433
3142
6889
1497
1488
3153
5972
1106
1958
3237
3931
5976
4585
3494
6075
5976
397
5909
4343
5785
1863
3913
2727
1867
3262
1743
1210
7670
1876
616
1105
1596
3913
2315
1444
3973
5976
5977
3105
8009
1961
8008
4585
4584
1472
2441
3102
2598
1449
6732
89
6748
6766
3141
361
6750
6749
6775
1472
3297
3880
1473
8036
3240
1472
3689
1198
3689
2472
2478
6437
2474
2474
2472
7271
7252
3388
3380
1019
3382
3689
5377
3433
5390
5418
3452
5088
2102
1449
2302
4950
512
6752
5608
518
5591
5608
797
6404
6269
3936
3407
1997
265
331
452
8097
2013
1944
123
7670
7656
7658
420
3387
2802
122
3613
621
6518
5381
7974
6289
6211
621
7860
7605
5448
5161
5377
7557
3795
5416
5187
6290
6290
949
7504
6289
6283
6704
3815
1182
4523
3191
3776
3805
6762
1750
4366
4411
6391
5007
4843
6339
5114
5397
4523
6351
5526
6193
5319
4823
7843
6709
4561
3255
4584
3015
2445
4585
3427
5381
3427
6713
6582
2447
3171
7605
1385
6676
2446
7863
85
561
545
5282
7858
5076
906
7326
7794
7720
197
906
4469
6699
740
845
4470
2621
742
3819
741
2919
3818
5827
3818
5242
3819
5599
7286
7605
7243
7293
2685
1270
1270
2685
5543
1845
1062
5543
1243
1277
3542
3772
4164
1271
5597
121
1189
7436
4362
5619
7699
7699
4175
1855
5619
1958
4537
4580
4504
1903
1954
7578
3194
2974
1903
4374
7600
1189
7607
7030
508
418
481
1981
4185
2025
5709
1308
1422
1854
5708
2725
2708
6350
1182
6887
2738
481
2748
5679
7600
1278
7490
7534
7327
1843
7607
6683
621
7502
511
467
5679
6903
1927
130
5935
5708
5709
1212
3048
1585
1681
1576
130
1390
4256
5539
2566
4275
2880
939
6232
5927
3166
4409
471
3237
4944
4843
4410
8059
5847
4775
1266
1181
3186
1329
6192
6359
2611
2613
791
2626
5858
5645
610
3046
620
620
2628
2398
5338
4369
6002
2394
6383
5768
3779
5122
5427
1628
6371
5634
6352
3802
5427
5460
5770
5768
6776
358
2629
1628
4599
4599
3044
885
8180
7801
8015
6650
294
6904
826
1170
6129
7486
5645
4655
2626
4642
4630
4623
4658
4635
5986
5753
7848
7835
6114
1983
5645
4636
4819
4819
4829
4801
4801
2772
2762
2006
2740
4190
1982
3234
1296
1371
8129
4794
8180
8128
5237
6149
3062
8130
6317
5191
469
5379
2473
1104
8130
2475
5557
2332
2329
5218
3719
953
548
601
8161
5136
167
7832
1008
6915
4939
1146
1945
2537
5149
2687
3063
7907
2558
3856
2903
2792
3675
7985
3873
6023
4939
3859
642
5865
3906
6709
4354
5202
7912
5247
5225
1932
873
1115
1255
1250
1228
1115
6709
7092
730
2171
5229
5460
513
517
1932
8088
8063
7912
7475
5564
391
1002
3317
5532
2957
2472
516
2770
3319
517
570
1002
7616
6701
5129
5455
4590
4595
4602
5530
4439
4556
6915
5531
3146
7906
563
688
7430
3078
1176
7431
5020
7425
4659
5029
7431
7841
7875
3147
1128
1132
2639
63
2043
2038
2062
3660
3703
3658
2630
2640
2036
2046
2043
2917
6495
58
6711
6567
7590
6884
842
72
4637
4657
3049
5168
669
569
1020
570
3707
2543
8168
3075
3155
1438
1946
3089
3313
8168
3707
3317
724
3081
3491
3698
6973
7129
7264
8169
8116
3537
5959
6006
8100
3560
5959
2995
2506
2556
6126
669
1080
8117
724
5185
2030
698
5205
5215
1181
8169
176
790
703
789
1174
6312
5447
5934
6226
5272
5932
6986
6227
8117
6215
6215
3300
6209
6421
8101
6466
7364
6408
8160
3671
5499
3755
5005
3603
7885
3810
3799
6219
3692
4749
5910
4805
6476
5499
4800
2323
6704
7166
4575
5766
3799
4226
2228
2296
2065
4831
3315
4840
3196
5019
3202
7299
7298
1362
7047
2020
7060
1362
1145
2025
6559
3799
1662
6610
6245
1279
1264
3799
1275
1251
5883
1145
1519
5845
5849
5842
2978
2985
5851
4181
3014
3009
6834
5012
6535
3015
4350
4346
4344
7094
7224
1149
3307
5015
4045
2634
161
6294
3254
4045
4257
2985
5425
6627
2244
5327
2244
5910
5590
5638
3160
7781
800
2981
663
510
6279
2851
7963
4037
6983
6347
4665
6295
3417
4068
3337
3791
1116
6995
5782
171
4622
655
5622
6982
2891
7386
8109
8108
4256
5276
5431
2173
5251
2313
8108
5271
2305
5971
2307
5969
7475
6327
6338
1283
6149
8104
7480
6979
3555
6182
6133
6132
2879
6183
188
189
802
7388
133
7679
6183
7796
7711
7163
5644
4016
2796
4381
4536
6638
7063
7671
1156
506
6183
7290
7548
8146
4017
6183
6283
8145
8144
7388
7386
9
4490
931
1947
1946
1158
2679
4184
3720
3072
2444
792
646
4160
5723
2046
4496
5273
3731
930
8038
7627
3475
4503
5919
4982
3475
3316
4997
4154
258
3316
4386
1532
3722
6447
4679
473
4031
6841
6801
3803
931
5581
5605
5623
4752
4748
5593
5574
1973
6229
934
2023
2023
7479
268
1777
4161
1616
40
5666
6604
1753
199
942
7804
614
1741
5363
7392
3862
7307
2176
5363
5666
7398
7392
4160
2816
4031
2179
267
4021
6403
6889
4197
4523
842
4446
4292
1144
5092
1814
1422
1662
1864
1520
7229
4724
1814
1631
5819
210
4724
4725
5819
5932
3987
6604
7154
7140
3185
267
3086
3312
3298
3353
6868
4700
6606
6852
6656
44
2179
267
264
4027
3235
5139
5367
7373
502
1238
7423
7734
7401
7417
7342
5276
6606
2109
5635
4946
2099
4740
2744
3086
342
3199
338
2881
2887
457
342
157
348
4703
932
5106
4767
3612
5087
4602
7508
5988
2428
4660
4653
4367
4367
3472
5366
4793
4946
6782
7449
4951
4691
4951
6682
4955
1241
1222
7350
5557
6538
5554
4836
7350
4855
4527
4855
7348
4579
691
4586
7360
1060
4766
7417
1547
3243
7345
759
5094
4008
2405
2414
2428
6992
4995
7696
506
3925
4687
5787
3275
3525
3455
6993
5173
3303
1331
1942
455
437
8058
1923
5042
4737
1457
5641
1458
7962
3739
454
315
1558
3848
1561
1543
3739
3804
5197
7504
7334
5787
6192
5973
4962
7214
7325
5133
5094
6450
320
320
3854
5564
3866
6522
8145
7258
5663
5654
6747
3929
5213
3451
3432
5787
6739
5635
5089
770
3866
2317
847
5321
6103
2317
6052
5090
4255
8157
4564
7375
3870
3871
4566
3483
3097
3092
3862
3556
3854
3487
3188
7924
3776
5787
1292
3444
4368
7924
7786
7904
1295
7932
796
2990
7926
4345
4315
4432
893
4930
4704
1868
4345
3047
1883
5318
5349
5337
5651
5166
523
5332
4102
5344
5705
4102
5160
6789
538
1539
5682
1039
1607
1539
908
1450
864
5035
2219
216
942
8157
2948
5223
660
247
2949
3003
2219
848
167
1608
8156
1631
3595
1450
2238
706
639
1034
1300
8156
1055
1147
5035
1344
1535
2061
2072
2191
5652
6083
925
5275
6062
5691
7530
924
1756
1599
924
3980
3551
4062
1435
6181
1028
776
2219
2219
6578
2515
5737
2395
2458
5778
1846
2474
368
5146
7174
3347
546
4178
379
777
74
7922
4974
4987
5127
7748
4883
355
74
359
7021
359
6736
6243
6387
6381
6242
7025
5832
355
8003
6291
544
6291
626
627
2722
76
3978
442
7321
1013
3610
1628
2727
1558
544
7948
3547
6340
6339
3533
5679
514
6782
6337
2721
5204
5054
2052
2291
6887
2722
6661
6341
3892
3688
522
5596
6476
6660
7970
7958
7861
7832
5599
793
5283
8111
5595
8116
4258
5595
3245
5599
5761
3843
3307
6360
3924
6487
3233
3931
6617
5220
6035
1029
5627
4948
5975
6771
4381
2727
6767
346
803
7555
2038
346
3155
1164
7241
1406
6952
1183
339
344
1257
7568
1030
7729
7210
1029
2398
7740
2398
7738
8060
4775
4618
3358
7197
7204
7784
7784
3358
250
4109
5309
4361
4391
6885
4554
5062
5021
7033
55
5210
61
7788
5247
250
750
657
519
631
709
830
7005
5464
5322
4671
895
3028
947
6535
6274
4671
3029
6487
6472
4671
6232
658
675
4671
308
933
7841
745
2024
6763
6763
495
1788
1366
3623
2294
6535
3069
143
5449
8097
5236
460
474
1788
5165
257
686
936
907
4766
5034
4992
137
4413
4625
7486
3236
1521
1326
137
694
137
7374
141
7374
987
990
655
8071
6534
7372
8071
8181
8070
8159
830
1225
8018
1960
1683
3158
1664
1674
1672
1827
1038
1120
7851
1750
1667
4127
4298
4333
3142
7062
6354
6369
7787
7762
7844
3544
7750
7843
3147
5639
7288
555
1053
5699
1757
1706
2626
1708
4681
2795
6904
4440
1709
5609
499
3123
5624
5257
4955
3143
1669
5626
1128
7241
6911
5609
7723
7844
4222
7536
4222
5426
7475
554
7789
7494
505
6414
2259
348
1201
5434
7325
5931
5792
1200
1213
5426
1853
1667
7440
7446
7312
1697
5380
6175
8114
1551
2053
2111
5998
3472
7897
7897
7820
3027
5347
8101
3192
4681
5914
3472
5915
3104
2248
1110
1229
6008
1159
5643
992
1611
5643
7322
5561
4481
1536
1609
6701
5958
4524
5647
4532
5644
5646
5230
2249
5646
5646
5223
5468
624
4763
4481
2050
7985
8043
2330
753
577
6411
8062
4358
577
2331
6533
2331
1595
1374
1995
2010
4464
4908
3476
4228
3473
3395
2331
5419
4925
7228
4923
4003
1978
4853
4617
4394
1126
1978
3258
1795
4613
6773
1440
7228
1339
4906
4
204
3704
6542
6542
3704
3640
6306
1131
6477
7230
5691
566
411
567
1884
1884
2952
1978
1978
2328
5794
5794
5286
3385
7080
567
3385
2896
2587
1322
382
6154
1939
6120
3202
7228
2580
2557
2556
6154
744
2356
2653
3433
749
749
3773
3132
788
3120
749
3143
1160
2591
749
5397
2589
4743
6961
193
6963
1728
6929
6960
2369
4572
6960
2234
3108
2191
2160
3703
7075
172
195
1731
7722
2136
2885
1730
195
2132
5329
2116
2112
2117
2115
172
6576
5905
194
1730
6489
6532
6199
64
5905
2677
3121
6576
5006
4525
7751
7745
4514
7746
5328
6423
6417
5329
2010
2020
4256
3082
3489
4634
3773
1005
4702
4918
1009
4727
5364
4454
675
204
4700
3837
5009
4371
680
3861
3864
4515
2959
3189
2963
4890
3073
6509
6267
245
279
342
464
6587
6859
7800
3138
5057
7351
7348
4609
2741
3084
3084
3070
7792
3079
6710
5039
3243
205
3406
3513
1836
241
3183
5115
141
7415
3074
5115
7094
7103
209
7053
3180
1017
3180
1898
977
8085
8174
2865
8113
5690
5038
2554
7691
1897
1897
5039
2680
4512
2685
7343
5488
5148
5799
5801
4517
5853
5039
3129
1439
830
1042
941
652
5496
5492
3170
5263
583
653
5488
7357
850
377
4737
4736
718
1024
8012
1759
5500
1899
1571
3140
4681
1566
5497
2122
2135
2533
1967
3556
2135
3524
5607
8001
7264
4512
7265
3495
1966
1167
1966
5977
3493
3376
4512
3471
4315
2764
3471
1873
3896
6653
5331
5330
5330
4091
6822
556
4476
6276
2367
1481
3493
3494
6293
3934
5795
5759
1812
1137
1137
2256
1137
2525
2425
3200
6431
6558
1137
6463
4312
6323
5878
5329
6003
6295
6641
7149
2983
5999
3030
3064
5878
6000
2424
4313
2427
5697
6005
2425
3886
5836
6644
6798
6799
3886
3903
5698
2764
2856
5703
5878
3893
5877
213
7442
398
8150
8150
443
398
5304
4649
2815
1835
5553
7412
7785
7412
7913
7768
7922
7790
5560
461
5553
479
7410
7483
5552
3645
7920
2201
7921
3801
1368
3816
4649
2951
1816
3188
2584
6086
5341
5753
1818
6295
5553
6038
3488
6109
7668
239
4648
4649
953
480
483
6377
7668
7671
3782
3641
5082
6021
5198
5941
233
1216
4070
199
3697
5362
1880
806
1822
4026
3962
3113
2763
3094
2720
1794
3373
2938
6296
4066
6366
1842
1804
6159
7469
2875
4452
1217
3920
2875
615
46
617
1841
5375
1971
1732
2475
1217
4453
460
7106
5803
5810
4329
1219
3972
1217
7038
7766
6693
6751
1793
3707
7656
3976
6684
7734
3760
5940
4582
4099
5940
6690
3642
7444
3645
5941
7447
7447
5254
5551
5584
8081
7447
7447
2641
7829
3058
7829
1659
3761
1969
1138
1191
1611
8080
39
5710
519
1405
5011
665
581
940
643
8080
5710
7349
1229
4993
5067
7402
7394
7543
5567
4239
5768
5984
5990
1582
4889
4217
4185
5861
1583
1689
4197
5961
7087
1218
1531
1467
1505
5389
1956
1902
11
1510
1051
1690
1621
1786
5809
5391
1148
1148
2614
6875
3615
11
1188
3614
4767
3629
1959
5798
1187
5340
4846
569
3486
3860
666
662
5788
730
760
233
4846
7415
4845
6935
1783
4847
8016
6927
6923
7942
1783
6963
10
7023
4541
7331
1615
1230
4533
5565
1620
746
8066
4579
5358
5358
5298
747
7481
2880
2813
2884
2170
757
1621
7481
5298
1620
7446
6791
119
7716
11
7226
7218
7444
7319
7231
7325
7230
7326
136
238
7123
2741
4977
2741
4874
7480
2742
4374
2742
7123
4646
3112
1156
5107
4940
5100
4612
1156
4663
7481
1168
3868
6832
7070
7070
4640
4640
5912
6759
4553
6413
8086
8075
4601
4640
7628
7404
7415
3470
4661
5515
8070
7628
6094
8070
7938
415
7593
6398
7978
5516
8039
5516
1391
6392
404
6399
403
4660
5300
5982
1309
3140
6053
5171
3584
5203
7617
1572
5789
7617
4659
4624
4710
4667
4916
5779
7934
7850
5912
7909
6053
7239
312
7244
3640
3585
3596
5156
5584
3599
7931
6035
7003
6826
7003
6824
5582
5367
31
5371
120
5374
4779
5178
1398
2079
8105
6035
2106
2708
4722
2301
7586
6474
6049
2225
3682
5177
2214
2301
5560
6475
4984
7515
7614
7613
1955
7611
2194
882
5565
594
7614
1803
1919
1400
3727
5604
3828
8161
1918
2786
5582
2784
1858
2683
2652
1856
2534
4644
4626
4636
4791
8024
4705
5009
4642
7544
3635
5344
7544
3582
6055
5719
3298
5677
191
3970
3872
708
1394
1398
3166
4934
648
182
661
3841
1846
2258
3682
1559
3677
1601
3457
882
1600
743
1510
5760
3509
1496
1049
3713
4878
3671
3628
1228
2241
4442
3653
6748
5694
5783
4213
4289
8186
5842
5019
5766
5804
3101
8190
1738
1869
3334
6692
2098
2033
4033
2096
3101
8183
201
6375
2886
3177
2529
2886
1081
1995
2513
4777
7947
4787
325
7460
1787
3003
5951
3352
2843
2935
3896
4199
3741
5951
3901
3970
3289
6691
7726
2939
5498
3980
6763
6215
6273
6333
6366
6151
1275
1273
3699
7881
3212
6752
5586
7659
7258
5541
3634
5625
996
1317
8185
7659
1067
7659
3699
3341
7659
446
6830
1687
506
3770
3770
1189
7758
6829
7886
447
7262
5040
5631
5603
5040
7416
5430
7268
4888
3370
601
601
3968
3462
6253
6585
6202
6860
3833
6467
3151
3458
3788
2497
3781
3151
1324
3794
2498
1254
1259
1248
3970
7000
3827
2831
7758
7919
6980
6285
7759
4603
6713
4603
4376
4370
7837
4611
5147
3073
5151
8161
7758
4571
5335
4396
4568
5323
3310
3299
3309
4643
5428
5243
3308
3308
5190
2603
5339
2600
3303
3195
2882
2881
3159
7206
3194
7201
5330
7545
2497
1096
1552
2880
1263
7229
6680
7297
6681
6464
1181
6681
742
3032
6681
3407
4795
2544
3074
302
1879
2544
5189
5227
1852
2451
3052
2640
2451
1855
3108
3500
5114
3270
3108
3301
3765
3276
1771
94
1963
7250
3149
2696
7943
719
2528
3502
1689
7237
3035
3038
1656
1087
3557
1106
2724
1107
3038
4034
4034
5894
4079
3543
3521
1829
7839
6369
2497
6378
1056
3090
6984
6695
1831
7778
4275
4551
4543
4287
4284
4301
4270
331
334
1793
334
4629
1802
3020
1800
4629
1793
1800
330
313
1793
3954
3953
2800
2806
52
7794
6082
3954
7572
1193
7549
710
676
6082
2408
1882
5802
12
1674
2422
1026
7218
713
4854
12
713
5405
6251
6251
4889
717
6255
7368
6004
7419
6015
4079
4770
7365
7365
2408
4776
2145
4145
2154
2161
4888
6139
2155
5849
4145
5484
1338
4145
1457
5376
5112
4816
4570
5484
5124
1481
4144
4889
2894
4819
1239
1574
2883
2893
5607
5129
4817
7499
1728
1290
3466
1309
497
7499
4926
4892
4889
7859
1735
5081
2809
7859
6797
4397
4409
7951
7951
7859
7859
5292
3563
2372
2372
5239
2374
5148
4893
4842
1288
2605
2630
3562
1852
1910
2897
7982
2638
2710
2938
5871
2975
6515
4073
4088
3991
6279
725
6222
6312
6319
870
867
6580
7498
4083
2318
744
4092
5124
4927
957
6617
1498
3182
2768
1494
4841
7995
1489
7263
7634
7676
6740
4277
6551
7453
7601
2768
5461
3792
5461
5466
3805
5467
2507
650
2507
4287
6624
1490
5618
5822
8000
2976
6639
3870
389
475
475
901
2343
5286
2424
2334
5906
901
1492
2490
3116
1228
2637
3854
7070
7050
646
7055
6639
24
2012
8092
644
8091
2181
7426
8087
7431
2182
7882
1709
7448
7448
1499
1499
2150
2694
1707
1123
7951
7951
644
2052
647
1810
134
4902
4903
2044
2287
840
1499
5268
2042
5996
1499
6001
4558
1342
2268
917
1986
1998
809
1985
5269
3741
3291
4560
3171
3289
4744
4655
3389
3203
3747
258
6913
305
7562
4755
7286
7129
5115
3945
5067
3177
3505
5066
2294
3185
7779
3842
2791
6866
308
6493
3845
5066
6258
3818
315
4740
3844
5053
5021
7792
4742
3842
6760
1443
3132
3748
3757
3716
3243
6761
3174
3927
3123
3389
3725
1449
6761
3410
3174
2481
6297
7155
6274
3717
3534
8172
3534
6778
6897
6939
6938
6961
6764
1739
6939
8037
5999
6760
310
7861
7127
7860
894
7038
4416
1455
1077
1083
6295
375
1134
310
375
7863
307
5011
5075
5061
7862
311
2271
295
6325
6324
6459
4206
5629
7864
5629
6327
5591
1188
5224
7091
5595
5999
1714
1753
5612
818
7127
4838
810
4834
7033
5591
2973
4853
2972
6747
4192
6599
6813
6747
6817
1660
1099
6746
1248
1763
6689
1208
1697
1763
3699
1790
3279
1261
6689
2179
6747
6813
7127
4932
1258
4330
7506
3885
4608
4330
2891
4334
3226
2891
7658
110
3613
2660
6871
4328
2972
1029
3157
1035
6046
6854
3224
7052
6047
6107
3114
6189
2297
3607
5256
6219
2285
2252
2243
7032
2991
2991
6107
3032
2567
3440
6107
7085
54
1737
42
7263
6848
4772
4147
4685
3113
5045
1705
4770
6856
1705
5044
5617
5601
1711
7407
5595
5610
1232
8047
7079
7401
425
7400
412
2207
5301
2222
1107
2612
5790
6072
4432
143
7407
1680
5752
7436
3492
3515
3779
3793
5752
5752
7438
3718
3947
3491
3497
3498
2860
5755
5740
6867
6404
5743
6071
2889
5891
6223
7438
6045
6118
6882
5911
120
6854
72
6852
6271
6866
6016
6391
6299
4711
6069
4645
6383
7736
4737
7740
6090
4336
6314
939
939
7429
3974
4733
6662
6670
6670
4733
3972
4046
3328
3349
3336
931
4710
1455
4112
1132
6186
5472
2622
3906
1133
4337
3542
260
3557
3999
2303
1148
2494
2455
1151
3506
5124
260
7102
5869
261
3403
4135
260
3285
3279
3080
3279
287
287
3450
1162
1164
6858
4311
1161
1165
4960
3450
4358
4763
5007
4992
1164
3286
5833
6802
2982
3129
6931
5833
2983
1483
6649
5296
2983
4310
3250
1568
3229
4311
5636
5641
3247
4310
1907
103
99
5641
36
5376
5376
6249
79
5370
1907
5486
2149
5368
151
7767
75
1907
2529
7400
5636
7397
7097
5618
1907
8031
1363
4096
5487
113
3580
456
8031
5637
6337
5891
6345
4301
5588
7097
5284
1123
5590
7099
3480
1097
7098
1892
3728
1740
785
1233
113
1421
2589
486
3719
496
484
3888
4088
1734
7646
6850
1734
1741
5590
3888
8171
8064
6588
8065
6351
796
8065
3036
8065
136
3358
6265
4906
3652
6264
3726
6655
6654
5591
6608
6611
6395
7450
385
8077
8150
8184
5640
113
7471
7466
6393
1694
826
6250
214
5897
6166
838
936
945
5391
809
5137
2755
5216
5416
1369
1691
199
1400
3904
3904
2894
18
1691
17
39
6393
1018
4499
5572
5573
5573
5573
2373
182
4499
205
1692
5695
541
165
3777
1548
1542
1006
3807
7406
1395
3915
4386
2833
4477
2937
2487
321
4365
6608
321
6393
3451
8155
3559
3463
2838
5541
4904
5107
6880
2843
3914
2939
5666
5559
5953
6833
5559
8030
5538
6334
8152
1395
6334
3953
6304
7006
7002
6314
232
235
1435
5718
3430
5186
8158
5564
7249
5531
8159
6440
1607
4135
1473
7252
7777
5810
5682
5810
5743
7663
1606
1601
1600
5634
345
327
3755
6644
2869
3428
1790
3377
6646
3807
6886
5808
5808
2903
1423
3118
6718
1790
2902
4589
2381
4711
8138
6000
7274
4293
7297
4469
1775
1684
3348
1575
6307
8108
2039
2039
8110
8105
5047
6438
1976
8098
8026
1996
5375
1567
3282
1574
5546
1619
3783
3796
3653
5194
6623
3452
5556
1331
2822
1619
4418
4627
2380
509
4744
5169
4419
5168
5335
1776
1720
1508
1505
6437
7779
2435
7940
1287
5707
6055
2435
289
6104
7940
5301
2181
6121
289
4420
3721
7248
3646
5132
4293
3233
185
163
7953
471
4972
4974
4292
4975
2047
584
7955
7604
7533
746
1621
720
748
1286
1286
748
7262
1810
1815
1519
3246
1477
2747
2429
2289
1618
2294
2815
5869
5639
2815
4293
5194
5336
2016
2018
2016
2018
4013
1845
7735
1082
1827
6202
3590
5182
3956
3956
7736
3957
3957
2577
4788
2975
2577
2577
2778
1616
4008
2302
4586
1285
4011
1285
2351
7115
5196
6667
2418
4930
7251
6392
3883
8031
1337
3902
3902
8086
7311
7311
4623
4951
4798
4590
3116
1463
8084
1623
7261
2332
3910
6244
7308
3918
7307
3910
6948
5749
6940
5642
1538
974
3394
5088
3342
3356
4134
3340
3812
5669
2102
6244
2165
1351
6244
2159
7815
1357
6244
2348
6757
6675
6691
7903
7199
6689
7756
259
4635
1356
4636
4660
6288
7903
1348
4638
4633
6293
3926
5248
6286
4013
6633
5565
6316
6231
5814
7019
6929
3927
6919
7263
809
801
1986
7484
6922
1223
5890
4936
7976
5890
451
7709
268
453
7751
417
2198
5199
4786
4852
1768
2086
4362
6425
2354
2094
448
511
2354
340
6272
453
2094
5305
452
5620
3321
2353
2353
1548
591
583
452
590
1158
6499
591
1558
318
1607
4140
766
5252
629
7216
628
628
7305
7309
6218
7301
6237
7309
7354
761
761
761
7462
2933
2933
2267
2410
317
2410
7124
629
288
6345
7225
6062
3411
2130
1699
6048
1699
5714
4336
1813
5764
7519
707
1281
3413
6655
5764
7376
4158
7946
4106
4335
1629
4331
2015
3130
3413
4110
6033
3606
3506
2090
8115
3250
7504
3408
6366
1661
1631
8119
6297
4024
6732
1963
6410
4103
3251
7177
7751
1515
5686
4519
4510
3250
1514
4234
4579
2604
2585
2583
1770
6890
2651
7755
4335
6873
1392
1392
1046
1047
1095
2226
7847
1775
7808
1765
7875
2553
1767
2726
2587
4931
2552
2222
2539
504
8002
7439
6855
6142
6899
6415
5935
2621
5895
1443
1393
3662
1496
1388
181
1898
4879
2625
2220
2649
4714
2649
7749
7750
7033
3251
2226
4931
7032
3076
7032
6722
4938
8163
5358
2688
2689
2007
5136
2602
2007
6122
6778
2603
6771
4938
1370
2602
836
836
6474
5346
6024
4117
607
8007
5304
5898
5487
6024
5175
5136
781
6424
781
5372
703
6185
7883
3133
3135
7810
5458
7993
3757
244
3735
7993
251
5836
251
6498
3768
3775
3768
3176
5187
3775
7993
2978
4194
7983
5015
5232
4857
6647
4850
4811
5811
1052
4530
4269
4505
5886
1213
180
1203
4809
4478
3126
2080
8019
2563
8087
1990
5642
176
2563
176
2808
2936
2902
4104
151
4797
2075
4137
4792
7594
4808
1594
6656
6662
1632
3078
4299
4225
579
4294
4294
558
591
1633
526
1609
2019
1483
6993
6812
4383
4483
6812
6812
7223
7115
7597
7593
7620
3691
111
2069
2699
4483
1750
3760
719
3192
3422
296
2303
469
922
3392
4480
2884
2892
2892
4480
2239
1693
2892
591
586
3067
7149
7104
3392
7651
2068
914
2244
7148
7141
914
919
3067
1007
7042
7042
5353
6130
5560
5421
5545
918
5566
3845
3067
732
3852
3067
1693
2070
5465
3938
5811
4475
3936
866
3900
2254
2253
3883
5757
7733
822
5896
1991
817
1678
2042
1692
7353
1692
5373
4999
2159
2114
2731
4999
7117
2117
7095
7119
7174
2243
4999
2118
6492
2808
2778
7831
5373
4430
4583
5654
7703
6443
6197
1836
4641
4858
4741
5360
5364
4654
4884
1836
4565
5525
6880
5525
3277
79
7697
3159
5932
4505
299
3163
3169
3123
79
5172
7055
5868
7073
5922
3969
4999
3729
8186
8117
1831
6401
6317
8137
1506
3813
6836
6837
6854
3814
3803
1506
5111
5657
4431
7527
4343
4175
4362
4259
2044
1392
3320
1066
6400
3968
1144
3335
3427
3780
1504
1988
3372
1988
1984
1984
3829
6256
5264
3969
4664
2692
5255
1504
4698
3969
4690
249
2611
855
339
327
3346
324
2043
249
7437
2687
7437
6037
6731
7410
7409
7408
6148
7497
6223
1202
7759
6148
5081
5081
2839
5862
758
5801
6528
5048
5051
6846
4505
2636
3746
2636
3765
282
4470
5221
6845
4616
5616
2632
2338
2323
5419
3483
3475
3474
4487
2528
255
2691
7894
255
2280
4672
19
2276
1182
8163
2283
6347
2532
2283
6273
2283
28
255
1825
255
1815
2882
2806
1804
1055
4673
4672
30
190
1527
5112
3967
3966
4178
1527
8175
4007
4031
6825
3326
3165
1203
6025
4562
4562
3895
5396
1206
5395
5445
2961
5407
5390
6554
7206
6557
5132
3868
5438
5113
5307
6637
5818
356
711
6550
206
6547
6537
6567
4030
6571
6006
6571
1641
3840
759
2915
7957
7958
3893
3875
759
3892
3893
7958
4987
7445
7443
7442
7443
8043
3793
1640
7379
7360
435
438
6031
758
1758
7949
3505
5125
6356
1759
1734
6621
5659
2970
706
753
5505
660
5509
6056
473
857
709
367
274
373
5659
5125
5657
397
498
421
5131
4070
1277
5132
3871
5656
2858
6061
4142
6734
4159
3600
1328
4018
3089
3607
3168
6716
6195
6195
7724
7657
4002
6628
7665
3562
3604
4034
3431
3449
3280
7618
3604
6128
2719
2453
1951
4000
6042
6031
6062
4273
4232
6096
6051
6033
6032
7804
6031
5903
2333
6098
1811
6128
4291
2107
4365
4383
2522
6270
6562
6659
1830
1912
1825
1825
5598
7311
1516
5250
677
1274
3284
2032
3515
1274
1276
1505
1276
4778
7665
4783
2119
4783
4778
7666
7054
2523
579
647
8121
585
8096
7048
2333
7666
4320
3304
3305
6641
7077
7219
4320
649
4324
4101
653
4120
1269
4321
4750
1515
4321
6389
4309
1919
3019
1268
1268
4574
2581
7782
2715
2698
7862
2693
8155
6953
4148
6621
2693
3849
7664
6059
5345
7774
6059
4158
6880
5359
5875
6866
4835
6630
4850
4771
4755
1434
7700
3979
3978
6631
1423
4075
7761
4401
7341
1436
6635
6043
7341
6600
5554
241
546
644
4676
667
3573
2113
6043
5158
3514
3513
6364
649
189
6389
3578
3554
640
177
2777
7578
4981
2752
4028
4983
2956
7337
5057
1763
2694
5078
4360
4358
6351
6825
6260
3526
6793
6827
6797
3474
3133
4618
4890
677
2252
1939
4504
7305
1935
6388
5158
4555
4579
6807
5158
1973
6807
5158
5802
7341
1246
1247
4734
6167
2996
3055
3809
4696
6167
1169
7982
6428
8010
8042
8091
6403
1182
3263
3447
3428
5840
3411
3512
3425
5840
5841
5394
5292
5120
5747
5123
5093
6433
3263
4614
7493
7696
6415
7864
7767
7786
7867
7340
8143
8143
3809
790
7866
1307
3385
1307
3786
3621
7550
1306
1306
4916
379
6199
6250
1595
3810
1946
1229
2132
2739
2681
2286
5095
3811
4771
4410
1688
4446
1564
4412
4726
1562
7255
1965
847
1001
175
7251
73
4470
655
3648
3396
5299
2378
3435
3752
2663
3850
5297
3792
3793
5092
1119
1893
1794
2521
1743
7249
2365
3047
999
5029
2521
7250
2674
2408
2422
2523
5162
5569
1001
5309
6851
5502
7028
6693
7253
4679
7252
5142
5500
3085
6018
3085
6556
5898
5142
2383
2383
6069
6556
303
3187
2305
5029
3041
4740
3078
2522
6071
902
1610
5324
4761
7500
1652
2423
2304
428
703
1352
3859
6380
441
6819
6796
3747
2296
3087
5082
3650
2278
5324
5670
5708
3747
5696
570
145
5882
8062
2871
2871
1424
1861
175
5874
1782
1889
4964
903
3821
3335
3844
998
3883
177
3733
5859
6779
3425
4842
5700
4072
1912
3525
1910
3553
2391
3578
1908
7180
4762
7171
5291
7217
5290
6402
6570
6571
1878
4078
175
1830
1909
4760
2565
4500
2576
2996
2579
6373
834
4501
6208
6214
1118
7478
6224
142
3110
479
2842
3237
784
3275
3213
2486
2481
2467
2860
2579
2484
787
7299
7308
5293
5333
2825
907
977
990
2565
897
5520
3422
3337
5523
3453
2163
2104
2051
971
3343
3339
6559
972
7840
6980
7727
6367
1751
3340
5396
5395
6574
203
8057
3451
7744
7938
1759
5300
4071
1758
6235
5262
6348
5483
6575
7807
6575
1280
6234
1280
1291
5483
1288
1701
1543
7747
7255
7255
7790
2006
1993
7255
1543
2003
7887
1751
1196
4263
6321
1824
1899
1095
6331
7738
7697
3808
3756
3814
7886
6305
4361
4289
4457
6117
5329
5312
4262
4262
7754
7884
834
6479
7215
6319
7983
6262
7212
6466
5154
4295
5469
6275
3780
5726
1846
5491
1639
4263
1844
7778
2196
6555
7807
1114
6553
1464
1611
1803
1753
5381
3513
1606
3519
5617
6243
6578
6458
3411
8125
1112
6254
6286
6266
1802
7806
298
5111
6702
6697
4929
6699
1119
2487
5007
5185
5825
5212
5007
6319
5210
6185
7851
6184
1717
5161
6070
4227
6184
6063
1896
6049
4295
1290
1802
7851
6185
2750
8075
2749
3676
7698
8012
7969
7947
7971
8001
7286
1796
1129
3543
1391
7202
1803
822
6360
1797
822
6278
6280
1797
7999
1495
7188
7209
6804
6962
1495
7765
6461
1983
4521
4520
4543
4521
7999
2220
503
1796
3009
503
2362
2034
7440
2339
455
7655
509
455
6432
2295
7521
7455
2034
2339
1516
147
7818
147
2035
484
7620
2689
854
2071
2793
3687
2724
2363
493
7480
2361
418
7501
5937
7494
6095
5892
6120
4231
5891
4452
7497
1807
1028
477
2139
7819
4760
6046
7818
4235
4241
1354
7463
466
7818
7591
2703
2702
2710
46
4950
5907
5482
5942
5942
1332
3732
1798
1799
1707
1743
5343
1402
1723
5188
1452
1398
1809
4603
1404
7114
7122
1208
1209
7121
4950
6479
7391
4921
5233
4922
5407
922
4913
5451
5451
922
3889
5228
891
3889
3889
3903
4793
3733
7016
6441
6435
6496
3732
7016
6498
3734
2097
3732
362
6983
4584
6983
4409
361
4857
1999
5243
4904
2933
3879
5407
4914
4749
5019
4903
4898
4911
5034
8019
367
1318
1462
4903
1178
2930
3188
2909
2904
107
3561
2613
3537
3536
2755
3535
7470
4917
5378
114
4913
1830
7424
2755
5671
2348
2648
3537
4576
4582
2490
5671
5717
6078
149
1333
6079
35
7376
1966
1883
3921
35
1982
1962
2659
1571
5962
6920
1571
6779
2746
6345
6724
6056
6772
6780
1157
6703
7698
1868
6468
623
5493
6114
5473
5196
5659
5481
2412
2412
5535
3922
3921
2403
2389
5378
7836
7836
3168
5985
5729
3124
5150
5985
4806
975
4807
7126
5140
1733
6338
5142
3550
5715
6470
3550
2500
2511
4412
2706
6931
4411
5840
6913
1868
2332
5686
3678
279
5463
5491
5729
6120
5988
5967
5668
4238
3539
6935
1849
5668
1118
8168
1139
5658
542
1876
1655
5669
733
2704
2148
1153
2587
1034
2705
2697
2154
5669
7686
5702
1035
5227
6990
6291
5729
3669
3669
3155
6465
263
262
7611
1634
1740
6979
7611
2900
6990
2976
5702
2992
5435
2971
402
3908
406
6623
1576
1936
6887
5702
404
402
4747
1937
1937
4291
4414
4359
3052
6928
6928
5991
5439
3533
2427
3205
3204
3265
7997
3575
1937
959
3092
3285
5702
3425
3438
6400
6412
6694
3426
6694
8188
7468
8138
8046
7759
7667
4126
6004
7468
4245
3163
6543
4445
4193
5934
7532
3435
5950
2096
4263
5917
5342
1087
7533
6672
1525
3543
7449
7448
3449
4926
7465
3341
6672
3464
399
6203
3465
3464
6739
7310
7749
5416
7748
7749
1805
7748
5283
6534
7773
2044
3464
878
6739
864
841
789
3084
7522
3435
365
3480
7523
7525
1604
5587
1679
1243
1225
2310
1186
1185
843
7770
3164
867
7806
969
2807
3418
7903
2772
4813
4815
920
605
3423
5067
4142
4861
4861
1960
6075
3547
2097
5080
3224
3230
5071
1296
2327
6357
5071
5084
5001
288
2569
3546
2674
6075
5902
3560
2916
6810
6479
1902
5949
600
604
6231
2934
34
2915
2327
4179
2934
6809
2934
6796
6818
6995
2310
7831
23
4696
7830
2696
2698
8050
437
7991
979
1572
7856
6995
6993
7345
5893
796
4250
1573
2686
1573
4286
454
7345
2164
6994
7783
6162
7531
4820
3585
7528
3602
3792
978
5152
3628
2953
2987
4820
23
7531
7055
2920
6162
2984
23
22
2785
6688
4560
5290
4540
4517
6688
881
229
5331
1216
2026
1219
6819
2027
6878
3072
5651
8043
3075
8060
6867
6701
4937
7776
1964
4335
4004
7078
4049
4334
1165
7497
5964
7078
6367
6362
6371
6817
487
6855
2198
5334
2193
4722
1258
1591
4079
1598
1590
1598
5983
2732
1591
1590
4720
2969
6092
5971
4759
5967
5342
5342
2968
5931
7194
1244
7426
5763
7472
4757
4886
2156
3877
2381
2276
2122
5023
2968
5287
4998
3877
7489
6266
6959
6792
7492
2969
6677
7856
6725
3923
3247
673
5575
5571
5575
5052
5248
684
3925
2045
5791
2284
5791
2140
5467
5722
2836
4493
1955
34
34
3981
416
4493
1954
1017
581
5759
6879
7351
7942
7420
7337
5153
395
7303
4469
2812
7213
8022
397
4248
2850
1402
396
5325
2766
6645
6643
3981
1869
4487
1857
2712
1979
1905
5325
7583
5122
5036
4757
886
4777
7723
4391
7845
4762
3020
5581
5571
7321
5550
5033
5542
7568
5624
2319
2319
190
2319
337
327
2163
7495
5587
2319
1470
5011
5122
7580
1429
3908
1283
3531
4221
3496
7569
2166
166
3497
3497
6306
849
5032
7580
5123
5121
4847
6190
1497
2261
1498
6186
7998
4174
7298
8187
2037
3736
2167
250
188
904
6059
5091
3043
3043
7998
1379
3048
7684
7994
1370
7998
1153
6320
1033
3048
6663
6683
3581
3465
3754
1032
1792
3481
4114
1724
3610
4863
5105
4955
384
3753
4514
3763
1152
4539
5513
1801
5448
5452
3589
3754
4426
4674
3637
4552
4496
2855
4502
504
8023
4427
7648
5941
7982
7825
236
8153
3374
238
6002
3531
3389
905
7488
5271
5428
4670
6007
6650
5947
7543
6534
2089
301
2269
301
7543
7773
7543
7542
4780
323
341
4363
4777
4796
7772
3374
1275
1274
37
297
3647
5616
5742
5391
8042
2048
8046
7980
6201
6201
6203
8120
5383
2678
2083
2548
2299
7679
2416
4389
4450
2157
6021
3858
4771
6020
4396
7574
995
4794
7662
4379
7663
2215
1453
5341
1395
7825
5323
1403
7574
3124
1491
279
908
1081
3406
7824
4705
6745
2338
2743
1491
1390
1123
6640
6643
6193
6744
7824
3979
3952
3967
2251
3996
2166
4025
2227
5133
3626
6997
915
948
5970
7977
6755
5916
5916
3350
1970
6087
1969
1390
2859
674
6310
3241
4717
4057
139
538
929
522
564
4655
4056
923
6026
4715
6712
3274
2593
5003
4288
461
1130
1823
1011
4292
6015
102
6266
100
3946
6162
2163
3945
528
528
2557
3945
6713
307
177
3627
5478
5740
5947
1731
1639
1632
157
1661
530
529
530
3445
6152
6152
3581
932
690
529
8071
8073
8073
6155
3624
7319
8071
5399
669
2479
6478
7664
2467
2887
3207
4434
2960
5398
3220
2765
7698
3054
5254
4795
5255
3815
3329
6163
7553
1599
6620
1608
1560
6480
77
6272
2653
5415
3815
4630
3624
7353
3106
4479
1771
2103
4224
7169
4252
7352
7222
6761
2572
978
982
3787
4235
3336
4235
1540
3387
3283
3427
329
7318
6228
329
3287
334
3287
5521
6155
3204
7509
7357
5508
7317
432
7314
3948
1504
4110
1533
3333
3448
3342
3349
8132
8133
8133
6225
6313
7013
7003
2640
6947
7007
6998
4111
7004
6987
7012
1532
5656
7459
7740
8107
7511
7000
1126
5687
5780
4361
5781
5656
7302
4396
7477
5743
7591
1260
7590
3948
7509
6091
1607
4718
459
475
459
7509
2860
2982
1260
466
7482
5881
5884
850
2914
1303
6592
2942
3948
1559
4973
4973
3453
8080
7179
7516
7183
3453
1424
7177
7549
7231
3623
1424
3623
7908
6592
689
6698
7009
702
7234
6990
6596
7234
4704
2865
7970
2589
4742
5011
4625
7598
8042
7137
7990
5843
4518
7990
6599
4907
7147
4483
3276
7973
4637
4637
7587
3302
3298
3277
3296
7558
3511
3026
3497
3949
3527
3527
90
3532
3570
7700
7588
8035
5380
7145
6246
2731
3026
7469
7144
6169
2731
1925
7434
3371
2730
155
3117
4678
3117
94
6363
6395
4095
7017
7793
4058
157
6329
205
3115
152
4406
2861
4285
2848
4131
389
278
3029
4633
2849
3018
2868
5439
764
194
5222
5141
8042
7573
4325
4325
3119
2730
8045
6682
6685
204
4421
2046
1676
4792
1192
1032
259
1191
4528
1620
7645
2886
705
819
7861
6112
2779
4528
93
6111
1194
1195
7972
1192
6949
7226
2324
5973
2325
6949
6926
661
2885
1529
597
3630
4772
7931
6984
5857
6986
7226
7225
7354
7354
5273
7353
6754
6756
6002
6755
4543
4984
4935
4542
4077
1336
6753
3037
1939
1368
6771
6769
3039
4506
971
4349
168
4947
6012
4337
7221
1468
1467
4707
4067
4928
4442
5440
5502
266
148
1459
4370
4369
909
6512
4435
6144
6263
1330
6246
6253
7007
1929
7019
1840
1323
2889
4401
5981
4891
7035
4238
4286
5351
5356
4786
5326
4954
4379
2787
267
696
3397
1243
1468
1482
1386
4864
687
3399
2959
2899
2959
2235
2234
7221
7315
43
62
2932
7153
7166
494
394
473
1015
3130
1012
3125
584
5964
276
7437
1019
2905
594
987
2905
3419
3326
7381
3303
132
7386
3135
728
1748
224
7427
3440
1736
545
3440
1717
4974
2017
4934
4332
3314
3290
5926
2031
4122
1818
3131
2998
4119
1078
4339
4341
5741
8107
5703
5736
1078
734
5545
3636
6629
5587
5531
599
3446
6509
3446
2681
2742
2707
2720
5243
1972
5184
3753
3124
3495
6033
1737
6115
6112
6096
3503
1775
1787
1779
1705
1168
8140
5266
8140
1096
1727
1727
933
3774
3327
8141
5574
8141
3740
7686
7686
2876
7687
8005
2380
845
6857
3649
3659
2876
2056
2074
1972
2254
2826
6504
2932
6462
3892
2800
5166
1953
6852
6532
6502
6597
6608
3839
6564
4738
4757
4754
2698
2672
5166
345
346
2379
2744
2718
5165
2542
4982
5165
2942
2931
1953
3072
3198
4558
2501
3757
4545
3199
3016
7087
6135
5315
7121
5422
933
8129
8162
5203
8126
8171
8174
3825
2861
5314
5244
7518
3038
6759
6780
3766
7519
5412
5217
7519
5653
4651
4564
4983
1727
1399
3031
4071
22
3333
4037
5352
6611
1223
3997
2542
6634
6639
1230
6331
7518
604
578
632
7921
7290
1292
4844
5698
8086
3552
3577
3580
3741
949
3470
1594
1593
5283
5620
2440
6610
1645
5423
2440
1078
2520
1575
2548
1198
4304
3328
4841
4853
3376
5697
704
708
681
3597
692
5121
3278
2924
4994
3504
4995
1293
3643
5061
5570
4304
5546
5524
6206
6622
4305
6645
5535
2659
2406
2554
3826
3604
3868
4305
2543
1445
1027
3838
3958
1290
7379
6955
6962
7491
7974
7973
6136
6139
7492
6289
6129
5692
728
707
6290
3369
2395
4634
3371
2395
7609
5700
1740
1678
1679
4191
3371
4699
4422
1679
6958
6828
2212
1679
668
685
687
2705
7608
2168
671
6443
6577
4097
3834
3826
6578
6045
3369
1911
6584
6584
3597
6553
2314
6532
2533
6550
6869
2872
6546
1911
6815
5371
2837
1777
4516
4298
6228
6806
3962
4516
4520
1911
1911
156
187
247
6814
1733
6311
6324
6168
6805
6308
7289
1097
5545
7289
6636
291
251
7287
691
112
108
531
184
4755
4927
1102
723
735
1102
497
4699
6427
4690
4884
4885
2178
1813
2413
6383
3950
7547
2413
7589
5371
4307
3333
172
7318
7644
2582
7351
2491
1798
2701
6678
3987
4139
2999
4246
5907
7350
4251
2927
2999
5860
6738
3339
6714
173
657
4929
3448
4980
6583
4978
4556
4696
6026
4416
4107
4545
3179
3415
3421
5957
3170
5983
3947
6040
5234
5179
5726
1151
5306
7366
7423
7955
7423
1150
5306
5718
7367
2041
2040
2041
2040
2041
831
43
818
32
6386
5715
5757
199
775
7756
4033
554
4032
8127
3424
7285
641
7332
1853
2124
1019
1019
2123
5009
7529
295
7452
5911
5899
2210
4223
4259
4330
5948
5346
6104
3541
4910
2386
4210
4488
1880
1881
2378
1799
4553
384
7566
2375
2406
1812
6729
7565
6991
7154
7564
2594
1824
611
1816
84
184
7937
772
6729
325
6661
6668
1252
833
4532
1255
7566
7524
4515
4509
6583
4011
4005
7034
3204
5400
5116
5392
3200
5393
2778
6938
2160
2247
2144
4653
2366
111
184
4485
1756
119
1850
4410
6537
1530
4264
7468
5921
5970
14
118
6663
5900
6661
5897
170
3897
3718
4902
4909
6938
5023
3577
3575
4411
6860
6832
5900
4727
6837
7660
2397
4688
1566
6838
2399
5629
3181
1841
6101
1848
1722
4533
4532
4533
1834
5978
5518
5509
2792
6832
7095
6540
7307
3655
2908
3689
2240
8014
5662
8129
8013
1930
2909
5663
1566
3776
3444
3369
5557
5886
7675
5401
5607
7632
5568
6329
4017
7494
499
423
7689
5354
7920
6941
4021
6779
336
7665
335
7675
337
347
3926
501
6941
348
6782
1835
4276
1814
4174
4027
2999
1776
7207
16
1833
7102
7338
3693
8122
3658
4163
3656
4478
2121
5228
3236
4279
5864
6314
6190
868
4863
4832
4559
868
6940
5058
5513
6940
8004
1418
1244
2279
2277
5387
6044
6175
1188
4663
688
7815
631
2202
2393
2671
7813
1060
929
7531
7168
4025
4026
3968
3355
4061
7490
5920
5183
5934
631
7891
5513
5151
5280
5402
6831
6694
7994
4403
4377
3210
5398
7090
6011
3146
470
470
3146
4847
278
4609
211
5472
165
6037
186
1266
691
1627
1625
1540
3209
993
3064
2669
403
727
443
6060
2306
3068
1503
2669
1352
7090
1375
7863
4457
1119
727
1517
1517
4546
1280
5703
7039
7355
3031
7355
1924
1642
1071
4457
5450
4623
6039
911
3357
1931
3783
3834
7246
2434
2697
2760
4952
2777
2067
7603
6843
6818
2432
4947
6281
2927
4947
7293
4154
4953
3780
7267
3783
5754
2456
5754
329
7279
5736
4691
7579
2460
3863
7355
4811
6974
6974
3923
6918
6942
5367
6485
5879
7520
3928
4623
4811
2549
3929
6238
6239
1777
5365
174
1768
6272
1780
174
5270
699
5270
4534
7296
689
853
4534
7175
142
3601
4880
984
7355
5633
392
5857
140
1557
5632
6238
2103
6282
907
904
5195
5195
904
3638
2239
3914
4659
3053
7312
2239
5024
1781
1781
3696
3949
7883
3047
6080
6092
3848
2871
1781
7813
5624
1341
7816
3665
7387
813
4902
6376
2001
3392
2003
3393
1248
4967
7627
1193
4964
4967
5859
6376
8036
1938
5683
4430
3684
4403
5580
6379
3684
5510
5261
6134
1319
1781
7965
6379
2863
4965
4628
7848
1140
8147
1968
5037
4342
3852
6170
8147
4856
1698
6159
1471
1360
633
1466
7839
1699
5338
6159
3961
607
6170
3154
3819
1710
5693
5694
1079
7170
1341
4896
586
330
7318
226
339
376
289
5726
182
457
245
3857
3154
2604
882
886
1267
2131
2062
4341
2635
3631
4258
1417
5241
2631
1267
1456
2633
915
1265
4341
4326
4592
1264
4599
4904
3736
1013
5549
1044
1687
472
5160
5413
3809
61
1686
5413
5128
467
4591
4601
3524
5723
5705
4595
1335
1334
1335
1334
1335
246
3445
1782
3425
3443
5877
3412
1045
6387
6596
61
7248
6349
4892
6365
6560
6563
4745
7762
7608
2151
4578
4866
2151
2151
4589
1588
3895
3856
500
1589
3895
7960
2023
1554
7459
1195
3756
4867
3798
1448
5469
4782
1039
91
1844
4865
7838
7871
3181
4981
2112
2709
7945
4782
63
2151
532
5740
3965
6679
5928
5939
5939
5949
103
5895
5895
4895
1804
1948
4466
1387
1383
508
7959
3423
3418
4890
284
509
3808
3781
6181
281
1555
6203
6697
5529
140
5527
1831
3965
1842
3110
3111
7802
5631
476
5051
5977
5982
5118
5113
5118
63
1635
825
2944
3763
779
3724
6807
2561
4746
1341
7219
5735
5673
1024
7240
1064
6448
1716
3725
7288
2547
3112
3112
3724
4726
5682
1337
6944
4967
7595
7595
7232
3724
2666
4577
81
5673
5715
5723
80
5908
2788
6499
4758
4631
6590
1281
5907
1570
7197
7195
4561
1570
4656
2559
1493
1485
4132
1475
4426
4576
4642
3912
4003
3027
4370
3943
4956
4849
1949
2664
1325
6467
1323
1325
1841
2666
2921
3027
1920
1936
1921
6320
1920
5500
6335
5475
4075
4046
568
567
1809
2143
4046
2143
8187
6172
4940
6419
4544
1826
8185
4130
6187
146
4544
2364
6657
2365
6769
5086
6957
7086
4513
700
4066
468
6865
4172
273
1363
5348
4622
6891
6891
4887
4147
6430
6156
5679
4285
3097
3099
4284
3468
3486
4285
7071
7050
7065
7059
7059
6899
8022
2900
2560
7905
7934
6157
5678
6674
6886
1410
2723
6678
4282
1340
5232
1340
7755
5955
5967
6626
7755
4236
4282
5914
3405
1383
5211
6627
2309
2435
729
1056
1724
983
2402
3963
1542
2390
4707
1724
1542
2311
7728
7732
7687
7735
1725
7692
3944
4634
2192
5246
2092
3620
3705
2940
5242
2788
723
2971
3894
3894
499
3821
6161
6247
6459
3394
5052
5037
2443
3395
6781
5846
6780
1463
740
1725
739
6733
3079
3091
3503
6257
6257
7090
7067
7067
7102
7076
3091
3090
8166
6254
6733
6465
5087
4225
8170
3091
4465
6882
6896
6536
4299
4124
5897
4422
5805
2164
1104
1083
1027
6255
1143
4037
2172
310
5220
5437
5457
5459
6222
6158
1294
287
878
408
408
791
256
256
2606
678
1759
1165
1311
5879
5879
1173
1172
135
1700
2352
6
1700
2108
2107
7343
5506
3786
1746
5507
3657
5506
5507
5087
1530
1528
7040
4907
4955
6195
1527
6932
4983
4745
1803
770
7040
7040
7041
1410
1603
1587
5042
5689
2250
1484
5481
1281
1604
1605
1604
2250
3642
6381
3640
2299
5689
2495
2627
6342
2443
7330
3690
3631
5689
516
6127
3627
5842
7889
5689
6958
6648
6912
5255
7889
1537
3031
5613
3896
2452
5612
7554
8014
1536
8001
4003
6342
3644
4718
5613
7124
3024
7151
3643
82
3638
3025
4337
4257
4307
6066
3025
3024
216
180
68
3063
549
4444
3591
3696
1043
3008
6994
2648
3042
3685
2643
2836
4204
4128
4067
1837
5074
6549
4423
6454
4421
5072
5299
4445
3617
5065
382
6451
6455
5299
3687
665
7950
2372
6323
1053
861
3686
1636
288
4207
2373
704
2591
365
1583
212
1583
3967
1587
3518
4206
4639
6459
1578
1581
4819
1053
8004
2373
7538
6372
5604
7060
5487
5399
6750
7589
7541
7685
1837
3454
7061
7638
2921
2573
4468
5918
6711
6106
4254
7061
6887
1805
6543
78
7636
2374
272
6433
2563
650
4991
4957
4045
4694
7008
4451
3332
1180
1181
4732
4721
2960
5167
3014
4446
3015
2620
3096
1823
5829
3486
6816
3018
3029
5259
2961
6445
5167
5285
1378
3099
5593
2562
1901
4097
2016
3221
938
5690
4113
3663
3662
541
606
602
602
2322
2665
2247
7421
5051
6153
7342
2328
755
755
6439
1046
3206
4270
4255
4260
3216
6511
3394
5711
3395
6039
7421
2549
1929
1252
1253
7421
1900
3043
6407
2550
3047
3049
6460
2985
3432
2875
4674
959
2962
4824
7821
4658
4662
2993
3043
2951
5890
3700
1877
1080
3690
765
3851
375
2367
1915
3922
2304
4351
7585
3851
5979
4247
4920
958
6619
3217
6743
2239
7585
5032
2190
6726
1430
1373
5160
2149
1372
112
128
3443
3413
1327
5162
3512
6623
3865
3406
3855
3710
3939
14
4351
3943
6158
1925
4691
4873
4877
1924
4633
6145
6145
6144
59
2737
6573
6158
8104
5751
3899
3902
5753
2246
4949
2247
59
7640
2558
6791
6657
6679
6825
6621
5504
5523
4255
4255
7463
5567
4526
4527
4527
6545
4211
4526
6546
5339
6081
7413
7371
6231
2550
1448
3654
7616
1094
5278
1149
8046
5279
6726
1031
1031
7626
6549
1031
3755
1145
6743
5425
4567
4502
5485
5523
1030
4427
4426
3001
6604
5548
5378
4302
7626
5615
3003
6721
3306
3001
3000
3306
1051
6821
3344
519
1062
3887
5423
1099
1099
1062
5410
6613
3887
7426
5410
4659
7424
7429
8039
8145
6482
2527
1963
1051
5732
6492
2063
6493
6722
1963
1071
4858
6382
1070
6548
2559
5739
7373
7363
6111
1486
1404
7361
7794
1374
4098
7369
171
651
3247
5986
1415
2141
6381
2272
3423
5774
1135
1083
7418
2771
1066
7369
4006
2771
5766
3983
4080
2931
7368
5649
4106
5697
6670
6986
7184
5996
2931
6143
6606
2759
7342
7338
6594
2665
4143
5547
4142
154
938
589
666
7969
589
135
450
6002
6640
994
588
5519
1537
2419
2419
2186
2888
5681
5786
4252
4254
5127
7969
1067
4265
3356
667
640
1061
2595
2177
3336
2358
6068
6020
2184
1505
2756
3344
2757
5734
1119
5686
1668
4025
6121
4031
6456
1139
365
2060
7366
8066
8064
2609
2073
2107
923
2107
2099
6512
7395
2898
3886
3873
2881
4304
3883
4806
2971
2351
3655
4247
6227
4250
5101
6511
5101
6223
4563
3466
3104
5274
3654
1408
1408
1480
4563
7180
3136
1564
4395
4398
1481
4399
4399
3645
4399
6523
374
6562
6472
6501
4570
3985
6996
4251
820
820
504
3985
821
5523
3136
3351
3353
820
4247
7395
6484
1534
6477
1355
8127
3076
3489
6838
6826
1264
1507
1534
1905
1256
6876
2004
1346
1349
3541
3539
4944
7038
4944
2700
571
1972
1195
7721
7010
7769
3848
1519
7808
2609
2075
4407
1615
1711
5
25
7395
6720
926
2898
1615
1409
5321
5756
7395
7116
1615
29
2923
5321
2976
7765
2568
2847
4668
3441
4831
2024
6051
3699
3706
1326
1334
1360
2078
1139
2076
615
615
331
125
6458
4115
6035
8048
2022
5506
2022
3441
776
6522
768
1967
6045
6034
2050
3680
720
714
4879
1952
4217
5870
714
4754
4988
4861
720
5548
2207
4762
1490
1082
6596
1806
3530
1082
3583
3737
1075
4089
2207
5430
7946
6243
6221
3737
1894
6181
4085
60
4018
5615
4055
47
5526
192
3522
6362
6360
6362
880
6697
6515
7695
7687
7760
4580
4578
4578
887
4577
2970
3006
4549
5251
5261
97
7161
294
84
115
1112
1680
1141
1076
2831
1141
7722
41
4665
4027
2935
6300
6094
4079
3984
7708
970
7714
6586
7662
1075
7978
7715
4664
1904
7451
967
6113
5958
4219
4728
4490
918
5893
6027
4214
4212
3134
1379
1870
7788
3764
4220
4209
7159
3082
7156
7791
966
5195
5851
6894
7086
5776
5867
5933
8028
956
8029
8029
7099
5034
3481
6857
3051
4331
5820
5863
5776
7099
7828
5927
3804
1323
6727
2014
2015
1849
5933
6726
7074
6724
6901
4507
4542
6727
4243
4528
2498
4942
4898
4959
5610
4976
3745
1093
6330
5473
5478
4922
7928
5875
5823
1092
7968
5823
7182
7991
7037
6770
3746
6587
6914
6374
3744
3221
3745
6773
7106
3745
4922
1093
3802
4427
5294
3749
8162
4179
4559
8163
4558
2924
4591
4581
4568
5340
4837
4856
833
4465
832
834
1093
857
7550
2014
3803
1387
489
2457
1
5278
1009
5476
266
265
263
5477
265
497
5278
571
7500
2410
263
4450
1218
5279
4451
7312
576
4054
4769
4116
1112
7220
5305
7222
1693
855
4093
1509
154
4092
1014
4846
4054
1299
670
4116
7592
3651
7564
1660
1654
3274
1655
3651
3650
815
7048
3651
449
708
391
284
316
1655
4981
815
4986
1115
4195
1114
1088
4139
4311
5598
4137
5259
5268
7871
7855
3562
7854
4194
3552
7265
7085
7059
7084
7084
6587
4193
5722
6872
4202
7853
7052
391
2082
3478
2160
1998
5235
3839
4550
5826
7084
4326
6862
1940
872
5161
1940
4108
4203
7661
1331
1338
4327
3940
568
1916
7052
6923
6923
6861
3824
3248
7048
3855
7662
872
6802
5760
7723
6796
5454
5790
4056
1508
7020
1299
2202
5454
2315
1779
7817
1298
7816
6801
7044
2315
2898
2789
4105
6835
4105
4115
7817
4749
4114
4658
4739
4739
2453
6693
925
6434
6435
1204
7560
905
905
3184
7164
7166
1259
4353
1970
1970
3292
4364
961
7051
7160
7071
7067
6454
925
1635
5263
6449
2104
2104
6711
1632
7746
773
2495
774
5260
5898
3797
5942
1380
5738
4702
5467
4714
4099
4888
4628
5464
3867
5467
5469
7816
3867
5030
7817
6876
560
6811
7124
2193
6758
6947
3422
3373
4366
2452
6473
6629
1569
4040
5566
7874
6630
2481
5735
1569
4040
4041
2482
7270
7276
959
4041
561
8019
4041
3362
4002
3093
5260
4000
8020
3668
8021
3553
3849
1530
78
76
6301
1749
823
6677
1742
7787
7432
1531
1732
5126
5263
3548
1426
6368
6363
816
6234
871
5126
2628
608
871
3508
608
2977
2977
1231
5850
1310
7372
4713
4437
4678
4713
8040
4679
4679
3625
3622
6946
6946
3622
3646
7372
5281
3627
3747
7100
7076
47
3625
5258
5256
6525
6135
44
1348
7275
4123
3547
6508
6130
4248
894
4272
13
4309
4340
5860
3436
5814
4249
6143
865
864
179
179
3618
191
2251
560
3671
7083
865
1348
869
7086
3580
3581
2852
4187
465
5041
462
5050
4187
7936
7942
1783
7996
7947
7988
6322
6308
6225
6310
6309
1040
6988
1086
462
7641
6418
6161
6198
1405
4172
2708
2761
2782
4885
6507
2687
1807
873
4847
2048
2048
2062
2265
2260
462
3272
393
4815
3273
158
4295
7550
560
7667
159
2982
6970
6447
3081
393
2843
3469
3186
8131
2639
3013
2623
243
8189
243
7340
2842
361
6501
4818
4232
7008
6490
6236
7299
7478
6239
6239
6540
4701
6237
2961
2980
7324
6218
6238
4567
4173
4799
7010
6844
2946
6840
779
7122
2371
5229
5585
6503
4687
5612
3309
4686
5252
844
4682
5228
2535
6503
4682
4667
47
4680
39
8184
47
4672
757
704
663
849
4826
7130
5812
712
7380
711
5353
7300
2711
713
7685
8177
7130
2320
6344
7131
3371
3426
4597
6945
5869
2753
1649
1906
2095
4594
4594
7712
4264
4647
7714
7121
2305
7399
4294
7365
7923
7929
7397
7416
4597
3004
2866
5796
7546
2794
3070
4830
2978
3804
2877
3805
3004
2086
5559
1476
5630
1491
4524
6502
2877
623
4828
4404
2879
2300
3033
2535
5355
5343
1998
5365
5795
2879
3558
3121
5036
3559
6494
6491
3131
3123
2400
4405
2394
2401
244
245
6867
6491
8024
1935
1806
3178
1109
8026
1401
6158
1077
1856
3507
5792
1932
2535
3317
1083
252
4575
512
6182
73
2535
551
3318
5368
528
190
3319
4368
4878
3319
5994
4977
5322
5359
4566
6882
5081
2786
7131
3963
3967
4029
3966
5409
2259
2756
5396
4405
5455
4725
2287
5414
5392
5398
5397
7978
7388
4925
6550
6430
5623
5359
4494
5349
259
6217
4491
6556
7131
7332
4686
7131
7319
2772
3782
7133
6759
4675
1656
4491
3412
6977
1657
3292
3803
3839
3605
3817
5495
3423
3795
2777
3864
3735
7208
3729
7622
5491
4631
5490
2467
2984
2783
6217
1111
4494
4149
1113
324
8
5354
4147
7168
7661
7010
1719
1735
232
1839
1747
3338
3338
3335
1647
491
12
5128
2643
1835
8156
5510
5510
3835
4012
2249
5511
52
583
5657
5662
4979
4593
4979
4844
3211
4503
4353
3223
1523
53
3320
7629
7224
2737
1414
8110
3212
7224
3127
3159
7207
1073
7397
7987
533
533
2743
2157
1764
1041
7691
1136
1151
2713
1500
4016
3563
6061
5263
4020
8088
6051
5140
5216
6311
5402
1757
5140
7207
4077
7538
7680
6746
6777
752
1832
6112
29
5889
7136
6113
1721
2292
6723
1815
7810
1815
1159
7683
128
2718
1829
7725
755
1599
2320
7680
1547
2570
2566
2384
7680
1871
235
8073
1828
2326
4618
6810
5814
4333
8078
7625
2290
2360
2362
2355
5864
5864
6515
6401
3785
3789
1703
3294
6515
1858
6656
1760
6406
3614
1872
4860
4068
1022
1916
4860
4863
6156
1917
3613
4022
6151
6658
6156
3612
3260
7764
7764
7375
3791
1179
1603
1603
3148
3145
998
6499
373
7994
7783
6499
1626
2789
996
1623
1407
2789
2739
7783
5274
5275
4157
2391
2509
5275
1926
6708
7531
2371
6708
2522
7643
4152
1460
1050
4479
390
6783
390
2002
400
3611
7043
6783
966
3592
1926
6219
6212
966
1191
5473
5403
148
6214
6552
149
2649
6559
6441
2503
2503
7195
2503
4487
7393
5267
3784
2803
4487
3334
3373
2804
3344
3162
3199
6281
2419
6283
2801
2427
6823
6762
3791
6843
1384
3597
2418
1927
6650
3162
1242
55
1198
798
7930
6984
798
7916
798
2426
1927
5267
4385
4387
1190
4403
1191
6137
5793
3598
6126
5960
2002
5792
2459
5267
2987
5267
350
350
3628
71
316
1821
4394
597
71
597
1794
2871
578
779
825
7751
1338
6095
1185
1451
8006
1160
7747
7627
2459
285
241
333
240
896
227
898
231
349
239
1006
1310
898
6881
898
3899
3899
6767
1984
1986
7128
3231
7129
1595
1589
1009
7091
2085
7088
218
5848
5831
217
214
7795
7795
2844
2823
2823
5112
5113
3910
4375
1980
1327
3933
1922
1923
6770
3543
6770
4060
3929
6949
6949
7763
7332
7795
7369
4205
7811
1675
1784
5436
1696
2707
1060
4048
7795
2987
6664
3989
3002
5024
3006
2823
6380
6376
6664
2769
5031
3750
5639
7235
2228
7752
5490
7568
7989
3759
5135
6665
4243
3059
4248
3041
6766
3051
2973
3947
5881
3044
300
7502
5880
326
3665
6722
311
6755
5882
3675
3863
2566
5880
7303
7901
4691
7868
7822
5721
1792
4954
2566
6592
6845
5742
485
4956
7011
6422
1190
824
7458
1949
1325
1458
8142
824
5741
5881
3751
8142
7064
4141
4935
4933
5880
4236
4961
6665
353
352
7602
7615
6738
2942
1428
1673
6837
1575
6839
7375
7389
1413
1409
5978
6141
1412
7888
4891
4905
7433
4988
5421
1412
5483
4719
5494
5476
2637
4714
439
3871
1563
3931
4700
7974
4703
6315
6318
6280
4695
8118
5336
5163
5129
4431
5308
8119
4405
5116
5063
4560
4593
7144
7208
4851
7211
7214
4153
7214
1671
5056
2928
7211
3723
1305
3837
7144
4619
2894
256
3871
2809
5489
5485
6323
5498
7512
7527
1245
6322
5501
5699
1245
5733
3070
3836
3042
651
4793
4795
958
954
3738
3068
5104
7438
3869
1361
6050
953
6298
2643
5104
4265
2684
7811
7657
2507
2716
6657
7888
7766
2684
2717
2507
6399
363
6398
769
3796
451
3827
6698
771
2684
2656
4423
2656
771
6252
5360
769
3577
3456
6560
6222
5954
3470
3465
2562
7792
7064
5931
7089
6924
7799
7634
7927
5176
5185
5178
2534
2837
2571
5070
4801
7845
7872
3509
5931
5002
4800
5059
5837
5211
5084
4378
5209
2660
2469
6139
5030
2469
5341
5176
4439
5360
7850
6922
1357
7502
7179
7523
1465
1481
6080
637
4443
6234
592
7731
7731
8023
6093
7707
2912
2070
3627
7537
1551
7014
2999
2858
2911
2858
7403
7514
8174
1550
7518
8175
3502
5539
3195
3168
7015
6685
242
7522
6684
7572
2368
7782
2411
1468
5980
1094
7015
654
3583
238
4279
548
7036
5845
237
6052
799
1671
7042
153
5845
5898
6068
7402
2734
8177
1064
7400
7402
6905
7015
6749
6708
6881
7526
5056
4120
5926
4327
4416
4350
5823
1428
5769
5900
1811
1042
3381
3857
2404
7526
6150
2747
2674
2407
7526
1265
6679
5778
5812
1263
6350
4942
5887
5803
5856
4942
5872
6010
6394
3950
1507
1511
7527
6836
1506
1511
1113
6829
1671
4009
4000
1591
951
8163
4039
4039
4039
907
7619
5542
2927
7004
5048
533
124
5080
2440
5085
2795
2652
5542
2745
2806
6524
596
7209
69
3656
3605
3173
3601
3714
3714
2588
2489
3173
3066
3172
2352
3172
1171
1461
2074
5055
3057
3172
7004
5014
7080
6582
7631
5463
6685
7081
7631
7639
7639
1410
7095
1403
7093
1175
1491
1417
3506
1175
5463
2352
1897
7729
7732
6011
225
2488
2390
6357
2812
2791
2445
3390
537
6510
2766
627
85
2901
6357
169
5867
1898
2489
5778
5827
68
4178
1437
7068
1434
71
90
7095
3768
3769
4179
95
1437
3774
3769
3390
45
5450
7963
5455
7563
67
7148
512
7150
2500
4107
3987
7053
7163
7046
3612
5811
6067
5913
4273
563
164
518
5428
3649
3594
2655
4028
1839
4692
6380
4654
7454
7454
4927
5832
6095
6610
4471
4935
2926
2918
7957
7996
2664
8064
2913
2919
8091
8044
6321
2913
5493
5092
4613
6971
2666
2824
6971
1903
4456
6971
6968
4107
6146
2830
6314
6565
2774
6270
5291
5231
7072
3952
5333
5290
442
4467
3698
3396
3399
3691
6093
2079
5337
4576
4545
6607
7544
3479
2476
3583
1903
3121
2968
5150
935
1935
4677
2028
3025
51
5929
1935
2782
5795
4677
5151
837
1134
6651
2025
4867
4867
837
5163
4866
5059
7464
4601
5271
7464
4418
4605
2264
4551
7529
6612
3797
2135
6167
7529
6905
3836
1806
4665
1913
5572
4664
2271
5249
785
780
837
7443
1916
5332
42
1933
861
858
585
1658
1659
642
2963
5259
1021
978
5163
7695
6955
7778
7600
1873
6957
6678
7220
4153
4310
862
4548
8165
2270
6065
1968
8165
5307
5286
1977
2267
7242
1939
3911
3862
3962
1875
243
1642
3963
6603
1597
7244
3695
2074
1020
1012
767
300
6623
2431
4042
5261
2429
2364
5260
3570
4084
301
4042
6113
429
4071
4005
3951
2676
4356
5085
443
4852
436
436
6545
6458
6029
470
6036
180
6454
920
1150
1784
1142
1131
921
6624
1733
4976
4963
4977
2847
196
2470
8069
6066
6194
8069
7875
514
7880
6561
5670
4080
3590
6595
40
7
6965
4113
6965
2977
150
4815
4924
4924
7051
4804
6849
672
4805
2863
4531
1271
2826
7161
2828
8069
8011
152
1271
2878
4074
565
515
6157
3414
1363
565
2873
4212
3090
4266
1098
5923
3410
1183
7959
4074
3408
8030
6966
3820
1180
811
386
6620
5520
3396
386
2961
3446
3447
6590
4423
6493
3846
6582
6496
5765
7936
3930
3930
7188
6620
3915
6966
3974
6966
4189
2275
3975
2274
2466
7245
2274
7242
2946
331
6911
4973
2847
8068
1269
1278
7799
7167
7316
2209
5172
8109
5757
7137
7065
4663
2992
5103
1765
7136
4750
4729
3005
649
2994
3005
2992
4748
5109
712
283
5583
1676
1376
5578
5569
1387
73
74
1739
2155
1638
80
5569
1386
2336
1677
1376
2042
2183
5135
4959
3061
1801
1774
1729
3441
4698
1135
1507
1172
1423
1493
99
3976
3061
4026
4019
4023
1262
2811
3984
5141
1419
5647
5389
3993
4958
7776
2221
6831
6788
6816
6808
6818
6654
7690
5974
2811
1413
4483
6494
2952
468
6480
275
183
2205
139
183
458
7781
1591
1580
1588
2233
1427
1425
2391
2432
1426
2401
7701
5483
3409
4230
4301
6506
4342
1544
7785
2064
7690
3517
2283
2295
3859
7793
2660
6065
4346
1544
3345
5676
2810
5803
3359
6064
6024
1545
1382
1943
2830
1926
4554
1322
1154
4425
3567
6028
2932
3563
3552
8148
7069
5086
2928
8149
4643
5660
7069
4823
6426
4192
6079
6077
2811
2460
4133
7324
7180
5154
7181
7176
231
4133
4058
4134
3995
4143
3267
2639
7899
2345
2454
231
6533
3844
1141
3201
4368
392
4435
6561
4378
6259
3313
3575
6744
364
3661
4377
392
6752
6728
4708
3655
360
6513
335
3034
3662
7599
598
2644
2683
3378
7599
1687
3602
2653
28
6466
364
1545
2105
2334
2363
1057
6744
2361
4862
7947
2334
2811
6686
2787
6686
1346
4091
3898
3897
6231
6313
3897
6282
4521
6270
2673
2644
6152
6791
6268
4737
6941
6805
1349
3898
2007
3899
1602
7658
1190
2311
2309
1201
2311
1627
1200
1612
1209
7784
7866
2342
6182
1361
6766
4371
6205
6136
6268
7934
6106
4535
7559
3399
7210
6046
6268
6180
6199
5047
8093
5046
5047
8094
4467
8094
658
2616
721
807
6495
700
2618
2883
2047
5046
1990
2047
1990
3443
2686
3485
7906
5713
3483
2986
7921
5279
7928
300
7507
5427
6452
6455
6533
2986
2000
5269
3288
5279
3294
1559
3588
1638
3454
1597
4183
718
5870
6425
5879
1597
4385
4543
4385
4475
4504
3181
821
717
829
1460
1258
3586
1080
3454
3169
4384
4395
4395
2475
2465
3182
1056
1677
1819
3183
1769
3180
1047
7385
1678
1721
747
1084
6751
5540
747
3373
2494
5181
3553
3431
3548
7385
5536
3095
6373
6371
3102
2471
2830
6755
2449
8106
6903
5426
8107
7385
2965
7385
3069
276
502
1057
7176
7590
7183
303
2449
8106
683
6934
1059
3703
5127
2054
1193
1223
5470
2964
1117
2229
7812
5127
1726
3936
1823
7806
2225
1823
2027
4991
7463
7551
2027
5935
4407
3522
3359
1475
1117
1360
1120
7516
7517
760
1641
1614
1642
1614
1641
4403
1896
4836
2834
5919
2079
5921
4989
3702
2029
3702
5998
4019
278
4473
7008
6931
1361
7184
1440
7186
2024
1896
4317
4886
3100
7753
1153
7643
4316
5998
3100
5992
5547
4230
935
3100
2026
3534
7049
7072
4055
2726
2096
2152
6235
2152
4316
2146
7147
7169
4316
4899
2153
2153
4991
4899
6322
5713
5713
6078
6075
6072
2153
1863
7798
7743
3254
4218
1863
4506
4461
4455
1498
6056
6061
1497
3885
5118
3639
5001
2438
2516
2517
2564
3644
4491
3882
5061
4213
3359
4129
5009
4629
4743
1146
2001
2900
2916
4630
1221
4624
1529
1571
4625
5474
5407
5475
4958
9
4923
202
4486
6893
847
5804
774
5813
4494
1579
4550
4769
4769
1860
1199
1860
622
851
1199
3830
3831
7036
2670
1231
2668
4548
6808
3273
3167
3255
5315
1279
7694
7693
5334
378
360
8
380
50
7984
889
4548
5672
889
105
5756
106
7555
5090
945
5301
947
700
1046
687
491
491
6422
6416
1256
7652
896
7653
3556
7123
4996
7344
7554
31
7116
7307
7117
6759
7712
4998
7712
7772
4549
7858
1786
4989
7884
3850
4990
1786
3675
3576
5197
1778
5691
5215
5830
6418
4996
6096
6097
1788
2189
1286
6419
6975
836
6945
915
5806
2313
2312
3916
3911
2207
4283
2217
3832
6715
4150
6409
4121
4549
5807
5806
3860
6417
3924
3832
6418
3811
5714
2840
7463
5718
6426
6554
1913
6922
5002
5508
5532
228
2480
6419
2368
2377
228
2368
6951
4183
3381
1474
4183
3811
3257
1840
2385
3510
3408
3533
3381
7136
6404
7120
5806
6422
7914
8151
1708
1749
4057
4992
7788
8135
4057
7687
6705
1464
1914
6154
6482
5807
5544
5928
3241
5240
4269
7968
4182
5807
4345
6483
1835
593
2549
600
6483
6482
1079
5781
480
290
503
595
5478
605
6229
605
595
6807
593
595
595
2903
7120
2906
2791
7960
3379
6808
7811
2712
4615
2703
8125
7482
486
874
2523
4730
5030
5024
7199
261
1067
630
58
7483
6985
3241
5031
1593
4063
4063
2690
2923
8125
2
1592
4297
2890
6395
4329
3588
1524
3386
5238
3594
3811
3788
3759
3035
3037
5457
5409
3018
4993
5561
1512
2890
6462
6449
7638
6788
472
7638
7515
7635
7187
5781
942
7201
7540
7581
838
1014
8031
1930
900
1447
1415
1316
6373
2890
2229
472
1033
4692
52
8093
4693
3125
2228
2979
8128
26
625
1711
2890
2387
4216
4176
4215
353
1516
4191
6155
1121
7023
1090
8002
2848
1683
353
8002
1128
7023
3353
3354
3355
4497
3354
3355
3354
4497
4661
4667
8051
4126
4347
6067
6036
6028
1339
6037
559
4953
178
8063
540
3619
2066
363
2282
2213
3624
2282
2855
4789
4669
900
4789
7085
1015
7968
7344
4953
8035
7218
5720
4790
5489
930
5465
5453
6165
7055
5503
5721
7174
919
2033
7567
6969
4321
6131
427
2981
7485
4331
430
1050
6260
4038
871
871
4064
3833
3634
870
870
5439
2532
5139
2525
5630
6164
5214
3576
3391
1326
1983
1366
9
5630
342
571
7027
7021
7021
2696
2598
2709
2765
2593
2805
5543
5747
5450
6261
4500
4156
2774
4244
6415
283
6547
5539
6531
4872
3511
4978
3451
1358
3510
3511
7027
5551
4406
6615
4458
7694
7681
4365
2591
4460
6613
1388
5746
5328
912
5422
6821
1376
5769
5119
912
771
887
5751
768
6616
828
5551
5117
1381
694
981
6870
5750
624
588
7315
6615
6615
7309
7301
4466
7722
5995
6213
7810
7640
7672
7646
6991
6212
7671
1231
6834
5821
4129
4443
6021
87
6077
5794
5786
6835
5856
5639
7563
6216
6217
2180
1883
6216
7673
6210
6210
4453
1795
860
5498
2864
2268
50
4662
2195
4459
7534
2159
6991
7870
7532
2663
3059
3062
2582
5999
618
627
4662
6545
478
8159
6429
6549
3007
6455
3007
478
2888
2956
2812
7567
4393
7382
4388
4388
4388
4389
4520
4516
4519
4519
523
8050
2036
4262
828
828
5995
3525
527
2165
8139
2144
8128
8127
240
2369
8109
2401
402
6122
5995
4482
4234
6040
4834
8139
3320
525
5291
609
1808
65
574
556
1919
8139
4951
1894
638
4774
4731
4905
4272
3943
5069
3986
3986
3323
10
85
117
4486
4021
124
4943
5089
4909
4948
4954
5442
7954
1808
5442
3323
1048
3322
3861
7631
4490
5440
5442
5441
5441
328
6909
5198
8103
7679
2133
1051
2133
6888
4355
4355
3841
3203
3596
582
3796
4481
3366
3366
5485
5501
6171
4480
5497
6307
6005
3154
5535
4047
5992
3759
6197
3727
6416
6551
3672
105
4047
6039
680
4201
4201
765
3823
4455
730
3419
1230
1688
3959
7625
4047
3331
1673
6774
7599
2967
7213
7805
3101
4047
3460
7644
5198
7647
3094
8134
8034
3830
3701
3103
1685
1240
6067
3664
3647
1687
5721
1685
3499
1684
1685
4506
1684
1313
5529
3215
3242
3240
8014
5529
1656
1658
1313
844
4952
1657
2260
7227
5525
7508
2112
2383
2691
4193
4975
4971
5526
1523
4450
5872
4044
4011
4013
5151
5121
7508
5120
7183
5459
5797
5143
7925
5655
7915
7923
7770
3595
5648
7760
6929
7754
5945
7176
4971
2385
6019
5951
593
3461
169
3623
6355
156
138
116
179
2550
3462
230
5863
535
6677
995
6355
2351
2360
535
8016
7640
775
4317
2224
3946
2199
2346
6687
6355
1945
1356
7731
1877
1942
7674
774
3265
3946
1858
5365
7955
6105
6155
4926
435
6105
3264
2349
2069
6355
4779
5830
6087
6054
425
1864
7310
7170
7182
3951
1800
7185
6022
5829
49
518
4975
4338
4227
7313
4228
4501
7313
7094
4307
2322
435
5277
3030
6017
1149
1125
7260
4782
6733
6208
6215
6256
6706
549
7300
3255
6714
6261
5019
5739
551
2820
2821
7591
3458
351
7604
358
5068
372
7651
5230
975
5230
5071
7538
5045
3605
3740
5014
7514
4360
6519
6497
2266
5902
4708
6484
4676
4962
6406
6527
6432
2267
991
4848
8124
5190
7606
4849
2817
4851
5191
4851
2967
6720
4709
7079
6387
385
3713
4966
197
4967
4966
2964
7053
3197
1581
1580
4163
1319
2801
1161
5808
1097
2804
2805
3187
6636
1319
8075
6655
2496
2496
2093
7911
2430
2093
4474
2231
2090
2430
3742
3743
5865
6009
4177
4501
4486
2088
5889
3008
7514
6377
2949
7653
2090
4694
4472
4694
4703
4169
4695
6406
2091
5762
315
4187
7558
956
3574
6651
318
3921
4683
8006
2230
2230
2391
6463
986
6585
6579
2007
7892
2231
2514
2005
2079
5302
4314
3618
3690
4424
8023
3249
4392
4616
5985
3421
5966
3758
1593
1596
1599
943
7254
6798
784
4683
1098
4683
4717
1677
1058
3245
1675
3988
3838
2195
2599
1512
3758
4760
2632
7313
3013
2017
4240
1167
1962
7175
3445
3420
3364
4229
3447
3838
3887
7103
7098
3238
7172
6375
6370
3882
6356
964
991
3491
7801
940
3985
7553
6687
6711
931
4441
7707
6793
7507
7635
4567
4551
6793
4150
4571
4550
359
5685
7233
4002
3026
5429
7232
7490
295
491
456
3663
2018
2458
1458
1143
3056
3828
4901
7506
3762
7641
4001
3066
3066
5027
7465
1329
7465
7178
5901
5935
5901
1420
5897
8021
8089
1485
1456
1418
8020
8017
280
354
8018
3850
4721
5197
8072
8085
5233
7783
8087
8095
5097
4731
1343
1307
3771
7591
3771
1458
7406
7404
647
1425
1297
8095
3749
3539
8087
4975
1407
1908
6012
3540
3549
7572
7173
344
4379
7908
2588
7173
3996
4030
5552
5552
6326
4001
6326
6326
7434
7441
7887
6787
322
6318
7597
7966
4572
4001
7175
2594
6795
3000
3222
4915
3222
5748
4220
4442
5748
7886
7796
6397
5108
4404
5001
7797
1515
2941
2323
2943
5293
5159
7159
4453
2940
2983
2940
6798
229
2003
2003
225
4611
7159
2893
1328
1328
1315
1314
1315
1314
4458
6138
6668
6301
1747
3311
91
1736
1736
3919
2459
8075
1415
7382
3311
7728
3900
6138
527
1663
1140
8058
1386
7337
7645
6943
6138
7215
1194
3275
3215
3215
3213
415
312
6136
380
414
1567
508
4803
6318
4812
2208
1246
226
1567
3998
428
1206
6942
7160
7087
7108
6299
7016
7919
7688
7840
7703
7846
7855
4839
3416
429
7676
7678
3416
7819
3099
3095
3575
7819
5834
3071
3068
6243
6252
6247
6247
6171
2126
7802
5296
5331
1305
7756
1308
7757
1281
1194
1773
1930
7643
1653
5000
2545
1203
7730
2515
1951
4839
2547
3727
2237
8017
8017
8016
3858
5075
2941
5340
5411
5677
1351
2245
6100
5003
6510
2627
2917
1092
2635
6461
6457
2467
5035
5847
5035
7030
7536
1203
5511
5511
5846
2411
2767
2765
7499
6483
351
7347
7344
5411
6483
5157
351
5554
3198
3632
6591
3502
7271
2966
6591
7009
5086
7142
2965
4122
8146
4296
4839
6819
3531
681
3643
6691
2511
2511
6727
7576
721
5930
5157
5745
5943
1066
1068
7602
1727
1076
3147
2604
4631
4746
4656
6570
3055
5288
2645
2647
3150
7352
3169
6543
2211
7352
5037
2635
6644
6547
390
3711
4157
5043
6539
4159
4149
4149
2586
2700
62
543
2209
26
7367
2586
5675
592
2715
592
7832
6567
2642
1582
4837
5805
4111
2647
5805
6
3810
3602
7753
1511
1521
3634
4837
4076
4066
4668
4014
3693
4076
5052
3028
5068
7559
5461
1100
2680
7577
7573
7668
7234
2136
1451
2683
1100
1442
7835
1427
7367
4425
7501
1373
1937
7367
5062
6372
6352
5782
2663
6370
2450
3846
7570
2509
7879
7642
2456
7641
668
7959
671
1994
3853
1406
7824
5865
4424
7116
6319
7959
5850
6527
3655
3190
7699
3086
7156
6526
3880
3661
3254
524
2273
100
8059
7800
990
110
5302
1152
1033
7104
598
7134
7111
1032
5638
7849
4417
4995
524
1154
5369
5369
5201
81
1116
5157
763
72
87
7837
1155
82
2058
2646
4753
7636
4676
2922
6901
6815
6802
4994
4753
4752
6341
444
3794
3267
3764
7943
2953
6321
6320
3290
6316
6317
5231
7128
5457
4709
5456
854
4697
7767
4715
3442
3508
5209
5000
7771
3973
7031
3973
2874
5000
2875
5852
3619
5883
5852
5044
5848
223
7645
3794
7586
4425
7961
7586
26
4869
5634
5408
2121
104
4424
2501
6823
2479
6671
2503
5637
2621
7039
5767
4195
3666
5357
7322
4098
5819
4030
2505
6891
2479
7327
2477
4707
4433
1214
7190
6029
4139
5191
7191
6819
2820
7632
2495
2827
5193
7361
5676
737
5534
821
4805
4804
54
6
762
737
712
5515
53
739
3290
915
729
762
951
2768
2175
7375
6783
6823
7399
6783
6710
6662
7633
116
2134
2175
6397
2175
6269
2134
6065
4344
2134
5759
223
5734
711
5831
2132
7139
5829
5779
7887
7882
1069
1661
108
5707
5193
7139
2818
1214
2831
109
2850
2984
2331
7139
1997
96
2238
1997
6978
41
108
428
3663
3093
3019
2613
2605
3660
7729
4280
3867
4437
7733
8123
7728
4007
4239
7548
7551
3094
7551
1524
4298
3103
3093
1895
7383
2734
3964
7383
7647
3330
4032
2547
883
1285
3563
4850
863
4756
863
5041
2106
2286
1284
1645
2110
866
240
237
1909
200
1643
4963
246
3137
1647
2441
2444
1647
4963
539
573
3767
2085
523
6673
543
2084
7827
2438
4959
6679
4905
4909
3062
2859
3905
3869
2102
2817
82
127
107
7825
6660
3767
2797
2063
7599
7445
7445
3511
983
4536
4536
2586
4531
3482
7198
320
7356
6699
3509
3582
2585
7766
1104
6715
6452
2709
2580
8149
60
8136
6457
3571
3584
6602
6442
6602
5401
6308
5477
6997
5382
3475
2614
6257
6259
6518
4365
7777
1107
4364
7763
3096
362
272
696
4012
4008
7691
432
6602
6775
7108
6539
3735
6775
3798
2693
3226
3228
1567
4915
8030
8100
1551
6601
8027
3964
4914
3017
3619
3591
3657
2689
3591
4827
4223
4143
4200
4200
6570
7547
4213
877
6119
6117
4162
6116
2172
6129
5963
1924
1702
1967
2172
1964
376
1955
7546
1891
4140
1040
3229
7672
4921
3190
4908
2286
7673
7163
2287
7162
115
2268
2095
1393
1950
1347
1534
3248
115
4138
1852
7145
1138
2158
6544
375
3742
4028
3309
3856
5431
5431
5425
5219
5219
7930
7931
4764
7803
1645
5975
1644
7115
6390
5906
355
728
5430
916
209
1240
3742
258
75
87
2157
2111
153
1234
2564
122
1606
407
4787
5631
4945
407
1235
1235
2276
2397
2564
7654
401
913
401
6109
5962
4764
5888
4339
3961
4029
2214
2665
2193
2209
2120
1075
5643
1075
5746
913
5306
1755
1949
1941
1755
1940
2000
1762
7646
3615
1762
3787
3887
4929
5631
5527
4821
5644
6939
7642
2387
2409
4945
4318
7195
7189
5912
6939
2285
5913
5589
7607
573
4445
7607
7956
7956
3758
6382
3746
3578
2798
3558
2799
2571
4463
3550
8114
372
2650
345
6382
383
4448
1091
350
8182
4788
4766
4780
1089
4791
5577
1088
3659
3633
3656
6562
6497
5579
5579
2235
6402
7896
374
3949
7147
8101
1255
7899
2214
5471
7336
2213
2216
5453
5353
2210
3960
7742
1142
3167
7742
93
1147
6315
3291
80
3508
5640
66
5640
6265
93
44
1318
3561
45
3526
3523
1317
8176
7681
8188
1236
1236
8183
6520
7726
8183
7902
7834
4419
4319
1255
4221
6521
3290
4302
4266
5522
1521
4508
1254
1187
2763
1350
4319
6674
6681
366
4318
2184
357
4108
7880
4303
4100
1113
1111
6340
354
7380
369
367
4318
7380
4371
4379
4381
4376
4376
4267
778
6975
1321
6920
1321
2243
2072
6960
6912
6474
4218
4166
6917
1368
4339
4515
4589
778
4588
4588
2537
869
2536
2859
3189
6102
697
6230
6101
6103
6100
4151
5507
5507
2606
2856
3138
4499
3138
5164
5164
1943
6734
941
1951
981
1957
3185
3807
3365
2155
3400
3517
3419
3728
6730
6374
6374
2064
6764
7655
6353
6597
6353
7633
3720
4302
934
1648
1650
1355
2969
7634
8164
2962
3012
2482
2066
941
290
3863
1101
1094
7633
3158
1102
1457
846
4169
7915
3863
1351
7674
7897
477
7882
4938
2565
4094
4971
4789
6734
3717
507
7503
8171
5380
5908
101
5955
4279
3717
2845
5889
2832
1315
1327
6513
3
7739
779
5460
463
777
6390
6390
476
476
3282
2389
2148
3292
2168
1717
8185
1159
1036
1207
586
7107
7879
4791
7879
2629
6131
5849
5990
7995
587
7137
2636
7306
7314
3637
7305
7216
7217
2649
850
719
679
7340
7308
7335
2895
7306
5665
7306
5272
4147
107
102
5665
4218
3368
840
8038
1954
1888
5363
5302
1899
1576
802
801
1899
2208
117
4249
7007
4251
3582
2895
3403
5532
1731
5406
5530
5399
3490
5620
7358
2208
50
323
332
50
59
3023
2435
1097
2456
3023
7282
3037
624
7280
3565
2029
6614
1103
2500
1872
2627
6750
791
788
1070
6614
2001
7125
8035
6979
6161
313
8033
382
6753
6202
319
4800
4841
2002
6753
6187
6099
5534
1091
1531
6137
2281
1120
6281
3206
3538
4063
6157
7079
7093
1646
1643
1643
6506
1638
1646
6396
3466
3481
3473
5412
4675
4666
5394
2060
3481
5871
3216
5753
3220
4043
5854
1087
2281
6229
1666
7769
5320
2393
2542
1302
3224
1466
1303
7663
6028
3452
7765
5538
3455
3855
3202
7771
3148
3522
4072
2123
3847
7190
7199
4073
7663
7733
6502
2050
8032
4965
2629
2520
2289
3859
32
5530
2926
32
2430
2914
4015
6537
6590
2431
776
6587
5628
6203
8032
2341
1996
5417
4043
563
2529
4065
2556
2344
2347
1147
5537
387
3153
4985
1996
3171
6790
3186
1079
3467
3554
3528
386
7122
6790
5550
7915
8173
976
8189
2476
2453
8158
8173
8173
4043
989
2452
5520
7474
7534
7530
4060
4043
4417
4144
5558
4238
6790
316
6715
398
1432
2844
6715
2844
461
486
3378
7571
399
2227
3196
6286
7571
6226
5544
6299
3194
432
7962
7962
6280
8083
3192
2081
2081
2083
2080
5443
6490
6399
7797
3377
356
6169
3460
369
6878
6871
5387
97
2821
566
7883
6398
114
2820
7913
3460
4438
2133
442
4429
7890
107
433
433
7846
441
441
2443
7584
4604
8178
4355
6186
4575
6591
4354
6489
2958
4083
5032
5476
5093
3629
4921
7574
4040
7797
5789
4602
5070
5873
5790
6660
4670
6732
7517
7584
7667
6957
7966
979
7118
1995
2004
7155
7966
2498
727
6378
2486
726
5670
5314
2518
5479
5328
4606
4663
2227
5304
5393
686
683
1674
4060
977
168
7560
46
169
7475
4242
3851
3872
305
481
254
2635
911
908
7067
162
2632
7903
7108
6925
89
7037
4146
7805
43
4498
7803
4808
929
4809
4338
7826
627
7408
2250
7893
7713
89
2243
2779
4597
4699
2215
8040
1783
6649
817
1789
8048
6816
6795
817
5820
4322
5922
1071
8115
7718
7977
7191
5240
2034
5188
2035
5240
5238
5236
7713
7585
7191
5704
7491
2216
7757
6420
6848
6870
1365
5744
6851
2834
1427
4009
4065
4064
4065
2833
1934
3380
3800
1980
1763
5672
1651
5677
368
5677
1761
6773
1430
368
2121
6750
2514
2120
20
1971
1549
63
1651
1981
3032
3031
3148
8041
1974
8051
7449
8051
2758
4151
4119
1550
7684
1857
7885
1068
7883
6740
6741
4883
6892
3990
104
3235
4894
1857
3990
1859
4439
4123
7782
4438
5354
6618
1785
1859
7682
5563
4303
5418
5427
6811
5325
4502
7779
4267
843
4270
281
841
1785
42
55
45
54
42
1115
636
6805
1089
617
6394
4297
1700
2756
7399
1259
1760
7409
7419
6675
7186
7187
1259
5793
1074
7014
1074
3141
5799
2691
363
4427
5856
2944
1263
895
5735
5661
1598
8141
363
869
1769
961
6969
1171
7952
2870
3817
6969
3760
3160
2870
4244
1268
3816
3404
6999
6999
6999
7683
3404
3761
3401
3576
264
264
895
7702
5618
865
7194
7193
2803
3035
5556
1241
971
2717
1244
6090
6630
6631
3806
8027
1246
6264
5370
5375
5375
2803
3120
2428
60
5374
3463
4237
1730
5231
5050
5733
3806
887
3357
3357
786
881
886
6642
3625
1318
3103
3806
2882
1319
7874
618
3133
7874
5091
4838
3050
4758
4644
116
4838
565
2734
565
8050
56
2260
2075
3616
3616
8143
3635
5580
3207
1207
7074
3071
3004
7106
5732
7074
6992
3002
1206
6843
1069
7654
6847
5002
877
874
879
3003
8180
818
8181
3456
8153
819
3801
3801
3808
3467
3467
6514
6514
5521
7483
457
456
3229
2800
6284
3251
7653
3249
6547
6217
3201
6284
324
3249
6481
7878
2198
7879
3551
3955
1016
6626
6820
6842
6481
3542
4200
7693
4059
3940
7539
7692
7695
7692
8166
8182
1648
6628
1738
8105
6210
3548
1016
3697
2183
6665
807
2187
7187
5221
804
5610
4696
5417
5625
1293
5293
816
4673
775
6468
2945
4697
4685
6646
6652
7187
2397
2117
2187
219
7193
2118
7194
7637
7729
411
409
825
6151
7803
6861
6700
6700
6149
4198
2837
8035
4061
4094
7396
913
2483
6178
7637
7635
7366
5459
7414
7881
2897
2839
235
7930
2482
7881
7867
2915
3641
3644
2950
6117
5966
7422
4448
352
4459
4449
237
7416
7635
5995
1739
5632
4460
4505
7876
1999
2546
1993
5747
4240
1992
5914
5974
5892
3549
5888
2337
2729
2220
1992
2245
2526
2237
5226
2010
7915
4855
5761
3538
4854
1829
1890
1999
7422
7417
4219
3386
3920
7280
572
2551
6642
6642
5774
4776
4796
2421
2422
2426
5214
7280
1346
872
2827
2832
873
639
3540
520
4184
2526
3981
2236
3965
3918
3943
4
2526
5482
4184
513
1729
6504
5486
6486
236
6079
1873
6405
6874
6899
4070
5954
4495
373
4495
381
338
6078
875
934
875
2760
844
539
4151
3697
3587
3626
5886
3659
6508
4482
4495
4482
6486
5775
6584
6517
2776
3829
7013
6541
3566
6566
5770
2704
8096
7829
8106
3826
2781
8013
8047
7741
8008
4196
4015
1664
1694
5484
7741
1854
1749
1666
6426
1665
1891
7869
5225
7830
7857
4210
7841
7852
7845
5737
1314
7836
6426
1240
4606
7727
7856
5887
5684
4204
4121
4433
4186
4214
2781
7831
24
5797
5913
5352
6511
3235
5728
7630
7623
2989
5938
4607
6054
4765
6036
6038
5871
30
2807
4734
4725
6047
7827
7013
2119
927
618
4497
730
5951
6510
6445
1792
6583
3306
5938
1720
1309
3459
3459
4656
5013
439
4997
438
400
7
445
4605
4395
1703
2119
1672
792
400
694
880
944
1171
1169
3318
5537
1168
26
3261
3319
2654
7866
5443
1355
1351
1969
8036
1950
445
8037
5443
3429
3426
5945
3716
3719
8034
4869
2733
6354
6353
5831
7709
8034
5828
3734
2661
3763
2736
5144
2595
2733
7316
2592
4472
2746
7469
2750
7984
507
792
1696
1261
1696
1697
3173
7216
445
4322
3730
7873
7822
3225
7819
1765
7666
3257
5231
3762
7566
4082
5701
5566
4635
1660
7473
7497
7466
1799
1650
7462
6048
6060
5909
6058
1890
4067
1979
6041
4279
1320
2163
1947
4393
789
4384
6174
206
6174
217
7867
6175
6173
6996
4161
5194
5195
6872
3238
6071
1975
1983
7965
6873
6001
6897
6384
6896
980
6874
2021
1443
982
4509
2804
4509
7547
3063
7545
6635
364
4539
6235
3817
360
6208
1702
3882
3885
4485
4491
1813
333
2147
2363
333
3719
6304
6194
6333
6304
4688
4683
3323
3315
3712
1295
6325
3321
5237
4695
2718
6448
3227
6459
6451
2215
6407
4175
6449
852
4209
5850
1892
4182
2716
3060
4571
285
287
257
5028
4169
262
3940
1547
1843
257
282
1226
1539
805
1551
4612
1564
2752
1227
2902
1224
1227
5447
1227
6955
5454
5723
248
254
7851
971
2371
5735
4069
543
7868
1968
614
5413
2215
682
77
1856
86
5429
6719
2363
4489
5771
6731
3211
3211
3210
3211
4015
5207
297
455
4044
4475
5408
2963
2964
2967
4488
5771
167
4044
3988
5204
252
77
2328
2434
3942
2966
4281
6995
5771
7089
5872
7159
7041
251
8015
2312
5769
6209
2423
2310
7648
7622
5099
8012
7812
5833
7650
913
4522
3127
1251
4522
7673
5687
5854
5876
5859
7343
5373
5765
6748
5780
5315
4580
4522
6163
3307
1302
1297
3225
1300
1302
4056
3813
4035
3449
3813
6164
2339
4059
3633
6599
7347
2337
6597
7741
7734
1483
4583
6307
6595
6645
2551
3308
2457
1036
5452
5868
5868
2953
6900
6772
5730
3252
2908
6581
5619
7612
7451
6263
6560
5776
1027
6568
2425
5474
5704
5779
2594
7029
2590
5391
1456
7664
6835
3248
2588
3559
5465
3569
7672
7356
4179
4684
1669
7104
4689
4687
6473
8190
8191
8115
8136
6427
6271
8041
6902
7771
4191
5449
686
500
1105
912
6577
1103
4684
4693
1673
143
7487
492
494
505
510
4412
1289
467
6947
4621
1701
6473
6896
4436
513
4436
4246
3212
5979
5978
3054
578
593
55
7979
6047
2733
48
4274
5
7282
6450
123
3228
7727
7727
1517
3230
3226
1555
7289
6524
1557
1590
4646
6680
917
1459
843
6500
4646
651
3637
3723
3244
7283
3658
3010
3011
2633
3694
70
4252
3635
3244
2066
3913
4647
2071
4859
4859
4857
3398
5062
3743
7283
7282
1879
6184
1945
1894
1922
1880
6298
6296
6349
7919
6389
6277
5327
1289
6148
3691
6221
1467
3877
639
951
4253
6703
4182
7757
3252
7643
7802
6139
4168
1470
6703
7803
6719
3607
5732
5080
2375
3239
5065
3030
6719
8048
3903
6768
4363
106
6211
15
4857
109
97
2752
6018
5338
6523
846
5698
8183
4100
4349
5145
7556
575
7972
78
162
2399
1252
152
2299
6719
929
2109
2512
268
4858
2131
2815
2297
1878
4719
4716
7588
280
4859
4685
4693
6633
3184
131
3156
6614
4859
7511
57
8051
2514
531
7919
7525
2766
33
464
7499
6199
2027
8134
6612
6824
4159
6825
6830
4100
1871
6253
6254
6725
6246
6256
893
6189
2447
3352
2518
2939
2659
131
2943
2943
2943
5218
854
5215
371
23
7290
7232
4171
369
4112
8054
1741
936
752
8134
5762
6306
3024
246
691
1287
4192
5770
242
7697
2863
1510
5775
5873
4346
1256
6900
6837
6736
5486
4961
1776
5953
4961
984
6844
5953
8135
4562
1391
3733
343
853
1525
1401
1743
6538
6906
6909
269
6097
4023
6612
4845
5250
6527
283
783
782
783
4756
4758
772
227
562
166
1742
6634
945
7271
647
557
6133
7396
5961
4010
4022
4075
2471
7398
4005
7415
263
8135
7904
1036
5226
3915
160
6727
3648
5929
7120
5763
5822
5446
8135
5920
5447
5761
5638
5862
5649
2302
619
1870
1502
1761
3915
3911
2850
3912
3909
2825
853
5499
1915
619
7689
2606
1900
2883
1902
851
48
48
49
5367
557
562
619
1420
702
2068
662
564
3864
619
620
254
8072
8110
1333
2255
6470
2358
7611
2910
7387
6757
8099
4114
2357
7613
5386
4257
5579
6565
5161
7383
2809
2014
2996
433
219
1336
5206
3823
6436
2841
2841
2827
207
2840
4274
5211
5834
2447
2473
638
638
616
5370
6672
2912
616
636
2862
2546
2841
3429
3431
3329
3329
855
7379
5420
2877
5408
5627
5280
3307
5627
2509
2255
2255
613
6013
2084
2064
2282
4223
2521
645
5508
5361
5528
5826
5994
2608
5952
5984
5988
377
380
328
329
2116
2085
2271
5826
7274
5208
5208
2822
811
2974
5349
6497
3907
6496
3907
3927
6497
6001
7049
3664
3625
3314
3702
3313
3706
2168
7056
4644
3315
3315
3312
5239
3045
5038
5188
5191
1887
4168
440
773
2873
6475
440
3255
440
4038
2634
2630
3240
3239
2602
2612
3998
4092
4075
2639
3960
3987
5348
7391
810
7517
2874
5930
286
236
7384
189
114
4087
248
8098
7039
3989
8126
4089
1875
280
1882
3599
8056
3611
3774
1875
4165
7548
4417
8052
4391
4434
7521
1501
5821
7384
5576
2822
961
1822
4123
75
6277
1495
1225
2206
2386
2384
2385
5223
1494
2366
1494
1493
6446
927
8114
862
862
5143
4055
690
3982
3982
858
5602
1249
924
8032
75
8159
4979
1875
6834
8033
1961
6116
3046
153
983
156
3879
6539
999
302
6845
5683
490
7486
1633
668
1577
1672
1594
921
6511
7272
4964
2012
2516
2508
2436
5339
1017
2326
2321
5964
3874
4275
944
3683
5777
6070
3421
1260
3311
1947
1951
1953
1400
6918
1350
1387
281
3356
3379
7535
5326
5320
5320
2210
3820
671
5326
1540
207
274
7489
210
919
211
218
8007
6384
6386
1622
8067
6108
4071
7488
646
902
3263
6456
7535
6433
33
6506
2127
521
7695
610
7798
1336
7626
7693
3200
7805
6989
2138
5857
7973
5615
2377
7553
4891
4722
2140
1250
1017
2541
2505
1492
6527
1476
6447
845
5613
2218
378
1478
1363
5765
406
371
5608
2484
520
5614
5614
622
1773
3670
6505
2333
3875
5685
5379
6589
417
1202
1215
1211
5609
6453
5627
2216
2232
1215
1210
3904
8082
3930
4479
7460
3933
5720
4014
2504
2231
6950
2313
5817
2502
5738
2318
2477
1221
4587
5793
5789
1330
3992
2242
6950
1210
3654
2199
1212
2862
7884
2242
4421
4281
5800
1247
5379
4211
4281
4485
4268
5755
4265
5617
2574
3415
2753
2622
2856
1838
3418
5208
6505
529
1917
2416
4657
8023
2849
617
2950
1817
2896
4776
5327
755
1843
705
726
3415
4798
892
3920
1226
7776
7760
5678
3928
3935
7876
7787
7921
1295
1301
7390
1297
1310
2029
5870
3419
4191
5866
5731
5377
1220
6108
6607
5390
6123
6102
5386
3821
7660
722
3417
1215
3058
839
849
2202
3843
3822
5582
1489
2186
2234
299
2186
5027
899
4476
1327
4108
3299
3501
3510
30
465
3417
6375
6371
6368
6379
6379
6372
6368
7761
7701
134
7767
7761
299
4546
4897
3177
4382
3876
3147
3144
5923
534
1098
487
459
4925
7178
7496
3191
1174
1103
8
1092
7
1150
4303
1981
7907
5077
4897
7984
7577
7928
7005
7602
6165
298
6193
7510
7178
7606
7493
675
5577
5956
6875
5896
25
1276
5653
1444
1522
1371
1333
4
11
3551
3546
3159
3523
3535
6875
6089
3535
2765
7198
57
8133
7196
1529
8178
5331
8188
5920
7613
7612
6835
7610
8092
1284
7565
2567
2810
1329
5709
6756
7610
1442
6775
5097
1364
2446
1218
5103
6192
4111
5317
5719
4110
4103
4103
4180
6692
4181
1089
6315
5947
1090
6895
6298
6858
1347
3303
5102
4745
4736
4739
4738
5479
4738
6857
5077
3992
4472
4474
3992
2491
4202
6633
5789
5652
3053
2491
4210
2495
5800
7945
7945
4862
3731
3053
5055
4993
3040
964
963
4373
975
4607
806
7158
814
7152
7157
1041
7152
7158
7158
229
2759
1369
239
234
234
4263
3944
5493
3879
7944
7944
6792
6794
534
6794
716
723
2494
127
56
678
5730
2409
219
5874
211
5862
4198
4199
3335
3330
5915
613
1979
7614
2601
4199
216
210
3728
8095
5722
7358
218
5745
8116
5053
3210
5010
1463
1124
3206
1466
3209
5939
5823
4170
6863
711
6893
2224
713
4153
6883
2203
5915
598
5926
4328
967
5925
1316
1022
2615
5300
5994
2615
1132
1125
7154
4074
4219
2580
7333
5894
7096
7227
1579
2450
2909
5905
7142
685
7119
6517
6481
4393
3139
5946
938
946
671
7891
3730
366
5867
371
366
370
5866
3738
3729
5249
5265
5284
5297
5307
3228
7774
3731
92
8076
8181
86
4461
2694
8176
4220
4039
1538
6423
2236
8076
8076
2455
2308
2732
6173
6168
5989
5333
3847
1538
5558
2170
7681
7682
464
1108
2991
5299
3657
2802
6042
458
1304
2802
8005
5199
6063
6575
4364
5241
629
1304
5582
5362
2810
2411
2409
1710
2429
7387
629
7391
7583
471
1446
1469
7652
7458
6255
2863
4715
3109
5285
7561
5351
4651
2068
7153
7164
5324
7057
2052
5012
7458
5616
2614
7562
7211
8148
5239
6768
5018
6595
4367
7552
4765
4792
286
5153
6772
6915
7236
1136
1139
2069
4765
1462
2483
7195
6594
4478
2493
7022
7583
7912
7020
2490
2476
5350
6815
7334
7323
4893
7941
4989
4984
479
160
4877
4878
2485
7233
6227
903
7204
16
248
483
7205
181
181
7207
242
191
244
7209
4684
7204
7205
1549
1563
3157
3668
6522
1603
3685
3669
3149
5346
5804
7910
2616
4020
1737
2692
5439
4440
3701
4503
3706
5116
5433
5438
6043
1488
4496
6723
7557
7563
492
1882
4007
1323
2012
1313
3942
1976
6523
4133
3191
6350
7718
6359
6359
7718
7719
7716
2432
7917
2415
7719
6444
4680
7716
8144
7479
4422
1160
4461
4172
7058
7059
482
7057
1208
1155
7276
7066
2654
5750
2329
7058
3909
7507
4865
5374
104
4069
1665
4896
249
4875
1947
4872
7113
7114
4339
7115
5658
4871
7910
5745
5716
5658
5749
8055
4305
916
4290
4290
7570
7679
2382
497
7474
2114
4314
4138
3352
5154
4896
3330
3343
4898
6643
7455
7873
5544
6348
279
5563
4020
3876
5531
575
7598
8060
5209
1385
171
7598
7901
5673
5758
6799
7571
7569
7181
7439
