mesh_partition_v1 8192 26411 17 cell_order_v1
1019
5768
7116
2065
3267
7468
771
2515
7439
2471
7432
5816
7476
2456
1198
3623
770
4469
2690
4397
3267
770
1964
2093
714
2086
2337
6843
3784
771
4840
2131
4356
5522
2164
6352
5512
5516
5577
6001
5699
801
3824
2287
6001
3766
6000
6609
4356
4795
6000
3890
2091
3890
2538
3891
7067
7066
6979
5699
5703
2043
5704
7067
7066
1349
2167
958
3891
5967
249
4831
4720
2309
4936
4783
1730
3960
6544
4101
255
5849
4936
4983
4777
2043
230
239
5075
7684
2308
2863
2604
2603
3266
2309
2749
7783
2043
3162
2043
2309
7530
4179
6963
1973
5165
2623
2616
4777
5501
1962
5418
1439
4179
7298
6942
5568
6759
1636
4264
5630
5494
6767
6767
6756
4606
2064
2685
994
1963
5531
4611
384
5531
5961
5272
1969
1152
5530
1080
212
5530
6964
6697
2727
5096
3651
5794
5806
2727
3729
3293
5806
4588
5795
6918
4443
881
2727
5900
4907
6829
4278
5077
2727
4739
4739
4739
6846
4291
1845
4249
1157
7397
4240
1157
1191
4849
1187
3334
518
3334
8068
4235
1326
1326
1840
1326
1695
7186
7237
7705
3324
1972
1323
2404
1967
3323
7017
4396
5961
3323
1842
2097
3324
1230
2399
3637
4163
5755
3637
2257
6039
6543
6250
3812
3560
76
7467
3053
7467
3051
4399
6732
3832
6686
6735
1356
3629
3966
200
4739
4026
7464
7465
3624
7469
3946
2565
7951
1153
1183
5931
6006
2565
1255
3273
2566
7061
3720
1188
2012
1253
7226
7147
246
1252
4021
2170
1255
440
5078
5289
895
6877
4053
441
3274
1803
6793
3275
3273
3377
3170
1043
1883
3221
2487
5424
57
169
5041
7435
46
3602
6634
1386
1803
2582
4059
1434
2705
2808
2695
90
2810
179
7493
1947
179
3355
179
2497
7262
1806
6961
1437
5567
842
179
6543
4401
7243
7257
7536
5423
2937
3377
5719
5304
4983
2367
3376
1486
3376
6625
3089
464
6263
8023
2885
3088
3089
1509
3089
1658
1930
7358
2445
7220
1772
6625
1930
7305
1056
1075
2464
6201
6627
8149
7556
7606
7444
1064
3407
3724
7576
7570
3407
857
850
4452
6901
858
1065
7349
2966
8161
5492
6900
6626
6896
1065
6898
5713
6132
5710
7126
2645
722
2634
5710
1733
6509
6469
3947
5710
8084
2635
2364
1732
1732
6553
1166
1733
6407
2634
4049
7230
7229
6569
5725
5240
7220
2926
6555
1534
307
4854
6021
2634
4496
4049
3909
4780
1459
5387
2019
2730
4373
2764
4048
4048
5515
5838
3632
1012
4646
2905
1459
1459
2645
6286
747
2672
1459
6089
2642
636
6088
2972
4524
3616
6089
2767
6089
4542
6081
4526
2764
4524
5652
4713
2908
137
137
3039
3928
7179
7854
3928
8142
7440
3929
6646
6365
748
3002
4646
4327
643
4397
673
687
715
418
14
137
2764
2913
6996
4685
3930
2912
3802
7349
7351
8118
5875
2912
4647
6635
2416
3910
4760
7705
2913
2894
1210
2895
4646
7345
3435
4135
7628
7191
6833
4861
6833
3255
613
1454
668
6824
4900
7339
4847
1286
358
7345
205
1155
2903
2903
2883
3998
2062
3984
4830
5279
1496
5856
1501
6504
4092
4828
5451
6034
490
6832
4068
7709
6832
1677
8032
5283
8033
7964
2894
7865
2549
3906
2549
2550
1913
1897
2551
4472
381
1897
4248
7856
380
1825
7303
3760
7336
3760
3077
6580
3110
7792
3761
3760
7105
7856
7814
7812
2128
2303
7814
2285
2369
5906
5947
2298
1247
7857
3313
6030
6543
1244
7814
4756
4001
7857
96
3963
5023
6028
4008
7964
679
4862
3200
4086
4084
3731
3941
2244
3941
5039
7846
4342
4342
4862
4640
4392
7130
4755
5209
7113
7112
7846
2032
7681
7129
4342
4342
3713
2033
7243
5823
7112
6183
7113
4391
1697
3953
7129
4380
7180
4653
4381
379
363
7180
2600
2507
2738
1719
5294
5065
893
2831
2107
2539
2503
7188
3008
2546
2583
4381
7188
6957
1765
3047
4381
1532
715
7125
4862
3031
4380
6956
5118
3731
5747
7082
2337
7101
6727
5735
3872
7534
2958
7681
6691
6987
6956
4105
7656
2978
4165
7993
3072
3295
3731
5735
5747
3167
6182
1847
1843
5994
5995
8160
712
2978
3084
6610
7870
7830
6957
4848
7870
6004
8130
7641
2723
4811
7600
7562
2934
2958
942
910
2118
2363
772
5685
4709
3033
908
4727
1986
411
1915
4718
299
4718
905
983
995
4710
2608
6028
189
1850
4787
4607
5841
6029
2572
1344
5841
8130
4345
5576
8131
5574
769
6469
6501
5028
2161
5750
4240
867
5029
6193
4067
5029
6193
4586
6033
2054
4586
1500
2428
5206
1533
5077
7332
7770
5029
5086
5043
3092
4747
8058
8058
1549
963
5086
7109
5675
177
3117
5655
7966
5482
8057
277
3679
5472
1183
4793
4783
5476
157
8131
5755
1139
5984
5260
981
5672
5472
2333
124
3246
124
125
5168
4345
2493
5780
2466
5762
3174
5785
752
58
3887
2467
5972
3791
867
4774
667
6317
10
5651
7672
3987
125
2431
5396
5692
965
5692
3996
536
2398
1205
712
7768
964
2373
571
422
422
4550
778
3523
1120
7871
1691
2199
2825
3770
5736
7158
2504
5763
3417
285
5766
7158
3901
3201
5687
5687
6902
7768
1211
8109
6902
5311
379
3820
5305
5240
5906
6049
5897
3655
1012
4412
5396
2463
7769
1139
2155
2933
4544
5953
7768
5959
5954
5959
6315
5203
1892
2215
4521
4886
5202
4060
4535
5731
4532
2214
1875
3882
2661
2214
1553
2984
2096
5818
2215
6050
2103
3971
2098
5726
5799
2220
3035
4995
4749
6058
2661
6050
7120
7588
1041
5791
3700
7124
4875
2405
5108
1250
7124
7130
7123
2950
7121
6626
1759
4924
508
492
7436
3423
918
6489
4261
4978
1443
7196
1442
995
2660
7858
7304
7180
694
2660
2339
2780
1085
6488
5344
1233
6488
1085
4792
6489
4190
5573
1084
2522
675
675
1692
4191
1761
2395
1008
2411
6548
694
3956
492
1602
1578
503
2035
3038
2368
2331
1266
5355
3956
5995
5955
6574
1557
187
169
140
219
176
7189
460
6718
176
6698
971
3988
4400
997
5860
5175
1557
144
1639
1293
215
144
7797
3901
5378
7769
7770
2025
7769
1182
3956
2536
2422
7835
1808
4584
7739
4296
6538
7837
7835
5500
3636
3810
7834
7215
1566
3014
2196
1760
3461
5140
7643
7622
1013
7246
3810
3908
7634
3259
5416
7634
7649
3073
3255
4190
5054
248
1911
1488
193
6612
119
5051
270
1817
7076
1816
4169
4567
4169
6619
1931
6133
95
4554
4190
4555
5051
5054
1013
6937
325
4322
2674
6427
2771
5304
1756
1730
6449
5305
4182
3258
5304
2482
3533
3523
598
78
1017
1017
2904
7452
5370
5984
2062
6937
3635
7453
1348
6125
5188
2581
4105
2281
2281
4628
5974
1353
2609
1353
4239
2619
6748
1352
6545
6841
6320
7564
6547
6547
2679
2669
7670
2743
6545
2519
6610
2620
775
978
5854
3635
777
2571
2571
7552
2230
5011
3634
3635
2645
2671
779
2303
2498
2705
7521
2711
2500
2180
2178
7373
6575
2198
5077
4723
2632
4851
2500
2491
5102
2593
5731
5461
7453
7453
4826
2498
4409
4826
1607
8164
4446
2842
2711
2834
681
2832
3169
2833
2834
2833
2706
2619
4776
1285
5591
799
980
937
5591
5080
4357
6060
3848
5586
5586
6493
7058
6462
6644
1748
5540
6472
5935
1742
4793
2558
5283
4792
5936
4493
5943
5489
2055
2357
5943
5936
5686
6260
5453
3858
5634
5639
3066
5224
4814
5850
3062
4769
6055
6054
6686
3067
2284
1199
4521
2737
1493
7162
4768
4738
1165
195
4142
7127
7080
6581
4129
1742
4139
561
7836
1748
192
4852
111
6060
7472
2321
196
573
7713
7080
2528
2490
6229
224
6111
6645
7077
4269
6715
5686
2489
192
4093
210
2779
2324
3325
3728
788
3955
4899
1311
2523
5109
5076
4656
4269
7873
1331
6596
3276
2327
789
3580
5878
4496
194
3580
1320
1740
7139
6693
2376
5302
2445
2928
682
3577
1602
505
7215
4289
3249
2376
886
5303
3176
2386
3116
5371
4288
2387
1346
751
4288
6701
5312
6701
5749
4289
6526
4932
1449
2703
5266
3316
5651
5212
5969
2567
2758
6361
514
7145
7355
7008
231
5238
2443
2636
6407
511
5609
2450
1249
814
5608
2947
163
6712
1674
1782
6225
1365
2447
2511
5608
1598
1598
814
1863
3981
4326
3827
813
3595
5591
258
1219
5609
514
2653
751
3403
4616
4764
3403
5371
2651
4469
1821
1917
1225
6792
3449
7376
6793
3687
2794
1223
1223
6790
2128
2133
2162
7376
2162
7704
1608
3574
1901
2152
4799
1868
7026
3574
6909
4760
7713
2502
7578
7373
1608
5580
6317
7442
2718
3703
4424
4665
6392
4744
6391
3574
7383
6350
3574
6380
6810
6309
3403
6347
8084
5980
6596
6371
7381
3727
6343
2021
666
893
3154
302
5595
6585
7777
834
7351
6484
4578
259
1617
1913
834
3403
1992
7292
187
5596
893
2008
6669
5631
2581
3720
2458
2759
3619
5612
6669
5595
6596
6711
5631
7183
4606
1567
5598
7014
1263
1845
1055
4111
5749
6359
5626
4528
3638
2574
2878
2878
4491
6661
1567
5625
842
5625
6083
283
7860
6197
307
6192
6197
4926
474
965
1263
4988
7555
4483
1567
1567
4988
6378
4506
620
632
3551
860
4896
5061
4993
4117
2352
4989
5557
2059
5963
5829
4551
620
4603
3532
1028
1262
5864
3778
1092
7400
3054
3527
1114
4989
2159
1558
2445
5809
3549
1104
6335
206
298
2462
3986
3985
6335
1095
3457
1095
3982
7238
6494
6335
3968
3985
1115
4719
6334
2456
3969
4600
3991
5017
1344
6199
2801
2668
8074
3918
2802
3641
1028
8077
5097
2814
8065
2798
860
1031
6527
6514
7009
261
7609
222
1015
33
6514
975
288
6515
1026
4727
4858
4854
4850
1025
4858
6015
6515
6398
1466
6255
1467
1417
407
538
1417
6242
6015
3375
2307
6255
8006
4913
4906
5670
5694
1263
2258
123
4519
93
3452
5962
1030
563
2776
4049
1027
1427
6358
2778
6903
7052
1307
79
5571
5670
2779
2598
2114
3493
2647
2647
2646
4504
4906
2502
3387
1029
3354
6498
6498
6499
4908
6499
1030
7147
7247
4454
4398
4573
1162
1162
7157
5434
4212
6304
6208
595
5436
7096
4378
3337
583
3360
2763
542
1163
2770
1163
4146
6624
5108
3763
4144
4679
6950
5301
5961
2457
5436
6529
5435
1907
6529
6529
4147
5179
4137
6380
5256
2444
6473
427
6918
7319
5360
4192
6964
7975
4682
626
4617
4150
1630
4623
4151
2600
8028
5347
4885
4975
5819
5360
6953
2255
3326
7579
5265
4584
2255
5265
4151
8003
1645
4201
4191
4206
8019
5579
6535
4178
6356
1566
5579
4620
5204
4202
5798
1641
335
4995
7466
2255
4981
5525
1641
1619
5532
4823
8095
5966
7585
5525
2255
5946
5408
2185
35
2882
8166
8013
4813
6103
4150
7061
4279
474
7585
8013
8015
111
127
89
5300
58
2481
2881
4856
7541
1160
6705
2481
438
1680
526
5298
2881
5306
2013
2005
3507
6778
6776
1262
2006
4256
255
1653
2881
6326
1539
4306
6378
6833
7411
847
77
3276
6331
3648
10
2415
2563
71
571
4306
4307
1669
1123
2723
1122
4154
845
434
5307
3076
1669
473
6366
71
77
5950
5241
7297
5847
5498
1447
2699
7302
7302
4208
2930
2850
5320
3650
7204
209
5323
1447
1447
388
7297
5391
7420
616
2184
1921
6485
1450
1451
115
6290
7233
4959
7767
3165
615
4199
5605
115
113
2635
2543
617
5037
696
7465
6290
2699
3946
617
1601
5176
7891
7893
5176
3034
7272
2063
5846
4844
8141
8141
1091
227
2307
7215
3209
1623
7165
7167
7215
1113
6195
2878
6303
2827
7156
1184
6290
6638
2363
409
3697
3709
1099
6600
7366
3736
1098
5115
5846
7758
6019
3705
7963
1578
6196
7688
5839
8074
3684
6600
6602
6601
791
3214
5172
6601
2961
6601
6600
6603
1577
2352
3215
2307
5846
3165
4943
7383
7379
3530
3558
3561
3573
3108
3214
1019
1581
5836
6031
7481
1580
761
212
47
7730
1274
5847
1772
3483
2913
2558
1180
2488
3483
3052
5409
4503
549
4450
3483
3075
515
5256
132
3485
4794
4795
5222
4358
4664
3326
4671
4670
590
5568
5377
198
4822
2396
4665
5093
4450
238
7922
1623
2817
4356
1640
4607
5847
2817
3364
3370
8008
3391
6410
1651
5719
7395
5793
483
6462
7422
3532
4879
3859
7949
6542
7431
4871
483
4533
7159
483
1379
1881
1880
2821
1676
5511
1797
2073
2134
5296
3663
2825
1618
4065
2135
483
3655
7245
2937
2750
2589
6500
2681
7256
7257
2936
2522
2823
8109
865
5610
1260
8113
5660
5887
5845
7859
7796
6055
1799
4458
7784
1799
2089
6530
4927
4846
813
4927
4930
5311
3861
5310
6528
572
2573
1793
5277
5246
6528
6530
7619
1384
7521
6943
1306
1176
1306
2671
2229
2121
2211
2791
2700
2741
6719
2693
2692
6726
7817
1305
6726
7497
4458
3081
5355
5301
4474
7410
3164
6729
3083
2716
5613
6730
6796
5407
7492
6893
4653
1460
7826
2716
6341
7495
897
8012
4084
7492
6555
7951
6729
4052
7967
2644
7967
3034
2136
4845
7506
5278
3804
4069
4592
4789
2717
7506
3083
2717
1235
4948
4937
4233
8166
5640
1327
6572
3080
6623
6606
6555
6332
6569
6012
6624
6577
1092
1372
4233
6645
6318
1092
1226
5555
7772
6328
7028
6304
5263
1834
2972
380
896
6691
7686
6588
1250
1837
897
2611
7775
1837
2736
2714
900
2426
6019
1709
1832
6020
4226
6248
5149
5149
4226
6248
2931
6248
234
2790
5324
6348
5678
4183
6379
5315
6381
5315
5315
2121
5315
4547
5974
4854
5652
4567
6679
5165
5113
5034
5156
4855
4846
8147
5175
4005
5228
5148
711
4567
6041
6504
5652
6527
5148
2547
275
839
891
5968
891
4654
891
3912
1197
1167
891
97
5919
2355
7139
32
167
6485
6926
4258
5617
5389
2349
1099
5533
1705
426
4227
833
798
273
768
390
6526
5919
515
4997
3242
574
1339
1442
2460
3398
2460
5919
2211
5919
6395
6155
3396
6467
5363
5786
6617
4420
362
5412
6504
360
5412
7364
5219
1770
2443
4368
3026
1922
361
3863
2678
7475
4043
2513
2082
360
4557
4793
5491
2503
2256
2782
2209
2782
7394
5458
7367
5444
2490
5463
2783
7416
7148
1196
5412
361
4732
4974
4701
238
5554
4224
2778
1923
1747
196
6835
1747
6702
6687
3551
6714
7361
5413
4152
2253
215
5036
4137
2474
6310
2478
239
6306
3188
4645
4697
2463
8166
4592
6620
6347
108
4533
1704
211
71
3607
2361
5282
193
168
8181
5643
2422
7701
1747
2371
7361
4696
4700
5572
4701
1747
3117
1071
5572
4538
8181
2662
1071
4479
5575
5450
1132
5456
2573
6896
2544
2568
6874
8124
6506
6972
6971
5063
5063
7035
8176
5575
1751
5432
393
1009
4575
5062
7514
1231
3649
6934
504
7543
6470
411
1230
6259
1268
279
7990
8166
7691
5063
2039
8176
4575
6536
7643
7451
2732
3356
2747
3611
135
501
5507
5246
7017
500
7400
3283
6051
4575
4346
3343
5862
504
3219
7284
5278
7242
6540
1428
7374
7371
7350
3343
34
4085
4941
779
4575
1102
4086
5164
5520
8
274
5583
5497
3319
3319
5592
5162
6133
3342
6135
4074
6136
5247
129
3839
3807
4202
5590
1653
4910
6493
6824
1668
8066
6138
6130
4940
4939
5467
1093
6075
864
1912
1209
7055
1295
1161
4215
7661
6798
5593
1402
7392
1184
3346
1499
1423
1335
710
6468
1165
1379
6196
1094
1312
7050
7668
1993
2311
4533
1485
1220
302
7668
894
921
4942
419
3485
2776
2797
729
6578
7060
6104
6579
5491
31
4251
728
6079
3049
3943
786
5377
7094
1686
2800
354
5075
229
2808
7249
3157
7280
5075
7280
7391
5079
5075
3562
7236
1627
6238
8105
7263
7639
6492
3538
7647
8105
2108
2398
7639
2408
1738
7637
3048
1484
1738
7887
1757
7637
8108
7528
7635
7394
3049
3049
4806
3212
3213
1487
1529
7635
5146
6453
7319
7333
6359
3213
7621
6551
4952
7663
3142
6861
6860
51
8109
6603
5404
7299
7570
819
6626
6470
1405
7329
218
207
5406
5501
3838
4534
3308
3212
3345
2774
433
6985
685
6611
5406
427
8034
443
6622
6624
1402
6975
6597
6846
6394
6391
6395
631
5281
1403
230
5404
6840
4666
3321
4374
4666
4780
5756
8170
6389
6395
4373
4651
1579
4374
2654
544
491
6840
6306
3958
7239
6167
6297
5320
2938
3011
5199
5072
3129
3010
4640
6590
5247
5987
5647
5722
7404
4649
2631
2627
5226
6071
2825
3017
2684
693
6835
4860
2687
2775
3066
1856
674
746
3999
1866
3999
743
762
2773
2687
2756
2755
6632
6496
1464
2685
5425
1214
1405
3998
7682
5320
2476
5123
5426
4223
3627
4515
5426
3999
4512
2383
2774
2569
2083
2934
4514
2900
6085
5788
5880
5682
537
5345
7963
2498
5624
5342
5135
4515
3227
1700
843
261
2889
6974
3990
673
3990
3988
3987
262
6974
450
1245
1219
994
902
547
987
51
503
1984
3911
986
7326
3378
986
1986
6114
2515
984
4651
501
6544
4645
503
372
6064
6199
4833
3705
5649
4748
3193
2174
4647
1209
4738
5650
7188
2252
1094
1702
2084
180
117
3705
4815
4663
4642
3614
6349
5650
1702
1213
4806
1402
1236
6228
2985
2985
6610
2990
1362
6513
3707
7301
3696
3015
6053
117
3851
838
838
1215
443
4880
2397
847
177
5189
1700
4448
846
4565
3040
4882
7923
2574
2990
4512
154
7912
1999
89
3388
68
86
75
7742
7742
3240
7168
4761
1984
1632
4778
4650
4882
7954
3361
4667
7698
4373
4655
4761
1121
6151
6150
1351
1351
4894
2704
4372
6175
7687
6186
4516
2704
5624
3348
1389
3639
1204
3344
3372
1604
3351
4513
1660
2694
1915
1365
1619
796
7119
6445
218
7117
7119
7118
631
3638
4974
631
4810
4459
2694
3350
5065
5279
3094
1894
6666
490
5422
2291
4967
6716
6668
215
1893
1895
5321
6660
4804
907
906
944
823
2425
1895
5771
6150
923
7505
3967
7835
3966
6673
3966
7472
6770
3967
6151
6677
4949
4949
4945
5678
5677
1694
4534
1871
5515
3248
3139
2970
4808
2491
835
3156
1015
2703
2436
5520
2572
1961
1961
7391
5517
5504
5512
3997
3669
8115
1694
7377
1275
5949
221
424
1683
531
2674
543
5644
5897
938
5280
5428
1070
4815
938
3734
2290
675
529
938
1682
241
2607
1195
6491
6627
1140
1275
2951
1210
7069
1161
5939
2959
3327
7392
7473
967
6042
3317
871
5040
3327
938
2607
2688
2402
4931
7904
665
7877
3303
1330
1199
3199
4779
4426
3199
2525
4746
3183
2131
2195
2217
1960
3198
6231
2607
4009
2260
7080
2077
2607
2877
1194
7247
4922
6899
1116
8148
8148
6997
1536
1559
1960
6820
3198
3253
4073
6274
6274
2419
1309
1309
2411
6460
1330
6460
7267
2430
6457
7699
8164
26
5681
2385
6907
6273
2332
4109
835
966
5693
2974
960
1768
1079
1935
2539
3092
4044
5945
4080
7092
3281
3091
5944
2323
5026
4109
5032
2323
4108
6991
6274
5305
4108
405
8004
5085
7084
2946
2973
3009
2967
1935
1945
5566
2183
1934
1963
2975
4098
2447
1786
2943
2996
2941
4362
7085
7092
8002
8031
7652
3872
1434
7082
5797
5213
7660
7916
5853
883
6131
5853
5853
869
880
5914
884
5914
5915
2390
1865
188
1915
190
1595
944
623
1839
5410
5929
4864
3338
7083
906
1940
3318
1767
5410
1531
7807
7489
2976
4087
3337
3598
6131
5619
454
1851
5840
4056
4928
5025
7086
4053
7087
7395
3239
1320
1010
7392
1009
1096
1665
1009
4860
1010
4917
2875
8069
7373
7398
6999
4813
4145
454
6416
6417
1230
2538
1756
3745
7515
1721
1687
3743
454
7512
4145
2532
1682
4129
7463
2656
6102
2272
3208
4683
5027
4704
2271
5967
5967
5635
5703
5808
4705
5654
5757
2657
2366
3058
2657
727
4585
2869
78
6107
229
3818
3783
2656
2779
7571
2875
2977
7812
5326
2977
7821
6744
2991
2917
2982
1078
5836
2248
4808
2259
454
7808
7833
3008
1492
3572
6364
2114
3035
3569
2405
3569
3018
3023
1103
1951
7650
6632
3572
7569
4806
6854
6479
7559
6622
1196
6085
6891
7514
6611
7665
672
1209
1224
4819
1950
3869
696
3878
1946
1925
1103
664
4819
8158
4555
4580
4580
5280
4595
4599
6453
6479
3010
6887
4635
6478
4819
1840
1180
4819
7118
1211
6503
7762
5859
6244
139
6500
6502
1103
6511
8153
5618
8053
139
8155
136
1125
136
1813
7448
1816
1022
1227
1103
2260
7513
3673
6244
3012
3807
2240
3005
2997
6241
2245
5487
7895
6247
2242
4
5997
2242
7978
2241
2241
2452
5031
2606
2651
6856
2751
2868
7978
3319
7979
5509
7978
2181
5562
6855
2182
4838
2426
2430
3631
5718
2147
3021
2726
2061
5062
1995
5727
4703
4831
4850
4697
2261
138
2256
4618
4674
138
5709
5708
4486
5189
5719
5718
5756
1653
159
5835
4162
5060
2208
4163
3608
2580
3631
2582
2267
5057
3998
2623
156
792
3352
3843
5997
903
3855
4293
1667
1968
1978
910
1080
1382
4289
3158
8126
900
1087
8125
3755
903
8127
3576
5638
4298
4392
8127
6736
1728
7190
3353
4099
5451
4141
5587
4509
8043
4298
5509
7189
4787
3861
419
3566
3865
1755
3845
326
67
1018
3844
4691
4648
4724
3473
2159
5997
6476
3424
6462
3175
3472
5997
7038
2007
7398
4773
1994
6222
3855
8092
665
4774
7391
5666
7038
2517
7335
7333
7332
5666
3472
4194
710
3473
4244
2256
6546
7032
7039
6448
1419
5671
573
5666
6807
2831
1480
2920
521
603
5596
6805
4087
4725
1603
6448
5072
6754
6463
3555
5862
4693
5472
7881
5810
5473
7487
6404
6465
6389
6754
6907
1719
1179
6463
1246
4869
882
882
3220
5109
3220
132
131
4466
8111
4464
1632
2991
769
3218
4869
4675
5090
2983
2955
7988
3036
1651
779
1778
1465
149
6067
4869
962
2895
4439
2958
4450
638
479
2030
3024
3185
4874
7157
4530
3087
4267
3024
4521
3091
427
3135
3322
7075
2029
7073
6588
5540
8096
5204
7909
5194
5016
4016
7875
4197
4540
2029
7190
7550
4540
4540
4541
6227
4005
4004
4004
1524
2665
1518
1731
802
4877
5018
2666
7705
5095
6633
5827
6599
3191
7859
6227
1390
7839
6182
6171
2030
1839
2145
3693
7844
1535
8011
2890
7449
2888
6227
6227
4411
3695
4667
1235
6298
4175
3695
8116
5842
3695
5105
3006
3694
2767
2765
7303
4893
6598
7002
5855
318
7314
7123
2785
349
206
2785
5070
2113
2124
4253
5848
1639
5070
267
7314
4622
2124
963
2113
5091
2201
4851
1244
5069
4143
1538
479
6878
291
4610
8145
6029
5722
4660
8183
5104
295
4717
6704
7423
295
1874
288
4772
6344
4309
6869
6043
2412
4100
1127
2431
6868
3493
470
6345
1372
3692
1550
6345
3692
1271
2012
2148
2868
2031
2867
6345
802
2847
1127
1127
1705
2148
6074
3398
1645
180
4919
3183
1098
4519
4518
3394
489
7019
1015
934
2149
947
3183
4566
2030
3464
2148
5344
5976
5247
5155
4964
7991
5180
6135
3955
6416
3955
512
6427
2018
857
3270
3330
4923
3954
3418
3906
7666
3954
2535
2534
1821
2534
6168
3488
2535
7671
7554
1934
7601
7605
7605
1527
1512
513
5628
5133
2714
6700
5552
5545
1583
6642
7600
7448
6700
1593
6693
6693
1606
1544
1122
235
2588
5885
3234
2516
2080
2165
2079
6298
5887
5180
2514
7664
3983
3683
3140
3432
5886
5955
3531
5885
3687
5161
5144
7692
7692
1985
5150
704
6920
3406
155
3312
3140
3118
4117
7146
2560
3312
4317
7146
5543
932
7011
1178
4317
4115
1208
6702
1653
3394
7114
53
54
2705
1116
1695
1100
3387
4281
417
7702
2001
4893
4888
5358
5580
2003
545
6098
605
6024
1141
2002
6830
3262
6377
6254
2000
1198
6146
1198
2539
5011
2198
234
1196
4812
1193
1197
5764
4499
5264
7337
1141
3249
3451
7651
3451
224
3381
4485
606
1684
3676
5454
4562
730
1914
7342
734
6606
381
5791
507
7340
5768
544
8072
3311
756
7340
7342
6209
4952
6176
2567
8083
1343
6263
2636
6212
6172
6618
2567
2880
3392
6293
6258
1721
3970
4421
2202
5350
2356
2706
5800
5764
5350
6281
4138
3970
5807
7920
6997
5127
524
6285
5377
533
5170
5314
7920
5251
2906
5350
6362
283
907
431
822
4053
7555
4955
3431
4421
7245
6097
7245
4955
7268
7438
4715
7234
7234
4148
862
3899
4394
8107
4627
7676
7552
8106
3137
8160
3202
3550
107
8107
8105
8106
8107
691
6121
6121
3564
730
619
7501
7599
6586
4954
7663
6121
3856
6125
5817
7804
5920
65
7455
337
7454
7455
7455
1129
6721
7103
1349
443
2000
6282
3685
5920
5920
1348
440
1308
1397
423
420
6711
7264
5529
451
227
7182
72
7191
7184
2003
5926
961
6706
6327
2753
4932
4583
1368
7287
5380
2423
127
6378
7198
25
429
25
6102
6045
3096
25
1913
6225
5518
25
340
4134
4097
3247
6010
3247
1969
279
4684
741
2006
4751
5352
1612
4123
3062
1876
3247
63
3685
87
3057
1675
3247
2420
7417
4628
5490
6587
5865
1876
5775
5089
3176
5089
5092
4621
5092
6721
6587
1800
6147
4628
6147
6587
8024
4631
3399
1859
107
5013
3152
5050
3152
5066
3153
4686
4993
3153
4834
2051
1572
3344
5446
3830
4497
7987
371
4863
368
4497
4859
5021
5995
545
4980
4160
6998
6997
3745
3064
368
3311
861
5844
3060
5832
5874
2219
7878
5884
8165
5878
5819
3405
545
7435
6671
7225
5845
3399
3710
4082
3673
5960
2650
2677
7125
6587
1802
1942
6263
4523
5908
5910
1737
631
7957
980
7695
2682
2770
2557
3775
5910
2298
2626
2631
2676
7403
1546
7695
1589
3229
1959
3750
1911
5908
3801
7689
5009
2675
7689
3800
5978
5719
3800
6656
3801
4720
7144
7145
3721
3721
4968
1769
6036
3634
34
2423
3790
1769
4868
6148
6487
7421
6657
198
6440
7128
3509
3362
7164
3496
7129
6124
3366
519
3771
2689
7399
7704
3697
6520
2806
2814
7313
7399
5010
1886
1819
4663
1883
8042
3831
4473
3056
1499
6657
3056
3831
7128
3395
2389
6472
2031
6475
623
2016
2423
6701
964
6656
6571
2125
2497
2496
7207
2496
4292
6475
4045
5604
2588
3935
5611
2365
2701
2216
2504
2424
5611
4297
8180
4047
4641
2155
5610
2415
2575
5603
2917
7338
5623
5892
5888
1168
1435
1168
1171
1171
2388
8072
3271
2701
3608
4047
186
5545
3634
7338
2497
1798
417
5619
5411
7356
1803
4456
923
7356
875
1812
2370
3406
7002
8090
2802
3042
3460
3496
5861
1749
1814
5084
5804
7693
5932
7808
2586
1749
1749
2365
1592
7772
7764
3291
3847
2138
3531
2597
2138
5681
5378
3402
7738
5934
7720
7278
3529
7386
7248
3182
7294
3497
872
2365
8085
2692
3454
6645
6647
2590
6640
5066
1025
4828
2586
4419
4638
6640
5108
1592
3631
6374
7749
879
378
4487
4487
6653
378
7647
6593
6593
6277
7547
3318
2011
2010
3819
2010
3619
7603
4080
2011
872
7762
1746
5411
6398
6397
4476
6392
5195
3329
4874
6396
5296
6390
5203
4487
741
7570
4160
4487
4562
421
416
5035
7279
2197
2288
2234
4604
2161
4959
28
5933
3652
3672
3656
1250
5915
7413
5326
3657
126
3676
28
3675
124
5943
7602
6866
4942
6062
4940
6971
3867
3995
7672
1131
4335
7870
895
6412
4939
2391
2974
4759
895
6984
3052
87
2778
895
1817
280
6055
688
6054
1943
6414
1152
7923
5986
4943
7932
7928
5858
6414
1167
5955
5293
2777
6366
6684
2751
7001
7651
7683
7684
7372
6412
2058
2751
4199
4215
5289
1826
5634
533
5143
1010
4212
3654
2088
6993
7913
5634
5921
1023
3351
7923
6031
2071
5141
3355
7280
7395
5126
7468
5635
1361
7022
2018
1336
1714
5339
2499
5635
7285
4516
3777
5323
5779
5668
4198
461
7830
7458
5407
5487
5186
4396
7284
7363
5464
5464
461
5322
467
5914
5465
2523
2134
431
2137
639
467
6295
3788
4148
4365
2732
2732
2257
6278
6697
7285
7495
2119
7437
6583
7354
5291
354
495
6697
6476
6696
2250
1635
7059
149
7285
1884
5340
4143
5341
2032
6180
57
431
2733
6334
2094
6152
2088
5341
2251
8120
6611
6756
6286
7027
8134
3938
4301
4335
7012
8054
8054
5341
2733
118
5528
5459
6480
2790
466
2242
5459
374
2243
6481
605
46
3059
5629
5441
3031
550
6859
3939
928
6849
3947
6481
335
4423
5389
2877
5419
3713
5356
3767
3059
1105
1328
5817
421
3938
3836
602
1479
6209
7195
529
7579
7196
3254
3232
3699
523
3253
5761
2180
1602
4591
4225
1965
4576
4570
2007
2713
986
4553
2003
3627
1965
941
4426
2005
1479
5588
4830
1965
909
1885
1478
1965
4602
2122
6480
5101
6415
1479
3186
4919
6731
7956
3289
2016
1149
6866
1193
6872
1208
2047
636
7722
519
4877
3189
6434
3184
3824
4899
6745
523
664
952
649
500
6867
7911
6727
3874
4335
7657
7616
7911
7618
7656
7911
2088
82
1519
6324
1988
7088
1551
6727
4
5244
5245
1193
651
7911
3766
1988
3767
6343
548
548
3875
8116
3181
3349
3526
2898
3825
5420
5463
4508
5537
579
5954
3875
3511
7077
1098
2495
2381
2396
6501
6575
6489
2980
2809
1147
1929
2898
1734
7719
2494
1222
1521
2294
1695
2046
7258
3913
3594
3636
2561
6777
7369
2295
5123
7368
3791
2896
1245
2981
7219
5209
7091
299
7076
2896
1215
495
3834
6325
3834
4697
3915
5113
5136
4890
5249
7807
1371
5273
5333
1354
1691
4957
7465
1691
4957
2693
6793
6375
4957
6319
7279
7293
6993
6309
7261
2693
5195
7290
3443
1676
7263
860
599
7290
4199
4685
4376
2743
5684
2182
6373
1218
7616
5058
4199
7651
1711
5918
1371
5998
3912
4189
6930
6915
3940
7652
6633
1683
6904
1685
1295
1750
3997
6911
5081
3995
3986
3974
6910
6375
5052
5674
1287
885
11
1675
1908
7000
1771
866
1664
6836
1690
1380
6594
2335
1818
6622
4441
354
1494
5049
1898
884
885
2995
3421
4687
2335
4651
7480
739
1001
783
6091
2299
1737
7696
2345
5958
2346
4764
4756
4759
4565
6106
5884
1895
2335
6843
2328
2531
2798
2615
2688
3952
1698
3499
1528
7253
2718
5247
5243
5235
377
6094
2848
1962
3723
5233
5234
5234
5243
5245
2118
1528
2877
2119
2995
6853
3823
4147
959
4417
2874
2995
2876
7148
74
4051
654
4727
8092
3143
3153
7498
7532
8121
3184
2859
4962
3584
1119
3142
6996
6886
3082
5825
1967
7164
6454
2175
6635
8097
1529
503
6875
3447
6861
7172
1985
3195
3408
1529
3894
3549
2744
1119
3659
1246
2241
7362
4092
7148
7169
7224
1949
1948
2880
6665
7528
2880
1310
1957
6708
1118
3898
1966
1958
2882
5006
1118
3950
3922
1957
3937
5823
1955
3999
7997
3951
5837
7484
7917
1865
4814
4842
3931
7916
3560
3536
419
6103
7998
5088
7996
3872
4815
3873
7913
3959
187
5700
5995
6084
4425
7841
8135
1423
4286
5387
4219
6090
4775
184
5079
4715
4775
1904
4775
7844
217
1918
4091
3343
1918
1919
3841
1919
691
154
3889
6592
630
4775
6632
6926
568
1905
3875
692
7167
5874
2593
2436
2517
2635
2150
2632
1388
8119
2594
7151
2479
2723
2153
2477
6617
6609
6594
6271
6623
5992
6592
6594
2595
2595
1462
2576
6537
3555
7917
5420
5702
5415
7843
5840
5370
6986
7083
2624
4866
800
791
5783
3239
749
3918
3771
7547
283
2057
1899
2160
2624
6261
2120
2454
534
3108
2856
6912
319
780
450
6259
3937
3116
757
32
3894
6921
6108
5483
6929
423
6972
8122
7803
4625
7056
6930
6563
7201
7500
2527
2578
3863
5327
6917
5289
4258
4318
4131
2576
3320
6989
6653
4686
6971
3557
4802
1668
3192
7411
7411
1806
7327
6360
2822
6615
442
6231
434
995
414
6683
280
7438
7669
7410
2828
281
6683
8029
1466
7410
2578
4417
17
6667
281
5128
280
19
5565
5511
1
2822
6968
11
6663
2427
8031
7062
4157
5665
4241
7088
4184
5291
5288
4308
1679
6117
4302
743
7060
5390
4168
538
19
3216
6076
1668
4176
541
412
7347
2559
6076
16
5665
6183
6078
6202
4227
5669
4241
2358
3014
981
981
2204
982
5669
5426
5403
5755
6195
7200
522
935
522
4905
346
2
6978
86
6395
4854
551
4841
1130
2308
1710
86
5371
3975
5444
6463
2870
3804
7881
4855
1131
5832
5979
83
7879
3807
7241
7370
7353
3076
2278
2203
4905
2245
2209
652
7370
7933
3880
6026
6065
6229
1943
4325
568
4325
3881
1096
3758
3805
4904
1638
1662
4904
7599
1697
1836
2052
5978
7134
3248
5944
3036
3036
3024
3363
2311
3012
2575
2334
6405
3801
5263
3798
3365
3836
2431
5261
3364
773
7112
3643
4931
1337
2527
2527
5912
5261
5373
6023
695
4979
6991
2853
695
717
5938
2755
431
2526
665
862
623
717
717
2052
6485
2526
5896
4375
2846
2847
7572
8084
7573
7607
4375
4761
6535
5918
5998
7607
3974
8158
4329
4375
695
3396
4449
2053
763
6242
4978
2152
2453
2174
7090
3020
7105
7558
5211
5211
6053
2416
7576
5210
7089
3537
4178
6665
7089
4180
4177
7340
2971
4187
5164
2407
4176
6358
6232
2430
2391
2387
6650
6726
2421
2087
4057
5007
6740
3709
5007
3814
2310
7355
5764
3909
6439
6423
3584
6232
1254
5064
3909
2139
3615
6741
3464
6003
8111
1179
6772
7780
2919
4931
1063
3496
1599
1540
5007
301
6741
5115
303
2538
6772
7041
3489
5115
757
2536
3961
3310
5007
2709
3528
5127
3317
5231
6123
7040
7043
6193
5153
6457
6573
3254
6120
1629
1991
2327
7043
3254
723
119
39
701
765
3317
5127
7021
5403
5495
6518
5953
765
777
917
4620
1086
1008
257
6301
46
7669
1083
2804
54
702
99
7561
615
168
1583
5801
1059
8144
7894
5793
5953
7560
7337
1138
4619
5880
762
760
8029
6073
114
4608
4461
1654
6067
7561
90
6074
1140
1461
1460
4608
1430
3981
3717
7561
5257
4672
4812
4810
4651
686
4678
5103
10
7128
706
886
3772
3498
3499
709
7761
2808
3374
3375
7775
3362
3499
1471
3499
3633
3823
1449
5774
7250
2281
7250
6446
3517
6027
3013
6446
6457
7657
7658
3393
6446
7659
5239
4259
5272
6027
5773
3514
3514
673
7314
615
4594
3516
4553
3648
4599
3517
1102
4564
1051
8050
5535
6131
4094
4657
2455
4852
3360
6271
7451
7135
4259
7989
6631
6630
1366
6627
4259
5240
2213
1770
5250
867
3940
1729
4215
3456
5250
773
2971
3823
772
1762
7942
3633
3134
3160
7749
7946
1247
3087
1401
1201
5275
1399
6550
2670
7946
3689
6641
1048
8049
6723
1221
4259
2670
348
6474
1770
4791
1773
2213
1643
7945
7898
7914
5482
4076
5191
6218
7931
2721
2720
7931
3374
3375
7088
3386
1104
2511
3386
734
3682
5348
4079
2204
6217
734
6239
733
5190
7097
6219
4951
5107
5191
733
1818
4995
6218
5230
5706
5711
7283
5709
5708
1443
5714
1819
5563
7928
3739
3603
1819
2684
1819
5243
5908
340
2603
7001
2667
2665
2670
5563
6441
1416
7928
2667
823
1335
5563
5563
5364
6737
781
1183
988
6512
6879
5410
1566
3547
6826
6808
6876
4422
3860
4307
6876
2485
855
3554
823
6879
6516
285
660
6216
1907
6216
6224
2120
6652
2484
6928
5351
8089
5411
6642
6650
3771
7006
3174
6223
1693
6220
660
6520
7109
2660
660
6212
6883
661
2212
6202
7300
6255
7300
6052
571
754
4209
4544
5362
2622
754
2682
754
2902
2529
2640
6050
4209
4209
4470
2402
4209
755
2050
4120
4120
2381
567
5691
6519
6917
5140
3175
4058
6838
4041
2484
2907
2393
2907
1248
4526
2197
6620
7591
7584
7584
2393
1503
4527
7072
2484
2014
8143
2014
1992
4471
1994
4446
1498
3229
5443
5473
2907
3444
7937
3263
6136
6852
5117
6263
2022
6753
6992
6958
2022
7388
2907
6619
1752
6230
1869
7004
7443
1556
1757
1757
4573
5253
3472
4561
1755
1835
5227
2052
6279
7390
6528
6338
2023
130
3320
3309
5567
7003
5227
3932
5947
5227
5371
2792
2793
6620
5709
1448
1450
2794
5875
5685
1477
3445
1784
6481
1784
2483
3280
5050
7486
670
1278
6833
663
5227
183
3623
183
7130
181
5041
7405
7936
180
1395
8077
663
2304
6589
6634
2304
2305
2305
2402
1836
5282
7300
7319
6914
7212
7501
3439
7019
6339
3285
4525
6333
3393
661
3789
1058
1553
4429
594
3740
4457
584
3427
7975
2331
2321
133
5383
7511
2099
4612
2251
5757
4709
5922
7539
5098
5079
4831
5754
4361
5731
5804
5730
6003
1805
7996
1766
1805
3159
2133
6779
6976
6639
8017
2132
3945
7563
3106
5383
5890
1648
5424
138
6835
1614
7776
1540
4380
1783
7599
7626
162
217
2731
2237
1494
7627
4558
939
3098
780
785
791
8048
2589
2181
2688
2224
2816
2326
2132
2817
6916
3223
247
3223
4546
435
407
141
2861
3917
5030
4094
7743
3373
3502
1413
4847
2133
4847
5024
4522
1769
5726
8143
5025
2227
1919
2227
7627
8048
4461
7670
7626
7586
7586
6147
6149
1427
7587
7600
8022
1158
7601
2489
7587
5161
7778
1762
7952
1267
7666
5171
4123
2943
5169
2828
1761
2899
5401
2899
5353
749
2899
527
1591
4001
523
2899
1621
1617
1503
175
29
244
740
76
229
3958
3112
1499
3131
2126
2123
5340
7743
2782
3711
3980
7539
7140
7675
523
1498
5339
2391
1498
6897
7023
4729
8159
2669
8155
639
3865
7697
7819
5480
7735
2286
2663
7028
2171
8132
527
2171
4903
5369
2171
2069
2206
2206
1161
2407
7020
7022
1405
1914
1160
3526
2069
2663
637
2669
4275
7026
6696
5499
6175
1161
4923
2478
5498
5498
5499
3936
8006
8070
7382
8004
8138
4012
2687
5787
3948
6247
4417
8021
4275
1272
4275
6247
4872
4274
1836
4892
5845
4305
3107
1893
5252
6134
1264
6210
6247
6035
6262
3891
3927
1903
3573
4856
6653
6623
5123
5331
5253
7101
6554
5092
6739
3714
7069
637
3726
2539
2427
5095
2427
5579
6035
3106
2708
6925
7053
4856
6035
2465
6035
7042
5737
639
2984
4942
7068
6099
2347
4933
4163
3270
885
2466
2466
4192
4505
2377
5295
7318
2465
4499
6300
4166
6135
8004
8123
4401
2446
8122
8107
8103
4406
3386
3964
5259
8127
6002
5833
5295
3250
6536
1455
6711
7468
7527
3251
1387
3251
3250
4406
1674
1372
1347
5328
1621
1741
3295
1453
5329
1453
4402
2198
1396
5330
1979
3028
1369
89
621
1703
2238
2229
1703
418
2548
674
6012
6326
7559
7643
3118
7275
1703
3118
1578
6995
3172
7161
226
2238
4479
6844
5330
6818
943
69
1703
5433
5553
5556
5508
3590
2020
5547
2966
939
3587
603
700
411
1646
726
741
3949
3805
3584
3255
3585
7384
7385
2196
7385
5590
5575
7384
5599
5222
232
5316
2938
5316
3476
3675
6066
6073
2941
1264
90
7257
3072
2940
7256
359
3476
3476
1481
2979
1638
49
5226
2949
1856
5606
4772
1396
1394
1394
1856
8011
7608
1659
2950
6342
1857
8005
7237
7518
363
7099
6737
7609
6343
7966
6370
1857
6434
3487
347
346
337
7608
1859
337
339
7237
2098
1452
5463
7608
8090
3672
4111
4779
7998
4943
1906
870
810
1452
7998
8090
8093
8093
4766
2919
8186
1452
1453
7897
2515
916
1975
7368
6675
916
5396
2897
5399
5594
5397
1974
301
1976
7407
951
1971
493
242
1692
7379
7406
7271
3593
1876
3630
8010
1314
1314
1314
2437
948
2207
8007
3796
1155
71
1155
888
2885
6342
8020
6419
2923
509
2073
1953
6064
1042
5345
5902
6689
2259
5032
6342
2213
4688
2571
2210
4263
610
2708
2542
2316
7961
822
4925
962
143
7424
1199
4263
203
2527
200
7425
1182
8018
7743
3387
6689
7852
7763
7002
1265
7873
5855
1463
3227
1266
1321
2392
1163
5307
2765
8062
7867
7835
7718
2530
5078
1883
5689
2509
4437
7583
4369
4409
2508
5307
2646
2509
1993
2509
2501
2501
3103
3454
3904
3097
6019
3100
3103
2968
3027
4713
2139
2266
4630
4394
7018
7232
5435
8033
7099
3102
6930
7101
3102
4395
4081
2372
6023
974
4091
6068
1796
2125
2480
1791
1926
3715
2119
5042
3308
6689
6539
943
7795
8059
140
6173
4723
3004
1519
2710
4901
4568
3309
2470
6689
1478
6233
3821
2357
3755
1704
3832
899
1476
1063
1071
4079
1480
7794
888
2464
7478
7690
1482
899
1575
3630
3226
1575
1851
3625
1686
1975
3626
3626
1575
1948
1574
7955
7973
7972
8010
7293
4976
4407
4347
737
4203
806
4976
1925
6262
817
289
985
7955
1848
6531
2007
258
736
4538
6546
736
2696
7295
904
6545
5813
4119
2696
2724
2720
5855
6550
7962
6246
831
7904
131
5894
4523
821
5721
1678
1650
807
4952
4977
1651
4514
1642
1872
4951
6993
6370
4116
6654
1596
7592
6987
5962
737
5087
7270
7801
1642
1596
1491
3527
1491
1609
7524
6166
1644
1493
7914
3330
6331
6320
4977
7524
6154
4033
4589
4820
3941
4999
1492
951
5012
3754
2858
6153
947
865
703
5943
5950
7269
2312
7988
5928
2568
5769
4006
4693
3249
4035
5462
5462
5880
5875
5886
5461
5815
903
1995
5805
3046
924
727
921
920
2018
2028
1029
763
4035
7991
2040
6565
2801
5271
5266
6655
1256
3994
947
6566
949
403
286
1000
909
2059
4066
3252
3815
464
908
2237
4303
3830
1026
400
1252
1265
3339
3827
2123
2113
5053
4303
3339
4520
5673
4649
1491
5431
5431
6862
6237
7270
3837
4299
5672
1426
1490
1175
1397
2154
5431
5430
3536
6628
3569
1206
3829
3286
3873
152
4302
3224
5516
2998
2404
1249
472
5619
2320
5627
5618
6219
1247
1050
2548
3756
1279
3599
7927
7956
7958
7889
7879
8104
3755
8104
3624
3626
2321
6713
2058
6738
6219
3427
3419
3400
3408
485
4568
4548
3604
2315
3601
2755
6270
252
3647
237
252
7922
282
7820
6555
2086
6730
6582
227
1170
6270
6668
3853
2394
7195
227
8083
230
1955
6730
2464
8168
1213
5564
8129
8177
3271
2767
8177
8179
6783
3556
7115
6731
7317
2334
8139
5043
3556
4984
5475
4984
5478
375
4499
414
6731
4669
1892
2244
3739
4355
3264
4281
6024
6879
7019
7999
3846
4281
3510
1027
3516
3518
3595
3778
6867
1907
4475
3507
6867
3248
377
4465
370
5492
1999
8064
1711
382
5348
1719
4475
2057
1568
6156
1302
5399
3846
7590
7843
3846
7374
3846
7202
3261
1020
1023
1298
4100
5525
429
528
528
918
1017
2053
6935
486
6329
315
7172
3074
36
342
3983
6521
410
1640
6512
6492
3651
6935
6817
3157
6438
418
2840
6421
1445
3665
433
1644
1374
2840
1655
1374
2221
1600
3599
1600
1771
1260
1771
1763
1872
1043
1257
1833
6369
5352
4461
2841
3525
3525
1302
4179
281
3217
1655
1995
6549
4184
1302
1663
2675
747
555
750
2205
2841
2067
2216
4427
4945
1651
1717
4944
738
2247
2408
4944
26
6732
7176
7329
7510
1716
739
4807
34
4807
2128
7104
6943
5183
7370
1716
4945
1003
1177
1002
3323
1801
1003
8181
8175
1003
8173
3461
4938
487
487
3468
3484
7783
1415
4327
4459
3842
3462
886
1415
2802
644
2711
3468
4804
8050
2801
8051
3460
7390
7344
7378
6891
6559
6533
321
4768
6578
4650
4472
8027
7930
4786
4587
1415
1801
7884
7873
8027
428
4317
430
5260
3078
1801
430
4495
4231
4285
1516
7985
3078
8056
428
1312
3292
3104
1801
3078
4941
1313
1313
5425
5278
2592
2699
4902
5118
7261
6963
7249
6963
7263
323
7616
7981
7390
2597
4246
1994
2597
6778
1523
851
3078
2000
3649
6778
3680
2810
5548
5549
3641
5882
6617
6655
6364
3643
6599
5549
6595
6413
6604
564
5993
1655
5690
246
5881
5913
2325
2533
2403
2459
2382
5912
2811
2789
5903
2596
4633
5907
7495
5158
4618
6294
2596
5541
3650
264
5782
4607
7682
5782
888
5887
5548
7335
4694
4673
3678
4727
2622
3027
4263
5882
4217
5088
5093
2612
2614
5260
4216
5778
4216
7683
7539
6310
4217
5918
6637
7338
6305
6305
5927
6422
6430
6984
5420
6977
6116
5600
5258
6134
5419
6305
5398
6022
6309
2855
5600
5601
1564
2042
2842
6305
5601
1938
2417
3128
1862
1923
1267
79
318
2075
7275
3075
1483
2355
6431
3431
5538
1888
963
6794
2735
2791
2659
2411
6976
2075
6750
4334
3005
953
978
6743
6749
6743
2950
6929
6642
2075
4817
2075
1987
3937
3958
7785
1986
3914
3929
1987
7757
1987
4017
6989
4852
4858
569
4230
7811
2695
6043
2658
2658
8057
7906
4255
4227
6854
569
4737
803
803
2296
4737
4272
4064
8163
669
1340
6060
3207
569
5447
8071
764
569
6430
6658
3200
3077
5755
643
601
901
3146
761
688
6430
3200
4867
4066
7020
3522
144
1658
2602
3550
388
2602
3936
2618
2601
3544
3683
5926
2768
3014
2934
5926
6621
4963
7983
3546
7126
4963
6360
4868
5930
6837
6856
6593
3902
7222
3967
3961
7791
3964
3965
7273
6845
2059
6080
913
7935
7375
7238
4835
2160
3666
369
7274
7331
6783
913
6265
3176
6961
3688
7078
2920
6836
2920
2919
2921
4857
4379
4738
5136
7563
2152
4118
7562
5870
2153
4809
3068
4466
7553
4429
4598
4782
3068
345
344
7435
6837
6989
1543
1905
6939
7195
7987
7662
3162
3152
3105
1964
5218
7052
7118
6224
7055
5340
6853
6760
6407
5218
3415
5216
917
7549
8131
7633
920
7644
924
3411
1780
6449
1488
6678
2285
2336
3665
4232
5336
5040
3070
3409
781
4236
4313
4312
7749
995
8073
5339
444
750
55
7457
7459
6617
4796
453
8088
729
4765
55
110
1016
462
5216
781
782
463
6257
3299
4060
4061
4692
2104
4692
3351
5805
3404
7273
3434
5355
4343
3402
8082
3435
8152
1365
6228
353
828
5982
5982
5969
983
267
7625
7567
2478
801
5983
696
265
6009
782
6705
6884
110
647
1645
4188
5281
50
4167
270
7281
576
3869
996
7064
7375
5850
6556
6554
5850
7683
7079
6938
4349
4818
2117
7739
4346
6553
5611
5414
6553
4344
3681
6063
7043
1091
1089
3671
1331
2821
1251
2820
5771
5904
5607
5932
5848
5543
6058
5949
5852
1331
3023
3019
1331
7730
59
5765
1024
5769
4290
406
7124
7045
6241
29
7731
7328
7707
7645
6619
2105
7644
7686
1775
4853
1573
7645
1220
7328
3555
5154
4751
45
5433
3828
5384
5182
2420
2385
4721
4290
4723
5144
1723
6856
858
7733
878
6762
863
2210
6767
1723
4291
1238
7828
1723
1245
1723
6893
1232
6802
2987
7735
2879
2914
4897
5445
2959
5445
2997
2008
17
4290
437
1061
437
1927
959
6562
936
6562
16
951
28
4897
977
2963
4897
2360
6661
3891
4897
6676
3859
583
2602
6685
3741
2638
2985
3592
3843
919
121
2951
1114
1114
338
205
1902
1113
98
1112
57
5752
433
1404
439
100
4760
1407
1406
755
2697
1404
1589
146
7546
6443
451
6484
146
6442
491
1181
260
146
1160
6157
401
6205
6205
7699
5146
5145
5145
5551
351
1625
5147
2371
6670
1060
6670
4523
3326
2787
3252
5809
5615
5615
5797
5615
4295
5615
4449
4460
1907
5613
5593
1554
3301
470
2697
128
560
6157
565
642
2176
763
2593
7812
3022
7754
3070
1170
2177
7161
3252
6561
6536
3175
3175
275
3609
2373
2746
2556
303
7387
892
2074
7724
4911
7690
5645
7692
4911
6539
7961
4147
2060
2833
303
2172
1061
4136
2893
7673
2826
6787
2891
7656
2910
307
7411
674
3259
3083
3957
3957
499
3182
678
3255
6791
7782
3556
5076
3957
6789
672
3197
685
6789
1938
6437
2821
1929
6450
6428
4797
3957
1059
4002
2368
6679
5434
5125
2596
6815
5566
4174
4212
7075
6810
6425
7409
991
5177
1088
1406
6426
1102
6109
7956
729
6710
1644
9
1910
4509
7935
3
731
1739
4052
3858
3809
2587
3862
731
5715
1784
3180
7305
6527
1
6680
3019
663
6527
8039
5716
5648
4015
2461
3779
4013
2457
1847
3794
2319
4044
4802
4106
4800
4098
4106
4098
6794
4542
4122
3821
2569
3799
2730
2610
5651
5639
8039
2459
7075
8036
7167
5026
8036
892
7247
7384
7685
4073
4083
2180
4081
3320
4525
7482
5650
2181
5828
4684
4685
4700
2587
5551
6424
2555
1374
4703
5648
8045
4451
5706
5751
8045
5751
5233
7566
2826
7991
2824
2826
5098
2824
957
8041
3204
8041
7566
2011
2328
2328
6424
3844
7000
1260
1388
6425
1233
2893
1232
2969
7116
118
7569
7509
6913
7462
7569
7141
1401
7090
2554
6737
6673
6497
6935
73
5903
6152
4010
6162
6512
5993
547
6181
2340
6155
6155
2048
2342
2082
5458
5893
6779
2967
5996
2893
5711
5714
766
1261
5073
1241
1277
3837
1257
4635
7213
4635
7995
4205
4156
4187
6533
8089
2831
8029
6424
7937
7483
2524
4509
2524
3084
4159
6466
3359
3480
2448
3514
607
3481
2730
3481
2319
4050
7311
5103
5094
3480
7926
4254
4624
4061
7907
7445
7283
7921
7935
5738
3306
4065
5402
5507
4161
5738
7925
7143
6667
7446
6760
6931
7541
7446
4946
4893
542
5741
7460
7478
4988
4485
4299
4495
4671
7463
4134
7277
7176
4316
7277
7267
3227
8077
7487
3557
7277
3599
3598
478
4156
3847
6176
8190
6955
1011
977
977
1001
1686
946
997
768
8147
8147
8144
979
979
6672
6859
6792
7538
3273
7223
7792
7235
2953
7792
2953
5178
4562
4154
5387
4431
2143
7793
3840
2143
6177
2318
4139
542
436
1889
4172
6814
2318
4172
2304
4749
6799
6786
5033
2143
5041
6787
1630
5034
5027
3866
5026
5520
8024
4033
6799
2468
6194
199
946
2887
7854
2884
197
2570
3942
1251
7081
3942
2570
2749
4675
2847
867
6294
6177
6928
6919
4621
4360
7187
4387
7310
4426
2049
2049
4341
2185
871
2469
1768
5577
1875
2190
1569
2415
2729
2109
2189
2469
7326
6349
2350
1379
4660
2468
6348
4222
6393
7301
2687
7478
7863
4481
341
1119
4210
1283
5115
4867
2869
2854
4886
4099
341
4551
4249
1649
1648
4623
4623
2154
3533
3282
2144
3525
1281
6177
3193
3287
2443
3995
1467
1467
5208
5497
3552
3321
3552
4250
2987
6296
7065
3411
315
7059
23
3471
3459
7059
5928
4669
5647
7556
7522
3349
7522
6355
23
3844
5336
1227
1431
5637
8135
1426
1465
3038
8180
6399
5330
5374
1647
3039
6516
5657
214
289
1652
203
7003
6889
3039
7005
6535
6791
6808
2162
1426
1431
5649
7251
6222
1954
6359
6307
2159
2347
7057
1392
3392
4251
2406
3821
2939
2134
5263
1953
5431
1973
3710
1958
4324
8154
8149
8149
4251
1304
6293
6293
8159
8133
6347
1304
3474
5739
8159
3571
3457
1164
4240
1392
4250
8158
8156
6491
3592
4488
2952
4301
6266
4643
2244
2480
6523
1392
3732
7522
5057
5065
5109
5102
4483
4700
4684
4979
5224
5796
5264
5929
4127
7442
6717
1304
3736
3108
4923
3737
4483
3734
7970
4489
4126
7971
1707
7971
1698
841
7596
1087
4926
1305
7980
4935
4922
1441
1477
1440
275
524
1440
1441
2725
2755
2777
841
3424
3197
3142
2234
3143
2911
799
5447
6817
6831
4309
3183
253
3302
4228
396
6817
7701
5855
3892
2297
799
7731
2449
8067
7531
7504
2911
3734
4228
2911
2967
2945
3733
5000
5033
5027
6108
3732
6086
5933
7865
4954
5674
4938
5933
4934
4782
2911
5675
7708
3528
6531
7310
4954
2070
5974
8094
3529
7309
3583
2449
2179
6167
6175
7221
6145
3570
4252
676
4252
6103
6198
3537
6605
6613
6103
312
3333
1477
4231
7916
5579
4238
5630
1476
5440
3884
3498
3469
6834
3504
6809
949
6523
2449
6680
3539
4174
4231
4702
7528
7918
3226
4702
6558
7850
7850
5137
4174
6813
5672
5675
3959
3519
5170
5673
4195
4195
5171
5673
6090
5671
7430
3565
3201
6230
6572
1906
1908
369
3281
7469
6513
6813
3142
6006
6013
1731
6007
1687
7096
5963
7108
4179
1561
1687
1559
3203
4649
4714
1569
3583
1731
1399
5958
5991
1355
6086
6082
1406
4207
1350
7596
5185
4532
5199
1166
5221
4156
4560
5427
5332
1999
1759
1536
1880
1582
1679
905
8096
1629
1610
1607
5427
6313
7676
6597
3564
6228
6325
5289
6302
5401
6306
7239
7628
1673
3571
27
5655
332
1511
4129
7671
2302
3564
7735
4243
5760
4300
4256
5677
4243
2931
983
3565
8001
4276
5293
87
7676
103
156
1670
1842
6206
6146
6160
326
7093
502
6030
6747
3491
7195
3491
6747
975
816
3354
8097
126
3417
2932
5155
4950
4948
7471
6746
1812
7542
1809
7488
6642
6941
7545
3690
4320
4419
7434
7996
4355
6747
41
4354
5229
41
3015
6943
3600
826
6881
5223
1347
1350
6678
6668
2930
645
4029
782
662
3099
892
4029
3308
3171
4006
4000
5126
7568
7624
3171
4475
6659
4050
3690
4572
3694
6756
6947
1562
1382
4593
4583
6800
7086
7323
4593
5129
1248
1560
7239
726
7108
7687
7620
8143
4571
7708
2612
2759
2272
5808
5238
8175
5185
5812
7687
2273
1560
4470
1870
6671
6667
4466
6070
7845
1133
1771
811
1133
5825
2228
887
4763
7632
4360
5259
2930
4557
7921
4653
7422
4654
8075
8075
887
5883
8169
5683
2024
1979
41
5258
2338
2476
5258
5259
6106
7409
2027
1528
1531
1180
8126
1191
4721
2145
331
2334
2373
7620
40
2371
383
6368
8035
4507
5544
2807
3234
5414
4468
142
4695
140
2265
7618
3503
4811
4840
816
3691
6871
6865
853
5748
5739
1562
2229
5758
3387
2227
4093
5811
15
2545
2482
5814
15
1269
15
14
8033
2550
1109
7820
1820
2761
2555
1822
2859
6875
3192
7523
350
8046
7535
1636
1638
7530
3648
3649
8047
448
2006
3129
539
7799
1603
2552
3190
2523
2766
3130
3492
3822
3779
7793
2832
6422
6443
5720
1846
7773
4537
3126
1549
6436
1874
6056
6439
2832
6413
2836
2837
3177
1501
1503
1534
2541
2965
1499
3179
3538
7787
3085
3537
6738
6738
6739
6408
6739
3127
7523
3135
3135
3127
3129
1325
1324
6466
5946
3544
1323
3296
6467
5753
4655
4550
2395
1323
2529
2424
1973
6467
7527
7848
7831
5539
749
4218
3493
7680
2298
2625
7680
3809
4219
7076
7831
7219
1688
3667
4916
7680
7803
3658
7798
6466
2780
3598
4916
4917
7940
2340
7850
2362
7797
7803
7278
7272
7774
582
3006
2317
785
1656
3026
2403
4917
2116
2117
3256
3245
787
3236
225
4847
3294
7387
5544
7192
511
6629
499
4664
583
6523
5545
5707
5707
5742
5742
1442
7941
99
3977
6821
7967
2636
2537
7836
7938
7738
3086
4193
4114
5386
4508
3158
4134
1377
402
4583
4384
7724
549
999
2087
1701
1376
1376
1527
3090
1377
5871
6275
1878
8052
5006
7927
7880
5069
1879
5829
5928
7934
7849
5931
5929
3043
5829
1672
6009
2033
1737
1673
1579
7849
3046
6078
3932
1559
7485
7436
1563
1558
7439
1556
1558
1760
1671
6938
7079
1909
1670
704
1670
3930
3491
3505
2706
103
3358
3779
2712
2652
5496
3979
4611
1657
5831
4750
2585
4817
4923
2585
2598
7848
739
8095
1857
8095
2714
100
742
2372
562
570
3424
790
4043
2586
7848
6972
1443
7912
3348
7519
1993
6975
3423
1443
2855
3030
2163
6915
1093
5797
3425
5236
3440
4287
7944
4539
7374
2855
7944
7412
7947
5969
3221
5617
2537
4343
5968
3718
1205
7810
1254
396
396
6922
3712
4639
2284
149
145
2282
5084
3745
2366
7598
7809
6986
7053
7072
7623
1238
7751
1370
1292
1321
3985
3864
3322
7573
3987
7567
2477
3019
7556
7046
4838
2367
3587
7049
231
247
4785
6083
4785
1131
6289
5972
6288
243
7734
5811
7862
6775
6633
8123
2933
6797
7312
4257
7764
7753
1446
3452
3338
2851
8189
4836
7519
2492
3548
3321
4839
3665
6774
2199
7834
6768
5479
7820
6769
5479
251
6865
6994
6786
6850
6850
251
5430
5449
2486
6131
7519
5393
5173
4105
4112
2544
61
7519
7703
4833
4833
6525
2492
6807
4505
6853
4947
403
403
406
4455
4982
4926
4860
4611
4846
5000
3185
2850
7355
7405
996
770
8062
530
5956
4110
6092
6086
5701
6592
2813
2799
2797
2797
898
2792
259
330
5863
904
1534
1066
2799
66
5861
1928
1939
2792
2031
6459
2025
4558
6519
905
4782
6295
4784
5890
898
6402
6927
371
3407
2864
5889
5837
1783
6406
3401
4170
993
2864
624
1124
2865
314
1642
2594
975
2939
2650
5112
2144
2412
3942
7593
7615
3077
2864
3010
2095
7615
2868
1446
7473
3790
6224
648
6235
1121
4355
7675
4354
1185
3057
3876
2811
2803
3313
1159
1159
7487
7484
5898
5899
5917
589
5904
7217
6168
3100
4887
6244
6363
6251
3091
6253
8140
4887
2725
2721
2203
8018
3040
2721
2725
5581
3512
4428
589
5569
4462
3548
6573
8016
8016
8016
7327
1692
2581
7326
6573
559
1778
2044
2716
7474
292
6654
4007
1236
3132
99
1106
1261
8018
1694
2939
5096
7372
4462
2044
588
6577
2046
3561
589
7979
3168
3132
6461
588
3133
3132
6461
2987
2278
468
1505
469
6583
588
7034
7312
1681
7979
1035
4455
1281
2987
7131
1333
2433
4898
7594
3446
3441
4359
5017
2702
334
2433
2571
3862
7414
2516
7275
623
3034
7276
3035
3026
618
1282
2176
7630
4353
7683
7469
7538
3027
3580
1474
1300
1487
3079
6981
3629
3704
4353
3285
3675
1927
2772
6405
4364
2776
7183
862
7797
6983
4512
2763
6255
2763
4365
6262
6914
7858
243
4536
5616
5604
5523
296
3581
5616
4421
6052
5602
5575
5616
2280
6377
6615
6621
4195
1590
78
6484
102
194
196
6621
6411
3870
5617
4075
6409
3976
4194
3096
2079
4213
5992
3976
4213
2341
3764
5434
5099
3764
4633
5061
2141
4689
3764
3636
4765
5651
2609
290
1213
6728
2141
6647
3637
6646
6644
6633
3765
6641
5648
1212
1203
1924
2289
5751
1565
1936
7365
1249
2040
2061
5629
1141
1689
2019
1067
1129
3410
158
7365
3355
5830
1926
157
7364
1502
1502
4443
541
3075
7365
913
959
3299
5576
547
291
3225
3722
5582
4441
3554
5502
5582
1389
5523
4110
5144
276
2849
2315
87
869
106
698
6774
286
1981
595
164
2852
2879
776
3346
5582
5583
3194
7057
318
7058
4440
4440
945
2973
3120
3037
618
7324
1924
7322
7312
3085
1510
7325
7323
6957
945
3201
3790
949
7048
3228
945
2747
646
2747
2948
2949
8005
2949
2944
2944
6605
6613
3936
3951
1633
3938
2746
5659
3889
5658
5659
3887
5090
2811
621
2737
4878
1951
6967
5753
1950
5725
5758
1860
7265
7698
3388
4051
373
1284
1411
1378
6251
505
505
1031
6774
6752
6758
1166
3944
2351
1031
3973
1970
7794
5663
7024
7847
7753
1976
7617
6889
5796
5989
5659
6855
4019
5663
5899
7855
7855
1583
6884
7847
7826
6968
4039
652
4477
3298
4014
4026
7346
3
4670
4571
7872
4763
4829
7929
4372
5780
4472
7841
8168
5640
6012
4809
7619
7175
4377
872
4442
3064
2960
4442
3895
5826
3883
6962
8061
2960
3284
6890
478
7172
2960
7622
1072
1928
1126
5697
7630
4783
1574
6362
7503
7593
1265
1590
4569
7218
1492
1541
4545
3016
1490
4043
1489
2063
4034
5279
4032
5913
4042
5696
6651
6998
6619
6616
2470
3186
3186
2558
5737
465
756
5737
678
3161
3518
4065
4526
3187
5708
1028
656
6712
4668
5641
6941
6934
4543
264
5656
290
4327
4440
4344
308
316
6865
3284
2168
305
4666
6875
656
6890
6517
1380
1407
1366
329
4531
339
5403
842
582
264
5398
2314
2331
7843
652
7361
2306
1367
2310
5302
6878
3160
6842
6813
6367
465
6889
7182
1977
6847
1356
1222
5303
7354
456
1222
5561
5395
5403
690
2282
167
8
244
1220
456
4257
5733
2147
4304
2100
1593
7823
4113
3090
4595
1221
3225
4888
4828
4595
1178
5238
4622
3185
3139
3283
815
8114
7904
2994
2994
1879
2434
5217
5334
1974
2266
1976
1970
2434
2929
6008
4370
5571
2679
7888
5178
3996
5971
5681
157
7903
5334
7896
4026
5693
5767
5177
5179
7319
1526
2435
156
4476
4460
2275
1556
6189
7500
7056
8066
1370
7372
1894
636
6069
6710
5333
5059
2432
4677
4723
4680
4730
5056
5593
5437
7636
7659
5602
324
5334
5082
4805
4805
4815
4840
4845
2417
2415
353
2317
5213
324
3217
833
1022
6154
4691
6189
6210
5909
7723
2246
6170
7871
5891
1296
5645
2962
595
6170
2947
8113
2857
2857
5948
3820
1984
1120
2033
6187
5922
1124
7659
1643
6569
4962
603
506
2540
5930
2482
2253
7572
2505
3746
2090
2117
3822
7061
3768
5381
4868
3746
1696
5193
3723
7209
4398
5306
7572
5916
5937
487
1777
592
3145
3159
3190
592
7208
6429
1472
2385
5942
5766
1949
1946
480
7091
1165
7557
6685
8150
1207
1652
4089
8185
2129
2948
1944
2407
4088
1944
1931
1652
6745
7208
5679
5785
4445
4456
4452
8184
4497
4429
6552
8184
3107
7604
1151
1745
6671
3270
3076
6751
4652
6667
4731
2261
6750
7642
7566
3107
574
575
3007
1824
331
383
2752
3618
3657
3644
2999
2456
383
220
331
2054
7802
1824
7209
8035
6882
7955
1537
1151
5082
4728
2282
5992
1754
1929
1637
1931
3654
2643
6200
3294
3235
583
509
3128
3206
6200
3654
4095
1785
3314
3559
3662
6634
6628
6602
6201
6266
3515
5623
5587
6254
3487
5623
2116
2508
2521
6055
1754
559
6267
1787
5900
346
1755
5306
5267
654
6201
1269
1878
1751
1877
3136
7865
5794
5505
7832
6098
5534
7461
7832
6267
7748
7752
3213
7755
7260
6246
7775
6315
7274
6199
3633
5803
4032
4764
3970
7569
3603
4030
7747
3643
4643
5524
4853
7762
5803
4813
2862
6771
6464
4395
5139
4031
4251
2613
2562
2768
4809
3205
4825
3293
4648
3234
6351
6351
987
6420
331
6421
990
604
339
7947
4031
65
7982
7742
3163
3167
4031
3153
3156
5218
604
607
5235
5187
5232
2187
2277
5184
5213
3063
3059
7976
4766
7997
3060
4137
4096
4096
6429
7016
524
3222
4640
3500
3001
1130
7854
873
3500
4265
2277
5683
8155
2740
6116
2742
5522
5759
5364
3088
7505
1918
2185
1693
1380
7859
5051
7147
3905
7465
7844
5003
7851
4016
3442
3913
3993
551
7486
5129
1130
4688
1688
5751
7470
2108
6399
6215
6215
4264
6120
5680
2389
6111
2866
6214
6100
2875
5570
2840
5574
6685
5871
7934
797
7723
6169
6676
7464
3486
7732
6074
6064
5030
7732
1035
1035
1905
6334
1091
6780
7733
7509
7077
6404
5335
3401
2136
4385
4322
8152
6404
6775
610
6694
7733
6649
6804
6155
3418
7732
7827
6167
6163
6285
6396
1792
4349
1599
477
476
610
2444
4528
3603
3311
2963
1861
1696
4525
5338
220
4294
6099
3605
1625
7049
7087
3523
4414
5506
4983
3520
4095
4758
4165
1341
4095
4552
607
3593
8017
5046
1297
3331
7379
7393
4017
1598
5727
5685
5748
4624
4663
5703
5715
298
7816
1585
266
271
6676
1284
101
4527
139
1855
5368
8114
225
1254
1584
7491
1970
101
6040
6276
3754
6354
2594
6040
5370
6297
6296
4520
2215
3335
2599
1310
3418
7271
7364
5167
4477
1538
4498
4409
600
5101
446
581
65
81
936
7006
5112
447
181
5141
1243
5114
5114
5143
5534
3332
8112
6495
6477
3297
1296
3314
4090
3215
3924
7194
5016
8112
7281
7175
1830
2599
1305
1282
3332
3227
5676
6025
6327
1357
708
6301
7590
6291
6299
6371
6120
8114
2382
5347
4891
2812
4707
2548
3288
1420
3291
1461
2101
2097
1363
1440
1093
1423
5119
232
4861
4638
3974
4771
4455
6827
5573
2940
4733
5063
4656
4657
3524
6027
4690
4890
7315
6659
4891
5023
4891
7182
4881
680
715
6337
8145
7995
8146
4820
6336
4590
4479
4590
6337
4444
1742
4443
6332
732
4639
6300
151
3257
6337
1530
5099
3455
2940
2933
2921
6517
4745
7433
6695
3731
5012
5146
3262
3458
3876
6516
6002
3212
830
490
1359
1158
1177
491
4834
4708
3098
5374
795
7150
4046
1379
1455
172
3816
182
148
4036
4027
5271
6884
6382
5150
8119
5628
4962
6978
6361
6011
5099
8011
1413
1412
3756
8138
3759
8051
6159
6229
5262
5262
7358
3722
5265
3881
3888
5147
7358
5347
5091
1551
3759
2872
1548
6140
6130
2879
5494
5088
4239
6148
4379
6324
3753
3753
4378
3549
3530
3264
3757
3478
3757
3533
3296
7443
4015
5147
850
3897
4370
7443
7443
7605
850
7451
1862
2291
7447
4140
4158
4496
1781
4871
5110
278
4102
2274
278
6013
6031
6015
5257
5998
1952
5980
4126
6030
5336
4140
5985
7413
1966
152
5314
760
203
153
1618
616
1780
2271
2633
1240
1584
6149
2163
5947
1693
1042
2163
2203
2633
1736
1124
197
6149
141
3983
616
2616
1521
2045
745
861
6148
751
602
2271
976
537
2753
2758
2659
5251
5414
1615
6097
5486
5297
6811
1615
61
167
1615
3375
3513
3511
769
7739
529
1860
2632
2633
8038
2909
5132
2677
2883
5130
448
2948
1433
5978
6903
3931
1665
5196
1454
1865
1148
7551
4970
4979
5977
7254
4940
1517
1136
1517
6515
1519
7339
7721
7879
7891
7720
6513
5242
1519
7087
7853
1691
7853
2028
2028
2333
1148
3340
1185
6361
1657
3984
142
2315
172
1667
7132
3471
7932
7934
3840
5298
1942
7323
7933
2314
5307
4749
2762
2573
7367
2333
7199
7932
3789
3641
1955
5704
7763
7308
7126
7106
7617
7657
5705
1863
5697
6245
5705
6267
4257
5704
884
5697
5120
3763
3216
7925
3735
7795
3226
3726
8094
5945
5441
532
5759
4871
5569
6953
4385
2315
7315
1470
1906
6940
383
1470
3236
634
6231
532
6928
654
1470
1470
3147
6851
534
7139
6983
532
2928
7594
2929
7584
1177
4623
4695
3934
7017
7033
7532
7533
3934
1032
4218
5960
4614
4561
7361
4400
4778
4652
6571
1811
5274
1810
7533
5916
1032
1502
1680
1947
2017
1521
1866
7477
5771
6132
5058
1781
3055
1582
7994
7851
5058
3054
7795
7766
5056
7817
1682
1707
5057
1451
232
7642
1497
67
7344
7344
1406
114
984
3677
2561
7992
2292
1224
5798
6250
5906
1398
1303
118
5990
1288
1571
1568
1590
4639
2269
4754
1229
4600
4726
1346
3225
941
967
1231
1743
1231
6321
1228
6322
1600
1998
1689
6269
7993
6322
6268
6191
6265
6160
1889
684
7157
319
11
3095
1
23
735
408
740
518
7646
2
2
4300
4261
4119
3074
6405
7897
7893
7523
7219
7645
3513
7253
7625
3074
5361
6648
1671
750
5379
49
19
2432
24
5044
2478
7391
4504
24
5745
1353
3127
5745
6091
4884
3073
730
5745
574
6231
7375
5744
7595
7622
4507
6876
4506
5669
6680
1679
7532
6816
6706
7276
2697
1421
671
5668
6363
5558
5543
668
690
5668
407
3
6708
6708
6357
722
5826
5828
6188
191
2761
2800
4340
3522
7612
7613
7671
3065
6031
6251
3119
4997
4337
3524
4336
3195
2750
627
3188
5614
630
5373
128
204
5375
6367
8140
4336
159
206
7208
5623
4473
5329
4467
5335
5329
5940
2750
5372
5372
5947
5769
2024
4662
4337
2761
7065
1171
2623
1531
2023
7273
1164
4647
2022
2860
7995
2860
173
980
375
365
4547
4899
3524
4227
3522
4055
2623
5638
4873
7024
4924
3385
327
4589
5073
4597
522
327
887
390
5073
6951
783
7007
807
4921
1804
1259
3661
7963
7962
3661
3686
7864
526
7763
7007
5292
1068
1208
1069
100
101
2130
327
327
2856
5539
5538
6081
3944
6437
1151
3945
2084
3017
497
1428
7712
484
6048
3239
7033
3023
2520
2520
7712
1496
2685
2439
3841
1495
1495
3813
3173
1873
3173
1495
3073
641
3066
1495
5780
3069
4715
6570
1279
6647
62
6581
6589
2641
4382
6589
2592
3180
2656
2386
3658
6441
1142
1279
62
7592
2805
2107
62
1279
2707
6005
2326
2528
2374
2529
1143
8061
5527
1278
62
8044
7941
7741
1143
5527
2467
3196
8061
4762
4473
7253
7263
4333
7262
5963
7288
7294
6005
365
376
4264
3303
3552
5085
3809
1646
5117
5113
1641
5112
6033
4567
1707
1259
5116
3604
4644
4371
1729
3749
3610
4332
2130
3296
2174
4865
3295
7778
7702
1044
1319
1421
1218
8037
7236
7496
3086
4762
6339
6339
5060
2485
3292
3292
2295
7503
3295
7222
4741
3231
1258
4060
3857
402
1055
3306
4359
1228
6308
3271
4372
6429
6456
1228
6418
3304
1634
3304
306
1663
6241
6178
5037
6268
5294
4740
2526
7515
276
277
4740
2472
4325
2470
6369
5814
5921
5537
5168
4324
5228
4740
3168
910
1889
738
1584
1705
5819
5811
3294
6095
1720
1705
5814
6344
1572
1425
4706
4705
1339
745
7060
228
5811
306
253
3087
5010
185
5819
2717
2719
2542
294
3475
2653
3457
5684
7070
6603
4334
6603
3553
320
640
295
5583
3553
3948
4334
3539
4147
2413
3538
85
3795
8085
6139
6139
6139
3350
8085
1665
4559
7858
2829
926
3553
3553
7852
3732
5547
5291
392
566
566
2699
564
2543
2915
3233
7282
7945
564
8014
4130
5869
5156
6138
5589
7851
8069
6495
2279
5620
3045
2293
5157
5587
2915
4146
2915
5395
5588
2915
3825
5245
8079
7415
7417
3774
3781
5379
2414
2183
5405
5157
3776
5156
1233
6739
1237
6158
6156
1188
1237
6143
4673
2337
406
8132
6307
7535
6306
7455
7542
7551
7539
8139
1398
8132
1384
6287
6675
8134
3698
7540
2608
7548
4013
1021
4041
5060
2132
441
3296
3021
6134
6132
5437
427
7849
8134
5448
3325
5488
6768
1048
5061
4676
1989
1366
1400
7895
6768
6773
4009
3699
4769
5384
5269
5543
1051
719
3438
1271
3652
6026
400
1917
389
3330
3368
3135
2347
3125
2332
391
3915
2070
7919
3439
7907
460
398
7712
6681
5036
4518
719
3743
5036
1972
1850
1675
467
6113
322
63
2944
719
4482
1377
6497
5181
4221
4100
716
3338
719
6524
7498
6916
6950
386
3654
6753
3339
7183
7590
4070
5554
4439
4123
5554
6578
3700
6714
3703
5552
6707
6707
5702
8145
5711
6243
6707
6707
2458
7655
2250
7660
192
4070
293
560
659
204
6242
1835
5384
1945
543
4642
1685
1722
1587
1699
6243
5379
6349
708
4753
4786
6295
6295
6787
8137
4278
5179
5597
5599
245
4929
5203
4530
5190
245
708
5206
5629
6444
718
538
792
931
5661
288
256
1798
919
447
709
134
122
5142
5661
540
541
2993
7246
3975
1793
657
3975
4638
3666
291
5564
663
6137
4800
1933
3535
3751
1683
1325
5150
1478
1486
1051
4801
6308
4827
6591
38
4801
7167
6532
6636
7120
35
6647
1793
6575
4474
6398
194
713
4465
8137
133
1501
6243
4447
6016
6038
6126
1500
6672
2100
2093
2107
2384
1481
134
6672
6126
135
6704
7415
1081
7527
1799
6365
7023
6704
6386
7005
6366
7005
6362
1226
1049
6564
2485
4965
2360
4956
6675
2472
4667
2363
6511
4672
3199
640
4859
4886
5098
5074
640
4734
6673
650
3763
7968
6415
6410
4673
4672
5513
6945
4376
7274
6256
6256
4454
4733
6743
6287
6275
3540
4735
8133
6261
6749
5493
6264
7125
1215
6692
7884
7074
8190
7085
8191
970
7884
1200
7885
1200
4735
6127
5576
857
3079
5493
5994
3687
5310
6748
249
5135
6748
4731
4725
5067
5054
5119
5135
7451
7637
5514
7568
5495
6654
1286
6608
3701
3695
3990
5902
5711
3987
7460
5455
7475
7380
7475
7383
5721
6025
1885
6042
1029
6112
4637
5903
1006
2783
6213
5441
2803
2330
5086
2600
6887
7765
5494
2609
3747
5915
2630
2601
8139
7760
4977
6892
6873
6873
289
6874
2581
1763
8139
2039
6872
463
452
1006
3832
5654
3588
6199
453
2362
5720
2112
80
2475
2439
92
2556
4734
4674
4732
4696
7156
5084
4644
4698
6788
3706
6028
6788
3579
5492
5344
3208
5302
1034
3336
3721
1520
1007
1007
3090
4927
1710
1109
1681
3723
461
2696
3639
168
3639
198
3550
1763
199
1490
581
5137
3278
914
514
3827
4944
3632
3668
3189
2561
4500
3629
7313
5132
5126
5167
4148
6185
5232
4658
5139
5174
3122
6185
109
96
3927
6966
2814
378
3504
2815
3122
6184
1255
7900
2095
3104
2500
2096
559
372
2647
4617
7133
4625
1468
6692
113
2200
5556
3925
2191
2196
3799
5166
4077
5432
3798
3343
3302
7216
7598
2206
5802
3336
7345
7748
7826
7862
7920
7718
3154
3156
3660
7583
3242
6967
5743
6759
6229
5739
3707
5746
1650
810
6184
6758
767
6758
3660
3886
6765
1191
7383
6
6694
3810
3804
656
7231
7348
7582
1158
6226
4832
5633
5686
4835
6319
5695
6607
4928
3914
2041
2041
3341
3576
7759
8045
7740
7227
3989
7774
3094
3547
4012
2535
4011
3094
510
4021
2451
3144
3148
3147
3342
7474
3601
2208
7258
7520
7467
7837
7259
4453
6960
4453
4386
4371
7662
4703
5979
3268
5931
6187
7228
4362
6004
4581
4362
6137
3211
3209
3210
4675
5695
5897
3211
3209
5892
3037
6137
3027
3214
3293
2103
2101
3092
6995
3285
6992
6139
6869
2451
591
178
2101
3143
7007
7178
6341
7178
7772
655
7177
1488
3045
7177
4055
4691
2514
3265
6828
271
2521
5894
5938
404
2966
2283
2473
2967
265
3180
3266
4357
3251
3181
3207
4064
3203
127
1931
310
6233
3110
2351
7123
1339
2555
3266
710
6996
3047
3051
235
572
3487
546
2314
546
3050
3494
3397
5517
3413
3879
3461
411
7663
7893
2451
7896
759
3265
7462
6579
408
7544
4304
4416
4320
4306
4226
4254
4298
1408
1409
384
1409
4728
385
2240
387
4720
387
387
1408
1286
385
3362
3367
2343
2342
1809
7504
5408
3367
6858
670
6858
1313
1728
5408
2927
102
5174
1814
22
2927
528
7023
1317
4588
1809
1317
5842
7759
7759
4929
1312
7756
6313
5589
6300
5610
3412
4619
6314
6315
2925
4631
2378
4204
2395
2387
4937
6059
2383
5187
4204
5821
806
4167
3099
5641
4367
4807
4360
5821
5971
926
4167
4930
2111
4803
675
248
2102
2105
5685
5679
4807
6844
104
848
3544
856
1355
6847
4903
4901
4930
7631
60
4768
2122
7631
7416
4580
4592
7110
7110
7631
7631
5972
3482
2651
2682
5911
2674
5930
4900
4830
848
3029
2997
3480
449
270
2084
7083
3004
2546
2069
5199
2169
7799
3443
3399
3411
7828
1785
7727
7864
7866
1789
1777
7959
6832
3404
2875
1496
3397
5971
4903
1985
8094
927
3310
2421
954
4824
7085
958
6235
6723
6728
7336
4224
7387
6745
6879
2413
5767
4019
5767
5773
3989
5772
2447
1710
2447
4224
8156
957
5636
5546
7071
2273
8156
2856
1235
1301
1301
1622
2833
6081
2914
2863
5521
1620
954
2955
3192
3189
3003
3748
6400
6400
1717
6426
8153
1807
498
7097
1717
7099
2657
6664
7089
6751
2599
7580
24
6662
6745
912
912
2374
2358
17
512
7111
7110
1716
2762
1712
434
1094
4910
4909
217
2698
1539
912
6107
216
4341
927
5584
4431
803
2720
1599
369
366
1891
375
6107
4076
3316
4377
3286
3302
4681
4994
3953
3237
3798
1341
6568
1294
6914
4681
6912
6639
4359
3740
4786
3105
3860
4785
2560
3297
7545
3765
2118
7193
1451
8063
3766
4785
7681
4034
1451
4709
3769
4742
4652
7503
4715
3769
6559
622
3168
3800
3829
3835
3256
7347
3117
3715
3126
3953
3834
622
7346
3870
3109
2989
7906
6475
7851
3835
3486
6205
3484
7315
7349
6530
6548
6635
6948
107
6952
7047
5622
6559
1293
7621
6566
7617
1767
6566
4511
778
556
554
7849
1436
572
1293
1438
7623
1295
4767
4776
4781
7623
1369
2735
1368
5865
5864
8000
4203
5732
7640
5732
5870
5740
657
5936
6452
5696
5622
422
225
5696
1900
6567
4823
1914
4818
6567
5740
2290
4591
2290
7357
4223
8097
7403
7357
8087
68
576
7357
3147
94
7217
700
724
94
3661
112
3315
3150
7218
2598
7356
7403
6567
4895
3146
4127
6823
3831
4701
4127
2109
4119
836
2110
6764
1078
3973
2491
7328
4117
2171
531
3101
612
5489
7244
837
6432
5448
5447
3133
5854
2729
3977
6087
7809
2700
2739
2739
6567
2177
2299
5489
3040
2157
3854
5488
6432
1822
108
1853
6226
7244
4619
4182
5015
3133
4747
44
4619
7232
44
4745
5636
5653
12
6294
5705
5655
694
7042
6433
6291
1162
6291
1197
2579
6115
2576
558
2996
5121
5483
4499
1227
6292
0
5439
6709
3555
3862
3996
4023
5439
5439
6709
3595
3738
3559
3279
3560
2189
5439
5438
7192
7264
5391
5503
2081
5518
7727
6661
5447
5600
7187
5524
1086
7282
1150
7232
7706
7192
5425
7874
7918
5067
5503
4683
7889
7591
4706
7589
5430
4155
7861
1597
1597
6751
3347
5067
7197
7305
7331
5066
3347
3428
3919
3913
3922
1625
5067
778
4208
547
7728
5874
3018
3717
519
4155
3506
1299
3473
3348
2601
517
2956
2890
525
3848
5983
1299
6456
5206
1299
4050
4191
1299
3315
3315
3323
3312
1291
1290
3887
632
632
7234
4153
633
633
4963
3884
4658
4661
4763
4754
633
3316
5239
7394
2186
3170
6576
5243
2193
921
8074
6116
2193
4153
877
252
844
4153
5363
5369
880
4153
260
1845
1846
5368
1839
5645
5644
7685
1146
6043
262
5833
2376
6043
1097
7426
1136
263
2501
6288
5363
6298
6458
5656
263
7154
990
4138
5822
1087
3579
1373
7154
5363
7931
5514
7845
4152
5706
6458
6087
521
5757
6459
3547
587
6458
274
3612
105
1870
694
1082
582
3069
1363
3599
1375
1375
3777
3350
105
7200
7260
59
42
5759
3778
6200
6253
7959
7149
7842
1862
6252
3053
6253
1231
3934
7959
4922
3628
7703
4033
8081
8081
5742
8091
8091
7883
6754
1232
6270
6159
6180
5374
1082
6658
6656
7883
9
1894
7685
1247
5529
5662
1734
1592
1577
5663
1913
5921
2400
5951
5646
1023
709
1271
1005
3716
3716
2104
1883
704
1802
1834
7883
1632
4295
5712
5713
5712
5712
2648
1110
4297
1258
9
5288
1940
1112
4015
155
150
1646
4020
6292
1001
3719
4554
2239
4558
2079
2981
1412
4658
8091
1413
7882
3886
6145
3474
3578
2217
5736
4912
4859
7971
2191
2858
2206
5368
5643
5626
7971
5642
7154
5728
5857
6145
998
5857
3377
5858
7478
7475
7861
1050
1050
773
5346
3882
5896
6144
8150
6235
8170
6144
8026
215
4184
949
6614
7429
4222
5330
4221
5398
6757
223
1619
199
5342
6900
1465
4071
8079
5032
3883
116
3950
8076
4024
7360
4221
4222
2086
923
3193
7301
116
2087
4427
2648
5069
6183
5587
6598
4246
6350
4569
117
7
3928
251
7863
6214
377
378
6214
6213
4736
8006
259
6213
7155
379
6113
184
4085
249
8189
131
4008
4023
3630
5270
8102
3898
8129
828
2222
130
4495
4674
2651
1383
4716
5993
4492
5994
6010
47
56
929
931
8005
7545
2901
7122
817
5402
5492
2900
1457
5415
7122
6113
2585
6049
1456
4488
3600
6234
3702
5984
4245
3224
1034
1115
7108
1308
4979
4970
4244
4978
221
1718
7111
6889
6785
1500
134
1473
1489
818
830
1489
6225
435
445
908
3230
896
2310
2917
2574
130
2568
2343
5197
5361
2342
4246
5268
6011
328
330
343
342
3451
465
7615
553
412
5851
3682
5935
3366
3366
7591
3364
3365
2479
4686
2479
2169
2477
2419
139
3453
2737
4425
819
3453
829
2827
6503
5270
7191
2916
4892
6233
7872
3786
7153
830
3799
3799
6258
6346
6346
4695
4876
4839
4427
3188
3096
6240
137
6609
2853
3719
7736
6390
2859
6387
3714
6535
5423
6532
5369
152
2011
4054
5090
3880
3920
4189
3880
4045
5286
2813
7737
2399
969
7737
2804
7650
969
7736
2820
6971
7225
6579
7603
7011
6579
7230
1336
5081
974
5082
4733
7846
7602
970
5083
5081
7852
3735
6110
7833
3450
8065
8137
7860
7818
5548
7437
6580
3735
6552
6226
1893
1910
371
6677
6551
714
5515
4866
7078
5515
1306
6937
1283
1383
7252
1395
2584
5268
4624
4588
125
2787
4668
7292
2664
2795
1398
1359
2664
1444
7829
1285
2795
5966
1284
5749
4071
2686
2686
155
1727
1720
1378
1725
703
7790
1725
175
1444
209
4175
1503
6087
2026
7030
2027
2027
6388
6394
7808
6352
7811
6393
6374
1487
1484
1484
6699
2066
2066
2731
2925
1445
2925
6561
2027
1444
7845
7004
5476
3871
2695
18
5477
725
5351
4284
392
5143
6799
1523
854
3871
8081
5139
6332
4166
7135
4171
4124
181
4103
500
3172
3871
4125
5452
3976
3860
2799
6211
878
6885
3871
7921
64
141
6271
7906
3331
7296
313
7272
4125
879
6908
7253
923
5322
4438
4288
878
907
4272
4444
3030
3069
2155
125
7369
2144
7536
4124
7256
1000
1011
740
738
598
2563
7632
122
7552
73
7560
2523
91
2312
3017
4870
2524
2577
2499
1350
7046
6660
7283
6061
7386
7279
5561
3016
5519
619
1011
3621
914
471
1110
311
4932
2433
2577
2438
5004
2438
7250
7252
6568
876
2610
4870
6560
3324
6560
7306
4960
6198
6016
2325
2329
352
5923
3025
355
6049
7318
3025
6947
4870
1022
3025
1542
1542
7765
6017
5382
4211
2047
7081
5965
5528
5820
5383
6001
5922
349
7286
349
6034
1750
7731
7580
3169
3169
7667
5761
7071
3830
1046
3611
7071
1038
5246
1038
7791
3808
3812
3808
3306
5900
3815
7052
2187
4211
7073
4765
5905
4816
8078
4585
4848
4211
751
4468
4303
4331
5124
691
1111
669
4851
4551
3182
2786
7153
2157
6240
370
5373
1107
2154
1107
2123
2074
2083
4183
1340
4631
2756
4161
4690
6985
4849
169
7181
7197
213
3270
4262
4249
2020
4255
4393
1677
1726
214
1954
223
342
921
6519
7402
4665
4311
7402
7402
7022
6505
6881
6883
6747
3640
1846
2768
2352
4311
13
4069
1337
3119
3962
1458
2603
1308
1608
4075
4308
2107
2106
2106
4305
2617
707
2106
1727
1727
2248
6494
6503
4074
6757
2773
1614
2736
6495
6477
1614
1624
2249
1647
6417
6418
6072
6068
8140
5781
5730
1628
8136
3774
2292
1482
3824
2296
707
2775
5774
3385
4211
4549
3385
1783
3792
2748
2748
3787
5419
7614
1896
5453
368
1899
18
219
5
6278
5
6044
4757
2370
2543
2320
4757
6500
2374
6428
6499
6905
2739
4755
2531
8063
2123
2419
7653
6044
4407
4441
5251
6939
8022
7695
402
4675
4613
4707
6046
6033
4994
4934
413
4383
8182
7973
8182
3250
1147
6936
3093
5534
4330
6824
3103
3115
3123
1147
5284
6401
5207
6442
4115
3340
4754
3606
6152
6252
408
7271
7860
6161
934
4046
7341
7352
7246
4005
4025
933
4357
5364
4486
6803
4106
4541
4636
4267
216
1000
4073
766
7271
3341
600
3916
3895
4011
930
372
3959
370
375
371
3585
7691
6101
3341
5005
2335
6108
930
5016
3340
5008
1039
2992
1764
1460
1466
3930
1469
219
1039
6663
2483
6662
5454
7298
6280
6281
6281
7723
6845
7726
698
7259
7726
4790
4790
2218
5230
1535
5169
7986
4745
4751
7986
4331
2986
3797
2986
4064
1515
4550
5945
7986
4695
5647
3002
2828
2855
5647
3545
3520
3521
4330
2525
1270
2322
7554
1269
2690
5046
1880
2566
653
6195
2690
7917
2541
2691
7831
2691
1886
1268
415
1268
442
2103
2092
399
747
5045
5044
1885
1062
1004
4367
3373
3361
5196
940
6206
3421
3383
7380
4090
3282
669
5427
4363
4363
3786
5778
667
5823
5795
2166
5781
5656
7965
6995
7945
6011
3753
5670
4367
6088
8089
4124
1527
1334
7943
1256
7940
7960
8034
3383
7953
5594
7953
170
3762
1535
2065
7107
7107
3777
3771
1530
3788
3788
7107
4976
6713
6717
6716
6718
7040
4022
183
6333
6328
1194
1192
5451
1529
226
7107
3863
5983
7910
50
59
8101
5366
2293
1526
1531
8180
1681
8179
5475
1303
1559
1520
1505
1332
1427
5367
5975
5367
1388
1352
1199
5975
3438
3155
5983
3752
5366
2178
5478
4173
7296
4128
3979
831
3417
3128
3979
3112
7308
8118
8119
7597
6752
3420
8150
6775
3465
3978
3510
3883
3885
3327
6744
3978
6069
2545
2890
476
3420
5440
5429
5486
4236
4274
6069
5483
5450
5457
7493
5468
5433
2852
6066
435
6066
4408
2788
4390
4667
2506
7703
8043
7181
407
453
412
415
5701
6355
578
5700
1336
3155
3320
381
3863
3155
3163
931
3163
4616
6777
4616
2530
4636
4627
6777
6426
2506
2021
1713
6249
1697
6249
6436
2852
6776
4097
3218
3218
8069
6449
7031
4099
1706
4108
4143
1704
4194
3166
4121
4717
919
4121
7880
4111
452
3048
3141
3141
4394
3022
7440
2550
2359
7627
2354
6146
6929
4167
8101
2359
3748
6776
5473
6029
7537
5442
4170
7973
6037
5153
7193
4822
8151
4585
4612
4716
909
6940
3328
3329
8151
911
3447
7494
4572
6382
911
8153
5442
6382
8126
8146
1055
1667
1719
4998
1685
3575
2528
5443
5309
4084
3856
7907
1706
1061
7881
3568
3477
1698
1107
2351
6871
4991
2401
3332
4965
2129
6376
4795
94
2358
4772
4671
4655
7842
7381
7700
3463
7422
7378
7416
3521
3171
4694
4864
1341
2749
484
4331
6387
489
7880
5309
4376
4447
7399
5309
297
7396
5308
5175
6383
682
677
5105
8110
2178
2285
4037
5106
8115
651
7074
7264
7058
1174
7097
7266
651
868
3898
3877
5237
3865
3868
3893
5236
5237
5776
5973
5976
5356
5968
5097
8030
868
5074
6819
7435
7279
7626
7426
7546
7640
6383
6165
6181
4037
1879
7627
859
3944
859
3986
3678
6835
859
859
5119
1454
7741
7684
173
4036
482
705
2707
2308
2475
2713
5097
4036
4608
4604
705
4498
189
4600
5100
184
6234
347
1536
1654
1115
6232
1149
4545
1688
3625
4052
6117
2668
3864
3807
2488
3817
6117
4023
4022
5100
578
275
391
2504
106
6235
2650
2274
1649
2261
2507
6615
2468
2923
2927
2507
5999
5717
1654
5960
7259
5801
6514
6916
6611
5047
6614
5925
5801
3288
5386
3289
7936
5530
5924
2627
2627
5503
7944
6825
3280
2843
2261
2267
4708
3269
2505
5421
1623
197
6143
4650
6838
70
2912
2843
1155
1750
991
3747
7876
1184
7419
7419
3803
2562
3269
4769
3623
2703
6141
5358
5399
3803
5397
1069
1101
5219
1164
5035
5034
898
99
1117
5154
39
303
4964
1623
4057
3917
3769
135
3787
1106
3608
5231
7318
3893
4831
5393
3447
449
3458
268
3479
2678
3568
257
7010
4661
6896
5957
7024
5957
7268
7969
7969
284
3427
1117
405
257
4632
2150
4415
2476
2142
2436
7902
1565
4415
7745
7752
551
6679
7821
1227
3195
1385
2199
3224
1872
3262
3240
2980
2988
2988
2233
2434
2976
1555
6353
6389
5973
5981
2225
1590
1663
2001
2151
1629
8174
3962
3912
8171
3853
2393
2803
2760
2009
3919
3918
7947
2008
7618
7467
7597
7926
13
3914
5779
5785
7953
1262
1178
3903
7248
7131
48
6127
3432
48
7813
6094
7840
5839
7958
7489
7958
817
7815
855
816
5835
855
436
148
7255
6612
6613
7506
352
362
6614
151
359
7553
13
647
4315
5869
415
311
628
5887
7585
6936
4038
3806
4003
7575
5858
4671
4149
4517
5604
6138
6135
4315
4315
7251
7582
1565
7761
6980
7868
7073
8125
7003
7775
6007
4393
5770
7871
4011
5416
460
5817
213
4315
449
7507
2590
7967
7489
592
8058
833
204
462
224
5660
3857
223
3857
5639
7721
8038
8003
3870
6188
579
7744
7833
7702
397
7488
6825
4863
7212
7221
4895
7218
578
2981
4763
5893
5276
5267
4762
7856
5275
7729
7638
7729
421
5989
5500
4248
7729
5479
311
5495
4408
849
385
7638
7729
2306
6257
2305
3627
6935
7062
7025
7131
7025
7070
6942
992
575
3878
456
6993
463
1896
7923
993
344
7829
7825
992
7037
950
7039
6976
7397
6580
950
7427
8031
325
4432
4432
4320
4433
7036
2578
1358
992
3061
1358
2838
345
6716
2830
1358
6713
1358
1396
8023
2569
6789
6715
347
2830
919
1099
7674
1088
335
1375
6744
2327
1735
2774
2365
3638
2313
2838
1348
6674
2836
1407
6839
5562
6819
5490
5519
6048
4228
5467
4518
1375
393
531
1387
2709
7679
4632
5489
7674
4273
4256
960
6699
1387
7674
6882
2348
2350
2460
1850
4878
5521
5832
5555
5555
821
3613
394
394
17
40
6039
999
426
5893
768
1007
432
4453
994
6505
6505
697
698
6507
4878
7760
6287
4879
5905
4879
5843
1609
4918
5792
5792
1609
3779
5910
1760
3776
3776
3781
4622
3609
7438
8025
8020
7790
3614
7433
7791
3614
2813
3614
1506
7466
4442
7466
4593
1505
4816
367
5917
4912
2195
3725
5844
4918
4662
4662
4909
4909
4902
2269
7152
1504
804
795
4907
3080
2195
3303
2057
2064
1076
3464
2994
3512
3516
2400
3466
6687
4916
5848
1075
4918
415
6666
2400
5359
2835
2452
3515
4438
4439
2954
5358
5359
5480
1327
820
5481
1849
6335
295
401
3728
1849
326
312
2494
254
5470
6549
254
7317
2487
7841
7334
5475
6922
7320
642
7212
6933
97
7771
1979
5810
5605
5873
5270
5317
5875
2931
2935
8185
3743
3728
2935
2935
5843
7649
7662
3113
5597
5319
3178
5927
5596
4857
2012
4857
6565
5925
63
7877
5924
3467
5349
7771
3467
2440
2975
4601
2426
6577
4605
5237
6569
97
2857
5319
3611
1319
5765
5813
5317
6048
5599
5603
5287
4284
3519
6591
468
5287
551
6196
629
5317
1963
84
66
5287
1479
2429
2427
621
3017
745
2429
2349
2382
5287
7136
5394
614
5946
7457
7853
5319
3596
3597
3299
7771
1332
1343
6958
76
105
7461
6875
2094
7456
2273
5394
2205
5664
2289
1201
3713
1212
8102
244
507
7367
5394
1200
1201
4716
507
507
4408
4606
4663
2287
6591
6590
5594
5667
3840
2931
3235
3260
3253
7117
3573
485
1990
3264
3322
5395
3893
3890
7270
7275
6931
3892
6919
6207
6681
6181
7051
7251
6771
4303
5588
6682
4263
3088
7963
4509
4181
5560
6796
3888
5435
2812
4319
5532
6039
573
6796
7226
1002
3878
6659
6657
3885
4864
6805
3881
7229
3541
1239
5851
3543
3542
7359
6355
7255
5638
7254
7255
398
7254
6082
7993
7540
216
3542
1773
7359
1776
1538
1875
3134
6790
3888
1506
3551
6791
6784
1619
5740
22
678
685
2846
661
662
1616
7548
3101
1778
7490
1995
2338
4010
7603
2411
4855
4841
1612
2036
3963
4786
4171
4577
4577
319
5496
3517
2812
4789
837
874
4788
840
2846
7910
4788
4773
4752
1463
2124
3515
2471
5502
5464
3468
2055
7404
7761
304
5562
2040
2047
7816
2068
1849
2065
2871
5214
2067
7402
2064
7419
7406
7485
2870
7652
1882
5105
7655
2348
2354
1168
1159
7117
1604
250
7629
7484
7471
6338
5522
1860
4286
250
2474
250
4309
1378
6340
2399
7471
7441
7697
6815
4803
3682
6811
3968
4023
1605
5285
3668
2137
2297
4803
1882
6811
6427
2078
7697
2276
1800
1800
2112
7216
4379
5959
4324
4326
7217
1552
1047
5965
716
338
716
8086
67
7241
3311
5257
7041
3268
1181
7193
7224
4867
7496
313
4120
3446
6442
3492
4119
648
6845
5627
6440
7921
7924
7902
8086
1365
7282
2584
6010
2583
5110
3148
162
3412
160
161
160
5631
2317
162
161
5102
2170
5421
5571
4633
5606
6078
6079
2173
5560
7014
676
6664
5140
6686
4634
4935
2804
3772
2648
2566
2653
4659
2173
5952
4757
3772
6797
7700
6534
7408
6797
2172
7173
7629
7187
3730
882
1702
5715
5717
5714
4743
6085
1700
3730
217
5122
2703
5122
2807
5775
5316
2218
4345
316
1848
1848
3337
1393
4348
317
1635
1722
5285
7330
6336
7121
6318
6376
5284
1393
6352
4569
2095
7003
7160
1393
4270
5048
999
1393
6141
2097
8079
8071
3336
96
4330
277
2551
321
256
6141
6864
5970
4836
4634
1555
4617
7595
4594
7632
4718
2240
5724
5718
6360
5729
2270
5741
6851
5747
2873
2873
1034
2872
1462
1464
2392
6816
5743
2872
797
4767
5971
6848
988
3712
780
3567
4529
3276
6849
2397
1125
3279
3279
7864
1736
2270
6848
5970
5970
4800
5884
915
2724
915
7730
7036
4538
6351
6220
382
4042
2398
1033
1035
1587
5445
4876
2264
2264
7054
1017
2264
7142
7054
1021
7038
608
5866
609
2265
7196
7176
3575
3543
4035
609
390
3534
4133
439
3984
4579
4863
4881
1235
4068
4335
4070
608
4327
8130
399
5799
5791
3681
4032
4404
5043
3681
4400
4413
5041
4412
6695
7102
4414
6746
5546
7073
7654
1052
6147
3952
1052
5589
3566
3952
1591
6815
6104
5695
5059
5589
8088
5388
6795
7997
2798
6830
2722
1458
6795
7540
6795
6795
4610
1414
1441
4668
4618
4630
7541
3955
3154
3155
1837
1457
3703
5642
5389
5658
7045
2766
7047
7082
5641
5849
5851
6217
5854
2465
2726
2512
2740
6782
2918
4565
4561
2380
5385
3744
4612
5385
4581
6755
129
4689
6755
4389
6755
2630
771
6137
998
7654
6136
998
6755
3179
956
1319
1626
555
4051
7654
5071
7412
2831
2360
957
471
512
8070
8071
5643
6559
7654
3328
3360
3363
2746
3345
2396
3329
2611
6011
3669
7483
1611
1582
5570
7072
6965
5532
5532
3954
292
6133
293
471
2184
1706
5861
881
4993
3509
1226
1966
1701
1953
1714
4994
3508
1613
5452
5004
7223
3261
3031
4799
4411
1397
548
389
1643
4410
5611
1844
7700
1847
3738
7696
2394
3742
1947
1939
2520
3742
6962
1295
1106
3669
5872
5438
5388
266
212
79
1090
64
1932
1932
1932
3896
7706
7706
3575
233
1741
1933
6268
6261
6269
7715
3670
6384
6269
5777
1754
2964
7767
6769
2989
2096
3259
4603
2155
5776
890
2414
6933
2291
5700
4689
6109
4039
3911
7696
6933
166
8103
207
176
7801
1149
7828
2473
5675
4037
4722
3670
6272
3198
4559
127
2789
4250
6897
4279
6273
7023
7346
2168
1601
1662
3994
4273
3922
4273
159
3946
4086
3895
1418
6385
7819
1418
3318
1409
3319
8175
7715
3235
6827
6344
8178
7120
1195
6381
3378
930
4217
527
3917
3884
3882
3915
6168
6169
6169
7821
7861
7439
7483
2473
6541
7479
7487
4217
7476
7458
7439
943
5366
6682
7589
6237
6837
7474
520
5254
5131
4670
5131
5254
6380
4581
6678
5399
6880
3140
6882
3379
6818
5422
202
5071
1387
1300
1361
6826
2233
2187
3150
1296
1364
5217
5124
1573
2074
845
8100
2077
3379
178
4981
4980
3899
6252
6908
6821
6910
3899
988
6909
6803
7007
3679
897
3652
7568
8100
1739
7430
7431
1751
6999
7457
8099
6999
5064
5035
7037
3071
4643
4767
4724
6688
1174
6483
7067
5233
4434
7067
8099
4921
6483
4310
3203
7037
5083
5083
6870
3210
3215
3215
3202
6977
3275
3042
3279
3379
3459
3461
1920
3843
3462
6941
6880
6690
5827
6491
7747
2323
3042
6682
6490
5827
2326
493
6663
3903
2327
1098
3191
5040
3191
1066
7927
7887
3398
6586
7504
3511
1089
5885
1258
3191
1135
4574
5053
4242
5050
4185
1234
1318
3041
5080
5051
3057
5033
5676
1532
1277
5937
5762
7047
6859
4121
4116
3190
2323
7041
7178
7190
1259
4492
220
721
4627
645
612
1338
659
4471
135
7203
2095
1522
1901
7621
5471
2356
4470
1923
5459
642
643
6985
644
6532
6358
2874
5628
2874
6533
6554
1681
2099
940
2035
3711
4620
7460
7463
5223
7461
6365
7004
6272
6273
6099
6272
6965
6946
5591
6951
4321
4987
4921
4464
3425
825
6945
3051
485
1021
6954
6946
3050
4321
2009
4107
1145
4889
5618
4107
7021
798
792
5111
3393
4894
4500
5805
5800
1330
1340
786
4369
4368
1617
8053
4500
7839
7690
829
7746
7744
7479
481
6584
464
498
2108
4572
4310
4928
6574
4252
4309
6021
6034
4625
6114
4885
4389
2362
1298
1570
4052
679
784
926
968
4948
1699
4048
2131
2082
2131
2592
2605
7029
6357
1852
1827
2142
6473
6464
1394
1389
1297
1659
3174
1656
3179
1718
5612
1343
6662
1633
2137
2039
1603
2136
4063
4090
6399
3211
1090
6399
3172
1475
35
1275
6665
3854
33
1123
3855
420
4970
336
4927
4115
3204
3301
4113
337
4196
420
3123
2143
4214
627
4104
4287
5390
6237
5405
5321
625
1476
5728
3685
8157
5743
8172
2032
3852
8048
3852
2472
2363
2425
2332
5917
297
5901
4069
3179
3554
5455
32
5602
5603
6069
3559
122
113
45
44
650
6174
6101
6173
638
437
436
1627
3812
3202
6174
5715
6174
3838
7136
7136
2231
7136
7100
2631
1541
7233
3624
3644
2230
2777
2757
296
2745
2227
7780
2142
8014
3789
2346
5999
296
7281
7941
7787
8098
8091
3589
8042
4712
4710
4719
2354
2471
5999
1469
1469
2668
2487
2547
5996
2643
4990
5996
2218
2207
297
3268
3290
4431
2441
3829
4431
3291
3049
6444
6065
6002
6506
5646
1585
6154
6194
5310
6222
6203
6178
4007
5053
6014
5923
6895
3050
7303
7320
4066
6895
5787
5951
6894
5261
4676
4379
4990
724
1007
3045
3438
1803
3904
3907
6020
7987
706
3344
2642
8067
8152
713
5886
6895
2047
2020
2019
7551
6649
851
4826
5378
6259
3479
3582
3578
3839
1583
3540
171
166
6083
5750
2971
7982
171
5689
2971
627
2517
248
2516
646
4283
3911
4824
4589
3948
5392
1522
1520
1729
3991
1732
5934
3313
2049
4755
3275
4744
851
3701
4781
5716
4283
8189
8164
5844
8106
4282
8079
8187
2494
2936
2525
3601
3983
3758
4283
2642
779
746
3691
3367
853
6333
6582
6583
6841
6980
6981
6056
6058
6846
7847
6061
5283
1475
1523
7855
3900
2676
5087
3903
2676
6958
5392
107
22
721
5212
3902
5107
4494
18
6542
7376
2639
720
1758
1759
1758
2429
6959
2384
1758
8023
8059
4138
3691
3602
8059
5456
3900
269
8060
8060
3981
8059
2867
7941
2541
7943
7194
5038
7939
268
7401
6118
2219
43
4475
4262
7821
7393
3369
4435
4435
268
269
1101
1118
1042
7401
104
5860
5864
7710
7397
5863
6607
587
5729
6606
8067
1371
1024
6942
1743
1087
1074
1941
1063
4683
4925
593
1473
1472
586
1355
5107
7295
5022
4935
4933
2597
395
2933
7889
3739
6860
2932
6886
6040
4280
3904
1100
6384
7202
2153
6338
2954
395
2461
7170
3333
4160
2140
4230
5526
6336
4271
2048
2140
5188
7353
3923
6961
1096
1683
4894
3885
4990
8062
4980
4428
5106
5382
4511
4183
4428
3310
3866
3866
5630
3286
5631
3738
5442
5923
5913
5417
516
5964
6314
6302
7111
6301
516
5964
5346
6323
329
340
329
328
328
1888
1852
1903
1853
7874
5351
5419
1254
1903
7231
3505
1679
3505
6208
3895
6943
1711
6379
404
2708
1633
1633
2652
4644
6808
6830
6702
5524
5531
2638
4506
4267
4103
5566
6017
5415
3879
4907
2904
4201
4346
400
404
2626
395
4401
1234
6970
2675
2942
395
7299
6970
7459
6474
6970
3032
414
1975
441
1073
1063
7127
1544
7299
1464
7199
7198
3151
1546
4464
3145
6969
6834
4333
4328
8060
3452
3446
6560
3258
5838
4367
5779
3258
5786
2418
6531
2392
2729
2369
4676
2680
1072
1062
4312
429
1081
428
4604
7960
539
4319
6682
5504
5574
1808
1080
7198
5457
7199
5528
1127
3795
3592
4905
4924
6548
4655
3582
3571
4605
7227
7977
5457
5100
7977
6760
2680
5018
185
7977
2929
5733
3307
466
6079
409
426
4467
4467
4467
413
4234
8176
8178
2139
7976
6451
7962
6387
3617
2056
2744
3616
7063
5372
6220
7063
481
2085
5262
185
4014
3897
3900
8128
5125
6773
5835
5684
6720
5716
5882
3419
6816
1352
1404
7510
6016
7448
6558
3419
7317
1463
6775
1419
6772
1462
1417
3714
1356
6558
1422
7316
424
4233
446
4538
3334
2139
47
6995
1813
424
6451
6375
3645
6216
3645
4522
3646
4559
2655
5939
3216
4232
5192
7862
5839
1788
4579
4818
4430
1788
6556
4358
8128
6557
7081
585
676
2565
2564
5662
5446
5831
657
4735
1745
7650
2017
2562
2679
2481
7648
732
1701
6810
6899
3328
3331
3342
3927
3490
6843
5505
5932
5505
2017
7555
8128
5979
6080
5674
7347
6931
7055
4571
4391
3246
5776
6452
5613
3111
1311
1311
3072
4827
1318
4703
1244
5873
1112
5449
1117
3184
1746
143
143
159
3246
128
2293
2555
1206
1786
1187
5475
2841
2293
959
2553
962
6454
777
7623
4517
929
1786
581
580
4383
854
5407
6522
6280
3071
6280
458
211
753
4517
5796
4699
5449
1606
3921
457
4013
3691
6616
2903
2349
2408
4881
2418
2770
6868
7990
7418
2903
4889
7824
2051
4889
6616
4162
4889
4014
6601
4008
5290
2886
5290
1418
6595
5321
5022
6871
2883
3751
6374
4848
6638
6638
3730
6636
6557
6025
7804
5159
6803
3718
4699
4850
2521
3723
7809
7822
43
6032
1100
126
7829
37
1116
6105
1745
6105
4323
6350
1739
1740
4323
6822
1229
3971
4938
2003
6375
5347
1391
5222
1225
174
5360
7810
2810
7827
1586
1588
5895
5895
1588
3699
2616
2859
4731
2283
6384
2617
2259
36
36
3663
3382
7579
2274
5409
5422
3749
5038
37
7648
5746
801
7678
3822
6396
1916
4901
7894
358
4075
358
4075
3147
4971
7049
671
4971
4971
5220
7894
7049
487
5314
4486
3643
4571
5727
7890
3640
8182
6122
6067
811
37
7145
7890
2235
4968
4721
7644
561
6158
320
4837
4110
3814
5831
6158
4817
16
7713
796
987
2019
794
7663
725
6008
7715
3368
2044
5831
3245
4042
30
5290
5288
625
6898
803
4911
1727
1408
6385
1273
1471
1431
1456
5416
1110
1363
1033
3746
3238
2999
1761
1554
3165
2692
2752
4109
3001
3711
4266
3082
5899
3002
3166
3082
2986
1610
3166
4268
4268
4459
3167
4460
4912
4078
1655
8162
737
6
1303
5988
5789
4046
1810
4
5789
5987
1297
4444
4455
3456
5338
5336
4462
824
827
827
827
826
1045
3896
39
3893
3850
5125
3868
737
7876
8099
1815
6234
7930
4900
7925
8040
8043
4712
7494
6954
2375
4445
4947
2375
2375
4427
228
3784
3746
1359
231
3786
7151
266
182
6700
644
3828
4947
4030
619
5770
4637
760
1920
448
4951
7633
7641
3267
4991
2325
2330
7133
4636
1826
2375
1927
5438
3372
7171
5559
5553
5553
5561
1844
5508
5508
4939
398
474
4570
477
993
1381
7105
3965
4010
4865
1334
1383
4007
4011
7739
1280
178
5851
7222
8171
1225
8169
409
3371
451
3178
3177
7214
5633
1217
4750
5583
5578
4366
4366
4366
1824
53
1867
2160
4068
1863
3833
7398
2159
4726
830
7026
5313
5280
615
6230
763
8009
416
3833
6625
2518
3194
3194
3833
5114
5312
831
6540
4969
6986
6987
6912
3833
2552
4422
1065
5293
5349
5343
1066
5526
2114
7791
4708
4722
8032
820
5526
241
7012
7013
4377
240
4730
2503
952
948
4185
948
4502
4419
4699
2858
3389
3043
4374
3390
4975
4579
475
2495
510
7774
499
508
467
2495
2078
3043
494
482
495
5866
495
5815
5857
5883
3447
3428
1937
1146
410
2705
3428
2704
6221
5837
4885
7290
4422
410
6221
4181
7728
1301
4423
2683
7174
2683
6947
4770
6917
6447
4423
1744
3439
1307
7238
4543
1311
989
6023
4699
7362
7363
4943
4182
7284
7717
5282
4242
3530
3528
4243
3541
3535
4242
6411
6419
6409
6401
6400
7386
7160
2090
2150
7606
7450
7717
5292
7226
7360
790
2369
7170
4245
800
5904
800
7255
5578
5607
8154
7536
4245
4244
4340
4087
1016
5266
8155
2845
2901
1482
758
445
1605
2901
3371
150
2906
5085
439
148
2844
7138
7615
7611
7613
439
7611
3741
5087
2580
5916
2794
3664
3653
2072
5916
2112
1787
2288
3785
3784
1364
4057
7711
7746
8001
4054
4743
4837
2969
4054
7316
5236
7316
793
1494
443
1493
7324
3269
3131
3557
7694
7694
6453
6408
6408
6451
6449
3130
3131
6203
7693
7325
7773
4770
4253
6206
3131
4545
7341
7388
7961
4262
4213
5531
4490
5173
2399
627
554
744
7693
629
3910
2388
1292
5945
5667
5760
5763
7723
7715
852
1291
1772
1210
1211
1878
1290
1290
3028
1321
48
637
852
5159
5159
3137
3137
1095
30
2683
1805
30
2809
2811
6368
8191
3992
51
8191
3646
8187
8187
4770
536
1004
6423
4915
4883
8125
1004
6556
4991
4680
463
1551
6418
6416
6423
922
201
247
4834
5255
2745
927
5840
854
1616
203
1616
2745
3700
7891
3701
2741
5255
2957
2432
7913
2968
6394
3674
3711
5255
1944
6054
3708
5232
7567
5255
6543
8075
6562
6109
7567
158
3070
5698
3795
2892
5752
6988
7057
154
7070
3384
7929
3702
5071
5699
6547
3063
6488
3686
1059
3684
3065
4104
4265
4280
5486
3065
3063
1240
1111
1070
2253
1123
4491
3689
3663
748
3059
7485
2453
2266
3642
2453
2219
4186
4186
3435
403
4776
7948
4490
7950
4491
4774
6119
4491
3676
4792
1430
8012
7950
6118
3635
1684
7134
2649
5870
736
1548
3640
214
1463
4177
2649
1522
3067
1507
242
1238
243
3371
231
3566
4177
5083
8007
240
243
4805
739
7100
2649
6798
7886
5654
6420
5820
5820
7325
6886
6798
7141
413
3876
6420
6729
2073
2168
4568
5453
7223
5460
4239
6421
7362
399
7958
1147
6728
2649
1328
8030
2157
1713
4989
4975
3905
5020
6590
4563
3905
655
655
5096
5103
2156
5998
3061
4498
3060
3019
3531
389
5297
3535
8087
3055
3055
6110
2156
8019
5988
5954
1015
3529
5703
2156
282
4142
343
889
1594
5294
4135
3647
3622
1940
2046
2042
2042
2863
2553
2728
6303
4748
7710
6370
2863
1525
1530
8007
742
3244
4302
4237
4307
3244
7779
4055
5385
4055
5484
6303
2512
482
3151
3151
6303
308
2268
7267
2513
2278
2283
8028
2276
3889
5038
5043
1990
2173
4812
7670
4730
5003
2204
2268
2163
5514
3657
287
559
3674
1533
3818
1436
2829
287
3743
2842
4155
6885
3819
4234
4276
4919
1990
8093
894
7343
2617
6863
2262
2661
7343
978
1018
5985
2377
1018
1084
1270
3850
3869
966
5985
3856
8102
3826
4051
3826
3650
3384
1811
4155
3390
7717
494
5022
4956
4959
494
5080
7838
7838
7838
1825
2364
7957
7718
6212
5359
3780
3780
5437
2743
4874
2742
1825
7211
2503
7415
7174
7171
7378
8101
8188
8173
4237
4237
6699
8138
4479
4478
4478
7938
4200
4478
7939
6128
6129
6304
6326
7818
2518
618
3620
6749
635
6123
541
7050
6122
7343
534
530
6725
7942
531
4071
604
7343
5683
4403
4410
5879
8171
535
4411
4403
2201
8112
8162
5849
4146
6724
5754
2200
7306
3219
2200
2205
3219
535
7377
3932
1947
753
3770
5688
584
586
753
5688
7985
3775
6664
5688
2187
6666
6750
7086
6159
7806
2533
305
535
5318
8044
2765
8044
7307
312
767
4613
7888
752
7942
2502
5151
6327
6312
5607
907
535
6320
7503
826
4173
6311
1134
1709
880
5592
790
2806
7878
2637
3962
5181
544
554
6319
2421
628
6316
3421
2420
5138
3355
3402
2207
6316
5257
4168
5397
7305
7458
7018
4341
2195
6063
8117
2406
6371
6371
8144
2549
4169
8161
4173
1135
1594
1724
1673
7025
1724
1095
1307
5590
8070
132
1724
8177
158
2916
2916
2666
2080
5151
5151
4278
4279
5982
7025
764
4314
3920
1684
1699
764
3033
2594
3931
2671
5392
5387
2659
931
2407
3933
2406
5324
929
5322
731
3335
6051
3335
8002
629
1507
2754
6312
6264
6264
3013
2759
2789
1613
2788
2815
7786
6279
2083
3825
3721
2100
4282
3794
5094
2289
2816
3620
4277
7822
4286
5094
7779
5094
7727
4456
3521
3195
6097
3622
900
903
902
4457
7010
3119
186
4596
4582
902
4583
4582
3698
4582
8053
1437
8042
7764
7785
4363
3359
7482
4271
1897
1897
6695
3389
1891
8172
3119
3929
3924
1890
4276
6279
7807
520
7763
961
6211
3558
3558
7981
7381
3164
935
520
258
3149
7241
355
973
973
3518
3519
4920
6526
4888
2462
1929
293
643
7589
7430
7542
3748
606
7667
3013
2757
4573
195
12
1820
1806
6279
7307
1589
2081
202
922
6045
5418
6276
6508
202
1884
2053
6140
5002
7427
2125
2224
4732
3849
4810
92
5502
3660
3655
966
827
991
2781
567
2783
1971
1971
1411
1025
8003
4219
5455
1175
218
8190
330
3849
1871
8050
1870
294
5456
5457
2760
3627
1322
1322
4933
294
4535
5197
1475
4626
4958
4577
1475
5736
2587
4626
956
552
8099
384
3456
553
3568
4076
557
3395
2579
5692
7131
7725
7737
4033
300
7738
3435
1815
3394
5754
3490
1855
8169
1264
3467
7924
7925
7924
1553
7221
7786
7517
7611
7499
4439
4447
4447
1555
4438
2288
2302
4416
6111
6092
1841
6508
1370
1060
1060
579
15
612
557
2210
613
7595
1855
5005
3333
2066
7830
5491
3412
3359
7513
1992
7531
8036
6753
557
7074
7531
5004
259
6657
1988
5471
5626
5201
5062
4348
1628
5517
5386
5200
5200
3170
1016
273
7511
4095
5201
5201
6509
3325
6509
7511
1999
5250
5184
7369
6447
5128
5195
5535
7159
1991
7159
7158
6459
2270
3545
7233
2265
4103
4118
5231
5128
6459
7661
4114
4028
499
7342
496
502
469
5535
7334
6440
7334
7353
4321
4474
7334
4271
4471
2448
4972
4908
4887
5655
4984
3803
635
5883
5873
5872
4872
7447
5153
5549
634
7027
5547
6911
7116
6571
6955
3797
8037
6572
7886
3796
889
3796
6953
6496
3803
4877
585
4027
4411
5975
3802
6195
5215
4430
6192
4430
2051
4445
4446
4375
6128
4821
4816
1546
4544
1546
1564
585
1564
6801
496
4025
477
1347
2892
1816
6123
1640
5876
1332
1294
1289
5877
1287
1354
6123
1069
6836
2924
1294
4560
718
6122
4563
6386
2021
3489
4609
4210
579
7030
6142
7021
706
1764
3396
918
1134
3392
1658
4801
3488
841
1721
4210
6883
3616
6974
70
70
3261
66
3628
3628
1916
6434
3619
1376
1515
1207
1335
1447
77
4991
1916
4983
599
5171
599
598
4157
4152
5702
4175
6110
6106
7641
7639
3465
7639
5171
3477
6602
6433
6401
6445
6445
7994
4181
5332
7229
4178
7635
6435
1207
2791
3526
2387
376
5905
3621
4420
5277
6433
4266
7230
473
1779
5990
333
4220
4176
6763
828
806
4266
3380
1936
273
6435
6546
6546
7236
4006
874
6435
3819
6759
1779
7418
5120
7595
7419
5788
5331
3508
928
7470
840
2563
5789
2879
45
7675
840
7677
7393
6425
2876
2080
2115
4141
7970
4216
4219
7677
4718
4141
4735
4714
4707
2892
6966
1580
8021
8007
664
6923
1581
1591
3281
6465
6465
3148
4396
298
322
4072
4391
2014
6438
6471
6411
6409
7949
1591
79
6095
8015
2806
2806
7175
213
7248
1545
2979
1545
6094
5523
4028
5327
1013
5325
5117
5775
5055
4136
4937
4729
5775
3756
5772
5770
7678
3757
2262
7678
7247
1664
7405
6563
2583
6944
6541
3960
3960
4657
2894
7766
8157
253
3501
8136
7562
8136
2982
5318
236
3495
3495
2982
6604
6595
1997
3492
1664
7152
3495
3963
3414
3130
6093
3415
7152
3597
7098
3479
3818
536
1145
1145
7831
27
344
7173
46
7523
6670
537
49
5980
6095
3470
772
7892
7926
1898
7815
1791
5976
3005
1972
1791
3277
1954
5002
2188
705
5184
852
6321
5055
4560
5047
5055
1170
5046
5047
3671
3679
6540
6542
3678
3702
6321
6082
3708
3794
6461
6448
1835
3671
6091
6091
8049
6065
1830
972
6599
4198
3469
7776
6075
4279
1767
4235
1814
4145
4104
5188
3875
5550
4270
6063
1781
1780
1105
1107
3671
1113
2747
1664
3632
6447
1776
970
1788
6447
3578
3579
5049
4531
1391
4832
1391
4750
4543
7127
7121
38
7119
7132
7144
5868
5863
7834
5860
5862
562
7436
562
1390
6781
7289
7711
7708
1005
4542
2331
2410
2418
4934
7783
2483
393
1777
4827
2766
2762
2752
2734
2724
1390
3315
1217
4843
3281
1131
4393
6803
1667
6770
1327
2186
6635
8022
3314
1217
2191
3536
3280
6166
3007
3068
3008
1040
6153
1040
6383
2199
1510
7784
4804
4274
6584
8054
7811
6353
6679
7823
7823
7964
5118
7811
2166
2186
6363
7747
7810
4402
4524
4838
6576
7980
2164
7990
1863
6565
2644
5942
5707
7784
5012
5698
3222
5013
6087
351
4997
5942
2554
7794
5009
5052
1835
5013
1834
6180
1855
5044
1481
1522
1695
1735
4845
6631
5550
1324
6330
1333
6038
6354
2359
1317
7143
6183
6630
2865
7847
6629
3902
3892
4463
6537
5190
2410
74
450
2795
4463
4463
7529
4314
4679
7530
6506
2843
6296
4255
6313
7449
7445
6277
6299
4463
2194
5035
5537
6863
2367
2252
4811
2190
4027
5028
4027
2192
2787
5637
925
5735
925
4433
7787
5028
1978
4811
4406
2231
2604
3043
2554
6018
6039
366
6032
5536
2231
3474
3199
4836
3475
7802
7800
3173
3121
2936
4386
2677
2938
1046
1045
7194
7800
7156
480
397
3309
558
7155
1005
7709
556
93
3849
5542
480
2559
4089
555
1037
4392
1951
7734
1150
2557
1690
4089
6036
1946
1062
4088
4378
4946
4088
5620
4965
6036
6037
4382
7341
4790
2341
6631
3371
3361
3383
3381
5690
2698
2410
5778
4385
5784
5110
2698
5787
5787
5777
5781
7078
6285
4873
7943
7282
5748
6037
4350
6027
1338
7747
4350
7936
6629
6377
5013
6630
6386
2417
4009
6631
6967
5042
235
4351
3868
7473
235
4072
4000
3589
3978
4040
5816
3965
4018
2350
3610
3613
6979
3613
6727
5813
4680
5817
2989
2276
2416
7750
577
4351
4206
577
1468
1794
6018
4207
6899
6763
6581
417
60
1051
425
51
3923
3923
3919
50
1345
1814
5987
2458
425
6151
8179
8179
3989
3451
2728
8183
1810
1720
5365
5365
4985
4458
4985
4826
3243
4415
4397
889
942
1794
4073
6743
7016
2361
3239
6245
3243
6994
3197
3099
6994
757
6277
7069
1941
1941
2361
2381
95
561
7515
565
517
2551
937
3419
3481
5477
6095
3416
7094
5477
5925
5950
5861
5673
61
5951
7016
3425
6894
7140
7313
6956
1524
430
5471
1886
5466
6486
5469
56
2570
7307
447
7666
446
702
7142
1270
2544
455
7596
1525
165
2869
7084
151
2145
2146
2672
7141
279
1274
6260
462
2871
4692
7404
4214
4116
6271
6725
2572
2830
2838
2665
5192
5192
7799
7269
3995
3992
727
4080
7786
83
7174
88
7266
3972
83
4576
3441
1639
272
4576
4579
7716
272
3972
3423
7719
7181
7716
3972
870
7424
7425
6322
3993
3079
201
201
3111
3106
1648
7790
1438
7054
7425
7781
133
2115
1650
136
530
2115
2364
7424
6096
6096
4164
2678
2975
6096
458
6779
6814
2644
6782
2506
6781
4165
3097
444
4551
1205
7321
1204
357
1206
3969
6422
7321
1998
3693
459
7809
7751
1998
659
5872
5660
1342
7752
7966
1342
2442
7947
8025
2442
2442
7012
2454
4333
6276
6101
3992
2346
4332
3923
3915
2122
3933
3102
3291
7824
2918
7827
2347
2926
8082
7347
3997
7379
470
3991
2919
459
8080
3103
672
1811
646
1858
7444
7462
1858
7557
1858
2926
458
6101
4566
4553
658
4574
659
6057
5542
3991
5601
5606
357
5542
2884
6100
2301
6100
1429
1422
3668
1139
1450
440
4597
2035
1138
2035
469
5039
2023
1867
1867
7252
809
5493
653
619
7103
641
7249
7087
2884
1514
1055
1410
1054
1631
1273
1631
1277
1418
1048
1647
853
1631
7366
1631
3782
3780
7315
374
374
6637
838
6637
175
228
1641
6452
2784
6454
1253
5189
5225
1241
1246
7502
7502
2236
2222
2222
4358
4359
3714
4368
329
967
3726
493
491
6946
3879
6955
3507
3722
6539
6534
7219
6379
7507
6316
4187
7665
720
115
5671
723
2425
732
3490
7507
2297
7185
3410
2202
2259
2302
2221
7878
7895
7185
2413
2257
3806
5361
6977
2613
7495
5816
6851
7066
3806
5986
7184
4271
2247
4270
2267
6948
2281
2291
3740
5217
2272
6831
6839
5253
1466
3595
7306
1368
6948
5219
3823
3749
2147
5221
6343
7601
5023
7647
7677
5337
391
4884
2146
8148
7974
5391
1367
4975
6586
7288
658
1866
6703
473
510
795
6173
1866
5390
5221
3805
6172
6402
4172
4920
4920
5248
4255
4961
7185
1512
1512
6878
6872
7352
2077
979
735
7359
251
7359
6324
6325
785
785
5581
6051
784
7558
4929
4913
6670
4986
5781
784
5834
5068
5810
5877
3006
5005
1185
3752
177
3724
5116
7006
5116
7866
7868
7825
5019
6254
6009
5991
5679
4485
5967
6266
4407
4353
4352
4377
4459
6490
6979
4584
6990
6978
4162
6991
711
4794
2068
6991
3593
863
4031
6490
4693
2104
1338
3752
2336
5812
5879
5869
5802
6786
6784
679
5868
5815
5402
679
5325
2295
3604
2267
1709
4630
4691
1989
1987
3606
2295
4863
6709
3753
984
5482
1989
7919
2452
4861
4319
2451
7664
6752
2446
2545
7175
7564
7497
2483
2557
2508
7912
1509
7909
1868
4028
1307
3586
7428
1550
2558
2493
4494
2492
1550
7758
6046
1868
3583
3543
8124
7727
5578
3540
3541
2158
7502
6406
5559
6455
6552
7508
7206
7447
5912
5901
5901
2559
2221
2158
4796
4841
7620
7577
3277
5558
4798
4844
4777
5244
5273
4773
4387
5272
2489
2947
6062
2263
2951
6130
5915
4502
6041
7636
6551
964
6847
6904
6791
799
925
5409
1675
4501
7815
1996
7166
7161
7160
5413
6721
2060
2775
3708
6794
191
7431
2141
2179
2059
2179
6290
6799
6178
191
6904
6207
3562
5735
3134
3112
7431
7179
1040
6790
7179
6857
2641
7441
2932
798
5581
635
7429
1690
3579
1049
4238
1121
6522
5234
1053
5495
1859
711
6417
1132
5235
5529
5376
6289
2319
6179
762
6288
6289
7974
7429
7322
6782
7366
6809
4795
4195
4115
4114
4510
4136
4112
989
5122
5466
432
748
3939
3750
2943
6809
7722
2311
2471
2943
6800
3167
7183
5130
5172
3138
7842
4972
5249
5181
5229
4972
5157
5614
7887
3727
935
932
6800
7337
933
933
577
7348
711
3448
3413
163
1579
6192
3437
3431
3431
1586
6736
5738
2051
7477
4744
1935
1026
4791
2968
4784
2116
2439
5741
2318
2341
8051
2034
6983
1071
3591
3982
3114
3971
3836
3837
3071
2957
3115
2249
3113
2684
3115
649
795
2756
4741
2250
3113
7476
4641
6437
8057
6740
5773
7179
6437
6740
6733
6733
922
6450
999
6431
3136
953
789
3305
3136
5772
2680
276
7137
7137
5614
1278
2952
2904
7908
2093
2092
2963
3943
1938
7777
2099
1978
1073
2090
7926
1143
5194
309
2953
5134
5244
1070
5212
905
6411
906
1137
1921
6451
3808
3811
5214
1930
944
3813
3811
3943
1831
5795
7144
5790
6918
1140
6494
1951
6476
2441
4168
3389
6419
6469
6427
3973
5176
5487
5512
4236
1666
1113
1950
5695
3625
3980
2438
3391
59
5009
7876
4673
6715
6712
4925
5242
5460
7991
4548
4925
2050
2054
7115
7119
2553
7149
2063
2062
7094
7040
5866
2063
5809
5101
5073
6644
2552
2226
6646
308
4516
6926
6924
4183
7857
2209
7863
8115
2423
7707
5956
5941
6443
3376
5981
5957
1187
4547
3662
4019
4018
2744
5413
2781
6009
4419
4418
8113
6788
3527
2964
3570
305
3196
2172
5927
233
488
4999
343
3064
1839
5557
486
2419
5539
4999
5931
1543
550
8066
339
4947
4949
1543
5991
4950
4794
6806
4454
6105
6807
4495
4451
2734
4418
6806
7982
3620
2718
8111
6806
7975
3621
397
5001
260
5713
5001
2735
6084
1871
348
1543
6717
272
6004
1853
486
1574
1561
1726
237
234
1696
2175
6090
1636
1662
5991
7515
6930
7507
6998
82
6913
7171
7020
4158
4145
1563
4420
6197
2735
5381
323
6198
5966
5958
314
2734
6618
484
2851
3759
3369
85
1041
211
3369
8123
164
6608
3672
2780
1637
1637
1533
6829
8103
2819
3494
6093
2818
2683
6093
3463
3433
1458
3494
5469
1154
3442
3444
3379
2467
4654
4771
1186
4589
1153
1153
7949
8000
5469
1309
5485
1108
7948
1612
540
115
613
526
1611
8157
104
4946
4967
4967
2228
1267
2951
7149
5485
8118
7091
7560
1942
7579
8040
5346
3405
3688
8121
1841
1796
6643
4133
6640
2190
1097
4843
4871
4866
6439
4842
7244
1708
4842
2189
4469
3187
2225
6471
2209
7091
7065
1135
3187
5030
3430
1714
1943
7716
3864
989
1144
5031
5200
3265
4318
591
5506
3851
653
7106
3436
3867
7155
6641
4003
655
1892
1219
8103
8174
4019
1239
2165
3847
3897
8034
4494
8055
3767
8057
7781
5138
7127
3725
3725
7039
8100
2850
6643
3346
6643
4530
2715
3354
2564
2990
6609
2564
6618
2165
1411
7375
4981
2228
6265
3161
3161
7501
6465
7028
2615
6003
6215
5417
6482
6406
5002
2194
5091
73
6482
4717
5079
2177
1708
2176
2192
2194
4643
4355
1316
1287
5722
723
1014
5726
5717
971
1150
1148
75
2383
53
1067
5717
971
2835
733
1014
219
2599
5987
4883
2248
399
119
72
3854
5018
550
935
3139
911
952
1841
3339
2249
3400
3400
3409
3138
2127
3358
5677
789
5328
5661
3358
4887
7544
2577
7348
7413
8087
7407
7406
8080
7513
5569
2127
788
4311
7802
2135
1310
7801
1333
1109
2606
1088
1108
1373
7547
163
240
226
2606
774
901
2672
2887
774
2938
6939
5835
3858
4229
4254
7783
4111
147
7534
2769
7512
3859
2691
2569
3747
7500
2491
5380
4107
147
3933
5299
2126
5180
3935
5381
5382
147
1019
367
2226
459
4405
497
761
4405
3485
5429
2067
3482
3486
6166
6409
4771
2068
6164
4677
5328
6410
4808
7287
4223
5481
5497
2127
2882
4188
6363
7010
6006
7008
6899
1266
4185
3511
4189
3351
4171
3232
3007
7558
2847
2887
1276
7995
3770
540
3257
4370
1219
4149
8040
4387
7803
3207
3567
6949
1516
3618
4386
1216
7333
7335
5070
3617
1510
8055
1419
3046
3622
6688
2034
2455
2475
3949
6688
5
3968
2439
1881
7755
1506
147
2803
2837
2839
759
6949
2836
4578
7133
2837
2127
7169
2367
7169
972
3349
3783
3783
7818
7867
3783
7824
4432
7686
2469
2455
7709
7414
7698
4706
6577
7396
972
3782
353
3782
200
6764
658
2845
2845
671
2844
142
671
195
703
7535
7624
2844
7743
979
6949
4371
5852
6056
7707
7450
5459
4465
6870
3851
6990
5488
7704
7736
7741
4736
7098
4737
4736
7095
4546
7099
1680
3009
1322
1909
8055
1744
3015
2102
221
4737
382
222
380
3850
2474
3532
7604
5405
3551
2279
7550
6098
7447
6829
6818
5693
8008
7951
7994
2279
357
6104
3301
6107
4081
175
3680
52
3852
173
5211
1315
5199
7292
5159
172
4554
4321
4555
4555
4331
3307
1904
1315
1890
3097
3146
3693
552
3853
3114
4552
4596
4596
2946
2984
3307
759
720
442
3307
120
3304
743
6283
19
56
1497
568
6950
5739
1497
3961
2957
5929
3479
3877
3470
6283
5730
3126
7903
7903
3120
2959
2226
6951
2889
6238
7354
5671
6236
6283
2254
6283
2296
1342
1357
759
6903
6885
6911
6831
2889
6236
1728
6591
755
3658
5977
2767
670
714
5768
2254
549
2619
7649
5977
438
3384
423
7488
2619
423
233
4987
6698
6805
336
5560
4384
3466
3935
953
546
987
518
6820
6820
1486
170
209
208
208
208
4384
311
4824
2197
5506
2781
5504
4987
3659
310
3659
4340
3401
1318
4556
6584
6576
991
7018
783
6906
309
309
4131
4935
3120
7492
608
7214
4158
5620
3123
5592
8161
4229
351
3122
336
3487
6436
6443
3489
2306
2815
2379
7813
2379
4154
2378
6493
6897
4131
4906
2379
2378
4986
4908
5868
5496
5404
5483
5407
5480
2379
123
7508
7587
873
5202
123
4347
4481
4484
915
5474
5474
914
3792
4365
3709
4799
2969
2897
2897
2151
3697
4350
3787
4781
5164
3935
4185
4645
4725
4714
606
356
2094
2055
4722
712
4725
942
255
4724
5881
5841
5883
4882
1792
4879
1261
4344
7371
1547
5174
1547
5172
4351
255
4416
4609
4609
98
647
98
1977
1572
645
3586
3586
6522
2480
686
2556
4410
7407
3263
3089
871
6005
3164
7516
7610
6007
1425
1508
1795
1424
1795
7064
1766
4413
5286
1766
1079
5418
1922
6940
4875
1570
6115
1575
1751
742
1571
1345
1345
7291
7295
3162
6736
1630
6763
3478
6564
4758
6340
6932
1884
6455
6354
6508
6967
7529
4756
7529
7538
4403
7630
120
4986
7582
3816
4987
121
3816
3581
5271
42
5292
5267
5299
7289
4759
6073
6079
114
2663
818
7291
6639
1542
6537
1611
4300
2866
2876
2853
2851
2579
4241
2625
4002
6960
4205
7278
4193
4403
5536
5510
3750
7294
3733
4001
7291
4038
5351
2233
6698
5349
7287
7965
262
6551
4798
8181
8188
1047
2991
7291
2641
2667
1047
2640
6538
5211
3939
904
5208
4038
866
466
2673
3274
3867
3841
3951
6482
7265
6510
5510
7288
7520
6156
26
27
3509
4753
7510
6161
3510
7512
6963
793
261
7714
7806
5550
8163
5559
881
5898
4301
7027
5208
5551
4102
7757
425
2037
2515
2041
7757
7806
625
5130
1362
1456
1357
2038
5878
2036
7817
2036
2037
7399
2037
2038
2038
2090
6507
2091
2091
7151
3951
7407
7664
2551
5072
2461
6223
1364
1363
1775
2507
5077
2262
2263
7009
1298
765
2016
1827
6674
7463
887
2263
160
3497
3497
2535
2078
6223
1817
174
4260
2111
7886
4260
3680
939
3943
5911
3980
4039
3993
3835
3047
3051
5761
5690
3054
4751
8141
937
2111
8015
8015
6732
7412
1300
6733
6893
6734
6891
5131
1594
6992
6792
6975
1595
1657
7153
457
1622
796
894
808
7902
2110
2614
1303
614
5008
1808
7098
5019
3181
2615
2188
6211
1887
2024
12
2110
2905
4534
5209
4203
1513
607
5205
7714
519
6585
601
7068
2188
11
1513
7068
516
6585
3924
3926
3927
4294
3924
3926
3926
4294
5000
5001
1169
4296
4097
5406
5485
5465
807
5454
1669
4883
1104
1181
1961
3664
2771
1513
2691
2628
3664
2689
5027
4687
5052
1620
4681
6432
1656
7027
6393
4880
6719
7030
5343
4698
5812
1624
5771
5791
8111
6413
5800
5342
6902
1624
366
6969
6927
4103
6063
1163
2185
6711
4101
1152
444
7701
3429
1790
1791
3433
4002
3706
1790
1790
5667
2542
5678
2543
5633
8110
5894
3581
3940
813
324
985
1795
5637
1420
1928
6518
6518
6515
2348
3037
2359
2345
3031
2339
5737
5357
5799
7688
4415
4129
2422
4277
7276
1280
7939
5734
7937
4956
3305
4982
3886
965
3275
3278
6513
5734
4574
7984
4519
7516
7517
4390
3067
4481
7983
1008
5354
5963
1605
5646
7377
1014
5179
4364
1604
1551
1557
5355
1871
8095
1888
5734
4364
1012
1733
1661
7330
5354
2025
1725
6381
7992
7992
6348
6350
4570
7592
5585
7750
7665
7211
6766
7201
7456
7751
6773
686
7968
4112
4186
4501
5385
1057
5499
5536
5150
7969
5216
5361
6919
7744
7746
2658
287
7751
6767
7755
7754
4480
468
1562
5802
5037
2722
1828
5003
2580
4480
6812
2807
7456
7672
6812
2489
2247
2246
3022
5585
1982
2029
4734
7948
1400
6144
7951
7946
2303
7950
2303
1401
2081
2129
2092
6969
4598
6330
4594
4598
4564
4564
4433
4435
4434
4434
1952
1169
1896
4313
1890
1891
5585
3458
1956
2394
6171
2368
6209
6208
1054
2640
6215
2937
1201
6053
5584
4310
4272
5568
4821
6171
4082
1959
5956
1974
435
1143
1671
1677
452
6171
4891
300
1980
4621
5076
4913
4232
3390
4789
3353
3353
4082
1792
1058
1083
4339
3416
1027
4974
4876
4914
4875
4884
5818
7104
432
5818
4083
515
4083
3744
6742
4351
5804
5807
5807
5807
1411
7999
5269
6250
6781
2707
445
2712
7363
4399
4399
3762
3238
3689
1722
4029
4312
4022
4021
5821
5815
5830
4305
5803
5859
4343
3238
8185
3429
5595
3835
7695
4034
7295
7387
3817
1079
3502
5484
1756
5165
5163
1532
4043
4484
1472
4056
684
707
3365
6741
3500
3907
728
6951
6690
2300
7001
7493
3123
3429
3563
7202
5268
7200
3127
6169
7051
3587
3656
3121
0
683
5484
3596
3703
6
5343
0
3561
7
7
4347
7
815
8171
3257
3256
3228
7063
8165
237
195
815
351
4880
239
2728
6364
8165
6826
2324
2626
2324
4180
4973
4961
8173
943
4563
5152
3503
3453
3450
5979
5934
6827
5935
6910
5762
5567
5926
7442
5248
7454
7449
7547
3694
5259
7499
6588
7251
5565
6908
4961
2673
5424
5432
1997
3577
1126
3679
7899
1101
1108
1083
1105
2518
3577
1267
5230
1934
7173
129
7899
2822
2829
1933
7165
7211
1902
4131
2615
3737
2591
2827
7168
7899
506
974
7166
287
488
6731
1902
3232
3737
80
6032
7105
5460
7714
4872
1195
5468
3233
2820
2753
7899
4627
5296
5411
5490
1403
81
6355
6898
6911
3739
386
7013
5376
5297
1828
1945
4973
4287
4248
6356
4243
4296
6356
6428
4280
2862
1195
6126
3044
5376
525
527
6608
4637
7324
7745
7748
7691
6779
1120
6353
871
6962
7699
4661
5148
1689
2223
2220
6880
3547
1429
6888
1511
4797
1439
6757
5940
2015
5939
4784
6894
4747
3982
3838
4642
6892
4669
7798
7789
2731
5465
5068
7807
4998
4966
7269
8024
8030
2731
2004
4587
6223
5889
6888
4586
2212
4587
5888
4587
2300
7327
5104
6450
7874
1234
3839
4969
1271
4969
4968
2300
6419
3290
242
241
4522
805
2340
620
5142
626
2459
2338
3282
8088
805
6257
8080
2450
2450
2793
7571
2823
2793
4566
2621
2796
2819
4077
4079
5193
5612
5195
4197
4339
2799
5467
3058
6892
7895
2164
6763
2796
5021
4556
5020
5119
4537
5020
7266
2796
5142
1455
4531
6988
1991
3572
8074
1448
3729
4996
7103
2621
2621
2928
8014
2005
8041
8038
352
7563
2620
2909
502
2783
6124
4144
3667
3675
4502
7102
876
4595
4688
5621
3867
5609
3792
163
165
165
1573
6612
7421
1873
4996
591
4996
4992
721
571
883
20
3413
3589
2582
3039
916
3793
4632
3004
6357
3067
341
4225
639
313
6823
3896
3964
3967
4225
3899
3589
3785
6456
6457
3220
6903
7900
7901
3785
7910
2002
2004
3272
7496
1593
3359
6932
7168
7223
1599
4505
7518
7423
6822
6724
4402
4418
7423
4192
4361
4423
1511
5323
6921
3420
3041
5694
6921
6843
6842
1349
1373
3588
271
2883
787
628
2247
3588
4907
6823
4078
7210
3414
2254
2292
2258
6801
825
6801
6909
5466
5561
5516
580
5455
7163
7093
924
3099
584
7163
7163
1329
1517
7163
3817
5103
5271
6259
6240
5907
7441
7095
7093
5089
5078
802
858
3811
6883
3811
794
6292
6287
1713
901
843
7095
3802
3519
7095
4973
533
271
5608
3842
3471
6857
6901
1471
4387
7571
3071
6901
3345
3373
8135
8135
5871
3414
5865
5871
6669
6710
7553
6534
1415
7868
7038
7113
4382
3415
6823
3032
7420
2201
836
4898
834
5423
4535
4508
5423
7563
7509
7915
4354
4406
4753
7491
920
2072
2862
2076
5973
5986
6510
4484
2071
2193
2071
7421
1276
359
359
1272
4702
6478
2105
824
825
815
808
812
811
4519
6059
7186
7915
109
3230
1921
108
33
2854
2885
6256
788
6373
3231
7138
3793
6059
1958
67
565
1176
968
6372
7203
6925
6059
6980
699
3263
3263
3260
3260
1215
1455
6057
1424
1211
185
1381
4844
7869
4853
2715
682
1273
186
3356
1154
667
6557
6471
6444
6524
7915
7434
7520
7534
7619
6939
7634
7638
4823
4016
1167
6783
6783
4018
7679
3529
3124
3565
7679
5241
2294
2294
7720
7759
7721
7725
7711
2536
7206
6092
5965
856
7231
861
7228
822
699
88
481
7206
193
4752
2514
699
7138
2898
476
4822
2519
4035
2618
7162
7162
7165
3754
4779
2072
6129
5691
5299
969
2742
6129
4799
7777
2985
2055
3080
3000
8028
8001
2988
2268
5239
2269
6517
6877
699
8183
8183
5239
2924
2098
2345
6785
7756
1421
6369
6340
5689
7800
5902
1420
8146
3290
3696
8047
3562
6604
2167
8047
7437
4771
6486
2167
4196
6167
4135
4823
8086
3567
1729
3686
7216
2444
2446
7304
6871
1748
5558
5308
5352
5149
766
767
6868
438
556
3081
3030
4726
4713
4728
7952
2287
5975
2455
2463
3095
6278
3104
7954
2639
6286
4837
3000
8078
7940
1204
3651
4130
4835
7975
4128
4164
4164
3020
2462
1826
1936
2639
1887
6314
3016
5281
1996
2547
1996
7659
8035
2459
245
4821
5175
4218
2463
5138
1804
3603
3970
7499
932
941
3707
4820
3437
3434
5006
3449
3645
3437
4742
3052
4791
6854
5767
630
2475
6866
6859
6771
6920
2710
617
2488
624
783
7658
774
6323
4404
6838
1019
472
6323
4778
7903
7898
5127
2490
7898
2888
3767
6852
2973
7565
7210
2886
7211
1753
7104
1752
373
3774
533
7651
5193
4493
6470
7869
7106
5187
8026
3617
3287
6934
3288
6467
8027
3791
3618
873
1959
2635
1925
1179
7204
2001
1078
6124
611
614
6521
2034
6627
6492
609
5365
7646
4510
4752
1959
611
6041
6041
5311
1067
549
5308
1486
1151
1057
7661
611
1058
2772
2457
4719
6729
4999
2048
7351
7401
7418
4755
4711
4634
7933
1157
4020
3237
4094
7123
2130
5867
5867
3236
7869
7869
5940
6628
5765
5104
5763
1764
5011
7426
4992
3849
3845
5275
4746
7549
3347
6520
3347
5024
4746
5024
5186
3667
5219
5186
4747
5185
1249
7203
4017
6887
4405
7151
6887
1881
4955
5362
5783
2655
1077
4404
2441
8083
2945
7186
2454
5362
3015
6521
5139
4200
3612
6020
6367
4139
5147
3382
2510
7363
2945
6367
2946
5111
4602
701
7032
5468
4161
5890
7035
8082
2211
6723
2956
2211
5889
6328
5300
1483
8186
1904
4843
4843
1822
1796
1485
1485
1324
8129
1794
1483
3300
1611
1474
1483
1576
2412
2390
6323
7321
8083
6311
7321
7209
7197
6722
1082
2719
2390
7915
2390
7703
2719
5380
4140
2719
5291
1248
5324
1315
5225
2707
6487
5225
5134
7581
7581
756
64
1072
5395
5888
6480
2214
688
2208
1077
5048
2279
2861
6487
365
1842
2622
364
7472
1841
1074
1154
3647
3125
3048
2999
3029
3647
7166
4299
3758
4601
7614
6217
7137
3422
4275
6804
6804
3125
6858
947
4261
3124
3124
300
6330
2319
3370
6331
7201
3907
3504
2519
1768
819
3482
4591
1548
4711
1549
4832
2788
2702
819
171
2809
1776
1054
1053
257
1251
170
4966
1044
3086
55
2970
2963
54
4966
1967
1960
4093
2785
1952
7177
1937
2784
7667
2970
4883
7170
4915
4902
2246
2184
3716
3762
2815
2212
1059
1024
1076
7667
7308
4092
2138
2754
6690
6714
6719
3305
1605
4323
4322
3021
4468
3548
7011
1412
6284
7428
3278
3570
3020
7428
595
7311
8009
2330
2993
6164
1815
6165
8013
3567
3692
8123
8025
8122
5838
5863
5877
7483
5842
3520
2993
7694
7691
7794
4390
7497
558
4391
7498
3530
1509
1328
1752
3450
3455
7510
1190
8120
6959
6525
7972
3611
6952
4030
2329
837
839
187
4896
7153
6249
190
8127
7155
3363
4896
3058
3667
3688
3591
2329
3690
4814
4507
4169
5163
5163
7972
6860
5167
1775
5605
6070
4523
6071
2389
6061
5458
492
727
315
2388
347
1429
290
6863
304
4175
563
875
6766
4914
3298
4914
2702
6764
6468
2713
6468
1084
2722
2795
1011
479
976
521
875
1085
4159
405
6491
567
2395
7938
1436
4077
3391
3210
3755
5682
5682
5683
5948
5949
7450
7445
4660
7204
171
5570
110
6502
7872
5521
1518
1474
5680
1625
1229
683
4074
1343
1136
1056
2380
2380
1097
692
2151
1030
222
1203
4625
5632
4892
1203
692
693
2567
2681
2151
6691
1202
1620
1202
5491
5471
4626
5470
4285
3363
3383
2629
2486
2583
2639
2654
553
5375
552
5357
1621
5965
236
475
472
236
333
360
112
7207
3975
112
3994
3785
4895
5632
8168
4802
5335
6925
7207
2905
2922
4890
4130
7013
7034
5513
6924
2701
5513
5706
6891
1963
4489
6890
7115
7115
3793
7888
3797
3583
2366
3478
2119
2149
4514
3515
6188
1439
2121
6900
7877
1428
4480
596
1422
6191
4687
4639
4611
597
4696
5724
597
3590
3704
3591
8043
7788
5723
5723
2666
7268
7612
1437
3382
6483
6246
3145
7613
2631
5788
6376
2638
2624
5790
6072
2637
3370
7586
601
3091
7597
1064
600
7866
3300
1067
3277
5375
1138
5375
7957
1064
1830
804
3465
1831
3463
3459
810
6179
7084
6207
691
693
6186
8056
7598
6184
7601
7660
4493
4132
3144
4529
8027
3300
4247
4318
8172
936
4291
3144
662
2344
983
4132
7226
7227
1507
4132
2667
1526
4220
7581
4247
4122
596
594
7922
1518
6373
1433
1433
4133
6372
4371
4389
4388
4388
4388
4316
1869
6570
497
6549
812
2739
2758
6570
6563
7765
5215
4528
6544
1020
4287
4332
4424
1864
4425
4424
2540
1789
2496
2183
3298
6077
1571
7816
6077
6077
6076
4205
8189
8188
3028
2183
3109
4412
3109
5990
5989
367
7297
1587
478
1661
292
3297
4020
3963
2383
4058
3859
4062
3605
7303
7882
7882
2769
7332
6761
7909
8098
7908
6722
3602
4150
1585
111
69
960
2170
7207
6194
2175
3061
2983
2771
1586
1446
3751
638
635
6722
3095
593
3098
1541
4536
7454
3751
973
6766
7612
1386
7578
4960
2149
3397
4960
4687
7296
3814
1351
6827
6203
5826
5527
1844
5577
4238
3828
2237
5467
2239
812
509
8053
1818
7587
1864
5766
1386
1864
7875
7875
1384
1385
4085
2906
2377
4072
2386
416
6221
702
747
666
1726
6497
7576
4698
7565
2435
6068
5185
5599
7053
1718
6483
3003
6391
6385
3683
6388
7031
7031
2146
1738
1337
1320
6383
6390
6391
2111
6387
5303
6388
6099
4207
1922
1843
5303
5203
3901
1901
7050
317
307
6046
6125
317
246
1911
1910
306
2612
1081
4268
7479
4269
3571
2109
3861
8167
265
5834
8167
5777
3272
5750
6346
2613
1838
1414
1414
1838
1838
2243
2900
587
2886
2243
6650
3053
2025
6648
3483
310
7987
593
2440
82
2440
7320
1877
1877
752
7984
356
6561
6718
7464
7711
1285
7044
1430
6945
7740
1448
4845
4825
356
6965
5836
6067
8186
576
539
6057
2715
513
7825
3244
3842
3497
5837
6438
6431
55
210
210
7782
52
52
7914
3545
3534
3523
5784
5042
5055
5784
2754
3534
5196
3245
5436
890
3426
5226
570
2715
7819
20
7543
6114
2679
2643
845
864
832
845
6855
5429
3887
7427
5728
3877
3826
3237
7549
3110
3467
3445
2652
3761
7034
7009
3445
6762
7614
7787
2760
7044
4964
2435
2510
2575
3744
1854
8167
2050
1852
2823
2058
3448
7960
8034
2819
1861
8037
5733
5640
7047
2834
376
5653
3426
1666
2540
3443
2522
2824
2816
602
5732
1238
3083
4982
364
3115
7408
3283
624
3539
3477
3845
1239
6564
7415
5729
7575
6204
1601
6153
2965
2891
6151
6204
6204
3426
2004
2891
8174
6687
6813
6811
3501
3426
4510
4166
8160
4283
7414
1445
6960
1237
946
2236
7331
2225
1399
1362
3947
6848
1236
2611
3289
7833
6849
7832
8163
7918
3284
1190
7150
7150
7827
7056
3116
2787
2790
2726
2786
5822
8046
7885
7491
3947
1527
5828
3563
1432
7240
7329
5662
1843
2220
1068
7580
7885
1075
2223
7452
3563
4503
2712
1186
4489
7559
1076
1191
1190
7633
1188
1189
2969
6862
4450
6179
4399
7731
4395
8047
4398
8046
2071
3404
2271
5876
4919
3666
4915
6857
3501
7491
5145
4452
4796
5158
5120
7199
5059
7302
6821
6862
6771
6913
7114
1659
6496
373
355
6474
7114
2448
1787
7896
2980
1787
5358
6014
2910
5878
5962
4476
5002
2610
6142
5786
1571
1730
21
3490
1663
1133
6923
1854
1126
6684
4258
3819
3720
1369
1367
1036
3000
1607
1618
6402
1115
3003
7603
6525
6550
1920
6571
4170
7490
1854
4297
7205
4849
1596
4851
4285
7669
1979
6331
2751
7554
7531
1924
2560
2356
4477
5107
2630
1173
38
8073
1899
39
1173
8087
7420
1899
4118
4101
5507
767
6219
7526
7079
7035
5898
345
5891
334
5899
5907
5909
7529
6863
7035
5400
6842
2629
7228
7262
7261
7330
982
5337
7260
2217
775
3455
3442
3433
3455
2238
488
3950
4004
314
94
5301
111
5299
1433
5300
95
6953
997
1432
2655
7323
2908
2654
1807
323
188
1827
193
333
3041
3044
3111
1173
299
1172
6659
1172
2405
4207
4214
188
7143
93
7673
560
7578
7336
7339
4941
7350
3415
1077
3217
4939
81
3409
80
4503
4198
7440
4503
6018
8092
123
83
7142
8142
4292
5659
5687
7405
6142
4292
7545
4316
1537
4299
1280
1539
121
1829
1831
1831
1829
1829
596
1676
7396
597
1678
7883
4260
21
2404
6311
3149
91
6307
6317
7225
6907
6907
3139
5541
758
7433
758
3085
5538
2322
1508
4414
5229
2161
3138
1782
5318
5252
166
6165
1508
1782
120
2013
6952
648
7109
5039
4040
6924
4067
3100
5033
4277
3141
4040
4058
7481
7480
7480
7517
4062
4067
4061
3582
1289
1282
1783
6938
5657
1789
7015
7015
2351
3047
8133
680
2009
2533
677
5428
8151
8151
4024
7164
683
7682
6042
6112
6112
2357
3196
2941
1813
6047
3576
4253
60
5941
4748
5325
4024
1555
3921
3920
1874
1552
1554
8076
3670
804
3121
4025
2103
805
7564
1982
3171
7565
4875
4829
2280
4710
4704
1083
4829
1144
2320
1144
1169
1833
2700
2757
3677
3677
6172
3706
5727
3259
666
6487
2251
2192
6497
5338
6441
7481
2202
667
7989
570
6761
7989
4798
1775
1774
1774
2203
6191
1900
6187
3543
6150
1900
4012
4000
4007
3539
3542
7799
7798
8175
6674
1360
1360
844
2343
7837
876
6761
877
7939
7750
3251
7836
1468
877
7805
7574
2584
7574
3512
3374
1635
8154
7999
7988
7805
3506
5163
7610
3506
3378
6877
7611
7514
7610
6203
6191
74
8159
75
6210
7754
3470
1635
3662
2595
7184
1909
2659
6906
5944
1908
5653
5106
5687
5746
851
6013
1898
5045
1869
7770
2161
5011
5015
8073
8072
6906
2818
2372
2662
1252
7015
2531
7015
6735
7139
1214
1214
1895
7719
7205
7239
7220
7224
7722
5166
2219
6719
3498
3405
6275
1628
2983
7734
6735
6734
6312
5760
6308
7583
2085
2216
1275
7444
2983
7583
7642
2065
3699
3698
2134
6070
5607
6302
4482
1515
4513
4482
1053
6319
6734
5621
106
5356
4513
4328
7574
367
2519
363
5357
4241
363
4337
5571
5519
3471
5470
2835
2322
2579
362
2736
2532
2618
5937
361
7575
4590
5136
3874
4590
455
263
364
6299
6318
5202
3945
3729
6648
1962
2513
8065
8076
5182
4629
4629
2923
2927
2921
5264
6649
973
1779
2236
2239
1779
2045
3874
1956
4531
2534
3334
2604
3372
2854
3390
1804
2532
5833
4529
1948
72
7782
5841
7793
1049
5481
84
7265
7242
7385
3432
4336
4339
1438
4338
1427
1461
5481
1773
205
1774
2409
207
1964
4204
3663
3687
3710
5124
3590
7776
4339
4338
4338
7804
5182
8039
7796
2409
3585
7432
7965
3466
7952
5177
2428
6251
7655
6236
3600
2428
7063
7042
7609
7046
5161
3449
14
8
5879
7588
267
27
20
7286
31
304
7629
5939
7653
7625
5201
7643
7635
7636
5133
811
7658
7286
683
4448
7599
7628
5249
5133
4187
4193
4501
4532
4202
2431
7653
1797
5564
5513
6038
7779
3217
5326
6742
6742
2286
5553
4449
5501
4659
5450
5449
5197
1885
2339
5111
5111
5446
7668
7432
2530
1580
1982
4295
1785
5556
7779
8019
386
8063
3219
5555
437
856
3546
3546
2286
4641
1192
4758
1192
1207
1823
1156
4451
4597
722
2710
735
1873
1202
1743
1552
1576
649
651
4091
5731
650
1887
870
4091
2437
7624
5806
961
968
322
7048
479
1156
7048
5822
3873
3894
5565
3815
3820
7051
4955
2316
7897
7908
5225
7505
7051
5224
3615
2486
4070
2313
5680
3033
2313
7029
3035
4557
2487
6681
2307
7064
6694
1861
723
3150
725
724
3114
7029
1156
4102
3607
7577
7675
865
7679
75
6770
866
5941
4078
6968
3407
5393
8141
5056
68
6684
6815
6683
394
69
6699
5478
5476
5523
5474
283
3434
321
5444
4238
511
2397
506
4599
1875
4552
5825
1251
5824
1241
7640
5824
5824
7482
4520
5895
5895
7240
3230
5421
299
325
7146
7242
5584
7389
7930
7389
1661
7240
334
622
1660
4329
2339
4328
6861
2252
6869
8064
1516
4326
7813
4059
1510
7755
21
3787
3831
4329
4348
392
1410
2370
2839
1410
3821
5859
7689
5856
5859
5019
5045
4083
3204
3827
849
5867
4087
5909
5021
2547
8009
835
8000
8012
2629
7267
4541
8008
1765
5170
5187
274
5215
2546
2251
4361
1515
1291
1292
2260
4536
1288
3380
151
451
1288
1514
687
150
1911
190
5074
189
2401
687
2087
681
681
5794
680
6582
5790
5337
1033
1037
7646
2010
2646
5313
3440
1937
7647
320
1971
5665
2628
1731
1142
92
1056
5694
7311
2839
4349
5161
7298
3240
3243
3241
3241
3448
5273
1457
1382
3503
4549
5691
2175
2301
2301
4347
5160
1128
3502
3410
5311
1037
1142
2860
2895
3381
2166
4293
7486
5160
6455
5152
6511
6423
1038
7059
2877
5152
7757
2914
2870
6746
6720
4859
7062
7648
5242
6765
1627
4436
3178
3159
4436
6765
5252
5228
5220
5220
6368
6044
5183
7322
5131
6000
4436
4437
8110
3223
846
843
864
847
846
3508
4044
3908
3908
4045
8104
2827
3507
3705
8096
6341
2835
8098
7588
7591
915
4437
5856
8121
8078
2512
3221
2895
744
5799
5207
5207
2135
7351
6922
5319
879
2056
8033
5657
6923
6658
7688
8124
5129
744
8109
2823
5881
5339
5135
3032
6524
3011
5661
787
6769
7980
874
3011
3475
5774
3475
6780
6392
5214
5014
730
6498
5019
5008
7766
6185
6202
6218
6164
7293
7707
1171
7388
7548
5205
5798
1570
1355
594
1606
8056
593
5014
5021
728
1224
6705
1349
1395
6706
1381
4601
818
1216
6541
4694
726
7767
7389
4603
1949
4602
4230
3242
5580
4234
2284
2023
1997
1811
7075
5448
2312
1823
4235
1821
6651
8011
1031
875
7594
7593
580
839
836
182
6607
8049
174
161
4678
7189
1588
787
1537
7785
4678
1708
3684
3594
883
6652
3644
3056
3062
3003
3673
1139
4231
3696
883
2771
2849
4679
2774
4615
4615
4614
3848
4352
4047
6651
6651
284
7728
504
301
489
401
7919
7905
7840
7452
7881
7839
6115
848
7726
3674
7724
794
3773
2045
1579
4229
7213
5215
7231
879
7210
7214
6062
4539
797
7213
7205
7310
3977
5400
4788
2675
3229
4787
3044
7309
1175
3781
6944
4610
1840
7753
1812
4614
1074
1843
2409
5427
6008
8052
1540
5379
6187
4142
4107
5955
6984
1068
7036
1146
1129
2942
3151
1132
2741
7309
1597
2800
2647
1283
4613
2694
2344
2740
284
4998
5068
6881
1334
4615
5015
5017
8068
3283
1223
3101
7984
4615
6839
1832
1172
2909
1943
7521
6784
2344
1851
1216
6785
7740
338
6162
7983
7382
4128
7380
7382
4143
279
7758
7745
7187
7725
7687
1767
5852
2961
3925
2910
2070
2493
1223
2076
2077
2076
5948
1735
5267
1434
1882
6652
6921
4537
1432
4127
1175
43
1568
1524
6162
5143
7867
3063
1044
1743
820
4220
5178
1041
6936
2235
928
5177
5158
4096
3149
7350
7352
7339
5834
4963
43
5624
4961
2002
7981
5627
6161
4457
457
3609
1449
1741
1002
543
40
7985
7360
7999
1281
6075
3408
7983
4825
5701
8025
1287
350
350
348
4711
4711
1544
1272
1666
1125
42
8064
1576
6605
1712
1672
6075
6298
5572
3454
3422
3440
2959
6297
3444
6310
1289
6163
7604
746
5938
3719
1128
7304
3625
5557
6507
5141
5546
5793
6163
5511
5792
5137
5367
5191
5256
2737
1983
278
917
91
2850
2848
5048
2849
2848
2224
1736
5803
285
1983
7533
3029
282
2102
256
1561
1823
1823
1828
6047
1715
1715
1983
581
1323
2773
1325
1715
3610
1983
1968
1036
6260
6245
776
2738
7773
2664
6874
2061
6397
6973
6238
4206
2671
6954
8108
4265
5723
8115
5988
6329
2336
496
2140
1194
1253
809
5298
4047
8021
2232
2232
2225
1256
2233
4307
5275
5241
2962
2962
1980
1980
1678
6118
7197
2060
1981
1981
2235
2505
2232
3879
3883
3911
3910
1765
6329
5782
2230
5783
5759
6080
3222
5632
2972
2748
2738
1968
5619
2786
2769
2689
4507
2510
1672
8178
6026
8170
5276
5621
3012
5625
5597
5598
1431
1424
1416
1416
2531
2784
2733
5276
6598
5274
5274
2223
1912
2169
6021
7789
3712
7788
3717
3733
7789
5586
6412
3594
3704
3205
3659
3207
3653
2424
6407
4704
3205
3206
3206
5911
2275
4743
5892
5891
102
4539
1186
1545
5031
7760
1189
868
1189
3430
3001
2999
3228
3229
2998
2998
3356
3395
3430
3007
3368
3388
6023
6284
1912
6840
5025
5544
1291
1052
6282
1032
1073
3406
1039
6239
6523
3411
6239
3395
103
1329
103
3988
1179
3969
3813
85
4527
6802
4511
1182
4605
4603
6802
951
5551
6282
5724
2223
2013
388
4197
1137
7859
950
684
2589
2902
2673
2942
5763
955
2681
955
955
8023
1589
6189
1563
1563
5924
3488
1740
3352
3352
1560
5639
3157
1615
7045
1137
6160
4985
84
7968
7044
316
6071
2275
1135
1660
1090
3773
7974
1649
6825
7970
5331
1344
1346
211
1755
247
735
164
1613
7778
6597
4971
501
2908
2974
2896
6128
1634
2871
2865
5627
3768
4304
1577
3639
5132
5500
3851
3160
3231
475
475
302
1006
6636
982
470
1329
3921
3949
6814
6118
6140
6045
2637
4003
1753
6119
145
1257
1333
6841
1242
1610
1242
1243
7103
7929
7875
145
6258
5461
3436
6841
1712
238
869
8002
6812
8020
1851
7788
2709
1956
7518
1975
7508
809
6724
7516
3233
7490
7459
2805
5223
6981
5752
2686
6987
4865
5064
2805
3158
1634
2499
2511
954
8026
896
8017
1547
5698
2628
1425
899
990
5183
1212
1435
5758
2977
1957
5756
5753
1977
88
3642
7780
2867
3768
5323
5644
8032
1395
668
689
697
5744
8010
5744
2625
2608
689
697
3718
7090
3724
4559
6696
3727
5332
3441
2511
2620
6538
2866
5541
2443
5327
2873
2965
713
4443
5540
5121
829
3357
2590
6539
697
3623
2591
690
2234
7673
2590
4492
4292
5169
677
5843
4201
4293
4308
4313
5134
4314
5636
2120
4063
2401
3018
2182
58
4009
5272
7781
1939
455
2918
4729
7102
5049
1674
2126
391
2085
4629
6119
1525
269
1480
1746
4063
4839
1762
3742
687
7544
7494
5295
3715
3736
7573
7546
7550
849
847
6284
843
854
319
5198
4062
5205
5198
5321
5843
715
5462
8116
5658
6052
6072
5649
4041
6762
1744
4056
689
2245
1734
1569
2591
3765
4059
5720
958
2662
2605
6828
2662
2258
1626
4548
967
4180
3208
3272
3274
1887
1391
4063
7900
7901
7892
7891
7890
7901
7892
7537
7434
1089
7543
7537
6828
4383
4904
591
4664
3775
3081
3105
5510
1926
590
1367
1360
4873
6905
6844
3299
3084
626
1795
634
1797
517
4247
332
7571
4779
4910
7065
6851
7446
7477
6870
8108
6825
8117
6834
6905
6888
6819
1707
5725
5573
7243
5452
1807
3163
5254
776
934
996
823
1820
1798
3513
3469
3093
3460
3484
7235
5428
3462
2414
7011
1832
6170
7014
940
6186
5964
6207
5511
6955
6923
7976
6920
7096
821
6975
2158
2089
824
5401
6973
6959
775
6927
5095
985
2961
718
5091
8117
4208
6014
5345
4125
4126
4122
5210
6966
5210
586
7867
5388
605
7368
7919
7235
976
3211
5093
4712
4705
4707
4682
5876
4682
7235
4780
3357
4549
4546
3357
2955
5160
8068
5121
5248
2283
2955
4200
2979
5168
7134
7132
4578
3615
2277
4741
4797
2280
2015
2015
4369
2015
4448
1917
6510
1915
6475
6472
563
6477
6479
6478
1276
2403
1020
1043
1043
1274
4319
3741
5808
3773
7135
7135
7408
7409
1927
7423
1316
1473
2956
1086
1833
1321
5400
2923
1253
5154
1242
5155
5166
5162
3916
3916
5533
1969
315
6873
3038
5162
1240
1243
3612
7092
5313
6347
1243
5353
6267
4742
3241
4767
786
513
3234
832
890
5552
5547
4521
7258
1334
7371
2614
1316
4157
7355
2588
5533
2033
4113
4117
1991
5509
808
1643
2992
6127
5622
2995
575
525
6495
3437
5204
2992
6372
5518
6460
7000
254
2888
2056
5527
6486
1759
6499
7796
7805
4599
3087
5435
1595
1581
1753
7555
3607
1504
5194
1435
1504
1435
5198
3606
3606
6084
6102
5952
6117
6088
844
7541
3605
1923
6190
6190
1057
4490
2353
6176
4535
3439
153
7289
2605
6190
6182
2891
2842
2316
5830
7710
5598
5981
3761
153
5643
2384
6725
7140
1218
590
2299
6119
3646
2353
5440
1361
863
2353
7100
5269
5479
7954
4607
5896
2026
863
5721
6024
2089
2924
2922
29
2818
6397
2026
6327
6864
1221
781
832
6720
6703
7756
2235
4992
3177
5952
6973
6022
4677
2772
6473
6464
6143
6403
2763
4766
6703
5642
2996
6919
6990
6157
5911
6944
4648
8120
4656
6932
4659
4690
1514
5284
6964
6568
6655
566
567
2753
4659
793
2954
7013
8147
4556
2978
6574
6864
7557
7470
2952
2964
6022
7400
6379
6359
4936
7122
4958
4958
1385
1128
4953
4953
2976
6655
7822
1622
7032
1802
1039
1400
7033
1111
1111
6982
1041
1046
1045
6982
5014
6982
6983
155
177
3093
3597
8051
201
3642
3596
3111
6017
5173
7607
3009
3422
109
2355
5676
4504
3656
4196
3653
4352
5664
5664
5443
956
4413
7307
6988
6915
1403
286
3422
511
498
814
3380
332
8052
4188
3287
7843
7526
7905
7905
7526
7525
7524
2902
7527
2922
7525
8019
5010
7525
6163
6677
4515
641
4488
4543
6403
6403
1403
6403
700
701
6598
6415
2437
5354
2861
6414
3713
6822
4951
6047
1079
3436
31
4911
1036
4953
508
4957
6501
6511
4284
6502
5317
4950
7606
5353
5348
5312
5417
1174
4282
1626
4149
4151
6852
6780
2627
1354
6687
2537
4144
4159
3925
6007
4898
3906
3919
4899
8071
6715
7577
8162
7840
1319
8142
3416
3775
8184
1122
6692
1176
5277
971
1134
6691
7602
5286
5285
7417
6849
6850
7008
6660
