mesh_partition_v1 8192 26411 -1 cell_order_v1
1342
4219
7981
3914
2443
6224
1284
3327
7201
3903
7200
4122
6217
3848
963
2700
1313
5845
3370
6133
2443
1314
539
3926
1968
3915
3921
7807
2645
1284
5168
3622
5521
4652
3647
8184
5717
4650
4727
4356
4271
1368
2662
3597
4356
2670
4357
8022
5527
5571
4357
2247
3915
2253
3094
2253
7982
7983
8054
4266
4266
211
4270
7401
7403
955
3638
1526
2251
4446
1833
5462
5195
3076
5290
5585
105
2849
6155
6003
1835
4183
5290
5324
5581
211
1835
1835
5123
6723
3077
2574
3469
3470
2443
3077
3413
7106
210
1273
211
3076
7281
5907
6609
231
5907
3467
3500
5581
4777
529
4804
782
5907
6604
8051
4635
7358
429
5719
4726
4769
7346
7345
7358
6091
3914
3557
1329
529
4614
5478
1333
4621
4444
5064
224
938
4620
760
1819
4613
6433
7848
3380
5145
2743
4107
4107
3377
2618
2340
4107
5499
4107
7332
5792
2383
3381
4571
5280
7719
5659
5130
3381
5603
5603
5603
7804
5766
563
5648
979
6473
5632
978
978
5180
979
2114
1137
2118
6915
5738
93
93
563
91
82
6540
6551
6674
2323
231
73
3153
540
2323
7985
6133
4444
2322
565
3959
2322
705
3142
2702
5895
4432
2702
3690
4763
6509
7643
2934
2465
1800
6225
3657
6231
3656
5540
7321
2834
7869
7314
7902
2702
2946
293
5602
2960
6231
6227
2702
6224
3015
3330
7152
939
7905
4560
4352
3330
1009
2495
3512
7650
2668
982
390
1009
6561
7956
1831
1010
2964
4082
1010
1296
5120
5091
1460
7764
2870
1559
2495
578
7794
2494
2495
2169
2517
730
583
2902
3084
4812
1991
459
3773
7227
2002
2954
6171
905
580
3480
2873
768
3390
3426
3378
1912
3427
452
7171
525
453
2141
453
3299
7083
590
6623
781
4818
1414
452
6510
5770
6554
7087
7190
5111
3233
2168
4281
5078
5322
3862
2168
174
2169
6183
1178
1570
7666
7123
3211
1178
2364
787
2367
438
548
6647
3999
6563
246
6183
549
6540
751
751
3901
7599
6183
6958
7508
7521
7533
664
2067
2684
7495
7528
2073
1415
1430
5819
7734
1409
665
6630
3201
4310
4775
7735
6183
7735
665
7734
4256
4747
4267
7947
3296
2024
3511
4257
351
6338
6378
3014
4256
6929
3519
3858
102
104
6164
937
104
6307
3517
2869
6544
6544
6159
4285
4976
6563
3271
6167
163
1775
5179
4404
3507
5889
2871
2274
5588
7727
4829
197
3383
5514
3444
2871
2869
5750
4175
2769
1336
5558
3252
7727
7727
3534
8103
2032
3534
7727
4443
3307
1200
4442
3216
6071
2757
4443
3444
4443
6026
4440
6068
3416
6071
4507
5390
3259
492
492
4061
3029
6579
6848
3029
4328
7204
3039
6424
8040
1122
4014
5558
5834
1235
6132
1955
1979
1971
2034
1929
492
3417
3289
8027
5415
3038
3289
2626
6625
6624
6747
6701
3289
5558
6175
3160
2291
5629
6674
3289
3255
960
3248
5558
6625
2067
5944
7444
6536
7781
5176
7711
2926
1286
791
1221
7722
5265
6644
5411
858
1699
6625
294
941
3233
3233
3210
3050
3805
3040
5471
5071
176
4128
184
6351
2923
5471
4668
4412
1644
7889
2943
6665
7889
9
7031
5091
7035
7033
3213
4135
3086
2293
3086
3101
1670
1680
3101
5828
1745
1672
5648
6873
1744
617
6461
2672
6596
2672
1175
6173
1194
6780
2657
2657
7964
6873
6890
6890
3620
3634
6891
3598
3110
4585
4604
3595
1003
6872
2315
4403
6510
1000
6891
5626
2969
6873
1883
2850
3758
4402
2853
7033
1967
5176
2893
2913
2487
2619
3052
3687
3052
3736
6871
5859
5858
5183
5402
5641
7950
5626
6046
7955
7954
6818
219
6736
7937
5859
5859
2677
219
6554
4108
7954
7571
7952
6088
57
3016
7936
5788
6570
5567
5790
1714
1700
6577
3471
3320
3413
34
5099
5135
1183
3571
3959
3305
3316
6536
4039
3098
3487
5790
6536
6416
159
3678
5784
167
1971
7945
5176
4058
5784
6417
5142
2612
4246
7388
3921
7391
7303
4232
2252
7256
4025
6739
7855
8063
6417
5689
7460
4024
5892
6987
1211
2354
2619
4234
4238
1255
7569
566
564
4550
4550
4311
1945
4025
1214
8004
6864
6863
6416
5181
6863
4354
4325
7455
3391
5451
7524
7494
3235
4025
1497
1471
3871
3856
1469
4502
5407
4059
1515
5200
384
1560
1665
5404
1607
5404
1519
1383
1343
5406
3462
4403
468
634
5584
6083
4161
4413
3328
7931
4161
4325
5863
4727
4324
4612
1513
6377
6336
3731
3640
4240
5632
2394
3720
7567
2939
3720
7567
5496
4389
3778
5497
187
3148
4947
167
5131
6641
6761
3731
5131
3770
2328
5623
7029
7035
327
1405
5191
7966
4536
472
2346
4511
7035
4797
7035
1778
2738
4628
7910
5584
5585
4793
475
4324
4433
653
4552
5012
1376
4539
4789
3108
1877
2418
1877
1879
4894
5863
3889
4168
3892
4600
2513
4192
1119
1987
2281
3892
4508
2648
2375
5584
1219
8068
1945
4508
7433
3042
1879
3151
4832
4528
1405
4529
3053
1293
3176
974
1971
6763
1406
3198
1110
2047
2038
6051
1446
2548
658
6865
20
3826
3572
2648
4307
7414
3317
4216
2107
1786
4222
7414
2858
2895
4529
4528
7718
6763
961
6945
7734
5119
1714
2804
5062
4976
4585
4687
4572
2745
1337
5711
4832
3853
6763
653
4094
3279
6054
4499
6762
4499
4499
4498
8067
6035
1679
3811
6031
5345
6034
2912
6022
4231
6022
3813
363
2272
3539
3813
356
4007
3959
4111
3809
4684
3954
3056
3957
4287
4196
3830
4063
5223
5602
4684
3538
4685
8165
7291
738
4212
2987
7944
5370
3156
5132
1015
7947
7950
7951
4016
7944
6178
117
5270
1397
1635
6237
2107
1480
6395
5665
5326
847
6583
846
1343
3541
6874
6598
6577
1957
3536
3849
3405
753
6393
4997
993
6392
752
5568
6395
5915
4721
765
3302
1957
1958
19
5912
352
3178
1333
3943
6174
1959
3027
1633
446
285
1704
222
4062
3110
3105
716
4860
3027
4482
4500
6254
359
476
463
508
1728
474
6539
1580
7915
449
7859
1393
2998
5763
1322
4143
4864
352
494
424
847
1819
474
7011
2859
4838
6760
6760
233
6763
7914
3054
3185
3163
6898
594
5485
6704
5761
6507
6903
6911
4776
2693
2932
6896
7216
338
4033
3799
341
2193
4906
7448
7440
1337
6552
2928
2274
7451
2428
4748
7428
7484
1212
2926
5912
5247
1839
1695
191
1899
8001
1858
3775
1541
613
7378
612
5982
6061
5982
8021
554
4749
1916
6103
5914
6103
3775
5247
1399
7376
1625
5835
3554
6317
3403
5079
110
110
6278
5061
5969
2400
5061
3877
2555
2549
1058
1823
1399
1394
3263
7551
4995
4495
3804
7376
2689
7550
7896
4465
4974
3483
5691
3605
3605
5424
4492
7896
3459
7898
5656
3499
7324
7898
6157
7806
8079
7489
6157
6153
3553
3543
7471
3348
6152
3324
8006
3502
1312
1354
6683
2691
1355
3339
3339
7518
3729
3745
2691
2700
3262
3540
1315
3634
3310
3389
7285
3193
3310
3794
3795
7052
6255
3716
5124
5202
3511
5175
3303
3886
5148
3462
4231
4757
7550
7551
5461
3303
5640
5461
276
4307
5801
2589
3191
2563
1981
2565
2518
2564
2563
2563
3361
3499
5582
856
5876
1443
1352
1479
5876
5198
5527
4698
2257
5877
5877
6397
7405
6292
6193
99
4866
6372
4562
98
5589
3285
5099
5573
4595
6139
4587
4790
3779
3947
4587
4595
4204
7667
4620
2482
4249
4191
3670
4989
5452
6698
3667
5597
4698
4682
7869
3668
3594
986
6065
2775
168
7536
5596
5608
7909
509
5979
7946
7381
6190
5973
98
5978
1122
6900
98
1896
5157
1815
4682
6221
3115
505
1109
6666
7363
3119
3891
8030
1855
4418
6200
7363
5695
7811
4204
3879
1897
2927
1816
3410
3112
2327
2616
1156
3018
5255
893
3280
5133
5130
5539
5695
6835
885
6366
2479
3115
1156
2448
4117
6134
511
2448
72
343
7368
7854
3173
5119
3974
3247
1960
2448
446
1721
7219
5706
2402
3173
2372
5118
2526
3172
2345
5018
5706
3172
7930
1310
5706
7895
5044
7894
4243
5706
6350
5336
803
3374
5082
2312
4509
6033
4488
3512
3395
8179
1311
7953
6651
7743
1842
4987
3982
3509
6307
1362
4695
3970
1010
1362
4695
3979
456
7808
12
153
8010
7884
3983
3312
4706
264
63
1366
370
3066
5835
2786
1362
2803
5876
1631
919
4707
1311
3521
1310
2072
5429
5564
2072
4994
3534
5845
567
1695
918
7795
2095
6637
7794
2985
3424
916
916
7789
3645
3645
3645
6638
3647
6676
287
2456
329
4081
5569
365
7990
2457
7697
5628
6666
3300
7503
7052
287
4636
8069
7246
3505
2983
5793
5551
8148
5619
8171
2462
6638
8175
2462
8175
7864
8070
2072
8147
6929
4366
6366
8141
6637
2687
8172
197
1217
1452
1270
1604
5872
6267
7118
1453
6629
6388
5491
1629
302
1670
1452
2131
389
7076
473
5883
1452
408
7836
4718
3483
2668
3852
3394
2696
4711
7836
5886
6364
7836
5755
6580
6090
339
5880
7742
717
562
724
5691
4242
8186
4709
6021
2774
3335
2577
2576
5931
7836
338
4713
1414
4718
4435
1776
6876
7565
1776
7566
7565
5327
1577
1404
717
5334
7519
6122
337
337
5328
8131
5929
1247
1030
2546
1413
5278
5229
5220
6001
3126
5328
4664
3806
4364
6671
6050
1030
6131
2547
756
717
4157
2641
696
6472
3658
2547
698
5334
4074
366
3974
4122
2546
691
8080
1808
1606
3845
3042
3064
8080
686
2459
894
3065
6535
6398
8080
3057
3041
684
5389
8081
3854
3061
6128
3064
3753
7929
7562
3438
3530
6943
2294
3439
2688
756
6936
5145
3428
6914
3429
1413
757
6249
6262
7743
1587
7548
303
1331
2013
6260
1661
1602
6260
755
5391
5179
5174
5174
755
5154
4364
6260
8134
831
7633
817
831
1538
1290
831
7661
4365
2149
3075
7632
7151
5256
5258
4523
4531
706
3690
1881
6059
1909
2098
4365
758
1130
3422
2870
759
811
8186
3411
7731
7982
859
1917
4633
4523
3410
3477
4078
2051
3297
3296
3296
5934
5251
3297
2164
759
2126
6347
6346
6346
5251
6346
758
7956
6546
5819
5777
6086
7929
7929
7415
4816
5942
8091
7627
1073
4817
7545
6114
2116
1065
2159
3421
1293
7919
3402
7919
5945
6181
5135
2673
5674
5377
6431
5115
4445
3855
4817
6512
4816
1688
6517
6512
5945
4927
5963
8169
5016
3973
6370
1992
6449
6403
5020
5945
6432
6988
5388
1078
5431
5673
262
5421
5673
3470
7126
5000
5375
5349
4099
5020
6431
3707
2305
7496
5081
5501
3707
5058
5679
7161
422
5927
5917
5932
7123
5754
6499
5908
8167
339
4725
5429
6037
5925
4199
416
1752
5244
6225
3707
5323
4615
419
262
4621
5466
6950
4475
7268
4615
3707
4594
4736
3587
2013
3208
4316
7160
5452
4462
5679
7651
5657
1577
7270
7145
7156
1793
1876
1909
5115
1984
3882
3207
5157
7238
7928
7873
3882
2039
80
1139
5056
3207
5060
407
403
2235
6574
6574
1023
414
5713
1830
435
3208
8087
303
5713
8131
7762
6497
1421
1903
2473
8087
2740
1944
3938
3331
1903
1113
5712
5712
27
18
3384
546
5954
1418
1564
5063
1172
27
1652
8182
1903
1903
4605
4978
6607
6703
4769
838
3387
6607
6607
5991
3246
2599
5034
2742
7179
1811
5034
849
838
1299
6607
4827
6492
1285
3717
569
6389
849
838
1860
8127
7041
5333
6762
1277
1287
5937
4702
1861
1863
3518
3093
1287
3732
1240
6227
8126
3368
3014
1284
414
4888
6792
6797
4889
4056
7102
3807
6700
5454
4331
4331
681
1851
3078
7216
2891
263
7408
7375
7219
699
7559
2576
8126
3576
7375
976
8127
6204
3861
1543
2982
2990
868
6359
7051
2613
687
5150
6700
6735
4408
2991
7001
52
7565
6745
6668
6943
2988
6359
6359
6352
1456
2888
4879
6353
3203
6353
6353
6354
52
3124
2889
3075
6701
1278
5280
6520
6487
2559
2437
2472
2457
2350
2893
1320
55
6691
4401
6213
50
1034
1819
2000
6689
731
6703
246
2186
3293
3285
7910
3891
2181
3659
4737
6127
1097
5822
2181
1168
1306
5016
503
2187
5521
5520
4931
5520
5551
2324
5550
5551
1062
4635
4836
504
5466
3180
5551
5152
5822
507
6827
506
3565
5521
417
6089
6703
3574
2152
2145
7167
2110
6273
434
4281
6489
4198
1663
6292
6489
2547
5269
2483
7159
6508
6265
5269
1660
6019
7412
1660
862
587
582
3575
203
4644
589
3787
3930
5069
2749
3573
301
2931
3933
1663
2744
7085
3232
3414
3458
6337
3564
6546
7085
3239
3314
3562
4254
2390
4694
1023
4351
4543
4149
4162
6866
7010
4689
584
5535
7116
589
3917
6503
5362
5455
1363
5357
5286
5062
2491
5062
6500
1111
3333
601
5066
4982
6503
6503
7448
896
7285
8058
859
7912
859
3540
3817
4071
3810
3435
3352
3351
7924
3376
3377
7327
6893
895
7327
7178
5812
1158
4997
5115
5830
6525
1278
7327
1158
3184
4706
7326
7793
4839
7188
7767
5515
807
6902
3186
8174
7188
1511
7160
2487
7188
6159
7152
7327
2865
7158
3535
7158
4056
3870
5454
7254
5068
2936
2936
6082
5574
3186
7251
1158
3184
994
5299
5296
5740
4305
4176
64
6158
1158
6196
6197
6167
8083
6159
4372
6181
6518
686
837
5741
6201
8069
686
926
4820
6771
8088
7972
8088
5055
625
3216
1744
1510
7842
6721
6163
1015
631
1511
3490
6771
626
3347
3367
1533
3138
4407
2
626
4409
5741
7634
4921
4922
5741
7635
3240
7635
1895
3451
5025
8145
4539
5980
8131
4925
8169
4925
5025
3851
5030
6057
4506
5179
4507
6061
7877
5904
5272
3739
4954
5173
5451
4346
4885
2843
4975
4922
1942
6061
4396
6351
4507
6350
4920
3097
1782
2387
2389
4507
2388
5555
2389
3031
987
7917
2388
1886
4564
3842
7368
2015
1841
6303
6193
5664
4715
4830
3843
869
5745
84
2040
5634
1454
1451
1782
1285
1570
6350
4564
1306
3763
2423
1128
879
788
3845
2059
3842
4579
3830
4581
8135
7596
2056
6381
5015
4192
8023
5639
1703
4743
6351
1708
4743
7050
4939
242
3982
5512
4055
571
1708
2486
3553
6223
2847
3895
3904
1710
6098
5589
4772
3302
3690
3411
3822
2720
6470
4735
7051
4631
3891
4703
2720
6492
7649
984
4743
1710
5196
5347
5228
507
4659
5734
3411
569
150
509
7895
97
7859
7816
2556
7853
7049
4743
5668
3702
1741
3733
5963
4065
8074
3902
270
8074
1186
5552
5213
3853
4305
5549
6361
8144
1796
6018
84
1808
1902
2828
3873
5099
1897
454
4289
4340
3163
6737
99
3196
7049
5211
5211
4612
5208
143
2347
663
4610
6027
4289
3547
662
5843
4611
4618
642
4729
3328
7732
3103
3335
6420
6744
6243
6450
6462
5225
5225
7988
4325
4612
75
4821
1335
1341
6117
5225
7258
920
2741
7228
1727
7232
6377
1567
920
7668
710
1783
6971
4316
6749
5224
216
4292
6117
6505
7454
7532
3339
2133
2757
2766
500
1727
4645
4982
7992
1726
6476
2414
4686
6117
5868
2121
4136
1721
2897
7057
5064
6547
6508
814
7066
7055
6633
2120
2014
2917
5289
1315
6116
673
2916
5904
5724
1941
1778
5737
4781
2304
2318
5886
4952
4375
2121
4375
2831
4369
4980
499
2942
2942
5925
5873
497
5254
6397
7722
27
6913
4369
4747
5294
5293
4731
687
4752
2391
1671
963
7843
832
7928
5936
7480
7793
5884
950
6465
976
2121
181
810
878
1938
6376
7916
861
7564
682
71
7399
7476
388
3884
6019
172
912
1604
7477
1460
1480
5294
1995
2188
3422
3454
1927
6435
7648
4459
6445
4772
2046
5650
1927
4764
3653
3012
1182
4835
7543
18
3437
1707
5122
1841
3430
7199
1267
7063
5122
7063
6632
5123
5123
2447
6550
274
7619
6672
7082
7429
6348
2534
7447
6673
3967
3177
7437
3942
124
7427
3654
172
124
6844
124
7438
6673
7280
7429
6470
3653
3652
5443
2895
2895
165
165
7428
4908
6315
6403
6615
8184
2894
7460
6145
5309
7480
1248
7775
7761
1806
6672
6352
4840
6615
7529
1438
6178
6377
931
6559
1733
289
4841
4776
2823
6019
2353
2894
2133
3401
1999
8062
1980
8007
4843
1993
7006
2036
6362
6181
928
6451
6367
7805
8150
8130
8135
1031
5115
928
1824
4840
7709
5545
2322
5512
5515
5590
4438
4317
8161
8149
5513
5566
39
5519
3521
1103
1637
7709
8074
3028
6548
7597
8122
5035
3236
4034
4962
5125
2341
4035
5403
6163
5070
4490
4178
4282
6469
5563
3524
3524
4972
4699
3573
4091
3557
1967
7861
5177
3542
3407
3669
379
1966
2032
3048
1678
3045
2035
1942
3399
3530
3392
3397
6205
6345
816
3556
4812
966
929
3050
6720
5033
3996
4942
4811
5985
2777
6077
4811
3051
6077
3169
3405
3339
3907
3235
6075
3234
4431
4218
4153
4525
1291
4998
7001
3300
4709
5001
4912
6072
2911
58
1422
1618
3214
6448
2963
1958
2963
2998
3043
1617
6448
1638
1001
919
1335
1535
1100
1377
1796
1709
394
2275
1378
6603
2169
1378
398
4383
3327
1377
5563
1727
6152
5557
1709
1685
4755
7563
5604
2990
4253
5617
2506
3664
5557
962
5608
4252
6539
3703
683
95
3905
449
1857
2990
5443
5387
5554
2828
8188
4252
95
965
5442
934
999
8031
3976
3976
8006
3977
7887
6263
2979
6621
2976
4042
4680
1857
2240
1416
1416
966
2036
5350
3181
1418
473
4967
62
5809
1418
6104
3662
5350
6825
3333
3978
6077
481
6857
397
1910
2140
1901
1910
1901
6706
6710
2423
6591
5509
392
427
5583
5563
5349
7007
2158
5545
6677
5513
5560
5510
17
7588
7589
7897
7897
5349
3390
5515
7600
6722
7555
6076
3390
4713
2128
910
2774
973
2133
2148
257
2128
6078
440
3379
1665
7884
300
1451
7983
6287
1740
7981
7980
7980
1031
2774
5346
1084
5449
5534
3378
2128
5129
5071
1163
1677
7838
1644
4801
3592
5314
7839
7820
1741
1676
1676
5034
7819
5442
1535
1517
1517
1359
3145
1676
4215
7584
1467
7259
2947
6910
2946
7874
3026
6221
7333
3026
7584
7874
5302
5302
5303
4542
4515
7
6019
364
4649
2401
1248
3217
5441
3887
1417
1266
1331
3374
3997
5725
3330
530
530
6632
4648
4647
5750
2967
2733
7019
7
6636
715
4605
1739
1555
7
1289
3554
1301
4179
4574
1477
5089
4806
661
5443
1476
2621
3593
1957
1295
1476
7
1851
3456
987
6395
6180
668
715
3977
960
7648
7918
4599
3976
2304
6471
6220
1406
4392
2311
2373
3769
2304
1477
3456
3370
3158
5281
6852
1222
6839
2307
889
931
2511
5583
5799
2510
3287
5620
2522
3622
3629
3837
530
2504
8005
3457
2841
3692
7363
3833
3457
2577
989
6553
5257
7728
672
4345
6957
8024
299
325
531
7706
2504
2308
2914
8095
8095
3149
894
865
3945
6291
864
6290
7090
3151
6294
6746
4306
1933
4498
3139
7700
8095
3109
6012
1417
1384
4534
3217
1384
240
575
557
3184
1161
2842
4603
2916
7546
2335
1211
4606
3135
3740
6012
3739
3080
6012
8057
8095
5079
6013
1541
7148
5241
7307
3231
3216
4036
3201
559
526
4643
3793
558
529
3218
6010
3983
151
3237
4044
3266
5507
7307
7547
7144
7142
7465
2252
768
7384
4194
6043
7465
6849
6699
2381
4747
6702
6702
2369
2383
4567
2373
4566
4566
3143
372
469
1665
470
312
1516
1172
629
4739
4567
5277
2123
7381
1476
537
2316
159
4739
129
6777
7170
4023
2915
2119
2754
4744
4717
1585
635
4163
2860
5299
3742
7390
2868
7390
6493
1154
72
1338
6465
1341
678
26
1336
5177
1338
5276
2578
6919
7045
6467
8027
5440
5675
1585
6328
6329
920
3094
111
2782
7257
43
13
2613
1585
7366
5967
3099
6
5973
6230
3481
4462
5395
2891
5377
3738
5393
5613
4473
4473
4439
4264
4121
5392
4439
4271
3472
3857
3648
3472
2027
5503
2560
1820
4462
1849
2809
2654
3481
3411
7528
2578
4005
6889
5030
4005
6911
7824
4005
3265
4004
574
6689
3601
5443
3689
1585
6908
6909
4039
178
2458
8031
3935
4063
2458
3153
2460
4039
4039
925
522
7475
6200
2460
7530
5444
7749
6374
7515
6197
984
4431
7684
7257
8007
7514
1955
963
924
5469
520
2480
1052
2278
515
553
925
1223
5486
6920
6103
5480
5480
5114
5481
5481
6313
6375
4037
7693
5401
6375
5487
611
7907
5468
7978
961
6340
6766
4137
7641
488
6337
6341
678
6342
6921
4717
7113
499
6921
504
657
488
597
7242
615
1314
923
925
3693
7366
2726
7641
4059
2624
3697
4011
4013
7641
3684
4842
6795
7641
3699
1947
4547
3698
6653
3698
3698
3993
3734
3463
3526
7753
3414
2572
6653
2317
6653
4867
6646
3793
4663
7745
3590
5409
3144
3161
2753
4283
4085
4088
3380
3805
5227
391
4286
5210
5448
5175
5212
3692
489
3691
5472
5205
489
4263
4265
6126
4965
4263
4283
4278
435
483
4164
5888
5206
3823
5888
2760
3482
2759
3480
3607
5206
3044
2570
494
1455
2127
2266
4547
1466
2264
5704
24
225
232
1466
760
839
5707
1265
7019
1470
761
4338
2778
1535
4337
2444
4190
5707
5641
6953
7305
115
6538
2127
6015
4616
5971
5858
5931
7018
5707
4870
6538
5587
2492
2034
2466
2245
120
2266
1626
1895
1320
2244
5422
5561
5187
2199
4072
4546
6393
2080
6288
2515
2197
4546
7847
405
6467
5587
386
7624
2264
6961
1223
5586
7064
4518
7688
3321
6612
6612
6612
4518
2196
5938
1943
2197
5639
3691
6145
7989
7977
6289
829
4519
1111
4519
7856
3571
160
3274
1149
1070
5880
7856
2912
5184
444
6289
5124
7856
6288
2470
4136
5127
4789
6841
4123
4798
6212
6311
6378
8135
7857
7701
36
7913
6288
1002
5375
2380
2380
2905
5135
2906
500
496
5846
6684
5848
431
4019
1512
2897
5375
5205
5167
4019
4018
6971
4052
435
1315
250
819
485
4676
5373
1385
3249
5802
4018
5809
1085
1579
207
4053
1188
5370
7415
6018
1199
5721
4041
6031
1208
1993
2343
2325
7969
207
7969
6162
4901
6944
6036
6801
6045
3755
2973
6802
5951
6073
207
6539
7243
6073
6024
6024
8011
2975
2974
2840
128
3549
133
117
1369
5166
3754
3545
6678
5154
6198
4175
6365
2506
6866
8011
910
6867
7672
7609
207
629
4068
3003
6823
161
7163
3204
7240
3205
8009
8009
5678
3003
5545
994
8099
5901
3002
4337
4181
3005
5219
4010
3005
3447
3447
6461
5351
6355
8055
4182
1768
6415
7948
3446
306
289
3447
5219
4076
4077
5654
4183
425
5219
1549
6414
5421
4076
1385
4076
5161
3632
5175
1000
5226
5960
335
1578
7769
1601
5477
4348
4410
4282
5537
4296
5219
1611
5423
7872
6490
1611
362
1601
5591
8146
5757
7766
4395
3167
6003
656
3151
7772
2051
1578
8147
836
3003
323
8153
3003
704
406
4064
2573
205
2583
8152
1369
3579
640
640
85
4064
4754
2058
422
455
5263
2520
685
6058
6056
2055
1644
7702
1331
1500
4075
1496
2520
6060
205
2190
4075
4996
4484
4981
4958
5312
6971
4887
4375
3017
6328
3017
1151
6328
197
1411
2433
2113
5283
3017
2076
2289
7514
3017
3846
3132
567
3132
7614
2049
3099
7470
7516
554
7526
7523
7521
132
794
1149
4638
4918
3367
7852
4659
4641
51
6185
7524
7242
7895
317
7893
7854
277
322
546
1893
3357
4148
2426
3321
3909
3646
3791
8099
4149
4887
3327
7479
3065
3001
1252
2067
4129
4497
2555
4129
3002
4950
4900
6730
6735
385
4919
1972
6428
2066
465
2315
1252
1163
5992
7957
3359
2314
5699
7956
4871
1479
7741
7917
5699
5995
962
7814
502
2055
7955
1817
1799
3389
672
83
673
2160
5694
2046
6742
387
5351
5358
4995
5739
404
1094
4459
1059
4384
647
404
7713
2412
8129
7645
387
963
7589
932
3305
3767
3824
1899
986
5450
986
987
4223
6134
5080
6644
647
2411
2109
7485
2094
1855
2173
6120
1071
40
2734
4617
6125
1925
1664
6593
1926
6196
1745
4212
1649
6593
4219
1101
6928
2357
1106
6592
6597
7577
5309
7573
3514
6934
866
7672
3508
7617
7569
8029
3519
3255
2055
8110
7669
41
3058
5639
3639
4848
3130
3360
4103
4223
4848
8094
5979
3059
4104
6825
8054
4942
1145
8109
4832
1300
4893
5026
6826
5052
3245
4849
8176
1788
1482
1552
1359
2865
7519
5308
2218
5641
7085
4452
7086
5308
7095
6267
5385
7086
7085
5676
1429
2262
5776
6997
5426
7478
7516
6999
1207
4311
2924
2537
1876
6996
6999
6996
6996
1954
4478
4448
2464
1926
1027
7229
7278
6186
5309
7481
4478
2481
4468
4125
6779
4513
1894
7506
311
7507
7506
7506
684
7301
7542
7935
2036
387
8104
2989
4513
4513
957
1556
865
949
1556
2047
7922
7165
4609
1639
1851
6580
1919
6537
6537
404
4526
1385
7899
8075
3398
5338
5494
7801
7056
4846
3162
1876
8128
6582
2012
2041
2010
4449
4399
1180
2010
1671
8008
4722
2012
1730
6007
6009
2416
4363
2416
224
1783
5415
2033
415
5619
5039
285
6008
3674
379
2417
1807
2711
1904
3651
46
2416
3164
6494
5414
4773
6187
4157
379
4215
5165
2526
5165
5153
5420
5153
7336
6187
576
7586
5414
7586
6186
7121
5414
2062
382
1877
3750
1268
3725
1268
5132
1267
5433
5220
1268
5607
3783
345
2132
4787
2788
6134
6973
1687
5183
1682
6132
5153
3756
4482
1095
5317
5900
8025
8025
2782
3666
1682
2356
1412
4162
3665
4164
4151
3834
6786
4148
4315
4116
4110
2057
1101
7207
7834
6561
6700
2059
2709
2918
2699
4445
3526
3559
7945
6186
599
537
7665
6064
4586
4590
342
1084
7003
1352
6709
3551
3402
3096
2666
4590
3595
3531
3527
3558
6477
321
6750
275
2907
518
2592
1694
4586
2627
6746
3749
3556
6709
2625
4481
4259
2624
7815
2624
5195
7952
7958
2680
2683
5346
354
4414
2770
2015
3162
2649
354
5375
7585
6390
6495
7815
505
6302
7937
2061
2156
7409
2061
7937
4465
2155
1137
2669
3369
6465
6676
2982
6259
3389
3428
6515
6464
3763
587
615
5543
582
6992
2661
5831
3650
177
7815
3650
2660
7936
2055
3140
6373
205
6369
1174
192
3162
7899
1404
7815
6151
4074
3306
3308
7173
3306
5711
6371
2825
4689
3459
3035
4691
3873
3369
3837
3301
3143
4692
5710
4288
2825
5407
4086
4692
3942
3332
4710
3293
6641
4711
5076
5074
7422
769
7422
7422
7422
3140
6928
2442
3369
2761
2824
476
4641
2712
6642
3306
580
2040
4716
4746
6640
580
5813
1464
6640
2395
596
3197
2067
8045
6975
3195
3672
2206
2060
4143
106
596
5240
4103
6751
4583
6883
3476
96
106
3856
312
6769
6759
2332
2256
3869
2559
3477
3869
4497
4834
2131
6707
4487
6718
7101
2552
7060
7197
2522
7079
2239
2395
3859
6929
3369
2097
6203
6203
3477
6203
5133
755
5470
3476
5799
5439
6203
5135
350
2759
8141
6887
2398
1719
6121
6120
8017
1719
7435
6362
6367
8096
7239
2924
411
411
2814
411
2696
7435
2816
410
2399
6767
97
4738
8134
8105
5808
8148
6047
2117
5369
8105
5068
8151
6035
6121
2033
7529
5975
6121
6125
2045
2046
3743
7098
3827
3613
3722
6093
3641
5307
2006
4562
2750
2726
2723
1013
4565
6525
5025
2725
1873
2726
2006
2725
1873
4584
7435
7774
5288
4677
5289
6459
2863
3046
7435
91
5837
6864
1462
6327
5291
3183
3259
5628
1462
8063
3659
1904
3409
1462
613
1788
4683
1055
4683
523
6326
939
6827
4554
5288
6824
6833
4139
6326
7918
4496
5093
3409
8181
7866
3408
8044
7473
6725
6723
7052
6326
3803
3409
5940
5940
5093
619
4248
1302
4872
1338
5941
2747
3929
8035
6856
4248
4514
1314
2130
6788
4401
3619
4909
2141
7063
6493
4915
6215
4439
7883
7993
196
114
1
5043
3298
4502
7058
6076
2643
5029
4172
4538
5941
1591
6863
6230
4843
4846
4975
6133
7056
7055
4670
4668
1591
5028
1569
4558
4671
3280
4079
1558
3913
1164
1569
8100
2647
5677
5535
3336
3336
3691
8101
7849
7056
7184
3871
6236
6173
6634
5090
1707
1633
7849
6380
7849
3685
426
7405
484
7059
585
4851
5960
4850
215
7581
1991
1555
3341
8081
3919
7580
3929
4855
3614
4350
8006
7814
8100
7975
4324
3020
5703
5833
7996
7015
7015
4851
3340
1859
4627
4735
6386
3443
1581
3699
4732
1685
3699
6386
1141
2002
3649
4724
4627
4058
1098
7757
3022
1484
7747
3022
6387
1753
5775
4858
2583
5106
2617
5092
2809
3649
691
883
4125
2040
3020
2823
1139
171
7630
6534
1283
7496
6556
2403
2405
2988
1147
2403
4603
3794
444
5502
5733
538
5490
6057
415
3365
1378
6100
403
2773
536
1502
5795
403
171
5875
5462
536
1513
585
171
538
6130
3850
6386
5147
6304
171
1191
5262
7349
6743
2363
195
655
7768
990
7769
962
199
1201
6874
1136
5166
1187
6299
1190
2662
5248
7824
1136
1222
1494
1205
1726
6455
6811
7303
2253
5835
7460
7457
6811
7442
7461
6811
3929
1907
136
8073
395
7658
324
7300
1946
4983
4983
990
1205
6811
2659
395
2656
8173
1102
1102
2269
4343
2523
2134
2545
3256
2662
4806
4703
5946
4866
1069
4437
2269
2239
7363
685
3890
3169
3180
6337
6266
6397
4022
3436
649
551
3258
348
6879
3881
914
139
3615
82
212
7087
3030
2800
2692
3358
7348
7055
3612
4943
6555
2651
3258
1001
4022
7176
6046
7649
1607
7377
3249
985
1632
2795
8082
2795
5228
3030
5150
4905
5365
5053
6773
7903
5056
5047
7891
4
5305
6227
4
5304
3371
7795
8136
5304
8070
7099
7079
8026
8089
7080
3376
6047
7075
2089
203
7081
1413
1082
7075
5937
5408
5783
3376
4439
3792
8136
917
7459
5222
5940
7472
44
4577
839
4548
2301
5899
6189
6439
3049
7465
6204
5
7696
45
837
75
2967
7738
5189
3044
3047
3041
7738
8136
5243
4537
833
2374
1948
12
1694
8044
247
2374
22
7890
19
956
6363
3126
614
6363
5795
1707
170
3772
1750
2372
2377
4040
2110
5413
3127
5566
6211
2016
1326
1446
4427
3611
351
6674
3937
4441
3946
5564
5626
5628
6105
4460
4148
1677
3127
7803
3127
3116
3429
3515
3370
3018
44
2063
131
7192
3362
4981
4979
4985
1716
4476
2605
528
2675
4991
4984
4990
4980
4980
3917
131
2577
3913
4044
7744
2764
5675
1527
5770
2579
4044
2580
7655
1800
2872
1238
5391
6960
1252
1267
7178
7249
6957
1190
2598
5312
2801
703
1248
8027
7694
1157
4540
541
7423
6312
3708
6175
6944
163
1709
7683
2093
7756
6587
385
2507
2104
163
2249
2546
2697
671
2723
1002
3697
7048
2920
7655
6586
6560
515
512
3209
7833
7291
3208
892
514
7920
701
2263
541
516
3209
5242
703
3011
2297
515
3021
4170
528
3048
6987
3011
6691
6214
6819
373
5452
5170
3039
6861
2472
2528
1995
4455
6984
5160
6984
2252
5441
2270
6856
3028
473
4419
4482
4443
5796
6819
4288
808
5685
4623
5902
4425
5579
479
5123
5386
5579
1669
5595
6818
1737
1669
2927
2120
1668
1669
2246
1668
1952
467
2270
6367
1051
5595
6204
6193
1107
1690
2269
1953
7369
4113
3464
3997
3218
3516
4080
3516
951
4338
3464
7654
3902
3388
4080
3996
8023
8022
6363
7675
6196
4551
6364
6364
3475
3474
802
3516
6504
2470
6819
4814
4267
4740
6817
4160
4994
7337
7382
3488
5372
1369
1464
4202
1154
1039
2294
2648
7234
1789
3801
1751
4078
3488
7666
4071
3968
1307
1189
2595
6194
1756
1443
1638
7667
3052
2344
1045
2015
2249
6429
4416
4783
6189
1559
6450
6952
6733
5424
7659
6189
6148
7316
7223
3888
3491
2492
5024
6436
5094
5666
5719
5967
3517
2319
8061
8017
5432
6462
2437
5458
28
1185
6497
6497
591
6602
8179
3563
8003
1997
8030
1564
1343
1569
7862
1791
6267
7469
6496
3563
1791
7862
7126
831
6497
3491
5769
2009
7839
1791
4881
1791
2008
4823
4644
1937
3563
6458
1948
7823
3136
7120
7657
5958
4535
5632
7663
5916
5090
5095
5759
29
4477
5702
2035
7650
4826
5981
1292
2008
2909
4761
28
5905
1288
1566
6631
3286
4766
2009
4535
7572
4766
7582
5634
4535
5735
3130
4033
1399
1398
3623
1398
4534
4808
4853
4433
7558
7317
1147
1474
1146
5293
1758
1929
8046
1918
8149
5174
1099
5169
88
3075
95
1918
4994
3063
4631
6290
2565
2628
6841
5172
89
4167
4480
1919
6841
2628
6557
6553
6645
1173
3610
3636
5293
3686
3814
1235
6634
6828
2272
4390
4676
8177
523
5834
1110
5839
2283
679
2663
2629
5292
430
442
5292
7269
63
631
3779
4480
7938
2402
4606
4057
4053
4041
2150
3884
4041
3332
3120
6311
2627
5009
2638
2154
2823
3150
5054
2154
1512
7957
2699
5286
876
3283
3283
4572
5008
5008
4400
1049
5326
8057
2606
1049
1975
4594
3397
1552
3283
1222
1429
1025
1968
1968
3777
6389
3283
4570
5504
2562
2562
7510
6930
7504
7525
5505
5505
6498
4564
4548
7520
3060
6920
5833
5504
1049
2059
5810
3777
1047
7660
5326
4095
3992
3664
7658
4093
7964
7498
6042
6042
4681
3161
7502
6043
7658
2532
5908
7833
7661
5909
5905
6592
3202
5918
5905
3164
5909
8182
8012
3147
3142
3182
8048
7309
3165
3906
2879
5245
7309
2989
5245
2790
3885
6651
4223
2277
6281
6335
2801
8012
1020
5241
2274
3870
2829
7829
2191
4359
6684
7913
7351
7105
3294
5282
670
2060
267
315
5242
1623
7309
5151
1623
3094
7351
7395
2236
5275
1042
3188
2848
2353
5242
3187
2553
4882
2309
4934
4450
7395
7395
7553
4959
6296
6255
2309
4448
258
384
3134
7395
2317
2023
1856
1867
1048
1046
2317
4934
7994
4853
4771
6253
4445
1046
1353
1486
5473
761
1342
1784
8121
2003
7469
763
3194
1799
1051
1882
7493
1286
454
51
4102
671
4346
6804
4198
4499
7493
6648
671
5473
4147
1041
1040
7126
4755
1858
5473
5820
431
4677
7492
1913
4755
668
807
802
5473
777
3006
2596
7492
5013
5379
5450
5450
5563
1978
5376
5149
1948
7939
1975
2389
2667
2049
2052
1943
6761
3426
2157
2148
6770
2157
2052
804
2063
2769
2768
801
4210
7192
3604
7194
6299
2239
4391
4042
6299
6298
7467
7459
2069
6298
7487
4986
5719
5065
4391
4211
2226
2226
1955
6414
1286
6111
2229
6110
2740
6109
2229
675
6107
729
7131
5720
4761
2923
5538
3968
5157
2159
7675
7551
7942
5666
6484
6179
6180
959
6180
5664
4976
3814
242
5086
2394
3051
107
5937
2193
5086
1514
3222
2768
1468
355
7069
2772
2340
1275
6886
7057
1003
1199
897
968
5059
944
6155
3540
7046
3004
6200
735
7131
7296
915
5696
3541
306
6369
242
5577
245
3812
424
7044
6814
6858
4795
2940
4974
7631
6836
3391
3386
6836
2156
2148
7656
2166
691
3300
2164
1114
2995
4999
2819
3627
7639
1041
7635
1043
4966
7539
7638
5296
3754
4932
1114
614
5244
7628
4932
4268
4262
7076
4417
4263
847
4260
615
4663
6837
2687
2798
567
3560
565
4979
4589
1730
3345
8033
3545
3549
3547
4663
6286
809
6836
3544
1357
878
4662
4662
5002
7305
1443
7905
1359
6262
7772
4739
338
2539
7723
7791
7772
5772
2494
5731
7773
3087
1433
2469
1359
7773
6256
1787
1227
7638
1690
7639
8178
4068
8018
3087
6191
4848
6963
4738
6187
6195
2669
7971
2514
7625
88
7578
1227
6259
7966
3541
1239
7616
7692
1227
3812
7560
6622
7633
6623
4688
1110
1118
5985
6054
5003
3465
2022
3566
2022
3252
3119
3533
4685
5984
5985
5844
3159
5984
1118
3781
5996
5996
3174
1134
4533
6270
6435
4910
2515
2870
7890
2846
3883
3244
3171
3244
1012
6068
3826
6360
7265
7264
7264
3171
186
6069
7386
3882
406
4329
401
389
5847
390
5801
179
2907
4635
4798
3251
2081
7070
2413
4369
7747
5140
7673
192
7357
8026
6418
193
6639
3234
8018
125
8028
375
8043
7246
359
125
125
6081
5048
2196
6107
125
625
4973
3777
8101
6486
6500
8154
193
498
2319
2353
4867
8045
4971
3036
4607
4968
4993
3448
3453
6361
4264
789
849
3450
6701
4503
144
2083
144
6387
144
3899
2365
3774
6212
1229
715
7781
1229
4973
454
2714
450
7950
450
3773
6471
7053
455
933
6937
1229
3078
6169
6171
3079
3079
3079
3159
630
5096
6620
6403
8050
7219
7219
2220
7984
8154
2365
6070
8083
2050
1228
2641
667
356
5786
1072
2611
5786
1060
2050
6988
3104
3081
507
4845
7254
3957
5479
3702
4271
5407
4580
7255
5162
5120
5448
4438
5785
4231
4103
4230
4359
606
6991
241
607
1265
3621
6575
8053
6170
7137
3935
3048
7517
1195
4623
5074
501
4813
498
7852
282
7130
319
5785
156
7277
7453
456
1737
3337
3828
180
7453
6099
1488
1168
1448
1459
1467
7131
3458
3792
3368
3820
3574
3112
3934
3574
6435
2896
1825
2902
6049
1996
1536
448
3469
2295
3730
2931
6710
2175
2213
820
5410
3620
5410
3731
6067
241
4287
4329
3734
3823
1667
3823
7443
7131
5815
7471
7442
7271
7270
7585
7595
779
7271
7524
7122
942
7526
3878
7271
4949
7132
355
7005
711
7514
4886
5961
3566
4886
3565
352
3253
4824
3256
5033
1038
3256
1148
273
2837
1148
3253
256
302
180
462
2042
1828
2021
1820
1840
3025
2337
181
2338
3928
3923
5042
6709
2724
2709
3067
7255
7361
7432
1147
181
4853
3142
180
7729
7994
5196
6926
3543
6962
1201
2250
6679
6904
4841
6702
3597
3537
7972
3643
4323
1147
3643
5267
5014
3643
3616
3616
3617
939
3166
7995
7995
937
1667
936
2544
3617
3536
1201
3543
5661
7997
7848
4768
7604
939
5281
4065
4768
4780
4780
3019
7150
6919
6521
7149
4332
2961
3556
4207
3008
7640
5769
7141
5660
713
5660
7640
5269
5660
631
5367
4162
5749
1165
1674
4943
4746
716
7626
7640
4412
7672
2255
2303
331
2459
5155
8016
8016
4942
4926
4936
7391
6167
5152
7827
2600
7393
1164
2685
3308
3146
5154
3144
4725
4404
1193
3185
6427
7385
5155
4404
3894
4412
7394
4236
1164
4025
5295
7393
4454
3841
5343
5889
2434
2374
3893
3893
5946
5933
3106
5102
6402
3894
5891
8125
5894
4374
7149
6954
5780
3975
6959
6946
6946
6113
2167
2857
5102
6952
4358
4167
5102
2411
6498
791
7875
6226
7287
2411
907
2411
2410
6113
13
837
7930
5051
260
103
2360
785
5051
785
5780
3824
958
5051
236
4051
845
1914
1025
112
3825
3817
115
2034
3082
1961
4373
8082
7515
7454
1194
7102
115
1194
38
8032
2512
7372
1850
3825
5840
7807
5051
7711
1503
1891
112
4666
4822
4664
4651
2705
198
4874
3228
1488
2705
1139
1243
1560
423
2035
2033
3008
2629
2704
2925
2704
7067
7067
3824
7067
5879
5885
7067
5885
4931
308
5038
3237
5038
2183
2694
4758
4758
3242
716
1912
6545
1209
3241
6545
1700
2183
2183
160
4021
430
1854
4973
4016
376
4734
5586
948
948
950
379
7166
7550
439
3978
8173
369
7149
6549
7298
1700
7545
7308
7549
8173
7034
8157
383
6297
2183
1756
1759
1758
7523
382
1765
1760
6549
3957
787
4701
7522
6975
2694
5692
5583
6984
5295
1689
2371
1365
790
6987
6963
6960
6965
5615
3295
4297
880
786
6809
3327
1492
239
6531
7878
1493
4863
3250
4863
5873
4857
229
1622
239
6479
1494
227
1636
1826
16
6487
6471
7088
2807
377
2766
7166
71
68
68
3999
1492
3628
7150
2631
940
1902
940
2424
3215
8172
7140
6282
3275
1663
3787
518
4755
721
4849
4547
7846
3689
3739
8172
3814
5207
3338
3811
5692
1033
3188
3090
3122
7000
1424
5282
1390
505
7212
931
5693
294
3888
510
7246
7914
7138
6708
2165
7847
6826
6767
8054
707
6835
6681
802
2911
714
76
3179
7919
5063
3416
7014
4134
6896
6659
3190
5121
581
4188
3311
5802
7499
5513
5641
3312
5063
3298
3311
391
3314
3311
3302
1177
2100
2291
1172
4407
2418
1176
3220
4055
5387
3868
3602
5418
5791
8034
7043
4818
7012
7543
2417
6188
7391
2418
5791
2924
3190
4400
1404
2886
4753
602
4077
3896
155
555
2685
3871
3771
2358
7845
6504
1503
6783
7028
448
7605
5203
4010
135
3190
5264
6052
2359
3898
7844
146
8013
2764
3947
2776
87
2795
1509
182
670
663
2817
160
6782
2425
3901
6218
7020
141
1509
48
2767
2910
54
635
2767
19
228
2767
2767
55
513
48
7007
6982
6982
7164
7074
5343
6118
5855
1116
5924
1373
5342
552
7673
1437
1602
1377
7007
638
6502
407
1630
1130
6029
6153
2019
3387
7073
1507
6152
4126
6000
3340
3342
3387
4182
6155
7033
7645
1345
6853
496
5077
6064
1358
4280
31
503
1371
5311
5342
434
6075
418
362
5297
8044
8141
6000
8019
61
7272
8060
4365
2019
5191
7092
6777
418
63
178
2544
173
264
7283
7613
422
168
6858
2112
8093
8079
5343
7283
7611
2821
5503
5465
3053
3765
169
1491
3746
2777
2596
7579
1491
2390
1243
4581
4604
7094
3122
6968
4560
3334
4218
2997
5191
2402
2820
4787
4756
4152
4150
4140
4757
4111
1535
391
4105
3661
1534
2027
1531
1531
196
204
759
1047
2820
6968
211
6244
3438
5083
5059
8025
1016
3047
1491
6240
1491
1547
1787
1327
1514
3800
2937
2308
2933
1571
1515
3828
5702
2788
754
1539
1011
707
2119
2785
3924
3925
3724
5703
2115
6066
4541
5555
173
4809
4809
7749
7623
7092
2789
5701
4538
776
168
7906
949
4086
4809
4809
2541
6240
2460
969
2788
2366
2255
487
5700
2904
4665
4040
3154
1011
1649
4716
3081
4716
4707
7638
1003
728
3082
2761
719
2806
6789
7004
7004
6787
6834
6999
2776
6741
2773
2773
3080
7812
3803
7828
7679
2085
2101
2131
2105
1651
6052
6049
2956
3122
2839
3445
7679
1852
2716
1832
1853
6826
1790
6905
6159
3915
7347
6435
1853
7418
7674
7823
2260
3177
6534
1852
6930
1840
230
7347
3898
4303
965
4816
4326
4291
2434
3441
4293
4294
7348
2436
7963
7347
6401
3121
4320
3770
2438
5331
4789
5330
4799
1687
6141
1562
7347
5546
1679
3687
2615
5524
2435
5694
4387
7681
7985
6486
2267
5694
2234
753
2231
2231
2800
2640
6455
1691
5829
2235
6455
2401
1716
5853
1681
4775
399
6922
3
1681
4996
34
5853
3800
48
7592
871
4856
2267
7266
6821
2267
7066
2267
7318
2415
1283
1282
871
6003
4614
1555
1282
1283
1481
1329
3786
7336
1647
8086
1614
6591
1170
1870
1743
3069
6252
1561
421
6263
6349
2743
7336
7715
1279
6280
2039
2587
6325
851
2739
1989
420
7880
2587
433
7880
3839
412
2803
412
245
1022
243
353
360
727
1017
627
8158
5039
5815
2585
2545
2545
871
5907
1790
2896
419
390
6144
5917
871
447
3554
2038
1093
2039
3617
2587
3797
3838
5798
5302
434
47
5306
2021
3686
3943
5306
1933
7322
6581
6624
7263
47
2016
5444
2014
5444
3618
7954
8049
4883
6555
11
5303
1327
7917
1496
2323
579
1496
4291
4300
1325
4299
2205
5291
1651
1647
2205
2187
7106
823
5825
5815
2202
2194
2372
822
3439
1236
3191
2204
5446
7129
3439
7134
2204
6639
6441
6487
7685
6441
6166
1614
5596
6440
5400
5831
7127
6835
5574
5497
822
579
6812
6842
7127
1553
5698
1552
5017
1212
578
1553
6137
5652
5681
792
6978
1212
7127
1553
66
2360
1166
579
1175
5289
891
877
4813
5068
3464
3368
5266
5142
7080
6609
7198
6609
7198
1641
7459
6485
6639
2763
5704
386
2763
6574
139
1431
1171
386
2740
6574
2995
3427
4873
4872
2699
4147
8020
8029
8183
2698
6365
4872
6363
6272
6357
1127
4544
419
4203
1831
4147
4573
3105
3092
3157
3852
3168
4572
3426
3425
4563
2763
5399
4591
7191
4953
5470
8118
2763
4903
2743
1550
4203
6089
6724
4203
2424
4145
4878
6613
5187
5230
2738
5200
3502
4054
5667
4145
5986
5165
5163
3496
3499
5052
5977
4201
5977
6724
7191
8071
5989
4578
6146
6641
8088
8066
4524
6332
6316
8062
4804
8052
4469
4700
5018
4747
5107
8071
4859
4407
8089
2572
4700
4690
336
208
2590
8089
4691
538
3150
2342
370
549
711
1821
1769
3789
7102
1170
174
3860
6316
2216
4903
1749
1386
7766
3383
3433
3546
3945
8053
3789
7831
5838
4013
1522
1354
7830
7830
7830
3978
6185
6184
3789
5487
3789
392
3021
3025
7117
393
3024
3039
393
6752
392
2972
8059
5157
5155
1109
5658
6895
3379
4397
3536
3537
7129
6849
5644
5634
7750
1107
5600
1347
1347
3609
5600
5663
2922
4349
1221
872
4682
2884
1107
4784
6917
1041
1109
6318
7816
2887
1209
4432
1245
1120
1470
1263
1038
1055
6312
2887
5372
2922
7995
2540
495
438
3345
2537
1557
3346
3019
3501
3457
2445
3001
4526
3393
4034
3241
4526
6360
5314
6948
2445
7979
5315
8181
5374
4483
7888
7752
6362
2287
6564
2850
2848
7117
2857
2856
7103
7891
3806
4436
1493
6838
7065
6531
5600
4078
2735
1683
7100
6613
7341
1493
7652
2527
6608
3000
7382
3274
7891
3274
3295
3270
5156
5782
5608
4905
7494
4081
5997
7494
4141
4081
5463
4094
5846
7518
5769
6109
5591
4089
1754
1754
7200
7888
8059
320
1688
8056
6533
6973
7486
1272
1269
1167
539
4938
7983
7969
8010
7400
4850
7745
7355
6323
4938
2078
4914
1484
7235
4326
7484
1530
7427
1530
2078
249
6278
191
7894
3594
3923
2736
5730
4854
3769
3665
2077
1442
5729
5746
5746
6887
1343
6928
4854
1309
1308
1794
6234
6238
8023
5570
1589
6940
1922
5565
1794
1795
1330
1588
4937
1440
1440
1588
7546
2329
2874
2878
5185
3965
5185
2130
4105
2073
7100
2064
4863
5860
2129
6934
2065
6923
7885
8010
1705
1349
4491
4495
4488
1354
1549
7443
7490
3879
1370
4495
1053
1548
4379
1440
7873
7694
1793
1234
422
5912
5088
1798
5895
1540
7059
1061
2242
1316
7402
7044
6699
6165
6164
6698
6725
7379
8056
5862
5486
3867
6707
5869
6164
4688
4742
6165
5869
2992
4675
7392
681
868
2732
890
3575
1013
3575
4214
4579
4703
4567
6698
4897
4684
4582
6699
885
4093
4092
890
6693
1984
4222
741
4216
5710
1539
7944
7914
7646
2002
6693
6559
6662
7425
8017
3964
7424
6721
248
5179
116
7424
912
6558
2465
4959
5619
1870
4666
2791
4829
4882
3165
3138
5186
5767
5201
4919
35
7753
1408
6692
2397
7353
1410
3811
7345
35
5767
997
6903
35
1001
35
7780
992
7755
4014
6692
2582
3264
5279
4631
3979
4639
4013
408
2004
5705
1994
746
1994
553
1526
6150
1488
6148
2004
1495
2003
5279
1381
3227
5279
3873
7819
2250
5279
7879
2483
1065
3345
7867
2611
3506
4002
2805
2244
1483
1862
3979
698
698
1761
297
1751
699
1880
699
1986
4437
1993
929
1994
1544
5509
930
953
2023
3329
953
275
466
7244
6286
1654
6389
466
6279
1637
7908
1587
467
936
7593
1542
7593
7593
6738
4911
4911
4911
4875
304
269
4911
3199
7821
747
7821
6064
2305
3446
2308
4123
4691
4690
4108
4693
5762
4693
5810
5810
1690
4710
5886
361
2311
1576
3329
502
1133
7593
1127
1244
3627
1047
3461
6889
4095
6757
3678
7417
3590
7373
2309
6149
6498
2515
2515
1779
2787
3198
3415
3285
1620
7060
1183
3784
6716
5250
6748
4179
6730
5250
6506
7000
5956
3785
3578
1620
3709
747
5954
3200
7433
3577
7782
3207
7461
3253
1779
6491
1966
2429
1159
3054
3054
1361
2523
1964
2410
7787
7104
2436
5121
3055
7785
1965
2504
1977
7785
539
6297
3568
544
6319
6318
5569
3055
749
2997
3199
7865
4822
4941
3461
7865
4643
5896
5942
8039
7864
6317
6496
1389
4888
680
952
6331
926
4422
7003
1941
7922
420
1941
1693
5893
6838
1939
1939
108
2865
2482
2929
3460
2486
1938
4261
145
2520
6616
6249
1937
7864
4043
1228
6349
7030
4284
4509
3055
3846
2653
2975
3855
561
2635
3083
2841
5458
6014
5459
6014
6010
6010
7792
6026
5961
2804
3337
2637
3383
3515
4509
4240
7030
3848
7383
7031
7375
3740
7030
1183
6552
7065
6725
2914
2917
3793
2917
2319
6070
6208
4252
3792
6687
5415
5408
5211
3460
4875
6324
3100
7880
5210
4253
7023
5820
4269
4241
7023
4240
4991
7492
3570
6971
3568
3579
5162
3572
1525
7023
2882
7022
7491
410
3109
3104
6331
2474
8042
1022
908
6309
992
3212
997
3223
7953
1859
7530
7261
6207
6228
7530
7360
899
7651
3090
7305
7875
6387
7336
1919
4544
7579
2854
7613
6263
4544
1100
7568
3949
7597
7561
3786
3920
3908
4723
5078
6573
3221
4545
3212
4274
4260
1037
1018
5126
1006
718
2789
1017
5438
7230
5439
6991
5893
5957
5919
6507
6974
3580
7142
6309
7071
6209
3282
6140
3281
1215
5952
6383
2139
2189
3846
2226
1142
2189
3383
2188
3083
2485
6619
5148
5163
2189
6805
5667
5434
2484
6854
6235
7077
6807
6807
4224
2359
2930
4839
4641
5897
4224
6807
7364
7838
7247
7844
6445
7253
7247
5337
5363
1292
4226
6233
6218
5334
6120
5709
6138
5548
6230
6005
7097
6584
5697
7097
7091
2911
6937
6213
2438
7091
2806
2770
1656
5957
2271
7554
4291
6422
1339
1403
1388
1326
19
1516
1292
1294
4347
4347
4347
1322
1380
7821
7757
7764
7252
2440
6611
6780
6550
4028
6780
4029
4951
6124
5953
4828
5789
3621
6781
2202
3620
7555
3079
5953
1294
2004
1748
5952
7796
3085
5983
3078
5617
7805
7780
3742
3621
3772
7783
271
3740
3738
2863
3742
5727
7121
2819
7798
3902
7556
295
1497
3255
6830
3214
291
3338
3012
1015
7380
3050
3338
3408
5204
2590
2375
8118
7555
6188
6438
5420
5529
6543
5778
6617
5793
3782
3776
5857
3590
2373
3903
240
4721
360
3713
116
3938
3352
3960
3713
3900
6603
8191
3133
907
5543
3900
8188
5990
8151
6621
3530
6218
4130
6079
1758
703
5990
858
5146
5373
2561
2607
5345
6015
1760
6050
5649
433
501
5423
5423
4083
2557
2364
4071
2550
887
7554
2505
2367
3971
3044
819
819
6041
4781
2471
2493
2471
5651
3991
8098
7407
2053
1615
7407
1921
2203
2195
7407
4561
5546
4189
7509
7511
2134
7285
8189
1921
2474
4854
923
815
4191
4288
779
818
4062
4306
8132
5050
5007
432
4061
6257
4250
1818
1603
497
295
8046
7680
4061
8043
6500
7787
7790
3647
776
777
4255
7184
7625
543
8187
8091
4073
3941
7406
935
2050
5651
3152
2813
3277
4077
5055
519
4814
231
2709
517
5825
6927
6961
6927
5633
885
8110
8147
6926
4344
8147
886
2178
4307
6927
2458
2456
7911
5633
934
5651
6926
6925
6394
2807
6123
4029
5703
7670
5553
3684
3896
6258
934
2623
7511
5190
5217
5132
5148
6123
5209
5415
5324
4989
4195
5080
4563
5999
7247
7925
887
2614
1188
5281
2614
6123
2621
6983
6123
5998
6655
85
6655
59
1427
7276
767
5282
887
6977
5280
5258
800
182
801
1586
1143
801
800
3382
3444
3420
1427
2086
2508
1250
3723
1250
3261
1448
4787
7715
7712
5758
2522
1834
2307
5652
1334
7715
6739
6680
2284
3610
1448
6713
3847
6915
7283
7223
3261
2623
5653
3261
3221
3229
2622
5232
3737
3738
4417
2623
4424
4491
6877
5310
4537
5310
4512
5311
5591
3261
4537
6682
2553
6502
6617
5311
3790
4506
6965
2552
6616
2450
3855
3799
7591
7604
7211
7614
2452
5654
1962
5645
4455
7558
2533
6182
8001
4455
1770
2142
182
5655
6861
5739
5742
4726
183
4630
2280
2238
2201
7860
2216
7776
1507
6258
3847
7870
2528
5896
5655
5159
7280
6861
2910
5159
6518
6860
6860
4910
5896
7797
4538
4536
3027
2228
5921
4543
5920
5920
5921
4543
4425
4522
6265
2467
2895
8028
6254
1689
1694
1683
2334
6239
6268
7797
1250
4359
4372
113
4353
14
7539
4364
7965
5919
342
14
321
2889
5555
5380
116
2450
112
946
4441
4554
7901
4426
4430
954
5903
955
7277
4964
6017
4961
937
4928
5957
6094
4811
5045
389
118
298
583
50
14
1506
6945
259
259
277
4811
8071
7444
6353
2467
8177
8084
5094
8120
4830
8090
6535
7444
14
2452
1933
4511
1628
798
5972
7470
3636
2464
6711
5636
4217
5943
5735
4515
5637
3243
1381
2464
7145
5633
5093
1911
7478
1544
474
30
565
7562
7589
7602
1626
7663
1706
4403
7344
2052
6535
2049
7344
1389
1439
2126
6946
1872
2076
3278
4958
5303
5297
6271
7344
596
7233
595
7183
6201
8049
7207
2996
5851
5795
7202
6985
5526
7345
1868
5526
4935
1868
4033
8049
2794
1356
7847
4930
7930
7928
7894
7834
3242
1237
2957
1441
1231
1176
1183
2958
2358
2517
2997
2970
4916
7531
7446
2516
5829
7818
2871
2996
6106
3007
7812
6400
346
853
6106
5495
7861
7390
6643
6082
4916
1014
346
6528
2035
7967
6722
7458
4329
6081
6682
3496
3394
5397
4123
4987
4301
4970
4126
6722
5397
346
5844
367
7835
7835
5846
4696
6822
676
247
1364
642
4540
3817
2377
5515
7458
5528
5017
3243
6099
6788
5567
6488
5560
6937
6942
2376
4144
4312
4521
236
201
1869
5019
3863
3985
5019
5016
4460
6496
254
131
128
7907
6954
983
5195
4069
1732
3120
3198
7458
1868
3196
1718
8142
7013
5928
4655
3192
2426
4742
5848
451
5200
493
3606
7449
2213
5449
5168
1439
2994
7770
7770
1432
4242
4225
346
3816
4238
2165
3816
2927
4120
1934
3103
3877
4100
1934
709
1935
1934
7013
3100
695
6910
606
3420
3284
639
2599
7683
1185
7284
1730
7015
7284
429
425
7281
2741
2741
7013
1584
415
2500
1500
7115
413
3284
1184
3281
3441
2500
2051
2768
2640
6781
2567
6332
6277
4275
566
6768
6031
2500
327
6275
362
4675
6277
3578
6272
3578
2566
2526
184
187
186
3095
3230
177
2524
2534
7119
1215
2532
7828
7828
7826
6305
7827
2501
7284
2511
2343
2501
2343
79
79
6383
4592
2542
79
2331
6388
4244
5560
6051
3170
79
3116
3139
231
6381
7287
6871
6868
4878
1122
5991
2051
6736
3595
3489
6736
2930
5988
7379
6862
7211
90
2733
5273
7020
7021
2722
6782
6382
3405
2754
5272
5272
7039
3951
6860
3857
6778
7011
7099
7103
6770
1060
4006
3073
1461
437
4055
3156
5273
3866
3867
2378
2431
1468
2406
1855
5408
2355
7064
4640
6532
1722
6240
1361
5544
1056
6258
4640
4279
4279
4279
4279
846
7039
1887
3070
7698
7039
3508
3118
6900
7039
6715
1198
5935
4643
4623
5946
1266
5964
945
1546
5494
6082
6716
1096
1321
3906
58
863
860
134
1179
945
4159
8103
380
7129
5234
6790
6842
5220
381
6664
4563
6839
6870
4560
4565
3663
6667
11
4750
219
342
10
38
6869
3663
4766
3033
325
6215
6237
347
325
7215
359
366
341
30
7378
7378
1693
30
1972
31
3036
2209
2232
3360
1886
2137
2653
3364
3304
4781
3070
5478
437
6664
5616
3473
5484
5283
3473
3473
6869
2019
6964
369
6965
3367
1887
2022
3198
1131
1108
2080
1463
2847
3473
6870
6451
844
6857
2135
7259
388
6449
2074
844
2575
4049
4073
6452
683
4194
2087
4984
2089
5680
7045
6028
7065
2575
7047
6524
7047
4488
2902
4714
3189
5856
4489
2678
975
6894
706
1598
1303
6453
2676
5436
3598
495
495
3599
5240
2782
3859
7278
6883
7301
7385
7380
7442
997
6884
836
840
76
3041
2250
2318
7491
3042
7491
3900
4032
7509
7397
5409
3874
2993
7306
1840
1825
5592
4435
5593
697
8118
4376
8119
1827
6688
4120
4130
7329
6206
6954
3279
7799
6413
5735
6758
6754
844
2100
2119
2602
4309
3683
7376
3889
2533
2493
3683
2739
7329
3716
6911
7335
4796
6910
7332
4796
1837
6452
8035
7780
7759
7759
1836
4801
4810
3880
4744
7297
4833
4879
6014
5994
3103
2043
7262
6740
5606
5607
6251
3891
7858
5931
7332
5300
1547
1547
1539
5818
5340
5283
5178
5479
5451
5233
1188
2602
6651
6471
1313
1313
7027
1295
4434
5693
4464
4429
4421
6367
3455
3453
3454
3454
1508
3448
1623
1734
4141
1506
186
545
3452
1889
4141
531
534
3449
204
6294
255
6098
6253
1506
5591
8111
5593
5074
1508
6322
6425
1687
2065
2567
5072
6691
158
6307
2075
5969
1317
2567
1044
657
2571
1630
418
3479
1661
3277
3527
5142
4071
3167
3012
7279
7294
1175
2569
4037
3918
7294
2572
7713
6222
2649
8178
1207
8015
17
5524
7434
5524
991
3650
2278
3438
3439
2316
943
943
6212
6214
4571
4569
4577
1078
4579
6446
7615
2421
5355
7642
8180
7642
1210
7644
4330
5355
3382
3384
3645
7139
3662
3386
3382
4637
2225
5768
1078
4634
5813
2536
6250
7136
7137
7138
6602
16
3483
6602
6255
1090
250
202
3187
6222
1611
8018
2837
998
2351
1887
690
1023
7138
81
3277
5145
7054
5820
199
1076
6162
199
2446
1076
6483
2516
2351
6291
1077
2351
2351
6291
3989
3600
1576
773
1575
6434
1077
7990
6410
81
6483
745
5819
886
3990
7940
883
3990
5255
7274
2085
2095
5511
3753
3372
1655
3989
3337
2485
6527
3322
7093
1174
4063
7097
4062
4051
1024
835
3627
7462
5525
6724
6226
7253
4050
2449
140
902
165
1213
8038
2752
2730
5525
2366
2725
555
3423
6311
5532
3422
6578
1428
6778
8036
6079
3421
7632
3421
5532
7673
8050
6875
1827
6030
4704
4697
5727
1608
2449
4705
5774
4688
4701
4638
4704
3600
8138
8007
6361
5939
298
1823
6388
1803
1814
509
6360
6276
2241
4704
2867
6274
3071
5939
1181
3780
5939
4551
3071
5936
3863
2682
4822
5162
2670
5399
5209
3865
5214
2670
2692
5565
4508
3492
1603
964
7314
3865
6172
2689
6207
6205
6205
2681
6202
4253
967
971
555
3644
4241
349
532
6530
1014
215
3784
4637
668
21
201
666
697
2054
483
6530
2137
6682
555
475
7050
189
189
5794
1288
1175
6635
1528
1527
1161
4637
1101
1600
2904
2684
5736
5795
2465
4779
5736
951
4615
5691
4901
1883
2604
3123
1911
2369
1864
1242
7330
1787
235
1073
460
2605
2582
1442
2123
5729
5736
2507
7406
1768
7406
5794
5800
1504
3216
2496
4060
1027
6600
552
6643
6405
1214
799
6601
6605
6419
1504
2888
2649
1504
7927
2379
1505
2703
1233
2697
3227
4016
7148
4017
3225
3227
6356
8002
3019
3011
427
3020
2703
4180
2246
4184
4184
2261
5167
3425
1027
2775
5366
521
6443
4244
520
4285
4245
369
7165
6739
2167
2913
1702
856
827
860
7642
1713
1713
757
7330
7331
7331
936
3013
3950
757
3059
226
6783
4186
7970
6831
6754
238
7457
7680
4197
4556
4180
7744
2949
4186
4570
6831
6831
51
7707
6831
6902
6456
2835
1235
5828
2329
2966
2968
6631
1930
5548
6080
6840
5509
5468
6837
5514
4186
5828
6816
4303
4342
4373
5463
7449
6567
5528
2399
5818
3666
3220
5794
2254
4186
2286
6611
7026
3203
2346
7687
1657
6590
3202
7463
748
531
640
4420
7463
5590
344
8176
7222
7273
706
298
6053
7210
169
296
6055
4090
190
2847
191
3807
2845
5070
2845
4573
2846
4421
6195
7682
8021
8021
3972
1191
1191
3287
4236
1571
1114
4237
1964
1274
2230
2931
6068
1275
4262
756
1226
7808
5538
4341
7225
7228
6025
1548
4341
1600
5834
5800
5864
1762
1772
7768
2346
4066
1763
5544
7683
1226
7687
6257
854
930
7884
1631
6016
1760
4858
1414
1061
1548
4859
3121
3104
6822
1239
7048
3075
7883
3076
5117
7680
1273
7800
7788
8183
1583
7687
6580
239
7805
956
914
5116
6632
1593
913
4661
4859
4858
1954
5612
1844
1949
1829
913
1593
5713
4226
4069
5749
3952
317
6893
4642
1208
5483
914
2904
5356
5470
6092
7927
4987
5421
1199
1251
2414
1350
4336
6800
4043
4040
381
3988
4935
5004
229
5612
238
226
3989
3246
4750
5516
5874
3558
6787
4907
3053
4504
4504
451
6797
5004
6803
2960
4528
4221
4890
4906
6402
134
3987
448
5811
5811
5612
359
7575
7218
7404
6943
7903
7054
1674
1200
4676
7923
5004
5221
3988
5212
5203
5203
5382
5197
5887
4807
7426
7467
4701
1624
5005
5197
5446
5446
5440
5168
5453
3160
3940
1705
3085
6035
1624
2908
1422
1317
7611
5419
7575
7611
4588
6714
3701
7610
6877
5075
862
4176
3227
1074
7610
3225
4351
2569
2571
4593
2805
394
658
209
7556
4582
659
7466
416
6158
5374
1070
1720
3308
4561
3897
3700
7522
3317
2779
3911
3867
2803
7404
2682
4836
5374
2780
56
6044
2674
6566
5777
5060
7510
4578
4592
1647
251
1083
1260
1264
1184
1083
6566
6309
147
3141
4587
4221
522
527
1646
7663
7908
7509
7867
4335
972
432
2921
4318
3618
4017
527
3164
2881
527
551
432
7825
6565
4542
4195
5797
5813
5823
4319
6129
5787
6156
4319
1193
7522
550
101
7834
2436
1173
7832
5567
7833
3588
3693
7832
7455
7491
1165
1128
1103
4009
616
1728
1752
3396
2714
2723
2707
4009
3851
1744
1739
1728
3778
7011
617
6565
6998
7690
7000
299
651
5243
3589
3599
4551
121
544
428
544
2747
3307
7594
2355
2431
1059
1662
2342
2893
7594
2746
2921
145
2324
2439
2751
6201
6179
6358
7595
7674
2227
4715
5872
7635
2198
4713
3866
3315
3315
4680
121
1089
7636
149
4574
1759
120
5060
5057
1249
7595
709
380
120
378
1214
4135
4097
4653
6908
4463
4654
6233
6908
7636
6755
6755
2903
6753
7081
7645
6774
8064
7101
7557
2769
4098
2844
5564
3059
7535
2838
2957
6881
2690
5386
4654
5172
6766
4098
5440
2574
6456
6383
5791
4900
2972
5650
3498
3353
3392
5441
2883
5463
2361
5562
2407
8190
8191
1390
6331
1732
6325
1391
1141
1761
7153
2969
1894
6970
6706
1272
1276
2957
1264
1267
4938
1140
1142
4985
4970
4969
3587
3584
4964
6043
3666
3651
6652
5403
6991
3665
5954
6011
6008
6308
7985
1140
2899
5403
2215
4015
89
6870
2370
2215
5723
3586
4520
6962
3344
4382
3349
4653
4278
5021
1179
7227
1695
3587
89
944
6865
3724
7959
2288
6227
6829
5238
6850
2860
2091
3031
2962
1096
6261
4917
90
5214
90
4241
6271
3961
8133
7620
7621
5715
4449
4501
3140
4418
2567
7627
4459
2589
4633
2586
4608
7867
4153
6839
1449
6658
7616
7876
6221
2180
6714
4754
4754
3729
6714
745
744
1688
8081
681
7340
6688
7260
7377
6379
5005
2075
3870
6087
5855
6963
6311
7328
1246
7892
6692
6199
7755
7596
2102
6715
6897
7591
7588
8109
8149
603
5862
267
1659
1658
1030
3973
6021
2794
2326
3224
376
56
6070
5043
1738
5765
4454
2829
269
7396
7311
2548
5948
5698
5341
2549
2920
5629
5890
872
2920
6102
1142
2807
7136
3768
903
2102
6483
6470
2972
61
4273
4503
4237
5434
5423
4266
4259
1640
6904
316
1735
1734
7876
856
1875
6069
488
610
4993
6952
1850
1020
314
7170
226
1884
4385
8098
2778
8170
3479
4385
4992
8120
8098
6066
3811
2103
3478
892
2102
7088
7050
4947
5843
326
6141
5642
1126
5147
1565
1064
1890
1911
1489
8047
5139
1301
449
4909
1004
5139
5139
4903
4655
2143
4254
6368
6392
2333
835
2325
2884
2890
2296
6533
3753
4351
7040
6569
623
3478
884
884
2142
2909
4512
4390
8073
7896
1958
8121
7266
8127
8123
8140
4448
4336
3169
5001
5365
3431
5395
3084
2325
812
2333
806
3953
3959
7887
813
683
808
5143
309
5177
5439
3063
5599
5819
7893
5881
3276
5194
5231
5536
5539
2551
4390
5417
5365
6410
7818
5364
3759
5364
6578
5352
1982
1970
8159
4349
6989
4345
5465
8155
5498
5841
5498
8152
5817
100
5792
8085
1115
5542
8125
464
2408
8156
130
5160
2096
3276
3279
3276
6256
5621
7229
7933
2618
3747
4908
2409
2195
2278
6256
4358
2892
1348
1645
958
943
7912
1639
5601
5398
1169
5006
1028
7958
2826
861
790
461
2810
475
485
2827
2953
5081
7707
8171
4921
4339
4639
5315
8055
8179
4751
5161
7163
820
821
2784
4333
2762
7134
7590
8011
5054
5055
6523
2677
5081
2282
2251
4897
6647
5000
5161
332
2593
2579
334
4381
4763
2579
4770
5160
5658
7585
5782
8077
2595
2593
5782
2536
2558
2558
2764
2177
2808
2555
2331
7245
2967
4908
1430
2948
5517
7244
7244
7523
1429
7549
368
3592
7245
5962
5959
5889
243
5361
5128
1545
6007
3603
1545
4372
4401
4780
5019
4548
513
4362
5998
4402
4862
5962
4555
6524
537
487
5031
1924
288
487
263
1285
249
3681
3510
1006
315
7595
4073
4607
88
721
4079
3637
3510
109
657
291
7592
493
3066
1058
3468
138
202
1038
1412
7584
1308
1139
3680
1381
1291
3398
3395
3539
5101
4742
278
4453
4792
5098
7788
278
2041
1841
278
2149
2224
2239
1513
6704
1281
371
3511
3489
7036
3259
4912
3559
3210
4865
1590
4017
774
4481
7730
3038
26
6039
791
372
654
7241
5323
5343
4481
7195
5294
795
652
135
6269
135
6642
6719
6834
6793
6718
6263
4977
794
7310
6828
20
6828
233
204
3123
654
2117
979
8178
437
3040
451
3123
461
24
7938
2200
6824
6838
2266
5097
513
6409
6823
3120
5063
5602
3418
3329
6529
3108
6571
6829
2642
2696
519
4265
6767
6572
7978
7960
7456
7466
4265
371
4420
7622
4270
7677
5719
4270
2381
4421
4927
2672
2899
6785
2618
6772
2910
2684
6966
4607
4627
1305
4238
5361
4634
6407
5517
3123
6410
805
1689
8050
1718
805
2406
1171
8031
1305
6191
1249
806
804
1263
7759
1305
7368
8037
1304
3247
7274
3246
7264
7916
6091
5190
3035
7992
7986
7248
7250
3032
741
5988
4446
5477
6107
7049
5763
5581
5567
6246
595
5058
593
7251
4578
742
187
83
525
195
138
374
6216
4213
4368
5224
158
3659
55
6995
6850
5222
3658
6783
6756
5217
6890
6
86
5224
846
309
7441
176
1765
6441
6631
954
1859
1376
2737
3359
6986
3615
924
4199
7643
4585
947
870
1859
4559
873
119
49
272
5542
3685
5631
922
6091
5201
7930
2905
1501
1396
921
111
921
8077
922
8076
444
221
21
7676
6986
8076
7676
7575
7671
7603
374
1980
7539
1756
1949
1177
1931
1923
1926
1561
1925
1150
7431
1930
1931
5942
5708
6001
1170
6310
6809
6794
7249
7177
7424
2224
7192
7441
1162
5015
6199
29
1309
4837
1799
2011
3988
2014
3760
3867
7054
5931
1928
4247
7899
2497
4247
4427
5371
1208
1925
4247
1128
8030
7040
4247
7275
7450
5930
7773
5929
4523
7866
29
7248
7714
7932
7096
3375
809
1216
4534
8176
4657
4871
1216
1055
4523
1536
1921
7922
7923
8167
2024
4175
6670
7628
478
3420
3437
5755
2551
7513
7513
7470
3671
4401
7647
2345
3763
5744
2551
5745
2527
3408
1075
1187
4705
1051
5011
497
289
5011
8183
4330
5747
482
1742
7230
4711
5831
5010
5842
5010
5010
4597
3348
5011
5011
4607
4208
252
5556
5747
3419
7402
7417
3466
128
193
7100
7910
5557
192
3466
6989
3466
463
1399
1685
1713
6059
5248
2550
5637
2550
2868
3466
4190
5268
7971
5271
2163
1627
5503
5124
5493
1146
1627
2377
1574
5126
6406
1444
7971
1370
5259
604
1019
2745
7002
7032
2745
2985
4135
1137
6766
8047
5103
547
962
641
1884
1884
3932
1627
1627
2570
4868
4903
4440
3013
6297
641
3014
3905
4091
1723
815
6661
1648
4687
1155
7987
4093
3316
3316
6661
177
3557
3995
2246
179
178
2935
2509
377
2509
179
1209
1203
3671
179
4168
3669
5385
6170
719
6174
1823
6161
6169
3533
5790
6168
3467
2521
3539
3182
2723
6303
646
719
1804
7272
3193
3958
1804
719
3361
4355
3112
3113
3107
3119
646
7025
5727
718
1804
7021
6990
6708
647
5727
3892
2510
7028
5510
5843
7196
7197
5836
7196
4367
7083
7074
4354
1702
1717
5715
2306
2471
5188
2930
423
5141
5150
416
5143
4389
6104
86
1019
5141
2954
5553
5518
107
2783
2760
5838
3933
2331
3711
5276
2362
7132
6742
739
889
813
915
7017
6551
7179
1198
5510
8155
8153
5208
3087
2363
2363
3642
7217
2362
6564
5611
2408
1018
2490
2481
1546
724
2356
5511
918
8113
2434
5504
6308
6293
919
6330
2356
431
2336
1775
414
7646
7570
3743
7677
5098
5614
3287
7288
1766
1778
5614
3875
5839
3899
8143
4127
4583
4865
4895
5839
4975
5610
2518
1471
374
1116
316
85
4111
4101
2355
4479
43
83
4127
8146
345
776
5395
5392
878
1280
7650
1848
4101
1775
1835
1215
3763
479
4099
3186
3362
3093
1609
2179
3520
2459
4500
7389
6358
5839
6354
2468
1612
1203
1612
5737
2469
3010
5838
2528
5675
3938
2534
1919
2639
6929
4360
4361
4360
2129
6934
25
6096
6874
3583
1531
2471
2468
6848
2623
4875
5106
1303
1135
1135
3387
1135
3093
3265
2407
7058
7047
1135
7157
5956
4158
4955
4360
5874
6851
6918
6399
3635
4712
3677
3706
4955
5877
3264
5675
3271
4857
5875
3265
2663
4983
6938
6488
6494
2664
2645
4837
3939
3591
4855
4955
2645
4955
993
7924
999
7599
7598
982
999
4474
5230
3921
1539
4321
8090
7250
8090
7510
7233
7243
7255
4328
947
4322
897
8094
7875
4322
2981
7239
3456
7239
2961
1318
2846
5230
4079
1558
2327
4094
4746
4368
4805
1558
6851
4322
4810
2493
4786
7334
734
5229
5229
395
959
959
6790
7334
7356
2853
2978
5597
4828
5087
4898
728
1969
2068
1021
2748
4385
1538
1666
1557
2115
2144
2342
3941
2497
3114
1575
3025
3790
6853
2068
6806
1580
1598
6661
7868
3735
6056
1969
2612
3733
540
608
46
1581
4378
1641
1807
3224
1970
6062
947
6345
4884
5911
6003
1976
2123
1970
6251
7182
6432
6426
1573
2746
7357
2127
6579
7266
2939
4898
5802
5963
4898
6440
2980
7853
2980
4898
7920
7921
4416
4348
4274
7660
7920
7921
3851
7468
3687
7467
1899
2939
1609
1133
1225
290
7646
624
4829
526
1300
5554
40
41
319
59
7644
4837
8153
1958
5631
5572
8100
8101
7782
4332
5663
4907
5887
5887
1828
5284
6035
6016
4966
1829
1943
4947
4726
6300
1976
1290
1455
1472
4187
1601
1777
600
1483
1304
1973
490
1878
4891
4187
1123
1288
4047
6547
3060
600
1230
3063
5439
2735
1600
4866
1230
4370
5459
551
2557
2811
4
78
4919
146
162
729
5457
8113
5456
6163
1871
5457
7369
6501
6145
7949
1871
6171
601
6255
5829
8134
511
1956
5853
4332
491
185
7660
5807
4410
4409
4470
185
7820
3952
3919
3966
3139
162
490
7879
4471
490
7921
6527
763
7286
601
8040
7997
7872
8162
8043
8181
8043
8177
927
734
6241
3875
5318
3872
5306
7879
3875
5544
3874
6343
5379
2508
1246
5178
5347
5163
5159
1247
5383
7879
1204
2673
6983
6272
6273
5204
5379
5745
6460
5783
7101
7671
7664
5816
5194
7829
8111
8113
2535
5382
4326
7664
7831
4775
7671
7948
984
7845
6813
7383
4291
7307
4290
1393
6812
965
6812
969
5383
4467
4725
1415
1213
4769
4552
3000
4575
7825
1834
4919
7824
3589
5184
5134
5235
5151
4918
7534
7426
4720
7531
4768
8019
855
8004
2987
3002
2999
4545
4274
3043
6229
4626
6211
6646
6220
6521
4275
4387
585
4394
759
4378
5427
4545
1340
3407
7617
4627
3434
3131
5131
3470
7693
6764
4770
3492
2781
4566
3495
2781
4320
6764
5342
7695
6423
6422
1602
6421
3483
354
4321
217
6423
1594
1594
1324
2834
4503
2954
7557
1589
3857
4275
3925
1908
3876
3998
1908
3284
5378
5207
5197
5411
7374
5240
5552
5213
7766
2979
4402
7767
2453
4774
4997
2890
5117
700
2125
2683
136
1324
1340
1179
5362
94
694
74
2674
1590
3340
2772
462
2772
300
2537
355
293
190
1064
4910
2476
1487
1124
2786
5336
2771
2708
1184
3359
5947
2752
6643
4915
4917
5923
5677
7576
4968
5562
4904
4895
2554
7582
1792
1882
2303
6442
3428
1719
2217
3430
2554
7583
1020
6815
3939
1166
3310
3958
1091
1701
3297
5430
7941
5425
7732
7854
1862
3619
4667
2302
3719
3827
2637
4946
2818
4667
2638
2124
2307
6442
7278
3827
4096
2125
6442
6884
6902
4128
6825
6658
1271
1269
2749
7498
2423
6443
4227
7358
8011
4225
2978
4239
506
1374
7576
7357
1042
7356
2748
2283
7356
978
6521
1951
7893
2928
2937
1227
7169
6628
7535
943
8008
5601
4249
4502
5601
8112
4530
6358
5298
3024
215
209
2144
2444
6729
7025
6697
6548
2999
6770
1163
2539
2961
3286
2855
1163
1363
2950
3091
1261
1259
1262
2124
6223
2839
3821
7169
7236
6226
6903
7185
5823
6610
5821
6084
5519
7487
5210
4496
2354
4483
7557
7185
5506
4355
5482
5507
4370
2900
2891
2901
5205
4531
4573
2900
2901
5073
4052
4370
4055
2892
2361
3955
3953
1160
8034
2365
8032
4379
7767
3969
1165
455
3952
1253
7973
6576
8174
6576
6771
1249
6585
189
3660
6581
2868
5416
3325
2435
7721
1785
3325
5077
4594
1536
3228
3594
3862
3221
1550
2521
2443
5514
2400
2521
2885
2928
2925
1875
548
1769
8013
1194
3950
7948
874
3290
2441
1943
8027
3661
3660
1893
1111
2199
1088
3121
1090
3660
2222
2222
4650
2084
2279
2205
1561
7481
6794
3975
6815
1115
2435
6229
6444
1561
7180
5756
5771
5851
5757
5637
5645
5701
824
824
1574
825
5193
1597
3697
1568
5192
1573
1568
825
855
1574
2157
2153
3951
3920
595
7222
4736
2153
7752
1224
7754
67
113
4736
3268
1803
4894
592
2011
3270
1281
7996
67
5499
594
67
4163
6734
6727
5284
67
6732
8071
5875
8125
4694
2087
5428
8064
8064
3268
5427
3173
5926
3170
3172
5285
4673
3171
4970
5893
4119
1373
5895
1169
4177
5522
5445
5506
4118
4506
1533
5894
5285
3963
5447
1966
1838
3954
3964
4501
4542
5445
7779
1803
1435
2542
1415
7901
7779
5267
5265
5284
7462
1805
5596
3922
7462
6481
5480
5549
7939
7939
7445
7445
4376
2185
3528
3528
4588
3528
4561
5265
5471
1435
4048
4011
2184
1540
1540
3905
7384
4010
3098
3790
4962
4067
7115
2082
2062
2077
6867
145
6716
4135
4133
152
251
7012
7889
2057
2579
177
2056
4493
5266
384
6964
1529
2357
3167
1520
5460
7385
1520
8014
7319
7349
6596
5730
7064
7812
7681
3166
4220
2949
4220
4209
2999
4209
3983
3
3983
5730
6925
1525
4251
4899
7388
5397
6923
2595
994
902
902
257
3579
4442
3264
2571
5724
257
1520
4030
1186
1187
4006
2808
6321
6321
56
6327
6923
591
1724
7539
47
7542
3475
7837
7661
7832
3475
7499
2010
7809
7813
1528
1527
3106
3125
2005
1151
7966
7939
11
3418
0
1565
683
5253
5253
1736
3373
335
1527
4461
1747
5857
1529
5878
5789
1371
3385
267
1683
1715
1674
1687
4463
2940
2311
5529
2352
2307
5388
5223
3019
2407
2639
875
6151
834
6439
5388
6194
6178
5511
2608
5573
1159
2488
5574
3359
2330
7207
2680
3916
6528
847
7008
2659
5587
6737
2835
840
5398
2659
5610
5566
7222
5380
2680
6518
1026
2518
2625
2633
2791
2378
6519
2347
2620
2501
3016
2795
1027
6519
2240
2350
4003
6849
6369
6850
2791
2180
7594
2187
6405
6630
6503
6424
6171
6413
1801
6426
7397
4712
6519
842
7456
6243
7457
159
6247
5934
1447
1088
1094
6851
780
1103
842
770
7463
832
5555
5582
5589
7440
845
3341
845
4156
4156
7147
5924
4277
7452
4273
4159
4273
1230
4593
6313
4271
4715
2039
1851
4423
328
6245
5469
1664
5467
6247
4277
3593
5502
3613
6514
5903
6947
6477
6514
6933
1900
1063
6515
1262
1891
6446
1053
2025
1890
2749
1863
2314
1257
6447
3478
6515
6477
6245
5327
1263
6005
7721
2660
5209
6004
3961
6004
2384
3963
7352
574
3059
3887
6559
6004
3643
1308
2431
1039
4791
7062
2385
6284
4784
4784
2350
6683
3353
3070
4429
6880
3352
3415
3356
6245
3587
3586
4786
3662
4084
2259
4786
6284
620
1865
637
8009
7084
5428
5915
3747
2343
5620
1988
5472
7043
2001
5621
4251
4510
1935
8116
4278
4510
1959
7400
6285
8117
928
8117
987
3486
4466
3513
1089
4045
4924
4842
5891
923
8116
1931
4803
7839
2470
2486
3051
2951
4803
4807
7810
2802
2609
2439
2473
2467
3713
4817
4825
6532
7165
4803
4778
3967
4722
6712
7819
4785
4699
6543
5720
752
7062
655
7046
6662
6529
4812
6840
6854
5226
4778
5377
6784
7267
5396
7268
4803
5671
4131
60
60
7831
2122
5227
6583
6558
6558
5134
2123
2219
2292
3031
3037
268
5134
1447
5991
1103
6694
4151
4038
2677
1136
5671
2233
835
2198
2134
2775
1143
4026
3204
1138
2489
4493
867
6293
4944
867
2491
5916
835
2313
2313
2324
2312
841
879
2281
1174
1171
7063
5671
1202
1202
5314
2280
5559
5556
5508
5631
1202
2312
4979
6469
3718
2516
6440
4979
3630
1465
6936
4468
3630
5670
2397
1852
2392
5669
5015
5014
2383
5670
1619
562
566
5006
632
4177
4179
6723
650
4395
1619
4167
3137
4395
677
7212
645
1619
3311
8117
5000
8123
6295
4250
1619
7410
1379
5960
4109
767
2455
898
7410
5002
6823
4720
6823
5668
4269
6295
4428
1149
4269
6295
2539
1077
6295
1779
2799
1802
367
1959
766
1061
3669
7886
2806
7881
7800
2643
2129
1802
7318
7086
1985
1985
4276
2643
7564
7653
7012
7655
6821
368
7637
3657
7637
921
3035
6743
5258
2753
6743
2845
6931
6931
4276
6975
6975
6847
7857
992
7679
7590
7583
5006
766
7858
7858
6846
1940
1677
6723
1003
4608
6686
348
317
53
6686
1670
4583
3152
4602
4188
1282
1940
1021
1324
2676
2596
3965
583
1945
581
632
6846
427
5762
4259
4258
4258
4258
3523
694
5761
1018
1944
5092
534
702
2966
465
486
423
2964
8116
1327
2597
6102
3831
6099
3791
4023
821
5541
6974
820
6847
2283
7614
2178
2455
3837
4229
5260
5178
6655
3712
2598
3616
4993
4343
4708
6655
4340
7410
4229
4140
7587
1323
4129
2153
4139
6218
6223
4131
728
731
1513
5001
2277
4571
7587
4333
8014
4314
7606
7121
1741
5916
1492
8002
7215
4890
5050
5911
4859
7359
1740
300
295
5003
7716
818
2844
6938
3737
2286
1857
3010
6938
2965
7042
5911
4891
3911
1467
2505
6620
1857
3906
5798
3523
5226
7568
5858
6355
5643
8174
6053
1856
1951
3028
1839
4130
7620
1716
1719
7620
7618
5623
7151
1628
7618
7411
1714
4471
477
2487
1834
4309
498
2974
2959
2753
5084
6955
2263
4323
1348
3808
499
6138
5190
3526
853
5391
4546
6138
4550
4363
1986
1990
1485
1474
7148
7206
3250
7951
1437
4855
4774
3250
851
4740
7951
4466
3472
4686
7724
6136
2794
8014
2983
4495
5643
2905
701
696
7967
893
5317
5322
5643
5327
1738
37
7967
7681
7778
187
491
143
191
1439
1348
190
8008
1996
1996
1515
2380
1510
3885
3266
3333
499
3335
3948
4945
5018
3920
5643
5084
4751
1729
1734
1731
1743
2099
1571
7265
1104
1563
6697
3001
4562
2152
2155
7265
2154
2155
4070
5433
4070
4067
4065
3149
489
2099
3347
5793
1438
2099
1347
3564
6340
5084
6539
3293
5363
8013
6846
2651
7412
1345
2637
2638
7669
8189
8188
5207
5366
5411
5796
1186
1180
7668
489
8005
2568
2597
6705
8151
2606
8170
2600
6501
4802
6501
5013
481
410
2866
5364
2286
3032
5898
2287
2842
5107
3455
6705
3177
1401
6705
3194
7485
1401
6705
3569
6462
6560
6447
7527
7742
6447
7168
875
5188
1400
5243
5232
6871
7527
1400
5199
5184
6848
2620
4431
6901
2099
6914
4335
6876
6907
4878
6236
6173
2621
6156
8009
1674
1691
1683
7872
6154
1975
4648
5372
7383
4652
859
7259
858
854
7193
935
3476
5087
5433
5499
1873
3446
5536
7077
3548
3451
944
957
3549
803
6868
857
3451
4473
857
4243
2915
3548
3548
465
33
33
860
32
1050
7110
32
462
803
1811
5901
183
4429
254
7999
254
255
8160
8150
6882
8187
6895
8150
8158
188
188
188
7851
3798
3796
3342
3273
850
3273
6149
255
850
6822
8042
4792
2243
3379
2029
4795
2026
4749
5683
1302
4902
7705
142
1425
2242
6940
4902
8083
5972
7943
5977
5987
451
6007
1726
2514
2242
5987
4616
3058
2488
3453
7630
2397
7704
2241
6806
1892
493
7675
6854
2114
6606
1771
7103
5998
2396
7736
7193
1482
5028
5805
5700
2399
1482
5659
5817
4049
4089
4086
1879
7040
4070
7186
5996
6545
1326
1339
2020
2021
1080
3513
7451
1879
7516
1913
7493
3280
1913
3072
4091
5361
3281
3513
3303
7932
7392
7817
7077
4678
7061
7098
4661
4090
4651
1445
1339
2719
1487
1332
693
1774
5338
3990
3515
3995
5234
3995
7194
7193
6246
2396
3515
5363
6246
2321
6149
6599
5360
7558
4410
3133
3133
1711
4583
4053
1711
4681
6404
4054
6400
5360
1319
4054
307
307
6758
4411
4844
4892
198
7388
4472
4610
4118
4844
4356
4582
307
7059
307
4414
74
6694
7497
2519
2519
7472
4217
7387
2660
723
2765
7387
740
4982
740
7111
2932
2935
2933
2359
4571
2933
7387
3712
4893
7387
5403
4584
5483
6939
5500
5180
4889
1310
5848
5702
5836
4940
1952
692
1220
5181
6097
2523
3443
7413
4085
7662
1681
5009
689
4085
689
3924
3791
3907
5981
869
5419
3395
5897
5412
8062
5180
459
6571
6571
1821
2321
5665
5649
195
5644
5647
31
32
1818
543
1742
1743
1464
6270
6478
5547
5753
6478
6478
7993
6340
7689
7689
7326
2688
566
3399
3860
5753
1932
2938
874
2345
2863
7725
3346
892
287
2867
5756
3966
3967
3967
5756
3503
1936
3966
33
39
3608
6399
6347
2831
7359
3404
283
3344
6398
6392
283
266
3608
420
6333
6333
4762
4753
4330
4169
4230
266
4335
2658
3608
175
2785
3609
1946
3400
4210
2165
4892
6048
2164
156
2634
3412
3412
2651
5105
7295
1746
4617
1682
1749
2008
1747
1944
8102
1936
4399
5627
3197
3118
3081
5627
6336
3107
6319
6344
7699
3357
5627
3117
7009
3922
3149
7464
4399
6115
5800
5053
7226
7123
6750
1546
5204
5475
5394
4397
4399
5223
5287
1998
5788
4298
7051
4298
2410
648
7226
1161
4654
5867
7726
1177
2349
2499
648
5104
6320
4945
6279
5995
2116
5627
2799
7576
7636
1560
7094
6876
7601
1473
2826
6648
6649
7061
2840
2971
1478
5527
5022
6119
7783
5691
6024
5437
5721
1736
1327
2915
1037
7092
2145
1120
2295
2255
2855
1473
1686
2848
1686
1684
1686
2704
6749
4456
2124
5235
3125
4417
1473
3755
2116
3746
736
4043
343
807
816
3036
816
1733
737
7822
3897
7818
4625
6621
8094
8092
8092
6714
7877
6712
1242
7198
6713
5594
5595
3835
4932
164
4894
6968
5621
5619
6977
5867
4007
2630
4002
2931
784
6051
4603
6976
5207
4178
4014
3563
2573
4178
2543
2543
2540
5867
3290
708
3135
7517
709
3371
3768
582
3518
1232
7559
3371
6824
3095
3350
6862
3350
587
708
1567
708
1997
3955
3916
1599
1117
3761
3760
586
662
1499
5530
2158
2159
6039
1499
7567
2108
2103
6522
2886
2414
1220
4669
5531
5531
2646
4168
1219
4193
4194
3710
4169
4255
7038
8034
7044
4494
2592
4519
5530
4474
6963
5984
132
69
7068
1016
6990
6988
6992
2103
6997
5873
6997
1813
2675
166
3802
7962
7961
2642
2665
166
2647
2642
7962
5324
7826
7924
7826
7925
7416
2950
1814
8086
8085
989
991
4669
164
1850
7962
2491
4493
6810
1797
1985
6966
5023
3709
139
130
4289
81
4293
4788
903
323
138
773
876
783
5023
4492
5023
951
7898
931
4492
2071
1271
4494
2594
5023
3795
4799
5974
6606
5974
3068
1346
2076
2338
3071
2339
6573
6747
4339
7276
7747
2161
6958
7329
2184
3069
2223
2273
2276
2305
7304
3068
4696
3103
3204
1658
2085
4630
4815
4796
5728
5661
4759
4795
4618
4618
7170
4668
4666
2568
4759
1999
4696
5678
3432
5540
5547
3318
6742
7017
6571
1538
1584
1563
1562
4264
8189
1067
4419
114
1271
2319
1753
2492
1271
1269
1472
1269
5429
7343
5431
3189
5426
5426
7343
6327
3318
198
3
7634
63
7634
6283
2607
7342
6009
2896
2897
6918
6275
7999
6015
87
6002
5976
87
5938
1275
6013
5422
1483
6000
6843
5692
1636
3654
1254
1254
5505
4093
7204
3100
3128
7443
3128
7587
6188
5895
6966
3128
2808
7343
4629
4413
7191
4629
5968
6982
4413
4959
6528
5500
4334
5500
5474
5389
1514
7225
2112
2117
4334
1466
2093
7189
6106
8168
1466
6920
4629
8169
7019
4344
725
26
45
3767
45
2463
3119
4628
5113
2487
2481
6807
86
744
6843
2461
2182
44
688
3946
7770
5329
3159
2106
5331
3933
8138
5571
1914
3124
5585
5550
5559
6818
6522
6738
2192
6489
6483
6481
2540
2519
5187
5277
114
3413
1645
5864
8160
1643
6843
5112
5783
5806
6466
5112
1606
6466
5113
4885
8131
1960
1961
5137
6675
3794
3599
2832
5137
6675
1233
7385
7090
7405
7904
7541
7089
1232
2369
2263
2284
4990
2245
2485
2248
4990
4971
4201
4377
4486
5032
4504
5144
7143
2368
5122
7708
7227
7098
7453
7213
7237
7452
8142
7600
7570
2832
381
7452
1408
3013
1408
3047
2738
7851
1411
1411
5151
788
6706
6729
463
2832
1662
1974
3361
3884
3877
3365
5144
2833
5472
6093
1972
6142
468
6091
5146
479
8000
1757
319
438
674
8012
654
6051
5
2755
2864
4469
3531
2861
2943
3878
2814
4468
2959
2951
5144
1099
1779
1572
3319
1806
8015
3527
3585
435
3693
3319
8003
3901
3272
3268
3319
4552
4257
438
4444
7081
4102
6262
6433
8007
3765
8002
4514
4101
2320
4622
2320
7053
4613
4527
3525
3525
4778
7045
7720
2332
2586
3693
3601
5398
2321
3319
4808
263
291
4371
5405
7890
1898
3288
2587
941
74
1389
2780
6802
980
6480
6480
2639
3353
2320
5597
2755
3374
4381
4995
4856
2626
4857
545
675
4939
7911
3741
3741
1508
1882
702
4959
1867
1620
5323
263
2879
2295
2659
500
2651
690
2787
4934
6401
2249
5471
4833
2081
1584
2194
1587
2176
3552
2461
1616
7740
5405
7735
4447
7975
4377
7095
6980
6981
1787
2080
674
1543
1618
5400
3984
5760
3997
3798
3985
6796
349
5949
6752
6757
1098
7876
6905
923
2527
897
3826
2905
367
2412
2423
4022
4003
4002
3725
3985
4023
366
8190
8161
4377
4363
3818
272
442
286
3984
258
4300
2851
2300
4302
2261
3179
3434
3419
409
2275
2301
7047
408
7449
6225
7276
6791
1932
3024
4173
4193
7005
1023
7931
2285
7197
7936
1854
4467
2071
1854
6888
4478
6816
4173
7004
7181
7003
1437
6891
1432
1437
4165
1432
2007
485
7199
8000
8000
7180
1704
1697
8003
484
1697
7518
1932
1234
5714
4155
1562
1774
1036
4145
7270
7227
2836
2632
2840
7535
4139
5549
5677
6077
4689
4367
4375
5712
5749
7186
7535
336
6765
8037
6879
7386
6745
8045
6774
4352
5646
4214
6865
2855
5111
1590
4124
1822
5748
1543
7180
3358
7037
7181
1082
7037
1454
295
1596
1855
4187
2243
1740
2243
4191
6719
7036
7146
2243
7629
1067
6728
6900
6741
1596
7181
7720
5183
7231
7210
5357
7211
1067
4023
5508
5079
5071
5057
5508
6873
5058
6695
7431
6695
2044
4556
4777
5649
6695
4799
1766
4770
5647
1434
1597
7431
6695
3074
7664
3077
2773
7339
7657
7979
7940
7979
7389
8051
1328
1129
2279
1592
8026
1597
1746
6827
1328
1745
6869
6898
1335
7976
1490
7977
8052
6467
6172
1505
7241
7142
1625
5807
5827
5849
5830
7976
3490
7902
1333
3667
7903
3583
1759
7839
3576
852
7827
852
958
7143
3334
7785
7811
1759
3577
1483
870
7436
870
1753
7881
7326
3134
349
3404
3858
2771
3121
3583
954
7878
3581
930
7710
4663
7710
4773
4649
4687
5653
4671
6056
7881
1334
1281
907
3191
7437
5400
4791
7437
5662
5735
1384
7850
905
7436
7690
3843
3129
3854
608
5367
5725
4151
4820
4820
1357
2796
1335
1334
2005
1867
4368
1321
1995
5079
1294
1341
1566
5823
1321
6342
6343
1053
1243
6351
5367
6765
8075
5274
4584
5274
4163
265
5262
4198
4198
265
2640
4590
341
2643
2644
2644
5417
2787
7203
7122
7140
7110
2830
7203
7111
2831
3431
2830
775
6225
5818
6224
6083
799
5484
1712
4576
5260
3799
2671
4163
5275
5387
5556
5252
5248
5252
3681
7413
772
1375
1445
5252
1171
3626
2306
3801
3914
570
2190
4047
2225
2231
3942
2191
7817
5275
4183
765
5275
1563
7837
3158
5108
3569
3993
2227
5804
5804
4030
4999
5108
4782
77
1358
4782
635
8083
1612
1545
2617
635
1626
1771
3880
1836
4723
6175
1838
6401
3887
6816
6592
4788
6437
6408
1244
7231
7228
1544
6760
236
4121
4702
4112
5083
5037
4113
3242
3241
4318
2610
2616
3240
3240
4181
7484
7487
2339
5883
5036
2525
4524
5883
5156
407
5156
6244
4518
1805
6839
4527
2207
4998
6769
2207
3980
3218
6094
3144
6161
6094
4971
6144
1886
2568
5031
2766
888
4222
4126
5036
4687
5881
4733
5109
5682
2231
6163
1577
5109
1099
7564
1074
5037
543
1904
1895
5109
170
3147
3136
1025
4091
1039
3146
3841
3169
5108
7365
4861
1039
4594
6234
6830
5027
2713
2713
2328
6769
877
866
6418
1820
1885
6233
6421
3918
6235
3585
4861
3624
4539
3644
968
2601
964
6967
1829
1650
7048
4861
964
969
5391
1650
1649
5678
6090
5543
3596
6161
6161
5884
4516
2247
3243
2430
2430
2403
7982
2457
1650
399
2433
2313
4861
2248
2247
7093
7093
6444
2248
6438
7581
7868
7568
7398
7185
6456
5943
5873
7870
5667
1179
7002
6141
5910
4657
7794
2251
4818
3430
5716
4621
4767
1111
7799
6561
1490
2279
7809
7813
2281
5267
7863
2283
6563
2531
998
6696
2531
2531
6647
8161
7195
4190
7195
7194
1598
7195
4435
6986
7238
1736
2531
245
6647
157
335
363
2341
7786
2251
775
2556
7786
7777
301
4272
2028
1964
1980
2588
1224
1231
302
7239
2421
250
7183
391
3840
2852
7527
3155
5173
5169
285
213
2851
5572
5968
5490
5491
1764
4781
2229
3431
5576
2384
2387
5578
1423
2562
6810
5578
5586
5575
850
4075
2200
3899
4779
4671
2198
3779
6474
6761
1770
4661
208
212
6907
3802
633
3802
2560
6033
3797
6479
3797
6481
6468
6214
2588
7465
577
3766
7483
3843
3843
7423
940
7982
443
1836
7446
6261
6270
8156
4652
368
5685
1837
3899
1837
5759
861
8157
3179
6271
7205
6679
7778
5445
3001
7791
3057
2951
443
5112
2708
3934
3609
5447
577
7791
6330
3780
6679
3584
576
576
3923
6627
5529
4447
5825
5824
6627
357
720
4366
1969
1742
1976
6933
1765
6626
2326
5019
7416
2354
7909
6532
6562
5373
7182
1757
5997
2092
6278
2209
5997
1203
7802
4719
6298
6806
6789
6797
6933
7885
7062
3484
4353
3487
5128
1259
457
2084
1847
1846
1847
4724
3083
457
1846
5130
3642
4800
4633
5401
4734
4765
4764
3642
4657
7736
1963
7835
4906
7869
5401
5286
3195
2667
3523
3513
3520
5546
3641
4441
5625
2667
7798
6740
6499
6488
7798
3641
7316
7446
6543
2613
2382
95
4261
4280
4260
5615
4431
118
2619
1737
4926
3331
4926
3388
4211
5041
3835
5863
1768
633
633
2118
932
5863
1772
439
41
5107
6627
8155
7949
8114
8138
5104
933
8187
6053
3936
8046
7373
933
5732
3721
1323
932
4393
3936
6916
6916
2125
1883
5867
1909
3101
1615
1618
4381
6454
4486
5604
5435
358
5431
7275
6092
7450
5405
3696
4285
4281
8179
4228
3682
4237
7759
4239
2585
2584
700
2584
813
818
3179
7715
4272
2584
1449
5554
4489
6448
1355
2601
1424
2475
6021
2478
7758
3181
657
2476
2479
4132
109
3682
6448
4489
4486
5459
4150
1528
3386
1529
6693
7976
6025
8191
7579
1718
2819
3176
742
745
272
4629
5166
3607
5613
7983
1330
5613
7367
7846
1318
7846
1032
4153
1032
3606
6582
6581
2463
2530
2820
1032
1572
2538
5971
2017
3040
5489
5182
5371
995
2943
5836
2940
1033
5833
4327
1599
4197
4212
2711
2821
6112
3771
2711
5763
5764
3769
5711
7933
7374
5947
7346
4899
7386
7483
732
7586
3018
732
5874
2474
3016
276
7802
4459
4522
5222
5875
6941
4827
7794
6987
3424
7713
3384
7713
7787
7238
7782
7793
5476
823
800
5538
5430
5418
7252
3029
1270
1270
631
7724
2982
4177
4826
6686
7904
3440
7398
7384
4176
4182
6696
7632
6681
3972
3380
3322
3351
7340
3294
6110
6105
3196
4831
2783
5474
4831
5482
7751
506
5419
7751
6085
7751
3494
1512
4371
1320
7483
4371
1323
7751
2524
1524
888
260
1091
2490
7483
5217
6514
3577
3872
1524
1593
1151
6919
6917
4342
6512
7482
2112
2159
2151
3414
2132
3180
2113
3492
4494
2728
6209
280
50
4632
7380
6441
4622
4620
3021
1610
4744
1610
1579
3717
87
4142
2379
5221
2227
926
537
58
519
20
5221
2061
38
4616
5245
6611
2415
4050
5568
5676
949
1100
1298
417
5642
4694
560
6741
560
2609
6679
3178
2608
524
542
3325
2610
6611
839
688
2728
4112
4825
4827
1735
1819
1821
680
1894
557
556
556
2951
6663
6663
2463
308
103
556
7677
7666
7679
6663
2729
8164
7676
4171
121
3229
6762
7333
4000
3956
2428
6131
3711
4171
2388
3939
7339
3593
4419
5419
4418
2843
2275
6678
7339
1844
6967
290
475
6777
654
6864
4064
4536
2843
5194
2728
8103
2505
6097
1875
3425
5651
7729
5657
8103
7993
6640
4066
412
440
3046
5662
3031
5662
480
3015
2913
2254
828
8164
6906
830
2316
825
2318
4300
6663
2430
7691
8146
4294
8165
985
8169
2170
1472
5986
1145
2290
2276
2272
3030
7615
7612
7612
6905
4134
7201
6211
3862
6510
6219
6213
5987
6217
6239
7201
1503
5022
7871
7273
7623
7888
6223
1146
5048
4881
5548
4881
5048
8168
5482
7877
4856
7691
1254
7691
2171
7691
4801
288
5216
907
902
906
7723
3724
3718
1256
901
7882
4937
4937
126
3784
2386
6957
3832
2171
452
5325
5317
2262
7644
7697
7698
7738
2262
1511
7737
7760
8047
2737
1511
2737
7531
6956
108
7208
6264
75
7682
6234
6947
7683
5129
3743
7978
3679
5386
5624
5186
7845
7419
6384
7401
4991
5805
7401
6947
5257
6396
5753
2926
7968
5199
5199
7771
2894
2890
2889
2888
8052
2479
3672
2479
2171
2195
2193
568
2244
2459
7224
7688
7841
6683
6395
6731
3115
3673
7871
6396
6669
3115
1635
7822
2285
3114
687
1187
3768
1189
547
6791
6845
2058
6184
7223
2234
682
4149
1012
1189
93
6119
3726
5758
3714
5918
995
64
3658
5198
3775
3653
3739
4517
167
718
4592
4602
7419
7748
6013
6002
1185
3114
7394
6578
6579
1019
6136
1739
2030
5425
1236
1037
875
1225
5847
491
7317
3918
142
1751
7456
4730
3130
5847
549
4728
1244
1245
8038
1241
6501
8041
2576
4638
2578
6507
6166
80
3958
1499
214
2710
5428
6232
6229
4930
6232
8040
8041
8159
8106
4454
8159
6432
6460
5879
6406
5850
5335
5257
5849
2086
1351
6412
3656
1648
1318
6407
6415
3654
5851
409
5955
643
5359
4707
5690
8041
1450
1450
5138
2069
5348
6135
4104
4102
864
872
1461
5516
5516
261
7112
6135
6867
6748
1346
6731
6728
6219
1660
6267
1582
1724
3961
6106
5754
5298
6254
5645
5757
4405
4414
5424
4383
5350
6085
3861
865
127
2864
1965
1460
1531
1392
5299
62
2871
3622
3907
3622
3465
3463
7998
8166
636
619
3912
6372
6375
948
951
901
441
2513
440
2513
37
4708
866
7809
427
3912
216
413
3913
2876
2886
8133
2900
681
8133
2512
140
2013
715
7838
2260
1867
641
2271
2044
5322
311
5357
5995
2882
2310
5994
311
5951
2044
2499
3912
5992
1075
5690
5689
4825
7623
4855
5035
1074
183
4228
2711
6924
4227
4315
219
2260
7130
2271
3875
3861
3145
3108
4576
1606
4574
2936
2512
2469
4626
1865
4700
4733
4759
2439
1878
1863
1988
1988
1233
7604
4456
7605
1086
1989
1994
309
2934
2887
7607
4261
7607
2822
7367
7365
3722
7367
7360
3527
305
7041
2700
2707
3728
3410
3393
1608
2695
3816
7104
3798
7156
2641
3948
4549
1605
7046
6994
7119
6951
6974
2955
6998
5381
5406
5389
3842
3898
4549
804
805
3531
3084
3097
4549
3307
5328
4549
3832
3629
1605
2326
2331
5773
3981
2633
5773
2333
3652
6301
4679
4358
6242
4189
314
7611
7556
4575
7625
7561
7571
2837
3726
4374
4581
7707
3652
6622
6411
2937
7705
4200
4605
7705
5055
5231
5783
5331
2018
1340
3677
2071
578
2290
2288
4405
6973
1974
2132
3307
6915
6923
1956
4152
7707
212
194
206
7243
6199
1431
5463
4834
7668
2181
2450
2455
2942
51
2535
1845
1845
4435
4243
3222
6970
1813
4189
3223
1075
3321
1839
3323
1232
5687
2292
5460
5503
3010
4834
137
137
107
3064
104
4487
2315
3782
5622
2494
5618
1430
2986
5588
4259
5682
4309
4306
6703
6955
5669
6939
4318
3880
3239
3281
2839
3068
2673
5687
3299
1442
2047
2995
2152
1433
8085
6191
6172
7804
7970
7968
4675
4673
7804
6820
4678
5088
141
161
6830
2944
3559
5189
2944
3559
6418
4833
1801
2011
2028
6038
2944
5140
6072
2029
6509
6638
3506
2028
122
118
119
3146
6419
3136
122
7122
7029
5979
2994
2838
7036
4729
2946
1617
7025
7025
3066
7037
2583
7038
3091
7068
6534
3732
7071
1617
6472
4392
3835
1874
5824
5672
6904
6464
2146
5824
5827
1616
1616
674
703
721
6472
1802
4143
4157
6664
6473
4137
6199
1087
4228
6197
6922
7903
740
8051
100
767
751
535
747
5432
5270
1081
147
147
1087
7901
3755
7079
3758
5287
5311
3479
1297
3279
6784
2615
7760
3278
7692
4394
5687
2290
679
8164
6589
4081
8154
4031
1299
3844
6591
2143
5972
3864
5635
5725
8155
5684
3776
3864
4974
6645
2300
6608
679
6
5358
2281
5330
7027
5340
5768
5137
4617
5934
5980
5768
2353
2862
2862
4727
2352
4724
2609
4631
4581
4565
5111
1138
4475
8065
8121
7967
8124
1126
4361
4992
8078
1755
1731
1755
1729
1729
1748
636
328
632
6832
4749
5106
1021
331
7169
2232
15
2232
7627
2249
8051
59
8128
1537
3188
426
426
3304
5553
7791
7714
7814
5720
4614
3510
5928
5723
6007
4662
4411
4740
2265
5295
3263
5928
5868
1537
1537
3531
1299
5780
995
6458
3555
3239
1297
6615
6459
6238
6368
6459
4057
1567
228
1559
749
670
7947
322
6618
7732
6570
6540
1256
320
5849
1260
6458
7860
5837
5832
7027
2097
2092
6251
2430
4172
5522
4172
2401
4193
3944
6502
3183
3355
3110
5231
3561
748
747
5746
2041
761
1553
6093
6989
1500
5717
7870
4647
4611
594
760
6582
4619
6570
4611
656
2652
2802
5253
5271
6427
5561
2451
2457
6083
6548
6654
4619
5146
6654
7844
3561
3752
478
6654
3247
4277
2337
1582
4765
1570
1992
5842
5842
5842
1554
5738
4292
4292
3869
6652
6314
7032
8163
2759
3801
2697
2757
7659
5008
7578
7657
1661
3904
5054
479
2967
2945
2945
4321
4941
7351
4165
4500
7300
4257
4151
2101
7714
7899
929
7257
4411
7242
6516
2101
6402
802
7328
829
7351
806
808
2620
956
6516
809
6411
1992
5740
1565
6029
2115
3868
1986
8033
599
1554
6314
8139
2698
7639
2715
6067
2706
6096
3522
4598
2909
5743
4962
4131
4150
153
5488
5486
5787
153
6517
5520
4327
6517
7381
1062
1963
3331
3512
6686
4785
6671
1226
5383
100
7473
206
3459
3557
3890
7475
1115
57
7776
7728
2113
2115
2144
2303
2237
7803
4647
4567
4653
206
7519
4327
4525
4434
4540
6520
6444
7400
6080
6080
2419
4171
6315
4706
1193
895
895
1211
5456
64
5208
1000
4112
701
4625
702
1190
100
508
505
480
2419
496
3704
3290
973
151
982
4790
2585
3612
1494
3291
1390
6315
1352
7463
6058
1485
151
1064
1066
5789
1425
4847
6250
8104
3679
8104
1634
1810
1119
6058
4197
5215
4844
277
2296
1634
2974
2994
8022
3248
3840
3940
5352
3944
3402
7775
6482
6468
3254
5359
6898
3782
5359
8022
5888
5353
2966
6352
2973
5095
3212
5091
828
6356
5035
3759
7774
3210
2778
8158
5173
6147
6146
2613
6147
6174
4384
6779
4953
7784
2679
5215
5175
3326
2679
6892
6892
1874
4389
673
1874
6868
1869
672
4458
101
4458
5855
8145
108
102
5852
7699
922
3056
5291
402
8139
5001
910
4931
927
458
5003
6894
3427
6897
261
273
5074
5085
273
2988
3503
2606
3589
3596
8167
3503
3689
1870
1871
2751
2174
7497
3603
4737
4801
2810
3732
1866
7475
4239
1344
7475
2803
8106
1668
5264
6795
1699
2867
1699
2867
1262
5321
7311
1224
5320
5321
4929
6795
7306
1647
5030
6119
2690
6081
4286
6792
2689
4297
4464
4677
1375
1869
7958
6792
3725
5320
5195
7426
1125
7599
1613
5605
5688
2790
6667
7597
5485
2009
6667
1451
1391
201
1441
7481
2025
4748
6657
2150
199
6667
1152
2825
2006
5091
5094
1045
7733
1344
5249
39
826
8165
712
7716
777
7725
4748
694
7887
739
2780
1153
4047
353
361
1277
3377
3416
5688
4012
2710
5723
1157
4570
4013
1277
1153
4001
280
1276
5688
5722
5534
1276
5815
5260
2817
429
4304
2018
1947
900
4555
4206
2826
618
1947
4207
4490
901
5797
5816
2192
5040
4860
5817
1356
1349
1357
1351
1356
721
2945
1866
2861
2256
4941
2484
2018
6834
6951
618
8015
6833
5264
6785
7016
7016
5384
7191
6416
3111
5806
5301
3111
3111
5773
1848
2646
2595
957
1849
2646
7654
1735
453
7853
1236
2633
5300
2827
1024
4214
5437
1924
568
1591
5296
7486
7433
2337
5329
3107
3131
7941
5437
618
3111
559
4825
2175
6587
4658
4658
4821
4660
561
4651
4651
5290
1303
1577
6057
1392
1328
854
7965
2856
2852
5276
882
853
2836
2854
6704
881
455
6696
7231
4314
918
4312
1551
2147
1583
2524
2525
7217
4251
909
5616
5737
5739
5533
5530
5533
618
1823
1679
4072
2943
370
2792
6467
4072
5384
1344
7997
5026
5089
1287
8028
1047
7162
2045
2793
6198
3323
2507
2506
2793
5146
5031
1345
6511
5321
7337
8063
6429
2792
3282
5774
665
5092
4999
5043
665
5726
3935
7109
5399
5202
7031
1436
5726
1853
7992
7991
5528
1827
5193
3302
1522
1534
5899
1507
6135
5799
5215
2604
2163
3673
5519
2160
5344
5489
1652
3881
1720
6770
1722
1397
1581
3890
3780
3673
1632
1663
1633
4158
1632
4100
4140
4146
2081
2214
532
23
1564
3391
2212
3391
7578
6691
5351
7075
5774
1566
7577
5917
6689
924
5775
3551
6568
3551
6400
5599
6436
6300
5775
96
2070
863
6531
6026
890
1379
4400
5215
6529
7043
5287
5915
7057
6656
5103
5758
2558
2553
5638
2532
2556
5638
6277
6280
6305
6320
6321
7061
7372
3910
4080
7521
7532
6690
5103
6589
7043
1457
3109
6590
5638
1368
4579
1368
7190
5754
4733
6962
7190
5636
5639
5861
2912
1329
5083
6921
2591
3235
175
1105
2037
445
3235
2147
486
3244
5241
2037
486
2591
7370
7295
7293
7292
2037
7292
2611
5189
3482
4576
3449
2739
2742
3788
4569
3925
150
3613
2647
2647
7882
2875
6687
6730
7147
2866
5615
5605
3257
2866
6411
4986
6411
1455
170
2037
169
6600
2362
2341
2438
6733
6751
6315
6305
6304
6314
6275
2432
2432
7563
6751
6601
6768
5598
5655
7567
2338
6055
6650
6635
7007
5664
4892
4608
6074
4869
3183
1075
1104
1280
6732
1079
2288
3183
842
4603
4516
4216
4601
6719
6657
1428
841
246
960
961
380
843
843
4048
77
1797
1200
1428
4954
4954
1207
1206
888
2007
3550
607
2007
3436
3432
8143
4290
3047
1797
4308
2716
4296
4308
5598
1498
1498
6335
5256
5353
4338
1498
6165
5331
5390
1594
332
6329
6329
6335
1457
292
1825
5607
5100
2695
1530
4160
1425
301
294
303
3415
2987
6787
2987
3346
5101
4027
3991
6856
3223
8135
2693
2710
5100
527
4683
2731
4968
7490
5100
6509
6942
6150
4416
7490
482
3679
4423
2652
3202
4436
8060
7404
482
7389
2163
6837
2981
5216
4423
6157
3675
6394
2986
667
2984
3675
5690
5715
5683
4792
3675
3674
1006
692
661
3700
18
6143
3004
2751
1130
3649
6215
3992
3602
2691
3992
3835
5913
5913
2068
1547
5580
7154
6143
7163
6143
5579
4470
6143
2734
5572
815
7161
7164
4470
2771
13
7938
3529
4158
2019
326
2688
1818
851
5914
3529
137
3670
775
1826
993
1826
2147
1843
2466
5914
5199
7151
1824
1826
5446
2016
7372
3529
7792
6799
4503
6334
4166
4170
6601
7694
7792
7360
1563
2268
6334
7320
3787
4067
6052
4622
6575
4756
5656
6334
6529
1599
7002
648
7314
3529
891
7143
4087
2
5333
5345
2291
3757
6266
6124
2291
1238
1249
5133
5149
4087
4553
3667
6142
3665
4038
2559
1297
4989
2557
6932
3655
3655
4424
4087
7139
4553
4437
1331
2552
4267
4087
1790
5979
1743
2427
313
5098
5964
2715
2714
534
214
209
210
2575
3291
3355
8126
5617
6666
8143
2570
133
130
7151
2020
2427
5700
5733
5714
1152
7133
2864
4830
2869
4846
8124
3326
1662
1257
1259
8124
1762
3685
7089
3895
3603
3604
7157
3585
2270
3733
3770
398
3664
5451
7471
5382
5238
3627
3680
4079
4720
2724
1780
1089
2695
164
2815
780
3560
1789
2612
2589
5955
7695
2815
5743
5659
5263
398
6951
1463
6594
3503
7763
3695
3539
6594
1312
1319
4555
3106
1316
764
705
2256
2480
1407
4553
2480
6967
2786
2490
2784
2742
2161
597
5955
2160
6657
1635
3759
5304
5307
1634
5198
6872
6875
6903
617
3856
7003
6658
7616
5110
2636
2636
4805
3348
5370
3349
617
7315
3301
6527
6569
6587
6522
6961
4306
4299
5656
5732
7851
4333
5840
5841
5841
7155
5927
5840
7069
4745
4745
8091
8075
6907
3323
1024
2758
7825
1031
4451
1140
7398
4451
6594
1307
1289
7311
7155
1289
2844
1141
6597
4525
5781
5640
4119
4302
1307
5676
5778
3631
4254
4311
4183
5672
7302
4433
3619
6596
2898
3624
3624
2898
1306
6636
3037
524
1119
2665
4204
1062
1063
1118
4529
6950
2664
7837
4530
3591
7835
7831
7307
7590
6773
3089
1769
1301
5041
7009
3447
7009
6599
1771
1040
5474
6787
1119
7069
3301
4922
8073
8066
4703
1534
1301
8079
7221
1353
5978
8072
684
94
2383
5887
1456
3388
6786
3508
2851
4883
1090
1094
8070
3165
1036
8072
2108
3165
4900
2127
2073
3628
8068
5013
5983
4834
6619
6238
7984
5856
3629
4674
4336
3157
8140
8140
4349
3086
5983
4310
5983
91
113
46
10
7974
210
894
863
5879
6918
503
47
4289
483
3292
3292
3545
3962
4923
4923
5659
5657
4485
7975
1043
5716
3037
40
62
1043
4059
3467
3038
3542
4838
4828
3546
1474
3154
3033
3153
5027
1099
5028
1927
2114
4686
2103
7146
1079
774
3396
8066
7670
7670
4042
3394
3433
286
3433
3429
7113
8097
3909
2661
2683
3953
5683
2652
5158
3644
3567
2758
5686
6882
5685
5158
7133
5158
6712
5786
2541
2507
4452
2758
1470
1465
1533
5531
7740
1197
476
5492
5494
1532
5495
5495
2980
5495
7008
781
6992
6758
7117
5507
2138
6208
5684
1746
1672
7933
2138
1673
4299
1197
3039
2298
1673
5686
8097
6772
1144
6764
1387
7626
2437
2439
6636
6637
1279
1475
1144
1631
1258
6626
1707
1387
1402
2230
2230
5356
6251
5356
3844
551
1608
1245
7273
6265
7233
2811
1066
7472
4059
3393
6118
510
2043
567
590
8097
6598
275
3908
288
1457
4398
4804
8096
6338
290
584
3786
4380
5237
7235
3931
3819
5233
2258
5449
1767
4779
2746
2744
1396
1349
1391
3406
1132
2720
227
227
826
755
7146
5903
4626
7907
1733
4290
1732
2259
364
7129
367
1609
4735
4619
3419
2777
70
73
5338
1605
6023
4963
75
5438
5339
5491
70
4348
3474
5438
1525
1092
6946
1332
2193
1093
2462
2818
1092
2062
3486
4530
7943
6717
6717
2821
1621
6715
2066
598
2074
4432
2210
609
4312
716
2207
6788
6789
6791
356
7210
7114
7299
7367
7187
5804
5807
5806
358
5805
3636
3634
5770
4427
4464
563
6339
7800
746
746
1069
1950
1121
1095
3821
1120
7275
611
5238
2142
3796
6863
4773
2087
2138
7377
388
7281
7022
7857
1105
7383
7281
5234
1623
7813
396
4731
4711
6037
5227
5860
259
4648
4623
5922
5923
2517
1330
1780
7251
2921
6023
5922
6339
2327
6338
7251
399
5085
4964
6531
6301
4914
6045
4655
7415
396
7415
7414
6301
3682
2543
7041
3606
6005
5993
4933
4914
6302
7480
4642
2953
1724
6595
1723
1706
1575
4655
6595
6302
6593
6628
5850
5849
6595
5684
5847
3089
5348
5249
5354
4511
5337
2629
1028
4144
4114
4116
5273
7548
4956
4873
1029
7974
4873
7739
7981
6247
6407
2630
6995
6158
6845
2631
2425
2631
6407
6345
2626
5274
1056
2971
5947
4511
2627
7559
6033
5787
7559
5787
3783
5797
5801
5506
4745
5464
5484
321
6054
320
336
1056
337
7861
1725
2971
1392
7931
3213
613
4450
417
4114
885
834
873
4115
832
7900
4450
545
7890
3273
834
6095
1977
4451
6124
8167
196
2236
5476
5991
1069
7998
4472
7994
1946
340
2222
1481
685
2048
436
5457
2048
1427
43
5936
7750
2756
6459
1898
1898
2415
1889
2752
2701
1666
6283
2701
862
136
974
879
848
1917
5329
1666
5341
1083
5921
1082
1080
5975
5671
4422
5901
4424
4460
7454
7430
2184
7430
4887
2182
6354
6287
6320
6287
6286
6995
5910
5045
6557
5908
7429
6283
972
3435
2545
3182
1717
4586
2953
5765
5067
6287
5722
6544
1654
249
4557
1655
5989
5909
7353
1346
1372
5721
2173
532
1586
6282
6153
6144
6549
2975
2393
6283
2815
7359
248
6469
4924
7275
6480
4206
4924
2237
1484
6239
1423
3485
4207
2582
2001
7439
1423
7479
6464
6316
2583
3909
3927
5970
6983
5970
5970
7439
5404
5971
5383
5380
5394
3200
6433
279
7141
7150
1223
6453
279
279
2335
6378
6382
1258
6128
1640
1640
2816
6088
405
6280
6376
6276
6304
7159
279
1822
4479
7159
3435
3435
6575
1822
7196
333
4029
333
4476
4613
2958
5047
1337
5046
5143
4211
5247
5963
5299
5196
4215
2761
4209
4215
7479
2762
3695
7438
6552
25
6475
6148
3487
6460
6511
2861
2849
5539
3206
6756
6924
1833
2211
4335
7501
4334
4004
5027
1833
2211
2208
4004
6357
6357
399
2209
25
7538
2208
2854
2162
2433
4476
2079
7538
2713
7538
2176
2809
1291
649
649
6862
2012
1750
6566
2003
7249
7823
1291
1799
4484
4479
2206
1469
6794
6791
1750
6891
149
4484
4011
230
155
2478
230
5236
3715
1974
4967
1426
8072
5246
6095
3769
5246
7418
3761
3765
2730
2736
6511
6508
2736
2983
8073
4428
2731
2639
6292
6289
624
2732
4426
4426
7135
4677
622
1402
6365
5941
2201
7135
4753
5657
158
5728
598
5665
5689
4966
2269
4876
5723
4674
157
157
691
689
2732
699
2703
25
2771
6299
157
1400
152
6300
2454
2454
3773
6016
911
5606
911
5616
6027
7946
7949
1871
7980
7940
7953
4154
4137
6911
4142
4136
1131
6237
1131
911
7313
7074
6680
6680
1300
6027
3105
3943
3161
5288
7107
3897
1303
251
5456
3440
3418
3417
3336
3342
911
2314
919
5171
2335
91
5646
7760
24
7335
77
3718
6206
7123
2325
908
3719
2541
2335
7601
4009
3668
4036
727
7580
727
8168
3719
798
7116
5442
5661
6264
7014
6895
8190
7865
6892
6893
7032
5142
6895
3710
3719
8180
6883
6894
5781
6071
5409
6160
6485
3646
6482
370
6242
3535
4598
4268
7114
3746
4423
2903
3750
4428
305
3762
4598
3090
7114
3751
5247
609
3751
625
7583
609
3760
161
143
82
351
5453
6179
4876
78
8086
68
4762
8170
3129
65
7364
7569
6176
2561
6820
6177
2285
2284
5814
6505
4944
3155
1794
1638
3449
5812
5812
7290
5717
5376
7290
6242
2586
8123
5647
8067
7240
7240
8099
8123
5814
3628
3741
4870
7763
3874
3703
5449
3712
2952
3731
2968
3631
3442
4233
1523
4232
1523
5830
7119
3728
238
5448
6114
3729
3471
3663
3091
4408
4767
1717
4388
4868
3722
2178
2511
5605
2179
6726
6727
2514
2497
3232
6118
3553
3232
723
722
6533
6727
7411
1642
1596
2359
1079
7411
1325
6665
1095
1888
2489
4871
1646
3088
2921
1091
743
5646
521
6711
650
3088
21
2880
4415
524
662
2881
6087
5336
2881
4719
5318
4415
4415
5779
6650
5594
3863
6177
2147
2158
2110
2175
4532
3375
3155
4173
6087
4205
5128
3372
4200
4201
4171
4169
7382
8109
5369
7068
7058
4242
4415
5870
4391
875
6881
5871
7053
6177
8129
3750
6176
8163
3160
2853
6179
6623
3771
1892
5870
2484
6222
1893
2816
2971
2955
3069
2872
4122
2856
2950
3944
2760
2796
8055
2799
7303
4125
5202
4124
4000
3584
3150
6880
1063
5870
5900
1068
7733
592
4411
5900
7728
7355
6160
2042
1807
729
1991
1796
2302
2303
2295
1798
7935
592
4490
3851
1991
7592
4293
4297
2999
2109
3355
4295
593
42
5022
5012
5332
5535
5330
5462
2420
5948
6128
2425
1497
593
2914
7829
7986
3872
1154
7622
2420
8035
2508
1160
8035
1106
8096
7648
535
535
3873
3174
1917
1133
7263
1127
1125
3102
1495
2074
2185
4794
4479
2107
7543
4794
4514
4604
4143
4541
2043
4602
7986
2086
7765
7361
6513
6417
129
1555
4732
587
4670
6391
4730
1990
3335
6599
1296
7473
1997
1050
7362
705
3102
1589
7277
133
1843
2561
7310
467
4068
4069
3552
7361
1783
731
7667
1588
2560
5187
6474
5993
6001
7675
7308
3328
3580
3582
3583
4960
4960
7112
7094
3045
2963
2027
2916
7112
1906
6568
1915
7089
3062
1907
5490
2089
424
1781
5491
5489
6656
1781
3062
2104
6659
6568
6656
3062
2368
7212
7213
8076
2962
1213
292
293
1192
1195
501
7110
783
7843
7214
7111
504
3931
503
491
1295
3935
3858
7215
4452
4453
5890
3553
3219
4453
1592
6567
7796
3299
6567
3318
7342
5890
1180
1304
6097
974
6409
975
1696
973
3061
6332
6408
397
3007
1595
6881
6884
397
1225
4113
4543
869
6755
7034
868
3994
7153
7120
3994
3971
7991
3971
5866
8099
4457
3045
3949
5866
2300
3025
3850
3032
1181
2332
6896
3292
6899
3949
3269
6935
6631
2962
6482
1579
3043
3295
1595
6941
1181
1965
621
1237
383
7533
6228
383
7508
383
3271
1592
4456
6104
6110
1228
6116
1225
4672
4896
3043
4690
4734
1696
4871
3215
4457
3633
4457
811
810
2708
653
848
1296
5493
218
669
214
1575
3736
194
373
1678
7193
1372
4775
1234
1447
7542
1247
7199
7311
3211
784
725
824
725
271
712
270
710
830
735
421
1426
268
7051
271
2655
2636
6414
1684
1684
6150
1416
6146
463
1849
421
6313
3451
6312
1009
4965
4981
1007
1002
7221
7221
3829
3815
3815
5522
5511
2601
5512
1630
1407
2685
1636
1639
6461
2279
6463
2235
2679
6506
6499
7177
8128
7220
8068
5919
7478
1920
1861
4519
2026
3145
1115
2210
7220
3610
6537
2053
3637
3688
3637
3815
6803
6790
6542
3166
3691
2625
5014
8053
3498
7189
4124
7756
7403
2632
4491
6541
5733
3696
5732
3601
6412
3605
3592
2608
4936
5395
7712
7710
4936
817
2802
6599
7801
6412
4939
2812
2810
3987
4929
8187
7526
3759
7434
7439
5040
1572
5371
3986
6957
6979
4827
7883
5344
6184
7082
1217
1678
7871
1652
1397
1026
7571
373
4826
4929
2628
7571
6306
5975
5259
5259
4940
5644
5319
6537
795
795
7769
7768
6645
3832
1382
1920
6649
1839
6646
8077
8082
1459
1458
5739
4685
1458
7515
5298
5261
7820
5332
4169
1458
4166
5218
4123
4115
4008
5235
991
2593
472
2681
5141
7970
5141
4133
6864
6899
3752
7633
4751
4554
4541
6119
4446
7674
6115
5523
5523
5529
5534
6399
8055
5485
8058
8057
5891
8057
1942
5571
3623
8058
2807
1410
2969
6399
5191
3965
874
2594
3923
4126
4116
4155
4096
7783
7783
1962
4155
4111
4847
1962
5046
3703
2956
3607
94
5416
5416
393
394
2798
3612
5182
7810
2592
1383
4797
395
6855
3993
5177
5716
3973
7478
7747
3975
3099
6569
7489
7178
3972
3088
3312
6857
796
6800
330
2959
863
2993
7208
333
3287
3889
6137
3888
324
6734
4386
330
2451
2530
7019
6719
5755
2535
2535
4084
7218
6306
4659
6310
6156
7254
7319
7245
4575
4575
4559
3286
3839
4074
5570
5169
7450
7502
2473
4656
5629
5455
5580
4983
5057
5598
6129
5065
3887
3980
4678
3694
3980
4767
4558
6129
4396
7425
6154
1406
7781
7697
7787
1454
1532
4737
9
6140
6889
222
7369
7373
7540
4741
7296
3785
3407
2731
7764
471
7209
3865
3799
3800
3795
8127
7705
7553
471
7696
7553
2441
4234
2340
2339
7208
6577
726
7789
6576
7752
3532
7204
3278
1450
4636
1028
7209
5
2454
734
5742
17
6252
4984
733
4771
382
1939
6333
676
4985
4610
4835
8119
3082
7573
1924
8119
8119
6979
7209
6603
6567
6650
7777
5571
5939
5995
6002
5951
5953
4874
1382
4927
4619
1999
1117
3022
2594
3237
7786
6875
3885
3903
3237
7784
1255
6581
4865
4895
1253
6820
5348
4940
4884
4935
5358
4956
4693
6844
2686
1475
1479
7777
6648
1478
1478
1068
6629
1939
2090
2084
457
42
7554
2217
2216
2217
261
7304
4224
3783
6216
5577
559
754
5576
3220
5593
3866
3998
4227
3085
3860
7130
220
8036
663
2705
3067
2348
3056
2793
2789
4035
4031
2349
3705
2349
3560
2347
1205
1026
3392
5611
3687
2347
6217
5402
6296
7026
7325
4208
6579
6296
7325
7321
7321
1465
6319
1323
6318
1206
1523
1157
2488
1206
4208
3560
1883
7371
7365
4705
714
4028
3263
6805
3919
3916
3226
3051
539
7118
3956
237
749
3910
6805
644
6045
1774
4028
4913
5070
660
6038
1519
6276
1517
669
569
6319
2933
2932
6039
548
1518
2935
2934
3049
624
4195
7959
4205
6449
669
6398
521
6393
3994
5981
2143
6282
6379
6330
3063
4889
4843
5750
5728
550
700
520
4531
2701
3067
3995
2105
1984
3745
6786
5231
7810
7808
5270
4978
4741
6970
6049
5362
3781
3777
7963
7981
3291
7653
3804
3804
7543
7416
4152
3807
4120
5147
5126
6206
3282
3820
6207
1762
6076
6207
6425
5980
6872
3822
4131
6672
3163
6721
4447
4596
6279
2168
4362
4362
979
6057
2751
2949
2858
2695
4741
3407
4379
5772
5772
4351
7767
2544
3229
2452
1763
2510
3706
4524
310
1643
3764
1763
3671
638
4665
1642
3148
4868
3764
4483
315
1102
6913
1763
5301
5301
315
4557
5300
5580
7863
5816
4458
7862
6139
5821
3343
5771
7790
6969
2958
3362
6684
7790
6979
2956
1332
5236
1586
4256
5235
3343
4430
365
306
322
7925
1781
4354
636
1642
344
339
37
1896
1896
57
3711
4425
430
443
4558
7263
6190
7220
7682
1907
6436
6590
7995
5958
5670
327
5765
7566
3343
4839
1613
7566
4475
4442
1629
3343
8029
1646
2602
2765
2146
1918
738
1811
2146
6956
1843
8004
2727
3404
428
428
166
7717
6955
3267
2223
4461
3267
3551
4427
2197
2064
7717
2223
4730
942
2091
2092
2171
3893
5559
5594
982
5499
938
938
7158
7147
4731
894
4624
692
7154
284
1123
1860
1121
1137
284
6925
1801
5319
5313
5318
3819
707
3979
7653
4793
6747
7649
7495
523
7496
7016
4992
2073
3004
6959
610
605
6185
5971
6202
3715
678
5171
5268
5268
6281
5411
7084
92
5170
3714
5845
1274
3818
6377
3822
7652
7407
677
1274
3729
2219
2
523
6690
2863
1379
23
3734
5923
2432
5718
1167
4645
2240
1239
7960
2082
2241
7411
6202
2841
1238
1679
996
6955
4302
2948
996
3710
2270
2257
7006
6137
7009
2656
7026
7111
4880
7946
2682
2687
7977
6956
2603
8048
2120
8048
6018
3367
2126
3514
4003
8020
3514
8020
3646
827
7065
5323
3819
7652
1275
1273
7229
6382
7972
3504
5105
7621
5105
6385
6306
5237
3626
5167
1912
6384
5422
5120
3625
92
3626
3625
3625
5387
5527
65
833
4282
2031
1394
4287
4262
1394
655
651
1801
3168
1817
660
4263
1395
3570
2031
1395
1747
3475
4491
5354
3607
1599
1856
1800
2258
3754
1098
1475
1251
1515
1522
562
2141
3614
2131
2075
2105
1251
3927
2139
4515
1156
5047
4185
2137
5350
7214
3517
6630
6525
6932
6479
6468
6931
7258
4634
3927
1459
5753
6726
3932
893
6726
891
695
3461
926
695
906
7206
458
1824
1848
3463
1518
1519
3552
3254
1471
3236
7224
4164
2482
5653
5668
7107
5693
466
7250
3400
7258
2483
3351
3334
2781
7223
3886
4838
6011
471
3033
5096
3928
4884
3034
4839
4845
464
1319
1651
3820
1595
6113
1723
1034
6112
2188
4815
3796
2186
2180
7602
6274
5599
3623
7602
5212
5050
6274
5447
7096
5903
4783
4783
3926
3209
5898
8180
7740
4359
7743
7731
714
5899
2237
5898
2130
5969
2405
4008
7512
3572
3207
713
6991
2658
1123
2408
5517
917
6132
7020
5778
6733
2885
2466
6513
792
2718
6088
908
6614
6614
5218
2756
796
7010
829
3661
2718
7841
220
3968
3876
3009
7840
1936
3057
3993
583
6774
792
467
3434
2566
3582
1112
6513
3581
5488
7941
3581
3927
6586
3862
6586
1388
2134
2654
2654
6906
4134
2653
6897
5831
6720
3903
3974
6665
6527
6677
5396
6516
6473
1402
2655
1705
2655
510
7331
1218
2591
2591
1217
2564
508
1216
511
1243
7248
7443
2564
6710
1382
6405
5518
6681
4675
6677
7534
4728
5852
7771
2859
8059
4791
6676
6707
6707
5609
7545
5603
5609
7544
6049
7544
80
4037
70
1693
7010
101
4032
3955
1739
5609
1680
303
1680
2257
3996
2547
7520
4850
2536
3635
7243
4463
7549
7717
7711
4520
7167
7164
6994
3610
1711
4463
2306
4461
2925
461
2995
1817
2268
460
6040
71
4963
7076
4952
460
6103
5850
6100
6101
5851
2336
1673
71
1675
1173
1263
2985
1093
2268
2348
6100
5492
5493
3225
4007
2358
1112
2030
1993
2357
1872
2336
2021
8107
2011
1990
185
1107
6427
4225
176
2849
4027
4563
2176
2282
2203
8107
4230
2502
6796
6814
2498
4026
3821
6404
3214
7617
6633
4522
7623
8107
3705
8107
3611
864
7900
1113
7731
7695
7736
7712
3200
7619
105
6162
1112
2722
4485
3440
1220
1975
4218
3705
1097
3501
7485
4485
2017
2161
2047
7183
3501
1556
308
5335
7850
7753
311
4660
6086
2207
3034
1505
1097
1391
1124
7698
7706
172
1813
1809
1808
1809
1809
6086
1766
5465
3827
5698
3406
4647
5335
2721
1767
2721
5861
2075
877
6098
6264
6160
1383
7984
1444
7696
1767
1767
5966
5287
2498
7171
1030
7217
5959
4712
2499
4714
4305
5650
310
2498
310
2199
6281
6279
2208
3074
3431
3171
6888
3170
5959
3174
6396
7729
5967
5251
3175
3175
5333
5251
4155
4840
4840
4783
4841
4842
3175
1881
7260
7269
2370
6034
1881
5869
6074
6062
1487
4788
4790
1487
2634
5533
2989
5569
3257
3258
3251
3987
2977
5871
2650
5588
5904
3034
5918
5552
5192
5385
1071
1698
3910
3779
5192
1971
5185
1502
1838
5186
4147
4161
4146
5355
603
5271
1022
5864
7055
334
4895
332
4879
5865
1830
5771
5475
5476
1880
1239
1880
233
350
1237
2992
2993
6252
3896
1978
3096
5640
6474
2412
1178
2399
4355
1278
7298
7289
4353
778
797
603
778
602
7403
241
5764
5114
340
575
4805
571
7338
5368
54
4466
54
96
2020
49
7934
7934
7082
7073
1279
7304
271
7355
2177
6241
5625
8152
7338
584
6381
8163
6336
6614
7290
5624
7291
7252
5764
7461
1878
5332
7499
2812
5335
1862
2812
2451
5083
2001
5099
5061
5096
7074
5625
4759
4765
1861
3537
1439
7072
6170
314
6505
282
5942
2581
2580
2607
2600
3486
5704
3537
2968
6610
5932
7099
5935
5781
4869
4870
2779
7073
2622
2970
7072
2833
4849
3717
7850
4998
7096
7034
1622
6154
5630
4295
4310
720
4003
7072
3532
3550
720
3532
6507
6040
3023
1507
6040
2833
2375
1582
3535
2442
2241
2245
3023
6384
7167
6343
4877
7083
7236
7598
1928
1930
2227
5631
7263
7606
2234
7366
6609
1455
1587
6660
6773
4877
4304
4659
2379
4568
5703
7974
6041
4877
6009
6775
1554
223
3326
208
6775
6775
1044
4880
899
7725
7902
217
4115
213
6893
213
218
6466
223
218
217
3911
6343
3915
3917
7654
3023
6476
7477
3102
5125
3844
7631
7885
7886
244
3320
5125
3695
3694
7743
867
1046
195
616
7886
6228
2376
3694
1847
2060
2063
3099
3787
7631
612
459
5696
3963
6845
5696
2717
1489
3048
4591
3067
2835
2963
2792
3676
3656
4217
4533
3655
5618
4331
1477
3963
7156
7159
7320
6524
900
7320
7704
7323
7685
4880
313
8032
7795
6450
313
436
7412
1633
256
1451
1463
1365
6796
3962
3499
900
1035
3745
595
7545
3744
2523
3498
3715
7608
588
253
1935
3962
3239
6032
6046
5924
793
1067
6037
6660
1150
6187
1058
7393
3714
1949
795
7393
1138
6253
2296
2299
2299
5767
2298
2299
2299
5767
5232
5233
7420
5943
6008
4843
4624
4819
1370
4625
28
5353
688
7909
528
2729
3403
786
3350
3506
2729
3375
3772
5412
5243
256
5412
6285
436
7975
8151
5352
7926
7999
5042
5214
4127
269
4213
4213
6685
6327
4103
5042
7730
264
1717
6457
6425
6006
4674
7918
3591
7873
6006
942
1309
6737
2218
148
152
2064
2996
2979
148
148
4516
3095
4512
3095
4233
6675
5078
2449
3049
1363
1624
1376
602
4233
812
550
6268
6269
6269
3841
4060
3131
3937
4050
3849
4236
5039
4196
6745
5760
5973
3163
5686
7099
881
7070
4235
7071
5305
2477
5340
2282
1405
2477
2477
6268
4235
6116
6972
6059
7299
7297
5541
3670
6078
6949
1336
5032
4367
283
4188
6487
1395
4907
5532
280
324
357
5110
365
6964
1749
4235
5525
1342
110
446
6627
5110
253
34
8166
6972
6972
8145
8175
6055
7272
5872
6887
7477
7315
7354
7318
6235
6886
7330
1978
6981
5994
5913
6140
4831
751
4771
4869
4920
6980
4935
5021
6438
6885
6885
3481
1545
6885
7350
6753
6757
6063
1579
344
4096
3743
3385
628
5237
3482
6063
7799
3194
6235
7432
7799
3879
3686
3701
4095
5856
232
237
5378
7154
896
7607
7152
7153
3632
7154
3632
896
3908
3930
3919
6457
6108
8092
6111
6108
6111
6111
5827
5826
5826
5826
519
7420
1746
5751
1675
1675
5882
2195
516
3176
7609
3199
7608
7627
726
3533
7621
3236
968
4680
5883
5752
5655
4635
5467
7608
2918
518
4434
229
1998
644
27
8
1595
7609
5371
1621
200
5420
5121
5261
5740
2166
5576
2140
2140
2918
603
749
763
5865
2106
754
5349
5166
5271
5369
5354
4109
7961
1998
4110
2919
1311
2919
2783
7324
5860
4104
4106
4106
4110
826
6985
5087
7643
7341
3360
1311
3364
6530
5776
5776
2674
1155
3006
43
2959
5747
2947
2947
4118
4100
6669
5747
4099
4138
5861
1155
4319
2214
4714
2632
6750
2835
7079
7060
2813
575
2214
4847
106
5906
5906
184
2847
6062
147
2876
1956
1938
2155
7308
2215
2289
1920
6404
7840
3639
8047
7171
2499
2218
2447
6589
5087
7317
2497
7612
7399
2992
2721
2496
1937
1982
4793
2707
2983
1947
5043
1950
2447
1951
1950
5854
1951
1366
4313
2413
2376
2379
7659
4313
1892
1897
1366
305
5351
270
3354
8031
4313
7722
3113
3525
3132
5910
5325
5316
4298
1503
6105
4956
2213
2098
2170
4480
4487
7892
4487
7737
4600
4867
4527
7247
5053
7534
7241
7234
3007
5017
7187
6168
7187
4823
7739
5316
3555
4813
4667
223
2445
643
2750
6815
675
695
762
690
3895
2444
711
4933
558
7316
502
6808
3571
3580
558
7409
7315
331
5966
3493
2615
3484
3565
6588
6808
1720
1386
7371
1788
1645
7349
329
2404
2615
1906
4388
7964
4756
6660
5267
989
4728
2404
3568
3399
6809
5427
5069
4738
4774
928
1906
8185
7733
7739
2687
1568
7701
4835
4988
637
526
5327
5680
5648
8185
5636
5761
8185
6308
5694
2574
989
4471
3676
4808
1143
1145
8005
5427
6600
6886
6755
6749
6573
658
8185
2394
6608
6738
5562
4920
16
3808
3830
7689
2539
814
7686
135
5577
782
7359
4597
400
4599
5592
7686
5620
3065
2822
5565
7686
5550
6782
7108
3355
4819
5218
6772
3767
5312
7095
7124
7143
3354
400
5497
7631
5073
7686
5496
3815
5501
5073
5501
3633
6602
5136
6275
6835
995
2823
5346
704
5344
5347
3708
6284
2361
1842
1842
6066
1374
3951
1246
4891
1086
3848
3849
2364
6940
1374
7665
6941
3970
3969
3450
7531
3562
3450
6060
3497
3452
3267
2818
2817
6044
4710
6047
5949
5865
3452
4671
3648
7704
6795
3647
7354
3455
3756
6101
3757
5143
6030
3757
7091
3455
4891
791
6017
8061
385
2456
6912
789
2617
3751
7541
3496
3497
3245
7157
400
7022
7029
1704
7517
3497
3260
1706
3406
4467
5674
2733
2724
6126
7541
2396
6108
5127
5882
2862
4692
2635
459
456
1847
126
8001
6495
364
3751
1167
3762
5239
2030
1113
2381
1923
2078
2955
3480
4060
1486
2635
5542
4011
8184
3668
1731
5734
1203
1771
7719
2948
2857
3026
5635
2258
2955
2664
6293
6294
2906
7730
6815
6814
2650
6810
402
415
2440
7218
316
2139
7339
6591
6564
267
5933
7297
6491
7699
7303
5779
5771
6491
5932
5784
5775
798
5029
6428
2163
3672
4531
6428
7803
7801
7935
903
2717
1734
3210
1468
1036
3701
2719
5292
7723
2941
7313
2162
3705
3704
3688
7863
1350
7863
7737
4670
4660
4665
1065
4609
7537
7546
1532
1153
1060
7536
7537
881
793
7537
2813
5149
5080
7665
7662
4577
7205
7662
7547
5164
5121
1371
1409
2929
7690
2929
1469
8110
8111
1
1471
1420
7544
2627
2228
7662
5325
1295
1785
4695
2264
2202
7748
7718
7716
5779
7528
3679
7718
2133
2174
4344
4347
4159
2162
4156
4159
7822
7923
7500
6499
823
6879
7847
7952
5779
2079
7719
4056
6495
3631
2384
5255
1417
4802
6022
5947
4802
7501
7261
6859
5526
6114
5575
7174
1480
3788
2575
3833
4376
4555
6370
6063
3836
3630
3836
6495
713
1696
1697
713
5127
6373
3964
1351
1351
1367
1367
1367
1367
6059
4679
6541
6859
1793
2901
568
1864
1864
2599
3211
7665
1456
8137
2409
7370
2634
4679
516
1895
1127
7912
1393
8137
6588
6434
4673
8037
1241
2415
2413
2429
2429
966
790
4672
778
961
478
854
5455
6878
5172
3366
1960
712
477
2135
941
1223
6434
6376
6301
6248
6859
7202
7236
7256
7449
7224
7451
7430
5467
2860
7908
7348
7341
2858
7474
2554
2502
2467
7438
4977
3615
3615
6718
6734
6729
6731
6665
3185
7174
4477
4367
1411
7168
1412
7177
1424
1241
1915
1657
7175
1899
5575
3324
1240
7369
3259
1656
5466
3324
2834
3500
7536
7408
7408
2776
5582
3788
4767
4532
5097
1401
3349
4761
5568
7113
3991
3778
1168
4000
7157
7144
4001
3680
4987
3681
6257
7765
1240
4296
4295
4986
3269
3956
3939
7778
6732
810
8158
8156
4532
6727
4559
812
4345
2360
2976
7018
2441
6356
3638
7018
6236
5599
6390
3708
5944
7596
5944
5466
6932
2475
107
2986
6446
3981
3981
6618
7775
99
4656
5113
5039
4921
1044
1042
7775
2017
1095
1162
4049
5201
5384
5193
6993
3599
4498
3969
3847
1210
8102
1195
7001
3509
8102
5604
4015
6939
6990
975
2743
5956
5607
6979
5974
5892
5892
4088
3845
619
533
3504
591
8065
4090
5088
220
3096
222
7466
6998
3852
1828
5464
4864
5990
3853
4864
604
2838
3058
7184
1479
1499
2978
5464
2083
2070
5233
2095
2699
2083
5611
3659
5577
7744
4220
1085
3876
7774
7757
7335
6420
3193
1447
3878
1085
1446
7486
1518
8078
6112
7807
1319
1648
8065
5581
6799
6804
4917
3886
6804
3201
2656
7746
3219
7488
7175
3215
7315
123
7961
123
1701
2658
1293
7482
6044
6126
6380
6878
7960
4967
7124
2756
2366
7225
2323
6380
7125
2649
2718
2370
517
3519
552
7913
7179
221
574
4465
1033
1035
6347
221
6182
6348
1035
5015
7427
5950
5622
517
1034
4394
4397
5119
666
1096
5119
162
651
750
7482
1035
666
3423
3854
5435
7312
3764
3776
6628
6479
6493
5622
5435
5435
6829
976
2964
2405
2923
7949
3932
4144
4154
2406
6878
6877
4597
6243
4223
5136
4601
343
3767
7213
5239
2259
2475
5066
5592
7235
2122
6259
2122
3735
5575
3735
4969
2735
4939
4969
5623
4965
1011
6588
2973
7692
6115
7655
7693
588
5308
5003
4202
3522
572
6115
3974
6935
3231
6542
3970
5002
4032
6259
4904
5927
2754
4405
8182
5978
4909
2174
3313
7042
3231
8183
3231
5136
6130
1048
7989
4729
5897
5075
7988
6935
3810
7296
4027
3810
5072
8084
5116
173
4319
1672
5170
5171
620
604
174
173
65
4327
593
175
2310
282
140
175
42
3167
3143
8078
6408
6935
8115
6409
6565
6583
7312
762
3363
3143
6859
3141
6740
3363
4845
5962
3363
5090
1014
5025
69
5069
3363
6391
4988
4912
7500
7500
1108
1890
748
4860
5072
6391
3813
1049
3823
573
3721
3635
3468
6391
1702
565
3468
1715
6220
610
573
941
2715
2503
3654
4047
4048
2715
7371
5709
2663
6095
7294
7639
7370
2111
5663
7755
7754
2503
7754
1489
5708
2503
2502
1621
8086
3083
2151
8093
7317
2289
2223
3323
240
1438
2185
5502
326
5406
327
5606
3432
3373
1438
1812
3436
156
736
733
1784
1013
1813
5315
723
1198
1812
3217
3224
1798
5313
541
531
2922
3445
512
6584
533
3442
7476
3222
5355
6584
5261
5266
3700
3727
2675
2675
3424
3812
667
753
570
7476
6572
2923
3868
3396
7841
7855
7926
2477
445
5852
5854
4088
5844
2533
7741
821
8108
7211
2476
2453
4089
7215
1073
6619
7162
3131
4083
7603
598
7600
7145
2472
3000
6953
7120
6953
4174
4142
4115
6209
4174
2549
4046
6751
6748
6783
5540
7214
1088
6089
7176
2559
796
883
127
2108
2097
7288
985
4350
6419
6249
6983
2765
6431
2827
3135
2385
2386
477
5278
7413
7647
470
4337
7423
2151
5278
3648
2734
3005
2717
3135
3006
5453
5930
5982
4952
5906
6980
7761
5923
243
4691
4699
6065
4697
3141
4698
4735
1635
2027
1614
3141
1757
814
1603
7762
1770
5952
1129
2395
7352
5263
2329
5256
3373
7352
6379
3365
6379
764
3385
3448
1339
1580
1380
1144
2393
764
5975
1541
6394
1132
3178
7155
780
2822
2106
2903
2779
4521
4521
4520
4593
4580
7532
6232
5537
7172
1795
4632
1795
6341
6840
5724
799
141
4501
268
916
1982
2831
866
644
750
3195
3195
679
1953
4082
758
1738
971
5434
4249
5366
971
1953
1952
3518
3566
4083
7843
970
281
970
4772
4732
5436
4731
5681
2150
2098
3495
3881
3487
3504
3520
1104
5009
1092
5032
281
4475
1832
1653
1653
1832
1653
1710
1891
7318
3060
1891
3046
2666
5357
4232
4303
5458
5005
6427
7175
3238
3272
5367
5966
7991
7990
5745
6424
3372
5751
4268
7684
542
6142
7685
7963
7963
2635
6784
2630
2461
3859
2177
3871
4075
6075
2200
7629
783
3850
7735
6785
811
6079
1071
810
7574
5432
5436
5479
1057
5211
4284
1057
2707
2991
2706
7017
7109
4283
4283
3465
7095
7512
781
2172
6385
7647
1260
7512
3544
4219
8139
3506
3488
4219
4762
3509
2149
7268
1121
1210
7269
664
1126
4133
2311
660
2478
5007
652
5007
6743
664
623
1375
2187
623
2192
2194
1365
7573
7310
7582
1967
1967
7574
7127
7279
7583
7527
7467
6139
5965
1261
6020
7125
2310
5672
5718
4299
1501
5766
1261
1231
3937
1403
5965
6585
6585
775
5964
3544
134
5988
7503
5642
5961
1070
1077
6827
799
8137
774
772
5965
8132
5518
6085
6085
6084
6084
5699
375
6169
1360
6175
1360
3356
3395
6168
6151
6759
6032
6073
6155
1298
5681
5837
5798
375
5796
5798
3309
155
3309
3727
2330
4763
127
6907
4760
4760
4760
5933
4309
4308
4051
3726
1197
5760
1196
4557
4556
1651
6604
318
1656
447
1611
2330
2965
2850
3168
2873
2483
2878
2799
6622
6847
6843
3403
6413
7842
6800
6948
6801
7313
2798
5673
318
1815
1902
1387
4082
7319
7562
3706
3675
4021
3403
318
839
2811
1084
1029
7312
1176
1081
1169
296
6029
7507
2811
1403
7354
7513
905
7501
5360
3984
2057
5316
5413
6604
2790
7935
7892
7561
4174
5726
561
4721
5742
2791
3829
4722
3829
1360
1407
7008
614
7271
375
4221
904
372
6840
6802
904
904
2919
3245
3137
2872
3137
2045
7577
1051
2038
1218
36
6387
7495
5213
7488
3986
4752
4970
5885
7840
36
6385
4006
8171
8166
2984
8160
7999
7973
3986
126
876
72
8142
8171
8130
3960
8162
5118
8162
4454
5902
570
560
5118
6032
2859
335
7399
1772
1773
4387
4465
1773
1831
1691
1691
1773
3505
763
5722
6219
5695
2453
3960
2491
4316
1550
4165
4317
4170
2468
4243
8144
3505
629
823
822
628
628
3699
3234
1087
3215
3696
6195
3657
253
6192
2186
1764
6969
1081
3977
1907
3991
6605
378
378
1116
6969
1698
6244
7915
6231
6678
857
7915
815
6443
6697
789
5454
5460
1698
6443
6689
4758
4297
1068
1290
4672
3366
1150
6899
2427
2265
2238
6690
6285
6317
1812
1816
1810
7106
1816
1810
6858
2542
2543
2548
4200
3771
5246
4201
3397
2538
4963
1152
4807
2424
2220
4972
1131
3366
6906
1928
7232
4380
3558
3305
1419
2391
1422
1419
7745
4815
2261
7232
4229
2280
2784
2407
7234
1196
2204
2081
3304
2657
7989
7996
2083
7750
7295
7118
3419
7911
5313
3987
3315
3332
2783
634
4317
3781
634
3562
3803
2094
7006
6993
3561
371
6994
4234
6747
7397
2566
1715
4505
2221
22
3309
2090
3314
3573
3567
1072
4226
997
1159
5341
1715
2352
6526
2334
1045
2529
2182
2475
996
6241
6526
4235
7507
7581
413
7580
3228
3206
7587
7603
7570
2221
403
3206
4301
7817
7788
7789
2211
2221
5950
5894
4343
5682
6526
848
6610
999
1516
3828
6613
3819
946
7887
3009
7334
998
3495
2363
6909
7746
6909
4311
6855
2344
988
7959
7959
6899
7659
2344
3443
3443
3381
3441
4108
7014
6813
7261
3009
132
6670
2446
771
6556
6559
6685
564
3838
661
7497
6813
766
3808
7510
2446
6127
3364
980
6125
7515
572
983
988
7451
983
981
3257
7749
5822
7552
5541
6694
5791
7023
5777
7021
3618
2056
3683
4114
5262
2735
5263
7748
2211
7174
4923
5823
5570
4953
4927
6572
5222
6606
7708
7771
7335
6437
7955
443
6344
1701
1711
6369
7955
3847
149
6803
4020
150
4999
4374
3251
4117
4366
5808
5236
3493
4472
4192
119
105
1923
2210
442
643
6453
608
643
7867
5666
2815
2683
836
7883
743
4015
276
260
6322
696
4015
7447
6248
6166
554
6247
5915
7172
611
5710
7172
5182
61
5181
5680
7469
237
8093
3415
7517
7280
553
3356
3129
5814
5140
3494
7418
1866
6942
1749
1858
7421
6930
6492
1751
5993
6006
4644
1040
7630
7282
7379
7988
4568
1755
5076
1752
4569
4591
4589
7291
7762
7991
4852
7807
3491
7176
7080
7084
6624
1383
5038
7087
3837
1312
2096
2091
2070
2096
3825
1643
3011
2975
1629
1888
5114
1815
5097
770
5116
1889
6406
1322
770
3522
6605
3260
3521
607
1641
469
616
1814
1655
3662
3677
1196
7419
1607
7420
7811
7421
3156
5926
5999
469
7364
1908
7432
1132
7497
6597
6642
5289
6634
2079
572
2908
5291
1910
2077
1916
6127
5938
7205
6127
4408
6960
1881
1916
7362
4328
5708
4185
4505
6475
4382
5711
7206
5697
299
5701
880
296
1860
637
621
622
620
622
1083
9
6475
1080
15
6844
5697
2005
3154
8115
1258
1915
8091
8069
6560
7700
7700
1251
4896
1105
7203
1106
1192
4901
3134
797
5948
4933
3640
1253
154
5027
5049
1844
7603
787
154
1872
405
6426
1204
7965
3736
2874
6425
2938
2421
3737
5686
1255
2874
2873
6210
6210
6210
7299
2874
2938
2878
2451
833
884
154
8056
4250
155
7703
7703
3946
3678
4323
1983
409
3089
1963
4806
6924
6958
2952
7409
1963
6720
4395
4378
4378
3947
2509
3266
599
4386
2455
5654
1805
4596
5617
5046
2965
358
2297
3035
363
353
361
6916
2733
1373
2496
2952
3955
1375
7489
235
2519
7488
5368
5469
3604
5399
5393
762
5468
23
3081
23
7421
627
3354
3393
2727
2727
7605
2977
4286
2428
1218
6303
3614
3631
6349
5041
6303
6215
3639
1219
6484
1108
7842
6485
5630
244
244
245
3639
7575
328
7555
2530
7585
329
2960
2970
2836
2529
2529
7115
7119
4301
7878
898
898
2395
3948
6901
2397
7355
2392
7070
6880
2400
6901
817
2392
6776
7505
3484
7505
2225
2156
439
6961
6486
6484
6776
2233
4948
7288
2233
2170
7765
7293
7262
7293
7563
7572
1792
6927
1792
7626
6756
2203
431
2750
3474
6541
1692
3538
7702
4606
1692
4510
3766
4505
4239
1431
4377
1748
3761
330
6761
3640
3766
3748
6936
6943
7702
3567
3117
3538
1008
7703
3117
7703
7323
7371
967
967
1677
6659
7173
6550
6562
6562
6875
4947
3839
7926
2238
2058
8115
281
4019
6711
7322
7322
8067
4600
8112
7498
3904
3838
731
7533
4020
7499
7441
3803
2976
2981
3930
4697
4702
8120
6122
794
6079
6122
724
8114
7323
5882
1806
5020
6078
5854
7504
1712
3320
1703
5036
5734
1703
5744
4632
4649
2203
4723
3570
3080
3490
1703
3347
3092
3500
4599
1708
7505
5496
4905
2228
5498
1551
1777
1712
8122
8114
6034
3015
2616
6192
540
3894
6912
6912
4882
5430
5418
3274
3288
3270
5082
6192
1388
248
3831
3831
251
200
2265
514
6020
3113
2118
3471
2175
2607
2166
606
3092
4167
6020
522
1803
7104
4160
6781
733
4782
1905
7088
6547
7066
2071
5755
5865
782
5859
779
807
4782
247
297
247
3941
297
536
5926
2748
2985
2731
4943
2706
7135
5752
5857
5752
6779
4907
7024
7011
3945
2719
7200
7038
2190
6993
4890
3147
7643
7468
7619
2839
3148
7656
7394
7289
7392
4949
2109
1931
1940
4119
7289
1549
2015
1929
7078
1929
1776
7447
4595
7464
7440
5922
7448
7428
7425
4918
1364
7487
7078
1983
5808
7279
7445
4943
4915
5919
5935
6135
6017
5925
3151
7464
591
4867
5751
4409
7107
2908
5024
7325
7324
3595
4658
5811
4777
5542
4624
4810
4963
586
3840
5138
5138
4785
7468
7203
3189
275
232
5766
146
4667
7133
7139
1573
7027
2898
4823
1989
1415
2538
2447
3597
5402
991
5630
990
972
605
977
5821
5492
2026
3191
2023
377
970
111
357
53
1207
1205
2880
4231
1204
588
2371
2880
3998
7447
4106
1386
1396
1610
7306
1578
977
7396
4109
2254
2287
4823
2814
2805
7927
5310
3073
6808
6801
4991
7259
7396
4988
2797
3883
2941
3126
4497
4058
3072
7973
4062
6101
3883
7868
3074
7403
7897
376
2024
1257
2025
2025
2348
7998
977
6009
2829
7502
7439
2390
7474
1901
7328
2375
4596
2941
6457
2065
4800
4331
5188
1900
7866
7802
7859
1299
1900
7851
4797
4794
4615
4798
1777
2069
1615
4639
5743
1363
3181
1659
6109
360
6102
6670
1012
6668
1007
7455
6671
6668
6208
6067
5085
5077
6557
2906
4800
1607
1625
7957
6546
5878
6626
6833
6635
447
6556
1655
1444
447
5832
3849
5832
7761
3703
7763
6922
793
5835
6888
2873
797
6752
2029
2650
2661
5866
5862
1302
827
3197
3582
827
2804
4139
6746
4128
4138
3758
3762
2919
2883
2785
1434
4154
2915
4588
3756
3097
7162
1417
7147
7160
3495
7090
6025
7167
343
4893
4975
1782
6041
3098
3702
5785
784
840
843
3692
6030
873
2173
464
1583
843
786
1979
487
1694
470
5159
468
3158
1979
3906
1981
1983
4097
1983
6190
4205
5040
737
743
7431
411
3299
5026
2088
533
7434
1613
227
4206
3507
117
646
1888
750
4535
6617
3502
5871
4950
6618
2422
2422
2419
2422
2094
5056
7724
852
2212
6060
4533
3709
3704
3633
5868
4951
659
2212
2053
5117
742
647
2571
3248
2172
3638
5705
6261
4951
6310
4957
6339
6335
741
7405
2581
4957
6753
3288
2588
7346
7300
5155
7656
7474
4977
7350
281
5803
2525
1264
5801
7350
5049
4972
4928
4928
8143
4398
4883
6643
4881
4357
5803
5803
6674
2899
1419
1420
2391
1421
1419
2236
2842
2277
2276
2842
6673
3576
2235
2991
6944
8157
3569
6948
7267
7267
1481
5803
4138
6959
6939
3322
2903
3213
1117
4196
4945
4945
3934
6629
6430
5033
2398
3806
7024
4341
6430
7816
6744
6744
4913
1280
6945
3575
4146
4852
4913
4057
6248
4034
4185
1182
7333
6977
2393
4035
2179
4210
2196
7340
8148
6039
3748
1926
6347
3752
3747
6759
7560
7560
7629
7601
7078
6662
7417
6639
7235
6038
4199
127
959
1072
283
7028
1081
3747
3744
1922
927
7921
955
946
7934
945
6090
1433
909
6511
5206
2007
6759
6553
6131
515
6130
5635
2420
4636
5743
3598
194
223
621
8039
4785
3072
639
5738
612
6194
7161
757
2387
7274
7279
1066
2387
2385
450
6198
7134
458
1846
5376
6538
274
1461
299
7116
5378
92
2984
2800
2382
8019
2712
3651
3667
4001
2690
652
5658
2977
2382
3401
2604
5413
3401
5475
5475
5487
2489
5523
2824
8019
6195
1785
6688
1721
1622
1637
1542
6855
6853
6817
7511
6842
6867
4382
1435
6713
2694
6717
1441
2671
202
52
5652
7230
6041
7168
2398
7175
7216
4678
6028
1449
7231
7173
6617
3071
4824
5578
3555
2907
5573
3676
6620
7906
2644
6415
5478
611
6754
597
5477
573
564
3940
4669
4751
7128
319
4836
7574
5976
6011
4496
8060
547
7968
650
697
3238
1256
677
3351
6616
60
3437
3262
887
5487
3378
3936
3344
1786
5244
5216
7688
882
5483
3748
3744
6914
2334
912
2417
6950
5483
7895
627
7907
3262
525
7285
7776
3937
630
909
7779
6708
1761
7591
6949
6523
5968
6523
6520
5976
1783
6728
6735
6542
6731
6739
243
6683
3203
2298
3263
3836
3889
913
3834
3833
3834
4580
351
5082
768
577
8016
6429
6031
771
5999
7906
1987
49
129
7613
4902
4132
3674
722
111
1436
5911
4950
739
7226
3720
1485
4888
4957
6011
1258
6633
6649
6644
4166
5319
1987
4709
5319
402
6976
4719
7601
5531
1657
2787
788
103
1490
1293
2000
6978
7042
6985
886
4764
2104
6949
5461
4420
7125
855
304
1754
304
5406
5396
331
730
22
656
2000
6913
53
6182
0
11
4752
8115
4723
2100
2111
2093
4026
8122
2090
8112
879
7615
7523
2032
4599
2597
659
6619
2755
4664
6348
4904
4899
4105
7615
4646
4097
4905
5021
4944
5012
3347
234
1780
1486
1914
2598
2603
3774
2603
2603
3818
109
4098
1786
234
7256
4050
1789
3954
1784
345
639
639
638
4387
8
8
234
1065
73
3423
78
1
2762
234
225
743
7667
7622
1353
2692
6768
3547
6421
3805
8132
6463
7618
5902
3542
6422
4255
5715
4280
6999
4553
8087
3922
1725
3864
988
1008
1372
5065
2824
7141
3716
3723
3831
1016
3727
5731
5059
4978
3226
3226
200
203
15
4392
6583
3785
235
203
3721
3317
3723
2273
2273
2275
2292
340
8084
4202
3728
4203
4276
4436
2899
4248
3219
3412
2693
225
4717
3442
3400
3371
5930
3315
10
4294
4396
4314
5067
4719
4043
4718
5881
5880
777
779
830
828
3116
3445
3341
5071
6355
5067
5067
3809
1671
4066
4388
7108
2678
7109
2676
2622
7108
5878
6273
2801
2730
2882
2721
2885
2744
3139
6325
5393
2883
2883
2884
4589
3603
5614
5076
5075
1885
6028
980
323
3730
6765
981
2371
981
2219
4012
4012
2378
2907
4045
4045
2135
2062
2219
4008
2145
2143
4406
8108
1664
7709
3730
4640
841
732
8105
744
765
2066
737
7624
6250
2054
7624
2054
1885
883
1905
2998
7913
3061
2935
1905
6069
7755
5950
7915
6092
6131
7784
1495
4876
8105
4287
3809
406
1298
5951
645
6866
1495
1981
3460
3252
3555
3238
4601
1521
3564
1521
1521
7137
274
7628
347
347
4527
2048
102
2167
2167
339
4191
1266
284
7904
645
7606
5337
1905
6981
7911
1769
4699
3602
676
445
680
2671
6978
433
7721
6976
5049
7932
7923
1810
122
1825
2031
1845
286
7132
6366
5320
1727
3260
3219
3249
4750
441
2565
2573
4708
2668
5731
53
2775
4915
4776
2859
1273
2409
1659
1658
1604
1325
6147
1403
1576
880
2297
3008
7796
4393
4380
4398
3510
2879
123
4393
484
1017
882
7806
1004
265
1004
1007
7540
6832
6832
494
7669
4757
2088
7803
0
506
2368
7144
7797
7140
630
7107
3187
512
7262
228
7260
1371
7302
7298
2404
7171
6239
3192
4930
8039
4438
3550
7337
5277
5129
3192
1265
441
3298
3313
1523
7124
1510
7136
334
4422
3507
787
1509
1379
4883
967
771
4245
4020
514
4245
4244
239
1915
2712
7105
2569
2669
5029
4179
7024
935
1221
1054
1052
4246
7166
4246
3489
3462
1054
1052
2678
7651
2686
6099
7848
2686
5045
2095
3313
3494
6506
2581
4896
3982
5024
2580
3230
1973
5792
4897
4916
1347
2136
3357
6504
1242
2759
3485
1954
3722
7436
3358
6136
5709
4886
1961
4181
5929
5705
5759
5744
5095
5718
4251
3924
2877
3152
4038
3588
1987
2852
5064
7105
542
1551
3294
3588
7540
3774
12
3931
1557
3905
5425
4383
139
1654
142
151
2877
5410
355
2610
1979
7182
7189
5103
2679
2614
7504
7237
7237
1434
1421
8108
1420
1426
1764
4961
2877
6036
4961
5035
4180
1973
4787
4337
4184
4681
4763
4255
2875
7353
97
2860
1054
3684
348
350
3485
2681
2875
4272
1526
3546
3463
7726
3546
3688
262
6050
1407
5989
2891
2440
2442
586
915
2876
6799
6798
6798
6793
6793
6799
6798
7186
7202
682
7182
7187
7726
5788
5250
1166
5547
2666
1162
1167
4645
557
1062
7882
899
5368
7699
7806
2328
1215
1086
600
1029
601
1125
5667
1631
7529
5583
5254
7402
7756
7548
6216
7771
6685
7720
4339
7860
7730
7684
7708
84
4284
4721
6554
4609
590
1272
5052
1355
1501
1316
1358
605
589
2224
2201
1160
2206
2191
6555
4814
2191
3942
7741
626
7610
7742
1502
7552
4361
7552
4646
6463
6422
6652
6420
7547
1436
6451
4084
3926
1350
4852
6463
6419
1469
6430
5164
1398
3203
1977
5164
4339
5987
4373
4851
5986
5998
5961
6042
6445
6043
1057
4132
4821
1059
6555
6855
6551
1380
2892
5152
5390
5392
5394
5381
4117
5381
6551
5590
2136
6048
6048
2136
4018
4949
6915
4925
5101
3596
4031
5920
4024
4885
7942
7943
5488
2797
3586
5611
5618
3600
401
401
5513
401
5809
1692
6370
1667
6371
6373
1124
6371
6374
6374
710
3157
1317
735
735
730
5714
2611
4121
2671
7942
7943
6491
6490
559
6490
66
143
4027
752
627
76
4824
3272
1008
4958
1005
4946
4946
4948
2294
2293
5748
224
1615
6423
4052
4948
1006
1005
2796
7547
5044
8144
1005
4862
7637
5610
2419
5624
1182
1148
2426
1453
2427
4656
4874
6065
7087
69
6634
3493
66
5958
6651
3458
5748
216
4642
5992
396
4646
1364
425
4092
4467
4715
4046
1129
1145
6368
2082
6036
4092
8129
4650
6290
8042
1830
3205
3801
5729
6390
119
6344
6776
6778
5481
1199
4819
312
55
123
7519
2828
772
4960
769
773
769
4961
2827
2830
4430
4449
4440
4477
4474
2386
7253
2797
571
7678
7572
667
6074
3124
7573
6023
2220
481
7083
3471
7678
7678
3205
2590
3073
6669
6687
5884
4363
2657
480
4342
3138
7302
7362
917
1076
3611
4469
2716
3950
4630
906
1409
3950
7374
5086
4799
7005
6089
4568
252
1410
4275
4384
3928
3269
3275
2042
3267
8106
252
8075
6454
915
1443
1453
7301
7871
6735
3721
5239
2526
4441
6451
4406
5228
3423
6372
6375
4371
6323
3417
5615
7852
4340
4046
6439
8059
7598
4591
6415
5561
4350
5539
7338
5536
5417
785
5104
6437
6151
8024
1134
1134
3398
5537
1445
4021
7701
4346
6096
4024
6266
6454
7508
6271
4030
3230
4406
6476
8130
8186
5285
7945
5339
5339
950
659
5307
5339
4007
8024
6882
258
7987
581
736
952
7987
693
693
8033
726
723
722
8033
3749
8038
8036
465
472
2367
2770
7128
292
2698
2713
1192
4403
4879
7525
4036
2111
1865
3125
4517
5934
2722
5949
2747
5523
4539
4517
4628
1524
5762
6598
8061
6452
953
1542
2111
1722
1725
1361
2172
1628
7128
5899
2367
6821
7287
6852
6852
7282
7282
7283
3254
7287
3275
7286
7139
3749
7286
7588
7874
6072
1247
6074
6027
6322
6323
952
6323
1048
1050
6355
6324
3999
4863
3469
6324
2605
7706
5297
4386
575
2088
1922
5254
738
5307
1659
5305
6341
6342
5683
6176
5037
5303
7520
4862
4996
5044
5111
7905
5669
266
6132
5679
7746
7342
3524
7900
7817
3118
5674
5959
2302
4352
5249
2293
2301
5249
6917
7811
7503
4304
6817
889
4320
2107
2665
4315
546
7854
7916
5066
1395
642
7855
7525
5089
5107
6494
7758
7758
7738
7818
