rank,host,stage,category,time_s,calls,cache_references,cache_misses,cache_miss_rate_percent,instructions,cycles,ipc,minor_faults,major_faults,rchar_bytes,wchar_bytes,physical_read_bytes,physical_write_bytes,voluntary_context_switches,involuntary_context_switches,send_messages,receive_messages,send_bytes,receive_bytes
0,cn3344,geometry_load,io,1.741497519,1,1395237228,23689542,1.69788631815,3317415558,3756494777,0.883114646748,6107,0,1035181,0,0,0,0,6,0,0,0,0
0,cn3344,coarse_local_size,setup,0.555669929,1,266085277,6335012,2.38082019096,631682515,904007952,0.698757697432,8474,0,0,0,0,0,122,58,0,0,0,0
0,cn3344,coarse_edge_mesh,setup,0.0143476949997,1,6290267,160991,2.55936671687,12798397,27782708,0.460660530284,524,0,0,0,0,0,0,1,0,0,0,0
0,cn3344,coarse_surface_mesh,setup,8.761109785,1,5673700512,168541439,2.97057341401,15312265450,19074617517,0.802756093869,15417,0,0,0,0,0,0,14,0,0,0,0
0,cn3344,coarse_volume_mesh,setup,14.958745777,1,5318680581,127559988,2.39833895,13429679503,22393400816,0.599715943699,31034,0,0,0,0,0,88638,2817614,0,0,0,0
0,cn3344,coarse_mesh_save,io,0,0,0,0,0,0,0,0,0,0,0,0,0,0,0,0,0,0,0,0
0,cn3344,submesh_initialization,setup,0.000214883000353,1,3916868017,100661038,2.56993693847,9545779170,16438197730,0.580707163084,54,0,0,0,0,0,0,0,0,0,0,0
0,cn3344,metis_partition,compute,0.188443527,1,4033177048,106825783,2.64867576426,9807059034,16845483226,0.582177364842,1737,0,0,0,0,0,0,1,0,0,0,0
0,cn3344,face_map_setup,compute,0.00821565200022,1,3919901689,100732466,2.56977021344,9553676452,16454589768,0.580608607489,597,0,0,0,0,0,0,0,0,0,0,0
0,cn3344,face_local_extract,compute,0.169408388,1,3977955036,102802623,2.58430832098,9708977539,16806694120,0.577685145554,860,0,0,0,0,0,0,0,0,0,0,0
0,cn3344,face_pre_collective_wait,synchronization,0.00971987299999,1,3929520063,100656853,2.56155589961,9570873733,16459205913,0.581490612827,17,0,0,0,0,0,0,0,0,0,0,0
0,cn3344,face_collective_setup,compute,0.000106660999791,1,3916787906,100657447,2.56989781974,9545633264,16438028029,0.580704281995,16,0,0,0,0,0,0,0,0,0,0,0
0,cn3344,face_allgatherv,communication,0.0948885520002,1,4083299062,101147746,2.47710844746,9871291513,16635911086,0.593372461657,1275,0,0,0,0,0,1,1,1,1,75808,4859624
0,cn3344,face_global_merge,compute,0.0848561759999,1,3934881221,101523803,2.58009828755,9590044110,16621799300,0.576955835943,695,0,0,0,0,0,0,0,0,0,0,0
0,cn3344,part_face_create,compute,0.0243269520001,1,3921297544,100836783,2.57151572582,9556105072,16490648972,0.579486294822,30,0,0,0,0,0,0,0,0,0,0,0
0,cn3344,surface_refine,compute,0.0177663619997,1,3922627536,100919098,2.5727423028,9557493243,16476528282,0.580067176739,57,0,0,0,0,0,0,0,0,0,0,0
0,cn3344,refined_surface_save,io,0,0,0,0,0,0,0,0,0,0,0,0,0,0,0,0,0,0,0,0
0,cn3344,local_volume_mesh,compute,15.370782289,1,9004576744,220535819,2.44915252843,23309758499,39901791326,0.58417824675,7812,0,0,0,0,0,72915,2901647,0,0,0,0
0,cn3344,volume_refine,compute,1.003309125,1,9110127889,227598472,2.49830161303,23369086785,40726253506,0.573808901463,9126,0,0,0,0,0,0,1,0,0,0,0
0,cn3344,refined_volume_save,io,0,0,0,0,0,0,0,0,0,0,0,0,0,0,0,0,0,0,0,0
0,cn3344,adjacency_build,compute,0.00420921800014,1,8782672131,214913845,2.44702115477,22734600379,38734045366,0.58694102731,8,0,0,0,0,0,0,0,0,0,0,0
0,cn3344,vertex_numbering_local,compute,0.0172351750002,1,8789675747,215065056,2.44679169278,22751183065,38762593910,0.586936548102,10,0,0,0,0,0,0,0,0,0,0,0
0,cn3344,vertex_count_pre_collective_wait,synchronization,1.578262296,1,10941189467,214880707,1.9639611182,27019129011,42194701098,0.640344126345,32,0,0,0,0,0,0,2,0,0,0,0
0,cn3344,vertex_count_allgather,communication,0.0005288870002,1,8782237693,214880575,2.4467633707,22733537362,38725839574,0.587037947068,20,0,0,0,0,0,0,0,1,1,4,256
0,cn3344,element_count_pre_collective_wait,synchronization,0.00114089500039,1,8783165887,214878901,2.44648574061,22735380211,38727290711,0.587063535651,1,0,0,0,0,0,0,0,0,0,0,0
0,cn3344,element_count_allgather,communication,0.000202822999654,1,8782015565,214878375,2.44680020674,22733097259,38725289986,0.587034913547,0,0,0,0,0,0,0,0,1,1,4,256
0,cn3344,vertex_exchange_prepare,compute,1.6720000076e-05,1,8781771517,214878202,2.44686623404,22732614767,38724888481,0.587028540525,0,0,0,0,0,0,0,0,0,0,0,0
0,cn3344,vertex_exchange,communication,0.00243343400007,1,8785543717,214893786,2.44599301901,22740262811,38729403352,0.587157581652,77,0,0,0,0,0,0,0,6,4,267828,1848
0,cn3344,vertex_exchange_unpack,compute,7.1320999723e-05,1,8781781944,214878481,2.4468665058,22732637273,38725001167,0.587027413504,0,0,0,0,0,0,0,0,0,0,0,0
0,cn3344,partition_result_io,io,0,0,0,0,0,0,0,0,0,0,0,0,0,0,0,0,0,0,0,0
0,cn3344,volume_exchange_pack,compute,0.298429464,2,17738380775,432336960,2.43729664778,45956576013,78094817618,0.588471519811,1184,0,0,0,0,0,0,0,0,0,0,0
0,cn3344,volume_size_exchange,communication,0.0562535660001,1,8856952544,214880671,2.42612422199,22881782776,38848361642,0.589002516679,3,0,0,0,0,0,0,0,5,5,20,20
0,cn3344,volume_payload_prepare,compute,0.000321483999869,1,8781771920,214878303,2.44686727186,22732707807,38725141910,0.587027101407,68,0,0,0,0,0,0,0,0,0,0,0
0,cn3344,volume_payload_exchange,communication,0.00352564800005,1,8781879657,214894176,2.44701800062,22732888801,38726841908,0.587006006196,356,0,0,0,0,0,2,0,5,5,2838240,2855280
0,cn3344,volume_exchange_unpack,compute,0.253008686,1,8933426183,218522574,2.44612279235,23159365622,39220983547,0.590484060509,9252,0,0,0,0,0,0,1,0,0,0,0
0,cn3344,final_mesh_save,io,0,0,0,0,0,0,0,0,0,0,0,0,0,0,0,0,0,0,0,0
0,cn3344,testout_io,io,0,0,0,0,0,0,0,0,0,0,0,0,0,0,0,0,0,0,0,0
0,cn3344,final_count_exchange,communication,0,0,0,0,0,0,0,0,0,0,0,0,0,0,0,0,0,0,0,0
0,cn3344,quality_surface_compute,postprocess,0,0,0,0,0,0,0,0,0,0,0,0,0,0,0,0,0,0,0,0
0,cn3344,quality_reduce_pre_collective_wait,synchronization,0,0,0,0,0,0,0,0,0,0,0,0,0,0,0,0,0,0,0,0
0,cn3344,quality_reduce,communication,0,0,0,0,0,0,0,0,0,0,0,0,0,0,0,0,0,0,0,0
0,cn3344,quality_summary_io,io,0,0,0,0,0,0,0,0,0,0,0,0,0,0,0,0,0,0,0,0
0,cn3344,quality_volume_compute,postprocess,0,0,0,0,0,0,0,0,0,0,0,0,0,0,0,0,0,0,0,0
0,cn3344,quality_rank_io,io,0,0,0,0,0,0,0,0,0,0,0,0,0,0,0,0,0,0,0,0
1,cn3344,geometry_load,io,1.749108063,1,1399369259,25541545,1.82521838576,3315819712,3775419098,0.87826533318,6104,0,1035180,0,0,0,0,6,0,0,0,0
1,cn3344,coarse_local_size,setup,0.532237849,1,266406206,6288494,2.36049080628,631875208,893702283,0.707030987858,7495,0,0,0,0,0,106,55,0,0,0,0
1,cn3344,coarse_edge_mesh,setup,0.0133006010001,1,6297129,166133,2.63823402697,12799944,25901628,0.494175269601,523,0,0,0,0,0,0,0,0,0,0,0
1,cn3344,coarse_surface_mesh,setup,8.716135794,1,5672931020,162036277,2.85630613926,15310967520,18981119563,0.806641961723,14652,0,0,0,0,0,0,10,0,0,0,0
1,cn3344,coarse_volume_mesh,setup,14.900008077,1,5292813530,125605469,2.37313232911,13380710987,22236641478,0.601741544479,30975,0,0,0,0,0,86506,2741350,0,0,0,0
1,cn3344,coarse_mesh_save,io,0,0,0,0,0,0,0,0,0,0,0,0,0,0,0,0,0,0,0,0
1,cn3344,submesh_initialization,setup,0.000257723999766,1,4829752806,119982608,2.48423910745,12091689714,20454101340,0.591162110376,3,0,0,0,0,0,0,0,0,0,0,0
1,cn3344,metis_partition,compute,0.181222168,1,4942202615,126078071,2.55105022642,12352979322,20849057202,0.592495823783,284,0,0,0,0,0,0,1,0,0,0,0
1,cn3344,face_map_setup,compute,0.00798216899966,1,4832813574,120055176,2.48416733155,12099584019,20470702771,0.591068326005,215,0,0,0,0,0,0,0,0,0,0,0
1,cn3344,face_local_extract,compute,0.167684804,1,4890911625,122139784,2.4972805351,12254889177,20812525323,0.588822787567,1781,0,0,0,0,0,0,0,0,0,0,0
1,cn3344,face_pre_collective_wait,synchronization,0.018860697,1,4855025293,119978459,2.47122212057,12141432566,20495105814,0.592406434794,36,0,0,0,0,0,0,0,0,0,0,0
1,cn3344,face_collective_setup,compute,0.000145982000049,1,4829671070,119979038,2.48420723194,12091543856,20453950798,0.591159330313,35,0,0,0,0,0,0,0,0,0,0,0
1,cn3344,face_allgatherv,communication,0.0758124919998,1,4973625522,120482635,2.42243076941,12372259110,20614984550,0.600158543898,1078,0,0,0,0,0,0,0,1,1,75808,4859624
1,cn3344,face_global_merge,compute,0.0828347890001,1,4847851282,120856773,2.4929967107,12135956045,20633381762,0.588170964168,610,0,0,0,0,0,0,3,0,0,0,0
1,cn3344,part_face_create,compute,0.020792323,1,4834161001,120161399,2.48567225988,12101976319,20498876084,0.590372675527,34,0,0,0,0,0,0,1,0,0,0,0
1,cn3344,surface_refine,compute,0.0167116070002,1,4835088355,120237972,2.48677921006,12102489477,20490076149,0.590651268887,12,0,0,0,0,0,0,0,0,0,0,0
1,cn3344,refined_surface_save,io,0,0,0,0,0,0,0,0,0,0,0,0,0,0,0,0,0,0,0,0
1,cn3344,local_volume_mesh,compute,13.005332471,1,9032866313,214529910,2.37499263873,23416305092,39575972063,0.591679846921,11231,0,0,0,0,0,67493,2477737,0,0,0,0
1,cn3344,volume_refine,compute,0.958721978,1,7558668936,174858677,2.31335276727,18973044668,32109019116,0.5908945583,9188,0,0,0,0,0,0,3,0,0,0,0
1,cn3344,refined_volume_save,io,0,0,0,0,0,0,0,0,0,0,0,0,0,0,0,0,0,0,0,0
1,cn3344,adjacency_build,compute,0.00401175399975,1,7259564454,162917470,2.24417692042,18400387429,30209245230,0.60909788672,11,0,0,0,0,0,0,0,0,0,0,0
1,cn3344,vertex_numbering_local,compute,0.0154641509998,1,7265018949,163022720,2.24394074048,18413443749,30233646045,0.609038146494,110,0,0,0,0,0,0,0,0,0,0,0
1,cn3344,vertex_count_pre_collective_wait,synchronization,4.014763261,1,12617789817,192534153,1.52589443787,28966726603,39020284292,0.74235047562,71,0,0,0,0,0,0,4,0,0,0,0
1,cn3344,vertex_count_allgather,communication,0.000490847000037,1,7258729055,162885650,2.24399683148,18398540967,30200910995,0.609204833922,88,0,0,0,0,0,1,0,1,1,4,256
1,cn3344,element_count_pre_collective_wait,synchronization,0.00105851499984,1,7260018273,162883888,2.24357407757,18401082816,30202887943,0.609249117195,5,0,0,0,0,0,0,0,0,0,0,0
1,cn3344,element_count_allgather,communication,0.000255804000062,1,7259021876,162883305,2.24387400648,18399118825,30201154336,0.60921905899,0,0,0,0,0,0,0,0,1,1,4,256
1,cn3344,vertex_exchange_prepare,compute,0.00015144300005,1,7258713664,162883144,2.24396706551,18398522000,30200674890,0.609208968575,35,0,0,0,0,0,0,0,0,0,0,0
1,cn3344,vertex_exchange,communication,0.00338644600015,1,7263119495,162902033,2.24286593539,18407298738,30207177253,0.609368382349,99,0,0,0,0,0,0,0,5,3,113256,98670
1,cn3344,vertex_exchange_unpack,compute,0.002224071,1,7259270307,162894275,2.24394833242,18399842360,30204117514,0.60918324634,701,0,0,0,0,0,0,0,0,0,0,0
1,cn3344,partition_result_io,io,0,0,0,0,0,0,0,0,0,0,0,0,0,0,0,0,0,0,0,0
1,cn3344,volume_exchange_pack,compute,0.278751457,2,14675304738,328028004,2.23523810821,37244222708,60998908129,0.610571956948,2689,0,0,0,0,0,0,0,0,0,0,0
1,cn3344,volume_size_exchange,communication,0.0299938889998,1,7298156794,163172037,2.23579790906,18476618568,30266473255,0.610464866928,1,0,0,0,0,0,0,0,4,4,16,16
1,cn3344,volume_payload_prepare,compute,0.000219403000301,1,7258713920,162883193,2.24396766142,18398620896,30200878455,0.60920813689,34,0,0,0,0,0,0,0,0,0,0,0
1,cn3344,volume_payload_exchange,communication,0.0468323779996,1,7318118171,163089836,2.22857614743,18516027425,30300507844,0.611079772007,159,0,0,0,0,0,0,0,4,4,2234400,2222160
1,cn3344,volume_exchange_unpack,compute,0.209926639,1,7390908294,165721531,2.24223497854,18771147703,30606856917,0.613298770073,8238,0,0,0,0,0,0,1,0,0,0,0
1,cn3344,final_mesh_save,io,0,0,0,0,0,0,0,0,0,0,0,0,0,0,0,0,0,0,0,0
1,cn3344,testout_io,io,0,0,0,0,0,0,0,0,0,0,0,0,0,0,0,0,0,0,0,0
1,cn3344,final_count_exchange,communication,0,0,0,0,0,0,0,0,0,0,0,0,0,0,0,0,0,0,0,0
1,cn3344,quality_surface_compute,postprocess,0,0,0,0,0,0,0,0,0,0,0,0,0,0,0,0,0,0,0,0
1,cn3344,quality_reduce_pre_collective_wait,synchronization,0,0,0,0,0,0,0,0,0,0,0,0,0,0,0,0,0,0,0,0
1,cn3344,quality_reduce,communication,0,0,0,0,0,0,0,0,0,0,0,0,0,0,0,0,0,0,0,0
1,cn3344,quality_summary_io,io,0,0,0,0,0,0,0,0,0,0,0,0,0,0,0,0,0,0,0,0
1,cn3344,quality_volume_compute,postprocess,0,0,0,0,0,0,0,0,0,0,0,0,0,0,0,0,0,0,0,0
1,cn3344,quality_rank_io,io,0,0,0,0,0,0,0,0,0,0,0,0,0,0,0,0,0,0,0,0
2,cn3344,geometry_load,io,1.74224693,1,1400001564,22743791,1.62455468514,3316497527,3761092730,0.881790948824,6105,0,1035180,0,0,0,0,20,0,0,0,0
2,cn3344,coarse_local_size,setup,0.562345279,1,267238074,6005719,2.24732909877,632247618,905095837,0.698542178799,8270,0,0,0,0,0,126,57,0,0,0,0
2,cn3344,coarse_edge_mesh,setup,0.0145164579999,1,6280326,169317,2.69599062214,12804502,28622883,0.447351931669,517,0,0,0,0,0,0,0,0,0,0,0
2,cn3344,coarse_surface_mesh,setup,8.715457624,1,5665414508,165413844,2.91971300187,15313096746,18859304084,0.811965101034,15860,0,0,0,0,0,0,89,0,0,0,0
2,cn3344,coarse_volume_mesh,setup,14.866136835,1,5304762128,127249707,2.39878252652,13431370924,22282625151,0.602773274378,21973,0,0,0,0,0,80700,2917852,0,0,0,0
2,cn3344,coarse_mesh_save,io,0,0,0,0,0,0,0,0,0,0,0,0,0,0,0,0,0,0,0,0
2,cn3344,submesh_initialization,setup,0.000145801999679,1,3990614358,98250859,2.46204845134,9960549109,16516130510,0.603080067875,4,0,0,0,0,0,0,0,0,0,0,0
2,cn3344,metis_partition,compute,0.170945908,1,4103255558,104415584,2.54470097034,10221813608,16888494575,0.605253094798,361,0,0,0,0,0,0,3,0,0,0,0
2,cn3344,face_map_setup,compute,0.00834867399999,1,3993682304,98316858,2.46180969131,9968438432,16533529411,0.602922593489,282,0,0,0,0,0,0,0,0,0,0,0
2,cn3344,face_local_extract,compute,0.167941667,1,4051666175,100377896,2.47744734301,10123747980,16881252532,0.599703603794,815,0,0,0,0,0,0,1,0,0,0,0
2,cn3344,face_pre_collective_wait,synchronization,0.028679391,1,4026171907,98543651,2.44757683666,10030963616,16578848354,0.605045863368,3,0,0,0,0,0,0,0,0,0,0,0
2,cn3344,face_collective_setup,compute,0.000144982000165,1,3990534005,98247455,2.46201272504,9960403228,16516019488,0.60307528913,14,0,0,0,0,0,0,0,0,0,0,0
2,cn3344,face_allgatherv,communication,0.0757617919999,1,4131926778,99015366,2.39634851535,10236282373,16675868694,0.613838029121,1315,0,0,0,0,0,2,2,1,1,75808,4859624
2,cn3344,face_global_merge,compute,0.0794318819999,1,4008679188,99118440,2.47259596868,10004815259,16689555853,0.599465638698,91,0,0,0,0,0,0,0,0,0,0,0
2,cn3344,part_face_create,compute,0.0200652929998,1,3994994727,98439596,2.46407323981,9970729234,16559356157,0.602120586058,15,0,0,0,0,0,0,1,0,0,0,0
2,cn3344,surface_refine,compute,0.0113807950002,1,3994665955,98424414,2.46389598301,9968869701,16540521015,0.602693814298,45,0,0,0,0,0,0,0,0,0,0,0
2,cn3344,refined_surface_save,io,0,0,0,0,0,0,0,0,0,0,0,0,0,0,0,0,0,0,0,0
2,cn3344,local_volume_mesh,compute,12.772608223,1,8112827772,189156105,2.33156810814,21113742644,34871183990,0.605478226666,2516,0,0,0,0,0,64988,2780100,0,0,0,0
2,cn3344,volume_refine,compute,0.824265586,1,7630681384,186506853,2.44417036454,19644954612,33680103396,0.583280709712,4724,0,0,0,0,0,0,9,0,0,0,0
2,cn3344,refined_volume_save,io,0,0,0,0,0,0,0,0,0,0,0,0,0,0,0,0,0,0,0,0
2,cn3344,adjacency_build,compute,0.003480588,1,7363561369,176057400,2.39092731326,19131107925,32039833956,0.597103841152,0,0,0,0,0,0,0,0,0,0,0,0
2,cn3344,vertex_numbering_local,compute,0.00793848800004,1,7364771063,176090338,2.39098183085,19134076586,32049402581,0.597018198316,2,0,0,0,0,0,0,1,0,0,0,0
2,cn3344,vertex_count_pre_collective_wait,synchronization,4.40085488,1,12818647267,221488272,1.72785994799,29932624313,41678861178,0.71817279712,38,0,0,0,0,0,0,45,0,0,0,0
2,cn3344,vertex_count_allgather,communication,0.000437665999925,1,7363057668,176029913,2.39071756514,19129975004,32032713294,0.597201205793,75,0,0,0,0,0,0,0,1,1,4,256
2,cn3344,element_count_pre_collective_wait,synchronization,0.00112441500005,1,7364199683,176037856,2.39045468045,19132238899,32034651309,0.597235746831,0,0,0,0,0,0,0,0,0,0,0,0
2,cn3344,element_count_allgather,communication,8.90809997145e-05,1,7362980889,176027167,2.39070520016,19129825804,32032371413,0.597202921924,0,0,0,0,0,0,0,0,1,1,4,256
2,cn3344,vertex_exchange_prepare,compute,6.0860999838e-05,1,7362893939,176026356,2.39072241782,19129656419,32032238995,0.597200102746,9,0,0,0,0,0,0,0,0,0,0,0
2,cn3344,vertex_exchange,communication,0.00165402199991,1,7364771628,176041216,2.39031466136,19133358003,32035525323,0.597254385876,20,0,0,0,0,0,0,0,2,1,9064,18282
2,cn3344,vertex_exchange_unpack,compute,0.000378545000331,1,7362997730,176028269,2.39071469875,19129902841,32032983097,0.597193922997,8,0,0,0,0,0,0,0,0,0,0,0
2,cn3344,partition_result_io,io,0,0,0,0,0,0,0,0,0,0,0,0,0,0,0,0,0,0,0,0
2,cn3344,volume_exchange_pack,compute,0.163080201,2,14834598287,353413382,2.38235896357,38568113768,64419620472,0.598701350387,849,0,0,0,0,0,0,1,0,0,0,0
2,cn3344,volume_size_exchange,communication,0.149590858,1,7549811298,177583914,2.35216361033,19499733647,32360810468,0.6025724747,1,0,0,0,0,0,0,2,2,2,8,8
2,cn3344,volume_payload_prepare,compute,7.38210001145e-05,1,7362893846,176026302,2.39072171461,19129672598,32032337850,0.59719876481,0,0,0,0,0,0,0,0,0,0,0,0
2,cn3344,volume_payload_exchange,communication,0.0473358849999,1,7420828160,176518868,2.3786949946,19244376191,32135443699,0.598852045463,9,0,0,0,0,0,1,0,2,2,277800,277800
2,cn3344,volume_exchange_unpack,compute,0.154602926,1,7473219997,180028399,2.40898032003,19438933460,32329153984,0.601281848254,7189,0,0,0,0,0,0,2,0,0,0,0
2,cn3344,final_mesh_save,io,0,0,0,0,0,0,0,0,0,0,0,0,0,0,0,0,0,0,0,0
2,cn3344,testout_io,io,0,0,0,0,0,0,0,0,0,0,0,0,0,0,0,0,0,0,0,0
2,cn3344,final_count_exchange,communication,0,0,0,0,0,0,0,0,0,0,0,0,0,0,0,0,0,0,0,0
2,cn3344,quality_surface_compute,postprocess,0,0,0,0,0,0,0,0,0,0,0,0,0,0,0,0,0,0,0,0
2,cn3344,quality_reduce_pre_collective_wait,synchronization,0,0,0,0,0,0,0,0,0,0,0,0,0,0,0,0,0,0,0,0
2,cn3344,quality_reduce,communication,0,0,0,0,0,0,0,0,0,0,0,0,0,0,0,0,0,0,0,0
2,cn3344,quality_summary_io,io,0,0,0,0,0,0,0,0,0,0,0,0,0,0,0,0,0,0,0,0
2,cn3344,quality_volume_compute,postprocess,0,0,0,0,0,0,0,0,0,0,0,0,0,0,0,0,0,0,0,0
2,cn3344,quality_rank_io,io,0,0,0,0,0,0,0,0,0,0,0,0,0,0,0,0,0,0,0,0
3,cn3344,geometry_load,io,1.751330933,1,1399717173,23381763,1.67046339439,3316646412,3783429322,0.876624387487,6102,0,1035180,0,0,0,0,5,0,0,0,0
3,cn3344,coarse_local_size,setup,0.531234196,1,265970146,6196305,2.32969943927,631438358,894113197,0.706217467899,7757,0,0,0,0,0,91,48,0,0,0,0
3,cn3344,coarse_edge_mesh,setup,0.014135593,1,6305568,169186,2.68312069587,12800746,27152518,0.471438634163,489,0,0,0,0,0,0,1,0,0,0,0
3,cn3344,coarse_surface_mesh,setup,8.767035286,1,5673088124,162619785,2.86651258443,15307637231,19092581282,0.801758390073,14145,0,0,0,0,0,0,11,0,0,0,0
3,cn3344,coarse_volume_mesh,setup,15.059962875,1,5326374838,127132889,2.38685584223,13453903631,22560956474,0.596335693768,24765,0,0,0,0,0,87085,2764479,0,0,0,0
3,cn3344,coarse_mesh_save,io,0,0,0,0,0,0,0,0,0,0,0,0,0,0,0,0,0,0,0,0
3,cn3344,submesh_initialization,setup,0.000135001999752,1,3847581964,100707277,2.6174173271,9362637597,16515232002,0.566909238445,2,0,0,0,0,0,0,0,0,0,0,0
3,cn3344,metis_partition,compute,0.181215348,1,3961278821,106784750,2.69571405663,9623899167,16909153584,0.569153217468,562,0,0,0,0,0,1,1,0,0,0,0
3,cn3344,face_map_setup,compute,0.00821431199984,1,3850637958,100780389,2.61723875626,9370518227,16532380829,0.566797869219,224,0,0,0,0,0,0,0,0,0,0,0
3,cn3344,face_local_extract,compute,0.169775773,1,3908736277,102845700,2.63117521141,9525834503,16884686746,0.564170046285,653,0,0,0,0,0,0,0,0,0,0,0
3,cn3344,face_pre_collective_wait,synchronization,0.0167548679997,1,3868158040,100960561,2.61004229806,9403321483,16551743134,0.568116687582,3,0,0,0,0,0,0,0,0,0,0,0
3,cn3344,face_collective_setup,compute,0.000132941999709,1,3847502267,100703762,2.6173801862,9362491753,16515132902,0.566903809285,16,0,0,0,0,0,0,0,0,0,0,0
3,cn3344,face_allgatherv,communication,0.0757894120002,1,3989123841,101368976,2.54113384393,9638610503,16675755216,0.578001438505,1331,0,0,0,0,0,0,0,1,1,75808,4859624
3,cn3344,face_global_merge,compute,0.0857414279999,1,3865745574,101600947,2.62823678008,9406902690,16701227114,0.563246198964,495,0,0,0,0,0,0,0,0,0,0,0
3,cn3344,part_face_create,compute,0.0222531230002,1,3852115647,100888424,2.61903933436,9373173526,16562539223,0.565926117958,3,0,0,0,0,0,0,1,0,0,0,0
3,cn3344,surface_refine,compute,0.0237694829998,1,3855531457,100995919,2.61950706735,9379023876,16566571122,0.566141527232,51,0,0,0,0,0,0,0,0,0,0,0
3,cn3344,refined_surface_save,io,0,0,0,0,0,0,0,0,0,0,0,0,0,0,0,0,0,0,0,0
3,cn3344,local_volume_mesh,compute,16.821875173,1,9629960622,243235479,2.5258200791,24986858867,42787345157,0.583977780704,5630,0,0,0,0,0,75765,3049747,0,0,0,0
3,cn3344,volume_refine,compute,1.142776805,1,8621353542,233472907,2.70807716982,21925224249,39547841692,0.554397492024,6010,0,0,0,0,0,0,1,0,0,0,0
3,cn3344,refined_volume_save,io,0,0,0,0,0,0,0,0,0,0,0,0,0,0,0,0,0,0,0,0
3,cn3344,adjacency_build,compute,0.00409685500017,1,8222698947,219226748,2.66611667791,21145176056,37225263922,0.568032938606,0,0,0,0,0,0,0,0,0,0,0,0
3,cn3344,vertex_numbering_local,compute,0.0192129819998,1,8228594174,219363264,2.66586563101,21159030575,37258382353,0.567899872156,1,0,0,0,0,0,0,0,0,0,0,0
3,cn3344,vertex_count_pre_collective_wait,synchronization,6.29809997008e-05,1,8221817342,219192291,2.6659834667,21143203101,37216343632,0.568116075831,2,0,0,0,0,0,0,0,0,0,0,0
3,cn3344,vertex_count_allgather,communication,0.000577867999709,1,8222065443,219195975,2.66594782685,21143691798,37216948863,0.568119968024,12,0,0,0,0,0,1,0,1,1,4,256
3,cn3344,element_count_pre_collective_wait,synchronization,0.0010780749999,1,8223002085,219202577,2.66572444874,21145527839,37218625046,0.568143713339,0,0,0,0,0,0,0,0,0,0,0,0
3,cn3344,element_count_allgather,communication,0.000287964000108,1,8222137517,219195599,2.66591988454,21143836417,37216883405,0.568124853092,0,0,0,0,0,0,0,0,1,1,4,256
3,cn3344,vertex_exchange_prepare,compute,3.16010000461e-05,1,8221813875,219192082,2.66598204888,21143204866,37216336087,0.568116238433,0,0,0,0,0,0,0,0,0,0,0,0
3,cn3344,vertex_exchange,communication,0.00333974500018,1,8225992219,219205429,2.66479013308,21151620400,37222870755,0.568242587715,37,0,0,0,0,0,0,0,5,3,81972,104016
3,cn3344,vertex_exchange_unpack,compute,0.00166676300023,1,8222399431,219202874,2.6659234429,21144613932,37219918347,0.568099417491,0,0,0,0,0,0,0,0,0,0,0,0
3,cn3344,partition_result_io,io,0,0,0,0,0,0,0,0,0,0,0,0,0,0,0,0,0,0,0,0
3,cn3344,volume_exchange_pack,compute,0.308821566,2,16630589639,441333237,2.65374377325,42818485551,75106053058,0.570106986156,477,0,0,0,0,0,0,0,0,0,0,0
3,cn3344,volume_size_exchange,communication,0.0447780899999,1,8276690917,219495052,2.65196627736,21251244366,37314606311,0.569515438241,1,0,0,0,0,0,0,0,6,6,24,24
3,cn3344,volume_payload_prepare,compute,0.000314544000048,1,8221814846,219192236,2.66598360709,21143283782,37216558752,0.568114959873,68,0,0,0,0,0,0,0,0,0,0,0
3,cn3344,volume_payload_exchange,communication,0.00431077899975,1,8223728711,219217551,2.66567099553,21147108055,37221478818,0.568142608154,221,0,0,0,0,0,3,0,6,6,1921320,1913280
3,cn3344,volume_exchange_unpack,compute,0.247994678,1,8385602735,222648414,2.65512713917,21603466862,37696608335,0.573087813896,10615,0,0,0,0,0,0,1,0,0,0,0
3,cn3344,final_mesh_save,io,0,0,0,0,0,0,0,0,0,0,0,0,0,0,0,0,0,0,0,0
3,cn3344,testout_io,io,0,0,0,0,0,0,0,0,0,0,0,0,0,0,0,0,0,0,0,0
3,cn3344,final_count_exchange,communication,0,0,0,0,0,0,0,0,0,0,0,0,0,0,0,0,0,0,0,0
3,cn3344,quality_surface_compute,postprocess,0,0,0,0,0,0,0,0,0,0,0,0,0,0,0,0,0,0,0,0
3,cn3344,quality_reduce_pre_collective_wait,synchronization,0,0,0,0,0,0,0,0,0,0,0,0,0,0,0,0,0,0,0,0
3,cn3344,quality_reduce,communication,0,0,0,0,0,0,0,0,0,0,0,0,0,0,0,0,0,0,0,0
3,cn3344,quality_summary_io,io,0,0,0,0,0,0,0,0,0,0,0,0,0,0,0,0,0,0,0,0
3,cn3344,quality_volume_compute,postprocess,0,0,0,0,0,0,0,0,0,0,0,0,0,0,0,0,0,0,0,0
3,cn3344,quality_rank_io,io,0,0,0,0,0,0,0,0,0,0,0,0,0,0,0,0,0,0,0,0
4,cn3344,geometry_load,io,1.74011262,1,1401875814,26001937,1.85479603402,3317915081,3752748824,0.884129270731,6106,0,1035180,0,0,0,0,11,0,0,0,0
4,cn3344,coarse_local_size,setup,0.561344145,1,267035688,6219122,2.32894788205,632601960,896368827,0.705738464954,8406,0,0,0,0,0,134,73,0,0,0,0
4,cn3344,coarse_edge_mesh,setup,0.0129682359998,1,6305967,170927,2.71055969687,12809755,25071189,0.510935281131,519,0,0,0,0,0,0,0,0,0,0,0
4,cn3344,coarse_surface_mesh,setup,8.626732936,1,5672298348,164846552,2.90616857377,15313279768,18783948651,0.815232199178,12146,0,0,0,0,0,0,32,0,0,0,0
4,cn3344,coarse_volume_mesh,setup,14.915719471,1,5309007764,127951175,2.41007699909,13400846889,22294777409,0.601075608119,25179,0,0,0,0,0,86758,2692818,0,0,0,0
4,cn3344,coarse_mesh_save,io,0,0,0,0,0,0,0,0,0,0,0,0,0,0,0,0,0,0,0,0
4,cn3344,submesh_initialization,setup,0.000242923000314,1,4020443797,101020561,2.51267188651,10075044489,16589425187,0.607317274434,1,0,0,0,0,0,0,0,0,0,0,0
4,cn3344,metis_partition,compute,0.18719707,1,4133512176,107045643,2.58970189132,10336387047,16996409069,0.608151228006,562,0,0,0,0,0,0,2,0,0,0,0
4,cn3344,face_map_setup,compute,0.00765226400017,1,4023484810,101104245,2.51285265819,10082936876,16605459515,0.607206134036,221,0,0,0,0,0,0,0,0,0,0,0
4,cn3344,face_local_extract,compute,0.171768099,1,4081564145,103171452,2.52774300084,10238242721,16963058343,0.603561133492,615,0,0,0,0,0,0,0,0,0,0,0
4,cn3344,face_pre_collective_wait,synchronization,0.00928082700011,1,4031368930,101016183,2.50575387056,10096609596,16609557277,0.60787951344,0,0,0,0,0,0,0,0,0,0,0,0
4,cn3344,face_collective_setup,compute,0.000113281999802,1,4020363619,101016898,2.51263088549,10074898507,16589306897,0.607312805143,16,0,0,0,0,0,0,0,0,0,0,0
4,cn3344,face_allgatherv,communication,0.075811832,1,4161248765,101477294,2.4386259926,10349474808,16750513726,0.617860143115,903,0,0,0,0,0,2,0,1,1,75808,4859624
4,cn3344,face_global_merge,compute,0.082621045,1,4038496772,101886530,2.5228825415,10119310498,16768835845,0.603459333226,453,0,0,0,0,0,0,0,0,0,0,0
4,cn3344,part_face_create,compute,0.0199350120001,1,4024833745,101199053,2.51436604371,10085263396,16632574255,0.606356132333,3,0,0,0,0,0,0,0,0,0,0,0
4,cn3344,surface_refine,compute,0.0125836920001,1,4024819136,101204346,2.51450667919,10084059962,16616367427,0.606875119144,52,0,0,0,0,0,0,0,0,0,0,0
4,cn3344,refined_surface_save,io,0,0,0,0,0,0,0,0,0,0,0,0,0,0,0,0,0,0,0,0
4,cn3344,local_volume_mesh,compute,12.433485423,1,7836046167,186879338,2.38486775112,20281178432,33854459071,0.5990696348,1964,0,0,0,0,0,70110,2691596,0,0,0,0
4,cn3344,volume_refine,compute,0.749571389,1,6358543515,148763679,2.33958733866,15936399974,26524618248,0.600815432102,4251,0,0,0,0,0,0,4,0,0,0,0
4,cn3344,refined_volume_save,io,0,0,0,0,0,0,0,0,0,0,0,0,0,0,0,0,0,0,0,0
4,cn3344,adjacency_build,compute,0.00407059500003,1,6109943699,139061823,2.27599188881,15459343199,25043362286,0.617303021154,0,0,0,0,0,0,0,0,0,0,0,0
4,cn3344,vertex_numbering_local,compute,0.0139906509999,1,6115724805,139174980,2.27569068978,15473022929,25064593737,0.617325901683,48,0,0,0,0,0,0,0,0,0,0,0
4,cn3344,vertex_count_pre_collective_wait,synchronization,4.802934136,1,11853391052,139036179,1.17296542728,26780137359,35592205517,0.752415787951,2,0,0,0,0,0,0,14,0,0,0,0
4,cn3344,vertex_count_allgather,communication,0.000542906999726,1,6109370684,139030765,2.27569699387,15458020335,25035223414,0.617450864303,49,0,0,0,0,0,0,0,1,1,4,256
4,cn3344,element_count_pre_collective_wait,synchronization,0.00137655899971,1,6110608906,139028686,2.27520183567,15460463968,25037439733,0.61749380659,0,0,0,0,0,0,0,0,0,0,0,0
4,cn3344,element_count_allgather,communication,0.000207283000236,1,6109296452,139028156,2.27568193969,15457876484,25034860507,0.617454068884,0,0,0,0,0,0,0,0,1,1,4,256
4,cn3344,vertex_exchange_prepare,compute,8.06009998087e-05,1,6109078919,139027920,2.27575910941,15457449237,25034471579,0.617446595117,1,0,0,0,0,0,0,0,0,0,0,0
4,cn3344,vertex_exchange,communication,0.00443452099989,1,6114640515,139040207,2.27389012746,15468460696,25042836280,0.617680063195,61,0,0,0,0,0,0,0,4,3,235026,1430
4,cn3344,vertex_exchange_unpack,compute,5.56009999855e-05,1,6109087402,139028169,2.27576002521,15457467455,25034527162,0.617445951944,0,0,0,0,0,0,0,0,0,0,0,0
4,cn3344,partition_result_io,io,0,0,0,0,0,0,0,0,0,0,0,0,0,0,0,0,0,0,0,0
4,cn3344,volume_exchange_pack,compute,0.261197058,2,12353616992,280049064,2.2669398297,31295851614,50622883523,0.618215507218,2974,0,0,0,0,0,0,1,0,0,0,0
4,cn3344,volume_size_exchange,communication,0.0944164460002,1,6221816453,139028302,2.23452914515,15679930435,25241834579,0.621188225679,26,0,0,0,0,0,0,0,3,3,12,12
4,cn3344,volume_payload_prepare,compute,0.000338684999861,1,6109079569,139028019,2.27576048781,15457475441,25034502219,0.617446886133,102,0,0,0,0,0,0,0,0,0,0,0
4,cn3344,volume_payload_exchange,communication,0.00392199299995,1,6109170374,139041640,2.27594962144,15457687321,25036142563,0.617414894571,574,0,0,0,0,0,2,0,3,3,2508240,2512320
4,cn3344,volume_exchange_unpack,compute,0.193726499,1,6225111042,142022620,2.28144717487,15782635939,25411995194,0.621070318112,7170,0,0,0,0,0,0,3,0,0,0,0
4,cn3344,final_mesh_save,io,0,0,0,0,0,0,0,0,0,0,0,0,0,0,0,0,0,0,0,0
4,cn3344,testout_io,io,0,0,0,0,0,0,0,0,0,0,0,0,0,0,0,0,0,0,0,0
4,cn3344,final_count_exchange,communication,0,0,0,0,0,0,0,0,0,0,0,0,0,0,0,0,0,0,0,0
4,cn3344,quality_surface_compute,postprocess,0,0,0,0,0,0,0,0,0,0,0,0,0,0,0,0,0,0,0,0
4,cn3344,quality_reduce_pre_collective_wait,synchronization,0,0,0,0,0,0,0,0,0,0,0,0,0,0,0,0,0,0,0,0
4,cn3344,quality_reduce,communication,0,0,0,0,0,0,0,0,0,0,0,0,0,0,0,0,0,0,0,0
4,cn3344,quality_summary_io,io,0,0,0,0,0,0,0,0,0,0,0,0,0,0,0,0,0,0,0,0
4,cn3344,quality_volume_compute,postprocess,0,0,0,0,0,0,0,0,0,0,0,0,0,0,0,0,0,0,0,0
4,cn3344,quality_rank_io,io,0,0,0,0,0,0,0,0,0,0,0,0,0,0,0,0,0,0,0,0
5,cn3344,geometry_load,io,1.76722787,1,1406269184,24408016,1.73565746002,3316360121,3815208942,0.869247312904,6105,0,1035180,0,0,0,0,1,0,0,0,0
5,cn3344,coarse_local_size,setup,0.55950126,1,268080786,6162779,2.29885143652,632091197,906229043,0.69749607109,8164,0,0,0,0,0,111,59,0,0,0,0
5,cn3344,coarse_edge_mesh,setup,0.0132341600001,1,6272743,175169,2.79254227377,12811747,25740491,0.497727374354,516,0,0,0,0,0,0,0,0,0,0,0
5,cn3344,coarse_surface_mesh,setup,8.752250045,1,5671474875,167187785,2.94787138592,15313841899,19041586515,0.804231406188,15638,0,0,0,0,0,0,12,0,0,0,0
5,cn3344,coarse_volume_mesh,setup,14.909668328,1,5316656481,126381806,2.37709181422,13427370517,22338409474,0.601088924108,33096,0,0,0,0,0,83644,2792495,0,0,0,0
5,cn3344,coarse_mesh_save,io,0,0,0,0,0,0,0,0,0,0,0,0,0,0,0,0,0,0,0,0
5,cn3344,submesh_initialization,setup,0.000131462000354,1,4896576055,121511359,2.48155767694,12273070619,20809880188,0.589771325357,2,0,0,0,0,0,0,0,0,0,0,0
5,cn3344,metis_partition,compute,0.180024572,1,5010624078,127555748,2.54570580459,12534333125,21201998168,0.591186407323,349,0,0,0,0,0,0,1,0,0,0,0
5,cn3344,face_map_setup,compute,0.00839801400025,1,4899618226,121574173,2.48129889702,12280968394,20827422401,0.589653782285,213,0,0,0,0,0,0,0,0,0,0,0
5,cn3344,face_local_extract,compute,0.171909962,1,4957707812,123657091,2.49423918652,12436268552,21183451011,0.587074719107,756,0,0,0,0,0,0,0,0,0,0,0
5,cn3344,face_pre_collective_wait,synchronization,0.0155583109999,1,4913329655,121958270,2.48219188541,12305064926,20843764866,0.590347521434,2,0,0,0,0,0,0,0,0,0,0,0
5,cn3344,face_collective_setup,compute,0.00016356199967,1,4896496290,121507913,2.48152772521,12272924776,20809811174,0.589766272908,16,0,0,0,0,0,0,0,0,0,0,0
5,cn3344,face_allgatherv,communication,0.0759124740002,1,5035483866,122561629,2.43395932271,12542678082,20971300964,0.598087743986,873,0,0,0,0,0,0,0,1,1,75808,4859624
5,cn3344,face_global_merge,compute,0.0833702549999,1,4914569895,122357102,2.48968077806,12317336518,20990770646,0.586797727712,466,0,0,0,0,0,0,0,0,0,0,0
5,cn3344,part_face_create,compute,0.0200858529997,1,4901011740,121684438,2.48284322616,12283431715,20853409796,0.58903708483,3,0,0,0,0,0,0,0,0,0,0,0
5,cn3344,surface_refine,compute,0.018758915,1,4902863274,121763218,2.48351241295,12285916637,20850279796,0.589244689146,51,0,0,0,0,0,0,0,0,0,0,0
5,cn3344,refined_surface_save,io,0,0,0,0,0,0,0,0,0,0,0,0,0,0,0,0,0,0,0,0
5,cn3344,local_volume_mesh,compute,14.578141513,1,9656820100,231984262,2.40228418463,25024987664,42282213929,0.591856133788,16915,0,0,0,0,0,73264,2917577,0,0,0,0
5,cn3344,volume_refine,compute,0.985934468,1,9420288425,234947800,2.49406164016,24189748999,42040225033,0.575395326262,7459,0,0,0,0,0,0,0,0,0,0,0
5,cn3344,refined_volume_save,io,0,0,0,0,0,0,0,0,0,0,0,0,0,0,0,0,0,0,0,0
5,cn3344,adjacency_build,compute,0.00417601699974,1,9095640409,222243418,2.44340593962,23561372545,40060793546,0.58814043506,8,0,0,0,0,0,0,0,0,0,0,0
5,cn3344,vertex_numbering_local,compute,0.0160146980002,1,9100810034,222341990,2.44310109946,23573707072,40085484602,0.588085869637,172,0,0,0,0,0,0,1,0,0,0,0
5,cn3344,vertex_count_pre_collective_wait,synchronization,2.412470058,1,11761110036,296895076,2.52437971494,28687407127,45352761826,0.632539364131,28,0,0,0,0,0,0,4,0,0,0,0
5,cn3344,vertex_count_allgather,communication,0.000567067999782,1,9095091211,222216467,2.44325715757,23560102937,40052510909,0.588230360652,60,0,0,0,0,0,0,0,1,1,4,256
5,cn3344,element_count_pre_collective_wait,synchronization,0.00117933599995,1,9095978316,222244720,2.44332948342,23561867056,40054274493,0.588248504167,0,0,0,0,0,0,0,0,0,0,0,0
5,cn3344,element_count_allgather,communication,0.000268724000307,1,9094941146,222211995,2.44324830071,23559812302,40052055232,0.588229796587,1,0,0,0,0,0,1,0,1,1,4,256
5,cn3344,vertex_exchange_prepare,compute,0.000144661999911,1,9094784834,222209158,2.4432590991,23559510252,40051759358,0.58822660052,22,0,0,0,0,0,0,0,0,0,0,0
5,cn3344,vertex_exchange,communication,0.00393365399987,1,9099543863,222301247,2.44299330106,23568860473,40059456285,0.588346988669,62,0,0,0,0,0,0,0,5,3,102454,81708
5,cn3344,vertex_exchange_unpack,compute,0.00129305699966,1,9095248556,222217797,2.44322951299,23560620412,40054526164,0.588213684404,0,0,0,0,0,0,0,0,0,0,0,0
5,cn3344,partition_result_io,io,0,0,0,0,0,0,0,0,0,0,0,0,0,0,0,0,0,0,0,0
5,cn3344,volume_exchange_pack,compute,0.261139137,2,18349257710,446619945,2.43399461743,47571625192,80668943639,0.589714244987,809,0,0,0,0,0,0,0,0,0,0,0
5,cn3344,volume_size_exchange,communication,0.0648652229997,1,9168001754,223638495,2.43933739326,23699876615,40194193870,0.589634331059,2,0,0,0,0,0,0,0,4,4,16,16
5,cn3344,volume_payload_prepare,compute,0.00025258300002,1,9094785476,222209223,2.44325964132,23559553148,40051831969,0.588226605121,68,0,0,0,0,0,0,0,0,0,0,0
5,cn3344,volume_payload_exchange,communication,0.030486315,1,9126284706,222789121,2.44118092057,23621966294,40114532277,0.588863061668,288,0,0,0,0,0,1,0,4,4,1918800,1914000
5,cn3344,volume_exchange_unpack,compute,0.206660455,1,9231916472,225064429,2.43789498835,23946650253,40451484876,0.591984455612,8604,0,0,0,0,0,0,1,0,0,0,0
5,cn3344,final_mesh_save,io,0,0,0,0,0,0,0,0,0,0,0,0,0,0,0,0,0,0,0,0
5,cn3344,testout_io,io,0,0,0,0,0,0,0,0,0,0,0,0,0,0,0,0,0,0,0,0
5,cn3344,final_count_exchange,communication,0,0,0,0,0,0,0,0,0,0,0,0,0,0,0,0,0,0,0,0
5,cn3344,quality_surface_compute,postprocess,0,0,0,0,0,0,0,0,0,0,0,0,0,0,0,0,0,0,0,0
5,cn3344,quality_reduce_pre_collective_wait,synchronization,0,0,0,0,0,0,0,0,0,0,0,0,0,0,0,0,0,0,0,0
5,cn3344,quality_reduce,communication,0,0,0,0,0,0,0,0,0,0,0,0,0,0,0,0,0,0,0,0
5,cn3344,quality_summary_io,io,0,0,0,0,0,0,0,0,0,0,0,0,0,0,0,0,0,0,0,0
5,cn3344,quality_volume_compute,postprocess,0,0,0,0,0,0,0,0,0,0,0,0,0,0,0,0,0,0,0,0
5,cn3344,quality_rank_io,io,0,0,0,0,0,0,0,0,0,0,0,0,0,0,0,0,0,0,0,0
6,cn3344,geometry_load,io,1.788395657,1,1408651197,23864281,1.69412279284,3317381287,3862376544,0.858896394282,6106,0,1035180,0,0,0,1,2,0,0,0,0
6,cn3344,coarse_local_size,setup,0.555116261,1,268555600,6071468,2.2607862208,632943961,929293293,0.681102474071,7905,0,0,0,0,0,151,55,0,0,0,0
6,cn3344,coarse_edge_mesh,setup,0.0147532210003,1,6289115,180182,2.86498179792,12807204,28971485,0.442062393419,522,0,0,0,0,0,0,0,0,0,0,0
6,cn3344,coarse_surface_mesh,setup,8.890408786,1,5675656492,161119606,2.83878360551,15311303351,19343625406,0.791542589852,16544,0,0,0,0,0,0,15,0,0,0,0
6,cn3344,coarse_volume_mesh,setup,15.162192088,1,5316625433,127799016,2.40376189014,13435705219,22990053833,0.584413821586,25464,0,0,0,0,0,88238,2716221,0,0,0,0
6,cn3344,coarse_mesh_save,io,0,0,0,0,0,0,0,0,0,0,0,0,0,0,0,0,0,0,0,0
6,cn3344,submesh_initialization,setup,0.000370965000002,1,1934837261,49610444,2.56406288012,5153799607,9535943757,0.540460361169,2,0,0,0,0,0,2,0,0,0,0,0
6,cn3344,metis_partition,compute,0.186235336,1,2048871974,55658937,2.71656490529,5415086828,9942159441,0.544659021024,316,0,0,0,0,0,0,1,0,0,0,0
6,cn3344,face_map_setup,compute,0.00781458699976,1,1937872920,49674282,2.56334053112,5161680845,9552292387,0.540360432437,215,0,0,0,0,0,0,0,0,0,0,0
6,cn3344,face_local_extract,compute,0.17394655,1,1996200017,51796564,2.59475821856,5316997912,9914654643,0.53627666353,633,0,0,0,0,0,0,0,0,0,0,0
6,cn3344,face_pre_collective_wait,synchronization,0.00769172499986,1,1944293436,49606175,2.55137285769,5172452063,9552515746,0.541475376805,2,0,0,0,0,0,0,0,0,0,0,0
6,cn3344,face_collective_setup,compute,0.000111420999929,1,1934757169,49606866,2.56398409035,5153653589,9535774510,0.540454640952,15,0,0,0,0,0,0,0,0,0,0,0
6,cn3344,face_allgatherv,communication,0.0759198340002,1,2077052559,50045561,2.40945087225,5431193413,9697012307,0.560089359594,1029,0,0,0,0,0,0,0,1,1,75808,4859624
6,cn3344,face_global_merge,compute,0.0865532190001,1,1952927270,50464493,2.58404364439,5198065367,9724519849,0.534531827557,254,0,0,0,0,0,0,0,0,0,0,0
6,cn3344,part_face_create,compute,0.0214025720002,1,1939279039,49785965,2.56724091782,5164111881,9582320157,0.538920824643,3,0,0,0,0,0,0,0,0,0,0,0
6,cn3344,surface_refine,compute,0.0200042729998,1,1940573400,49871936,2.56995875549,5165476324,9579264598,0.539235164783,4,0,0,0,0,0,0,0,0,0,0,0
6,cn3344,refined_surface_save,io,0,0,0,0,0,0,0,0,0,0,0,0,0,0,0,0,0,0,0,0
6,cn3344,local_volume_mesh,compute,13.338150564,1,6229692256,147188882,2.36269908611,16781605833,29728748057,0.564490835632,6942,0,0,0,0,0,65435,2493059,0,0,0,0
6,cn3344,volume_refine,compute,0.959178224,1,6423683428,157640741,2.45405525921,17028878617,31204759039,0.545714151989,8366,0,0,0,0,0,0,1,0,0,0,0
6,cn3344,refined_volume_save,io,0,0,0,0,0,0,0,0,0,0,0,0,0,0,0,0,0,0,0,0
6,cn3344,adjacency_build,compute,0.00433651899993,1,6110491514,144987145,2.37275748878,16424130432,29307223403,0.560412366813,12,0,0,0,0,0,0,0,0,0,0,0
6,cn3344,vertex_numbering_local,compute,0.0201012529997,1,6117798325,145129018,2.37224259922,16441860543,29339379776,0.560402458011,373,0,0,0,0,0,0,0,0,0,0,0
6,cn3344,vertex_count_pre_collective_wait,synchronization,3.669028592,1,10657602578,144961948,1.36017408173,25384967037,37361427500,0.679443178048,30,0,0,0,0,0,0,7,0,0,0,0
6,cn3344,vertex_count_allgather,communication,0.000526326999989,1,6109847801,144954273,2.37246945785,16422671131,29298513732,0.560529154524,60,0,0,0,0,0,0,0,1,1,4,256
6,cn3344,element_count_pre_collective_wait,synchronization,0.00122163599963,1,6111003021,144963416,2.37217058316,16424950031,29300456067,0.560569773844,0,0,0,0,0,0,0,0,0,0,0,0
6,cn3344,element_count_allgather,communication,0.000193282000055,1,6109771420,144953338,2.37248381381,16422522929,29298190371,0.560530282623,0,0,0,0,0,0,0,0,1,1,4,256
6,cn3344,vertex_exchange_prepare,compute,0.000303364000047,1,6109571710,144951586,2.37253268937,16422144257,29297900448,0.560522904573,58,0,0,0,0,0,0,0,0,0,0,0
6,cn3344,vertex_exchange,communication,0.00417161699988,1,6115837756,144968156,2.3703728219,16434517238,29306041736,0.560789388961,44,0,0,0,0,0,0,0,2,4,72116,229702
6,cn3344,vertex_exchange_unpack,compute,0.00362407000011,1,6110864128,144975049,2.37241486578,16425250609,29305737938,0.560478997108,0,0,0,0,0,0,0,0,0,0,0,0
6,cn3344,partition_result_io,io,0,0,0,0,0,0,0,0,0,0,0,0,0,0,0,0,0,0,0,0
6,cn3344,volume_exchange_pack,compute,0.35093924,2,12391590314,292942918,2.36404618436,33328828814,59354968370,0.561517084909,1186,0,0,0,0,0,0,1,0,0,0,0
6,cn3344,volume_size_exchange,communication,8.31610000205e-05,1,6109574212,144951670,2.37253309265,16422134289,29297850821,0.560523513801,2,0,0,0,0,0,0,0,4,4,16,16
6,cn3344,volume_payload_prepare,compute,0.000379145000352,1,6109572134,144951640,2.37253340857,16422188658,29297967524,0.560523136786,102,0,0,0,0,0,0,0,0,0,0,0
6,cn3344,volume_payload_exchange,communication,0.00425225799972,1,6109666943,144965011,2.37271544181,16422386200,29299686239,0.560496998706,574,0,0,0,0,0,2,0,4,4,3188880,3188520
6,cn3344,volume_exchange_unpack,compute,0.237073649,1,6254141344,149827998,2.39566056728,16824836450,29761061316,0.565330526064,8727,0,0,0,0,0,0,1,0,0,0,0
6,cn3344,final_mesh_save,io,0,0,0,0,0,0,0,0,0,0,0,0,0,0,0,0,0,0,0,0
6,cn3344,testout_io,io,0,0,0,0,0,0,0,0,0,0,0,0,0,0,0,0,0,0,0,0
6,cn3344,final_count_exchange,communication,0,0,0,0,0,0,0,0,0,0,0,0,0,0,0,0,0,0,0,0
6,cn3344,quality_surface_compute,postprocess,0,0,0,0,0,0,0,0,0,0,0,0,0,0,0,0,0,0,0,0
6,cn3344,quality_reduce_pre_collective_wait,synchronization,0,0,0,0,0,0,0,0,0,0,0,0,0,0,0,0,0,0,0,0
6,cn3344,quality_reduce,communication,0,0,0,0,0,0,0,0,0,0,0,0,0,0,0,0,0,0,0,0
6,cn3344,quality_summary_io,io,0,0,0,0,0,0,0,0,0,0,0,0,0,0,0,0,0,0,0,0
6,cn3344,quality_volume_compute,postprocess,0,0,0,0,0,0,0,0,0,0,0,0,0,0,0,0,0,0,0,0
6,cn3344,quality_rank_io,io,0,0,0,0,0,0,0,0,0,0,0,0,0,0,0,0,0,0,0,0
7,cn3344,geometry_load,io,1.772160717,1,1400467978,22968730,1.64007534344,3315612115,3823950237,0.867064660758,6107,0,1035180,0,0,0,0,5,0,0,0,0
7,cn3344,coarse_local_size,setup,0.563440134,1,267365538,6217857,2.32560151413,632146300,922651960,0.68514058107,8325,0,0,0,0,0,99,65,0,0,0,0
7,cn3344,coarse_edge_mesh,setup,0.0144559370001,1,6301852,172215,2.73276808151,12805210,28346447,0.451739507248,525,0,0,0,0,0,0,0,0,0,0,0
7,cn3344,coarse_surface_mesh,setup,8.894223819,1,5674649794,163887535,2.88806430263,15312800893,19354909087,0.791158502691,14910,0,0,0,0,0,0,17,0,0,0,0
7,cn3344,coarse_volume_mesh,setup,15.404221364,1,5332117012,133135078,2.49685214522,13457766786,23334553452,0.576731275946,26627,0,0,0,0,0,88406,2794008,0,0,0,0
7,cn3344,coarse_mesh_save,io,0,0,0,0,0,0,0,0,0,0,0,0,0,0,0,0,0,0,0,0
7,cn3344,submesh_initialization,setup,0.000143182000102,1,3260985005,73818617,2.26369078321,8786777567,15020950352,0.584968151887,2,0,0,0,0,0,0,0,0,0,0,0
7,cn3344,metis_partition,compute,0.186098895,1,3373775188,79848649,2.36674480517,9048018784,15427088759,0.586502024157,315,0,0,0,0,0,0,0,0,0,0,0
7,cn3344,face_map_setup,compute,0.00795752799968,1,3264044025,73884355,2.26358328607,8794671544,15037573336,0.584846460761,207,0,0,0,0,0,0,0,0,0,0,0
7,cn3344,face_local_extract,compute,0.181593693,1,3322283411,75963578,2.2864869911,8949978888,15415371201,0.580587958039,706,0,0,0,0,0,0,1,0,0,0,0
7,cn3344,face_pre_collective_wait,synchronization,0.00029176399994,1,3261203738,73814300,2.26340658021,8787220355,15021286143,0.584984552677,0,0,0,0,0,0,0,0,0,0,0,0
7,cn3344,face_collective_setup,compute,0.000103920999663,1,3260905193,73815054,2.26363692383,8786631856,15020800084,0.58496430329,16,0,0,0,0,0,0,0,0,0,0,0
7,cn3344,face_allgatherv,communication,0.075890093,1,3403251687,74272454,2.18239674379,9064150726,15182330316,0.597019728681,997,0,0,0,0,0,0,0,1,1,75808,4859624
7,cn3344,face_global_merge,compute,0.0864484369999,1,3279009228,74671128,2.27724665617,8831043735,15209703773,0.580619048655,122,0,0,0,0,0,0,0,0,0,0,0
7,cn3344,part_face_create,compute,0.021880838,1,3265501125,73998965,2.26608297371,8797266247,15067774246,0.583846433015,3,0,0,0,0,0,0,1,0,0,0,0
7,cn3344,surface_refine,compute,0.024016027,1,3268473317,74130476,2.2680459288,8802239030,15073098731,0.583970103765,4,0,0,0,0,0,0,0,0,0,0,0
7,cn3344,refined_surface_save,io,0,0,0,0,0,0,0,0,0,0,0,0,0,0,0,0,0,0,0,0
7,cn3344,local_volume_mesh,compute,15.110911589,1,8193328668,202704963,2.47402455356,22087007537,38821053858,0.568944048191,9514,0,0,0,0,0,66979,2623888,0,0,0,0
7,cn3344,volume_refine,compute,1.179629487,1,8275784245,213761499,2.58297573585,22037938500,40155138100,0.548819890623,7463,0,0,0,0,0,0,3,0,0,0,0
7,cn3344,refined_volume_save,io,0,0,0,0,0,0,0,0,0,0,0,0,0,0,0,0,0,0,0,0
7,cn3344,adjacency_build,compute,0.00426333899986,1,7892968959,198931567,2.52036423852,21303619938,37767929077,0.564066403921,7,0,0,0,0,0,0,0,0,0,0,0
7,cn3344,vertex_numbering_local,compute,0.017959065,1,7898945260,199077236,2.52030150162,21317715745,37797970141,0.563991020298,8,0,0,0,0,0,0,0,0,0,0,0
7,cn3344,vertex_count_pre_collective_wait,synchronization,1.673869058,1,9957474264,198899863,1.99749311649,25358956508,41437226827,0.611984885327,28,0,0,0,0,0,0,3,0,0,0,0
7,cn3344,vertex_count_allgather,communication,0.00045316600017,1,7892319712,198899026,2.52015925936,21302050380,37759384910,0.564152473108,20,0,0,0,0,0,0,0,1,1,4,256
7,cn3344,element_count_pre_collective_wait,synchronization,0.00111779600002,1,7893367973,198897377,2.51980368431,21304131416,37761119699,0.564181665846,0,0,0,0,0,0,0,0,0,0,0,0
7,cn3344,element_count_allgather,communication,0.000122221999845,1,7892187618,198896857,2.52017395717,21301791479,37758929343,0.564152423007,0,0,0,0,0,0,0,0,1,1,4,256
7,cn3344,vertex_exchange_prepare,compute,2.64410000455e-05,1,7892071164,198896663,2.52020868625,21301574856,37758728164,0.564149691787,0,0,0,0,0,0,0,0,0,0,0,0
7,cn3344,vertex_exchange,communication,0.00192570599984,1,7895220242,198908878,2.51935819272,21307780143,37762231727,0.56426167545,47,0,0,0,0,0,0,0,3,4,33286,169532
7,cn3344,vertex_exchange_unpack,compute,0.00275243700025,1,7893035728,198916438,2.52015124288,21303900461,37764716833,0.564121811245,0,0,0,0,0,0,0,0,0,0,0,0
7,cn3344,partition_result_io,io,0,0,0,0,0,0,0,0,0,0,0,0,0,0,0,0,0,0,0,0
7,cn3344,volume_exchange_pack,compute,0.323700529,2,15968286624,400576936,2.50857806747,43126513267,76222066469,0.565800892902,591,0,0,0,0,0,0,1,0,0,0,0
7,cn3344,volume_size_exchange,communication,0.028232445,1,7926668790,198896968,2.50921254905,21369762184,37820577515,0.565030033598,2,0,0,0,0,0,0,0,5,5,20,20
7,cn3344,volume_payload_prepare,compute,0.000298903999919,1,7892071663,198896796,2.52021021214,21301622488,37758855726,0.56414904738,68,0,0,0,0,0,0,0,0,0,0,0
7,cn3344,volume_payload_exchange,communication,0.00419049700031,1,7892935136,198912172,2.52012931277,21303377177,37762406734,0.564142463881,299,0,0,0,0,0,3,0,5,5,2102040,2101920
7,cn3344,volume_exchange_unpack,compute,0.245565205,1,8050972827,202325113,2.51305174353,21748903214,38235037588,0.568821285031,10079,0,0,0,0,0,0,0,0,0,0,0
7,cn3344,final_mesh_save,io,0,0,0,0,0,0,0,0,0,0,0,0,0,0,0,0,0,0,0,0
7,cn3344,testout_io,io,0,0,0,0,0,0,0,0,0,0,0,0,0,0,0,0,0,0,0,0
7,cn3344,final_count_exchange,communication,0,0,0,0,0,0,0,0,0,0,0,0,0,0,0,0,0,0,0,0
7,cn3344,quality_surface_compute,postprocess,0,0,0,0,0,0,0,0,0,0,0,0,0,0,0,0,0,0,0,0
7,cn3344,quality_reduce_pre_collective_wait,synchronization,0,0,0,0,0,0,0,0,0,0,0,0,0,0,0,0,0,0,0,0
7,cn3344,quality_reduce,communication,0,0,0,0,0,0,0,0,0,0,0,0,0,0,0,0,0,0,0,0
7,cn3344,quality_summary_io,io,0,0,0,0,0,0,0,0,0,0,0,0,0,0,0,0,0,0,0,0
7,cn3344,quality_volume_compute,postprocess,0,0,0,0,0,0,0,0,0,0,0,0,0,0,0,0,0,0,0,0
7,cn3344,quality_rank_io,io,0,0,0,0,0,0,0,0,0,0,0,0,0,0,0,0,0,0,0,0
8,cn3344,geometry_load,io,1.759508284,1,1408051232,24267732,1.72349779955,3316072933,3802816464,0.872004464163,5962,0,1035180,0,0,0,0,1,0,0,0,0
8,cn3344,coarse_local_size,setup,0.561065422,1,268627399,5939820,2.21117429648,632743399,903854100,0.700050372068,8302,0,0,0,0,0,122,70,0,0,0,0
8,cn3344,coarse_edge_mesh,setup,0.0137738080002,1,6305145,172888,2.74201465628,12804756,27125372,0.472058263385,526,0,0,0,0,0,0,0,0,0,0,0
8,cn3344,coarse_surface_mesh,setup,8.645086125,1,5676521135,164503274,2.89795933262,15315013664,18831590415,0.813261829006,12252,0,0,0,0,0,0,10,0,0,0,0
8,cn3344,coarse_volume_mesh,setup,14.636646451,1,5288264882,126157695,2.38561603503,13374581374,21968707796,0.608801459703,20398,0,0,0,0,0,81674,2714046,0,0,0,0
8,cn3344,coarse_mesh_save,io,0,0,0,0,0,0,0,0,0,0,0,0,0,0,0,0,0,0,0,0
8,cn3344,submesh_initialization,setup,0.000140222000027,1,3316380061,74031558,2.23230017785,8951479587,14952326724,0.598668003464,2,0,0,0,0,0,0,0,0,0,0,0
8,cn3344,metis_partition,compute,0.179561966,1,3430115694,80104049,2.33531624429,9212769218,15343829799,0.600421755108,334,0,0,0,0,0,1,0,0,0,0,0
8,cn3344,face_map_setup,compute,0.0080902499999,1,3319442846,74091473,2.23204544971,8959371708,14969193061,0.598520686552,212,0,0,0,0,0,0,0,0,0,0,0
8,cn3344,face_local_extract,compute,0.168092529,1,3377510868,76200030,2.25610021634,9114678464,15318482611,0.595011836058,572,0,0,0,0,0,0,0,0,0,0,0
8,cn3344,face_pre_collective_wait,synchronization,0.0201480750002,1,3341432336,74027298,2.21543609315,8999299428,14996302251,0.600101230115,1,0,0,0,0,0,0,0,0,0,0,0
8,cn3344,face_collective_setup,compute,0.000203402999887,1,3316299767,74027954,2.2322455508,8951333495,14952256967,0.598661025874,16,0,0,0,0,0,0,0,0,0,0,0
8,cn3344,face_allgatherv,communication,0.0758209529999,1,3457775067,74466140,2.1535854287,9226972801,15112450459,0.610554378725,1328,0,0,0,0,0,1,0,1,1,75808,4859624
8,cn3344,face_global_merge,compute,0.0833975760002,1,3334473271,74886059,2.2458137437,8995744600,15133369760,0.594431031731,421,0,0,0,0,0,0,0,0,0,0,0
8,cn3344,part_face_create,compute,0.019878131,1,3320803697,74202667,2.23447917343,8961797873,14995400078,0.597636463608,3,0,0,0,0,0,0,0,0,0,0,0
8,cn3344,surface_refine,compute,0.0184250709999,1,3322217889,74280910,2.23588315041,8963335222,14991989552,0.597874964554,51,0,0,0,0,0,0,0,0,0,0,0
8,cn3344,refined_surface_save,io,0,0,0,0,0,0,0,0,0,0,0,0,0,0,0,0,0,0,0,0
8,cn3344,local_volume_mesh,compute,12.334378514,1,7265223228,159465653,2.19491745808,19404703271,32251372434,0.601670620706,7175,0,0,0,0,0,67959,2646843,0,0,0,0
8,cn3344,volume_refine,compute,0.95521833,1,7516491851,171990374,2.28817349116,19823561027,33982800843,0.583341000013,8111,0,0,0,0,0,0,35,0,0,0,0
8,cn3344,refined_volume_save,io,0,0,0,0,0,0,0,0,0,0,0,0,0,0,0,0,0,0,0,0
8,cn3344,adjacency_build,compute,0.00426125800004,1,7206335176,159181814,2.20891493543,19237941245,32082355161,0.599642424892,7,0,0,0,0,0,0,1,0,0,0,0
8,cn3344,vertex_numbering_local,compute,0.0175672990003,1,7213579998,159304266,2.2083939742,19255305756,32110357790,0.59966026794,208,0,0,0,0,0,0,0,0,0,0,0
8,cn3344,vertex_count_pre_collective_wait,synchronization,4.68576306,1,13066090528,159154868,1.21807565667,30804838478,42371165229,0.727023632971,31,0,0,0,0,0,0,59,0,0,0,0
8,cn3344,vertex_count_allgather,communication,0.000557467000363,1,7205489061,159149106,2.20872038876,19236062716,32073579464,0.599747924537,56,0,0,0,0,0,0,0,1,1,4,256
8,cn3344,element_count_pre_collective_wait,synchronization,0.000595427999997,1,7206085585,159147328,2.208512876,19237249308,32074497565,0.599767752215,0,0,0,0,0,0,0,0,0,0,0,0
8,cn3344,element_count_allgather,communication,0.000211102999856,1,7205651761,159146789,2.20863836165,19236389419,32073649881,0.599756793828,0,0,0,0,0,0,0,0,1,1,4,256
8,cn3344,vertex_exchange_prepare,compute,5.77000000703e-05,1,7205417293,159146573,2.20870723413,19235928697,32073238310,0.599750125356,1,0,0,0,0,0,0,0,0,0,0,0
8,cn3344,vertex_exchange,communication,0.00301540100008,1,7209557481,159162440,2.20765893634,19244222337,32078279389,0.599914418839,74,0,0,0,0,0,0,0,5,3,286418,1166
8,cn3344,vertex_exchange_unpack,compute,4.97010000799e-05,1,7205424034,159146769,2.20870788796,19235943814,32073294412,0.599749547611,0,0,0,0,0,0,0,0,0,0,0,0
8,cn3344,partition_result_io,io,0,0,0,0,0,0,0,0,0,0,0,0,0,0,0,0,0,0,0,0
8,cn3344,volume_exchange_pack,compute,0.294042525,2,14568720597,320766200,2.20174584216,38915506276,64781992313,0.600714872861,1086,0,0,0,0,0,0,0,0,0,0,0
8,cn3344,volume_size_exchange,communication,0.0326840449998,1,7245053699,159147053,2.19663041313,19314125224,32142969548,0.600881794545,2,0,0,0,0,0,0,1,5,5,20,20
8,cn3344,volume_payload_prepare,compute,0.000486866000301,1,7205418472,159146759,2.20870945412,19236015294,32073540434,0.599747175825,136,0,0,0,0,0,0,0,0,0,0,0
8,cn3344,volume_payload_exchange,communication,0.00359624899966,1,7205525897,159161592,2.20888238104,19236244678,32074942396,0.599728113008,501,0,0,0,0,0,3,0,5,5,3055560,3053280
8,cn3344,volume_exchange_unpack,compute,0.227327316,1,7344041527,162827793,2.21714150718,19625254108,32521088506,0.603462399617,8478,0,0,0,0,0,0,1,0,0,0,0
8,cn3344,final_mesh_save,io,0,0,0,0,0,0,0,0,0,0,0,0,0,0,0,0,0,0,0,0
8,cn3344,testout_io,io,0,0,0,0,0,0,0,0,0,0,0,0,0,0,0,0,0,0,0,0
8,cn3344,final_count_exchange,communication,0,0,0,0,0,0,0,0,0,0,0,0,0,0,0,0,0,0,0,0
8,cn3344,quality_surface_compute,postprocess,0,0,0,0,0,0,0,0,0,0,0,0,0,0,0,0,0,0,0,0
8,cn3344,quality_reduce_pre_collective_wait,synchronization,0,0,0,0,0,0,0,0,0,0,0,0,0,0,0,0,0,0,0,0
8,cn3344,quality_reduce,communication,0,0,0,0,0,0,0,0,0,0,0,0,0,0,0,0,0,0,0,0
8,cn3344,quality_summary_io,io,0,0,0,0,0,0,0,0,0,0,0,0,0,0,0,0,0,0,0,0
8,cn3344,quality_volume_compute,postprocess,0,0,0,0,0,0,0,0,0,0,0,0,0,0,0,0,0,0,0,0
8,cn3344,quality_rank_io,io,0,0,0,0,0,0,0,0,0,0,0,0,0,0,0,0,0,0,0,0
9,cn3344,geometry_load,io,1.755999897,1,1401859244,26901783,1.9190074264,3316789642,3793139537,0.874418040688,6107,0,1035180,0,0,0,0,1,0,0,0,0
9,cn3344,coarse_local_size,setup,0.546054817,1,266526952,6102501,2.28963748477,632036909,892542903,0.708130563669,8130,0,0,0,0,0,121,66,0,0,0,0
9,cn3344,coarse_edge_mesh,setup,0.012686733,1,6314894,163762,2.59326601523,12805044,24987448,0.512459055443,489,0,0,0,0,0,0,0,0,0,0,0
9,cn3344,coarse_surface_mesh,setup,8.763122574,1,5673858488,162764969,2.86868220884,15313892241,18867243140,0.811665600924,17277,0,0,0,0,0,0,24,0,0,0,0
9,cn3344,coarse_volume_mesh,setup,15.122118802,1,5317180886,128872790,2.42370520701,13440239647,22372468884,0.600749059779,33107,0,0,0,0,0,87929,2780511,0,0,0,0
9,cn3344,coarse_mesh_save,io,0,0,0,0,0,0,0,0,0,0,0,0,0,0,0,0,0,0,0,0
9,cn3344,submesh_initialization,setup,0.000172083000052,1,2467098369,51177045,2.07438202072,6777457589,10740531046,0.631016991616,41,0,0,0,0,0,0,0,0,0,0,0
9,cn3344,metis_partition,compute,0.18353214,1,2580703414,57217195,2.21711625945,7038772653,11137345707,0.631997321281,1685,0,0,0,0,0,0,0,0,0,0,0
9,cn3344,face_map_setup,compute,0.00799878900034,1,2470116775,51241526,2.07445763369,6785345638,10756448375,0.630816548497,590,0,0,0,0,0,0,0,0,0,0,0
9,cn3344,face_local_extract,compute,0.169374527,1,2528234572,53362643,2.11066819475,6940655970,11108256780,0.624819547068,805,0,0,0,0,0,0,0,0,0,0,0
9,cn3344,face_pre_collective_wait,synchronization,0.0150107039999,1,2485763417,51172694,2.05863090791,6814244573,10773199154,0.63251820333,1,0,0,0,0,0,0,0,0,0,0,0
9,cn3344,face_collective_setup,compute,0.000132262000079,1,2467015590,51173439,2.07430545666,6777311627,10740422094,0.631009802751,16,0,0,0,0,0,0,0,0,0,0,0
9,cn3344,face_allgatherv,communication,0.075724631,1,2608891960,51611073,1.97827559712,7053789519,10901863565,0.647026031554,928,0,0,0,0,0,0,0,1,1,75808,4859624
9,cn3344,face_global_merge,compute,0.082791328,1,2485255834,52027742,2.09345618621,6821723024,10920232272,0.624686623332,562,0,0,0,0,0,0,0,0,0,0,0
9,cn3344,part_face_create,compute,0.0203339969999,1,2471583623,51351281,2.0776671492,6787923510,10784319020,0.62942532555,3,0,0,0,0,0,0,0,0,0,0,0
9,cn3344,surface_refine,compute,0.0221310210004,1,2474447464,51448404,2.07918756605,6792606243,10788307152,0.62962670114,54,0,0,0,0,0,0,0,0,0,0,0
9,cn3344,refined_surface_save,io,0,0,0,0,0,0,0,0,0,0,0,0,0,0,0,0,0,0,0,0
9,cn3344,local_volume_mesh,compute,15.831136259,1,7719870729,179065990,2.31954648317,20856104247,34779374226,0.5996687609,15196,0,0,0,0,0,75956,2933804,0,0,0,0
9,cn3344,volume_refine,compute,1.009168405,1,7479266721,184353818,2.46486487081,19945827936,34469862414,0.57864541774,7334,0,0,0,0,0,0,3,0,0,0,0
9,cn3344,refined_volume_save,io,0,0,0,0,0,0,0,0,0,0,0,0,0,0,0,0,0,0,0,0
9,cn3344,adjacency_build,compute,0.00381695199985,1,7117626071,171236489,2.40580900559,19239662537,32442184113,0.593044613457,3,0,0,0,0,0,0,0,0,0,0,0
9,cn3344,vertex_numbering_local,compute,0.0175873390003,1,7122729862,171354855,2.40574693018,19251717700,32469975198,0.592908297053,457,0,0,0,0,0,0,0,0,0,0,0
9,cn3344,vertex_count_pre_collective_wait,synchronization,1.132274361,1,8527947327,171205173,2.0075777492,22025896456,34923501375,0.630689810265,29,0,0,0,0,0,0,2,0,0,0,0
9,cn3344,vertex_count_allgather,communication,0.000620789000095,1,7117116214,171206240,2.40555633563,19238442313,32434714766,0.593143563981,58,0,0,0,0,0,0,0,1,1,4,256
9,cn3344,element_count_pre_collective_wait,synchronization,0.00107765499979,1,7118051576,171204467,2.40521532012,19240287673,32436236470,0.593172629346,0,0,0,0,0,0,0,0,0,0,0,0
9,cn3344,element_count_allgather,communication,0.000256884000009,1,7117015040,171203930,2.40555807509,19238245796,32434328266,0.593144573189,1,0,0,0,0,0,0,0,1,1,4,256
9,cn3344,vertex_exchange_prepare,compute,0.000113881999823,1,7116782261,171203727,2.40563390478,19237792200,32433911940,0.593138201633,20,0,0,0,0,0,0,0,0,0,0,0
9,cn3344,vertex_exchange,communication,0.0016583229999,1,7119323091,171212657,2.40490078637,19242766818,32436951922,0.593235975571,43,0,0,0,0,0,0,0,3,1,86152,76010
9,cn3344,vertex_exchange_unpack,compute,0.00116813600016,1,7117211752,171212194,2.40560770096,19238817461,32436432991,0.593123709575,0,0,0,0,0,0,0,0,0,0,0,0
9,cn3344,partition_result_io,io,0,0,0,0,0,0,0,0,0,0,0,0,0,0,0,0,0,0,0,0
9,cn3344,volume_exchange_pack,compute,0.296210455,2,14405091253,344841654,2.39388732736,38963149263,65510170334,0.594764890159,791,0,0,0,0,0,0,1,0,0,0,0
9,cn3344,volume_size_exchange,communication,0.0302995929997,1,7154090600,171203949,2.39309170896,19311609918,32500418622,0.594195728449,1,0,0,0,0,0,0,0,3,3,12,12
9,cn3344,volume_payload_prepare,compute,0.000233964000017,1,7116782813,171203813,2.4056349266,19237870523,32434172045,0.593135859806,34,0,0,0,0,0,0,0,0,0,0,0
9,cn3344,volume_payload_exchange,communication,0.0033678259997,1,7118800443,171215169,2.40511263619,19241816169,32438643123,0.593175740922,102,0,0,0,0,0,0,0,3,3,1720680,1711440
9,cn3344,volume_exchange_unpack,compute,0.216947194,1,7263268207,174230369,2.39878748842,19649947437,32853491108,0.598108352394,9506,0,0,0,0,0,0,0,0,0,0,0
9,cn3344,final_mesh_save,io,0,0,0,0,0,0,0,0,0,0,0,0,0,0,0,0,0,0,0,0
9,cn3344,testout_io,io,0,0,0,0,0,0,0,0,0,0,0,0,0,0,0,0,0,0,0,0
9,cn3344,final_count_exchange,communication,0,0,0,0,0,0,0,0,0,0,0,0,0,0,0,0,0,0,0,0
9,cn3344,quality_surface_compute,postprocess,0,0,0,0,0,0,0,0,0,0,0,0,0,0,0,0,0,0,0,0
9,cn3344,quality_reduce_pre_collective_wait,synchronization,0,0,0,0,0,0,0,0,0,0,0,0,0,0,0,0,0,0,0,0
9,cn3344,quality_reduce,communication,0,0,0,0,0,0,0,0,0,0,0,0,0,0,0,0,0,0,0,0
9,cn3344,quality_summary_io,io,0,0,0,0,0,0,0,0,0,0,0,0,0,0,0,0,0,0,0,0
9,cn3344,quality_volume_compute,postprocess,0,0,0,0,0,0,0,0,0,0,0,0,0,0,0,0,0,0,0,0
9,cn3344,quality_rank_io,io,0,0,0,0,0,0,0,0,0,0,0,0,0,0,0,0,0,0,0,0
10,cn3344,geometry_load,io,1.754235633,1,1399479955,22790144,1.62847234207,3316332476,3789578311,0.875119130372,6105,0,1035180,0,0,0,0,1,0,0,0,0
10,cn3344,coarse_local_size,setup,0.561170803,1,267494612,6208415,2.32094955243,632026577,913073494,0.692196828791,8220,0,0,0,0,0,106,76,0,0,0,0
10,cn3344,coarse_edge_mesh,setup,0.0141883739998,1,6309274,161337,2.55714048875,12809090,28030838,0.456964219193,488,0,0,0,0,0,0,0,0,0,0,0
10,cn3344,coarse_surface_mesh,setup,8.919368142,1,5677201131,164117405,2.89081540733,15314640731,19412259803,0.788915916355,17343,0,0,0,0,0,0,10,0,0,0,0
10,cn3344,coarse_volume_mesh,setup,15.167815424,1,5306583374,127210116,2.39721317907,13416947488,22927315648,0.585194869473,27134,0,0,0,0,0,88213,2687141,0,0,0,0
10,cn3344,coarse_mesh_save,io,0,0,0,0,0,0,0,0,0,0,0,0,0,0,0,0,0,0,0,0
10,cn3344,submesh_initialization,setup,0.000257263000094,1,3968092026,82727902,2.08482821109,10751103736,17970087652,0.598277757137,2,0,0,0,0,0,0,0,0,0,0,0
10,cn3344,metis_partition,compute,0.183361077,1,4080799102,88793314,2.17588055135,11012254578,18370226398,0.599462104571,324,0,0,0,0,0,0,0,0,0,0,0
10,cn3344,face_map_setup,compute,0.00794070800021,1,3971157608,82790000,2.08478252873,10758994841,17986644228,0.598165767033,198,0,0,0,0,0,0,0,0,0,0,0
10,cn3344,face_local_extract,compute,0.17474764,1,4029452045,84877786,2.1064349458,10914302883,18349994824,0.594785066028,702,0,0,0,0,0,0,1,0,0,0,0
10,cn3344,face_pre_collective_wait,synchronization,0.00987361499983,1,3980014564,82723643,2.0784758867,10774591358,17991494161,0.59887140343,1,0,0,0,0,0,0,0,0,0,0,0
10,cn3344,face_collective_setup,compute,0.000114202000077,1,3968011817,82724323,2.0847801573,10750958004,17969946234,0.598274355638,16,0,0,0,0,0,0,0,0,0,0,0
10,cn3344,face_allgatherv,communication,0.075518308,1,4107717028,83180066,2.02497069377,11023219633,18129178458,0.608037460635,1338,0,0,0,0,0,2,0,1,1,75808,4859624
10,cn3344,face_global_merge,compute,0.0875776930002,1,3986179231,83594589,2.09711064545,10795369754,18160591479,0.59443932575,252,0,0,0,0,0,0,0,0,0,0,0
10,cn3344,part_face_create,compute,0.021438491,1,3972509071,82899026,2.08681778992,10761378074,18016569836,0.597304490919,3,0,0,0,0,0,0,0,0,0,0,0
10,cn3344,surface_refine,compute,0.0193062630001,1,3973522022,82970454,2.08808340663,10762058739,18011634777,0.597505938369,55,0,0,0,0,0,0,0,0,0,0,0
10,cn3344,refined_surface_save,io,0,0,0,0,0,0,0,0,0,0,0,0,0,0,0,0,0,0,0,0
10,cn3344,local_volume_mesh,compute,13.618367362,1,8184339271,181173319,2.21365846406,22065769302,37965278163,0.581209209301,7285,0,0,0,0,0,71360,2709503,0,0,0,0
10,cn3344,volume_refine,compute,0.869190078,1,7389761503,172702066,2.33704519327,19763092964,34914510748,0.566042385833,8822,0,0,0,0,0,0,1,0,0,0,0
10,cn3344,refined_volume_save,io,0,0,0,0,0,0,0,0,0,0,0,0,0,0,0,0,0,0,0,0
10,cn3344,adjacency_build,compute,0.00430137900003,1,7117970742,161104812,2.26335310778,19240421059,33215494277,0.579260416797,3,0,0,0,0,0,0,0,0,0,0,0
10,cn3344,vertex_numbering_local,compute,0.0154685309999,1,7123645489,161205183,2.26295908814,19254111042,33239973782,0.579245674749,4,0,0,0,0,0,0,0,0,0,0,0
10,cn3344,vertex_count_pre_collective_wait,synchronization,3.483939351,1,11290979636,161073103,1.4265644629,27471156245,40865175678,0.672238789855,29,0,0,0,0,0,0,2,0,0,0,0
10,cn3344,vertex_count_allgather,communication,0.000545466999938,1,7117521387,161071430,2.2630269899,19239322034,33207128240,0.579373256698,24,0,0,0,0,0,0,0,1,1,4,256
10,cn3344,element_count_pre_collective_wait,synchronization,0.00139547900017,1,7118642704,161069747,2.26264687943,19241539310,33209178856,0.579404248248,0,0,0,0,0,0,0,0,0,0,0,0
10,cn3344,element_count_allgather,communication,9.42809997468e-05,1,7117180795,161069235,2.26310444598,19238651659,33206312865,0.579367294924,0,0,0,0,0,0,0,0,1,1,4,256
10,cn3344,vertex_exchange_prepare,compute,4.03599997298e-05,1,7117092973,161069051,2.26312978643,19238485343,33206202380,0.579364214036,0,0,0,0,0,0,0,0,0,0,0,0
10,cn3344,vertex_exchange,communication,0.00293624000005,1,7120943861,161082261,2.2620914326,19246210541,33211680623,0.579501253173,30,0,0,0,0,0,0,0,4,3,148412,79750
10,cn3344,vertex_exchange_unpack,compute,0.00129611700004,1,7117538520,161077708,2.2631097471,19239556915,33208958080,0.579348405591,0,0,0,0,0,0,0,0,0,0,0,0
10,cn3344,partition_result_io,io,0,0,0,0,0,0,0,0,0,0,0,0,0,0,0,0,0,0,0,0
10,cn3344,volume_exchange_pack,compute,0.253455692,2,14366781870,324377475,2.25782974876,38848456252,66961325598,0.580162592438,819,0,0,0,0,0,0,1,0,0,0,0
10,cn3344,volume_size_exchange,communication,0.0430267659999,1,7169021936,161069386,2.24674143053,19340911654,33300584235,0.580797967913,2,0,0,0,0,0,0,0,5,5,20,20
10,cn3344,volume_payload_prepare,compute,0.000285604000055,1,7117093576,161069177,2.26313136507,19238567891,33206355768,0.579364023725,68,0,0,0,0,0,0,0,0,0,0,0
10,cn3344,volume_payload_exchange,communication,0.0317378720001,1,7152134977,161084221,2.25225364899,19307613140,33271618398,0.580302794683,344,0,0,0,0,0,0,0,5,5,2428320,2435280
10,cn3344,volume_exchange_unpack,compute,0.192095376,1,7238601525,163622316,2.26041336071,19574946118,33584827450,0.58285087655,6335,0,0,0,0,0,0,0,0,0,0,0
10,cn3344,final_mesh_save,io,0,0,0,0,0,0,0,0,0,0,0,0,0,0,0,0,0,0,0,0
10,cn3344,testout_io,io,0,0,0,0,0,0,0,0,0,0,0,0,0,0,0,0,0,0,0,0
10,cn3344,final_count_exchange,communication,0,0,0,0,0,0,0,0,0,0,0,0,0,0,0,0,0,0,0,0
10,cn3344,quality_surface_compute,postprocess,0,0,0,0,0,0,0,0,0,0,0,0,0,0,0,0,0,0,0,0
10,cn3344,quality_reduce_pre_collective_wait,synchronization,0,0,0,0,0,0,0,0,0,0,0,0,0,0,0,0,0,0,0,0
10,cn3344,quality_reduce,communication,0,0,0,0,0,0,0,0,0,0,0,0,0,0,0,0,0,0,0,0
10,cn3344,quality_summary_io,io,0,0,0,0,0,0,0,0,0,0,0,0,0,0,0,0,0,0,0,0
10,cn3344,quality_volume_compute,postprocess,0,0,0,0,0,0,0,0,0,0,0,0,0,0,0,0,0,0,0,0
10,cn3344,quality_rank_io,io,0,0,0,0,0,0,0,0,0,0,0,0,0,0,0,0,0,0,0,0
11,cn3344,geometry_load,io,1.779255573,1,1404861197,24781326,1.76396971124,3316172802,3845661796,0.862315247131,5961,0,1035180,0,0,0,0,1,0,0,0,0
11,cn3344,coarse_local_size,setup,0.565105817,1,267681505,6220830,2.32396705929,632213105,916166199,0.690063774117,8296,0,0,0,0,0,139,74,0,0,0,0
11,cn3344,coarse_edge_mesh,setup,0.0142177140001,1,6325519,169311,2.67663412283,12804454,27683428,0.462531374366,526,0,0,0,0,0,0,0,0,0,0,0
11,cn3344,coarse_surface_mesh,setup,8.871769072,1,5674912290,164947942,2.90661658843,15311620512,19303207243,0.79321639763,16776,0,0,0,0,0,0,7,0,0,0,0
11,cn3344,coarse_volume_mesh,setup,15.345323082,1,5331936934,130905608,2.45512296226,13461649827,23100236680,0.582749432981,30489,0,0,0,0,0,88981,2776837,0,0,0,0
11,cn3344,coarse_mesh_save,io,0,0,0,0,0,0,0,0,0,0,0,0,0,0,0,0,0,0,0,0
11,cn3344,submesh_initialization,setup,0.000340704999871,1,3745750782,74851703,1.99830974767,10278749879,16557123443,0.620805293527,1,0,0,0,0,0,2,0,0,0,0,0
11,cn3344,metis_partition,compute,0.18357918,1,3859750908,80872885,2.09528767342,10539979992,16957157632,0.621565254079,309,0,0,0,0,0,0,1,0,0,0,0
11,cn3344,face_map_setup,compute,0.00790484700019,1,3748788351,74918632,1.99847590702,10286635930,16573603551,0.620663810278,213,0,0,0,0,0,0,0,0,0,0,0
11,cn3344,face_local_extract,compute,0.177926083,1,3806964052,77019890,2.02313152811,10441949640,16944071822,0.616259760328,781,0,0,0,0,0,0,0,0,0,0,0
11,cn3344,face_pre_collective_wait,synchronization,0.00642254700006,1,3753340786,74847335,1.9941523903,10293706246,16570918789,0.621191038172,1,0,0,0,0,0,0,0,0,0,0,0
11,cn3344,face_collective_setup,compute,0.000101462000202,1,3745670720,74848031,1.99825442745,10278603928,16556964871,0.620802424121,15,0,0,0,0,0,0,0,0,0,0,0
11,cn3344,face_allgatherv,communication,0.075376106,1,3885195703,75292723,1.93793900631,10550477242,16715939051,0.631162701049,1335,0,0,0,0,0,3,0,1,1,75808,4859624
11,cn3344,face_global_merge,compute,0.0873387500001,1,3763826373,75692767,2.01105894637,10323015470,16746566936,0.616425773082,494,0,0,0,0,0,0,0,0,0,0,0
11,cn3344,part_face_create,compute,0.021146008,1,3750117618,75020815,2.00049232163,10288905635,16602913548,0.619704825015,3,0,0,0,0,0,0,0,0,0,0,0
11,cn3344,surface_refine,compute,0.013786167,1,3749655949,75014788,2.00057789355,10286761071,16586706324,0.620181057653,47,0,0,0,0,0,0,0,0,0,0,0
11,cn3344,refined_surface_save,io,0,0,0,0,0,0,0,0,0,0,0,0,0,0,0,0,0,0,0,0
11,cn3344,local_volume_mesh,compute,11.883606494,1,7760242803,157939539,2.03523965692,20715584738,32976476535,0.628192788153,9199,0,0,0,0,0,71269,2556701,0,0,0,0
11,cn3344,volume_refine,compute,1.055334474,1,5885689093,119332660,2.02750532885,15542815386,26991068601,0.575850316109,7983,0,0,0,0,0,0,2,0,0,0,0
11,cn3344,refined_volume_save,io,0,0,0,0,0,0,0,0,0,0,0,0,0,0,0,0,0,0,0,0
11,cn3344,adjacency_build,compute,0.00419131699982,1,5570882368,107441663,1.92862918121,14936172464,24858302714,0.600852465104,5,0,0,0,0,0,0,0,0,0,0,0
11,cn3344,vertex_numbering_local,compute,0.010233079,1,5572962148,107483508,1.92866029134,14941352933,24870087740,0.600776044267,283,0,0,0,0,0,0,0,0,0,0,0
11,cn3344,vertex_count_pre_collective_wait,synchronization,5.043529712,1,11628291090,107419994,0.923781432444,26888403811,35933772473,0.748276675687,67,0,0,0,0,0,0,3,0,0,0,0
11,cn3344,vertex_count_allgather,communication,0.000489646000005,1,5570318869,107412484,1.92830045328,14934942536,24849757475,0.60100958937,88,0,0,0,0,0,0,0,1,1,4,256
11,cn3344,element_count_pre_collective_wait,synchronization,0.00100337399999,1,5571252128,107410720,1.92794577471,14936784990,24851340680,0.601045439855,2,0,0,0,0,0,0,0,0,0,0,0
11,cn3344,element_count_allgather,communication,0.000221122999847,1,5570368153,107410182,1.92824206677,14935041898,24849626925,0.601016745365,0,0,0,0,0,0,0,0,1,1,4,256
11,cn3344,vertex_exchange_prepare,compute,0.000123160999919,1,5570128160,107409991,1.92832171747,14934575203,24849198874,0.60100831736,25,0,0,0,0,0,0,0,0,0,0,0
11,cn3344,vertex_exchange,communication,0.00103165400014,1,5571417627,107414047,1.92794822057,14937065769,24850681980,0.601072669998,24,0,0,0,0,0,0,0,0,1,0,75702
11,cn3344,vertex_exchange_unpack,compute,0.00198712700012,1,5570547261,107417834,1.92831743394,14935561370,24852042891,0.600979220723,753,0,0,0,0,0,0,0,0,0,0,0
11,cn3344,partition_result_io,io,0,0,0,0,0,0,0,0,0,0,0,0,0,0,0,0,0,0,0,0
11,cn3344,volume_exchange_pack,compute,0.230772363,2,11294903252,216698473,1.91855094431,30310929806,50193143691,0.603885861236,2183,0,0,0,0,0,0,1,0,0,0,0
11,cn3344,volume_size_exchange,communication,0.0227231499998,1,5597476035,107410553,1.91891045765,14988526888,24898953079,0.601974181021,3,0,0,0,0,0,0,0,1,1,4,4
11,cn3344,volume_payload_prepare,compute,6.4120999923e-05,1,5570128084,107409972,1.92832140267,14934621128,24849280241,0.601008197548,0,0,0,0,0,0,0,0,0,0,0,0
11,cn3344,volume_payload_exchange,communication,0.0448161499999,1,5623019068,107419644,1.9103553216,15039039447,24946530246,0.602850949559,14,0,0,0,0,0,0,0,1,1,813360,816240
11,cn3344,volume_exchange_unpack,compute,0.20113244,1,5710609754,110126823,1.92845996739,15332539532,25232846689,0.607642083391,9543,0,0,0,0,0,0,0,0,0,0,0
11,cn3344,final_mesh_save,io,0,0,0,0,0,0,0,0,0,0,0,0,0,0,0,0,0,0,0,0
11,cn3344,testout_io,io,0,0,0,0,0,0,0,0,0,0,0,0,0,0,0,0,0,0,0,0
11,cn3344,final_count_exchange,communication,0,0,0,0,0,0,0,0,0,0,0,0,0,0,0,0,0,0,0,0
11,cn3344,quality_surface_compute,postprocess,0,0,0,0,0,0,0,0,0,0,0,0,0,0,0,0,0,0,0,0
11,cn3344,quality_reduce_pre_collective_wait,synchronization,0,0,0,0,0,0,0,0,0,0,0,0,0,0,0,0,0,0,0,0
11,cn3344,quality_reduce,communication,0,0,0,0,0,0,0,0,0,0,0,0,0,0,0,0,0,0,0,0
11,cn3344,quality_summary_io,io,0,0,0,0,0,0,0,0,0,0,0,0,0,0,0,0,0,0,0,0
11,cn3344,quality_volume_compute,postprocess,0,0,0,0,0,0,0,0,0,0,0,0,0,0,0,0,0,0,0,0
11,cn3344,quality_rank_io,io,0,0,0,0,0,0,0,0,0,0,0,0,0,0,0,0,0,0,0,0
12,cn3344,geometry_load,io,1.761786695,1,1401044743,27533568,1.96521689529,3316610275,3801904593,0.872354945757,6106,0,1035180,0,0,0,0,1,0,0,0,0
12,cn3344,coarse_local_size,setup,0.540060296,1,266261861,6212821,2.33334994981,632200557,893665087,0.707424477242,7478,0,0,0,0,0,100,62,0,0,0,0
12,cn3344,coarse_edge_mesh,setup,0.0134046620001,1,6341124,168422,2.65602754338,12808486,26235056,0.488220265282,518,0,0,0,0,0,0,0,0,0,0,0
12,cn3344,coarse_surface_mesh,setup,8.732592357,1,5676004911,174541188,3.07507112374,15313793232,19002246076,0.805893849114,17205,0,0,0,0,0,0,7,0,0,0,0
12,cn3344,coarse_volume_mesh,setup,15.053699531,1,5320430262,123310078,2.31767116432,13436300470,22478001435,0.597753341588,35321,0,0,0,0,0,84791,2815332,0,0,0,0
12,cn3344,coarse_mesh_save,io,0,0,0,0,0,0,0,0,0,0,0,0,0,0,0,0,0,0,0,0
12,cn3344,submesh_initialization,setup,0.000295924000056,1,2503964313,49925501,1.9938583286,6812282363,11078854123,0.614890519125,2,0,0,0,0,0,1,0,0,0,0,0
12,cn3344,metis_partition,compute,0.181558313,1,2618226511,56018312,2.13955178304,7073498926,11474505279,0.616453498779,434,0,0,0,0,0,0,1,0,0,0,0
12,cn3344,face_map_setup,compute,0.00784646700004,1,2507038210,49994074,1.99414886461,6820173944,11095174613,0.614697305981,236,0,0,0,0,0,0,0,0,0,0,0
12,cn3344,face_local_extract,compute,0.172765313,1,2565012372,52072320,2.03010014955,6975480658,11454859744,0.608953825179,668,0,0,0,0,0,0,0,0,0,0,0
12,cn3344,face_pre_collective_wait,synchronization,0.013659746,1,2519317592,49921230,1.98153778462,6842568692,11108562319,0.615972481002,1,0,0,0,0,0,0,0,0,0,0,0
12,cn3344,face_collective_setup,compute,0.000119741000162,1,2503884317,49921873,1.99377713503,6812136626,11078742656,0.614883551096,16,0,0,0,0,0,0,0,0,0,0,0
12,cn3344,face_allgatherv,communication,0.0752081439996,1,2642399467,50363321,1.90596923853,7082017071,11238358985,0.630164695793,829,0,0,0,0,0,1,2,1,1,75808,4859624
12,cn3344,face_global_merge,compute,0.0830996320001,1,2521999468,50783323,2.01361354926,6856549059,11259540468,0.608954608626,322,0,0,0,0,0,0,0,0,0,0,0
12,cn3344,part_face_create,compute,0.0203598369999,1,2508423682,50104428,1.99744677741,6822690414,11122922699,0.613390077287,3,0,0,0,0,0,0,0,0,0,0,0
12,cn3344,surface_refine,compute,0.0218137769998,1,2510743639,50193792,1.99916037704,6826102948,11125902358,0.613532523328,63,0,0,0,0,0,0,0,0,0,0,0
12,cn3344,refined_surface_save,io,0,0,0,0,0,0,0,0,0,0,0,0,0,0,0,0,0,0,0,0
12,cn3344,local_volume_mesh,compute,15.595304867,1,7740610276,169951236,2.1955792882,20918492712,34531297880,0.605783564368,8628,0,0,0,0,0,76259,2888765,0,0,0,0
12,cn3344,volume_refine,compute,1.021751296,1,6341167829,125879634,1.98511752716,16646866046,27117462556,0.613879931119,7197,0,0,0,0,0,0,2,0,0,0,0
12,cn3344,refined_volume_save,io,0,0,0,0,0,0,0,0,0,0,0,0,0,0,0,0,0,0,0,0
12,cn3344,adjacency_build,compute,0.00403267499996,1,5985978973,111897808,1.86933179192,15956309469,25068034050,0.636520176938,3,0,0,0,0,0,0,0,0,0,0,0
12,cn3344,vertex_numbering_local,compute,0.0158129349998,1,5991629050,112024188,1.86967829726,15969608663,25093896468,0.63639414004,6,0,0,0,0,0,0,0,0,0,0,0
12,cn3344,vertex_count_pre_collective_wait,synchronization,1.357381668,1,7517292128,111865357,1.48810708823,18977051786,28043831219,0.676692554516,30,0,0,0,0,0,0,0,0,0,0,0
12,cn3344,vertex_count_allgather,communication,0.000580028000059,1,5985569855,111865769,1.86892429142,15955317421,25060348560,0.636675798136,21,0,0,0,0,0,0,0,1,1,4,256
12,cn3344,element_count_pre_collective_wait,synchronization,0.00125653700024,1,5986491185,111864201,1.86861046886,15957138428,25062022398,0.636705935961,0,0,0,0,0,0,0,0,0,0,0,0
12,cn3344,element_count_allgather,communication,0.00020582299976,1,5985341833,111863652,1.8689601216,15954867981,25059708281,0.636674130524,0,0,0,0,0,0,0,0,1,1,4,256
12,cn3344,vertex_exchange_prepare,compute,1.81799996426e-05,1,5985135101,111863506,1.8690222378,15954467592,25059301611,0.636668485007,0,0,0,0,0,0,0,0,0,0,0,0
12,cn3344,vertex_exchange,communication,0.00232109200033,1,5988536725,111875656,1.86816347862,15961252359,25063613900,0.636829645664,55,0,0,0,0,0,0,0,5,3,121748,72160
12,cn3344,vertex_exchange_unpack,compute,0.00116107600024,1,5985539843,111871121,1.86902307786,15955432600,25061810466,0.636643255348,0,0,0,0,0,0,0,0,0,0,0,0
12,cn3344,partition_result_io,io,0,0,0,0,0,0,0,0,0,0,0,0,0,0,0,0,0,0,0,0
12,cn3344,volume_exchange_pack,compute,0.289996749,2,12146203619,226667599,1.86616004564,32409805400,50749817899,0.638619146664,552,0,0,0,0,0,0,1,0,0,0,0
12,cn3344,volume_size_exchange,communication,0.0353968219997,1,6024953656,111863783,1.8566745802,16033005726,25136962023,0.637825911951,2,0,0,0,0,0,0,0,5,5,20,20
12,cn3344,volume_payload_prepare,compute,0.000317624000218,1,5985135837,111863616,1.86902384585,15954538132,25059550347,0.63666498046,68,0,0,0,0,0,0,0,0,0,0,0
12,cn3344,volume_payload_exchange,communication,0.0306629379998,1,6016366449,111878660,1.85957190188,16016168988,25121938583,0.63753714448,287,0,0,0,0,0,1,0,5,5,2008200,2008680
12,cn3344,volume_exchange_unpack,compute,0.235650369,1,6136489560,115057435,1.87497157577,16382802999,25518332401,0.642001316605,9672,0,0,0,0,0,0,0,0,0,0,0
12,cn3344,final_mesh_save,io,0,0,0,0,0,0,0,0,0,0,0,0,0,0,0,0,0,0,0,0
12,cn3344,testout_io,io,0,0,0,0,0,0,0,0,0,0,0,0,0,0,0,0,0,0,0,0
12,cn3344,final_count_exchange,communication,0,0,0,0,0,0,0,0,0,0,0,0,0,0,0,0,0,0,0,0
12,cn3344,quality_surface_compute,postprocess,0,0,0,0,0,0,0,0,0,0,0,0,0,0,0,0,0,0,0,0
12,cn3344,quality_reduce_pre_collective_wait,synchronization,0,0,0,0,0,0,0,0,0,0,0,0,0,0,0,0,0,0,0,0
12,cn3344,quality_reduce,communication,0,0,0,0,0,0,0,0,0,0,0,0,0,0,0,0,0,0,0,0
12,cn3344,quality_summary_io,io,0,0,0,0,0,0,0,0,0,0,0,0,0,0,0,0,0,0,0,0
12,cn3344,quality_volume_compute,postprocess,0,0,0,0,0,0,0,0,0,0,0,0,0,0,0,0,0,0,0,0
12,cn3344,quality_rank_io,io,0,0,0,0,0,0,0,0,0,0,0,0,0,0,0,0,0,0,0,0
13,cn3344,geometry_load,io,1.778900169,1,1410733029,27702451,1.96369195521,3316095025,3834884038,0.864718461403,6107,0,1035180,0,0,0,0,4,0,0,0,0
13,cn3344,coarse_local_size,setup,0.555541346,1,268196781,6652945,2.48062074988,632370639,907903582,0.696517396271,8160,0,0,0,0,0,94,58,0,0,0,0
13,cn3344,coarse_edge_mesh,setup,0.0136329249999,1,6290736,158348,2.51716174387,12806876,26762712,0.478534312965,489,0,0,0,0,0,0,0,0,0,0,0
13,cn3344,coarse_surface_mesh,setup,8.726458734,1,5678023318,163521110,2.87989500645,15314550432,18985906606,0.806627292012,17347,0,0,0,0,0,0,15,0,0,0,0
13,cn3344,coarse_volume_mesh,setup,15.027667456,1,5305235945,129685612,2.44448339988,13417634569,22437435275,0.598002151518,32437,0,0,0,0,0,82957,2750216,0,0,0,0
13,cn3344,coarse_mesh_save,io,0,0,0,0,0,0,0,0,0,0,0,0,0,0,0,0,0,0,0,0
13,cn3344,submesh_initialization,setup,0.000135862000207,1,4840205899,122764167,2.53634183259,12087049809,20654485398,0.585202176481,1,0,0,0,0,0,0,0,0,0,0,0
13,cn3344,metis_partition,compute,0.17907792,1,4953857403,128804356,2.60008202743,12348255433,21044470414,0.586769597432,361,0,0,0,0,0,0,2,0,0,0,0
13,cn3344,face_map_setup,compute,0.0079529679997,1,4843238752,122832122,2.53615665652,12094941438,20670989679,0.585116708286,227,0,0,0,0,0,0,0,0,0,0,0
13,cn3344,face_local_extract,compute,0.171610237,1,4901377902,124914802,2.54856500555,12250248558,21020446756,0.582777744936,2468,0,0,0,0,0,0,0,0,0,0,0
13,cn3344,face_pre_collective_wait,synchronization,0.017218854,1,4858709462,122912343,2.52973230775,12123586170,20691912063,0.585909418767,31,0,0,0,0,0,0,0,0,0,0,0
13,cn3344,face_collective_setup,compute,0.000149802000124,1,4840126273,122760803,2.5363140562,12086903962,20654390380,0.585197807324,38,0,0,0,0,0,0,0,0,0,0,0
13,cn3344,face_allgatherv,communication,0.0749903809997,1,4971212369,124403496,2.50247800267,12341915625,20812089700,0.593016645753,1367,0,0,0,0,0,3,0,1,1,75808,4859624
13,cn3344,face_global_merge,compute,0.084795535,1,4858374692,123613809,2.5443449062,12131315243,20837497102,0.582186775293,780,0,0,0,0,0,0,0,0,0,0,0
13,cn3344,part_face_create,compute,0.020189115,1,4844564655,122934168,2.53756894075,12097243146,20697789130,0.584470305984,26,0,0,0,0,0,0,0,0,0,0,0
13,cn3344,surface_refine,compute,0.0128562750001,1,4844273407,122929075,2.53761637034,12095387059,20681879020,0.584830181402,58,0,0,0,0,0,0,0,0,0,0,0
13,cn3344,refined_surface_save,io,0,0,0,0,0,0,0,0,0,0,0,0,0,0,0,0,0,0,0,0
13,cn3344,local_volume_mesh,compute,11.359318233,1,8264746550,200976366,2.43173054109,21249899040,36258867152,0.586060754489,4721,0,0,0,0,0,66670,2421486,0,0,0,0
13,cn3344,volume_refine,compute,0.708274387,1,8065883539,204188323,2.531505966,20553001239,36009240814,0.570770190495,6493,0,0,0,0,0,0,1,0,0,0,0
13,cn3344,refined_volume_save,io,0,0,0,0,0,0,0,0,0,0,0,0,0,0,0,0,0,0,0,0
13,cn3344,adjacency_build,compute,0.00397331499971,1,7833349214,194716727,2.48574041167,20116767670,34619829676,0.581076448332,9,0,0,0,0,0,0,0,0,0,0,0
13,cn3344,vertex_numbering_local,compute,0.0123680890001,1,7838036177,194793443,2.48523276241,20128135284,34638222702,0.581096075776,6,0,0,0,0,0,0,0,0,0,0,0
13,cn3344,vertex_count_pre_collective_wait,synchronization,5.917132331,1,14155284227,265655379,1.8767223232,32619935128,47610733891,0.685138254804,64,0,0,0,0,0,0,9,0,0,0,0
13,cn3344,vertex_count_allgather,communication,0.000531286999831,1,7832721231,194687509,2.4855666793,20115329092,34611869180,0.581168528847,82,0,0,0,0,0,0,0,1,1,4,256
13,cn3344,element_count_pre_collective_wait,synchronization,0.00119133699991,1,7833714287,194694111,2.48533586836,20117299261,34613772129,0.581193496797,2,0,0,0,0,0,0,0,0,0,0,0
13,cn3344,element_count_allgather,communication,0.00026628400019,1,7832759688,194685619,2.48553034633,20115409000,34611755126,0.581172752632,0,0,0,0,0,0,0,0,1,1,4,256
13,cn3344,vertex_exchange_prepare,compute,0.000113702000363,1,7832498378,194683591,2.48558737716,20114900107,34611310463,0.581165516067,35,0,0,0,0,0,0,0,0,0,0,0
13,cn3344,vertex_exchange,communication,0.00442573999999,1,7837711003,194712453,2.4843025333,20125244818,34619714051,0.581323253807,100,0,0,0,0,0,0,0,3,4,101200,98406
13,cn3344,vertex_exchange_unpack,compute,0.00258829500035,1,7833047033,194694034,2.48554659738,20116199793,34614829001,0.581143988677,1052,0,0,0,0,0,0,0,0,0,0,0
13,cn3344,partition_result_io,io,0,0,0,0,0,0,0,0,0,0,0,0,0,0,0,0,0,0,0,0
13,cn3344,volume_exchange_pack,compute,0.234417033,2,15787201695,391242086,2.47822314276,40572067406,69726439415,0.581874935052,2292,0,0,0,0,0,0,1,0,0,0,0
13,cn3344,volume_size_exchange,communication,0.0900149460003,1,7928912753,195486501,2.46548936897,20305694493,34808820157,0.58334911673,1,0,0,0,0,0,0,1,5,5,20,20
13,cn3344,volume_payload_prepare,compute,0.000322185000186,1,7832499053,194683437,2.48558519679,20114946243,34611408973,0.581165194942,68,0,0,0,0,0,0,0,0,0,0,0
13,cn3344,volume_payload_exchange,communication,0.0307365989997,1,7861969455,194943229,2.47957245466,20173357438,34673344053,0.581811705475,405,0,0,0,0,0,1,0,5,5,2118360,2104560
13,cn3344,volume_exchange_unpack,compute,0.164024474,1,7936017138,198080105,2.49596367492,20405728096,34931828928,0.584158594675,6360,0,0,0,0,0,0,0,0,0,0,0
13,cn3344,final_mesh_save,io,0,0,0,0,0,0,0,0,0,0,0,0,0,0,0,0,0,0,0,0
13,cn3344,testout_io,io,0,0,0,0,0,0,0,0,0,0,0,0,0,0,0,0,0,0,0,0
13,cn3344,final_count_exchange,communication,0,0,0,0,0,0,0,0,0,0,0,0,0,0,0,0,0,0,0,0
13,cn3344,quality_surface_compute,postprocess,0,0,0,0,0,0,0,0,0,0,0,0,0,0,0,0,0,0,0,0
13,cn3344,quality_reduce_pre_collective_wait,synchronization,0,0,0,0,0,0,0,0,0,0,0,0,0,0,0,0,0,0,0,0
13,cn3344,quality_reduce,communication,0,0,0,0,0,0,0,0,0,0,0,0,0,0,0,0,0,0,0,0
13,cn3344,quality_summary_io,io,0,0,0,0,0,0,0,0,0,0,0,0,0,0,0,0,0,0,0,0
13,cn3344,quality_volume_compute,postprocess,0,0,0,0,0,0,0,0,0,0,0,0,0,0,0,0,0,0,0,0
13,cn3344,quality_rank_io,io,0,0,0,0,0,0,0,0,0,0,0,0,0,0,0,0,0,0,0,0
14,cn3344,geometry_load,io,1.743640688,1,1400106784,23412002,1.67215831446,3317249666,3760436319,0.882144885486,6108,0,1035180,0,0,0,1,23,0,0,0,0
14,cn3344,coarse_local_size,setup,0.563803779,1,266759513,6213764,2.32935048131,633055193,901208195,0.702451660462,8321,0,0,0,0,0,126,75,0,0,0,0
14,cn3344,coarse_edge_mesh,setup,0.0145837190003,1,6299738,202858,3.22010216933,12805756,28065587,0.456279642396,523,0,0,0,0,0,0,0,0,0,0,0
14,cn3344,coarse_surface_mesh,setup,8.793522387,1,5673019158,165599065,2.91906408894,15310856423,19125282654,0.800555824455,15609,0,0,0,0,0,0,63,0,0,0,0
14,cn3344,coarse_volume_mesh,setup,15.15643715,1,5318595456,131410013,2.47076533809,13438385031,22798092937,0.589452155851,26387,0,0,0,0,0,83889,2789325,0,0,0,0
14,cn3344,coarse_mesh_save,io,0,0,0,0,0,0,0,0,0,0,0,0,0,0,0,0,0,0,0,0
14,cn3344,submesh_initialization,setup,0.000149641999997,1,2404983734,49079931,2.04075937422,6661692152,10272949764,0.648469261998,5,0,0,0,0,0,0,0,0,0,0,0
14,cn3344,metis_partition,compute,0.179432864,1,2517836366,55105076,2.18858845412,6922911075,10663513994,0.649214797195,444,0,0,0,0,0,0,0,0,0,0,0
14,cn3344,face_map_setup,compute,0.00803249000001,1,2408028492,49146536,2.04094495407,6669581116,10289709955,0.648179700416,224,0,0,0,0,0,0,0,0,0,0,0
14,cn3344,face_local_extract,compute,0.174663819,1,2466201471,51269072,2.0788679515,6824890216,10652664806,0.640674454729,668,0,0,0,0,0,0,0,0,0,0,0
14,cn3344,face_pre_collective_wait,synchronization,0.013884209,1,2420982182,49075752,2.02710091652,6693286075,10303129394,0.64963622401,1,0,0,0,0,0,0,0,0,0,0,0
14,cn3344,face_collective_setup,compute,0.000113821000014,1,2404903141,49076415,2.04068156273,6661546159,10272804203,0.648464238913,16,0,0,0,0,0,0,0,0,0,0,0
14,cn3344,face_allgatherv,communication,0.0747669379998,1,2543673682,49515950,1.94663137612,6932083921,10431363064,0.664542483899,831,0,0,0,0,0,1,0,1,1,75808,4859624
14,cn3344,face_global_merge,compute,0.0846132930001,1,2423062089,49951330,2.0614960808,6705958712,10456500939,0.641319572496,493,0,0,0,0,0,0,0,0,0,0,0
14,cn3344,part_face_create,compute,0.0203359769998,1,2409390313,49254555,2.04427463389,6672004308,10317002002,0.646699914055,3,0,0,0,0,0,0,0,0,0,0,0
14,cn3344,surface_refine,compute,0.0200568529999,1,2410667789,49334173,2.04649405551,6673242239,10316227209,0.646868482421,57,0,0,0,0,0,0,0,0,0,0,0
14,cn3344,refined_surface_save,io,0,0,0,0,0,0,0,0,0,0,0,0,0,0,0,0,0,0,0,0
14,cn3344,local_volume_mesh,compute,13.211922366,1,6672489766,153241129,2.29661092597,18173792846,30058875679,0.604606540846,4954,0,0,0,0,0,65333,2419203,0,0,0,0
14,cn3344,volume_refine,compute,1.059534251,1,6348983821,155307462,2.44617826063,17051308701,29670002239,0.574698598391,7294,0,0,0,0,0,0,2,0,0,0,0
14,cn3344,refined_volume_save,io,0,0,0,0,0,0,0,0,0,0,0,0,0,0,0,0,0,0,0,0
14,cn3344,adjacency_build,compute,0.00434381899959,1,6033085240,142728580,2.3657643531,16456222999,27564859766,0.597000062351,0,0,0,0,0,0,0,0,0,0,0,0
14,cn3344,vertex_numbering_local,compute,0.01910112,1,6040069579,142910108,2.36603413472,16473168336,27595224897,0.596957205367,289,0,0,0,0,0,0,0,0,0,0,0
14,cn3344,vertex_count_pre_collective_wait,synchronization,3.699951613,1,10352027642,142701427,1.3784876928,24978904270,35690002560,0.699885191322,0,0,0,0,0,0,0,36,0,0,0,0
14,cn3344,vertex_count_allgather,communication,0.000573927999994,1,6032185899,142696071,2.36557814015,16454243134,27555624498,0.597128297172,50,0,0,0,0,0,1,0,1,1,4,256
14,cn3344,element_count_pre_collective_wait,synchronization,0.00128195699972,1,6033557307,142694277,2.36501071821,16456950266,27558105157,0.597172779922,1,0,0,0,0,0,0,0,0,0,0,0
14,cn3344,element_count_allgather,communication,0.000197542000024,1,6032373433,142693724,2.36546569248,16454614764,27555736779,0.597139350545,0,0,0,0,0,0,0,0,1,1,4,256
14,cn3344,vertex_exchange_prepare,compute,0.000294003999898,1,6032170822,142693608,2.36554322168,16454232253,27555425332,0.597132218238,58,0,0,0,0,0,0,0,0,0,0,0
14,cn3344,vertex_exchange,communication,0.0034462069998,1,6037449557,142709759,2.3637424653,16464664626,27562099876,0.597366118695,26,0,0,0,0,0,0,0,3,4,70114,217712
14,cn3344,vertex_exchange_unpack,compute,0.00334170499991,1,6033382216,142715956,2.36543866923,16457141377,27562655474,0.5970811264,0,0,0,0,0,0,0,0,0,0,0,0
14,cn3344,partition_result_io,io,0,0,0,0,0,0,0,0,0,0,0,0,0,0,0,0,0,0,0,0
14,cn3344,volume_exchange_pack,compute,0.322517774,2,12237227671,287901030,2.35266547081,33395299539,55806526869,0.598412074942,1067,0,0,0,0,0,0,2,0,0,0,0
14,cn3344,volume_size_exchange,communication,6.33409999864e-05,1,6032174847,142693737,2.36554378179,16454224581,27555369702,0.597133145334,3,0,0,0,0,0,0,0,5,5,20,20
14,cn3344,volume_payload_prepare,compute,0.000367964999896,1,6032171504,142693678,2.36554411468,16454303509,27555568033,0.597131711794,102,0,0,0,0,0,0,0,0,0,0,0
14,cn3344,volume_payload_exchange,communication,0.00385397299988,1,6032279886,142708971,2.36575513234,16454539290,27557207200,0.597104749062,505,0,0,0,0,0,2,0,5,5,3074280,3087120
14,cn3344,volume_exchange_unpack,compute,0.221183673,1,6173250351,145794706,2.36171704872,16848557367,27984759564,0.602061894742,8769,0,0,0,0,0,0,8,0,0,0,0
14,cn3344,final_mesh_save,io,0,0,0,0,0,0,0,0,0,0,0,0,0,0,0,0,0,0,0,0
14,cn3344,testout_io,io,0,0,0,0,0,0,0,0,0,0,0,0,0,0,0,0,0,0,0,0
14,cn3344,final_count_exchange,communication,0,0,0,0,0,0,0,0,0,0,0,0,0,0,0,0,0,0,0,0
14,cn3344,quality_surface_compute,postprocess,0,0,0,0,0,0,0,0,0,0,0,0,0,0,0,0,0,0,0,0
14,cn3344,quality_reduce_pre_collective_wait,synchronization,0,0,0,0,0,0,0,0,0,0,0,0,0,0,0,0,0,0,0,0
14,cn3344,quality_reduce,communication,0,0,0,0,0,0,0,0,0,0,0,0,0,0,0,0,0,0,0,0
14,cn3344,quality_summary_io,io,0,0,0,0,0,0,0,0,0,0,0,0,0,0,0,0,0,0,0,0
14,cn3344,quality_volume_compute,postprocess,0,0,0,0,0,0,0,0,0,0,0,0,0,0,0,0,0,0,0,0
14,cn3344,quality_rank_io,io,0,0,0,0,0,0,0,0,0,0,0,0,0,0,0,0,0,0,0,0
15,cn3344,geometry_load,io,1.753103557,1,1400738254,21685610,1.54815576273,3316973470,3782440645,0.876939992273,6104,0,1035180,0,0,0,0,13,0,0,0,0
15,cn3344,coarse_local_size,setup,0.553917045,1,266625019,5943440,2.22913814401,632955662,902155470,0.701603751291,7918,0,0,0,0,0,154,77,0,0,0,0
15,cn3344,coarse_edge_mesh,setup,0.014218754,1,6284655,164467,2.61696147203,12804177,27517339,0.465313052254,508,0,0,0,0,0,0,1,0,0,0,0
15,cn3344,coarse_surface_mesh,setup,8.766649401,1,5674859457,161252163,2.84151817718,15315263218,19069879791,0.80311272991,15658,0,0,0,0,0,0,32,0,0,0,0
15,cn3344,coarse_volume_mesh,setup,15.300019345,1,5339929995,125505091,2.35031341455,13478652280,22744487709,0.592611821046,27748,0,0,0,0,0,84774,2885214,0,0,0,0
15,cn3344,coarse_mesh_save,io,0,0,0,0,0,0,0,0,0,0,0,0,0,0,0,0,0,0,0,0
15,cn3344,submesh_initialization,setup,0.000350745000105,1,4575649027,110369796,2.41211236589,11336018848,19373345420,0.585134812922,41,0,0,0,0,0,1,0,0,0,0,0
15,cn3344,metis_partition,compute,0.18284209,1,4689269300,116413751,2.48255631213,11597346097,19768938961,0.5866448432,1519,0,0,0,0,0,0,1,0,0,0,0
15,cn3344,face_map_setup,compute,0.0080227100002,1,4578672285,110442462,2.41210672277,11343912613,19389354877,0.585058795662,603,0,0,0,0,0,0,0,0,0,0,0
15,cn3344,face_local_extract,compute,0.17402591,1,4636811446,112551936,2.42735632688,11499218770,19751610506,0.58219145049,922,0,0,0,0,0,0,0,0,0,0,0
15,cn3344,face_pre_collective_wait,synchronization,0.010894088,1,4588250609,110450115,2.40723806113,11360902237,19396923180,0.585706409804,1,0,0,0,0,0,0,0,0,0,0,0
15,cn3344,face_collective_setup,compute,0.000107821999791,1,4575568916,110366192,2.41207583201,11335872895,19373172479,0.585132502552,16,0,0,0,0,0,0,0,0,0,0,0
15,cn3344,face_allgatherv,communication,0.0746113559999,1,4714545577,111026696,2.35498192109,11606079674,19533480418,0.594163427389,773,0,0,0,0,0,0,0,1,1,75808,4859624
15,cn3344,face_global_merge,compute,0.084864336,1,4593817109,111245657,2.42163878884,11380285162,19557105636,0.581900275726,627,0,0,0,0,0,0,0,0,0,0,0
15,cn3344,part_face_create,compute,0.0201098339999,1,4580050529,110544901,2.41361749832,11346342491,19416887440,0.584354342377,6,0,0,0,0,0,0,0,0,0,0,0
15,cn3344,surface_refine,compute,0.0204727580003,1,4581601453,110618713,2.41441151385,11348105272,19417422895,0.584429011685,57,0,0,0,0,0,0,0,0,0,0,0
15,cn3344,refined_surface_save,io,0,0,0,0,0,0,0,0,0,0,0,0,0,0,0,0,0,0,0,0
15,cn3344,local_volume_mesh,compute,13.361809927,1,8833538215,205783302,2.32956825443,22767426836,38977208209,0.58412153877,8826,0,0,0,0,0,72087,2522588,0,0,0,0
15,cn3344,volume_refine,compute,0.99706774,1,7512692579,167383663,2.22801161155,18724204910,32248808844,0.580616946213,6107,0,0,0,0,0,0,2,0,0,0,0
15,cn3344,refined_volume_save,io,0,0,0,0,0,0,0,0,0,0,0,0,0,0,0,0,0,0,0,0
15,cn3344,adjacency_build,compute,0.00388101199997,1,7203408071,155629440,2.16049734329,18139549195,30259446615,0.599467314317,7,0,0,0,0,0,0,0,0,0,0,0
15,cn3344,vertex_numbering_local,compute,0.0132117800003,1,7207519462,155717250,2.16048324005,18149352909,30279935766,0.599385449469,5,0,0,0,0,0,0,0,0,0,0,0
15,cn3344,vertex_count_pre_collective_wait,synchronization,3.618702806,1,11365878017,182896870,1.60917502129,26347077621,38203836143,0.689644817928,29,0,0,0,0,0,0,51,0,0,0,0
15,cn3344,vertex_count_allgather,communication,0.000437185999999,1,7202670187,155598761,2.16029273811,18137889519,30251422409,0.5995714606,21,0,0,0,0,0,0,0,1,1,4,256
15,cn3344,element_count_pre_collective_wait,synchronization,0.000618268999915,1,7203234453,155601231,2.16015780154,18139004639,30252350186,0.599589933591,1,0,0,0,0,0,0,0,0,0,0,0
15,cn3344,element_count_allgather,communication,0.000144042000102,1,7202714424,155597717,2.16026497568,18137978215,30251327187,0.59957627984,0,0,0,0,0,0,0,0,1,1,4,256
15,cn3344,vertex_exchange_prepare,compute,4.29400001849e-05,1,7202580653,155596811,2.1602925187,18137725413,30251107130,0.59957228458,0,0,0,0,0,0,0,0,0,0,0,0
15,cn3344,vertex_exchange,communication,0.00417267700004,1,7207749298,155605542,2.15886451604,18147961247,30259503695,0.599744180537,20,0,0,0,0,0,0,0,0,4,0,146102
15,cn3344,vertex_exchange_unpack,compute,0.00225923100015,1,7203409769,155611802,2.16025197775,18139712914,30255983003,0.599541350622,0,0,0,0,0,0,0,0,0,0,0,0
15,cn3344,partition_result_io,io,0,0,0,0,0,0,0,0,0,0,0,0,0,0,0,0,0,0,0,0
15,cn3344,volume_exchange_pack,compute,0.270731267,2,14549914683,319896423,2.1986137374,36686362218,61088006438,0.600549344416,589,0,0,0,0,0,0,1,0,0,0,0
15,cn3344,volume_size_exchange,communication,0.0527087179998,1,7263790723,156106022,2.14909856235,18258574632,30366721587,0.601269207797,5,0,0,0,0,0,0,0,4,4,16,16
15,cn3344,volume_payload_prepare,compute,0.000348804000168,1,7202581405,155596883,2.16029329279,18137753559,30251178373,0.599571802968,102,0,0,0,0,0,0,0,0,0,0,0
15,cn3344,volume_payload_exchange,communication,0.004460741,1,7204924721,155629712,2.16004632979,18142424830,30257116649,0.599608516583,258,0,0,0,0,0,0,0,4,4,1551840,1555560
15,cn3344,volume_exchange_unpack,compute,0.181391411,1,7326474145,159588869,2.17824926208,18485199567,30601752873,0.604056886666,7928,0,0,0,0,0,0,0,0,0,0,0
15,cn3344,final_mesh_save,io,0,0,0,0,0,0,0,0,0,0,0,0,0,0,0,0,0,0,0,0
15,cn3344,testout_io,io,0,0,0,0,0,0,0,0,0,0,0,0,0,0,0,0,0,0,0,0
15,cn3344,final_count_exchange,communication,0,0,0,0,0,0,0,0,0,0,0,0,0,0,0,0,0,0,0,0
15,cn3344,quality_surface_compute,postprocess,0,0,0,0,0,0,0,0,0,0,0,0,0,0,0,0,0,0,0,0
15,cn3344,quality_reduce_pre_collective_wait,synchronization,0,0,0,0,0,0,0,0,0,0,0,0,0,0,0,0,0,0,0,0
15,cn3344,quality_reduce,communication,0,0,0,0,0,0,0,0,0,0,0,0,0,0,0,0,0,0,0,0
15,cn3344,quality_summary_io,io,0,0,0,0,0,0,0,0,0,0,0,0,0,0,0,0,0,0,0,0
15,cn3344,quality_volume_compute,postprocess,0,0,0,0,0,0,0,0,0,0,0,0,0,0,0,0,0,0,0,0
15,cn3344,quality_rank_io,io,0,0,0,0,0,0,0,0,0,0,0,0,0,0,0,0,0,0,0,0
16,cn3345,geometry_load,io,1.760427702,1,1400721206,24162061,1.72497288515,3315557718,3801800572,0.872101956746,6106,0,1035180,0,0,0,0,1,0,0,0,0
16,cn3345,coarse_local_size,setup,0.562020431,1,266853181,6248596,2.34158572762,633215200,902067560,0.701959839904,8304,0,0,0,0,0,127,78,0,0,0,0
16,cn3345,coarse_edge_mesh,setup,0.0137762410004,1,6295592,185181,2.94143902591,12805080,26959719,0.47497082592,507,0,0,0,0,0,0,0,0,0,0,0
16,cn3345,coarse_surface_mesh,setup,8.851744568,1,5675959603,170265002,2.99975711437,15313227328,19264541154,0.794891879624,15348,0,0,0,0,0,0,18,0,0,0,0
16,cn3345,coarse_volume_mesh,setup,14.979203746,1,5325823099,129643136,2.43423661639,13450158164,22447633381,0.599179340455,26095,0,0,0,0,0,85125,2809393,0,0,0,0
16,cn3345,coarse_mesh_save,io,0,0,0,0,0,0,0,0,0,0,0,0,0,0,0,0,0,0,0,0
16,cn3345,submesh_initialization,setup,0.000319544000376,1,4094141340,106920974,2.61156040109,9952924143,17172460893,0.579586362433,1,0,0,0,0,0,1,0,0,0,0,0
16,cn3345,metis_partition,compute,0.1744884,1,4208605191,113005483,2.68510534658,10214180511,17552572394,0.58191929261,394,0,0,0,0,0,0,0,0,0,0,0
16,cn3345,face_map_setup,compute,0.00840729799984,1,4097175686,106990950,2.61133420189,9960816058,17189949288,0.579455814041,213,0,0,0,0,0,0,0,0,0,0,0
16,cn3345,face_local_extract,compute,0.165500935,1,4155255868,109177918,2.6274655874,10116122791,17532425267,0.576995061262,635,0,0,0,0,0,0,0,0,0,0,0
16,cn3345,face_pre_collective_wait,synchronization,0.0272937189998,1,4130679212,106916706,2.58835655137,10025043327,17232144904,0.581764103241,0,0,0,0,0,0,0,0,0,0,0,0
16,cn3345,face_collective_setup,compute,0.000160342000072,1,4094061397,106917314,2.61152199814,9952778245,17172367667,0.579581012822,16,0,0,0,0,0,0,0,0,0,0,0
16,cn3345,face_allgatherv,communication,0.0763789130001,1,4223810597,107431833,2.54348130753,10204471808,17313611417,0.589390137172,838,0,0,0,0,0,2,3,1,1,75808,4859624
16,cn3345,face_global_merge,compute,0.0844112260002,1,4112264792,107775242,2.62082447146,9997189214,17354021067,0.576073359333,511,0,0,0,0,0,0,2,0,0,0,0
16,cn3345,part_face_create,compute,0.0195572280004,1,4098519872,107092454,2.61295436754,9963088924,17214790742,0.578751671938,3,0,0,0,0,0,0,0,0,0,0,0
16,cn3345,surface_refine,compute,0.0120025810002,1,4097950619,107091025,2.6132824662,9960785155,17197877718,0.579186880982,44,0,0,0,0,0,0,0,0,0,0,0
16,cn3345,refined_surface_save,io,0,0,0,0,0,0,0,0,0,0,0,0,0,0,0,0,0,0,0,0
16,cn3345,local_volume_mesh,compute,11.047463079,1,7295350413,176823713,2.42378642546,18390564513,31567310611,0.582582556355,2992,0,0,0,0,0,71251,2609104,0,0,0,0
16,cn3345,volume_refine,compute,0.637915538,1,6053215295,145151207,2.3979191211,14831251179,25954168186,0.571440050504,6238,0,0,0,0,0,0,1,0,0,0,0
16,cn3345,refined_volume_save,io,0,0,0,0,0,0,0,0,0,0,0,0,0,0,0,0,0,0,0,0
16,cn3345,adjacency_build,compute,0.00675777900005,1,5858516148,138216394,2.35923893539,14451574009,24679671989,0.58556588659,0,0,0,0,0,0,0,0,0,0,0,0
16,cn3345,vertex_numbering_local,compute,0.0230993499999,1,5865652113,138354021,2.3587150812,14468515742,24713480646,0.585450343853,231,0,0,0,0,0,0,0,0,0,0,0
16,cn3345,vertex_count_pre_collective_wait,synchronization,6.2866933,1,14382075181,138190913,0.960855170487,31293403741,38478688345,0.813265864481,67,0,0,0,0,0,0,15,0,0,0,0
16,cn3345,vertex_count_allgather,communication,0.000500566000028,1,5858076195,138183501,2.35885462053,14450509850,24665761751,0.585852972873,39,0,0,0,0,0,0,0,1,1,4,256
16,cn3345,element_count_pre_collective_wait,synchronization,0.00153299800013,1,5859587508,138182114,2.35822255084,14453491880,24668205008,0.585915832762,4,0,0,0,0,0,0,0,0,0,0,0
16,cn3345,element_count_allgather,communication,0.000207922999834,1,5857680251,138181871,2.35898623822,14449731612,24665023005,0.585838967556,41,0,0,0,0,0,0,0,1,1,4,256
16,cn3345,vertex_exchange_prepare,compute,2.76000000667e-05,1,5857655479,138181379,2.3589878151,14449684693,24664907248,0.58583981475,6,0,0,0,0,0,0,0,0,0,0,0
16,cn3345,vertex_exchange,communication,0.00286411300021,1,5861902461,138198040,2.35756294001,14458134374,24669583360,0.586071283127,258,0,0,0,0,0,0,0,5,4,298958,4114
16,cn3345,vertex_exchange_unpack,compute,0.000102401000277,1,5857678833,138181931,2.35898783357,14449739398,24665057184,0.585838471413,7,0,0,0,0,0,0,0,0,0,0,0
16,cn3345,partition_result_io,io,0,0,0,0,0,0,0,0,0,0,0,0,0,0,0,0,0,0,0,0
16,cn3345,volume_exchange_pack,compute,0.285438177,2,11830634201,283548570,2.39673178278,29217880739,49940701562,0.585051467543,2258,0,0,0,0,0,0,1,0,0,0,0
16,cn3345,volume_size_exchange,communication,0.0418961289997,1,5913783681,138182177,2.33661196374,14560406521,24756851561,0.588136439124,2,0,0,0,0,0,0,0,5,5,20,20
16,cn3345,volume_payload_prepare,compute,0.00045680500034,1,5857655973,138181446,2.35898875996,14449804938,24665372309,0.585833643903,68,0,0,0,0,0,0,0,0,0,0,0
16,cn3345,volume_payload_exchange,communication,0.00453089299981,1,5858011294,138195879,2.3590920547,14450478388,24667324292,0.585814586817,350,0,0,0,0,0,4,0,5,5,3270120,3261240
16,cn3345,volume_exchange_unpack,compute,0.313095,1,5971106057,142612440,2.38837559807,14745622906,25236156231,0.584305421595,6725,0,0,0,0,0,0,0,0,0,0,0
16,cn3345,final_mesh_save,io,0,0,0,0,0,0,0,0,0,0,0,0,0,0,0,0,0,0,0,0
16,cn3345,testout_io,io,0,0,0,0,0,0,0,0,0,0,0,0,0,0,0,0,0,0,0,0
16,cn3345,final_count_exchange,communication,0,0,0,0,0,0,0,0,0,0,0,0,0,0,0,0,0,0,0,0
16,cn3345,quality_surface_compute,postprocess,0,0,0,0,0,0,0,0,0,0,0,0,0,0,0,0,0,0,0,0
16,cn3345,quality_reduce_pre_collective_wait,synchronization,0,0,0,0,0,0,0,0,0,0,0,0,0,0,0,0,0,0,0,0
16,cn3345,quality_reduce,communication,0,0,0,0,0,0,0,0,0,0,0,0,0,0,0,0,0,0,0,0
16,cn3345,quality_summary_io,io,0,0,0,0,0,0,0,0,0,0,0,0,0,0,0,0,0,0,0,0
16,cn3345,quality_volume_compute,postprocess,0,0,0,0,0,0,0,0,0,0,0,0,0,0,0,0,0,0,0,0
16,cn3345,quality_rank_io,io,0,0,0,0,0,0,0,0,0,0,0,0,0,0,0,0,0,0,0,0
17,cn3345,geometry_load,io,1.743623346,1,1399725378,24577002,1.75584456682,3314993002,3763341840,0.880864174167,6106,0,1035180,0,0,0,0,14,0,0,0,0
17,cn3345,coarse_local_size,setup,0.559965507,1,267464408,6252263,2.3376056077,632280483,901958046,0.701008750689,8393,0,0,0,0,0,159,136,0,0,0,0
17,cn3345,coarse_edge_mesh,setup,0.013087673,1,6304772,167692,2.65976311277,12806748,25234068,0.507518169484,518,0,0,0,0,0,0,0,0,0,0,0
17,cn3345,coarse_surface_mesh,setup,8.776313506,1,5677313017,168435002,2.96680844434,15315284211,19092686594,0.802154486515,15586,0,0,0,0,0,0,76,0,0,0,0
17,cn3345,coarse_volume_mesh,setup,15.101724098,1,5335598949,131027894,2.45572981126,13459147463,22640532925,0.594471318656,30758,0,0,0,0,0,86144,2822213,0,0,0,0
17,cn3345,coarse_mesh_save,io,0,0,0,0,0,0,0,0,0,0,0,0,0,0,0,0,0,0,0,0
17,cn3345,submesh_initialization,setup,0.000311804000376,1,4350543135,110154154,2.53196326486,10853181927,18286823998,0.593497368826,2,0,0,0,0,0,1,0,0,0,0,0
17,cn3345,metis_partition,compute,0.1813833,1,4464564512,116237684,2.60356152739,11114427605,18682051909,0.594925421423,392,0,0,0,0,0,0,2,0,0,0,0
17,cn3345,face_map_setup,compute,0.00763048899989,1,4353596859,110216754,2.53162517269,10861080404,18302877055,0.593408368059,130,0,0,0,0,0,0,0,0,0,0,0
17,cn3345,face_local_extract,compute,0.174367539,1,4411662364,112406470,2.54793909247,11016381611,18658502276,0.590421538023,2168,0,0,0,0,0,0,1,0,0,0,0
17,cn3345,face_pre_collective_wait,synchronization,0.0124558859998,1,4367250778,110149773,2.52217650415,10886141392,18313779279,0.594423533568,35,0,0,0,0,0,0,0,0,0,0,0
17,cn3345,face_collective_setup,compute,0.000128161000248,1,4350463362,110150404,2.53192349491,10853036014,18286670606,0.593494367993,37,0,0,0,0,0,0,0,0,0,0,0
17,cn3345,face_allgatherv,communication,0.0764518139999,1,4488941545,111251111,2.47833726246,11122707666,18448275667,0.602913132196,1386,0,0,0,0,0,0,1,1,1,75808,4859624
17,cn3345,face_global_merge,compute,0.0830762719997,1,4368663810,111033955,2.5415998994,10897447134,18465805809,0.590141976295,683,0,0,0,0,0,0,3,0,0,0,0
17,cn3345,part_face_create,compute,0.0193395860001,1,4354880138,110324311,2.53334896723,10863339375,18328493622,0.592702248152,27,0,0,0,0,0,0,0,0,0,0,0
17,cn3345,surface_refine,compute,0.0117616980001,1,4354241342,110321717,2.53366105218,10860766059,18311989527,0.593095908175,49,0,0,0,0,0,0,0,0,0,0,0
17,cn3345,refined_surface_save,io,0,0,0,0,0,0,0,0,0,0,0,0,0,0,0,0,0,0,0,0
17,cn3345,local_volume_mesh,compute,11.123123283,1,7606681761,184372028,2.42381676785,19483917691,33051826790,0.589495939658,6816,0,0,0,0,0,68642,2704243,0,0,0,0
17,cn3345,volume_refine,compute,0.774325953,1,6438630604,152993886,2.37618672991,16078099157,27406986476,0.586642357454,5884,0,0,0,0,0,0,7,0,0,0,0
17,cn3345,refined_volume_save,io,0,0,0,0,0,0,0,0,0,0,0,0,0,0,0,0,0,0,0,0
17,cn3345,adjacency_build,compute,0.00384396500021,1,6228279013,144284552,2.31660385957,15679103360,25884788873,0.605726530625,9,0,0,0,0,0,0,0,0,0,0,0
17,cn3345,vertex_numbering_local,compute,0.0125983869998,1,6233853010,144378581,2.3160408301,15692528815,25904049888,0.605794417585,6,0,0,0,0,0,0,0,0,0,0,0
17,cn3345,vertex_count_pre_collective_wait,synchronization,6.089555575,1,14458677512,144260033,0.997740165933,31913995575,39253056595,0.813032113761,71,0,0,0,0,0,0,51,0,0,0,0
17,cn3345,vertex_count_allgather,communication,0.00053308600036,1,6227763867,144253549,2.31629766447,15677898022,25877233365,0.605856808603,51,0,0,0,0,0,0,0,1,1,4,256
17,cn3345,element_count_pre_collective_wait,synchronization,0.00129157600031,1,6229076156,144251891,2.31578306939,15680484510,25879273110,0.605909000742,3,0,0,0,0,0,0,0,0,0,0,0
17,cn3345,element_count_allgather,communication,0.000266803000159,1,6227762658,144253359,2.31629506328,15677899499,25877046423,0.605861242536,0,0,0,0,0,0,0,0,1,1,4,256
17,cn3345,vertex_exchange_prepare,compute,0.000124221000078,1,6227439833,144251660,2.3163878555,15677268248,25876614097,0.605846970134,31,0,0,0,0,0,0,0,0,0,0,0
17,cn3345,vertex_exchange,communication,0.00466649500004,1,6233868415,144264315,2.31420211971,15689897222,25885496370,0.606126959968,84,0,0,0,0,0,0,0,4,3,161832,85712
17,cn3345,vertex_exchange_unpack,compute,0.00207952400024,1,6227916703,144260508,2.31635256025,15678394632,25879526423,0.605822315901,778,0,0,0,0,0,0,0,0,0,0,0
17,cn3345,partition_result_io,io,0,0,0,0,0,0,0,0,0,0,0,0,0,0,0,0,0,0,0,0
17,cn3345,volume_exchange_pack,compute,0.232142114,2,12571304330,290310875,2.30931387372,31680016550,52248224606,0.606336708834,1995,0,0,0,0,0,0,3,0,0,0,0
17,cn3345,volume_size_exchange,communication,0.093906998,1,6354030340,144251612,2.27023801086,15926972195,26082673386,0.610634192258,1,0,0,0,0,0,0,2,4,4,16,16
17,cn3345,volume_payload_prepare,compute,0.000444305000201,1,6227440369,144251235,2.31638083149,15677379215,25876959004,0.605843183219,68,0,0,0,0,0,0,0,0,0,0,0
17,cn3345,volume_payload_exchange,communication,0.00445711200018,1,6228555593,144265333,2.3161924277,15679544756,25880184906,0.60585134198,215,0,0,0,0,0,4,0,4,4,2629800,2633880
17,cn3345,volume_exchange_unpack,compute,0.186816204,1,6327443963,147973905,2.33860474886,15957441501,26242399318,0.608078602403,6031,0,0,0,0,0,0,1,0,0,0,0
17,cn3345,final_mesh_save,io,0,0,0,0,0,0,0,0,0,0,0,0,0,0,0,0,0,0,0,0
17,cn3345,testout_io,io,0,0,0,0,0,0,0,0,0,0,0,0,0,0,0,0,0,0,0,0
17,cn3345,final_count_exchange,communication,0,0,0,0,0,0,0,0,0,0,0,0,0,0,0,0,0,0,0,0
17,cn3345,quality_surface_compute,postprocess,0,0,0,0,0,0,0,0,0,0,0,0,0,0,0,0,0,0,0,0
17,cn3345,quality_reduce_pre_collective_wait,synchronization,0,0,0,0,0,0,0,0,0,0,0,0,0,0,0,0,0,0,0,0
17,cn3345,quality_reduce,communication,0,0,0,0,0,0,0,0,0,0,0,0,0,0,0,0,0,0,0,0
17,cn3345,quality_summary_io,io,0,0,0,0,0,0,0,0,0,0,0,0,0,0,0,0,0,0,0,0
17,cn3345,quality_volume_compute,postprocess,0,0,0,0,0,0,0,0,0,0,0,0,0,0,0,0,0,0,0,0
17,cn3345,quality_rank_io,io,0,0,0,0,0,0,0,0,0,0,0,0,0,0,0,0,0,0,0,0
18,cn3345,geometry_load,io,1.779680526,1,1406467897,26731233,1.90059318503,3317177516,3841782265,0.863447558239,6107,0,1035180,0,0,0,0,9,0,0,0,0
18,cn3345,coarse_local_size,setup,0.559856346,1,267935022,6372023,2.37819712871,632691423,904822830,0.699243434209,8385,0,0,0,0,0,126,72,0,0,0,0
18,cn3345,coarse_edge_mesh,setup,0.014371968,1,6272897,178082,2.83891159061,12807627,28406187,0.450874557715,508,0,0,0,0,0,0,0,0,0,0,0
18,cn3345,coarse_surface_mesh,setup,8.747725932,1,5675325822,160959615,2.83612994299,15312736273,19004737219,0.805732596907,16908,0,0,0,0,0,0,18,0,0,0,0
18,cn3345,coarse_volume_mesh,setup,15.022624653,1,5291017271,126827332,2.3970311474,13378238781,22332448069,0.599049362599,31410,0,0,0,0,0,85386,2859411,0,0,0,0
18,cn3345,coarse_mesh_save,io,0,0,0,0,0,0,0,0,0,0,0,0,0,0,0,0,0,0,0,0
18,cn3345,submesh_initialization,setup,0.0002576830002,1,3672990009,72768660,1.98118317288,9991332699,15846932000,0.630490034222,5,0,0,0,0,0,0,0,0,0,0,0
18,cn3345,metis_partition,compute,0.181205379,1,3786709262,78793459,2.0807897715,10252598113,16242060780,0.631237516709,443,0,0,0,0,0,0,0,0,0,0,0
18,cn3345,face_map_setup,compute,0.00799265299975,1,3676051805,72835850,1.98136081491,9999227985,15863591582,0.630325606488,225,0,0,0,0,0,0,0,0,0,0,0
18,cn3345,face_local_extract,compute,0.174889164,1,3734200216,74926677,2.00649865208,10154532644,16220521706,0.6260299655,1935,0,0,0,0,0,0,0,0,0,0,0
18,cn3345,face_pre_collective_wait,synchronization,0.0117281769999,1,3687868222,72764618,1.97308075071,10019724688,15872312333,0.631270635166,34,0,0,0,0,0,0,0,0,0,0,0
18,cn3345,face_collective_setup,compute,0.000116801999866,1,3672910818,72765175,1.98113100496,9991187072,15846795632,0.63048627016,38,0,0,0,0,0,0,0,0,0,0,0
18,cn3345,face_allgatherv,communication,0.076463074,1,3816101227,73198915,1.91815967779,10270385739,16008066391,0.64157565868,1371,0,0,0,0,0,2,1,1,1,75808,4859624
18,cn3345,face_global_merge,compute,0.0868644950001,1,3691095686,73654318,1.99545945881,10035598835,16033273204,0.625923272641,797,0,0,0,0,0,0,7,0,0,0,0
18,cn3345,part_face_create,compute,0.0205157199998,1,3677377506,72943515,1.98357429666,10001537001,15891210074,0.629375419142,31,0,0,0,0,0,0,0,0,0,0,0
18,cn3345,surface_refine,compute,0.0136126789998,1,3677282254,72952824,1.98387882575,10000104952,15876127307,0.629883142068,56,0,0,0,0,0,0,0,0,0,0,0
18,cn3345,refined_surface_save,io,0,0,0,0,0,0,0,0,0,0,0,0,0,0,0,0,0,0,0,0
18,cn3345,local_volume_mesh,compute,10.969539628,1,6968530808,143225536,2.05531897535,18711375628,30720124394,0.609091792338,7495,0,0,0,0,0,67467,2410890,0,0,0,0
18,cn3345,volume_refine,compute,0.804797029,1,6028742105,117007215,1.9408230268,15857428133,26159341042,0.606186069731,6738,0,0,0,0,0,0,2,0,0,0,0
18,cn3345,refined_volume_save,io,0,0,0,0,0,0,0,0,0,0,0,0,0,0,0,0,0,0,0,0
18,cn3345,adjacency_build,compute,0.00427171000001,1,5805472462,107175927,1.84611894556,15431380734,24575770403,0.627910355645,13,0,0,0,0,0,0,0,0,0,0,0
18,cn3345,vertex_numbering_local,compute,0.019166824,1,5812102682,107297869,1.84611103538,15447372200,24608452782,0.627726266939,9,0,0,0,0,0,0,0,0,0,0,0
18,cn3345,vertex_count_pre_collective_wait,synchronization,6.198806232,1,13725347229,110073450,0.801972060622,30776590869,38053628436,0.808768891008,69,0,0,0,0,0,0,38,0,0,0,0
18,cn3345,vertex_count_allgather,communication,0.000494946000344,1,5804963722,107143027,1.84571398085,15430196077,24567339275,0.628077623884,45,0,0,0,0,0,0,0,1,1,4,256
18,cn3345,element_count_pre_collective_wait,synchronization,0.00136779600007,1,5806229266,107141544,1.84528614169,15432691334,24569466804,0.628124796403,2,0,0,0,0,0,0,0,0,0,0,0
18,cn3345,element_count_allgather,communication,7.41609997021e-05,1,5804597961,107141213,1.84579903242,15429477197,24566561856,0.62806823712,38,0,0,0,0,0,0,0,1,1,4,256
18,cn3345,vertex_exchange_prepare,compute,0.000134300999889,1,5804591677,107141280,1.84580218492,15429473540,24566625138,0.628066470397,43,0,0,0,0,0,0,0,0,0,0,0
18,cn3345,vertex_exchange,communication,0.00517344100035,1,5811573219,107158064,1.84387359432,15443254158,24576497298,0.628374905128,160,0,0,0,0,0,0,0,6,4,170544,116468
18,cn3345,vertex_exchange_unpack,compute,0.00287447299979,1,5805243788,107153403,1.84580367187,15431017284,24570731030,0.628024345924,1053,0,0,0,0,0,0,0,0,0,0,0
18,cn3345,partition_result_io,io,0,0,0,0,0,0,0,0,0,0,0,0,0,0,0,0,0,0,0,0
18,cn3345,volume_exchange_pack,compute,0.250961995,2,11731266482,217075418,1.85040053717,31198227447,49670883634,0.628098901499,2835,0,0,0,0,0,0,0,0,0,0,0
18,cn3345,volume_size_exchange,communication,0.0736094809999,1,5898531688,107169033,1.81687644771,15614904351,24728122879,0.631463392001,2,0,0,0,0,0,0,1,6,6,24,24
18,cn3345,volume_payload_prepare,compute,0.000510605999807,1,5804592593,107140968,1.84579651859,15429566789,24567035687,0.628059770238,102,0,0,0,0,0,0,0,0,0,0,0
18,cn3345,volume_payload_exchange,communication,0.00446725199981,1,5804849805,107156819,1.84598779641,15430108061,24568944300,0.628033010804,444,0,0,0,0,0,5,0,6,6,3043440,3042960
18,cn3345,volume_exchange_unpack,compute,0.195178542,1,5910642104,109807219,1.857788326,15726190200,24950958203,0.630284018435,6290,0,0,0,0,0,0,1,0,0,0,0
18,cn3345,final_mesh_save,io,0,0,0,0,0,0,0,0,0,0,0,0,0,0,0,0,0,0,0,0
18,cn3345,testout_io,io,0,0,0,0,0,0,0,0,0,0,0,0,0,0,0,0,0,0,0,0
18,cn3345,final_count_exchange,communication,0,0,0,0,0,0,0,0,0,0,0,0,0,0,0,0,0,0,0,0
18,cn3345,quality_surface_compute,postprocess,0,0,0,0,0,0,0,0,0,0,0,0,0,0,0,0,0,0,0,0
18,cn3345,quality_reduce_pre_collective_wait,synchronization,0,0,0,0,0,0,0,0,0,0,0,0,0,0,0,0,0,0,0,0
18,cn3345,quality_reduce,communication,0,0,0,0,0,0,0,0,0,0,0,0,0,0,0,0,0,0,0,0
18,cn3345,quality_summary_io,io,0,0,0,0,0,0,0,0,0,0,0,0,0,0,0,0,0,0,0,0
18,cn3345,quality_volume_compute,postprocess,0,0,0,0,0,0,0,0,0,0,0,0,0,0,0,0,0,0,0,0
18,cn3345,quality_rank_io,io,0,0,0,0,0,0,0,0,0,0,0,0,0,0,0,0,0,0,0,0
19,cn3345,geometry_load,io,1.765801405,1,1401940050,24372638,1.73849359678,3316429133,3813924118,0.869558237236,6107,0,1035180,0,0,0,0,6,0,0,0,0
19,cn3345,coarse_local_size,setup,0.561513285,1,266827737,6430334,2.40991962541,632438296,897103836,0.704977808165,8460,0,0,0,0,0,137,90,0,0,0,0
19,cn3345,coarse_edge_mesh,setup,0.0141881459999,1,6315541,173175,2.74204537664,12805931,28087939,0.455922771692,507,0,0,0,0,0,0,0,0,0,0,0
19,cn3345,coarse_surface_mesh,setup,8.74077005,1,5673499316,163023537,2.87342128588,15311414549,19034302013,0.804411663666,15234,0,0,0,0,0,0,8,0,0,0,0
19,cn3345,coarse_volume_mesh,setup,15.056896874,1,5291602674,127171760,2.40327492132,13374867255,22443097976,0.59594567868,26780,0,0,0,0,0,88768,2834912,0,0,0,0
19,cn3345,coarse_mesh_save,io,0,0,0,0,0,0,0,0,0,0,0,0,0,0,0,0,0,0,0,0
19,cn3345,submesh_initialization,setup,0.000202702000024,1,3624790116,75203835,2.07470867535,9853248403,16094025961,0.612230179501,62,0,0,0,0,0,0,0,0,0,0,0
19,cn3345,metis_partition,compute,0.185109624,1,3738943483,81295459,2.17428959196,10114506805,16494259979,0.613213737256,1730,0,0,0,0,0,0,0,0,0,0,0
19,cn3345,face_map_setup,compute,0.00808963400004,1,3627817010,75264398,2.07464703409,9861140949,16110185568,0.612105981485,595,0,0,0,0,0,0,0,0,0,0,0
19,cn3345,face_local_extract,compute,0.167209795,1,3685975093,77454381,2.1013267601,10016448016,16457854123,0.608612030532,797,0,0,0,0,0,0,0,0,0,0,0
19,cn3345,face_pre_collective_wait,synchronization,0.0153796,1,3643584409,75359240,2.06827210628,9890475050,16127435539,0.61327016475,13,0,0,0,0,0,0,0,0,0,0,0
19,cn3345,face_collective_setup,compute,0.000113920999866,1,3624709968,75200196,2.07465415616,9853102633,16093864968,0.612227246382,16,0,0,0,0,0,0,0,0,0,0,0
19,cn3345,face_allgatherv,communication,0.0765070740003,1,3765509497,75891025,2.01542513863,10127714671,16255675779,0.623026369909,1351,0,0,0,0,0,0,0,1,1,75808,4859624
19,cn3345,face_global_merge,compute,0.0869648969997,1,3642938814,76089707,2.08869022745,9897514721,16281073830,0.607915351551,715,0,0,0,0,0,0,1,0,0,0,0
19,cn3345,part_face_create,compute,0.0207355419998,1,3629222533,75375120,2.07689441236,9863583440,16138752360,0.611173851607,34,0,0,0,0,0,0,0,0,0,0,0
19,cn3345,surface_refine,compute,0.0189872820001,1,3630641634,75452802,2.07822224296,9865203802,16134839481,0.611422494387,54,0,0,0,0,0,0,0,0,0,0,0
19,cn3345,refined_surface_save,io,0,0,0,0,0,0,0,0,0,0,0,0,0,0,0,0,0,0,0,0
19,cn3345,local_volume_mesh,compute,11.97906903,1,7311817853,160152586,2.1903251588,19683850928,33353497203,0.590158531449,10015,0,0,0,0,0,64015,2464697,0,0,0,0
19,cn3345,volume_refine,compute,0.84684674,1,7595704048,171174196,2.25356589617,20222084881,35036987959,0.577163907601,8013,0,0,0,0,0,0,2,0,0,0,0
19,cn3345,refined_volume_save,io,0,0,0,0,0,0,0,0,0,0,0,0,0,0,0,0,0,0,0,0
19,cn3345,adjacency_build,compute,0.00409998800023,1,7312703938,160187405,2.19053589969,19685843401,33362364613,0.590061394909,5,0,0,0,0,0,0,0,0,0,0,0
19,cn3345,vertex_numbering_local,compute,0.0168083970002,1,7319106633,160300024,2.19015833541,19701286432,33389677314,0.590041234802,52,0,0,0,0,0,0,0,0,0,0,0
19,cn3345,vertex_count_pre_collective_wait,synchronization,5.144968831,1,13700855171,204258348,1.4908437864,32203342949,44657865698,0.721112450084,71,0,0,0,0,0,0,63,0,0,0,0
19,cn3345,vertex_count_allgather,communication,0.000552945999971,1,7312120831,160157433,2.19030068979,19684444656,33354265915,0.590162730793,83,0,0,0,0,0,0,0,1,1,4,256
19,cn3345,element_count_pre_collective_wait,synchronization,0.00116519299991,1,7313194865,160162726,2.19005139281,19686546925,33356028245,0.590194575337,3,0,0,0,0,0,0,0,0,0,0,0
19,cn3345,element_count_allgather,communication,0.000272722999853,1,7312104351,160155808,2.19028340286,19684417103,33354042649,0.59016585516,2,0,0,0,0,0,0,0,1,1,4,256
19,cn3345,vertex_exchange_prepare,compute,0.000171161999788,1,7311818984,160152678,2.19032607824,19683861245,33353552202,0.590157867617,41,0,0,0,0,0,0,0,0,0,0,0
19,cn3345,vertex_exchange,communication,0.00457123299975,1,7317627039,160187180,2.18905909178,19695329556,33362122309,0.59035001951,161,0,0,0,0,0,0,0,6,3,141108,113608
19,cn3345,vertex_exchange_unpack,compute,0.00273701200013,1,7312465478,160164867,2.1902991198,19685394511,33357683048,0.590130749869,955,0,0,0,0,0,0,0,0,0,0,0
19,cn3345,partition_result_io,io,0,0,0,0,0,0,0,0,0,0,0,0,0,0,0,0,0,0,0,0
19,cn3345,volume_exchange_pack,compute,0.244125275,2,14757532658,322763085,2.18710737411,39742440811,67226784826,0.591169738578,2911,0,0,0,0,0,0,1,0,0,0,0
19,cn3345,volume_size_exchange,communication,0.0422366339999,1,7363421154,160540014,2.18023674923,19785450354,33446116813,0.591561958138,3,0,0,0,0,0,0,1,6,6,24,24
19,cn3345,volume_payload_prepare,compute,0.000250163000146,1,7311819909,160152730,2.19032651232,19683912691,33353648091,0.590157713402,68,0,0,0,0,0,0,0,0,0,0,0
19,cn3345,volume_payload_exchange,communication,0.041616987,1,7357816457,160527453,2.1817267927,19774721823,33437610534,0.59139159489,524,0,0,0,0,0,3,1,6,6,2715840,2694120
19,cn3345,volume_exchange_unpack,compute,0.206816518,1,7435354653,164135397,2.20749923386,20025583486,33759301083,0.593187146759,6885,0,0,0,0,0,0,7,0,0,0,0
19,cn3345,final_mesh_save,io,0,0,0,0,0,0,0,0,0,0,0,0,0,0,0,0,0,0,0,0
19,cn3345,testout_io,io,0,0,0,0,0,0,0,0,0,0,0,0,0,0,0,0,0,0,0,0
19,cn3345,final_count_exchange,communication,0,0,0,0,0,0,0,0,0,0,0,0,0,0,0,0,0,0,0,0
19,cn3345,quality_surface_compute,postprocess,0,0,0,0,0,0,0,0,0,0,0,0,0,0,0,0,0,0,0,0
19,cn3345,quality_reduce_pre_collective_wait,synchronization,0,0,0,0,0,0,0,0,0,0,0,0,0,0,0,0,0,0,0,0
19,cn3345,quality_reduce,communication,0,0,0,0,0,0,0,0,0,0,0,0,0,0,0,0,0,0,0,0
19,cn3345,quality_summary_io,io,0,0,0,0,0,0,0,0,0,0,0,0,0,0,0,0,0,0,0,0
19,cn3345,quality_volume_compute,postprocess,0,0,0,0,0,0,0,0,0,0,0,0,0,0,0,0,0,0,0,0
19,cn3345,quality_rank_io,io,0,0,0,0,0,0,0,0,0,0,0,0,0,0,0,0,0,0,0,0
20,cn3345,geometry_load,io,1.723737533,1,1393454074,24760746,1.77693305162,3315196820,3720905919,0.89096496718,6105,0,1035180,0,0,0,0,2,0,0,0,0
20,cn3345,coarse_local_size,setup,0.546522409,1,266406654,6404497,2.40403041885,632381966,890870243,0.709847445202,8406,0,0,0,0,0,115,95,0,0,0,0
20,cn3345,coarse_edge_mesh,setup,0.013869503,1,6312154,162724,2.57794724273,12803530,27027231,0.473727034782,516,0,0,0,0,0,0,0,0,0,0,0
20,cn3345,coarse_surface_mesh,setup,8.662549576,1,5673480690,166739295,2.93892416509,15315084616,18838286972,0.812976500399,17160,0,0,0,0,0,0,10,0,0,0,0
20,cn3345,coarse_volume_mesh,setup,14.90517552,1,5307418254,129896703,2.44745555717,13417715544,22264343076,0.602654904221,31765,0,0,0,0,0,83368,2782701,0,0,0,0
20,cn3345,coarse_mesh_save,io,0,0,0,0,0,0,0,0,0,0,0,0,0,0,0,0,0,0,0,0
20,cn3345,submesh_initialization,setup,0.000139301999752,1,2708230689,66360635,2.45033169698,7239022302,12575543006,0.575642920433,1,0,0,0,0,0,0,0,0,0,0,0
20,cn3345,metis_partition,compute,0.184155513,1,2823135514,72430838,2.56561676338,7500255369,12976215034,0.578000237307,580,0,0,0,0,0,0,0,0,0,0,0
20,cn3345,face_map_setup,compute,0.00777421099974,1,2711307931,66427258,2.45000788145,7246918016,12591736407,0.575529679288,224,0,0,0,0,0,0,0,0,0,0,0
20,cn3345,face_local_extract,compute,0.169984887,1,2769376432,68558251,2.4755844026,7402220727,12945181235,0.571812830784,642,0,0,0,0,0,0,0,0,0,0,0
20,cn3345,face_pre_collective_wait,synchronization,0.0140776649996,1,2725003709,66356584,2.43510068558,7272141548,12606132640,0.576873316795,2,0,0,0,0,0,0,0,0,0,0,0
20,cn3345,face_collective_setup,compute,0.000124801000311,1,2708150858,66357236,2.45027841798,7238876313,12575416446,0.57563710467,16,0,0,0,0,0,0,0,0,0,0,0
20,cn3345,face_allgatherv,communication,0.0763615130004,1,2850038320,66796680,2.34371164525,7515449867,12738027320,0.590001079304,841,0,0,0,0,0,0,0,1,1,75808,4859624
20,cn3345,face_global_merge,compute,0.082650926,1,2726308471,67209901,2.46523464659,7283287980,12754777565,0.571024303864,499,0,0,0,0,0,0,1,0,0,0,0
20,cn3345,part_face_create,compute,0.0203577380003,1,2712707097,66535527,2.45273539018,7249450576,12619602388,0.574459507765,3,0,0,0,0,0,0,0,0,0,0,0
20,cn3345,surface_refine,compute,0.0211497079999,1,2715100101,66626442,2.45392212153,7253137621,12621143553,0.574681493047,52,0,0,0,0,0,0,0,0,0,0,0
20,cn3345,refined_surface_save,io,0,0,0,0,0,0,0,0,0,0,0,0,0,0,0,0,0,0,0,0
20,cn3345,local_volume_mesh,compute,14.411849553,1,7517168717,184782201,2.45813560872,20215882879,34619949154,0.5839373937,18756,0,0,0,0,0,68946,2610565,0,0,0,0
20,cn3345,volume_refine,compute,1.018963093,1,7411171335,189481395,2.55669969611,19709086900,34845328518,0.565616331894,8789,0,0,0,0,0,0,1,0,0,0,0
20,cn3345,refined_volume_save,io,0,0,0,0,0,0,0,0,0,0,0,0,0,0,0,0,0,0,0,0
20,cn3345,adjacency_build,compute,0.00410878799994,1,7052551298,175905520,2.49421113817,19010491899,32807716035,0.579451854519,12,0,0,0,0,0,0,0,0,0,0,0
20,cn3345,vertex_numbering_local,compute,0.01623685,1,7058576094,176020622,2.49371289132,19024881038,32834327502,0.579420456741,5,0,0,0,0,0,0,0,0,0,0,0
20,cn3345,vertex_count_pre_collective_wait,synchronization,2.543035711,1,10102425066,175875779,1.74092634047,25026603792,38390339296,0.651898478913,32,0,0,0,0,0,0,3,0,0,0,0
20,cn3345,vertex_count_allgather,communication,0.00057238699992,1,7052099250,175873416,2.49391577976,19009406912,32799862227,0.579557523152,22,0,0,0,0,0,0,0,1,1,4,256
20,cn3345,element_count_pre_collective_wait,synchronization,6.38810001874e-05,1,7051661857,175871773,2.49404717025,19008546057,32798937859,0.579547610313,0,0,0,0,0,0,0,0,0,0,0,0
20,cn3345,element_count_allgather,communication,0.000205662000099,1,7051868608,175871255,2.49396670268,19008953916,32799247352,0.579554576725,0,0,0,0,0,0,0,0,1,1,4,256
20,cn3345,vertex_exchange_prepare,compute,3.15610000143e-05,1,7051656565,175871164,2.49404040567,19008544996,32798875041,0.579548687942,0,0,0,0,0,0,0,0,0,0,0,0
20,cn3345,vertex_exchange,communication,0.00239510799975,1,7055250363,175884300,2.49295618087,19015730633,32803229586,0.579690807064,60,0,0,0,0,0,0,0,5,5,99990,113542
20,cn3345,vertex_exchange_unpack,compute,0.00173401999973,1,7052295739,175883383,2.49398762487,19010075457,32802610760,0.579529342835,0,0,0,0,0,0,0,0,0,0,0,0
20,cn3345,partition_result_io,io,0,0,0,0,0,0,0,0,0,0,0,0,0,0,0,0,0,0,0,0
20,cn3345,volume_exchange_pack,compute,0.325572907,2,14288897972,355280813,2.48641157419,38544600785,66307039079,0.581304810475,477,0,0,0,0,0,0,2,0,0,0,0
20,cn3345,volume_size_exchange,communication,7.90809999671e-05,1,7051660295,175871252,2.49404033437,19008544101,32798872500,0.579548705554,2,0,0,0,0,0,0,0,6,6,24,24
20,cn3345,volume_payload_prepare,compute,0.000401944999794,1,7051657411,175871210,2.49404075878,19008600000,32799016804,0.579547860035,102,0,0,0,0,0,0,0,0,0,0,0
20,cn3345,volume_payload_exchange,communication,0.00464211399958,1,7052406374,175887134,2.49400168783,19010151918,32802200422,0.579538923409,398,0,0,0,0,0,5,0,6,6,2255400,2263920
20,cn3345,volume_exchange_unpack,compute,0.233959755,1,7206185320,179082856,2.48512698533,19444367056,33252094853,0.584756152716,9803,0,0,0,0,0,0,0,0,0,0,0
20,cn3345,final_mesh_save,io,0,0,0,0,0,0,0,0,0,0,0,0,0,0,0,0,0,0,0,0
20,cn3345,testout_io,io,0,0,0,0,0,0,0,0,0,0,0,0,0,0,0,0,0,0,0,0
20,cn3345,final_count_exchange,communication,0,0,0,0,0,0,0,0,0,0,0,0,0,0,0,0,0,0,0,0
20,cn3345,quality_surface_compute,postprocess,0,0,0,0,0,0,0,0,0,0,0,0,0,0,0,0,0,0,0,0
20,cn3345,quality_reduce_pre_collective_wait,synchronization,0,0,0,0,0,0,0,0,0,0,0,0,0,0,0,0,0,0,0,0
20,cn3345,quality_reduce,communication,0,0,0,0,0,0,0,0,0,0,0,0,0,0,0,0,0,0,0,0
20,cn3345,quality_summary_io,io,0,0,0,0,0,0,0,0,0,0,0,0,0,0,0,0,0,0,0,0
20,cn3345,quality_volume_compute,postprocess,0,0,0,0,0,0,0,0,0,0,0,0,0,0,0,0,0,0,0,0
20,cn3345,quality_rank_io,io,0,0,0,0,0,0,0,0,0,0,0,0,0,0,0,0,0,0,0,0
21,cn3345,geometry_load,io,1.761481494,1,1400383622,25704580,1.83553846219,3316703113,3802744400,0.872186706264,6107,0,1035180,0,0,0,0,2,0,0,0,0
21,cn3345,coarse_local_size,setup,0.564237157,1,267274884,6402712,2.39555318636,632272907,909844919,0.694923820309,8311,0,0,0,0,0,128,79,0,0,0,0
21,cn3345,coarse_edge_mesh,setup,0.0134113559998,1,6309515,166952,2.64603539258,12803629,26241339,0.48791828039,523,0,0,0,0,0,0,0,0,0,0,0
21,cn3345,coarse_surface_mesh,setup,8.707607203,1,5673638565,160370771,2.82659477093,15313298771,18927829258,0.809036184883,17342,0,0,0,0,0,0,9,0,0,0,0
21,cn3345,coarse_volume_mesh,setup,15.045310319,1,5318837630,126752986,2.38309560881,13431391720,22431152772,0.598782945153,28744,0,0,0,0,0,85534,2771506,0,0,0,0
21,cn3345,coarse_mesh_save,io,0,0,0,0,0,0,0,0,0,0,0,0,0,0,0,0,0,0,0,0
21,cn3345,submesh_initialization,setup,0.000139681000292,1,3341824418,71759803,2.14732415663,9060457117,15040178303,0.602416868635,1,0,0,0,0,0,0,0,0,0,0,0
21,cn3345,metis_partition,compute,0.183108981,1,3453804492,77782010,2.25206754407,9321715919,15439972096,0.603739168765,183,0,0,0,0,0,0,0,0,0,0,0
21,cn3345,face_map_setup,compute,0.00761520900005,1,3344863851,71821967,2.14723140311,9068350028,15055996851,0.602308177781,215,0,0,0,0,0,0,0,0,0,0,0
21,cn3345,face_local_extract,compute,0.17283562,1,3402956226,73909282,2.17191397983,9223655385,15416293966,0.598305624253,680,0,0,0,0,0,0,0,0,0,0,0
21,cn3345,face_pre_collective_wait,synchronization,0.0123777250001,1,3355050013,72009486,2.14630141789,9086164111,15067047063,0.603048764168,2,0,0,0,0,0,0,0,0,0,0,0
21,cn3345,face_collective_setup,compute,0.000115902000289,1,3341740923,71756285,2.14727253409,9060311225,15040043415,0.602412571227,16,0,0,0,0,0,0,0,0,0,0,0
21,cn3345,face_allgatherv,communication,0.0763036520002,1,3480987682,72592765,2.08540712096,9331855335,15202087913,0.61385353041,939,0,0,0,0,0,0,0,1,1,75808,4859624
21,cn3345,face_global_merge,compute,0.0837646,1,3359850574,72638415,2.16195373574,9104722700,15222338730,0.598115891486,306,0,0,0,0,0,0,0,0,0,0,0
21,cn3345,part_face_create,compute,0.0199390130001,1,3346251837,71932110,2.14963229021,9070772940,15083323105,0.601377619299,3,0,0,0,0,0,0,0,0,0,0,0
21,cn3345,surface_refine,compute,0.0185865969997,1,3347651158,72003545,2.15086762633,9072323840,15080188310,0.601605474249,58,0,0,0,0,0,0,0,0,0,0,0
21,cn3345,refined_surface_save,io,0,0,0,0,0,0,0,0,0,0,0,0,0,0,0,0,0,0,0,0
21,cn3345,local_volume_mesh,compute,12.888482463,1,7526179039,165645687,2.2009267404,20356880496,34115901885,0.596697709022,7310,0,0,0,0,0,66996,2476269,0,0,0,0
21,cn3345,volume_refine,compute,1.034760197,1,6519048029,160507944,2.46213777358,17446439211,31088345944,0.561189046288,7886,0,0,0,0,0,0,19,0,0,0,0
21,cn3345,refined_volume_save,io,0,0,0,0,0,0,0,0,0,0,0,0,0,0,0,0,0,0,0,0
21,cn3345,adjacency_build,compute,0.00402632699979,1,6213318220,147829795,2.37924068534,16857657415,29023387157,0.580830118959,7,0,0,0,0,0,0,0,0,0,0,0
21,cn3345,vertex_numbering_local,compute,0.0164178519999,1,6219042805,147940311,2.37882766912,16871263165,29049927531,0.580767822811,92,0,0,0,0,0,0,0,0,0,0,0
21,cn3345,vertex_count_pre_collective_wait,synchronization,4.052671681,1,10774130045,223755094,2.07678107713,25879520015,37922396331,0.68243366767,31,0,0,0,0,0,0,3,0,0,0,0
21,cn3345,vertex_count_allgather,communication,0.000585205999869,1,6212763308,147797485,2.37893313608,16856328274,29015479127,0.580942613431,55,0,0,0,0,0,0,0,1,1,4,256
21,cn3345,element_count_pre_collective_wait,synchronization,0.00113063299978,1,6213623316,147820121,2.37896817175,16858038243,29017073012,0.580969632465,0,0,0,0,0,0,0,0,0,0,0,0
21,cn3345,element_count_allgather,communication,0.00037032399996,1,6212834302,147794177,2.37885270741,16856472514,29015399462,0.580949179627,0,0,0,0,0,0,0,0,1,1,4,256
21,cn3345,vertex_exchange_prepare,compute,0.000197862000277,1,6212436409,147790925,2.37895272112,16855695674,29014698201,0.580936446667,33,0,0,0,0,0,0,0,0,0,0,0
21,cn3345,vertex_exchange,communication,0.00349794099975,1,6216960117,147821471,2.37771303367,16864692152,29020997002,0.581120357472,71,0,0,0,0,0,0,0,2,5,75988,144716
21,cn3345,vertex_exchange_unpack,compute,0.00223078599993,1,6213250189,147805859,2.37888149525,16857642084,29019494168,0.580907509497,0,0,0,0,0,0,0,0,0,0,0,0
21,cn3345,partition_result_io,io,0,0,0,0,0,0,0,0,0,0,0,0,0,0,0,0,0,0,0,0
21,cn3345,volume_exchange_pack,compute,0.272693968,2,12582957307,297820768,2.36685828882,34158045095,58619489004,0.582707998234,823,0,0,0,0,0,0,1,0,0,0,0
21,cn3345,volume_size_exchange,communication,0.0532693429996,1,6272764780,148609816,2.36912782819,16975049285,29131604739,0.582702169588,2,0,0,0,0,0,0,0,5,5,20,20
21,cn3345,volume_payload_prepare,compute,0.00046688600014,1,6212437188,147790907,2.37895213308,16855729992,29014751942,0.580936553436,136,0,0,0,0,0,0,0,0,0,0,0
21,cn3345,volume_payload_exchange,communication,0.00448927299976,1,6212847519,147810370,2.37910828405,16856598519,29017434184,0.580912785469,500,0,0,0,0,0,4,0,5,5,2351520,2361240
21,cn3345,volume_exchange_unpack,compute,0.207245303,1,6346520930,152154855,2.39745297744,17230493287,29416077425,0.585750881671,8333,0,0,0,0,0,0,0,0,0,0,0
21,cn3345,final_mesh_save,io,0,0,0,0,0,0,0,0,0,0,0,0,0,0,0,0,0,0,0,0
21,cn3345,testout_io,io,0,0,0,0,0,0,0,0,0,0,0,0,0,0,0,0,0,0,0,0
21,cn3345,final_count_exchange,communication,0,0,0,0,0,0,0,0,0,0,0,0,0,0,0,0,0,0,0,0
21,cn3345,quality_surface_compute,postprocess,0,0,0,0,0,0,0,0,0,0,0,0,0,0,0,0,0,0,0,0
21,cn3345,quality_reduce_pre_collective_wait,synchronization,0,0,0,0,0,0,0,0,0,0,0,0,0,0,0,0,0,0,0,0
21,cn3345,quality_reduce,communication,0,0,0,0,0,0,0,0,0,0,0,0,0,0,0,0,0,0,0,0
21,cn3345,quality_summary_io,io,0,0,0,0,0,0,0,0,0,0,0,0,0,0,0,0,0,0,0,0
21,cn3345,quality_volume_compute,postprocess,0,0,0,0,0,0,0,0,0,0,0,0,0,0,0,0,0,0,0,0
21,cn3345,quality_rank_io,io,0,0,0,0,0,0,0,0,0,0,0,0,0,0,0,0,0,0,0,0
22,cn3345,geometry_load,io,1.761852358,1,1401215667,24503151,1.74870661077,3315749804,3805074498,0.871402072612,6107,0,1035180,0,0,0,0,4,0,0,0,0
22,cn3345,coarse_local_size,setup,0.565260689,1,266918600,6463444,2.4215037843,632564738,912705819,0.693065306292,8278,0,0,0,0,0,133,77,0,0,0,0
22,cn3345,coarse_edge_mesh,setup,0.0140711039999,1,6300962,166009,2.63466118348,12808579,27764359,0.461331702273,516,0,0,0,0,0,0,0,0,0,0,0
22,cn3345,coarse_surface_mesh,setup,8.901430569,1,5678671276,179683337,3.16417922903,15313996670,19383876728,0.790037869353,14897,0,0,0,0,0,0,22,0,0,0,0
22,cn3345,coarse_volume_mesh,setup,15.116241468,1,5312480817,126730000,2.38551449625,13420528789,22877386474,0.586628582083,29921,0,0,0,0,0,87498,2720861,0,0,0,0
22,cn3345,coarse_mesh_save,io,0,0,0,0,0,0,0,0,0,0,0,0,0,0,0,0,0,0,0,0
22,cn3345,submesh_initialization,setup,0.000314364000133,1,4641027845,118014030,2.54284253276,11593398097,20295297736,0.571235674776,1,0,0,0,0,0,1,0,0,0,0,0
22,cn3345,metis_partition,compute,0.183305523,1,4753839573,124072140,2.60993536056,11854673095,20694357522,0.572845669763,461,0,0,0,0,0,0,1,0,0,0,0
22,cn3345,face_map_setup,compute,0.00804041399988,1,4644098581,118080411,2.54259053594,11601291159,20312066698,0.571152671537,212,0,0,0,0,0,0,0,0,0,0,0
22,cn3345,face_local_extract,compute,0.177655297,1,4702280650,120226077,2.55676098363,11756597034,20681497314,0.568459664961,731,0,0,0,0,0,0,0,0,0,0,0
22,cn3345,face_pre_collective_wait,synchronization,0.00686337999969,1,4649224388,118055629,2.53925427443,11609602083,20310072112,0.571617964672,2,0,0,0,0,0,0,0,0,0,0,0
22,cn3345,face_collective_setup,compute,0.000106240999685,1,4640947496,118010444,2.54280928844,11593252033,20295149239,0.571232657443,16,0,0,0,0,0,0,0,0,0,0,0
22,cn3345,face_allgatherv,communication,0.0762274909998,1,4781216001,118816367,2.48506586975,11866683783,20455819603,0.58011284873,1349,0,0,0,0,0,1,0,1,1,75808,4859624
22,cn3345,face_global_merge,compute,0.087758226,1,4659142093,118860989,2.55113466444,11637663442,20485462306,0.568093766602,551,0,0,0,0,0,0,0,0,0,0,0
22,cn3345,part_face_create,compute,0.0216255119999,1,4645489740,118189260,2.54417223188,11603765211,20342185375,0.570428643584,3,0,0,0,0,0,0,0,0,0,0,0
22,cn3345,surface_refine,compute,0.020956545,1,4647330331,118267030,2.54483803768,11606236868,20340506614,0.570597236748,53,0,0,0,0,0,0,0,0,0,0,0
22,cn3345,refined_surface_save,io,0,0,0,0,0,0,0,0,0,0,0,0,0,0,0,0,0,0,0,0
22,cn3345,local_volume_mesh,compute,12.373193398,1,8584266781,202624463,2.36041665723,22080670873,38203548583,0.577974342489,14325,0,0,0,0,0,64070,2576985,0,0,0,0
22,cn3345,volume_refine,compute,1.178731841,1,8509282485,207898841,2.44320060318,21598835702,38864727763,0.555743908299,8240,0,0,0,0,0,0,2,0,0,0,0
22,cn3345,refined_volume_save,io,0,0,0,0,0,0,0,0,0,0,0,0,0,0,0,0,0,0,0,0
22,cn3345,adjacency_build,compute,0.00478001600004,1,8176056171,194616415,2.38032140349,20958286880,36498073744,0.574229945038,10,0,0,0,0,0,0,0,0,0,0,0
22,cn3345,vertex_numbering_local,compute,0.0200645139998,1,8181932224,194744084,2.38017229511,20972544695,36528810794,0.57413707808,495,0,0,0,0,0,0,0,0,0,0,0
22,cn3345,vertex_count_pre_collective_wait,synchronization,4.411513117,1,13489406540,224025081,1.66074823481,31451615158,46184513645,0.680999163481,30,0,0,0,0,0,0,7,0,0,0,0
22,cn3345,vertex_count_allgather,communication,0.000531787,1,8175431712,194583661,2.38010257873,20956854114,36488404663,0.574342844187,22,0,0,0,0,0,0,0,1,1,4,256
22,cn3345,element_count_pre_collective_wait,synchronization,0.00119079400019,1,8176529672,194591720,2.37988153662,20959021876,36490305435,0.574372333313,0,0,0,0,0,0,0,0,0,0,0,0
22,cn3345,element_count_allgather,communication,0.000205962000109,1,8175194187,194580102,2.38012819695,20956387392,36487852026,0.574338751897,38,0,0,0,0,0,0,0,1,1,4,256
22,cn3345,vertex_exchange_prepare,compute,0.000181821999831,1,8175170161,194579482,2.38012760796,20956349834,36487767428,0.574339054187,34,0,0,0,0,0,0,0,0,0,0,0
22,cn3345,vertex_exchange,communication,0.00341190000017,1,8179511375,194602078,2.3791406244,20965108170,36494577152,0.574471875169,39,0,0,0,0,0,0,0,4,4,87032,137104
22,cn3345,vertex_exchange_unpack,compute,0.00224102699985,1,8175946905,194593890,2.38007771162,20958213589,36492616078,0.57431381582,0,0,0,0,0,0,0,0,0,0,0,0
22,cn3345,partition_result_io,io,0,0,0,0,0,0,0,0,0,0,0,0,0,0,0,0,0,0,0,0
22,cn3345,volume_exchange_pack,compute,0.289315781999,2,16517527655,391819814,2.37214565148,42385783457,73600041923,0.575893468938,789,0,0,0,0,0,0,3,0,0,0,0
22,cn3345,volume_size_exchange,communication,0.0363739449999,1,8218234002,194937187,2.37200823136,21041305451,36567459775,0.575410640511,2,0,0,0,0,0,0,0,5,5,20,20
22,cn3345,volume_payload_prepare,compute,0.000429144999998,1,8175170882,194579511,2.38012775278,20956387039,36487892774,0.574338100827,102,0,0,0,0,0,0,0,0,0,0,0
22,cn3345,volume_payload_exchange,communication,0.0293058020002,1,8205395429,194845350,2.37460036736,21016141359,36545613486,0.575066043618,502,0,0,0,0,0,2,0,5,5,2387280,2391120
22,cn3345,volume_exchange_unpack,compute,0.229455063,1,8318460298,197654793,2.37609829126,21355927230,36923666452,0.578380461154,11413,0,0,0,0,0,0,0,0,0,0,0
22,cn3345,final_mesh_save,io,0,0,0,0,0,0,0,0,0,0,0,0,0,0,0,0,0,0,0,0
22,cn3345,testout_io,io,0,0,0,0,0,0,0,0,0,0,0,0,0,0,0,0,0,0,0,0
22,cn3345,final_count_exchange,communication,0,0,0,0,0,0,0,0,0,0,0,0,0,0,0,0,0,0,0,0
22,cn3345,quality_surface_compute,postprocess,0,0,0,0,0,0,0,0,0,0,0,0,0,0,0,0,0,0,0,0
22,cn3345,quality_reduce_pre_collective_wait,synchronization,0,0,0,0,0,0,0,0,0,0,0,0,0,0,0,0,0,0,0,0
22,cn3345,quality_reduce,communication,0,0,0,0,0,0,0,0,0,0,0,0,0,0,0,0,0,0,0,0
22,cn3345,quality_summary_io,io,0,0,0,0,0,0,0,0,0,0,0,0,0,0,0,0,0,0,0,0
22,cn3345,quality_volume_compute,postprocess,0,0,0,0,0,0,0,0,0,0,0,0,0,0,0,0,0,0,0,0
22,cn3345,quality_rank_io,io,0,0,0,0,0,0,0,0,0,0,0,0,0,0,0,0,0,0,0,0
23,cn3345,geometry_load,io,1.798212283,1,1413956131,23968147,1.69511249144,3317774593,3884838412,0.854031555792,6110,0,1035180,0,0,0,0,2,0,0,0,0
23,cn3345,coarse_local_size,setup,0.552109395,1,269352438,6307697,2.34180059658,632237655,928487398,0.680932941429,8399,0,0,0,0,0,109,65,0,0,0,0
23,cn3345,coarse_edge_mesh,setup,0.0143886280002,1,6303449,206731,3.27964896678,12806263,28216016,0.453865031832,519,0,0,0,0,0,0,0,0,0,0,0
23,cn3345,coarse_surface_mesh,setup,8.929509678,1,5680838495,164987147,2.90427455639,15314755256,19438227185,0.787867901236,15341,0,0,0,0,0,0,10,0,0,0,0
23,cn3345,coarse_volume_mesh,setup,15.678442141,1,5378530563,127827359,2.37662234141,13555033327,23502407874,0.576750833347,27552,0,0,0,0,0,89405,2837729,0,0,0,0
23,cn3345,coarse_mesh_save,io,0,0,0,0,0,0,0,0,0,0,0,0,0,0,0,0,0,0,0,0
23,cn3345,submesh_initialization,setup,0.000146242000028,1,3810786374,73293944,1.92332859433,10296552846,16999460913,0.605698786491,3,0,0,0,0,0,0,0,0,0,0,0
23,cn3345,metis_partition,compute,0.183574307,1,3923380958,79361236,2.0227767033,10557851824,17400020998,0.606772361092,299,0,0,0,0,0,0,0,0,0,0,0
23,cn3345,face_map_setup,compute,0.00805165400016,1,3813824152,73368550,1.92375282855,10304438607,17016251860,0.605564532764,217,0,0,0,0,0,0,0,0,0,0,0
23,cn3345,face_local_extract,compute,0.180959796,1,3872169670,75431879,1.94805200775,10459753587,17393274913,0.601367691784,712,0,0,0,0,0,0,0,0,0,0,0
23,cn3345,face_pre_collective_wait,synchronization,0.0034684809998,1,3814799612,73322671,1.92205825882,10304483462,17006767961,0.60590486597,0,0,0,0,0,0,0,0,0,0,0,0
23,cn3345,face_collective_setup,compute,0.000104361000012,1,3810706746,73290346,1.92327436576,10296407026,16999298784,0.605695985277,16,0,0,0,0,0,0,0,0,0,0,0
23,cn3345,face_allgatherv,communication,0.076051949,1,3951668870,73977870,1.87206652262,10570994192,17161199700,0.615982237652,939,0,0,0,0,0,0,0,1,1,75808,4859624
23,cn3345,face_global_merge,compute,0.086611573,1,3828851573,74201973,1.93796942987,10340818463,17188368138,0.601617232071,119,0,0,0,0,0,0,0,0,0,0,0
23,cn3345,part_face_create,compute,0.0214131500002,1,3815195222,73481246,1.92601536027,10306820140,17045861004,0.604652363268,3,0,0,0,0,0,0,0,0,0,0,0
23,cn3345,surface_refine,compute,0.016743696,1,3815698560,73484466,1.92584568316,10306766453,17035544489,0.605015381789,50,0,0,0,0,0,0,0,0,0,0,0
23,cn3345,refined_surface_save,io,0,0,0,0,0,0,0,0,0,0,0,0,0,0,0,0,0,0,0,0
23,cn3345,local_volume_mesh,compute,12.586542233,1,7846600124,167270412,2.13175654878,21203179408,35728217648,0.593457519121,4578,0,0,0,0,0,62288,2449328,0,0,0,0
23,cn3345,volume_refine,compute,1.01874629,1,7607382911,166522760,2.18896251113,20285870532,35563668631,0.570409952429,7148,0,0,0,0,0,0,2,0,0,0,0
23,cn3345,refined_volume_save,io,0,0,0,0,0,0,0,0,0,0,0,0,0,0,0,0,0,0,0,0
23,cn3345,adjacency_build,compute,0.00442159199974,1,7321301507,155846866,2.12867706447,19745420614,33525133946,0.588973653194,16,0,0,0,0,0,0,0,0,0,0,0
23,cn3345,vertex_numbering_local,compute,0.0148362329996,1,7326110258,155947914,2.12865911798,19756972277,33547927637,0.58891781605,6,0,0,0,0,0,0,0,0,0,0,0
23,cn3345,vertex_count_pre_collective_wait,synchronization,4.369361463,1,12550259489,199317210,1.58815210295,30096270857,43120370428,0.697959469232,31,0,0,0,0,0,0,3,0,0,0,0
23,cn3345,vertex_count_allgather,communication,0.000450544999694,1,7320572880,155815994,2.12846721908,19743784668,33515995469,0.589085431947,21,0,0,0,0,0,0,0,1,1,4,256
23,cn3345,element_count_pre_collective_wait,synchronization,0.0013937560002,1,7322001623,155826404,2.12819406527,19746616222,33518562569,0.589124792609,0,0,0,0,0,0,0,0,0,0,0,0
23,cn3345,element_count_allgather,communication,0.000146120999943,1,7320557416,155814081,2.12844558338,19743757834,33515783074,0.58908836444,2,0,0,0,0,0,0,0,1,1,4,256
23,cn3345,vertex_exchange_prepare,compute,7.09010000719e-05,1,7320444337,155813121,2.12846534755,19743547830,33515667299,0.589084133515,0,0,0,0,0,0,0,0,0,0,0,0
23,cn3345,vertex_exchange,communication,0.00371826400033,1,7324938194,155862680,2.127836111,19752576249,33523160741,0.589221774212,24,0,0,0,0,0,0,0,0,6,0,189222
23,cn3345,vertex_exchange_unpack,compute,0.00299823499972,1,7321495886,155832284,2.12842138309,19746068916,33522087057,0.589046525726,0,0,0,0,0,0,0,0,0,0,0,0
23,cn3345,partition_result_io,io,0,0,0,0,0,0,0,0,0,0,0,0,0,0,0,0,0,0,0,0
23,cn3345,volume_exchange_pack,compute,0.25152946,2,14788397657,313720832,2.12139840486,39905982368,67579381505,0.590505291396,349,0,0,0,0,0,0,0,0,0,0,0
23,cn3345,volume_size_exchange,communication,0.073723862,1,7408468497,156546292,2.11307225054,19917812708,33677355711,0.591430422238,5,0,0,0,0,0,0,1,5,5,20,20
23,cn3345,volume_payload_prepare,compute,0.000307784000142,1,7320444598,155812887,2.12846207514,19743569210,33515639758,0.589085255497,68,0,0,0,0,0,0,0,0,0,0,0
23,cn3345,volume_payload_exchange,communication,0.0292903220002,1,7351085561,156082292,2.1232550037,19804237113,33573883474,0.589870311796,453,0,0,0,0,0,1,0,5,5,2022840,2016960
23,cn3345,volume_exchange_unpack,compute,0.19152388,1,7443483895,159775279,2.14651205341,20087904417,33887148160,0.592788284283,7789,0,0,0,0,0,0,0,0,0,0,0
23,cn3345,final_mesh_save,io,0,0,0,0,0,0,0,0,0,0,0,0,0,0,0,0,0,0,0,0
23,cn3345,testout_io,io,0,0,0,0,0,0,0,0,0,0,0,0,0,0,0,0,0,0,0,0
23,cn3345,final_count_exchange,communication,0,0,0,0,0,0,0,0,0,0,0,0,0,0,0,0,0,0,0,0
23,cn3345,quality_surface_compute,postprocess,0,0,0,0,0,0,0,0,0,0,0,0,0,0,0,0,0,0,0,0
23,cn3345,quality_reduce_pre_collective_wait,synchronization,0,0,0,0,0,0,0,0,0,0,0,0,0,0,0,0,0,0,0,0
23,cn3345,quality_reduce,communication,0,0,0,0,0,0,0,0,0,0,0,0,0,0,0,0,0,0,0,0
23,cn3345,quality_summary_io,io,0,0,0,0,0,0,0,0,0,0,0,0,0,0,0,0,0,0,0,0
23,cn3345,quality_volume_compute,postprocess,0,0,0,0,0,0,0,0,0,0,0,0,0,0,0,0,0,0,0,0
23,cn3345,quality_rank_io,io,0,0,0,0,0,0,0,0,0,0,0,0,0,0,0,0,0,0,0,0
24,cn3345,geometry_load,io,1.742662593,1,1398910661,24774134,1.77095898192,3315849452,3762587752,0.88126833726,6105,0,1035180,0,0,0,0,2,0,0,0,0
24,cn3345,coarse_local_size,setup,0.549281361,1,266549303,6320234,2.3711313175,631510119,898562050,0.702800790441,8371,0,0,0,0,0,123,57,0,0,0,0
24,cn3345,coarse_edge_mesh,setup,0.0133558760003,1,6279038,170468,2.71487447599,12800489,26324814,0.486251830687,506,0,0,0,0,0,0,0,0,0,0,0
24,cn3345,coarse_surface_mesh,setup,8.702531404,1,5674977963,164551279,2.89959326843,15315695217,18939277488,0.808673679696,17355,0,0,0,0,0,0,8,0,0,0,0
24,cn3345,coarse_volume_mesh,setup,15.124439783,1,5345735171,127201646,2.37949771044,13496301647,22615201089,0.596780085832,28416,0,0,0,0,0,84328,2803293,0,0,0,0
24,cn3345,coarse_mesh_save,io,0,0,0,0,0,0,0,0,0,0,0,0,0,0,0,0,0,0,0,0
24,cn3345,submesh_initialization,setup,0.000280182999632,1,4077786721,82498617,2.02312241038,11030733297,18145735362,0.607896735896,1,0,0,0,0,0,0,0,0,0,0,0
24,cn3345,metis_partition,compute,0.177474255,1,4190138215,88504441,2.11220815302,11292003072,18532870893,0.609295944336,289,0,0,0,0,0,0,0,0,0,0,0
24,cn3345,face_map_setup,compute,0.00834605799992,1,4080828673,82571736,2.02340609265,11038632579,18163254260,0.607745309347,217,0,0,0,0,0,0,0,0,0,0,0
24,cn3345,face_local_extract,compute,0.171991251,1,4138896706,84654503,2.04533983362,11193931858,18519197191,0.604450168252,620,0,0,0,0,0,0,0,0,0,0,0
24,cn3345,face_pre_collective_wait,synchronization,0.01798125,1,4099482977,82675501,2.01672995019,11073635644,18184930970,0.608945706875,0,0,0,0,0,0,0,0,0,0,0,0
24,cn3345,face_collective_setup,compute,0.000128540999867,1,4077707193,82495045,2.02307426933,11030587306,18145621815,0.607892494314,16,0,0,0,0,0,0,0,0,0,0,0
24,cn3345,face_allgatherv,communication,0.0760343289999,1,4218427614,83153497,1.97119648857,11304641283,18306825055,0.617509658231,978,0,0,0,0,0,0,0,1,1,75808,4859624
24,cn3345,face_global_merge,compute,0.0822104809999,1,4095919013,83362011,2.035245588,11074998461,18324750639,0.604373760887,255,0,0,0,0,0,0,0,0,0,0,0
24,cn3345,part_face_create,compute,0.0203014970002,1,4082200152,82672809,2.02520224197,11041041467,18189662778,0.60699539083,3,0,0,0,0,0,0,0,0,0,0,0
24,cn3345,surface_refine,compute,0.0172830219999,1,4083383125,82742512,2.02632252392,11042076784,18182857912,0.607279495745,55,0,0,0,0,0,0,0,0,0,0,0
24,cn3345,refined_surface_save,io,0,0,0,0,0,0,0,0,0,0,0,0,0,0,0,0,0,0,0,0
24,cn3345,local_volume_mesh,compute,13.120644777,1,8157834155,178184579,2.18421428549,21939689856,36845313530,0.595454014474,6963,0,0,0,0,0,71181,2735793,0,0,0,0
24,cn3345,volume_refine,compute,0.901369578,1,7820765961,181443904,2.32002728256,20794439452,36248171226,0.573668649995,8190,0,0,0,0,0,0,1,0,0,0,0
24,cn3345,refined_volume_save,io,0,0,0,0,0,0,0,0,0,0,0,0,0,0,0,0,0,0,0,0
24,cn3345,adjacency_build,compute,0.00412204799977,1,7536799504,169576945,2.24998615009,20260732024,34463140631,0.587895695315,4,0,0,0,0,0,0,0,0,0,0,0
24,cn3345,vertex_numbering_local,compute,0.0185830970004,1,7544898329,169730862,2.24961099009,20280267801,34494299800,0.587930989137,93,0,0,0,0,0,0,1,0,0,0,0
24,cn3345,vertex_count_pre_collective_wait,synchronization,3.954594894,1,12350321333,209472297,1.69608782923,29786539042,43149329700,0.690312902868,28,0,0,0,0,0,0,2,0,0,0,0
24,cn3345,vertex_count_allgather,communication,0.000576686999921,1,7536167446,169544569,2.24974524803,20259304738,34454900949,0.587994862269,19,0,0,0,0,0,1,0,1,1,4,256
24,cn3345,element_count_pre_collective_wait,synchronization,0.00127341500001,1,7537380436,169553276,2.2494987143,20261709194,34456967595,0.588029377168,0,0,0,0,0,0,0,0,0,0,0,0
24,cn3345,element_count_allgather,communication,0.000215362999825,1,7535943999,169541102,2.24976594867,20258865260,34454383805,0.587990932436,38,0,0,0,0,0,0,0,1,1,4,256
24,cn3345,vertex_exchange_prepare,compute,2.79000000774e-05,1,7535889896,169540224,2.24977044967,20258760529,34454237792,0.587990384559,0,0,0,0,0,0,0,0,0,0,0,0
24,cn3345,vertex_exchange,communication,0.00624945299978,1,7543365187,169584549,2.24812858447,20273725859,34465920697,0.58822528019,162,0,0,0,0,0,0,0,6,4,326392,2750
24,cn3345,vertex_exchange_unpack,compute,8.4840999989e-05,1,7535905992,169540685,2.24977176175,20258797204,34454347669,0.587989573874,0,0,0,0,0,0,0,0,0,0,0,0
24,cn3345,partition_result_io,io,0,0,0,0,0,0,0,0,0,0,0,0,0,0,0,0,0,0,0,0
24,cn3345,volume_exchange_pack,compute,0.280226496,2,15224047595,341670670,2.24428272355,40942933112,69511756165,0.58900731863,1410,0,0,0,0,0,0,2,0,0,0,0
24,cn3345,volume_size_exchange,communication,0.0316401099999,1,7573880021,169856558,2.24266238083,20334009000,34523537908,0.588989722148,6,0,0,0,0,0,0,0,6,6,24,24
24,cn3345,volume_payload_prepare,compute,0.000397244999931,1,7535890911,169540336,2.24977163287,20258835728,34454407862,0.587989664752,102,0,0,0,0,0,0,0,0,0,0,0
24,cn3345,volume_payload_exchange,communication,0.00351278100015,1,7535997747,169554862,2.24993249325,20259072389,34455873185,0.587971527531,588,0,0,0,0,0,1,0,6,6,3499440,3505920
24,cn3345,volume_exchange_unpack,compute,0.220200315,1,7668021837,172834968,2.25397073292,20622925765,34894346894,0.591010510317,6504,0,0,0,0,0,0,0,0,0,0,0
24,cn3345,final_mesh_save,io,0,0,0,0,0,0,0,0,0,0,0,0,0,0,0,0,0,0,0,0
24,cn3345,testout_io,io,0,0,0,0,0,0,0,0,0,0,0,0,0,0,0,0,0,0,0,0
24,cn3345,final_count_exchange,communication,0,0,0,0,0,0,0,0,0,0,0,0,0,0,0,0,0,0,0,0
24,cn3345,quality_surface_compute,postprocess,0,0,0,0,0,0,0,0,0,0,0,0,0,0,0,0,0,0,0,0
24,cn3345,quality_reduce_pre_collective_wait,synchronization,0,0,0,0,0,0,0,0,0,0,0,0,0,0,0,0,0,0,0,0
24,cn3345,quality_reduce,communication,0,0,0,0,0,0,0,0,0,0,0,0,0,0,0,0,0,0,0,0
24,cn3345,quality_summary_io,io,0,0,0,0,0,0,0,0,0,0,0,0,0,0,0,0,0,0,0,0
24,cn3345,quality_volume_compute,postprocess,0,0,0,0,0,0,0,0,0,0,0,0,0,0,0,0,0,0,0,0
24,cn3345,quality_rank_io,io,0,0,0,0,0,0,0,0,0,0,0,0,0,0,0,0,0,0,0,0
25,cn3345,geometry_load,io,1.765067436,1,1400736456,23218915,1.65762195312,3317713434,3812580759,0.870201483908,6108,0,1035180,0,0,0,0,2,0,0,0,0
25,cn3345,coarse_local_size,setup,0.555583455,1,266520717,6065410,2.27577430688,632498069,897259468,0.704922145218,8335,0,0,0,0,0,104,66,0,0,0,0
25,cn3345,coarse_edge_mesh,setup,0.0132957149999,1,6304837,174281,2.76424275521,12809243,26025154,0.492187020296,519,0,0,0,0,0,0,0,0,0,0,0
25,cn3345,coarse_surface_mesh,setup,8.671167697,1,5673595647,162583898,2.86562363826,15312869343,18875687294,0.811248306061,15246,0,0,0,0,0,0,8,0,0,0,0
25,cn3345,coarse_volume_mesh,setup,14.851472392,1,5301767466,128868180,2.43066450625,13395243288,22194324297,0.603543640651,30650,0,0,0,0,0,86814,2741392,0,0,0,0
25,cn3345,coarse_mesh_save,io,0,0,0,0,0,0,0,0,0,0,0,0,0,0,0,0,0,0,0,0
25,cn3345,submesh_initialization,setup,0.000279143999705,1,3252914514,66437806,2.04240860662,8839866746,13960564814,0.633202657899,3,0,0,0,0,0,0,0,0,0,0,0
25,cn3345,metis_partition,compute,0.181995508,1,3367573164,72492591,2.15266565772,9101189985,14356469440,0.633943465212,683,0,0,0,0,0,0,0,0,0,0,0
25,cn3345,face_map_setup,compute,0.0078015109998,1,3255947743,66500534,2.04243247279,8847754064,13976852767,0.633029066808,211,0,0,0,0,0,0,0,0,0,0,0
25,cn3345,face_local_extract,compute,0.16764294,1,3314013602,68587120,2.06960888629,9003065335,14325358508,0.628470507734,648,0,0,0,0,0,0,0,0,0,0,0
25,cn3345,face_pre_collective_wait,synchronization,0.0183752550001,1,3275689950,66433496,2.02807643623,8884797026,14000652374,0.634598787875,0,0,0,0,0,0,0,0,0,0,0,0
25,cn3345,face_collective_setup,compute,0.000142381999922,1,3252834455,66434232,2.04234900113,8839720941,13960455067,0.633197191537,16,0,0,0,0,0,0,0,0,0,0,0
25,cn3345,face_allgatherv,communication,0.0760604090001,1,3394584777,66866541,1.96980029643,9116132128,14120905985,0.645577000349,1352,0,0,0,0,0,1,0,1,1,75808,4859624
25,cn3345,face_global_merge,compute,0.0849736939999,1,3270994553,67291201,2.0572092038,8884132506,14142154937,0.628202176088,559,0,0,0,0,0,0,1,0,0,0,0
25,cn3345,part_face_create,compute,0.0201369749998,1,3257308500,66611979,2.04500061938,8850147663,14004185992,0.631964447491,3,0,0,0,0,0,0,0,0,0,0,0
25,cn3345,surface_refine,compute,0.0173970629999,1,3258247446,66689959,2.04680461215,8850662225,13997957249,0.632282415753,51,0,0,0,0,0,0,0,0,0,0,0
25,cn3345,refined_surface_save,io,0,0,0,0,0,0,0,0,0,0,0,0,0,0,0,0,0,0,0,0
25,cn3345,local_volume_mesh,compute,12.793789076,1,7433013485,162482640,2.18595917158,20144195450,32901938720,0.612249497558,13335,0,0,0,0,0,59177,2604966,0,0,0,0
25,cn3345,volume_refine,compute,0.935944622,1,7726523364,174081691,2.25304037533,20709934540,34779019877,0.59547205796,7041,0,0,0,0,0,0,1,0,0,0,0
25,cn3345,refined_volume_save,io,0,0,0,0,0,0,0,0,0,0,0,0,0,0,0,0,0,0,0,0
25,cn3345,adjacency_build,compute,0.00406778800016,1,7433821677,162515352,2.18616156079,20145953044,32910726585,0.612139418799,6,0,0,0,0,0,0,0,0,0,0,0
25,cn3345,vertex_numbering_local,compute,0.0126999690001,1,7437629692,162594796,2.18611039717,20154986354,32929708111,0.612060886968,7,0,0,0,0,0,0,0,0,0,0,0
25,cn3345,vertex_count_pre_collective_wait,synchronization,4.250136069,1,12850682437,162487806,1.26442939351,30848333659,42239288390,0.730323233057,72,0,0,0,0,0,0,4,0,0,0,0
25,cn3345,vertex_count_allgather,communication,0.000488745999974,1,7433240430,162485146,2.18592614527,20144641641,32902585081,0.612251031079,49,0,0,0,0,0,0,0,1,1,4,256
25,cn3345,element_count_pre_collective_wait,synchronization,0.00119499399989,1,7434410708,162483441,2.18555911668,20146958935,32904506114,0.612285711422,5,0,0,0,0,0,0,0,0,0,0,0
25,cn3345,element_count_allgather,communication,0.000263702999746,1,7433292684,162482927,2.18588092663,20144744458,32902461673,0.612256452365,1,0,0,0,0,0,0,0,1,1,4,256
25,cn3345,vertex_exchange_prepare,compute,5.13010004397e-05,1,7433014507,162482712,2.18595983967,20144201149,32901974137,0.61224901172,8,0,0,0,0,0,0,0,0,0,0,0
25,cn3345,vertex_exchange,communication,0.00528124199991,1,7439344158,162493341,2.18424282502,20156719090,32912734458,0.612429183474,77,0,0,0,0,0,0,0,4,2,89672,46178
25,cn3345,vertex_exchange_unpack,compute,0.00127725499988,1,7433277306,162488064,2.18595455693,20144817943,32903688556,0.612235856436,542,0,0,0,0,0,0,0,0,0,0,0
25,cn3345,partition_result_io,io,0,0,0,0,0,0,0,0,0,0,0,0,0,0,0,0,0,0,0,0
25,cn3345,volume_exchange_pack,compute,0.220854323,2,15006364357,326920378,2.17854485086,40685748419,66278075674,0.613864358693,2258,0,0,0,0,0,0,0,0,0,0,0
25,cn3345,volume_size_exchange,communication,0.0806603430001,1,7534410993,162483059,2.15654626687,20344475559,33079031987,0.615026327463,3,0,0,0,0,0,0,1,4,4,16,16
25,cn3345,volume_payload_prepare,compute,0.00019168200015,1,7433014871,162482758,2.18596035148,20144258754,32902091120,0.612248585676,35,0,0,0,0,0,0,0,0,0,0,0
25,cn3345,volume_payload_exchange,communication,0.012364745,1,7446395101,162497118,2.18222530226,20170731713,32926836638,0.612592455654,136,0,0,0,0,0,0,0,4,4,1424400,1420080
25,cn3345,volume_exchange_unpack,compute,0.18566549,1,7555871328,165127534,2.18542014325,20492727843,33261383621,0.616111707093,7994,0,0,0,0,0,0,0,0,0,0,0
25,cn3345,final_mesh_save,io,0,0,0,0,0,0,0,0,0,0,0,0,0,0,0,0,0,0,0,0
25,cn3345,testout_io,io,0,0,0,0,0,0,0,0,0,0,0,0,0,0,0,0,0,0,0,0
25,cn3345,final_count_exchange,communication,0,0,0,0,0,0,0,0,0,0,0,0,0,0,0,0,0,0,0,0
25,cn3345,quality_surface_compute,postprocess,0,0,0,0,0,0,0,0,0,0,0,0,0,0,0,0,0,0,0,0
25,cn3345,quality_reduce_pre_collective_wait,synchronization,0,0,0,0,0,0,0,0,0,0,0,0,0,0,0,0,0,0,0,0
25,cn3345,quality_reduce,communication,0,0,0,0,0,0,0,0,0,0,0,0,0,0,0,0,0,0,0,0
25,cn3345,quality_summary_io,io,0,0,0,0,0,0,0,0,0,0,0,0,0,0,0,0,0,0,0,0
25,cn3345,quality_volume_compute,postprocess,0,0,0,0,0,0,0,0,0,0,0,0,0,0,0,0,0,0,0,0
25,cn3345,quality_rank_io,io,0,0,0,0,0,0,0,0,0,0,0,0,0,0,0,0,0,0,0,0
26,cn3345,geometry_load,io,1.764755012,1,1400061136,22796757,1.62826868155,3315592091,3809196319,0.870417750448,6108,0,1035180,0,0,0,0,2,0,0,0,0
26,cn3345,coarse_local_size,setup,0.535546121,1,267231814,5933517,2.22036325361,632149182,907617503,0.696492938832,7293,0,0,0,0,0,124,119,0,0,0,0
26,cn3345,coarse_edge_mesh,setup,0.0137761209999,1,6311798,174075,2.75793046609,12803217,27083780,0.472726369805,490,0,0,0,0,0,0,0,0,0,0,0
26,cn3345,coarse_surface_mesh,setup,8.870299585,1,5676564876,163132065,2.87378139004,15313840002,19312526504,0.792948555893,14850,0,0,0,0,0,0,9,0,0,0,0
26,cn3345,coarse_volume_mesh,setup,15.207209852,1,5299365518,126093722,2.37941167809,13386742282,22945940515,0.583403511974,26663,0,0,0,0,0,86581,2723011,0,0,0,0
26,cn3345,coarse_mesh_save,io,0,0,0,0,0,0,0,0,0,0,0,0,0,0,0,0,0,0,0,0
26,cn3345,submesh_initialization,setup,0.000140021999869,1,1118800830,17300704,1.54636138409,3035422546,4627124319,0.656006265822,1,0,0,0,0,0,0,0,0,0,0,0
26,cn3345,metis_partition,compute,0.184930542,1,1232594491,23337344,1.89335131468,3296578929,5030725663,0.655288948321,241,0,0,0,0,0,0,0,0,0,0,0
26,cn3345,face_map_setup,compute,0.00788349200002,1,1121832204,17364437,1.5478640155,3043319085,4643558018,0.655385175162,216,0,0,0,0,0,0,0,0,0,0,0
26,cn3345,face_local_extract,compute,0.181249759,1,1180138345,19468141,1.64964905026,3198621393,5021046824,0.637042733342,699,0,0,0,0,0,0,0,0,0,0,0
26,cn3345,face_pre_collective_wait,synchronization,0.00197716299999,1,1121036711,17296364,1.54289006152,3039847819,4631168610,0.656388932253,0,0,0,0,0,0,0,0,0,0,0,0
26,cn3345,face_collective_setup,compute,0.000102662000245,1,1118717752,17297093,1.54615343942,3035276532,4626978018,0.655995451068,16,0,0,0,0,0,0,0,0,0,0,0
26,cn3345,face_allgatherv,communication,0.075852727,1,1259342417,17756192,1.40995743178,3309393849,4787715158,0.691226136014,937,0,0,0,0,0,1,0,1,1,75808,4859624
26,cn3345,face_global_merge,compute,0.0875852239997,1,1137004764,18168248,1.59790429867,3079688465,4816918316,0.639348285141,297,0,0,0,0,0,0,4,0,0,0,0
26,cn3345,part_face_create,compute,0.0214628900003,1,1123262095,17478689,1.55606506067,3045811356,4673601438,0.651705413139,3,0,0,0,0,0,0,0,0,0,0,0
26,cn3345,surface_refine,compute,0.0220392179999,1,1125165067,17577459,1.5622115826,3048498102,4674629011,0.652136906443,60,0,0,0,0,0,0,0,0,0,0,0
26,cn3345,refined_surface_save,io,0,0,0,0,0,0,0,0,0,0,0,0,0,0,0,0,0,0,0,0
26,cn3345,local_volume_mesh,compute,15.32512775,1,6027054835,131410350,2.18034103883,16310427745,27951521042,0.583525587766,7433,0,0,0,0,0,71311,2844057,0,0,0,0
26,cn3345,volume_refine,compute,1.066279966,1,3660036013,71582699,1.95579220384,9350411501,15753836444,0.593532345866,7655,0,0,0,0,0,0,2,0,0,0,0
26,cn3345,refined_volume_save,io,0,0,0,0,0,0,0,0,0,0,0,0,0,0,0,0,0,0,0,0
26,cn3345,adjacency_build,compute,0.00418514900002,1,3312292975,57325784,1.73069787101,8675443716,13610657387,0.637400785967,6,0,0,0,0,0,0,0,0,0,0,0
26,cn3345,vertex_numbering_local,compute,0.0150862570003,1,3317077989,57423392,1.73114386187,8686796218,13634615668,0.637113390617,9,0,0,0,0,0,0,0,0,0,0,0
26,cn3345,vertex_count_pre_collective_wait,synchronization,1.57725064,1,5202371318,57294894,1.10132265649,12403040326,17068093462,0.726679892726,29,0,0,0,0,0,0,2,0,0,0,0
26,cn3345,vertex_count_allgather,communication,0.000524687000052,1,3311836890,57294222,1.72998320579,8674351277,13602505486,0.637702464883,19,0,0,0,0,0,0,0,1,1,4,256
26,cn3345,element_count_pre_collective_wait,synchronization,0.00124293499994,1,3312844867,57292836,1.72941499829,8676342214,13604284475,0.637765420882,0,0,0,0,0,0,0,0,0,0,0,0
26,cn3345,element_count_allgather,communication,8.53010001265e-05,1,3311481399,57292532,1.73011788673,8673653257,13601709635,0.637688459007,2,0,0,0,0,0,0,0,1,1,4,256
26,cn3345,vertex_exchange_prepare,compute,2.23199999709e-05,1,3311440905,57292177,1.7301283231,8673581113,13601609711,0.637687839696,0,0,0,0,0,0,0,0,0,0,0,0
26,cn3345,vertex_exchange,communication,0.00155049799969,1,3314037733,57301128,1.72904271516,8678686943,13604595970,0.637923166711,21,0,0,0,0,0,0,0,2,1,58234,110220
26,cn3345,vertex_exchange_unpack,compute,0.00172934000011,1,3312061981,57303170,1.73013579845,8675072799,13605352442,0.637622056171,0,0,0,0,0,0,0,0,0,0,0,0
26,cn3345,partition_result_io,io,0,0,0,0,0,0,0,0,0,0,0,0,0,0,0,0,0,0,0,0
26,cn3345,volume_exchange_pack,compute,0.311259039,2,6801271540,117807115,1.73213367981,17855245525,27879650861,0.640440069139,794,0,0,0,0,0,0,0,0,0,0,0
26,cn3345,volume_size_exchange,communication,7.24999999875e-05,1,3311442290,57292258,1.73013004554,8673575766,13601614492,0.637687222432,2,0,0,0,0,0,0,0,2,2,8,8
26,cn3345,volume_payload_prepare,compute,0.000161182000284,1,3311440889,57292113,1.73012639876,8673683775,13601901799,0.637681693573,0,0,0,0,0,0,0,0,0,0,0,0
26,cn3345,volume_payload_exchange,communication,0.0037292840002,1,3314146776,57302516,1.72902770677,8678946805,13607580225,0.637802361735,6,0,0,0,0,0,0,0,2,2,1768080,1765920
26,cn3345,volume_exchange_unpack,compute,0.218034949,1,3458172978,62517886,1.80782992631,9085453521,14020617047,0.6480066812,9410,0,0,0,0,0,0,0,0,0,0,0
26,cn3345,final_mesh_save,io,0,0,0,0,0,0,0,0,0,0,0,0,0,0,0,0,0,0,0,0
26,cn3345,testout_io,io,0,0,0,0,0,0,0,0,0,0,0,0,0,0,0,0,0,0,0,0
26,cn3345,final_count_exchange,communication,0,0,0,0,0,0,0,0,0,0,0,0,0,0,0,0,0,0,0,0
26,cn3345,quality_surface_compute,postprocess,0,0,0,0,0,0,0,0,0,0,0,0,0,0,0,0,0,0,0,0
26,cn3345,quality_reduce_pre_collective_wait,synchronization,0,0,0,0,0,0,0,0,0,0,0,0,0,0,0,0,0,0,0,0
26,cn3345,quality_reduce,communication,0,0,0,0,0,0,0,0,0,0,0,0,0,0,0,0,0,0,0,0
26,cn3345,quality_summary_io,io,0,0,0,0,0,0,0,0,0,0,0,0,0,0,0,0,0,0,0,0
26,cn3345,quality_volume_compute,postprocess,0,0,0,0,0,0,0,0,0,0,0,0,0,0,0,0,0,0,0,0
26,cn3345,quality_rank_io,io,0,0,0,0,0,0,0,0,0,0,0,0,0,0,0,0,0,0,0,0
27,cn3345,geometry_load,io,1.776845234,1,1400246946,25020943,1.78689502387,3317653795,3836529942,0.864753786665,6107,0,1035180,0,0,0,0,5,0,0,0,0
27,cn3345,coarse_local_size,setup,0.568477207,1,266789841,6325706,2.37104455563,632345031,915921509,0.690392162196,8444,0,0,0,0,0,108,57,0,0,0,0
27,cn3345,coarse_edge_mesh,setup,0.0139468430002,1,6291761,176637,2.80743340378,12798613,27305138,0.468725446471,526,0,0,0,0,0,0,0,0,0,0,0
27,cn3345,coarse_surface_mesh,setup,8.889289207,1,5676288230,163788123,2.88547931964,15314461769,19360733481,0.791006280006,14237,0,0,0,0,0,0,11,0,0,0,0
27,cn3345,coarse_volume_mesh,setup,15.389299961,1,5314953995,129355482,2.43380247734,13422203931,22966350248,0.584429122872,30132,0,0,0,0,0,87459,2804060,0,0,0,0
27,cn3345,coarse_mesh_save,io,0,0,0,0,0,0,0,0,0,0,0,0,0,0,0,0,0,0,0,0
27,cn3345,submesh_initialization,setup,0.000301744000353,1,3438751417,71662547,2.08396997369,9415108853,15305430816,0.615148241574,1,0,0,0,0,0,1,0,0,0,0,0
27,cn3345,metis_partition,compute,0.186977086,1,3553411018,77778349,2.18883626482,9676428796,15712439551,0.615845092965,549,0,0,0,0,0,0,0,0,0,0,0
27,cn3345,face_map_setup,compute,0.00777361100018,1,3441776476,71730586,2.08411518006,9423002773,15321760886,0.615007820779,205,0,0,0,0,0,0,0,0,0,0,0
27,cn3345,face_local_extract,compute,0.177459195,1,3500109456,73854887,2.11007363994,9578308309,15691726114,0.610405014682,612,0,0,0,0,0,0,0,0,0,0,0
27,cn3345,face_pre_collective_wait,synchronization,0.00364852299981,1,3442871337,71693209,2.08236678,9423258161,15313132888,0.615371017147,0,0,0,0,0,0,0,0,0,0,0,0
27,cn3345,face_collective_setup,compute,0.000107841000045,1,3438668488,71659012,2.08391743054,9414962860,15305280344,0.615144750595,16,0,0,0,0,0,0,0,0,0,0,0
27,cn3345,face_allgatherv,communication,0.0756528239999,1,3574246634,73129919,2.04602330193,9678797271,15466236161,0.625801725142,840,0,0,0,0,0,1,0,1,1,75808,4859624
27,cn3345,face_global_merge,compute,0.0886565169999,1,3456895693,72515762,2.09771333705,9459374978,15496954197,0.610402202765,570,0,0,0,0,0,0,3,0,0,0,0
27,cn3345,part_face_create,compute,0.0215107509998,1,3443175879,71835891,2.08632650566,9425459385,15352026605,0.61395538371,3,0,0,0,0,0,0,0,0,0,0,0
27,cn3345,surface_refine,compute,0.0219052160001,1,3444929379,71916251,2.08759725057,9427643032,15352680343,0.614071472953,49,0,0,0,0,0,0,0,0,0,0,0
27,cn3345,refined_surface_save,io,0,0,0,0,0,0,0,0,0,0,0,0,0,0,0,0,0,0,0,0
27,cn3345,local_volume_mesh,compute,14.476556649,1,8234779874,184052212,2.2350592829,22416189496,37681137407,0.594891530313,9290,0,0,0,0,0,67237,2593837,0,0,0,0
27,cn3345,volume_refine,compute,1.072161555,1,7854962137,183773927,2.33959023347,21131451126,36906738661,0.572563490914,6258,0,0,0,0,0,0,1,0,0,0,0
27,cn3345,refined_volume_save,io,0,0,0,0,0,0,0,0,0,0,0,0,0,0,0,0,0,0,0,0
27,cn3345,adjacency_build,compute,0.0042822700002,1,7512784766,171177366,2.27848090065,20467166458,34764027012,0.588745557324,9,0,0,0,0,0,0,0,0,0,0,0
27,cn3345,vertex_numbering_local,compute,0.0152803589999,1,7516291852,171268577,2.27863127686,20475475735,34788116536,0.588576726015,9,0,0,0,0,0,0,0,0,0,0,0
27,cn3345,vertex_count_pre_collective_wait,synchronization,2.418933361,1,10308841596,194424481,1.88599736633,26002511188,40069445320,0.648936140252,29,0,0,0,0,0,0,5,0,0,0,0
27,cn3345,vertex_count_allgather,communication,0.000511945999733,1,7512331559,171149915,2.27825294525,20466095519,34755602230,0.588857456233,22,0,0,0,0,0,0,0,1,1,4,256
27,cn3345,element_count_pre_collective_wait,synchronization,0.0011651130003,1,7513244507,171155964,2.27805662175,20467904519,34757228169,0.588881956279,0,0,0,0,0,0,0,0,0,0,0,0
27,cn3345,element_count_allgather,communication,0.000243561999923,1,7512219372,171146901,2.27824684724,20465875475,34755197966,0.588857974425,0,0,0,0,0,0,0,0,1,1,4,256
27,cn3345,vertex_exchange_prepare,compute,2.05000001188e-05,1,7511969525,171144707,2.27829341467,20465387805,34754725656,0.58885194513,0,0,0,0,0,0,0,0,0,0,0,0
27,cn3345,vertex_exchange,communication,0.00165530000004,1,7514076660,171155055,2.27779223908,20469637725,34757925739,0.588920002842,27,0,0,0,0,0,0,0,3,3,27984,80476
27,cn3345,vertex_exchange_unpack,compute,0.00135293499989,1,7512415592,171152928,2.27826756792,20466458912,34757641126,0.588833368692,0,0,0,0,0,0,0,0,0,0,0,0
27,cn3345,partition_result_io,io,0,0,0,0,0,0,0,0,0,0,0,0,0,0,0,0,0,0,0,0
27,cn3345,volume_exchange_pack,compute,0.258793925,2,15186403523,345373566,2.27422882236,41395571763,70076049535,0.590723535897,145,0,0,0,0,0,0,0,0,0,0,0
27,cn3345,volume_size_exchange,communication,0.0528147370001,1,7570221015,171631189,2.26718861523,20580677911,34866642294,0.590268421532,45,0,0,0,0,0,0,0,4,4,16,16
27,cn3345,volume_payload_prepare,compute,0.000276403000044,1,7511969823,171144799,2.278294549,20465416348,34754857970,0.588850524599,68,0,0,0,0,0,0,0,0,0,0,0
27,cn3345,volume_payload_exchange,communication,0.0034702009998,1,7513927743,171174726,2.27809917602,20469287233,34759815668,0.588877899368,161,0,0,0,0,0,1,0,4,4,1110960,1110840
27,cn3345,volume_exchange_unpack,compute,0.20356928,1,7653711342,175975999,2.29922440417,20868036807,35142725054,0.593808157305,9237,0,0,0,0,0,0,0,0,0,0,0
27,cn3345,final_mesh_save,io,0,0,0,0,0,0,0,0,0,0,0,0,0,0,0,0,0,0,0,0
27,cn3345,testout_io,io,0,0,0,0,0,0,0,0,0,0,0,0,0,0,0,0,0,0,0,0
27,cn3345,final_count_exchange,communication,0,0,0,0,0,0,0,0,0,0,0,0,0,0,0,0,0,0,0,0
27,cn3345,quality_surface_compute,postprocess,0,0,0,0,0,0,0,0,0,0,0,0,0,0,0,0,0,0,0,0
27,cn3345,quality_reduce_pre_collective_wait,synchronization,0,0,0,0,0,0,0,0,0,0,0,0,0,0,0,0,0,0,0,0
27,cn3345,quality_reduce,communication,0,0,0,0,0,0,0,0,0,0,0,0,0,0,0,0,0,0,0,0
27,cn3345,quality_summary_io,io,0,0,0,0,0,0,0,0,0,0,0,0,0,0,0,0,0,0,0,0
27,cn3345,quality_volume_compute,postprocess,0,0,0,0,0,0,0,0,0,0,0,0,0,0,0,0,0,0,0,0
27,cn3345,quality_rank_io,io,0,0,0,0,0,0,0,0,0,0,0,0,0,0,0,0,0,0,0,0
28,cn3345,geometry_load,io,1.786420406,1,1413590306,25579853,1.80956624359,3315603377,3855919029,0.859873703795,5963,0,1035180,0,0,0,3,2,0,0,0,0
28,cn3345,coarse_local_size,setup,0.559801445,1,268529324,6506819,2.42313163534,631880643,922117723,0.68524942883,8412,0,0,0,0,0,126,80,0,0,0,0
28,cn3345,coarse_edge_mesh,setup,0.013724641,1,6287674,167505,2.66402170342,12808993,26857254,0.476928616753,516,0,0,0,0,0,0,0,0,0,0,0
28,cn3345,coarse_surface_mesh,setup,8.694862134,1,5680610171,164464367,2.89518840493,15314187787,18919440322,0.809441903479,15280,0,0,0,0,0,0,16,0,0,0,0
28,cn3345,coarse_volume_mesh,setup,15.080319588,1,5344410266,129575821,2.4245111163,13492502764,22559665785,0.598080791293,27068,0,0,0,0,0,84230,2790429,0,0,0,0
28,cn3345,coarse_mesh_save,io,0,0,0,0,0,0,0,0,0,0,0,0,0,0,0,0,0,0,0,0
28,cn3345,submesh_initialization,setup,0.000205381999876,1,4803964391,118617721,2.46916320242,12042658830,20162686013,0.597274530895,71,0,0,0,0,0,0,0,0,0,0,0
28,cn3345,metis_partition,compute,0.182421153,1,4917011291,124691141,2.53591325341,12303962698,20555717579,0.598566440248,1748,0,0,0,0,0,0,6,0,0,0,0
28,cn3345,face_map_setup,compute,0.00814923500002,1,4807006287,118683077,2.46896030323,12050551722,20178939921,0.597184578039,581,0,0,0,0,0,0,0,0,0,0,0
28,cn3345,face_local_extract,compute,0.165695998,1,4865042494,120782198,2.4826545328,12205857624,20522720177,0.594748528398,805,0,0,0,0,0,0,0,0,0,0,0
28,cn3345,face_pre_collective_wait,synchronization,0.019501408,1,4825840933,118613618,2.45788494993,12085801729,20205202047,0.598152975698,3,0,0,0,0,0,0,0,0,0,0,0
28,cn3345,face_collective_setup,compute,0.00019088199997,1,4803883779,118614173,2.46913077953,12042512882,20162638336,0.597268704686,16,0,0,0,0,0,0,0,0,0,0,0
28,cn3345,face_allgatherv,communication,0.0755064630002,1,4941634757,119060236,2.40932893374,12310957834,20321371697,0.605813328823,1353,0,0,0,0,0,2,0,1,1,75808,4859624
28,cn3345,face_global_merge,compute,0.0860767069998,1,4822121702,119494911,2.47805672243,12086924028,20346369805,0.594058013486,703,0,0,0,0,0,0,1,0,0,0,0
28,cn3345,part_face_create,compute,0.0205801410002,1,4808441890,118793143,2.47051218914,12053017851,20207115025,0.596473956628,22,0,0,0,0,0,0,0,0,0,0,0
28,cn3345,surface_refine,compute,0.0206008209998,1,4810162924,118881650,2.47146826164,12055191821,20207023333,0.596584248077,56,0,0,0,0,0,0,0,0,0,0,0
28,cn3345,refined_surface_save,io,0,0,0,0,0,0,0,0,0,0,0,0,0,0,0,0,0,0,0,0
28,cn3345,local_volume_mesh,compute,14.119879399,1,9541474831,231017512,2.42119290877,24883062841,41749805353,0.596004283867,13213,0,0,0,0,0,63407,2579908,0,0,0,0
28,cn3345,volume_refine,compute,1.054755431,1,9889421659,244322188,2.4705407093,25557899306,43878280368,0.582472674217,8354,0,0,0,0,0,0,1,0,0,0,0
28,cn3345,refined_volume_save,io,0,0,0,0,0,0,0,0,0,0,0,0,0,0,0,0,0,0,0,0
28,cn3345,adjacency_build,compute,0.00412364899967,1,9542330688,231051127,2.42132802304,24884963281,41758709971,0.595922702073,8,0,0,0,0,0,0,0,0,0,0,0
28,cn3345,vertex_numbering_local,compute,0.0148072530001,1,9548008497,231167467,2.42110663258,24898474593,41782177262,0.595911372375,6,0,0,0,0,0,0,0,0,0,0,0
28,cn3345,vertex_count_pre_collective_wait,synchronization,2.798476818,1,12657438242,231023940,1.82520298012,31030071094,47901110387,0.647794400658,29,0,0,0,0,0,0,3,0,0,0,0
28,cn3345,vertex_count_allgather,communication,0.000532005999958,1,9541845242,231019444,2.42111916659,24883791061,41750736886,0.596008428042,22,0,0,0,0,0,0,0,1,1,4,256
28,cn3345,element_count_pre_collective_wait,synchronization,0.0012881749999,1,9542822651,231017840,2.42085437872,24885720337,41752584929,0.596028255001,0,0,0,0,0,0,0,0,0,0,0,0
28,cn3345,element_count_allgather,communication,0.000216321999687,1,9541688048,231017461,2.42113827069,24883482038,41750225630,0.596008324806,0,0,0,0,0,0,0,0,1,1,4,256
28,cn3345,vertex_exchange_prepare,compute,1.96010000764e-05,1,9541472621,231017106,2.42118921446,24883063787,41749799639,0.596004388097,0,0,0,0,0,0,0,0,0,0,0,0
28,cn3345,vertex_exchange,communication,0.00199780299999,1,9544644406,231030538,2.42052535613,24889384582,41753411231,0.59610421875,59,0,0,0,0,0,0,0,4,4,116820,91058
28,cn3345,vertex_exchange_unpack,compute,0.00141739600031,1,9541990805,231026602,2.42115724822,24884299443,41752869138,0.595990166826,0,0,0,0,0,0,0,0,0,0,0,0
28,cn3345,partition_result_io,io,0,0,0,0,0,0,0,0,0,0,0,0,0,0,0,0,0,0,0,0
28,cn3345,volume_exchange_pack,compute,0.279645149,2,19255570868,464995767,2.41486357474,50254067997,84106657091,0.597504047065,719,0,0,0,0,0,0,1,0,0,0,0
28,cn3345,volume_size_exchange,communication,0.00607369099998,1,9548112499,231017345,2.41950799202,24896161163,41763020777,0.596129319666,1,0,0,0,0,0,0,0,5,5,20,20
28,cn3345,volume_payload_prepare,compute,0.000418103999891,1,9541473282,231017223,2.42119027295,24883128187,41749967606,0.596003532789,102,0,0,0,0,0,0,0,0,0,0,0
28,cn3345,volume_payload_exchange,communication,0.0273395200002,1,9568067523,231032174,2.41461688522,24935589227,41804283791,0.596484067319,356,0,0,0,0,0,0,0,5,5,2198880,2206200
28,cn3345,volume_exchange_unpack,compute,0.238979174,1,9695059284,234635105,2.42015131756,25315307386,42214227551,0.599686618816,9683,0,0,0,0,0,0,0,0,0,0,0
28,cn3345,final_mesh_save,io,0,0,0,0,0,0,0,0,0,0,0,0,0,0,0,0,0,0,0,0
28,cn3345,testout_io,io,0,0,0,0,0,0,0,0,0,0,0,0,0,0,0,0,0,0,0,0
28,cn3345,final_count_exchange,communication,0,0,0,0,0,0,0,0,0,0,0,0,0,0,0,0,0,0,0,0
28,cn3345,quality_surface_compute,postprocess,0,0,0,0,0,0,0,0,0,0,0,0,0,0,0,0,0,0,0,0
28,cn3345,quality_reduce_pre_collective_wait,synchronization,0,0,0,0,0,0,0,0,0,0,0,0,0,0,0,0,0,0,0,0
28,cn3345,quality_reduce,communication,0,0,0,0,0,0,0,0,0,0,0,0,0,0,0,0,0,0,0,0
28,cn3345,quality_summary_io,io,0,0,0,0,0,0,0,0,0,0,0,0,0,0,0,0,0,0,0,0
28,cn3345,quality_volume_compute,postprocess,0,0,0,0,0,0,0,0,0,0,0,0,0,0,0,0,0,0,0,0
28,cn3345,quality_rank_io,io,0,0,0,0,0,0,0,0,0,0,0,0,0,0,0,0,0,0,0,0
29,cn3345,geometry_load,io,1.737706596,1,1400605295,24700989,1.76359386104,3316323715,3747496259,0.884943836044,6104,0,1035180,0,0,0,0,4,0,0,0,0
29,cn3345,coarse_local_size,setup,0.547823525,1,266305748,6092586,2.28781618337,631954608,897158202,0.704395954461,8073,0,0,0,0,0,130,62,0,0,0,0
29,cn3345,coarse_edge_mesh,setup,0.0138153019998,1,6289546,163630,2.60161862239,12799444,27159263,0.471273612984,515,0,0,0,0,0,0,0,0,0,0,0
29,cn3345,coarse_surface_mesh,setup,8.687778991,1,5673127197,160464647,2.82850430508,15313601445,18892960630,0.810545353103,17274,0,0,0,0,0,0,19,0,0,0,0
29,cn3345,coarse_volume_mesh,setup,15.04978681,1,5324106134,125473088,2.35669772243,13439634046,22475125419,0.597978155648,33058,0,0,0,0,0,85708,2702924,0,0,0,0
29,cn3345,coarse_mesh_save,io,0,0,0,0,0,0,0,0,0,0,0,0,0,0,0,0,0,0,0,0
29,cn3345,submesh_initialization,setup,0.000131361000058,1,4662512130,110711206,2.37449690024,11593331289,19491362190,0.59479328207,2,0,0,0,0,0,0,0,0,0,0,0
29,cn3345,metis_partition,compute,0.181638383,1,4776075125,116793301,2.4453824101,11854728285,19886439424,0.596121207635,320,0,0,0,0,0,0,1,0,0,0,0
29,cn3345,face_map_setup,compute,0.00775795000027,1,4665569979,110777209,2.3743553199,11601223733,19507489605,0.594706134306,217,0,0,0,0,0,0,0,0,0,0,0
29,cn3345,face_local_extract,compute,0.173223126,1,4723649820,112871899,2.38950606631,11756530847,19867153094,0.591757197993,734,0,0,0,0,0,0,6,0,0,0,0
29,cn3345,face_pre_collective_wait,synchronization,0.0134243969997,1,4677415824,110707081,2.36684282873,11622727494,19520563653,0.595409420579,0,0,0,0,0,0,0,0,0,0,0,0
29,cn3345,face_collective_setup,compute,0.000109522000002,1,4662432380,110707773,2.37446388445,11593185304,19491239235,0.594789544381,16,0,0,0,0,0,0,0,0,0,0,0
29,cn3345,face_allgatherv,communication,0.0755252029999,1,4796162727,111150032,2.31747833272,11853732673,19651492112,0.603197589549,851,0,0,0,0,0,1,2,1,1,75808,4859624
29,cn3345,face_global_merge,compute,0.084971793,1,4680630642,111591178,2.384105616,11637597330,19674575304,0.591504373039,527,0,0,0,0,0,0,4,0,0,0,0
29,cn3345,part_face_create,compute,0.0200194940003,1,4666959435,110890369,2.37607312736,11603650152,19534669667,0.594002885629,3,0,0,0,0,0,0,1,0,0,0,0
29,cn3345,surface_refine,compute,0.0195249880003,1,4668273267,110966271,2.37703032049,11605034908,19533409568,0.594112096385,51,0,0,0,0,0,0,0,0,0,0,0
29,cn3345,refined_surface_save,io,0,0,0,0,0,0,0,0,0,0,0,0,0,0,0,0,0,0,0,0
29,cn3345,local_volume_mesh,compute,13.158061234,1,8871547249,207999983,2.34457391887,22961572279,38974234034,0.589147493161,13541,0,0,0,0,0,61367,2556000,0,0,0,0
29,cn3345,volume_refine,compute,0.99905366,1,7157295807,156604588,2.18804129692,17840290241,29805446088,0.598558068493,8430,0,0,0,0,0,0,2,0,0,0,0
29,cn3345,refined_volume_save,io,0,0,0,0,0,0,0,0,0,0,0,0,0,0,0,0,0,0,0,0
29,cn3345,adjacency_build,compute,0.00607811100008,1,6849011362,143853177,2.10034951611,17245907080,27821572781,0.619875346939,4,0,0,0,0,0,0,0,0,0,0,0
29,cn3345,vertex_numbering_local,compute,0.0170836990001,1,6854112906,143960475,2.10035167168,17258140311,27845135805,0.619790128942,96,0,0,0,0,0,0,0,0,0,0,0
29,cn3345,vertex_count_pre_collective_wait,synchronization,3.814315954,1,11141812968,143825156,1.29085954335,25716780783,36189708217,0.710610337856,32,0,0,0,0,0,0,9,0,0,0,0
29,cn3345,vertex_count_allgather,communication,0.000597806999849,1,6848320960,143821546,2.10009937969,17244375689,27808886144,0.620103070641,58,0,0,0,0,0,1,0,1,1,4,256
29,cn3345,element_count_pre_collective_wait,synchronization,0.00112241299985,1,6849371450,143819753,2.09975110928,17246449404,27810800891,0.620134942233,0,0,0,0,0,0,0,0,0,0,0,0
29,cn3345,element_count_allgather,communication,0.000380083999971,1,6848566078,143819220,2.09999025142,17244861401,27809163753,0.62011434627,0,0,0,0,0,0,0,0,1,1,4,256
29,cn3345,vertex_exchange_prepare,compute,0.000180002999969,1,6848168513,143819131,2.10011086507,17244087326,27808424345,0.62010299872,34,0,0,0,0,0,0,0,0,0,0,0
29,cn3345,vertex_exchange,communication,0.00501411899995,1,6854340263,143831240,2.09839655578,17256297214,27818255784,0.620322760276,55,0,0,0,0,0,0,0,3,4,58850,133760
29,cn3345,vertex_exchange_unpack,compute,0.00205304399969,1,6848914721,143833297,2.10008888794,17245879716,27812847054,0.620068836625,0,0,0,0,0,0,0,0,0,0,0,0
29,cn3345,partition_result_io,io,0,0,0,0,0,0,0,0,0,0,0,0,0,0,0,0,0,0,0,0
29,cn3345,volume_exchange_pack,compute,0.285947603,2,13855279995,290038704,2.09334422765,34938865689,56226926857,0.621390277613,3155,0,0,0,0,0,0,1,0,0,0,0
29,cn3345,volume_size_exchange,communication,8.92409998414e-05,1,6848172713,143819276,2.10011169442,17244086026,27808405052,0.620103382188,28,0,0,0,0,0,0,0,5,5,20,20
29,cn3345,volume_payload_prepare,compute,0.000396124999952,1,6848169253,143819239,2.1001122152,17244124927,27808523314,0.620102143947,110,0,0,0,0,0,0,0,0,0,0,0
29,cn3345,volume_payload_exchange,communication,0.026106365,1,6873866015,143834958,2.09248998578,17294958703,27860538381,0.620769005483,411,0,0,0,0,0,0,0,5,5,2048640,2046480
29,cn3345,volume_exchange_unpack,compute,0.201750579,1,6980298615,146803117,2.10310654453,17614302631,28198362848,0.624656925154,8617,0,0,0,0,0,0,0,0,0,0,0
29,cn3345,final_mesh_save,io,0,0,0,0,0,0,0,0,0,0,0,0,0,0,0,0,0,0,0,0
29,cn3345,testout_io,io,0,0,0,0,0,0,0,0,0,0,0,0,0,0,0,0,0,0,0,0
29,cn3345,final_count_exchange,communication,0,0,0,0,0,0,0,0,0,0,0,0,0,0,0,0,0,0,0,0
29,cn3345,quality_surface_compute,postprocess,0,0,0,0,0,0,0,0,0,0,0,0,0,0,0,0,0,0,0,0
29,cn3345,quality_reduce_pre_collective_wait,synchronization,0,0,0,0,0,0,0,0,0,0,0,0,0,0,0,0,0,0,0,0
29,cn3345,quality_reduce,communication,0,0,0,0,0,0,0,0,0,0,0,0,0,0,0,0,0,0,0,0
29,cn3345,quality_summary_io,io,0,0,0,0,0,0,0,0,0,0,0,0,0,0,0,0,0,0,0,0
29,cn3345,quality_volume_compute,postprocess,0,0,0,0,0,0,0,0,0,0,0,0,0,0,0,0,0,0,0,0
29,cn3345,quality_rank_io,io,0,0,0,0,0,0,0,0,0,0,0,0,0,0,0,0,0,0,0,0
30,cn3345,geometry_load,io,1.781175024,1,1404289178,25247985,1.79791921746,3316820479,3840932757,0.863545573131,6108,0,1035180,0,0,0,0,21,0,0,0,0
30,cn3345,coarse_local_size,setup,0.545959163,1,267729387,6163908,2.30229040938,632547917,909547465,0.695453443983,7861,0,0,0,0,0,105,67,0,0,0,0
30,cn3345,coarse_edge_mesh,setup,0.0132712149998,1,6290087,163440,2.59837423552,12807941,25868416,0.495118873919,507,0,0,0,0,0,0,0,0,0,0,0
30,cn3345,coarse_surface_mesh,setup,8.722848302,1,5673909387,165726536,2.92085270836,15312089281,18978209029,0.806824777702,15286,0,0,0,0,0,0,59,0,0,0,0
30,cn3345,coarse_volume_mesh,setup,14.968232417,1,5278501857,123404392,2.33786773867,13338552609,22234824051,0.599894677754,31396,0,0,0,0,0,82019,2804179,0,0,0,0
30,cn3345,coarse_mesh_save,io,0,0,0,0,0,0,0,0,0,0,0,0,0,0,0,0,0,0,0,0
30,cn3345,submesh_initialization,setup,0.000292582999919,1,4612447098,113840673,2.46811877906,11515695106,19593887295,0.58771875803,1,0,0,0,0,0,0,0,0,0,0,0
30,cn3345,metis_partition,compute,0.181252539,1,4726489982,119933378,2.53747238345,11776982927,19988562161,0.589186097136,391,0,0,0,0,0,1,0,0,0,0,0
30,cn3345,face_map_setup,compute,0.00764758900004,1,4615480531,113901575,2.46781617288,11523584658,19609815857,0.587643695486,209,0,0,0,0,0,0,0,0,0,0,0
30,cn3345,face_local_extract,compute,0.174278277,1,4673631101,116034346,2.48274507535,11678893901,19973134556,0.584730146801,700,0,0,0,0,0,0,0,0,0,0,0
30,cn3345,face_pre_collective_wait,synchronization,0.013511398,1,4626500320,114063427,2.46543648785,11542520571,19621324727,0.588264081635,0,0,0,0,0,0,0,1,0,0,0,0
30,cn3345,face_collective_setup,compute,0.000102480999885,1,4612364167,113837013,2.46808380428,11515549228,19593734455,0.587715897367,16,0,0,0,0,0,0,0,0,0,0,0
30,cn3345,face_allgatherv,communication,0.0747936339999,1,4751102819,114658552,2.41330395001,11784141039,19753194700,0.596568869895,938,0,0,0,0,0,0,0,1,1,75808,4859624
30,cn3345,face_global_merge,compute,0.084190604,1,4630537190,114683473,2.47667750618,11559961024,19776227483,0.584538230759,460,0,0,0,0,0,0,2,0,0,0,0
30,cn3345,part_face_create,compute,0.0202546959999,1,4616870447,114011881,2.46946242717,11525994027,19637706717,0.586931773302,3,0,0,0,0,0,0,0,0,0,0,0
30,cn3345,surface_refine,compute,0.0191280630002,1,4617947101,114082896,2.47042448744,11526804136,19635002086,0.587053878859,51,0,0,0,0,0,0,0,0,0,0,0
30,cn3345,refined_surface_save,io,0,0,0,0,0,0,0,0,0,0,0,0,0,0,0,0,0,0,0,0
30,cn3345,local_volume_mesh,compute,13.572457359,1,8945810406,211295594,2.36195028075,23155700317,39375032579,0.588080791312,10226,0,0,0,0,0,67429,2674279,0,0,0,0
30,cn3345,volume_refine,compute,1.032684333,1,8636564654,215714591,2.49768976025,22098856706,38978384978,0.566951573763,9036,0,0,0,0,0,0,2,0,0,0,0
30,cn3345,refined_volume_save,io,0,0,0,0,0,0,0,0,0,0,0,0,0,0,0,0,0,0,0,0
30,cn3345,adjacency_build,compute,0.00428335000015,1,8337128033,203099495,2.43608463485,21521042535,36939511170,0.582602255779,10,0,0,0,0,0,0,0,0,0,0,0
30,cn3345,vertex_numbering_local,compute,0.0169717179997,1,8342664296,203202050,2.43569731192,21534239727,36966472011,0.582534349521,133,0,0,0,0,0,0,0,0,0,0,0
30,cn3345,vertex_count_pre_collective_wait,synchronization,3.368932687,1,12217557016,234186772,1.91680523114,28914547625,44330893236,0.652243740524,70,0,0,0,0,0,0,3,0,0,0,0
30,cn3345,vertex_count_allgather,communication,0.000511526000082,1,8336485337,203071555,2.43593729001,21519549665,36930871983,0.582698119744,46,0,0,0,0,0,0,0,1,1,4,256
30,cn3345,element_count_pre_collective_wait,synchronization,0.00114607399973,1,8337511376,203075680,2.4356869915,21521510550,36932632858,0.582723431409,5,0,0,0,0,0,0,0,0,0,0,0
30,cn3345,element_count_allgather,communication,0.000209102000099,1,8336291666,203066423,2.43593232022,21519184721,36930343672,0.582696573639,41,0,0,0,0,0,0,0,1,1,4,256
30,cn3345,vertex_exchange_prepare,compute,0.000151441000071,1,8336251001,203065465,2.43593271095,21519116167,36930227171,0.582696555517,35,0,0,0,0,0,0,0,0,0,0,0
30,cn3345,vertex_exchange,communication,0.00521990100015,1,8343204154,203077590,2.4340479539,21532688239,36940930277,0.582895126829,78,0,0,0,0,0,0,0,3,3,101222,114950
30,cn3345,vertex_exchange_unpack,compute,0.00271439200014,1,8336897054,203077891,2.43589299094,21520651351,36934379386,0.582672613125,907,0,0,0,0,0,0,0,0,0,0,0
30,cn3345,partition_result_io,io,0,0,0,0,0,0,0,0,0,0,0,0,0,0,0,0,0,0,0,0
30,cn3345,volume_exchange_pack,compute,0.26772077,2,16827132090,408303152,2.42645716344,43474142381,74434694291,0.584057512362,2423,0,0,0,0,0,0,1,0,0,0,0
30,cn3345,volume_size_exchange,communication,0.0113928329997,1,8349122952,203271848,2.43464911427,21543623227,36955076067,0.582967903731,4,0,0,0,0,0,0,0,4,4,16,16
30,cn3345,volume_payload_prepare,compute,0.000203182000405,1,8336251153,203065419,2.43593211472,21519192607,36930376644,0.582696266936,34,0,0,0,0,0,0,0,0,0,0,0
30,cn3345,volume_payload_exchange,communication,0.0484353860002,1,8388049265,203936352,2.43127270188,21621451638,37031856439,0.583860862434,241,0,0,0,0,0,0,0,4,4,2301840,2284680
30,cn3345,volume_exchange_unpack,compute,0.205100618,1,8468754265,207484114,2.44999568422,21889073343,37328261963,0.586394120484,8210,0,0,0,0,0,0,0,0,0,0,0
30,cn3345,final_mesh_save,io,0,0,0,0,0,0,0,0,0,0,0,0,0,0,0,0,0,0,0,0
30,cn3345,testout_io,io,0,0,0,0,0,0,0,0,0,0,0,0,0,0,0,0,0,0,0,0
30,cn3345,final_count_exchange,communication,0,0,0,0,0,0,0,0,0,0,0,0,0,0,0,0,0,0,0,0
30,cn3345,quality_surface_compute,postprocess,0,0,0,0,0,0,0,0,0,0,0,0,0,0,0,0,0,0,0,0
30,cn3345,quality_reduce_pre_collective_wait,synchronization,0,0,0,0,0,0,0,0,0,0,0,0,0,0,0,0,0,0,0,0
30,cn3345,quality_reduce,communication,0,0,0,0,0,0,0,0,0,0,0,0,0,0,0,0,0,0,0,0
30,cn3345,quality_summary_io,io,0,0,0,0,0,0,0,0,0,0,0,0,0,0,0,0,0,0,0,0
30,cn3345,quality_volume_compute,postprocess,0,0,0,0,0,0,0,0,0,0,0,0,0,0,0,0,0,0,0,0
30,cn3345,quality_rank_io,io,0,0,0,0,0,0,0,0,0,0,0,0,0,0,0,0,0,0,0,0
31,cn3345,geometry_load,io,1.72690765,1,1395004756,24253736,1.73861314061,3317345686,3725660387,0.890404744774,6109,0,1035180,0,0,0,0,12,0,0,0,0
31,cn3345,coarse_local_size,setup,0.555552435,1,266383841,6188814,2.32326930071,632584074,903109948,0.700450787195,8159,0,0,0,0,0,113,77,0,0,0,0
31,cn3345,coarse_edge_mesh,setup,0.0140915050001,1,6283100,171014,2.72180929796,12809715,27616836,0.463837168023,523,0,0,0,0,0,0,0,0,0,0,0
31,cn3345,coarse_surface_mesh,setup,8.867117048,1,5673244107,164861629,2.90594985674,15312318477,19297090252,0.793504009,12318,0,0,0,0,0,0,77,0,0,0,0
31,cn3345,coarse_volume_mesh,setup,15.176750715,1,5308291748,127899385,2.4094264421,13414986281,22433212655,0.597996661794,26458,0,0,0,0,0,86205,2840862,0,0,0,0
31,cn3345,coarse_mesh_save,io,0,0,0,0,0,0,0,0,0,0,0,0,0,0,0,0,0,0,0,0
31,cn3345,submesh_initialization,setup,0.00014240199971,1,4012528303,104656524,2.60824388259,9852455501,17137475059,0.574907065777,1,0,0,0,0,0,0,0,0,0,0,0
31,cn3345,metis_partition,compute,0.181781286,1,4126354913,110728462,2.68344493711,10113764461,17533724380,0.576817807889,369,0,0,0,0,0,0,0,0,0,0,0
31,cn3345,face_map_setup,compute,0.00781313200014,1,4015592254,104719823,2.60783008772,9860347887,17153767784,0.57482111284,223,0,0,0,0,0,0,0,0,0,0,0
31,cn3345,face_local_extract,compute,0.169848385,1,4073601570,106821297,2.62228141767,10015655745,17507086145,0.572091532654,622,0,0,0,0,0,0,0,0,0,0,0
31,cn3345,face_pre_collective_wait,synchronization,0.0165761139997,1,4031629576,104652054,2.59577553015,9890218481,17173577823,0.575897380437,0,0,0,0,0,0,0,0,0,0,0,0
31,cn3345,face_collective_setup,compute,0.000121661999856,1,4012449035,104652817,2.60820302232,9852309508,17137337300,0.574903168184,16,0,0,0,0,0,0,0,0,0,0,0
31,cn3345,face_allgatherv,communication,0.075650104,1,4152539668,105118983,2.5314383824,10125122881,17298543819,0.585316485997,1225,0,0,0,0,0,0,0,1,1,75808,4859624
31,cn3345,face_global_merge,compute,0.0848639720002,1,4030603701,105492158,2.6172793414,9896721146,17320865572,0.571375668546,527,0,0,0,0,0,0,3,0,0,0,0
31,cn3345,part_face_create,compute,0.0202056759999,1,4016894518,104831058,2.60975381679,9862649164,17181234886,0.574036105637,3,0,0,0,0,0,0,0,0,0,0,0
31,cn3345,surface_refine,compute,0.0132972359997,1,4016699520,104823448,2.60969105302,9861002039,17165851476,0.574454582273,47,0,0,0,0,0,0,0,0,0,0,0
31,cn3345,refined_surface_save,io,0,0,0,0,0,0,0,0,0,0,0,0,0,0,0,0,0,0,0,0
31,cn3345,local_volume_mesh,compute,10.777783546,1,7137539333,173758141,2.43442638833,18144269136,31662823415,0.573046468351,2371,0,0,0,0,0,64815,2367291,0,0,0,0
31,cn3345,volume_refine,compute,0.676642211,1,6798320983,174608038,2.56839943916,17120001611,30585412727,0.559744011428,4681,0,0,0,0,0,0,2,0,0,0,0
31,cn3345,refined_volume_save,io,0,0,0,0,0,0,0,0,0,0,0,0,0,0,0,0,0,0,0,0
31,cn3345,adjacency_build,compute,0.0043346110001,1,6581730681,165861572,2.52002976176,16706011438,29264708405,0.570858633095,0,0,0,0,0,0,0,0,0,0,0,0
31,cn3345,vertex_numbering_local,compute,0.015901706,1,6588971163,165987540,2.51917235474,16723606510,29290080208,0.570964858793,1,0,0,0,0,0,0,0,0,0,0,0
31,cn3345,vertex_count_pre_collective_wait,synchronization,6.525782495,1,14196479235,165840523,1.16818064715,31721459993,43598791227,0.727576593301,0,0,0,0,0,0,0,11,0,0,0,0
31,cn3345,vertex_count_allgather,communication,0.000410665000345,1,6580925150,165827448,2.51981969435,16704213255,29255681586,0.570973306703,11,0,0,0,0,0,1,0,1,1,4,256
31,cn3345,element_count_pre_collective_wait,synchronization,0.00144251700021,1,6582428113,165826204,2.51922544619,16707176048,29258407766,0.571021368682,1,0,0,0,0,0,0,0,0,0,0,0
31,cn3345,element_count_allgather,communication,0.000158102000114,1,6580966272,165826189,2.51978481801,16704295781,29255602807,0.570977665071,0,0,0,0,0,0,0,0,1,1,4,256
31,cn3345,vertex_exchange_prepare,compute,8.07809997241e-05,1,6580815452,165826389,2.51984560591,16704020710,29255438713,0.570971465302,0,0,0,0,0,0,0,0,0,0,0,0
31,cn3345,vertex_exchange,communication,0.00692148100006,1,6590344516,165842258,2.51644292036,16722817672,29269588492,0.571337642023,17,0,0,0,0,0,0,0,0,5,0,325424
31,cn3345,vertex_exchange_unpack,compute,0.00492231700036,1,6582607526,165859200,2.51965804349,16708324926,29265993580,0.570912615023,0,0,0,0,0,0,0,0,0,0,0,0
31,cn3345,partition_result_io,io,0,0,0,0,0,0,0,0,0,0,0,0,0,0,0,0,0,0,0,0
31,cn3345,volume_exchange_pack,compute,0.245231647,2,13285995098,334147356,2.51503446701,33752449134,59039869448,0.571689088231,1057,0,0,0,0,0,0,1,0,0,0,0
31,cn3345,volume_size_exchange,communication,0.0371044540002,1,6623709528,165826794,2.50353360604,16788649869,29336539100,0.572277793634,6,0,0,0,0,0,0,1,5,5,20,20
31,cn3345,volume_payload_prepare,compute,0.000443065000127,1,6580816586,165826162,2.51984172227,16704114027,29255604782,0.570971413904,102,0,0,0,0,0,0,0,0,0,0,0
31,cn3345,volume_payload_exchange,communication,0.042266634,1,6625370409,165843139,2.5031527109,16791947509,29341291473,0.572297491556,437,0,0,0,0,0,0,0,5,5,3495000,3521760
31,cn3345,volume_exchange_unpack,compute,0.179376177,1,6686434560,168080858,2.5137591117,16997806218,29609170855,0.574072347424,6112,0,0,0,0,0,0,0,0,0,0,0
31,cn3345,final_mesh_save,io,0,0,0,0,0,0,0,0,0,0,0,0,0,0,0,0,0,0,0,0
31,cn3345,testout_io,io,0,0,0,0,0,0,0,0,0,0,0,0,0,0,0,0,0,0,0,0
31,cn3345,final_count_exchange,communication,0,0,0,0,0,0,0,0,0,0,0,0,0,0,0,0,0,0,0,0
31,cn3345,quality_surface_compute,postprocess,0,0,0,0,0,0,0,0,0,0,0,0,0,0,0,0,0,0,0,0
31,cn3345,quality_reduce_pre_collective_wait,synchronization,0,0,0,0,0,0,0,0,0,0,0,0,0,0,0,0,0,0,0,0
31,cn3345,quality_reduce,communication,0,0,0,0,0,0,0,0,0,0,0,0,0,0,0,0,0,0,0,0
31,cn3345,quality_summary_io,io,0,0,0,0,0,0,0,0,0,0,0,0,0,0,0,0,0,0,0,0
31,cn3345,quality_volume_compute,postprocess,0,0,0,0,0,0,0,0,0,0,0,0,0,0,0,0,0,0,0,0
31,cn3345,quality_rank_io,io,0,0,0,0,0,0,0,0,0,0,0,0,0,0,0,0,0,0,0,0
32,cn3346,geometry_load,io,1.767526653,1,1401392215,25048759,1.78741959117,3316602384,3811702246,0.870110562146,6107,0,1035180,0,0,0,0,18,0,0,0,0
32,cn3346,coarse_local_size,setup,0.567896714,1,266985037,6503760,2.43600168499,632709100,906581183,0.697906720175,8304,0,0,0,0,0,149,81,0,0,0,0
32,cn3346,coarse_edge_mesh,setup,0.0138945660001,1,6310707,181600,2.87764904946,12808222,27134775,0.472022414042,506,0,0,0,0,0,0,0,0,0,0,0
32,cn3346,coarse_surface_mesh,setup,8.752542889,1,5673412536,166857400,2.94104119771,15310774815,19036332451,0.804292258207,15315,0,0,0,0,0,0,90,0,0,0,0
32,cn3346,coarse_volume_mesh,setup,15.154888235,1,5368266860,129226025,2.40722058665,13562712902,22745528559,0.596280401522,31093,0,0,0,0,0,87276,2812590,0,0,0,0
32,cn3346,coarse_mesh_save,io,0,0,0,0,0,0,0,0,0,0,0,0,0,0,0,0,0,0,0,0
32,cn3346,submesh_initialization,setup,0.000351583999873,1,4395944411,112577586,2.56094198367,10907600222,18734292382,0.582226432661,5,0,0,0,0,0,1,0,0,0,0,0
32,cn3346,metis_partition,compute,0.181340725,1,4510231678,118624971,2.63013032299,11168844931,19129260533,0.583861823186,423,0,0,0,0,0,0,1,0,0,0,0
32,cn3346,face_map_setup,compute,0.00761208199992,1,4398968122,112639065,2.56057925123,10915487104,18750128752,0.582155314685,214,0,0,0,0,0,0,0,0,0,0,0
32,cn3346,face_local_extract,compute,0.168102468,1,4456987070,114790188,2.5755109045,11070796178,19099923362,0.579625162268,654,0,0,0,0,0,0,1,0,0,0,0
32,cn3346,face_pre_collective_wait,synchronization,0.01864441,1,4419778672,112751619,2.55106934911,10954693235,18774799013,0.583478588901,0,0,0,0,0,0,0,1,0,0,0,0
32,cn3346,face_collective_setup,compute,0.000160842000241,1,4395864423,112573791,2.56090225192,10907454483,18734212218,0.58222114472,16,0,0,0,0,0,0,0,0,0,0,0
32,cn3346,face_allgatherv,communication,0.0757697129998,1,4539616714,113058585,2.49048746013,11187774216,18894160086,0.592128687651,1285,0,0,0,0,0,2,2,1,1,75808,4859624
32,cn3346,face_global_merge,compute,0.0859090879999,1,4414008545,113424714,2.56965324928,10951866047,18920509825,0.578835673473,495,0,0,0,0,0,0,1,0,0,0,0
32,cn3346,part_face_create,compute,0.0204351729999,1,4400371763,112756232,2.56242513299,10917943682,18778576183,0.581404232973,3,0,0,0,0,0,0,0,0,0,0,0
32,cn3346,surface_refine,compute,0.0211167419998,1,4401965012,112831617,2.56321021845,10919836204,18779811312,0.581466768893,51,0,0,0,0,0,0,0,0,0,0,0
32,cn3346,refined_surface_save,io,0,0,0,0,0,0,0,0,0,0,0,0,0,0,0,0,0,0,0,0
32,cn3346,local_volume_mesh,compute,12.517769354,1,8390949030,208545719,2.48536510297,21612697031,37239574539,0.580369064323,13321,0,0,0,0,0,65192,2451205,0,0,0,0
32,cn3346,volume_refine,compute,0.949151771,1,8250626333,209750794,2.5422408619,21047741134,36867080201,0.570908816734,9021,0,0,0,0,0,1,10,0,0,0,0
32,cn3346,refined_volume_save,io,0,0,0,0,0,0,0,0,0,0,0,0,0,0,0,0,0,0,0,0
32,cn3346,adjacency_build,compute,0.00412677500026,1,7953872903,198010548,2.48948594496,20475232231,35153268799,0.582455997139,0,0,0,0,0,0,0,0,0,0,0,0
32,cn3346,vertex_numbering_local,compute,0.0194345999998,1,7961192730,198157077,2.48903755656,20492529951,35186513552,0.582397284707,33,0,0,0,0,0,0,0,0,0,0,0
32,cn3346,vertex_count_pre_collective_wait,synchronization,4.501276346,1,13854151463,242529216,1.75058874336,32107414263,45035106451,0.712941897849,17,0,0,0,0,0,0,43,0,0,0,0
32,cn3346,vertex_count_allgather,communication,0.000520666999819,1,7953036500,197977992,2.48933840553,20473336389,35144577566,0.582546094075,50,0,0,0,0,0,1,0,1,1,4,256
32,cn3346,element_count_pre_collective_wait,synchronization,0.00130645799982,1,7954651558,197975286,2.48879896946,20476524041,35147009168,0.58259648618,1,0,0,0,0,0,0,0,0,0,0,0
32,cn3346,element_count_allgather,communication,0.000219483000365,1,7953222913,197975252,2.48924560729,20473706488,35144671276,0.582555071499,0,0,0,0,0,0,0,0,1,1,4,256
32,cn3346,vertex_exchange_prepare,compute,0.000202962999992,1,7952965447,197975098,2.48932425671,20473209651,35144259708,0.582547756621,32,0,0,0,0,0,0,0,0,0,0,0
32,cn3346,vertex_exchange,communication,0.00292843899979,1,7957377478,197993507,2.48817537621,20482073724,35149924813,0.582706046541,51,0,0,0,0,0,0,0,3,3,165682,122496
32,cn3346,vertex_exchange_unpack,compute,0.00183462400037,1,7953657786,197988013,2.48926994758,20474871254,35148226208,0.582529289895,0,0,0,0,0,0,0,0,0,0,0,0
32,cn3346,partition_result_io,io,0,0,0,0,0,0,0,0,0,0,0,0,0,0,0,0,0,0,0,0
32,cn3346,volume_exchange_pack,compute,0.295342249,2,16064515737,398762427,2.48225613226,41392557941,70925464694,0.583606439797,1225,0,0,0,0,0,0,3,0,0,0,0
32,cn3346,volume_size_exchange,communication,0.00733599800014,1,7962866067,197975291,2.48623158212,20492722736,35160251254,0.582837778603,2,0,0,0,0,0,0,0,4,4,16,16
32,cn3346,volume_payload_prepare,compute,0.000350684000296,1,7952966211,197975138,2.48932452053,20473301159,35144495905,0.582546445234,68,0,0,0,0,0,0,0,0,0,0,0
32,cn3346,volume_payload_exchange,communication,0.0243920860003,1,7982092189,197986770,2.4803869125,20530790174,35192840990,0.583379732822,373,0,0,0,0,0,1,1,4,4,3082800,3090480
32,cn3346,volume_exchange_unpack,compute,0.216684997,1,8086236902,200829582,2.48359755513,20847388377,35565421492,0.586170147926,8042,0,0,0,0,0,0,1,0,0,0,0
32,cn3346,final_mesh_save,io,0,0,0,0,0,0,0,0,0,0,0,0,0,0,0,0,0,0,0,0
32,cn3346,testout_io,io,0,0,0,0,0,0,0,0,0,0,0,0,0,0,0,0,0,0,0,0
32,cn3346,final_count_exchange,communication,0,0,0,0,0,0,0,0,0,0,0,0,0,0,0,0,0,0,0,0
32,cn3346,quality_surface_compute,postprocess,0,0,0,0,0,0,0,0,0,0,0,0,0,0,0,0,0,0,0,0
32,cn3346,quality_reduce_pre_collective_wait,synchronization,0,0,0,0,0,0,0,0,0,0,0,0,0,0,0,0,0,0,0,0
32,cn3346,quality_reduce,communication,0,0,0,0,0,0,0,0,0,0,0,0,0,0,0,0,0,0,0,0
32,cn3346,quality_summary_io,io,0,0,0,0,0,0,0,0,0,0,0,0,0,0,0,0,0,0,0,0
32,cn3346,quality_volume_compute,postprocess,0,0,0,0,0,0,0,0,0,0,0,0,0,0,0,0,0,0,0,0
32,cn3346,quality_rank_io,io,0,0,0,0,0,0,0,0,0,0,0,0,0,0,0,0,0,0,0,0
33,cn3346,geometry_load,io,1.755667055,1,1400983029,23667434,1.68934480362,3315466742,3789171903,0.874984515581,6104,0,1035180,0,0,0,0,2,0,0,0,0
33,cn3346,coarse_local_size,setup,0.559537202,1,266904897,6437296,2.41183135729,632231239,900453560,0.702125314492,8502,0,0,0,0,0,130,90,0,0,0,0
33,cn3346,coarse_edge_mesh,setup,0.0138720260002,1,6304207,177585,2.81692844159,12805508,26959431,0.474991775605,487,0,0,0,0,0,0,1,0,0,0,0
33,cn3346,coarse_surface_mesh,setup,8.770865135,1,5677700876,167926999,2.95765843724,15314570010,19091235875,0.802178031337,15381,0,0,0,0,0,0,9,0,0,0,0
33,cn3346,coarse_volume_mesh,setup,15.069425712,1,5312528652,128175809,2.41270809809,13420997789,22542690072,0.595359193873,31419,0,0,0,0,0,89858,2818472,0,0,0,0
33,cn3346,coarse_mesh_save,io,0,0,0,0,0,0,0,0,0,0,0,0,0,0,0,0,0,0,0,0
33,cn3346,submesh_initialization,setup,0.000131960999624,1,2913455174,64131002,2.20120091678,7846884137,13189915131,0.594915437974,1,0,0,0,0,0,0,0,0,0,0,0
33,cn3346,metis_partition,compute,0.182029074,1,3026443973,70219219,2.32018896191,8108173707,13586131325,0.596797831041,594,0,0,0,0,0,0,0,0,0,0,0
33,cn3346,face_map_setup,compute,0.0078918449999,1,2916544612,64204005,2.20137229295,7854773702,13206376522,0.594771297707,215,0,0,0,0,0,0,0,0,0,0,0
33,cn3346,face_local_extract,compute,0.175876811,1,2974550754,66294183,2.22871245047,8010082284,13564626347,0.59051256401,2237,0,0,0,0,0,0,0,0,0,0,0
33,cn3346,face_pre_collective_wait,synchronization,0.0102459569998,1,2925932809,64126882,2.19167308978,7871452985,13210216387,0.595861018049,35,0,0,0,0,0,0,1,0,0,0,0
33,cn3346,face_collective_setup,compute,0.000121521999972,1,2913375400,64127463,2.20113971581,7846738190,13189790825,0.594909979552,38,0,0,0,0,0,0,0,0,0,0,0
33,cn3346,face_allgatherv,communication,0.0759429959999,1,3057994886,64592453,2.11224856182,8128663429,13351293850,0.608829640058,1039,0,0,0,0,0,0,0,1,1,75808,4859624
33,cn3346,face_global_merge,compute,0.0827658069998,1,2931529625,64970651,2.21627134333,7891149863,13369070793,0.590254175865,703,0,0,0,0,0,0,0,0,0,0,0
33,cn3346,part_face_create,compute,0.0201533290001,1,2917901010,64304566,2.20379532341,7857215723,13233367546,0.593742726157,34,0,0,0,0,0,0,0,0,0,0,0
33,cn3346,surface_refine,compute,0.0201383299996,1,2919391439,64383295,2.20536698642,7858906213,13233394000,0.593869283496,16,0,0,0,0,0,0,0,0,0,0,0
33,cn3346,refined_surface_save,io,0,0,0,0,0,0,0,0,0,0,0,0,0,0,0,0,0,0,0,0
33,cn3346,local_volume_mesh,compute,13.741991643,1,7406474666,171830188,2.31999967257,19967511819,33861333921,0.589684737925,10070,0,0,0,0,0,67058,2627776,0,0,0,0
33,cn3346,volume_refine,compute,1.052838997,1,7320074429,179342123,2.45000409135,19481820434,34450246711,0.565505977285,8562,0,0,0,0,0,0,3,0,0,0,0
33,cn3346,refined_volume_save,io,0,0,0,0,0,0,0,0,0,0,0,0,0,0,0,0,0,0,0,0
33,cn3346,adjacency_build,compute,0.00406821399974,1,6994772185,166143321,2.37524992388,18853111595,32359755727,0.582609824192,6,0,0,0,0,0,0,0,0,0,0,0
33,cn3346,vertex_numbering_local,compute,0.0185921090001,1,6999598865,166241571,2.37501568599,18864746400,32388317946,0.582455267713,423,0,0,0,0,0,0,0,0,0,0,0
33,cn3346,vertex_count_pre_collective_wait,synchronization,3.177156162,1,11250855481,166113274,1.47645016222,27251722334,39328607283,0.692923655748,73,0,0,0,0,0,0,4,0,0,0,0
33,cn3346,vertex_count_allgather,communication,0.000503687000219,1,6994314382,166111898,2.37495612762,18852010087,32351754106,0.58271987433,42,0,0,0,0,0,0,0,1,1,4,256
33,cn3346,element_count_pre_collective_wait,synchronization,0.00102595399994,1,6995257145,166109476,2.37460142718,18853880638,32353082071,0.582753772782,4,0,0,0,0,0,0,0,0,0,0,0
33,cn3346,element_count_allgather,communication,0.00025522299984,1,6994006041,166109832,2.37503129145,18851405726,32351116655,0.582712675022,41,0,0,0,0,0,0,0,1,1,4,256
33,cn3346,vertex_exchange_prepare,compute,0.000168402000327,1,6993918449,166109336,2.37505394453,18851241929,32350923329,0.582711094125,39,0,0,0,0,0,0,0,0,0,0,0
33,cn3346,vertex_exchange,communication,0.00203068699966,1,6996743744,166120756,2.37425811318,18856810483,32354671012,0.582815707692,73,0,0,0,0,0,0,0,3,3,64768,113916
33,cn3346,vertex_exchange_unpack,compute,0.00257063400022,1,6994559213,166121613,2.37501189055,18852762978,32354907503,0.582686350633,846,0,0,0,0,0,0,0,0,0,0,0
33,cn3346,partition_result_io,io,0,0,0,0,0,0,0,0,0,0,0,0,0,0,0,0,0,0,0,0
33,cn3346,volume_exchange_pack,compute,0.285830602,2,14155824842,334564899,2.36344333682,38179712997,65317459497,0.584525382509,2027,0,0,0,0,0,0,0,0,0,0,0
33,cn3346,volume_size_exchange,communication,0.0167177429998,1,7016214328,166110024,2.36751638754,18895301793,32387474839,0.583413862517,5,0,0,0,0,0,0,0,4,4,16,16
33,cn3346,volume_payload_prepare,compute,0.000231764000091,1,6993918905,166109326,2.37505364669,18851303662,32351106273,0.58270970714,34,0,0,0,0,0,0,0,0,0,0,0
33,cn3346,volume_payload_exchange,communication,0.0187047899999,1,7016069988,166121309,2.36772593894,18895015298,32388563656,0.583385404141,203,0,0,0,0,0,0,0,4,4,1902000,1895520
33,cn3346,volume_exchange_unpack,compute,0.216011408,1,7134735466,169198544,2.37147606672,19248517517,32764685314,0.587477564107,8952,0,0,0,0,0,0,0,0,0,0,0
33,cn3346,final_mesh_save,io,0,0,0,0,0,0,0,0,0,0,0,0,0,0,0,0,0,0,0,0
33,cn3346,testout_io,io,0,0,0,0,0,0,0,0,0,0,0,0,0,0,0,0,0,0,0,0
33,cn3346,final_count_exchange,communication,0,0,0,0,0,0,0,0,0,0,0,0,0,0,0,0,0,0,0,0
33,cn3346,quality_surface_compute,postprocess,0,0,0,0,0,0,0,0,0,0,0,0,0,0,0,0,0,0,0,0
33,cn3346,quality_reduce_pre_collective_wait,synchronization,0,0,0,0,0,0,0,0,0,0,0,0,0,0,0,0,0,0,0,0
33,cn3346,quality_reduce,communication,0,0,0,0,0,0,0,0,0,0,0,0,0,0,0,0,0,0,0,0
33,cn3346,quality_summary_io,io,0,0,0,0,0,0,0,0,0,0,0,0,0,0,0,0,0,0,0,0
33,cn3346,quality_volume_compute,postprocess,0,0,0,0,0,0,0,0,0,0,0,0,0,0,0,0,0,0,0,0
33,cn3346,quality_rank_io,io,0,0,0,0,0,0,0,0,0,0,0,0,0,0,0,0,0,0,0,0
34,cn3346,geometry_load,io,1.758536473,1,1400004045,22419745,1.60140573022,3318035546,3796987591,0.873859992028,6105,0,1035180,0,0,0,0,2,0,0,0,0
34,cn3346,coarse_local_size,setup,0.554647176,1,266615949,6005443,2.25246952499,632406053,896016261,0.705797517887,8468,0,0,0,0,0,134,96,0,0,0,0
34,cn3346,coarse_edge_mesh,setup,0.013722704,1,6260776,169645,2.70964813307,12803347,26918320,0.475636926822,489,0,0,0,0,0,0,1,0,0,0,0
34,cn3346,coarse_surface_mesh,setup,8.712013267,1,5673314556,162551074,2.86518705063,15311489246,18963434506,0.807421737932,14237,0,0,0,0,0,0,6,0,0,0,0
34,cn3346,coarse_volume_mesh,setup,15.066858538,1,5333668278,125245420,2.34820415279,13466925022,22773915440,0.591331124307,21285,0,0,0,0,0,83807,2824242,0,0,0,0
34,cn3346,coarse_mesh_save,io,0,0,0,0,0,0,0,0,0,0,0,0,0,0,0,0,0,0,0,0
34,cn3346,submesh_initialization,setup,0.000325025000166,1,3630356343,74740018,2.05875156427,9832310667,16417974450,0.598874769658,3,0,0,0,0,0,1,0,0,0,0,0
34,cn3346,metis_partition,compute,0.180334831,1,3743228387,80813696,2.158930411,10093542974,16811240157,0.600404424643,320,0,0,0,0,0,0,0,0,0,0,0
34,cn3346,face_map_setup,compute,0.00780804500027,1,3633417552,74805959,2.05883188291,9840196484,16434259813,0.59876116089,211,0,0,0,0,0,0,0,0,0,0,0
34,cn3346,face_local_extract,compute,0.174388992,1,3691597568,76896713,2.08301992792,9995508893,16795256175,0.595138817107,612,0,0,0,0,0,0,1,0,0,0,0
34,cn3346,face_pre_collective_wait,synchronization,0.013270298,1,3647317091,74735712,2.04905990171,9865736801,16446724523,0.599860281432,0,0,0,0,0,0,0,1,0,0,0,0
34,cn3346,face_collective_setup,compute,0.000111822000235,1,3630276138,74736362,2.05869634042,9832164707,16417817897,0.59887158992,16,0,0,0,0,0,0,0,0,0,0,0
34,cn3346,face_allgatherv,communication,0.0762445990003,1,3774291643,75270832,1.99430354407,10113100429,16580299055,0.609946804666,1024,0,0,0,0,0,0,0,1,1,75808,4859624
34,cn3346,face_global_merge,compute,0.0833553550001,1,3648493722,75592385,2.07187926744,9876576661,16599831599,0.594980533513,151,0,0,0,0,0,0,0,0,0,0,0
34,cn3346,part_face_create,compute,0.0202703109999,1,3634815132,74910605,2.06091925668,9842637244,16461860154,0.597905531448,3,0,0,0,0,0,0,0,0,0,0,0
34,cn3346,surface_refine,compute,0.0197285439999,1,3636231197,74985270,2.06217003093,9844308247,16460725141,0.598048273249,3,0,0,0,0,0,0,0,0,0,0,0
34,cn3346,refined_surface_save,io,0,0,0,0,0,0,0,0,0,0,0,0,0,0,0,0,0,0,0,0
34,cn3346,local_volume_mesh,compute,14.720594328,1,8355634232,185299677,2.21766142288,22523920732,38354270096,0.587259793385,7121,0,0,0,0,0,73069,2841248,0,0,0,0
34,cn3346,volume_refine,compute,0.954805587,1,8446305792,191813642,2.27097676456,22548590445,39173421443,0.575609421245,9518,0,0,0,0,0,0,1,0,0,0,0
34,cn3346,refined_volume_save,io,0,0,0,0,0,0,0,0,0,0,0,0,0,0,0,0,0,0,0,0
34,cn3346,adjacency_build,compute,0.00404923400038,1,8129935098,179353823,2.20609169493,21934896849,37285927092,0.588288895027,7,0,0,0,0,0,0,0,0,0,0,0
34,cn3346,vertex_numbering_local,compute,0.0175192739998,1,8136951896,179483124,2.20577835895,21951884154,37313167090,0.588314685297,461,0,0,0,0,0,0,0,0,0,0,0
34,cn3346,vertex_count_pre_collective_wait,synchronization,2.297889665,1,11089010680,179322905,1.61712266472,27765470427,42327905673,0.655961356593,32,0,0,0,0,0,0,3,0,0,0,0
34,cn3346,vertex_count_allgather,communication,0.000505086999965,1,8129279898,179322132,2.20587966277,21933390645,37277757880,0.588377410348,57,0,0,0,0,0,0,0,1,1,4,256
34,cn3346,element_count_pre_collective_wait,synchronization,0.00122677700028,1,8130549802,179319343,2.20550082549,21935895419,37279756665,0.588413052588,0,0,0,0,0,0,0,0,0,0,0,0
34,cn3346,element_count_allgather,communication,0.000100561000181,1,8129112591,179319369,2.2058910735,21933063419,37277277313,0.588376217363,0,0,0,0,0,0,0,0,1,1,4,256
34,cn3346,vertex_exchange_prepare,compute,0.000174961999619,1,8129020120,179319202,2.20591411207,21932890604,37277134221,0.588373839952,32,0,0,0,0,0,0,0,0,0,0,0
34,cn3346,vertex_exchange,communication,0.00251013399975,1,8133042251,179333992,2.20500504566,21940820238,37281730256,0.588514001022,59,0,0,0,0,0,0,0,4,5,159038,117546
34,cn3346,vertex_exchange_unpack,compute,0.00183310500006,1,8129680830,179332781,2.20590186442,21934476882,37281089661,0.588353963939,0,0,0,0,0,0,0,0,0,0,0,0
34,cn3346,partition_result_io,io,0,0,0,0,0,0,0,0,0,0,0,0,0,0,0,0,0,0,0,0
34,cn3346,volume_exchange_pack,compute,0.303064153,2,16420701055,365602885,2.22647549441,44320211312,75209430077,0.589290615108,1091,0,0,0,0,0,0,1,0,0,0,0
34,cn3346,volume_size_exchange,communication,0.015622209,1,8149062353,179319391,2.20049109005,21972420558,37311307283,0.588894417216,1,0,0,0,0,0,0,0,5,5,20,20
34,cn3346,volume_payload_prepare,compute,0.000364224999885,1,8129020834,179319325,2.20591543141,21932965600,37277330856,0.588372748165,102,0,0,0,0,0,0,0,0,0,0,0
34,cn3346,volume_payload_exchange,communication,0.00524326999994,1,8130840161,179336474,2.20563275687,21936627205,37282195187,0.588394194467,426,0,0,0,0,0,1,0,5,5,2959320,2966520
34,cn3346,volume_exchange_unpack,compute,0.230144697,1,8273805146,182625604,2.2072746551,22340391568,37725930318,0.592176027992,8936,0,0,0,0,0,0,0,0,0,0,0
34,cn3346,final_mesh_save,io,0,0,0,0,0,0,0,0,0,0,0,0,0,0,0,0,0,0,0,0
34,cn3346,testout_io,io,0,0,0,0,0,0,0,0,0,0,0,0,0,0,0,0,0,0,0,0
34,cn3346,final_count_exchange,communication,0,0,0,0,0,0,0,0,0,0,0,0,0,0,0,0,0,0,0,0
34,cn3346,quality_surface_compute,postprocess,0,0,0,0,0,0,0,0,0,0,0,0,0,0,0,0,0,0,0,0
34,cn3346,quality_reduce_pre_collective_wait,synchronization,0,0,0,0,0,0,0,0,0,0,0,0,0,0,0,0,0,0,0,0
34,cn3346,quality_reduce,communication,0,0,0,0,0,0,0,0,0,0,0,0,0,0,0,0,0,0,0,0
34,cn3346,quality_summary_io,io,0,0,0,0,0,0,0,0,0,0,0,0,0,0,0,0,0,0,0,0
34,cn3346,quality_volume_compute,postprocess,0,0,0,0,0,0,0,0,0,0,0,0,0,0,0,0,0,0,0,0
34,cn3346,quality_rank_io,io,0,0,0,0,0,0,0,0,0,0,0,0,0,0,0,0,0,0,0,0
35,cn3346,geometry_load,io,1.745975446,1,1400722250,23280495,1.66203506798,3316454501,3771774124,0.87928237269,6105,0,1035180,0,0,0,0,3,0,0,0,0
35,cn3346,coarse_local_size,setup,0.532886225,1,267273912,5952534,2.22712869934,632538696,902782153,0.700654852223,7993,0,0,0,0,0,113,67,0,0,0,0
35,cn3346,coarse_edge_mesh,setup,0.01349398,1,6306665,193731,3.07184542068,12809077,26393252,0.485316360409,526,0,0,0,0,0,0,0,0,0,0,0
35,cn3346,coarse_surface_mesh,setup,8.72336022,1,5672806001,166589207,2.9366279575,15312311816,19000647993,0.805883663633,15169,0,0,0,0,0,0,10,0,0,0,0
35,cn3346,coarse_volume_mesh,setup,14.996826382,1,5315472166,126730460,2.38418067186,13416896960,22732237655,0.590214529851,31754,0,0,0,0,0,88897,2630963,0,0,0,0
35,cn3346,coarse_mesh_save,io,0,0,0,0,0,0,0,0,0,0,0,0,0,0,0,0,0,0,0,0
35,cn3346,submesh_initialization,setup,0.000232082999901,1,3244338116,61690804,1.90149120697,8895941945,14071824945,0.632181112242,8,0,0,0,0,0,0,0,0,0,0,0
35,cn3346,metis_partition,compute,0.18024825,1,3357154665,67730689,2.01750278908,9157181988,14464609179,0.633074967645,279,0,0,0,0,0,0,0,0,0,0,0
35,cn3346,face_map_setup,compute,0.00791924499981,1,3247393048,61762276,1.90190331405,8903832854,14088317783,0.632001136768,219,0,0,0,0,0,0,0,0,0,0,0
35,cn3346,face_local_extract,compute,0.176728083,1,3305564326,63847589,1.93151857605,9059141279,14456147643,0.626663583046,718,0,0,0,0,0,0,1,0,0,0,0
35,cn3346,face_pre_collective_wait,synchronization,0.010945386,1,3258306243,61686596,1.89321050262,8923469490,14095594589,0.633067972667,0,0,0,0,0,0,0,0,0,0,0,0
35,cn3346,face_collective_setup,compute,0.000109282000267,1,3244258479,61687354,1.90143154127,8895796029,14071676910,0.632177393348,16,0,0,0,0,0,0,0,0,0,0,0
35,cn3346,face_allgatherv,communication,0.0764655620001,1,3388829802,62123883,1.83319572329,9177781206,14234352492,0.644762816655,1013,0,0,0,0,0,0,0,1,1,75808,4859624
35,cn3346,face_global_merge,compute,0.0839794030003,1,3262437618,62582251,1.91826659473,8940208523,14254528483,0.627183742602,393,0,0,0,0,0,0,0,0,0,0,0
35,cn3346,part_face_create,compute,0.0204952939998,1,3248789143,61868141,1.904344612,8906286416,14116142587,0.630929190543,3,0,0,0,0,0,0,0,0,0,0,0
35,cn3346,surface_refine,compute,0.02098368,1,3250372067,61964432,1.90637966124,8908259898,14117308355,0.63101688183,6,0,0,0,0,0,0,0,0,0,0,0
35,cn3346,refined_surface_save,io,0,0,0,0,0,0,0,0,0,0,0,0,0,0,0,0,0,0,0,0
35,cn3346,local_volume_mesh,compute,13.457392017,1,7624396068,164256880,2.15435922446,20696985332,34588696606,0.59837424832,13310,0,0,0,0,0,65761,2387459,0,0,0,0
35,cn3346,volume_refine,compute,1.052885898,1,7955582310,178072406,2.23833277139,21323475577,36707225038,0.580906771213,10397,0,0,0,0,0,0,2,0,0,0,0
35,cn3346,refined_volume_save,io,0,0,0,0,0,0,0,0,0,0,0,0,0,0,0,0,0,0,0,0
35,cn3346,adjacency_build,compute,0.00731339799995,1,7625297237,164291726,2.15456159798,20699001181,34604605648,0.598157406894,26,0,0,0,0,0,0,0,0,0,0,0
35,cn3346,vertex_numbering_local,compute,0.028949987,1,7631330980,164401205,2.15429268408,20713546098,34648833209,0.597813668733,465,0,0,0,0,0,0,0,0,0,0,0
35,cn3346,vertex_count_pre_collective_wait,synchronization,3.445706872,1,12073212291,164260556,1.36053729563,29472778923,42165241993,0.698982800286,32,0,0,0,0,0,0,3,0,0,0,0
35,cn3346,vertex_count_allgather,communication,0.000553846999992,1,7624851536,164259886,2.15426995823,20697879956,34589695025,0.598382840353,20,0,0,0,0,0,0,0,1,1,4,256
35,cn3346,element_count_pre_collective_wait,synchronization,0.00114467499998,1,7625816614,164257125,2.15396112068,20699787346,34591192423,0.598412078221,0,0,0,0,0,0,0,0,0,0,0,0
35,cn3346,element_count_allgather,communication,0.000299903999803,1,7624460450,164257444,2.15434842999,20697111443,34588918056,0.59837406332,39,0,0,0,0,0,1,0,1,1,4,256
35,cn3346,vertex_exchange_prepare,compute,0.000142981999943,1,7624397069,164256961,2.15436000399,20696994870,34588731466,0.598373921008,27,0,0,0,0,0,0,0,0,0,0,0
35,cn3346,vertex_exchange,communication,0.00218044899975,1,7627788413,164269679,2.15356889974,20703688479,34592592728,0.598500628207,54,0,0,0,0,0,0,0,4,3,128348,103070
35,cn3346,vertex_exchange_unpack,compute,0.00163786200028,1,7624975361,164268206,2.1543440893,20698382197,34592273864,0.59835275005,0,0,0,0,0,0,0,0,0,0,0,0
35,cn3346,partition_result_io,io,0,0,0,0,0,0,0,0,0,0,0,0,0,0,0,0,0,0,0,0
35,cn3346,volume_exchange_pack,compute,0.276552178,2,15413570464,330941243,2.14707710827,41858081211,69776380041,0.599888976562,871,0,0,0,0,0,0,0,0,0,0,0
35,cn3346,volume_size_exchange,communication,0.0423975070003,1,7679074622,164272228,2.13921906071,20804835290,34681799782,0.599877613641,1,0,0,0,0,0,0,0,5,5,20,20
35,cn3346,volume_payload_prepare,compute,0.000363064999874,1,7624398044,164257076,2.15436123681,20697045647,34588900660,0.598372462035,102,0,0,0,0,0,0,0,0,0,0,0
35,cn3346,volume_payload_exchange,communication,0.00488940499963,1,7625999195,164272390,2.15410972122,20700254475,34593190894,0.598391011064,470,0,0,0,0,0,2,0,5,5,2451960,2452560
35,cn3346,volume_exchange_unpack,compute,0.221669444,1,7766881216,167414487,2.15549179064,21098973155,35020782047,0.602470074103,8926,0,0,0,0,0,0,0,0,0,0,0
35,cn3346,final_mesh_save,io,0,0,0,0,0,0,0,0,0,0,0,0,0,0,0,0,0,0,0,0
35,cn3346,testout_io,io,0,0,0,0,0,0,0,0,0,0,0,0,0,0,0,0,0,0,0,0
35,cn3346,final_count_exchange,communication,0,0,0,0,0,0,0,0,0,0,0,0,0,0,0,0,0,0,0,0
35,cn3346,quality_surface_compute,postprocess,0,0,0,0,0,0,0,0,0,0,0,0,0,0,0,0,0,0,0,0
35,cn3346,quality_reduce_pre_collective_wait,synchronization,0,0,0,0,0,0,0,0,0,0,0,0,0,0,0,0,0,0,0,0
35,cn3346,quality_reduce,communication,0,0,0,0,0,0,0,0,0,0,0,0,0,0,0,0,0,0,0,0
35,cn3346,quality_summary_io,io,0,0,0,0,0,0,0,0,0,0,0,0,0,0,0,0,0,0,0,0
35,cn3346,quality_volume_compute,postprocess,0,0,0,0,0,0,0,0,0,0,0,0,0,0,0,0,0,0,0,0
35,cn3346,quality_rank_io,io,0,0,0,0,0,0,0,0,0,0,0,0,0,0,0,0,0,0,0,0
36,cn3346,geometry_load,io,1.794534695,1,1417075104,23030823,1.62523658309,3316828476,3873123906,0.856370350265,6105,0,1035180,0,0,0,0,7,0,0,0,0
36,cn3346,coarse_local_size,setup,0.557758138,1,269846449,6093470,2.25812495313,631391089,916381882,0.689004334767,8271,0,0,0,0,0,90,54,0,0,0,0
36,cn3346,coarse_edge_mesh,setup,0.0139280059998,1,6294897,172797,2.74503300054,12804664,27343040,0.468297014524,523,0,0,0,0,0,0,0,0,0,0,0
36,cn3346,coarse_surface_mesh,setup,8.691681216,1,5675283280,163313888,2.87763411873,15310997002,18917862557,0.809340746391,15331,0,0,0,0,0,0,25,0,0,0,0
36,cn3346,coarse_volume_mesh,setup,14.849710835,1,5295396427,128109324,2.41925842127,13379542422,22244689140,0.601471314694,26693,0,0,0,0,0,85074,2745862,0,0,0,0
36,cn3346,coarse_mesh_save,io,0,0,0,0,0,0,0,0,0,0,0,0,0,0,0,0,0,0,0,0
36,cn3346,submesh_initialization,setup,0.000256982999872,1,4868899016,117706997,2.41752799993,12208809070,20130715554,0.60647665689,3,0,0,0,0,0,0,0,0,0,0,0
36,cn3346,metis_partition,compute,0.178475686,1,4981616250,123739833,2.4839294476,12470086526,20519601071,0.607715836329,381,0,0,0,0,0,0,1,0,0,0,0
36,cn3346,face_map_setup,compute,0.00826220999988,1,4871939092,117781291,2.41754440636,12216693647,20147986874,0.606348104324,214,0,0,0,0,0,0,0,0,0,0,0
36,cn3346,face_local_extract,compute,0.169236042,1,4930050742,119920051,2.43243035976,12372006181,20498860841,0.603546034922,620,0,0,0,0,0,0,1,0,0,0,0
36,cn3346,face_pre_collective_wait,synchronization,0.0197561650002,1,4891721739,117893047,2.41005219205,12253875469,20173824616,0.607414593031,0,0,0,0,0,0,0,0,0,0,0,0
36,cn3346,face_collective_setup,compute,0.000182363000022,1,4868819290,117703526,2.41749629611,12208663188,20130659414,0.606471101464,15,0,0,0,0,0,0,0,0,0,0,0
36,cn3346,face_allgatherv,communication,0.0766812249999,1,5009454185,118403231,2.36359544628,12482897474,20293442885,0.615119748026,824,0,0,0,0,0,1,1,1,1,75808,4859624
36,cn3346,face_global_merge,compute,0.082985349,1,4886955118,118545184,2.42574734446,12253075516,20310735759,0.603280731008,417,0,0,0,0,0,0,0,0,0,0,0
36,cn3346,part_face_create,compute,0.0203684929998,1,4873307842,117906620,2.41943714255,12219033355,20174773792,0.60565900173,3,0,0,0,0,0,0,0,0,0,0,0
36,cn3346,surface_refine,compute,0.0130780750001,1,4873319850,117904102,2.41937951189,12217943088,20158366083,0.606097886986,47,0,0,0,0,0,0,0,0,0,0,0
36,cn3346,refined_surface_save,io,0,0,0,0,0,0,0,0,0,0,0,0,0,0,0,0,0,0,0,0
36,cn3346,local_volume_mesh,compute,9.897205255,1,7754278593,181469037,2.34024396755,19812194664,33515928396,0.591127729774,4438,0,0,0,0,0,63895,2138756,0,0,0,0
36,cn3346,volume_refine,compute,0.684996339,1,7875176252,191638295,2.43344769524,19953799734,34558625629,0.577389851906,6558,0,0,0,0,0,0,1,0,0,0,0
36,cn3346,refined_volume_save,io,0,0,0,0,0,0,0,0,0,0,0,0,0,0,0,0,0,0,0,0
36,cn3346,adjacency_build,compute,0.00524253000003,1,7653402008,181085098,2.36607325488,19530258526,33224677510,0.587823870378,6,0,0,0,0,0,0,0,0,0,0,0
36,cn3346,vertex_numbering_local,compute,0.018627469,1,7662432744,181311563,2.36624018843,19552070600,33254091907,0.587959841294,6,0,0,0,0,0,0,0,0,0,0,0
36,cn3346,vertex_count_pre_collective_wait,synchronization,7.395828949,1,16215869477,252151225,1.55496580284,36424621893,49469208224,0.736308972807,29,0,0,0,0,0,0,22,0,0,0,0
36,cn3346,vertex_count_allgather,communication,0.000545907000287,1,7652588661,181052109,2.3658936475,19528449662,33213798274,0.587961951864,19,0,0,0,0,0,1,0,1,1,4,256
36,cn3346,element_count_pre_collective_wait,synchronization,0.00140369900009,1,7654005487,181061414,2.36557726941,19531246233,33216351819,0.588000944217,0,0,0,0,0,0,0,0,0,0,0,0
36,cn3346,element_count_allgather,communication,0.000230923000345,1,7652682093,181050397,2.36584239094,19528636276,33213769201,0.587968085098,0,0,0,0,0,0,0,0,1,1,4,256
36,cn3346,vertex_exchange_prepare,compute,5.03009996464e-05,1,7652447631,181048463,2.36588960461,19528180380,33213380897,0.587961232871,0,0,0,0,0,0,0,0,0,0,0,0
36,cn3346,vertex_exchange,communication,0.00381315100003,1,7658062456,181068896,2.3644217717,19539286065,33219497592,0.588187284016,158,0,0,0,0,0,0,0,7,5,311850,84436
36,cn3346,vertex_exchange_unpack,compute,0.00133377800012,1,7652915591,181057180,2.36585883964,19529298306,33216197061,0.587945039889,0,0,0,0,0,0,0,0,0,0,0,0
36,cn3346,partition_result_io,io,0,0,0,0,0,0,0,0,0,0,0,0,0,0,0,0,0,0,0,0
36,cn3346,volume_exchange_pack,compute,0.278547185,2,15433679409,364683318,2.36290587834,39409787556,67024683511,0.587989162971,1619,0,0,0,0,0,0,1,0,0,0,0
36,cn3346,volume_size_exchange,communication,0.0402652580001,1,7698840289,181433222,2.3566305468,19619576592,33301677767,0.58914679102,2,0,0,0,0,0,0,0,7,7,28,28
36,cn3346,volume_payload_prepare,compute,0.000547507999727,1,7652449066,181048532,2.36589006263,19528286703,33213674009,0.587959245271,136,0,0,0,0,0,0,0,0,0,0,0
36,cn3346,volume_payload_exchange,communication,0.00498532700021,1,7652589648,181064352,2.36605332742,19528599862,33215495545,0.587936429717,628,0,0,0,0,0,2,0,7,7,4212000,4225800
36,cn3346,volume_exchange_unpack,compute,0.20339438,1,7765592502,184261452,2.3727932151,19841652865,33619212656,0.590187910348,6351,0,0,0,0,0,0,1,0,0,0,0
36,cn3346,final_mesh_save,io,0,0,0,0,0,0,0,0,0,0,0,0,0,0,0,0,0,0,0,0
36,cn3346,testout_io,io,0,0,0,0,0,0,0,0,0,0,0,0,0,0,0,0,0,0,0,0
36,cn3346,final_count_exchange,communication,0,0,0,0,0,0,0,0,0,0,0,0,0,0,0,0,0,0,0,0
36,cn3346,quality_surface_compute,postprocess,0,0,0,0,0,0,0,0,0,0,0,0,0,0,0,0,0,0,0,0
36,cn3346,quality_reduce_pre_collective_wait,synchronization,0,0,0,0,0,0,0,0,0,0,0,0,0,0,0,0,0,0,0,0
36,cn3346,quality_reduce,communication,0,0,0,0,0,0,0,0,0,0,0,0,0,0,0,0,0,0,0,0
36,cn3346,quality_summary_io,io,0,0,0,0,0,0,0,0,0,0,0,0,0,0,0,0,0,0,0,0
36,cn3346,quality_volume_compute,postprocess,0,0,0,0,0,0,0,0,0,0,0,0,0,0,0,0,0,0,0,0
36,cn3346,quality_rank_io,io,0,0,0,0,0,0,0,0,0,0,0,0,0,0,0,0,0,0,0,0
37,cn3346,geometry_load,io,1.775804224,1,1412976689,22269465,1.57606740248,3316020689,3834466286,0.864793283255,6108,0,1035180,0,0,0,0,4,0,0,0,0
37,cn3346,coarse_local_size,setup,0.556389759,1,268854173,5961666,2.21743480247,631854192,908151424,0.695758631547,8082,0,0,0,0,0,106,65,0,0,0,0
37,cn3346,coarse_edge_mesh,setup,0.0131126359997,1,6297511,174868,2.776779588,12806646,25665299,0.498986822635,489,0,0,0,0,0,0,0,0,0,0,0
37,cn3346,coarse_surface_mesh,setup,8.698222064,1,5675534041,161128139,2.83899520003,15313710598,18933797954,0.808802894971,15615,0,0,0,0,0,0,6,0,0,0,0
37,cn3346,coarse_volume_mesh,setup,14.785937561,1,5291184806,124413521,2.35133576999,13387905898,22121026836,0.605211774176,32602,0,0,0,0,0,83227,2794310,0,0,0,0
37,cn3346,coarse_mesh_save,io,0,0,0,0,0,0,0,0,0,0,0,0,0,0,0,0,0,0,0,0
37,cn3346,submesh_initialization,setup,0.000331084000209,1,3032143982,59568779,1.96457619934,8315111949,13189968015,0.630411835688,1,0,0,0,0,0,1,0,0,0,0,0
37,cn3346,metis_partition,compute,0.178996533,1,3144570187,65624639,2.08691920032,8576414354,13579860430,0.631553939616,446,0,0,0,0,0,0,0,0,0,0,0
37,cn3346,face_map_setup,compute,0.00840165199998,1,3035197088,59646271,1.96515314395,8323002095,13207547150,0.630170159567,220,0,0,0,0,0,0,0,0,0,0,0
37,cn3346,face_local_extract,compute,0.169961793,1,3093265238,61736162,1.99582503439,8478310132,13557200641,0.625373213579,761,0,0,0,0,0,0,1,0,0,0,0
37,cn3346,face_pre_collective_wait,synchronization,0.0184234460003,1,3053798105,59564481,1.95050487792,8357900807,13230142327,0.631731738059,0,0,0,0,0,0,0,0,0,0,0,0
37,cn3346,face_collective_setup,compute,0.000117342000067,1,3032061112,59565183,1.96451129445,8314965882,13189828687,0.630407420696,16,0,0,0,0,0,0,0,0,0,0,0
37,cn3346,face_allgatherv,communication,0.076980069,1,3173372519,60020739,1.89138648679,8590540099,13352094468,0.643385209683,1341,0,0,0,0,0,1,0,1,1,75808,4859624
37,cn3346,face_global_merge,compute,0.084264907,1,3050270069,60438441,1.98141278093,8359377137,13372608234,0.62511194456,502,0,0,0,0,0,0,0,0,0,0,0
37,cn3346,part_face_create,compute,0.0202947719999,1,3036570941,59742094,1.96741967044,8325394011,13233957318,0.629093309805,3,0,0,0,0,0,0,0,0,0,0,0
37,cn3346,surface_refine,compute,0.0171129690002,1,3037480095,59809630,1.96905422025,8325926174,13226563248,0.629485227408,53,0,0,0,0,0,0,0,0,0,0,0
37,cn3346,refined_surface_save,io,0,0,0,0,0,0,0,0,0,0,0,0,0,0,0,0,0,0,0,0
37,cn3346,local_volume_mesh,compute,10.501434814,1,6237135536,126230974,2.02386132659,16764825231,27415952028,0.611498926387,11766,0,0,0,0,0,67810,2300753,0,0,0,0
37,cn3346,volume_refine,compute,0.811975637,1,4938270668,99223262,2.00927143672,13018033430,21385745146,0.60872479968,7530,0,0,0,0,0,0,1,0,0,0,0
37,cn3346,refined_volume_save,io,0,0,0,0,0,0,0,0,0,0,0,0,0,0,0,0,0,0,0,0
37,cn3346,adjacency_build,compute,0.00414343600005,1,4677140921,87972176,1.88089641698,12517423116,19787446850,0.63259414976,10,0,0,0,0,0,0,0,0,0,0,0
37,cn3346,vertex_numbering_local,compute,0.0149956609998,1,4682126575,88067836,1.88093667673,12529283274,19811199857,0.632434348471,4,0,0,0,0,0,0,0,0,0,0,0
37,cn3346,vertex_count_pre_collective_wait,synchronization,6.66372098,1,12654901195,87944472,0.694943963962,28257469145,34423639496,0.820873956349,66,0,0,0,0,0,0,6,0,0,0,0
37,cn3346,vertex_count_allgather,communication,0.000542587999917,1,4676698212,87941052,1.8804089555,12516357270,19779401291,0.63279757996,45,0,0,0,0,0,0,0,1,1,4,256
37,cn3346,element_count_pre_collective_wait,synchronization,0.00123405700015,1,4677729581,87938696,1.8799439873,12518394125,19781096972,0.63284630487,2,0,0,0,0,0,0,0,0,0,0,0
37,cn3346,element_count_allgather,communication,0.000271083999905,1,4676552073,87938925,1.88042223474,12516071776,19778967299,0.632797030643,3,0,0,0,0,0,0,0,1,1,4,256
37,cn3346,vertex_exchange_prepare,compute,5.9900999986e-05,1,4676286521,87938529,1.88052054991,12515557248,19778458938,0.632787280709,6,0,0,0,0,0,0,0,0,0,0,0
37,cn3346,vertex_exchange,communication,0.0027304969999,1,4679903331,87949291,1.87929717303,12522669171,19783261909,0.632993144841,76,0,0,0,0,0,0,0,2,2,73128,122122
37,cn3346,vertex_exchange_unpack,compute,0.00291241900004,1,4676985385,87951936,1.88052620994,12517214497,19782798615,0.632732240802,1048,0,0,0,0,0,0,0,0,0,0,0
37,cn3346,partition_result_io,io,0,0,0,0,0,0,0,0,0,0,0,0,0,0,0,0,0,0,0,0
37,cn3346,volume_exchange_pack,compute,0.218712385,2,9479549462,177779432,1.8753995927,25388512789,40026883918,0.634286517057,2321,0,0,0,0,0,0,0,0,0,0,0
37,cn3346,volume_size_exchange,communication,0.0590924500002,1,4747014868,87938705,1.85250536274,12655333802,19908172785,0.635685350869,1,0,0,0,0,0,0,0,3,3,12,12
37,cn3346,volume_payload_prepare,compute,0.000204663000204,1,4676286947,87938532,1.88052044275,12515638999,19778639186,0.632785647248,34,0,0,0,0,0,0,0,0,0,0,0
37,cn3346,volume_payload_exchange,communication,0.0436808439999,1,4726484556,87949614,1.86078284945,12614568544,19871285520,0.634813914344,170,0,0,0,0,0,0,0,3,3,2093160,2082360
37,cn3346,volume_exchange_unpack,compute,0.175211383,1,4786445416,90231638,1.88514921111,12822626245,20122150640,0.637239352513,6736,0,0,0,0,0,0,0,0,0,0,0
37,cn3346,final_mesh_save,io,0,0,0,0,0,0,0,0,0,0,0,0,0,0,0,0,0,0,0,0
37,cn3346,testout_io,io,0,0,0,0,0,0,0,0,0,0,0,0,0,0,0,0,0,0,0,0
37,cn3346,final_count_exchange,communication,0,0,0,0,0,0,0,0,0,0,0,0,0,0,0,0,0,0,0,0
37,cn3346,quality_surface_compute,postprocess,0,0,0,0,0,0,0,0,0,0,0,0,0,0,0,0,0,0,0,0
37,cn3346,quality_reduce_pre_collective_wait,synchronization,0,0,0,0,0,0,0,0,0,0,0,0,0,0,0,0,0,0,0,0
37,cn3346,quality_reduce,communication,0,0,0,0,0,0,0,0,0,0,0,0,0,0,0,0,0,0,0,0
37,cn3346,quality_summary_io,io,0,0,0,0,0,0,0,0,0,0,0,0,0,0,0,0,0,0,0,0
37,cn3346,quality_volume_compute,postprocess,0,0,0,0,0,0,0,0,0,0,0,0,0,0,0,0,0,0,0,0
37,cn3346,quality_rank_io,io,0,0,0,0,0,0,0,0,0,0,0,0,0,0,0,0,0,0,0,0
38,cn3346,geometry_load,io,1.793678744,1,1404831129,26601213,1.8935523602,3317324369,3872738912,0.856583530256,6103,0,1035180,0,0,0,0,4,0,0,0,0
38,cn3346,coarse_local_size,setup,0.560256471,1,267605768,6755487,2.52441756039,631929817,923702868,0.684126723963,8316,0,0,0,0,0,101,71,0,0,0,0
38,cn3346,coarse_edge_mesh,setup,0.0145845550001,1,6300853,180631,2.86677057852,12805907,28652376,0.446940491078,524,0,0,0,0,0,0,0,0,0,0,0
38,cn3346,coarse_surface_mesh,setup,9.043156355,1,5674924151,164050007,2.89078765874,15312925262,19695056185,0.777500968678,14880,0,0,0,0,0,0,8,0,0,0,0
38,cn3346,coarse_volume_mesh,setup,15.339351542,1,5355735914,127871420,2.38756021681,13512421543,23238529557,0.581466288986,26617,0,0,0,0,0,88157,2719500,0,0,0,0
38,cn3346,coarse_mesh_save,io,0,0,0,0,0,0,0,0,0,0,0,0,0,0,0,0,0,0,0,0
38,cn3346,submesh_initialization,setup,0.000150062000102,1,5000324515,121584847,2.43153912582,12528373417,21667414423,0.578212664069,3,0,0,0,0,0,0,0,0,0,0,0
38,cn3346,metis_partition,compute,0.186048067,1,5114294446,127618673,2.49533292124,12789602033,22073159722,0.579418723648,284,0,0,0,0,0,0,0,0,0,0,0
38,cn3346,face_map_setup,compute,0.00778950499989,1,5003370651,121649903,2.43135900747,12536262540,21683754553,0.578140769365,219,0,0,0,0,0,0,0,0,0,0,0
38,cn3346,face_local_extract,compute,0.182218756,1,5061573915,123745373,2.44480027513,12691573440,22061922912,0.5752705007,712,0,0,0,0,0,0,1,0,0,0,0
38,cn3346,face_pre_collective_wait,synchronization,3.32399999934e-05,1,5000244205,121580583,2.43149290346,12528226563,21667216320,0.578211172952,0,0,0,0,0,0,0,0,0,0,0,0
38,cn3346,face_collective_setup,compute,0.000102742000308,1,5000244760,121581365,2.43150827281,12528227944,21667267106,0.578209881417,15,0,0,0,0,0,0,0,0,0,0,0
38,cn3346,face_allgatherv,communication,0.0771319719997,1,5131129754,123276972,2.40253078582,12779434347,21831522489,0.585366153618,959,0,0,0,0,0,0,0,1,1,75808,4859624
38,cn3346,face_global_merge,compute,0.0871343049998,1,5018428036,122443912,2.4398857794,12572639369,21857120954,0.57521937109,286,0,0,0,0,0,0,0,0,0,0,0
38,cn3346,part_face_create,compute,0.0214479259998,1,5004748772,121763950,2.43296827767,12538650112,21713904907,0.577447960913,3,0,0,0,0,0,0,0,0,0,0,0
38,cn3346,surface_refine,compute,0.019191157,1,5005755634,121828303,2.43376448847,12539312634,21708710490,0.577616650228,51,0,0,0,0,0,0,0,0,0,0,0
38,cn3346,refined_surface_save,io,0,0,0,0,0,0,0,0,0,0,0,0,0,0,0,0,0,0,0,0
38,cn3346,local_volume_mesh,compute,11.605610758,1,8525675200,203586719,2.38792487661,21929943250,38359364593,0.571697250011,6759,0,0,0,0,0,64642,2326944,0,0,0,0
38,cn3346,volume_refine,compute,0.916262551,1,7945335046,200797251,2.52723453243,20143723331,36782422221,0.547645372835,7768,0,0,0,0,0,0,30,0,0,0,0
38,cn3346,refined_volume_save,io,0,0,0,0,0,0,0,0,0,0,0,0,0,0,0,0,0,0,0,0
38,cn3346,adjacency_build,compute,0.00447885999984,1,7677538780,189896731,2.47340634078,19629027515,34985140385,0.561067564657,5,0,0,0,0,0,0,0,0,0,0,0
38,cn3346,vertex_numbering_local,compute,0.0174503329999,1,7684511283,190063064,2.47332663068,19645805417,35013590652,0.561090852185,5,0,0,0,0,0,0,1,0,0,0,0
38,cn3346,vertex_count_pre_collective_wait,synchronization,5.44617296,1,14506717045,189870331,1.30884424375,33099350333,46945149485,0.705064329246,28,0,0,0,0,0,0,119,0,0,0,0
38,cn3346,vertex_count_allgather,communication,0.000525406999714,1,7677056643,189865017,2.47314857541,19627859694,34976353766,0.561175124923,24,0,0,0,0,0,0,0,1,1,4,256
38,cn3346,element_count_pre_collective_wait,synchronization,0.00143530000014,1,7678380246,189862515,2.47268966784,19630371797,34978543331,0.561211815233,0,0,0,0,0,0,0,0,0,0,0,0
38,cn3346,element_count_allgather,communication,0.000227602999985,1,7676900887,189862492,2.47316586204,19627547947,34975885557,0.561173723965,0,0,0,0,0,0,0,0,1,1,4,256
38,cn3346,vertex_exchange_prepare,compute,2.03399999918e-05,1,7676649708,189862301,2.47324429565,19627074919,34975439159,0.561167361753,0,0,0,0,0,0,0,0,0,0,0,0
38,cn3346,vertex_exchange,communication,0.00325652299989,1,7681533249,189877969,2.47187589827,19636766660,34981407339,0.561348675018,65,0,0,0,0,0,0,0,5,1,224004,60962
38,cn3346,vertex_exchange_unpack,compute,0.000979133000328,1,7676989208,189868422,2.47321465298,19627883121,34977541038,0.561156746258,0,0,0,0,0,0,0,0,0,0,0,0
38,cn3346,partition_result_io,io,0,0,0,0,0,0,0,0,0,0,0,0,0,0,0,0,0,0,0,0
38,cn3346,volume_exchange_pack,compute,0.258051491,2,15498180818,382596352,2.46865329869,39659475326,70508228857,0.562480095854,1099,0,0,0,0,0,0,0,0,0,0,0
38,cn3346,volume_size_exchange,communication,0.0612952000001,1,7752453131,189871289,2.44917687075,19776811210,35109975611,0.563281827054,2,0,0,0,0,0,0,1,4,4,16,16
38,cn3346,volume_payload_prepare,compute,0.000391666000269,1,7676650761,189862431,2.47324564984,19627143105,34975731981,0.5611646131,68,0,0,0,0,0,0,0,0,0,0,0
38,cn3346,volume_payload_exchange,communication,0.00463328199976,1,7677231520,189876357,2.47323994991,19628312466,34978268058,0.56115735729,488,0,0,0,0,0,1,0,4,4,3038880,3045360
38,cn3346,volume_exchange_unpack,compute,0.202477607,1,7799431672,194365657,2.49204897451,19963850417,35376782033,0.564320700463,6143,0,0,0,0,0,0,7,0,0,0,0
38,cn3346,final_mesh_save,io,0,0,0,0,0,0,0,0,0,0,0,0,0,0,0,0,0,0,0,0
38,cn3346,testout_io,io,0,0,0,0,0,0,0,0,0,0,0,0,0,0,0,0,0,0,0,0
38,cn3346,final_count_exchange,communication,0,0,0,0,0,0,0,0,0,0,0,0,0,0,0,0,0,0,0,0
38,cn3346,quality_surface_compute,postprocess,0,0,0,0,0,0,0,0,0,0,0,0,0,0,0,0,0,0,0,0
38,cn3346,quality_reduce_pre_collective_wait,synchronization,0,0,0,0,0,0,0,0,0,0,0,0,0,0,0,0,0,0,0,0
38,cn3346,quality_reduce,communication,0,0,0,0,0,0,0,0,0,0,0,0,0,0,0,0,0,0,0,0
38,cn3346,quality_summary_io,io,0,0,0,0,0,0,0,0,0,0,0,0,0,0,0,0,0,0,0,0
38,cn3346,quality_volume_compute,postprocess,0,0,0,0,0,0,0,0,0,0,0,0,0,0,0,0,0,0,0,0
38,cn3346,quality_rank_io,io,0,0,0,0,0,0,0,0,0,0,0,0,0,0,0,0,0,0,0,0
39,cn3346,geometry_load,io,1.764711196,1,1401823687,26254527,1.87288367599,3316593285,3809640319,0.870579111749,6108,0,1035180,0,0,0,0,11,0,0,0,0
39,cn3346,coarse_local_size,setup,0.552557048,1,267158231,6009879,2.24955786595,631887738,908735035,0.695348714051,7801,0,0,0,0,0,128,60,0,0,0,0
39,cn3346,coarse_edge_mesh,setup,0.0133787990003,1,6310285,167777,2.65878640981,12805731,26133442,0.490013179282,507,0,0,0,0,0,0,0,0,0,0,0
39,cn3346,coarse_surface_mesh,setup,8.941111491,1,5675383802,164684230,2.90172851292,15313504197,19459333358,0.786949065277,15064,0,0,0,0,0,0,18,0,0,0,0
39,cn3346,coarse_volume_mesh,setup,15.21662914,1,5321784582,124779905,2.34470041163,13431631376,22936195006,0.585608527155,32327,0,0,0,0,0,89015,2798849,0,0,0,0
39,cn3346,coarse_mesh_save,io,0,0,0,0,0,0,0,0,0,0,0,0,0,0,0,0,0,0,0,0
39,cn3346,submesh_initialization,setup,0.000184221999916,1,3928046628,103672768,2.63929575736,9556329546,17235732174,0.554448714422,38,0,0,0,0,0,0,0,0,0,0,0
39,cn3346,metis_partition,compute,0.186781257,1,4041073481,109711213,2.7149026989,9817608974,17637621429,0.556628852338,1607,0,0,0,0,0,0,1,0,0,0,0
39,cn3346,face_map_setup,compute,0.0085210340003,1,3931114149,103740203,2.63895168311,9564220415,17252403184,0.55437032818,803,0,0,0,0,0,0,0,0,0,0,0
39,cn3346,face_local_extract,compute,0.177486493,1,3989423859,105830473,2.65277585788,9719527941,17621715301,0.55156537119,852,0,0,0,0,0,0,0,0,0,0,0
39,cn3346,face_pre_collective_wait,synchronization,0.00318560200003,1,3931872872,103668362,2.63661530713,9563879368,17242402800,0.554672076678,0,0,0,0,0,0,0,0,0,0,0,0
39,cn3346,face_collective_setup,compute,0.000109780999992,1,3927967080,103669045,2.63925442573,9556183642,17235566348,0.554445583571,16,0,0,0,0,0,0,0,0,0,0,0
39,cn3346,face_allgatherv,communication,0.0771774720001,1,4070619610,104128423,2.55804847852,9834364171,17398875539,0.565229870687,1345,0,0,0,0,0,0,0,1,1,75808,4859624
39,cn3346,face_global_merge,compute,0.0884580830002,1,3946128465,104526414,2.64883454573,9600595845,17427504501,0.55088758373,614,0,0,0,0,0,0,0,0,0,0,0
39,cn3346,part_face_create,compute,0.0213399250001,1,3932440781,103843555,2.64068960687,9566548809,17281917814,0.553558286294,7,0,0,0,0,0,0,0,0,0,0,0
39,cn3346,surface_refine,compute,0.0154755670001,1,3932460833,103852993,2.64091614412,9565399226,17268780501,0.553912838573,51,0,0,0,0,0,0,0,0,0,0,0
39,cn3346,refined_surface_save,io,0,0,0,0,0,0,0,0,0,0,0,0,0,0,0,0,0,0,0,0
39,cn3346,local_volume_mesh,compute,11.958336034,1,7485824683,180135269,2.40635169308,19024906569,33861339908,0.56184742307,5207,0,0,0,0,0,72214,2550561,0,0,0,0
39,cn3346,volume_refine,compute,0.792302154,1,7720650657,189334085,2.45230736905,19475968664,35437891517,0.549580345508,6265,0,0,0,0,0,0,0,0,0,0,0
39,cn3346,refined_volume_save,io,0,0,0,0,0,0,0,0,0,0,0,0,0,0,0,0,0,0,0,0
39,cn3346,adjacency_build,compute,0.00429951699971,1,7486704530,180169993,2.40653270445,19026881357,33870680201,0.561750789889,9,0,0,0,0,0,0,0,0,0,0,0
39,cn3346,vertex_numbering_local,compute,0.0153921659999,1,7493465107,180318985,2.40634983182,19043013345,33894951021,0.561824483334,4,0,0,0,0,0,0,0,0,0,0,0
39,cn3346,vertex_count_pre_collective_wait,synchronization,5.222306067,1,13895008165,180144752,1.29647100499,31667437929,45338327692,0.698469474748,61,0,0,0,0,0,0,5,0,0,0,0
39,cn3346,vertex_count_allgather,communication,0.00040636499989,1,7485885262,180137950,2.40636803391,19025021144,33861655973,0.561845562402,59,0,0,0,0,0,0,0,1,1,4,256
39,cn3346,element_count_pre_collective_wait,synchronization,0.00135731799992,1,7487404486,180137704,2.4058764868,19028003475,33864241940,0.561890725583,5,0,0,0,0,0,0,0,0,0,0,0
39,cn3346,element_count_allgather,communication,0.000148361999891,1,7485921372,180135745,2.40632697097,19025096768,33861547690,0.56184959241,38,0,0,0,0,0,0,0,1,1,4,256
39,cn3346,vertex_exchange_prepare,compute,0.000180062999789,1,7485825622,180136197,2.40636378799,19024928455,33861524027,0.561845014413,86,0,0,0,0,0,0,0,0,0,0,0
39,cn3346,vertex_exchange,communication,0.00286051800003,1,7490801285,180150309,2.40495378459,19034699723,33866995801,0.562042757936,53,0,0,0,0,0,0,0,0,4,0,291654
39,cn3346,vertex_exchange_unpack,compute,0.00631454399991,1,7487450171,180165904,2.40623843746,19028796086,33871710427,0.561790232797,1754,0,0,0,0,0,0,0,0,0,0,0
39,cn3346,partition_result_io,io,0,0,0,0,0,0,0,0,0,0,0,0,0,0,0,0,0,0,0,0
39,cn3346,volume_exchange_pack,compute,0.313818876,2,15097368144,365798842,2.42293119245,38398295104,68398495814,0.561390928953,2225,0,0,0,0,0,0,0,0,0,0,0
39,cn3346,volume_size_exchange,communication,0.00011498099957,1,7485829704,180135832,2.40635759993,19024916207,33861422485,0.561846337537,5,0,0,0,0,0,0,0,4,4,16,16
39,cn3346,volume_payload_prepare,compute,0.000333284000135,1,7485826077,180135330,2.40635205984,19025034067,33861779748,0.561843890327,35,0,0,0,0,0,0,0,0,0,0,0
39,cn3346,volume_payload_exchange,communication,0.00509740799998,1,7487307382,180158508,2.40618554586,19027911671,33865659905,0.561864488227,306,0,0,0,0,0,1,0,4,4,3141120,3127920
39,cn3346,volume_exchange_unpack,compute,0.186359252,1,7596458058,182506364,2.40251920838,19333176070,34227537355,0.56484274254,6760,0,0,0,0,0,0,0,0,0,0,0
39,cn3346,final_mesh_save,io,0,0,0,0,0,0,0,0,0,0,0,0,0,0,0,0,0,0,0,0
39,cn3346,testout_io,io,0,0,0,0,0,0,0,0,0,0,0,0,0,0,0,0,0,0,0,0
39,cn3346,final_count_exchange,communication,0,0,0,0,0,0,0,0,0,0,0,0,0,0,0,0,0,0,0,0
39,cn3346,quality_surface_compute,postprocess,0,0,0,0,0,0,0,0,0,0,0,0,0,0,0,0,0,0,0,0
39,cn3346,quality_reduce_pre_collective_wait,synchronization,0,0,0,0,0,0,0,0,0,0,0,0,0,0,0,0,0,0,0,0
39,cn3346,quality_reduce,communication,0,0,0,0,0,0,0,0,0,0,0,0,0,0,0,0,0,0,0,0
39,cn3346,quality_summary_io,io,0,0,0,0,0,0,0,0,0,0,0,0,0,0,0,0,0,0,0,0
39,cn3346,quality_volume_compute,postprocess,0,0,0,0,0,0,0,0,0,0,0,0,0,0,0,0,0,0,0,0
39,cn3346,quality_rank_io,io,0,0,0,0,0,0,0,0,0,0,0,0,0,0,0,0,0,0,0,0
40,cn3346,geometry_load,io,1.759601007,1,1402769415,24849968,1.77149342823,3316080746,3799584198,0.872748325395,6106,0,1035180,0,0,0,0,6,0,0,0,0
40,cn3346,coarse_local_size,setup,0.558063382,1,267216156,6301680,2.35827058301,631729144,903813073,0.698959954079,8280,0,0,0,0,0,110,59,0,0,0,0
40,cn3346,coarse_edge_mesh,setup,0.0126532290001,1,6300722,168588,2.67569335705,12796090,24703014,0.517997115656,515,0,0,0,0,0,0,0,0,0,0,0
40,cn3346,coarse_surface_mesh,setup,8.650410204,1,5673802147,162935590,2.87171786711,15310710965,18820695414,0.81350399803,16972,0,0,0,0,0,0,15,0,0,0,0
40,cn3346,coarse_volume_mesh,setup,15.044759163,1,5358086096,123505567,2.3050314009,13518933127,22519725888,0.600315172318,33704,0,0,0,0,0,85591,2806253,0,0,0,0
40,cn3346,coarse_mesh_save,io,0,0,0,0,0,0,0,0,0,0,0,0,0,0,0,0,0,0,0,0
40,cn3346,submesh_initialization,setup,0.000339445000009,1,2603302381,47319607,1.81767616952,7080913992,11044020358,0.641153652607,3,0,0,0,0,0,1,0,0,0,0,0
40,cn3346,metis_partition,compute,0.180679816,1,2718009305,53345550,1.96266988129,7342171955,11437290395,0.641950296043,506,0,0,0,0,0,0,1,0,0,0,0
40,cn3346,face_map_setup,compute,0.00808004800001,1,2606373180,47382726,1.81795632197,7088797609,11060833051,0.640891836656,218,0,0,0,0,0,0,0,0,0,0,0
40,cn3346,face_local_extract,compute,0.171522593,1,2664435812,49485038,1.8572426394,7244113269,11416981577,0.634503368525,656,0,0,0,0,0,0,0,0,0,0,0
40,cn3346,face_pre_collective_wait,synchronization,0.0154195059999,1,2621919433,47466231,1.81036192045,7116614503,11077580465,0.642434015757,0,0,0,0,0,0,0,0,0,0,0,0
40,cn3346,face_collective_setup,compute,0.000116921999961,1,2603222455,47316119,1.81759798934,7080768151,11043878855,0.641148661984,16,0,0,0,0,0,0,0,0,0,0,0
40,cn3346,face_allgatherv,communication,0.077011289,1,2745431528,47773485,1.7401084133,7358105106,11204690162,0.656698668113,1143,0,0,0,0,0,0,0,1,1,75808,4859624
40,cn3346,face_global_merge,compute,0.0827763060001,1,2621325048,48189673,1.8383707521,7125179803,11222402542,0.634906810403,905,0,0,0,0,0,0,0,0,0,0,0
40,cn3346,part_face_create,compute,0.020378572,1,2607695904,47497203,1.82142415176,7091118861,11087260401,0.639573583061,297,0,0,0,0,0,0,0,0,0,0,0
40,cn3346,surface_refine,compute,0.0121716630001,1,2607498780,47503453,1.8218015427,7089533924,11069950728,0.640430485934,70,0,0,0,0,0,0,0,0,0,0,0
40,cn3346,refined_surface_save,io,0,0,0,0,0,0,0,0,0,0,0,0,0,0,0,0,0,0,0,0
40,cn3346,local_volume_mesh,compute,11.33202792,1,6031717623,121166313,2.00881938733,16178318844,26463765718,0.611338500212,6662,0,0,0,0,0,71762,2441216,0,0,0,0
40,cn3346,volume_refine,compute,0.682932531,1,5754259445,122188747,2.12344869341,15280712857,25552456914,0.598013447726,5620,0,0,0,0,0,0,2,0,0,0,0
40,cn3346,refined_volume_save,io,0,0,0,0,0,0,0,0,0,0,0,0,0,0,0,0,0,0,0,0
40,cn3346,adjacency_build,compute,0.00412977499991,1,5532617985,112419713,2.03194424963,14856690320,24214958889,0.613533576006,8,0,0,0,0,0,0,0,0,0,0,0
40,cn3346,vertex_numbering_local,compute,0.0152339440001,1,5539971344,112550258,2.03160361329,14874355767,24239382609,0.613644167714,6,0,0,0,0,0,0,0,0,0,0,0
40,cn3346,vertex_count_pre_collective_wait,synchronization,5.967694194,1,12890392032,173550730,1.34635726803,29390511103,37319761573,0.787532124114,68,0,0,0,0,0,0,10,0,0,0,0
40,cn3346,vertex_count_allgather,communication,0.000500607000049,1,5532006591,112389118,2.03161576457,14855286520,24206806036,0.613682222178,47,0,0,0,0,0,0,0,1,1,4,256
40,cn3346,element_count_pre_collective_wait,synchronization,0.00136751899981,1,5533333250,112397233,2.03127532577,14857821395,24208996805,0.613731395591,2,0,0,0,0,0,0,0,0,0,0,0
40,cn3346,element_count_allgather,communication,0.000233483000102,1,5531962987,112386155,2.0315782167,14855197200,24206515721,0.613685892312,0,0,0,0,0,0,0,0,1,1,4,256
40,cn3346,vertex_exchange_prepare,compute,5.53400000172e-05,1,5531709701,112383979,2.03163190179,14854713720,24206054579,0.613677609935,8,0,0,0,0,0,0,0,0,0,0,0
40,cn3346,vertex_exchange,communication,0.00590995900029,1,5539479956,112423474,2.02949509508,14870139185,24217801725,0.614016885341,121,0,0,0,0,0,0,0,6,3,312708,2860
40,cn3346,vertex_exchange_unpack,compute,0.000273403999927,1,5531727281,112384583,2.03163636403,14854751719,24206252953,0.613674150553,175,0,0,0,0,0,0,0,0,0,0,0
40,cn3346,partition_result_io,io,0,0,0,0,0,0,0,0,0,0,0,0,0,0,0,0,0,0,0,0
40,cn3346,volume_exchange_pack,compute,0.251896488,2,11187165200,227400055,2.03268702066,30052311145,48951264621,0.613923079979,2746,0,0,0,0,0,0,0,0,0,0,0
40,cn3346,volume_size_exchange,communication,0.0608773540002,1,5608529843,112384484,2.00381360438,15006532251,24339586288,0.616548369945,2,0,0,0,0,0,0,1,6,6,24,24
40,cn3346,volume_payload_prepare,compute,0.000465265999992,1,5531710843,112384155,2.03163466402,14854819379,24206324490,0.613675132098,102,0,0,0,0,0,0,0,0,0,0,0
40,cn3346,volume_payload_exchange,communication,0.0351254100001,1,5571646881,112399130,2.01734123502,14933571792,24277086697,0.615130306959,445,0,0,0,0,0,2,0,6,6,3355080,3376560
40,cn3346,volume_exchange_unpack,compute,0.192181329,1,5640593267,115228112,2.04283674687,15158500164,24587500134,0.616512458826,6530,0,0,0,0,0,0,0,0,0,0,0
40,cn3346,final_mesh_save,io,0,0,0,0,0,0,0,0,0,0,0,0,0,0,0,0,0,0,0,0
40,cn3346,testout_io,io,0,0,0,0,0,0,0,0,0,0,0,0,0,0,0,0,0,0,0,0
40,cn3346,final_count_exchange,communication,0,0,0,0,0,0,0,0,0,0,0,0,0,0,0,0,0,0,0,0
40,cn3346,quality_surface_compute,postprocess,0,0,0,0,0,0,0,0,0,0,0,0,0,0,0,0,0,0,0,0
40,cn3346,quality_reduce_pre_collective_wait,synchronization,0,0,0,0,0,0,0,0,0,0,0,0,0,0,0,0,0,0,0,0
40,cn3346,quality_reduce,communication,0,0,0,0,0,0,0,0,0,0,0,0,0,0,0,0,0,0,0,0
40,cn3346,quality_summary_io,io,0,0,0,0,0,0,0,0,0,0,0,0,0,0,0,0,0,0,0,0
40,cn3346,quality_volume_compute,postprocess,0,0,0,0,0,0,0,0,0,0,0,0,0,0,0,0,0,0,0,0
40,cn3346,quality_rank_io,io,0,0,0,0,0,0,0,0,0,0,0,0,0,0,0,0,0,0,0,0
41,cn3346,geometry_load,io,1.778889385,1,1412393007,24559690,1.73887082974,3315619273,3841828728,0.863031516433,6106,0,1035180,0,0,0,1,6,0,0,0,0
41,cn3346,coarse_local_size,setup,0.559571282,1,268942398,6285208,2.33700898287,631716992,911684453,0.692911884064,8232,0,0,0,0,0,99,60,0,0,0,0
41,cn3346,coarse_edge_mesh,setup,0.0141063690003,1,6313575,191745,3.03702735772,12809871,28042245,0.456806186523,489,0,0,0,0,0,0,0,0,0,0,0
41,cn3346,coarse_surface_mesh,setup,8.689078141,1,5679202270,165862921,2.92053202395,15314048800,18907387422,0.809950547804,17345,0,0,0,0,0,0,8,0,0,0,0
41,cn3346,coarse_volume_mesh,setup,14.775599584,1,5299707773,127050125,2.39730435039,13389703311,22100877174,0.605844881431,31535,0,0,0,0,0,85701,2714726,0,0,0,0
41,cn3346,coarse_mesh_save,io,0,0,0,0,0,0,0,0,0,0,0,0,0,0,0,0,0,0,0,0
41,cn3346,submesh_initialization,setup,0.000130721999994,1,3600763372,83708244,2.32473604489,8876252687,13901355450,0.638517065399,1,0,0,0,0,0,0,0,0,0,0,0
41,cn3346,metis_partition,compute,0.180873839,1,3714274482,89743566,2.41618023748,9137577207,14294405981,0.63924147804,583,0,0,0,0,0,0,1,0,0,0,0
41,cn3346,face_map_setup,compute,0.00808946799998,1,3603818286,83773754,2.32458318793,8884140275,13918235750,0.6383093687,229,0,0,0,0,0,0,0,0,0,0,0
41,cn3346,face_local_extract,compute,0.169882332,1,3661883892,85862764,2.34477024757,9039452137,14271029176,0.633412771113,603,0,0,0,0,0,0,0,0,0,0,0
41,cn3346,face_pre_collective_wait,synchronization,0.0171628090002,1,3622282418,83704158,2.31081258557,8918808459,13938791435,0.639855219916,0,0,0,0,0,0,0,0,0,0,0,0
41,cn3346,face_collective_setup,compute,0.000117780999972,1,3600683134,83704856,2.32469375629,8876106637,13901248011,0.638511494074,16,0,0,0,0,0,0,0,0,0,0,0
41,cn3346,face_allgatherv,communication,0.0768869879998,1,3745310977,84163795,2.24717775151,9158222890,14065269576,0.651123168348,841,0,0,0,0,0,0,0,1,1,75808,4859624
41,cn3346,face_global_merge,compute,0.0833938149999,1,3618896410,84534296,2.33591367154,8920518453,14082010855,0.633469079441,535,0,0,0,0,0,0,0,0,0,0,0
41,cn3346,part_face_create,compute,0.0203733120002,1,3605253527,83893889,2.32698999867,8886673475,13945507274,0.637242754989,3,0,0,0,0,0,0,0,0,0,0,0
41,cn3346,surface_refine,compute,0.0199683870001,1,3607610024,83982219,2.32791844022,8890220255,13944491234,0.637543536427,49,0,0,0,0,0,0,0,0,0,0,0
41,cn3346,refined_surface_save,io,0,0,0,0,0,0,0,0,0,0,0,0,0,0,0,0,0,0,0,0
41,cn3346,local_volume_mesh,compute,15.687289514,1,8854999837,210535283,2.37758652598,23069134496,37530818318,0.614671769225,17024,0,0,0,0,0,78657,2921623,0,0,0,0
41,cn3346,volume_refine,compute,1.116942254,1,8150495951,201171735,2.46821464865,20895409918,35257369369,0.592653686079,8099,0,0,0,0,0,0,1,0,0,0,0
41,cn3346,refined_volume_save,io,0,0,0,0,0,0,0,0,0,0,0,0,0,0,0,0,0,0,0,0
41,cn3346,adjacency_build,compute,0.00422949599988,1,7793583575,188071712,2.41316090589,20198842753,33001273416,0.612062525539,2,0,0,0,0,0,0,0,0,0,0,0
41,cn3346,vertex_numbering_local,compute,0.0167964249999,1,7799205770,188215248,2.41326172883,20212137027,33028761889,0.611955637179,5,0,0,0,0,0,0,0,0,0,0,0
41,cn3346,vertex_count_pre_collective_wait,synchronization,1.169041111,1,9248983698,188037368,2.03305978408,23070359864,35562452986,0.648728024276,29,0,0,0,0,0,0,1,0,0,0,0
41,cn3346,vertex_count_allgather,communication,0.000615368000126,1,7792969755,188038607,2.41292617464,20197405025,32992699345,0.612178009862,19,0,0,0,0,0,1,0,1,1,4,256
41,cn3346,element_count_pre_collective_wait,synchronization,0.00107179399993,1,7794004903,188036131,2.41257393779,20199441141,32994347642,0.61220913837,0,0,0,0,0,0,0,0,0,0,0,0
41,cn3346,element_count_allgather,communication,0.000253983000221,1,7792918146,188036389,2.41291369263,20197308604,32992437841,0.612179939577,3,0,0,0,0,0,0,0,1,1,4,256
41,cn3346,vertex_exchange_prepare,compute,3.06400002046e-05,1,7792705785,188036020,2.41297471235,20196894574,32992065924,0.612174291253,0,0,0,0,0,0,0,0,0,0,0,0
41,cn3346,vertex_exchange,communication,0.00257861399996,1,7796225137,188057863,2.41216562754,20203869792,32997056671,0.612293090061,54,0,0,0,0,0,0,0,6,2,109076,84370
41,cn3346,vertex_exchange_unpack,compute,0.00133119800012,1,7793180571,188044494,2.41293644215,20198026982,32994917760,0.612155700127,0,0,0,0,0,0,0,0,0,0,0,0
41,cn3346,partition_result_io,io,0,0,0,0,0,0,0,0,0,0,0,0,0,0,0,0,0,0,0,0
41,cn3346,volume_exchange_pack,compute,0.27228554,2,15757471113,378554003,2.40237789608,40882108323,66575728434,0.614069260444,638,0,0,0,0,0,0,0,0,0,0,0
41,cn3346,volume_size_exchange,communication,0.0399297539998,1,7842074763,188046773,2.39792119666,20294290729,33079638619,0.613497957542,2,0,0,0,0,0,0,0,5,5,20,20
41,cn3346,volume_payload_prepare,compute,0.000261242999841,1,7792706355,188036017,2.41297449736,20196979818,32992322920,0.612172106431,34,0,0,0,0,0,0,0,0,0,0,0
41,cn3346,volume_payload_exchange,communication,0.0352887519998,1,7832852338,188052039,2.40081174629,20276206375,33065635985,0.613210838715,231,0,0,0,0,0,2,0,5,5,2026080,2017200
41,cn3346,volume_exchange_unpack,compute,0.231365773,1,7944829863,191286394,2.40768395672,20626979520,33441887693,0.61680069347,9673,0,0,0,0,0,0,1,0,0,0,0
41,cn3346,final_mesh_save,io,0,0,0,0,0,0,0,0,0,0,0,0,0,0,0,0,0,0,0,0
41,cn3346,testout_io,io,0,0,0,0,0,0,0,0,0,0,0,0,0,0,0,0,0,0,0,0
41,cn3346,final_count_exchange,communication,0,0,0,0,0,0,0,0,0,0,0,0,0,0,0,0,0,0,0,0
41,cn3346,quality_surface_compute,postprocess,0,0,0,0,0,0,0,0,0,0,0,0,0,0,0,0,0,0,0,0
41,cn3346,quality_reduce_pre_collective_wait,synchronization,0,0,0,0,0,0,0,0,0,0,0,0,0,0,0,0,0,0,0,0
41,cn3346,quality_reduce,communication,0,0,0,0,0,0,0,0,0,0,0,0,0,0,0,0,0,0,0,0
41,cn3346,quality_summary_io,io,0,0,0,0,0,0,0,0,0,0,0,0,0,0,0,0,0,0,0,0
41,cn3346,quality_volume_compute,postprocess,0,0,0,0,0,0,0,0,0,0,0,0,0,0,0,0,0,0,0,0
41,cn3346,quality_rank_io,io,0,0,0,0,0,0,0,0,0,0,0,0,0,0,0,0,0,0,0,0
42,cn3346,geometry_load,io,1.782452833,1,1404822727,24913555,1.77343052053,3316865857,3851323785,0.861227474542,5961,0,1035180,0,0,0,0,5,0,0,0,0
42,cn3346,coarse_local_size,setup,0.565754045,1,267330125,6148432,2.2999398216,631981392,912091995,0.692892159414,8249,0,0,0,0,0,132,60,0,0,0,0
42,cn3346,coarse_edge_mesh,setup,0.0149224400002,1,6311481,190327,3.01556797842,12801685,29426551,0.435038581314,526,0,0,0,0,0,0,0,0,0,0,0
42,cn3346,coarse_surface_mesh,setup,8.899059789,1,5676684483,165592353,2.91706106788,15313749389,19377131489,0.790300122477,14873,0,0,0,0,0,0,8,0,0,0,0
42,cn3346,coarse_volume_mesh,setup,15.363440623,1,5308383039,127475528,2.40140033346,13409857557,22910008122,0.585327490309,30411,0,0,0,0,0,87152,2863445,0,0,0,0
42,cn3346,coarse_mesh_save,io,0,0,0,0,0,0,0,0,0,0,0,0,0,0,0,0,0,0,0,0
42,cn3346,submesh_initialization,setup,0.000349124999957,1,4723675497,115666202,2.44864834753,11778585701,20187772841,0.583451468063,1,0,0,0,0,0,1,0,0,0,0,0
42,cn3346,metis_partition,compute,0.185753704,1,4837148541,121718424,2.51632595047,12039844439,20590540465,0.584726974965,256,0,0,0,0,0,0,1,0,0,0,0
42,cn3346,face_map_setup,compute,0.00777398400032,1,4726704219,115729291,2.44841406693,11786481864,20204072549,0.583371586863,211,0,0,0,0,0,0,0,0,0,0,0
42,cn3346,face_local_extract,compute,0.176627002,1,4784962885,117835982,2.4626310555,11941784920,20571900042,0.580490129527,757,0,0,0,0,0,0,0,0,0,0,0
42,cn3346,face_pre_collective_wait,synchronization,0.0056793560002,1,4730375363,115662066,2.44509277011,11791808034,20199855039,0.583757062179,0,0,0,0,0,0,0,1,0,0,0,0
42,cn3346,face_collective_setup,compute,0.000108421000277,1,4723593541,115662792,2.44861864164,11778439755,20187612813,0.583448863623,16,0,0,0,0,0,0,0,0,0,0,0
42,cn3346,face_allgatherv,communication,0.0767040249998,1,4864832028,116093008,2.38637238309,12053569932,20349304644,0.592333258697,1340,0,0,0,0,0,3,0,1,1,75808,4859624
42,cn3346,face_global_merge,compute,0.0873104869997,1,4741765488,116522445,2.45736414622,11822851891,20377135947,0.580201845919,529,0,0,0,0,0,0,0,0,0,0,0
42,cn3346,part_face_create,compute,0.0215465679998,1,4728128818,115842959,2.45008043264,11788967554,20234374859,0.582620794373,3,0,0,0,0,0,0,0,0,0,0,0
42,cn3346,surface_refine,compute,0.021476847,1,4730018469,115920007,2.45073053646,11791489189,20233992114,0.582756438896,52,0,0,0,0,0,0,0,0,0,0,0
42,cn3346,refined_surface_save,io,0,0,0,0,0,0,0,0,0,0,0,0,0,0,0,0,0,0,0,0
42,cn3346,local_volume_mesh,compute,15.884802655,1,9996935894,232753049,2.32824388861,25928317317,43994040536,0.589359763302,18111,0,0,0,0,0,81684,2925223,0,0,0,0
42,cn3346,volume_refine,compute,1.105107196,1,10333153336,245930871,2.38001762873,26580988737,46213609432,0.575176643065,8902,0,0,0,0,0,0,1,0,0,0,0
42,cn3346,refined_volume_save,io,0,0,0,0,0,0,0,0,0,0,0,0,0,0,0,0,0,0,0,0
42,cn3346,adjacency_build,compute,0.00421681699981,1,9997786451,232787449,2.32838989051,25930182220,44003190848,0.589279589055,6,0,0,0,0,0,0,0,0,0,0,0
42,cn3346,vertex_numbering_local,compute,0.0157720510001,1,10003500771,232893555,2.32812052832,25943680852,44028604043,0.589246046199,5,0,0,0,0,0,0,0,0,0,0,0
42,cn3346,vertex_count_pre_collective_wait,synchronization,0.977965976,1,11167048078,232754662,2.08429891565,28239838132,46144256211,0.611990320158,31,0,0,0,0,0,0,1,0,0,0,0
42,cn3346,vertex_count_allgather,communication,0.000569647999782,1,9997060552,232755947,2.32824384517,25928560447,43994523264,0.589358822947,24,0,0,0,0,0,1,0,1,1,4,256
42,cn3346,element_count_pre_collective_wait,synchronization,0.00122707699984,1,9998350626,232753251,2.32791647049,25931105483,43996717183,0.589387280309,0,0,0,0,0,0,0,0,0,0,0,0
42,cn3346,element_count_allgather,communication,0.000112420999812,1,9997038097,232753227,2.32822186673,25928518349,43994262899,0.589361353968,0,0,0,0,0,0,0,0,1,1,4,256
42,cn3346,vertex_exchange_prepare,compute,2.30400000873e-05,1,9996936822,232753078,2.32824396257,25928324606,43994075304,0.589359463219,0,0,0,0,0,0,0,0,0,0,0,0
42,cn3346,vertex_exchange,communication,0.00199248700028,1,9999969229,232764846,2.32765562243,25934464144,43997886313,0.589447955738,30,0,0,0,0,0,0,0,4,2,138314,68684
42,cn3346,vertex_exchange_unpack,compute,0.00112519499999,1,9997325627,232760139,2.32822404395,25929249166,43996490018,0.589348131076,0,0,0,0,0,0,0,0,0,0,0,0
42,cn3346,partition_result_io,io,0,0,0,0,0,0,0,0,0,0,0,0,0,0,0,0,0,0,0,0
42,cn3346,volume_exchange_pack,compute,0.303928003,2,20162155777,468893669,2.32561276773,52332598233,88649428077,0.59033204577,599,0,0,0,0,0,0,0,0,0,0,0
42,cn3346,volume_size_exchange,communication,0.00762122200013,1,10006000104,232753333,2.32613762323,25946195268,44010662141,0.589543397118,3,0,0,0,0,0,0,0,4,4,16,16
42,cn3346,volume_payload_prepare,compute,0.000348703999862,1,9996937479,232753225,2.32824528001,25928399261,43994337390,0.589357649171,68,0,0,0,0,0,0,0,0,0,0,0
42,cn3346,volume_payload_exchange,communication,0.0356889170002,1,10036776289,232767336,2.3191444075,26007048054,44068381514,0.590152103629,246,0,0,0,0,0,2,0,4,4,2168640,2175600
42,cn3346,volume_exchange_unpack,compute,0.224544262,1,10141685734,235838229,2.32543420478,26336917509,44429625783,0.59277828802,9115,0,0,0,0,0,0,1,0,0,0,0
42,cn3346,final_mesh_save,io,0,0,0,0,0,0,0,0,0,0,0,0,0,0,0,0,0,0,0,0
42,cn3346,testout_io,io,0,0,0,0,0,0,0,0,0,0,0,0,0,0,0,0,0,0,0,0
42,cn3346,final_count_exchange,communication,0,0,0,0,0,0,0,0,0,0,0,0,0,0,0,0,0,0,0,0
42,cn3346,quality_surface_compute,postprocess,0,0,0,0,0,0,0,0,0,0,0,0,0,0,0,0,0,0,0,0
42,cn3346,quality_reduce_pre_collective_wait,synchronization,0,0,0,0,0,0,0,0,0,0,0,0,0,0,0,0,0,0,0,0
42,cn3346,quality_reduce,communication,0,0,0,0,0,0,0,0,0,0,0,0,0,0,0,0,0,0,0,0
42,cn3346,quality_summary_io,io,0,0,0,0,0,0,0,0,0,0,0,0,0,0,0,0,0,0,0,0
42,cn3346,quality_volume_compute,postprocess,0,0,0,0,0,0,0,0,0,0,0,0,0,0,0,0,0,0,0,0
42,cn3346,quality_rank_io,io,0,0,0,0,0,0,0,0,0,0,0,0,0,0,0,0,0,0,0,0
43,cn3346,geometry_load,io,1.787063215,1,1405374238,26795728,1.90666139136,3317127254,3859357262,0.859502510084,6106,0,1035180,0,0,0,0,6,0,0,0,0
43,cn3346,coarse_local_size,setup,0.555742331,1,267055194,6511090,2.43810648371,631723173,911893127,0.692760099068,7822,0,0,0,0,0,91,47,0,0,0,0
43,cn3346,coarse_edge_mesh,setup,0.0147386370004,1,6328397,175757,2.77727519307,12805657,28942109,0.442457631543,526,0,0,0,0,0,0,0,0,0,0,0
43,cn3346,coarse_surface_mesh,setup,8.905988721,1,5674414434,167928782,2.95940284153,15313698191,19387597598,0.789870849835,15259,0,0,0,0,0,0,8,0,0,0,0
43,cn3346,coarse_volume_mesh,setup,15.52693921,1,5332616616,126233515,2.36719652077,13453377028,23170916331,0.580614803308,26175,0,0,0,0,0,89101,2814109,0,0,0,0
43,cn3346,coarse_mesh_save,io,0,0,0,0,0,0,0,0,0,0,0,0,0,0,0,0,0,0,0,0
43,cn3346,submesh_initialization,setup,0.000237722999827,1,4355127269,110548126,2.53834432777,10806347375,19023738453,0.568045413455,2,0,0,0,0,0,0,0,0,0,0,0
43,cn3346,metis_partition,compute,0.186048227,1,4468912953,116609925,2.60935771689,11067579438,19429350118,0.569631993391,296,0,0,0,0,0,0,1,0,0,0,0
43,cn3346,face_map_setup,compute,0.00781694399984,1,4358207550,110606972,2.5379005183,10814231759,19040093657,0.567971563261,231,0,0,0,0,0,0,0,0,0,0,0
43,cn3346,face_local_extract,compute,0.180161449,1,4416471528,112682650,2.55141801064,10969547339,19415831628,0.564979525429,673,0,0,0,0,0,0,0,0,0,0,0
43,cn3346,face_pre_collective_wait,synchronization,0.00193036599967,1,4357246805,110543069,2.53699351786,10810534023,19027577615,0.568150830428,0,0,0,0,0,0,0,1,0,0,0,0
43,cn3346,face_collective_setup,compute,0.000105060999886,1,4355046669,110543737,2.53829052595,10806201539,19023572143,0.568042713417,16,0,0,0,0,0,0,0,0,0,0,0
43,cn3346,face_allgatherv,communication,0.0765049030001,1,4497503931,110992999,2.46787997749,11083968702,19186245621,0.577703888554,831,0,0,0,0,0,1,0,1,1,75808,4859624
43,cn3346,face_global_merge,compute,0.0881583989999,1,4373196099,111412791,2.54762851877,10850613533,19215163750,0.564690141295,398,0,0,0,0,0,0,0,0,0,0,0
43,cn3346,part_face_create,compute,0.021367886,1,4359591337,110722689,2.53974926641,10816710618,19070043222,0.567209549138,3,0,0,0,0,0,0,0,0,0,0,0
43,cn3346,surface_refine,compute,0.0212562239999,1,4361284739,110813071,2.54083550219,10818875654,19069564033,0.567337335834,51,0,0,0,0,0,0,0,0,0,0,0
43,cn3346,refined_surface_save,io,0,0,0,0,0,0,0,0,0,0,0,0,0,0,0,0,0,0,0,0
43,cn3346,local_volume_mesh,compute,13.846380479,1,9200772946,218741258,2.37742262834,23404239967,39379741766,0.594321824304,7596,0,0,0,0,0,79028,2585965,0,0,0,0
43,cn3346,volume_refine,compute,1.435661516,1,6787376713,166698206,2.45600344653,16796607914,30506128654,0.55059781936,7526,0,0,0,0,0,0,1,0,0,0,0
43,cn3346,refined_volume_save,io,0,0,0,0,0,0,0,0,0,0,0,0,0,0,0,0,0,0,0,0
43,cn3346,adjacency_build,compute,0.00406579400033,1,6365543504,147683597,2.32004693562,16001805680,27679778346,0.578104545491,4,0,0,0,0,0,0,0,0,0,0,0
43,cn3346,vertex_numbering_local,compute,0.0146576760003,1,6369260199,147760039,2.31989327463,16010711789,27701674529,0.577969096137,324,0,0,0,0,0,0,0,0,0,0,0
43,cn3346,vertex_count_pre_collective_wait,synchronization,2.686978487,1,9619210330,147656262,1.535014382,22419888484,33578920525,0.667677463524,28,0,0,0,0,0,0,3,0,0,0,0
43,cn3346,vertex_count_allgather,communication,0.000570207000237,1,6365005151,147653564,2.31977131985,16000532128,27671611566,0.578229138908,21,0,0,0,0,0,0,0,1,1,4,256
43,cn3346,element_count_pre_collective_wait,synchronization,0.00103465400025,1,6365977596,147651154,2.31937910201,16002456991,27673187103,0.57826577515,0,0,0,0,0,0,0,0,0,0,0,0
43,cn3346,element_count_allgather,communication,0.00025226400021,1,6364836223,147651452,2.31979970618,16000202627,27671181665,0.578226214576,38,0,0,0,0,0,0,0,1,1,4,256
43,cn3346,vertex_exchange_prepare,compute,2.19210000978e-05,1,6364768911,147650958,2.31981647825,16000078690,27670963907,0.578226286001,0,0,0,0,0,0,0,0,0,0,0,0
43,cn3346,vertex_exchange,communication,0.00141547900012,1,6366746392,147658584,2.31921573295,16003999437,27673518960,0.578314577923,31,0,0,0,0,0,0,0,0,3,0,116028
43,cn3346,vertex_exchange_unpack,compute,0.00190502500027,1,6365421614,147663220,2.31977124147,16001648004,27675100978,0.578196553527,0,0,0,0,0,0,0,0,0,0,0,0
43,cn3346,partition_result_io,io,0,0,0,0,0,0,0,0,0,0,0,0,0,0,0,0,0,0,0,0
43,cn3346,volume_exchange_pack,compute,0.300845183,2,12930159702,297713680,2.3024748871,32574430431,55995842862,0.581729442153,579,0,0,0,0,0,0,0,0,0,0,0
43,cn3346,volume_size_exchange,communication,0.0026335550001,1,6367808422,147651483,2.3187174176,16006066174,27676586864,0.578325147268,4,0,0,0,0,0,0,0,3,3,12,12
43,cn3346,volume_payload_prepare,compute,9.16220001272e-05,1,6364768953,147650957,2.31981644723,16000146174,27671109387,0.578225684783,0,0,0,0,0,0,0,0,0,0,0,0
43,cn3346,volume_payload_exchange,communication,0.0102648779998,1,6375037608,147663660,2.31627904147,16020384181,27691009211,0.57854100076,26,0,0,0,0,0,1,0,3,3,1222560,1202880
43,cn3346,volume_exchange_unpack,compute,0.246936922,1,6535799605,151204573,2.31348239142,16482963774,28143234424,0.585681216511,11444,0,0,0,0,0,0,1,0,0,0,0
43,cn3346,final_mesh_save,io,0,0,0,0,0,0,0,0,0,0,0,0,0,0,0,0,0,0,0,0
43,cn3346,testout_io,io,0,0,0,0,0,0,0,0,0,0,0,0,0,0,0,0,0,0,0,0
43,cn3346,final_count_exchange,communication,0,0,0,0,0,0,0,0,0,0,0,0,0,0,0,0,0,0,0,0
43,cn3346,quality_surface_compute,postprocess,0,0,0,0,0,0,0,0,0,0,0,0,0,0,0,0,0,0,0,0
43,cn3346,quality_reduce_pre_collective_wait,synchronization,0,0,0,0,0,0,0,0,0,0,0,0,0,0,0,0,0,0,0,0
43,cn3346,quality_reduce,communication,0,0,0,0,0,0,0,0,0,0,0,0,0,0,0,0,0,0,0,0
43,cn3346,quality_summary_io,io,0,0,0,0,0,0,0,0,0,0,0,0,0,0,0,0,0,0,0,0
43,cn3346,quality_volume_compute,postprocess,0,0,0,0,0,0,0,0,0,0,0,0,0,0,0,0,0,0,0,0
43,cn3346,quality_rank_io,io,0,0,0,0,0,0,0,0,0,0,0,0,0,0,0,0,0,0,0,0
44,cn3346,geometry_load,io,1.771679209,1,1407775291,23221061,1.64948633127,3316431166,3821499900,0.867834947739,6105,0,1035180,0,0,0,0,1,0,0,0,0
44,cn3346,coarse_local_size,setup,0.556546202,1,267940989,6087293,2.27187823062,632315045,906717459,0.697367232453,7995,0,0,0,0,0,138,70,0,0,0,0
44,cn3346,coarse_edge_mesh,setup,0.014562755,1,6256945,191874,3.06657642028,12810890,28314609,0.452448063118,527,0,0,0,0,0,0,0,0,0,0,0
44,cn3346,coarse_surface_mesh,setup,8.673483592,1,5676747920,161476321,2.84452160419,15314288446,18891862815,0.810628819189,12166,0,0,0,0,0,0,11,0,0,0,0
44,cn3346,coarse_volume_mesh,setup,15.073859611,1,5335986496,127605588,2.3914151225,13470429093,22563786993,0.596993274984,25415,0,0,0,0,0,83856,2790572,0,0,0,0
44,cn3346,coarse_mesh_save,io,0,0,0,0,0,0,0,0,0,0,0,0,0,0,0,0,0,0,0,0
44,cn3346,submesh_initialization,setup,0.000131182000132,1,3758395927,99894840,2.65791156494,9074556416,15766434973,0.575561719028,1,0,0,0,0,0,0,0,0,0,0,0
44,cn3346,metis_partition,compute,0.178303304,1,3871214345,105931387,2.73638650716,9335862624,16154388419,0.577914953006,400,0,0,0,0,0,0,1,0,0,0,0
44,cn3346,face_map_setup,compute,0.00818726999978,1,3761435318,99968066,2.65771062237,9082451327,15783531105,0.575438491335,214,0,0,0,0,0,0,0,0,0,0,0
44,cn3346,face_local_extract,compute,0.173901705,1,3819468351,102082301,2.67268351558,9237754018,16144485274,0.57219253889,720,0,0,0,0,0,0,0,0,0,0,0
44,cn3346,face_pre_collective_wait,synchronization,0.0155731479999,1,3775044712,100029526,2.64975738385,9107410882,15800359127,0.576405308816,0,0,0,0,0,0,0,0,0,0,0,0
44,cn3346,face_collective_setup,compute,0.00011496199977,1,3758313384,99891351,2.65787710587,9074410608,15766305072,0.575557213092,16,0,0,0,0,0,0,0,0,0,0,0
44,cn3346,face_allgatherv,communication,0.0763357000001,1,3897632251,100558861,2.57999868957,9346060774,15928583252,0.586747774497,876,0,0,0,0,0,0,0,1,1,75808,4859624
44,cn3346,face_global_merge,compute,0.0835061169996,1,3776504646,100785134,2.66874116272,9118822455,15947549990,0.571800838418,478,0,0,0,0,0,0,0,0,0,0,0
44,cn3346,part_face_create,compute,0.0198413059998,1,3762779741,100071170,2.65950113714,9084750874,15809350697,0.574644148777,3,0,0,0,0,0,0,0,0,0,0,0
44,cn3346,surface_refine,compute,0.0130562750001,1,3762599701,100073290,2.65968473801,9083179637,15794296237,0.575092394159,50,0,0,0,0,0,0,0,0,0,0,0
44,cn3346,refined_surface_save,io,0,0,0,0,0,0,0,0,0,0,0,0,0,0,0,0,0,0,0,0
44,cn3346,local_volume_mesh,compute,11.097653726,1,7034600247,172911238,2.45801085959,17780312711,30831360372,0.576695692194,1874,0,0,0,0,0,68653,2431442,0,0,0,0
44,cn3346,volume_refine,compute,0.685296463,1,7016180043,178165069,2.53934573953,17593105715,31038914763,0.566808016625,4274,0,0,0,0,0,0,1,0,0,0,0
44,cn3346,refined_volume_save,io,0,0,0,0,0,0,0,0,0,0,0,0,0,0,0,0,0,0,0,0
44,cn3346,adjacency_build,compute,0.00408385499986,1,6790155531,168911258,2.48759041275,17168314765,29696525993,0.57812535948,0,0,0,0,0,0,0,0,0,0,0,0
44,cn3346,vertex_numbering_local,compute,0.0152256440001,1,6796623934,169021128,2.48683949033,17183920565,29720865091,0.578176998293,1,0,0,0,0,0,0,1,0,0,0,0
44,cn3346,vertex_count_pre_collective_wait,synchronization,6.199905979,1,13695084703,168883591,1.23316937911,30774845198,43160864185,0.713026622129,0,0,0,0,0,0,0,12,0,0,0,0
44,cn3346,vertex_count_allgather,communication,0.000533287000053,1,6789623155,168881843,2.48735223067,17167064417,29688599859,0.578237589463,11,0,0,0,0,0,0,0,1,1,4,256
44,cn3346,element_count_pre_collective_wait,synchronization,0.00147149999975,1,6790857821,168876499,2.48682130375,17169504658,29690836765,0.578276213429,0,0,0,0,0,0,0,0,0,0,0,0
44,cn3346,element_count_allgather,communication,0.000237903000198,1,6789500618,168878422,2.48734673582,17166825365,29688120512,0.578238873628,0,0,0,0,0,0,0,0,1,1,4,256
44,cn3346,vertex_exchange_prepare,compute,5.89400001445e-05,1,6789268614,168876481,2.4874031446,17166375947,29687753846,0.57823087715,0,0,0,0,0,0,0,0,0,0,0,0
44,cn3346,vertex_exchange,communication,0.00311390099978,1,6793522996,168891432,2.48606550827,17174835518,29693314848,0.5784074835,39,0,0,0,0,0,0,0,3,4,178090,102652
44,cn3346,vertex_exchange_unpack,compute,0.00164436199975,1,6789831523,168887021,2.4873521593,17167721349,29691216945,0.578208747078,0,0,0,0,0,0,0,0,0,0,0,0
44,cn3346,partition_result_io,io,0,0,0,0,0,0,0,0,0,0,0,0,0,0,0,0,0,0,0,0
44,cn3346,volume_exchange_pack,compute,0.236503682,2,13700402726,340340640,2.48416522351,34671710457,59886221075,0.578959731214,965,0,0,0,0,0,0,0,0,0,0,0
44,cn3346,volume_size_exchange,communication,0.0424516069997,1,6836209575,169266128,2.47602309647,17258964730,29780765361,0.579533954913,3,0,0,0,0,0,0,0,4,4,16,16
44,cn3346,volume_payload_prepare,compute,0.000288542999897,1,6789269304,168876399,2.48740168401,17166455383,29687839052,0.578231893299,68,0,0,0,0,0,0,0,0,0,0,0
44,cn3346,volume_payload_exchange,communication,0.044448654,1,6834737004,169264790,2.47653698893,17256136842,29779024781,0.579472866184,406,0,0,0,0,0,1,0,4,4,3025440,3020640
44,cn3346,volume_exchange_unpack,compute,0.18325071,1,6895907905,172871435,2.50686983326,17462091792,30049567948,0.58110957942,6250,0,0,0,0,0,0,0,0,0,0,0
44,cn3346,final_mesh_save,io,0,0,0,0,0,0,0,0,0,0,0,0,0,0,0,0,0,0,0,0
44,cn3346,testout_io,io,0,0,0,0,0,0,0,0,0,0,0,0,0,0,0,0,0,0,0,0
44,cn3346,final_count_exchange,communication,0,0,0,0,0,0,0,0,0,0,0,0,0,0,0,0,0,0,0,0
44,cn3346,quality_surface_compute,postprocess,0,0,0,0,0,0,0,0,0,0,0,0,0,0,0,0,0,0,0,0
44,cn3346,quality_reduce_pre_collective_wait,synchronization,0,0,0,0,0,0,0,0,0,0,0,0,0,0,0,0,0,0,0,0
44,cn3346,quality_reduce,communication,0,0,0,0,0,0,0,0,0,0,0,0,0,0,0,0,0,0,0,0
44,cn3346,quality_summary_io,io,0,0,0,0,0,0,0,0,0,0,0,0,0,0,0,0,0,0,0,0
44,cn3346,quality_volume_compute,postprocess,0,0,0,0,0,0,0,0,0,0,0,0,0,0,0,0,0,0,0,0
44,cn3346,quality_rank_io,io,0,0,0,0,0,0,0,0,0,0,0,0,0,0,0,0,0,0,0,0
45,cn3346,geometry_load,io,1.753299024,1,1401008053,23925957,1.70776727148,3316448604,3782543150,0.876777467562,6106,0,1035180,0,0,0,0,1,0,0,0,0
45,cn3346,coarse_local_size,setup,0.556153597,1,266561387,6099076,2.28805682197,632648250,900962582,0.702191481244,7876,0,0,0,0,0,163,71,0,0,0,0
45,cn3346,coarse_edge_mesh,setup,0.013055075,1,6327189,161802,2.5572493567,12802096,25333375,0.505345063577,523,0,0,0,0,0,0,0,0,0,0,0
45,cn3346,coarse_surface_mesh,setup,8.693936266,1,5676895102,162834969,2.8683807975,15313548241,18919308334,0.809413746563,15362,0,0,0,0,0,0,7,0,0,0,0
45,cn3346,coarse_volume_mesh,setup,14.78283084,1,5293705680,125642140,2.37342511267,13377269362,22088429005,0.605623394899,27086,0,0,0,0,0,86933,2710209,0,0,0,0
45,cn3346,coarse_mesh_save,io,0,0,0,0,0,0,0,0,0,0,0,0,0,0,0,0,0,0,0,0
45,cn3346,submesh_initialization,setup,0.000134521999826,1,3457801089,83114442,2.40367909723,8541485030,13655805843,0.625483777977,1,0,0,0,0,0,0,0,0,0,0,0
45,cn3346,metis_partition,compute,0.180355191,1,3572284517,89135520,2.49519654932,8802910569,14049089492,0.626582283073,195,0,0,0,0,0,0,0,0,0,0,0
45,cn3346,face_map_setup,compute,0.00781200399979,1,3460830087,83182833,2.40355148646,8549374390,13672063762,0.625317036171,222,0,0,0,0,0,0,0,0,0,0,0
45,cn3346,face_local_extract,compute,0.167763663,1,3518911453,85293499,2.4238603369,8704683495,14020324455,0.620861772703,728,0,0,0,0,0,0,0,0,0,0,0
45,cn3346,face_pre_collective_wait,synchronization,0.0196636629998,1,3479876943,83110181,2.38830804541,8585035143,13698728039,0.626703086488,0,0,0,0,0,0,0,0,0,0,0,0
45,cn3346,face_collective_setup,compute,0.000179382000169,1,3457717986,83110906,2.40363460341,8541339175,13655776289,0.625474450829,16,0,0,0,0,0,0,0,0,0,0,0
45,cn3346,face_allgatherv,communication,0.0761921990002,1,3596089297,83565124,2.32377777909,8811131626,13816016471,0.637747620271,1339,0,0,0,0,0,1,0,1,1,75808,4859624
45,cn3346,face_global_merge,compute,0.083939443,1,3475902482,84010652,2.41694502176,8585750930,13838105376,0.620442661529,375,0,0,0,0,0,0,0,0,0,0,0
45,cn3346,part_face_create,compute,0.0199771269999,1,3462208004,83289033,2.40566230867,8551669370,13698815941,0.624263396693,3,0,0,0,0,0,0,0,0,0,0,0
45,cn3346,surface_refine,compute,0.0128016510002,1,3461906661,83285493,2.40576945468,8549871842,13683102994,0.624848899095,47,0,0,0,0,0,0,0,0,0,0,0
45,cn3346,refined_surface_save,io,0,0,0,0,0,0,0,0,0,0,0,0,0,0,0,0,0,0,0,0
45,cn3346,local_volume_mesh,compute,10.277200676,1,6540684886,149383385,2.28391044063,16732906048,27570856616,0.606905555422,4369,0,0,0,0,0,58804,2308919,0,0,0,0
45,cn3346,volume_refine,compute,0.677300976,1,4932604220,117117082,2.37434581767,12140572990,20260257262,0.599230939321,6318,0,0,0,0,0,0,1,0,0,0,0
45,cn3346,refined_volume_save,io,0,0,0,0,0,0,0,0,0,0,0,0,0,0,0,0,0,0,0,0
45,cn3346,adjacency_build,compute,0.00416403600002,1,4714473430,107424312,2.2786067966,11724674709,18936451668,0.619159012182,6,0,0,0,0,0,0,0,0,0,0,0
45,cn3346,vertex_numbering_local,compute,0.0150808210001,1,4721828848,107553477,2.27779278882,11742531223,18960424151,0.6193179609,8,0,0,0,0,0,0,0,0,0,0,0
45,cn3346,vertex_count_pre_collective_wait,synchronization,7.028039171,1,12566689779,107400854,0.854647133722,27177655802,34375286954,0.790616114372,29,0,0,0,0,0,0,5,0,0,0,0
45,cn3346,vertex_count_allgather,communication,0.000574768000206,1,4713996193,107392255,2.27815744017,11723488446,18928496319,0.619356564221,21,0,0,0,0,0,0,0,1,1,4,256
45,cn3346,element_count_pre_collective_wait,synchronization,0.000830410999697,1,4714479228,107389744,2.2778707638,11724443793,18929238012,0.619382765728,0,0,0,0,0,0,0,0,0,0,0,0
45,cn3346,element_count_allgather,communication,0.00027200400018,1,4713818210,107390008,2.27819578982,11723142313,18927978298,0.619355227929,2,0,0,0,0,0,0,0,1,1,4,256
45,cn3346,vertex_exchange_prepare,compute,7.39809997867e-05,1,4713575603,107389862,2.27830995077,11722680401,18927593913,0.619343401749,0,0,0,0,0,0,0,0,0,0,0,0
45,cn3346,vertex_exchange,communication,0.00395887299965,1,4719136772,107411612,2.27608601296,11733600752,18934564812,0.619692127519,60,0,0,0,0,0,0,0,3,4,85602,246818
45,cn3346,vertex_exchange_unpack,compute,0.00365146900003,1,4714930200,107414137,2.27817024736,11725933331,18935445634,0.619258376996,0,0,0,0,0,0,0,0,0,0,0,0
45,cn3346,partition_result_io,io,0,0,0,0,0,0,0,0,0,0,0,0,0,0,0,0,0,0,0,0
45,cn3346,volume_exchange_pack,compute,0.256085984,2,9553275351,216949603,2.27094472868,23794583761,38407500211,0.619529613494,1144,0,0,0,0,0,0,0,0,0,0,0
45,cn3346,volume_size_exchange,communication,0.0227194829999,1,4738834407,107389863,2.26616618722,11772223439,18977263444,0.620333035569,2,0,0,0,0,0,0,0,5,5,20,20
45,cn3346,volume_payload_prepare,compute,0.00034122399984,1,4713576470,107389689,2.27830586145,11722782996,18927747612,0.619343792843,68,0,0,0,0,0,0,0,0,0,0,0
45,cn3346,volume_payload_exchange,communication,0.0418887199999,1,4755063063,107419590,2.25905710559,11804365565,19011832209,0.620895736678,434,0,0,0,0,0,1,0,5,5,3590280,3578400
45,cn3346,volume_exchange_unpack,compute,0.188719724,1,4822036085,110979198,2.30150077776,12024711344,19300539776,0.623024614003,6343,0,0,0,0,0,0,0,0,0,0,0
45,cn3346,final_mesh_save,io,0,0,0,0,0,0,0,0,0,0,0,0,0,0,0,0,0,0,0,0
45,cn3346,testout_io,io,0,0,0,0,0,0,0,0,0,0,0,0,0,0,0,0,0,0,0,0
45,cn3346,final_count_exchange,communication,0,0,0,0,0,0,0,0,0,0,0,0,0,0,0,0,0,0,0,0
45,cn3346,quality_surface_compute,postprocess,0,0,0,0,0,0,0,0,0,0,0,0,0,0,0,0,0,0,0,0
45,cn3346,quality_reduce_pre_collective_wait,synchronization,0,0,0,0,0,0,0,0,0,0,0,0,0,0,0,0,0,0,0,0
45,cn3346,quality_reduce,communication,0,0,0,0,0,0,0,0,0,0,0,0,0,0,0,0,0,0,0,0
45,cn3346,quality_summary_io,io,0,0,0,0,0,0,0,0,0,0,0,0,0,0,0,0,0,0,0,0
45,cn3346,quality_volume_compute,postprocess,0,0,0,0,0,0,0,0,0,0,0,0,0,0,0,0,0,0,0,0
45,cn3346,quality_rank_io,io,0,0,0,0,0,0,0,0,0,0,0,0,0,0,0,0,0,0,0,0
46,cn3346,geometry_load,io,1.752208169,1,1398235150,22935516,1.64031894063,3315805947,3778344963,0.877581581214,6108,0,1035180,0,0,0,0,19,0,0,0,0
46,cn3346,coarse_local_size,setup,0.566475034,1,266534908,6148302,2.30675300513,632667288,900674956,0.70243686003,8301,0,0,0,0,0,119,77,0,0,0,0
46,cn3346,coarse_edge_mesh,setup,0.0138760860004,1,6309096,172460,2.73351364443,12805212,27044863,0.47348037962,518,0,0,0,0,0,0,1,0,0,0,0
46,cn3346,coarse_surface_mesh,setup,8.736452114,1,5674516077,162546015,2.86449122347,15313647284,18998695980,0.806036756424,17247,0,0,0,0,0,0,24,0,0,0,0
46,cn3346,coarse_volume_mesh,setup,15.030410871,1,5356082900,126617253,2.36398979187,13512691778,22727919977,0.594541506292,27205,0,0,0,0,0,88560,2648446,0,0,0,0
46,cn3346,coarse_mesh_save,io,0,0,0,0,0,0,0,0,0,0,0,0,0,0,0,0,0,0,0,0
46,cn3346,submesh_initialization,setup,0.000291343999834,1,5260693059,125433792,2.38435868798,13241230758,22362470539,0.592118421572,62,0,0,0,0,0,0,0,0,0,0,0
46,cn3346,metis_partition,compute,0.182891245,1,5373588001,131457936,2.44637169756,13502500567,22757068855,0.593332148926,1949,0,0,0,0,0,0,1,0,0,0,0
46,cn3346,face_map_setup,compute,0.00819052999987,1,5263760646,125497117,2.38417218107,13249120173,22378820783,0.592038351863,602,0,0,0,0,0,0,0,0,0,0,0
46,cn3346,face_local_extract,compute,0.171936159,1,5321842498,127619308,2.39802865357,13404427760,22735846946,0.589572396042,851,0,0,0,0,0,0,2,0,0,0,0
46,cn3346,face_pre_collective_wait,synchronization,0.0127638499998,1,5275307388,125429539,2.3776726127,13270091116,22390032643,0.592678506887,3,0,0,0,0,0,0,1,0,0,0,0
46,cn3346,face_collective_setup,compute,0.000111441000172,1,5260612355,125430141,2.38432586428,13241084868,22362288209,0.592116725455,16,0,0,0,0,0,0,0,0,0,0,0
46,cn3346,face_allgatherv,communication,0.0760998370001,1,5400850143,125887668,2.33088615064,13514512669,22523672562,0.600013724751,839,0,0,0,0,0,1,2,1,1,75808,4859624
46,cn3346,face_global_merge,compute,0.0851926989999,1,5278836005,126267104,2.39194973817,13285496794,22546920644,0.589237750191,646,0,0,0,0,0,0,0,0,0,0,0
46,cn3346,part_face_create,compute,0.0209002199999,1,5265132552,125608677,2.38566979576,13251552146,22407330383,0.591393616263,23,0,0,0,0,0,0,0,0,0,0,0
46,cn3346,surface_refine,compute,0.0191504159998,1,5266428331,125677851,2.38639630317,13252868353,22403622781,0.59155023643,53,0,0,0,0,0,0,0,0,0,0,0
46,cn3346,refined_surface_save,io,0,0,0,0,0,0,0,0,0,0,0,0,0,0,0,0,0,0,0,0
46,cn3346,local_volume_mesh,compute,14.278331494,1,9775630991,227656123,2.32881256678,25376084547,43312504485,0.585883565237,10116,0,0,0,0,0,78652,2737572,0,0,0,0
46,cn3346,volume_refine,compute,0.989550631,1,9563643128,231850182,2.42428726059,24564632597,43326719817,0.566962666474,7728,0,0,0,0,0,0,1,0,0,0,0
46,cn3346,refined_volume_save,io,0,0,0,0,0,0,0,0,0,0,0,0,0,0,0,0,0,0,0,0
46,cn3346,adjacency_build,compute,0.00409467400004,1,9251784487,220068403,2.37865898529,23961672047,41352558711,0.579448353232,3,0,0,0,0,0,0,0,0,0,0,0
46,cn3346,vertex_numbering_local,compute,0.0152015830004,1,9256896208,220166828,2.37840873499,23973967664,41375460066,0.579424799767,226,0,0,0,0,0,0,0,0,0,0,0
46,cn3346,vertex_count_pre_collective_wait,synchronization,2.706010622,1,12368754911,220217434,1.78043332239,30117818873,47289287304,0.636884600933,71,0,0,0,0,0,0,3,0,0,0,0
46,cn3346,vertex_count_allgather,communication,0.000503106999986,1,9251136089,220037513,2.37849179693,23960141950,41344317632,0.579526844856,85,0,0,0,0,0,0,0,1,1,4,256
46,cn3346,element_count_pre_collective_wait,synchronization,0.00134771800003,1,9252384829,220034822,2.37814170148,23962616115,41346546495,0.579555444078,5,0,0,0,0,0,0,0,0,0,0,0
46,cn3346,element_count_allgather,communication,0.000213002999772,1,9251131996,220034762,2.37846311235,23960138373,41344093967,0.579529893487,0,0,0,0,0,0,0,0,1,1,4,256
46,cn3346,vertex_exchange_prepare,compute,0.000227363000249,1,9250913403,220034652,2.3785181248,23959716372,41343734650,0.579524723028,42,0,0,0,0,0,0,0,0,0,0,0
46,cn3346,vertex_exchange,communication,0.00276409699973,1,9254778175,220045649,2.37764368674,23967365461,41348973779,0.579636282852,67,0,0,0,0,0,0,0,4,4,60236,134046
46,cn3346,vertex_exchange_unpack,compute,0.00309130100004,1,9251672305,220049017,2.37847828745,23961520565,41348501613,0.579501544923,1012,0,0,0,0,0,0,0,0,0,0,0
46,cn3346,partition_result_io,io,0,0,0,0,0,0,0,0,0,0,0,0,0,0,0,0,0,0,0,0
46,cn3346,volume_exchange_pack,compute,0.254056117,2,18656091881,442220695,2.37038227417,48355680616,83232754998,0.580969362568,2282,0,0,0,0,0,0,0,0,0,0,0
46,cn3346,volume_size_exchange,communication,0.0253935589999,1,9280328467,220034842,2.37098118652,24017715139,41399348992,0.580147169552,2,0,0,0,0,0,0,0,4,4,16,16
46,cn3346,volume_payload_prepare,compute,0.000390164999772,1,9250913614,220034701,2.37851860023,23959743687,41343777783,0.579524779104,102,0,0,0,0,0,0,0,0,0,0,0
46,cn3346,volume_payload_exchange,communication,0.0355909960003,1,9287345647,220056223,2.369419976,24031395360,41416030816,0.580243806239,398,0,0,0,0,0,4,0,4,4,2072520,2088600
46,cn3346,volume_exchange_unpack,compute,0.202100863,1,9386062586,222900575,2.37480384301,24338611006,41734136806,0.583182326716,8565,0,0,0,0,0,0,0,0,0,0,0
46,cn3346,final_mesh_save,io,0,0,0,0,0,0,0,0,0,0,0,0,0,0,0,0,0,0,0,0
46,cn3346,testout_io,io,0,0,0,0,0,0,0,0,0,0,0,0,0,0,0,0,0,0,0,0
46,cn3346,final_count_exchange,communication,0,0,0,0,0,0,0,0,0,0,0,0,0,0,0,0,0,0,0,0
46,cn3346,quality_surface_compute,postprocess,0,0,0,0,0,0,0,0,0,0,0,0,0,0,0,0,0,0,0,0
46,cn3346,quality_reduce_pre_collective_wait,synchronization,0,0,0,0,0,0,0,0,0,0,0,0,0,0,0,0,0,0,0,0
46,cn3346,quality_reduce,communication,0,0,0,0,0,0,0,0,0,0,0,0,0,0,0,0,0,0,0,0
46,cn3346,quality_summary_io,io,0,0,0,0,0,0,0,0,0,0,0,0,0,0,0,0,0,0,0,0
46,cn3346,quality_volume_compute,postprocess,0,0,0,0,0,0,0,0,0,0,0,0,0,0,0,0,0,0,0,0
46,cn3346,quality_rank_io,io,0,0,0,0,0,0,0,0,0,0,0,0,0,0,0,0,0,0,0,0
47,cn3346,geometry_load,io,1.756849411,1,1400402731,22367332,1.59720711085,3317107332,3790578369,0.875092666367,6107,0,1035180,0,0,0,0,14,0,0,0,0
47,cn3346,coarse_local_size,setup,0.570181344,1,266533429,5980684,2.24387763383,632675895,903354844,0.700362542142,8088,0,0,0,0,0,163,95,0,0,0,0
47,cn3346,coarse_edge_mesh,setup,0.0146847760002,1,6331478,170491,2.6927519925,12803537,28225702,0.453612703769,490,0,0,0,0,0,0,0,0,0,0,0
47,cn3346,coarse_surface_mesh,setup,8.727482554,1,5674079877,161746141,2.85061445214,15312932537,18983820277,0.806630715713,15180,0,0,0,0,0,0,47,0,0,0,0
47,cn3346,coarse_volume_mesh,setup,15.278134183,1,5363100607,126934124,2.36680482619,13535286867,22979828264,0.589007311608,27360,0,0,0,0,0,88837,2697812,0,0,0,0
47,cn3346,coarse_mesh_save,io,0,0,0,0,0,0,0,0,0,0,0,0,0,0,0,0,0,0,0,0
47,cn3346,submesh_initialization,setup,0.000358645000233,1,4577047863,109296956,2.38793561421,11425078849,19312454985,0.591591222238,2,0,0,0,0,0,1,0,0,0,0,0
47,cn3346,metis_partition,compute,0.181977473,1,4690026630,115427650,2.46112994885,11686207992,19708249464,0.592960222741,399,0,0,0,0,0,0,3,0,0,0,0
47,cn3346,face_map_setup,compute,0.00771780300011,1,4580094804,109362429,2.38777653477,11432973126,19328525694,0.59150776976,218,0,0,0,0,0,0,0,0,0,0,0
47,cn3346,face_local_extract,compute,0.174319311,1,4638230905,111449970,2.40285514634,11588278697,19691770539,0.588483329828,656,0,0,0,0,0,0,0,0,0,0,0
47,cn3346,face_pre_collective_wait,synchronization,0.011755217,1,4590601993,109368009,2.38243283053,11451758269,19337907520,0.592192214031,0,0,0,0,0,0,0,0,0,0,0,0
47,cn3346,face_collective_setup,compute,0.000117102000331,1,4576968045,109293464,2.3879009625,11424933051,19312301520,0.591588373823,16,0,0,0,0,0,0,0,0,0,0,0
47,cn3346,face_allgatherv,communication,0.076154119,1,4718684477,109914720,2.32935091413,11701188456,19475504787,0.600815669939,716,0,0,0,0,0,1,0,1,1,75808,4859624
47,cn3346,face_global_merge,compute,0.0843203079999,1,4595073650,110153016,2.39719805144,11469345820,19495826405,0.588297494127,210,0,0,0,0,0,0,1,0,0,0,0
47,cn3346,part_face_create,compute,0.0205843150002,1,4581533321,109471782,2.38941363797,11435494565,19357042649,0.590766615147,3,0,0,0,0,0,0,0,0,0,0,0
47,cn3346,surface_refine,compute,0.0218050510002,1,4583906797,109564857,2.39020690979,11439127799,19359449734,0.59088083371,49,0,0,0,0,0,0,0,0,0,0,0
47,cn3346,refined_surface_save,io,0,0,0,0,0,0,0,0,0,0,0,0,0,0,0,0,0,0,0,0
47,cn3346,local_volume_mesh,compute,13.876794606,1,9163887902,218656565,2.38606765314,23766987191,40474366992,0.587210843735,8225,0,0,0,0,0,70242,2367486,0,0,0,0
47,cn3346,volume_refine,compute,1.071482327,1,8971398443,224605287,2.50357052389,22952145265,40634387887,0.564845355339,7420,0,0,0,0,0,0,1,0,0,0,0
47,cn3346,refined_volume_save,io,0,0,0,0,0,0,0,0,0,0,0,0,0,0,0,0,0,0,0,0
47,cn3346,adjacency_build,compute,0.00434371900019,1,8622950155,210987789,2.44681675305,22290386867,38478003119,0.579302070278,13,0,0,0,0,0,0,0,0,0,0,0
47,cn3346,vertex_numbering_local,compute,0.017901619,1,8629483008,211108506,2.44636330826,22305880236,38507685962,0.57925787226,6,0,0,0,0,0,0,0,0,0,0,0
47,cn3346,vertex_count_pre_collective_wait,synchronization,3.021328138,1,12144114571,230426276,1.89743167073,29228176099,45108727307,0.647949473282,31,0,0,0,0,0,0,4,0,0,0,0
47,cn3346,vertex_count_allgather,communication,0.000427486000262,1,8622190346,210955412,2.44665686484,22288661482,38468899826,0.579394305083,20,0,0,0,0,0,1,0,1,1,4,256
47,cn3346,element_count_pre_collective_wait,synchronization,0.00120443599963,1,8623432401,210961271,2.44637240938,22291115317,38471151123,0.579424183221,1,0,0,0,0,0,0,0,0,0,0,0
47,cn3346,element_count_allgather,communication,0.000147461999859,1,8622208067,210954687,2.44664342777,22288700018,38468821992,0.579396479118,2,0,0,0,0,0,0,0,1,1,4,256
47,cn3346,vertex_exchange_prepare,compute,4.42599998678e-05,1,8622098943,210953954,2.44666589185,22288500826,38468628059,0.579394222009,0,0,0,0,0,0,0,0,0,0,0,0
47,cn3346,vertex_exchange,communication,0.0023919109999,1,8626043909,210966396,2.44569119084,22296333064,38473162247,0.579529515168,27,0,0,0,0,0,0,0,0,5,0,232188
47,cn3346,vertex_exchange_unpack,compute,0.00356110700022,1,8623403027,210978179,2.44657681358,22291635872,38476358587,0.57935929206,0,0,0,0,0,0,0,0,0,0,0,0
47,cn3346,partition_result_io,io,0,0,0,0,0,0,0,0,0,0,0,0,0,0,0,0,0,0,0,0
47,cn3346,volume_exchange_pack,compute,0.27753743,2,17413499056,424591204,2.43828769069,45056463608,77540643120,0.581068995498,599,0,0,0,0,0,0,0,0,0,0,0
47,cn3346,volume_size_exchange,communication,9.04620001165e-05,1,8622103370,210954239,2.44666794107,22288492768,38468640912,0.579393818955,4,0,0,0,0,0,0,0,5,5,20,20
47,cn3346,volume_payload_prepare,compute,0.000402264999593,1,8622099573,210953825,2.44666421692,22288532654,38468800012,0.579392459527,102,0,0,0,0,0,0,0,0,0,0,0
47,cn3346,volume_payload_exchange,communication,0.0407319840001,1,8664717280,211205446,2.43753418807,22372663557,38551451946,0.580332579648,441,0,0,0,0,0,3,0,5,5,2457840,2446680
47,cn3346,volume_exchange_unpack,compute,0.218348359,1,8766541554,213912571,2.4401021735,22692684387,38890854656,0.583496675188,9157,0,0,0,0,0,0,0,0,0,0,0
47,cn3346,final_mesh_save,io,0,0,0,0,0,0,0,0,0,0,0,0,0,0,0,0,0,0,0,0
47,cn3346,testout_io,io,0,0,0,0,0,0,0,0,0,0,0,0,0,0,0,0,0,0,0,0
47,cn3346,final_count_exchange,communication,0,0,0,0,0,0,0,0,0,0,0,0,0,0,0,0,0,0,0,0
47,cn3346,quality_surface_compute,postprocess,0,0,0,0,0,0,0,0,0,0,0,0,0,0,0,0,0,0,0,0
47,cn3346,quality_reduce_pre_collective_wait,synchronization,0,0,0,0,0,0,0,0,0,0,0,0,0,0,0,0,0,0,0,0
47,cn3346,quality_reduce,communication,0,0,0,0,0,0,0,0,0,0,0,0,0,0,0,0,0,0,0,0
47,cn3346,quality_summary_io,io,0,0,0,0,0,0,0,0,0,0,0,0,0,0,0,0,0,0,0,0
47,cn3346,quality_volume_compute,postprocess,0,0,0,0,0,0,0,0,0,0,0,0,0,0,0,0,0,0,0,0
47,cn3346,quality_rank_io,io,0,0,0,0,0,0,0,0,0,0,0,0,0,0,0,0,0,0,0,0
48,cn3347,geometry_load,io,1.754533771,1,1399761240,26102762,1.8648010285,3315988668,3781368469,0.876928206067,6107,0,1035180,0,0,0,0,9,0,0,0,0
48,cn3347,coarse_local_size,setup,0.561414895,1,266811903,6204279,2.32533816154,633026419,903014476,0.70101469669,8391,0,0,0,0,0,117,73,0,0,0,0
48,cn3347,coarse_edge_mesh,setup,0.0132050480001,1,6275927,166428,2.65184728885,12803390,25912677,0.494097541524,490,0,0,0,0,0,0,0,0,0,0,0
48,cn3347,coarse_surface_mesh,setup,8.678428862,1,5661262675,168890528,2.98326606087,15311959024,18778628897,0.815392812116,15490,0,0,0,0,0,0,20,0,0,0,0
48,cn3347,coarse_volume_mesh,setup,14.769072518,1,5304383573,126224323,2.37962283954,13421975906,22207802714,0.604381085281,22416,0,0,0,0,0,88253,2668242,0,0,0,0
48,cn3347,coarse_mesh_save,io,0,0,0,0,0,0,0,0,0,0,0,0,0,0,0,0,0,0,0,0
48,cn3347,submesh_initialization,setup,0.000140682000165,1,5304439430,126226471,2.37963827593,13422049774,22207789276,0.604384777214,1,0,0,0,0,0,0,0,0,0,0,0
48,cn3347,metis_partition,compute,0.167897617,1,5417230860,132358167,2.44328090164,13683422459,22574568067,0.606143267875,120,0,0,0,0,0,0,1,0,0,0,0
48,cn3347,face_map_setup,compute,0.00759810499994,1,5307478211,126291479,2.37950065887,13429942145,22224080970,0.604296850931,3,0,0,0,0,0,0,0,0,0,0,0
48,cn3347,face_local_extract,compute,0.168026418,1,5365422883,128388618,2.3928890751,13585248932,22573803398,0.601814797997,652,0,0,0,0,0,0,0,0,0,0,0
48,cn3347,face_pre_collective_wait,synchronization,0.032429803,1,5346609371,126550793,2.36693545794,13505123418,22278795240,0.606187330711,0,0,0,0,0,0,0,0,0,0,0,0
48,cn3347,face_collective_setup,compute,0.000154102000124,1,5304357088,126223011,2.37960998677,13421903787,22207717198,0.604380165117,16,0,0,0,0,0,0,0,0,0,0,0
48,cn3347,face_allgatherv,communication,0.0947483190002,1,5432958732,126905597,2.33584687939,13671792497,22346230862,0.611816488491,1426,0,0,0,0,0,3,3,1,1,75808,4859624
48,cn3347,face_global_merge,compute,0.0804493589999,1,5322516623,127110426,2.38816400217,13466314734,22383524805,0.601617254267,94,0,0,0,0,0,0,0,0,0,0,0
48,cn3347,part_face_create,compute,0.0194499180002,1,5308812304,126401985,2.38098425338,13432290162,22249927348,0.603700405485,3,0,0,0,0,0,0,0,0,0,0,0
48,cn3347,surface_refine,compute,0.012340578,1,5309120437,126410991,2.38101569742,13431810442,22234385416,0.6041008191,48,0,0,0,0,0,0,0,0,0,0,0
48,cn3347,refined_surface_save,io,0,0,0,0,0,0,0,0,0,0,0,0,0,0,0,0,0,0,0,0
48,cn3347,local_volume_mesh,compute,12.633862333,1,9281435901,213914504,2.30475657303,24032745251,40024346487,0.60045315815,2299,0,0,0,0,0,73720,2690327,0,0,0,0
48,cn3347,volume_refine,compute,0.812906706,1,8971634505,217712316,2.42667393415,23017764389,39457631067,0.583353936021,5914,0,0,0,0,0,0,5,0,0,0,0
48,cn3347,refined_volume_save,io,0,0,0,0,0,0,0,0,0,0,0,0,0,0,0,0,0,0,0,0
48,cn3347,adjacency_build,compute,0.00373008199995,1,8711752728,207353950,2.3801634008,22524762267,37846405786,0.595162520699,0,0,0,0,0,0,0,1,0,0,0,0
48,cn3347,vertex_numbering_local,compute,0.0163421420002,1,8718955424,207493534,2.37979808256,22541876456,37873246494,0.595192610688,136,0,0,0,0,0,0,0,0,0,0,0
48,cn3347,vertex_count_pre_collective_wait,synchronization,4.52162072,1,14823456543,207326659,1.39863909877,34572438220,47771413325,0.723705576488,42,0,0,0,0,0,0,48,0,0,0,0
48,cn3347,vertex_count_allgather,communication,0.0005021449997,1,8711147591,207321458,2.3799557502,22523367895,37838995488,0.595242225765,33,0,0,0,0,0,0,0,1,1,4,256
48,cn3347,element_count_pre_collective_wait,synchronization,0.00121299400007,1,8712449224,207319080,2.37957289242,22525934585,37840946730,0.595279360892,3,0,0,0,0,0,0,0,0,0,0,0
48,cn3347,element_count_allgather,communication,0.000216281999656,1,8711124236,207320365,2.37994958381,22523325193,37838779687,0.595244492008,0,0,0,0,0,0,0,0,1,1,4,256
48,cn3347,vertex_exchange_prepare,compute,5.8301000081e-05,1,8710870946,207318866,2.38000157832,22522827200,37838349612,0.59523809656,3,0,0,0,0,0,0,0,0,0,0,0
48,cn3347,vertex_exchange,communication,0.00584808600024,1,8718507938,207335816,2.37811122585,22537968420,37849193986,0.595467592476,263,0,0,0,0,0,0,0,7,4,286990,4576
48,cn3347,vertex_exchange_unpack,compute,0.000206523000088,1,8710897938,207319644,2.38000313487,22522888895,37838570925,0.595236245567,93,0,0,0,0,0,0,0,0,0,0,0
48,cn3347,partition_result_io,io,0,0,0,0,0,0,0,0,0,0,0,0,0,0,0,0,0,0,0,0
48,cn3347,volume_exchange_pack,compute,0.264168393,2,17563009372,416989701,2.37424972092,45439447791,76245351014,0.595963520224,1896,0,0,0,0,0,0,0,0,0,0,0
48,cn3347,volume_size_exchange,communication,0.0795144490003,1,8817339946,207322210,2.35130108706,22733068828,38013067696,0.598032997752,1,0,0,0,0,0,0,0,7,7,28,28
48,cn3347,volume_payload_prepare,compute,0.000382864999665,1,8710872115,207319037,2.38000322199,22522900577,37838524198,0.59523728936,102,0,0,0,0,0,0,0,0,0,0,0
48,cn3347,volume_payload_exchange,communication,0.00509303699982,1,8711620965,207335569,2.37998840667,22524431244,37841334128,0.595233539278,489,0,0,0,0,0,9,0,7,7,3095040,3101040
48,cn3347,volume_exchange_unpack,compute,0.206359787,1,8834914741,210399144,2.38145075723,22864471501,38244172983,0.597855038235,6262,0,0,0,0,0,0,1,0,0,0,0
48,cn3347,final_mesh_save,io,0,0,0,0,0,0,0,0,0,0,0,0,0,0,0,0,0,0,0,0
48,cn3347,testout_io,io,0,0,0,0,0,0,0,0,0,0,0,0,0,0,0,0,0,0,0,0
48,cn3347,final_count_exchange,communication,0,0,0,0,0,0,0,0,0,0,0,0,0,0,0,0,0,0,0,0
48,cn3347,quality_surface_compute,postprocess,0,0,0,0,0,0,0,0,0,0,0,0,0,0,0,0,0,0,0,0
48,cn3347,quality_reduce_pre_collective_wait,synchronization,0,0,0,0,0,0,0,0,0,0,0,0,0,0,0,0,0,0,0,0
48,cn3347,quality_reduce,communication,0,0,0,0,0,0,0,0,0,0,0,0,0,0,0,0,0,0,0,0
48,cn3347,quality_summary_io,io,0,0,0,0,0,0,0,0,0,0,0,0,0,0,0,0,0,0,0,0
48,cn3347,quality_volume_compute,postprocess,0,0,0,0,0,0,0,0,0,0,0,0,0,0,0,0,0,0,0,0
48,cn3347,quality_rank_io,io,0,0,0,0,0,0,0,0,0,0,0,0,0,0,0,0,0,0,0,0
49,cn3347,geometry_load,io,1.758723258,1,1400400652,24830335,1.77308793484,3316033908,3791367237,0.874627463053,6105,0,1035180,0,0,0,1,16,0,0,0,0
49,cn3347,coarse_local_size,setup,0.565671382,1,266956603,6637223,2.48625541583,632379850,905398415,0.698454779159,8362,0,0,0,0,0,152,74,0,0,0,0
49,cn3347,coarse_edge_mesh,setup,0.014153699,1,6287422,175888,2.7974581633,12807923,27758864,0.461399393001,487,0,0,0,0,0,0,1,0,0,0,0
49,cn3347,coarse_surface_mesh,setup,8.736434989,1,5673493133,165218821,2.91211811008,15312903873,19002656613,0.805829636606,15227,0,0,0,0,0,0,82,0,0,0,0
49,cn3347,coarse_volume_mesh,setup,15.268996086,1,5418324695,125554704,2.31722370045,13662331476,23005551154,0.59387107853,27973,0,0,0,0,0,86834,2836156,0,0,0,0
49,cn3347,coarse_mesh_save,io,0,0,0,0,0,0,0,0,0,0,0,0,0,0,0,0,0,0,0,0
49,cn3347,submesh_initialization,setup,0.000172521999957,1,4480274190,107154389,2.39169266111,11116777739,18594518793,0.597852402784,32,0,0,0,0,0,0,0,0,0,0,0
49,cn3347,metis_partition,compute,0.185156969,1,4593303296,113259071,2.46574335944,11378030939,18992750941,0.599072297338,1568,0,0,0,0,0,0,3,0,0,0,0
49,cn3347,face_map_setup,compute,0.00818517200014,1,4483347078,107219720,2.3915105865,11124664523,18610859210,0.597751258954,605,0,0,0,0,0,0,0,0,0,0,0
49,cn3347,face_local_extract,compute,0.171325295,1,4541378939,109305605,2.4068814003,11279976574,18966594932,0.594728606502,930,0,0,0,0,0,0,1,0,0,0,0
49,cn3347,face_pre_collective_wait,synchronization,0.0113300469998,1,4495529879,107150082,2.38348058814,11146875318,18619109275,0.59867930057,0,0,0,0,0,0,0,0,0,0,0,0
49,cn3347,face_collective_setup,compute,9.96609996946e-05,1,4480194331,107150816,2.39165554178,11116631885,18594362987,0.597849568322,16,0,0,0,0,0,0,0,0,0,0,0
49,cn3347,face_allgatherv,communication,0.094792459,1,4650879266,107613688,2.31383533833,11450072083,18796853960,0.609148323829,849,0,0,0,0,0,1,1,1,1,75808,4859624
49,cn3347,face_global_merge,compute,0.0845018639998,1,4498418698,108017228,2.40122663655,11161044839,18777621881,0.594380103601,600,0,0,0,0,0,0,1,0,0,0,0
49,cn3347,part_face_create,compute,0.0200809039998,1,4484675934,107327481,2.39320482861,11127032183,18638032738,0.597006794623,3,0,0,0,0,0,0,0,0,0,0,0
49,cn3347,surface_refine,compute,0.0145133629999,1,4485203117,107343318,2.39327662984,11127001416,18625713994,0.597399993342,52,0,0,0,0,0,0,0,0,0,0,0
49,cn3347,refined_surface_save,io,0,0,0,0,0,0,0,0,0,0,0,0,0,0,0,0,0,0,0,0
49,cn3347,local_volume_mesh,compute,11.973009346,1,8255407967,192107258,2.32704741871,21244861557,35887801069,0.591980030099,8615,0,0,0,0,0,63183,2529197,0,0,0,0
49,cn3347,volume_refine,compute,0.899277771,1,7899607709,193110816,2.4445620987,20089832196,35201808716,0.570704544135,7600,0,0,0,0,0,0,8,0,0,0,0
49,cn3347,refined_volume_save,io,0,0,0,0,0,0,0,0,0,0,0,0,0,0,0,0,0,0,0,0
49,cn3347,adjacency_build,compute,0.00867825700016,1,7628147768,182569303,2.39336348158,19565946697,33423243458,0.585399400917,9,0,0,0,0,0,0,0,0,0,0,0
49,cn3347,vertex_numbering_local,compute,0.0266060980002,1,7635958699,182690265,2.39249938615,19584606012,33462459317,0.58527096967,4,0,0,0,0,0,0,0,0,0,0,0
49,cn3347,vertex_count_pre_collective_wait,synchronization,5.0728125,1,14471249245,182543398,1.26142114554,33057493337,44545863961,0.742100172666,73,0,0,0,0,0,0,92,0,0,0,0
49,cn3347,vertex_count_allgather,communication,0.000508365999849,1,7627609863,182535485,2.39308890044,19564680296,33405163489,0.585678327916,42,0,0,0,0,0,0,0,1,1,4,256
49,cn3347,element_count_pre_collective_wait,synchronization,0.00123541399989,1,7628821736,182533113,2.39267765478,19567067726,33406953617,0.585718409117,3,0,0,0,0,0,0,0,0,0,0,0
49,cn3347,element_count_allgather,communication,0.000275022999631,1,7627482779,182533326,2.39310046694,19564431229,33404801328,0.585677221574,30,0,0,0,0,0,0,0,1,1,4,256
49,cn3347,vertex_exchange_prepare,compute,0.000134721999984,1,7627224179,182533222,2.39318024115,19563927194,33404432102,0.585668606317,40,0,0,0,0,0,0,0,0,0,0,0
49,cn3347,vertex_exchange,communication,0.00544064099995,1,7634608128,182552532,2.39111856089,19578524187,33414741012,0.585924762367,189,0,0,0,0,0,0,0,9,6,241362,79376
49,cn3347,vertex_exchange_unpack,compute,0.00215750400002,1,7627671157,182541917,2.39315399475,19564989908,33407308874,0.585649984014,878,0,0,0,0,0,0,0,0,0,0,0
49,cn3347,partition_result_io,io,0,0,0,0,0,0,0,0,0,0,0,0,0,0,0,0,0,0,0,0
49,cn3347,volume_exchange_pack,compute,0.268499761,2,15407135899,367611400,2.38598142062,39554652239,67384545925,0.586998868895,2477,0,0,0,0,0,0,3,0,0,0,0
49,cn3347,volume_size_exchange,communication,0.0738723259997,1,7726805346,182541888,2.36244967779,19754730871,33566464594,0.588525813187,8,0,0,0,0,0,0,1,9,9,36,36
49,cn3347,volume_payload_prepare,compute,0.000618707000285,1,7627225293,182533232,2.39318002272,19563980240,33404464625,0.585669624094,204,0,0,0,0,0,0,0,0,0,0,0
49,cn3347,volume_payload_exchange,communication,0.00498575600022,1,7627371442,182549958,2.39335345588,19564360585,33406600705,0.585643560617,638,0,0,0,0,0,7,1,9,9,3396840,3410280
49,cn3347,volume_exchange_unpack,compute,0.226427211,1,7758355453,186051323,2.39807681057,19928961396,33847623616,0.588784655079,7917,0,0,0,0,0,0,8,0,0,0,0
49,cn3347,final_mesh_save,io,0,0,0,0,0,0,0,0,0,0,0,0,0,0,0,0,0,0,0,0
49,cn3347,testout_io,io,0,0,0,0,0,0,0,0,0,0,0,0,0,0,0,0,0,0,0,0
49,cn3347,final_count_exchange,communication,0,0,0,0,0,0,0,0,0,0,0,0,0,0,0,0,0,0,0,0
49,cn3347,quality_surface_compute,postprocess,0,0,0,0,0,0,0,0,0,0,0,0,0,0,0,0,0,0,0,0
49,cn3347,quality_reduce_pre_collective_wait,synchronization,0,0,0,0,0,0,0,0,0,0,0,0,0,0,0,0,0,0,0,0
49,cn3347,quality_reduce,communication,0,0,0,0,0,0,0,0,0,0,0,0,0,0,0,0,0,0,0,0
49,cn3347,quality_summary_io,io,0,0,0,0,0,0,0,0,0,0,0,0,0,0,0,0,0,0,0,0
49,cn3347,quality_volume_compute,postprocess,0,0,0,0,0,0,0,0,0,0,0,0,0,0,0,0,0,0,0,0
49,cn3347,quality_rank_io,io,0,0,0,0,0,0,0,0,0,0,0,0,0,0,0,0,0,0,0,0
50,cn3347,geometry_load,io,1.739462302,1,1400066312,24151458,1.72502243594,3316072145,3750883371,0.884077647052,6106,0,1035180,0,0,0,0,5,0,0,0,0
50,cn3347,coarse_local_size,setup,0.549635063,1,266640305,6215599,2.33108006683,632457338,910185452,0.694866454534,8324,0,0,0,0,0,158,75,0,0,0,0
50,cn3347,coarse_edge_mesh,setup,0.012996166,1,6317044,165426,2.61872483396,12806085,25422065,0.503738976358,507,0,0,0,0,0,0,0,0,0,0,0
50,cn3347,coarse_surface_mesh,setup,8.736688873,1,5674694947,162446302,2.86264378116,15314878392,19009497556,0.805643513033,17173,0,0,0,0,0,0,19,0,0,0,0
50,cn3347,coarse_volume_mesh,setup,14.993256644,1,5324522948,126371065,2.37337816428,13454394678,22583389984,0.595765059521,31633,0,0,0,0,0,86900,2761973,0,0,0,0
50,cn3347,coarse_mesh_save,io,0,0,0,0,0,0,0,0,0,0,0,0,0,0,0,0,0,0,0,0
50,cn3347,submesh_initialization,setup,0.000360984000054,1,3299851865,71247356,2.15910770892,8858432402,15017277184,0.589882725974,1,0,0,0,0,0,1,0,0,0,0,0
50,cn3347,metis_partition,compute,0.181540969,1,3412708206,77312706,2.26543558175,9119677573,15411968165,0.591726992644,434,0,0,0,0,0,2,2,0,0,0,0
50,cn3347,face_map_setup,compute,0.00807200999998,1,3302895294,71315986,2.15919608864,8866324014,15034232932,0.589742360259,209,0,0,0,0,0,0,0,0,0,0,0
50,cn3347,face_local_extract,compute,0.171010632,1,3361041992,73407528,2.18407054047,9021633103,15389178795,0.586232262499,754,0,0,0,0,0,0,0,0,0,0,0
50,cn3347,face_pre_collective_wait,synchronization,0.015047588,1,3318968537,71247550,2.14667747542,8896200061,15050077353,0.591106600474,0,0,0,0,0,0,0,0,0,0,0,0
50,cn3347,face_collective_setup,compute,0.00017096099964,1,3299772449,71243884,2.15905445303,8858286459,15017164280,0.589877442494,16,0,0,0,0,0,0,0,0,0,0,0
50,cn3347,face_allgatherv,communication,0.0947016179998,1,3466242546,71680362,2.06795574888,9183582268,15218105178,0.603464239508,1350,0,0,0,0,0,2,0,1,1,75808,4859624
50,cn3347,face_global_merge,compute,0.086181183,1,3317917072,72106410,2.17324328593,8902698029,15204102315,0.585545785246,535,0,0,0,0,0,0,0,0,0,0,0
50,cn3347,part_face_create,compute,0.0206646710003,1,3304332332,71422132,2.16146939302,8868842062,15062047089,0.588820497612,3,0,0,0,0,0,0,0,0,0,0,0
50,cn3347,surface_refine,compute,0.0221666269999,1,3306673493,71510219,2.16260296492,8872393325,15065022658,0.588939925709,62,0,0,0,0,0,0,0,0,0,0,0
50,cn3347,refined_surface_save,io,0,0,0,0,0,0,0,0,0,0,0,0,0,0,0,0,0,0,0,0
50,cn3347,local_volume_mesh,compute,15.35349307,1,8428159564,196122128,2.32698641395,22743737789,38663960711,0.588241281306,13907,0,0,0,0,0,69148,2820819,0,0,0,0
50,cn3347,volume_refine,compute,1.067882716,1,7893236864,194961546,2.46998220577,20982159688,37387354036,0.561210073005,8026,0,0,0,0,0,0,3,0,0,0,0
50,cn3347,refined_volume_save,io,0,0,0,0,0,0,0,0,0,0,0,0,0,0,0,0,0,0,0,0
50,cn3347,adjacency_build,compute,0.00401114500028,1,7524992688,181975227,2.41827779169,20262783809,35233539893,0.575099290918,6,0,0,0,0,0,0,0,0,0,0,0
50,cn3347,vertex_numbering_local,compute,0.0168504079998,1,7530639512,182092362,2.41801990003,20276125910,35261761767,0.575017381264,12,0,0,0,0,0,0,0,0,0,0,0
50,cn3347,vertex_count_pre_collective_wait,synchronization,1.529195213,1,9464537930,181944194,1.92237798977,24084303429,38586857854,0.624158191893,33,0,0,0,0,0,0,3,0,0,0,0
50,cn3347,vertex_count_allgather,communication,0.00055240599977,1,7524638684,181944255,2.41797995413,20261870556,35225879187,0.575198434323,18,0,0,0,0,0,0,0,1,1,4,256
50,cn3347,element_count_pre_collective_wait,synchronization,0.00123427399967,1,7525637458,181941909,2.41762787558,20263851956,35227537028,0.575227610715,0,0,0,0,0,0,0,0,0,0,0,0
50,cn3347,element_count_allgather,communication,9.41810003496e-05,1,7524228258,181942587,2.41808967992,20261062802,35225020546,0.575189524036,0,0,0,0,0,0,0,0,1,1,4,256
50,cn3347,vertex_exchange_prepare,compute,2.05199999073e-05,1,7524138776,181941747,2.41810727336,20260894286,35224859590,0.575187368291,0,0,0,0,0,0,0,0,0,0,0,0
50,cn3347,vertex_exchange,communication,0.00193682100007,1,7527071193,181953712,2.41732418008,20266807393,35228537747,0.575295163783,30,0,0,0,0,0,0,0,5,3,98956,99638
50,cn3347,vertex_exchange_unpack,compute,0.00157519799995,1,7524703860,181952503,2.41806862284,20262247782,35228280328,0.575169937146,0,0,0,0,0,0,0,0,0,0,0,0
50,cn3347,partition_result_io,io,0,0,0,0,0,0,0,0,0,0,0,0,0,0,0,0,0,0,0,0
50,cn3347,volume_exchange_pack,compute,0.302281258,2,15234760945,366513815,2.40577332538,41050697921,71106441105,0.577313352814,901,0,0,0,0,0,0,0,0,0,0,0
50,cn3347,volume_size_exchange,communication,6.59409997752e-05,1,7524141668,181941916,2.41810859003,20260892492,35224897443,0.57518669926,1,0,0,0,0,0,0,0,4,4,16,16
50,cn3347,volume_payload_prepare,compute,0.000193622000097,1,7524138824,181941754,2.41810735097,20261019063,35225238649,0.575184720958,0,0,0,0,0,0,0,0,0,0,0,0
50,cn3347,volume_payload_exchange,communication,0.043165862,1,7577204057,181956079,2.40136173754,20365906741,35316694732,0.576665140822,25,0,0,0,0,0,3,0,4,4,2115600,2109240
50,cn3347,volume_exchange_unpack,compute,0.239914522,1,7682334132,185250858,2.41138766965,20705298059,35687247073,0.580187595211,10240,0,0,0,0,0,0,2,0,0,0,0
50,cn3347,final_mesh_save,io,0,0,0,0,0,0,0,0,0,0,0,0,0,0,0,0,0,0,0,0
50,cn3347,testout_io,io,0,0,0,0,0,0,0,0,0,0,0,0,0,0,0,0,0,0,0,0
50,cn3347,final_count_exchange,communication,0,0,0,0,0,0,0,0,0,0,0,0,0,0,0,0,0,0,0,0
50,cn3347,quality_surface_compute,postprocess,0,0,0,0,0,0,0,0,0,0,0,0,0,0,0,0,0,0,0,0
50,cn3347,quality_reduce_pre_collective_wait,synchronization,0,0,0,0,0,0,0,0,0,0,0,0,0,0,0,0,0,0,0,0
50,cn3347,quality_reduce,communication,0,0,0,0,0,0,0,0,0,0,0,0,0,0,0,0,0,0,0,0
50,cn3347,quality_summary_io,io,0,0,0,0,0,0,0,0,0,0,0,0,0,0,0,0,0,0,0,0
50,cn3347,quality_volume_compute,postprocess,0,0,0,0,0,0,0,0,0,0,0,0,0,0,0,0,0,0,0,0
50,cn3347,quality_rank_io,io,0,0,0,0,0,0,0,0,0,0,0,0,0,0,0,0,0,0,0,0
51,cn3347,geometry_load,io,1.760812901,1,1402332806,27229121,1.94170177603,3314766912,3803520614,0.871499657396,6104,0,1035180,0,0,0,0,3,0,0,0,0
51,cn3347,coarse_local_size,setup,0.565042896,1,266537848,6086359,2.28348770941,632320264,900623200,0.702091911468,8287,0,0,0,0,0,134,120,0,0,0,0
51,cn3347,coarse_edge_mesh,setup,0.0143447200003,1,6300289,164122,2.60499161229,12806291,28259963,0.453160218221,517,0,0,0,0,0,0,0,0,0,0,0
51,cn3347,coarse_surface_mesh,setup,8.747537694,1,5672570757,163374957,2.88008671903,15312084583,19035682549,0.804388523689,17168,0,0,0,0,0,0,8,0,0,0,0
51,cn3347,coarse_volume_mesh,setup,15.161659626,1,5345061870,135424551,2.53363860501,13496634136,23001889402,0.586761978554,31719,0,0,0,0,0,85849,2743685,0,0,0,0
51,cn3347,coarse_mesh_save,io,0,0,0,0,0,0,0,0,0,0,0,0,0,0,0,0,0,0,0,0
51,cn3347,submesh_initialization,setup,0.00033174400005,1,4354982562,117198351,2.69113249781,10796358279,18713228281,0.576937240164,1,0,0,0,0,0,1,0,0,0,0,0
51,cn3347,metis_partition,compute,0.184225999,1,4467839230,123270897,2.759071906,11057775602,19114901835,0.578489792804,375,0,0,0,0,0,0,0,0,0,0,0
51,cn3347,face_map_setup,compute,0.00778264700011,1,4358014234,117263574,2.69075702152,10804246465,18729445779,0.57685884529,220,0,0,0,0,0,0,0,0,0,0,0
51,cn3347,face_local_extract,compute,0.17529642,1,4416207185,119360166,2.70277550395,10959557861,19094658604,0.573959351057,689,0,0,0,0,0,0,0,0,0,0,0
51,cn3347,face_pre_collective_wait,synchronization,0.00852213600001,1,4365685116,117194155,2.68443902586,10817490250,18731636711,0.577498401069,1,0,0,0,0,0,0,0,0,0,0,0
51,cn3347,face_collective_setup,compute,9.98209998215e-05,1,4354900138,117194798,2.69110184588,10796212364,18713072790,0.576934236571,16,0,0,0,0,0,0,0,0,0,0,0
51,cn3347,face_allgatherv,communication,0.094553037,1,4519912725,118113459,2.61318008082,11118615409,18915255556,0.587812063976,1037,0,0,0,0,0,0,0,1,1,75808,4859624
51,cn3347,face_global_merge,compute,0.0852534130004,1,4373129535,118112887,2.70087785085,10840624452,18898726055,0.573616677677,411,0,0,0,0,0,0,0,0,0,0,0
51,cn3347,part_face_create,compute,0.0203229270001,1,4359433912,117373888,2.69241122516,10806728693,18757226817,0.57613680308,3,0,0,0,0,0,0,0,0,0,0,0
51,cn3347,surface_refine,compute,0.0199443429997,1,4361295809,117471181,2.69349262569,10809267862,18756444129,0.576296220523,4,0,0,0,0,0,0,0,0,0,0,0
51,cn3347,refined_surface_save,io,0,0,0,0,0,0,0,0,0,0,0,0,0,0,0,0,0,0,0,0
51,cn3347,local_volume_mesh,compute,12.040566641,1,8283025408,207860785,2.50947902199,21239473389,36024565167,0.589583060629,12912,0,0,0,0,0,70035,2408685,0,0,0,0
51,cn3347,volume_refine,compute,1.093089838,1,8612214014,221740698,2.57472349897,21872521175,38225423635,0.572198267411,8300,0,0,0,0,0,0,2,0,0,0,0
51,cn3347,refined_volume_save,io,0,0,0,0,0,0,0,0,0,0,0,0,0,0,0,0,0,0,0,0
51,cn3347,adjacency_build,compute,0.00426534799999,1,8283905402,207895397,2.50963026388,21241438561,36033809476,0.589486342685,6,0,0,0,0,0,0,0,0,0,0,0
51,cn3347,vertex_numbering_local,compute,0.0192115750001,1,8290391248,208038672,2.50939510304,21257102921,36064358859,0.589421345437,416,0,0,0,0,0,0,0,0,0,0,0
51,cn3347,vertex_count_pre_collective_wait,synchronization,4.817397186,1,14206799654,257152461,1.81006607584,32952711763,46610809334,0.706975747339,66,0,0,0,0,0,0,5,0,0,0,0
51,cn3347,vertex_count_allgather,communication,0.000570906000121,1,8283292004,207863392,2.50942972793,21239991879,36025253197,0.589586192853,55,0,0,0,0,0,0,0,1,1,4,256
51,cn3347,element_count_pre_collective_wait,synchronization,0.000986010999895,1,8284181597,207870482,2.50924583878,21241759469,36026659457,0.58961224241,7,0,0,0,0,0,0,0,0,0,0,0
51,cn3347,element_count_allgather,communication,0.000285582999823,1,8283139559,207861169,2.50944907447,21239696818,36024849014,0.589584617266,41,0,0,0,0,0,0,0,1,1,4,256
51,cn3347,vertex_exchange_prepare,compute,0.000256922999597,1,8283025809,207860736,2.50947830893,21239488921,36024632438,0.589582390814,65,0,0,0,0,0,0,0,0,0,0,0
51,cn3347,vertex_exchange,communication,0.005299939,1,8290160660,207905382,2.5078570914,21253703505,36035433127,0.589800140048,62,0,0,0,0,0,0,0,0,6,0,249942
51,cn3347,vertex_exchange_unpack,compute,0.0050447159997,1,8284442552,207887314,2.50936997505,21242872828,36033214034,0.58953588786,1251,0,0,0,0,0,0,0,0,0,0,0
51,cn3347,partition_result_io,io,0,0,0,0,0,0,0,0,0,0,0,0,0,0,0,0,0,0,0,0
51,cn3347,volume_exchange_pack,compute,0.297419744,2,16736029945,418981658,2.50347101061,42958707097,72689886587,0.590986024522,2134,0,0,0,0,0,0,0,0,0,0,0
51,cn3347,volume_size_exchange,communication,0.0017773200002,1,8284921957,207889032,2.50924550743,21243265955,36028336502,0.589626611093,3,0,0,0,0,0,0,0,6,6,24,24
51,cn3347,volume_payload_prepare,compute,0.000352223999926,1,8283026696,207860760,2.50947832995,21239554303,36024882377,0.589580115231,68,0,0,0,0,0,0,0,0,0,0,0
51,cn3347,volume_payload_exchange,communication,0.0434572860004,1,8330847184,208608144,2.50404477951,21334193137,36115029468,0.590728941697,378,0,0,0,0,0,4,0,6,6,2668080,2669520
51,cn3347,volume_exchange_unpack,compute,0.221256133,1,8424671546,210780109,2.50193859605,21636153720,36453713974,0.593523988679,8858,0,0,0,0,0,0,2,0,0,0,0
51,cn3347,final_mesh_save,io,0,0,0,0,0,0,0,0,0,0,0,0,0,0,0,0,0,0,0,0
51,cn3347,testout_io,io,0,0,0,0,0,0,0,0,0,0,0,0,0,0,0,0,0,0,0,0
51,cn3347,final_count_exchange,communication,0,0,0,0,0,0,0,0,0,0,0,0,0,0,0,0,0,0,0,0
51,cn3347,quality_surface_compute,postprocess,0,0,0,0,0,0,0,0,0,0,0,0,0,0,0,0,0,0,0,0
51,cn3347,quality_reduce_pre_collective_wait,synchronization,0,0,0,0,0,0,0,0,0,0,0,0,0,0,0,0,0,0,0,0
51,cn3347,quality_reduce,communication,0,0,0,0,0,0,0,0,0,0,0,0,0,0,0,0,0,0,0,0
51,cn3347,quality_summary_io,io,0,0,0,0,0,0,0,0,0,0,0,0,0,0,0,0,0,0,0,0
51,cn3347,quality_volume_compute,postprocess,0,0,0,0,0,0,0,0,0,0,0,0,0,0,0,0,0,0,0,0
51,cn3347,quality_rank_io,io,0,0,0,0,0,0,0,0,0,0,0,0,0,0,0,0,0,0,0,0
52,cn3347,geometry_load,io,1.749698857,1,1400506469,25555044,1.82470017566,3312120176,3772304576,0.878009744248,6107,0,1035180,0,0,0,3,15,0,0,0,0
52,cn3347,coarse_local_size,setup,0.570594358,1,266607819,6313099,2.36793467786,632172146,897955939,0.704012433733,8440,0,0,0,0,0,155,108,0,0,0,0
52,cn3347,coarse_edge_mesh,setup,0.0134294099998,1,6284372,171061,2.72200627207,12803718,26294790,0.486929844277,519,0,0,0,0,0,0,0,0,0,0,0
52,cn3347,coarse_surface_mesh,setup,8.656543656,1,5675048059,163565863,2.88219344223,15314021111,18842153921,0.812753211507,15319,0,0,0,0,0,0,61,0,0,0,0
52,cn3347,coarse_volume_mesh,setup,14.878189398,1,5316286449,127912910,2.40605752205,13422909623,22319100584,0.60140907437,32151,0,0,0,0,0,88596,2718567,0,0,0,0
52,cn3347,coarse_mesh_save,io,0,0,0,0,0,0,0,0,0,0,0,0,0,0,0,0,0,0,0,0
52,cn3347,submesh_initialization,setup,0.000351363999926,1,4366342945,111126490,2.54507012848,10821631656,18204651775,0.594443210985,1,0,0,0,0,0,1,0,0,0,0,0
52,cn3347,metis_partition,compute,0.178355693,1,4479259664,117119074,2.61469713268,11083050908,18592309807,0.596109414217,579,0,0,0,0,0,1,0,0,0,0,0
52,cn3347,face_map_setup,compute,0.00825759200006,1,4369418146,111198094,2.54491765916,10829529914,18221869563,0.594314972816,216,0,0,0,0,0,0,0,0,0,0,0
52,cn3347,face_local_extract,compute,0.169816638,1,4427507766,113325680,2.55958173287,10984829395,18573922204,0.591411403276,632,0,0,0,0,0,0,0,0,0,0,0
52,cn3347,face_pre_collective_wait,synchronization,0.0192784559999,1,4389242877,111122257,2.53169533138,10866856920,18246709138,0.595551605378,1,0,0,0,0,0,0,0,0,0,0,0
52,cn3347,face_collective_setup,compute,0.000149282000166,1,4366262604,111122945,2.54503576808,10821485598,18204578906,0.594437567267,16,0,0,0,0,0,0,0,0,0,0,0
52,cn3347,face_allgatherv,communication,0.094388295,1,4528813872,111556831,2.46326817911,11138785130,18405520451,0.605187186076,1017,0,0,0,0,0,3,0,1,1,75808,4859624
52,cn3347,face_global_merge,compute,0.0824325609997,1,4384356107,111978194,2.55403966437,10865897671,18383967295,0.591052926533,401,0,0,0,0,0,0,0,0,0,0,0
52,cn3347,part_face_create,compute,0.0214369199998,1,4370806305,111303540,2.54652190541,10831995045,18250953199,0.593502976359,3,0,0,0,0,0,0,0,0,0,0,0
52,cn3347,surface_refine,compute,0.0184871260003,1,4372548436,111385928,2.54739151848,10834257788,18244812021,0.593826769798,4,0,0,0,0,0,0,0,0,0,0,0
52,cn3347,refined_surface_save,io,0,0,0,0,0,0,0,0,0,0,0,0,0,0,0,0,0,0,0,0
52,cn3347,local_volume_mesh,compute,13.570978707,1,8846704564,213865529,2.41745982872,22874213510,38328214757,0.596798302635,7905,0,0,0,0,0,65151,2737042,0,0,0,0
52,cn3347,volume_refine,compute,0.975035398,1,8797958115,221077645,2.51282902362,22456022419,38932110719,0.576799510848,6309,0,0,0,0,0,0,3,0,0,0,0
52,cn3347,refined_volume_save,io,0,0,0,0,0,0,0,0,0,0,0,0,0,0,0,0,0,0,0,0
52,cn3347,adjacency_build,compute,0.00395708399992,1,8479659683,209002109,2.46474642631,21839741173,36983507689,0.590526495125,6,0,0,0,0,0,0,0,0,0,0,0
52,cn3347,vertex_numbering_local,compute,0.0171632319998,1,8485005632,209114245,2.46451509957,21852496815,37010510693,0.590440294009,236,0,0,0,0,0,0,2,0,0,0,0
52,cn3347,vertex_count_pre_collective_wait,synchronization,3.411702213,1,12547138323,208969912,1.66547866629,29855412207,44476282034,0.671265916161,31,0,0,0,0,0,0,5,0,0,0,0
52,cn3347,vertex_count_allgather,communication,0.000578445999963,1,8479264549,208967967,2.46445863073,21838739899,36975936626,0.590620330186,17,0,0,0,0,0,0,0,1,1,4,256
52,cn3347,element_count_pre_collective_wait,synchronization,0.000533424999958,1,8479400379,208965683,2.46439221714,21839007728,36976011536,0.590626376962,0,0,0,0,0,0,0,0,0,0,0,0
52,cn3347,element_count_allgather,communication,0.000225981999847,1,8479035271,208965667,2.46449814538,21838289336,36975333888,0.590617772436,0,0,0,0,0,0,0,0,1,1,4,256
52,cn3347,vertex_exchange_prepare,compute,0.000121340999613,1,8478797788,208965471,2.46456486196,21837827405,36974902086,0.590612176719,19,0,0,0,0,0,0,0,0,0,0,0
52,cn3347,vertex_exchange,communication,0.00226526500001,1,8481781556,208976813,2.46383158562,21843737281,36978517400,0.590714252946,66,0,0,0,0,0,0,0,6,2,122056,72358
52,cn3347,vertex_exchange_unpack,compute,0.00111405199959,1,8479206853,208972913,2.46453373084,21838801647,36977289517,0.590600391004,0,0,0,0,0,0,0,0,0,0,0,0
52,cn3347,partition_result_io,io,0,0,0,0,0,0,0,0,0,0,0,0,0,0,0,0,0,0,0,0
52,cn3347,volume_exchange_pack,compute,0.27027374,2,17117963849,420130262,2.45432380689,44131795367,74535314744,0.592092426504,808,0,0,0,0,0,0,1,0,0,0,0
52,cn3347,volume_size_exchange,communication,0.0230424179999,1,8506174693,208966628,2.45664632507,21891926863,37025363792,0.591268379859,2,0,0,0,0,0,0,0,5,5,20,20
52,cn3347,volume_payload_prepare,compute,0.000334463999934,1,8478799059,208965641,2.46456649752,21837892546,36975036635,0.590611789288,102,0,0,0,0,0,0,0,0,0,0,0
52,cn3347,volume_payload_exchange,communication,0.0570684179997,1,8543232063,208980275,2.44615004554,21965073191,37095690159,0.592119275766,319,0,0,0,0,0,3,0,5,5,2043840,2039040
52,cn3347,volume_exchange_unpack,compute,0.217623093,1,8614093581,212148615,2.46280833851,22219197444,37400038636,0.594095574613,8606,0,0,0,0,0,0,2,0,0,0,0
52,cn3347,final_mesh_save,io,0,0,0,0,0,0,0,0,0,0,0,0,0,0,0,0,0,0,0,0
52,cn3347,testout_io,io,0,0,0,0,0,0,0,0,0,0,0,0,0,0,0,0,0,0,0,0
52,cn3347,final_count_exchange,communication,0,0,0,0,0,0,0,0,0,0,0,0,0,0,0,0,0,0,0,0
52,cn3347,quality_surface_compute,postprocess,0,0,0,0,0,0,0,0,0,0,0,0,0,0,0,0,0,0,0,0
52,cn3347,quality_reduce_pre_collective_wait,synchronization,0,0,0,0,0,0,0,0,0,0,0,0,0,0,0,0,0,0,0,0
52,cn3347,quality_reduce,communication,0,0,0,0,0,0,0,0,0,0,0,0,0,0,0,0,0,0,0,0
52,cn3347,quality_summary_io,io,0,0,0,0,0,0,0,0,0,0,0,0,0,0,0,0,0,0,0,0
52,cn3347,quality_volume_compute,postprocess,0,0,0,0,0,0,0,0,0,0,0,0,0,0,0,0,0,0,0,0
52,cn3347,quality_rank_io,io,0,0,0,0,0,0,0,0,0,0,0,0,0,0,0,0,0,0,0,0
53,cn3347,geometry_load,io,1.760490197,1,1401407573,26979831,1.92519517661,3317032189,3798489310,0.873250368316,6105,0,1035180,0,0,0,0,25,0,0,0,0
53,cn3347,coarse_local_size,setup,0.56276039,1,266149613,6181040,2.32239300682,631491597,897839491,0.703345757599,8300,0,0,0,0,0,91,58,0,0,0,0
53,cn3347,coarse_edge_mesh,setup,0.0133587690002,1,6272199,162676,2.5936039338,12798615,26273436,0.487131374823,488,0,0,0,0,0,0,1,0,0,0,0
53,cn3347,coarse_surface_mesh,setup,8.631540878,1,5673570695,163892330,2.88869811994,15312840904,18804130852,0.814333883577,11354,0,0,0,0,0,0,38,0,0,0,0
53,cn3347,coarse_volume_mesh,setup,14.828680664,1,5308063347,129307953,2.43606650009,13427696015,22198928413,0.604880369232,20865,0,0,0,0,0,86033,2759848,0,0,0,0
53,cn3347,coarse_mesh_save,io,0,0,0,0,0,0,0,0,0,0,0,0,0,0,0,0,0,0,0,0
53,cn3347,submesh_initialization,setup,0.000135342000249,1,3498936673,66050142,1.88772041831,9646954641,14754490375,0.653831775671,4,0,0,0,0,0,0,0,0,0,0,0
53,cn3347,metis_partition,compute,0.178339114,1,3611979785,72118152,1.9966377525,9908249631,15143480015,0.654291458845,336,0,0,0,0,0,0,0,0,0,0,0
53,cn3347,face_map_setup,compute,0.00808138999992,1,3501994728,66110474,1.88779478939,9654850465,14771331222,0.653620876812,224,0,0,0,0,0,0,0,0,0,0,0
53,cn3347,face_local_extract,compute,0.168668986,1,3559987482,68202558,1.91580892756,9810153281,15121669848,0.648748013917,599,0,0,0,0,0,0,0,0,0,0,0
53,cn3347,face_pre_collective_wait,synchronization,0.0207372720001,1,3523487741,66045996,1.87444943348,9695407828,14799771162,0.655105252769,1,0,0,0,0,0,0,0,0,0,0,0
53,cn3347,face_collective_setup,compute,0.000142502000017,1,3498856691,66046681,1.88766465257,9646808780,14754393239,0.653826194255,16,0,0,0,0,0,0,0,0,0,0,0
53,cn3347,face_allgatherv,communication,0.07608007,1,3639166534,66478535,1.82675165808,9920341459,14914708257,0.665138150077,1353,0,0,0,0,0,0,0,1,1,75808,4859624
53,cn3347,face_global_merge,compute,0.0826865849999,1,3517037919,66887735,1.90182012649,9691220659,14934088002,0.648932874756,405,0,0,0,0,0,0,0,0,0,0,0
53,cn3347,part_face_create,compute,0.0215196609997,1,3503367759,66221035,1.89021077875,9657212146,14801117987,0.6524650472,3,0,0,0,0,0,0,0,0,0,0,0
53,cn3347,surface_refine,compute,0.0132136470002,1,3503733666,66230258,1.890276611,9656892861,14782924079,0.653246462567,48,0,0,0,0,0,0,0,0,0,0,0
53,cn3347,refined_surface_save,io,0,0,0,0,0,0,0,0,0,0,0,0,0,0,0,0,0,0,0,0
53,cn3347,local_volume_mesh,compute,11.446383199,1,6988757532,140462782,2.00983910741,18861144837,30095368448,0.626712541154,4715,0,0,0,0,0,72672,2516573,0,0,0,0
53,cn3347,volume_refine,compute,0.816346625,1,6591835313,140571295,2.13250617355,17593280408,29029647348,0.606045268036,7202,0,0,0,0,0,0,1,0,0,0,0
53,cn3347,refined_volume_save,io,0,0,0,0,0,0,0,0,0,0,0,0,0,0,0,0,0,0,0,0
53,cn3347,adjacency_build,compute,0.00460247199999,1,6323832414,129299899,2.04464461635,17087256483,27408801902,0.623422232905,13,0,0,0,0,0,0,0,0,0,0,0
53,cn3347,vertex_numbering_local,compute,0.018333905,1,6331175152,129423513,2.04422575419,17104802480,27437571358,0.623408036259,184,0,0,0,0,0,0,0,0,0,0,0
53,cn3347,vertex_count_pre_collective_wait,synchronization,5.716499315,1,13172877124,129274837,0.981371311545,30589189857,39962852128,0.765440608669,29,0,0,0,0,0,0,5,0,0,0,0
53,cn3347,vertex_count_allgather,communication,0.000598326000272,1,6323358536,129268070,2.04429448787,17086108775,27399917803,0.623582482905,22,0,0,0,0,0,0,0,1,1,4,256
53,cn3347,element_count_pre_collective_wait,synchronization,0.00122105399987,1,6324340820,129264661,2.04392306928,17088049337,27401517991,0.623616886576,0,0,0,0,0,0,0,0,0,0,0,0
53,cn3347,element_count_allgather,communication,0.000376003999918,1,6323127296,129264951,2.04431992191,17085657512,27399374426,0.623578379796,38,0,0,0,0,0,0,0,1,1,4,256
53,cn3347,vertex_exchange_prepare,compute,0.00026254300019,1,6322914829,129264620,2.04438338165,17085251643,27398955209,0.623573107539,49,0,0,0,0,0,0,0,0,0,0,0
53,cn3347,vertex_exchange,communication,0.00338111800011,1,6328193680,129282357,2.04295828379,17095669150,27405299383,0.623808881307,79,0,0,0,0,0,0,0,6,5,121000,185482
53,cn3347,vertex_exchange_unpack,compute,0.00280745100008,1,6323950142,129283305,2.04434415353,17087734754,27404912356,0.623528166484,0,0,0,0,0,0,0,0,0,0,0,0
53,cn3347,partition_result_io,io,0,0,0,0,0,0,0,0,0,0,0,0,0,0,0,0,0,0,0,0
53,cn3347,volume_exchange_pack,compute,0.287327171,2,12796506869,261334024,2.04222938866,34590835292,55417905408,0.624181571594,1220,0,0,0,0,0,0,0,0,0,0,0
53,cn3347,volume_size_exchange,communication,0.014007236,1,6339390544,129264767,2.0390724645,17117757338,27429514115,0.624063454651,2,0,0,0,0,0,0,0,7,7,28,28
53,cn3347,volume_payload_prepare,compute,0.000474365999708,1,6322916004,129264643,2.0443833655,17085360096,27399172052,0.623572130704,136,0,0,0,0,0,0,0,0,0,0,0
53,cn3347,volume_payload_exchange,communication,0.0466895019999,1,6372765706,129309147,2.02908992682,17183806774,27492944688,0.625026055557,420,0,0,0,0,0,3,1,7,7,3264120,3256680
53,cn3347,volume_exchange_unpack,compute,0.219535673,1,6451377421,133750046,2.07320138432,17439401188,27836941016,0.626484108939,6528,0,0,0,0,0,0,1,0,0,0,0
53,cn3347,final_mesh_save,io,0,0,0,0,0,0,0,0,0,0,0,0,0,0,0,0,0,0,0,0
53,cn3347,testout_io,io,0,0,0,0,0,0,0,0,0,0,0,0,0,0,0,0,0,0,0,0
53,cn3347,final_count_exchange,communication,0,0,0,0,0,0,0,0,0,0,0,0,0,0,0,0,0,0,0,0
53,cn3347,quality_surface_compute,postprocess,0,0,0,0,0,0,0,0,0,0,0,0,0,0,0,0,0,0,0,0
53,cn3347,quality_reduce_pre_collective_wait,synchronization,0,0,0,0,0,0,0,0,0,0,0,0,0,0,0,0,0,0,0,0
53,cn3347,quality_reduce,communication,0,0,0,0,0,0,0,0,0,0,0,0,0,0,0,0,0,0,0,0
53,cn3347,quality_summary_io,io,0,0,0,0,0,0,0,0,0,0,0,0,0,0,0,0,0,0,0,0
53,cn3347,quality_volume_compute,postprocess,0,0,0,0,0,0,0,0,0,0,0,0,0,0,0,0,0,0,0,0
53,cn3347,quality_rank_io,io,0,0,0,0,0,0,0,0,0,0,0,0,0,0,0,0,0,0,0,0
54,cn3347,geometry_load,io,1.755609783,1,1399320987,23543798,1.68251589297,3316633181,3792778578,0.874460006771,6106,0,1035180,0,0,0,0,1,0,0,0,0
54,cn3347,coarse_local_size,setup,0.572711921,1,267648693,6330295,2.3651507239,632492569,917227807,0.689569771188,8270,0,0,0,0,0,121,70,0,0,0,0
54,cn3347,coarse_edge_mesh,setup,0.0143689010001,1,6331965,173458,2.73940238141,12808580,28365523,0.45155451567,518,0,0,0,0,0,0,0,0,0,0,0
54,cn3347,coarse_surface_mesh,setup,8.916164299,1,5675907147,163784469,2.88560867467,15312615402,19401213138,0.789260717517,16799,0,0,0,0,0,0,7,0,0,0,0
54,cn3347,coarse_volume_mesh,setup,15.122322867,1,5294113213,126109742,2.38207489954,13387769237,22787996233,0.587492164739,29381,0,0,0,0,0,87040,2766964,0,0,0,0
54,cn3347,coarse_mesh_save,io,0,0,0,0,0,0,0,0,0,0,0,0,0,0,0,0,0,0,0,0
54,cn3347,submesh_initialization,setup,0.000344863999999,1,3586447817,75798135,2.11345985966,9657766369,16420804341,0.58814210123,6,0,0,0,0,0,0,0,0,0,0,0
54,cn3347,metis_partition,compute,0.184762586,1,3700524073,81844939,2.21171210849,9919071795,16823194935,0.589606898887,392,0,0,0,0,0,0,1,0,0,0,0
54,cn3347,face_map_setup,compute,0.0079502489998,1,3589516225,75862736,2.11345293473,9665657316,16437383395,0.588028951064,216,0,0,0,0,0,0,0,0,0,0,0
54,cn3347,face_local_extract,compute,0.171734319,1,3647677435,77938409,2.13665847348,9820964668,16794853251,0.58476037398,613,0,0,0,0,0,0,0,0,0,0,0
54,cn3347,face_pre_collective_wait,synchronization,0.0113602269998,1,3600460956,75793829,2.105114593,9685409210,16445435695,0.588942086402,1,0,0,0,0,0,0,0,0,0,0,0
54,cn3347,face_collective_setup,compute,0.000120961999983,1,3586364585,75794544,2.11340877938,9657620513,16420663450,0.588138265083,15,0,0,0,0,0,0,0,0,0,0,0
54,cn3347,face_allgatherv,communication,0.094494296,1,3751442466,76239247,2.03226486054,9980172541,16622388969,0.600405426658,1085,0,0,0,0,0,0,0,1,1,75808,4859624
54,cn3347,face_global_merge,compute,0.0863128850001,1,3604480265,76676463,2.12725434356,9702031936,16608693237,0.584153840254,415,0,0,0,0,0,0,0,0,0,0,0
54,cn3347,part_face_create,compute,0.0216851629998,1,3590826860,75968161,2.11561748761,9668005134,16467839625,0.587083998518,3,0,0,0,0,0,0,0,0,0,0,0
54,cn3347,surface_refine,compute,0.015383812,1,3591184806,75980351,2.11574605888,9667504419,16453929866,0.587549873965,6,0,0,0,0,0,0,0,0,0,0,0
54,cn3347,refined_surface_save,io,0,0,0,0,0,0,0,0,0,0,0,0,0,0,0,0,0,0,0,0
54,cn3347,local_volume_mesh,compute,13.177476609,1,7822847271,168826896,2.15812593742,21170295709,35997123395,0.588110763093,11347,0,0,0,0,0,65180,2516453,0,0,0,0
54,cn3347,volume_refine,compute,0.927734489,1,6857235706,163011936,2.37722521128,18352906835,32992237369,0.556279546299,8081,0,0,0,0,0,0,1,0,0,0,0
54,cn3347,refined_volume_save,io,0,0,0,0,0,0,0,0,0,0,0,0,0,0,0,0,0,0,0,0
54,cn3347,adjacency_build,compute,0.00634607100028,1,6570097336,151273963,2.30246152018,17797402621,31147973752,0.571382355806,13,0,0,0,0,0,0,0,0,0,0,0
54,cn3347,vertex_numbering_local,compute,0.011203905,1,6572390329,151324186,2.3024223825,17802795211,31158690407,0.57135890432,6,0,0,0,0,0,0,0,0,0,0,0
54,cn3347,vertex_count_pre_collective_wait,synchronization,3.8541722,1,11306849479,151247845,1.33766568027,27157288092,39608863490,0.685636640366,30,0,0,0,0,0,0,3,0,0,0,0
54,cn3347,vertex_count_allgather,communication,0.000565926000036,1,6569609568,151244176,2.30217906307,17796282839,31134820034,0.571587785623,22,0,0,0,0,0,1,0,1,1,4,256
54,cn3347,element_count_pre_collective_wait,synchronization,0.00119457300025,1,6570806636,151241796,2.30172343181,17798653247,31136786294,0.571627819228,0,0,0,0,0,0,0,0,0,0,0,0
54,cn3347,element_count_allgather,communication,0.000214721999782,1,6569605240,151241791,2.30214427618,17796277148,31134629078,0.571591108518,0,0,0,0,0,0,0,0,1,1,4,256
54,cn3347,vertex_exchange_prepare,compute,2.34399999499e-05,1,6569370322,151241638,2.30222427092,17795819184,31134210291,0.571584087654,0,0,0,0,0,0,0,0,0,0,0,0
54,cn3347,vertex_exchange,communication,0.00172931999987,1,6571275325,151247631,2.30164805947,17799598329,31137363059,0.57164758285,35,0,0,0,0,0,0,0,3,2,21648,47916
54,cn3347,vertex_exchange_unpack,compute,0.00081604900015,1,6569635160,151246689,2.30220834668,17796452546,31135952853,0.571572440067,0,0,0,0,0,0,0,0,0,0,0,0
54,cn3347,partition_result_io,io,0,0,0,0,0,0,0,0,0,0,0,0,0,0,0,0,0,0,0,0
54,cn3347,volume_exchange_pack,compute,0.200244898,2,13267165518,304848676,2.29776794136,35956703079,62699405417,0.573477576699,1646,0,0,0,0,0,0,0,0,0,0,0
54,cn3347,volume_size_exchange,communication,0.104818831,1,6697660930,151242273,2.25813570709,18048808053,31364481815,0.575453730097,42,0,0,0,0,0,0,0,4,4,16,16
54,cn3347,volume_payload_prepare,compute,0.000334124000346,1,6569370738,151241763,2.30222602791,17795847019,31134313225,0.571583091954,94,0,0,0,0,0,0,0,0,0,0,0
54,cn3347,volume_payload_exchange,communication,0.00273502999971,1,6570890597,151255304,2.30189959439,17798886391,31138168694,0.571609928828,115,0,0,0,0,0,1,0,4,4,711240,713160
54,cn3347,volume_exchange_unpack,compute,0.166667863,1,6688050898,153531867,2.29561451223,18131164786,31452740266,0.576457397119,8120,0,0,0,0,0,0,1,0,0,0,0
54,cn3347,final_mesh_save,io,0,0,0,0,0,0,0,0,0,0,0,0,0,0,0,0,0,0,0,0
54,cn3347,testout_io,io,0,0,0,0,0,0,0,0,0,0,0,0,0,0,0,0,0,0,0,0
54,cn3347,final_count_exchange,communication,0,0,0,0,0,0,0,0,0,0,0,0,0,0,0,0,0,0,0,0
54,cn3347,quality_surface_compute,postprocess,0,0,0,0,0,0,0,0,0,0,0,0,0,0,0,0,0,0,0,0
54,cn3347,quality_reduce_pre_collective_wait,synchronization,0,0,0,0,0,0,0,0,0,0,0,0,0,0,0,0,0,0,0,0
54,cn3347,quality_reduce,communication,0,0,0,0,0,0,0,0,0,0,0,0,0,0,0,0,0,0,0,0
54,cn3347,quality_summary_io,io,0,0,0,0,0,0,0,0,0,0,0,0,0,0,0,0,0,0,0,0
54,cn3347,quality_volume_compute,postprocess,0,0,0,0,0,0,0,0,0,0,0,0,0,0,0,0,0,0,0,0
54,cn3347,quality_rank_io,io,0,0,0,0,0,0,0,0,0,0,0,0,0,0,0,0,0,0,0,0
55,cn3347,geometry_load,io,1.803968404,1,1419732731,27134974,1.91127339727,3317349958,3897826758,0.851076808684,6107,0,1035180,0,0,0,0,1,0,0,0,0
55,cn3347,coarse_local_size,setup,0.54582086,1,268870787,6248815,2.32409592344,632215472,922262955,0.685504571741,7912,0,0,0,0,0,110,67,0,0,0,0
55,cn3347,coarse_edge_mesh,setup,0.014228819,1,6284916,167410,2.66367919635,12810243,28078203,0.456234432097,506,0,0,0,0,0,0,0,0,0,0,0
55,cn3347,coarse_surface_mesh,setup,8.863905294,1,5675472281,166617817,2.93575245813,15312322001,19297273084,0.793496673563,14109,0,0,0,0,0,0,8,0,0,0,0
55,cn3347,coarse_volume_mesh,setup,15.492068939,1,5348462562,125355838,2.34377330956,13501299659,23112146760,0.5841646732,25366,0,0,0,0,0,86987,2907017,0,0,0,0
55,cn3347,coarse_mesh_save,io,0,0,0,0,0,0,0,0,0,0,0,0,0,0,0,0,0,0,0,0
55,cn3347,submesh_initialization,setup,0.000394003999645,1,3486338627,70016599,2.00831320451,9536753630,15798093774,0.60366483238,2,0,0,0,0,0,1,0,0,0,0,0
55,cn3347,metis_partition,compute,0.182841204,1,3599117747,76130361,2.11525063506,9798021124,16196864009,0.604933221552,287,0,0,0,0,0,0,0,0,0,0,0
55,cn3347,face_map_setup,compute,0.00788108799998,1,3489390467,70082684,2.00845060657,9544643983,15814629148,0.603532583261,220,0,0,0,0,0,0,0,0,0,0,0
55,cn3347,face_local_extract,compute,0.179701988,1,3547682233,72153945,2.03383336672,9699953502,16189190100,0.599162369586,722,0,0,0,0,0,0,0,0,0,0,0
55,cn3347,face_pre_collective_wait,synchronization,0.00533438000002,1,3492791840,70012267,2.00447865797,9549494072,15809478560,0.604035992443,0,0,0,0,0,0,0,0,0,0,0,0
55,cn3347,face_collective_setup,compute,9.67809996837e-05,1,3486255492,70012899,2.00825496469,9536607783,15797924514,0.603662068049,16,0,0,0,0,0,0,0,0,0,0,0
55,cn3347,face_allgatherv,communication,0.0947532589998,1,3651907048,70482780,1.93002667027,9860166179,16000538926,0.616239629465,836,0,0,0,0,0,0,0,1,1,75808,4859624
55,cn3347,face_global_merge,compute,0.0874997179999,1,3504444248,70885410,2.02272899734,9581019767,15987944905,0.599265247906,546,0,0,0,0,0,0,0,0,0,0,0
55,cn3347,part_face_create,compute,0.0220049660002,1,3490735587,70196081,2.01092518326,9546955481,15845826784,0.602490208377,3,0,0,0,0,0,0,0,0,0,0,0
55,cn3347,surface_refine,compute,0.014675244,1,3490563084,70197087,2.01105338339,9545451421,15829488584,0.603017044445,47,0,0,0,0,0,0,0,0,0,0,0
55,cn3347,refined_surface_save,io,0,0,0,0,0,0,0,0,0,0,0,0,0,0,0,0,0,0,0,0
55,cn3347,local_volume_mesh,compute,11.998259648,1,7214191321,151316783,2.0974878024,19594657428,32973998726,0.594245714353,1943,0,0,0,0,0,60896,2565199,0,0,0,0
55,cn3347,volume_refine,compute,0.843512109,1,6859637363,153256916,2.23418393553,18443686324,32306602128,0.570895269361,4087,0,0,0,0,0,0,2,0,0,0,0
55,cn3347,refined_volume_save,io,0,0,0,0,0,0,0,0,0,0,0,0,0,0,0,0,0,0,0,0
55,cn3347,adjacency_build,compute,0.00395620399968,1,6605383524,142692554,2.16024631244,17955111120,30631586206,0.586163282543,0,0,0,0,0,0,0,0,0,0,0,0
55,cn3347,vertex_numbering_local,compute,0.00861239699998,1,6607147221,142740874,2.1604009904,17959357019,30641637386,0.586109573479,1,0,0,0,0,0,0,0,0,0,0,0
55,cn3347,vertex_count_pre_collective_wait,synchronization,5.121688147,1,12998054798,142673654,1.09765388912,30565774521,41882749641,0.729793883711,0,0,0,0,0,0,0,3,0,0,0,0
55,cn3347,vertex_count_allgather,communication,0.000448824999694,1,6604750879,142663571,2.16001441407,17953771600,30623309571,0.58627796445,12,0,0,0,0,0,1,0,1,1,4,256
55,cn3347,element_count_pre_collective_wait,synchronization,0.00137365499995,1,6606333573,142661221,2.1594613627,17956897833,30625906198,0.586330334747,0,0,0,0,0,0,0,0,0,0,0,0
55,cn3347,element_count_allgather,communication,0.000153261999913,1,6604798875,142661459,2.15996674085,17953870776,30623201306,0.586283275762,1,0,0,0,0,0,0,0,1,1,4,256
55,cn3347,vertex_exchange_prepare,compute,3.34000001203e-05,1,6604666506,142661019,2.16000336838,17953613371,30622956630,0.586279554516,0,0,0,0,0,0,0,0,0,0,0,0
55,cn3347,vertex_exchange,communication,0.00176081900008,1,6606782592,142665299,2.15937632294,17957795873,30626470892,0.586348846275,7,0,0,0,0,0,0,0,0,3,0,53878
55,cn3347,vertex_exchange_unpack,compute,0.00093323100009,1,6604963121,142666734,2.15999289302,17954323129,30624935449,0.586264848097,0,0,0,0,0,0,0,0,0,0,0,0
55,cn3347,partition_result_io,io,0,0,0,0,0,0,0,0,0,0,0,0,0,0,0,0,0,0,0,0
55,cn3347,volume_exchange_pack,compute,0.156322047,2,13316271812,286680448,2.15285818769,36211432668,61586941436,0.587972577038,141,0,0,0,0,0,0,0,0,0,0,0
55,cn3347,volume_size_exchange,communication,0.134936588,1,6771341404,142661902,2.10684845865,18282613509,30917751168,0.591330637525,5,0,0,0,0,0,0,1,3,3,12,12
55,cn3347,volume_payload_prepare,compute,0.000186742000096,1,6604666852,142661056,2.16000381544,17953628269,30622959081,0.586279994089,65,0,0,0,0,0,0,0,0,0,0,0
55,cn3347,volume_payload_exchange,communication,0.0167570469998,1,6623868365,142673810,2.15393486311,17991511046,30658018784,0.586845196122,85,0,0,0,0,0,1,0,3,3,558720,562080
55,cn3347,volume_exchange_unpack,compute,0.145262703,1,6707931499,144835967,2.15917480704,18244636187,30900660577,0.590428678427,6909,0,0,0,0,0,0,0,0,0,0,0
55,cn3347,final_mesh_save,io,0,0,0,0,0,0,0,0,0,0,0,0,0,0,0,0,0,0,0,0
55,cn3347,testout_io,io,0,0,0,0,0,0,0,0,0,0,0,0,0,0,0,0,0,0,0,0
55,cn3347,final_count_exchange,communication,0,0,0,0,0,0,0,0,0,0,0,0,0,0,0,0,0,0,0,0
55,cn3347,quality_surface_compute,postprocess,0,0,0,0,0,0,0,0,0,0,0,0,0,0,0,0,0,0,0,0
55,cn3347,quality_reduce_pre_collective_wait,synchronization,0,0,0,0,0,0,0,0,0,0,0,0,0,0,0,0,0,0,0,0
55,cn3347,quality_reduce,communication,0,0,0,0,0,0,0,0,0,0,0,0,0,0,0,0,0,0,0,0
55,cn3347,quality_summary_io,io,0,0,0,0,0,0,0,0,0,0,0,0,0,0,0,0,0,0,0,0
55,cn3347,quality_volume_compute,postprocess,0,0,0,0,0,0,0,0,0,0,0,0,0,0,0,0,0,0,0,0
55,cn3347,quality_rank_io,io,0,0,0,0,0,0,0,0,0,0,0,0,0,0,0,0,0,0,0,0
56,cn3347,geometry_load,io,1.749271252,1,1399654588,24300407,1.73617171039,3315990168,3776646081,0.878025130468,6106,0,1035180,0,0,0,1,1,0,0,0,0
56,cn3347,coarse_local_size,setup,0.557780734,1,266271499,6271882,2.35544623572,631453107,901147077,0.700721472795,8355,0,0,0,0,0,135,61,0,0,0,0
56,cn3347,coarse_edge_mesh,setup,0.0131763479999,1,6299669,167209,2.65425056459,12796202,26019369,0.491795246841,489,0,0,0,0,0,0,0,0,0,0,0
56,cn3347,coarse_surface_mesh,setup,8.648328565,1,5674194356,163292096,2.87780230558,15311142958,18820092607,0.813553008358,17232,0,0,0,0,0,0,8,0,0,0,0
56,cn3347,coarse_volume_mesh,setup,14.76745768,1,5310289416,127054811,2.39261556286,13428748732,22160538680,0.605975735785,27139,0,0,0,0,0,85431,2735588,0,0,0,0
56,cn3347,coarse_mesh_save,io,0,0,0,0,0,0,0,0,0,0,0,0,0,0,0,0,0,0,0,0
56,cn3347,submesh_initialization,setup,0.000329744000283,1,4077614308,106073997,2.60137396497,9997849500,17218512143,0.580645378472,2,0,0,0,0,0,0,0,0,0,0,0
56,cn3347,metis_partition,compute,0.178499915,1,4191408023,112160230,2.67595589321,10259141839,17608252956,0.582632579429,203,0,0,0,0,0,0,0,0,0,0,0
56,cn3347,face_map_setup,compute,0.0082761120002,1,4080639489,106140019,2.60106336975,10005741382,17235804938,0.580520690388,225,0,0,0,0,0,0,0,0,0,0,0
56,cn3347,face_local_extract,compute,0.163921632,1,4138641052,108199870,2.61438159629,10161043495,17575170646,0.578147643608,722,0,0,0,0,0,0,0,0,0,0,0
56,cn3347,face_pre_collective_wait,synchronization,0.0249365589998,1,4108619716,106247912,2.58597581047,10059128914,17273049973,0.582359741315,1,0,0,0,0,0,0,0,0,0,0,0
56,cn3347,face_collective_setup,compute,0.000191082000129,1,4077530738,106070570,2.6013432348,9997703745,17218445924,0.580639146479,15,0,0,0,0,0,0,0,0,0,0,0
56,cn3347,face_allgatherv,communication,0.0949336809999,1,4235876175,107272070,2.53246472673,10307003203,17421138168,0.591637762332,1068,0,0,0,0,0,0,0,1,1,75808,4859624
56,cn3347,face_global_merge,compute,0.0820556370004,1,4095699442,106913599,2.61038683414,10042115102,17397440102,0.577217972479,230,0,0,0,0,0,0,0,0,0,0,0
56,cn3347,part_face_create,compute,0.0203451070001,1,4082007553,106247494,2.6028245323,10008099713,17262563589,0.579757442248,3,0,0,0,0,0,0,0,0,0,0,0
56,cn3347,surface_refine,compute,0.0130610860001,1,4082326101,106250441,2.60269362053,10007599668,17246568434,0.580266138525,4,0,0,0,0,0,0,0,0,0,0,0
56,cn3347,refined_surface_save,io,0,0,0,0,0,0,0,0,0,0,0,0,0,0,0,0,0,0,0,0
56,cn3347,local_volume_mesh,compute,12.673999181,1,8123787124,198138833,2.43899587687,20864160612,35516239045,0.587454110374,5817,0,0,0,0,0,67464,2601695,0,0,0,0
56,cn3347,volume_refine,compute,0.822010267,1,8398178394,210064763,2.50131341756,21392189743,37156872123,0.575726333266,6617,0,0,0,0,0,0,0,0,0,0,0
56,cn3347,refined_volume_save,io,0,0,0,0,0,0,0,0,0,0,0,0,0,0,0,0,0,0,0,0
56,cn3347,adjacency_build,compute,0.00413354599959,1,8124683100,198173078,2.43914840199,20866153560,35525158769,0.587362710908,7,0,0,0,0,0,0,0,0,0,0,0
56,cn3347,vertex_numbering_local,compute,0.016062659,1,8132138734,198287582,2.43832020685,20883622084,35551322431,0.587421807572,5,0,0,0,0,0,0,0,0,0,0,0
56,cn3347,vertex_count_pre_collective_wait,synchronization,4.46887145,1,13547370711,235096249,1.73536440402,31567933262,45339391628,0.696258421838,31,0,0,0,0,0,0,4,0,0,0,0
56,cn3347,vertex_count_allgather,communication,0.000559866000003,1,8124275317,198143452,2.43890617032,20865116891,35517276568,0.587463874125,15,0,0,0,0,0,0,0,1,1,4,256
56,cn3347,element_count_pre_collective_wait,synchronization,0.00130403399999,1,8125317226,198148722,2.43865828852,20867175769,35519051848,0.58749247751,0,0,0,0,0,0,0,0,0,0,0,0
56,cn3347,element_count_allgather,communication,0.000225881999995,1,8124034510,198139889,2.43893460517,20864646391,35516678385,0.587460521078,0,0,0,0,0,0,0,0,1,1,4,256
56,cn3347,vertex_exchange_prepare,compute,4.6459999794e-05,1,8123784252,198138393,2.43899132293,20864161206,35516285333,0.587453361476,0,0,0,0,0,0,0,0,0,0,0,0
56,cn3347,vertex_exchange,communication,0.00626766999994,1,8132344358,198193253,2.43709863079,20880825898,35529016541,0.587711902296,58,0,0,0,0,0,0,0,5,5,187440,114532
56,cn3347,vertex_exchange_unpack,compute,0.00174845999982,1,8124418013,198150571,2.43895095849,20865681548,35520030017,0.587434231841,0,0,0,0,0,0,0,0,0,0,0,0
56,cn3347,partition_result_io,io,0,0,0,0,0,0,0,0,0,0,0,0,0,0,0,0,0,0,0,0
56,cn3347,volume_exchange_pack,compute,0.311083457,2,16405927724,399797202,2.43690700536,42172472110,71703485186,0.588150938558,1235,0,0,0,0,0,0,1,0,0,0,0
56,cn3347,volume_size_exchange,communication,0.0310263669999,1,8162289377,198352481,2.43010841491,20940337341,35584254946,0.588471990569,5,0,0,0,0,0,0,0,6,6,24,24
56,cn3347,volume_payload_prepare,compute,0.000513546000093,1,8123785057,198138482,2.4389921768,20864243766,35516532044,0.587451605358,102,0,0,0,0,0,0,0,0,0,0,0
56,cn3347,volume_payload_exchange,communication,0.00477519300011,1,8125201589,198158135,2.43880884467,20867056136,35520236003,0.58746952397,434,0,0,0,0,0,7,0,6,6,3181200,3205080
56,cn3347,volume_exchange_unpack,compute,0.217734094,1,8255867584,202711651,2.45536461114,21233830037,35945781733,0.590718271054,7917,0,0,0,0,0,0,1,0,0,0,0
56,cn3347,final_mesh_save,io,0,0,0,0,0,0,0,0,0,0,0,0,0,0,0,0,0,0,0,0
56,cn3347,testout_io,io,0,0,0,0,0,0,0,0,0,0,0,0,0,0,0,0,0,0,0,0
56,cn3347,final_count_exchange,communication,0,0,0,0,0,0,0,0,0,0,0,0,0,0,0,0,0,0,0,0
56,cn3347,quality_surface_compute,postprocess,0,0,0,0,0,0,0,0,0,0,0,0,0,0,0,0,0,0,0,0
56,cn3347,quality_reduce_pre_collective_wait,synchronization,0,0,0,0,0,0,0,0,0,0,0,0,0,0,0,0,0,0,0,0
56,cn3347,quality_reduce,communication,0,0,0,0,0,0,0,0,0,0,0,0,0,0,0,0,0,0,0,0
56,cn3347,quality_summary_io,io,0,0,0,0,0,0,0,0,0,0,0,0,0,0,0,0,0,0,0,0
56,cn3347,quality_volume_compute,postprocess,0,0,0,0,0,0,0,0,0,0,0,0,0,0,0,0,0,0,0,0
56,cn3347,quality_rank_io,io,0,0,0,0,0,0,0,0,0,0,0,0,0,0,0,0,0,0,0,0
57,cn3347,geometry_load,io,1.762845263,1,1404251741,23739604,1.69055186523,3316320410,3804579007,0.871665538788,6106,0,1035180,0,0,0,0,1,0,0,0,0
57,cn3347,coarse_local_size,setup,0.54838381,1,267646784,6017432,2.24827360526,632558781,903803585,0.699885231148,7820,0,0,0,0,0,150,72,0,0,0,0
57,cn3347,coarse_edge_mesh,setup,0.0136926930004,1,6302055,161768,2.56690873056,12803731,26979445,0.474573550345,508,0,0,0,0,0,0,0,0,0,0,0
57,cn3347,coarse_surface_mesh,setup,8.658315057,1,5675265934,160547777,2.82890315392,15313524871,18858111284,0.812039161313,15322,0,0,0,0,0,0,8,0,0,0,0
57,cn3347,coarse_volume_mesh,setup,14.756537978,1,5316638557,125410429,2.35882931773,13442206362,22444607988,0.598905820462,32010,0,0,0,0,0,81541,2684763,0,0,0,0
57,cn3347,coarse_mesh_save,io,0,0,0,0,0,0,0,0,0,0,0,0,0,0,0,0,0,0,0,0
57,cn3347,submesh_initialization,setup,0.000150941999891,1,4180160119,86989060,2.08099827575,11318993908,18787409844,0.602477616765,1,0,0,0,0,0,0,0,0,0,0,0
57,cn3347,metis_partition,compute,0.184351001,1,4293967019,93315526,2.17317752063,11580243708,19182817205,0.603677947,1901,0,0,0,0,0,0,0,0,0,0,0
57,cn3347,face_map_setup,compute,0.00805243000013,1,4183224841,87056252,2.08107991583,11326883111,18803512059,0.602381250665,598,0,0,0,0,0,0,0,0,0,0,0
57,cn3347,face_local_extract,compute,0.173225337,1,4241339309,89124592,2.1013313368,11482192604,19163238726,0.599178080917,1264,0,0,0,0,0,0,0,0,0,0,0
57,cn3347,face_pre_collective_wait,synchronization,0.0103836960002,1,4192893516,87088001,2.07703822355,11343376873,18809873107,0.603054407038,29,0,0,0,0,0,0,0,0,0,0,0
57,cn3347,face_collective_setup,compute,0.000111181999728,1,4180077884,86985482,2.0809536189,11318848013,18787288563,0.602473740425,18,0,0,0,0,0,0,0,0,0,0,0
57,cn3347,face_allgatherv,communication,0.0951300030001,1,4345401531,87695856,2.01813009395,11641211893,18990373921,0.613005933502,945,0,0,0,0,0,0,0,1,1,75808,4859624
57,cn3347,face_global_merge,compute,0.081911496,1,4198230102,87838412,2.09227245448,11363259370,18965083875,0.599167366983,588,0,0,0,0,0,0,0,0,0,0,0
57,cn3347,part_face_create,compute,0.0210485949997,1,4184680366,87167855,2.08302301194,11329503603,18832793135,0.601583818278,25,0,0,0,0,0,0,0,0,0,0,0
57,cn3347,surface_refine,compute,0.0213171380001,1,4187844873,87295902,2.08450658148,11334810705,18833412318,0.601845831951,54,0,0,0,0,0,0,0,0,0,0,0
57,cn3347,refined_surface_save,io,0,0,0,0,0,0,0,0,0,0,0,0,0,0,0,0,0,0,0,0
57,cn3347,local_volume_mesh,compute,15.88041838,1,9799335688,220059450,2.24565681804,26457795552,43726535270,0.605074136074,8913,0,0,0,0,0,71701,2821195,0,0,0,0
57,cn3347,volume_refine,compute,1.093920447,1,10063776540,231649423,2.30181405638,26895260273,45392295385,0.592507165476,7177,0,0,0,0,0,0,2,0,0,0,0
57,cn3347,refined_volume_save,io,0,0,0,0,0,0,0,0,0,0,0,0,0,0,0,0,0,0,0,0
57,cn3347,adjacency_build,compute,0.00411808599983,1,9675402040,217790135,2.250967289,26135537612,43171660731,0.60538643104,3,0,0,0,0,0,0,0,0,0,0,0
57,cn3347,vertex_numbering_local,compute,0.0185397069999,1,9681562855,217933574,2.25101646567,26150142944,43203331520,0.605280704612,4,0,0,0,0,0,0,0,0,0,0,0
57,cn3347,vertex_count_pre_collective_wait,synchronization,0.979044703,1,10875375774,227763712,2.09430659439,28511902675,45315410007,0.629187789995,30,0,0,0,0,0,0,0,0,0,0,0
57,cn3347,vertex_count_allgather,communication,0.000570046999655,1,9674799911,217760215,2.25079812506,26134122107,43163505733,0.605468014314,19,0,0,0,0,0,0,0,1,1,4,256
57,cn3347,element_count_pre_collective_wait,synchronization,0.00108677200024,1,9675787411,217766125,2.25062949143,26136079730,43165087684,0.605491176604,0,0,0,0,0,0,0,0,0,0,0,0
57,cn3347,element_count_allgather,communication,0.000265303000106,1,9674732897,217757511,2.25078576658,26133989194,43163210070,0.605469082388,4,0,0,0,0,0,0,0,1,1,4,256
57,cn3347,vertex_exchange_prepare,compute,2.89009999506e-05,1,9674493667,217755307,2.25081864225,26133531024,43162765874,0.605464698446,0,0,0,0,0,0,0,0,0,0,0,0
57,cn3347,vertex_exchange,communication,0.00208942300014,1,9677687100,217769362,2.25022115046,26139807547,43166675008,0.605555270174,36,0,0,0,0,0,0,0,4,4,59158,145244
57,cn3347,vertex_exchange_unpack,compute,0.00222630500002,1,9675312436,217770788,2.25078817289,26135502399,43167592361,0.605442670521,0,0,0,0,0,0,0,0,0,0,0,0
57,cn3347,partition_result_io,io,0,0,0,0,0,0,0,0,0,0,0,0,0,0,0,0,0,0,0,0
57,cn3347,volume_exchange_pack,compute,0.300339497,2,19535414703,438430946,2.24428788774,52796598464,86978594440,0.607006802121,742,0,0,0,0,0,0,1,0,0,0,0
57,cn3347,volume_size_exchange,communication,0.0420528899999,1,9725934117,218041068,2.24185220028,26235451041,43254960856,0.60653045389,3,0,0,0,0,0,0,0,6,6,24,24
57,cn3347,volume_payload_prepare,compute,0.00032202400007,1,9674494278,217755341,2.25081885154,26133596439,43163092066,0.605461638361,34,0,0,0,0,0,0,0,0,0,0,0
57,cn3347,volume_payload_exchange,communication,0.00470109300022,1,9675892603,217778324,2.25073109981,26136454183,43167144526,0.605471000456,323,0,0,0,0,0,7,0,6,6,2147880,2133120
57,cn3347,volume_exchange_unpack,compute,0.244965878,1,9838328311,221496125,2.25135935698,26596828204,43637906736,0.609489093162,10461,0,0,0,0,0,0,0,0,0,0,0
57,cn3347,final_mesh_save,io,0,0,0,0,0,0,0,0,0,0,0,0,0,0,0,0,0,0,0,0
57,cn3347,testout_io,io,0,0,0,0,0,0,0,0,0,0,0,0,0,0,0,0,0,0,0,0
57,cn3347,final_count_exchange,communication,0,0,0,0,0,0,0,0,0,0,0,0,0,0,0,0,0,0,0,0
57,cn3347,quality_surface_compute,postprocess,0,0,0,0,0,0,0,0,0,0,0,0,0,0,0,0,0,0,0,0
57,cn3347,quality_reduce_pre_collective_wait,synchronization,0,0,0,0,0,0,0,0,0,0,0,0,0,0,0,0,0,0,0,0
57,cn3347,quality_reduce,communication,0,0,0,0,0,0,0,0,0,0,0,0,0,0,0,0,0,0,0,0
57,cn3347,quality_summary_io,io,0,0,0,0,0,0,0,0,0,0,0,0,0,0,0,0,0,0,0,0
57,cn3347,quality_volume_compute,postprocess,0,0,0,0,0,0,0,0,0,0,0,0,0,0,0,0,0,0,0,0
57,cn3347,quality_rank_io,io,0,0,0,0,0,0,0,0,0,0,0,0,0,0,0,0,0,0,0,0
58,cn3347,geometry_load,io,1.802105543,1,1407829506,25625578,1.82021884687,3316787807,3887969951,0.853089876928,6106,0,1035180,0,0,0,0,2,0,0,0,0
58,cn3347,coarse_local_size,setup,0.569116902,1,268260300,6141590,2.28941442323,632377489,926893469,0.682254768374,8289,0,0,0,0,0,164,74,0,0,0,0
58,cn3347,coarse_edge_mesh,setup,0.0142254790003,1,6311980,176185,2.79127944005,12806583,27807066,0.460551393664,516,0,0,0,0,0,0,0,0,0,0,0
58,cn3347,coarse_surface_mesh,setup,8.875093919,1,5671858432,166494585,2.93545029369,15310067015,19309817939,0.792864389678,16484,0,0,0,0,0,0,9,0,0,0,0
58,cn3347,coarse_volume_mesh,setup,15.149743974,1,5304889791,126103914,2.3771259907,13404423599,22957626232,0.583876724167,30308,0,0,0,0,0,88477,2745099,0,0,0,0
58,cn3347,coarse_mesh_save,io,0,0,0,0,0,0,0,0,0,0,0,0,0,0,0,0,0,0,0,0
58,cn3347,submesh_initialization,setup,0.000303183000142,1,3253310651,68688577,2.11134393142,8790908889,15071582062,0.583277114031,3,0,0,0,0,0,0,0,0,0,0,0
58,cn3347,metis_partition,compute,0.184163418,1,3366208371,74708488,2.2193661166,9052209168,15472815274,0.585039568281,417,0,0,0,0,0,0,1,0,0,0,0
58,cn3347,face_map_setup,compute,0.00798080899995,1,3256383527,68758452,2.11149735373,8798793069,15088215488,0.58315664142,220,0,0,0,0,0,0,0,0,0,0,0
58,cn3347,face_local_extract,compute,0.180531438,1,3314674344,70829092,2.13683410946,8954107617,15464711068,0.579002580626,577,0,0,0,0,0,0,0,0,0,0,0
58,cn3347,face_pre_collective_wait,synchronization,0.00320949599973,1,3256957246,68715284,2.10980000073,8798117817,15078360330,0.583493007492,1,0,0,0,0,0,0,0,0,0,0,0
58,cn3347,face_collective_setup,compute,0.000110721000055,1,3253230763,68685056,2.11128754779,8790763010,15071441837,0.583272861686,16,0,0,0,0,0,0,0,0,0,0,0
58,cn3347,face_allgatherv,communication,0.0952905649997,1,3415716620,69410035,2.03207826415,9108151728,15274968763,0.596279564909,948,0,0,0,0,0,0,0,1,1,75808,4859624
58,cn3347,face_global_merge,compute,0.0861269829998,1,3271363714,69517809,2.1250406582,8835174169,15258696516,0.579025486203,469,0,0,0,0,0,0,0,0,0,0,0
58,cn3347,part_face_create,compute,0.0215746609997,1,3257696702,68867005,2.11397841173,8801125691,15118382188,0.582147321159,3,0,0,0,0,0,0,0,0,0,0,0
58,cn3347,surface_refine,compute,0.014661144,1,3257829967,68875893,2.11416475684,8800280469,15102889428,0.58268853195,50,0,0,0,0,0,0,0,0,0,0,0
58,cn3347,refined_surface_save,io,0,0,0,0,0,0,0,0,0,0,0,0,0,0,0,0,0,0,0,0
58,cn3347,local_volume_mesh,compute,10.902218657,1,6496273995,141964533,2.1853224342,17419970971,30398196556,0.573059356956,7851,0,0,0,0,0,65192,2245137,0,0,0,0
58,cn3347,volume_refine,compute,0.758055393,1,6371137612,147178834,2.31008719264,16940604012,30380084128,0.55762202437,6390,0,0,0,0,0,0,20,0,0,0,0
58,cn3347,refined_volume_save,io,0,0,0,0,0,0,0,0,0,0,0,0,0,0,0,0,0,0,0,0
58,cn3347,adjacency_build,compute,0.00425336800026,1,6133675931,136537029,2.22602287007,16484718147,28896051235,0.570483420483,13,0,0,0,0,0,0,0,0,0,0,0
58,cn3347,vertex_numbering_local,compute,0.0174886160003,1,6141381510,136681710,2.22558572167,16502841790,28925061872,0.570537821597,6,0,0,0,0,0,0,0,0,0,0,0
58,cn3347,vertex_count_pre_collective_wait,synchronization,6.295597328,1,13533805785,197924044,1.46244188179,31078439956,42723631182,0.727429740782,29,0,0,0,0,0,0,54,0,0,0,0
58,cn3347,vertex_count_allgather,communication,0.000515046000146,1,6133138146,136506530,2.22572077704,16483477067,28887742544,0.570604540728,23,0,0,0,0,0,0,0,1,1,4,256
58,cn3347,element_count_pre_collective_wait,synchronization,0.00130989399986,1,6134250346,136514446,2.22544627787,16485670718,28889666044,0.570642481394,0,0,0,0,0,0,0,0,0,0,0,0
58,cn3347,element_count_allgather,communication,0.000108681000256,1,6132851802,136502633,2.22576115333,16482914583,28887020982,0.570599321864,0,0,0,0,0,0,0,0,1,1,4,256
58,cn3347,vertex_exchange_prepare,compute,0.00020324299976,1,6132753632,136501994,2.22578636272,16482728392,28886918301,0.570594904595,20,0,0,0,0,0,0,0,0,0,0,0
58,cn3347,vertex_exchange,communication,0.00454745100024,1,6138388719,136527906,2.22416520442,16493942100,28894472484,0.570833819829,166,0,0,0,0,0,0,0,8,6,229064,92312
58,cn3347,vertex_exchange_unpack,compute,0.00163327799964,1,6133264636,136511676,2.22575877778,16483947785,28890281861,0.570570680629,0,0,0,0,0,0,0,0,0,0,0,0
58,cn3347,partition_result_io,io,0,0,0,0,0,0,0,0,0,0,0,0,0,0,0,0,0,0,0,0
58,cn3347,volume_exchange_pack,compute,0.259064875,2,12393711890,275410822,2.22218189711,33320304816,58329947136,0.57123838529,1563,0,0,0,0,0,0,1,0,0,0,0
58,cn3347,volume_size_exchange,communication,0.0849569500001,1,6232273501,137054207,2.19910449979,16679414572,29073483215,0.573698529641,2,0,0,0,0,0,0,0,7,7,28,28
58,cn3347,volume_payload_prepare,compute,0.000508064999849,1,6132754213,136501993,2.22578613554,16482879613,28887590175,0.57058686838,34,0,0,0,0,0,0,0,0,0,0,0
58,cn3347,volume_payload_exchange,communication,0.00496383500013,1,6133416022,136520618,2.22584963274,16484212108,28890370183,0.570578085486,256,0,0,0,0,0,7,0,7,7,3417600,3435000
58,cn3347,volume_exchange_unpack,compute,0.202393882,1,6247769015,139399084,2.23118178129,16803742904,29287547977,0.573750418341,6721,0,0,0,0,0,0,1,0,0,0,0
58,cn3347,final_mesh_save,io,0,0,0,0,0,0,0,0,0,0,0,0,0,0,0,0,0,0,0,0
58,cn3347,testout_io,io,0,0,0,0,0,0,0,0,0,0,0,0,0,0,0,0,0,0,0,0
58,cn3347,final_count_exchange,communication,0,0,0,0,0,0,0,0,0,0,0,0,0,0,0,0,0,0,0,0
58,cn3347,quality_surface_compute,postprocess,0,0,0,0,0,0,0,0,0,0,0,0,0,0,0,0,0,0,0,0
58,cn3347,quality_reduce_pre_collective_wait,synchronization,0,0,0,0,0,0,0,0,0,0,0,0,0,0,0,0,0,0,0,0
58,cn3347,quality_reduce,communication,0,0,0,0,0,0,0,0,0,0,0,0,0,0,0,0,0,0,0,0
58,cn3347,quality_summary_io,io,0,0,0,0,0,0,0,0,0,0,0,0,0,0,0,0,0,0,0,0
58,cn3347,quality_volume_compute,postprocess,0,0,0,0,0,0,0,0,0,0,0,0,0,0,0,0,0,0,0,0
58,cn3347,quality_rank_io,io,0,0,0,0,0,0,0,0,0,0,0,0,0,0,0,0,0,0,0,0
59,cn3347,geometry_load,io,1.780142957,1,1402985265,24079320,1.71629172456,3315468297,3839190666,0.863585215072,6107,0,1035180,0,0,0,1,5,0,0,0,0
59,cn3347,coarse_local_size,setup,0.568935359,1,267349707,6107959,2.28463276378,632422888,914304626,0.691698226188,8211,0,0,0,0,0,116,68,0,0,0,0
59,cn3347,coarse_edge_mesh,setup,0.0136051919999,1,6285823,164299,2.61380252037,12803667,26533959,0.482538885358,516,0,0,0,0,0,0,0,0,0,0,0
59,cn3347,coarse_surface_mesh,setup,8.984129838,1,5674753357,162507861,2.86369910332,15312976064,19388503135,0.789796713928,16802,0,0,0,0,0,0,25,0,0,0,0
59,cn3347,coarse_volume_mesh,setup,15.249605009,1,5293808834,126557706,2.39067389792,13376230574,22751794652,0.587919800552,31565,0,0,0,0,0,89495,2797075,0,0,0,0
59,cn3347,coarse_mesh_save,io,0,0,0,0,0,0,0,0,0,0,0,0,0,0,0,0,0,0,0,0
59,cn3347,submesh_initialization,setup,0.000338304000252,1,2906649392,63717964,2.19214481717,7839899286,13377856395,0.586035539216,1,0,0,0,0,0,0,0,0,0,0,0
59,cn3347,metis_partition,compute,0.185533794,1,3020630054,69767744,2.3097083308,8101172779,13781527790,0.587828352737,448,0,0,0,0,0,1,0,0,0,0,0
59,cn3347,face_map_setup,compute,0.00805111,1,2909718966,63786096,2.1921737716,7847790391,13394630357,0.585890777262,221,0,0,0,0,0,0,0,0,0,0,0
59,cn3347,face_local_extract,compute,0.175027416,1,2967976030,65915742,2.22089873145,8003098398,13758402205,0.581688068044,678,0,0,0,0,0,0,2,0,0,0,0
59,cn3347,face_pre_collective_wait,synchronization,0.00721814100007,1,2915126264,63713788,2.18562704425,7856633891,13393382140,0.586605669044,1,0,0,0,0,0,0,0,0,0,0,0
59,cn3347,face_collective_setup,compute,0.000113200999749,1,2906569731,63714488,2.19208530662,7839753341,13377704046,0.586031303581,16,0,0,0,0,0,0,0,0,0,0,0
59,cn3347,face_allgatherv,communication,0.0954104859998,1,3046738842,64190007,2.10684309778,8113008166,13538724660,0.599244638601,1344,0,0,0,0,0,2,1,1,1,75808,4859624
59,cn3347,face_global_merge,compute,0.102820729,1,2924668678,64596096,2.20866371928,7884166123,13569102319,0.581038151062,500,0,0,0,0,0,0,1,0,0,0,0
59,cn3347,part_face_create,compute,0.0282484159998,1,2911129643,63895978,2.19488603517,7850255175,13430688543,0.584501319487,1745,0,0,0,0,0,0,0,0,0,0,0
59,cn3347,surface_refine,compute,0.0323662219998,1,2912691615,63981527,2.19664610804,7852208047,13417310222,0.585229671006,1030,0,0,0,0,0,0,1,0,0,0,0
59,cn3347,refined_surface_save,io,0,0,0,0,0,0,0,0,0,0,0,0,0,0,0,0,0,0,0,0
59,cn3347,local_volume_mesh,compute,13.94877247,1,7481088010,167605566,2.24039024505,20199279395,34817579125,0.580146003905,4959,0,0,0,0,0,67474,2497682,0,0,0,0
59,cn3347,volume_refine,compute,1.011560927,1,6031824198,125525652,2.08105620919,15763787858,26707866022,0.590230153357,6314,0,0,0,0,0,0,3,0,0,0,0
59,cn3347,refined_volume_save,io,0,0,0,0,0,0,0,0,0,0,0,0,0,0,0,0,0,0,0,0
59,cn3347,adjacency_build,compute,0.00428404800005,1,5699380552,112328974,1.97089794189,15119885317,24680488991,0.612625030343,0,0,0,0,0,0,0,0,0,0,0,0
59,cn3347,vertex_numbering_local,compute,0.0171170510002,1,5706089142,112441588,1.97055435346,15135929086,24708572671,0.612578042752,1,0,0,0,0,0,0,0,0,0,0,0
59,cn3347,vertex_count_pre_collective_wait,synchronization,2.955265852,1,9292175972,112298951,1.20853233234,22205982202,31167414767,0.712474305874,28,0,0,0,0,0,0,8,0,0,0,0
59,cn3347,vertex_count_allgather,communication,0.000525125999957,1,5698888244,112296250,1.97049398395,15118716109,24672060257,0.612786931919,19,0,0,0,0,0,0,0,1,1,4,256
59,cn3347,element_count_pre_collective_wait,synchronization,0.00114235299998,1,5699809713,112293891,1.97013403349,15120535415,24673577545,0.612822983916,0,0,0,0,0,0,0,0,0,0,0,0
59,cn3347,element_count_allgather,communication,0.000250742999924,1,5698717587,112294096,1.97051519549,15118384270,24671581942,0.612785361942,3,0,0,0,0,0,0,0,1,1,4,256
59,cn3347,vertex_exchange_prepare,compute,4.21010004175e-05,1,5698485455,112293783,1.97058997319,15117941265,24671165410,0.612777751426,0,0,0,0,0,0,0,0,0,0,0,0
59,cn3347,vertex_exchange,communication,0.00302105399987,1,5702514339,112373522,1.97059604448,15125914957,24676668306,0.612964228778,53,0,0,0,0,0,0,0,3,5,55792,202774
59,cn3347,vertex_exchange_unpack,compute,0.00318491600001,1,5699618380,112315157,1.97057328249,15120660971,24678068963,0.612716537654,0,0,0,0,0,0,0,0,0,0,0,0
59,cn3347,partition_result_io,io,0,0,0,0,0,0,0,0,0,0,0,0,0,0,0,0,0,0,0,0
59,cn3347,volume_exchange_pack,compute,0.34094279,2,11576726311,227320498,1.96359913756,30743312800,50079403686,0.613891351278,1139,0,0,0,0,0,0,1,0,0,0,0
59,cn3347,volume_size_exchange,communication,7.52609998926e-05,1,5698488257,112293879,1.97059068889,15117932739,24671133751,0.612778192181,4,0,0,0,0,0,0,0,6,6,24,24
59,cn3347,volume_payload_prepare,compute,0.000437924999915,1,5698485845,112293758,1.97058939961,15118038356,24671705075,0.61276828294,34,0,0,0,0,0,0,0,0,0,0,0
59,cn3347,volume_payload_exchange,communication,0.00512867700036,1,5699835470,112310066,1.97040891077,15120530552,24675789751,0.612767846727,260,0,0,0,0,0,6,0,6,6,2759040,2749440
59,cn3347,volume_exchange_unpack,compute,0.236688306,1,5847243407,116138269,1.98620548036,15534349660,25132134153,0.618107064264,9331,0,0,0,0,0,0,2,0,0,0,0
59,cn3347,final_mesh_save,io,0,0,0,0,0,0,0,0,0,0,0,0,0,0,0,0,0,0,0,0
59,cn3347,testout_io,io,0,0,0,0,0,0,0,0,0,0,0,0,0,0,0,0,0,0,0,0
59,cn3347,final_count_exchange,communication,0,0,0,0,0,0,0,0,0,0,0,0,0,0,0,0,0,0,0,0
59,cn3347,quality_surface_compute,postprocess,0,0,0,0,0,0,0,0,0,0,0,0,0,0,0,0,0,0,0,0
59,cn3347,quality_reduce_pre_collective_wait,synchronization,0,0,0,0,0,0,0,0,0,0,0,0,0,0,0,0,0,0,0,0
59,cn3347,quality_reduce,communication,0,0,0,0,0,0,0,0,0,0,0,0,0,0,0,0,0,0,0,0
59,cn3347,quality_summary_io,io,0,0,0,0,0,0,0,0,0,0,0,0,0,0,0,0,0,0,0,0
59,cn3347,quality_volume_compute,postprocess,0,0,0,0,0,0,0,0,0,0,0,0,0,0,0,0,0,0,0,0
59,cn3347,quality_rank_io,io,0,0,0,0,0,0,0,0,0,0,0,0,0,0,0,0,0,0,0,0
60,cn3347,geometry_load,io,1.748623925,1,1403006604,23154037,1.65031561035,3314142001,3770744895,0.878909099736,6105,0,1035180,0,0,0,0,2,0,0,0,0
60,cn3347,coarse_local_size,setup,0.565665582,1,267695694,6226186,2.32584465852,632352854,904255420,0.699307784077,8386,0,0,0,0,0,102,70,0,0,0,0
60,cn3347,coarse_edge_mesh,setup,0.012917264,1,6320383,169336,2.67920472541,12810190,24989657,0.512619681014,507,0,0,0,0,0,0,0,0,0,0,0
60,cn3347,coarse_surface_mesh,setup,8.682676309,1,5675189058,165393480,2.91432546669,15314223736,18897652407,0.81037704611,15262,0,0,0,0,0,0,8,0,0,0,0
60,cn3347,coarse_volume_mesh,setup,15.036768771,1,5325680388,127516979,2.39437911609,13444510399,22449377651,0.598881207667,31885,0,0,0,0,0,82279,2837221,0,0,0,0
60,cn3347,coarse_mesh_save,io,0,0,0,0,0,0,0,0,0,0,0,0,0,0,0,0,0,0,0,0
60,cn3347,submesh_initialization,setup,0.000435864999872,1,1576975299,36282330,2.30075449013,4328853394,7196951390,0.601484317376,44,0,0,0,0,0,1,0,0,0,0,0
60,cn3347,metis_partition,compute,0.182221677,1,1690995280,42333023,2.50343827098,4590238552,7590681530,0.604720213048,1620,0,0,0,0,0,0,0,0,0,0,0
60,cn3347,face_map_setup,compute,0.00795318900009,1,1580004354,36357983,2.30113182334,4336742754,7212938891,0.601244904405,588,0,0,0,0,0,0,0,0,0,0,0
60,cn3347,face_local_extract,compute,0.172392287,1,1638040094,38464362,2.34819417064,4492051959,7571488201,0.593285208898,827,0,0,0,0,0,0,0,0,0,0,0
60,cn3347,face_pre_collective_wait,synchronization,0.0131249670003,1,1591210569,36394108,2.28719622085,4356630471,7225466515,0.60295490429,1,0,0,0,0,0,0,0,0,0,0,0
60,cn3347,face_collective_setup,compute,0.000117101000342,1,1576895263,36278664,2.30063878377,4328707466,7196793614,0.601477226967,16,0,0,0,0,0,0,0,0,0,0,0
60,cn3347,face_allgatherv,communication,0.0954735670002,1,1736211951,37111493,2.13749784285,4638078129,7401183676,0.626667075436,844,0,0,0,0,0,0,0,1,1,75808,4859624
60,cn3347,face_global_merge,compute,0.0831329490002,1,1595096214,37140404,2.32841151988,4373119008,7376902746,0.592812343957,645,0,0,0,0,0,0,0,0,0,0,0
60,cn3347,part_face_create,compute,0.0195682190001,1,1581332253,36455588,2.30537181107,4339024553,7239210330,0.599378158004,6,0,0,0,0,0,0,0,0,0,0,0
60,cn3347,surface_refine,compute,0.0116414700001,1,1580845961,36449531,2.30569782883,4336791991,7221816524,0.600512624017,49,0,0,0,0,0,0,0,0,0,0,0
60,cn3347,refined_surface_save,io,0,0,0,0,0,0,0,0,0,0,0,0,0,0,0,0,0,0,0,0
60,cn3347,local_volume_mesh,compute,10.838878009,1,4999850218,109209563,2.18425669247,13196927144,21428440420,0.615860365259,4791,0,0,0,0,0,72607,2430181,0,0,0,0
60,cn3347,volume_refine,compute,0.831226351,1,4864091116,115541714,2.37540192493,12642383653,21260052159,0.594654404347,5839,0,0,0,0,0,0,1,0,0,0,0
60,cn3347,refined_volume_save,io,0,0,0,0,0,0,0,0,0,0,0,0,0,0,0,0,0,0,0,0
60,cn3347,adjacency_build,compute,0.00353246000032,1,4588850189,103577067,2.25714640343,12114727299,19599471008,0.618115014127,5,0,0,0,0,0,0,0,0,0,0,0
60,cn3347,vertex_numbering_local,compute,0.00685157599992,1,4590247006,103609864,2.25717404455,12118151298,19606694307,0.618061928658,4,0,0,0,0,0,0,0,0,0,0,0
60,cn3347,vertex_count_pre_collective_wait,synchronization,6.304231305,1,11465627833,159246742,1.38890555598,25374628405,33448226141,0.758624038777,71,0,0,0,0,0,0,6,0,0,0,0
60,cn3347,vertex_count_allgather,communication,0.000503764999848,1,4588508431,103551024,2.25674694854,12113929329,19592669051,0.618288876185,46,0,0,0,0,0,0,0,1,1,4,256
60,cn3347,element_count_pre_collective_wait,synchronization,0.00132559400026,1,4589568593,103557596,2.25636884822,12116056856,19594658868,0.618334666483,2,0,0,0,0,0,0,0,0,0,0,0
60,cn3347,element_count_allgather,communication,0.00021370200011,1,4588373206,103547620,2.25673927013,12113689824,19592224125,0.618290692609,0,0,0,0,0,0,0,0,1,1,4,256
60,cn3347,vertex_exchange_prepare,compute,4.27410000157e-05,1,4588168734,103545700,2.25679799508,12113286135,19591784083,0.618283974736,8,0,0,0,0,0,0,0,0,0,0,0
60,cn3347,vertex_exchange,communication,0.00108025200007,1,4589364805,103553219,2.25637366825,12115651222,19593840557,0.6183397883,26,0,0,0,0,0,0,0,1,0,39270,0
60,cn3347,vertex_exchange_unpack,compute,3.33999969371e-06,1,4588168830,103545690,2.25679772991,12113286584,19591761771,0.618284701784,0,0,0,0,0,0,0,0,0,0,0,0
60,cn3347,partition_result_io,io,0,0,0,0,0,0,0,0,0,0,0,0,0,0,0,0,0,0,0,0
60,cn3347,volume_exchange_pack,compute,0.159203699,2,9292490599,208562902,2.24442413773,24555472896,39527810136,0.621220169079,1747,0,0,0,0,0,0,1,0,0,0,0
60,cn3347,volume_size_exchange,communication,0.136411725,1,4734816366,104733991,2.211996895,12395594350,19889422961,0.623225438682,8,0,0,0,0,0,0,1,1,1,4,4
60,cn3347,volume_payload_prepare,compute,0.000157882000167,1,4588169063,103546699,2.25681960665,12113312148,19591906139,0.618281450618,99,0,0,0,0,0,0,0,0,0,0,0
60,cn3347,volume_payload_exchange,communication,0.0560595070001,1,4648202376,104040020,2.23828507419,12228608047,19714226684,0.620293569868,18,0,0,0,0,0,1,0,1,1,403560,400800
60,cn3347,volume_exchange_unpack,compute,0.161235442,1,4703989122,106026524,2.2539704334,12440604302,19898566196,0.625201041093,8061,0,0,0,0,0,0,1,0,0,0,0
60,cn3347,final_mesh_save,io,0,0,0,0,0,0,0,0,0,0,0,0,0,0,0,0,0,0,0,0
60,cn3347,testout_io,io,0,0,0,0,0,0,0,0,0,0,0,0,0,0,0,0,0,0,0,0
60,cn3347,final_count_exchange,communication,0,0,0,0,0,0,0,0,0,0,0,0,0,0,0,0,0,0,0,0
60,cn3347,quality_surface_compute,postprocess,0,0,0,0,0,0,0,0,0,0,0,0,0,0,0,0,0,0,0,0
60,cn3347,quality_reduce_pre_collective_wait,synchronization,0,0,0,0,0,0,0,0,0,0,0,0,0,0,0,0,0,0,0,0
60,cn3347,quality_reduce,communication,0,0,0,0,0,0,0,0,0,0,0,0,0,0,0,0,0,0,0,0
60,cn3347,quality_summary_io,io,0,0,0,0,0,0,0,0,0,0,0,0,0,0,0,0,0,0,0,0
60,cn3347,quality_volume_compute,postprocess,0,0,0,0,0,0,0,0,0,0,0,0,0,0,0,0,0,0,0,0
60,cn3347,quality_rank_io,io,0,0,0,0,0,0,0,0,0,0,0,0,0,0,0,0,0,0,0,0
61,cn3347,geometry_load,io,1.771934605,1,1404923571,28077175,1.99848415811,3315913309,3819987337,0.86804301074,6106,0,1035180,0,0,0,0,4,0,0,0,0
61,cn3347,coarse_local_size,setup,0.567701765,1,267118541,6627061,2.48094384433,632258217,904557460,0.698969656389,8273,0,0,0,0,0,148,68,0,0,0,0
61,cn3347,coarse_edge_mesh,setup,0.0137703939999,1,6312874,167691,2.65633370791,12795562,27030848,0.473368871002,505,0,0,0,0,0,0,0,0,0,0,0
61,cn3347,coarse_surface_mesh,setup,8.809478187,1,5677155508,165442814,2.91418499576,15313448595,19163676318,0.799087207532,17123,0,0,0,0,0,0,18,0,0,0,0
61,cn3347,coarse_volume_mesh,setup,14.954111386,1,5323364635,127107292,2.3877246951,13457964921,22394249142,0.600956291754,27375,0,0,0,0,0,85601,2709419,0,0,0,0
61,cn3347,coarse_mesh_save,io,0,0,0,0,0,0,0,0,0,0,0,0,0,0,0,0,0,0,0,0
61,cn3347,submesh_initialization,setup,0.000225603000217,1,2969111197,66102115,2.22632668884,7976591316,13313844229,0.59912007222,54,0,0,0,0,0,0,0,0,0,0,0
61,cn3347,metis_partition,compute,0.18344769,1,3082375828,72122376,2.33983070282,8237823603,13709495702,0.60088450969,2186,0,0,0,0,0,0,0,0,0,0,0
61,cn3347,face_map_setup,compute,0.00804536999976,1,2972143269,66164741,2.22616257063,7984483368,13329914743,0.598989830163,605,0,0,0,0,0,0,0,0,0,0,0
61,cn3347,face_local_extract,compute,0.17005366,1,3030266336,68236123,2.25181932655,8139788720,13682910748,0.594887218802,827,0,0,0,0,0,0,1,0,0,0,0
61,cn3347,face_pre_collective_wait,synchronization,0.0142306789999,1,2984921342,66097761,2.21438870331,8007806537,13344804538,0.600069226507,4,0,0,0,0,0,0,0,0,0,0,0
61,cn3347,face_collective_setup,compute,0.000117040999612,1,2969030803,66098447,2.22626343025,7976445460,13313716843,0.599114849299,16,0,0,0,0,0,0,0,0,0,0,0
61,cn3347,face_allgatherv,communication,0.0954903669999,1,3128371587,66957683,2.14033663003,8287369069,13517914717,0.613065642334,945,0,0,0,0,0,1,0,1,1,75808,4859624
61,cn3347,face_global_merge,compute,0.0833345719998,1,2987277618,66966942,2.24173814969,8020857673,13494796044,0.594366720834,568,0,0,0,0,0,0,0,0,0,0,0
61,cn3347,part_face_create,compute,0.0201378249999,1,2973575841,66276945,2.22886344737,7986980735,13357328305,0.597947475171,30,0,0,0,0,0,0,0,0,0,0,0
61,cn3347,surface_refine,compute,0.0199481029999,1,2975498007,66361902,2.23027882539,7989741693,13356926024,0.598172190116,24,0,0,0,0,0,0,0,0,0,0,0
61,cn3347,refined_surface_save,io,0,0,0,0,0,0,0,0,0,0,0,0,0,0,0,0,0,0,0,0
61,cn3347,local_volume_mesh,compute,14.788856979,1,7945546161,182500923,2.29689588736,21340724267,35699929649,0.597780569229,7438,0,0,0,0,0,71640,2664401,0,0,0,0
61,cn3347,volume_refine,compute,0.985177211,1,7731585867,183912851,2.37872092691,20502760158,35107237131,0.584003807577,8021,0,0,0,0,0,0,2,0,0,0,0
61,cn3347,refined_volume_save,io,0,0,0,0,0,0,0,0,0,0,0,0,0,0,0,0,0,0,0,0
61,cn3347,adjacency_build,compute,0.00406938600008,1,7390499065,170263383,2.30381441771,19841156227,33133448733,0.598825567084,8,0,0,0,0,0,0,0,0,0,0,0
61,cn3347,vertex_numbering_local,compute,0.0176481570002,1,7396640960,170380860,2.30348966404,19856003489,33160621573,0.598782608622,485,0,0,0,0,0,0,0,0,0,0,0
61,cn3347,vertex_count_pre_collective_wait,synchronization,2.179910306,1,9845338275,170230951,1.72905131591,24688741123,37917425143,0.651118609185,29,0,0,0,0,0,0,4,0,0,0,0
61,cn3347,vertex_count_allgather,communication,0.000645847000214,1,7389911279,170229595,2.30354044282,19839797215,33125476945,0.598928650837,22,0,0,0,0,0,0,0,1,1,4,256
61,cn3347,element_count_pre_collective_wait,synchronization,0.00107311200009,1,7390763188,170227164,2.30324202887,19841484808,33126967228,0.59895265001,0,0,0,0,0,0,0,0,0,0,0,0
61,cn3347,element_count_allgather,communication,0.000385623999591,1,7389792010,170227479,2.30354898717,19839564140,33125122997,0.598928014299,39,0,0,0,0,0,0,0,1,1,4,256
61,cn3347,vertex_exchange_prepare,compute,0.000188741999864,1,7389594242,170227104,2.30360556243,19839186780,33124688153,0.598924484613,44,0,0,0,0,0,0,0,0,0,0,0
61,cn3347,vertex_exchange,communication,0.00456239100004,1,7395595577,170243125,2.30195287489,19851119061,33133550670,0.599124411951,57,0,0,0,0,0,0,0,4,6,54142,175384
61,cn3347,vertex_exchange_unpack,compute,0.00265381000008,1,7390585713,170246856,2.30356378522,19841564345,33130444260,0.598892190799,0,0,0,0,0,0,0,0,0,0,0,0
61,cn3347,partition_result_io,io,0,0,0,0,0,0,0,0,0,0,0,0,0,0,0,0,0,0,0,0
61,cn3347,volume_exchange_pack,compute,0.28900303,2,14947310076,342887878,2.29397715212,40152735216,66874391932,0.600420191586,968,0,0,0,0,0,0,1,0,0,0,0
61,cn3347,volume_size_exchange,communication,0.0532017549999,1,7447237245,170707028,2.29221954913,19953180384,33241272893,0.600253198734,5,0,0,0,0,0,0,0,8,8,32,32
61,cn3347,volume_payload_prepare,compute,0.000349443999767,1,7389595300,170227143,2.30360576039,19839262762,33124855143,0.598923759103,102,0,0,0,0,0,0,0,0,0,0,0
61,cn3347,volume_payload_exchange,communication,0.00475945300013,1,7390482111,170250107,2.30364006628,19841059664,33128042763,0.598920371057,348,0,0,0,0,0,11,0,8,8,2421000,2411880
61,cn3347,volume_exchange_unpack,compute,0.232402798,1,7537886318,173260892,2.29853416051,20254548514,33575320539,0.603257040852,9452,0,0,0,0,0,0,1,0,0,0,0
61,cn3347,final_mesh_save,io,0,0,0,0,0,0,0,0,0,0,0,0,0,0,0,0,0,0,0,0
61,cn3347,testout_io,io,0,0,0,0,0,0,0,0,0,0,0,0,0,0,0,0,0,0,0,0
61,cn3347,final_count_exchange,communication,0,0,0,0,0,0,0,0,0,0,0,0,0,0,0,0,0,0,0,0
61,cn3347,quality_surface_compute,postprocess,0,0,0,0,0,0,0,0,0,0,0,0,0,0,0,0,0,0,0,0
61,cn3347,quality_reduce_pre_collective_wait,synchronization,0,0,0,0,0,0,0,0,0,0,0,0,0,0,0,0,0,0,0,0
61,cn3347,quality_reduce,communication,0,0,0,0,0,0,0,0,0,0,0,0,0,0,0,0,0,0,0,0
61,cn3347,quality_summary_io,io,0,0,0,0,0,0,0,0,0,0,0,0,0,0,0,0,0,0,0,0
61,cn3347,quality_volume_compute,postprocess,0,0,0,0,0,0,0,0,0,0,0,0,0,0,0,0,0,0,0,0
61,cn3347,quality_rank_io,io,0,0,0,0,0,0,0,0,0,0,0,0,0,0,0,0,0,0,0,0
62,cn3347,geometry_load,io,1.792529616,1,1415155077,29104534,2.05663212979,3315783154,3864175400,0.858082982983,6105,0,1035180,0,0,0,0,4,0,0,0,0
62,cn3347,coarse_local_size,setup,0.560414244,1,269407532,6416645,2.3817615463,632168966,921496754,0.686024083379,8281,0,0,0,0,0,98,60,0,0,0,0
62,cn3347,coarse_edge_mesh,setup,0.0142444389999,1,6325504,168840,2.66919442308,12809935,27894034,0.459235655911,506,0,0,0,0,0,0,0,0,0,0,0
62,cn3347,coarse_surface_mesh,setup,8.744832964,1,5680934222,169101512,2.97664970922,15313778238,19014879687,0.805357619405,17144,0,0,0,0,0,0,10,0,0,0,0
62,cn3347,coarse_volume_mesh,setup,15.102822329,1,5307077151,130520493,2.45936679054,13413807885,22620853382,0.592984166357,31077,0,0,0,0,0,89146,2750874,0,0,0,0
62,cn3347,coarse_mesh_save,io,0,0,0,0,0,0,0,0,0,0,0,0,0,0,0,0,0,0,0,0
62,cn3347,submesh_initialization,setup,0.000136861000101,1,3393790724,72032275,2.12247250517,9239768578,15183602154,0.608536003794,1,0,0,0,0,0,0,0,0,0,0,0
62,cn3347,metis_partition,compute,0.182526,1,3506655899,78037552,2.2254123087,9500988511,15580771439,0.609789351458,439,0,0,0,0,0,0,4,0,0,0,0
62,cn3347,face_map_setup,compute,0.00778036700012,1,3396854063,72092852,2.12234175101,9247655875,15199928951,0.608401256665,216,0,0,0,0,0,0,0,0,0,0,0
62,cn3347,face_local_extract,compute,0.175193958,1,3455056809,74360879,2.1522331791,9402969235,15557576173,0.60439808428,2213,0,0,0,0,0,0,0,0,0,0,0
62,cn3347,face_pre_collective_wait,synchronization,0.010537698,1,3405951273,72028246,2.11477617343,9263766344,15206378981,0.60920264815,37,0,0,0,0,0,0,0,0,0,0,0
62,cn3347,face_collective_setup,compute,0.000125120999655,1,3393708195,72028816,2.12242219605,9239622930,15183485183,0.608531099325,37,0,0,0,0,0,0,0,0,0,0,0
62,cn3347,face_allgatherv,communication,0.0953392460001,1,3556729435,72463508,2.03736351961,9557798387,15387238318,0.621150994706,950,0,0,0,0,0,0,3,1,1,75808,4859624
62,cn3347,face_global_merge,compute,0.0850341099999,1,3411961794,72909082,2.13686689365,9284034055,15367195521,0.604146283056,760,0,0,0,0,0,0,2,0,0,0,0
62,cn3347,part_face_create,compute,0.0206212310004,1,3398226760,72209723,2.12492361752,9250121381,15228150282,0.607435651061,41,0,0,0,0,0,0,0,0,0,0,0
62,cn3347,surface_refine,compute,0.0202259460002,1,3400083703,72283687,2.12593845664,9252604214,15227034952,0.607643197981,74,0,0,0,0,0,0,0,0,0,0,0
62,cn3347,refined_surface_save,io,0,0,0,0,0,0,0,0,0,0,0,0,0,0,0,0,0,0,0,0
62,cn3347,local_volume_mesh,compute,12.735050324,1,7498110483,173126936,2.30894085107,20281172699,34263712604,0.591914044266,5326,0,0,0,0,0,64337,2459780,0,0,0,0
62,cn3347,volume_refine,compute,0.99849372,1,7172009800,174887227,2.43846887939,19148225827,33807777417,0.56638523115,5272,0,0,0,0,0,0,1,0,0,0,0
62,cn3347,refined_volume_save,io,0,0,0,0,0,0,0,0,0,0,0,0,0,0,0,0,0,0,0,0
62,cn3347,adjacency_build,compute,0.00416746700012,1,6861395245,162655550,2.37059000673,18548803818,31806486306,0.583176765882,0,0,0,0,0,0,0,0,0,0,0,0
62,cn3347,vertex_numbering_local,compute,0.0184574260002,1,6868946114,162778195,2.36976957307,18566882474,31837177375,0.583182430255,103,0,0,0,0,0,0,0,0,0,0,0
62,cn3347,vertex_count_pre_collective_wait,synchronization,4.216712292,1,11766059901,162627850,1.38217764798,28233701352,41065006698,0.687536752633,0,0,0,0,0,0,0,4,0,0,0,0
62,cn3347,vertex_count_allgather,communication,0.000525645999915,1,6860892622,162623089,2.37029054322,18547604783,31798381742,0.583287694748,12,0,0,0,0,0,0,0,1,1,4,256
62,cn3347,element_count_pre_collective_wait,synchronization,0.00125873499974,1,6861886947,162620607,2.36991090433,18549567073,31800117087,0.583317571512,1,0,0,0,0,0,0,0,0,0,0,0
62,cn3347,element_count_allgather,communication,0.000206682000226,1,6860683452,162620585,2.37032631133,18547193419,31797820738,0.58328504874,0,0,0,0,0,0,0,0,1,1,4,256
62,cn3347,vertex_exchange_prepare,compute,0.000316324000323,1,6860472023,162620564,2.37039905497,18546794037,31797512212,0.583278148094,63,0,0,0,0,0,0,0,0,0,0,0
62,cn3347,vertex_exchange,communication,0.00389800400035,1,6866143962,162641631,2.36874775566,18558092644,31804668401,0.583502157923,108,0,0,0,0,0,0,0,1,8,41888,253286
62,cn3347,vertex_exchange_unpack,compute,0.00388116300019,1,6861903635,162648259,2.37030811932,18550235777,31805813817,0.583234118257,0,0,0,0,0,0,0,0,0,0,0,0
62,cn3347,partition_result_io,io,0,0,0,0,0,0,0,0,0,0,0,0,0,0,0,0,0,0,0,0
62,cn3347,volume_exchange_pack,compute,0.299477087,2,13887174877,327775462,2.36027460519,37560728277,64228313586,0.584800163353,3933,0,0,0,0,0,0,1,0,0,0,0
62,cn3347,volume_size_exchange,communication,0.000254942999618,1,6860646660,162620694,2.37034061159,18547122378,31797780069,0.583283560606,33,0,0,0,0,0,0,0,8,8,32,32
62,cn3347,volume_payload_prepare,compute,0.000316143999953,1,6860472090,162620599,2.37039954199,18546898398,31797692130,0.583278129814,76,0,0,0,0,0,0,0,0,0,0,0
62,cn3347,volume_payload_exchange,communication,0.046693542,1,6909986126,162637215,2.3536547257,18644722879,31893140310,0.584599782203,379,0,0,0,0,0,4,0,8,8,3145440,3137400
62,cn3347,volume_exchange_unpack,compute,0.225802444,1,6997739603,165336833,2.36271771143,18929799439,32240056913,0.587151551565,8495,0,0,0,0,0,0,1,0,0,0,0
62,cn3347,final_mesh_save,io,0,0,0,0,0,0,0,0,0,0,0,0,0,0,0,0,0,0,0,0
62,cn3347,testout_io,io,0,0,0,0,0,0,0,0,0,0,0,0,0,0,0,0,0,0,0,0
62,cn3347,final_count_exchange,communication,0,0,0,0,0,0,0,0,0,0,0,0,0,0,0,0,0,0,0,0
62,cn3347,quality_surface_compute,postprocess,0,0,0,0,0,0,0,0,0,0,0,0,0,0,0,0,0,0,0,0
62,cn3347,quality_reduce_pre_collective_wait,synchronization,0,0,0,0,0,0,0,0,0,0,0,0,0,0,0,0,0,0,0,0
62,cn3347,quality_reduce,communication,0,0,0,0,0,0,0,0,0,0,0,0,0,0,0,0,0,0,0,0
62,cn3347,quality_summary_io,io,0,0,0,0,0,0,0,0,0,0,0,0,0,0,0,0,0,0,0,0
62,cn3347,quality_volume_compute,postprocess,0,0,0,0,0,0,0,0,0,0,0,0,0,0,0,0,0,0,0,0
62,cn3347,quality_rank_io,io,0,0,0,0,0,0,0,0,0,0,0,0,0,0,0,0,0,0,0,0
63,cn3347,geometry_load,io,1.764711685,1,1402154618,23468027,1.67371177891,3317278560,3804537161,0.871926970252,6108,0,1035180,0,0,0,0,8,0,0,0,0
63,cn3347,coarse_local_size,setup,0.570698839,1,266545849,6312452,2.36824247074,632697437,903656005,0.700152971373,8444,0,0,0,0,0,151,123,0,0,0,0
63,cn3347,coarse_edge_mesh,setup,0.0137938740004,1,6263825,176160,2.8123391059,12805324,26975635,0.474699631723,489,0,0,0,0,0,0,0,0,0,0,0
63,cn3347,coarse_surface_mesh,setup,8.705799048,1,5672712647,161467486,2.84638930346,15312007093,18939596067,0.808465346295,14167,0,0,0,0,0,0,13,0,0,0,0
63,cn3347,coarse_volume_mesh,setup,15.08860115,1,5328889498,128678396,2.41473192582,13464295321,22629166546,0.594997402738,24882,0,0,0,0,0,86175,2770787,0,0,0,0
63,cn3347,coarse_mesh_save,io,0,0,0,0,0,0,0,0,0,0,0,0,0,0,0,0,0,0,0,0
63,cn3347,submesh_initialization,setup,0.000364104000255,1,1918377335,41066724,2.14070106286,5235641255,8667665226,0.604042855658,2,0,0,0,0,0,1,0,0,0,0,0
63,cn3347,metis_partition,compute,0.182924405,1,2032116646,47129826,2.31924806545,5496969182,9065209935,0.606380792217,598,0,0,0,0,0,0,1,0,0,0,0
63,cn3347,face_map_setup,compute,0.00766878600007,1,1921413329,41128642,2.14054109958,5243529435,8683685435,0.603836870215,226,0,0,0,0,0,0,0,0,0,0,0
63,cn3347,face_local_extract,compute,0.170492885,1,1979508571,43271787,2.18598634196,5398917389,9038484008,0.597325545326,634,0,0,0,0,0,0,0,0,0,0,0
63,cn3347,face_pre_collective_wait,synchronization,0.0146756039999,1,1935283180,41062175,2.12176571493,5268978899,8699599312,0.60565765273,1,0,0,0,0,0,0,0,0,0,0,0
63,cn3347,face_collective_setup,compute,0.000124082000184,1,1918297375,41062949,2.14059350417,5235495476,8667519549,0.604036188947,16,0,0,0,0,0,0,0,0,0,0,0
63,cn3347,face_allgatherv,communication,0.0950955430003,1,2077941761,41946575,2.01865980016,5547286691,8871360762,0.625302796248,1226,0,0,0,0,0,0,0,1,1,83720,4859624
63,cn3347,face_global_merge,compute,0.085674377,1,1936429770,41915309,2.16456644333,5279907115,8853392327,0.596371076756,526,0,0,0,0,0,0,0,0,0,0,0
63,cn3347,part_face_create,compute,0.0203373869999,1,1922775152,41237117,2.14466662715,5245855056,8711707393,0.602161530381,3,0,0,0,0,0,0,0,0,0,0,0
63,cn3347,surface_refine,compute,0.0141384379999,1,1922733822,41237371,2.14472593805,5244625071,8698014459,0.602968079177,68,0,0,0,0,0,0,0,0,0,0,0
63,cn3347,refined_surface_save,io,0,0,0,0,0,0,0,0,0,0,0,0,0,0,0,0,0,0,0,0
63,cn3347,local_volume_mesh,compute,12.66495478,1,5848041182,126448169,2.16223116536,15730602432,26366764925,0.596607224161,2500,0,0,0,0,0,73212,2658087,0,0,0,0
63,cn3347,volume_refine,compute,0.82036653,1,4792963754,118957678,2.48192317125,12701849894,23139202102,0.548932060752,4738,0,0,0,0,0,0,1,0,0,0,0
63,cn3347,refined_volume_save,io,0,0,0,0,0,0,0,0,0,0,0,0,0,0,0,0,0,0,0,0
63,cn3347,adjacency_build,compute,0.00387836299979,1,4548112550,109336161,2.40398978253,12231758922,21512617692,0.568585334297,0,0,0,0,0,0,0,0,0,0,0,0
63,cn3347,vertex_numbering_local,compute,0.0122855579998,1,4549826967,109374288,2.4039219248,12235843978,21530916708,0.568291826305,1,0,0,0,0,0,0,0,0,0,0,0
63,cn3347,vertex_count_pre_collective_wait,synchronization,4.478140814,1,9779422891,109311704,1.11777254362,22548169847,31346555322,0.719318904912,0,0,0,0,0,0,0,7,0,0,0,0
63,cn3347,vertex_count_allgather,communication,0.000407003999953,1,4547502569,109305461,2.4036371468,12230421414,21504491063,0.568738008176,12,0,0,0,0,0,2,0,1,1,4,256
63,cn3347,element_count_pre_collective_wait,synchronization,0.00142083600031,1,4548989727,109304424,2.40282855227,12233357140,21507187872,0.568803193277,1,0,0,0,0,0,0,0,0,0,0,0
63,cn3347,element_count_allgather,communication,0.000151242000356,1,4547508609,109304638,2.40361585646,12230436984,21504399068,0.568741165253,1,0,0,0,0,0,0,0,1,1,4,256
63,cn3347,vertex_exchange_prepare,compute,3.80399997084e-05,1,4547386982,109304226,2.40367108479,12230200426,21504172350,0.568736160915,0,0,0,0,0,0,0,0,0,0,0,0
63,cn3347,vertex_exchange,communication,0.00205150300008,1,4549630006,109308694,2.40258425094,12234634222,21508148286,0.568837170886,6,0,0,0,0,0,0,0,0,2,0,51238
63,cn3347,vertex_exchange_unpack,compute,0.000886809999884,1,4547672760,109309584,2.40363785542,12230880060,21506034179,0.568718526075,0,0,0,0,0,0,0,0,0,0,0,0
63,cn3347,partition_result_io,io,0,0,0,0,0,0,0,0,0,0,0,0,0,0,0,0,0,0,0,0
63,cn3347,volume_exchange_pack,compute,0.139399898,2,9193871673,219874144,2.39152939937,24742695789,43313702933,0.571244066278,12,0,0,0,0,0,0,0,0,0,0,0
63,cn3347,volume_size_exchange,communication,0.165710432,1,4740446448,109305023,2.30579596667,12611080004,21868271523,0.576683895238,4,0,0,0,0,0,0,0,2,2,8,8
63,cn3347,volume_payload_prepare,compute,4.21009999627e-05,1,4547387077,109304226,2.40367103458,12230229888,21504174039,0.568737486305,0,0,0,0,0,0,0,0,0,0,0,0
63,cn3347,volume_payload_exchange,communication,0.0460082139998,1,4599268369,109315564,2.37680333544,12332823688,21604154839,0.570854253726,5,0,0,0,0,0,1,0,2,2,522480,523560
63,cn3347,volume_exchange_unpack,compute,0.13515517,1,4643775700,112380160,2.42001697024,12502379135,21761414712,0.574520512589,6503,0,0,0,0,0,0,0,0,0,0,0
63,cn3347,final_mesh_save,io,0,0,0,0,0,0,0,0,0,0,0,0,0,0,0,0,0,0,0,0
63,cn3347,testout_io,io,0,0,0,0,0,0,0,0,0,0,0,0,0,0,0,0,0,0,0,0
63,cn3347,final_count_exchange,communication,0,0,0,0,0,0,0,0,0,0,0,0,0,0,0,0,0,0,0,0
63,cn3347,quality_surface_compute,postprocess,0,0,0,0,0,0,0,0,0,0,0,0,0,0,0,0,0,0,0,0
63,cn3347,quality_reduce_pre_collective_wait,synchronization,0,0,0,0,0,0,0,0,0,0,0,0,0,0,0,0,0,0,0,0
63,cn3347,quality_reduce,communication,0,0,0,0,0,0,0,0,0,0,0,0,0,0,0,0,0,0,0,0
63,cn3347,quality_summary_io,io,0,0,0,0,0,0,0,0,0,0,0,0,0,0,0,0,0,0,0,0
63,cn3347,quality_volume_compute,postprocess,0,0,0,0,0,0,0,0,0,0,0,0,0,0,0,0,0,0,0,0
63,cn3347,quality_rank_io,io,0,0,0,0,0,0,0,0,0,0,0,0,0,0,0,0,0,0,0,0
