rank,host,stage,category,time_s,calls,cache_references,cache_misses,cache_miss_rate_percent,instructions,cycles,ipc,minor_faults,major_faults,rchar_bytes,wchar_bytes,physical_read_bytes,physical_write_bytes,voluntary_context_switches,involuntary_context_switches,send_messages,receive_messages,send_bytes,receive_bytes
0,cn4988,geometry_load,io,1.76140604,1,0,0,0,0,0,0,5898,0,1035093,0,0,0,2,3,0,0,0,0
0,cn4988,coarse_local_size,setup,0.490990896,1,0,0,0,0,0,0,8395,0,0,0,0,0,126,24,0,0,0,0
0,cn4988,coarse_edge_mesh,setup,0.0126980810001,1,0,0,0,0,0,0,525,0,0,0,0,0,0,0,0,0,0,0
0,cn4988,coarse_surface_mesh,setup,8.221448988,1,0,0,0,0,0,0,17256,0,0,0,0,0,0,10,0,0,0,0
0,cn4988,coarse_volume_mesh,setup,13.485341752,1,0,0,0,0,0,0,27728,0,0,0,0,0,39064,1737753,0,0,0,0
0,cn4988,coarse_mesh_save,io,0,0,0,0,0,0,0,0,0,0,0,0,0,0,0,0,0,0,0,0
0,cn4988,submesh_initialization,setup,0.000124602000142,1,0,0,0,0,0,0,3,0,0,0,0,0,0,0,0,0,0,0
0,cn4988,metis_partition,compute,0.236849018,1,0,0,0,0,0,0,510,0,0,0,0,0,0,1,0,0,0,0
0,cn4988,face_map_setup,compute,0.00726471200005,1,0,0,0,0,0,0,223,0,0,0,0,0,0,0,0,0,0,0
0,cn4988,face_local_extract,compute,0.160188688,1,0,0,0,0,0,0,690,0,0,0,0,0,0,0,0,0,0,0
0,cn4988,face_pre_collective_wait,synchronization,0.0880139339997,1,0,0,0,0,0,0,1,0,0,0,0,0,0,0,0,0,0,0
0,cn4988,face_collective_setup,compute,0.000108621999971,1,0,0,0,0,0,0,16,0,0,0,0,0,0,0,0,0,0,0
0,cn4988,face_allgatherv,communication,0.0914124770002,1,0,0,0,0,0,0,698,0,0,0,0,0,0,0,1,1,37904,4859624
0,cn4988,face_global_merge,compute,0.078049708,1,0,0,0,0,0,0,196,0,0,0,0,0,0,0,0,0,0,0
0,cn4988,part_face_create,compute,0.019065681,1,0,0,0,0,0,0,3,0,0,0,0,0,0,0,0,0,0,0
0,cn4988,surface_refine,compute,0.00947069999984,1,0,0,0,0,0,0,46,0,0,0,0,0,0,0,0,0,0,0
0,cn4988,refined_surface_save,io,0,0,0,0,0,0,0,0,0,0,0,0,0,0,0,0,0,0,0,0
0,cn4988,local_volume_mesh,compute,7.891924596,1,0,0,0,0,0,0,5139,0,0,0,0,0,8117,441363,0,0,0,0
0,cn4988,volume_refine,compute,0.430060645,1,0,0,0,0,0,0,6198,0,0,0,0,0,0,0,0,0,0,0
0,cn4988,refined_volume_save,io,0,0,0,0,0,0,0,0,0,0,0,0,0,0,0,0,0,0,0,0
0,cn4988,adjacency_build,compute,0.00448287600011,1,0,0,0,0,0,0,5,0,0,0,0,0,0,0,0,0,0,0
0,cn4988,vertex_numbering_local,compute,0.013192547,1,0,0,0,0,0,0,252,0,0,0,0,0,0,0,0,0,0,0
0,cn4988,vertex_count_allgather,communication,3.56069944,1,0,0,0,0,0,0,144,0,0,0,0,0,0,4,1,1,4,512
0,cn4988,element_count_allgather,communication,0.000818669999717,1,0,0,0,0,0,0,4,0,0,0,0,0,0,0,1,1,4,512
0,cn4988,vertex_exchange_prepare,compute,3.19000000673e-05,1,0,0,0,0,0,0,14,0,0,0,0,0,0,0,0,0,0,0
0,cn4988,vertex_exchange,communication,0.0207536820003,1,0,0,0,0,0,0,718,0,0,0,0,0,0,0,10,5,247170,2618
0,cn4988,vertex_exchange_unpack,compute,0.000184321999768,1,0,0,0,0,0,0,110,0,0,0,0,0,0,0,0,0,0,0
0,cn4988,partition_result_io,io,0,0,0,0,0,0,0,0,0,0,0,0,0,0,0,0,0,0,0,0
0,cn4988,volume_exchange_pack,compute,0.164190258,2,0,0,0,0,0,0,3064,0,0,0,0,0,0,0,0,0,0,0
0,cn4988,volume_size_exchange,communication,0.0018833639997,1,0,0,0,0,0,0,5,0,0,0,0,0,0,0,8,8,32,32
0,cn4988,volume_payload_prepare,compute,0.000462506000076,1,0,0,0,0,0,0,136,0,0,0,0,0,0,0,0,0,0,0
0,cn4988,volume_payload_exchange,communication,0.011794129,1,0,0,0,0,0,0,251,0,0,0,0,0,0,0,8,8,2627640,2644200
0,cn4988,volume_exchange_unpack,compute,0.122698693,1,0,0,0,0,0,0,4355,0,0,0,0,0,0,0,0,0,0,0
0,cn4988,final_mesh_save,io,0,0,0,0,0,0,0,0,0,0,0,0,0,0,0,0,0,0,0,0
0,cn4988,testout_io,io,0,0,0,0,0,0,0,0,0,0,0,0,0,0,0,0,0,0,0,0
0,cn4988,final_count_exchange,communication,0,0,0,0,0,0,0,0,0,0,0,0,0,0,0,0,0,0,0,0
0,cn4988,quality_evaluation,postprocess,0,0,0,0,0,0,0,0,0,0,0,0,0,0,0,0,0,0,0,0
1,cn4989,geometry_load,io,1.730258144,1,0,0,0,0,0,0,5899,0,1035092,0,0,0,2,4,0,0,0,0
1,cn4989,coarse_local_size,setup,0.484428297,1,0,0,0,0,0,0,8363,0,0,0,0,0,107,21,0,0,0,0
1,cn4989,coarse_edge_mesh,setup,0.012387796,1,0,0,0,0,0,0,431,0,0,0,0,0,0,0,0,0,0,0
1,cn4989,coarse_surface_mesh,setup,8.287241374,1,0,0,0,0,0,0,13553,0,0,0,0,0,0,10,0,0,0,0
1,cn4989,coarse_volume_mesh,setup,13.376755717,1,0,0,0,0,0,0,22917,0,0,0,0,0,38542,1705697,0,0,0,0
1,cn4989,coarse_mesh_save,io,0,0,0,0,0,0,0,0,0,0,0,0,0,0,0,0,0,0,0,0
1,cn4989,submesh_initialization,setup,0.000117781999961,1,0,0,0,0,0,0,1,0,0,0,0,0,0,0,0,0,0,0
1,cn4989,metis_partition,compute,0.2247936,1,0,0,0,0,0,0,63,0,0,0,0,0,0,0,0,0,0,0
1,cn4989,face_map_setup,compute,0.00663028300005,1,0,0,0,0,0,0,3,0,0,0,0,0,0,0,0,0,0,0
1,cn4989,face_local_extract,compute,0.158938994,1,0,0,0,0,0,0,465,0,0,0,0,0,0,0,0,0,0,0
1,cn4989,face_pre_collective_wait,synchronization,0.101962099,1,0,0,0,0,0,0,1,0,0,0,0,0,0,1,0,0,0,0
1,cn4989,face_collective_setup,compute,0.00011342200014,1,0,0,0,0,0,0,16,0,0,0,0,0,0,0,0,0,0,0
1,cn4989,face_allgatherv,communication,0.0912104839999,1,0,0,0,0,0,0,685,0,0,0,0,0,0,0,1,1,37904,4859624
1,cn4989,face_global_merge,compute,0.073649463,1,0,0,0,0,0,0,105,0,0,0,0,0,0,0,0,0,0,0
1,cn4989,part_face_create,compute,0.018015826,1,0,0,0,0,0,0,3,0,0,0,0,0,0,0,0,0,0,0
1,cn4989,surface_refine,compute,0.00950845900024,1,0,0,0,0,0,0,47,0,0,0,0,0,0,0,0,0,0,0
1,cn4989,refined_surface_save,io,0,0,0,0,0,0,0,0,0,0,0,0,0,0,0,0,0,0,0,0
1,cn4989,local_volume_mesh,compute,8.376743037,1,0,0,0,0,0,0,2912,0,0,0,0,0,14061,763333,0,0,0,0
1,cn4989,volume_refine,compute,0.481229376,1,0,0,0,0,0,0,4450,0,0,0,0,0,0,1,0,0,0,0
1,cn4989,refined_volume_save,io,0,0,0,0,0,0,0,0,0,0,0,0,0,0,0,0,0,0,0,0
1,cn4989,adjacency_build,compute,0.00405979100015,1,0,0,0,0,0,0,0,0,0,0,0,0,0,0,0,0,0,0
1,cn4989,vertex_numbering_local,compute,0.00987970400001,1,0,0,0,0,0,0,2,0,0,0,0,0,0,0,0,0,0,0
1,cn4989,vertex_count_allgather,communication,3.034066739,1,0,0,0,0,0,0,140,0,0,0,0,0,0,4,1,1,4,512
1,cn4989,element_count_allgather,communication,0.000761288999911,1,0,0,0,0,0,0,9,0,0,0,0,0,0,0,1,1,4,512
1,cn4989,vertex_exchange_prepare,compute,4.11810001424e-05,1,0,0,0,0,0,0,17,0,0,0,0,0,0,0,0,0,0,0
1,cn4989,vertex_exchange,communication,0.012554117,1,0,0,0,0,0,0,606,0,0,0,0,0,0,0,5,3,88726,58454
1,cn4989,vertex_exchange_unpack,compute,0.000841430000037,1,0,0,0,0,0,0,15,0,0,0,0,0,0,0,0,0,0,0
1,cn4989,partition_result_io,io,0,0,0,0,0,0,0,0,0,0,0,0,0,0,0,0,0,0,0,0
1,cn4989,volume_exchange_pack,compute,0.154851822,2,0,0,0,0,0,0,879,0,0,0,0,0,0,0,0,0,0,0
1,cn4989,volume_size_exchange,communication,0.0165662879999,1,0,0,0,0,0,0,3,0,0,0,0,0,0,0,5,5,20,20
1,cn4989,volume_payload_prepare,compute,0.000471245999961,1,0,0,0,0,0,0,275,0,0,0,0,0,0,0,0,0,0,0
1,cn4989,volume_payload_exchange,communication,0.013656871,1,0,0,0,0,0,0,68,0,0,0,0,0,0,0,5,5,1550640,1554720
1,cn4989,volume_exchange_unpack,compute,0.10914155,1,0,0,0,0,0,0,3618,0,0,0,0,0,0,0,0,0,0,0
1,cn4989,final_mesh_save,io,0,0,0,0,0,0,0,0,0,0,0,0,0,0,0,0,0,0,0,0
1,cn4989,testout_io,io,0,0,0,0,0,0,0,0,0,0,0,0,0,0,0,0,0,0,0,0
1,cn4989,final_count_exchange,communication,0,0,0,0,0,0,0,0,0,0,0,0,0,0,0,0,0,0,0,0
1,cn4989,quality_evaluation,postprocess,0,0,0,0,0,0,0,0,0,0,0,0,0,0,0,0,0,0,0,0
2,cn4990,geometry_load,io,1.77089557,1,0,0,0,0,0,0,5898,0,1035092,0,0,0,2,3,0,0,0,0
2,cn4990,coarse_local_size,setup,0.478039525,1,0,0,0,0,0,0,8224,0,0,0,0,0,118,22,0,0,0,0
2,cn4990,coarse_edge_mesh,setup,0.0126660679998,1,0,0,0,0,0,0,515,0,0,0,0,0,0,0,0,0,0,0
2,cn4990,coarse_surface_mesh,setup,8.246272344,1,0,0,0,0,0,0,17170,0,0,0,0,0,0,11,0,0,0,0
2,cn4990,coarse_volume_mesh,setup,13.293995268,1,0,0,0,0,0,0,27911,0,0,0,0,0,37803,1524187,0,0,0,0
2,cn4990,coarse_mesh_save,io,0,0,0,0,0,0,0,0,0,0,0,0,0,0,0,0,0,0,0,0
2,cn4990,submesh_initialization,setup,0.000117682000109,1,0,0,0,0,0,0,1,0,0,0,0,0,0,0,0,0,0,0
2,cn4990,metis_partition,compute,0.239298026,1,0,0,0,0,0,0,352,0,0,0,0,0,0,0,0,0,0,0
2,cn4990,face_map_setup,compute,0.00719791499978,1,0,0,0,0,0,0,226,0,0,0,0,0,0,0,0,0,0,0
2,cn4990,face_local_extract,compute,0.162470149,1,0,0,0,0,0,0,669,0,0,0,0,0,0,0,0,0,0,0
2,cn4990,face_pre_collective_wait,synchronization,0.0833266019999,1,0,0,0,0,0,0,1,0,0,0,0,0,0,0,0,0,0,0
2,cn4990,face_collective_setup,compute,0.000112042000183,1,0,0,0,0,0,0,16,0,0,0,0,0,0,0,0,0,0,0
2,cn4990,face_allgatherv,communication,0.0911076450002,1,0,0,0,0,0,0,858,0,0,0,0,0,0,1,1,1,37904,4859624
2,cn4990,face_global_merge,compute,0.079883077,1,0,0,0,0,0,0,1566,0,0,0,0,0,0,0,0,0,0,0
2,cn4990,part_face_create,compute,0.0194055369998,1,0,0,0,0,0,0,296,0,0,0,0,0,0,0,0,0,0,0
2,cn4990,surface_refine,compute,0.00929976299994,1,0,0,0,0,0,0,59,0,0,0,0,0,0,0,0,0,0,0
2,cn4990,refined_surface_save,io,0,0,0,0,0,0,0,0,0,0,0,0,0,0,0,0,0,0,0,0
2,cn4990,local_volume_mesh,compute,8.189216169,1,0,0,0,0,0,0,2268,0,0,0,0,0,12819,739898,0,0,0,0
2,cn4990,volume_refine,compute,0.448801038,1,0,0,0,0,0,0,5378,0,0,0,0,0,0,0,0,0,0,0
2,cn4990,refined_volume_save,io,0,0,0,0,0,0,0,0,0,0,0,0,0,0,0,0,0,0,0,0
2,cn4990,adjacency_build,compute,0.00432849799972,1,0,0,0,0,0,0,0,0,0,0,0,0,0,0,0,0,0,0
2,cn4990,vertex_numbering_local,compute,0.00800108599969,1,0,0,0,0,0,0,1,0,0,0,0,0,0,0,0,0,0,0
2,cn4990,vertex_count_allgather,communication,3.247493087,1,0,0,0,0,0,0,99,0,0,0,0,0,0,4,1,1,4,512
2,cn4990,element_count_allgather,communication,0.000819011000203,1,0,0,0,0,0,0,2,0,0,0,0,0,0,0,1,1,4,512
2,cn4990,vertex_exchange_prepare,compute,2.9259999792e-05,1,0,0,0,0,0,0,11,0,0,0,0,0,0,0,0,0,0,0
2,cn4990,vertex_exchange,communication,0.00111053499995,1,0,0,0,0,0,0,48,0,0,0,0,0,0,0,4,3,85778,32208
2,cn4990,vertex_exchange_unpack,compute,0.000766230999943,1,0,0,0,0,0,0,285,0,0,0,0,0,0,0,0,0,0,0
2,cn4990,partition_result_io,io,0,0,0,0,0,0,0,0,0,0,0,0,0,0,0,0,0,0,0,0
2,cn4990,volume_exchange_pack,compute,0.139511026,2,0,0,0,0,0,0,1319,0,0,0,0,0,0,0,0,0,0,0
2,cn4990,volume_size_exchange,communication,0.0458097659998,1,0,0,0,0,0,0,3,0,0,0,0,0,0,0,4,4,16,16
2,cn4990,volume_payload_prepare,compute,0.000257142999999,1,0,0,0,0,0,0,147,0,0,0,0,0,0,0,0,0,0,0
2,cn4990,volume_payload_exchange,communication,0.00267919599992,1,0,0,0,0,0,0,15,0,0,0,0,0,0,0,4,4,1242960,1240320
2,cn4990,volume_exchange_unpack,compute,0.0918464349998,1,0,0,0,0,0,0,2774,0,0,0,0,0,0,0,0,0,0,0
2,cn4990,final_mesh_save,io,0,0,0,0,0,0,0,0,0,0,0,0,0,0,0,0,0,0,0,0
2,cn4990,testout_io,io,0,0,0,0,0,0,0,0,0,0,0,0,0,0,0,0,0,0,0,0
2,cn4990,final_count_exchange,communication,0,0,0,0,0,0,0,0,0,0,0,0,0,0,0,0,0,0,0,0
2,cn4990,quality_evaluation,postprocess,0,0,0,0,0,0,0,0,0,0,0,0,0,0,0,0,0,0,0,0
3,cn4991,geometry_load,io,1.735988331,1,0,0,0,0,0,0,5896,0,1035092,0,0,0,2,3,0,0,0,0
3,cn4991,coarse_local_size,setup,0.459253174,1,0,0,0,0,0,0,8273,0,0,0,0,0,86,22,0,0,0,0
3,cn4991,coarse_edge_mesh,setup,0.012633546,1,0,0,0,0,0,0,509,0,0,0,0,0,0,0,0,0,0,0
3,cn4991,coarse_surface_mesh,setup,8.113418963,1,0,0,0,0,0,0,12535,0,0,0,0,0,0,8,0,0,0,0
3,cn4991,coarse_volume_mesh,setup,13.281797279,1,0,0,0,0,0,0,20240,0,0,0,0,0,41380,1590666,0,0,0,0
3,cn4991,coarse_mesh_save,io,0,0,0,0,0,0,0,0,0,0,0,0,0,0,0,0,0,0,0,0
3,cn4991,submesh_initialization,setup,0.000129241000195,1,0,0,0,0,0,0,4,0,0,0,0,0,0,0,0,0,0,0
3,cn4991,metis_partition,compute,0.227420782,1,0,0,0,0,0,0,67,0,0,0,0,0,0,0,0,0,0,0
3,cn4991,face_map_setup,compute,0.00695970100014,1,0,0,0,0,0,0,261,0,0,0,0,0,0,0,0,0,0,0
3,cn4991,face_local_extract,compute,0.154810805,1,0,0,0,0,0,0,200,0,0,0,0,0,0,0,0,0,0,0
3,cn4991,face_pre_collective_wait,synchronization,0.103126769,1,0,0,0,0,0,0,13,0,0,0,0,0,0,0,0,0,0,0
3,cn4991,face_collective_setup,compute,9.54009997258e-05,1,0,0,0,0,0,0,13,0,0,0,0,0,0,0,0,0,0,0
3,cn4991,face_allgatherv,communication,0.0909881089997,1,0,0,0,0,0,0,37,0,0,0,0,0,0,0,1,1,37904,4859624
3,cn4991,face_global_merge,compute,0.0741903150001,1,0,0,0,0,0,0,0,0,0,0,0,0,0,1,0,0,0,0
3,cn4991,part_face_create,compute,0.017735805,1,0,0,0,0,0,0,3,0,0,0,0,0,0,0,0,0,0,0
3,cn4991,surface_refine,compute,0.0084379570003,1,0,0,0,0,0,0,1,0,0,0,0,0,0,0,0,0,0,0
3,cn4991,refined_surface_save,io,0,0,0,0,0,0,0,0,0,0,0,0,0,0,0,0,0,0,0,0
3,cn4991,local_volume_mesh,compute,7.950005499,1,0,0,0,0,0,0,1757,0,0,0,0,0,10198,697167,0,0,0,0
3,cn4991,volume_refine,compute,0.405735897,1,0,0,0,0,0,0,7775,0,0,0,0,0,0,0,0,0,0,0
3,cn4991,refined_volume_save,io,0,0,0,0,0,0,0,0,0,0,0,0,0,0,0,0,0,0,0,0
3,cn4991,adjacency_build,compute,0.00378794400012,1,0,0,0,0,0,0,0,0,0,0,0,0,0,0,0,0,0,0
3,cn4991,vertex_numbering_local,compute,0.00692742000001,1,0,0,0,0,0,0,3,0,0,0,0,0,0,0,0,0,0,0
3,cn4991,vertex_count_allgather,communication,3.540896616,1,0,0,0,0,0,0,29,0,0,0,0,0,0,3,1,1,4,512
3,cn4991,element_count_allgather,communication,0.000910830000066,1,0,0,0,0,0,0,0,0,0,0,0,0,0,0,1,1,4,512
3,cn4991,vertex_exchange_prepare,compute,1.42399999277e-05,1,0,0,0,0,0,0,0,0,0,0,0,0,0,0,0,0,0,0
3,cn4991,vertex_exchange,communication,0.0124890440002,1,0,0,0,0,0,0,225,0,0,0,0,0,0,0,3,3,29634,53152
3,cn4991,vertex_exchange_unpack,compute,0.00075342900027,1,0,0,0,0,0,0,0,0,0,0,0,0,0,0,0,0,0,0
3,cn4991,partition_result_io,io,0,0,0,0,0,0,0,0,0,0,0,0,0,0,0,0,0,0,0,0
3,cn4991,volume_exchange_pack,compute,0.110932859,2,0,0,0,0,0,0,254,0,0,0,0,0,0,1,0,0,0,0
3,cn4991,volume_size_exchange,communication,0.0612639660003,1,0,0,0,0,0,0,2,0,0,0,0,0,0,0,4,4,16,16
3,cn4991,volume_payload_prepare,compute,0.000164441999914,1,0,0,0,0,0,0,34,0,0,0,0,0,0,0,0,0,0,0
3,cn4991,volume_payload_exchange,communication,0.0139573410002,1,0,0,0,0,0,0,29,0,0,0,0,0,0,0,4,4,869760,867720
3,cn4991,volume_exchange_unpack,compute,0.0799934420002,1,0,0,0,0,0,0,3748,0,0,0,0,0,0,0,0,0,0,0
3,cn4991,final_mesh_save,io,0,0,0,0,0,0,0,0,0,0,0,0,0,0,0,0,0,0,0,0
3,cn4991,testout_io,io,0,0,0,0,0,0,0,0,0,0,0,0,0,0,0,0,0,0,0,0
3,cn4991,final_count_exchange,communication,0,0,0,0,0,0,0,0,0,0,0,0,0,0,0,0,0,0,0,0
3,cn4991,quality_evaluation,postprocess,0,0,0,0,0,0,0,0,0,0,0,0,0,0,0,0,0,0,0,0
4,cn4992,geometry_load,io,1.718597921,1,0,0,0,0,0,0,5897,0,1035092,0,0,0,2,4,0,0,0,0
4,cn4992,coarse_local_size,setup,0.460871244,1,0,0,0,0,0,0,8358,0,0,0,0,0,84,24,0,0,0,0
4,cn4992,coarse_edge_mesh,setup,0.0125262880001,1,0,0,0,0,0,0,521,0,0,0,0,0,0,0,0,0,0,0
4,cn4992,coarse_surface_mesh,setup,8.113509781,1,0,0,0,0,0,0,13897,0,0,0,0,0,0,8,0,0,0,0
4,cn4992,coarse_volume_mesh,setup,13.388087527,1,0,0,0,0,0,0,21328,0,0,0,0,0,40792,1736532,0,0,0,0
4,cn4992,coarse_mesh_save,io,0,0,0,0,0,0,0,0,0,0,0,0,0,0,0,0,0,0,0,0
4,cn4992,submesh_initialization,setup,0.000125641999603,1,0,0,0,0,0,0,5,0,0,0,0,0,0,0,0,0,0,0
4,cn4992,metis_partition,compute,0.227010622,1,0,0,0,0,0,0,65,0,0,0,0,0,0,0,0,0,0,0
4,cn4992,face_map_setup,compute,0.00697524199995,1,0,0,0,0,0,0,261,0,0,0,0,0,0,0,0,0,0,0
4,cn4992,face_local_extract,compute,0.151810093,1,0,0,0,0,0,0,200,0,0,0,0,0,0,0,0,0,0,0
4,cn4992,face_pre_collective_wait,synchronization,0.106509879,1,0,0,0,0,0,0,13,0,0,0,0,0,0,1,0,0,0,0
4,cn4992,face_collective_setup,compute,0.00011060099996,1,0,0,0,0,0,0,13,0,0,0,0,0,0,0,0,0,0,0
4,cn4992,face_allgatherv,communication,0.0907949129996,1,0,0,0,0,0,0,40,0,0,0,0,0,0,0,1,1,37904,4859624
4,cn4992,face_global_merge,compute,0.0731660239999,1,0,0,0,0,0,0,0,0,0,0,0,0,0,0,0,0,0,0
4,cn4992,part_face_create,compute,0.0180023119997,1,0,0,0,0,0,0,3,0,0,0,0,0,0,0,0,0,0,0
4,cn4992,surface_refine,compute,0.00827967699979,1,0,0,0,0,0,0,1,0,0,0,0,0,0,0,0,0,0,0
4,cn4992,refined_surface_save,io,0,0,0,0,0,0,0,0,0,0,0,0,0,0,0,0,0,0,0,0
4,cn4992,local_volume_mesh,compute,8.451634795,1,0,0,0,0,0,0,1760,0,0,0,0,0,20378,853289,0,0,0,0
4,cn4992,volume_refine,compute,0.373021406,1,0,0,0,0,0,0,4642,0,0,0,0,0,0,1,0,0,0,0
4,cn4992,refined_volume_save,io,0,0,0,0,0,0,0,0,0,0,0,0,0,0,0,0,0,0,0,0
4,cn4992,adjacency_build,compute,0.00432321100016,1,0,0,0,0,0,0,6,0,0,0,0,0,0,0,0,0,0,0
4,cn4992,vertex_numbering_local,compute,0.0134794990004,1,0,0,0,0,0,0,450,0,0,0,0,0,0,0,0,0,0,0
4,cn4992,vertex_count_allgather,communication,3.066205519,1,0,0,0,0,0,0,100,0,0,0,0,0,0,3,1,1,4,512
4,cn4992,element_count_allgather,communication,0.000794028999735,1,0,0,0,0,0,0,1,0,0,0,0,0,0,0,1,1,4,512
4,cn4992,vertex_exchange_prepare,compute,8.1481000052e-05,1,0,0,0,0,0,0,29,0,0,0,0,0,0,0,0,0,0,0
4,cn4992,vertex_exchange,communication,0.0208681060003,1,0,0,0,0,0,0,927,0,0,0,0,0,0,0,8,6,205612,84458
4,cn4992,vertex_exchange_unpack,compute,0.00137395599995,1,0,0,0,0,0,0,178,0,0,0,0,0,0,0,0,0,0,0
4,cn4992,partition_result_io,io,0,0,0,0,0,0,0,0,0,0,0,0,0,0,0,0,0,0,0,0
4,cn4992,volume_exchange_pack,compute,0.164139958,2,0,0,0,0,0,0,2124,0,0,0,0,0,0,0,0,0,0,0
4,cn4992,volume_size_exchange,communication,4.46600001851e-05,1,0,0,0,0,0,0,0,0,0,0,0,0,0,0,8,8,32,32
4,cn4992,volume_payload_prepare,compute,0.000369224999758,1,0,0,0,0,0,0,102,0,0,0,0,0,0,0,0,0,0,0
4,cn4992,volume_payload_exchange,communication,0.00254325000014,1,0,0,0,0,0,0,353,0,0,0,0,0,0,0,8,8,3100200,3100680
4,cn4992,volume_exchange_unpack,compute,0.123897424,1,0,0,0,0,0,0,3764,0,0,0,0,0,0,0,0,0,0,0
4,cn4992,final_mesh_save,io,0,0,0,0,0,0,0,0,0,0,0,0,0,0,0,0,0,0,0,0
4,cn4992,testout_io,io,0,0,0,0,0,0,0,0,0,0,0,0,0,0,0,0,0,0,0,0
4,cn4992,final_count_exchange,communication,0,0,0,0,0,0,0,0,0,0,0,0,0,0,0,0,0,0,0,0
4,cn4992,quality_evaluation,postprocess,0,0,0,0,0,0,0,0,0,0,0,0,0,0,0,0,0,0,0,0
5,cn4993,geometry_load,io,1.733949158,1,0,0,0,0,0,0,5898,0,1035092,0,0,0,2,3,0,0,0,0
5,cn4993,coarse_local_size,setup,0.484858027,1,0,0,0,0,0,0,8286,0,0,0,0,0,103,22,0,0,0,0
5,cn4993,coarse_edge_mesh,setup,0.0126880019998,1,0,0,0,0,0,0,489,0,0,0,0,0,0,0,0,0,0,0
5,cn4993,coarse_surface_mesh,setup,8.200912262,1,0,0,0,0,0,0,17183,0,0,0,0,0,0,11,0,0,0,0
5,cn4993,coarse_volume_mesh,setup,13.492930808,1,0,0,0,0,0,0,27759,0,0,0,0,0,36145,1611286,0,0,0,0
5,cn4993,coarse_mesh_save,io,0,0,0,0,0,0,0,0,0,0,0,0,0,0,0,0,0,0,0,0
5,cn4993,submesh_initialization,setup,0.000123861000247,1,0,0,0,0,0,0,4,0,0,0,0,0,0,0,0,0,0,0
5,cn4993,metis_partition,compute,0.234453134,1,0,0,0,0,0,0,457,0,0,0,0,0,0,0,0,0,0,0
5,cn4993,face_map_setup,compute,0.00710613999991,1,0,0,0,0,0,0,224,0,0,0,0,0,0,0,0,0,0,0
5,cn4993,face_local_extract,compute,0.161642736,1,0,0,0,0,0,0,693,0,0,0,0,0,0,0,0,0,0,0
5,cn4993,face_pre_collective_wait,synchronization,0.0890751010002,1,0,0,0,0,0,0,1,0,0,0,0,0,0,0,0,0,0,0
5,cn4993,face_collective_setup,compute,0.000108601000193,1,0,0,0,0,0,0,16,0,0,0,0,0,0,0,0,0,0,0
5,cn4993,face_allgatherv,communication,0.0906193379997,1,0,0,0,0,0,0,645,0,0,0,0,0,0,0,1,1,37904,4859624
5,cn4993,face_global_merge,compute,0.0784766810002,1,0,0,0,0,0,0,217,0,0,0,0,0,0,0,0,0,0,0
5,cn4993,part_face_create,compute,0.0214694609999,1,0,0,0,0,0,0,1450,0,0,0,0,0,0,0,0,0,0,0
5,cn4993,surface_refine,compute,0.00717265999992,1,0,0,0,0,0,0,269,0,0,0,0,0,0,0,0,0,0,0
5,cn4993,refined_surface_save,io,0,0,0,0,0,0,0,0,0,0,0,0,0,0,0,0,0,0,0,0
5,cn4993,local_volume_mesh,compute,6.965630826,1,0,0,0,0,0,0,1425,0,0,0,0,0,13212,474126,0,0,0,0
5,cn4993,volume_refine,compute,0.264164467,1,0,0,0,0,0,0,4523,0,0,0,0,0,0,1,0,0,0,0
5,cn4993,refined_volume_save,io,0,0,0,0,0,0,0,0,0,0,0,0,0,0,0,0,0,0,0,0
5,cn4993,adjacency_build,compute,0.00427986799968,1,0,0,0,0,0,0,0,0,0,0,0,0,0,0,0,0,0,0
5,cn4993,vertex_numbering_local,compute,0.00944206599979,1,0,0,0,0,0,0,1,0,0,0,0,0,0,0,0,0,0,0
5,cn4993,vertex_count_allgather,communication,4.657237895,1,0,0,0,0,0,0,104,0,0,0,0,0,0,4,1,1,4,512
5,cn4993,element_count_allgather,communication,0.000903170000129,1,0,0,0,0,0,0,5,0,0,0,0,0,0,0,1,1,4,512
5,cn4993,vertex_exchange_prepare,compute,2.58009999925e-05,1,0,0,0,0,0,0,4,0,0,0,0,0,0,0,0,0,0,0
5,cn4993,vertex_exchange,communication,0.0136567129998,1,0,0,0,0,0,0,120,0,0,0,0,0,0,0,6,6,157256,66792
5,cn4993,vertex_exchange_unpack,compute,0.00129809400005,1,0,0,0,0,0,0,364,0,0,0,0,0,0,0,0,0,0,0
5,cn4993,partition_result_io,io,0,0,0,0,0,0,0,0,0,0,0,0,0,0,0,0,0,0,0,0
5,cn4993,volume_exchange_pack,compute,0.118840635,2,0,0,0,0,0,0,1103,0,0,0,0,0,0,1,0,0,0,0
5,cn4993,volume_size_exchange,communication,0.0536152019999,1,0,0,0,0,0,0,1,0,0,0,0,0,0,0,7,7,28,28
5,cn4993,volume_payload_prepare,compute,0.000174720999894,1,0,0,0,0,0,0,0,0,0,0,0,0,0,0,0,0,0,0
5,cn4993,volume_payload_exchange,communication,0.00228482499961,1,0,0,0,0,0,0,22,0,0,0,0,0,0,0,7,7,2395080,2384880
5,cn4993,volume_exchange_unpack,compute,0.13536724,1,0,0,0,0,0,0,2473,0,0,0,0,0,0,0,0,0,0,0
5,cn4993,final_mesh_save,io,0,0,0,0,0,0,0,0,0,0,0,0,0,0,0,0,0,0,0,0
5,cn4993,testout_io,io,0,0,0,0,0,0,0,0,0,0,0,0,0,0,0,0,0,0,0,0
5,cn4993,final_count_exchange,communication,0,0,0,0,0,0,0,0,0,0,0,0,0,0,0,0,0,0,0,0
5,cn4993,quality_evaluation,postprocess,0,0,0,0,0,0,0,0,0,0,0,0,0,0,0,0,0,0,0,0
6,cn4994,geometry_load,io,1.749443342,1,0,0,0,0,0,0,5897,0,1035092,0,0,0,2,3,0,0,0,0
6,cn4994,coarse_local_size,setup,0.463089848,1,0,0,0,0,0,0,8301,0,0,0,0,0,86,23,0,0,0,0
6,cn4994,coarse_edge_mesh,setup,0.0125365200001,1,0,0,0,0,0,0,524,0,0,0,0,0,0,0,0,0,0,0
6,cn4994,coarse_surface_mesh,setup,8.142770916,1,0,0,0,0,0,0,12978,0,0,0,0,0,0,9,0,0,0,0
6,cn4994,coarse_volume_mesh,setup,13.248892087,1,0,0,0,0,0,0,21993,0,0,0,0,0,38576,1650041,0,0,0,0
6,cn4994,coarse_mesh_save,io,0,0,0,0,0,0,0,0,0,0,0,0,0,0,0,0,0,0,0,0
6,cn4994,submesh_initialization,setup,0.000113961000352,1,0,0,0,0,0,0,1,0,0,0,0,0,0,0,0,0,0,0
6,cn4994,metis_partition,compute,0.225606458,1,0,0,0,0,0,0,58,0,0,0,0,0,0,1,0,0,0,0
6,cn4994,face_map_setup,compute,0.00662262399965,1,0,0,0,0,0,0,3,0,0,0,0,0,0,0,0,0,0,0
6,cn4994,face_local_extract,compute,0.15436785,1,0,0,0,0,0,0,143,0,0,0,0,0,0,0,0,0,0,0
6,cn4994,face_pre_collective_wait,synchronization,0.105754529,1,0,0,0,0,0,0,1,0,0,0,0,0,0,0,0,0,0,0
6,cn4994,face_collective_setup,compute,0.00012998200009,1,0,0,0,0,0,0,16,0,0,0,0,0,0,0,0,0,0,0
6,cn4994,face_allgatherv,communication,0.090388393,1,0,0,0,0,0,0,1146,0,0,0,0,0,0,0,1,1,37904,4859624
6,cn4994,face_global_merge,compute,0.0760559699997,1,0,0,0,0,0,0,737,0,0,0,0,0,0,0,0,0,0,0
6,cn4994,part_face_create,compute,0.0185297370003,1,0,0,0,0,0,0,285,0,0,0,0,0,0,0,0,0,0,0
6,cn4994,surface_refine,compute,0.0105807149998,1,0,0,0,0,0,0,504,0,0,0,0,0,0,0,0,0,0,0
6,cn4994,refined_surface_save,io,0,0,0,0,0,0,0,0,0,0,0,0,0,0,0,0,0,0,0,0
6,cn4994,local_volume_mesh,compute,9.489277777,1,0,0,0,0,0,0,2043,0,0,0,0,0,11069,789574,0,0,0,0
6,cn4994,volume_refine,compute,0.636925146,1,0,0,0,0,0,0,4242,0,0,0,0,0,0,0,0,0,0,0
6,cn4994,refined_volume_save,io,0,0,0,0,0,0,0,0,0,0,0,0,0,0,0,0,0,0,0,0
6,cn4994,adjacency_build,compute,0.00408907200017,1,0,0,0,0,0,0,0,0,0,0,0,0,0,0,0,0,0,0
6,cn4994,vertex_numbering_local,compute,0.00995268700035,1,0,0,0,0,0,0,1,0,0,0,0,0,0,0,0,0,0,0
6,cn4994,vertex_count_allgather,communication,1.762821433,1,0,0,0,0,0,0,107,0,0,0,0,0,0,2,1,1,4,512
6,cn4994,element_count_allgather,communication,0.000780449999638,1,0,0,0,0,0,0,3,0,0,0,0,0,0,0,1,1,4,512
6,cn4994,vertex_exchange_prepare,compute,2.62009998551e-05,1,0,0,0,0,0,0,4,0,0,0,0,0,0,0,0,0,0,0
6,cn4994,vertex_exchange,communication,0.011970993,1,0,0,0,0,0,0,23,0,0,0,0,0,0,0,3,4,33528,73106
6,cn4994,vertex_exchange_unpack,compute,0.00104467300025,1,0,0,0,0,0,0,6,0,0,0,0,0,0,0,0,0,0,0
6,cn4994,partition_result_io,io,0,0,0,0,0,0,0,0,0,0,0,0,0,0,0,0,0,0,0,0
6,cn4994,volume_exchange_pack,compute,0.15753031,2,0,0,0,0,0,0,773,0,0,0,0,0,0,0,0,0,0,0
6,cn4994,volume_size_exchange,communication,0.0161356059998,1,0,0,0,0,0,0,4,0,0,0,0,0,0,0,5,5,20,20
6,cn4994,volume_payload_prepare,compute,0.000270684000043,1,0,0,0,0,0,0,81,0,0,0,0,0,0,0,0,0,0,0
6,cn4994,volume_payload_exchange,communication,0.0026503539998,1,0,0,0,0,0,0,144,0,0,0,0,0,0,0,5,5,1110960,1109880
6,cn4994,volume_exchange_unpack,compute,0.123934481,1,0,0,0,0,0,0,5981,0,0,0,0,0,0,0,0,0,0,0
6,cn4994,final_mesh_save,io,0,0,0,0,0,0,0,0,0,0,0,0,0,0,0,0,0,0,0,0
6,cn4994,testout_io,io,0,0,0,0,0,0,0,0,0,0,0,0,0,0,0,0,0,0,0,0
6,cn4994,final_count_exchange,communication,0,0,0,0,0,0,0,0,0,0,0,0,0,0,0,0,0,0,0,0
6,cn4994,quality_evaluation,postprocess,0,0,0,0,0,0,0,0,0,0,0,0,0,0,0,0,0,0,0,0
7,cn4995,geometry_load,io,1.728934032,1,0,0,0,0,0,0,5898,0,1035092,0,0,0,2,2,0,0,0,0
7,cn4995,coarse_local_size,setup,0.466698651,1,0,0,0,0,0,0,8463,0,0,0,0,0,99,21,0,0,0,0
7,cn4995,coarse_edge_mesh,setup,0.0122995310003,1,0,0,0,0,0,0,417,0,0,0,0,0,0,0,0,0,0,0
7,cn4995,coarse_surface_mesh,setup,8.202069646,1,0,0,0,0,0,0,15240,0,0,0,0,0,0,16,0,0,0,0
7,cn4995,coarse_volume_mesh,setup,13.341265359,1,0,0,0,0,0,0,25691,0,0,0,0,0,38185,1616265,0,0,0,0
7,cn4995,coarse_mesh_save,io,0,0,0,0,0,0,0,0,0,0,0,0,0,0,0,0,0,0,0,0
7,cn4995,submesh_initialization,setup,0.00011398100014,1,0,0,0,0,0,0,1,0,0,0,0,0,0,0,0,0,0,0
7,cn4995,metis_partition,compute,0.235072207,1,0,0,0,0,0,0,440,0,0,0,0,0,0,0,0,0,0,0
7,cn4995,face_map_setup,compute,0.00709270700008,1,0,0,0,0,0,0,224,0,0,0,0,0,0,1,0,0,0,0
7,cn4995,face_local_extract,compute,0.160247128,1,0,0,0,0,0,0,696,0,0,0,0,0,0,0,0,0,0,0
7,cn4995,face_pre_collective_wait,synchronization,0.0899335239997,1,0,0,0,0,0,0,1,0,0,0,0,0,0,0,0,0,0,0
7,cn4995,face_collective_setup,compute,0.000103981999928,1,0,0,0,0,0,0,13,0,0,0,0,0,0,0,0,0,0,0
7,cn4995,face_allgatherv,communication,0.0903144089998,1,0,0,0,0,0,0,701,0,0,0,0,0,0,0,1,1,37904,4859624
7,cn4995,face_global_merge,compute,0.0773662699999,1,0,0,0,0,0,0,151,0,0,0,0,0,0,0,0,0,0,0
7,cn4995,part_face_create,compute,0.0212374409998,1,0,0,0,0,0,0,1299,0,0,0,0,0,0,0,0,0,0,0
7,cn4995,surface_refine,compute,0.00989978200005,1,0,0,0,0,0,0,517,0,0,0,0,0,0,0,0,0,0,0
7,cn4995,refined_surface_save,io,0,0,0,0,0,0,0,0,0,0,0,0,0,0,0,0,0,0,0,0
7,cn4995,local_volume_mesh,compute,8.400773866,1,0,0,0,0,0,0,2513,0,0,0,0,0,12239,520394,0,0,0,0
7,cn4995,volume_refine,compute,0.430983252,1,0,0,0,0,0,0,4934,0,0,0,0,0,0,1,0,0,0,0
7,cn4995,refined_volume_save,io,0,0,0,0,0,0,0,0,0,0,0,0,0,0,0,0,0,0,0,0
7,cn4995,adjacency_build,compute,0.00411846999987,1,0,0,0,0,0,0,0,0,0,0,0,0,0,0,0,0,0,0
7,cn4995,vertex_numbering_local,compute,0.0096188790003,1,0,0,0,0,0,0,1,0,0,0,0,0,0,0,0,0,0,0
7,cn4995,vertex_count_allgather,communication,3.054251448,1,0,0,0,0,0,0,112,0,0,0,0,0,0,6,1,1,4,512
7,cn4995,element_count_allgather,communication,0.000802189999831,1,0,0,0,0,0,0,0,0,0,0,0,0,0,0,1,1,4,512
7,cn4995,vertex_exchange_prepare,compute,7.80210002631e-05,1,0,0,0,0,0,0,38,0,0,0,0,0,0,0,0,0,0,0
7,cn4995,vertex_exchange,communication,0.0209330770003,1,0,0,0,0,0,0,576,0,0,0,0,0,0,0,3,5,49918,122122
7,cn4995,vertex_exchange_unpack,compute,0.0018789830001,1,0,0,0,0,0,0,202,0,0,0,0,0,0,0,0,0,0,0
7,cn4995,partition_result_io,io,0,0,0,0,0,0,0,0,0,0,0,0,0,0,0,0,0,0,0,0
7,cn4995,volume_exchange_pack,compute,0.149905461,2,0,0,0,0,0,0,1759,0,0,0,0,0,0,0,0,0,0,0
7,cn4995,volume_size_exchange,communication,0.0141615540001,1,0,0,0,0,0,0,1,0,0,0,0,0,0,0,5,5,20,20
7,cn4995,volume_payload_prepare,compute,0.000157941999987,1,0,0,0,0,0,0,17,0,0,0,0,0,0,0,0,0,0,0
7,cn4995,volume_payload_exchange,communication,0.00275831399995,1,0,0,0,0,0,0,80,0,0,0,0,0,0,0,5,5,1824240,1827960
7,cn4995,volume_exchange_unpack,compute,0.102104814,1,0,0,0,0,0,0,2973,0,0,0,0,0,0,0,0,0,0,0
7,cn4995,final_mesh_save,io,0,0,0,0,0,0,0,0,0,0,0,0,0,0,0,0,0,0,0,0
7,cn4995,testout_io,io,0,0,0,0,0,0,0,0,0,0,0,0,0,0,0,0,0,0,0,0
7,cn4995,final_count_exchange,communication,0,0,0,0,0,0,0,0,0,0,0,0,0,0,0,0,0,0,0,0
7,cn4995,quality_evaluation,postprocess,0,0,0,0,0,0,0,0,0,0,0,0,0,0,0,0,0,0,0,0
8,cn4996,geometry_load,io,1.728397168,1,0,0,0,0,0,0,5897,0,1035092,0,0,0,2,3,0,0,0,0
8,cn4996,coarse_local_size,setup,0.479671372,1,0,0,0,0,0,0,8507,0,0,0,0,0,110,21,0,0,0,0
8,cn4996,coarse_edge_mesh,setup,0.0122661099999,1,0,0,0,0,0,0,426,0,0,0,0,0,0,0,0,0,0,0
8,cn4996,coarse_surface_mesh,setup,8.17385845,1,0,0,0,0,0,0,14642,0,0,0,0,0,0,9,0,0,0,0
8,cn4996,coarse_volume_mesh,setup,13.457428699,1,0,0,0,0,0,0,27810,0,0,0,0,0,40317,1645340,0,0,0,0
8,cn4996,coarse_mesh_save,io,0,0,0,0,0,0,0,0,0,0,0,0,0,0,0,0,0,0,0,0
8,cn4996,submesh_initialization,setup,0.000171342999693,1,0,0,0,0,0,0,56,0,0,0,0,0,0,0,0,0,0,0
8,cn4996,metis_partition,compute,0.23724605,1,0,0,0,0,0,0,2184,0,0,0,0,0,0,0,0,0,0,0
8,cn4996,face_map_setup,compute,0.00780518800002,1,0,0,0,0,0,0,565,0,0,0,0,0,0,0,0,0,0,0
8,cn4996,face_local_extract,compute,0.163025101,1,0,0,0,0,0,0,903,0,0,0,0,0,0,0,0,0,0,0
8,cn4996,face_pre_collective_wait,synchronization,0.084094546,1,0,0,0,0,0,0,21,0,0,0,0,0,0,0,0,0,0,0
8,cn4996,face_collective_setup,compute,0.000108240999907,1,0,0,0,0,0,0,16,0,0,0,0,0,0,0,0,0,0,0
8,cn4996,face_allgatherv,communication,0.0902048509997,1,0,0,0,0,0,0,757,0,0,0,0,0,0,0,1,1,37904,4859624
8,cn4996,face_global_merge,compute,0.0788703129997,1,0,0,0,0,0,0,512,0,0,0,0,0,0,0,0,0,0,0
8,cn4996,part_face_create,compute,0.018874722,1,0,0,0,0,0,0,24,0,0,0,0,0,0,0,0,0,0,0
8,cn4996,surface_refine,compute,0.00892766300012,1,0,0,0,0,0,0,25,0,0,0,0,0,0,0,0,0,0,0
8,cn4996,refined_surface_save,io,0,0,0,0,0,0,0,0,0,0,0,0,0,0,0,0,0,0,0,0
8,cn4996,local_volume_mesh,compute,7.882798614,1,0,0,0,0,0,0,2388,0,0,0,0,0,12531,551473,0,0,0,0
8,cn4996,volume_refine,compute,0.404277106,1,0,0,0,0,0,0,8806,0,0,0,0,0,0,1,0,0,0,0
8,cn4996,refined_volume_save,io,0,0,0,0,0,0,0,0,0,0,0,0,0,0,0,0,0,0,0,0
8,cn4996,adjacency_build,compute,0.00450456199997,1,0,0,0,0,0,0,60,0,0,0,0,0,0,0,0,0,0,0
8,cn4996,vertex_numbering_local,compute,0.01298658,1,0,0,0,0,0,0,388,0,0,0,0,0,0,0,0,0,0,0
8,cn4996,vertex_count_allgather,communication,3.596974701,1,0,0,0,0,0,0,83,0,0,0,0,0,0,3,1,1,4,512
8,cn4996,element_count_allgather,communication,0.000850391999847,1,0,0,0,0,0,0,0,0,0,0,0,0,0,0,1,1,4,512
8,cn4996,vertex_exchange_prepare,compute,5.86800001656e-05,1,0,0,0,0,0,0,12,0,0,0,0,0,0,0,0,0,0,0
8,cn4996,vertex_exchange,communication,0.0205227840001,1,0,0,0,0,0,0,632,0,0,0,0,0,0,0,8,7,175648,64834
8,cn4996,vertex_exchange_unpack,compute,0.000972892999926,1,0,0,0,0,0,0,0,0,0,0,0,0,0,0,0,0,0,0
8,cn4996,partition_result_io,io,0,0,0,0,0,0,0,0,0,0,0,0,0,0,0,0,0,0,0,0
8,cn4996,volume_exchange_pack,compute,0.155390035,2,0,0,0,0,0,0,986,0,0,0,0,0,0,0,0,0,0,0
8,cn4996,volume_size_exchange,communication,0.0202905820001,1,0,0,0,0,0,0,4,0,0,0,0,0,0,0,8,8,32,32
8,cn4996,volume_payload_prepare,compute,0.000370705000023,1,0,0,0,0,0,0,102,0,0,0,0,0,0,0,0,0,0,0
8,cn4996,volume_payload_exchange,communication,0.00228159200014,1,0,0,0,0,0,0,259,0,0,0,0,0,0,0,8,8,2548200,2539680
8,cn4996,volume_exchange_unpack,compute,0.11319007,1,0,0,0,0,0,0,3558,0,0,0,0,0,0,1,0,0,0,0
8,cn4996,final_mesh_save,io,0,0,0,0,0,0,0,0,0,0,0,0,0,0,0,0,0,0,0,0
8,cn4996,testout_io,io,0,0,0,0,0,0,0,0,0,0,0,0,0,0,0,0,0,0,0,0
8,cn4996,final_count_exchange,communication,0,0,0,0,0,0,0,0,0,0,0,0,0,0,0,0,0,0,0,0
8,cn4996,quality_evaluation,postprocess,0,0,0,0,0,0,0,0,0,0,0,0,0,0,0,0,0,0,0,0
9,cn4997,geometry_load,io,1.763495768,1,0,0,0,0,0,0,5899,0,1035092,0,0,0,2,2,0,0,0,0
9,cn4997,coarse_local_size,setup,0.464765774,1,0,0,0,0,0,0,8320,0,0,0,0,0,86,23,0,0,0,0
9,cn4997,coarse_edge_mesh,setup,0.012608602,1,0,0,0,0,0,0,515,0,0,0,0,0,0,0,0,0,0,0
9,cn4997,coarse_surface_mesh,setup,8.219782635,1,0,0,0,0,0,0,17608,0,0,0,0,0,0,11,0,0,0,0
9,cn4997,coarse_volume_mesh,setup,13.251918516,1,0,0,0,0,0,0,29586,0,0,0,0,0,35746,1553030,0,0,0,0
9,cn4997,coarse_mesh_save,io,0,0,0,0,0,0,0,0,0,0,0,0,0,0,0,0,0,0,0,0
9,cn4997,submesh_initialization,setup,0.000124021999909,1,0,0,0,0,0,0,3,0,0,0,0,0,0,0,0,0,0,0
9,cn4997,metis_partition,compute,0.242309555,1,0,0,0,0,0,0,635,0,0,0,0,0,0,1,0,0,0,0
9,cn4997,face_map_setup,compute,0.00747811599967,1,0,0,0,0,0,0,225,0,0,0,0,0,0,0,0,0,0,0
9,cn4997,face_local_extract,compute,0.159820094,1,0,0,0,0,0,0,527,0,0,0,0,0,0,0,0,0,0,0
9,cn4997,face_pre_collective_wait,synchronization,0.082707263,1,0,0,0,0,0,0,24,0,0,0,0,0,0,0,0,0,0,0
9,cn4997,face_collective_setup,compute,0.000140041000122,1,0,0,0,0,0,0,51,0,0,0,0,0,0,0,0,0,0,0
9,cn4997,face_allgatherv,communication,0.0900441979998,1,0,0,0,0,0,0,936,0,0,0,0,0,0,0,1,1,37904,4859624
9,cn4997,face_global_merge,compute,0.0793210400002,1,0,0,0,0,0,0,886,0,0,0,0,0,0,0,0,0,0,0
9,cn4997,part_face_create,compute,0.019716754,1,0,0,0,0,0,0,498,0,0,0,0,0,0,0,0,0,0,0
9,cn4997,surface_refine,compute,0.00955702300007,1,0,0,0,0,0,0,58,0,0,0,0,0,0,0,0,0,0,0
9,cn4997,refined_surface_save,io,0,0,0,0,0,0,0,0,0,0,0,0,0,0,0,0,0,0,0,0
9,cn4997,local_volume_mesh,compute,8.331230627,1,0,0,0,0,0,0,2329,0,0,0,0,0,14087,766822,0,0,0,0
9,cn4997,volume_refine,compute,0.464116366,1,0,0,0,0,0,0,4944,0,0,0,0,0,0,1,0,0,0,0
9,cn4997,refined_volume_save,io,0,0,0,0,0,0,0,0,0,0,0,0,0,0,0,0,0,0,0,0
9,cn4997,adjacency_build,compute,0.0042035739998,1,0,0,0,0,0,0,0,0,0,0,0,0,0,0,0,0,0,0
9,cn4997,vertex_numbering_local,compute,0.00737459399988,1,0,0,0,0,0,0,1,0,0,0,0,0,0,0,0,0,0,0
9,cn4997,vertex_count_allgather,communication,3.092119345,1,0,0,0,0,0,0,119,0,0,0,0,0,0,4,1,1,4,512
9,cn4997,element_count_allgather,communication,0.000754648999646,1,0,0,0,0,0,0,5,0,0,0,0,0,0,0,1,1,4,512
9,cn4997,vertex_exchange_prepare,compute,4.19599996349e-05,1,0,0,0,0,0,0,18,0,0,0,0,0,0,0,0,0,0,0
9,cn4997,vertex_exchange,communication,0.0126104420001,1,0,0,0,0,0,0,50,0,0,0,0,0,0,0,2,2,21648,64438
9,cn4997,vertex_exchange_unpack,compute,0.0011494549999,1,0,0,0,0,0,0,232,0,0,0,0,0,0,0,0,0,0,0
9,cn4997,partition_result_io,io,0,0,0,0,0,0,0,0,0,0,0,0,0,0,0,0,0,0,0,0
9,cn4997,volume_exchange_pack,compute,0.135009856,2,0,0,0,0,0,0,1116,0,0,0,0,0,0,0,0,0,0,0
9,cn4997,volume_size_exchange,communication,0.0285072869997,1,0,0,0,0,0,0,0,0,0,0,0,0,0,0,3,3,12,12
9,cn4997,volume_payload_prepare,compute,0.000283743000182,1,0,0,0,0,0,0,183,0,0,0,0,0,0,0,0,0,0,0
9,cn4997,volume_payload_exchange,communication,0.0215344369999,1,0,0,0,0,0,0,28,0,0,0,0,0,0,0,3,3,898920,904320
9,cn4997,volume_exchange_unpack,compute,0.0877752679999,1,0,0,0,0,0,0,2964,0,0,0,0,0,0,0,0,0,0,0
9,cn4997,final_mesh_save,io,0,0,0,0,0,0,0,0,0,0,0,0,0,0,0,0,0,0,0,0
9,cn4997,testout_io,io,0,0,0,0,0,0,0,0,0,0,0,0,0,0,0,0,0,0,0,0
9,cn4997,final_count_exchange,communication,0,0,0,0,0,0,0,0,0,0,0,0,0,0,0,0,0,0,0,0
9,cn4997,quality_evaluation,postprocess,0,0,0,0,0,0,0,0,0,0,0,0,0,0,0,0,0,0,0,0
10,cn4998,geometry_load,io,1.746346705,1,0,0,0,0,0,0,5899,0,1035092,0,0,0,2,1,0,0,0,0
10,cn4998,coarse_local_size,setup,0.479469287,1,0,0,0,0,0,0,8278,0,0,0,0,0,118,24,0,0,0,0
10,cn4998,coarse_edge_mesh,setup,0.0126689840004,1,0,0,0,0,0,0,515,0,0,0,0,0,0,0,0,0,0,0
10,cn4998,coarse_surface_mesh,setup,8.216875257,1,0,0,0,0,0,0,17141,0,0,0,0,0,0,10,0,0,0,0
10,cn4998,coarse_volume_mesh,setup,13.249993941,1,0,0,0,0,0,0,26071,0,0,0,0,0,37153,1536725,0,0,0,0
10,cn4998,coarse_mesh_save,io,0,0,0,0,0,0,0,0,0,0,0,0,0,0,0,0,0,0,0,0
10,cn4998,submesh_initialization,setup,0.000128101999962,1,0,0,0,0,0,0,1,0,0,0,0,0,0,0,0,0,0,0
10,cn4998,metis_partition,compute,0.306009023,1,0,0,0,0,0,0,175,0,0,0,0,0,0,2,0,0,0,0
10,cn4998,face_map_setup,compute,0.00682869699995,1,0,0,0,0,0,0,3,0,0,0,0,0,0,0,0,0,0,0
10,cn4998,face_local_extract,compute,0.157016697,1,0,0,0,0,0,0,24,0,0,0,0,0,0,0,0,0,0,0
10,cn4998,face_pre_collective_wait,synchronization,0.0224716540001,1,0,0,0,0,0,0,1,0,0,0,0,0,0,0,0,0,0,0
10,cn4998,face_collective_setup,compute,0.000108761999854,1,0,0,0,0,0,0,16,0,0,0,0,0,0,0,0,0,0,0
10,cn4998,face_allgatherv,communication,0.0901065799999,1,0,0,0,0,0,0,348,0,0,0,0,0,0,0,1,1,37904,4859624
10,cn4998,face_global_merge,compute,0.0741654989997,1,0,0,0,0,0,0,142,0,0,0,0,0,0,0,0,0,0,0
10,cn4998,part_face_create,compute,0.0181521250001,1,0,0,0,0,0,0,266,0,0,0,0,0,0,0,0,0,0,0
10,cn4998,surface_refine,compute,0.00848021599995,1,0,0,0,0,0,0,44,0,0,0,0,0,0,0,0,0,0,0
10,cn4998,refined_surface_save,io,0,0,0,0,0,0,0,0,0,0,0,0,0,0,0,0,0,0,0,0
10,cn4998,local_volume_mesh,compute,7.292545776,1,0,0,0,0,0,0,1856,0,0,0,0,0,7789,496583,0,0,0,0
10,cn4998,volume_refine,compute,0.397701841,1,0,0,0,0,0,0,4573,0,0,0,0,0,0,1,0,0,0,0
10,cn4998,refined_volume_save,io,0,0,0,0,0,0,0,0,0,0,0,0,0,0,0,0,0,0,0,0
10,cn4998,adjacency_build,compute,0.00404810600003,1,0,0,0,0,0,0,0,0,0,0,0,0,0,0,0,0,0,0
10,cn4998,vertex_numbering_local,compute,0.0100461739999,1,0,0,0,0,0,0,73,0,0,0,0,0,0,0,0,0,0,0
10,cn4998,vertex_count_allgather,communication,4.203389254,1,0,0,0,0,0,0,106,0,0,0,0,0,0,4,1,1,4,512
10,cn4998,element_count_allgather,communication,0.000877030000083,1,0,0,0,0,0,0,1,0,0,0,0,0,0,0,1,1,4,512
10,cn4998,vertex_exchange_prepare,compute,0.000116821999654,1,0,0,0,0,0,0,31,0,0,0,0,0,0,0,0,0,0,0
10,cn4998,vertex_exchange,communication,0.0134295319999,1,0,0,0,0,0,0,59,0,0,0,0,0,0,0,5,5,117194,93676
10,cn4998,vertex_exchange_unpack,compute,0.00129777500024,1,0,0,0,0,0,0,8,0,0,0,0,0,0,0,0,0,0,0
10,cn4998,partition_result_io,io,0,0,0,0,0,0,0,0,0,0,0,0,0,0,0,0,0,0,0,0
10,cn4998,volume_exchange_pack,compute,0.142249971,2,0,0,0,0,0,0,1603,0,0,0,0,0,0,0,0,0,0,0
10,cn4998,volume_size_exchange,communication,0.0294665930001,1,0,0,0,0,0,0,0,0,0,0,0,0,0,0,6,6,24,24
10,cn4998,volume_payload_prepare,compute,0.000226022999868,1,0,0,0,0,0,0,34,0,0,0,0,0,0,0,0,0,0,0
10,cn4998,volume_payload_exchange,communication,0.0135886939997,1,0,0,0,0,0,0,215,0,0,0,0,0,0,0,6,6,2237760,2237520
10,cn4998,volume_exchange_unpack,compute,0.109294797,1,0,0,0,0,0,0,4073,0,0,0,0,0,0,0,0,0,0,0
10,cn4998,final_mesh_save,io,0,0,0,0,0,0,0,0,0,0,0,0,0,0,0,0,0,0,0,0
10,cn4998,testout_io,io,0,0,0,0,0,0,0,0,0,0,0,0,0,0,0,0,0,0,0,0
10,cn4998,final_count_exchange,communication,0,0,0,0,0,0,0,0,0,0,0,0,0,0,0,0,0,0,0,0
10,cn4998,quality_evaluation,postprocess,0,0,0,0,0,0,0,0,0,0,0,0,0,0,0,0,0,0,0,0
11,cn4999,geometry_load,io,1.721637169,1,0,0,0,0,0,0,5899,0,1035092,0,0,0,2,2,0,0,0,0
11,cn4999,coarse_local_size,setup,0.458372057,1,0,0,0,0,0,0,8352,0,0,0,0,0,91,22,0,0,0,0
11,cn4999,coarse_edge_mesh,setup,0.0126438289999,1,0,0,0,0,0,0,522,0,0,0,0,0,0,0,0,0,0,0
11,cn4999,coarse_surface_mesh,setup,8.205010999,1,0,0,0,0,0,0,15403,0,0,0,0,0,0,9,0,0,0,0
11,cn4999,coarse_volume_mesh,setup,13.489218911,1,0,0,0,0,0,0,27227,0,0,0,0,0,38725,1689415,0,0,0,0
11,cn4999,coarse_mesh_save,io,0,0,0,0,0,0,0,0,0,0,0,0,0,0,0,0,0,0,0,0
11,cn4999,submesh_initialization,setup,0.000122460999592,1,0,0,0,0,0,0,1,0,0,0,0,0,0,0,0,0,0,0
11,cn4999,metis_partition,compute,0.235534133,1,0,0,0,0,0,0,412,0,0,0,0,0,0,0,0,0,0,0
11,cn4999,face_map_setup,compute,0.00732326599973,1,0,0,0,0,0,0,226,0,0,0,0,0,0,0,0,0,0,0
11,cn4999,face_local_extract,compute,0.16057035,1,0,0,0,0,0,0,628,0,0,0,0,0,0,1,0,0,0,0
11,cn4999,face_pre_collective_wait,synchronization,0.0888810070001,1,0,0,0,0,0,0,1,0,0,0,0,0,0,0,0,0,0,0
11,cn4999,face_collective_setup,compute,0.000110501000108,1,0,0,0,0,0,0,16,0,0,0,0,0,0,0,0,0,0,0
11,cn4999,face_allgatherv,communication,0.0793595549999,1,0,0,0,0,0,0,646,0,0,0,0,0,0,0,1,1,37904,4859624
11,cn4999,face_global_merge,compute,0.0780517190001,1,0,0,0,0,0,0,271,0,0,0,0,0,0,0,0,0,0,0
11,cn4999,part_face_create,compute,0.0189703430001,1,0,0,0,0,0,0,3,0,0,0,0,0,0,0,0,0,0,0
11,cn4999,surface_refine,compute,0.0106497860002,1,0,0,0,0,0,0,48,0,0,0,0,0,0,0,0,0,0,0
11,cn4999,refined_surface_save,io,0,0,0,0,0,0,0,0,0,0,0,0,0,0,0,0,0,0,0,0
11,cn4999,local_volume_mesh,compute,9.877839073,1,0,0,0,0,0,0,5009,0,0,0,0,0,12585,831365,0,0,0,0
11,cn4999,volume_refine,compute,0.504751742,1,0,0,0,0,0,0,7574,0,0,0,0,0,0,0,0,0,0,0
11,cn4999,refined_volume_save,io,0,0,0,0,0,0,0,0,0,0,0,0,0,0,0,0,0,0,0,0
11,cn4999,adjacency_build,compute,0.004433952,1,0,0,0,0,0,0,280,0,0,0,0,0,0,0,0,0,0,0
11,cn4999,vertex_numbering_local,compute,0.00870612200015,1,0,0,0,0,0,0,218,0,0,0,0,0,0,0,0,0,0,0
11,cn4999,vertex_count_allgather,communication,1.514875854,1,0,0,0,0,0,0,49,0,0,0,0,0,0,2,1,1,4,512
11,cn4999,element_count_allgather,communication,0.00086642999986,1,0,0,0,0,0,0,0,0,0,0,0,0,0,0,1,1,4,512
11,cn4999,vertex_exchange_prepare,compute,1.48799999806e-05,1,0,0,0,0,0,0,0,0,0,0,0,0,0,0,0,0,0,0
11,cn4999,vertex_exchange,communication,0.0113998950001,1,0,0,0,0,0,0,18,0,0,0,0,0,0,0,2,2,15048,54186
11,cn4999,vertex_exchange_unpack,compute,0.000808249000329,1,0,0,0,0,0,0,0,0,0,0,0,0,0,0,0,0,0,0
11,cn4999,partition_result_io,io,0,0,0,0,0,0,0,0,0,0,0,0,0,0,0,0,0,0,0,0
11,cn4999,volume_exchange_pack,compute,0.129295722,2,0,0,0,0,0,0,436,0,0,0,0,0,0,0,0,0,0,0
11,cn4999,volume_size_exchange,communication,0.0270986589999,1,0,0,0,0,0,0,0,0,0,0,0,0,0,0,3,3,12,12
11,cn4999,volume_payload_prepare,compute,0.000218002000111,1,0,0,0,0,0,0,142,0,0,0,0,0,0,0,0,0,0,0
11,cn4999,volume_payload_exchange,communication,0.0187077609999,1,0,0,0,0,0,0,41,0,0,0,0,0,0,0,3,3,710880,706560
11,cn4999,volume_exchange_unpack,compute,0.0910987729999,1,0,0,0,0,0,0,3338,0,0,0,0,0,0,0,0,0,0,0
11,cn4999,final_mesh_save,io,0,0,0,0,0,0,0,0,0,0,0,0,0,0,0,0,0,0,0,0
11,cn4999,testout_io,io,0,0,0,0,0,0,0,0,0,0,0,0,0,0,0,0,0,0,0,0
11,cn4999,final_count_exchange,communication,0,0,0,0,0,0,0,0,0,0,0,0,0,0,0,0,0,0,0,0
11,cn4999,quality_evaluation,postprocess,0,0,0,0,0,0,0,0,0,0,0,0,0,0,0,0,0,0,0,0
12,cn5000,geometry_load,io,1.786592025,1,0,0,0,0,0,0,5896,0,1035092,0,0,0,2,2,0,0,0,0
12,cn5000,coarse_local_size,setup,0.505777827,1,0,0,0,0,0,0,8410,0,0,0,0,0,121,22,0,0,0,0
12,cn5000,coarse_edge_mesh,setup,0.012484545,1,0,0,0,0,0,0,434,0,0,0,0,0,0,0,0,0,0,0
12,cn5000,coarse_surface_mesh,setup,8.311362388,1,0,0,0,0,0,0,14597,0,0,0,0,0,0,12,0,0,0,0
12,cn5000,coarse_volume_mesh,setup,13.40624853,1,0,0,0,0,0,0,27977,0,0,0,0,0,37498,1632101,0,0,0,0
12,cn5000,coarse_mesh_save,io,0,0,0,0,0,0,0,0,0,0,0,0,0,0,0,0,0,0,0,0
12,cn5000,submesh_initialization,setup,0.000131922000037,1,0,0,0,0,0,0,1,0,0,0,0,0,0,0,0,0,0,0
12,cn5000,metis_partition,compute,0.238729968,1,0,0,0,0,0,0,429,0,0,0,0,0,0,0,0,0,0,0
12,cn5000,face_map_setup,compute,0.00717428300004,1,0,0,0,0,0,0,212,0,0,0,0,0,0,0,0,0,0,0
12,cn5000,face_local_extract,compute,0.161551687,1,0,0,0,0,0,0,669,0,0,0,0,0,0,1,0,0,0,0
12,cn5000,face_pre_collective_wait,synchronization,0.0848529709997,1,0,0,0,0,0,0,1,0,0,0,0,0,0,0,0,0,0,0
12,cn5000,face_collective_setup,compute,0.000106581000182,1,0,0,0,0,0,0,13,0,0,0,0,0,0,0,0,0,0,0
12,cn5000,face_allgatherv,communication,0.0780853719998,1,0,0,0,0,0,0,643,0,0,0,0,0,0,0,1,1,37904,4859624
12,cn5000,face_global_merge,compute,0.0785842979999,1,0,0,0,0,0,0,208,0,0,0,0,0,0,0,0,0,0,0
12,cn5000,part_face_create,compute,0.0188605210001,1,0,0,0,0,0,0,3,0,0,0,0,0,0,0,0,0,0,0
12,cn5000,surface_refine,compute,0.010650704,1,0,0,0,0,0,0,47,0,0,0,0,0,0,0,0,0,0,0
12,cn5000,refined_surface_save,io,0,0,0,0,0,0,0,0,0,0,0,0,0,0,0,0,0,0,0,0
12,cn5000,local_volume_mesh,compute,10.645414146,1,0,0,0,0,0,0,3821,0,0,0,0,0,14708,945473,0,0,0,0
12,cn5000,volume_refine,compute,0.539588882,1,0,0,0,0,0,0,6905,0,0,0,0,0,0,0,0,0,0,0
12,cn5000,refined_volume_save,io,0,0,0,0,0,0,0,0,0,0,0,0,0,0,0,0,0,0,0,0
12,cn5000,adjacency_build,compute,0.00392210599966,1,0,0,0,0,0,0,1,0,0,0,0,0,0,0,0,0,0,0
12,cn5000,vertex_numbering_local,compute,0.0090833459999,1,0,0,0,0,0,0,2,0,0,0,0,0,0,0,0,0,0,0
12,cn5000,vertex_count_allgather,communication,0.714184561,1,0,0,0,0,0,0,30,0,0,0,0,0,0,1,1,1,4,512
12,cn5000,element_count_allgather,communication,0.000808310000139,1,0,0,0,0,0,0,0,0,0,0,0,0,0,0,1,1,4,512
12,cn5000,vertex_exchange_prepare,compute,1.03799998215e-05,1,0,0,0,0,0,0,0,0,0,0,0,0,0,0,0,0,0,0
12,cn5000,vertex_exchange,communication,0.000898051000149,1,0,0,0,0,0,0,15,0,0,0,0,0,0,0,4,2,83446,726
12,cn5000,vertex_exchange_unpack,compute,2.2700000045e-05,1,0,0,0,0,0,0,0,0,0,0,0,0,0,0,0,0,0,0
12,cn5000,partition_result_io,io,0,0,0,0,0,0,0,0,0,0,0,0,0,0,0,0,0,0,0,0
12,cn5000,volume_exchange_pack,compute,0.145993664,2,0,0,0,0,0,0,1,0,0,0,0,0,0,0,0,0,0,0
12,cn5000,volume_size_exchange,communication,0.0506738519998,1,0,0,0,0,0,0,3,0,0,0,0,0,0,0,4,4,16,16
12,cn5000,volume_payload_prepare,compute,6.84410001668e-05,1,0,0,0,0,0,0,0,0,0,0,0,0,0,0,0,0,0,0
12,cn5000,volume_payload_exchange,communication,0.00243678800007,1,0,0,0,0,0,0,11,0,0,0,0,0,0,0,4,4,869400,864840
12,cn5000,volume_exchange_unpack,compute,0.105537993,1,0,0,0,0,0,0,3363,0,0,0,0,0,0,0,0,0,0,0
12,cn5000,final_mesh_save,io,0,0,0,0,0,0,0,0,0,0,0,0,0,0,0,0,0,0,0,0
12,cn5000,testout_io,io,0,0,0,0,0,0,0,0,0,0,0,0,0,0,0,0,0,0,0,0
12,cn5000,final_count_exchange,communication,0,0,0,0,0,0,0,0,0,0,0,0,0,0,0,0,0,0,0,0
12,cn5000,quality_evaluation,postprocess,0,0,0,0,0,0,0,0,0,0,0,0,0,0,0,0,0,0,0,0
13,cn5001,geometry_load,io,1.719642935,1,0,0,0,0,0,0,5896,0,1035092,0,0,0,2,4,0,0,0,0
13,cn5001,coarse_local_size,setup,0.478316615,1,0,0,0,0,0,0,8484,0,0,0,0,0,121,22,0,0,0,0
13,cn5001,coarse_edge_mesh,setup,0.0126178949999,1,0,0,0,0,0,0,526,0,0,0,0,0,0,0,0,0,0,0
13,cn5001,coarse_surface_mesh,setup,8.095927643,1,0,0,0,0,0,0,12585,0,0,0,0,0,0,12,0,0,0,0
13,cn5001,coarse_volume_mesh,setup,13.328768859,1,0,0,0,0,0,0,19876,0,0,0,0,0,38662,1591676,0,0,0,0
13,cn5001,coarse_mesh_save,io,0,0,0,0,0,0,0,0,0,0,0,0,0,0,0,0,0,0,0,0
13,cn5001,submesh_initialization,setup,0.000117001000035,1,0,0,0,0,0,0,1,0,0,0,0,0,0,0,0,0,0,0
13,cn5001,metis_partition,compute,0.225867884,1,0,0,0,0,0,0,64,0,0,0,0,0,0,0,0,0,0,0
13,cn5001,face_map_setup,compute,0.00675856299995,1,0,0,0,0,0,0,3,0,0,0,0,0,0,0,0,0,0,0
13,cn5001,face_local_extract,compute,0.151794511,1,0,0,0,0,0,0,24,0,0,0,0,0,0,0,0,0,0,0
13,cn5001,face_pre_collective_wait,synchronization,0.10791661,1,0,0,0,0,0,0,1,0,0,0,0,0,0,0,0,0,0,0
13,cn5001,face_collective_setup,compute,0.000105981999695,1,0,0,0,0,0,0,16,0,0,0,0,0,0,0,0,0,0,0
13,cn5001,face_allgatherv,communication,0.0764906030004,1,0,0,0,0,0,0,100,0,0,0,0,0,0,0,1,1,37904,4859624
13,cn5001,face_global_merge,compute,0.074767482,1,0,0,0,0,0,0,28,0,0,0,0,0,0,1,0,0,0,0
13,cn5001,part_face_create,compute,0.0181589430003,1,0,0,0,0,0,0,296,0,0,0,0,0,0,0,0,0,0,0
13,cn5001,surface_refine,compute,0.00804425899969,1,0,0,0,0,0,0,2,0,0,0,0,0,0,0,0,0,0,0
13,cn5001,refined_surface_save,io,0,0,0,0,0,0,0,0,0,0,0,0,0,0,0,0,0,0,0,0
13,cn5001,local_volume_mesh,compute,7.320044141,1,0,0,0,0,0,0,1848,0,0,0,0,0,10717,539408,0,0,0,0
13,cn5001,volume_refine,compute,0.381683204,1,0,0,0,0,0,0,5006,0,0,0,0,0,0,0,0,0,0,0
13,cn5001,refined_volume_save,io,0,0,0,0,0,0,0,0,0,0,0,0,0,0,0,0,0,0,0,0
13,cn5001,adjacency_build,compute,0.00409227099999,1,0,0,0,0,0,0,5,0,0,0,0,0,0,0,0,0,0,0
13,cn5001,vertex_numbering_local,compute,0.0113298200004,1,0,0,0,0,0,0,334,0,0,0,0,0,0,0,0,0,0,0
13,cn5001,vertex_count_allgather,communication,4.204098036,1,0,0,0,0,0,0,142,0,0,0,0,0,0,7,1,1,4,512
13,cn5001,element_count_allgather,communication,0.000764670000081,1,0,0,0,0,0,0,4,0,0,0,0,0,0,0,1,1,4,512
13,cn5001,vertex_exchange_prepare,compute,0.000138580999646,1,0,0,0,0,0,0,40,0,0,0,0,0,0,0,0,0,0,0
13,cn5001,vertex_exchange,communication,0.0212210610002,1,0,0,0,0,0,0,614,0,0,0,0,0,0,1,6,3,73942,153230
13,cn5001,vertex_exchange_unpack,compute,0.00225138799988,1,0,0,0,0,0,0,165,0,0,0,0,0,0,0,0,0,0,0
13,cn5001,partition_result_io,io,0,0,0,0,0,0,0,0,0,0,0,0,0,0,0,0,0,0,0,0
13,cn5001,volume_exchange_pack,compute,0.162037478,2,0,0,0,0,0,0,2199,0,0,0,0,0,0,0,0,0,0,0
13,cn5001,volume_size_exchange,communication,0.0115699219996,1,0,0,0,0,0,0,2,0,0,0,0,0,0,0,5,5,20,20
13,cn5001,volume_payload_prepare,compute,0.000332904000061,1,0,0,0,0,0,0,102,0,0,0,0,0,0,0,0,0,0,0
13,cn5001,volume_payload_exchange,communication,0.00232172799997,1,0,0,0,0,0,0,353,0,0,0,0,0,0,0,5,5,2424240,2429880
13,cn5001,volume_exchange_unpack,compute,0.110037816,1,0,0,0,0,0,0,3643,0,0,0,0,0,0,0,0,0,0,0
13,cn5001,final_mesh_save,io,0,0,0,0,0,0,0,0,0,0,0,0,0,0,0,0,0,0,0,0
13,cn5001,testout_io,io,0,0,0,0,0,0,0,0,0,0,0,0,0,0,0,0,0,0,0,0
13,cn5001,final_count_exchange,communication,0,0,0,0,0,0,0,0,0,0,0,0,0,0,0,0,0,0,0,0
13,cn5001,quality_evaluation,postprocess,0,0,0,0,0,0,0,0,0,0,0,0,0,0,0,0,0,0,0,0
14,cn5002,geometry_load,io,1.733555528,1,0,0,0,0,0,0,5898,0,1035092,0,0,0,2,3,0,0,0,0
14,cn5002,coarse_local_size,setup,0.461257209,1,0,0,0,0,0,0,8345,0,0,0,0,0,80,22,0,0,0,0
14,cn5002,coarse_edge_mesh,setup,0.0124370359999,1,0,0,0,0,0,0,418,0,0,0,0,0,0,0,0,0,0,0
14,cn5002,coarse_surface_mesh,setup,8.19465774,1,0,0,0,0,0,0,15214,0,0,0,0,0,0,13,0,0,0,0
14,cn5002,coarse_volume_mesh,setup,13.18408993,1,0,0,0,0,0,0,27694,0,0,0,0,0,36926,1537145,0,0,0,0
14,cn5002,coarse_mesh_save,io,0,0,0,0,0,0,0,0,0,0,0,0,0,0,0,0,0,0,0,0
14,cn5002,submesh_initialization,setup,0.000176821999958,1,0,0,0,0,0,0,57,0,0,0,0,0,0,0,0,0,0,0
14,cn5002,metis_partition,compute,0.24396637,1,0,0,0,0,0,0,1842,0,0,0,0,0,0,0,0,0,0,0
14,cn5002,face_map_setup,compute,0.00763904300038,1,0,0,0,0,0,0,574,0,0,0,0,0,0,0,0,0,0,0
14,cn5002,face_local_extract,compute,0.156285017,1,0,0,0,0,0,0,844,0,0,0,0,0,0,0,0,0,0,0
14,cn5002,face_pre_collective_wait,synchronization,0.0843093149997,1,0,0,0,0,0,0,10,0,0,0,0,0,0,0,0,0,0,0
14,cn5002,face_collective_setup,compute,0.000111121999907,1,0,0,0,0,0,0,16,0,0,0,0,0,0,0,0,0,0,0
14,cn5002,face_allgatherv,communication,0.0745576489999,1,0,0,0,0,0,0,1245,0,0,0,0,0,0,0,1,1,37904,4859624
14,cn5002,face_global_merge,compute,0.0804829540002,1,0,0,0,0,0,0,582,0,0,0,0,0,0,1,0,0,0,0
14,cn5002,part_face_create,compute,0.0193373499997,1,0,0,0,0,0,0,30,0,0,0,0,0,0,0,0,0,0,0
14,cn5002,surface_refine,compute,0.0107057569999,1,0,0,0,0,0,0,50,0,0,0,0,0,0,0,0,0,0,0
14,cn5002,refined_surface_save,io,0,0,0,0,0,0,0,0,0,0,0,0,0,0,0,0,0,0,0,0
14,cn5002,local_volume_mesh,compute,10.038680428,1,0,0,0,0,0,0,4997,0,0,0,0,0,14360,856208,0,0,0,0
14,cn5002,volume_refine,compute,0.531096609,1,0,0,0,0,0,0,6387,0,0,0,0,0,0,0,0,0,0,0
14,cn5002,refined_volume_save,io,0,0,0,0,0,0,0,0,0,0,0,0,0,0,0,0,0,0,0,0
14,cn5002,adjacency_build,compute,0.0043786680003,1,0,0,0,0,0,0,10,0,0,0,0,0,0,0,0,0,0,0
14,cn5002,vertex_numbering_local,compute,0.00997926899981,1,0,0,0,0,0,0,7,0,0,0,0,0,0,0,0,0,0,0
14,cn5002,vertex_count_allgather,communication,1.329071255,1,0,0,0,0,0,0,47,0,0,0,0,0,0,1,1,1,4,512
14,cn5002,element_count_allgather,communication,0.000730687999749,1,0,0,0,0,0,0,1,0,0,0,0,0,0,0,1,1,4,512
14,cn5002,vertex_exchange_prepare,compute,1.68800002029e-05,1,0,0,0,0,0,0,0,0,0,0,0,0,0,0,0,0,0,0
14,cn5002,vertex_exchange,communication,0.00148081599991,1,0,0,0,0,0,0,27,0,0,0,0,0,0,0,1,4,58806,74118
14,cn5002,vertex_exchange_unpack,compute,0.00112141199997,1,0,0,0,0,0,0,0,0,0,0,0,0,0,0,0,0,0,0
14,cn5002,partition_result_io,io,0,0,0,0,0,0,0,0,0,0,0,0,0,0,0,0,0,0,0,0
14,cn5002,volume_exchange_pack,compute,0.162359464,2,0,0,0,0,0,0,2,0,0,0,0,0,0,1,0,0,0,0
14,cn5002,volume_size_exchange,communication,0.0211348899998,1,0,0,0,0,0,0,4,0,0,0,0,0,0,0,5,5,20,20
14,cn5002,volume_payload_prepare,compute,0.000103361000129,1,0,0,0,0,0,0,0,0,0,0,0,0,0,0,0,0,0,0
14,cn5002,volume_payload_exchange,communication,0.013713409,1,0,0,0,0,0,0,21,0,0,0,0,0,0,0,5,5,1396320,1408320
14,cn5002,volume_exchange_unpack,compute,0.112098938,1,0,0,0,0,0,0,4100,0,0,0,0,0,0,0,0,0,0,0
14,cn5002,final_mesh_save,io,0,0,0,0,0,0,0,0,0,0,0,0,0,0,0,0,0,0,0,0
14,cn5002,testout_io,io,0,0,0,0,0,0,0,0,0,0,0,0,0,0,0,0,0,0,0,0
14,cn5002,final_count_exchange,communication,0,0,0,0,0,0,0,0,0,0,0,0,0,0,0,0,0,0,0,0
14,cn5002,quality_evaluation,postprocess,0,0,0,0,0,0,0,0,0,0,0,0,0,0,0,0,0,0,0,0
15,cn5003,geometry_load,io,1.732036313,1,0,0,0,0,0,0,5897,0,1035092,0,0,0,2,3,0,0,0,0
15,cn5003,coarse_local_size,setup,0.467259947,1,0,0,0,0,0,0,8272,0,0,0,0,0,97,23,0,0,0,0
15,cn5003,coarse_edge_mesh,setup,0.0126546669999,1,0,0,0,0,0,0,506,0,0,0,0,0,0,0,0,0,0,0
15,cn5003,coarse_surface_mesh,setup,8.213560615,1,0,0,0,0,0,0,15749,0,0,0,0,0,0,8,0,0,0,0
15,cn5003,coarse_volume_mesh,setup,13.47201882,1,0,0,0,0,0,0,27280,0,0,0,0,0,38613,1712966,0,0,0,0
15,cn5003,coarse_mesh_save,io,0,0,0,0,0,0,0,0,0,0,0,0,0,0,0,0,0,0,0,0
15,cn5003,submesh_initialization,setup,0.000120060999961,1,0,0,0,0,0,0,1,0,0,0,0,0,0,0,0,0,0,0
15,cn5003,metis_partition,compute,0.238973466,1,0,0,0,0,0,0,574,0,0,0,0,0,0,1,0,0,0,0
15,cn5003,face_map_setup,compute,0.00719154399985,1,0,0,0,0,0,0,219,0,0,0,0,0,0,0,0,0,0,0
15,cn5003,face_local_extract,compute,0.163336164,1,0,0,0,0,0,0,2432,0,0,0,0,0,0,0,0,0,0,0
15,cn5003,face_pre_collective_wait,synchronization,0.0828086249999,1,0,0,0,0,0,0,48,0,0,0,0,0,0,0,0,0,0,0
15,cn5003,face_collective_setup,compute,0.000126140999782,1,0,0,0,0,0,0,34,0,0,0,0,0,0,0,0,0,0,0
15,cn5003,face_allgatherv,communication,0.0744626279998,1,0,0,0,0,0,0,654,0,0,0,0,0,0,0,1,1,37904,4859624
15,cn5003,face_global_merge,compute,0.0794242259999,1,0,0,0,0,0,0,750,0,0,0,0,0,0,0,0,0,0,0
15,cn5003,part_face_create,compute,0.019018902,1,0,0,0,0,0,0,25,0,0,0,0,0,0,0,0,0,0,0
15,cn5003,surface_refine,compute,0.00925894800002,1,0,0,0,0,0,0,57,0,0,0,0,0,0,0,0,0,0,0
15,cn5003,refined_surface_save,io,0,0,0,0,0,0,0,0,0,0,0,0,0,0,0,0,0,0,0,0
15,cn5003,local_volume_mesh,compute,8.842640089,1,0,0,0,0,0,0,4352,0,0,0,0,0,10604,345223,0,0,0,0
15,cn5003,volume_refine,compute,0.66731016,1,0,0,0,0,0,0,6651,0,0,0,0,0,0,1,0,0,0,0
15,cn5003,refined_volume_save,io,0,0,0,0,0,0,0,0,0,0,0,0,0,0,0,0,0,0,0,0
15,cn5003,adjacency_build,compute,0.00414820800006,1,0,0,0,0,0,0,7,0,0,0,0,0,0,0,0,0,0,0
15,cn5003,vertex_numbering_local,compute,0.0063876549998,1,0,0,0,0,0,0,5,0,0,0,0,0,0,0,0,0,0,0
15,cn5003,vertex_count_allgather,communication,2.39487956,1,0,0,0,0,0,0,47,0,0,0,0,0,0,2,1,1,4,512
15,cn5003,element_count_allgather,communication,0.000669427000048,1,0,0,0,0,0,0,0,0,0,0,0,0,0,0,1,1,4,512
15,cn5003,vertex_exchange_prepare,compute,1.22199999169e-05,1,0,0,0,0,0,0,0,0,0,0,0,0,0,0,0,0,0,0
15,cn5003,vertex_exchange,communication,0.00120527400031,1,0,0,0,0,0,0,16,0,0,0,0,0,0,0,0,1,0,58806
15,cn5003,vertex_exchange_unpack,compute,0.000877331000083,1,0,0,0,0,0,0,0,0,0,0,0,0,0,0,0,0,0,0
15,cn5003,partition_result_io,io,0,0,0,0,0,0,0,0,0,0,0,0,0,0,0,0,0,0,0,0
15,cn5003,volume_exchange_pack,compute,0.138585196,2,0,0,0,0,0,0,1,0,0,0,0,0,0,0,0,0,0,0
15,cn5003,volume_size_exchange,communication,0.0240479410004,1,0,0,0,0,0,0,2,0,0,0,0,0,0,0,1,1,4,4
15,cn5003,volume_payload_prepare,compute,4.66800001959e-05,1,0,0,0,0,0,0,0,0,0,0,0,0,0,0,0,0,0,0
15,cn5003,volume_payload_exchange,communication,0.0220474970001,1,0,0,0,0,0,0,8,0,0,0,0,0,0,0,1,1,632040,622320
15,cn5003,volume_exchange_unpack,compute,0.115527586,1,0,0,0,0,0,0,5528,0,0,0,0,0,0,0,0,0,0,0
15,cn5003,final_mesh_save,io,0,0,0,0,0,0,0,0,0,0,0,0,0,0,0,0,0,0,0,0
15,cn5003,testout_io,io,0,0,0,0,0,0,0,0,0,0,0,0,0,0,0,0,0,0,0,0
15,cn5003,final_count_exchange,communication,0,0,0,0,0,0,0,0,0,0,0,0,0,0,0,0,0,0,0,0
15,cn5003,quality_evaluation,postprocess,0,0,0,0,0,0,0,0,0,0,0,0,0,0,0,0,0,0,0,0
16,cn5004,geometry_load,io,1.738121547,1,0,0,0,0,0,0,5608,0,1035092,0,0,0,2,2,0,0,0,0
16,cn5004,coarse_local_size,setup,0.467109269,1,0,0,0,0,0,0,9061,0,0,0,0,0,96,26,0,0,0,0
16,cn5004,coarse_edge_mesh,setup,0.0127351379997,1,0,0,0,0,0,0,493,0,0,0,0,0,0,0,0,0,0,0
16,cn5004,coarse_surface_mesh,setup,8.206486705,1,0,0,0,0,0,0,17190,0,0,0,0,0,0,9,0,0,0,0
16,cn5004,coarse_volume_mesh,setup,13.161420023,1,0,0,0,0,0,0,31790,0,0,0,0,0,37733,1490030,0,0,0,0
16,cn5004,coarse_mesh_save,io,0,0,0,0,0,0,0,0,0,0,0,0,0,0,0,0,0,0,0,0
16,cn5004,submesh_initialization,setup,0.00012352099975,1,0,0,0,0,0,0,1,0,0,0,0,0,0,0,0,0,0,0
16,cn5004,metis_partition,compute,0.238813682,1,0,0,0,0,0,0,956,0,0,0,0,0,0,0,0,0,0,0
16,cn5004,face_map_setup,compute,0.00742706100027,1,0,0,0,0,0,0,230,0,0,0,0,0,0,0,0,0,0,0
16,cn5004,face_local_extract,compute,0.157368721,1,0,0,0,0,0,0,714,0,0,0,0,0,0,1,0,0,0,0
16,cn5004,face_pre_collective_wait,synchronization,0.088672158,1,0,0,0,0,0,0,1,0,0,0,0,0,0,0,0,0,0,0
16,cn5004,face_collective_setup,compute,0.000106401999801,1,0,0,0,0,0,0,16,0,0,0,0,0,0,0,0,0,0,0
16,cn5004,face_allgatherv,communication,0.0743696230002,1,0,0,0,0,0,0,1146,0,0,0,0,0,0,0,1,1,37904,4859624
16,cn5004,face_global_merge,compute,0.079216956,1,0,0,0,0,0,0,381,0,0,0,0,0,0,0,0,0,0,0
16,cn5004,part_face_create,compute,0.0191848270001,1,0,0,0,0,0,0,3,0,0,0,0,0,0,0,0,0,0,0
16,cn5004,surface_refine,compute,0.00964744500016,1,0,0,0,0,0,0,47,0,0,0,0,0,0,0,0,0,0,0
16,cn5004,refined_surface_save,io,0,0,0,0,0,0,0,0,0,0,0,0,0,0,0,0,0,0,0,0
16,cn5004,local_volume_mesh,compute,7.73142437,1,0,0,0,0,0,0,4285,0,0,0,0,0,11122,484272,0,0,0,0
16,cn5004,volume_refine,compute,0.410167293,1,0,0,0,0,0,0,6989,0,0,0,0,0,0,0,0,0,0,0
16,cn5004,refined_volume_save,io,0,0,0,0,0,0,0,0,0,0,0,0,0,0,0,0,0,0,0,0
16,cn5004,adjacency_build,compute,0.00449224900012,1,0,0,0,0,0,0,8,0,0,0,0,0,0,0,0,0,0,0
16,cn5004,vertex_numbering_local,compute,0.0125301349999,1,0,0,0,0,0,0,232,0,0,0,0,0,0,0,0,0,0,0
16,cn5004,vertex_count_allgather,communication,3.757392334,1,0,0,0,0,0,0,84,0,0,0,0,0,0,4,1,1,4,512
16,cn5004,element_count_allgather,communication,0.000885969999672,1,0,0,0,0,0,0,0,0,0,0,0,0,0,0,1,1,4,512
16,cn5004,vertex_exchange_prepare,compute,1.64999996741e-05,1,0,0,0,0,0,0,1,0,0,0,0,0,0,0,0,0,0,0
16,cn5004,vertex_exchange,communication,0.0125462159999,1,0,0,0,0,0,0,800,0,0,0,0,0,0,0,6,3,228910,3102
16,cn5004,vertex_exchange_unpack,compute,8.69609998517e-05,1,0,0,0,0,0,0,0,0,0,0,0,0,0,0,0,0,0,0
16,cn5004,partition_result_io,io,0,0,0,0,0,0,0,0,0,0,0,0,0,0,0,0,0,0,0,0
16,cn5004,volume_exchange_pack,compute,0.155192238,2,0,0,0,0,0,0,1030,0,0,0,0,0,0,0,0,0,0,0
16,cn5004,volume_size_exchange,communication,0.0187570829999,1,0,0,0,0,0,0,2,0,0,0,0,0,0,0,5,5,20,20
16,cn5004,volume_payload_prepare,compute,0.000298982999993,1,0,0,0,0,0,0,68,0,0,0,0,0,0,0,0,0,0,0
16,cn5004,volume_payload_exchange,communication,0.020890106,1,0,0,0,0,0,0,270,0,0,0,0,0,0,0,5,5,2439600,2445360
16,cn5004,volume_exchange_unpack,compute,0.115917113,1,0,0,0,0,0,0,3668,0,0,0,0,0,0,0,0,0,0,0
16,cn5004,final_mesh_save,io,0,0,0,0,0,0,0,0,0,0,0,0,0,0,0,0,0,0,0,0
16,cn5004,testout_io,io,0,0,0,0,0,0,0,0,0,0,0,0,0,0,0,0,0,0,0,0
16,cn5004,final_count_exchange,communication,0,0,0,0,0,0,0,0,0,0,0,0,0,0,0,0,0,0,0,0
16,cn5004,quality_evaluation,postprocess,0,0,0,0,0,0,0,0,0,0,0,0,0,0,0,0,0,0,0,0
17,cn5005,geometry_load,io,1.735350653,1,0,0,0,0,0,0,5897,0,1035092,0,0,0,2,4,0,0,0,0
17,cn5005,coarse_local_size,setup,0.456784375,1,0,0,0,0,0,0,7994,0,0,0,0,0,119,21,0,0,0,0
17,cn5005,coarse_edge_mesh,setup,0.0123155329998,1,0,0,0,0,0,0,417,0,0,0,0,0,0,1,0,0,0,0
17,cn5005,coarse_surface_mesh,setup,8.225169407,1,0,0,0,0,0,0,14617,0,0,0,0,0,0,8,0,0,0,0
17,cn5005,coarse_volume_mesh,setup,13.47511616,1,0,0,0,0,0,0,25657,0,0,0,0,0,38541,1712782,0,0,0,0
17,cn5005,coarse_mesh_save,io,0,0,0,0,0,0,0,0,0,0,0,0,0,0,0,0,0,0,0,0
17,cn5005,submesh_initialization,setup,0.000130860999889,1,0,0,0,0,0,0,10,0,0,0,0,0,0,0,0,0,0,0
17,cn5005,metis_partition,compute,0.230363079,1,0,0,0,0,0,0,775,0,0,0,0,0,0,0,0,0,0,0
17,cn5005,face_map_setup,compute,0.00704219499994,1,0,0,0,0,0,0,304,0,0,0,0,0,0,0,0,0,0,0
17,cn5005,face_local_extract,compute,0.161206375,1,0,0,0,0,0,0,835,0,0,0,0,0,0,0,0,0,0,0
17,cn5005,face_pre_collective_wait,synchronization,0.0936490079998,1,0,0,0,0,0,0,13,0,0,0,0,0,0,1,0,0,0,0
17,cn5005,face_collective_setup,compute,0.000108661000013,1,0,0,0,0,0,0,13,0,0,0,0,0,0,0,0,0,0,0
17,cn5005,face_allgatherv,communication,0.0741945389996,1,0,0,0,0,0,0,809,0,0,0,0,0,0,0,1,1,37904,4859624
17,cn5005,face_global_merge,compute,0.0756752739999,1,0,0,0,0,0,0,249,0,0,0,0,0,0,0,0,0,0,0
17,cn5005,part_face_create,compute,0.018356437,1,0,0,0,0,0,0,13,0,0,0,0,0,0,0,0,0,0,0
17,cn5005,surface_refine,compute,0.0107380959998,1,0,0,0,0,0,0,9,0,0,0,0,0,0,0,0,0,0,0
17,cn5005,refined_surface_save,io,0,0,0,0,0,0,0,0,0,0,0,0,0,0,0,0,0,0,0,0
17,cn5005,local_volume_mesh,compute,10.734048685,1,0,0,0,0,0,0,2249,0,0,0,0,0,13577,892026,0,0,0,0
17,cn5005,volume_refine,compute,0.674184234,1,0,0,0,0,0,0,6346,0,0,0,0,0,0,1,0,0,0,0
17,cn5005,refined_volume_save,io,0,0,0,0,0,0,0,0,0,0,0,0,0,0,0,0,0,0,0,0
17,cn5005,adjacency_build,compute,0.00388624199968,1,0,0,0,0,0,0,0,0,0,0,0,0,0,0,0,0,0,0
17,cn5005,vertex_numbering_local,compute,0.0088059550003,1,0,0,0,0,0,0,2,0,0,0,0,0,0,0,0,0,0,0
17,cn5005,vertex_count_allgather,communication,0.498627806,1,0,0,0,0,0,0,29,0,0,0,0,0,0,1,1,1,4,512
17,cn5005,element_count_allgather,communication,0.000771848000113,1,0,0,0,0,0,0,0,0,0,0,0,0,0,0,1,1,4,512
17,cn5005,vertex_exchange_prepare,compute,1.25199999275e-05,1,0,0,0,0,0,0,0,0,0,0,0,0,0,0,0,0,0,0
17,cn5005,vertex_exchange,communication,0.0122610909998,1,0,0,0,0,0,0,17,0,0,0,0,0,0,0,3,1,27984,53878
17,cn5005,vertex_exchange_unpack,compute,0.00076782799988,1,0,0,0,0,0,0,0,0,0,0,0,0,0,0,0,0,0,0
17,cn5005,partition_result_io,io,0,0,0,0,0,0,0,0,0,0,0,0,0,0,0,0,0,0,0,0
17,cn5005,volume_exchange_pack,compute,0.167483882999,2,0,0,0,0,0,0,114,0,0,0,0,0,0,0,0,0,0,0
17,cn5005,volume_size_exchange,communication,0.00612736600033,1,0,0,0,0,0,0,0,0,0,0,0,0,0,0,3,3,12,12
17,cn5005,volume_payload_prepare,compute,0.000135981000312,1,0,0,0,0,0,0,34,0,0,0,0,0,0,0,0,0,0,0
17,cn5005,volume_payload_exchange,communication,0.00261942799989,1,0,0,0,0,0,0,112,0,0,0,0,0,0,0,3,3,833040,833640
17,cn5005,volume_exchange_unpack,compute,0.121421127,1,0,0,0,0,0,0,5884,0,0,0,0,0,0,0,0,0,0,0
17,cn5005,final_mesh_save,io,0,0,0,0,0,0,0,0,0,0,0,0,0,0,0,0,0,0,0,0
17,cn5005,testout_io,io,0,0,0,0,0,0,0,0,0,0,0,0,0,0,0,0,0,0,0,0
17,cn5005,final_count_exchange,communication,0,0,0,0,0,0,0,0,0,0,0,0,0,0,0,0,0,0,0,0
17,cn5005,quality_evaluation,postprocess,0,0,0,0,0,0,0,0,0,0,0,0,0,0,0,0,0,0,0,0
18,cn5006,geometry_load,io,1.740288627,1,0,0,0,0,0,0,5896,0,1035092,0,0,0,2,3,0,0,0,0
18,cn5006,coarse_local_size,setup,0.463262111,1,0,0,0,0,0,0,8278,0,0,0,0,0,92,22,0,0,0,0
18,cn5006,coarse_edge_mesh,setup,0.012402543,1,0,0,0,0,0,0,418,0,0,0,0,0,0,0,0,0,0,0
18,cn5006,coarse_surface_mesh,setup,8.247770156,1,0,0,0,0,0,0,13520,0,0,0,0,0,0,9,0,0,0,0
18,cn5006,coarse_volume_mesh,setup,13.329935981,1,0,0,0,0,0,0,22513,0,0,0,0,0,37835,1576809,0,0,0,0
18,cn5006,coarse_mesh_save,io,0,0,0,0,0,0,0,0,0,0,0,0,0,0,0,0,0,0,0,0
18,cn5006,submesh_initialization,setup,0.000118982000004,1,0,0,0,0,0,0,1,0,0,0,0,0,0,0,0,0,0,0
18,cn5006,metis_partition,compute,0.226433206,1,0,0,0,0,0,0,55,0,0,0,0,0,0,0,0,0,0,0
18,cn5006,face_map_setup,compute,0.00684351900009,1,0,0,0,0,0,0,3,0,0,0,0,0,0,0,0,0,0,0
18,cn5006,face_local_extract,compute,0.159841199,1,0,0,0,0,0,0,410,0,0,0,0,0,0,0,0,0,0,0
18,cn5006,face_pre_collective_wait,synchronization,0.0991756419999,1,0,0,0,0,0,0,1,0,0,0,0,0,0,0,0,0,0,0
18,cn5006,face_collective_setup,compute,0.00010316099997,1,0,0,0,0,0,0,13,0,0,0,0,0,0,0,0,0,0,0
18,cn5006,face_allgatherv,communication,0.0740326720002,1,0,0,0,0,0,0,675,0,0,0,0,0,0,0,1,1,37904,4859624
18,cn5006,face_global_merge,compute,0.0758079930001,1,0,0,0,0,0,0,748,0,0,0,0,0,0,0,0,0,0,0
18,cn5006,part_face_create,compute,0.0182773509996,1,0,0,0,0,0,0,289,0,0,0,0,0,0,0,0,0,0,0
18,cn5006,surface_refine,compute,0.00900392400035,1,0,0,0,0,0,0,125,0,0,0,0,0,0,1,0,0,0,0
18,cn5006,refined_surface_save,io,0,0,0,0,0,0,0,0,0,0,0,0,0,0,0,0,0,0,0,0
18,cn5006,local_volume_mesh,compute,8.404679581,1,0,0,0,0,0,0,1982,0,0,0,0,0,10802,597172,0,0,0,0
18,cn5006,volume_refine,compute,0.411950261,1,0,0,0,0,0,0,5124,0,0,0,0,0,0,0,0,0,0,0
18,cn5006,refined_volume_save,io,0,0,0,0,0,0,0,0,0,0,0,0,0,0,0,0,0,0,0,0
18,cn5006,adjacency_build,compute,0.00393258500026,1,0,0,0,0,0,0,0,0,0,0,0,0,0,0,0,0,0,0
18,cn5006,vertex_numbering_local,compute,0.00772036800026,1,0,0,0,0,0,0,1,0,0,0,0,0,0,0,0,0,0,0
18,cn5006,vertex_count_allgather,communication,3.093203937,1,0,0,0,0,0,0,109,0,0,0,0,0,0,3,1,1,4,512
18,cn5006,element_count_allgather,communication,0.000801649000095,1,0,0,0,0,0,0,1,0,0,0,0,0,0,0,1,1,4,512
18,cn5006,vertex_exchange_prepare,compute,1.22799997371e-05,1,0,0,0,0,0,0,5,0,0,0,0,0,0,0,0,0,0,0
18,cn5006,vertex_exchange,communication,0.00171173999979,1,0,0,0,0,0,0,60,0,0,0,0,0,0,0,4,1,88088,704
18,cn5006,vertex_exchange_unpack,compute,2.76400000985e-05,1,0,0,0,0,0,0,2,0,0,0,0,0,0,0,0,0,0,0
18,cn5006,partition_result_io,io,0,0,0,0,0,0,0,0,0,0,0,0,0,0,0,0,0,0,0,0
18,cn5006,volume_exchange_pack,compute,0.126112651,2,0,0,0,0,0,0,1192,0,0,0,0,0,0,1,0,0,0,0
18,cn5006,volume_size_exchange,communication,0.049964455,1,0,0,0,0,0,0,0,0,0,0,0,0,0,0,4,4,16,16
18,cn5006,volume_payload_prepare,compute,0.000346904000253,1,0,0,0,0,0,0,206,0,0,0,0,0,0,0,0,0,0,0
18,cn5006,volume_payload_exchange,communication,0.030262068,1,0,0,0,0,0,0,9,0,0,0,0,0,0,0,4,4,933120,935760
18,cn5006,volume_exchange_unpack,compute,0.0802571839999,1,0,0,0,0,0,0,2429,0,0,0,0,0,0,0,0,0,0,0
18,cn5006,final_mesh_save,io,0,0,0,0,0,0,0,0,0,0,0,0,0,0,0,0,0,0,0,0
18,cn5006,testout_io,io,0,0,0,0,0,0,0,0,0,0,0,0,0,0,0,0,0,0,0,0
18,cn5006,final_count_exchange,communication,0,0,0,0,0,0,0,0,0,0,0,0,0,0,0,0,0,0,0,0
18,cn5006,quality_evaluation,postprocess,0,0,0,0,0,0,0,0,0,0,0,0,0,0,0,0,0,0,0,0
19,cn5007,geometry_load,io,1.735624142,1,0,0,0,0,0,0,5899,0,1035092,0,0,0,2,16,0,0,0,0
19,cn5007,coarse_local_size,setup,0.463696508,1,0,0,0,0,0,0,8464,0,0,0,0,0,100,24,0,0,0,0
19,cn5007,coarse_edge_mesh,setup,0.0126350659998,1,0,0,0,0,0,0,488,0,0,0,0,0,0,0,0,0,0,0
19,cn5007,coarse_surface_mesh,setup,8.109425715,1,0,0,0,0,0,0,11651,0,0,0,0,0,0,72,0,0,0,0
19,cn5007,coarse_volume_mesh,setup,13.458113271,1,0,0,0,0,0,0,20554,0,0,0,0,0,39749,1813317,0,0,0,0
19,cn5007,coarse_mesh_save,io,0,0,0,0,0,0,0,0,0,0,0,0,0,0,0,0,0,0,0,0
19,cn5007,submesh_initialization,setup,0.00012082100011,1,0,0,0,0,0,0,1,0,0,0,0,0,0,0,0,0,0,0
19,cn5007,metis_partition,compute,0.224950865,1,0,0,0,0,0,0,54,0,0,0,0,0,0,2,0,0,0,0
19,cn5007,face_map_setup,compute,0.00668693699981,1,0,0,0,0,0,0,3,0,0,0,0,0,0,0,0,0,0,0
19,cn5007,face_local_extract,compute,0.15230417,1,0,0,0,0,0,0,24,0,0,0,0,0,0,1,0,0,0,0
19,cn5007,face_pre_collective_wait,synchronization,0.108386445,1,0,0,0,0,0,0,1,0,0,0,0,0,0,1,0,0,0,0
19,cn5007,face_collective_setup,compute,0.000104361000012,1,0,0,0,0,0,0,13,0,0,0,0,0,0,0,0,0,0,0
19,cn5007,face_allgatherv,communication,0.0739227890003,1,0,0,0,0,0,0,38,0,0,0,0,0,0,0,1,1,37904,4859624
19,cn5007,face_global_merge,compute,0.07311992,1,0,0,0,0,0,0,0,0,0,0,0,0,0,1,0,0,0,0
19,cn5007,part_face_create,compute,0.0179460670001,1,0,0,0,0,0,0,3,0,0,0,0,0,0,0,0,0,0,0
19,cn5007,surface_refine,compute,0.00809323300018,1,0,0,0,0,0,0,1,0,0,0,0,0,0,0,0,0,0,0
19,cn5007,refined_surface_save,io,0,0,0,0,0,0,0,0,0,0,0,0,0,0,0,0,0,0,0,0
19,cn5007,local_volume_mesh,compute,7.974834269,1,0,0,0,0,0,0,2676,0,0,0,0,0,10607,491463,0,0,0,0
19,cn5007,volume_refine,compute,0.396717438,1,0,0,0,0,0,0,5774,0,0,0,0,0,0,4,0,0,0,0
19,cn5007,refined_volume_save,io,0,0,0,0,0,0,0,0,0,0,0,0,0,0,0,0,0,0,0,0
19,cn5007,adjacency_build,compute,0.00415660699991,1,0,0,0,0,0,0,0,0,0,0,0,0,0,0,0,0,0,0
19,cn5007,vertex_numbering_local,compute,0.0106782030002,1,0,0,0,0,0,0,104,0,0,0,0,0,0,0,0,0,0,0
19,cn5007,vertex_count_allgather,communication,3.539327846,1,0,0,0,0,0,0,111,0,0,0,0,0,0,29,1,1,4,512
19,cn5007,element_count_allgather,communication,0.000796369,1,0,0,0,0,0,0,1,0,0,0,0,0,0,0,1,1,4,512
19,cn5007,vertex_exchange_prepare,compute,0.000155921999976,1,0,0,0,0,0,0,41,0,0,0,0,0,0,0,0,0,0,0
19,cn5007,vertex_exchange,communication,0.0130593099998,1,0,0,0,0,0,0,68,0,0,0,0,0,0,0,5,3,95634,132770
19,cn5007,vertex_exchange_unpack,compute,0.00212716499982,1,0,0,0,0,0,0,291,0,0,0,0,0,0,0,0,0,0,0
19,cn5007,partition_result_io,io,0,0,0,0,0,0,0,0,0,0,0,0,0,0,0,0,0,0,0,0
19,cn5007,volume_exchange_pack,compute,0.162342545,2,0,0,0,0,0,0,1731,0,0,0,0,0,0,2,0,0,0,0
19,cn5007,volume_size_exchange,communication,0.00945564899985,1,0,0,0,0,0,0,0,0,0,0,0,0,0,0,5,5,20,20
19,cn5007,volume_payload_prepare,compute,0.000310883000111,1,0,0,0,0,0,0,68,0,0,0,0,0,0,0,0,0,0,0
19,cn5007,volume_payload_exchange,communication,0.0209401410002,1,0,0,0,0,0,0,225,0,0,0,0,0,0,1,5,5,2427840,2420880
19,cn5007,volume_exchange_unpack,compute,0.113589525,1,0,0,0,0,0,0,4198,0,0,0,0,0,0,0,0,0,0,0
19,cn5007,final_mesh_save,io,0,0,0,0,0,0,0,0,0,0,0,0,0,0,0,0,0,0,0,0
19,cn5007,testout_io,io,0,0,0,0,0,0,0,0,0,0,0,0,0,0,0,0,0,0,0,0
19,cn5007,final_count_exchange,communication,0,0,0,0,0,0,0,0,0,0,0,0,0,0,0,0,0,0,0,0
19,cn5007,quality_evaluation,postprocess,0,0,0,0,0,0,0,0,0,0,0,0,0,0,0,0,0,0,0,0
20,cn5008,geometry_load,io,1.743839351,1,0,0,0,0,0,0,5899,0,1035092,0,0,0,2,2,0,0,0,0
20,cn5008,coarse_local_size,setup,0.485228348,1,0,0,0,0,0,0,8321,0,0,0,0,0,109,22,0,0,0,0
20,cn5008,coarse_edge_mesh,setup,0.0127037749999,1,0,0,0,0,0,0,523,0,0,0,0,0,0,0,0,0,0,0
20,cn5008,coarse_surface_mesh,setup,8.231934761,1,0,0,0,0,0,0,17205,0,0,0,0,0,0,9,0,0,0,0
20,cn5008,coarse_volume_mesh,setup,13.354912572,1,0,0,0,0,0,0,28023,0,0,0,0,0,37287,1560182,0,0,0,0
20,cn5008,coarse_mesh_save,io,0,0,0,0,0,0,0,0,0,0,0,0,0,0,0,0,0,0,0,0
20,cn5008,submesh_initialization,setup,0.00012364200029,1,0,0,0,0,0,0,2,0,0,0,0,0,0,0,0,0,0,0
20,cn5008,metis_partition,compute,0.236668461,1,0,0,0,0,0,0,369,0,0,0,0,0,0,1,0,0,0,0
20,cn5008,face_map_setup,compute,0.00722728799974,1,0,0,0,0,0,0,215,0,0,0,0,0,0,0,0,0,0,0
20,cn5008,face_local_extract,compute,0.163802294,1,0,0,0,0,0,0,660,0,0,0,0,0,0,0,0,0,0,0
20,cn5008,face_pre_collective_wait,synchronization,0.0845981500001,1,0,0,0,0,0,0,1,0,0,0,0,0,0,0,0,0,0,0
20,cn5008,face_collective_setup,compute,0.000106501000118,1,0,0,0,0,0,0,16,0,0,0,0,0,0,0,0,0,0,0
20,cn5008,face_allgatherv,communication,0.0733131530001,1,0,0,0,0,0,0,774,0,0,0,0,0,0,0,1,1,37904,4859624
20,cn5008,face_global_merge,compute,0.0805200199998,1,0,0,0,0,0,0,1213,0,0,0,0,0,0,0,0,0,0,0
20,cn5008,part_face_create,compute,0.0192852950004,1,0,0,0,0,0,0,324,0,0,0,0,0,0,0,0,0,0,0
20,cn5008,surface_refine,compute,0.00949369599994,1,0,0,0,0,0,0,498,0,0,0,0,0,0,0,0,0,0,0
20,cn5008,refined_surface_save,io,0,0,0,0,0,0,0,0,0,0,0,0,0,0,0,0,0,0,0,0
20,cn5008,local_volume_mesh,compute,8.123168217,1,0,0,0,0,0,0,2366,0,0,0,0,0,13030,546886,0,0,0,0
20,cn5008,volume_refine,compute,0.443082374,1,0,0,0,0,0,0,5626,0,0,0,0,0,0,1,0,0,0,0
20,cn5008,refined_volume_save,io,0,0,0,0,0,0,0,0,0,0,0,0,0,0,0,0,0,0,0,0
20,cn5008,adjacency_build,compute,0.00444547400002,1,0,0,0,0,0,0,0,0,0,0,0,0,0,0,0,0,0,0
20,cn5008,vertex_numbering_local,compute,0.011797824,1,0,0,0,0,0,0,214,0,0,0,0,0,0,0,0,0,0,0
20,cn5008,vertex_count_allgather,communication,3.332622114,1,0,0,0,0,0,0,147,0,0,0,0,0,0,3,1,1,4,512
20,cn5008,element_count_allgather,communication,0.00079586999982,1,0,0,0,0,0,0,3,0,0,0,0,0,0,0,1,1,4,512
20,cn5008,vertex_exchange_prepare,compute,9.84210000752e-05,1,0,0,0,0,0,0,32,0,0,0,0,0,0,0,0,0,0,0
20,cn5008,vertex_exchange,communication,0.012580654,1,0,0,0,0,0,0,909,0,0,0,0,0,0,0,6,7,140118,66572
20,cn5008,vertex_exchange_unpack,compute,0.00181066200003,1,0,0,0,0,0,0,826,0,0,0,0,0,0,0,0,0,0,0
20,cn5008,partition_result_io,io,0,0,0,0,0,0,0,0,0,0,0,0,0,0,0,0,0,0,0,0
20,cn5008,volume_exchange_pack,compute,0.1724936,2,0,0,0,0,0,0,2273,0,0,0,0,0,0,0,0,0,0,0
20,cn5008,volume_size_exchange,communication,4.47610000265e-05,1,0,0,0,0,0,0,0,0,0,0,0,0,0,0,8,8,32,32
20,cn5008,volume_payload_prepare,compute,0.000501806000102,1,0,0,0,0,0,0,170,0,0,0,0,0,0,0,0,0,0,0
20,cn5008,volume_payload_exchange,communication,0.00220134700021,1,0,0,0,0,0,0,248,0,0,0,0,0,0,0,8,8,2160240,2168760
20,cn5008,volume_exchange_unpack,compute,0.112666452,1,0,0,0,0,0,0,4441,0,0,0,0,0,0,0,0,0,0,0
20,cn5008,final_mesh_save,io,0,0,0,0,0,0,0,0,0,0,0,0,0,0,0,0,0,0,0,0
20,cn5008,testout_io,io,0,0,0,0,0,0,0,0,0,0,0,0,0,0,0,0,0,0,0,0
20,cn5008,final_count_exchange,communication,0,0,0,0,0,0,0,0,0,0,0,0,0,0,0,0,0,0,0,0
20,cn5008,quality_evaluation,postprocess,0,0,0,0,0,0,0,0,0,0,0,0,0,0,0,0,0,0,0,0
21,cn5009,geometry_load,io,1.75129067,1,0,0,0,0,0,0,5896,0,1035092,0,0,0,2,2,0,0,0,0
21,cn5009,coarse_local_size,setup,0.479180885,1,0,0,0,0,0,0,8369,0,0,0,0,0,104,23,0,0,0,0
21,cn5009,coarse_edge_mesh,setup,0.012669014,1,0,0,0,0,0,0,525,0,0,0,0,0,0,0,0,0,0,0
21,cn5009,coarse_surface_mesh,setup,8.217867324,1,0,0,0,0,0,0,13915,0,0,0,0,0,0,13,0,0,0,0
21,cn5009,coarse_volume_mesh,setup,13.63810015,1,0,0,0,0,0,0,25701,0,0,0,0,0,40921,1804009,0,0,0,0
21,cn5009,coarse_mesh_save,io,0,0,0,0,0,0,0,0,0,0,0,0,0,0,0,0,0,0,0,0
21,cn5009,submesh_initialization,setup,0.00011256200014,1,0,0,0,0,0,0,1,0,0,0,0,0,0,0,0,0,0,0
21,cn5009,metis_partition,compute,0.231976599,1,0,0,0,0,0,0,499,0,0,0,0,0,0,1,0,0,0,0
21,cn5009,face_map_setup,compute,0.00707550600009,1,0,0,0,0,0,0,216,0,0,0,0,0,0,0,0,0,0,0
21,cn5009,face_local_extract,compute,0.161838427,1,0,0,0,0,0,0,694,0,0,0,0,0,0,0,0,0,0,0
21,cn5009,face_pre_collective_wait,synchronization,0.0913719109999,1,0,0,0,0,0,0,1,0,0,0,0,0,0,0,0,0,0,0
21,cn5009,face_collective_setup,compute,0.000105960999917,1,0,0,0,0,0,0,16,0,0,0,0,0,0,0,0,0,0,0
21,cn5009,face_allgatherv,communication,0.0731654289998,1,0,0,0,0,0,0,696,0,0,0,0,0,0,0,1,1,37904,4859624
21,cn5009,face_global_merge,compute,0.077689624,1,0,0,0,0,0,0,182,0,0,0,0,0,0,0,0,0,0,0
21,cn5009,part_face_create,compute,0.018827248,1,0,0,0,0,0,0,4,0,0,0,0,0,0,0,0,0,0,0
21,cn5009,surface_refine,compute,0.0107977509997,1,0,0,0,0,0,0,48,0,0,0,0,0,0,0,0,0,0,0
21,cn5009,refined_surface_save,io,0,0,0,0,0,0,0,0,0,0,0,0,0,0,0,0,0,0,0,0
21,cn5009,local_volume_mesh,compute,10.666730643,1,0,0,0,0,0,0,4961,0,0,0,0,0,12823,842347,0,0,0,0
21,cn5009,volume_refine,compute,0.551921247,1,0,0,0,0,0,0,10133,0,0,0,0,0,0,0,0,0,0,0
21,cn5009,refined_volume_save,io,0,0,0,0,0,0,0,0,0,0,0,0,0,0,0,0,0,0,0,0
21,cn5009,adjacency_build,compute,0.00443539400021,1,0,0,0,0,0,0,123,0,0,0,0,0,0,0,0,0,0,0
21,cn5009,vertex_numbering_local,compute,0.00987710000027,1,0,0,0,0,0,0,30,0,0,0,0,0,0,0,0,0,0,0
21,cn5009,vertex_count_allgather,communication,0.684546799,1,0,0,0,0,0,0,50,0,0,0,0,0,0,1,1,1,4,512
21,cn5009,element_count_allgather,communication,0.000750329000311,1,0,0,0,0,0,0,0,0,0,0,0,0,0,0,1,1,4,512
21,cn5009,vertex_exchange_prepare,compute,2.03199997486e-05,1,0,0,0,0,0,0,0,0,0,0,0,0,0,0,0,0,0,0
21,cn5009,vertex_exchange,communication,0.0125746529998,1,0,0,0,0,0,0,31,0,0,0,0,0,0,0,5,5,49456,57596
21,cn5009,vertex_exchange_unpack,compute,0.000861931000145,1,0,0,0,0,0,0,0,0,0,0,0,0,0,0,0,0,0,0
21,cn5009,partition_result_io,io,0,0,0,0,0,0,0,0,0,0,0,0,0,0,0,0,0,0,0,0
21,cn5009,volume_exchange_pack,compute,0.146227676,2,0,0,0,0,0,0,2,0,0,0,0,0,0,0,0,0,0,0
21,cn5009,volume_size_exchange,communication,0.02716315,1,0,0,0,0,0,0,2,0,0,0,0,0,0,0,5,5,20,20
21,cn5009,volume_payload_prepare,compute,8.10810001894e-05,1,0,0,0,0,0,0,0,0,0,0,0,0,0,0,0,0,0,0
21,cn5009,volume_payload_exchange,communication,0.00189870300028,1,0,0,0,0,0,0,12,0,0,0,0,0,0,0,5,5,1118520,1114080
21,cn5009,volume_exchange_unpack,compute,0.112589608,1,0,0,0,0,0,0,4369,0,0,0,0,0,0,0,0,0,0,0
21,cn5009,final_mesh_save,io,0,0,0,0,0,0,0,0,0,0,0,0,0,0,0,0,0,0,0,0
21,cn5009,testout_io,io,0,0,0,0,0,0,0,0,0,0,0,0,0,0,0,0,0,0,0,0
21,cn5009,final_count_exchange,communication,0,0,0,0,0,0,0,0,0,0,0,0,0,0,0,0,0,0,0,0
21,cn5009,quality_evaluation,postprocess,0,0,0,0,0,0,0,0,0,0,0,0,0,0,0,0,0,0,0,0
22,cn5010,geometry_load,io,1.742558538,1,0,0,0,0,0,0,5897,0,1035092,0,0,0,2,14,0,0,0,0
22,cn5010,coarse_local_size,setup,0.486623171,1,0,0,0,0,0,0,8150,0,0,0,0,0,124,25,0,0,0,0
22,cn5010,coarse_edge_mesh,setup,0.0125905690002,1,0,0,0,0,0,0,528,0,0,0,0,0,0,0,0,0,0,0
22,cn5010,coarse_surface_mesh,setup,8.296510008,1,0,0,0,0,0,0,17191,0,0,0,0,0,0,73,0,0,0,0
22,cn5010,coarse_volume_mesh,setup,13.487921554,1,0,0,0,0,0,0,25823,0,0,0,0,0,39356,1670125,0,0,0,0
22,cn5010,coarse_mesh_save,io,0,0,0,0,0,0,0,0,0,0,0,0,0,0,0,0,0,0,0,0
22,cn5010,submesh_initialization,setup,0.00012524199974,1,0,0,0,0,0,0,1,0,0,0,0,0,0,0,0,0,0,0
22,cn5010,metis_partition,compute,0.237124672,1,0,0,0,0,0,0,345,0,0,0,0,0,0,2,0,0,0,0
22,cn5010,face_map_setup,compute,0.00723655699994,1,0,0,0,0,0,0,234,0,0,0,0,0,0,0,0,0,0,0
22,cn5010,face_local_extract,compute,0.159222443,1,0,0,0,0,0,0,663,0,0,0,0,0,0,2,0,0,0,0
22,cn5010,face_pre_collective_wait,synchronization,0.0887407539999,1,0,0,0,0,0,0,1,0,0,0,0,0,0,1,0,0,0,0
22,cn5010,face_collective_setup,compute,0.000110841000151,1,0,0,0,0,0,0,13,0,0,0,0,0,0,0,0,0,0,0
22,cn5010,face_allgatherv,communication,0.0729983830001,1,0,0,0,0,0,0,719,0,0,0,0,0,0,0,1,1,37904,4859624
22,cn5010,face_global_merge,compute,0.0788399610001,1,0,0,0,0,0,0,253,0,0,0,0,0,0,1,0,0,0,0
22,cn5010,part_face_create,compute,0.0191078180001,1,0,0,0,0,0,0,3,0,0,0,0,0,0,0,0,0,0,0
22,cn5010,surface_refine,compute,0.00988831299992,1,0,0,0,0,0,0,48,0,0,0,0,0,0,0,0,0,0,0
22,cn5010,refined_surface_save,io,0,0,0,0,0,0,0,0,0,0,0,0,0,0,0,0,0,0,0,0
22,cn5010,local_volume_mesh,compute,9.273329697,1,0,0,0,0,0,0,3691,0,0,0,0,0,13366,743922,0,0,0,0
22,cn5010,volume_refine,compute,0.430619417,1,0,0,0,0,0,0,3975,0,0,0,0,0,0,5,0,0,0,0
22,cn5010,refined_volume_save,io,0,0,0,0,0,0,0,0,0,0,0,0,0,0,0,0,0,0,0,0
22,cn5010,adjacency_build,compute,0.00416525599985,1,0,0,0,0,0,0,0,0,0,0,0,0,0,0,0,0,0,0
22,cn5010,vertex_numbering_local,compute,0.010557522,1,0,0,0,0,0,0,2,0,0,0,0,0,0,0,0,0,0,0
22,cn5010,vertex_count_allgather,communication,2.198903162,1,0,0,0,0,0,0,75,0,0,0,0,0,0,19,1,1,4,512
22,cn5010,element_count_allgather,communication,0.00081671099997,1,0,0,0,0,0,0,2,0,0,0,0,0,0,0,1,1,4,512
22,cn5010,vertex_exchange_prepare,compute,4.3081000058e-05,1,0,0,0,0,0,0,10,0,0,0,0,0,0,0,0,0,0,0
22,cn5010,vertex_exchange,communication,0.0120121620002,1,0,0,0,0,0,0,317,0,0,0,0,0,0,0,4,6,87516,91080
22,cn5010,vertex_exchange_unpack,compute,0.00161362200015,1,0,0,0,0,0,0,322,0,0,0,0,0,0,0,0,0,0,0
22,cn5010,partition_result_io,io,0,0,0,0,0,0,0,0,0,0,0,0,0,0,0,0,0,0,0,0
22,cn5010,volume_exchange_pack,compute,0.144609286,2,0,0,0,0,0,0,537,0,0,0,0,0,0,1,0,0,0,0
22,cn5010,volume_size_exchange,communication,0.0290183309999,1,0,0,0,0,0,0,1,0,0,0,0,0,0,0,6,6,24,24
22,cn5010,volume_payload_prepare,compute,0.000133382000058,1,0,0,0,0,0,0,0,0,0,0,0,0,0,0,0,0,0,0
22,cn5010,volume_payload_exchange,communication,0.00231625100014,1,0,0,0,0,0,0,5,0,0,0,0,0,0,0,6,6,1896720,1895640
22,cn5010,volume_exchange_unpack,compute,0.104825611,1,0,0,0,0,0,0,3750,0,0,0,0,0,0,1,0,0,0,0
22,cn5010,final_mesh_save,io,0,0,0,0,0,0,0,0,0,0,0,0,0,0,0,0,0,0,0,0
22,cn5010,testout_io,io,0,0,0,0,0,0,0,0,0,0,0,0,0,0,0,0,0,0,0,0
22,cn5010,final_count_exchange,communication,0,0,0,0,0,0,0,0,0,0,0,0,0,0,0,0,0,0,0,0
22,cn5010,quality_evaluation,postprocess,0,0,0,0,0,0,0,0,0,0,0,0,0,0,0,0,0,0,0,0
23,cn5011,geometry_load,io,1.735777037,1,0,0,0,0,0,0,5897,0,1035092,0,0,0,2,3,0,0,0,0
23,cn5011,coarse_local_size,setup,0.46828497,1,0,0,0,0,0,0,8307,0,0,0,0,0,123,22,0,0,0,0
23,cn5011,coarse_edge_mesh,setup,0.0127031409997,1,0,0,0,0,0,0,490,0,0,0,0,0,0,0,0,0,0,0
23,cn5011,coarse_surface_mesh,setup,8.154905757,1,0,0,0,0,0,0,12874,0,0,0,0,0,0,9,0,0,0,0
23,cn5011,coarse_volume_mesh,setup,13.22440668,1,0,0,0,0,0,0,21485,0,0,0,0,0,37827,1538934,0,0,0,0
23,cn5011,coarse_mesh_save,io,0,0,0,0,0,0,0,0,0,0,0,0,0,0,0,0,0,0,0,0
23,cn5011,submesh_initialization,setup,0.00012026200011,1,0,0,0,0,0,0,4,0,0,0,0,0,0,0,0,0,0,0
23,cn5011,metis_partition,compute,0.225079194,1,0,0,0,0,0,0,65,0,0,0,0,0,0,0,0,0,0,0
23,cn5011,face_map_setup,compute,0.00714713900015,1,0,0,0,0,0,0,261,0,0,0,0,0,0,0,0,0,0,0
23,cn5011,face_local_extract,compute,0.153177217,1,0,0,0,0,0,0,198,0,0,0,0,0,0,0,0,0,0,0
23,cn5011,face_pre_collective_wait,synchronization,0.106956366,1,0,0,0,0,0,0,3,0,0,0,0,0,0,0,0,0,0,0
23,cn5011,face_collective_setup,compute,0.000100601000213,1,0,0,0,0,0,0,13,0,0,0,0,0,0,0,0,0,0,0
23,cn5011,face_allgatherv,communication,0.072860448,1,0,0,0,0,0,0,127,0,0,0,0,0,0,0,1,1,37904,4859624
23,cn5011,face_global_merge,compute,0.0736845359997,1,0,0,0,0,0,0,0,0,0,0,0,0,0,0,0,0,0,0
23,cn5011,part_face_create,compute,0.0180367999997,1,0,0,0,0,0,0,3,0,0,0,0,0,0,0,0,0,0,0
23,cn5011,surface_refine,compute,0.008594335,1,0,0,0,0,0,0,1,0,0,0,0,0,0,0,0,0,0,0
23,cn5011,refined_surface_save,io,0,0,0,0,0,0,0,0,0,0,0,0,0,0,0,0,0,0,0,0
23,cn5011,local_volume_mesh,compute,7.911002794,1,0,0,0,0,0,0,1831,0,0,0,0,0,14528,726485,0,0,0,0
23,cn5011,volume_refine,compute,0.40057882,1,0,0,0,0,0,0,4929,0,0,0,0,0,0,1,0,0,0,0
23,cn5011,refined_volume_save,io,0,0,0,0,0,0,0,0,0,0,0,0,0,0,0,0,0,0,0,0
23,cn5011,adjacency_build,compute,0.0041233259999,1,0,0,0,0,0,0,0,0,0,0,0,0,0,0,0,0,0,0
23,cn5011,vertex_numbering_local,compute,0.00998349099973,1,0,0,0,0,0,0,1,0,0,0,0,0,0,0,0,0,0,0
23,cn5011,vertex_count_allgather,communication,3.599710574,1,0,0,0,0,0,0,99,0,0,0,0,0,0,3,1,1,4,512
23,cn5011,element_count_allgather,communication,0.000746548000279,1,0,0,0,0,0,0,1,0,0,0,0,0,0,0,1,1,4,512
23,cn5011,vertex_exchange_prepare,compute,6.79800000398e-05,1,0,0,0,0,0,0,34,0,0,0,0,0,0,0,0,0,0,0
23,cn5011,vertex_exchange,communication,0.0122120349997,1,0,0,0,0,0,0,598,0,0,0,0,0,0,0,8,5,106062,73722
23,cn5011,vertex_exchange_unpack,compute,0.0012061540001,1,0,0,0,0,0,0,128,0,0,0,0,0,0,0,0,0,0,0
23,cn5011,partition_result_io,io,0,0,0,0,0,0,0,0,0,0,0,0,0,0,0,0,0,0,0,0
23,cn5011,volume_exchange_pack,compute,0.145865817,2,0,0,0,0,0,0,1369,0,0,0,0,0,0,1,0,0,0,0
23,cn5011,volume_size_exchange,communication,0.0278210890001,1,0,0,0,0,0,0,0,0,0,0,0,0,0,0,6,6,24,24
23,cn5011,volume_payload_prepare,compute,0.000333482999849,1,0,0,0,0,0,0,102,0,0,0,0,0,0,0,0,0,0,0
23,cn5011,volume_payload_exchange,communication,0.00239060600006,1,0,0,0,0,0,0,296,0,0,0,0,0,0,0,6,6,1896360,1890120
23,cn5011,volume_exchange_unpack,compute,0.0999262079999,1,0,0,0,0,0,0,3877,0,0,0,0,0,0,0,0,0,0,0
23,cn5011,final_mesh_save,io,0,0,0,0,0,0,0,0,0,0,0,0,0,0,0,0,0,0,0,0
23,cn5011,testout_io,io,0,0,0,0,0,0,0,0,0,0,0,0,0,0,0,0,0,0,0,0
23,cn5011,final_count_exchange,communication,0,0,0,0,0,0,0,0,0,0,0,0,0,0,0,0,0,0,0,0
23,cn5011,quality_evaluation,postprocess,0,0,0,0,0,0,0,0,0,0,0,0,0,0,0,0,0,0,0,0
24,cn5012,geometry_load,io,1.743714061,1,0,0,0,0,0,0,5897,0,1035092,0,0,0,2,18,0,0,0,0
24,cn5012,coarse_local_size,setup,0.454059806,1,0,0,0,0,0,0,7916,0,0,0,0,0,81,23,0,0,0,0
24,cn5012,coarse_edge_mesh,setup,0.012573087,1,0,0,0,0,0,0,518,0,0,0,0,0,0,0,0,0,0,0
24,cn5012,coarse_surface_mesh,setup,8.248450324,1,0,0,0,0,0,0,15332,0,0,0,0,0,0,75,0,0,0,0
24,cn5012,coarse_volume_mesh,setup,13.396066653,1,0,0,0,0,0,0,27903,0,0,0,0,0,38963,1633669,0,0,0,0
24,cn5012,coarse_mesh_save,io,0,0,0,0,0,0,0,0,0,0,0,0,0,0,0,0,0,0,0,0
24,cn5012,submesh_initialization,setup,0.000176882000233,1,0,0,0,0,0,0,61,0,0,0,0,0,0,0,0,0,0,0
24,cn5012,metis_partition,compute,0.243514902,1,0,0,0,0,0,0,2007,0,0,0,0,0,0,2,0,0,0,0
24,cn5012,face_map_setup,compute,0.00765264200027,1,0,0,0,0,0,0,568,0,0,0,0,0,0,0,0,0,0,0
24,cn5012,face_local_extract,compute,0.161695793,1,0,0,0,0,0,0,901,0,0,0,0,0,0,2,0,0,0,0
24,cn5012,face_pre_collective_wait,synchronization,0.0793350559998,1,0,0,0,0,0,0,28,0,0,0,0,0,0,1,0,0,0,0
24,cn5012,face_collective_setup,compute,0.000105381999674,1,0,0,0,0,0,0,16,0,0,0,0,0,0,0,0,0,0,0
24,cn5012,face_allgatherv,communication,0.072647427,1,0,0,0,0,0,0,735,0,0,0,0,0,0,0,1,1,37904,4859624
24,cn5012,face_global_merge,compute,0.0786462470001,1,0,0,0,0,0,0,546,0,0,0,0,0,0,1,0,0,0,0
24,cn5012,part_face_create,compute,0.0190605540001,1,0,0,0,0,0,0,18,0,0,0,0,0,0,0,0,0,0,0
24,cn5012,surface_refine,compute,0.00718605600014,1,0,0,0,0,0,0,36,0,0,0,0,0,0,0,0,0,0,0
24,cn5012,refined_surface_save,io,0,0,0,0,0,0,0,0,0,0,0,0,0,0,0,0,0,0,0,0
24,cn5012,local_volume_mesh,compute,7.014180547,1,0,0,0,0,0,0,1260,0,0,0,0,0,18401,551944,0,0,0,0
24,cn5012,volume_refine,compute,0.260766573,1,0,0,0,0,0,0,3253,0,0,0,0,0,0,2,0,0,0,0
24,cn5012,refined_volume_save,io,0,0,0,0,0,0,0,0,0,0,0,0,0,0,0,0,0,0,0,0
24,cn5012,adjacency_build,compute,0.00437031799993,1,0,0,0,0,0,0,0,0,0,0,0,0,0,0,0,0,0,0
24,cn5012,vertex_numbering_local,compute,0.00889569800029,1,0,0,0,0,0,0,1,0,0,0,0,0,0,0,0,0,0,0
24,cn5012,vertex_count_allgather,communication,4.632690192,1,0,0,0,0,0,0,118,0,0,0,0,0,0,44,1,1,4,512
24,cn5012,element_count_allgather,communication,0.000883132000126,1,0,0,0,0,0,0,2,0,0,0,0,0,0,0,1,1,4,512
24,cn5012,vertex_exchange_prepare,compute,5.3380999816e-05,1,0,0,0,0,0,0,26,0,0,0,0,0,0,0,0,0,0,0
24,cn5012,vertex_exchange,communication,0.00197164600013,1,0,0,0,0,0,0,83,0,0,0,0,0,0,0,5,4,139568,57860
24,cn5012,vertex_exchange_unpack,compute,0.00135245799993,1,0,0,0,0,0,0,534,0,0,0,0,0,0,0,0,0,0,0
24,cn5012,partition_result_io,io,0,0,0,0,0,0,0,0,0,0,0,0,0,0,0,0,0,0,0,0
24,cn5012,volume_exchange_pack,compute,0.112061932,2,0,0,0,0,0,0,1943,0,0,0,0,0,0,1,0,0,0,0
24,cn5012,volume_size_exchange,communication,0.0474687330002,1,0,0,0,0,0,0,2,0,0,0,0,0,0,0,5,5,20,20
24,cn5012,volume_payload_prepare,compute,0.000427185000262,1,0,0,0,0,0,0,237,0,0,0,0,0,0,0,0,0,0,0
24,cn5012,volume_payload_exchange,communication,0.0260165260001,1,0,0,0,0,0,0,23,0,0,0,0,0,0,0,5,5,2110680,2117760
24,cn5012,volume_exchange_unpack,compute,0.0778385170001,1,0,0,0,0,0,0,1622,0,0,0,0,0,0,1,0,0,0,0
24,cn5012,final_mesh_save,io,0,0,0,0,0,0,0,0,0,0,0,0,0,0,0,0,0,0,0,0
24,cn5012,testout_io,io,0,0,0,0,0,0,0,0,0,0,0,0,0,0,0,0,0,0,0,0
24,cn5012,final_count_exchange,communication,0,0,0,0,0,0,0,0,0,0,0,0,0,0,0,0,0,0,0,0
24,cn5012,quality_evaluation,postprocess,0,0,0,0,0,0,0,0,0,0,0,0,0,0,0,0,0,0,0,0
25,cn5013,geometry_load,io,1.709233097,1,0,0,0,0,0,0,5895,0,1035092,0,0,0,2,2,0,0,0,0
25,cn5013,coarse_local_size,setup,0.452258699,1,0,0,0,0,0,0,7912,0,0,0,0,0,85,20,0,0,0,0
25,cn5013,coarse_edge_mesh,setup,0.0126093539998,1,0,0,0,0,0,0,528,0,0,0,0,0,0,0,0,0,0,0
25,cn5013,coarse_surface_mesh,setup,8.225079304,1,0,0,0,0,0,0,12780,0,0,0,0,0,0,10,0,0,0,0
25,cn5013,coarse_volume_mesh,setup,13.296735049,1,0,0,0,0,0,0,21782,0,0,0,0,0,37422,1678340,0,0,0,0
25,cn5013,coarse_mesh_save,io,0,0,0,0,0,0,0,0,0,0,0,0,0,0,0,0,0,0,0,0
25,cn5013,submesh_initialization,setup,0.000125201999708,1,0,0,0,0,0,0,1,0,0,0,0,0,0,0,0,0,0,0
25,cn5013,metis_partition,compute,0.229852405,1,0,0,0,0,0,0,132,0,0,0,0,0,0,0,0,0,0,0
25,cn5013,face_map_setup,compute,0.00675088199978,1,0,0,0,0,0,0,3,0,0,0,0,0,0,0,0,0,0,0
25,cn5013,face_local_extract,compute,0.156235687,1,0,0,0,0,0,0,619,0,0,0,0,0,0,0,0,0,0,0
25,cn5013,face_pre_collective_wait,synchronization,0.099512154,1,0,0,0,0,0,0,1,0,0,0,0,0,0,1,0,0,0,0
25,cn5013,face_collective_setup,compute,0.000107701999696,1,0,0,0,0,0,0,14,0,0,0,0,0,0,0,0,0,0,0
25,cn5013,face_allgatherv,communication,0.0725302249998,1,0,0,0,0,0,0,1148,0,0,0,0,0,0,0,1,1,37904,4859624
25,cn5013,face_global_merge,compute,0.0746353710001,1,0,0,0,0,0,0,168,0,0,0,0,0,0,0,0,0,0,0
25,cn5013,part_face_create,compute,0.0180268399999,1,0,0,0,0,0,0,3,0,0,0,0,0,0,0,0,0,0,0
25,cn5013,surface_refine,compute,0.0065322800001,1,0,0,0,0,0,0,65,0,0,0,0,0,0,0,0,0,0,0
25,cn5013,refined_surface_save,io,0,0,0,0,0,0,0,0,0,0,0,0,0,0,0,0,0,0,0,0
25,cn5013,local_volume_mesh,compute,7.032550613,1,0,0,0,0,0,0,1115,0,0,0,0,0,10993,402310,0,0,0,0
25,cn5013,volume_refine,compute,0.251205565,1,0,0,0,0,0,0,5197,0,0,0,0,0,0,0,0,0,0,0
25,cn5013,refined_volume_save,io,0,0,0,0,0,0,0,0,0,0,0,0,0,0,0,0,0,0,0,0
25,cn5013,adjacency_build,compute,0.00415960999999,1,0,0,0,0,0,0,0,0,0,0,0,0,0,0,0,0,0,0
25,cn5013,vertex_numbering_local,compute,0.010529309,1,0,0,0,0,0,0,2,0,0,0,0,0,0,0,0,0,0,0
25,cn5013,vertex_count_allgather,communication,4.628617759,1,0,0,0,0,0,0,29,0,0,0,0,0,0,5,1,1,4,512
25,cn5013,element_count_allgather,communication,0.000877631000094,1,0,0,0,0,0,0,0,0,0,0,0,0,0,0,1,1,4,512
25,cn5013,vertex_exchange_prepare,compute,2.7480999961e-05,1,0,0,0,0,0,0,0,0,0,0,0,0,0,0,0,0,0,0
25,cn5013,vertex_exchange,communication,0.0127874759996,1,0,0,0,0,0,0,286,0,0,0,0,0,0,0,7,7,121924,143220
25,cn5013,vertex_exchange_unpack,compute,0.0019448840003,1,0,0,0,0,0,0,0,0,0,0,0,0,0,0,0,0,0,0
25,cn5013,partition_result_io,io,0,0,0,0,0,0,0,0,0,0,0,0,0,0,0,0,0,0,0,0
25,cn5013,volume_exchange_pack,compute,0.13770548,2,0,0,0,0,0,0,1939,0,0,0,0,0,0,0,0,0,0,0
25,cn5013,volume_size_exchange,communication,0.0351649489999,1,0,0,0,0,0,0,24,0,0,0,0,0,0,0,8,8,32,32
25,cn5013,volume_payload_prepare,compute,0.000355703999958,1,0,0,0,0,0,0,115,0,0,0,0,0,0,0,0,0,0,0
25,cn5013,volume_payload_exchange,communication,0.00232958800007,1,0,0,0,0,0,0,49,0,0,0,0,0,0,0,8,8,2852040,2862240
25,cn5013,volume_exchange_unpack,compute,0.146349486,1,0,0,0,0,0,0,3155,0,0,0,0,0,0,0,0,0,0,0
25,cn5013,final_mesh_save,io,0,0,0,0,0,0,0,0,0,0,0,0,0,0,0,0,0,0,0,0
25,cn5013,testout_io,io,0,0,0,0,0,0,0,0,0,0,0,0,0,0,0,0,0,0,0,0
25,cn5013,final_count_exchange,communication,0,0,0,0,0,0,0,0,0,0,0,0,0,0,0,0,0,0,0,0
25,cn5013,quality_evaluation,postprocess,0,0,0,0,0,0,0,0,0,0,0,0,0,0,0,0,0,0,0,0
26,cn5014,geometry_load,io,1.706580644,1,0,0,0,0,0,0,5896,0,1035092,0,0,0,2,3,0,0,0,0
26,cn5014,coarse_local_size,setup,0.452361635,1,0,0,0,0,0,0,7866,0,0,0,0,0,125,21,0,0,0,0
26,cn5014,coarse_edge_mesh,setup,0.0127992159996,1,0,0,0,0,0,0,509,0,0,0,0,0,0,0,0,0,0,0
26,cn5014,coarse_surface_mesh,setup,8.202513947,1,0,0,0,0,0,0,13646,0,0,0,0,0,0,9,0,0,0,0
26,cn5014,coarse_volume_mesh,setup,13.127098702,1,0,0,0,0,0,0,22416,0,0,0,0,0,38104,1574623,0,0,0,0
26,cn5014,coarse_mesh_save,io,0,0,0,0,0,0,0,0,0,0,0,0,0,0,0,0,0,0,0,0
26,cn5014,submesh_initialization,setup,0.000119961000109,1,0,0,0,0,0,0,1,0,0,0,0,0,0,0,0,0,0,0
26,cn5014,metis_partition,compute,0.226745794,1,0,0,0,0,0,0,69,0,0,0,0,0,0,1,0,0,0,0
26,cn5014,face_map_setup,compute,0.00670679199993,1,0,0,0,0,0,0,3,0,0,0,0,0,0,0,0,0,0,0
26,cn5014,face_local_extract,compute,0.15870745,1,0,0,0,0,0,0,538,0,0,0,0,0,0,0,0,0,0,0
26,cn5014,face_pre_collective_wait,synchronization,0.100200926,1,0,0,0,0,0,0,1,0,0,0,0,0,0,0,0,0,0,0
26,cn5014,face_collective_setup,compute,0.000117462000162,1,0,0,0,0,0,0,16,0,0,0,0,0,0,0,0,0,0,0
26,cn5014,face_allgatherv,communication,0.0722720490003,1,0,0,0,0,0,0,1213,0,0,0,0,0,0,0,1,1,37904,4859624
26,cn5014,face_global_merge,compute,0.0760060890002,1,0,0,0,0,0,0,689,0,0,0,0,0,0,0,0,0,0,0
26,cn5014,part_face_create,compute,0.018702199,1,0,0,0,0,0,0,471,0,0,0,0,0,0,0,0,0,0,0
26,cn5014,surface_refine,compute,0.00833726900009,1,0,0,0,0,0,0,43,0,0,0,0,0,0,0,0,0,0,0
26,cn5014,refined_surface_save,io,0,0,0,0,0,0,0,0,0,0,0,0,0,0,0,0,0,0,0,0
26,cn5014,local_volume_mesh,compute,7.906133691,1,0,0,0,0,0,0,1801,0,0,0,0,0,12029,544147,0,0,0,0
26,cn5014,volume_refine,compute,0.384757056,1,0,0,0,0,0,0,4897,0,0,0,0,0,0,0,0,0,0,0
26,cn5014,refined_volume_save,io,0,0,0,0,0,0,0,0,0,0,0,0,0,0,0,0,0,0,0,0
26,cn5014,adjacency_build,compute,0.00417006499993,1,0,0,0,0,0,0,5,0,0,0,0,0,0,0,0,0,0,0
26,cn5014,vertex_numbering_local,compute,0.0110121170001,1,0,0,0,0,0,0,299,0,0,0,0,0,0,0,0,0,0,0
26,cn5014,vertex_count_allgather,communication,3.617069579,1,0,0,0,0,0,0,106,0,0,0,0,0,0,4,1,1,4,512
26,cn5014,element_count_allgather,communication,0.000806547999673,1,0,0,0,0,0,0,4,0,0,0,0,0,0,0,1,1,4,512
26,cn5014,vertex_exchange_prepare,compute,0.000126821999856,1,0,0,0,0,0,0,37,0,0,0,0,0,0,0,0,0,0,0
26,cn5014,vertex_exchange,communication,0.011682284,1,0,0,0,0,0,0,322,0,0,0,0,0,0,0,5,3,69850,129316
26,cn5014,vertex_exchange_unpack,compute,0.00209024299966,1,0,0,0,0,0,0,326,0,0,0,0,0,0,0,0,0,0,0
26,cn5014,partition_result_io,io,0,0,0,0,0,0,0,0,0,0,0,0,0,0,0,0,0,0,0,0
26,cn5014,volume_exchange_pack,compute,0.152668325,2,0,0,0,0,0,0,1090,0,0,0,0,0,0,0,0,0,0,0
26,cn5014,volume_size_exchange,communication,0.0200646530002,1,0,0,0,0,0,0,0,0,0,0,0,0,0,0,4,4,16,16
26,cn5014,volume_payload_prepare,compute,0.000229363000017,1,0,0,0,0,0,0,68,0,0,0,0,0,0,0,0,0,0,0
26,cn5014,volume_payload_exchange,communication,0.00218890299993,1,0,0,0,0,0,0,363,0,0,0,0,0,0,0,4,4,2166000,2149080
26,cn5014,volume_exchange_unpack,compute,0.102312329,1,0,0,0,0,0,0,3628,0,0,0,0,0,0,0,0,0,0,0
26,cn5014,final_mesh_save,io,0,0,0,0,0,0,0,0,0,0,0,0,0,0,0,0,0,0,0,0
26,cn5014,testout_io,io,0,0,0,0,0,0,0,0,0,0,0,0,0,0,0,0,0,0,0,0
26,cn5014,final_count_exchange,communication,0,0,0,0,0,0,0,0,0,0,0,0,0,0,0,0,0,0,0,0
26,cn5014,quality_evaluation,postprocess,0,0,0,0,0,0,0,0,0,0,0,0,0,0,0,0,0,0,0,0
27,cn5015,geometry_load,io,1.766624384,1,0,0,0,0,0,0,5897,0,1035092,0,0,0,2,3,0,0,0,0
27,cn5015,coarse_local_size,setup,0.470453855,1,0,0,0,0,0,0,8414,0,0,0,0,0,104,22,0,0,0,0
27,cn5015,coarse_edge_mesh,setup,0.0126794849998,1,0,0,0,0,0,0,514,0,0,0,0,0,0,0,0,0,0,0
27,cn5015,coarse_surface_mesh,setup,8.200507874,1,0,0,0,0,0,0,17169,0,0,0,0,0,0,10,0,0,0,0
27,cn5015,coarse_volume_mesh,setup,13.30808389,1,0,0,0,0,0,0,29275,0,0,0,0,0,39252,1577330,0,0,0,0
27,cn5015,coarse_mesh_save,io,0,0,0,0,0,0,0,0,0,0,0,0,0,0,0,0,0,0,0,0
27,cn5015,submesh_initialization,setup,0.000122281999666,1,0,0,0,0,0,0,1,0,0,0,0,0,0,0,0,0,0,0
27,cn5015,metis_partition,compute,0.235816294,1,0,0,0,0,0,0,497,0,0,0,0,0,0,0,0,0,0,0
27,cn5015,face_map_setup,compute,0.00741908500004,1,0,0,0,0,0,0,227,0,0,0,0,0,0,0,0,0,0,0
27,cn5015,face_local_extract,compute,0.160333312,1,0,0,0,0,0,0,612,0,0,0,0,0,0,0,0,0,0,0
27,cn5015,face_pre_collective_wait,synchronization,0.0887532739998,1,0,0,0,0,0,0,1,0,0,0,0,0,0,0,0,0,0,0
27,cn5015,face_collective_setup,compute,0.000109221000002,1,0,0,0,0,0,0,16,0,0,0,0,0,0,0,0,0,0,0
27,cn5015,face_allgatherv,communication,0.0721367239998,1,0,0,0,0,0,0,736,0,0,0,0,0,0,0,1,1,37904,4859624
27,cn5015,face_global_merge,compute,0.0789389619999,1,0,0,0,0,0,0,275,0,0,0,0,0,0,0,0,0,0,0
27,cn5015,part_face_create,compute,0.01926886,1,0,0,0,0,0,0,3,0,0,0,0,0,0,0,0,0,0,0
27,cn5015,surface_refine,compute,0.00873955899988,1,0,0,0,0,0,0,42,0,0,0,0,0,0,0,0,0,0,0
27,cn5015,refined_surface_save,io,0,0,0,0,0,0,0,0,0,0,0,0,0,0,0,0,0,0,0,0
27,cn5015,local_volume_mesh,compute,6.917277113,1,0,0,0,0,0,0,4261,0,0,0,0,0,6628,377085,0,0,0,0
27,cn5015,volume_refine,compute,0.36503765,1,0,0,0,0,0,0,5248,0,0,0,0,0,0,1,0,0,0,0
27,cn5015,refined_volume_save,io,0,0,0,0,0,0,0,0,0,0,0,0,0,0,0,0,0,0,0,0
27,cn5015,adjacency_build,compute,0.00452231100007,1,0,0,0,0,0,0,10,0,0,0,0,0,0,0,0,0,0,0
27,cn5015,vertex_numbering_local,compute,0.011867316,1,0,0,0,0,0,0,323,0,0,0,0,0,0,0,0,0,0,0
27,cn5015,vertex_count_allgather,communication,4.620494111,1,0,0,0,0,0,0,137,0,0,0,0,0,0,4,1,1,4,512
27,cn5015,element_count_allgather,communication,0.000834569999824,1,0,0,0,0,0,0,8,0,0,0,0,0,0,0,1,1,4,512
27,cn5015,vertex_exchange_prepare,compute,0.000147421999827,1,0,0,0,0,0,0,42,0,0,0,0,0,0,0,0,0,0,0
27,cn5015,vertex_exchange,communication,0.0115139919999,1,0,0,0,0,0,0,74,0,0,0,0,0,0,0,3,6,47102,181852
27,cn5015,vertex_exchange_unpack,compute,0.00321185699977,1,0,0,0,0,0,0,725,0,0,0,0,0,0,0,0,0,0,0
27,cn5015,partition_result_io,io,0,0,0,0,0,0,0,0,0,0,0,0,0,0,0,0,0,0,0,0
27,cn5015,volume_exchange_pack,compute,0.137269408,2,0,0,0,0,0,0,2284,0,0,0,0,0,0,0,0,0,0,0
27,cn5015,volume_size_exchange,communication,0.0204945739997,1,0,0,0,0,0,0,1,0,0,0,0,0,0,0,6,6,24,24
27,cn5015,volume_payload_prepare,compute,0.000346644000274,1,0,0,0,0,0,0,102,0,0,0,0,0,0,0,0,0,0,0
27,cn5015,volume_payload_exchange,communication,0.0156814789998,1,0,0,0,0,0,0,358,0,0,0,0,0,0,0,6,6,2447760,2449080
27,cn5015,volume_exchange_unpack,compute,0.0976088960001,1,0,0,0,0,0,0,3518,0,0,0,0,0,0,1,0,0,0,0
27,cn5015,final_mesh_save,io,0,0,0,0,0,0,0,0,0,0,0,0,0,0,0,0,0,0,0,0
27,cn5015,testout_io,io,0,0,0,0,0,0,0,0,0,0,0,0,0,0,0,0,0,0,0,0
27,cn5015,final_count_exchange,communication,0,0,0,0,0,0,0,0,0,0,0,0,0,0,0,0,0,0,0,0
27,cn5015,quality_evaluation,postprocess,0,0,0,0,0,0,0,0,0,0,0,0,0,0,0,0,0,0,0,0
28,cn5016,geometry_load,io,1.736823317,1,0,0,0,0,0,0,5895,0,1035092,0,0,0,2,2,0,0,0,0
28,cn5016,coarse_local_size,setup,0.519908624,1,0,0,0,0,0,0,7858,0,0,0,0,0,108,21,0,0,0,0
28,cn5016,coarse_edge_mesh,setup,0.0121064590003,1,0,0,0,0,0,0,513,0,0,0,0,0,0,0,0,0,0,0
28,cn5016,coarse_surface_mesh,setup,8.028559481,1,0,0,0,0,0,0,8731,0,0,0,0,0,0,15,0,0,0,0
28,cn5016,coarse_volume_mesh,setup,13.106375212,1,0,0,0,0,0,0,19329,0,0,0,0,0,37935,1527784,0,0,0,0
28,cn5016,coarse_mesh_save,io,0,0,0,0,0,0,0,0,0,0,0,0,0,0,0,0,0,0,0,0
28,cn5016,submesh_initialization,setup,0.000121381000099,1,0,0,0,0,0,0,4,0,0,0,0,0,0,0,0,0,0,0
28,cn5016,metis_partition,compute,0.226695196,1,0,0,0,0,0,0,65,0,0,0,0,0,0,0,0,0,0,0
28,cn5016,face_map_setup,compute,0.00699123200002,1,0,0,0,0,0,0,273,0,0,0,0,0,0,0,0,0,0,0
28,cn5016,face_local_extract,compute,0.155323779,1,0,0,0,0,0,0,199,0,0,0,0,0,0,0,0,0,0,0
28,cn5016,face_pre_collective_wait,synchronization,0.103313776,1,0,0,0,0,0,0,9,0,0,0,0,0,0,0,0,0,0,0
28,cn5016,face_collective_setup,compute,0.000108322000415,1,0,0,0,0,0,0,13,0,0,0,0,0,0,0,0,0,0,0
28,cn5016,face_allgatherv,communication,0.072066446,1,0,0,0,0,0,0,103,0,0,0,0,0,0,0,1,1,37904,4859624
28,cn5016,face_global_merge,compute,0.0733430229998,1,0,0,0,0,0,0,0,0,0,0,0,0,0,0,0,0,0,0
28,cn5016,part_face_create,compute,0.0176915120001,1,0,0,0,0,0,0,3,0,0,0,0,0,0,0,0,0,0,0
28,cn5016,surface_refine,compute,0.00665592799987,1,0,0,0,0,0,0,1,0,0,0,0,0,0,0,0,0,0,0
28,cn5016,refined_surface_save,io,0,0,0,0,0,0,0,0,0,0,0,0,0,0,0,0,0,0,0,0
28,cn5016,local_volume_mesh,compute,7.042312196,1,0,0,0,0,0,0,482,0,0,0,0,0,8264,402166,0,0,0,0
28,cn5016,volume_refine,compute,0.320446306,1,0,0,0,0,0,0,4725,0,0,0,0,0,0,1,0,0,0,0
28,cn5016,refined_volume_save,io,0,0,0,0,0,0,0,0,0,0,0,0,0,0,0,0,0,0,0,0
28,cn5016,adjacency_build,compute,0.0040385340003,1,0,0,0,0,0,0,0,0,0,0,0,0,0,0,0,0,0,0
28,cn5016,vertex_numbering_local,compute,0.0105847790001,1,0,0,0,0,0,0,1,0,0,0,0,0,0,0,0,0,0,0
28,cn5016,vertex_count_allgather,communication,4.551781846,1,0,0,0,0,0,0,101,0,0,0,0,0,0,9,1,1,4,512
28,cn5016,element_count_allgather,communication,0.000841991000016,1,0,0,0,0,0,0,0,0,0,0,0,0,0,0,1,1,4,512
28,cn5016,vertex_exchange_prepare,compute,8.03409998298e-05,1,0,0,0,0,0,0,39,0,0,0,0,0,0,0,0,0,0,0
28,cn5016,vertex_exchange,communication,0.0212208389999,1,0,0,0,0,0,0,593,0,0,0,0,0,0,0,6,9,95942,147686
28,cn5016,vertex_exchange_unpack,compute,0.00202598700025,1,0,0,0,0,0,0,5,0,0,0,0,0,0,0,0,0,0,0
28,cn5016,partition_result_io,io,0,0,0,0,0,0,0,0,0,0,0,0,0,0,0,0,0,0,0,0
28,cn5016,volume_exchange_pack,compute,0.13942919,2,0,0,0,0,0,0,1284,0,0,0,0,0,0,0,0,0,0,0
28,cn5016,volume_size_exchange,communication,0.024622163,1,0,0,0,0,0,0,1,0,0,0,0,0,0,0,9,9,36,36
28,cn5016,volume_payload_prepare,compute,0.000188981999599,1,0,0,0,0,0,0,0,0,0,0,0,0,0,0,0,0,0,0
28,cn5016,volume_payload_exchange,communication,0.00271811600032,1,0,0,0,0,0,0,5,0,0,0,0,0,0,0,9,9,2600400,2608320
28,cn5016,volume_exchange_unpack,compute,0.0969296329999,1,0,0,0,0,0,0,2918,0,0,0,0,0,0,0,0,0,0,0
28,cn5016,final_mesh_save,io,0,0,0,0,0,0,0,0,0,0,0,0,0,0,0,0,0,0,0,0
28,cn5016,testout_io,io,0,0,0,0,0,0,0,0,0,0,0,0,0,0,0,0,0,0,0,0
28,cn5016,final_count_exchange,communication,0,0,0,0,0,0,0,0,0,0,0,0,0,0,0,0,0,0,0,0
28,cn5016,quality_evaluation,postprocess,0,0,0,0,0,0,0,0,0,0,0,0,0,0,0,0,0,0,0,0
29,cn5017,geometry_load,io,1.737686066,1,0,0,0,0,0,0,5894,0,1035092,0,0,0,2,2,0,0,0,0
29,cn5017,coarse_local_size,setup,0.477976104,1,0,0,0,0,0,0,8290,0,0,0,0,0,112,23,0,0,0,0
29,cn5017,coarse_edge_mesh,setup,0.0126276649999,1,0,0,0,0,0,0,487,0,0,0,0,0,0,0,0,0,0,0
29,cn5017,coarse_surface_mesh,setup,8.232429097,1,0,0,0,0,0,0,17174,0,0,0,0,0,0,11,0,0,0,0
29,cn5017,coarse_volume_mesh,setup,13.424056371,1,0,0,0,0,0,0,28012,0,0,0,0,0,39350,1622791,0,0,0,0
29,cn5017,coarse_mesh_save,io,0,0,0,0,0,0,0,0,0,0,0,0,0,0,0,0,0,0,0,0
29,cn5017,submesh_initialization,setup,0.000173802000063,1,0,0,0,0,0,0,57,0,0,0,0,0,0,0,0,0,0,0
29,cn5017,metis_partition,compute,0.240428188,1,0,0,0,0,0,0,2101,0,0,0,0,0,0,1,0,0,0,0
29,cn5017,face_map_setup,compute,0.00773800900015,1,0,0,0,0,0,0,583,0,0,0,0,0,0,0,0,0,0,0
29,cn5017,face_local_extract,compute,0.161206423,1,0,0,0,0,0,0,839,0,0,0,0,0,0,0,0,0,0,0
29,cn5017,face_pre_collective_wait,synchronization,0.0827910860003,1,0,0,0,0,0,0,28,0,0,0,0,0,0,0,0,0,0,0
29,cn5017,face_collective_setup,compute,0.000103201000002,1,0,0,0,0,0,0,16,0,0,0,0,0,0,0,0,0,0,0
29,cn5017,face_allgatherv,communication,0.071964282,1,0,0,0,0,0,0,638,0,0,0,0,0,0,0,1,1,37904,4859624
29,cn5017,face_global_merge,compute,0.0789640620001,1,0,0,0,0,0,0,573,0,0,0,0,0,0,0,0,0,0,0
29,cn5017,part_face_create,compute,0.0190433179996,1,0,0,0,0,0,0,26,0,0,0,0,0,0,0,0,0,0,0
29,cn5017,surface_refine,compute,0.00965658999985,1,0,0,0,0,0,0,49,0,0,0,0,0,0,0,0,0,0,0
29,cn5017,refined_surface_save,io,0,0,0,0,0,0,0,0,0,0,0,0,0,0,0,0,0,0,0,0
29,cn5017,local_volume_mesh,compute,8.073272637,1,0,0,0,0,0,0,2086,0,0,0,0,0,12279,587630,0,0,0,0
29,cn5017,volume_refine,compute,0.438080589,1,0,0,0,0,0,0,4319,0,0,0,0,0,0,1,0,0,0,0
29,cn5017,refined_volume_save,io,0,0,0,0,0,0,0,0,0,0,0,0,0,0,0,0,0,0,0,0
29,cn5017,adjacency_build,compute,0.00441313100009,1,0,0,0,0,0,0,0,0,0,0,0,0,0,0,0,0,0,0
29,cn5017,vertex_numbering_local,compute,0.0111723079999,1,0,0,0,0,0,0,586,0,0,0,0,0,0,0,0,0,0,0
29,cn5017,vertex_count_allgather,communication,3.391979618,1,0,0,0,0,0,0,76,0,0,0,0,0,0,3,1,1,4,512
29,cn5017,element_count_allgather,communication,0.00082146900013,1,0,0,0,0,0,0,0,0,0,0,0,0,0,0,1,1,4,512
29,cn5017,vertex_exchange_prepare,compute,0.00011140100014,1,0,0,0,0,0,0,32,0,0,0,0,0,0,0,0,0,0,0
29,cn5017,vertex_exchange,communication,0.011148267,1,0,0,0,0,0,0,50,0,0,0,0,0,0,0,3,4,61160,107514
29,cn5017,vertex_exchange_unpack,compute,0.00223790600012,1,0,0,0,0,0,0,706,0,0,0,0,0,0,0,0,0,0,0
29,cn5017,partition_result_io,io,0,0,0,0,0,0,0,0,0,0,0,0,0,0,0,0,0,0,0,0
29,cn5017,volume_exchange_pack,compute,0.133381665,2,0,0,0,0,0,0,1679,0,0,0,0,0,0,0,0,0,0,0
29,cn5017,volume_size_exchange,communication,0.019554124,1,0,0,0,0,0,0,9,0,0,0,0,0,0,0,5,5,20,20
29,cn5017,volume_payload_prepare,compute,0.000246763000177,1,0,0,0,0,0,0,68,0,0,0,0,0,0,0,0,0,0,0
29,cn5017,volume_payload_exchange,communication,0.022113733,1,0,0,0,0,0,0,256,0,0,0,0,0,0,0,5,5,1800000,1804200
29,cn5017,volume_exchange_unpack,compute,0.102531412,1,0,0,0,0,0,0,4322,0,0,0,0,0,0,0,0,0,0,0
29,cn5017,final_mesh_save,io,0,0,0,0,0,0,0,0,0,0,0,0,0,0,0,0,0,0,0,0
29,cn5017,testout_io,io,0,0,0,0,0,0,0,0,0,0,0,0,0,0,0,0,0,0,0,0
29,cn5017,final_count_exchange,communication,0,0,0,0,0,0,0,0,0,0,0,0,0,0,0,0,0,0,0,0
29,cn5017,quality_evaluation,postprocess,0,0,0,0,0,0,0,0,0,0,0,0,0,0,0,0,0,0,0,0
30,cn5018,geometry_load,io,1.769123302,1,0,0,0,0,0,0,5896,0,1035092,0,0,0,2,3,0,0,0,0
30,cn5018,coarse_local_size,setup,0.487366842,1,0,0,0,0,0,0,8326,0,0,0,0,0,106,23,0,0,0,0
30,cn5018,coarse_edge_mesh,setup,0.0126336509998,1,0,0,0,0,0,0,488,0,0,0,0,0,0,0,0,0,0,0
30,cn5018,coarse_surface_mesh,setup,8.317195339,1,0,0,0,0,0,0,17218,0,0,0,0,0,0,11,0,0,0,0
30,cn5018,coarse_volume_mesh,setup,13.396663892,1,0,0,0,0,0,0,27673,0,0,0,0,0,36585,1556333,0,0,0,0
30,cn5018,coarse_mesh_save,io,0,0,0,0,0,0,0,0,0,0,0,0,0,0,0,0,0,0,0,0
30,cn5018,submesh_initialization,setup,0.000174682000306,1,0,0,0,0,0,0,61,0,0,0,0,0,0,0,0,0,0,0
30,cn5018,metis_partition,compute,0.245588104,1,0,0,0,0,0,0,2215,0,0,0,0,0,0,1,0,0,0,0
30,cn5018,face_map_setup,compute,0.0077924520001,1,0,0,0,0,0,0,591,0,0,0,0,0,0,0,0,0,0,0
30,cn5018,face_local_extract,compute,0.16465946,1,0,0,0,0,0,0,956,0,0,0,0,0,0,0,0,0,0,0
30,cn5018,face_pre_collective_wait,synchronization,0.0741207820001,1,0,0,0,0,0,0,28,0,0,0,0,0,0,0,0,0,0,0
30,cn5018,face_collective_setup,compute,0.000106561999928,1,0,0,0,0,0,0,16,0,0,0,0,0,0,0,0,0,0,0
30,cn5018,face_allgatherv,communication,0.071741754,1,0,0,0,0,0,0,772,0,0,0,0,0,0,0,1,1,37904,4859624
30,cn5018,face_global_merge,compute,0.078582136,1,0,0,0,0,0,0,421,0,0,0,0,0,0,0,0,0,0,0
30,cn5018,part_face_create,compute,0.0191258069999,1,0,0,0,0,0,0,22,0,0,0,0,0,0,0,0,0,0,0
30,cn5018,surface_refine,compute,0.00729560699983,1,0,0,0,0,0,0,10,0,0,0,0,0,0,0,0,0,0,0
30,cn5018,refined_surface_save,io,0,0,0,0,0,0,0,0,0,0,0,0,0,0,0,0,0,0,0,0
30,cn5018,local_volume_mesh,compute,7.004082866,1,0,0,0,0,0,0,1276,0,0,0,0,0,7467,407698,0,0,0,0
30,cn5018,volume_refine,compute,0.321535888,1,0,0,0,0,0,0,3867,0,0,0,0,0,0,0,0,0,0,0
30,cn5018,refined_volume_save,io,0,0,0,0,0,0,0,0,0,0,0,0,0,0,0,0,0,0,0,0
30,cn5018,adjacency_build,compute,0.0043999720001,1,0,0,0,0,0,0,0,0,0,0,0,0,0,0,0,0,0,0
30,cn5018,vertex_numbering_local,compute,0.00950109299993,1,0,0,0,0,0,0,1,0,0,0,0,0,0,0,0,0,0,0
30,cn5018,vertex_count_allgather,communication,4.582247653,1,0,0,0,0,0,0,125,0,0,0,0,0,0,6,1,1,4,512
30,cn5018,element_count_allgather,communication,0.000844550000238,1,0,0,0,0,0,0,3,0,0,0,0,0,0,0,1,1,4,512
30,cn5018,vertex_exchange_prepare,compute,0.000103900999875,1,0,0,0,0,0,0,59,0,0,0,0,0,0,0,0,0,0,0
30,cn5018,vertex_exchange,communication,0.0218815210001,1,0,0,0,0,0,0,369,0,0,0,0,0,0,0,5,5,63514,149204
30,cn5018,vertex_exchange_unpack,compute,0.00312821699981,1,0,0,0,0,0,0,1045,0,0,0,0,0,0,0,0,0,0,0
30,cn5018,partition_result_io,io,0,0,0,0,0,0,0,0,0,0,0,0,0,0,0,0,0,0,0,0
30,cn5018,volume_exchange_pack,compute,0.120819978,2,0,0,0,0,0,0,1276,0,0,0,0,0,0,0,0,0,0,0
30,cn5018,volume_size_exchange,communication,0.0414638740003,1,0,0,0,0,0,0,46,0,0,0,0,0,0,0,5,5,20,20
30,cn5018,volume_payload_prepare,compute,0.00017316200001,1,0,0,0,0,0,0,2,0,0,0,0,0,0,0,0,0,0,0
30,cn5018,volume_payload_exchange,communication,0.0022618869998,1,0,0,0,0,0,0,24,0,0,0,0,0,0,0,5,5,2299200,2284440
30,cn5018,volume_exchange_unpack,compute,0.0871606379997,1,0,0,0,0,0,0,2526,0,0,0,0,0,0,0,0,0,0,0
30,cn5018,final_mesh_save,io,0,0,0,0,0,0,0,0,0,0,0,0,0,0,0,0,0,0,0,0
30,cn5018,testout_io,io,0,0,0,0,0,0,0,0,0,0,0,0,0,0,0,0,0,0,0,0
30,cn5018,final_count_exchange,communication,0,0,0,0,0,0,0,0,0,0,0,0,0,0,0,0,0,0,0,0
30,cn5018,quality_evaluation,postprocess,0,0,0,0,0,0,0,0,0,0,0,0,0,0,0,0,0,0,0,0
31,cn5019,geometry_load,io,1.74159654,1,0,0,0,0,0,0,5896,0,1035092,0,0,0,2,1,0,0,0,0
31,cn5019,coarse_local_size,setup,0.467060178,1,0,0,0,0,0,0,7851,0,0,0,0,0,105,21,0,0,0,0
31,cn5019,coarse_edge_mesh,setup,0.012549481,1,0,0,0,0,0,0,515,0,0,0,0,0,0,0,0,0,0,0
31,cn5019,coarse_surface_mesh,setup,8.203400336,1,0,0,0,0,0,0,14670,0,0,0,0,0,0,14,0,0,0,0
31,cn5019,coarse_volume_mesh,setup,13.49144535,1,0,0,0,0,0,0,27608,0,0,0,0,0,37505,1732073,0,0,0,0
31,cn5019,coarse_mesh_save,io,0,0,0,0,0,0,0,0,0,0,0,0,0,0,0,0,0,0,0,0
31,cn5019,submesh_initialization,setup,0.000125441999899,1,0,0,0,0,0,0,2,0,0,0,0,0,0,0,0,0,0,0
31,cn5019,metis_partition,compute,0.236436547,1,0,0,0,0,0,0,428,0,0,0,0,0,0,0,0,0,0,0
31,cn5019,face_map_setup,compute,0.00740563600039,1,0,0,0,0,0,0,220,0,0,0,0,0,0,0,0,0,0,0
31,cn5019,face_local_extract,compute,0.163414665,1,0,0,0,0,0,0,692,0,0,0,0,0,0,0,0,0,0,0
31,cn5019,face_pre_collective_wait,synchronization,0.0850855370004,1,0,0,0,0,0,0,1,0,0,0,0,0,0,0,0,0,0,0
31,cn5019,face_collective_setup,compute,0.000110381000013,1,0,0,0,0,0,0,16,0,0,0,0,0,0,0,0,0,0,0
31,cn5019,face_allgatherv,communication,0.071672524,1,0,0,0,0,0,0,757,0,0,0,0,0,0,0,1,1,37904,4859624
31,cn5019,face_global_merge,compute,0.0783372700002,1,0,0,0,0,0,0,188,0,0,0,0,0,0,2,0,0,0,0
31,cn5019,part_face_create,compute,0.018854463,1,0,0,0,0,0,0,3,0,0,0,0,0,0,0,0,0,0,0
31,cn5019,surface_refine,compute,0.00936354100031,1,0,0,0,0,0,0,31,0,0,0,0,0,0,0,0,0,0,0
31,cn5019,refined_surface_save,io,0,0,0,0,0,0,0,0,0,0,0,0,0,0,0,0,0,0,0,0
31,cn5019,local_volume_mesh,compute,8.085821181,1,0,0,0,0,0,0,4433,0,0,0,0,0,13035,605907,0,0,0,0
31,cn5019,volume_refine,compute,0.42923911,1,0,0,0,0,0,0,5735,0,0,0,0,0,0,1,0,0,0,0
31,cn5019,refined_volume_save,io,0,0,0,0,0,0,0,0,0,0,0,0,0,0,0,0,0,0,0,0
31,cn5019,adjacency_build,compute,0.00429235499996,1,0,0,0,0,0,0,7,0,0,0,0,0,0,0,0,0,0,0
31,cn5019,vertex_numbering_local,compute,0.00944714200023,1,0,0,0,0,0,0,2,0,0,0,0,0,0,0,0,0,0,0
31,cn5019,vertex_count_allgather,communication,3.391338016,1,0,0,0,0,0,0,109,0,0,0,0,0,0,4,1,1,4,512
31,cn5019,element_count_allgather,communication,0.000451746000181,1,0,0,0,0,0,0,3,0,0,0,0,0,0,0,1,1,4,512
31,cn5019,vertex_exchange_prepare,compute,9.9242000033e-05,1,0,0,0,0,0,0,48,0,0,0,0,0,0,0,0,0,0,0
31,cn5019,vertex_exchange,communication,0.0128658259996,1,0,0,0,0,0,0,32,0,0,0,0,0,0,0,0,5,0,165286
31,cn5019,vertex_exchange_unpack,compute,0.00357048600017,1,0,0,0,0,0,0,1248,0,0,0,0,0,0,0,0,0,0,0
31,cn5019,partition_result_io,io,0,0,0,0,0,0,0,0,0,0,0,0,0,0,0,0,0,0,0,0
31,cn5019,volume_exchange_pack,compute,0.150122734,2,0,0,0,0,0,0,1940,0,0,0,0,0,0,0,0,0,0,0
31,cn5019,volume_size_exchange,communication,0.0206903870003,1,0,0,0,0,0,0,2,0,0,0,0,0,0,0,5,5,20,20
31,cn5019,volume_payload_prepare,compute,0.000359404999926,1,0,0,0,0,0,0,183,0,0,0,0,0,0,0,0,0,0,0
31,cn5019,volume_payload_exchange,communication,0.00256731299987,1,0,0,0,0,0,0,84,0,0,0,0,0,0,0,5,5,1764000,1767600
31,cn5019,volume_exchange_unpack,compute,0.0920064060001,1,0,0,0,0,0,0,2691,0,0,0,0,0,0,0,0,0,0,0
31,cn5019,final_mesh_save,io,0,0,0,0,0,0,0,0,0,0,0,0,0,0,0,0,0,0,0,0
31,cn5019,testout_io,io,0,0,0,0,0,0,0,0,0,0,0,0,0,0,0,0,0,0,0,0
31,cn5019,final_count_exchange,communication,0,0,0,0,0,0,0,0,0,0,0,0,0,0,0,0,0,0,0,0
31,cn5019,quality_evaluation,postprocess,0,0,0,0,0,0,0,0,0,0,0,0,0,0,0,0,0,0,0,0
32,cn5020,geometry_load,io,1.749364778,1,0,0,0,0,0,0,5897,0,1035092,0,0,0,2,2,0,0,0,0
32,cn5020,coarse_local_size,setup,0.463709816,1,0,0,0,0,0,0,8414,0,0,0,0,0,87,24,0,0,0,0
32,cn5020,coarse_edge_mesh,setup,0.0125718079998,1,0,0,0,0,0,0,493,0,0,0,0,0,0,0,0,0,0,0
32,cn5020,coarse_surface_mesh,setup,8.1786078,1,0,0,0,0,0,0,12796,0,0,0,0,0,0,10,0,0,0,0
32,cn5020,coarse_volume_mesh,setup,13.273610726,1,0,0,0,0,0,0,23341,0,0,0,0,0,35086,1476336,0,0,0,0
32,cn5020,coarse_mesh_save,io,0,0,0,0,0,0,0,0,0,0,0,0,0,0,0,0,0,0,0,0
32,cn5020,submesh_initialization,setup,0.000176261999968,1,0,0,0,0,0,0,59,0,0,0,0,0,0,0,0,0,0,0
32,cn5020,metis_partition,compute,0.241688714,1,0,0,0,0,0,0,1855,0,0,0,0,0,0,1,0,0,0,0
32,cn5020,face_map_setup,compute,0.00783965200026,1,0,0,0,0,0,0,577,0,0,0,0,0,0,0,0,0,0,0
32,cn5020,face_local_extract,compute,0.15751942,1,0,0,0,0,0,0,782,0,0,0,0,0,0,0,0,0,0,0
32,cn5020,face_pre_collective_wait,synchronization,0.085152566,1,0,0,0,0,0,0,16,0,0,0,0,0,0,0,0,0,0,0
32,cn5020,face_collective_setup,compute,0.000104641000235,1,0,0,0,0,0,0,13,0,0,0,0,0,0,0,0,0,0,0
32,cn5020,face_allgatherv,communication,0.071454464,1,0,0,0,0,0,0,803,0,0,0,0,0,0,0,1,1,37904,4859624
32,cn5020,face_global_merge,compute,0.0781492429996,1,0,0,0,0,0,0,411,0,0,0,0,0,0,0,0,0,0,0
32,cn5020,part_face_create,compute,0.0191336659996,1,0,0,0,0,0,0,16,0,0,0,0,0,0,0,0,0,0,0
32,cn5020,surface_refine,compute,0.00756130899981,1,0,0,0,0,0,0,6,0,0,0,0,0,0,0,0,0,0,0
32,cn5020,refined_surface_save,io,0,0,0,0,0,0,0,0,0,0,0,0,0,0,0,0,0,0,0,0
32,cn5020,local_volume_mesh,compute,7.889666027,1,0,0,0,0,0,0,3486,0,0,0,0,0,11120,580126,0,0,0,0
32,cn5020,volume_refine,compute,0.390290669,1,0,0,0,0,0,0,6036,0,0,0,0,0,0,0,0,0,0,0
32,cn5020,refined_volume_save,io,0,0,0,0,0,0,0,0,0,0,0,0,0,0,0,0,0,0,0,0
32,cn5020,adjacency_build,compute,0.00413438899977,1,0,0,0,0,0,0,4,0,0,0,0,0,0,0,0,0,0,0
32,cn5020,vertex_numbering_local,compute,0.0060232310002,1,0,0,0,0,0,0,3,0,0,0,0,0,0,0,0,0,0,0
32,cn5020,vertex_count_allgather,communication,3.632107051,1,0,0,0,0,0,0,28,0,0,0,0,0,0,4,1,1,4,512
32,cn5020,element_count_allgather,communication,0.000913231000141,1,0,0,0,0,0,0,1,0,0,0,0,0,0,0,1,1,4,512
32,cn5020,vertex_exchange_prepare,compute,4.16000011683e-06,1,0,0,0,0,0,0,0,0,0,0,0,0,0,0,0,0,0,0
32,cn5020,vertex_exchange,communication,0.00212502500017,1,0,0,0,0,0,0,18,0,0,0,0,0,0,0,1,0,66726,0
32,cn5020,vertex_exchange_unpack,compute,2.88100000034e-06,1,0,0,0,0,0,0,0,0,0,0,0,0,0,0,0,0,0,0
32,cn5020,partition_result_io,io,0,0,0,0,0,0,0,0,0,0,0,0,0,0,0,0,0,0,0,0
32,cn5020,volume_exchange_pack,compute,0.109698855,2,0,0,0,0,0,0,2,0,0,0,0,0,0,0,0,0,0,0
32,cn5020,volume_size_exchange,communication,0.0175726270004,1,0,0,0,0,0,0,2,0,0,0,0,0,0,0,1,1,4,4
32,cn5020,volume_payload_prepare,compute,5.21209999533e-05,1,0,0,0,0,0,0,0,0,0,0,0,0,0,0,0,0,0,0
32,cn5020,volume_payload_exchange,communication,0.0862171579997,1,0,0,0,0,0,0,4,0,0,0,0,0,0,0,1,1,720720,716040
32,cn5020,volume_exchange_unpack,compute,0.074747703,1,0,0,0,0,0,0,2773,0,0,0,0,0,0,0,0,0,0,0
32,cn5020,final_mesh_save,io,0,0,0,0,0,0,0,0,0,0,0,0,0,0,0,0,0,0,0,0
32,cn5020,testout_io,io,0,0,0,0,0,0,0,0,0,0,0,0,0,0,0,0,0,0,0,0
32,cn5020,final_count_exchange,communication,0,0,0,0,0,0,0,0,0,0,0,0,0,0,0,0,0,0,0,0
32,cn5020,quality_evaluation,postprocess,0,0,0,0,0,0,0,0,0,0,0,0,0,0,0,0,0,0,0,0
33,cn5021,geometry_load,io,1.720546386,1,0,0,0,0,0,0,5897,0,1035092,0,0,0,2,1,0,0,0,0
33,cn5021,coarse_local_size,setup,0.466152011,1,0,0,0,0,0,0,8416,0,0,0,0,0,126,24,0,0,0,0
33,cn5021,coarse_edge_mesh,setup,0.0125826010003,1,0,0,0,0,0,0,507,0,0,0,0,0,0,0,0,0,0,0
33,cn5021,coarse_surface_mesh,setup,8.192851792,1,0,0,0,0,0,0,14890,0,0,0,0,0,0,9,0,0,0,0
33,cn5021,coarse_volume_mesh,setup,13.188425088,1,0,0,0,0,0,0,27818,0,0,0,0,0,37264,1495986,0,0,0,0
33,cn5021,coarse_mesh_save,io,0,0,0,0,0,0,0,0,0,0,0,0,0,0,0,0,0,0,0,0
33,cn5021,submesh_initialization,setup,0.000123482000163,1,0,0,0,0,0,0,4,0,0,0,0,0,0,0,0,0,0,0
33,cn5021,metis_partition,compute,0.299056576,1,0,0,0,0,0,0,464,0,0,0,0,0,0,1,0,0,0,0
33,cn5021,face_map_setup,compute,0.00730758200007,1,0,0,0,0,0,0,232,0,0,0,0,0,0,0,0,0,0,0
33,cn5021,face_local_extract,compute,0.159822193,1,0,0,0,0,0,0,711,0,0,0,0,0,0,0,0,0,0,0
33,cn5021,face_pre_collective_wait,synchronization,0.026162573,1,0,0,0,0,0,0,17,0,0,0,0,0,0,0,0,0,0,0
33,cn5021,face_collective_setup,compute,0.000133140999878,1,0,0,0,0,0,0,36,0,0,0,0,0,0,0,0,0,0,0
33,cn5021,face_allgatherv,communication,0.0713459209996,1,0,0,0,0,0,0,850,0,0,0,0,0,0,0,1,1,37904,4859624
33,cn5021,face_global_merge,compute,0.0785774019996,1,0,0,0,0,0,0,759,0,0,0,0,0,0,0,0,0,0,0
33,cn5021,part_face_create,compute,0.0191735950002,1,0,0,0,0,0,0,286,0,0,0,0,0,0,0,0,0,0,0
33,cn5021,surface_refine,compute,0.00852955599976,1,0,0,0,0,0,0,48,0,0,0,0,0,0,0,0,0,0,0
33,cn5021,refined_surface_save,io,0,0,0,0,0,0,0,0,0,0,0,0,0,0,0,0,0,0,0,0
33,cn5021,local_volume_mesh,compute,7.326591492,1,0,0,0,0,0,0,2149,0,0,0,0,0,12993,652223,0,0,0,0
33,cn5021,volume_refine,compute,0.370983283,1,0,0,0,0,0,0,5441,0,0,0,0,0,0,1,0,0,0,0
33,cn5021,refined_volume_save,io,0,0,0,0,0,0,0,0,0,0,0,0,0,0,0,0,0,0,0,0
33,cn5021,adjacency_build,compute,0.00426836799988,1,0,0,0,0,0,0,3,0,0,0,0,0,0,0,0,0,0,0
33,cn5021,vertex_numbering_local,compute,0.00849397599995,1,0,0,0,0,0,0,183,0,0,0,0,0,0,0,0,0,0,0
33,cn5021,vertex_count_allgather,communication,4.210275964,1,0,0,0,0,0,0,59,0,0,0,0,0,0,4,1,1,4,512
33,cn5021,element_count_allgather,communication,0.000876709999829,1,0,0,0,0,0,0,42,0,0,0,0,0,0,0,1,1,4,512
33,cn5021,vertex_exchange_prepare,compute,7.00399996276e-05,1,0,0,0,0,0,0,22,0,0,0,0,0,0,0,0,0,0,0
33,cn5021,vertex_exchange,communication,0.0111051440003,1,0,0,0,0,0,0,44,0,0,0,0,0,0,0,3,1,51986,66726
33,cn5021,vertex_exchange_unpack,compute,0.00116383299974,1,0,0,0,0,0,0,243,0,0,0,0,0,0,0,0,0,0,0
33,cn5021,partition_result_io,io,0,0,0,0,0,0,0,0,0,0,0,0,0,0,0,0,0,0,0,0
33,cn5021,volume_exchange_pack,compute,0.116319545,2,0,0,0,0,0,0,1150,0,0,0,0,0,0,0,0,0,0,0
33,cn5021,volume_size_exchange,communication,0.084911253,1,0,0,0,0,0,0,0,0,0,0,0,0,0,0,4,4,16,16
33,cn5021,volume_payload_prepare,compute,0.000152020999849,1,0,0,0,0,0,0,34,0,0,0,0,0,0,0,0,0,0,0
33,cn5021,volume_payload_exchange,communication,0.00552812199976,1,0,0,0,0,0,0,154,0,0,0,0,0,0,0,4,4,1240200,1243440
33,cn5021,volume_exchange_unpack,compute,0.0780947159997,1,0,0,0,0,0,0,3391,0,0,0,0,0,0,0,0,0,0,0
33,cn5021,final_mesh_save,io,0,0,0,0,0,0,0,0,0,0,0,0,0,0,0,0,0,0,0,0
33,cn5021,testout_io,io,0,0,0,0,0,0,0,0,0,0,0,0,0,0,0,0,0,0,0,0
33,cn5021,final_count_exchange,communication,0,0,0,0,0,0,0,0,0,0,0,0,0,0,0,0,0,0,0,0
33,cn5021,quality_evaluation,postprocess,0,0,0,0,0,0,0,0,0,0,0,0,0,0,0,0,0,0,0,0
34,cn5022,geometry_load,io,1.759871105,1,0,0,0,0,0,0,5894,0,1035092,0,0,0,2,4,0,0,0,0
34,cn5022,coarse_local_size,setup,0.469516211,1,0,0,0,0,0,0,8308,0,0,0,0,0,94,21,0,0,0,0
34,cn5022,coarse_edge_mesh,setup,0.0123132570002,1,0,0,0,0,0,0,435,0,0,0,0,0,0,0,0,0,0,0
34,cn5022,coarse_surface_mesh,setup,8.231466761,1,0,0,0,0,0,0,17209,0,0,0,0,0,0,11,0,0,0,0
34,cn5022,coarse_volume_mesh,setup,13.204093517,1,0,0,0,0,0,0,26803,0,0,0,0,0,37312,1534667,0,0,0,0
34,cn5022,coarse_mesh_save,io,0,0,0,0,0,0,0,0,0,0,0,0,0,0,0,0,0,0,0,0
34,cn5022,submesh_initialization,setup,0.000178981999852,1,0,0,0,0,0,0,57,0,0,0,0,0,0,0,0,0,0,0
34,cn5022,metis_partition,compute,0.241717012,1,0,0,0,0,0,0,1984,0,0,0,0,0,0,0,0,0,0,0
34,cn5022,face_map_setup,compute,0.00753278399998,1,0,0,0,0,0,0,589,0,0,0,0,0,0,0,0,0,0,0
34,cn5022,face_local_extract,compute,0.158452045,1,0,0,0,0,0,0,829,0,0,0,0,0,0,2,0,0,0,0
34,cn5022,face_pre_collective_wait,synchronization,0.0844669409998,1,0,0,0,0,0,0,15,0,0,0,0,0,0,0,0,0,0,0
34,cn5022,face_collective_setup,compute,0.000109241000246,1,0,0,0,0,0,0,16,0,0,0,0,0,0,0,0,0,0,0
34,cn5022,face_allgatherv,communication,0.0713118149997,1,0,0,0,0,0,0,1152,0,0,0,0,0,0,0,1,1,37904,4859624
34,cn5022,face_global_merge,compute,0.0793410640003,1,0,0,0,0,0,0,505,0,0,0,0,0,0,0,0,0,0,0
34,cn5022,part_face_create,compute,0.0191824330004,1,0,0,0,0,0,0,24,0,0,0,0,0,0,1,0,0,0,0
34,cn5022,surface_refine,compute,0.0100693120003,1,0,0,0,0,0,0,47,0,0,0,0,0,0,0,0,0,0,0
34,cn5022,refined_surface_save,io,0,0,0,0,0,0,0,0,0,0,0,0,0,0,0,0,0,0,0,0
34,cn5022,local_volume_mesh,compute,8.573639772,1,0,0,0,0,0,0,4407,0,0,0,0,0,14212,635110,0,0,0,0
34,cn5022,volume_refine,compute,0.460259107,1,0,0,0,0,0,0,5997,0,0,0,0,0,0,1,0,0,0,0
34,cn5022,refined_volume_save,io,0,0,0,0,0,0,0,0,0,0,0,0,0,0,0,0,0,0,0,0
34,cn5022,adjacency_build,compute,0.00450452999985,1,0,0,0,0,0,0,14,0,0,0,0,0,0,0,0,0,0,0
34,cn5022,vertex_numbering_local,compute,0.0111226439999,1,0,0,0,0,0,0,7,0,0,0,0,0,0,0,0,0,0,0
34,cn5022,vertex_count_allgather,communication,2.868901961,1,0,0,0,0,0,0,45,0,0,0,0,0,0,4,1,1,4,512
34,cn5022,element_count_allgather,communication,0.00088495,1,0,0,0,0,0,0,2,0,0,0,0,0,0,0,1,1,4,512
34,cn5022,vertex_exchange_prepare,compute,1.91010003618e-05,1,0,0,0,0,0,0,0,0,0,0,0,0,0,0,0,0,0,0
34,cn5022,vertex_exchange,communication,0.01258534,1,0,0,0,0,0,0,770,0,0,0,0,0,0,0,6,6,163460,32868
34,cn5022,vertex_exchange_unpack,compute,0.00052238599983,1,0,0,0,0,0,0,0,0,0,0,0,0,0,0,0,0,0,0
34,cn5022,partition_result_io,io,0,0,0,0,0,0,0,0,0,0,0,0,0,0,0,0,0,0,0,0
34,cn5022,volume_exchange_pack,compute,0.15888587,2,0,0,0,0,0,0,2,0,0,0,0,0,0,1,0,0,0,0
34,cn5022,volume_size_exchange,communication,0.042068149,1,0,0,0,0,0,0,3,0,0,0,0,0,0,0,7,7,28,28
34,cn5022,volume_payload_prepare,compute,0.000148082000123,1,0,0,0,0,0,0,0,0,0,0,0,0,0,0,0,0,0,0
34,cn5022,volume_payload_exchange,communication,0.00561476199982,1,0,0,0,0,0,0,29,0,0,0,0,0,0,0,7,7,2046600,2046960
34,cn5022,volume_exchange_unpack,compute,0.114156212,1,0,0,0,0,0,0,3562,0,0,0,0,0,0,0,0,0,0,0
34,cn5022,final_mesh_save,io,0,0,0,0,0,0,0,0,0,0,0,0,0,0,0,0,0,0,0,0
34,cn5022,testout_io,io,0,0,0,0,0,0,0,0,0,0,0,0,0,0,0,0,0,0,0,0
34,cn5022,final_count_exchange,communication,0,0,0,0,0,0,0,0,0,0,0,0,0,0,0,0,0,0,0,0
34,cn5022,quality_evaluation,postprocess,0,0,0,0,0,0,0,0,0,0,0,0,0,0,0,0,0,0,0,0
35,cn5023,geometry_load,io,1.749722681,1,0,0,0,0,0,0,5894,0,1035092,0,0,0,2,4,0,0,0,0
35,cn5023,coarse_local_size,setup,0.457313753,1,0,0,0,0,0,0,7740,0,0,0,0,0,95,21,0,0,0,0
35,cn5023,coarse_edge_mesh,setup,0.012665663,1,0,0,0,0,0,0,515,0,0,0,0,0,0,0,0,0,0,0
35,cn5023,coarse_surface_mesh,setup,8.081293878,1,0,0,0,0,0,0,12715,0,0,0,0,0,0,12,0,0,0,0
35,cn5023,coarse_volume_mesh,setup,13.371846383,1,0,0,0,0,0,0,23756,0,0,0,0,0,36869,1752776,0,0,0,0
35,cn5023,coarse_mesh_save,io,0,0,0,0,0,0,0,0,0,0,0,0,0,0,0,0,0,0,0,0
35,cn5023,submesh_initialization,setup,0.000127940999846,1,0,0,0,0,0,0,1,0,0,0,0,0,0,0,0,0,0,0
35,cn5023,metis_partition,compute,0.230279093,1,0,0,0,0,0,0,356,0,0,0,0,0,0,0,0,0,0,0
35,cn5023,face_map_setup,compute,0.00707534899993,1,0,0,0,0,0,0,224,0,0,0,0,0,0,0,0,0,0,0
35,cn5023,face_local_extract,compute,0.15983521,1,0,0,0,0,0,0,591,0,0,0,0,0,0,1,0,0,0,0
35,cn5023,face_pre_collective_wait,synchronization,0.0951447819998,1,0,0,0,0,0,0,1,0,0,0,0,0,0,0,0,0,0,0
35,cn5023,face_collective_setup,compute,0.000107262000256,1,0,0,0,0,0,0,16,0,0,0,0,0,0,0,0,0,0,0
35,cn5023,face_allgatherv,communication,0.0712256699999,1,0,0,0,0,0,0,648,0,0,0,0,0,0,0,1,1,37904,4859624
35,cn5023,face_global_merge,compute,0.0778213550002,1,0,0,0,0,0,0,298,0,0,0,0,0,0,0,0,0,0,0
35,cn5023,part_face_create,compute,0.018856442,1,0,0,0,0,0,0,3,0,0,0,0,0,0,0,0,0,0,0
35,cn5023,surface_refine,compute,0.00986689499996,1,0,0,0,0,0,0,49,0,0,0,0,0,0,0,0,0,0,0
35,cn5023,refined_surface_save,io,0,0,0,0,0,0,0,0,0,0,0,0,0,0,0,0,0,0,0,0
35,cn5023,local_volume_mesh,compute,7.992998243,1,0,0,0,0,0,0,3954,0,0,0,0,0,9422,301892,0,0,0,0
35,cn5023,volume_refine,compute,0.642301226,1,0,0,0,0,0,0,3819,0,0,0,0,0,0,0,0,0,0,0
35,cn5023,refined_volume_save,io,0,0,0,0,0,0,0,0,0,0,0,0,0,0,0,0,0,0,0,0
35,cn5023,adjacency_build,compute,0.00442962300031,1,0,0,0,0,0,0,7,0,0,0,0,0,0,0,0,0,0,0
35,cn5023,vertex_numbering_local,compute,0.011128007,1,0,0,0,0,0,0,2,0,0,0,0,0,0,0,0,0,0,0
35,cn5023,vertex_count_allgather,communication,3.269596755,1,0,0,0,0,0,0,96,0,0,0,0,0,0,4,1,1,4,512
35,cn5023,element_count_allgather,communication,0.000763906999964,1,0,0,0,0,0,0,7,0,0,0,0,0,0,0,1,1,4,512
35,cn5023,vertex_exchange_prepare,compute,4.17000001107e-05,1,0,0,0,0,0,0,12,0,0,0,0,0,0,0,0,0,0,0
35,cn5023,vertex_exchange,communication,0.012764564,1,0,0,0,0,0,0,69,0,0,0,0,0,0,0,8,7,133804,67848
35,cn5023,vertex_exchange_unpack,compute,0.00157765499989,1,0,0,0,0,0,0,609,0,0,0,0,0,0,0,0,0,0,0
35,cn5023,partition_result_io,io,0,0,0,0,0,0,0,0,0,0,0,0,0,0,0,0,0,0,0,0
35,cn5023,volume_exchange_pack,compute,0.199338812,2,0,0,0,0,0,0,2359,0,0,0,0,0,0,0,0,0,0,0
35,cn5023,volume_size_exchange,communication,0.00387307699975,1,0,0,0,0,0,0,2,0,0,0,0,0,0,0,8,8,32,32
35,cn5023,volume_payload_prepare,compute,0.000493684000048,1,0,0,0,0,0,0,170,0,0,0,0,0,0,0,0,0,0,0
35,cn5023,volume_payload_exchange,communication,0.0031950309999,1,0,0,0,0,0,0,276,0,0,0,0,0,0,0,8,8,2118840,2115600
35,cn5023,volume_exchange_unpack,compute,0.140802365,1,0,0,0,0,0,0,5855,0,0,0,0,0,0,0,0,0,0,0
35,cn5023,final_mesh_save,io,0,0,0,0,0,0,0,0,0,0,0,0,0,0,0,0,0,0,0,0
35,cn5023,testout_io,io,0,0,0,0,0,0,0,0,0,0,0,0,0,0,0,0,0,0,0,0
35,cn5023,final_count_exchange,communication,0,0,0,0,0,0,0,0,0,0,0,0,0,0,0,0,0,0,0,0
35,cn5023,quality_evaluation,postprocess,0,0,0,0,0,0,0,0,0,0,0,0,0,0,0,0,0,0,0,0
36,cn5024,geometry_load,io,1.731218109,1,0,0,0,0,0,0,5895,0,1035092,0,0,0,2,2,0,0,0,0
36,cn5024,coarse_local_size,setup,0.459627702,1,0,0,0,0,0,0,8420,0,0,0,0,0,82,22,0,0,0,0
36,cn5024,coarse_edge_mesh,setup,0.0125580190002,1,0,0,0,0,0,0,522,0,0,0,0,0,0,0,0,0,0,0
36,cn5024,coarse_surface_mesh,setup,8.186460114,1,0,0,0,0,0,0,14752,0,0,0,0,0,0,10,0,0,0,0
36,cn5024,coarse_volume_mesh,setup,13.427404338,1,0,0,0,0,0,0,26071,0,0,0,0,0,39036,1612519,0,0,0,0
36,cn5024,coarse_mesh_save,io,0,0,0,0,0,0,0,0,0,0,0,0,0,0,0,0,0,0,0,0
36,cn5024,submesh_initialization,setup,0.000158422999903,1,0,0,0,0,0,0,39,0,0,0,0,0,0,0,0,0,0,0
36,cn5024,metis_partition,compute,0.235199959,1,0,0,0,0,0,0,1745,0,0,0,0,0,0,1,0,0,0,0
36,cn5024,face_map_setup,compute,0.00737891400013,1,0,0,0,0,0,0,486,0,0,0,0,0,0,0,0,0,0,0
36,cn5024,face_local_extract,compute,0.161775549,1,0,0,0,0,0,0,825,0,0,0,0,0,0,0,0,0,0,0
36,cn5024,face_pre_collective_wait,synchronization,0.0878930140002,1,0,0,0,0,0,0,16,0,0,0,0,0,0,0,0,0,0,0
36,cn5024,face_collective_setup,compute,0.000103340999885,1,0,0,0,0,0,0,13,0,0,0,0,0,0,0,0,0,0,0
36,cn5024,face_allgatherv,communication,0.0690109740003,1,0,0,0,0,0,0,714,0,0,0,0,0,0,0,1,1,37904,4859624
36,cn5024,face_global_merge,compute,0.0791161820002,1,0,0,0,0,0,0,488,0,0,0,0,0,0,0,0,0,0,0
36,cn5024,part_face_create,compute,0.0189689200001,1,0,0,0,0,0,0,20,0,0,0,0,0,0,0,0,0,0,0
36,cn5024,surface_refine,compute,0.00994922599966,1,0,0,0,0,0,0,45,0,0,0,0,0,0,0,0,0,0,0
36,cn5024,refined_surface_save,io,0,0,0,0,0,0,0,0,0,0,0,0,0,0,0,0,0,0,0,0
36,cn5024,local_volume_mesh,compute,9.16831261,1,0,0,0,0,0,0,2914,0,0,0,0,0,12642,589101,0,0,0,0
36,cn5024,volume_refine,compute,0.479526534,1,0,0,0,0,0,0,6288,0,0,0,0,0,0,1,0,0,0,0
36,cn5024,refined_volume_save,io,0,0,0,0,0,0,0,0,0,0,0,0,0,0,0,0,0,0,0,0
36,cn5024,adjacency_build,compute,0.00403537099965,1,0,0,0,0,0,0,0,0,0,0,0,0,0,0,0,0,0,0
36,cn5024,vertex_numbering_local,compute,0.0107861959996,1,0,0,0,0,0,0,254,0,0,0,0,0,0,0,0,0,0,0
36,cn5024,vertex_count_allgather,communication,2.25872199,1,0,0,0,0,0,0,28,0,0,0,0,0,0,2,1,1,4,512
36,cn5024,element_count_allgather,communication,0.000861050999902,1,0,0,0,0,0,0,38,0,0,0,0,0,0,0,1,1,4,512
36,cn5024,vertex_exchange_prepare,compute,5.97809998908e-05,1,0,0,0,0,0,0,11,0,0,0,0,0,0,0,0,0,0,0
36,cn5024,vertex_exchange,communication,0.0118923109999,1,0,0,0,0,0,0,821,0,0,0,0,0,0,0,6,6,104566,43670
36,cn5024,vertex_exchange_unpack,compute,0.000639108000087,1,0,0,0,0,0,0,0,0,0,0,0,0,0,0,0,0,0,0
36,cn5024,partition_result_io,io,0,0,0,0,0,0,0,0,0,0,0,0,0,0,0,0,0,0,0,0
36,cn5024,volume_exchange_pack,compute,0.164780367,2,0,0,0,0,0,0,595,0,0,0,0,0,0,0,0,0,0,0
36,cn5024,volume_size_exchange,communication,0.013775035,1,0,0,0,0,0,0,3,0,0,0,0,0,0,0,7,7,28,28
36,cn5024,volume_payload_prepare,compute,0.000317064000228,1,0,0,0,0,0,0,102,0,0,0,0,0,0,0,0,0,0,0
36,cn5024,volume_payload_exchange,communication,0.024227287,1,0,0,0,0,0,0,176,0,0,0,0,0,0,0,7,7,1548840,1546560
36,cn5024,volume_exchange_unpack,compute,0.166222166,1,0,0,0,0,0,0,4935,0,0,0,0,0,0,0,0,0,0,0
36,cn5024,final_mesh_save,io,0,0,0,0,0,0,0,0,0,0,0,0,0,0,0,0,0,0,0,0
36,cn5024,testout_io,io,0,0,0,0,0,0,0,0,0,0,0,0,0,0,0,0,0,0,0,0
36,cn5024,final_count_exchange,communication,0,0,0,0,0,0,0,0,0,0,0,0,0,0,0,0,0,0,0,0
36,cn5024,quality_evaluation,postprocess,0,0,0,0,0,0,0,0,0,0,0,0,0,0,0,0,0,0,0,0
37,cn5025,geometry_load,io,1.797484429,1,0,0,0,0,0,0,5060,0,1035092,0,0,0,3,16,0,0,0,0
37,cn5025,coarse_local_size,setup,0.731276371,1,0,0,0,0,0,0,8278,0,0,0,0,0,117,51,0,0,0,0
37,cn5025,coarse_edge_mesh,setup,0.0124086010001,1,0,0,0,0,0,0,520,0,0,0,0,0,0,0,0,0,0,0
37,cn5025,coarse_surface_mesh,setup,8.108572755,1,0,0,0,0,0,0,10775,0,0,0,0,0,0,75,0,0,0,0
37,cn5025,coarse_volume_mesh,setup,13.472047793,1,0,0,0,0,0,0,22319,0,0,0,0,0,37343,1681337,0,0,0,0
37,cn5025,coarse_mesh_save,io,0,0,0,0,0,0,0,0,0,0,0,0,0,0,0,0,0,0,0,0
37,cn5025,submesh_initialization,setup,0.000119560999792,1,0,0,0,0,0,0,1,0,0,0,0,0,0,0,0,0,0,0
37,cn5025,metis_partition,compute,0.238855915,1,0,0,0,0,0,0,464,0,0,0,0,0,0,3,0,0,0,0
37,cn5025,face_map_setup,compute,0.00717530100019,1,0,0,0,0,0,0,185,0,0,0,0,0,0,0,0,0,0,0
37,cn5025,face_local_extract,compute,0.162436746,1,0,0,0,0,0,0,637,0,0,0,0,0,0,1,0,0,0,0
37,cn5025,face_pre_collective_wait,synchronization,0.0838517329998,1,0,0,0,0,0,0,1,0,0,0,0,0,0,1,0,0,0,0
37,cn5025,face_collective_setup,compute,0.000108102000013,1,0,0,0,0,0,0,13,0,0,0,0,0,0,0,0,0,0,0
37,cn5025,face_allgatherv,communication,0.0708780650002,1,0,0,0,0,0,0,790,0,0,0,0,0,0,0,1,1,37904,4859624
37,cn5025,face_global_merge,compute,0.0780782470001,1,0,0,0,0,0,0,27,0,0,0,0,0,0,1,0,0,0,0
37,cn5025,part_face_create,compute,0.0188169339999,1,0,0,0,0,0,0,3,0,0,0,0,0,0,0,0,0,0,0
37,cn5025,surface_refine,compute,0.00868845900004,1,0,0,0,0,0,0,45,0,0,0,0,0,0,0,0,0,0,0
37,cn5025,refined_surface_save,io,0,0,0,0,0,0,0,0,0,0,0,0,0,0,0,0,0,0,0,0
37,cn5025,local_volume_mesh,compute,7.53354842,1,0,0,0,0,0,0,5281,0,0,0,0,0,9841,489559,0,0,0,0
37,cn5025,volume_refine,compute,0.371886106,1,0,0,0,0,0,0,8097,0,0,0,0,0,0,4,0,0,0,0
37,cn5025,refined_volume_save,io,0,0,0,0,0,0,0,0,0,0,0,0,0,0,0,0,0,0,0,0
37,cn5025,adjacency_build,compute,0.00464899200006,1,0,0,0,0,0,0,30,0,0,0,0,0,0,0,0,0,0,0
37,cn5025,vertex_numbering_local,compute,0.0134588330002,1,0,0,0,0,0,0,411,0,0,0,0,0,0,0,0,0,0,0
37,cn5025,vertex_count_allgather,communication,3.998621105,1,0,0,0,0,0,0,28,0,0,0,0,0,0,39,1,1,4,512
37,cn5025,element_count_allgather,communication,0.000580786999762,1,0,0,0,0,0,0,38,0,0,0,0,0,0,0,1,1,4,512
37,cn5025,vertex_exchange_prepare,compute,7.98609999038e-05,1,0,0,0,0,0,0,22,0,0,0,0,0,0,0,0,0,0,0
37,cn5025,vertex_exchange,communication,0.0198336460003,1,0,0,0,0,0,0,320,0,0,0,0,0,0,0,11,9,187396,79992
37,cn5025,vertex_exchange_unpack,compute,0.00115365299962,1,0,0,0,0,0,0,0,0,0,0,0,0,0,0,0,0,0,0
37,cn5025,partition_result_io,io,0,0,0,0,0,0,0,0,0,0,0,0,0,0,0,0,0,0,0,0
37,cn5025,volume_exchange_pack,compute,0.142350958,2,0,0,0,0,0,0,1055,0,0,0,0,0,0,1,0,0,0,0
37,cn5025,volume_size_exchange,communication,0.0502776519997,1,0,0,0,0,0,0,1,0,0,0,0,0,0,1,9,9,36,36
37,cn5025,volume_payload_prepare,compute,0.000520625999798,1,0,0,0,0,0,0,170,0,0,0,0,0,0,0,0,0,0,0
37,cn5025,volume_payload_exchange,communication,0.00589218699997,1,0,0,0,0,0,0,372,0,0,0,0,0,0,0,9,9,2853360,2849640
37,cn5025,volume_exchange_unpack,compute,0.111137083,1,0,0,0,0,0,0,3348,0,0,0,0,0,0,1,0,0,0,0
37,cn5025,final_mesh_save,io,0,0,0,0,0,0,0,0,0,0,0,0,0,0,0,0,0,0,0,0
37,cn5025,testout_io,io,0,0,0,0,0,0,0,0,0,0,0,0,0,0,0,0,0,0,0,0
37,cn5025,final_count_exchange,communication,0,0,0,0,0,0,0,0,0,0,0,0,0,0,0,0,0,0,0,0
37,cn5025,quality_evaluation,postprocess,0,0,0,0,0,0,0,0,0,0,0,0,0,0,0,0,0,0,0,0
38,cn5026,geometry_load,io,1.7407777,1,0,0,0,0,0,0,5897,0,1035092,0,0,0,2,7,0,0,0,0
38,cn5026,coarse_local_size,setup,0.463947441,1,0,0,0,0,0,0,7967,0,0,0,0,0,96,23,0,0,0,0
38,cn5026,coarse_edge_mesh,setup,0.0125898009996,1,0,0,0,0,0,0,507,0,0,0,0,0,0,0,0,0,0,0
38,cn5026,coarse_surface_mesh,setup,8.228801578,1,0,0,0,0,0,0,17184,0,0,0,0,0,0,8,0,0,0,0
38,cn5026,coarse_volume_mesh,setup,13.34904714,1,0,0,0,0,0,0,26766,0,0,0,0,0,37158,1575101,0,0,0,0
38,cn5026,coarse_mesh_save,io,0,0,0,0,0,0,0,0,0,0,0,0,0,0,0,0,0,0,0,0
38,cn5026,submesh_initialization,setup,0.000120401000004,1,0,0,0,0,0,0,1,0,0,0,0,0,0,0,0,0,0,0
38,cn5026,metis_partition,compute,0.235305527,1,0,0,0,0,0,0,488,0,0,0,0,0,0,0,0,0,0,0
38,cn5026,face_map_setup,compute,0.0073457819999,1,0,0,0,0,0,0,225,0,0,0,0,0,0,0,0,0,0,0
38,cn5026,face_local_extract,compute,0.157925004,1,0,0,0,0,0,0,667,0,0,0,0,0,0,1,0,0,0,0
38,cn5026,face_pre_collective_wait,synchronization,0.0917694050004,1,0,0,0,0,0,0,1,0,0,0,0,0,0,0,0,0,0,0
38,cn5026,face_collective_setup,compute,0.000111500999992,1,0,0,0,0,0,0,16,0,0,0,0,0,0,0,0,0,0,0
38,cn5026,face_allgatherv,communication,0.0715940200002,1,0,0,0,0,0,0,1212,0,0,0,0,0,0,0,1,1,37904,4859624
38,cn5026,face_global_merge,compute,0.0789214609999,1,0,0,0,0,0,0,240,0,0,0,0,0,0,0,0,0,0,0
38,cn5026,part_face_create,compute,0.0219961659996,1,0,0,0,0,0,0,1628,0,0,0,0,0,0,0,0,0,0,0
38,cn5026,surface_refine,compute,0.00719159999971,1,0,0,0,0,0,0,270,0,0,0,0,0,0,0,0,0,0,0
38,cn5026,refined_surface_save,io,0,0,0,0,0,0,0,0,0,0,0,0,0,0,0,0,0,0,0,0
38,cn5026,local_volume_mesh,compute,8.093187803,1,0,0,0,0,0,0,1837,0,0,0,0,0,10757,612054,0,0,0,0
38,cn5026,volume_refine,compute,0.365474142,1,0,0,0,0,0,0,4329,0,0,0,0,0,0,0,0,0,0,0
38,cn5026,refined_volume_save,io,0,0,0,0,0,0,0,0,0,0,0,0,0,0,0,0,0,0,0,0
38,cn5026,adjacency_build,compute,0.00401428499981,1,0,0,0,0,0,0,0,0,0,0,0,0,0,0,0,0,0,0
38,cn5026,vertex_numbering_local,compute,0.00551392199986,1,0,0,0,0,0,0,1,0,0,0,0,0,0,0,0,0,0,0
38,cn5026,vertex_count_allgather,communication,3.450377573,1,0,0,0,0,0,0,68,0,0,0,0,0,0,4,1,1,4,512
38,cn5026,element_count_allgather,communication,0.000857710000219,1,0,0,0,0,0,0,3,0,0,0,0,0,0,0,1,1,4,512
38,cn5026,vertex_exchange_prepare,compute,1.42399999277e-05,1,0,0,0,0,0,0,4,0,0,0,0,0,0,0,0,0,0,0
38,cn5026,vertex_exchange,communication,0.00149467700021,1,0,0,0,0,0,0,24,0,0,0,0,0,0,0,1,0,75350,0
38,cn5026,vertex_exchange_unpack,compute,2.20000038098e-06,1,0,0,0,0,0,0,0,0,0,0,0,0,0,0,0,0,0,0
38,cn5026,partition_result_io,io,0,0,0,0,0,0,0,0,0,0,0,0,0,0,0,0,0,0,0,0
38,cn5026,volume_exchange_pack,compute,0.104604468,2,0,0,0,0,0,0,613,0,0,0,0,0,0,0,0,0,0,0
38,cn5026,volume_size_exchange,communication,0.040702195,1,0,0,0,0,0,0,3,0,0,0,0,0,0,0,1,1,4,4
38,cn5026,volume_payload_prepare,compute,5.87999998061e-05,1,0,0,0,0,0,0,0,0,0,0,0,0,0,0,0,0,0,0
38,cn5026,volume_payload_exchange,communication,0.032354162,1,0,0,0,0,0,0,4,0,0,0,0,0,0,0,1,1,814560,804480
38,cn5026,volume_exchange_unpack,compute,0.0716713400002,1,0,0,0,0,0,0,2604,0,0,0,0,0,0,0,0,0,0,0
38,cn5026,final_mesh_save,io,0,0,0,0,0,0,0,0,0,0,0,0,0,0,0,0,0,0,0,0
38,cn5026,testout_io,io,0,0,0,0,0,0,0,0,0,0,0,0,0,0,0,0,0,0,0,0
38,cn5026,final_count_exchange,communication,0,0,0,0,0,0,0,0,0,0,0,0,0,0,0,0,0,0,0,0
38,cn5026,quality_evaluation,postprocess,0,0,0,0,0,0,0,0,0,0,0,0,0,0,0,0,0,0,0,0
39,cn5027,geometry_load,io,1.750301835,1,0,0,0,0,0,0,5896,0,1035092,0,0,0,2,3,0,0,0,0
39,cn5027,coarse_local_size,setup,0.463830986,1,0,0,0,0,0,0,8318,0,0,0,0,0,94,21,0,0,0,0
39,cn5027,coarse_edge_mesh,setup,0.0126179590002,1,0,0,0,0,0,0,517,0,0,0,0,0,0,0,0,0,0,0
39,cn5027,coarse_surface_mesh,setup,8.189729552,1,0,0,0,0,0,0,17275,0,0,0,0,0,0,9,0,0,0,0
39,cn5027,coarse_volume_mesh,setup,13.384510129,1,0,0,0,0,0,0,25585,0,0,0,0,0,37583,1549778,0,0,0,0
39,cn5027,coarse_mesh_save,io,0,0,0,0,0,0,0,0,0,0,0,0,0,0,0,0,0,0,0,0
39,cn5027,submesh_initialization,setup,0.000123622000046,1,0,0,0,0,0,0,1,0,0,0,0,0,0,0,0,0,0,0
39,cn5027,metis_partition,compute,0.326836993,1,0,0,0,0,0,0,262,0,0,0,0,0,0,0,0,0,0,0
39,cn5027,face_map_setup,compute,0.00666910400014,1,0,0,0,0,0,0,3,0,0,0,0,0,0,0,0,0,0,0
39,cn5027,face_local_extract,compute,0.158773528,1,0,0,0,0,0,0,366,0,0,0,0,0,0,0,0,0,0,0
39,cn5027,face_pre_collective_wait,synchronization,4.71210000796e-05,1,0,0,0,0,0,0,1,0,0,0,0,0,0,0,0,0,0,0
39,cn5027,face_collective_setup,compute,0.000104921000002,1,0,0,0,0,0,0,13,0,0,0,0,0,0,0,0,0,0,0
39,cn5027,face_allgatherv,communication,0.0717541680001,1,0,0,0,0,0,0,823,0,0,0,0,0,0,0,1,1,37904,4859624
39,cn5027,face_global_merge,compute,0.0747026049999,1,0,0,0,0,0,0,460,0,0,0,0,0,0,1,0,0,0,0
39,cn5027,part_face_create,compute,0.018096109,1,0,0,0,0,0,0,265,0,0,0,0,0,0,0,0,0,0,0
39,cn5027,surface_refine,compute,0.00843822700017,1,0,0,0,0,0,0,44,0,0,0,0,0,0,0,0,0,0,0
39,cn5027,refined_surface_save,io,0,0,0,0,0,0,0,0,0,0,0,0,0,0,0,0,0,0,0,0
39,cn5027,local_volume_mesh,compute,9.316106038,1,0,0,0,0,0,0,892,0,0,0,0,0,16155,885865,0,0,0,0
39,cn5027,volume_refine,compute,0.47998439,1,0,0,0,0,0,0,4652,0,0,0,0,0,0,1,0,0,0,0
39,cn5027,refined_volume_save,io,0,0,0,0,0,0,0,0,0,0,0,0,0,0,0,0,0,0,0,0
39,cn5027,adjacency_build,compute,0.00401259099999,1,0,0,0,0,0,0,0,0,0,0,0,0,0,0,0,0,0,0
39,cn5027,vertex_numbering_local,compute,0.00874701099974,1,0,0,0,0,0,0,76,0,0,0,0,0,0,0,0,0,0,0
39,cn5027,vertex_count_allgather,communication,2.116664109,1,0,0,0,0,0,0,59,0,0,0,0,0,0,2,1,1,4,512
39,cn5027,element_count_allgather,communication,0.000745989999814,1,0,0,0,0,0,0,43,0,0,0,0,0,0,0,1,1,4,512
39,cn5027,vertex_exchange_prepare,compute,0.000117880999824,1,0,0,0,0,0,0,34,0,0,0,0,0,0,0,0,0,0,0
39,cn5027,vertex_exchange,communication,0.0120399130001,1,0,0,0,0,0,0,32,0,0,0,0,0,0,0,2,3,15664,116908
39,cn5027,vertex_exchange_unpack,compute,0.00161883999999,1,0,0,0,0,0,0,11,0,0,0,0,0,0,0,0,0,0,0
39,cn5027,partition_result_io,io,0,0,0,0,0,0,0,0,0,0,0,0,0,0,0,0,0,0,0,0
39,cn5027,volume_exchange_pack,compute,0.132920401,2,0,0,0,0,0,0,1176,0,0,0,0,0,0,0,0,0,0,0
39,cn5027,volume_size_exchange,communication,0.0309435509998,1,0,0,0,0,0,0,0,0,0,0,0,0,0,0,4,4,16,16
39,cn5027,volume_payload_prepare,compute,0.000297344000046,1,0,0,0,0,0,0,102,0,0,0,0,0,0,0,0,0,0,0
39,cn5027,volume_payload_exchange,communication,0.0379396799999,1,0,0,0,0,0,0,239,0,0,0,0,0,0,0,4,4,1390680,1406400
39,cn5027,volume_exchange_unpack,compute,0.0944262339999,1,0,0,0,0,0,0,4235,0,0,0,0,0,0,0,0,0,0,0
39,cn5027,final_mesh_save,io,0,0,0,0,0,0,0,0,0,0,0,0,0,0,0,0,0,0,0,0
39,cn5027,testout_io,io,0,0,0,0,0,0,0,0,0,0,0,0,0,0,0,0,0,0,0,0
39,cn5027,final_count_exchange,communication,0,0,0,0,0,0,0,0,0,0,0,0,0,0,0,0,0,0,0,0
39,cn5027,quality_evaluation,postprocess,0,0,0,0,0,0,0,0,0,0,0,0,0,0,0,0,0,0,0,0
40,cn5028,geometry_load,io,1.732866094,1,0,0,0,0,0,0,5896,0,1035092,0,0,0,2,18,0,0,0,0
40,cn5028,coarse_local_size,setup,0.454284048,1,0,0,0,0,0,0,7896,0,0,0,0,0,80,23,0,0,0,0
40,cn5028,coarse_edge_mesh,setup,0.012633631,1,0,0,0,0,0,0,509,0,0,0,0,0,0,0,0,0,0,0
40,cn5028,coarse_surface_mesh,setup,8.236306836,1,0,0,0,0,0,0,15525,0,0,0,0,0,1,70,0,0,0,0
40,cn5028,coarse_volume_mesh,setup,13.396737461,1,0,0,0,0,0,0,22512,0,0,0,0,0,39484,1704802,0,0,0,0
40,cn5028,coarse_mesh_save,io,0,0,0,0,0,0,0,0,0,0,0,0,0,0,0,0,0,0,0,0
40,cn5028,submesh_initialization,setup,0.000118742000268,1,0,0,0,0,0,0,1,0,0,0,0,0,0,0,0,0,0,0
40,cn5028,metis_partition,compute,0.227531459,1,0,0,0,0,0,0,91,0,0,0,0,0,0,3,0,0,0,0
40,cn5028,face_map_setup,compute,0.00660940899979,1,0,0,0,0,0,0,3,0,0,0,0,0,0,0,0,0,0,0
40,cn5028,face_local_extract,compute,0.157806256,1,0,0,0,0,0,0,650,0,0,0,0,0,0,1,0,0,0,0
40,cn5028,face_pre_collective_wait,synchronization,0.100409059,1,0,0,0,0,0,0,1,0,0,0,0,0,0,1,0,0,0,0
40,cn5028,face_collective_setup,compute,0.000108900999749,1,0,0,0,0,0,0,16,0,0,0,0,0,0,0,0,0,0,0
40,cn5028,face_allgatherv,communication,0.0717468909997,1,0,0,0,0,0,0,1202,0,0,0,0,0,0,0,1,1,37904,4859624
40,cn5028,face_global_merge,compute,0.074209504,1,0,0,0,0,0,0,100,0,0,0,0,0,0,1,0,0,0,0
40,cn5028,part_face_create,compute,0.0180397439999,1,0,0,0,0,0,0,3,0,0,0,0,0,0,0,0,0,0,0
40,cn5028,surface_refine,compute,0.00967947100025,1,0,0,0,0,0,0,48,0,0,0,0,0,0,0,0,0,0,0
40,cn5028,refined_surface_save,io,0,0,0,0,0,0,0,0,0,0,0,0,0,0,0,0,0,0,0,0
40,cn5028,local_volume_mesh,compute,8.957471516,1,0,0,0,0,0,0,3364,0,0,0,0,0,12763,695438,0,0,0,0
40,cn5028,volume_refine,compute,0.502536641,1,0,0,0,0,0,0,6550,0,0,0,0,0,0,4,0,0,0,0
40,cn5028,refined_volume_save,io,0,0,0,0,0,0,0,0,0,0,0,0,0,0,0,0,0,0,0,0
40,cn5028,adjacency_build,compute,0.00402855399989,1,0,0,0,0,0,0,4,0,0,0,0,0,0,0,0,0,0,0
40,cn5028,vertex_numbering_local,compute,0.0096940909998,1,0,0,0,0,0,0,153,0,0,0,0,0,0,0,0,0,0,0
40,cn5028,vertex_count_allgather,communication,2.451248497,1,0,0,0,0,0,0,28,0,0,0,0,0,0,21,1,1,4,512
40,cn5028,element_count_allgather,communication,0.00082575200031,1,0,0,0,0,0,0,37,0,0,0,0,0,0,0,1,1,4,512
40,cn5028,vertex_exchange_prepare,compute,1.54399999701e-05,1,0,0,0,0,0,0,0,0,0,0,0,0,0,0,0,0,0,0
40,cn5028,vertex_exchange,communication,0.0108677470002,1,0,0,0,0,0,0,26,0,0,0,0,0,0,0,5,4,100650,11396
40,cn5028,vertex_exchange_unpack,compute,0.000184101999821,1,0,0,0,0,0,0,0,0,0,0,0,0,0,0,0,0,0,0
40,cn5028,partition_result_io,io,0,0,0,0,0,0,0,0,0,0,0,0,0,0,0,0,0,0,0,0
40,cn5028,volume_exchange_pack,compute,0.163647195001,2,0,0,0,0,0,0,834,0,0,0,0,0,0,1,0,0,0,0
40,cn5028,volume_size_exchange,communication,0.0150844039999,1,0,0,0,0,0,0,2,0,0,0,0,0,0,0,5,5,20,20
40,cn5028,volume_payload_prepare,compute,0.000167262000105,1,0,0,0,0,0,0,34,0,0,0,0,0,0,0,0,0,0,0
40,cn5028,volume_payload_exchange,communication,0.00145248000035,1,0,0,0,0,0,0,79,0,0,0,0,0,0,0,5,5,1179720,1171800
40,cn5028,volume_exchange_unpack,compute,0.117043744,1,0,0,0,0,0,0,5288,0,0,0,0,0,0,1,0,0,0,0
40,cn5028,final_mesh_save,io,0,0,0,0,0,0,0,0,0,0,0,0,0,0,0,0,0,0,0,0
40,cn5028,testout_io,io,0,0,0,0,0,0,0,0,0,0,0,0,0,0,0,0,0,0,0,0
40,cn5028,final_count_exchange,communication,0,0,0,0,0,0,0,0,0,0,0,0,0,0,0,0,0,0,0,0
40,cn5028,quality_evaluation,postprocess,0,0,0,0,0,0,0,0,0,0,0,0,0,0,0,0,0,0,0,0
41,cn5029,geometry_load,io,1.751528023,1,0,0,0,0,0,0,5897,0,1035092,0,0,0,2,2,0,0,0,0
41,cn5029,coarse_local_size,setup,0.461811702,1,0,0,0,0,0,0,8125,0,0,0,0,0,118,22,0,0,0,0
41,cn5029,coarse_edge_mesh,setup,0.0127048920003,1,0,0,0,0,0,0,525,0,0,0,0,0,0,0,0,0,0,0
41,cn5029,coarse_surface_mesh,setup,8.207603656,1,0,0,0,0,0,0,17245,0,0,0,0,0,0,9,0,0,0,0
41,cn5029,coarse_volume_mesh,setup,13.235856078,1,0,0,0,0,0,0,27360,0,0,0,0,0,37524,1484280,0,0,0,0
41,cn5029,coarse_mesh_save,io,0,0,0,0,0,0,0,0,0,0,0,0,0,0,0,0,0,0,0,0
41,cn5029,submesh_initialization,setup,0.000122721000025,1,0,0,0,0,0,0,3,0,0,0,0,0,0,0,0,0,0,0
41,cn5029,metis_partition,compute,0.236773291,1,0,0,0,0,0,0,532,0,0,0,0,0,0,0,0,0,0,0
41,cn5029,face_map_setup,compute,0.00731112799986,1,0,0,0,0,0,0,223,0,0,0,0,0,0,0,0,0,0,0
41,cn5029,face_local_extract,compute,0.161531111,1,0,0,0,0,0,0,661,0,0,0,0,0,0,0,0,0,0,0
41,cn5029,face_pre_collective_wait,synchronization,0.0866604160001,1,0,0,0,0,0,0,1,0,0,0,0,0,0,1,0,0,0,0
41,cn5029,face_collective_setup,compute,0.000107680999918,1,0,0,0,0,0,0,16,0,0,0,0,0,0,0,0,0,0,0
41,cn5029,face_allgatherv,communication,0.0716339370001,1,0,0,0,0,0,0,1091,0,0,0,0,0,0,0,1,1,37904,4859624
41,cn5029,face_global_merge,compute,0.0785075990002,1,0,0,0,0,0,0,1032,0,0,0,0,0,0,0,0,0,0,0
41,cn5029,part_face_create,compute,0.0195561539999,1,0,0,0,0,0,0,312,0,0,0,0,0,0,0,0,0,0,0
41,cn5029,surface_refine,compute,0.00952373400014,1,0,0,0,0,0,0,24,0,0,0,0,0,0,0,0,0,0,0
41,cn5029,refined_surface_save,io,0,0,0,0,0,0,0,0,0,0,0,0,0,0,0,0,0,0,0,0
41,cn5029,local_volume_mesh,compute,8.167507556,1,0,0,0,0,0,0,2181,0,0,0,0,0,12588,590088,0,0,0,0
41,cn5029,volume_refine,compute,0.44833718,1,0,0,0,0,0,0,6014,0,0,0,0,0,0,0,0,0,0,0
41,cn5029,refined_volume_save,io,0,0,0,0,0,0,0,0,0,0,0,0,0,0,0,0,0,0,0,0
41,cn5029,adjacency_build,compute,0.00450437400013,1,0,0,0,0,0,0,0,0,0,0,0,0,0,0,0,0,0,0
41,cn5029,vertex_numbering_local,compute,0.0125769900001,1,0,0,0,0,0,0,136,0,0,0,0,0,0,0,0,0,0,0
41,cn5029,vertex_count_allgather,communication,3.285420543,1,0,0,0,0,0,0,83,0,0,0,0,0,0,4,1,1,4,512
41,cn5029,element_count_allgather,communication,0.000804629999948,1,0,0,0,0,0,0,49,0,0,0,0,0,0,0,1,1,4,512
41,cn5029,vertex_exchange_prepare,compute,0.000116920999972,1,0,0,0,0,0,0,42,0,0,0,0,0,0,0,0,0,0,0
41,cn5029,vertex_exchange,communication,0.012754372,1,0,0,0,0,0,0,712,0,0,0,0,0,0,0,8,4,129866,107954
41,cn5029,vertex_exchange_unpack,compute,0.00253541099983,1,0,0,0,0,0,0,999,0,0,0,0,0,0,0,0,0,0,0
41,cn5029,partition_result_io,io,0,0,0,0,0,0,0,0,0,0,0,0,0,0,0,0,0,0,0,0
41,cn5029,volume_exchange_pack,compute,0.175630019,2,0,0,0,0,0,0,2932,0,0,0,0,0,0,0,0,0,0,0
41,cn5029,volume_size_exchange,communication,4.03399999414e-05,1,0,0,0,0,0,0,0,0,0,0,0,0,0,0,6,6,24,24
41,cn5029,volume_payload_prepare,compute,0.000250083000083,1,0,0,0,0,0,0,34,0,0,0,0,0,0,0,0,0,0,0
41,cn5029,volume_payload_exchange,communication,0.0245585929997,1,0,0,0,0,0,0,145,0,0,0,0,0,0,0,6,6,2508840,2518200
41,cn5029,volume_exchange_unpack,compute,0.123309134,1,0,0,0,0,0,0,4551,0,0,0,0,0,0,0,0,0,0,0
41,cn5029,final_mesh_save,io,0,0,0,0,0,0,0,0,0,0,0,0,0,0,0,0,0,0,0,0
41,cn5029,testout_io,io,0,0,0,0,0,0,0,0,0,0,0,0,0,0,0,0,0,0,0,0
41,cn5029,final_count_exchange,communication,0,0,0,0,0,0,0,0,0,0,0,0,0,0,0,0,0,0,0,0
41,cn5029,quality_evaluation,postprocess,0,0,0,0,0,0,0,0,0,0,0,0,0,0,0,0,0,0,0,0
42,cn5030,geometry_load,io,1.737955296,1,0,0,0,0,0,0,5897,0,1035092,0,0,0,2,3,0,0,0,0
42,cn5030,coarse_local_size,setup,0.463455448,1,0,0,0,0,0,0,8395,0,0,0,0,0,100,22,0,0,0,0
42,cn5030,coarse_edge_mesh,setup,0.0126814380001,1,0,0,0,0,0,0,508,0,0,0,0,0,0,0,0,0,0,0
42,cn5030,coarse_surface_mesh,setup,8.259515861,1,0,0,0,0,0,0,17231,0,0,0,0,0,0,11,0,0,0,0
42,cn5030,coarse_volume_mesh,setup,13.390619761,1,0,0,0,0,0,0,27904,0,0,0,0,0,36088,1610117,0,0,0,0
42,cn5030,coarse_mesh_save,io,0,0,0,0,0,0,0,0,0,0,0,0,0,0,0,0,0,0,0,0
42,cn5030,submesh_initialization,setup,0.000122022000141,1,0,0,0,0,0,0,1,0,0,0,0,0,0,0,0,0,0,0
42,cn5030,metis_partition,compute,0.236202029,1,0,0,0,0,0,0,613,0,0,0,0,0,0,0,0,0,0,0
42,cn5030,face_map_setup,compute,0.00740261200008,1,0,0,0,0,0,0,232,0,0,0,0,0,0,0,0,0,0,0
42,cn5030,face_local_extract,compute,0.161547183,1,0,0,0,0,0,0,588,0,0,0,0,0,0,0,0,0,0,0
42,cn5030,face_pre_collective_wait,synchronization,0.0871417210001,1,0,0,0,0,0,0,1,0,0,0,0,0,0,0,0,0,0,0
42,cn5030,face_collective_setup,compute,0.000108862000161,1,0,0,0,0,0,0,16,0,0,0,0,0,0,0,0,0,0,0
42,cn5030,face_allgatherv,communication,0.071641988,1,0,0,0,0,0,0,721,0,0,0,0,0,0,0,1,1,37904,4859624
42,cn5030,face_global_merge,compute,0.080282636,1,0,0,0,0,0,0,950,0,0,0,0,0,0,1,0,0,0,0
42,cn5030,part_face_create,compute,0.0193261199997,1,0,0,0,0,0,0,330,0,0,0,0,0,0,0,0,0,0,0
42,cn5030,surface_refine,compute,0.00965925999981,1,0,0,0,0,0,0,531,0,0,0,0,0,0,0,0,0,0,0
42,cn5030,refined_surface_save,io,0,0,0,0,0,0,0,0,0,0,0,0,0,0,0,0,0,0,0,0
42,cn5030,local_volume_mesh,compute,7.970396435,1,0,0,0,0,0,0,2538,0,0,0,0,0,11540,530598,0,0,0,0
42,cn5030,volume_refine,compute,0.41362809,1,0,0,0,0,0,0,5030,0,0,0,0,0,0,0,0,0,0,0
42,cn5030,refined_volume_save,io,0,0,0,0,0,0,0,0,0,0,0,0,0,0,0,0,0,0,0,0
42,cn5030,adjacency_build,compute,0.00445907500034,1,0,0,0,0,0,0,0,0,0,0,0,0,0,0,0,0,0,0
42,cn5030,vertex_numbering_local,compute,0.0116953449997,1,0,0,0,0,0,0,1,0,0,0,0,0,0,0,0,0,0,0
42,cn5030,vertex_count_allgather,communication,3.516477794,1,0,0,0,0,0,0,100,0,0,0,0,0,0,3,1,1,4,512
42,cn5030,element_count_allgather,communication,0.000889010999799,1,0,0,0,0,0,0,46,0,0,0,0,0,0,0,1,1,4,512
42,cn5030,vertex_exchange_prepare,compute,9.02420001694e-05,1,0,0,0,0,0,0,49,0,0,0,0,0,0,0,0,0,0,0
42,cn5030,vertex_exchange,communication,0.0125769759998,1,0,0,0,0,0,0,387,0,0,0,0,0,0,0,8,4,171072,90332
42,cn5030,vertex_exchange_unpack,compute,0.00221200799979,1,0,0,0,0,0,0,922,0,0,0,0,0,0,0,0,0,0,0
42,cn5030,partition_result_io,io,0,0,0,0,0,0,0,0,0,0,0,0,0,0,0,0,0,0,0,0
42,cn5030,volume_exchange_pack,compute,0.158746149,2,0,0,0,0,0,0,2454,0,0,0,0,0,0,1,0,0,0,0
42,cn5030,volume_size_exchange,communication,0.017853201,1,0,0,0,0,0,0,1,0,0,0,0,0,0,0,6,6,24,24
42,cn5030,volume_payload_prepare,compute,0.000206202999834,1,0,0,0,0,0,0,2,0,0,0,0,0,0,0,0,0,0,0
42,cn5030,volume_payload_exchange,communication,0.024883989,1,0,0,0,0,0,0,25,0,0,0,0,0,0,0,6,6,2766960,2762520
42,cn5030,volume_exchange_unpack,compute,0.116271662,1,0,0,0,0,0,0,3718,0,0,0,0,0,0,0,0,0,0,0
42,cn5030,final_mesh_save,io,0,0,0,0,0,0,0,0,0,0,0,0,0,0,0,0,0,0,0,0
42,cn5030,testout_io,io,0,0,0,0,0,0,0,0,0,0,0,0,0,0,0,0,0,0,0,0
42,cn5030,final_count_exchange,communication,0,0,0,0,0,0,0,0,0,0,0,0,0,0,0,0,0,0,0,0
42,cn5030,quality_evaluation,postprocess,0,0,0,0,0,0,0,0,0,0,0,0,0,0,0,0,0,0,0,0
43,cn5031,geometry_load,io,1.728457975,1,0,0,0,0,0,0,5896,0,1035092,0,0,0,2,5,0,0,0,0
43,cn5031,coarse_local_size,setup,0.466233337,1,0,0,0,0,0,0,8296,0,0,0,0,0,113,20,0,0,0,0
43,cn5031,coarse_edge_mesh,setup,0.012650272,1,0,0,0,0,0,0,487,0,0,0,0,0,0,0,0,0,0,0
43,cn5031,coarse_surface_mesh,setup,8.162716378,1,0,0,0,0,0,0,9095,0,0,0,0,0,0,11,0,0,0,0
43,cn5031,coarse_volume_mesh,setup,13.391470562,1,0,0,0,0,0,0,20792,0,0,0,0,0,39894,1648358,0,0,0,0
43,cn5031,coarse_mesh_save,io,0,0,0,0,0,0,0,0,0,0,0,0,0,0,0,0,0,0,0,0
43,cn5031,submesh_initialization,setup,0.0001222220003,1,0,0,0,0,0,0,1,0,0,0,0,0,0,0,0,0,0,0
43,cn5031,metis_partition,compute,0.228034528,1,0,0,0,0,0,0,61,0,0,0,0,0,0,0,0,0,0,0
43,cn5031,face_map_setup,compute,0.00661073899983,1,0,0,0,0,0,0,3,0,0,0,0,0,0,0,0,0,0,0
43,cn5031,face_local_extract,compute,0.151779255,1,0,0,0,0,0,0,25,0,0,0,0,0,0,0,0,0,0,0
43,cn5031,face_pre_collective_wait,synchronization,0.105898226,1,0,0,0,0,0,0,1,0,0,0,0,0,0,0,0,0,0,0
43,cn5031,face_collective_setup,compute,0.000106101000256,1,0,0,0,0,0,0,16,0,0,0,0,0,0,0,0,0,0,0
43,cn5031,face_allgatherv,communication,0.0715726960002,1,0,0,0,0,0,0,43,0,0,0,0,0,0,0,1,1,37904,4859624
43,cn5031,face_global_merge,compute,0.0745167109999,1,0,0,0,0,0,0,23,0,0,0,0,0,0,0,0,0,0,0
43,cn5031,part_face_create,compute,0.0182952180003,1,0,0,0,0,0,0,357,0,0,0,0,0,0,0,0,0,0,0
43,cn5031,surface_refine,compute,0.00829881900017,1,0,0,0,0,0,0,3,0,0,0,0,0,0,0,0,0,0,0
43,cn5031,refined_surface_save,io,0,0,0,0,0,0,0,0,0,0,0,0,0,0,0,0,0,0,0,0
43,cn5031,local_volume_mesh,compute,7.087055632,1,0,0,0,0,0,0,806,0,0,0,0,0,16124,675927,0,0,0,0
43,cn5031,volume_refine,compute,0.35784176,1,0,0,0,0,0,0,5040,0,0,0,0,0,0,1,0,0,0,0
43,cn5031,refined_volume_save,io,0,0,0,0,0,0,0,0,0,0,0,0,0,0,0,0,0,0,0,0
43,cn5031,adjacency_build,compute,0.00423765100004,1,0,0,0,0,0,0,6,0,0,0,0,0,0,0,0,0,0,0
43,cn5031,vertex_numbering_local,compute,0.0119255019999,1,0,0,0,0,0,0,324,0,0,0,0,0,0,0,0,0,0,0
43,cn5031,vertex_count_allgather,communication,4.464892907,1,0,0,0,0,0,0,98,0,0,0,0,0,0,5,1,1,4,512
43,cn5031,element_count_allgather,communication,0.000870270000178,1,0,0,0,0,0,0,48,0,0,0,0,0,0,0,1,1,4,512
43,cn5031,vertex_exchange_prepare,compute,0.000213801999962,1,0,0,0,0,0,0,67,0,0,0,0,0,0,0,0,0,0,0
43,cn5031,vertex_exchange,communication,0.0121835059999,1,0,0,0,0,0,0,309,0,0,0,0,0,0,0,3,6,3410,237424
43,cn5031,vertex_exchange_unpack,compute,0.00348402200007,1,0,0,0,0,0,0,306,0,0,0,0,0,0,0,0,0,0,0
43,cn5031,partition_result_io,io,0,0,0,0,0,0,0,0,0,0,0,0,0,0,0,0,0,0,0,0
43,cn5031,volume_exchange_pack,compute,0.147942349,2,0,0,0,0,0,0,2036,0,0,0,0,0,0,0,0,0,0,0
43,cn5031,volume_size_exchange,communication,0.0498013759998,1,0,0,0,0,0,0,44,0,0,0,0,0,0,0,7,7,28,28
43,cn5031,volume_payload_prepare,compute,0.000280103000023,1,0,0,0,0,0,0,68,0,0,0,0,0,0,0,0,0,0,0
43,cn5031,volume_payload_exchange,communication,0.00546980599984,1,0,0,0,0,0,0,355,0,0,0,0,0,0,1,7,7,2604000,2608200
43,cn5031,volume_exchange_unpack,compute,0.103095673,1,0,0,0,0,0,0,3366,0,0,0,0,0,0,0,0,0,0,0
43,cn5031,final_mesh_save,io,0,0,0,0,0,0,0,0,0,0,0,0,0,0,0,0,0,0,0,0
43,cn5031,testout_io,io,0,0,0,0,0,0,0,0,0,0,0,0,0,0,0,0,0,0,0,0
43,cn5031,final_count_exchange,communication,0,0,0,0,0,0,0,0,0,0,0,0,0,0,0,0,0,0,0,0
43,cn5031,quality_evaluation,postprocess,0,0,0,0,0,0,0,0,0,0,0,0,0,0,0,0,0,0,0,0
44,cn5032,geometry_load,io,1.72314467,1,0,0,0,0,0,0,5896,0,1035092,0,0,0,2,15,0,0,0,0
44,cn5032,coarse_local_size,setup,0.462094988,1,0,0,0,0,0,0,8342,0,0,0,0,0,97,24,0,0,0,0
44,cn5032,coarse_edge_mesh,setup,0.0127559090001,1,0,0,0,0,0,0,490,0,0,0,0,0,0,0,0,0,0,0
44,cn5032,coarse_surface_mesh,setup,8.214010307,1,0,0,0,0,0,0,17186,0,0,0,0,0,0,73,0,0,0,0
44,cn5032,coarse_volume_mesh,setup,13.395206655,1,0,0,0,0,0,0,27710,0,0,0,0,0,37756,1612697,0,0,0,0
44,cn5032,coarse_mesh_save,io,0,0,0,0,0,0,0,0,0,0,0,0,0,0,0,0,0,0,0,0
44,cn5032,submesh_initialization,setup,0.000179242000286,1,0,0,0,0,0,0,59,0,0,0,0,0,0,0,0,0,0,0
44,cn5032,metis_partition,compute,0.242161563,1,0,0,0,0,0,0,2241,0,0,0,0,0,0,2,0,0,0,0
44,cn5032,face_map_setup,compute,0.00778319000028,1,0,0,0,0,0,0,598,0,0,0,0,0,0,0,0,0,0,0
44,cn5032,face_local_extract,compute,0.161124559,1,0,0,0,0,0,0,779,0,0,0,0,0,0,1,0,0,0,0
44,cn5032,face_pre_collective_wait,synchronization,0.0810920050003,1,0,0,0,0,0,0,28,0,0,0,0,0,0,1,0,0,0,0
44,cn5032,face_collective_setup,compute,0.000106741999844,1,0,0,0,0,0,0,16,0,0,0,0,0,0,0,0,0,0,0
44,cn5032,face_allgatherv,communication,0.0715140739999,1,0,0,0,0,0,0,639,0,0,0,0,0,0,0,1,1,37904,4859624
44,cn5032,face_global_merge,compute,0.0783655340001,1,0,0,0,0,0,0,492,0,0,0,0,0,0,1,0,0,0,0
44,cn5032,part_face_create,compute,0.0192687639997,1,0,0,0,0,0,0,21,0,0,0,0,0,0,0,0,0,0,0
44,cn5032,surface_refine,compute,0.010440861,1,0,0,0,0,0,0,49,0,0,0,0,0,0,0,0,0,0,0
44,cn5032,refined_surface_save,io,0,0,0,0,0,0,0,0,0,0,0,0,0,0,0,0,0,0,0,0
44,cn5032,local_volume_mesh,compute,9.725423908,1,0,0,0,0,0,0,4949,0,0,0,0,0,11491,743151,0,0,0,0
44,cn5032,volume_refine,compute,0.538819662,1,0,0,0,0,0,0,5711,0,0,0,0,0,0,4,0,0,0,0
44,cn5032,refined_volume_save,io,0,0,0,0,0,0,0,0,0,0,0,0,0,0,0,0,0,0,0,0
44,cn5032,adjacency_build,compute,0.00448239300022,1,0,0,0,0,0,0,5,0,0,0,0,0,0,0,0,0,0,0
44,cn5032,vertex_numbering_local,compute,0.00938630900009,1,0,0,0,0,0,0,5,0,0,0,0,0,0,0,0,0,0,0
44,cn5032,vertex_count_allgather,communication,1.640518847,1,0,0,0,0,0,0,44,0,0,0,0,0,0,15,1,1,4,512
44,cn5032,element_count_allgather,communication,0.000813249999737,1,0,0,0,0,0,0,2,0,0,0,0,0,0,0,1,1,4,512
44,cn5032,vertex_exchange_prepare,compute,1.81010000233e-05,1,0,0,0,0,0,0,0,0,0,0,0,0,0,0,0,0,0,0
44,cn5032,vertex_exchange,communication,0.0116948959999,1,0,0,0,0,0,0,39,0,0,0,0,0,0,0,2,3,69014,53878
44,cn5032,vertex_exchange_unpack,compute,0.000833230000353,1,0,0,0,0,0,0,0,0,0,0,0,0,0,0,0,0,0,0
44,cn5032,partition_result_io,io,0,0,0,0,0,0,0,0,0,0,0,0,0,0,0,0,0,0,0,0
44,cn5032,volume_exchange_pack,compute,0.157761639,2,0,0,0,0,0,0,668,0,0,0,0,0,0,1,0,0,0,0
44,cn5032,volume_size_exchange,communication,0.00156217800031,1,0,0,0,0,0,0,0,0,0,0,0,0,0,0,3,3,12,12
44,cn5032,volume_payload_prepare,compute,9.23010002225e-05,1,0,0,0,0,0,0,0,0,0,0,0,0,0,0,0,0,0,0
44,cn5032,volume_payload_exchange,communication,0.0192745250001,1,0,0,0,0,0,0,19,0,0,0,0,0,0,0,3,3,1305960,1296240
44,cn5032,volume_exchange_unpack,compute,0.119048588,1,0,0,0,0,0,0,5477,0,0,0,0,0,0,1,0,0,0,0
44,cn5032,final_mesh_save,io,0,0,0,0,0,0,0,0,0,0,0,0,0,0,0,0,0,0,0,0
44,cn5032,testout_io,io,0,0,0,0,0,0,0,0,0,0,0,0,0,0,0,0,0,0,0,0
44,cn5032,final_count_exchange,communication,0,0,0,0,0,0,0,0,0,0,0,0,0,0,0,0,0,0,0,0
44,cn5032,quality_evaluation,postprocess,0,0,0,0,0,0,0,0,0,0,0,0,0,0,0,0,0,0,0,0
45,cn5033,geometry_load,io,1.730746051,1,0,0,0,0,0,0,5895,0,1035092,0,0,0,2,2,0,0,0,0
45,cn5033,coarse_local_size,setup,0.476991349,1,0,0,0,0,0,0,8278,0,0,0,0,0,104,22,0,0,0,0
45,cn5033,coarse_edge_mesh,setup,0.0127718129997,1,0,0,0,0,0,0,505,0,0,0,0,0,0,0,0,0,0,0
45,cn5033,coarse_surface_mesh,setup,8.193100497,1,0,0,0,0,0,0,13283,0,0,0,0,0,0,10,0,0,0,0
45,cn5033,coarse_volume_mesh,setup,13.432988348,1,0,0,0,0,0,0,23080,0,0,0,0,0,40766,1618959,0,0,0,0
45,cn5033,coarse_mesh_save,io,0,0,0,0,0,0,0,0,0,0,0,0,0,0,0,0,0,0,0,0
45,cn5033,submesh_initialization,setup,0.000114780999866,1,0,0,0,0,0,0,1,0,0,0,0,0,0,0,0,0,0,0
45,cn5033,metis_partition,compute,0.227755993,1,0,0,0,0,0,0,135,0,0,0,0,0,0,0,0,0,0,0
45,cn5033,face_map_setup,compute,0.00667654899962,1,0,0,0,0,0,0,3,0,0,0,0,0,0,0,0,0,0,0
45,cn5033,face_local_extract,compute,0.162343691,1,0,0,0,0,0,0,691,0,0,0,0,0,0,1,0,0,0,0
45,cn5033,face_pre_collective_wait,synchronization,0.0955544359999,1,0,0,0,0,0,0,1,0,0,0,0,0,0,0,0,0,0,0
45,cn5033,face_collective_setup,compute,0.000121140999909,1,0,0,0,0,0,0,13,0,0,0,0,0,0,0,0,0,0,0
45,cn5033,face_allgatherv,communication,0.0713603439999,1,0,0,0,0,0,0,826,0,0,0,0,0,0,0,1,1,37904,4859624
45,cn5033,face_global_merge,compute,0.0737829089999,1,0,0,0,0,0,0,0,0,0,0,0,0,0,0,0,0,0,0
45,cn5033,part_face_create,compute,0.0178181050001,1,0,0,0,0,0,0,3,0,0,0,0,0,0,0,0,0,0,0
45,cn5033,surface_refine,compute,0.00894761300015,1,0,0,0,0,0,0,18,0,0,0,0,0,0,0,0,0,0,0
45,cn5033,refined_surface_save,io,0,0,0,0,0,0,0,0,0,0,0,0,0,0,0,0,0,0,0,0
45,cn5033,local_volume_mesh,compute,9.503693132,1,0,0,0,0,0,0,2649,0,0,0,0,0,13662,726131,0,0,0,0
45,cn5033,volume_refine,compute,0.443983665,1,0,0,0,0,0,0,5464,0,0,0,0,0,0,1,0,0,0,0
45,cn5033,refined_volume_save,io,0,0,0,0,0,0,0,0,0,0,0,0,0,0,0,0,0,0,0,0
45,cn5033,adjacency_build,compute,0.00375971899985,1,0,0,0,0,0,0,0,0,0,0,0,0,0,0,0,0,0,0
45,cn5033,vertex_numbering_local,compute,0.00684007100017,1,0,0,0,0,0,0,2,0,0,0,0,0,0,0,0,0,0,0
45,cn5033,vertex_count_allgather,communication,1.968563829,1,0,0,0,0,0,0,29,0,0,0,0,0,0,2,1,1,4,512
45,cn5033,element_count_allgather,communication,0.000816588000362,1,0,0,0,0,0,0,1,0,0,0,0,0,0,0,1,1,4,512
45,cn5033,vertex_exchange_prepare,compute,1.31799997689e-05,1,0,0,0,0,0,0,0,0,0,0,0,0,0,0,0,0,0,0
45,cn5033,vertex_exchange,communication,0.0117405820001,1,0,0,0,0,0,0,14,0,0,0,0,0,0,0,4,3,45540,18370
45,cn5033,vertex_exchange_unpack,compute,0.000282943000002,1,0,0,0,0,0,0,0,0,0,0,0,0,0,0,0,0,0,0
45,cn5033,partition_result_io,io,0,0,0,0,0,0,0,0,0,0,0,0,0,0,0,0,0,0,0,0
45,cn5033,volume_exchange_pack,compute,0.120523936,2,0,0,0,0,0,0,1,0,0,0,0,0,0,0,0,0,0,0
45,cn5033,volume_size_exchange,communication,0.041378631,1,0,0,0,0,0,0,4,0,0,0,0,0,0,0,4,4,16,16
45,cn5033,volume_payload_prepare,compute,5.27610000063e-05,1,0,0,0,0,0,0,0,0,0,0,0,0,0,0,0,0,0,0
45,cn5033,volume_payload_exchange,communication,0.00589426100032,1,0,0,0,0,0,0,12,0,0,0,0,0,0,0,4,4,648120,649680
45,cn5033,volume_exchange_unpack,compute,0.0833229080004,1,0,0,0,0,0,0,1601,0,0,0,0,0,0,0,0,0,0,0
45,cn5033,final_mesh_save,io,0,0,0,0,0,0,0,0,0,0,0,0,0,0,0,0,0,0,0,0
45,cn5033,testout_io,io,0,0,0,0,0,0,0,0,0,0,0,0,0,0,0,0,0,0,0,0
45,cn5033,final_count_exchange,communication,0,0,0,0,0,0,0,0,0,0,0,0,0,0,0,0,0,0,0,0
45,cn5033,quality_evaluation,postprocess,0,0,0,0,0,0,0,0,0,0,0,0,0,0,0,0,0,0,0,0
46,cn5034,geometry_load,io,1.791165213,1,0,0,0,0,0,0,5652,0,1035092,0,0,0,2,3,0,0,0,0
46,cn5034,coarse_local_size,setup,0.453403451,1,0,0,0,0,0,0,7906,0,0,0,0,0,89,22,0,0,0,0
46,cn5034,coarse_edge_mesh,setup,0.0122551979998,1,0,0,0,0,0,0,489,0,0,0,0,0,0,0,0,0,0,0
46,cn5034,coarse_surface_mesh,setup,8.053392702,1,0,0,0,0,0,0,12707,0,0,0,0,0,0,9,0,0,0,0
46,cn5034,coarse_volume_mesh,setup,13.287607659,1,0,0,0,0,0,0,24874,0,0,0,0,0,37896,1444275,0,0,0,0
46,cn5034,coarse_mesh_save,io,0,0,0,0,0,0,0,0,0,0,0,0,0,0,0,0,0,0,0,0
46,cn5034,submesh_initialization,setup,0.000133982000079,1,0,0,0,0,0,0,4,0,0,0,0,0,0,0,0,0,0,0
46,cn5034,metis_partition,compute,0.234250453,1,0,0,0,0,0,0,245,0,0,0,0,0,0,0,0,0,0,0
46,cn5034,face_map_setup,compute,0.00693430899992,1,0,0,0,0,0,0,217,0,0,0,0,0,0,0,0,0,0,0
46,cn5034,face_local_extract,compute,0.160816702,1,0,0,0,0,0,0,1810,0,0,0,0,0,0,1,0,0,0,0
46,cn5034,face_pre_collective_wait,synchronization,0.0902944889999,1,0,0,0,0,0,0,23,0,0,0,0,0,0,0,0,0,0,0
46,cn5034,face_collective_setup,compute,0.000122102000205,1,0,0,0,0,0,0,32,0,0,0,0,0,0,0,0,0,0,0
46,cn5034,face_allgatherv,communication,0.0713344440001,1,0,0,0,0,0,0,1330,0,0,0,0,0,0,0,1,1,37904,4859624
46,cn5034,face_global_merge,compute,0.0794743490001,1,0,0,0,0,0,0,889,0,0,0,0,0,0,0,0,0,0,0
46,cn5034,part_face_create,compute,0.018983766,1,0,0,0,0,0,0,26,0,0,0,0,0,0,0,0,0,0,0
46,cn5034,surface_refine,compute,0.00973686599991,1,0,0,0,0,0,0,57,0,0,0,0,0,0,0,0,0,0,0
46,cn5034,refined_surface_save,io,0,0,0,0,0,0,0,0,0,0,0,0,0,0,0,0,0,0,0,0
46,cn5034,local_volume_mesh,compute,9.515803199,1,0,0,0,0,0,0,2359,0,0,0,0,0,16944,843260,0,0,0,0
46,cn5034,volume_refine,compute,0.472406557,1,0,0,0,0,0,0,8470,0,0,0,0,0,0,1,0,0,0,0
46,cn5034,refined_volume_save,io,0,0,0,0,0,0,0,0,0,0,0,0,0,0,0,0,0,0,0,0
46,cn5034,adjacency_build,compute,0.00481098199998,1,0,0,0,0,0,0,328,0,0,0,0,0,0,0,0,0,0,0
46,cn5034,vertex_numbering_local,compute,0.0111586850003,1,0,0,0,0,0,0,624,0,0,0,0,0,0,0,0,0,0,0
46,cn5034,vertex_count_allgather,communication,1.91365492,1,0,0,0,0,0,0,28,0,0,0,0,0,0,2,1,1,4,512
46,cn5034,element_count_allgather,communication,0.000865072000124,1,0,0,0,0,0,0,37,0,0,0,0,0,0,0,1,1,4,512
46,cn5034,vertex_exchange_prepare,compute,4.8119999974e-05,1,0,0,0,0,0,0,16,0,0,0,0,0,0,0,0,0,0,0
46,cn5034,vertex_exchange,communication,0.0127595250001,1,0,0,0,0,0,0,627,0,0,0,0,0,0,0,5,4,107030,58828
46,cn5034,vertex_exchange_unpack,compute,0.000889412000106,1,0,0,0,0,0,0,0,0,0,0,0,0,0,0,0,0,0,0
46,cn5034,partition_result_io,io,0,0,0,0,0,0,0,0,0,0,0,0,0,0,0,0,0,0,0,0
46,cn5034,volume_exchange_pack,compute,0.151562482,2,0,0,0,0,0,0,630,0,0,0,0,0,0,3,0,0,0,0
46,cn5034,volume_size_exchange,communication,0.0259694760002,1,0,0,0,0,0,0,1,0,0,0,0,0,0,0,6,6,24,24
46,cn5034,volume_payload_prepare,compute,0.000252983000337,1,0,0,0,0,0,0,106,0,0,0,0,0,0,0,0,0,0,0
46,cn5034,volume_payload_exchange,communication,0.00137073799988,1,0,0,0,0,0,0,4,0,0,0,0,0,0,0,6,6,1739880,1732680
46,cn5034,volume_exchange_unpack,compute,0.105488966,1,0,0,0,0,0,0,3645,0,0,0,0,0,0,0,0,0,0,0
46,cn5034,final_mesh_save,io,0,0,0,0,0,0,0,0,0,0,0,0,0,0,0,0,0,0,0,0
46,cn5034,testout_io,io,0,0,0,0,0,0,0,0,0,0,0,0,0,0,0,0,0,0,0,0
46,cn5034,final_count_exchange,communication,0,0,0,0,0,0,0,0,0,0,0,0,0,0,0,0,0,0,0,0
46,cn5034,quality_evaluation,postprocess,0,0,0,0,0,0,0,0,0,0,0,0,0,0,0,0,0,0,0,0
47,cn5035,geometry_load,io,1.771186406,1,0,0,0,0,0,0,5896,0,1035092,0,0,0,2,2,0,0,0,0
47,cn5035,coarse_local_size,setup,0.471443391,1,0,0,0,0,0,0,8358,0,0,0,0,0,127,21,0,0,0,0
47,cn5035,coarse_edge_mesh,setup,0.0124133990003,1,0,0,0,0,0,0,427,0,0,0,0,0,0,0,0,0,0,0
47,cn5035,coarse_surface_mesh,setup,8.25299074,1,0,0,0,0,0,0,15547,0,0,0,0,0,0,9,0,0,0,0
47,cn5035,coarse_volume_mesh,setup,13.52180119,1,0,0,0,0,0,0,27659,0,0,0,0,0,39070,1694719,0,0,0,0
47,cn5035,coarse_mesh_save,io,0,0,0,0,0,0,0,0,0,0,0,0,0,0,0,0,0,0,0,0
47,cn5035,submesh_initialization,setup,0.000125101000322,1,0,0,0,0,0,0,2,0,0,0,0,0,0,0,0,0,0,0
47,cn5035,metis_partition,compute,0.237713835,1,0,0,0,0,0,0,612,0,0,0,0,0,0,0,0,0,0,0
47,cn5035,face_map_setup,compute,0.00725300899967,1,0,0,0,0,0,0,219,0,0,0,0,0,0,0,0,0,0,0
47,cn5035,face_local_extract,compute,0.15987005,1,0,0,0,0,0,0,623,0,0,0,0,0,0,0,0,0,0,0
47,cn5035,face_pre_collective_wait,synchronization,0.0874815969996,1,0,0,0,0,0,0,1,0,0,0,0,0,0,0,0,0,0,0
47,cn5035,face_collective_setup,compute,0.000106841000161,1,0,0,0,0,0,0,16,0,0,0,0,0,0,0,0,0,0,0
47,cn5035,face_allgatherv,communication,0.0713264820001,1,0,0,0,0,0,0,918,0,0,0,0,0,0,0,1,1,37904,4859624
47,cn5035,face_global_merge,compute,0.0775099409998,1,0,0,0,0,0,0,149,0,0,0,0,0,0,0,0,0,0,0
47,cn5035,part_face_create,compute,0.0189646620001,1,0,0,0,0,0,0,3,0,0,0,0,0,0,0,0,0,0,0
47,cn5035,surface_refine,compute,0.00896892599985,1,0,0,0,0,0,0,45,0,0,0,0,0,0,0,0,0,0,0
47,cn5035,refined_surface_save,io,0,0,0,0,0,0,0,0,0,0,0,0,0,0,0,0,0,0,0,0
47,cn5035,local_volume_mesh,compute,7.221034127,1,0,0,0,0,0,0,4391,0,0,0,0,0,7131,418209,0,0,0,0
47,cn5035,volume_refine,compute,0.402722533,1,0,0,0,0,0,0,5011,0,0,0,0,0,0,1,0,0,0,0
47,cn5035,refined_volume_save,io,0,0,0,0,0,0,0,0,0,0,0,0,0,0,0,0,0,0,0,0
47,cn5035,adjacency_build,compute,0.00446470299994,1,0,0,0,0,0,0,9,0,0,0,0,0,0,0,0,0,0,0
47,cn5035,vertex_numbering_local,compute,0.011652312,1,0,0,0,0,0,0,333,0,0,0,0,0,0,0,0,0,0,0
47,cn5035,vertex_count_allgather,communication,4.281762346,1,0,0,0,0,0,0,70,0,0,0,0,0,0,4,1,1,4,512
47,cn5035,element_count_allgather,communication,0.000822407999749,1,0,0,0,0,0,0,40,0,0,0,0,0,0,0,1,1,4,512
47,cn5035,vertex_exchange_prepare,compute,0.000144701000409,1,0,0,0,0,0,0,41,0,0,0,0,0,0,0,0,0,0,0
47,cn5035,vertex_exchange,communication,0.012970364,1,0,0,0,0,0,0,753,0,0,0,0,0,0,0,3,7,66066,157322
47,cn5035,vertex_exchange_unpack,compute,0.00341301300023,1,0,0,0,0,0,0,1167,0,0,0,0,0,0,0,0,0,0,0
47,cn5035,partition_result_io,io,0,0,0,0,0,0,0,0,0,0,0,0,0,0,0,0,0,0,0,0
47,cn5035,volume_exchange_pack,compute,0.155138724,2,0,0,0,0,0,0,2052,0,0,0,0,0,0,0,0,0,0,0
47,cn5035,volume_size_exchange,communication,0.00382403599997,1,0,0,0,0,0,0,1,0,0,0,0,0,0,0,7,7,28,28
47,cn5035,volume_payload_prepare,compute,0.000429424000231,1,0,0,0,0,0,0,136,0,0,0,0,0,0,0,0,0,0,0
47,cn5035,volume_payload_exchange,communication,0.016044513,1,0,0,0,0,0,0,326,0,0,0,0,0,0,0,7,7,2376480,2391840
47,cn5035,volume_exchange_unpack,compute,0.111371765,1,0,0,0,0,0,0,3637,0,0,0,0,0,0,1,0,0,0,0
47,cn5035,final_mesh_save,io,0,0,0,0,0,0,0,0,0,0,0,0,0,0,0,0,0,0,0,0
47,cn5035,testout_io,io,0,0,0,0,0,0,0,0,0,0,0,0,0,0,0,0,0,0,0,0
47,cn5035,final_count_exchange,communication,0,0,0,0,0,0,0,0,0,0,0,0,0,0,0,0,0,0,0,0
47,cn5035,quality_evaluation,postprocess,0,0,0,0,0,0,0,0,0,0,0,0,0,0,0,0,0,0,0,0
48,cn5036,geometry_load,io,1.730544582,1,0,0,0,0,0,0,5896,0,1035092,0,0,0,2,2,0,0,0,0
48,cn5036,coarse_local_size,setup,0.462092181,1,0,0,0,0,0,0,8452,0,0,0,0,0,86,22,0,0,0,0
48,cn5036,coarse_edge_mesh,setup,0.0126406089998,1,0,0,0,0,0,0,526,0,0,0,0,0,0,0,0,0,0,0
48,cn5036,coarse_surface_mesh,setup,8.206665018,1,0,0,0,0,0,0,17158,0,0,0,0,0,0,9,0,0,0,0
48,cn5036,coarse_volume_mesh,setup,13.37072122,1,0,0,0,0,0,0,27031,0,0,0,0,0,38442,1596670,0,0,0,0
48,cn5036,coarse_mesh_save,io,0,0,0,0,0,0,0,0,0,0,0,0,0,0,0,0,0,0,0,0
48,cn5036,submesh_initialization,setup,0.000123101000099,1,0,0,0,0,0,0,1,0,0,0,0,0,0,0,0,0,0,0
48,cn5036,metis_partition,compute,0.233701241,1,0,0,0,0,0,0,589,0,0,0,0,0,0,0,0,0,0,0
48,cn5036,face_map_setup,compute,0.00721976499972,1,0,0,0,0,0,0,226,0,0,0,0,0,0,0,0,0,0,0
48,cn5036,face_local_extract,compute,0.158785743,1,0,0,0,0,0,0,721,0,0,0,0,0,0,1,0,0,0,0
48,cn5036,face_pre_collective_wait,synchronization,0.092591266,1,0,0,0,0,0,0,1,0,0,0,0,0,0,0,0,0,0,0
48,cn5036,face_collective_setup,compute,0.000107960999685,1,0,0,0,0,0,0,16,0,0,0,0,0,0,0,0,0,0,0
48,cn5036,face_allgatherv,communication,0.072633153,1,0,0,0,0,0,0,1204,0,0,0,0,0,0,0,1,1,37904,4859624
48,cn5036,face_global_merge,compute,0.0812898539998,1,0,0,0,0,0,0,2125,0,0,0,0,0,0,0,0,0,0,0
48,cn5036,part_face_create,compute,0.0196271699997,1,0,0,0,0,0,0,331,0,0,0,0,0,0,0,0,0,0,0
48,cn5036,surface_refine,compute,0.00996269699999,1,0,0,0,0,0,0,64,0,0,0,0,0,0,0,0,0,0,0
48,cn5036,refined_surface_save,io,0,0,0,0,0,0,0,0,0,0,0,0,0,0,0,0,0,0,0,0
48,cn5036,local_volume_mesh,compute,8.861620502,1,0,0,0,0,0,0,2421,0,0,0,0,0,13433,613285,0,0,0,0
48,cn5036,volume_refine,compute,0.471759775,1,0,0,0,0,0,0,3965,0,0,0,0,0,0,0,0,0,0,0
48,cn5036,refined_volume_save,io,0,0,0,0,0,0,0,0,0,0,0,0,0,0,0,0,0,0,0,0
48,cn5036,adjacency_build,compute,0.00454687399997,1,0,0,0,0,0,0,0,0,0,0,0,0,0,0,0,0,0,0
48,cn5036,vertex_numbering_local,compute,0.0107386459999,1,0,0,0,0,0,0,1,0,0,0,0,0,0,0,0,0,0,0
48,cn5036,vertex_count_allgather,communication,2.565585858,1,0,0,0,0,0,0,134,0,0,0,0,0,0,3,1,1,4,512
48,cn5036,element_count_allgather,communication,0.000804589999916,1,0,0,0,0,0,0,6,0,0,0,0,0,0,0,1,1,4,512
48,cn5036,vertex_exchange_prepare,compute,5.00410001223e-05,1,0,0,0,0,0,0,27,0,0,0,0,0,0,0,0,0,0,0
48,cn5036,vertex_exchange,communication,0.0125025069997,1,0,0,0,0,0,0,726,0,0,0,0,0,0,0,7,5,187286,3850
48,cn5036,vertex_exchange_unpack,compute,0.00032288400007,1,0,0,0,0,0,0,221,0,0,0,0,0,0,0,0,0,0,0
48,cn5036,partition_result_io,io,0,0,0,0,0,0,0,0,0,0,0,0,0,0,0,0,0,0,0,0
48,cn5036,volume_exchange_pack,compute,0.177372902,2,0,0,0,0,0,0,1309,0,0,0,0,0,0,0,0,0,0,0
48,cn5036,volume_size_exchange,communication,0.0211029670004,1,0,0,0,0,0,0,15,0,0,0,0,0,0,0,6,6,24,24
48,cn5036,volume_payload_prepare,compute,0.000487646000238,1,0,0,0,0,0,0,267,0,0,0,0,0,0,0,0,0,0,0
48,cn5036,volume_payload_exchange,communication,0.00839339899994,1,0,0,0,0,0,0,21,0,0,0,0,0,0,0,6,6,2014680,2012040
48,cn5036,volume_exchange_unpack,compute,0.11162085,1,0,0,0,0,0,0,3200,0,0,0,0,0,0,0,0,0,0,0
48,cn5036,final_mesh_save,io,0,0,0,0,0,0,0,0,0,0,0,0,0,0,0,0,0,0,0,0
48,cn5036,testout_io,io,0,0,0,0,0,0,0,0,0,0,0,0,0,0,0,0,0,0,0,0
48,cn5036,final_count_exchange,communication,0,0,0,0,0,0,0,0,0,0,0,0,0,0,0,0,0,0,0,0
48,cn5036,quality_evaluation,postprocess,0,0,0,0,0,0,0,0,0,0,0,0,0,0,0,0,0,0,0,0
49,cn5037,geometry_load,io,1.739276573,1,0,0,0,0,0,0,5895,0,1035092,0,0,0,2,4,0,0,0,0
49,cn5037,coarse_local_size,setup,0.46136657,1,0,0,0,0,0,0,8178,0,0,0,0,0,107,22,0,0,0,0
49,cn5037,coarse_edge_mesh,setup,0.0126284410003,1,0,0,0,0,0,0,486,0,0,0,0,0,0,0,0,0,0,0
49,cn5037,coarse_surface_mesh,setup,8.219305382,1,0,0,0,0,0,0,17394,0,0,0,0,0,0,9,0,0,0,0
49,cn5037,coarse_volume_mesh,setup,13.338590922,1,0,0,0,0,0,0,27533,0,0,0,0,0,36988,1564043,0,0,0,0
49,cn5037,coarse_mesh_save,io,0,0,0,0,0,0,0,0,0,0,0,0,0,0,0,0,0,0,0,0
49,cn5037,submesh_initialization,setup,0.000121301000036,1,0,0,0,0,0,0,1,0,0,0,0,0,0,0,0,0,0,0
49,cn5037,metis_partition,compute,0.234625159,1,0,0,0,0,0,0,299,0,0,0,0,0,0,0,0,0,0,0
49,cn5037,face_map_setup,compute,0.00739892199999,1,0,0,0,0,0,0,225,0,0,0,0,0,0,0,0,0,0,0
49,cn5037,face_local_extract,compute,0.160101667,1,0,0,0,0,0,0,635,0,0,0,0,0,0,0,0,0,0,0
49,cn5037,face_pre_collective_wait,synchronization,0.0901373059996,1,0,0,0,0,0,0,1,0,0,0,0,0,0,1,0,0,0,0
49,cn5037,face_collective_setup,compute,0.000112181000077,1,0,0,0,0,0,0,16,0,0,0,0,0,0,0,0,0,0,0
49,cn5037,face_allgatherv,communication,0.0711632940001,1,0,0,0,0,0,0,831,0,0,0,0,0,0,0,1,1,37904,4859624
49,cn5037,face_global_merge,compute,0.079962193,1,0,0,0,0,0,0,1319,0,0,0,0,0,0,0,0,0,0,0
49,cn5037,part_face_create,compute,0.019297456,1,0,0,0,0,0,0,299,0,0,0,0,0,0,0,0,0,0,0
49,cn5037,surface_refine,compute,0.00932346400032,1,0,0,0,0,0,0,61,0,0,0,0,0,0,0,0,0,0,0
49,cn5037,refined_surface_save,io,0,0,0,0,0,0,0,0,0,0,0,0,0,0,0,0,0,0,0,0
49,cn5037,local_volume_mesh,compute,8.43244006,1,0,0,0,0,0,0,2203,0,0,0,0,0,10652,468189,0,0,0,0
49,cn5037,volume_refine,compute,0.416787872,1,0,0,0,0,0,0,5445,0,0,0,0,0,0,1,0,0,0,0
49,cn5037,refined_volume_save,io,0,0,0,0,0,0,0,0,0,0,0,0,0,0,0,0,0,0,0,0
49,cn5037,adjacency_build,compute,0.00446151000006,1,0,0,0,0,0,0,0,0,0,0,0,0,0,0,0,0,0,0
49,cn5037,vertex_numbering_local,compute,0.0118634529999,1,0,0,0,0,0,0,115,0,0,0,0,0,0,0,0,0,0,0
49,cn5037,vertex_count_allgather,communication,3.052302509,1,0,0,0,0,0,0,130,0,0,0,0,0,0,3,1,1,4,512
49,cn5037,element_count_allgather,communication,0.000789028999861,1,0,0,0,0,0,0,4,0,0,0,0,0,0,0,1,1,4,512
49,cn5037,vertex_exchange_prepare,compute,0.000105941000129,1,0,0,0,0,0,0,36,0,0,0,0,0,0,0,0,0,0,0
49,cn5037,vertex_exchange,communication,0.0129665650002,1,0,0,0,0,0,0,717,0,0,0,0,0,0,0,7,8,163526,76208
49,cn5037,vertex_exchange_unpack,compute,0.00209444299981,1,0,0,0,0,0,0,969,0,0,0,0,0,0,0,0,0,0,0
49,cn5037,partition_result_io,io,0,0,0,0,0,0,0,0,0,0,0,0,0,0,0,0,0,0,0,0
49,cn5037,volume_exchange_pack,compute,0.159164436,2,0,0,0,0,0,0,2202,0,0,0,0,0,0,0,0,0,0,0
49,cn5037,volume_size_exchange,communication,0.0435179249998,1,0,0,0,0,0,0,2,0,0,0,0,0,0,0,7,7,28,28
49,cn5037,volume_payload_prepare,compute,0.000436124999851,1,0,0,0,0,0,0,136,0,0,0,0,0,0,0,0,0,0,0
49,cn5037,volume_payload_exchange,communication,0.00303661399994,1,0,0,0,0,0,0,273,0,0,0,0,0,0,0,7,7,2546640,2542320
49,cn5037,volume_exchange_unpack,compute,0.115159025,1,0,0,0,0,0,0,4151,0,0,0,0,0,0,0,0,0,0,0
49,cn5037,final_mesh_save,io,0,0,0,0,0,0,0,0,0,0,0,0,0,0,0,0,0,0,0,0
49,cn5037,testout_io,io,0,0,0,0,0,0,0,0,0,0,0,0,0,0,0,0,0,0,0,0
49,cn5037,final_count_exchange,communication,0,0,0,0,0,0,0,0,0,0,0,0,0,0,0,0,0,0,0,0
49,cn5037,quality_evaluation,postprocess,0,0,0,0,0,0,0,0,0,0,0,0,0,0,0,0,0,0,0,0
50,cn5038,geometry_load,io,1.737874444,1,0,0,0,0,0,0,5898,0,1035092,0,0,0,3,2,0,0,0,0
50,cn5038,coarse_local_size,setup,0.458448676,1,0,0,0,0,0,0,8227,0,0,0,0,0,79,21,0,0,0,0
50,cn5038,coarse_edge_mesh,setup,0.012281286,1,0,0,0,0,0,0,404,0,0,0,0,0,0,0,0,0,0,0
50,cn5038,coarse_surface_mesh,setup,8.213873458,1,0,0,0,0,0,0,17143,0,0,0,0,0,0,10,0,0,0,0
50,cn5038,coarse_volume_mesh,setup,13.347668973,1,0,0,0,0,0,0,27831,0,0,0,0,0,38395,1603841,0,0,0,0
50,cn5038,coarse_mesh_save,io,0,0,0,0,0,0,0,0,0,0,0,0,0,0,0,0,0,0,0,0
50,cn5038,submesh_initialization,setup,0.000123342000279,1,0,0,0,0,0,0,3,0,0,0,0,0,0,0,0,0,0,0
50,cn5038,metis_partition,compute,0.235684865,1,0,0,0,0,0,0,505,0,0,0,0,0,0,0,0,0,0,0
50,cn5038,face_map_setup,compute,0.00740433999999,1,0,0,0,0,0,0,224,0,0,0,0,0,0,0,0,0,0,0
50,cn5038,face_local_extract,compute,0.163109724,1,0,0,0,0,0,0,634,0,0,0,0,0,0,0,0,0,0,0
50,cn5038,face_pre_collective_wait,synchronization,0.0860571030003,1,0,0,0,0,0,0,1,0,0,0,0,0,0,0,0,0,0,0
50,cn5038,face_collective_setup,compute,0.000105602000076,1,0,0,0,0,0,0,16,0,0,0,0,0,0,0,0,0,0,0
50,cn5038,face_allgatherv,communication,0.0711199010002,1,0,0,0,0,0,0,862,0,0,0,0,0,0,0,1,1,37904,4859624
50,cn5038,face_global_merge,compute,0.0800100420001,1,0,0,0,0,0,0,803,0,0,0,0,0,0,0,0,0,0,0
50,cn5038,part_face_create,compute,0.0193157210001,1,0,0,0,0,0,0,336,0,0,0,0,0,0,1,0,0,0,0
50,cn5038,surface_refine,compute,0.00936542699992,1,0,0,0,0,0,0,484,0,0,0,0,0,0,0,0,0,0,0
50,cn5038,refined_surface_save,io,0,0,0,0,0,0,0,0,0,0,0,0,0,0,0,0,0,0,0,0
50,cn5038,local_volume_mesh,compute,7.737505021,1,0,0,0,0,0,0,2712,0,0,0,0,0,10897,502978,0,0,0,0
50,cn5038,volume_refine,compute,0.392336922,1,0,0,0,0,0,0,5983,0,0,0,0,0,0,1,0,0,0,0
50,cn5038,refined_volume_save,io,0,0,0,0,0,0,0,0,0,0,0,0,0,0,0,0,0,0,0,0
50,cn5038,adjacency_build,compute,0.00451980099979,1,0,0,0,0,0,0,6,0,0,0,0,0,0,0,0,0,0,0
50,cn5038,vertex_numbering_local,compute,0.0134501410002,1,0,0,0,0,0,0,399,0,0,0,0,0,0,0,0,0,0,0
50,cn5038,vertex_count_allgather,communication,3.769957485,1,0,0,0,0,0,0,143,0,0,0,0,0,0,3,1,1,4,512
50,cn5038,element_count_allgather,communication,0.000850391000313,1,0,0,0,0,0,0,6,0,0,0,0,0,0,0,1,1,4,512
50,cn5038,vertex_exchange_prepare,compute,9.08009997147e-05,1,0,0,0,0,0,0,33,0,0,0,0,0,0,0,0,0,0,0
50,cn5038,vertex_exchange,communication,0.0126028710001,1,0,0,0,0,0,0,214,0,0,0,0,0,0,0,7,6,186296,72336
50,cn5038,vertex_exchange_unpack,compute,0.00171550300001,1,0,0,0,0,0,0,677,0,0,0,0,0,0,0,0,0,0,0
50,cn5038,partition_result_io,io,0,0,0,0,0,0,0,0,0,0,0,0,0,0,0,0,0,0,0,0
50,cn5038,volume_exchange_pack,compute,0.155780125,2,0,0,0,0,0,0,2643,0,0,0,0,0,0,1,0,0,0,0
50,cn5038,volume_size_exchange,communication,0.0409298129998,1,0,0,0,0,0,0,1,0,0,0,0,0,0,0,6,6,24,24
50,cn5038,volume_payload_prepare,compute,0.000384065000162,1,0,0,0,0,0,0,136,0,0,0,0,0,0,0,0,0,0,0
50,cn5038,volume_payload_exchange,communication,0.008586337,1,0,0,0,0,0,0,511,0,0,0,0,0,0,0,6,6,2772000,2779080
50,cn5038,volume_exchange_unpack,compute,0.115068635,1,0,0,0,0,0,0,3347,0,0,0,0,0,0,0,0,0,0,0
50,cn5038,final_mesh_save,io,0,0,0,0,0,0,0,0,0,0,0,0,0,0,0,0,0,0,0,0
50,cn5038,testout_io,io,0,0,0,0,0,0,0,0,0,0,0,0,0,0,0,0,0,0,0,0
50,cn5038,final_count_exchange,communication,0,0,0,0,0,0,0,0,0,0,0,0,0,0,0,0,0,0,0,0
50,cn5038,quality_evaluation,postprocess,0,0,0,0,0,0,0,0,0,0,0,0,0,0,0,0,0,0,0,0
51,cn5039,geometry_load,io,1.716480157,1,0,0,0,0,0,0,5895,0,1035092,0,0,0,2,5,0,0,0,0
51,cn5039,coarse_local_size,setup,0.451577678,1,0,0,0,0,0,0,7939,0,0,0,0,0,88,20,0,0,0,0
51,cn5039,coarse_edge_mesh,setup,0.0126242850001,1,0,0,0,0,0,0,509,0,0,0,0,0,0,0,0,0,0,0
51,cn5039,coarse_surface_mesh,setup,8.233970575,1,0,0,0,0,0,0,17371,0,0,0,0,0,0,20,0,0,0,0
51,cn5039,coarse_volume_mesh,setup,13.440645373,1,0,0,0,0,0,0,28334,0,0,0,0,0,38333,1550912,0,0,0,0
51,cn5039,coarse_mesh_save,io,0,0,0,0,0,0,0,0,0,0,0,0,0,0,0,0,0,0,0,0
51,cn5039,submesh_initialization,setup,0.000176322999778,1,0,0,0,0,0,0,58,0,0,0,0,0,0,0,0,0,0,0
51,cn5039,metis_partition,compute,0.238402953,1,0,0,0,0,0,0,2083,0,0,0,0,0,0,0,0,0,0,0
51,cn5039,face_map_setup,compute,0.0077817020001,1,0,0,0,0,0,0,679,0,0,0,0,0,0,0,0,0,0,0
51,cn5039,face_local_extract,compute,0.162941728,1,0,0,0,0,0,0,834,0,0,0,0,0,0,0,0,0,0,0
51,cn5039,face_pre_collective_wait,synchronization,0.0830072240001,1,0,0,0,0,0,0,16,0,0,0,0,0,0,1,0,0,0,0
51,cn5039,face_collective_setup,compute,0.000103381999907,1,0,0,0,0,0,0,13,0,0,0,0,0,0,0,0,0,0,0
51,cn5039,face_allgatherv,communication,0.071056448,1,0,0,0,0,0,0,698,0,0,0,0,0,0,0,1,1,37904,4859624
51,cn5039,face_global_merge,compute,0.078563386,1,0,0,0,0,0,0,487,0,0,0,0,0,0,0,0,0,0,0
51,cn5039,part_face_create,compute,0.0190968690004,1,0,0,0,0,0,0,22,0,0,0,0,0,0,0,0,0,0,0
51,cn5039,surface_refine,compute,0.00994489000004,1,0,0,0,0,0,0,49,0,0,0,0,0,0,0,0,0,0,0
51,cn5039,refined_surface_save,io,0,0,0,0,0,0,0,0,0,0,0,0,0,0,0,0,0,0,0,0
51,cn5039,local_volume_mesh,compute,8.294654047,1,0,0,0,0,0,0,2132,0,0,0,0,0,13496,779138,0,0,0,0
51,cn5039,volume_refine,compute,0.41119589,1,0,0,0,0,0,0,4681,0,0,0,0,0,0,0,0,0,0,0
51,cn5039,refined_volume_save,io,0,0,0,0,0,0,0,0,0,0,0,0,0,0,0,0,0,0,0,0
51,cn5039,adjacency_build,compute,0.00441183800012,1,0,0,0,0,0,0,0,0,0,0,0,0,0,0,0,0,0,0
51,cn5039,vertex_numbering_local,compute,0.0144255679998,1,0,0,0,0,0,0,40,0,0,0,0,0,0,0,0,0,0,0
51,cn5039,vertex_count_allgather,communication,3.195111788,1,0,0,0,0,0,0,100,0,0,0,0,0,0,13,1,1,4,512
51,cn5039,element_count_allgather,communication,0.000812590000351,1,0,0,0,0,0,0,1,0,0,0,0,0,0,0,1,1,4,512
51,cn5039,vertex_exchange_prepare,compute,0.000230662999911,1,0,0,0,0,0,0,71,0,0,0,0,0,0,0,0,0,0,0
51,cn5039,vertex_exchange,communication,0.0200820219998,1,0,0,0,0,0,0,891,0,0,0,0,0,0,0,9,9,81422,251130
51,cn5039,vertex_exchange_unpack,compute,0.0049230450004,1,0,0,0,0,0,0,1439,0,0,0,0,0,0,0,0,0,0,0
51,cn5039,partition_result_io,io,0,0,0,0,0,0,0,0,0,0,0,0,0,0,0,0,0,0,0,0
51,cn5039,volume_exchange_pack,compute,0.186291533,2,0,0,0,0,0,0,1887,0,0,0,0,0,0,1,0,0,0,0
51,cn5039,volume_size_exchange,communication,0.00635788299996,1,0,0,0,0,0,0,42,0,0,0,0,0,0,0,10,10,40,40
51,cn5039,volume_payload_prepare,compute,0.000456404999568,1,0,0,0,0,0,0,136,0,0,0,0,0,0,0,0,0,0,0
51,cn5039,volume_payload_exchange,communication,0.00329794299978,1,0,0,0,0,0,0,546,0,0,0,0,0,0,0,10,10,3578640,3574800
51,cn5039,volume_exchange_unpack,compute,0.13549775,1,0,0,0,0,0,0,4307,0,0,0,0,0,0,1,0,0,0,0
51,cn5039,final_mesh_save,io,0,0,0,0,0,0,0,0,0,0,0,0,0,0,0,0,0,0,0,0
51,cn5039,testout_io,io,0,0,0,0,0,0,0,0,0,0,0,0,0,0,0,0,0,0,0,0
51,cn5039,final_count_exchange,communication,0,0,0,0,0,0,0,0,0,0,0,0,0,0,0,0,0,0,0,0
51,cn5039,quality_evaluation,postprocess,0,0,0,0,0,0,0,0,0,0,0,0,0,0,0,0,0,0,0,0
52,cn5040,geometry_load,io,1.752510603,1,0,0,0,0,0,0,5894,0,1035092,0,0,0,2,2,0,0,0,0
52,cn5040,coarse_local_size,setup,0.458483261,1,0,0,0,0,0,0,8153,0,0,0,0,0,81,22,0,0,0,0
52,cn5040,coarse_edge_mesh,setup,0.0126859730003,1,0,0,0,0,0,0,489,0,0,0,0,0,0,0,0,0,0,0
52,cn5040,coarse_surface_mesh,setup,8.196123497,1,0,0,0,0,0,0,14508,0,0,0,0,0,0,10,0,0,0,0
52,cn5040,coarse_volume_mesh,setup,13.1174697,1,0,0,0,0,0,0,22613,0,0,0,0,0,35870,1461146,0,0,0,0
52,cn5040,coarse_mesh_save,io,0,0,0,0,0,0,0,0,0,0,0,0,0,0,0,0,0,0,0,0
52,cn5040,submesh_initialization,setup,0.000126461000036,1,0,0,0,0,0,0,4,0,0,0,0,0,0,0,0,0,0,0
52,cn5040,metis_partition,compute,0.22509533,1,0,0,0,0,0,0,235,0,0,0,0,0,0,1,0,0,0,0
52,cn5040,face_map_setup,compute,0.00678720099995,1,0,0,0,0,0,0,261,0,0,0,0,0,0,0,0,0,0,0
52,cn5040,face_local_extract,compute,0.154987946,1,0,0,0,0,0,0,774,0,0,0,0,0,0,0,0,0,0,0
52,cn5040,face_pre_collective_wait,synchronization,0.105397409,1,0,0,0,0,0,0,6,0,0,0,0,0,0,0,0,0,0,0
52,cn5040,face_collective_setup,compute,0.000110381000013,1,0,0,0,0,0,0,16,0,0,0,0,0,0,0,0,0,0,0
52,cn5040,face_allgatherv,communication,0.0709964550001,1,0,0,0,0,0,0,1144,0,0,0,0,0,0,0,1,1,37904,4859624
52,cn5040,face_global_merge,compute,0.0739104499999,1,0,0,0,0,0,0,140,0,0,0,0,0,0,0,0,0,0,0
52,cn5040,part_face_create,compute,0.0181368389999,1,0,0,0,0,0,0,3,0,0,0,0,0,0,0,0,0,0,0
52,cn5040,surface_refine,compute,0.0100190610001,1,0,0,0,0,0,0,47,0,0,0,0,0,0,0,0,0,0,0
52,cn5040,refined_surface_save,io,0,0,0,0,0,0,0,0,0,0,0,0,0,0,0,0,0,0,0,0
52,cn5040,local_volume_mesh,compute,9.532405148,1,0,0,0,0,0,0,1938,0,0,0,0,0,14996,774924,0,0,0,0
52,cn5040,volume_refine,compute,0.48496028,1,0,0,0,0,0,0,5175,0,0,0,0,0,0,0,0,0,0,0
52,cn5040,refined_volume_save,io,0,0,0,0,0,0,0,0,0,0,0,0,0,0,0,0,0,0,0,0
52,cn5040,adjacency_build,compute,0.00402468799984,1,0,0,0,0,0,0,0,0,0,0,0,0,0,0,0,0,0,0
52,cn5040,vertex_numbering_local,compute,0.00861004399985,1,0,0,0,0,0,0,2,0,0,0,0,0,0,0,0,0,0,0
52,cn5040,vertex_count_allgather,communication,1.895557506,1,0,0,0,0,0,0,28,0,0,0,0,0,0,2,1,1,4,512
52,cn5040,element_count_allgather,communication,0.000833850000163,1,0,0,0,0,0,0,0,0,0,0,0,0,0,0,1,1,4,512
52,cn5040,vertex_exchange_prepare,compute,1.0839999959e-05,1,0,0,0,0,0,0,0,0,0,0,0,0,0,0,0,0,0,0
52,cn5040,vertex_exchange,communication,0.0126030320002,1,0,0,0,0,0,0,16,0,0,0,0,0,0,0,3,3,76318,15730
52,cn5040,vertex_exchange_unpack,compute,0.000248662999638,1,0,0,0,0,0,0,0,0,0,0,0,0,0,0,0,0,0,0
52,cn5040,partition_result_io,io,0,0,0,0,0,0,0,0,0,0,0,0,0,0,0,0,0,0,0,0
52,cn5040,volume_exchange_pack,compute,0.139212297,2,0,0,0,0,0,0,1,0,0,0,0,0,0,0,0,0,0,0
52,cn5040,volume_size_exchange,communication,0.0456695900002,1,0,0,0,0,0,0,0,0,0,0,0,0,0,0,3,3,12,12
52,cn5040,volume_payload_prepare,compute,7.08810002834e-05,1,0,0,0,0,0,0,0,0,0,0,0,0,0,0,0,0,0,0
52,cn5040,volume_payload_exchange,communication,0.00190334299987,1,0,0,0,0,0,0,18,0,0,0,0,0,0,0,3,3,963360,959640
52,cn5040,volume_exchange_unpack,compute,0.10378379,1,0,0,0,0,0,0,3390,0,0,0,0,0,0,0,0,0,0,0
52,cn5040,final_mesh_save,io,0,0,0,0,0,0,0,0,0,0,0,0,0,0,0,0,0,0,0,0
52,cn5040,testout_io,io,0,0,0,0,0,0,0,0,0,0,0,0,0,0,0,0,0,0,0,0
52,cn5040,final_count_exchange,communication,0,0,0,0,0,0,0,0,0,0,0,0,0,0,0,0,0,0,0,0
52,cn5040,quality_evaluation,postprocess,0,0,0,0,0,0,0,0,0,0,0,0,0,0,0,0,0,0,0,0
53,cn5041,geometry_load,io,1.714346337,1,0,0,0,0,0,0,5896,0,1035092,0,0,0,2,3,0,0,0,0
53,cn5041,coarse_local_size,setup,0.472554543,1,0,0,0,0,0,0,8341,0,0,0,0,0,100,22,0,0,0,0
53,cn5041,coarse_edge_mesh,setup,0.0123511400002,1,0,0,0,0,0,0,425,0,0,0,0,0,0,0,0,0,0,0
53,cn5041,coarse_surface_mesh,setup,8.243090413,1,0,0,0,0,0,0,16245,0,0,0,0,0,0,8,0,0,0,0
53,cn5041,coarse_volume_mesh,setup,13.286095248,1,0,0,0,0,0,0,22595,0,0,0,0,0,40626,1659291,0,0,0,0
53,cn5041,coarse_mesh_save,io,0,0,0,0,0,0,0,0,0,0,0,0,0,0,0,0,0,0,0,0
53,cn5041,submesh_initialization,setup,0.000128441000015,1,0,0,0,0,0,0,1,0,0,0,0,0,0,0,0,0,0,0
53,cn5041,metis_partition,compute,0.232437498,1,0,0,0,0,0,0,55,0,0,0,0,0,0,0,0,0,0,0
53,cn5041,face_map_setup,compute,0.00658863399985,1,0,0,0,0,0,0,3,0,0,0,0,0,0,0,0,0,0,0
53,cn5041,face_local_extract,compute,0.160450121,1,0,0,0,0,0,0,332,0,0,0,0,0,0,1,0,0,0,0
53,cn5041,face_pre_collective_wait,synchronization,0.0927744129999,1,0,0,0,0,0,0,1,0,0,0,0,0,0,0,0,0,0,0
53,cn5041,face_collective_setup,compute,0.000106441999833,1,0,0,0,0,0,0,13,0,0,0,0,0,0,0,0,0,0,0
53,cn5041,face_allgatherv,communication,0.0709516050001,1,0,0,0,0,0,0,758,0,0,0,0,0,0,0,1,1,37904,4859624
53,cn5041,face_global_merge,compute,0.0736024959997,1,0,0,0,0,0,0,0,0,0,0,0,0,0,0,0,0,0,0
53,cn5041,part_face_create,compute,0.0179258630001,1,0,0,0,0,0,0,3,0,0,0,0,0,0,0,0,0,0,0
53,cn5041,surface_refine,compute,0.00881548000007,1,0,0,0,0,0,0,20,0,0,0,0,0,0,0,0,0,0,0
53,cn5041,refined_surface_save,io,0,0,0,0,0,0,0,0,0,0,0,0,0,0,0,0,0,0,0,0
53,cn5041,local_volume_mesh,compute,8.240937149,1,0,0,0,0,0,0,2607,0,0,0,0,0,14552,608023,0,0,0,0
53,cn5041,volume_refine,compute,0.425965735,1,0,0,0,0,0,0,4961,0,0,0,0,0,0,0,0,0,0,0
53,cn5041,refined_volume_save,io,0,0,0,0,0,0,0,0,0,0,0,0,0,0,0,0,0,0,0,0
53,cn5041,adjacency_build,compute,0.00412972699996,1,0,0,0,0,0,0,0,0,0,0,0,0,0,0,0,0,0,0
53,cn5041,vertex_numbering_local,compute,0.0107298419998,1,0,0,0,0,0,0,62,0,0,0,0,0,0,0,0,0,0,0
53,cn5041,vertex_count_allgather,communication,3.245499654,1,0,0,0,0,0,0,109,0,0,0,0,0,0,4,1,1,4,512
53,cn5041,element_count_allgather,communication,0.000782069000252,1,0,0,0,0,0,0,0,0,0,0,0,0,0,0,1,1,4,512
53,cn5041,vertex_exchange_prepare,compute,0.000121140999909,1,0,0,0,0,0,0,36,0,0,0,0,0,0,0,0,0,0,0
53,cn5041,vertex_exchange,communication,0.0121589579999,1,0,0,0,0,0,0,242,0,0,0,0,0,0,0,5,3,75790,118866
53,cn5041,vertex_exchange_unpack,compute,0.00175285999967,1,0,0,0,0,0,0,105,0,0,0,0,0,0,0,0,0,0,0
53,cn5041,partition_result_io,io,0,0,0,0,0,0,0,0,0,0,0,0,0,0,0,0,0,0,0,0
53,cn5041,volume_exchange_pack,compute,0.150773271,2,0,0,0,0,0,0,1492,0,0,0,0,0,0,0,0,0,0,0
53,cn5041,volume_size_exchange,communication,0.033003434,1,0,0,0,0,0,0,1,0,0,0,0,0,0,0,5,5,20,20
53,cn5041,volume_payload_prepare,compute,0.000212261999877,1,0,0,0,0,0,0,34,0,0,0,0,0,0,0,0,0,0,0
53,cn5041,volume_payload_exchange,communication,0.0152346530003,1,0,0,0,0,0,0,198,0,0,0,0,0,0,0,5,5,2051280,2046120
53,cn5041,volume_exchange_unpack,compute,0.11012887,1,0,0,0,0,0,0,4452,0,0,0,0,0,0,0,0,0,0,0
53,cn5041,final_mesh_save,io,0,0,0,0,0,0,0,0,0,0,0,0,0,0,0,0,0,0,0,0
53,cn5041,testout_io,io,0,0,0,0,0,0,0,0,0,0,0,0,0,0,0,0,0,0,0,0
53,cn5041,final_count_exchange,communication,0,0,0,0,0,0,0,0,0,0,0,0,0,0,0,0,0,0,0,0
53,cn5041,quality_evaluation,postprocess,0,0,0,0,0,0,0,0,0,0,0,0,0,0,0,0,0,0,0,0
54,cn5042,geometry_load,io,1.748889391,1,0,0,0,0,0,0,5895,0,1035092,0,0,0,2,19,0,0,0,0
54,cn5042,coarse_local_size,setup,0.466541426,1,0,0,0,0,0,0,8199,0,0,0,0,0,101,23,0,0,0,0
54,cn5042,coarse_edge_mesh,setup,0.0125651999997,1,0,0,0,0,0,0,506,0,0,0,0,0,0,0,0,0,0,0
54,cn5042,coarse_surface_mesh,setup,8.201672156,1,0,0,0,0,0,0,17324,0,0,0,0,0,0,78,0,0,0,0
54,cn5042,coarse_volume_mesh,setup,13.475174831,1,0,0,0,0,0,0,27521,0,0,0,0,0,39911,1767377,0,0,0,0
54,cn5042,coarse_mesh_save,io,0,0,0,0,0,0,0,0,0,0,0,0,0,0,0,0,0,0,0,0
54,cn5042,submesh_initialization,setup,0.000120421000247,1,0,0,0,0,0,0,1,0,0,0,0,0,0,0,0,0,0,0
54,cn5042,metis_partition,compute,0.236582311,1,0,0,0,0,0,0,477,0,0,0,0,0,0,2,0,0,0,0
54,cn5042,face_map_setup,compute,0.00724358200023,1,0,0,0,0,0,0,222,0,0,0,0,0,0,0,0,0,0,0
54,cn5042,face_local_extract,compute,0.158660238,1,0,0,0,0,0,0,642,0,0,0,0,0,0,1,0,0,0,0
54,cn5042,face_pre_collective_wait,synchronization,0.0897902860002,1,0,0,0,0,0,0,1,0,0,0,0,0,0,1,0,0,0,0
54,cn5042,face_collective_setup,compute,0.000111200999982,1,0,0,0,0,0,0,16,0,0,0,0,0,0,0,0,0,0,0
54,cn5042,face_allgatherv,communication,0.0708814139998,1,0,0,0,0,0,0,734,0,0,0,0,0,0,1,1,1,37904,4859624
54,cn5042,face_global_merge,compute,0.0788310630001,1,0,0,0,0,0,0,263,0,0,0,0,0,0,1,0,0,0,0
54,cn5042,part_face_create,compute,0.0191681749998,1,0,0,0,0,0,0,3,0,0,0,0,0,0,0,0,0,0,0
54,cn5042,surface_refine,compute,0.0110807639999,1,0,0,0,0,0,0,48,0,0,0,0,0,0,0,0,0,0,0
54,cn5042,refined_surface_save,io,0,0,0,0,0,0,0,0,0,0,0,0,0,0,0,0,0,0,0,0
54,cn5042,local_volume_mesh,compute,9.812682404,1,0,0,0,0,0,0,6438,0,0,0,0,0,9335,780245,0,0,0,0
54,cn5042,volume_refine,compute,0.516933451,1,0,0,0,0,0,0,3988,0,0,0,0,0,0,5,0,0,0,0
54,cn5042,refined_volume_save,io,0,0,0,0,0,0,0,0,0,0,0,0,0,0,0,0,0,0,0,0
54,cn5042,adjacency_build,compute,0.00435608899988,1,0,0,0,0,0,0,12,0,0,0,0,0,0,0,0,0,0,0
54,cn5042,vertex_numbering_local,compute,0.00916086200004,1,0,0,0,0,0,0,6,0,0,0,0,0,0,0,0,0,0,0
54,cn5042,vertex_count_allgather,communication,1.575090665,1,0,0,0,0,0,0,76,0,0,0,0,0,0,16,1,1,4,512
54,cn5042,element_count_allgather,communication,0.000753988999804,1,0,0,0,0,0,0,19,0,0,0,0,0,0,0,1,1,4,512
54,cn5042,vertex_exchange_prepare,compute,3.6141000237e-05,1,0,0,0,0,0,0,14,0,0,0,0,0,0,0,0,0,0,0
54,cn5042,vertex_exchange,communication,0.0116625300002,1,0,0,0,0,0,0,361,0,0,0,0,0,0,0,3,3,47146,48268
54,cn5042,vertex_exchange_unpack,compute,0.00131385399982,1,0,0,0,0,0,0,602,0,0,0,0,0,0,0,0,0,0,0
54,cn5042,partition_result_io,io,0,0,0,0,0,0,0,0,0,0,0,0,0,0,0,0,0,0,0,0
54,cn5042,volume_exchange_pack,compute,0.146535022,2,0,0,0,0,0,0,1722,0,0,0,0,0,0,1,0,0,0,0
54,cn5042,volume_size_exchange,communication,0.037830324,1,0,0,0,0,0,0,9,0,0,0,0,0,0,0,4,4,16,16
54,cn5042,volume_payload_prepare,compute,0.000212722000015,1,0,0,0,0,0,0,122,0,0,0,0,0,0,0,0,0,0,0
54,cn5042,volume_payload_exchange,communication,0.0146756650001,1,0,0,0,0,0,0,10,0,0,0,0,0,0,1,4,4,998160,988320
54,cn5042,volume_exchange_unpack,compute,0.100537726,1,0,0,0,0,0,0,3651,0,0,0,0,0,0,0,0,0,0,0
54,cn5042,final_mesh_save,io,0,0,0,0,0,0,0,0,0,0,0,0,0,0,0,0,0,0,0,0
54,cn5042,testout_io,io,0,0,0,0,0,0,0,0,0,0,0,0,0,0,0,0,0,0,0,0
54,cn5042,final_count_exchange,communication,0,0,0,0,0,0,0,0,0,0,0,0,0,0,0,0,0,0,0,0
54,cn5042,quality_evaluation,postprocess,0,0,0,0,0,0,0,0,0,0,0,0,0,0,0,0,0,0,0,0
55,cn5043,geometry_load,io,1.71945884,1,0,0,0,0,0,0,5895,0,1035092,0,0,0,2,3,0,0,0,0
55,cn5043,coarse_local_size,setup,0.459260839,1,0,0,0,0,0,0,8401,0,0,0,0,0,92,21,0,0,0,0
55,cn5043,coarse_edge_mesh,setup,0.0123168169998,1,0,0,0,0,0,0,434,0,0,0,0,0,0,0,0,0,0,0
55,cn5043,coarse_surface_mesh,setup,8.206893515,1,0,0,0,0,0,0,17091,0,0,0,0,0,0,12,0,0,0,0
55,cn5043,coarse_volume_mesh,setup,13.360025539,1,0,0,0,0,0,0,25481,0,0,0,0,0,39684,1659285,0,0,0,0
55,cn5043,coarse_mesh_save,io,0,0,0,0,0,0,0,0,0,0,0,0,0,0,0,0,0,0,0,0
55,cn5043,submesh_initialization,setup,0.00017482200019,1,0,0,0,0,0,0,51,0,0,0,0,0,0,0,0,0,0,0
55,cn5043,metis_partition,compute,0.245300785,1,0,0,0,0,0,0,1671,0,0,0,0,0,0,0,0,0,0,0
55,cn5043,face_map_setup,compute,0.00752818499996,1,0,0,0,0,0,0,493,0,0,0,0,0,0,0,0,0,0,0
55,cn5043,face_local_extract,compute,0.15907172,1,0,0,0,0,0,0,837,0,0,0,0,0,0,0,0,0,0,0
55,cn5043,face_pre_collective_wait,synchronization,0.0803132379997,1,0,0,0,0,0,0,27,0,0,0,0,0,0,0,0,0,0,0
55,cn5043,face_collective_setup,compute,0.000106422000044,1,0,0,0,0,0,0,16,0,0,0,0,0,0,0,0,0,0,0
55,cn5043,face_allgatherv,communication,0.0716283810002,1,0,0,0,0,0,0,1157,0,0,0,0,0,0,0,1,1,37904,4859624
55,cn5043,face_global_merge,compute,0.0780564330003,1,0,0,0,0,0,0,604,0,0,0,0,0,0,0,0,0,0,0
55,cn5043,part_face_create,compute,0.0187245100001,1,0,0,0,0,0,0,21,0,0,0,0,0,0,0,0,0,0,0
55,cn5043,surface_refine,compute,0.00926132399991,1,0,0,0,0,0,0,50,0,0,0,0,0,0,0,0,0,0,0
55,cn5043,refined_surface_save,io,0,0,0,0,0,0,0,0,0,0,0,0,0,0,0,0,0,0,0,0
55,cn5043,local_volume_mesh,compute,7.818241486,1,0,0,0,0,0,0,2023,0,0,0,0,0,11636,515913,0,0,0,0
55,cn5043,volume_refine,compute,0.423338518,1,0,0,0,0,0,0,10071,0,0,0,0,0,0,1,0,0,0,0
55,cn5043,refined_volume_save,io,0,0,0,0,0,0,0,0,0,0,0,0,0,0,0,0,0,0,0,0
55,cn5043,adjacency_build,compute,0.00440676900007,1,0,0,0,0,0,0,30,0,0,0,0,0,0,0,0,0,0,0
55,cn5043,vertex_numbering_local,compute,0.0117542920002,1,0,0,0,0,0,0,5,0,0,0,0,0,0,0,0,0,0,0
55,cn5043,vertex_count_allgather,communication,3.662944149,1,0,0,0,0,0,0,32,0,0,0,0,0,0,3,1,1,4,512
55,cn5043,element_count_allgather,communication,0.000471164999908,1,0,0,0,0,0,0,0,0,0,0,0,0,0,0,1,1,4,512
55,cn5043,vertex_exchange_prepare,compute,3.52199999725e-05,1,0,0,0,0,0,0,0,0,0,0,0,0,0,0,0,0,0,0
55,cn5043,vertex_exchange,communication,0.0222671890001,1,0,0,0,0,0,0,805,0,0,0,0,0,0,0,0,7,0,260832
55,cn5043,vertex_exchange_unpack,compute,0.00361217999989,1,0,0,0,0,0,0,0,0,0,0,0,0,0,0,0,0,0,0
55,cn5043,partition_result_io,io,0,0,0,0,0,0,0,0,0,0,0,0,0,0,0,0,0,0,0,0
55,cn5043,volume_exchange_pack,compute,0.172047466001,2,0,0,0,0,0,0,1,0,0,0,0,0,0,1,0,0,0,0
55,cn5043,volume_size_exchange,communication,0.000100280999959,1,0,0,0,0,0,0,3,0,0,0,0,0,0,0,7,7,28,28
55,cn5043,volume_payload_prepare,compute,0.000203441999929,1,0,0,0,0,0,0,0,0,0,0,0,0,0,0,0,0,0,0
55,cn5043,volume_payload_exchange,communication,0.0148835260002,1,0,0,0,0,0,0,27,0,0,0,0,0,0,0,7,7,2784720,2797080
55,cn5043,volume_exchange_unpack,compute,0.110392616,1,0,0,0,0,0,0,3013,0,0,0,0,0,0,0,0,0,0,0
55,cn5043,final_mesh_save,io,0,0,0,0,0,0,0,0,0,0,0,0,0,0,0,0,0,0,0,0
55,cn5043,testout_io,io,0,0,0,0,0,0,0,0,0,0,0,0,0,0,0,0,0,0,0,0
55,cn5043,final_count_exchange,communication,0,0,0,0,0,0,0,0,0,0,0,0,0,0,0,0,0,0,0,0
55,cn5043,quality_evaluation,postprocess,0,0,0,0,0,0,0,0,0,0,0,0,0,0,0,0,0,0,0,0
56,cn5044,geometry_load,io,1.719750281,1,0,0,0,0,0,0,5896,0,1035092,0,0,0,2,15,0,0,0,0
56,cn5044,coarse_local_size,setup,0.47062211,1,0,0,0,0,0,0,8351,0,0,0,0,0,96,26,0,0,0,0
56,cn5044,coarse_edge_mesh,setup,0.0128157259996,1,0,0,0,0,0,0,488,0,0,0,0,0,0,0,0,0,0,0
56,cn5044,coarse_surface_mesh,setup,8.219595299,1,0,0,0,0,0,0,17109,0,0,0,0,0,0,70,0,0,0,0
56,cn5044,coarse_volume_mesh,setup,13.541709919,1,0,0,0,0,0,0,27570,0,0,0,0,0,38208,1760926,0,0,0,0
56,cn5044,coarse_mesh_save,io,0,0,0,0,0,0,0,0,0,0,0,0,0,0,0,0,0,0,0,0
56,cn5044,submesh_initialization,setup,0.000120001999676,1,0,0,0,0,0,0,1,0,0,0,0,0,0,0,0,0,0,0
56,cn5044,metis_partition,compute,0.236914323,1,0,0,0,0,0,0,319,0,0,0,0,0,0,2,0,0,0,0
56,cn5044,face_map_setup,compute,0.00725390199977,1,0,0,0,0,0,0,227,0,0,0,0,0,0,0,0,0,0,0
56,cn5044,face_local_extract,compute,0.160342709,1,0,0,0,0,0,0,749,0,0,0,0,0,0,2,0,0,0,0
56,cn5044,face_pre_collective_wait,synchronization,0.087786181,1,0,0,0,0,0,0,1,0,0,0,0,0,0,1,0,0,0,0
56,cn5044,face_collective_setup,compute,0.000104382000245,1,0,0,0,0,0,0,16,0,0,0,0,0,0,0,0,0,0,0
56,cn5044,face_allgatherv,communication,0.0717323579997,1,0,0,0,0,0,0,639,0,0,0,0,0,0,0,1,1,37904,4859624
56,cn5044,face_global_merge,compute,0.0790996830001,1,0,0,0,0,0,0,329,0,0,0,0,0,0,1,0,0,0,0
56,cn5044,part_face_create,compute,0.0190960580003,1,0,0,0,0,0,0,3,0,0,0,0,0,0,0,0,0,0,0
56,cn5044,surface_refine,compute,0.00707101999978,1,0,0,0,0,0,0,35,0,0,0,0,0,0,0,0,0,0,0
56,cn5044,refined_surface_save,io,0,0,0,0,0,0,0,0,0,0,0,0,0,0,0,0,0,0,0,0
56,cn5044,local_volume_mesh,compute,7.195535254,1,0,0,0,0,0,0,3012,0,0,0,0,0,14559,614640,0,0,0,0
56,cn5044,volume_refine,compute,0.36730309,1,0,0,0,0,0,0,4252,0,0,0,0,0,0,2,0,0,0,0
56,cn5044,refined_volume_save,io,0,0,0,0,0,0,0,0,0,0,0,0,0,0,0,0,0,0,0,0
56,cn5044,adjacency_build,compute,0.00420740799973,1,0,0,0,0,0,0,8,0,0,0,0,0,0,0,0,0,0,0
56,cn5044,vertex_numbering_local,compute,0.00542836199975,1,0,0,0,0,0,0,3,0,0,0,0,0,0,0,0,0,0,0
56,cn5044,vertex_count_allgather,communication,4.349054399,1,0,0,0,0,0,0,141,0,0,0,0,0,0,39,1,1,4,512
56,cn5044,element_count_allgather,communication,0.000891010000032,1,0,0,0,0,0,0,8,0,0,0,0,0,0,0,1,1,4,512
56,cn5044,vertex_exchange_prepare,compute,1.2340000012e-05,1,0,0,0,0,0,0,3,0,0,0,0,0,0,0,0,0,0,0
56,cn5044,vertex_exchange,communication,0.002235466,1,0,0,0,0,0,0,50,0,0,0,0,0,0,0,1,0,67078,0
56,cn5044,vertex_exchange_unpack,compute,2.04000025406e-06,1,0,0,0,0,0,0,0,0,0,0,0,0,0,0,0,0,0,0
56,cn5044,partition_result_io,io,0,0,0,0,0,0,0,0,0,0,0,0,0,0,0,0,0,0,0,0
56,cn5044,volume_exchange_pack,compute,0.103101317,2,0,0,0,0,0,0,274,0,0,0,0,0,0,1,0,0,0,0
56,cn5044,volume_size_exchange,communication,0.0270022479999,1,0,0,0,0,0,0,2,0,0,0,0,0,0,0,1,1,4,4
56,cn5044,volume_payload_prepare,compute,5.16609998158e-05,1,0,0,0,0,0,0,0,0,0,0,0,0,0,0,0,0,0,0
56,cn5044,volume_payload_exchange,communication,0.0871255940001,1,0,0,0,0,0,0,7,0,0,0,0,0,0,1,1,1,719760,709920
56,cn5044,volume_exchange_unpack,compute,0.0729561930002,1,0,0,0,0,0,0,2303,0,0,0,0,0,0,0,0,0,0,0
56,cn5044,final_mesh_save,io,0,0,0,0,0,0,0,0,0,0,0,0,0,0,0,0,0,0,0,0
56,cn5044,testout_io,io,0,0,0,0,0,0,0,0,0,0,0,0,0,0,0,0,0,0,0,0
56,cn5044,final_count_exchange,communication,0,0,0,0,0,0,0,0,0,0,0,0,0,0,0,0,0,0,0,0
56,cn5044,quality_evaluation,postprocess,0,0,0,0,0,0,0,0,0,0,0,0,0,0,0,0,0,0,0,0
57,cn5045,geometry_load,io,1.739366505,1,0,0,0,0,0,0,5897,0,1035092,0,0,0,2,3,0,0,0,0
57,cn5045,coarse_local_size,setup,0.453925499,1,0,0,0,0,0,0,7953,0,0,0,0,0,88,21,0,0,0,0
57,cn5045,coarse_edge_mesh,setup,0.0125904469996,1,0,0,0,0,0,0,519,0,0,0,0,0,0,0,0,0,0,0
57,cn5045,coarse_surface_mesh,setup,8.201744135,1,0,0,0,0,0,0,17218,0,0,0,0,0,0,8,0,0,0,0
57,cn5045,coarse_volume_mesh,setup,13.241134937,1,0,0,0,0,0,0,27815,0,0,0,0,0,37085,1594008,0,0,0,0
57,cn5045,coarse_mesh_save,io,0,0,0,0,0,0,0,0,0,0,0,0,0,0,0,0,0,0,0,0
57,cn5045,submesh_initialization,setup,0.000179142999968,1,0,0,0,0,0,0,60,0,0,0,0,0,0,0,0,0,0,0
57,cn5045,metis_partition,compute,0.237871892,1,0,0,0,0,0,0,2077,0,0,0,0,0,0,0,0,0,0,0
57,cn5045,face_map_setup,compute,0.00758341200026,1,0,0,0,0,0,0,596,0,0,0,0,0,0,0,0,0,0,0
57,cn5045,face_local_extract,compute,0.16098279,1,0,0,0,0,0,0,913,0,0,0,0,0,0,0,0,0,0,0
57,cn5045,face_pre_collective_wait,synchronization,0.0857424129999,1,0,0,0,0,0,0,28,0,0,0,0,0,0,0,0,0,0,0
57,cn5045,face_collective_setup,compute,0.00011380199976,1,0,0,0,0,0,0,16,0,0,0,0,0,0,0,0,0,0,0
57,cn5045,face_allgatherv,communication,0.0717116249998,1,0,0,0,0,0,0,638,0,0,0,0,0,0,1,1,1,37904,4859624
57,cn5045,face_global_merge,compute,0.0786592079999,1,0,0,0,0,0,0,456,0,0,0,0,0,0,0,0,0,0,0
57,cn5045,part_face_create,compute,0.0191609240001,1,0,0,0,0,0,0,20,0,0,0,0,0,0,0,0,0,0,0
57,cn5045,surface_refine,compute,0.0090743349997,1,0,0,0,0,0,0,47,0,0,0,0,0,0,0,0,0,0,0
57,cn5045,refined_surface_save,io,0,0,0,0,0,0,0,0,0,0,0,0,0,0,0,0,0,0,0,0
57,cn5045,local_volume_mesh,compute,8.178218625,1,0,0,0,0,0,0,2168,0,0,0,0,0,14210,733211,0,0,0,0
57,cn5045,volume_refine,compute,0.395971739,1,0,0,0,0,0,0,4482,0,0,0,0,0,0,0,0,0,0,0
57,cn5045,refined_volume_save,io,0,0,0,0,0,0,0,0,0,0,0,0,0,0,0,0,0,0,0,0
57,cn5045,adjacency_build,compute,0.0044262450001,1,0,0,0,0,0,0,4,0,0,0,0,0,0,0,0,0,0,0
57,cn5045,vertex_numbering_local,compute,0.00971882399972,1,0,0,0,0,0,0,231,0,0,0,0,0,0,0,0,0,0,0
57,cn5045,vertex_count_allgather,communication,3.331413463,1,0,0,0,0,0,0,124,0,0,0,0,0,0,4,1,1,4,512
57,cn5045,element_count_allgather,communication,0.000783951000358,1,0,0,0,0,0,0,7,0,0,0,0,0,0,0,1,1,4,512
57,cn5045,vertex_exchange_prepare,compute,8.03409998298e-05,1,0,0,0,0,0,0,29,0,0,0,0,0,0,0,0,0,0,0
57,cn5045,vertex_exchange,communication,0.0106893389998,1,0,0,0,0,0,0,72,0,0,0,0,0,0,0,4,2,61578,86658
57,cn5045,vertex_exchange_unpack,compute,0.00206359000003,1,0,0,0,0,0,0,852,0,0,0,0,0,0,0,0,0,0,0
57,cn5045,partition_result_io,io,0,0,0,0,0,0,0,0,0,0,0,0,0,0,0,0,0,0,0,0
57,cn5045,volume_exchange_pack,compute,0.118846965,2,0,0,0,0,0,0,2526,0,0,0,0,0,0,0,0,0,0,0
57,cn5045,volume_size_exchange,communication,0.0856524120004,1,0,0,0,0,0,0,1,0,0,0,0,0,0,0,4,4,16,16
57,cn5045,volume_payload_prepare,compute,0.00028948399995,1,0,0,0,0,0,0,102,0,0,0,0,0,0,0,0,0,0,0
57,cn5045,volume_payload_exchange,communication,0.00201102899973,1,0,0,0,0,0,0,259,0,0,0,0,0,0,0,4,4,1542840,1558080
57,cn5045,volume_exchange_unpack,compute,0.0900429969997,1,0,0,0,0,0,0,3448,0,0,0,0,0,0,0,0,0,0,0
57,cn5045,final_mesh_save,io,0,0,0,0,0,0,0,0,0,0,0,0,0,0,0,0,0,0,0,0
57,cn5045,testout_io,io,0,0,0,0,0,0,0,0,0,0,0,0,0,0,0,0,0,0,0,0
57,cn5045,final_count_exchange,communication,0,0,0,0,0,0,0,0,0,0,0,0,0,0,0,0,0,0,0,0
57,cn5045,quality_evaluation,postprocess,0,0,0,0,0,0,0,0,0,0,0,0,0,0,0,0,0,0,0,0
58,cn5046,geometry_load,io,1.734895911,1,0,0,0,0,0,0,5897,0,1035092,0,0,0,2,16,0,0,0,0
58,cn5046,coarse_local_size,setup,0.457845436,1,0,0,0,0,0,0,8295,0,0,0,0,0,94,21,0,0,0,0
58,cn5046,coarse_edge_mesh,setup,0.0121664430003,1,0,0,0,0,0,0,401,0,0,0,0,0,0,0,0,0,0,0
58,cn5046,coarse_surface_mesh,setup,8.189011535,1,0,0,0,0,0,0,13151,0,0,0,0,0,0,73,0,0,0,0
58,cn5046,coarse_volume_mesh,setup,13.280931505,1,0,0,0,0,0,0,22437,0,0,0,0,0,40257,1606754,0,0,0,0
58,cn5046,coarse_mesh_save,io,0,0,0,0,0,0,0,0,0,0,0,0,0,0,0,0,0,0,0,0
58,cn5046,submesh_initialization,setup,0.000124160999803,1,0,0,0,0,0,0,6,0,0,0,0,0,0,0,0,0,0,0
58,cn5046,metis_partition,compute,0.225350866,1,0,0,0,0,0,0,293,0,0,0,0,0,0,2,0,0,0,0
58,cn5046,face_map_setup,compute,0.006985042,1,0,0,0,0,0,0,262,0,0,0,0,0,0,0,0,0,0,0
58,cn5046,face_local_extract,compute,0.152706673,1,0,0,0,0,0,0,223,0,0,0,0,0,0,1,0,0,0,0
58,cn5046,face_pre_collective_wait,synchronization,0.107218839,1,0,0,0,0,0,0,17,0,0,0,0,0,0,1,0,0,0,0
58,cn5046,face_collective_setup,compute,0.000114742000278,1,0,0,0,0,0,0,16,0,0,0,0,0,0,0,0,0,0,0
58,cn5046,face_allgatherv,communication,0.0729070560001,1,0,0,0,0,0,0,702,0,0,0,0,0,0,0,1,1,37904,4859624
58,cn5046,face_global_merge,compute,0.074227052,1,0,0,0,0,0,0,136,0,0,0,0,0,0,1,0,0,0,0
58,cn5046,part_face_create,compute,0.018041152,1,0,0,0,0,0,0,3,0,0,0,0,0,0,0,0,0,0,0
58,cn5046,surface_refine,compute,0.0095748130002,1,0,0,0,0,0,0,46,0,0,0,0,0,0,0,0,0,0,0
58,cn5046,refined_surface_save,io,0,0,0,0,0,0,0,0,0,0,0,0,0,0,0,0,0,0,0,0
58,cn5046,local_volume_mesh,compute,8.90906207,1,0,0,0,0,0,0,2028,0,0,0,0,0,13772,676392,0,0,0,0
58,cn5046,volume_refine,compute,0.497914566,1,0,0,0,0,0,0,5450,0,0,0,0,0,0,5,0,0,0,0
58,cn5046,refined_volume_save,io,0,0,0,0,0,0,0,0,0,0,0,0,0,0,0,0,0,0,0,0
58,cn5046,adjacency_build,compute,0.00413544899993,1,0,0,0,0,0,0,1,0,0,0,0,0,0,0,0,0,0,0
58,cn5046,vertex_numbering_local,compute,0.00995607699997,1,0,0,0,0,0,0,2,0,0,0,0,0,0,0,0,0,0,0
58,cn5046,vertex_count_allgather,communication,2.502838848,1,0,0,0,0,0,0,33,0,0,0,0,0,0,22,1,1,4,512
58,cn5046,element_count_allgather,communication,0.000268422999852,1,0,0,0,0,0,0,0,0,0,0,0,0,0,0,1,1,4,512
58,cn5046,vertex_exchange_prepare,compute,9.76820001597e-05,1,0,0,0,0,0,0,30,0,0,0,0,0,0,0,0,0,0,0
58,cn5046,vertex_exchange,communication,0.0187516199999,1,0,0,0,0,0,0,619,0,0,0,0,0,0,0,5,6,54428,111584
58,cn5046,vertex_exchange_unpack,compute,0.00159031900012,1,0,0,0,0,0,0,0,0,0,0,0,0,0,0,0,0,0,0
58,cn5046,partition_result_io,io,0,0,0,0,0,0,0,0,0,0,0,0,0,0,0,0,0,0,0,0
58,cn5046,volume_exchange_pack,compute,0.1959443,2,0,0,0,0,0,0,666,0,0,0,0,0,0,2,0,0,0,0
58,cn5046,volume_size_exchange,communication,5.21199999639e-05,1,0,0,0,0,0,0,1,0,0,0,0,0,0,0,6,6,24,24
58,cn5046,volume_payload_prepare,compute,0.000408064999647,1,0,0,0,0,0,0,136,0,0,0,0,0,0,0,0,0,0,0
58,cn5046,volume_payload_exchange,communication,0.00322117799988,1,0,0,0,0,0,0,182,0,0,0,0,0,0,0,6,6,1764120,1770720
58,cn5046,volume_exchange_unpack,compute,0.128084864,1,0,0,0,0,0,0,5501,0,0,0,0,0,0,1,0,0,0,0
58,cn5046,final_mesh_save,io,0,0,0,0,0,0,0,0,0,0,0,0,0,0,0,0,0,0,0,0
58,cn5046,testout_io,io,0,0,0,0,0,0,0,0,0,0,0,0,0,0,0,0,0,0,0,0
58,cn5046,final_count_exchange,communication,0,0,0,0,0,0,0,0,0,0,0,0,0,0,0,0,0,0,0,0
58,cn5046,quality_evaluation,postprocess,0,0,0,0,0,0,0,0,0,0,0,0,0,0,0,0,0,0,0,0
59,cn5047,geometry_load,io,1.72795846,1,0,0,0,0,0,0,5896,0,1035092,0,0,0,2,3,0,0,0,0
59,cn5047,coarse_local_size,setup,0.486587913,1,0,0,0,0,0,0,8527,0,0,0,0,0,123,22,0,0,0,0
59,cn5047,coarse_edge_mesh,setup,0.012840893,1,0,0,0,0,0,0,518,0,0,0,0,0,0,0,0,0,0,0
59,cn5047,coarse_surface_mesh,setup,8.176655881,1,0,0,0,0,0,0,12593,0,0,0,0,0,0,12,0,0,0,0
59,cn5047,coarse_volume_mesh,setup,13.244893888,1,0,0,0,0,0,0,22532,0,0,0,0,0,38792,1575309,0,0,0,0
59,cn5047,coarse_mesh_save,io,0,0,0,0,0,0,0,0,0,0,0,0,0,0,0,0,0,0,0,0
59,cn5047,submesh_initialization,setup,0.000117741999929,1,0,0,0,0,0,0,1,0,0,0,0,0,0,0,0,0,0,0
59,cn5047,metis_partition,compute,0.227096029,1,0,0,0,0,0,0,64,0,0,0,0,0,0,0,0,0,0,0
59,cn5047,face_map_setup,compute,0.00662472900012,1,0,0,0,0,0,0,3,0,0,0,0,0,0,0,0,0,0,0
59,cn5047,face_local_extract,compute,0.158838093,1,0,0,0,0,0,0,464,0,0,0,0,0,0,0,0,0,0,0
59,cn5047,face_pre_collective_wait,synchronization,0.0997668800001,1,0,0,0,0,0,0,1,0,0,0,0,0,0,0,0,0,0,0
59,cn5047,face_collective_setup,compute,0.000106501000118,1,0,0,0,0,0,0,16,0,0,0,0,0,0,0,0,0,0,0
59,cn5047,face_allgatherv,communication,0.0740679350001,1,0,0,0,0,0,0,644,0,0,0,0,0,0,0,1,1,37904,4859624
59,cn5047,face_global_merge,compute,0.0755138529998,1,0,0,0,0,0,0,367,0,0,0,0,0,0,0,0,0,0,0
59,cn5047,part_face_create,compute,0.018328566,1,0,0,0,0,0,0,290,0,0,0,0,0,0,0,0,0,0,0
59,cn5047,surface_refine,compute,0.00925418399993,1,0,0,0,0,0,0,505,0,0,0,0,0,0,0,0,0,0,0
59,cn5047,refined_surface_save,io,0,0,0,0,0,0,0,0,0,0,0,0,0,0,0,0,0,0,0,0
59,cn5047,local_volume_mesh,compute,8.409775651,1,0,0,0,0,0,0,2051,0,0,0,0,0,7252,261952,0,0,0,0
59,cn5047,volume_refine,compute,0.60702721,1,0,0,0,0,0,0,6721,0,0,0,0,0,0,0,0,0,0,0
59,cn5047,refined_volume_save,io,0,0,0,0,0,0,0,0,0,0,0,0,0,0,0,0,0,0,0,0
59,cn5047,adjacency_build,compute,0.00406585499968,1,0,0,0,0,0,0,6,0,0,0,0,0,0,0,0,0,0,0
59,cn5047,vertex_numbering_local,compute,0.00995303399986,1,0,0,0,0,0,0,10,0,0,0,0,0,0,0,0,0,0,0
59,cn5047,vertex_count_allgather,communication,2.890120603,1,0,0,0,0,0,0,47,0,0,0,0,0,0,9,1,1,4,512
59,cn5047,element_count_allgather,communication,0.000771309999891,1,0,0,0,0,0,0,0,0,0,0,0,0,0,0,1,1,4,512
59,cn5047,vertex_exchange_prepare,compute,2.26000001931e-05,1,0,0,0,0,0,0,0,0,0,0,0,0,0,0,0,0,0,0
59,cn5047,vertex_exchange,communication,0.011591815,1,0,0,0,0,0,0,290,0,0,0,0,0,0,0,6,7,49170,103576
59,cn5047,vertex_exchange_unpack,compute,0.00144095899986,1,0,0,0,0,0,0,0,0,0,0,0,0,0,0,0,0,0,0
59,cn5047,partition_result_io,io,0,0,0,0,0,0,0,0,0,0,0,0,0,0,0,0,0,0,0,0
59,cn5047,volume_exchange_pack,compute,0.164529589,2,0,0,0,0,0,0,132,0,0,0,0,0,0,0,0,0,0,0
59,cn5047,volume_size_exchange,communication,0.0401017580002,1,0,0,0,0,0,0,4,0,0,0,0,0,0,0,7,7,28,28
59,cn5047,volume_payload_prepare,compute,0.000333943999976,1,0,0,0,0,0,0,142,0,0,0,0,0,0,0,0,0,0,0
59,cn5047,volume_payload_exchange,communication,0.00190744600013,1,0,0,0,0,0,0,94,0,0,0,0,0,0,0,7,7,1622520,1612440
59,cn5047,volume_exchange_unpack,compute,0.128180681,1,0,0,0,0,0,0,5762,0,0,0,0,0,0,1,0,0,0,0
59,cn5047,final_mesh_save,io,0,0,0,0,0,0,0,0,0,0,0,0,0,0,0,0,0,0,0,0
59,cn5047,testout_io,io,0,0,0,0,0,0,0,0,0,0,0,0,0,0,0,0,0,0,0,0
59,cn5047,final_count_exchange,communication,0,0,0,0,0,0,0,0,0,0,0,0,0,0,0,0,0,0,0,0
59,cn5047,quality_evaluation,postprocess,0,0,0,0,0,0,0,0,0,0,0,0,0,0,0,0,0,0,0,0
60,cn5048,geometry_load,io,1.735883023,1,0,0,0,0,0,0,5894,0,1035092,0,0,0,2,1,0,0,0,0
60,cn5048,coarse_local_size,setup,0.46834379,1,0,0,0,0,0,0,8334,0,0,0,0,0,102,21,0,0,0,0
60,cn5048,coarse_edge_mesh,setup,0.012627819,1,0,0,0,0,0,0,488,0,0,0,0,0,0,0,0,0,0,0
60,cn5048,coarse_surface_mesh,setup,8.241920871,1,0,0,0,0,0,0,17178,0,0,0,0,0,0,10,0,0,0,0
60,cn5048,coarse_volume_mesh,setup,13.292199413,1,0,0,0,0,0,0,27135,0,0,0,0,0,36070,1553577,0,0,0,0
60,cn5048,coarse_mesh_save,io,0,0,0,0,0,0,0,0,0,0,0,0,0,0,0,0,0,0,0,0
60,cn5048,submesh_initialization,setup,0.000174582999989,1,0,0,0,0,0,0,58,0,0,0,0,0,0,0,0,0,0,0
60,cn5048,metis_partition,compute,0.24013403,1,0,0,0,0,0,0,1783,0,0,0,0,0,0,1,0,0,0,0
60,cn5048,face_map_setup,compute,0.00766293700008,1,0,0,0,0,0,0,563,0,0,0,0,0,0,0,0,0,0,0
60,cn5048,face_local_extract,compute,0.157821151,1,0,0,0,0,0,0,860,0,0,0,0,0,0,0,0,0,0,0
60,cn5048,face_pre_collective_wait,synchronization,0.0865750929997,1,0,0,0,0,0,0,16,0,0,0,0,0,0,0,0,0,0,0
60,cn5048,face_collective_setup,compute,0.000103680999928,1,0,0,0,0,0,0,15,0,0,0,0,0,0,0,0,0,0,0
60,cn5048,face_allgatherv,communication,0.0741677160004,1,0,0,0,0,0,0,829,0,0,0,0,0,0,0,1,1,37904,4859624
60,cn5048,face_global_merge,compute,0.0786463320001,1,0,0,0,0,0,0,493,0,0,0,0,0,0,0,0,0,0,0
60,cn5048,part_face_create,compute,0.018992539,1,0,0,0,0,0,0,25,0,0,0,0,0,0,0,0,0,0,0
60,cn5048,surface_refine,compute,0.0087001500001,1,0,0,0,0,0,0,5,0,0,0,0,0,0,0,0,0,0,0
60,cn5048,refined_surface_save,io,0,0,0,0,0,0,0,0,0,0,0,0,0,0,0,0,0,0,0,0
60,cn5048,local_volume_mesh,compute,8.748522583,1,0,0,0,0,0,0,3681,0,0,0,0,0,15464,694768,0,0,0,0
60,cn5048,volume_refine,compute,0.392728395,1,0,0,0,0,0,0,7179,0,0,0,0,0,0,0,0,0,0,0
60,cn5048,refined_volume_save,io,0,0,0,0,0,0,0,0,0,0,0,0,0,0,0,0,0,0,0,0
60,cn5048,adjacency_build,compute,0.00451711699998,1,0,0,0,0,0,0,10,0,0,0,0,0,0,0,0,0,0,0
60,cn5048,vertex_numbering_local,compute,0.0118841499998,1,0,0,0,0,0,0,350,0,0,0,0,0,0,0,0,0,0,0
60,cn5048,vertex_count_allgather,communication,2.760284267,1,0,0,0,0,0,0,84,0,0,0,0,0,0,3,1,1,4,512
60,cn5048,element_count_allgather,communication,0.000881610999841,1,0,0,0,0,0,0,0,0,0,0,0,0,0,0,1,1,4,512
60,cn5048,vertex_exchange_prepare,compute,0.000103221000245,1,0,0,0,0,0,0,32,0,0,0,0,0,0,0,0,0,0,0
60,cn5048,vertex_exchange,communication,0.011603166,1,0,0,0,0,0,0,39,0,0,0,0,0,0,0,5,5,107668,119130
60,cn5048,vertex_exchange_unpack,compute,0.00173026199991,1,0,0,0,0,0,0,0,0,0,0,0,0,0,0,0,0,0,0
60,cn5048,partition_result_io,io,0,0,0,0,0,0,0,0,0,0,0,0,0,0,0,0,0,0,0,0
60,cn5048,volume_exchange_pack,compute,0.151019906,2,0,0,0,0,0,0,907,0,0,0,0,0,0,0,0,0,0,0
60,cn5048,volume_size_exchange,communication,0.0466645490001,1,0,0,0,0,0,0,2,0,0,0,0,0,0,0,6,6,24,24
60,cn5048,volume_payload_prepare,compute,0.000400424999953,1,0,0,0,0,0,0,136,0,0,0,0,0,0,0,0,0,0,0
60,cn5048,volume_payload_exchange,communication,0.00846884699968,1,0,0,0,0,0,0,445,0,0,0,0,0,0,0,6,6,2426880,2427000
60,cn5048,volume_exchange_unpack,compute,0.110310131,1,0,0,0,0,0,0,3228,0,0,0,0,0,0,0,0,0,0,0
60,cn5048,final_mesh_save,io,0,0,0,0,0,0,0,0,0,0,0,0,0,0,0,0,0,0,0,0
60,cn5048,testout_io,io,0,0,0,0,0,0,0,0,0,0,0,0,0,0,0,0,0,0,0,0
60,cn5048,final_count_exchange,communication,0,0,0,0,0,0,0,0,0,0,0,0,0,0,0,0,0,0,0,0
60,cn5048,quality_evaluation,postprocess,0,0,0,0,0,0,0,0,0,0,0,0,0,0,0,0,0,0,0,0
61,cn5049,geometry_load,io,1.737680248,1,0,0,0,0,0,0,5276,0,1035092,0,0,0,2,4,0,0,0,0
61,cn5049,coarse_local_size,setup,0.460959875,1,0,0,0,0,0,0,8456,0,0,0,0,0,87,22,0,0,0,0
61,cn5049,coarse_edge_mesh,setup,0.0125479419999,1,0,0,0,0,0,0,503,0,0,0,0,0,0,0,0,0,0,0
61,cn5049,coarse_surface_mesh,setup,8.144471095,1,0,0,0,0,0,0,13638,0,0,0,0,0,0,8,0,0,0,0
61,cn5049,coarse_volume_mesh,setup,13.327086507,1,0,0,0,0,0,0,24130,0,0,0,0,0,38286,1643753,0,0,0,0
61,cn5049,coarse_mesh_save,io,0,0,0,0,0,0,0,0,0,0,0,0,0,0,0,0,0,0,0,0
61,cn5049,submesh_initialization,setup,0.000122761000057,1,0,0,0,0,0,0,1,0,0,0,0,0,0,0,0,0,0,0
61,cn5049,metis_partition,compute,0.230349555,1,0,0,0,0,0,0,413,0,0,0,0,0,0,0,0,0,0,0
61,cn5049,face_map_setup,compute,0.0072058730002,1,0,0,0,0,0,0,225,0,0,0,0,0,0,0,0,0,0,0
61,cn5049,face_local_extract,compute,0.160107188,1,0,0,0,0,0,0,692,0,0,0,0,0,0,0,0,0,0,0
61,cn5049,face_pre_collective_wait,synchronization,0.0946300619999,1,0,0,0,0,0,0,1,0,0,0,0,0,0,1,0,0,0,0
61,cn5049,face_collective_setup,compute,0.000112801999876,1,0,0,0,0,0,0,13,0,0,0,0,0,0,0,0,0,0,0
61,cn5049,face_allgatherv,communication,0.0741435780001,1,0,0,0,0,0,0,742,0,0,0,0,0,0,0,1,1,37904,4859624
61,cn5049,face_global_merge,compute,0.0781486299998,1,0,0,0,0,0,0,177,0,0,0,0,0,0,0,0,0,0,0
61,cn5049,part_face_create,compute,0.0202793019998,1,0,0,0,0,0,0,265,0,0,0,0,0,0,0,0,0,0,0
61,cn5049,surface_refine,compute,0.01164849,1,0,0,0,0,0,0,1324,0,0,0,0,0,0,0,0,0,0,0
61,cn5049,refined_surface_save,io,0,0,0,0,0,0,0,0,0,0,0,0,0,0,0,0,0,0,0,0
61,cn5049,local_volume_mesh,compute,9.796470836,1,0,0,0,0,0,0,2835,0,0,0,0,0,18162,838231,0,0,0,0
61,cn5049,volume_refine,compute,0.505016784,1,0,0,0,0,0,0,4927,0,0,0,0,0,0,0,0,0,0,0
61,cn5049,refined_volume_save,io,0,0,0,0,0,0,0,0,0,0,0,0,0,0,0,0,0,0,0,0
61,cn5049,adjacency_build,compute,0.00439985699995,1,0,0,0,0,0,0,0,0,0,0,0,0,0,0,0,0,0,0
61,cn5049,vertex_numbering_local,compute,0.011077483,1,0,0,0,0,0,0,1,0,0,0,0,0,0,0,0,0,0,0
61,cn5049,vertex_count_allgather,communication,1.597136613,1,0,0,0,0,0,0,70,0,0,0,0,0,0,2,1,1,4,512
61,cn5049,element_count_allgather,communication,0.000712209000085,1,0,0,0,0,0,0,4,0,0,0,0,0,0,0,1,1,4,512
61,cn5049,vertex_exchange_prepare,compute,0.000103821000266,1,0,0,0,0,0,0,55,0,0,0,0,0,0,0,0,0,0,0
61,cn5049,vertex_exchange,communication,0.0202825020001,1,0,0,0,0,0,0,62,0,0,0,0,0,0,0,4,7,16368,167222
61,cn5049,vertex_exchange_unpack,compute,0.00356824600021,1,0,0,0,0,0,0,1214,0,0,0,0,0,0,0,0,0,0,0
61,cn5049,partition_result_io,io,0,0,0,0,0,0,0,0,0,0,0,0,0,0,0,0,0,0,0,0
61,cn5049,volume_exchange_pack,compute,0.171590616,2,0,0,0,0,0,0,952,0,0,0,0,0,0,0,0,0,0,0
61,cn5049,volume_size_exchange,communication,0.021958064,1,0,0,0,0,0,0,74,0,0,0,0,0,0,0,9,9,36,36
61,cn5049,volume_payload_prepare,compute,0.000257563000105,1,0,0,0,0,0,0,68,0,0,0,0,0,0,0,0,0,0,0
61,cn5049,volume_payload_exchange,communication,0.00348952500008,1,0,0,0,0,0,0,218,0,0,0,0,0,0,0,9,9,1947000,1952520
61,cn5049,volume_exchange_unpack,compute,0.121253806,1,0,0,0,0,0,0,5161,0,0,0,0,0,0,0,0,0,0,0
61,cn5049,final_mesh_save,io,0,0,0,0,0,0,0,0,0,0,0,0,0,0,0,0,0,0,0,0
61,cn5049,testout_io,io,0,0,0,0,0,0,0,0,0,0,0,0,0,0,0,0,0,0,0,0
61,cn5049,final_count_exchange,communication,0,0,0,0,0,0,0,0,0,0,0,0,0,0,0,0,0,0,0,0
61,cn5049,quality_evaluation,postprocess,0,0,0,0,0,0,0,0,0,0,0,0,0,0,0,0,0,0,0,0
62,cn5050,geometry_load,io,1.732765417,1,0,0,0,0,0,0,5895,0,1035092,0,0,0,2,1,0,0,0,0
62,cn5050,coarse_local_size,setup,0.480519321,1,0,0,0,0,0,0,8418,0,0,0,0,0,104,22,0,0,0,0
62,cn5050,coarse_edge_mesh,setup,0.0123886290003,1,0,0,0,0,0,0,418,0,0,0,0,0,0,0,0,0,0,0
62,cn5050,coarse_surface_mesh,setup,8.225494963,1,0,0,0,0,0,0,15450,0,0,0,0,0,0,10,0,0,0,0
62,cn5050,coarse_volume_mesh,setup,13.425395958,1,0,0,0,0,0,0,22574,0,0,0,0,0,39924,1604448,0,0,0,0
62,cn5050,coarse_mesh_save,io,0,0,0,0,0,0,0,0,0,0,0,0,0,0,0,0,0,0,0,0
62,cn5050,submesh_initialization,setup,0.000118641999961,1,0,0,0,0,0,0,1,0,0,0,0,0,0,0,0,0,0,0
62,cn5050,metis_partition,compute,0.224562766,1,0,0,0,0,0,0,60,0,0,0,0,0,0,1,0,0,0,0
62,cn5050,face_map_setup,compute,0.00670185099989,1,0,0,0,0,0,0,3,0,0,0,0,0,0,0,0,0,0,0
62,cn5050,face_local_extract,compute,0.158533064,1,0,0,0,0,0,0,553,0,0,0,0,0,0,0,0,0,0,0
62,cn5050,face_pre_collective_wait,synchronization,0.10254734,1,0,0,0,0,0,0,1,0,0,0,0,0,0,0,0,0,0,0
62,cn5050,face_collective_setup,compute,0.000113722000151,1,0,0,0,0,0,0,16,0,0,0,0,0,0,0,0,0,0,0
62,cn5050,face_allgatherv,communication,0.0740950310001,1,0,0,0,0,0,0,715,0,0,0,0,0,0,0,1,1,37904,4859624
62,cn5050,face_global_merge,compute,0.0732393600001,1,0,0,0,0,0,0,100,0,0,0,0,0,0,0,0,0,0,0
62,cn5050,part_face_create,compute,0.0180315460002,1,0,0,0,0,0,0,3,0,0,0,0,0,0,0,0,0,0,0
62,cn5050,surface_refine,compute,0.00816925199979,1,0,0,0,0,0,0,44,0,0,0,0,0,0,0,0,0,0,0
62,cn5050,refined_surface_save,io,0,0,0,0,0,0,0,0,0,0,0,0,0,0,0,0,0,0,0,0
62,cn5050,local_volume_mesh,compute,8.241035196,1,0,0,0,0,0,0,2674,0,0,0,0,0,16369,782779,0,0,0,0
62,cn5050,volume_refine,compute,0.38823488,1,0,0,0,0,0,0,5172,0,0,0,0,0,0,1,0,0,0,0
62,cn5050,refined_volume_save,io,0,0,0,0,0,0,0,0,0,0,0,0,0,0,0,0,0,0,0,0
62,cn5050,adjacency_build,compute,0.00399691500024,1,0,0,0,0,0,0,0,0,0,0,0,0,0,0,0,0,0,0
62,cn5050,vertex_numbering_local,compute,0.00725065899996,1,0,0,0,0,0,0,2,0,0,0,0,0,0,0,0,0,0,0
62,cn5050,vertex_count_allgather,communication,3.284448243,1,0,0,0,0,0,0,126,0,0,0,0,0,0,3,1,1,4,512
62,cn5050,element_count_allgather,communication,0.000897013000213,1,0,0,0,0,0,0,2,0,0,0,0,0,0,0,1,1,4,512
62,cn5050,vertex_exchange_prepare,compute,1.92800002878e-05,1,0,0,0,0,0,0,2,0,0,0,0,0,0,0,0,0,0,0
62,cn5050,vertex_exchange,communication,0.00165184199977,1,0,0,0,0,0,0,38,0,0,0,0,0,0,0,1,2,81334,29942
62,cn5050,vertex_exchange_unpack,compute,0.000468066999929,1,0,0,0,0,0,0,12,0,0,0,0,0,0,0,0,0,0,0
62,cn5050,partition_result_io,io,0,0,0,0,0,0,0,0,0,0,0,0,0,0,0,0,0,0,0,0
62,cn5050,volume_exchange_pack,compute,0.11782885,2,0,0,0,0,0,0,980,0,0,0,0,0,0,0,0,0,0,0
62,cn5050,volume_size_exchange,communication,0.0763011210001,1,0,0,0,0,0,0,0,0,0,0,0,0,0,0,3,3,12,12
62,cn5050,volume_payload_prepare,compute,0.000129722000111,1,0,0,0,0,0,0,34,0,0,0,0,0,0,0,0,0,0,0
62,cn5050,volume_payload_exchange,communication,0.0226180489999,1,0,0,0,0,0,0,187,0,0,0,0,0,0,0,3,3,1177680,1185360
62,cn5050,volume_exchange_unpack,compute,0.0874696739997,1,0,0,0,0,0,0,3872,0,0,0,0,0,0,0,0,0,0,0
62,cn5050,final_mesh_save,io,0,0,0,0,0,0,0,0,0,0,0,0,0,0,0,0,0,0,0,0
62,cn5050,testout_io,io,0,0,0,0,0,0,0,0,0,0,0,0,0,0,0,0,0,0,0,0
62,cn5050,final_count_exchange,communication,0,0,0,0,0,0,0,0,0,0,0,0,0,0,0,0,0,0,0,0
62,cn5050,quality_evaluation,postprocess,0,0,0,0,0,0,0,0,0,0,0,0,0,0,0,0,0,0,0,0
63,cn5051,geometry_load,io,1.725023273,1,0,0,0,0,0,0,5896,0,1035092,0,0,0,2,15,0,0,0,0
63,cn5051,coarse_local_size,setup,0.528512315,1,0,0,0,0,0,0,7977,0,0,0,0,0,115,24,0,0,0,0
63,cn5051,coarse_edge_mesh,setup,0.0120717150003,1,0,0,0,0,0,0,487,0,0,0,0,0,0,0,0,0,0,0
63,cn5051,coarse_surface_mesh,setup,8.004469605,1,0,0,0,0,0,0,10286,0,0,0,0,0,0,71,0,0,0,0
63,cn5051,coarse_volume_mesh,setup,13.229096297,1,0,0,0,0,0,0,24737,0,0,0,0,0,34610,1582439,0,0,0,0
63,cn5051,coarse_mesh_save,io,0,0,0,0,0,0,0,0,0,0,0,0,0,0,0,0,0,0,0,0
63,cn5051,submesh_initialization,setup,0.000128822000079,1,0,0,0,0,0,0,2,0,0,0,0,0,0,0,0,0,0,0
63,cn5051,metis_partition,compute,0.234333424,1,0,0,0,0,0,0,425,0,0,0,0,0,0,2,0,0,0,0
63,cn5051,face_map_setup,compute,0.00728697400018,1,0,0,0,0,0,0,229,0,0,0,0,0,0,0,0,0,0,0
63,cn5051,face_local_extract,compute,0.15756644,1,0,0,0,0,0,0,691,0,0,0,0,0,0,2,0,0,0,0
63,cn5051,face_pre_collective_wait,synchronization,0.0931375539999,1,0,0,0,0,0,0,1,0,0,0,0,0,0,1,0,0,0,0
63,cn5051,face_collective_setup,compute,0.000110421000045,1,0,0,0,0,0,0,16,0,0,0,0,0,0,0,0,0,0,0
63,cn5051,face_allgatherv,communication,0.0740740900001,1,0,0,0,0,0,0,1428,0,0,0,0,0,0,1,1,1,37904,4859624
63,cn5051,face_global_merge,compute,0.0800493459997,1,0,0,0,0,0,0,1104,0,0,0,0,0,0,0,0,0,0,0
63,cn5051,part_face_create,compute,0.0195311709999,1,0,0,0,0,0,0,306,0,0,0,0,0,0,1,0,0,0,0
63,cn5051,surface_refine,compute,0.00976136500003,1,0,0,0,0,0,0,59,0,0,0,0,0,0,0,0,0,0,0
63,cn5051,refined_surface_save,io,0,0,0,0,0,0,0,0,0,0,0,0,0,0,0,0,0,0,0,0
63,cn5051,local_volume_mesh,compute,8.833519313,1,0,0,0,0,0,0,2431,0,0,0,0,0,19949,976479,0,0,0,0
63,cn5051,volume_refine,compute,0.450203911,1,0,0,0,0,0,0,6247,0,0,0,0,0,0,3,0,0,0,0
63,cn5051,refined_volume_save,io,0,0,0,0,0,0,0,0,0,0,0,0,0,0,0,0,0,0,0,0
63,cn5051,adjacency_build,compute,0.00428519500019,1,0,0,0,0,0,0,0,0,0,0,0,0,0,0,0,0,0,0
63,cn5051,vertex_numbering_local,compute,0.0084834889999,1,0,0,0,0,0,0,1,0,0,0,0,0,0,0,0,0,0,0
63,cn5051,vertex_count_allgather,communication,2.618175741,1,0,0,0,0,0,0,109,0,0,0,0,0,0,23,1,1,4,512
63,cn5051,element_count_allgather,communication,0.000789230999999,1,0,0,0,0,0,0,2,0,0,0,0,0,0,0,1,1,4,512
63,cn5051,vertex_exchange_prepare,compute,0.000109081000119,1,0,0,0,0,0,0,36,0,0,0,0,0,0,0,0,0,0,0
63,cn5051,vertex_exchange,communication,0.0118842319998,1,0,0,0,0,0,0,35,0,0,0,0,0,0,0,0,4,0,120604
63,cn5051,vertex_exchange_unpack,compute,0.0028043960001,1,0,0,0,0,0,0,1107,0,0,0,0,0,0,0,0,0,0,0
63,cn5051,partition_result_io,io,0,0,0,0,0,0,0,0,0,0,0,0,0,0,0,0,0,0,0,0
63,cn5051,volume_exchange_pack,compute,0.130667875,2,0,0,0,0,0,0,1594,0,0,0,0,0,0,1,0,0,0,0
63,cn5051,volume_size_exchange,communication,0.050420087,1,0,0,0,0,0,0,3,0,0,0,0,0,0,1,4,4,16,16
63,cn5051,volume_payload_prepare,compute,0.000216322999677,1,0,0,0,0,0,0,68,0,0,0,0,0,0,0,0,0,0,0
63,cn5051,volume_payload_exchange,communication,0.0232593780001,1,0,0,0,0,0,0,241,0,0,0,0,0,0,0,4,4,1278120,1271400
63,cn5051,volume_exchange_unpack,compute,0.103441366,1,0,0,0,0,0,0,4271,0,0,0,0,0,0,1,0,0,0,0
63,cn5051,final_mesh_save,io,0,0,0,0,0,0,0,0,0,0,0,0,0,0,0,0,0,0,0,0
63,cn5051,testout_io,io,0,0,0,0,0,0,0,0,0,0,0,0,0,0,0,0,0,0,0,0
63,cn5051,final_count_exchange,communication,0,0,0,0,0,0,0,0,0,0,0,0,0,0,0,0,0,0,0,0
63,cn5051,quality_evaluation,postprocess,0,0,0,0,0,0,0,0,0,0,0,0,0,0,0,0,0,0,0,0
64,cn5052,geometry_load,io,1.762484964,1,0,0,0,0,0,0,5895,0,1035092,0,0,0,2,3,0,0,0,0
64,cn5052,coarse_local_size,setup,0.47349595,1,0,0,0,0,0,0,8298,0,0,0,0,0,102,23,0,0,0,0
64,cn5052,coarse_edge_mesh,setup,0.012676198,1,0,0,0,0,0,0,525,0,0,0,0,0,0,0,0,0,0,0
64,cn5052,coarse_surface_mesh,setup,8.216255083,1,0,0,0,0,0,0,15711,0,0,0,0,0,0,11,0,0,0,0
64,cn5052,coarse_volume_mesh,setup,13.500737497,1,0,0,0,0,0,0,27900,0,0,0,0,0,37666,1629313,0,0,0,0
64,cn5052,coarse_mesh_save,io,0,0,0,0,0,0,0,0,0,0,0,0,0,0,0,0,0,0,0,0
64,cn5052,submesh_initialization,setup,0.000132241000301,1,0,0,0,0,0,0,1,0,0,0,0,0,0,0,0,0,0,0
64,cn5052,metis_partition,compute,0.239191755,1,0,0,0,0,0,0,544,0,0,0,0,0,0,0,0,0,0,0
64,cn5052,face_map_setup,compute,0.00733197099999,1,0,0,0,0,0,0,229,0,0,0,0,0,0,0,0,0,0,0
64,cn5052,face_local_extract,compute,0.163332072,1,0,0,0,0,0,0,585,0,0,0,0,0,0,0,0,0,0,0
64,cn5052,face_pre_collective_wait,synchronization,0.0824429050003,1,0,0,0,0,0,0,1,0,0,0,0,0,0,1,0,0,0,0
64,cn5052,face_collective_setup,compute,0.000109402000362,1,0,0,0,0,0,0,16,0,0,0,0,0,0,0,0,0,0,0
64,cn5052,face_allgatherv,communication,0.0740461410001,1,0,0,0,0,0,0,839,0,0,0,0,0,0,0,1,1,37904,4859624
64,cn5052,face_global_merge,compute,0.077387803,1,0,0,0,0,0,0,99,0,0,0,0,0,0,0,0,0,0,0
64,cn5052,part_face_create,compute,0.0188725549997,1,0,0,0,0,0,0,3,0,0,0,0,0,0,0,0,0,0,0
64,cn5052,surface_refine,compute,0.00926841499995,1,0,0,0,0,0,0,44,0,0,0,0,0,0,0,0,0,0,0
64,cn5052,refined_surface_save,io,0,0,0,0,0,0,0,0,0,0,0,0,0,0,0,0,0,0,0,0
64,cn5052,local_volume_mesh,compute,8.234163306,1,0,0,0,0,0,0,4569,0,0,0,0,0,17485,634284,0,0,0,0
64,cn5052,volume_refine,compute,0.426948951,1,0,0,0,0,0,0,4636,0,0,0,0,0,0,0,0,0,0,0
64,cn5052,refined_volume_save,io,0,0,0,0,0,0,0,0,0,0,0,0,0,0,0,0,0,0,0,0
64,cn5052,adjacency_build,compute,0.00431625400006,1,0,0,0,0,0,0,3,0,0,0,0,0,0,0,0,0,0,0
64,cn5052,vertex_numbering_local,compute,0.0105008110004,1,0,0,0,0,0,0,2,0,0,0,0,0,0,0,0,0,0,0
64,cn5052,vertex_count_allgather,communication,3.24300818,1,0,0,0,0,0,0,113,0,0,0,0,0,0,4,1,1,4,512
64,cn5052,element_count_allgather,communication,0.000560106999728,1,0,0,0,0,0,0,1,0,0,0,0,0,0,0,1,1,4,512
64,cn5052,vertex_exchange_prepare,compute,2.84809998448e-05,1,0,0,0,0,0,0,8,0,0,0,0,0,0,0,0,0,0,0
64,cn5052,vertex_exchange,communication,0.0120825100003,1,0,0,0,0,0,0,91,0,0,0,0,0,0,0,5,4,190674,1430
64,cn5052,vertex_exchange_unpack,compute,0.000104540999928,1,0,0,0,0,0,0,58,0,0,0,0,0,0,0,0,0,0,0
64,cn5052,partition_result_io,io,0,0,0,0,0,0,0,0,0,0,0,0,0,0,0,0,0,0,0,0
64,cn5052,volume_exchange_pack,compute,0.160052311,2,0,0,0,0,0,0,2498,0,0,0,0,0,0,0,0,0,0,0
64,cn5052,volume_size_exchange,communication,0.0345473100001,1,0,0,0,0,0,0,1,0,0,0,0,0,0,0,5,5,20,20
64,cn5052,volume_payload_prepare,compute,0.000190281999949,1,0,0,0,0,0,0,32,0,0,0,0,0,0,0,0,0,0,0
64,cn5052,volume_payload_exchange,communication,0.00220004799985,1,0,0,0,0,0,0,5,0,0,0,0,0,0,0,5,5,2017560,2018280
64,cn5052,volume_exchange_unpack,compute,0.10134338,1,0,0,0,0,0,0,2925,0,0,0,0,0,0,0,0,0,0,0
64,cn5052,final_mesh_save,io,0,0,0,0,0,0,0,0,0,0,0,0,0,0,0,0,0,0,0,0
64,cn5052,testout_io,io,0,0,0,0,0,0,0,0,0,0,0,0,0,0,0,0,0,0,0,0
64,cn5052,final_count_exchange,communication,0,0,0,0,0,0,0,0,0,0,0,0,0,0,0,0,0,0,0,0
64,cn5052,quality_evaluation,postprocess,0,0,0,0,0,0,0,0,0,0,0,0,0,0,0,0,0,0,0,0
65,cn5053,geometry_load,io,1.732382463,1,0,0,0,0,0,0,5896,0,1035092,0,0,0,2,3,0,0,0,0
65,cn5053,coarse_local_size,setup,0.463469977,1,0,0,0,0,0,0,8330,0,0,0,0,0,110,22,0,0,0,0
65,cn5053,coarse_edge_mesh,setup,0.0125681049999,1,0,0,0,0,0,0,509,0,0,0,0,0,0,0,0,0,0,0
65,cn5053,coarse_surface_mesh,setup,8.190915951,1,0,0,0,0,0,0,15356,0,0,0,0,0,0,11,0,0,0,0
65,cn5053,coarse_volume_mesh,setup,13.351187574,1,0,0,0,0,0,0,26083,0,0,0,0,0,37187,1591946,0,0,0,0
65,cn5053,coarse_mesh_save,io,0,0,0,0,0,0,0,0,0,0,0,0,0,0,0,0,0,0,0,0
65,cn5053,submesh_initialization,setup,0.000123380999867,1,0,0,0,0,0,0,1,0,0,0,0,0,0,0,0,0,0,0
65,cn5053,metis_partition,compute,0.234118366,1,0,0,0,0,0,0,332,0,0,0,0,0,0,0,0,0,0,0
65,cn5053,face_map_setup,compute,0.00714450199985,1,0,0,0,0,0,0,221,0,0,0,0,0,0,0,0,0,0,0
65,cn5053,face_local_extract,compute,0.160728418,1,0,0,0,0,0,0,728,0,0,0,0,0,0,0,0,0,0,0
65,cn5053,face_pre_collective_wait,synchronization,0.0903092039998,1,0,0,0,0,0,0,1,0,0,0,0,0,0,0,0,0,0,0
65,cn5053,face_collective_setup,compute,0.000104420999833,1,0,0,0,0,0,0,16,0,0,0,0,0,0,0,0,0,0,0
65,cn5053,face_allgatherv,communication,0.0739857550002,1,0,0,0,0,0,0,708,0,0,0,0,0,0,0,1,1,37904,4859624
65,cn5053,face_global_merge,compute,0.0825520540002,1,0,0,0,0,0,0,1601,0,0,0,0,0,0,1,0,0,0,0
65,cn5053,part_face_create,compute,0.0192329829997,1,0,0,0,0,0,0,317,0,0,0,0,0,0,0,0,0,0,0
65,cn5053,surface_refine,compute,0.0108326449999,1,0,0,0,0,0,0,272,0,0,0,0,0,0,0,0,0,0,0
65,cn5053,refined_surface_save,io,0,0,0,0,0,0,0,0,0,0,0,0,0,0,0,0,0,0,0,0
65,cn5053,local_volume_mesh,compute,10.2716932,1,0,0,0,0,0,0,2721,0,0,0,0,0,12099,760325,0,0,0,0
65,cn5053,volume_refine,compute,0.508109292,1,0,0,0,0,0,0,6590,0,0,0,0,0,0,0,0,0,0,0
65,cn5053,refined_volume_save,io,0,0,0,0,0,0,0,0,0,0,0,0,0,0,0,0,0,0,0,0
65,cn5053,adjacency_build,compute,0.00396582600024,1,0,0,0,0,0,0,1,0,0,0,0,0,0,0,0,0,0,0
65,cn5053,vertex_numbering_local,compute,0.00834825700031,1,0,0,0,0,0,0,3,0,0,0,0,0,0,0,0,0,0,0
65,cn5053,vertex_count_allgather,communication,1.119306797,1,0,0,0,0,0,0,47,0,0,0,0,0,0,1,1,1,4,512
65,cn5053,element_count_allgather,communication,0.000814869999886,1,0,0,0,0,0,0,0,0,0,0,0,0,0,0,1,1,4,512
65,cn5053,vertex_exchange_prepare,compute,1.09600000542e-05,1,0,0,0,0,0,0,0,0,0,0,0,0,0,0,0,0,0,0
65,cn5053,vertex_exchange,communication,0.000697947999925,1,0,0,0,0,0,0,17,0,0,0,0,0,0,0,3,2,47190,36278
65,cn5053,vertex_exchange_unpack,compute,0.00054654700034,1,0,0,0,0,0,0,0,0,0,0,0,0,0,0,0,0,0,0
65,cn5053,partition_result_io,io,0,0,0,0,0,0,0,0,0,0,0,0,0,0,0,0,0,0,0,0
65,cn5053,volume_exchange_pack,compute,0.164240578,2,0,0,0,0,0,0,3,0,0,0,0,0,0,1,0,0,0,0
65,cn5053,volume_size_exchange,communication,0.0157847619998,1,0,0,0,0,0,0,0,0,0,0,0,0,0,0,3,3,12,12
65,cn5053,volume_payload_prepare,compute,6.38409997009e-05,1,0,0,0,0,0,0,0,0,0,0,0,0,0,0,0,0,0,0
65,cn5053,volume_payload_exchange,communication,0.0288999539998,1,0,0,0,0,0,0,35,0,0,0,0,0,0,0,3,3,867000,860640
65,cn5053,volume_exchange_unpack,compute,0.0982092150002,1,0,0,0,0,0,0,3329,0,0,0,0,0,0,0,0,0,0,0
65,cn5053,final_mesh_save,io,0,0,0,0,0,0,0,0,0,0,0,0,0,0,0,0,0,0,0,0
65,cn5053,testout_io,io,0,0,0,0,0,0,0,0,0,0,0,0,0,0,0,0,0,0,0,0
65,cn5053,final_count_exchange,communication,0,0,0,0,0,0,0,0,0,0,0,0,0,0,0,0,0,0,0,0
65,cn5053,quality_evaluation,postprocess,0,0,0,0,0,0,0,0,0,0,0,0,0,0,0,0,0,0,0,0
66,cn5054,geometry_load,io,1.732192218,1,0,0,0,0,0,0,5895,0,1035092,0,0,0,2,3,0,0,0,0
66,cn5054,coarse_local_size,setup,0.532410987,1,0,0,0,0,0,0,8241,0,0,0,0,0,103,22,0,0,0,0
66,cn5054,coarse_edge_mesh,setup,0.0123762220001,1,0,0,0,0,0,0,486,0,0,0,0,0,0,0,0,0,0,0
66,cn5054,coarse_surface_mesh,setup,8.028692717,1,0,0,0,0,0,0,11682,0,0,0,0,0,0,10,0,0,0,0
66,cn5054,coarse_volume_mesh,setup,13.240401317,1,0,0,0,0,0,0,19315,0,0,0,0,0,37900,1549673,0,0,0,0
66,cn5054,coarse_mesh_save,io,0,0,0,0,0,0,0,0,0,0,0,0,0,0,0,0,0,0,0,0
66,cn5054,submesh_initialization,setup,0.000122761999592,1,0,0,0,0,0,0,6,0,0,0,0,0,0,0,0,0,0,0
66,cn5054,metis_partition,compute,0.227054016,1,0,0,0,0,0,0,69,0,0,0,0,0,0,0,0,0,0,0
66,cn5054,face_map_setup,compute,0.00694033299987,1,0,0,0,0,0,0,263,0,0,0,0,0,0,0,0,0,0,0
66,cn5054,face_local_extract,compute,0.153845565,1,0,0,0,0,0,0,200,0,0,0,0,0,0,0,0,0,0,0
66,cn5054,face_pre_collective_wait,synchronization,0.10443462,1,0,0,0,0,0,0,10,0,0,0,0,0,0,0,0,0,0,0
66,cn5054,face_collective_setup,compute,0.00010402199996,1,0,0,0,0,0,0,15,0,0,0,0,0,0,0,0,0,0,0
66,cn5054,face_allgatherv,communication,0.0739250239999,1,0,0,0,0,0,0,41,0,0,0,0,0,0,0,1,1,37904,4859624
66,cn5054,face_global_merge,compute,0.0736953999999,1,0,0,0,0,0,0,0,0,0,0,0,0,0,0,0,0,0,0
66,cn5054,part_face_create,compute,0.017847051,1,0,0,0,0,0,0,3,0,0,0,0,0,0,0,0,0,0,0
66,cn5054,surface_refine,compute,0.00807631199996,1,0,0,0,0,0,0,1,0,0,0,0,0,0,0,0,0,0,0
66,cn5054,refined_surface_save,io,0,0,0,0,0,0,0,0,0,0,0,0,0,0,0,0,0,0,0,0
66,cn5054,local_volume_mesh,compute,8.080576821,1,0,0,0,0,0,0,2064,0,0,0,0,0,13047,542222,0,0,0,0
66,cn5054,volume_refine,compute,0.40916042,1,0,0,0,0,0,0,6148,0,0,0,0,0,0,1,0,0,0,0
66,cn5054,refined_volume_save,io,0,0,0,0,0,0,0,0,0,0,0,0,0,0,0,0,0,0,0,0
66,cn5054,adjacency_build,compute,0.00407962600002,1,0,0,0,0,0,0,0,0,0,0,0,0,0,0,0,0,0,0
66,cn5054,vertex_numbering_local,compute,0.009972242,1,0,0,0,0,0,0,127,0,0,0,0,0,0,0,0,0,0,0
66,cn5054,vertex_count_allgather,communication,3.421245173,1,0,0,0,0,0,0,65,0,0,0,0,0,0,3,1,1,4,512
66,cn5054,element_count_allgather,communication,0.000471386999834,1,0,0,0,0,0,0,0,0,0,0,0,0,0,0,1,1,4,512
66,cn5054,vertex_exchange_prepare,compute,7.80220002525e-05,1,0,0,0,0,0,0,17,0,0,0,0,0,0,0,0,0,0,0
66,cn5054,vertex_exchange,communication,0.0111968620004,1,0,0,0,0,0,0,25,0,0,0,0,0,0,0,5,4,123640,65098
66,cn5054,vertex_exchange_unpack,compute,0.000921835000099,1,0,0,0,0,0,0,0,0,0,0,0,0,0,0,0,0,0,0
66,cn5054,partition_result_io,io,0,0,0,0,0,0,0,0,0,0,0,0,0,0,0,0,0,0,0,0
66,cn5054,volume_exchange_pack,compute,0.169377758,2,0,0,0,0,0,0,839,0,0,0,0,0,0,1,0,0,0,0
66,cn5054,volume_size_exchange,communication,0.0251480890001,1,0,0,0,0,0,0,3,0,0,0,0,0,0,0,5,5,20,20
66,cn5054,volume_payload_prepare,compute,0.000274484000329,1,0,0,0,0,0,0,68,0,0,0,0,0,0,0,0,0,0,0
66,cn5054,volume_payload_exchange,communication,0.00402624599974,1,0,0,0,0,0,0,269,0,0,0,0,0,0,0,5,5,1975320,1989360
66,cn5054,volume_exchange_unpack,compute,0.107636632,1,0,0,0,0,0,0,4226,0,0,0,0,0,0,0,0,0,0,0
66,cn5054,final_mesh_save,io,0,0,0,0,0,0,0,0,0,0,0,0,0,0,0,0,0,0,0,0
66,cn5054,testout_io,io,0,0,0,0,0,0,0,0,0,0,0,0,0,0,0,0,0,0,0,0
66,cn5054,final_count_exchange,communication,0,0,0,0,0,0,0,0,0,0,0,0,0,0,0,0,0,0,0,0
66,cn5054,quality_evaluation,postprocess,0,0,0,0,0,0,0,0,0,0,0,0,0,0,0,0,0,0,0,0
67,cn5055,geometry_load,io,1.718137754,1,0,0,0,0,0,0,5505,0,1035092,0,0,0,2,3,0,0,0,0
67,cn5055,coarse_local_size,setup,0.458074032,1,0,0,0,0,0,0,9133,0,0,0,0,0,87,22,0,0,0,0
67,cn5055,coarse_edge_mesh,setup,0.0125542800001,1,0,0,0,0,0,0,530,0,0,0,0,0,0,0,0,0,0,0
67,cn5055,coarse_surface_mesh,setup,8.244543366,1,0,0,0,0,0,0,17216,0,0,0,0,0,0,10,0,0,0,0
67,cn5055,coarse_volume_mesh,setup,13.269817286,1,0,0,0,0,0,0,29119,0,0,0,0,0,35776,1382421,0,0,0,0
67,cn5055,coarse_mesh_save,io,0,0,0,0,0,0,0,0,0,0,0,0,0,0,0,0,0,0,0,0
67,cn5055,submesh_initialization,setup,0.000125660999856,1,0,0,0,0,0,0,3,0,0,0,0,0,0,0,0,0,0,0
67,cn5055,metis_partition,compute,0.235732911,1,0,0,0,0,0,0,528,0,0,0,0,0,0,0,0,0,0,0
67,cn5055,face_map_setup,compute,0.00724480100007,1,0,0,0,0,0,0,234,0,0,0,0,0,0,0,0,0,0,0
67,cn5055,face_local_extract,compute,0.158459228,1,0,0,0,0,0,0,596,0,0,0,0,0,0,0,0,0,0,0
67,cn5055,face_pre_collective_wait,synchronization,0.0908442529999,1,0,0,0,0,0,0,1,0,0,0,0,0,0,0,0,0,0,0
67,cn5055,face_collective_setup,compute,0.000108160999844,1,0,0,0,0,0,0,16,0,0,0,0,0,0,0,0,0,0,0
67,cn5055,face_allgatherv,communication,0.0738120840001,1,0,0,0,0,0,0,1147,0,0,0,0,0,0,0,1,1,37904,4859624
67,cn5055,face_global_merge,compute,0.0790514619998,1,0,0,0,0,0,0,463,0,0,0,0,0,0,0,0,0,0,0
67,cn5055,part_face_create,compute,0.0189225119998,1,0,0,0,0,0,0,3,0,0,0,0,0,0,0,0,0,0,0
67,cn5055,surface_refine,compute,0.0105900579997,1,0,0,0,0,0,0,49,0,0,0,0,0,0,0,0,0,0,0
67,cn5055,refined_surface_save,io,0,0,0,0,0,0,0,0,0,0,0,0,0,0,0,0,0,0,0,0
67,cn5055,local_volume_mesh,compute,8.248772334,1,0,0,0,0,0,0,6214,0,0,0,0,0,11541,634465,0,0,0,0
67,cn5055,volume_refine,compute,0.504055545,1,0,0,0,0,0,0,4904,0,0,0,0,0,0,0,0,0,0,0
67,cn5055,refined_volume_save,io,0,0,0,0,0,0,0,0,0,0,0,0,0,0,0,0,0,0,0,0
67,cn5055,adjacency_build,compute,0.00442276900003,1,0,0,0,0,0,0,5,0,0,0,0,0,0,0,0,0,0,0
67,cn5055,vertex_numbering_local,compute,0.0110441039997,1,0,0,0,0,0,0,4,0,0,0,0,0,0,0,0,0,0,0
67,cn5055,vertex_count_allgather,communication,3.147632666,1,0,0,0,0,0,0,46,0,0,0,0,0,0,3,1,1,4,512
67,cn5055,element_count_allgather,communication,0.000880228999904,1,0,0,0,0,0,0,0,0,0,0,0,0,0,0,1,1,4,512
67,cn5055,vertex_exchange_prepare,compute,1.6819999928e-05,1,0,0,0,0,0,0,0,0,0,0,0,0,0,0,0,0,0,0
67,cn5055,vertex_exchange,communication,0.0117835310002,1,0,0,0,0,0,0,100,0,0,0,0,0,0,0,5,5,98318,68200
67,cn5055,vertex_exchange_unpack,compute,0.00101657100004,1,0,0,0,0,0,0,0,0,0,0,0,0,0,0,0,0,0,0
67,cn5055,partition_result_io,io,0,0,0,0,0,0,0,0,0,0,0,0,0,0,0,0,0,0,0,0
67,cn5055,volume_exchange_pack,compute,0.164264113,2,0,0,0,0,0,0,478,0,0,0,0,0,0,0,0,0,0,0
67,cn5055,volume_size_exchange,communication,0.0319547570002,1,0,0,0,0,0,0,49,0,0,0,0,0,0,1,6,6,24,24
67,cn5055,volume_payload_prepare,compute,0.000310324000111,1,0,0,0,0,0,0,157,0,0,0,0,0,0,0,0,0,0,0
67,cn5055,volume_payload_exchange,communication,0.00258718900022,1,0,0,0,0,0,0,341,0,0,0,0,0,0,0,6,6,1741080,1732680
67,cn5055,volume_exchange_unpack,compute,0.116904984,1,0,0,0,0,0,0,4577,0,0,0,0,0,0,0,0,0,0,0
67,cn5055,final_mesh_save,io,0,0,0,0,0,0,0,0,0,0,0,0,0,0,0,0,0,0,0,0
67,cn5055,testout_io,io,0,0,0,0,0,0,0,0,0,0,0,0,0,0,0,0,0,0,0,0
67,cn5055,final_count_exchange,communication,0,0,0,0,0,0,0,0,0,0,0,0,0,0,0,0,0,0,0,0
67,cn5055,quality_evaluation,postprocess,0,0,0,0,0,0,0,0,0,0,0,0,0,0,0,0,0,0,0,0
68,cn5056,geometry_load,io,1.744677052,1,0,0,0,0,0,0,5895,0,1035092,0,0,0,2,2,0,0,0,0
68,cn5056,coarse_local_size,setup,0.467262347,1,0,0,0,0,0,0,8429,0,0,0,0,0,99,22,0,0,0,0
68,cn5056,coarse_edge_mesh,setup,0.0124946199999,1,0,0,0,0,0,0,402,0,0,0,0,0,0,0,0,0,0,0
68,cn5056,coarse_surface_mesh,setup,8.192339517,1,0,0,0,0,0,0,15246,0,0,0,0,0,0,13,0,0,0,0
68,cn5056,coarse_volume_mesh,setup,13.231933302,1,0,0,0,0,0,0,26163,0,0,0,0,0,35359,1517507,0,0,0,0
68,cn5056,coarse_mesh_save,io,0,0,0,0,0,0,0,0,0,0,0,0,0,0,0,0,0,0,0,0
68,cn5056,submesh_initialization,setup,0.000179141999979,1,0,0,0,0,0,0,55,0,0,0,0,0,0,0,0,0,0,0
68,cn5056,metis_partition,compute,0.239908854,1,0,0,0,0,0,0,1490,0,0,0,0,0,0,0,0,0,0,0
68,cn5056,face_map_setup,compute,0.00746359599998,1,0,0,0,0,0,0,499,0,0,0,0,0,0,0,0,0,0,0
68,cn5056,face_local_extract,compute,0.157195794,1,0,0,0,0,0,0,878,0,0,0,0,0,0,0,0,0,0,0
68,cn5056,face_pre_collective_wait,synchronization,0.0875933819998,1,0,0,0,0,0,0,10,0,0,0,0,0,0,0,0,0,0,0
68,cn5056,face_collective_setup,compute,0.000108221999653,1,0,0,0,0,0,0,16,0,0,0,0,0,0,0,0,0,0,0
68,cn5056,face_allgatherv,communication,0.0737705250003,1,0,0,0,0,0,0,1144,0,0,0,0,0,0,0,1,1,37904,4859624
68,cn5056,face_global_merge,compute,0.0793232760002,1,0,0,0,0,0,0,617,0,0,0,0,0,0,0,0,0,0,0
68,cn5056,part_face_create,compute,0.018797961,1,0,0,0,0,0,0,17,0,0,0,0,0,0,0,0,0,0,0
68,cn5056,surface_refine,compute,0.00986172700004,1,0,0,0,0,0,0,48,0,0,0,0,0,0,0,0,0,0,0
68,cn5056,refined_surface_save,io,0,0,0,0,0,0,0,0,0,0,0,0,0,0,0,0,0,0,0,0
68,cn5056,local_volume_mesh,compute,8.72494844,1,0,0,0,0,0,0,3063,0,0,0,0,0,15519,620973,0,0,0,0
68,cn5056,volume_refine,compute,0.439305168,1,0,0,0,0,0,0,5342,0,0,0,0,0,0,0,0,0,0,0
68,cn5056,refined_volume_save,io,0,0,0,0,0,0,0,0,0,0,0,0,0,0,0,0,0,0,0,0
68,cn5056,adjacency_build,compute,0.00419737399989,1,0,0,0,0,0,0,0,0,0,0,0,0,0,0,0,0,0,0
68,cn5056,vertex_numbering_local,compute,0.0132921510003,1,0,0,0,0,0,0,2,0,0,0,0,0,0,0,0,0,0,0
68,cn5056,vertex_count_allgather,communication,2.734970499,1,0,0,0,0,0,0,29,0,0,0,0,0,0,3,1,1,4,512
68,cn5056,element_count_allgather,communication,0.00085381100007,1,0,0,0,0,0,0,0,0,0,0,0,0,0,0,1,1,4,512
68,cn5056,vertex_exchange_prepare,compute,1.92799998331e-05,1,0,0,0,0,0,0,0,0,0,0,0,0,0,0,0,0,0,0
68,cn5056,vertex_exchange,communication,0.020740686,1,0,0,0,0,0,0,557,0,0,0,0,0,0,0,9,6,191246,92400
68,cn5056,vertex_exchange_unpack,compute,0.00128955699984,1,0,0,0,0,0,0,0,0,0,0,0,0,0,0,0,0,0,0
68,cn5056,partition_result_io,io,0,0,0,0,0,0,0,0,0,0,0,0,0,0,0,0,0,0,0,0
68,cn5056,volume_exchange_pack,compute,0.184563724,2,0,0,0,0,0,0,1,0,0,0,0,0,0,0,0,0,0,0
68,cn5056,volume_size_exchange,communication,4.29400001849e-05,1,0,0,0,0,0,0,0,0,0,0,0,0,0,0,9,9,36,36
68,cn5056,volume_payload_prepare,compute,0.000214683000195,1,0,0,0,0,0,0,0,0,0,0,0,0,0,0,0,0,0,0
68,cn5056,volume_payload_exchange,communication,0.00407467199966,1,0,0,0,0,0,0,21,0,0,0,0,0,0,0,9,9,3009360,3015600
68,cn5056,volume_exchange_unpack,compute,0.134718526,1,0,0,0,0,0,0,4611,0,0,0,0,0,0,1,0,0,0,0
68,cn5056,final_mesh_save,io,0,0,0,0,0,0,0,0,0,0,0,0,0,0,0,0,0,0,0,0
68,cn5056,testout_io,io,0,0,0,0,0,0,0,0,0,0,0,0,0,0,0,0,0,0,0,0
68,cn5056,final_count_exchange,communication,0,0,0,0,0,0,0,0,0,0,0,0,0,0,0,0,0,0,0,0
68,cn5056,quality_evaluation,postprocess,0,0,0,0,0,0,0,0,0,0,0,0,0,0,0,0,0,0,0,0
69,cn5057,geometry_load,io,1.745004029,1,0,0,0,0,0,0,5895,0,1035092,0,0,0,2,3,0,0,0,0
69,cn5057,coarse_local_size,setup,0.466900139,1,0,0,0,0,0,0,8276,0,0,0,0,0,100,21,0,0,0,0
69,cn5057,coarse_edge_mesh,setup,0.0122917070003,1,0,0,0,0,0,0,435,0,0,0,0,0,0,0,0,0,0,0
69,cn5057,coarse_surface_mesh,setup,8.207177598,1,0,0,0,0,0,0,17350,0,0,0,0,0,0,10,0,0,0,0
69,cn5057,coarse_volume_mesh,setup,13.227399279,1,0,0,0,0,0,0,27697,0,0,0,0,0,37561,1464973,0,0,0,0
69,cn5057,coarse_mesh_save,io,0,0,0,0,0,0,0,0,0,0,0,0,0,0,0,0,0,0,0,0
69,cn5057,submesh_initialization,setup,0.000118220999866,1,0,0,0,0,0,0,1,0,0,0,0,0,0,0,0,0,0,0
69,cn5057,metis_partition,compute,0.235572955,1,0,0,0,0,0,0,393,0,0,0,0,0,0,0,0,0,0,0
69,cn5057,face_map_setup,compute,0.00705152499995,1,0,0,0,0,0,0,230,0,0,0,0,0,0,0,0,0,0,0
69,cn5057,face_local_extract,compute,0.161212406,1,0,0,0,0,0,0,750,0,0,0,0,0,0,0,0,0,0,0
69,cn5057,face_pre_collective_wait,synchronization,0.088437936,1,0,0,0,0,0,0,1,0,0,0,0,0,0,0,0,0,0,0
69,cn5057,face_collective_setup,compute,0.000103000999843,1,0,0,0,0,0,0,16,0,0,0,0,0,0,0,0,0,0,0
69,cn5057,face_allgatherv,communication,0.07366628,1,0,0,0,0,0,0,637,0,0,0,0,0,0,0,1,1,37904,4859624
69,cn5057,face_global_merge,compute,0.0794979489997,1,0,0,0,0,0,0,324,0,0,0,0,0,0,0,0,0,0,0
69,cn5057,part_face_create,compute,0.018693424,1,0,0,0,0,0,0,3,0,0,0,0,0,0,0,0,0,0,0
69,cn5057,surface_refine,compute,0.00925048999989,1,0,0,0,0,0,0,46,0,0,0,0,0,0,0,0,0,0,0
69,cn5057,refined_surface_save,io,0,0,0,0,0,0,0,0,0,0,0,0,0,0,0,0,0,0,0,0
69,cn5057,local_volume_mesh,compute,8.485814447,1,0,0,0,0,0,0,3907,0,0,0,0,0,15010,710991,0,0,0,0
69,cn5057,volume_refine,compute,0.519888832,1,0,0,0,0,0,0,6596,0,0,0,0,0,0,0,0,0,0,0
69,cn5057,refined_volume_save,io,0,0,0,0,0,0,0,0,0,0,0,0,0,0,0,0,0,0,0,0
69,cn5057,adjacency_build,compute,0.00393826700019,1,0,0,0,0,0,0,0,0,0,0,0,0,0,0,0,0,0,0
69,cn5057,vertex_numbering_local,compute,0.00732170699985,1,0,0,0,0,0,0,2,0,0,0,0,0,0,0,0,0,0,0
69,cn5057,vertex_count_allgather,communication,2.900368153,1,0,0,0,0,0,0,45,0,0,0,0,0,0,3,1,1,4,512
69,cn5057,element_count_allgather,communication,0.000369304000287,1,0,0,0,0,0,0,0,0,0,0,0,0,0,0,1,1,4,512
69,cn5057,vertex_exchange_prepare,compute,1.18200000543e-05,1,0,0,0,0,0,0,0,0,0,0,0,0,0,0,0,0,0,0
69,cn5057,vertex_exchange,communication,0.0120560240002,1,0,0,0,0,0,0,26,0,0,0,0,0,0,0,3,1,39908,55132
69,cn5057,vertex_exchange_unpack,compute,0.000779808999596,1,0,0,0,0,0,0,0,0,0,0,0,0,0,0,0,0,0,0
69,cn5057,partition_result_io,io,0,0,0,0,0,0,0,0,0,0,0,0,0,0,0,0,0,0,0,0
69,cn5057,volume_exchange_pack,compute,0.119856192,2,0,0,0,0,0,0,1,0,0,0,0,0,0,0,0,0,0,0
69,cn5057,volume_size_exchange,communication,0.0740009440001,1,0,0,0,0,0,0,0,0,0,0,0,0,0,0,3,3,12,12
69,cn5057,volume_payload_prepare,compute,7.25210002201e-05,1,0,0,0,0,0,0,0,0,0,0,0,0,0,0,0,0,0,0
69,cn5057,volume_payload_exchange,communication,0.00241478900034,1,0,0,0,0,0,0,26,0,0,0,0,0,0,0,3,3,998880,987480
69,cn5057,volume_exchange_unpack,compute,0.080298979,1,0,0,0,0,0,0,1665,0,0,0,0,0,0,0,0,0,0,0
69,cn5057,final_mesh_save,io,0,0,0,0,0,0,0,0,0,0,0,0,0,0,0,0,0,0,0,0
69,cn5057,testout_io,io,0,0,0,0,0,0,0,0,0,0,0,0,0,0,0,0,0,0,0,0
69,cn5057,final_count_exchange,communication,0,0,0,0,0,0,0,0,0,0,0,0,0,0,0,0,0,0,0,0
69,cn5057,quality_evaluation,postprocess,0,0,0,0,0,0,0,0,0,0,0,0,0,0,0,0,0,0,0,0
70,cn5058,geometry_load,io,1.744242337,1,0,0,0,0,0,0,5895,0,1035092,0,0,0,2,2,0,0,0,0
70,cn5058,coarse_local_size,setup,0.461286183,1,0,0,0,0,0,0,8360,0,0,0,0,0,85,21,0,0,0,0
70,cn5058,coarse_edge_mesh,setup,0.0124729930003,1,0,0,0,0,0,0,426,0,0,0,0,0,0,0,0,0,0,0
70,cn5058,coarse_surface_mesh,setup,8.221234913,1,0,0,0,0,0,0,15326,0,0,0,0,0,0,8,0,0,0,0
70,cn5058,coarse_volume_mesh,setup,13.208088239,1,0,0,0,0,0,0,26282,0,0,0,0,0,34424,1543515,0,0,0,0
70,cn5058,coarse_mesh_save,io,0,0,0,0,0,0,0,0,0,0,0,0,0,0,0,0,0,0,0,0
70,cn5058,submesh_initialization,setup,0.000144261000059,1,0,0,0,0,0,0,23,0,0,0,0,0,0,0,0,0,0,0
70,cn5058,metis_partition,compute,0.236783656,1,0,0,0,0,0,0,1292,0,0,0,0,0,0,0,0,0,0,0
70,cn5058,face_map_setup,compute,0.00732100899995,1,0,0,0,0,0,0,478,0,0,0,0,0,0,0,0,0,0,0
70,cn5058,face_local_extract,compute,0.155951748,1,0,0,0,0,0,0,902,0,0,0,0,0,0,1,0,0,0,0
70,cn5058,face_pre_collective_wait,synchronization,0.0922133879999,1,0,0,0,0,0,0,1,0,0,0,0,0,0,0,0,0,0,0
70,cn5058,face_collective_setup,compute,0.000110481999855,1,0,0,0,0,0,0,12,0,0,0,0,0,0,0,0,0,0,0
70,cn5058,face_allgatherv,communication,0.0736067600001,1,0,0,0,0,0,0,795,0,0,0,0,0,0,0,1,1,37904,4859624
70,cn5058,face_global_merge,compute,0.0781989959996,1,0,0,0,0,0,0,463,0,0,0,0,0,0,0,0,0,0,0
70,cn5058,part_face_create,compute,0.0189459119997,1,0,0,0,0,0,0,4,0,0,0,0,0,0,0,0,0,0,0
70,cn5058,surface_refine,compute,0.0098934409998,1,0,0,0,0,0,0,6,0,0,0,0,0,0,0,0,0,0,0
70,cn5058,refined_surface_save,io,0,0,0,0,0,0,0,0,0,0,0,0,0,0,0,0,0,0,0,0
70,cn5058,local_volume_mesh,compute,8.704657147,1,0,0,0,0,0,0,2854,0,0,0,0,0,15256,751245,0,0,0,0
70,cn5058,volume_refine,compute,0.432808115,1,0,0,0,0,0,0,6767,0,0,0,0,0,0,0,0,0,0,0
70,cn5058,refined_volume_save,io,0,0,0,0,0,0,0,0,0,0,0,0,0,0,0,0,0,0,0,0
70,cn5058,adjacency_build,compute,0.00408467000034,1,0,0,0,0,0,0,0,0,0,0,0,0,0,0,0,0,0,0
70,cn5058,vertex_numbering_local,compute,0.00894670900016,1,0,0,0,0,0,0,2,0,0,0,0,0,0,0,0,0,0,0
70,cn5058,vertex_count_allgather,communication,2.767323574,1,0,0,0,0,0,0,28,0,0,0,0,0,0,3,1,1,4,512
70,cn5058,element_count_allgather,communication,0.000878550999914,1,0,0,0,0,0,0,0,0,0,0,0,0,0,0,1,1,4,512
70,cn5058,vertex_exchange_prepare,compute,1.06400002551e-05,1,0,0,0,0,0,0,0,0,0,0,0,0,0,0,0,0,0,0
70,cn5058,vertex_exchange,communication,0.00109029299983,1,0,0,0,0,0,0,13,0,0,0,0,0,0,0,3,2,74470,32582
70,cn5058,vertex_exchange_unpack,compute,0.000490546000037,1,0,0,0,0,0,0,0,0,0,0,0,0,0,0,0,0,0,0
70,cn5058,partition_result_io,io,0,0,0,0,0,0,0,0,0,0,0,0,0,0,0,0,0,0,0,0
70,cn5058,volume_exchange_pack,compute,0.122212555,2,0,0,0,0,0,0,312,0,0,0,0,0,0,0,0,0,0,0
70,cn5058,volume_size_exchange,communication,0.082929055,1,0,0,0,0,0,0,0,0,0,0,0,0,0,0,4,4,16,16
70,cn5058,volume_payload_prepare,compute,0.000229663000027,1,0,0,0,0,0,0,68,0,0,0,0,0,0,0,0,0,0,0
70,cn5058,volume_payload_exchange,communication,0.00407736999978,1,0,0,0,0,0,0,139,0,0,0,0,0,0,0,4,4,1117080,1124760
70,cn5058,volume_exchange_unpack,compute,0.0874242099999,1,0,0,0,0,0,0,4002,0,0,0,0,0,0,0,0,0,0,0
70,cn5058,final_mesh_save,io,0,0,0,0,0,0,0,0,0,0,0,0,0,0,0,0,0,0,0,0
70,cn5058,testout_io,io,0,0,0,0,0,0,0,0,0,0,0,0,0,0,0,0,0,0,0,0
70,cn5058,final_count_exchange,communication,0,0,0,0,0,0,0,0,0,0,0,0,0,0,0,0,0,0,0,0
70,cn5058,quality_evaluation,postprocess,0,0,0,0,0,0,0,0,0,0,0,0,0,0,0,0,0,0,0,0
71,cn5059,geometry_load,io,1.717970058,1,0,0,0,0,0,0,5897,0,1035092,0,0,0,2,3,0,0,0,0
71,cn5059,coarse_local_size,setup,0.453356328,1,0,0,0,0,0,0,8035,0,0,0,0,0,101,20,0,0,0,0
71,cn5059,coarse_edge_mesh,setup,0.0126633899999,1,0,0,0,0,0,0,525,0,0,0,0,0,0,0,0,0,0,0
71,cn5059,coarse_surface_mesh,setup,8.081489288,1,0,0,0,0,0,0,11750,0,0,0,0,0,0,12,0,0,0,0
71,cn5059,coarse_volume_mesh,setup,13.390570566,1,0,0,0,0,0,0,19770,0,0,0,0,0,40376,1726007,0,0,0,0
71,cn5059,coarse_mesh_save,io,0,0,0,0,0,0,0,0,0,0,0,0,0,0,0,0,0,0,0,0
71,cn5059,submesh_initialization,setup,0.000123441000142,1,0,0,0,0,0,0,1,0,0,0,0,0,0,0,0,0,0,0
71,cn5059,metis_partition,compute,0.227592945,1,0,0,0,0,0,0,63,0,0,0,0,0,0,0,0,0,0,0
71,cn5059,face_map_setup,compute,0.00668169899973,1,0,0,0,0,0,0,3,0,0,0,0,0,0,0,0,0,0,0
71,cn5059,face_local_extract,compute,0.154108391,1,0,0,0,0,0,0,333,0,0,0,0,0,0,0,0,0,0,0
71,cn5059,face_pre_collective_wait,synchronization,0.103956175,1,0,0,0,0,0,0,33,0,0,0,0,0,0,0,0,0,0,0
71,cn5059,face_collective_setup,compute,0.000120282000353,1,0,0,0,0,0,0,31,0,0,0,0,0,0,0,0,0,0,0
71,cn5059,face_allgatherv,communication,0.0735483940002,1,0,0,0,0,0,0,46,0,0,0,0,0,0,0,1,1,37904,4859624
71,cn5059,face_global_merge,compute,0.0736020150002,1,0,0,0,0,0,0,2,0,0,0,0,0,0,0,0,0,0,0
71,cn5059,part_face_create,compute,0.0180117939999,1,0,0,0,0,0,0,5,0,0,0,0,0,0,0,0,0,0,0
71,cn5059,surface_refine,compute,0.00830959799987,1,0,0,0,0,0,0,1,0,0,0,0,0,0,0,0,0,0,0
71,cn5059,refined_surface_save,io,0,0,0,0,0,0,0,0,0,0,0,0,0,0,0,0,0,0,0,0
71,cn5059,local_volume_mesh,compute,7.840913808,1,0,0,0,0,0,0,1743,0,0,0,0,0,11319,517224,0,0,0,0
71,cn5059,volume_refine,compute,0.401577733,1,0,0,0,0,0,0,7460,0,0,0,0,0,0,1,0,0,0,0
71,cn5059,refined_volume_save,io,0,0,0,0,0,0,0,0,0,0,0,0,0,0,0,0,0,0,0,0
71,cn5059,adjacency_build,compute,0.00412394899968,1,0,0,0,0,0,0,0,0,0,0,0,0,0,0,0,0,0,0
71,cn5059,vertex_numbering_local,compute,0.0100364989999,1,0,0,0,0,0,0,24,0,0,0,0,0,0,0,0,0,0,0
71,cn5059,vertex_count_allgather,communication,3.668637342,1,0,0,0,0,0,0,73,0,0,0,0,0,0,4,1,1,4,512
71,cn5059,element_count_allgather,communication,0.000881609999851,1,0,0,0,0,0,0,0,0,0,0,0,0,0,0,1,1,4,512
71,cn5059,vertex_exchange_prepare,compute,0.000177481999799,1,0,0,0,0,0,0,44,0,0,0,0,0,0,0,0,0,0,0
71,cn5059,vertex_exchange,communication,0.0126914510001,1,0,0,0,0,0,0,817,0,0,0,0,0,0,0,3,5,21560,174306
71,cn5059,vertex_exchange_unpack,compute,0.0024105880002,1,0,0,0,0,0,0,0,0,0,0,0,0,0,0,0,0,0,0
71,cn5059,partition_result_io,io,0,0,0,0,0,0,0,0,0,0,0,0,0,0,0,0,0,0,0,0
71,cn5059,volume_exchange_pack,compute,0.149019051,2,0,0,0,0,0,0,733,0,0,0,0,0,0,0,0,0,0,0
71,cn5059,volume_size_exchange,communication,0.0450713949999,1,0,0,0,0,0,0,2,0,0,0,0,0,0,0,6,6,24,24
71,cn5059,volume_payload_prepare,compute,0.000343163999787,1,0,0,0,0,0,0,102,0,0,0,0,0,0,0,0,0,0,0
71,cn5059,volume_payload_exchange,communication,0.0025481900002,1,0,0,0,0,0,0,295,0,0,0,0,0,0,0,6,6,2081160,2081400
71,cn5059,volume_exchange_unpack,compute,0.102965024,1,0,0,0,0,0,0,4051,0,0,0,0,0,0,1,0,0,0,0
71,cn5059,final_mesh_save,io,0,0,0,0,0,0,0,0,0,0,0,0,0,0,0,0,0,0,0,0
71,cn5059,testout_io,io,0,0,0,0,0,0,0,0,0,0,0,0,0,0,0,0,0,0,0,0
71,cn5059,final_count_exchange,communication,0,0,0,0,0,0,0,0,0,0,0,0,0,0,0,0,0,0,0,0
71,cn5059,quality_evaluation,postprocess,0,0,0,0,0,0,0,0,0,0,0,0,0,0,0,0,0,0,0,0
72,cn5060,geometry_load,io,1.731577777,1,0,0,0,0,0,0,5894,0,1035092,0,0,0,2,2,0,0,0,0
72,cn5060,coarse_local_size,setup,0.476944401,1,0,0,0,0,0,0,8455,0,0,0,0,0,116,23,0,0,0,0
72,cn5060,coarse_edge_mesh,setup,0.0127130330002,1,0,0,0,0,0,0,528,0,0,0,0,0,0,0,0,0,0,0
72,cn5060,coarse_surface_mesh,setup,8.164806638,1,0,0,0,0,0,0,15165,0,0,0,0,0,0,13,0,0,0,0
72,cn5060,coarse_volume_mesh,setup,13.24340289,1,0,0,0,0,0,0,22787,0,0,0,0,0,37299,1541194,0,0,0,0
72,cn5060,coarse_mesh_save,io,0,0,0,0,0,0,0,0,0,0,0,0,0,0,0,0,0,0,0,0
72,cn5060,submesh_initialization,setup,0.000137082000037,1,0,0,0,0,0,0,4,0,0,0,0,0,0,0,0,0,0,0
72,cn5060,metis_partition,compute,0.229628097,1,0,0,0,0,0,0,507,0,0,0,0,0,0,1,0,0,0,0
72,cn5060,face_map_setup,compute,0.00694310499966,1,0,0,0,0,0,0,261,0,0,0,0,0,0,0,0,0,0,0
72,cn5060,face_local_extract,compute,0.161270242,1,0,0,0,0,0,0,536,0,0,0,0,0,0,0,0,0,0,0
72,cn5060,face_pre_collective_wait,synchronization,0.09443513,1,0,0,0,0,0,0,13,0,0,0,0,0,0,0,0,0,0,0
72,cn5060,face_collective_setup,compute,0.00010432199997,1,0,0,0,0,0,0,13,0,0,0,0,0,0,0,0,0,0,0
72,cn5060,face_allgatherv,communication,0.0735259130001,1,0,0,0,0,0,0,723,0,0,0,0,0,0,0,1,1,37904,4859624
72,cn5060,face_global_merge,compute,0.0738098769998,1,0,0,0,0,0,0,6,0,0,0,0,0,0,0,0,0,0,0
72,cn5060,part_face_create,compute,0.0177279880004,1,0,0,0,0,0,0,3,0,0,0,0,0,0,0,0,0,0,0
72,cn5060,surface_refine,compute,0.00906129699979,1,0,0,0,0,0,0,46,0,0,0,0,0,0,0,0,0,0,0
72,cn5060,refined_surface_save,io,0,0,0,0,0,0,0,0,0,0,0,0,0,0,0,0,0,0,0,0
72,cn5060,local_volume_mesh,compute,8.163655361,1,0,0,0,0,0,0,1943,0,0,0,0,0,9822,684144,0,0,0,0
72,cn5060,volume_refine,compute,0.41011537,1,0,0,0,0,0,0,5656,0,0,0,0,0,0,1,0,0,0,0
72,cn5060,refined_volume_save,io,0,0,0,0,0,0,0,0,0,0,0,0,0,0,0,0,0,0,0,0
72,cn5060,adjacency_build,compute,0.00394958000015,1,0,0,0,0,0,0,0,0,0,0,0,0,0,0,0,0,0,0
72,cn5060,vertex_numbering_local,compute,0.00915655800009,1,0,0,0,0,0,0,2,0,0,0,0,0,0,0,0,0,0,0
72,cn5060,vertex_count_allgather,communication,3.337813676,1,0,0,0,0,0,0,28,0,0,0,0,0,0,3,1,1,4,512
72,cn5060,element_count_allgather,communication,0.00083153200012,1,0,0,0,0,0,0,0,0,0,0,0,0,0,0,1,1,4,512
72,cn5060,vertex_exchange_prepare,compute,1.53400001182e-05,1,0,0,0,0,0,0,0,0,0,0,0,0,0,0,0,0,0,0
72,cn5060,vertex_exchange,communication,0.0123695469997,1,0,0,0,0,0,0,621,0,0,0,0,0,0,0,5,4,108504,47630
72,cn5060,vertex_exchange_unpack,compute,0.000683890000346,1,0,0,0,0,0,0,0,0,0,0,0,0,0,0,0,0,0,0
72,cn5060,partition_result_io,io,0,0,0,0,0,0,0,0,0,0,0,0,0,0,0,0,0,0,0,0
72,cn5060,volume_exchange_pack,compute,0.134789241,2,0,0,0,0,0,0,689,0,0,0,0,0,0,0,0,0,0,0
72,cn5060,volume_size_exchange,communication,0.033394086,1,0,0,0,0,0,0,0,0,0,0,0,0,0,0,6,6,24,24
72,cn5060,volume_payload_prepare,compute,0.000244043999828,1,0,0,0,0,0,0,68,0,0,0,0,0,0,0,0,0,0,0
72,cn5060,volume_payload_exchange,communication,0.0278593419998,1,0,0,0,0,0,0,178,0,0,0,0,0,0,0,6,6,1654800,1647480
72,cn5060,volume_exchange_unpack,compute,0.101780001,1,0,0,0,0,0,0,4122,0,0,0,0,0,0,0,0,0,0,0
72,cn5060,final_mesh_save,io,0,0,0,0,0,0,0,0,0,0,0,0,0,0,0,0,0,0,0,0
72,cn5060,testout_io,io,0,0,0,0,0,0,0,0,0,0,0,0,0,0,0,0,0,0,0,0
72,cn5060,final_count_exchange,communication,0,0,0,0,0,0,0,0,0,0,0,0,0,0,0,0,0,0,0,0
72,cn5060,quality_evaluation,postprocess,0,0,0,0,0,0,0,0,0,0,0,0,0,0,0,0,0,0,0,0
73,cn5061,geometry_load,io,1.756197756,1,0,0,0,0,0,0,5895,0,1035092,0,0,0,2,16,0,0,0,0
73,cn5061,coarse_local_size,setup,0.490071925,1,0,0,0,0,0,0,8396,0,0,0,0,0,115,23,0,0,0,0
73,cn5061,coarse_edge_mesh,setup,0.0125462469996,1,0,0,0,0,0,0,515,0,0,0,0,0,0,0,0,0,0,0
73,cn5061,coarse_surface_mesh,setup,8.186996626,1,0,0,0,0,0,0,15671,0,0,0,0,0,0,74,0,0,0,0
73,cn5061,coarse_volume_mesh,setup,13.295638798,1,0,0,0,0,0,0,27500,0,0,0,0,0,38194,1609892,0,0,0,0
73,cn5061,coarse_mesh_save,io,0,0,0,0,0,0,0,0,0,0,0,0,0,0,0,0,0,0,0,0
73,cn5061,submesh_initialization,setup,0.000122800999634,1,0,0,0,0,0,0,1,0,0,0,0,0,0,0,0,0,0,0
73,cn5061,metis_partition,compute,0.290221837,1,0,0,0,0,0,0,181,0,0,0,0,0,0,3,0,0,0,0
73,cn5061,face_map_setup,compute,0.00673540999969,1,0,0,0,0,0,0,3,0,0,0,0,0,0,0,0,0,0,0
73,cn5061,face_local_extract,compute,0.158611398,1,0,0,0,0,0,0,597,0,0,0,0,0,0,1,0,0,0,0
73,cn5061,face_pre_collective_wait,synchronization,0.0367450900003,1,0,0,0,0,0,0,1,0,0,0,0,0,0,1,0,0,0,0
73,cn5061,face_collective_setup,compute,0.000116002000141,1,0,0,0,0,0,0,16,0,0,0,0,0,0,0,0,0,0,0
73,cn5061,face_allgatherv,communication,0.0734497409999,1,0,0,0,0,0,0,1206,0,0,0,0,0,0,0,1,1,37904,4859624
73,cn5061,face_global_merge,compute,0.075180324,1,0,0,0,0,0,0,272,0,0,0,0,0,0,1,0,0,0,0
73,cn5061,part_face_create,compute,0.0183897860002,1,0,0,0,0,0,0,288,0,0,0,0,0,0,0,0,0,0,0
73,cn5061,surface_refine,compute,0.00975835100007,1,0,0,0,0,0,0,511,0,0,0,0,0,0,0,0,0,0,0
73,cn5061,refined_surface_save,io,0,0,0,0,0,0,0,0,0,0,0,0,0,0,0,0,0,0,0,0
73,cn5061,local_volume_mesh,compute,8.852692117,1,0,0,0,0,0,0,2778,0,0,0,0,0,15891,826891,0,0,0,0
73,cn5061,volume_refine,compute,0.496313048,1,0,0,0,0,0,0,4640,0,0,0,0,0,0,4,0,0,0,0
73,cn5061,refined_volume_save,io,0,0,0,0,0,0,0,0,0,0,0,0,0,0,0,0,0,0,0,0
73,cn5061,adjacency_build,compute,0.00401649300011,1,0,0,0,0,0,0,0,0,0,0,0,0,0,0,0,0,0,0
73,cn5061,vertex_numbering_local,compute,0.00916964199996,1,0,0,0,0,0,0,1,0,0,0,0,0,0,0,0,0,0,0
73,cn5061,vertex_count_allgather,communication,2.559483744,1,0,0,0,0,0,0,117,0,0,0,0,0,0,23,1,1,4,512
73,cn5061,element_count_allgather,communication,0.000767330000144,1,0,0,0,0,0,0,4,0,0,0,0,0,0,0,1,1,4,512
73,cn5061,vertex_exchange_prepare,compute,4.87009997414e-05,1,0,0,0,0,0,0,19,0,0,0,0,0,0,0,0,0,0,0
73,cn5061,vertex_exchange,communication,0.0103839789999,1,0,0,0,0,0,0,69,0,0,0,0,0,0,0,4,2,73238,56056
73,cn5061,vertex_exchange_unpack,compute,0.000872831999914,1,0,0,0,0,0,0,93,0,0,0,0,0,0,0,0,0,0,0
73,cn5061,partition_result_io,io,0,0,0,0,0,0,0,0,0,0,0,0,0,0,0,0,0,0,0,0
73,cn5061,volume_exchange_pack,compute,0.166580345,2,0,0,0,0,0,0,1585,0,0,0,0,0,0,1,0,0,0,0
73,cn5061,volume_size_exchange,communication,4.26410001637e-05,1,0,0,0,0,0,0,1,0,0,0,0,0,0,0,4,4,16,16
73,cn5061,volume_payload_prepare,compute,0.000219182999899,1,0,0,0,0,0,0,68,0,0,0,0,0,0,0,0,0,0,0
73,cn5061,volume_payload_exchange,communication,0.0292335700001,1,0,0,0,0,0,0,208,0,0,0,0,0,0,0,4,4,1364760,1360320
73,cn5061,volume_exchange_unpack,compute,0.114130565,1,0,0,0,0,0,0,5025,0,0,0,0,0,0,1,0,0,0,0
73,cn5061,final_mesh_save,io,0,0,0,0,0,0,0,0,0,0,0,0,0,0,0,0,0,0,0,0
73,cn5061,testout_io,io,0,0,0,0,0,0,0,0,0,0,0,0,0,0,0,0,0,0,0,0
73,cn5061,final_count_exchange,communication,0,0,0,0,0,0,0,0,0,0,0,0,0,0,0,0,0,0,0,0
73,cn5061,quality_evaluation,postprocess,0,0,0,0,0,0,0,0,0,0,0,0,0,0,0,0,0,0,0,0
74,cn5062,geometry_load,io,1.711398784,1,0,0,0,0,0,0,5896,0,1035092,0,0,0,2,3,0,0,0,0
74,cn5062,coarse_local_size,setup,0.463566847,1,0,0,0,0,0,0,8322,0,0,0,0,0,105,21,0,0,0,0
74,cn5062,coarse_edge_mesh,setup,0.0122765470001,1,0,0,0,0,0,0,418,0,0,0,0,0,0,0,0,0,0,0
74,cn5062,coarse_surface_mesh,setup,8.194711236,1,0,0,0,0,0,0,15293,0,0,0,0,0,0,10,0,0,0,0
74,cn5062,coarse_volume_mesh,setup,13.47937402,1,0,0,0,0,0,0,27682,0,0,0,0,0,36969,1650336,0,0,0,0
74,cn5062,coarse_mesh_save,io,0,0,0,0,0,0,0,0,0,0,0,0,0,0,0,0,0,0,0,0
74,cn5062,submesh_initialization,setup,0.000117202000183,1,0,0,0,0,0,0,1,0,0,0,0,0,0,0,0,0,0,0
74,cn5062,metis_partition,compute,0.242448383,1,0,0,0,0,0,0,480,0,0,0,0,0,0,0,0,0,0,0
74,cn5062,face_map_setup,compute,0.00722142199993,1,0,0,0,0,0,0,228,0,0,0,0,0,0,0,0,0,0,0
74,cn5062,face_local_extract,compute,0.160510823,1,0,0,0,0,0,0,595,0,0,0,0,0,0,0,0,0,0,0
74,cn5062,face_pre_collective_wait,synchronization,0.0821075229996,1,0,0,0,0,0,0,1,0,0,0,0,0,0,1,0,0,0,0
74,cn5062,face_collective_setup,compute,0.000110301999939,1,0,0,0,0,0,0,16,0,0,0,0,0,0,0,0,0,0,0
74,cn5062,face_allgatherv,communication,0.0734332369998,1,0,0,0,0,0,0,637,0,0,0,0,0,0,0,1,1,37904,4859624
74,cn5062,face_global_merge,compute,0.0783116789999,1,0,0,0,0,0,0,332,0,0,0,0,0,0,0,0,0,0,0
74,cn5062,part_face_create,compute,0.0188650770001,1,0,0,0,0,0,0,3,0,0,0,0,0,0,0,0,0,0,0
74,cn5062,surface_refine,compute,0.00895509099973,1,0,0,0,0,0,0,41,0,0,0,0,0,0,0,0,0,0,0
74,cn5062,refined_surface_save,io,0,0,0,0,0,0,0,0,0,0,0,0,0,0,0,0,0,0,0,0
74,cn5062,local_volume_mesh,compute,7.619697872,1,0,0,0,0,0,0,4774,0,0,0,0,0,7683,488882,0,0,0,0
74,cn5062,volume_refine,compute,0.43583052,1,0,0,0,0,0,0,5382,0,0,0,0,0,0,2,0,0,0,0
74,cn5062,refined_volume_save,io,0,0,0,0,0,0,0,0,0,0,0,0,0,0,0,0,0,0,0,0
74,cn5062,adjacency_build,compute,0.00409108900021,1,0,0,0,0,0,0,4,0,0,0,0,0,0,0,0,0,0,0
74,cn5062,vertex_numbering_local,compute,0.00685749500008,1,0,0,0,0,0,0,5,0,0,0,0,0,0,0,0,0,0,0
74,cn5062,vertex_count_allgather,communication,3.85229144,1,0,0,0,0,0,0,139,0,0,0,0,0,0,4,1,1,4,512
74,cn5062,element_count_allgather,communication,0.000820834000024,1,0,0,0,0,0,0,7,0,0,0,0,0,0,0,1,1,4,512
74,cn5062,vertex_exchange_prepare,compute,1.18799998745e-05,1,0,0,0,0,0,0,2,0,0,0,0,0,0,0,0,0,0,0
74,cn5062,vertex_exchange,communication,0.00124834100006,1,0,0,0,0,0,0,71,0,0,0,0,0,0,0,1,0,87318,0
74,cn5062,vertex_exchange_unpack,compute,1.82000030691e-06,1,0,0,0,0,0,0,0,0,0,0,0,0,0,0,0,0,0,0
74,cn5062,partition_result_io,io,0,0,0,0,0,0,0,0,0,0,0,0,0,0,0,0,0,0,0,0
74,cn5062,volume_exchange_pack,compute,0.119633775,2,0,0,0,0,0,0,1941,0,0,0,0,0,0,0,0,0,0,0
74,cn5062,volume_size_exchange,communication,0.00739436499998,1,0,0,0,0,0,0,3,0,0,0,0,0,0,0,1,1,4,4
74,cn5062,volume_payload_prepare,compute,6.9620999966e-05,1,0,0,0,0,0,0,0,0,0,0,0,0,0,0,0,0,0,0
74,cn5062,volume_payload_exchange,communication,0.0517803530001,1,0,0,0,0,0,0,8,0,0,0,0,0,0,0,1,1,932280,931080
74,cn5062,volume_exchange_unpack,compute,0.0858511059996,1,0,0,0,0,0,0,2677,0,0,0,0,0,0,0,0,0,0,0
74,cn5062,final_mesh_save,io,0,0,0,0,0,0,0,0,0,0,0,0,0,0,0,0,0,0,0,0
74,cn5062,testout_io,io,0,0,0,0,0,0,0,0,0,0,0,0,0,0,0,0,0,0,0,0
74,cn5062,final_count_exchange,communication,0,0,0,0,0,0,0,0,0,0,0,0,0,0,0,0,0,0,0,0
74,cn5062,quality_evaluation,postprocess,0,0,0,0,0,0,0,0,0,0,0,0,0,0,0,0,0,0,0,0
75,cn5063,geometry_load,io,1.743001304,1,0,0,0,0,0,0,5895,0,1035092,0,0,0,2,3,0,0,0,0
75,cn5063,coarse_local_size,setup,0.473904951,1,0,0,0,0,0,0,8196,0,0,0,0,0,109,22,0,0,0,0
75,cn5063,coarse_edge_mesh,setup,0.0123441699998,1,0,0,0,0,0,0,402,0,0,0,0,0,0,0,0,0,0,0
75,cn5063,coarse_surface_mesh,setup,8.215210188,1,0,0,0,0,0,0,15456,0,0,0,0,0,0,9,0,0,0,0
75,cn5063,coarse_volume_mesh,setup,13.351648262,1,0,0,0,0,0,0,23588,0,0,0,0,0,35770,1588779,0,0,0,0
75,cn5063,coarse_mesh_save,io,0,0,0,0,0,0,0,0,0,0,0,0,0,0,0,0,0,0,0,0
75,cn5063,submesh_initialization,setup,0.000129022000237,1,0,0,0,0,0,0,1,0,0,0,0,0,0,0,0,0,0,0
75,cn5063,metis_partition,compute,0.229563184,1,0,0,0,0,0,0,372,0,0,0,0,0,0,0,0,0,0,0
75,cn5063,face_map_setup,compute,0.00699757599978,1,0,0,0,0,0,0,227,0,0,0,0,0,0,0,0,0,0,0
75,cn5063,face_local_extract,compute,0.158214921,1,0,0,0,0,0,0,631,0,0,0,0,0,0,0,0,0,0,0
75,cn5063,face_pre_collective_wait,synchronization,0.0975250239999,1,0,0,0,0,0,0,1,0,0,0,0,0,0,1,0,0,0,0
75,cn5063,face_collective_setup,compute,0.000109282000267,1,0,0,0,0,0,0,16,0,0,0,0,0,0,0,0,0,0,0
75,cn5063,face_allgatherv,communication,0.0733580709998,1,0,0,0,0,0,0,1144,0,0,0,0,0,0,0,1,1,37904,4859624
75,cn5063,face_global_merge,compute,0.0812481990001,1,0,0,0,0,0,0,1547,0,0,0,0,0,0,0,0,0,0,0
75,cn5063,part_face_create,compute,0.0189568810001,1,0,0,0,0,0,0,316,0,0,0,0,0,0,0,0,0,0,0
75,cn5063,surface_refine,compute,0.00741194300008,1,0,0,0,0,0,0,268,0,0,0,0,0,0,0,0,0,0,0
75,cn5063,refined_surface_save,io,0,0,0,0,0,0,0,0,0,0,0,0,0,0,0,0,0,0,0,0
75,cn5063,local_volume_mesh,compute,7.922929919,1,0,0,0,0,0,0,1186,0,0,0,0,0,13585,618858,0,0,0,0
75,cn5063,volume_refine,compute,0.351566206,1,0,0,0,0,0,0,4260,0,0,0,0,0,0,0,0,0,0,0
75,cn5063,refined_volume_save,io,0,0,0,0,0,0,0,0,0,0,0,0,0,0,0,0,0,0,0,0
75,cn5063,adjacency_build,compute,0.00405959599993,1,0,0,0,0,0,0,0,0,0,0,0,0,0,0,0,0,0,0
75,cn5063,vertex_numbering_local,compute,0.0069564559999,1,0,0,0,0,0,0,1,0,0,0,0,0,0,0,0,0,0,0
75,cn5063,vertex_count_allgather,communication,3.631723715,1,0,0,0,0,0,0,108,0,0,0,0,0,0,4,1,1,4,512
75,cn5063,element_count_allgather,communication,0.000839911000185,1,0,0,0,0,0,0,2,0,0,0,0,0,0,0,1,1,4,512
75,cn5063,vertex_exchange_prepare,compute,6.70809999974e-05,1,0,0,0,0,0,0,34,0,0,0,0,0,0,0,0,0,0,0
75,cn5063,vertex_exchange,communication,0.011358837,1,0,0,0,0,0,0,36,0,0,0,0,0,0,0,0,3,0,114620
75,cn5063,vertex_exchange_unpack,compute,0.00269443699972,1,0,0,0,0,0,0,1090,0,0,0,0,0,0,0,0,0,0,0
75,cn5063,partition_result_io,io,0,0,0,0,0,0,0,0,0,0,0,0,0,0,0,0,0,0,0,0
75,cn5063,volume_exchange_pack,compute,0.114416776999,2,0,0,0,0,0,0,1715,0,0,0,0,0,0,0,0,0,0,0
75,cn5063,volume_size_exchange,communication,0.050914162,1,0,0,0,0,0,0,2,0,0,0,0,0,0,0,3,3,12,12
75,cn5063,volume_payload_prepare,compute,9.11410002118e-05,1,0,0,0,0,0,0,0,0,0,0,0,0,0,0,0,0,0,0
75,cn5063,volume_payload_exchange,communication,0.002890579,1,0,0,0,0,0,0,11,0,0,0,0,0,0,0,3,3,1209720,1208760
75,cn5063,volume_exchange_unpack,compute,0.0736227940001,1,0,0,0,0,0,0,2178,0,0,0,0,0,0,0,0,0,0,0
75,cn5063,final_mesh_save,io,0,0,0,0,0,0,0,0,0,0,0,0,0,0,0,0,0,0,0,0
75,cn5063,testout_io,io,0,0,0,0,0,0,0,0,0,0,0,0,0,0,0,0,0,0,0,0
75,cn5063,final_count_exchange,communication,0,0,0,0,0,0,0,0,0,0,0,0,0,0,0,0,0,0,0,0
75,cn5063,quality_evaluation,postprocess,0,0,0,0,0,0,0,0,0,0,0,0,0,0,0,0,0,0,0,0
76,cn5064,geometry_load,io,1.738757984,1,0,0,0,0,0,0,5073,0,1035092,0,0,0,2,2,0,0,0,0
76,cn5064,coarse_local_size,setup,0.450548083,1,0,0,0,0,0,0,7905,0,0,0,0,0,83,21,0,0,0,0
76,cn5064,coarse_edge_mesh,setup,0.0122437200002,1,0,0,0,0,0,0,524,0,0,0,0,0,0,0,0,0,0,0
76,cn5064,coarse_surface_mesh,setup,8.094025502,1,0,0,0,0,0,0,13746,0,0,0,0,0,0,9,0,0,0,0
76,cn5064,coarse_volume_mesh,setup,13.308353569,1,0,0,0,0,0,0,20625,0,0,0,0,0,37897,1525736,0,0,0,0
76,cn5064,coarse_mesh_save,io,0,0,0,0,0,0,0,0,0,0,0,0,0,0,0,0,0,0,0,0
76,cn5064,submesh_initialization,setup,0.000126960999751,1,0,0,0,0,0,0,1,0,0,0,0,0,0,0,0,0,0,0
76,cn5064,metis_partition,compute,0.227927846,1,0,0,0,0,0,0,57,0,0,0,0,0,0,1,0,0,0,0
76,cn5064,face_map_setup,compute,0.00661420699998,1,0,0,0,0,0,0,3,0,0,0,0,0,0,0,0,0,0,0
76,cn5064,face_local_extract,compute,0.150089907,1,0,0,0,0,0,0,24,0,0,0,0,0,0,0,0,0,0,0
76,cn5064,face_pre_collective_wait,synchronization,0.107684191,1,0,0,0,0,0,0,26,0,0,0,0,0,0,0,0,0,0,0
76,cn5064,face_collective_setup,compute,0.000127941000301,1,0,0,0,0,0,0,38,0,0,0,0,0,0,0,0,0,0,0
76,cn5064,face_allgatherv,communication,0.0732411990002,1,0,0,0,0,0,0,49,0,0,0,0,0,0,0,1,1,37904,4859624
76,cn5064,face_global_merge,compute,0.073498363,1,0,0,0,0,0,0,5,0,0,0,0,0,0,0,0,0,0,0
76,cn5064,part_face_create,compute,0.01835084,1,0,0,0,0,0,0,265,0,0,0,0,0,0,0,0,0,0,0
76,cn5064,surface_refine,compute,0.00940492300015,1,0,0,0,0,0,0,2,0,0,0,0,0,0,0,0,0,0,0
76,cn5064,refined_surface_save,io,0,0,0,0,0,0,0,0,0,0,0,0,0,0,0,0,0,0,0,0
76,cn5064,local_volume_mesh,compute,9.33775428,1,0,0,0,0,0,0,1090,0,0,0,0,0,15557,801969,0,0,0,0
76,cn5064,volume_refine,compute,0.438667028,1,0,0,0,0,0,0,4362,0,0,0,0,0,0,1,0,0,0,0
76,cn5064,refined_volume_save,io,0,0,0,0,0,0,0,0,0,0,0,0,0,0,0,0,0,0,0,0
76,cn5064,adjacency_build,compute,0.00408443300012,1,0,0,0,0,0,0,0,0,0,0,0,0,0,0,0,0,0,0
76,cn5064,vertex_numbering_local,compute,0.00936688299998,1,0,0,0,0,0,0,1,0,0,0,0,0,0,0,0,0,0,0
76,cn5064,vertex_count_allgather,communication,2.13446807,1,0,0,0,0,0,0,63,0,0,0,0,0,0,2,1,1,4,512
76,cn5064,element_count_allgather,communication,0.000790969999798,1,0,0,0,0,0,0,3,0,0,0,0,0,0,0,1,1,4,512
76,cn5064,vertex_exchange_prepare,compute,2.80200001725e-05,1,0,0,0,0,0,0,7,0,0,0,0,0,0,0,0,0,0,0
76,cn5064,vertex_exchange,communication,0.00185388399996,1,0,0,0,0,0,0,33,0,0,0,0,0,0,0,5,4,64416,65164
76,cn5064,vertex_exchange_unpack,compute,0.000983593000001,1,0,0,0,0,0,0,60,0,0,0,0,0,0,0,0,0,0,0
76,cn5064,partition_result_io,io,0,0,0,0,0,0,0,0,0,0,0,0,0,0,0,0,0,0,0,0
76,cn5064,volume_exchange_pack,compute,0.131560104,2,0,0,0,0,0,0,491,0,0,0,0,0,0,0,0,0,0,0
76,cn5064,volume_size_exchange,communication,0.071889802,1,0,0,0,0,0,0,1,0,0,0,0,0,0,0,5,5,20,20
76,cn5064,volume_payload_prepare,compute,0.00010100199961,1,0,0,0,0,0,0,0,0,0,0,0,0,0,0,0,0,0,0
76,cn5064,volume_payload_exchange,communication,0.0027705159996,1,0,0,0,0,0,0,4,0,0,0,0,0,0,0,5,5,1361280,1359840
76,cn5064,volume_exchange_unpack,compute,0.0964678639998,1,0,0,0,0,0,0,3197,0,0,0,0,0,0,0,0,0,0,0
76,cn5064,final_mesh_save,io,0,0,0,0,0,0,0,0,0,0,0,0,0,0,0,0,0,0,0,0
76,cn5064,testout_io,io,0,0,0,0,0,0,0,0,0,0,0,0,0,0,0,0,0,0,0,0
76,cn5064,final_count_exchange,communication,0,0,0,0,0,0,0,0,0,0,0,0,0,0,0,0,0,0,0,0
76,cn5064,quality_evaluation,postprocess,0,0,0,0,0,0,0,0,0,0,0,0,0,0,0,0,0,0,0,0
77,cn5065,geometry_load,io,1.742380697,1,0,0,0,0,0,0,5897,0,1035092,0,0,0,2,4,0,0,0,0
77,cn5065,coarse_local_size,setup,0.481145468,1,0,0,0,0,0,0,8489,0,0,0,0,0,106,23,0,0,0,0
77,cn5065,coarse_edge_mesh,setup,0.0126850669999,1,0,0,0,0,0,0,523,0,0,0,0,0,0,0,0,0,0,0
77,cn5065,coarse_surface_mesh,setup,8.106850356,1,0,0,0,0,0,0,9233,0,0,0,0,0,0,10,0,0,0,0
77,cn5065,coarse_volume_mesh,setup,13.319413716,1,0,0,0,0,0,0,25738,0,0,0,0,0,37545,1564472,0,0,0,0
77,cn5065,coarse_mesh_save,io,0,0,0,0,0,0,0,0,0,0,0,0,0,0,0,0,0,0,0,0
77,cn5065,submesh_initialization,setup,0.000156462000177,1,0,0,0,0,0,0,26,0,0,0,0,0,0,0,0,0,0,0
77,cn5065,metis_partition,compute,0.237562959,1,0,0,0,0,0,0,1144,0,0,0,0,0,0,0,0,0,0,0
77,cn5065,face_map_setup,compute,0.00744960600014,1,0,0,0,0,0,0,483,0,0,0,0,0,0,0,0,0,0,0
77,cn5065,face_local_extract,compute,0.160382763,1,0,0,0,0,0,0,830,0,0,0,0,0,0,1,0,0,0,0
77,cn5065,face_pre_collective_wait,synchronization,0.0868461089999,1,0,0,0,0,0,0,1,0,0,0,0,0,0,0,0,0,0,0
77,cn5065,face_collective_setup,compute,0.00010310100015,1,0,0,0,0,0,0,16,0,0,0,0,0,0,0,0,0,0,0
77,cn5065,face_allgatherv,communication,0.0731842099999,1,0,0,0,0,0,0,636,0,0,0,0,0,0,0,1,1,37904,4859624
77,cn5065,face_global_merge,compute,0.0785197710002,1,0,0,0,0,0,0,529,0,0,0,0,0,0,0,0,0,0,0
77,cn5065,part_face_create,compute,0.018817698,1,0,0,0,0,0,0,3,0,0,0,0,0,0,0,0,0,0,0
77,cn5065,surface_refine,compute,0.0101140380002,1,0,0,0,0,0,0,49,0,0,0,0,0,0,0,0,0,0,0
77,cn5065,refined_surface_save,io,0,0,0,0,0,0,0,0,0,0,0,0,0,0,0,0,0,0,0,0
77,cn5065,local_volume_mesh,compute,9.14993359,1,0,0,0,0,0,0,4046,0,0,0,0,0,15775,720613,0,0,0,0
77,cn5065,volume_refine,compute,0.478497117,1,0,0,0,0,0,0,7332,0,0,0,0,0,0,0,0,0,0,0
77,cn5065,refined_volume_save,io,0,0,0,0,0,0,0,0,0,0,0,0,0,0,0,0,0,0,0,0
77,cn5065,adjacency_build,compute,0.00435315000004,1,0,0,0,0,0,0,3,0,0,0,0,0,0,0,0,0,0,0
77,cn5065,vertex_numbering_local,compute,0.0121051609999,1,0,0,0,0,0,0,185,0,0,0,0,0,0,0,0,0,0,0
77,cn5065,vertex_count_allgather,communication,2.272875578,1,0,0,0,0,0,0,84,0,0,0,0,0,0,3,1,1,4,512
77,cn5065,element_count_allgather,communication,0.000733709000087,1,0,0,0,0,0,0,0,0,0,0,0,0,0,0,1,1,4,512
77,cn5065,vertex_exchange_prepare,compute,0.000122502000067,1,0,0,0,0,0,0,31,0,0,0,0,0,0,0,0,0,0,0
77,cn5065,vertex_exchange,communication,0.0111978099999,1,0,0,0,0,0,0,41,0,0,0,0,0,0,0,5,5,65406,116930
77,cn5065,vertex_exchange_unpack,compute,0.00167561900025,1,0,0,0,0,0,0,0,0,0,0,0,0,0,0,0,0,0,0
77,cn5065,partition_result_io,io,0,0,0,0,0,0,0,0,0,0,0,0,0,0,0,0,0,0,0,0
77,cn5065,volume_exchange_pack,compute,0.16011664,2,0,0,0,0,0,0,764,0,0,0,0,0,0,0,0,0,0,0
77,cn5065,volume_size_exchange,communication,0.0334439889998,1,0,0,0,0,0,0,1,0,0,0,0,0,0,0,6,6,24,24
77,cn5065,volume_payload_prepare,compute,0.000307982999857,1,0,0,0,0,0,0,102,0,0,0,0,0,0,0,0,0,0,0
77,cn5065,volume_payload_exchange,communication,0.00254408899991,1,0,0,0,0,0,0,320,0,0,0,0,0,0,0,6,6,1922520,1922040
77,cn5065,volume_exchange_unpack,compute,0.115204778,1,0,0,0,0,0,0,4818,0,0,0,0,0,0,0,0,0,0,0
77,cn5065,final_mesh_save,io,0,0,0,0,0,0,0,0,0,0,0,0,0,0,0,0,0,0,0,0
77,cn5065,testout_io,io,0,0,0,0,0,0,0,0,0,0,0,0,0,0,0,0,0,0,0,0
77,cn5065,final_count_exchange,communication,0,0,0,0,0,0,0,0,0,0,0,0,0,0,0,0,0,0,0,0
77,cn5065,quality_evaluation,postprocess,0,0,0,0,0,0,0,0,0,0,0,0,0,0,0,0,0,0,0,0
78,cn5066,geometry_load,io,1.725290499,1,0,0,0,0,0,0,5894,0,1035092,0,0,0,2,3,0,0,0,0
78,cn5066,coarse_local_size,setup,0.462106496,1,0,0,0,0,0,0,8384,0,0,0,0,0,108,21,0,0,0,0
78,cn5066,coarse_edge_mesh,setup,0.0126244930002,1,0,0,0,0,0,0,508,0,0,0,0,0,0,0,0,0,0,0
78,cn5066,coarse_surface_mesh,setup,8.04195078,1,0,0,0,0,0,0,10458,0,0,0,0,0,0,9,0,0,0,0
78,cn5066,coarse_volume_mesh,setup,13.383315694,1,0,0,0,0,0,0,20883,0,0,0,0,0,38373,1781336,0,0,0,0
78,cn5066,coarse_mesh_save,io,0,0,0,0,0,0,0,0,0,0,0,0,0,0,0,0,0,0,0,0
78,cn5066,submesh_initialization,setup,0.000131000999772,1,0,0,0,0,0,0,12,0,0,0,0,0,0,0,0,0,0,0
78,cn5066,metis_partition,compute,0.226739416,1,0,0,0,0,0,0,532,0,0,0,0,0,0,0,0,0,0,0
78,cn5066,face_map_setup,compute,0.00705512500008,1,0,0,0,0,0,0,372,0,0,0,0,0,0,0,0,0,0,0
78,cn5066,face_local_extract,compute,0.159505444,1,0,0,0,0,0,0,865,0,0,0,0,0,0,0,0,0,0,0
78,cn5066,face_pre_collective_wait,synchronization,0.0989725739996,1,0,0,0,0,0,0,22,0,0,0,0,0,0,1,0,0,0,0
78,cn5066,face_collective_setup,compute,0.000111121999907,1,0,0,0,0,0,0,16,0,0,0,0,0,0,0,0,0,0,0
78,cn5066,face_allgatherv,communication,0.0730996419998,1,0,0,0,0,0,0,638,0,0,0,0,0,0,0,1,1,37904,4859624
78,cn5066,face_global_merge,compute,0.0746614209997,1,0,0,0,0,0,0,173,0,0,0,0,0,0,0,0,0,0,0
78,cn5066,part_face_create,compute,0.0180280969998,1,0,0,0,0,0,0,26,0,0,0,0,0,0,0,0,0,0,0
78,cn5066,surface_refine,compute,0.00847752299978,1,0,0,0,0,0,0,44,0,0,0,0,0,0,0,0,0,0,0
78,cn5066,refined_surface_save,io,0,0,0,0,0,0,0,0,0,0,0,0,0,0,0,0,0,0,0,0
78,cn5066,local_volume_mesh,compute,7.479278551,1,0,0,0,0,0,0,1866,0,0,0,0,0,7726,484956,0,0,0,0
78,cn5066,volume_refine,compute,0.385529412,1,0,0,0,0,0,0,8122,0,0,0,0,0,0,1,0,0,0,0
78,cn5066,refined_volume_save,io,0,0,0,0,0,0,0,0,0,0,0,0,0,0,0,0,0,0,0,0
78,cn5066,adjacency_build,compute,0.00435235300029,1,0,0,0,0,0,0,29,0,0,0,0,0,0,0,0,0,0,0
78,cn5066,vertex_numbering_local,compute,0.0121115259999,1,0,0,0,0,0,0,372,0,0,0,0,0,0,0,0,0,0,0
78,cn5066,vertex_count_allgather,communication,4.043101188,1,0,0,0,0,0,0,79,0,0,0,0,0,0,4,1,1,4,512
78,cn5066,element_count_allgather,communication,0.000888851000127,1,0,0,0,0,0,0,0,0,0,0,0,0,0,0,1,1,4,512
78,cn5066,vertex_exchange_prepare,compute,0.000188942000023,1,0,0,0,0,0,0,54,0,0,0,0,0,0,0,0,0,0,0
78,cn5066,vertex_exchange,communication,0.0119578250001,1,0,0,0,0,0,0,51,0,0,0,0,0,0,0,2,8,40810,205062
78,cn5066,vertex_exchange_unpack,compute,0.00285249399985,1,0,0,0,0,0,0,0,0,0,0,0,0,0,0,0,0,0,0
78,cn5066,partition_result_io,io,0,0,0,0,0,0,0,0,0,0,0,0,0,0,0,0,0,0,0,0
78,cn5066,volume_exchange_pack,compute,0.14421082,2,0,0,0,0,0,0,1461,0,0,0,0,0,0,0,0,0,0,0
78,cn5066,volume_size_exchange,communication,0.0469255059998,1,0,0,0,0,0,0,2,0,0,0,0,0,0,0,9,9,36,36
78,cn5066,volume_payload_prepare,compute,0.000372505000087,1,0,0,0,0,0,0,102,0,0,0,0,0,0,0,0,0,0,0
78,cn5066,volume_payload_exchange,communication,0.00252793000027,1,0,0,0,0,0,0,300,0,0,0,0,0,0,0,9,9,2629680,2648640
78,cn5066,volume_exchange_unpack,compute,0.109936386,1,0,0,0,0,0,0,3319,0,0,0,0,0,0,0,0,0,0,0
78,cn5066,final_mesh_save,io,0,0,0,0,0,0,0,0,0,0,0,0,0,0,0,0,0,0,0,0
78,cn5066,testout_io,io,0,0,0,0,0,0,0,0,0,0,0,0,0,0,0,0,0,0,0,0
78,cn5066,final_count_exchange,communication,0,0,0,0,0,0,0,0,0,0,0,0,0,0,0,0,0,0,0,0
78,cn5066,quality_evaluation,postprocess,0,0,0,0,0,0,0,0,0,0,0,0,0,0,0,0,0,0,0,0
79,cn5067,geometry_load,io,1.772866778,1,0,0,0,0,0,0,5896,0,1035092,0,0,0,2,2,0,0,0,0
79,cn5067,coarse_local_size,setup,0.472065894,1,0,0,0,0,0,0,8410,0,0,0,0,0,100,23,0,0,0,0
79,cn5067,coarse_edge_mesh,setup,0.012665706,1,0,0,0,0,0,0,509,0,0,0,0,0,0,0,0,0,0,0
79,cn5067,coarse_surface_mesh,setup,8.242527586,1,0,0,0,0,0,0,19244,0,0,0,0,0,0,10,0,0,0,0
79,cn5067,coarse_volume_mesh,setup,13.376000944,1,0,0,0,0,0,0,28480,0,0,0,0,0,36332,1586159,0,0,0,0
79,cn5067,coarse_mesh_save,io,0,0,0,0,0,0,0,0,0,0,0,0,0,0,0,0,0,0,0,0
79,cn5067,submesh_initialization,setup,0.000132801999825,1,0,0,0,0,0,0,5,0,0,0,0,0,0,0,0,0,0,0
79,cn5067,metis_partition,compute,0.234987353,1,0,0,0,0,0,0,453,0,0,0,0,0,0,1,0,0,0,0
79,cn5067,face_map_setup,compute,0.00717587499958,1,0,0,0,0,0,0,222,0,0,0,0,0,0,0,0,0,0,0
79,cn5067,face_local_extract,compute,0.158899372,1,0,0,0,0,0,0,684,0,0,0,0,0,0,0,0,0,0,0
79,cn5067,face_pre_collective_wait,synchronization,0.0912314010002,1,0,0,0,0,0,0,1,0,0,0,0,0,0,0,0,0,0,0
79,cn5067,face_collective_setup,compute,0.000111241000013,1,0,0,0,0,0,0,16,0,0,0,0,0,0,0,0,0,0,0
79,cn5067,face_allgatherv,communication,0.0731360629998,1,0,0,0,0,0,0,1240,0,0,0,0,0,0,0,1,1,37904,4859624
79,cn5067,face_global_merge,compute,0.0785070530001,1,0,0,0,0,0,0,253,0,0,0,0,0,0,0,0,0,0,0
79,cn5067,part_face_create,compute,0.018829908,1,0,0,0,0,0,0,3,0,0,0,0,0,0,0,0,0,0,0
79,cn5067,surface_refine,compute,0.009912171,1,0,0,0,0,0,0,49,0,0,0,0,0,0,0,0,0,0,0
79,cn5067,refined_surface_save,io,0,0,0,0,0,0,0,0,0,0,0,0,0,0,0,0,0,0,0,0
79,cn5067,local_volume_mesh,compute,8.88389929,1,0,0,0,0,0,0,4878,0,0,0,0,0,10312,686632,0,0,0,0
79,cn5067,volume_refine,compute,0.482803776,1,0,0,0,0,0,0,4656,0,0,0,0,0,0,0,0,0,0,0
79,cn5067,refined_volume_save,io,0,0,0,0,0,0,0,0,0,0,0,0,0,0,0,0,0,0,0,0
79,cn5067,adjacency_build,compute,0.00399855299975,1,0,0,0,0,0,0,0,0,0,0,0,0,0,0,0,0,0,0
79,cn5067,vertex_numbering_local,compute,0.00940536299959,1,0,0,0,0,0,0,187,0,0,0,0,0,0,0,0,0,0,0
79,cn5067,vertex_count_allgather,communication,2.537901549,1,0,0,0,0,0,0,114,0,0,0,0,0,0,3,1,1,4,512
79,cn5067,element_count_allgather,communication,0.00075637000009,1,0,0,0,0,0,0,6,0,0,0,0,0,0,0,1,1,4,512
79,cn5067,vertex_exchange_prepare,compute,0.00011890199994,1,0,0,0,0,0,0,31,0,0,0,0,0,0,0,0,0,0,0
79,cn5067,vertex_exchange,communication,0.020360388,1,0,0,0,0,0,0,751,0,0,0,0,0,0,0,0,5,0,110902
79,cn5067,vertex_exchange_unpack,compute,0.00224340900013,1,0,0,0,0,0,0,661,0,0,0,0,0,0,0,0,0,0,0
79,cn5067,partition_result_io,io,0,0,0,0,0,0,0,0,0,0,0,0,0,0,0,0,0,0,0,0
79,cn5067,volume_exchange_pack,compute,0.153774124,2,0,0,0,0,0,0,1382,0,0,0,0,0,0,0,0,0,0,0
79,cn5067,volume_size_exchange,communication,0.0297296110002,1,0,0,0,0,0,0,3,0,0,0,0,0,0,0,5,5,20,20
79,cn5067,volume_payload_prepare,compute,0.000238463000187,1,0,0,0,0,0,0,68,0,0,0,0,0,0,0,0,0,0,0
79,cn5067,volume_payload_exchange,communication,0.00266457499993,1,0,0,0,0,0,0,181,0,0,0,0,0,0,0,5,5,1182480,1176960
79,cn5067,volume_exchange_unpack,compute,0.102962535,1,0,0,0,0,0,0,4899,0,0,0,0,0,0,0,0,0,0,0
79,cn5067,final_mesh_save,io,0,0,0,0,0,0,0,0,0,0,0,0,0,0,0,0,0,0,0,0
79,cn5067,testout_io,io,0,0,0,0,0,0,0,0,0,0,0,0,0,0,0,0,0,0,0,0
79,cn5067,final_count_exchange,communication,0,0,0,0,0,0,0,0,0,0,0,0,0,0,0,0,0,0,0,0
79,cn5067,quality_evaluation,postprocess,0,0,0,0,0,0,0,0,0,0,0,0,0,0,0,0,0,0,0,0
80,cn5068,geometry_load,io,1.732505641,1,0,0,0,0,0,0,4454,0,1035092,0,0,0,2,2,0,0,0,0
80,cn5068,coarse_local_size,setup,0.456928502,1,0,0,0,0,0,0,8258,0,0,0,0,0,99,21,0,0,0,0
80,cn5068,coarse_edge_mesh,setup,0.0121605109998,1,0,0,0,0,0,0,518,0,0,0,0,0,0,0,0,0,0,0
80,cn5068,coarse_surface_mesh,setup,8.02618797,1,0,0,0,0,0,0,11094,0,0,0,0,0,0,9,0,0,0,0
80,cn5068,coarse_volume_mesh,setup,13.325779052,1,0,0,0,0,0,0,25281,0,0,0,0,0,36211,1545708,0,0,0,0
80,cn5068,coarse_mesh_save,io,0,0,0,0,0,0,0,0,0,0,0,0,0,0,0,0,0,0,0,0
80,cn5068,submesh_initialization,setup,0.000173881999672,1,0,0,0,0,0,0,52,0,0,0,0,0,0,0,0,0,0,0
80,cn5068,metis_partition,compute,0.24137742,1,0,0,0,0,0,0,1744,0,0,0,0,0,0,0,0,0,0,0
80,cn5068,face_map_setup,compute,0.00728991799997,1,0,0,0,0,0,0,486,0,0,0,0,0,0,0,0,0,0,0
80,cn5068,face_local_extract,compute,0.162413029,1,0,0,0,0,0,0,904,0,0,0,0,0,0,1,0,0,0,0
80,cn5068,face_pre_collective_wait,synchronization,0.0810912339998,1,0,0,0,0,0,0,22,0,0,0,0,0,0,0,0,0,0,0
80,cn5068,face_collective_setup,compute,0.000111261000256,1,0,0,0,0,0,0,16,0,0,0,0,0,0,0,0,0,0,0
80,cn5068,face_allgatherv,communication,0.074846126,1,0,0,0,0,0,0,739,0,0,0,0,0,0,0,1,1,37904,4859624
80,cn5068,face_global_merge,compute,0.079150992,1,0,0,0,0,0,0,612,0,0,0,0,0,0,0,0,0,0,0
80,cn5068,part_face_create,compute,0.0189819249999,1,0,0,0,0,0,0,20,0,0,0,0,0,0,0,0,0,0,0
80,cn5068,surface_refine,compute,0.0108003360001,1,0,0,0,0,0,0,56,0,0,0,0,0,0,0,0,0,0,0
80,cn5068,refined_surface_save,io,0,0,0,0,0,0,0,0,0,0,0,0,0,0,0,0,0,0,0,0
80,cn5068,local_volume_mesh,compute,9.607640765,1,0,0,0,0,0,0,4145,0,0,0,0,0,10866,705095,0,0,0,0
80,cn5068,volume_refine,compute,0.670049177,1,0,0,0,0,0,0,6075,0,0,0,0,0,0,1,0,0,0,0
80,cn5068,refined_volume_save,io,0,0,0,0,0,0,0,0,0,0,0,0,0,0,0,0,0,0,0,0
80,cn5068,adjacency_build,compute,0.00427428600005,1,0,0,0,0,0,0,7,0,0,0,0,0,0,0,0,0,0,0
80,cn5068,vertex_numbering_local,compute,0.00907733800022,1,0,0,0,0,0,0,2,0,0,0,0,0,0,0,0,0,0,0
80,cn5068,vertex_count_allgather,communication,1.623534127,1,0,0,0,0,0,0,49,0,0,0,0,0,0,2,1,1,4,512
80,cn5068,element_count_allgather,communication,0.000696267999956,1,0,0,0,0,0,0,0,0,0,0,0,0,0,0,1,1,4,512
80,cn5068,vertex_exchange_prepare,compute,1.35800000862e-05,1,0,0,0,0,0,0,0,0,0,0,0,0,0,0,0,0,0,0
80,cn5068,vertex_exchange,communication,0.00201058199991,1,0,0,0,0,0,0,19,0,0,0,0,0,0,0,4,3,68134,19030
80,cn5068,vertex_exchange_unpack,compute,0.000310622999677,1,0,0,0,0,0,0,0,0,0,0,0,0,0,0,0,0,0,0
80,cn5068,partition_result_io,io,0,0,0,0,0,0,0,0,0,0,0,0,0,0,0,0,0,0,0,0
80,cn5068,volume_exchange_pack,compute,0.177217209,2,0,0,0,0,0,0,2,0,0,0,0,0,0,0,0,0,0,0
80,cn5068,volume_size_exchange,communication,0.0292702350002,1,0,0,0,0,0,0,0,0,0,0,0,0,0,0,4,4,16,16
80,cn5068,volume_payload_prepare,compute,0.000100260999716,1,0,0,0,0,0,0,9,0,0,0,0,0,0,0,0,0,0,0
80,cn5068,volume_payload_exchange,communication,0.00236316500013,1,0,0,0,0,0,0,19,0,0,0,0,0,0,0,4,4,893400,896880
80,cn5068,volume_exchange_unpack,compute,0.122932824,1,0,0,0,0,0,0,5823,0,0,0,0,0,0,0,0,0,0,0
80,cn5068,final_mesh_save,io,0,0,0,0,0,0,0,0,0,0,0,0,0,0,0,0,0,0,0,0
80,cn5068,testout_io,io,0,0,0,0,0,0,0,0,0,0,0,0,0,0,0,0,0,0,0,0
80,cn5068,final_count_exchange,communication,0,0,0,0,0,0,0,0,0,0,0,0,0,0,0,0,0,0,0,0
80,cn5068,quality_evaluation,postprocess,0,0,0,0,0,0,0,0,0,0,0,0,0,0,0,0,0,0,0,0
81,cn5069,geometry_load,io,1.735956603,1,0,0,0,0,0,0,5895,0,1035092,0,0,0,2,4,0,0,0,0
81,cn5069,coarse_local_size,setup,0.473130419,1,0,0,0,0,0,0,8419,0,0,0,0,0,120,24,0,0,0,0
81,cn5069,coarse_edge_mesh,setup,0.0126436699998,1,0,0,0,0,0,0,490,0,0,0,0,0,0,0,0,0,0,0
81,cn5069,coarse_surface_mesh,setup,8.246111142,1,0,0,0,0,0,0,17247,0,0,0,0,0,0,13,0,0,0,0
81,cn5069,coarse_volume_mesh,setup,13.256602314,1,0,0,0,0,0,0,28291,0,0,0,0,0,34139,1518184,0,0,0,0
81,cn5069,coarse_mesh_save,io,0,0,0,0,0,0,0,0,0,0,0,0,0,0,0,0,0,0,0,0
81,cn5069,submesh_initialization,setup,0.000178761999905,1,0,0,0,0,0,0,58,0,0,0,0,0,0,0,0,0,0,0
81,cn5069,metis_partition,compute,0.24596751,1,0,0,0,0,0,0,2131,0,0,0,0,0,0,0,0,0,0,0
81,cn5069,face_map_setup,compute,0.00764191000007,1,0,0,0,0,0,0,596,0,0,0,0,0,0,0,0,0,0,0
81,cn5069,face_local_extract,compute,0.157782907,1,0,0,0,0,0,0,777,0,0,0,0,0,0,0,0,0,0,0
81,cn5069,face_pre_collective_wait,synchronization,0.0807152349998,1,0,0,0,0,0,0,23,0,0,0,0,0,0,1,0,0,0,0
81,cn5069,face_collective_setup,compute,0.000112580999939,1,0,0,0,0,0,0,16,0,0,0,0,0,0,0,0,0,0,0
81,cn5069,face_allgatherv,communication,0.0748573860001,1,0,0,0,0,0,0,1151,0,0,0,0,0,0,0,1,1,37904,4859624
81,cn5069,face_global_merge,compute,0.0786614509998,1,0,0,0,0,0,0,517,0,0,0,0,0,0,0,0,0,0,0
81,cn5069,part_face_create,compute,0.0193008680003,1,0,0,0,0,0,0,26,0,0,0,0,0,0,0,0,0,0,0
81,cn5069,surface_refine,compute,0.0110306910001,1,0,0,0,0,0,0,51,0,0,0,0,0,0,0,0,0,0,0
81,cn5069,refined_surface_save,io,0,0,0,0,0,0,0,0,0,0,0,0,0,0,0,0,0,0,0,0
81,cn5069,local_volume_mesh,compute,8.178540382,1,0,0,0,0,0,0,4580,0,0,0,0,0,10867,588042,0,0,0,0
81,cn5069,volume_refine,compute,0.518678538,1,0,0,0,0,0,0,7166,0,0,0,0,0,0,0,0,0,0,0
81,cn5069,refined_volume_save,io,0,0,0,0,0,0,0,0,0,0,0,0,0,0,0,0,0,0,0,0
81,cn5069,adjacency_build,compute,0.00453785400032,1,0,0,0,0,0,0,13,0,0,0,0,0,0,0,0,0,0,0
81,cn5069,vertex_numbering_local,compute,0.0127375710003,1,0,0,0,0,0,0,9,0,0,0,0,0,0,0,0,0,0,0
81,cn5069,vertex_count_allgather,communication,3.199897187,1,0,0,0,0,0,0,39,0,0,0,0,0,0,5,1,1,4,512
81,cn5069,element_count_allgather,communication,0.000741508999909,1,0,0,0,0,0,0,0,0,0,0,0,0,0,0,1,1,4,512
81,cn5069,vertex_exchange_prepare,compute,2.66600000032e-05,1,0,0,0,0,0,0,0,0,0,0,0,0,0,0,0,0,0,0
81,cn5069,vertex_exchange,communication,0.0208131869999,1,0,0,0,0,0,0,556,0,0,0,0,0,0,0,11,9,157454,53372
81,cn5069,vertex_exchange_unpack,compute,0.000847129999784,1,0,0,0,0,0,0,0,0,0,0,0,0,0,0,0,0,0,0
81,cn5069,partition_result_io,io,0,0,0,0,0,0,0,0,0,0,0,0,0,0,0,0,0,0,0,0
81,cn5069,volume_exchange_pack,compute,0.187402957,2,0,0,0,0,0,0,2,0,0,0,0,0,0,0,0,0,0,0
81,cn5069,volume_size_exchange,communication,5.12410001647e-05,1,0,0,0,0,0,0,0,0,0,0,0,0,0,0,11,11,44,44
81,cn5069,volume_payload_prepare,compute,0.000162122000347,1,0,0,0,0,0,0,0,0,0,0,0,0,0,0,0,0,0,0
81,cn5069,volume_payload_exchange,communication,0.00282817300013,1,0,0,0,0,0,0,24,0,0,0,0,0,0,0,11,11,2199600,2185680
81,cn5069,volume_exchange_unpack,compute,0.127688731,1,0,0,0,0,0,0,4692,0,0,0,0,0,0,0,0,0,0,0
81,cn5069,final_mesh_save,io,0,0,0,0,0,0,0,0,0,0,0,0,0,0,0,0,0,0,0,0
81,cn5069,testout_io,io,0,0,0,0,0,0,0,0,0,0,0,0,0,0,0,0,0,0,0,0
81,cn5069,final_count_exchange,communication,0,0,0,0,0,0,0,0,0,0,0,0,0,0,0,0,0,0,0,0
81,cn5069,quality_evaluation,postprocess,0,0,0,0,0,0,0,0,0,0,0,0,0,0,0,0,0,0,0,0
82,cn5070,geometry_load,io,1.714995755,1,0,0,0,0,0,0,5895,0,1035092,0,0,0,2,3,0,0,0,0
82,cn5070,coarse_local_size,setup,0.449556909,1,0,0,0,0,0,0,7939,0,0,0,0,0,106,20,0,0,0,0
82,cn5070,coarse_edge_mesh,setup,0.0126585460002,1,0,0,0,0,0,0,490,0,0,0,0,0,0,0,0,0,0,0
82,cn5070,coarse_surface_mesh,setup,8.196312844,1,0,0,0,0,0,0,10503,0,0,0,0,0,0,11,0,0,0,0
82,cn5070,coarse_volume_mesh,setup,13.467398544,1,0,0,0,0,0,0,21760,0,0,0,0,0,40415,1726315,0,0,0,0
82,cn5070,coarse_mesh_save,io,0,0,0,0,0,0,0,0,0,0,0,0,0,0,0,0,0,0,0,0
82,cn5070,submesh_initialization,setup,0.000116842000352,1,0,0,0,0,0,0,1,0,0,0,0,0,0,0,0,0,0,0
82,cn5070,metis_partition,compute,0.224530231,1,0,0,0,0,0,0,58,0,0,0,0,0,0,0,0,0,0,0
82,cn5070,face_map_setup,compute,0.00667147700005,1,0,0,0,0,0,0,3,0,0,0,0,0,0,0,0,0,0,0
82,cn5070,face_local_extract,compute,0.154138899,1,0,0,0,0,0,0,108,0,0,0,0,0,0,0,0,0,0,0
82,cn5070,face_pre_collective_wait,synchronization,0.106956394,1,0,0,0,0,0,0,1,0,0,0,0,0,0,0,0,0,0,0
82,cn5070,face_collective_setup,compute,0.000109221999992,1,0,0,0,0,0,0,16,0,0,0,0,0,0,0,0,0,0,0
82,cn5070,face_allgatherv,communication,0.0747961830002,1,0,0,0,0,0,0,1146,0,0,0,0,0,0,0,1,1,37904,4859624
82,cn5070,face_global_merge,compute,0.0745475210001,1,0,0,0,0,0,0,169,0,0,0,0,0,0,0,0,0,0,0
82,cn5070,part_face_create,compute,0.0178302649997,1,0,0,0,0,0,0,3,0,0,0,0,0,0,0,0,0,0,0
82,cn5070,surface_refine,compute,0.0101580369997,1,0,0,0,0,0,0,46,0,0,0,0,0,0,1,0,0,0,0
82,cn5070,refined_surface_save,io,0,0,0,0,0,0,0,0,0,0,0,0,0,0,0,0,0,0,0,0
82,cn5070,local_volume_mesh,compute,9.271782177,1,0,0,0,0,0,0,2835,0,0,0,0,0,15710,719570,0,0,0,0
82,cn5070,volume_refine,compute,0.411652332,1,0,0,0,0,0,0,4055,0,0,0,0,0,0,0,0,0,0,0
82,cn5070,refined_volume_save,io,0,0,0,0,0,0,0,0,0,0,0,0,0,0,0,0,0,0,0,0
82,cn5070,adjacency_build,compute,0.00400030599985,1,0,0,0,0,0,0,0,0,0,0,0,0,0,0,0,0,0,0
82,cn5070,vertex_numbering_local,compute,0.00935452799968,1,0,0,0,0,0,0,2,0,0,0,0,0,0,0,0,0,0,0
82,cn5070,vertex_count_allgather,communication,2.224526036,1,0,0,0,0,0,0,112,0,0,0,0,0,0,7,1,1,4,512
82,cn5070,element_count_allgather,communication,0.000785368999914,1,0,0,0,0,0,0,1,0,0,0,0,0,0,0,1,1,4,512
82,cn5070,vertex_exchange_prepare,compute,1.81599998541e-05,1,0,0,0,0,0,0,4,0,0,0,0,0,0,0,0,0,0,0
82,cn5070,vertex_exchange,communication,0.00261945000011,1,0,0,0,0,0,0,36,0,0,0,0,0,0,0,5,3,150568,9680
82,cn5070,vertex_exchange_unpack,compute,0.000184222000371,1,0,0,0,0,0,0,23,0,0,0,0,0,0,0,0,0,0,0
82,cn5070,partition_result_io,io,0,0,0,0,0,0,0,0,0,0,0,0,0,0,0,0,0,0,0,0
82,cn5070,volume_exchange_pack,compute,0.12568415,2,0,0,0,0,0,0,774,0,0,0,0,0,0,1,0,0,0,0
82,cn5070,volume_size_exchange,communication,0.0809167739999,1,0,0,0,0,0,0,1,0,0,0,0,0,0,0,5,5,20,20
82,cn5070,volume_payload_prepare,compute,0.000179321999894,1,0,0,0,0,0,0,34,0,0,0,0,0,0,0,0,0,0,0
82,cn5070,volume_payload_exchange,communication,0.00271531099997,1,0,0,0,0,0,0,189,0,0,0,0,0,0,0,5,5,1673040,1668120
82,cn5070,volume_exchange_unpack,compute,0.103382893,1,0,0,0,0,0,0,4179,0,0,0,0,0,0,0,0,0,0,0
82,cn5070,final_mesh_save,io,0,0,0,0,0,0,0,0,0,0,0,0,0,0,0,0,0,0,0,0
82,cn5070,testout_io,io,0,0,0,0,0,0,0,0,0,0,0,0,0,0,0,0,0,0,0,0
82,cn5070,final_count_exchange,communication,0,0,0,0,0,0,0,0,0,0,0,0,0,0,0,0,0,0,0,0
82,cn5070,quality_evaluation,postprocess,0,0,0,0,0,0,0,0,0,0,0,0,0,0,0,0,0,0,0,0
83,cn5071,geometry_load,io,1.728206436,1,0,0,0,0,0,0,5895,0,1035092,0,0,0,2,15,0,0,0,0
83,cn5071,coarse_local_size,setup,0.47367433,1,0,0,0,0,0,0,8272,0,0,0,0,0,120,25,0,0,0,0
83,cn5071,coarse_edge_mesh,setup,0.0125716160001,1,0,0,0,0,0,0,505,0,0,0,0,0,0,0,0,0,0,0
83,cn5071,coarse_surface_mesh,setup,8.093382031,1,0,0,0,0,0,0,12182,0,0,0,0,0,0,75,0,0,0,0
83,cn5071,coarse_volume_mesh,setup,13.113438258,1,0,0,0,0,0,0,20424,0,0,0,0,0,35171,1553769,0,0,0,0
83,cn5071,coarse_mesh_save,io,0,0,0,0,0,0,0,0,0,0,0,0,0,0,0,0,0,0,0,0
83,cn5071,submesh_initialization,setup,0.000116042000172,1,0,0,0,0,0,0,1,0,0,0,0,0,0,0,0,0,0,0
83,cn5071,metis_partition,compute,0.226693675,1,0,0,0,0,0,0,62,0,0,0,0,0,0,1,0,0,0,0
83,cn5071,face_map_setup,compute,0.00679237399982,1,0,0,0,0,0,0,3,0,0,0,0,0,0,1,0,0,0,0
83,cn5071,face_local_extract,compute,0.150471609,1,0,0,0,0,0,0,97,0,0,0,0,0,0,1,0,0,0,0
83,cn5071,face_pre_collective_wait,synchronization,0.108371994,1,0,0,0,0,0,0,30,0,0,0,0,0,0,1,0,0,0,0
83,cn5071,face_collective_setup,compute,0.000125242000195,1,0,0,0,0,0,0,40,0,0,0,0,0,0,0,0,0,0,0
83,cn5071,face_allgatherv,communication,0.0747371090001,1,0,0,0,0,0,0,48,0,0,0,0,0,0,0,1,1,37904,4859624
83,cn5071,face_global_merge,compute,0.0737722389999,1,0,0,0,0,0,0,25,0,0,0,0,0,0,2,0,0,0,0
83,cn5071,part_face_create,compute,0.0183271380001,1,0,0,0,0,0,0,268,0,0,0,0,0,0,0,0,0,0,0
83,cn5071,surface_refine,compute,0.00859699300008,1,0,0,0,0,0,0,2,0,0,0,0,0,0,0,0,0,0,0
83,cn5071,refined_surface_save,io,0,0,0,0,0,0,0,0,0,0,0,0,0,0,0,0,0,0,0,0
83,cn5071,local_volume_mesh,compute,7.984026646,1,0,0,0,0,0,0,1913,0,0,0,0,0,13051,546215,0,0,0,0
83,cn5071,volume_refine,compute,0.418928457,1,0,0,0,0,0,0,4867,0,0,0,0,0,0,4,0,0,0,0
83,cn5071,refined_volume_save,io,0,0,0,0,0,0,0,0,0,0,0,0,0,0,0,0,0,0,0,0
83,cn5071,adjacency_build,compute,0.00407342399967,1,0,0,0,0,0,0,0,0,0,0,0,0,0,0,0,0,0,0
83,cn5071,vertex_numbering_local,compute,0.0080214059999,1,0,0,0,0,0,0,1,0,0,0,0,0,0,0,0,0,0,0
83,cn5071,vertex_count_allgather,communication,3.508212414,1,0,0,0,0,0,0,100,0,0,0,0,0,0,31,1,1,4,512
83,cn5071,element_count_allgather,communication,0.000767988999996,1,0,0,0,0,0,0,0,0,0,0,0,0,0,0,1,1,4,512
83,cn5071,vertex_exchange_prepare,compute,7.32210000933e-05,1,0,0,0,0,0,0,36,0,0,0,0,0,0,0,0,0,0,0
83,cn5071,vertex_exchange,communication,0.0109365980002,1,0,0,0,0,0,0,35,0,0,0,0,0,0,0,2,4,5984,120934
83,cn5071,vertex_exchange_unpack,compute,0.00208336200012,1,0,0,0,0,0,0,389,0,0,0,0,0,0,0,0,0,0,0
83,cn5071,partition_result_io,io,0,0,0,0,0,0,0,0,0,0,0,0,0,0,0,0,0,0,0,0
83,cn5071,volume_exchange_pack,compute,0.137105705,2,0,0,0,0,0,0,906,0,0,0,0,0,0,2,0,0,0,0
83,cn5071,volume_size_exchange,communication,0.0588854979997,1,0,0,0,0,0,0,7,0,0,0,0,0,0,0,5,5,20,20
83,cn5071,volume_payload_prepare,compute,9.85409997156e-05,1,0,0,0,0,0,0,0,0,0,0,0,0,0,0,0,0,0,0
83,cn5071,volume_payload_exchange,communication,0.00287045099958,1,0,0,0,0,0,0,22,0,0,0,0,0,0,0,5,5,1335120,1331760
83,cn5071,volume_exchange_unpack,compute,0.0853487449999,1,0,0,0,0,0,0,2522,0,0,0,0,0,0,1,0,0,0,0
83,cn5071,final_mesh_save,io,0,0,0,0,0,0,0,0,0,0,0,0,0,0,0,0,0,0,0,0
83,cn5071,testout_io,io,0,0,0,0,0,0,0,0,0,0,0,0,0,0,0,0,0,0,0,0
83,cn5071,final_count_exchange,communication,0,0,0,0,0,0,0,0,0,0,0,0,0,0,0,0,0,0,0,0
83,cn5071,quality_evaluation,postprocess,0,0,0,0,0,0,0,0,0,0,0,0,0,0,0,0,0,0,0,0
84,cn5072,geometry_load,io,1.71222917,1,0,0,0,0,0,0,5894,0,1035092,0,0,0,2,1,0,0,0,0
84,cn5072,coarse_local_size,setup,0.473261836,1,0,0,0,0,0,0,8367,0,0,0,0,0,99,22,0,0,0,0
84,cn5072,coarse_edge_mesh,setup,0.0125906870003,1,0,0,0,0,0,0,522,0,0,0,0,0,0,0,0,0,0,0
84,cn5072,coarse_surface_mesh,setup,8.218474621,1,0,0,0,0,0,0,17414,0,0,0,0,0,0,8,0,0,0,0
84,cn5072,coarse_volume_mesh,setup,13.236302879,1,0,0,0,0,0,0,24045,0,0,0,0,0,36390,1558470,0,0,0,0
84,cn5072,coarse_mesh_save,io,0,0,0,0,0,0,0,0,0,0,0,0,0,0,0,0,0,0,0,0
84,cn5072,submesh_initialization,setup,0.000157882000167,1,0,0,0,0,0,0,32,0,0,0,0,0,0,0,0,0,0,0
84,cn5072,metis_partition,compute,0.237213017,1,0,0,0,0,0,0,1189,0,0,0,0,0,0,0,0,0,0,0
84,cn5072,face_map_setup,compute,0.00725468799965,1,0,0,0,0,0,0,475,0,0,0,0,0,0,0,0,0,0,0
84,cn5072,face_local_extract,compute,0.160102487,1,0,0,0,0,0,0,820,0,0,0,0,0,0,1,0,0,0,0
84,cn5072,face_pre_collective_wait,synchronization,0.0876139460001,1,0,0,0,0,0,0,23,0,0,0,0,0,0,0,0,0,0,0
84,cn5072,face_collective_setup,compute,0.000102461999631,1,0,0,0,0,0,0,16,0,0,0,0,0,0,0,0,0,0,0
84,cn5072,face_allgatherv,communication,0.0748005549999,1,0,0,0,0,0,0,640,0,0,0,0,0,0,0,1,1,37904,4859624
84,cn5072,face_global_merge,compute,0.076598522,1,0,0,0,0,0,0,390,0,0,0,0,0,0,0,0,0,0,0
84,cn5072,part_face_create,compute,0.0186610780002,1,0,0,0,0,0,0,17,0,0,0,0,0,0,0,0,0,0,0
84,cn5072,surface_refine,compute,0.00945308099972,1,0,0,0,0,0,0,47,0,0,0,0,0,0,0,0,0,0,0
84,cn5072,refined_surface_save,io,0,0,0,0,0,0,0,0,0,0,0,0,0,0,0,0,0,0,0,0
84,cn5072,local_volume_mesh,compute,9.521545171,1,0,0,0,0,0,0,2478,0,0,0,0,0,16825,859508,0,0,0,0
84,cn5072,volume_refine,compute,0.438771603,1,0,0,0,0,0,0,6105,0,0,0,0,0,0,1,0,0,0,0
84,cn5072,refined_volume_save,io,0,0,0,0,0,0,0,0,0,0,0,0,0,0,0,0,0,0,0,0
84,cn5072,adjacency_build,compute,0.00404846099991,1,0,0,0,0,0,0,0,0,0,0,0,0,0,0,0,0,0,0
84,cn5072,vertex_numbering_local,compute,0.00750727200011,1,0,0,0,0,0,0,2,0,0,0,0,0,0,0,0,0,0,0
84,cn5072,vertex_count_allgather,communication,1.947258935,1,0,0,0,0,0,0,78,0,0,0,0,0,0,2,1,1,4,512
84,cn5072,element_count_allgather,communication,0.000839071999962,1,0,0,0,0,0,0,0,0,0,0,0,0,0,0,1,1,4,512
84,cn5072,vertex_exchange_prepare,compute,1.32800000756e-05,1,0,0,0,0,0,0,0,0,0,0,0,0,0,0,0,0,0,0
84,cn5072,vertex_exchange,communication,0.00126623899996,1,0,0,0,0,0,0,21,0,0,0,0,0,0,0,5,3,59796,24002
84,cn5072,vertex_exchange_unpack,compute,0.00035006600001,1,0,0,0,0,0,0,0,0,0,0,0,0,0,0,0,0,0,0
84,cn5072,partition_result_io,io,0,0,0,0,0,0,0,0,0,0,0,0,0,0,0,0,0,0,0,0
84,cn5072,volume_exchange_pack,compute,0.105050127,2,0,0,0,0,0,0,319,0,0,0,0,0,0,0,0,0,0,0
84,cn5072,volume_size_exchange,communication,0.0713776439998,1,0,0,0,0,0,0,0,0,0,0,0,0,0,0,5,5,20,20
84,cn5072,volume_payload_prepare,compute,0.000227584000186,1,0,0,0,0,0,0,68,0,0,0,0,0,0,0,0,0,0,0
84,cn5072,volume_payload_exchange,communication,0.0322131200001,1,0,0,0,0,0,0,160,0,0,0,0,0,0,0,5,5,861960,869880
84,cn5072,volume_exchange_unpack,compute,0.0923469969998,1,0,0,0,0,0,0,4292,0,0,0,0,0,0,0,0,0,0,0
84,cn5072,final_mesh_save,io,0,0,0,0,0,0,0,0,0,0,0,0,0,0,0,0,0,0,0,0
84,cn5072,testout_io,io,0,0,0,0,0,0,0,0,0,0,0,0,0,0,0,0,0,0,0,0
84,cn5072,final_count_exchange,communication,0,0,0,0,0,0,0,0,0,0,0,0,0,0,0,0,0,0,0,0
84,cn5072,quality_evaluation,postprocess,0,0,0,0,0,0,0,0,0,0,0,0,0,0,0,0,0,0,0,0
85,cn5073,geometry_load,io,1.739953559,1,0,0,0,0,0,0,5895,0,1035092,0,0,0,2,3,0,0,0,0
85,cn5073,coarse_local_size,setup,0.465278244,1,0,0,0,0,0,0,8357,0,0,0,0,0,105,23,0,0,0,0
85,cn5073,coarse_edge_mesh,setup,0.0126714180001,1,0,0,0,0,0,0,487,0,0,0,0,0,0,0,0,0,0,0
85,cn5073,coarse_surface_mesh,setup,8.199015625,1,0,0,0,0,0,0,17165,0,0,0,0,0,0,10,0,0,0,0
85,cn5073,coarse_volume_mesh,setup,13.40864679,1,0,0,0,0,0,0,27945,0,0,0,0,0,37647,1560373,0,0,0,0
85,cn5073,coarse_mesh_save,io,0,0,0,0,0,0,0,0,0,0,0,0,0,0,0,0,0,0,0,0
85,cn5073,submesh_initialization,setup,0.000179061999916,1,0,0,0,0,0,0,54,0,0,0,0,0,0,0,0,0,0,0
85,cn5073,metis_partition,compute,0.300641692,1,0,0,0,0,0,0,2106,0,0,0,0,0,0,3,0,0,0,0
85,cn5073,face_map_setup,compute,0.00747836099981,1,0,0,0,0,0,0,503,0,0,0,0,0,0,0,0,0,0,0
85,cn5073,face_local_extract,compute,0.161084553,1,0,0,0,0,0,0,876,0,0,0,0,0,0,1,0,0,0,0
85,cn5073,face_pre_collective_wait,synchronization,0.0228779889999,1,0,0,0,0,0,0,28,0,0,0,0,0,0,0,0,0,0,0
85,cn5073,face_collective_setup,compute,0.00010864099977,1,0,0,0,0,0,0,16,0,0,0,0,0,0,0,0,0,0,0
85,cn5073,face_allgatherv,communication,0.075137798,1,0,0,0,0,0,0,720,0,0,0,0,0,0,0,1,1,37904,4859624
85,cn5073,face_global_merge,compute,0.0793381839999,1,0,0,0,0,0,0,499,0,0,0,0,0,0,0,0,0,0,0
85,cn5073,part_face_create,compute,0.0186648639997,1,0,0,0,0,0,0,17,0,0,0,0,0,0,0,0,0,0,0
85,cn5073,surface_refine,compute,0.00874431500006,1,0,0,0,0,0,0,47,0,0,0,0,0,0,0,0,0,0,0
85,cn5073,refined_surface_save,io,0,0,0,0,0,0,0,0,0,0,0,0,0,0,0,0,0,0,0,0
85,cn5073,local_volume_mesh,compute,8.631657694,1,0,0,0,0,0,0,3700,0,0,0,0,0,13051,697763,0,0,0,0
85,cn5073,volume_refine,compute,0.381721555,1,0,0,0,0,0,0,6884,0,0,0,0,0,0,2,0,0,0,0
85,cn5073,refined_volume_save,io,0,0,0,0,0,0,0,0,0,0,0,0,0,0,0,0,0,0,0,0
85,cn5073,adjacency_build,compute,0.0044592889999,1,0,0,0,0,0,0,13,0,0,0,0,0,0,0,0,0,0,0
85,cn5073,vertex_numbering_local,compute,0.012938161,1,0,0,0,0,0,0,400,0,0,0,0,0,0,0,0,0,0,0
85,cn5073,vertex_count_allgather,communication,2.88565543,1,0,0,0,0,0,0,84,0,0,0,0,0,0,3,1,1,4,512
85,cn5073,element_count_allgather,communication,0.000864949000061,1,0,0,0,0,0,0,1,0,0,0,0,0,0,0,1,1,4,512
85,cn5073,vertex_exchange_prepare,compute,7.97210000201e-05,1,0,0,0,0,0,0,21,0,0,0,0,0,0,0,0,0,0,0
85,cn5073,vertex_exchange,communication,0.0118934900001,1,0,0,0,0,0,0,113,0,0,0,0,0,0,0,8,6,167662,91696
85,cn5073,vertex_exchange_unpack,compute,0.00128993399994,1,0,0,0,0,0,0,0,0,0,0,0,0,0,0,0,0,0,0
85,cn5073,partition_result_io,io,0,0,0,0,0,0,0,0,0,0,0,0,0,0,0,0,0,0,0,0
85,cn5073,volume_exchange_pack,compute,0.154263579,2,0,0,0,0,0,0,1140,0,0,0,0,0,0,0,0,0,0,0
85,cn5073,volume_size_exchange,communication,0.0412019089999,1,0,0,0,0,0,0,1,0,0,0,0,0,0,0,8,8,32,32
85,cn5073,volume_payload_prepare,compute,0.000376264000352,1,0,0,0,0,0,0,102,0,0,0,0,0,0,0,0,0,0,0
85,cn5073,volume_payload_exchange,communication,0.002316565,1,0,0,0,0,0,0,262,0,0,0,0,0,0,0,8,8,2760720,2767680
85,cn5073,volume_exchange_unpack,compute,0.112478425,1,0,0,0,0,0,0,3454,0,0,0,0,0,0,0,0,0,0,0
85,cn5073,final_mesh_save,io,0,0,0,0,0,0,0,0,0,0,0,0,0,0,0,0,0,0,0,0
85,cn5073,testout_io,io,0,0,0,0,0,0,0,0,0,0,0,0,0,0,0,0,0,0,0,0
85,cn5073,final_count_exchange,communication,0,0,0,0,0,0,0,0,0,0,0,0,0,0,0,0,0,0,0,0
85,cn5073,quality_evaluation,postprocess,0,0,0,0,0,0,0,0,0,0,0,0,0,0,0,0,0,0,0,0
86,cn5074,geometry_load,io,1.749278141,1,0,0,0,0,0,0,5896,0,1035092,0,0,0,2,16,0,0,0,0
86,cn5074,coarse_local_size,setup,0.4647405,1,0,0,0,0,0,0,8425,0,0,0,0,0,112,26,0,0,0,0
86,cn5074,coarse_edge_mesh,setup,0.0126849429998,1,0,0,0,0,0,0,487,0,0,0,0,0,0,0,0,0,0,0
86,cn5074,coarse_surface_mesh,setup,8.202792137,1,0,0,0,0,0,0,17283,0,0,0,0,0,0,77,0,0,0,0
86,cn5074,coarse_volume_mesh,setup,13.401969032,1,0,0,0,0,0,0,27771,0,0,0,0,0,37020,1529467,0,0,0,0
86,cn5074,coarse_mesh_save,io,0,0,0,0,0,0,0,0,0,0,0,0,0,0,0,0,0,0,0,0
86,cn5074,submesh_initialization,setup,0.000120821999644,1,0,0,0,0,0,0,2,0,0,0,0,0,0,0,0,0,0,0
86,cn5074,metis_partition,compute,0.234412923,1,0,0,0,0,0,0,368,0,0,0,0,0,0,2,0,0,0,0
86,cn5074,face_map_setup,compute,0.00745220399995,1,0,0,0,0,0,0,221,0,0,0,0,0,0,0,0,0,0,0
86,cn5074,face_local_extract,compute,0.16229183,1,0,0,0,0,0,0,673,0,0,0,0,0,0,1,0,0,0,0
86,cn5074,face_pre_collective_wait,synchronization,0.0881419940001,1,0,0,0,0,0,0,1,0,0,0,0,0,0,1,0,0,0,0
86,cn5074,face_collective_setup,compute,0.000111680999908,1,0,0,0,0,0,0,16,0,0,0,0,0,0,0,0,0,0,0
86,cn5074,face_allgatherv,communication,0.0766639439998,1,0,0,0,0,0,0,867,0,0,0,0,0,0,1,1,1,37904,4859624
86,cn5074,face_global_merge,compute,0.0805171880002,1,0,0,0,0,0,0,1624,0,0,0,0,0,0,1,0,0,0,0
86,cn5074,part_face_create,compute,0.0192961980001,1,0,0,0,0,0,0,295,0,0,0,0,0,0,0,0,0,0,0
86,cn5074,surface_refine,compute,0.00914892299988,1,0,0,0,0,0,0,61,0,0,0,0,0,0,0,0,0,0,0
86,cn5074,refined_surface_save,io,0,0,0,0,0,0,0,0,0,0,0,0,0,0,0,0,0,0,0,0
86,cn5074,local_volume_mesh,compute,7.763070819,1,0,0,0,0,0,0,2224,0,0,0,0,0,9858,511246,0,0,0,0
86,cn5074,volume_refine,compute,0.412051345,1,0,0,0,0,0,0,5235,0,0,0,0,0,0,4,0,0,0,0
86,cn5074,refined_volume_save,io,0,0,0,0,0,0,0,0,0,0,0,0,0,0,0,0,0,0,0,0
86,cn5074,adjacency_build,compute,0.00432286800014,1,0,0,0,0,0,0,0,0,0,0,0,0,0,0,0,0,0,0
86,cn5074,vertex_numbering_local,compute,0.00990389200024,1,0,0,0,0,0,0,1,0,0,0,0,0,0,0,0,0,0,0
86,cn5074,vertex_count_allgather,communication,3.722672209,1,0,0,0,0,0,0,112,0,0,0,0,0,0,39,1,1,4,512
86,cn5074,element_count_allgather,communication,0.000796009000169,1,0,0,0,0,0,0,1,0,0,0,0,0,0,0,1,1,4,512
86,cn5074,vertex_exchange_prepare,compute,0.000129462000132,1,0,0,0,0,0,0,38,0,0,0,0,0,0,0,0,0,0,0
86,cn5074,vertex_exchange,communication,0.0117889529997,1,0,0,0,0,0,0,54,0,0,0,0,0,0,0,3,4,70730,114246
86,cn5074,vertex_exchange_unpack,compute,0.00253488899989,1,0,0,0,0,0,0,934,0,0,0,0,0,0,0,0,0,0,0
86,cn5074,partition_result_io,io,0,0,0,0,0,0,0,0,0,0,0,0,0,0,0,0,0,0,0,0
86,cn5074,volume_exchange_pack,compute,0.142585027,2,0,0,0,0,0,0,1758,0,0,0,0,0,0,1,0,0,0,0
86,cn5074,volume_size_exchange,communication,0.0521989490003,1,0,0,0,0,0,0,1,0,0,0,0,0,0,0,5,5,20,20
86,cn5074,volume_payload_prepare,compute,0.000330964000113,1,0,0,0,0,0,0,103,0,0,0,0,0,0,0,0,0,0,0
86,cn5074,volume_payload_exchange,communication,0.00232530599988,1,0,0,0,0,0,0,310,0,0,0,0,0,0,0,5,5,1956120,1953960
86,cn5074,volume_exchange_unpack,compute,0.100407011,1,0,0,0,0,0,0,3911,0,0,0,0,0,0,1,0,0,0,0
86,cn5074,final_mesh_save,io,0,0,0,0,0,0,0,0,0,0,0,0,0,0,0,0,0,0,0,0
86,cn5074,testout_io,io,0,0,0,0,0,0,0,0,0,0,0,0,0,0,0,0,0,0,0,0
86,cn5074,final_count_exchange,communication,0,0,0,0,0,0,0,0,0,0,0,0,0,0,0,0,0,0,0,0
86,cn5074,quality_evaluation,postprocess,0,0,0,0,0,0,0,0,0,0,0,0,0,0,0,0,0,0,0,0
87,cn5075,geometry_load,io,1.744279111,1,0,0,0,0,0,0,5897,0,1035092,0,0,0,2,3,0,0,0,0
87,cn5075,coarse_local_size,setup,0.45565461,1,0,0,0,0,0,0,7960,0,0,0,0,0,106,44,0,0,0,0
87,cn5075,coarse_edge_mesh,setup,0.0125774560001,1,0,0,0,0,0,0,518,0,0,0,0,0,0,0,0,0,0,0
87,cn5075,coarse_surface_mesh,setup,8.203989318,1,0,0,0,0,0,0,17257,0,0,0,0,0,0,10,0,0,0,0
87,cn5075,coarse_volume_mesh,setup,14.256903161,1,0,0,0,0,0,0,28465,0,0,0,0,0,87436,2792384,0,0,0,0
87,cn5075,coarse_mesh_save,io,0,0,0,0,0,0,0,0,0,0,0,0,0,0,0,0,0,0,0,0
87,cn5075,submesh_initialization,setup,0.000110400999802,1,0,0,0,0,0,0,1,0,0,0,0,0,0,0,0,0,0,0
87,cn5075,metis_partition,compute,0.230332676,1,0,0,0,0,0,0,246,0,0,0,0,0,0,0,0,0,0,0
87,cn5075,face_map_setup,compute,0.00678996399984,1,0,0,0,0,0,0,129,0,0,0,0,0,0,0,0,0,0,0
87,cn5075,face_local_extract,compute,0.159415177,1,0,0,0,0,0,0,644,0,0,0,0,0,0,0,0,0,0,0
87,cn5075,face_pre_collective_wait,synchronization,0.0958811690002,1,0,0,0,0,0,0,1,0,0,0,0,0,0,0,0,0,0,0
87,cn5075,face_collective_setup,compute,0.000111542000013,1,0,0,0,0,0,0,16,0,0,0,0,0,0,0,0,0,0,0
87,cn5075,face_allgatherv,communication,0.0767122710004,1,0,0,0,0,0,0,700,0,0,0,0,0,0,0,1,1,37904,4859624
87,cn5075,face_global_merge,compute,0.0761488439998,1,0,0,0,0,0,0,240,0,0,0,0,0,0,0,0,0,0,0
87,cn5075,part_face_create,compute,0.0182146460002,1,0,0,0,0,0,0,3,0,0,0,0,0,0,0,0,0,0,0
87,cn5075,surface_refine,compute,0.008511086,1,0,0,0,0,0,0,44,0,0,0,0,0,0,0,0,0,0,0
87,cn5075,refined_surface_save,io,0,0,0,0,0,0,0,0,0,0,0,0,0,0,0,0,0,0,0,0
87,cn5075,local_volume_mesh,compute,7.819847494,1,0,0,0,0,0,0,2975,0,0,0,0,0,61666,2160400,0,0,0,0
87,cn5075,volume_refine,compute,0.388528218,1,0,0,0,0,0,0,6704,0,0,0,0,0,0,1,0,0,0,0
87,cn5075,refined_volume_save,io,0,0,0,0,0,0,0,0,0,0,0,0,0,0,0,0,0,0,0,0
87,cn5075,adjacency_build,compute,0.00439135499983,1,0,0,0,0,0,0,13,0,0,0,0,0,0,0,0,0,0,0
87,cn5075,vertex_numbering_local,compute,0.0113845009996,1,0,0,0,0,0,0,307,0,0,0,0,0,0,0,0,0,0,0
87,cn5075,vertex_count_allgather,communication,3.694691098,1,0,0,0,0,0,0,131,0,0,0,0,0,0,3,1,1,4,512
87,cn5075,element_count_allgather,communication,0.000787150000178,1,0,0,0,0,0,0,5,0,0,0,0,0,0,0,1,1,4,512
87,cn5075,vertex_exchange_prepare,compute,0.000191941999674,1,0,0,0,0,0,0,58,0,0,0,0,0,0,0,0,0,0,0
87,cn5075,vertex_exchange,communication,0.0112433190002,1,0,0,0,0,0,0,57,0,0,0,0,0,0,0,0,6,0,219648
87,cn5075,vertex_exchange_unpack,compute,0.00324306099992,1,0,0,0,0,0,0,254,0,0,0,0,0,0,0,0,0,0,0
87,cn5075,partition_result_io,io,0,0,0,0,0,0,0,0,0,0,0,0,0,0,0,0,0,0,0,0
87,cn5075,volume_exchange_pack,compute,0.160297387,2,0,0,0,0,0,0,2172,0,0,0,0,0,0,1,0,0,0,0
87,cn5075,volume_size_exchange,communication,0.0336219769997,1,0,0,0,0,0,0,7,0,0,0,0,0,0,0,6,6,24,24
87,cn5075,volume_payload_prepare,compute,0.000273442999969,1,0,0,0,0,0,0,68,0,0,0,0,0,0,0,0,0,0,0
87,cn5075,volume_payload_exchange,communication,0.00272049399973,1,0,0,0,0,0,0,364,0,0,0,0,0,0,0,6,6,2360880,2372040
87,cn5075,volume_exchange_unpack,compute,0.105227365,1,0,0,0,0,0,0,3520,0,0,0,0,0,0,0,0,0,0,0
87,cn5075,final_mesh_save,io,0,0,0,0,0,0,0,0,0,0,0,0,0,0,0,0,0,0,0,0
87,cn5075,testout_io,io,0,0,0,0,0,0,0,0,0,0,0,0,0,0,0,0,0,0,0,0
87,cn5075,final_count_exchange,communication,0,0,0,0,0,0,0,0,0,0,0,0,0,0,0,0,0,0,0,0
87,cn5075,quality_evaluation,postprocess,0,0,0,0,0,0,0,0,0,0,0,0,0,0,0,0,0,0,0,0
88,cn5076,geometry_load,io,1.745167825,1,0,0,0,0,0,0,5894,0,1035092,0,0,0,2,3,0,0,0,0
88,cn5076,coarse_local_size,setup,0.461055033,1,0,0,0,0,0,0,8203,0,0,0,0,0,84,21,0,0,0,0
88,cn5076,coarse_edge_mesh,setup,0.0123102100001,1,0,0,0,0,0,0,435,0,0,0,0,0,0,0,0,0,0,0
88,cn5076,coarse_surface_mesh,setup,8.223494352,1,0,0,0,0,0,0,17312,0,0,0,0,0,0,10,0,0,0,0
88,cn5076,coarse_volume_mesh,setup,13.287025755,1,0,0,0,0,0,0,22439,0,0,0,0,0,36094,1533724,0,0,0,0
88,cn5076,coarse_mesh_save,io,0,0,0,0,0,0,0,0,0,0,0,0,0,0,0,0,0,0,0,0
88,cn5076,submesh_initialization,setup,0.000144502000239,1,0,0,0,0,0,0,33,0,0,0,0,0,0,0,0,0,0,0
88,cn5076,metis_partition,compute,0.236382158,1,0,0,0,0,0,0,1175,0,0,0,0,0,0,0,0,0,0,0
88,cn5076,face_map_setup,compute,0.00739709000027,1,0,0,0,0,0,0,573,0,0,0,0,0,0,0,0,0,0,0
88,cn5076,face_local_extract,compute,0.158571751,1,0,0,0,0,0,0,783,0,0,0,0,0,0,0,0,0,0,0
88,cn5076,face_pre_collective_wait,synchronization,0.0899562949999,1,0,0,0,0,0,0,8,0,0,0,0,0,0,1,0,0,0,0
88,cn5076,face_collective_setup,compute,0.000101320999875,1,0,0,0,0,0,0,16,0,0,0,0,0,0,0,0,0,0,0
88,cn5076,face_allgatherv,communication,0.0765720320001,1,0,0,0,0,0,0,1152,0,0,0,0,0,0,0,1,1,37904,4859624
88,cn5076,face_global_merge,compute,0.0768918559997,1,0,0,0,0,0,0,521,0,0,0,0,0,0,0,0,0,0,0
88,cn5076,part_face_create,compute,0.0185132449997,1,0,0,0,0,0,0,21,0,0,0,0,0,0,0,0,0,0,0
88,cn5076,surface_refine,compute,0.00878314700003,1,0,0,0,0,0,0,46,0,0,0,0,0,0,0,0,0,0,0
88,cn5076,refined_surface_save,io,0,0,0,0,0,0,0,0,0,0,0,0,0,0,0,0,0,0,0,0
88,cn5076,local_volume_mesh,compute,7.666329249,1,0,0,0,0,0,0,1962,0,0,0,0,0,12819,606748,0,0,0,0
88,cn5076,volume_refine,compute,0.375470691,1,0,0,0,0,0,0,7427,0,0,0,0,0,0,1,0,0,0,0
88,cn5076,refined_volume_save,io,0,0,0,0,0,0,0,0,0,0,0,0,0,0,0,0,0,0,0,0
88,cn5076,adjacency_build,compute,0.00435347299981,1,0,0,0,0,0,0,14,0,0,0,0,0,0,0,0,0,0,0
88,cn5076,vertex_numbering_local,compute,0.0135055639998,1,0,0,0,0,0,0,441,0,0,0,0,0,0,0,0,0,0,0
88,cn5076,vertex_count_allgather,communication,3.858088428,1,0,0,0,0,0,0,67,0,0,0,0,0,0,8,1,1,4,512
88,cn5076,element_count_allgather,communication,0.000525186000232,1,0,0,0,0,0,0,0,0,0,0,0,0,0,0,1,1,4,512
88,cn5076,vertex_exchange_prepare,compute,5.03999999637e-05,1,0,0,0,0,0,0,13,0,0,0,0,0,0,0,0,0,0,0
88,cn5076,vertex_exchange,communication,0.0213131,1,0,0,0,0,0,0,846,0,0,0,0,0,0,0,8,7,228888,49016
88,cn5076,vertex_exchange_unpack,compute,0.00070284900039,1,0,0,0,0,0,0,0,0,0,0,0,0,0,0,0,0,0,0
88,cn5076,partition_result_io,io,0,0,0,0,0,0,0,0,0,0,0,0,0,0,0,0,0,0,0,0
88,cn5076,volume_exchange_pack,compute,0.155711636,2,0,0,0,0,0,0,1177,0,0,0,0,0,0,0,0,0,0,0
88,cn5076,volume_size_exchange,communication,0.0206548719998,1,0,0,0,0,0,0,1,0,0,0,0,0,0,0,8,8,32,32
88,cn5076,volume_payload_prepare,compute,0.000371964999886,1,0,0,0,0,0,0,102,0,0,0,0,0,0,0,0,0,0,0
88,cn5076,volume_payload_exchange,communication,0.0121137470001,1,0,0,0,0,0,0,334,0,0,0,0,0,0,0,8,8,2941920,2938560
88,cn5076,volume_exchange_unpack,compute,0.117961337,1,0,0,0,0,0,0,3265,0,0,0,0,0,0,0,0,0,0,0
88,cn5076,final_mesh_save,io,0,0,0,0,0,0,0,0,0,0,0,0,0,0,0,0,0,0,0,0
88,cn5076,testout_io,io,0,0,0,0,0,0,0,0,0,0,0,0,0,0,0,0,0,0,0,0
88,cn5076,final_count_exchange,communication,0,0,0,0,0,0,0,0,0,0,0,0,0,0,0,0,0,0,0,0
88,cn5076,quality_evaluation,postprocess,0,0,0,0,0,0,0,0,0,0,0,0,0,0,0,0,0,0,0,0
89,cn5077,geometry_load,io,1.836176912,1,0,0,0,0,0,0,4914,0,1035092,0,0,0,3,3,0,0,0,0
89,cn5077,coarse_local_size,setup,0.45713154,1,0,0,0,0,0,0,8329,0,0,0,0,0,117,22,0,0,0,0
89,cn5077,coarse_edge_mesh,setup,0.0120629090002,1,0,0,0,0,0,0,489,0,0,0,0,0,0,0,0,0,0,0
89,cn5077,coarse_surface_mesh,setup,8.028176913,1,0,0,0,0,0,0,12746,0,0,0,0,0,0,12,0,0,0,0
89,cn5077,coarse_volume_mesh,setup,13.54453581,1,0,0,0,0,0,0,25081,0,0,0,0,0,39071,1625523,0,0,0,0
89,cn5077,coarse_mesh_save,io,0,0,0,0,0,0,0,0,0,0,0,0,0,0,0,0,0,0,0,0
89,cn5077,submesh_initialization,setup,0.000172902000031,1,0,0,0,0,0,0,58,0,0,0,0,0,0,0,0,0,0,0
89,cn5077,metis_partition,compute,0.23823317,1,0,0,0,0,0,0,1861,0,0,0,0,0,0,0,0,0,0,0
89,cn5077,face_map_setup,compute,0.00727697100001,1,0,0,0,0,0,0,483,0,0,0,0,0,0,0,0,0,0,0
89,cn5077,face_local_extract,compute,0.16316734,1,0,0,0,0,0,0,827,0,0,0,0,0,0,0,0,0,0,0
89,cn5077,face_pre_collective_wait,synchronization,0.0835788149998,1,0,0,0,0,0,0,8,0,0,0,0,0,0,0,0,0,0,0
89,cn5077,face_collective_setup,compute,0.000105220999558,1,0,0,0,0,0,0,13,0,0,0,0,0,0,0,0,0,0,0
89,cn5077,face_allgatherv,communication,0.075995141,1,0,0,0,0,0,0,721,0,0,0,0,0,0,0,1,1,37904,4859624
89,cn5077,face_global_merge,compute,0.0797731279999,1,0,0,0,0,0,0,439,0,0,0,0,0,0,1,0,0,0,0
89,cn5077,part_face_create,compute,0.0187255320002,1,0,0,0,0,0,0,18,0,0,0,0,0,0,0,0,0,0,0
89,cn5077,surface_refine,compute,0.00897827100016,1,0,0,0,0,0,0,49,0,0,0,0,0,0,0,0,0,0,0
89,cn5077,refined_surface_save,io,0,0,0,0,0,0,0,0,0,0,0,0,0,0,0,0,0,0,0,0
89,cn5077,local_volume_mesh,compute,8.032551528,1,0,0,0,0,0,0,2625,0,0,0,0,0,13457,590135,0,0,0,0
89,cn5077,volume_refine,compute,0.430566411,1,0,0,0,0,0,0,8437,0,0,0,0,0,0,0,0,0,0,0
89,cn5077,refined_volume_save,io,0,0,0,0,0,0,0,0,0,0,0,0,0,0,0,0,0,0,0,0
89,cn5077,adjacency_build,compute,0.00431237400016,1,0,0,0,0,0,0,11,0,0,0,0,0,0,0,0,0,0,0
89,cn5077,vertex_numbering_local,compute,0.00997052399998,1,0,0,0,0,0,0,3,0,0,0,0,0,0,0,0,0,0,0
89,cn5077,vertex_count_allgather,communication,3.437475198,1,0,0,0,0,0,0,28,0,0,0,0,0,0,3,1,1,4,512
89,cn5077,element_count_allgather,communication,0.000834470999962,1,0,0,0,0,0,0,0,0,0,0,0,0,0,0,1,1,4,512
89,cn5077,vertex_exchange_prepare,compute,2.39609998971e-05,1,0,0,0,0,0,0,0,0,0,0,0,0,0,0,0,0,0,0
89,cn5077,vertex_exchange,communication,0.0127986379998,1,0,0,0,0,0,0,25,0,0,0,0,0,0,1,5,4,66286,138644
89,cn5077,vertex_exchange_unpack,compute,0.00193540400005,1,0,0,0,0,0,0,0,0,0,0,0,0,0,0,0,0,0,0
89,cn5077,partition_result_io,io,0,0,0,0,0,0,0,0,0,0,0,0,0,0,0,0,0,0,0,0
89,cn5077,volume_exchange_pack,compute,0.157608851,2,0,0,0,0,0,0,2,0,0,0,0,0,0,0,0,0,0,0
89,cn5077,volume_size_exchange,communication,0.036926837,1,0,0,0,0,0,0,1,0,0,0,0,0,0,0,5,5,20,20
89,cn5077,volume_payload_prepare,compute,0.000159222000093,1,0,0,0,0,0,0,0,0,0,0,0,0,0,0,0,0,0,0
89,cn5077,volume_payload_exchange,communication,0.00214624700038,1,0,0,0,0,0,0,4,0,0,0,0,0,0,0,5,5,2169000,2166600
89,cn5077,volume_exchange_unpack,compute,0.104101289,1,0,0,0,0,0,0,2448,0,0,0,0,0,0,0,0,0,0,0
89,cn5077,final_mesh_save,io,0,0,0,0,0,0,0,0,0,0,0,0,0,0,0,0,0,0,0,0
89,cn5077,testout_io,io,0,0,0,0,0,0,0,0,0,0,0,0,0,0,0,0,0,0,0,0
89,cn5077,final_count_exchange,communication,0,0,0,0,0,0,0,0,0,0,0,0,0,0,0,0,0,0,0,0
89,cn5077,quality_evaluation,postprocess,0,0,0,0,0,0,0,0,0,0,0,0,0,0,0,0,0,0,0,0
90,cn5078,geometry_load,io,1.766835963,1,0,0,0,0,0,0,4927,0,1035092,0,0,0,2,3,0,0,0,0
90,cn5078,coarse_local_size,setup,0.457961916,1,0,0,0,0,0,0,8375,0,0,0,0,0,105,22,0,0,0,0
90,cn5078,coarse_edge_mesh,setup,0.0121342739999,1,0,0,0,0,0,0,524,0,0,0,0,0,0,0,0,0,0,0
90,cn5078,coarse_surface_mesh,setup,8.025245196,1,0,0,0,0,0,0,12589,0,0,0,0,0,0,10,0,0,0,0
90,cn5078,coarse_volume_mesh,setup,13.288009287,1,0,0,0,0,0,0,25192,0,0,0,0,0,35511,1563090,0,0,0,0
90,cn5078,coarse_mesh_save,io,0,0,0,0,0,0,0,0,0,0,0,0,0,0,0,0,0,0,0,0
90,cn5078,submesh_initialization,setup,0.000171182000031,1,0,0,0,0,0,0,51,0,0,0,0,0,0,0,0,0,0,0
90,cn5078,metis_partition,compute,0.235719644,1,0,0,0,0,0,0,1534,0,0,0,0,0,0,0,0,0,0,0
90,cn5078,face_map_setup,compute,0.00737465300017,1,0,0,0,0,0,0,493,0,0,0,0,0,0,0,0,0,0,0
90,cn5078,face_local_extract,compute,0.157838177,1,0,0,0,0,0,0,911,0,0,0,0,0,0,0,0,0,0,0
90,cn5078,face_pre_collective_wait,synchronization,0.0913127149997,1,0,0,0,0,0,0,8,0,0,0,0,0,0,0,0,0,0,0
90,cn5078,face_collective_setup,compute,0.000105421000171,1,0,0,0,0,0,0,16,0,0,0,0,0,0,0,0,0,0,0
90,cn5078,face_allgatherv,communication,0.0760201019998,1,0,0,0,0,0,0,1145,0,0,0,0,0,0,0,1,1,37904,4859624
90,cn5078,face_global_merge,compute,0.0793088240002,1,0,0,0,0,0,0,611,0,0,0,0,0,0,0,0,0,0,0
90,cn5078,part_face_create,compute,0.0191383019996,1,0,0,0,0,0,0,16,0,0,0,0,0,0,0,0,0,0,0
90,cn5078,surface_refine,compute,0.0110087790003,1,0,0,0,0,0,0,51,0,0,0,0,0,0,0,0,0,0,0
90,cn5078,refined_surface_save,io,0,0,0,0,0,0,0,0,0,0,0,0,0,0,0,0,0,0,0,0
90,cn5078,local_volume_mesh,compute,10.651797621,1,0,0,0,0,0,0,4717,0,0,0,0,0,13037,861422,0,0,0,0
90,cn5078,volume_refine,compute,0.680899819,1,0,0,0,0,0,0,6722,0,0,0,0,0,0,1,0,0,0,0
90,cn5078,refined_volume_save,io,0,0,0,0,0,0,0,0,0,0,0,0,0,0,0,0,0,0,0,0
90,cn5078,adjacency_build,compute,0.00431803499987,1,0,0,0,0,0,0,6,0,0,0,0,0,0,0,0,0,0,0
90,cn5078,vertex_numbering_local,compute,0.00959592199979,1,0,0,0,0,0,0,4,0,0,0,0,0,0,0,0,0,0,0
90,cn5078,vertex_count_allgather,communication,0.566131886,1,0,0,0,0,0,0,33,0,0,0,0,0,0,0,1,1,4,512
90,cn5078,element_count_allgather,communication,3.86000001527e-05,1,0,0,0,0,0,0,0,0,0,0,0,0,0,0,1,1,4,512
90,cn5078,vertex_exchange_prepare,compute,1.68800002029e-05,1,0,0,0,0,0,0,0,0,0,0,0,0,0,0,0,0,0,0
90,cn5078,vertex_exchange,communication,0.0114447239998,1,0,0,0,0,0,0,22,0,0,0,0,0,0,0,6,4,42680,65472
90,cn5078,vertex_exchange_unpack,compute,0.000960651999776,1,0,0,0,0,0,0,0,0,0,0,0,0,0,0,0,0,0,0
90,cn5078,partition_result_io,io,0,0,0,0,0,0,0,0,0,0,0,0,0,0,0,0,0,0,0,0
90,cn5078,volume_exchange_pack,compute,0.168682835,2,0,0,0,0,0,0,45,0,0,0,0,0,0,0,0,0,0,0
90,cn5078,volume_size_exchange,communication,0.0276978510001,1,0,0,0,0,0,0,1,0,0,0,0,0,0,0,6,6,24,24
90,cn5078,volume_payload_prepare,compute,0.000155402000019,1,0,0,0,0,0,0,34,0,0,0,0,0,0,0,0,0,0,0
90,cn5078,volume_payload_exchange,communication,0.00173224199989,1,0,0,0,0,0,0,195,0,0,0,0,0,0,0,6,6,1113360,1110480
90,cn5078,volume_exchange_unpack,compute,0.126042176,1,0,0,0,0,0,0,5986,0,0,0,0,0,0,1,0,0,0,0
90,cn5078,final_mesh_save,io,0,0,0,0,0,0,0,0,0,0,0,0,0,0,0,0,0,0,0,0
90,cn5078,testout_io,io,0,0,0,0,0,0,0,0,0,0,0,0,0,0,0,0,0,0,0,0
90,cn5078,final_count_exchange,communication,0,0,0,0,0,0,0,0,0,0,0,0,0,0,0,0,0,0,0,0
90,cn5078,quality_evaluation,postprocess,0,0,0,0,0,0,0,0,0,0,0,0,0,0,0,0,0,0,0,0
91,cn5079,geometry_load,io,1.737461393,1,0,0,0,0,0,0,5895,0,1035092,0,0,0,2,4,0,0,0,0
91,cn5079,coarse_local_size,setup,0.482889607,1,0,0,0,0,0,0,8187,0,0,0,0,0,102,22,0,0,0,0
91,cn5079,coarse_edge_mesh,setup,0.0127687610002,1,0,0,0,0,0,0,515,0,0,0,0,0,0,0,0,0,0,0
91,cn5079,coarse_surface_mesh,setup,8.156426191,1,0,0,0,0,0,0,15109,0,0,0,0,0,0,9,0,0,0,0
91,cn5079,coarse_volume_mesh,setup,13.15137432,1,0,0,0,0,0,0,22076,0,0,0,0,0,35526,1469822,0,0,0,0
91,cn5079,coarse_mesh_save,io,0,0,0,0,0,0,0,0,0,0,0,0,0,0,0,0,0,0,0,0
91,cn5079,submesh_initialization,setup,0.000127161999899,1,0,0,0,0,0,0,1,0,0,0,0,0,0,0,0,0,0,0
91,cn5079,metis_partition,compute,0.228742593,1,0,0,0,0,0,0,61,0,0,0,0,0,0,0,0,0,0,0
91,cn5079,face_map_setup,compute,0.00672358500015,1,0,0,0,0,0,0,3,0,0,0,0,0,0,0,0,0,0,0
91,cn5079,face_local_extract,compute,0.158638986,1,0,0,0,0,0,0,25,0,0,0,0,0,0,0,0,0,0,0
91,cn5079,face_pre_collective_wait,synchronization,0.0982723819998,1,0,0,0,0,0,0,49,0,0,0,0,0,0,0,0,0,0,0
91,cn5079,face_collective_setup,compute,0.000127801000417,1,0,0,0,0,0,0,41,0,0,0,0,0,0,0,0,0,0,0
91,cn5079,face_allgatherv,communication,0.0759261000003,1,0,0,0,0,0,0,608,0,0,0,0,0,0,0,1,1,37904,4859624
91,cn5079,face_global_merge,compute,0.0735043899999,1,0,0,0,0,0,0,108,0,0,0,0,0,0,0,0,0,0,0
91,cn5079,part_face_create,compute,0.0184482740001,1,0,0,0,0,0,0,267,0,0,0,0,0,0,0,0,0,0,0
91,cn5079,surface_refine,compute,0.0102363689998,1,0,0,0,0,0,0,50,0,0,0,0,0,0,0,0,0,0,0
91,cn5079,refined_surface_save,io,0,0,0,0,0,0,0,0,0,0,0,0,0,0,0,0,0,0,0,0
91,cn5079,local_volume_mesh,compute,9.301044946,1,0,0,0,0,0,0,2027,0,0,0,0,0,12055,699397,0,0,0,0
91,cn5079,volume_refine,compute,0.457703868,1,0,0,0,0,0,0,3667,0,0,0,0,0,0,0,0,0,0,0
91,cn5079,refined_volume_save,io,0,0,0,0,0,0,0,0,0,0,0,0,0,0,0,0,0,0,0,0
91,cn5079,adjacency_build,compute,0.00415641200016,1,0,0,0,0,0,0,0,0,0,0,0,0,0,0,0,0,0,0
91,cn5079,vertex_numbering_local,compute,0.00958224199985,1,0,0,0,0,0,0,1,0,0,0,0,0,0,0,0,0,0,0
91,cn5079,vertex_count_allgather,communication,2.148076446,1,0,0,0,0,0,0,87,0,0,0,0,0,0,2,1,1,4,512
91,cn5079,element_count_allgather,communication,0.000834110999676,1,0,0,0,0,0,0,4,0,0,0,0,0,0,0,1,1,4,512
91,cn5079,vertex_exchange_prepare,compute,2.93200000669e-05,1,0,0,0,0,0,0,7,0,0,0,0,0,0,0,0,0,0,0
91,cn5079,vertex_exchange,communication,0.0218187559999,1,0,0,0,0,0,0,568,0,0,0,0,0,0,0,2,5,31988,95370
91,cn5079,vertex_exchange_unpack,compute,0.00135327800035,1,0,0,0,0,0,0,10,0,0,0,0,0,0,0,0,0,0,0
91,cn5079,partition_result_io,io,0,0,0,0,0,0,0,0,0,0,0,0,0,0,0,0,0,0,0,0
91,cn5079,volume_exchange_pack,compute,0.130945656,2,0,0,0,0,0,0,540,0,0,0,0,0,0,0,0,0,0,0
91,cn5079,volume_size_exchange,communication,0.0551057569996,1,0,0,0,0,0,0,4,0,0,0,0,0,0,0,5,5,20,20
91,cn5079,volume_payload_prepare,compute,9.64209998529e-05,1,0,0,0,0,0,0,0,0,0,0,0,0,0,0,0,0,0,0
91,cn5079,volume_payload_exchange,communication,0.00164338100012,1,0,0,0,0,0,0,12,0,0,0,0,0,0,0,5,5,1335120,1329000
91,cn5079,volume_exchange_unpack,compute,0.102069411,1,0,0,0,0,0,0,3765,0,0,0,0,0,0,0,0,0,0,0
91,cn5079,final_mesh_save,io,0,0,0,0,0,0,0,0,0,0,0,0,0,0,0,0,0,0,0,0
91,cn5079,testout_io,io,0,0,0,0,0,0,0,0,0,0,0,0,0,0,0,0,0,0,0,0
91,cn5079,final_count_exchange,communication,0,0,0,0,0,0,0,0,0,0,0,0,0,0,0,0,0,0,0,0
91,cn5079,quality_evaluation,postprocess,0,0,0,0,0,0,0,0,0,0,0,0,0,0,0,0,0,0,0,0
92,cn5080,geometry_load,io,1.754947985,1,0,0,0,0,0,0,4913,0,1035092,0,0,0,2,1,0,0,0,0
92,cn5080,coarse_local_size,setup,0.456078258,1,0,0,0,0,0,0,8309,0,0,0,0,0,105,22,0,0,0,0
92,cn5080,coarse_edge_mesh,setup,0.0120329669999,1,0,0,0,0,0,0,417,0,0,0,0,0,0,0,0,0,0,0
92,cn5080,coarse_surface_mesh,setup,8.051028526,1,0,0,0,0,0,0,10987,0,0,0,0,0,0,10,0,0,0,0
92,cn5080,coarse_volume_mesh,setup,13.347180743,1,0,0,0,0,0,0,24998,0,0,0,0,0,37994,1548241,0,0,0,0
92,cn5080,coarse_mesh_save,io,0,0,0,0,0,0,0,0,0,0,0,0,0,0,0,0,0,0,0,0
92,cn5080,submesh_initialization,setup,0.000160700999913,1,0,0,0,0,0,0,51,0,0,0,0,0,0,0,0,0,0,0
92,cn5080,metis_partition,compute,0.240211527,1,0,0,0,0,0,0,1863,0,0,0,0,0,0,1,0,0,0,0
92,cn5080,face_map_setup,compute,0.00720734800007,1,0,0,0,0,0,0,249,0,0,0,0,0,0,0,0,0,0,0
92,cn5080,face_local_extract,compute,0.16085714,1,0,0,0,0,0,0,855,0,0,0,0,0,0,0,0,0,0,0
92,cn5080,face_pre_collective_wait,synchronization,0.0839880239996,1,0,0,0,0,0,0,8,0,0,0,0,0,0,0,0,0,0,0
92,cn5080,face_collective_setup,compute,0.00010322099979,1,0,0,0,0,0,0,13,0,0,0,0,0,0,0,0,0,0,0
92,cn5080,face_allgatherv,communication,0.0759942260001,1,0,0,0,0,0,0,696,0,0,0,0,0,0,0,1,1,37904,4859624
92,cn5080,face_global_merge,compute,0.0790305230003,1,0,0,0,0,0,0,476,0,0,0,0,0,0,0,0,0,0,0
92,cn5080,part_face_create,compute,0.0187388679997,1,0,0,0,0,0,0,20,0,0,0,0,0,0,0,0,0,0,0
92,cn5080,surface_refine,compute,0.00910595100004,1,0,0,0,0,0,0,49,0,0,0,0,0,0,0,0,0,0,0
92,cn5080,refined_surface_save,io,0,0,0,0,0,0,0,0,0,0,0,0,0,0,0,0,0,0,0,0
92,cn5080,local_volume_mesh,compute,8.296334956,1,0,0,0,0,0,0,3334,0,0,0,0,0,10986,689806,0,0,0,0
92,cn5080,volume_refine,compute,0.438566784,1,0,0,0,0,0,0,6156,0,0,0,0,0,0,1,0,0,0,0
92,cn5080,refined_volume_save,io,0,0,0,0,0,0,0,0,0,0,0,0,0,0,0,0,0,0,0,0
92,cn5080,adjacency_build,compute,0.00416724999968,1,0,0,0,0,0,0,8,0,0,0,0,0,0,0,0,0,0,0
92,cn5080,vertex_numbering_local,compute,0.00954677599975,1,0,0,0,0,0,0,28,0,0,0,0,0,0,0,0,0,0,0
92,cn5080,vertex_count_allgather,communication,3.166952891,1,0,0,0,0,0,0,65,0,0,0,0,0,0,3,1,1,4,512
92,cn5080,element_count_allgather,communication,0.000856529999965,1,0,0,0,0,0,0,0,0,0,0,0,0,0,0,1,1,4,512
92,cn5080,vertex_exchange_prepare,compute,7.31999989512e-06,1,0,0,0,0,0,0,0,0,0,0,0,0,0,0,0,0,0,0
92,cn5080,vertex_exchange,communication,0.00170890100026,1,0,0,0,0,0,0,20,0,0,0,0,0,0,0,2,1,172568,1034
92,cn5080,vertex_exchange_unpack,compute,3.75209997401e-05,1,0,0,0,0,0,0,0,0,0,0,0,0,0,0,0,0,0,0
92,cn5080,partition_result_io,io,0,0,0,0,0,0,0,0,0,0,0,0,0,0,0,0,0,0,0,0
92,cn5080,volume_exchange_pack,compute,0.147851322,2,0,0,0,0,0,0,1021,0,0,0,0,0,0,0,0,0,0,0
92,cn5080,volume_size_exchange,communication,0.0359838589998,1,0,0,0,0,0,0,1,0,0,0,0,0,0,0,2,2,8,8
92,cn5080,volume_payload_prepare,compute,0.000136481000027,1,0,0,0,0,0,0,0,0,0,0,0,0,0,0,0,0,0,0
92,cn5080,volume_payload_exchange,communication,0.00159643899997,1,0,0,0,0,0,0,3,0,0,0,0,0,0,0,2,2,1867440,1877400
92,cn5080,volume_exchange_unpack,compute,0.109510715,1,0,0,0,0,0,0,4208,0,0,0,0,0,0,0,0,0,0,0
92,cn5080,final_mesh_save,io,0,0,0,0,0,0,0,0,0,0,0,0,0,0,0,0,0,0,0,0
92,cn5080,testout_io,io,0,0,0,0,0,0,0,0,0,0,0,0,0,0,0,0,0,0,0,0
92,cn5080,final_count_exchange,communication,0,0,0,0,0,0,0,0,0,0,0,0,0,0,0,0,0,0,0,0
92,cn5080,quality_evaluation,postprocess,0,0,0,0,0,0,0,0,0,0,0,0,0,0,0,0,0,0,0,0
93,cn5081,geometry_load,io,1.731307883,1,0,0,0,0,0,0,5896,0,1035092,0,0,0,2,2,0,0,0,0
93,cn5081,coarse_local_size,setup,0.480491331,1,0,0,0,0,0,0,8326,0,0,0,0,0,134,23,0,0,0,0
93,cn5081,coarse_edge_mesh,setup,0.0126188120003,1,0,0,0,0,0,0,525,0,0,0,0,0,0,0,0,0,0,0
93,cn5081,coarse_surface_mesh,setup,8.156325657,1,0,0,0,0,0,0,12591,0,0,0,0,0,0,8,0,0,0,0
93,cn5081,coarse_volume_mesh,setup,13.154982504,1,0,0,0,0,0,0,21959,0,0,0,0,0,38155,1563830,0,0,0,0
93,cn5081,coarse_mesh_save,io,0,0,0,0,0,0,0,0,0,0,0,0,0,0,0,0,0,0,0,0
93,cn5081,submesh_initialization,setup,0.000124920999951,1,0,0,0,0,0,0,1,0,0,0,0,0,0,0,0,0,0,0
93,cn5081,metis_partition,compute,0.225427713,1,0,0,0,0,0,0,60,0,0,0,0,0,0,0,0,0,0,0
93,cn5081,face_map_setup,compute,0.00659239000015,1,0,0,0,0,0,0,3,0,0,0,0,0,0,0,0,0,0,0
93,cn5081,face_local_extract,compute,0.158146116,1,0,0,0,0,0,0,25,0,0,0,0,0,0,1,0,0,0,0
93,cn5081,face_pre_collective_wait,synchronization,0.102145032,1,0,0,0,0,0,0,1,0,0,0,0,0,0,0,0,0,0,0
93,cn5081,face_collective_setup,compute,0.00010918199996,1,0,0,0,0,0,0,16,0,0,0,0,0,0,0,0,0,0,0
93,cn5081,face_allgatherv,communication,0.0759611960002,1,0,0,0,0,0,0,767,0,0,0,0,0,0,0,1,1,37904,4859624
93,cn5081,face_global_merge,compute,0.0754547889997,1,0,0,0,0,0,0,423,0,0,0,0,0,0,0,0,0,0,0
93,cn5081,part_face_create,compute,0.0182552890001,1,0,0,0,0,0,0,273,0,0,0,0,0,0,0,0,0,0,0
93,cn5081,surface_refine,compute,0.00638086700019,1,0,0,0,0,0,0,64,0,0,0,0,0,0,0,0,0,0,0
93,cn5081,refined_surface_save,io,0,0,0,0,0,0,0,0,0,0,0,0,0,0,0,0,0,0,0,0
93,cn5081,local_volume_mesh,compute,7.031745265,1,0,0,0,0,0,0,541,0,0,0,0,0,11701,584814,0,0,0,0
93,cn5081,volume_refine,compute,0.328666021,1,0,0,0,0,0,0,4260,0,0,0,0,0,0,0,0,0,0,0
93,cn5081,refined_volume_save,io,0,0,0,0,0,0,0,0,0,0,0,0,0,0,0,0,0,0,0,0
93,cn5081,adjacency_build,compute,0.00388559299972,1,0,0,0,0,0,0,0,0,0,0,0,0,0,0,0,0,0,0
93,cn5081,vertex_numbering_local,compute,0.00615814399998,1,0,0,0,0,0,0,1,0,0,0,0,0,0,0,0,0,0,0
93,cn5081,vertex_count_allgather,communication,4.552224882,1,0,0,0,0,0,0,89,0,0,0,0,0,0,5,1,1,4,512
93,cn5081,element_count_allgather,communication,0.000801530999979,1,0,0,0,0,0,0,5,0,0,0,0,0,0,0,1,1,4,512
93,cn5081,vertex_exchange_prepare,compute,2.13409998651e-05,1,0,0,0,0,0,0,2,0,0,0,0,0,0,0,0,0,0,0
93,cn5081,vertex_exchange,communication,0.00146301999985,1,0,0,0,0,0,0,35,0,0,0,0,0,0,0,2,1,15972,92268
93,cn5081,vertex_exchange_unpack,compute,0.00127329799989,1,0,0,0,0,0,0,13,0,0,0,0,0,0,0,0,0,0,0
93,cn5081,partition_result_io,io,0,0,0,0,0,0,0,0,0,0,0,0,0,0,0,0,0,0,0,0
93,cn5081,volume_exchange_pack,compute,0.095705445,2,0,0,0,0,0,0,1511,0,0,0,0,0,0,0,0,0,0,0
93,cn5081,volume_size_exchange,communication,0.0872854089998,1,0,0,0,0,0,0,1,0,0,0,0,0,0,0,2,2,8,8
93,cn5081,volume_payload_prepare,compute,8.44609999149e-05,1,0,0,0,0,0,0,0,0,0,0,0,0,0,0,0,0,0,0
93,cn5081,volume_payload_exchange,communication,0.00174724399994,1,0,0,0,0,0,0,12,0,0,0,0,0,0,0,2,2,1149840,1142880
93,cn5081,volume_exchange_unpack,compute,0.072898294,1,0,0,0,0,0,0,2668,0,0,0,0,0,0,0,0,0,0,0
93,cn5081,final_mesh_save,io,0,0,0,0,0,0,0,0,0,0,0,0,0,0,0,0,0,0,0,0
93,cn5081,testout_io,io,0,0,0,0,0,0,0,0,0,0,0,0,0,0,0,0,0,0,0,0
93,cn5081,final_count_exchange,communication,0,0,0,0,0,0,0,0,0,0,0,0,0,0,0,0,0,0,0,0
93,cn5081,quality_evaluation,postprocess,0,0,0,0,0,0,0,0,0,0,0,0,0,0,0,0,0,0,0,0
94,cn5082,geometry_load,io,1.759546888,1,0,0,0,0,0,0,5896,0,1035092,0,0,0,2,3,0,0,0,0
94,cn5082,coarse_local_size,setup,0.46591322,1,0,0,0,0,0,0,8259,0,0,0,0,0,105,22,0,0,0,0
94,cn5082,coarse_edge_mesh,setup,0.0125058849999,1,0,0,0,0,0,0,523,0,0,0,0,0,0,0,0,0,0,0
94,cn5082,coarse_surface_mesh,setup,8.085192333,1,0,0,0,0,0,0,11580,0,0,0,0,0,0,10,0,0,0,0
94,cn5082,coarse_volume_mesh,setup,13.265205239,1,0,0,0,0,0,0,19920,0,0,0,0,0,36621,1577008,0,0,0,0
94,cn5082,coarse_mesh_save,io,0,0,0,0,0,0,0,0,0,0,0,0,0,0,0,0,0,0,0,0
94,cn5082,submesh_initialization,setup,0.00012150099974,1,0,0,0,0,0,0,1,0,0,0,0,0,0,0,0,0,0,0
94,cn5082,metis_partition,compute,0.226060419,1,0,0,0,0,0,0,265,0,0,0,0,0,0,1,0,0,0,0
94,cn5082,face_map_setup,compute,0.00666518800017,1,0,0,0,0,0,0,3,0,0,0,0,0,0,0,0,0,0,0
94,cn5082,face_local_extract,compute,0.152835654,1,0,0,0,0,0,0,201,0,0,0,0,0,0,0,0,0,0,0
94,cn5082,face_pre_collective_wait,synchronization,0.106804408,1,0,0,0,0,0,0,1,0,0,0,0,0,0,0,0,0,0,0
94,cn5082,face_collective_setup,compute,0.000106561000393,1,0,0,0,0,0,0,13,0,0,0,0,0,0,0,0,0,0,0
94,cn5082,face_allgatherv,communication,0.0759741020001,1,0,0,0,0,0,0,140,0,0,0,0,0,0,0,1,1,37904,4859624
94,cn5082,face_global_merge,compute,0.0737911929996,1,0,0,0,0,0,0,14,0,0,0,0,0,0,0,0,0,0,0
94,cn5082,part_face_create,compute,0.0183761019998,1,0,0,0,0,0,0,265,0,0,0,0,0,0,0,0,0,0,0
94,cn5082,surface_refine,compute,0.00939680400006,1,0,0,0,0,0,0,2,0,0,0,0,0,0,0,0,0,0,0
94,cn5082,refined_surface_save,io,0,0,0,0,0,0,0,0,0,0,0,0,0,0,0,0,0,0,0,0
94,cn5082,local_volume_mesh,compute,9.759144753,1,0,0,0,0,0,0,2507,0,0,0,0,0,13469,747363,0,0,0,0
94,cn5082,volume_refine,compute,0.464749785,1,0,0,0,0,0,0,5323,0,0,0,0,0,0,0,0,0,0,0
94,cn5082,refined_volume_save,io,0,0,0,0,0,0,0,0,0,0,0,0,0,0,0,0,0,0,0,0
94,cn5082,adjacency_build,compute,0.0041914149997,1,0,0,0,0,0,0,0,0,0,0,0,0,0,0,0,0,0,0
94,cn5082,vertex_numbering_local,compute,0.0112052879999,1,0,0,0,0,0,0,201,0,0,0,0,0,0,0,0,0,0,0
94,cn5082,vertex_count_allgather,communication,1.681915145,1,0,0,0,0,0,0,64,0,0,0,0,0,0,2,1,1,4,512
94,cn5082,element_count_allgather,communication,0.000828831000035,1,0,0,0,0,0,0,0,0,0,0,0,0,0,0,1,1,4,512
94,cn5082,vertex_exchange_prepare,compute,0.000114101000236,1,0,0,0,0,0,0,30,0,0,0,0,0,0,0,0,0,0,0
94,cn5082,vertex_exchange,communication,0.0121296800003,1,0,0,0,0,0,0,29,0,0,0,0,0,0,0,3,4,62502,110572
94,cn5082,vertex_exchange_unpack,compute,0.00152588000037,1,0,0,0,0,0,0,0,0,0,0,0,0,0,0,0,0,0,0
94,cn5082,partition_result_io,io,0,0,0,0,0,0,0,0,0,0,0,0,0,0,0,0,0,0,0,0
94,cn5082,volume_exchange_pack,compute,0.171624501,2,0,0,0,0,0,0,649,0,0,0,0,0,0,0,0,0,0,0
94,cn5082,volume_size_exchange,communication,4.59600000795e-05,1,0,0,0,0,0,0,1,0,0,0,0,0,0,0,5,5,20,20
94,cn5082,volume_payload_prepare,compute,0.000222921999921,1,0,0,0,0,0,0,68,0,0,0,0,0,0,0,0,0,0,0
94,cn5082,volume_payload_exchange,communication,0.0246452840001,1,0,0,0,0,0,0,331,0,0,0,0,0,0,0,5,5,1836480,1834680
94,cn5082,volume_exchange_unpack,compute,0.114984275,1,0,0,0,0,0,0,4848,0,0,0,0,0,0,0,0,0,0,0
94,cn5082,final_mesh_save,io,0,0,0,0,0,0,0,0,0,0,0,0,0,0,0,0,0,0,0,0
94,cn5082,testout_io,io,0,0,0,0,0,0,0,0,0,0,0,0,0,0,0,0,0,0,0,0
94,cn5082,final_count_exchange,communication,0,0,0,0,0,0,0,0,0,0,0,0,0,0,0,0,0,0,0,0
94,cn5082,quality_evaluation,postprocess,0,0,0,0,0,0,0,0,0,0,0,0,0,0,0,0,0,0,0,0
95,cn5083,geometry_load,io,1.719651866,1,0,0,0,0,0,0,5896,0,1035092,0,0,0,2,3,0,0,0,0
95,cn5083,coarse_local_size,setup,0.456858203,1,0,0,0,0,0,0,8013,0,0,0,0,0,94,21,0,0,0,0
95,cn5083,coarse_edge_mesh,setup,0.0124027659999,1,0,0,0,0,0,0,402,0,0,0,0,0,0,0,0,0,0,0
95,cn5083,coarse_surface_mesh,setup,8.200428501,1,0,0,0,0,0,0,15230,0,0,0,0,0,0,11,0,0,0,0
95,cn5083,coarse_volume_mesh,setup,13.450481002,1,0,0,0,0,0,0,28046,0,0,0,0,0,39000,1685844,0,0,0,0
95,cn5083,coarse_mesh_save,io,0,0,0,0,0,0,0,0,0,0,0,0,0,0,0,0,0,0,0,0
95,cn5083,submesh_initialization,setup,0.000125020999803,1,0,0,0,0,0,0,4,0,0,0,0,0,0,0,0,0,0,0
95,cn5083,metis_partition,compute,0.234106918,1,0,0,0,0,0,0,444,0,0,0,0,0,0,1,0,0,0,0
95,cn5083,face_map_setup,compute,0.00730631800025,1,0,0,0,0,0,0,232,0,0,0,0,0,0,0,0,0,0,0
95,cn5083,face_local_extract,compute,0.162114533,1,0,0,0,0,0,0,566,0,0,0,0,0,0,0,0,0,0,0
95,cn5083,face_pre_collective_wait,synchronization,0.0888406710001,1,0,0,0,0,0,0,1,0,0,0,0,0,0,0,0,0,0,0
95,cn5083,face_collective_setup,compute,0.000107282000045,1,0,0,0,0,0,0,16,0,0,0,0,0,0,0,0,0,0,0
95,cn5083,face_allgatherv,communication,0.0759613380001,1,0,0,0,0,0,0,697,0,0,0,0,0,0,0,1,1,37904,4859624
95,cn5083,face_global_merge,compute,0.078886457,1,0,0,0,0,0,0,266,0,0,0,0,0,0,0,0,0,0,0
95,cn5083,part_face_create,compute,0.0189685539999,1,0,0,0,0,0,0,3,0,0,0,0,0,0,0,0,0,0,0
95,cn5083,surface_refine,compute,0.00871625699983,1,0,0,0,0,0,0,37,0,0,0,0,0,0,0,0,0,0,0
95,cn5083,refined_surface_save,io,0,0,0,0,0,0,0,0,0,0,0,0,0,0,0,0,0,0,0,0
95,cn5083,local_volume_mesh,compute,7.705180225,1,0,0,0,0,0,0,4524,0,0,0,0,0,10726,508386,0,0,0,0
95,cn5083,volume_refine,compute,0.401722124,1,0,0,0,0,0,0,5480,0,0,0,0,0,0,0,0,0,0,0
95,cn5083,refined_volume_save,io,0,0,0,0,0,0,0,0,0,0,0,0,0,0,0,0,0,0,0,0
95,cn5083,adjacency_build,compute,0.00445383900023,1,0,0,0,0,0,0,14,0,0,0,0,0,0,0,0,0,0,0
95,cn5083,vertex_numbering_local,compute,0.00986753200004,1,0,0,0,0,0,0,258,0,0,0,0,0,0,0,0,0,0,0
95,cn5083,vertex_count_allgather,communication,3.794493253,1,0,0,0,0,0,0,120,0,0,0,0,0,0,4,1,1,4,512
95,cn5083,element_count_allgather,communication,0.00081271099998,1,0,0,0,0,0,0,0,0,0,0,0,0,0,0,1,1,4,512
95,cn5083,vertex_exchange_prepare,compute,0.000108840999928,1,0,0,0,0,0,0,36,0,0,0,0,0,0,0,0,0,0,0
95,cn5083,vertex_exchange,communication,0.0123253850002,1,0,0,0,0,0,0,650,0,0,0,0,0,0,0,5,6,47872,117238
95,cn5083,vertex_exchange_unpack,compute,0.00259045500025,1,0,0,0,0,0,0,936,0,0,0,0,0,0,0,0,0,0,0
95,cn5083,partition_result_io,io,0,0,0,0,0,0,0,0,0,0,0,0,0,0,0,0,0,0,0,0
95,cn5083,volume_exchange_pack,compute,0.138485156,2,0,0,0,0,0,0,2065,0,0,0,0,0,0,0,0,0,0,0
95,cn5083,volume_size_exchange,communication,0.0445685569998,1,0,0,0,0,0,0,0,0,0,0,0,0,0,0,7,7,28,28
95,cn5083,volume_payload_prepare,compute,0.000322324000081,1,0,0,0,0,0,0,102,0,0,0,0,0,0,0,0,0,0,0
95,cn5083,volume_payload_exchange,communication,0.0112543709997,1,0,0,0,0,0,0,197,0,0,0,0,0,0,0,7,7,1731240,1732920
95,cn5083,volume_exchange_unpack,compute,0.0953624980002,1,0,0,0,0,0,0,3588,0,0,0,0,0,0,0,0,0,0,0
95,cn5083,final_mesh_save,io,0,0,0,0,0,0,0,0,0,0,0,0,0,0,0,0,0,0,0,0
95,cn5083,testout_io,io,0,0,0,0,0,0,0,0,0,0,0,0,0,0,0,0,0,0,0,0
95,cn5083,final_count_exchange,communication,0,0,0,0,0,0,0,0,0,0,0,0,0,0,0,0,0,0,0,0
95,cn5083,quality_evaluation,postprocess,0,0,0,0,0,0,0,0,0,0,0,0,0,0,0,0,0,0,0,0
96,cn5084,geometry_load,io,1.724061716,1,0,0,0,0,0,0,5895,0,1035092,0,0,0,2,2,0,0,0,0
96,cn5084,coarse_local_size,setup,0.459925185,1,0,0,0,0,0,0,8143,0,0,0,0,0,85,21,0,0,0,0
96,cn5084,coarse_edge_mesh,setup,0.0123204460001,1,0,0,0,0,0,0,419,0,0,0,0,0,0,0,0,0,0,0
96,cn5084,coarse_surface_mesh,setup,8.222692612,1,0,0,0,0,0,0,15287,0,0,0,0,0,0,10,0,0,0,0
96,cn5084,coarse_volume_mesh,setup,13.308226728,1,0,0,0,0,0,0,26897,0,0,0,0,0,35467,1552079,0,0,0,0
96,cn5084,coarse_mesh_save,io,0,0,0,0,0,0,0,0,0,0,0,0,0,0,0,0,0,0,0,0
96,cn5084,submesh_initialization,setup,0.00012838199973,1,0,0,0,0,0,0,3,0,0,0,0,0,0,0,0,0,0,0
96,cn5084,metis_partition,compute,0.236953794,1,0,0,0,0,0,0,531,0,0,0,0,0,0,0,0,0,0,0
96,cn5084,face_map_setup,compute,0.00741565599992,1,0,0,0,0,0,0,219,0,0,0,0,0,0,0,0,0,0,0
96,cn5084,face_local_extract,compute,0.155957762,1,0,0,0,0,0,0,683,0,0,0,0,0,0,1,0,0,0,0
96,cn5084,face_pre_collective_wait,synchronization,0.0920193850002,1,0,0,0,0,0,0,42,0,0,0,0,0,0,0,0,0,0,0
96,cn5084,face_collective_setup,compute,0.000144400999943,1,0,0,0,0,0,0,50,0,0,0,0,0,0,0,0,0,0,0
96,cn5084,face_allgatherv,communication,0.0759069800001,1,0,0,0,0,0,0,1383,0,0,0,0,0,0,0,1,1,37904,4859624
96,cn5084,face_global_merge,compute,0.0802074850003,1,0,0,0,0,0,0,898,0,0,0,0,0,0,0,0,0,0,0
96,cn5084,part_face_create,compute,0.019592142,1,0,0,0,0,0,0,318,0,0,0,0,0,0,0,0,0,0,0
96,cn5084,surface_refine,compute,0.00902069299991,1,0,0,0,0,0,0,56,0,0,0,0,0,0,0,0,0,0,0
96,cn5084,refined_surface_save,io,0,0,0,0,0,0,0,0,0,0,0,0,0,0,0,0,0,0,0,0
96,cn5084,local_volume_mesh,compute,8.179513968,1,0,0,0,0,0,0,2105,0,0,0,0,0,13362,630434,0,0,0,0
96,cn5084,volume_refine,compute,0.444341106,1,0,0,0,0,0,0,4935,0,0,0,0,0,0,0,0,0,0,0
96,cn5084,refined_volume_save,io,0,0,0,0,0,0,0,0,0,0,0,0,0,0,0,0,0,0,0,0
96,cn5084,adjacency_build,compute,0.00413274199991,1,0,0,0,0,0,0,0,0,0,0,0,0,0,0,0,0,0,0
96,cn5084,vertex_numbering_local,compute,0.00564561800002,1,0,0,0,0,0,0,1,0,0,0,0,0,0,0,0,0,0,0
96,cn5084,vertex_count_allgather,communication,3.279109754,1,0,0,0,0,0,0,128,0,0,0,0,0,0,5,1,1,4,512
96,cn5084,element_count_allgather,communication,0.000811427999906,1,0,0,0,0,0,0,7,0,0,0,0,0,0,0,1,1,4,512
96,cn5084,vertex_exchange_prepare,compute,1.60399999913e-05,1,0,0,0,0,0,0,6,0,0,0,0,0,0,0,0,0,0,0
96,cn5084,vertex_exchange,communication,0.00113433200022,1,0,0,0,0,0,0,58,0,0,0,0,0,0,0,1,0,49830,0
96,cn5084,vertex_exchange_unpack,compute,2.8200001907e-06,1,0,0,0,0,0,0,0,0,0,0,0,0,0,0,0,0,0,0
96,cn5084,partition_result_io,io,0,0,0,0,0,0,0,0,0,0,0,0,0,0,0,0,0,0,0,0
96,cn5084,volume_exchange_pack,compute,0.105915528,2,0,0,0,0,0,0,1559,0,0,0,0,0,0,0,0,0,0,0
96,cn5084,volume_size_exchange,communication,0.0186562920003,1,0,0,0,0,0,0,4,0,0,0,0,0,0,0,1,1,4,4
96,cn5084,volume_payload_prepare,compute,4.78010001643e-05,1,0,0,0,0,0,0,2,0,0,0,0,0,0,0,0,0,0,0
96,cn5084,volume_payload_exchange,communication,0.0539215940003,1,0,0,0,0,0,0,8,0,0,0,0,0,0,0,1,1,527160,530280
96,cn5084,volume_exchange_unpack,compute,0.076156822,1,0,0,0,0,0,0,2403,0,0,0,0,0,0,0,0,0,0,0
96,cn5084,final_mesh_save,io,0,0,0,0,0,0,0,0,0,0,0,0,0,0,0,0,0,0,0,0
96,cn5084,testout_io,io,0,0,0,0,0,0,0,0,0,0,0,0,0,0,0,0,0,0,0,0
96,cn5084,final_count_exchange,communication,0,0,0,0,0,0,0,0,0,0,0,0,0,0,0,0,0,0,0,0
96,cn5084,quality_evaluation,postprocess,0,0,0,0,0,0,0,0,0,0,0,0,0,0,0,0,0,0,0,0
97,cn5085,geometry_load,io,1.733605898,1,0,0,0,0,0,0,5896,0,1035092,0,0,0,2,4,0,0,0,0
97,cn5085,coarse_local_size,setup,0.462832356,1,0,0,0,0,0,0,8360,0,0,0,0,0,89,24,0,0,0,0
97,cn5085,coarse_edge_mesh,setup,0.0125275239998,1,0,0,0,0,0,0,506,0,0,0,0,0,0,0,0,0,0,0
97,cn5085,coarse_surface_mesh,setup,8.155059679,1,0,0,0,0,0,0,13697,0,0,0,0,0,0,8,0,0,0,0
97,cn5085,coarse_volume_mesh,setup,13.235332192,1,0,0,0,0,0,0,22833,0,0,0,0,0,36226,1549130,0,0,0,0
97,cn5085,coarse_mesh_save,io,0,0,0,0,0,0,0,0,0,0,0,0,0,0,0,0,0,0,0,0
97,cn5085,submesh_initialization,setup,0.000131921000047,1,0,0,0,0,0,0,5,0,0,0,0,0,0,0,0,0,0,0
97,cn5085,metis_partition,compute,0.227022898,1,0,0,0,0,0,0,302,0,0,0,0,0,0,0,0,0,0,0
97,cn5085,face_map_setup,compute,0.00684931800015,1,0,0,0,0,0,0,274,0,0,0,0,0,0,0,0,0,0,0
97,cn5085,face_local_extract,compute,0.156005665,1,0,0,0,0,0,0,680,0,0,0,0,0,0,0,0,0,0,0
97,cn5085,face_pre_collective_wait,synchronization,0.102437412,1,0,0,0,0,0,0,11,0,0,0,0,0,0,0,0,0,0,0
97,cn5085,face_collective_setup,compute,0.000108982000256,1,0,0,0,0,0,0,16,0,0,0,0,0,0,0,0,0,0,0
97,cn5085,face_allgatherv,communication,0.0759058080002,1,0,0,0,0,0,0,1206,0,0,0,0,0,0,1,1,1,37904,4859624
97,cn5085,face_global_merge,compute,0.0739902660002,1,0,0,0,0,0,0,166,0,0,0,0,0,0,0,0,0,0,0
97,cn5085,part_face_create,compute,0.0181207680002,1,0,0,0,0,0,0,3,0,0,0,0,0,0,0,0,0,0,0
97,cn5085,surface_refine,compute,0.00954616900026,1,0,0,0,0,0,0,47,0,0,0,0,0,0,0,0,0,0,0
97,cn5085,refined_surface_save,io,0,0,0,0,0,0,0,0,0,0,0,0,0,0,0,0,0,0,0,0
97,cn5085,local_volume_mesh,compute,8.389922066,1,0,0,0,0,0,0,1774,0,0,0,0,0,12353,739571,0,0,0,0
97,cn5085,volume_refine,compute,0.42121608,1,0,0,0,0,0,0,7828,0,0,0,0,0,0,1,0,0,0,0
97,cn5085,refined_volume_save,io,0,0,0,0,0,0,0,0,0,0,0,0,0,0,0,0,0,0,0,0
97,cn5085,adjacency_build,compute,0.0040281659999,1,0,0,0,0,0,0,4,0,0,0,0,0,0,0,0,0,0,0
97,cn5085,vertex_numbering_local,compute,0.00922842499995,1,0,0,0,0,0,0,172,0,0,0,0,0,0,0,0,0,0,0
97,cn5085,vertex_count_allgather,communication,3.096032488,1,0,0,0,0,0,0,65,0,0,0,0,0,0,3,1,1,4,512
97,cn5085,element_count_allgather,communication,0.000921870000184,1,0,0,0,0,0,0,0,0,0,0,0,0,0,0,1,1,4,512
97,cn5085,vertex_exchange_prepare,compute,1.10400001176e-05,1,0,0,0,0,0,0,0,0,0,0,0,0,0,0,0,0,0,0
97,cn5085,vertex_exchange,communication,0.00169861899985,1,0,0,0,0,0,0,20,0,0,0,0,0,0,0,3,2,83006,50248
97,cn5085,vertex_exchange_unpack,compute,0.000709767999979,1,0,0,0,0,0,0,0,0,0,0,0,0,0,0,0,0,0,0
97,cn5085,partition_result_io,io,0,0,0,0,0,0,0,0,0,0,0,0,0,0,0,0,0,0,0,0
97,cn5085,volume_exchange_pack,compute,0.123754076,2,0,0,0,0,0,0,824,0,0,0,0,0,0,0,0,0,0,0
97,cn5085,volume_size_exchange,communication,0.052461581,1,0,0,0,0,0,0,0,0,0,0,0,0,0,0,4,4,16,16
97,cn5085,volume_payload_prepare,compute,0.000235022999732,1,0,0,0,0,0,0,68,0,0,0,0,0,0,0,0,0,0,0
97,cn5085,volume_payload_exchange,communication,0.00239246699994,1,0,0,0,0,0,0,172,0,0,0,0,0,0,0,4,4,1399080,1396560
97,cn5085,volume_exchange_unpack,compute,0.0938965549999,1,0,0,0,0,0,0,4076,0,0,0,0,0,0,0,0,0,0,0
97,cn5085,final_mesh_save,io,0,0,0,0,0,0,0,0,0,0,0,0,0,0,0,0,0,0,0,0
97,cn5085,testout_io,io,0,0,0,0,0,0,0,0,0,0,0,0,0,0,0,0,0,0,0,0
97,cn5085,final_count_exchange,communication,0,0,0,0,0,0,0,0,0,0,0,0,0,0,0,0,0,0,0,0
97,cn5085,quality_evaluation,postprocess,0,0,0,0,0,0,0,0,0,0,0,0,0,0,0,0,0,0,0,0
98,cn5086,geometry_load,io,1.727284641,1,0,0,0,0,0,0,5895,0,1035092,0,0,0,2,16,0,0,0,0
98,cn5086,coarse_local_size,setup,0.464849798,1,0,0,0,0,0,0,8440,0,0,0,0,0,108,24,0,0,0,0
98,cn5086,coarse_edge_mesh,setup,0.0126958439996,1,0,0,0,0,0,0,525,0,0,0,0,0,0,0,0,0,0,0
98,cn5086,coarse_surface_mesh,setup,8.240400421,1,0,0,0,0,0,0,19294,0,0,0,0,0,0,76,0,0,0,0
98,cn5086,coarse_volume_mesh,setup,13.564055473,1,0,0,0,0,0,0,28746,0,0,0,0,0,40686,1778517,0,0,0,0
98,cn5086,coarse_mesh_save,io,0,0,0,0,0,0,0,0,0,0,0,0,0,0,0,0,0,0,0,0
98,cn5086,submesh_initialization,setup,0.000123241999972,1,0,0,0,0,0,0,2,0,0,0,0,0,0,0,0,0,0,0
98,cn5086,metis_partition,compute,0.237160548,1,0,0,0,0,0,0,345,0,0,0,0,0,0,2,0,0,0,0
98,cn5086,face_map_setup,compute,0.00733960599973,1,0,0,0,0,0,0,235,0,0,0,0,0,0,0,0,0,0,0
98,cn5086,face_local_extract,compute,0.160992007,1,0,0,0,0,0,0,639,0,0,0,0,0,0,1,0,0,0,0
98,cn5086,face_pre_collective_wait,synchronization,0.0868424949999,1,0,0,0,0,0,0,1,0,0,0,0,0,0,1,0,0,0,0
98,cn5086,face_collective_setup,compute,0.000111102000119,1,0,0,0,0,0,0,16,0,0,0,0,0,0,0,0,0,0,0
98,cn5086,face_allgatherv,communication,0.0771359350001,1,0,0,0,0,0,0,718,0,0,0,0,0,0,0,1,1,37904,4859624
98,cn5086,face_global_merge,compute,0.0799222349997,1,0,0,0,0,0,0,319,0,0,0,0,0,0,2,0,0,0,0
98,cn5086,part_face_create,compute,0.0191028959998,1,0,0,0,0,0,0,3,0,0,0,0,0,0,0,0,0,0,0
98,cn5086,surface_refine,compute,0.00897325000005,1,0,0,0,0,0,0,44,0,0,0,0,0,0,0,0,0,0,0
98,cn5086,refined_surface_save,io,0,0,0,0,0,0,0,0,0,0,0,0,0,0,0,0,0,0,0,0
98,cn5086,local_volume_mesh,compute,7.602083477,1,0,0,0,0,0,0,5255,0,0,0,0,0,5287,399386,0,0,0,0
98,cn5086,volume_refine,compute,0.402478656,1,0,0,0,0,0,0,6394,0,0,0,0,0,0,4,0,0,0,0
98,cn5086,refined_volume_save,io,0,0,0,0,0,0,0,0,0,0,0,0,0,0,0,0,0,0,0,0
98,cn5086,adjacency_build,compute,0.00452400599988,1,0,0,0,0,0,0,12,0,0,0,0,0,0,0,0,0,0,0
98,cn5086,vertex_numbering_local,compute,0.0111269210001,1,0,0,0,0,0,0,314,0,0,0,0,0,0,0,0,0,0,0
98,cn5086,vertex_count_allgather,communication,3.892965897,1,0,0,0,0,0,0,148,0,0,0,0,0,0,34,1,1,4,512
98,cn5086,element_count_allgather,communication,0.000865593000071,1,0,0,0,0,0,0,4,0,0,0,0,0,0,0,1,1,4,512
98,cn5086,vertex_exchange_prepare,compute,8.11009999779e-05,1,0,0,0,0,0,0,31,0,0,0,0,0,0,0,0,0,0,0
98,cn5086,vertex_exchange,communication,0.0115981069998,1,0,0,0,0,0,0,317,0,0,0,0,0,0,0,6,4,119658,77044
98,cn5086,vertex_exchange_unpack,compute,0.0020650700003,1,0,0,0,0,0,0,973,0,0,0,0,0,0,0,0,0,0,0
98,cn5086,partition_result_io,io,0,0,0,0,0,0,0,0,0,0,0,0,0,0,0,0,0,0,0,0
98,cn5086,volume_exchange_pack,compute,0.145141578,2,0,0,0,0,0,0,2055,0,0,0,0,0,0,2,0,0,0,0
98,cn5086,volume_size_exchange,communication,0.0188260119999,1,0,0,0,0,0,0,12,0,0,0,0,0,0,0,6,6,24,24
98,cn5086,volume_payload_prepare,compute,0.00047432700012,1,0,0,0,0,0,0,170,0,0,0,0,0,0,0,0,0,0,0
98,cn5086,volume_payload_exchange,communication,0.0133296929998,1,0,0,0,0,0,0,385,0,0,0,0,0,0,0,6,6,2068560,2076960
98,cn5086,volume_exchange_unpack,compute,0.104813795,1,0,0,0,0,0,0,3372,0,0,0,0,0,0,1,0,0,0,0
98,cn5086,final_mesh_save,io,0,0,0,0,0,0,0,0,0,0,0,0,0,0,0,0,0,0,0,0
98,cn5086,testout_io,io,0,0,0,0,0,0,0,0,0,0,0,0,0,0,0,0,0,0,0,0
98,cn5086,final_count_exchange,communication,0,0,0,0,0,0,0,0,0,0,0,0,0,0,0,0,0,0,0,0
98,cn5086,quality_evaluation,postprocess,0,0,0,0,0,0,0,0,0,0,0,0,0,0,0,0,0,0,0,0
99,cn5087,geometry_load,io,1.768420454,1,0,0,0,0,0,0,5897,0,1035092,0,0,0,2,5,0,0,0,0
99,cn5087,coarse_local_size,setup,0.463954659,1,0,0,0,0,0,0,8245,0,0,0,0,0,93,21,0,0,0,0
99,cn5087,coarse_edge_mesh,setup,0.012576907,1,0,0,0,0,0,0,515,0,0,0,0,0,0,0,0,0,0,0
99,cn5087,coarse_surface_mesh,setup,8.239153086,1,0,0,0,0,0,0,15781,0,0,0,0,0,0,19,0,0,0,0
99,cn5087,coarse_volume_mesh,setup,13.461469858,1,0,0,0,0,0,0,29429,0,0,0,0,0,38094,1770374,0,0,0,0
99,cn5087,coarse_mesh_save,io,0,0,0,0,0,0,0,0,0,0,0,0,0,0,0,0,0,0,0,0
99,cn5087,submesh_initialization,setup,0.000128082000174,1,0,0,0,0,0,0,4,0,0,0,0,0,0,0,0,0,0,0
99,cn5087,metis_partition,compute,0.240766472,1,0,0,0,0,0,0,498,0,0,0,0,0,0,0,0,0,0,0
99,cn5087,face_map_setup,compute,0.0073346449999,1,0,0,0,0,0,0,225,0,0,0,0,0,0,1,0,0,0,0
99,cn5087,face_local_extract,compute,0.160479554,1,0,0,0,0,0,0,555,0,0,0,0,0,0,0,0,0,0,0
99,cn5087,face_pre_collective_wait,synchronization,0.0837724190001,1,0,0,0,0,0,0,1,0,0,0,0,0,0,0,0,0,0,0
99,cn5087,face_collective_setup,compute,0.000106841000161,1,0,0,0,0,0,0,16,0,0,0,0,0,0,0,0,0,0,0
99,cn5087,face_allgatherv,communication,0.077198042,1,0,0,0,0,0,0,772,0,0,0,0,0,0,0,1,1,37904,4859624
99,cn5087,face_global_merge,compute,0.0772157020001,1,0,0,0,0,0,0,175,0,0,0,0,0,0,0,0,0,0,0
99,cn5087,part_face_create,compute,0.0191220240004,1,0,0,0,0,0,0,3,0,0,0,0,0,0,0,0,0,0,0
99,cn5087,surface_refine,compute,0.0112547109998,1,0,0,0,0,0,0,49,0,0,0,0,0,0,0,0,0,0,0
99,cn5087,refined_surface_save,io,0,0,0,0,0,0,0,0,0,0,0,0,0,0,0,0,0,0,0,0
99,cn5087,local_volume_mesh,compute,11.208760447,1,0,0,0,0,0,0,5290,0,0,0,0,0,18546,995580,0,0,0,0
99,cn5087,volume_refine,compute,0.690638186,1,0,0,0,0,0,0,7253,0,0,0,0,0,0,2,0,0,0,0
99,cn5087,refined_volume_save,io,0,0,0,0,0,0,0,0,0,0,0,0,0,0,0,0,0,0,0,0
99,cn5087,adjacency_build,compute,0.00430879000032,1,0,0,0,0,0,0,25,0,0,0,0,0,0,0,0,0,0,0
99,cn5087,vertex_numbering_local,compute,0.00948999100001,1,0,0,0,0,0,0,30,0,0,0,0,0,0,0,0,0,0,0
99,cn5087,vertex_count_allgather,communication,0.000233903000208,1,0,0,0,0,0,0,49,0,0,0,0,0,0,0,1,1,4,512
99,cn5087,element_count_allgather,communication,0.000856350000049,1,0,0,0,0,0,0,0,0,0,0,0,0,0,0,1,1,4,512
99,cn5087,vertex_exchange_prepare,compute,1.60800000231e-05,1,0,0,0,0,0,0,0,0,0,0,0,0,0,0,0,0,0,0
99,cn5087,vertex_exchange,communication,0.0110744889998,1,0,0,0,0,0,0,13,0,0,0,0,0,0,0,0,3,0,74822
99,cn5087,vertex_exchange_unpack,compute,0.00113029399972,1,0,0,0,0,0,0,0,0,0,0,0,0,0,0,0,0,0,0
99,cn5087,partition_result_io,io,0,0,0,0,0,0,0,0,0,0,0,0,0,0,0,0,0,0,0,0
99,cn5087,volume_exchange_pack,compute,0.158225509,2,0,0,0,0,0,0,1,0,0,0,0,0,0,1,0,0,0,0
99,cn5087,volume_size_exchange,communication,8.82210001691e-05,1,0,0,0,0,0,0,2,0,0,0,0,0,0,0,3,3,12,12
99,cn5087,volume_payload_prepare,compute,9.24409996514e-05,1,0,0,0,0,0,0,4,0,0,0,0,0,0,0,0,0,0,0
99,cn5087,volume_payload_exchange,communication,0.0212660480001,1,0,0,0,0,0,0,73,0,0,0,0,0,0,0,3,3,772320,772320
99,cn5087,volume_exchange_unpack,compute,0.118495783,1,0,0,0,0,0,0,5916,0,0,0,0,0,0,0,0,0,0,0
99,cn5087,final_mesh_save,io,0,0,0,0,0,0,0,0,0,0,0,0,0,0,0,0,0,0,0,0
99,cn5087,testout_io,io,0,0,0,0,0,0,0,0,0,0,0,0,0,0,0,0,0,0,0,0
99,cn5087,final_count_exchange,communication,0,0,0,0,0,0,0,0,0,0,0,0,0,0,0,0,0,0,0,0
99,cn5087,quality_evaluation,postprocess,0,0,0,0,0,0,0,0,0,0,0,0,0,0,0,0,0,0,0,0
100,cn5088,geometry_load,io,1.742529268,1,0,0,0,0,0,0,5894,0,1035092,0,0,0,2,4,0,0,0,0
100,cn5088,coarse_local_size,setup,0.465612384,1,0,0,0,0,0,0,7800,0,0,0,0,0,189,21,0,0,0,0
100,cn5088,coarse_edge_mesh,setup,0.0123999759999,1,0,0,0,0,0,0,505,0,0,0,0,0,0,0,0,0,0,0
100,cn5088,coarse_surface_mesh,setup,8.212866166,1,0,0,0,0,0,0,16625,0,0,0,0,0,0,17,0,0,0,0
100,cn5088,coarse_volume_mesh,setup,13.205839476,1,0,0,0,0,0,0,26987,0,0,0,0,0,36554,1497583,0,0,0,0
100,cn5088,coarse_mesh_save,io,0,0,0,0,0,0,0,0,0,0,0,0,0,0,0,0,0,0,0,0
100,cn5088,submesh_initialization,setup,0.000121661000321,1,0,0,0,0,0,0,1,0,0,0,0,0,0,0,0,0,0,0
100,cn5088,metis_partition,compute,0.237089227,1,0,0,0,0,0,0,510,0,0,0,0,0,0,0,0,0,0,0
100,cn5088,face_map_setup,compute,0.00718989100005,1,0,0,0,0,0,0,231,0,0,0,0,0,0,0,0,0,0,0
100,cn5088,face_local_extract,compute,0.157945789,1,0,0,0,0,0,0,591,0,0,0,0,0,0,0,0,0,0,0
100,cn5088,face_pre_collective_wait,synchronization,0.0901321760002,1,0,0,0,0,0,0,21,0,0,0,0,0,0,0,0,0,0,0
100,cn5088,face_collective_setup,compute,0.000136881999879,1,0,0,0,0,0,0,47,0,0,0,0,0,0,0,0,0,0,0
100,cn5088,face_allgatherv,communication,0.0771467720001,1,0,0,0,0,0,0,1309,0,0,0,0,0,0,0,1,1,37904,4859624
100,cn5088,face_global_merge,compute,0.0796260429997,1,0,0,0,0,0,0,891,0,0,0,0,0,0,0,0,0,0,0
100,cn5088,part_face_create,compute,0.0191382610001,1,0,0,0,0,0,0,291,0,0,0,0,0,0,0,0,0,0,0
100,cn5088,surface_refine,compute,0.00915579499997,1,0,0,0,0,0,0,56,0,0,0,0,0,0,0,0,0,0,0
100,cn5088,refined_surface_save,io,0,0,0,0,0,0,0,0,0,0,0,0,0,0,0,0,0,0,0,0
100,cn5088,local_volume_mesh,compute,7.581366533,1,0,0,0,0,0,0,2245,0,0,0,0,0,10271,471875,0,0,0,0
100,cn5088,volume_refine,compute,0.383814614,1,0,0,0,0,0,0,5452,0,0,0,0,0,0,0,0,0,0,0
100,cn5088,refined_volume_save,io,0,0,0,0,0,0,0,0,0,0,0,0,0,0,0,0,0,0,0,0
100,cn5088,adjacency_build,compute,0.00455617699981,1,0,0,0,0,0,0,7,0,0,0,0,0,0,0,0,0,0,0
100,cn5088,vertex_numbering_local,compute,0.0144349420002,1,0,0,0,0,0,0,450,0,0,0,0,0,0,0,0,0,0,0
100,cn5088,vertex_count_allgather,communication,3.928545943,1,0,0,0,0,0,0,104,0,0,0,0,0,0,8,1,1,4,512
100,cn5088,element_count_allgather,communication,0.000855430000229,1,0,0,0,0,0,0,0,0,0,0,0,0,0,0,1,1,4,512
100,cn5088,vertex_exchange_prepare,compute,0.000107181000203,1,0,0,0,0,0,0,39,0,0,0,0,0,0,0,0,0,0,0
100,cn5088,vertex_exchange,communication,0.0133491080001,1,0,0,0,0,0,0,710,0,0,0,0,0,0,0,6,6,192170,105996
100,cn5088,vertex_exchange_unpack,compute,0.00272183399966,1,0,0,0,0,0,0,1171,0,0,0,0,0,0,0,0,0,0,0
100,cn5088,partition_result_io,io,0,0,0,0,0,0,0,0,0,0,0,0,0,0,0,0,0,0,0,0
100,cn5088,volume_exchange_pack,compute,0.157252941,2,0,0,0,0,0,0,2665,0,0,0,0,0,0,0,0,0,0,0
100,cn5088,volume_size_exchange,communication,0.00451191699995,1,0,0,0,0,0,0,0,0,0,0,0,0,0,0,8,8,32,32
100,cn5088,volume_payload_prepare,compute,0.00043232500002,1,0,0,0,0,0,0,136,0,0,0,0,0,0,0,0,0,0,0
100,cn5088,volume_payload_exchange,communication,0.0223219609998,1,0,0,0,0,0,0,453,0,0,0,0,0,0,0,8,8,3159360,3165720
100,cn5088,volume_exchange_unpack,compute,0.121165866,1,0,0,0,0,0,0,3474,0,0,0,0,0,0,1,0,0,0,0
100,cn5088,final_mesh_save,io,0,0,0,0,0,0,0,0,0,0,0,0,0,0,0,0,0,0,0,0
100,cn5088,testout_io,io,0,0,0,0,0,0,0,0,0,0,0,0,0,0,0,0,0,0,0,0
100,cn5088,final_count_exchange,communication,0,0,0,0,0,0,0,0,0,0,0,0,0,0,0,0,0,0,0,0
100,cn5088,quality_evaluation,postprocess,0,0,0,0,0,0,0,0,0,0,0,0,0,0,0,0,0,0,0,0
101,cn5089,geometry_load,io,1.733258045,1,0,0,0,0,0,0,5895,0,1035092,0,0,0,2,15,0,0,0,0
101,cn5089,coarse_local_size,setup,0.462707471,1,0,0,0,0,0,0,8245,0,0,0,0,0,107,26,0,0,0,0
101,cn5089,coarse_edge_mesh,setup,0.0125659229998,1,0,0,0,0,0,0,519,0,0,0,0,0,0,0,0,0,0,0
101,cn5089,coarse_surface_mesh,setup,8.110111992,1,0,0,0,0,0,0,12718,0,0,0,0,0,1,73,0,0,0,0
101,cn5089,coarse_volume_mesh,setup,13.293061717,1,0,0,0,0,0,0,20570,0,0,0,0,0,38596,1657409,0,0,0,0
101,cn5089,coarse_mesh_save,io,0,0,0,0,0,0,0,0,0,0,0,0,0,0,0,0,0,0,0,0
101,cn5089,submesh_initialization,setup,0.000127882000015,1,0,0,0,0,0,0,5,0,0,0,0,0,0,0,0,0,0,0
101,cn5089,metis_partition,compute,0.227023066,1,0,0,0,0,0,0,80,0,0,0,0,0,0,2,0,0,0,0
101,cn5089,face_map_setup,compute,0.00698713899965,1,0,0,0,0,0,0,264,0,0,0,0,0,0,1,0,0,0,0
101,cn5089,face_local_extract,compute,0.152987283,1,0,0,0,0,0,0,199,0,0,0,0,0,0,1,0,0,0,0
101,cn5089,face_pre_collective_wait,synchronization,0.10527876,1,0,0,0,0,0,0,16,0,0,0,0,0,0,1,0,0,0,0
101,cn5089,face_collective_setup,compute,0.000102941000023,1,0,0,0,0,0,0,16,0,0,0,0,0,0,0,0,0,0,0
101,cn5089,face_allgatherv,communication,0.0771868390002,1,0,0,0,0,0,0,45,0,0,0,0,0,0,0,1,1,37904,4859624
101,cn5089,face_global_merge,compute,0.0740187629999,1,0,0,0,0,0,0,0,0,0,0,0,0,0,1,0,0,0,0
101,cn5089,part_face_create,compute,0.0179716449998,1,0,0,0,0,0,0,4,0,0,0,0,0,0,0,0,0,0,0
101,cn5089,surface_refine,compute,0.00930910600027,1,0,0,0,0,0,0,1,0,0,0,0,0,0,0,0,0,0,0
101,cn5089,refined_surface_save,io,0,0,0,0,0,0,0,0,0,0,0,0,0,0,0,0,0,0,0,0
101,cn5089,local_volume_mesh,compute,8.811645024,1,0,0,0,0,0,0,1063,0,0,0,0,0,16563,844541,0,0,0,0
101,cn5089,volume_refine,compute,0.427263748,1,0,0,0,0,0,0,4544,0,0,0,0,0,0,3,0,0,0,0
101,cn5089,refined_volume_save,io,0,0,0,0,0,0,0,0,0,0,0,0,0,0,0,0,0,0,0,0
101,cn5089,adjacency_build,compute,0.00412654699994,1,0,0,0,0,0,0,0,0,0,0,0,0,0,0,0,0,0,0
101,cn5089,vertex_numbering_local,compute,0.0108047429999,1,0,0,0,0,0,0,39,0,0,0,0,0,0,0,0,0,0,0
101,cn5089,vertex_count_allgather,communication,2.666424016,1,0,0,0,0,0,0,84,0,0,0,0,0,0,26,1,1,4,512
101,cn5089,element_count_allgather,communication,0.000467644999844,1,0,0,0,0,0,0,0,0,0,0,0,0,0,0,1,1,4,512
101,cn5089,vertex_exchange_prepare,compute,0.000107200999992,1,0,0,0,0,0,0,29,0,0,0,0,0,0,0,0,0,0,0
101,cn5089,vertex_exchange,communication,0.0134996940001,1,0,0,0,0,0,0,30,0,0,0,0,0,0,0,5,4,94424,110858
101,cn5089,vertex_exchange_unpack,compute,0.00151011700018,1,0,0,0,0,0,0,0,0,0,0,0,0,0,0,0,0,0,0
101,cn5089,partition_result_io,io,0,0,0,0,0,0,0,0,0,0,0,0,0,0,0,0,0,0,0,0
101,cn5089,volume_exchange_pack,compute,0.15537143,2,0,0,0,0,0,0,926,0,0,0,0,0,0,1,0,0,0,0
101,cn5089,volume_size_exchange,communication,0.00810085300009,1,0,0,0,0,0,0,2,0,0,0,0,0,0,0,6,6,24,24
101,cn5089,volume_payload_prepare,compute,0.000222222000048,1,0,0,0,0,0,0,34,0,0,0,0,0,0,0,0,0,0,0
101,cn5089,volume_payload_exchange,communication,0.0225483959998,1,0,0,0,0,0,0,310,0,0,0,0,0,0,0,6,6,2174400,2161920
101,cn5089,volume_exchange_unpack,compute,0.112951506,1,0,0,0,0,0,0,4312,0,0,0,0,0,0,2,0,0,0,0
101,cn5089,final_mesh_save,io,0,0,0,0,0,0,0,0,0,0,0,0,0,0,0,0,0,0,0,0
101,cn5089,testout_io,io,0,0,0,0,0,0,0,0,0,0,0,0,0,0,0,0,0,0,0,0
101,cn5089,final_count_exchange,communication,0,0,0,0,0,0,0,0,0,0,0,0,0,0,0,0,0,0,0,0
101,cn5089,quality_evaluation,postprocess,0,0,0,0,0,0,0,0,0,0,0,0,0,0,0,0,0,0,0,0
102,cn5090,geometry_load,io,1.743633926,1,0,0,0,0,0,0,5895,0,1035092,0,0,0,2,2,0,0,0,0
102,cn5090,coarse_local_size,setup,0.492181799,1,0,0,0,0,0,0,8288,0,0,0,0,0,125,23,0,0,0,0
102,cn5090,coarse_edge_mesh,setup,0.0125202230001,1,0,0,0,0,0,0,489,0,0,0,0,0,0,0,0,0,0,0
102,cn5090,coarse_surface_mesh,setup,8.230565781,1,0,0,0,0,0,0,17055,0,0,0,0,0,0,10,0,0,0,0
102,cn5090,coarse_volume_mesh,setup,13.172133715,1,0,0,0,0,0,0,28321,0,0,0,0,0,37472,1479293,0,0,0,0
102,cn5090,coarse_mesh_save,io,0,0,0,0,0,0,0,0,0,0,0,0,0,0,0,0,0,0,0,0
102,cn5090,submesh_initialization,setup,0.000126440999793,1,0,0,0,0,0,0,3,0,0,0,0,0,0,0,0,0,0,0
102,cn5090,metis_partition,compute,0.23649042,1,0,0,0,0,0,0,323,0,0,0,0,0,0,1,0,0,0,0
102,cn5090,face_map_setup,compute,0.00730410300002,1,0,0,0,0,0,0,232,0,0,0,0,0,0,0,0,0,0,0
102,cn5090,face_local_extract,compute,0.160129388,1,0,0,0,0,0,0,745,0,0,0,0,0,0,0,0,0,0,0
102,cn5090,face_pre_collective_wait,synchronization,0.08840921,1,0,0,0,0,0,0,34,0,0,0,0,0,0,0,0,0,0,0
102,cn5090,face_collective_setup,compute,0.000139681999826,1,0,0,0,0,0,0,51,0,0,0,0,0,0,0,0,0,0,0
102,cn5090,face_allgatherv,communication,0.0770254990002,1,0,0,0,0,0,0,1315,0,0,0,0,0,0,0,1,1,37904,4859624
102,cn5090,face_global_merge,compute,0.0795675879999,1,0,0,0,0,0,0,892,0,0,0,0,0,0,0,0,0,0,0
102,cn5090,part_face_create,compute,0.0193669810001,1,0,0,0,0,0,0,287,0,0,0,0,0,0,0,0,0,0,0
102,cn5090,surface_refine,compute,0.00961968999991,1,0,0,0,0,0,0,57,0,0,0,0,0,0,0,0,0,0,0
102,cn5090,refined_surface_save,io,0,0,0,0,0,0,0,0,0,0,0,0,0,0,0,0,0,0,0,0
102,cn5090,local_volume_mesh,compute,8.332576245,1,0,0,0,0,0,0,2153,0,0,0,0,0,14051,674979,0,0,0,0
102,cn5090,volume_refine,compute,0.420940885,1,0,0,0,0,0,0,4783,0,0,0,0,0,0,1,0,0,0,0
102,cn5090,refined_volume_save,io,0,0,0,0,0,0,0,0,0,0,0,0,0,0,0,0,0,0,0,0
102,cn5090,adjacency_build,compute,0.00415664699995,1,0,0,0,0,0,0,0,0,0,0,0,0,0,0,0,0,0,0
102,cn5090,vertex_numbering_local,compute,0.00826781500018,1,0,0,0,0,0,0,1,0,0,0,0,0,0,0,0,0,0,0
102,cn5090,vertex_count_allgather,communication,3.146152037,1,0,0,0,0,0,0,106,0,0,0,0,0,0,4,1,1,4,512
102,cn5090,element_count_allgather,communication,0.000829349000014,1,0,0,0,0,0,0,3,0,0,0,0,0,0,0,1,1,4,512
102,cn5090,vertex_exchange_prepare,compute,2.65609996859e-05,1,0,0,0,0,0,0,9,0,0,0,0,0,0,0,0,0,0,0
102,cn5090,vertex_exchange,communication,0.00129691499978,1,0,0,0,0,0,0,60,0,0,0,0,0,0,0,3,2,79684,17996
102,cn5090,vertex_exchange_unpack,compute,0.000531065999894,1,0,0,0,0,0,0,253,0,0,0,0,0,0,0,0,0,0,0
102,cn5090,partition_result_io,io,0,0,0,0,0,0,0,0,0,0,0,0,0,0,0,0,0,0,0,0
102,cn5090,volume_exchange_pack,compute,0.108402177,2,0,0,0,0,0,0,1336,0,0,0,0,0,0,0,0,0,0,0
102,cn5090,volume_size_exchange,communication,0.0681750580002,1,0,0,0,0,0,0,1,0,0,0,0,0,0,0,3,3,12,12
102,cn5090,volume_payload_prepare,compute,0.000159281999913,1,0,0,0,0,0,0,35,0,0,0,0,0,0,0,0,0,0,0
102,cn5090,volume_payload_exchange,communication,0.0226046580001,1,0,0,0,0,0,0,88,0,0,0,0,0,0,0,3,3,1021440,1018080
102,cn5090,volume_exchange_unpack,compute,0.0829556670001,1,0,0,0,0,0,0,3786,0,0,0,0,0,0,0,0,0,0,0
102,cn5090,final_mesh_save,io,0,0,0,0,0,0,0,0,0,0,0,0,0,0,0,0,0,0,0,0
102,cn5090,testout_io,io,0,0,0,0,0,0,0,0,0,0,0,0,0,0,0,0,0,0,0,0
102,cn5090,final_count_exchange,communication,0,0,0,0,0,0,0,0,0,0,0,0,0,0,0,0,0,0,0,0
102,cn5090,quality_evaluation,postprocess,0,0,0,0,0,0,0,0,0,0,0,0,0,0,0,0,0,0,0,0
103,cn5091,geometry_load,io,1.736191645,1,0,0,0,0,0,0,5898,0,1035092,0,0,0,2,1,0,0,0,0
103,cn5091,coarse_local_size,setup,0.49753138,1,0,0,0,0,0,0,8379,0,0,0,0,0,116,21,0,0,0,0
103,cn5091,coarse_edge_mesh,setup,0.0592728809997,1,0,0,0,0,0,0,404,0,0,0,0,0,0,0,0,0,0,0
103,cn5091,coarse_surface_mesh,setup,8.005759982,1,0,0,0,0,0,0,9225,0,0,0,0,0,0,9,0,0,0,0
103,cn5091,coarse_volume_mesh,setup,13.377633018,1,0,0,0,0,0,0,23556,0,0,0,0,0,38842,1605522,0,0,0,0
103,cn5091,coarse_mesh_save,io,0,0,0,0,0,0,0,0,0,0,0,0,0,0,0,0,0,0,0,0
103,cn5091,submesh_initialization,setup,0.000158521999765,1,0,0,0,0,0,0,41,0,0,0,0,0,0,0,0,0,0,0
103,cn5091,metis_partition,compute,0.231064629,1,0,0,0,0,0,0,1341,0,0,0,0,0,0,1,0,0,0,0
103,cn5091,face_map_setup,compute,0.00751031399977,1,0,0,0,0,0,0,489,0,0,0,0,0,0,0,0,0,0,0
103,cn5091,face_local_extract,compute,0.15842226,1,0,0,0,0,0,0,790,0,0,0,0,0,0,0,0,0,0,0
103,cn5091,face_pre_collective_wait,synchronization,0.0952772109999,1,0,0,0,0,0,0,12,0,0,0,0,0,0,0,0,0,0,0
103,cn5091,face_collective_setup,compute,0.000105880999854,1,0,0,0,0,0,0,16,0,0,0,0,0,0,0,0,0,0,0
103,cn5091,face_allgatherv,communication,0.0771018840001,1,0,0,0,0,0,0,1146,0,0,0,0,0,0,0,1,1,37904,4859624
103,cn5091,face_global_merge,compute,0.0790440679998,1,0,0,0,0,0,0,539,0,0,0,0,0,0,0,0,0,0,0
103,cn5091,part_face_create,compute,0.0186833940002,1,0,0,0,0,0,0,22,0,0,0,0,0,0,0,0,0,0,0
103,cn5091,surface_refine,compute,0.0093030160001,1,0,0,0,0,0,0,47,0,0,0,0,0,0,0,0,0,0,0
103,cn5091,refined_surface_save,io,0,0,0,0,0,0,0,0,0,0,0,0,0,0,0,0,0,0,0,0
103,cn5091,local_volume_mesh,compute,8.390302009,1,0,0,0,0,0,0,3733,0,0,0,0,0,12058,529345,0,0,0,0
103,cn5091,volume_refine,compute,0.454741645,1,0,0,0,0,0,0,6590,0,0,0,0,0,0,0,0,0,0,0
103,cn5091,refined_volume_save,io,0,0,0,0,0,0,0,0,0,0,0,0,0,0,0,0,0,0,0,0
103,cn5091,adjacency_build,compute,0.00436475400011,1,0,0,0,0,0,0,8,0,0,0,0,0,0,0,0,0,0,0
103,cn5091,vertex_numbering_local,compute,0.0103966299998,1,0,0,0,0,0,0,2,0,0,0,0,0,0,0,0,0,0,0
103,cn5091,vertex_count_allgather,communication,3.054535765,1,0,0,0,0,0,0,28,0,0,0,0,0,0,3,1,1,4,512
103,cn5091,element_count_allgather,communication,0.000438625999777,1,0,0,0,0,0,0,0,0,0,0,0,0,0,0,1,1,4,512
103,cn5091,vertex_exchange_prepare,compute,2.91000001198e-05,1,0,0,0,0,0,0,0,0,0,0,0,0,0,0,0,0,0,0
103,cn5091,vertex_exchange,communication,0.012308934,1,0,0,0,0,0,0,21,0,0,0,0,0,0,0,4,5,4048,187836
103,cn5091,vertex_exchange_unpack,compute,0.00268137300009,1,0,0,0,0,0,0,0,0,0,0,0,0,0,0,0,0,0,0
103,cn5091,partition_result_io,io,0,0,0,0,0,0,0,0,0,0,0,0,0,0,0,0,0,0,0,0
103,cn5091,volume_exchange_pack,compute,0.163407883,2,0,0,0,0,0,0,1,0,0,0,0,0,0,0,0,0,0,0
103,cn5091,volume_size_exchange,communication,4.23209999099e-05,1,0,0,0,0,0,0,0,0,0,0,0,0,0,0,6,6,24,24
103,cn5091,volume_payload_prepare,compute,0.000147641999774,1,0,0,0,0,0,0,0,0,0,0,0,0,0,0,0,0,0,0
103,cn5091,volume_payload_exchange,communication,0.021706391,1,0,0,0,0,0,0,23,0,0,0,0,0,0,0,6,6,2048400,2050320
103,cn5091,volume_exchange_unpack,compute,0.102801606,1,0,0,0,0,0,0,2530,0,0,0,0,0,0,0,0,0,0,0
103,cn5091,final_mesh_save,io,0,0,0,0,0,0,0,0,0,0,0,0,0,0,0,0,0,0,0,0
103,cn5091,testout_io,io,0,0,0,0,0,0,0,0,0,0,0,0,0,0,0,0,0,0,0,0
103,cn5091,final_count_exchange,communication,0,0,0,0,0,0,0,0,0,0,0,0,0,0,0,0,0,0,0,0
103,cn5091,quality_evaluation,postprocess,0,0,0,0,0,0,0,0,0,0,0,0,0,0,0,0,0,0,0,0
104,cn5092,geometry_load,io,1.768490064,1,0,0,0,0,0,0,5896,0,1035092,0,0,0,2,2,0,0,0,0
104,cn5092,coarse_local_size,setup,0.477712304,1,0,0,0,0,0,0,8359,0,0,0,0,0,115,22,0,0,0,0
104,cn5092,coarse_edge_mesh,setup,0.0123234869998,1,0,0,0,0,0,0,428,0,0,0,0,0,0,0,0,0,0,0
104,cn5092,coarse_surface_mesh,setup,8.198073177,1,0,0,0,0,0,0,11044,0,0,0,0,0,0,11,0,0,0,0
104,cn5092,coarse_volume_mesh,setup,13.495891213,1,0,0,0,0,0,0,22539,0,0,0,0,0,38706,1646616,0,0,0,0
104,cn5092,coarse_mesh_save,io,0,0,0,0,0,0,0,0,0,0,0,0,0,0,0,0,0,0,0,0
104,cn5092,submesh_initialization,setup,0.000119061999612,1,0,0,0,0,0,0,1,0,0,0,0,0,0,0,0,0,0,0
104,cn5092,metis_partition,compute,0.23208349,1,0,0,0,0,0,0,392,0,0,0,0,0,0,1,0,0,0,0
104,cn5092,face_map_setup,compute,0.0070706460001,1,0,0,0,0,0,0,170,0,0,0,0,0,0,0,0,0,0,0
104,cn5092,face_local_extract,compute,0.162445297,1,0,0,0,0,0,0,591,0,0,0,0,0,0,0,0,0,0,0
104,cn5092,face_pre_collective_wait,synchronization,0.0907736730001,1,0,0,0,0,0,0,1,0,0,0,0,0,0,0,0,0,0,0
104,cn5092,face_collective_setup,compute,0.000110561999918,1,0,0,0,0,0,0,13,0,0,0,0,0,0,0,0,0,0,0
104,cn5092,face_allgatherv,communication,0.077077726,1,0,0,0,0,0,0,843,0,0,0,0,0,0,0,1,1,37904,4859624
104,cn5092,face_global_merge,compute,0.0768542430001,1,0,0,0,0,0,0,219,0,0,0,0,0,0,0,0,0,0,0
104,cn5092,part_face_create,compute,0.018333218,1,0,0,0,0,0,0,3,0,0,0,0,0,0,0,0,0,0,0
104,cn5092,surface_refine,compute,0.00846792799985,1,0,0,0,0,0,0,2,0,0,0,0,0,0,0,0,0,0,0
104,cn5092,refined_surface_save,io,0,0,0,0,0,0,0,0,0,0,0,0,0,0,0,0,0,0,0,0
104,cn5092,local_volume_mesh,compute,7.979866996,1,0,0,0,0,0,0,3501,0,0,0,0,0,10830,472451,0,0,0,0
104,cn5092,volume_refine,compute,0.409762737,1,0,0,0,0,0,0,5608,0,0,0,0,0,0,0,0,0,0,0
104,cn5092,refined_volume_save,io,0,0,0,0,0,0,0,0,0,0,0,0,0,0,0,0,0,0,0,0
104,cn5092,adjacency_build,compute,0.00424018500007,1,0,0,0,0,0,0,7,0,0,0,0,0,0,0,0,0,0,0
104,cn5092,vertex_numbering_local,compute,0.0105698799998,1,0,0,0,0,0,0,83,0,0,0,0,0,0,0,0,0,0,0
104,cn5092,vertex_count_allgather,communication,3.513403691,1,0,0,0,0,0,0,109,0,0,0,0,0,0,4,1,1,4,512
104,cn5092,element_count_allgather,communication,0.000812312000107,1,0,0,0,0,0,0,0,0,0,0,0,0,0,0,1,1,4,512
104,cn5092,vertex_exchange_prepare,compute,0.000106141999822,1,0,0,0,0,0,0,32,0,0,0,0,0,0,0,0,0,0,0
104,cn5092,vertex_exchange,communication,0.0121200829999,1,0,0,0,0,0,0,153,0,0,0,0,0,0,0,6,7,132066,78518
104,cn5092,vertex_exchange_unpack,compute,0.00178790699965,1,0,0,0,0,0,0,642,0,0,0,0,0,0,0,0,0,0,0
104,cn5092,partition_result_io,io,0,0,0,0,0,0,0,0,0,0,0,0,0,0,0,0,0,0,0,0
104,cn5092,volume_exchange_pack,compute,0.151557712,2,0,0,0,0,0,0,1955,0,0,0,0,0,0,0,0,0,0,0
104,cn5092,volume_size_exchange,communication,0.0338940330003,1,0,0,0,0,0,0,47,0,0,0,0,0,0,0,9,9,36,36
104,cn5092,volume_payload_prepare,compute,0.000376666000193,1,0,0,0,0,0,0,102,0,0,0,0,0,0,0,0,0,0,0
104,cn5092,volume_payload_exchange,communication,0.00225441399971,1,0,0,0,0,0,0,190,0,0,0,0,0,0,0,9,9,2226360,2234400
104,cn5092,volume_exchange_unpack,compute,0.109011628,1,0,0,0,0,0,0,4132,0,0,0,0,0,0,0,0,0,0,0
104,cn5092,final_mesh_save,io,0,0,0,0,0,0,0,0,0,0,0,0,0,0,0,0,0,0,0,0
104,cn5092,testout_io,io,0,0,0,0,0,0,0,0,0,0,0,0,0,0,0,0,0,0,0,0
104,cn5092,final_count_exchange,communication,0,0,0,0,0,0,0,0,0,0,0,0,0,0,0,0,0,0,0,0
104,cn5092,quality_evaluation,postprocess,0,0,0,0,0,0,0,0,0,0,0,0,0,0,0,0,0,0,0,0
105,cn5093,geometry_load,io,1.736970967,1,0,0,0,0,0,0,5896,0,1035092,0,0,0,2,15,0,0,0,0
105,cn5093,coarse_local_size,setup,0.479290856,1,0,0,0,0,0,0,8432,0,0,0,0,0,105,25,0,0,0,0
105,cn5093,coarse_edge_mesh,setup,0.0127686789997,1,0,0,0,0,0,0,522,0,0,0,0,0,0,1,0,0,0,0
105,cn5093,coarse_surface_mesh,setup,8.248043231,1,0,0,0,0,0,0,17387,0,0,0,0,0,0,75,0,0,0,0
105,cn5093,coarse_volume_mesh,setup,13.279420642,1,0,0,0,0,0,0,28575,0,0,0,0,0,37143,1679917,0,0,0,0
105,cn5093,coarse_mesh_save,io,0,0,0,0,0,0,0,0,0,0,0,0,0,0,0,0,0,0,0,0
105,cn5093,submesh_initialization,setup,0.000178562000201,1,0,0,0,0,0,0,60,0,0,0,0,0,0,0,0,0,0,0
105,cn5093,metis_partition,compute,0.23693687,1,0,0,0,0,0,0,2073,0,0,0,0,0,0,2,0,0,0,0
105,cn5093,face_map_setup,compute,0.007758749,1,0,0,0,0,0,0,733,0,0,0,0,0,0,0,0,0,0,0
105,cn5093,face_local_extract,compute,0.156761291,1,0,0,0,0,0,0,797,0,0,0,0,0,0,1,0,0,0,0
105,cn5093,face_pre_collective_wait,synchronization,0.0907114869997,1,0,0,0,0,0,0,18,0,0,0,0,0,0,1,0,0,0,0
105,cn5093,face_collective_setup,compute,0.000108061999981,1,0,0,0,0,0,0,16,0,0,0,0,0,0,0,0,0,0,0
105,cn5093,face_allgatherv,communication,0.0770057760001,1,0,0,0,0,0,0,1153,0,0,0,0,0,0,0,1,1,37904,4859624
105,cn5093,face_global_merge,compute,0.079968257,1,0,0,0,0,0,0,464,0,0,0,0,0,0,2,0,0,0,0
105,cn5093,part_face_create,compute,0.0191624470003,1,0,0,0,0,0,0,19,0,0,0,0,0,0,0,0,0,0,0
105,cn5093,surface_refine,compute,0.0103140240003,1,0,0,0,0,0,0,45,0,0,0,0,0,0,0,0,0,0,0
105,cn5093,refined_surface_save,io,0,0,0,0,0,0,0,0,0,0,0,0,0,0,0,0,0,0,0,0
105,cn5093,local_volume_mesh,compute,9.748018806,1,0,0,0,0,0,0,4584,0,0,0,0,0,13681,768938,0,0,0,0
105,cn5093,volume_refine,compute,0.510166927,1,0,0,0,0,0,0,6197,0,0,0,0,0,0,5,0,0,0,0
105,cn5093,refined_volume_save,io,0,0,0,0,0,0,0,0,0,0,0,0,0,0,0,0,0,0,0,0
105,cn5093,adjacency_build,compute,0.00436624099984,1,0,0,0,0,0,0,15,0,0,0,0,0,0,0,0,0,0,0
105,cn5093,vertex_numbering_local,compute,0.0107701510001,1,0,0,0,0,0,0,255,0,0,0,0,0,0,0,0,0,0,0
105,cn5093,vertex_count_allgather,communication,1.63842557,1,0,0,0,0,0,0,85,0,0,0,0,0,0,15,1,1,4,512
105,cn5093,element_count_allgather,communication,0.00080699099999,1,0,0,0,0,0,0,0,0,0,0,0,0,0,0,1,1,4,512
105,cn5093,vertex_exchange_prepare,compute,0.000102201000118,1,0,0,0,0,0,0,27,0,0,0,0,0,0,0,0,0,0,0
105,cn5093,vertex_exchange,communication,0.012052389,1,0,0,0,0,0,0,20,0,0,0,0,0,0,0,2,3,39908,101244
105,cn5093,vertex_exchange_unpack,compute,0.00150716100006,1,0,0,0,0,0,0,0,0,0,0,0,0,0,0,0,0,0,0
105,cn5093,partition_result_io,io,0,0,0,0,0,0,0,0,0,0,0,0,0,0,0,0,0,0,0,0
105,cn5093,volume_exchange_pack,compute,0.15958565,2,0,0,0,0,0,0,598,0,0,0,0,0,0,1,0,0,0,0
105,cn5093,volume_size_exchange,communication,0.0260932649999,1,0,0,0,0,0,0,8,0,0,0,0,0,0,0,4,4,16,16
105,cn5093,volume_payload_prepare,compute,0.000250482999945,1,0,0,0,0,0,0,68,0,0,0,0,0,0,0,0,0,0,0
105,cn5093,volume_payload_exchange,communication,0.00220345100024,1,0,0,0,0,0,0,148,0,0,0,0,0,0,0,4,4,1492320,1488960
105,cn5093,volume_exchange_unpack,compute,0.113031759,1,0,0,0,0,0,0,4962,0,0,0,0,0,0,1,0,0,0,0
105,cn5093,final_mesh_save,io,0,0,0,0,0,0,0,0,0,0,0,0,0,0,0,0,0,0,0,0
105,cn5093,testout_io,io,0,0,0,0,0,0,0,0,0,0,0,0,0,0,0,0,0,0,0,0
105,cn5093,final_count_exchange,communication,0,0,0,0,0,0,0,0,0,0,0,0,0,0,0,0,0,0,0,0
105,cn5093,quality_evaluation,postprocess,0,0,0,0,0,0,0,0,0,0,0,0,0,0,0,0,0,0,0,0
106,cn5094,geometry_load,io,1.767989544,1,0,0,0,0,0,0,5895,0,1035092,0,0,0,2,15,0,0,0,0
106,cn5094,coarse_local_size,setup,0.466080109,1,0,0,0,0,0,0,8427,0,0,0,0,0,85,23,0,0,0,0
106,cn5094,coarse_edge_mesh,setup,0.0125946130001,1,0,0,0,0,0,0,487,0,0,0,0,0,0,0,0,0,0,0
106,cn5094,coarse_surface_mesh,setup,8.165556839,1,0,0,0,0,0,0,13906,0,0,0,0,0,0,72,0,0,0,0
106,cn5094,coarse_volume_mesh,setup,13.355597325,1,0,0,0,0,0,0,22209,0,0,0,0,0,37086,1709862,0,0,0,0
106,cn5094,coarse_mesh_save,io,0,0,0,0,0,0,0,0,0,0,0,0,0,0,0,0,0,0,0,0
106,cn5094,submesh_initialization,setup,0.000115701000141,1,0,0,0,0,0,0,1,0,0,0,0,0,0,0,0,0,0,0
106,cn5094,metis_partition,compute,0.230475744,1,0,0,0,0,0,0,61,0,0,0,0,0,0,3,0,0,0,0
106,cn5094,face_map_setup,compute,0.00672198199982,1,0,0,0,0,0,0,3,0,0,0,0,0,0,0,0,0,0,0
106,cn5094,face_local_extract,compute,0.159405598,1,0,0,0,0,0,0,555,0,0,0,0,0,0,1,0,0,0,0
106,cn5094,face_pre_collective_wait,synchronization,0.0957513840003,1,0,0,0,0,0,0,1,0,0,0,0,0,0,1,0,0,0,0
106,cn5094,face_collective_setup,compute,0.000111440999717,1,0,0,0,0,0,0,16,0,0,0,0,0,0,0,0,0,0,0
106,cn5094,face_allgatherv,communication,0.076958136,1,0,0,0,0,0,0,816,0,0,0,0,0,0,0,1,1,37904,4859624
106,cn5094,face_global_merge,compute,0.0741725019998,1,0,0,0,0,0,0,105,0,0,0,0,0,0,1,0,0,0,0
106,cn5094,part_face_create,compute,0.0180916600002,1,0,0,0,0,0,0,3,0,0,0,0,0,0,0,0,0,0,0
106,cn5094,surface_refine,compute,0.00931161300014,1,0,0,0,0,0,0,45,0,0,0,0,0,0,0,0,0,0,0
106,cn5094,refined_surface_save,io,0,0,0,0,0,0,0,0,0,0,0,0,0,0,0,0,0,0,0,0
106,cn5094,local_volume_mesh,compute,9.55763101,1,0,0,0,0,0,0,2923,0,0,0,0,0,16711,873666,0,0,0,0
106,cn5094,volume_refine,compute,0.460659343,1,0,0,0,0,0,0,6090,0,0,0,0,0,0,3,0,0,0,0
106,cn5094,refined_volume_save,io,0,0,0,0,0,0,0,0,0,0,0,0,0,0,0,0,0,0,0,0
106,cn5094,adjacency_build,compute,0.00413191000007,1,0,0,0,0,0,0,0,0,0,0,0,0,0,0,0,0,0,0
106,cn5094,vertex_numbering_local,compute,0.01066859,1,0,0,0,0,0,0,252,0,0,0,0,0,0,0,0,0,0,0
106,cn5094,vertex_count_allgather,communication,1.886975551,1,0,0,0,0,0,0,80,0,0,0,0,0,0,17,1,1,4,512
106,cn5094,element_count_allgather,communication,0.000412385000345,1,0,0,0,0,0,0,0,0,0,0,0,0,0,0,1,1,4,512
106,cn5094,vertex_exchange_prepare,compute,1.17200002023e-05,1,0,0,0,0,0,0,0,0,0,0,0,0,0,0,0,0,0,0
106,cn5094,vertex_exchange,communication,0.0100088219997,1,0,0,0,0,0,0,44,0,0,0,0,0,0,0,6,3,140844,24288
106,cn5094,vertex_exchange_unpack,compute,0.000355144999958,1,0,0,0,0,0,0,0,0,0,0,0,0,0,0,0,0,0,0
106,cn5094,partition_result_io,io,0,0,0,0,0,0,0,0,0,0,0,0,0,0,0,0,0,0,0,0
106,cn5094,volume_exchange_pack,compute,0.156439343,2,0,0,0,0,0,0,842,0,0,0,0,0,0,1,0,0,0,0
106,cn5094,volume_size_exchange,communication,0.0327047780002,1,0,0,0,0,0,0,2,0,0,0,0,0,0,0,6,6,24,24
106,cn5094,volume_payload_prepare,compute,0.000246222999976,1,0,0,0,0,0,0,68,0,0,0,0,0,0,0,0,0,0,0
106,cn5094,volume_payload_exchange,communication,0.00838220200012,1,0,0,0,0,0,0,266,0,0,0,0,0,0,0,6,6,1749720,1741800
106,cn5094,volume_exchange_unpack,compute,0.114903537,1,0,0,0,0,0,0,4815,0,0,0,0,0,0,1,0,0,0,0
106,cn5094,final_mesh_save,io,0,0,0,0,0,0,0,0,0,0,0,0,0,0,0,0,0,0,0,0
106,cn5094,testout_io,io,0,0,0,0,0,0,0,0,0,0,0,0,0,0,0,0,0,0,0,0
106,cn5094,final_count_exchange,communication,0,0,0,0,0,0,0,0,0,0,0,0,0,0,0,0,0,0,0,0
106,cn5094,quality_evaluation,postprocess,0,0,0,0,0,0,0,0,0,0,0,0,0,0,0,0,0,0,0,0
107,cn5095,geometry_load,io,1.740283767,1,0,0,0,0,0,0,5895,0,1035092,0,0,0,2,3,0,0,0,0
107,cn5095,coarse_local_size,setup,0.460120866,1,0,0,0,0,0,0,8322,0,0,0,0,0,82,21,0,0,0,0
107,cn5095,coarse_edge_mesh,setup,0.0127134520003,1,0,0,0,0,0,0,505,0,0,0,0,0,0,0,0,0,0,0
107,cn5095,coarse_surface_mesh,setup,8.101436452,1,0,0,0,0,0,0,13927,0,0,0,0,0,0,10,0,0,0,0
107,cn5095,coarse_volume_mesh,setup,13.251247139,1,0,0,0,0,0,0,21944,0,0,0,0,0,39081,1688178,0,0,0,0
107,cn5095,coarse_mesh_save,io,0,0,0,0,0,0,0,0,0,0,0,0,0,0,0,0,0,0,0,0
107,cn5095,submesh_initialization,setup,0.000126642000396,1,0,0,0,0,0,0,5,0,0,0,0,0,0,0,0,0,0,0
107,cn5095,metis_partition,compute,0.227704227,1,0,0,0,0,0,0,61,0,0,0,0,0,0,0,0,0,0,0
107,cn5095,face_map_setup,compute,0.00681256300004,1,0,0,0,0,0,0,261,0,0,0,0,0,0,0,0,0,0,0
107,cn5095,face_local_extract,compute,0.155435673,1,0,0,0,0,0,0,197,0,0,0,0,0,0,0,0,0,0,0
107,cn5095,face_pre_collective_wait,synchronization,0.10235091,1,0,0,0,0,0,0,12,0,0,0,0,0,0,0,0,0,0,0
107,cn5095,face_collective_setup,compute,0.000102722000065,1,0,0,0,0,0,0,13,0,0,0,0,0,0,0,0,0,0,0
107,cn5095,face_allgatherv,communication,0.076927564,1,0,0,0,0,0,0,38,0,0,0,0,0,0,0,1,1,37904,4859624
107,cn5095,face_global_merge,compute,0.0728737230002,1,0,0,0,0,0,0,0,0,0,0,0,0,0,0,0,0,0,0
107,cn5095,part_face_create,compute,0.0186899230002,1,0,0,0,0,0,0,3,0,0,0,0,0,0,1,0,0,0,0
107,cn5095,surface_refine,compute,0.00849242799995,1,0,0,0,0,0,0,1,0,0,0,0,0,0,0,0,0,0,0
107,cn5095,refined_surface_save,io,0,0,0,0,0,0,0,0,0,0,0,0,0,0,0,0,0,0,0,0
107,cn5095,local_volume_mesh,compute,8.627186392,1,0,0,0,0,0,0,1939,0,0,0,0,0,12820,645834,0,0,0,0
107,cn5095,volume_refine,compute,0.424861853,1,0,0,0,0,0,0,7416,0,0,0,0,0,0,1,0,0,0,0
107,cn5095,refined_volume_save,io,0,0,0,0,0,0,0,0,0,0,0,0,0,0,0,0,0,0,0,0
107,cn5095,adjacency_build,compute,0.00390435899999,1,0,0,0,0,0,0,0,0,0,0,0,0,0,0,0,0,0,0
107,cn5095,vertex_numbering_local,compute,0.00724489000004,1,0,0,0,0,0,0,21,0,0,0,0,0,0,0,0,0,0,0
107,cn5095,vertex_count_allgather,communication,2.858597718,1,0,0,0,0,0,0,64,0,0,0,0,0,0,2,1,1,4,512
107,cn5095,element_count_allgather,communication,0.000461347000055,1,0,0,0,0,0,0,0,0,0,0,0,0,0,0,1,1,4,512
107,cn5095,vertex_exchange_prepare,compute,9.75019997895e-05,1,0,0,0,0,0,0,22,0,0,0,0,0,0,0,0,0,0,0
107,cn5095,vertex_exchange,communication,0.0112927709997,1,0,0,0,0,0,0,20,0,0,0,0,0,0,0,0,2,0,82742
107,cn5095,vertex_exchange_unpack,compute,0.00115807800012,1,0,0,0,0,0,0,0,0,0,0,0,0,0,0,0,0,0,0
107,cn5095,partition_result_io,io,0,0,0,0,0,0,0,0,0,0,0,0,0,0,0,0,0,0,0,0
107,cn5095,volume_exchange_pack,compute,0.122379572,2,0,0,0,0,0,0,484,0,0,0,0,0,0,1,0,0,0,0
107,cn5095,volume_size_exchange,communication,0.0319901040002,1,0,0,0,0,0,0,2,0,0,0,0,0,0,0,2,2,8,8
107,cn5095,volume_payload_prepare,compute,6.262099987e-05,1,0,0,0,0,0,0,0,0,0,0,0,0,0,0,0,0,0,0
107,cn5095,volume_payload_exchange,communication,0.0343031990001,1,0,0,0,0,0,0,10,0,0,0,0,0,0,0,2,2,865440,865440
107,cn5095,volume_exchange_unpack,compute,0.0847288230002,1,0,0,0,0,0,0,4072,0,0,0,0,0,0,0,0,0,0,0
107,cn5095,final_mesh_save,io,0,0,0,0,0,0,0,0,0,0,0,0,0,0,0,0,0,0,0,0
107,cn5095,testout_io,io,0,0,0,0,0,0,0,0,0,0,0,0,0,0,0,0,0,0,0,0
107,cn5095,final_count_exchange,communication,0,0,0,0,0,0,0,0,0,0,0,0,0,0,0,0,0,0,0,0
107,cn5095,quality_evaluation,postprocess,0,0,0,0,0,0,0,0,0,0,0,0,0,0,0,0,0,0,0,0
108,cn5096,geometry_load,io,1.743572993,1,0,0,0,0,0,0,5894,0,1035092,0,0,0,2,3,0,0,0,0
108,cn5096,coarse_local_size,setup,0.46657294,1,0,0,0,0,0,0,8361,0,0,0,0,0,95,22,0,0,0,0
108,cn5096,coarse_edge_mesh,setup,0.0125901870001,1,0,0,0,0,0,0,507,0,0,0,0,0,0,0,0,0,0,0
108,cn5096,coarse_surface_mesh,setup,8.252951887,1,0,0,0,0,0,0,17070,0,0,0,0,0,0,10,0,0,0,0
108,cn5096,coarse_volume_mesh,setup,13.35108541,1,0,0,0,0,0,0,22851,0,0,0,0,0,37843,1577487,0,0,0,0
108,cn5096,coarse_mesh_save,io,0,0,0,0,0,0,0,0,0,0,0,0,0,0,0,0,0,0,0,0
108,cn5096,submesh_initialization,setup,0.000122140999792,1,0,0,0,0,0,0,4,0,0,0,0,0,0,0,0,0,0,0
108,cn5096,metis_partition,compute,0.225078301,1,0,0,0,0,0,0,463,0,0,0,0,0,0,1,0,0,0,0
108,cn5096,face_map_setup,compute,0.00695939199977,1,0,0,0,0,0,0,263,0,0,0,0,0,0,0,0,0,0,0
108,cn5096,face_local_extract,compute,0.159559113,1,0,0,0,0,0,0,199,0,0,0,0,0,0,0,0,0,0,0
108,cn5096,face_pre_collective_wait,synchronization,0.100720114,1,0,0,0,0,0,0,12,0,0,0,0,0,0,0,0,0,0,0
108,cn5096,face_collective_setup,compute,0.000106641000002,1,0,0,0,0,0,0,13,0,0,0,0,0,0,0,0,0,0,0
108,cn5096,face_allgatherv,communication,0.0768545579999,1,0,0,0,0,0,0,40,0,0,0,0,0,0,0,1,1,37904,4859624
108,cn5096,face_global_merge,compute,0.0735882549998,1,0,0,0,0,0,0,51,0,0,0,0,0,0,0,0,0,0,0
108,cn5096,part_face_create,compute,0.018086819,1,0,0,0,0,0,0,3,0,0,0,0,0,0,0,0,0,0,0
108,cn5096,surface_refine,compute,0.0082155490004,1,0,0,0,0,0,0,44,0,0,0,0,0,0,0,0,0,0,0
108,cn5096,refined_surface_save,io,0,0,0,0,0,0,0,0,0,0,0,0,0,0,0,0,0,0,0,0
108,cn5096,local_volume_mesh,compute,7.428257645,1,0,0,0,0,0,0,1827,0,0,0,0,0,13200,552133,0,0,0,0
108,cn5096,volume_refine,compute,0.393603193,1,0,0,0,0,0,0,4920,0,0,0,0,0,0,0,0,0,0,0
108,cn5096,refined_volume_save,io,0,0,0,0,0,0,0,0,0,0,0,0,0,0,0,0,0,0,0,0
108,cn5096,adjacency_build,compute,0.00418461500021,1,0,0,0,0,0,0,4,0,0,0,0,0,0,0,0,0,0,0
108,cn5096,vertex_numbering_local,compute,0.0109349650002,1,0,0,0,0,0,0,336,0,0,0,0,0,0,0,0,0,0,0
108,cn5096,vertex_count_allgather,communication,4.085084666,1,0,0,0,0,0,0,102,0,0,0,0,0,0,5,1,1,4,512
108,cn5096,element_count_allgather,communication,0.000853171000017,1,0,0,0,0,0,0,1,0,0,0,0,0,0,0,1,1,4,512
108,cn5096,vertex_exchange_prepare,compute,4.52399999631e-05,1,0,0,0,0,0,0,20,0,0,0,0,0,0,0,0,0,0,0
108,cn5096,vertex_exchange,communication,0.0112451489999,1,0,0,0,0,0,0,155,0,0,0,0,0,0,0,5,5,156728,47322
108,cn5096,vertex_exchange_unpack,compute,0.000672028999816,1,0,0,0,0,0,0,6,0,0,0,0,0,0,0,0,0,0,0
108,cn5096,partition_result_io,io,0,0,0,0,0,0,0,0,0,0,0,0,0,0,0,0,0,0,0,0
108,cn5096,volume_exchange_pack,compute,0.14730667,2,0,0,0,0,0,0,1410,0,0,0,0,0,0,0,0,0,0,0
108,cn5096,volume_size_exchange,communication,0.00710745400011,1,0,0,0,0,0,0,0,0,0,0,0,0,0,0,5,5,20,20
108,cn5096,volume_payload_prepare,compute,0.000334164999913,1,0,0,0,0,0,0,102,0,0,0,0,0,0,0,0,0,0,0
108,cn5096,volume_payload_exchange,communication,0.0409769029998,1,0,0,0,0,0,0,274,0,0,0,0,0,0,0,5,5,2177640,2181960
108,cn5096,volume_exchange_unpack,compute,0.100287048,1,0,0,0,0,0,0,3083,0,0,0,0,0,0,0,0,0,0,0
108,cn5096,final_mesh_save,io,0,0,0,0,0,0,0,0,0,0,0,0,0,0,0,0,0,0,0,0
108,cn5096,testout_io,io,0,0,0,0,0,0,0,0,0,0,0,0,0,0,0,0,0,0,0,0
108,cn5096,final_count_exchange,communication,0,0,0,0,0,0,0,0,0,0,0,0,0,0,0,0,0,0,0,0
108,cn5096,quality_evaluation,postprocess,0,0,0,0,0,0,0,0,0,0,0,0,0,0,0,0,0,0,0,0
109,cn5097,geometry_load,io,1.737793316,1,0,0,0,0,0,0,5898,0,1035092,0,0,0,2,1,0,0,0,0
109,cn5097,coarse_local_size,setup,0.479889979,1,0,0,0,0,0,0,8463,0,0,0,0,0,135,23,0,0,0,0
109,cn5097,coarse_edge_mesh,setup,0.012435995,1,0,0,0,0,0,0,434,0,0,0,0,0,0,0,0,0,0,0
109,cn5097,coarse_surface_mesh,setup,8.164931559,1,0,0,0,0,0,0,14130,0,0,0,0,0,0,10,0,0,0,0
109,cn5097,coarse_volume_mesh,setup,13.145959275,1,0,0,0,0,0,0,22395,0,0,0,0,0,35149,1426017,0,0,0,0
109,cn5097,coarse_mesh_save,io,0,0,0,0,0,0,0,0,0,0,0,0,0,0,0,0,0,0,0,0
109,cn5097,submesh_initialization,setup,0.000123361999613,1,0,0,0,0,0,0,1,0,0,0,0,0,0,0,0,0,0,0
109,cn5097,metis_partition,compute,0.228320196,1,0,0,0,0,0,0,378,0,0,0,0,0,0,1,0,0,0,0
109,cn5097,face_map_setup,compute,0.0072277219997,1,0,0,0,0,0,0,471,0,0,0,0,0,0,0,0,0,0,0
109,cn5097,face_local_extract,compute,0.1576286,1,0,0,0,0,0,0,1028,0,0,0,0,0,0,0,0,0,0,0
109,cn5097,face_pre_collective_wait,synchronization,0.0991732570001,1,0,0,0,0,0,0,23,0,0,0,0,0,0,0,0,0,0,0
109,cn5097,face_collective_setup,compute,0.000109081000119,1,0,0,0,0,0,0,16,0,0,0,0,0,0,0,0,0,0,0
109,cn5097,face_allgatherv,communication,0.0784055449999,1,0,0,0,0,0,0,1208,0,0,0,0,0,0,0,1,1,37904,4859624
109,cn5097,face_global_merge,compute,0.0751262989997,1,0,0,0,0,0,0,282,0,0,0,0,0,0,0,0,0,0,0
109,cn5097,part_face_create,compute,0.0181416959999,1,0,0,0,0,0,0,16,0,0,0,0,0,0,0,0,0,0,0
109,cn5097,surface_refine,compute,0.00813837500027,1,0,0,0,0,0,0,47,0,0,0,0,0,0,0,0,0,0,0
109,cn5097,refined_surface_save,io,0,0,0,0,0,0,0,0,0,0,0,0,0,0,0,0,0,0,0,0
109,cn5097,local_volume_mesh,compute,6.777452658,1,0,0,0,0,0,0,902,0,0,0,0,0,16424,569978,0,0,0,0
109,cn5097,volume_refine,compute,0.275431799,1,0,0,0,0,0,0,4746,0,0,0,0,0,0,0,0,0,0,0
109,cn5097,refined_volume_save,io,0,0,0,0,0,0,0,0,0,0,0,0,0,0,0,0,0,0,0,0
109,cn5097,adjacency_build,compute,0.00412301799997,1,0,0,0,0,0,0,0,0,0,0,0,0,0,0,0,0,0,0
109,cn5097,vertex_numbering_local,compute,0.0120566289997,1,0,0,0,0,0,0,1,0,0,0,0,0,0,0,0,0,0,0
109,cn5097,vertex_count_allgather,communication,4.849891209,1,0,0,0,0,0,0,98,0,0,0,0,0,0,5,1,1,4,512
109,cn5097,element_count_allgather,communication,0.000818432000415,1,0,0,0,0,0,0,2,0,0,0,0,0,0,0,1,1,4,512
109,cn5097,vertex_exchange_prepare,compute,3.75409999833e-05,1,0,0,0,0,0,0,15,0,0,0,0,0,0,0,0,0,0,0
109,cn5097,vertex_exchange,communication,0.0133612879999,1,0,0,0,0,0,0,105,0,0,0,0,0,0,0,7,5,176858,118184
109,cn5097,vertex_exchange_unpack,compute,0.00169132300016,1,0,0,0,0,0,0,77,0,0,0,0,0,0,0,0,0,0,0
109,cn5097,partition_result_io,io,0,0,0,0,0,0,0,0,0,0,0,0,0,0,0,0,0,0,0,0
109,cn5097,volume_exchange_pack,compute,0.144918521,2,0,0,0,0,0,0,350,0,0,0,0,0,0,0,0,0,0,0
109,cn5097,volume_size_exchange,communication,0.0399807429999,1,0,0,0,0,0,0,0,0,0,0,0,0,0,0,6,6,24,24
109,cn5097,volume_payload_prepare,compute,0.00040998600025,1,0,0,0,0,0,0,134,0,0,0,0,0,0,0,0,0,0,0
109,cn5097,volume_payload_exchange,communication,0.00817113499988,1,0,0,0,0,0,0,5,0,0,0,0,0,0,0,6,6,3159720,3168480
109,cn5097,volume_exchange_unpack,compute,0.155646673,1,0,0,0,0,0,0,3841,0,0,0,0,0,0,0,0,0,0,0
109,cn5097,final_mesh_save,io,0,0,0,0,0,0,0,0,0,0,0,0,0,0,0,0,0,0,0,0
109,cn5097,testout_io,io,0,0,0,0,0,0,0,0,0,0,0,0,0,0,0,0,0,0,0,0
109,cn5097,final_count_exchange,communication,0,0,0,0,0,0,0,0,0,0,0,0,0,0,0,0,0,0,0,0
109,cn5097,quality_evaluation,postprocess,0,0,0,0,0,0,0,0,0,0,0,0,0,0,0,0,0,0,0,0
110,cn5098,geometry_load,io,1.744789194,1,0,0,0,0,0,0,5897,0,1035092,0,0,0,2,3,0,0,0,0
110,cn5098,coarse_local_size,setup,0.484002574,1,0,0,0,0,0,0,8193,0,0,0,0,0,106,20,0,0,0,0
110,cn5098,coarse_edge_mesh,setup,0.0122645430001,1,0,0,0,0,0,0,419,0,0,0,0,0,0,0,0,0,0,0
110,cn5098,coarse_surface_mesh,setup,8.24123453,1,0,0,0,0,0,0,14892,0,0,0,0,0,0,8,0,0,0,0
110,cn5098,coarse_volume_mesh,setup,13.123511584,1,0,0,0,0,0,0,24549,0,0,0,0,0,37290,1530648,0,0,0,0
110,cn5098,coarse_mesh_save,io,0,0,0,0,0,0,0,0,0,0,0,0,0,0,0,0,0,0,0,0
110,cn5098,submesh_initialization,setup,0.000117641999623,1,0,0,0,0,0,0,1,0,0,0,0,0,0,0,0,0,0,0
110,cn5098,metis_partition,compute,0.228475598,1,0,0,0,0,0,0,55,0,0,0,0,0,0,0,0,0,0,0
110,cn5098,face_map_setup,compute,0.00676859900022,1,0,0,0,0,0,0,3,0,0,0,0,0,0,0,0,0,0,0
110,cn5098,face_local_extract,compute,0.159162045,1,0,0,0,0,0,0,744,0,0,0,0,0,0,1,0,0,0,0
110,cn5098,face_pre_collective_wait,synchronization,0.0979297680001,1,0,0,0,0,0,0,1,0,0,0,0,0,0,0,0,0,0,0
110,cn5098,face_collective_setup,compute,0.00010494099979,1,0,0,0,0,0,0,13,0,0,0,0,0,0,0,0,0,0,0
110,cn5098,face_allgatherv,communication,0.0785127610002,1,0,0,0,0,0,0,658,0,0,0,0,0,0,0,1,1,37904,4859624
110,cn5098,face_global_merge,compute,0.0752022819997,1,0,0,0,0,0,0,401,0,0,0,0,0,0,0,0,0,0,0
110,cn5098,part_face_create,compute,0.018277954,1,0,0,0,0,0,0,283,0,0,0,0,0,0,0,0,0,0,0
110,cn5098,surface_refine,compute,0.0100206369998,1,0,0,0,0,0,0,501,0,0,0,0,0,0,0,0,0,0,0
110,cn5098,refined_surface_save,io,0,0,0,0,0,0,0,0,0,0,0,0,0,0,0,0,0,0,0,0
110,cn5098,local_volume_mesh,compute,8.985359414,1,0,0,0,0,0,0,2109,0,0,0,0,0,10914,716634,0,0,0,0
110,cn5098,volume_refine,compute,0.4930735,1,0,0,0,0,0,0,6408,0,0,0,0,0,0,0,0,0,0,0
110,cn5098,refined_volume_save,io,0,0,0,0,0,0,0,0,0,0,0,0,0,0,0,0,0,0,0,0
110,cn5098,adjacency_build,compute,0.00414616900025,1,0,0,0,0,0,0,0,0,0,0,0,0,0,0,0,0,0,0
110,cn5098,vertex_numbering_local,compute,0.011907219,1,0,0,0,0,0,0,3,0,0,0,0,0,0,0,0,0,0,0
110,cn5098,vertex_count_allgather,communication,2.422235915,1,0,0,0,0,0,0,28,0,0,0,0,0,0,5,1,1,4,512
110,cn5098,element_count_allgather,communication,0.000853689999985,1,0,0,0,0,0,0,0,0,0,0,0,0,0,0,1,1,4,512
110,cn5098,vertex_exchange_prepare,compute,5.9900999986e-05,1,0,0,0,0,0,0,12,0,0,0,0,0,0,0,0,0,0,0
110,cn5098,vertex_exchange,communication,0.0120886420004,1,0,0,0,0,0,0,559,0,0,0,0,0,0,0,3,5,86152,121792
110,cn5098,vertex_exchange_unpack,compute,0.00167423899984,1,0,0,0,0,0,0,0,0,0,0,0,0,0,0,0,0,0,0
110,cn5098,partition_result_io,io,0,0,0,0,0,0,0,0,0,0,0,0,0,0,0,0,0,0,0,0
110,cn5098,volume_exchange_pack,compute,0.184356342,2,0,0,0,0,0,0,863,0,0,0,0,0,0,0,0,0,0,0
110,cn5098,volume_size_exchange,communication,3.9420000121e-05,1,0,0,0,0,0,0,0,0,0,0,0,0,0,0,6,6,24,24
110,cn5098,volume_payload_prepare,compute,0.000263722999989,1,0,0,0,0,0,0,68,0,0,0,0,0,0,0,0,0,0,0
110,cn5098,volume_payload_exchange,communication,0.00237626799981,1,0,0,0,0,0,0,306,0,0,0,0,0,0,0,6,6,2193840,2195160
110,cn5098,volume_exchange_unpack,compute,0.13050875,1,0,0,0,0,0,0,5269,0,0,0,0,0,0,0,0,0,0,0
110,cn5098,final_mesh_save,io,0,0,0,0,0,0,0,0,0,0,0,0,0,0,0,0,0,0,0,0
110,cn5098,testout_io,io,0,0,0,0,0,0,0,0,0,0,0,0,0,0,0,0,0,0,0,0
110,cn5098,final_count_exchange,communication,0,0,0,0,0,0,0,0,0,0,0,0,0,0,0,0,0,0,0,0
110,cn5098,quality_evaluation,postprocess,0,0,0,0,0,0,0,0,0,0,0,0,0,0,0,0,0,0,0,0
111,cn5099,geometry_load,io,1.721121125,1,0,0,0,0,0,0,5897,0,1035092,0,0,0,2,3,0,0,0,0
111,cn5099,coarse_local_size,setup,0.458480152,1,0,0,0,0,0,0,8269,0,0,0,0,0,90,21,0,0,0,0
111,cn5099,coarse_edge_mesh,setup,0.0123184019999,1,0,0,0,0,0,0,419,0,0,0,0,0,0,0,0,0,0,0
111,cn5099,coarse_surface_mesh,setup,8.138594434,1,0,0,0,0,0,0,10869,0,0,0,0,0,0,10,0,0,0,0
111,cn5099,coarse_volume_mesh,setup,13.301519083,1,0,0,0,0,0,0,22367,0,0,0,0,0,40056,1655959,0,0,0,0
111,cn5099,coarse_mesh_save,io,0,0,0,0,0,0,0,0,0,0,0,0,0,0,0,0,0,0,0,0
111,cn5099,submesh_initialization,setup,0.000128101999962,1,0,0,0,0,0,0,5,0,0,0,0,0,0,0,0,0,0,0
111,cn5099,metis_partition,compute,0.228326915,1,0,0,0,0,0,0,565,0,0,0,0,0,0,0,0,0,0,0
111,cn5099,face_map_setup,compute,0.00685977900002,1,0,0,0,0,0,0,261,0,0,0,0,0,0,0,0,0,0,0
111,cn5099,face_local_extract,compute,0.162027031,1,0,0,0,0,0,0,480,0,0,0,0,0,0,0,0,0,0,0
111,cn5099,face_pre_collective_wait,synchronization,0.0951099169997,1,0,0,0,0,0,0,12,0,0,0,0,0,0,2,0,0,0,0
111,cn5099,face_collective_setup,compute,0.000114682000003,1,0,0,0,0,0,0,13,0,0,0,0,0,0,0,0,0,0,0
111,cn5099,face_allgatherv,communication,0.0784889640004,1,0,0,0,0,0,0,779,0,0,0,0,0,0,0,1,1,37904,4859624
111,cn5099,face_global_merge,compute,0.0740367130002,1,0,0,0,0,0,0,0,0,0,0,0,0,0,0,0,0,0,0
111,cn5099,part_face_create,compute,0.0180560479998,1,0,0,0,0,0,0,3,0,0,0,0,0,0,0,0,0,0,0
111,cn5099,surface_refine,compute,0.00827695599992,1,0,0,0,0,0,0,2,0,0,0,0,0,0,0,0,0,0,0
111,cn5099,refined_surface_save,io,0,0,0,0,0,0,0,0,0,0,0,0,0,0,0,0,0,0,0,0
111,cn5099,local_volume_mesh,compute,7.681210521,1,0,0,0,0,0,0,1842,0,0,0,0,0,11850,608168,0,0,0,0
111,cn5099,volume_refine,compute,0.359883887,1,0,0,0,0,0,0,5099,0,0,0,0,0,0,0,0,0,0,0
111,cn5099,refined_volume_save,io,0,0,0,0,0,0,0,0,0,0,0,0,0,0,0,0,0,0,0,0
111,cn5099,adjacency_build,compute,0.00421436799979,1,0,0,0,0,0,0,6,0,0,0,0,0,0,0,0,0,0,0
111,cn5099,vertex_numbering_local,compute,0.0118479359999,1,0,0,0,0,0,0,333,0,0,0,0,0,0,0,0,0,0,0
111,cn5099,vertex_count_allgather,communication,3.862401101,1,0,0,0,0,0,0,64,0,0,0,0,0,0,5,1,1,4,512
111,cn5099,element_count_allgather,communication,0.000590947000092,1,0,0,0,0,0,0,0,0,0,0,0,0,0,0,1,1,4,512
111,cn5099,vertex_exchange_prepare,compute,0.000130362000164,1,0,0,0,0,0,0,34,0,0,0,0,0,0,0,0,0,0,0
111,cn5099,vertex_exchange,communication,0.0127185659999,1,0,0,0,0,0,0,38,0,0,0,0,0,0,0,3,4,79728,149028
111,cn5099,vertex_exchange_unpack,compute,0.00202972300031,1,0,0,0,0,0,0,0,0,0,0,0,0,0,0,0,0,0,0
111,cn5099,partition_result_io,io,0,0,0,0,0,0,0,0,0,0,0,0,0,0,0,0,0,0,0,0
111,cn5099,volume_exchange_pack,compute,0.138929621,2,0,0,0,0,0,0,832,0,0,0,0,0,0,0,0,0,0,0
111,cn5099,volume_size_exchange,communication,0.0452780219998,1,0,0,0,0,0,0,1,0,0,0,0,0,0,0,4,4,16,16
111,cn5099,volume_payload_prepare,compute,0.000297863000014,1,0,0,0,0,0,0,102,0,0,0,0,0,0,0,0,0,0,0
111,cn5099,volume_payload_exchange,communication,0.0101342369999,1,0,0,0,0,0,0,441,0,0,0,0,0,0,0,4,4,2446680,2451000
111,cn5099,volume_exchange_unpack,compute,0.104612926,1,0,0,0,0,0,0,3374,0,0,0,0,0,0,1,0,0,0,0
111,cn5099,final_mesh_save,io,0,0,0,0,0,0,0,0,0,0,0,0,0,0,0,0,0,0,0,0
111,cn5099,testout_io,io,0,0,0,0,0,0,0,0,0,0,0,0,0,0,0,0,0,0,0,0
111,cn5099,final_count_exchange,communication,0,0,0,0,0,0,0,0,0,0,0,0,0,0,0,0,0,0,0,0
111,cn5099,quality_evaluation,postprocess,0,0,0,0,0,0,0,0,0,0,0,0,0,0,0,0,0,0,0,0
112,cn5100,geometry_load,io,1.74383738,1,0,0,0,0,0,0,5894,0,1035092,0,0,0,2,3,0,0,0,0
112,cn5100,coarse_local_size,setup,0.466290414,1,0,0,0,0,0,0,8339,0,0,0,0,0,98,22,0,0,0,0
112,cn5100,coarse_edge_mesh,setup,0.0123317970001,1,0,0,0,0,0,0,401,0,0,0,0,0,0,0,0,0,0,0
112,cn5100,coarse_surface_mesh,setup,8.217623462,1,0,0,0,0,0,0,15324,0,0,0,0,0,0,11,0,0,0,0
112,cn5100,coarse_volume_mesh,setup,13.297221108,1,0,0,0,0,0,0,24422,0,0,0,0,0,35659,1547938,0,0,0,0
112,cn5100,coarse_mesh_save,io,0,0,0,0,0,0,0,0,0,0,0,0,0,0,0,0,0,0,0,0
112,cn5100,submesh_initialization,setup,0.000124241999856,1,0,0,0,0,0,0,4,0,0,0,0,0,0,0,0,0,0,0
112,cn5100,metis_partition,compute,0.226841367,1,0,0,0,0,0,0,515,0,0,0,0,0,0,0,0,0,0,0
112,cn5100,face_map_setup,compute,0.00695419900012,1,0,0,0,0,0,0,261,0,0,0,0,0,0,0,0,0,0,0
112,cn5100,face_local_extract,compute,0.158939675,1,0,0,0,0,0,0,199,0,0,0,0,0,0,1,0,0,0,0
112,cn5100,face_pre_collective_wait,synchronization,0.0995793859997,1,0,0,0,0,0,0,12,0,0,0,0,0,0,0,0,0,0,0
112,cn5100,face_collective_setup,compute,0.000101001000075,1,0,0,0,0,0,0,13,0,0,0,0,0,0,0,0,0,0,0
112,cn5100,face_allgatherv,communication,0.0784635630002,1,0,0,0,0,0,0,549,0,0,0,0,0,0,0,1,1,37904,4859624
112,cn5100,face_global_merge,compute,0.0731620070001,1,0,0,0,0,0,0,0,0,0,0,0,0,0,0,0,0,0,0
112,cn5100,part_face_create,compute,0.0176906340002,1,0,0,0,0,0,0,3,0,0,0,0,0,0,0,0,0,0,0
112,cn5100,surface_refine,compute,0.00666269500016,1,0,0,0,0,0,0,61,0,0,0,0,0,0,0,0,0,0,0
112,cn5100,refined_surface_save,io,0,0,0,0,0,0,0,0,0,0,0,0,0,0,0,0,0,0,0,0
112,cn5100,local_volume_mesh,compute,7.129624309,1,0,0,0,0,0,0,488,0,0,0,0,0,5616,338566,0,0,0,0
112,cn5100,volume_refine,compute,0.320482787,1,0,0,0,0,0,0,6519,0,0,0,0,0,0,0,0,0,0,0
112,cn5100,refined_volume_save,io,0,0,0,0,0,0,0,0,0,0,0,0,0,0,0,0,0,0,0,0
112,cn5100,adjacency_build,compute,0.0040088970004,1,0,0,0,0,0,0,0,0,0,0,0,0,0,0,0,0,0,0
112,cn5100,vertex_numbering_local,compute,0.00914415099987,1,0,0,0,0,0,0,2,0,0,0,0,0,0,0,0,0,0,0
112,cn5100,vertex_count_allgather,communication,4.459594272,1,0,0,0,0,0,0,28,0,0,0,0,0,0,6,1,1,4,512
112,cn5100,element_count_allgather,communication,0.000940852999975,1,0,0,0,0,0,0,0,0,0,0,0,0,0,0,1,1,4,512
112,cn5100,vertex_exchange_prepare,compute,1.22799997371e-05,1,0,0,0,0,0,0,0,0,0,0,0,0,0,0,0,0,0,0
112,cn5100,vertex_exchange,communication,0.020897459,1,0,0,0,0,0,0,556,0,0,0,0,0,0,0,7,4,206008,3542
112,cn5100,vertex_exchange_unpack,compute,7.58410001254e-05,1,0,0,0,0,0,0,0,0,0,0,0,0,0,0,0,0,0,0
112,cn5100,partition_result_io,io,0,0,0,0,0,0,0,0,0,0,0,0,0,0,0,0,0,0,0,0
112,cn5100,volume_exchange_pack,compute,0.118848381,2,0,0,0,0,0,0,1,0,0,0,0,0,0,0,0,0,0,0
112,cn5100,volume_size_exchange,communication,0.0675330470003,1,0,0,0,0,0,0,43,0,0,0,0,0,0,0,7,7,28,28
112,cn5100,volume_payload_prepare,compute,0.000164062000295,1,0,0,0,0,0,0,0,0,0,0,0,0,0,0,0,0,0,0
112,cn5100,volume_payload_exchange,communication,0.00387619499998,1,0,0,0,0,0,0,5,0,0,0,0,0,0,0,7,7,2240880,2237880
112,cn5100,volume_exchange_unpack,compute,0.0921396989997,1,0,0,0,0,0,0,2248,0,0,0,0,0,0,0,0,0,0,0
112,cn5100,final_mesh_save,io,0,0,0,0,0,0,0,0,0,0,0,0,0,0,0,0,0,0,0,0
112,cn5100,testout_io,io,0,0,0,0,0,0,0,0,0,0,0,0,0,0,0,0,0,0,0,0
112,cn5100,final_count_exchange,communication,0,0,0,0,0,0,0,0,0,0,0,0,0,0,0,0,0,0,0,0
112,cn5100,quality_evaluation,postprocess,0,0,0,0,0,0,0,0,0,0,0,0,0,0,0,0,0,0,0,0
113,cn5101,geometry_load,io,1.727876032,1,0,0,0,0,0,0,5896,0,1035092,0,0,0,2,4,0,0,0,0
113,cn5101,coarse_local_size,setup,0.476755894,1,0,0,0,0,0,0,8429,0,0,0,0,0,111,23,0,0,0,0
113,cn5101,coarse_edge_mesh,setup,0.012653669,1,0,0,0,0,0,0,515,0,0,0,0,0,0,0,0,0,0,0
113,cn5101,coarse_surface_mesh,setup,8.119200374,1,0,0,0,0,0,0,12531,0,0,0,0,0,0,9,0,0,0,0
113,cn5101,coarse_volume_mesh,setup,13.157694526,1,0,0,0,0,0,0,20271,0,0,0,0,0,38078,1572860,0,0,0,0
113,cn5101,coarse_mesh_save,io,0,0,0,0,0,0,0,0,0,0,0,0,0,0,0,0,0,0,0,0
113,cn5101,submesh_initialization,setup,0.000124342000163,1,0,0,0,0,0,0,1,0,0,0,0,0,0,0,0,0,0,0
113,cn5101,metis_partition,compute,0.226361196,1,0,0,0,0,0,0,54,0,0,0,0,0,0,0,0,0,0,0
113,cn5101,face_map_setup,compute,0.00673589899998,1,0,0,0,0,0,0,3,0,0,0,0,0,0,0,0,0,0,0
113,cn5101,face_local_extract,compute,0.152983455,1,0,0,0,0,0,0,24,0,0,0,0,0,0,0,0,0,0,0
113,cn5101,face_pre_collective_wait,synchronization,0.106229026,1,0,0,0,0,0,0,1,0,0,0,0,0,0,1,0,0,0,0
113,cn5101,face_collective_setup,compute,0.000110762000077,1,0,0,0,0,0,0,13,0,0,0,0,0,0,0,0,0,0,0
113,cn5101,face_allgatherv,communication,0.0783742189997,1,0,0,0,0,0,0,39,0,0,0,0,0,0,0,1,1,37904,4859624
113,cn5101,face_global_merge,compute,0.074748257,1,0,0,0,0,0,0,27,0,0,0,0,0,0,0,0,0,0,0
113,cn5101,part_face_create,compute,0.018042011,1,0,0,0,0,0,0,283,0,0,0,0,0,0,0,0,0,0,0
113,cn5101,surface_refine,compute,0.00843771900009,1,0,0,0,0,0,0,2,0,0,0,0,0,0,0,0,0,0,0
113,cn5101,refined_surface_save,io,0,0,0,0,0,0,0,0,0,0,0,0,0,0,0,0,0,0,0,0
113,cn5101,local_volume_mesh,compute,7.682620233,1,0,0,0,0,0,0,1753,0,0,0,0,0,4720,371183,0,0,0,0
113,cn5101,volume_refine,compute,0.381294574,1,0,0,0,0,0,0,4797,0,0,0,0,0,0,3,0,0,0,0
113,cn5101,refined_volume_save,io,0,0,0,0,0,0,0,0,0,0,0,0,0,0,0,0,0,0,0,0
113,cn5101,adjacency_build,compute,0.00422337000009,1,0,0,0,0,0,0,7,0,0,0,0,0,0,0,0,0,0,0
113,cn5101,vertex_numbering_local,compute,0.01447663,1,0,0,0,0,0,0,489,0,0,0,0,0,0,0,0,0,0,0
113,cn5101,vertex_count_allgather,communication,3.836368368,1,0,0,0,0,0,0,110,0,0,0,0,0,0,4,1,1,4,512
113,cn5101,element_count_allgather,communication,0.000816269000097,1,0,0,0,0,0,0,1,0,0,0,0,0,0,0,1,1,4,512
113,cn5101,vertex_exchange_prepare,compute,0.00010174199997,1,0,0,0,0,0,0,35,0,0,0,0,0,0,0,0,0,0,0
113,cn5101,vertex_exchange,communication,0.0203956789996,1,0,0,0,0,0,0,698,0,0,0,0,0,0,0,9,7,215600,102982
113,cn5101,vertex_exchange_unpack,compute,0.00163702000009,1,0,0,0,0,0,0,205,0,0,0,0,0,0,0,0,0,0,0
113,cn5101,partition_result_io,io,0,0,0,0,0,0,0,0,0,0,0,0,0,0,0,0,0,0,0,0
113,cn5101,volume_exchange_pack,compute,0.18411498,2,0,0,0,0,0,0,2738,0,0,0,0,0,0,0,0,0,0,0
113,cn5101,volume_size_exchange,communication,4.60000001112e-05,1,0,0,0,0,0,0,0,0,0,0,0,0,0,0,9,9,36,36
113,cn5101,volume_payload_prepare,compute,0.000445866000064,1,0,0,0,0,0,0,136,0,0,0,0,0,0,0,0,0,0,0
113,cn5101,volume_payload_exchange,communication,0.00368106299993,1,0,0,0,0,0,0,423,0,0,0,0,0,0,0,9,9,3414360,3411720
113,cn5101,volume_exchange_unpack,compute,0.129491199,1,0,0,0,0,0,0,3526,0,0,0,0,0,0,0,0,0,0,0
113,cn5101,final_mesh_save,io,0,0,0,0,0,0,0,0,0,0,0,0,0,0,0,0,0,0,0,0
113,cn5101,testout_io,io,0,0,0,0,0,0,0,0,0,0,0,0,0,0,0,0,0,0,0,0
113,cn5101,final_count_exchange,communication,0,0,0,0,0,0,0,0,0,0,0,0,0,0,0,0,0,0,0,0
113,cn5101,quality_evaluation,postprocess,0,0,0,0,0,0,0,0,0,0,0,0,0,0,0,0,0,0,0,0
114,cn5102,geometry_load,io,1.726939991,1,0,0,0,0,0,0,5896,0,1035092,0,0,0,2,14,0,0,0,0
114,cn5102,coarse_local_size,setup,0.475527643,1,0,0,0,0,0,0,8413,0,0,0,0,0,111,26,0,0,0,0
114,cn5102,coarse_edge_mesh,setup,0.012727199,1,0,0,0,0,0,0,506,0,0,0,0,0,0,0,0,0,0,0
114,cn5102,coarse_surface_mesh,setup,8.096720077,1,0,0,0,0,0,0,10340,0,0,0,0,0,0,72,0,0,0,0
114,cn5102,coarse_volume_mesh,setup,13.340937461,1,0,0,0,0,0,0,21997,0,0,0,0,0,38582,1795307,0,0,0,0
114,cn5102,coarse_mesh_save,io,0,0,0,0,0,0,0,0,0,0,0,0,0,0,0,0,0,0,0,0
114,cn5102,submesh_initialization,setup,0.000130241000079,1,0,0,0,0,0,0,5,0,0,0,0,0,0,0,0,0,0,0
114,cn5102,metis_partition,compute,0.22885491,1,0,0,0,0,0,0,357,0,0,0,0,0,0,2,0,0,0,0
114,cn5102,face_map_setup,compute,0.0068946260003,1,0,0,0,0,0,0,262,0,0,0,0,0,0,0,0,0,0,0
114,cn5102,face_local_extract,compute,0.156557351,1,0,0,0,0,0,0,199,0,0,0,0,0,0,1,0,0,0,0
114,cn5102,face_pre_collective_wait,synchronization,0.0999516450001,1,0,0,0,0,0,0,16,0,0,0,0,0,0,1,0,0,0,0
114,cn5102,face_collective_setup,compute,0.000104921000002,1,0,0,0,0,0,0,16,0,0,0,0,0,0,0,0,0,0,0
114,cn5102,face_allgatherv,communication,0.0905469469999,1,0,0,0,0,0,0,567,0,0,0,0,0,0,0,1,1,37904,4859624
114,cn5102,face_global_merge,compute,0.0737479589998,1,0,0,0,0,0,0,0,0,0,0,0,0,0,1,0,0,0,0
114,cn5102,part_face_create,compute,0.0178954030002,1,0,0,0,0,0,0,3,0,0,0,0,0,0,0,0,0,0,0
114,cn5102,surface_refine,compute,0.00864186699982,1,0,0,0,0,0,0,1,0,0,0,0,0,0,0,0,0,0,0
114,cn5102,refined_surface_save,io,0,0,0,0,0,0,0,0,0,0,0,0,0,0,0,0,0,0,0,0
114,cn5102,local_volume_mesh,compute,8.320233101,1,0,0,0,0,0,0,1815,0,0,0,0,0,15269,718920,0,0,0,0
114,cn5102,volume_refine,compute,0.3901094,1,0,0,0,0,0,0,4877,0,0,0,0,0,0,3,0,0,0,0
114,cn5102,refined_volume_save,io,0,0,0,0,0,0,0,0,0,0,0,0,0,0,0,0,0,0,0,0
114,cn5102,adjacency_build,compute,0.00396054900011,1,0,0,0,0,0,0,0,0,0,0,0,0,0,0,0,0,0,0
114,cn5102,vertex_numbering_local,compute,0.00859080700002,1,0,0,0,0,0,0,34,0,0,0,0,0,0,0,0,0,0,0
114,cn5102,vertex_count_allgather,communication,3.185066655,1,0,0,0,0,0,0,116,0,0,0,0,0,0,29,1,1,4,512
114,cn5102,element_count_allgather,communication,0.000854470999911,1,0,0,0,0,0,0,8,0,0,0,0,0,0,0,1,1,4,512
114,cn5102,vertex_exchange_prepare,compute,6.02009999966e-05,1,0,0,0,0,0,0,17,0,0,0,0,0,0,0,0,0,0,0
114,cn5102,vertex_exchange,communication,0.00933341600012,1,0,0,0,0,0,0,307,0,0,0,0,0,0,0,6,6,61226,51172
114,cn5102,vertex_exchange_unpack,compute,0.000884391,1,0,0,0,0,0,0,139,0,0,0,0,0,0,0,0,0,0,0
114,cn5102,partition_result_io,io,0,0,0,0,0,0,0,0,0,0,0,0,0,0,0,0,0,0,0,0
114,cn5102,volume_exchange_pack,compute,0.11728202,2,0,0,0,0,0,0,1104,0,0,0,0,0,0,1,0,0,0,0
114,cn5102,volume_size_exchange,communication,0.0787049399996,1,0,0,0,0,0,0,13,0,0,0,0,0,0,0,7,7,28,28
114,cn5102,volume_payload_prepare,compute,0.000239022999722,1,0,0,0,0,0,0,68,0,0,0,0,0,0,0,0,0,0,0
114,cn5102,volume_payload_exchange,communication,0.00192790399979,1,0,0,0,0,0,0,188,0,0,0,0,0,0,0,7,7,1181160,1177560
114,cn5102,volume_exchange_unpack,compute,0.0829819139999,1,0,0,0,0,0,0,3571,0,0,0,0,0,0,1,0,0,0,0
114,cn5102,final_mesh_save,io,0,0,0,0,0,0,0,0,0,0,0,0,0,0,0,0,0,0,0,0
114,cn5102,testout_io,io,0,0,0,0,0,0,0,0,0,0,0,0,0,0,0,0,0,0,0,0
114,cn5102,final_count_exchange,communication,0,0,0,0,0,0,0,0,0,0,0,0,0,0,0,0,0,0,0,0
114,cn5102,quality_evaluation,postprocess,0,0,0,0,0,0,0,0,0,0,0,0,0,0,0,0,0,0,0,0
115,cn5103,geometry_load,io,1.720298235,1,0,0,0,0,0,0,5896,0,1035092,0,0,0,2,2,0,0,0,0
115,cn5103,coarse_local_size,setup,0.460266262,1,0,0,0,0,0,0,8412,0,0,0,0,0,90,22,0,0,0,0
115,cn5103,coarse_edge_mesh,setup,0.0125996460001,1,0,0,0,0,0,0,517,0,0,0,0,0,0,0,0,0,0,0
115,cn5103,coarse_surface_mesh,setup,8.236415606,1,0,0,0,0,0,0,17267,0,0,0,0,0,0,9,0,0,0,0
115,cn5103,coarse_volume_mesh,setup,13.357377225,1,0,0,0,0,0,0,25461,0,0,0,0,0,38027,1503313,0,0,0,0
115,cn5103,coarse_mesh_save,io,0,0,0,0,0,0,0,0,0,0,0,0,0,0,0,0,0,0,0,0
115,cn5103,submesh_initialization,setup,0.000128640999719,1,0,0,0,0,0,0,1,0,0,0,0,0,0,0,0,0,0,0
115,cn5103,metis_partition,compute,0.238590242,1,0,0,0,0,0,0,259,0,0,0,0,0,0,0,0,0,0,0
115,cn5103,face_map_setup,compute,0.007023613,1,0,0,0,0,0,0,118,0,0,0,0,0,0,0,0,0,0,0
115,cn5103,face_local_extract,compute,0.159227176,1,0,0,0,0,0,0,677,0,0,0,0,0,0,0,0,0,0,0
115,cn5103,face_pre_collective_wait,synchronization,0.0874653119999,1,0,0,0,0,0,0,1,0,0,0,0,0,0,0,0,0,0,0
115,cn5103,face_collective_setup,compute,0.000108160999844,1,0,0,0,0,0,0,16,0,0,0,0,0,0,0,0,0,0,0
115,cn5103,face_allgatherv,communication,0.090798576,1,0,0,0,0,0,0,1397,0,0,0,0,0,0,1,1,1,37904,4859624
115,cn5103,face_global_merge,compute,0.0788306579998,1,0,0,0,0,0,0,765,0,0,0,0,0,0,1,0,0,0,0
115,cn5103,part_face_create,compute,0.0190011299997,1,0,0,0,0,0,0,293,0,0,0,0,0,0,0,0,0,0,0
115,cn5103,surface_refine,compute,0.00732719600001,1,0,0,0,0,0,0,53,0,0,0,0,0,0,0,0,0,0,0
115,cn5103,refined_surface_save,io,0,0,0,0,0,0,0,0,0,0,0,0,0,0,0,0,0,0,0,0
115,cn5103,local_volume_mesh,compute,7.11822486,1,0,0,0,0,0,0,1346,0,0,0,0,0,8990,409804,0,0,0,0
115,cn5103,volume_refine,compute,0.324918699,1,0,0,0,0,0,0,4280,0,0,0,0,0,0,0,0,0,0,0
115,cn5103,refined_volume_save,io,0,0,0,0,0,0,0,0,0,0,0,0,0,0,0,0,0,0,0,0
115,cn5103,adjacency_build,compute,0.00436771800014,1,0,0,0,0,0,0,0,0,0,0,0,0,0,0,0,0,0,0
115,cn5103,vertex_numbering_local,compute,0.00996343199995,1,0,0,0,0,0,0,1,0,0,0,0,0,0,0,0,0,0,0
115,cn5103,vertex_count_allgather,communication,4.444299447,1,0,0,0,0,0,0,121,0,0,0,0,0,0,5,1,1,4,512
115,cn5103,element_count_allgather,communication,0.000866890999987,1,0,0,0,0,0,0,10,0,0,0,0,0,0,0,1,1,4,512
115,cn5103,vertex_exchange_prepare,compute,9.77409999905e-05,1,0,0,0,0,0,0,56,0,0,0,0,0,0,0,0,0,0,0
115,cn5103,vertex_exchange,communication,0.012625026,1,0,0,0,0,0,0,329,0,0,0,0,0,0,0,4,4,59796,158268
115,cn5103,vertex_exchange_unpack,compute,0.0036188869999,1,0,0,0,0,0,0,1375,0,0,0,0,0,0,0,0,0,0,0
115,cn5103,partition_result_io,io,0,0,0,0,0,0,0,0,0,0,0,0,0,0,0,0,0,0,0,0
115,cn5103,volume_exchange_pack,compute,0.126856051,2,0,0,0,0,0,0,1421,0,0,0,0,0,0,0,0,0,0,0
115,cn5103,volume_size_exchange,communication,0.0639977430001,1,0,0,0,0,0,0,8,0,0,0,0,0,0,0,5,5,20,20
115,cn5103,volume_payload_prepare,compute,0.000168122000105,1,0,0,0,0,0,0,0,0,0,0,0,0,0,0,0,0,0,0
115,cn5103,volume_payload_exchange,communication,0.00350448599966,1,0,0,0,0,0,0,24,0,0,0,0,0,0,0,5,5,2335920,2324520
115,cn5103,volume_exchange_unpack,compute,0.0893618770001,1,0,0,0,0,0,0,2822,0,0,0,0,0,0,0,0,0,0,0
115,cn5103,final_mesh_save,io,0,0,0,0,0,0,0,0,0,0,0,0,0,0,0,0,0,0,0,0
115,cn5103,testout_io,io,0,0,0,0,0,0,0,0,0,0,0,0,0,0,0,0,0,0,0,0
115,cn5103,final_count_exchange,communication,0,0,0,0,0,0,0,0,0,0,0,0,0,0,0,0,0,0,0,0
115,cn5103,quality_evaluation,postprocess,0,0,0,0,0,0,0,0,0,0,0,0,0,0,0,0,0,0,0,0
116,cn5104,geometry_load,io,1.73209222,1,0,0,0,0,0,0,5894,0,1035092,0,0,0,2,6,0,0,0,0
116,cn5104,coarse_local_size,setup,0.473556992,1,0,0,0,0,0,0,8153,0,0,0,0,0,131,21,0,0,0,0
116,cn5104,coarse_edge_mesh,setup,0.0125616999999,1,0,0,0,0,0,0,519,0,0,0,0,0,0,0,0,0,0,0
116,cn5104,coarse_surface_mesh,setup,8.219803539,1,0,0,0,0,0,0,17332,0,0,0,0,0,0,11,0,0,0,0
116,cn5104,coarse_volume_mesh,setup,13.253309885,1,0,0,0,0,0,0,27307,0,0,0,0,0,37118,1498082,0,0,0,0
116,cn5104,coarse_mesh_save,io,0,0,0,0,0,0,0,0,0,0,0,0,0,0,0,0,0,0,0,0
116,cn5104,submesh_initialization,setup,0.000190003000171,1,0,0,0,0,0,0,58,0,0,0,0,0,0,0,0,0,0,0
116,cn5104,metis_partition,compute,0.238900046,1,0,0,0,0,0,0,1887,0,0,0,0,0,0,0,0,0,0,0
116,cn5104,face_map_setup,compute,0.00775379100014,1,0,0,0,0,0,0,581,0,0,0,0,0,0,0,0,0,0,0
116,cn5104,face_local_extract,compute,0.158404912,1,0,0,0,0,0,0,848,0,0,0,0,0,0,0,0,0,0,0
116,cn5104,face_pre_collective_wait,synchronization,0.0870636290001,1,0,0,0,0,0,0,18,0,0,0,0,0,0,0,0,0,0,0
116,cn5104,face_collective_setup,compute,0.00011152199977,1,0,0,0,0,0,0,16,0,0,0,0,0,0,0,0,0,0,0
116,cn5104,face_allgatherv,communication,0.0908358820002,1,0,0,0,0,0,0,1158,0,0,0,0,0,0,0,1,1,37904,4859624
116,cn5104,face_global_merge,compute,0.078635848,1,0,0,0,0,0,0,527,0,0,0,0,0,0,0,0,0,0,0
116,cn5104,part_face_create,compute,0.0188794709998,1,0,0,0,0,0,0,14,0,0,0,0,0,0,0,0,0,0,0
116,cn5104,surface_refine,compute,0.00761062899983,1,0,0,0,0,0,0,45,0,0,0,0,0,0,0,0,0,0,0
116,cn5104,refined_surface_save,io,0,0,0,0,0,0,0,0,0,0,0,0,0,0,0,0,0,0,0,0
116,cn5104,local_volume_mesh,compute,7.423273096,1,0,0,0,0,0,0,2273,0,0,0,0,0,7105,443991,0,0,0,0
116,cn5104,volume_refine,compute,0.37097604,1,0,0,0,0,0,0,7077,0,0,0,0,0,0,0,0,0,0,0
116,cn5104,refined_volume_save,io,0,0,0,0,0,0,0,0,0,0,0,0,0,0,0,0,0,0,0,0
116,cn5104,adjacency_build,compute,0.00450780399979,1,0,0,0,0,0,0,36,0,0,0,0,0,0,0,0,0,0,0
116,cn5104,vertex_numbering_local,compute,0.00952757699997,1,0,0,0,0,0,0,8,0,0,0,0,0,0,0,0,0,0,0
116,cn5104,vertex_count_allgather,communication,4.094100926,1,0,0,0,0,0,0,44,0,0,0,0,0,0,6,1,1,4,512
116,cn5104,element_count_allgather,communication,0.000902452999981,1,0,0,0,0,0,0,1,0,0,0,0,0,0,0,1,1,4,512
116,cn5104,vertex_exchange_prepare,compute,2.09199997698e-05,1,0,0,0,0,0,0,0,0,0,0,0,0,0,0,0,0,0,0
116,cn5104,vertex_exchange,communication,0.0131404489998,1,0,0,0,0,0,0,266,0,0,0,0,0,0,0,7,4,118140,71742
116,cn5104,vertex_exchange_unpack,compute,0.00104083500037,1,0,0,0,0,0,0,0,0,0,0,0,0,0,0,0,0,0,0
116,cn5104,partition_result_io,io,0,0,0,0,0,0,0,0,0,0,0,0,0,0,0,0,0,0,0,0
116,cn5104,volume_exchange_pack,compute,0.120281944,2,0,0,0,0,0,0,1,0,0,0,0,0,0,0,0,0,0,0
116,cn5104,volume_size_exchange,communication,0.0726776619999,1,0,0,0,0,0,0,0,0,0,0,0,0,0,1,6,6,24,24
116,cn5104,volume_payload_prepare,compute,0.000149802000124,1,0,0,0,0,0,0,0,0,0,0,0,0,0,0,0,0,0,0
116,cn5104,volume_payload_exchange,communication,0.00357991100009,1,0,0,0,0,0,0,5,0,0,0,0,0,0,0,6,6,2011200,2016600
116,cn5104,volume_exchange_unpack,compute,0.0945845760002,1,0,0,0,0,0,0,2152,0,0,0,0,0,0,0,0,0,0,0
116,cn5104,final_mesh_save,io,0,0,0,0,0,0,0,0,0,0,0,0,0,0,0,0,0,0,0,0
116,cn5104,testout_io,io,0,0,0,0,0,0,0,0,0,0,0,0,0,0,0,0,0,0,0,0
116,cn5104,final_count_exchange,communication,0,0,0,0,0,0,0,0,0,0,0,0,0,0,0,0,0,0,0,0
116,cn5104,quality_evaluation,postprocess,0,0,0,0,0,0,0,0,0,0,0,0,0,0,0,0,0,0,0,0
117,cn5105,geometry_load,io,1.738838566,1,0,0,0,0,0,0,5896,0,1035092,0,0,0,2,2,0,0,0,0
117,cn5105,coarse_local_size,setup,0.461245773,1,0,0,0,0,0,0,8364,0,0,0,0,0,86,22,0,0,0,0
117,cn5105,coarse_edge_mesh,setup,0.0125887700001,1,0,0,0,0,0,0,517,0,0,0,0,0,0,0,0,0,0,0
117,cn5105,coarse_surface_mesh,setup,8.183234646,1,0,0,0,0,0,0,17231,0,0,0,0,0,0,11,0,0,0,0
117,cn5105,coarse_volume_mesh,setup,13.430576251,1,0,0,0,0,0,0,29411,0,0,0,0,0,37488,1670480,0,0,0,0
117,cn5105,coarse_mesh_save,io,0,0,0,0,0,0,0,0,0,0,0,0,0,0,0,0,0,0,0,0
117,cn5105,submesh_initialization,setup,0.000172741999904,1,0,0,0,0,0,0,56,0,0,0,0,0,0,0,0,0,0,0
117,cn5105,metis_partition,compute,0.242081043,1,0,0,0,0,0,0,2403,0,0,0,0,0,0,0,0,0,0,0
117,cn5105,face_map_setup,compute,0.00768219099973,1,0,0,0,0,0,0,593,0,0,0,0,0,0,0,0,0,0,0
117,cn5105,face_local_extract,compute,0.160124467,1,0,0,0,0,0,0,835,0,0,0,0,0,0,0,0,0,0,0
117,cn5105,face_pre_collective_wait,synchronization,0.0822079190002,1,0,0,0,0,0,0,18,0,0,0,0,0,0,0,0,0,0,0
117,cn5105,face_collective_setup,compute,0.000108641000224,1,0,0,0,0,0,0,16,0,0,0,0,0,0,0,0,0,0,0
117,cn5105,face_allgatherv,communication,0.0908162619999,1,0,0,0,0,0,0,863,0,0,0,0,0,0,0,1,1,37904,4859624
117,cn5105,face_global_merge,compute,0.0784637350002,1,0,0,0,0,0,0,334,0,0,0,0,0,0,0,0,0,0,0
117,cn5105,part_face_create,compute,0.0190427070002,1,0,0,0,0,0,0,18,0,0,0,0,0,0,0,0,0,0,0
117,cn5105,surface_refine,compute,0.00751975000003,1,0,0,0,0,0,0,20,0,0,0,0,0,0,0,0,0,0,0
117,cn5105,refined_surface_save,io,0,0,0,0,0,0,0,0,0,0,0,0,0,0,0,0,0,0,0,0
117,cn5105,local_volume_mesh,compute,6.718591985,1,0,0,0,0,0,0,1768,0,0,0,0,0,4863,341143,0,0,0,0
117,cn5105,volume_refine,compute,0.337249976,1,0,0,0,0,0,0,3617,0,0,0,0,0,0,0,0,0,0,0
117,cn5105,refined_volume_save,io,0,0,0,0,0,0,0,0,0,0,0,0,0,0,0,0,0,0,0,0
117,cn5105,adjacency_build,compute,0.00445519300001,1,0,0,0,0,0,0,0,0,0,0,0,0,0,0,0,0,0,0
117,cn5105,vertex_numbering_local,compute,0.0106065059999,1,0,0,0,0,0,0,1,0,0,0,0,0,0,0,0,0,0,0
117,cn5105,vertex_count_allgather,communication,4.831711635,1,0,0,0,0,0,0,116,0,0,0,0,0,0,14,1,1,4,512
117,cn5105,element_count_allgather,communication,0.000838229999772,1,0,0,0,0,0,0,0,0,0,0,0,0,0,0,1,1,4,512
117,cn5105,vertex_exchange_prepare,compute,8.206099983e-05,1,0,0,0,0,0,0,44,0,0,0,0,0,0,0,0,0,0,0
117,cn5105,vertex_exchange,communication,0.00237198800005,1,0,0,0,0,0,0,87,0,0,0,0,0,0,0,6,4,128898,117766
117,cn5105,vertex_exchange_unpack,compute,0.00246631000027,1,0,0,0,0,0,0,824,0,0,0,0,0,0,0,0,0,0,0
117,cn5105,partition_result_io,io,0,0,0,0,0,0,0,0,0,0,0,0,0,0,0,0,0,0,0,0
117,cn5105,volume_exchange_pack,compute,0.133406708,2,0,0,0,0,0,0,1592,0,0,0,0,0,0,0,0,0,0,0
117,cn5105,volume_size_exchange,communication,0.06880654,1,0,0,0,0,0,0,0,0,0,0,0,0,0,0,5,5,20,20
117,cn5105,volume_payload_prepare,compute,0.00019900199959,1,0,0,0,0,0,0,2,0,0,0,0,0,0,0,0,0,0,0
117,cn5105,volume_payload_exchange,communication,0.00390918699986,1,0,0,0,0,0,0,6,0,0,0,0,0,0,0,5,5,2643840,2631840
117,cn5105,volume_exchange_unpack,compute,0.102789304,1,0,0,0,0,0,0,2988,0,0,0,0,0,0,0,0,0,0,0
117,cn5105,final_mesh_save,io,0,0,0,0,0,0,0,0,0,0,0,0,0,0,0,0,0,0,0,0
117,cn5105,testout_io,io,0,0,0,0,0,0,0,0,0,0,0,0,0,0,0,0,0,0,0,0
117,cn5105,final_count_exchange,communication,0,0,0,0,0,0,0,0,0,0,0,0,0,0,0,0,0,0,0,0
117,cn5105,quality_evaluation,postprocess,0,0,0,0,0,0,0,0,0,0,0,0,0,0,0,0,0,0,0,0
118,cn5106,geometry_load,io,1.738291757,1,0,0,0,0,0,0,5659,0,1035092,0,0,0,2,2,0,0,0,0
118,cn5106,coarse_local_size,setup,0.461969969,1,0,0,0,0,0,0,9074,0,0,0,0,0,85,22,0,0,0,0
118,cn5106,coarse_edge_mesh,setup,0.0126450010002,1,0,0,0,0,0,0,507,0,0,0,0,0,0,0,0,0,0,0
118,cn5106,coarse_surface_mesh,setup,8.195947607,1,0,0,0,0,0,0,14728,0,0,0,0,0,0,14,0,0,0,0
118,cn5106,coarse_volume_mesh,setup,13.465161069,1,0,0,0,0,0,0,26226,0,0,0,0,0,41984,1460521,0,0,0,0
118,cn5106,coarse_mesh_save,io,0,0,0,0,0,0,0,0,0,0,0,0,0,0,0,0,0,0,0,0
118,cn5106,submesh_initialization,setup,0.000118780999856,1,0,0,0,0,0,0,1,0,0,0,0,0,0,0,0,0,0,0
118,cn5106,metis_partition,compute,0.233935002,1,0,0,0,0,0,0,330,0,0,0,0,0,0,1,0,0,0,0
118,cn5106,face_map_setup,compute,0.0069772490001,1,0,0,0,0,0,0,157,0,0,0,0,0,0,0,0,0,0,0
118,cn5106,face_local_extract,compute,0.160995492,1,0,0,0,0,0,0,681,0,0,0,0,0,0,0,0,0,0,0
118,cn5106,face_pre_collective_wait,synchronization,0.0904291520001,1,0,0,0,0,0,0,1,0,0,0,0,0,0,0,0,0,0,0
118,cn5106,face_collective_setup,compute,0.000106022000182,1,0,0,0,0,0,0,13,0,0,0,0,0,0,0,0,0,0,0
118,cn5106,face_allgatherv,communication,0.0914996060001,1,0,0,0,0,0,0,758,0,0,0,0,0,0,0,1,1,37904,4859624
118,cn5106,face_global_merge,compute,0.07611163,1,0,0,0,0,0,0,231,0,0,0,0,0,0,0,0,0,0,0
118,cn5106,part_face_create,compute,0.0180541100003,1,0,0,0,0,0,0,3,0,0,0,0,0,0,0,0,0,0,0
118,cn5106,surface_refine,compute,0.00698560900037,1,0,0,0,0,0,0,55,0,0,0,0,0,0,0,0,0,0,0
118,cn5106,refined_surface_save,io,0,0,0,0,0,0,0,0,0,0,0,0,0,0,0,0,0,0,0,0
118,cn5106,local_volume_mesh,compute,7.279524346,1,0,0,0,0,0,0,1842,0,0,0,0,0,8024,409593,0,0,0,0
118,cn5106,volume_refine,compute,0.323299501,1,0,0,0,0,0,0,4639,0,0,0,0,0,0,1,0,0,0,0
118,cn5106,refined_volume_save,io,0,0,0,0,0,0,0,0,0,0,0,0,0,0,0,0,0,0,0,0
118,cn5106,adjacency_build,compute,0.00398717099961,1,0,0,0,0,0,0,0,0,0,0,0,0,0,0,0,0,0,0
118,cn5106,vertex_numbering_local,compute,0.0099929070002,1,0,0,0,0,0,0,2,0,0,0,0,0,0,0,0,0,0,0
118,cn5106,vertex_count_allgather,communication,4.289221351,1,0,0,0,0,0,0,26,0,0,0,0,0,0,5,1,1,4,512
118,cn5106,element_count_allgather,communication,0.000935772000048,1,0,0,0,0,0,0,0,0,0,0,0,0,0,0,1,1,4,512
118,cn5106,vertex_exchange_prepare,compute,2.78410002466e-05,1,0,0,0,0,0,0,0,0,0,0,0,0,0,0,0,0,0,0
118,cn5106,vertex_exchange,communication,0.0133340699999,1,0,0,0,0,0,0,809,0,0,0,0,0,0,0,3,8,67034,172150
118,cn5106,vertex_exchange_unpack,compute,0.00231913000016,1,0,0,0,0,0,0,0,0,0,0,0,0,0,0,0,0,0,0
118,cn5106,partition_result_io,io,0,0,0,0,0,0,0,0,0,0,0,0,0,0,0,0,0,0,0,0
118,cn5106,volume_exchange_pack,compute,0.139776742,2,0,0,0,0,0,0,1,0,0,0,0,0,0,0,0,0,0,0
118,cn5106,volume_size_exchange,communication,0.0518389810004,1,0,0,0,0,0,0,0,0,0,0,0,0,0,0,8,8,32,32
118,cn5106,volume_payload_prepare,compute,0.000183483000001,1,0,0,0,0,0,0,0,0,0,0,0,0,0,0,0,0,0,0
118,cn5106,volume_payload_exchange,communication,0.0037116870003,1,0,0,0,0,0,0,6,0,0,0,0,0,0,0,8,8,2570400,2565240
118,cn5106,volume_exchange_unpack,compute,0.095849282,1,0,0,0,0,0,0,2710,0,0,0,0,0,0,0,0,0,0,0
118,cn5106,final_mesh_save,io,0,0,0,0,0,0,0,0,0,0,0,0,0,0,0,0,0,0,0,0
118,cn5106,testout_io,io,0,0,0,0,0,0,0,0,0,0,0,0,0,0,0,0,0,0,0,0
118,cn5106,final_count_exchange,communication,0,0,0,0,0,0,0,0,0,0,0,0,0,0,0,0,0,0,0,0
118,cn5106,quality_evaluation,postprocess,0,0,0,0,0,0,0,0,0,0,0,0,0,0,0,0,0,0,0,0
119,cn5107,geometry_load,io,1.742454094,1,0,0,0,0,0,0,5898,0,1035092,0,0,0,2,3,0,0,0,0
119,cn5107,coarse_local_size,setup,0.463886605,1,0,0,0,0,0,0,8278,0,0,0,0,0,94,22,0,0,0,0
119,cn5107,coarse_edge_mesh,setup,0.012441935,1,0,0,0,0,0,0,426,0,0,0,0,0,0,0,0,0,0,0
119,cn5107,coarse_surface_mesh,setup,8.140209179,1,0,0,0,0,0,0,12096,0,0,0,0,0,0,9,0,0,0,0
119,cn5107,coarse_volume_mesh,setup,13.196459494,1,0,0,0,0,0,0,22140,0,0,0,0,0,35872,1581323,0,0,0,0
119,cn5107,coarse_mesh_save,io,0,0,0,0,0,0,0,0,0,0,0,0,0,0,0,0,0,0,0,0
119,cn5107,submesh_initialization,setup,0.000116021999929,1,0,0,0,0,0,0,1,0,0,0,0,0,0,0,0,0,0,0
119,cn5107,metis_partition,compute,0.224879315,1,0,0,0,0,0,0,62,0,0,0,0,0,0,0,0,0,0,0
119,cn5107,face_map_setup,compute,0.00688406600011,1,0,0,0,0,0,0,3,0,0,0,0,0,0,0,0,0,0,0
119,cn5107,face_local_extract,compute,0.157368236,1,0,0,0,0,0,0,81,0,0,0,0,0,0,0,0,0,0,0
119,cn5107,face_pre_collective_wait,synchronization,0.103273484,1,0,0,0,0,0,0,1,0,0,0,0,0,0,1,0,0,0,0
119,cn5107,face_collective_setup,compute,0.000118440999813,1,0,0,0,0,0,0,16,0,0,0,0,0,0,0,0,0,0,0
119,cn5107,face_allgatherv,communication,0.0915197579998,1,0,0,0,0,0,0,1340,0,0,0,0,0,0,0,1,1,37904,4859624
119,cn5107,face_global_merge,compute,0.0753528159998,1,0,0,0,0,0,0,445,0,0,0,0,0,0,0,0,0,0,0
119,cn5107,part_face_create,compute,0.0184149490001,1,0,0,0,0,0,0,266,0,0,0,0,0,0,0,0,0,0,0
119,cn5107,surface_refine,compute,0.00821056199993,1,0,0,0,0,0,0,43,0,0,0,0,0,0,0,0,0,0,0
119,cn5107,refined_surface_save,io,0,0,0,0,0,0,0,0,0,0,0,0,0,0,0,0,0,0,0,0
119,cn5107,local_volume_mesh,compute,7.130264188,1,0,0,0,0,0,0,1841,0,0,0,0,0,11767,488142,0,0,0,0
119,cn5107,volume_refine,compute,0.331774023,1,0,0,0,0,0,0,4867,0,0,0,0,0,0,0,0,0,0,0
119,cn5107,refined_volume_save,io,0,0,0,0,0,0,0,0,0,0,0,0,0,0,0,0,0,0,0,0
119,cn5107,adjacency_build,compute,0.00411109100014,1,0,0,0,0,0,0,0,0,0,0,0,0,0,0,0,0,0,0
119,cn5107,vertex_numbering_local,compute,0.0114551820002,1,0,0,0,0,0,0,317,0,0,0,0,0,0,0,0,0,0,0
119,cn5107,vertex_count_allgather,communication,4.427645843,1,0,0,0,0,0,0,102,0,0,0,0,0,0,5,1,1,4,512
119,cn5107,element_count_allgather,communication,0.000852871000006,1,0,0,0,0,0,0,3,0,0,0,0,0,0,0,1,1,4,512
119,cn5107,vertex_exchange_prepare,compute,0.000196143000267,1,0,0,0,0,0,0,57,0,0,0,0,0,0,0,0,0,0,0
119,cn5107,vertex_exchange,communication,0.0130253820003,1,0,0,0,0,0,0,588,0,0,0,0,0,0,0,4,5,19404,229504
119,cn5107,vertex_exchange_unpack,compute,0.00309191899987,1,0,0,0,0,0,0,10,0,0,0,0,0,0,0,0,0,0,0
119,cn5107,partition_result_io,io,0,0,0,0,0,0,0,0,0,0,0,0,0,0,0,0,0,0,0,0
119,cn5107,volume_exchange_pack,compute,0.139979639,2,0,0,0,0,0,0,1564,0,0,0,0,0,0,0,0,0,0,0
119,cn5107,volume_size_exchange,communication,0.0510907549997,1,0,0,0,0,0,0,1,0,0,0,0,0,0,0,6,6,24,24
119,cn5107,volume_payload_prepare,compute,0.000311923000027,1,0,0,0,0,0,0,102,0,0,0,0,0,0,0,0,0,0,0
119,cn5107,volume_payload_exchange,communication,0.00379456700011,1,0,0,0,0,0,0,543,0,0,0,0,0,0,0,6,6,2666640,2674680
119,cn5107,volume_exchange_unpack,compute,0.0988747890001,1,0,0,0,0,0,0,3306,0,0,0,0,0,0,0,0,0,0,0
119,cn5107,final_mesh_save,io,0,0,0,0,0,0,0,0,0,0,0,0,0,0,0,0,0,0,0,0
119,cn5107,testout_io,io,0,0,0,0,0,0,0,0,0,0,0,0,0,0,0,0,0,0,0,0
119,cn5107,final_count_exchange,communication,0,0,0,0,0,0,0,0,0,0,0,0,0,0,0,0,0,0,0,0
119,cn5107,quality_evaluation,postprocess,0,0,0,0,0,0,0,0,0,0,0,0,0,0,0,0,0,0,0,0
120,cn5108,geometry_load,io,1.728555198,1,0,0,0,0,0,0,5894,0,1035092,0,0,0,2,3,0,0,0,0
120,cn5108,coarse_local_size,setup,0.476395214,1,0,0,0,0,0,0,8364,0,0,0,0,0,106,21,0,0,0,0
120,cn5108,coarse_edge_mesh,setup,0.0124289120004,1,0,0,0,0,0,0,435,0,0,0,0,0,0,0,0,0,0,0
120,cn5108,coarse_surface_mesh,setup,8.225362567,1,0,0,0,0,0,0,14618,0,0,0,0,0,0,11,0,0,0,0
120,cn5108,coarse_volume_mesh,setup,13.239019196,1,0,0,0,0,0,0,27577,0,0,0,0,0,36555,1460163,0,0,0,0
120,cn5108,coarse_mesh_save,io,0,0,0,0,0,0,0,0,0,0,0,0,0,0,0,0,0,0,0,0
120,cn5108,submesh_initialization,setup,0.000182702000075,1,0,0,0,0,0,0,57,0,0,0,0,0,0,0,0,0,0,0
120,cn5108,metis_partition,compute,0.238508982,1,0,0,0,0,0,0,2088,0,0,0,0,0,0,0,0,0,0,0
120,cn5108,face_map_setup,compute,0.00754364000022,1,0,0,0,0,0,0,563,0,0,0,0,0,0,0,0,0,0,0
120,cn5108,face_local_extract,compute,0.158597397,1,0,0,0,0,0,0,828,0,0,0,0,0,0,0,0,0,0,0
120,cn5108,face_pre_collective_wait,synchronization,0.0875153460001,1,0,0,0,0,0,0,21,0,0,0,0,0,0,0,0,0,0,0
120,cn5108,face_collective_setup,compute,0.000105960999917,1,0,0,0,0,0,0,16,0,0,0,0,0,0,0,0,0,0,0
120,cn5108,face_allgatherv,communication,0.0915470480004,1,0,0,0,0,0,0,640,0,0,0,0,0,0,0,1,1,37904,4859624
120,cn5108,face_global_merge,compute,0.0792566979999,1,0,0,0,0,0,0,601,0,0,0,0,0,0,0,0,0,0,0
120,cn5108,part_face_create,compute,0.0190396610001,1,0,0,0,0,0,0,28,0,0,0,0,0,0,0,0,0,0,0
120,cn5108,surface_refine,compute,0.0094132600002,1,0,0,0,0,0,0,47,0,0,0,0,0,0,0,0,0,0,0
120,cn5108,refined_surface_save,io,0,0,0,0,0,0,0,0,0,0,0,0,0,0,0,0,0,0,0,0
120,cn5108,local_volume_mesh,compute,8.050446382,1,0,0,0,0,0,0,3633,0,0,0,0,0,7539,408867,0,0,0,0
120,cn5108,volume_refine,compute,0.439362927,1,0,0,0,0,0,0,6684,0,0,0,0,0,0,1,0,0,0,0
120,cn5108,refined_volume_save,io,0,0,0,0,0,0,0,0,0,0,0,0,0,0,0,0,0,0,0,0
120,cn5108,adjacency_build,compute,0.00438934700014,1,0,0,0,0,0,0,3,0,0,0,0,0,0,0,0,0,0,0
120,cn5108,vertex_numbering_local,compute,0.0117856450001,1,0,0,0,0,0,0,216,0,0,0,0,0,0,0,0,0,0,0
120,cn5108,vertex_count_allgather,communication,3.393203047,1,0,0,0,0,0,0,80,0,0,0,0,0,0,3,1,1,4,512
120,cn5108,element_count_allgather,communication,0.000857988999996,1,0,0,0,0,0,0,0,0,0,0,0,0,0,0,1,1,4,512
120,cn5108,vertex_exchange_prepare,compute,9.22009999158e-05,1,0,0,0,0,0,0,16,0,0,0,0,0,0,0,0,0,0,0
120,cn5108,vertex_exchange,communication,0.0215028069997,1,0,0,0,0,0,0,631,0,0,0,0,0,0,0,7,6,155188,65120
120,cn5108,vertex_exchange_unpack,compute,0.000982370999736,1,0,0,0,0,0,0,0,0,0,0,0,0,0,0,0,0,0,0
120,cn5108,partition_result_io,io,0,0,0,0,0,0,0,0,0,0,0,0,0,0,0,0,0,0,0,0
120,cn5108,volume_exchange_pack,compute,0.176275125,2,0,0,0,0,0,0,935,0,0,0,0,0,0,0,0,0,0,0
120,cn5108,volume_size_exchange,communication,4.34599996879e-05,1,0,0,0,0,0,0,0,0,0,0,0,0,0,0,7,7,28,28
120,cn5108,volume_payload_prepare,compute,0.000347764000253,1,0,0,0,0,0,0,102,0,0,0,0,0,0,0,0,0,0,0
120,cn5108,volume_payload_exchange,communication,0.0114295209996,1,0,0,0,0,0,0,306,0,0,0,0,0,0,0,7,7,2316120,2321400
120,cn5108,volume_exchange_unpack,compute,0.117778546,1,0,0,0,0,0,0,4345,0,0,0,0,0,0,1,0,0,0,0
120,cn5108,final_mesh_save,io,0,0,0,0,0,0,0,0,0,0,0,0,0,0,0,0,0,0,0,0
120,cn5108,testout_io,io,0,0,0,0,0,0,0,0,0,0,0,0,0,0,0,0,0,0,0,0
120,cn5108,final_count_exchange,communication,0,0,0,0,0,0,0,0,0,0,0,0,0,0,0,0,0,0,0,0
120,cn5108,quality_evaluation,postprocess,0,0,0,0,0,0,0,0,0,0,0,0,0,0,0,0,0,0,0,0
121,cn5109,geometry_load,io,1.806646797,1,0,0,0,0,0,0,5898,0,1035092,0,0,0,2,4,0,0,0,0
121,cn5109,coarse_local_size,setup,0.475190375,1,0,0,0,0,0,0,8471,0,0,0,0,0,101,23,0,0,0,0
121,cn5109,coarse_edge_mesh,setup,0.0125669079998,1,0,0,0,0,0,0,509,0,0,0,0,0,0,0,0,0,0,0
121,cn5109,coarse_surface_mesh,setup,8.287150175,1,0,0,0,0,0,0,17268,0,0,0,0,0,0,15,0,0,0,0
121,cn5109,coarse_volume_mesh,setup,13.421053688,1,0,0,0,0,0,0,27692,0,0,0,0,0,37244,1703740,0,0,0,0
121,cn5109,coarse_mesh_save,io,0,0,0,0,0,0,0,0,0,0,0,0,0,0,0,0,0,0,0,0
121,cn5109,submesh_initialization,setup,0.000126981999983,1,0,0,0,0,0,0,3,0,0,0,0,0,0,0,0,0,0,0
121,cn5109,metis_partition,compute,0.236544953,1,0,0,0,0,0,0,302,0,0,0,0,0,0,1,0,0,0,0
121,cn5109,face_map_setup,compute,0.00736211899994,1,0,0,0,0,0,0,225,0,0,0,0,0,0,0,0,0,0,0
121,cn5109,face_local_extract,compute,0.162840884,1,0,0,0,0,0,0,703,0,0,0,0,0,0,0,0,0,0,0
121,cn5109,face_pre_collective_wait,synchronization,0.085589709,1,0,0,0,0,0,0,1,0,0,0,0,0,0,0,0,0,0,0
121,cn5109,face_collective_setup,compute,0.000104280999949,1,0,0,0,0,0,0,16,0,0,0,0,0,0,0,0,0,0,0
121,cn5109,face_allgatherv,communication,0.0915260679999,1,0,0,0,0,0,0,638,0,0,0,0,0,0,0,1,1,37904,4859624
121,cn5109,face_global_merge,compute,0.0787994769998,1,0,0,0,0,0,0,328,0,0,0,0,0,0,0,0,0,0,0
121,cn5109,part_face_create,compute,0.019015935,1,0,0,0,0,0,0,3,0,0,0,0,0,0,0,0,0,0,0
121,cn5109,surface_refine,compute,0.00903360100028,1,0,0,0,0,0,0,45,0,0,0,0,0,0,0,0,0,0,0
121,cn5109,refined_surface_save,io,0,0,0,0,0,0,0,0,0,0,0,0,0,0,0,0,0,0,0,0
121,cn5109,local_volume_mesh,compute,7.15222967,1,0,0,0,0,0,0,4521,0,0,0,0,0,7431,421069,0,0,0,0
121,cn5109,volume_refine,compute,0.391005626,1,0,0,0,0,0,0,4900,0,0,0,0,0,0,1,0,0,0,0
121,cn5109,refined_volume_save,io,0,0,0,0,0,0,0,0,0,0,0,0,0,0,0,0,0,0,0,0
121,cn5109,adjacency_build,compute,0.0046775830001,1,0,0,0,0,0,0,12,0,0,0,0,0,0,0,0,0,0,0
121,cn5109,vertex_numbering_local,compute,0.0134922810003,1,0,0,0,0,0,0,381,0,0,0,0,0,0,0,0,0,0,0
121,cn5109,vertex_count_allgather,communication,4.338562823,1,0,0,0,0,0,0,146,0,0,0,0,0,0,4,1,1,4,512
121,cn5109,element_count_allgather,communication,0.000808550999864,1,0,0,0,0,0,0,5,0,0,0,0,0,0,0,1,1,4,512
121,cn5109,vertex_exchange_prepare,compute,0.000160602000051,1,0,0,0,0,0,0,51,0,0,0,0,0,0,0,0,0,0,0
121,cn5109,vertex_exchange,communication,0.0127979509998,1,0,0,0,0,0,0,796,0,0,0,0,0,0,0,9,8,96008,164626
121,cn5109,vertex_exchange_unpack,compute,0.00361646800002,1,0,0,0,0,0,0,1308,0,0,0,0,0,0,0,0,0,0,0
121,cn5109,partition_result_io,io,0,0,0,0,0,0,0,0,0,0,0,0,0,0,0,0,0,0,0,0
121,cn5109,volume_exchange_pack,compute,0.153714102,2,0,0,0,0,0,0,2105,0,0,0,0,0,0,0,0,0,0,0
121,cn5109,volume_size_exchange,communication,0.0360096229997,1,0,0,0,0,0,0,3,0,0,0,0,0,0,0,10,10,40,40
121,cn5109,volume_payload_prepare,compute,0.000617887999852,1,0,0,0,0,0,0,204,0,0,0,0,0,0,0,0,0,0,0
121,cn5109,volume_payload_exchange,communication,0.00352714699966,1,0,0,0,0,0,0,329,0,0,0,0,0,0,0,10,10,2751720,2761080
121,cn5109,volume_exchange_unpack,compute,0.112147665,1,0,0,0,0,0,0,3806,0,0,0,0,0,0,0,0,0,0,0
121,cn5109,final_mesh_save,io,0,0,0,0,0,0,0,0,0,0,0,0,0,0,0,0,0,0,0,0
121,cn5109,testout_io,io,0,0,0,0,0,0,0,0,0,0,0,0,0,0,0,0,0,0,0,0
121,cn5109,final_count_exchange,communication,0,0,0,0,0,0,0,0,0,0,0,0,0,0,0,0,0,0,0,0
121,cn5109,quality_evaluation,postprocess,0,0,0,0,0,0,0,0,0,0,0,0,0,0,0,0,0,0,0,0
122,cn5110,geometry_load,io,1.721240973,1,0,0,0,0,0,0,5895,0,1035092,0,0,0,2,2,0,0,0,0
122,cn5110,coarse_local_size,setup,0.454820502,1,0,0,0,0,0,0,7909,0,0,0,0,0,103,20,0,0,0,0
122,cn5110,coarse_edge_mesh,setup,0.012772307,1,0,0,0,0,0,0,508,0,0,0,0,0,0,0,0,0,0,0
122,cn5110,coarse_surface_mesh,setup,8.19078422,1,0,0,0,0,0,0,15304,0,0,0,0,0,0,10,0,0,0,0
122,cn5110,coarse_volume_mesh,setup,13.411177215,1,0,0,0,0,0,0,27549,0,0,0,0,0,38231,1667113,0,0,0,0
122,cn5110,coarse_mesh_save,io,0,0,0,0,0,0,0,0,0,0,0,0,0,0,0,0,0,0,0,0
122,cn5110,submesh_initialization,setup,0.000175921999926,1,0,0,0,0,0,0,57,0,0,0,0,0,0,0,0,0,0,0
122,cn5110,metis_partition,compute,0.242831069,1,0,0,0,0,0,0,1679,0,0,0,0,0,0,0,0,0,0,0
122,cn5110,face_map_setup,compute,0.00743092600032,1,0,0,0,0,0,0,489,0,0,0,0,0,0,0,0,0,0,0
122,cn5110,face_local_extract,compute,0.158459193,1,0,0,0,0,0,0,814,0,0,0,0,0,0,1,0,0,0,0
122,cn5110,face_pre_collective_wait,synchronization,0.0834682459999,1,0,0,0,0,0,0,16,0,0,0,0,0,0,0,0,0,0,0
122,cn5110,face_collective_setup,compute,0.000103680999928,1,0,0,0,0,0,0,16,0,0,0,0,0,0,0,0,0,0,0
122,cn5110,face_allgatherv,communication,0.0914753389998,1,0,0,0,0,0,0,642,0,0,0,0,0,0,0,1,1,37904,4859624
122,cn5110,face_global_merge,compute,0.0789794739999,1,0,0,0,0,0,0,571,0,0,0,0,0,0,0,0,0,0,0
122,cn5110,part_face_create,compute,0.01902978,1,0,0,0,0,0,0,14,0,0,0,0,0,0,0,0,0,0,0
122,cn5110,surface_refine,compute,0.0112679899999,1,0,0,0,0,0,0,56,0,0,0,0,0,0,0,0,0,0,0
122,cn5110,refined_surface_save,io,0,0,0,0,0,0,0,0,0,0,0,0,0,0,0,0,0,0,0,0
122,cn5110,local_volume_mesh,compute,9.867991104,1,0,0,0,0,0,0,3600,0,0,0,0,0,11396,773129,0,0,0,0
122,cn5110,volume_refine,compute,0.661733376,1,0,0,0,0,0,0,5684,0,0,0,0,0,0,0,0,0,0,0
122,cn5110,refined_volume_save,io,0,0,0,0,0,0,0,0,0,0,0,0,0,0,0,0,0,0,0,0
122,cn5110,adjacency_build,compute,0.00401920700006,1,0,0,0,0,0,0,0,0,0,0,0,0,0,0,0,0,0,0
122,cn5110,vertex_numbering_local,compute,0.00873210100008,1,0,0,0,0,0,0,3,0,0,0,0,0,0,0,0,0,0,0
122,cn5110,vertex_count_allgather,communication,1.355011296,1,0,0,0,0,0,0,38,0,0,0,0,0,0,2,1,1,4,512
122,cn5110,element_count_allgather,communication,0.000854210000398,1,0,0,0,0,0,0,0,0,0,0,0,0,0,0,1,1,4,512
122,cn5110,vertex_exchange_prepare,compute,1.63800000337e-05,1,0,0,0,0,0,0,0,0,0,0,0,0,0,0,0,0,0,0
122,cn5110,vertex_exchange,communication,0.0118949979997,1,0,0,0,0,0,0,276,0,0,0,0,0,0,0,2,4,18040,63162
122,cn5110,vertex_exchange_unpack,compute,0.000923811000121,1,0,0,0,0,0,0,0,0,0,0,0,0,0,0,0,0,0,0
122,cn5110,partition_result_io,io,0,0,0,0,0,0,0,0,0,0,0,0,0,0,0,0,0,0,0,0
122,cn5110,volume_exchange_pack,compute,0.155611981,2,0,0,0,0,0,0,1,0,0,0,0,0,0,0,0,0,0,0
122,cn5110,volume_size_exchange,communication,0.0306865550001,1,0,0,0,0,0,0,4,0,0,0,0,0,0,0,5,5,20,20
122,cn5110,volume_payload_prepare,compute,6.428100005e-05,1,0,0,0,0,0,0,0,0,0,0,0,0,0,0,0,0,0,0
122,cn5110,volume_payload_exchange,communication,0.0102709989997,1,0,0,0,0,0,0,28,0,0,0,0,0,0,0,5,5,829440,831600
122,cn5110,volume_exchange_unpack,compute,0.116096163,1,0,0,0,0,0,0,5770,0,0,0,0,0,0,0,0,0,0,0
122,cn5110,final_mesh_save,io,0,0,0,0,0,0,0,0,0,0,0,0,0,0,0,0,0,0,0,0
122,cn5110,testout_io,io,0,0,0,0,0,0,0,0,0,0,0,0,0,0,0,0,0,0,0,0
122,cn5110,final_count_exchange,communication,0,0,0,0,0,0,0,0,0,0,0,0,0,0,0,0,0,0,0,0
122,cn5110,quality_evaluation,postprocess,0,0,0,0,0,0,0,0,0,0,0,0,0,0,0,0,0,0,0,0
123,cn5111,geometry_load,io,1.726142804,1,0,0,0,0,0,0,5894,0,1035092,0,0,0,2,2,0,0,0,0
123,cn5111,coarse_local_size,setup,0.474925344,1,0,0,0,0,0,0,8565,0,0,0,0,0,127,22,0,0,0,0
123,cn5111,coarse_edge_mesh,setup,0.0127218590001,1,0,0,0,0,0,0,525,0,0,0,0,0,0,0,0,0,0,0
123,cn5111,coarse_surface_mesh,setup,8.205444795,1,0,0,0,0,0,0,17191,0,0,0,0,0,0,9,0,0,0,0
123,cn5111,coarse_volume_mesh,setup,13.373397895,1,0,0,0,0,0,0,24159,0,0,0,0,0,39322,1599288,0,0,0,0
123,cn5111,coarse_mesh_save,io,0,0,0,0,0,0,0,0,0,0,0,0,0,0,0,0,0,0,0,0
123,cn5111,submesh_initialization,setup,0.000120281999898,1,0,0,0,0,0,0,4,0,0,0,0,0,0,0,0,0,0,0
123,cn5111,metis_partition,compute,0.226720937,1,0,0,0,0,0,0,140,0,0,0,0,0,0,0,0,0,0,0
123,cn5111,face_map_setup,compute,0.00683920600022,1,0,0,0,0,0,0,263,0,0,0,0,0,0,0,0,0,0,0
123,cn5111,face_local_extract,compute,0.155096261,1,0,0,0,0,0,0,353,0,0,0,0,0,0,0,0,0,0,0
123,cn5111,face_pre_collective_wait,synchronization,0.103664817,1,0,0,0,0,0,0,13,0,0,0,0,0,0,0,0,0,0,0
123,cn5111,face_collective_setup,compute,0.000106660999791,1,0,0,0,0,0,0,16,0,0,0,0,0,0,0,0,0,0,0
123,cn5111,face_allgatherv,communication,0.0914854849998,1,0,0,0,0,0,0,1143,0,0,0,0,0,0,0,1,1,37904,4859624
123,cn5111,face_global_merge,compute,0.0740604469997,1,0,0,0,0,0,0,143,0,0,0,0,0,0,0,0,0,0,0
123,cn5111,part_face_create,compute,0.0180785059997,1,0,0,0,0,0,0,3,0,0,0,0,0,0,0,0,0,0,0
123,cn5111,surface_refine,compute,0.010559332,1,0,0,0,0,0,0,48,0,0,0,0,0,0,0,0,0,0,0
123,cn5111,refined_surface_save,io,0,0,0,0,0,0,0,0,0,0,0,0,0,0,0,0,0,0,0,0
123,cn5111,local_volume_mesh,compute,10.276626778,1,0,0,0,0,0,0,1692,0,0,0,0,0,10378,809933,0,0,0,0
123,cn5111,volume_refine,compute,0.638814635,1,0,0,0,0,0,0,5327,0,0,0,0,0,0,0,0,0,0,0
123,cn5111,refined_volume_save,io,0,0,0,0,0,0,0,0,0,0,0,0,0,0,0,0,0,0,0,0
123,cn5111,adjacency_build,compute,0.00399091000008,1,0,0,0,0,0,0,0,0,0,0,0,0,0,0,0,0,0,0
123,cn5111,vertex_numbering_local,compute,0.00900027299986,1,0,0,0,0,0,0,2,0,0,0,0,0,0,0,0,0,0,0
123,cn5111,vertex_count_allgather,communication,0.975951334,1,0,0,0,0,0,0,29,0,0,0,0,0,0,1,1,1,4,512
123,cn5111,element_count_allgather,communication,0.000534406000043,1,0,0,0,0,0,0,0,0,0,0,0,0,0,0,1,1,4,512
123,cn5111,vertex_exchange_prepare,compute,1.54199997269e-05,1,0,0,0,0,0,0,0,0,0,0,0,0,0,0,0,0,0,0
123,cn5111,vertex_exchange,communication,0.0111567399999,1,0,0,0,0,0,0,12,0,0,0,0,0,0,0,0,3,0,81158
123,cn5111,vertex_exchange_unpack,compute,0.00114381499998,1,0,0,0,0,0,0,0,0,0,0,0,0,0,0,0,0,0,0
123,cn5111,partition_result_io,io,0,0,0,0,0,0,0,0,0,0,0,0,0,0,0,0,0,0,0,0
123,cn5111,volume_exchange_pack,compute,0.155190843,2,0,0,0,0,0,0,1,0,0,0,0,0,0,0,0,0,0,0
123,cn5111,volume_size_exchange,communication,0.030890387,1,0,0,0,0,0,0,2,0,0,0,0,0,0,0,3,3,12,12
123,cn5111,volume_payload_prepare,compute,6.2760000219e-05,1,0,0,0,0,0,0,0,0,0,0,0,0,0,0,0,0,0,0
123,cn5111,volume_payload_exchange,communication,0.0104521100002,1,0,0,0,0,0,0,13,0,0,0,0,0,0,0,3,3,832800,833280
123,cn5111,volume_exchange_unpack,compute,0.119600237,1,0,0,0,0,0,0,5868,0,0,0,0,0,0,1,0,0,0,0
123,cn5111,final_mesh_save,io,0,0,0,0,0,0,0,0,0,0,0,0,0,0,0,0,0,0,0,0
123,cn5111,testout_io,io,0,0,0,0,0,0,0,0,0,0,0,0,0,0,0,0,0,0,0,0
123,cn5111,final_count_exchange,communication,0,0,0,0,0,0,0,0,0,0,0,0,0,0,0,0,0,0,0,0
123,cn5111,quality_evaluation,postprocess,0,0,0,0,0,0,0,0,0,0,0,0,0,0,0,0,0,0,0,0
124,cn5112,geometry_load,io,1.747591187,1,0,0,0,0,0,0,5895,0,1035092,0,0,0,2,4,0,0,0,0
124,cn5112,coarse_local_size,setup,0.463287195,1,0,0,0,0,0,0,8292,0,0,0,0,0,96,22,0,0,0,0
124,cn5112,coarse_edge_mesh,setup,0.0127049309999,1,0,0,0,0,0,0,523,0,0,0,0,0,0,0,0,0,0,0
124,cn5112,coarse_surface_mesh,setup,8.216210166,1,0,0,0,0,0,0,17202,0,0,0,0,0,0,8,0,0,0,0
124,cn5112,coarse_volume_mesh,setup,13.170289662,1,0,0,0,0,0,0,26870,0,0,0,0,0,35902,1456574,0,0,0,0
124,cn5112,coarse_mesh_save,io,0,0,0,0,0,0,0,0,0,0,0,0,0,0,0,0,0,0,0,0
124,cn5112,submesh_initialization,setup,0.000170142000115,1,0,0,0,0,0,0,55,0,0,0,0,0,0,0,0,0,0,0
124,cn5112,metis_partition,compute,0.237740559,1,0,0,0,0,0,0,1873,0,0,0,0,0,0,0,0,0,0,0
124,cn5112,face_map_setup,compute,0.0077676320002,1,0,0,0,0,0,0,578,0,0,0,0,0,0,0,0,0,0,0
124,cn5112,face_local_extract,compute,0.155530344,1,0,0,0,0,0,0,834,0,0,0,0,0,0,0,0,0,0,0
124,cn5112,face_pre_collective_wait,synchronization,0.0911373009999,1,0,0,0,0,0,0,11,0,0,0,0,0,0,0,0,0,0,0
124,cn5112,face_collective_setup,compute,0.000105801000245,1,0,0,0,0,0,0,15,0,0,0,0,0,0,0,0,0,0,0
124,cn5112,face_allgatherv,communication,0.0915411659998,1,0,0,0,0,0,0,825,0,0,0,0,0,0,0,1,1,37904,4859624
124,cn5112,face_global_merge,compute,0.077853924,1,0,0,0,0,0,0,408,0,0,0,0,0,0,0,0,0,0,0
124,cn5112,part_face_create,compute,0.0189431249996,1,0,0,0,0,0,0,17,0,0,0,0,0,0,0,0,0,0,0
124,cn5112,surface_refine,compute,0.0102136410001,1,0,0,0,0,0,0,3,0,0,0,0,0,0,0,0,0,0,0
124,cn5112,refined_surface_save,io,0,0,0,0,0,0,0,0,0,0,0,0,0,0,0,0,0,0,0,0
124,cn5112,local_volume_mesh,compute,8.299410413,1,0,0,0,0,0,0,4088,0,0,0,0,0,13748,696524,0,0,0,0
124,cn5112,volume_refine,compute,0.45107809,1,0,0,0,0,0,0,7246,0,0,0,0,0,0,0,0,0,0,0
124,cn5112,refined_volume_save,io,0,0,0,0,0,0,0,0,0,0,0,0,0,0,0,0,0,0,0,0
124,cn5112,adjacency_build,compute,0.00422466999999,1,0,0,0,0,0,0,4,0,0,0,0,0,0,0,0,0,0,0
124,cn5112,vertex_numbering_local,compute,0.00891990499986,1,0,0,0,0,0,0,5,0,0,0,0,0,0,0,0,0,0,0
124,cn5112,vertex_count_allgather,communication,3.136176916,1,0,0,0,0,0,0,46,0,0,0,0,0,0,3,1,1,4,512
124,cn5112,element_count_allgather,communication,0.000823930000024,1,0,0,0,0,0,0,0,0,0,0,0,0,0,0,1,1,4,512
124,cn5112,vertex_exchange_prepare,compute,1.67399998645e-05,1,0,0,0,0,0,0,0,0,0,0,0,0,0,0,0,0,0,0
124,cn5112,vertex_exchange,communication,0.021348533,1,0,0,0,0,0,0,47,0,0,0,0,0,0,0,2,4,49588,44836
124,cn5112,vertex_exchange_unpack,compute,0.000692608000008,1,0,0,0,0,0,0,0,0,0,0,0,0,0,0,0,0,0,0
124,cn5112,partition_result_io,io,0,0,0,0,0,0,0,0,0,0,0,0,0,0,0,0,0,0,0,0
124,cn5112,volume_exchange_pack,compute,0.123252481,2,0,0,0,0,0,0,4,0,0,0,0,0,0,1,0,0,0,0
124,cn5112,volume_size_exchange,communication,0.0616896510001,1,0,0,0,0,0,0,2,0,0,0,0,0,0,0,5,5,20,20
124,cn5112,volume_payload_prepare,compute,7.61810001677e-05,1,0,0,0,0,0,0,0,0,0,0,0,0,0,0,0,0,0,0
124,cn5112,volume_payload_exchange,communication,0.00370040300004,1,0,0,0,0,0,0,25,0,0,0,0,0,0,0,5,5,990240,995880
124,cn5112,volume_exchange_unpack,compute,0.0815541269999,1,0,0,0,0,0,0,2463,0,0,0,0,0,0,0,0,0,0,0
124,cn5112,final_mesh_save,io,0,0,0,0,0,0,0,0,0,0,0,0,0,0,0,0,0,0,0,0
124,cn5112,testout_io,io,0,0,0,0,0,0,0,0,0,0,0,0,0,0,0,0,0,0,0,0
124,cn5112,final_count_exchange,communication,0,0,0,0,0,0,0,0,0,0,0,0,0,0,0,0,0,0,0,0
124,cn5112,quality_evaluation,postprocess,0,0,0,0,0,0,0,0,0,0,0,0,0,0,0,0,0,0,0,0
125,cn5113,geometry_load,io,1.726684321,1,0,0,0,0,0,0,5894,0,1035092,0,0,0,2,5,0,0,0,0
125,cn5113,coarse_local_size,setup,0.476790847,1,0,0,0,0,0,0,8322,0,0,0,0,0,116,21,0,0,0,0
125,cn5113,coarse_edge_mesh,setup,0.0127758489998,1,0,0,0,0,0,0,522,0,0,0,0,0,0,0,0,0,0,0
125,cn5113,coarse_surface_mesh,setup,8.220100514,1,0,0,0,0,0,0,17205,0,0,0,0,0,0,10,0,0,0,0
125,cn5113,coarse_volume_mesh,setup,13.223832183,1,0,0,0,0,0,0,27604,0,0,0,0,0,37103,1550050,0,0,0,0
125,cn5113,coarse_mesh_save,io,0,0,0,0,0,0,0,0,0,0,0,0,0,0,0,0,0,0,0,0
125,cn5113,submesh_initialization,setup,0.000173341999925,1,0,0,0,0,0,0,58,0,0,0,0,0,0,0,0,0,0,0
125,cn5113,metis_partition,compute,0.24035226,1,0,0,0,0,0,0,2079,0,0,0,0,0,0,0,0,0,0,0
125,cn5113,face_map_setup,compute,0.00782038299985,1,0,0,0,0,0,0,589,0,0,0,0,0,0,0,0,0,0,0
125,cn5113,face_local_extract,compute,0.158828901,1,0,0,0,0,0,0,688,0,0,0,0,0,0,0,0,0,0,0
125,cn5113,face_pre_collective_wait,synchronization,0.085160827,1,0,0,0,0,0,0,21,0,0,0,0,0,0,0,0,0,0,0
125,cn5113,face_collective_setup,compute,0.000109960999907,1,0,0,0,0,0,0,16,0,0,0,0,0,0,0,0,0,0,0
125,cn5113,face_allgatherv,communication,0.0916240330002,1,0,0,0,0,0,0,1152,0,0,0,0,0,0,0,1,1,37904,4859624
125,cn5113,face_global_merge,compute,0.0788551229998,1,0,0,0,0,0,0,584,0,0,0,0,0,0,0,0,0,0,0
125,cn5113,part_face_create,compute,0.019136033,1,0,0,0,0,0,0,22,0,0,0,0,0,0,0,0,0,0,0
125,cn5113,surface_refine,compute,0.0098871299997,1,0,0,0,0,0,0,49,0,0,0,0,0,0,0,0,0,0,0
125,cn5113,refined_surface_save,io,0,0,0,0,0,0,0,0,0,0,0,0,0,0,0,0,0,0,0,0
125,cn5113,local_volume_mesh,compute,8.258667667,1,0,0,0,0,0,0,4247,0,0,0,0,0,15319,671936,0,0,0,0
125,cn5113,volume_refine,compute,0.455564086,1,0,0,0,0,0,0,7626,0,0,0,0,0,0,1,0,0,0,0
125,cn5113,refined_volume_save,io,0,0,0,0,0,0,0,0,0,0,0,0,0,0,0,0,0,0,0,0
125,cn5113,adjacency_build,compute,0.00447531899999,1,0,0,0,0,0,0,9,0,0,0,0,0,0,0,0,0,0,0
125,cn5113,vertex_numbering_local,compute,0.00941476400021,1,0,0,0,0,0,0,6,0,0,0,0,0,0,0,0,0,0,0
125,cn5113,vertex_count_allgather,communication,3.170693482,1,0,0,0,0,0,0,81,0,0,0,0,0,0,4,1,1,4,512
125,cn5113,element_count_allgather,communication,0.000834791000216,1,0,0,0,0,0,0,0,0,0,0,0,0,0,0,1,1,4,512
125,cn5113,vertex_exchange_prepare,compute,0.000106022000182,1,0,0,0,0,0,0,24,0,0,0,0,0,0,0,0,0,0,0
125,cn5113,vertex_exchange,communication,0.0112938090001,1,0,0,0,0,0,0,40,0,0,0,0,0,0,0,3,3,53174,90310
125,cn5113,vertex_exchange_unpack,compute,0.0013223169999,1,0,0,0,0,0,0,0,0,0,0,0,0,0,0,0,0,0,0
125,cn5113,partition_result_io,io,0,0,0,0,0,0,0,0,0,0,0,0,0,0,0,0,0,0,0,0
125,cn5113,volume_exchange_pack,compute,0.139743789,2,0,0,0,0,0,0,720,0,0,0,0,0,0,0,0,0,0,0
125,cn5113,volume_size_exchange,communication,0.046365533,1,0,0,0,0,0,0,0,0,0,0,0,0,0,0,4,4,16,16
125,cn5113,volume_payload_prepare,compute,0.000183302000096,1,0,0,0,0,0,0,34,0,0,0,0,0,0,0,0,0,0,0
125,cn5113,volume_payload_exchange,communication,0.0103133770003,1,0,0,0,0,0,0,109,0,0,0,0,0,0,0,4,4,1533120,1516920
125,cn5113,volume_exchange_unpack,compute,0.0983095000001,1,0,0,0,0,0,0,4279,0,0,0,0,0,0,0,0,0,0,0
125,cn5113,final_mesh_save,io,0,0,0,0,0,0,0,0,0,0,0,0,0,0,0,0,0,0,0,0
125,cn5113,testout_io,io,0,0,0,0,0,0,0,0,0,0,0,0,0,0,0,0,0,0,0,0
125,cn5113,final_count_exchange,communication,0,0,0,0,0,0,0,0,0,0,0,0,0,0,0,0,0,0,0,0
125,cn5113,quality_evaluation,postprocess,0,0,0,0,0,0,0,0,0,0,0,0,0,0,0,0,0,0,0,0
126,cn5114,geometry_load,io,1.760442589,1,0,0,0,0,0,0,5896,0,1035092,0,0,0,2,16,0,0,0,0
126,cn5114,coarse_local_size,setup,0.466280141,1,0,0,0,0,0,0,8438,0,0,0,0,0,106,24,0,0,0,0
126,cn5114,coarse_edge_mesh,setup,0.0126963949997,1,0,0,0,0,0,0,507,0,0,0,0,0,0,0,0,0,0,0
126,cn5114,coarse_surface_mesh,setup,8.227013156,1,0,0,0,0,0,0,17213,0,0,0,0,0,0,79,0,0,0,0
126,cn5114,coarse_volume_mesh,setup,13.460565801,1,0,0,0,0,0,0,27890,0,0,0,0,0,36994,1680314,0,0,0,0
126,cn5114,coarse_mesh_save,io,0,0,0,0,0,0,0,0,0,0,0,0,0,0,0,0,0,0,0,0
126,cn5114,submesh_initialization,setup,0.000125082000068,1,0,0,0,0,0,0,2,0,0,0,0,0,0,0,0,0,0,0
126,cn5114,metis_partition,compute,0.239793262,1,0,0,0,0,0,0,1961,0,0,0,0,0,0,2,0,0,0,0
126,cn5114,face_map_setup,compute,0.00769907400036,1,0,0,0,0,0,0,610,0,0,0,0,0,0,0,0,0,0,0
126,cn5114,face_local_extract,compute,0.162932845,1,0,0,0,0,0,0,1309,0,0,0,0,0,0,1,0,0,0,0
126,cn5114,face_pre_collective_wait,synchronization,0.0818804179999,1,0,0,0,0,0,0,41,0,0,0,0,0,0,1,0,0,0,0
126,cn5114,face_collective_setup,compute,0.000101581999843,1,0,0,0,0,0,0,16,0,0,0,0,0,0,0,0,0,0,0
126,cn5114,face_allgatherv,communication,0.091669637,1,0,0,0,0,0,0,684,0,0,0,0,0,0,1,1,1,37904,4859624
126,cn5114,face_global_merge,compute,0.0787451389997,1,0,0,0,0,0,0,595,0,0,0,0,0,0,1,0,0,0,0
126,cn5114,part_face_create,compute,0.0191774330001,1,0,0,0,0,0,0,27,0,0,0,0,0,0,0,0,0,0,0
126,cn5114,surface_refine,compute,0.00950187499984,1,0,0,0,0,0,0,51,0,0,0,0,0,0,0,0,0,0,0
126,cn5114,refined_surface_save,io,0,0,0,0,0,0,0,0,0,0,0,0,0,0,0,0,0,0,0,0
126,cn5114,local_volume_mesh,compute,9.215685881,1,0,0,0,0,0,0,3680,0,0,0,0,0,18405,836187,0,0,0,0
126,cn5114,volume_refine,compute,0.424296469,1,0,0,0,0,0,0,6368,0,0,0,0,0,0,3,0,0,0,0
126,cn5114,refined_volume_save,io,0,0,0,0,0,0,0,0,0,0,0,0,0,0,0,0,0,0,0,0
126,cn5114,adjacency_build,compute,0.00442249299977,1,0,0,0,0,0,0,2,0,0,0,0,0,0,0,0,0,0,0
126,cn5114,vertex_numbering_local,compute,0.0108231519998,1,0,0,0,0,0,0,2,0,0,0,0,0,0,1,0,0,0,0
126,cn5114,vertex_count_allgather,communication,2.24395454,1,0,0,0,0,0,0,29,0,0,0,0,0,0,19,1,1,4,512
126,cn5114,element_count_allgather,communication,0.000881331000073,1,0,0,0,0,0,0,0,0,0,0,0,0,0,0,1,1,4,512
126,cn5114,vertex_exchange_prepare,compute,2.63410001935e-05,1,0,0,0,0,0,0,0,0,0,0,0,0,0,0,0,0,0,0
126,cn5114,vertex_exchange,communication,0.0216802240002,1,0,0,0,0,0,0,557,0,0,0,0,0,0,0,2,6,59796,161612
126,cn5114,vertex_exchange_unpack,compute,0.00232230899974,1,0,0,0,0,0,0,0,0,0,0,0,0,0,0,0,0,0,0
126,cn5114,partition_result_io,io,0,0,0,0,0,0,0,0,0,0,0,0,0,0,0,0,0,0,0,0
126,cn5114,volume_exchange_pack,compute,0.148335168,2,0,0,0,0,0,0,1,0,0,0,0,0,0,1,0,0,0,0
126,cn5114,volume_size_exchange,communication,0.0266047640002,1,0,0,0,0,0,0,0,0,0,0,0,0,0,0,7,7,28,28
126,cn5114,volume_payload_prepare,compute,0.000172762000147,1,0,0,0,0,0,0,0,0,0,0,0,0,0,0,0,0,0,0
126,cn5114,volume_payload_exchange,communication,0.010325665,1,0,0,0,0,0,0,6,0,0,0,0,0,0,0,7,7,2357160,2362560
126,cn5114,volume_exchange_unpack,compute,0.104699055,1,0,0,0,0,0,0,2941,0,0,0,0,0,0,1,0,0,0,0
126,cn5114,final_mesh_save,io,0,0,0,0,0,0,0,0,0,0,0,0,0,0,0,0,0,0,0,0
126,cn5114,testout_io,io,0,0,0,0,0,0,0,0,0,0,0,0,0,0,0,0,0,0,0,0
126,cn5114,final_count_exchange,communication,0,0,0,0,0,0,0,0,0,0,0,0,0,0,0,0,0,0,0,0
126,cn5114,quality_evaluation,postprocess,0,0,0,0,0,0,0,0,0,0,0,0,0,0,0,0,0,0,0,0
127,cn5115,geometry_load,io,1.742702793,1,0,0,0,0,0,0,5898,0,1035092,0,0,0,2,3,0,0,0,0
127,cn5115,coarse_local_size,setup,0.465978799,1,0,0,0,0,0,0,8408,0,0,0,0,0,109,21,0,0,0,0
127,cn5115,coarse_edge_mesh,setup,0.0126821109998,1,0,0,0,0,0,0,507,0,0,0,0,0,0,0,0,0,0,0
127,cn5115,coarse_surface_mesh,setup,8.221925861,1,0,0,0,0,0,0,17339,0,0,0,0,0,0,12,0,0,0,0
127,cn5115,coarse_volume_mesh,setup,13.316332691,1,0,0,0,0,0,0,26238,0,0,0,0,0,35620,1506584,0,0,0,0
127,cn5115,coarse_mesh_save,io,0,0,0,0,0,0,0,0,0,0,0,0,0,0,0,0,0,0,0,0
127,cn5115,submesh_initialization,setup,0.000184022000212,1,0,0,0,0,0,0,57,0,0,0,0,0,0,0,0,0,0,0
127,cn5115,metis_partition,compute,0.236493911,1,0,0,0,0,0,0,1844,0,0,0,0,0,0,0,0,0,0,0
127,cn5115,face_map_setup,compute,0.00748706900004,1,0,0,0,0,0,0,483,0,0,0,0,0,0,0,0,0,0,0
127,cn5115,face_local_extract,compute,0.156081235,1,0,0,0,0,0,0,829,0,0,0,0,0,0,0,0,0,0,0
127,cn5115,face_pre_collective_wait,synchronization,0.092144575,1,0,0,0,0,0,0,12,0,0,0,0,0,0,0,0,0,0,0
127,cn5115,face_collective_setup,compute,0.000102381000033,1,0,0,0,0,0,0,13,0,0,0,0,0,0,0,0,0,0,0
127,cn5115,face_allgatherv,communication,0.0915255079999,1,0,0,0,0,0,0,739,0,0,0,0,0,0,0,1,1,45816,4859624
127,cn5115,face_global_merge,compute,0.078822297,1,0,0,0,0,0,0,507,0,0,0,0,0,0,0,0,0,0,0
127,cn5115,part_face_create,compute,0.018900605,1,0,0,0,0,0,0,20,0,0,0,0,0,0,0,0,0,0,0
127,cn5115,surface_refine,compute,0.00954417399998,1,0,0,0,0,0,0,45,0,0,0,0,0,0,0,0,0,0,0
127,cn5115,refined_surface_save,io,0,0,0,0,0,0,0,0,0,0,0,0,0,0,0,0,0,0,0,0
127,cn5115,local_volume_mesh,compute,8.678911192,1,0,0,0,0,0,0,2771,0,0,0,0,0,15125,787024,0,0,0,0
127,cn5115,volume_refine,compute,0.430478476,1,0,0,0,0,0,0,6209,0,0,0,0,0,0,1,0,0,0,0
127,cn5115,refined_volume_save,io,0,0,0,0,0,0,0,0,0,0,0,0,0,0,0,0,0,0,0,0
127,cn5115,adjacency_build,compute,0.00395728700005,1,0,0,0,0,0,0,0,0,0,0,0,0,0,0,0,0,0,0
127,cn5115,vertex_numbering_local,compute,0.00753464900026,1,0,0,0,0,0,0,2,0,0,0,0,0,0,0,0,0,0,0
127,cn5115,vertex_count_allgather,communication,2.778732886,1,0,0,0,0,0,0,28,0,0,0,0,0,0,2,1,1,4,512
127,cn5115,element_count_allgather,communication,0.000864211000135,1,0,0,0,0,0,0,0,0,0,0,0,0,0,0,1,1,4,512
127,cn5115,vertex_exchange_prepare,compute,1.70199996319e-05,1,0,0,0,0,0,0,0,0,0,0,0,0,0,0,0,0,0,0
127,cn5115,vertex_exchange,communication,0.00163223900017,1,0,0,0,0,0,0,13,0,0,0,0,0,0,0,0,3,0,94358
127,cn5115,vertex_exchange_unpack,compute,0.00133137500006,1,0,0,0,0,0,0,0,0,0,0,0,0,0,0,0,0,0,0
127,cn5115,partition_result_io,io,0,0,0,0,0,0,0,0,0,0,0,0,0,0,0,0,0,0,0,0
127,cn5115,volume_exchange_pack,compute,0.124486699,2,0,0,0,0,0,0,381,0,0,0,0,0,0,0,0,0,0,0
127,cn5115,volume_size_exchange,communication,0.0581159110002,1,0,0,0,0,0,0,2,0,0,0,0,0,0,1,3,3,12,12
127,cn5115,volume_payload_prepare,compute,0.000138080999932,1,0,0,0,0,0,0,34,0,0,0,0,0,0,0,0,0,0,0
127,cn5115,volume_payload_exchange,communication,0.0150514389998,1,0,0,0,0,0,0,129,0,0,0,0,0,0,0,3,3,991320,992040
127,cn5115,volume_exchange_unpack,compute,0.0852390730001,1,0,0,0,0,0,0,3895,0,0,0,0,0,0,0,0,0,0,0
127,cn5115,final_mesh_save,io,0,0,0,0,0,0,0,0,0,0,0,0,0,0,0,0,0,0,0,0
127,cn5115,testout_io,io,0,0,0,0,0,0,0,0,0,0,0,0,0,0,0,0,0,0,0,0
127,cn5115,final_count_exchange,communication,0,0,0,0,0,0,0,0,0,0,0,0,0,0,0,0,0,0,0,0
127,cn5115,quality_evaluation,postprocess,0,0,0,0,0,0,0,0,0,0,0,0,0,0,0,0,0,0,0,0
