rank,host,stage,category,time_s,calls,cache_references,cache_misses,cache_miss_rate_percent,instructions,cycles,ipc,minor_faults,major_faults,rchar_bytes,wchar_bytes,physical_read_bytes,physical_write_bytes,voluntary_context_switches,involuntary_context_switches,send_messages,receive_messages,send_bytes,receive_bytes
0,cn4988,geometry_load,io,1.945437731,1,0,0,0,0,0,0,5898,0,1035098,0,10432512,0,201,3,0,0,0,0
0,cn4988,coarse_local_size,setup,0.506950618,1,0,0,0,0,0,0,8674,0,0,0,0,0,209,26,0,0,0,0
0,cn4988,coarse_edge_mesh,setup,0.0144173230001,1,0,0,0,0,0,0,427,0,0,0,0,0,2,0,0,0,0,0
0,cn4988,coarse_surface_mesh,setup,8.46890496,1,0,0,0,0,0,0,15414,0,0,0,0,0,24,16,0,0,0,0
0,cn4988,coarse_volume_mesh,setup,13.607927443,1,0,0,0,0,0,0,27450,0,0,0,0,0,40484,1653223,0,0,0,0
0,cn4988,coarse_mesh_save,io,0,0,0,0,0,0,0,0,0,0,0,0,0,0,0,0,0,0,0,0
0,cn4988,submesh_initialization,setup,0.000190983000266,1,0,0,0,0,0,0,58,0,0,0,0,0,0,0,0,0,0,0
0,cn4988,metis_partition,compute,0.263161512,1,0,0,0,0,0,0,2043,0,0,0,0,0,0,1,0,0,0,0
0,cn4988,face_map_setup,compute,0.00755119599989,1,0,0,0,0,0,0,552,0,0,0,0,0,0,0,0,0,0,0
0,cn4988,face_local_extract,compute,0.158680229,1,0,0,0,0,0,0,770,0,0,0,0,0,0,0,0,0,0,0
0,cn4988,face_pre_collective_wait,synchronization,0.00731731199994,1,0,0,0,0,0,0,7,0,0,0,0,0,0,0,0,0,0,0
0,cn4988,face_collective_setup,compute,0.00331010199989,1,0,0,0,0,0,0,16,0,0,0,0,0,3,0,0,0,0,0
0,cn4988,face_allgatherv,communication,0.226116782,1,0,0,0,0,0,0,1157,0,0,0,0,0,1,0,1,1,37904,4859624
0,cn4988,face_global_merge,compute,0.0790667010001,1,0,0,0,0,0,0,465,0,0,0,0,0,0,0,0,0,0,0
0,cn4988,part_face_create,compute,0.0191041419998,1,0,0,0,0,0,0,22,0,0,0,0,0,0,0,0,0,0,0
0,cn4988,surface_refine,compute,0.00942739899983,1,0,0,0,0,0,0,48,0,0,0,0,0,0,0,0,0,0,0
0,cn4988,refined_surface_save,io,0,0,0,0,0,0,0,0,0,0,0,0,0,0,0,0,0,0,0,0
0,cn4988,local_volume_mesh,compute,8.00908816,1,0,0,0,0,0,0,4206,0,0,0,0,0,8085,396805,0,0,0,0
0,cn4988,volume_refine,compute,0.439533024,1,0,0,0,0,0,0,7145,0,0,0,0,0,0,1,0,0,0,0
0,cn4988,refined_volume_save,io,0,0,0,0,0,0,0,0,0,0,0,0,0,0,0,0,0,0,0,0
0,cn4988,adjacency_build,compute,0.00451467699986,1,0,0,0,0,0,0,7,0,0,0,0,0,0,0,0,0,0,0
0,cn4988,vertex_numbering_local,compute,0.012790922,1,0,0,0,0,0,0,218,0,0,0,0,0,0,0,0,0,0,0
0,cn4988,vertex_count_allgather,communication,3.449690075,1,0,0,0,0,0,0,83,0,0,0,0,0,0,3,1,1,4,512
0,cn4988,element_count_allgather,communication,0.000944872000218,1,0,0,0,0,0,0,1,0,0,0,0,0,0,0,1,1,4,512
0,cn4988,vertex_exchange_prepare,compute,1.26800000544e-05,1,0,0,0,0,0,0,0,0,0,0,0,0,0,0,0,0,0,0
0,cn4988,vertex_exchange,communication,0.0225655659997,1,0,0,0,0,0,0,844,0,0,0,0,0,2,0,10,5,247170,2618
0,cn4988,vertex_exchange_unpack,compute,8.12410003164e-05,1,0,0,0,0,0,0,0,0,0,0,0,0,0,0,0,0,0,0
0,cn4988,partition_result_io,io,0,0,0,0,0,0,0,0,0,0,0,0,0,0,0,0,0,0,0,0
0,cn4988,volume_exchange_pack,compute,0.155794432,2,0,0,0,0,0,0,1095,0,0,0,0,0,0,0,0,0,0,0
0,cn4988,volume_size_exchange,communication,0.00789052000027,1,0,0,0,0,0,0,3,0,0,0,0,0,0,0,8,8,32,32
0,cn4988,volume_payload_prepare,compute,0.000455605999832,1,0,0,0,0,0,0,136,0,0,0,0,0,0,0,0,0,0,0
0,cn4988,volume_payload_exchange,communication,0.00844834700001,1,0,0,0,0,0,0,250,0,0,0,0,0,0,0,8,8,2627640,2644200
0,cn4988,volume_exchange_unpack,compute,0.122290348,1,0,0,0,0,0,0,4350,0,0,0,0,0,0,0,0,0,0,0
0,cn4988,final_mesh_save,io,0,0,0,0,0,0,0,0,0,0,0,0,0,0,0,0,0,0,0,0
0,cn4988,testout_io,io,0,0,0,0,0,0,0,0,0,0,0,0,0,0,0,0,0,0,0,0
0,cn4988,final_count_exchange,communication,0,0,0,0,0,0,0,0,0,0,0,0,0,0,0,0,0,0,0,0
0,cn4988,quality_evaluation,postprocess,0,0,0,0,0,0,0,0,0,0,0,0,0,0,0,0,0,0,0,0
1,cn4989,geometry_load,io,1.960912817,1,0,0,0,0,0,0,5896,0,1035097,0,10428416,0,203,2,0,0,0,0
1,cn4989,coarse_local_size,setup,0.487438974,1,0,0,0,0,0,0,7613,0,0,0,0,0,220,31,0,0,0,0
1,cn4989,coarse_edge_mesh,setup,0.0149920480003,1,0,0,0,0,0,0,505,0,0,0,0,0,2,0,0,0,0,0
1,cn4989,coarse_surface_mesh,setup,8.271870802,1,0,0,0,0,0,0,12829,0,0,0,0,0,24,11,0,0,0,0
1,cn4989,coarse_volume_mesh,setup,13.728255746,1,0,0,0,0,0,0,20935,0,0,0,0,0,45996,1829936,0,0,0,0
1,cn4989,coarse_mesh_save,io,0,0,0,0,0,0,0,0,0,0,0,0,0,0,0,0,0,0,0,0
1,cn4989,submesh_initialization,setup,0.000139580999985,1,0,0,0,0,0,0,4,0,0,0,0,0,0,0,0,0,0,0
1,cn4989,metis_partition,compute,0.226669203,1,0,0,0,0,0,0,64,0,0,0,0,0,0,0,0,0,0,0
1,cn4989,face_map_setup,compute,0.00688254600027,1,0,0,0,0,0,0,262,0,0,0,0,0,0,0,0,0,0,0
1,cn4989,face_local_extract,compute,0.152696956,1,0,0,0,0,0,0,200,0,0,0,0,0,0,1,0,0,0,0
1,cn4989,face_pre_collective_wait,synchronization,0.0506409949999,1,0,0,0,0,0,0,5,0,0,0,0,0,0,0,0,0,0,0
1,cn4989,face_collective_setup,compute,0.0032970809998,1,0,0,0,0,0,0,13,0,0,0,0,0,3,0,0,0,0,0
1,cn4989,face_allgatherv,communication,0.225960735,1,0,0,0,0,0,0,132,0,0,0,0,0,1,4,1,1,37904,4859624
1,cn4989,face_global_merge,compute,0.073521542,1,0,0,0,0,0,0,0,0,0,0,0,0,0,0,0,0,0,0
1,cn4989,part_face_create,compute,0.0179604650002,1,0,0,0,0,0,0,3,0,0,0,0,0,0,0,0,0,0,0
1,cn4989,surface_refine,compute,0.00951518000011,1,0,0,0,0,0,0,1,0,0,0,0,0,0,0,0,0,0,0
1,cn4989,refined_surface_save,io,0,0,0,0,0,0,0,0,0,0,0,0,0,0,0,0,0,0,0,0
1,cn4989,local_volume_mesh,compute,8.174900505,1,0,0,0,0,0,0,2354,0,0,0,0,0,12995,679677,0,0,0,0
1,cn4989,volume_refine,compute,0.472577588,1,0,0,0,0,0,0,4619,0,0,0,0,0,0,1,0,0,0,0
1,cn4989,refined_volume_save,io,0,0,0,0,0,0,0,0,0,0,0,0,0,0,0,0,0,0,0,0
1,cn4989,adjacency_build,compute,0.00403643000027,1,0,0,0,0,0,0,0,0,0,0,0,0,0,0,0,0,0,0
1,cn4989,vertex_numbering_local,compute,0.00984322300019,1,0,0,0,0,0,0,2,0,0,0,0,0,0,0,0,0,0,0
1,cn4989,vertex_count_allgather,communication,3.260976125,1,0,0,0,0,0,0,69,0,0,0,0,0,0,3,1,1,4,512
1,cn4989,element_count_allgather,communication,0.000808829999642,1,0,0,0,0,0,0,4,0,0,0,0,0,0,0,1,1,4,512
1,cn4989,vertex_exchange_prepare,compute,4.33410000369e-05,1,0,0,0,0,0,0,20,0,0,0,0,0,0,0,0,0,0,0
1,cn4989,vertex_exchange,communication,0.0157125770002,1,0,0,0,0,0,0,564,0,0,0,0,0,2,0,5,3,88726,58454
1,cn4989,vertex_exchange_unpack,compute,0.000924272000248,1,0,0,0,0,0,0,109,0,0,0,0,0,0,0,0,0,0,0
1,cn4989,partition_result_io,io,0,0,0,0,0,0,0,0,0,0,0,0,0,0,0,0,0,0,0,0
1,cn4989,volume_exchange_pack,compute,0.160923779,2,0,0,0,0,0,0,835,0,0,0,0,0,0,0,0,0,0,0
1,cn4989,volume_size_exchange,communication,0.00520232600002,1,0,0,0,0,0,0,2,0,0,0,0,0,0,0,5,5,20,20
1,cn4989,volume_payload_prepare,compute,0.000449305000075,1,0,0,0,0,0,0,274,0,0,0,0,0,0,0,0,0,0,0
1,cn4989,volume_payload_exchange,communication,0.0113987029999,1,0,0,0,0,0,0,79,0,0,0,0,0,0,0,5,5,1550640,1554720
1,cn4989,volume_exchange_unpack,compute,0.109478693,1,0,0,0,0,0,0,3589,0,0,0,0,0,0,0,0,0,0,0
1,cn4989,final_mesh_save,io,0,0,0,0,0,0,0,0,0,0,0,0,0,0,0,0,0,0,0,0
1,cn4989,testout_io,io,0,0,0,0,0,0,0,0,0,0,0,0,0,0,0,0,0,0,0,0
1,cn4989,final_count_exchange,communication,0,0,0,0,0,0,0,0,0,0,0,0,0,0,0,0,0,0,0,0
1,cn4989,quality_evaluation,postprocess,0,0,0,0,0,0,0,0,0,0,0,0,0,0,0,0,0,0,0,0
2,cn4990,geometry_load,io,2.091060547,1,0,0,0,0,0,0,5898,0,1035097,0,10428416,0,203,4,0,0,0,0
2,cn4990,coarse_local_size,setup,0.529332843,1,0,0,0,0,0,0,8188,0,0,0,0,0,224,30,0,0,0,0
2,cn4990,coarse_edge_mesh,setup,0.0144050700001,1,0,0,0,0,0,0,515,0,0,0,0,0,2,0,0,0,0,0
2,cn4990,coarse_surface_mesh,setup,8.631083595,1,0,0,0,0,0,0,15246,0,0,0,0,0,24,11,0,0,0,0
2,cn4990,coarse_volume_mesh,setup,13.558521809,1,0,0,0,0,0,0,27255,0,0,0,0,0,38175,1641885,0,0,0,0
2,cn4990,coarse_mesh_save,io,0,0,0,0,0,0,0,0,0,0,0,0,0,0,0,0,0,0,0,0
2,cn4990,submesh_initialization,setup,0.000184001999969,1,0,0,0,0,0,0,56,0,0,0,0,0,0,0,0,0,0,0
2,cn4990,metis_partition,compute,0.251150303,1,0,0,0,0,0,0,2147,0,0,0,0,0,0,0,0,0,0,0
2,cn4990,face_map_setup,compute,0.00788952499988,1,0,0,0,0,0,0,581,0,0,0,0,0,0,0,0,0,0,0
2,cn4990,face_local_extract,compute,0.165277487,1,0,0,0,0,0,0,952,0,0,0,0,0,0,1,0,0,0,0
2,cn4990,face_pre_collective_wait,synchronization,0.0124499450003,1,0,0,0,0,0,0,8,0,0,0,0,0,0,0,0,0,0,0
2,cn4990,face_collective_setup,compute,0.00340194499995,1,0,0,0,0,0,0,16,0,0,0,0,0,3,0,0,0,0,0
2,cn4990,face_allgatherv,communication,0.225732226,1,0,0,0,0,0,0,787,0,0,0,0,0,1,0,1,1,37904,4859624
2,cn4990,face_global_merge,compute,0.079705394,1,0,0,0,0,0,0,506,0,0,0,0,0,0,0,0,0,0,0
2,cn4990,part_face_create,compute,0.0190134720001,1,0,0,0,0,0,0,19,0,0,0,0,0,0,0,0,0,0,0
2,cn4990,surface_refine,compute,0.00936778400001,1,0,0,0,0,0,0,21,0,0,0,0,0,0,0,0,0,0,0
2,cn4990,refined_surface_save,io,0,0,0,0,0,0,0,0,0,0,0,0,0,0,0,0,0,0,0,0
2,cn4990,local_volume_mesh,compute,8.228484549,1,0,0,0,0,0,0,5419,0,0,0,0,0,14242,849578,0,0,0,0
2,cn4990,volume_refine,compute,0.45040496,1,0,0,0,0,0,0,5144,0,0,0,0,0,0,1,0,0,0,0
2,cn4990,refined_volume_save,io,0,0,0,0,0,0,0,0,0,0,0,0,0,0,0,0,0,0,0,0
2,cn4990,adjacency_build,compute,0.00420099600024,1,0,0,0,0,0,0,4,0,0,0,0,0,0,0,0,0,0,0
2,cn4990,vertex_numbering_local,compute,0.00824426899999,1,0,0,0,0,0,0,6,0,0,0,0,0,0,0,0,0,0,0
2,cn4990,vertex_count_allgather,communication,3.223834034,1,0,0,0,0,0,0,99,0,0,0,0,0,0,3,1,1,4,512
2,cn4990,element_count_allgather,communication,0.000839370999984,1,0,0,0,0,0,0,8,0,0,0,0,0,0,0,1,1,4,512
2,cn4990,vertex_exchange_prepare,compute,4.30800000686e-05,1,0,0,0,0,0,0,18,0,0,0,0,0,0,0,0,0,0,0
2,cn4990,vertex_exchange,communication,0.0039715920002,1,0,0,0,0,0,0,65,0,0,0,0,0,2,0,4,3,85778,32208
2,cn4990,vertex_exchange_unpack,compute,0.00082871099994,1,0,0,0,0,0,0,353,0,0,0,0,0,0,0,0,0,0,0
2,cn4990,partition_result_io,io,0,0,0,0,0,0,0,0,0,0,0,0,0,0,0,0,0,0,0,0
2,cn4990,volume_exchange_pack,compute,0.14049484,2,0,0,0,0,0,0,1762,0,0,0,0,0,0,0,0,0,0,0
2,cn4990,volume_size_exchange,communication,0.0409787019998,1,0,0,0,0,0,0,15,0,0,0,0,0,0,0,4,4,16,16
2,cn4990,volume_payload_prepare,compute,0.000218903000132,1,0,0,0,0,0,0,115,0,0,0,0,0,0,0,0,0,0,0
2,cn4990,volume_payload_exchange,communication,0.00259839399996,1,0,0,0,0,0,0,36,0,0,0,0,0,0,0,4,4,1242960,1240320
2,cn4990,volume_exchange_unpack,compute,0.0899542499997,1,0,0,0,0,0,0,2812,0,0,0,0,0,0,0,0,0,0,0
2,cn4990,final_mesh_save,io,0,0,0,0,0,0,0,0,0,0,0,0,0,0,0,0,0,0,0,0
2,cn4990,testout_io,io,0,0,0,0,0,0,0,0,0,0,0,0,0,0,0,0,0,0,0,0
2,cn4990,final_count_exchange,communication,0,0,0,0,0,0,0,0,0,0,0,0,0,0,0,0,0,0,0,0
2,cn4990,quality_evaluation,postprocess,0,0,0,0,0,0,0,0,0,0,0,0,0,0,0,0,0,0,0,0
3,cn4991,geometry_load,io,3.023847176,1,0,0,0,0,0,0,5897,0,1035097,0,10428416,0,203,4,0,0,0,0
3,cn4991,coarse_local_size,setup,0.523584975,1,0,0,0,0,0,0,8709,0,0,0,0,0,212,29,0,0,0,0
3,cn4991,coarse_edge_mesh,setup,0.0141278029996,1,0,0,0,0,0,0,491,0,0,0,0,0,2,0,0,0,0,0
3,cn4991,coarse_surface_mesh,setup,8.608334848,1,0,0,0,0,0,0,14445,0,0,0,0,0,24,16,0,0,0,0
3,cn4991,coarse_volume_mesh,setup,13.465133672,1,0,0,0,0,0,0,25293,0,0,0,0,0,37499,1723868,0,0,0,0
3,cn4991,coarse_mesh_save,io,0,0,0,0,0,0,0,0,0,0,0,0,0,0,0,0,0,0,0,0
3,cn4991,submesh_initialization,setup,0.000139861999742,1,0,0,0,0,0,0,4,0,0,0,0,0,0,0,0,0,0,0
3,cn4991,metis_partition,compute,0.235002949,1,0,0,0,0,0,0,193,0,0,0,0,0,0,0,0,0,0,0
3,cn4991,face_map_setup,compute,0.00694138000017,1,0,0,0,0,0,0,261,0,0,0,0,0,0,0,0,0,0,0
3,cn4991,face_local_extract,compute,0.1579291,1,0,0,0,0,0,0,199,0,0,0,0,0,0,0,0,0,0,0
3,cn4991,face_pre_collective_wait,synchronization,0.036948466,1,0,0,0,0,0,0,9,0,0,0,0,0,0,0,0,0,0,0
3,cn4991,face_collective_setup,compute,0.003208997,1,0,0,0,0,0,0,16,0,0,0,0,0,3,0,0,0,0,0
3,cn4991,face_allgatherv,communication,0.225740862,1,0,0,0,0,0,0,724,0,0,0,0,0,1,1,1,1,37904,4859624
3,cn4991,face_global_merge,compute,0.074915443,1,0,0,0,0,0,0,173,0,0,0,0,0,0,0,0,0,0,0
3,cn4991,part_face_create,compute,0.0181075690002,1,0,0,0,0,0,0,3,0,0,0,0,0,0,0,0,0,0,0
3,cn4991,surface_refine,compute,0.00858085900018,1,0,0,0,0,0,0,45,0,0,0,0,0,0,0,0,0,0,0
3,cn4991,refined_surface_save,io,0,0,0,0,0,0,0,0,0,0,0,0,0,0,0,0,0,0,0,0
3,cn4991,local_volume_mesh,compute,8.006638272,1,0,0,0,0,0,0,2208,0,0,0,0,0,11556,749699,0,0,0,0
3,cn4991,volume_refine,compute,0.3956311,1,0,0,0,0,0,0,4178,0,0,0,0,0,0,0,0,0,0,0
3,cn4991,refined_volume_save,io,0,0,0,0,0,0,0,0,0,0,0,0,0,0,0,0,0,0,0,0
3,cn4991,adjacency_build,compute,0.00392910500022,1,0,0,0,0,0,0,0,0,0,0,0,0,0,0,0,0,0,0
3,cn4991,vertex_numbering_local,compute,0.00682569899982,1,0,0,0,0,0,0,2,0,0,0,0,0,0,0,0,0,0,0
3,cn4991,vertex_count_allgather,communication,3.509089309,1,0,0,0,0,0,0,28,0,0,0,0,0,0,4,1,1,4,512
3,cn4991,element_count_allgather,communication,0.000883090000116,1,0,0,0,0,0,0,0,0,0,0,0,0,0,0,1,1,4,512
3,cn4991,vertex_exchange_prepare,compute,1.4100000044e-05,1,0,0,0,0,0,0,0,0,0,0,0,0,0,0,0,0,0,0
3,cn4991,vertex_exchange,communication,0.0155439599998,1,0,0,0,0,0,0,252,0,0,0,0,0,2,0,3,3,29634,53152
3,cn4991,vertex_exchange_unpack,compute,0.000751208000111,1,0,0,0,0,0,0,0,0,0,0,0,0,0,0,0,0,0,0
3,cn4991,partition_result_io,io,0,0,0,0,0,0,0,0,0,0,0,0,0,0,0,0,0,0,0,0
3,cn4991,volume_exchange_pack,compute,0.0965712529996,2,0,0,0,0,0,0,1,0,0,0,0,0,0,0,0,0,0,0
3,cn4991,volume_size_exchange,communication,0.0706235150001,1,0,0,0,0,0,0,0,0,0,0,0,0,0,0,4,4,16,16
3,cn4991,volume_payload_prepare,compute,6.84800002091e-05,1,0,0,0,0,0,0,0,0,0,0,0,0,0,0,0,0,0,0
3,cn4991,volume_payload_exchange,communication,0.00890722299982,1,0,0,0,0,0,0,23,0,0,0,0,0,0,0,4,4,869760,867720
3,cn4991,volume_exchange_unpack,compute,0.0726971179997,1,0,0,0,0,0,0,1093,0,0,0,0,0,0,0,0,0,0,0
3,cn4991,final_mesh_save,io,0,0,0,0,0,0,0,0,0,0,0,0,0,0,0,0,0,0,0,0
3,cn4991,testout_io,io,0,0,0,0,0,0,0,0,0,0,0,0,0,0,0,0,0,0,0,0
3,cn4991,final_count_exchange,communication,0,0,0,0,0,0,0,0,0,0,0,0,0,0,0,0,0,0,0,0
3,cn4991,quality_evaluation,postprocess,0,0,0,0,0,0,0,0,0,0,0,0,0,0,0,0,0,0,0,0
4,cn4992,geometry_load,io,2.014999922,1,0,0,0,0,0,0,5897,0,1035097,0,10428416,0,203,2,0,0,0,0
4,cn4992,coarse_local_size,setup,0.519440796,1,0,0,0,0,0,0,8076,0,0,0,0,0,219,29,0,0,0,0
4,cn4992,coarse_edge_mesh,setup,0.0153662409998,1,0,0,0,0,0,0,515,0,0,0,0,0,2,1,0,0,0,0
4,cn4992,coarse_surface_mesh,setup,8.488171127,1,0,0,0,0,0,0,17214,0,0,0,0,0,24,9,0,0,0,0
4,cn4992,coarse_volume_mesh,setup,13.347760631,1,0,0,0,0,0,0,26147,0,0,0,0,0,37767,1582528,0,0,0,0
4,cn4992,coarse_mesh_save,io,0,0,0,0,0,0,0,0,0,0,0,0,0,0,0,0,0,0,0,0
4,cn4992,submesh_initialization,setup,0.000142382000377,1,0,0,0,0,0,0,4,0,0,0,0,0,0,0,0,0,0,0
4,cn4992,metis_partition,compute,0.227479467,1,0,0,0,0,0,0,500,0,0,0,0,0,0,0,0,0,0,0
4,cn4992,face_map_setup,compute,0.00699458200006,1,0,0,0,0,0,0,261,0,0,0,0,0,0,0,0,0,0,0
4,cn4992,face_local_extract,compute,0.161326326,1,0,0,0,0,0,0,199,0,0,0,0,0,0,1,0,0,0,0
4,cn4992,face_pre_collective_wait,synchronization,0.041031065,1,0,0,0,0,0,0,3,0,0,0,0,0,0,0,0,0,0,0
4,cn4992,face_collective_setup,compute,0.00344808,1,0,0,0,0,0,0,13,0,0,0,0,0,3,0,0,0,0,0
4,cn4992,face_allgatherv,communication,0.225385122,1,0,0,0,0,0,0,638,0,0,0,0,0,1,0,1,1,37904,4859624
4,cn4992,face_global_merge,compute,0.0737474509997,1,0,0,0,0,0,0,13,0,0,0,0,0,0,0,0,0,0,0
4,cn4992,part_face_create,compute,0.0178587710002,1,0,0,0,0,0,0,3,0,0,0,0,0,0,0,0,0,0,0
4,cn4992,surface_refine,compute,0.0083753189997,1,0,0,0,0,0,0,45,0,0,0,0,0,0,0,0,0,0,0
4,cn4992,refined_surface_save,io,0,0,0,0,0,0,0,0,0,0,0,0,0,0,0,0,0,0,0,0
4,cn4992,local_volume_mesh,compute,8.508666108,1,0,0,0,0,0,0,2246,0,0,0,0,0,20060,798808,0,0,0,0
4,cn4992,volume_refine,compute,0.370020511,1,0,0,0,0,0,0,5422,0,0,0,0,0,0,0,0,0,0,0
4,cn4992,refined_volume_save,io,0,0,0,0,0,0,0,0,0,0,0,0,0,0,0,0,0,0,0,0
4,cn4992,adjacency_build,compute,0.00424008999971,1,0,0,0,0,0,0,6,0,0,0,0,0,0,0,0,0,0,0
4,cn4992,vertex_numbering_local,compute,0.0135319800002,1,0,0,0,0,0,0,451,0,0,0,0,0,0,0,0,0,0,0
4,cn4992,vertex_count_allgather,communication,3.02724786,1,0,0,0,0,0,0,64,0,0,0,0,0,0,3,1,1,4,512
4,cn4992,element_count_allgather,communication,0.000551725999685,1,0,0,0,0,0,0,0,0,0,0,0,0,0,0,1,1,4,512
4,cn4992,vertex_exchange_prepare,compute,7.47809999666e-05,1,0,0,0,0,0,0,23,0,0,0,0,0,0,0,0,0,0,0
4,cn4992,vertex_exchange,communication,0.022731949,1,0,0,0,0,0,0,348,0,0,0,0,0,2,0,8,6,205612,84458
4,cn4992,vertex_exchange_unpack,compute,0.00119533399993,1,0,0,0,0,0,0,0,0,0,0,0,0,0,0,0,0,0,0
4,cn4992,partition_result_io,io,0,0,0,0,0,0,0,0,0,0,0,0,0,0,0,0,0,0,0,0
4,cn4992,volume_exchange_pack,compute,0.161601828,2,0,0,0,0,0,0,1210,0,0,0,0,0,0,0,0,0,0,0
4,cn4992,volume_size_exchange,communication,4.36199998148e-05,1,0,0,0,0,0,0,0,0,0,0,0,0,0,0,8,8,32,32
4,cn4992,volume_payload_prepare,compute,0.000302062999708,1,0,0,0,0,0,0,68,0,0,0,0,0,0,0,0,0,0,0
4,cn4992,volume_payload_exchange,communication,0.00250348999998,1,0,0,0,0,0,0,334,0,0,0,0,0,0,0,8,8,3100200,3100680
4,cn4992,volume_exchange_unpack,compute,0.125176799,1,0,0,0,0,0,0,3738,0,0,0,0,0,0,0,0,0,0,0
4,cn4992,final_mesh_save,io,0,0,0,0,0,0,0,0,0,0,0,0,0,0,0,0,0,0,0,0
4,cn4992,testout_io,io,0,0,0,0,0,0,0,0,0,0,0,0,0,0,0,0,0,0,0,0
4,cn4992,final_count_exchange,communication,0,0,0,0,0,0,0,0,0,0,0,0,0,0,0,0,0,0,0,0
4,cn4992,quality_evaluation,postprocess,0,0,0,0,0,0,0,0,0,0,0,0,0,0,0,0,0,0,0,0
5,cn4993,geometry_load,io,1.943863456,1,0,0,0,0,0,0,5897,0,1035097,0,10428416,0,203,3,0,0,0,0
5,cn4993,coarse_local_size,setup,0.503127372,1,0,0,0,0,0,0,8431,0,0,0,0,0,209,28,0,0,0,0
5,cn4993,coarse_edge_mesh,setup,0.0144210420003,1,0,0,0,0,0,0,523,0,0,0,0,0,2,0,0,0,0,0
5,cn4993,coarse_surface_mesh,setup,8.441636127,1,0,0,0,0,0,0,17258,0,0,0,0,0,24,10,0,0,0,0
5,cn4993,coarse_volume_mesh,setup,13.230114356,1,0,0,0,0,0,0,27864,0,0,0,0,0,37256,1592756,0,0,0,0
5,cn4993,coarse_mesh_save,io,0,0,0,0,0,0,0,0,0,0,0,0,0,0,0,0,0,0,0,0
5,cn4993,submesh_initialization,setup,0.000193182000203,1,0,0,0,0,0,0,59,0,0,0,0,0,0,0,0,0,0,0
5,cn4993,metis_partition,compute,0.24303653,1,0,0,0,0,0,0,2169,0,0,0,0,0,0,0,0,0,0,0
5,cn4993,face_map_setup,compute,0.0077029060003,1,0,0,0,0,0,0,595,0,0,0,0,0,0,0,0,0,0,0
5,cn4993,face_local_extract,compute,0.163103012,1,0,0,0,0,0,0,919,0,0,0,0,0,0,0,0,0,0,0
5,cn4993,face_pre_collective_wait,synchronization,0.0229618380004,1,0,0,0,0,0,0,7,0,0,0,0,0,0,0,0,0,0,0
5,cn4993,face_collective_setup,compute,0.00293955300003,1,0,0,0,0,0,0,16,0,0,0,0,0,3,0,0,0,0,0
5,cn4993,face_allgatherv,communication,0.225734036,1,0,0,0,0,0,0,833,0,0,0,0,0,1,1,1,1,37904,4859624
5,cn4993,face_global_merge,compute,0.0789330469997,1,0,0,0,0,0,0,417,0,0,0,0,0,0,0,0,0,0,0
5,cn4993,part_face_create,compute,0.018898673,1,0,0,0,0,0,0,21,0,0,0,0,0,0,0,0,0,0,0
5,cn4993,surface_refine,compute,0.00731994200032,1,0,0,0,0,0,0,40,0,0,0,0,0,0,0,0,0,0,0
5,cn4993,refined_surface_save,io,0,0,0,0,0,0,0,0,0,0,0,0,0,0,0,0,0,0,0,0
5,cn4993,local_volume_mesh,compute,7.015280983,1,0,0,0,0,0,0,3040,0,0,0,0,0,12656,466330,0,0,0,0
5,cn4993,volume_refine,compute,0.267346603,1,0,0,0,0,0,0,5145,0,0,0,0,0,0,0,0,0,0,0
5,cn4993,refined_volume_save,io,0,0,0,0,0,0,0,0,0,0,0,0,0,0,0,0,0,0,0,0
5,cn4993,adjacency_build,compute,0.00439043000006,1,0,0,0,0,0,0,8,0,0,0,0,0,0,0,0,0,0,0
5,cn4993,vertex_numbering_local,compute,0.00963842800002,1,0,0,0,0,0,0,2,0,0,0,0,0,0,0,0,0,0,0
5,cn4993,vertex_count_allgather,communication,4.621858878,1,0,0,0,0,0,0,68,0,0,0,0,0,0,5,1,1,4,512
5,cn4993,element_count_allgather,communication,0.000863329999902,1,0,0,0,0,0,0,29,0,0,0,0,0,0,0,1,1,4,512
5,cn4993,vertex_exchange_prepare,compute,6.61409999339e-05,1,0,0,0,0,0,0,37,0,0,0,0,0,0,0,0,0,0,0
5,cn4993,vertex_exchange,communication,0.0230754989998,1,0,0,0,0,0,0,322,0,0,0,0,0,2,0,6,6,157256,66792
5,cn4993,vertex_exchange_unpack,compute,0.00164557900007,1,0,0,0,0,0,0,665,0,0,0,0,0,0,0,0,0,0,0
5,cn4993,partition_result_io,io,0,0,0,0,0,0,0,0,0,0,0,0,0,0,0,0,0,0,0,0
5,cn4993,volume_exchange_pack,compute,0.134963396,2,0,0,0,0,0,0,1602,0,0,0,0,0,0,0,0,0,0,0
5,cn4993,volume_size_exchange,communication,0.0267871010001,1,0,0,0,0,0,0,3,0,0,0,0,0,0,0,7,7,28,28
5,cn4993,volume_payload_prepare,compute,0.000174322000021,1,0,0,0,0,0,0,0,0,0,0,0,0,0,0,0,0,0,0
5,cn4993,volume_payload_exchange,communication,0.00233804599975,1,0,0,0,0,0,0,25,0,0,0,0,0,0,0,7,7,2395080,2384880
5,cn4993,volume_exchange_unpack,compute,0.137495484,1,0,0,0,0,0,0,3269,0,0,0,0,0,0,0,0,0,0,0
5,cn4993,final_mesh_save,io,0,0,0,0,0,0,0,0,0,0,0,0,0,0,0,0,0,0,0,0
5,cn4993,testout_io,io,0,0,0,0,0,0,0,0,0,0,0,0,0,0,0,0,0,0,0,0
5,cn4993,final_count_exchange,communication,0,0,0,0,0,0,0,0,0,0,0,0,0,0,0,0,0,0,0,0
5,cn4993,quality_evaluation,postprocess,0,0,0,0,0,0,0,0,0,0,0,0,0,0,0,0,0,0,0,0
6,cn4994,geometry_load,io,1.942031125,1,0,0,0,0,0,0,5897,0,1035097,0,10428416,0,203,2,0,0,0,0
6,cn4994,coarse_local_size,setup,0.544175636,1,0,0,0,0,0,0,8366,0,0,0,0,0,235,29,0,0,0,0
6,cn4994,coarse_edge_mesh,setup,0.0148029269999,1,0,0,0,0,0,0,488,0,0,0,0,0,2,0,0,0,0,0
6,cn4994,coarse_surface_mesh,setup,8.44351413,1,0,0,0,0,0,0,17216,0,0,0,0,0,24,9,0,0,0,0
6,cn4994,coarse_volume_mesh,setup,13.454845782,1,0,0,0,0,0,0,26556,0,0,0,0,0,38492,1656182,0,0,0,0
6,cn4994,coarse_mesh_save,io,0,0,0,0,0,0,0,0,0,0,0,0,0,0,0,0,0,0,0,0
6,cn4994,submesh_initialization,setup,0.00016380299985,1,0,0,0,0,0,0,18,0,0,0,0,0,0,0,0,0,0,0
6,cn4994,metis_partition,compute,0.230602005,1,0,0,0,0,0,0,1013,0,0,0,0,0,0,1,0,0,0,0
6,cn4994,face_map_setup,compute,0.00728405300015,1,0,0,0,0,0,0,455,0,0,0,0,0,0,0,0,0,0,0
6,cn4994,face_local_extract,compute,0.160818311,1,0,0,0,0,0,0,785,0,0,0,0,0,0,0,0,0,0,0
6,cn4994,face_pre_collective_wait,synchronization,0.0381756669999,1,0,0,0,0,0,0,4,0,0,0,0,0,0,0,0,0,0,0
6,cn4994,face_collective_setup,compute,0.00336496299997,1,0,0,0,0,0,0,13,0,0,0,0,0,3,0,0,0,0,0
6,cn4994,face_allgatherv,communication,0.225169833,1,0,0,0,0,0,0,187,0,0,0,0,0,3,0,1,1,37904,4859624
6,cn4994,face_global_merge,compute,0.0739692040002,1,0,0,0,0,0,0,0,0,0,0,0,0,0,0,0,0,0,0
6,cn4994,part_face_create,compute,0.017929269,1,0,0,0,0,0,0,3,0,0,0,0,0,0,0,0,0,0,0
6,cn4994,surface_refine,compute,0.00994482599981,1,0,0,0,0,0,0,1,0,0,0,0,0,0,0,0,0,0,0
6,cn4994,refined_surface_save,io,0,0,0,0,0,0,0,0,0,0,0,0,0,0,0,0,0,0,0,0
6,cn4994,local_volume_mesh,compute,9.650442133,1,0,0,0,0,0,0,2235,0,0,0,0,0,13067,784527,0,0,0,0
6,cn4994,volume_refine,compute,0.685247343,1,0,0,0,0,0,0,6273,0,0,0,0,0,0,1,0,0,0,0
6,cn4994,refined_volume_save,io,0,0,0,0,0,0,0,0,0,0,0,0,0,0,0,0,0,0,0,0
6,cn4994,adjacency_build,compute,0.00397835100011,1,0,0,0,0,0,0,0,0,0,0,0,0,0,0,0,0,0,0
6,cn4994,vertex_numbering_local,compute,0.00979236499961,1,0,0,0,0,0,0,2,0,0,0,0,0,0,0,0,0,0,0
6,cn4994,vertex_count_allgather,communication,1.572827988,1,0,0,0,0,0,0,26,0,0,0,0,0,0,1,1,1,4,512
6,cn4994,element_count_allgather,communication,0.000845770999604,1,0,0,0,0,0,0,0,0,0,0,0,0,0,0,1,1,4,512
6,cn4994,vertex_exchange_prepare,compute,1.70600001184e-05,1,0,0,0,0,0,0,0,0,0,0,0,0,0,0,0,0,0,0
6,cn4994,vertex_exchange,communication,0.0150549320001,1,0,0,0,0,0,0,14,0,0,0,0,0,2,0,3,4,33528,73106
6,cn4994,vertex_exchange_unpack,compute,0.00100947300007,1,0,0,0,0,0,0,0,0,0,0,0,0,0,0,0,0,0,0
6,cn4994,partition_result_io,io,0,0,0,0,0,0,0,0,0,0,0,0,0,0,0,0,0,0,0,0
6,cn4994,volume_exchange_pack,compute,0.155698706,2,0,0,0,0,0,0,1,0,0,0,0,0,0,0,0,0,0,0
6,cn4994,volume_size_exchange,communication,0.014076379,1,0,0,0,0,0,0,3,0,0,0,0,0,0,0,5,5,20,20
6,cn4994,volume_payload_prepare,compute,0.000249483000061,1,0,0,0,0,0,0,68,0,0,0,0,0,0,0,0,0,0,0
6,cn4994,volume_payload_exchange,communication,0.00250289199994,1,0,0,0,0,0,0,142,0,0,0,0,0,0,0,5,5,1110960,1109880
6,cn4994,volume_exchange_unpack,compute,0.124779472,1,0,0,0,0,0,0,5977,0,0,0,0,0,0,1,0,0,0,0
6,cn4994,final_mesh_save,io,0,0,0,0,0,0,0,0,0,0,0,0,0,0,0,0,0,0,0,0
6,cn4994,testout_io,io,0,0,0,0,0,0,0,0,0,0,0,0,0,0,0,0,0,0,0,0
6,cn4994,final_count_exchange,communication,0,0,0,0,0,0,0,0,0,0,0,0,0,0,0,0,0,0,0,0
6,cn4994,quality_evaluation,postprocess,0,0,0,0,0,0,0,0,0,0,0,0,0,0,0,0,0,0,0,0
7,cn4995,geometry_load,io,1.914762975,1,0,0,0,0,0,0,5896,0,1035097,0,10428416,0,203,4,0,0,0,0
7,cn4995,coarse_local_size,setup,0.505767511,1,0,0,0,0,0,0,8310,0,0,0,0,0,233,31,0,0,0,0
7,cn4995,coarse_edge_mesh,setup,0.0144931579998,1,0,0,0,0,0,0,507,0,0,0,0,0,2,0,0,0,0,0
7,cn4995,coarse_surface_mesh,setup,8.247652806,1,0,0,0,0,0,0,17120,0,0,0,0,0,24,14,0,0,0,0
7,cn4995,coarse_volume_mesh,setup,13.295595918,1,0,0,0,0,0,0,27486,0,0,0,0,0,36534,1620003,0,0,0,0
7,cn4995,coarse_mesh_save,io,0,0,0,0,0,0,0,0,0,0,0,0,0,0,0,0,0,0,0,0
7,cn4995,submesh_initialization,setup,0.000194801999896,1,0,0,0,0,0,0,54,0,0,0,0,0,0,0,0,0,0,0
7,cn4995,metis_partition,compute,0.238377567,1,0,0,0,0,0,0,1886,0,0,0,0,0,0,2,0,0,0,0
7,cn4995,face_map_setup,compute,0.00779341600037,1,0,0,0,0,0,0,586,0,0,0,0,0,0,0,0,0,0,0
7,cn4995,face_local_extract,compute,0.15879581,1,0,0,0,0,0,0,888,0,0,0,0,0,0,0,0,0,0,0
7,cn4995,face_pre_collective_wait,synchronization,0.0317695500003,1,0,0,0,0,0,0,9,0,0,0,0,0,0,0,0,0,0,0
7,cn4995,face_collective_setup,compute,0.00332952099961,1,0,0,0,0,0,0,16,0,0,0,0,0,3,0,0,0,0,0
7,cn4995,face_allgatherv,communication,0.225007483,1,0,0,0,0,0,0,1248,0,0,0,0,0,1,0,1,1,37904,4859624
7,cn4995,face_global_merge,compute,0.0794239349998,1,0,0,0,0,0,0,480,0,0,0,0,0,0,0,0,0,0,0
7,cn4995,part_face_create,compute,0.0191750960003,1,0,0,0,0,0,0,24,0,0,0,0,0,0,0,0,0,0,0
7,cn4995,surface_refine,compute,0.00992942200037,1,0,0,0,0,0,0,47,0,0,0,0,0,0,0,0,0,0,0
7,cn4995,refined_surface_save,io,0,0,0,0,0,0,0,0,0,0,0,0,0,0,0,0,0,0,0,0
7,cn4995,local_volume_mesh,compute,8.388217112,1,0,0,0,0,0,0,4937,0,0,0,0,0,14517,688023,0,0,0,0
7,cn4995,volume_refine,compute,0.459609684,1,0,0,0,0,0,0,6202,0,0,0,0,0,0,1,0,0,0,0
7,cn4995,refined_volume_save,io,0,0,0,0,0,0,0,0,0,0,0,0,0,0,0,0,0,0,0,0
7,cn4995,adjacency_build,compute,0.00451935599995,1,0,0,0,0,0,0,9,0,0,0,0,0,0,0,0,0,0,0
7,cn4995,vertex_numbering_local,compute,0.0104898489999,1,0,0,0,0,0,0,9,0,0,0,0,0,0,0,0,0,0,0
7,cn4995,vertex_count_allgather,communication,3.052404805,1,0,0,0,0,0,0,47,0,0,0,0,0,0,5,1,1,4,512
7,cn4995,element_count_allgather,communication,0.000842230999751,1,0,0,0,0,0,0,0,0,0,0,0,0,0,0,1,1,4,512
7,cn4995,vertex_exchange_prepare,compute,2.50610000876e-05,1,0,0,0,0,0,0,0,0,0,0,0,0,0,0,0,0,0,0
7,cn4995,vertex_exchange,communication,0.0229412620001,1,0,0,0,0,0,0,555,0,0,0,0,0,2,0,3,5,49918,122122
7,cn4995,vertex_exchange_unpack,compute,0.0017576209998,1,0,0,0,0,0,0,0,0,0,0,0,0,0,0,0,0,0,0
7,cn4995,partition_result_io,io,0,0,0,0,0,0,0,0,0,0,0,0,0,0,0,0,0,0,0,0
7,cn4995,volume_exchange_pack,compute,0.136040831,2,0,0,0,0,0,0,2,0,0,0,0,0,0,0,0,0,0,0
7,cn4995,volume_size_exchange,communication,0.0254821529998,1,0,0,0,0,0,0,2,0,0,0,0,0,0,0,5,5,20,20
7,cn4995,volume_payload_prepare,compute,0.00013060099991,1,0,0,0,0,0,0,0,0,0,0,0,0,0,0,0,0,0,0
7,cn4995,volume_payload_exchange,communication,0.00269275299979,1,0,0,0,0,0,0,27,0,0,0,0,0,0,0,5,5,1824240,1827960
7,cn4995,volume_exchange_unpack,compute,0.100770657,1,0,0,0,0,0,0,2376,0,0,0,0,0,0,0,0,0,0,0
7,cn4995,final_mesh_save,io,0,0,0,0,0,0,0,0,0,0,0,0,0,0,0,0,0,0,0,0
7,cn4995,testout_io,io,0,0,0,0,0,0,0,0,0,0,0,0,0,0,0,0,0,0,0,0
7,cn4995,final_count_exchange,communication,0,0,0,0,0,0,0,0,0,0,0,0,0,0,0,0,0,0,0,0
7,cn4995,quality_evaluation,postprocess,0,0,0,0,0,0,0,0,0,0,0,0,0,0,0,0,0,0,0,0
8,cn4996,geometry_load,io,2.276726772,1,0,0,0,0,0,0,5898,0,1035097,0,10428416,0,203,5,0,0,0,0
8,cn4996,coarse_local_size,setup,0.516737266,1,0,0,0,0,0,0,8391,0,0,0,0,0,215,31,0,0,0,0
8,cn4996,coarse_edge_mesh,setup,0.0146326029999,1,0,0,0,0,0,0,487,0,0,0,0,0,2,0,0,0,0,0
8,cn4996,coarse_surface_mesh,setup,8.583099445,1,0,0,0,0,0,0,17193,0,0,0,0,0,24,9,0,0,0,0
8,cn4996,coarse_volume_mesh,setup,13.512596744,1,0,0,0,0,0,0,27803,0,0,0,0,0,38861,1735858,0,0,0,0
8,cn4996,coarse_mesh_save,io,0,0,0,0,0,0,0,0,0,0,0,0,0,0,0,0,0,0,0,0
8,cn4996,submesh_initialization,setup,0.00017666299982,1,0,0,0,0,0,0,38,0,0,0,0,0,0,0,0,0,0,0
8,cn4996,metis_partition,compute,0.243811701,1,0,0,0,0,0,0,1656,0,0,0,0,0,0,0,0,0,0,0
8,cn4996,face_map_setup,compute,0.0076290259999,1,0,0,0,0,0,0,583,0,0,0,0,0,0,0,0,0,0,0
8,cn4996,face_local_extract,compute,0.159488171,1,0,0,0,0,0,0,820,0,0,0,0,0,0,0,0,0,0,0
8,cn4996,face_pre_collective_wait,synchronization,0.0259106190001,1,0,0,0,0,0,0,1,0,0,0,0,0,0,0,0,0,0,0
8,cn4996,face_collective_setup,compute,0.00323584499984,1,0,0,0,0,0,0,16,0,0,0,0,0,3,0,0,0,0,0
8,cn4996,face_allgatherv,communication,0.224974739,1,0,0,0,0,0,0,1218,0,0,0,0,0,1,0,1,1,37904,4859624
8,cn4996,face_global_merge,compute,0.081210286,1,0,0,0,0,0,0,627,0,0,0,0,0,0,1,0,0,0,0
8,cn4996,part_face_create,compute,0.0192681080002,1,0,0,0,0,0,0,4,0,0,0,0,0,0,0,0,0,0,0
8,cn4996,surface_refine,compute,0.00906128599991,1,0,0,0,0,0,0,45,0,0,0,0,0,0,0,0,0,0,0
8,cn4996,refined_surface_save,io,0,0,0,0,0,0,0,0,0,0,0,0,0,0,0,0,0,0,0,0
8,cn4996,local_volume_mesh,compute,7.917479675,1,0,0,0,0,0,0,4931,0,0,0,0,0,13093,558181,0,0,0,0
8,cn4996,volume_refine,compute,0.404416468,1,0,0,0,0,0,0,6113,0,0,0,0,0,0,1,0,0,0,0
8,cn4996,refined_volume_save,io,0,0,0,0,0,0,0,0,0,0,0,0,0,0,0,0,0,0,0,0
8,cn4996,adjacency_build,compute,0.00456806300008,1,0,0,0,0,0,0,9,0,0,0,0,0,0,0,0,0,0,0
8,cn4996,vertex_numbering_local,compute,0.012746336,1,0,0,0,0,0,0,392,0,0,0,0,0,0,0,0,0,0,0
8,cn4996,vertex_count_allgather,communication,3.575176198,1,0,0,0,0,0,0,80,0,0,0,0,0,0,3,1,1,4,512
8,cn4996,element_count_allgather,communication,0.000916252000025,1,0,0,0,0,0,0,0,0,0,0,0,0,0,0,1,1,4,512
8,cn4996,vertex_exchange_prepare,compute,5.51399998585e-05,1,0,0,0,0,0,0,13,0,0,0,0,0,0,0,0,0,0,0
8,cn4996,vertex_exchange,communication,0.020601706,1,0,0,0,0,0,0,626,0,0,0,0,0,2,0,8,7,175648,64834
8,cn4996,vertex_exchange_unpack,compute,0.000979833000201,1,0,0,0,0,0,0,0,0,0,0,0,0,0,0,0,0,0,0
8,cn4996,partition_result_io,io,0,0,0,0,0,0,0,0,0,0,0,0,0,0,0,0,0,0,0,0
8,cn4996,volume_exchange_pack,compute,0.161001713,2,0,0,0,0,0,0,985,0,0,0,0,0,0,1,0,0,0,0
8,cn4996,volume_size_exchange,communication,0.00755138500017,1,0,0,0,0,0,0,2,0,0,0,0,0,0,0,8,8,32,32
8,cn4996,volume_payload_prepare,compute,0.000365065000096,1,0,0,0,0,0,0,102,0,0,0,0,0,0,0,0,0,0,0
8,cn4996,volume_payload_exchange,communication,0.00407335699992,1,0,0,0,0,0,0,259,0,0,0,0,0,0,0,8,8,2548200,2539680
8,cn4996,volume_exchange_unpack,compute,0.120946757,1,0,0,0,0,0,0,3660,0,0,0,0,0,0,0,0,0,0,0
8,cn4996,final_mesh_save,io,0,0,0,0,0,0,0,0,0,0,0,0,0,0,0,0,0,0,0,0
8,cn4996,testout_io,io,0,0,0,0,0,0,0,0,0,0,0,0,0,0,0,0,0,0,0,0
8,cn4996,final_count_exchange,communication,0,0,0,0,0,0,0,0,0,0,0,0,0,0,0,0,0,0,0,0
8,cn4996,quality_evaluation,postprocess,0,0,0,0,0,0,0,0,0,0,0,0,0,0,0,0,0,0,0,0
9,cn4997,geometry_load,io,1.930607676,1,0,0,0,0,0,0,5896,0,1035097,0,10428416,0,203,2,0,0,0,0
9,cn4997,coarse_local_size,setup,0.510718885,1,0,0,0,0,0,0,8025,0,0,0,0,0,214,28,0,0,0,0
9,cn4997,coarse_edge_mesh,setup,0.014431266,1,0,0,0,0,0,0,515,0,0,0,0,0,2,0,0,0,0,0
9,cn4997,coarse_surface_mesh,setup,8.428372756,1,0,0,0,0,0,0,17229,0,0,0,0,0,24,10,0,0,0,0
9,cn4997,coarse_volume_mesh,setup,13.410750417,1,0,0,0,0,0,0,28058,0,0,0,0,0,36812,1620575,0,0,0,0
9,cn4997,coarse_mesh_save,io,0,0,0,0,0,0,0,0,0,0,0,0,0,0,0,0,0,0,0,0
9,cn4997,submesh_initialization,setup,0.000194862000171,1,0,0,0,0,0,0,58,0,0,0,0,0,0,0,0,0,0,0
9,cn4997,metis_partition,compute,0.243305448,1,0,0,0,0,0,0,2005,0,0,0,0,0,0,0,0,0,0,0
9,cn4997,face_map_setup,compute,0.00773685899958,1,0,0,0,0,0,0,586,0,0,0,0,0,0,0,0,0,0,0
9,cn4997,face_local_extract,compute,0.15949987,1,0,0,0,0,0,0,930,0,0,0,0,0,0,0,0,0,0,0
9,cn4997,face_pre_collective_wait,synchronization,0.026254078,1,0,0,0,0,0,0,5,0,0,0,0,0,0,0,0,0,0,0
9,cn4997,face_collective_setup,compute,0.00281123600007,1,0,0,0,0,0,0,16,0,0,0,0,0,3,0,0,0,0,0
9,cn4997,face_allgatherv,communication,0.225241275,1,0,0,0,0,0,0,1151,0,0,0,0,0,1,0,1,1,37904,4859624
9,cn4997,face_global_merge,compute,0.0796414440001,1,0,0,0,0,0,0,371,0,0,0,0,0,0,0,0,0,0,0
9,cn4997,part_face_create,compute,0.0192627880001,1,0,0,0,0,0,0,22,0,0,0,0,0,0,0,0,0,0,0
9,cn4997,surface_refine,compute,0.00950434299966,1,0,0,0,0,0,0,49,0,0,0,0,0,0,0,0,0,0,0
9,cn4997,refined_surface_save,io,0,0,0,0,0,0,0,0,0,0,0,0,0,0,0,0,0,0,0,0
9,cn4997,local_volume_mesh,compute,8.369862024,1,0,0,0,0,0,0,4889,0,0,0,0,0,17214,962293,0,0,0,0
9,cn4997,volume_refine,compute,0.479772287,1,0,0,0,0,0,0,7775,0,0,0,0,0,0,0,0,0,0,0
9,cn4997,refined_volume_save,io,0,0,0,0,0,0,0,0,0,0,0,0,0,0,0,0,0,0,0,0
9,cn4997,adjacency_build,compute,0.00430783499996,1,0,0,0,0,0,0,5,0,0,0,0,0,0,0,0,0,0,0
9,cn4997,vertex_numbering_local,compute,0.00752471599981,1,0,0,0,0,0,0,6,0,0,0,0,0,0,0,0,0,0,0
9,cn4997,vertex_count_allgather,communication,3.054291659,1,0,0,0,0,0,0,46,0,0,0,0,0,0,3,1,1,4,512
9,cn4997,element_count_allgather,communication,0.00080097,1,0,0,0,0,0,0,0,0,0,0,0,0,0,0,1,1,4,512
9,cn4997,vertex_exchange_prepare,compute,1.55399998221e-05,1,0,0,0,0,0,0,0,0,0,0,0,0,0,0,0,0,0,0
9,cn4997,vertex_exchange,communication,0.0155142999997,1,0,0,0,0,0,0,26,0,0,0,0,0,2,0,2,2,21648,64438
9,cn4997,vertex_exchange_unpack,compute,0.000954571999955,1,0,0,0,0,0,0,0,0,0,0,0,0,0,0,0,0,0,0
9,cn4997,partition_result_io,io,0,0,0,0,0,0,0,0,0,0,0,0,0,0,0,0,0,0,0,0
9,cn4997,volume_exchange_pack,compute,0.125533114,2,0,0,0,0,0,0,1,0,0,0,0,0,0,0,0,0,0,0
9,cn4997,volume_size_exchange,communication,0.0412447899998,1,0,0,0,0,0,0,0,0,0,0,0,0,0,0,3,3,12,12
9,cn4997,volume_payload_prepare,compute,6.64409999445e-05,1,0,0,0,0,0,0,0,0,0,0,0,0,0,0,0,0,0,0
9,cn4997,volume_payload_exchange,communication,0.00891215499996,1,0,0,0,0,0,0,24,0,0,0,0,0,0,0,3,3,898920,904320
9,cn4997,volume_exchange_unpack,compute,0.0866760140002,1,0,0,0,0,0,0,1661,0,0,0,0,0,0,1,0,0,0,0
9,cn4997,final_mesh_save,io,0,0,0,0,0,0,0,0,0,0,0,0,0,0,0,0,0,0,0,0
9,cn4997,testout_io,io,0,0,0,0,0,0,0,0,0,0,0,0,0,0,0,0,0,0,0,0
9,cn4997,final_count_exchange,communication,0,0,0,0,0,0,0,0,0,0,0,0,0,0,0,0,0,0,0,0
9,cn4997,quality_evaluation,postprocess,0,0,0,0,0,0,0,0,0,0,0,0,0,0,0,0,0,0,0,0
10,cn4998,geometry_load,io,2.052391368,1,0,0,0,0,0,0,5898,0,1035097,0,10428416,0,203,2,0,0,0,0
10,cn4998,coarse_local_size,setup,0.568386533,1,0,0,0,0,0,0,8681,0,0,0,0,0,231,28,0,0,0,0
10,cn4998,coarse_edge_mesh,setup,0.014569765,1,0,0,0,0,0,0,515,0,0,0,0,0,2,0,0,0,0,0
10,cn4998,coarse_surface_mesh,setup,8.55554765,1,0,0,0,0,0,0,17152,0,0,0,0,0,24,9,0,0,0,0
10,cn4998,coarse_volume_mesh,setup,13.476433384,1,0,0,0,0,0,0,27692,0,0,0,0,0,37470,1557996,0,0,0,0
10,cn4998,coarse_mesh_save,io,0,0,0,0,0,0,0,0,0,0,0,0,0,0,0,0,0,0,0,0
10,cn4998,submesh_initialization,setup,0.000187401999938,1,0,0,0,0,0,0,56,0,0,0,0,0,0,0,0,0,0,0
10,cn4998,metis_partition,compute,0.255159448,1,0,0,0,0,0,0,2229,0,0,0,0,0,0,1,0,0,0,0
10,cn4998,face_map_setup,compute,0.00762546700025,1,0,0,0,0,0,0,580,0,0,0,0,0,0,0,0,0,0,0
10,cn4998,face_local_extract,compute,0.162964164,1,0,0,0,0,0,0,732,0,0,0,0,0,0,0,0,0,0,0
10,cn4998,face_pre_collective_wait,synchronization,0.011007565,1,0,0,0,0,0,0,9,0,0,0,0,0,0,0,0,0,0,0
10,cn4998,face_collective_setup,compute,0.00316305599972,1,0,0,0,0,0,0,16,0,0,0,0,0,3,0,0,0,0,0
10,cn4998,face_allgatherv,communication,0.224762864,1,0,0,0,0,0,0,689,0,0,0,0,0,1,0,1,1,37904,4859624
10,cn4998,face_global_merge,compute,0.0801207660002,1,0,0,0,0,0,0,562,0,0,0,0,0,0,0,0,0,0,0
10,cn4998,part_face_create,compute,0.019093936,1,0,0,0,0,0,0,17,0,0,0,0,0,0,0,0,0,0,0
10,cn4998,surface_refine,compute,0.00898308199976,1,0,0,0,0,0,0,44,0,0,0,0,0,0,0,0,0,0,0
10,cn4998,refined_surface_save,io,0,0,0,0,0,0,0,0,0,0,0,0,0,0,0,0,0,0,0,0
10,cn4998,local_volume_mesh,compute,7.342819045,1,0,0,0,0,0,0,4327,0,0,0,0,0,7116,430432,0,0,0,0
10,cn4998,volume_refine,compute,0.417457844,1,0,0,0,0,0,0,7069,0,0,0,0,0,0,0,0,0,0,0
10,cn4998,refined_volume_save,io,0,0,0,0,0,0,0,0,0,0,0,0,0,0,0,0,0,0,0,0
10,cn4998,adjacency_build,compute,0.00439085000016,1,0,0,0,0,0,0,4,0,0,0,0,0,0,0,0,0,0,0
10,cn4998,vertex_numbering_local,compute,0.010787102,1,0,0,0,0,0,0,74,0,0,0,0,0,0,0,0,0,0,0
10,cn4998,vertex_count_allgather,communication,4.140587443,1,0,0,0,0,0,0,83,0,0,0,0,0,0,4,1,1,4,512
10,cn4998,element_count_allgather,communication,0.000878289999946,1,0,0,0,0,0,0,0,0,0,0,0,0,0,0,1,1,4,512
10,cn4998,vertex_exchange_prepare,compute,0.000102161000086,1,0,0,0,0,0,0,25,0,0,0,0,0,0,0,0,0,0,0
10,cn4998,vertex_exchange,communication,0.0159769410002,1,0,0,0,0,0,0,40,0,0,0,0,0,2,0,5,5,117194,93676
10,cn4998,vertex_exchange_unpack,compute,0.00137007500007,1,0,0,0,0,0,0,0,0,0,0,0,0,0,0,0,0,0,0
10,cn4998,partition_result_io,io,0,0,0,0,0,0,0,0,0,0,0,0,0,0,0,0,0,0,0,0
10,cn4998,volume_exchange_pack,compute,0.146566959,2,0,0,0,0,0,0,1017,0,0,0,0,0,0,0,0,0,0,0
10,cn4998,volume_size_exchange,communication,0.0298837190003,1,0,0,0,0,0,0,1,0,0,0,0,0,0,0,6,6,24,24
10,cn4998,volume_payload_prepare,compute,0.000245403000008,1,0,0,0,0,0,0,34,0,0,0,0,0,0,0,0,0,0,0
10,cn4998,volume_payload_exchange,communication,0.00214158400013,1,0,0,0,0,0,0,215,0,0,0,0,0,0,0,6,6,2237760,2237520
10,cn4998,volume_exchange_unpack,compute,0.108295986,1,0,0,0,0,0,0,4069,0,0,0,0,0,0,0,0,0,0,0
10,cn4998,final_mesh_save,io,0,0,0,0,0,0,0,0,0,0,0,0,0,0,0,0,0,0,0,0
10,cn4998,testout_io,io,0,0,0,0,0,0,0,0,0,0,0,0,0,0,0,0,0,0,0,0
10,cn4998,final_count_exchange,communication,0,0,0,0,0,0,0,0,0,0,0,0,0,0,0,0,0,0,0,0
10,cn4998,quality_evaluation,postprocess,0,0,0,0,0,0,0,0,0,0,0,0,0,0,0,0,0,0,0,0
11,cn4999,geometry_load,io,2.015248218,1,0,0,0,0,0,0,5898,0,1035097,0,10428416,0,203,2,0,0,0,0
11,cn4999,coarse_local_size,setup,0.547405777,1,0,0,0,0,0,0,8048,0,0,0,0,0,216,31,0,0,0,0
11,cn4999,coarse_edge_mesh,setup,0.0142009870001,1,0,0,0,0,0,0,515,0,0,0,0,0,2,0,0,0,0,0
11,cn4999,coarse_surface_mesh,setup,8.653546591,1,0,0,0,0,0,0,17193,0,0,0,0,0,24,10,0,0,0,0
11,cn4999,coarse_volume_mesh,setup,13.54861211,1,0,0,0,0,0,0,27685,0,0,0,0,0,39346,1731224,0,0,0,0
11,cn4999,coarse_mesh_save,io,0,0,0,0,0,0,0,0,0,0,0,0,0,0,0,0,0,0,0,0
11,cn4999,submesh_initialization,setup,0.000142240999594,1,0,0,0,0,0,0,9,0,0,0,0,0,0,0,0,0,0,0
11,cn4999,metis_partition,compute,0.243084462,1,0,0,0,0,0,0,1702,0,0,0,0,0,0,1,0,0,0,0
11,cn4999,face_map_setup,compute,0.00746144799996,1,0,0,0,0,0,0,592,0,0,0,0,0,0,0,0,0,0,0
11,cn4999,face_local_extract,compute,0.161528701,1,0,0,0,0,0,0,796,0,0,0,0,0,0,0,0,0,0,0
11,cn4999,face_pre_collective_wait,synchronization,0.024716851,1,0,0,0,0,0,0,11,0,0,0,0,0,0,0,0,0,0,0
11,cn4999,face_collective_setup,compute,0.00331063900012,1,0,0,0,0,0,0,16,0,0,0,0,0,3,0,0,0,0,0
11,cn4999,face_allgatherv,communication,0.224414882,1,0,0,0,0,0,0,826,0,0,0,0,0,1,0,1,1,37904,4859624
11,cn4999,face_global_merge,compute,0.0792979940002,1,0,0,0,0,0,0,570,0,0,0,0,0,0,0,0,0,0,0
11,cn4999,part_face_create,compute,0.0190822250001,1,0,0,0,0,0,0,16,0,0,0,0,0,0,0,0,0,0,0
11,cn4999,surface_refine,compute,0.0103966020001,1,0,0,0,0,0,0,51,0,0,0,0,0,0,0,0,0,0,0
11,cn4999,refined_surface_save,io,0,0,0,0,0,0,0,0,0,0,0,0,0,0,0,0,0,0,0,0
11,cn4999,local_volume_mesh,compute,10.04401765,1,0,0,0,0,0,0,3449,0,0,0,0,0,9637,731770,0,0,0,0
11,cn4999,volume_refine,compute,0.494514682,1,0,0,0,0,0,0,5759,0,0,0,0,0,0,1,0,0,0,0
11,cn4999,refined_volume_save,io,0,0,0,0,0,0,0,0,0,0,0,0,0,0,0,0,0,0,0,0
11,cn4999,adjacency_build,compute,0.00395786599984,1,0,0,0,0,0,0,0,0,0,0,0,0,0,0,0,0,0,0
11,cn4999,vertex_numbering_local,compute,0.00823109700013,1,0,0,0,0,0,0,2,0,0,0,0,0,0,0,0,0,0,0
11,cn4999,vertex_count_allgather,communication,1.364810908,1,0,0,0,0,0,0,44,0,0,0,0,0,0,1,1,1,4,512
11,cn4999,element_count_allgather,communication,0.000883470999725,1,0,0,0,0,0,0,0,0,0,0,0,0,0,0,1,1,4,512
11,cn4999,vertex_exchange_prepare,compute,1.32599998324e-05,1,0,0,0,0,0,0,0,0,0,0,0,0,0,0,0,0,0,0
11,cn4999,vertex_exchange,communication,0.0142742880003,1,0,0,0,0,0,0,19,0,0,0,0,0,2,0,2,2,15048,54186
11,cn4999,vertex_exchange_unpack,compute,0.000764788999732,1,0,0,0,0,0,0,0,0,0,0,0,0,0,0,0,0,0,0
11,cn4999,partition_result_io,io,0,0,0,0,0,0,0,0,0,0,0,0,0,0,0,0,0,0,0,0
11,cn4999,volume_exchange_pack,compute,0.128082208,2,0,0,0,0,0,0,1,0,0,0,0,0,0,0,0,0,0,0
11,cn4999,volume_size_exchange,communication,0.0504735149998,1,0,0,0,0,0,0,6,0,0,0,0,0,0,0,3,3,12,12
11,cn4999,volume_payload_prepare,compute,5.8201000229e-05,1,0,0,0,0,0,0,0,0,0,0,0,0,0,0,0,0,0,0
11,cn4999,volume_payload_exchange,communication,0.00232138699994,1,0,0,0,0,0,0,24,0,0,0,0,0,0,0,3,3,710880,706560
11,cn4999,volume_exchange_unpack,compute,0.0987916629997,1,0,0,0,0,0,0,2817,0,0,0,0,0,0,0,0,0,0,0
11,cn4999,final_mesh_save,io,0,0,0,0,0,0,0,0,0,0,0,0,0,0,0,0,0,0,0,0
11,cn4999,testout_io,io,0,0,0,0,0,0,0,0,0,0,0,0,0,0,0,0,0,0,0,0
11,cn4999,final_count_exchange,communication,0,0,0,0,0,0,0,0,0,0,0,0,0,0,0,0,0,0,0,0
11,cn4999,quality_evaluation,postprocess,0,0,0,0,0,0,0,0,0,0,0,0,0,0,0,0,0,0,0,0
12,cn5000,geometry_load,io,2.12607479,1,0,0,0,0,0,0,5897,0,1035097,0,10428416,0,203,4,0,0,0,0
12,cn5000,coarse_local_size,setup,0.540188369,1,0,0,0,0,0,0,8625,0,0,0,0,0,188,37,0,0,0,0
12,cn5000,coarse_edge_mesh,setup,0.0144301090004,1,0,0,0,0,0,0,507,0,0,0,0,0,2,0,0,0,0,0
12,cn5000,coarse_surface_mesh,setup,8.769001412,1,0,0,0,0,0,0,14563,0,0,0,0,0,24,15,0,0,0,0
12,cn5000,coarse_volume_mesh,setup,13.595808364,1,0,0,0,0,0,0,27879,0,0,0,0,0,37081,1805812,0,0,0,0
12,cn5000,coarse_mesh_save,io,0,0,0,0,0,0,0,0,0,0,0,0,0,0,0,0,0,0,0,0
12,cn5000,submesh_initialization,setup,0.000192883000182,1,0,0,0,0,0,0,58,0,0,0,0,0,0,0,0,0,0,0
12,cn5000,metis_partition,compute,0.249768397,1,0,0,0,0,0,0,2038,0,0,0,0,0,0,1,0,0,0,0
12,cn5000,face_map_setup,compute,0.00774031000037,1,0,0,0,0,0,0,569,0,0,0,0,0,0,0,0,0,0,0
12,cn5000,face_local_extract,compute,0.159819086,1,0,0,0,0,0,0,792,0,0,0,0,0,0,0,0,0,0,0
12,cn5000,face_pre_collective_wait,synchronization,0.0194052859997,1,0,0,0,0,0,0,12,0,0,0,0,0,0,0,0,0,0,0
12,cn5000,face_collective_setup,compute,0.00335275900034,1,0,0,0,0,0,0,16,0,0,0,0,0,3,0,0,0,0,0
12,cn5000,face_allgatherv,communication,0.224247399,1,0,0,0,0,0,0,1221,0,0,0,0,0,1,0,1,1,37904,4859624
12,cn5000,face_global_merge,compute,0.08048758,1,0,0,0,0,0,0,517,0,0,0,0,0,0,0,0,0,0,0
12,cn5000,part_face_create,compute,0.0194844070002,1,0,0,0,0,0,0,19,0,0,0,0,0,0,0,0,0,0,0
12,cn5000,surface_refine,compute,0.0110198480002,1,0,0,0,0,0,0,52,0,0,0,0,0,0,0,0,0,0,0
12,cn5000,refined_surface_save,io,0,0,0,0,0,0,0,0,0,0,0,0,0,0,0,0,0,0,0,0
12,cn5000,local_volume_mesh,compute,10.608641037,1,0,0,0,0,0,0,4916,0,0,0,0,0,12630,877930,0,0,0,0
12,cn5000,volume_refine,compute,0.561781441,1,0,0,0,0,0,0,5895,0,0,0,0,0,0,1,0,0,0,0
12,cn5000,refined_volume_save,io,0,0,0,0,0,0,0,0,0,0,0,0,0,0,0,0,0,0,0,0
12,cn5000,adjacency_build,compute,0.00429128999986,1,0,0,0,0,0,0,5,0,0,0,0,0,0,0,0,0,0,0
12,cn5000,vertex_numbering_local,compute,0.00869376199989,1,0,0,0,0,0,0,7,0,0,0,0,0,0,0,0,0,0,0
12,cn5000,vertex_count_allgather,communication,0.730078707,1,0,0,0,0,0,0,43,0,0,0,0,0,0,1,1,1,4,512
12,cn5000,element_count_allgather,communication,0.000702188000105,1,0,0,0,0,0,0,0,0,0,0,0,0,0,0,1,1,4,512
12,cn5000,vertex_exchange_prepare,compute,1.07010000647e-05,1,0,0,0,0,0,0,0,0,0,0,0,0,0,0,0,0,0,0
12,cn5000,vertex_exchange,communication,0.00356918099988,1,0,0,0,0,0,0,21,0,0,0,0,0,2,0,4,2,83446,726
12,cn5000,vertex_exchange_unpack,compute,3.01400000353e-05,1,0,0,0,0,0,0,0,0,0,0,0,0,0,0,0,0,0,0
12,cn5000,partition_result_io,io,0,0,0,0,0,0,0,0,0,0,0,0,0,0,0,0,0,0,0,0
12,cn5000,volume_exchange_pack,compute,0.137690568,2,0,0,0,0,0,0,3,0,0,0,0,0,0,0,0,0,0,0
12,cn5000,volume_size_exchange,communication,0.0521288089999,1,0,0,0,0,0,0,17,0,0,0,0,0,0,0,4,4,16,16
12,cn5000,volume_payload_prepare,compute,6.9521000114e-05,1,0,0,0,0,0,0,0,0,0,0,0,0,0,0,0,0,0,0
12,cn5000,volume_payload_exchange,communication,0.00221466600033,1,0,0,0,0,0,0,9,0,0,0,0,0,0,0,4,4,869400,864840
12,cn5000,volume_exchange_unpack,compute,0.10787118,1,0,0,0,0,0,0,3367,0,0,0,0,0,0,0,0,0,0,0
12,cn5000,final_mesh_save,io,0,0,0,0,0,0,0,0,0,0,0,0,0,0,0,0,0,0,0,0
12,cn5000,testout_io,io,0,0,0,0,0,0,0,0,0,0,0,0,0,0,0,0,0,0,0,0
12,cn5000,final_count_exchange,communication,0,0,0,0,0,0,0,0,0,0,0,0,0,0,0,0,0,0,0,0
12,cn5000,quality_evaluation,postprocess,0,0,0,0,0,0,0,0,0,0,0,0,0,0,0,0,0,0,0,0
13,cn5001,geometry_load,io,1.92802555,1,0,0,0,0,0,0,5897,0,1035097,0,10428416,0,203,3,0,0,0,0
13,cn5001,coarse_local_size,setup,0.580200213,1,0,0,0,0,0,0,8196,0,0,0,0,0,222,30,0,0,0,0
13,cn5001,coarse_edge_mesh,setup,0.014663421,1,0,0,0,0,0,0,490,0,0,0,0,0,2,0,0,0,0,0
13,cn5001,coarse_surface_mesh,setup,8.332842957,1,0,0,0,0,0,0,17132,0,0,0,0,0,24,10,0,0,0,0
13,cn5001,coarse_volume_mesh,setup,13.205835936,1,0,0,0,0,0,0,27455,0,0,0,0,0,35309,1535524,0,0,0,0
13,cn5001,coarse_mesh_save,io,0,0,0,0,0,0,0,0,0,0,0,0,0,0,0,0,0,0,0,0
13,cn5001,submesh_initialization,setup,0.000185402999705,1,0,0,0,0,0,0,56,0,0,0,0,0,0,0,0,0,0,0
13,cn5001,metis_partition,compute,0.241626918,1,0,0,0,0,0,0,1861,0,0,0,0,0,0,0,0,0,0,0
13,cn5001,face_map_setup,compute,0.00793675700015,1,0,0,0,0,0,0,592,0,0,0,0,0,0,0,0,0,0,0
13,cn5001,face_local_extract,compute,0.156611211,1,0,0,0,0,0,0,958,0,0,0,0,0,0,0,0,0,0,0
13,cn5001,face_pre_collective_wait,synchronization,0.0305976570003,1,0,0,0,0,0,0,5,0,0,0,0,0,0,0,0,0,0,0
13,cn5001,face_collective_setup,compute,0.00332566099996,1,0,0,0,0,0,0,16,0,0,0,0,0,3,0,0,0,0,0
13,cn5001,face_allgatherv,communication,0.224098302,1,0,0,0,0,0,0,1149,0,0,0,0,0,1,1,1,1,37904,4859624
13,cn5001,face_global_merge,compute,0.0794361190001,1,0,0,0,0,0,0,439,0,0,0,0,0,0,0,0,0,0,0
13,cn5001,part_face_create,compute,0.0192407169998,1,0,0,0,0,0,0,21,0,0,0,0,0,0,0,0,0,0,0
13,cn5001,surface_refine,compute,0.00887806899982,1,0,0,0,0,0,0,43,0,0,0,0,0,0,0,0,0,0,0
13,cn5001,refined_surface_save,io,0,0,0,0,0,0,0,0,0,0,0,0,0,0,0,0,0,0,0,0
13,cn5001,local_volume_mesh,compute,7.318008395,1,0,0,0,0,0,0,4590,0,0,0,0,0,12376,621336,0,0,0,0
13,cn5001,volume_refine,compute,0.403361751,1,0,0,0,0,0,0,6835,0,0,0,0,0,0,1,0,0,0,0
13,cn5001,refined_volume_save,io,0,0,0,0,0,0,0,0,0,0,0,0,0,0,0,0,0,0,0,0
13,cn5001,adjacency_build,compute,0.00456017600027,1,0,0,0,0,0,0,12,0,0,0,0,0,0,0,0,0,0,0
13,cn5001,vertex_numbering_local,compute,0.0120782080003,1,0,0,0,0,0,0,338,0,0,0,0,0,0,0,0,0,0,0
13,cn5001,vertex_count_allgather,communication,4.17929925,1,0,0,0,0,0,0,62,0,0,0,0,0,0,5,1,1,4,512
13,cn5001,element_count_allgather,communication,0.000877270999808,1,0,0,0,0,0,0,0,0,0,0,0,0,0,0,1,1,4,512
13,cn5001,vertex_exchange_prepare,compute,0.000128741000026,1,0,0,0,0,0,0,34,0,0,0,0,0,0,0,0,0,0,0
13,cn5001,vertex_exchange,communication,0.0212771820002,1,0,0,0,0,0,0,55,0,0,0,0,0,2,0,6,3,73942,153230
13,cn5001,vertex_exchange_unpack,compute,0.00218342699964,1,0,0,0,0,0,0,0,0,0,0,0,0,0,0,0,0,0,0
13,cn5001,partition_result_io,io,0,0,0,0,0,0,0,0,0,0,0,0,0,0,0,0,0,0,0,0
13,cn5001,volume_exchange_pack,compute,0.153912977,2,0,0,0,0,0,0,976,0,0,0,0,0,0,0,0,0,0,0
13,cn5001,volume_size_exchange,communication,0.0155987130001,1,0,0,0,0,0,0,0,0,0,0,0,0,0,0,5,5,20,20
13,cn5001,volume_payload_prepare,compute,0.000349363999703,1,0,0,0,0,0,0,102,0,0,0,0,0,0,0,0,0,0,0
13,cn5001,volume_payload_exchange,communication,0.00204008500032,1,0,0,0,0,0,0,320,0,0,0,0,0,0,0,5,5,2424240,2429880
13,cn5001,volume_exchange_unpack,compute,0.108856941,1,0,0,0,0,0,0,3810,0,0,0,0,0,0,0,0,0,0,0
13,cn5001,final_mesh_save,io,0,0,0,0,0,0,0,0,0,0,0,0,0,0,0,0,0,0,0,0
13,cn5001,testout_io,io,0,0,0,0,0,0,0,0,0,0,0,0,0,0,0,0,0,0,0,0
13,cn5001,final_count_exchange,communication,0,0,0,0,0,0,0,0,0,0,0,0,0,0,0,0,0,0,0,0
13,cn5001,quality_evaluation,postprocess,0,0,0,0,0,0,0,0,0,0,0,0,0,0,0,0,0,0,0,0
14,cn5002,geometry_load,io,2.749116438,1,0,0,0,0,0,0,5897,0,1035097,0,10428416,0,203,1,0,0,0,0
14,cn5002,coarse_local_size,setup,0.560922812,1,0,0,0,0,0,0,8327,0,0,0,0,0,218,32,0,0,0,0
14,cn5002,coarse_edge_mesh,setup,0.0142977750002,1,0,0,0,0,0,0,522,0,0,0,0,0,2,0,0,0,0,0
14,cn5002,coarse_surface_mesh,setup,8.673123197,1,0,0,0,0,0,0,17210,0,0,0,0,0,24,13,0,0,0,0
14,cn5002,coarse_volume_mesh,setup,13.421074984,1,0,0,0,0,0,0,31860,0,0,0,0,0,36900,1524762,0,0,0,0
14,cn5002,coarse_mesh_save,io,0,0,0,0,0,0,0,0,0,0,0,0,0,0,0,0,0,0,0,0
14,cn5002,submesh_initialization,setup,0.000199061999865,1,0,0,0,0,0,0,65,0,0,0,0,0,0,0,0,0,0,0
14,cn5002,metis_partition,compute,0.262228928,1,0,0,0,0,0,0,2182,0,0,0,0,0,0,0,0,0,0,0
14,cn5002,face_map_setup,compute,0.00793962600028,1,0,0,0,0,0,0,566,0,0,0,0,0,0,0,0,0,0,0
14,cn5002,face_local_extract,compute,0.16294545,1,0,0,0,0,0,0,885,0,0,0,0,0,0,0,0,0,0,0
14,cn5002,face_pre_collective_wait,synchronization,0.00366013999974,1,0,0,0,0,0,0,17,0,0,0,0,0,0,0,0,0,0,0
14,cn5002,face_collective_setup,compute,0.00258184800032,1,0,0,0,0,0,0,16,0,0,0,0,0,3,0,0,0,0,0
14,cn5002,face_allgatherv,communication,0.22466426,1,0,0,0,0,0,0,728,0,0,0,0,0,1,1,1,1,37904,4859624
14,cn5002,face_global_merge,compute,0.0808895390001,1,0,0,0,0,0,0,461,0,0,0,0,0,0,1,0,0,0,0
14,cn5002,part_face_create,compute,0.0193235889997,1,0,0,0,0,0,0,27,0,0,0,0,0,0,0,0,0,0,0
14,cn5002,surface_refine,compute,0.0107043759999,1,0,0,0,0,0,0,49,0,0,0,0,0,0,0,0,0,0,0
14,cn5002,refined_surface_save,io,0,0,0,0,0,0,0,0,0,0,0,0,0,0,0,0,0,0,0,0
14,cn5002,local_volume_mesh,compute,10.151832158,1,0,0,0,0,0,0,5514,0,0,0,0,0,13763,930614,0,0,0,0
14,cn5002,volume_refine,compute,0.53586104,1,0,0,0,0,0,0,7188,0,0,0,0,0,0,1,0,0,0,0
14,cn5002,refined_volume_save,io,0,0,0,0,0,0,0,0,0,0,0,0,0,0,0,0,0,0,0,0
14,cn5002,adjacency_build,compute,0.0043795280003,1,0,0,0,0,0,0,14,0,0,0,0,0,0,0,0,0,0,0
14,cn5002,vertex_numbering_local,compute,0.0104927740003,1,0,0,0,0,0,0,8,0,0,0,0,0,0,0,0,0,0,0
14,cn5002,vertex_count_allgather,communication,1.211961463,1,0,0,0,0,0,0,47,0,0,0,0,0,0,3,1,1,4,512
14,cn5002,element_count_allgather,communication,0.00024286300004,1,0,0,0,0,0,0,0,0,0,0,0,0,0,0,1,1,4,512
14,cn5002,vertex_exchange_prepare,compute,2.17799997699e-05,1,0,0,0,0,0,0,0,0,0,0,0,0,0,0,0,0,0,0
14,cn5002,vertex_exchange,communication,0.00410474499995,1,0,0,0,0,0,0,29,0,0,0,0,0,2,0,1,4,58806,74118
14,cn5002,vertex_exchange_unpack,compute,0.00112851200038,1,0,0,0,0,0,0,0,0,0,0,0,0,0,0,0,0,0,0
14,cn5002,partition_result_io,io,0,0,0,0,0,0,0,0,0,0,0,0,0,0,0,0,0,0,0,0
14,cn5002,volume_exchange_pack,compute,0.188218884,2,0,0,0,0,0,0,2,0,0,0,0,0,0,0,0,0,0,0
14,cn5002,volume_size_exchange,communication,3.86410001738e-05,1,0,0,0,0,0,0,0,0,0,0,0,0,0,0,5,5,20,20
14,cn5002,volume_payload_prepare,compute,0.000105261000044,1,0,0,0,0,0,0,0,0,0,0,0,0,0,0,0,0,0,0
14,cn5002,volume_payload_exchange,communication,0.0022694649997,1,0,0,0,0,0,0,23,0,0,0,0,0,0,0,5,5,1396320,1408320
14,cn5002,volume_exchange_unpack,compute,0.123413361,1,0,0,0,0,0,0,4103,0,0,0,0,0,0,0,0,0,0,0
14,cn5002,final_mesh_save,io,0,0,0,0,0,0,0,0,0,0,0,0,0,0,0,0,0,0,0,0
14,cn5002,testout_io,io,0,0,0,0,0,0,0,0,0,0,0,0,0,0,0,0,0,0,0,0
14,cn5002,final_count_exchange,communication,0,0,0,0,0,0,0,0,0,0,0,0,0,0,0,0,0,0,0,0
14,cn5002,quality_evaluation,postprocess,0,0,0,0,0,0,0,0,0,0,0,0,0,0,0,0,0,0,0,0
15,cn5003,geometry_load,io,1.971763788,1,0,0,0,0,0,0,5895,0,1035097,0,10428416,0,203,2,0,0,0,0
15,cn5003,coarse_local_size,setup,0.541715435,1,0,0,0,0,0,0,8618,0,0,0,0,0,234,31,0,0,0,0
15,cn5003,coarse_edge_mesh,setup,0.0145217099998,1,0,0,0,0,0,0,522,0,0,0,0,0,2,0,0,0,0,0
15,cn5003,coarse_surface_mesh,setup,8.492342006,1,0,0,0,0,0,0,17248,0,0,0,0,0,24,8,0,0,0,0
15,cn5003,coarse_volume_mesh,setup,13.439852025,1,0,0,0,0,0,0,27831,0,0,0,0,0,38615,1601020,0,0,0,0
15,cn5003,coarse_mesh_save,io,0,0,0,0,0,0,0,0,0,0,0,0,0,0,0,0,0,0,0,0
15,cn5003,submesh_initialization,setup,0.000194861999717,1,0,0,0,0,0,0,59,0,0,0,0,0,0,0,0,0,0,0
15,cn5003,metis_partition,compute,0.244295728,1,0,0,0,0,0,0,2029,0,0,0,0,0,0,0,0,0,0,0
15,cn5003,face_map_setup,compute,0.00764040899958,1,0,0,0,0,0,0,581,0,0,0,0,0,0,0,0,0,0,0
15,cn5003,face_local_extract,compute,0.161050837,1,0,0,0,0,0,0,888,0,0,0,0,0,0,0,0,0,0,0
15,cn5003,face_pre_collective_wait,synchronization,0.023764737,1,0,0,0,0,0,0,12,0,0,0,0,0,0,0,0,0,0,0
15,cn5003,face_collective_setup,compute,0.00287183299997,1,0,0,0,0,0,0,16,0,0,0,0,0,3,0,0,0,0,0
15,cn5003,face_allgatherv,communication,0.224250354,1,0,0,0,0,0,0,637,0,0,0,0,0,1,0,1,1,37904,4859624
15,cn5003,face_global_merge,compute,0.0802272749997,1,0,0,0,0,0,0,600,0,0,0,0,0,0,0,0,0,0,0
15,cn5003,part_face_create,compute,0.0191394030003,1,0,0,0,0,0,0,15,0,0,0,0,0,0,0,0,0,0,0
15,cn5003,surface_refine,compute,0.00929810900016,1,0,0,0,0,0,0,48,0,0,0,0,0,0,0,0,0,0,0
15,cn5003,refined_surface_save,io,0,0,0,0,0,0,0,0,0,0,0,0,0,0,0,0,0,0,0,0
15,cn5003,local_volume_mesh,compute,8.875232429,1,0,0,0,0,0,0,4857,0,0,0,0,0,9724,315577,0,0,0,0
15,cn5003,volume_refine,compute,0.668348551,1,0,0,0,0,0,0,6686,0,0,0,0,0,0,1,0,0,0,0
15,cn5003,refined_volume_save,io,0,0,0,0,0,0,0,0,0,0,0,0,0,0,0,0,0,0,0,0
15,cn5003,adjacency_build,compute,0.00417960899995,1,0,0,0,0,0,0,8,0,0,0,0,0,0,0,0,0,0,0
15,cn5003,vertex_numbering_local,compute,0.00639259399986,1,0,0,0,0,0,0,3,0,0,0,0,0,0,0,0,0,0,0
15,cn5003,vertex_count_allgather,communication,2.361972416,1,0,0,0,0,0,0,45,0,0,0,0,0,0,2,1,1,4,512
15,cn5003,element_count_allgather,communication,0.000681168000028,1,0,0,0,0,0,0,0,0,0,0,0,0,0,0,1,1,4,512
15,cn5003,vertex_exchange_prepare,compute,1.12200000331e-05,1,0,0,0,0,0,0,0,0,0,0,0,0,0,0,0,0,0,0
15,cn5003,vertex_exchange,communication,0.00397936599984,1,0,0,0,0,0,0,14,0,0,0,0,0,2,0,0,1,0,58806
15,cn5003,vertex_exchange_unpack,compute,0.000875569999607,1,0,0,0,0,0,0,0,0,0,0,0,0,0,0,0,0,0,0
15,cn5003,partition_result_io,io,0,0,0,0,0,0,0,0,0,0,0,0,0,0,0,0,0,0,0,0
15,cn5003,volume_exchange_pack,compute,0.13983123,2,0,0,0,0,0,0,1,0,0,0,0,0,0,0,0,0,0,0
15,cn5003,volume_size_exchange,communication,0.048530646,1,0,0,0,0,0,0,2,0,0,0,0,0,0,0,1,1,4,4
15,cn5003,volume_payload_prepare,compute,4.65009998152e-05,1,0,0,0,0,0,0,0,0,0,0,0,0,0,0,0,0,0,0
15,cn5003,volume_payload_exchange,communication,0.00104279200013,1,0,0,0,0,0,0,6,0,0,0,0,0,0,0,1,1,632040,622320
15,cn5003,volume_exchange_unpack,compute,0.121351375,1,0,0,0,0,0,0,5527,0,0,0,0,0,0,1,0,0,0,0
15,cn5003,final_mesh_save,io,0,0,0,0,0,0,0,0,0,0,0,0,0,0,0,0,0,0,0,0
15,cn5003,testout_io,io,0,0,0,0,0,0,0,0,0,0,0,0,0,0,0,0,0,0,0,0
15,cn5003,final_count_exchange,communication,0,0,0,0,0,0,0,0,0,0,0,0,0,0,0,0,0,0,0,0
15,cn5003,quality_evaluation,postprocess,0,0,0,0,0,0,0,0,0,0,0,0,0,0,0,0,0,0,0,0
16,cn5004,geometry_load,io,2.011747905,1,0,0,0,0,0,0,6281,0,1035097,0,10428416,0,203,2,0,0,0,0
16,cn5004,coarse_local_size,setup,0.536453538,1,0,0,0,0,0,0,8259,0,0,0,0,0,199,30,0,0,0,0
16,cn5004,coarse_edge_mesh,setup,0.0145317170004,1,0,0,0,0,0,0,506,0,0,0,0,0,2,0,0,0,0,0
16,cn5004,coarse_surface_mesh,setup,8.736060809,1,0,0,0,0,0,0,17076,0,0,0,0,0,24,9,0,0,0,0
16,cn5004,coarse_volume_mesh,setup,13.469578354,1,0,0,0,0,0,0,27747,0,0,0,0,0,36796,1734471,0,0,0,0
16,cn5004,coarse_mesh_save,io,0,0,0,0,0,0,0,0,0,0,0,0,0,0,0,0,0,0,0,0
16,cn5004,submesh_initialization,setup,0.000191242000255,1,0,0,0,0,0,0,55,0,0,0,0,0,0,0,0,0,0,0
16,cn5004,metis_partition,compute,0.253535381,1,0,0,0,0,0,0,2063,0,0,0,0,0,0,1,0,0,0,0
16,cn5004,face_map_setup,compute,0.00783972499994,1,0,0,0,0,0,0,608,0,0,0,0,0,0,0,0,0,0,0
16,cn5004,face_local_extract,compute,0.161297023,1,0,0,0,0,0,0,801,0,0,0,0,0,0,0,0,0,0,0
16,cn5004,face_pre_collective_wait,synchronization,0.0140601320004,1,0,0,0,0,0,0,16,0,0,0,0,0,0,0,0,0,0,0
16,cn5004,face_collective_setup,compute,0.0032253950003,1,0,0,0,0,0,0,16,0,0,0,0,0,3,0,0,0,0,0
16,cn5004,face_allgatherv,communication,0.223785519,1,0,0,0,0,0,0,688,0,0,0,0,0,1,0,1,1,37904,4859624
16,cn5004,face_global_merge,compute,0.0791984760003,1,0,0,0,0,0,0,586,0,0,0,0,0,0,0,0,0,0,0
16,cn5004,part_face_create,compute,0.0193094679998,1,0,0,0,0,0,0,19,0,0,0,0,0,0,0,0,0,0,0
16,cn5004,surface_refine,compute,0.00983852600029,1,0,0,0,0,0,0,46,0,0,0,0,0,0,0,0,0,0,0
16,cn5004,refined_surface_save,io,0,0,0,0,0,0,0,0,0,0,0,0,0,0,0,0,0,0,0,0
16,cn5004,local_volume_mesh,compute,7.714355906,1,0,0,0,0,0,0,4335,0,0,0,0,0,11090,486325,0,0,0,0
16,cn5004,volume_refine,compute,0.409265704,1,0,0,0,0,0,0,7270,0,0,0,0,0,0,0,0,0,0,0
16,cn5004,refined_volume_save,io,0,0,0,0,0,0,0,0,0,0,0,0,0,0,0,0,0,0,0,0
16,cn5004,adjacency_build,compute,0.00447520899979,1,0,0,0,0,0,0,8,0,0,0,0,0,0,0,0,0,0,0
16,cn5004,vertex_numbering_local,compute,0.0124713949999,1,0,0,0,0,0,0,235,0,0,0,0,0,0,0,0,0,0,0
16,cn5004,vertex_count_allgather,communication,3.776541561,1,0,0,0,0,0,0,83,0,0,0,0,0,0,4,1,1,4,512
16,cn5004,element_count_allgather,communication,0.000890469000296,1,0,0,0,0,0,0,0,0,0,0,0,0,0,0,1,1,4,512
16,cn5004,vertex_exchange_prepare,compute,1.86600000234e-05,1,0,0,0,0,0,0,1,0,0,0,0,0,0,0,0,0,0,0
16,cn5004,vertex_exchange,communication,0.0149404010003,1,0,0,0,0,0,0,564,0,0,0,0,0,2,0,6,3,228910,3102
16,cn5004,vertex_exchange_unpack,compute,8.73809999575e-05,1,0,0,0,0,0,0,0,0,0,0,0,0,0,0,0,0,0,0
16,cn5004,partition_result_io,io,0,0,0,0,0,0,0,0,0,0,0,0,0,0,0,0,0,0,0,0
16,cn5004,volume_exchange_pack,compute,0.154211867,2,0,0,0,0,0,0,1030,0,0,0,0,0,0,0,0,0,0,0
16,cn5004,volume_size_exchange,communication,0.00851321200025,1,0,0,0,0,0,0,1,0,0,0,0,0,0,0,5,5,20,20
16,cn5004,volume_payload_prepare,compute,0.00029914300012,1,0,0,0,0,0,0,68,0,0,0,0,0,0,0,0,0,0,0
16,cn5004,volume_payload_exchange,communication,0.0216983340001,1,0,0,0,0,0,0,288,0,0,0,0,0,0,0,5,5,2439600,2445360
16,cn5004,volume_exchange_unpack,compute,0.11473186,1,0,0,0,0,0,0,3787,0,0,0,0,0,0,0,0,0,0,0
16,cn5004,final_mesh_save,io,0,0,0,0,0,0,0,0,0,0,0,0,0,0,0,0,0,0,0,0
16,cn5004,testout_io,io,0,0,0,0,0,0,0,0,0,0,0,0,0,0,0,0,0,0,0,0
16,cn5004,final_count_exchange,communication,0,0,0,0,0,0,0,0,0,0,0,0,0,0,0,0,0,0,0,0
16,cn5004,quality_evaluation,postprocess,0,0,0,0,0,0,0,0,0,0,0,0,0,0,0,0,0,0,0,0
17,cn5005,geometry_load,io,2.047416132,1,0,0,0,0,0,0,5896,0,1035097,0,10428416,0,203,4,0,0,0,0
17,cn5005,coarse_local_size,setup,0.526990851,1,0,0,0,0,0,0,8206,0,0,0,0,0,230,29,0,0,0,0
17,cn5005,coarse_edge_mesh,setup,0.0141363120001,1,0,0,0,0,0,0,525,0,0,0,0,0,2,0,0,0,0,0
17,cn5005,coarse_surface_mesh,setup,8.616163175,1,0,0,0,0,0,0,15546,0,0,0,0,0,24,9,0,0,0,0
17,cn5005,coarse_volume_mesh,setup,13.512112638,1,0,0,0,0,0,0,31713,0,0,0,0,0,38236,1695917,0,0,0,0
17,cn5005,coarse_mesh_save,io,0,0,0,0,0,0,0,0,0,0,0,0,0,0,0,0,0,0,0,0
17,cn5005,submesh_initialization,setup,0.000145201999658,1,0,0,0,0,0,0,5,0,0,0,0,0,0,0,0,0,0,0
17,cn5005,metis_partition,compute,0.250756958,1,0,0,0,0,0,0,1119,0,0,0,0,0,0,0,0,0,0,0
17,cn5005,face_map_setup,compute,0.00747384099986,1,0,0,0,0,0,0,235,0,0,0,0,0,0,0,0,0,0,0
17,cn5005,face_local_extract,compute,0.161207575,1,0,0,0,0,0,0,600,0,0,0,0,0,0,1,0,0,0,0
17,cn5005,face_pre_collective_wait,synchronization,0.0174425679998,1,0,0,0,0,0,0,1,0,0,0,0,0,0,0,0,0,0,0
17,cn5005,face_collective_setup,compute,0.00300347200027,1,0,0,0,0,0,0,16,0,0,0,0,0,3,0,0,0,0,0
17,cn5005,face_allgatherv,communication,0.223876509,1,0,0,0,0,0,0,643,0,0,0,0,0,1,0,1,1,37904,4859624
17,cn5005,face_global_merge,compute,0.0801846029999,1,0,0,0,0,0,0,561,0,0,0,0,0,0,0,0,0,0,0
17,cn5005,part_face_create,compute,0.019326608,1,0,0,0,0,0,0,3,0,0,0,0,0,0,0,0,0,0,0
17,cn5005,surface_refine,compute,0.0116328049999,1,0,0,0,0,0,0,50,0,0,0,0,0,0,0,0,0,0,0
17,cn5005,refined_surface_save,io,0,0,0,0,0,0,0,0,0,0,0,0,0,0,0,0,0,0,0,0
17,cn5005,local_volume_mesh,compute,10.780542805,1,0,0,0,0,0,0,6772,0,0,0,0,0,10513,831458,0,0,0,0
17,cn5005,volume_refine,compute,0.705238209,1,0,0,0,0,0,0,9421,0,0,0,0,0,0,0,0,0,0,0
17,cn5005,refined_volume_save,io,0,0,0,0,0,0,0,0,0,0,0,0,0,0,0,0,0,0,0,0
17,cn5005,adjacency_build,compute,0.00450672800025,1,0,0,0,0,0,0,177,0,0,0,0,0,0,0,0,0,0,0
17,cn5005,vertex_numbering_local,compute,0.00954664299979,1,0,0,0,0,0,0,218,0,0,0,0,0,0,0,0,0,0,0
17,cn5005,vertex_count_allgather,communication,0.414119756,1,0,0,0,0,0,0,83,0,0,0,0,0,0,1,1,1,4,512
17,cn5005,element_count_allgather,communication,0.000806789000308,1,0,0,0,0,0,0,0,0,0,0,0,0,0,0,1,1,4,512
17,cn5005,vertex_exchange_prepare,compute,4.13399998251e-05,1,0,0,0,0,0,0,15,0,0,0,0,0,0,0,0,0,0,0
17,cn5005,vertex_exchange,communication,0.0151412230002,1,0,0,0,0,0,0,34,0,0,0,0,0,2,0,3,1,27984,53878
17,cn5005,vertex_exchange_unpack,compute,0.00079206800001,1,0,0,0,0,0,0,0,0,0,0,0,0,0,0,0,0,0,0
17,cn5005,partition_result_io,io,0,0,0,0,0,0,0,0,0,0,0,0,0,0,0,0,0,0,0,0
17,cn5005,volume_exchange_pack,compute,0.155305151,2,0,0,0,0,0,0,284,0,0,0,0,0,0,0,0,0,0,0
17,cn5005,volume_size_exchange,communication,0.000433964999957,1,0,0,0,0,0,0,0,0,0,0,0,0,0,0,3,3,12,12
17,cn5005,volume_payload_prepare,compute,0.000133540999741,1,0,0,0,0,0,0,34,0,0,0,0,0,0,0,0,0,0,0
17,cn5005,volume_payload_exchange,communication,0.0109568969997,1,0,0,0,0,0,0,114,0,0,0,0,0,0,0,3,3,833040,833640
17,cn5005,volume_exchange_unpack,compute,0.128625704,1,0,0,0,0,0,0,5939,0,0,0,0,0,0,0,0,0,0,0
17,cn5005,final_mesh_save,io,0,0,0,0,0,0,0,0,0,0,0,0,0,0,0,0,0,0,0,0
17,cn5005,testout_io,io,0,0,0,0,0,0,0,0,0,0,0,0,0,0,0,0,0,0,0,0
17,cn5005,final_count_exchange,communication,0,0,0,0,0,0,0,0,0,0,0,0,0,0,0,0,0,0,0,0
17,cn5005,quality_evaluation,postprocess,0,0,0,0,0,0,0,0,0,0,0,0,0,0,0,0,0,0,0,0
18,cn5006,geometry_load,io,2.04375212,1,0,0,0,0,0,0,5897,0,1035097,0,10428416,0,203,2,0,0,0,0
18,cn5006,coarse_local_size,setup,1.573039023,1,0,0,0,0,0,0,8099,0,0,0,0,0,192,31,0,0,0,0
18,cn5006,coarse_edge_mesh,setup,0.0149724729999,1,0,0,0,0,0,0,517,0,0,0,0,0,2,0,0,0,0,0
18,cn5006,coarse_surface_mesh,setup,8.512632744,1,0,0,0,0,0,0,17021,0,0,0,0,0,24,10,0,0,0,0
18,cn5006,coarse_volume_mesh,setup,13.581034351,1,0,0,0,0,0,0,27555,0,0,0,0,0,38474,1572017,0,0,0,0
18,cn5006,coarse_mesh_save,io,0,0,0,0,0,0,0,0,0,0,0,0,0,0,0,0,0,0,0,0
18,cn5006,submesh_initialization,setup,0.000148761999753,1,0,0,0,0,0,0,15,0,0,0,0,0,0,0,0,0,0,0
18,cn5006,metis_partition,compute,0.237331111,1,0,0,0,0,0,0,908,0,0,0,0,0,0,0,0,0,0,0
18,cn5006,face_map_setup,compute,0.00749992600004,1,0,0,0,0,0,0,487,0,0,0,0,0,0,0,0,0,0,0
18,cn5006,face_local_extract,compute,0.156504041,1,0,0,0,0,0,0,850,0,0,0,0,0,0,0,0,0,0,0
18,cn5006,face_pre_collective_wait,synchronization,0.0355072490001,1,0,0,0,0,0,0,10,0,0,0,0,0,0,0,0,0,0,0
18,cn5006,face_collective_setup,compute,0.00304061499992,1,0,0,0,0,0,0,16,0,0,0,0,0,3,0,0,0,0,0
18,cn5006,face_allgatherv,communication,0.222195457,1,0,0,0,0,0,0,1182,0,0,0,0,0,1,1,1,1,37904,4859624
18,cn5006,face_global_merge,compute,0.0791319300001,1,0,0,0,0,0,0,564,0,0,0,0,0,0,0,0,0,0,0
18,cn5006,part_face_create,compute,0.0188895169999,1,0,0,0,0,0,0,16,0,0,0,0,0,0,0,0,0,0,0
18,cn5006,surface_refine,compute,0.00930610700016,1,0,0,0,0,0,0,48,0,0,0,0,0,0,0,0,0,0,0
18,cn5006,refined_surface_save,io,0,0,0,0,0,0,0,0,0,0,0,0,0,0,0,0,0,0,0,0
18,cn5006,local_volume_mesh,compute,8.554766609,1,0,0,0,0,0,0,2674,0,0,0,0,0,15079,785290,0,0,0,0
18,cn5006,volume_refine,compute,0.425321115,1,0,0,0,0,0,0,5484,0,0,0,0,0,0,1,0,0,0,0
18,cn5006,refined_volume_save,io,0,0,0,0,0,0,0,0,0,0,0,0,0,0,0,0,0,0,0,0
18,cn5006,adjacency_build,compute,0.00406714700011,1,0,0,0,0,0,0,0,0,0,0,0,0,0,0,0,0,0,0
18,cn5006,vertex_numbering_local,compute,0.00729120400001,1,0,0,0,0,0,0,2,0,0,0,0,0,0,0,0,0,0,0
18,cn5006,vertex_count_allgather,communication,2.928194358,1,0,0,0,0,0,0,26,0,0,0,0,0,0,3,1,1,4,512
18,cn5006,element_count_allgather,communication,0.000922590999835,1,0,0,0,0,0,0,1,0,0,0,0,0,0,0,1,1,4,512
18,cn5006,vertex_exchange_prepare,compute,7.23999983165e-06,1,0,0,0,0,0,0,0,0,0,0,0,0,0,0,0,0,0,0
18,cn5006,vertex_exchange,communication,0.00465413400025,1,0,0,0,0,0,0,22,0,0,0,0,0,2,0,4,1,88088,704
18,cn5006,vertex_exchange_unpack,compute,2.19609996748e-05,1,0,0,0,0,0,0,0,0,0,0,0,0,0,0,0,0,0,0
18,cn5006,partition_result_io,io,0,0,0,0,0,0,0,0,0,0,0,0,0,0,0,0,0,0,0,0
18,cn5006,volume_exchange_pack,compute,0.11814804,2,0,0,0,0,0,0,1,0,0,0,0,0,0,0,0,0,0,0
18,cn5006,volume_size_exchange,communication,0.0583638520002,1,0,0,0,0,0,0,2,0,0,0,0,0,0,0,4,4,16,16
18,cn5006,volume_payload_prepare,compute,7.25209997654e-05,1,0,0,0,0,0,0,0,0,0,0,0,0,0,0,0,0,0,0
18,cn5006,volume_payload_exchange,communication,0.019185781,1,0,0,0,0,0,0,3,0,0,0,0,0,0,0,4,4,933120,935760
18,cn5006,volume_exchange_unpack,compute,0.084405951,1,0,0,0,0,0,0,1662,0,0,0,0,0,0,0,0,0,0,0
18,cn5006,final_mesh_save,io,0,0,0,0,0,0,0,0,0,0,0,0,0,0,0,0,0,0,0,0
18,cn5006,testout_io,io,0,0,0,0,0,0,0,0,0,0,0,0,0,0,0,0,0,0,0,0
18,cn5006,final_count_exchange,communication,0,0,0,0,0,0,0,0,0,0,0,0,0,0,0,0,0,0,0,0
18,cn5006,quality_evaluation,postprocess,0,0,0,0,0,0,0,0,0,0,0,0,0,0,0,0,0,0,0,0
19,cn5007,geometry_load,io,1.985764615,1,0,0,0,0,0,0,5898,0,1035097,0,10428416,0,203,16,0,0,0,0
19,cn5007,coarse_local_size,setup,2.339383099,1,0,0,0,0,0,0,8583,0,0,0,0,0,222,33,0,0,0,0
19,cn5007,coarse_edge_mesh,setup,0.0149758520001,1,0,0,0,0,0,0,489,0,0,0,0,0,2,0,0,0,0,0
19,cn5007,coarse_surface_mesh,setup,8.470721106,1,0,0,0,0,0,0,17224,0,0,0,0,0,24,74,0,0,0,0
19,cn5007,coarse_volume_mesh,setup,13.640925391,1,0,0,0,0,0,0,26463,0,0,0,0,0,40016,1832015,0,0,0,0
19,cn5007,coarse_mesh_save,io,0,0,0,0,0,0,0,0,0,0,0,0,0,0,0,0,0,0,0,0
19,cn5007,submesh_initialization,setup,0.000149741999849,1,0,0,0,0,0,0,11,0,0,0,0,0,0,0,0,0,0,0
19,cn5007,metis_partition,compute,0.232251388,1,0,0,0,0,0,0,902,0,0,0,0,0,0,2,0,0,0,0
19,cn5007,face_map_setup,compute,0.00731720400017,1,0,0,0,0,0,0,410,0,0,0,0,0,0,0,0,0,0,0
19,cn5007,face_local_extract,compute,0.162847051,1,0,0,0,0,0,0,795,0,0,0,0,0,0,1,0,0,0,0
19,cn5007,face_pre_collective_wait,synchronization,0.0344149550001,1,0,0,0,0,0,0,11,0,0,0,0,0,0,0,0,0,0,0
19,cn5007,face_collective_setup,compute,0.00285935300008,1,0,0,0,0,0,0,13,0,0,0,0,0,3,0,0,0,0,0
19,cn5007,face_allgatherv,communication,0.222206353,1,0,0,0,0,0,0,824,0,0,0,0,0,1,3,1,1,37904,4859624
19,cn5007,face_global_merge,compute,0.074508576,1,0,0,0,0,0,0,119,0,0,0,0,0,0,1,0,0,0,0
19,cn5007,part_face_create,compute,0.01829911,1,0,0,0,0,0,0,17,0,0,0,0,0,0,0,0,0,0,0
19,cn5007,surface_refine,compute,0.00836521599967,1,0,0,0,0,0,0,13,0,0,0,0,0,0,0,0,0,0,0
19,cn5007,refined_surface_save,io,0,0,0,0,0,0,0,0,0,0,0,0,0,0,0,0,0,0,0,0
19,cn5007,local_volume_mesh,compute,8.087103899,1,0,0,0,0,0,0,2690,0,0,0,0,0,13538,590034,0,0,0,0
19,cn5007,volume_refine,compute,0.400686804,1,0,0,0,0,0,0,6148,0,0,0,0,0,0,3,0,0,0,0
19,cn5007,refined_volume_save,io,0,0,0,0,0,0,0,0,0,0,0,0,0,0,0,0,0,0,0,0
19,cn5007,adjacency_build,compute,0.00414324799976,1,0,0,0,0,0,0,0,0,0,0,0,0,0,0,0,0,0,0
19,cn5007,vertex_numbering_local,compute,0.0108545450003,1,0,0,0,0,0,0,104,0,0,0,0,0,0,0,0,0,0,0
19,cn5007,vertex_count_allgather,communication,3.423323233,1,0,0,0,0,0,0,65,0,0,0,0,0,0,30,1,1,4,512
19,cn5007,element_count_allgather,communication,0.000883950000116,1,0,0,0,0,0,0,0,0,0,0,0,0,0,0,1,1,4,512
19,cn5007,vertex_exchange_prepare,compute,0.000143681000282,1,0,0,0,0,0,0,34,0,0,0,0,0,0,0,0,0,0,0
19,cn5007,vertex_exchange,communication,0.0152986549997,1,0,0,0,0,0,0,34,0,0,0,0,0,2,0,5,3,95634,132770
19,cn5007,vertex_exchange_unpack,compute,0.00183768099987,1,0,0,0,0,0,0,0,0,0,0,0,0,0,0,0,0,0,0
19,cn5007,partition_result_io,io,0,0,0,0,0,0,0,0,0,0,0,0,0,0,0,0,0,0,0,0
19,cn5007,volume_exchange_pack,compute,0.161171592,2,0,0,0,0,0,0,1018,0,0,0,0,0,0,1,0,0,0,0
19,cn5007,volume_size_exchange,communication,3.56809996447e-05,1,0,0,0,0,0,0,0,0,0,0,0,0,0,0,5,5,20,20
19,cn5007,volume_payload_prepare,compute,0.00030892399991,1,0,0,0,0,0,0,68,0,0,0,0,0,0,0,0,0,0,0
19,cn5007,volume_payload_exchange,communication,0.0216723889998,1,0,0,0,0,0,0,224,0,0,0,0,0,0,0,5,5,2427840,2420880
19,cn5007,volume_exchange_unpack,compute,0.114117131,1,0,0,0,0,0,0,4194,0,0,0,0,0,0,1,0,0,0,0
19,cn5007,final_mesh_save,io,0,0,0,0,0,0,0,0,0,0,0,0,0,0,0,0,0,0,0,0
19,cn5007,testout_io,io,0,0,0,0,0,0,0,0,0,0,0,0,0,0,0,0,0,0,0,0
19,cn5007,final_count_exchange,communication,0,0,0,0,0,0,0,0,0,0,0,0,0,0,0,0,0,0,0,0
19,cn5007,quality_evaluation,postprocess,0,0,0,0,0,0,0,0,0,0,0,0,0,0,0,0,0,0,0,0
20,cn5008,geometry_load,io,2.013046488,1,0,0,0,0,0,0,5898,0,1035097,0,10428416,0,203,2,0,0,0,0
20,cn5008,coarse_local_size,setup,0.529155162,1,0,0,0,0,0,0,8734,0,0,0,0,0,191,33,0,0,0,0
20,cn5008,coarse_edge_mesh,setup,0.014456716,1,0,0,0,0,0,0,521,0,0,0,0,0,2,0,0,0,0,0
20,cn5008,coarse_surface_mesh,setup,8.556239849,1,0,0,0,0,0,0,17276,0,0,0,0,0,24,9,0,0,0,0
20,cn5008,coarse_volume_mesh,setup,13.308183803,1,0,0,0,0,0,0,27335,0,0,0,0,0,36615,1564572,0,0,0,0
20,cn5008,coarse_mesh_save,io,0,0,0,0,0,0,0,0,0,0,0,0,0,0,0,0,0,0,0,0
20,cn5008,submesh_initialization,setup,0.000181621999673,1,0,0,0,0,0,0,58,0,0,0,0,0,0,0,0,0,0,0
20,cn5008,metis_partition,compute,0.250812974,1,0,0,0,0,0,0,2051,0,0,0,0,0,0,0,0,0,0,0
20,cn5008,face_map_setup,compute,0.007838816,1,0,0,0,0,0,0,609,0,0,0,0,0,0,0,0,0,0,0
20,cn5008,face_local_extract,compute,0.163207667,1,0,0,0,0,0,0,953,0,0,0,0,0,0,0,0,0,0,0
20,cn5008,face_pre_collective_wait,synchronization,0.0148730010001,1,0,0,0,0,0,0,7,0,0,0,0,0,0,0,0,0,0,0
20,cn5008,face_collective_setup,compute,0.00314367800001,1,0,0,0,0,0,0,16,0,0,0,0,0,3,0,0,0,0,0
20,cn5008,face_allgatherv,communication,0.221932342,1,0,0,0,0,0,0,637,0,0,0,0,0,1,0,1,1,37904,4859624
20,cn5008,face_global_merge,compute,0.0802535969997,1,0,0,0,0,0,0,480,0,0,0,0,0,0,0,0,0,0,0
20,cn5008,part_face_create,compute,0.0191828540001,1,0,0,0,0,0,0,29,0,0,0,0,0,0,0,0,0,0,0
20,cn5008,surface_refine,compute,0.00953189599977,1,0,0,0,0,0,0,52,0,0,0,0,0,0,0,0,0,0,0
20,cn5008,refined_surface_save,io,0,0,0,0,0,0,0,0,0,0,0,0,0,0,0,0,0,0,0,0
20,cn5008,local_volume_mesh,compute,8.187690002,1,0,0,0,0,0,0,4549,0,0,0,0,0,14671,577154,0,0,0,0
20,cn5008,volume_refine,compute,0.442425026,1,0,0,0,0,0,0,6502,0,0,0,0,0,0,0,0,0,0,0
20,cn5008,refined_volume_save,io,0,0,0,0,0,0,0,0,0,0,0,0,0,0,0,0,0,0,0,0
20,cn5008,adjacency_build,compute,0.00449835399968,1,0,0,0,0,0,0,8,0,0,0,0,0,0,0,0,0,0,0
20,cn5008,vertex_numbering_local,compute,0.0110207739999,1,0,0,0,0,0,0,4,0,0,0,0,0,0,0,0,0,0,0
20,cn5008,vertex_count_allgather,communication,3.272122017,1,0,0,0,0,0,0,45,0,0,0,0,0,0,3,1,1,4,512
20,cn5008,element_count_allgather,communication,0.000459405000129,1,0,0,0,0,0,0,0,0,0,0,0,0,0,0,1,1,4,512
20,cn5008,vertex_exchange_prepare,compute,2.41600000663e-05,1,0,0,0,0,0,0,0,0,0,0,0,0,0,0,0,0,0,0
20,cn5008,vertex_exchange,communication,0.0148015200002,1,0,0,0,0,0,0,558,0,0,0,0,0,2,0,6,7,140118,66572
20,cn5008,vertex_exchange_unpack,compute,0.00101495199988,1,0,0,0,0,0,0,0,0,0,0,0,0,0,0,0,0,0,0
20,cn5008,partition_result_io,io,0,0,0,0,0,0,0,0,0,0,0,0,0,0,0,0,0,0,0,0
20,cn5008,volume_exchange_pack,compute,0.156335362999,2,0,0,0,0,0,0,3,0,0,0,0,0,0,1,0,0,0,0
20,cn5008,volume_size_exchange,communication,0.00617643600026,1,0,0,0,0,0,0,3,0,0,0,0,0,0,0,8,8,32,32
20,cn5008,volume_payload_prepare,compute,0.000162801999977,1,0,0,0,0,0,0,0,0,0,0,0,0,0,0,0,0,0,0
20,cn5008,volume_payload_exchange,communication,0.00183378200018,1,0,0,0,0,0,0,21,0,0,0,0,0,0,0,8,8,2160240,2168760
20,cn5008,volume_exchange_unpack,compute,0.107147464,1,0,0,0,0,0,0,2842,0,0,0,0,0,0,0,0,0,0,0
20,cn5008,final_mesh_save,io,0,0,0,0,0,0,0,0,0,0,0,0,0,0,0,0,0,0,0,0
20,cn5008,testout_io,io,0,0,0,0,0,0,0,0,0,0,0,0,0,0,0,0,0,0,0,0
20,cn5008,final_count_exchange,communication,0,0,0,0,0,0,0,0,0,0,0,0,0,0,0,0,0,0,0,0
20,cn5008,quality_evaluation,postprocess,0,0,0,0,0,0,0,0,0,0,0,0,0,0,0,0,0,0,0,0
21,cn5009,geometry_load,io,2.008212972,1,0,0,0,0,0,0,5898,0,1035097,0,10428416,0,203,2,0,0,0,0
21,cn5009,coarse_local_size,setup,0.52562605,1,0,0,0,0,0,0,8522,0,0,0,0,0,188,31,0,0,0,0
21,cn5009,coarse_edge_mesh,setup,0.0142483530003,1,0,0,0,0,0,0,529,0,0,0,0,0,2,0,0,0,0,0
21,cn5009,coarse_surface_mesh,setup,8.674185829,1,0,0,0,0,0,0,17185,0,0,0,0,0,24,9,0,0,0,0
21,cn5009,coarse_volume_mesh,setup,13.758171813,1,0,0,0,0,0,0,27994,0,0,0,0,0,41820,1831878,0,0,0,0
21,cn5009,coarse_mesh_save,io,0,0,0,0,0,0,0,0,0,0,0,0,0,0,0,0,0,0,0,0
21,cn5009,submesh_initialization,setup,0.00019142300016,1,0,0,0,0,0,0,59,0,0,0,0,0,0,0,0,0,0,0
21,cn5009,metis_partition,compute,0.258404101,1,0,0,0,0,0,0,1764,0,0,0,0,0,0,1,0,0,0,0
21,cn5009,face_map_setup,compute,0.00758271199993,1,0,0,0,0,0,0,492,0,0,0,0,0,0,0,0,0,0,0
21,cn5009,face_local_extract,compute,0.164073714,1,0,0,0,0,0,0,914,0,0,0,0,0,0,0,0,0,0,0
21,cn5009,face_pre_collective_wait,synchronization,0.006762342,1,0,0,0,0,0,0,6,0,0,0,0,0,0,0,0,0,0,0
21,cn5009,face_collective_setup,compute,0.00329568000006,1,0,0,0,0,0,0,13,0,0,0,0,0,3,0,0,0,0,0
21,cn5009,face_allgatherv,communication,0.221717556,1,0,0,0,0,0,0,835,0,0,0,0,0,1,0,1,1,37904,4859624
21,cn5009,face_global_merge,compute,0.0799165909998,1,0,0,0,0,0,0,466,0,0,0,0,0,0,0,0,0,0,0
21,cn5009,part_face_create,compute,0.019015331,1,0,0,0,0,0,0,18,0,0,0,0,0,0,0,0,0,0,0
21,cn5009,surface_refine,compute,0.0106448700003,1,0,0,0,0,0,0,36,0,0,0,0,0,0,0,0,0,0,0
21,cn5009,refined_surface_save,io,0,0,0,0,0,0,0,0,0,0,0,0,0,0,0,0,0,0,0,0
21,cn5009,local_volume_mesh,compute,10.758058302,1,0,0,0,0,0,0,4217,0,0,0,0,0,13455,847638,0,0,0,0
21,cn5009,volume_refine,compute,0.538162122,1,0,0,0,0,0,0,6151,0,0,0,0,0,0,1,0,0,0,0
21,cn5009,refined_volume_save,io,0,0,0,0,0,0,0,0,0,0,0,0,0,0,0,0,0,0,0,0
21,cn5009,adjacency_build,compute,0.00408996999977,1,0,0,0,0,0,0,0,0,0,0,0,0,0,0,0,0,0,0
21,cn5009,vertex_numbering_local,compute,0.00981387999991,1,0,0,0,0,0,0,2,0,0,0,0,0,0,0,0,0,0,0
21,cn5009,vertex_count_allgather,communication,0.607305943,1,0,0,0,0,0,0,27,0,0,0,0,0,0,0,1,1,4,512
21,cn5009,element_count_allgather,communication,0.000780750000104,1,0,0,0,0,0,0,0,0,0,0,0,0,0,0,1,1,4,512
21,cn5009,vertex_exchange_prepare,compute,2.00399999812e-05,1,0,0,0,0,0,0,0,0,0,0,0,0,0,0,0,0,0,0
21,cn5009,vertex_exchange,communication,0.0145091559998,1,0,0,0,0,0,0,18,0,0,0,0,0,2,0,5,5,49456,57596
21,cn5009,vertex_exchange_unpack,compute,0.000830250000035,1,0,0,0,0,0,0,0,0,0,0,0,0,0,0,0,0,0,0
21,cn5009,partition_result_io,io,0,0,0,0,0,0,0,0,0,0,0,0,0,0,0,0,0,0,0,0
21,cn5009,volume_exchange_pack,compute,0.143035279,2,0,0,0,0,0,0,1,0,0,0,0,0,0,0,0,0,0,0
21,cn5009,volume_size_exchange,communication,0.0134340230002,1,0,0,0,0,0,0,1,0,0,0,0,0,0,0,5,5,20,20
21,cn5009,volume_payload_prepare,compute,8.55210000736e-05,1,0,0,0,0,0,0,0,0,0,0,0,0,0,0,0,0,0,0
21,cn5009,volume_payload_exchange,communication,0.0149498419996,1,0,0,0,0,0,0,9,0,0,0,0,0,0,0,5,5,1118520,1114080
21,cn5009,volume_exchange_unpack,compute,0.114613093,1,0,0,0,0,0,0,3706,0,0,0,0,0,0,0,0,0,0,0
21,cn5009,final_mesh_save,io,0,0,0,0,0,0,0,0,0,0,0,0,0,0,0,0,0,0,0,0
21,cn5009,testout_io,io,0,0,0,0,0,0,0,0,0,0,0,0,0,0,0,0,0,0,0,0
21,cn5009,final_count_exchange,communication,0,0,0,0,0,0,0,0,0,0,0,0,0,0,0,0,0,0,0,0
21,cn5009,quality_evaluation,postprocess,0,0,0,0,0,0,0,0,0,0,0,0,0,0,0,0,0,0,0,0
22,cn5010,geometry_load,io,2.060293236,1,0,0,0,0,0,0,5897,0,1035097,0,10428416,0,203,17,0,0,0,0
22,cn5010,coarse_local_size,setup,0.539520063,1,0,0,0,0,0,0,8575,0,0,0,0,0,221,33,0,0,0,0
22,cn5010,coarse_edge_mesh,setup,0.014740398,1,0,0,0,0,0,0,515,0,0,0,0,0,2,0,0,0,0,0
22,cn5010,coarse_surface_mesh,setup,8.728009556,1,0,0,0,0,0,0,17187,0,0,0,0,0,24,73,0,0,0,0
22,cn5010,coarse_volume_mesh,setup,13.525887945,1,0,0,0,0,0,0,27143,0,0,0,0,0,37837,1623382,0,0,0,0
22,cn5010,coarse_mesh_save,io,0,0,0,0,0,0,0,0,0,0,0,0,0,0,0,0,0,0,0,0
22,cn5010,submesh_initialization,setup,0.00019598300014,1,0,0,0,0,0,0,56,0,0,0,0,0,0,0,0,0,0,0
22,cn5010,metis_partition,compute,0.255009893,1,0,0,0,0,0,0,2351,0,0,0,0,0,0,3,0,0,0,0
22,cn5010,face_map_setup,compute,0.00767408299998,1,0,0,0,0,0,0,603,0,0,0,0,0,0,0,0,0,0,0
22,cn5010,face_local_extract,compute,0.165266685,1,0,0,0,0,0,0,855,0,0,0,0,0,0,2,0,0,0,0
22,cn5010,face_pre_collective_wait,synchronization,0.00881147900009,1,0,0,0,0,0,0,8,0,0,0,0,0,0,0,0,0,0,0
22,cn5010,face_collective_setup,compute,0.00332684499972,1,0,0,0,0,0,0,16,0,0,0,0,0,3,0,0,0,0,0
22,cn5010,face_allgatherv,communication,0.221686965,1,0,0,0,0,0,0,793,0,0,0,0,0,1,1,1,1,37904,4859624
22,cn5010,face_global_merge,compute,0.0797008330001,1,0,0,0,0,0,0,394,0,0,0,0,0,0,1,0,0,0,0
22,cn5010,part_face_create,compute,0.0192162190001,1,0,0,0,0,0,0,23,0,0,0,0,0,0,0,0,0,0,0
22,cn5010,surface_refine,compute,0.00997347399971,1,0,0,0,0,0,0,5,0,0,0,0,0,0,0,0,0,0,0
22,cn5010,refined_surface_save,io,0,0,0,0,0,0,0,0,0,0,0,0,0,0,0,0,0,0,0,0
22,cn5010,local_volume_mesh,compute,9.365966745,1,0,0,0,0,0,0,4716,0,0,0,0,0,12755,751280,0,0,0,0
22,cn5010,volume_refine,compute,0.448798482,1,0,0,0,0,0,0,5789,0,0,0,0,0,0,4,0,0,0,0
22,cn5010,refined_volume_save,io,0,0,0,0,0,0,0,0,0,0,0,0,0,0,0,0,0,0,0,0
22,cn5010,adjacency_build,compute,0.00446390000025,1,0,0,0,0,0,0,8,0,0,0,0,0,0,0,0,0,0,0
22,cn5010,vertex_numbering_local,compute,0.010953688,1,0,0,0,0,0,0,5,0,0,0,0,0,0,0,0,0,0,0
22,cn5010,vertex_count_allgather,communication,2.088111011,1,0,0,0,0,0,0,44,0,0,0,0,0,0,19,1,1,4,512
22,cn5010,element_count_allgather,communication,0.000444285999947,1,0,0,0,0,0,0,1,0,0,0,0,0,0,0,1,1,4,512
22,cn5010,vertex_exchange_prepare,compute,2.69600000138e-05,1,0,0,0,0,0,0,0,0,0,0,0,0,0,0,0,0,0,0
22,cn5010,vertex_exchange,communication,0.014516796,1,0,0,0,0,0,0,286,0,0,0,0,0,2,0,4,6,87516,91080
22,cn5010,vertex_exchange_unpack,compute,0.00136235799982,1,0,0,0,0,0,0,0,0,0,0,0,0,0,0,0,0,0,0
22,cn5010,partition_result_io,io,0,0,0,0,0,0,0,0,0,0,0,0,0,0,0,0,0,0,0,0
22,cn5010,volume_exchange_pack,compute,0.151183636,2,0,0,0,0,0,0,1,0,0,0,0,0,0,1,0,0,0,0
22,cn5010,volume_size_exchange,communication,0.0113036120001,1,0,0,0,0,0,0,3,0,0,0,0,0,0,0,6,6,24,24
22,cn5010,volume_payload_prepare,compute,0.000144602000091,1,0,0,0,0,0,0,0,0,0,0,0,0,0,0,0,0,0,0
22,cn5010,volume_payload_exchange,communication,0.00330068500034,1,0,0,0,0,0,0,20,0,0,0,0,0,0,0,6,6,1896720,1895640
22,cn5010,volume_exchange_unpack,compute,0.105076155,1,0,0,0,0,0,0,3315,0,0,0,0,0,0,1,0,0,0,0
22,cn5010,final_mesh_save,io,0,0,0,0,0,0,0,0,0,0,0,0,0,0,0,0,0,0,0,0
22,cn5010,testout_io,io,0,0,0,0,0,0,0,0,0,0,0,0,0,0,0,0,0,0,0,0
22,cn5010,final_count_exchange,communication,0,0,0,0,0,0,0,0,0,0,0,0,0,0,0,0,0,0,0,0
22,cn5010,quality_evaluation,postprocess,0,0,0,0,0,0,0,0,0,0,0,0,0,0,0,0,0,0,0,0
23,cn5011,geometry_load,io,1.934854963,1,0,0,0,0,0,0,5896,0,1035097,0,10428416,0,203,3,0,0,0,0
23,cn5011,coarse_local_size,setup,0.522048305,1,0,0,0,0,0,0,8479,0,0,0,0,0,246,27,0,0,0,0
23,cn5011,coarse_edge_mesh,setup,0.0141909570002,1,0,0,0,0,0,0,489,0,0,0,0,0,2,0,0,0,0,0
23,cn5011,coarse_surface_mesh,setup,8.4132865,1,0,0,0,0,0,0,17235,0,0,0,0,0,24,15,0,0,0,0
23,cn5011,coarse_volume_mesh,setup,13.454114245,1,0,0,0,0,0,0,27885,0,0,0,0,0,38657,1572770,0,0,0,0
23,cn5011,coarse_mesh_save,io,0,0,0,0,0,0,0,0,0,0,0,0,0,0,0,0,0,0,0,0
23,cn5011,submesh_initialization,setup,0.000199322000299,1,0,0,0,0,0,0,59,0,0,0,0,0,0,0,0,0,0,0
23,cn5011,metis_partition,compute,0.241142572,1,0,0,0,0,0,0,2203,0,0,0,0,0,0,0,0,0,0,0
23,cn5011,face_map_setup,compute,0.00792748799995,1,0,0,0,0,0,0,578,0,0,0,0,0,0,0,0,0,0,0
23,cn5011,face_local_extract,compute,0.164043518,1,0,0,0,0,0,0,865,0,0,0,0,0,0,0,0,0,0,0
23,cn5011,face_pre_collective_wait,synchronization,0.0236078610001,1,0,0,0,0,0,0,5,0,0,0,0,0,0,0,0,0,0,0
23,cn5011,face_collective_setup,compute,0.00332839700013,1,0,0,0,0,0,0,16,0,0,0,0,0,3,0,0,0,0,0
23,cn5011,face_allgatherv,communication,0.221624056,1,0,0,0,0,0,0,709,0,0,0,0,0,1,1,1,1,37904,4859624
23,cn5011,face_global_merge,compute,0.07940568,1,0,0,0,0,0,0,533,0,0,0,0,0,0,0,0,0,0,0
23,cn5011,part_face_create,compute,0.0192218130001,1,0,0,0,0,0,0,20,0,0,0,0,0,0,0,0,0,0,0
23,cn5011,surface_refine,compute,0.00953066600005,1,0,0,0,0,0,0,43,0,0,0,0,0,0,0,0,0,0,0
23,cn5011,refined_surface_save,io,0,0,0,0,0,0,0,0,0,0,0,0,0,0,0,0,0,0,0,0
23,cn5011,local_volume_mesh,compute,7.99641424,1,0,0,0,0,0,0,4630,0,0,0,0,0,17484,795523,0,0,0,0
23,cn5011,volume_refine,compute,0.40882959,1,0,0,0,0,0,0,6465,0,0,0,0,0,0,0,0,0,0,0
23,cn5011,refined_volume_save,io,0,0,0,0,0,0,0,0,0,0,0,0,0,0,0,0,0,0,0,0
23,cn5011,adjacency_build,compute,0.00448426999992,1,0,0,0,0,0,0,12,0,0,0,0,0,0,0,0,0,0,0
23,cn5011,vertex_numbering_local,compute,0.0101832119999,1,0,0,0,0,0,0,2,0,0,0,0,0,0,0,0,0,0,0
23,cn5011,vertex_count_allgather,communication,3.498945117,1,0,0,0,0,0,0,46,0,0,0,0,0,0,4,1,1,4,512
23,cn5011,element_count_allgather,communication,0.000829989000067,1,0,0,0,0,0,0,0,0,0,0,0,0,0,0,1,1,4,512
23,cn5011,vertex_exchange_prepare,compute,2.60000001617e-05,1,0,0,0,0,0,0,0,0,0,0,0,0,0,0,0,0,0,0
23,cn5011,vertex_exchange,communication,0.0148160049998,1,0,0,0,0,0,0,554,0,0,0,0,0,2,0,8,5,106062,73722
23,cn5011,vertex_exchange_unpack,compute,0.00114103300029,1,0,0,0,0,0,0,0,0,0,0,0,0,0,0,0,0,0,0
23,cn5011,partition_result_io,io,0,0,0,0,0,0,0,0,0,0,0,0,0,0,0,0,0,0,0,0
23,cn5011,volume_exchange_pack,compute,0.137449584,2,0,0,0,0,0,0,2,0,0,0,0,0,0,0,0,0,0,0
23,cn5011,volume_size_exchange,communication,0.01894881,1,0,0,0,0,0,0,2,0,0,0,0,0,0,0,6,6,24,24
23,cn5011,volume_payload_prepare,compute,0.000140302000091,1,0,0,0,0,0,0,0,0,0,0,0,0,0,0,0,0,0,0
23,cn5011,volume_payload_exchange,communication,0.015182528,1,0,0,0,0,0,0,27,0,0,0,0,0,0,0,6,6,1896360,1890120
23,cn5011,volume_exchange_unpack,compute,0.0903334620002,1,0,0,0,0,0,0,2059,0,0,0,0,0,0,0,0,0,0,0
23,cn5011,final_mesh_save,io,0,0,0,0,0,0,0,0,0,0,0,0,0,0,0,0,0,0,0,0
23,cn5011,testout_io,io,0,0,0,0,0,0,0,0,0,0,0,0,0,0,0,0,0,0,0,0
23,cn5011,final_count_exchange,communication,0,0,0,0,0,0,0,0,0,0,0,0,0,0,0,0,0,0,0,0
23,cn5011,quality_evaluation,postprocess,0,0,0,0,0,0,0,0,0,0,0,0,0,0,0,0,0,0,0,0
24,cn5012,geometry_load,io,3.041633545,1,0,0,0,0,0,0,5897,0,1035097,0,10428416,0,203,18,0,0,0,0
24,cn5012,coarse_local_size,setup,0.52633781,1,0,0,0,0,0,0,8606,0,0,0,0,0,187,31,0,0,0,0
24,cn5012,coarse_edge_mesh,setup,0.0147500359999,1,0,0,0,0,0,0,522,0,0,0,0,0,2,0,0,0,0,0
24,cn5012,coarse_surface_mesh,setup,8.738831433,1,0,0,0,0,0,0,14682,0,0,0,0,0,24,76,0,0,0,0
24,cn5012,coarse_volume_mesh,setup,13.404473785,1,0,0,0,0,0,0,27481,0,0,0,0,0,37113,1622638,0,0,0,0
24,cn5012,coarse_mesh_save,io,0,0,0,0,0,0,0,0,0,0,0,0,0,0,0,0,0,0,0,0
24,cn5012,submesh_initialization,setup,0.000186922000012,1,0,0,0,0,0,0,57,0,0,0,0,0,0,0,0,0,0,0
24,cn5012,metis_partition,compute,0.243092577,1,0,0,0,0,0,0,1999,0,0,0,0,0,0,3,0,0,0,0
24,cn5012,face_map_setup,compute,0.00766200199996,1,0,0,0,0,0,0,564,0,0,0,0,0,0,0,0,0,0,0
24,cn5012,face_local_extract,compute,0.160400436,1,0,0,0,0,0,0,882,0,0,0,0,0,0,1,0,0,0,0
24,cn5012,face_pre_collective_wait,synchronization,0.0256154610001,1,0,0,0,0,0,0,11,0,0,0,0,0,0,1,0,0,0,0
24,cn5012,face_collective_setup,compute,0.00335726499998,1,0,0,0,0,0,0,16,0,0,0,0,0,3,0,0,0,0,0
24,cn5012,face_allgatherv,communication,0.22154043,1,0,0,0,0,0,0,1251,0,0,0,0,0,1,1,1,1,37904,4859624
24,cn5012,face_global_merge,compute,0.0801686079999,1,0,0,0,0,0,0,470,0,0,0,0,0,0,1,0,0,0,0
24,cn5012,part_face_create,compute,0.0190872940002,1,0,0,0,0,0,0,21,0,0,0,0,0,0,0,0,0,0,0
24,cn5012,surface_refine,compute,0.00715609500003,1,0,0,0,0,0,0,39,0,0,0,0,0,0,0,0,0,0,0
24,cn5012,refined_surface_save,io,0,0,0,0,0,0,0,0,0,0,0,0,0,0,0,0,0,0,0,0
24,cn5012,local_volume_mesh,compute,7.105843568,1,0,0,0,0,0,0,3015,0,0,0,0,0,15053,459643,0,0,0,0
24,cn5012,volume_refine,compute,0.266200365,1,0,0,0,0,0,0,5329,0,0,0,0,0,0,3,0,0,0,0
24,cn5012,refined_volume_save,io,0,0,0,0,0,0,0,0,0,0,0,0,0,0,0,0,0,0,0,0
24,cn5012,adjacency_build,compute,0.00438897799995,1,0,0,0,0,0,0,9,0,0,0,0,0,0,0,0,0,0,0
24,cn5012,vertex_numbering_local,compute,0.00932214400018,1,0,0,0,0,0,0,5,0,0,0,0,0,0,0,0,0,0,0
24,cn5012,vertex_count_allgather,communication,4.53489235,1,0,0,0,0,0,0,45,0,0,0,0,0,0,39,1,1,4,512
24,cn5012,element_count_allgather,communication,0.000879291999809,1,0,0,0,0,0,0,1,0,0,0,0,0,0,0,1,1,4,512
24,cn5012,vertex_exchange_prepare,compute,1.74599999809e-05,1,0,0,0,0,0,0,0,0,0,0,0,0,0,0,0,0,0,0
24,cn5012,vertex_exchange,communication,0.00562601499996,1,0,0,0,0,0,0,29,0,0,0,0,0,2,0,5,4,139568,57860
24,cn5012,vertex_exchange_unpack,compute,0.000866791000135,1,0,0,0,0,0,0,0,0,0,0,0,0,0,0,0,0,0,0
24,cn5012,partition_result_io,io,0,0,0,0,0,0,0,0,0,0,0,0,0,0,0,0,0,0,0,0
24,cn5012,volume_exchange_pack,compute,0.106181575,2,0,0,0,0,0,0,2,0,0,0,0,0,0,2,0,0,0,0
24,cn5012,volume_size_exchange,communication,0.0548286899998,1,0,0,0,0,0,0,5,0,0,0,0,0,0,0,5,5,20,20
24,cn5012,volume_payload_prepare,compute,0.000155902000188,1,0,0,0,0,0,0,0,0,0,0,0,0,0,0,0,0,0,0
24,cn5012,volume_payload_exchange,communication,0.0202946899999,1,0,0,0,0,0,0,20,0,0,0,0,0,0,0,5,5,2110680,2117760
24,cn5012,volume_exchange_unpack,compute,0.0787911889997,1,0,0,0,0,0,0,1386,0,0,0,0,0,0,1,0,0,0,0
24,cn5012,final_mesh_save,io,0,0,0,0,0,0,0,0,0,0,0,0,0,0,0,0,0,0,0,0
24,cn5012,testout_io,io,0,0,0,0,0,0,0,0,0,0,0,0,0,0,0,0,0,0,0,0
24,cn5012,final_count_exchange,communication,0,0,0,0,0,0,0,0,0,0,0,0,0,0,0,0,0,0,0,0
24,cn5012,quality_evaluation,postprocess,0,0,0,0,0,0,0,0,0,0,0,0,0,0,0,0,0,0,0,0
25,cn5013,geometry_load,io,2.029672766,1,0,0,0,0,0,0,5895,0,1035097,0,10428416,0,203,2,0,0,0,0
25,cn5013,coarse_local_size,setup,0.577530087,1,0,0,0,0,0,0,8601,0,0,0,0,0,205,28,0,0,0,0
25,cn5013,coarse_edge_mesh,setup,0.0147670609999,1,0,0,0,0,0,0,488,0,0,0,0,0,2,0,0,0,0,0
25,cn5013,coarse_surface_mesh,setup,8.52058295,1,0,0,0,0,0,0,15806,0,0,0,0,0,24,10,0,0,0,0
25,cn5013,coarse_volume_mesh,setup,13.335611584,1,0,0,0,0,0,0,27689,0,0,0,0,0,37067,1536728,0,0,0,0
25,cn5013,coarse_mesh_save,io,0,0,0,0,0,0,0,0,0,0,0,0,0,0,0,0,0,0,0,0
25,cn5013,submesh_initialization,setup,0.000188162000086,1,0,0,0,0,0,0,54,0,0,0,0,0,0,0,0,0,0,0
25,cn5013,metis_partition,compute,0.244399243,1,0,0,0,0,0,0,1810,0,0,0,0,0,0,0,0,0,0,0
25,cn5013,face_map_setup,compute,0.00761959300007,1,0,0,0,0,0,0,596,0,0,0,0,0,0,0,0,0,0,0
25,cn5013,face_local_extract,compute,0.160010733,1,0,0,0,0,0,0,906,0,0,0,0,0,0,1,0,0,0,0
25,cn5013,face_pre_collective_wait,synchronization,0.0247352020001,1,0,0,0,0,0,0,6,0,0,0,0,0,0,0,0,0,0,0
25,cn5013,face_collective_setup,compute,0.00336660100038,1,0,0,0,0,0,0,16,0,0,0,0,0,3,0,0,0,0,0
25,cn5013,face_allgatherv,communication,0.222627677,1,0,0,0,0,0,0,1335,0,0,0,0,0,1,0,1,1,37904,4859624
25,cn5013,face_global_merge,compute,0.080096958,1,0,0,0,0,0,0,591,0,0,0,0,0,0,0,0,0,0,0
25,cn5013,part_face_create,compute,0.018952511,1,0,0,0,0,0,0,16,0,0,0,0,0,0,0,0,0,0,0
25,cn5013,surface_refine,compute,0.00715122799966,1,0,0,0,0,0,0,38,0,0,0,0,0,0,0,0,0,0,0
25,cn5013,refined_surface_save,io,0,0,0,0,0,0,0,0,0,0,0,0,0,0,0,0,0,0,0,0
25,cn5013,local_volume_mesh,compute,7.087586564,1,0,0,0,0,0,0,848,0,0,0,0,0,10558,420892,0,0,0,0
25,cn5013,volume_refine,compute,0.267678107,1,0,0,0,0,0,0,4523,0,0,0,0,0,0,0,0,0,0,0
25,cn5013,refined_volume_save,io,0,0,0,0,0,0,0,0,0,0,0,0,0,0,0,0,0,0,0,0
25,cn5013,adjacency_build,compute,0.00436405299979,1,0,0,0,0,0,0,0,0,0,0,0,0,0,0,0,0,0,0
25,cn5013,vertex_numbering_local,compute,0.010921173,1,0,0,0,0,0,0,1,0,0,0,0,0,0,0,0,0,0,0
25,cn5013,vertex_count_allgather,communication,4.549784958,1,0,0,0,0,0,0,23,0,0,0,0,0,0,5,1,1,4,512
25,cn5013,element_count_allgather,communication,0.000810609999917,1,0,0,0,0,0,0,10,0,0,0,0,0,0,0,1,1,4,512
25,cn5013,vertex_exchange_prepare,compute,0.000101481000002,1,0,0,0,0,0,0,57,0,0,0,0,0,0,0,0,0,0,0
25,cn5013,vertex_exchange,communication,0.014397336,1,0,0,0,0,0,0,183,0,0,0,0,0,2,0,7,7,121924,143220
25,cn5013,vertex_exchange_unpack,compute,0.00319049900008,1,0,0,0,0,0,0,1155,0,0,0,0,0,0,0,0,0,0,0
25,cn5013,partition_result_io,io,0,0,0,0,0,0,0,0,0,0,0,0,0,0,0,0,0,0,0,0
25,cn5013,volume_exchange_pack,compute,0.132108912,2,0,0,0,0,0,0,1372,0,0,0,0,0,0,0,0,0,0,0
25,cn5013,volume_size_exchange,communication,0.0226759560001,1,0,0,0,0,0,0,1,0,0,0,0,0,0,0,8,8,32,32
25,cn5013,volume_payload_prepare,compute,0.000447486000212,1,0,0,0,0,0,0,200,0,0,0,0,0,0,0,0,0,0,0
25,cn5013,volume_payload_exchange,communication,0.0148833620001,1,0,0,0,0,0,0,15,0,0,0,0,0,0,0,8,8,2852040,2862240
25,cn5013,volume_exchange_unpack,compute,0.146373986,1,0,0,0,0,0,0,3349,0,0,0,0,0,0,0,0,0,0,0
25,cn5013,final_mesh_save,io,0,0,0,0,0,0,0,0,0,0,0,0,0,0,0,0,0,0,0,0
25,cn5013,testout_io,io,0,0,0,0,0,0,0,0,0,0,0,0,0,0,0,0,0,0,0,0
25,cn5013,final_count_exchange,communication,0,0,0,0,0,0,0,0,0,0,0,0,0,0,0,0,0,0,0,0
25,cn5013,quality_evaluation,postprocess,0,0,0,0,0,0,0,0,0,0,0,0,0,0,0,0,0,0,0,0
26,cn5014,geometry_load,io,2.990887338,1,0,0,0,0,0,0,5895,0,1035097,0,10428416,0,203,3,0,0,0,0
26,cn5014,coarse_local_size,setup,0.50867501,1,0,0,0,0,0,0,8133,0,0,0,0,0,199,29,0,0,0,0
26,cn5014,coarse_edge_mesh,setup,0.0145741810002,1,0,0,0,0,0,0,517,0,0,0,0,0,2,0,0,0,0,0
26,cn5014,coarse_surface_mesh,setup,8.424024102,1,0,0,0,0,0,0,17205,0,0,0,0,0,24,9,0,0,0,0
26,cn5014,coarse_volume_mesh,setup,13.327210921,1,0,0,0,0,0,0,26556,0,0,0,0,0,36744,1635789,0,0,0,0
26,cn5014,coarse_mesh_save,io,0,0,0,0,0,0,0,0,0,0,0,0,0,0,0,0,0,0,0,0
26,cn5014,submesh_initialization,setup,0.0001878019998,1,0,0,0,0,0,0,55,0,0,0,0,0,0,0,0,0,0,0
26,cn5014,metis_partition,compute,0.247789042,1,0,0,0,0,0,0,1793,0,0,0,0,0,0,0,0,0,0,0
26,cn5014,face_map_setup,compute,0.00742526199974,1,0,0,0,0,0,0,499,0,0,0,0,0,0,0,0,0,0,0
26,cn5014,face_local_extract,compute,0.157798526,1,0,0,0,0,0,0,775,0,0,0,0,0,0,0,0,0,0,0
26,cn5014,face_pre_collective_wait,synchronization,0.0237768239999,1,0,0,0,0,0,0,9,0,0,0,0,0,0,0,0,0,0,0
26,cn5014,face_collective_setup,compute,0.00342715799979,1,0,0,0,0,0,0,16,0,0,0,0,0,3,0,0,0,0,0
26,cn5014,face_allgatherv,communication,0.224315902,1,0,0,0,0,0,0,763,0,0,0,0,0,4,0,1,1,37904,4859624
26,cn5014,face_global_merge,compute,0.0750893910003,1,0,0,0,0,0,0,177,0,0,0,0,0,0,0,0,0,0,0
26,cn5014,part_face_create,compute,0.0183727630001,1,0,0,0,0,0,0,19,0,0,0,0,0,0,0,0,0,0,0
26,cn5014,surface_refine,compute,0.00848221399974,1,0,0,0,0,0,0,44,0,0,0,0,0,0,0,0,0,0,0
26,cn5014,refined_surface_save,io,0,0,0,0,0,0,0,0,0,0,0,0,0,0,0,0,0,0,0,0
26,cn5014,local_volume_mesh,compute,7.927571287,1,0,0,0,0,0,0,2873,0,0,0,0,0,11080,529370,0,0,0,0
26,cn5014,volume_refine,compute,0.391932437,1,0,0,0,0,0,0,6169,0,0,0,0,0,0,1,0,0,0,0
26,cn5014,refined_volume_save,io,0,0,0,0,0,0,0,0,0,0,0,0,0,0,0,0,0,0,0,0
26,cn5014,adjacency_build,compute,0.00422440699958,1,0,0,0,0,0,0,7,0,0,0,0,0,0,0,0,0,0,0
26,cn5014,vertex_numbering_local,compute,0.0107439590001,1,0,0,0,0,0,0,302,0,0,0,0,0,0,0,0,0,0,0
26,cn5014,vertex_count_allgather,communication,3.588175729,1,0,0,0,0,0,0,74,0,0,0,0,0,0,3,1,1,4,512
26,cn5014,element_count_allgather,communication,0.000836148999952,1,0,0,0,0,0,0,0,0,0,0,0,0,0,0,1,1,4,512
26,cn5014,vertex_exchange_prepare,compute,0.000122860999909,1,0,0,0,0,0,0,34,0,0,0,0,0,0,0,0,0,0,0
26,cn5014,vertex_exchange,communication,0.013420923,1,0,0,0,0,0,0,42,0,0,0,0,0,2,0,5,3,69850,129316
26,cn5014,vertex_exchange_unpack,compute,0.00175537899986,1,0,0,0,0,0,0,0,0,0,0,0,0,0,0,0,0,0,0
26,cn5014,partition_result_io,io,0,0,0,0,0,0,0,0,0,0,0,0,0,0,0,0,0,0,0,0
26,cn5014,volume_exchange_pack,compute,0.148741623,2,0,0,0,0,0,0,853,0,0,0,0,0,0,1,0,0,0,0
26,cn5014,volume_size_exchange,communication,0.00750461999996,1,0,0,0,0,0,0,1,0,0,0,0,0,0,0,4,4,16,16
26,cn5014,volume_payload_prepare,compute,0.00023572300006,1,0,0,0,0,0,0,68,0,0,0,0,0,0,0,0,0,0,0
26,cn5014,volume_payload_exchange,communication,0.0070089550004,1,0,0,0,0,0,0,362,0,0,0,0,0,0,0,4,4,2166000,2149080
26,cn5014,volume_exchange_unpack,compute,0.108583736,1,0,0,0,0,0,0,3653,0,0,0,0,0,0,0,0,0,0,0
26,cn5014,final_mesh_save,io,0,0,0,0,0,0,0,0,0,0,0,0,0,0,0,0,0,0,0,0
26,cn5014,testout_io,io,0,0,0,0,0,0,0,0,0,0,0,0,0,0,0,0,0,0,0,0
26,cn5014,final_count_exchange,communication,0,0,0,0,0,0,0,0,0,0,0,0,0,0,0,0,0,0,0,0
26,cn5014,quality_evaluation,postprocess,0,0,0,0,0,0,0,0,0,0,0,0,0,0,0,0,0,0,0,0
27,cn5015,geometry_load,io,2.084212553,1,0,0,0,0,0,0,5894,0,1035097,0,10428416,0,203,2,0,0,0,0
27,cn5015,coarse_local_size,setup,2.741848067,1,0,0,0,0,0,0,8734,0,0,0,0,0,225,31,0,0,0,0
27,cn5015,coarse_edge_mesh,setup,0.0149025700002,1,0,0,0,0,0,0,515,0,0,0,0,0,2,0,0,0,0,0
27,cn5015,coarse_surface_mesh,setup,8.758424249,1,0,0,0,0,0,0,17322,0,0,0,0,0,24,9,0,0,0,0
27,cn5015,coarse_volume_mesh,setup,13.481229969,1,0,0,0,0,0,0,27922,0,0,0,0,0,37844,1675963,0,0,0,0
27,cn5015,coarse_mesh_save,io,0,0,0,0,0,0,0,0,0,0,0,0,0,0,0,0,0,0,0,0
27,cn5015,submesh_initialization,setup,0.000190962000033,1,0,0,0,0,0,0,58,0,0,0,0,0,0,0,0,0,0,0
27,cn5015,metis_partition,compute,0.251669356,1,0,0,0,0,0,0,1852,0,0,0,0,0,0,0,0,0,0,0
27,cn5015,face_map_setup,compute,0.00769270799992,1,0,0,0,0,0,0,559,0,0,0,0,0,0,0,0,0,0,0
27,cn5015,face_local_extract,compute,0.159692465,1,0,0,0,0,0,0,906,0,0,0,0,0,0,0,0,0,0,0
27,cn5015,face_pre_collective_wait,synchronization,0.0176341209999,1,0,0,0,0,0,0,24,0,0,0,0,0,0,0,0,0,0,0
27,cn5015,face_collective_setup,compute,0.00297021400002,1,0,0,0,0,0,0,16,0,0,0,0,0,3,0,0,0,0,0
27,cn5015,face_allgatherv,communication,0.224890889,1,0,0,0,0,0,0,1201,0,0,0,0,0,1,0,1,1,37904,4859624
27,cn5015,face_global_merge,compute,0.0804202189997,1,0,0,0,0,0,0,594,0,0,0,0,0,0,1,0,0,0,0
27,cn5015,part_face_create,compute,0.0191819800002,1,0,0,0,0,0,0,21,0,0,0,0,0,0,0,0,0,0,0
27,cn5015,surface_refine,compute,0.00894884199988,1,0,0,0,0,0,0,48,0,0,0,0,0,0,0,0,0,0,0
27,cn5015,refined_surface_save,io,0,0,0,0,0,0,0,0,0,0,0,0,0,0,0,0,0,0,0,0
27,cn5015,local_volume_mesh,compute,6.975521518,1,0,0,0,0,0,0,3929,0,0,0,0,0,5670,367380,0,0,0,0
27,cn5015,volume_refine,compute,0.370960819,1,0,0,0,0,0,0,7803,0,0,0,0,0,0,0,0,0,0,0
27,cn5015,refined_volume_save,io,0,0,0,0,0,0,0,0,0,0,0,0,0,0,0,0,0,0,0,0
27,cn5015,adjacency_build,compute,0.00455457199996,1,0,0,0,0,0,0,13,0,0,0,0,0,0,0,0,0,0,0
27,cn5015,vertex_numbering_local,compute,0.0125683229999,1,0,0,0,0,0,0,323,0,0,0,0,0,0,0,0,0,0,0
27,cn5015,vertex_count_allgather,communication,4.551957228,1,0,0,0,0,0,0,86,0,0,0,0,0,0,4,1,1,4,512
27,cn5015,element_count_allgather,communication,0.000907911000013,1,0,0,0,0,0,0,0,0,0,0,0,0,0,0,1,1,4,512
27,cn5015,vertex_exchange_prepare,compute,0.000137001999974,1,0,0,0,0,0,0,34,0,0,0,0,0,0,0,0,0,0,0
27,cn5015,vertex_exchange,communication,0.013334453,1,0,0,0,0,0,0,51,0,0,0,0,0,2,0,3,6,47102,181852
27,cn5015,vertex_exchange_unpack,compute,0.00262257000031,1,0,0,0,0,0,0,0,0,0,0,0,0,0,0,0,0,0,0
27,cn5015,partition_result_io,io,0,0,0,0,0,0,0,0,0,0,0,0,0,0,0,0,0,0,0,0
27,cn5015,volume_exchange_pack,compute,0.145190818,2,0,0,0,0,0,0,982,0,0,0,0,0,0,1,0,0,0,0
27,cn5015,volume_size_exchange,communication,0.00306417499996,1,0,0,0,0,0,0,1,0,0,0,0,0,0,0,6,6,24,24
27,cn5015,volume_payload_prepare,compute,0.000346104000073,1,0,0,0,0,0,0,102,0,0,0,0,0,0,0,0,0,0,0
27,cn5015,volume_payload_exchange,communication,0.0226485590001,1,0,0,0,0,0,0,358,0,0,0,0,0,0,0,6,6,2447760,2449080
27,cn5015,volume_exchange_unpack,compute,0.0981719619999,1,0,0,0,0,0,0,3430,0,0,0,0,0,0,0,0,0,0,0
27,cn5015,final_mesh_save,io,0,0,0,0,0,0,0,0,0,0,0,0,0,0,0,0,0,0,0,0
27,cn5015,testout_io,io,0,0,0,0,0,0,0,0,0,0,0,0,0,0,0,0,0,0,0,0
27,cn5015,final_count_exchange,communication,0,0,0,0,0,0,0,0,0,0,0,0,0,0,0,0,0,0,0,0
27,cn5015,quality_evaluation,postprocess,0,0,0,0,0,0,0,0,0,0,0,0,0,0,0,0,0,0,0,0
28,cn5016,geometry_load,io,1.930071594,1,0,0,0,0,0,0,5894,0,1035097,0,10428416,0,203,2,0,0,0,0
28,cn5016,coarse_local_size,setup,0.507169757,1,0,0,0,0,0,0,8665,0,0,0,0,0,194,31,0,0,0,0
28,cn5016,coarse_edge_mesh,setup,0.01449323,1,0,0,0,0,0,0,491,0,0,0,0,0,2,0,0,0,0,0
28,cn5016,coarse_surface_mesh,setup,8.457175247,1,0,0,0,0,0,0,14428,0,0,0,0,0,24,13,0,0,0,0
28,cn5016,coarse_volume_mesh,setup,13.506971009,1,0,0,0,0,0,0,29559,0,0,0,0,0,40512,1623495,0,0,0,0
28,cn5016,coarse_mesh_save,io,0,0,0,0,0,0,0,0,0,0,0,0,0,0,0,0,0,0,0,0
28,cn5016,submesh_initialization,setup,0.000184663000255,1,0,0,0,0,0,0,54,0,0,0,0,0,0,0,0,0,0,0
28,cn5016,metis_partition,compute,0.240256674,1,0,0,0,0,0,0,1980,0,0,0,0,0,0,0,0,0,0,0
28,cn5016,face_map_setup,compute,0.00762223999982,1,0,0,0,0,0,0,583,0,0,0,0,0,0,0,0,0,0,0
28,cn5016,face_local_extract,compute,0.162069968,1,0,0,0,0,0,0,886,0,0,0,0,0,0,4,0,0,0,0
28,cn5016,face_pre_collective_wait,synchronization,0.0267764109999,1,0,0,0,0,0,0,5,0,0,0,0,0,0,0,0,0,0,0
28,cn5016,face_collective_setup,compute,0.00304254000002,1,0,0,0,0,0,0,16,0,0,0,0,0,3,0,0,0,0,0
28,cn5016,face_allgatherv,communication,0.224845331,1,0,0,0,0,0,0,636,0,0,0,0,0,1,0,1,1,37904,4859624
28,cn5016,face_global_merge,compute,0.0793463810001,1,0,0,0,0,0,0,616,0,0,0,0,0,0,0,0,0,0,0
28,cn5016,part_face_create,compute,0.0190218499997,1,0,0,0,0,0,0,18,0,0,0,0,0,0,0,0,0,0,0
28,cn5016,surface_refine,compute,0.00760927900001,1,0,0,0,0,0,0,44,0,0,0,0,0,0,0,0,0,0,0
28,cn5016,refined_surface_save,io,0,0,0,0,0,0,0,0,0,0,0,0,0,0,0,0,0,0,0,0
28,cn5016,local_volume_mesh,compute,7.073386924,1,0,0,0,0,0,0,3286,0,0,0,0,0,7796,396545,0,0,0,0
28,cn5016,volume_refine,compute,0.334835375,1,0,0,0,0,0,0,4866,0,0,0,0,0,0,0,0,0,0,0
28,cn5016,refined_volume_save,io,0,0,0,0,0,0,0,0,0,0,0,0,0,0,0,0,0,0,0,0
28,cn5016,adjacency_build,compute,0.00450973899979,1,0,0,0,0,0,0,13,0,0,0,0,0,0,0,0,0,0,0
28,cn5016,vertex_numbering_local,compute,0.0103071349999,1,0,0,0,0,0,0,4,0,0,0,0,0,0,0,0,0,0,0
28,cn5016,vertex_count_allgather,communication,4.495236363,1,0,0,0,0,0,0,108,0,0,0,0,0,0,6,1,1,4,512
28,cn5016,element_count_allgather,communication,0.000860991000081,1,0,0,0,0,0,0,10,0,0,0,0,0,0,0,1,1,4,512
28,cn5016,vertex_exchange_prepare,compute,9.84409998637e-05,1,0,0,0,0,0,0,54,0,0,0,0,0,0,0,0,0,0,0
28,cn5016,vertex_exchange,communication,0.0230858230002,1,0,0,0,0,0,0,699,0,0,0,0,0,2,0,6,9,95942,147686
28,cn5016,vertex_exchange_unpack,compute,0.00329676299998,1,0,0,0,0,0,0,1219,0,0,0,0,0,0,0,0,0,0,0
28,cn5016,partition_result_io,io,0,0,0,0,0,0,0,0,0,0,0,0,0,0,0,0,0,0,0,0
28,cn5016,volume_exchange_pack,compute,0.133902697,2,0,0,0,0,0,0,1010,0,0,0,0,0,0,1,0,0,0,0
28,cn5016,volume_size_exchange,communication,0.026071022,1,0,0,0,0,0,0,3,0,0,0,0,0,0,0,9,9,36,36
28,cn5016,volume_payload_prepare,compute,0.000276184000086,1,0,0,0,0,0,0,78,0,0,0,0,0,0,0,0,0,0,0
28,cn5016,volume_payload_exchange,communication,0.00248303299986,1,0,0,0,0,0,0,24,0,0,0,0,0,0,0,9,9,2600400,2608320
28,cn5016,volume_exchange_unpack,compute,0.0953986919999,1,0,0,0,0,0,0,2959,0,0,0,0,0,0,0,0,0,0,0
28,cn5016,final_mesh_save,io,0,0,0,0,0,0,0,0,0,0,0,0,0,0,0,0,0,0,0,0
28,cn5016,testout_io,io,0,0,0,0,0,0,0,0,0,0,0,0,0,0,0,0,0,0,0,0
28,cn5016,final_count_exchange,communication,0,0,0,0,0,0,0,0,0,0,0,0,0,0,0,0,0,0,0,0
28,cn5016,quality_evaluation,postprocess,0,0,0,0,0,0,0,0,0,0,0,0,0,0,0,0,0,0,0,0
29,cn5017,geometry_load,io,1.994927527,1,0,0,0,0,0,0,5894,0,1035097,0,10428416,0,203,4,0,0,0,0
29,cn5017,coarse_local_size,setup,0.534349729,1,0,0,0,0,0,0,8557,0,0,0,0,0,233,35,0,0,0,0
29,cn5017,coarse_edge_mesh,setup,0.0150151319999,1,0,0,0,0,0,0,515,0,0,0,0,0,2,0,0,0,0,0
29,cn5017,coarse_surface_mesh,setup,8.748406816,1,0,0,0,0,0,0,17332,0,0,0,0,0,24,10,0,0,0,0
29,cn5017,coarse_volume_mesh,setup,13.514299382,1,0,0,0,0,0,0,29999,0,0,0,0,0,37908,1543297,0,0,0,0
29,cn5017,coarse_mesh_save,io,0,0,0,0,0,0,0,0,0,0,0,0,0,0,0,0,0,0,0,0
29,cn5017,submesh_initialization,setup,0.000147162000303,1,0,0,0,0,0,0,2,0,0,0,0,0,0,0,0,0,0,0
29,cn5017,metis_partition,compute,0.255759984,1,0,0,0,0,0,0,454,0,0,0,0,0,0,0,0,0,0,0
29,cn5017,face_map_setup,compute,0.00726576299985,1,0,0,0,0,0,0,229,0,0,0,0,0,0,0,0,0,0,0
29,cn5017,face_local_extract,compute,0.161191083,1,0,0,0,0,0,0,749,0,0,0,0,0,0,0,0,0,0,0
29,cn5017,face_pre_collective_wait,synchronization,0.012644465,1,0,0,0,0,0,0,1,0,0,0,0,0,0,0,0,0,0,0
29,cn5017,face_collective_setup,compute,0.00342117900027,1,0,0,0,0,0,0,16,0,0,0,0,0,3,0,0,0,0,0
29,cn5017,face_allgatherv,communication,0.225452258,1,0,0,0,0,0,0,703,0,0,0,0,0,1,0,1,1,37904,4859624
29,cn5017,face_global_merge,compute,0.080135576,1,0,0,0,0,0,0,344,0,0,0,0,0,0,0,0,0,0,0
29,cn5017,part_face_create,compute,0.0193607820001,1,0,0,0,0,0,0,4,0,0,0,0,0,0,0,0,0,0,0
29,cn5017,surface_refine,compute,0.00962871000002,1,0,0,0,0,0,0,49,0,0,0,0,0,0,0,0,0,0,0
29,cn5017,refined_surface_save,io,0,0,0,0,0,0,0,0,0,0,0,0,0,0,0,0,0,0,0,0
29,cn5017,local_volume_mesh,compute,8.120438237,1,0,0,0,0,0,0,4417,0,0,0,0,0,13154,596589,0,0,0,0
29,cn5017,volume_refine,compute,0.437906367,1,0,0,0,0,0,0,6703,0,0,0,0,0,0,1,0,0,0,0
29,cn5017,refined_volume_save,io,0,0,0,0,0,0,0,0,0,0,0,0,0,0,0,0,0,0,0,0
29,cn5017,adjacency_build,compute,0.00453081200021,1,0,0,0,0,0,0,8,0,0,0,0,0,0,0,0,0,0,0
29,cn5017,vertex_numbering_local,compute,0.00948992900021,1,0,0,0,0,0,0,4,0,0,0,0,0,0,0,0,0,0,0
29,cn5017,vertex_count_allgather,communication,3.341780105,1,0,0,0,0,0,0,39,0,0,0,0,0,0,3,1,1,4,512
29,cn5017,element_count_allgather,communication,0.000814628999706,1,0,0,0,0,0,0,1,0,0,0,0,0,0,0,1,1,4,512
29,cn5017,vertex_exchange_prepare,compute,0.000112341000204,1,0,0,0,0,0,0,28,0,0,0,0,0,0,0,0,0,0,0
29,cn5017,vertex_exchange,communication,0.0141810619998,1,0,0,0,0,0,0,26,0,0,0,0,0,2,0,3,4,61160,107514
29,cn5017,vertex_exchange_unpack,compute,0.00156489700021,1,0,0,0,0,0,0,0,0,0,0,0,0,0,0,0,0,0,0
29,cn5017,partition_result_io,io,0,0,0,0,0,0,0,0,0,0,0,0,0,0,0,0,0,0,0,0
29,cn5017,volume_exchange_pack,compute,0.140482747,2,0,0,0,0,0,0,700,0,0,0,0,0,0,0,0,0,0,0
29,cn5017,volume_size_exchange,communication,0.00396878499987,1,0,0,0,0,0,0,0,0,0,0,0,0,0,0,5,5,20,20
29,cn5017,volume_payload_prepare,compute,0.000257702999988,1,0,0,0,0,0,0,68,0,0,0,0,0,0,0,0,0,0,0
29,cn5017,volume_payload_exchange,communication,0.02711731,1,0,0,0,0,0,0,256,0,0,0,0,0,0,0,5,5,1800000,1804200
29,cn5017,volume_exchange_unpack,compute,0.105822589,1,0,0,0,0,0,0,4258,0,0,0,0,0,0,1,0,0,0,0
29,cn5017,final_mesh_save,io,0,0,0,0,0,0,0,0,0,0,0,0,0,0,0,0,0,0,0,0
29,cn5017,testout_io,io,0,0,0,0,0,0,0,0,0,0,0,0,0,0,0,0,0,0,0,0
29,cn5017,final_count_exchange,communication,0,0,0,0,0,0,0,0,0,0,0,0,0,0,0,0,0,0,0,0
29,cn5017,quality_evaluation,postprocess,0,0,0,0,0,0,0,0,0,0,0,0,0,0,0,0,0,0,0,0
30,cn5018,geometry_load,io,2.090833112,1,0,0,0,0,0,0,5897,0,1035097,0,10428416,0,203,2,0,0,0,0
30,cn5018,coarse_local_size,setup,0.542880803,1,0,0,0,0,0,0,8347,0,0,0,0,0,221,30,0,0,0,0
30,cn5018,coarse_edge_mesh,setup,0.0143005300001,1,0,0,0,0,0,0,518,0,0,0,0,0,2,0,0,0,0,0
30,cn5018,coarse_surface_mesh,setup,8.62553883,1,0,0,0,0,0,0,17582,0,0,0,0,0,24,11,0,0,0,0
30,cn5018,coarse_volume_mesh,setup,13.441538466,1,0,0,0,0,0,0,28619,0,0,0,0,0,40495,1581238,0,0,0,0
30,cn5018,coarse_mesh_save,io,0,0,0,0,0,0,0,0,0,0,0,0,0,0,0,0,0,0,0,0
30,cn5018,submesh_initialization,setup,0.000185981999948,1,0,0,0,0,0,0,55,0,0,0,0,0,0,0,0,0,0,0
30,cn5018,metis_partition,compute,0.240918728,1,0,0,0,0,0,0,1997,0,0,0,0,0,0,1,0,0,0,0
30,cn5018,face_map_setup,compute,0.00775389199998,1,0,0,0,0,0,0,773,0,0,0,0,0,0,0,0,0,0,0
30,cn5018,face_local_extract,compute,0.160332129,1,0,0,0,0,0,0,845,0,0,0,0,0,0,0,0,0,0,0
30,cn5018,face_pre_collective_wait,synchronization,0.0277505499998,1,0,0,0,0,0,0,8,0,0,0,0,0,0,0,0,0,0,0
30,cn5018,face_collective_setup,compute,0.00335296000003,1,0,0,0,0,0,0,16,0,0,0,0,0,3,0,0,0,0,0
30,cn5018,face_allgatherv,communication,0.227266545,1,0,0,0,0,0,0,1210,0,0,0,0,0,1,0,1,1,37904,4859624
30,cn5018,face_global_merge,compute,0.0792918239999,1,0,0,0,0,0,0,478,0,0,0,0,0,0,0,0,0,0,0
30,cn5018,part_face_create,compute,0.0191286670001,1,0,0,0,0,0,0,22,0,0,0,0,0,0,0,0,0,0,0
30,cn5018,surface_refine,compute,0.0073590070001,1,0,0,0,0,0,0,38,0,0,0,0,0,0,0,0,0,0,0
30,cn5018,refined_surface_save,io,0,0,0,0,0,0,0,0,0,0,0,0,0,0,0,0,0,0,0,0
30,cn5018,local_volume_mesh,compute,7.120309289,1,0,0,0,0,0,0,2765,0,0,0,0,0,8048,362854,0,0,0,0
30,cn5018,volume_refine,compute,0.324619205,1,0,0,0,0,0,0,4355,0,0,0,0,0,0,1,0,0,0,0
30,cn5018,refined_volume_save,io,0,0,0,0,0,0,0,0,0,0,0,0,0,0,0,0,0,0,0,0
30,cn5018,adjacency_build,compute,0.00431657099989,1,0,0,0,0,0,0,7,0,0,0,0,0,0,0,0,0,0,0
30,cn5018,vertex_numbering_local,compute,0.00962459399989,1,0,0,0,0,0,0,2,0,0,0,0,0,0,0,0,0,0,0
30,cn5018,vertex_count_allgather,communication,4.457224724,1,0,0,0,0,0,0,32,0,0,0,0,0,0,4,1,1,4,512
30,cn5018,element_count_allgather,communication,0.000922930999877,1,0,0,0,0,0,0,0,0,0,0,0,0,0,0,1,1,4,512
30,cn5018,vertex_exchange_prepare,compute,2.70609998552e-05,1,0,0,0,0,0,0,0,0,0,0,0,0,0,0,0,0,0,0
30,cn5018,vertex_exchange,communication,0.0239866450002,1,0,0,0,0,0,0,758,0,0,0,0,0,2,0,5,5,63514,149204
30,cn5018,vertex_exchange_unpack,compute,0.00210862499989,1,0,0,0,0,0,0,0,0,0,0,0,0,0,0,0,0,0,0
30,cn5018,partition_result_io,io,0,0,0,0,0,0,0,0,0,0,0,0,0,0,0,0,0,0,0,0
30,cn5018,volume_exchange_pack,compute,0.132500078,2,0,0,0,0,0,0,1,0,0,0,0,0,0,0,0,0,0,0
30,cn5018,volume_size_exchange,communication,0.0280390330004,1,0,0,0,0,0,0,1,0,0,0,0,0,0,0,5,5,20,20
30,cn5018,volume_payload_prepare,compute,0.000164682000104,1,0,0,0,0,0,0,0,0,0,0,0,0,0,0,0,0,0,0
30,cn5018,volume_payload_exchange,communication,0.00233850700033,1,0,0,0,0,0,0,10,0,0,0,0,0,0,0,5,5,2299200,2284440
30,cn5018,volume_exchange_unpack,compute,0.102884625,1,0,0,0,0,0,0,2653,0,0,0,0,0,0,0,0,0,0,0
30,cn5018,final_mesh_save,io,0,0,0,0,0,0,0,0,0,0,0,0,0,0,0,0,0,0,0,0
30,cn5018,testout_io,io,0,0,0,0,0,0,0,0,0,0,0,0,0,0,0,0,0,0,0,0
30,cn5018,final_count_exchange,communication,0,0,0,0,0,0,0,0,0,0,0,0,0,0,0,0,0,0,0,0
30,cn5018,quality_evaluation,postprocess,0,0,0,0,0,0,0,0,0,0,0,0,0,0,0,0,0,0,0,0
31,cn5019,geometry_load,io,3.053339301,1,0,0,0,0,0,0,5898,0,1035097,0,10428416,0,203,6,0,0,0,0
31,cn5019,coarse_local_size,setup,0.66592576,1,0,0,0,0,0,0,8513,0,0,0,0,0,226,47,0,0,0,0
31,cn5019,coarse_edge_mesh,setup,0.0148302509997,1,0,0,0,0,0,0,506,0,0,0,0,0,2,0,0,0,0,0
31,cn5019,coarse_surface_mesh,setup,8.33484483,1,0,0,0,0,0,0,17143,0,0,0,0,0,24,11,0,0,0,0
31,cn5019,coarse_volume_mesh,setup,13.464068377,1,0,0,0,0,0,0,28558,0,0,0,0,0,39424,1707239,0,0,0,0
31,cn5019,coarse_mesh_save,io,0,0,0,0,0,0,0,0,0,0,0,0,0,0,0,0,0,0,0,0
31,cn5019,submesh_initialization,setup,0.000187782000012,1,0,0,0,0,0,0,57,0,0,0,0,0,0,0,0,0,0,0
31,cn5019,metis_partition,compute,0.242330723,1,0,0,0,0,0,0,2103,0,0,0,0,0,0,0,0,0,0,0
31,cn5019,face_map_setup,compute,0.0077581999999,1,0,0,0,0,0,0,587,0,0,0,0,0,0,0,0,0,0,0
31,cn5019,face_local_extract,compute,0.158789786,1,0,0,0,0,0,0,830,0,0,0,0,0,0,0,0,0,0,0
31,cn5019,face_pre_collective_wait,synchronization,0.027813578,1,0,0,0,0,0,0,11,0,0,0,0,0,0,0,0,0,0,0
31,cn5019,face_collective_setup,compute,0.00303513900008,1,0,0,0,0,0,0,16,0,0,0,0,0,3,0,0,0,0,0
31,cn5019,face_allgatherv,communication,0.227686733,1,0,0,0,0,0,0,1224,0,0,0,0,0,1,0,1,1,37904,4859624
31,cn5019,face_global_merge,compute,0.0793312419996,1,0,0,0,0,0,0,464,0,0,0,0,0,0,0,0,0,0,0
31,cn5019,part_face_create,compute,0.0190701849997,1,0,0,0,0,0,0,22,0,0,0,0,0,0,0,0,0,0,0
31,cn5019,surface_refine,compute,0.010310653,1,0,0,0,0,0,0,48,0,0,0,0,0,0,1,0,0,0,0
31,cn5019,refined_surface_save,io,0,0,0,0,0,0,0,0,0,0,0,0,0,0,0,0,0,0,0,0
31,cn5019,local_volume_mesh,compute,8.03059521,1,0,0,0,0,0,0,4238,0,0,0,0,0,11156,553118,0,0,0,0
31,cn5019,volume_refine,compute,0.436285541,1,0,0,0,0,0,0,8046,0,0,0,0,0,0,0,0,0,0,0
31,cn5019,refined_volume_save,io,0,0,0,0,0,0,0,0,0,0,0,0,0,0,0,0,0,0,0,0
31,cn5019,adjacency_build,compute,0.00441783699989,1,0,0,0,0,0,0,10,0,0,0,0,0,0,0,0,0,0,0
31,cn5019,vertex_numbering_local,compute,0.00976856500029,1,0,0,0,0,0,0,4,0,0,0,0,0,0,0,0,0,0,0
31,cn5019,vertex_count_allgather,communication,3.431948819,1,0,0,0,0,0,0,49,0,0,0,0,0,0,3,1,1,4,512
31,cn5019,element_count_allgather,communication,0.000461086000087,1,0,0,0,0,0,0,0,0,0,0,0,0,0,0,1,1,4,512
31,cn5019,vertex_exchange_prepare,compute,2.75409997812e-05,1,0,0,0,0,0,0,0,0,0,0,0,0,0,0,0,0,0,0
31,cn5019,vertex_exchange,communication,0.0148719109998,1,0,0,0,0,0,0,280,0,0,0,0,0,2,0,0,5,0,165286
31,cn5019,vertex_exchange_unpack,compute,0.00238605000004,1,0,0,0,0,0,0,0,0,0,0,0,0,0,0,0,0,0,0
31,cn5019,partition_result_io,io,0,0,0,0,0,0,0,0,0,0,0,0,0,0,0,0,0,0,0,0
31,cn5019,volume_exchange_pack,compute,0.142355854,2,0,0,0,0,0,0,3,0,0,0,0,0,0,1,0,0,0,0
31,cn5019,volume_size_exchange,communication,0.0267137239998,1,0,0,0,0,0,0,4,0,0,0,0,0,0,0,5,5,20,20
31,cn5019,volume_payload_prepare,compute,0.000129442000343,1,0,0,0,0,0,0,0,0,0,0,0,0,0,0,0,0,0,0
31,cn5019,volume_payload_exchange,communication,0.00260349399969,1,0,0,0,0,0,0,13,0,0,0,0,0,0,0,5,5,1764000,1767600
31,cn5019,volume_exchange_unpack,compute,0.0919038240004,1,0,0,0,0,0,0,2327,0,0,0,0,0,0,0,0,0,0,0
31,cn5019,final_mesh_save,io,0,0,0,0,0,0,0,0,0,0,0,0,0,0,0,0,0,0,0,0
31,cn5019,testout_io,io,0,0,0,0,0,0,0,0,0,0,0,0,0,0,0,0,0,0,0,0
31,cn5019,final_count_exchange,communication,0,0,0,0,0,0,0,0,0,0,0,0,0,0,0,0,0,0,0,0
31,cn5019,quality_evaluation,postprocess,0,0,0,0,0,0,0,0,0,0,0,0,0,0,0,0,0,0,0,0
32,cn5020,geometry_load,io,1.93838231,1,0,0,0,0,0,0,5897,0,1035097,0,10428416,0,203,2,0,0,0,0
32,cn5020,coarse_local_size,setup,0.522612851,1,0,0,0,0,0,0,8542,0,0,0,0,0,231,29,0,0,0,0
32,cn5020,coarse_edge_mesh,setup,0.0140680860004,1,0,0,0,0,0,0,508,0,0,0,0,0,2,0,0,0,0,0
32,cn5020,coarse_surface_mesh,setup,8.345167906,1,0,0,0,0,0,0,17177,0,0,0,0,0,24,9,0,0,0,0
32,cn5020,coarse_volume_mesh,setup,13.299870756,1,0,0,0,0,0,0,27013,0,0,0,0,0,36628,1552209,0,0,0,0
32,cn5020,coarse_mesh_save,io,0,0,0,0,0,0,0,0,0,0,0,0,0,0,0,0,0,0,0,0
32,cn5020,submesh_initialization,setup,0.000195142999928,1,0,0,0,0,0,0,61,0,0,0,0,0,0,0,0,0,0,0
32,cn5020,metis_partition,compute,0.242806487,1,0,0,0,0,0,0,2017,0,0,0,0,0,0,0,0,0,0,0
32,cn5020,face_map_setup,compute,0.00767307100023,1,0,0,0,0,0,0,576,0,0,0,0,0,0,0,0,0,0,0
32,cn5020,face_local_extract,compute,0.159890608,1,0,0,0,0,0,0,905,0,0,0,0,0,0,0,0,0,0,0
32,cn5020,face_pre_collective_wait,synchronization,0.0263450510001,1,0,0,0,0,0,0,6,0,0,0,0,0,0,0,0,0,0,0
32,cn5020,face_collective_setup,compute,0.00334759900034,1,0,0,0,0,0,0,16,0,0,0,0,0,3,0,0,0,0,0
32,cn5020,face_allgatherv,communication,0.227386045,1,0,0,0,0,0,0,639,0,0,0,0,0,1,0,1,1,37904,4859624
32,cn5020,face_global_merge,compute,0.0794531179999,1,0,0,0,0,0,0,522,0,0,0,0,0,0,0,0,0,0,0
32,cn5020,part_face_create,compute,0.0190733449999,1,0,0,0,0,0,0,17,0,0,0,0,0,0,0,0,0,0,0
32,cn5020,surface_refine,compute,0.00781369200013,1,0,0,0,0,0,0,48,0,0,0,0,0,0,0,0,0,0,0
32,cn5020,refined_surface_save,io,0,0,0,0,0,0,0,0,0,0,0,0,0,0,0,0,0,0,0,0
32,cn5020,local_volume_mesh,compute,7.844555455,1,0,0,0,0,0,0,4041,0,0,0,0,0,11993,631522,0,0,0,0
32,cn5020,volume_refine,compute,0.389292717,1,0,0,0,0,0,0,5042,0,0,0,0,0,0,1,0,0,0,0
32,cn5020,refined_volume_save,io,0,0,0,0,0,0,0,0,0,0,0,0,0,0,0,0,0,0,0,0
32,cn5020,adjacency_build,compute,0.00419844999988,1,0,0,0,0,0,0,4,0,0,0,0,0,0,0,0,0,0,0
32,cn5020,vertex_numbering_local,compute,0.00610217199983,1,0,0,0,0,0,0,7,0,0,0,0,0,0,0,0,0,0,0
32,cn5020,vertex_count_allgather,communication,3.671049071,1,0,0,0,0,0,0,41,0,0,0,0,0,0,3,1,1,4,512
32,cn5020,element_count_allgather,communication,0.000974190999841,1,0,0,0,0,0,0,5,0,0,0,0,0,0,0,1,1,4,512
32,cn5020,vertex_exchange_prepare,compute,6.34000025457e-06,1,0,0,0,0,0,0,0,0,0,0,0,0,0,0,0,0,0,0
32,cn5020,vertex_exchange,communication,0.00490417799983,1,0,0,0,0,0,0,21,0,0,0,0,0,2,0,1,0,66726,0
32,cn5020,vertex_exchange_unpack,compute,2.18000013774e-06,1,0,0,0,0,0,0,0,0,0,0,0,0,0,0,0,0,0,0
32,cn5020,partition_result_io,io,0,0,0,0,0,0,0,0,0,0,0,0,0,0,0,0,0,0,0,0
32,cn5020,volume_exchange_pack,compute,0.100021922,2,0,0,0,0,0,0,1,0,0,0,0,0,0,0,0,0,0,0
32,cn5020,volume_size_exchange,communication,0.0360577050001,1,0,0,0,0,0,0,2,0,0,0,0,0,0,0,1,1,4,4
32,cn5020,volume_payload_prepare,compute,5.42600000699e-05,1,0,0,0,0,0,0,0,0,0,0,0,0,0,0,0,0,0,0
32,cn5020,volume_payload_exchange,communication,0.0905695500001,1,0,0,0,0,0,0,5,0,0,0,0,0,0,1,1,1,720720,716040
32,cn5020,volume_exchange_unpack,compute,0.07453132,1,0,0,0,0,0,0,2783,0,0,0,0,0,0,0,0,0,0,0
32,cn5020,final_mesh_save,io,0,0,0,0,0,0,0,0,0,0,0,0,0,0,0,0,0,0,0,0
32,cn5020,testout_io,io,0,0,0,0,0,0,0,0,0,0,0,0,0,0,0,0,0,0,0,0
32,cn5020,final_count_exchange,communication,0,0,0,0,0,0,0,0,0,0,0,0,0,0,0,0,0,0,0,0
32,cn5020,quality_evaluation,postprocess,0,0,0,0,0,0,0,0,0,0,0,0,0,0,0,0,0,0,0,0
33,cn5021,geometry_load,io,1.957160721,1,0,0,0,0,0,0,5896,0,1035097,0,10428416,0,203,2,0,0,0,0
33,cn5021,coarse_local_size,setup,0.503162286,1,0,0,0,0,0,0,8371,0,0,0,0,0,206,26,0,0,0,0
33,cn5021,coarse_edge_mesh,setup,0.0145876640004,1,0,0,0,0,0,0,487,0,0,0,0,0,2,0,0,0,0,0
33,cn5021,coarse_surface_mesh,setup,8.505016275,1,0,0,0,0,0,0,17256,0,0,0,0,0,24,9,0,0,0,0
33,cn5021,coarse_volume_mesh,setup,13.248617464,1,0,0,0,0,0,0,28224,0,0,0,0,0,37997,1538200,0,0,0,0
33,cn5021,coarse_mesh_save,io,0,0,0,0,0,0,0,0,0,0,0,0,0,0,0,0,0,0,0,0
33,cn5021,submesh_initialization,setup,0.000171021999904,1,0,0,0,0,0,0,39,0,0,0,0,0,0,0,0,0,0,0
33,cn5021,metis_partition,compute,0.248953774,1,0,0,0,0,0,0,1694,0,0,0,0,0,0,1,0,0,0,0
33,cn5021,face_map_setup,compute,0.00785996800005,1,0,0,0,0,0,0,594,0,0,0,0,0,0,0,0,0,0,0
33,cn5021,face_local_extract,compute,0.156716898,1,0,0,0,0,0,0,896,0,0,0,0,0,0,0,0,0,0,0
33,cn5021,face_pre_collective_wait,synchronization,0.023289662,1,0,0,0,0,0,0,1,0,0,0,0,0,0,0,0,0,0,0
33,cn5021,face_collective_setup,compute,0.00282001200003,1,0,0,0,0,0,0,16,0,0,0,0,0,3,0,0,0,0,0
33,cn5021,face_allgatherv,communication,0.227826856,1,0,0,0,0,0,0,1147,0,0,0,0,0,1,0,1,1,37904,4859624
33,cn5021,face_global_merge,compute,0.079759875,1,0,0,0,0,0,0,530,0,0,0,0,0,0,0,0,0,0,0
33,cn5021,part_face_create,compute,0.018991253,1,0,0,0,0,0,0,3,0,0,0,0,0,0,0,0,0,0,0
33,cn5021,surface_refine,compute,0.00888712000005,1,0,0,0,0,0,0,46,0,0,0,0,0,0,0,0,0,0,0
33,cn5021,refined_surface_save,io,0,0,0,0,0,0,0,0,0,0,0,0,0,0,0,0,0,0,0,0
33,cn5021,local_volume_mesh,compute,7.392130528,1,0,0,0,0,0,0,5445,0,0,0,0,0,12253,692189,0,0,0,0
33,cn5021,volume_refine,compute,0.382237429,1,0,0,0,0,0,0,7111,0,0,0,0,0,0,0,0,0,0,0
33,cn5021,refined_volume_save,io,0,0,0,0,0,0,0,0,0,0,0,0,0,0,0,0,0,0,0,0
33,cn5021,adjacency_build,compute,0.00437316899979,1,0,0,0,0,0,0,9,0,0,0,0,0,0,0,0,0,0,0
33,cn5021,vertex_numbering_local,compute,0.00858343599975,1,0,0,0,0,0,0,187,0,0,0,0,0,0,0,0,0,0,0
33,cn5021,vertex_count_allgather,communication,4.126870248,1,0,0,0,0,0,0,72,0,0,0,0,0,0,4,1,1,4,512
33,cn5021,element_count_allgather,communication,0.000892170000043,1,0,0,0,0,0,0,59,0,0,0,0,0,0,0,1,1,4,512
33,cn5021,vertex_exchange_prepare,compute,6.15409999227e-05,1,0,0,0,0,0,0,22,0,0,0,0,0,0,0,0,0,0,0
33,cn5021,vertex_exchange,communication,0.012860584,1,0,0,0,0,0,0,95,0,0,0,0,0,2,0,3,1,51986,66726
33,cn5021,vertex_exchange_unpack,compute,0.00162723799986,1,0,0,0,0,0,0,697,0,0,0,0,0,0,0,0,0,0,0
33,cn5021,partition_result_io,io,0,0,0,0,0,0,0,0,0,0,0,0,0,0,0,0,0,0,0,0
33,cn5021,volume_exchange_pack,compute,0.125765851,2,0,0,0,0,0,0,2242,0,0,0,0,0,0,0,0,0,0,0
33,cn5021,volume_size_exchange,communication,0.089226002,1,0,0,0,0,0,0,1,0,0,0,0,0,0,0,4,4,16,16
33,cn5021,volume_payload_prepare,compute,0.000150460999976,1,0,0,0,0,0,0,34,0,0,0,0,0,0,0,0,0,0,0
33,cn5021,volume_payload_exchange,communication,0.062474461,1,0,0,0,0,0,0,171,0,0,0,0,0,0,0,4,4,1240200,1243440
33,cn5021,volume_exchange_unpack,compute,0.0789224849996,1,0,0,0,0,0,0,3391,0,0,0,0,0,0,1,0,0,0,0
33,cn5021,final_mesh_save,io,0,0,0,0,0,0,0,0,0,0,0,0,0,0,0,0,0,0,0,0
33,cn5021,testout_io,io,0,0,0,0,0,0,0,0,0,0,0,0,0,0,0,0,0,0,0,0
33,cn5021,final_count_exchange,communication,0,0,0,0,0,0,0,0,0,0,0,0,0,0,0,0,0,0,0,0
33,cn5021,quality_evaluation,postprocess,0,0,0,0,0,0,0,0,0,0,0,0,0,0,0,0,0,0,0,0
34,cn5022,geometry_load,io,1.907209207,1,0,0,0,0,0,0,5895,0,1035097,0,10428416,0,203,4,0,0,0,0
34,cn5022,coarse_local_size,setup,0.496282969,1,0,0,0,0,0,0,8573,0,0,0,0,0,217,31,0,0,0,0
34,cn5022,coarse_edge_mesh,setup,0.0144486009999,1,0,0,0,0,0,0,515,0,0,0,0,0,2,0,0,0,0,0
34,cn5022,coarse_surface_mesh,setup,8.315290474,1,0,0,0,0,0,0,17164,0,0,0,0,0,24,13,0,0,0,0
34,cn5022,coarse_volume_mesh,setup,13.394343856,1,0,0,0,0,0,0,27677,0,0,0,0,0,35570,1533327,0,0,0,0
34,cn5022,coarse_mesh_save,io,0,0,0,0,0,0,0,0,0,0,0,0,0,0,0,0,0,0,0,0
34,cn5022,submesh_initialization,setup,0.00019426200015,1,0,0,0,0,0,0,57,0,0,0,0,0,0,0,0,0,0,0
34,cn5022,metis_partition,compute,0.239260706,1,0,0,0,0,0,0,1968,0,0,0,0,0,0,0,0,0,0,0
34,cn5022,face_map_setup,compute,0.00764334499991,1,0,0,0,0,0,0,589,0,0,0,0,0,0,0,0,0,0,0
34,cn5022,face_local_extract,compute,0.160337066,1,0,0,0,0,0,0,926,0,0,0,0,0,0,0,0,0,0,0
34,cn5022,face_pre_collective_wait,synchronization,0.0294771680001,1,0,0,0,0,0,0,7,0,0,0,0,0,0,0,0,0,0,0
34,cn5022,face_collective_setup,compute,0.00331215699998,1,0,0,0,0,0,0,16,0,0,0,0,0,3,0,0,0,0,0
34,cn5022,face_allgatherv,communication,0.227358273,1,0,0,0,0,0,0,639,0,0,0,0,0,1,1,1,1,37904,4859624
34,cn5022,face_global_merge,compute,0.0790450609998,1,0,0,0,0,0,0,525,0,0,0,0,0,0,0,0,0,0,0
34,cn5022,part_face_create,compute,0.0191731139998,1,0,0,0,0,0,0,27,0,0,0,0,0,0,0,0,0,0,0
34,cn5022,surface_refine,compute,0.0100432720001,1,0,0,0,0,0,0,44,0,0,0,0,0,0,0,0,0,0,0
34,cn5022,refined_surface_save,io,0,0,0,0,0,0,0,0,0,0,0,0,0,0,0,0,0,0,0,0
34,cn5022,local_volume_mesh,compute,8.540616285,1,0,0,0,0,0,0,5001,0,0,0,0,0,14340,618582,0,0,0,0
34,cn5022,volume_refine,compute,0.45952822,1,0,0,0,0,0,0,6099,0,0,0,0,0,0,1,0,0,0,0
34,cn5022,refined_volume_save,io,0,0,0,0,0,0,0,0,0,0,0,0,0,0,0,0,0,0,0,0
34,cn5022,adjacency_build,compute,0.00452463100009,1,0,0,0,0,0,0,6,0,0,0,0,0,0,0,0,0,0,0
34,cn5022,vertex_numbering_local,compute,0.0111109229997,1,0,0,0,0,0,0,4,0,0,0,0,0,0,0,0,0,0,0
34,cn5022,vertex_count_allgather,communication,2.897779382,1,0,0,0,0,0,0,44,0,0,0,0,0,0,3,1,1,4,512
34,cn5022,element_count_allgather,communication,0.000919470000099,1,0,0,0,0,0,0,2,0,0,0,0,0,0,0,1,1,4,512
34,cn5022,vertex_exchange_prepare,compute,1.71199999386e-05,1,0,0,0,0,0,0,0,0,0,0,0,0,0,0,0,0,0,0
34,cn5022,vertex_exchange,communication,0.0154043719999,1,0,0,0,0,0,0,766,0,0,0,0,0,2,0,6,6,163460,32868
34,cn5022,vertex_exchange_unpack,compute,0.000524825999946,1,0,0,0,0,0,0,0,0,0,0,0,0,0,0,0,0,0,0
34,cn5022,partition_result_io,io,0,0,0,0,0,0,0,0,0,0,0,0,0,0,0,0,0,0,0,0
34,cn5022,volume_exchange_pack,compute,0.157749098,2,0,0,0,0,0,0,1,0,0,0,0,0,0,0,0,0,0,0
34,cn5022,volume_size_exchange,communication,0.0563454870003,1,0,0,0,0,0,0,3,0,0,0,0,0,0,0,7,7,28,28
34,cn5022,volume_payload_prepare,compute,0.00014886200006,1,0,0,0,0,0,0,0,0,0,0,0,0,0,0,0,0,0,0
34,cn5022,volume_payload_exchange,communication,0.0625579569996,1,0,0,0,0,0,0,28,0,0,0,0,0,0,0,7,7,2046600,2046960
34,cn5022,volume_exchange_unpack,compute,0.111101998,1,0,0,0,0,0,0,3562,0,0,0,0,0,0,0,0,0,0,0
34,cn5022,final_mesh_save,io,0,0,0,0,0,0,0,0,0,0,0,0,0,0,0,0,0,0,0,0
34,cn5022,testout_io,io,0,0,0,0,0,0,0,0,0,0,0,0,0,0,0,0,0,0,0,0
34,cn5022,final_count_exchange,communication,0,0,0,0,0,0,0,0,0,0,0,0,0,0,0,0,0,0,0,0
34,cn5022,quality_evaluation,postprocess,0,0,0,0,0,0,0,0,0,0,0,0,0,0,0,0,0,0,0,0
35,cn5023,geometry_load,io,1.972234618,1,0,0,0,0,0,0,5895,0,1035097,0,10428416,0,203,2,0,0,0,0
35,cn5023,coarse_local_size,setup,0.520174523,1,0,0,0,0,0,0,8598,0,0,0,0,0,226,30,0,0,0,0
35,cn5023,coarse_edge_mesh,setup,0.0144708600001,1,0,0,0,0,0,0,507,0,0,0,0,0,2,0,0,0,0,0
35,cn5023,coarse_surface_mesh,setup,8.367783036,1,0,0,0,0,0,0,17208,0,0,0,0,0,24,14,0,0,0,0
35,cn5023,coarse_volume_mesh,setup,13.420459475,1,0,0,0,0,0,0,27996,0,0,0,0,0,37207,1558036,0,0,0,0
35,cn5023,coarse_mesh_save,io,0,0,0,0,0,0,0,0,0,0,0,0,0,0,0,0,0,0,0,0
35,cn5023,submesh_initialization,setup,0.000167121999766,1,0,0,0,0,0,0,31,0,0,0,0,0,0,0,0,0,0,0
35,cn5023,metis_partition,compute,0.235006618,1,0,0,0,0,0,0,1117,0,0,0,0,0,0,1,0,0,0,0
35,cn5023,face_map_setup,compute,0.00742771200021,1,0,0,0,0,0,0,479,0,0,0,0,0,0,0,0,0,0,0
35,cn5023,face_local_extract,compute,0.158079413,1,0,0,0,0,0,0,822,0,0,0,0,0,0,0,0,0,0,0
35,cn5023,face_pre_collective_wait,synchronization,0.0362099710001,1,0,0,0,0,0,0,10,0,0,0,0,0,0,0,0,0,0,0
35,cn5023,face_collective_setup,compute,0.00336279300018,1,0,0,0,0,0,0,16,0,0,0,0,0,3,0,0,0,0,0
35,cn5023,face_allgatherv,communication,0.227229783,1,0,0,0,0,0,0,734,0,0,0,0,0,1,1,1,1,37904,4859624
35,cn5023,face_global_merge,compute,0.0783404190001,1,0,0,0,0,0,0,451,0,0,0,0,0,0,0,0,0,0,0
35,cn5023,part_face_create,compute,0.018741761,1,0,0,0,0,0,0,22,0,0,0,0,0,0,0,0,0,0,0
35,cn5023,surface_refine,compute,0.00981103499998,1,0,0,0,0,0,0,49,0,0,0,0,0,0,0,0,0,0,0
35,cn5023,refined_surface_save,io,0,0,0,0,0,0,0,0,0,0,0,0,0,0,0,0,0,0,0,0
35,cn5023,local_volume_mesh,compute,8.029520596,1,0,0,0,0,0,0,3949,0,0,0,0,0,9683,286226,0,0,0,0
35,cn5023,volume_refine,compute,0.704783472,1,0,0,0,0,0,0,5920,0,0,0,0,0,0,2,0,0,0,0
35,cn5023,refined_volume_save,io,0,0,0,0,0,0,0,0,0,0,0,0,0,0,0,0,0,0,0,0
35,cn5023,adjacency_build,compute,0.00412491999987,1,0,0,0,0,0,0,0,0,0,0,0,0,0,0,0,0,0,0
35,cn5023,vertex_numbering_local,compute,0.0112677289999,1,0,0,0,0,0,0,3,0,0,0,0,0,0,0,0,0,0,0
35,cn5023,vertex_count_allgather,communication,3.165388404,1,0,0,0,0,0,0,43,0,0,0,0,0,0,6,1,1,4,512
35,cn5023,element_count_allgather,communication,0.00087898899983,1,0,0,0,0,0,0,2,0,0,0,0,0,0,0,1,1,4,512
35,cn5023,vertex_exchange_prepare,compute,1.99810001504e-05,1,0,0,0,0,0,0,0,0,0,0,0,0,0,0,0,0,0,0
35,cn5023,vertex_exchange,communication,0.0218293310004,1,0,0,0,0,0,0,555,0,0,0,0,0,2,0,8,7,133804,67848
35,cn5023,vertex_exchange_unpack,compute,0.000946928999838,1,0,0,0,0,0,0,0,0,0,0,0,0,0,0,0,0,0,0
35,cn5023,partition_result_io,io,0,0,0,0,0,0,0,0,0,0,0,0,0,0,0,0,0,0,0,0
35,cn5023,volume_exchange_pack,compute,0.206908405999,2,0,0,0,0,0,0,693,0,0,0,0,0,0,1,0,0,0,0
35,cn5023,volume_size_exchange,communication,0.0607889100002,1,0,0,0,0,0,0,1,0,0,0,0,0,0,0,8,8,32,32
35,cn5023,volume_payload_prepare,compute,0.000494365000122,1,0,0,0,0,0,0,170,0,0,0,0,0,0,0,0,0,0,0
35,cn5023,volume_payload_exchange,communication,0.00335763200019,1,0,0,0,0,0,0,276,0,0,0,0,0,0,0,8,8,2118840,2115600
35,cn5023,volume_exchange_unpack,compute,0.142537902,1,0,0,0,0,0,0,5851,0,0,0,0,0,0,0,0,0,0,0
35,cn5023,final_mesh_save,io,0,0,0,0,0,0,0,0,0,0,0,0,0,0,0,0,0,0,0,0
35,cn5023,testout_io,io,0,0,0,0,0,0,0,0,0,0,0,0,0,0,0,0,0,0,0,0
35,cn5023,final_count_exchange,communication,0,0,0,0,0,0,0,0,0,0,0,0,0,0,0,0,0,0,0,0
35,cn5023,quality_evaluation,postprocess,0,0,0,0,0,0,0,0,0,0,0,0,0,0,0,0,0,0,0,0
36,cn5024,geometry_load,io,1.959218862,1,0,0,0,0,0,0,5897,0,1035097,0,10428416,0,203,2,0,0,0,0
36,cn5024,coarse_local_size,setup,0.531593577,1,0,0,0,0,0,0,8579,0,0,0,0,0,232,29,0,0,0,0
36,cn5024,coarse_edge_mesh,setup,0.0142184189999,1,0,0,0,0,0,0,525,0,0,0,0,0,2,0,0,0,0,0
36,cn5024,coarse_surface_mesh,setup,8.520645163,1,0,0,0,0,0,0,17271,0,0,0,0,0,24,13,0,0,0,0
36,cn5024,coarse_volume_mesh,setup,13.36329441,1,0,0,0,0,0,0,28538,0,0,0,0,0,35374,1553194,0,0,0,0
36,cn5024,coarse_mesh_save,io,0,0,0,0,0,0,0,0,0,0,0,0,0,0,0,0,0,0,0,0
36,cn5024,submesh_initialization,setup,0.000171582000348,1,0,0,0,0,0,0,35,0,0,0,0,0,0,0,0,0,0,0
36,cn5024,metis_partition,compute,0.242787579,1,0,0,0,0,0,0,1706,0,0,0,0,0,0,0,0,0,0,0
36,cn5024,face_map_setup,compute,0.00790641899994,1,0,0,0,0,0,0,576,0,0,0,0,0,0,0,0,0,0,0
36,cn5024,face_local_extract,compute,0.163797824,1,0,0,0,0,0,0,819,0,0,0,0,0,0,0,0,0,0,0
36,cn5024,face_pre_collective_wait,synchronization,0.0222711409997,1,0,0,0,0,0,0,1,0,0,0,0,0,0,0,0,0,0,0
36,cn5024,face_collective_setup,compute,0.00341806300003,1,0,0,0,0,0,0,16,0,0,0,0,0,3,0,0,0,0,0
36,cn5024,face_allgatherv,communication,0.227144962,1,0,0,0,0,0,0,671,0,0,0,0,0,1,0,1,1,37904,4859624
36,cn5024,face_global_merge,compute,0.0803962129999,1,0,0,0,0,0,0,584,0,0,0,0,0,0,0,0,0,0,0
36,cn5024,part_face_create,compute,0.0194221050001,1,0,0,0,0,0,0,4,0,0,0,0,0,0,0,0,0,0,0
36,cn5024,surface_refine,compute,0.010395971,1,0,0,0,0,0,0,53,0,0,0,0,0,0,0,0,0,0,0
36,cn5024,refined_surface_save,io,0,0,0,0,0,0,0,0,0,0,0,0,0,0,0,0,0,0,0,0
36,cn5024,local_volume_mesh,compute,9.130665321,1,0,0,0,0,0,0,6136,0,0,0,0,0,12945,685539,0,0,0,0
36,cn5024,volume_refine,compute,0.497089297,1,0,0,0,0,0,0,6200,0,0,0,0,0,0,1,0,0,0,0
36,cn5024,refined_volume_save,io,0,0,0,0,0,0,0,0,0,0,0,0,0,0,0,0,0,0,0,0
36,cn5024,adjacency_build,compute,0.00440919600032,1,0,0,0,0,0,0,4,0,0,0,0,0,0,0,0,0,0,0
36,cn5024,vertex_numbering_local,compute,0.0108992780001,1,0,0,0,0,0,0,256,0,0,0,0,0,0,0,0,0,0,0
36,cn5024,vertex_count_allgather,communication,2.268781298,1,0,0,0,0,0,0,97,0,0,0,0,0,0,2,1,1,4,512
36,cn5024,element_count_allgather,communication,0.000815431000319,1,0,0,0,0,0,0,55,0,0,0,0,0,0,0,1,1,4,512
36,cn5024,vertex_exchange_prepare,compute,6.67809999868e-05,1,0,0,0,0,0,0,26,0,0,0,0,0,0,0,0,0,0,0
36,cn5024,vertex_exchange,communication,0.0148791689999,1,0,0,0,0,0,0,160,0,0,0,0,0,2,0,6,6,104566,43670
36,cn5024,vertex_exchange_unpack,compute,0.00120813500007,1,0,0,0,0,0,0,515,0,0,0,0,0,0,0,0,0,0,0
36,cn5024,partition_result_io,io,0,0,0,0,0,0,0,0,0,0,0,0,0,0,0,0,0,0,0,0
36,cn5024,volume_exchange_pack,compute,0.155130645,2,0,0,0,0,0,0,1940,0,0,0,0,0,0,0,0,0,0,0
36,cn5024,volume_size_exchange,communication,0.0274695479998,1,0,0,0,0,0,0,11,0,0,0,0,0,0,0,7,7,28,28
36,cn5024,volume_payload_prepare,compute,0.00031654400027,1,0,0,0,0,0,0,102,0,0,0,0,0,0,0,0,0,0,0
36,cn5024,volume_payload_exchange,communication,0.0322323680002,1,0,0,0,0,0,0,184,0,0,0,0,0,0,1,7,7,1548840,1546560
36,cn5024,volume_exchange_unpack,compute,0.112489725,1,0,0,0,0,0,0,4938,0,0,0,0,0,0,0,0,0,0,0
36,cn5024,final_mesh_save,io,0,0,0,0,0,0,0,0,0,0,0,0,0,0,0,0,0,0,0,0
36,cn5024,testout_io,io,0,0,0,0,0,0,0,0,0,0,0,0,0,0,0,0,0,0,0,0
36,cn5024,final_count_exchange,communication,0,0,0,0,0,0,0,0,0,0,0,0,0,0,0,0,0,0,0,0
36,cn5024,quality_evaluation,postprocess,0,0,0,0,0,0,0,0,0,0,0,0,0,0,0,0,0,0,0,0
37,cn5025,geometry_load,io,4.163543784,1,0,0,0,0,0,0,5894,0,1035097,0,10428416,0,203,19,0,0,0,0
37,cn5025,coarse_local_size,setup,3.820474081,1,0,0,0,0,0,0,8551,0,0,0,0,0,217,34,0,0,0,0
37,cn5025,coarse_edge_mesh,setup,0.0152906939998,1,0,0,0,0,0,0,488,0,0,0,0,0,2,1,0,0,0,0
37,cn5025,coarse_surface_mesh,setup,8.5904017,1,0,0,0,0,0,0,17163,0,0,0,0,0,25,73,0,0,0,0
37,cn5025,coarse_volume_mesh,setup,13.713166091,1,0,0,0,0,0,0,22701,0,0,0,0,0,41971,1894969,0,0,0,0
37,cn5025,coarse_mesh_save,io,0,0,0,0,0,0,0,0,0,0,0,0,0,0,0,0,0,0,0,0
37,cn5025,submesh_initialization,setup,0.00012764200028,1,0,0,0,0,0,0,1,0,0,0,0,0,0,0,0,0,0,0
37,cn5025,metis_partition,compute,0.2305298,1,0,0,0,0,0,0,59,0,0,0,0,0,0,3,0,0,0,0
37,cn5025,face_map_setup,compute,0.00673315699987,1,0,0,0,0,0,0,3,0,0,0,0,0,0,0,0,0,0,0
37,cn5025,face_local_extract,compute,0.156811842,1,0,0,0,0,0,0,24,0,0,0,0,0,0,1,0,0,0,0
37,cn5025,face_pre_collective_wait,synchronization,0.0429649079997,1,0,0,0,0,0,0,1,0,0,0,0,0,0,0,0,0,0,0
37,cn5025,face_collective_setup,compute,0.00329569699988,1,0,0,0,0,0,0,16,0,0,0,0,0,3,0,0,0,0,0
37,cn5025,face_allgatherv,communication,0.227222383,1,0,0,0,0,0,0,553,0,0,0,0,0,1,2,1,1,37904,4859624
37,cn5025,face_global_merge,compute,0.0759588430001,1,0,0,0,0,0,0,162,0,0,0,0,0,0,1,0,0,0,0
37,cn5025,part_face_create,compute,0.0178296229997,1,0,0,0,0,0,0,3,0,0,0,0,0,0,0,0,0,0,0
37,cn5025,surface_refine,compute,0.0085381570002,1,0,0,0,0,0,0,42,0,0,0,0,0,0,0,0,0,0,0
37,cn5025,refined_surface_save,io,0,0,0,0,0,0,0,0,0,0,0,0,0,0,0,0,0,0,0,0
37,cn5025,local_volume_mesh,compute,7.573181151,1,0,0,0,0,0,0,1892,0,0,0,0,0,14328,584556,0,0,0,0
37,cn5025,volume_refine,compute,0.348520761,1,0,0,0,0,0,0,3994,0,0,0,0,0,0,3,0,0,0,0
37,cn5025,refined_volume_save,io,0,0,0,0,0,0,0,0,0,0,0,0,0,0,0,0,0,0,0,0
37,cn5025,adjacency_build,compute,0.00423704800005,1,0,0,0,0,0,0,6,0,0,0,0,0,0,0,0,0,0,0
37,cn5025,vertex_numbering_local,compute,0.0130468890002,1,0,0,0,0,0,0,409,0,0,0,0,0,0,0,0,0,0,0
37,cn5025,vertex_count_allgather,communication,3.980974885,1,0,0,0,0,0,0,94,0,0,0,0,0,0,40,1,1,4,512
37,cn5025,element_count_allgather,communication,0.000862030000008,1,0,0,0,0,0,0,53,0,0,0,0,0,0,0,1,1,4,512
37,cn5025,vertex_exchange_prepare,compute,8.29209998301e-05,1,0,0,0,0,0,0,27,0,0,0,0,0,0,0,0,0,0,0
37,cn5025,vertex_exchange,communication,0.0216796260002,1,0,0,0,0,0,0,937,0,0,0,0,0,2,0,11,9,187396,79992
37,cn5025,vertex_exchange_unpack,compute,0.00111175200027,1,0,0,0,0,0,0,9,0,0,0,0,0,0,0,0,0,0,0
37,cn5025,partition_result_io,io,0,0,0,0,0,0,0,0,0,0,0,0,0,0,0,0,0,0,0,0
37,cn5025,volume_exchange_pack,compute,0.156948724,2,0,0,0,0,0,0,1952,0,0,0,0,0,0,1,0,0,0,0
37,cn5025,volume_size_exchange,communication,0.0497899460001,1,0,0,0,0,0,0,5,0,0,0,0,0,0,0,9,9,36,36
37,cn5025,volume_payload_prepare,compute,0.000521246000062,1,0,0,0,0,0,0,170,0,0,0,0,0,0,0,0,0,0,0
37,cn5025,volume_payload_exchange,communication,0.0628264540001,1,0,0,0,0,0,0,387,0,0,0,0,0,0,1,9,9,2853360,2849640
37,cn5025,volume_exchange_unpack,compute,0.110263834,1,0,0,0,0,0,0,3304,0,0,0,0,0,0,1,0,0,0,0
37,cn5025,final_mesh_save,io,0,0,0,0,0,0,0,0,0,0,0,0,0,0,0,0,0,0,0,0
37,cn5025,testout_io,io,0,0,0,0,0,0,0,0,0,0,0,0,0,0,0,0,0,0,0,0
37,cn5025,final_count_exchange,communication,0,0,0,0,0,0,0,0,0,0,0,0,0,0,0,0,0,0,0,0
37,cn5025,quality_evaluation,postprocess,0,0,0,0,0,0,0,0,0,0,0,0,0,0,0,0,0,0,0,0
38,cn5026,geometry_load,io,1.946059092,1,0,0,0,0,0,0,5895,0,1035097,0,10428416,0,203,2,0,0,0,0
38,cn5026,coarse_local_size,setup,0.502515282,1,0,0,0,0,0,0,8521,0,0,0,0,0,224,27,0,0,0,0
38,cn5026,coarse_edge_mesh,setup,0.0144982020001,1,0,0,0,0,0,0,488,0,0,0,0,0,2,0,0,0,0,0
38,cn5026,coarse_surface_mesh,setup,8.425364963,1,0,0,0,0,0,0,17326,0,0,0,0,0,24,9,0,0,0,0
38,cn5026,coarse_volume_mesh,setup,13.308608683,1,0,0,0,0,0,0,29868,0,0,0,0,0,35727,1410818,0,0,0,0
38,cn5026,coarse_mesh_save,io,0,0,0,0,0,0,0,0,0,0,0,0,0,0,0,0,0,0,0,0
38,cn5026,submesh_initialization,setup,0.000178682000296,1,0,0,0,0,0,0,31,0,0,0,0,0,0,0,0,0,0,0
38,cn5026,metis_partition,compute,0.241656379,1,0,0,0,0,0,0,1752,0,0,0,0,0,0,1,0,0,0,0
38,cn5026,face_map_setup,compute,0.00778532699997,1,0,0,0,0,0,0,603,0,0,0,0,0,0,0,0,0,0,0
38,cn5026,face_local_extract,compute,0.160890217,1,0,0,0,0,0,0,823,0,0,0,0,0,0,0,0,0,0,0
38,cn5026,face_pre_collective_wait,synchronization,0.0265929769998,1,0,0,0,0,0,0,1,0,0,0,0,0,0,0,0,0,0,0
38,cn5026,face_collective_setup,compute,0.00332445699996,1,0,0,0,0,0,0,16,0,0,0,0,0,3,0,0,0,0,0
38,cn5026,face_allgatherv,communication,0.227211058,1,0,0,0,0,0,0,725,0,0,0,0,0,1,0,1,1,37904,4859624
38,cn5026,face_global_merge,compute,0.0786335379998,1,0,0,0,0,0,0,479,0,0,0,0,0,0,0,0,0,0,0
38,cn5026,part_face_create,compute,0.0189836519999,1,0,0,0,0,0,0,3,0,0,0,0,0,0,0,0,0,0,0
38,cn5026,surface_refine,compute,0.0103942360001,1,0,0,0,0,0,0,1876,0,0,0,0,0,0,0,0,0,0,0
38,cn5026,refined_surface_save,io,0,0,0,0,0,0,0,0,0,0,0,0,0,0,0,0,0,0,0,0
38,cn5026,local_volume_mesh,compute,7.980413884,1,0,0,0,0,0,0,1442,0,0,0,0,0,9486,497344,0,0,0,0
38,cn5026,volume_refine,compute,0.362772832,1,0,0,0,0,0,0,4215,0,0,0,0,0,0,0,0,0,0,0
38,cn5026,refined_volume_save,io,0,0,0,0,0,0,0,0,0,0,0,0,0,0,0,0,0,0,0,0
38,cn5026,adjacency_build,compute,0.00414432700018,1,0,0,0,0,0,0,4,0,0,0,0,0,0,0,0,0,0,0
38,cn5026,vertex_numbering_local,compute,0.00569754400021,1,0,0,0,0,0,0,2,0,0,0,0,0,0,0,0,0,0,0
38,cn5026,vertex_count_allgather,communication,3.560847647,1,0,0,0,0,0,0,102,0,0,0,0,0,0,4,1,1,4,512
38,cn5026,element_count_allgather,communication,0.000902930000393,1,0,0,0,0,0,0,43,0,0,0,0,0,0,0,1,1,4,512
38,cn5026,vertex_exchange_prepare,compute,1.98209995688e-05,1,0,0,0,0,0,0,10,0,0,0,0,0,0,0,0,0,0,0
38,cn5026,vertex_exchange,communication,0.00419408700009,1,0,0,0,0,0,0,66,0,0,0,0,0,2,0,1,0,75350,0
38,cn5026,vertex_exchange_unpack,compute,2.66000006377e-06,1,0,0,0,0,0,0,0,0,0,0,0,0,0,0,0,0,0,0
38,cn5026,partition_result_io,io,0,0,0,0,0,0,0,0,0,0,0,0,0,0,0,0,0,0,0,0
38,cn5026,volume_exchange_pack,compute,0.102422663001,2,0,0,0,0,0,0,1790,0,0,0,0,0,0,0,0,0,0,0
38,cn5026,volume_size_exchange,communication,0.0399071049997,1,0,0,0,0,0,0,2,0,0,0,0,0,0,0,1,1,4,4
38,cn5026,volume_payload_prepare,compute,0.000104481000108,1,0,0,0,0,0,0,38,0,0,0,0,0,0,0,0,0,0,0
38,cn5026,volume_payload_exchange,communication,0.0353218139999,1,0,0,0,0,0,0,8,0,0,0,0,0,0,0,1,1,814560,804480
38,cn5026,volume_exchange_unpack,compute,0.0702986450001,1,0,0,0,0,0,0,2100,0,0,0,0,0,0,0,0,0,0,0
38,cn5026,final_mesh_save,io,0,0,0,0,0,0,0,0,0,0,0,0,0,0,0,0,0,0,0,0
38,cn5026,testout_io,io,0,0,0,0,0,0,0,0,0,0,0,0,0,0,0,0,0,0,0,0
38,cn5026,final_count_exchange,communication,0,0,0,0,0,0,0,0,0,0,0,0,0,0,0,0,0,0,0,0
38,cn5026,quality_evaluation,postprocess,0,0,0,0,0,0,0,0,0,0,0,0,0,0,0,0,0,0,0,0
39,cn5027,geometry_load,io,2.0446554,1,0,0,0,0,0,0,5896,0,1035097,0,10428416,0,203,2,0,0,0,0
39,cn5027,coarse_local_size,setup,0.535410232,1,0,0,0,0,0,0,8522,0,0,0,0,0,192,31,0,0,0,0
39,cn5027,coarse_edge_mesh,setup,0.0142226200001,1,0,0,0,0,0,0,510,0,0,0,0,0,2,0,0,0,0,0
39,cn5027,coarse_surface_mesh,setup,8.572726208,1,0,0,0,0,0,0,17159,0,0,0,0,0,24,9,0,0,0,0
39,cn5027,coarse_volume_mesh,setup,13.4061382,1,0,0,0,0,0,0,25550,0,0,0,0,0,36647,1658746,0,0,0,0
39,cn5027,coarse_mesh_save,io,0,0,0,0,0,0,0,0,0,0,0,0,0,0,0,0,0,0,0,0
39,cn5027,submesh_initialization,setup,0.000195322999843,1,0,0,0,0,0,0,61,0,0,0,0,0,0,0,0,0,0,0
39,cn5027,metis_partition,compute,0.251821165,1,0,0,0,0,0,0,1689,0,0,0,0,0,0,0,0,0,0,0
39,cn5027,face_map_setup,compute,0.00770121699998,1,0,0,0,0,0,0,536,0,0,0,0,0,0,0,0,0,0,0
39,cn5027,face_local_extract,compute,0.156629381,1,0,0,0,0,0,0,849,0,0,0,0,0,0,0,0,0,0,0
39,cn5027,face_pre_collective_wait,synchronization,0.0206571409999,1,0,0,0,0,0,0,9,0,0,0,0,0,0,0,0,0,0,0
39,cn5027,face_collective_setup,compute,0.00298141699977,1,0,0,0,0,0,0,16,0,0,0,0,0,3,0,0,0,0,0
39,cn5027,face_allgatherv,communication,0.227474417,1,0,0,0,0,0,0,1150,0,0,0,0,0,1,0,1,1,37904,4859624
39,cn5027,face_global_merge,compute,0.0792812029999,1,0,0,0,0,0,0,481,0,0,0,0,0,0,0,0,0,0,0
39,cn5027,part_face_create,compute,0.0190123010002,1,0,0,0,0,0,0,25,0,0,0,0,0,0,0,0,0,0,0
39,cn5027,surface_refine,compute,0.00905985500003,1,0,0,0,0,0,0,46,0,0,0,0,0,0,0,0,0,0,0
39,cn5027,refined_surface_save,io,0,0,0,0,0,0,0,0,0,0,0,0,0,0,0,0,0,0,0,0
39,cn5027,local_volume_mesh,compute,9.277296016,1,0,0,0,0,0,0,4436,0,0,0,0,0,17136,949230,0,0,0,0
39,cn5027,volume_refine,compute,0.442179332,1,0,0,0,0,0,0,6909,0,0,0,0,0,0,1,0,0,0,0
39,cn5027,refined_volume_save,io,0,0,0,0,0,0,0,0,0,0,0,0,0,0,0,0,0,0,0,0
39,cn5027,adjacency_build,compute,0.0043554949998,1,0,0,0,0,0,0,9,0,0,0,0,0,0,0,0,0,0,0
39,cn5027,vertex_numbering_local,compute,0.00910993600019,1,0,0,0,0,0,0,78,0,0,0,0,0,0,0,0,0,0,0
39,cn5027,vertex_count_allgather,communication,2.181818033,1,0,0,0,0,0,0,42,0,0,0,0,0,0,2,1,1,4,512
39,cn5027,element_count_allgather,communication,0.000453286000266,1,0,0,0,0,0,0,38,0,0,0,0,0,0,0,1,1,4,512
39,cn5027,vertex_exchange_prepare,compute,0.000104921999991,1,0,0,0,0,0,0,31,0,0,0,0,0,0,0,0,0,0,0
39,cn5027,vertex_exchange,communication,0.013764754,1,0,0,0,0,0,0,28,0,0,0,0,0,2,0,2,3,15664,116908
39,cn5027,vertex_exchange_unpack,compute,0.00166910099961,1,0,0,0,0,0,0,0,0,0,0,0,0,0,0,0,0,0,0
39,cn5027,partition_result_io,io,0,0,0,0,0,0,0,0,0,0,0,0,0,0,0,0,0,0,0,0
39,cn5027,volume_exchange_pack,compute,0.130839915,2,0,0,0,0,0,0,426,0,0,0,0,0,0,0,0,0,0,0
39,cn5027,volume_size_exchange,communication,0.0339437889997,1,0,0,0,0,0,0,1,0,0,0,0,0,0,0,4,4,16,16
39,cn5027,volume_payload_prepare,compute,0.000280403000033,1,0,0,0,0,0,0,102,0,0,0,0,0,0,0,0,0,0,0
39,cn5027,volume_payload_exchange,communication,0.0511816080002,1,0,0,0,0,0,0,254,0,0,0,0,0,0,0,4,4,1390680,1406400
39,cn5027,volume_exchange_unpack,compute,0.0961355159998,1,0,0,0,0,0,0,4233,0,0,0,0,0,0,0,0,0,0,0
39,cn5027,final_mesh_save,io,0,0,0,0,0,0,0,0,0,0,0,0,0,0,0,0,0,0,0,0
39,cn5027,testout_io,io,0,0,0,0,0,0,0,0,0,0,0,0,0,0,0,0,0,0,0,0
39,cn5027,final_count_exchange,communication,0,0,0,0,0,0,0,0,0,0,0,0,0,0,0,0,0,0,0,0
39,cn5027,quality_evaluation,postprocess,0,0,0,0,0,0,0,0,0,0,0,0,0,0,0,0,0,0,0,0
40,cn5028,geometry_load,io,2.004599751,1,0,0,0,0,0,0,5896,0,1035097,0,10428416,0,203,17,0,0,0,0
40,cn5028,coarse_local_size,setup,0.568602776,1,0,0,0,0,0,0,8592,0,0,0,0,0,237,31,0,0,0,0
40,cn5028,coarse_edge_mesh,setup,0.0144604759998,1,0,0,0,0,0,0,507,0,0,0,0,0,2,0,0,0,0,0
40,cn5028,coarse_surface_mesh,setup,8.567710362,1,0,0,0,0,0,0,15429,0,0,0,0,0,24,73,0,0,0,0
40,cn5028,coarse_volume_mesh,setup,13.539092868,1,0,0,0,0,0,0,31074,0,0,0,0,0,36151,1681467,0,0,0,0
40,cn5028,coarse_mesh_save,io,0,0,0,0,0,0,0,0,0,0,0,0,0,0,0,0,0,0,0,0
40,cn5028,submesh_initialization,setup,0.000143381999806,1,0,0,0,0,0,0,7,0,0,0,0,0,0,0,0,0,0,0
40,cn5028,metis_partition,compute,0.247794154,1,0,0,0,0,0,0,1300,0,0,0,0,0,0,3,0,0,0,0
40,cn5028,face_map_setup,compute,0.00751420200004,1,0,0,0,0,0,0,226,0,0,0,0,0,0,0,0,0,0,0
40,cn5028,face_local_extract,compute,0.157790096,1,0,0,0,0,0,0,655,0,0,0,0,0,0,2,0,0,0,0
40,cn5028,face_pre_collective_wait,synchronization,0.0238406829999,1,0,0,0,0,0,0,1,0,0,0,0,0,0,0,0,0,0,0
40,cn5028,face_collective_setup,compute,0.00336240499973,1,0,0,0,0,0,0,16,0,0,0,0,0,3,0,0,0,0,0
40,cn5028,face_allgatherv,communication,0.227087153,1,0,0,0,0,0,0,1227,0,0,0,0,0,1,2,1,1,37904,4859624
40,cn5028,face_global_merge,compute,0.0799426419999,1,0,0,0,0,0,0,350,0,0,0,0,0,0,0,0,0,0,0
40,cn5028,part_face_create,compute,0.0193975430002,1,0,0,0,0,0,0,3,0,0,0,0,0,0,0,0,0,0,0
40,cn5028,surface_refine,compute,0.010563883,1,0,0,0,0,0,0,53,0,0,0,0,0,0,0,0,0,0,0
40,cn5028,refined_surface_save,io,0,0,0,0,0,0,0,0,0,0,0,0,0,0,0,0,0,0,0,0
40,cn5028,local_volume_mesh,compute,9.146405834,1,0,0,0,0,0,0,6453,0,0,0,0,0,11954,691242,0,0,0,0
40,cn5028,volume_refine,compute,0.537905561,1,0,0,0,0,0,0,5571,0,0,0,0,0,0,5,0,0,0,0
40,cn5028,refined_volume_save,io,0,0,0,0,0,0,0,0,0,0,0,0,0,0,0,0,0,0,0,0
40,cn5028,adjacency_build,compute,0.0044650599998,1,0,0,0,0,0,0,13,0,0,0,0,0,0,0,0,0,0,0
40,cn5028,vertex_numbering_local,compute,0.0100290949999,1,0,0,0,0,0,0,6,0,0,0,0,0,0,0,0,0,0,0
40,cn5028,vertex_count_allgather,communication,2.213314976,1,0,0,0,0,0,0,44,0,0,0,0,0,0,19,1,1,4,512
40,cn5028,element_count_allgather,communication,0.000885032000042,1,0,0,0,0,0,0,2,0,0,0,0,0,0,0,1,1,4,512
40,cn5028,vertex_exchange_prepare,compute,1.66810000337e-05,1,0,0,0,0,0,0,0,0,0,0,0,0,0,0,0,0,0,0
40,cn5028,vertex_exchange,communication,0.0144706560004,1,0,0,0,0,0,0,28,0,0,0,0,0,2,0,5,4,100650,11396
40,cn5028,vertex_exchange_unpack,compute,0.000211603000025,1,0,0,0,0,0,0,0,0,0,0,0,0,0,0,0,0,0,0
40,cn5028,partition_result_io,io,0,0,0,0,0,0,0,0,0,0,0,0,0,0,0,0,0,0,0,0
40,cn5028,volume_exchange_pack,compute,0.15142221,2,0,0,0,0,0,0,526,0,0,0,0,0,0,1,0,0,0,0
40,cn5028,volume_size_exchange,communication,0.0316747880001,1,0,0,0,0,0,0,2,0,0,0,0,0,1,0,5,5,20,20
40,cn5028,volume_payload_prepare,compute,0.010542302,1,0,0,0,0,0,0,34,0,0,0,0,0,0,0,0,0,0,0
40,cn5028,volume_payload_exchange,communication,0.00130297799979,1,0,0,0,0,0,0,67,0,0,0,0,0,0,0,5,5,1179720,1171800
40,cn5028,volume_exchange_unpack,compute,0.113480915,1,0,0,0,0,0,0,5270,0,0,0,0,0,0,1,0,0,0,0
40,cn5028,final_mesh_save,io,0,0,0,0,0,0,0,0,0,0,0,0,0,0,0,0,0,0,0,0
40,cn5028,testout_io,io,0,0,0,0,0,0,0,0,0,0,0,0,0,0,0,0,0,0,0,0
40,cn5028,final_count_exchange,communication,0,0,0,0,0,0,0,0,0,0,0,0,0,0,0,0,0,0,0,0
40,cn5028,quality_evaluation,postprocess,0,0,0,0,0,0,0,0,0,0,0,0,0,0,0,0,0,0,0,0
41,cn5029,geometry_load,io,1.983958962,1,0,0,0,0,0,0,5896,0,1035097,0,10428416,0,203,2,0,0,0,0
41,cn5029,coarse_local_size,setup,0.543406937,1,0,0,0,0,0,0,8504,0,0,0,0,0,240,32,0,0,0,0
41,cn5029,coarse_edge_mesh,setup,0.014786277,1,0,0,0,0,0,0,522,0,0,0,0,0,2,0,0,0,0,0
41,cn5029,coarse_surface_mesh,setup,8.52407208,1,0,0,0,0,0,0,17170,0,0,0,0,0,24,13,0,0,0,0
41,cn5029,coarse_volume_mesh,setup,13.31551425,1,0,0,0,0,0,0,28909,0,0,0,0,0,35768,1501101,0,0,0,0
41,cn5029,coarse_mesh_save,io,0,0,0,0,0,0,0,0,0,0,0,0,0,0,0,0,0,0,0,0
41,cn5029,submesh_initialization,setup,0.000149880999743,1,0,0,0,0,0,0,7,0,0,0,0,0,0,0,0,0,0,0
41,cn5029,metis_partition,compute,0.262534499,1,0,0,0,0,0,0,1571,0,0,0,0,0,0,1,0,0,0,0
41,cn5029,face_map_setup,compute,0.00781125399999,1,0,0,0,0,0,0,584,0,0,0,0,0,0,0,0,0,0,0
41,cn5029,face_local_extract,compute,0.159258924,1,0,0,0,0,0,0,867,0,0,0,0,0,0,0,0,0,0,0
41,cn5029,face_pre_collective_wait,synchronization,0.00732896799991,1,0,0,0,0,0,0,1,0,0,0,0,0,0,0,0,0,0,0
41,cn5029,face_collective_setup,compute,0.00334135999992,1,0,0,0,0,0,0,15,0,0,0,0,0,3,0,0,0,0,0
41,cn5029,face_allgatherv,communication,0.227077195,1,0,0,0,0,0,0,854,0,0,0,0,0,1,0,1,1,37904,4859624
41,cn5029,face_global_merge,compute,0.0786732410002,1,0,0,0,0,0,0,397,0,0,0,0,0,0,0,0,0,0,0
41,cn5029,part_face_create,compute,0.019103568,1,0,0,0,0,0,0,3,0,0,0,0,0,0,0,0,0,0,0
41,cn5029,surface_refine,compute,0.00955443500015,1,0,0,0,0,0,0,4,0,0,0,0,0,0,0,0,0,0,0
41,cn5029,refined_surface_save,io,0,0,0,0,0,0,0,0,0,0,0,0,0,0,0,0,0,0,0,0
41,cn5029,local_volume_mesh,compute,8.165783736,1,0,0,0,0,0,0,5444,0,0,0,0,0,13665,587572,0,0,0,0
41,cn5029,volume_refine,compute,0.450145623,1,0,0,0,0,0,0,5605,0,0,0,0,0,0,1,0,0,0,0
41,cn5029,refined_volume_save,io,0,0,0,0,0,0,0,0,0,0,0,0,0,0,0,0,0,0,0,0
41,cn5029,adjacency_build,compute,0.00446633399997,1,0,0,0,0,0,0,8,0,0,0,0,0,0,0,0,0,0,0
41,cn5029,vertex_numbering_local,compute,0.0126357710001,1,0,0,0,0,0,0,140,0,0,0,0,0,0,0,0,0,0,0
41,cn5029,vertex_count_allgather,communication,3.281696579,1,0,0,0,0,0,0,77,0,0,0,0,0,0,3,1,1,4,512
41,cn5029,element_count_allgather,communication,0.000765349000176,1,0,0,0,0,0,0,61,0,0,0,0,0,0,0,1,1,4,512
41,cn5029,vertex_exchange_prepare,compute,0.000116580999929,1,0,0,0,0,0,0,42,0,0,0,0,0,0,0,0,0,0,0
41,cn5029,vertex_exchange,communication,0.0162760939997,1,0,0,0,0,0,0,944,0,0,0,0,0,2,0,8,4,129866,107954
41,cn5029,vertex_exchange_unpack,compute,0.00254444999973,1,0,0,0,0,0,0,955,0,0,0,0,0,0,0,0,0,0,0
41,cn5029,partition_result_io,io,0,0,0,0,0,0,0,0,0,0,0,0,0,0,0,0,0,0,0,0
41,cn5029,volume_exchange_pack,compute,0.180043353,2,0,0,0,0,0,0,2407,0,0,0,0,0,0,0,0,0,0,0
41,cn5029,volume_size_exchange,communication,4.0639999952e-05,1,0,0,0,0,0,0,0,0,0,0,0,0,0,0,6,6,24,24
41,cn5029,volume_payload_prepare,compute,0.000249242999871,1,0,0,0,0,0,0,34,0,0,0,0,0,0,0,0,0,0,0
41,cn5029,volume_payload_exchange,communication,0.032761851,1,0,0,0,0,0,0,145,0,0,0,0,0,0,0,6,6,2508840,2518200
41,cn5029,volume_exchange_unpack,compute,0.128555057,1,0,0,0,0,0,0,4550,0,0,0,0,0,0,0,0,0,0,0
41,cn5029,final_mesh_save,io,0,0,0,0,0,0,0,0,0,0,0,0,0,0,0,0,0,0,0,0
41,cn5029,testout_io,io,0,0,0,0,0,0,0,0,0,0,0,0,0,0,0,0,0,0,0,0
41,cn5029,final_count_exchange,communication,0,0,0,0,0,0,0,0,0,0,0,0,0,0,0,0,0,0,0,0
41,cn5029,quality_evaluation,postprocess,0,0,0,0,0,0,0,0,0,0,0,0,0,0,0,0,0,0,0,0
42,cn5030,geometry_load,io,2.013826397,1,0,0,0,0,0,0,5895,0,1035097,0,10428416,0,203,2,0,0,0,0
42,cn5030,coarse_local_size,setup,0.555442289,1,0,0,0,0,0,0,8653,0,0,0,0,0,235,30,0,0,0,0
42,cn5030,coarse_edge_mesh,setup,0.0144159189999,1,0,0,0,0,0,0,487,0,0,0,0,0,2,0,0,0,0,0
42,cn5030,coarse_surface_mesh,setup,8.703031301,1,0,0,0,0,0,0,17337,0,0,0,0,0,24,10,0,0,0,0
42,cn5030,coarse_volume_mesh,setup,13.399325168,1,0,0,0,0,0,0,23487,0,0,0,0,0,33889,1522062,0,0,0,0
42,cn5030,coarse_mesh_save,io,0,0,0,0,0,0,0,0,0,0,0,0,0,0,0,0,0,0,0,0
42,cn5030,submesh_initialization,setup,0.000139381999816,1,0,0,0,0,0,0,7,0,0,0,0,0,0,0,0,0,0,0
42,cn5030,metis_partition,compute,0.230630641,1,0,0,0,0,0,0,291,0,0,0,0,0,0,0,0,0,0,0
42,cn5030,face_map_setup,compute,0.00700238700028,1,0,0,0,0,0,0,261,0,0,0,0,0,0,0,0,0,0,0
42,cn5030,face_local_extract,compute,0.158395764,1,0,0,0,0,0,0,200,0,0,0,0,0,0,0,0,0,0,0
42,cn5030,face_pre_collective_wait,synchronization,0.0409270279997,1,0,0,0,0,0,0,7,0,0,0,0,0,0,0,0,0,0,0
42,cn5030,face_collective_setup,compute,0.00292427699969,1,0,0,0,0,0,0,16,0,0,0,0,0,3,0,0,0,0,0
42,cn5030,face_allgatherv,communication,0.227526702,1,0,0,0,0,0,0,136,0,0,0,0,0,1,1,1,1,37904,4859624
42,cn5030,face_global_merge,compute,0.0750662710002,1,0,0,0,0,0,0,147,0,0,0,0,0,0,0,0,0,0,0
42,cn5030,part_face_create,compute,0.018070605,1,0,0,0,0,0,0,4,0,0,0,0,0,0,0,0,0,0,0
42,cn5030,surface_refine,compute,0.00893693100033,1,0,0,0,0,0,0,45,0,0,0,0,0,0,0,0,0,0,0
42,cn5030,refined_surface_save,io,0,0,0,0,0,0,0,0,0,0,0,0,0,0,0,0,0,0,0,0
42,cn5030,local_volume_mesh,compute,7.955841074,1,0,0,0,0,0,0,2304,0,0,0,0,0,12642,576659,0,0,0,0
42,cn5030,volume_refine,compute,0.395163542,1,0,0,0,0,0,0,6034,0,0,0,0,0,0,0,0,0,0,0
42,cn5030,refined_volume_save,io,0,0,0,0,0,0,0,0,0,0,0,0,0,0,0,0,0,0,0,0
42,cn5030,adjacency_build,compute,0.00419117199999,1,0,0,0,0,0,0,0,0,0,0,0,0,0,0,0,0,0,0
42,cn5030,vertex_numbering_local,compute,0.0115120429996,1,0,0,0,0,0,0,2,0,0,0,0,0,0,0,0,0,0,0
42,cn5030,vertex_count_allgather,communication,3.553543154,1,0,0,0,0,0,0,29,0,0,0,0,0,0,4,1,1,4,512
42,cn5030,element_count_allgather,communication,0.000930691000121,1,0,0,0,0,0,0,1,0,0,0,0,0,0,0,1,1,4,512
42,cn5030,vertex_exchange_prepare,compute,2.33609998759e-05,1,0,0,0,0,0,0,0,0,0,0,0,0,0,0,0,0,0,0
42,cn5030,vertex_exchange,communication,0.0165424849997,1,0,0,0,0,0,0,287,0,0,0,0,0,2,0,8,4,171072,90332
42,cn5030,vertex_exchange_unpack,compute,0.00125973600007,1,0,0,0,0,0,0,0,0,0,0,0,0,0,0,0,0,0,0
42,cn5030,partition_result_io,io,0,0,0,0,0,0,0,0,0,0,0,0,0,0,0,0,0,0,0,0
42,cn5030,volume_exchange_pack,compute,0.168331607,2,0,0,0,0,0,0,1,0,0,0,0,0,0,0,0,0,0,0
42,cn5030,volume_size_exchange,communication,0.013213964,1,0,0,0,0,0,0,0,0,0,0,0,0,0,0,6,6,24,24
42,cn5030,volume_payload_prepare,compute,0.000199302000055,1,0,0,0,0,0,0,0,0,0,0,0,0,0,0,0,0,0,0
42,cn5030,volume_payload_exchange,communication,0.033134191,1,0,0,0,0,0,0,20,0,0,0,0,0,0,0,6,6,2766960,2762520
42,cn5030,volume_exchange_unpack,compute,0.11773052,1,0,0,0,0,0,0,3322,0,0,0,0,0,0,0,0,0,0,0
42,cn5030,final_mesh_save,io,0,0,0,0,0,0,0,0,0,0,0,0,0,0,0,0,0,0,0,0
42,cn5030,testout_io,io,0,0,0,0,0,0,0,0,0,0,0,0,0,0,0,0,0,0,0,0
42,cn5030,final_count_exchange,communication,0,0,0,0,0,0,0,0,0,0,0,0,0,0,0,0,0,0,0,0
42,cn5030,quality_evaluation,postprocess,0,0,0,0,0,0,0,0,0,0,0,0,0,0,0,0,0,0,0,0
43,cn5031,geometry_load,io,2.011882685,1,0,0,0,0,0,0,5895,0,1035097,0,10428416,0,203,5,0,0,0,0
43,cn5031,coarse_local_size,setup,0.528230058,1,0,0,0,0,0,0,7989,0,0,0,0,0,219,32,0,0,0,0
43,cn5031,coarse_edge_mesh,setup,0.0143696119999,1,0,0,0,0,0,0,522,0,0,0,0,0,2,0,0,0,0,0
43,cn5031,coarse_surface_mesh,setup,8.653675131,1,0,0,0,0,0,0,16966,0,0,0,0,0,24,11,0,0,0,0
43,cn5031,coarse_volume_mesh,setup,13.434863901,1,0,0,0,0,0,0,25114,0,0,0,0,0,38914,1624674,0,0,0,0
43,cn5031,coarse_mesh_save,io,0,0,0,0,0,0,0,0,0,0,0,0,0,0,0,0,0,0,0,0
43,cn5031,submesh_initialization,setup,0.000134902000354,1,0,0,0,0,0,0,1,0,0,0,0,0,0,0,0,0,0,0
43,cn5031,metis_partition,compute,0.233957679,1,0,0,0,0,0,0,71,0,0,0,0,0,0,0,0,0,0,0
43,cn5031,face_map_setup,compute,0.00701092400004,1,0,0,0,0,0,0,261,0,0,0,0,0,0,0,0,0,0,0
43,cn5031,face_local_extract,compute,0.154011042,1,0,0,0,0,0,0,187,0,0,0,0,0,0,0,0,0,0,0
43,cn5031,face_pre_collective_wait,synchronization,0.0419580419998,1,0,0,0,0,0,0,1,0,0,0,0,0,0,0,0,0,0,0
43,cn5031,face_collective_setup,compute,0.00330403999988,1,0,0,0,0,0,0,15,0,0,0,0,0,3,0,0,0,0,0
43,cn5031,face_allgatherv,communication,0.227053496,1,0,0,0,0,0,0,43,0,0,0,0,0,1,1,1,1,37904,4859624
43,cn5031,face_global_merge,compute,0.0742041680001,1,0,0,0,0,0,0,0,0,0,0,0,0,0,0,0,0,0,0
43,cn5031,part_face_create,compute,0.0178520939999,1,0,0,0,0,0,0,3,0,0,0,0,0,0,0,0,0,0,0
43,cn5031,surface_refine,compute,0.00835082000003,1,0,0,0,0,0,0,1,0,0,0,0,0,0,0,0,0,0,0
43,cn5031,refined_surface_save,io,0,0,0,0,0,0,0,0,0,0,0,0,0,0,0,0,0,0,0,0
43,cn5031,local_volume_mesh,compute,7.075018468,1,0,0,0,0,0,0,2680,0,0,0,0,0,14450,588911,0,0,0,0
43,cn5031,volume_refine,compute,0.360543693,1,0,0,0,0,0,0,5435,0,0,0,0,0,0,0,0,0,0,0
43,cn5031,refined_volume_save,io,0,0,0,0,0,0,0,0,0,0,0,0,0,0,0,0,0,0,0,0
43,cn5031,adjacency_build,compute,0.00414331000002,1,0,0,0,0,0,0,5,0,0,0,0,0,0,0,0,0,0,0
43,cn5031,vertex_numbering_local,compute,0.011802561,1,0,0,0,0,0,0,326,0,0,0,0,0,0,0,0,0,0,0
43,cn5031,vertex_count_allgather,communication,4.470549894,1,0,0,0,0,0,0,38,0,0,0,0,0,0,5,1,1,4,512
43,cn5031,element_count_allgather,communication,0.000917951000247,1,0,0,0,0,0,0,38,0,0,0,0,0,0,0,1,1,4,512
43,cn5031,vertex_exchange_prepare,compute,0.000187441999969,1,0,0,0,0,0,0,58,0,0,0,0,0,0,0,0,0,0,0
43,cn5031,vertex_exchange,communication,0.016018931,1,0,0,0,0,0,0,35,0,0,0,0,0,2,0,3,6,3410,237424
43,cn5031,vertex_exchange_unpack,compute,0.00320343799967,1,0,0,0,0,0,0,0,0,0,0,0,0,0,0,0,0,0,0
43,cn5031,partition_result_io,io,0,0,0,0,0,0,0,0,0,0,0,0,0,0,0,0,0,0,0,0
43,cn5031,volume_exchange_pack,compute,0.150400119,2,0,0,0,0,0,0,1079,0,0,0,0,0,0,0,0,0,0,0
43,cn5031,volume_size_exchange,communication,0.0602946410004,1,0,0,0,0,0,0,44,0,0,0,0,0,0,0,7,7,28,28
43,cn5031,volume_payload_prepare,compute,0.00028314400015,1,0,0,0,0,0,0,68,0,0,0,0,0,0,0,0,0,0,0
43,cn5031,volume_payload_exchange,communication,0.0624154870002,1,0,0,0,0,0,0,358,0,0,0,0,0,0,0,7,7,2604000,2608200
43,cn5031,volume_exchange_unpack,compute,0.112396944,1,0,0,0,0,0,0,4760,0,0,0,0,0,0,0,0,0,0,0
43,cn5031,final_mesh_save,io,0,0,0,0,0,0,0,0,0,0,0,0,0,0,0,0,0,0,0,0
43,cn5031,testout_io,io,0,0,0,0,0,0,0,0,0,0,0,0,0,0,0,0,0,0,0,0
43,cn5031,final_count_exchange,communication,0,0,0,0,0,0,0,0,0,0,0,0,0,0,0,0,0,0,0,0
43,cn5031,quality_evaluation,postprocess,0,0,0,0,0,0,0,0,0,0,0,0,0,0,0,0,0,0,0,0
44,cn5032,geometry_load,io,4.3347945,1,0,0,0,0,0,0,5897,0,1035097,0,10428416,0,203,19,0,0,0,0
44,cn5032,coarse_local_size,setup,0.54295685,1,0,0,0,0,0,0,8500,0,0,0,0,0,182,30,0,0,0,0
44,cn5032,coarse_edge_mesh,setup,0.014501009,1,0,0,0,0,0,0,489,0,0,0,0,0,2,0,0,0,0,0
44,cn5032,coarse_surface_mesh,setup,8.432891278,1,0,0,0,0,0,0,11575,0,0,0,0,0,24,74,0,0,0,0
44,cn5032,coarse_volume_mesh,setup,13.364034711,1,0,0,0,0,0,0,24680,0,0,0,0,0,37089,1670179,0,0,0,0
44,cn5032,coarse_mesh_save,io,0,0,0,0,0,0,0,0,0,0,0,0,0,0,0,0,0,0,0,0
44,cn5032,submesh_initialization,setup,0.000179322000349,1,0,0,0,0,0,0,48,0,0,0,0,0,0,0,0,0,0,0
44,cn5032,metis_partition,compute,0.256543451,1,0,0,0,0,0,0,1595,0,0,0,0,0,0,3,0,0,0,0
44,cn5032,face_map_setup,compute,0.00743788699992,1,0,0,0,0,0,0,505,0,0,0,0,0,0,0,0,0,0,0
44,cn5032,face_local_extract,compute,0.158905253,1,0,0,0,0,0,0,848,0,0,0,0,0,0,1,0,0,0,0
44,cn5032,face_pre_collective_wait,synchronization,0.0139604030001,1,0,0,0,0,0,0,8,0,0,0,0,0,0,0,0,0,0,0
44,cn5032,face_collective_setup,compute,0.00267955200025,1,0,0,0,0,0,0,16,0,0,0,0,0,3,0,0,0,0,0
44,cn5032,face_allgatherv,communication,0.227624914,1,0,0,0,0,0,0,1144,0,0,0,0,0,1,2,1,1,37904,4859624
44,cn5032,face_global_merge,compute,0.079934292,1,0,0,0,0,0,0,549,0,0,0,0,0,0,0,0,0,0,0
44,cn5032,part_face_create,compute,0.0191588840003,1,0,0,0,0,0,0,19,0,0,0,0,0,0,1,0,0,0,0
44,cn5032,surface_refine,compute,0.0102275590002,1,0,0,0,0,0,0,43,0,0,0,0,0,0,0,0,0,0,0
44,cn5032,refined_surface_save,io,0,0,0,0,0,0,0,0,0,0,0,0,0,0,0,0,0,0,0,0
44,cn5032,local_volume_mesh,compute,9.731521739,1,0,0,0,0,0,0,4746,0,0,0,0,0,14569,838513,0,0,0,0
44,cn5032,volume_refine,compute,0.537549787,1,0,0,0,0,0,0,7123,0,0,0,0,0,0,4,0,0,0,0
44,cn5032,refined_volume_save,io,0,0,0,0,0,0,0,0,0,0,0,0,0,0,0,0,0,0,0,0
44,cn5032,adjacency_build,compute,0.0044362120002,1,0,0,0,0,0,0,8,0,0,0,0,0,0,0,0,0,0,0
44,cn5032,vertex_numbering_local,compute,0.00985391500035,1,0,0,0,0,0,0,3,0,0,0,0,0,0,0,0,0,0,0
44,cn5032,vertex_count_allgather,communication,1.629504458,1,0,0,0,0,0,0,28,0,0,0,0,0,0,13,1,1,4,512
44,cn5032,element_count_allgather,communication,0.000873890000094,1,0,0,0,0,0,0,1,0,0,0,0,0,0,0,1,1,4,512
44,cn5032,vertex_exchange_prepare,compute,1.65600004038e-05,1,0,0,0,0,0,0,0,0,0,0,0,0,0,0,0,0,0,0
44,cn5032,vertex_exchange,communication,0.0138096210003,1,0,0,0,0,0,0,34,0,0,0,0,0,2,0,2,3,69014,53878
44,cn5032,vertex_exchange_unpack,compute,0.00085190999971,1,0,0,0,0,0,0,0,0,0,0,0,0,0,1,0,0,0,0
44,cn5032,partition_result_io,io,0,0,0,0,0,0,0,0,0,0,0,0,0,0,0,0,0,0,0,0
44,cn5032,volume_exchange_pack,compute,0.165806853001,2,0,0,0,0,0,0,667,0,0,0,0,0,0,1,0,0,0,0
44,cn5032,volume_size_exchange,communication,0.00397960600003,1,0,0,0,0,0,0,1,0,0,0,0,0,0,0,3,3,12,12
44,cn5032,volume_payload_prepare,compute,9.6121000297e-05,1,0,0,0,0,0,0,0,0,0,0,0,0,0,0,0,0,0,0
44,cn5032,volume_payload_exchange,communication,0.0144862280004,1,0,0,0,0,0,0,18,0,0,0,0,0,0,0,3,3,1305960,1296240
44,cn5032,volume_exchange_unpack,compute,0.128364656,1,0,0,0,0,0,0,5523,0,0,0,0,0,0,1,0,0,0,0
44,cn5032,final_mesh_save,io,0,0,0,0,0,0,0,0,0,0,0,0,0,0,0,0,0,0,0,0
44,cn5032,testout_io,io,0,0,0,0,0,0,0,0,0,0,0,0,0,0,0,0,0,0,0,0
44,cn5032,final_count_exchange,communication,0,0,0,0,0,0,0,0,0,0,0,0,0,0,0,0,0,0,0,0
44,cn5032,quality_evaluation,postprocess,0,0,0,0,0,0,0,0,0,0,0,0,0,0,0,0,0,0,0,0
45,cn5033,geometry_load,io,1.928524613,1,0,0,0,0,0,0,5896,0,1035097,0,10428416,0,203,2,0,0,0,0
45,cn5033,coarse_local_size,setup,0.528379864,1,0,0,0,0,0,0,8394,0,0,0,0,0,253,28,0,0,0,0
45,cn5033,coarse_edge_mesh,setup,0.014792034,1,0,0,0,0,0,0,515,0,0,0,0,0,2,0,0,0,0,0
45,cn5033,coarse_surface_mesh,setup,8.29507732,1,0,0,0,0,0,0,14658,0,0,0,0,0,24,9,0,0,0,0
45,cn5033,coarse_volume_mesh,setup,13.332467201,1,0,0,0,0,0,0,27511,0,0,0,0,0,35361,1632786,0,0,0,0
45,cn5033,coarse_mesh_save,io,0,0,0,0,0,0,0,0,0,0,0,0,0,0,0,0,0,0,0,0
45,cn5033,submesh_initialization,setup,0.000193941999896,1,0,0,0,0,0,0,62,0,0,0,0,0,0,0,0,0,0,0
45,cn5033,metis_partition,compute,0.251301518,1,0,0,0,0,0,0,1982,0,0,0,0,0,0,1,0,0,0,0
45,cn5033,face_map_setup,compute,0.00781594099999,1,0,0,0,0,0,0,567,0,0,0,0,0,0,0,0,0,0,0
45,cn5033,face_local_extract,compute,0.160490992,1,0,0,0,0,0,0,911,0,0,0,0,0,0,0,0,0,0,0
45,cn5033,face_pre_collective_wait,synchronization,0.0172207399996,1,0,0,0,0,0,0,7,0,0,0,0,0,0,0,0,0,0,0
45,cn5033,face_collective_setup,compute,0.00317217300017,1,0,0,0,0,0,0,16,0,0,0,0,0,3,0,0,0,0,0
45,cn5033,face_allgatherv,communication,0.227055506,1,0,0,0,0,0,0,638,0,0,0,0,0,1,0,1,1,37904,4859624
45,cn5033,face_global_merge,compute,0.0787229799998,1,0,0,0,0,0,0,541,0,0,0,0,0,0,0,0,0,0,0
45,cn5033,part_face_create,compute,0.0191908199999,1,0,0,0,0,0,0,21,0,0,0,0,0,0,0,0,0,0,0
45,cn5033,surface_refine,compute,0.00984394199986,1,0,0,0,0,0,0,50,0,0,0,0,0,0,0,0,0,0,0
45,cn5033,refined_surface_save,io,0,0,0,0,0,0,0,0,0,0,0,0,0,0,0,0,0,0,0,0
45,cn5033,local_volume_mesh,compute,9.5525287,1,0,0,0,0,0,0,4792,0,0,0,0,0,15219,786179,0,0,0,0
45,cn5033,volume_refine,compute,0.475735656,1,0,0,0,0,0,0,6869,0,0,0,0,0,0,0,0,0,0,0
45,cn5033,refined_volume_save,io,0,0,0,0,0,0,0,0,0,0,0,0,0,0,0,0,0,0,0,0
45,cn5033,adjacency_build,compute,0.00425808399996,1,0,0,0,0,0,0,8,0,0,0,0,0,0,0,0,0,0,0
45,cn5033,vertex_numbering_local,compute,0.00758285900019,1,0,0,0,0,0,0,5,0,0,0,0,0,0,0,0,0,0,0
45,cn5033,vertex_count_allgather,communication,1.874307987,1,0,0,0,0,0,0,45,0,0,0,0,0,0,2,1,1,4,512
45,cn5033,element_count_allgather,communication,0.000868729000103,1,0,0,0,0,0,0,2,0,0,0,0,0,0,0,1,1,4,512
45,cn5033,vertex_exchange_prepare,compute,1.69800000549e-05,1,0,0,0,0,0,0,0,0,0,0,0,0,0,0,0,0,0,0
45,cn5033,vertex_exchange,communication,0.0144662110001,1,0,0,0,0,0,0,20,0,0,0,0,0,2,0,4,3,45540,18370
45,cn5033,vertex_exchange_unpack,compute,0.000304984000195,1,0,0,0,0,0,0,0,0,0,0,0,0,0,0,0,0,0,0
45,cn5033,partition_result_io,io,0,0,0,0,0,0,0,0,0,0,0,0,0,0,0,0,0,0,0,0
45,cn5033,volume_exchange_pack,compute,0.144440305,2,0,0,0,0,0,0,5,0,0,0,0,0,0,0,0,0,0,0
45,cn5033,volume_size_exchange,communication,0.022772197,1,0,0,0,0,0,0,0,0,0,0,0,0,0,0,4,4,16,16
45,cn5033,volume_payload_prepare,compute,5.11599996571e-05,1,0,0,0,0,0,0,0,0,0,0,0,0,0,0,0,0,0,0
45,cn5033,volume_payload_exchange,communication,0.00522135499978,1,0,0,0,0,0,0,27,0,0,0,0,0,0,0,4,4,648120,649680
45,cn5033,volume_exchange_unpack,compute,0.0829198639999,1,0,0,0,0,0,0,1490,0,0,0,0,0,0,0,0,0,0,0
45,cn5033,final_mesh_save,io,0,0,0,0,0,0,0,0,0,0,0,0,0,0,0,0,0,0,0,0
45,cn5033,testout_io,io,0,0,0,0,0,0,0,0,0,0,0,0,0,0,0,0,0,0,0,0
45,cn5033,final_count_exchange,communication,0,0,0,0,0,0,0,0,0,0,0,0,0,0,0,0,0,0,0,0
45,cn5033,quality_evaluation,postprocess,0,0,0,0,0,0,0,0,0,0,0,0,0,0,0,0,0,0,0,0
46,cn5034,geometry_load,io,2.010105749,1,0,0,0,0,0,0,5896,0,1035097,0,10428416,0,203,2,0,0,0,0
46,cn5034,coarse_local_size,setup,0.526857322,1,0,0,0,0,0,0,8623,0,0,0,0,0,217,32,0,0,0,0
46,cn5034,coarse_edge_mesh,setup,0.0144136060003,1,0,0,0,0,0,0,487,0,0,0,0,0,2,0,0,0,0,0
46,cn5034,coarse_surface_mesh,setup,8.514527853,1,0,0,0,0,0,0,17462,0,0,0,0,0,24,9,0,0,0,0
46,cn5034,coarse_volume_mesh,setup,13.503943461,1,0,0,0,0,0,0,29011,0,0,0,0,0,35840,1613957,0,0,0,0
46,cn5034,coarse_mesh_save,io,0,0,0,0,0,0,0,0,0,0,0,0,0,0,0,0,0,0,0,0
46,cn5034,submesh_initialization,setup,0.000196942999992,1,0,0,0,0,0,0,61,0,0,0,0,0,0,0,0,0,0,0
46,cn5034,metis_partition,compute,0.245218395,1,0,0,0,0,0,0,2111,0,0,0,0,0,0,1,0,0,0,0
46,cn5034,face_map_setup,compute,0.00781058100029,1,0,0,0,0,0,0,773,0,0,0,0,0,0,0,0,0,0,0
46,cn5034,face_local_extract,compute,0.16063762,1,0,0,0,0,0,0,833,0,0,0,0,0,0,0,0,0,0,0
46,cn5034,face_pre_collective_wait,synchronization,0.0231261399999,1,0,0,0,0,0,0,9,0,0,0,0,0,0,0,0,0,0,0
46,cn5034,face_collective_setup,compute,0.00332020299993,1,0,0,0,0,0,0,16,0,0,0,0,0,3,0,0,0,0,0
46,cn5034,face_allgatherv,communication,0.226859158,1,0,0,0,0,0,0,699,0,0,0,0,0,1,0,1,1,37904,4859624
46,cn5034,face_global_merge,compute,0.079947615,1,0,0,0,0,0,0,560,0,0,0,0,0,0,0,0,0,0,0
46,cn5034,part_face_create,compute,0.0191983080003,1,0,0,0,0,0,0,21,0,0,0,0,0,0,0,0,0,0,0
46,cn5034,surface_refine,compute,0.00996744900021,1,0,0,0,0,0,0,50,0,0,0,0,0,0,0,0,0,0,0
46,cn5034,refined_surface_save,io,0,0,0,0,0,0,0,0,0,0,0,0,0,0,0,0,0,0,0,0
46,cn5034,local_volume_mesh,compute,9.552363092,1,0,0,0,0,0,0,4847,0,0,0,0,0,15155,781103,0,0,0,0
46,cn5034,volume_refine,compute,0.464818419,1,0,0,0,0,0,0,6498,0,0,0,0,0,0,0,0,0,0,0
46,cn5034,refined_volume_save,io,0,0,0,0,0,0,0,0,0,0,0,0,0,0,0,0,0,0,0,0
46,cn5034,adjacency_build,compute,0.00440385699994,1,0,0,0,0,0,0,6,0,0,0,0,0,0,0,0,0,0,0
46,cn5034,vertex_numbering_local,compute,0.010256093,1,0,0,0,0,0,0,3,0,0,0,0,0,0,0,0,0,0,0
46,cn5034,vertex_count_allgather,communication,1.881319821,1,0,0,0,0,0,0,46,0,0,0,0,0,0,2,1,1,4,512
46,cn5034,element_count_allgather,communication,0.000872750999861,1,0,0,0,0,0,0,2,0,0,0,0,0,0,0,1,1,4,512
46,cn5034,vertex_exchange_prepare,compute,1.84810000974e-05,1,0,0,0,0,0,0,0,0,0,0,0,0,0,0,0,0,0,0
46,cn5034,vertex_exchange,communication,0.0155299210001,1,0,0,0,0,0,0,564,0,0,0,0,0,2,0,5,4,107030,58828
46,cn5034,vertex_exchange_unpack,compute,0.000920051999856,1,0,0,0,0,0,0,0,0,0,0,0,0,0,0,0,0,0,0
46,cn5034,partition_result_io,io,0,0,0,0,0,0,0,0,0,0,0,0,0,0,0,0,0,0,0,0
46,cn5034,volume_exchange_pack,compute,0.160650101,2,0,0,0,0,0,0,1,0,0,0,0,0,0,0,0,0,0,0
46,cn5034,volume_size_exchange,communication,0.0220229050001,1,0,0,0,0,0,0,5,0,0,0,0,0,0,0,6,6,24,24
46,cn5034,volume_payload_prepare,compute,0.000127782000163,1,0,0,0,0,0,0,0,0,0,0,0,0,0,0,0,0,0,0
46,cn5034,volume_payload_exchange,communication,0.0117207909998,1,0,0,0,0,0,0,6,0,0,0,0,0,0,0,6,6,1739880,1732680
46,cn5034,volume_exchange_unpack,compute,0.104995179,1,0,0,0,0,0,0,2700,0,0,0,0,0,0,0,0,0,0,0
46,cn5034,final_mesh_save,io,0,0,0,0,0,0,0,0,0,0,0,0,0,0,0,0,0,0,0,0
46,cn5034,testout_io,io,0,0,0,0,0,0,0,0,0,0,0,0,0,0,0,0,0,0,0,0
46,cn5034,final_count_exchange,communication,0,0,0,0,0,0,0,0,0,0,0,0,0,0,0,0,0,0,0,0
46,cn5034,quality_evaluation,postprocess,0,0,0,0,0,0,0,0,0,0,0,0,0,0,0,0,0,0,0,0
47,cn5035,geometry_load,io,2.19826743,1,0,0,0,0,0,0,5895,0,1035097,0,10428416,0,203,4,0,0,0,0
47,cn5035,coarse_local_size,setup,0.550153283,1,0,0,0,0,0,0,8557,0,0,0,0,0,247,30,0,0,0,0
47,cn5035,coarse_edge_mesh,setup,0.0141181210001,1,0,0,0,0,0,0,419,0,0,0,0,0,2,0,0,0,0,0
47,cn5035,coarse_surface_mesh,setup,8.700868759,1,0,0,0,0,0,0,15367,0,0,0,0,0,24,9,0,0,0,0
47,cn5035,coarse_volume_mesh,setup,13.588061927,1,0,0,0,0,0,0,27271,0,0,0,0,0,36743,1690772,0,0,0,0
47,cn5035,coarse_mesh_save,io,0,0,0,0,0,0,0,0,0,0,0,0,0,0,0,0,0,0,0,0
47,cn5035,submesh_initialization,setup,0.000195701999928,1,0,0,0,0,0,0,59,0,0,0,0,0,0,0,0,0,0,0
47,cn5035,metis_partition,compute,0.254681488,1,0,0,0,0,0,0,2257,0,0,0,0,0,0,0,0,0,0,0
47,cn5035,face_map_setup,compute,0.00777933699965,1,0,0,0,0,0,0,551,0,0,0,0,0,0,0,0,0,0,0
47,cn5035,face_local_extract,compute,0.165551476,1,0,0,0,0,0,0,833,0,0,0,0,0,0,0,0,0,0,0
47,cn5035,face_pre_collective_wait,synchronization,0.00877170800004,1,0,0,0,0,0,0,9,0,0,0,0,0,0,0,0,0,0,0
47,cn5035,face_collective_setup,compute,0.00341309399982,1,0,0,0,0,0,0,16,0,0,0,0,0,3,0,0,0,0,0
47,cn5035,face_allgatherv,communication,0.226684848,1,0,0,0,0,0,0,774,0,0,0,0,0,1,0,1,1,37904,4859624
47,cn5035,face_global_merge,compute,0.0804207650003,1,0,0,0,0,0,0,535,0,0,0,0,0,0,1,0,0,0,0
47,cn5035,part_face_create,compute,0.0191780709997,1,0,0,0,0,0,0,23,0,0,0,0,0,0,0,0,0,0,0
47,cn5035,surface_refine,compute,0.00882932800005,1,0,0,0,0,0,0,19,0,0,0,0,0,0,0,0,0,0,0
47,cn5035,refined_surface_save,io,0,0,0,0,0,0,0,0,0,0,0,0,0,0,0,0,0,0,0,0
47,cn5035,local_volume_mesh,compute,7.205354131,1,0,0,0,0,0,0,4045,0,0,0,0,0,7813,446751,0,0,0,0
47,cn5035,volume_refine,compute,0.400456785,1,0,0,0,0,0,0,7477,0,0,0,0,0,0,0,0,0,0,0
47,cn5035,refined_volume_save,io,0,0,0,0,0,0,0,0,0,0,0,0,0,0,0,0,0,0,0,0
47,cn5035,adjacency_build,compute,0.00451660499994,1,0,0,0,0,0,0,8,0,0,0,0,0,0,0,0,0,0,0
47,cn5035,vertex_numbering_local,compute,0.0119766789999,1,0,0,0,0,0,0,335,0,0,0,0,0,0,0,0,0,0,0
47,cn5035,vertex_count_allgather,communication,4.291753952,1,0,0,0,0,0,0,47,0,0,0,0,0,0,6,1,1,4,512
47,cn5035,element_count_allgather,communication,0.000877127999956,1,0,0,0,0,0,0,38,0,0,0,0,0,0,0,1,1,4,512
47,cn5035,vertex_exchange_prepare,compute,0.000132542000301,1,0,0,0,0,0,0,34,0,0,0,0,0,0,0,0,0,0,0
47,cn5035,vertex_exchange,communication,0.0154931279999,1,0,0,0,0,0,0,912,0,0,0,0,0,2,0,3,7,66066,157322
47,cn5035,vertex_exchange_unpack,compute,0.00232294299985,1,0,0,0,0,0,0,0,0,0,0,0,0,0,0,0,0,0,0
47,cn5035,partition_result_io,io,0,0,0,0,0,0,0,0,0,0,0,0,0,0,0,0,0,0,0,0
47,cn5035,volume_exchange_pack,compute,0.151426409001,2,0,0,0,0,0,0,943,0,0,0,0,0,0,1,0,0,0,0
47,cn5035,volume_size_exchange,communication,0.0159852729998,1,0,0,0,0,0,0,1,0,0,0,0,0,0,0,7,7,28,28
47,cn5035,volume_payload_prepare,compute,0.000336843999776,1,0,0,0,0,0,0,102,0,0,0,0,0,0,0,0,0,0,0
47,cn5035,volume_payload_exchange,communication,0.024565015,1,0,0,0,0,0,0,332,0,0,0,0,0,0,0,7,7,2376480,2391840
47,cn5035,volume_exchange_unpack,compute,0.112222854,1,0,0,0,0,0,0,3674,0,0,0,0,0,0,0,0,0,0,0
47,cn5035,final_mesh_save,io,0,0,0,0,0,0,0,0,0,0,0,0,0,0,0,0,0,0,0,0
47,cn5035,testout_io,io,0,0,0,0,0,0,0,0,0,0,0,0,0,0,0,0,0,0,0,0
47,cn5035,final_count_exchange,communication,0,0,0,0,0,0,0,0,0,0,0,0,0,0,0,0,0,0,0,0
47,cn5035,quality_evaluation,postprocess,0,0,0,0,0,0,0,0,0,0,0,0,0,0,0,0,0,0,0,0
48,cn5036,geometry_load,io,2.712953587,1,0,0,0,0,0,0,5894,0,1035097,0,10428416,0,203,3,0,0,0,0
48,cn5036,coarse_local_size,setup,0.502821579,1,0,0,0,0,0,0,8330,0,0,0,0,0,219,31,0,0,0,0
48,cn5036,coarse_edge_mesh,setup,0.014651512,1,0,0,0,0,0,0,487,0,0,0,0,0,2,0,0,0,0,0
48,cn5036,coarse_surface_mesh,setup,8.393950775,1,0,0,0,0,0,0,15290,0,0,0,0,0,24,13,0,0,0,0
48,cn5036,coarse_volume_mesh,setup,13.395741294,1,0,0,0,0,0,0,32155,0,0,0,0,0,38748,1602830,0,0,0,0
48,cn5036,coarse_mesh_save,io,0,0,0,0,0,0,0,0,0,0,0,0,0,0,0,0,0,0,0,0
48,cn5036,submesh_initialization,setup,0.000199082000108,1,0,0,0,0,0,0,59,0,0,0,0,0,0,0,0,0,0,0
48,cn5036,metis_partition,compute,0.242287983,1,0,0,0,0,0,0,2259,0,0,0,0,0,0,1,0,0,0,0
48,cn5036,face_map_setup,compute,0.00788093199981,1,0,0,0,0,0,0,579,0,0,0,0,0,0,0,0,0,0,0
48,cn5036,face_local_extract,compute,0.163511178,1,0,0,0,0,0,0,829,0,0,0,0,0,0,0,0,0,0,0
48,cn5036,face_pre_collective_wait,synchronization,0.0230994510002,1,0,0,0,0,0,0,15,0,0,0,0,0,0,0,0,0,0,0
48,cn5036,face_collective_setup,compute,0.00318793699989,1,0,0,0,0,0,0,16,0,0,0,0,0,3,0,0,0,0,0
48,cn5036,face_allgatherv,communication,0.226850382,1,0,0,0,0,0,0,765,0,0,0,0,0,1,0,1,1,37904,4859624
48,cn5036,face_global_merge,compute,0.0780070349997,1,0,0,0,0,0,0,501,0,0,0,0,0,0,0,0,0,0,0
48,cn5036,part_face_create,compute,0.0192168449998,1,0,0,0,0,0,0,26,0,0,0,0,0,0,0,0,0,0,0
48,cn5036,surface_refine,compute,0.00979391500005,1,0,0,0,0,0,0,25,0,0,0,0,0,0,0,0,0,0,0
48,cn5036,refined_surface_save,io,0,0,0,0,0,0,0,0,0,0,0,0,0,0,0,0,0,0,0,0
48,cn5036,local_volume_mesh,compute,8.894933132,1,0,0,0,0,0,0,4457,0,0,0,0,0,15891,700628,0,0,0,0
48,cn5036,volume_refine,compute,0.467402363,1,0,0,0,0,0,0,6823,0,0,0,0,0,0,1,0,0,0,0
48,cn5036,refined_volume_save,io,0,0,0,0,0,0,0,0,0,0,0,0,0,0,0,0,0,0,0,0
48,cn5036,adjacency_build,compute,0.00460625400001,1,0,0,0,0,0,0,8,0,0,0,0,0,0,0,0,0,0,0
48,cn5036,vertex_numbering_local,compute,0.0111801119997,1,0,0,0,0,0,0,7,0,0,0,0,0,0,0,0,0,0,0
48,cn5036,vertex_count_allgather,communication,2.537507809,1,0,0,0,0,0,0,48,0,0,0,0,0,0,3,1,1,4,512
48,cn5036,element_count_allgather,communication,0.000869170999977,1,0,0,0,0,0,0,0,0,0,0,0,0,0,0,1,1,4,512
48,cn5036,vertex_exchange_prepare,compute,1.8301000182e-05,1,0,0,0,0,0,0,0,0,0,0,0,0,0,0,0,0,0,0
48,cn5036,vertex_exchange,communication,0.0152847190002,1,0,0,0,0,0,0,562,0,0,0,0,0,2,0,7,5,187286,3850
48,cn5036,vertex_exchange_unpack,compute,0.000106801999664,1,0,0,0,0,0,0,0,0,0,0,0,0,0,0,0,0,0,0
48,cn5036,partition_result_io,io,0,0,0,0,0,0,0,0,0,0,0,0,0,0,0,0,0,0,0,0
48,cn5036,volume_exchange_pack,compute,0.170134736,2,0,0,0,0,0,0,1,0,0,0,0,0,0,0,0,0,0,0
48,cn5036,volume_size_exchange,communication,0.012724269,1,0,0,0,0,0,0,3,0,0,0,0,0,0,0,6,6,24,24
48,cn5036,volume_payload_prepare,compute,0.000150702000155,1,0,0,0,0,0,0,0,0,0,0,0,0,0,0,0,0,0,0
48,cn5036,volume_payload_exchange,communication,0.0949364540002,1,0,0,0,0,0,0,20,0,0,0,0,0,0,0,6,6,2014680,2012040
48,cn5036,volume_exchange_unpack,compute,0.111956813,1,0,0,0,0,0,0,2994,0,0,0,0,0,0,1,0,0,0,0
48,cn5036,final_mesh_save,io,0,0,0,0,0,0,0,0,0,0,0,0,0,0,0,0,0,0,0,0
48,cn5036,testout_io,io,0,0,0,0,0,0,0,0,0,0,0,0,0,0,0,0,0,0,0,0
48,cn5036,final_count_exchange,communication,0,0,0,0,0,0,0,0,0,0,0,0,0,0,0,0,0,0,0,0
48,cn5036,quality_evaluation,postprocess,0,0,0,0,0,0,0,0,0,0,0,0,0,0,0,0,0,0,0,0
49,cn5037,geometry_load,io,1.932258607,1,0,0,0,0,0,0,5900,0,1035097,0,10428416,0,203,2,0,0,0,0
49,cn5037,coarse_local_size,setup,0.51249386,1,0,0,0,0,0,0,8586,0,0,0,0,0,227,29,0,0,0,0
49,cn5037,coarse_edge_mesh,setup,0.0148950089997,1,0,0,0,0,0,0,526,0,0,0,0,0,2,0,0,0,0,0
49,cn5037,coarse_surface_mesh,setup,8.430504875,1,0,0,0,0,0,0,17178,0,0,0,0,0,24,12,0,0,0,0
49,cn5037,coarse_volume_mesh,setup,13.587604241,1,0,0,0,0,0,0,27678,0,0,0,0,0,41741,1617684,0,0,0,0
49,cn5037,coarse_mesh_save,io,0,0,0,0,0,0,0,0,0,0,0,0,0,0,0,0,0,0,0,0
49,cn5037,submesh_initialization,setup,0.000194061999991,1,0,0,0,0,0,0,60,0,0,0,0,0,0,0,0,0,0,0
49,cn5037,metis_partition,compute,0.245587601,1,0,0,0,0,0,0,2116,0,0,0,0,0,0,0,0,0,0,0
49,cn5037,face_map_setup,compute,0.00789632799979,1,0,0,0,0,0,0,586,0,0,0,0,0,0,0,0,0,0,0
49,cn5037,face_local_extract,compute,0.158891833,1,0,0,0,0,0,0,878,0,0,0,0,0,0,1,0,0,0,0
49,cn5037,face_pre_collective_wait,synchronization,0.0244926340001,1,0,0,0,0,0,0,10,0,0,0,0,0,0,0,0,0,0,0
49,cn5037,face_collective_setup,compute,0.00324675599995,1,0,0,0,0,0,0,15,0,0,0,0,0,3,0,0,0,0,0
49,cn5037,face_allgatherv,communication,0.226705111,1,0,0,0,0,0,0,636,0,0,0,0,0,1,0,1,1,37904,4859624
49,cn5037,face_global_merge,compute,0.0794811669998,1,0,0,0,0,0,0,527,0,0,0,0,0,0,0,0,0,0,0
49,cn5037,part_face_create,compute,0.0193066360002,1,0,0,0,0,0,0,23,0,0,0,0,0,0,0,0,0,0,0
49,cn5037,surface_refine,compute,0.00927296300006,1,0,0,0,0,0,0,47,0,0,0,0,0,0,0,0,0,0,0
49,cn5037,refined_surface_save,io,0,0,0,0,0,0,0,0,0,0,0,0,0,0,0,0,0,0,0,0
49,cn5037,local_volume_mesh,compute,8.480845281,1,0,0,0,0,0,0,4324,0,0,0,0,0,12056,501640,0,0,0,0
49,cn5037,volume_refine,compute,0.419964208,1,0,0,0,0,0,0,6447,0,0,0,0,0,0,1,0,0,0,0
49,cn5037,refined_volume_save,io,0,0,0,0,0,0,0,0,0,0,0,0,0,0,0,0,0,0,0,0
49,cn5037,adjacency_build,compute,0.0045779510001,1,0,0,0,0,0,0,5,0,0,0,0,0,0,0,0,0,0,0
49,cn5037,vertex_numbering_local,compute,0.0118630329998,1,0,0,0,0,0,0,117,0,0,0,0,0,0,0,0,0,0,0
49,cn5037,vertex_count_allgather,communication,2.997088373,1,0,0,0,0,0,0,82,0,0,0,0,0,0,3,1,1,4,512
49,cn5037,element_count_allgather,communication,0.000909269999738,1,0,0,0,0,0,0,0,0,0,0,0,0,0,0,1,1,4,512
49,cn5037,vertex_exchange_prepare,compute,9.40610002544e-05,1,0,0,0,0,0,0,20,0,0,0,0,0,0,0,0,0,0,0
49,cn5037,vertex_exchange,communication,0.0156971750002,1,0,0,0,0,0,0,847,0,0,0,0,0,2,0,7,8,163526,76208
49,cn5037,vertex_exchange_unpack,compute,0.00116343300033,1,0,0,0,0,0,0,0,0,0,0,0,0,0,0,0,0,0,0
49,cn5037,partition_result_io,io,0,0,0,0,0,0,0,0,0,0,0,0,0,0,0,0,0,0,0,0
49,cn5037,volume_exchange_pack,compute,0.157889782,2,0,0,0,0,0,0,976,0,0,0,0,0,0,0,0,0,0,0
49,cn5037,volume_size_exchange,communication,0.116135816,1,0,0,0,0,0,0,1,0,0,0,0,0,0,0,7,7,28,28
49,cn5037,volume_payload_prepare,compute,0.000436984999851,1,0,0,0,0,0,0,136,0,0,0,0,0,0,0,0,0,0,0
49,cn5037,volume_payload_exchange,communication,0.00314023500005,1,0,0,0,0,0,0,272,0,0,0,0,0,0,0,7,7,2546640,2542320
49,cn5037,volume_exchange_unpack,compute,0.11559709,1,0,0,0,0,0,0,4146,0,0,0,0,0,0,0,0,0,0,0
49,cn5037,final_mesh_save,io,0,0,0,0,0,0,0,0,0,0,0,0,0,0,0,0,0,0,0,0
49,cn5037,testout_io,io,0,0,0,0,0,0,0,0,0,0,0,0,0,0,0,0,0,0,0,0
49,cn5037,final_count_exchange,communication,0,0,0,0,0,0,0,0,0,0,0,0,0,0,0,0,0,0,0,0
49,cn5037,quality_evaluation,postprocess,0,0,0,0,0,0,0,0,0,0,0,0,0,0,0,0,0,0,0,0
50,cn5038,geometry_load,io,1.972619757,1,0,0,0,0,0,0,5894,0,1035097,0,10428416,0,203,2,0,0,0,0
50,cn5038,coarse_local_size,setup,0.519117755,1,0,0,0,0,0,0,8526,0,0,0,0,0,215,27,0,0,0,0
50,cn5038,coarse_edge_mesh,setup,1.923123368,1,0,0,0,0,0,0,505,0,0,0,0,0,2,0,0,0,0,0
50,cn5038,coarse_surface_mesh,setup,8.611822435,1,0,0,0,0,0,0,17218,0,0,0,0,0,24,9,0,0,0,0
50,cn5038,coarse_volume_mesh,setup,13.52580286,1,0,0,0,0,0,0,27395,0,0,0,0,0,42328,1606843,0,0,0,0
50,cn5038,coarse_mesh_save,io,0,0,0,0,0,0,0,0,0,0,0,0,0,0,0,0,0,0,0,0
50,cn5038,submesh_initialization,setup,0.000132801000291,1,0,0,0,0,0,0,1,0,0,0,0,0,0,0,0,0,0,0
50,cn5038,metis_partition,compute,0.230680097,1,0,0,0,0,0,0,308,0,0,0,0,0,0,0,0,0,0,0
50,cn5038,face_map_setup,compute,0.0069338330004,1,0,0,0,0,0,0,277,0,0,0,0,0,0,0,0,0,0,0
50,cn5038,face_local_extract,compute,0.160264326,1,0,0,0,0,0,0,808,0,0,0,0,0,0,0,0,0,0,0
50,cn5038,face_pre_collective_wait,synchronization,0.0390973480003,1,0,0,0,0,0,0,1,0,0,0,0,0,0,0,0,0,0,0
50,cn5038,face_collective_setup,compute,0.0026625559999,1,0,0,0,0,0,0,13,0,0,0,0,0,3,0,0,0,0,0
50,cn5038,face_allgatherv,communication,0.227298191,1,0,0,0,0,0,0,737,0,0,0,0,0,1,1,1,1,37904,4859624
50,cn5038,face_global_merge,compute,0.0737605969998,1,0,0,0,0,0,0,19,0,0,0,0,0,0,0,0,0,0,0
50,cn5038,part_face_create,compute,0.0178605420001,1,0,0,0,0,0,0,3,0,0,0,0,0,0,0,0,0,0,0
50,cn5038,surface_refine,compute,0.00855727600037,1,0,0,0,0,0,0,36,0,0,0,0,0,0,0,0,0,0,0
50,cn5038,refined_surface_save,io,0,0,0,0,0,0,0,0,0,0,0,0,0,0,0,0,0,0,0,0
50,cn5038,local_volume_mesh,compute,7.7745031,1,0,0,0,0,0,0,1928,0,0,0,0,0,11259,532442,0,0,0,0
50,cn5038,volume_refine,compute,0.373520447,1,0,0,0,0,0,0,4450,0,0,0,0,0,0,0,0,0,0,0
50,cn5038,refined_volume_save,io,0,0,0,0,0,0,0,0,0,0,0,0,0,0,0,0,0,0,0,0
50,cn5038,adjacency_build,compute,0.0042582369997,1,0,0,0,0,0,0,6,0,0,0,0,0,0,0,0,0,0,0
50,cn5038,vertex_numbering_local,compute,0.0130477560001,1,0,0,0,0,0,0,398,0,0,0,0,0,0,0,0,0,0,0
50,cn5038,vertex_count_allgather,communication,3.757619959,1,0,0,0,0,0,0,43,0,0,0,0,0,0,4,1,1,4,512
50,cn5038,element_count_allgather,communication,0.000941753000006,1,0,0,0,0,0,0,0,0,0,0,0,0,0,0,1,1,4,512
50,cn5038,vertex_exchange_prepare,compute,6.80409998495e-05,1,0,0,0,0,0,0,20,0,0,0,0,0,0,0,0,0,0,0
50,cn5038,vertex_exchange,communication,0.0156746120001,1,0,0,0,0,0,0,621,0,0,0,0,0,2,0,7,6,186296,72336
50,cn5038,vertex_exchange_unpack,compute,0.00100305400019,1,0,0,0,0,0,0,0,0,0,0,0,0,0,0,0,0,0,0
50,cn5038,partition_result_io,io,0,0,0,0,0,0,0,0,0,0,0,0,0,0,0,0,0,0,0,0
50,cn5038,volume_exchange_pack,compute,0.152134556,2,0,0,0,0,0,0,997,0,0,0,0,0,0,0,0,0,0,0
50,cn5038,volume_size_exchange,communication,0.0290086320001,1,0,0,0,0,0,0,0,0,0,0,0,0,0,0,6,6,24,24
50,cn5038,volume_payload_prepare,compute,0.000317464000091,1,0,0,0,0,0,0,102,0,0,0,0,0,0,0,0,0,0,0
50,cn5038,volume_payload_exchange,communication,0.0948811619996,1,0,0,0,0,0,0,460,0,0,0,0,0,0,0,6,6,2772000,2779080
50,cn5038,volume_exchange_unpack,compute,0.117609749,1,0,0,0,0,0,0,3175,0,0,0,0,0,0,0,0,0,0,0
50,cn5038,final_mesh_save,io,0,0,0,0,0,0,0,0,0,0,0,0,0,0,0,0,0,0,0,0
50,cn5038,testout_io,io,0,0,0,0,0,0,0,0,0,0,0,0,0,0,0,0,0,0,0,0
50,cn5038,final_count_exchange,communication,0,0,0,0,0,0,0,0,0,0,0,0,0,0,0,0,0,0,0,0
50,cn5038,quality_evaluation,postprocess,0,0,0,0,0,0,0,0,0,0,0,0,0,0,0,0,0,0,0,0
51,cn5039,geometry_load,io,1.997847652,1,0,0,0,0,0,0,5896,0,1035097,0,10428416,0,203,5,0,0,0,0
51,cn5039,coarse_local_size,setup,0.520628059,1,0,0,0,0,0,0,8414,0,0,0,0,0,177,32,0,0,0,0
51,cn5039,coarse_edge_mesh,setup,0.0145804110002,1,0,0,0,0,0,0,510,0,0,0,0,0,2,0,0,0,0,0
51,cn5039,coarse_surface_mesh,setup,8.61337971,1,0,0,0,0,0,0,17158,0,0,0,0,0,24,22,0,0,0,0
51,cn5039,coarse_volume_mesh,setup,13.341317976,1,0,0,0,0,0,0,27736,0,0,0,0,0,37839,1639851,0,0,0,0
51,cn5039,coarse_mesh_save,io,0,0,0,0,0,0,0,0,0,0,0,0,0,0,0,0,0,0,0,0
51,cn5039,submesh_initialization,setup,0.000194603000182,1,0,0,0,0,0,0,59,0,0,0,0,0,0,0,0,0,0,0
51,cn5039,metis_partition,compute,0.246115414,1,0,0,0,0,0,0,1882,0,0,0,0,0,0,0,0,0,0,0
51,cn5039,face_map_setup,compute,0.00776534199986,1,0,0,0,0,0,0,549,0,0,0,0,0,0,0,0,0,0,0
51,cn5039,face_local_extract,compute,0.160273754,1,0,0,0,0,0,0,808,0,0,0,0,0,0,0,0,0,0,0
51,cn5039,face_pre_collective_wait,synchronization,0.022613695,1,0,0,0,0,0,0,6,0,0,0,0,0,0,0,0,0,0,0
51,cn5039,face_collective_setup,compute,0.00265591400012,1,0,0,0,0,0,0,16,0,0,0,0,0,3,0,0,0,0,0
51,cn5039,face_allgatherv,communication,0.227219828,1,0,0,0,0,0,0,1231,0,0,0,0,0,1,1,1,1,37904,4859624
51,cn5039,face_global_merge,compute,0.0801285270004,1,0,0,0,0,0,0,613,0,0,0,0,0,0,1,0,0,0,0
51,cn5039,part_face_create,compute,0.0192063310001,1,0,0,0,0,0,0,25,0,0,0,0,0,0,0,0,0,0,0
51,cn5039,surface_refine,compute,0.0102143530003,1,0,0,0,0,0,0,46,0,0,0,0,0,0,0,0,0,0,0
51,cn5039,refined_surface_save,io,0,0,0,0,0,0,0,0,0,0,0,0,0,0,0,0,0,0,0,0
51,cn5039,local_volume_mesh,compute,8.419863583,1,0,0,0,0,0,0,4370,0,0,0,0,0,13569,814128,0,0,0,0
51,cn5039,volume_refine,compute,0.42426534,1,0,0,0,0,0,0,7320,0,0,0,0,0,0,1,0,0,0,0
51,cn5039,refined_volume_save,io,0,0,0,0,0,0,0,0,0,0,0,0,0,0,0,0,0,0,0,0
51,cn5039,adjacency_build,compute,0.00469230099998,1,0,0,0,0,0,0,15,0,0,0,0,0,0,0,0,0,0,0
51,cn5039,vertex_numbering_local,compute,0.0147337120002,1,0,0,0,0,0,0,46,0,0,0,0,0,0,0,0,0,0,0
51,cn5039,vertex_count_allgather,communication,3.049483426,1,0,0,0,0,0,0,85,0,0,0,0,0,0,8,1,1,4,512
51,cn5039,element_count_allgather,communication,0.000902911999674,1,0,0,0,0,0,0,0,0,0,0,0,0,0,0,1,1,4,512
51,cn5039,vertex_exchange_prepare,compute,0.000213863000226,1,0,0,0,0,0,0,58,0,0,0,0,0,0,0,0,0,0,0
51,cn5039,vertex_exchange,communication,0.0166197170001,1,0,0,0,0,0,0,647,0,0,0,0,0,2,0,9,9,81422,251130
51,cn5039,vertex_exchange_unpack,compute,0.00362024800006,1,0,0,0,0,0,0,0,0,0,0,0,0,0,0,0,0,0,0
51,cn5039,partition_result_io,io,0,0,0,0,0,0,0,0,0,0,0,0,0,0,0,0,0,0,0,0
51,cn5039,volume_exchange_pack,compute,0.178024085,2,0,0,0,0,0,0,1230,0,0,0,0,0,0,0,0,0,0,0
51,cn5039,volume_size_exchange,communication,0.0925361089999,1,0,0,0,0,0,0,12,0,0,0,0,0,0,0,10,10,40,40
51,cn5039,volume_payload_prepare,compute,0.00043828600019,1,0,0,0,0,0,0,136,0,0,0,0,0,0,0,0,0,0,0
51,cn5039,volume_payload_exchange,communication,0.0034374249999,1,0,0,0,0,0,0,561,0,0,0,0,0,0,0,10,10,3578640,3574800
51,cn5039,volume_exchange_unpack,compute,0.135717832,1,0,0,0,0,0,0,4301,0,0,0,0,0,0,0,0,0,0,0
51,cn5039,final_mesh_save,io,0,0,0,0,0,0,0,0,0,0,0,0,0,0,0,0,0,0,0,0
51,cn5039,testout_io,io,0,0,0,0,0,0,0,0,0,0,0,0,0,0,0,0,0,0,0,0
51,cn5039,final_count_exchange,communication,0,0,0,0,0,0,0,0,0,0,0,0,0,0,0,0,0,0,0,0
51,cn5039,quality_evaluation,postprocess,0,0,0,0,0,0,0,0,0,0,0,0,0,0,0,0,0,0,0,0
52,cn5040,geometry_load,io,1.968178545,1,0,0,0,0,0,0,5895,0,1035097,0,10428416,0,203,2,0,0,0,0
52,cn5040,coarse_local_size,setup,0.659540923,1,0,0,0,0,0,0,8556,0,0,0,0,0,210,42,0,0,0,0
52,cn5040,coarse_edge_mesh,setup,0.0143270920003,1,0,0,0,0,0,0,517,0,0,0,0,0,2,0,0,0,0,0
52,cn5040,coarse_surface_mesh,setup,8.399350844,1,0,0,0,0,0,0,17228,0,0,0,0,0,24,10,0,0,0,0
52,cn5040,coarse_volume_mesh,setup,13.373204871,1,0,0,0,0,0,0,27482,0,0,0,0,0,37624,1488359,0,0,0,0
52,cn5040,coarse_mesh_save,io,0,0,0,0,0,0,0,0,0,0,0,0,0,0,0,0,0,0,0,0
52,cn5040,submesh_initialization,setup,0.000183282999842,1,0,0,0,0,0,0,51,0,0,0,0,0,0,0,0,0,0,0
52,cn5040,metis_partition,compute,0.242265118,1,0,0,0,0,0,0,1403,0,0,0,0,0,0,1,0,0,0,0
52,cn5040,face_map_setup,compute,0.00737320899998,1,0,0,0,0,0,0,490,0,0,0,0,0,0,0,0,0,0,0
52,cn5040,face_local_extract,compute,0.157191593,1,0,0,0,0,0,0,899,0,0,0,0,0,0,0,0,0,0,0
52,cn5040,face_pre_collective_wait,synchronization,0.0299824620001,1,0,0,0,0,0,0,5,0,0,0,0,0,0,0,0,0,0,0
52,cn5040,face_collective_setup,compute,0.00333512000043,1,0,0,0,0,0,0,16,0,0,0,0,0,3,0,0,0,0,0
52,cn5040,face_allgatherv,communication,0.226549669,1,0,0,0,0,0,0,1202,0,0,0,0,0,1,0,1,1,37904,4859624
52,cn5040,face_global_merge,compute,0.079855942,1,0,0,0,0,0,0,638,0,0,0,0,0,0,0,0,0,0,0
52,cn5040,part_face_create,compute,0.0190245690001,1,0,0,0,0,0,0,17,0,0,0,0,0,0,0,0,0,0,0
52,cn5040,surface_refine,compute,0.0106997089997,1,0,0,0,0,0,0,45,0,0,0,0,0,0,0,0,0,0,0
52,cn5040,refined_surface_save,io,0,0,0,0,0,0,0,0,0,0,0,0,0,0,0,0,0,0,0,0
52,cn5040,local_volume_mesh,compute,9.701760411,1,0,0,0,0,0,0,4181,0,0,0,0,0,13360,748325,0,0,0,0
52,cn5040,volume_refine,compute,0.514338895,1,0,0,0,0,0,0,5639,0,0,0,0,0,0,0,0,0,0,0
52,cn5040,refined_volume_save,io,0,0,0,0,0,0,0,0,0,0,0,0,0,0,0,0,0,0,0,0
52,cn5040,adjacency_build,compute,0.00398334800002,1,0,0,0,0,0,0,0,0,0,0,0,0,0,0,0,0,0,0
52,cn5040,vertex_numbering_local,compute,0.00945291399967,1,0,0,0,0,0,0,2,0,0,0,0,0,0,0,0,0,0,0
52,cn5040,vertex_count_allgather,communication,1.683520497,1,0,0,0,0,0,0,26,0,0,0,0,0,0,3,1,1,4,512
52,cn5040,element_count_allgather,communication,0.000842589999593,1,0,0,0,0,0,0,0,0,0,0,0,0,0,0,1,1,4,512
52,cn5040,vertex_exchange_prepare,compute,1.20400000014e-05,1,0,0,0,0,0,0,0,0,0,0,0,0,0,0,0,0,0,0
52,cn5040,vertex_exchange,communication,0.0142156910001,1,0,0,0,0,0,0,17,0,0,0,0,0,2,0,3,3,76318,15730
52,cn5040,vertex_exchange_unpack,compute,0.000251182999818,1,0,0,0,0,0,0,0,0,0,0,0,0,0,0,0,0,0,0
52,cn5040,partition_result_io,io,0,0,0,0,0,0,0,0,0,0,0,0,0,0,0,0,0,0,0,0
52,cn5040,volume_exchange_pack,compute,0.142961683,2,0,0,0,0,0,0,1,0,0,0,0,0,0,0,0,0,0,0
52,cn5040,volume_size_exchange,communication,0.03324982,1,0,0,0,0,0,0,0,0,0,0,0,0,0,0,3,3,12,12
52,cn5040,volume_payload_prepare,compute,7.36409997444e-05,1,0,0,0,0,0,0,0,0,0,0,0,0,0,0,0,0,0,0
52,cn5040,volume_payload_exchange,communication,0.00359006300005,1,0,0,0,0,0,0,16,0,0,0,0,0,0,0,3,3,963360,959640
52,cn5040,volume_exchange_unpack,compute,0.101008136,1,0,0,0,0,0,0,3399,0,0,0,0,0,0,0,0,0,0,0
52,cn5040,final_mesh_save,io,0,0,0,0,0,0,0,0,0,0,0,0,0,0,0,0,0,0,0,0
52,cn5040,testout_io,io,0,0,0,0,0,0,0,0,0,0,0,0,0,0,0,0,0,0,0,0
52,cn5040,final_count_exchange,communication,0,0,0,0,0,0,0,0,0,0,0,0,0,0,0,0,0,0,0,0
52,cn5040,quality_evaluation,postprocess,0,0,0,0,0,0,0,0,0,0,0,0,0,0,0,0,0,0,0,0
53,cn5041,geometry_load,io,2.073994919,1,0,0,0,0,0,0,5895,0,1035097,0,10428416,0,203,4,0,0,0,0
53,cn5041,coarse_local_size,setup,0.530847385,1,0,0,0,0,0,0,8361,0,0,0,0,0,189,28,0,0,0,0
53,cn5041,coarse_edge_mesh,setup,0.0142142019999,1,0,0,0,0,0,0,517,0,0,0,0,0,2,0,0,0,0,0
53,cn5041,coarse_surface_mesh,setup,8.717522578,1,0,0,0,0,0,0,15458,0,0,0,0,0,24,9,0,0,0,0
53,cn5041,coarse_volume_mesh,setup,13.429295754,1,0,0,0,0,0,0,23378,0,0,0,0,0,35319,1566935,0,0,0,0
53,cn5041,coarse_mesh_save,io,0,0,0,0,0,0,0,0,0,0,0,0,0,0,0,0,0,0,0,0
53,cn5041,submesh_initialization,setup,0.000143581999964,1,0,0,0,0,0,0,6,0,0,0,0,0,0,0,0,0,0,0
53,cn5041,metis_partition,compute,0.233902815,1,0,0,0,0,0,0,456,0,0,0,0,0,0,1,0,0,0,0
53,cn5041,face_map_setup,compute,0.00707037999973,1,0,0,0,0,0,0,262,0,0,0,0,0,0,0,0,0,0,0
53,cn5041,face_local_extract,compute,0.158075214,1,0,0,0,0,0,0,199,0,0,0,0,0,0,0,0,0,0,0
53,cn5041,face_pre_collective_wait,synchronization,0.03790093,1,0,0,0,0,0,0,8,0,0,0,0,0,0,0,0,0,0,0
53,cn5041,face_collective_setup,compute,0.00274329100012,1,0,0,0,0,0,0,16,0,0,0,0,0,3,0,0,0,0,0
53,cn5041,face_allgatherv,communication,0.227063997,1,0,0,0,0,0,0,46,0,0,0,0,0,1,0,1,1,37904,4859624
53,cn5041,face_global_merge,compute,0.074801749,1,0,0,0,0,0,0,100,0,0,0,0,0,0,0,0,0,0,0
53,cn5041,part_face_create,compute,0.018044984,1,0,0,0,0,0,0,5,0,0,0,0,0,0,0,0,0,0,0
53,cn5041,surface_refine,compute,0.00895278100006,1,0,0,0,0,0,0,41,0,0,0,0,0,0,0,0,0,0,0
53,cn5041,refined_surface_save,io,0,0,0,0,0,0,0,0,0,0,0,0,0,0,0,0,0,0,0,0
53,cn5041,local_volume_mesh,compute,8.227030131,1,0,0,0,0,0,0,1880,0,0,0,0,0,12250,543272,0,0,0,0
53,cn5041,volume_refine,compute,0.425948895,1,0,0,0,0,0,0,5775,0,0,0,0,0,0,1,0,0,0,0
53,cn5041,refined_volume_save,io,0,0,0,0,0,0,0,0,0,0,0,0,0,0,0,0,0,0,0,0
53,cn5041,adjacency_build,compute,0.00418532799995,1,0,0,0,0,0,0,0,0,0,0,0,0,0,0,0,0,0,0
53,cn5041,vertex_numbering_local,compute,0.010728022,1,0,0,0,0,0,0,61,0,0,0,0,0,0,0,0,0,0,0
53,cn5041,vertex_count_allgather,communication,3.253506125,1,0,0,0,0,0,0,83,0,0,0,0,0,0,3,1,1,4,512
53,cn5041,element_count_allgather,communication,0.000864610000008,1,0,0,0,0,0,0,0,0,0,0,0,0,0,0,1,1,4,512
53,cn5041,vertex_exchange_prepare,compute,0.00011596100012,1,0,0,0,0,0,0,31,0,0,0,0,0,0,0,0,0,0,0
53,cn5041,vertex_exchange,communication,0.0160347020001,1,0,0,0,0,0,0,268,0,0,0,0,0,2,0,5,3,75790,118866
53,cn5041,vertex_exchange_unpack,compute,0.00165603799996,1,0,0,0,0,0,0,0,0,0,0,0,0,0,0,0,0,0,0
53,cn5041,partition_result_io,io,0,0,0,0,0,0,0,0,0,0,0,0,0,0,0,0,0,0,0,0
53,cn5041,volume_exchange_pack,compute,0.150197585,2,0,0,0,0,0,0,899,0,0,0,0,0,0,0,0,0,0,0
53,cn5041,volume_size_exchange,communication,0.0228969999998,1,0,0,0,0,0,0,1,0,0,0,0,0,0,0,5,5,20,20
53,cn5041,volume_payload_prepare,compute,0.000216863000333,1,0,0,0,0,0,0,34,0,0,0,0,0,0,0,0,0,0,0
53,cn5041,volume_payload_exchange,communication,0.00895160100026,1,0,0,0,0,0,0,215,0,0,0,0,0,0,0,5,5,2051280,2046120
53,cn5041,volume_exchange_unpack,compute,0.118417764,1,0,0,0,0,0,0,4449,0,0,0,0,0,0,0,0,0,0,0
53,cn5041,final_mesh_save,io,0,0,0,0,0,0,0,0,0,0,0,0,0,0,0,0,0,0,0,0
53,cn5041,testout_io,io,0,0,0,0,0,0,0,0,0,0,0,0,0,0,0,0,0,0,0,0
53,cn5041,final_count_exchange,communication,0,0,0,0,0,0,0,0,0,0,0,0,0,0,0,0,0,0,0,0
53,cn5041,quality_evaluation,postprocess,0,0,0,0,0,0,0,0,0,0,0,0,0,0,0,0,0,0,0,0
54,cn5042,geometry_load,io,2.643698215,1,0,0,0,0,0,0,5896,0,1035097,0,10428416,0,203,16,0,0,0,0
54,cn5042,coarse_local_size,setup,0.516579607,1,0,0,0,0,0,0,8505,0,0,0,0,0,190,32,0,0,0,0
54,cn5042,coarse_edge_mesh,setup,0.0144396619999,1,0,0,0,0,0,0,491,0,0,0,0,0,2,0,0,0,0,0
54,cn5042,coarse_surface_mesh,setup,8.395890452,1,0,0,0,0,0,0,15200,0,0,0,0,0,24,80,0,0,0,0
54,cn5042,coarse_volume_mesh,setup,13.466705916,1,0,0,0,0,0,0,27994,0,0,0,0,0,36859,1667645,0,0,0,0
54,cn5042,coarse_mesh_save,io,0,0,0,0,0,0,0,0,0,0,0,0,0,0,0,0,0,0,0,0
54,cn5042,submesh_initialization,setup,0.000190522000139,1,0,0,0,0,0,0,58,0,0,0,0,0,0,0,0,0,0,0
54,cn5042,metis_partition,compute,0.247377871,1,0,0,0,0,0,0,2142,0,0,0,0,0,0,3,0,0,0,0
54,cn5042,face_map_setup,compute,0.00768866599992,1,0,0,0,0,0,0,569,0,0,0,0,0,0,0,0,0,0,0
54,cn5042,face_local_extract,compute,0.15983217,1,0,0,0,0,0,0,909,0,0,0,0,0,0,2,0,0,0,0
54,cn5042,face_pre_collective_wait,synchronization,0.0219285650001,1,0,0,0,0,0,0,10,0,0,0,0,0,0,0,0,0,0,0
54,cn5042,face_collective_setup,compute,0.00334169799999,1,0,0,0,0,0,0,16,0,0,0,0,0,3,0,0,0,0,0
54,cn5042,face_allgatherv,communication,0.226409156,1,0,0,0,0,0,0,643,0,0,0,0,0,1,2,1,1,37904,4859624
54,cn5042,face_global_merge,compute,0.0798812550001,1,0,0,0,0,0,0,425,0,0,0,0,0,0,0,0,0,0,0
54,cn5042,part_face_create,compute,0.0193214369997,1,0,0,0,0,0,0,17,0,0,0,0,0,0,0,0,0,0,0
54,cn5042,surface_refine,compute,0.0110946240002,1,0,0,0,0,0,0,52,0,0,0,0,0,0,0,0,0,0,0
54,cn5042,refined_surface_save,io,0,0,0,0,0,0,0,0,0,0,0,0,0,0,0,0,0,0,0,0
54,cn5042,local_volume_mesh,compute,9.788698755,1,0,0,0,0,0,0,5194,0,0,0,0,0,10713,868580,0,0,0,0
54,cn5042,volume_refine,compute,0.52754961,1,0,0,0,0,0,0,5556,0,0,0,0,0,0,4,0,0,0,0
54,cn5042,refined_volume_save,io,0,0,0,0,0,0,0,0,0,0,0,0,0,0,0,0,0,0,0,0
54,cn5042,adjacency_build,compute,0.00429420800037,1,0,0,0,0,0,0,2,0,0,0,0,0,0,0,0,0,0,0
54,cn5042,vertex_numbering_local,compute,0.00968720899982,1,0,0,0,0,0,0,4,0,0,0,0,0,0,0,0,0,0,0
54,cn5042,vertex_count_allgather,communication,1.582103083,1,0,0,0,0,0,0,48,0,0,0,0,0,0,16,1,1,4,512
54,cn5042,element_count_allgather,communication,0.000861048999923,1,0,0,0,0,0,0,0,0,0,0,0,0,0,0,1,1,4,512
54,cn5042,vertex_exchange_prepare,compute,1.64999996741e-05,1,0,0,0,0,0,0,0,0,0,0,0,0,0,0,0,0,0,0
54,cn5042,vertex_exchange,communication,0.0148412860003,1,0,0,0,0,0,0,289,0,0,0,0,0,2,1,3,3,47146,48268
54,cn5042,vertex_exchange_unpack,compute,0.000740468000004,1,0,0,0,0,0,0,0,0,0,0,0,0,0,0,0,0,0,0
54,cn5042,partition_result_io,io,0,0,0,0,0,0,0,0,0,0,0,0,0,0,0,0,0,0,0,0
54,cn5042,volume_exchange_pack,compute,0.144334537,2,0,0,0,0,0,0,1,0,0,0,0,0,0,1,0,0,0,0
54,cn5042,volume_size_exchange,communication,0.0306648229998,1,0,0,0,0,0,0,4,0,0,0,0,0,0,0,4,4,16,16
54,cn5042,volume_payload_prepare,compute,7.57010002417e-05,1,0,0,0,0,0,0,0,0,0,0,0,0,0,0,0,0,0,0
54,cn5042,volume_payload_exchange,communication,0.00821993199997,1,0,0,0,0,0,0,5,0,0,0,0,0,0,0,4,4,998160,988320
54,cn5042,volume_exchange_unpack,compute,0.102484648,1,0,0,0,0,0,0,3032,0,0,0,0,0,0,1,0,0,0,0
54,cn5042,final_mesh_save,io,0,0,0,0,0,0,0,0,0,0,0,0,0,0,0,0,0,0,0,0
54,cn5042,testout_io,io,0,0,0,0,0,0,0,0,0,0,0,0,0,0,0,0,0,0,0,0
54,cn5042,final_count_exchange,communication,0,0,0,0,0,0,0,0,0,0,0,0,0,0,0,0,0,0,0,0
54,cn5042,quality_evaluation,postprocess,0,0,0,0,0,0,0,0,0,0,0,0,0,0,0,0,0,0,0,0
55,cn5043,geometry_load,io,2.027447086,1,0,0,0,0,0,0,5895,0,1035097,0,10428416,0,203,4,0,0,0,0
55,cn5043,coarse_local_size,setup,0.52644495,1,0,0,0,0,0,0,8587,0,0,0,0,0,194,30,0,0,0,0
55,cn5043,coarse_edge_mesh,setup,0.0149369270002,1,0,0,0,0,0,0,526,0,0,0,0,0,2,0,0,0,0,0
55,cn5043,coarse_surface_mesh,setup,8.642426643,1,0,0,0,0,0,0,17226,0,0,0,0,0,24,17,0,0,0,0
55,cn5043,coarse_volume_mesh,setup,13.568764606,1,0,0,0,0,0,0,27698,0,0,0,0,0,35821,1564456,0,0,0,0
55,cn5043,coarse_mesh_save,io,0,0,0,0,0,0,0,0,0,0,0,0,0,0,0,0,0,0,0,0
55,cn5043,submesh_initialization,setup,0.000190201999885,1,0,0,0,0,0,0,58,0,0,0,0,0,0,0,0,0,0,0
55,cn5043,metis_partition,compute,0.251900139,1,0,0,0,0,0,0,1974,0,0,0,0,0,0,0,0,0,0,0
55,cn5043,face_map_setup,compute,0.00792370799991,1,0,0,0,0,0,0,575,0,0,0,0,0,0,0,0,0,0,0
55,cn5043,face_local_extract,compute,0.163289827,1,0,0,0,0,0,0,902,0,0,0,0,0,0,0,0,0,0,0
55,cn5043,face_pre_collective_wait,synchronization,0.0136574929998,1,0,0,0,0,0,0,6,0,0,0,0,0,0,0,0,0,0,0
55,cn5043,face_collective_setup,compute,0.00334445699991,1,0,0,0,0,0,0,16,0,0,0,0,0,3,0,0,0,0,0
55,cn5043,face_allgatherv,communication,0.227528406,1,0,0,0,0,0,0,734,0,0,0,0,0,1,1,1,1,37904,4859624
55,cn5043,face_global_merge,compute,0.080272358,1,0,0,0,0,0,0,592,0,0,0,0,0,0,0,0,0,0,0
55,cn5043,part_face_create,compute,0.019228355,1,0,0,0,0,0,0,19,0,0,0,0,0,0,0,0,0,0,0
55,cn5043,surface_refine,compute,0.00954226700014,1,0,0,0,0,0,0,49,0,0,0,0,0,0,0,0,0,0,0
55,cn5043,refined_surface_save,io,0,0,0,0,0,0,0,0,0,0,0,0,0,0,0,0,0,0,0,0
55,cn5043,local_volume_mesh,compute,7.862100356,1,0,0,0,0,0,0,4662,0,0,0,0,0,12475,492172,0,0,0,0
55,cn5043,volume_refine,compute,0.420608866,1,0,0,0,0,0,0,6892,0,0,0,0,0,0,0,0,0,0,0
55,cn5043,refined_volume_save,io,0,0,0,0,0,0,0,0,0,0,0,0,0,0,0,0,0,0,0,0
55,cn5043,adjacency_build,compute,0.00449962999983,1,0,0,0,0,0,0,10,0,0,0,0,0,0,0,0,0,0,0
55,cn5043,vertex_numbering_local,compute,0.0115842500004,1,0,0,0,0,0,0,5,0,0,0,0,0,0,0,0,0,0,0
55,cn5043,vertex_count_allgather,communication,3.61389192,1,0,0,0,0,0,0,69,0,0,0,0,0,0,4,1,1,4,512
55,cn5043,element_count_allgather,communication,0.000768248999975,1,0,0,0,0,0,0,29,0,0,0,0,0,0,0,1,1,4,512
55,cn5043,vertex_exchange_prepare,compute,0.000163461000284,1,0,0,0,0,0,0,87,0,0,0,0,0,0,0,0,0,0,0
55,cn5043,vertex_exchange,communication,0.0219111649999,1,0,0,0,0,0,0,118,0,0,0,0,0,2,0,0,7,0,260832
55,cn5043,vertex_exchange_unpack,compute,0.00626178999983,1,0,0,0,0,0,0,1903,0,0,0,0,0,0,0,0,0,0,0
55,cn5043,partition_result_io,io,0,0,0,0,0,0,0,0,0,0,0,0,0,0,0,0,0,0,0,0
55,cn5043,volume_exchange_pack,compute,0.162314596,2,0,0,0,0,0,0,1907,0,0,0,0,0,0,0,0,0,0,0
55,cn5043,volume_size_exchange,communication,0.000114901000416,1,0,0,0,0,0,0,3,0,0,0,0,0,0,0,7,7,28,28
55,cn5043,volume_payload_prepare,compute,0.0002116630003,1,0,0,0,0,0,0,2,0,0,0,0,0,0,0,0,0,0,0
55,cn5043,volume_payload_exchange,communication,0.00829305200023,1,0,0,0,0,0,0,35,0,0,0,0,0,0,0,7,7,2784720,2797080
55,cn5043,volume_exchange_unpack,compute,0.111288205,1,0,0,0,0,0,0,3467,0,0,0,0,0,0,0,0,0,0,0
55,cn5043,final_mesh_save,io,0,0,0,0,0,0,0,0,0,0,0,0,0,0,0,0,0,0,0,0
55,cn5043,testout_io,io,0,0,0,0,0,0,0,0,0,0,0,0,0,0,0,0,0,0,0,0
55,cn5043,final_count_exchange,communication,0,0,0,0,0,0,0,0,0,0,0,0,0,0,0,0,0,0,0,0
55,cn5043,quality_evaluation,postprocess,0,0,0,0,0,0,0,0,0,0,0,0,0,0,0,0,0,0,0,0
56,cn5044,geometry_load,io,1.935279703,1,0,0,0,0,0,0,5898,0,1035097,0,10428416,0,203,16,0,0,0,0
56,cn5044,coarse_local_size,setup,0.496639438,1,0,0,0,0,0,0,8518,0,0,0,0,0,192,30,0,0,0,0
56,cn5044,coarse_edge_mesh,setup,0.0146817309997,1,0,0,0,0,0,0,490,0,0,0,0,0,2,0,0,0,0,0
56,cn5044,coarse_surface_mesh,setup,8.245555931,1,0,0,0,0,0,0,14784,0,0,0,0,0,24,70,0,0,0,0
56,cn5044,coarse_volume_mesh,setup,13.444372249,1,0,0,0,0,0,0,27950,0,0,0,0,0,38180,1768089,0,0,0,0
56,cn5044,coarse_mesh_save,io,0,0,0,0,0,0,0,0,0,0,0,0,0,0,0,0,0,0,0,0
56,cn5044,submesh_initialization,setup,0.000188481999885,1,0,0,0,0,0,0,59,0,0,0,0,0,0,0,0,0,0,0
56,cn5044,metis_partition,compute,0.23840572,1,0,0,0,0,0,0,2225,0,0,0,0,0,0,3,0,0,0,0
56,cn5044,face_map_setup,compute,0.00785457000029,1,0,0,0,0,0,0,574,0,0,0,0,0,0,0,0,0,0,0
56,cn5044,face_local_extract,compute,0.162617796,1,0,0,0,0,0,0,894,0,0,0,0,0,0,1,0,0,0,0
56,cn5044,face_pre_collective_wait,synchronization,0.027920219,1,0,0,0,0,0,0,11,0,0,0,0,0,0,1,0,0,0,0
56,cn5044,face_collective_setup,compute,0.00317689599979,1,0,0,0,0,0,0,16,0,0,0,0,0,3,0,0,0,0,0
56,cn5044,face_allgatherv,communication,0.227790919,1,0,0,0,0,0,0,832,0,0,0,0,0,1,1,1,1,37904,4859624
56,cn5044,face_global_merge,compute,0.0781918720004,1,0,0,0,0,0,0,401,0,0,0,0,0,0,1,0,0,0,0
56,cn5044,part_face_create,compute,0.0190118370001,1,0,0,0,0,0,0,14,0,0,0,0,0,0,0,0,0,0,0
56,cn5044,surface_refine,compute,0.00693217900016,1,0,0,0,0,0,0,9,0,0,0,0,0,0,0,0,0,0,0
56,cn5044,refined_surface_save,io,0,0,0,0,0,0,0,0,0,0,0,0,0,0,0,0,0,0,0,0
56,cn5044,local_volume_mesh,compute,7.193497212,1,0,0,0,0,0,0,2445,0,0,0,0,0,13145,550661,0,0,0,0
56,cn5044,volume_refine,compute,0.372357248,1,0,0,0,0,0,0,4571,0,0,0,0,0,0,3,0,0,0,0
56,cn5044,refined_volume_save,io,0,0,0,0,0,0,0,0,0,0,0,0,0,0,0,0,0,0,0,0
56,cn5044,adjacency_build,compute,0.00412106700014,1,0,0,0,0,0,0,7,0,0,0,0,0,0,0,0,0,0,0
56,cn5044,vertex_numbering_local,compute,0.0055778840001,1,0,0,0,0,0,0,3,0,0,0,0,0,0,0,0,0,0,0
56,cn5044,vertex_count_allgather,communication,4.342061979,1,0,0,0,0,0,0,48,0,0,0,0,0,0,38,1,1,4,512
56,cn5044,element_count_allgather,communication,0.000905389999843,1,0,0,0,0,0,0,0,0,0,0,0,0,0,0,1,1,4,512
56,cn5044,vertex_exchange_prepare,compute,6.85999975758e-06,1,0,0,0,0,0,0,0,0,0,0,0,0,0,0,0,0,0,0
56,cn5044,vertex_exchange,communication,0.00481853500014,1,0,0,0,0,0,0,22,0,0,0,0,0,2,0,1,0,67078,0
56,cn5044,vertex_exchange_unpack,compute,2.49999993684e-06,1,0,0,0,0,0,0,0,0,0,0,0,0,0,0,0,0,0,0
56,cn5044,partition_result_io,io,0,0,0,0,0,0,0,0,0,0,0,0,0,0,0,0,0,0,0,0
56,cn5044,volume_exchange_pack,compute,0.100114522,2,0,0,0,0,0,0,1,0,0,0,0,0,0,1,0,0,0,0
56,cn5044,volume_size_exchange,communication,0.03162522,1,0,0,0,0,0,0,2,0,0,0,0,0,0,0,1,1,4,4
56,cn5044,volume_payload_prepare,compute,5.24199999745e-05,1,0,0,0,0,0,0,0,0,0,0,0,0,0,0,0,0,0,0
56,cn5044,volume_payload_exchange,communication,0.15600704,1,0,0,0,0,0,0,6,0,0,0,0,0,0,1,1,1,719760,709920
56,cn5044,volume_exchange_unpack,compute,0.0711029120002,1,0,0,0,0,0,0,1798,0,0,0,0,0,0,1,0,0,0,0
56,cn5044,final_mesh_save,io,0,0,0,0,0,0,0,0,0,0,0,0,0,0,0,0,0,0,0,0
56,cn5044,testout_io,io,0,0,0,0,0,0,0,0,0,0,0,0,0,0,0,0,0,0,0,0
56,cn5044,final_count_exchange,communication,0,0,0,0,0,0,0,0,0,0,0,0,0,0,0,0,0,0,0,0
56,cn5044,quality_evaluation,postprocess,0,0,0,0,0,0,0,0,0,0,0,0,0,0,0,0,0,0,0,0
57,cn5045,geometry_load,io,1.937838692,1,0,0,0,0,0,0,5897,0,1035097,0,10428416,0,203,2,0,0,0,0
57,cn5045,coarse_local_size,setup,0.503771579,1,0,0,0,0,0,0,8671,0,0,0,0,0,190,28,0,0,0,0
57,cn5045,coarse_edge_mesh,setup,0.0141670500002,1,0,0,0,0,0,0,509,0,0,0,0,0,2,0,0,0,0,0
57,cn5045,coarse_surface_mesh,setup,8.41628302,1,0,0,0,0,0,0,17184,0,0,0,0,0,24,10,0,0,0,0
57,cn5045,coarse_volume_mesh,setup,13.269264894,1,0,0,0,0,0,0,24274,0,0,0,0,0,36775,1531660,0,0,0,0
57,cn5045,coarse_mesh_save,io,0,0,0,0,0,0,0,0,0,0,0,0,0,0,0,0,0,0,0,0
57,cn5045,submesh_initialization,setup,0.000136501999805,1,0,0,0,0,0,0,5,0,0,0,0,0,0,0,0,0,0,0
57,cn5045,metis_partition,compute,0.227457157,1,0,0,0,0,0,0,481,0,0,0,0,0,0,0,0,0,0,0
57,cn5045,face_map_setup,compute,0.00686188200007,1,0,0,0,0,0,0,263,0,0,0,0,0,0,0,0,0,0,0
57,cn5045,face_local_extract,compute,0.15963637,1,0,0,0,0,0,0,199,0,0,0,0,0,0,1,0,0,0,0
57,cn5045,face_pre_collective_wait,synchronization,0.0429928780004,1,0,0,0,0,0,0,7,0,0,0,0,0,0,0,0,0,0,0
57,cn5045,face_collective_setup,compute,0.00324992800006,1,0,0,0,0,0,0,13,0,0,0,0,0,3,0,0,0,0,0
57,cn5045,face_allgatherv,communication,0.227714121,1,0,0,0,0,0,0,550,0,0,0,0,0,1,0,1,1,37904,4859624
57,cn5045,face_global_merge,compute,0.0737030939999,1,0,0,0,0,0,0,32,0,0,0,0,0,0,0,0,0,0,0
57,cn5045,part_face_create,compute,0.0179024459999,1,0,0,0,0,0,0,3,0,0,0,0,0,0,0,0,0,0,0
57,cn5045,surface_refine,compute,0.00834002400006,1,0,0,0,0,0,0,43,0,0,0,0,0,0,0,0,0,0,0
57,cn5045,refined_surface_save,io,0,0,0,0,0,0,0,0,0,0,0,0,0,0,0,0,0,0,0,0
57,cn5045,local_volume_mesh,compute,8.082108478,1,0,0,0,0,0,0,1912,0,0,0,0,0,14155,658847,0,0,0,0
57,cn5045,volume_refine,compute,0.374398139,1,0,0,0,0,0,0,4940,0,0,0,0,0,0,0,0,0,0,0
57,cn5045,refined_volume_save,io,0,0,0,0,0,0,0,0,0,0,0,0,0,0,0,0,0,0,0,0
57,cn5045,adjacency_build,compute,0.00407250000035,1,0,0,0,0,0,0,4,0,0,0,0,0,0,0,0,0,0,0
57,cn5045,vertex_numbering_local,compute,0.00927803700006,1,0,0,0,0,0,0,232,0,0,0,0,0,0,0,0,0,0,0
57,cn5045,vertex_count_allgather,communication,3.451882331,1,0,0,0,0,0,0,65,0,0,0,0,0,0,4,1,1,4,512
57,cn5045,element_count_allgather,communication,0.000864232999902,1,0,0,0,0,0,0,0,0,0,0,0,0,0,0,1,1,4,512
57,cn5045,vertex_exchange_prepare,compute,7.64219998928e-05,1,0,0,0,0,0,0,23,0,0,0,0,0,0,0,0,0,0,0
57,cn5045,vertex_exchange,communication,0.0131659150002,1,0,0,0,0,0,0,23,0,0,0,0,0,2,0,4,2,61578,86658
57,cn5045,vertex_exchange_unpack,compute,0.00118831700001,1,0,0,0,0,0,0,0,0,0,0,0,0,0,0,0,0,0,0
57,cn5045,partition_result_io,io,0,0,0,0,0,0,0,0,0,0,0,0,0,0,0,0,0,0,0,0
57,cn5045,volume_exchange_pack,compute,0.121354702,2,0,0,0,0,0,0,573,0,0,0,0,0,0,0,0,0,0,0
57,cn5045,volume_size_exchange,communication,0.154481314,1,0,0,0,0,0,0,0,0,0,0,0,0,0,0,4,4,16,16
57,cn5045,volume_payload_prepare,compute,0.000297984000099,1,0,0,0,0,0,0,102,0,0,0,0,0,0,0,0,0,0,0
57,cn5045,volume_payload_exchange,communication,0.00221447300009,1,0,0,0,0,0,0,237,0,0,0,0,0,0,0,4,4,1542840,1558080
57,cn5045,volume_exchange_unpack,compute,0.0896006899998,1,0,0,0,0,0,0,3520,0,0,0,0,0,0,0,0,0,0,0
57,cn5045,final_mesh_save,io,0,0,0,0,0,0,0,0,0,0,0,0,0,0,0,0,0,0,0,0
57,cn5045,testout_io,io,0,0,0,0,0,0,0,0,0,0,0,0,0,0,0,0,0,0,0,0
57,cn5045,final_count_exchange,communication,0,0,0,0,0,0,0,0,0,0,0,0,0,0,0,0,0,0,0,0
57,cn5045,quality_evaluation,postprocess,0,0,0,0,0,0,0,0,0,0,0,0,0,0,0,0,0,0,0,0
58,cn5046,geometry_load,io,1.995886616,1,0,0,0,0,0,0,5894,0,1035097,0,10428416,0,203,19,0,0,0,0
58,cn5046,coarse_local_size,setup,0.521489964,1,0,0,0,0,0,0,8369,0,0,0,0,0,187,30,0,0,0,0
58,cn5046,coarse_edge_mesh,setup,0.0146126719997,1,0,0,0,0,0,0,509,0,0,0,0,0,2,1,0,0,0,0
58,cn5046,coarse_surface_mesh,setup,8.588538586,1,0,0,0,0,0,0,17238,0,0,0,0,0,24,74,0,0,0,0
58,cn5046,coarse_volume_mesh,setup,13.436628472,1,0,0,0,0,0,0,29264,0,0,0,0,0,36858,1619881,0,0,0,0
58,cn5046,coarse_mesh_save,io,0,0,0,0,0,0,0,0,0,0,0,0,0,0,0,0,0,0,0,0
58,cn5046,submesh_initialization,setup,0.00015404099986,1,0,0,0,0,0,0,12,0,0,0,0,0,0,0,0,0,0,0
58,cn5046,metis_partition,compute,0.247139202,1,0,0,0,0,0,0,1726,0,0,0,0,0,0,3,0,0,0,0
58,cn5046,face_map_setup,compute,0.00786517300003,1,0,0,0,0,0,0,578,0,0,0,0,0,0,0,0,0,0,0
58,cn5046,face_local_extract,compute,0.158011996,1,0,0,0,0,0,0,842,0,0,0,0,0,0,1,0,0,0,0
58,cn5046,face_pre_collective_wait,synchronization,0.0238788410002,1,0,0,0,0,0,0,1,0,0,0,0,0,0,1,0,0,0,0
58,cn5046,face_collective_setup,compute,0.00263013099993,1,0,0,0,0,0,0,16,0,0,0,0,0,3,0,0,0,0,0
58,cn5046,face_allgatherv,communication,0.228192559,1,0,0,0,0,0,0,1150,0,0,0,0,0,1,2,1,1,37904,4859624
58,cn5046,face_global_merge,compute,0.0795265340003,1,0,0,0,0,0,0,414,0,0,0,0,0,0,1,0,0,0,0
58,cn5046,part_face_create,compute,0.0193425270004,1,0,0,0,0,0,0,4,0,0,0,0,0,0,0,0,0,0,0
58,cn5046,surface_refine,compute,0.0103558619999,1,0,0,0,0,0,0,44,0,0,0,0,0,0,0,0,0,0,0
58,cn5046,refined_surface_save,io,0,0,0,0,0,0,0,0,0,0,0,0,0,0,0,0,0,0,0,0
58,cn5046,local_volume_mesh,compute,8.918747344,1,0,0,0,0,0,0,6134,0,0,0,0,0,12754,667007,0,0,0,0
58,cn5046,volume_refine,compute,0.531265159,1,0,0,0,0,0,0,6462,0,0,0,0,0,0,4,0,0,0,0
58,cn5046,refined_volume_save,io,0,0,0,0,0,0,0,0,0,0,0,0,0,0,0,0,0,0,0,0
58,cn5046,adjacency_build,compute,0.00442383200016,1,0,0,0,0,0,0,10,0,0,0,0,0,0,0,0,0,0,0
58,cn5046,vertex_numbering_local,compute,0.0103735219996,1,0,0,0,0,0,0,2,0,0,0,0,0,0,0,0,0,0,0
58,cn5046,vertex_count_allgather,communication,2.447708521,1,0,0,0,0,0,0,43,0,0,0,0,0,0,25,1,1,4,512
58,cn5046,element_count_allgather,communication,0.000667148000048,1,0,0,0,0,0,0,10,0,0,0,0,0,0,0,1,1,4,512
58,cn5046,vertex_exchange_prepare,compute,0.000113620999855,1,0,0,0,0,0,0,41,0,0,0,0,0,0,0,0,0,0,0
58,cn5046,vertex_exchange,communication,0.0207166640002,1,0,0,0,0,0,0,155,0,0,0,0,0,2,0,5,6,54428,111584
58,cn5046,vertex_exchange_unpack,compute,0.00271511200026,1,0,0,0,0,0,0,1096,0,0,0,0,0,0,0,0,0,0,0
58,cn5046,partition_result_io,io,0,0,0,0,0,0,0,0,0,0,0,0,0,0,0,0,0,0,0,0
58,cn5046,volume_exchange_pack,compute,0.265765541,2,0,0,0,0,0,0,1800,0,0,0,0,0,1,1,0,0,0,0
58,cn5046,volume_size_exchange,communication,4.8119999974e-05,1,0,0,0,0,0,0,1,0,0,0,0,0,0,0,6,6,24,24
58,cn5046,volume_payload_prepare,compute,0.000403325000207,1,0,0,0,0,0,0,136,0,0,0,0,0,0,0,0,0,0,0
58,cn5046,volume_payload_exchange,communication,0.00331439899992,1,0,0,0,0,0,0,199,0,0,0,0,0,0,0,6,6,1764120,1770720
58,cn5046,volume_exchange_unpack,compute,0.135009066,1,0,0,0,0,0,0,5539,0,0,0,0,0,0,1,0,0,0,0
58,cn5046,final_mesh_save,io,0,0,0,0,0,0,0,0,0,0,0,0,0,0,0,0,0,0,0,0
58,cn5046,testout_io,io,0,0,0,0,0,0,0,0,0,0,0,0,0,0,0,0,0,0,0,0
58,cn5046,final_count_exchange,communication,0,0,0,0,0,0,0,0,0,0,0,0,0,0,0,0,0,0,0,0
58,cn5046,quality_evaluation,postprocess,0,0,0,0,0,0,0,0,0,0,0,0,0,0,0,0,0,0,0,0
59,cn5047,geometry_load,io,1.96858369,1,0,0,0,0,0,0,5896,0,1035097,0,10428416,0,203,2,0,0,0,0
59,cn5047,coarse_local_size,setup,0.512706163,1,0,0,0,0,0,0,8654,0,0,0,0,0,217,32,0,0,0,0
59,cn5047,coarse_edge_mesh,setup,0.0141590100002,1,0,0,0,0,0,0,507,0,0,0,0,0,2,0,0,0,0,0
59,cn5047,coarse_surface_mesh,setup,8.431203579,1,0,0,0,0,0,0,13940,0,0,0,0,0,24,13,0,0,0,0
59,cn5047,coarse_volume_mesh,setup,13.393930009,1,0,0,0,0,0,0,27565,0,0,0,0,0,37479,1608350,0,0,0,0
59,cn5047,coarse_mesh_save,io,0,0,0,0,0,0,0,0,0,0,0,0,0,0,0,0,0,0,0,0
59,cn5047,submesh_initialization,setup,0.000191563000044,1,0,0,0,0,0,0,61,0,0,0,0,0,0,0,0,0,0,0
59,cn5047,metis_partition,compute,0.241564643,1,0,0,0,0,0,0,2039,0,0,0,0,0,0,0,0,0,0,0
59,cn5047,face_map_setup,compute,0.00777454399986,1,0,0,0,0,0,0,581,0,0,0,0,0,0,0,0,0,0,0
59,cn5047,face_local_extract,compute,0.162590303,1,0,0,0,0,0,0,849,0,0,0,0,0,0,0,0,0,0,0
59,cn5047,face_pre_collective_wait,synchronization,0.0248528139996,1,0,0,0,0,0,0,6,0,0,0,0,0,0,0,0,0,0,0
59,cn5047,face_collective_setup,compute,0.00289531900034,1,0,0,0,0,0,0,16,0,0,0,0,0,3,0,0,0,0,0
59,cn5047,face_allgatherv,communication,0.227936701,1,0,0,0,0,0,0,637,0,0,0,0,0,1,1,1,1,37904,4859624
59,cn5047,face_global_merge,compute,0.080327438,1,0,0,0,0,0,0,638,0,0,0,0,0,0,1,0,0,0,0
59,cn5047,part_face_create,compute,0.0193006990003,1,0,0,0,0,0,0,22,0,0,0,0,0,0,0,0,0,0,0
59,cn5047,surface_refine,compute,0.00959902899967,1,0,0,0,0,0,0,34,0,0,0,0,0,0,0,0,0,0,0
59,cn5047,refined_surface_save,io,0,0,0,0,0,0,0,0,0,0,0,0,0,0,0,0,0,0,0,0
59,cn5047,local_volume_mesh,compute,8.472662315,1,0,0,0,0,0,0,5783,0,0,0,0,0,7762,299488,0,0,0,0
59,cn5047,volume_refine,compute,0.638567494,1,0,0,0,0,0,0,5311,0,0,0,0,0,0,1,0,0,0,0
59,cn5047,refined_volume_save,io,0,0,0,0,0,0,0,0,0,0,0,0,0,0,0,0,0,0,0,0
59,cn5047,adjacency_build,compute,0.00442981900005,1,0,0,0,0,0,0,11,0,0,0,0,0,0,0,0,0,0,0
59,cn5047,vertex_numbering_local,compute,0.00979645200005,1,0,0,0,0,0,0,5,0,0,0,0,0,0,0,0,0,0,0
59,cn5047,vertex_count_allgather,communication,2.786835057,1,0,0,0,0,0,0,78,0,0,0,0,0,0,5,1,1,4,512
59,cn5047,element_count_allgather,communication,0.000745690000258,1,0,0,0,0,0,0,19,0,0,0,0,0,0,0,1,1,4,512
59,cn5047,vertex_exchange_prepare,compute,4.63609999315e-05,1,0,0,0,0,0,0,16,0,0,0,0,0,0,0,0,0,0,0
59,cn5047,vertex_exchange,communication,0.0142205309999,1,0,0,0,0,0,0,87,0,0,0,0,0,2,1,6,7,49170,103576
59,cn5047,vertex_exchange_unpack,compute,0.00247911399993,1,0,0,0,0,0,0,1023,0,0,0,0,0,0,0,0,0,0,0
59,cn5047,partition_result_io,io,0,0,0,0,0,0,0,0,0,0,0,0,0,0,0,0,0,0,0,0
59,cn5047,volume_exchange_pack,compute,0.18101901,2,0,0,0,0,0,0,1689,0,0,0,0,0,0,0,0,0,0,0
59,cn5047,volume_size_exchange,communication,0.092617364,1,0,0,0,0,0,0,49,0,0,0,0,0,0,0,7,7,28,28
59,cn5047,volume_payload_prepare,compute,0.000255743999787,1,0,0,0,0,0,0,68,0,0,0,0,0,0,0,0,0,0,0
59,cn5047,volume_payload_exchange,communication,0.00223175000019,1,0,0,0,0,0,0,166,0,0,0,0,0,0,0,7,7,1622520,1612440
59,cn5047,volume_exchange_unpack,compute,0.129287776,1,0,0,0,0,0,0,5822,0,0,0,0,0,0,0,0,0,0,0
59,cn5047,final_mesh_save,io,0,0,0,0,0,0,0,0,0,0,0,0,0,0,0,0,0,0,0,0
59,cn5047,testout_io,io,0,0,0,0,0,0,0,0,0,0,0,0,0,0,0,0,0,0,0,0
59,cn5047,final_count_exchange,communication,0,0,0,0,0,0,0,0,0,0,0,0,0,0,0,0,0,0,0,0
59,cn5047,quality_evaluation,postprocess,0,0,0,0,0,0,0,0,0,0,0,0,0,0,0,0,0,0,0,0
60,cn5048,geometry_load,io,2.08757186,1,0,0,0,0,0,0,5899,0,1035097,0,10428416,0,203,3,0,0,0,0
60,cn5048,coarse_local_size,setup,0.553004298,1,0,0,0,0,0,0,8509,0,0,0,0,0,230,33,0,0,0,0
60,cn5048,coarse_edge_mesh,setup,0.014330861,1,0,0,0,0,0,0,507,0,0,0,0,0,2,0,0,0,0,0
60,cn5048,coarse_surface_mesh,setup,8.728989997,1,0,0,0,0,0,0,17268,0,0,0,0,0,24,12,0,0,0,0
60,cn5048,coarse_volume_mesh,setup,13.428852197,1,0,0,0,0,0,0,27754,0,0,0,0,0,36377,1694341,0,0,0,0
60,cn5048,coarse_mesh_save,io,0,0,0,0,0,0,0,0,0,0,0,0,0,0,0,0,0,0,0,0
60,cn5048,submesh_initialization,setup,0.000202762000299,1,0,0,0,0,0,0,63,0,0,0,0,0,0,0,0,0,0,0
60,cn5048,metis_partition,compute,0.256127951,1,0,0,0,0,0,0,2129,0,0,0,0,0,0,1,0,0,0,0
60,cn5048,face_map_setup,compute,0.00775731800013,1,0,0,0,0,0,0,568,0,0,0,0,0,0,0,0,0,0,0
60,cn5048,face_local_extract,compute,0.162062744,1,0,0,0,0,0,0,832,0,0,0,0,0,0,0,0,0,0,0
60,cn5048,face_pre_collective_wait,synchronization,0.010846917,1,0,0,0,0,0,0,13,0,0,0,0,0,0,0,0,0,0,0
60,cn5048,face_collective_setup,compute,0.00335548199973,1,0,0,0,0,0,0,16,0,0,0,0,0,3,0,0,0,0,0
60,cn5048,face_allgatherv,communication,0.22747213,1,0,0,0,0,0,0,649,0,0,0,0,0,1,0,1,1,37904,4859624
60,cn5048,face_global_merge,compute,0.0796240049999,1,0,0,0,0,0,0,494,0,0,0,0,0,0,0,0,0,0,0
60,cn5048,part_face_create,compute,0.0192417419998,1,0,0,0,0,0,0,25,0,0,0,0,0,0,0,0,0,0,0
60,cn5048,surface_refine,compute,0.00896133299966,1,0,0,0,0,0,0,42,0,0,0,0,0,0,0,0,0,0,0
60,cn5048,refined_surface_save,io,0,0,0,0,0,0,0,0,0,0,0,0,0,0,0,0,0,0,0,0
60,cn5048,local_volume_mesh,compute,8.836285391,1,0,0,0,0,0,0,4463,0,0,0,0,0,13303,633941,0,0,0,0
60,cn5048,volume_refine,compute,0.396907928,1,0,0,0,0,0,0,7045,0,0,0,0,0,0,0,0,0,0,0
60,cn5048,refined_volume_save,io,0,0,0,0,0,0,0,0,0,0,0,0,0,0,0,0,0,0,0,0
60,cn5048,adjacency_build,compute,0.00456667699973,1,0,0,0,0,0,0,10,0,0,0,0,0,0,0,0,0,0,0
60,cn5048,vertex_numbering_local,compute,0.0119625310003,1,0,0,0,0,0,0,343,0,0,0,0,0,0,0,0,0,0,0
60,cn5048,vertex_count_allgather,communication,2.664145354,1,0,0,0,0,0,0,66,0,0,0,0,0,0,3,1,1,4,512
60,cn5048,element_count_allgather,communication,0.000889430999905,1,0,0,0,0,0,0,0,0,0,0,0,0,0,0,1,1,4,512
60,cn5048,vertex_exchange_prepare,compute,9.75620000645e-05,1,0,0,0,0,0,0,31,0,0,0,0,0,0,0,0,0,0,0
60,cn5048,vertex_exchange,communication,0.0142602999999,1,0,0,0,0,0,0,288,0,0,0,0,0,2,0,5,5,107668,119130
60,cn5048,vertex_exchange_unpack,compute,0.00170632200025,1,0,0,0,0,0,0,0,0,0,0,0,0,0,0,0,0,0,0
60,cn5048,partition_result_io,io,0,0,0,0,0,0,0,0,0,0,0,0,0,0,0,0,0,0,0,0
60,cn5048,volume_exchange_pack,compute,0.155129357,2,0,0,0,0,0,0,902,0,0,0,0,0,0,0,0,0,0,0
60,cn5048,volume_size_exchange,communication,0.0265300550004,1,0,0,0,0,0,0,1,0,0,0,0,0,0,0,6,6,24,24
60,cn5048,volume_payload_prepare,compute,0.000404164999964,1,0,0,0,0,0,0,136,0,0,0,0,0,0,0,0,0,0,0
60,cn5048,volume_payload_exchange,communication,0.0947922959999,1,0,0,0,0,0,0,444,0,0,0,0,0,0,0,6,6,2426880,2427000
60,cn5048,volume_exchange_unpack,compute,0.113034586,1,0,0,0,0,0,0,3401,0,0,0,0,0,0,1,0,0,0,0
60,cn5048,final_mesh_save,io,0,0,0,0,0,0,0,0,0,0,0,0,0,0,0,0,0,0,0,0
60,cn5048,testout_io,io,0,0,0,0,0,0,0,0,0,0,0,0,0,0,0,0,0,0,0,0
60,cn5048,final_count_exchange,communication,0,0,0,0,0,0,0,0,0,0,0,0,0,0,0,0,0,0,0,0
60,cn5048,quality_evaluation,postprocess,0,0,0,0,0,0,0,0,0,0,0,0,0,0,0,0,0,0,0,0
61,cn5049,geometry_load,io,2.064292867,1,0,0,0,0,0,0,5895,0,1035097,0,10428416,0,203,2,0,0,0,0
61,cn5049,coarse_local_size,setup,0.529032615,1,0,0,0,0,0,0,8467,0,0,0,0,0,195,31,0,0,0,0
61,cn5049,coarse_edge_mesh,setup,0.0142254840002,1,0,0,0,0,0,0,510,0,0,0,0,0,2,0,0,0,0,0
61,cn5049,coarse_surface_mesh,setup,8.625729492,1,0,0,0,0,0,0,17280,0,0,0,0,0,24,8,0,0,0,0
61,cn5049,coarse_volume_mesh,setup,13.341569574,1,0,0,0,0,0,0,27799,0,0,0,0,0,38066,1529937,0,0,0,0
61,cn5049,coarse_mesh_save,io,0,0,0,0,0,0,0,0,0,0,0,0,0,0,0,0,0,0,0,0
61,cn5049,submesh_initialization,setup,0.000186543000382,1,0,0,0,0,0,0,57,0,0,0,0,0,0,0,0,0,0,0
61,cn5049,metis_partition,compute,0.252470662,1,0,0,0,0,0,0,1926,0,0,0,0,0,0,1,0,0,0,0
61,cn5049,face_map_setup,compute,0.0077923609997,1,0,0,0,0,0,0,648,0,0,0,0,0,0,0,0,0,0,0
61,cn5049,face_local_extract,compute,0.163013186,1,0,0,0,0,0,0,961,0,0,0,0,0,0,0,0,0,0,0
61,cn5049,face_pre_collective_wait,synchronization,0.0134835139997,1,0,0,0,0,0,0,10,0,0,0,0,0,0,0,0,0,0,0
61,cn5049,face_collective_setup,compute,0.00280425600022,1,0,0,0,0,0,0,16,0,0,0,0,0,3,0,0,0,0,0
61,cn5049,face_allgatherv,communication,0.227929845,1,0,0,0,0,0,0,821,0,0,0,0,0,1,0,1,1,37904,4859624
61,cn5049,face_global_merge,compute,0.0802592760001,1,0,0,0,0,0,0,616,0,0,0,0,0,0,0,0,0,0,0
61,cn5049,part_face_create,compute,0.0194191700002,1,0,0,0,0,0,0,20,0,0,0,0,0,0,0,0,0,0,0
61,cn5049,surface_refine,compute,0.0109746419998,1,0,0,0,0,0,0,50,0,0,0,0,0,0,0,0,0,0,0
61,cn5049,refined_surface_save,io,0,0,0,0,0,0,0,0,0,0,0,0,0,0,0,0,0,0,0,0
61,cn5049,local_volume_mesh,compute,9.875378636,1,0,0,0,0,0,0,6299,0,0,0,0,0,15231,745410,0,0,0,0
61,cn5049,volume_refine,compute,0.500983812,1,0,0,0,0,0,0,4766,0,0,0,0,0,0,0,0,0,0,0
61,cn5049,refined_volume_save,io,0,0,0,0,0,0,0,0,0,0,0,0,0,0,0,0,0,0,0,0
61,cn5049,adjacency_build,compute,0.0045633589998,1,0,0,0,0,0,0,8,0,0,0,0,0,0,0,0,0,0,0
61,cn5049,vertex_numbering_local,compute,0.01159895,1,0,0,0,0,0,0,4,0,0,0,0,0,0,0,0,0,0,0
61,cn5049,vertex_count_allgather,communication,1.518609799,1,0,0,0,0,0,0,74,0,0,0,0,0,0,2,1,1,4,512
61,cn5049,element_count_allgather,communication,0.000766870000007,1,0,0,0,0,0,0,33,0,0,0,0,0,0,0,1,1,4,512
61,cn5049,vertex_exchange_prepare,compute,0.000107940999897,1,0,0,0,0,0,0,61,0,0,0,0,0,0,0,0,0,0,0
61,cn5049,vertex_exchange,communication,0.022208027,1,0,0,0,0,0,0,704,0,0,0,0,0,2,0,4,7,16368,167222
61,cn5049,vertex_exchange_unpack,compute,0.00349890500001,1,0,0,0,0,0,0,1110,0,0,0,0,0,0,0,0,0,0,0
61,cn5049,partition_result_io,io,0,0,0,0,0,0,0,0,0,0,0,0,0,0,0,0,0,0,0,0
61,cn5049,volume_exchange_pack,compute,0.163790616,2,0,0,0,0,0,0,1630,0,0,0,0,0,0,0,0,0,0,0
61,cn5049,volume_size_exchange,communication,0.100784862,1,0,0,0,0,0,0,67,0,0,0,0,0,0,0,9,9,36,36
61,cn5049,volume_payload_prepare,compute,0.000257223000062,1,0,0,0,0,0,0,68,0,0,0,0,0,0,0,0,0,0,0
61,cn5049,volume_payload_exchange,communication,0.00359822700011,1,0,0,0,0,0,0,245,0,0,0,0,0,0,0,9,9,1947000,1952520
61,cn5049,volume_exchange_unpack,compute,0.13702155,1,0,0,0,0,0,0,5173,0,0,0,0,0,0,0,0,0,0,0
61,cn5049,final_mesh_save,io,0,0,0,0,0,0,0,0,0,0,0,0,0,0,0,0,0,0,0,0
61,cn5049,testout_io,io,0,0,0,0,0,0,0,0,0,0,0,0,0,0,0,0,0,0,0,0
61,cn5049,final_count_exchange,communication,0,0,0,0,0,0,0,0,0,0,0,0,0,0,0,0,0,0,0,0
61,cn5049,quality_evaluation,postprocess,0,0,0,0,0,0,0,0,0,0,0,0,0,0,0,0,0,0,0,0
62,cn5050,geometry_load,io,2.149766871,1,0,0,0,0,0,0,5898,0,1035097,0,10428416,0,203,2,0,0,0,0
62,cn5050,coarse_local_size,setup,0.526770652,1,0,0,0,0,0,0,8470,0,0,0,0,0,231,28,0,0,0,0
62,cn5050,coarse_edge_mesh,setup,0.0142837349999,1,0,0,0,0,0,0,507,0,0,0,0,0,2,0,0,0,0,0
62,cn5050,coarse_surface_mesh,setup,8.408731065,1,0,0,0,0,0,0,17190,0,0,0,0,0,24,9,0,0,0,0
62,cn5050,coarse_volume_mesh,setup,13.305178677,1,0,0,0,0,0,0,28029,0,0,0,0,0,36827,1556733,0,0,0,0
62,cn5050,coarse_mesh_save,io,0,0,0,0,0,0,0,0,0,0,0,0,0,0,0,0,0,0,0,0
62,cn5050,submesh_initialization,setup,0.000186841999948,1,0,0,0,0,0,0,55,0,0,0,0,0,0,0,0,0,0,0
62,cn5050,metis_partition,compute,0.241996384,1,0,0,0,0,0,0,1865,0,0,0,0,0,0,0,0,0,0,0
62,cn5050,face_map_setup,compute,0.00806263000004,1,0,0,0,0,0,0,591,0,0,0,0,0,0,0,0,0,0,0
62,cn5050,face_local_extract,compute,0.156437996,1,0,0,0,0,0,0,869,0,0,0,0,0,0,0,0,0,0,0
62,cn5050,face_pre_collective_wait,synchronization,0.030348534,1,0,0,0,0,0,0,6,0,0,0,0,0,0,0,0,0,0,0
62,cn5050,face_collective_setup,compute,0.00331620499992,1,0,0,0,0,0,0,15,0,0,0,0,0,3,0,0,0,0,0
62,cn5050,face_allgatherv,communication,0.227375144,1,0,0,0,0,0,0,1204,0,0,0,0,0,1,0,1,1,37904,4859624
62,cn5050,face_global_merge,compute,0.0797786490002,1,0,0,0,0,0,0,534,0,0,0,0,0,0,0,0,0,0,0
62,cn5050,part_face_create,compute,0.0191612619997,1,0,0,0,0,0,0,19,0,0,0,0,0,0,0,0,0,0,0
62,cn5050,surface_refine,compute,0.00897346299962,1,0,0,0,0,0,0,31,0,0,0,0,0,0,0,0,0,0,0
62,cn5050,refined_surface_save,io,0,0,0,0,0,0,0,0,0,0,0,0,0,0,0,0,0,0,0,0
62,cn5050,local_volume_mesh,compute,8.43185442,1,0,0,0,0,0,0,4965,0,0,0,0,0,15871,745465,0,0,0,0
62,cn5050,volume_refine,compute,0.414465638,1,0,0,0,0,0,0,6302,0,0,0,0,0,0,0,0,0,0,0
62,cn5050,refined_volume_save,io,0,0,0,0,0,0,0,0,0,0,0,0,0,0,0,0,0,0,0,0
62,cn5050,adjacency_build,compute,0.00422879799999,1,0,0,0,0,0,0,6,0,0,0,0,0,0,0,0,0,0,0
62,cn5050,vertex_numbering_local,compute,0.00730870000007,1,0,0,0,0,0,0,2,0,0,0,0,0,0,0,0,0,0,0
62,cn5050,vertex_count_allgather,communication,3.056076465,1,0,0,0,0,0,0,42,0,0,0,0,0,0,3,1,1,4,512
62,cn5050,element_count_allgather,communication,0.000832652000099,1,0,0,0,0,0,0,12,0,0,0,0,0,0,0,1,1,4,512
62,cn5050,vertex_exchange_prepare,compute,2.82200003312e-05,1,0,0,0,0,0,0,10,0,0,0,0,0,0,0,0,0,0,0
62,cn5050,vertex_exchange,communication,0.00440022000021,1,0,0,0,0,0,0,80,0,0,0,0,0,2,0,1,2,81334,29942
62,cn5050,vertex_exchange_unpack,compute,0.000623047999852,1,0,0,0,0,0,0,178,0,0,0,0,0,0,0,0,0,0,0
62,cn5050,partition_result_io,io,0,0,0,0,0,0,0,0,0,0,0,0,0,0,0,0,0,0,0,0
62,cn5050,volume_exchange_pack,compute,0.128491894,2,0,0,0,0,0,0,1408,0,0,0,0,0,0,0,0,0,0,0
62,cn5050,volume_size_exchange,communication,0.056510372,1,0,0,0,0,0,0,0,0,0,0,0,0,0,0,3,3,12,12
62,cn5050,volume_payload_prepare,compute,0.000134742000228,1,0,0,0,0,0,0,34,0,0,0,0,0,0,0,0,0,0,0
62,cn5050,volume_payload_exchange,communication,0.101523086,1,0,0,0,0,0,0,186,0,0,0,0,0,0,1,3,3,1177680,1185360
62,cn5050,volume_exchange_unpack,compute,0.0865465409997,1,0,0,0,0,0,0,3871,0,0,0,0,0,0,0,0,0,0,0
62,cn5050,final_mesh_save,io,0,0,0,0,0,0,0,0,0,0,0,0,0,0,0,0,0,0,0,0
62,cn5050,testout_io,io,0,0,0,0,0,0,0,0,0,0,0,0,0,0,0,0,0,0,0,0
62,cn5050,final_count_exchange,communication,0,0,0,0,0,0,0,0,0,0,0,0,0,0,0,0,0,0,0,0
62,cn5050,quality_evaluation,postprocess,0,0,0,0,0,0,0,0,0,0,0,0,0,0,0,0,0,0,0,0
63,cn5051,geometry_load,io,2.053964512,1,0,0,0,0,0,0,5898,0,1035097,0,10428416,0,203,16,0,0,0,0
63,cn5051,coarse_local_size,setup,0.615983137,1,0,0,0,0,0,0,8606,0,0,0,0,0,237,39,0,0,0,0
63,cn5051,coarse_edge_mesh,setup,0.0145658270003,1,0,0,0,0,0,0,487,0,0,0,0,0,2,0,0,0,0,0
63,cn5051,coarse_surface_mesh,setup,8.452710003,1,0,0,0,0,0,0,17115,0,0,0,0,0,24,74,0,0,0,0
63,cn5051,coarse_volume_mesh,setup,13.254045756,1,0,0,0,0,0,0,33569,0,0,0,0,0,36932,1527157,0,0,0,0
63,cn5051,coarse_mesh_save,io,0,0,0,0,0,0,0,0,0,0,0,0,0,0,0,0,0,0,0,0
63,cn5051,submesh_initialization,setup,0.000139721999858,1,0,0,0,0,0,0,2,0,0,0,0,0,0,0,0,0,0,0
63,cn5051,metis_partition,compute,0.245958413,1,0,0,0,0,0,0,830,0,0,0,0,0,0,3,0,0,0,0
63,cn5051,face_map_setup,compute,0.0078246600001,1,0,0,0,0,0,0,233,0,0,0,0,0,0,0,0,0,0,0
63,cn5051,face_local_extract,compute,0.162604524,1,0,0,0,0,0,0,630,0,0,0,0,0,0,1,0,0,0,0
63,cn5051,face_pre_collective_wait,synchronization,0.0205318230001,1,0,0,0,0,0,0,1,0,0,0,0,0,0,1,0,0,0,0
63,cn5051,face_collective_setup,compute,0.00335342299968,1,0,0,0,0,0,0,15,0,0,0,0,0,3,0,0,0,0,0
63,cn5051,face_allgatherv,communication,0.227243114,1,0,0,0,0,0,0,674,0,0,0,0,0,1,1,1,1,37904,4859624
63,cn5051,face_global_merge,compute,0.0791677950001,1,0,0,0,0,0,0,275,0,0,0,0,0,0,1,0,0,0,0
63,cn5051,part_face_create,compute,0.019186906,1,0,0,0,0,0,0,3,0,0,0,0,0,0,0,0,0,0,0
63,cn5051,surface_refine,compute,0.00989242700007,1,0,0,0,0,0,0,46,0,0,0,0,0,0,0,0,0,0,0
63,cn5051,refined_surface_save,io,0,0,0,0,0,0,0,0,0,0,0,0,0,0,0,0,0,0,0,0
63,cn5051,local_volume_mesh,compute,8.864509862,1,0,0,0,0,0,0,5973,0,0,0,0,0,16792,865069,0,0,0,0
63,cn5051,volume_refine,compute,0.449686465,1,0,0,0,0,0,0,4850,0,0,0,0,0,0,5,0,0,0,0
63,cn5051,refined_volume_save,io,0,0,0,0,0,0,0,0,0,0,0,0,0,0,0,0,0,0,0,0
63,cn5051,adjacency_build,compute,0.00420611400023,1,0,0,0,0,0,0,6,0,0,0,0,0,0,0,0,0,0,0
63,cn5051,vertex_numbering_local,compute,0.00882047299956,1,0,0,0,0,0,0,2,0,0,0,0,0,0,0,0,0,0,0
63,cn5051,vertex_count_allgather,communication,2.586475379,1,0,0,0,0,0,0,69,0,0,0,0,0,0,22,1,1,4,512
63,cn5051,element_count_allgather,communication,0.000764709999657,1,0,0,0,0,0,0,29,0,0,0,0,0,0,0,1,1,4,512
63,cn5051,vertex_exchange_prepare,compute,7.24810001884e-05,1,0,0,0,0,0,0,36,0,0,0,0,0,0,0,0,0,0,0
63,cn5051,vertex_exchange,communication,0.0154271380002,1,0,0,0,0,0,0,71,0,0,0,0,0,2,0,0,4,0,120604
63,cn5051,vertex_exchange_unpack,compute,0.00272315499979,1,0,0,0,0,0,0,1045,0,0,0,0,0,0,0,0,0,0,0
63,cn5051,partition_result_io,io,0,0,0,0,0,0,0,0,0,0,0,0,0,0,0,0,0,0,0,0
63,cn5051,volume_exchange_pack,compute,0.13419604,2,0,0,0,0,0,0,1673,0,0,0,0,0,0,1,0,0,0,0
63,cn5051,volume_size_exchange,communication,0.0375342810003,1,0,0,0,0,0,0,4,0,0,0,0,0,0,0,4,4,16,16
63,cn5051,volume_payload_prepare,compute,0.0001412419997,1,0,0,0,0,0,0,34,0,0,0,0,0,0,0,0,0,0,0
63,cn5051,volume_payload_exchange,communication,0.102290312,1,0,0,0,0,0,0,193,0,0,0,0,0,0,1,4,4,1278120,1271400
63,cn5051,volume_exchange_unpack,compute,0.097166646,1,0,0,0,0,0,0,4255,0,0,0,0,0,0,1,0,0,0,0
63,cn5051,final_mesh_save,io,0,0,0,0,0,0,0,0,0,0,0,0,0,0,0,0,0,0,0,0
63,cn5051,testout_io,io,0,0,0,0,0,0,0,0,0,0,0,0,0,0,0,0,0,0,0,0
63,cn5051,final_count_exchange,communication,0,0,0,0,0,0,0,0,0,0,0,0,0,0,0,0,0,0,0,0
63,cn5051,quality_evaluation,postprocess,0,0,0,0,0,0,0,0,0,0,0,0,0,0,0,0,0,0,0,0
64,cn5052,geometry_load,io,1.947731848,1,0,0,0,0,0,0,5897,0,1035097,0,10428416,0,203,2,0,0,0,0
64,cn5052,coarse_local_size,setup,0.503763067,1,0,0,0,0,0,0,8079,0,0,0,0,0,203,28,0,0,0,0
64,cn5052,coarse_edge_mesh,setup,0.0142887780003,1,0,0,0,0,0,0,523,0,0,0,0,0,2,0,0,0,0,0
64,cn5052,coarse_surface_mesh,setup,8.537141495,1,0,0,0,0,0,0,15665,0,0,0,0,0,24,13,0,0,0,0
64,cn5052,coarse_volume_mesh,setup,13.385295122,1,0,0,0,0,0,0,27765,0,0,0,0,0,38250,1608688,0,0,0,0
64,cn5052,coarse_mesh_save,io,0,0,0,0,0,0,0,0,0,0,0,0,0,0,0,0,0,0,0,0
64,cn5052,submesh_initialization,setup,0.000198061999981,1,0,0,0,0,0,0,63,0,0,0,0,0,0,0,0,0,0,0
64,cn5052,metis_partition,compute,0.246352484,1,0,0,0,0,0,0,2098,0,0,0,0,0,0,0,0,0,0,0
64,cn5052,face_map_setup,compute,0.00790303799977,1,0,0,0,0,0,0,570,0,0,0,0,0,0,1,0,0,0,0
64,cn5052,face_local_extract,compute,0.160578037,1,0,0,0,0,0,0,888,0,0,0,0,0,0,0,0,0,0,0
64,cn5052,face_pre_collective_wait,synchronization,0.0219278730001,1,0,0,0,0,0,0,12,0,0,0,0,0,0,0,0,0,0,0
64,cn5052,face_collective_setup,compute,0.00257523200025,1,0,0,0,0,0,0,16,0,0,0,0,0,3,0,0,0,0,0
64,cn5052,face_allgatherv,communication,0.227913435,1,0,0,0,0,0,0,639,0,0,0,0,0,1,0,1,1,37904,4859624
64,cn5052,face_global_merge,compute,0.079979695,1,0,0,0,0,0,0,568,0,0,0,0,0,0,0,0,0,0,0
64,cn5052,part_face_create,compute,0.0191808990003,1,0,0,0,0,0,0,23,0,0,0,0,0,0,0,0,0,0,0
64,cn5052,surface_refine,compute,0.00949581800023,1,0,0,0,0,0,0,46,0,0,0,0,0,0,0,0,0,0,0
64,cn5052,refined_surface_save,io,0,0,0,0,0,0,0,0,0,0,0,0,0,0,0,0,0,0,0,0
64,cn5052,local_volume_mesh,compute,8.120805476,1,0,0,0,0,0,0,4456,0,0,0,0,0,13892,580131,0,0,0,0
64,cn5052,volume_refine,compute,0.423243145,1,0,0,0,0,0,0,6119,0,0,0,0,0,0,1,0,0,0,0
64,cn5052,refined_volume_save,io,0,0,0,0,0,0,0,0,0,0,0,0,0,0,0,0,0,0,0,0
64,cn5052,adjacency_build,compute,0.00435731400012,1,0,0,0,0,0,0,13,0,0,0,0,0,0,0,0,0,0,0
64,cn5052,vertex_numbering_local,compute,0.0107371140002,1,0,0,0,0,0,0,7,0,0,0,0,0,0,0,0,0,0,0
64,cn5052,vertex_count_allgather,communication,3.354495567,1,0,0,0,0,0,0,43,0,0,0,0,0,0,3,1,1,4,512
64,cn5052,element_count_allgather,communication,0.000534906999746,1,0,0,0,0,0,0,0,0,0,0,0,0,0,0,1,1,4,512
64,cn5052,vertex_exchange_prepare,compute,1.03200000012e-05,1,0,0,0,0,0,0,0,0,0,0,0,0,0,0,0,0,0,0
64,cn5052,vertex_exchange,communication,0.015484433,1,0,0,0,0,0,0,29,0,0,0,0,0,2,0,5,4,190674,1430
64,cn5052,vertex_exchange_unpack,compute,4.570100009e-05,1,0,0,0,0,0,0,0,0,0,0,0,0,0,0,0,0,0,0
64,cn5052,partition_result_io,io,0,0,0,0,0,0,0,0,0,0,0,0,0,0,0,0,0,0,0,0
64,cn5052,volume_exchange_pack,compute,0.144174052999,2,0,0,0,0,0,0,2,0,0,0,0,0,0,0,0,0,0,0
64,cn5052,volume_size_exchange,communication,0.0391453870002,1,0,0,0,0,0,0,4,0,0,0,0,0,0,0,5,5,20,20
64,cn5052,volume_payload_prepare,compute,0.000147720999848,1,0,0,0,0,0,0,0,0,0,0,0,0,0,0,0,0,0,0
64,cn5052,volume_payload_exchange,communication,0.00204862600003,1,0,0,0,0,0,0,20,0,0,0,0,0,0,0,5,5,2017560,2018280
64,cn5052,volume_exchange_unpack,compute,0.10208825,1,0,0,0,0,0,0,2634,0,0,0,0,0,0,0,0,0,0,0
64,cn5052,final_mesh_save,io,0,0,0,0,0,0,0,0,0,0,0,0,0,0,0,0,0,0,0,0
64,cn5052,testout_io,io,0,0,0,0,0,0,0,0,0,0,0,0,0,0,0,0,0,0,0,0
64,cn5052,final_count_exchange,communication,0,0,0,0,0,0,0,0,0,0,0,0,0,0,0,0,0,0,0,0
64,cn5052,quality_evaluation,postprocess,0,0,0,0,0,0,0,0,0,0,0,0,0,0,0,0,0,0,0,0
65,cn5053,geometry_load,io,1.945554847,1,0,0,0,0,0,0,5898,0,1035097,0,10428416,0,203,2,0,0,0,0
65,cn5053,coarse_local_size,setup,0.501516917,1,0,0,0,0,0,0,8433,0,0,0,0,0,185,26,0,0,0,0
65,cn5053,coarse_edge_mesh,setup,0.0145699290001,1,0,0,0,0,0,0,491,0,0,0,0,0,2,0,0,0,0,0
65,cn5053,coarse_surface_mesh,setup,8.429154724,1,0,0,0,0,0,0,17168,0,0,0,0,0,24,11,0,0,0,0
65,cn5053,coarse_volume_mesh,setup,13.321797493,1,0,0,0,0,0,0,28327,0,0,0,0,0,38273,1637529,0,0,0,0
65,cn5053,coarse_mesh_save,io,0,0,0,0,0,0,0,0,0,0,0,0,0,0,0,0,0,0,0,0
65,cn5053,submesh_initialization,setup,0.000191662000361,1,0,0,0,0,0,0,58,0,0,0,0,0,0,0,0,0,0,0
65,cn5053,metis_partition,compute,0.248655294,1,0,0,0,0,0,0,2313,0,0,0,0,0,0,0,0,0,0,0
65,cn5053,face_map_setup,compute,0.00775266999972,1,0,0,0,0,0,0,575,0,0,0,0,0,0,0,0,0,0,0
65,cn5053,face_local_extract,compute,0.161089982,1,0,0,0,0,0,0,783,0,0,0,0,0,0,0,0,0,0,0
65,cn5053,face_pre_collective_wait,synchronization,0.0193505839998,1,0,0,0,0,0,0,5,0,0,0,0,0,0,0,0,0,0,0
65,cn5053,face_collective_setup,compute,0.00302159499961,1,0,0,0,0,0,0,15,0,0,0,0,0,3,0,0,0,0,0
65,cn5053,face_allgatherv,communication,0.227390629,1,0,0,0,0,0,0,781,0,0,0,0,0,1,1,1,1,37904,4859624
65,cn5053,face_global_merge,compute,0.0790557739997,1,0,0,0,0,0,0,431,0,0,0,0,0,0,0,0,0,0,0
65,cn5053,part_face_create,compute,0.0193054629999,1,0,0,0,0,0,0,23,0,0,0,0,0,0,0,0,0,0,0
65,cn5053,surface_refine,compute,0.0106950630002,1,0,0,0,0,0,0,50,0,0,0,0,0,0,0,0,0,0,0
65,cn5053,refined_surface_save,io,0,0,0,0,0,0,0,0,0,0,0,0,0,0,0,0,0,0,0,0
65,cn5053,local_volume_mesh,compute,10.265120924,1,0,0,0,0,0,0,5892,0,0,0,0,0,11459,784271,0,0,0,0
65,cn5053,volume_refine,compute,0.521965692,1,0,0,0,0,0,0,5332,0,0,0,0,0,0,1,0,0,0,0
65,cn5053,refined_volume_save,io,0,0,0,0,0,0,0,0,0,0,0,0,0,0,0,0,0,0,0,0
65,cn5053,adjacency_build,compute,0.00429696999981,1,0,0,0,0,0,0,6,0,0,0,0,0,0,0,0,0,0,0
65,cn5053,vertex_numbering_local,compute,0.00861093899994,1,0,0,0,0,0,0,6,0,0,0,0,0,0,0,0,0,0,0
65,cn5053,vertex_count_allgather,communication,1.113069125,1,0,0,0,0,0,0,45,0,0,0,0,0,0,1,1,1,4,512
65,cn5053,element_count_allgather,communication,0.000804489000075,1,0,0,0,0,0,0,1,0,0,0,0,0,0,0,1,1,4,512
65,cn5053,vertex_exchange_prepare,compute,1.3079999917e-05,1,0,0,0,0,0,0,0,0,0,0,0,0,0,0,0,0,0,0
65,cn5053,vertex_exchange,communication,0.00373284299985,1,0,0,0,0,0,0,16,0,0,0,0,0,2,0,3,2,47190,36278
65,cn5053,vertex_exchange_unpack,compute,0.000570947000142,1,0,0,0,0,0,0,0,0,0,0,0,0,0,0,0,0,0,0
65,cn5053,partition_result_io,io,0,0,0,0,0,0,0,0,0,0,0,0,0,0,0,0,0,0,0,0
65,cn5053,volume_exchange_pack,compute,0.142333545,2,0,0,0,0,0,0,2,0,0,0,0,0,0,0,0,0,0,0
65,cn5053,volume_size_exchange,communication,0.0500869990001,1,0,0,0,0,0,0,0,0,0,0,0,0,0,0,3,3,12,12
65,cn5053,volume_payload_prepare,compute,6.76810000186e-05,1,0,0,0,0,0,0,0,0,0,0,0,0,0,0,0,0,0,0
65,cn5053,volume_payload_exchange,communication,0.0105283019998,1,0,0,0,0,0,0,30,0,0,0,0,0,0,0,3,3,867000,860640
65,cn5053,volume_exchange_unpack,compute,0.104377146,1,0,0,0,0,0,0,4528,0,0,0,0,0,0,0,0,0,0,0
65,cn5053,final_mesh_save,io,0,0,0,0,0,0,0,0,0,0,0,0,0,0,0,0,0,0,0,0
65,cn5053,testout_io,io,0,0,0,0,0,0,0,0,0,0,0,0,0,0,0,0,0,0,0,0
65,cn5053,final_count_exchange,communication,0,0,0,0,0,0,0,0,0,0,0,0,0,0,0,0,0,0,0,0
65,cn5053,quality_evaluation,postprocess,0,0,0,0,0,0,0,0,0,0,0,0,0,0,0,0,0,0,0,0
66,cn5054,geometry_load,io,1.97246645,1,0,0,0,0,0,0,5894,0,1035097,0,10428416,0,203,2,0,0,0,0
66,cn5054,coarse_local_size,setup,0.505011941,1,0,0,0,0,0,0,8695,0,0,0,0,0,230,28,0,0,0,0
66,cn5054,coarse_edge_mesh,setup,0.0145958169996,1,0,0,0,0,0,0,515,0,0,0,0,0,2,0,0,0,0,0
66,cn5054,coarse_surface_mesh,setup,8.210551137,1,0,0,0,0,0,0,17186,0,0,0,0,0,24,9,0,0,0,0
66,cn5054,coarse_volume_mesh,setup,13.224874424,1,0,0,0,0,0,0,25241,0,0,0,0,0,34459,1481097,0,0,0,0
66,cn5054,coarse_mesh_save,io,0,0,0,0,0,0,0,0,0,0,0,0,0,0,0,0,0,0,0,0
66,cn5054,submesh_initialization,setup,0.000142782999774,1,0,0,0,0,0,0,5,0,0,0,0,0,0,0,0,0,0,0
66,cn5054,metis_partition,compute,0.225666054,1,0,0,0,0,0,0,229,0,0,0,0,0,0,0,0,0,0,0
66,cn5054,face_map_setup,compute,0.00691203299994,1,0,0,0,0,0,0,263,0,0,0,0,0,0,0,0,0,0,0
66,cn5054,face_local_extract,compute,0.154481894,1,0,0,0,0,0,0,268,0,0,0,0,0,0,0,0,0,0,0
66,cn5054,face_pre_collective_wait,synchronization,0.0498498310003,1,0,0,0,0,0,0,2,0,0,0,0,0,0,0,0,0,0,0
66,cn5054,face_collective_setup,compute,0.00282162600024,1,0,0,0,0,0,0,16,0,0,0,0,0,3,0,0,0,0,0
66,cn5054,face_allgatherv,communication,0.227530824,1,0,0,0,0,0,0,1146,0,0,0,0,0,1,1,1,1,37904,4859624
66,cn5054,face_global_merge,compute,0.0743680710002,1,0,0,0,0,0,0,144,0,0,0,0,0,0,0,0,0,0,0
66,cn5054,part_face_create,compute,0.0180221740002,1,0,0,0,0,0,0,3,0,0,0,0,0,0,0,0,0,0,0
66,cn5054,surface_refine,compute,0.00853533899999,1,0,0,0,0,0,0,44,0,0,0,0,0,0,0,0,0,0,0
66,cn5054,refined_surface_save,io,0,0,0,0,0,0,0,0,0,0,0,0,0,0,0,0,0,0,0,0
66,cn5054,local_volume_mesh,compute,8.098840038,1,0,0,0,0,0,0,3588,0,0,0,0,0,14259,550468,0,0,0,0
66,cn5054,volume_refine,compute,0.40364453,1,0,0,0,0,0,0,5812,0,0,0,0,0,0,0,0,0,0,0
66,cn5054,refined_volume_save,io,0,0,0,0,0,0,0,0,0,0,0,0,0,0,0,0,0,0,0,0
66,cn5054,adjacency_build,compute,0.00400768500003,1,0,0,0,0,0,0,0,0,0,0,0,0,0,0,0,0,0,0
66,cn5054,vertex_numbering_local,compute,0.0102392660001,1,0,0,0,0,0,0,127,0,0,0,0,0,0,0,0,0,0,0
66,cn5054,vertex_count_allgather,communication,3.404732844,1,0,0,0,0,0,0,111,0,0,0,0,0,0,4,1,1,4,512
66,cn5054,element_count_allgather,communication,0.000835853999888,1,0,0,0,0,0,0,4,0,0,0,0,0,0,0,1,1,4,512
66,cn5054,vertex_exchange_prepare,compute,8.3180999809e-05,1,0,0,0,0,0,0,22,0,0,0,0,0,0,0,0,0,0,0
66,cn5054,vertex_exchange,communication,0.0144023150001,1,0,0,0,0,0,0,69,0,0,0,0,0,2,0,5,4,123640,65098
66,cn5054,vertex_exchange_unpack,compute,0.000945554999817,1,0,0,0,0,0,0,8,0,0,0,0,0,0,0,0,0,0,0
66,cn5054,partition_result_io,io,0,0,0,0,0,0,0,0,0,0,0,0,0,0,0,0,0,0,0,0
66,cn5054,volume_exchange_pack,compute,0.148803303,2,0,0,0,0,0,0,1866,0,0,0,0,0,0,0,0,0,0,0
66,cn5054,volume_size_exchange,communication,0.0345095019998,1,0,0,0,0,0,0,2,0,0,0,0,0,0,0,5,5,20,20
66,cn5054,volume_payload_prepare,compute,0.000268424999831,1,0,0,0,0,0,0,68,0,0,0,0,0,0,0,0,0,0,0
66,cn5054,volume_payload_exchange,communication,0.00956547599981,1,0,0,0,0,0,0,272,0,0,0,0,0,0,0,5,5,1975320,1989360
66,cn5054,volume_exchange_unpack,compute,0.10626813,1,0,0,0,0,0,0,4230,0,0,0,0,0,0,0,0,0,0,0
66,cn5054,final_mesh_save,io,0,0,0,0,0,0,0,0,0,0,0,0,0,0,0,0,0,0,0,0
66,cn5054,testout_io,io,0,0,0,0,0,0,0,0,0,0,0,0,0,0,0,0,0,0,0,0
66,cn5054,final_count_exchange,communication,0,0,0,0,0,0,0,0,0,0,0,0,0,0,0,0,0,0,0,0
66,cn5054,quality_evaluation,postprocess,0,0,0,0,0,0,0,0,0,0,0,0,0,0,0,0,0,0,0,0
67,cn5055,geometry_load,io,2.019168213,1,0,0,0,0,0,0,6320,0,1035097,0,10428416,0,203,3,0,0,0,0
67,cn5055,coarse_local_size,setup,0.532400542,1,0,0,0,0,0,0,8098,0,0,0,0,0,224,29,0,0,0,0
67,cn5055,coarse_edge_mesh,setup,0.014681784,1,0,0,0,0,0,0,489,0,0,0,0,0,2,0,0,0,0,0
67,cn5055,coarse_surface_mesh,setup,8.78256195,1,0,0,0,0,0,0,17159,0,0,0,0,0,24,9,0,0,0,0
67,cn5055,coarse_volume_mesh,setup,13.426505095,1,0,0,0,0,0,0,27693,0,0,0,0,0,37866,1633709,0,0,0,0
67,cn5055,coarse_mesh_save,io,0,0,0,0,0,0,0,0,0,0,0,0,0,0,0,0,0,0,0,0
67,cn5055,submesh_initialization,setup,0.000186221999684,1,0,0,0,0,0,0,57,0,0,0,0,0,0,0,0,0,0,0
67,cn5055,metis_partition,compute,0.25085348,1,0,0,0,0,0,0,2203,0,0,0,0,0,0,0,0,0,0,0
67,cn5055,face_map_setup,compute,0.00777964700001,1,0,0,0,0,0,0,581,0,0,0,0,0,0,0,0,0,0,0
67,cn5055,face_local_extract,compute,0.163907609,1,0,0,0,0,0,0,875,0,0,0,0,0,0,0,0,0,0,0
67,cn5055,face_pre_collective_wait,synchronization,0.0141812390002,1,0,0,0,0,0,0,15,0,0,0,0,0,0,0,0,0,0,0
67,cn5055,face_collective_setup,compute,0.00319715600017,1,0,0,0,0,0,0,16,0,0,0,0,0,3,0,0,0,0,0
67,cn5055,face_allgatherv,communication,0.227046234,1,0,0,0,0,0,0,833,0,0,0,0,0,1,1,1,1,37904,4859624
67,cn5055,face_global_merge,compute,0.0804399379999,1,0,0,0,0,0,0,532,0,0,0,0,0,0,0,0,0,0,0
67,cn5055,part_face_create,compute,0.0193636960003,1,0,0,0,0,0,0,27,0,0,0,0,0,0,0,0,0,0,0
67,cn5055,surface_refine,compute,0.0108182399999,1,0,0,0,0,0,0,19,0,0,0,0,0,0,0,0,0,0,0
67,cn5055,refined_surface_save,io,0,0,0,0,0,0,0,0,0,0,0,0,0,0,0,0,0,0,0,0
67,cn5055,local_volume_mesh,compute,8.256188536,1,0,0,0,0,0,0,4369,0,0,0,0,0,12055,657765,0,0,0,0
67,cn5055,volume_refine,compute,0.519308715,1,0,0,0,0,0,0,7309,0,0,0,0,0,0,0,0,0,0,0
67,cn5055,refined_volume_save,io,0,0,0,0,0,0,0,0,0,0,0,0,0,0,0,0,0,0,0,0
67,cn5055,adjacency_build,compute,0.00443024999959,1,0,0,0,0,0,0,10,0,0,0,0,0,0,0,0,0,0,0
67,cn5055,vertex_numbering_local,compute,0.011154364,1,0,0,0,0,0,0,4,0,0,0,0,0,0,0,0,0,0,0
67,cn5055,vertex_count_allgather,communication,3.120369802,1,0,0,0,0,0,0,47,0,0,0,0,0,0,4,1,1,4,512
67,cn5055,element_count_allgather,communication,0.000908270000309,1,0,0,0,0,0,0,0,0,0,0,0,0,0,0,1,1,4,512
67,cn5055,vertex_exchange_prepare,compute,1.92799998331e-05,1,0,0,0,0,0,0,0,0,0,0,0,0,0,0,0,0,0,0
67,cn5055,vertex_exchange,communication,0.0144978220001,1,0,0,0,0,0,0,35,0,0,0,0,0,2,0,5,5,98318,68200
67,cn5055,vertex_exchange_unpack,compute,0.00101601100005,1,0,0,0,0,0,0,0,0,0,0,0,0,0,0,0,0,0,0
67,cn5055,partition_result_io,io,0,0,0,0,0,0,0,0,0,0,0,0,0,0,0,0,0,0,0,0
67,cn5055,volume_exchange_pack,compute,0.181200142,2,0,0,0,0,0,0,1,0,0,0,0,0,0,0,0,0,0,0
67,cn5055,volume_size_exchange,communication,0.00977308900019,1,0,0,0,0,0,0,1,0,0,0,0,0,0,0,6,6,24,24
67,cn5055,volume_payload_prepare,compute,0.000129221999941,1,0,0,0,0,0,0,0,0,0,0,0,0,0,0,0,0,0,0
67,cn5055,volume_payload_exchange,communication,0.00226186500004,1,0,0,0,0,0,0,20,0,0,0,0,0,0,0,6,6,1741080,1732680
67,cn5055,volume_exchange_unpack,compute,0.1272497,1,0,0,0,0,0,0,3970,0,0,0,0,0,0,0,0,0,0,0
67,cn5055,final_mesh_save,io,0,0,0,0,0,0,0,0,0,0,0,0,0,0,0,0,0,0,0,0
67,cn5055,testout_io,io,0,0,0,0,0,0,0,0,0,0,0,0,0,0,0,0,0,0,0,0
67,cn5055,final_count_exchange,communication,0,0,0,0,0,0,0,0,0,0,0,0,0,0,0,0,0,0,0,0
67,cn5055,quality_evaluation,postprocess,0,0,0,0,0,0,0,0,0,0,0,0,0,0,0,0,0,0,0,0
68,cn5056,geometry_load,io,4.310105259,1,0,0,0,0,0,0,5895,0,1035097,0,10428416,0,203,3,0,0,0,0
68,cn5056,coarse_local_size,setup,0.487010719,1,0,0,0,0,0,0,8144,0,0,0,0,0,190,26,0,0,0,0
68,cn5056,coarse_edge_mesh,setup,0.0147985889998,1,0,0,0,0,0,0,518,0,0,0,0,0,2,0,0,0,0,0
68,cn5056,coarse_surface_mesh,setup,8.265618736,1,0,0,0,0,0,0,17222,0,0,0,0,0,24,15,0,0,0,0
68,cn5056,coarse_volume_mesh,setup,13.433088718,1,0,0,0,0,0,0,27156,0,0,0,0,0,39071,1642249,0,0,0,0
68,cn5056,coarse_mesh_save,io,0,0,0,0,0,0,0,0,0,0,0,0,0,0,0,0,0,0,0,0
68,cn5056,submesh_initialization,setup,0.00018756199961,1,0,0,0,0,0,0,55,0,0,0,0,0,0,0,0,0,0,0
68,cn5056,metis_partition,compute,0.243778984,1,0,0,0,0,0,0,2128,0,0,0,0,0,0,0,0,0,0,0
68,cn5056,face_map_setup,compute,0.00770571900011,1,0,0,0,0,0,0,581,0,0,0,0,0,0,0,0,0,0,0
68,cn5056,face_local_extract,compute,0.158676013,1,0,0,0,0,0,0,844,0,0,0,0,0,0,0,0,0,0,0
68,cn5056,face_pre_collective_wait,synchronization,0.0265385000002,1,0,0,0,0,0,0,16,0,0,0,0,0,0,0,0,0,0,0
68,cn5056,face_collective_setup,compute,0.00323892100005,1,0,0,0,0,0,0,16,0,0,0,0,0,3,0,0,0,0,0
68,cn5056,face_allgatherv,communication,0.226883487,1,0,0,0,0,0,0,638,0,0,0,0,0,1,0,1,1,37904,4859624
68,cn5056,face_global_merge,compute,0.078881331,1,0,0,0,0,0,0,515,0,0,0,0,0,0,1,0,0,0,0
68,cn5056,part_face_create,compute,0.0192487670001,1,0,0,0,0,0,0,22,0,0,0,0,0,0,0,0,0,0,0
68,cn5056,surface_refine,compute,0.0102920520003,1,0,0,0,0,0,0,51,0,0,0,0,0,0,0,0,0,0,0
68,cn5056,refined_surface_save,io,0,0,0,0,0,0,0,0,0,0,0,0,0,0,0,0,0,0,0,0
68,cn5056,local_volume_mesh,compute,8.794123367,1,0,0,0,0,0,0,4634,0,0,0,0,0,13515,591093,0,0,0,0
68,cn5056,volume_refine,compute,0.447409712,1,0,0,0,0,0,0,4808,0,0,0,0,0,0,1,0,0,0,0
68,cn5056,refined_volume_save,io,0,0,0,0,0,0,0,0,0,0,0,0,0,0,0,0,0,0,0,0
68,cn5056,adjacency_build,compute,0.00463575899994,1,0,0,0,0,0,0,11,0,0,0,0,0,0,0,0,0,0,0
68,cn5056,vertex_numbering_local,compute,0.013655275,1,0,0,0,0,0,0,8,0,0,0,0,0,0,0,0,0,0,0
68,cn5056,vertex_count_allgather,communication,2.654166404,1,0,0,0,0,0,0,46,0,0,0,0,0,0,7,1,1,4,512
68,cn5056,element_count_allgather,communication,0.000841750999825,1,0,0,0,0,0,0,0,0,0,0,0,0,0,0,1,1,4,512
68,cn5056,vertex_exchange_prepare,compute,2.35200000134e-05,1,0,0,0,0,0,0,0,0,0,0,0,0,0,0,0,0,0,0
68,cn5056,vertex_exchange,communication,0.0223603869999,1,0,0,0,0,0,0,796,0,0,0,0,0,2,0,9,6,191246,92400
68,cn5056,vertex_exchange_unpack,compute,0.00134791799974,1,0,0,0,0,0,0,0,0,0,0,0,0,0,0,0,0,0,0
68,cn5056,partition_result_io,io,0,0,0,0,0,0,0,0,0,0,0,0,0,0,0,0,0,0,0,0
68,cn5056,volume_exchange_pack,compute,0.174967382,2,0,0,0,0,0,0,3,0,0,0,0,0,0,0,0,0,0,0
68,cn5056,volume_size_exchange,communication,4.88010000481e-05,1,0,0,0,0,0,0,0,0,0,0,0,0,0,0,9,9,36,36
68,cn5056,volume_payload_prepare,compute,0.000217982999857,1,0,0,0,0,0,0,0,0,0,0,0,0,0,0,0,0,0,0
68,cn5056,volume_payload_exchange,communication,0.00955092200002,1,0,0,0,0,0,0,24,0,0,0,0,0,0,0,9,9,3009360,3015600
68,cn5056,volume_exchange_unpack,compute,0.132198753,1,0,0,0,0,0,0,4616,0,0,0,0,0,0,0,0,0,0,0
68,cn5056,final_mesh_save,io,0,0,0,0,0,0,0,0,0,0,0,0,0,0,0,0,0,0,0,0
68,cn5056,testout_io,io,0,0,0,0,0,0,0,0,0,0,0,0,0,0,0,0,0,0,0,0
68,cn5056,final_count_exchange,communication,0,0,0,0,0,0,0,0,0,0,0,0,0,0,0,0,0,0,0,0
68,cn5056,quality_evaluation,postprocess,0,0,0,0,0,0,0,0,0,0,0,0,0,0,0,0,0,0,0,0
69,cn5057,geometry_load,io,1.981887779,1,0,0,0,0,0,0,5898,0,1035097,0,10428416,0,203,2,0,0,0,0
69,cn5057,coarse_local_size,setup,0.529079182,1,0,0,0,0,0,0,8564,0,0,0,0,0,252,29,0,0,0,0
69,cn5057,coarse_edge_mesh,setup,0.0148646779999,1,0,0,0,0,0,0,524,0,0,0,0,0,2,0,0,0,0,0
69,cn5057,coarse_surface_mesh,setup,8.440154622,1,0,0,0,0,0,0,17105,0,0,0,0,0,24,9,0,0,0,0
69,cn5057,coarse_volume_mesh,setup,13.25504823,1,0,0,0,0,0,0,27047,0,0,0,0,0,36098,1492917,0,0,0,0
69,cn5057,coarse_mesh_save,io,0,0,0,0,0,0,0,0,0,0,0,0,0,0,0,0,0,0,0,0
69,cn5057,submesh_initialization,setup,0.000182102000053,1,0,0,0,0,0,0,53,0,0,0,0,0,0,0,0,0,0,0
69,cn5057,metis_partition,compute,0.247072252,1,0,0,0,0,0,0,1968,0,0,0,0,0,0,0,0,0,0,0
69,cn5057,face_map_setup,compute,0.00778965300015,1,0,0,0,0,0,0,579,0,0,0,0,0,0,0,0,0,0,0
69,cn5057,face_local_extract,compute,0.158568594,1,0,0,0,0,0,0,880,0,0,0,0,0,0,0,0,0,0,0
69,cn5057,face_pre_collective_wait,synchronization,0.0234060600001,1,0,0,0,0,0,0,8,0,0,0,0,0,0,0,0,0,0,0
69,cn5057,face_collective_setup,compute,0.00269521200016,1,0,0,0,0,0,0,16,0,0,0,0,0,3,0,0,0,0,0
69,cn5057,face_allgatherv,communication,0.227346636,1,0,0,0,0,0,0,639,0,0,0,0,0,1,0,1,1,37904,4859624
69,cn5057,face_global_merge,compute,0.0798614150003,1,0,0,0,0,0,0,602,0,0,0,0,0,0,0,0,0,0,0
69,cn5057,part_face_create,compute,0.0192462099999,1,0,0,0,0,0,0,17,0,0,0,0,0,0,0,0,0,0,0
69,cn5057,surface_refine,compute,0.00962093499993,1,0,0,0,0,0,0,50,0,0,0,0,0,0,0,0,0,0,0
69,cn5057,refined_surface_save,io,0,0,0,0,0,0,0,0,0,0,0,0,0,0,0,0,0,0,0,0
69,cn5057,local_volume_mesh,compute,8.44417333,1,0,0,0,0,0,0,4399,0,0,0,0,0,20796,831273,0,0,0,0
69,cn5057,volume_refine,compute,0.437812591,1,0,0,0,0,0,0,6158,0,0,0,0,0,0,0,0,0,0,0
69,cn5057,refined_volume_save,io,0,0,0,0,0,0,0,0,0,0,0,0,0,0,0,0,0,0,0,0
69,cn5057,adjacency_build,compute,0.00440541199987,1,0,0,0,0,0,0,5,0,0,0,0,0,0,0,0,0,0,0
69,cn5057,vertex_numbering_local,compute,0.0075494900002,1,0,0,0,0,0,0,5,0,0,0,0,0,0,0,0,0,0,0
69,cn5057,vertex_count_allgather,communication,3.019875741,1,0,0,0,0,0,0,46,0,0,0,0,0,0,3,1,1,4,512
69,cn5057,element_count_allgather,communication,0.00048516600009,1,0,0,0,0,0,0,0,0,0,0,0,0,0,0,1,1,4,512
69,cn5057,vertex_exchange_prepare,compute,1.26400000227e-05,1,0,0,0,0,0,0,0,0,0,0,0,0,0,0,0,0,0,0
69,cn5057,vertex_exchange,communication,0.0154966649998,1,0,0,0,0,0,0,25,0,0,0,0,0,2,0,3,1,39908,55132
69,cn5057,vertex_exchange_unpack,compute,0.000796709000042,1,0,0,0,0,0,0,0,0,0,0,0,0,0,0,0,0,0,0
69,cn5057,partition_result_io,io,0,0,0,0,0,0,0,0,0,0,0,0,0,0,0,0,0,0,0,0
69,cn5057,volume_exchange_pack,compute,0.118165312,2,0,0,0,0,0,0,2,0,0,0,0,0,0,1,0,0,0,0
69,cn5057,volume_size_exchange,communication,0.0643115880002,1,0,0,0,0,0,0,0,0,0,0,0,0,0,0,3,3,12,12
69,cn5057,volume_payload_prepare,compute,7.53609997446e-05,1,0,0,0,0,0,0,0,0,0,0,0,0,0,0,0,0,0,0
69,cn5057,volume_payload_exchange,communication,0.00147835799999,1,0,0,0,0,0,0,11,0,0,0,0,0,0,0,3,3,998880,987480
69,cn5057,volume_exchange_unpack,compute,0.0781391539999,1,0,0,0,0,0,0,1665,0,0,0,0,0,0,0,0,0,0,0
69,cn5057,final_mesh_save,io,0,0,0,0,0,0,0,0,0,0,0,0,0,0,0,0,0,0,0,0
69,cn5057,testout_io,io,0,0,0,0,0,0,0,0,0,0,0,0,0,0,0,0,0,0,0,0
69,cn5057,final_count_exchange,communication,0,0,0,0,0,0,0,0,0,0,0,0,0,0,0,0,0,0,0,0
69,cn5057,quality_evaluation,postprocess,0,0,0,0,0,0,0,0,0,0,0,0,0,0,0,0,0,0,0,0
70,cn5058,geometry_load,io,1.986478682,1,0,0,0,0,0,0,5897,0,1035097,0,10428416,0,203,3,0,0,0,0
70,cn5058,coarse_local_size,setup,0.520093742,1,0,0,0,0,0,0,8598,0,0,0,0,0,215,31,0,0,0,0
70,cn5058,coarse_edge_mesh,setup,0.0145501780003,1,0,0,0,0,0,0,518,0,0,0,0,0,2,0,0,0,0,0
70,cn5058,coarse_surface_mesh,setup,8.576176575,1,0,0,0,0,0,0,17209,0,0,0,0,0,24,10,0,0,0,0
70,cn5058,coarse_volume_mesh,setup,13.4321676,1,0,0,0,0,0,0,27626,0,0,0,0,0,37665,1640524,0,0,0,0
70,cn5058,coarse_mesh_save,io,0,0,0,0,0,0,0,0,0,0,0,0,0,0,0,0,0,0,0,0
70,cn5058,submesh_initialization,setup,0.000189403000149,1,0,0,0,0,0,0,57,0,0,0,0,0,0,0,0,0,0,0
70,cn5058,metis_partition,compute,0.25755167,1,0,0,0,0,0,0,2013,0,0,0,0,0,0,1,0,0,0,0
70,cn5058,face_map_setup,compute,0.00770735500009,1,0,0,0,0,0,0,571,0,0,0,0,0,0,0,0,0,0,0
70,cn5058,face_local_extract,compute,0.159856436,1,0,0,0,0,0,0,906,0,0,0,0,0,0,0,0,0,0,0
70,cn5058,face_pre_collective_wait,synchronization,0.011691403,1,0,0,0,0,0,0,10,0,0,0,0,0,0,0,0,0,0,0
70,cn5058,face_collective_setup,compute,0.00265233300024,1,0,0,0,0,0,0,16,0,0,0,0,0,3,0,0,0,0,0
70,cn5058,face_allgatherv,communication,0.227347881,1,0,0,0,0,0,0,637,0,0,0,0,0,1,0,1,1,37904,4859624
70,cn5058,face_global_merge,compute,0.0798780569999,1,0,0,0,0,0,0,558,0,0,0,0,0,0,0,0,0,0,0
70,cn5058,part_face_create,compute,0.019220275,1,0,0,0,0,0,0,20,0,0,0,0,0,0,0,0,0,0,0
70,cn5058,surface_refine,compute,0.0104432479998,1,0,0,0,0,0,0,50,0,0,0,0,0,0,0,0,0,0,0
70,cn5058,refined_surface_save,io,0,0,0,0,0,0,0,0,0,0,0,0,0,0,0,0,0,0,0,0
70,cn5058,local_volume_mesh,compute,8.681869868,1,0,0,0,0,0,0,4408,0,0,0,0,0,14153,752349,0,0,0,0
70,cn5058,volume_refine,compute,0.442866357,1,0,0,0,0,0,0,5630,0,0,0,0,0,0,0,0,0,0,0
70,cn5058,refined_volume_save,io,0,0,0,0,0,0,0,0,0,0,0,0,0,0,0,0,0,0,0,0
70,cn5058,adjacency_build,compute,0.00435117300003,1,0,0,0,0,0,0,8,0,0,0,0,0,0,0,0,0,0,0
70,cn5058,vertex_numbering_local,compute,0.00898967000012,1,0,0,0,0,0,0,4,0,0,0,0,0,0,0,0,0,0,0
70,cn5058,vertex_count_allgather,communication,2.775019567,1,0,0,0,0,0,0,47,0,0,0,0,0,0,4,1,1,4,512
70,cn5058,element_count_allgather,communication,0.000937871000133,1,0,0,0,0,0,0,0,0,0,0,0,0,0,0,1,1,4,512
70,cn5058,vertex_exchange_prepare,compute,1.14409999696e-05,1,0,0,0,0,0,0,0,0,0,0,0,0,0,0,0,0,0,0
70,cn5058,vertex_exchange,communication,0.00401108899996,1,0,0,0,0,0,0,18,0,0,0,0,0,2,0,3,2,74470,32582
70,cn5058,vertex_exchange_unpack,compute,0.000512505999723,1,0,0,0,0,0,0,0,0,0,0,0,0,0,0,0,0,0,0
70,cn5058,partition_result_io,io,0,0,0,0,0,0,0,0,0,0,0,0,0,0,0,0,0,0,0,0
70,cn5058,volume_exchange_pack,compute,0.111913489,2,0,0,0,0,0,0,343,0,0,0,0,0,0,0,0,0,0,0
70,cn5058,volume_size_exchange,communication,0.0823941880003,1,0,0,0,0,0,0,0,0,0,0,0,0,0,0,4,4,16,16
70,cn5058,volume_payload_prepare,compute,0.000222842999847,1,0,0,0,0,0,0,68,0,0,0,0,0,0,0,0,0,0,0
70,cn5058,volume_payload_exchange,communication,0.00956861700024,1,0,0,0,0,0,0,155,0,0,0,0,0,0,0,4,4,1117080,1124760
70,cn5058,volume_exchange_unpack,compute,0.088110358,1,0,0,0,0,0,0,4003,0,0,0,0,0,0,0,0,0,0,0
70,cn5058,final_mesh_save,io,0,0,0,0,0,0,0,0,0,0,0,0,0,0,0,0,0,0,0,0
70,cn5058,testout_io,io,0,0,0,0,0,0,0,0,0,0,0,0,0,0,0,0,0,0,0,0
70,cn5058,final_count_exchange,communication,0,0,0,0,0,0,0,0,0,0,0,0,0,0,0,0,0,0,0,0
70,cn5058,quality_evaluation,postprocess,0,0,0,0,0,0,0,0,0,0,0,0,0,0,0,0,0,0,0,0
71,cn5059,geometry_load,io,1.92000342,1,0,0,0,0,0,0,5898,0,1035097,0,10428416,0,203,1,0,0,0,0
71,cn5059,coarse_local_size,setup,0.489857262,1,0,0,0,0,0,0,8338,0,0,0,0,0,192,27,0,0,0,0
71,cn5059,coarse_edge_mesh,setup,0.0147572559999,1,0,0,0,0,0,0,489,0,0,0,0,0,2,0,0,0,0,0
71,cn5059,coarse_surface_mesh,setup,8.296572385,1,0,0,0,0,0,0,17316,0,0,0,0,0,24,10,0,0,0,0
71,cn5059,coarse_volume_mesh,setup,13.407325265,1,0,0,0,0,0,0,26420,0,0,0,0,0,37059,1674369,0,0,0,0
71,cn5059,coarse_mesh_save,io,0,0,0,0,0,0,0,0,0,0,0,0,0,0,0,0,0,0,0,0
71,cn5059,submesh_initialization,setup,0.000160221999977,1,0,0,0,0,0,0,21,0,0,0,0,0,0,0,0,0,0,0
71,cn5059,metis_partition,compute,0.229250904,1,0,0,0,0,0,0,631,0,0,0,0,0,0,0,0,0,0,0
71,cn5059,face_map_setup,compute,0.00709804400003,1,0,0,0,0,0,0,343,0,0,0,0,0,0,0,0,0,0,0
71,cn5059,face_local_extract,compute,0.16073849,1,0,0,0,0,0,0,886,0,0,0,0,0,0,0,0,0,0,0
71,cn5059,face_pre_collective_wait,synchronization,0.0398119930001,1,0,0,0,0,0,0,6,0,0,0,0,0,0,0,0,0,0,0
71,cn5059,face_collective_setup,compute,0.00334930000008,1,0,0,0,0,0,0,13,0,0,0,0,0,3,0,0,0,0,0
71,cn5059,face_allgatherv,communication,0.226562193,1,0,0,0,0,0,0,712,0,0,0,0,0,1,0,1,1,37904,4859624
71,cn5059,face_global_merge,compute,0.0738422580002,1,0,0,0,0,0,0,78,0,0,0,0,0,0,0,0,0,0,0
71,cn5059,part_face_create,compute,0.0186834020001,1,0,0,0,0,0,0,19,0,0,0,0,0,0,1,0,0,0,0
71,cn5059,surface_refine,compute,0.00856750200001,1,0,0,0,0,0,0,44,0,0,0,0,0,0,0,0,0,0,0
71,cn5059,refined_surface_save,io,0,0,0,0,0,0,0,0,0,0,0,0,0,0,0,0,0,0,0,0
71,cn5059,local_volume_mesh,compute,7.839265449,1,0,0,0,0,0,0,2832,0,0,0,0,0,11356,516077,0,0,0,0
71,cn5059,volume_refine,compute,0.399581429,1,0,0,0,0,0,0,6849,0,0,0,0,0,0,2,0,0,0,0
71,cn5059,refined_volume_save,io,0,0,0,0,0,0,0,0,0,0,0,0,0,0,0,0,0,0,0,0
71,cn5059,adjacency_build,compute,0.00403566800014,1,0,0,0,0,0,0,0,0,0,0,0,0,0,0,0,0,0,0
71,cn5059,vertex_numbering_local,compute,0.010157101,1,0,0,0,0,0,0,25,0,0,0,0,0,0,0,0,0,0,0
71,cn5059,vertex_count_allgather,communication,3.668733523,1,0,0,0,0,0,0,62,0,0,0,0,0,0,4,1,1,4,512
71,cn5059,element_count_allgather,communication,0.000835389999793,1,0,0,0,0,0,0,0,0,0,0,0,0,0,0,1,1,4,512
71,cn5059,vertex_exchange_prepare,compute,0.000171323000359,1,0,0,0,0,0,0,45,0,0,0,0,0,0,0,0,0,0,0
71,cn5059,vertex_exchange,communication,0.016134251,1,0,0,0,0,0,0,815,0,0,0,0,0,2,0,3,5,21560,174306
71,cn5059,vertex_exchange_unpack,compute,0.00238792799973,1,0,0,0,0,0,0,0,0,0,0,0,0,0,0,0,0,0,0
71,cn5059,partition_result_io,io,0,0,0,0,0,0,0,0,0,0,0,0,0,0,0,0,0,0,0,0
71,cn5059,volume_exchange_pack,compute,0.144703339,2,0,0,0,0,0,0,726,0,0,0,0,0,0,1,0,0,0,0
71,cn5059,volume_size_exchange,communication,0.0434514559997,1,0,0,0,0,0,0,1,0,0,0,0,0,0,0,6,6,24,24
71,cn5059,volume_payload_prepare,compute,0.000336984000114,1,0,0,0,0,0,0,102,0,0,0,0,0,0,0,0,0,0,0
71,cn5059,volume_payload_exchange,communication,0.00222800599977,1,0,0,0,0,0,0,279,0,0,0,0,0,0,0,6,6,2081160,2081400
71,cn5059,volume_exchange_unpack,compute,0.104531023,1,0,0,0,0,0,0,4052,0,0,0,0,0,0,0,0,0,0,0
71,cn5059,final_mesh_save,io,0,0,0,0,0,0,0,0,0,0,0,0,0,0,0,0,0,0,0,0
71,cn5059,testout_io,io,0,0,0,0,0,0,0,0,0,0,0,0,0,0,0,0,0,0,0,0
71,cn5059,final_count_exchange,communication,0,0,0,0,0,0,0,0,0,0,0,0,0,0,0,0,0,0,0,0
71,cn5059,quality_evaluation,postprocess,0,0,0,0,0,0,0,0,0,0,0,0,0,0,0,0,0,0,0,0
72,cn5060,geometry_load,io,1.945216371,1,0,0,0,0,0,0,5896,0,1035097,0,10428416,0,203,2,0,0,0,0
72,cn5060,coarse_local_size,setup,0.510303926,1,0,0,0,0,0,0,8751,0,0,0,0,0,217,31,0,0,0,0
72,cn5060,coarse_edge_mesh,setup,0.0148469649998,1,0,0,0,0,0,0,488,0,0,0,0,0,2,0,0,0,0,0
72,cn5060,coarse_surface_mesh,setup,8.467248757,1,0,0,0,0,0,0,17144,0,0,0,0,0,24,12,0,0,0,0
72,cn5060,coarse_volume_mesh,setup,13.264098224,1,0,0,0,0,0,0,27138,0,0,0,0,0,36488,1541863,0,0,0,0
72,cn5060,coarse_mesh_save,io,0,0,0,0,0,0,0,0,0,0,0,0,0,0,0,0,0,0,0,0
72,cn5060,submesh_initialization,setup,0.000200942999982,1,0,0,0,0,0,0,62,0,0,0,0,0,0,0,0,0,0,0
72,cn5060,metis_partition,compute,0.246603274,1,0,0,0,0,0,0,1722,0,0,0,0,0,0,0,0,0,0,0
72,cn5060,face_map_setup,compute,0.00759095500007,1,0,0,0,0,0,0,579,0,0,0,0,0,0,0,0,0,0,0
72,cn5060,face_local_extract,compute,0.158682882,1,0,0,0,0,0,0,900,0,0,0,0,0,0,0,0,0,0,0
72,cn5060,face_pre_collective_wait,synchronization,0.0239018420002,1,0,0,0,0,0,0,10,0,0,0,0,0,0,0,0,0,0,0
72,cn5060,face_collective_setup,compute,0.00337445100013,1,0,0,0,0,0,0,15,0,0,0,0,0,3,0,0,0,0,0
72,cn5060,face_allgatherv,communication,0.226422088,1,0,0,0,0,0,0,829,0,0,0,0,0,1,0,1,1,37904,4859624
72,cn5060,face_global_merge,compute,0.0780560620001,1,0,0,0,0,0,0,480,0,0,0,0,0,0,0,0,0,0,0
72,cn5060,part_face_create,compute,0.0191490499997,1,0,0,0,0,0,0,30,0,0,0,0,0,0,0,0,0,0,0
72,cn5060,surface_refine,compute,0.00971454699993,1,0,0,0,0,0,0,6,0,0,0,0,0,0,0,0,0,0,0
72,cn5060,refined_surface_save,io,0,0,0,0,0,0,0,0,0,0,0,0,0,0,0,0,0,0,0,0
72,cn5060,local_volume_mesh,compute,8.286410659,1,0,0,0,0,0,0,4260,0,0,0,0,0,10658,733608,0,0,0,0
72,cn5060,volume_refine,compute,0.435122828,1,0,0,0,0,0,0,6600,0,0,0,0,0,0,0,0,0,0,0
72,cn5060,refined_volume_save,io,0,0,0,0,0,0,0,0,0,0,0,0,0,0,0,0,0,0,0,0
72,cn5060,adjacency_build,compute,0.00435952599992,1,0,0,0,0,0,0,7,0,0,0,0,0,0,0,0,0,0,0
72,cn5060,vertex_numbering_local,compute,0.00946020299989,1,0,0,0,0,0,0,5,0,0,0,0,0,0,0,0,0,0,0
72,cn5060,vertex_count_allgather,communication,3.180129648,1,0,0,0,0,0,0,41,0,0,0,0,0,0,5,1,1,4,512
72,cn5060,element_count_allgather,communication,0.000897014000202,1,0,0,0,0,0,0,0,0,0,0,0,0,0,0,1,1,4,512
72,cn5060,vertex_exchange_prepare,compute,1.86199999916e-05,1,0,0,0,0,0,0,0,0,0,0,0,0,0,0,0,0,0,0
72,cn5060,vertex_exchange,communication,0.015015687,1,0,0,0,0,0,0,622,0,0,0,0,0,2,0,5,4,108504,47630
72,cn5060,vertex_exchange_unpack,compute,0.000744492000194,1,0,0,0,0,0,0,0,0,0,0,0,0,0,0,0,0,0,0
72,cn5060,partition_result_io,io,0,0,0,0,0,0,0,0,0,0,0,0,0,0,0,0,0,0,0,0
72,cn5060,volume_exchange_pack,compute,0.139564933,2,0,0,0,0,0,0,689,0,0,0,0,0,0,0,0,0,0,0
72,cn5060,volume_size_exchange,communication,0.0269921889999,1,0,0,0,0,0,0,1,0,0,0,0,0,0,0,6,6,24,24
72,cn5060,volume_payload_prepare,compute,0.000243702999796,1,0,0,0,0,0,0,68,0,0,0,0,0,0,0,0,0,0,0
72,cn5060,volume_payload_exchange,communication,0.01783127,1,0,0,0,0,0,0,179,0,0,0,0,0,0,0,6,6,1654800,1647480
72,cn5060,volume_exchange_unpack,compute,0.110170528,1,0,0,0,0,0,0,4121,0,0,0,0,0,0,1,0,0,0,0
72,cn5060,final_mesh_save,io,0,0,0,0,0,0,0,0,0,0,0,0,0,0,0,0,0,0,0,0
72,cn5060,testout_io,io,0,0,0,0,0,0,0,0,0,0,0,0,0,0,0,0,0,0,0,0
72,cn5060,final_count_exchange,communication,0,0,0,0,0,0,0,0,0,0,0,0,0,0,0,0,0,0,0,0
72,cn5060,quality_evaluation,postprocess,0,0,0,0,0,0,0,0,0,0,0,0,0,0,0,0,0,0,0,0
73,cn5061,geometry_load,io,2.813764301,1,0,0,0,0,0,0,5897,0,1035097,0,10428416,0,203,16,0,0,0,0
73,cn5061,coarse_local_size,setup,0.539691828,1,0,0,0,0,0,0,8361,0,0,0,0,0,218,34,0,0,0,0
73,cn5061,coarse_edge_mesh,setup,0.0147454170001,1,0,0,0,0,0,0,507,0,0,0,0,0,2,0,0,0,0,0
73,cn5061,coarse_surface_mesh,setup,8.634244419,1,0,0,0,0,0,0,17169,0,0,0,0,0,24,76,0,0,0,0
73,cn5061,coarse_volume_mesh,setup,13.45153988,1,0,0,0,0,0,0,26957,0,0,0,0,0,38825,1714982,0,0,0,0
73,cn5061,coarse_mesh_save,io,0,0,0,0,0,0,0,0,0,0,0,0,0,0,0,0,0,0,0,0
73,cn5061,submesh_initialization,setup,0.000189141999726,1,0,0,0,0,0,0,62,0,0,0,0,0,0,0,0,0,0,0
73,cn5061,metis_partition,compute,0.248585041,1,0,0,0,0,0,0,1907,0,0,0,0,0,0,2,0,0,0,0
73,cn5061,face_map_setup,compute,0.00782806500001,1,0,0,0,0,0,0,570,0,0,0,0,0,0,0,0,0,0,0
73,cn5061,face_local_extract,compute,0.158427136,1,0,0,0,0,0,0,896,0,0,0,0,0,0,2,0,0,0,0
73,cn5061,face_pre_collective_wait,synchronization,0.0219660930002,1,0,0,0,0,0,0,10,0,0,0,0,0,0,0,0,0,0,0
73,cn5061,face_collective_setup,compute,0.00337056499984,1,0,0,0,0,0,0,16,0,0,0,0,0,3,0,0,0,0,0
73,cn5061,face_allgatherv,communication,0.226320383,1,0,0,0,0,0,0,1147,0,0,0,0,0,1,2,1,1,37904,4859624
73,cn5061,face_global_merge,compute,0.080443155,1,0,0,0,0,0,0,522,0,0,0,0,0,0,0,0,0,0,0
73,cn5061,part_face_create,compute,0.019311858,1,0,0,0,0,0,0,24,0,0,0,0,0,0,0,0,0,0,0
73,cn5061,surface_refine,compute,0.0102349969998,1,0,0,0,0,0,0,49,0,0,0,0,0,0,1,0,0,0,0
73,cn5061,refined_surface_save,io,0,0,0,0,0,0,0,0,0,0,0,0,0,0,0,0,0,0,0,0
73,cn5061,local_volume_mesh,compute,8.945871941,1,0,0,0,0,0,0,4746,0,0,0,0,0,18740,966686,0,0,0,0
73,cn5061,volume_refine,compute,0.514790415,1,0,0,0,0,0,0,6516,0,0,0,0,0,0,7,0,0,0,0
73,cn5061,refined_volume_save,io,0,0,0,0,0,0,0,0,0,0,0,0,0,0,0,0,0,0,0,0
73,cn5061,adjacency_build,compute,0.00433771799999,1,0,0,0,0,0,0,11,0,0,0,0,0,0,0,0,0,0,0
73,cn5061,vertex_numbering_local,compute,0.00925014299992,1,0,0,0,0,0,0,8,0,0,0,0,0,0,0,0,0,0,0
73,cn5061,vertex_count_allgather,communication,2.438695871,1,0,0,0,0,0,0,49,0,0,0,0,0,0,21,1,1,4,512
73,cn5061,element_count_allgather,communication,0.000811510999938,1,0,0,0,0,0,0,0,0,0,0,0,0,0,0,1,1,4,512
73,cn5061,vertex_exchange_prepare,compute,1.69400000232e-05,1,0,0,0,0,0,0,0,0,0,0,0,0,0,0,0,0,0,0
73,cn5061,vertex_exchange,communication,0.0134895599999,1,0,0,0,0,0,0,29,0,0,0,0,0,2,0,4,2,73238,56056
73,cn5061,vertex_exchange_unpack,compute,0.000834510999994,1,0,0,0,0,0,0,0,0,0,0,0,0,0,0,0,0,0,0
73,cn5061,partition_result_io,io,0,0,0,0,0,0,0,0,0,0,0,0,0,0,0,0,0,0,0,0
73,cn5061,volume_exchange_pack,compute,0.161962523,2,0,0,0,0,0,0,442,0,0,0,0,0,0,2,0,0,0,0
73,cn5061,volume_size_exchange,communication,0.00460152200003,1,0,0,0,0,0,0,2,0,0,0,0,0,0,0,4,4,16,16
73,cn5061,volume_payload_prepare,compute,0.0002234829999,1,0,0,0,0,0,0,68,0,0,0,0,0,0,0,0,0,0,0
73,cn5061,volume_payload_exchange,communication,0.0184008660003,1,0,0,0,0,0,0,209,0,0,0,0,0,0,0,4,4,1364760,1360320
73,cn5061,volume_exchange_unpack,compute,0.120646392,1,0,0,0,0,0,0,5019,0,0,0,0,0,0,1,0,0,0,0
73,cn5061,final_mesh_save,io,0,0,0,0,0,0,0,0,0,0,0,0,0,0,0,0,0,0,0,0
73,cn5061,testout_io,io,0,0,0,0,0,0,0,0,0,0,0,0,0,0,0,0,0,0,0,0
73,cn5061,final_count_exchange,communication,0,0,0,0,0,0,0,0,0,0,0,0,0,0,0,0,0,0,0,0
73,cn5061,quality_evaluation,postprocess,0,0,0,0,0,0,0,0,0,0,0,0,0,0,0,0,0,0,0,0
74,cn5062,geometry_load,io,1.966367197,1,0,0,0,0,0,0,5895,0,1035097,0,10428416,0,203,3,0,0,0,0
74,cn5062,coarse_local_size,setup,0.510496718,1,0,0,0,0,0,0,8537,0,0,0,0,0,304,30,0,0,0,0
74,cn5062,coarse_edge_mesh,setup,0.013999796,1,0,0,0,0,0,0,517,0,0,0,0,0,2,0,0,0,0,0
74,cn5062,coarse_surface_mesh,setup,8.344961566,1,0,0,0,0,0,0,17226,0,0,0,0,0,24,17,0,0,0,0
74,cn5062,coarse_volume_mesh,setup,13.25729214,1,0,0,0,0,0,0,27809,0,0,0,0,0,36821,1539960,0,0,0,0
74,cn5062,coarse_mesh_save,io,0,0,0,0,0,0,0,0,0,0,0,0,0,0,0,0,0,0,0,0
74,cn5062,submesh_initialization,setup,0.000193543000023,1,0,0,0,0,0,0,58,0,0,0,0,0,0,0,0,0,0,0
74,cn5062,metis_partition,compute,0.240204126,1,0,0,0,0,0,0,2102,0,0,0,0,0,0,0,0,0,0,0
74,cn5062,face_map_setup,compute,0.00767382899994,1,0,0,0,0,0,0,587,0,0,0,0,0,0,0,0,0,0,0
74,cn5062,face_local_extract,compute,0.157740997,1,0,0,0,0,0,0,831,0,0,0,0,0,0,1,0,0,0,0
74,cn5062,face_pre_collective_wait,synchronization,0.031169765,1,0,0,0,0,0,0,7,0,0,0,0,0,0,0,0,0,0,0
74,cn5062,face_collective_setup,compute,0.00340991699977,1,0,0,0,0,0,0,16,0,0,0,0,0,3,0,0,0,0,0
74,cn5062,face_allgatherv,communication,0.22624225,1,0,0,0,0,0,0,640,0,0,0,0,0,1,0,1,1,37904,4859624
74,cn5062,face_global_merge,compute,0.0788752080002,1,0,0,0,0,0,0,519,0,0,0,0,0,0,0,0,0,0,0
74,cn5062,part_face_create,compute,0.0190345000001,1,0,0,0,0,0,0,17,0,0,0,0,0,0,0,0,0,0,0
74,cn5062,surface_refine,compute,0.00903145200027,1,0,0,0,0,0,0,47,0,0,0,0,0,0,0,0,0,0,0
74,cn5062,refined_surface_save,io,0,0,0,0,0,0,0,0,0,0,0,0,0,0,0,0,0,0,0,0
74,cn5062,local_volume_mesh,compute,7.578697521,1,0,0,0,0,0,0,4495,0,0,0,0,0,6214,382397,0,0,0,0
74,cn5062,volume_refine,compute,0.448939401,1,0,0,0,0,0,0,6636,0,0,0,0,0,0,0,0,0,0,0
74,cn5062,refined_volume_save,io,0,0,0,0,0,0,0,0,0,0,0,0,0,0,0,0,0,0,0,0
74,cn5062,adjacency_build,compute,0.00406918900035,1,0,0,0,0,0,0,10,0,0,0,0,0,0,0,0,0,0,0
74,cn5062,vertex_numbering_local,compute,0.00741468399974,1,0,0,0,0,0,0,7,0,0,0,0,0,0,0,0,0,0,0
74,cn5062,vertex_count_allgather,communication,3.876808893,1,0,0,0,0,0,0,45,0,0,0,0,0,0,7,1,1,4,512
74,cn5062,element_count_allgather,communication,0.000878034999914,1,0,0,0,0,0,0,1,0,0,0,0,0,0,0,1,1,4,512
74,cn5062,vertex_exchange_prepare,compute,4.60000001112e-06,1,0,0,0,0,0,0,0,0,0,0,0,0,0,0,0,0,0,0
74,cn5062,vertex_exchange,communication,0.0044433539997,1,0,0,0,0,0,0,18,0,0,0,0,0,2,0,1,0,87318,0
74,cn5062,vertex_exchange_unpack,compute,1.87999967238e-06,1,0,0,0,0,0,0,0,0,0,0,0,0,0,0,0,0,0,0
74,cn5062,partition_result_io,io,0,0,0,0,0,0,0,0,0,0,0,0,0,0,0,0,0,0,0,0
74,cn5062,volume_exchange_pack,compute,0.11582375,2,0,0,0,0,0,0,2,0,0,0,0,0,0,0,0,0,0,0
74,cn5062,volume_size_exchange,communication,9.15809996513e-05,1,0,0,0,0,0,0,2,0,0,0,0,0,0,0,1,1,4,4
74,cn5062,volume_payload_prepare,compute,6.96609999977e-05,1,0,0,0,0,0,0,0,0,0,0,0,0,0,0,0,0,0,0
74,cn5062,volume_payload_exchange,communication,0.0582289610002,1,0,0,0,0,0,0,6,0,0,0,0,0,0,0,1,1,932280,931080
74,cn5062,volume_exchange_unpack,compute,0.0825572499998,1,0,0,0,0,0,0,1033,0,0,0,0,0,0,0,0,0,0,0
74,cn5062,final_mesh_save,io,0,0,0,0,0,0,0,0,0,0,0,0,0,0,0,0,0,0,0,0
74,cn5062,testout_io,io,0,0,0,0,0,0,0,0,0,0,0,0,0,0,0,0,0,0,0,0
74,cn5062,final_count_exchange,communication,0,0,0,0,0,0,0,0,0,0,0,0,0,0,0,0,0,0,0,0
74,cn5062,quality_evaluation,postprocess,0,0,0,0,0,0,0,0,0,0,0,0,0,0,0,0,0,0,0,0
75,cn5063,geometry_load,io,1.978838534,1,0,0,0,0,0,0,5895,0,1035097,0,10428416,0,203,2,0,0,0,0
75,cn5063,coarse_local_size,setup,0.531770069,1,0,0,0,0,0,0,8479,0,0,0,0,0,190,30,0,0,0,0
75,cn5063,coarse_edge_mesh,setup,0.0146693219999,1,0,0,0,0,0,0,515,0,0,0,0,0,2,0,0,0,0,0
75,cn5063,coarse_surface_mesh,setup,8.650818271,1,0,0,0,0,0,0,17181,0,0,0,0,0,24,12,0,0,0,0
75,cn5063,coarse_volume_mesh,setup,13.262845537,1,0,0,0,0,0,0,27326,0,0,0,0,0,36801,1488895,0,0,0,0
75,cn5063,coarse_mesh_save,io,0,0,0,0,0,0,0,0,0,0,0,0,0,0,0,0,0,0,0,0
75,cn5063,submesh_initialization,setup,0.000190342000224,1,0,0,0,0,0,0,50,0,0,0,0,0,0,0,0,0,0,0
75,cn5063,metis_partition,compute,0.250596794,1,0,0,0,0,0,0,1907,0,0,0,0,0,0,0,0,0,0,0
75,cn5063,face_map_setup,compute,0.00777530699997,1,0,0,0,0,0,0,554,0,0,0,0,0,0,0,0,0,0,0
75,cn5063,face_local_extract,compute,0.160417151,1,0,0,0,0,0,0,804,0,0,0,0,0,0,1,0,0,0,0
75,cn5063,face_pre_collective_wait,synchronization,0.017965388,1,0,0,0,0,0,0,20,0,0,0,0,0,0,0,0,0,0,0
75,cn5063,face_collective_setup,compute,0.00299042200004,1,0,0,0,0,0,0,16,0,0,0,0,0,3,0,0,0,0,0
75,cn5063,face_allgatherv,communication,0.226591883,1,0,0,0,0,0,0,1150,0,0,0,0,0,1,0,1,1,37904,4859624
75,cn5063,face_global_merge,compute,0.0802797060001,1,0,0,0,0,0,0,585,0,0,0,0,0,0,0,0,0,0,0
75,cn5063,part_face_create,compute,0.019132463,1,0,0,0,0,0,0,22,0,0,0,0,0,0,0,0,0,0,0
75,cn5063,surface_refine,compute,0.0075931639999,1,0,0,0,0,0,0,37,0,0,0,0,0,0,0,0,0,0,0
75,cn5063,refined_surface_save,io,0,0,0,0,0,0,0,0,0,0,0,0,0,0,0,0,0,0,0,0
75,cn5063,local_volume_mesh,compute,7.983777278,1,0,0,0,0,0,0,2520,0,0,0,0,0,16143,716082,0,0,0,0
75,cn5063,volume_refine,compute,0.357069922,1,0,0,0,0,0,0,5497,0,0,0,0,0,0,0,0,0,0,0
75,cn5063,refined_volume_save,io,0,0,0,0,0,0,0,0,0,0,0,0,0,0,0,0,0,0,0,0
75,cn5063,adjacency_build,compute,0.00425815900007,1,0,0,0,0,0,0,14,0,0,0,0,0,0,0,0,0,0,0
75,cn5063,vertex_numbering_local,compute,0.00702287700005,1,0,0,0,0,0,0,5,0,0,0,0,0,0,0,0,0,0,0
75,cn5063,vertex_count_allgather,communication,3.564019521,1,0,0,0,0,0,0,40,0,0,0,0,0,0,4,1,1,4,512
75,cn5063,element_count_allgather,communication,0.000574128000153,1,0,0,0,0,0,0,0,0,0,0,0,0,0,0,1,1,4,512
75,cn5063,vertex_exchange_prepare,compute,1.88210001397e-05,1,0,0,0,0,0,0,0,0,0,0,0,0,0,0,0,0,0,0
75,cn5063,vertex_exchange,communication,0.0143662180003,1,0,0,0,0,0,0,16,0,0,0,0,0,2,0,0,3,0,114620
75,cn5063,vertex_exchange_unpack,compute,0.00167288300008,1,0,0,0,0,0,0,0,0,0,0,0,0,0,0,0,0,0,0
75,cn5063,partition_result_io,io,0,0,0,0,0,0,0,0,0,0,0,0,0,0,0,0,0,0,0,0
75,cn5063,volume_exchange_pack,compute,0.102486412,2,0,0,0,0,0,0,2,0,0,0,0,0,0,0,0,0,0,0
75,cn5063,volume_size_exchange,communication,0.0594311990003,1,0,0,0,0,0,0,2,0,0,0,0,0,0,0,3,3,12,12
75,cn5063,volume_payload_prepare,compute,9.46620002651e-05,1,0,0,0,0,0,0,0,0,0,0,0,0,0,0,0,0,0,0
75,cn5063,volume_payload_exchange,communication,0.0055918969997,1,0,0,0,0,0,0,10,0,0,0,0,0,0,0,3,3,1209720,1208760
75,cn5063,volume_exchange_unpack,compute,0.0725473800003,1,0,0,0,0,0,0,2041,0,0,0,0,0,0,0,0,0,0,0
75,cn5063,final_mesh_save,io,0,0,0,0,0,0,0,0,0,0,0,0,0,0,0,0,0,0,0,0
75,cn5063,testout_io,io,0,0,0,0,0,0,0,0,0,0,0,0,0,0,0,0,0,0,0,0
75,cn5063,final_count_exchange,communication,0,0,0,0,0,0,0,0,0,0,0,0,0,0,0,0,0,0,0,0
75,cn5063,quality_evaluation,postprocess,0,0,0,0,0,0,0,0,0,0,0,0,0,0,0,0,0,0,0,0
76,cn5064,geometry_load,io,2.035355511,1,0,0,0,0,0,0,5898,0,1035097,0,10428416,0,203,2,0,0,0,0
76,cn5064,coarse_local_size,setup,0.518415153,1,0,0,0,0,0,0,8463,0,0,0,0,0,178,31,0,0,0,0
76,cn5064,coarse_edge_mesh,setup,0.0143898490001,1,0,0,0,0,0,0,522,0,0,0,0,0,2,0,0,0,0,0
76,cn5064,coarse_surface_mesh,setup,8.511529014,1,0,0,0,0,0,0,17229,0,0,0,0,0,24,12,0,0,0,0
76,cn5064,coarse_volume_mesh,setup,13.485989437,1,0,0,0,0,0,0,31184,0,0,0,0,0,37679,1617348,0,0,0,0
76,cn5064,coarse_mesh_save,io,0,0,0,0,0,0,0,0,0,0,0,0,0,0,0,0,0,0,0,0
76,cn5064,submesh_initialization,setup,0.000138022000101,1,0,0,0,0,0,0,3,0,0,0,0,0,0,0,0,0,0,0
76,cn5064,metis_partition,compute,0.242040312,1,0,0,0,0,0,0,992,0,0,0,0,0,0,1,0,0,0,0
76,cn5064,face_map_setup,compute,0.00742951799975,1,0,0,0,0,0,0,232,0,0,0,0,0,0,0,0,0,0,0
76,cn5064,face_local_extract,compute,0.161264814,1,0,0,0,0,0,0,631,0,0,0,0,0,0,0,0,0,0,0
76,cn5064,face_pre_collective_wait,synchronization,0.026197483,1,0,0,0,0,0,0,1,0,0,0,0,0,0,0,0,0,0,0
76,cn5064,face_collective_setup,compute,0.00279399700003,1,0,0,0,0,0,0,15,0,0,0,0,0,3,0,0,0,0,0
76,cn5064,face_allgatherv,communication,0.226739351,1,0,0,0,0,0,0,638,0,0,0,0,0,1,0,1,1,37904,4859624
76,cn5064,face_global_merge,compute,0.0795136420002,1,0,0,0,0,0,0,460,0,0,0,0,0,0,0,0,0,0,0
76,cn5064,part_face_create,compute,0.0192030120002,1,0,0,0,0,0,0,3,0,0,0,0,0,0,0,0,0,0,0
76,cn5064,surface_refine,compute,0.0105911790001,1,0,0,0,0,0,0,45,0,0,0,0,0,0,0,0,0,0,0
76,cn5064,refined_surface_save,io,0,0,0,0,0,0,0,0,0,0,0,0,0,0,0,0,0,0,0,0
76,cn5064,local_volume_mesh,compute,9.589078312,1,0,0,0,0,0,0,6195,0,0,0,0,0,16429,894170,0,0,0,0
76,cn5064,volume_refine,compute,0.479155879,1,0,0,0,0,0,0,5405,0,0,0,0,0,0,0,0,0,0,0
76,cn5064,refined_volume_save,io,0,0,0,0,0,0,0,0,0,0,0,0,0,0,0,0,0,0,0,0
76,cn5064,adjacency_build,compute,0.00438099800022,1,0,0,0,0,0,0,5,0,0,0,0,0,0,0,0,0,0,0
76,cn5064,vertex_numbering_local,compute,0.0101075329999,1,0,0,0,0,0,0,102,0,0,0,0,0,0,0,0,0,0,0
76,cn5064,vertex_count_allgather,communication,1.830947012,1,0,0,0,0,0,0,81,0,0,0,0,0,0,2,1,1,4,512
76,cn5064,element_count_allgather,communication,0.000826170999972,1,0,0,0,0,0,0,0,0,0,0,0,0,0,0,1,1,4,512
76,cn5064,vertex_exchange_prepare,compute,8.39809999889e-05,1,0,0,0,0,0,0,18,0,0,0,0,0,0,0,0,0,0,0
76,cn5064,vertex_exchange,communication,0.00487988400027,1,0,0,0,0,0,0,32,0,0,0,0,0,2,0,5,4,64416,65164
76,cn5064,vertex_exchange_unpack,compute,0.000974571999905,1,0,0,0,0,0,0,0,0,0,0,0,0,0,0,0,0,0,0
76,cn5064,partition_result_io,io,0,0,0,0,0,0,0,0,0,0,0,0,0,0,0,0,0,0,0,0
76,cn5064,volume_exchange_pack,compute,0.136980475,2,0,0,0,0,0,0,703,0,0,0,0,0,0,0,0,0,0,0
76,cn5064,volume_size_exchange,communication,0.0557432109999,1,0,0,0,0,0,0,1,0,0,0,0,0,0,0,5,5,20,20
76,cn5064,volume_payload_prepare,compute,0.000101561000065,1,0,0,0,0,0,0,0,0,0,0,0,0,0,0,0,0,0,0
76,cn5064,volume_payload_exchange,communication,0.00257109299991,1,0,0,0,0,0,0,88,0,0,0,0,0,0,0,5,5,1361280,1359840
76,cn5064,volume_exchange_unpack,compute,0.107826552,1,0,0,0,0,0,0,6375,0,0,0,0,0,0,0,0,0,0,0
76,cn5064,final_mesh_save,io,0,0,0,0,0,0,0,0,0,0,0,0,0,0,0,0,0,0,0,0
76,cn5064,testout_io,io,0,0,0,0,0,0,0,0,0,0,0,0,0,0,0,0,0,0,0,0
76,cn5064,final_count_exchange,communication,0,0,0,0,0,0,0,0,0,0,0,0,0,0,0,0,0,0,0,0
76,cn5064,quality_evaluation,postprocess,0,0,0,0,0,0,0,0,0,0,0,0,0,0,0,0,0,0,0,0
77,cn5065,geometry_load,io,2.05526301,1,0,0,0,0,0,0,5898,0,1035097,0,10428416,0,203,3,0,0,0,0
77,cn5065,coarse_local_size,setup,0.53810541,1,0,0,0,0,0,0,8730,0,0,0,0,0,185,29,0,0,0,0
77,cn5065,coarse_edge_mesh,setup,0.0144946079999,1,0,0,0,0,0,0,523,0,0,0,0,0,2,0,0,0,0,0
77,cn5065,coarse_surface_mesh,setup,8.538790972,1,0,0,0,0,0,0,14822,0,0,0,0,0,24,8,0,0,0,0
77,cn5065,coarse_volume_mesh,setup,13.377961096,1,0,0,0,0,0,0,26652,0,0,0,0,0,34591,1488485,0,0,0,0
77,cn5065,coarse_mesh_save,io,0,0,0,0,0,0,0,0,0,0,0,0,0,0,0,0,0,0,0,0
77,cn5065,submesh_initialization,setup,0.000172001999999,1,0,0,0,0,0,0,27,0,0,0,0,0,0,0,0,0,0,0
77,cn5065,metis_partition,compute,0.232930346,1,0,0,0,0,0,0,788,0,0,0,0,0,0,1,0,0,0,0
77,cn5065,face_map_setup,compute,0.00718720299983,1,0,0,0,0,0,0,371,0,0,0,0,0,0,0,0,0,0,0
77,cn5065,face_local_extract,compute,0.15927949,1,0,0,0,0,0,0,757,0,0,0,0,0,0,0,0,0,0,0
77,cn5065,face_pre_collective_wait,synchronization,0.037451835,1,0,0,0,0,0,0,8,0,0,0,0,0,0,0,0,0,0,0
77,cn5065,face_collective_setup,compute,0.00333839899986,1,0,0,0,0,0,0,16,0,0,0,0,0,3,0,0,0,0,0
77,cn5065,face_allgatherv,communication,0.226113366,1,0,0,0,0,0,0,647,0,0,0,0,0,1,0,1,1,37904,4859624
77,cn5065,face_global_merge,compute,0.0779902460004,1,0,0,0,0,0,0,553,0,0,0,0,0,0,0,0,0,0,0
77,cn5065,part_face_create,compute,0.0186800370002,1,0,0,0,0,0,0,22,0,0,0,0,0,0,0,0,0,0,0
77,cn5065,surface_refine,compute,0.00999677600021,1,0,0,0,0,0,0,48,0,0,0,0,0,0,0,0,0,0,0
77,cn5065,refined_surface_save,io,0,0,0,0,0,0,0,0,0,0,0,0,0,0,0,0,0,0,0,0
77,cn5065,local_volume_mesh,compute,9.270534811,1,0,0,0,0,0,0,4102,0,0,0,0,0,15781,831099,0,0,0,0
77,cn5065,volume_refine,compute,0.459642138,1,0,0,0,0,0,0,6585,0,0,0,0,0,0,1,0,0,0,0
77,cn5065,refined_volume_save,io,0,0,0,0,0,0,0,0,0,0,0,0,0,0,0,0,0,0,0,0
77,cn5065,adjacency_build,compute,0.00411320800004,1,0,0,0,0,0,0,0,0,0,0,0,0,0,0,0,0,0,0
77,cn5065,vertex_numbering_local,compute,0.0118747380002,1,0,0,0,0,0,0,187,0,0,0,0,0,0,0,0,0,0,0
77,cn5065,vertex_count_allgather,communication,2.170322947,1,0,0,0,0,0,0,74,0,0,0,0,0,0,2,1,1,4,512
77,cn5065,element_count_allgather,communication,0.000791688999925,1,0,0,0,0,0,0,0,0,0,0,0,0,0,0,1,1,4,512
77,cn5065,vertex_exchange_prepare,compute,0.00011952199975,1,0,0,0,0,0,0,31,0,0,0,0,0,0,0,0,0,0,0
77,cn5065,vertex_exchange,communication,0.0146581899999,1,0,0,0,0,0,0,292,0,0,0,0,0,2,0,5,5,65406,116930
77,cn5065,vertex_exchange_unpack,compute,0.00162921800029,1,0,0,0,0,0,0,0,0,0,0,0,0,0,0,0,0,0,0
77,cn5065,partition_result_io,io,0,0,0,0,0,0,0,0,0,0,0,0,0,0,0,0,0,0,0,0
77,cn5065,volume_exchange_pack,compute,0.165726244999,2,0,0,0,0,0,0,764,0,0,0,0,0,0,0,0,0,0,0
77,cn5065,volume_size_exchange,communication,0.016515452,1,0,0,0,0,0,0,1,0,0,0,0,0,0,0,6,6,24,24
77,cn5065,volume_payload_prepare,compute,0.000304604000121,1,0,0,0,0,0,0,102,0,0,0,0,0,0,0,0,0,0,0
77,cn5065,volume_payload_exchange,communication,0.00235854699986,1,0,0,0,0,0,0,319,0,0,0,0,0,0,0,6,6,1922520,1922040
77,cn5065,volume_exchange_unpack,compute,0.114765433,1,0,0,0,0,0,0,4817,0,0,0,0,0,0,0,0,0,0,0
77,cn5065,final_mesh_save,io,0,0,0,0,0,0,0,0,0,0,0,0,0,0,0,0,0,0,0,0
77,cn5065,testout_io,io,0,0,0,0,0,0,0,0,0,0,0,0,0,0,0,0,0,0,0,0
77,cn5065,final_count_exchange,communication,0,0,0,0,0,0,0,0,0,0,0,0,0,0,0,0,0,0,0,0
77,cn5065,quality_evaluation,postprocess,0,0,0,0,0,0,0,0,0,0,0,0,0,0,0,0,0,0,0,0
78,cn5066,geometry_load,io,2.019244305,1,0,0,0,0,0,0,5898,0,1035097,0,10428416,0,203,2,0,0,0,0
78,cn5066,coarse_local_size,setup,0.536512554,1,0,0,0,0,0,0,8577,0,0,0,0,0,220,28,0,0,0,0
78,cn5066,coarse_edge_mesh,setup,0.0141706909999,1,0,0,0,0,0,0,525,0,0,0,0,0,2,0,0,0,0,0
78,cn5066,coarse_surface_mesh,setup,8.578333693,1,0,0,0,0,0,0,17196,0,0,0,0,0,24,10,0,0,0,0
78,cn5066,coarse_volume_mesh,setup,13.539547779,1,0,0,0,0,0,0,28036,0,0,0,0,0,38850,1668416,0,0,0,0
78,cn5066,coarse_mesh_save,io,0,0,0,0,0,0,0,0,0,0,0,0,0,0,0,0,0,0,0,0
78,cn5066,submesh_initialization,setup,0.000192442999833,1,0,0,0,0,0,0,58,0,0,0,0,0,0,0,0,0,0,0
78,cn5066,metis_partition,compute,0.245469102,1,0,0,0,0,0,0,1844,0,0,0,0,0,0,0,0,0,0,0
78,cn5066,face_map_setup,compute,0.00767875200017,1,0,0,0,0,0,0,498,0,0,0,0,0,0,0,0,0,0,0
78,cn5066,face_local_extract,compute,0.164563926,1,0,0,0,0,0,0,936,0,0,0,0,0,0,1,0,0,0,0
78,cn5066,face_pre_collective_wait,synchronization,0.0191236709998,1,0,0,0,0,0,0,8,0,0,0,0,0,0,0,0,0,0,0
78,cn5066,face_collective_setup,compute,0.00314749800009,1,0,0,0,0,0,0,13,0,0,0,0,0,3,0,0,0,0,0
78,cn5066,face_allgatherv,communication,0.22625629,1,0,0,0,0,0,0,878,0,0,0,0,0,1,0,1,1,37904,4859624
78,cn5066,face_global_merge,compute,0.080610732,1,0,0,0,0,0,0,439,0,0,0,0,0,0,0,0,0,0,0
78,cn5066,part_face_create,compute,0.0188807680001,1,0,0,0,0,0,0,23,0,0,0,0,0,0,0,0,0,0,0
78,cn5066,surface_refine,compute,0.00875712600009,1,0,0,0,0,0,0,5,0,0,0,0,0,0,0,0,0,0,0
78,cn5066,refined_surface_save,io,0,0,0,0,0,0,0,0,0,0,0,0,0,0,0,0,0,0,0,0
78,cn5066,local_volume_mesh,compute,7.601721408,1,0,0,0,0,0,0,3926,0,0,0,0,0,8717,469687,0,0,0,0
78,cn5066,volume_refine,compute,0.374778362,1,0,0,0,0,0,0,6001,0,0,0,0,0,0,0,0,0,0,0
78,cn5066,refined_volume_save,io,0,0,0,0,0,0,0,0,0,0,0,0,0,0,0,0,0,0,0,0
78,cn5066,adjacency_build,compute,0.00433763299998,1,0,0,0,0,0,0,6,0,0,0,0,0,0,0,0,0,0,0
78,cn5066,vertex_numbering_local,compute,0.0123296690003,1,0,0,0,0,0,0,348,0,0,0,0,0,0,0,0,0,0,0
78,cn5066,vertex_count_allgather,communication,3.921833203,1,0,0,0,0,0,0,109,0,0,0,0,0,0,4,1,1,4,512
78,cn5066,element_count_allgather,communication,0.00081629000033,1,0,0,0,0,0,0,4,0,0,0,0,0,0,0,1,1,4,512
78,cn5066,vertex_exchange_prepare,compute,0.000188682000044,1,0,0,0,0,0,0,59,0,0,0,0,0,0,0,0,0,0,0
78,cn5066,vertex_exchange,communication,0.0146762969998,1,0,0,0,0,0,0,575,0,0,0,0,0,2,0,2,8,40810,205062
78,cn5066,vertex_exchange_unpack,compute,0.0034940620003,1,0,0,0,0,0,0,669,0,0,0,0,0,0,0,0,0,0,0
78,cn5066,partition_result_io,io,0,0,0,0,0,0,0,0,0,0,0,0,0,0,0,0,0,0,0,0
78,cn5066,volume_exchange_pack,compute,0.146272005,2,0,0,0,0,0,0,2330,0,0,0,0,0,0,0,0,0,0,0
78,cn5066,volume_size_exchange,communication,0.033571765,1,0,0,0,0,0,0,1,0,0,0,0,0,0,0,9,9,36,36
78,cn5066,volume_payload_prepare,compute,0.000370584999928,1,0,0,0,0,0,0,102,0,0,0,0,0,0,0,0,0,0,0
78,cn5066,volume_payload_exchange,communication,0.00236164800026,1,0,0,0,0,0,0,286,0,0,0,0,0,0,0,9,9,2629680,2648640
78,cn5066,volume_exchange_unpack,compute,0.11272894,1,0,0,0,0,0,0,3615,0,0,0,0,0,0,0,0,0,0,0
78,cn5066,final_mesh_save,io,0,0,0,0,0,0,0,0,0,0,0,0,0,0,0,0,0,0,0,0
78,cn5066,testout_io,io,0,0,0,0,0,0,0,0,0,0,0,0,0,0,0,0,0,0,0,0
78,cn5066,final_count_exchange,communication,0,0,0,0,0,0,0,0,0,0,0,0,0,0,0,0,0,0,0,0
78,cn5066,quality_evaluation,postprocess,0,0,0,0,0,0,0,0,0,0,0,0,0,0,0,0,0,0,0,0
79,cn5067,geometry_load,io,1.974216169,1,0,0,0,0,0,0,5895,0,1035097,0,10428416,0,203,2,0,0,0,0
79,cn5067,coarse_local_size,setup,0.511112369,1,0,0,0,0,0,0,8500,0,0,0,0,0,210,27,0,0,0,0
79,cn5067,coarse_edge_mesh,setup,0.0144183899997,1,0,0,0,0,0,0,507,0,0,0,0,0,2,0,0,0,0,0
79,cn5067,coarse_surface_mesh,setup,8.448351596,1,0,0,0,0,0,0,17360,0,0,0,0,0,24,9,0,0,0,0
79,cn5067,coarse_volume_mesh,setup,13.310510462,1,0,0,0,0,0,0,29275,0,0,0,0,0,35267,1456679,0,0,0,0
79,cn5067,coarse_mesh_save,io,0,0,0,0,0,0,0,0,0,0,0,0,0,0,0,0,0,0,0,0
79,cn5067,submesh_initialization,setup,0.000185041999885,1,0,0,0,0,0,0,41,0,0,0,0,0,0,0,0,0,0,0
79,cn5067,metis_partition,compute,0.241857343,1,0,0,0,0,0,0,1711,0,0,0,0,0,0,1,0,0,0,0
79,cn5067,face_map_setup,compute,0.00781556299989,1,0,0,0,0,0,0,692,0,0,0,0,0,0,0,0,0,0,0
79,cn5067,face_local_extract,compute,0.160438952,1,0,0,0,0,0,0,845,0,0,0,0,0,0,0,0,0,0,0
79,cn5067,face_pre_collective_wait,synchronization,0.0267305719999,1,0,0,0,0,0,0,1,0,0,0,0,0,0,0,0,0,0,0
79,cn5067,face_collective_setup,compute,0.00318562200027,1,0,0,0,0,0,0,16,0,0,0,0,0,3,0,0,0,0,0
79,cn5067,face_allgatherv,communication,0.226104096,1,0,0,0,0,0,0,1151,0,0,0,0,0,1,0,1,1,37904,4859624
79,cn5067,face_global_merge,compute,0.0796540880001,1,0,0,0,0,0,0,565,0,0,0,0,0,0,0,0,0,0,0
79,cn5067,part_face_create,compute,0.0191754320003,1,0,0,0,0,0,0,4,0,0,0,0,0,0,0,0,0,0,0
79,cn5067,surface_refine,compute,0.0103577360001,1,0,0,0,0,0,0,51,0,0,0,0,0,0,0,0,0,0,0
79,cn5067,refined_surface_save,io,0,0,0,0,0,0,0,0,0,0,0,0,0,0,0,0,0,0,0,0
79,cn5067,local_volume_mesh,compute,8.881218734,1,0,0,0,0,0,0,5433,0,0,0,0,0,11988,715765,0,0,0,0
79,cn5067,volume_refine,compute,0.507986148,1,0,0,0,0,0,0,5185,0,0,0,0,0,0,1,0,0,0,0
79,cn5067,refined_volume_save,io,0,0,0,0,0,0,0,0,0,0,0,0,0,0,0,0,0,0,0,0
79,cn5067,adjacency_build,compute,0.00436409799977,1,0,0,0,0,0,0,10,0,0,0,0,0,0,0,0,0,0,0
79,cn5067,vertex_numbering_local,compute,0.00956352599997,1,0,0,0,0,0,0,193,0,0,0,0,0,0,0,0,0,0,0
79,cn5067,vertex_count_allgather,communication,2.510330187,1,0,0,0,0,0,0,143,0,0,0,0,0,0,2,1,1,4,512
79,cn5067,element_count_allgather,communication,0.000753130000248,1,0,0,0,0,0,0,10,0,0,0,0,0,0,0,1,1,4,512
79,cn5067,vertex_exchange_prepare,compute,0.000122762000046,1,0,0,0,0,0,0,33,0,0,0,0,0,0,0,0,0,0,0
79,cn5067,vertex_exchange,communication,0.0219955899997,1,0,0,0,0,0,0,821,0,0,0,0,0,2,0,0,5,0,110902
79,cn5067,vertex_exchange_unpack,compute,0.00274541600038,1,0,0,0,0,0,0,1126,0,0,0,0,0,0,0,0,0,0,0
79,cn5067,partition_result_io,io,0,0,0,0,0,0,0,0,0,0,0,0,0,0,0,0,0,0,0,0
79,cn5067,volume_exchange_pack,compute,0.155697449999,2,0,0,0,0,0,0,1614,0,0,0,0,0,0,0,0,0,0,0
79,cn5067,volume_size_exchange,communication,0.0177452130001,1,0,0,0,0,0,0,14,0,0,0,0,0,0,0,5,5,20,20
79,cn5067,volume_payload_prepare,compute,0.000233363000007,1,0,0,0,0,0,0,68,0,0,0,0,0,0,0,0,0,0,0
79,cn5067,volume_payload_exchange,communication,0.00249305199986,1,0,0,0,0,0,0,197,0,0,0,0,0,0,0,5,5,1182480,1176960
79,cn5067,volume_exchange_unpack,compute,0.103501342,1,0,0,0,0,0,0,4900,0,0,0,0,0,0,1,0,0,0,0
79,cn5067,final_mesh_save,io,0,0,0,0,0,0,0,0,0,0,0,0,0,0,0,0,0,0,0,0
79,cn5067,testout_io,io,0,0,0,0,0,0,0,0,0,0,0,0,0,0,0,0,0,0,0,0
79,cn5067,final_count_exchange,communication,0,0,0,0,0,0,0,0,0,0,0,0,0,0,0,0,0,0,0,0
79,cn5067,quality_evaluation,postprocess,0,0,0,0,0,0,0,0,0,0,0,0,0,0,0,0,0,0,0,0
80,cn5068,geometry_load,io,1.953148413,1,0,0,0,0,0,0,5896,0,1035097,0,10428416,0,203,3,0,0,0,0
80,cn5068,coarse_local_size,setup,0.509688568,1,0,0,0,0,0,0,8529,0,0,0,0,0,189,30,0,0,0,0
80,cn5068,coarse_edge_mesh,setup,0.0144820359997,1,0,0,0,0,0,0,518,0,0,0,0,0,2,0,0,0,0,0
80,cn5068,coarse_surface_mesh,setup,8.57023945,1,0,0,0,0,0,0,11957,0,0,0,0,0,24,15,0,0,0,0
80,cn5068,coarse_volume_mesh,setup,13.4482468,1,0,0,0,0,0,0,22057,0,0,0,0,0,37266,1664582,0,0,0,0
80,cn5068,coarse_mesh_save,io,0,0,0,0,0,0,0,0,0,0,0,0,0,0,0,0,0,0,0,0
80,cn5068,submesh_initialization,setup,0.000140661999922,1,0,0,0,0,0,0,5,0,0,0,0,0,0,0,0,0,0,0
80,cn5068,metis_partition,compute,0.232246801,1,0,0,0,0,0,0,68,0,0,0,0,0,0,1,0,0,0,0
80,cn5068,face_map_setup,compute,0.00717087700014,1,0,0,0,0,0,0,262,0,0,0,0,0,0,0,0,0,0,0
80,cn5068,face_local_extract,compute,0.15411542,1,0,0,0,0,0,0,200,0,0,0,0,0,0,0,0,0,0,0
80,cn5068,face_pre_collective_wait,synchronization,0.0433579669998,1,0,0,0,0,0,0,8,0,0,0,0,0,0,0,0,0,0,0
80,cn5068,face_collective_setup,compute,0.00333355600014,1,0,0,0,0,0,0,15,0,0,0,0,0,3,0,0,0,0,0
80,cn5068,face_allgatherv,communication,0.225902893,1,0,0,0,0,0,0,40,0,0,0,0,0,1,0,1,1,37904,4859624
80,cn5068,face_global_merge,compute,0.0743396399998,1,0,0,0,0,0,0,0,0,0,0,0,0,0,0,0,0,0,0
80,cn5068,part_face_create,compute,0.018234957,1,0,0,0,0,0,0,3,0,0,0,0,0,0,0,0,0,0,0
80,cn5068,surface_refine,compute,0.0100826489997,1,0,0,0,0,0,0,1,0,0,0,0,0,0,0,0,0,0,0
80,cn5068,refined_surface_save,io,0,0,0,0,0,0,0,0,0,0,0,0,0,0,0,0,0,0,0,0
80,cn5068,local_volume_mesh,compute,9.62588054,1,0,0,0,0,0,0,2709,0,0,0,0,0,10017,663020,0,0,0,0
80,cn5068,volume_refine,compute,0.65553506,1,0,0,0,0,0,0,5278,0,0,0,0,0,0,0,0,0,0,0
80,cn5068,refined_volume_save,io,0,0,0,0,0,0,0,0,0,0,0,0,0,0,0,0,0,0,0,0
80,cn5068,adjacency_build,compute,0.00401272299996,1,0,0,0,0,0,0,0,0,0,0,0,0,0,0,0,0,0,0
80,cn5068,vertex_numbering_local,compute,0.00894083599997,1,0,0,0,0,0,0,3,0,0,0,0,0,0,0,0,0,0,0
80,cn5068,vertex_count_allgather,communication,1.626618521,1,0,0,0,0,0,0,26,0,0,0,0,0,0,4,1,1,4,512
80,cn5068,element_count_allgather,communication,0.000638007000362,1,0,0,0,0,0,0,0,0,0,0,0,0,0,0,1,1,4,512
80,cn5068,vertex_exchange_prepare,compute,1.21799998851e-05,1,0,0,0,0,0,0,0,0,0,0,0,0,0,0,0,0,0,0
80,cn5068,vertex_exchange,communication,0.00454030900028,1,0,0,0,0,0,0,16,0,0,0,0,0,2,0,4,3,68134,19030
80,cn5068,vertex_exchange_unpack,compute,0.000288963000003,1,0,0,0,0,0,0,0,0,0,0,0,0,0,0,0,0,0,0
80,cn5068,partition_result_io,io,0,0,0,0,0,0,0,0,0,0,0,0,0,0,0,0,0,0,0,0
80,cn5068,volume_exchange_pack,compute,0.165872526999,2,0,0,0,0,0,0,1,0,0,0,0,0,0,0,0,0,0,0
80,cn5068,volume_size_exchange,communication,0.0355325830001,1,0,0,0,0,0,0,0,0,0,0,0,0,0,0,4,4,16,16
80,cn5068,volume_payload_prepare,compute,0.000101420999727,1,0,0,0,0,0,0,9,0,0,0,0,0,0,0,0,0,0,0
80,cn5068,volume_payload_exchange,communication,0.00219576399968,1,0,0,0,0,0,0,10,0,0,0,0,0,0,0,4,4,893400,896880
80,cn5068,volume_exchange_unpack,compute,0.122652161,1,0,0,0,0,0,0,5824,0,0,0,0,0,0,0,0,0,0,0
80,cn5068,final_mesh_save,io,0,0,0,0,0,0,0,0,0,0,0,0,0,0,0,0,0,0,0,0
80,cn5068,testout_io,io,0,0,0,0,0,0,0,0,0,0,0,0,0,0,0,0,0,0,0,0
80,cn5068,final_count_exchange,communication,0,0,0,0,0,0,0,0,0,0,0,0,0,0,0,0,0,0,0,0
80,cn5068,quality_evaluation,postprocess,0,0,0,0,0,0,0,0,0,0,0,0,0,0,0,0,0,0,0,0
81,cn5069,geometry_load,io,2.620433709,1,0,0,0,0,0,0,5896,0,1035097,0,10428416,0,203,4,0,0,0,0
81,cn5069,coarse_local_size,setup,0.532042896,1,0,0,0,0,0,0,8253,0,0,0,0,0,258,32,0,0,0,0
81,cn5069,coarse_edge_mesh,setup,0.0147233739999,1,0,0,0,0,0,0,489,0,0,0,0,0,2,0,0,0,0,0
81,cn5069,coarse_surface_mesh,setup,8.639115872,1,0,0,0,0,0,0,17213,0,0,0,0,0,24,10,0,0,0,0
81,cn5069,coarse_volume_mesh,setup,13.430647534,1,0,0,0,0,0,0,27395,0,0,0,0,0,39378,1568989,0,0,0,0
81,cn5069,coarse_mesh_save,io,0,0,0,0,0,0,0,0,0,0,0,0,0,0,0,0,0,0,0,0
81,cn5069,submesh_initialization,setup,0.000191621999875,1,0,0,0,0,0,0,60,0,0,0,0,0,0,0,0,0,0,0
81,cn5069,metis_partition,compute,0.25766679,1,0,0,0,0,0,0,2362,0,0,0,0,0,0,1,0,0,0,0
81,cn5069,face_map_setup,compute,0.00765225100031,1,0,0,0,0,0,0,613,0,0,0,0,0,0,0,0,0,0,0
81,cn5069,face_local_extract,compute,0.163863359,1,0,0,0,0,0,0,833,0,0,0,0,0,0,1,0,0,0,0
81,cn5069,face_pre_collective_wait,synchronization,0.00759041000038,1,0,0,0,0,0,0,12,0,0,0,0,0,0,0,0,0,0,0
81,cn5069,face_collective_setup,compute,0.00294213500001,1,0,0,0,0,0,0,16,0,0,0,0,0,3,0,0,0,0,0
81,cn5069,face_allgatherv,communication,0.226180437,1,0,0,0,0,0,0,748,0,0,0,0,0,1,0,1,1,37904,4859624
81,cn5069,face_global_merge,compute,0.0792934390001,1,0,0,0,0,0,0,348,0,0,0,0,0,0,1,0,0,0,0
81,cn5069,part_face_create,compute,0.0193325690002,1,0,0,0,0,0,0,23,0,0,0,0,0,0,0,0,0,0,0
81,cn5069,surface_refine,compute,0.01095575,1,0,0,0,0,0,0,49,0,0,0,0,0,0,0,0,0,0,0
81,cn5069,refined_surface_save,io,0,0,0,0,0,0,0,0,0,0,0,0,0,0,0,0,0,0,0,0
81,cn5069,local_volume_mesh,compute,8.189096907,1,0,0,0,0,0,0,4769,0,0,0,0,0,11562,584909,0,0,0,0
81,cn5069,volume_refine,compute,0.523615097,1,0,0,0,0,0,0,7214,0,0,0,0,0,0,1,0,0,0,0
81,cn5069,refined_volume_save,io,0,0,0,0,0,0,0,0,0,0,0,0,0,0,0,0,0,0,0,0
81,cn5069,adjacency_build,compute,0.00450799400005,1,0,0,0,0,0,0,5,0,0,0,0,0,0,0,0,0,0,0
81,cn5069,vertex_numbering_local,compute,0.0129511730001,1,0,0,0,0,0,0,3,0,0,0,0,0,0,0,0,0,0,0
81,cn5069,vertex_count_allgather,communication,3.182932705,1,0,0,0,0,0,0,48,0,0,0,0,0,0,3,1,1,4,512
81,cn5069,element_count_allgather,communication,0.000754009000048,1,0,0,0,0,0,0,0,0,0,0,0,0,0,0,1,1,4,512
81,cn5069,vertex_exchange_prepare,compute,2.80999997813e-05,1,0,0,0,0,0,0,0,0,0,0,0,0,0,0,0,0,0,0
81,cn5069,vertex_exchange,communication,0.0217422569999,1,0,0,0,0,0,0,561,0,0,0,0,0,2,0,11,9,157454,53372
81,cn5069,vertex_exchange_unpack,compute,0.000834449000195,1,0,0,0,0,0,0,0,0,0,0,0,0,0,0,0,0,0,0
81,cn5069,partition_result_io,io,0,0,0,0,0,0,0,0,0,0,0,0,0,0,0,0,0,0,0,0
81,cn5069,volume_exchange_pack,compute,0.183885757,2,0,0,0,0,0,0,1,0,0,0,0,0,0,0,0,0,0,0
81,cn5069,volume_size_exchange,communication,5.37800001439e-05,1,0,0,0,0,0,0,0,0,0,0,0,0,0,0,11,11,44,44
81,cn5069,volume_payload_prepare,compute,0.00016602200003,1,0,0,0,0,0,0,0,0,0,0,0,0,0,0,0,0,0,0
81,cn5069,volume_payload_exchange,communication,0.00246457000003,1,0,0,0,0,0,0,27,0,0,0,0,0,0,0,11,11,2199600,2185680
81,cn5069,volume_exchange_unpack,compute,0.138151255,1,0,0,0,0,0,0,4689,0,0,0,0,0,0,0,0,0,0,0
81,cn5069,final_mesh_save,io,0,0,0,0,0,0,0,0,0,0,0,0,0,0,0,0,0,0,0,0
81,cn5069,testout_io,io,0,0,0,0,0,0,0,0,0,0,0,0,0,0,0,0,0,0,0,0
81,cn5069,final_count_exchange,communication,0,0,0,0,0,0,0,0,0,0,0,0,0,0,0,0,0,0,0,0
81,cn5069,quality_evaluation,postprocess,0,0,0,0,0,0,0,0,0,0,0,0,0,0,0,0,0,0,0,0
82,cn5070,geometry_load,io,1.911170907,1,0,0,0,0,0,0,5894,0,1035097,0,10428416,0,203,3,0,0,0,0
82,cn5070,coarse_local_size,setup,0.501214547,1,0,0,0,0,0,0,8486,0,0,0,0,0,288,32,0,0,0,0
82,cn5070,coarse_edge_mesh,setup,0.0143285250001,1,0,0,0,0,0,0,515,0,0,0,0,0,2,0,0,0,0,0
82,cn5070,coarse_surface_mesh,setup,8.199443651,1,0,0,0,0,0,0,17103,0,0,0,0,0,24,13,0,0,0,0
82,cn5070,coarse_volume_mesh,setup,13.286859,1,0,0,0,0,0,0,27569,0,0,0,0,0,33505,1574915,0,0,0,0
82,cn5070,coarse_mesh_save,io,0,0,0,0,0,0,0,0,0,0,0,0,0,0,0,0,0,0,0,0
82,cn5070,submesh_initialization,setup,0.000138701999731,1,0,0,0,0,0,0,8,0,0,0,0,0,0,0,0,0,0,0
82,cn5070,metis_partition,compute,0.229938314,1,0,0,0,0,0,0,738,0,0,0,0,0,0,0,0,0,0,0
82,cn5070,face_map_setup,compute,0.00736432500025,1,0,0,0,0,0,0,449,0,0,0,0,0,0,0,0,0,0,0
82,cn5070,face_local_extract,compute,0.157988724,1,0,0,0,0,0,0,839,0,0,0,0,0,0,0,0,0,0,0
82,cn5070,face_pre_collective_wait,synchronization,0.0415969599999,1,0,0,0,0,0,0,2,0,0,0,0,0,0,0,0,0,0,0
82,cn5070,face_collective_setup,compute,0.00323859799983,1,0,0,0,0,0,0,16,0,0,0,0,0,3,0,0,0,0,0
82,cn5070,face_allgatherv,communication,0.225808706,1,0,0,0,0,0,0,1150,0,0,0,0,0,1,1,1,1,37904,4859624
82,cn5070,face_global_merge,compute,0.0768308460001,1,0,0,0,0,0,0,556,0,0,0,0,0,0,0,0,0,0,0
82,cn5070,part_face_create,compute,0.0186036539999,1,0,0,0,0,0,0,23,0,0,0,0,0,0,0,0,0,0,0
82,cn5070,surface_refine,compute,0.00939510800026,1,0,0,0,0,0,0,46,0,0,0,0,0,0,0,0,0,0,0
82,cn5070,refined_surface_save,io,0,0,0,0,0,0,0,0,0,0,0,0,0,0,0,0,0,0,0,0
82,cn5070,local_volume_mesh,compute,9.350533846,1,0,0,0,0,0,0,4689,0,0,0,0,0,19075,804405,0,0,0,0
82,cn5070,volume_refine,compute,0.413795356,1,0,0,0,0,0,0,5350,0,0,0,0,0,0,1,0,0,0,0
82,cn5070,refined_volume_save,io,0,0,0,0,0,0,0,0,0,0,0,0,0,0,0,0,0,0,0,0
82,cn5070,adjacency_build,compute,0.00403316700022,1,0,0,0,0,0,0,0,0,0,0,0,0,0,0,0,0,0,0
82,cn5070,vertex_numbering_local,compute,0.00973191200001,1,0,0,0,0,0,0,2,0,0,0,0,0,0,0,0,0,0,0
82,cn5070,vertex_count_allgather,communication,2.140107761,1,0,0,0,0,0,0,84,0,0,0,0,0,0,2,1,1,4,512
82,cn5070,element_count_allgather,communication,0.000829608999993,1,0,0,0,0,0,0,7,0,0,0,0,0,0,0,1,1,4,512
82,cn5070,vertex_exchange_prepare,compute,2.00399999812e-05,1,0,0,0,0,0,0,6,0,0,0,0,0,0,0,0,0,0,0
82,cn5070,vertex_exchange,communication,0.00490927700002,1,0,0,0,0,0,0,109,0,0,0,0,0,2,0,5,3,150568,9680
82,cn5070,vertex_exchange_unpack,compute,0.000217222999709,1,0,0,0,0,0,0,55,0,0,0,0,0,0,0,0,0,0,0
82,cn5070,partition_result_io,io,0,0,0,0,0,0,0,0,0,0,0,0,0,0,0,0,0,0,0,0
82,cn5070,volume_exchange_pack,compute,0.132114565,2,0,0,0,0,0,0,1254,0,0,0,0,0,0,0,0,0,0,0
82,cn5070,volume_size_exchange,communication,0.0693417809998,1,0,0,0,0,0,0,1,0,0,0,0,0,0,0,5,5,20,20
82,cn5070,volume_payload_prepare,compute,0.000185302000318,1,0,0,0,0,0,0,34,0,0,0,0,0,0,0,0,0,0,0
82,cn5070,volume_payload_exchange,communication,0.00227088600013,1,0,0,0,0,0,0,189,0,0,0,0,0,0,0,5,5,1673040,1668120
82,cn5070,volume_exchange_unpack,compute,0.10315751,1,0,0,0,0,0,0,4179,0,0,0,0,0,0,0,0,0,0,0
82,cn5070,final_mesh_save,io,0,0,0,0,0,0,0,0,0,0,0,0,0,0,0,0,0,0,0,0
82,cn5070,testout_io,io,0,0,0,0,0,0,0,0,0,0,0,0,0,0,0,0,0,0,0,0
82,cn5070,final_count_exchange,communication,0,0,0,0,0,0,0,0,0,0,0,0,0,0,0,0,0,0,0,0
82,cn5070,quality_evaluation,postprocess,0,0,0,0,0,0,0,0,0,0,0,0,0,0,0,0,0,0,0,0
83,cn5071,geometry_load,io,2.151032895,1,0,0,0,0,0,0,5897,0,1035097,0,10428416,0,203,17,0,0,0,0
83,cn5071,coarse_local_size,setup,0.568336755,1,0,0,0,0,0,0,8616,0,0,0,0,0,227,33,0,0,0,0
83,cn5071,coarse_edge_mesh,setup,0.014342936,1,0,0,0,0,0,0,490,0,0,0,0,0,2,0,0,0,0,0
83,cn5071,coarse_surface_mesh,setup,8.779838005,1,0,0,0,0,0,0,17094,0,0,0,0,0,24,79,0,0,0,0
83,cn5071,coarse_volume_mesh,setup,13.599786085,1,0,0,0,0,0,0,27602,0,0,0,0,0,39203,1733375,0,0,0,0
83,cn5071,coarse_mesh_save,io,0,0,0,0,0,0,0,0,0,0,0,0,0,0,0,0,0,0,0,0
83,cn5071,submesh_initialization,setup,0.000134601000354,1,0,0,0,0,0,0,1,0,0,0,0,0,0,0,0,0,0,0
83,cn5071,metis_partition,compute,0.229910209,1,0,0,0,0,0,0,55,0,0,0,0,0,0,2,0,0,0,0
83,cn5071,face_map_setup,compute,0.00680885400016,1,0,0,0,0,0,0,3,0,0,0,0,0,0,0,0,0,0,0
83,cn5071,face_local_extract,compute,0.159794471,1,0,0,0,0,0,0,302,0,0,0,0,0,0,1,0,0,0,0
83,cn5071,face_pre_collective_wait,synchronization,0.0403996579998,1,0,0,0,0,0,0,1,0,0,0,0,0,0,1,0,0,0,0
83,cn5071,face_collective_setup,compute,0.00303353299978,1,0,0,0,0,0,0,13,0,0,0,0,0,3,0,0,0,0,0
83,cn5071,face_allgatherv,communication,0.225922767,1,0,0,0,0,0,0,832,0,0,0,0,0,1,2,1,1,37904,4859624
83,cn5071,face_global_merge,compute,0.0748531709996,1,0,0,0,0,0,0,11,0,0,0,0,0,0,1,0,0,0,0
83,cn5071,part_face_create,compute,0.0181517370002,1,0,0,0,0,0,0,3,0,0,0,0,0,0,0,0,0,0,0
83,cn5071,surface_refine,compute,0.00879167600033,1,0,0,0,0,0,0,44,0,0,0,0,0,0,0,0,0,0,0
83,cn5071,refined_surface_save,io,0,0,0,0,0,0,0,0,0,0,0,0,0,0,0,0,0,0,0,0
83,cn5071,local_volume_mesh,compute,8.064246635,1,0,0,0,0,0,0,2651,0,0,0,0,0,13659,548015,0,0,0,0
83,cn5071,volume_refine,compute,0.416762994,1,0,0,0,0,0,0,5428,0,0,0,0,0,0,3,0,0,0,0
83,cn5071,refined_volume_save,io,0,0,0,0,0,0,0,0,0,0,0,0,0,0,0,0,0,0,0,0
83,cn5071,adjacency_build,compute,0.00410974499982,1,0,0,0,0,0,0,0,0,0,0,0,0,0,1,0,0,0,0
83,cn5071,vertex_numbering_local,compute,0.00844025200013,1,0,0,0,0,0,0,51,0,0,0,0,0,0,0,0,0,0,0
83,cn5071,vertex_count_allgather,communication,3.427996825,1,0,0,0,0,0,0,62,0,0,0,0,0,0,30,1,1,4,512
83,cn5071,element_count_allgather,communication,0.000871030000326,1,0,0,0,0,0,0,0,0,0,0,0,0,0,0,1,1,4,512
83,cn5071,vertex_exchange_prepare,compute,0.000167361999956,1,0,0,0,0,0,0,33,0,0,0,0,0,0,0,0,0,0,0
83,cn5071,vertex_exchange,communication,0.0143523759998,1,0,0,0,0,0,0,21,0,0,0,0,0,2,0,2,4,5984,120934
83,cn5071,vertex_exchange_unpack,compute,0.00166063799998,1,0,0,0,0,0,0,0,0,0,0,0,0,0,0,0,0,0,0
83,cn5071,partition_result_io,io,0,0,0,0,0,0,0,0,0,0,0,0,0,0,0,0,0,0,0,0
83,cn5071,volume_exchange_pack,compute,0.139941576,2,0,0,0,0,0,0,577,0,0,0,0,0,0,1,0,0,0,0
83,cn5071,volume_size_exchange,communication,0.0506670690002,1,0,0,0,0,0,0,0,0,0,0,0,0,0,1,5,5,20,20
83,cn5071,volume_payload_prepare,compute,0.0001725420002,1,0,0,0,0,0,0,34,0,0,0,0,0,0,0,0,0,0,0
83,cn5071,volume_payload_exchange,communication,0.00241178599981,1,0,0,0,0,0,0,194,0,0,0,0,0,0,0,5,5,1335120,1331760
83,cn5071,volume_exchange_unpack,compute,0.0988920509999,1,0,0,0,0,0,0,4152,0,0,0,0,0,0,0,0,0,0,0
83,cn5071,final_mesh_save,io,0,0,0,0,0,0,0,0,0,0,0,0,0,0,0,0,0,0,0,0
83,cn5071,testout_io,io,0,0,0,0,0,0,0,0,0,0,0,0,0,0,0,0,0,0,0,0
83,cn5071,final_count_exchange,communication,0,0,0,0,0,0,0,0,0,0,0,0,0,0,0,0,0,0,0,0
83,cn5071,quality_evaluation,postprocess,0,0,0,0,0,0,0,0,0,0,0,0,0,0,0,0,0,0,0,0
84,cn5072,geometry_load,io,1.947760682,1,0,0,0,0,0,0,5896,0,1035097,0,10428416,0,203,2,0,0,0,0
84,cn5072,coarse_local_size,setup,0.501630199,1,0,0,0,0,0,0,8632,0,0,0,0,0,206,25,0,0,0,0
84,cn5072,coarse_edge_mesh,setup,0.014575877,1,0,0,0,0,0,0,506,0,0,0,0,0,2,0,0,0,0,0
84,cn5072,coarse_surface_mesh,setup,8.384662439,1,0,0,0,0,0,0,14800,0,0,0,0,0,24,9,0,0,0,0
84,cn5072,coarse_volume_mesh,setup,13.336779378,1,0,0,0,0,0,0,27040,0,0,0,0,0,38641,1598635,0,0,0,0
84,cn5072,coarse_mesh_save,io,0,0,0,0,0,0,0,0,0,0,0,0,0,0,0,0,0,0,0,0
84,cn5072,submesh_initialization,setup,0.00019032299997,1,0,0,0,0,0,0,60,0,0,0,0,0,0,0,0,0,0,0
84,cn5072,metis_partition,compute,0.240778771,1,0,0,0,0,0,0,1813,0,0,0,0,0,0,1,0,0,0,0
84,cn5072,face_map_setup,compute,0.00769107499991,1,0,0,0,0,0,0,627,0,0,0,0,0,0,0,0,0,0,0
84,cn5072,face_local_extract,compute,0.159153433,1,0,0,0,0,0,0,832,0,0,0,0,0,0,0,0,0,0,0
84,cn5072,face_pre_collective_wait,synchronization,0.0291347349998,1,0,0,0,0,0,0,13,0,0,0,0,0,0,0,0,0,0,0
84,cn5072,face_collective_setup,compute,0.00283784199974,1,0,0,0,0,0,0,15,0,0,0,0,0,3,0,0,0,0,0
84,cn5072,face_allgatherv,communication,0.226072351,1,0,0,0,0,0,0,1057,0,0,0,0,0,1,0,1,1,37904,4859624
84,cn5072,face_global_merge,compute,0.078135925,1,0,0,0,0,0,0,423,0,0,0,0,0,0,0,0,0,0,0
84,cn5072,part_face_create,compute,0.0191321850002,1,0,0,0,0,0,0,19,0,0,0,0,0,0,0,0,0,0,0
84,cn5072,surface_refine,compute,0.00953748199981,1,0,0,0,0,0,0,3,0,0,0,0,0,0,0,0,0,0,0
84,cn5072,refined_surface_save,io,0,0,0,0,0,0,0,0,0,0,0,0,0,0,0,0,0,0,0,0
84,cn5072,local_volume_mesh,compute,9.501052525,1,0,0,0,0,0,0,4417,0,0,0,0,0,15227,778976,0,0,0,0
84,cn5072,volume_refine,compute,0.460636069,1,0,0,0,0,0,0,6312,0,0,0,0,0,0,0,0,0,0,0
84,cn5072,refined_volume_save,io,0,0,0,0,0,0,0,0,0,0,0,0,0,0,0,0,0,0,0,0
84,cn5072,adjacency_build,compute,0.00426468299975,1,0,0,0,0,0,0,7,0,0,0,0,0,0,0,0,0,0,0
84,cn5072,vertex_numbering_local,compute,0.00788627799966,1,0,0,0,0,0,0,6,0,0,0,0,0,0,0,0,0,0,0
84,cn5072,vertex_count_allgather,communication,1.94291943,1,0,0,0,0,0,0,88,0,0,0,0,0,0,2,1,1,4,512
84,cn5072,element_count_allgather,communication,0.000862233000134,1,0,0,0,0,0,0,0,0,0,0,0,0,0,0,1,1,4,512
84,cn5072,vertex_exchange_prepare,compute,1.39999997373e-05,1,0,0,0,0,0,0,0,0,0,0,0,0,0,0,0,0,0,0
84,cn5072,vertex_exchange,communication,0.00400274000003,1,0,0,0,0,0,0,26,0,0,0,0,0,2,0,5,3,59796,24002
84,cn5072,vertex_exchange_unpack,compute,0.000372765000066,1,0,0,0,0,0,0,0,0,0,0,0,0,0,0,0,0,0,0
84,cn5072,partition_result_io,io,0,0,0,0,0,0,0,0,0,0,0,0,0,0,0,0,0,0,0,0
84,cn5072,volume_exchange_pack,compute,0.118405605,2,0,0,0,0,0,0,320,0,0,0,0,0,0,0,0,0,0,0
84,cn5072,volume_size_exchange,communication,0.0619246430001,1,0,0,0,0,0,0,0,0,0,0,0,0,0,0,5,5,20,20
84,cn5072,volume_payload_prepare,compute,0.000223203999667,1,0,0,0,0,0,0,68,0,0,0,0,0,0,0,0,0,0,0
84,cn5072,volume_payload_exchange,communication,0.0238125149999,1,0,0,0,0,0,0,160,0,0,0,0,0,0,0,5,5,861960,869880
84,cn5072,volume_exchange_unpack,compute,0.0916158660002,1,0,0,0,0,0,0,4292,0,0,0,0,0,0,0,0,0,0,0
84,cn5072,final_mesh_save,io,0,0,0,0,0,0,0,0,0,0,0,0,0,0,0,0,0,0,0,0
84,cn5072,testout_io,io,0,0,0,0,0,0,0,0,0,0,0,0,0,0,0,0,0,0,0,0
84,cn5072,final_count_exchange,communication,0,0,0,0,0,0,0,0,0,0,0,0,0,0,0,0,0,0,0,0
84,cn5072,quality_evaluation,postprocess,0,0,0,0,0,0,0,0,0,0,0,0,0,0,0,0,0,0,0,0
85,cn5073,geometry_load,io,2.021507603,1,0,0,0,0,0,0,5896,0,1035097,0,10428416,0,203,5,0,0,0,0
85,cn5073,coarse_local_size,setup,0.521519156,1,0,0,0,0,0,0,8387,0,0,0,0,0,216,30,0,0,0,0
85,cn5073,coarse_edge_mesh,setup,0.0148265609996,1,0,0,0,0,0,0,517,0,0,0,0,0,2,0,0,0,0,0
85,cn5073,coarse_surface_mesh,setup,8.581571409,1,0,0,0,0,0,0,17211,0,0,0,0,0,24,19,0,0,0,0
85,cn5073,coarse_volume_mesh,setup,13.368471414,1,0,0,0,0,0,0,26799,0,0,0,0,0,38657,1540439,0,0,0,0
85,cn5073,coarse_mesh_save,io,0,0,0,0,0,0,0,0,0,0,0,0,0,0,0,0,0,0,0,0
85,cn5073,submesh_initialization,setup,0.000192481999875,1,0,0,0,0,0,0,58,0,0,0,0,0,0,0,0,0,0,0
85,cn5073,metis_partition,compute,0.242008595,1,0,0,0,0,0,0,1816,0,0,0,0,0,0,1,0,0,0,0
85,cn5073,face_map_setup,compute,0.00797440699989,1,0,0,0,0,0,0,578,0,0,0,0,0,0,0,0,0,0,0
85,cn5073,face_local_extract,compute,0.158531586,1,0,0,0,0,0,0,838,0,0,0,0,0,0,0,0,0,0,0
85,cn5073,face_pre_collective_wait,synchronization,0.0282817080001,1,0,0,0,0,0,0,13,0,0,0,0,0,0,0,0,0,0,0
85,cn5073,face_collective_setup,compute,0.00257404800004,1,0,0,0,0,0,0,15,0,0,0,0,0,3,0,0,0,0,0
85,cn5073,face_allgatherv,communication,0.226235203,1,0,0,0,0,0,0,810,0,0,0,0,0,1,0,1,1,37904,4859624
85,cn5073,face_global_merge,compute,0.0789217390002,1,0,0,0,0,0,0,447,0,0,0,0,0,0,0,0,0,0,0
85,cn5073,part_face_create,compute,0.0191189280004,1,0,0,0,0,0,0,20,0,0,0,0,0,0,0,0,0,0,0
85,cn5073,surface_refine,compute,0.0088360159998,1,0,0,0,0,0,0,6,0,0,0,0,0,0,0,0,0,0,0
85,cn5073,refined_surface_save,io,0,0,0,0,0,0,0,0,0,0,0,0,0,0,0,0,0,0,0,0
85,cn5073,local_volume_mesh,compute,8.733721465,1,0,0,0,0,0,0,4220,0,0,0,0,0,13344,651789,0,0,0,0
85,cn5073,volume_refine,compute,0.386072102,1,0,0,0,0,0,0,7921,0,0,0,0,0,0,0,0,0,0,0
85,cn5073,refined_volume_save,io,0,0,0,0,0,0,0,0,0,0,0,0,0,0,0,0,0,0,0,0
85,cn5073,adjacency_build,compute,0.00455860900001,1,0,0,0,0,0,0,16,0,0,0,0,0,0,0,0,0,0,0
85,cn5073,vertex_numbering_local,compute,0.0130765829999,1,0,0,0,0,0,0,403,0,0,0,0,0,0,0,0,0,0,0
85,cn5073,vertex_count_allgather,communication,2.779214191,1,0,0,0,0,0,0,85,0,0,0,0,0,0,6,1,1,4,512
85,cn5073,element_count_allgather,communication,0.000881650000338,1,0,0,0,0,0,0,0,0,0,0,0,0,0,0,1,1,4,512
85,cn5073,vertex_exchange_prepare,compute,7.72409998717e-05,1,0,0,0,0,0,0,20,0,0,0,0,0,0,0,0,0,0,0
85,cn5073,vertex_exchange,communication,0.0147085209996,1,0,0,0,0,0,0,109,0,0,0,0,0,2,0,8,6,167662,91696
85,cn5073,vertex_exchange_unpack,compute,0.00135003500009,1,0,0,0,0,0,0,0,0,0,0,0,0,0,0,0,0,0,0
85,cn5073,partition_result_io,io,0,0,0,0,0,0,0,0,0,0,0,0,0,0,0,0,0,0,0,0
85,cn5073,volume_exchange_pack,compute,0.146854199,2,0,0,0,0,0,0,1140,0,0,0,0,0,0,0,0,0,0,0
85,cn5073,volume_size_exchange,communication,0.0431998899999,1,0,0,0,0,0,0,1,0,0,0,0,0,0,0,8,8,32,32
85,cn5073,volume_payload_prepare,compute,0.00038034399995,1,0,0,0,0,0,0,102,0,0,0,0,0,0,0,0,0,0,0
85,cn5073,volume_payload_exchange,communication,0.0026523890001,1,0,0,0,0,0,0,264,0,0,0,0,0,0,0,8,8,2760720,2767680
85,cn5073,volume_exchange_unpack,compute,0.129810973,1,0,0,0,0,0,0,3170,0,0,0,0,0,0,0,0,0,0,0
85,cn5073,final_mesh_save,io,0,0,0,0,0,0,0,0,0,0,0,0,0,0,0,0,0,0,0,0
85,cn5073,testout_io,io,0,0,0,0,0,0,0,0,0,0,0,0,0,0,0,0,0,0,0,0
85,cn5073,final_count_exchange,communication,0,0,0,0,0,0,0,0,0,0,0,0,0,0,0,0,0,0,0,0
85,cn5073,quality_evaluation,postprocess,0,0,0,0,0,0,0,0,0,0,0,0,0,0,0,0,0,0,0,0
86,cn5074,geometry_load,io,2.421000034,1,0,0,0,0,0,0,5896,0,1035097,0,10428416,0,203,17,0,0,0,0
86,cn5074,coarse_local_size,setup,0.553636122,1,0,0,0,0,0,0,8394,0,0,0,0,0,267,35,0,0,0,0
86,cn5074,coarse_edge_mesh,setup,0.0144752030001,1,0,0,0,0,0,0,517,0,0,0,0,0,2,0,0,0,0,0
86,cn5074,coarse_surface_mesh,setup,8.676896523,1,0,0,0,0,0,0,17159,0,0,0,0,0,24,78,0,0,0,0
86,cn5074,coarse_volume_mesh,setup,13.287915886,1,0,0,0,0,0,0,27366,0,0,0,0,0,36836,1549811,0,0,0,0
86,cn5074,coarse_mesh_save,io,0,0,0,0,0,0,0,0,0,0,0,0,0,0,0,0,0,0,0,0
86,cn5074,submesh_initialization,setup,0.000178502000381,1,0,0,0,0,0,0,52,0,0,0,0,0,0,0,0,0,0,0
86,cn5074,metis_partition,compute,0.247700632,1,0,0,0,0,0,0,2017,0,0,0,0,0,0,2,0,0,0,0
86,cn5074,face_map_setup,compute,0.00790690900021,1,0,0,0,0,0,0,591,0,0,0,0,0,0,0,0,0,0,0
86,cn5074,face_local_extract,compute,0.162030647,1,0,0,0,0,0,0,845,0,0,0,0,0,0,2,0,0,0,0
86,cn5074,face_pre_collective_wait,synchronization,0.0191528159999,1,0,0,0,0,0,0,15,0,0,0,0,0,0,0,0,0,0,0
86,cn5074,face_collective_setup,compute,0.00280495200013,1,0,0,0,0,0,0,16,0,0,0,0,0,3,0,0,0,0,0
86,cn5074,face_allgatherv,communication,0.225967547,1,0,0,0,0,0,0,649,0,0,0,0,0,1,2,1,1,37904,4859624
86,cn5074,face_global_merge,compute,0.0800308019998,1,0,0,0,0,0,0,563,0,0,0,0,0,0,1,0,0,0,0
86,cn5074,part_face_create,compute,0.0192032760001,1,0,0,0,0,0,0,18,0,0,0,0,0,0,0,0,0,0,0
86,cn5074,surface_refine,compute,0.0092603639996,1,0,0,0,0,0,0,48,0,0,0,0,0,0,0,0,0,0,0
86,cn5074,refined_surface_save,io,0,0,0,0,0,0,0,0,0,0,0,0,0,0,0,0,0,0,0,0
86,cn5074,local_volume_mesh,compute,7.777850247,1,0,0,0,0,0,0,4242,0,0,0,0,0,9271,526052,0,0,0,0
86,cn5074,volume_refine,compute,0.408556346,1,0,0,0,0,0,0,6134,0,0,0,0,0,0,3,0,0,0,0
86,cn5074,refined_volume_save,io,0,0,0,0,0,0,0,0,0,0,0,0,0,0,0,0,0,0,0,0
86,cn5074,adjacency_build,compute,0.00449395099986,1,0,0,0,0,0,0,5,0,0,0,0,0,0,0,0,0,0,0
86,cn5074,vertex_numbering_local,compute,0.00997117299994,1,0,0,0,0,0,0,4,0,0,0,0,0,0,0,0,0,0,0
86,cn5074,vertex_count_allgather,communication,3.713962051,1,0,0,0,0,0,0,85,0,0,0,0,0,0,34,1,1,4,512
86,cn5074,element_count_allgather,communication,0.000510186000156,1,0,0,0,0,0,0,1,0,0,0,0,0,0,0,1,1,4,512
86,cn5074,vertex_exchange_prepare,compute,0.000112001000161,1,0,0,0,0,0,0,31,0,0,0,0,0,0,0,0,0,0,0
86,cn5074,vertex_exchange,communication,0.0146731260002,1,0,0,0,0,0,0,286,0,0,0,0,0,2,0,3,4,70730,114246
86,cn5074,vertex_exchange_unpack,compute,0.00166301899981,1,0,0,0,0,0,0,0,0,0,0,0,0,0,0,0,0,0,0
86,cn5074,partition_result_io,io,0,0,0,0,0,0,0,0,0,0,0,0,0,0,0,0,0,0,0,0
86,cn5074,volume_exchange_pack,compute,0.1419195,2,0,0,0,0,0,0,803,0,0,0,0,0,0,1,0,0,0,0
86,cn5074,volume_size_exchange,communication,0.0484969670001,1,0,0,0,0,0,0,1,0,0,0,0,0,0,0,5,5,20,20
86,cn5074,volume_payload_prepare,compute,0.000251543000104,1,0,0,0,0,0,0,68,0,0,0,0,0,0,0,0,0,0,0
86,cn5074,volume_payload_exchange,communication,0.002144004,1,0,0,0,0,0,0,237,0,0,0,0,0,0,0,5,5,1956120,1953960
86,cn5074,volume_exchange_unpack,compute,0.0997366250003,1,0,0,0,0,0,0,3893,0,0,0,0,0,0,1,0,0,0,0
86,cn5074,final_mesh_save,io,0,0,0,0,0,0,0,0,0,0,0,0,0,0,0,0,0,0,0,0
86,cn5074,testout_io,io,0,0,0,0,0,0,0,0,0,0,0,0,0,0,0,0,0,0,0,0
86,cn5074,final_count_exchange,communication,0,0,0,0,0,0,0,0,0,0,0,0,0,0,0,0,0,0,0,0
86,cn5074,quality_evaluation,postprocess,0,0,0,0,0,0,0,0,0,0,0,0,0,0,0,0,0,0,0,0
87,cn5075,geometry_load,io,3.07237212,1,0,0,0,0,0,0,5896,0,1035097,0,10428416,0,203,3,0,0,0,0
87,cn5075,coarse_local_size,setup,0.50643736,1,0,0,0,0,0,0,8018,0,0,0,0,0,158,51,0,0,0,0
87,cn5075,coarse_edge_mesh,setup,0.0142412169998,1,0,0,0,0,0,0,490,0,0,0,0,0,2,0,0,0,0,0
87,cn5075,coarse_surface_mesh,setup,8.522084583,1,0,0,0,0,0,0,15769,0,0,0,0,0,24,10,0,0,0,0
87,cn5075,coarse_volume_mesh,setup,14.250943727,1,0,0,0,0,0,0,32462,0,0,0,0,0,82353,2741613,0,0,0,0
87,cn5075,coarse_mesh_save,io,0,0,0,0,0,0,0,0,0,0,0,0,0,0,0,0,0,0,0,0
87,cn5075,submesh_initialization,setup,0.000182602999757,1,0,0,0,0,0,0,56,0,0,0,0,0,0,0,0,0,0,0
87,cn5075,metis_partition,compute,0.243848564,1,0,0,0,0,0,0,2233,0,0,0,0,0,0,0,0,0,0,0
87,cn5075,face_map_setup,compute,0.00773075500001,1,0,0,0,0,0,0,575,0,0,0,0,0,0,0,0,0,0,0
87,cn5075,face_local_extract,compute,0.162337353,1,0,0,0,0,0,0,799,0,0,0,0,0,0,0,0,0,0,0
87,cn5075,face_pre_collective_wait,synchronization,0.0228825230001,1,0,0,0,0,0,0,20,0,0,0,0,0,0,0,0,0,0,0
87,cn5075,face_collective_setup,compute,0.00312843900019,1,0,0,0,0,0,0,16,0,0,0,0,0,3,0,0,0,0,0
87,cn5075,face_allgatherv,communication,0.225553177,1,0,0,0,0,0,0,819,0,0,0,0,0,1,1,1,1,37904,4859624
87,cn5075,face_global_merge,compute,0.0787112760004,1,0,0,0,0,0,0,519,0,0,0,0,0,0,0,0,0,0,0
87,cn5075,part_face_create,compute,0.0189356349997,1,0,0,0,0,0,0,21,0,0,0,0,0,0,0,0,0,0,0
87,cn5075,surface_refine,compute,0.00905339200017,1,0,0,0,0,0,0,45,0,0,0,0,0,0,0,0,0,0,0
87,cn5075,refined_surface_save,io,0,0,0,0,0,0,0,0,0,0,0,0,0,0,0,0,0,0,0,0
87,cn5075,local_volume_mesh,compute,7.741812866,1,0,0,0,0,0,0,3578,0,0,0,0,0,61015,1958259,0,0,0,0
87,cn5075,volume_refine,compute,0.400362865,1,0,0,0,0,0,0,6361,0,0,0,0,0,0,1,0,0,0,0
87,cn5075,refined_volume_save,io,0,0,0,0,0,0,0,0,0,0,0,0,0,0,0,0,0,0,0,0
87,cn5075,adjacency_build,compute,0.00443169500022,1,0,0,0,0,0,0,6,0,0,0,0,0,0,0,0,0,0,0
87,cn5075,vertex_numbering_local,compute,0.010888715,1,0,0,0,0,0,0,136,0,0,0,0,0,0,0,0,0,0,0
87,cn5075,vertex_count_allgather,communication,3.759477882,1,0,0,0,0,0,0,86,0,0,0,0,0,0,4,1,1,4,512
87,cn5075,element_count_allgather,communication,0.000855150000007,1,0,0,0,0,0,0,1,0,0,0,0,0,0,0,1,1,4,512
87,cn5075,vertex_exchange_prepare,compute,0.000174501999936,1,0,0,0,0,0,0,53,0,0,0,0,0,0,0,0,0,0,0
87,cn5075,vertex_exchange,communication,0.014044734,1,0,0,0,0,0,0,42,0,0,0,0,0,2,0,0,6,0,219648
87,cn5075,vertex_exchange_unpack,compute,0.00314887900004,1,0,0,0,0,0,0,0,0,0,0,0,0,0,0,0,0,0,0
87,cn5075,partition_result_io,io,0,0,0,0,0,0,0,0,0,0,0,0,0,0,0,0,0,0,0,0
87,cn5075,volume_exchange_pack,compute,0.149914439,2,0,0,0,0,0,0,960,0,0,0,0,0,0,0,0,0,0,0
87,cn5075,volume_size_exchange,communication,0.0388630820003,1,0,0,0,0,0,0,4,0,0,0,0,0,0,0,6,6,24,24
87,cn5075,volume_payload_prepare,compute,0.000267043999884,1,0,0,0,0,0,0,68,0,0,0,0,0,0,0,0,0,0,0
87,cn5075,volume_payload_exchange,communication,0.00236010899971,1,0,0,0,0,0,0,346,0,0,0,0,0,0,0,6,6,2360880,2372040
87,cn5075,volume_exchange_unpack,compute,0.107166689,1,0,0,0,0,0,0,3600,0,0,0,0,0,0,0,0,0,0,0
87,cn5075,final_mesh_save,io,0,0,0,0,0,0,0,0,0,0,0,0,0,0,0,0,0,0,0,0
87,cn5075,testout_io,io,0,0,0,0,0,0,0,0,0,0,0,0,0,0,0,0,0,0,0,0
87,cn5075,final_count_exchange,communication,0,0,0,0,0,0,0,0,0,0,0,0,0,0,0,0,0,0,0,0
87,cn5075,quality_evaluation,postprocess,0,0,0,0,0,0,0,0,0,0,0,0,0,0,0,0,0,0,0,0
88,cn5076,geometry_load,io,2.019815689,1,0,0,0,0,0,0,5895,0,1035097,0,10428416,0,203,5,0,0,0,0
88,cn5076,coarse_local_size,setup,0.525830121,1,0,0,0,0,0,0,8684,0,0,0,0,0,191,27,0,0,0,0
88,cn5076,coarse_edge_mesh,setup,0.014137053,1,0,0,0,0,0,0,519,0,0,0,0,0,2,0,0,0,0,0
88,cn5076,coarse_surface_mesh,setup,8.214588283,1,0,0,0,0,0,0,17195,0,0,0,0,0,24,13,0,0,0,0
88,cn5076,coarse_volume_mesh,setup,13.505304892,1,0,0,0,0,0,0,27955,0,0,0,0,0,38258,1571238,0,0,0,0
88,cn5076,coarse_mesh_save,io,0,0,0,0,0,0,0,0,0,0,0,0,0,0,0,0,0,0,0,0
88,cn5076,submesh_initialization,setup,0.000199202999738,1,0,0,0,0,0,0,61,0,0,0,0,0,0,0,0,0,0,0
88,cn5076,metis_partition,compute,0.241602281,1,0,0,0,0,0,0,2220,0,0,0,0,0,0,0,0,0,0,0
88,cn5076,face_map_setup,compute,0.00772687400013,1,0,0,0,0,0,0,577,0,0,0,0,0,0,0,0,0,0,0
88,cn5076,face_local_extract,compute,0.162745261,1,0,0,0,0,0,0,886,0,0,0,0,0,0,1,0,0,0,0
88,cn5076,face_pre_collective_wait,synchronization,0.0247238010002,1,0,0,0,0,0,0,5,0,0,0,0,0,0,0,0,0,0,0
88,cn5076,face_collective_setup,compute,0.00331548099985,1,0,0,0,0,0,0,16,0,0,0,0,0,3,0,0,0,0,0
88,cn5076,face_allgatherv,communication,0.225311443,1,0,0,0,0,0,0,810,0,0,0,0,0,1,0,1,1,37904,4859624
88,cn5076,face_global_merge,compute,0.0772282399998,1,0,0,0,0,0,0,380,0,0,0,0,0,0,0,0,0,0,0
88,cn5076,part_face_create,compute,0.0187608290003,1,0,0,0,0,0,0,22,0,0,0,0,0,0,0,0,0,0,0
88,cn5076,surface_refine,compute,0.00895576899984,1,0,0,0,0,0,0,47,0,0,0,0,0,0,0,0,0,0,0
88,cn5076,refined_surface_save,io,0,0,0,0,0,0,0,0,0,0,0,0,0,0,0,0,0,0,0,0
88,cn5076,local_volume_mesh,compute,7.699206589,1,0,0,0,0,0,0,5171,0,0,0,0,0,12854,645656,0,0,0,0
88,cn5076,volume_refine,compute,0.382028711,1,0,0,0,0,0,0,5433,0,0,0,0,0,0,0,0,0,0,0
88,cn5076,refined_volume_save,io,0,0,0,0,0,0,0,0,0,0,0,0,0,0,0,0,0,0,0,0
88,cn5076,adjacency_build,compute,0.00450357399995,1,0,0,0,0,0,0,14,0,0,0,0,0,0,0,0,0,0,0
88,cn5076,vertex_numbering_local,compute,0.0137042259998,1,0,0,0,0,0,0,443,0,0,0,0,0,0,0,0,0,0,0
88,cn5076,vertex_count_allgather,communication,3.819342716,1,0,0,0,0,0,0,117,0,0,0,0,0,0,4,1,1,4,512
88,cn5076,element_count_allgather,communication,0.000779948999934,1,0,0,0,0,0,0,18,0,0,0,0,0,0,0,1,1,4,512
88,cn5076,vertex_exchange_prepare,compute,6.5380000251e-05,1,0,0,0,0,0,0,23,0,0,0,0,0,0,0,0,0,0,0
88,cn5076,vertex_exchange,communication,0.02221831,1,0,0,0,0,0,0,765,0,0,0,0,0,2,0,8,7,228888,49016
88,cn5076,vertex_exchange_unpack,compute,0.00135031699983,1,0,0,0,0,0,0,623,0,0,0,0,0,0,0,0,0,0,0
88,cn5076,partition_result_io,io,0,0,0,0,0,0,0,0,0,0,0,0,0,0,0,0,0,0,0,0
88,cn5076,volume_exchange_pack,compute,0.160517314,2,0,0,0,0,0,0,3160,0,0,0,0,0,0,0,0,0,0,0
88,cn5076,volume_size_exchange,communication,0.0222518710002,1,0,0,0,0,0,0,4,0,0,0,0,0,0,0,8,8,32,32
88,cn5076,volume_payload_prepare,compute,0.000377764999939,1,0,0,0,0,0,0,102,0,0,0,0,0,0,0,0,0,0,0
88,cn5076,volume_payload_exchange,communication,0.00278009400017,1,0,0,0,0,0,0,334,0,0,0,0,0,0,0,8,8,2941920,2938560
88,cn5076,volume_exchange_unpack,compute,0.11908107,1,0,0,0,0,0,0,3629,0,0,0,0,0,0,0,0,0,0,0
88,cn5076,final_mesh_save,io,0,0,0,0,0,0,0,0,0,0,0,0,0,0,0,0,0,0,0,0
88,cn5076,testout_io,io,0,0,0,0,0,0,0,0,0,0,0,0,0,0,0,0,0,0,0,0
88,cn5076,final_count_exchange,communication,0,0,0,0,0,0,0,0,0,0,0,0,0,0,0,0,0,0,0,0
88,cn5076,quality_evaluation,postprocess,0,0,0,0,0,0,0,0,0,0,0,0,0,0,0,0,0,0,0,0
89,cn5077,geometry_load,io,2.000629968,1,0,0,0,0,0,0,5897,0,1035097,0,10428416,0,203,2,0,0,0,0
89,cn5077,coarse_local_size,setup,0.559284244,1,0,0,0,0,0,0,8540,0,0,0,0,0,173,27,0,0,0,0
89,cn5077,coarse_edge_mesh,setup,0.014209556,1,0,0,0,0,0,0,509,0,0,0,0,0,2,0,0,0,0,0
89,cn5077,coarse_surface_mesh,setup,8.518258641,1,0,0,0,0,0,0,17196,0,0,0,0,0,24,11,0,0,0,0
89,cn5077,coarse_volume_mesh,setup,13.29822124,1,0,0,0,0,0,0,28524,0,0,0,0,0,37647,1615492,0,0,0,0
89,cn5077,coarse_mesh_save,io,0,0,0,0,0,0,0,0,0,0,0,0,0,0,0,0,0,0,0,0
89,cn5077,submesh_initialization,setup,0.000187042000107,1,0,0,0,0,0,0,60,0,0,0,0,0,0,0,0,0,0,0
89,cn5077,metis_partition,compute,0.245749762,1,0,0,0,0,0,0,1927,0,0,0,0,0,0,0,0,0,0,0
89,cn5077,face_map_setup,compute,0.00759515400023,1,0,0,0,0,0,0,583,0,0,0,0,0,0,0,0,0,0,0
89,cn5077,face_local_extract,compute,0.161162735,1,0,0,0,0,0,0,966,0,0,0,0,0,0,0,0,0,0,0
89,cn5077,face_pre_collective_wait,synchronization,0.0222959160001,1,0,0,0,0,0,0,9,0,0,0,0,0,0,0,0,0,0,0
89,cn5077,face_collective_setup,compute,0.00254019100021,1,0,0,0,0,0,0,16,0,0,0,0,0,3,0,0,0,0,0
89,cn5077,face_allgatherv,communication,0.226011238,1,0,0,0,0,0,0,1211,0,0,0,0,0,1,1,1,1,37904,4859624
89,cn5077,face_global_merge,compute,0.079592265,1,0,0,0,0,0,0,491,0,0,0,0,0,0,0,0,0,0,0
89,cn5077,part_face_create,compute,0.0190088750001,1,0,0,0,0,0,0,20,0,0,0,0,0,0,0,0,0,0,0
89,cn5077,surface_refine,compute,0.00932173499996,1,0,0,0,0,0,0,47,0,0,0,0,0,0,0,0,0,0,0
89,cn5077,refined_surface_save,io,0,0,0,0,0,0,0,0,0,0,0,0,0,0,0,0,0,0,0,0
89,cn5077,local_volume_mesh,compute,8.125706621,1,0,0,0,0,0,0,5168,0,0,0,0,0,16698,555261,0,0,0,0
89,cn5077,volume_refine,compute,0.442251355,1,0,0,0,0,0,0,6128,0,0,0,0,0,0,0,0,0,0,0
89,cn5077,refined_volume_save,io,0,0,0,0,0,0,0,0,0,0,0,0,0,0,0,0,0,0,0,0
89,cn5077,adjacency_build,compute,0.00432641299994,1,0,0,0,0,0,0,7,0,0,0,0,0,0,0,0,0,0,0
89,cn5077,vertex_numbering_local,compute,0.0102768470001,1,0,0,0,0,0,0,3,0,0,0,0,0,0,0,0,0,0,0
89,cn5077,vertex_count_allgather,communication,3.333639333,1,0,0,0,0,0,0,28,0,0,0,0,0,0,4,1,1,4,512
89,cn5077,element_count_allgather,communication,0.000834810000015,1,0,0,0,0,0,0,0,0,0,0,0,0,0,0,1,1,4,512
89,cn5077,vertex_exchange_prepare,compute,2.23199999709e-05,1,0,0,0,0,0,0,0,0,0,0,0,0,0,0,0,0,0,0
89,cn5077,vertex_exchange,communication,0.0160141590004,1,0,0,0,0,0,0,23,0,0,0,0,0,2,0,5,4,66286,138644
89,cn5077,vertex_exchange_unpack,compute,0.00197858399997,1,0,0,0,0,0,0,0,0,0,0,0,0,0,0,0,0,0,0
89,cn5077,partition_result_io,io,0,0,0,0,0,0,0,0,0,0,0,0,0,0,0,0,0,0,0,0
89,cn5077,volume_exchange_pack,compute,0.164886222,2,0,0,0,0,0,0,1,0,0,0,0,0,0,0,0,0,0,0
89,cn5077,volume_size_exchange,communication,0.0238256350003,1,0,0,0,0,0,0,1,0,0,0,0,0,0,0,5,5,20,20
89,cn5077,volume_payload_prepare,compute,0.000155841999913,1,0,0,0,0,0,0,0,0,0,0,0,0,0,0,0,0,0,0
89,cn5077,volume_payload_exchange,communication,0.00262439300013,1,0,0,0,0,0,0,20,0,0,0,0,0,0,0,5,5,2169000,2166600
89,cn5077,volume_exchange_unpack,compute,0.103862766,1,0,0,0,0,0,0,2335,0,0,0,0,0,0,0,0,0,0,0
89,cn5077,final_mesh_save,io,0,0,0,0,0,0,0,0,0,0,0,0,0,0,0,0,0,0,0,0
89,cn5077,testout_io,io,0,0,0,0,0,0,0,0,0,0,0,0,0,0,0,0,0,0,0,0
89,cn5077,final_count_exchange,communication,0,0,0,0,0,0,0,0,0,0,0,0,0,0,0,0,0,0,0,0
89,cn5077,quality_evaluation,postprocess,0,0,0,0,0,0,0,0,0,0,0,0,0,0,0,0,0,0,0,0
90,cn5078,geometry_load,io,1.946159518,1,0,0,0,0,0,0,5895,0,1035097,0,10428416,0,203,4,0,0,0,0
90,cn5078,coarse_local_size,setup,0.518866398,1,0,0,0,0,0,0,8574,0,0,0,0,0,231,30,0,0,0,0
90,cn5078,coarse_edge_mesh,setup,0.0142545200001,1,0,0,0,0,0,0,505,0,0,0,0,0,2,0,0,0,0,0
90,cn5078,coarse_surface_mesh,setup,8.376858939,1,0,0,0,0,0,0,17340,0,0,0,0,0,24,10,0,0,0,0
90,cn5078,coarse_volume_mesh,setup,13.592297085,1,0,0,0,0,0,0,27838,0,0,0,0,0,40338,1903133,0,0,0,0
90,cn5078,coarse_mesh_save,io,0,0,0,0,0,0,0,0,0,0,0,0,0,0,0,0,0,0,0,0
90,cn5078,submesh_initialization,setup,0.00018822300035,1,0,0,0,0,0,0,53,0,0,0,0,0,0,0,0,0,0,0
90,cn5078,metis_partition,compute,0.242838094,1,0,0,0,0,0,0,2263,0,0,0,0,0,0,0,0,0,0,0
90,cn5078,face_map_setup,compute,0.00777551900001,1,0,0,0,0,0,0,574,0,0,0,0,0,0,0,0,0,0,0
90,cn5078,face_local_extract,compute,0.164277119,1,0,0,0,0,0,0,858,0,0,0,0,0,0,0,0,0,0,0
90,cn5078,face_pre_collective_wait,synchronization,0.0218943769996,1,0,0,0,0,0,0,9,0,0,0,0,0,0,0,0,0,0,0
90,cn5078,face_collective_setup,compute,0.00286261700012,1,0,0,0,0,0,0,16,0,0,0,0,0,3,0,0,0,0,0
90,cn5078,face_allgatherv,communication,0.225643036,1,0,0,0,0,0,0,858,0,0,0,0,0,1,0,1,1,37904,4859624
90,cn5078,face_global_merge,compute,0.079704409,1,0,0,0,0,0,0,450,0,0,0,0,0,0,1,0,0,0,0
90,cn5078,part_face_create,compute,0.0190735220003,1,0,0,0,0,0,0,18,0,0,0,0,0,0,0,0,0,0,0
90,cn5078,surface_refine,compute,0.0110454999999,1,0,0,0,0,0,0,39,0,0,0,0,0,0,0,0,0,0,0
90,cn5078,refined_surface_save,io,0,0,0,0,0,0,0,0,0,0,0,0,0,0,0,0,0,0,0,0
90,cn5078,local_volume_mesh,compute,10.694782165,1,0,0,0,0,0,0,4452,0,0,0,0,0,15012,921659,0,0,0,0
90,cn5078,volume_refine,compute,0.691022766,1,0,0,0,0,0,0,6511,0,0,0,0,0,0,1,0,0,0,0
90,cn5078,refined_volume_save,io,0,0,0,0,0,0,0,0,0,0,0,0,0,0,0,0,0,0,0,0
90,cn5078,adjacency_build,compute,0.00422301400022,1,0,0,0,0,0,0,11,0,0,0,0,0,0,0,0,0,0,0
90,cn5078,vertex_numbering_local,compute,0.010456472,1,0,0,0,0,0,0,3,0,0,0,0,0,0,0,0,0,0,0
90,cn5078,vertex_count_allgather,communication,0.513463659,1,0,0,0,0,0,0,28,0,0,0,0,0,0,0,1,1,4,512
90,cn5078,element_count_allgather,communication,4.02010000471e-05,1,0,0,0,0,0,0,0,0,0,0,0,0,0,0,1,1,4,512
90,cn5078,vertex_exchange_prepare,compute,1.87399996321e-05,1,0,0,0,0,0,0,0,0,0,0,0,0,0,0,0,0,0,0
90,cn5078,vertex_exchange,communication,0.0140991589997,1,0,0,0,0,0,0,19,0,0,0,0,0,2,0,6,4,42680,65472
90,cn5078,vertex_exchange_unpack,compute,0.000950592000208,1,0,0,0,0,0,0,0,0,0,0,0,0,0,0,0,0,0,0
90,cn5078,partition_result_io,io,0,0,0,0,0,0,0,0,0,0,0,0,0,0,0,0,0,0,0,0
90,cn5078,volume_exchange_pack,compute,0.188458505,2,0,0,0,0,0,0,47,0,0,0,0,0,0,1,0,0,0,0
90,cn5078,volume_size_exchange,communication,0.0027207549997,1,0,0,0,0,0,0,1,0,0,0,0,0,0,0,6,6,24,24
90,cn5078,volume_payload_prepare,compute,0.000155162000283,1,0,0,0,0,0,0,34,0,0,0,0,0,0,0,0,0,0,0
90,cn5078,volume_payload_exchange,communication,0.00272869499986,1,0,0,0,0,0,0,180,0,0,0,0,0,0,0,6,6,1113360,1110480
90,cn5078,volume_exchange_unpack,compute,0.126613083,1,0,0,0,0,0,0,5985,0,0,0,0,0,0,0,0,0,0,0
90,cn5078,final_mesh_save,io,0,0,0,0,0,0,0,0,0,0,0,0,0,0,0,0,0,0,0,0
90,cn5078,testout_io,io,0,0,0,0,0,0,0,0,0,0,0,0,0,0,0,0,0,0,0,0
90,cn5078,final_count_exchange,communication,0,0,0,0,0,0,0,0,0,0,0,0,0,0,0,0,0,0,0,0
90,cn5078,quality_evaluation,postprocess,0,0,0,0,0,0,0,0,0,0,0,0,0,0,0,0,0,0,0,0
91,cn5079,geometry_load,io,2.005984668,1,0,0,0,0,0,0,5896,0,1035097,0,10428416,0,203,2,0,0,0,0
91,cn5079,coarse_local_size,setup,0.746069976,1,0,0,0,0,0,0,8617,0,0,0,0,0,247,49,0,0,0,0
91,cn5079,coarse_edge_mesh,setup,0.0145427040002,1,0,0,0,0,0,0,487,0,0,0,0,0,2,0,0,0,0,0
91,cn5079,coarse_surface_mesh,setup,8.607554276,1,0,0,0,0,0,0,17271,0,0,0,0,0,24,9,0,0,0,0
91,cn5079,coarse_volume_mesh,setup,13.418826082,1,0,0,0,0,0,0,27870,0,0,0,0,0,35318,1500328,0,0,0,0
91,cn5079,coarse_mesh_save,io,0,0,0,0,0,0,0,0,0,0,0,0,0,0,0,0,0,0,0,0
91,cn5079,submesh_initialization,setup,0.000184142000307,1,0,0,0,0,0,0,52,0,0,0,0,0,0,0,0,0,0,0
91,cn5079,metis_partition,compute,0.266854275,1,0,0,0,0,0,0,2108,0,0,0,0,0,0,0,0,0,0,0
91,cn5079,face_map_setup,compute,0.00778633799973,1,0,0,0,0,0,0,579,0,0,0,0,0,0,0,0,0,0,0
91,cn5079,face_local_extract,compute,0.162039309,1,0,0,0,0,0,0,937,0,0,0,0,0,0,0,0,0,0,0
91,cn5079,face_pre_collective_wait,synchronization,5.48610000806e-05,1,0,0,0,0,0,0,6,0,0,0,0,0,0,0,0,0,0,0
91,cn5079,face_collective_setup,compute,0.00326956199979,1,0,0,0,0,0,0,13,0,0,0,0,0,3,0,0,0,0,0
91,cn5079,face_allgatherv,communication,0.225463591,1,0,0,0,0,0,0,736,0,0,0,0,0,1,0,1,1,37904,4859624
91,cn5079,face_global_merge,compute,0.0793941040001,1,0,0,0,0,0,0,437,0,0,0,0,0,0,0,0,0,0,0
91,cn5079,part_face_create,compute,0.0193422050002,1,0,0,0,0,0,0,31,0,0,0,0,0,0,1,0,0,0,0
91,cn5079,surface_refine,compute,0.0110434600001,1,0,0,0,0,0,0,50,0,0,0,0,0,0,0,0,0,0,0
91,cn5079,refined_surface_save,io,0,0,0,0,0,0,0,0,0,0,0,0,0,0,0,0,0,0,0,0
91,cn5079,local_volume_mesh,compute,9.476174921,1,0,0,0,0,0,0,4464,0,0,0,0,0,14040,822260,0,0,0,0
91,cn5079,volume_refine,compute,0.488361616,1,0,0,0,0,0,0,4754,0,0,0,0,0,0,0,0,0,0,0
91,cn5079,refined_volume_save,io,0,0,0,0,0,0,0,0,0,0,0,0,0,0,0,0,0,0,0,0
91,cn5079,adjacency_build,compute,0.00423191399977,1,0,0,0,0,0,0,5,0,0,0,0,0,0,0,0,0,0,0
91,cn5079,vertex_numbering_local,compute,0.00970252300021,1,0,0,0,0,0,0,2,0,0,0,0,0,0,1,0,0,0,0
91,cn5079,vertex_count_allgather,communication,1.935295435,1,0,0,0,0,0,0,26,0,0,0,0,0,0,1,1,1,4,512
91,cn5079,element_count_allgather,communication,0.000864710999849,1,0,0,0,0,0,0,0,0,0,0,0,0,0,0,1,1,4,512
91,cn5079,vertex_exchange_prepare,compute,2.07799998861e-05,1,0,0,0,0,0,0,0,0,0,0,0,0,0,0,0,0,0,0
91,cn5079,vertex_exchange,communication,0.0227820079999,1,0,0,0,0,0,0,801,0,0,0,0,0,2,0,2,5,31988,95370
91,cn5079,vertex_exchange_unpack,compute,0.00138503700009,1,0,0,0,0,0,0,0,0,0,0,0,0,0,0,0,0,0,0
91,cn5079,partition_result_io,io,0,0,0,0,0,0,0,0,0,0,0,0,0,0,0,0,0,0,0,0
91,cn5079,volume_exchange_pack,compute,0.142423421,2,0,0,0,0,0,0,1,0,0,0,0,0,0,1,0,0,0,0
91,cn5079,volume_size_exchange,communication,0.0403229500002,1,0,0,0,0,0,0,0,0,0,0,0,0,0,0,5,5,20,20
91,cn5079,volume_payload_prepare,compute,0.00010088199997,1,0,0,0,0,0,0,0,0,0,0,0,0,0,0,0,0,0,0
91,cn5079,volume_payload_exchange,communication,0.00221688800002,1,0,0,0,0,0,0,10,0,0,0,0,0,0,0,5,5,1335120,1329000
91,cn5079,volume_exchange_unpack,compute,0.099124114,1,0,0,0,0,0,0,3545,0,0,0,0,0,0,0,0,0,0,0
91,cn5079,final_mesh_save,io,0,0,0,0,0,0,0,0,0,0,0,0,0,0,0,0,0,0,0,0
91,cn5079,testout_io,io,0,0,0,0,0,0,0,0,0,0,0,0,0,0,0,0,0,0,0,0
91,cn5079,final_count_exchange,communication,0,0,0,0,0,0,0,0,0,0,0,0,0,0,0,0,0,0,0,0
91,cn5079,quality_evaluation,postprocess,0,0,0,0,0,0,0,0,0,0,0,0,0,0,0,0,0,0,0,0
92,cn5080,geometry_load,io,2.022383684,1,0,0,0,0,0,0,5897,0,1035097,0,10428416,0,203,2,0,0,0,0
92,cn5080,coarse_local_size,setup,0.532854593,1,0,0,0,0,0,0,8658,0,0,0,0,0,179,29,0,0,0,0
92,cn5080,coarse_edge_mesh,setup,0.0145054969998,1,0,0,0,0,0,0,518,0,0,0,0,0,2,0,0,0,0,0
92,cn5080,coarse_surface_mesh,setup,8.515570867,1,0,0,0,0,0,0,16032,0,0,0,0,0,24,10,0,0,0,0
92,cn5080,coarse_volume_mesh,setup,13.495182286,1,0,0,0,0,0,0,24896,0,0,0,0,0,37916,1732548,0,0,0,0
92,cn5080,coarse_mesh_save,io,0,0,0,0,0,0,0,0,0,0,0,0,0,0,0,0,0,0,0,0
92,cn5080,submesh_initialization,setup,0.00013772200009,1,0,0,0,0,0,0,4,0,0,0,0,0,0,0,0,0,0,0
92,cn5080,metis_partition,compute,0.226906565,1,0,0,0,0,0,0,63,0,0,0,0,0,0,0,0,0,0,0
92,cn5080,face_map_setup,compute,0.00694404400019,1,0,0,0,0,0,0,261,0,0,0,0,0,0,0,0,0,0,0
92,cn5080,face_local_extract,compute,0.154896227,1,0,0,0,0,0,0,198,0,0,0,0,0,0,0,0,0,0,0
92,cn5080,face_pre_collective_wait,synchronization,0.0481175060004,1,0,0,0,0,0,0,7,0,0,0,0,0,0,0,0,0,0,0
92,cn5080,face_collective_setup,compute,0.00329381999973,1,0,0,0,0,0,0,13,0,0,0,0,0,3,0,0,0,0,0
92,cn5080,face_allgatherv,communication,0.225490448,1,0,0,0,0,0,0,38,0,0,0,0,0,1,0,1,1,37904,4859624
92,cn5080,face_global_merge,compute,0.0733309530001,1,0,0,0,0,0,0,0,0,0,0,0,0,0,0,0,0,0,0
92,cn5080,part_face_create,compute,0.0177423959999,1,0,0,0,0,0,0,3,0,0,0,0,0,0,0,0,0,0,0
92,cn5080,surface_refine,compute,0.008322142,1,0,0,0,0,0,0,1,0,0,0,0,0,0,0,0,0,0,0
92,cn5080,refined_surface_save,io,0,0,0,0,0,0,0,0,0,0,0,0,0,0,0,0,0,0,0,0
92,cn5080,local_volume_mesh,compute,8.277072901,1,0,0,0,0,0,0,2103,0,0,0,0,0,12283,725355,0,0,0,0
92,cn5080,volume_refine,compute,0.409559211,1,0,0,0,0,0,0,4795,0,0,0,0,0,0,0,0,0,0,0
92,cn5080,refined_volume_save,io,0,0,0,0,0,0,0,0,0,0,0,0,0,0,0,0,0,0,0,0
92,cn5080,adjacency_build,compute,0.00386434699976,1,0,0,0,0,0,0,0,0,0,0,0,0,0,0,0,0,0,0
92,cn5080,vertex_numbering_local,compute,0.00906553100003,1,0,0,0,0,0,0,2,0,0,0,0,0,0,0,0,0,0,0
92,cn5080,vertex_count_allgather,communication,3.224912317,1,0,0,0,0,0,0,28,0,0,0,0,0,0,3,1,1,4,512
92,cn5080,element_count_allgather,communication,0.000912310999865,1,0,0,0,0,0,0,0,0,0,0,0,0,0,0,1,1,4,512
92,cn5080,vertex_exchange_prepare,compute,5.7399997786e-06,1,0,0,0,0,0,0,0,0,0,0,0,0,0,0,0,0,0,0
92,cn5080,vertex_exchange,communication,0.00512900300009,1,0,0,0,0,0,0,22,0,0,0,0,0,2,0,2,1,172568,1034
92,cn5080,vertex_exchange_unpack,compute,2.73199998446e-05,1,0,0,0,0,0,0,0,0,0,0,0,0,0,0,0,0,0,0
92,cn5080,partition_result_io,io,0,0,0,0,0,0,0,0,0,0,0,0,0,0,0,0,0,0,0,0
92,cn5080,volume_exchange_pack,compute,0.153125066,2,0,0,0,0,0,0,1,0,0,0,0,0,0,0,0,0,0,0
92,cn5080,volume_size_exchange,communication,0.0341517360002,1,0,0,0,0,0,0,1,0,0,0,0,0,0,0,2,2,8,8
92,cn5080,volume_payload_prepare,compute,0.000132322000354,1,0,0,0,0,0,0,0,0,0,0,0,0,0,0,0,0,0,0
92,cn5080,volume_payload_exchange,communication,0.0131079399998,1,0,0,0,0,0,0,2,0,0,0,0,0,0,0,2,2,1867440,1877400
92,cn5080,volume_exchange_unpack,compute,0.0984221190001,1,0,0,0,0,0,0,2500,0,0,0,0,0,0,0,0,0,0,0
92,cn5080,final_mesh_save,io,0,0,0,0,0,0,0,0,0,0,0,0,0,0,0,0,0,0,0,0
92,cn5080,testout_io,io,0,0,0,0,0,0,0,0,0,0,0,0,0,0,0,0,0,0,0,0
92,cn5080,final_count_exchange,communication,0,0,0,0,0,0,0,0,0,0,0,0,0,0,0,0,0,0,0,0
92,cn5080,quality_evaluation,postprocess,0,0,0,0,0,0,0,0,0,0,0,0,0,0,0,0,0,0,0,0
93,cn5081,geometry_load,io,1.967877108,1,0,0,0,0,0,0,5894,0,1035097,0,10428416,0,203,2,0,0,0,0
93,cn5081,coarse_local_size,setup,0.527262628,1,0,0,0,0,0,0,8422,0,0,0,0,0,193,35,0,0,0,0
93,cn5081,coarse_edge_mesh,setup,0.0149668250001,1,0,0,0,0,0,0,507,0,0,0,0,0,2,0,0,0,0,0
93,cn5081,coarse_surface_mesh,setup,8.549251813,1,0,0,0,0,0,0,17132,0,0,0,0,0,24,11,0,0,0,0
93,cn5081,coarse_volume_mesh,setup,13.392422121,1,0,0,0,0,0,0,28612,0,0,0,0,0,37766,1618282,0,0,0,0
93,cn5081,coarse_mesh_save,io,0,0,0,0,0,0,0,0,0,0,0,0,0,0,0,0,0,0,0,0
93,cn5081,submesh_initialization,setup,0.000167982999756,1,0,0,0,0,0,0,36,0,0,0,0,0,0,0,0,0,0,0
93,cn5081,metis_partition,compute,0.259515278,1,0,0,0,0,0,0,1732,0,0,0,0,0,0,1,0,0,0,0
93,cn5081,face_map_setup,compute,0.00779488600028,1,0,0,0,0,0,0,588,0,0,0,0,0,0,0,0,0,0,0
93,cn5081,face_local_extract,compute,0.161675844,1,0,0,0,0,0,0,871,0,0,0,0,0,0,0,0,0,0,0
93,cn5081,face_pre_collective_wait,synchronization,0.00785432700013,1,0,0,0,0,0,0,1,0,0,0,0,0,0,0,0,0,0,0
93,cn5081,face_collective_setup,compute,0.00300830099968,1,0,0,0,0,0,0,16,0,0,0,0,0,3,0,0,0,0,0
93,cn5081,face_allgatherv,communication,0.225641436,1,0,0,0,0,0,0,1146,0,0,0,0,0,1,0,1,1,37904,4859624
93,cn5081,face_global_merge,compute,0.0800167909997,1,0,0,0,0,0,0,506,0,0,0,0,0,0,0,0,0,0,0
93,cn5081,part_face_create,compute,0.0190864400001,1,0,0,0,0,0,0,4,0,0,0,0,0,0,0,0,0,0,0
93,cn5081,surface_refine,compute,0.00706405700021,1,0,0,0,0,0,0,38,0,0,0,0,0,0,0,0,0,0,0
93,cn5081,refined_surface_save,io,0,0,0,0,0,0,0,0,0,0,0,0,0,0,0,0,0,0,0,0
93,cn5081,local_volume_mesh,compute,7.068373724,1,0,0,0,0,0,0,3971,0,0,0,0,0,13201,638111,0,0,0,0
93,cn5081,volume_refine,compute,0.353865504,1,0,0,0,0,0,0,5233,0,0,0,0,0,0,1,0,0,0,0
93,cn5081,refined_volume_save,io,0,0,0,0,0,0,0,0,0,0,0,0,0,0,0,0,0,0,0,0
93,cn5081,adjacency_build,compute,0.00421997700005,1,0,0,0,0,0,0,10,0,0,0,0,0,0,0,0,0,0,0
93,cn5081,vertex_numbering_local,compute,0.00662398999975,1,0,0,0,0,0,0,2,0,0,0,0,0,0,0,0,0,0,0
93,cn5081,vertex_count_allgather,communication,4.484271075,1,0,0,0,0,0,0,121,0,0,0,0,0,0,4,1,1,4,512
93,cn5081,element_count_allgather,communication,0.000838652000311,1,0,0,0,0,0,0,2,0,0,0,0,0,0,0,1,1,4,512
93,cn5081,vertex_exchange_prepare,compute,5.27000001966e-05,1,0,0,0,0,0,0,25,0,0,0,0,0,0,0,0,0,0,0
93,cn5081,vertex_exchange,communication,0.00463542300031,1,0,0,0,0,0,0,41,0,0,0,0,0,2,0,2,1,15972,92268
93,cn5081,vertex_exchange_unpack,compute,0.00229089100003,1,0,0,0,0,0,0,994,0,0,0,0,0,0,0,0,0,0,0
93,cn5081,partition_result_io,io,0,0,0,0,0,0,0,0,0,0,0,0,0,0,0,0,0,0,0,0
93,cn5081,volume_exchange_pack,compute,0.108701642,2,0,0,0,0,0,0,1442,0,0,0,0,0,0,0,0,0,0,0
93,cn5081,volume_size_exchange,communication,0.0767166260002,1,0,0,0,0,0,0,1,0,0,0,0,0,0,0,2,2,8,8
93,cn5081,volume_payload_prepare,compute,8.52009998198e-05,1,0,0,0,0,0,0,0,0,0,0,0,0,0,0,0,0,0,0
93,cn5081,volume_payload_exchange,communication,0.0131492989999,1,0,0,0,0,0,0,12,0,0,0,0,0,0,0,2,2,1149840,1142880
93,cn5081,volume_exchange_unpack,compute,0.0751907849999,1,0,0,0,0,0,0,2322,0,0,0,0,0,0,0,0,0,0,0
93,cn5081,final_mesh_save,io,0,0,0,0,0,0,0,0,0,0,0,0,0,0,0,0,0,0,0,0
93,cn5081,testout_io,io,0,0,0,0,0,0,0,0,0,0,0,0,0,0,0,0,0,0,0,0
93,cn5081,final_count_exchange,communication,0,0,0,0,0,0,0,0,0,0,0,0,0,0,0,0,0,0,0,0
93,cn5081,quality_evaluation,postprocess,0,0,0,0,0,0,0,0,0,0,0,0,0,0,0,0,0,0,0,0
94,cn5082,geometry_load,io,4.343769726,1,0,0,0,0,0,0,5895,0,1035097,0,10428416,0,203,3,0,0,0,0
94,cn5082,coarse_local_size,setup,0.526470038,1,0,0,0,0,0,0,8451,0,0,0,0,0,193,31,0,0,0,0
94,cn5082,coarse_edge_mesh,setup,0.015141719,1,0,0,0,0,0,0,510,0,0,0,0,0,2,0,0,0,0,0
94,cn5082,coarse_surface_mesh,setup,8.561811593,1,0,0,0,0,0,0,15295,0,0,0,0,0,24,11,0,0,0,0
94,cn5082,coarse_volume_mesh,setup,13.413235549,1,0,0,0,0,0,0,25584,0,0,0,0,0,37358,1615362,0,0,0,0
94,cn5082,coarse_mesh_save,io,0,0,0,0,0,0,0,0,0,0,0,0,0,0,0,0,0,0,0,0
94,cn5082,submesh_initialization,setup,0.000153941999997,1,0,0,0,0,0,0,1,0,0,0,0,0,0,0,0,0,0,0
94,cn5082,metis_partition,compute,0.234871675,1,0,0,0,0,0,0,163,0,0,0,0,0,0,0,0,0,0,0
94,cn5082,face_map_setup,compute,0.00671472899967,1,0,0,0,0,0,0,3,0,0,0,0,0,0,0,0,0,0,0
94,cn5082,face_local_extract,compute,0.159558703,1,0,0,0,0,0,0,641,0,0,0,0,0,0,0,0,0,0,0
94,cn5082,face_pre_collective_wait,synchronization,0.0357629310001,1,0,0,0,0,0,0,1,0,0,0,0,0,0,0,0,0,0,0
94,cn5082,face_collective_setup,compute,0.00331716400024,1,0,0,0,0,0,0,16,0,0,0,0,0,3,0,0,0,0,0
94,cn5082,face_allgatherv,communication,0.225295689,1,0,0,0,0,0,0,1330,0,0,0,0,0,1,0,1,1,37904,4859624
94,cn5082,face_global_merge,compute,0.0749092470001,1,0,0,0,0,0,0,104,0,0,0,0,0,0,0,0,0,0,0
94,cn5082,part_face_create,compute,0.0182047200001,1,0,0,0,0,0,0,3,0,0,0,0,0,0,0,0,0,0,0
94,cn5082,surface_refine,compute,0.00961626700018,1,0,0,0,0,0,0,41,0,0,0,0,0,0,0,0,0,0,0
94,cn5082,refined_surface_save,io,0,0,0,0,0,0,0,0,0,0,0,0,0,0,0,0,0,0,0,0
94,cn5082,local_volume_mesh,compute,9.87127045,1,0,0,0,0,0,0,3070,0,0,0,0,0,15564,795524,0,0,0,0
94,cn5082,volume_refine,compute,0.462281192,1,0,0,0,0,0,0,4945,0,0,0,0,0,0,1,0,0,0,0
94,cn5082,refined_volume_save,io,0,0,0,0,0,0,0,0,0,0,0,0,0,0,0,0,0,0,0,0
94,cn5082,adjacency_build,compute,0.00415521500008,1,0,0,0,0,0,0,0,0,0,0,0,0,0,0,0,0,0,0
94,cn5082,vertex_numbering_local,compute,0.0113487499998,1,0,0,0,0,0,0,203,0,0,0,0,0,0,0,0,0,0,0
94,cn5082,vertex_count_allgather,communication,1.572439143,1,0,0,0,0,0,0,71,0,0,0,0,0,0,1,1,1,4,512
94,cn5082,element_count_allgather,communication,0.000836350999634,1,0,0,0,0,0,0,0,0,0,0,0,0,0,0,1,1,4,512
94,cn5082,vertex_exchange_prepare,compute,0.000114181999834,1,0,0,0,0,0,0,29,0,0,0,0,0,0,0,0,0,0,0
94,cn5082,vertex_exchange,communication,0.0147273939997,1,0,0,0,0,0,0,44,0,0,0,0,0,2,0,3,4,62502,110572
94,cn5082,vertex_exchange_unpack,compute,0.00154964099966,1,0,0,0,0,0,0,0,0,0,0,0,0,0,0,0,0,0,0
94,cn5082,partition_result_io,io,0,0,0,0,0,0,0,0,0,0,0,0,0,0,0,0,0,0,0,0
94,cn5082,volume_exchange_pack,compute,0.175841737,2,0,0,0,0,0,0,650,0,0,0,0,0,0,1,0,0,0,0
94,cn5082,volume_size_exchange,communication,0.0116983349999,1,0,0,0,0,0,0,1,0,0,0,0,0,0,0,5,5,20,20
94,cn5082,volume_payload_prepare,compute,0.000238683000134,1,0,0,0,0,0,0,68,0,0,0,0,0,0,0,0,0,0,0
94,cn5082,volume_payload_exchange,communication,0.00416633500026,1,0,0,0,0,0,0,331,0,0,0,0,0,0,0,5,5,1836480,1834680
94,cn5082,volume_exchange_unpack,compute,0.115966269,1,0,0,0,0,0,0,4849,0,0,0,0,0,0,0,0,0,0,0
94,cn5082,final_mesh_save,io,0,0,0,0,0,0,0,0,0,0,0,0,0,0,0,0,0,0,0,0
94,cn5082,testout_io,io,0,0,0,0,0,0,0,0,0,0,0,0,0,0,0,0,0,0,0,0
94,cn5082,final_count_exchange,communication,0,0,0,0,0,0,0,0,0,0,0,0,0,0,0,0,0,0,0,0
94,cn5082,quality_evaluation,postprocess,0,0,0,0,0,0,0,0,0,0,0,0,0,0,0,0,0,0,0,0
95,cn5083,geometry_load,io,1.912745385,1,0,0,0,0,0,0,5896,0,1035097,0,10428416,0,203,8,0,0,0,0
95,cn5083,coarse_local_size,setup,0.492336406,1,0,0,0,0,0,0,7911,0,0,0,0,0,200,30,0,0,0,0
95,cn5083,coarse_edge_mesh,setup,0.0146670560002,1,0,0,0,0,0,0,506,0,0,0,0,0,2,0,0,0,0,0
95,cn5083,coarse_surface_mesh,setup,8.364718136,1,0,0,0,0,0,0,15250,0,0,0,0,0,24,10,0,0,0,0
95,cn5083,coarse_volume_mesh,setup,13.45745899,1,0,0,0,0,0,0,27920,0,0,0,0,0,37329,1638478,0,0,0,0
95,cn5083,coarse_mesh_save,io,0,0,0,0,0,0,0,0,0,0,0,0,0,0,0,0,0,0,0,0
95,cn5083,submesh_initialization,setup,0.000190681999811,1,0,0,0,0,0,0,56,0,0,0,0,0,0,0,0,0,0,0
95,cn5083,metis_partition,compute,0.246847249,1,0,0,0,0,0,0,2088,0,0,0,0,0,0,0,0,0,0,0
95,cn5083,face_map_setup,compute,0.00777334400027,1,0,0,0,0,0,0,564,0,0,0,0,0,0,0,0,0,0,0
95,cn5083,face_local_extract,compute,0.162870302,1,0,0,0,0,0,0,908,0,0,0,0,0,0,0,0,0,0,0
95,cn5083,face_pre_collective_wait,synchronization,0.0192327769996,1,0,0,0,0,0,0,7,0,0,0,0,0,0,0,0,0,0,0
95,cn5083,face_collective_setup,compute,0.00286395800003,1,0,0,0,0,0,0,16,0,0,0,0,0,3,0,0,0,0,0
95,cn5083,face_allgatherv,communication,0.225681985,1,0,0,0,0,0,0,683,0,0,0,0,0,1,0,1,1,37904,4859624
95,cn5083,face_global_merge,compute,0.0795654460003,1,0,0,0,0,0,0,589,0,0,0,0,0,0,0,0,0,0,0
95,cn5083,part_face_create,compute,0.0192039369999,1,0,0,0,0,0,0,22,0,0,0,0,0,0,0,0,0,0,0
95,cn5083,surface_refine,compute,0.00878581799998,1,0,0,0,0,0,0,49,0,0,0,0,0,0,0,0,0,0,0
95,cn5083,refined_surface_save,io,0,0,0,0,0,0,0,0,0,0,0,0,0,0,0,0,0,0,0,0
95,cn5083,local_volume_mesh,compute,7.677564834,1,0,0,0,0,0,0,4095,0,0,0,0,0,10905,520579,0,0,0,0
95,cn5083,volume_refine,compute,0.404517562,1,0,0,0,0,0,0,7128,0,0,0,0,0,0,0,0,0,0,0
95,cn5083,refined_volume_save,io,0,0,0,0,0,0,0,0,0,0,0,0,0,0,0,0,0,0,0,0
95,cn5083,adjacency_build,compute,0.00449054000001,1,0,0,0,0,0,0,10,0,0,0,0,0,0,0,0,0,0,0
95,cn5083,vertex_numbering_local,compute,0.0100260150002,1,0,0,0,0,0,0,258,0,0,0,0,0,0,0,0,0,0,0
95,cn5083,vertex_count_allgather,communication,3.819634511,1,0,0,0,0,0,0,83,0,0,0,0,0,0,5,1,1,4,512
95,cn5083,element_count_allgather,communication,0.000508087000071,1,0,0,0,0,0,0,0,0,0,0,0,0,0,0,1,1,4,512
95,cn5083,vertex_exchange_prepare,compute,0.000100182000097,1,0,0,0,0,0,0,31,0,0,0,0,0,0,0,0,0,0,0
95,cn5083,vertex_exchange,communication,0.015620829,1,0,0,0,0,0,0,842,0,0,0,0,0,2,0,5,6,47872,117238
95,cn5083,vertex_exchange_unpack,compute,0.00172528300027,1,0,0,0,0,0,0,0,0,0,0,0,0,0,0,0,0,0,0
95,cn5083,partition_result_io,io,0,0,0,0,0,0,0,0,0,0,0,0,0,0,0,0,0,0,0,0
95,cn5083,volume_exchange_pack,compute,0.135566276,2,0,0,0,0,0,0,660,0,0,0,0,0,0,0,0,0,0,0
95,cn5083,volume_size_exchange,communication,0.0533069340004,1,0,0,0,0,0,0,2,0,0,0,0,0,0,0,7,7,28,28
95,cn5083,volume_payload_prepare,compute,0.000319584999943,1,0,0,0,0,0,0,102,0,0,0,0,0,0,0,0,0,0,0
95,cn5083,volume_payload_exchange,communication,0.002805997,1,0,0,0,0,0,0,212,0,0,0,0,0,0,0,7,7,1731240,1732920
95,cn5083,volume_exchange_unpack,compute,0.0962988699998,1,0,0,0,0,0,0,3499,0,0,0,0,0,0,1,0,0,0,0
95,cn5083,final_mesh_save,io,0,0,0,0,0,0,0,0,0,0,0,0,0,0,0,0,0,0,0,0
95,cn5083,testout_io,io,0,0,0,0,0,0,0,0,0,0,0,0,0,0,0,0,0,0,0,0
95,cn5083,final_count_exchange,communication,0,0,0,0,0,0,0,0,0,0,0,0,0,0,0,0,0,0,0,0
95,cn5083,quality_evaluation,postprocess,0,0,0,0,0,0,0,0,0,0,0,0,0,0,0,0,0,0,0,0
96,cn5084,geometry_load,io,2.03011338,1,0,0,0,0,0,0,5897,0,1035097,0,10428416,0,203,4,0,0,0,0
96,cn5084,coarse_local_size,setup,0.546800778,1,0,0,0,0,0,0,8551,0,0,0,0,0,186,32,0,0,0,0
96,cn5084,coarse_edge_mesh,setup,0.0146864109997,1,0,0,0,0,0,0,492,0,0,0,0,0,2,0,0,0,0,0
96,cn5084,coarse_surface_mesh,setup,8.573090293,1,0,0,0,0,0,0,14681,0,0,0,0,0,24,11,0,0,0,0
96,cn5084,coarse_volume_mesh,setup,13.444398188,1,0,0,0,0,0,0,27076,0,0,0,0,0,37595,1667555,0,0,0,0
96,cn5084,coarse_mesh_save,io,0,0,0,0,0,0,0,0,0,0,0,0,0,0,0,0,0,0,0,0
96,cn5084,submesh_initialization,setup,0.000187541999821,1,0,0,0,0,0,0,52,0,0,0,0,0,0,0,0,0,0,0
96,cn5084,metis_partition,compute,0.247169919,1,0,0,0,0,0,0,2139,0,0,0,0,0,0,1,0,0,0,0
96,cn5084,face_map_setup,compute,0.00762019800004,1,0,0,0,0,0,0,582,0,0,0,0,0,0,0,0,0,0,0
96,cn5084,face_local_extract,compute,0.161268777,1,0,0,0,0,0,0,884,0,0,0,0,0,0,0,0,0,0,0
96,cn5084,face_pre_collective_wait,synchronization,0.0206614530002,1,0,0,0,0,0,0,9,0,0,0,0,0,0,0,0,0,0,0
96,cn5084,face_collective_setup,compute,0.00302833100022,1,0,0,0,0,0,0,16,0,0,0,0,0,3,0,0,0,0,0
96,cn5084,face_allgatherv,communication,0.225524078,1,0,0,0,0,0,0,639,0,0,0,0,0,1,0,1,1,37904,4859624
96,cn5084,face_global_merge,compute,0.0796596579999,1,0,0,0,0,0,0,470,0,0,0,0,0,0,0,0,0,0,0
96,cn5084,part_face_create,compute,0.0190871360001,1,0,0,0,0,0,0,16,0,0,0,0,0,0,0,0,0,0,0
96,cn5084,surface_refine,compute,0.00887915099975,1,0,0,0,0,0,0,48,0,0,0,0,0,0,0,0,0,0,0
96,cn5084,refined_surface_save,io,0,0,0,0,0,0,0,0,0,0,0,0,0,0,0,0,0,0,0,0
96,cn5084,local_volume_mesh,compute,8.194797586,1,0,0,0,0,0,0,3475,0,0,0,0,0,14023,649452,0,0,0,0
96,cn5084,volume_refine,compute,0.431813237,1,0,0,0,0,0,0,4868,0,0,0,0,0,0,1,0,0,0,0
96,cn5084,refined_volume_save,io,0,0,0,0,0,0,0,0,0,0,0,0,0,0,0,0,0,0,0,0
96,cn5084,adjacency_build,compute,0.00413180199985,1,0,0,0,0,0,0,5,0,0,0,0,0,0,0,0,0,0,0
96,cn5084,vertex_numbering_local,compute,0.00559387700014,1,0,0,0,0,0,0,4,0,0,0,0,0,0,0,0,0,0,0
96,cn5084,vertex_count_allgather,communication,3.279728401,1,0,0,0,0,0,0,48,0,0,0,0,0,0,4,1,1,4,512
96,cn5084,element_count_allgather,communication,0.000957469999776,1,0,0,0,0,0,0,0,0,0,0,0,0,0,0,1,1,4,512
96,cn5084,vertex_exchange_prepare,compute,6.65999959892e-06,1,0,0,0,0,0,0,0,0,0,0,0,0,0,0,0,0,0,0
96,cn5084,vertex_exchange,communication,0.00466942799994,1,0,0,0,0,0,0,18,0,0,0,0,0,2,0,1,0,49830,0
96,cn5084,vertex_exchange_unpack,compute,2.40000008489e-06,1,0,0,0,0,0,0,0,0,0,0,0,0,0,0,0,0,0,0
96,cn5084,partition_result_io,io,0,0,0,0,0,0,0,0,0,0,0,0,0,0,0,0,0,0,0,0
96,cn5084,volume_exchange_pack,compute,0.102885157,2,0,0,0,0,0,0,1,0,0,0,0,0,0,0,0,0,0,0
96,cn5084,volume_size_exchange,communication,0.0306063350004,1,0,0,0,0,0,0,2,0,0,0,0,0,0,0,1,1,4,4
96,cn5084,volume_payload_prepare,compute,4.08000000789e-05,1,0,0,0,0,0,0,0,0,0,0,0,0,0,0,0,0,0,0
96,cn5084,volume_payload_exchange,communication,0.0556327120003,1,0,0,0,0,0,0,5,0,0,0,0,0,0,0,1,1,527160,530280
96,cn5084,volume_exchange_unpack,compute,0.0734443949996,1,0,0,0,0,0,0,1087,0,0,0,0,0,0,0,0,0,0,0
96,cn5084,final_mesh_save,io,0,0,0,0,0,0,0,0,0,0,0,0,0,0,0,0,0,0,0,0
96,cn5084,testout_io,io,0,0,0,0,0,0,0,0,0,0,0,0,0,0,0,0,0,0,0,0
96,cn5084,final_count_exchange,communication,0,0,0,0,0,0,0,0,0,0,0,0,0,0,0,0,0,0,0,0
96,cn5084,quality_evaluation,postprocess,0,0,0,0,0,0,0,0,0,0,0,0,0,0,0,0,0,0,0,0
97,cn5085,geometry_load,io,2.036550645,1,0,0,0,0,0,0,5898,0,1035097,0,10428416,0,203,2,0,0,0,0
97,cn5085,coarse_local_size,setup,0.507810691,1,0,0,0,0,0,0,8074,0,0,0,0,0,188,27,0,0,0,0
97,cn5085,coarse_edge_mesh,setup,0.0152623139998,1,0,0,0,0,0,0,507,0,0,0,0,0,2,0,0,0,0,0
97,cn5085,coarse_surface_mesh,setup,8.48631085,1,0,0,0,0,0,0,17186,0,0,0,0,0,24,10,0,0,0,0
97,cn5085,coarse_volume_mesh,setup,13.315388109,1,0,0,0,0,0,0,27429,0,0,0,0,0,36729,1507833,0,0,0,0
97,cn5085,coarse_mesh_save,io,0,0,0,0,0,0,0,0,0,0,0,0,0,0,0,0,0,0,0,0
97,cn5085,submesh_initialization,setup,0.000201182000183,1,0,0,0,0,0,0,64,0,0,0,0,0,0,0,0,0,0,0
97,cn5085,metis_partition,compute,0.248823747,1,0,0,0,0,0,0,1974,0,0,0,0,0,0,0,0,0,0,0
97,cn5085,face_map_setup,compute,0.00789557000007,1,0,0,0,0,0,0,574,0,0,0,0,0,0,0,0,0,0,0
97,cn5085,face_local_extract,compute,0.159530985,1,0,0,0,0,0,0,772,0,0,0,0,0,0,1,0,0,0,0
97,cn5085,face_pre_collective_wait,synchronization,0.0204633540002,1,0,0,0,0,0,0,9,0,0,0,0,0,0,0,0,0,0,0
97,cn5085,face_collective_setup,compute,0.00317395599996,1,0,0,0,0,0,0,16,0,0,0,0,0,3,0,0,0,0,0
97,cn5085,face_allgatherv,communication,0.225300278,1,0,0,0,0,0,0,1151,0,0,0,0,0,1,0,1,1,37904,4859624
97,cn5085,face_global_merge,compute,0.0800784769999,1,0,0,0,0,0,0,511,0,0,0,0,0,0,0,0,0,0,0
97,cn5085,part_face_create,compute,0.0192044400001,1,0,0,0,0,0,0,28,0,0,0,0,0,0,0,0,0,0,0
97,cn5085,surface_refine,compute,0.0102675180001,1,0,0,0,0,0,0,51,0,0,0,0,0,0,0,0,0,0,0
97,cn5085,refined_surface_save,io,0,0,0,0,0,0,0,0,0,0,0,0,0,0,0,0,0,0,0,0
97,cn5085,local_volume_mesh,compute,8.42515343,1,0,0,0,0,0,0,4623,0,0,0,0,0,13598,758389,0,0,0,0
97,cn5085,volume_refine,compute,0.446894714,1,0,0,0,0,0,0,7515,0,0,0,0,0,0,1,0,0,0,0
97,cn5085,refined_volume_save,io,0,0,0,0,0,0,0,0,0,0,0,0,0,0,0,0,0,0,0,0
97,cn5085,adjacency_build,compute,0.00439066999979,1,0,0,0,0,0,0,5,0,0,0,0,0,0,0,0,0,0,0
97,cn5085,vertex_numbering_local,compute,0.00941822799996,1,0,0,0,0,0,0,7,0,0,0,0,0,0,0,0,0,0,0
97,cn5085,vertex_count_allgather,communication,3.028487975,1,0,0,0,0,0,0,26,0,0,0,0,0,0,3,1,1,4,512
97,cn5085,element_count_allgather,communication,0.000939689999996,1,0,0,0,0,0,0,0,0,0,0,0,0,0,0,1,1,4,512
97,cn5085,vertex_exchange_prepare,compute,1.18200000543e-05,1,0,0,0,0,0,0,0,0,0,0,0,0,0,0,0,0,0,0
97,cn5085,vertex_exchange,communication,0.00489743600019,1,0,0,0,0,0,0,17,0,0,0,0,0,2,0,3,2,83006,50248
97,cn5085,vertex_exchange_unpack,compute,0.000746468000216,1,0,0,0,0,0,0,0,0,0,0,0,0,0,0,0,0,0,0
97,cn5085,partition_result_io,io,0,0,0,0,0,0,0,0,0,0,0,0,0,0,0,0,0,0,0,0
97,cn5085,volume_exchange_pack,compute,0.132601737,2,0,0,0,0,0,0,561,0,0,0,0,0,0,0,0,0,0,0
97,cn5085,volume_size_exchange,communication,0.054286561,1,0,0,0,0,0,0,0,0,0,0,0,0,0,0,4,4,16,16
97,cn5085,volume_payload_prepare,compute,0.000234683000144,1,0,0,0,0,0,0,68,0,0,0,0,0,0,0,0,0,0,0
97,cn5085,volume_payload_exchange,communication,0.00251686799993,1,0,0,0,0,0,0,155,0,0,0,0,0,0,0,4,4,1399080,1396560
97,cn5085,volume_exchange_unpack,compute,0.095714695,1,0,0,0,0,0,0,4074,0,0,0,0,0,0,0,0,0,0,0
97,cn5085,final_mesh_save,io,0,0,0,0,0,0,0,0,0,0,0,0,0,0,0,0,0,0,0,0
97,cn5085,testout_io,io,0,0,0,0,0,0,0,0,0,0,0,0,0,0,0,0,0,0,0,0
97,cn5085,final_count_exchange,communication,0,0,0,0,0,0,0,0,0,0,0,0,0,0,0,0,0,0,0,0
97,cn5085,quality_evaluation,postprocess,0,0,0,0,0,0,0,0,0,0,0,0,0,0,0,0,0,0,0,0
98,cn5086,geometry_load,io,1.977967123,1,0,0,0,0,0,0,5896,0,1035097,0,10428416,0,203,19,0,0,0,0
98,cn5086,coarse_local_size,setup,0.52594468,1,0,0,0,0,0,0,8430,0,0,0,0,0,225,31,0,0,0,0
98,cn5086,coarse_edge_mesh,setup,0.0147382929999,1,0,0,0,0,0,0,523,0,0,0,0,0,2,0,0,0,0,0
98,cn5086,coarse_surface_mesh,setup,8.581813295,1,0,0,0,0,0,0,17296,0,0,0,0,0,24,84,0,0,0,0
98,cn5086,coarse_volume_mesh,setup,13.440826072,1,0,0,0,0,0,0,27860,0,0,0,0,0,39730,1694155,0,0,0,0
98,cn5086,coarse_mesh_save,io,0,0,0,0,0,0,0,0,0,0,0,0,0,0,0,0,0,0,0,0
98,cn5086,submesh_initialization,setup,0.000197063000087,1,0,0,0,0,0,0,56,0,0,0,0,0,0,0,0,0,0,0
98,cn5086,metis_partition,compute,0.243060073,1,0,0,0,0,0,0,2133,0,0,0,0,0,0,3,0,0,0,0
98,cn5086,face_map_setup,compute,0.00796763499966,1,0,0,0,0,0,0,580,0,0,0,0,0,0,0,0,0,0,0
98,cn5086,face_local_extract,compute,0.162426387,1,0,0,0,0,0,0,849,0,0,0,0,0,0,2,0,0,0,0
98,cn5086,face_pre_collective_wait,synchronization,0.0232610170001,1,0,0,0,0,0,0,8,0,0,0,0,0,0,0,0,0,0,0
98,cn5086,face_collective_setup,compute,0.00336740800003,1,0,0,0,0,0,0,16,0,0,0,0,0,3,0,0,0,0,0
98,cn5086,face_allgatherv,communication,0.225093152,1,0,0,0,0,0,0,729,0,0,0,0,0,1,3,1,1,37904,4859624
98,cn5086,face_global_merge,compute,0.0789781009998,1,0,0,0,0,0,0,452,0,0,0,0,0,0,0,0,0,0,0
98,cn5086,part_face_create,compute,0.0190407360001,1,0,0,0,0,0,0,20,0,0,0,0,0,0,0,0,0,0,0
98,cn5086,surface_refine,compute,0.0090494709998,1,0,0,0,0,0,0,46,0,0,0,0,0,0,0,0,0,0,0
98,cn5086,refined_surface_save,io,0,0,0,0,0,0,0,0,0,0,0,0,0,0,0,0,0,0,0,0
98,cn5086,local_volume_mesh,compute,7.617333457,1,0,0,0,0,0,0,4461,0,0,0,0,0,6157,431486,0,0,0,0
98,cn5086,volume_refine,compute,0.40205873,1,0,0,0,0,0,0,5653,0,0,0,0,0,0,4,0,0,0,0
98,cn5086,refined_volume_save,io,0,0,0,0,0,0,0,0,0,0,0,0,0,0,0,0,0,0,0,0
98,cn5086,adjacency_build,compute,0.0042424610001,1,0,0,0,0,0,0,7,0,0,0,0,0,0,0,0,0,0,0
98,cn5086,vertex_numbering_local,compute,0.0111043410002,1,0,0,0,0,0,0,313,0,0,0,0,0,0,0,0,0,0,0
98,cn5086,vertex_count_allgather,communication,3.881813436,1,0,0,0,0,0,0,82,0,0,0,0,0,0,32,1,1,4,512
98,cn5086,element_count_allgather,communication,0.000910133000161,1,0,0,0,0,0,0,0,0,0,0,0,0,0,0,1,1,4,512
98,cn5086,vertex_exchange_prepare,compute,6.68410002618e-05,1,0,0,0,0,0,0,21,0,0,0,0,0,0,0,0,0,0,0
98,cn5086,vertex_exchange,communication,0.0138037789998,1,0,0,0,0,0,0,236,0,0,0,0,0,2,0,6,4,119658,77044
98,cn5086,vertex_exchange_unpack,compute,0.00112295700001,1,0,0,0,0,0,0,0,0,0,0,0,0,0,0,0,0,0,0
98,cn5086,partition_result_io,io,0,0,0,0,0,0,0,0,0,0,0,0,0,0,0,0,0,0,0,0
98,cn5086,volume_exchange_pack,compute,0.145064216,2,0,0,0,0,0,0,652,0,0,0,0,0,0,1,0,0,0,0
98,cn5086,volume_size_exchange,communication,0.0316630980001,1,0,0,0,0,0,0,6,0,0,0,0,0,0,1,6,6,24,24
98,cn5086,volume_payload_prepare,compute,0.000474547000067,1,0,0,0,0,0,0,170,0,0,0,0,0,0,0,0,0,0,0
98,cn5086,volume_payload_exchange,communication,0.0073403260003,1,0,0,0,0,0,0,380,0,0,0,0,0,0,0,6,6,2068560,2076960
98,cn5086,volume_exchange_unpack,compute,0.104072844,1,0,0,0,0,0,0,3377,0,0,0,0,0,0,0,0,0,0,0
98,cn5086,final_mesh_save,io,0,0,0,0,0,0,0,0,0,0,0,0,0,0,0,0,0,0,0,0
98,cn5086,testout_io,io,0,0,0,0,0,0,0,0,0,0,0,0,0,0,0,0,0,0,0,0
98,cn5086,final_count_exchange,communication,0,0,0,0,0,0,0,0,0,0,0,0,0,0,0,0,0,0,0,0
98,cn5086,quality_evaluation,postprocess,0,0,0,0,0,0,0,0,0,0,0,0,0,0,0,0,0,0,0,0
99,cn5087,geometry_load,io,1.907791101,1,0,0,0,0,0,0,5896,0,1035097,0,10428416,0,203,6,0,0,0,0
99,cn5087,coarse_local_size,setup,0.501553618,1,0,0,0,0,0,0,8479,0,0,0,0,0,211,29,0,0,0,0
99,cn5087,coarse_edge_mesh,setup,0.0143758280001,1,0,0,0,0,0,0,515,0,0,0,0,0,2,0,0,0,0,0
99,cn5087,coarse_surface_mesh,setup,8.377774024,1,0,0,0,0,0,0,17200,0,0,0,0,0,24,18,0,0,0,0
99,cn5087,coarse_volume_mesh,setup,13.50623224,1,0,0,0,0,0,0,27864,0,0,0,0,0,36770,1624836,0,0,0,0
99,cn5087,coarse_mesh_save,io,0,0,0,0,0,0,0,0,0,0,0,0,0,0,0,0,0,0,0,0
99,cn5087,submesh_initialization,setup,0.00019432199997,1,0,0,0,0,0,0,61,0,0,0,0,0,0,0,0,0,0,0
99,cn5087,metis_partition,compute,0.243782547,1,0,0,0,0,0,0,2276,0,0,0,0,0,0,0,0,0,0,0
99,cn5087,face_map_setup,compute,0.00776945100006,1,0,0,0,0,0,0,563,0,0,0,0,0,0,0,0,0,0,0
99,cn5087,face_local_extract,compute,0.1626146,1,0,0,0,0,0,0,799,0,0,0,0,0,0,0,0,0,0,0
99,cn5087,face_pre_collective_wait,synchronization,0.0225166629998,1,0,0,0,0,0,0,10,0,0,0,0,0,0,0,0,0,0,0
99,cn5087,face_collective_setup,compute,0.00340783999991,1,0,0,0,0,0,0,16,0,0,0,0,0,3,0,0,0,0,0
99,cn5087,face_allgatherv,communication,0.224967648,1,0,0,0,0,0,0,661,0,0,0,0,0,1,1,1,1,37904,4859624
99,cn5087,face_global_merge,compute,0.0789526619997,1,0,0,0,0,0,0,471,0,0,0,0,0,0,0,0,0,0,0
99,cn5087,part_face_create,compute,0.0192421240004,1,0,0,0,0,0,0,17,0,0,0,0,0,0,0,0,0,0,0
99,cn5087,surface_refine,compute,0.011496734,1,0,0,0,0,0,0,55,0,0,0,0,0,0,0,0,0,0,0
99,cn5087,refined_surface_save,io,0,0,0,0,0,0,0,0,0,0,0,0,0,0,0,0,0,0,0,0
99,cn5087,local_volume_mesh,compute,11.211079535,1,0,0,0,0,0,0,5001,0,0,0,0,0,14193,859115,0,0,0,0
99,cn5087,volume_refine,compute,0.689576933,1,0,0,0,0,0,0,5997,0,0,0,0,0,0,2,0,0,0,0
99,cn5087,refined_volume_save,io,0,0,0,0,0,0,0,0,0,0,0,0,0,0,0,0,0,0,0,0
99,cn5087,adjacency_build,compute,0.00425347000009,1,0,0,0,0,0,0,8,0,0,0,0,0,0,0,0,0,0,0
99,cn5087,vertex_numbering_local,compute,0.00875982300022,1,0,0,0,0,0,0,2,0,0,0,0,0,0,0,0,0,0,0
99,cn5087,vertex_count_allgather,communication,0.000261423000211,1,0,0,0,0,0,0,46,0,0,0,0,0,0,0,1,1,4,512
99,cn5087,element_count_allgather,communication,0.000858650000282,1,0,0,0,0,0,0,0,0,0,0,0,0,0,0,1,1,4,512
99,cn5087,vertex_exchange_prepare,compute,1.44400000863e-05,1,0,0,0,0,0,0,0,0,0,0,0,0,0,0,0,0,0,0
99,cn5087,vertex_exchange,communication,0.0140979849998,1,0,0,0,0,0,0,13,0,0,0,0,0,2,0,0,3,0,74822
99,cn5087,vertex_exchange_unpack,compute,0.00109435299964,1,0,0,0,0,0,0,0,0,0,0,0,0,0,0,0,0,0,0
99,cn5087,partition_result_io,io,0,0,0,0,0,0,0,0,0,0,0,0,0,0,0,0,0,0,0,0
99,cn5087,volume_exchange_pack,compute,0.176669703,2,0,0,0,0,0,0,1,0,0,0,0,0,0,0,0,0,0,0
99,cn5087,volume_size_exchange,communication,9.71409999693e-05,1,0,0,0,0,0,0,2,0,0,0,0,0,0,0,3,3,12,12
99,cn5087,volume_payload_prepare,compute,0.000147540999933,1,0,0,0,0,0,0,34,0,0,0,0,0,0,0,0,0,0,0
99,cn5087,volume_payload_exchange,communication,0.007688229,1,0,0,0,0,0,0,69,0,0,0,0,0,0,0,3,3,772320,772320
99,cn5087,volume_exchange_unpack,compute,0.12162194,1,0,0,0,0,0,0,5916,0,0,0,0,0,0,0,0,0,0,0
99,cn5087,final_mesh_save,io,0,0,0,0,0,0,0,0,0,0,0,0,0,0,0,0,0,0,0,0
99,cn5087,testout_io,io,0,0,0,0,0,0,0,0,0,0,0,0,0,0,0,0,0,0,0,0
99,cn5087,final_count_exchange,communication,0,0,0,0,0,0,0,0,0,0,0,0,0,0,0,0,0,0,0,0
99,cn5087,quality_evaluation,postprocess,0,0,0,0,0,0,0,0,0,0,0,0,0,0,0,0,0,0,0,0
100,cn5088,geometry_load,io,1.981186654,1,0,0,0,0,0,0,5896,0,1035097,0,10428416,0,203,3,0,0,0,0
100,cn5088,coarse_local_size,setup,0.535210081,1,0,0,0,0,0,0,8560,0,0,0,0,0,230,31,0,0,0,0
100,cn5088,coarse_edge_mesh,setup,0.014435221,1,0,0,0,0,0,0,506,0,0,0,0,0,2,0,0,0,0,0
100,cn5088,coarse_surface_mesh,setup,8.616761733,1,0,0,0,0,0,0,17203,0,0,0,0,0,24,17,0,0,0,0
100,cn5088,coarse_volume_mesh,setup,13.433903268,1,0,0,0,0,0,0,29425,0,0,0,0,0,37454,1644536,0,0,0,0
100,cn5088,coarse_mesh_save,io,0,0,0,0,0,0,0,0,0,0,0,0,0,0,0,0,0,0,0,0
100,cn5088,submesh_initialization,setup,0.000140741999985,1,0,0,0,0,0,0,8,0,0,0,0,0,0,0,0,0,0,0
100,cn5088,metis_partition,compute,0.254477725,1,0,0,0,0,0,0,1591,0,0,0,0,0,0,1,0,0,0,0
100,cn5088,face_map_setup,compute,0.00767147700026,1,0,0,0,0,0,0,569,0,0,0,0,0,0,0,0,0,0,0
100,cn5088,face_local_extract,compute,0.162228843,1,0,0,0,0,0,0,929,0,0,0,0,0,0,0,0,0,0,0
100,cn5088,face_pre_collective_wait,synchronization,0.012422837,1,0,0,0,0,0,0,1,0,0,0,0,0,0,0,0,0,0,0
100,cn5088,face_collective_setup,compute,0.00314681999998,1,0,0,0,0,0,0,16,0,0,0,0,0,3,0,0,0,0,0
100,cn5088,face_allgatherv,communication,0.225159456,1,0,0,0,0,0,0,638,0,0,0,0,0,1,1,1,1,37904,4859624
100,cn5088,face_global_merge,compute,0.080253951,1,0,0,0,0,0,0,483,0,0,0,0,0,0,0,0,0,0,0
100,cn5088,part_face_create,compute,0.0190201,1,0,0,0,0,0,0,4,0,0,0,0,0,0,0,0,0,0,0
100,cn5088,surface_refine,compute,0.00941661900015,1,0,0,0,0,0,0,44,0,0,0,0,0,0,0,0,0,0,0
100,cn5088,refined_surface_save,io,0,0,0,0,0,0,0,0,0,0,0,0,0,0,0,0,0,0,0,0
100,cn5088,local_volume_mesh,compute,7.645961266,1,0,0,0,0,0,0,5148,0,0,0,0,0,11093,503388,0,0,0,0
100,cn5088,volume_refine,compute,0.387160137,1,0,0,0,0,0,0,6481,0,0,0,0,0,0,1,0,0,0,0
100,cn5088,refined_volume_save,io,0,0,0,0,0,0,0,0,0,0,0,0,0,0,0,0,0,0,0,0
100,cn5088,adjacency_build,compute,0.00465727799974,1,0,0,0,0,0,0,14,0,0,0,0,0,0,0,0,0,0,0
100,cn5088,vertex_numbering_local,compute,0.0148501469998,1,0,0,0,0,0,0,453,0,0,0,0,0,0,0,0,0,0,0
100,cn5088,vertex_count_allgather,communication,3.862700373,1,0,0,0,0,0,0,83,0,0,0,0,0,0,8,1,1,4,512
100,cn5088,element_count_allgather,communication,0.000943592000112,1,0,0,0,0,0,0,0,0,0,0,0,0,0,0,1,1,4,512
100,cn5088,vertex_exchange_prepare,compute,8.79809999788e-05,1,0,0,0,0,0,0,25,0,0,0,0,0,0,0,0,0,0,0
100,cn5088,vertex_exchange,communication,0.01588528,1,0,0,0,0,0,0,851,0,0,0,0,0,2,0,6,6,192170,105996
100,cn5088,vertex_exchange_unpack,compute,0.00161935999995,1,0,0,0,0,0,0,0,0,0,0,0,0,0,0,0,0,0,0
100,cn5088,partition_result_io,io,0,0,0,0,0,0,0,0,0,0,0,0,0,0,0,0,0,0,0,0
100,cn5088,volume_exchange_pack,compute,0.159628370001,2,0,0,0,0,0,0,2410,0,0,0,0,0,0,0,0,0,0,0
100,cn5088,volume_size_exchange,communication,0.0070868089997,1,0,0,0,0,0,0,66,0,0,0,0,0,0,0,8,8,32,32
100,cn5088,volume_payload_prepare,compute,0.000690329000008,1,0,0,0,0,0,0,332,0,0,0,0,0,0,0,0,0,0,0
100,cn5088,volume_payload_exchange,communication,0.024966295,1,0,0,0,0,0,0,1246,0,0,0,0,0,0,0,8,8,3159360,3165720
100,cn5088,volume_exchange_unpack,compute,0.123189192,1,0,0,0,0,0,0,4166,0,0,0,0,0,0,0,0,0,0,0
100,cn5088,final_mesh_save,io,0,0,0,0,0,0,0,0,0,0,0,0,0,0,0,0,0,0,0,0
100,cn5088,testout_io,io,0,0,0,0,0,0,0,0,0,0,0,0,0,0,0,0,0,0,0,0
100,cn5088,final_count_exchange,communication,0,0,0,0,0,0,0,0,0,0,0,0,0,0,0,0,0,0,0,0
100,cn5088,quality_evaluation,postprocess,0,0,0,0,0,0,0,0,0,0,0,0,0,0,0,0,0,0,0,0
101,cn5089,geometry_load,io,1.994315,1,0,0,0,0,0,0,5897,0,1035097,0,10428416,0,203,16,0,0,0,0
101,cn5089,coarse_local_size,setup,0.507747985,1,0,0,0,0,0,0,8303,0,0,0,0,0,219,33,0,0,0,0
101,cn5089,coarse_edge_mesh,setup,0.0146610669999,1,0,0,0,0,0,0,515,0,0,0,0,0,2,0,0,0,0,0
101,cn5089,coarse_surface_mesh,setup,8.456641919,1,0,0,0,0,0,0,17154,0,0,0,0,0,24,74,0,0,0,0
101,cn5089,coarse_volume_mesh,setup,13.430575623,1,0,0,0,0,0,0,27920,0,0,0,0,0,36521,1659955,0,0,0,0
101,cn5089,coarse_mesh_save,io,0,0,0,0,0,0,0,0,0,0,0,0,0,0,0,0,0,0,0,0
101,cn5089,submesh_initialization,setup,0.000189802000023,1,0,0,0,0,0,0,57,0,0,0,0,0,0,0,0,0,0,0
101,cn5089,metis_partition,compute,0.246893853,1,0,0,0,0,0,0,2044,0,0,0,0,0,0,2,0,0,0,0
101,cn5089,face_map_setup,compute,0.00756496599979,1,0,0,0,0,0,0,579,0,0,0,0,0,0,0,0,0,0,0
101,cn5089,face_local_extract,compute,0.161329658,1,0,0,0,0,0,0,830,0,0,0,0,0,0,1,0,0,0,0
101,cn5089,face_pre_collective_wait,synchronization,0.0210108790002,1,0,0,0,0,0,0,11,0,0,0,0,0,0,0,0,0,0,0
101,cn5089,face_collective_setup,compute,0.00283013299986,1,0,0,0,0,0,0,16,0,0,0,0,0,3,0,0,0,0,0
101,cn5089,face_allgatherv,communication,0.225378087,1,0,0,0,0,0,0,639,0,0,0,0,0,1,2,1,1,37904,4859624
101,cn5089,face_global_merge,compute,0.0795373859996,1,0,0,0,0,0,0,629,0,0,0,0,0,0,1,0,0,0,0
101,cn5089,part_face_create,compute,0.0193802009999,1,0,0,0,0,0,0,27,0,0,0,0,0,0,0,0,0,0,0
101,cn5089,surface_refine,compute,0.0103094179999,1,0,0,0,0,0,0,53,0,0,0,0,0,0,0,0,0,0,0
101,cn5089,refined_surface_save,io,0,0,0,0,0,0,0,0,0,0,0,0,0,0,0,0,0,0,0,0
101,cn5089,local_volume_mesh,compute,8.898128309,1,0,0,0,0,0,0,4676,0,0,0,0,0,17529,906489,0,0,0,0
101,cn5089,volume_refine,compute,0.448228047,1,0,0,0,0,0,0,6965,0,0,0,0,0,0,4,0,0,0,0
101,cn5089,refined_volume_save,io,0,0,0,0,0,0,0,0,0,0,0,0,0,0,0,0,0,0,0,0
101,cn5089,adjacency_build,compute,0.00454209200007,1,0,0,0,0,0,0,10,0,0,0,0,0,0,0,0,0,0,0
101,cn5089,vertex_numbering_local,compute,0.0113840500003,1,0,0,0,0,0,0,42,0,0,0,0,0,0,0,0,0,0,0
101,cn5089,vertex_count_allgather,communication,2.55256046,1,0,0,0,0,0,0,86,0,0,0,0,0,0,22,1,1,4,512
101,cn5089,element_count_allgather,communication,0.000472565000109,1,0,0,0,0,0,0,0,0,0,0,0,0,0,0,1,1,4,512
101,cn5089,vertex_exchange_prepare,compute,0.000111520999781,1,0,0,0,0,0,0,29,0,0,0,0,0,0,0,0,0,0,0
101,cn5089,vertex_exchange,communication,0.0160107629999,1,0,0,0,0,0,0,32,0,0,0,0,0,2,0,5,4,94424,110858
101,cn5089,vertex_exchange_unpack,compute,0.00159047800025,1,0,0,0,0,0,0,0,0,0,0,0,0,0,0,0,0,0,0
101,cn5089,partition_result_io,io,0,0,0,0,0,0,0,0,0,0,0,0,0,0,0,0,0,0,0,0
101,cn5089,volume_exchange_pack,compute,0.151274623,2,0,0,0,0,0,0,926,0,0,0,0,0,0,1,0,0,0,0
101,cn5089,volume_size_exchange,communication,0.0158202399998,1,0,0,0,0,0,0,2,0,0,0,0,0,0,0,6,6,24,24
101,cn5089,volume_payload_prepare,compute,0.000200722000045,1,0,0,0,0,0,0,34,0,0,0,0,0,0,0,0,0,0,0
101,cn5089,volume_payload_exchange,communication,0.0254695899998,1,0,0,0,0,0,0,310,0,0,0,0,0,0,0,6,6,2174400,2161920
101,cn5089,volume_exchange_unpack,compute,0.113077148,1,0,0,0,0,0,0,4312,0,0,0,0,0,0,2,0,0,0,0
101,cn5089,final_mesh_save,io,0,0,0,0,0,0,0,0,0,0,0,0,0,0,0,0,0,0,0,0
101,cn5089,testout_io,io,0,0,0,0,0,0,0,0,0,0,0,0,0,0,0,0,0,0,0,0
101,cn5089,final_count_exchange,communication,0,0,0,0,0,0,0,0,0,0,0,0,0,0,0,0,0,0,0,0
101,cn5089,quality_evaluation,postprocess,0,0,0,0,0,0,0,0,0,0,0,0,0,0,0,0,0,0,0,0
102,cn5090,geometry_load,io,2.121480699,1,0,0,0,0,0,0,5895,0,1035097,0,10428416,0,203,2,0,0,0,0
102,cn5090,coarse_local_size,setup,0.563648135,1,0,0,0,0,0,0,8316,0,0,0,0,0,216,33,0,0,0,0
102,cn5090,coarse_edge_mesh,setup,0.0143592439999,1,0,0,0,0,0,0,525,0,0,0,0,0,2,0,0,0,0,0
102,cn5090,coarse_surface_mesh,setup,8.670598085,1,0,0,0,0,0,0,17139,0,0,0,0,0,24,11,0,0,0,0
102,cn5090,coarse_volume_mesh,setup,13.462632031,1,0,0,0,0,0,0,28205,0,0,0,0,0,37507,1620329,0,0,0,0
102,cn5090,coarse_mesh_save,io,0,0,0,0,0,0,0,0,0,0,0,0,0,0,0,0,0,0,0,0
102,cn5090,submesh_initialization,setup,0.000185662000149,1,0,0,0,0,0,0,56,0,0,0,0,0,0,0,0,0,0,0
102,cn5090,metis_partition,compute,0.255218493,1,0,0,0,0,0,0,2292,0,0,0,0,0,0,0,0,0,0,0
102,cn5090,face_map_setup,compute,0.00778446899994,1,0,0,0,0,0,0,588,0,0,0,0,0,0,0,0,0,0,0
102,cn5090,face_local_extract,compute,0.160768175,1,0,0,0,0,0,0,909,0,0,0,0,0,0,0,0,0,0,0
102,cn5090,face_pre_collective_wait,synchronization,0.0130318290003,1,0,0,0,0,0,0,14,0,0,0,0,0,0,0,0,0,0,0
102,cn5090,face_collective_setup,compute,0.00323951700011,1,0,0,0,0,0,0,16,0,0,0,0,0,3,0,0,0,0,0
102,cn5090,face_allgatherv,communication,0.224919228,1,0,0,0,0,0,0,716,0,0,0,0,0,1,0,1,1,37904,4859624
102,cn5090,face_global_merge,compute,0.079385046,1,0,0,0,0,0,0,351,0,0,0,0,0,0,0,0,0,0,0
102,cn5090,part_face_create,compute,0.0191111180002,1,0,0,0,0,0,0,17,0,0,0,0,0,0,0,0,0,0,0
102,cn5090,surface_refine,compute,0.00967921099982,1,0,0,0,0,0,0,46,0,0,0,0,0,0,0,0,0,0,0
102,cn5090,refined_surface_save,io,0,0,0,0,0,0,0,0,0,0,0,0,0,0,0,0,0,0,0,0
102,cn5090,local_volume_mesh,compute,8.428139517,1,0,0,0,0,0,0,3338,0,0,0,0,0,17381,764365,0,0,0,0
102,cn5090,volume_refine,compute,0.414203229,1,0,0,0,0,0,0,5986,0,0,0,0,0,0,0,0,0,0,0
102,cn5090,refined_volume_save,io,0,0,0,0,0,0,0,0,0,0,0,0,0,0,0,0,0,0,0,0
102,cn5090,adjacency_build,compute,0.00426072899972,1,0,0,0,0,0,0,7,0,0,0,0,0,0,0,0,0,0,0
102,cn5090,vertex_numbering_local,compute,0.008412056,1,0,0,0,0,0,0,5,0,0,0,0,0,0,0,0,0,0,0
102,cn5090,vertex_count_allgather,communication,3.060642341,1,0,0,0,0,0,0,50,0,0,0,0,0,0,3,1,1,4,512
102,cn5090,element_count_allgather,communication,0.000566167000216,1,0,0,0,0,0,0,0,0,0,0,0,0,0,0,1,1,4,512
102,cn5090,vertex_exchange_prepare,compute,8.8209999376e-06,1,0,0,0,0,0,0,0,0,0,0,0,0,0,0,0,0,0,0
102,cn5090,vertex_exchange,communication,0.00433762900002,1,0,0,0,0,0,0,27,0,0,0,0,0,2,0,3,2,79684,17996
102,cn5090,vertex_exchange_unpack,compute,0.000290104000214,1,0,0,0,0,0,0,0,0,0,0,0,0,0,0,0,0,0,0
102,cn5090,partition_result_io,io,0,0,0,0,0,0,0,0,0,0,0,0,0,0,0,0,0,0,0,0
102,cn5090,volume_exchange_pack,compute,0.109029885,2,0,0,0,0,0,0,208,0,0,0,0,0,0,0,0,0,0,0
102,cn5090,volume_size_exchange,communication,0.0600698859998,1,0,0,0,0,0,0,0,0,0,0,0,0,0,0,3,3,12,12
102,cn5090,volume_payload_prepare,compute,0.000153561999923,1,0,0,0,0,0,0,34,0,0,0,0,0,0,0,0,0,0,0
102,cn5090,volume_payload_exchange,communication,0.03673196,1,0,0,0,0,0,0,84,0,0,0,0,0,0,0,3,3,1021440,1018080
102,cn5090,volume_exchange_unpack,compute,0.0859808609998,1,0,0,0,0,0,0,3740,0,0,0,0,0,0,0,0,0,0,0
102,cn5090,final_mesh_save,io,0,0,0,0,0,0,0,0,0,0,0,0,0,0,0,0,0,0,0,0
102,cn5090,testout_io,io,0,0,0,0,0,0,0,0,0,0,0,0,0,0,0,0,0,0,0,0
102,cn5090,final_count_exchange,communication,0,0,0,0,0,0,0,0,0,0,0,0,0,0,0,0,0,0,0,0
102,cn5090,quality_evaluation,postprocess,0,0,0,0,0,0,0,0,0,0,0,0,0,0,0,0,0,0,0,0
103,cn5091,geometry_load,io,1.92776956,1,0,0,0,0,0,0,5897,0,1035097,0,10428416,0,203,2,0,0,0,0
103,cn5091,coarse_local_size,setup,0.66314303,1,0,0,0,0,0,0,8584,0,0,0,0,0,229,45,0,0,0,0
103,cn5091,coarse_edge_mesh,setup,0.014266739,1,0,0,0,0,0,0,507,0,0,0,0,0,2,0,0,0,0,0
103,cn5091,coarse_surface_mesh,setup,8.362279859,1,0,0,0,0,0,0,17180,0,0,0,0,0,24,9,0,0,0,0
103,cn5091,coarse_volume_mesh,setup,13.331005194,1,0,0,0,0,0,0,25543,0,0,0,0,0,37095,1585230,0,0,0,0
103,cn5091,coarse_mesh_save,io,0,0,0,0,0,0,0,0,0,0,0,0,0,0,0,0,0,0,0,0
103,cn5091,submesh_initialization,setup,0.000138720999985,1,0,0,0,0,0,0,4,0,0,0,0,0,0,0,0,0,0,0
103,cn5091,metis_partition,compute,0.22960825,1,0,0,0,0,0,0,178,0,0,0,0,0,0,0,0,0,0,0
103,cn5091,face_map_setup,compute,0.00692302600009,1,0,0,0,0,0,0,263,0,0,0,0,0,0,0,0,0,0,0
103,cn5091,face_local_extract,compute,0.15682348,1,0,0,0,0,0,0,198,0,0,0,0,0,0,0,0,0,0,0
103,cn5091,face_pre_collective_wait,synchronization,0.043567364,1,0,0,0,0,0,0,8,0,0,0,0,0,0,0,0,0,0,0
103,cn5091,face_collective_setup,compute,0.00300249800011,1,0,0,0,0,0,0,16,0,0,0,0,0,3,0,0,0,0,0
103,cn5091,face_allgatherv,communication,0.227504064,1,0,0,0,0,0,0,354,0,0,0,0,0,1,0,1,1,37904,4859624
103,cn5091,face_global_merge,compute,0.0743640700002,1,0,0,0,0,0,0,106,0,0,0,0,0,0,0,0,0,0,0
103,cn5091,part_face_create,compute,0.0181834069999,1,0,0,0,0,0,0,3,0,0,0,0,0,0,0,0,0,0,0
103,cn5091,surface_refine,compute,0.00880499000004,1,0,0,0,0,0,0,44,0,0,0,0,0,0,0,0,0,0,0
103,cn5091,refined_surface_save,io,0,0,0,0,0,0,0,0,0,0,0,0,0,0,0,0,0,0,0,0
103,cn5091,local_volume_mesh,compute,8.408643478,1,0,0,0,0,0,0,2852,0,0,0,0,0,13969,570201,0,0,0,0
103,cn5091,volume_refine,compute,0.432822071,1,0,0,0,0,0,0,5823,0,0,0,0,0,0,0,0,0,0,0
103,cn5091,refined_volume_save,io,0,0,0,0,0,0,0,0,0,0,0,0,0,0,0,0,0,0,0,0
103,cn5091,adjacency_build,compute,0.00411541099993,1,0,0,0,0,0,0,0,0,0,0,0,0,0,0,0,0,0,0
103,cn5091,vertex_numbering_local,compute,0.00961791999998,1,0,0,0,0,0,0,2,0,0,0,0,0,0,0,0,0,0,0
103,cn5091,vertex_count_allgather,communication,3.065633625,1,0,0,0,0,0,0,26,0,0,0,0,0,0,3,1,1,4,512
103,cn5091,element_count_allgather,communication,0.000907450999875,1,0,0,0,0,0,0,0,0,0,0,0,0,0,0,1,1,4,512
103,cn5091,vertex_exchange_prepare,compute,2.70999998975e-05,1,0,0,0,0,0,0,0,0,0,0,0,0,0,0,0,0,0,0
103,cn5091,vertex_exchange,communication,0.0151061490001,1,0,0,0,0,0,0,274,0,0,0,0,0,2,0,4,5,4048,187836
103,cn5091,vertex_exchange_unpack,compute,0.00257659199997,1,0,0,0,0,0,0,0,0,0,0,0,0,0,0,0,0,0,0
103,cn5091,partition_result_io,io,0,0,0,0,0,0,0,0,0,0,0,0,0,0,0,0,0,0,0,0
103,cn5091,volume_exchange_pack,compute,0.155855489,2,0,0,0,0,0,0,1,0,0,0,0,0,0,0,0,0,0,0
103,cn5091,volume_size_exchange,communication,0.00426417300014,1,0,0,0,0,0,0,26,0,0,0,0,0,0,0,6,6,24,24
103,cn5091,volume_payload_prepare,compute,0.000265303000106,1,0,0,0,0,0,0,104,0,0,0,0,0,0,0,0,0,0,0
103,cn5091,volume_payload_exchange,communication,0.031477174,1,0,0,0,0,0,0,178,0,0,0,0,0,0,1,6,6,2048400,2050320
103,cn5091,volume_exchange_unpack,compute,0.10475683,1,0,0,0,0,0,0,3663,0,0,0,0,0,0,0,0,0,0,0
103,cn5091,final_mesh_save,io,0,0,0,0,0,0,0,0,0,0,0,0,0,0,0,0,0,0,0,0
103,cn5091,testout_io,io,0,0,0,0,0,0,0,0,0,0,0,0,0,0,0,0,0,0,0,0
103,cn5091,final_count_exchange,communication,0,0,0,0,0,0,0,0,0,0,0,0,0,0,0,0,0,0,0,0
103,cn5091,quality_evaluation,postprocess,0,0,0,0,0,0,0,0,0,0,0,0,0,0,0,0,0,0,0,0
104,cn5092,geometry_load,io,2.224514056,1,0,0,0,0,0,0,5895,0,1035097,0,10428416,0,203,2,0,0,0,0
104,cn5092,coarse_local_size,setup,0.533601899,1,0,0,0,0,0,0,8492,0,0,0,0,0,190,31,0,0,0,0
104,cn5092,coarse_edge_mesh,setup,0.014285016,1,0,0,0,0,0,0,518,0,0,0,0,0,2,0,0,0,0,0
104,cn5092,coarse_surface_mesh,setup,10.040324757,1,0,0,0,0,0,0,14725,0,0,0,0,0,24,9,0,0,0,0
104,cn5092,coarse_volume_mesh,setup,13.431621055,1,0,0,0,0,0,0,26993,0,0,0,0,0,36171,1622151,0,0,0,0
104,cn5092,coarse_mesh_save,io,0,0,0,0,0,0,0,0,0,0,0,0,0,0,0,0,0,0,0,0
104,cn5092,submesh_initialization,setup,0.000145022000197,1,0,0,0,0,0,0,8,0,0,0,0,0,0,0,0,0,0,0
104,cn5092,metis_partition,compute,0.2370048,1,0,0,0,0,0,0,968,0,0,0,0,0,0,1,0,0,0,0
104,cn5092,face_map_setup,compute,0.00740145100008,1,0,0,0,0,0,0,461,0,0,0,0,0,0,0,0,0,0,0
104,cn5092,face_local_extract,compute,0.158059427,1,0,0,0,0,0,0,788,0,0,0,0,0,0,0,0,0,0,0
104,cn5092,face_pre_collective_wait,synchronization,0.0344202599999,1,0,0,0,0,0,0,12,0,0,0,0,0,0,0,0,0,0,0
104,cn5092,face_collective_setup,compute,0.00340927100024,1,0,0,0,0,0,0,16,0,0,0,0,0,3,0,0,0,0,0
104,cn5092,face_allgatherv,communication,0.22716275,1,0,0,0,0,0,0,647,0,0,0,0,0,1,0,1,1,37904,4859624
104,cn5092,face_global_merge,compute,0.0789795319997,1,0,0,0,0,0,0,621,0,0,0,0,0,0,0,0,0,0,0
104,cn5092,part_face_create,compute,0.018790304,1,0,0,0,0,0,0,19,0,0,0,0,0,0,0,0,0,0,0
104,cn5092,surface_refine,compute,0.00877375300024,1,0,0,0,0,0,0,43,0,0,0,0,0,0,0,0,0,0,0
104,cn5092,refined_surface_save,io,0,0,0,0,0,0,0,0,0,0,0,0,0,0,0,0,0,0,0,0
104,cn5092,local_volume_mesh,compute,8.089389192,1,0,0,0,0,0,0,3493,0,0,0,0,0,13302,490474,0,0,0,0
104,cn5092,volume_refine,compute,0.404367147,1,0,0,0,0,0,0,6282,0,0,0,0,0,0,1,0,0,0,0
104,cn5092,refined_volume_save,io,0,0,0,0,0,0,0,0,0,0,0,0,0,0,0,0,0,0,0,0
104,cn5092,adjacency_build,compute,0.00421772400023,1,0,0,0,0,0,0,0,0,0,0,0,0,0,0,0,0,0,0
104,cn5092,vertex_numbering_local,compute,0.010454538,1,0,0,0,0,0,0,86,0,0,0,0,0,0,0,0,0,0,0
104,cn5092,vertex_count_allgather,communication,3.407017296,1,0,0,0,0,0,0,78,0,0,0,0,0,0,3,1,1,4,512
104,cn5092,element_count_allgather,communication,0.000538067999969,1,0,0,0,0,0,0,0,0,0,0,0,0,0,0,1,1,4,512
104,cn5092,vertex_exchange_prepare,compute,9.74409999799e-05,1,0,0,0,0,0,0,21,0,0,0,0,0,0,0,0,0,0,0
104,cn5092,vertex_exchange,communication,0.0148043439999,1,0,0,0,0,0,0,705,0,0,0,0,0,2,0,6,7,132066,78518
104,cn5092,vertex_exchange_unpack,compute,0.00112619699985,1,0,0,0,0,0,0,0,0,0,0,0,0,0,0,0,0,0,0
104,cn5092,partition_result_io,io,0,0,0,0,0,0,0,0,0,0,0,0,0,0,0,0,0,0,0,0
104,cn5092,volume_exchange_pack,compute,0.150698076,2,0,0,0,0,0,0,848,0,0,0,0,0,0,0,0,0,0,0
104,cn5092,volume_size_exchange,communication,0.0422091370001,1,0,0,0,0,0,0,8,0,0,0,0,0,0,0,9,9,36,36
104,cn5092,volume_payload_prepare,compute,0.000362345999747,1,0,0,0,0,0,0,102,0,0,0,0,0,0,0,0,0,0,0
104,cn5092,volume_payload_exchange,communication,0.00232333500026,1,0,0,0,0,0,0,207,0,0,0,0,0,0,0,9,9,2226360,2234400
104,cn5092,volume_exchange_unpack,compute,0.107423962,1,0,0,0,0,0,0,4128,0,0,0,0,0,0,0,0,0,0,0
104,cn5092,final_mesh_save,io,0,0,0,0,0,0,0,0,0,0,0,0,0,0,0,0,0,0,0,0
104,cn5092,testout_io,io,0,0,0,0,0,0,0,0,0,0,0,0,0,0,0,0,0,0,0,0
104,cn5092,final_count_exchange,communication,0,0,0,0,0,0,0,0,0,0,0,0,0,0,0,0,0,0,0,0
104,cn5092,quality_evaluation,postprocess,0,0,0,0,0,0,0,0,0,0,0,0,0,0,0,0,0,0,0,0
105,cn5093,geometry_load,io,2.116438368,1,0,0,0,0,0,0,5896,0,1035097,0,10428416,0,203,16,0,0,0,0
105,cn5093,coarse_local_size,setup,0.571630126,1,0,0,0,0,0,0,8562,0,0,0,0,0,228,33,0,0,0,0
105,cn5093,coarse_edge_mesh,setup,0.0145671229998,1,0,0,0,0,0,0,488,0,0,0,0,0,2,0,0,0,0,0
105,cn5093,coarse_surface_mesh,setup,8.514799837,1,0,0,0,0,0,0,17200,0,0,0,0,0,24,75,0,0,0,0
105,cn5093,coarse_volume_mesh,setup,13.251088766,1,0,0,0,0,0,0,28519,0,0,0,0,0,36619,1550708,0,0,0,0
105,cn5093,coarse_mesh_save,io,0,0,0,0,0,0,0,0,0,0,0,0,0,0,0,0,0,0,0,0
105,cn5093,submesh_initialization,setup,0.000154561999807,1,0,0,0,0,0,0,12,0,0,0,0,0,0,0,0,0,0,0
105,cn5093,metis_partition,compute,0.247317615,1,0,0,0,0,0,0,1490,0,0,0,0,0,0,2,0,0,0,0
105,cn5093,face_map_setup,compute,0.00765176599998,1,0,0,0,0,0,0,580,0,0,0,0,0,0,0,0,0,0,0
105,cn5093,face_local_extract,compute,0.157187116,1,0,0,0,0,0,0,936,0,0,0,0,0,0,2,0,0,0,0
105,cn5093,face_pre_collective_wait,synchronization,0.0247544049998,1,0,0,0,0,0,0,1,0,0,0,0,0,0,1,0,0,0,0
105,cn5093,face_collective_setup,compute,0.00259167600007,1,0,0,0,0,0,0,15,0,0,0,0,0,3,0,0,0,0,0
105,cn5093,face_allgatherv,communication,0.227952125,1,0,0,0,0,0,0,798,0,0,0,0,0,1,2,1,1,37904,4859624
105,cn5093,face_global_merge,compute,0.07948859,1,0,0,0,0,0,0,465,0,0,0,0,0,0,0,0,0,0,0
105,cn5093,part_face_create,compute,0.0191923279999,1,0,0,0,0,0,0,3,0,0,0,0,0,0,0,0,0,0,0
105,cn5093,surface_refine,compute,0.0101166210002,1,0,0,0,0,0,0,4,0,0,0,0,0,0,0,0,0,0,0
105,cn5093,refined_surface_save,io,0,0,0,0,0,0,0,0,0,0,0,0,0,0,0,0,0,0,0,0
105,cn5093,local_volume_mesh,compute,9.820969565,1,0,0,0,0,0,0,5190,0,0,0,0,0,13638,766473,0,0,0,0
105,cn5093,volume_refine,compute,0.503577156,1,0,0,0,0,0,0,5268,0,0,0,0,0,0,4,0,0,0,0
105,cn5093,refined_volume_save,io,0,0,0,0,0,0,0,0,0,0,0,0,0,0,0,0,0,0,0,0
105,cn5093,adjacency_build,compute,0.00436712099963,1,0,0,0,0,0,0,7,0,0,0,0,0,0,0,0,0,0,0
105,cn5093,vertex_numbering_local,compute,0.0107150690001,1,0,0,0,0,0,0,258,0,0,0,0,0,0,0,0,0,0,0
105,cn5093,vertex_count_allgather,communication,1.573383461,1,0,0,0,0,0,0,109,0,0,0,0,0,0,14,1,1,4,512
105,cn5093,element_count_allgather,communication,0.000748410000142,1,0,0,0,0,0,0,3,0,0,0,0,0,0,0,1,1,4,512
105,cn5093,vertex_exchange_prepare,compute,0.000112401000024,1,0,0,0,0,0,0,33,0,0,0,0,0,0,0,0,0,0,0
105,cn5093,vertex_exchange,communication,0.0144954420002,1,0,0,0,0,0,0,41,0,0,0,0,0,2,0,2,3,39908,101244
105,cn5093,vertex_exchange_unpack,compute,0.00232799199966,1,0,0,0,0,0,0,863,0,0,0,0,0,0,0,0,0,0,0
105,cn5093,partition_result_io,io,0,0,0,0,0,0,0,0,0,0,0,0,0,0,0,0,0,0,0,0
105,cn5093,volume_exchange_pack,compute,0.167297557,2,0,0,0,0,0,0,2083,0,0,0,0,0,0,1,0,0,0,0
105,cn5093,volume_size_exchange,communication,0.0240644159999,1,0,0,0,0,0,0,4,0,0,0,0,0,0,1,4,4,16,16
105,cn5093,volume_payload_prepare,compute,0.000251463999575,1,0,0,0,0,0,0,68,0,0,0,0,0,0,0,0,0,0,0
105,cn5093,volume_payload_exchange,communication,0.00234321300013,1,0,0,0,0,0,0,149,0,0,0,0,0,0,0,4,4,1492320,1488960
105,cn5093,volume_exchange_unpack,compute,0.111990565,1,0,0,0,0,0,0,4967,0,0,0,0,0,0,1,0,0,0,0
105,cn5093,final_mesh_save,io,0,0,0,0,0,0,0,0,0,0,0,0,0,0,0,0,0,0,0,0
105,cn5093,testout_io,io,0,0,0,0,0,0,0,0,0,0,0,0,0,0,0,0,0,0,0,0
105,cn5093,final_count_exchange,communication,0,0,0,0,0,0,0,0,0,0,0,0,0,0,0,0,0,0,0,0
105,cn5093,quality_evaluation,postprocess,0,0,0,0,0,0,0,0,0,0,0,0,0,0,0,0,0,0,0,0
106,cn5094,geometry_load,io,1.972240837,1,0,0,0,0,0,0,5895,0,1035097,0,10428416,0,203,17,0,0,0,0
106,cn5094,coarse_local_size,setup,0.499109293,1,0,0,0,0,0,0,8066,0,0,0,0,0,191,32,0,0,0,0
106,cn5094,coarse_edge_mesh,setup,0.0147520390001,1,0,0,0,0,0,0,517,0,0,0,0,0,2,0,0,0,0,0
106,cn5094,coarse_surface_mesh,setup,8.394193933,1,0,0,0,0,0,0,14829,0,0,0,0,0,24,75,0,0,0,0
106,cn5094,coarse_volume_mesh,setup,13.389412572,1,0,0,0,0,0,0,27948,0,0,0,0,0,40443,1660579,0,0,0,0
106,cn5094,coarse_mesh_save,io,0,0,0,0,0,0,0,0,0,0,0,0,0,0,0,0,0,0,0,0
106,cn5094,submesh_initialization,setup,0.0001725420002,1,0,0,0,0,0,0,32,0,0,0,0,0,0,0,0,0,0,0
106,cn5094,metis_partition,compute,0.23424997,1,0,0,0,0,0,0,1191,0,0,0,0,0,0,2,0,0,0,0
106,cn5094,face_map_setup,compute,0.00732404900009,1,0,0,0,0,0,0,552,0,0,0,0,0,0,0,0,0,0,0
106,cn5094,face_local_extract,compute,0.161331103,1,0,0,0,0,0,0,822,0,0,0,0,0,0,2,0,0,0,0
106,cn5094,face_pre_collective_wait,synchronization,0.0339661929997,1,0,0,0,0,0,0,5,0,0,0,0,0,0,0,0,0,0,0
106,cn5094,face_collective_setup,compute,0.00299319700025,1,0,0,0,0,0,0,13,0,0,0,0,0,3,0,0,0,0,0
106,cn5094,face_allgatherv,communication,0.227469608,1,0,0,0,0,0,0,1000,0,0,0,0,0,1,2,1,1,37904,4859624
106,cn5094,face_global_merge,compute,0.0768663960002,1,0,0,0,0,0,0,272,0,0,0,0,0,0,0,0,0,0,0
106,cn5094,part_face_create,compute,0.018614566,1,0,0,0,0,0,0,21,0,0,0,0,0,0,0,0,0,0,0
106,cn5094,surface_refine,compute,0.00952357599999,1,0,0,0,0,0,0,12,0,0,0,0,0,0,0,0,0,0,0
106,cn5094,refined_surface_save,io,0,0,0,0,0,0,0,0,0,0,0,0,0,0,0,0,0,0,0,0
106,cn5094,local_volume_mesh,compute,9.786447033,1,0,0,0,0,0,0,4958,0,0,0,0,0,13591,797084,0,0,0,0
106,cn5094,volume_refine,compute,0.464797495,1,0,0,0,0,0,0,4604,0,0,0,0,0,0,4,0,0,0,0
106,cn5094,refined_volume_save,io,0,0,0,0,0,0,0,0,0,0,0,0,0,0,0,0,0,0,0,0
106,cn5094,adjacency_build,compute,0.00411529100029,1,0,0,0,0,0,0,0,0,0,0,0,0,0,0,0,0,0,0
106,cn5094,vertex_numbering_local,compute,0.010793251,1,0,0,0,0,0,0,253,0,0,0,0,0,0,0,0,0,0,0
106,cn5094,vertex_count_allgather,communication,1.650928762,1,0,0,0,0,0,0,108,0,0,0,0,0,0,14,1,1,4,512
106,cn5094,element_count_allgather,communication,0.000799268999799,1,0,0,0,0,0,0,8,0,0,0,0,0,0,0,1,1,4,512
106,cn5094,vertex_exchange_prepare,compute,3.31209998876e-05,1,0,0,0,0,0,0,13,0,0,0,0,0,0,0,0,0,0,0
106,cn5094,vertex_exchange,communication,0.013283921,1,0,0,0,0,0,0,87,0,0,0,0,0,2,0,6,3,140844,24288
106,cn5094,vertex_exchange_unpack,compute,0.000436265000189,1,0,0,0,0,0,0,80,0,0,0,0,0,0,0,0,0,0,0
106,cn5094,partition_result_io,io,0,0,0,0,0,0,0,0,0,0,0,0,0,0,0,0,0,0,0,0
106,cn5094,volume_exchange_pack,compute,0.165030828,2,0,0,0,0,0,0,1225,0,0,0,0,0,0,2,0,0,0,0
106,cn5094,volume_size_exchange,communication,0.0296855010001,1,0,0,0,0,0,0,2,0,0,0,0,0,0,1,6,6,24,24
106,cn5094,volume_payload_prepare,compute,0.000259303999883,1,0,0,0,0,0,0,68,0,0,0,0,0,0,0,0,0,0,0
106,cn5094,volume_payload_exchange,communication,0.00212862599983,1,0,0,0,0,0,0,247,0,0,0,0,0,0,0,6,6,1749720,1741800
106,cn5094,volume_exchange_unpack,compute,0.115881229,1,0,0,0,0,0,0,4870,0,0,0,0,0,0,1,0,0,0,0
106,cn5094,final_mesh_save,io,0,0,0,0,0,0,0,0,0,0,0,0,0,0,0,0,0,0,0,0
106,cn5094,testout_io,io,0,0,0,0,0,0,0,0,0,0,0,0,0,0,0,0,0,0,0,0
106,cn5094,final_count_exchange,communication,0,0,0,0,0,0,0,0,0,0,0,0,0,0,0,0,0,0,0,0
106,cn5094,quality_evaluation,postprocess,0,0,0,0,0,0,0,0,0,0,0,0,0,0,0,0,0,0,0,0
107,cn5095,geometry_load,io,1.939585164,1,0,0,0,0,0,0,5896,0,1035097,0,10428416,0,203,2,0,0,0,0
107,cn5095,coarse_local_size,setup,0.518883636,1,0,0,0,0,0,0,8513,0,0,0,0,0,226,29,0,0,0,0
107,cn5095,coarse_edge_mesh,setup,0.0143753380003,1,0,0,0,0,0,0,524,0,0,0,0,0,2,0,0,0,0,0
107,cn5095,coarse_surface_mesh,setup,8.374244264,1,0,0,0,0,0,0,17223,0,0,0,0,0,24,9,0,0,0,0
107,cn5095,coarse_volume_mesh,setup,13.36091366,1,0,0,0,0,0,0,27053,0,0,0,0,0,36415,1690198,0,0,0,0
107,cn5095,coarse_mesh_save,io,0,0,0,0,0,0,0,0,0,0,0,0,0,0,0,0,0,0,0,0
107,cn5095,submesh_initialization,setup,0.000195782999981,1,0,0,0,0,0,0,60,0,0,0,0,0,0,0,0,0,0,0
107,cn5095,metis_partition,compute,0.244118156,1,0,0,0,0,0,0,2344,0,0,0,0,0,0,0,0,0,0,0
107,cn5095,face_map_setup,compute,0.00773435700012,1,0,0,0,0,0,0,576,0,0,0,0,0,0,0,0,0,0,0
107,cn5095,face_local_extract,compute,0.16047129,1,0,0,0,0,0,0,808,0,0,0,0,0,0,0,0,0,0,0
107,cn5095,face_pre_collective_wait,synchronization,0.0244172499997,1,0,0,0,0,0,0,8,0,0,0,0,0,0,0,0,0,0,0
107,cn5095,face_collective_setup,compute,0.00291214399977,1,0,0,0,0,0,0,16,0,0,0,0,0,3,0,0,0,0,0
107,cn5095,face_allgatherv,communication,0.227476464,1,0,0,0,0,0,0,827,0,0,0,0,0,1,1,1,1,37904,4859624
107,cn5095,face_global_merge,compute,0.0780386020001,1,0,0,0,0,0,0,446,0,0,0,0,0,0,0,0,0,0,0
107,cn5095,part_face_create,compute,0.0191500300002,1,0,0,0,0,0,0,18,0,0,0,0,0,0,0,0,0,0,0
107,cn5095,surface_refine,compute,0.00949628299986,1,0,0,0,0,0,0,30,0,0,0,0,0,0,0,0,0,0,0
107,cn5095,refined_surface_save,io,0,0,0,0,0,0,0,0,0,0,0,0,0,0,0,0,0,0,0,0
107,cn5095,local_volume_mesh,compute,8.622781566,1,0,0,0,0,0,0,4765,0,0,0,0,0,11488,545268,0,0,0,0
107,cn5095,volume_refine,compute,0.442671542,1,0,0,0,0,0,0,7650,0,0,0,0,0,0,1,0,0,0,0
107,cn5095,refined_volume_save,io,0,0,0,0,0,0,0,0,0,0,0,0,0,0,0,0,0,0,0,0
107,cn5095,adjacency_build,compute,0.00413090199982,1,0,0,0,0,0,0,7,0,0,0,0,0,0,0,0,0,0,0
107,cn5095,vertex_numbering_local,compute,0.00747547299989,1,0,0,0,0,0,0,20,0,0,0,0,0,0,0,0,0,0,0
107,cn5095,vertex_count_allgather,communication,2.838465553,1,0,0,0,0,0,0,62,0,0,0,0,0,0,3,1,1,4,512
107,cn5095,element_count_allgather,communication,0.000470907999897,1,0,0,0,0,0,0,0,0,0,0,0,0,0,0,1,1,4,512
107,cn5095,vertex_exchange_prepare,compute,9.32820003072e-05,1,0,0,0,0,0,0,22,0,0,0,0,0,0,0,0,0,0,0
107,cn5095,vertex_exchange,communication,0.0146111210001,1,0,0,0,0,0,0,18,0,0,0,0,0,2,0,0,2,0,82742
107,cn5095,vertex_exchange_unpack,compute,0.00121679799986,1,0,0,0,0,0,0,0,0,0,0,0,0,0,0,0,0,0,0
107,cn5095,partition_result_io,io,0,0,0,0,0,0,0,0,0,0,0,0,0,0,0,0,0,0,0,0
107,cn5095,volume_exchange_pack,compute,0.123412648,2,0,0,0,0,0,0,485,0,0,0,0,0,0,0,0,0,0,0
107,cn5095,volume_size_exchange,communication,0.0398822230004,1,0,0,0,0,0,0,2,0,0,0,0,0,0,0,2,2,8,8
107,cn5095,volume_payload_prepare,compute,6.26810001449e-05,1,0,0,0,0,0,0,0,0,0,0,0,0,0,0,0,0,0,0
107,cn5095,volume_payload_exchange,communication,0.031235033,1,0,0,0,0,0,0,8,0,0,0,0,0,0,0,2,2,865440,865440
107,cn5095,volume_exchange_unpack,compute,0.0870395780003,1,0,0,0,0,0,0,4072,0,0,0,0,0,0,0,0,0,0,0
107,cn5095,final_mesh_save,io,0,0,0,0,0,0,0,0,0,0,0,0,0,0,0,0,0,0,0,0
107,cn5095,testout_io,io,0,0,0,0,0,0,0,0,0,0,0,0,0,0,0,0,0,0,0,0
107,cn5095,final_count_exchange,communication,0,0,0,0,0,0,0,0,0,0,0,0,0,0,0,0,0,0,0,0
107,cn5095,quality_evaluation,postprocess,0,0,0,0,0,0,0,0,0,0,0,0,0,0,0,0,0,0,0,0
108,cn5096,geometry_load,io,3.525765037,1,0,0,0,0,0,0,5896,0,1035097,0,10428416,0,203,3,0,0,0,0
108,cn5096,coarse_local_size,setup,0.522656243,1,0,0,0,0,0,0,8502,0,0,0,0,0,218,28,0,0,0,0
108,cn5096,coarse_edge_mesh,setup,0.014867117,1,0,0,0,0,0,0,505,0,0,0,0,0,2,0,0,0,0,0
108,cn5096,coarse_surface_mesh,setup,8.440993717,1,0,0,0,0,0,0,17148,0,0,0,0,0,24,9,0,0,0,0
108,cn5096,coarse_volume_mesh,setup,13.360848459,1,0,0,0,0,0,0,26871,0,0,0,0,0,36339,1632428,0,0,0,0
108,cn5096,coarse_mesh_save,io,0,0,0,0,0,0,0,0,0,0,0,0,0,0,0,0,0,0,0,0
108,cn5096,submesh_initialization,setup,0.000189923000107,1,0,0,0,0,0,0,58,0,0,0,0,0,0,0,0,0,0,0
108,cn5096,metis_partition,compute,0.24390631,1,0,0,0,0,0,0,1890,0,0,0,0,0,0,0,0,0,0,0
108,cn5096,face_map_setup,compute,0.00775626300037,1,0,0,0,0,0,0,592,0,0,0,0,0,0,0,0,0,0,0
108,cn5096,face_local_extract,compute,0.161311996,1,0,0,0,0,0,0,832,0,0,0,0,0,0,0,0,0,0,0
108,cn5096,face_pre_collective_wait,synchronization,0.023777335,1,0,0,0,0,0,0,29,0,0,0,0,0,0,0,0,0,0,0
108,cn5096,face_collective_setup,compute,0.00339400500025,1,0,0,0,0,0,0,16,0,0,0,0,0,3,0,0,0,0,0
108,cn5096,face_allgatherv,communication,0.226911165,1,0,0,0,0,0,0,1157,0,0,0,0,0,1,0,1,1,37904,4859624
108,cn5096,face_global_merge,compute,0.0794434529998,1,0,0,0,0,0,0,579,0,0,0,0,0,0,0,0,0,0,0
108,cn5096,part_face_create,compute,0.0192277350002,1,0,0,0,0,0,0,20,0,0,0,0,0,0,0,0,0,0,0
108,cn5096,surface_refine,compute,0.00887081700012,1,0,0,0,0,0,0,47,0,0,0,0,0,0,0,0,0,0,0
108,cn5096,refined_surface_save,io,0,0,0,0,0,0,0,0,0,0,0,0,0,0,0,0,0,0,0,0
108,cn5096,local_volume_mesh,compute,7.502720691,1,0,0,0,0,0,0,4011,0,0,0,0,0,13392,560455,0,0,0,0
108,cn5096,volume_refine,compute,0.3775078,1,0,0,0,0,0,0,6228,0,0,0,0,0,0,0,0,0,0,0
108,cn5096,refined_volume_save,io,0,0,0,0,0,0,0,0,0,0,0,0,0,0,0,0,0,0,0,0
108,cn5096,adjacency_build,compute,0.00457331999996,1,0,0,0,0,0,0,13,0,0,0,0,0,0,0,0,0,0,0
108,cn5096,vertex_numbering_local,compute,0.0113887909997,1,0,0,0,0,0,0,341,0,0,0,0,0,0,0,0,0,0,0
108,cn5096,vertex_count_allgather,communication,4.018330702,1,0,0,0,0,0,0,82,0,0,0,0,0,0,4,1,1,4,512
108,cn5096,element_count_allgather,communication,0.000930432000132,1,0,0,0,0,0,0,0,0,0,0,0,0,0,0,1,1,4,512
108,cn5096,vertex_exchange_prepare,compute,1.86400002349e-05,1,0,0,0,0,0,0,0,0,0,0,0,0,0,0,0,0,0,0
108,cn5096,vertex_exchange,communication,0.0138473839997,1,0,0,0,0,0,0,158,0,0,0,0,0,2,0,5,5,156728,47322
108,cn5096,vertex_exchange_unpack,compute,0.000708528999894,1,0,0,0,0,0,0,0,0,0,0,0,0,0,0,0,0,0,0
108,cn5096,partition_result_io,io,0,0,0,0,0,0,0,0,0,0,0,0,0,0,0,0,0,0,0,0
108,cn5096,volume_exchange_pack,compute,0.145929774,2,0,0,0,0,0,0,916,0,0,0,0,0,0,1,0,0,0,0
108,cn5096,volume_size_exchange,communication,0.0181548600003,1,0,0,0,0,0,0,0,0,0,0,0,0,0,0,5,5,20,20
108,cn5096,volume_payload_prepare,compute,0.00032940500023,1,0,0,0,0,0,0,102,0,0,0,0,0,0,0,0,0,0,0
108,cn5096,volume_payload_exchange,communication,0.0309505900004,1,0,0,0,0,0,0,288,0,0,0,0,0,0,0,5,5,2177640,2181960
108,cn5096,volume_exchange_unpack,compute,0.0990875520001,1,0,0,0,0,0,0,3285,0,0,0,0,0,0,0,0,0,0,0
108,cn5096,final_mesh_save,io,0,0,0,0,0,0,0,0,0,0,0,0,0,0,0,0,0,0,0,0
108,cn5096,testout_io,io,0,0,0,0,0,0,0,0,0,0,0,0,0,0,0,0,0,0,0,0
108,cn5096,final_count_exchange,communication,0,0,0,0,0,0,0,0,0,0,0,0,0,0,0,0,0,0,0,0
108,cn5096,quality_evaluation,postprocess,0,0,0,0,0,0,0,0,0,0,0,0,0,0,0,0,0,0,0,0
109,cn5097,geometry_load,io,1.995841391,1,0,0,0,0,0,0,5896,0,1035097,0,10428416,0,203,2,0,0,0,0
109,cn5097,coarse_local_size,setup,0.521809169,1,0,0,0,0,0,0,8430,0,0,0,0,0,212,31,0,0,0,0
109,cn5097,coarse_edge_mesh,setup,0.0146223460001,1,0,0,0,0,0,0,515,0,0,0,0,0,2,0,0,0,0,0
109,cn5097,coarse_surface_mesh,setup,8.541994391,1,0,0,0,0,0,0,15223,0,0,0,0,0,24,11,0,0,0,0
109,cn5097,coarse_volume_mesh,setup,13.376952249,1,0,0,0,0,0,0,27228,0,0,0,0,0,36720,1604629,0,0,0,0
109,cn5097,coarse_mesh_save,io,0,0,0,0,0,0,0,0,0,0,0,0,0,0,0,0,0,0,0,0
109,cn5097,submesh_initialization,setup,0.000196602999949,1,0,0,0,0,0,0,55,0,0,0,0,0,0,0,0,0,0,0
109,cn5097,metis_partition,compute,0.244828948,1,0,0,0,0,0,0,2078,0,0,0,0,0,0,0,0,0,0,0
109,cn5097,face_map_setup,compute,0.00762400699978,1,0,0,0,0,0,0,585,0,0,0,0,0,0,0,0,0,0,0
109,cn5097,face_local_extract,compute,0.159505347,1,0,0,0,0,0,0,916,0,0,0,0,0,0,0,0,0,0,0
109,cn5097,face_pre_collective_wait,synchronization,0.0248230500001,1,0,0,0,0,0,0,7,0,0,0,0,0,0,0,0,0,0,0
109,cn5097,face_collective_setup,compute,0.00317040499976,1,0,0,0,0,0,0,16,0,0,0,0,0,3,0,0,0,0,0
109,cn5097,face_allgatherv,communication,0.227040378,1,0,0,0,0,0,0,1150,0,0,0,0,0,1,0,1,1,37904,4859624
109,cn5097,face_global_merge,compute,0.079602801,1,0,0,0,0,0,0,413,0,0,0,0,0,0,0,0,0,0,0
109,cn5097,part_face_create,compute,0.0190969280002,1,0,0,0,0,0,0,18,0,0,0,0,0,0,0,0,0,0,0
109,cn5097,surface_refine,compute,0.00878872400017,1,0,0,0,0,0,0,47,0,0,0,0,0,0,0,0,0,0,0
109,cn5097,refined_surface_save,io,0,0,0,0,0,0,0,0,0,0,0,0,0,0,0,0,0,0,0,0
109,cn5097,local_volume_mesh,compute,6.805333531,1,0,0,0,0,0,0,3997,0,0,0,0,0,17237,642825,0,0,0,0
109,cn5097,volume_refine,compute,0.293637316,1,0,0,0,0,0,0,5238,0,0,0,0,0,0,0,0,0,0,0
109,cn5097,refined_volume_save,io,0,0,0,0,0,0,0,0,0,0,0,0,0,0,0,0,0,0,0,0
109,cn5097,adjacency_build,compute,0.00452130299982,1,0,0,0,0,0,0,12,0,0,0,0,0,0,0,0,0,0,0
109,cn5097,vertex_numbering_local,compute,0.0127497989997,1,0,0,0,0,0,0,6,0,0,0,0,0,0,0,0,0,0,0
109,cn5097,vertex_count_allgather,communication,4.798599326,1,0,0,0,0,0,0,47,0,0,0,0,0,0,5,1,1,4,512
109,cn5097,element_count_allgather,communication,0.000929852999889,1,0,0,0,0,0,0,0,0,0,0,0,0,0,0,1,1,4,512
109,cn5097,vertex_exchange_prepare,compute,2.17199999497e-05,1,0,0,0,0,0,0,0,0,0,0,0,0,0,0,0,0,0,0
109,cn5097,vertex_exchange,communication,0.0159028439998,1,0,0,0,0,0,0,565,0,0,0,0,0,2,0,7,5,176858,118184
109,cn5097,vertex_exchange_unpack,compute,0.00173520399994,1,0,0,0,0,0,0,0,0,0,0,0,0,0,0,0,0,0,0
109,cn5097,partition_result_io,io,0,0,0,0,0,0,0,0,0,0,0,0,0,0,0,0,0,0,0,0
109,cn5097,volume_exchange_pack,compute,0.128602131,2,0,0,0,0,0,0,2,0,0,0,0,0,0,0,0,0,0,0
109,cn5097,volume_size_exchange,communication,0.0630028270002,1,0,0,0,0,0,0,1,0,0,0,0,0,0,0,6,6,24,24
109,cn5097,volume_payload_prepare,compute,0.000228503000017,1,0,0,0,0,0,0,0,0,0,0,0,0,0,0,0,0,0,0
109,cn5097,volume_payload_exchange,communication,0.00218691100008,1,0,0,0,0,0,0,20,0,0,0,0,0,0,0,6,6,3159720,3168480
109,cn5097,volume_exchange_unpack,compute,0.157286755,1,0,0,0,0,0,0,3497,0,0,0,0,0,0,1,0,0,0,0
109,cn5097,final_mesh_save,io,0,0,0,0,0,0,0,0,0,0,0,0,0,0,0,0,0,0,0,0
109,cn5097,testout_io,io,0,0,0,0,0,0,0,0,0,0,0,0,0,0,0,0,0,0,0,0
109,cn5097,final_count_exchange,communication,0,0,0,0,0,0,0,0,0,0,0,0,0,0,0,0,0,0,0,0
109,cn5097,quality_evaluation,postprocess,0,0,0,0,0,0,0,0,0,0,0,0,0,0,0,0,0,0,0,0
110,cn5098,geometry_load,io,2.06182845,1,0,0,0,0,0,0,5894,0,1035097,0,10428416,0,203,2,0,0,0,0
110,cn5098,coarse_local_size,setup,0.579285951,1,0,0,0,0,0,0,8549,0,0,0,0,0,230,30,0,0,0,0
110,cn5098,coarse_edge_mesh,setup,0.014470009,1,0,0,0,0,0,0,487,0,0,0,0,0,2,0,0,0,0,0
110,cn5098,coarse_surface_mesh,setup,8.732070425,1,0,0,0,0,0,0,17215,0,0,0,0,0,24,9,0,0,0,0
110,cn5098,coarse_volume_mesh,setup,13.493609844,1,0,0,0,0,0,0,28617,0,0,0,0,0,37382,1616519,0,0,0,0
110,cn5098,coarse_mesh_save,io,0,0,0,0,0,0,0,0,0,0,0,0,0,0,0,0,0,0,0,0
110,cn5098,submesh_initialization,setup,0.00013238099973,1,0,0,0,0,0,0,1,0,0,0,0,0,0,0,0,0,0,0
110,cn5098,metis_partition,compute,0.252647682,1,0,0,0,0,0,0,973,0,0,0,0,0,0,1,0,0,0,0
110,cn5098,face_map_setup,compute,0.00726166499999,1,0,0,0,0,0,0,219,0,0,0,0,0,0,0,0,0,0,0
110,cn5098,face_local_extract,compute,0.160577962,1,0,0,0,0,0,0,652,0,0,0,0,0,0,0,0,0,0,0
110,cn5098,face_pre_collective_wait,synchronization,0.0164674130001,1,0,0,0,0,0,0,1,0,0,0,0,0,0,0,0,0,0,0
110,cn5098,face_collective_setup,compute,0.00285783300023,1,0,0,0,0,0,0,16,0,0,0,0,0,3,0,0,0,0,0
110,cn5098,face_allgatherv,communication,0.227267044,1,0,0,0,0,0,0,637,0,0,0,0,0,1,0,1,1,37904,4859624
110,cn5098,face_global_merge,compute,0.0798115160001,1,0,0,0,0,0,0,348,0,0,0,0,0,0,0,0,0,0,0
110,cn5098,part_face_create,compute,0.0189869219998,1,0,0,0,0,0,0,3,0,0,0,0,0,0,0,0,0,0,0
110,cn5098,surface_refine,compute,0.0103710020003,1,0,0,0,0,0,0,49,0,0,0,0,0,0,0,0,0,0,0
110,cn5098,refined_surface_save,io,0,0,0,0,0,0,0,0,0,0,0,0,0,0,0,0,0,0,0,0
110,cn5098,local_volume_mesh,compute,9.133666152,1,0,0,0,0,0,0,5336,0,0,0,0,0,11775,723665,0,0,0,0
110,cn5098,volume_refine,compute,0.500667789,1,0,0,0,0,0,0,5640,0,0,0,0,0,0,1,0,0,0,0
110,cn5098,refined_volume_save,io,0,0,0,0,0,0,0,0,0,0,0,0,0,0,0,0,0,0,0,0
110,cn5098,adjacency_build,compute,0.0041769290001,1,0,0,0,0,0,0,0,0,0,0,0,0,0,0,0,0,0,0
110,cn5098,vertex_numbering_local,compute,0.0118216790001,1,0,0,0,0,0,0,3,0,0,0,0,0,0,0,0,0,0,0
110,cn5098,vertex_count_allgather,communication,2.262843167,1,0,0,0,0,0,0,79,0,0,0,0,0,0,2,1,1,4,512
110,cn5098,element_count_allgather,communication,0.000768868999785,1,0,0,0,0,0,0,4,0,0,0,0,0,0,0,1,1,4,512
110,cn5098,vertex_exchange_prepare,compute,9.70410001173e-05,1,0,0,0,0,0,0,36,0,0,0,0,0,0,0,0,0,0,0
110,cn5098,vertex_exchange,communication,0.013737361,1,0,0,0,0,0,0,103,0,0,0,0,0,2,0,3,5,86152,121792
110,cn5098,vertex_exchange_unpack,compute,0.00216040499981,1,0,0,0,0,0,0,451,0,0,0,0,0,0,0,0,0,0,0
110,cn5098,partition_result_io,io,0,0,0,0,0,0,0,0,0,0,0,0,0,0,0,0,0,0,0,0
110,cn5098,volume_exchange_pack,compute,0.191449704,2,0,0,0,0,0,0,1751,0,0,0,0,0,0,0,0,0,0,0
110,cn5098,volume_size_exchange,communication,4.1560000227e-05,1,0,0,0,0,0,0,0,0,0,0,0,0,0,0,6,6,24,24
110,cn5098,volume_payload_prepare,compute,0.000336823999987,1,0,0,0,0,0,0,102,0,0,0,0,0,0,0,0,0,0,0
110,cn5098,volume_payload_exchange,communication,0.00234782799998,1,0,0,0,0,0,0,333,0,0,0,0,0,0,0,6,6,2193840,2195160
110,cn5098,volume_exchange_unpack,compute,0.14154084,1,0,0,0,0,0,0,5228,0,0,0,0,0,0,0,0,0,0,0
110,cn5098,final_mesh_save,io,0,0,0,0,0,0,0,0,0,0,0,0,0,0,0,0,0,0,0,0
110,cn5098,testout_io,io,0,0,0,0,0,0,0,0,0,0,0,0,0,0,0,0,0,0,0,0
110,cn5098,final_count_exchange,communication,0,0,0,0,0,0,0,0,0,0,0,0,0,0,0,0,0,0,0,0
110,cn5098,quality_evaluation,postprocess,0,0,0,0,0,0,0,0,0,0,0,0,0,0,0,0,0,0,0,0
111,cn5099,geometry_load,io,3.792520872,1,0,0,0,0,0,0,5896,0,1035097,0,10428416,0,203,3,0,0,0,0
111,cn5099,coarse_local_size,setup,0.535730924,1,0,0,0,0,0,0,8494,0,0,0,0,0,193,32,0,0,0,0
111,cn5099,coarse_edge_mesh,setup,0.0147329500001,1,0,0,0,0,0,0,527,0,0,0,0,0,2,0,0,0,0,0
111,cn5099,coarse_surface_mesh,setup,8.640551027,1,0,0,0,0,0,0,14670,0,0,0,0,0,24,11,0,0,0,0
111,cn5099,coarse_volume_mesh,setup,13.472676598,1,0,0,0,0,0,0,27171,0,0,0,0,0,37574,1598078,0,0,0,0
111,cn5099,coarse_mesh_save,io,0,0,0,0,0,0,0,0,0,0,0,0,0,0,0,0,0,0,0,0
111,cn5099,submesh_initialization,setup,0.000157861999924,1,0,0,0,0,0,0,19,0,0,0,0,0,0,0,0,0,0,0
111,cn5099,metis_partition,compute,0.232768627,1,0,0,0,0,0,0,943,0,0,0,0,0,0,0,0,0,0,0
111,cn5099,face_map_setup,compute,0.0072359439996,1,0,0,0,0,0,0,464,0,0,0,0,0,0,0,0,0,0,0
111,cn5099,face_local_extract,compute,0.162902941,1,0,0,0,0,0,0,739,0,0,0,0,0,0,0,0,0,0,0
111,cn5099,face_pre_collective_wait,synchronization,0.033947072,1,0,0,0,0,0,0,16,0,0,0,0,0,0,0,0,0,0,0
111,cn5099,face_collective_setup,compute,0.00329845800024,1,0,0,0,0,0,0,13,0,0,0,0,0,3,0,0,0,0,0
111,cn5099,face_allgatherv,communication,0.226733057,1,0,0,0,0,0,0,858,0,0,0,0,0,1,0,1,1,37904,4859624
111,cn5099,face_global_merge,compute,0.0776876570003,1,0,0,0,0,0,0,246,0,0,0,0,0,0,1,0,0,0,0
111,cn5099,part_face_create,compute,0.0183898119999,1,0,0,0,0,0,0,23,0,0,0,0,0,0,0,0,0,0,0
111,cn5099,surface_refine,compute,0.00863067899991,1,0,0,0,0,0,0,14,0,0,0,0,0,0,0,0,0,0,0
111,cn5099,refined_surface_save,io,0,0,0,0,0,0,0,0,0,0,0,0,0,0,0,0,0,0,0,0
111,cn5099,local_volume_mesh,compute,7.7614505,1,0,0,0,0,0,0,2855,0,0,0,0,0,12624,640516,0,0,0,0
111,cn5099,volume_refine,compute,0.376441244,1,0,0,0,0,0,0,6979,0,0,0,0,0,0,1,0,0,0,0
111,cn5099,refined_volume_save,io,0,0,0,0,0,0,0,0,0,0,0,0,0,0,0,0,0,0,0,0
111,cn5099,adjacency_build,compute,0.00426662899963,1,0,0,0,0,0,0,7,0,0,0,0,0,0,0,0,0,0,0
111,cn5099,vertex_numbering_local,compute,0.012044739,1,0,0,0,0,0,0,330,0,0,0,0,0,0,0,0,0,0,0
111,cn5099,vertex_count_allgather,communication,3.76370856,1,0,0,0,0,0,0,64,0,0,0,0,0,0,3,1,1,4,512
111,cn5099,element_count_allgather,communication,0.000592165999933,1,0,0,0,0,0,0,0,0,0,0,0,0,0,0,1,1,4,512
111,cn5099,vertex_exchange_prepare,compute,0.000123241999972,1,0,0,0,0,0,0,33,0,0,0,0,0,0,0,0,0,0,0
111,cn5099,vertex_exchange,communication,0.014575188,1,0,0,0,0,0,0,38,0,0,0,0,0,2,0,3,4,79728,149028
111,cn5099,vertex_exchange_unpack,compute,0.00203318400008,1,0,0,0,0,0,0,0,0,0,0,0,0,0,0,0,0,0,0
111,cn5099,partition_result_io,io,0,0,0,0,0,0,0,0,0,0,0,0,0,0,0,0,0,0,0,0
111,cn5099,volume_exchange_pack,compute,0.151493789,2,0,0,0,0,0,0,854,0,0,0,0,0,0,1,0,0,0,0
111,cn5099,volume_size_exchange,communication,0.0401698840001,1,0,0,0,0,0,0,1,0,0,0,0,0,0,0,4,4,16,16
111,cn5099,volume_payload_prepare,compute,0.000365203999991,1,0,0,0,0,0,0,136,0,0,0,0,0,0,0,0,0,0,0
111,cn5099,volume_payload_exchange,communication,0.00204840399965,1,0,0,0,0,0,0,466,0,0,0,0,0,0,0,4,4,2446680,2451000
111,cn5099,volume_exchange_unpack,compute,0.103751938,1,0,0,0,0,0,0,3260,0,0,0,0,0,0,0,0,0,0,0
111,cn5099,final_mesh_save,io,0,0,0,0,0,0,0,0,0,0,0,0,0,0,0,0,0,0,0,0
111,cn5099,testout_io,io,0,0,0,0,0,0,0,0,0,0,0,0,0,0,0,0,0,0,0,0
111,cn5099,final_count_exchange,communication,0,0,0,0,0,0,0,0,0,0,0,0,0,0,0,0,0,0,0,0
111,cn5099,quality_evaluation,postprocess,0,0,0,0,0,0,0,0,0,0,0,0,0,0,0,0,0,0,0,0
112,cn5100,geometry_load,io,2.021092408,1,0,0,0,0,0,0,5895,0,1035097,0,10428416,0,203,2,0,0,0,0
112,cn5100,coarse_local_size,setup,0.536985826,1,0,0,0,0,0,0,8013,0,0,0,0,0,255,34,0,0,0,0
112,cn5100,coarse_edge_mesh,setup,0.014278744,1,0,0,0,0,0,0,507,0,0,0,0,0,2,0,0,0,0,0
112,cn5100,coarse_surface_mesh,setup,8.438762307,1,0,0,0,0,0,0,17182,0,0,0,0,0,24,12,0,0,0,0
112,cn5100,coarse_volume_mesh,setup,13.588411957,1,0,0,0,0,0,0,29551,0,0,0,0,0,41047,1700543,0,0,0,0
112,cn5100,coarse_mesh_save,io,0,0,0,0,0,0,0,0,0,0,0,0,0,0,0,0,0,0,0,0
112,cn5100,submesh_initialization,setup,0.000191882999843,1,0,0,0,0,0,0,55,0,0,0,0,0,0,0,0,0,0,0
112,cn5100,metis_partition,compute,0.246494208,1,0,0,0,0,0,0,1957,0,0,0,0,0,0,1,0,0,0,0
112,cn5100,face_map_setup,compute,0.00773327100023,1,0,0,0,0,0,0,572,0,0,0,0,0,0,0,0,0,0,0
112,cn5100,face_local_extract,compute,0.160045131,1,0,0,0,0,0,0,910,0,0,0,0,0,0,0,0,0,0,0
112,cn5100,face_pre_collective_wait,synchronization,0.0224804219997,1,0,0,0,0,0,0,5,0,0,0,0,0,0,0,0,0,0,0
112,cn5100,face_collective_setup,compute,0.00324920599996,1,0,0,0,0,0,0,16,0,0,0,0,0,3,0,0,0,0,0
112,cn5100,face_allgatherv,communication,0.226667784,1,0,0,0,0,0,0,723,0,0,0,0,0,1,0,1,1,37904,4859624
112,cn5100,face_global_merge,compute,0.0804008300001,1,0,0,0,0,0,0,595,0,0,0,0,0,0,0,0,0,0,0
112,cn5100,part_face_create,compute,0.0190017119999,1,0,0,0,0,0,0,17,0,0,0,0,0,0,0,0,0,0,0
112,cn5100,surface_refine,compute,0.00737012500031,1,0,0,0,0,0,0,37,0,0,0,0,0,0,0,0,0,0,0
112,cn5100,refined_surface_save,io,0,0,0,0,0,0,0,0,0,0,0,0,0,0,0,0,0,0,0,0
112,cn5100,local_volume_mesh,compute,7.104636091,1,0,0,0,0,0,0,3292,0,0,0,0,0,5603,326574,0,0,0,0
112,cn5100,volume_refine,compute,0.336323214,1,0,0,0,0,0,0,4868,0,0,0,0,0,0,1,0,0,0,0
112,cn5100,refined_volume_save,io,0,0,0,0,0,0,0,0,0,0,0,0,0,0,0,0,0,0,0,0
112,cn5100,adjacency_build,compute,0.00446112300006,1,0,0,0,0,0,0,10,0,0,0,0,0,0,0,0,0,0,0
112,cn5100,vertex_numbering_local,compute,0.0097165989996,1,0,0,0,0,0,0,4,0,0,0,0,0,0,0,0,0,0,0
112,cn5100,vertex_count_allgather,communication,4.46084723,1,0,0,0,0,0,0,138,0,0,0,0,0,0,8,1,1,4,512
112,cn5100,element_count_allgather,communication,0.000884412000232,1,0,0,0,0,0,0,11,0,0,0,0,0,0,0,1,1,4,512
112,cn5100,vertex_exchange_prepare,compute,3.90610002796e-05,1,0,0,0,0,0,0,20,0,0,0,0,0,0,0,0,0,0,0
112,cn5100,vertex_exchange,communication,0.0164422359999,1,0,0,0,0,0,0,684,0,0,0,0,0,2,0,7,4,206008,3542
112,cn5100,vertex_exchange_unpack,compute,0.000286863999918,1,0,0,0,0,0,0,189,0,0,0,0,0,0,0,0,0,0,0
112,cn5100,partition_result_io,io,0,0,0,0,0,0,0,0,0,0,0,0,0,0,0,0,0,0,0,0
112,cn5100,volume_exchange_pack,compute,0.126330869,2,0,0,0,0,0,0,1601,0,0,0,0,0,0,0,0,0,0,0
112,cn5100,volume_size_exchange,communication,0.0595218520002,1,0,0,0,0,0,0,0,0,0,0,0,0,0,0,7,7,28,28
112,cn5100,volume_payload_prepare,compute,0.000270603999979,1,0,0,0,0,0,0,95,0,0,0,0,0,0,0,0,0,0,0
112,cn5100,volume_payload_exchange,communication,0.00633358999994,1,0,0,0,0,0,0,30,0,0,0,0,0,0,0,7,7,2240880,2237880
112,cn5100,volume_exchange_unpack,compute,0.0921913390002,1,0,0,0,0,0,0,2921,0,0,0,0,0,0,0,0,0,0,0
112,cn5100,final_mesh_save,io,0,0,0,0,0,0,0,0,0,0,0,0,0,0,0,0,0,0,0,0
112,cn5100,testout_io,io,0,0,0,0,0,0,0,0,0,0,0,0,0,0,0,0,0,0,0,0
112,cn5100,final_count_exchange,communication,0,0,0,0,0,0,0,0,0,0,0,0,0,0,0,0,0,0,0,0
112,cn5100,quality_evaluation,postprocess,0,0,0,0,0,0,0,0,0,0,0,0,0,0,0,0,0,0,0,0
113,cn5101,geometry_load,io,2.016616359,1,0,0,0,0,0,0,5895,0,1035097,0,10428416,0,203,5,0,0,0,0
113,cn5101,coarse_local_size,setup,0.528594421,1,0,0,0,0,0,0,8570,0,0,0,0,0,229,30,0,0,0,0
113,cn5101,coarse_edge_mesh,setup,0.0142931669998,1,0,0,0,0,0,0,515,0,0,0,0,0,2,0,0,0,0,0
113,cn5101,coarse_surface_mesh,setup,8.485927497,1,0,0,0,0,0,0,17212,0,0,0,0,0,24,10,0,0,0,0
113,cn5101,coarse_volume_mesh,setup,13.520535083,1,0,0,0,0,0,0,27878,0,0,0,0,0,38449,1656843,0,0,0,0
113,cn5101,coarse_mesh_save,io,0,0,0,0,0,0,0,0,0,0,0,0,0,0,0,0,0,0,0,0
113,cn5101,submesh_initialization,setup,0.000138002000313,1,0,0,0,0,0,0,7,0,0,0,0,0,0,0,0,0,0,0
113,cn5101,metis_partition,compute,0.228752124,1,0,0,0,0,0,0,419,0,0,0,0,0,0,0,0,0,0,0
113,cn5101,face_map_setup,compute,0.00713068300001,1,0,0,0,0,0,0,294,0,0,0,0,0,0,0,0,0,0,0
113,cn5101,face_local_extract,compute,0.158760202,1,0,0,0,0,0,0,198,0,0,0,0,0,0,1,0,0,0,0
113,cn5101,face_pre_collective_wait,synchronization,0.0422598159998,1,0,0,0,0,0,0,9,0,0,0,0,0,0,0,0,0,0,0
113,cn5101,face_collective_setup,compute,0.00331667899991,1,0,0,0,0,0,0,16,0,0,0,0,0,3,0,0,0,0,0
113,cn5101,face_allgatherv,communication,0.226496097,1,0,0,0,0,0,0,640,0,0,0,0,0,1,0,1,1,37904,4859624
113,cn5101,face_global_merge,compute,0.0744047929998,1,0,0,0,0,0,0,102,0,0,0,0,0,0,0,0,0,0,0
113,cn5101,part_face_create,compute,0.0179149099999,1,0,0,0,0,0,0,3,0,0,0,0,0,0,0,0,0,0,0
113,cn5101,surface_refine,compute,0.00864196200018,1,0,0,0,0,0,0,43,0,0,0,0,0,0,0,0,0,0,0
113,cn5101,refined_surface_save,io,0,0,0,0,0,0,0,0,0,0,0,0,0,0,0,0,0,0,0,0
113,cn5101,local_volume_mesh,compute,7.657735621,1,0,0,0,0,0,0,2414,0,0,0,0,0,8604,460256,0,0,0,0
113,cn5101,volume_refine,compute,0.370961432,1,0,0,0,0,0,0,4221,0,0,0,0,0,0,0,0,0,0,0
113,cn5101,refined_volume_save,io,0,0,0,0,0,0,0,0,0,0,0,0,0,0,0,0,0,0,0,0
113,cn5101,adjacency_build,compute,0.00437019099991,1,0,0,0,0,0,0,6,0,0,0,0,0,0,0,0,0,0,0
113,cn5101,vertex_numbering_local,compute,0.0147352529998,1,0,0,0,0,0,0,489,0,0,0,0,0,0,0,0,0,0,0
113,cn5101,vertex_count_allgather,communication,3.874343913,1,0,0,0,0,0,0,81,0,0,0,0,0,0,4,1,1,4,512
113,cn5101,element_count_allgather,communication,0.000876110000263,1,0,0,0,0,0,0,1,0,0,0,0,0,0,0,1,1,4,512
113,cn5101,vertex_exchange_prepare,compute,9.16419999157e-05,1,0,0,0,0,0,0,27,0,0,0,0,0,0,0,0,0,0,0
113,cn5101,vertex_exchange,communication,0.0221056589999,1,0,0,0,0,0,0,633,0,0,0,0,0,2,0,9,7,215600,102982
113,cn5101,vertex_exchange_unpack,compute,0.00141343599989,1,0,0,0,0,0,0,0,0,0,0,0,0,0,0,0,0,0,0
113,cn5101,partition_result_io,io,0,0,0,0,0,0,0,0,0,0,0,0,0,0,0,0,0,0,0,0
113,cn5101,volume_exchange_pack,compute,0.178154251,2,0,0,0,0,0,0,1278,0,0,0,0,0,0,0,0,0,0,0
113,cn5101,volume_size_exchange,communication,4.59600000795e-05,1,0,0,0,0,0,0,0,0,0,0,0,0,0,0,9,9,36,36
113,cn5101,volume_payload_prepare,compute,0.000478985999962,1,0,0,0,0,0,0,136,0,0,0,0,0,0,0,0,0,0,0
113,cn5101,volume_payload_exchange,communication,0.00609999200014,1,0,0,0,0,0,0,439,0,0,0,0,0,0,0,9,9,3414360,3411720
113,cn5101,volume_exchange_unpack,compute,0.131597364,1,0,0,0,0,0,0,3880,0,0,0,0,0,0,0,0,0,0,0
113,cn5101,final_mesh_save,io,0,0,0,0,0,0,0,0,0,0,0,0,0,0,0,0,0,0,0,0
113,cn5101,testout_io,io,0,0,0,0,0,0,0,0,0,0,0,0,0,0,0,0,0,0,0,0
113,cn5101,final_count_exchange,communication,0,0,0,0,0,0,0,0,0,0,0,0,0,0,0,0,0,0,0,0
113,cn5101,quality_evaluation,postprocess,0,0,0,0,0,0,0,0,0,0,0,0,0,0,0,0,0,0,0,0
114,cn5102,geometry_load,io,1.98691405,1,0,0,0,0,0,0,5896,0,1035097,0,10428416,0,203,18,0,0,0,0
114,cn5102,coarse_local_size,setup,0.519132827,1,0,0,0,0,0,0,8652,0,0,0,0,0,189,30,0,0,0,0
114,cn5102,coarse_edge_mesh,setup,0.0146610830002,1,0,0,0,0,0,0,491,0,0,0,0,0,2,0,0,0,0,0
114,cn5102,coarse_surface_mesh,setup,8.423489507,1,0,0,0,0,0,0,15259,0,0,0,0,0,24,74,0,0,0,0
114,cn5102,coarse_volume_mesh,setup,13.461103598,1,0,0,0,0,0,0,28171,0,0,0,0,0,38913,1634744,0,0,0,0
114,cn5102,coarse_mesh_save,io,0,0,0,0,0,0,0,0,0,0,0,0,0,0,0,0,0,0,0,0
114,cn5102,submesh_initialization,setup,0.000192682000034,1,0,0,0,0,0,0,57,0,0,0,0,0,0,0,0,0,0,0
114,cn5102,metis_partition,compute,0.249467187,1,0,0,0,0,0,0,2265,0,0,0,0,0,0,2,0,0,0,0
114,cn5102,face_map_setup,compute,0.0077440959999,1,0,0,0,0,0,0,562,0,0,0,0,0,0,0,0,0,0,0
114,cn5102,face_local_extract,compute,0.161769935,1,0,0,0,0,0,0,793,0,0,0,0,0,0,2,0,0,0,0
114,cn5102,face_pre_collective_wait,synchronization,0.0177869610002,1,0,0,0,0,0,0,5,0,0,0,0,0,0,0,0,0,0,0
114,cn5102,face_collective_setup,compute,0.00328692099993,1,0,0,0,0,0,0,16,0,0,0,0,0,3,0,0,0,0,0
114,cn5102,face_allgatherv,communication,0.226500122,1,0,0,0,0,0,0,711,0,0,0,0,0,1,1,1,1,37904,4859624
114,cn5102,face_global_merge,compute,0.0793810690002,1,0,0,0,0,0,0,497,0,0,0,0,0,0,1,0,0,0,0
114,cn5102,part_face_create,compute,0.0191824190001,1,0,0,0,0,0,0,17,0,0,0,0,0,0,0,0,0,0,0
114,cn5102,surface_refine,compute,0.00960641899974,1,0,0,0,0,0,0,49,0,0,0,0,0,0,0,0,0,0,0
114,cn5102,refined_surface_save,io,0,0,0,0,0,0,0,0,0,0,0,0,0,0,0,0,0,0,0,0
114,cn5102,local_volume_mesh,compute,8.368993008,1,0,0,0,0,0,0,4685,0,0,0,0,0,19124,858003,0,0,0,0
114,cn5102,volume_refine,compute,0.407328734,1,0,0,0,0,0,0,6435,0,0,0,0,0,0,3,0,0,0,0
114,cn5102,refined_volume_save,io,0,0,0,0,0,0,0,0,0,0,0,0,0,0,0,0,0,0,0,0
114,cn5102,adjacency_build,compute,0.00450803600006,1,0,0,0,0,0,0,12,0,0,0,0,0,0,0,0,0,0,0
114,cn5102,vertex_numbering_local,compute,0.00909235400013,1,0,0,0,0,0,0,41,0,0,0,0,0,0,0,0,0,0,0
114,cn5102,vertex_count_allgather,communication,3.124839964,1,0,0,0,0,0,0,79,0,0,0,0,0,0,27,1,1,4,512
114,cn5102,element_count_allgather,communication,0.000936691999868,1,0,0,0,0,0,0,1,0,0,0,0,0,0,0,1,1,4,512
114,cn5102,vertex_exchange_prepare,compute,5.26409999111e-05,1,0,0,0,0,0,0,13,0,0,0,0,0,0,0,0,0,0,0
114,cn5102,vertex_exchange,communication,0.0130436220002,1,0,0,0,0,0,0,22,0,0,0,0,0,2,0,6,6,61226,51172
114,cn5102,vertex_exchange_unpack,compute,0.000779308999881,1,0,0,0,0,0,0,0,0,0,0,0,0,0,0,0,0,0,0
114,cn5102,partition_result_io,io,0,0,0,0,0,0,0,0,0,0,0,0,0,0,0,0,0,0,0,0
114,cn5102,volume_exchange_pack,compute,0.115047414,2,0,0,0,0,0,0,477,0,0,0,0,0,0,2,0,0,0,0
114,cn5102,volume_size_exchange,communication,0.0729559880001,1,0,0,0,0,0,0,7,0,0,0,0,0,0,1,7,7,28,28
114,cn5102,volume_payload_prepare,compute,0.000240543000018,1,0,0,0,0,0,0,68,0,0,0,0,0,0,0,0,0,0,0
114,cn5102,volume_payload_exchange,communication,0.00773637599968,1,0,0,0,0,0,0,186,0,0,0,0,0,0,0,7,7,1181160,1177560
114,cn5102,volume_exchange_unpack,compute,0.0834779000002,1,0,0,0,0,0,0,3474,0,0,0,0,0,0,0,0,0,0,0
114,cn5102,final_mesh_save,io,0,0,0,0,0,0,0,0,0,0,0,0,0,0,0,0,0,0,0,0
114,cn5102,testout_io,io,0,0,0,0,0,0,0,0,0,0,0,0,0,0,0,0,0,0,0,0
114,cn5102,final_count_exchange,communication,0,0,0,0,0,0,0,0,0,0,0,0,0,0,0,0,0,0,0,0
114,cn5102,quality_evaluation,postprocess,0,0,0,0,0,0,0,0,0,0,0,0,0,0,0,0,0,0,0,0
115,cn5103,geometry_load,io,2.007832561,1,0,0,0,0,0,0,5896,0,1035097,0,10428416,0,203,2,0,0,0,0
115,cn5103,coarse_local_size,setup,0.528991066,1,0,0,0,0,0,0,8503,0,0,0,0,0,222,30,0,0,0,0
115,cn5103,coarse_edge_mesh,setup,0.0145501120001,1,0,0,0,0,0,0,505,0,0,0,0,0,2,0,0,0,0,0
115,cn5103,coarse_surface_mesh,setup,8.618279035,1,0,0,0,0,0,0,17139,0,0,0,0,0,24,9,0,0,0,0
115,cn5103,coarse_volume_mesh,setup,13.399640481,1,0,0,0,0,0,0,27994,0,0,0,0,0,36533,1652023,0,0,0,0
115,cn5103,coarse_mesh_save,io,0,0,0,0,0,0,0,0,0,0,0,0,0,0,0,0,0,0,0,0
115,cn5103,submesh_initialization,setup,0.000188942000023,1,0,0,0,0,0,0,56,0,0,0,0,0,0,0,0,0,0,0
115,cn5103,metis_partition,compute,0.249704889,1,0,0,0,0,0,0,1670,0,0,0,0,0,0,0,0,0,0,0
115,cn5103,face_map_setup,compute,0.00743245800004,1,0,0,0,0,0,0,498,0,0,0,0,0,0,0,0,0,0,0
115,cn5103,face_local_extract,compute,0.15872491,1,0,0,0,0,0,0,891,0,0,0,0,0,0,1,0,0,0,0
115,cn5103,face_pre_collective_wait,synchronization,0.0208950349997,1,0,0,0,0,0,0,8,0,0,0,0,0,0,0,0,0,0,0
115,cn5103,face_collective_setup,compute,0.00329620399998,1,0,0,0,0,0,0,16,0,0,0,0,0,3,0,0,0,0,0
115,cn5103,face_allgatherv,communication,0.226382381,1,0,0,0,0,0,0,689,0,0,0,0,0,1,0,1,1,37904,4859624
115,cn5103,face_global_merge,compute,0.0793103450001,1,0,0,0,0,0,0,517,0,0,0,0,0,0,0,0,0,0,0
115,cn5103,part_face_create,compute,0.0191118110001,1,0,0,0,0,0,0,19,0,0,0,0,0,0,0,0,0,0,0
115,cn5103,surface_refine,compute,0.00726689599969,1,0,0,0,0,0,0,40,0,0,0,0,0,0,0,0,0,0,0
115,cn5103,refined_surface_save,io,0,0,0,0,0,0,0,0,0,0,0,0,0,0,0,0,0,0,0,0
115,cn5103,local_volume_mesh,compute,7.095497862,1,0,0,0,0,0,0,2774,0,0,0,0,0,7584,361337,0,0,0,0
115,cn5103,volume_refine,compute,0.326194116,1,0,0,0,0,0,0,5049,0,0,0,0,0,0,0,0,0,0,0
115,cn5103,refined_volume_save,io,0,0,0,0,0,0,0,0,0,0,0,0,0,0,0,0,0,0,0,0
115,cn5103,adjacency_build,compute,0.00445697900022,1,0,0,0,0,0,0,6,0,0,0,0,0,0,0,0,0,0,0
115,cn5103,vertex_numbering_local,compute,0.00921942100013,1,0,0,0,0,0,0,2,0,0,0,0,0,0,0,0,0,0,0
115,cn5103,vertex_count_allgather,communication,4.48174622,1,0,0,0,0,0,0,38,0,0,0,0,0,0,5,1,1,4,512
115,cn5103,element_count_allgather,communication,0.000957573000051,1,0,0,0,0,0,0,0,0,0,0,0,0,0,0,1,1,4,512
115,cn5103,vertex_exchange_prepare,compute,2.78600000456e-05,1,0,0,0,0,0,0,0,0,0,0,0,0,0,0,0,0,0,0
115,cn5103,vertex_exchange,communication,0.0153099419999,1,0,0,0,0,0,0,28,0,0,0,0,0,2,0,4,4,59796,158268
115,cn5103,vertex_exchange_unpack,compute,0.00227632999986,1,0,0,0,0,0,0,0,0,0,0,0,0,0,0,0,0,0,0
115,cn5103,partition_result_io,io,0,0,0,0,0,0,0,0,0,0,0,0,0,0,0,0,0,0,0,0
115,cn5103,volume_exchange_pack,compute,0.121106336,2,0,0,0,0,0,0,2,0,0,0,0,0,0,0,0,0,0,0
115,cn5103,volume_size_exchange,communication,0.0641319040001,1,0,0,0,0,0,0,6,0,0,0,0,0,0,0,5,5,20,20
115,cn5103,volume_payload_prepare,compute,0.000169483000263,1,0,0,0,0,0,0,0,0,0,0,0,0,0,0,0,0,0,0
115,cn5103,volume_payload_exchange,communication,0.00333190399988,1,0,0,0,0,0,0,4,0,0,0,0,0,0,0,5,5,2335920,2324520
115,cn5103,volume_exchange_unpack,compute,0.0910341589997,1,0,0,0,0,0,0,2678,0,0,0,0,0,0,0,0,0,0,0
115,cn5103,final_mesh_save,io,0,0,0,0,0,0,0,0,0,0,0,0,0,0,0,0,0,0,0,0
115,cn5103,testout_io,io,0,0,0,0,0,0,0,0,0,0,0,0,0,0,0,0,0,0,0,0
115,cn5103,final_count_exchange,communication,0,0,0,0,0,0,0,0,0,0,0,0,0,0,0,0,0,0,0,0
115,cn5103,quality_evaluation,postprocess,0,0,0,0,0,0,0,0,0,0,0,0,0,0,0,0,0,0,0,0
116,cn5104,geometry_load,io,4.484385495,1,0,0,0,0,0,0,5896,0,1035097,0,10428416,0,203,3,0,0,0,0
116,cn5104,coarse_local_size,setup,0.520408035,1,0,0,0,0,0,0,8540,0,0,0,0,0,221,30,0,0,0,0
116,cn5104,coarse_edge_mesh,setup,0.0147988909998,1,0,0,0,0,0,0,515,0,0,0,0,0,2,0,0,0,0,0
116,cn5104,coarse_surface_mesh,setup,8.585963864,1,0,0,0,0,0,0,17152,0,0,0,0,0,24,13,0,0,0,0
116,cn5104,coarse_volume_mesh,setup,13.507330968,1,0,0,0,0,0,0,29148,0,0,0,0,0,41275,1623236,0,0,0,0
116,cn5104,coarse_mesh_save,io,0,0,0,0,0,0,0,0,0,0,0,0,0,0,0,0,0,0,0,0
116,cn5104,submesh_initialization,setup,0.000154182000188,1,0,0,0,0,0,0,13,0,0,0,0,0,0,0,0,0,0,0
116,cn5104,metis_partition,compute,0.245236237,1,0,0,0,0,0,0,1670,0,0,0,0,0,0,0,0,0,0,0
116,cn5104,face_map_setup,compute,0.00770014999989,1,0,0,0,0,0,0,574,0,0,0,0,0,0,0,0,0,0,0
116,cn5104,face_local_extract,compute,0.157526439,1,0,0,0,0,0,0,792,0,0,0,0,0,0,0,0,0,0,0
116,cn5104,face_pre_collective_wait,synchronization,0.0263937179998,1,0,0,0,0,0,0,1,0,0,0,0,0,0,0,0,0,0,0
116,cn5104,face_collective_setup,compute,0.00309818400001,1,0,0,0,0,0,0,17,0,0,0,0,0,3,0,0,0,0,0
116,cn5104,face_allgatherv,communication,0.226529429,1,0,0,0,0,0,0,1146,0,0,0,0,0,1,1,1,1,37904,4859624
116,cn5104,face_global_merge,compute,0.0798595649999,1,0,0,0,0,0,0,529,0,0,0,0,0,0,0,0,0,0,0
116,cn5104,part_face_create,compute,0.0190420129998,1,0,0,0,0,0,0,3,0,0,0,0,0,0,0,0,0,0,0
116,cn5104,surface_refine,compute,0.00774189100002,1,0,0,0,0,0,0,42,0,0,0,0,0,0,0,0,0,0,0
116,cn5104,refined_surface_save,io,0,0,0,0,0,0,0,0,0,0,0,0,0,0,0,0,0,0,0,0
116,cn5104,local_volume_mesh,compute,7.408797549,1,0,0,0,0,0,0,3788,0,0,0,0,0,6101,416343,0,0,0,0
116,cn5104,volume_refine,compute,0.369407537,1,0,0,0,0,0,0,5728,0,0,0,0,0,0,0,0,0,0,0
116,cn5104,refined_volume_save,io,0,0,0,0,0,0,0,0,0,0,0,0,0,0,0,0,0,0,0,0
116,cn5104,adjacency_build,compute,0.00443366399986,1,0,0,0,0,0,0,9,0,0,0,0,0,0,0,0,0,0,0
116,cn5104,vertex_numbering_local,compute,0.00966267800004,1,0,0,0,0,0,0,6,0,0,0,0,0,0,0,0,0,0,0
116,cn5104,vertex_count_allgather,communication,4.123747418,1,0,0,0,0,0,0,43,0,0,0,0,0,0,6,1,1,4,512
116,cn5104,element_count_allgather,communication,0.000848291999773,1,0,0,0,0,0,0,0,0,0,0,0,0,0,0,1,1,4,512
116,cn5104,vertex_exchange_prepare,compute,2.29400002354e-05,1,0,0,0,0,0,0,0,0,0,0,0,0,0,0,0,0,0,0
116,cn5104,vertex_exchange,communication,0.0158250069999,1,0,0,0,0,0,0,31,0,0,0,0,0,2,0,7,4,118140,71742
116,cn5104,vertex_exchange_unpack,compute,0.00105205599993,1,0,0,0,0,0,0,0,0,0,0,0,0,0,0,0,0,0,0
116,cn5104,partition_result_io,io,0,0,0,0,0,0,0,0,0,0,0,0,0,0,0,0,0,0,0,0
116,cn5104,volume_exchange_pack,compute,0.128658245,2,0,0,0,0,0,0,2,0,0,0,0,0,0,0,0,0,0,0
116,cn5104,volume_size_exchange,communication,0.0570893989998,1,0,0,0,0,0,0,0,0,0,0,0,0,0,0,6,6,24,24
116,cn5104,volume_payload_prepare,compute,0.000149181999859,1,0,0,0,0,0,0,0,0,0,0,0,0,0,0,0,0,0,0
116,cn5104,volume_payload_exchange,communication,0.0064608130001,1,0,0,0,0,0,0,23,0,0,0,0,0,0,0,6,6,2011200,2016600
116,cn5104,volume_exchange_unpack,compute,0.0978668839998,1,0,0,0,0,0,0,2461,0,0,0,0,0,0,0,0,0,0,0
116,cn5104,final_mesh_save,io,0,0,0,0,0,0,0,0,0,0,0,0,0,0,0,0,0,0,0,0
116,cn5104,testout_io,io,0,0,0,0,0,0,0,0,0,0,0,0,0,0,0,0,0,0,0,0
116,cn5104,final_count_exchange,communication,0,0,0,0,0,0,0,0,0,0,0,0,0,0,0,0,0,0,0,0
116,cn5104,quality_evaluation,postprocess,0,0,0,0,0,0,0,0,0,0,0,0,0,0,0,0,0,0,0,0
117,cn5105,geometry_load,io,2.045282335,1,0,0,0,0,0,0,5895,0,1035097,0,10428416,0,203,1,0,0,0,0
117,cn5105,coarse_local_size,setup,0.531992295,1,0,0,0,0,0,0,8212,0,0,0,0,0,191,31,0,0,0,0
117,cn5105,coarse_edge_mesh,setup,0.014495293,1,0,0,0,0,0,0,518,0,0,0,0,0,2,0,0,0,0,0
117,cn5105,coarse_surface_mesh,setup,8.542906329,1,0,0,0,0,0,0,17148,0,0,0,0,0,24,15,0,0,0,0
117,cn5105,coarse_volume_mesh,setup,13.343774477,1,0,0,0,0,0,0,28308,0,0,0,0,0,35986,1431641,0,0,0,0
117,cn5105,coarse_mesh_save,io,0,0,0,0,0,0,0,0,0,0,0,0,0,0,0,0,0,0,0,0
117,cn5105,submesh_initialization,setup,0.000198023000394,1,0,0,0,0,0,0,60,0,0,0,0,0,0,0,0,0,0,0
117,cn5105,metis_partition,compute,0.24940197,1,0,0,0,0,0,0,2207,0,0,0,0,0,0,0,0,0,0,0
117,cn5105,face_map_setup,compute,0.00774977300034,1,0,0,0,0,0,0,571,0,0,0,0,0,0,0,0,0,0,0
117,cn5105,face_local_extract,compute,0.163468387,1,0,0,0,0,0,0,878,0,0,0,0,0,0,0,0,0,0,0
117,cn5105,face_pre_collective_wait,synchronization,0.0161943529997,1,0,0,0,0,0,0,6,0,0,0,0,0,0,0,0,0,0,0
117,cn5105,face_collective_setup,compute,0.00310083699969,1,0,0,0,0,0,0,16,0,0,0,0,0,3,0,0,0,0,0
117,cn5105,face_allgatherv,communication,0.226433537,1,0,0,0,0,0,0,722,0,0,0,0,0,1,0,1,1,37904,4859624
117,cn5105,face_global_merge,compute,0.079688929,1,0,0,0,0,0,0,480,0,0,0,0,0,0,1,0,0,0,0
117,cn5105,part_face_create,compute,0.0190707869997,1,0,0,0,0,0,0,21,0,0,0,0,0,0,0,0,0,0,0
117,cn5105,surface_refine,compute,0.00768377199984,1,0,0,0,0,0,0,48,0,0,0,0,0,0,0,0,0,0,0
117,cn5105,refined_surface_save,io,0,0,0,0,0,0,0,0,0,0,0,0,0,0,0,0,0,0,0,0
117,cn5105,local_volume_mesh,compute,6.78454261,1,0,0,0,0,0,0,3641,0,0,0,0,0,4903,325890,0,0,0,0
117,cn5105,volume_refine,compute,0.337810802,1,0,0,0,0,0,0,5825,0,0,0,0,0,0,1,0,0,0,0
117,cn5105,refined_volume_save,io,0,0,0,0,0,0,0,0,0,0,0,0,0,0,0,0,0,0,0,0
117,cn5105,adjacency_build,compute,0.00444863299981,1,0,0,0,0,0,0,6,0,0,0,0,0,0,0,0,0,0,0
117,cn5105,vertex_numbering_local,compute,0.0106540469997,1,0,0,0,0,0,0,5,0,0,0,0,0,0,0,0,0,0,0
117,cn5105,vertex_count_allgather,communication,4.77913349,1,0,0,0,0,0,0,42,0,0,0,0,0,0,11,1,1,4,512
117,cn5105,element_count_allgather,communication,0.000875190999977,1,0,0,0,0,0,0,0,0,0,0,0,0,0,0,1,1,4,512
117,cn5105,vertex_exchange_prepare,compute,2.46399999924e-05,1,0,0,0,0,0,0,0,0,0,0,0,0,0,0,0,0,0,0
117,cn5105,vertex_exchange,communication,0.014762836,1,0,0,0,0,0,0,31,0,0,0,0,0,2,0,6,4,128898,117766
117,cn5105,vertex_exchange_unpack,compute,0.00169004000008,1,0,0,0,0,0,0,0,0,0,0,0,0,0,0,0,0,0,0
117,cn5105,partition_result_io,io,0,0,0,0,0,0,0,0,0,0,0,0,0,0,0,0,0,0,0,0
117,cn5105,volume_exchange_pack,compute,0.132356377001,2,0,0,0,0,0,0,2,0,0,0,0,0,0,1,0,0,0,0
117,cn5105,volume_size_exchange,communication,0.053961222,1,0,0,0,0,0,0,0,0,0,0,0,0,0,0,5,5,20,20
117,cn5105,volume_payload_prepare,compute,0.000192723000055,1,0,0,0,0,0,0,0,0,0,0,0,0,0,0,0,0,0,0
117,cn5105,volume_payload_exchange,communication,0.00726114600002,1,0,0,0,0,0,0,23,0,0,0,0,0,0,0,5,5,2643840,2631840
117,cn5105,volume_exchange_unpack,compute,0.101075364,1,0,0,0,0,0,0,3483,0,0,0,0,0,0,0,0,0,0,0
117,cn5105,final_mesh_save,io,0,0,0,0,0,0,0,0,0,0,0,0,0,0,0,0,0,0,0,0
117,cn5105,testout_io,io,0,0,0,0,0,0,0,0,0,0,0,0,0,0,0,0,0,0,0,0
117,cn5105,final_count_exchange,communication,0,0,0,0,0,0,0,0,0,0,0,0,0,0,0,0,0,0,0,0
117,cn5105,quality_evaluation,postprocess,0,0,0,0,0,0,0,0,0,0,0,0,0,0,0,0,0,0,0,0
118,cn5106,geometry_load,io,3.854279488,1,0,0,0,0,0,0,5896,0,1035097,0,10428416,0,203,1,0,0,0,0
118,cn5106,coarse_local_size,setup,0.497778564,1,0,0,0,0,0,0,8388,0,0,0,0,0,260,31,0,0,0,0
118,cn5106,coarse_edge_mesh,setup,0.0143686030001,1,0,0,0,0,0,0,523,0,0,0,0,0,2,0,0,0,0,0
118,cn5106,coarse_surface_mesh,setup,8.228595503,1,0,0,0,0,0,0,17159,0,0,0,0,0,24,13,0,0,0,0
118,cn5106,coarse_volume_mesh,setup,13.380912255,1,0,0,0,0,0,0,28071,0,0,0,0,0,38820,1496625,0,0,0,0
118,cn5106,coarse_mesh_save,io,0,0,0,0,0,0,0,0,0,0,0,0,0,0,0,0,0,0,0,0
118,cn5106,submesh_initialization,setup,0.000190602000202,1,0,0,0,0,0,0,61,0,0,0,0,0,0,0,0,0,0,0
118,cn5106,metis_partition,compute,0.240355004,1,0,0,0,0,0,0,2156,0,0,0,0,0,0,0,0,0,0,0
118,cn5106,face_map_setup,compute,0.00760625700013,1,0,0,0,0,0,0,564,0,0,0,0,0,0,0,0,0,0,0
118,cn5106,face_local_extract,compute,0.160581986,1,0,0,0,0,0,0,778,0,0,0,0,0,0,0,0,0,0,0
118,cn5106,face_pre_collective_wait,synchronization,0.02824078,1,0,0,0,0,0,0,28,0,0,0,0,0,0,0,0,0,0,0
118,cn5106,face_collective_setup,compute,0.00272371499977,1,0,0,0,0,0,0,16,0,0,0,0,0,3,0,0,0,0,0
118,cn5106,face_allgatherv,communication,0.22674601,1,0,0,0,0,0,0,684,0,0,0,0,0,1,0,1,1,37904,4859624
118,cn5106,face_global_merge,compute,0.0795744549996,1,0,0,0,0,0,0,562,0,0,0,0,0,0,0,0,0,0,0
118,cn5106,part_face_create,compute,0.0188553400003,1,0,0,0,0,0,0,17,0,0,0,0,0,0,0,0,0,0,0
118,cn5106,surface_refine,compute,0.00730001300008,1,0,0,0,0,0,0,43,0,0,0,0,0,0,0,0,0,0,0
118,cn5106,refined_surface_save,io,0,0,0,0,0,0,0,0,0,0,0,0,0,0,0,0,0,0,0,0
118,cn5106,local_volume_mesh,compute,7.112511677,1,0,0,0,0,0,0,2276,0,0,0,0,0,4096,291964,0,0,0,0
118,cn5106,volume_refine,compute,0.338057869,1,0,0,0,0,0,0,5803,0,0,0,0,0,0,1,0,0,0,0
118,cn5106,refined_volume_save,io,0,0,0,0,0,0,0,0,0,0,0,0,0,0,0,0,0,0,0,0
118,cn5106,adjacency_build,compute,0.00442013700012,1,0,0,0,0,0,0,7,0,0,0,0,0,0,0,0,0,0,0
118,cn5106,vertex_numbering_local,compute,0.0102708509999,1,0,0,0,0,0,0,6,0,0,0,0,0,0,0,0,0,0,0
118,cn5106,vertex_count_allgather,communication,4.451829424,1,0,0,0,0,0,0,44,0,0,0,0,0,0,7,1,1,4,512
118,cn5106,element_count_allgather,communication,0.000962151999829,1,0,0,0,0,0,0,1,0,0,0,0,0,0,0,1,1,4,512
118,cn5106,vertex_exchange_prepare,compute,2.9799999993e-05,1,0,0,0,0,0,0,0,0,0,0,0,0,0,0,0,0,0,0
118,cn5106,vertex_exchange,communication,0.015995404,1,0,0,0,0,0,0,822,0,0,0,0,0,2,0,3,8,67034,172150
118,cn5106,vertex_exchange_unpack,compute,0.00244939100003,1,0,0,0,0,0,0,0,0,0,0,0,0,0,0,0,0,0,0
118,cn5106,partition_result_io,io,0,0,0,0,0,0,0,0,0,0,0,0,0,0,0,0,0,0,0,0
118,cn5106,volume_exchange_pack,compute,0.153191912,2,0,0,0,0,0,0,4,0,0,0,0,0,0,0,0,0,0,0
118,cn5106,volume_size_exchange,communication,0.0311015560001,1,0,0,0,0,0,0,1,0,0,0,0,0,0,0,8,8,32,32
118,cn5106,volume_payload_prepare,compute,0.000185302999853,1,0,0,0,0,0,0,0,0,0,0,0,0,0,0,0,0,0,0
118,cn5106,volume_payload_exchange,communication,0.00851288800004,1,0,0,0,0,0,0,21,0,0,0,0,0,0,0,8,8,2570400,2565240
118,cn5106,volume_exchange_unpack,compute,0.0974955419997,1,0,0,0,0,0,0,3124,0,0,0,0,0,0,1,0,0,0,0
118,cn5106,final_mesh_save,io,0,0,0,0,0,0,0,0,0,0,0,0,0,0,0,0,0,0,0,0
118,cn5106,testout_io,io,0,0,0,0,0,0,0,0,0,0,0,0,0,0,0,0,0,0,0,0
118,cn5106,final_count_exchange,communication,0,0,0,0,0,0,0,0,0,0,0,0,0,0,0,0,0,0,0,0
118,cn5106,quality_evaluation,postprocess,0,0,0,0,0,0,0,0,0,0,0,0,0,0,0,0,0,0,0,0
119,cn5107,geometry_load,io,5.333696463,1,0,0,0,0,0,0,5897,0,1035097,0,10428416,0,203,3,0,0,0,0
119,cn5107,coarse_local_size,setup,0.606663119,1,0,0,0,0,0,0,8667,0,0,0,0,0,234,31,0,0,0,0
119,cn5107,coarse_edge_mesh,setup,0.014324578,1,0,0,0,0,0,0,523,0,0,0,0,0,2,0,0,0,0,0
119,cn5107,coarse_surface_mesh,setup,8.785367356,1,0,0,0,0,0,0,14612,0,0,0,0,0,24,9,0,0,0,0
119,cn5107,coarse_volume_mesh,setup,13.497338453,1,0,0,0,0,0,0,23730,0,0,0,0,0,36134,1692547,0,0,0,0
119,cn5107,coarse_mesh_save,io,0,0,0,0,0,0,0,0,0,0,0,0,0,0,0,0,0,0,0,0
119,cn5107,submesh_initialization,setup,0.000188582000192,1,0,0,0,0,0,0,57,0,0,0,0,0,0,0,0,0,0,0
119,cn5107,metis_partition,compute,0.256196823,1,0,0,0,0,0,0,1781,0,0,0,0,0,0,0,0,0,0,0
119,cn5107,face_map_setup,compute,0.00766071499993,1,0,0,0,0,0,0,529,0,0,0,0,0,0,0,0,0,0,0
119,cn5107,face_local_extract,compute,0.161376826,1,0,0,0,0,0,0,833,0,0,0,0,0,0,1,0,0,0,0
119,cn5107,face_pre_collective_wait,synchronization,0.0115278429998,1,0,0,0,0,0,0,28,0,0,0,0,0,0,0,0,0,0,0
119,cn5107,face_collective_setup,compute,0.00282563500014,1,0,0,0,0,0,0,16,0,0,0,0,0,3,0,0,0,0,0
119,cn5107,face_allgatherv,communication,0.228157075,1,0,0,0,0,0,0,703,0,0,0,0,0,1,0,1,1,37904,4859624
119,cn5107,face_global_merge,compute,0.079479427,1,0,0,0,0,0,0,506,0,0,0,0,0,0,0,0,0,0,0
119,cn5107,part_face_create,compute,0.0189269549996,1,0,0,0,0,0,0,17,0,0,0,0,0,0,0,0,0,0,0
119,cn5107,surface_refine,compute,0.00861192699995,1,0,0,0,0,0,0,46,0,0,0,0,0,0,0,0,0,0,0
119,cn5107,refined_surface_save,io,0,0,0,0,0,0,0,0,0,0,0,0,0,0,0,0,0,0,0,0
119,cn5107,local_volume_mesh,compute,7.201384973,1,0,0,0,0,0,0,2102,0,0,0,0,0,9505,432177,0,0,0,0
119,cn5107,volume_refine,compute,0.346455945,1,0,0,0,0,0,0,5381,0,0,0,0,0,0,1,0,0,0,0
119,cn5107,refined_volume_save,io,0,0,0,0,0,0,0,0,0,0,0,0,0,0,0,0,0,0,0,0
119,cn5107,adjacency_build,compute,0.00443065499985,1,0,0,0,0,0,0,0,0,0,0,0,0,0,0,0,0,0,0
119,cn5107,vertex_numbering_local,compute,0.012267052,1,0,0,0,0,0,0,316,0,0,0,0,0,0,0,0,0,0,0
119,cn5107,vertex_count_allgather,communication,4.349956557,1,0,0,0,0,0,0,120,0,0,0,0,0,0,4,1,1,4,512
119,cn5107,element_count_allgather,communication,0.000851950999731,1,0,0,0,0,0,0,2,0,0,0,0,0,0,0,1,1,4,512
119,cn5107,vertex_exchange_prepare,compute,0.000178662000053,1,0,0,0,0,0,0,60,0,0,0,0,0,0,0,0,0,0,0
119,cn5107,vertex_exchange,communication,0.0151055470001,1,0,0,0,0,0,0,594,0,0,0,0,0,2,0,4,5,19404,229504
119,cn5107,vertex_exchange_unpack,compute,0.0046968380002,1,0,0,0,0,0,0,1489,0,0,0,0,0,0,0,0,0,0,0
119,cn5107,partition_result_io,io,0,0,0,0,0,0,0,0,0,0,0,0,0,0,0,0,0,0,0,0
119,cn5107,volume_exchange_pack,compute,0.136290574,2,0,0,0,0,0,0,2414,0,0,0,0,0,0,0,0,0,0,0
119,cn5107,volume_size_exchange,communication,0.0459563310001,1,0,0,0,0,0,0,1,0,0,0,0,0,0,0,6,6,24,24
119,cn5107,volume_payload_prepare,compute,0.000310303999868,1,0,0,0,0,0,0,102,0,0,0,0,0,0,0,0,0,0,0
119,cn5107,volume_payload_exchange,communication,0.00842490499963,1,0,0,0,0,0,0,547,0,0,0,0,0,0,0,6,6,2666640,2674680
119,cn5107,volume_exchange_unpack,compute,0.101766725,1,0,0,0,0,0,0,3396,0,0,0,0,0,0,0,0,0,0,0
119,cn5107,final_mesh_save,io,0,0,0,0,0,0,0,0,0,0,0,0,0,0,0,0,0,0,0,0
119,cn5107,testout_io,io,0,0,0,0,0,0,0,0,0,0,0,0,0,0,0,0,0,0,0,0
119,cn5107,final_count_exchange,communication,0,0,0,0,0,0,0,0,0,0,0,0,0,0,0,0,0,0,0,0
119,cn5107,quality_evaluation,postprocess,0,0,0,0,0,0,0,0,0,0,0,0,0,0,0,0,0,0,0,0
120,cn5108,geometry_load,io,1.918944337,1,0,0,0,0,0,0,5895,0,1035097,0,10428416,0,203,4,0,0,0,0
120,cn5108,coarse_local_size,setup,0.497331696,1,0,0,0,0,0,0,8304,0,0,0,0,0,190,29,0,0,0,0
120,cn5108,coarse_edge_mesh,setup,0.014294652,1,0,0,0,0,0,0,526,0,0,0,0,0,2,0,0,0,0,0
120,cn5108,coarse_surface_mesh,setup,8.358937379,1,0,0,0,0,0,0,14446,0,0,0,0,0,24,12,0,0,0,0
120,cn5108,coarse_volume_mesh,setup,13.504668588,1,0,0,0,0,0,0,27967,0,0,0,0,0,37049,1502603,0,0,0,0
120,cn5108,coarse_mesh_save,io,0,0,0,0,0,0,0,0,0,0,0,0,0,0,0,0,0,0,0,0
120,cn5108,submesh_initialization,setup,0.000170402000094,1,0,0,0,0,0,0,32,0,0,0,0,0,0,0,0,0,0,0
120,cn5108,metis_partition,compute,0.244947858,1,0,0,0,0,0,0,1709,0,0,0,0,0,0,0,0,0,0,0
120,cn5108,face_map_setup,compute,0.00771740200025,1,0,0,0,0,0,0,564,0,0,0,0,0,0,0,0,0,0,0
120,cn5108,face_local_extract,compute,0.160017317,1,0,0,0,0,0,0,954,0,0,0,0,0,0,0,0,0,0,0
120,cn5108,face_pre_collective_wait,synchronization,0.0241867770001,1,0,0,0,0,0,0,1,0,0,0,0,0,0,0,0,0,0,0
120,cn5108,face_collective_setup,compute,0.00307709299977,1,0,0,0,0,0,0,16,0,0,0,0,0,3,0,0,0,0,0
120,cn5108,face_allgatherv,communication,0.228021639,1,0,0,0,0,0,0,1218,0,0,0,0,0,1,0,1,1,37904,4859624
120,cn5108,face_global_merge,compute,0.0795117440002,1,0,0,0,0,0,0,489,0,0,0,0,0,0,1,0,0,0,0
120,cn5108,part_face_create,compute,0.0190027210001,1,0,0,0,0,0,0,5,0,0,0,0,0,0,0,0,0,0,0
120,cn5108,surface_refine,compute,0.0095833219998,1,0,0,0,0,0,0,49,0,0,0,0,0,0,0,0,0,0,0
120,cn5108,refined_surface_save,io,0,0,0,0,0,0,0,0,0,0,0,0,0,0,0,0,0,0,0,0
120,cn5108,local_volume_mesh,compute,7.966446935,1,0,0,0,0,0,0,5703,0,0,0,0,0,8577,436214,0,0,0,0
120,cn5108,volume_refine,compute,0.445580847,1,0,0,0,0,0,0,5745,0,0,0,0,0,0,0,0,0,0,0
120,cn5108,refined_volume_save,io,0,0,0,0,0,0,0,0,0,0,0,0,0,0,0,0,0,0,0,0
120,cn5108,adjacency_build,compute,0.00453818799997,1,0,0,0,0,0,0,15,0,0,0,0,0,0,0,0,0,0,0
120,cn5108,vertex_numbering_local,compute,0.0109976559997,1,0,0,0,0,0,0,4,0,0,0,0,0,0,0,0,0,0,0
120,cn5108,vertex_count_allgather,communication,3.48580658,1,0,0,0,0,0,0,142,0,0,0,0,0,0,4,1,1,4,512
120,cn5108,element_count_allgather,communication,0.000810807999642,1,0,0,0,0,0,0,12,0,0,0,0,0,0,0,1,1,4,512
120,cn5108,vertex_exchange_prepare,compute,8.23210002636e-05,1,0,0,0,0,0,0,45,0,0,0,0,0,0,0,0,0,0,0
120,cn5108,vertex_exchange,communication,0.0233004669999,1,0,0,0,0,0,0,940,0,0,0,0,0,2,0,7,6,155188,65120
120,cn5108,vertex_exchange_unpack,compute,0.00181145900024,1,0,0,0,0,0,0,852,0,0,0,0,0,0,0,0,0,0,0
120,cn5108,partition_result_io,io,0,0,0,0,0,0,0,0,0,0,0,0,0,0,0,0,0,0,0,0
120,cn5108,volume_exchange_pack,compute,0.181609887,2,0,0,0,0,0,0,2141,0,0,0,0,0,0,0,0,0,0,0
120,cn5108,volume_size_exchange,communication,4.63209998998e-05,1,0,0,0,0,0,0,0,0,0,0,0,0,0,0,7,7,28,28
120,cn5108,volume_payload_prepare,compute,0.000187281999843,1,0,0,0,0,0,0,15,0,0,0,0,0,0,0,0,0,0,0
120,cn5108,volume_payload_exchange,communication,0.00295981099998,1,0,0,0,0,0,0,35,0,0,0,0,0,0,0,7,7,2316120,2321400
120,cn5108,volume_exchange_unpack,compute,0.107210718,1,0,0,0,0,0,0,3102,0,0,0,0,0,0,0,0,0,0,0
120,cn5108,final_mesh_save,io,0,0,0,0,0,0,0,0,0,0,0,0,0,0,0,0,0,0,0,0
120,cn5108,testout_io,io,0,0,0,0,0,0,0,0,0,0,0,0,0,0,0,0,0,0,0,0
120,cn5108,final_count_exchange,communication,0,0,0,0,0,0,0,0,0,0,0,0,0,0,0,0,0,0,0,0
120,cn5108,quality_evaluation,postprocess,0,0,0,0,0,0,0,0,0,0,0,0,0,0,0,0,0,0,0,0
121,cn5109,geometry_load,io,1.938732848,1,0,0,0,0,0,0,5895,0,1035097,0,10428416,0,203,3,0,0,0,0
121,cn5109,coarse_local_size,setup,0.505200117,1,0,0,0,0,0,0,8239,0,0,0,0,0,223,28,0,0,0,0
121,cn5109,coarse_edge_mesh,setup,0.0143241320002,1,0,0,0,0,0,0,489,0,0,0,0,0,2,0,0,0,0,0
121,cn5109,coarse_surface_mesh,setup,8.413762394,1,0,0,0,0,0,0,17282,0,0,0,0,0,24,10,0,0,0,0
121,cn5109,coarse_volume_mesh,setup,13.539643999,1,0,0,0,0,0,0,27053,0,0,0,0,0,39424,1791759,0,0,0,0
121,cn5109,coarse_mesh_save,io,0,0,0,0,0,0,0,0,0,0,0,0,0,0,0,0,0,0,0,0
121,cn5109,submesh_initialization,setup,0.000197642999865,1,0,0,0,0,0,0,60,0,0,0,0,0,0,0,0,0,0,0
121,cn5109,metis_partition,compute,0.243069541,1,0,0,0,0,0,0,2009,0,0,0,0,0,0,1,0,0,0,0
121,cn5109,face_map_setup,compute,0.00778010400018,1,0,0,0,0,0,0,581,0,0,0,0,0,0,0,0,0,0,0
121,cn5109,face_local_extract,compute,0.158209182,1,0,0,0,0,0,0,884,0,0,0,0,0,0,0,0,0,0,0
121,cn5109,face_pre_collective_wait,synchronization,0.0277217910002,1,0,0,0,0,0,0,8,0,0,0,0,0,0,0,0,0,0,0
121,cn5109,face_collective_setup,compute,0.00331464400006,1,0,0,0,0,0,0,16,0,0,0,0,0,3,0,0,0,0,0
121,cn5109,face_allgatherv,communication,0.227787396,1,0,0,0,0,0,0,1150,0,0,0,0,0,1,0,1,1,37904,4859624
121,cn5109,face_global_merge,compute,0.0791683019997,1,0,0,0,0,0,0,480,0,0,0,0,0,0,0,0,0,0,0
121,cn5109,part_face_create,compute,0.019063835,1,0,0,0,0,0,0,20,0,0,0,0,0,0,0,0,0,0,0
121,cn5109,surface_refine,compute,0.0090689409999,1,0,0,0,0,0,0,47,0,0,0,0,0,0,0,0,0,0,0
121,cn5109,refined_surface_save,io,0,0,0,0,0,0,0,0,0,0,0,0,0,0,0,0,0,0,0,0
121,cn5109,local_volume_mesh,compute,7.148099794,1,0,0,0,0,0,0,4429,0,0,0,0,0,7187,443515,0,0,0,0
121,cn5109,volume_refine,compute,0.389336563,1,0,0,0,0,0,0,6418,0,0,0,0,0,0,0,0,0,0,0
121,cn5109,refined_volume_save,io,0,0,0,0,0,0,0,0,0,0,0,0,0,0,0,0,0,0,0,0
121,cn5109,adjacency_build,compute,0.00472268300018,1,0,0,0,0,0,0,13,0,0,0,0,0,0,0,0,0,0,0
121,cn5109,vertex_numbering_local,compute,0.012935233,1,0,0,0,0,0,0,386,0,0,0,0,0,0,0,0,0,0,0
121,cn5109,vertex_count_allgather,communication,4.358877835,1,0,0,0,0,0,0,80,0,0,0,0,0,0,4,1,1,4,512
121,cn5109,element_count_allgather,communication,0.000887931999841,1,0,0,0,0,0,0,0,0,0,0,0,0,0,0,1,1,4,512
121,cn5109,vertex_exchange_prepare,compute,0.000133642000037,1,0,0,0,0,0,0,34,0,0,0,0,0,0,0,0,0,0,0
121,cn5109,vertex_exchange,communication,0.0155861489998,1,0,0,0,0,0,0,852,0,0,0,0,0,2,0,9,8,96008,164626
121,cn5109,vertex_exchange_unpack,compute,0.00236283200002,1,0,0,0,0,0,0,0,0,0,0,0,0,0,0,0,0,0,0
121,cn5109,partition_result_io,io,0,0,0,0,0,0,0,0,0,0,0,0,0,0,0,0,0,0,0,0
121,cn5109,volume_exchange_pack,compute,0.152679948,2,0,0,0,0,0,0,954,0,0,0,0,0,0,0,0,0,0,0
121,cn5109,volume_size_exchange,communication,0.0349076480002,1,0,0,0,0,0,0,1,0,0,0,0,0,0,0,10,10,40,40
121,cn5109,volume_payload_prepare,compute,0.000591407999764,1,0,0,0,0,0,0,204,0,0,0,0,0,0,0,0,0,0,0
121,cn5109,volume_payload_exchange,communication,0.00293771999986,1,0,0,0,0,0,0,324,0,0,0,0,0,0,0,10,10,2751720,2761080
121,cn5109,volume_exchange_unpack,compute,0.112304387,1,0,0,0,0,0,0,3576,0,0,0,0,0,0,0,0,0,0,0
121,cn5109,final_mesh_save,io,0,0,0,0,0,0,0,0,0,0,0,0,0,0,0,0,0,0,0,0
121,cn5109,testout_io,io,0,0,0,0,0,0,0,0,0,0,0,0,0,0,0,0,0,0,0,0
121,cn5109,final_count_exchange,communication,0,0,0,0,0,0,0,0,0,0,0,0,0,0,0,0,0,0,0,0
121,cn5109,quality_evaluation,postprocess,0,0,0,0,0,0,0,0,0,0,0,0,0,0,0,0,0,0,0,0
122,cn5110,geometry_load,io,1.912789249,1,0,0,0,0,0,0,5894,0,1035097,0,10428416,0,203,2,0,0,0,0
122,cn5110,coarse_local_size,setup,0.492343136,1,0,0,0,0,0,0,8486,0,0,0,0,0,215,27,0,0,0,0
122,cn5110,coarse_edge_mesh,setup,0.014417847,1,0,0,0,0,0,0,517,0,0,0,0,0,2,0,0,0,0,0
122,cn5110,coarse_surface_mesh,setup,8.272294623,1,0,0,0,0,0,0,17224,0,0,0,0,0,24,9,0,0,0,0
122,cn5110,coarse_volume_mesh,setup,13.331574754,1,0,0,0,0,0,0,27746,0,0,0,0,0,36613,1465528,0,0,0,0
122,cn5110,coarse_mesh_save,io,0,0,0,0,0,0,0,0,0,0,0,0,0,0,0,0,0,0,0,0
122,cn5110,submesh_initialization,setup,0.00018620200035,1,0,0,0,0,0,0,56,0,0,0,0,0,0,0,0,0,0,0
122,cn5110,metis_partition,compute,0.244337926,1,0,0,0,0,0,0,2141,0,0,0,0,0,0,1,0,0,0,0
122,cn5110,face_map_setup,compute,0.00769526899967,1,0,0,0,0,0,0,610,0,0,0,0,0,0,0,0,0,0,0
122,cn5110,face_local_extract,compute,0.161967374,1,0,0,0,0,0,0,857,0,0,0,0,0,0,0,0,0,0,0
122,cn5110,face_pre_collective_wait,synchronization,0.0227715229998,1,0,0,0,0,0,0,6,0,0,0,0,0,0,0,0,0,0,0
122,cn5110,face_collective_setup,compute,0.00331857799983,1,0,0,0,0,0,0,16,0,0,0,0,0,3,0,0,0,0,0
122,cn5110,face_allgatherv,communication,0.227792576,1,0,0,0,0,0,0,640,0,0,0,0,0,1,0,1,1,37904,4859624
122,cn5110,face_global_merge,compute,0.0782421250001,1,0,0,0,0,0,0,506,0,0,0,0,0,0,0,0,0,0,0
122,cn5110,part_face_create,compute,0.019445165,1,0,0,0,0,0,0,15,0,0,0,0,0,0,0,0,0,0,0
122,cn5110,surface_refine,compute,0.0113881509997,1,0,0,0,0,0,0,56,0,0,0,0,0,0,0,0,0,0,0
122,cn5110,refined_surface_save,io,0,0,0,0,0,0,0,0,0,0,0,0,0,0,0,0,0,0,0,0
122,cn5110,local_volume_mesh,compute,9.754405969,1,0,0,0,0,0,0,5760,0,0,0,0,0,9247,707141,0,0,0,0
122,cn5110,volume_refine,compute,0.673002546,1,0,0,0,0,0,0,5413,0,0,0,0,0,0,1,0,0,0,0
122,cn5110,refined_volume_save,io,0,0,0,0,0,0,0,0,0,0,0,0,0,0,0,0,0,0,0,0
122,cn5110,adjacency_build,compute,0.00432498999999,1,0,0,0,0,0,0,9,0,0,0,0,0,0,0,0,0,0,0
122,cn5110,vertex_numbering_local,compute,0.00980923299994,1,0,0,0,0,0,0,8,0,0,0,0,0,0,0,0,0,0,0
122,cn5110,vertex_count_allgather,communication,1.470582633,1,0,0,0,0,0,0,100,0,0,0,0,0,0,1,1,1,4,512
122,cn5110,element_count_allgather,communication,0.000732288000108,1,0,0,0,0,0,0,12,0,0,0,0,0,0,0,1,1,4,512
122,cn5110,vertex_exchange_prepare,compute,3.29800000145e-05,1,0,0,0,0,0,0,9,0,0,0,0,0,0,0,0,0,0,0
122,cn5110,vertex_exchange,communication,0.0132629730001,1,0,0,0,0,0,0,295,0,0,0,0,0,2,0,2,4,18040,63162
122,cn5110,vertex_exchange_unpack,compute,0.00143129700018,1,0,0,0,0,0,0,516,0,0,0,0,0,0,0,0,0,0,0
122,cn5110,partition_result_io,io,0,0,0,0,0,0,0,0,0,0,0,0,0,0,0,0,0,0,0,0
122,cn5110,volume_exchange_pack,compute,0.163264468,2,0,0,0,0,0,0,1509,0,0,0,0,0,0,0,0,0,0,0
122,cn5110,volume_size_exchange,communication,0.030117368,1,0,0,0,0,0,0,11,0,0,0,0,0,0,0,5,5,20,20
122,cn5110,volume_payload_prepare,compute,8.66609998411e-05,1,0,0,0,0,0,0,20,0,0,0,0,0,0,0,0,0,0,0
122,cn5110,volume_payload_exchange,communication,0.00251776899995,1,0,0,0,0,0,0,98,0,0,0,0,0,0,0,5,5,829440,831600
122,cn5110,volume_exchange_unpack,compute,0.115663018,1,0,0,0,0,0,0,5907,0,0,0,0,0,0,0,0,0,0,0
122,cn5110,final_mesh_save,io,0,0,0,0,0,0,0,0,0,0,0,0,0,0,0,0,0,0,0,0
122,cn5110,testout_io,io,0,0,0,0,0,0,0,0,0,0,0,0,0,0,0,0,0,0,0,0
122,cn5110,final_count_exchange,communication,0,0,0,0,0,0,0,0,0,0,0,0,0,0,0,0,0,0,0,0
122,cn5110,quality_evaluation,postprocess,0,0,0,0,0,0,0,0,0,0,0,0,0,0,0,0,0,0,0,0
123,cn5111,geometry_load,io,2.032083753,1,0,0,0,0,0,0,5895,0,1035097,0,10428416,0,203,2,0,0,0,0
123,cn5111,coarse_local_size,setup,0.523571793,1,0,0,0,0,0,0,8437,0,0,0,0,0,225,30,0,0,0,0
123,cn5111,coarse_edge_mesh,setup,0.014254579,1,0,0,0,0,0,0,515,0,0,0,0,0,2,0,0,0,0,0
123,cn5111,coarse_surface_mesh,setup,8.493919606,1,0,0,0,0,0,0,17165,0,0,0,0,0,24,9,0,0,0,0
123,cn5111,coarse_volume_mesh,setup,13.511331301,1,0,0,0,0,0,0,27839,0,0,0,0,0,38354,1598319,0,0,0,0
123,cn5111,coarse_mesh_save,io,0,0,0,0,0,0,0,0,0,0,0,0,0,0,0,0,0,0,0,0
123,cn5111,submesh_initialization,setup,0.000200162000056,1,0,0,0,0,0,0,61,0,0,0,0,0,0,0,0,0,0,0
123,cn5111,metis_partition,compute,0.25244026,1,0,0,0,0,0,0,1944,0,0,0,0,0,0,0,0,0,0,0
123,cn5111,face_map_setup,compute,0.00781327699997,1,0,0,0,0,0,0,580,0,0,0,0,0,0,0,0,0,0,0
123,cn5111,face_local_extract,compute,0.163094241,1,0,0,0,0,0,0,943,0,0,0,0,0,0,0,0,0,0,0
123,cn5111,face_pre_collective_wait,synchronization,0.0133870670002,1,0,0,0,0,0,0,11,0,0,0,0,0,0,0,0,0,0,0
123,cn5111,face_collective_setup,compute,0.00331510199976,1,0,0,0,0,0,0,16,0,0,0,0,0,3,0,0,0,0,0
123,cn5111,face_allgatherv,communication,0.227797771,1,0,0,0,0,0,0,640,0,0,0,0,0,1,0,1,1,37904,4859624
123,cn5111,face_global_merge,compute,0.079705138,1,0,0,0,0,0,0,601,0,0,0,0,0,0,0,0,0,0,0
123,cn5111,part_face_create,compute,0.0193925230001,1,0,0,0,0,0,0,15,0,0,0,0,0,0,0,0,0,0,0
123,cn5111,surface_refine,compute,0.0115428839999,1,0,0,0,0,0,0,51,0,0,0,0,0,0,0,0,0,0,0
123,cn5111,refined_surface_save,io,0,0,0,0,0,0,0,0,0,0,0,0,0,0,0,0,0,0,0,0
123,cn5111,local_volume_mesh,compute,10.264007079,1,0,0,0,0,0,0,5558,0,0,0,0,0,10400,825172,0,0,0,0
123,cn5111,volume_refine,compute,0.684180083,1,0,0,0,0,0,0,6043,0,0,0,0,0,0,0,0,0,0,0
123,cn5111,refined_volume_save,io,0,0,0,0,0,0,0,0,0,0,0,0,0,0,0,0,0,0,0,0
123,cn5111,adjacency_build,compute,0.00425031299983,1,0,0,0,0,0,0,9,0,0,0,0,0,0,0,0,0,0,0
123,cn5111,vertex_numbering_local,compute,0.00924861600015,1,0,0,0,0,0,0,8,0,0,0,0,0,0,0,0,0,0,0
123,cn5111,vertex_count_allgather,communication,0.948190567,1,0,0,0,0,0,0,44,0,0,0,0,0,0,1,1,1,4,512
123,cn5111,element_count_allgather,communication,0.000167301999682,1,0,0,0,0,0,0,0,0,0,0,0,0,0,0,1,1,4,512
123,cn5111,vertex_exchange_prepare,compute,1.61399998433e-05,1,0,0,0,0,0,0,0,0,0,0,0,0,0,0,0,0,0,0
123,cn5111,vertex_exchange,communication,0.0148815860002,1,0,0,0,0,0,0,14,0,0,0,0,0,2,0,0,3,0,81158
123,cn5111,vertex_exchange_unpack,compute,0.00120781499982,1,0,0,0,0,0,0,0,0,0,0,0,0,0,0,0,0,0,0
123,cn5111,partition_result_io,io,0,0,0,0,0,0,0,0,0,0,0,0,0,0,0,0,0,0,0,0
123,cn5111,volume_exchange_pack,compute,0.146019087,2,0,0,0,0,0,0,2,0,0,0,0,0,0,1,0,0,0,0
123,cn5111,volume_size_exchange,communication,0.0444017760001,1,0,0,0,0,0,0,2,0,0,0,0,0,0,0,3,3,12,12
123,cn5111,volume_payload_prepare,compute,6.45009999971e-05,1,0,0,0,0,0,0,0,0,0,0,0,0,0,0,0,0,0,0
123,cn5111,volume_payload_exchange,communication,0.00317089999999,1,0,0,0,0,0,0,30,0,0,0,0,0,0,0,3,3,832800,833280
123,cn5111,volume_exchange_unpack,compute,0.11745181,1,0,0,0,0,0,0,5869,0,0,0,0,0,0,0,0,0,0,0
123,cn5111,final_mesh_save,io,0,0,0,0,0,0,0,0,0,0,0,0,0,0,0,0,0,0,0,0
123,cn5111,testout_io,io,0,0,0,0,0,0,0,0,0,0,0,0,0,0,0,0,0,0,0,0
123,cn5111,final_count_exchange,communication,0,0,0,0,0,0,0,0,0,0,0,0,0,0,0,0,0,0,0,0
123,cn5111,quality_evaluation,postprocess,0,0,0,0,0,0,0,0,0,0,0,0,0,0,0,0,0,0,0,0
124,cn5112,geometry_load,io,1.910700942,1,0,0,0,0,0,0,5896,0,1035097,0,10428416,0,203,1,0,0,0,0
124,cn5112,coarse_local_size,setup,0.495629618,1,0,0,0,0,0,0,8080,0,0,0,0,0,227,29,0,0,0,0
124,cn5112,coarse_edge_mesh,setup,0.0145715930003,1,0,0,0,0,0,0,489,0,0,0,0,0,2,0,0,0,0,0
124,cn5112,coarse_surface_mesh,setup,8.351159727,1,0,0,0,0,0,0,17195,0,0,0,0,0,24,10,0,0,0,0
124,cn5112,coarse_volume_mesh,setup,13.280467829,1,0,0,0,0,0,0,24077,0,0,0,0,0,37011,1522421,0,0,0,0
124,cn5112,coarse_mesh_save,io,0,0,0,0,0,0,0,0,0,0,0,0,0,0,0,0,0,0,0,0
124,cn5112,submesh_initialization,setup,0.000142720999975,1,0,0,0,0,0,0,5,0,0,0,0,0,0,0,0,0,0,0
124,cn5112,metis_partition,compute,0.229680485,1,0,0,0,0,0,0,114,0,0,0,0,0,0,0,0,0,0,0
124,cn5112,face_map_setup,compute,0.00687930200002,1,0,0,0,0,0,0,261,0,0,0,0,0,0,0,0,0,0,0
124,cn5112,face_local_extract,compute,0.153837345,1,0,0,0,0,0,0,199,0,0,0,0,0,0,0,0,0,0,0
124,cn5112,face_pre_collective_wait,synchronization,0.0464745909999,1,0,0,0,0,0,0,7,0,0,0,0,0,0,0,0,0,0,0
124,cn5112,face_collective_setup,compute,0.00299887599977,1,0,0,0,0,0,0,15,0,0,0,0,0,3,0,0,0,0,0
124,cn5112,face_allgatherv,communication,0.228073165,1,0,0,0,0,0,0,854,0,0,0,0,0,1,1,1,1,37904,4859624
124,cn5112,face_global_merge,compute,0.0744467230002,1,0,0,0,0,0,0,104,0,0,0,0,0,0,0,0,0,0,0
124,cn5112,part_face_create,compute,0.0179648529997,1,0,0,0,0,0,0,3,0,0,0,0,0,0,0,0,0,0,0
124,cn5112,surface_refine,compute,0.00951445300007,1,0,0,0,0,0,0,47,0,0,0,0,0,0,0,0,0,0,0
124,cn5112,refined_surface_save,io,0,0,0,0,0,0,0,0,0,0,0,0,0,0,0,0,0,0,0,0
124,cn5112,local_volume_mesh,compute,8.351068946,1,0,0,0,0,0,0,2464,0,0,0,0,0,12603,657562,0,0,0,0
124,cn5112,volume_refine,compute,0.42154616,1,0,0,0,0,0,0,3915,0,0,0,0,0,0,0,0,0,0,0
124,cn5112,refined_volume_save,io,0,0,0,0,0,0,0,0,0,0,0,0,0,0,0,0,0,0,0,0
124,cn5112,adjacency_build,compute,0.00394462699978,1,0,0,0,0,0,0,0,0,0,0,0,0,0,0,0,0,0,0
124,cn5112,vertex_numbering_local,compute,0.00834371899964,1,0,0,0,0,0,0,2,0,0,0,0,0,0,0,0,0,0,0
124,cn5112,vertex_count_allgather,communication,3.134767719,1,0,0,0,0,0,0,27,0,0,0,0,0,0,4,1,1,4,512
124,cn5112,element_count_allgather,communication,0.00092499099992,1,0,0,0,0,0,0,0,0,0,0,0,0,0,0,1,1,4,512
124,cn5112,vertex_exchange_prepare,compute,1.38599998536e-05,1,0,0,0,0,0,0,0,0,0,0,0,0,0,0,0,0,0,0
124,cn5112,vertex_exchange,communication,0.0230608329998,1,0,0,0,0,0,0,806,0,0,0,0,0,2,0,2,4,49588,44836
124,cn5112,vertex_exchange_unpack,compute,0.000649267999961,1,0,0,0,0,0,0,0,0,0,0,0,0,0,0,0,0,0,0
124,cn5112,partition_result_io,io,0,0,0,0,0,0,0,0,0,0,0,0,0,0,0,0,0,0,0,0
124,cn5112,volume_exchange_pack,compute,0.112336412,2,0,0,0,0,0,0,1,0,0,0,0,0,0,0,0,0,0,0
124,cn5112,volume_size_exchange,communication,0.0665132489999,1,0,0,0,0,0,0,1,0,0,0,0,0,0,0,5,5,20,20
124,cn5112,volume_payload_prepare,compute,7.53809999878e-05,1,0,0,0,0,0,0,0,0,0,0,0,0,0,0,0,0,0,0
124,cn5112,volume_payload_exchange,communication,0.00653049799985,1,0,0,0,0,0,0,5,0,0,0,0,0,0,0,5,5,990240,995880
124,cn5112,volume_exchange_unpack,compute,0.081043741,1,0,0,0,0,0,0,2470,0,0,0,0,0,0,0,0,0,0,0
124,cn5112,final_mesh_save,io,0,0,0,0,0,0,0,0,0,0,0,0,0,0,0,0,0,0,0,0
124,cn5112,testout_io,io,0,0,0,0,0,0,0,0,0,0,0,0,0,0,0,0,0,0,0,0
124,cn5112,final_count_exchange,communication,0,0,0,0,0,0,0,0,0,0,0,0,0,0,0,0,0,0,0,0
124,cn5112,quality_evaluation,postprocess,0,0,0,0,0,0,0,0,0,0,0,0,0,0,0,0,0,0,0,0
125,cn5113,geometry_load,io,1.950886906,1,0,0,0,0,0,0,5896,0,1035097,0,10428416,0,203,2,0,0,0,0
125,cn5113,coarse_local_size,setup,0.516744755,1,0,0,0,0,0,0,8557,0,0,0,0,0,191,32,0,0,0,0
125,cn5113,coarse_edge_mesh,setup,0.0144000700002,1,0,0,0,0,0,0,529,0,0,0,0,0,2,0,0,0,0,0
125,cn5113,coarse_surface_mesh,setup,8.498863742,1,0,0,0,0,0,0,15700,0,0,0,0,0,24,8,0,0,0,0
125,cn5113,coarse_volume_mesh,setup,13.38161871,1,0,0,0,0,0,0,27793,0,0,0,0,0,37762,1522523,0,0,0,0
125,cn5113,coarse_mesh_save,io,0,0,0,0,0,0,0,0,0,0,0,0,0,0,0,0,0,0,0,0
125,cn5113,submesh_initialization,setup,0.000183841999842,1,0,0,0,0,0,0,55,0,0,0,0,0,0,0,0,0,0,0
125,cn5113,metis_partition,compute,0.251404805,1,0,0,0,0,0,0,2085,0,0,0,0,0,0,0,0,0,0,0
125,cn5113,face_map_setup,compute,0.0077198619997,1,0,0,0,0,0,0,565,0,0,0,0,0,0,0,0,0,0,0
125,cn5113,face_local_extract,compute,0.157875848,1,0,0,0,0,0,0,788,0,0,0,0,0,0,0,0,0,0,0
125,cn5113,face_pre_collective_wait,synchronization,0.0197868620003,1,0,0,0,0,0,0,9,0,0,0,0,0,0,0,0,0,0,0
125,cn5113,face_collective_setup,compute,0.00256105399967,1,0,0,0,0,0,0,16,0,0,0,0,0,3,0,0,0,0,0
125,cn5113,face_allgatherv,communication,0.228423782,1,0,0,0,0,0,0,637,0,0,0,0,0,1,0,1,1,37904,4859624
125,cn5113,face_global_merge,compute,0.0799929580003,1,0,0,0,0,0,0,503,0,0,0,0,0,0,0,0,0,0,0
125,cn5113,part_face_create,compute,0.0192592950002,1,0,0,0,0,0,0,20,0,0,0,0,0,0,0,0,0,0,0
125,cn5113,surface_refine,compute,0.00994297199986,1,0,0,0,0,0,0,50,0,0,0,0,0,0,0,0,0,0,0
125,cn5113,refined_surface_save,io,0,0,0,0,0,0,0,0,0,0,0,0,0,0,0,0,0,0,0,0
125,cn5113,local_volume_mesh,compute,8.354250869,1,0,0,0,0,0,0,4526,0,0,0,0,0,14804,684268,0,0,0,0
125,cn5113,volume_refine,compute,0.447174135,1,0,0,0,0,0,0,6796,0,0,0,0,0,0,0,0,0,0,0
125,cn5113,refined_volume_save,io,0,0,0,0,0,0,0,0,0,0,0,0,0,0,0,0,0,0,0,0
125,cn5113,adjacency_build,compute,0.00430183700018,1,0,0,0,0,0,0,4,0,0,0,0,0,0,0,0,0,0,0
125,cn5113,vertex_numbering_local,compute,0.00958660700007,1,0,0,0,0,0,0,2,0,0,0,0,0,0,0,0,0,0,0
125,cn5113,vertex_count_allgather,communication,3.097234429,1,0,0,0,0,0,0,72,0,0,0,0,0,0,3,1,1,4,512
125,cn5113,element_count_allgather,communication,0.000885171999926,1,0,0,0,0,0,0,0,0,0,0,0,0,0,0,1,1,4,512
125,cn5113,vertex_exchange_prepare,compute,9.99210001282e-05,1,0,0,0,0,0,0,24,0,0,0,0,0,0,0,0,0,0,0
125,cn5113,vertex_exchange,communication,0.0150571600002,1,0,0,0,0,0,0,34,0,0,0,0,0,2,0,3,3,53174,90310
125,cn5113,vertex_exchange_unpack,compute,0.00129013700007,1,0,0,0,0,0,0,0,0,0,0,0,0,0,0,0,0,0,0
125,cn5113,partition_result_io,io,0,0,0,0,0,0,0,0,0,0,0,0,0,0,0,0,0,0,0,0
125,cn5113,volume_exchange_pack,compute,0.149956103,2,0,0,0,0,0,0,719,0,0,0,0,0,0,1,0,0,0,0
125,cn5113,volume_size_exchange,communication,0.0405909569999,1,0,0,0,0,0,0,1,0,0,0,0,0,0,0,4,4,16,16
125,cn5113,volume_payload_prepare,compute,0.000183061999905,1,0,0,0,0,0,0,34,0,0,0,0,0,0,0,0,0,0,0
125,cn5113,volume_payload_exchange,communication,0.00319720200014,1,0,0,0,0,0,0,106,0,0,0,0,0,0,0,4,4,1533120,1516920
125,cn5113,volume_exchange_unpack,compute,0.101900868,1,0,0,0,0,0,0,4279,0,0,0,0,0,0,0,0,0,0,0
125,cn5113,final_mesh_save,io,0,0,0,0,0,0,0,0,0,0,0,0,0,0,0,0,0,0,0,0
125,cn5113,testout_io,io,0,0,0,0,0,0,0,0,0,0,0,0,0,0,0,0,0,0,0,0
125,cn5113,final_count_exchange,communication,0,0,0,0,0,0,0,0,0,0,0,0,0,0,0,0,0,0,0,0
125,cn5113,quality_evaluation,postprocess,0,0,0,0,0,0,0,0,0,0,0,0,0,0,0,0,0,0,0,0
126,cn5114,geometry_load,io,2.061743139,1,0,0,0,0,0,0,5896,0,1035097,0,10428416,0,203,17,0,0,0,0
126,cn5114,coarse_local_size,setup,0.507580544,1,0,0,0,0,0,0,8017,0,0,0,0,0,222,36,0,0,0,0
126,cn5114,coarse_edge_mesh,setup,0.0142933540001,1,0,0,0,0,0,0,488,0,0,0,0,0,2,0,0,0,0,0
126,cn5114,coarse_surface_mesh,setup,8.480807308,1,0,0,0,0,0,0,17161,0,0,0,0,0,24,75,0,0,0,0
126,cn5114,coarse_volume_mesh,setup,13.434867547,1,0,0,0,0,0,0,28047,0,0,0,0,0,40206,1658337,0,0,0,0
126,cn5114,coarse_mesh_save,io,0,0,0,0,0,0,0,0,0,0,0,0,0,0,0,0,0,0,0,0
126,cn5114,submesh_initialization,setup,0.00020256200014,1,0,0,0,0,0,0,61,0,0,0,0,0,0,0,0,0,0,0
126,cn5114,metis_partition,compute,0.244539699,1,0,0,0,0,0,0,2139,0,0,0,0,0,0,2,0,0,0,0
126,cn5114,face_map_setup,compute,0.00779575499973,1,0,0,0,0,0,0,580,0,0,0,0,0,0,0,0,0,0,0
126,cn5114,face_local_extract,compute,0.163233408,1,0,0,0,0,0,0,857,0,0,0,0,0,0,3,0,0,0,0
126,cn5114,face_pre_collective_wait,synchronization,0.021174598,1,0,0,0,0,0,0,11,0,0,0,0,0,0,0,0,0,0,0
126,cn5114,face_collective_setup,compute,0.00276343299993,1,0,0,0,0,0,0,16,0,0,0,0,0,3,0,0,0,0,0
126,cn5114,face_allgatherv,communication,0.2282338,1,0,0,0,0,0,0,667,0,0,0,0,0,1,2,1,1,37904,4859624
126,cn5114,face_global_merge,compute,0.0795784889997,1,0,0,0,0,0,0,533,0,0,0,0,0,0,0,0,0,0,0
126,cn5114,part_face_create,compute,0.0193238749998,1,0,0,0,0,0,0,28,0,0,0,0,0,0,0,0,0,0,0
126,cn5114,surface_refine,compute,0.00962241700017,1,0,0,0,0,0,0,50,0,0,0,0,0,0,0,0,0,0,0
126,cn5114,refined_surface_save,io,0,0,0,0,0,0,0,0,0,0,0,0,0,0,0,0,0,0,0,0
126,cn5114,local_volume_mesh,compute,9.311349287,1,0,0,0,0,0,0,3588,0,0,0,0,0,17593,773227,0,0,0,0
126,cn5114,volume_refine,compute,0.425695787,1,0,0,0,0,0,0,5977,0,0,0,0,0,0,3,0,0,0,0
126,cn5114,refined_volume_save,io,0,0,0,0,0,0,0,0,0,0,0,0,0,0,0,0,0,0,0,0
126,cn5114,adjacency_build,compute,0.00458573600008,1,0,0,0,0,0,0,6,0,0,0,0,0,0,0,0,0,0,0
126,cn5114,vertex_numbering_local,compute,0.011208077,1,0,0,0,0,0,0,4,0,0,0,0,0,0,1,0,0,0,0
126,cn5114,vertex_count_allgather,communication,2.160153319,1,0,0,0,0,0,0,44,0,0,0,0,0,0,17,1,1,4,512
126,cn5114,element_count_allgather,communication,0.000897730999895,1,0,0,0,0,0,0,0,0,0,0,0,0,0,0,1,1,4,512
126,cn5114,vertex_exchange_prepare,compute,2.79800001408e-05,1,0,0,0,0,0,0,0,0,0,0,0,0,0,0,0,0,0,0
126,cn5114,vertex_exchange,communication,0.0238043699997,1,0,0,0,0,0,0,818,0,0,0,0,0,2,0,2,6,59796,161612
126,cn5114,vertex_exchange_unpack,compute,0.00233970799991,1,0,0,0,0,0,0,0,0,0,0,0,0,0,0,0,0,0,0
126,cn5114,partition_result_io,io,0,0,0,0,0,0,0,0,0,0,0,0,0,0,0,0,0,0,0,0
126,cn5114,volume_exchange_pack,compute,0.156575988,2,0,0,0,0,0,0,1,0,0,0,0,0,0,2,0,0,0,0
126,cn5114,volume_size_exchange,communication,0.0243835370002,1,0,0,0,0,0,0,26,0,0,0,0,0,0,0,7,7,28,28
126,cn5114,volume_payload_prepare,compute,0.0003235639997,1,0,0,0,0,0,0,102,0,0,0,0,0,0,0,0,0,0,0
126,cn5114,volume_payload_exchange,communication,0.0031552989999,1,0,0,0,0,0,0,414,0,0,0,0,0,0,0,7,7,2357160,2362560
126,cn5114,volume_exchange_unpack,compute,0.111564399,1,0,0,0,0,0,0,4226,0,0,0,0,0,0,1,0,0,0,0
126,cn5114,final_mesh_save,io,0,0,0,0,0,0,0,0,0,0,0,0,0,0,0,0,0,0,0,0
126,cn5114,testout_io,io,0,0,0,0,0,0,0,0,0,0,0,0,0,0,0,0,0,0,0,0
126,cn5114,final_count_exchange,communication,0,0,0,0,0,0,0,0,0,0,0,0,0,0,0,0,0,0,0,0
126,cn5114,quality_evaluation,postprocess,0,0,0,0,0,0,0,0,0,0,0,0,0,0,0,0,0,0,0,0
127,cn5115,geometry_load,io,3.233432911,1,0,0,0,0,0,0,5897,0,1035097,0,10428416,0,203,2,0,0,0,0
127,cn5115,coarse_local_size,setup,0.540658646,1,0,0,0,0,0,0,8647,0,0,0,0,0,190,28,0,0,0,0
127,cn5115,coarse_edge_mesh,setup,0.0149107980001,1,0,0,0,0,0,0,487,0,0,0,0,0,2,0,0,0,0,0
127,cn5115,coarse_surface_mesh,setup,8.657851562,1,0,0,0,0,0,0,15419,0,0,0,0,0,24,11,0,0,0,0
127,cn5115,coarse_volume_mesh,setup,13.594127912,1,0,0,0,0,0,0,27908,0,0,0,0,0,36753,1670147,0,0,0,0
127,cn5115,coarse_mesh_save,io,0,0,0,0,0,0,0,0,0,0,0,0,0,0,0,0,0,0,0,0
127,cn5115,submesh_initialization,setup,0.000197242000013,1,0,0,0,0,0,0,62,0,0,0,0,0,0,0,0,0,0,0
127,cn5115,metis_partition,compute,0.248354992,1,0,0,0,0,0,0,1901,0,0,0,0,0,0,0,0,0,0,0
127,cn5115,face_map_setup,compute,0.00780031300019,1,0,0,0,0,0,0,573,0,0,0,0,0,0,0,0,0,0,0
127,cn5115,face_local_extract,compute,0.161758303,1,0,0,0,0,0,0,904,0,0,0,0,0,0,0,0,0,0,0
127,cn5115,face_pre_collective_wait,synchronization,0.0188258039998,1,0,0,0,0,0,0,13,0,0,0,0,0,0,0,0,0,0,0
127,cn5115,face_collective_setup,compute,0.00331845999972,1,0,0,0,0,0,0,16,0,0,0,0,0,3,0,0,0,0,0
127,cn5115,face_allgatherv,communication,0.227440843,1,0,0,0,0,0,0,1207,0,0,0,0,0,1,1,1,1,45816,4859624
127,cn5115,face_global_merge,compute,0.0809919829999,1,0,0,0,0,0,0,597,0,0,0,0,0,0,0,0,0,0,0
127,cn5115,part_face_create,compute,0.0193700499999,1,0,0,0,0,0,0,19,0,0,0,0,0,0,0,0,0,0,0
127,cn5115,surface_refine,compute,0.00986391699962,1,0,0,0,0,0,0,47,0,0,0,0,0,0,0,0,0,0,0
127,cn5115,refined_surface_save,io,0,0,0,0,0,0,0,0,0,0,0,0,0,0,0,0,0,0,0,0
127,cn5115,local_volume_mesh,compute,8.792709565,1,0,0,0,0,0,0,4192,0,0,0,0,0,14723,799839,0,0,0,0
127,cn5115,volume_refine,compute,0.445733557,1,0,0,0,0,0,0,6771,0,0,0,0,0,0,0,0,0,0,0
127,cn5115,refined_volume_save,io,0,0,0,0,0,0,0,0,0,0,0,0,0,0,0,0,0,0,0,0
127,cn5115,adjacency_build,compute,0.00435401200002,1,0,0,0,0,0,0,6,0,0,0,0,0,0,0,0,0,0,0
127,cn5115,vertex_numbering_local,compute,0.00831383900004,1,0,0,0,0,0,0,4,0,0,0,0,0,0,0,0,0,0,0
127,cn5115,vertex_count_allgather,communication,2.660436201,1,0,0,0,0,0,0,46,0,0,0,0,0,0,3,1,1,4,512
127,cn5115,element_count_allgather,communication,0.000868690000061,1,0,0,0,0,0,0,0,0,0,0,0,0,0,0,1,1,4,512
127,cn5115,vertex_exchange_prepare,compute,1.97600002139e-05,1,0,0,0,0,0,0,0,0,0,0,0,0,0,0,0,0,0,0
127,cn5115,vertex_exchange,communication,0.00461789399969,1,0,0,0,0,0,0,20,0,0,0,0,0,2,0,0,3,0,94358
127,cn5115,vertex_exchange_unpack,compute,0.00139391599987,1,0,0,0,0,0,0,0,0,0,0,0,0,0,0,0,0,0,0
127,cn5115,partition_result_io,io,0,0,0,0,0,0,0,0,0,0,0,0,0,0,0,0,0,0,0,0
127,cn5115,volume_exchange_pack,compute,0.121392723,2,0,0,0,0,0,0,382,0,0,0,0,0,0,0,0,0,0,0
127,cn5115,volume_size_exchange,communication,0.0650457729998,1,0,0,0,0,0,0,2,0,0,0,0,0,0,0,3,3,12,12
127,cn5115,volume_payload_prepare,compute,0.000135102000058,1,0,0,0,0,0,0,34,0,0,0,0,0,0,0,0,0,0,0
127,cn5115,volume_payload_exchange,communication,0.016862601,1,0,0,0,0,0,0,130,0,0,0,0,0,0,0,3,3,991320,992040
127,cn5115,volume_exchange_unpack,compute,0.0818021720002,1,0,0,0,0,0,0,3896,0,0,0,0,0,0,0,0,0,0,0
127,cn5115,final_mesh_save,io,0,0,0,0,0,0,0,0,0,0,0,0,0,0,0,0,0,0,0,0
127,cn5115,testout_io,io,0,0,0,0,0,0,0,0,0,0,0,0,0,0,0,0,0,0,0,0
127,cn5115,final_count_exchange,communication,0,0,0,0,0,0,0,0,0,0,0,0,0,0,0,0,0,0,0,0
127,cn5115,quality_evaluation,postprocess,0,0,0,0,0,0,0,0,0,0,0,0,0,0,0,0,0,0,0,0
