rank,host,stage,category,time_s,calls,cache_references,cache_misses,cache_miss_rate_percent,instructions,cycles,ipc,minor_faults,major_faults,rchar_bytes,wchar_bytes,physical_read_bytes,physical_write_bytes,voluntary_context_switches,involuntary_context_switches,send_messages,receive_messages,send_bytes,receive_bytes
0,cn2408,geometry_load,io,1.713873569,1,1395120573,25973071,1.86170797726,3314844742,3705098850,0.894671067143,4964,0,1035181,0,0,0,2,5,0,0,0,0
0,cn2408,coarse_local_size,setup,0.451301037,1,266140393,6554640,2.46285050011,633129473,873617881,0.724721284637,9641,0,0,0,0,0,99,20,0,0,0,0
0,cn2408,coarse_edge_mesh,setup,0.012577042,1,6293277,177250,2.81649766886,12806544,24842441,0.515510693977,492,0,0,0,0,0,0,0,0,0,0,0
0,cn2408,coarse_surface_mesh,setup,8.188410515,1,5673714461,162761614,2.86869589788,15314076264,17891928509,0.855920939786,14784,0,0,0,0,0,0,8,0,0,0,0
0,cn2408,coarse_volume_mesh,setup,13.514656521,1,5594494322,123637586,2.20998679923,13966913087,24121589564,0.579021256039,33786,0,0,0,0,0,40067,1542355,0,0,0,0
0,cn2408,coarse_mesh_save,io,0,0,0,0,0,0,0,0,0,0,0,0,0,0,0,0,0,0,0,0
0,cn2408,submesh_initialization,setup,0.000136302000101,1,3180125600,64920461,2.04144330023,8460559053,14781624299,0.57237005094,6,0,0,0,0,0,0,0,0,0,0,0
0,cn2408,metis_partition,compute,0.14820883,1,3264094929,70525412,2.16064218517,8655593197,15104183056,0.573059341568,860,0,0,0,0,0,0,0,0,0,0,0
0,cn2408,face_map_setup,compute,0.00723539299997,1,3183161026,64982624,2.04144947331,8468457151,14796742027,0.572319037228,222,0,0,0,0,0,0,0,0,0,0,0
0,cn2408,face_local_extract,compute,0.162748618,1,3241494600,67052916,2.06858021605,8624485730,15136000909,0.569799498682,764,0,0,0,0,0,0,1,0,0,0,0
0,cn2408,face_pre_collective_wait,synchronization,0.022588111,1,3209567972,65162608,2.03026103726,8518956352,14831047988,0.574400160993,0,0,0,0,0,0,0,0,0,0,0,0
0,cn2408,face_collective_setup,compute,0.00011140100014,1,3180045690,64917004,2.04138588965,8460413207,14781513922,0.572364458177,16,0,0,0,0,0,0,0,0,0,0,0
0,cn2408,face_allgatherv,communication,0.056750212,1,3301585767,65485243,1.98344818585,8697070210,14904053087,0.583537253875,766,0,0,0,0,0,0,0,1,1,151800,4859624
0,cn2408,face_global_merge,compute,0.0775664799999,1,3198354979,65795168,2.05715652052,8504917098,14950807132,0.568860063735,355,0,0,0,0,0,0,0,0,0,0,0
0,cn2408,part_face_create,compute,0.018887644,1,3184752493,65099682,2.04410490746,8471101348,14822712890,0.571494665711,2,0,0,0,0,0,0,0,0,0,0,0
0,cn2408,surface_refine,compute,0.021191993,1,3188860264,65225655,2.04542217595,8478675616,14827644355,0.571815415383,36,0,0,0,0,0,0,0,0,0,0,0
0,cn2408,refined_surface_save,io,0,0,0,0,0,0,0,0,0,0,0,0,0,0,0,0,0,0,0,0
0,cn2408,local_volume_mesh,compute,18.516439927,1,10680348561,244085981,2.28537467299,28756892469,49510071119,0.580829148879,10705,0,0,0,0,0,31682,1857990,0,0,0,0
0,cn2408,volume_refine,compute,1.64486334,1,10036726645,244888597,2.43992494427,26505613383,47703997155,0.555626676248,9114,0,0,0,0,0,0,2,0,0,0,0
0,cn2408,refined_volume_save,io,0,0,0,0,0,0,0,0,0,0,0,0,0,0,0,0,0,0,0,0
0,cn2408,adjacency_build,compute,0.00368690799996,1,9485924348,224034129,2.3617532755,25456483041,44418944138,0.57309968832,9,0,0,0,0,0,0,0,0,0,0,0
0,cn2408,vertex_numbering_local,compute,0.02099273,1,9494158302,224207695,2.36153314352,25476153341,44456841633,0.573053604467,7,0,0,0,0,0,0,0,0,0,0,0
0,cn2408,vertex_count_allgather,communication,7.501309799,1,19197467355,304622393,1.58678427402,44736952917,60896649347,0.734637346992,77,0,0,0,0,0,0,8,1,1,4,128
0,cn2408,element_count_allgather,communication,0.00210848699999,1,9487808635,224023250,2.36116956632,25460136801,44415501453,0.573226372958,4,0,0,0,0,0,0,0,1,1,4,128
0,cn2408,vertex_exchange_prepare,compute,3.27610000568e-05,1,9485151821,224001111,2.36159752872,25454861626,44410915990,0.573166778,13,0,0,0,0,0,0,0,0,0,0,0
0,cn2408,vertex_exchange,communication,0.00359550599978,1,9490652801,224037311,2.36061012554,25465754749,44418343428,0.573316174888,80,0,0,0,0,0,0,0,4,2,259006,2376
0,cn2408,vertex_exchange_unpack,compute,0.000202002999913,1,9485166174,224001476,2.36159780325,25454893180,44411075049,0.573165435692,131,0,0,0,0,0,0,0,0,0,0,0
0,cn2408,partition_result_io,io,0,0,0,0,0,0,0,0,0,0,0,0,0,0,0,0,0,0,0,0
0,cn2408,volume_exchange_pack,compute,0.464729809,2,19253403104,451694533,2.34605036086,51715255488,89833143350,0.57568124146,2107,0,0,0,0,0,0,0,0,0,0,0
0,cn2408,volume_size_exchange,communication,0.110626386,1,9629757761,225205311,2.33863941949,25741923016,44654135151,0.576473442582,0,0,0,0,0,0,0,0,3,3,12,12
0,cn2408,volume_payload_prepare,compute,0.000230102999922,1,9485152017,224001190,2.3615983128,25454902030,44411013218,0.573166432953,69,0,0,0,0,0,0,0,0,0,0,0
0,cn2408,volume_payload_exchange,communication,0.00227823,1,9485565398,224013341,2.36162349423,25455771797,44412581560,0.573165776518,539,0,0,0,0,0,0,0,3,3,2796960,2793480
0,cn2408,volume_exchange_unpack,compute,0.336547897,1,9719633392,228985548,2.35590725252,26117685897,45066007140,0.579542931679,14766,0,0,0,0,0,0,0,0,0,0,0
0,cn2408,final_mesh_save,io,0,0,0,0,0,0,0,0,0,0,0,0,0,0,0,0,0,0,0,0
0,cn2408,testout_io,io,0,0,0,0,0,0,0,0,0,0,0,0,0,0,0,0,0,0,0,0
0,cn2408,final_count_exchange,communication,0,0,0,0,0,0,0,0,0,0,0,0,0,0,0,0,0,0,0,0
0,cn2408,quality_evaluation,postprocess,0,0,0,0,0,0,0,0,0,0,0,0,0,0,0,0,0,0,0,0
1,cn2409,geometry_load,io,1.878657672,1,1400451342,22941137,1.63812453257,3316573727,4064358751,0.816014020953,7222,0,1035180,0,0,0,2,18,0,0,0,0
1,cn2409,coarse_local_size,setup,0.4920885,1,267123616,6118747,2.29060503583,632425036,935110763,0.676310295019,7832,0,0,0,0,0,116,25,0,0,0,0
1,cn2409,coarse_edge_mesh,setup,0.012553198,1,6253539,165259,2.64264762721,12751661,24741614,0.515393256075,551,0,0,0,0,0,0,0,0,0,0,0
1,cn2409,coarse_surface_mesh,setup,8.459043647,1,5673816356,163966254,2.88987594437,15312962831,18473555245,0.828912606584,16067,0,0,0,0,0,0,72,0,0,0,0
1,cn2409,coarse_volume_mesh,setup,13.589027569,1,5580125849,123628316,2.21551125092,13938508356,24083710239,0.578752535123,34817,0,0,0,0,0,38050,1667643,0,0,0,0
1,cn2409,coarse_mesh_save,io,0,0,0,0,0,0,0,0,0,0,0,0,0,0,0,0,0,0,0,0
1,cn2409,submesh_initialization,setup,0.000130941999942,1,4018174306,96490272,2.40134610029,9796051875,17460228727,0.561049458639,2,0,0,0,0,0,0,0,0,0,0,0
1,cn2409,metis_partition,compute,0.152342013,1,4102062377,102161448,2.49048987097,9991085280,17791479872,0.561565724261,831,0,0,0,0,0,0,1,0,0,0,0
1,cn2409,face_map_setup,compute,0.00729023100007,1,4021189878,96551201,2.40106048034,9803951081,17475445419,0.56101294393,216,0,0,0,0,0,0,0,0,0,0,0
1,cn2409,face_local_extract,compute,0.161385906,1,4079557663,98699856,2.41937641659,9959976894,17811959392,0.559173568433,740,0,0,0,0,0,0,1,0,0,0,0
1,cn2409,face_pre_collective_wait,synchronization,0.0198397290001,1,4043991044,96665360,2.39034555092,9847133137,17503584538,0.562578088826,0,0,0,0,0,0,0,0,0,0,0,0
1,cn2409,face_collective_setup,compute,0.000105141000176,1,4018094549,96486735,2.40130573891,9795905947,17460112482,0.561044836172,16,0,0,0,0,0,0,0,0,0,0,0
1,cn2409,face_allgatherv,communication,0.0566111109999,1,4136301225,96951656,2.34392155518,10025803549,17577218985,0.570386223074,678,0,0,0,0,0,0,2,1,1,151800,4859624
1,cn2409,face_global_merge,compute,0.0798277619999,1,4036404882,97364414,2.41215677927,9840407920,17633734081,0.558044477409,561,0,0,0,0,0,0,0,0,0,0,0
1,cn2409,part_face_create,compute,0.0194874050001,1,4022810455,96668483,2.40300864486,9806877011,17502611336,0.560309363142,3,0,0,0,0,0,0,0,0,0,0,0
1,cn2409,surface_refine,compute,0.0320687230001,1,4030354873,96947845,2.40544190412,9820852213,17525331160,0.560380407271,985,0,0,0,0,0,0,1,0,0,0,0
1,cn2409,refined_surface_save,io,0,0,0,0,0,0,0,0,0,0,0,0,0,0,0,0,0,0,0,0
1,cn2409,local_volume_mesh,compute,21.933028412,1,13073779691,317987301,2.43225225234,34093607734,58935207794,0.578493043635,21768,0,0,0,0,0,36304,2031678,0,0,0,0
1,cn2409,volume_refine,compute,1.98436004,1,12320603885,320256183,2.59935459324,31609326622,57041964268,0.554141622359,15329,0,0,0,0,0,0,18,0,0,0,0
1,cn2409,refined_volume_save,io,0,0,0,0,0,0,0,0,0,0,0,0,0,0,0,0,0,0,0,0
1,cn2409,adjacency_build,compute,0.00394820999986,1,11672622225,293235314,2.5121631485,30370192408,53095193734,0.571995133122,6,0,0,0,0,0,0,0,0,0,0,0
1,cn2409,vertex_numbering_local,compute,0.029396809,1,11683025309,293462429,2.51187018121,30395274874,53149056376,0.571887385149,301,0,0,0,0,0,0,0,0,0,0,0
1,cn2409,vertex_count_allgather,communication,3.72273267,1,16659475791,334489689,2.00780440631,40193898295,61269254868,0.656020680872,69,0,0,0,0,0,0,32,1,1,4,128
1,cn2409,element_count_allgather,communication,0.00193312500005,1,11674309297,293221303,2.51168009636,30373397594,53090812750,0.572102705171,0,0,0,0,0,0,0,0,1,1,4,128
1,cn2409,vertex_exchange_prepare,compute,0.000113661000114,1,11671771533,293200314,2.51204637763,30368407172,53086603133,0.572054065993,29,0,0,0,0,0,0,0,0,0,0,0
1,cn2409,vertex_exchange,communication,0.00331140200001,1,11677118829,293233940,2.51118400261,30379035936,53093344819,0.572181617857,46,0,0,0,0,0,0,0,5,2,216524,109956
1,cn2409,vertex_exchange_unpack,compute,0.00161362000017,1,11672407784,293211597,2.51200611241,30369937347,53090104118,0.572045164566,0,0,0,0,0,0,0,0,0,0,0,0
1,cn2409,partition_result_io,io,0,0,0,0,0,0,0,0,0,0,0,0,0,0,0,0,0,0,0,0
1,cn2409,volume_exchange_pack,compute,0.573719164,2,23671144768,590783236,2.49579495115,61672577268,107416967118,0.574141859733,1579,0,0,0,0,0,0,5,0,0,0,0
1,cn2409,volume_size_exchange,communication,3.76010000309e-05,1,11671775592,293200544,2.5120474746,30368408159,53086635580,0.572053734941,0,0,0,0,0,0,0,0,5,5,20,20
1,cn2409,volume_payload_prepare,compute,0.000255783000057,1,11671772296,293200386,2.51204683029,30368533770,53086909511,0.572053149255,34,0,0,0,0,0,0,0,0,0,0,0
1,cn2409,volume_payload_exchange,communication,0.0114743639999,1,11684365923,293281717,2.51003536634,30393425595,53108398868,0.572290376717,343,0,0,0,0,0,0,0,5,5,3443280,3438840
1,cn2409,volume_exchange_unpack,compute,0.388961624,1,11935959612,302185993,2.53172767689,31113623133,53845378061,0.577832754703,16722,0,0,0,0,0,0,3,0,0,0,0
1,cn2409,final_mesh_save,io,0,0,0,0,0,0,0,0,0,0,0,0,0,0,0,0,0,0,0,0
1,cn2409,testout_io,io,0,0,0,0,0,0,0,0,0,0,0,0,0,0,0,0,0,0,0,0
1,cn2409,final_count_exchange,communication,0,0,0,0,0,0,0,0,0,0,0,0,0,0,0,0,0,0,0,0
1,cn2409,quality_evaluation,postprocess,0,0,0,0,0,0,0,0,0,0,0,0,0,0,0,0,0,0,0,0
2,cn2410,geometry_load,io,1.770109078,1,1414973263,27369556,1.9342807893,3316823357,3827660023,0.866540742143,6602,0,1035180,0,0,0,2,3,0,0,0,0
2,cn2410,coarse_local_size,setup,0.459010163,1,269685497,7074148,2.62311028168,632325228,895010204,0.706500579741,8409,0,0,0,0,0,79,21,0,0,0,0
2,cn2410,coarse_edge_mesh,setup,0.012391497,1,6251244,157709,2.52284185356,12754612,24539492,0.51975859973,482,0,0,0,0,0,0,0,0,0,0,0
2,cn2410,coarse_surface_mesh,setup,8.214812422,1,5675610964,166001266,2.92481755802,15313319335,17940987700,0.853538255032,16890,0,0,0,0,0,0,10,0,0,0,0
2,cn2410,coarse_volume_mesh,setup,13.612579964,1,5629920682,124552727,2.21233537798,14034837863,24190002546,0.580191665392,33307,0,0,0,0,0,40467,1605215,0,0,0,0
2,cn2410,coarse_mesh_save,io,0,0,0,0,0,0,0,0,0,0,0,0,0,0,0,0,0,0,0,0
2,cn2410,submesh_initialization,setup,0.000129441999889,1,3067007843,59001832,1.92375875838,8111088919,14014844851,0.578749818869,4,0,0,0,0,0,0,0,0,0,0,0
2,cn2410,metis_partition,compute,0.141967301,1,3151243435,64600524,2.05000106569,8306112383,14323816538,0.57988123214,777,0,0,0,0,0,0,0,0,0,0,0
2,cn2410,face_map_setup,compute,0.00753271500002,1,3070095923,59064356,1.92386027933,8118987414,14030625727,0.578661819649,217,0,0,0,0,0,0,0,0,0,0,0
2,cn2410,face_local_extract,compute,0.159726146,1,3128399772,61200978,1.95630298109,8275016678,14363063906,0.576131717589,647,0,0,0,0,0,0,0,0,0,0,0
2,cn2410,face_pre_collective_wait,synchronization,0.0316462619999,1,3109151561,58997714,1.89755027513,8194271131,14084165536,0.581807357351,0,0,0,0,0,0,0,0,0,0,0,0
2,cn2410,face_collective_setup,compute,0.000113380999892,1,3066927913,58998363,1.92369578528,8110943089,14014739283,0.57874377291,16,0,0,0,0,0,0,0,0,0,0,0
2,cn2410,face_allgatherv,communication,0.056544498,1,3184536369,59432563,1.86628620664,8339555792,14130429354,0.590184175093,668,0,0,0,0,0,0,1,1,1,151800,4859624
2,cn2410,face_global_merge,compute,0.0784080149999,1,3085132749,59863376,1.94038250119,8155444788,14185411930,0.574917727327,504,0,0,0,0,0,0,0,0,0,0,0
2,cn2410,part_face_create,compute,0.0192057840002,1,3071627234,59180125,1.9266701488,8121842443,14056638059,0.577794093361,3,0,0,0,0,0,0,0,0,0,0,0
2,cn2410,surface_refine,compute,0.0309505719999,1,3078557976,59432496,1.93053034776,8134558109,14077510764,0.577840659856,984,0,0,0,0,0,0,0,0,0,0,0
2,cn2410,refined_surface_save,io,0,0,0,0,0,0,0,0,0,0,0,0,0,0,0,0,0,0,0,0
2,cn2410,local_volume_mesh,compute,22.183678827,1,12509154312,286489669,2.2902401062,33504833504,55532029465,0.603342500297,25568,0,0,0,0,0,41566,2144839,0,0,0,0
2,cn2410,volume_refine,compute,1.981667422,1,11889707365,294008558,2.4727989426,31423054538,54582244299,0.575701035045,13819,0,0,0,0,0,0,2,0,0,0,0
2,cn2410,refined_volume_save,io,0,0,0,0,0,0,0,0,0,0,0,0,0,0,0,0,0,0,0,0
2,cn2410,adjacency_build,compute,0.00370160700004,1,11239505923,268552827,2.38936505608,30174892675,50632017892,0.595964647101,5,0,0,0,0,0,0,0,0,0,0,0
2,cn2410,vertex_numbering_local,compute,0.025945869,1,11248239828,268737596,2.38915243726,30195731610,50678184916,0.595832934034,584,0,0,0,0,0,0,0,0,0,0,0
2,cn2410,vertex_count_allgather,communication,3.48143041,1,15603809265,304683641,1.95262346409,38766404905,58276939892,0.665210029505,70,0,0,0,0,0,0,3,1,1,4,128
2,cn2410,element_count_allgather,communication,0.00191950400017,1,11241200030,268519178,2.38870563003,30178125777,50628141011,0.596074143241,0,0,0,0,0,0,0,0,1,1,4,128
2,cn2410,vertex_exchange_prepare,compute,0.000150061999875,1,11238740158,268519006,2.38922692602,30173279861,50623978740,0.596027428345,34,0,0,0,0,0,0,0,0,0,0,0
2,cn2410,vertex_exchange,communication,0.00235405000012,1,11242652664,268545083,2.38862740872,30180951787,50628716116,0.596123190599,49,0,0,0,0,0,0,0,3,2,108240,146982
2,cn2410,vertex_exchange_unpack,compute,0.00216090800018,1,11239585239,268533987,2.38918057286,30175323229,50628669261,0.596012568955,0,0,0,0,0,0,0,0,0,0,0,0
2,cn2410,partition_result_io,io,0,0,0,0,0,0,0,0,0,0,0,0,0,0,0,0,0,0,0,0
2,cn2410,volume_exchange_pack,compute,0.543357174,2,22792518266,541686561,2.37659812171,61246981010,102427862006,0.597952352129,1383,0,0,0,0,0,0,1,0,0,0,0
2,cn2410,volume_size_exchange,communication,0.0305912079998,1,11279825008,268519233,2.3805265845,30254390574,50691152005,0.596837700019,0,0,0,0,0,0,0,0,3,3,12,12
2,cn2410,volume_payload_prepare,compute,0.00019488199996,1,11238740012,268518957,2.38922652106,30173442156,50624343881,0.596026335214,0,0,0,0,0,0,0,0,0,0,0,0
2,cn2410,volume_payload_exchange,communication,0.0123383769999,1,11254037398,268529126,2.38606925234,30203535452,50649928161,0.596319413445,19,0,0,0,0,0,0,0,3,3,2737440,2731920
2,cn2410,volume_exchange_unpack,compute,0.37520602,1,11500826518,277066253,2.40909862058,30913599629,51352395304,0.601989438779,17190,0,0,0,0,0,0,0,0,0,0,0
2,cn2410,final_mesh_save,io,0,0,0,0,0,0,0,0,0,0,0,0,0,0,0,0,0,0,0,0
2,cn2410,testout_io,io,0,0,0,0,0,0,0,0,0,0,0,0,0,0,0,0,0,0,0,0
2,cn2410,final_count_exchange,communication,0,0,0,0,0,0,0,0,0,0,0,0,0,0,0,0,0,0,0,0
2,cn2410,quality_evaluation,postprocess,0,0,0,0,0,0,0,0,0,0,0,0,0,0,0,0,0,0,0,0
3,cn2411,geometry_load,io,1.758053041,1,1408392818,26366451,1.87209496264,3316424925,3796896286,0.873456811878,6310,0,1035180,0,0,0,2,5,0,0,0,0
3,cn2411,coarse_local_size,setup,0.462650803,1,268404545,6350775,2.36612051409,632572187,891069415,0.709902254921,8806,0,0,0,0,0,100,21,0,0,0,0
3,cn2411,coarse_edge_mesh,setup,0.0125548789999,1,6285420,162295,2.5820867977,12752154,24716816,0.515930288108,517,0,0,0,0,0,0,0,0,0,0,0
3,cn2411,coarse_surface_mesh,setup,8.230331241,1,5674642209,163976724,2.88963987439,15311785133,17964963784,0.852313721146,17455,0,0,0,0,0,0,11,0,0,0,0
3,cn2411,coarse_volume_mesh,setup,13.55908403,1,5580411204,125986482,2.25765588582,13945878291,23969581219,0.581815683953,32886,0,0,0,0,0,39423,1639977,0,0,0,0
3,cn2411,coarse_mesh_save,io,0,0,0,0,0,0,0,0,0,0,0,0,0,0,0,0,0,0,0,0
3,cn2411,submesh_initialization,setup,0.00013146099991,1,4552815976,112474066,2.47042855659,11102006264,19718488917,0.56302520496,3,0,0,0,0,0,0,0,0,0,0,0
3,cn2411,metis_partition,compute,0.147419019,1,4637235468,118176458,2.54842478489,11297045729,20039122037,0.563749534942,925,0,0,0,0,0,0,0,0,0,0,0
3,cn2411,face_map_setup,compute,0.00735328199994,1,4555846487,112543312,2.47030518524,11109902181,19733872592,0.562986414816,222,0,0,0,0,0,0,0,0,0,0,0
3,cn2411,face_local_extract,compute,0.156431319,1,4614170360,114642328,2.48457076908,11265932899,20059526732,0.561625059729,650,0,0,0,0,0,0,0,0,0,0,0
3,cn2411,face_pre_collective_wait,synchronization,0.0295969689998,1,4593094807,112469934,2.44867434107,11181475097,19783296993,0.56519775753,0,0,0,0,0,0,0,0,0,0,0,0
3,cn2411,face_collective_setup,compute,0.000121200999956,1,4552734966,112470593,2.47039623084,11101860393,19718384980,0.56302077499,16,0,0,0,0,0,0,0,0,0,0,0
3,cn2411,face_allgatherv,communication,0.0564800879999,1,4670537882,112884555,2.41694977863,11330964421,19834570435,0.571273497358,1342,0,0,0,0,0,0,1,1,1,151800,4859624
3,cn2411,face_global_merge,compute,0.0790432380002,1,4570962721,113345160,2.47967806605,11146362666,19890314905,0.560391462842,561,0,0,0,0,0,0,0,0,0,0,0
3,cn2411,part_face_create,compute,0.0192729349999,1,4557467869,112651794,2.47180665313,11112680183,19760419770,0.562370653678,3,0,0,0,0,0,0,0,0,0,0,0
3,cn2411,surface_refine,compute,0.029647049,1,4563659514,112902566,2.47394805975,11123966859,19778216459,0.562435287431,986,0,0,0,0,0,0,0,0,0,0,0
3,cn2411,refined_surface_save,io,0,0,0,0,0,0,0,0,0,0,0,0,0,0,0,0,0,0,0,0
3,cn2411,local_volume_mesh,compute,23.968024446,1,14869859907,353843659,2.3796031786,38944706634,64330462707,0.605385147179,19996,0,0,0,0,0,43104,2417441,0,0,0,0
3,cn2411,volume_refine,compute,2.022965265,1,14185286646,357731445,2.5218485458,36541885440,63358561623,0.576747396152,12280,0,0,0,0,0,0,2,0,0,0,0
3,cn2411,refined_volume_save,io,0,0,0,0,0,0,0,0,0,0,0,0,0,0,0,0,0,0,0,0
3,cn2411,adjacency_build,compute,0.00388156300005,1,13526334482,332923260,2.4612969644,35283605425,59324374891,0.594757306585,9,0,0,0,0,0,0,0,0,0,0,0
3,cn2411,vertex_numbering_local,compute,0.0268427579999,1,13535149307,333123736,2.46117518503,35305002061,59370450082,0.594656129644,836,0,0,0,0,0,0,0,0,0,0,0
3,cn2411,vertex_count_allgather,communication,1.65536426,1,15737244472,332892848,2.11531852728,39655459393,62954053240,0.629911139189,72,0,0,0,0,0,0,2,1,1,4,128
3,cn2411,element_count_allgather,communication,0.00187934099995,1,13527983290,332889120,2.46074461258,35286760484,59320034186,0.594854014638,0,0,0,0,0,0,0,0,1,1,4,128
3,cn2411,vertex_exchange_prepare,compute,0.000149201999875,1,13525530876,332888969,2.46118967198,35281938904,59315963119,0.594813555218,34,0,0,0,0,0,0,0,0,0,0,0
3,cn2411,vertex_exchange,communication,0.00334417700014,1,13530445380,332921574,2.46053669816,35291804970,59322778690,0.594911528916,50,0,0,0,0,0,0,0,2,4,136488,135520
3,cn2411,vertex_exchange_unpack,compute,0.00201180199997,1,13526302077,332903225,2.46115474211,35283794791,59320319281,0.594801161198,0,0,0,0,0,0,0,0,0,0,0,0
3,cn2411,partition_result_io,io,0,0,0,0,0,0,0,0,0,0,0,0,0,0,0,0,0,0,0,0
3,cn2411,volume_exchange_pack,compute,0.570160459,2,27391867349,670267730,2.4469588782,71538490673,119873335309,0.596784017802,1169,0,0,0,0,0,0,0,0,0,0,0
3,cn2411,volume_size_exchange,communication,0.0129020640002,1,13542716610,332889763,2.45807228037,35315977124,59344222460,0.59510388139,1,0,0,0,0,0,0,0,4,4,16,16
3,cn2411,volume_payload_prepare,compute,0.000265102999947,1,13525531371,332889001,2.46118981849,35282005524,59316102304,0.594813282626,68,0,0,0,0,0,0,0,0,0,0,0
3,cn2411,volume_payload_exchange,communication,0.00322821600002,1,13527285888,332899660,2.46094939337,35285483737,59319713593,0.594835706374,431,0,0,0,0,0,0,0,4,4,2873520,2884800
3,cn2411,volume_exchange_unpack,compute,0.395772199,1,13803021978,339153139,2.45709337811,36068378615,60084306303,0.600296164411,17824,0,0,0,0,0,0,1,0,0,0,0
3,cn2411,final_mesh_save,io,0,0,0,0,0,0,0,0,0,0,0,0,0,0,0,0,0,0,0,0
3,cn2411,testout_io,io,0,0,0,0,0,0,0,0,0,0,0,0,0,0,0,0,0,0,0,0
3,cn2411,final_count_exchange,communication,0,0,0,0,0,0,0,0,0,0,0,0,0,0,0,0,0,0,0,0
3,cn2411,quality_evaluation,postprocess,0,0,0,0,0,0,0,0,0,0,0,0,0,0,0,0,0,0,0,0
4,cn2412,geometry_load,io,1.74219563,1,1402688755,21858071,1.55829801316,3315794792,3765762510,0.880510861531,6282,0,1035180,0,0,0,2,3,0,0,0,0
4,cn2412,coarse_local_size,setup,0.458259857,1,267757002,5985903,2.2355729095,632682756,883511632,0.716100086388,8874,0,0,0,0,0,95,21,0,0,0,0
4,cn2412,coarse_edge_mesh,setup,0.0123639670001,1,6276295,157333,2.506781469,12748721,24518916,0.519954511855,490,0,0,0,0,0,0,0,0,0,0,0
4,cn2412,coarse_surface_mesh,setup,8.142577296,1,5659451939,162492144,2.87116395282,15310260637,17677700264,0.866077623693,11205,0,0,0,0,0,0,10,0,0,0,0
4,cn2412,coarse_volume_mesh,setup,13.622004436,1,5610462005,125548074,2.23774929566,14022274155,23931195809,0.585941223619,21291,0,0,0,0,0,40557,1643293,0,0,0,0
4,cn2412,coarse_mesh_save,io,0,0,0,0,0,0,0,0,0,0,0,0,0,0,0,0,0,0,0,0
4,cn2412,submesh_initialization,setup,0.000121780999962,1,3786286256,71994043,1.90144215551,10056951255,17049794039,0.589857638866,1,0,0,0,0,0,0,0,0,0,0,0
4,cn2412,metis_partition,compute,0.131780218,1,3869741498,77653835,2.00669308377,10251987339,17338415500,0.591287441404,59,0,0,0,0,0,0,0,0,0,0,0
4,cn2412,face_map_setup,compute,0.00680248000003,1,3789339900,72063218,1.90173539196,10064836269,17064440367,0.589813439676,3,0,0,0,0,0,0,0,0,0,0,0
4,cn2412,face_local_extract,compute,0.154080441,1,3847547650,74140196,1.92694679168,10220876668,17387375965,0.587833189354,25,0,0,0,0,0,0,0,0,0,0,0
4,cn2412,face_pre_collective_wait,synchronization,0.0482390700001,1,3849167054,72495985,1.8834200746,10177066106,17155611888,0.59322081733,0,0,0,0,0,0,0,0,0,0,0,0
4,cn2412,face_collective_setup,compute,0.000107801000013,1,3786206477,71990524,1.90138927809,10056805395,17049687433,0.589852772053,15,0,0,0,0,0,0,0,0,0,0,0
4,cn2412,face_allgatherv,communication,0.058478311,1,3909441801,72536398,1.85541572665,10296389254,17173555603,0.599549067882,117,0,0,0,0,0,0,1,1,1,151800,4859624
4,cn2412,face_global_merge,compute,0.0727483600001,1,3804389545,72857780,1.91509778739,10101306722,17209320518,0.586967202536,0,0,0,0,0,0,0,0,0,0,0,0
4,cn2412,part_face_create,compute,0.0177967709999,1,3790808315,72178798,1.90404768594,10067543159,17088521416,0.58914068186,2,0,0,0,0,0,0,0,0,0,0,0
4,cn2412,surface_refine,compute,0.020224139,1,3795553067,72318688,1.90535309936,10076090381,17093908130,0.589455044708,1,0,0,0,0,0,0,0,0,0,0,0
4,cn2412,refined_surface_save,io,0,0,0,0,0,0,0,0,0,0,0,0,0,0,0,0,0,0,0,0
4,cn2412,local_volume_mesh,compute,17.198417905,1,10837537823,237957037,2.19567433938,28862478192,49509472887,0.582968803927,6579,0,0,0,0,0,24754,1652768,0,0,0,0
4,cn2412,volume_refine,compute,1.49512159,1,10799183034,252392775,2.33714693237,28314130651,50272745130,0.563210355388,8550,0,0,0,0,0,0,1,0,0,0,0
4,cn2412,refined_volume_save,io,0,0,0,0,0,0,0,0,0,0,0,0,0,0,0,0,0,0,0,0
4,cn2412,adjacency_build,compute,0.00353276200008,1,10288573736,229336390,2.22903966949,27334157741,47309068205,0.57777840017,0,0,0,0,0,0,0,0,0,0,0,0
4,cn2412,vertex_numbering_local,compute,0.0237661409999,1,10298652194,229548725,2.22892006328,27358240457,47353425043,0.577745758246,2,0,0,0,0,0,0,0,0,0,0,0
4,cn2412,vertex_count_allgather,communication,8.971838777,1,22266033861,328580416,1.4757024895,50923384751,67006313956,0.759978899667,89,0,0,0,0,0,0,13,1,1,4,128
4,cn2412,element_count_allgather,communication,0.002112205,1,10290454988,229323936,2.22851114229,27337566459,47305920773,0.577888898732,4,0,0,0,0,0,0,0,1,1,4,128
4,cn2412,vertex_exchange_prepare,compute,2.30009998177e-05,1,10287759027,229302130,2.22888317464,27332429573,47301327513,0.577836416229,5,0,0,0,0,0,0,0,0,0,0,0
4,cn2412,vertex_exchange,communication,0.00437373199998,1,10294693290,229351842,2.22786474098,27346011464,47310396435,0.578012731336,156,0,0,0,0,0,0,0,4,1,337436,1430
4,cn2412,vertex_exchange_unpack,compute,7.28610000351e-05,1,10287768176,229302416,2.22888397247,27332449196,47301401622,0.57783592576,23,0,0,0,0,0,0,0,0,0,0,0
4,cn2412,partition_result_io,io,0,0,0,0,0,0,0,0,0,0,0,0,0,0,0,0,0,0,0,0
4,cn2412,volume_exchange_pack,compute,0.463144153,2,20827862092,462200579,2.21914557029,55378875843,95606585038,0.57923704545,2259,0,0,0,0,0,0,1,0,0,0,0
4,cn2412,volume_size_exchange,communication,0.047759845,1,10349627170,229817311,2.22053709979,27454802665,47406288450,0.579138413123,0,0,0,0,0,0,0,0,4,4,16,16
4,cn2412,volume_payload_prepare,compute,0.000226702999953,1,10287759882,229302239,2.22888404891,27332466833,47301414352,0.577836143114,68,0,0,0,0,0,0,0,0,0,0,0
4,cn2412,volume_payload_exchange,communication,0.124256988,1,10445592530,230624325,2.2078625443,27644428673,47569899069,0.581132800658,750,0,0,0,0,0,0,0,4,4,3645480,3635280
4,cn2412,volume_exchange_unpack,compute,0.334986159,1,10506227879,234457483,2.23160477481,27941416097,47960735596,0.582589398386,13572,0,0,0,0,0,0,0,0,0,0,0
4,cn2412,final_mesh_save,io,0,0,0,0,0,0,0,0,0,0,0,0,0,0,0,0,0,0,0,0
4,cn2412,testout_io,io,0,0,0,0,0,0,0,0,0,0,0,0,0,0,0,0,0,0,0,0
4,cn2412,final_count_exchange,communication,0,0,0,0,0,0,0,0,0,0,0,0,0,0,0,0,0,0,0,0
4,cn2412,quality_evaluation,postprocess,0,0,0,0,0,0,0,0,0,0,0,0,0,0,0,0,0,0,0,0
5,cn2413,geometry_load,io,1.738086652,1,1400653384,26708157,1.90683557439,3315928686,3755084170,0.883050428667,6280,0,1035180,0,0,0,2,4,0,0,0,0
5,cn2413,coarse_local_size,setup,0.451173778,1,266353065,6157488,2.31177666381,632444513,871282148,0.725877965538,8824,0,0,0,0,0,82,21,0,0,0,0
5,cn2413,coarse_edge_mesh,setup,0.0126280950001,1,6316442,170721,2.70280325538,12805446,24897700,0.514322447455,518,0,0,0,0,0,0,0,0,0,0,0
5,cn2413,coarse_surface_mesh,setup,8.145625525,1,5661038364,164875861,2.91246676667,15314881043,17695444694,0.865470255641,14299,0,0,0,0,0,0,8,0,0,0,0
5,cn2413,coarse_volume_mesh,setup,13.754315252,1,5619432259,128800513,2.2920556217,14027741184,24151398020,0.580825224792,26913,0,0,0,0,0,41276,1725550,0,0,0,0
5,cn2413,coarse_mesh_save,io,0,0,0,0,0,0,0,0,0,0,0,0,0,0,0,0,0,0,0,0
5,cn2413,submesh_initialization,setup,0.000123862000009,1,1703979789,36628062,2.14955965067,4536238152,8321431914,0.545127112603,1,0,0,0,0,0,0,0,0,0,0,0
5,cn2413,metis_partition,compute,0.13738764,1,1787315158,42278375,2.36546838484,4731271578,8620823375,0.548818990042,596,0,0,0,0,0,0,0,0,0,0,0
5,cn2413,face_map_setup,compute,0.00709545899986,1,1707011162,36694571,2.1496386091,4544137124,8336278944,0.545103775261,212,0,0,0,0,0,0,0,0,0,0,0
5,cn2413,face_local_extract,compute,0.160877424,1,1765425651,38793226,2.19738656103,4700163889,8672083635,0.541987841311,645,0,0,0,0,0,0,0,0,0,0,0
5,cn2413,face_pre_collective_wait,synchronization,0.0355147509999,1,1750022477,37008187,2.11472638131,4627371678,8399105512,0.550936248079,0,0,0,0,0,0,0,1,0,0,0,0
5,cn2413,face_collective_setup,compute,0.00011804199994,1,1703899740,36624720,2.14946449842,4536092306,8321336051,0.545115865794,13,0,0,0,0,0,0,0,0,0,0,0
5,cn2413,face_allgatherv,communication,0.059159378,1,1819896043,37126873,2.04005460327,4760868147,8445121006,0.5637418509,826,0,0,0,0,0,0,0,1,1,151800,4859624
5,cn2413,face_global_merge,compute,0.076924683,1,1722142455,37506251,2.17788318795,4580594974,8489114756,0.53958452744,392,0,0,0,0,0,0,0,0,0,0,0
5,cn2413,part_face_create,compute,0.018426355,1,1708485175,36801085,2.1540183982,4546775306,8361506522,0.543774652814,2,0,0,0,0,0,0,0,0,0,0,0
5,cn2413,surface_refine,compute,0.0207660670001,1,1712767022,36928551,2.1560755506,4554275172,8366559151,0.544342672992,33,0,0,0,0,0,0,0,0,0,0,0
5,cn2413,refined_surface_save,io,0,0,0,0,0,0,0,0,0,0,0,0,0,0,0,0,0,0,0,0
5,cn2413,local_volume_mesh,compute,18.25648048,1,9059475829,211901413,2.33900301739,24250014175,42513624603,0.570405708792,9272,0,0,0,0,0,33012,1804676,0,0,0,0
5,cn2413,volume_refine,compute,1.511818003,1,8708548740,222732958,2.55763577434,22904302136,42230834441,0.542359686688,9604,0,0,0,0,0,0,1,0,0,0,0
5,cn2413,refined_volume_save,io,0,0,0,0,0,0,0,0,0,0,0,0,0,0,0,0,0,0,0,0
5,cn2413,adjacency_build,compute,0.00380985299989,1,8203302874,202391210,2.46719172885,21945270066,39233533925,0.559349818142,4,0,0,0,0,0,0,0,0,0,0,0
5,cn2413,vertex_numbering_local,compute,0.0260990410002,1,8214561005,202618594,2.46657848029,21972339176,39281782531,0.559351886811,64,0,0,0,0,0,0,1,0,0,0,0
5,cn2413,vertex_count_allgather,communication,7.888626251,1,18564028368,288619870,1.55472650805,42442697394,56563658790,0.750352758324,83,0,0,0,0,0,0,8,1,1,4,128
5,cn2413,element_count_allgather,communication,0.00208432900013,1,8205089161,202378121,2.46649508651,21948684162,39229761418,0.559490635901,2,0,0,0,0,0,0,0,1,1,4,128
5,cn2413,vertex_exchange_prepare,compute,0.000132080999947,1,8202445507,202355937,2.4670195837,21943456616,39225257833,0.559421603025,38,0,0,0,0,0,0,0,0,0,0,0
5,cn2413,vertex_exchange,communication,0.0034669879999,1,8208595844,202389656,2.46558193199,21955620022,39232161703,0.559633195545,148,0,0,0,0,0,0,0,3,1,246092,171776
5,cn2413,vertex_exchange_unpack,compute,0.00362571000005,1,8203428982,202375372,2.4669607361,21945807287,39230933856,0.559400583416,1213,0,0,0,0,0,0,0,0,0,0,0
5,cn2413,partition_result_io,io,0,0,0,0,0,0,0,0,0,0,0,0,0,0,0,0,0,0,0,0
5,cn2413,volume_exchange_pack,compute,0.489883814,2,16675106863,411970467,2.4705716754,44650741003,79511344232,0.56156440863,2277,0,0,0,0,0,0,1,0,0,0,0
5,cn2413,volume_size_exchange,communication,0.0166927900002,1,8224176512,202537096,2.46270366041,21986468484,39261872941,0.559995406155,0,0,0,0,0,0,0,0,3,3,12,12
5,cn2413,volume_payload_prepare,compute,0.000304804000052,1,8202445914,202356005,2.46702029031,21943547610,39225465736,0.559420957744,68,0,0,0,0,0,0,0,0,0,0,0
5,cn2413,volume_payload_exchange,communication,0.124508602,1,8360141944,203679494,2.43631621765,22255779618,39494108009,0.563521515992,712,0,0,0,0,0,0,0,3,3,4481520,4483800
5,cn2413,volume_exchange_unpack,compute,0.344001196,1,8422924830,207678012,2.46562822525,22559659788,39901525641,0.56538338887,13763,0,0,0,0,0,0,0,0,0,0,0
5,cn2413,final_mesh_save,io,0,0,0,0,0,0,0,0,0,0,0,0,0,0,0,0,0,0,0,0
5,cn2413,testout_io,io,0,0,0,0,0,0,0,0,0,0,0,0,0,0,0,0,0,0,0,0
5,cn2413,final_count_exchange,communication,0,0,0,0,0,0,0,0,0,0,0,0,0,0,0,0,0,0,0,0
5,cn2413,quality_evaluation,postprocess,0,0,0,0,0,0,0,0,0,0,0,0,0,0,0,0,0,0,0,0
6,cn2414,geometry_load,io,1.740489623,1,1400428579,24310256,1.73591544507,3316085550,3704094373,0.895248667035,5347,0,1035180,0,0,0,2,18,0,0,0,0
6,cn2414,coarse_local_size,setup,0.453103929,1,266389776,6226221,2.33725974528,632633835,874663506,0.723288248178,8421,0,0,0,0,0,80,22,0,0,0,0
6,cn2414,coarse_edge_mesh,setup,0.0120789129999,1,6259601,164855,2.63363431631,12750546,23831289,0.535033837238,500,0,0,0,0,0,0,0,0,0,0,0
6,cn2414,coarse_surface_mesh,setup,8.133351194,1,5658766389,162450519,2.87077620514,15313652406,17756744802,0.862413273196,16406,0,0,0,0,0,0,71,0,0,0,0
6,cn2414,coarse_volume_mesh,setup,13.611117915,1,5606703191,122269970,2.18078192896,13999356175,24014741836,0.582948435199,31132,0,0,0,0,0,40198,1655793,0,0,0,0
6,cn2414,coarse_mesh_save,io,0,0,0,0,0,0,0,0,0,0,0,0,0,0,0,0,0,0,0,0
6,cn2414,submesh_initialization,setup,0.000126381999962,1,4472129524,108328736,2.42230765944,10867140425,19594246768,0.554608735598,1,0,0,0,0,0,0,0,0,0,0,0
6,cn2414,metis_partition,compute,0.14102297,1,4556067820,113934154,2.50071242355,11062195691,19901632224,0.555843639682,562,0,0,0,0,0,0,1,0,0,0,0
6,cn2414,face_map_setup,compute,0.00731357299992,1,4475182015,108390132,2.42202734183,10875037060,19609454734,0.554581308227,210,0,0,0,0,0,0,1,0,0,0,0
6,cn2414,face_local_extract,compute,0.161185185,1,4533521749,110471442,2.43676876645,11031064749,19945448873,0.553061744523,715,0,0,0,0,0,0,1,0,0,0,0
6,cn2414,face_pre_collective_wait,synchronization,0.031366618,1,4510802542,108948801,2.4152864149,10943733724,19662959658,0.556565945023,0,0,0,0,0,0,0,0,0,0,0,0
6,cn2414,face_collective_setup,compute,0.000113461000183,1,4472043312,108325201,2.42227531002,10866994560,19594139841,0.554604317831,16,0,0,0,0,0,0,0,0,0,0,0
6,cn2414,face_allgatherv,communication,0.059320613,1,4587664547,108813200,2.3718647884,11091570302,19717594959,0.562521459897,1221,0,0,0,0,0,0,0,1,1,151800,4859624
6,cn2414,face_global_merge,compute,0.078727699,1,4490227154,109200981,2.43197008202,10911497299,19765230307,0.552055155924,532,0,0,0,0,0,0,1,0,0,0,0
6,cn2414,part_face_create,compute,0.018394593,1,4476608751,108504135,2.42380205721,10877485237,19634273548,0.554004975555,2,0,0,0,0,0,0,0,0,0,0,0
6,cn2414,surface_refine,compute,0.0177439250001,1,4478990540,108598740,2.42462534873,10881243378,19632690186,0.554241078268,37,0,0,0,0,0,0,0,0,0,0,0
6,cn2414,refined_surface_save,io,0,0,0,0,0,0,0,0,0,0,0,0,0,0,0,0,0,0,0,0
6,cn2414,local_volume_mesh,compute,14.625670007,1,10382349610,241857854,2.32950982278,26716508429,46949636396,0.569046120052,8914,0,0,0,0,0,25095,1525501,0,0,0,0
6,cn2414,volume_refine,compute,1.34771164,1,9762749355,247171391,2.53178056726,24717565511,45767093284,0.540072871957,6868,0,0,0,0,0,0,11,0,0,0,0
6,cn2414,refined_volume_save,io,0,0,0,0,0,0,0,0,0,0,0,0,0,0,0,0,0,0,0,0
6,cn2414,adjacency_build,compute,0.00382198800003,1,9332703907,228998298,2.45371866805,23910934363,43125079522,0.554455426588,3,0,0,0,0,0,0,0,0,0,0,0
6,cn2414,vertex_numbering_local,compute,0.022811389,1,9342629584,229171481,2.45296550548,23934754429,43164901096,0.554495755145,313,0,0,0,0,0,0,0,0,0,0,0
6,cn2414,vertex_count_allgather,communication,11.687759012,1,24554902879,355795509,1.44897950016,54062467772,68802754079,0.785760228579,90,0,0,0,0,0,0,100,1,1,4,128
6,cn2414,element_count_allgather,communication,0.0022015080001,1,9334651752,228986455,2.45307978362,23914696067,43121584957,0.554587594376,2,0,0,0,0,0,0,0,1,1,4,128
6,cn2414,vertex_exchange_prepare,compute,0.000156421999918,1,9331872985,228963293,2.45356203806,23909204079,43116854655,0.554521063058,50,0,0,0,0,0,0,0,0,0,0,0
6,cn2414,vertex_exchange,communication,0.0038682500001,1,9338246228,229007993,2.45236618749,23921859881,43124695324,0.554713713367,133,0,0,0,0,0,0,0,1,3,206932,180972
6,cn2414,vertex_exchange_unpack,compute,0.00387404999992,1,9332891289,228982276,2.45349773087,23911633990,43122866740,0.554500101632,1306,0,0,0,0,0,0,0,0,0,0,0
6,cn2414,partition_result_io,io,0,0,0,0,0,0,0,0,0,0,0,0,0,0,0,0,0,0,0,0
6,cn2414,volume_exchange_pack,compute,0.439285094,2,18907443328,461503918,2.44085839632,48507182910,87178517699,0.556412109202,3360,0,0,0,0,0,0,4,0,0,0,0
6,cn2414,volume_size_exchange,communication,0.130993582,1,9500991438,231782025,2.43955619277,24244263551,43404604771,0.558564320051,0,0,0,0,0,0,0,2,4,4,16,16
6,cn2414,volume_payload_prepare,compute,0.00029950399994,1,9331872741,228963131,2.45356036623,23909454070,43117417757,0.554519619072,0,0,0,0,0,0,0,0,0,0,0,0
6,cn2414,volume_payload_exchange,communication,0.00290971699997,1,9334019386,229008836,2.45348575495,23913519728,43121375592,0.554563007318,22,0,0,0,0,0,0,0,4,4,4168440,4181040
6,cn2414,volume_exchange_unpack,compute,0.298633569,1,9524585771,235483022,2.4723702181,24447243397,43704868447,0.55937116998,11774,0,0,0,0,0,0,2,0,0,0,0
6,cn2414,final_mesh_save,io,0,0,0,0,0,0,0,0,0,0,0,0,0,0,0,0,0,0,0,0
6,cn2414,testout_io,io,0,0,0,0,0,0,0,0,0,0,0,0,0,0,0,0,0,0,0,0
6,cn2414,final_count_exchange,communication,0,0,0,0,0,0,0,0,0,0,0,0,0,0,0,0,0,0,0,0
6,cn2414,quality_evaluation,postprocess,0,0,0,0,0,0,0,0,0,0,0,0,0,0,0,0,0,0,0,0
7,cn2415,geometry_load,io,1.726326909,1,1394136139,23221833,1.66567900726,3316018665,3678970318,0.901344229057,5233,0,1035180,0,0,0,2,4,0,0,0,0
7,cn2415,coarse_local_size,setup,0.447070362,1,265738009,6442230,2.42427871882,632020739,867703241,0.728383517701,8724,0,0,0,0,0,83,20,0,0,0,0
7,cn2415,coarse_edge_mesh,setup,0.0123093069999,1,6218527,162951,2.62041155405,12755109,24487180,0.520889257154,473,0,0,0,0,0,0,0,0,0,0,0
7,cn2415,coarse_surface_mesh,setup,8.113204449,1,5663262166,163268512,2.88294108968,15312466349,17734673193,0.863419707956,12645,0,0,0,0,0,0,9,0,0,0,0
7,cn2415,coarse_volume_mesh,setup,13.623736238,1,5615681950,123932446,2.20689930633,13997119159,24178013689,0.578919316493,27632,0,0,0,0,0,40641,1621950,0,0,0,0
7,cn2415,coarse_mesh_save,io,0,0,0,0,0,0,0,0,0,0,0,0,0,0,0,0,0,0,0,0
7,cn2415,submesh_initialization,setup,0.000126680999983,1,4854225652,112894006,2.3256851678,11897552158,20898924307,0.569290169352,1,0,0,0,0,0,0,0,0,0,0,0
7,cn2415,metis_partition,compute,0.148414533,1,4939211642,118487217,2.39890949382,12092595088,21221478039,0.569828127229,420,0,0,0,0,0,0,1,0,0,0,0
7,cn2415,face_map_setup,compute,0.00739290899992,1,4857331709,112969984,2.32576218319,11905456307,20914371089,0.569247636295,222,0,0,0,0,0,0,0,0,0,0,0
7,cn2415,face_local_extract,compute,0.160916263,1,4915658360,115140778,2.34232669497,12061477553,21249760063,0.567605352589,646,0,0,0,0,0,0,0,0,0,0,0
7,cn2415,face_pre_collective_wait,synchronization,0.0241250880001,1,4884721200,113142535,2.31625368916,11957341330,20950596899,0.570739888111,0,0,0,0,0,0,0,0,0,0,0,0
7,cn2415,face_collective_setup,compute,0.000116981000019,1,4854142466,112890476,2.32565230194,11897406303,20898818831,0.569286063447,13,0,0,0,0,0,0,0,0,0,0,0
7,cn2415,face_allgatherv,communication,0.0591820469999,1,4978730914,113418119,2.27805280018,12140035954,21026703809,0.577362769946,722,0,0,0,0,0,0,0,1,1,151800,4859624
7,cn2415,face_global_merge,compute,0.0783847760001,1,4872380451,113775809,2.33511750866,11941909116,21069621805,0.566783268657,464,0,0,0,0,0,0,0,0,0,0,0
7,cn2415,part_face_create,compute,0.018760964,1,4858860460,113068701,2.3270621153,11908118286,20939735973,0.568685216535,2,0,0,0,0,0,0,0,0,0,0,0
7,cn2415,surface_refine,compute,0.021634299,1,4863360454,113215274,2.3279227413,11916394092,20945937880,0.568911937019,35,0,0,0,0,0,0,0,0,0,0,0
7,cn2415,refined_surface_save,io,0,0,0,0,0,0,0,0,0,0,0,0,0,0,0,0,0,0,0,0
7,cn2415,local_volume_mesh,compute,16.624438595,1,11614114652,269483634,2.32031146648,29937534711,52355893758,0.57180830203,18515,0,0,0,0,0,27229,1590058,0,0,0,0
7,cn2415,volume_refine,compute,1.515585611,1,11733806858,284976055,2.42867518145,29831190163,53833186877,0.554141262919,9459,0,0,0,0,0,0,1,0,0,0,0
7,cn2415,refined_volume_save,io,0,0,0,0,0,0,0,0,0,0,0,0,0,0,0,0,0,0,0,0
7,cn2415,adjacency_build,compute,0.0039460070002,1,11225882956,264989606,2.3605235066,28866457192,50822708021,0.567983452989,3,0,0,0,0,0,0,0,0,0,0,0
7,cn2415,vertex_numbering_local,compute,0.0263008750001,1,11238629579,265229900,2.35998435695,28897068017,50871767431,0.568037429724,6,0,0,0,0,0,0,0,0,0,0,0
7,cn2415,vertex_count_allgather,communication,9.513696465,1,23359361418,452217391,1.93591504026,52771717010,71724990111,0.735750774288,83,0,0,0,0,0,0,11,1,1,4,128
7,cn2415,element_count_allgather,communication,0.000859549999859,1,11226046044,264961604,2.36023977598,28866617874,50815995510,0.568061642487,2,0,0,0,0,0,0,0,1,1,4,128
7,cn2415,vertex_exchange_prepare,compute,0.000325003999933,1,11224981726,264952981,2.36038674688,28864560101,50814246120,0.568040703248,107,0,0,0,0,0,0,0,0,0,0,0
7,cn2415,vertex_exchange,communication,0.00372754499995,1,11232178284,264978207,2.35909901268,28878695464,50821715820,0.568235349753,102,0,0,0,0,0,0,0,0,4,0,482790
7,cn2415,vertex_exchange_unpack,compute,0.0098089170001,1,11227734127,265009938,2.36031540293,28871177716,50830265874,0.567991869009,2890,0,0,0,0,0,0,0,0,0,0,0
7,cn2415,partition_result_io,io,0,0,0,0,0,0,0,0,0,0,0,0,0,0,0,0,0,0,0,0
7,cn2415,volume_exchange_pack,compute,0.461347532,2,22715114224,534050170,2.35107851422,58472381997,102622729553,0.569780030717,2733,0,0,0,0,0,0,0,0,0,0,0
7,cn2415,volume_size_exchange,communication,0.102005299,1,11357864943,265717708,2.33950402944,29127582569,51038364061,0.570699768789,3,0,0,0,0,0,0,0,4,4,16,16
7,cn2415,volume_payload_prepare,compute,0.00033276399995,1,11224981512,264952877,2.36038586537,28864727544,50814632932,0.568039674371,34,0,0,0,0,0,0,0,0,0,0,0
7,cn2415,volume_payload_exchange,communication,0.00284321399999,1,11225436428,264972645,2.3604663097,28865526734,50816249240,0.568037333839,526,0,0,0,0,0,0,0,4,4,5203200,5196240
7,cn2415,volume_exchange_unpack,compute,0.347450892,1,11449087262,269784077,2.35638065137,29489575710,51499037349,0.572623824212,13563,0,0,0,0,0,0,1,0,0,0,0
7,cn2415,final_mesh_save,io,0,0,0,0,0,0,0,0,0,0,0,0,0,0,0,0,0,0,0,0
7,cn2415,testout_io,io,0,0,0,0,0,0,0,0,0,0,0,0,0,0,0,0,0,0,0,0
7,cn2415,final_count_exchange,communication,0,0,0,0,0,0,0,0,0,0,0,0,0,0,0,0,0,0,0,0
7,cn2415,quality_evaluation,postprocess,0,0,0,0,0,0,0,0,0,0,0,0,0,0,0,0,0,0,0,0
8,cn2416,geometry_load,io,1.712511677,1,1393622227,21911982,1.57230428559,3315754016,3702373293,0.895575284715,4966,0,1035180,0,0,0,2,17,0,0,0,0
8,cn2416,coarse_local_size,setup,0.479786546,1,266103141,5954168,2.23754142008,632447862,877249229,0.720944334965,10048,0,0,0,0,0,104,23,0,0,0,0
8,cn2416,coarse_edge_mesh,setup,0.0126128090001,1,6287626,165636,2.63431699023,12756789,24736812,0.51570060847,531,0,0,0,0,0,0,0,0,0,0,0
8,cn2416,coarse_surface_mesh,setup,8.230641609,1,5668338307,160889667,2.83839210517,15314897508,17816650440,0.859583430655,15083,0,0,0,0,0,1,72,0,0,0,0
8,cn2416,coarse_volume_mesh,setup,13.574782048,1,5565590710,124557069,2.23798470801,13925792711,23615696825,0.589683752048,22748,0,0,0,0,0,42937,1815535,0,0,0,0
8,cn2416,coarse_mesh_save,io,0,0,0,0,0,0,0,0,0,0,0,0,0,0,0,0,0,0,0,0
8,cn2416,submesh_initialization,setup,0.000119961000109,1,3071656518,57172428,1.86128975245,8264107624,14197509011,0.582081519906,1,0,0,0,0,0,0,0,0,0,0,0
8,cn2416,metis_partition,compute,0.133839787,1,3156156283,62846874,1.99124721227,8459133076,14490491646,0.583771295181,61,0,0,0,0,0,0,1,0,0,0,0
8,cn2416,face_map_setup,compute,0.00674658000003,1,3074736954,57233959,1.8614261921,8272007983,14211970546,0.582045111635,3,0,0,0,0,0,0,1,0,0,0,0
8,cn2416,face_local_extract,compute,0.158230815,1,3132959068,59379228,1.89530813238,8428033289,14544129818,0.579480064773,25,0,0,0,0,0,0,1,0,0,0,0
8,cn2416,face_pre_collective_wait,synchronization,0.042081239,1,3125022008,57862644,1.85159156806,8369651494,14289796441,0.585708237941,0,0,0,0,0,0,0,0,0,0,0,0
8,cn2416,face_collective_setup,compute,0.000114660999998,1,3071573355,57168879,1.86122460357,8263961616,14197420144,0.582074879251,16,0,0,0,0,0,0,0,0,0,0,0
8,cn2416,face_allgatherv,communication,0.059194922,1,3195979545,57999224,1.814755795,8506165632,14325546007,0.593776015786,601,0,0,0,0,0,0,1,1,1,151800,4859624
8,cn2416,face_global_merge,compute,0.07428686,1,3089857244,58061469,1.87909875489,8308464619,14359881705,0.578588653422,148,0,0,0,0,0,0,0,0,0,0,0
8,cn2416,part_face_create,compute,0.017929633,1,3076235729,57346712,1.8641845766,8274727072,14236518439,0.581232490756,3,0,0,0,0,0,0,0,0,0,0,0
8,cn2416,surface_refine,compute,0.0208819280001,1,3081121249,57491278,1.86592066179,8283915746,14242931879,0.581615907201,32,0,0,0,0,0,0,0,0,0,0,0
8,cn2416,refined_surface_save,io,0,0,0,0,0,0,0,0,0,0,0,0,0,0,0,0,0,0,0,0
8,cn2416,local_volume_mesh,compute,18.228088078,1,10662797644,237722699,2.22945897443,28550770100,48663303388,0.58670020554,7585,0,0,0,0,0,26718,1713360,0,0,0,0
8,cn2416,volume_refine,compute,1.534463647,1,7505075149,152022256,2.02559272202,19184408938,33191758751,0.577987116679,7714,0,0,0,0,0,0,12,0,0,0,0
8,cn2416,refined_volume_save,io,0,0,0,0,0,0,0,0,0,0,0,0,0,0,0,0,0,0,0,0
8,cn2416,adjacency_build,compute,0.00344226099992,1,6968365666,131560730,1.8879711012,18160903985,30145549260,0.602440639856,0,0,0,0,0,0,0,0,0,0,0,0
8,cn2416,vertex_numbering_local,compute,0.023138474,1,6977809406,131754964,1.88819952415,18183406643,30188178241,0.602335341266,66,0,0,0,0,0,0,1,0,0,0,0
8,cn2416,vertex_count_allgather,communication,7.900761819,1,17129748518,385559636,2.25081900995,38281921115,47500827667,0.80592113854,109,0,0,0,0,0,0,69,1,1,4,128
8,cn2416,element_count_allgather,communication,0.00154285799999,1,6969498697,131574097,1.88785596669,18163049355,30141361208,0.602595524126,1,0,0,0,0,0,0,0,1,1,4,128
8,cn2416,vertex_exchange_prepare,compute,2.04410000606e-05,1,6967571074,131525791,1.88768495654,18159236122,30138000971,0.602536184781,3,0,0,0,0,0,0,0,0,0,0,0
8,cn2416,vertex_exchange,communication,0.00535074300001,1,6975635312,131583276,1.88632676616,18175249458,30149337486,0.602840757826,93,0,0,0,0,0,0,0,4,1,307648,1100
8,cn2416,vertex_exchange_unpack,compute,5.93209999806e-05,1,6967577617,131526042,1.88768678628,18159250700,30138057085,0.602535546627,18,0,0,0,0,0,0,0,0,0,0,0
8,cn2416,partition_result_io,io,0,0,0,0,0,0,0,0,0,0,0,0,0,0,0,0,0,0,0,0
8,cn2416,volume_exchange_pack,compute,0.493954994,2,14194753533,274270426,1.93219576065,37055480809,61345720263,0.604043454868,2330,0,0,0,0,0,0,4,0,0,0,0
8,cn2416,volume_size_exchange,communication,0.137912134,1,7141465449,136157091,1.90657074479,18503595407,30441110483,0.607848896226,4,0,0,0,0,0,0,1,4,4,16,16
8,cn2416,volume_payload_prepare,compute,0.000275982999938,1,6967571773,131525878,1.8876860158,18159385874,30138367839,0.602533819051,34,0,0,0,0,0,0,0,0,0,0,0
8,cn2416,volume_payload_exchange,communication,0.00211116500009,1,6968401303,131555718,1.88788952128,18160969636,30140344582,0.602546848348,231,0,0,0,0,0,0,0,4,4,3300960,3293520
8,cn2416,volume_exchange_unpack,compute,0.334427883,1,7197931329,136626783,1.8981395731,18792329427,30798410375,0.610172057525,11952,0,0,0,0,0,0,3,0,0,0,0
8,cn2416,final_mesh_save,io,0,0,0,0,0,0,0,0,0,0,0,0,0,0,0,0,0,0,0,0
8,cn2416,testout_io,io,0,0,0,0,0,0,0,0,0,0,0,0,0,0,0,0,0,0,0,0
8,cn2416,final_count_exchange,communication,0,0,0,0,0,0,0,0,0,0,0,0,0,0,0,0,0,0,0,0
8,cn2416,quality_evaluation,postprocess,0,0,0,0,0,0,0,0,0,0,0,0,0,0,0,0,0,0,0,0
9,cn2417,geometry_load,io,1.739116614,1,1400162501,25231922,1.80207097262,3317038469,3755834540,0.883169488345,6273,0,1035180,0,0,0,2,17,0,0,0,0
9,cn2417,coarse_local_size,setup,0.460254846,1,266335222,6283624,2.35929140457,631965671,880134983,0.718032669087,8768,0,0,0,0,0,106,24,0,0,0,0
9,cn2417,coarse_edge_mesh,setup,0.0126994679999,1,6305439,175972,2.79079696116,12800878,24979665,0.512451948415,493,0,0,0,0,0,0,0,0,0,0,0
9,cn2417,coarse_surface_mesh,setup,8.243762886,1,5674521012,164743303,2.90321073182,15312882574,17997359213,0.8508405257,17332,0,0,0,0,0,0,71,0,0,0,0
9,cn2417,coarse_volume_mesh,setup,13.641878118,1,5600506733,123277334,2.20118178367,13986390349,24137425560,0.579448305878,35247,0,0,0,0,0,36593,1678072,0,0,0,0
9,cn2417,coarse_mesh_save,io,0,0,0,0,0,0,0,0,0,0,0,0,0,0,0,0,0,0,0,0
9,cn2417,submesh_initialization,setup,0.000132181999788,1,4531217115,107304611,2.36811894634,10992281691,19723030342,0.557332291255,3,0,0,0,0,0,0,0,0,0,0,0
9,cn2417,metis_partition,compute,0.141619851,1,4614892070,112897330,2.44636988878,11187309997,20031763961,0.558478525345,475,0,0,0,0,0,0,1,0,0,0,0
9,cn2417,face_map_setup,compute,0.00719866400004,1,4534251229,107365455,2.36787618457,11000176788,19738051879,0.557308130277,224,0,0,0,0,0,0,0,0,0,0,0
9,cn2417,face_local_extract,compute,0.160153327,1,4592619840,109446764,2.38310088387,11156205303,20071779573,0.555815455347,758,0,0,0,0,0,0,2,0,0,0,0
9,cn2417,face_pre_collective_wait,synchronization,0.0318723509999,1,4572552581,107645645,2.35416964798,11074191316,19792842281,0.559504853259,0,0,0,0,0,0,0,0,0,0,0,0
9,cn2417,face_collective_setup,compute,0.000121460999935,1,4531133814,107301061,2.36808413533,10992135978,19722928150,0.557327791006,16,0,0,0,0,0,0,0,0,0,0,0
9,cn2417,face_allgatherv,communication,0.0591026889999,1,4655067295,107853276,2.31690046921,11233443190,19849800903,0.565922209744,1146,0,0,0,0,0,0,0,1,1,151800,4859624
9,cn2417,face_global_merge,compute,0.078620797,1,4549353048,108176867,2.37785166063,11036638923,19893826439,0.554777079052,556,0,0,0,0,0,0,1,0,0,0,0
9,cn2417,part_face_create,compute,0.0191644429999,1,4535822925,107480611,2.36959450969,11003074588,19764724943,0.556702641688,3,0,0,0,0,0,0,0,0,0,0,0
9,cn2417,surface_refine,compute,0.031573408,1,4543110211,107747272,2.37166317777,11016633261,19786950777,0.556762554532,985,0,0,0,0,0,0,0,0,0,0,0
9,cn2417,refined_surface_save,io,0,0,0,0,0,0,0,0,0,0,0,0,0,0,0,0,0,0,0,0
9,cn2417,local_volume_mesh,compute,25.392450207,1,15082859625,366743316,2.43152376352,39617205998,66836962706,0.592743960737,20480,0,0,0,0,0,43698,2623363,0,0,0,0
9,cn2417,volume_refine,compute,2.250407836,1,14381264113,369078534,2.56638450626,37123707830,65687056335,0.565160168552,14990,0,0,0,0,0,0,19,0,0,0,0
9,cn2417,refined_volume_save,io,0,0,0,0,0,0,0,0,0,0,0,0,0,0,0,0,0,0,0,0
9,cn2417,adjacency_build,compute,0.00381270399998,1,13657866038,341765153,2.5023320045,35704732032,61156288330,0.583827648914,3,0,0,0,0,0,0,0,0,0,0,0
9,cn2417,vertex_numbering_local,compute,0.0266474509999,1,13667930653,341976963,2.50203905538,35729012296,61206342113,0.583746897177,4,0,0,0,0,0,0,0,0,0,0,0
9,cn2417,vertex_count_allgather,communication,0.000182482000127,1,13657086246,341732041,2.5022324297,35703050832,61148142724,0.583877927301,34,0,0,0,0,0,0,0,1,1,4,128
9,cn2417,element_count_allgather,communication,0.00180086099999,1,13659356703,341750321,2.50195033654,35707539615,61151893558,0.583915518186,0,0,0,0,0,0,0,0,1,1,4,128
9,cn2417,vertex_exchange_prepare,compute,2.53410000823e-05,1,13657079181,341731210,2.50222763939,35703048693,61147992473,0.583879327008,0,0,0,0,0,0,0,0,0,0,0,0
9,cn2417,vertex_exchange,communication,0.00274495200006,1,13661468367,341759038,2.50162741529,35711730315,61153590960,0.583967838264,37,0,0,0,0,0,0,0,4,2,148874,151316
9,cn2417,vertex_exchange_unpack,compute,0.0022204249999,1,13657947039,341747414,2.50218728352,35705134427,61152814269,0.583867396028,0,0,0,0,0,0,0,0,0,0,0,0
9,cn2417,partition_result_io,io,0,0,0,0,0,0,0,0,0,0,0,0,0,0,0,0,0,0,0,0
9,cn2417,volume_exchange_pack,compute,0.628857091,2,27711152224,688474706,2.4844679876,72542964647,123664698394,0.586610128752,1114,0,0,0,0,0,0,7,0,0,0,0
9,cn2417,volume_size_exchange,communication,3.60010001259e-05,1,13657082199,341731377,2.50222830924,35703044049,61148007275,0.583879109722,0,0,0,0,0,0,0,0,4,4,16,16
9,cn2417,volume_payload_prepare,compute,0.000223821999953,1,13657079491,341731281,2.50222810247,35703145800,61148218680,0.583878755109,34,0,0,0,0,0,0,0,0,0,0,0
9,cn2417,volume_payload_exchange,communication,0.00220412500016,1,13657505639,341744468,2.50224658172,35703996541,61149790367,0.583877660524,382,0,0,0,0,0,0,0,4,4,3199080,3200040
9,cn2417,volume_exchange_unpack,compute,0.452464735,1,13970733956,348506887,2.49454959272,36593749700,62025086790,0.589983047084,20166,0,0,0,0,0,0,4,0,0,0,0
9,cn2417,final_mesh_save,io,0,0,0,0,0,0,0,0,0,0,0,0,0,0,0,0,0,0,0,0
9,cn2417,testout_io,io,0,0,0,0,0,0,0,0,0,0,0,0,0,0,0,0,0,0,0,0
9,cn2417,final_count_exchange,communication,0,0,0,0,0,0,0,0,0,0,0,0,0,0,0,0,0,0,0,0
9,cn2417,quality_evaluation,postprocess,0,0,0,0,0,0,0,0,0,0,0,0,0,0,0,0,0,0,0,0
10,cn2418,geometry_load,io,1.757894619,1,1400636828,25274952,1.80453287353,3316890650,3742317670,0.886319907203,5273,0,1035180,0,0,0,2,4,0,0,0,0
10,cn2418,coarse_local_size,setup,0.453172469,1,266303911,6982337,2.62194309268,631650895,877383197,0.719925908269,8299,0,0,0,0,0,100,21,0,0,0,0
10,cn2418,coarse_edge_mesh,setup,0.012009974,1,6233282,160228,2.57052384282,12751742,23689125,0.538295188193,483,0,0,0,0,0,0,0,0,0,0,0
10,cn2418,coarse_surface_mesh,setup,8.089902776,1,5661179693,163395638,2.88624715803,15313108895,17670526209,0.86659042939,13888,0,0,0,0,0,0,11,0,0,0,0
10,cn2418,coarse_volume_mesh,setup,13.5645507,1,5629645060,124611716,2.21349151984,14043034726,24110126754,0.582453790861,26518,0,0,0,0,0,38188,1628253,0,0,0,0
10,cn2418,coarse_mesh_save,io,0,0,0,0,0,0,0,0,0,0,0,0,0,0,0,0,0,0,0,0
10,cn2418,submesh_initialization,setup,0.000121161999914,1,4745328754,109659406,2.31089165124,11671123302,20065135567,0.581661821473,1,0,0,0,0,0,0,0,0,0,0,0
10,cn2418,metis_partition,compute,0.142991327,1,4828702647,115254428,2.38686115973,11866142671,20377416358,0.582318310748,388,0,0,0,0,0,0,0,0,0,0,0
10,cn2418,face_map_setup,compute,0.00716883100017,1,4748362421,109723966,2.31077487925,11679018106,20080136949,0.581620440919,223,0,0,0,0,0,0,0,0,0,0,0
10,cn2418,face_local_extract,compute,0.161485843,1,4806703543,111788364,2.32567627689,11835048968,20416266819,0.579687220633,642,0,0,0,0,0,0,0,0,0,0,0
10,cn2418,face_pre_collective_wait,synchronization,0.0292075930001,1,4783241529,109971569,2.29910131724,11746151486,20129101795,0.583540766281,0,0,0,0,0,0,0,0,0,0,0,0
10,cn2418,face_collective_setup,compute,0.000115581999808,1,4745249271,109655979,2.31085813911,11670977426,20065040833,0.581657297542,16,0,0,0,0,0,0,0,0,0,0,0
10,cn2418,face_allgatherv,communication,0.0590210539999,1,4867414986,110176730,2.26355735677,11908772980,20189076029,0.589862208795,676,0,0,0,0,0,0,1,1,1,151800,4859624
10,cn2418,face_global_merge,compute,0.078677366,1,4763458253,110516489,2.32008937898,11715479987,20236483959,0.578928632599,398,0,0,0,0,0,0,0,0,0,0,0
10,cn2418,part_face_create,compute,0.0187558800001,1,4749866988,109829890,2.31227296001,11681738025,20105995909,0.581007679394,3,0,0,0,0,0,0,0,0,0,0,0
10,cn2418,surface_refine,compute,0.022838592,1,4754884905,109971806,2.31281741193,11690857782,20114732521,0.581208712062,36,0,0,0,0,0,0,0,0,0,0,0
10,cn2418,refined_surface_save,io,0,0,0,0,0,0,0,0,0,0,0,0,0,0,0,0,0,0,0,0
10,cn2418,local_volume_mesh,compute,19.725442532,1,12783741198,306942365,2.40103706924,33421753005,57377989935,0.582483859105,16162,0,0,0,0,0,32823,1770130,0,0,0,0
10,cn2418,volume_refine,compute,1.719151024,1,12022849176,310645002,2.58378856336,30868834023,55642744928,0.55476835413,9477,0,0,0,0,0,0,3,0,0,0,0
10,cn2418,refined_volume_save,io,0,0,0,0,0,0,0,0,0,0,0,0,0,0,0,0,0,0,0,0
10,cn2418,adjacency_build,compute,0.00379814899998,1,11439505742,286139977,2.50133164363,29735070880,52191912184,0.569725645904,3,0,0,0,0,0,0,0,0,0,0,0
10,cn2418,vertex_numbering_local,compute,0.0220303409999,1,11447876968,286310583,2.50099283736,29755164611,52231942038,0.569673717844,3,0,0,0,0,0,0,0,0,0,0,0
10,cn2418,vertex_count_allgather,communication,6.211818862,1,19445744589,352806988,1.81431462491,45582434532,65833739214,0.692387141855,71,0,0,0,0,0,0,9,1,1,4,128
10,cn2418,element_count_allgather,communication,0.00041248499997,1,11439191334,286110111,2.50113930824,29734363721,52184522426,0.569792772621,2,0,0,0,0,0,0,0,1,1,4,128
10,cn2418,vertex_exchange_prepare,compute,4.98209999478e-05,1,11438714489,286106026,2.50120786103,29733433802,52183705029,0.569783877658,10,0,0,0,0,0,0,0,0,0,0,0
10,cn2418,vertex_exchange,communication,0.00489044300002,1,11445548192,286133199,2.49995189571,29746947573,52193962552,0.569930814189,80,0,0,0,0,0,0,0,2,4,48532,215842
10,cn2418,vertex_exchange_unpack,compute,0.00474497999994,1,11439950240,286130172,2.50114874626,29736381613,52191042261,0.569760256258,1582,0,0,0,0,0,0,0,0,0,0,0
10,cn2418,partition_result_io,io,0,0,0,0,0,0,0,0,0,0,0,0,0,0,0,0,0,0,0,0
10,cn2418,volume_exchange_pack,compute,0.505812422,2,23183237080,576689264,2.48752692305,60340518870,105470645220,0.572107231772,1363,0,0,0,0,0,0,0,0,0,0,0
10,cn2418,volume_size_exchange,communication,0.122715728,1,11598707651,287438032,2.47819016264,30049972724,52453428257,0.572888631354,2,0,0,0,0,0,0,0,5,5,20,20
10,cn2418,volume_payload_prepare,compute,0.000218323000126,1,11438714602,286106069,2.50120821224,29733520127,52183908190,0.569783313636,34,0,0,0,0,0,0,0,0,0,0,0
10,cn2418,volume_payload_exchange,communication,0.00218400799986,1,11439040617,286119641,2.50125557361,29734254672,52185501534,0.569779992488,377,0,0,0,0,0,0,0,5,5,2783880,2791080
10,cn2418,volume_exchange_unpack,compute,0.348486612,1,11685858097,291028168,2.49043044665,30429929373,52857990844,0.57569213069,16201,0,0,0,0,0,0,1,0,0,0,0
10,cn2418,final_mesh_save,io,0,0,0,0,0,0,0,0,0,0,0,0,0,0,0,0,0,0,0,0
10,cn2418,testout_io,io,0,0,0,0,0,0,0,0,0,0,0,0,0,0,0,0,0,0,0,0
10,cn2418,final_count_exchange,communication,0,0,0,0,0,0,0,0,0,0,0,0,0,0,0,0,0,0,0,0
10,cn2418,quality_evaluation,postprocess,0,0,0,0,0,0,0,0,0,0,0,0,0,0,0,0,0,0,0,0
11,cn2419,geometry_load,io,1.793080908,1,1397244993,22567989,1.61517766126,3316500542,3875265357,0.855812502235,6737,0,1035180,0,0,0,2,4,0,0,0,0
11,cn2419,coarse_local_size,setup,0.470239046,1,266762624,6149814,2.30535069261,632434959,912942669,0.692743345749,8247,0,0,0,0,0,86,21,0,0,0,0
11,cn2419,coarse_edge_mesh,setup,0.012524879,1,6269707,178020,2.8393671347,12752157,24838376,0.51340542554,489,0,0,0,0,0,0,0,0,0,0,0
11,cn2419,coarse_surface_mesh,setup,8.464169786,1,5674210172,164075853,2.89160690257,15311216030,18497151338,0.827760758952,15201,0,0,0,0,0,0,11,0,0,0,0
11,cn2419,coarse_volume_mesh,setup,13.604507793,1,5585175292,124524534,2.22955462433,13944483788,24108231688,0.578411721294,31317,0,0,0,0,0,39523,1661082,0,0,0,0
11,cn2419,coarse_mesh_save,io,0,0,0,0,0,0,0,0,0,0,0,0,0,0,0,0,0,0,0,0
11,cn2419,submesh_initialization,setup,0.000127181999915,1,4753906902,108432863,2.28092104526,11693940479,20243970171,0.577650548792,3,0,0,0,0,0,0,0,0,0,0,0
11,cn2419,metis_partition,compute,0.169730846,1,4837731935,114030915,2.35711520465,11888912690,20614741487,0.576718980323,271,0,0,0,0,0,0,0,0,0,0,0
11,cn2419,face_map_setup,compute,0.0074764630001,1,4756949350,108496638,2.28080288473,11701829999,20259608383,0.577594086607,233,0,0,0,0,0,0,0,0,0,0,0
11,cn2419,face_local_extract,compute,0.163591758,1,4815299018,110607214,2.29699575429,11857868259,20600548154,0.575609356137,763,0,0,0,0,0,0,0,0,0,0,0
11,cn2419,face_pre_collective_wait,synchronization,3.66009999198e-05,1,4753823521,108428610,2.28087158728,11693791968,20243814370,0.577647658404,0,0,0,0,0,0,0,0,0,0,0,0
11,cn2419,face_collective_setup,compute,0.000118720999808,1,4753825002,108429393,2.28088734765,11693794728,20243869195,0.577646230341,16,0,0,0,0,0,0,0,0,0,0,0
11,cn2419,face_allgatherv,communication,0.0589880359998,1,4878165028,108971860,2.23386989523,11935895879,20371396752,0.585914457624,638,0,0,0,0,0,0,1,1,1,151800,4859624
11,cn2419,face_global_merge,compute,0.0798484669999,1,4772102008,109313461,2.29067737481,11738297396,20417611143,0.574910419921,520,0,0,0,0,0,0,0,0,0,0,0
11,cn2419,part_face_create,compute,0.0189457899999,1,4758340942,108612299,2.28256655679,11704373519,20285178466,0.576991399835,3,0,0,0,0,0,0,0,0,0,0,0
11,cn2419,surface_refine,compute,0.0198444810001,1,4761709079,108740919,2.28365314209,11710051372,20287065684,0.577217600337,33,0,0,0,0,0,0,0,0,0,0,0
11,cn2419,refined_surface_save,io,0,0,0,0,0,0,0,0,0,0,0,0,0,0,0,0,0,0,0,0
11,cn2419,local_volume_mesh,compute,20.006663124,1,12766346520,290469550,2.27527546385,33385121459,57399895981,0.581623379075,21981,0,0,0,0,0,34144,2110236,0,0,0,0
11,cn2419,volume_refine,compute,1.683372208,1,12007786731,295607488,2.46179828658,30890279164,55283034978,0.558765979044,8649,0,0,0,0,0,0,2,0,0,0,0
11,cn2419,refined_volume_save,io,0,0,0,0,0,0,0,0,0,0,0,0,0,0,0,0,0,0,0,0
11,cn2419,adjacency_build,compute,0.00334343700001,1,11483898674,274577382,2.39097705226,29899723301,52071787502,0.574201976451,3,0,0,0,0,0,0,0,0,0,0,0
11,cn2419,vertex_numbering_local,compute,0.0155616330001,1,11488733515,274686389,2.39091966614,29911571419,52098532482,0.57413462518,2,0,0,0,0,0,0,0,0,0,0,0
11,cn2419,vertex_count_allgather,communication,5.974989723,1,18920071628,396519345,2.09576027404,44391252877,65195880758,0.680890454441,60,0,0,0,0,0,0,6,1,1,4,128
11,cn2419,element_count_allgather,communication,0.00149153699999,1,11485106909,274561566,2.39058781233,29902043749,52067733882,0.574291245645,2,0,0,0,0,0,0,0,1,1,4,128
11,cn2419,vertex_exchange_prepare,compute,2.72800000403e-05,1,11483221711,274545733,2.39084239519,29898333682,52064510063,0.574255546548,2,0,0,0,0,0,0,0,0,0,0,0
11,cn2419,vertex_exchange,communication,0.00532333900014,1,11490636046,274601329,2.38978354114,29912965623,52075836339,0.574411622087,60,0,0,0,0,0,0,0,0,2,0,137126
11,cn2419,vertex_exchange_unpack,compute,0.00291991199992,1,11483996786,274566594,2.39086268584,29900177250,52069094290,0.57424039457,981,0,0,0,0,0,0,0,0,0,0,0
11,cn2419,partition_result_io,io,0,0,0,0,0,0,0,0,0,0,0,0,0,0,0,0,0,0,0,0
11,cn2419,volume_exchange_pack,compute,0.394846728,2,23221589140,552250174,2.37817563075,60529291553,104988451164,0.576532855585,1264,0,0,0,0,0,0,1,0,0,0,0
11,cn2419,volume_size_exchange,communication,0.234309544,1,11789813866,277093490,2.35027875036,30503587681,52579666965,0.58014037444,3,0,0,0,0,0,0,0,2,2,8,8
11,cn2419,volume_payload_prepare,compute,0.000185921999901,1,11483222069,274545787,2.3908427909,29898393571,52064655189,0.574255096139,34,0,0,0,0,0,0,0,0,0,0,0
11,cn2419,volume_payload_exchange,communication,0.00219176399992,1,11485021114,274569313,2.39067312349,29901910547,52068157017,0.574284020409,97,0,0,0,0,0,0,0,2,2,1458600,1457520
11,cn2419,volume_exchange_unpack,compute,0.288919791,1,11694790779,278525717,2.38162205946,30497121418,52619429238,0.579579099577,14112,0,0,0,0,0,0,0,0,0,0,0
11,cn2419,final_mesh_save,io,0,0,0,0,0,0,0,0,0,0,0,0,0,0,0,0,0,0,0,0
11,cn2419,testout_io,io,0,0,0,0,0,0,0,0,0,0,0,0,0,0,0,0,0,0,0,0
11,cn2419,final_count_exchange,communication,0,0,0,0,0,0,0,0,0,0,0,0,0,0,0,0,0,0,0,0
11,cn2419,quality_evaluation,postprocess,0,0,0,0,0,0,0,0,0,0,0,0,0,0,0,0,0,0,0,0
12,cn2420,geometry_load,io,1.791741385,1,1406247617,26188794,1.86231739584,3315329356,3874844805,0.855603133246,6702,0,1035180,0,0,0,2,4,0,0,0,0
12,cn2420,coarse_local_size,setup,0.478278934,1,268073915,6562162,2.44789277614,632728990,905573384,0.698705374053,8314,0,0,0,0,0,111,24,0,0,0,0
12,cn2420,coarse_edge_mesh,setup,0.012574633,1,6283165,168132,2.67591253771,12751937,24961889,0.510856249701,497,0,0,0,0,0,0,0,0,0,0,0
12,cn2420,coarse_surface_mesh,setup,8.347733962,1,5675693213,166030712,2.92529398206,15312844122,18233487924,0.839819796729,17082,0,0,0,0,0,0,10,0,0,0,0
12,cn2420,coarse_volume_mesh,setup,13.26757266,1,5579829086,122972610,2.20387771928,13946731200,23967177782,0.581909615177,31987,0,0,0,0,0,36300,1444583,0,0,0,0
12,cn2420,coarse_mesh_save,io,0,0,0,0,0,0,0,0,0,0,0,0,0,0,0,0,0,0,0,0
12,cn2420,submesh_initialization,setup,0.000131322000016,1,3296819245,59538752,1.80594529379,8867434897,15499117253,0.57212515734,2,0,0,0,0,0,0,0,0,0,0,0
12,cn2420,metis_partition,compute,0.146614756,1,3380841962,65154837,1.92717783713,9062459577,15819431293,0.5728688604,338,0,0,0,0,0,0,0,0,0,0,0
12,cn2420,face_map_setup,compute,0.00746505000006,1,3299874201,59607910,1.80636916346,8875327368,15514791043,0.572055875158,227,0,0,0,0,0,0,0,0,0,0,0
12,cn2420,face_local_extract,compute,0.156585797,1,3358137112,61698300,1.83727757213,9031358919,15840451992,0.570145278908,732,0,0,0,0,0,0,0,0,0,0,0
12,cn2420,face_pre_collective_wait,synchronization,0.030175225,1,3336892196,59534632,1.78413411351,8943975522,15565195139,0.574613774009,0,0,0,0,0,0,0,0,0,0,0,0
12,cn2420,face_collective_setup,compute,0.000115801999982,1,3296739487,59535302,1.80588433617,8867289037,15499007899,0.572119783072,15,0,0,0,0,0,0,0,0,0,0,0
12,cn2420,face_allgatherv,communication,0.0588170520002,1,3417996505,59993033,1.75521048404,9102832970,15622115900,0.582688864189,927,0,0,0,0,0,0,0,1,1,151800,4859624
12,cn2420,face_global_merge,compute,0.077576359,1,3315017754,60414974,1.82246306003,8911791134,15668375833,0.568775680963,321,0,0,0,0,0,0,1,0,0,0,0
12,cn2420,part_face_create,compute,0.0189926099999,1,3301339475,59718273,1.80891039689,8878017855,15540431372,0.571285162071,3,0,0,0,0,0,0,0,0,0,0,0
12,cn2420,surface_refine,compute,0.0220126070001,1,3306084258,59849118,1.81027201152,8886509352,15547081560,0.571586977125,3,0,0,0,0,0,0,0,0,0,0,0
12,cn2420,refined_surface_save,io,0,0,0,0,0,0,0,0,0,0,0,0,0,0,0,0,0,0,0,0
12,cn2420,local_volume_mesh,compute,21.230341219,1,12020899271,267257962,2.22327760989,32548831481,54735726704,0.594654231176,19349,0,0,0,0,0,40340,2244688,0,0,0,0
12,cn2420,volume_refine,compute,1.800518671,1,6817261564,129777844,1.90366531754,17914448351,31298022447,0.572382756174,9547,0,0,0,0,0,0,2,0,0,0,0
12,cn2420,refined_volume_save,io,0,0,0,0,0,0,0,0,0,0,0,0,0,0,0,0,0,0,0,0
12,cn2420,adjacency_build,compute,0.00372794500004,1,6197702882,107563751,1.73554223311,16732869368,27670253916,0.604724098984,8,0,0,0,0,0,0,0,0,0,0,0
12,cn2420,vertex_numbering_local,compute,0.022062127,1,6206319680,107747699,1.73609650414,16753458882,27710464502,0.604589608406,10,0,0,0,0,0,0,0,0,0,0,0
12,cn2420,vertex_count_allgather,communication,4.627482616,1,12463076082,107535783,0.862835003915,29007414209,37828837022,0.766806925419,80,0,0,0,0,0,0,5,1,1,4,128
12,cn2420,element_count_allgather,communication,0.000224321999895,1,6197171207,107529248,1.73513437677,16731726556,27662587975,0.604850369428,1,0,0,0,0,0,0,0,1,1,4,128
12,cn2420,vertex_exchange_prepare,compute,3.24400000409e-05,1,6196935240,107529078,1.73519770395,16731277821,27662132249,0.604844112174,13,0,0,0,0,0,0,0,0,0,0,0
12,cn2420,vertex_exchange,communication,0.00450711500002,1,6203592759,107559752,1.73382999463,16744408725,27671619759,0.605111260954,76,0,0,0,0,0,0,0,4,2,266574,1122
12,cn2420,vertex_exchange_unpack,compute,0.000136941000164,1,6196942169,107529294,1.73519924936,16731292432,27662223312,0.604842649244,85,0,0,0,0,0,0,0,0,0,0,0
12,cn2420,partition_result_io,io,0,0,0,0,0,0,0,0,0,0,0,0,0,0,0,0,0,0,0,0
12,cn2420,volume_exchange_pack,compute,0.505597566,2,12713084734,218929745,1.72208200905,34373419129,56421823334,0.609222054479,2446,0,0,0,0,0,0,0,0,0,0,0
12,cn2420,volume_size_exchange,communication,0.0769089120001,1,6298843643,107529384,1.7071289604,16932567410,27831202525,0.608402292168,0,0,0,0,0,0,0,0,4,4,16,16
12,cn2420,volume_payload_prepare,compute,0.00024504299995,1,6196935821,107529186,1.73519928407,16731334280,27662269654,0.604843148783,68,0,0,0,0,0,0,0,0,0,0,0
12,cn2420,volume_payload_exchange,communication,0.00225324799999,1,6197250290,107541394,1.7353082249,16731987317,27663749954,0.604834389583,491,0,0,0,0,0,0,0,4,4,2818440,2811240
12,cn2420,volume_exchange_unpack,compute,0.394807463,1,6465730752,113989608,1.76298105152,17489713460,28432508411,0.61513086384,17207,0,0,0,0,0,0,1,0,0,0,0
12,cn2420,final_mesh_save,io,0,0,0,0,0,0,0,0,0,0,0,0,0,0,0,0,0,0,0,0
12,cn2420,testout_io,io,0,0,0,0,0,0,0,0,0,0,0,0,0,0,0,0,0,0,0,0
12,cn2420,final_count_exchange,communication,0,0,0,0,0,0,0,0,0,0,0,0,0,0,0,0,0,0,0,0
12,cn2420,quality_evaluation,postprocess,0,0,0,0,0,0,0,0,0,0,0,0,0,0,0,0,0,0,0,0
13,cn2421,geometry_load,io,1.742433706,1,1402190027,23100571,1.64746365009,3317981845,3766818198,0.880844699848,6274,0,1035180,0,0,0,2,4,0,0,0,0
13,cn2421,coarse_local_size,setup,0.449261196,1,267092066,6143035,2.29996910504,631889685,878520283,0.719265903392,8403,0,0,0,0,0,84,21,0,0,0,0
13,cn2421,coarse_edge_mesh,setup,0.0124731540002,1,6264770,162035,2.58644770678,12752100,24630390,0.517738452375,511,0,0,0,0,0,0,0,0,0,0,0
13,cn2421,coarse_surface_mesh,setup,8.201302136,1,5673520449,165917062,2.92441110403,15313107220,17901843619,0.855392748697,17164,0,0,0,0,0,0,10,0,0,0,0
13,cn2421,coarse_volume_mesh,setup,13.68616794,1,5667946633,125320825,2.21104454778,14118453134,24341860221,0.580007156635,29114,0,0,0,0,0,40533,1607818,0,0,0,0
13,cn2421,coarse_mesh_save,io,0,0,0,0,0,0,0,0,0,0,0,0,0,0,0,0,0,0,0,0
13,cn2421,submesh_initialization,setup,0.000132020999899,1,1250310169,31862530,2.54837005969,3329437804,6550978937,0.508235156305,1,0,0,0,0,0,0,0,0,0,0,0
13,cn2421,metis_partition,compute,0.145055974,1,1334337990,37463461,2.80764403628,3524459475,6865556579,0.513353787773,526,0,0,0,0,0,0,1,0,0,0,0
13,cn2421,face_map_setup,compute,0.0072022490001,1,1253309553,31926189,2.54735064642,3337332038,6566027006,0.508272663964,226,0,0,0,0,0,0,0,0,0,0,0
13,cn2421,face_local_extract,compute,0.156564276,1,1311710132,34004605,2.59238715707,3493362649,6892456565,0.506838543857,666,0,0,0,0,0,0,0,0,0,0,0
13,cn2421,face_pre_collective_wait,synchronization,0.0320260960002,1,1292226240,32117447,2.48543529034,3412056063,6621126304,0.515328647475,0,0,0,0,0,0,0,0,0,0,0,0
13,cn2421,face_collective_setup,compute,0.000116642000194,1,1250227800,31859129,2.54826592402,3329291983,6550856703,0.50822237975,16,0,0,0,0,0,0,0,0,0,0,0
13,cn2421,face_allgatherv,communication,0.058698846,1,1370631518,32276408,2.35485669023,3563533978,6671733689,0.534124133863,1197,0,0,0,0,0,0,0,1,1,151800,4859624
13,cn2421,face_global_merge,compute,0.0789009559999,1,1268456528,32759082,2.58259398544,3373794267,6722800221,0.501843600299,367,0,0,0,0,0,0,0,0,0,0,0
13,cn2421,part_face_create,compute,0.0193967,1,1255045741,32045724,2.55335108141,3340284309,6593127139,0.506631259883,3,0,0,0,0,0,0,0,0,0,0,0
13,cn2421,surface_refine,compute,0.0325364229998,1,1262740652,32315570,2.55916129324,3354744650,6617088759,0.506981963244,991,0,0,0,0,0,0,0,0,0,0,0
13,cn2421,refined_surface_save,io,0,0,0,0,0,0,0,0,0,0,0,0,0,0,0,0,0,0,0,0
13,cn2421,local_volume_mesh,compute,25.301844957,1,11872788466,298102044,2.51080059965,31877348013,53918867473,0.591209524736,24848,0,0,0,0,0,43814,2413575,0,0,0,0
13,cn2421,volume_refine,compute,2.137717415,1,11570457640,311712761,2.69404003453,30363939559,54735299512,0.554741452586,14753,0,0,0,0,0,0,3,0,0,0,0
13,cn2421,refined_volume_save,io,0,0,0,0,0,0,0,0,0,0,0,0,0,0,0,0,0,0,0,0
13,cn2421,adjacency_build,compute,0.00388812799997,1,10863182240,285699051,2.62997568013,28973895059,50444533746,0.574371352204,6,0,0,0,0,0,0,0,0,0,0,0
13,cn2421,vertex_numbering_local,compute,0.0297426080001,1,10873848115,285924292,2.62946740635,28999371569,50501312125,0.574230061532,4,0,0,0,0,0,0,0,0,0,0,0
13,cn2421,vertex_count_allgather,communication,0.199068882,1,11130678647,285665845,2.56647284554,29501986627,50871924122,0.57992669112,33,0,0,0,0,0,0,1,1,1,4,128
13,cn2421,element_count_allgather,communication,3.95609999941e-05,1,10862369698,285664660,2.62985580442,28972157842,50436179495,0.574432047235,0,0,0,0,0,0,0,0,1,1,4,128
13,cn2421,vertex_exchange_prepare,compute,2.24010000238e-05,1,10862366330,285664489,2.62985504559,28972161630,50436143799,0.574432528892,0,0,0,0,0,0,0,0,0,0,0,0
13,cn2421,vertex_exchange,communication,0.00274833399999,1,10867018256,285693464,2.6289958963,28981435904,50441789409,0.574552097449,41,0,0,0,0,0,0,0,5,3,172568,146696
13,cn2421,vertex_exchange_unpack,compute,0.00212862599983,1,10863210614,285679409,2.6297879987,28974202900,50440771338,0.574420297934,0,0,0,0,0,0,0,0,0,0,0,0
13,cn2421,partition_result_io,io,0,0,0,0,0,0,0,0,0,0,0,0,0,0,0,0,0,0,0,0
13,cn2421,volume_exchange_pack,compute,0.57984975,2,22094690941,576263479,2.60815360821,59002043091,102137708764,0.577671496698,984,0,0,0,0,0,0,0,0,0,0,0
13,cn2421,volume_size_exchange,communication,3.77000001208e-05,1,10862369964,285664668,2.62985581366,28972159075,50436168997,0.574432191246,0,0,0,0,0,0,0,0,5,5,20,20
13,cn2421,volume_payload_prepare,compute,0.000340204000167,1,10862366886,285664615,2.62985607095,28972293394,50436468800,0.574431439855,68,0,0,0,0,0,0,0,0,0,0,0
13,cn2421,volume_payload_exchange,communication,0.0516517180001,1,10928446791,285676078,2.61405928458,29102566519,50546736415,0.575755599334,353,0,0,0,0,0,0,0,5,5,3376680,3376920
13,cn2421,volume_exchange_unpack,compute,0.447775717,1,11166168764,296848682,2.6584649424,29831140372,51310006082,0.581390310582,19525,0,0,0,0,0,0,1,0,0,0,0
13,cn2421,final_mesh_save,io,0,0,0,0,0,0,0,0,0,0,0,0,0,0,0,0,0,0,0,0
13,cn2421,testout_io,io,0,0,0,0,0,0,0,0,0,0,0,0,0,0,0,0,0,0,0,0
13,cn2421,final_count_exchange,communication,0,0,0,0,0,0,0,0,0,0,0,0,0,0,0,0,0,0,0,0
13,cn2421,quality_evaluation,postprocess,0,0,0,0,0,0,0,0,0,0,0,0,0,0,0,0,0,0,0,0
14,cn2422,geometry_load,io,1.76336473,1,1413753969,26008940,1.83970765567,3317498142,3809881094,0.870761596005,6302,0,1035180,0,0,0,2,17,0,0,0,0
14,cn2422,coarse_local_size,setup,0.476643932,1,269014478,6539644,2.43096358554,632697461,895702446,0.706370138683,8794,0,0,0,0,0,120,25,0,0,0,0
14,cn2422,coarse_edge_mesh,setup,0.012588309,1,6276244,166791,2.65749706353,12751674,25023683,0.509584220676,475,0,0,0,0,0,0,0,0,0,0,0
14,cn2422,coarse_surface_mesh,setup,8.225716261,1,5678778166,163870045,2.88565674182,15310752694,17966168284,0.852199114022,15007,0,0,0,0,0,0,71,0,0,0,0
14,cn2422,coarse_volume_mesh,setup,13.720014372,1,5615133493,124549063,2.21809620653,14020932221,24064544124,0.582638596798,34038,0,0,0,0,0,39900,1729430,0,0,0,0
14,cn2422,coarse_mesh_save,io,0,0,0,0,0,0,0,0,0,0,0,0,0,0,0,0,0,0,0,0
14,cn2422,submesh_initialization,setup,0.000130020999904,1,5008964094,112242697,2.24083652615,12389593925,21032488758,0.589069323538,5,0,0,0,0,0,0,0,0,0,0,0
14,cn2422,metis_partition,compute,0.141159314,1,5092846958,117847122,2.31397336248,12584604638,21339744507,0.589726115693,713,0,0,0,0,0,0,1,0,0,0,0
14,cn2422,face_map_setup,compute,0.00728414600007,1,5011975318,112303857,2.24071049585,12397486798,21047622694,0.589020763924,220,0,0,0,0,0,0,1,0,0,0,0
14,cn2422,face_local_extract,compute,0.161310613,1,5070276841,114374833,2.25579069125,12553516602,21384051219,0.587050436488,725,0,0,0,0,0,0,1,0,0,0,0
14,cn2422,face_pre_collective_wait,synchronization,0.031121989,1,5048419482,112771846,2.23380498396,12467591813,21100656035,0.590862757647,0,0,0,0,0,0,0,0,0,0,0,0
14,cn2422,face_collective_setup,compute,0.000120740999819,1,5008880564,112239076,2.24080160359,12389447976,21032385251,0.589065283283,16,0,0,0,0,0,0,0,0,0,0,0
14,cn2422,face_allgatherv,communication,0.0586452159998,1,5133368617,112748499,2.19638423445,12631828142,21158638447,0.597005718191,847,0,0,0,0,0,0,1,1,1,151800,4859624
14,cn2422,face_global_merge,compute,0.0786131719999,1,5027069476,113119326,2.25020415055,12433950616,21203188988,0.586418893075,509,0,0,0,0,0,0,1,0,0,0,0
14,cn2422,part_face_create,compute,0.0189746250001,1,5013513845,112416066,2.24226100646,12400251700,21073762949,0.588421333675,3,0,0,0,0,0,0,0,0,0,0,0
14,cn2422,surface_refine,compute,0.0296173920001,1,5019525847,112685238,2.24493789722,12411038867,21092074998,0.58842190103,984,0,0,0,0,0,0,0,0,0,0,0
14,cn2422,refined_surface_save,io,0,0,0,0,0,0,0,0,0,0,0,0,0,0,0,0,0,0,0,0
14,cn2422,local_volume_mesh,compute,19.622268361,1,13255183931,304009291,2.29351242942,34262305626,58342349083,0.587263045875,12526,0,0,0,0,0,31488,1731904,0,0,0,0
14,cn2422,volume_refine,compute,1.71196406,1,12886392973,313573268,2.4333672631,32821563434,57908546875,0.56678271525,9856,0,0,0,0,0,0,17,0,0,0,0
14,cn2422,refined_volume_save,io,0,0,0,0,0,0,0,0,0,0,0,0,0,0,0,0,0,0,0,0
14,cn2422,adjacency_build,compute,0.00377958400009,1,12337427765,291920849,2.36614028921,31760650777,54532839257,0.582413298294,11,0,0,0,0,0,0,0,0,0,0,0
14,cn2422,vertex_numbering_local,compute,0.025413501,1,12345531554,292098739,2.36602804604,31780118737,54576634025,0.582302652128,712,0,0,0,0,0,0,0,0,0,0,0
14,cn2422,vertex_count_allgather,communication,6.312734997,1,20814614580,339526300,1.63119186615,48500128477,68395814987,0.709109592249,114,0,0,0,0,0,0,55,1,1,4,128
14,cn2422,element_count_allgather,communication,0.00188612200009,1,12339066234,291904251,2.36569158042,31763741438,54528791498,0.582513211193,6,0,0,0,0,0,0,0,1,1,4,128
14,cn2422,vertex_exchange_prepare,compute,0.000139982000064,1,12336675742,291888010,2.36601833512,31759030603,54524741933,0.582470076466,39,0,0,0,0,0,0,0,0,0,0,0
14,cn2422,vertex_exchange,communication,0.00262411099993,1,12340592874,291917191,2.36550378074,31766796942,54529797413,0.582558499189,140,0,0,0,0,0,0,0,2,3,77066,169004
14,cn2422,vertex_exchange_unpack,compute,0.00380724500019,1,12337656900,291907970,2.36599195752,31761372038,54530483438,0.582451686388,1314,0,0,0,0,0,0,1,0,0,0,0
14,cn2422,partition_result_io,io,0,0,0,0,0,0,0,0,0,0,0,0,0,0,0,0,0,0,0,0
14,cn2422,volume_exchange_pack,compute,0.449103545,2,24933462382,587927320,2.35798506839,64257804979,110020163221,0.584054805026,2869,0,0,0,0,0,0,4,0,0,0,0
14,cn2422,volume_size_exchange,communication,0.129822759,1,12508905895,291888410,2.33344476687,32098543503,54810067198,0.585632259618,0,0,0,0,0,0,0,1,4,4,16,16
14,cn2422,volume_payload_prepare,compute,0.00025876299992,1,12336676193,291888042,2.36601850801,31759090327,54524864466,0.582469862842,68,0,0,0,0,0,0,0,0,0,0,0
14,cn2422,volume_payload_exchange,communication,0.0520386770002,1,12403563034,291898958,2.35334764051,31891174990,54636029239,0.583702282801,394,0,0,0,0,0,0,0,4,4,2600040,2608440
14,cn2422,volume_exchange_unpack,compute,0.310190819,1,12560265366,296626222,2.36162384597,32376339106,55133930307,0.587230747486,11735,0,0,0,0,0,0,3,0,0,0,0
14,cn2422,final_mesh_save,io,0,0,0,0,0,0,0,0,0,0,0,0,0,0,0,0,0,0,0,0
14,cn2422,testout_io,io,0,0,0,0,0,0,0,0,0,0,0,0,0,0,0,0,0,0,0,0
14,cn2422,final_count_exchange,communication,0,0,0,0,0,0,0,0,0,0,0,0,0,0,0,0,0,0,0,0
14,cn2422,quality_evaluation,postprocess,0,0,0,0,0,0,0,0,0,0,0,0,0,0,0,0,0,0,0,0
15,cn2423,geometry_load,io,1.763605872,1,1411627509,22515346,1.59499201145,3317576438,3813217214,0.870020314033,6312,0,1035180,0,0,0,2,15,0,0,0,0
15,cn2423,coarse_local_size,setup,0.454847988,1,268780706,6144402,2.28602792642,632308480,889844622,0.710583021313,8245,0,0,0,0,0,83,24,0,0,0,0
15,cn2423,coarse_edge_mesh,setup,0.0124298159999,1,6253032,167918,2.6853852659,12748588,24633981,0.517520412149,497,0,0,0,0,0,0,0,0,0,0,0
15,cn2423,coarse_surface_mesh,setup,8.272342091,1,5677756471,167695422,2.95355080579,15312036094,18059248493,0.847877811745,17087,0,0,0,0,0,0,72,0,0,0,0
15,cn2423,coarse_volume_mesh,setup,13.70363713,1,5633644639,125473435,2.22721600385,14045525007,24228690014,0.57970633158,30998,0,0,0,0,0,39693,1666365,0,0,0,0
15,cn2423,coarse_mesh_save,io,0,0,0,0,0,0,0,0,0,0,0,0,0,0,0,0,0,0,0,0
15,cn2423,submesh_initialization,setup,0.000125002000004,1,4395858803,99771301,2.26966573476,10872488315,18648088106,0.583035014271,1,0,0,0,0,0,0,0,0,0,0,0
15,cn2423,metis_partition,compute,0.146238675,1,4478552764,105358447,2.35251101309,11067526489,18967479333,0.583500121165,252,0,0,0,0,0,0,2,0,0,0,0
15,cn2423,face_map_setup,compute,0.00740729299991,1,4398922512,99842223,2.26969724353,10880385037,18663665492,0.582971498373,220,0,0,0,0,0,0,0,0,0,0,0
15,cn2423,face_local_extract,compute,0.160514455,1,4457272908,101952365,2.28732606471,11036413572,18997594794,0.580937412955,762,0,0,0,0,0,0,1,0,0,0,0
15,cn2423,face_pre_collective_wait,synchronization,0.026625514,1,4431243014,99975780,2.25615656113,10942022697,18706401702,0.584934658803,0,0,0,0,0,0,0,0,0,0,0,0
15,cn2423,face_collective_setup,compute,0.000115241999993,1,4395776451,99767804,2.26962870183,10872342315,18647985855,0.583030381916,16,0,0,0,0,0,0,0,0,0,0,0
15,cn2423,face_allgatherv,communication,0.0585578749999,1,4519576639,100313635,2.21953609846,11113328640,18774364054,0.591941682181,722,0,0,0,0,0,0,1,1,1,151800,4859624
15,cn2423,face_global_merge,compute,0.0775753339999,1,4414067027,100633907,2.27984546642,10916845603,18817173293,0.580153322341,302,0,0,0,0,0,0,1,0,0,0,0
15,cn2423,part_face_create,compute,0.0191816009999,1,4400510040,99946803,2.27125497025,10883159943,18689825793,0.582303979905,4,0,0,0,0,0,0,0,0,0,0,0
15,cn2423,surface_refine,compute,0.029682592,1,4406686966,100190893,2.2736103965,10894288867,18707849880,0.582337838762,983,0,0,0,0,0,0,1,0,0,0,0
15,cn2423,refined_surface_save,io,0,0,0,0,0,0,0,0,0,0,0,0,0,0,0,0,0,0,0,0
15,cn2423,local_volume_mesh,compute,21.971575886,1,13496381468,321033124,2.37866071555,35555672252,59763445696,0.59494013168,24237,0,0,0,0,0,39912,2110293,0,0,0,0
15,cn2423,volume_refine,compute,2.021697991,1,12843496374,325897698,2.53745310864,33364368310,58581970885,0.569533045849,14851,0,0,0,0,0,0,17,0,0,0,0
15,cn2423,refined_volume_save,io,0,0,0,0,0,0,0,0,0,0,0,0,0,0,0,0,0,0,0,0
15,cn2423,adjacency_build,compute,0.003764047,1,12196840159,300882359,2.46688777649,32107886677,54549577782,0.588600095226,5,0,0,0,0,0,0,0,0,0,0,0
15,cn2423,vertex_numbering_local,compute,0.024848472,1,12204770552,301042662,2.46659829218,32127222814,54592124499,0.588495558816,749,0,0,0,0,0,0,0,0,0,0,0
15,cn2423,vertex_count_allgather,communication,3.654484641,1,17094741560,341375565,1.99696242147,41757663149,62568203278,0.667394314704,113,0,0,0,0,0,0,30,1,1,4,128
15,cn2423,element_count_allgather,communication,0.00159810000014,1,12198099130,300861386,2.46646123132,32110284987,54544817819,0.588695430124,4,0,0,0,0,0,0,0,1,1,4,128
15,cn2423,vertex_exchange_prepare,compute,0.000206843000115,1,12196056300,300844304,2.4667343,32106262686,54541415289,0.588658407852,61,0,0,0,0,0,0,0,0,0,0,0
15,cn2423,vertex_exchange,communication,0.00457799800006,1,12202726974,300882124,2.46569577965,32119477930,54550863576,0.58879870683,95,0,0,0,0,0,0,0,0,4,0,234806
15,cn2423,vertex_exchange_unpack,compute,0.00519932500015,1,12197412951,300869788,2.4666688683,32109503572,54549444854,0.588631170454,1780,0,0,0,0,0,0,0,0,0,0,0
15,cn2423,partition_result_io,io,0,0,0,0,0,0,0,0,0,0,0,0,0,0,0,0,0,0,0,0
15,cn2423,volume_exchange_pack,compute,0.560105969,2,24727426949,606179080,2.45144422527,65170328538,110299022855,0.590851367955,2332,0,0,0,0,0,0,4,0,0,0,0
15,cn2423,volume_size_exchange,communication,0.067310704,1,12287209011,301349224,2.45254413537,32285980412,54689215960,0.590353689393,3,0,0,0,0,0,0,0,4,4,16,16
15,cn2423,volume_payload_prepare,compute,0.000233383000023,1,12196056715,300844280,2.46673401928,32106363328,54541637078,0.588657859354,34,0,0,0,0,0,0,0,0,0,0,0
15,cn2423,volume_payload_exchange,communication,0.0018001630001,1,12196649444,300864784,2.46678225345,32107478884,54543480341,0.588658418628,176,0,0,0,0,0,0,0,4,4,2476080,2479680
15,cn2423,volume_exchange_unpack,compute,0.37690231,1,12465805434,306029024,2.45494786214,32868385055,55269586816,0.594692071146,17756,0,0,0,0,0,0,3,0,0,0,0
15,cn2423,final_mesh_save,io,0,0,0,0,0,0,0,0,0,0,0,0,0,0,0,0,0,0,0,0
15,cn2423,testout_io,io,0,0,0,0,0,0,0,0,0,0,0,0,0,0,0,0,0,0,0,0
15,cn2423,final_count_exchange,communication,0,0,0,0,0,0,0,0,0,0,0,0,0,0,0,0,0,0,0,0
15,cn2423,quality_evaluation,postprocess,0,0,0,0,0,0,0,0,0,0,0,0,0,0,0,0,0,0,0,0
16,cn2424,geometry_load,io,1.735744676,1,1399935889,29786083,2.12767479097,3316984114,3750794178,0.884341810451,5653,0,1035180,0,0,0,2,4,0,0,0,0
16,cn2424,coarse_local_size,setup,0.467395968,1,267033109,6815692,2.55237712864,632657672,880600665,0.71843878519,9078,0,0,0,0,0,102,21,0,0,0,0
16,cn2424,coarse_edge_mesh,setup,0.0125879469999,1,6308038,164853,2.61337994476,12802550,24811815,0.515986033267,518,0,0,0,0,0,0,0,0,0,0,0
16,cn2424,coarse_surface_mesh,setup,8.238694024,1,5676427625,162403923,2.86102340642,15313690115,17980490991,0.851683645495,17177,0,0,0,0,0,0,13,0,0,0,0
16,cn2424,coarse_volume_mesh,setup,13.55665118,1,5613320913,122707397,2.18600359576,14009812337,24372093694,0.574830070526,34302,0,0,0,0,0,37441,1530718,0,0,0,0
16,cn2424,coarse_mesh_save,io,0,0,0,0,0,0,0,0,0,0,0,0,0,0,0,0,0,0,0,0
16,cn2424,submesh_initialization,setup,0.000127622000036,1,2987011376,62538546,2.0936828866,7948883732,14607328599,0.544170939822,1,0,0,0,0,0,0,0,0,0,0,0
16,cn2424,metis_partition,compute,0.150075224,1,3071376678,68138431,2.2184980269,8143922612,14933959102,0.545329109071,811,0,0,0,0,0,0,0,0,0,0,0
16,cn2424,face_map_setup,compute,0.00725632500007,1,2990041227,62606264,2.09382611299,7956779192,14622537459,0.54414490059,223,0,0,0,0,0,0,0,0,0,0,0
16,cn2424,face_local_extract,compute,0.164490091,1,3048424289,64678665,2.12170809796,8112810693,14963756000,0.542164059144,776,0,0,0,0,0,0,1,0,0,0,0
16,cn2424,face_pre_collective_wait,synchronization,0.0190125210001,1,3012477222,62534329,2.07584404434,7999158346,14648863047,0.546060013008,0,0,0,0,0,0,0,0,0,0,0,0
16,cn2424,face_collective_setup,compute,0.000123801999962,1,2986931463,62535064,2.09362232695,7948737641,14607220166,0.54416497805,16,0,0,0,0,0,0,0,0,0,0,0
16,cn2424,face_allgatherv,communication,0.05850134,1,3111230737,62965945,2.02382755645,8190639422,14733351515,0.555925066585,807,0,0,0,0,0,0,1,1,1,151800,4859624
16,cn2424,face_global_merge,compute,0.077132136,1,3005186991,63419683,2.11034066066,7993240697,14775566034,0.540976953344,391,0,0,0,0,0,0,0,0,0,0,0
16,cn2424,part_face_create,compute,0.0189361800001,1,2991519937,62710969,2.0962911938,7959473459,14648508411,0.54336409112,3,0,0,0,0,0,0,0,0,0,0,0
16,cn2424,surface_refine,compute,0.021554211,1,2996228867,62841429,2.09735076289,7968162642,14654259618,0.543743788476,5,0,0,0,0,0,0,0,0,0,0,0
16,cn2424,refined_surface_save,io,0,0,0,0,0,0,0,0,0,0,0,0,0,0,0,0,0,0,0,0
16,cn2424,local_volume_mesh,compute,21.534643491,1,11627386232,270503928,2.32643796811,31345745786,54380005655,0.576420421595,25449,0,0,0,0,0,41217,2277088,0,0,0,0
16,cn2424,volume_refine,compute,1.753057973,1,10705013540,270507536,2.52692380994,28367533815,52227532543,0.543152862748,9648,0,0,0,0,0,0,3,0,0,0,0
16,cn2424,refined_volume_save,io,0,0,0,0,0,0,0,0,0,0,0,0,0,0,0,0,0,0,0,0
16,cn2424,adjacency_build,compute,0.00387194500013,1,10112143281,249380205,2.46614588095,27232527251,48710031323,0.559074312033,4,0,0,0,0,0,0,0,0,0,0,0
16,cn2424,vertex_numbering_local,compute,0.025429476,1,10123177346,249610886,2.46573657132,27258999191,48757270234,0.559075581143,7,0,0,0,0,0,0,0,0,0,0,0
16,cn2424,vertex_count_allgather,communication,4.368352384,1,15987700445,249349926,1.55963596427,38842996733,58303724789,0.666218099677,32,0,0,0,0,0,0,5,1,1,4,128
16,cn2424,element_count_allgather,communication,0.00209658499989,1,10114053279,249345357,2.465335609,27236206699,48706168233,0.559194198335,0,0,0,0,0,0,0,0,1,1,4,128
16,cn2424,vertex_exchange_prepare,compute,1.79599999228e-05,1,10111308259,249345187,2.46600321752,27230794984,48701593535,0.559135605377,0,0,0,0,0,0,0,0,0,0,0,0
16,cn2424,vertex_exchange,communication,0.0039945269998,1,10117601258,249380307,2.46481651768,27243458402,48709893838,0.559300303396,41,0,0,0,0,0,0,0,5,4,300630,76164
16,cn2424,vertex_exchange_unpack,compute,0.00114879400007,1,10111744404,249353146,2.46597556304,27231841466,48704079685,0.55912855026,0,0,0,0,0,0,0,0,0,0,0,0
16,cn2424,partition_result_io,io,0,0,0,0,0,0,0,0,0,0,0,0,0,0,0,0,0,0,0,0
16,cn2424,volume_exchange_pack,compute,0.562650098,2,20541723984,503643061,2.4518052204,55367211906,98627863085,0.561374952008,1025,0,0,0,0,0,0,1,0,0,0,0
16,cn2424,volume_size_exchange,communication,0.0211758260002,1,10139690386,249345426,2.45910295589,27286846044,48748090457,0.559752100814,0,0,0,0,0,0,0,0,5,5,20,20
16,cn2424,volume_payload_prepare,compute,0.000328143999923,1,10111308978,249345367,2.46600482235,27230846847,48701730310,0.559135099999,102,0,0,0,0,0,0,0,0,0,0,0
16,cn2424,volume_payload_exchange,communication,0.0456691510001,1,10168781951,249357057,2.45218216106,27344388486,48796535106,0.560375617379,778,0,0,0,0,0,0,0,5,5,4016520,4013160
16,cn2424,volume_exchange_unpack,compute,0.399014057,1,10374133909,255555880,2.4633948457,27971972305,49480898812,0.565308492299,16547,0,0,0,0,0,0,0,0,0,0,0
16,cn2424,final_mesh_save,io,0,0,0,0,0,0,0,0,0,0,0,0,0,0,0,0,0,0,0,0
16,cn2424,testout_io,io,0,0,0,0,0,0,0,0,0,0,0,0,0,0,0,0,0,0,0,0
16,cn2424,final_count_exchange,communication,0,0,0,0,0,0,0,0,0,0,0,0,0,0,0,0,0,0,0,0
16,cn2424,quality_evaluation,postprocess,0,0,0,0,0,0,0,0,0,0,0,0,0,0,0,0,0,0,0,0
17,cn2425,geometry_load,io,1.712174872,1,1393017269,24369017,1.74936933966,3315615849,3701371294,0.895780397491,4965,0,1035180,0,0,0,2,17,0,0,0,0
17,cn2425,coarse_local_size,setup,0.449670705,1,265868036,6436598,2.42097474252,631213950,873927944,0.722272304409,9582,0,0,0,0,0,94,24,0,0,0,0
17,cn2425,coarse_edge_mesh,setup,0.0125102830002,1,6246307,162627,2.60357039768,12751599,24743366,0.515354256975,504,0,0,0,0,0,0,0,0,0,0,0
17,cn2425,coarse_surface_mesh,setup,8.216585228,1,5672664612,161103793,2.84000208049,15311195265,17932604893,0.853818804148,17411,0,0,0,0,0,0,79,0,0,0,0
17,cn2425,coarse_volume_mesh,setup,13.670161218,1,5557895706,123199058,2.21664933127,13893875166,23831799829,0.582997308877,30433,0,0,0,0,0,38882,1810988,0,0,0,0
17,cn2425,coarse_mesh_save,io,0,0,0,0,0,0,0,0,0,0,0,0,0,0,0,0,0,0,0,0
17,cn2425,submesh_initialization,setup,0.000124661999962,1,4555546488,106820869,2.34485301119,11138679340,19418380919,0.5736152456,2,0,0,0,0,0,0,0,0,0,0,0
17,cn2425,metis_partition,compute,0.142866923,1,4640334270,112446515,2.42324169892,11333720956,19729849051,0.574445396247,521,0,0,0,0,0,0,1,0,0,0,0
17,cn2425,face_map_setup,compute,0.00741511699994,1,4558626094,106884680,2.34466871807,11146573007,19433911025,0.573563035905,217,0,0,0,0,0,0,0,0,0,0,0
17,cn2425,face_local_extract,compute,0.163492992,1,4616850077,108951307,2.359862356,11302605850,19774669803,0.571569890299,672,0,0,0,0,0,0,2,0,0,0,0
17,cn2425,face_pre_collective_wait,synchronization,0.0271163740001,1,4589707391,107371330,2.33939379688,11206312363,19477753948,0.575339045401,0,0,0,0,0,0,0,0,0,0,0,0
17,cn2425,face_collective_setup,compute,0.000120242000094,1,4555464330,106817316,2.34481730647,11138533404,19418293601,0.573610309581,16,0,0,0,0,0,0,0,0,0,0,0
17,cn2425,face_allgatherv,communication,0.058207279,1,4678858649,107481081,2.29716452372,11378787250,19544140067,0.582209665454,719,0,0,0,0,0,0,0,1,1,151800,4859624
17,cn2425,face_global_merge,compute,0.0789445299999,1,4573738060,107680799,2.35432807011,11183037630,19588910151,0.570886156698,306,0,0,0,0,0,0,2,0,0,0,0
17,cn2425,part_face_create,compute,0.019190711,1,4560204998,107004680,2.34648837162,11149375650,19460149579,0.572933707664,3,0,0,0,0,0,0,0,0,0,0,0
17,cn2425,surface_refine,compute,0.030243614,1,4566594153,107280438,2.34924397496,11160999588,19479412018,0.572963885033,986,0,0,0,0,0,0,0,0,0,0,0
17,cn2425,refined_surface_save,io,0,0,0,0,0,0,0,0,0,0,0,0,0,0,0,0,0,0,0,0
17,cn2425,local_volume_mesh,compute,19.994353444,1,12617702939,305001823,2.4172531599,32847421146,56469019322,0.581689243773,19265,0,0,0,0,0,38005,2010494,0,0,0,0
17,cn2425,volume_refine,compute,1.8845894,1,9470208613,213202895,2.25130093446,23448318058,40546505707,0.578306752928,11415,0,0,0,0,0,0,16,0,0,0,0
17,cn2425,refined_volume_save,io,0,0,0,0,0,0,0,0,0,0,0,0,0,0,0,0,0,0,0,0
17,cn2425,adjacency_build,compute,0.00398827200002,1,8874348751,187839911,2.1166613604,22290735181,36791063280,0.605873633261,3,0,0,0,0,0,0,0,0,0,0,0
17,cn2425,vertex_numbering_local,compute,0.027680981,1,8886257217,188071125,2.11642675209,22319144488,36842553337,0.605797982671,79,0,0,0,0,0,0,0,0,0,0,0
17,cn2425,vertex_count_allgather,communication,5.764410705,1,15930298970,353300874,2.21779186107,35878842503,49447748477,0.725591025033,69,0,0,0,0,0,0,50,1,1,4,128
17,cn2425,element_count_allgather,communication,0.00203602700003,1,8875965245,187845544,2.11633933679,22293789464,36786764409,0.606027461837,7,0,0,0,0,0,0,0,1,1,4,128
17,cn2425,vertex_exchange_prepare,compute,0.000153021999949,1,8873479553,187804114,2.1164652815,22288881876,36782382383,0.605966237965,38,0,0,0,0,0,0,0,0,0,0,0
17,cn2425,vertex_exchange,communication,0.00365256800001,1,8879502207,187837156,2.115401873,22300845885,36789544219,0.606173475601,141,0,0,0,0,0,0,0,5,4,169994,236676
17,cn2425,vertex_exchange_unpack,compute,0.00502606500004,1,8874845547,187833001,2.11646501345,22292157428,36790334386,0.605924295064,1642,0,0,0,0,0,0,0,0,0,0,0
17,cn2425,partition_result_io,io,0,0,0,0,0,0,0,0,0,0,0,0,0,0,0,0,0,0,0,0
17,cn2425,volume_exchange_pack,compute,0.580226988,2,18074796032,380219820,2.10359120693,45510220556,74820201013,0.608261137231,2627,0,0,0,0,0,0,6,0,0,0,0
17,cn2425,volume_size_exchange,communication,4.19599998622e-05,1,8873483720,187804263,2.11646596676,22288884300,36782403206,0.60596596082,0,0,0,0,0,0,0,0,6,6,24,24
17,cn2425,volume_payload_prepare,compute,0.000445806000016,1,8873480362,187804219,2.11646627184,22288971837,36782585668,0.605965334742,137,0,0,0,0,0,0,0,0,0,0,0
17,cn2425,volume_payload_exchange,communication,0.0455373740001,1,8926982608,188674327,2.11352856038,22394401217,36877196240,0.607269627313,776,0,0,0,0,0,0,0,6,6,4352400,4353000
17,cn2425,volume_exchange_unpack,compute,0.389039915,1,9133780161,193264845,2.11593493158,23018008514,37543720951,0.613098753425,16179,0,0,0,0,0,0,3,0,0,0,0
17,cn2425,final_mesh_save,io,0,0,0,0,0,0,0,0,0,0,0,0,0,0,0,0,0,0,0,0
17,cn2425,testout_io,io,0,0,0,0,0,0,0,0,0,0,0,0,0,0,0,0,0,0,0,0
17,cn2425,final_count_exchange,communication,0,0,0,0,0,0,0,0,0,0,0,0,0,0,0,0,0,0,0,0
17,cn2425,quality_evaluation,postprocess,0,0,0,0,0,0,0,0,0,0,0,0,0,0,0,0,0,0,0,0
18,cn2426,geometry_load,io,1.771105222,1,1409782929,27024848,1.91695100317,3317208978,3825300940,0.867175950345,6505,0,1035180,0,0,0,2,4,0,0,0,0
18,cn2426,coarse_local_size,setup,0.461817389,1,267985630,6294272,2.34873489299,632873571,890613109,0.710604374228,8623,0,0,0,0,0,99,22,0,0,0,0
18,cn2426,coarse_edge_mesh,setup,0.012586218,1,6275292,168465,2.68457627151,12755794,24908378,0.51210857648,487,0,0,0,0,0,0,0,0,0,0,0
18,cn2426,coarse_surface_mesh,setup,8.215389422,1,5669936889,162884881,2.87278120002,15310658800,17795052592,0.860388510843,14917,0,0,0,0,0,0,10,0,0,0,0
18,cn2426,coarse_volume_mesh,setup,13.495984057,1,5587877963,124528409,2.22854560935,13962167574,23751642320,0.58784009063,21663,0,0,0,0,0,37544,1608546,0,0,0,0
18,cn2426,coarse_mesh_save,io,0,0,0,0,0,0,0,0,0,0,0,0,0,0,0,0,0,0,0,0
18,cn2426,submesh_initialization,setup,0.000121242000205,1,4185692619,93922618,2.24389668686,10328455195,16929146466,0.61009899204,1,0,0,0,0,0,0,0,0,0,0,0
18,cn2426,metis_partition,compute,0.132359239,1,4269076962,99572361,2.3324096025,10523505915,17218959256,0.611158070505,60,0,0,0,0,0,0,0,0,0,0,0
18,cn2426,face_map_setup,compute,0.00665912299996,1,4188742159,93985957,2.24377518196,10336345808,16943494022,0.610048068868,3,0,0,0,0,0,0,0,0,0,0,0
18,cn2426,face_local_extract,compute,0.15475632,1,4246998533,96120284,2.26325211212,10492382497,17268326898,0.607608516967,25,0,0,0,0,0,0,0,0,0,0,0
18,cn2426,face_pre_collective_wait,synchronization,0.0471584109998,1,4241100977,95070954,2.24165740254,10437742469,17031431549,0.612851740558,0,0,0,0,0,0,0,1,0,0,0,0
18,cn2426,face_collective_setup,compute,0.000116681000009,1,4185613033,93919058,2.24385429947,10328309355,16929045205,0.610094026564,16,0,0,0,0,0,0,0,0,0,0,0
18,cn2426,face_allgatherv,communication,0.0581253289999,1,4309598435,94443176,2.19146116336,10569743660,17054590769,0.619759442086,611,0,0,0,0,0,0,1,1,1,151800,4859624
18,cn2426,face_global_merge,compute,0.073619563,1,4203835986,94786747,2.2547679623,10372811813,17090069117,0.606949670126,144,0,0,0,0,0,0,0,0,0,0,0
18,cn2426,part_face_create,compute,0.0178382439999,1,4190222409,94103792,2.2457946814,10339031008,16967957254,0.609326794807,3,0,0,0,0,0,0,0,0,0,0,0
18,cn2426,surface_refine,compute,0.0205478580001,1,4194932240,94236226,2.24643023078,10347584832,16973822426,0.6096201888,32,0,0,0,0,0,0,0,0,0,0,0
18,cn2426,refined_surface_save,io,0,0,0,0,0,0,0,0,0,0,0,0,0,0,0,0,0,0,0,0
18,cn2426,local_volume_mesh,compute,20.137012584,1,12655007367,293701744,2.32083423962,33293597196,54206850723,0.61419537848,8683,0,0,0,0,0,35161,2035295,0,0,0,0
18,cn2426,volume_refine,compute,1.697117313,1,11799138806,295728793,2.50635913233,30317731922,52370388931,0.578909810312,10175,0,0,0,0,0,0,2,0,0,0,0
18,cn2426,refined_volume_save,io,0,0,0,0,0,0,0,0,0,0,0,0,0,0,0,0,0,0,0,0
18,cn2426,adjacency_build,compute,0.00336548199994,1,11221076353,274137432,2.44305825374,29200723918,48977216506,0.596210360677,0,0,0,0,0,0,0,0,0,0,0,0
18,cn2426,vertex_numbering_local,compute,0.021453629,1,11227606654,274294153,2.44303315437,29216530794,49016909225,0.596050041831,2,0,0,0,0,0,0,0,0,0,0,0
18,cn2426,vertex_count_allgather,communication,5.832982158,1,18871881678,335674306,1.77870077678,44312422649,61793490297,0.71710502896,28,0,0,0,0,0,0,6,1,1,4,128
18,cn2426,element_count_allgather,communication,0.00208500600002,1,11223020500,274127555,2.44254703981,29204467309,48974426008,0.596320767582,1,0,0,0,0,0,0,0,1,1,4,128
18,cn2426,vertex_exchange_prepare,compute,1.43800000387e-05,1,11220352787,274105212,2.44292864229,29199200111,48969892475,0.59626841382,0,0,0,0,0,0,0,0,0,0,0,0
18,cn2426,vertex_exchange,communication,0.00258619199985,1,11224023055,274135999,2.4424040975,29206535504,48975222733,0.596353296099,39,0,0,0,0,0,0,0,5,2,139568,46860
18,cn2426,vertex_exchange_unpack,compute,0.000689088999934,1,11220621234,274110065,2.44291344734,29199839225,48971371147,0.596263460489,0,0,0,0,0,0,0,0,0,0,0,0
18,cn2426,partition_result_io,io,0,0,0,0,0,0,0,0,0,0,0,0,0,0,0,0,0,0,0,0
18,cn2426,volume_exchange_pack,compute,0.435490339,2,22727201993,551794684,2.42790416599,59218656623,98893932415,0.598809807406,327,0,0,0,0,0,0,0,0,0,0,0
18,cn2426,volume_size_exchange,communication,0.150435826,1,11412857853,276039724,2.41867311024,29578598556,49298884231,0.599985152147,0,0,0,0,0,0,0,1,4,4,16,16
18,cn2426,volume_payload_prepare,compute,0.000199662000114,1,11220353005,274105271,2.44292912066,29199279345,48970083700,0.596267703439,34,0,0,0,0,0,0,0,0,0,0,0
18,cn2426,volume_payload_exchange,communication,0.0457664130001,1,11278370982,274581156,2.43458170013,29313669130,49068877370,0.597398406101,175,0,0,0,0,0,0,0,4,4,1952160,1952160
18,cn2426,volume_exchange_unpack,compute,0.335933991,1,11462425000,279166515,2.43549262045,29884985261,49620075427,0.602276094984,15674,0,0,0,0,0,0,0,0,0,0,0
18,cn2426,final_mesh_save,io,0,0,0,0,0,0,0,0,0,0,0,0,0,0,0,0,0,0,0,0
18,cn2426,testout_io,io,0,0,0,0,0,0,0,0,0,0,0,0,0,0,0,0,0,0,0,0
18,cn2426,final_count_exchange,communication,0,0,0,0,0,0,0,0,0,0,0,0,0,0,0,0,0,0,0,0
18,cn2426,quality_evaluation,postprocess,0,0,0,0,0,0,0,0,0,0,0,0,0,0,0,0,0,0,0,0
19,cn2427,geometry_load,io,1.731802118,1,1399823735,22025639,1.57345803256,3317657752,3744777120,0.885942646434,5846,0,1035180,0,0,0,2,3,0,0,0,0
19,cn2427,coarse_local_size,setup,0.452345077,1,266453032,5891636,2.21113490651,632758880,874043442,0.723944428382,9261,0,0,0,0,0,82,22,0,0,0,0
19,cn2427,coarse_edge_mesh,setup,0.0125781010001,1,6279468,155065,2.46939708905,12801615,24719611,0.51787283384,522,0,0,0,0,0,0,0,0,0,0,0
19,cn2427,coarse_surface_mesh,setup,8.055382854,1,5654483781,163544240,2.89229302504,15312175201,17508034518,0.874579907028,7111,0,0,0,0,0,0,8,0,0,0,0
19,cn2427,coarse_volume_mesh,setup,13.552486674,1,5605048699,124802069,2.22660097534,14007394669,23731945804,0.590233720601,18888,0,0,0,0,0,41596,1711358,0,0,0,0
19,cn2427,coarse_mesh_save,io,0,0,0,0,0,0,0,0,0,0,0,0,0,0,0,0,0,0,0,0
19,cn2427,submesh_initialization,setup,0.000123161000147,1,3982024865,78655369,1.97526061907,10545821855,18250475598,0.57783819377,1,0,0,0,0,0,0,0,0,0,0,0
19,cn2427,metis_partition,compute,0.132298225,1,4065818421,84315089,2.07375441472,10740846571,18540219660,0.579326823952,61,0,0,0,0,0,0,0,0,0,0,0
19,cn2427,face_map_setup,compute,0.0066207540001,1,3985090629,78717977,1.9753120902,10553719225,18264779280,0.577818054257,3,0,0,0,0,0,0,0,0,0,0,0
19,cn2427,face_local_extract,compute,0.155678887,1,4043252405,80804550,1.99850372685,10709748083,18591683673,0.576050468122,25,0,0,0,0,0,0,0,0,0,0,0
19,cn2427,face_pre_collective_wait,synchronization,0.046242079,1,4042559643,79155802,1.95806145092,10665603589,18351881702,0.581172206872,1,0,0,0,0,0,0,0,0,0,0,0
19,cn2427,face_collective_setup,compute,0.000107321000087,1,3981944984,78651871,1.97521239786,10545675836,18250368998,0.577833568031,15,0,0,0,0,0,0,0,0,0,0,0
19,cn2427,face_allgatherv,communication,0.0580631319999,1,4106005391,79203593,1.92896953262,10787226671,18375642151,0.587039439621,40,0,0,0,0,0,0,1,1,1,151800,4859624
19,cn2427,face_global_merge,compute,0.0728778580001,1,4000082057,79503488,1.98754642698,10590177012,18410279451,0.575231736171,0,0,0,0,0,0,0,0,0,0,0,0
19,cn2427,part_face_create,compute,0.0175460369999,1,3986569576,78827448,1.97732527922,10556319441,18288633084,0.577206584686,3,0,0,0,0,0,0,0,0,0,0,0
19,cn2427,surface_refine,compute,0.0190705140001,1,3990352912,78945856,1.97841789288,10563063057,18292054985,0.577467270116,1,0,0,0,0,0,0,0,0,0,0,0
19,cn2427,refined_surface_save,io,0,0,0,0,0,0,0,0,0,0,0,0,0,0,0,0,0,0,0,0
19,cn2427,local_volume_mesh,compute,21.07352617,1,12618923004,278645004,2.20815202622,33930241010,56831116196,0.597036329411,7819,0,0,0,0,0,37914,2362147,0,0,0,0
19,cn2427,volume_refine,compute,1.639185698,1,11895216037,278777880,2.3436134252,31553925197,55026579859,0.57343060895,7840,0,0,0,0,0,0,1,0,0,0,0
19,cn2427,refined_volume_save,io,0,0,0,0,0,0,0,0,0,0,0,0,0,0,0,0,0,0,0,0
19,cn2427,adjacency_build,compute,0.00308803499979,1,11328310570,257276708,2.27109511529,30476744130,51750309029,0.58891907511,0,0,0,0,0,0,0,0,0,0,0,0
19,cn2427,vertex_numbering_local,compute,0.015996759,1,11332718732,257385423,2.27117101454,30487405348,51778561888,0.588803632939,2,0,0,0,0,0,0,0,0,0,0,0
19,cn2427,vertex_count_allgather,communication,4.962750002,1,17802294551,311155094,1.74783701679,43286978606,62652282148,0.690908249818,26,0,0,0,0,0,0,6,1,1,4,128
19,cn2427,element_count_allgather,communication,0.0020417830001,1,11330178952,257266499,2.2706305001,30480269206,51747927564,0.589014297593,1,0,0,0,0,0,0,0,1,1,4,128
19,cn2427,vertex_exchange_prepare,compute,1.71799999862e-05,1,11327666117,257245896,2.27095231571,30475429616,51743555669,0.58897053405,0,0,0,0,0,0,0,0,0,0,0,0
19,cn2427,vertex_exchange,communication,0.0022387649999,1,11330571696,257268395,2.27056852825,30481208590,51748149537,0.589029924021,27,0,0,0,0,0,0,0,0,3,0,93148
19,cn2427,vertex_exchange_unpack,compute,0.00134685499984,1,11328194391,257255758,2.27093347025,30476692610,51746477418,0.58896168649,0,0,0,0,0,0,0,0,0,0,0,0
19,cn2427,partition_result_io,io,0,0,0,0,0,0,0,0,0,0,0,0,0,0,0,0,0,0,0,0
19,cn2427,volume_exchange_pack,compute,0.383913035,2,22912904408,517636668,2.25914907505,61687825563,104327856538,0.591288152657,1,0,0,0,0,0,0,3,0,0,0,0
19,cn2427,volume_size_exchange,communication,0.201690802,1,11596541781,259486283,2.23761779934,31007730048,52186968164,0.594166151798,3,0,0,0,0,0,0,0,3,3,12,12
19,cn2427,volume_payload_prepare,compute,7.11609998234e-05,1,11327666150,257245902,2.27095236206,30475482842,51743669211,0.588970270309,0,0,0,0,0,0,0,0,0,0,0,0
19,cn2427,volume_payload_exchange,communication,0.00313851600004,1,11330726981,257299733,2.270813986,30481602497,51749816145,0.58901856601,11,0,0,0,0,0,0,0,3,3,958320,954600
19,cn2427,volume_exchange_unpack,compute,0.302128828,1,11554907932,261721338,2.26502313597,31119113808,52320076769,0.594783412597,15111,0,0,0,0,0,0,0,0,0,0,0
19,cn2427,final_mesh_save,io,0,0,0,0,0,0,0,0,0,0,0,0,0,0,0,0,0,0,0,0
19,cn2427,testout_io,io,0,0,0,0,0,0,0,0,0,0,0,0,0,0,0,0,0,0,0,0
19,cn2427,final_count_exchange,communication,0,0,0,0,0,0,0,0,0,0,0,0,0,0,0,0,0,0,0,0
19,cn2427,quality_evaluation,postprocess,0,0,0,0,0,0,0,0,0,0,0,0,0,0,0,0,0,0,0,0
20,cn2428,geometry_load,io,1.732889667,1,1398118211,21941210,1.56933868877,3316503759,3712573295,0.89331670932,4964,0,1035180,0,0,0,4,17,0,0,0,0
20,cn2428,coarse_local_size,setup,0.4460142,1,266166194,5999356,2.25398872405,632891063,866421218,0.730465794064,8854,0,0,0,0,0,87,23,0,0,0,0
20,cn2428,coarse_edge_mesh,setup,0.0122725450001,1,6243059,171370,2.74496845216,12748728,24206222,0.526671530981,486,0,0,0,0,0,0,0,0,0,0,0
20,cn2428,coarse_surface_mesh,setup,8.160472214,1,5663530455,164869682,2.91107610897,15314206732,17817801901,0.859489111906,15249,0,0,0,0,0,0,74,0,0,0,0
20,cn2428,coarse_volume_mesh,setup,13.595586408,1,5636322942,122352238,2.17078118587,14067961736,24160117082,0.582280362643,27809,0,0,0,0,0,36902,1603447,0,0,0,0
20,cn2428,coarse_mesh_save,io,0,0,0,0,0,0,0,0,0,0,0,0,0,0,0,0,0,0,0,0
20,cn2428,submesh_initialization,setup,0.000124282000115,1,4677532506,104453828,2.23309678481,11464393603,19722124129,0.581296087988,2,0,0,0,0,0,0,0,0,0,0,0
20,cn2428,metis_partition,compute,0.143582698,1,4761419315,110095473,2.31224065171,11659415561,20035343752,0.581942376698,492,0,0,0,0,0,0,1,0,0,0,0
20,cn2428,face_map_setup,compute,0.00727693900012,1,4680588048,104520396,2.23306120787,11472290053,19737354489,0.58124760638,223,0,0,0,0,0,0,0,0,0,0,0
20,cn2428,face_local_extract,compute,0.158684061,1,4738876975,106646212,2.25045327327,11628320276,20067875256,0.579449499644,677,0,0,0,0,0,0,2,0,0,0,0
20,cn2428,face_pre_collective_wait,synchronization,0.031349204,1,4719321946,104798029,2.22061622833,11547036546,19790811056,0.58345443819,0,0,0,0,0,0,0,0,0,0,0,0
20,cn2428,face_collective_setup,compute,0.000113500999987,1,4677452548,104450332,2.23306021661,11464247567,19722024392,0.581291622966,16,0,0,0,0,0,0,0,0,0,0,0
20,cn2428,face_allgatherv,communication,0.057909441,1,4797690822,104971091,2.18795030556,11698108834,19842386665,0.589551500608,1187,0,0,0,0,0,0,0,1,1,151800,4859624
20,cn2428,face_global_merge,compute,0.0787116219999,1,4695678268,105322340,2.24296329495,11508749755,19893055074,0.57853103569,525,0,0,0,0,0,0,2,0,0,0,0
20,cn2428,part_face_create,compute,0.018751933,1,4682070867,104630023,2.23469541517,11474924191,19762954814,0.580627962721,2,0,0,0,0,0,0,0,0,0,0,0
20,cn2428,surface_refine,compute,0.0212847079999,1,4686296271,104763091,2.23552001286,11482499208,19768363049,0.580852303225,36,0,0,0,0,0,0,0,0,0,0,0
20,cn2428,refined_surface_save,io,0,0,0,0,0,0,0,0,0,0,0,0,0,0,0,0,0,0,0,0
20,cn2428,local_volume_mesh,compute,20.740384595,1,13247579754,303037197,2.28749101819,34649401824,58030397246,0.59709055027,19120,0,0,0,0,0,38784,2213244,0,0,0,0
20,cn2428,volume_refine,compute,1.700033224,1,9460687358,190008718,2.0084028867,23901455283,40636234434,0.588180859174,9832,0,0,0,0,0,0,15,0,0,0,0
20,cn2428,refined_volume_save,io,0,0,0,0,0,0,0,0,0,0,0,0,0,0,0,0,0,0,0,0
20,cn2428,adjacency_build,compute,0.00386273200002,1,8897591658,168641487,1.89536105367,22834237444,37238436947,0.613190007854,2,0,0,0,0,0,0,0,0,0,0,0
20,cn2428,vertex_numbering_local,compute,0.024083866,1,8908663194,168853050,1.89538033174,22860904422,37282801354,0.613175608907,5,0,0,0,0,0,0,0,0,0,0,0
20,cn2428,vertex_count_allgather,communication,5.216785706,1,15377096332,276595647,1.79875082414,35664099761,48691028965,0.732457303103,42,0,0,0,0,0,0,46,1,1,4,128
20,cn2428,element_count_allgather,communication,0.00208626900007,1,8899463138,168627904,1.89480984847,22837815002,37234552241,0.613350064053,1,0,0,0,0,0,0,0,1,1,4,128
20,cn2428,vertex_exchange_prepare,compute,4.56210000266e-05,1,8896741865,168605156,1.89513373051,22832459407,37230042754,0.613280504615,13,0,0,0,0,0,0,0,0,0,0,0
20,cn2428,vertex_exchange,communication,0.00381543200001,1,8903283760,168645338,1.89419255351,22845439777,37237950254,0.613498853218,75,0,0,0,0,0,0,0,5,4,236478,162250
20,cn2428,vertex_exchange_unpack,compute,0.00369154999998,1,8897669076,168622572,1.8951319785,22834671189,37235569273,0.613248880971,1342,0,0,0,0,0,0,0,0,0,0,0
20,cn2428,partition_result_io,io,0,0,0,0,0,0,0,0,0,0,0,0,0,0,0,0,0,0,0,0
20,cn2428,volume_exchange_pack,compute,0.57202554,2,18094684644,345554725,1.90970294204,46518840934,75704352728,0.614480399841,1881,0,0,0,0,0,0,6,0,0,0,0
20,cn2428,volume_size_exchange,communication,0.053739766,1,8966935276,169189118,1.88681096487,22971210296,37348015045,0.615058397838,37,0,0,0,0,0,0,0,5,5,20,20
20,cn2428,volume_payload_prepare,compute,0.000350864999973,1,8896742236,168605307,1.89513534873,22832530346,37230208136,0.613279685749,102,0,0,0,0,0,0,0,0,0,0,0
20,cn2428,volume_payload_exchange,communication,0.00333500499983,1,8897251252,168620673,1.89519963216,22833549652,37231987395,0.61327775522,802,0,0,0,0,0,0,0,5,5,4260960,4267440
20,cn2428,volume_exchange_unpack,compute,0.391273341,1,9147564655,178397992,1.95022389814,23538591788,37999821802,0.619439530813,15672,0,0,0,0,0,0,3,0,0,0,0
20,cn2428,final_mesh_save,io,0,0,0,0,0,0,0,0,0,0,0,0,0,0,0,0,0,0,0,0
20,cn2428,testout_io,io,0,0,0,0,0,0,0,0,0,0,0,0,0,0,0,0,0,0,0,0
20,cn2428,final_count_exchange,communication,0,0,0,0,0,0,0,0,0,0,0,0,0,0,0,0,0,0,0,0
20,cn2428,quality_evaluation,postprocess,0,0,0,0,0,0,0,0,0,0,0,0,0,0,0,0,0,0,0,0
21,cn2429,geometry_load,io,1.787861659,1,1413151257,28724853,2.03268070971,3316475250,3862448064,0.858645914468,6721,0,1035180,0,0,0,2,17,0,0,0,0
21,cn2429,coarse_local_size,setup,0.462141458,1,269051456,6342897,2.35750331713,632359914,890977754,0.709737040191,8376,0,0,0,0,0,125,25,0,0,0,0
21,cn2429,coarse_edge_mesh,setup,0.0125095029998,1,6263709,164684,2.62917705787,12755673,24772087,0.514921209505,480,0,0,0,0,0,0,0,0,0,0,0
21,cn2429,coarse_surface_mesh,setup,8.163028048,1,5662393481,162653422,2.87252064954,15314423873,17702174110,0.865115424684,13312,0,0,0,0,0,0,75,0,0,0,0
21,cn2429,coarse_volume_mesh,setup,13.26340886,1,5582373110,124539184,2.23093622633,13977077897,23746999044,0.588582914039,20970,0,0,0,0,0,34677,1545143,0,0,0,0
21,cn2429,coarse_mesh_save,io,0,0,0,0,0,0,0,0,0,0,0,0,0,0,0,0,0,0,0,0
21,cn2429,submesh_initialization,setup,0.000121721999903,1,4563102492,110276278,2.41669518038,11170934820,19758178398,0.565382830086,1,0,0,0,0,0,0,0,0,0,0,0
21,cn2429,metis_partition,compute,0.131077067,1,4646436671,115922943,2.49487835966,11365946714,20045092336,0.567018925305,58,0,0,0,0,0,0,1,0,0,0,0
21,cn2429,face_map_setup,compute,0.00669160800021,1,4566112930,110343116,2.41656563672,11178831875,19772591028,0.565370105474,3,0,0,0,0,0,0,0,0,0,0,0
21,cn2429,face_local_extract,compute,0.156385096,1,4624308834,112426872,2.43121461035,11334860825,20100540703,0.563908254633,166,0,0,0,0,0,0,1,0,0,0,0
21,cn2429,face_pre_collective_wait,synchronization,0.0467404880001,1,4624219422,110762985,2.39527961137,11287438264,19860703141,0.568330244094,0,0,0,0,0,0,0,0,0,0,0,0
21,cn2429,face_collective_setup,compute,0.00011688099994,1,4563019853,110272743,2.41666147754,11170788900,19758087101,0.565378057243,16,0,0,0,0,0,0,0,0,0,0,0
21,cn2429,face_allgatherv,communication,0.0577673319999,1,4681090221,110842556,2.36787907874,11400047602,19876916646,0.573531992161,1148,0,0,0,0,0,0,2,1,1,151800,4859624
21,cn2429,face_global_merge,compute,0.0741369249999,1,4581295294,111189957,2.42704191423,11215291829,19920322828,0.563007533856,111,0,0,0,0,0,0,0,0,0,0,0
21,cn2429,part_face_create,compute,0.017835092,1,4567648937,110450504,2.41810405141,11181564873,19796975569,0.564811773093,2,0,0,0,0,0,0,0,0,0,0,0
21,cn2429,surface_refine,compute,0.0214977399999,1,4572735284,110591926,2.41850706703,11191060551,19804867664,0.565066161555,32,0,0,0,0,0,0,1,0,0,0,0
21,cn2429,refined_surface_save,io,0,0,0,0,0,0,0,0,0,0,0,0,0,0,0,0,0,0,0,0
21,cn2429,local_volume_mesh,compute,18.297807391,1,12314447912,284536569,2.31059135605,31823465126,53077132514,0.599570165506,7702,0,0,0,0,0,33721,2143265,0,0,0,0
21,cn2429,volume_refine,compute,1.657255519,1,12068251086,293395444,2.43113473451,30742340018,52999454998,0.580050115971,8386,0,0,0,0,0,0,16,0,0,0,0
21,cn2429,refined_volume_save,io,0,0,0,0,0,0,0,0,0,0,0,0,0,0,0,0,0,0,0,0
21,cn2429,adjacency_build,compute,0.00352304600005,1,11490423791,272121910,2.36824955241,29624307788,49701759745,0.596041426702,0,0,0,0,0,0,0,0,0,0,0,0
21,cn2429,vertex_numbering_local,compute,0.0238709309999,1,11500436147,272330159,2.36799853083,29648527094,49746423770,0.595993135729,2,0,0,0,0,0,0,0,0,0,0,0
21,cn2429,vertex_count_allgather,communication,7.708305068,1,20734532045,485837831,2.34313381149,47876150232,66636477375,0.718467603901,17,0,0,0,0,0,0,68,1,1,4,128
21,cn2429,element_count_allgather,communication,0.00202912700001,1,11492057742,272127298,2.36795971713,29627439095,49698523866,0.596143241093,0,0,0,0,0,0,0,0,1,1,4,128
21,cn2429,vertex_exchange_prepare,compute,3.21210000038e-05,1,11489605531,272086333,2.36810856792,29622608361,49694131920,0.596098718631,0,0,0,0,0,0,0,0,0,0,0,0
21,cn2429,vertex_exchange,communication,0.00310822000006,1,11494918626,272118009,2.36728956379,29633115991,49700542458,0.596233250694,34,0,0,0,0,0,0,0,2,4,60192,281116
21,cn2429,vertex_exchange_unpack,compute,0.00384589100008,1,11491204454,272114925,2.3680278781,29626464592,49702519635,0.596075708225,0,0,0,0,0,0,0,0,0,0,0,0
21,cn2429,partition_result_io,io,0,0,0,0,0,0,0,0,0,0,0,0,0,0,0,0,0,0,0,0
21,cn2429,volume_exchange_pack,compute,0.493546866,2,23282227427,549116145,2.35852066441,60105390425,100466205381,0.598264761738,630,0,0,0,0,0,0,3,0,0,0,0
21,cn2429,volume_size_exchange,communication,0.13288257,1,11651003517,275181403,2.36186868023,29938153616,49986143083,0.598929058525,1,0,0,0,0,0,0,1,5,5,20,20
21,cn2429,volume_payload_prepare,compute,0.00034592399993,1,11489606202,272086458,2.36810951756,29622656329,49694255378,0.596098202975,102,0,0,0,0,0,0,0,0,0,0,0
21,cn2429,volume_payload_exchange,communication,0.00333340300017,1,11490564932,272114337,2.36815455646,29624525738,49696841187,0.596104803252,705,0,0,0,0,0,0,0,5,5,3639480,3630240
21,cn2429,volume_exchange_unpack,compute,0.362539561,1,11737799205,277228522,2.36184413414,30318360032,50397187860,0.60158832902,15856,0,0,0,0,0,0,4,0,0,0,0
21,cn2429,final_mesh_save,io,0,0,0,0,0,0,0,0,0,0,0,0,0,0,0,0,0,0,0,0
21,cn2429,testout_io,io,0,0,0,0,0,0,0,0,0,0,0,0,0,0,0,0,0,0,0,0
21,cn2429,final_count_exchange,communication,0,0,0,0,0,0,0,0,0,0,0,0,0,0,0,0,0,0,0,0
21,cn2429,quality_evaluation,postprocess,0,0,0,0,0,0,0,0,0,0,0,0,0,0,0,0,0,0,0,0
22,cn2430,geometry_load,io,1.770086065,1,1403070017,23230611,1.65569862648,3316775790,3766586624,0.880578656778,5522,0,1035180,0,0,0,2,3,0,0,0,0
22,cn2430,coarse_local_size,setup,0.479784867,1,267886971,6189879,2.31063085185,633034549,884024737,0.716082392839,8358,0,0,0,0,0,115,23,0,0,0,0
22,cn2430,coarse_edge_mesh,setup,0.0121188369999,1,6241810,165095,2.64498598964,12755288,23863377,0.534513116061,483,0,0,0,0,0,0,0,0,0,0,0
22,cn2430,coarse_surface_mesh,setup,8.142711895,1,5663392823,167255125,2.95326724152,15310538148,17787188412,0.860762127963,14210,0,0,0,0,0,0,12,0,0,0,0
22,cn2430,coarse_volume_mesh,setup,13.635955895,1,5589237296,128845859,2.30524939587,13968895647,24042295421,0.581013393372,28093,0,0,0,0,0,39445,1641645,0,0,0,0
22,cn2430,coarse_mesh_save,io,0,0,0,0,0,0,0,0,0,0,0,0,0,0,0,0,0,0,0,0
22,cn2430,submesh_initialization,setup,0.000127402000089,1,4645841543,113487509,2.44277614614,11455645952,19703147174,0.581411987173,3,0,0,0,0,0,0,0,0,0,0,0
22,cn2430,metis_partition,compute,0.147673101,1,4729482155,119086267,2.51795573167,11650651072,20024682616,0.581814518383,811,0,0,0,0,0,0,0,0,0,0,0
22,cn2430,face_map_setup,compute,0.00732588300002,1,4648906838,113550231,2.44251465897,11463528629,19718480147,0.581359645548,213,0,0,0,0,0,0,0,0,0,0,0
22,cn2430,face_local_extract,compute,0.156467382,1,4707129280,115654683,2.45701097464,11619571316,20044217288,0.579696934485,756,0,0,0,0,0,0,0,0,0,0,0
22,cn2430,face_pre_collective_wait,synchronization,0.0294256550001,1,4685332359,113483314,2.42209741604,11530895824,19767592514,0.583323225417,0,0,0,0,0,0,0,0,0,0,0,0
22,cn2430,face_collective_setup,compute,0.000114060999977,1,4645761865,113483994,2.44274238107,11455500045,19703050329,0.581407439646,13,0,0,0,0,0,0,0,0,0,0,0
22,cn2430,face_allgatherv,communication,0.0575222549999,1,4764571689,114018249,2.39304299405,11686428907,19821696943,0.589577619949,852,0,0,0,0,0,0,1,1,1,151800,4859624
22,cn2430,face_global_merge,compute,0.078019388,1,4664006506,114349696,2.45174820946,11500002666,19873303321,0.578665885598,426,0,0,0,0,0,0,0,0,0,0,0
22,cn2430,part_face_create,compute,0.0188671350002,1,4650428379,113663539,2.44415201647,11466363908,19744216063,0.580745463452,2,0,0,0,0,0,0,0,0,0,0,0
22,cn2430,surface_refine,compute,0.0301804440001,1,4657132043,113906385,2.44584830209,11478656890,19764219713,0.580779664297,963,0,0,0,0,0,0,0,0,0,0,0
22,cn2430,refined_surface_save,io,0,0,0,0,0,0,0,0,0,0,0,0,0,0,0,0,0,0,0,0
22,cn2430,local_volume_mesh,compute,22.205815627,1,13816205341,341355745,2.47069102243,36328818114,61178386098,0.59381785678,21490,0,0,0,0,0,39716,2176423,0,0,0,0
22,cn2430,volume_refine,compute,2.087418071,1,13245881716,339568007,2.56357420578,34326552416,59463648958,0.577269525458,81818,0,0,0,0,0,0,2,0,0,0,0
22,cn2430,refined_volume_save,io,0,0,0,0,0,0,0,0,0,0,0,0,0,0,0,0,0,0,0,0
22,cn2430,adjacency_build,compute,0.00381310300008,1,12579693978,314428034,2.49948873597,33055242681,55624163097,0.594260494731,3,0,0,0,0,0,0,0,0,0,0,0
22,cn2430,vertex_numbering_local,compute,0.029154912,1,12589820992,314634164,2.49911546955,33079703143,55675117280,0.594155966958,895,0,0,0,0,0,0,0,0,0,0,0
22,cn2430,vertex_count_allgather,communication,3.350786097,1,16963976100,350732684,2.06751460821,41688914041,62982370949,0.661914015189,17,0,0,0,0,0,0,5,1,1,4,128
22,cn2430,element_count_allgather,communication,0.00172669999984,1,12581069357,314412167,2.49908937053,33057828533,55619675090,0.59435493788,0,0,0,0,0,0,0,0,1,1,4,128
22,cn2430,vertex_exchange_prepare,compute,0.000135422000085,1,12578875731,314393925,2.499380165,33053522762,55615938238,0.594317453039,30,0,0,0,0,0,0,0,0,0,0,0
22,cn2430,vertex_exchange,communication,0.00325441700011,1,12584208961,314423522,2.49855611087,33064124377,55622579563,0.594437090778,52,0,0,0,0,0,0,0,3,4,178354,146806
22,cn2430,vertex_exchange_unpack,compute,0.00218378500017,1,12579719694,314409319,2.49933485521,33055565528,55620677662,0.594303538135,0,0,0,0,0,0,0,0,0,0,0,0
22,cn2430,partition_result_io,io,0,0,0,0,0,0,0,0,0,0,0,0,0,0,0,0,0,0,0,0
22,cn2430,volume_exchange_pack,compute,0.627284483,2,25508513235,633546989,2.4836688174,67104889701,112594708092,0.595986177664,1382,0,0,0,0,0,0,1,0,0,0,0
22,cn2430,volume_size_exchange,communication,3.74199998987e-05,1,12578879142,314394056,2.49938052867,33053522623,55615954724,0.594317274369,0,0,0,0,0,0,0,0,5,5,20,20
22,cn2430,volume_payload_prepare,compute,0.000354363999804,1,12578876449,314393958,2.49938028468,33053602395,55616117106,0.594316973477,103,0,0,0,0,0,0,0,0,0,0,0
22,cn2430,volume_payload_exchange,communication,0.00301125500005,1,12579844760,314414043,2.49934755952,33055452414,55618753065,0.594322069309,508,0,0,0,0,0,0,0,5,5,3433560,3448800
22,cn2430,volume_exchange_unpack,compute,0.406459409,1,12859921686,320088166,2.48903666613,33846466340,56406168416,0.60004902461,17912,0,0,0,0,0,0,0,0,0,0,0
22,cn2430,final_mesh_save,io,0,0,0,0,0,0,0,0,0,0,0,0,0,0,0,0,0,0,0,0
22,cn2430,testout_io,io,0,0,0,0,0,0,0,0,0,0,0,0,0,0,0,0,0,0,0,0
22,cn2430,final_count_exchange,communication,0,0,0,0,0,0,0,0,0,0,0,0,0,0,0,0,0,0,0,0
22,cn2430,quality_evaluation,postprocess,0,0,0,0,0,0,0,0,0,0,0,0,0,0,0,0,0,0,0,0
23,cn2431,geometry_load,io,1.748895665,1,1398857482,23763717,1.69879471682,3315409675,3731484962,0.888496056868,5479,0,1035180,0,0,0,2,5,0,0,0,0
23,cn2431,coarse_local_size,setup,0.453270183,1,266129859,6295638,2.3656263238,632779279,870341476,0.72704713776,8364,0,0,0,0,0,94,21,0,0,0,0
23,cn2431,coarse_edge_mesh,setup,0.0119846360001,1,6229133,154425,2.47907694377,12759952,23491110,0.543182165509,513,0,0,0,0,0,0,0,0,0,0,0
23,cn2431,coarse_surface_mesh,setup,8.066984516,1,5662765620,163796406,2.89251607768,15315190592,17638388520,0.86828740475,12258,0,0,0,0,0,0,10,0,0,0,0
23,cn2431,coarse_volume_mesh,setup,13.508293639,1,5580212190,125540865,2.24975073932,13949600418,23752951737,0.587278607411,26082,0,0,0,0,0,38647,1693419,0,0,0,0
23,cn2431,coarse_mesh_save,io,0,0,0,0,0,0,0,0,0,0,0,0,0,0,0,0,0,0,0,0
23,cn2431,submesh_initialization,setup,0.000117662000093,1,4648086402,112309980,2.41626274313,11392769874,19826987133,0.574609233242,1,0,0,0,0,0,0,0,0,0,0,0
23,cn2431,metis_partition,compute,0.14363491,1,4732119974,117930033,2.49211840883,11587780318,20140068464,0.575359529622,602,0,0,0,0,0,0,0,0,0,0,0
23,cn2431,face_map_setup,compute,0.00717470099994,1,4651124452,112371898,2.41601572178,11400667306,19841997349,0.574572564721,215,0,0,0,0,0,0,0,0,0,0,0
23,cn2431,face_local_extract,compute,0.159191666,1,4709417626,114453756,2.43031655057,11556695881,20173603086,0.57286226123,766,0,0,0,0,0,0,0,0,0,0,0
23,cn2431,face_pre_collective_wait,synchronization,0.0308803500002,1,4689745508,112305837,2.3947106897,11474894474,19894562898,0.576785453032,0,0,0,0,0,0,0,0,0,0,0,0
23,cn2431,face_collective_setup,compute,0.000113461000183,1,4648006559,112306524,2.416229895,11392623845,19826894618,0.57460454925,16,0,0,0,0,0,0,0,0,0,0,0
23,cn2431,face_allgatherv,communication,0.057459352,1,4770093777,112741266,2.3635020876,11630206692,19949775679,0.582974309042,1143,0,0,0,0,0,0,0,1,1,151800,4859624
23,cn2431,face_global_merge,compute,0.0786194920001,1,4666230834,113194121,2.42581486058,11437126068,19997976207,0.571914175195,507,0,0,0,0,0,0,0,0,0,0,0
23,cn2431,part_face_create,compute,0.0189329749999,1,4652765349,112487075,2.41763911486,11403466409,19868191901,0.573955922402,2,0,0,0,0,0,0,0,0,0,0,0
23,cn2431,surface_refine,compute,0.0300471609999,1,4659086893,112759512,2.42020624619,11415075629,19887559928,0.573980703029,986,0,0,0,0,0,0,0,0,0,0,0
23,cn2431,refined_surface_save,io,0,0,0,0,0,0,0,0,0,0,0,0,0,0,0,0,0,0,0,0
23,cn2431,local_volume_mesh,compute,21.264089784,1,13642740225,331390617,2.42906198853,35798034265,59803897907,0.598590317987,23394,0,0,0,0,0,35293,1995422,0,0,0,0
23,cn2431,volume_refine,compute,2.041745527,1,13448752637,348770212,2.5933275852,34667927797,60645436621,0.571649405604,13869,0,0,0,0,0,0,2,0,0,0,0
23,cn2431,refined_volume_save,io,0,0,0,0,0,0,0,0,0,0,0,0,0,0,0,0,0,0,0,0
23,cn2431,adjacency_build,compute,0.00369420200013,1,12788698656,320717331,2.50781834514,33406817883,56568991419,0.590550000009,5,0,0,0,0,0,0,0,0,0,0,0
23,cn2431,vertex_numbering_local,compute,0.025755012,1,12796841329,320913368,2.50775452902,33426481526,56613548812,0.590432541811,759,0,0,0,0,0,0,0,0,0,0,0
23,cn2431,vertex_count_allgather,communication,4.34123653,1,18588642658,320695913,1.72522501454,44870304720,66099288243,0.678831889309,42,0,0,0,0,0,0,6,1,1,4,128
23,cn2431,element_count_allgather,communication,0.00158783799998,1,12789984096,320684066,2.50730621393,33409269283,56564393659,0.590641340282,3,0,0,0,0,0,0,0,1,1,4,128
23,cn2431,vertex_exchange_prepare,compute,0.000102001000187,1,12787954575,320683912,2.50770293341,33405254085,56560976497,0.59060603536,23,0,0,0,0,0,0,0,0,0,0,0
23,cn2431,vertex_exchange,communication,0.00327131699987,1,12792674254,320714155,2.50701416007,33414561323,56567463567,0.590702838981,128,0,0,0,0,0,0,0,3,2,115060,119834
23,cn2431,vertex_exchange_unpack,compute,0.00283937199993,1,12788653929,320697479,2.50767188463,33406925607,56565162682,0.590591877103,1094,0,0,0,0,0,0,0,0,0,0,0
23,cn2431,partition_result_io,io,0,0,0,0,0,0,0,0,0,0,0,0,0,0,0,0,0,0,0,0
23,cn2431,volume_exchange_pack,compute,0.536285131,2,25899584102,645720677,2.49317006195,67733250097,114285712619,0.592665946992,2431,0,0,0,0,0,0,1,0,0,0,0
23,cn2431,volume_size_exchange,communication,0.0901284439999,1,12909312013,320684317,2.48413173899,33644507640,56759089653,0.592759817779,0,0,0,0,0,0,0,0,3,3,12,12
23,cn2431,volume_payload_prepare,compute,0.00020060199995,1,12787954537,320683914,2.5077029565,33405334399,56561150884,0.590605634378,34,0,0,0,0,0,0,0,0,0,0,0
23,cn2431,volume_payload_exchange,communication,0.00249858899997,1,12789520520,320692535,2.50746331341,33408399844,56564285029,0.590627103779,278,0,0,0,0,0,0,0,3,3,2479080,2475120
23,cn2431,volume_exchange_unpack,compute,0.391263565,1,13060637025,326289288,2.49826472763,34178657601,57320084110,0.596277171112,17773,0,0,0,0,0,0,0,0,0,0,0
23,cn2431,final_mesh_save,io,0,0,0,0,0,0,0,0,0,0,0,0,0,0,0,0,0,0,0,0
23,cn2431,testout_io,io,0,0,0,0,0,0,0,0,0,0,0,0,0,0,0,0,0,0,0,0
23,cn2431,final_count_exchange,communication,0,0,0,0,0,0,0,0,0,0,0,0,0,0,0,0,0,0,0,0
23,cn2431,quality_evaluation,postprocess,0,0,0,0,0,0,0,0,0,0,0,0,0,0,0,0,0,0,0,0
24,cn2432,geometry_load,io,1.749509099,1,1404577789,24741674,1.76150258062,3316695504,3781031106,0.877193392759,6273,0,1035180,0,0,0,2,4,0,0,0,0
24,cn2432,coarse_local_size,setup,0.457812966,1,267812051,6259732,2.33736009139,632109471,882374273,0.716373414709,8764,0,0,0,0,0,108,21,0,0,0,0
24,cn2432,coarse_edge_mesh,setup,0.012529759,1,6241332,169906,2.72227146385,12748400,24655311,0.517065065616,552,0,0,0,0,0,0,0,0,0,0,0
24,cn2432,coarse_surface_mesh,setup,8.176929792,1,5660307771,163492866,2.8884094755,15310873013,17734971375,0.863315349614,14579,0,0,0,0,0,0,12,0,0,0,0
24,cn2432,coarse_volume_mesh,setup,13.412034599,1,5581288363,125026675,2.2401041994,13963534447,23816498136,0.586296707739,21446,0,0,0,0,0,38384,1565125,0,0,0,0
24,cn2432,coarse_mesh_save,io,0,0,0,0,0,0,0,0,0,0,0,0,0,0,0,0,0,0,0,0
24,cn2432,submesh_initialization,setup,0.00012998200009,1,3309229166,66565405,2.01150786666,8759481292,15302227919,0.572431762118,2,0,0,0,0,0,0,0,0,0,0,0
24,cn2432,metis_partition,compute,0.131926966,1,3392656235,72205287,2.12828185347,8954507156,15591109155,0.574334196944,64,0,0,0,0,0,0,0,0,0,0,0
24,cn2432,face_map_setup,compute,0.00741340200011,1,3312237036,66633348,2.01173247191,8767374458,15316830661,0.572401344119,774,0,0,0,0,0,0,0,0,0,0,0
24,cn2432,face_local_extract,compute,0.154467716,1,3370542142,68708960,2.03851360123,8923408034,15640368215,0.570536953564,220,0,0,0,0,0,0,0,0,0,0,0
24,cn2432,face_pre_collective_wait,synchronization,0.047048503,1,3370404072,66866926,1.98394390024,8876576465,15405412371,0.576198562637,0,0,0,0,0,0,0,0,0,0,0,0
24,cn2432,face_collective_setup,compute,0.000122161000036,1,3309149021,66561927,2.01145148126,8759335330,15302125405,0.572426058353,16,0,0,0,0,0,0,0,0,0,0,0
24,cn2432,face_allgatherv,communication,0.057410678,1,3430877914,66985538,1.95243140908,8996121477,15425219139,0.583208666012,1147,0,0,0,0,0,0,0,1,1,151800,4859624
24,cn2432,face_global_merge,compute,0.0738962810001,1,3327328647,67448595,2.02710949701,8803838700,15463772276,0.569320250122,145,0,0,0,0,0,0,0,0,0,0,0
24,cn2432,part_face_create,compute,0.0176070759999,1,3313789712,66736504,2.01390280615,8769935989,15340477012,0.571686003124,3,0,0,0,0,0,0,0,0,0,0,0
24,cn2432,surface_refine,compute,0.0185428060001,1,3317092384,66854619,2.01545845761,8775826070,15342576914,0.571991662104,32,0,0,0,0,0,0,0,0,0,0,0
24,cn2432,refined_surface_save,io,0,0,0,0,0,0,0,0,0,0,0,0,0,0,0,0,0,0,0,0
24,cn2432,local_volume_mesh,compute,14.611268643,1,9356839602,192657277,2.0589994613,24757236210,42671125165,0.580187096409,6006,0,0,0,0,0,24717,1458019,0,0,0,0
24,cn2432,volume_refine,compute,1.402942168,1,8737533978,192299562,2.20084479768,22763914417,40551722381,0.561355056713,6567,0,0,0,0,0,0,2,0,0,0,0
24,cn2432,refined_volume_save,io,0,0,0,0,0,0,0,0,0,0,0,0,0,0,0,0,0,0,0,0
24,cn2432,adjacency_build,compute,0.00340253800005,1,8252662631,173025216,2.09659868259,21846635083,37783679083,0.578202959934,0,0,0,0,0,0,0,0,0,0,0,0
24,cn2432,vertex_numbering_local,compute,0.0219246430001,1,8261968811,173200129,2.09635418581,21868888967,37824294938,0.578170432598,2,0,0,0,0,0,0,0,0,0,0,0
24,cn2432,vertex_count_allgather,communication,11.655047257,1,23627169477,173016458,0.732277550929,52049324996,63395193491,0.821029515485,58,0,0,0,0,0,0,14,1,1,4,128
24,cn2432,element_count_allgather,communication,0.00223362499992,1,8254766165,172991834,2.0956600168,21850661863,37781094846,0.578349091048,2,0,0,0,0,0,0,0,1,1,4,128
24,cn2432,vertex_exchange_prepare,compute,2.51809999554e-05,1,8251867290,172991649,2.09639397873,21844961806,37776227017,0.578272726818,6,0,0,0,0,0,0,0,0,0,0,0
24,cn2432,vertex_exchange,communication,0.00373310100008,1,8257857456,173020235,2.09521944308,21856962091,37784011620,0.578471188047,73,0,0,0,0,0,0,0,4,2,327492,2442
24,cn2432,vertex_exchange_unpack,compute,7.59209999615e-05,1,8251881907,172992106,2.0963958034,21844994561,37776332879,0.57827197338,7,0,0,0,0,0,0,0,0,0,0,0
24,cn2432,partition_result_io,io,0,0,0,0,0,0,0,0,0,0,0,0,0,0,0,0,0,0,0,0
24,cn2432,volume_exchange_pack,compute,0.424650238,2,16763371857,349693530,2.08605722633,44424837330,76474506452,0.580910415654,1477,0,0,0,0,0,0,0,0,0,0,0
24,cn2432,volume_size_exchange,communication,0.099832229,1,8387146208,172992086,2.06258579152,22111586904,37995693151,0.581949823,0,0,0,0,0,0,0,0,4,4,16,16
24,cn2432,volume_payload_prepare,compute,0.000270243000159,1,8251867685,172991762,2.09639524776,21845041003,37776412386,0.578271985698,68,0,0,0,0,0,0,0,0,0,0,0
24,cn2432,volume_payload_exchange,communication,0.104991967,1,8390210533,173003991,2.06197437263,22118004278,38003033613,0.582006281478,579,0,0,0,0,0,0,0,4,4,3543120,3553320
24,cn2432,volume_exchange_unpack,compute,0.314396653,1,8462835984,177773301,2.10063507477,22439370035,38392095169,0.584478912553,13092,0,0,0,0,0,0,1,0,0,0,0
24,cn2432,final_mesh_save,io,0,0,0,0,0,0,0,0,0,0,0,0,0,0,0,0,0,0,0,0
24,cn2432,testout_io,io,0,0,0,0,0,0,0,0,0,0,0,0,0,0,0,0,0,0,0,0
24,cn2432,final_count_exchange,communication,0,0,0,0,0,0,0,0,0,0,0,0,0,0,0,0,0,0,0,0
24,cn2432,quality_evaluation,postprocess,0,0,0,0,0,0,0,0,0,0,0,0,0,0,0,0,0,0,0,0
25,cn2433,geometry_load,io,1.711720446,1,1394295703,22778133,1.63366586808,3316860031,3704692341,0.895313220559,4964,0,1035180,0,0,0,2,4,0,0,0,0
25,cn2433,coarse_local_size,setup,0.455003459,1,266064354,6242994,2.34642255009,632508160,877947943,0.720439252741,10041,0,0,0,0,0,84,20,0,0,0,0
25,cn2433,coarse_edge_mesh,setup,0.0124934190001,1,6253762,175714,2.80973276565,12751085,24673823,0.516785947601,515,0,0,0,0,0,0,0,0,0,0,0
25,cn2433,coarse_surface_mesh,setup,8.17593874,1,5663079284,168263382,2.97123479227,15313492276,17748645374,0.862797805315,13604,0,0,0,0,0,0,9,0,0,0,0
25,cn2433,coarse_volume_mesh,setup,13.37921988,1,5562415165,124091915,2.23089991162,13916271059,23587073540,0.589995661624,21971,0,0,0,0,0,39918,1626974,0,0,0,0
25,cn2433,coarse_mesh_save,io,0,0,0,0,0,0,0,0,0,0,0,0,0,0,0,0,0,0,0,0
25,cn2433,submesh_initialization,setup,0.000122220999856,1,3552945649,69089996,1.94458353224,9419525939,16186332902,0.581943173666,1,0,0,0,0,0,0,0,0,0,0,0
25,cn2433,metis_partition,compute,0.134956486,1,3637482474,74749464,2.05497798365,9614569103,16480164306,0.58340250282,61,0,0,0,0,0,0,1,0,0,0,0
25,cn2433,face_map_setup,compute,0.00659775400004,1,3555981851,69149274,1.94459018346,9427421336,16200596213,0.581918172149,3,0,0,0,0,0,0,0,0,0,0,0
25,cn2433,face_local_extract,compute,0.157817881,1,3614232383,71242035,1.97115258374,9583452894,16532166647,0.579685234164,25,0,0,0,0,0,0,0,0,0,0,0
25,cn2433,face_pre_collective_wait,synchronization,0.0414935630001,1,3609503072,69085789,1.91399723513,9531129567,16277326564,0.585546375169,0,0,0,0,0,0,0,0,0,0,0,0
25,cn2433,face_collective_setup,compute,0.000116060999972,1,3552865061,69086438,1.94452749581,9419379924,16186232303,0.581937769561,16,0,0,0,0,0,0,0,0,0,0,0
25,cn2433,face_allgatherv,communication,0.0573311000001,1,3676129409,69515965,1.89100973513,9659256697,16310520983,0.592210187956,554,0,0,0,0,0,0,0,1,1,151800,4859624
25,cn2433,face_global_merge,compute,0.0735360009999,1,3571170882,69944862,1.95859745476,9463881602,16347108914,0.57893304876,124,0,0,0,0,0,0,0,0,0,0,0
25,cn2433,part_face_create,compute,0.017534075,1,3557422179,69261487,1.94695719302,9430090211,16224456658,0.581226873095,3,0,0,0,0,0,0,0,0,0,0,0
25,cn2433,surface_refine,compute,0.019947663,1,3561943532,69394368,1.94821639862,9438287339,16229737821,0.581542810062,32,0,0,0,0,0,0,0,0,0,0,0
25,cn2433,refined_surface_save,io,0,0,0,0,0,0,0,0,0,0,0,0,0,0,0,0,0,0,0,0
25,cn2433,local_volume_mesh,compute,19.436153286,1,11750808624,262178090,2.23114934801,31447244974,52425097624,0.599850956875,8024,0,0,0,0,0,35176,1942609,0,0,0,0
25,cn2433,volume_refine,compute,1.549657977,1,11413538404,276281238,2.42064492378,30061653547,51851124243,0.579768596841,6938,0,0,0,0,0,0,2,0,0,0,0
25,cn2433,refined_volume_save,io,0,0,0,0,0,0,0,0,0,0,0,0,0,0,0,0,0,0,0,0
25,cn2433,adjacency_build,compute,0.00337343799993,1,10864347425,251559941,2.31546296486,29014603120,48768862379,0.594941151067,0,0,0,0,0,0,0,0,0,0,0,0
25,cn2433,vertex_numbering_local,compute,0.0232866000001,1,10873699904,251772978,2.31543062824,29037233498,48811046888,0.594890610821,239,0,0,0,0,0,0,0,0,0,0,0
25,cn2433,vertex_count_allgather,communication,6.681455138,1,19897025402,251540997,1.26421408184,46803557510,63451029279,0.737632754611,29,0,0,0,0,0,0,7,1,1,4,128
25,cn2433,element_count_allgather,communication,0.00217392400009,1,10866371589,251526249,2.31472158797,29018469704,48766179613,0.595053168698,0,0,0,0,0,0,0,0,1,1,4,128
25,cn2433,vertex_exchange_prepare,compute,0.000111360999881,1,10863545983,251526065,2.31532195283,29012910281,48761504930,0.594996202899,29,0,0,0,0,0,0,0,0,0,0,0
25,cn2433,vertex_exchange,communication,0.00293023199993,1,10868541421,251555593,2.31452945944,29022735097,48767364801,0.595126171271,58,0,0,0,0,0,0,0,4,2,177078,148918
25,cn2433,vertex_exchange_unpack,compute,0.00205604300004,1,10864390290,251541518,2.31528425697,29014945374,48765962421,0.594983548638,0,0,0,0,0,0,0,0,0,0,0,0
25,cn2433,partition_result_io,io,0,0,0,0,0,0,0,0,0,0,0,0,0,0,0,0,0,0,0,0
25,cn2433,volume_exchange_pack,compute,0.472856798,2,22003435121,506866893,2.30358073734,58809435121,98550109082,0.596746524878,1493,0,0,0,0,0,0,0,0,0,0,0
25,cn2433,volume_size_exchange,communication,0.0855779349999,1,10979589323,251526698,2.29085706761,29241849968,48949567689,0.597387297755,2,0,0,0,0,0,0,0,4,4,16,16
25,cn2433,volume_payload_prepare,compute,0.000317843999937,1,10863546513,251526113,2.31532228172,29013029515,48761777949,0.594995316728,68,0,0,0,0,0,0,0,0,0,0,0
25,cn2433,volume_payload_exchange,communication,0.0688275480002,1,10953957346,251536979,2.29631147041,29191674207,48909738803,0.596847885951,378,0,0,0,0,0,0,0,4,4,3490800,3474960
25,cn2433,volume_exchange_unpack,compute,0.345069431,1,11103802505,256653930,2.31140575388,29680587488,49445373531,0.600270265314,12591,0,0,0,0,0,0,1,0,0,0,0
25,cn2433,final_mesh_save,io,0,0,0,0,0,0,0,0,0,0,0,0,0,0,0,0,0,0,0,0
25,cn2433,testout_io,io,0,0,0,0,0,0,0,0,0,0,0,0,0,0,0,0,0,0,0,0
25,cn2433,final_count_exchange,communication,0,0,0,0,0,0,0,0,0,0,0,0,0,0,0,0,0,0,0,0
25,cn2433,quality_evaluation,postprocess,0,0,0,0,0,0,0,0,0,0,0,0,0,0,0,0,0,0,0,0
26,cn2434,geometry_load,io,1.793743962,1,1400801709,24133227,1.72281535959,3316879806,3873339179,0.856336006922,6722,0,1035180,0,0,0,2,18,0,0,0,0
26,cn2434,coarse_local_size,setup,0.468008666,1,266817108,6380152,2.39120798806,632043433,907552223,0.696426516273,8336,0,0,0,0,0,108,25,0,0,0,0
26,cn2434,coarse_edge_mesh,setup,0.012618144,1,6267973,179160,2.85834032789,12757366,24806239,0.514280540472,534,0,0,0,0,0,0,0,0,0,0,0
26,cn2434,coarse_surface_mesh,setup,8.336122902,1,5656925029,162033705,2.86434245052,15310877131,18081261583,0.846781462716,12292,0,0,0,0,0,1,72,0,0,0,0
26,cn2434,coarse_volume_mesh,setup,13.648935709,1,5556417621,126624209,2.2788821438,13907409220,23823220161,0.583775372347,21030,0,0,0,0,0,38886,1754400,0,0,0,0
26,cn2434,coarse_mesh_save,io,0,0,0,0,0,0,0,0,0,0,0,0,0,0,0,0,0,0,0,0
26,cn2434,submesh_initialization,setup,0.00012792199982,1,4689643217,110367226,2.35342478933,11538382371,19810838738,0.582427757027,1,0,0,0,0,0,0,0,0,0,0,0
26,cn2434,metis_partition,compute,0.145879748,1,4773806421,116019052,2.43032586092,11733462521,20130302811,0.582875609531,53,0,0,0,0,0,0,1,0,0,0,0
26,cn2434,face_map_setup,compute,0.00681353899995,1,4692723561,110434314,2.35330959867,11546275928,19825509416,0.582394917867,3,0,0,0,0,0,0,0,0,0,0,0
26,cn2434,face_local_extract,compute,0.153874925,1,4750974447,112532967,2.36862917819,11702308213,20146278397,0.580866995998,24,0,0,0,0,0,0,3,0,0,0,0
26,cn2434,face_pre_collective_wait,synchronization,0.0343585809999,1,4734260527,110975740,2.34409871124,11625603525,19886126481,0.584608749024,0,0,0,0,0,0,0,0,0,0,0,0
26,cn2434,face_collective_setup,compute,0.00011020199986,1,4689559929,110363690,2.35339118533,11538236567,19810736018,0.582423417107,13,0,0,0,0,0,0,0,0,0,0,0
26,cn2434,face_allgatherv,communication,0.0572658149999,1,4812386942,111000301,2.30655394792,11777399399,19935970703,0.590761271395,33,0,0,0,0,0,0,0,1,1,151800,4859624
26,cn2434,face_global_merge,compute,0.0739341180001,1,4707741667,111247938,2.3630850176,11582738644,19972801067,0.579925600077,0,0,0,0,0,0,0,2,0,0,0,0
26,cn2434,part_face_create,compute,0.0178768209998,1,4694216366,110548337,2.35499023438,11549139307,19849794297,0.581826649395,2,0,0,0,0,0,0,0,0,0,0,0
26,cn2434,surface_refine,compute,0.029105585,1,4701233407,110837564,2.35762733743,11562083905,19869522282,0.581900447374,963,0,0,0,0,0,0,0,0,0,0,0
26,cn2434,refined_surface_save,io,0,0,0,0,0,0,0,0,0,0,0,0,0,0,0,0,0,0,0,0
26,cn2434,local_volume_mesh,compute,24.571323172,1,14858191510,364470872,2.4529961924,39091746890,65660538001,0.595361355239,12054,0,0,0,0,0,40811,2543018,0,0,0,0
26,cn2434,volume_refine,compute,2.120111942,1,14252592733,369907607,2.59537063838,36859674429,64841282289,0.568459986104,13576,0,0,0,0,0,0,19,0,0,0,0
26,cn2434,refined_volume_save,io,0,0,0,0,0,0,0,0,0,0,0,0,0,0,0,0,0,0,0,0
26,cn2434,adjacency_build,compute,0.00335194800005,1,13537842270,342299065,2.52846102188,35488326287,60588779506,0.585724396107,0,0,0,0,0,0,0,0,0,0,0,0
26,cn2434,vertex_numbering_local,compute,0.0251847479999,1,13546247147,342493350,2.52832645295,35508687534,60636434118,0.585599863358,2,0,0,0,0,0,0,1,0,0,0,0
26,cn2434,vertex_count_allgather,communication,0.963592094,1,14759540644,359122332,2.43315385392,37890047922,62700131826,0.604305713856,17,0,0,0,0,0,0,7,1,1,4,128
26,cn2434,element_count_allgather,communication,0.00181840699997,1,13539331264,342297534,2.52817164545,35491129423,60585408840,0.585803250362,0,0,0,0,0,0,0,0,1,1,4,128
26,cn2434,vertex_exchange_prepare,compute,2.21210000291e-05,1,13537074153,342266289,2.52836237086,35486701936,60581459487,0.585768356136,0,0,0,0,0,0,0,0,0,0,0,0
26,cn2434,vertex_exchange,communication,0.00237095399984,1,13540820266,342294272,2.5278695476,35494144368,60586294585,0.585844448998,33,0,0,0,0,0,0,0,4,3,82192,152900
26,cn2434,vertex_exchange_unpack,compute,0.00220533200013,1,13537951067,342282437,2.52831787695,35488818925,60586255955,0.585756924002,0,0,0,0,0,0,0,0,0,0,0,0
26,cn2434,partition_result_io,io,0,0,0,0,0,0,0,0,0,0,0,0,0,0,0,0,0,0,0,0
26,cn2434,volume_exchange_pack,compute,0.55877365,2,27439913098,689785245,2.5138025858,72023032712,122384238280,0.588499252226,501,0,0,0,0,0,0,6,0,0,0,0
26,cn2434,volume_size_exchange,communication,0.0674426439998,1,13626564840,342763368,2.51540554809,35663695209,60729649900,0.587253430042,1,0,0,0,0,0,0,0,4,4,16,16
26,cn2434,volume_payload_prepare,compute,0.000281723999933,1,13537074514,342266370,2.52836290179,35486778296,60581648055,0.585767793306,68,0,0,0,0,0,0,0,0,0,0,0
26,cn2434,volume_payload_exchange,communication,0.00230845299984,1,13538298269,342284334,2.52826704804,35489150102,60584323103,0.58578107808,269,0,0,0,0,0,0,0,4,4,2482080,2478360
26,cn2434,volume_exchange_unpack,compute,0.411067416,1,13830060299,348236160,2.5179655943,36314417152,61372777098,0.591702361684,19354,0,0,0,0,0,0,4,0,0,0,0
26,cn2434,final_mesh_save,io,0,0,0,0,0,0,0,0,0,0,0,0,0,0,0,0,0,0,0,0
26,cn2434,testout_io,io,0,0,0,0,0,0,0,0,0,0,0,0,0,0,0,0,0,0,0,0
26,cn2434,final_count_exchange,communication,0,0,0,0,0,0,0,0,0,0,0,0,0,0,0,0,0,0,0,0
26,cn2434,quality_evaluation,postprocess,0,0,0,0,0,0,0,0,0,0,0,0,0,0,0,0,0,0,0,0
27,cn2435,geometry_load,io,1.740172713,1,1399886126,23880016,1.70585418031,3316640092,3760278141,0.882019884603,6276,0,1035180,0,0,0,2,3,0,0,0,0
27,cn2435,coarse_local_size,setup,0.692181148,1,787764166,6413705,0.814165619206,1674584613,1403699315,1.19297957554,8621,0,0,0,0,0,82,46,0,0,0,0
27,cn2435,coarse_edge_mesh,setup,0.012536516,1,6268009,166875,2.66232865971,12756702,24674707,0.516995075159,551,0,0,0,0,0,0,0,0,0,0,0
27,cn2435,coarse_surface_mesh,setup,8.161966196,1,5655858694,164443745,2.90749387311,15310727512,17740543232,0.863036002437,11678,0,0,0,0,0,0,10,0,0,0,0
27,cn2435,coarse_volume_mesh,setup,13.377529874,1,5592552283,127386164,2.27778226387,13986183807,23859985984,0.586177368938,18654,0,0,0,0,0,37301,1492684,0,0,0,0
27,cn2435,coarse_mesh_save,io,0,0,0,0,0,0,0,0,0,0,0,0,0,0,0,0,0,0,0,0
27,cn2435,submesh_initialization,setup,0.000125801999957,1,2751355202,58741753,2.13501161018,7328549809,12710196531,0.576588236942,1,0,0,0,0,0,0,0,0,0,0,0
27,cn2435,metis_partition,compute,0.131788875,1,2834706102,64379002,2.27109970782,7523562973,12998796981,0.578789174413,60,0,0,0,0,0,0,0,0,0,0,0
27,cn2435,face_map_setup,compute,0.00666334199991,1,2754391733,58803056,2.13488354962,7336433746,12724555608,0.576557168047,3,0,0,0,0,0,0,0,0,0,0,0
27,cn2435,face_local_extract,compute,0.149644457,1,2812653262,60876559,2.16438193155,7492476399,13038147328,0.574658056127,24,0,0,0,0,0,0,0,0,0,0,0
27,cn2435,face_pre_collective_wait,synchronization,0.052754415,1,2819243316,59490222,2.11014855165,7462537585,12825942752,0.581831505823,0,0,0,0,0,0,0,0,0,0,0,0
27,cn2435,face_collective_setup,compute,0.000119180999945,1,2751272337,58738368,2.13495288017,7328404045,12710090406,0.576581582893,15,0,0,0,0,0,0,0,0,0,0,0
27,cn2435,face_allgatherv,communication,0.0571570090001,1,2874819032,59324898,2.06360460744,7568879971,12834953813,0.589708391731,37,0,0,0,0,0,0,1,1,1,151800,4859624
27,cn2435,face_global_merge,compute,0.073936598,1,2769507254,59599307,2.1519823396,7372905338,12870574022,0.572849767648,0,0,0,0,0,0,0,1,0,0,0,0
27,cn2435,part_face_create,compute,0.0177400800001,1,2755930665,58914809,2.13774641533,7339105099,12748778128,0.575671254556,2,0,0,0,0,0,0,0,0,0,0,0
27,cn2435,surface_refine,compute,0.0200051490001,1,2760421599,59054822,2.1393406725,7347351797,12753822152,0.576090187666,1,0,0,0,0,0,0,0,0,0,0,0
27,cn2435,refined_surface_save,io,0,0,0,0,0,0,0,0,0,0,0,0,0,0,0,0,0,0,0,0
27,cn2435,local_volume_mesh,compute,18.505644725,1,10547815959,244392075,2.31699221858,28401186877,47606503928,0.596582074583,9862,0,0,0,0,0,29273,1735762,0,0,0,0
27,cn2435,volume_refine,compute,1.607432998,1,10272396606,256079004,2.49288470668,27278931345,47419765699,0.575264996418,8847,0,0,0,0,0,0,3,0,0,0,0
27,cn2435,refined_volume_save,io,0,0,0,0,0,0,0,0,0,0,0,0,0,0,0,0,0,0,0,0
27,cn2435,adjacency_build,compute,0.00342306199991,1,9719466348,234821505,2.41599174885,26206549597,44218304851,0.592662918339,0,0,0,0,0,0,0,0,0,0,0,0
27,cn2435,vertex_numbering_local,compute,0.0218880320001,1,9726958869,234970781,2.41566541161,26224602796,44258819920,0.592528287998,2,0,0,0,0,0,0,0,0,0,0,0
27,cn2435,vertex_count_allgather,communication,7.554787285,1,19587080653,343945592,1.75598190508,45660020660,60816800214,0.750779726972,49,0,0,0,0,0,0,7,1,1,4,128
27,cn2435,element_count_allgather,communication,0.002094726,1,9721353532,234817818,2.41548481111,26210146115,44215385017,0.59278339666,1,0,0,0,0,0,0,0,1,1,4,128
27,cn2435,vertex_exchange_prepare,compute,3.98800000312e-05,1,9718708164,234788486,2.41584048042,26204962640,44210900165,0.592726285649,4,0,0,0,0,0,0,0,0,0,0,0
27,cn2435,vertex_exchange,communication,0.00538376700001,1,9726049861,234876705,2.41492392448,26219572428,44222301294,0.592903844006,55,0,0,0,0,0,0,0,0,5,0,232342
27,cn2435,vertex_exchange_unpack,compute,0.00430439399997,1,9720024843,234814608,2.41578197374,26208109589,44218327430,0.592697895019,1074,0,0,0,0,0,0,0,0,0,0,0
27,cn2435,partition_result_io,io,0,0,0,0,0,0,0,0,0,0,0,0,0,0,0,0,0,0,0,0
27,cn2435,volume_exchange_pack,compute,0.460247435,2,19715625740,475039542,2.40945708883,53204515491,89427992459,0.594942523342,1041,0,0,0,0,0,0,1,0,0,0,0
27,cn2435,volume_size_exchange,communication,0.163567471,1,9931877449,237229830,2.38856984712,26626997606,44570408179,0.59741426417,3,0,0,0,0,0,0,0,5,5,20,20
27,cn2435,volume_payload_prepare,compute,0.000347245000057,1,9718708749,234789164,2.41584731124,26205016546,44211076316,0.592725143326,128,0,0,0,0,0,0,0,0,0,0,0
27,cn2435,volume_payload_exchange,communication,0.00232284899994,1,9719077860,234811870,2.41598918521,26205836769,44213177884,0.5927155211,431,0,0,0,0,0,0,0,5,5,2487480,2481600
27,cn2435,volume_exchange_unpack,compute,0.327531407,1,9949638746,242742434,2.43971103069,26856103989,44844198606,0.598875770419,15138,0,0,0,0,0,0,0,0,0,0,0
27,cn2435,final_mesh_save,io,0,0,0,0,0,0,0,0,0,0,0,0,0,0,0,0,0,0,0,0
27,cn2435,testout_io,io,0,0,0,0,0,0,0,0,0,0,0,0,0,0,0,0,0,0,0,0
27,cn2435,final_count_exchange,communication,0,0,0,0,0,0,0,0,0,0,0,0,0,0,0,0,0,0,0,0
27,cn2435,quality_evaluation,postprocess,0,0,0,0,0,0,0,0,0,0,0,0,0,0,0,0,0,0,0,0
28,cn2436,geometry_load,io,1.730635581,1,1399386353,22542323,1.61087200484,3317149405,3741243660,0.886643508539,5632,0,1035180,0,0,0,2,4,0,0,0,0
28,cn2436,coarse_local_size,setup,0.463640023,1,266705118,6074386,2.27756634202,632261472,874058838,0.72336259816,9341,0,0,0,0,0,105,21,0,0,0,0
28,cn2436,coarse_edge_mesh,setup,0.012374827,1,6269848,159813,2.54891346648,12754483,24426979,0.522147376473,514,0,0,0,0,0,0,0,0,0,0,0
28,cn2436,coarse_surface_mesh,setup,8.229646016,1,5667926036,161915491,2.856697317,15314030544,17852096246,0.857828141467,17570,0,0,0,0,0,0,8,0,0,0,0
28,cn2436,coarse_volume_mesh,setup,13.431141304,1,5603245418,123951490,2.21213744452,13995079030,23976093730,0.58370972301,24106,0,0,0,0,0,38152,1544898,0,0,0,0
28,cn2436,coarse_mesh_save,io,0,0,0,0,0,0,0,0,0,0,0,0,0,0,0,0,0,0,0,0
28,cn2436,submesh_initialization,setup,0.000122060999956,1,5074695089,111323589,2.19370005582,12533103524,21393165580,0.585846142177,1,0,0,0,0,0,0,0,0,0,0,0
28,cn2436,metis_partition,compute,0.13273007,1,5158401348,116968642,2.26753666706,12728101440,21683646787,0.586990812248,60,0,0,0,0,0,0,1,0,0,0,0
28,cn2436,face_map_setup,compute,0.00674557000002,1,5077741114,111387272,2.19363826354,12540995023,21407699496,0.585817033976,3,0,0,0,0,0,0,0,0,0,0,0
28,cn2436,face_local_extract,compute,0.15888468,1,5136059580,113482258,2.20951989034,12697030513,21741158156,0.584008930062,25,0,0,0,0,0,0,0,0,0,0,0
28,cn2436,face_pre_collective_wait,synchronization,0.042512519,1,5131964854,111319505,2.16914005,12646044213,21486387648,0.588560739952,0,0,0,0,0,0,0,0,0,0,0,0
28,cn2436,face_collective_setup,compute,0.000119380999877,1,5074611896,111320210,2.19366943288,12532957740,21393072894,0.585841865827,16,0,0,0,0,0,0,0,0,0,0,0
28,cn2436,face_allgatherv,communication,0.05708559,1,5197607154,111736372,2.14976562655,12772417055,21516630247,0.593606754793,556,0,0,0,0,0,0,0,1,1,151800,4859624
28,cn2436,face_global_merge,compute,0.074221786,1,5092917951,112227269,2.20359467951,12577459180,21555443065,0.583493419369,145,0,0,0,0,0,0,0,0,0,0,0
28,cn2436,part_face_create,compute,0.018043846,1,5079259710,111502961,2.19526008447,12543724684,21432384715,0.585269667879,3,0,0,0,0,0,0,0,0,0,0,0
28,cn2436,surface_refine,compute,0.0213395999999,1,5084261471,111639683,2.1957895682,12553044260,21439592595,0.585507593224,32,0,0,0,0,0,0,0,0,0,0,0
28,cn2436,refined_surface_save,io,0,0,0,0,0,0,0,0,0,0,0,0,0,0,0,0,0,0,0,0
28,cn2436,local_volume_mesh,compute,15.067432862,1,11399598956,234330545,2.05560341118,29145487512,48026514086,0.606862439773,7209,0,0,0,0,0,33978,1956888,0,0,0,0
28,cn2436,volume_refine,compute,1.600396167,1,10453955103,211551084,2.02364637992,26677810397,44609372968,0.598031503741,5656,0,0,0,0,0,0,2,0,0,0,0
28,cn2436,refined_volume_save,io,0,0,0,0,0,0,0,0,0,0,0,0,0,0,0,0,0,0,0,0
28,cn2436,adjacency_build,compute,0.00352649699994,1,9884597870,187168443,1.89353624155,25568040874,41411923095,0.617407716501,0,0,0,0,0,0,0,0,0,0,0,0
28,cn2436,vertex_numbering_local,compute,0.0237298050001,1,9894918306,187369554,1.89359374383,25592652510,41456229689,0.617341535928,3,0,0,0,0,0,0,0,0,0,0,0
28,cn2436,vertex_count_allgather,communication,10.996243499,1,24801801672,187156933,0.754610231447,54979863857,65575028859,0.838426834325,68,0,0,0,0,0,0,12,1,1,4,128
28,cn2436,element_count_allgather,communication,0.00208714200016,1,9886479677,187134375,1.89283123128,25571629576,41408731995,0.617541961417,4,0,0,0,0,0,0,0,1,1,4,128
28,cn2436,vertex_exchange_prepare,compute,1.88199999229e-05,1,9883779065,187134163,1.89334627746,25566299248,41404189095,0.617480979747,3,0,0,0,0,0,0,0,0,0,0,0
28,cn2436,vertex_exchange,communication,0.00343251599998,1,9889750082,187162342,1.89248808563,25578122639,41411351395,0.617659694199,68,0,0,0,0,0,0,0,3,1,324214,20614
28,cn2436,vertex_exchange_unpack,compute,0.000354364000032,1,9883895186,187136459,1.89334726318,25566576110,41404851905,0.617477781799,37,0,0,0,0,0,0,0,0,0,0,0
28,cn2436,partition_result_io,io,0,0,0,0,0,0,0,0,0,0,0,0,0,0,0,0,0,0,0,0
28,cn2436,volume_exchange_pack,compute,0.483758576,2,20058773654,378716270,1.88803302003,51957723138,83860747554,0.619571428272,1459,0,0,0,0,0,0,0,0,0,0,0
28,cn2436,volume_size_exchange,communication,0.0424272189998,1,9941185248,187134426,1.88241564091,25679563158,41497444354,0.618822762649,0,0,0,0,0,0,0,0,3,3,12,12
28,cn2436,volume_payload_prepare,compute,0.000277861999848,1,9883779504,187134237,1.89334694207,25566448806,41404560402,0.617479054427,34,0,0,0,0,0,0,0,0,0,0,0
28,cn2436,volume_payload_exchange,communication,0.059487174,1,9961745761,187146893,1.87865558397,25720143765,41531964830,0.619285503835,342,0,0,0,0,0,0,0,3,3,3701640,3698760
28,cn2436,volume_exchange_unpack,compute,0.368753349,1,10130406986,192545643,1.90067036069,26260022119,42122067133,0.623426719208,15636,0,0,0,0,0,0,1,0,0,0,0
28,cn2436,final_mesh_save,io,0,0,0,0,0,0,0,0,0,0,0,0,0,0,0,0,0,0,0,0
28,cn2436,testout_io,io,0,0,0,0,0,0,0,0,0,0,0,0,0,0,0,0,0,0,0,0
28,cn2436,final_count_exchange,communication,0,0,0,0,0,0,0,0,0,0,0,0,0,0,0,0,0,0,0,0
28,cn2436,quality_evaluation,postprocess,0,0,0,0,0,0,0,0,0,0,0,0,0,0,0,0,0,0,0,0
29,cn2437,geometry_load,io,1.711978624,1,1393943972,23724907,1.70199860802,3316852124,3706733324,0.894818114517,4862,0,1035180,0,0,0,2,4,0,0,0,0
29,cn2437,coarse_local_size,setup,0.468179047,1,265988045,6083126,2.28699225937,632624543,876644557,0.721643153942,10051,0,0,0,0,0,106,22,0,0,0,0
29,cn2437,coarse_edge_mesh,setup,0.0125399650001,1,6284748,165408,2.63189550321,12802386,24801628,0.516191356471,492,0,0,0,0,0,0,0,0,0,0,0
29,cn2437,coarse_surface_mesh,setup,8.099938909,1,5657097372,164308187,2.90446100174,15312333470,17620080015,0.869027465083,12582,0,0,0,0,0,0,8,0,0,0,0
29,cn2437,coarse_volume_mesh,setup,13.5238729,1,5560590434,124022372,2.23038135018,13922634433,23479745866,0.592963591363,19510,0,0,0,0,0,41016,1749633,0,0,0,0
29,cn2437,coarse_mesh_save,io,0,0,0,0,0,0,0,0,0,0,0,0,0,0,0,0,0,0,0,0
29,cn2437,submesh_initialization,setup,0.000120080999977,1,3739988225,65186292,1.74295447147,10123789644,16456633942,0.615179852677,1,0,0,0,0,0,0,0,0,0,0,0
29,cn2437,metis_partition,compute,0.132605017,1,3824191329,70820342,1.85190373355,10318859632,16747092243,0.61615828481,55,0,0,0,0,0,0,0,0,0,0,0
29,cn2437,face_map_setup,compute,0.00664211699996,1,3743065089,65247069,1.74314545563,10131682886,16470950021,0.615124377955,3,0,0,0,0,0,0,0,0,0,0,0
29,cn2437,face_local_extract,compute,0.15185978,1,3801316340,67321912,1.77101577397,10287715593,16788027594,0.612800731676,24,0,0,0,0,0,0,1,0,0,0,0
29,cn2437,face_pre_collective_wait,synchronization,0.049782237,1,3807295170,65182266,1.71203605419,10256460418,16565859893,0.619132389399,0,0,0,0,0,0,0,0,0,0,0,0
29,cn2437,face_collective_setup,compute,0.000112460999844,1,3739908525,65182884,1.74290048979,10123643775,16456544081,0.615174347978,12,0,0,0,0,0,0,0,0,0,0,0
29,cn2437,face_allgatherv,communication,0.057001661,1,3863754625,65649712,1.6991170085,10364771856,16581221524,0.62509097059,33,0,0,0,0,0,0,0,1,1,151800,4859624
29,cn2437,face_global_merge,compute,0.072800444,1,3758104406,66100783,1.75888628572,10168145551,16616320531,0.611937253619,0,0,0,0,0,0,0,0,0,0,0,0
29,cn2437,part_face_create,compute,0.0174382820001,1,3744513439,65366062,1.74564901595,10134209382,16494579457,0.614396348111,2,0,0,0,0,0,0,0,0,0,0,0
29,cn2437,surface_refine,compute,0.017588124,1,3747474062,65491235,1.7476100946,10139321371,16494995787,0.614690752391,1,0,0,0,0,0,0,0,0,0,0,0
29,cn2437,refined_surface_save,io,0,0,0,0,0,0,0,0,0,0,0,0,0,0,0,0,0,0,0,0
29,cn2437,local_volume_mesh,compute,16.50192056,1,10417543698,212340051,2.03829287552,27969190111,47055236264,0.594390599892,7720,0,0,0,0,0,32420,1733148,0,0,0,0
29,cn2437,volume_refine,compute,1.427158203,1,10489741206,228680417,2.18003869218,27823156634,47851347658,0.581449802268,80778,0,0,0,0,0,0,2,0,0,0,0
29,cn2437,refined_volume_save,io,0,0,0,0,0,0,0,0,0,0,0,0,0,0,0,0,0,0,0,0
29,cn2437,adjacency_build,compute,0.00351968099994,1,10035281944,208730410,2.0799655771,26968992460,45437948495,0.593534553237,0,0,0,0,0,0,0,0,0,0,0,0
29,cn2437,vertex_numbering_local,compute,0.023118568,1,10045378404,208939309,2.07995458804,26993354100,45479540670,0.593527412598,236,0,0,0,0,0,0,0,0,0,0,0
29,cn2437,vertex_count_allgather,communication,9.74171134,1,22451464574,312106175,1.39013726241,51542434376,66841636186,0.77111269737,43,0,0,0,0,0,0,9,1,1,4,128
29,cn2437,element_count_allgather,communication,0.00215602499998,1,10037311964,208691211,2.07915437667,26972887529,45434997436,0.593658832423,1,0,0,0,0,0,0,0,1,1,4,128
29,cn2437,vertex_exchange_prepare,compute,0.000232303000075,1,10034449777,208691086,2.07974618079,26967261833,45430357803,0.593595629379,69,0,0,0,0,0,0,0,0,0,0,0
29,cn2437,vertex_exchange,communication,0.00540366299992,1,10043333690,208715300,2.07814761953,26984727756,45441560003,0.593833656992,94,0,0,0,0,0,0,0,0,3,0,392502
29,cn2437,vertex_exchange_unpack,compute,0.00640937399999,1,10036656332,208732797,2.07970453601,26972567469,45442377184,0.593555380252,1047,0,0,0,0,0,0,0,0,0,0,0
29,cn2437,partition_result_io,io,0,0,0,0,0,0,0,0,0,0,0,0,0,0,0,0,0,0,0,0
29,cn2437,volume_exchange_pack,compute,0.518724593,2,20322083073,421441763,2.07381183064,54647205697,91951242589,0.594306331903,19303,0,0,0,0,0,0,1,0,0,0,0
29,cn2437,volume_size_exchange,communication,7.89600001099e-05,1,10034453208,208691500,2.07974959546,26967252310,45430385110,0.593595062967,2,0,0,0,0,0,0,0,3,3,12,12
29,cn2437,volume_payload_prepare,compute,0.000276302999964,1,10034449932,208691043,2.07974572014,26967391188,45430647939,0.593594685777,34,0,0,0,0,0,0,0,0,0,0,0
29,cn2437,volume_payload_exchange,communication,0.0377699779999,1,10082765844,208702304,2.06989140905,27062621213,45509501541,0.594658704153,476,0,0,0,0,0,0,0,3,3,4223400,4232640
29,cn2437,volume_exchange_unpack,compute,0.303045693,1,10234031450,212637956,2.07775359143,27524620548,46021906547,0.598076494721,11886,0,0,0,0,0,0,0,0,0,0,0
29,cn2437,final_mesh_save,io,0,0,0,0,0,0,0,0,0,0,0,0,0,0,0,0,0,0,0,0
29,cn2437,testout_io,io,0,0,0,0,0,0,0,0,0,0,0,0,0,0,0,0,0,0,0,0
29,cn2437,final_count_exchange,communication,0,0,0,0,0,0,0,0,0,0,0,0,0,0,0,0,0,0,0,0
29,cn2437,quality_evaluation,postprocess,0,0,0,0,0,0,0,0,0,0,0,0,0,0,0,0,0,0,0,0
30,cn2438,geometry_load,io,1.752801415,1,1403262795,25148591,1.79215119859,3316680360,3790700851,0.874951754403,6287,0,1035180,0,0,0,2,3,0,0,0,0
30,cn2438,coarse_local_size,setup,0.457071972,1,267716889,6103755,2.27992900366,632148666,881718039,0.71695104108,8727,0,0,0,0,0,96,21,0,0,0,0
30,cn2438,coarse_edge_mesh,setup,0.012642596,1,6293604,157564,2.50355758004,12808236,24774226,0.516998432161,531,0,0,0,0,0,0,0,0,0,0,0
30,cn2438,coarse_surface_mesh,setup,8.220942058,1,5671155488,160488051,2.8299003852,15312018759,17945911961,0.853231576767,17191,0,0,0,0,0,0,11,0,0,0,0
30,cn2438,coarse_volume_mesh,setup,13.56778968,1,5590717842,124931788,2.23462874591,13955899464,24118120895,0.578647877451,35058,0,0,0,0,0,39052,1605751,0,0,0,0
30,cn2438,coarse_mesh_save,io,0,0,0,0,0,0,0,0,0,0,0,0,0,0,0,0,0,0,0,0
30,cn2438,submesh_initialization,setup,0.000126320999925,1,2527766063,47490248,1.8787437926,6671363138,11800526146,0.565344549511,2,0,0,0,0,0,0,0,0,0,0,0
30,cn2438,metis_partition,compute,0.144050335,1,2612095442,53087824,2.03238454256,6866405483,12113890975,0.566820809034,864,0,0,0,0,0,0,0,0,0,0,0
30,cn2438,face_map_setup,compute,0.00729131900016,1,2530787939,47552968,1.87897876654,6679251732,11815787914,0.565281958395,217,0,0,0,0,0,0,0,0,0,0,0
30,cn2438,face_local_extract,compute,0.162135249,1,2589122640,49658796,1.917977744,6835291169,12153704287,0.562403939374,778,0,0,0,0,0,0,0,0,0,0,0
30,cn2438,face_pre_collective_wait,synchronization,0.027355015,1,2564366003,47486213,1.85177205377,6741318136,11860276855,0.568394668895,0,0,0,0,0,0,0,1,0,0,0,0
30,cn2438,face_collective_setup,compute,0.000115520999998,1,2527686619,47486840,1.87866801379,6671217220,11800432082,0.565336690525,16,0,0,0,0,0,0,0,0,0,0,0
30,cn2438,face_allgatherv,communication,0.056885534,1,2649974423,47900050,1.80756650269,6909202398,11923062388,0.579482197875,826,0,0,0,0,0,0,0,1,1,151800,4859624
30,cn2438,face_global_merge,compute,0.077717379,1,2545928947,48378553,1.90023186063,6715719605,11970061525,0.561043031481,334,0,0,0,0,0,0,1,0,0,0,0
30,cn2438,part_face_create,compute,0.019264408,1,2532401392,47688213,1.88312220767,6682007498,11842424653,0.56424319291,3,0,0,0,0,0,0,0,0,0,0,0
30,cn2438,surface_refine,compute,0.0230040480001,1,2537577602,47820551,1.8844961022,6691571447,11850682188,0.564657067065,4,0,0,0,0,0,0,0,0,0,0,0
30,cn2438,refined_surface_save,io,0,0,0,0,0,0,0,0,0,0,0,0,0,0,0,0,0,0,0,0
30,cn2438,local_volume_mesh,compute,18.904126628,1,10260760403,231487282,2.25604412254,27433021700,47368293501,0.579143128714,19386,0,0,0,0,0,30914,1854483,0,0,0,0
30,cn2438,volume_refine,compute,1.633578169,1,10805194081,252652920,2.33825434422,28496168278,50628707646,0.562846053216,13264,0,0,0,0,0,0,1,0,0,0,0
30,cn2438,refined_volume_save,io,0,0,0,0,0,0,0,0,0,0,0,0,0,0,0,0,0,0,0,0
30,cn2438,adjacency_build,compute,0.00382650100005,1,10261551314,231521406,2.25620277983,27434672371,47376553208,0.579077001456,38,0,0,0,0,0,0,0,0,0,0,0
30,cn2438,vertex_numbering_local,compute,0.0245491650001,1,10270738151,231721542,2.25613328461,27456644348,47421257865,0.578994433808,137,0,0,0,0,0,0,0,0,0,0,0
30,cn2438,vertex_count_allgather,communication,7.118808264,1,19988448828,231502578,1.15818180786,46653273660,63012671570,0.740379236392,63,0,0,0,0,0,0,8,1,1,4,128
30,cn2438,element_count_allgather,communication,0.00201948199992,1,10263393324,231487523,2.25546771611,27438205038,47372653815,0.579199238978,16,0,0,0,0,0,0,0,1,1,4,128
30,cn2438,vertex_exchange_prepare,compute,0.000189281999837,1,10260761910,231487395,2.25604489248,27433037306,47368352576,0.579142735901,58,0,0,0,0,0,0,0,0,0,0,0
30,cn2438,vertex_exchange,communication,0.00296165200007,1,10265349831,231538545,2.25553487033,27442157686,47374195644,0.57926382312,122,0,0,0,0,0,0,0,3,3,96536,204248
30,cn2438,vertex_exchange_unpack,compute,0.00454906999994,1,10261937468,231511194,2.25601836614,27435851405,47375305303,0.579117141927,1634,0,0,0,0,0,0,0,0,0,0,0
30,cn2438,partition_result_io,io,0,0,0,0,0,0,0,0,0,0,0,0,0,0,0,0,0,0,0,0
30,cn2438,volume_exchange_pack,compute,0.480428104,2,20802132013,467222587,2.24603221779,55663980342,95774954072,0.581195583766,2881,0,0,0,0,0,0,1,0,0,0,0
30,cn2438,volume_size_exchange,communication,0.0981138989998,1,10393347801,232588895,2.23786309718,27694691941,47583976830,0.582017178597,2,0,0,0,0,0,0,0,4,4,16,16
30,cn2438,volume_payload_prepare,compute,0.000266123000074,1,10260761864,231487357,2.25604453225,27433169466,47368655277,0.579141825023,34,0,0,0,0,0,0,0,0,0,0,0
30,cn2438,volume_payload_exchange,communication,0.00199992100011,1,10261479663,231501895,2.25602839554,27434530606,47370453853,0.579148569932,222,0,0,0,0,0,0,0,4,4,3190320,3199440
30,cn2438,volume_exchange_unpack,compute,0.333924724,1,10493800876,236537315,2.25406711824,28078067858,48026554776,0.58463631191,12378,0,0,0,0,0,0,0,0,0,0,0
30,cn2438,final_mesh_save,io,0,0,0,0,0,0,0,0,0,0,0,0,0,0,0,0,0,0,0,0
30,cn2438,testout_io,io,0,0,0,0,0,0,0,0,0,0,0,0,0,0,0,0,0,0,0,0
30,cn2438,final_count_exchange,communication,0,0,0,0,0,0,0,0,0,0,0,0,0,0,0,0,0,0,0,0
30,cn2438,quality_evaluation,postprocess,0,0,0,0,0,0,0,0,0,0,0,0,0,0,0,0,0,0,0,0
31,cn2439,geometry_load,io,1.732807546,1,1399178726,23510756,1.68032543399,3315933409,3744268685,0.885602420116,6277,0,1035180,0,0,0,2,4,0,0,0,0
31,cn2439,coarse_local_size,setup,0.457271584,1,266140217,6145906,2.30927368636,632307440,880772651,0.717900855893,8810,0,0,0,0,0,114,21,0,0,0,0
31,cn2439,coarse_edge_mesh,setup,0.012411851,1,6305407,161971,2.56876360241,12755442,24550143,0.519566912502,508,0,0,0,0,0,0,0,0,0,0,0
31,cn2439,coarse_surface_mesh,setup,8.215412412,1,5673844429,166127672,2.92795606363,15312846456,17939114895,0.85360100237,16883,0,0,0,0,0,0,8,0,0,0,0
31,cn2439,coarse_volume_mesh,setup,13.555311812,1,5617426379,125199489,2.22876955661,14016440709,24201435371,0.579157413357,30639,0,0,0,0,0,37102,1565561,0,0,0,0
31,cn2439,coarse_mesh_save,io,0,0,0,0,0,0,0,0,0,0,0,0,0,0,0,0,0,0,0,0
31,cn2439,submesh_initialization,setup,0.000129641000058,1,3603225927,96625648,2.68164278226,8456008624,15763373711,0.536433937241,3,0,0,0,0,0,0,0,0,0,0,0
31,cn2439,metis_partition,compute,0.141876987,1,3687272536,102232897,2.77258857331,8651035760,16072881777,0.538238001127,430,0,0,0,0,0,0,0,0,0,0,0
31,cn2439,face_map_setup,compute,0.00735832999999,1,3606294679,96687594,2.68107857528,8463900023,15778810258,0.536409265629,215,0,0,0,0,0,0,0,0,0,0,0
31,cn2439,face_local_extract,compute,0.160700555,1,3664645866,98788238,2.69571035271,8619950327,16113469971,0.534953076061,753,0,0,0,0,0,0,0,0,0,0,0
31,cn2439,face_pre_collective_wait,synchronization,0.030887036,1,3644722435,96621561,2.65099915626,8537914363,15831023570,0.539315371823,0,0,0,0,0,0,0,0,0,0,0,0
31,cn2439,face_collective_setup,compute,0.000109862000045,1,3603146367,96622193,2.6816061064,8455862687,15763267902,0.536428279946,16,0,0,0,0,0,0,0,0,0,0,0
31,cn2439,face_allgatherv,communication,0.0568320309999,1,3725377178,97049003,2.605078583,8693774970,15885893023,0.547263849594,762,0,0,0,0,0,0,0,1,1,153824,4859624
31,cn2439,face_global_merge,compute,0.0780765899999,1,3621366048,97477031,2.69171991199,8500365978,15932066962,0.533538177957,441,0,0,0,0,0,0,1,0,0,0,0
31,cn2439,part_face_create,compute,0.0190244319999,1,3607891856,96796884,2.68292088187,8466602022,15804740663,0.535700154943,2,0,0,0,0,0,0,0,0,0,0,0
31,cn2439,surface_refine,compute,0.0222276299999,1,3612608497,96932724,2.68317820989,8475489202,15811665328,0.536027611651,35,0,0,0,0,0,0,0,0,0,0,0
31,cn2439,refined_surface_save,io,0,0,0,0,0,0,0,0,0,0,0,0,0,0,0,0,0,0,0,0
31,cn2439,local_volume_mesh,compute,17.336905529,1,10996155042,239084168,2.17425242812,27991492968,46086473076,0.607368954483,25442,0,0,0,0,0,43281,2314772,0,0,0,0
31,cn2439,volume_refine,compute,1.863651838,1,9587404497,216794314,2.26124092363,23624162283,40409412111,0.584620291384,9123,0,0,0,0,0,0,2,0,0,0,0
31,cn2439,refined_volume_save,io,0,0,0,0,0,0,0,0,0,0,0,0,0,0,0,0,0,0,0,0
31,cn2439,adjacency_build,compute,0.00348608200011,1,8952138074,189587374,2.117788761,22411730141,36642245415,0.61163637455,3,0,0,0,0,0,0,0,0,0,0,0
31,cn2439,vertex_numbering_local,compute,0.020799573,1,8957637000,189729654,2.11807705537,22425137939,36680182791,0.611369307148,7,0,0,0,0,0,0,0,0,0,0,0
31,cn2439,vertex_count_allgather,communication,8.460599496,1,20370317954,189574758,0.930642115789,44936848416,55229145117,0.813643744092,70,0,0,0,0,0,0,9,1,1,4,128
31,cn2439,element_count_allgather,communication,0.00185510300003,1,8953906787,189556001,2.11702003951,22415131617,36638658144,0.611789097977,5,0,0,0,0,0,0,0,1,1,4,128
31,cn2439,vertex_exchange_prepare,compute,8.40610000523e-05,1,8951462972,189556114,2.11759926386,22410329207,36634700357,0.611724102794,38,0,0,0,0,0,0,0,0,0,0,0
31,cn2439,vertex_exchange,communication,0.00375346600003,1,8956521286,189567650,2.11653212164,22420385824,36642421792,0.611869650736,84,0,0,0,0,0,0,0,0,3,0,134134
31,cn2439,vertex_exchange_unpack,compute,0.00301505700008,1,8952235169,189570978,2.11758264189,22412169615,36639200168,0.611699205011,1102,0,0,0,0,0,0,0,0,0,0,0
31,cn2439,partition_result_io,io,0,0,0,0,0,0,0,0,0,0,0,0,0,0,0,0,0,0,0,0
31,cn2439,volume_exchange_pack,compute,0.461741899,2,18217378207,382791153,2.10124173001,45720166685,74274461607,0.615557025871,1757,0,0,0,0,0,0,1,0,0,0,0
31,cn2439,volume_size_exchange,communication,0.118634063,1,9109199912,189556645,2.08093627137,22720917249,36895391197,0.615819930671,4,0,0,0,0,0,0,0,3,3,12,12
31,cn2439,volume_payload_prepare,compute,0.000173682999957,1,8951463274,189556065,2.11759864502,22410354394,36634724986,0.611724379057,57,0,0,0,0,0,0,0,0,0,0,0
31,cn2439,volume_payload_exchange,communication,0.00222450700016,1,8952680334,189573266,2.11750290335,22412859507,36637830139,0.611740908836,231,0,0,0,0,0,0,0,3,3,1425840,1423320
31,cn2439,volume_exchange_unpack,compute,0.353056236,1,9211414342,194710152,2.11379213627,23145221464,37313261606,0.620294781743,17333,0,0,0,0,0,0,0,0,0,0,0
31,cn2439,final_mesh_save,io,0,0,0,0,0,0,0,0,0,0,0,0,0,0,0,0,0,0,0,0
31,cn2439,testout_io,io,0,0,0,0,0,0,0,0,0,0,0,0,0,0,0,0,0,0,0,0
31,cn2439,final_count_exchange,communication,0,0,0,0,0,0,0,0,0,0,0,0,0,0,0,0,0,0,0,0
31,cn2439,quality_evaluation,postprocess,0,0,0,0,0,0,0,0,0,0,0,0,0,0,0,0,0,0,0,0
