rank,host,stage,category,time_s,calls,cache_references,cache_misses,cache_miss_rate_percent,instructions,cycles,ipc,minor_faults,major_faults,rchar_bytes,wchar_bytes,physical_read_bytes,physical_write_bytes,voluntary_context_switches,involuntary_context_switches,send_messages,receive_messages,send_bytes,receive_bytes
0,cn3344,geometry_load,io,2.028941514,1,1396232878,23668832,1.69519228296,3315619264,3762152617,0.881309080609,5773,0,1035186,0,12288,0,410,35,0,0,0,0
0,cn3344,coarse_local_size,setup,0.589246986,1,266152829,6193966,2.32722155285,632327013,899200827,0.703209999383,8498,0,0,0,0,0,210,125,0,0,0,0
0,cn3344,coarse_edge_mesh,setup,0.01468458,1,6347305,169431,2.66933761652,12806744,26523198,0.482850672834,491,0,0,0,0,0,0,3,0,0,0,0
0,cn3344,coarse_surface_mesh,setup,8.852168326,1,5677643747,162323203,2.85898887343,15315247536,18971723664,0.807267057398,15830,0,0,0,0,0,10,38,0,0,0,0
0,cn3344,coarse_volume_mesh,setup,15.179144079,1,5324977443,127492969,2.39424430178,13446448936,22459081691,0.598708759379,30428,0,0,0,0,0,88064,2793159,0,0,0,0
0,cn3344,coarse_mesh_save,io,0,0,0,0,0,0,0,0,0,0,0,0,0,0,0,0,0,0,0,0
0,cn3344,submesh_initialization,setup,0.000132642000153,1,4388433052,112254071,2.55795336672,10847037079,18759389457,0.578219088839,1,0,0,0,0,0,0,0,0,0,0,0
0,cn3344,metis_partition,compute,0.179825389,1,4502344413,118281103,2.6271002871,11108408136,19151296821,0.580034252501,359,0,0,0,0,0,0,0,0,0,0,0
0,cn3344,face_map_setup,compute,0.00783756700002,1,4391501184,112316136,2.55757954499,10854931849,18775736273,0.578136148227,223,0,0,0,0,0,0,0,0,0,0,0
0,cn3344,face_local_extract,compute,0.166514628,1,4449546135,114410948,2.57129479117,11010237576,19120562783,0.575832296411,694,0,0,0,0,0,0,1,0,0,0,0
0,cn3344,face_pre_collective_wait,synchronization,0.0242487109999,1,4421025709,112249997,2.53900348898,10911699771,18812398385,0.580027041087,0,0,0,0,0,0,0,0,0,0,0,0
0,cn3344,face_collective_setup,compute,0.000193702999695,1,4388353228,112250685,2.55792273703,10846891277,18759337627,0.578212914159,16,0,0,0,0,0,0,0,0,0,0,0
0,cn3344,face_allgatherv,communication,0.0823045409998,1,4521545222,112717423,2.49289606685,11106238610,18903219774,0.587531581539,1362,0,0,0,0,0,7,4,1,1,75808,4859624
0,cn3344,face_global_merge,compute,0.084143606,1,4406650951,113097500,2.56651823023,10891303074,18941846007,0.574986359301,485,0,0,0,0,0,0,0,0,0,0,0
0,cn3344,part_face_create,compute,0.020349718,1,4392868470,112425725,2.55927819756,10857360388,18803466430,0.577412703579,3,0,0,0,0,0,0,0,0,0,0,0
0,cn3344,surface_refine,compute,0.0201895949999,1,4394197068,112500184,2.56019887727,10858752262,18802883759,0.577504621162,53,0,0,0,0,0,0,0,0,0,0,0
0,cn3344,refined_surface_save,io,0,0,0,0,0,0,0,0,0,0,0,0,0,0,0,0,0,0,0,0
0,cn3344,local_volume_mesh,compute,15.684469261,1,9495378370,236262389,2.48818298538,24657465251,42511662663,0.580016487392,10166,0,0,0,0,0,75628,2963621,0,0,0,0
0,cn3344,volume_refine,compute,1.016005978,1,7310645015,170312712,2.32965369883,18424268228,31551142958,0.583949312154,9722,0,0,0,0,0,0,3,0,0,0,0
0,cn3344,refined_volume_save,io,0,0,0,0,0,0,0,0,0,0,0,0,0,0,0,0,0,0,0,0
0,cn3344,adjacency_build,compute,0.00416435700026,1,6981113257,157799881,2.26038276691,17789775981,29535484227,0.60231875138,8,0,0,0,0,0,0,0,0,0,0,0
0,cn3344,vertex_numbering_local,compute,0.0167957889998,1,6988095043,157927532,2.25995111727,17806349387,29563257727,0.602313505211,8,0,0,0,0,0,0,0,0,0,0,0
0,cn3344,vertex_count_pre_collective_wait,synchronization,1.289722766,1,8691269263,157767216,1.815237927,21183554344,32361590703,0.654589403173,33,0,0,0,0,0,0,4,0,0,0,0
0,cn3344,vertex_count_allgather,communication,0.0123495880002,1,6996471463,157767317,2.25495548484,17820010131,29553235073,0.602980015115,20,0,0,0,0,0,0,0,1,1,4,256
0,cn3344,element_count_pre_collective_wait,synchronization,0.00071588999981,1,6981027133,157765620,2.2599198799,17789370296,29527956140,0.602458572197,1,0,0,0,0,0,0,0,0,0,0,0
0,cn3344,element_count_allgather,communication,4.35809997725e-05,1,6980253272,157765038,2.26016208657,17787834404,29526530700,0.602435639484,0,0,0,0,0,0,0,0,1,1,4,256
0,cn3344,vertex_exchange_prepare,compute,1.54209997163e-05,1,6980230105,157764884,2.26016738169,17787790369,29526477605,0.60243523142,0,0,0,0,0,0,0,0,0,0,0,0
0,cn3344,vertex_exchange,communication,0.0122631669997,1,6994844447,157781138,2.25567758076,17816952822,29548977585,0.602963428117,86,0,0,0,0,0,1,0,6,4,267828,1848
0,cn3344,vertex_exchange_unpack,compute,6.78409996908e-05,1,6980240188,157765138,2.26016775571,17787812886,29526582973,0.602433844183,0,0,0,0,0,0,0,0,0,0,0,0
0,cn3344,partition_result_io,io,0,0,0,0,0,0,0,0,0,0,0,0,0,0,0,0,0,0,0,0
0,cn3344,volume_exchange_pack,compute,0.309454775,2,14135458635,318040385,2.24994740682,36066927238,59712029428,0.604014426967,2976,0,0,0,0,0,0,2,0,0,0,0
0,cn3344,volume_size_exchange,communication,0.0209401860002,1,7007413793,157767294,2.25143396209,17841737214,29572171486,0.603328613269,78,0,0,0,0,0,0,0,5,5,20,20
0,cn3344,volume_payload_prepare,compute,0.00032066499989,1,6980230643,157765026,2.2601692418,17787883499,29526720463,0.602433430468,68,0,0,0,0,0,0,0,0,0,0,0
0,cn3344,volume_payload_exchange,communication,0.00430903799997,1,6981239817,157780804,2.26006852846,17789854425,29529899893,0.602435310972,368,0,0,0,0,0,2,0,5,5,2838240,2855280
0,cn3344,volume_exchange_unpack,compute,0.249605839,1,7132068655,161358263,2.26243283408,18214543283,30014099261,0.606866230587,9675,0,0,0,0,0,0,0,0,0,0,0
0,cn3344,final_mesh_save,io,0,0,0,0,0,0,0,0,0,0,0,0,0,0,0,0,0,0,0,0
0,cn3344,testout_io,io,0,0,0,0,0,0,0,0,0,0,0,0,0,0,0,0,0,0,0,0
0,cn3344,final_count_exchange,communication,0,0,0,0,0,0,0,0,0,0,0,0,0,0,0,0,0,0,0,0
0,cn3344,quality_surface_compute,postprocess,0,0,0,0,0,0,0,0,0,0,0,0,0,0,0,0,0,0,0,0
0,cn3344,quality_reduce_pre_collective_wait,synchronization,0,0,0,0,0,0,0,0,0,0,0,0,0,0,0,0,0,0,0,0
0,cn3344,quality_reduce,communication,0,0,0,0,0,0,0,0,0,0,0,0,0,0,0,0,0,0,0,0
0,cn3344,quality_summary_io,io,0,0,0,0,0,0,0,0,0,0,0,0,0,0,0,0,0,0,0,0
0,cn3344,quality_volume_compute,postprocess,0,0,0,0,0,0,0,0,0,0,0,0,0,0,0,0,0,0,0,0
0,cn3344,quality_rank_io,io,0,0,0,0,0,0,0,0,0,0,0,0,0,0,0,0,0,0,0,0
1,cn3344,geometry_load,io,2.028884193,1,1395824817,23939482,1.71507783129,3317025343,3739345681,0.887060364559,5774,0,1035186,0,1556480,0,418,10,0,0,0,0
1,cn3344,coarse_local_size,setup,0.617734033,1,266068263,6318189,2.3746496214,632228590,899239311,0.703070453289,8439,0,0,0,0,0,221,73,0,0,0,0
1,cn3344,coarse_edge_mesh,setup,0.0142996949999,1,6302531,160209,2.54197877012,12804433,28031796,0.45678246945,524,0,0,0,0,0,0,0,0,0,0,0
1,cn3344,coarse_surface_mesh,setup,8.663976402,1,5673693349,162846204,2.87019748836,15314256458,18840173444,0.812851139801,16978,0,0,0,0,0,0,17,0,0,0,0
1,cn3344,coarse_volume_mesh,setup,15.261704983,1,5353195926,126893199,2.37041947939,13497893930,22537696831,0.598902986016,34048,0,0,0,0,0,86783,2910594,0,0,0,0
1,cn3344,coarse_mesh_save,io,0,0,0,0,0,0,0,0,0,0,0,0,0,0,0,0,0,0,0,0
1,cn3344,submesh_initialization,setup,0.00014456200006,1,4413187262,108296520,2.45392986,10940268125,18452881303,0.592875873711,5,0,0,0,0,0,0,0,0,0,0,0
1,cn3344,metis_partition,compute,0.18139015,1,4527375192,114323390,2.52515829044,11201534307,18847093986,0.594337477986,897,0,0,0,0,0,0,0,0,0,0,0
1,cn3344,face_map_setup,compute,0.00777470599996,1,4416273349,108356040,2.45356279915,10948160351,18469181595,0.592779939635,215,0,0,0,0,0,0,0,0,0,0,0
1,cn3344,face_local_extract,compute,0.171602697,1,4474262303,110478472,2.46919971424,11103468070,18825907968,0.589797213971,586,0,0,0,0,0,0,1,0,0,0,0
1,cn3344,face_pre_collective_wait,synchronization,0.0178996230002,1,4436924277,108292284,2.44070615677,10987143375,18491936441,0.594158616652,0,0,0,0,0,0,0,0,0,0,0,0
1,cn3344,face_collective_setup,compute,0.000118160999591,1,4413105517,108293015,2.4538958922,10940122360,18452736229,0.592872635485,16,0,0,0,0,0,0,0,0,0,0,0
1,cn3344,face_allgatherv,communication,0.0823753620002,1,4558455934,108741491,2.3854895731,11223731120,18614954480,0.602941636632,1067,0,0,0,0,0,9,0,1,1,75808,4859624
1,cn3344,face_global_merge,compute,0.0855238250001,1,4431397728,109141107,2.4629047921,10984533891,18636180460,0.589419807056,1401,0,0,0,0,0,0,0,0,0,0,0
1,cn3344,part_face_create,compute,0.0206880410001,1,4417613372,108472170,2.45544733922,10950548523,18496939068,0.592019494833,309,0,0,0,0,0,0,0,0,0,0,0
1,cn3344,surface_refine,compute,0.0190307600001,1,4418539730,108527768,2.45619083751,10951084905,18493713994,0.592151739156,75,0,0,0,0,0,0,0,0,0,0,0
1,cn3344,refined_surface_save,io,0,0,0,0,0,0,0,0,0,0,0,0,0,0,0,0,0,0,0,0
1,cn3344,local_volume_mesh,compute,13.326737949,1,8634712483,208009072,2.4089866618,22291196501,37883071477,0.58842104486,10315,0,0,0,0,0,66536,2581753,0,0,0,0
1,cn3344,volume_refine,compute,0.922714087,1,8328297224,207577744,2.49243919155,21280829946,37178868829,0.572390463085,7715,0,0,0,0,0,0,0,0,0,0,0
1,cn3344,refined_volume_save,io,0,0,0,0,0,0,0,0,0,0,0,0,0,0,0,0,0,0,0,0
1,cn3344,adjacency_build,compute,0.00409225500016,1,8030897512,196103644,2.44186460737,20708191045,35346213586,0.585867309227,6,0,0,0,0,0,0,0,0,0,0,0
1,cn3344,vertex_numbering_local,compute,0.0157279549999,1,8036358424,196198195,2.441381838,20721243145,35371003052,0.585825714768,105,0,0,0,0,0,0,0,0,0,0,0
1,cn3344,vertex_count_pre_collective_wait,synchronization,3.740683848,1,12784870895,235534916,1.84229405157,30084978875,43556031528,0.690719007669,66,0,0,0,0,0,0,4,0,0,0,0
1,cn3344,vertex_count_allgather,communication,0.0124458089999,1,8046298864,196072279,2.43680084861,20738549450,35363956444,0.586431823115,97,0,0,0,0,0,1,0,1,1,4,256
1,cn3344,element_count_pre_collective_wait,synchronization,0.000550488000044,1,8030647141,196070482,2.44152779418,20707528190,35338465709,0.585977001959,8,0,0,0,0,0,0,0,0,0,0,0
1,cn3344,element_count_allgather,communication,0.000209682999866,1,8030280033,196069864,2.44163171389,20706804803,35337786642,0.585967791723,0,0,0,0,0,0,0,0,1,1,4,256
1,cn3344,vertex_exchange_prepare,compute,0.000159703000008,1,8030033528,196069709,2.44170473655,20706325616,35337403700,0.585960581366,34,0,0,0,0,0,0,0,0,0,0,0
1,cn3344,vertex_exchange,communication,0.014315035,1,8043932004,196171303,2.43874889671,20733582737,35359374161,0.586367356011,84,0,0,0,0,0,6,1,5,3,113256,98670
1,cn3344,vertex_exchange_unpack,compute,0.00227231100007,1,8030589451,196081144,2.44167810092,20707646074,35340823827,0.585941238251,777,0,0,0,0,0,0,0,0,0,0,0
1,cn3344,partition_result_io,io,0,0,0,0,0,0,0,0,0,0,0,0,0,0,0,0,0,0,0,0
1,cn3344,volume_exchange_pack,compute,0.272516772,2,16217967734,394328102,2.43142734323,41859829893,71258755306,0.587434199675,2747,0,0,0,0,0,0,0,0,0,0,0
1,cn3344,volume_size_exchange,communication,0.0348862149999,1,8074929074,196679779,2.43568429144,20793275132,35413876196,0.587150500468,1,0,0,0,0,0,0,1,4,4,16,16
1,cn3344,volume_payload_prepare,compute,0.000223543000175,1,8030033862,196069765,2.44170533238,20706424851,35337606114,0.585960033178,34,0,0,0,0,0,0,0,0,0,0,0
1,cn3344,volume_payload_exchange,communication,0.0234021189999,1,8058105951,196311434,2.43619822318,20760327927,35385704134,0.586686867905,157,0,0,0,0,0,0,0,4,4,2234400,2222160
1,cn3344,volume_exchange_unpack,compute,0.20852024,1,8162240213,200475000,2.45612717549,21078951191,35743196941,0.589733235832,8318,0,0,0,0,0,0,0,0,0,0,0
1,cn3344,final_mesh_save,io,0,0,0,0,0,0,0,0,0,0,0,0,0,0,0,0,0,0,0,0
1,cn3344,testout_io,io,0,0,0,0,0,0,0,0,0,0,0,0,0,0,0,0,0,0,0,0
1,cn3344,final_count_exchange,communication,0,0,0,0,0,0,0,0,0,0,0,0,0,0,0,0,0,0,0,0
1,cn3344,quality_surface_compute,postprocess,0,0,0,0,0,0,0,0,0,0,0,0,0,0,0,0,0,0,0,0
1,cn3344,quality_reduce_pre_collective_wait,synchronization,0,0,0,0,0,0,0,0,0,0,0,0,0,0,0,0,0,0,0,0
1,cn3344,quality_reduce,communication,0,0,0,0,0,0,0,0,0,0,0,0,0,0,0,0,0,0,0,0
1,cn3344,quality_summary_io,io,0,0,0,0,0,0,0,0,0,0,0,0,0,0,0,0,0,0,0,0
1,cn3344,quality_volume_compute,postprocess,0,0,0,0,0,0,0,0,0,0,0,0,0,0,0,0,0,0,0,0
1,cn3344,quality_rank_io,io,0,0,0,0,0,0,0,0,0,0,0,0,0,0,0,0,0,0,0,0
2,cn3344,geometry_load,io,2.027820079,1,1400614714,26201687,1.87072766965,3316122601,3812489872,0.869804960101,5775,0,1035186,0,507904,0,399,39,0,0,0,0
2,cn3344,coarse_local_size,setup,0.580315544,1,266357107,6121302,2.29815606159,632136134,900572468,0.701927003613,7774,0,0,0,0,0,266,113,0,0,0,0
2,cn3344,coarse_edge_mesh,setup,0.0172370150003,1,6285224,161586,2.57088689281,12804143,25662566,0.498942428438,506,0,0,0,0,0,2,1,0,0,0,0
2,cn3344,coarse_surface_mesh,setup,8.83049339,1,5674149904,166321425,2.93121309472,15313031699,19177472650,0.798490602931,15507,0,0,0,0,0,12,129,0,0,0,0
2,cn3344,coarse_volume_mesh,setup,15.090122286,1,5320551998,127721831,2.4005372196,13433444358,22638023276,0.593401826397,30425,0,0,0,0,0,86315,2832470,0,0,0,0
2,cn3344,coarse_mesh_save,io,0,0,0,0,0,0,0,0,0,0,0,0,0,0,0,0,0,0,0,0
2,cn3344,submesh_initialization,setup,0.000193483000203,1,4328122832,112382465,2.59656366888,10728429112,18656188898,0.575060060265,58,0,0,0,0,0,0,0,0,0,0,0
2,cn3344,metis_partition,compute,0.185456266,1,4441896233,118411101,2.66577818996,10989718811,19056565228,0.576689381298,1990,0,0,0,0,0,0,2,0,0,0,0
2,cn3344,face_map_setup,compute,0.00827441299998,1,4331195511,112446330,2.59619612447,10736323659,18672729757,0.574973439809,603,0,0,0,0,0,0,0,0,0,0,0
2,cn3344,face_local_extract,compute,0.174523897,1,4389298401,114542315,2.60958140768,10891627944,19033588661,0.572231970439,850,0,0,0,0,0,0,8,0,0,0,0
2,cn3344,face_pre_collective_wait,synchronization,0.0102923609998,1,4341087204,112378293,2.58871309695,10754033035,18678443490,0.575745673924,7,0,0,0,0,0,0,0,0,0,0,0
2,cn3344,face_collective_setup,compute,0.000103900999875,1,4328042057,112378952,2.59653096065,10728283243,18656029936,0.5750571413,16,0,0,0,0,0,0,0,0,0,0,0
2,cn3344,face_allgatherv,communication,0.0824026219998,1,4474113766,112838251,2.52202462659,11013181470,18822336983,0.58511233116,819,0,0,0,0,0,4,3,1,1,75808,4859624
2,cn3344,face_global_merge,compute,0.0854420830001,1,4346240208,113225378,2.60513392223,10772695355,18841129764,0.571764829919,659,0,0,0,0,0,0,0,0,0,0,0
2,cn3344,part_face_create,compute,0.0205542800004,1,4332510477,112553292,2.5978769722,10738624022,18700664620,0.574237560012,17,0,0,0,0,0,0,0,0,0,0,0
2,cn3344,surface_refine,compute,0.0143143750001,1,4332171961,112551910,2.5980480695,10736749223,18686796354,0.574563398648,48,0,0,0,0,0,0,0,0,0,0,0
2,cn3344,refined_surface_save,io,0,0,0,0,0,0,0,0,0,0,0,0,0,0,0,0,0,0,0,0
2,cn3344,local_volume_mesh,compute,12.840883012,1,8459149843,202721778,2.39647933613,21884812978,37083755567,0.590145540639,4791,0,0,0,0,0,66259,2682198,0,0,0,0
2,cn3344,volume_refine,compute,0.864372913,1,8014351409,203582326,2.5402221042,20449601593,36138226682,0.565871750514,6728,0,0,0,0,0,0,8,0,0,0,0
2,cn3344,refined_volume_save,io,0,0,0,0,0,0,0,0,0,0,0,0,0,0,0,0,0,0,0,0
2,cn3344,adjacency_build,compute,0.00386535300004,1,7747173124,193249902,2.49445699621,19935752768,34416275642,0.579253634977,7,0,0,0,0,0,0,0,0,0,0,0
2,cn3344,vertex_numbering_local,compute,0.00714617799986,1,7748380608,193282790,2.49449271762,19938721434,34423550189,0.579217463757,4,0,0,0,0,0,0,0,0,0,0,0
2,cn3344,vertex_count_pre_collective_wait,synchronization,4.298674608,1,13328184619,193226867,1.44976133302,30942869855,43856115586,0.70555427542,32,0,0,0,0,0,0,40,0,0,0,0
2,cn3344,vertex_count_allgather,communication,0.0123364279998,1,7762057118,193221336,2.48930577375,19964958723,34434530315,0.579794715954,22,0,0,0,0,0,1,0,1,1,4,256
2,cn3344,element_count_pre_collective_wait,synchronization,6.12610001554e-05,1,7746504404,193219591,2.49428104501,19934324732,34408034545,0.579350869517,0,0,0,0,0,0,0,0,0,0,0,0
2,cn3344,element_count_allgather,communication,0.000230483999985,1,7746743931,193220962,2.49422162035,19934798089,34408403777,0.579358409597,0,0,0,0,0,0,0,0,1,1,4,256
2,cn3344,vertex_exchange_prepare,compute,3.62410000889e-05,1,7746491468,193218865,2.49427583827,19934301257,34407985464,0.579351013673,0,0,0,0,0,0,0,0,0,0,0,0
2,cn3344,vertex_exchange,communication,0.0145488580001,1,7757718317,193311266,2.49185724592,19956386730,34428496085,0.579647356095,17,0,0,0,0,0,6,0,2,1,9064,18282
2,cn3344,vertex_exchange_unpack,compute,0.000380705000225,1,7746594510,193220878,2.49426864606,19934547683,34408618934,0.579347509449,0,0,0,0,0,0,0,0,0,0,0,0
2,cn3344,partition_result_io,io,0,0,0,0,0,0,0,0,0,0,0,0,0,0,0,0,0,0,0,0
2,cn3344,volume_exchange_pack,compute,0.145179577,2,15601806226,387785945,2.48551955705,40177403452,69134239678,0.581150579498,1,0,0,0,0,0,0,1,0,0,0,0
2,cn3344,volume_size_exchange,communication,0.15493715,1,7947210572,193219409,2.43128588641,20330529190,34748276423,0.585080219304,1,0,0,0,0,0,0,2,2,2,8,8
2,cn3344,volume_payload_prepare,compute,2.43399999817e-05,1,7746491451,193218863,2.49427581793,19934317440,34407949540,0.579352088878,0,0,0,0,0,0,0,0,0,0,0,0
2,cn3344,volume_payload_exchange,communication,0.033444835,1,7788462436,193229580,2.48097209928,20017188444,34480474573,0.580536918122,10,0,0,0,0,0,1,1,2,2,277800,277800
2,cn3344,volume_exchange_unpack,compute,0.151826688,1,7856143896,195381497,2.48698979533,20243567778,34699390422,0.583398369015,7164,0,0,0,0,0,0,1,0,0,0,0
2,cn3344,final_mesh_save,io,0,0,0,0,0,0,0,0,0,0,0,0,0,0,0,0,0,0,0,0
2,cn3344,testout_io,io,0,0,0,0,0,0,0,0,0,0,0,0,0,0,0,0,0,0,0,0
2,cn3344,final_count_exchange,communication,0,0,0,0,0,0,0,0,0,0,0,0,0,0,0,0,0,0,0,0
2,cn3344,quality_surface_compute,postprocess,0,0,0,0,0,0,0,0,0,0,0,0,0,0,0,0,0,0,0,0
2,cn3344,quality_reduce_pre_collective_wait,synchronization,0,0,0,0,0,0,0,0,0,0,0,0,0,0,0,0,0,0,0,0
2,cn3344,quality_reduce,communication,0,0,0,0,0,0,0,0,0,0,0,0,0,0,0,0,0,0,0,0
2,cn3344,quality_summary_io,io,0,0,0,0,0,0,0,0,0,0,0,0,0,0,0,0,0,0,0,0
2,cn3344,quality_volume_compute,postprocess,0,0,0,0,0,0,0,0,0,0,0,0,0,0,0,0,0,0,0,0
2,cn3344,quality_rank_io,io,0,0,0,0,0,0,0,0,0,0,0,0,0,0,0,0,0,0,0,0
3,cn3344,geometry_load,io,2.029922787,1,1394507126,23598770,1.69226600281,3316667617,3752341579,0.883892776596,5774,0,1035186,0,1826816,0,399,15,0,0,0,0
3,cn3344,coarse_local_size,setup,0.622320636,1,266382506,6258344,2.34938250787,632520744,902879408,0.700559497088,8536,0,0,0,0,0,315,139,0,0,0,0
3,cn3344,coarse_edge_mesh,setup,0.014528098,1,6315439,164762,2.60887643757,12809209,28431989,0.450521031082,527,0,0,0,0,0,0,1,0,0,0,0
3,cn3344,coarse_surface_mesh,setup,8.635473155,1,5658814850,162856417,2.87792446505,15311553339,18698181867,0.81887926045,12658,0,0,0,0,0,0,72,0,0,0,0
3,cn3344,coarse_volume_mesh,setup,14.982719303,1,5333416370,128391381,2.40730091358,13480513542,22522052686,0.598547287405,24080,0,0,0,0,0,88766,2753294,0,0,0,0
3,cn3344,coarse_mesh_save,io,0,0,0,0,0,0,0,0,0,0,0,0,0,0,0,0,0,0,0,0
3,cn3344,submesh_initialization,setup,0.000154402000135,1,4942406888,122142379,2.47131370945,12407154789,20891766673,0.593877721458,4,0,0,0,0,0,0,0,0,0,0,0
3,cn3344,metis_partition,compute,0.171939902,1,5055943744,128257285,2.5367625016,12668313063,21265617257,0.5957180979,61,0,0,0,0,0,1,0,0,0,0,0
3,cn3344,face_map_setup,compute,0.00862813799995,1,4945426704,122210164,2.4711753164,12415043706,20909094284,0.593762864014,467,0,0,0,0,0,0,0,0,0,0,0
3,cn3344,face_local_extract,compute,0.166881093,1,5003576863,124273791,2.48369904975,12570353702,21256297258,0.591370808821,199,0,0,0,0,0,0,0,0,0,0,0
3,cn3344,face_pre_collective_wait,synchronization,0.0273072719997,1,4974711508,122750729,2.46749442259,12471048116,20951475483,0.595234838048,3,0,0,0,0,0,0,0,0,0,0,0
3,cn3344,face_collective_setup,compute,0.00367503000007,1,4942326591,122139129,2.47128810189,12407008784,20891771382,0.593870598962,13,0,0,0,0,0,3,0,0,0,0,0
3,cn3344,face_allgatherv,communication,0.0825274039998,1,5088206809,123173941,2.42077308615,12691700586,21060058272,0.602643184652,220,0,0,0,0,0,8,0,1,1,75808,4859624
3,cn3344,face_global_merge,compute,0.079380961,1,4960414698,123024150,2.48011824595,12451420944,21065529123,0.591080379292,0,0,0,0,0,0,0,0,0,0,0,0
3,cn3344,part_face_create,compute,0.0207990429999,1,4946905654,122327462,2.47280766111,12417682750,20935888401,0.593129009486,3,0,0,0,0,0,0,0,0,0,0,0
3,cn3344,surface_refine,compute,0.0215684939999,1,4950251185,122451554,2.47364324402,12423557543,20938310463,0.593340974906,2,0,0,0,0,0,0,0,0,0,0,0
3,cn3344,refined_surface_save,io,0,0,0,0,0,0,0,0,0,0,0,0,0,0,0,0,0,0,0,0
3,cn3344,local_volume_mesh,compute,16.91567003,1,10752658732,264656210,2.46130949188,28112512316,47225200738,0.595286242868,5142,0,0,0,0,0,79644,2922084,0,0,0,0
3,cn3344,volume_refine,compute,1.077429615,1,10894789407,272836159,2.50428116421,28207996670,48162141522,0.58568817288,7086,0,0,0,0,0,0,2,0,0,0,0
3,cn3344,refined_volume_save,io,0,0,0,0,0,0,0,0,0,0,0,0,0,0,0,0,0,0,0,0
3,cn3344,adjacency_build,compute,0.00380111200002,1,10497941983,258190907,2.45944307387,27427947517,46011285668,0.596113477787,0,0,0,0,0,0,0,0,0,0,0,0
3,cn3344,vertex_numbering_local,compute,0.0176397600003,1,10503854630,258357155,2.45964138024,27441806215,46041637373,0.596021509676,2,0,0,0,0,0,0,0,0,0,0,0
3,cn3344,vertex_count_pre_collective_wait,synchronization,8.57009999891e-05,1,10497067979,258156120,2.45931645405,27425975329,46003017734,0.596177743982,14,0,0,0,0,0,0,0,0,0,0,0
3,cn3344,vertex_count_allgather,communication,0.0125988120003,1,10497513871,258165510,2.45930144197,27426855385,46004021784,0.596183862224,16,0,0,0,0,0,0,0,1,1,4,256
3,cn3344,element_count_pre_collective_wait,synchronization,0.00055264699995,1,10497649334,258166254,2.45927679413,27427125741,46004142115,0.596188179587,0,0,0,0,0,0,0,0,0,0,0,0
3,cn3344,element_count_allgather,communication,0.000190621999991,1,10497255861,258160702,2.45931608621,27426346975,46003340660,0.596181637714,0,0,0,0,0,0,0,0,1,1,4,256
3,cn3344,vertex_exchange_prepare,compute,2.46409999818e-05,1,10497063916,258155868,2.45931500528,27425976347,46002981613,0.596178234222,0,0,0,0,0,0,0,0,0,0,0,0
3,cn3344,vertex_exchange,communication,0.0151489670002,1,10499934370,258167423,2.45875273028,27431816974,46006751468,0.596256334097,46,0,0,0,0,0,2,0,5,3,81972,104016
3,cn3344,vertex_exchange_unpack,compute,0.00156446099982,1,10497651340,258167389,2.45928713613,27427385453,46006364771,0.596165021721,0,0,0,0,0,0,0,0,0,0,0,0
3,cn3344,partition_result_io,io,0,0,0,0,0,0,0,0,0,0,0,0,0,0,0,0,0,0,0,0
3,cn3344,volume_exchange_pack,compute,0.297633854,2,21181021521,519206403,2.45128122119,55384029359,92655732635,0.597739910785,417,0,0,0,0,0,0,1,0,0,0,0
3,cn3344,volume_size_exchange,communication,0.0307841989998,1,10535124156,258472100,2.45343193087,27501330635,46070532709,0.596939714344,1,0,0,0,0,0,0,0,6,6,24,24
3,cn3344,volume_payload_prepare,compute,0.000364025000181,1,10497064840,258156003,2.45931607487,27426053131,46003196198,0.59617712241,98,0,0,0,0,0,0,0,0,0,0,0
3,cn3344,volume_payload_exchange,communication,0.00439633899987,1,10499172802,258187577,2.45912303635,27430240671,46008397621,0.596200739199,219,0,0,0,0,0,3,0,6,6,1921320,1913280
3,cn3344,volume_exchange_unpack,compute,0.248374143,1,10660620820,261750454,2.45530216691,27886230763,46483120975,0.599921652808,10637,0,0,0,0,0,0,8,0,0,0,0
3,cn3344,final_mesh_save,io,0,0,0,0,0,0,0,0,0,0,0,0,0,0,0,0,0,0,0,0
3,cn3344,testout_io,io,0,0,0,0,0,0,0,0,0,0,0,0,0,0,0,0,0,0,0,0
3,cn3344,final_count_exchange,communication,0,0,0,0,0,0,0,0,0,0,0,0,0,0,0,0,0,0,0,0
3,cn3344,quality_surface_compute,postprocess,0,0,0,0,0,0,0,0,0,0,0,0,0,0,0,0,0,0,0,0
3,cn3344,quality_reduce_pre_collective_wait,synchronization,0,0,0,0,0,0,0,0,0,0,0,0,0,0,0,0,0,0,0,0
3,cn3344,quality_reduce,communication,0,0,0,0,0,0,0,0,0,0,0,0,0,0,0,0,0,0,0,0
3,cn3344,quality_summary_io,io,0,0,0,0,0,0,0,0,0,0,0,0,0,0,0,0,0,0,0,0
3,cn3344,quality_volume_compute,postprocess,0,0,0,0,0,0,0,0,0,0,0,0,0,0,0,0,0,0,0,0
3,cn3344,quality_rank_io,io,0,0,0,0,0,0,0,0,0,0,0,0,0,0,0,0,0,0,0,0
4,cn3344,geometry_load,io,2.02653136,1,1400043540,24874548,1.77669817326,3314992053,3772835458,0.878647396607,5774,0,1035185,0,598016,0,376,28,0,0,0,0
4,cn3344,coarse_local_size,setup,0.594262874,1,266805950,6486046,2.43099750961,632745176,907494463,0.69724411751,8465,0,0,0,0,0,206,110,0,0,0,0
4,cn3344,coarse_edge_mesh,setup,0.0150560249999,1,6317900,175419,2.77653967299,12807781,27598916,0.464068262681,490,0,0,0,0,0,0,6,0,0,0,0
4,cn3344,coarse_surface_mesh,setup,8.709593864,1,5672656650,162279797,2.86073716448,15312254888,18913130573,0.809609748576,17221,0,0,0,0,0,5,17,0,0,0,0
4,cn3344,coarse_volume_mesh,setup,15.124788939,1,5323956736,127873503,2.40185090415,13437739490,22393726060,0.600067155149,24490,0,0,0,0,0,88848,2852471,0,0,0,0
4,cn3344,coarse_mesh_save,io,0,0,0,0,0,0,0,0,0,0,0,0,0,0,0,0,0,0,0,0
4,cn3344,submesh_initialization,setup,0.000302663999719,1,3603424128,74683773,2.07257792442,9861925358,16074491998,0.613513967298,2,0,0,0,0,0,1,0,0,0,0,0
4,cn3344,metis_partition,compute,0.181725795,1,3717391029,80719935,2.17141361698,10123170508,16470863120,0.614610809054,298,0,0,0,0,0,0,0,0,0,0,0
4,cn3344,face_map_setup,compute,0.00761128299973,1,3606450795,74747568,2.07260745394,9869812673,16090630927,0.613388792383,108,0,0,0,0,0,0,0,0,0,0,0
4,cn3344,face_local_extract,compute,0.168270392,1,3664516741,76837336,2.09679314984,10025125508,16440442582,0.60978440562,641,0,0,0,0,0,0,1,0,0,0,0
4,cn3344,face_pre_collective_wait,synchronization,0.020755643,1,3626994280,74840512,2.06343065973,9908069795,16119777915,0.614652996291,0,0,0,0,0,0,0,0,0,0,0,0
4,cn3344,face_collective_setup,compute,0.000161261999892,1,3603344401,74680280,2.07252684421,9861779458,16074392130,0.613508702428,16,0,0,0,0,0,0,0,0,0,0,0
4,cn3344,face_allgatherv,communication,0.0827289270001,1,3739757009,75790599,2.0266182754,10127699261,16239646804,0.623640365042,1332,0,0,0,0,0,9,1,1,1,75808,4859624
4,cn3344,face_global_merge,compute,0.0824233429998,1,3621488389,75541156,2.08591462641,9906191681,16253439683,0.609482784826,359,0,0,0,0,0,0,1,0,0,0,0
4,cn3344,part_face_create,compute,0.0199929119999,1,3607787063,74858701,2.07492015723,9872145617,16117742152,0.612501771272,3,0,0,0,0,0,0,0,0,0,0,0
4,cn3344,surface_refine,compute,0.0123584480002,1,3607771135,74869845,2.07523820659,9870925207,16100995113,0.613063052173,45,0,0,0,0,0,0,0,0,0,0,0
4,cn3344,refined_surface_save,io,0,0,0,0,0,0,0,0,0,0,0,0,0,0,0,0,0,0,0,0
4,cn3344,local_volume_mesh,compute,12.494653576,1,7422012842,162074136,2.18369517071,20074082645,33405612946,0.600919452592,4944,0,0,0,0,0,70051,2715204,0,0,0,0
4,cn3344,volume_refine,compute,0.752011203,1,5303232742,110378793,2.08134921415,14191621999,23832535552,0.595472603745,7091,0,0,0,0,0,0,12,0,0,0,0
4,cn3344,refined_volume_save,io,0,0,0,0,0,0,0,0,0,0,0,0,0,0,0,0,0,0,0,0
4,cn3344,adjacency_build,compute,0.00401161499985,1,5055488724,100966549,1.99716693108,13714560975,22348780895,0.613660362032,9,0,0,0,0,0,0,0,0,0,0,0
4,cn3344,vertex_numbering_local,compute,0.014224474,1,5061264578,101078220,1.99709417365,13728240887,22370640737,0.613672225503,51,0,0,0,0,0,0,1,0,0,0,0
4,cn3344,vertex_count_pre_collective_wait,synchronization,4.756325921,1,10536157467,146452642,1.39000050501,24563603673,32793920115,0.749029197695,31,0,0,0,0,0,0,66,0,0,0,0
4,cn3344,vertex_count_allgather,communication,0.012412689,1,5068600258,101047110,1.99359004176,13740242265,22366813037,0.614313815843,58,0,0,0,0,0,0,0,1,1,4,256
4,cn3344,element_count_pre_collective_wait,synchronization,0.000959133000379,1,5055608586,100940513,1.99660458841,13714608709,22342130931,0.613845149836,0,0,0,0,0,0,0,0,0,0,0,0
4,cn3344,element_count_allgather,communication,5.13810000484e-05,1,5054651541,100932030,1.99681479883,13712713522,22340131257,0.613815262061,0,0,0,0,0,0,0,0,1,1,4,256
4,cn3344,vertex_exchange_prepare,compute,8.02409999778e-05,1,5054627153,100931645,1.99681681645,13712667010,22340090842,0.613814290505,1,0,0,0,0,0,0,0,0,0,0,0
4,cn3344,vertex_exchange,communication,0.00760064299993,1,5058005299,100970734,1.99625599483,13719376009,22344571265,0.613991463353,77,0,0,0,0,0,4,1,4,3,235026,1430
4,cn3344,vertex_exchange_unpack,compute,5.52010001229e-05,1,5054635348,100931872,1.99681806997,13712685228,22340139918,0.613813757583,0,0,0,0,0,0,0,0,0,0,0,0
4,cn3344,partition_result_io,io,0,0,0,0,0,0,0,0,0,0,0,0,0,0,0,0,0,0,0,0
4,cn3344,volume_exchange_pack,compute,0.243344514,2,10244782965,203745031,1.98876864152,27806287186,45206100162,0.615100331291,883,0,0,0,0,0,0,0,0,0,0,0
4,cn3344,volume_size_exchange,communication,0.0952221970001,1,5163852183,102028108,1.97581387662,13929081919,22549198053,0.617719614075,1,0,0,0,0,0,0,1,3,3,12,12
4,cn3344,volume_payload_prepare,compute,0.000348465000116,1,5054627921,100931784,1.99681926301,13712693357,22340133580,0.613814295599,102,0,0,0,0,0,0,0,0,0,0,0
4,cn3344,volume_payload_exchange,communication,0.00401197500014,1,5054746187,100944959,1.99703318951,13712960334,22341915239,0.613777296499,533,0,0,0,0,0,2,0,3,3,2508240,2512320
4,cn3344,volume_exchange_unpack,compute,0.19089906,1,5170673436,105148902,2.03356300299,14037853370,22715569389,0.6179837771,6930,0,0,0,0,0,0,0,0,0,0,0
4,cn3344,final_mesh_save,io,0,0,0,0,0,0,0,0,0,0,0,0,0,0,0,0,0,0,0,0
4,cn3344,testout_io,io,0,0,0,0,0,0,0,0,0,0,0,0,0,0,0,0,0,0,0,0
4,cn3344,final_count_exchange,communication,0,0,0,0,0,0,0,0,0,0,0,0,0,0,0,0,0,0,0,0
4,cn3344,quality_surface_compute,postprocess,0,0,0,0,0,0,0,0,0,0,0,0,0,0,0,0,0,0,0,0
4,cn3344,quality_reduce_pre_collective_wait,synchronization,0,0,0,0,0,0,0,0,0,0,0,0,0,0,0,0,0,0,0,0
4,cn3344,quality_reduce,communication,0,0,0,0,0,0,0,0,0,0,0,0,0,0,0,0,0,0,0,0
4,cn3344,quality_summary_io,io,0,0,0,0,0,0,0,0,0,0,0,0,0,0,0,0,0,0,0,0
4,cn3344,quality_volume_compute,postprocess,0,0,0,0,0,0,0,0,0,0,0,0,0,0,0,0,0,0,0,0
4,cn3344,quality_rank_io,io,0,0,0,0,0,0,0,0,0,0,0,0,0,0,0,0,0,0,0,0
5,cn3344,geometry_load,io,2.03019127,1,1401548549,24429703,1.74305078603,3316644470,3785366724,0.876175206215,5775,0,1035186,0,630784,0,398,14,0,0,0,0
5,cn3344,coarse_local_size,setup,0.619984924,1,267571283,6520265,2.43683287941,632908464,906398855,0.698267060366,8509,0,0,0,0,0,238,86,0,0,0,0
5,cn3344,coarse_edge_mesh,setup,0.0137130069998,1,6284286,162638,2.58801079391,12800830,26904310,0.475791053552,490,0,0,0,0,0,0,0,0,0,0,0
5,cn3344,coarse_surface_mesh,setup,8.684717725,1,5673681842,163060619,2.87398242519,15312895244,18874163715,0.811315164752,17238,0,0,0,0,0,0,23,0,0,0,0
5,cn3344,coarse_volume_mesh,setup,15.077768918,1,5342444020,124536076,2.33106936701,13491037619,22589423846,0.59722805287,27593,0,0,0,0,0,83598,2752701,0,0,0,0
5,cn3344,coarse_mesh_save,io,0,0,0,0,0,0,0,0,0,0,0,0,0,0,0,0,0,0,0,0
5,cn3344,submesh_initialization,setup,0.000186982999821,1,4453524843,111247993,2.49797625301,11013011461,18851702258,0.584191884122,36,0,0,0,0,0,0,0,0,0,0,0
5,cn3344,metis_partition,compute,0.182351104,1,4567238999,117312159,2.56855748135,11274280812,19245956903,0.585799961458,1497,0,0,0,0,0,0,0,0,0,0,0
5,cn3344,face_map_setup,compute,0.00817119099975,1,4456538617,111310632,2.49769252701,11020901586,18867957570,0.584106761164,586,0,0,0,0,0,0,0,0,0,0,0
5,cn3344,face_local_extract,compute,0.17252465,1,4514583417,113401079,2.51188356766,11176210273,19226301041,0.581297996384,924,0,0,0,0,0,0,1,0,0,0,0
5,cn3344,face_pre_collective_wait,synchronization,0.015508771,1,4471726927,111243719,2.48771270733,11048955138,18885489664,0.585049968763,0,0,0,0,0,0,0,0,0,0,0,0
5,cn3344,face_collective_setup,compute,0.000112302000161,1,4453444963,111244408,2.49794055892,11012865693,18851548723,0.584188909613,16,0,0,0,0,0,0,0,0,0,0,0
5,cn3344,face_allgatherv,communication,0.082707306,1,4597759211,111668106,2.42875063428,11294342279,19018276259,0.593867820889,870,0,0,0,0,0,9,0,1,1,75808,4859624
5,cn3344,face_global_merge,compute,0.0839995639999,1,4471715827,112101810,2.50690818328,11057278555,19033558361,0.58093596296,626,0,0,0,0,0,0,0,0,0,0,0
5,cn3344,part_face_create,compute,0.0203171970002,1,4457972421,111422737,2.49940391006,11023378766,18895705316,0.583380116363,3,0,0,0,0,0,0,0,0,0,0,0
5,cn3344,surface_refine,compute,0.018769795,1,4459772936,111498207,2.50008708067,11025851153,18892062332,0.583623479493,51,0,0,0,0,0,0,0,0,0,0,0
5,cn3344,refined_surface_save,io,0,0,0,0,0,0,0,0,0,0,0,0,0,0,0,0,0,0,0,0
5,cn3344,local_volume_mesh,compute,14.785489757,1,9224889307,221207174,2.3979385187,23791838914,40489128825,0.587610541507,8924,0,0,0,0,0,76206,2895938,0,0,0,0
5,cn3344,volume_refine,compute,1.012021884,1,8645760582,221680729,2.56403964576,21927107791,39053825284,0.561458644103,8821,0,0,0,0,0,0,10,0,0,0,0
5,cn3344,refined_volume_save,io,0,0,0,0,0,0,0,0,0,0,0,0,0,0,0,0,0,0,0,0
5,cn3344,adjacency_build,compute,0.00421817699998,1,8315526625,208833228,2.51136503336,21298705875,37026060156,0.575235544513,34,0,0,0,0,0,0,0,0,0,0,0
5,cn3344,vertex_numbering_local,compute,0.0165215650004,1,8320703797,208935878,2.51103612263,21311022306,37051019757,0.575180452408,394,0,0,0,0,0,0,1,0,0,0,0
5,cn3344,vertex_count_pre_collective_wait,synchronization,2.193676518,1,10935816239,208802724,1.90934740889,26467512611,41839415904,0.63259756474,28,0,0,0,0,0,0,44,0,0,0,0
5,cn3344,vertex_count_allgather,communication,0.0125744319998,1,8329093511,208802421,2.50690451157,21325375167,37043840148,0.575679386419,59,0,0,0,0,0,0,0,1,1,4,256
5,cn3344,element_count_pre_collective_wait,synchronization,0.000634988999991,1,8315346065,208803417,2.51106105949,21298156585,37018329998,0.575340826724,0,0,0,0,0,0,0,0,0,0,0,0
5,cn3344,element_count_allgather,communication,0.000230564000049,1,8314897878,208799104,2.51114453916,21297272545,37017399810,0.575331402376,1,0,0,0,0,0,0,0,1,1,4,256
5,cn3344,vertex_exchange_prepare,compute,0.000119301000268,1,8314676582,208798858,2.51120841491,21296843571,37016980277,0.575326334337,22,0,0,0,0,0,0,0,0,0,0,0
5,cn3344,vertex_exchange,communication,0.006008802,1,8317412023,208809769,2.51051370814,21302206108,37020191697,0.575421280429,66,0,0,0,0,0,6,0,5,3,102454,81708
5,cn3344,vertex_exchange_unpack,compute,0.00126487699981,1,8315140943,208807593,2.51117322522,21297953731,37019712779,0.575313856651,0,0,0,0,0,0,0,0,0,0,0,0
5,cn3344,partition_result_io,io,0,0,0,0,0,0,0,0,0,0,0,0,0,0,0,0,0,0,0,0
5,cn3344,volume_exchange_pack,compute,0.261475221,2,16788925791,420011999,2.50172050451,43046291814,74600123929,0.577027081818,811,0,0,0,0,0,0,0,0,0,0,0
5,cn3344,volume_size_exchange,communication,0.055637598,1,8381242762,208799192,2.49126767866,21428070687,37139092164,0.576968079682,1,0,0,0,0,0,0,1,4,4,16,16
5,cn3344,volume_payload_prepare,compute,0.000230524000017,1,8314677229,208798955,2.51120938612,21296886271,37017080247,0.575325934106,68,0,0,0,0,0,0,0,0,0,0,0
5,cn3344,volume_payload_exchange,communication,0.023103555,1,8339017505,208812595,2.50404313068,21344901807,37063084489,0.575907323993,302,0,0,0,0,0,2,0,4,4,1918800,1914000
5,cn3344,volume_exchange_unpack,compute,0.207734289,1,8451753739,211748596,2.50538056999,21683983656,37420362681,0.579470162832,8604,0,0,0,0,0,0,0,0,0,0,0
5,cn3344,final_mesh_save,io,0,0,0,0,0,0,0,0,0,0,0,0,0,0,0,0,0,0,0,0
5,cn3344,testout_io,io,0,0,0,0,0,0,0,0,0,0,0,0,0,0,0,0,0,0,0,0
5,cn3344,final_count_exchange,communication,0,0,0,0,0,0,0,0,0,0,0,0,0,0,0,0,0,0,0,0
5,cn3344,quality_surface_compute,postprocess,0,0,0,0,0,0,0,0,0,0,0,0,0,0,0,0,0,0,0,0
5,cn3344,quality_reduce_pre_collective_wait,synchronization,0,0,0,0,0,0,0,0,0,0,0,0,0,0,0,0,0,0,0,0
5,cn3344,quality_reduce,communication,0,0,0,0,0,0,0,0,0,0,0,0,0,0,0,0,0,0,0,0
5,cn3344,quality_summary_io,io,0,0,0,0,0,0,0,0,0,0,0,0,0,0,0,0,0,0,0,0
5,cn3344,quality_volume_compute,postprocess,0,0,0,0,0,0,0,0,0,0,0,0,0,0,0,0,0,0,0,0
5,cn3344,quality_rank_io,io,0,0,0,0,0,0,0,0,0,0,0,0,0,0,0,0,0,0,0,0
6,cn3344,geometry_load,io,2.028415447,1,1399860290,25717094,1.83711861703,3316242451,3831263704,0.865574052639,5773,0,1035186,0,581632,0,382,20,0,0,0,0
6,cn3344,coarse_local_size,setup,0.592843094,1,266430764,6493551,2.43723769076,631741373,920650241,0.686190417236,8245,0,0,0,0,0,301,69,0,0,0,0
6,cn3344,coarse_edge_mesh,setup,0.015320388,1,6320028,184253,2.91538265337,12811958,29219033,0.43847987714,527,0,0,0,0,0,0,5,0,0,0,0
6,cn3344,coarse_surface_mesh,setup,8.918927675,1,5674204583,165480072,2.91635716653,15313713432,19401373854,0.789310774961,17345,0,0,0,0,0,1,17,0,0,0,0
6,cn3344,coarse_volume_mesh,setup,15.453447175,1,5348538233,124297491,2.32395255648,13497164841,23223339880,0.581189652769,28871,0,0,0,0,0,88865,2868165,0,0,0,0
6,cn3344,coarse_mesh_save,io,0,0,0,0,0,0,0,0,0,0,0,0,0,0,0,0,0,0,0,0
6,cn3344,submesh_initialization,setup,0.000301064000269,1,4662191939,111986015,2.40200353107,11612859225,20318342237,0.571545605913,3,0,0,0,0,0,1,0,0,0,0,0
6,cn3344,metis_partition,compute,0.186133775,1,4776753770,118005057,2.47040276058,11874113797,20724303043,0.572956001095,420,0,0,0,0,0,0,0,0,0,0,0
6,cn3344,face_map_setup,compute,0.00794162799957,1,4665237652,112060766,2.40203767437,11620757268,20334896609,0.571468716633,215,0,0,0,0,0,0,0,0,0,0,0
6,cn3344,face_local_extract,compute,0.177228673,1,4723445023,114141762,2.41649392433,11776059227,20703717010,0.568789614991,689,0,0,0,0,0,0,1,0,0,0,0
6,cn3344,face_pre_collective_wait,synchronization,0.00730161999991,1,4670984463,111981778,2.39739136122,11630205752,20334114309,0.571955364038,3,0,0,0,0,0,0,0,0,0,0,0
6,cn3344,face_collective_setup,compute,0.000105522000013,1,4662112030,111982544,2.40197025038,11612713484,20318186442,0.571542815455,16,0,0,0,0,0,0,0,0,0,0,0
6,cn3344,face_allgatherv,communication,0.0826599060001,1,4803186510,113151178,2.35575232743,11887695988,20485551372,0.580296608675,820,0,0,0,0,0,4,0,1,1,75808,4859624
6,cn3344,face_global_merge,compute,0.0880415790002,1,4680288200,112848356,2.41114117716,11657125271,20509482463,0.568377348967,461,0,0,0,0,0,0,0,0,0,0,0
6,cn3344,part_face_create,compute,0.021693615,1,4666626867,112166702,2.40359268475,11623184185,20365262045,0.570735802923,3,0,0,0,0,0,0,0,0,0,0,0
6,cn3344,surface_refine,compute,0.020489599,1,4667955496,112239149,2.40446056301,11624562285,20362556094,0.570879325333,49,0,0,0,0,0,0,0,0,0,0,0
6,cn3344,refined_surface_save,io,0,0,0,0,0,0,0,0,0,0,0,0,0,0,0,0,0,0,0,0
6,cn3344,local_volume_mesh,compute,13.428567656,1,8975913959,209818942,2.33757746519,23278671025,40726850343,0.57158043966,4905,0,0,0,0,0,63058,2552536,0,0,0,0
6,cn3344,volume_refine,compute,0.966298041,1,6570460523,153326774,2.33357728067,16261721850,28556168090,0.569464425295,4412,0,0,0,0,0,0,1,0,0,0,0
6,cn3344,refined_volume_save,io,0,0,0,0,0,0,0,0,0,0,0,0,0,0,0,0,0,0,0,0
6,cn3344,adjacency_build,compute,0.00445446100002,1,6257401540,140962391,2.25273046805,15656972977,26632282167,0.587894528859,0,0,0,0,0,0,0,0,0,0,0,0
6,cn3344,vertex_numbering_local,compute,0.0204229380001,1,6264721195,141094982,2.25221486493,15674709164,26664849672,0.587841647593,363,0,0,0,0,0,0,0,0,0,0,0
6,cn3344,vertex_count_pre_collective_wait,synchronization,3.585437774,1,10686377951,140931508,1.31879584127,24394739692,34502274916,0.707047281705,1,0,0,0,0,0,0,4,0,0,0,0
6,cn3344,vertex_count_allgather,communication,0.012415829,1,6271200875,140929359,2.24724676835,15684104283,26649071219,0.588542248025,51,0,0,0,0,0,0,0,1,1,4,256
6,cn3344,element_count_pre_collective_wait,synchronization,0.000799230999746,1,6257331819,140927325,2.25219517003,15656648239,26624290784,0.588058790599,0,0,0,0,0,0,0,0,0,0,0,0
6,cn3344,element_count_allgather,communication,5.09610003974e-05,1,6256501905,140926782,2.25248524079,15655010491,26622645286,0.588033620357,0,0,0,0,0,0,0,0,1,1,4,256
6,cn3344,vertex_exchange_prepare,compute,0.000266804000148,1,6256481967,140926716,2.25249136405,15654986749,26622626249,0.588033149043,58,0,0,0,0,0,0,0,0,0,0,0
6,cn3344,vertex_exchange,communication,0.0150850250002,1,6270288198,140942339,2.24778087624,15682128706,26644411908,0.588571020451,31,0,0,0,0,0,3,0,2,4,72116,229702
6,cn3344,vertex_exchange_unpack,compute,0.00360664899972,1,6257770764,140950310,2.2524044954,15658093089,26630468194,0.587976635444,0,0,0,0,0,0,0,0,0,0,0,0
6,cn3344,partition_result_io,io,0,0,0,0,0,0,0,0,0,0,0,0,0,0,0,0,0,0,0,0
6,cn3344,volume_exchange_pack,compute,0.32664235,2,12685199421,284755888,2.24478842271,31794513851,53951325964,0.589318488154,1183,0,0,0,0,0,0,1,0,0,0,0
6,cn3344,volume_size_exchange,communication,8.0761999925e-05,1,6256484821,140926778,2.25249132751,15654977596,26622616485,0.588033020902,2,0,0,0,0,0,0,0,4,4,16,16
6,cn3344,volume_payload_prepare,compute,0.000381945000299,1,6256482378,140926749,2.25249174353,15655031316,26622721326,0.588032723038,102,0,0,0,0,0,0,0,0,0,0,0
6,cn3344,volume_payload_exchange,communication,0.0044207599999,1,6256580355,140940086,2.25266963745,15655247338,26624769716,0.587995596018,565,0,0,0,0,0,2,0,4,4,3188880,3188520
6,cn3344,volume_exchange_unpack,compute,0.239827027,1,6400388209,144084218,2.25117935499,16057679000,27093586141,0.59267455096,8727,0,0,0,0,0,0,0,0,0,0,0
6,cn3344,final_mesh_save,io,0,0,0,0,0,0,0,0,0,0,0,0,0,0,0,0,0,0,0,0
6,cn3344,testout_io,io,0,0,0,0,0,0,0,0,0,0,0,0,0,0,0,0,0,0,0,0
6,cn3344,final_count_exchange,communication,0,0,0,0,0,0,0,0,0,0,0,0,0,0,0,0,0,0,0,0
6,cn3344,quality_surface_compute,postprocess,0,0,0,0,0,0,0,0,0,0,0,0,0,0,0,0,0,0,0,0
6,cn3344,quality_reduce_pre_collective_wait,synchronization,0,0,0,0,0,0,0,0,0,0,0,0,0,0,0,0,0,0,0,0
6,cn3344,quality_reduce,communication,0,0,0,0,0,0,0,0,0,0,0,0,0,0,0,0,0,0,0,0
6,cn3344,quality_summary_io,io,0,0,0,0,0,0,0,0,0,0,0,0,0,0,0,0,0,0,0,0
6,cn3344,quality_volume_compute,postprocess,0,0,0,0,0,0,0,0,0,0,0,0,0,0,0,0,0,0,0,0
6,cn3344,quality_rank_io,io,0,0,0,0,0,0,0,0,0,0,0,0,0,0,0,0,0,0,0,0
7,cn3344,geometry_load,io,2.028635549,1,1409230546,24625888,1.74747049515,3317968642,3881492155,0.854817814774,5774,0,1035186,0,77824,0,349,22,0,0,0,0
7,cn3344,coarse_local_size,setup,0.591367134,1,268357838,6224890,2.31962295061,632415483,927645619,0.681742542677,8146,0,0,0,0,0,169,98,0,0,0,0
7,cn3344,coarse_edge_mesh,setup,0.0145382579999,1,6272517,164442,2.62162701193,12803744,28212371,0.453834383505,506,0,0,0,0,0,0,2,0,0,0,0
7,cn3344,coarse_surface_mesh,setup,8.911654936,1,5675950814,161518366,2.84566183346,15310030801,19395663922,0.789353273111,15648,0,0,0,0,0,6,19,0,0,0,0
7,cn3344,coarse_volume_mesh,setup,15.139743242,1,5315914885,124822205,2.34808509354,13428495056,22976328456,0.584449124747,31196,0,0,0,0,0,86539,2706485,0,0,0,0
7,cn3344,coarse_mesh_save,io,0,0,0,0,0,0,0,0,0,0,0,0,0,0,0,0,0,0,0,0
7,cn3344,submesh_initialization,setup,0.000134421999974,1,5065042054,118419328,2.33797324361,12730530061,21721106542,0.586090309736,3,0,0,0,0,0,0,0,0,0,0,0
7,cn3344,metis_partition,compute,0.184570013,1,5178709176,124466578,2.40342861068,12991769897,22123225422,0.587245740582,426,0,0,0,0,0,0,0,0,0,0,0
7,cn3344,face_map_setup,compute,0.00791238700003,1,5068069189,118484197,2.33785673758,12738414263,21737634161,0.586007390163,218,0,0,0,0,0,0,0,0,0,0,0
7,cn3344,face_local_extract,compute,0.174983503,1,5126330631,120584036,2.35224851224,12893729301,22101981914,0.583374348562,573,0,0,0,0,0,0,1,0,0,0,0
7,cn3344,face_pre_collective_wait,synchronization,0.0112712329997,1,5078806534,118415058,2.33155284036,12757697297,21745594547,0.586679626967,0,0,0,0,0,0,0,0,0,0,0,0
7,cn3344,face_collective_setup,compute,0.000107362000108,1,5064958670,118415761,2.33794130841,12730384160,21720972320,0.58608721435,16,0,0,0,0,0,0,0,0,0,0,0
7,cn3344,face_allgatherv,communication,0.082673806,1,5208330765,119405047,2.29257803292,13009945441,21886737194,0.594421421781,1329,0,0,0,0,0,6,1,1,1,75808,4859624
7,cn3344,face_global_merge,compute,0.0886142069999,1,5083128866,119294996,2.34688120535,12774795109,21913520590,0.582964068075,417,0,0,0,0,0,0,0,0,0,0,0
7,cn3344,part_face_create,compute,0.0217990770002,1,5069557724,118599318,2.33944112005,12741028043,21768298754,0.585301965348,3,0,0,0,0,0,0,0,0,0,0,0
7,cn3344,surface_refine,compute,0.0246443359997,1,5072582314,118699627,2.34002367339,12745988290,21774430110,0.585364954472,52,0,0,0,0,0,0,0,0,0,0,0
7,cn3344,refined_surface_save,io,0,0,0,0,0,0,0,0,0,0,0,0,0,0,0,0,0,0,0,0
7,cn3344,local_volume_mesh,compute,15.111250434,1,10037329137,239412940,2.38522555883,26129517058,45358227804,0.576070061002,15127,0,0,0,0,0,74500,2468339,0,0,0,0
7,cn3344,volume_refine,compute,1.210114622,1,10106938963,246332176,2.43725797595,26080284893,46436045995,0.561638794479,8008,0,0,0,0,0,0,2,0,0,0,0
7,cn3344,refined_volume_save,io,0,0,0,0,0,0,0,0,0,0,0,0,0,0,0,0,0,0,0,0
7,cn3344,adjacency_build,compute,0.00428875900025,1,9729929700,232906626,2.39371334821,25346002153,43991232012,0.576160316358,2,0,0,0,0,0,0,0,0,0,0,0
7,cn3344,vertex_numbering_local,compute,0.0180798660003,1,9735897423,233027470,2.39348731684,25360093479,44021482239,0.576084497594,5,0,0,0,0,0,0,0,0,0,0,0
7,cn3344,vertex_count_pre_collective_wait,synchronization,1.657017068,1,11774947508,232874100,1.97770817952,29387639829,47624971489,0.617063672905,31,0,0,0,0,0,0,3,0,0,0,0
7,cn3344,vertex_count_allgather,communication,0.0125490109999,1,9744104711,232874819,2.38990472606,25373713396,44008753265,0.576560604733,23,0,0,0,0,0,3,0,1,1,4,256
7,cn3344,element_count_pre_collective_wait,synchronization,0.000540246999662,1,9729609727,232872974,2.39344619706,25345134010,43983061681,0.576247606268,0,0,0,0,0,0,0,0,0,0,0,0
7,cn3344,element_count_allgather,communication,0.000183381999705,1,9729196482,232872442,2.39354238997,25344322031,43982273720,0.576239468481,0,0,0,0,0,0,0,0,1,1,4,256
7,cn3344,vertex_exchange_prepare,compute,3.00009996863e-05,1,9729005486,232872263,2.39358753919,25343957048,43981945057,0.576235476061,0,0,0,0,0,0,0,0,0,0,0,0
7,cn3344,vertex_exchange,communication,0.00401791499962,1,9732577154,232885645,2.39284663574,25350995267,43986308802,0.576338318842,50,0,0,0,0,0,1,1,3,4,33286,169532
7,cn3344,vertex_exchange_unpack,compute,0.00268529699997,1,9729969391,232889938,2.39353207231,25346282653,43987778519,0.576211927639,0,0,0,0,0,0,0,0,0,0,0,0
7,cn3344,partition_result_io,io,0,0,0,0,0,0,0,0,0,0,0,0,0,0,0,0,0,0,0,0
7,cn3344,volume_exchange_pack,compute,0.301391126,2,19642214871,468353513,2.38442312171,51211277708,88618189514,0.577886752018,591,0,0,0,0,0,0,1,0,0,0,0
7,cn3344,volume_size_exchange,communication,0.0344199880001,1,9771759269,232872560,2.38311806083,25428262454,44057451200,0.577161450819,3,0,0,0,0,0,0,0,5,5,20,20
7,cn3344,volume_payload_prepare,compute,0.000293263999993,1,9729005879,232872361,2.3935884498,25344004733,43982072846,0.576234886012,68,0,0,0,0,0,0,0,0,0,0,0
7,cn3344,volume_payload_exchange,communication,0.00368502999982,1,9729106655,232887795,2.39372229392,25344246795,43984253712,0.576211818005,302,0,0,0,0,0,2,0,5,5,2102040,2101920
7,cn3344,volume_exchange_unpack,compute,0.242824987,1,9887321162,236138576,2.38829681095,25791279384,44451398592,0.580213001186,10078,0,0,0,0,0,0,1,0,0,0,0
7,cn3344,final_mesh_save,io,0,0,0,0,0,0,0,0,0,0,0,0,0,0,0,0,0,0,0,0
7,cn3344,testout_io,io,0,0,0,0,0,0,0,0,0,0,0,0,0,0,0,0,0,0,0,0
7,cn3344,final_count_exchange,communication,0,0,0,0,0,0,0,0,0,0,0,0,0,0,0,0,0,0,0,0
7,cn3344,quality_surface_compute,postprocess,0,0,0,0,0,0,0,0,0,0,0,0,0,0,0,0,0,0,0,0
7,cn3344,quality_reduce_pre_collective_wait,synchronization,0,0,0,0,0,0,0,0,0,0,0,0,0,0,0,0,0,0,0,0
7,cn3344,quality_reduce,communication,0,0,0,0,0,0,0,0,0,0,0,0,0,0,0,0,0,0,0,0
7,cn3344,quality_summary_io,io,0,0,0,0,0,0,0,0,0,0,0,0,0,0,0,0,0,0,0,0
7,cn3344,quality_volume_compute,postprocess,0,0,0,0,0,0,0,0,0,0,0,0,0,0,0,0,0,0,0,0
7,cn3344,quality_rank_io,io,0,0,0,0,0,0,0,0,0,0,0,0,0,0,0,0,0,0,0,0
8,cn3344,geometry_load,io,2.030011848,1,1396089521,23230974,1.6640031782,3316550736,3750295052,0.884343948946,5773,0,1035186,0,4157440,0,392,11,0,0,0,0
8,cn3344,coarse_local_size,setup,0.625099554,1,266378305,6302683,2.36606468383,632687485,900789294,0.702370120531,7910,0,0,0,0,0,160,67,0,0,0,0
8,cn3344,coarse_edge_mesh,setup,0.0137215069999,1,6324512,178751,2.82632082918,12803508,26744739,0.478729966294,507,0,0,0,0,0,0,0,0,0,0,0
8,cn3344,coarse_surface_mesh,setup,8.686278426,1,5674426606,162534421,2.86433206887,15314120616,18901368267,0.810212276681,15482,0,0,0,0,0,1,9,0,0,0,0
8,cn3344,coarse_volume_mesh,setup,15.057288499,1,5345053799,124502049,2.32929459051,13485193825,22510460077,0.599063447787,24319,0,0,0,0,0,84517,2898301,0,0,0,0
8,cn3344,coarse_mesh_save,io,0,0,0,0,0,0,0,0,0,0,0,0,0,0,0,0,0,0,0,0
8,cn3344,submesh_initialization,setup,0.000128141999994,1,3714288500,89219548,2.4020629523,9226054362,15178785811,0.607825584792,1,0,0,0,0,0,0,0,0,0,0,0
8,cn3344,metis_partition,compute,0.181658714,1,3829544383,95246360,2.48714600157,9487351255,15575111033,0.609135384968,222,0,0,0,0,0,0,0,0,0,0,0
8,cn3344,face_map_setup,compute,0.00796172799983,1,3717350492,89289249,2.40195938457,9233945802,15195492086,0.607676655007,212,0,0,0,0,0,0,0,0,0,0,0
8,cn3344,face_local_extract,compute,0.167210037,1,3775373488,91419614,2.42147205543,9389255529,15542494021,0.604102244872,692,0,0,0,0,0,0,0,0,0,0,0
8,cn3344,face_pre_collective_wait,synchronization,0.0217207360001,1,3741428468,89215381,2.38452724041,9279673834,15226230765,0.60945311924,1,0,0,0,0,0,0,0,0,0,0,0
8,cn3344,face_collective_setup,compute,0.000166962000094,1,3714204887,89216113,2.40202454399,9225908410,15178729127,0.607818239117,16,0,0,0,0,0,0,0,0,0,0,0
8,cn3344,face_allgatherv,communication,0.0826619859999,1,3859332215,89669822,2.32345434403,9508969855,15344550401,0.619696869996,1330,0,0,0,0,0,7,0,1,1,75808,4859624
8,cn3344,face_global_merge,compute,0.0826008450003,1,3732344706,90095157,2.41390236157,9270320078,15358177574,0.603608080017,387,0,0,0,0,0,0,0,0,0,0,0
8,cn3344,part_face_create,compute,0.0205563599998,1,3718732508,89400397,2.40405559711,9236384990,15223280046,0.606727654099,3,0,0,0,0,0,0,0,0,0,0,0
8,cn3344,surface_refine,compute,0.0179849850001,1,3720126295,89481278,2.40532903736,9237910643,15217479269,0.607059190271,52,0,0,0,0,0,0,0,0,0,0,0
8,cn3344,refined_surface_save,io,0,0,0,0,0,0,0,0,0,0,0,0,0,0,0,0,0,0,0,0
8,cn3344,local_volume_mesh,compute,12.251272682,1,7619246318,171499165,2.25086783971,19571594646,32223721905,0.607366048643,9443,0,0,0,0,0,71490,2634113,0,0,0,0
8,cn3344,volume_refine,compute,0.948239115,1,7616529533,178568961,2.34449246506,19365714315,32847234019,0.58956910356,7278,0,0,0,0,0,0,3,0,0,0,0
8,cn3344,refined_volume_save,io,0,0,0,0,0,0,0,0,0,0,0,0,0,0,0,0,0,0,0,0
8,cn3344,adjacency_build,compute,0.00424607699961,1,7313517630,166377640,2.27493319108,18780119691,30960940273,0.606574591256,9,0,0,0,0,0,0,0,0,0,0,0
8,cn3344,vertex_numbering_local,compute,0.0181838480003,1,7320838890,166511745,2.27448995261,18797482044,30990012380,0.606565812672,203,0,0,0,0,0,0,0,0,0,0,0
8,cn3344,vertex_count_pre_collective_wait,synchronization,4.792680476,1,13190704706,171723267,1.3018505897,30326230131,41429774454,0.731991195479,29,0,0,0,0,0,0,5,0,0,0,0
8,cn3344,vertex_count_allgather,communication,0.0123917289998,1,7327482280,166424750,2.27124056587,18807448587,30978535149,0.607112263267,54,0,0,0,0,0,0,0,1,1,4,256
8,cn3344,element_count_pre_collective_wait,synchronization,0.000128841999867,1,7312698615,166342219,2.27470360475,18778287701,30951975933,0.606691079809,0,0,0,0,0,0,0,0,0,0,0,0
8,cn3344,element_count_allgather,communication,4.23209999099e-05,1,7312620367,166341685,2.27472064256,18778135102,30951782565,0.60668993983,0,0,0,0,0,0,0,0,1,1,4,256
8,cn3344,vertex_exchange_prepare,compute,7.81210001151e-05,1,7312605428,166341497,2.27472271871,18778107145,30951769241,0.606689297752,1,0,0,0,0,0,0,0,0,0,0,0
8,cn3344,vertex_exchange,communication,0.0147971609999,1,7326260773,166357866,2.27070631465,18805220537,30973042116,0.607147998785,76,0,0,0,0,0,3,0,5,3,286418,1166
8,cn3344,vertex_exchange_unpack,compute,4.81410002067e-05,1,7312612657,166341688,2.27472308192,18778122262,30951796283,0.606689256103,0,0,0,0,0,0,0,0,0,0,0,0
8,cn3344,partition_result_io,io,0,0,0,0,0,0,0,0,0,0,0,0,0,0,0,0,0,0,0,0
8,cn3344,volume_exchange_pack,compute,0.305983247,2,14783062073,335350983,2.26848119384,37999863155,62565068219,0.607365487431,1084,0,0,0,0,0,0,0,0,0,0,0
8,cn3344,volume_size_exchange,communication,0.0133586820002,1,7329071628,166341857,2.26961701895,18810554154,30980880471,0.607166544915,2,0,0,0,0,0,0,1,5,5,20,20
8,cn3344,volume_payload_prepare,compute,0.000483466999867,1,7312606661,166341750,2.27472579494,18778193703,30952021046,0.606687158654,136,0,0,0,0,0,0,0,0,0,0,0
8,cn3344,volume_payload_exchange,communication,0.00395089299991,1,7313120723,166357310,2.27477866565,18779211035,30954165274,0.606677998543,500,0,0,0,0,0,5,0,5,5,3055560,3053280
8,cn3344,volume_exchange_unpack,compute,0.227089353,1,7451398036,169796058,2.27871410411,19167432344,31398186369,0.61046304136,8478,0,0,0,0,0,0,0,0,0,0,0
8,cn3344,final_mesh_save,io,0,0,0,0,0,0,0,0,0,0,0,0,0,0,0,0,0,0,0,0
8,cn3344,testout_io,io,0,0,0,0,0,0,0,0,0,0,0,0,0,0,0,0,0,0,0,0
8,cn3344,final_count_exchange,communication,0,0,0,0,0,0,0,0,0,0,0,0,0,0,0,0,0,0,0,0
8,cn3344,quality_surface_compute,postprocess,0,0,0,0,0,0,0,0,0,0,0,0,0,0,0,0,0,0,0,0
8,cn3344,quality_reduce_pre_collective_wait,synchronization,0,0,0,0,0,0,0,0,0,0,0,0,0,0,0,0,0,0,0,0
8,cn3344,quality_reduce,communication,0,0,0,0,0,0,0,0,0,0,0,0,0,0,0,0,0,0,0,0
8,cn3344,quality_summary_io,io,0,0,0,0,0,0,0,0,0,0,0,0,0,0,0,0,0,0,0,0
8,cn3344,quality_volume_compute,postprocess,0,0,0,0,0,0,0,0,0,0,0,0,0,0,0,0,0,0,0,0
8,cn3344,quality_rank_io,io,0,0,0,0,0,0,0,0,0,0,0,0,0,0,0,0,0,0,0,0
9,cn3344,geometry_load,io,2.02791548,1,1409988776,23633857,1.67617341374,3314344601,3839101468,0.863312582026,5775,0,1035186,0,655360,0,372,33,0,0,0,0
9,cn3344,coarse_local_size,setup,0.642974237,1,267270472,6209614,2.32334457059,631140634,913581939,0.690841846864,8322,0,0,0,0,0,178,101,0,0,0,0
9,cn3344,coarse_edge_mesh,setup,0.0136649859996,1,6301602,164143,2.60478208557,12809965,26848378,0.477122491348,508,0,0,0,0,0,0,0,0,0,0,0
9,cn3344,coarse_surface_mesh,setup,8.684138417,1,5675088718,162196012,2.85803482658,15311310490,18903409080,0.809976149022,16036,0,0,0,0,0,0,18,0,0,0,0
9,cn3344,coarse_volume_mesh,setup,14.832861583,1,5317830606,125925540,2.36798704829,13430866257,22403527530,0.599497835286,28361,0,0,0,0,0,87745,2658130,0,0,0,0
9,cn3344,coarse_mesh_save,io,0,0,0,0,0,0,0,0,0,0,0,0,0,0,0,0,0,0,0,0
9,cn3344,submesh_initialization,setup,0.000153622000198,1,4566868850,112084632,2.45429933903,11450092994,19116294556,0.598970316159,1,0,0,0,0,0,0,0,0,0,0,0
9,cn3344,metis_partition,compute,0.178213728,1,4680614312,118155090,2.52435005587,11711404478,19504388966,0.600449698702,289,0,0,0,0,0,0,0,0,0,0,0
9,cn3344,face_map_setup,compute,0.00826323200044,1,4569907149,112153040,2.45416452333,11457978403,19133534686,0.598842743436,218,0,0,0,0,0,0,0,0,0,0,0
9,cn3344,face_local_extract,compute,0.17400765,1,4628029414,114245040,2.46854610851,11613290902,19494540668,0.595720160828,743,0,0,0,0,0,0,0,0,0,0,0
9,cn3344,face_pre_collective_wait,synchronization,0.0181377270001,1,4589623954,112080503,2.44204109364,11494944128,19155876317,0.600074041917,1,0,0,0,0,0,0,0,0,0,0,0
9,cn3344,face_collective_setup,compute,0.000138842000069,1,4566789272,112081293,2.45426899128,11449947179,19116194568,0.598965821271,16,0,0,0,0,0,0,0,0,0,0,0
9,cn3344,face_allgatherv,communication,0.0827098260002,1,4712504429,112530791,2.38791905017,11734122648,19283032577,0.608520604897,977,0,0,0,0,0,6,0,1,1,75808,4859624
9,cn3344,face_global_merge,compute,0.0830048900002,1,4584895784,112931658,2.4631237725,11494358276,19297122489,0.595651412927,267,0,0,0,0,0,0,0,0,0,0,0
9,cn3344,part_face_create,compute,0.02058708,1,4571369431,112260897,2.45573889169,11460560338,19160898929,0.598122268713,3,0,0,0,0,0,0,0,0,0,0,0
9,cn3344,surface_refine,compute,0.0216498350001,1,4574225706,112357139,2.45630946572,11465243897,19163209850,0.598294543907,6,0,0,0,0,0,0,0,0,0,0,0
9,cn3344,refined_surface_save,io,0,0,0,0,0,0,0,0,0,0,0,0,0,0,0,0,0,0,0,0
9,cn3344,local_volume_mesh,compute,15.941439602,1,9864698968,240751719,2.44053791992,25633540183,43437349894,0.590126705371,9001,0,0,0,0,0,79228,2959884,0,0,0,0
9,cn3344,volume_refine,compute,1.034190865,1,8050094187,185608697,2.30567112245,20240277248,34061826819,0.594221717924,7364,0,0,0,0,0,0,2,0,0,0,0
9,cn3344,refined_volume_save,io,0,0,0,0,0,0,0,0,0,0,0,0,0,0,0,0,0,0,0,0
9,cn3344,adjacency_build,compute,0.00380185199992,1,7682295450,171882328,2.23738242194,19534071301,31977369832,0.610871732216,4,0,0,0,0,0,0,0,0,0,0,0
9,cn3344,vertex_numbering_local,compute,0.0175829,1,7687413819,172005076,2.23748948671,19546130159,32005215841,0.610717023628,461,0,0,0,0,0,0,0,0,0,0,0
9,cn3344,vertex_count_pre_collective_wait,synchronization,1.013598745,1,8948215982,171850231,1.92049712865,22030659731,34197695802,0.644214740623,29,0,0,0,0,0,0,2,0,0,0,0
9,cn3344,vertex_count_allgather,communication,0.0125912920003,1,7681481579,171851351,2.2372162093,19532222231,31969372564,0.610966705458,58,0,0,0,0,0,1,0,1,1,4,256
9,cn3344,element_count_pre_collective_wait,synchronization,0.000605288000315,1,7682140327,171849643,2.23700213332,19533480787,31970375592,0.61098690351,0,0,0,0,0,0,0,0,0,0,0,0
9,cn3344,element_count_allgather,communication,0.000230923999879,1,7681689921,171849106,2.23712630642,19532621732,31969506360,0.610976644808,1,0,0,0,0,0,0,0,1,1,4,256
9,cn3344,vertex_exchange_prepare,compute,0.000117621999834,1,7681465806,171848931,2.23718929876,19532200965,31969094354,0.610971357171,20,0,0,0,0,0,0,0,0,0,0,0
9,cn3344,vertex_exchange,communication,0.0148937030003,1,7683762770,171857576,2.23663302921,19536695057,31971701277,0.611062104194,43,0,0,0,0,0,1,1,3,1,86152,76010
9,cn3344,vertex_exchange_unpack,compute,0.00114349500018,1,7681895229,171856757,2.23716611431,19533226235,31971555452,0.610956394171,0,0,0,0,0,0,0,0,0,0,0,0
9,cn3344,partition_result_io,io,0,0,0,0,0,0,0,0,0,0,0,0,0,0,0,0,0,0,0,0
9,cn3344,volume_exchange_pack,compute,0.280627322,2,15534310547,345996531,2.22730535709,39551966764,64546549222,0.61276655748,790,0,0,0,0,0,0,0,0,0,0,0
9,cn3344,volume_size_exchange,communication,0.0370104639996,1,7727776917,171849145,2.22378501406,19623508541,32050362770,0.612271027377,1,0,0,0,0,0,0,0,3,3,12,12
9,cn3344,volume_payload_prepare,compute,0.000238283999806,1,7681466343,171848978,2.23718975423,19532279316,31969353644,0.610968852655,34,0,0,0,0,0,0,0,0,0,0,0
9,cn3344,volume_payload_exchange,communication,0.00351380799975,1,7683291159,171860460,2.23680785283,19535835669,31973583311,0.610999257699,102,0,0,0,0,0,2,0,3,3,1720680,1711440
9,cn3344,volume_exchange_unpack,compute,0.215421374,1,7828152364,174932026,2.23465280012,19944356073,32384742467,0.615856559407,9506,0,0,0,0,0,0,0,0,0,0,0
9,cn3344,final_mesh_save,io,0,0,0,0,0,0,0,0,0,0,0,0,0,0,0,0,0,0,0,0
9,cn3344,testout_io,io,0,0,0,0,0,0,0,0,0,0,0,0,0,0,0,0,0,0,0,0
9,cn3344,final_count_exchange,communication,0,0,0,0,0,0,0,0,0,0,0,0,0,0,0,0,0,0,0,0
9,cn3344,quality_surface_compute,postprocess,0,0,0,0,0,0,0,0,0,0,0,0,0,0,0,0,0,0,0,0
9,cn3344,quality_reduce_pre_collective_wait,synchronization,0,0,0,0,0,0,0,0,0,0,0,0,0,0,0,0,0,0,0,0
9,cn3344,quality_reduce,communication,0,0,0,0,0,0,0,0,0,0,0,0,0,0,0,0,0,0,0,0
9,cn3344,quality_summary_io,io,0,0,0,0,0,0,0,0,0,0,0,0,0,0,0,0,0,0,0,0
9,cn3344,quality_volume_compute,postprocess,0,0,0,0,0,0,0,0,0,0,0,0,0,0,0,0,0,0,0,0
9,cn3344,quality_rank_io,io,0,0,0,0,0,0,0,0,0,0,0,0,0,0,0,0,0,0,0,0
10,cn3344,geometry_load,io,2.03014275,1,1403243110,22571197,1.60850225019,3315680191,3840102868,0.863435252902,5776,0,1035186,0,458752,0,387,5,0,0,0,0
10,cn3344,coarse_local_size,setup,0.583107802,1,267601635,6026690,2.25211254782,632224320,918608166,0.688241563052,8290,0,0,0,0,0,176,80,0,0,0,0
10,cn3344,coarse_edge_mesh,setup,0.0146109789998,1,6270340,168411,2.68583521787,12799454,28068024,0.456015500058,490,0,0,0,0,0,1,0,0,0,0,0
10,cn3344,coarse_surface_mesh,setup,8.880593873,1,5673349534,161287180,2.84289164687,15312165812,19299840730,0.793383014203,15659,0,0,0,0,0,13,7,0,0,0,0
10,cn3344,coarse_volume_mesh,setup,15.36941707,1,5338504417,124476641,2.33167627629,13463705158,23021774277,0.584824826966,29406,0,0,0,0,0,89396,2819070,0,0,0,0
10,cn3344,coarse_mesh_save,io,0,0,0,0,0,0,0,0,0,0,0,0,0,0,0,0,0,0,0,0
10,cn3344,submesh_initialization,setup,0.000224002999857,1,4192897558,102348662,2.44100077773,10373697898,18124764070,0.572349403167,58,0,0,0,0,0,0,0,0,0,0,0
10,cn3344,metis_partition,compute,0.188992034,1,4307240271,108436035,2.51752928041,10634920551,18533512141,0.573821112269,1719,0,0,0,0,0,0,0,0,0,0,0
10,cn3344,face_map_setup,compute,0.00827511299985,1,4195942817,102418646,2.44089708718,10381585700,18141249462,0.572264094695,604,0,0,0,0,0,0,0,0,0,0,0
10,cn3344,face_local_extract,compute,0.177256074,1,4254188642,104497486,2.45634349564,10536898049,18510040072,0.569253119281,891,0,0,0,0,0,0,0,0,0,0,0
10,cn3344,face_pre_collective_wait,synchronization,0.00402761499981,1,4197586563,102383745,2.43910979472,10382941122,18133324445,0.572588945479,8,0,0,0,0,0,0,0,0,0,0,0
10,cn3344,face_collective_setup,compute,0.000101320999875,1,4192817290,102344942,2.44095878549,10373552167,18124609843,0.572346232932,16,0,0,0,0,0,0,0,0,0,0,0
10,cn3344,face_allgatherv,communication,0.082676426,1,4335573488,103031885,2.3764303681,10651858093,18290376221,0.582375013192,1333,0,0,0,0,0,6,0,1,1,75808,4859624
10,cn3344,face_global_merge,compute,0.0884902050002,1,4210947390,103237252,2.45163955848,10417964316,18316139588,0.568786029717,681,0,0,0,0,0,0,0,0,0,0,0
10,cn3344,part_face_create,compute,0.0216997360003,1,4197362082,102530107,2.44272724147,10383987937,18171242045,0.571451742885,34,0,0,0,0,0,0,0,0,0,0,0
10,cn3344,surface_refine,compute,0.0194856459998,1,4198302033,102590821,2.44362649932,10384647975,18166448483,0.57163886407,53,0,0,0,0,0,0,0,0,0,0,0
10,cn3344,refined_surface_save,io,0,0,0,0,0,0,0,0,0,0,0,0,0,0,0,0,0,0,0,0
10,cn3344,local_volume_mesh,compute,13.582550913,1,8392487133,196381356,2.33996612551,21652139417,37870015900,0.571748886353,12099,0,0,0,0,0,76713,2647024,0,0,0,0
10,cn3344,volume_refine,compute,0.858524513,1,8664751389,207686375,2.39691095192,22176745084,39556672047,0.560632225523,8271,0,0,0,0,0,0,1,0,0,0,0
10,cn3344,refined_volume_save,io,0,0,0,0,0,0,0,0,0,0,0,0,0,0,0,0,0,0,0,0
10,cn3344,adjacency_build,compute,0.00421769700006,1,8393372159,196417190,2.34014632354,21654072932,37879183019,0.571661562002,6,0,0,0,0,0,0,0,0,0,0,0
10,cn3344,vertex_numbering_local,compute,0.0161883810001,1,8399101802,196519467,2.33976765174,21667757653,37905385134,0.571627423819,8,0,0,0,0,0,0,0,0,0,0,0
10,cn3344,vertex_count_pre_collective_wait,synchronization,3.544747639,1,12625139320,231531682,1.8338940754,30005225996,45658894086,0.657160594812,74,0,0,0,0,0,0,3,0,0,0,0
10,cn3344,vertex_count_allgather,communication,0.012340968,1,8406336935,196568439,2.33833643024,21678535047,37896445948,0.572046652521,85,0,0,0,0,0,1,0,1,1,4,256
10,cn3344,element_count_pre_collective_wait,synchronization,0.000948553000399,1,8393473865,196389608,2.3397893549,21654019012,37872013037,0.571768366019,3,0,0,0,0,0,0,0,0,0,0,0
10,cn3344,element_count_allgather,communication,0.000156723000146,1,8392625924,196383010,2.33994713667,21652401388,37870297359,0.571751554595,0,0,0,0,0,0,0,0,1,1,4,256
10,cn3344,vertex_exchange_prepare,compute,0.000113521999992,1,8392484002,196381103,2.33996398388,21652137214,37870090735,0.571747698349,20,0,0,0,0,0,0,0,0,0,0,0
10,cn3344,vertex_exchange,communication,0.0144887169999,1,8404710192,196520438,2.33821789819,21676373852,37890915363,0.572073111571,79,0,0,0,0,0,5,0,4,3,148412,79750
10,cn3344,vertex_exchange_unpack,compute,0.00214226900016,1,8392935144,196389633,2.33993983786,21653208825,37873019883,0.571731773487,810,0,0,0,0,0,0,0,0,0,0,0
10,cn3344,partition_result_io,io,0,0,0,0,0,0,0,0,0,0,0,0,0,0,0,0,0,0,0,0
10,cn3344,volume_exchange_pack,compute,0.258874166,2,16917643930,394912212,2.33432157358,43675759946,76295827915,0.572452795121,2723,0,0,0,0,0,0,0,0,0,0,0
10,cn3344,volume_size_exchange,communication,0.0452201759999,1,8447083193,196381750,2.32484687925,21756312597,37969279800,0.572997768501,2,0,0,0,0,0,0,0,5,5,20,20
10,cn3344,volume_payload_prepare,compute,0.000280582999949,1,8392484518,196381048,2.33996318467,21652220237,37870197447,0.571748279562,68,0,0,0,0,0,0,0,0,0,0,0
10,cn3344,volume_payload_exchange,communication,0.0157754950001,1,8407715155,196520608,2.33738422838,21682319836,37900009899,0.572092722239,345,0,0,0,0,0,2,1,5,5,2428320,2435280
10,cn3344,volume_exchange_unpack,compute,0.192126897,1,8513852166,198972727,2.33704700435,21988598215,38247267102,0.574906388902,6620,0,0,0,0,0,0,0,0,0,0,0
10,cn3344,final_mesh_save,io,0,0,0,0,0,0,0,0,0,0,0,0,0,0,0,0,0,0,0,0
10,cn3344,testout_io,io,0,0,0,0,0,0,0,0,0,0,0,0,0,0,0,0,0,0,0,0
10,cn3344,final_count_exchange,communication,0,0,0,0,0,0,0,0,0,0,0,0,0,0,0,0,0,0,0,0
10,cn3344,quality_surface_compute,postprocess,0,0,0,0,0,0,0,0,0,0,0,0,0,0,0,0,0,0,0,0
10,cn3344,quality_reduce_pre_collective_wait,synchronization,0,0,0,0,0,0,0,0,0,0,0,0,0,0,0,0,0,0,0,0
10,cn3344,quality_reduce,communication,0,0,0,0,0,0,0,0,0,0,0,0,0,0,0,0,0,0,0,0
10,cn3344,quality_summary_io,io,0,0,0,0,0,0,0,0,0,0,0,0,0,0,0,0,0,0,0,0
10,cn3344,quality_volume_compute,postprocess,0,0,0,0,0,0,0,0,0,0,0,0,0,0,0,0,0,0,0,0
10,cn3344,quality_rank_io,io,0,0,0,0,0,0,0,0,0,0,0,0,0,0,0,0,0,0,0,0
11,cn3344,geometry_load,io,2.030639436,1,1404180793,25060375,1.78469717895,3317498722,3834047057,0.865273345027,5774,0,1035186,0,757760,0,399,12,0,0,0,0
11,cn3344,coarse_local_size,setup,0.587403681,1,266978799,6494893,2.43273736504,632725992,919542979,0.688087459151,8126,0,0,0,0,0,237,87,0,0,0,0
11,cn3344,coarse_edge_mesh,setup,0.0142212739997,1,6316159,196401,3.1095005683,12800077,28051868,0.45630034335,489,0,0,0,0,0,0,0,0,0,0,0
11,cn3344,coarse_surface_mesh,setup,8.946649892,1,5675329931,172783816,3.04447174174,15312774362,19448663893,0.787343256393,14176,0,0,0,0,0,11,18,0,0,0,0
11,cn3344,coarse_volume_mesh,setup,15.09477985,1,5291633568,128051033,2.41987717695,13381282747,22771491430,0.587633128385,20632,0,0,0,0,0,89370,2732185,0,0,0,0
11,cn3344,coarse_mesh_save,io,0,0,0,0,0,0,0,0,0,0,0,0,0,0,0,0,0,0,0,0
11,cn3344,submesh_initialization,setup,0.000251602999924,1,2992347905,64328544,2.14976821019,8189547004,13606082593,0.60190337285,1,0,0,0,0,0,0,0,0,0,0,0
11,cn3344,metis_partition,compute,0.183263596,1,3104964586,70352300,2.2658003997,8450840425,14006295582,0.60336013727,201,0,0,0,0,0,0,0,0,0,0,0
11,cn3344,face_map_setup,compute,0.00803310999981,1,2995380521,64394175,2.14978279215,8197442513,13622829345,0.601743023083,217,0,0,0,0,0,0,0,0,0,0,0
11,cn3344,face_local_extract,compute,0.173485323,1,3053600052,66567203,2.17995814339,8352745592,13983624218,0.597323373525,699,0,0,0,0,0,0,0,0,0,0,0
11,cn3344,face_pre_collective_wait,synchronization,0.013843228,1,3008995975,64324295,2.13773283628,8222388190,13636205549,0.602982124349,0,0,0,0,0,0,0,0,0,0,0,0
11,cn3344,face_collective_setup,compute,0.000112840999918,1,2992268093,64325057,2.14970901673,8189400980,13605933296,0.601899245119,16,0,0,0,0,0,0,0,0,0,0,0
11,cn3344,face_allgatherv,communication,0.0826200049996,1,3134806354,64796522,2.06700238174,8466661256,13771928879,0.614776719397,1327,0,0,0,0,0,4,0,1,1,75808,4859624
11,cn3344,face_global_merge,compute,0.0884376640001,1,3010407235,65185376,2.16533415287,8233812389,13796031269,0.59682471201,241,0,0,0,0,0,0,1,0,0,0,0
11,cn3344,part_face_create,compute,0.0213382110001,1,2996732197,64503808,2.152471551,8199708417,13652178922,0.60061536432,3,0,0,0,0,0,0,0,0,0,0,0
11,cn3344,surface_refine,compute,0.0141281330002,1,2996246301,64492899,2.15245652463,8197569519,13636435114,0.601151947006,47,0,0,0,0,0,0,0,0,0,0,0
11,cn3344,refined_surface_save,io,0,0,0,0,0,0,0,0,0,0,0,0,0,0,0,0,0,0,0,0
11,cn3344,local_volume_mesh,compute,11.794071015,1,6982757708,145100830,2.07798746667,18568004000,29963443261,0.619688593139,6752,0,0,0,0,0,72439,2490438,0,0,0,0
11,cn3344,volume_refine,compute,1.05433736,1,7297417682,156581478,2.14571078186,19176239322,32101054751,0.597371004496,7446,0,0,0,0,0,0,2,0,0,0,0
11,cn3344,refined_volume_save,io,0,0,0,0,0,0,0,0,0,0,0,0,0,0,0,0,0,0,0,0
11,cn3344,adjacency_build,compute,0.00421777700012,1,6983491303,145132185,2.07821816772,18569596868,29972593771,0.619552548901,8,0,0,0,0,0,0,0,0,0,0,0
11,cn3344,vertex_numbering_local,compute,0.0103512209998,1,6985588398,145177080,2.07823696056,18574773016,29984368225,0.619481887249,284,0,0,0,0,0,0,0,0,0,0,0
11,cn3344,vertex_count_pre_collective_wait,synchronization,5.148531363,1,13170632722,145105939,1.10173855777,30776244456,41282663860,0.745500449302,30,0,0,0,0,0,0,4,0,0,0,0
11,cn3344,vertex_count_allgather,communication,0.0125600309998,1,6997625273,145102877,2.07360170542,18597332613,29990510072,0.620107246204,60,0,0,0,0,0,0,0,1,1,4,256
11,cn3344,element_count_pre_collective_wait,synchronization,0.000644508999812,1,6983443607,145101095,2.07778716584,18569357383,29964799009,0.619705721284,0,0,0,0,0,0,0,0,0,0,0,0
11,cn3344,element_count_allgather,communication,0.00019598300014,1,6982957152,145100564,2.07792430687,18568394328,29963809431,0.619694046939,0,0,0,0,0,0,0,0,1,1,4,256
11,cn3344,vertex_exchange_prepare,compute,0.000102502000118,1,6982753740,145100358,2.07798188799,18567999594,29963414870,0.619689033261,20,0,0,0,0,0,0,0,0,0,0,0
11,cn3344,vertex_exchange,communication,0.00547845500023,1,6984484111,145104287,2.07752333163,18571360736,29965747862,0.619752953323,11,0,0,0,0,0,2,0,0,1,0,75702
11,cn3344,vertex_exchange_unpack,compute,0.00118737599996,1,6983168108,145107863,2.07796605718,18568985765,29965993604,0.619668615377,0,0,0,0,0,0,0,0,0,0,0,0
11,cn3344,partition_result_io,io,0,0,0,0,0,0,0,0,0,0,0,0,0,0,0,0,0,0,0,0
11,cn3344,volume_exchange_pack,compute,0.249772562,2,14120099851,292216417,2.06950673213,37577778505,60470098340,0.621427441605,420,0,0,0,0,0,0,0,0,0,0,0
11,cn3344,volume_size_exchange,communication,0.018449572,1,7004523201,145100875,2.07153107836,18610951118,30003833253,0.620285780189,3,0,0,0,0,0,0,0,1,1,4,4
11,cn3344,volume_payload_prepare,compute,6.52210001135e-05,1,6982753746,145100339,2.0779816141,18568045523,29963521164,0.619688367778,0,0,0,0,0,0,0,0,0,0,0,0
11,cn3344,volume_payload_exchange,communication,0.0473012840002,1,7038307209,145110563,2.06172533666,18677568280,30066361806,0.621211452204,11,0,0,0,0,0,0,0,1,1,813360,816240
11,cn3344,volume_exchange_unpack,compute,0.204157341,1,7123734316,147936315,2.07666805692,18965959348,30353155831,0.624843079039,9510,0,0,0,0,0,0,1,0,0,0,0
11,cn3344,final_mesh_save,io,0,0,0,0,0,0,0,0,0,0,0,0,0,0,0,0,0,0,0,0
11,cn3344,testout_io,io,0,0,0,0,0,0,0,0,0,0,0,0,0,0,0,0,0,0,0,0
11,cn3344,final_count_exchange,communication,0,0,0,0,0,0,0,0,0,0,0,0,0,0,0,0,0,0,0,0
11,cn3344,quality_surface_compute,postprocess,0,0,0,0,0,0,0,0,0,0,0,0,0,0,0,0,0,0,0,0
11,cn3344,quality_reduce_pre_collective_wait,synchronization,0,0,0,0,0,0,0,0,0,0,0,0,0,0,0,0,0,0,0,0
11,cn3344,quality_reduce,communication,0,0,0,0,0,0,0,0,0,0,0,0,0,0,0,0,0,0,0,0
11,cn3344,quality_summary_io,io,0,0,0,0,0,0,0,0,0,0,0,0,0,0,0,0,0,0,0,0
11,cn3344,quality_volume_compute,postprocess,0,0,0,0,0,0,0,0,0,0,0,0,0,0,0,0,0,0,0,0
11,cn3344,quality_rank_io,io,0,0,0,0,0,0,0,0,0,0,0,0,0,0,0,0,0,0,0,0
12,cn3344,geometry_load,io,2.025799411,1,1405506418,22663165,1.61245546159,3318010051,3809553827,0.870970775497,5774,0,1035186,0,1437696,0,362,3,0,0,0,0
12,cn3344,coarse_local_size,setup,0.643780568,1,267875079,6256252,2.33551102378,633010849,909949385,0.695655010526,8292,0,0,0,0,0,171,60,0,0,0,0
12,cn3344,coarse_edge_mesh,setup,0.0132796009998,1,6281459,158471,2.52283744907,12810602,25954294,0.493583142735,507,0,0,0,0,0,0,0,0,0,0,0
12,cn3344,coarse_surface_mesh,setup,8.654790557,1,5675920932,163392239,2.87869124601,15313941442,18844397379,0.812652224107,14814,0,0,0,0,0,0,8,0,0,0,0
12,cn3344,coarse_volume_mesh,setup,15.08594259,1,5335486653,126538036,2.37163063521,13468244343,22566140055,0.596834208694,33185,0,0,0,0,0,80815,2809919,0,0,0,0
12,cn3344,coarse_mesh_save,io,0,0,0,0,0,0,0,0,0,0,0,0,0,0,0,0,0,0,0,0
12,cn3344,submesh_initialization,setup,0.000180583000201,1,4263249218,103334375,2.42384082459,10721459520,17742952739,0.604265799369,42,0,0,0,0,0,0,0,0,0,0,0
12,cn3344,metis_partition,compute,0.184340691,1,4376936728,109415136,2.49981077634,10982784618,18140499108,0.605429021143,1598,0,0,0,0,0,0,0,0,0,0,0
12,cn3344,face_map_setup,compute,0.00801094899998,1,4266285777,103398801,2.42362575797,10729350508,17758939639,0.604166167919,593,0,0,0,0,0,0,0,0,0,0,0
12,cn3344,face_local_extract,compute,0.170609063,1,4324379700,105459312,2.43871536073,10884657865,18113913446,0.600900401641,814,0,0,0,0,0,0,0,0,0,0,0
12,cn3344,face_pre_collective_wait,synchronization,0.0157140739998,1,4280723848,103330047,2.41384519696,10755936047,17777196772,0.605041176342,0,0,0,0,0,0,0,0,0,0,0,0
12,cn3344,face_collective_setup,compute,0.000113561000035,1,4263169240,103330800,2.42380243858,10721313716,17742803975,0.604262648176,16,0,0,0,0,0,0,0,0,0,0,0
12,cn3344,face_allgatherv,communication,0.0823939819998,1,4404918523,103784130,2.35609647393,10997743763,17908869796,0.614094797063,855,0,0,0,0,0,6,0,1,1,75808,4859624
12,cn3344,face_global_merge,compute,0.0839582230001,1,4281376879,104227250,2.4344329627,10765725809,17924675545,0.600609242938,657,0,0,0,0,0,0,0,0,0,0,0
12,cn3344,part_face_create,compute,0.0203103570002,1,4267722340,103511706,2.42545549484,10731867945,17786682292,0.603365358914,3,0,0,0,0,0,0,0,0,0,0,0
12,cn3344,surface_refine,compute,0.0215612339998,1,4269982702,103604279,2.4263395482,10735279960,17789374765,0.603465838559,53,0,0,0,0,0,0,0,0,0,0,0
12,cn3344,refined_surface_save,io,0,0,0,0,0,0,0,0,0,0,0,0,0,0,0,0,0,0,0,0
12,cn3344,local_volume_mesh,compute,15.693076798,1,9535168233,223891450,2.34805977754,24895502763,41538249150,0.599339242083,11775,0,0,0,0,0,75431,2905280,0,0,0,0
12,cn3344,volume_refine,compute,1.022490186,1,8973831560,223562795,2.49127469694,23135846967,40027747871,0.577995220754,8282,0,0,0,0,0,0,2,0,0,0,0
12,cn3344,refined_volume_save,io,0,0,0,0,0,0,0,0,0,0,0,0,0,0,0,0,0,0,0,0
12,cn3344,adjacency_build,compute,0.00396731399996,1,8619213131,209782242,2.43389087625,22445289605,37980756563,0.590964784174,7,0,0,0,0,0,0,0,0,0,0,0
12,cn3344,vertex_numbering_local,compute,0.0155801320002,1,8624840769,209896146,2.43362343285,22458589589,38006200734,0.590919090971,7,0,0,0,0,0,0,0,0,0,0,0
12,cn3344,vertex_count_pre_collective_wait,synchronization,1.274650141,1,10059512899,209749976,2.0850907803,25286740953,40772854059,0.620185697975,28,0,0,0,0,0,0,2,0,0,0,0
12,cn3344,vertex_count_allgather,communication,0.0124256290001,1,8631894029,209750779,2.42995081144,22470091792,37998868114,0.591335818861,23,0,0,0,0,0,0,0,1,1,4,256
12,cn3344,element_count_pre_collective_wait,synchronization,0.000795130999904,1,8619202688,209748984,2.43350796579,22445071122,37973836789,0.591066719086,0,0,0,0,0,0,0,0,0,0,0,0
12,cn3344,element_count_allgather,communication,4.97609999002e-05,1,8618395104,209748427,2.43372953397,22443479528,37972192444,0.591050399871,0,0,0,0,0,0,0,0,1,1,4,256
12,cn3344,vertex_exchange_prepare,compute,2.05399996958e-05,1,8618375658,209748259,2.43373307597,22443447730,37972135696,0.591050445771,0,0,0,0,0,0,0,0,0,0,0,0
12,cn3344,vertex_exchange,communication,0.00406963500018,1,8621455236,209760264,2.43300299379,22449599580,37975825515,0.591155011789,58,0,0,0,0,0,2,0,5,3,121748,72160
12,cn3344,vertex_exchange_unpack,compute,0.00113477499963,1,8618779843,209756346,2.43371277398,22444412738,37974582087,0.591037781182,0,0,0,0,0,0,0,0,0,0,0,0
12,cn3344,partition_result_io,io,0,0,0,0,0,0,0,0,0,0,0,0,0,0,0,0,0,0,0,0
12,cn3344,volume_exchange_pack,compute,0.316945397,2,17412755623,422159463,2.42442650744,45387765619,76634900197,0.592259734172,552,0,0,0,0,0,0,0,0,0,0,0
12,cn3344,volume_size_exchange,communication,0.00903366300008,1,8628283736,209748452,2.43094059511,22462992013,37991887024,0.591257601888,2,0,0,0,0,0,0,0,5,5,20,20
12,cn3344,volume_payload_prepare,compute,0.00033260400005,1,8618376244,209748377,2.43373427966,22443518361,37972354169,0.591048905241,68,0,0,0,0,0,0,0,0,0,0,0
12,cn3344,volume_payload_exchange,communication,0.0141574929999,1,8630455284,209763930,2.43050827676,22467360535,37997495452,0.591285300985,288,0,0,0,0,0,6,0,5,5,2008200,2008680
12,cn3344,volume_exchange_unpack,compute,0.230387598,1,8769817046,212983453,2.42859630803,22871780740,38418974834,0.595325118352,9672,0,0,0,0,0,0,0,0,0,0,0
12,cn3344,final_mesh_save,io,0,0,0,0,0,0,0,0,0,0,0,0,0,0,0,0,0,0,0,0
12,cn3344,testout_io,io,0,0,0,0,0,0,0,0,0,0,0,0,0,0,0,0,0,0,0,0
12,cn3344,final_count_exchange,communication,0,0,0,0,0,0,0,0,0,0,0,0,0,0,0,0,0,0,0,0
12,cn3344,quality_surface_compute,postprocess,0,0,0,0,0,0,0,0,0,0,0,0,0,0,0,0,0,0,0,0
12,cn3344,quality_reduce_pre_collective_wait,synchronization,0,0,0,0,0,0,0,0,0,0,0,0,0,0,0,0,0,0,0,0
12,cn3344,quality_reduce,communication,0,0,0,0,0,0,0,0,0,0,0,0,0,0,0,0,0,0,0,0
12,cn3344,quality_summary_io,io,0,0,0,0,0,0,0,0,0,0,0,0,0,0,0,0,0,0,0,0
12,cn3344,quality_volume_compute,postprocess,0,0,0,0,0,0,0,0,0,0,0,0,0,0,0,0,0,0,0,0
12,cn3344,quality_rank_io,io,0,0,0,0,0,0,0,0,0,0,0,0,0,0,0,0,0,0,0,0
13,cn3344,geometry_load,io,2.028784911,1,1401010723,25294128,1.80542001462,3316447529,3789436830,0.875182164997,5772,0,1035186,0,8192,0,411,10,0,0,0,0
13,cn3344,coarse_local_size,setup,0.595744894,1,267722065,6168462,2.30405439313,632593222,908541319,0.696273475703,8467,0,0,0,0,0,244,84,0,0,0,0
13,cn3344,coarse_edge_mesh,setup,0.0134210430001,1,6316402,168484,2.66740463954,12802838,26274387,0.48727447,490,0,0,0,0,0,0,0,0,0,0,0
13,cn3344,coarse_surface_mesh,setup,8.711777854,1,5675810538,167484287,2.95084351175,15314412440,18951450163,0.808086574288,15500,0,0,0,0,0,3,18,0,0,0,0
13,cn3344,coarse_volume_mesh,setup,15.009895753,1,5317125188,125103270,2.35283664719,13426309675,22372780451,0.600118063305,32109,0,0,0,0,0,88540,2714552,0,0,0,0
13,cn3344,coarse_mesh_save,io,0,0,0,0,0,0,0,0,0,0,0,0,0,0,0,0,0,0,0,0
13,cn3344,submesh_initialization,setup,0.000264644000254,1,4402236978,110349856,2.50667686795,10821708018,18682332960,0.57924821494,62,0,0,0,0,0,0,0,0,0,0,0
13,cn3344,metis_partition,compute,0.183374057,1,4515464354,116414148,2.57812129326,11082986169,19078067022,0.580928149388,1877,0,0,0,0,0,0,1,0,0,0,0
13,cn3344,face_map_setup,compute,0.00830213300014,1,4405330908,110414869,2.50639217135,10829600801,18698739246,0.579162084594,693,0,0,0,0,0,0,0,0,0,0,0
13,cn3344,face_local_extract,compute,0.171668858,1,4463370821,112552201,2.5216860869,10984907867,19055196340,0.57647833541,915,0,0,0,0,0,0,0,0,0,0,0
13,cn3344,face_pre_collective_wait,synchronization,0.0151738260001,1,4418435237,110480973,2.50045473282,10853774524,18715352057,0.579939639444,7,0,0,0,0,0,0,0,0,0,0,0
13,cn3344,face_collective_setup,compute,0.000110500999654,1,4402156204,110346114,2.50663785851,10821562136,18682184546,0.579245007957,16,0,0,0,0,0,0,0,0,0,0,0
13,cn3344,face_allgatherv,communication,0.0822442999997,1,4542351290,111054639,2.44487121118,11094974913,18848031530,0.588654305641,835,0,0,0,0,0,6,0,1,1,75808,4859624
13,cn3344,face_global_merge,compute,0.0834981180001,1,4420390643,111193159,2.51546001203,10865973141,18862963374,0.576048043224,661,0,0,0,0,0,0,0,0,0,0,0
13,cn3344,part_face_create,compute,0.0199595710001,1,4406614036,110520875,2.5080679655,10831895896,18725405891,0.578459872061,21,0,0,0,0,0,0,0,0,0,0,0
13,cn3344,surface_refine,compute,0.0122301259998,1,4406257333,110520603,2.50826482993,10830025419,18708478038,0.578883295424,54,0,0,0,0,0,0,0,0,0,0,0
13,cn3344,refined_surface_save,io,0,0,0,0,0,0,0,0,0,0,0,0,0,0,0,0,0,0,0,0
13,cn3344,local_volume_mesh,compute,11.353145309,1,7835411621,184537904,2.35517816965,19983620673,34198319159,0.584345112989,6921,0,0,0,0,0,67540,2454449,0,0,0,0
13,cn3344,volume_refine,compute,0.706222099,1,6522567341,150213658,2.30298362818,16112231678,27713424289,0.581387255143,6363,0,0,0,0,0,0,1,0,0,0,0
13,cn3344,refined_volume_save,io,0,0,0,0,0,0,0,0,0,0,0,0,0,0,0,0,0,0,0,0
13,cn3344,adjacency_build,compute,0.00408763600035,1,6293542735,141172090,2.24312594582,15676030490,26327783217,0.595417789671,12,0,0,0,0,0,0,0,0,0,0,0
13,cn3344,vertex_numbering_local,compute,0.0120119839999,1,6298233383,141254022,2.24275623671,15687397573,26345149793,0.595456761349,5,0,0,0,0,0,0,0,0,0,0,0
13,cn3344,vertex_count_pre_collective_wait,synchronization,5.94423572,1,12727369384,194727774,1.52999231911,28409034936,39381576957,0.721378805298,66,0,0,0,0,0,0,9,0,0,0,0
13,cn3344,vertex_count_allgather,communication,0.012496671,1,6305790271,141248600,2.23998252288,15700132342,26345905625,0.595923046468,81,0,0,0,0,0,0,0,1,1,4,256
13,cn3344,element_count_pre_collective_wait,synchronization,0.000834151000163,1,6293509337,141144386,2.24269764995,15675781311,26320739245,0.595567668715,2,0,0,0,0,0,0,0,0,0,0,0
13,cn3344,element_count_allgather,communication,0.000204082999971,1,6292869287,141138524,2.24283260248,15674516379,26319365531,0.595550692912,0,0,0,0,0,0,0,0,1,1,4,256
13,cn3344,vertex_exchange_prepare,compute,0.000117140999919,1,6292686420,141137156,2.24287604021,15674162930,26319075154,0.595543834207,33,0,0,0,0,0,0,0,0,0,0,0
13,cn3344,vertex_exchange,communication,0.00688127400008,1,6295742812,141149377,2.24198130729,15680241047,26322771771,0.595691106674,95,0,0,0,0,0,3,0,3,4,101200,98406
13,cn3344,vertex_exchange_unpack,compute,0.00249435399974,1,6293234959,141147991,2.24285271279,15675462629,26322475954,0.595516267406,1018,0,0,0,0,0,0,0,0,0,0,0
13,cn3344,partition_result_io,io,0,0,0,0,0,0,0,0,0,0,0,0,0,0,0,0,0,0,0,0
13,cn3344,volume_exchange_pack,compute,0.214113096,2,12707433102,284068546,2.23545183138,31690592946,53098356387,0.596828133719,2091,0,0,0,0,0,0,1,0,0,0,0
13,cn3344,volume_size_exchange,communication,0.110516745,1,6412316728,142249175,2.21837412333,15910879270,26561709724,0.599015629465,1,0,0,0,0,0,0,1,5,5,20,20
13,cn3344,volume_payload_prepare,compute,0.000329084999976,1,6292687024,141136964,2.24287277377,15674208846,26319109481,0.59554480205,68,0,0,0,0,0,0,0,0,0,0,0
13,cn3344,volume_payload_exchange,communication,0.0142448340002,1,6304034899,141246522,2.24057328779,15696717012,26343845273,0.595840009282,403,0,0,0,0,0,6,0,5,5,2118360,2104560
13,cn3344,volume_exchange_unpack,compute,0.163337325,1,6396005039,143471120,2.24313644416,15964990811,26637960952,0.599332315254,6360,0,0,0,0,0,0,0,0,0,0,0
13,cn3344,final_mesh_save,io,0,0,0,0,0,0,0,0,0,0,0,0,0,0,0,0,0,0,0,0
13,cn3344,testout_io,io,0,0,0,0,0,0,0,0,0,0,0,0,0,0,0,0,0,0,0,0
13,cn3344,final_count_exchange,communication,0,0,0,0,0,0,0,0,0,0,0,0,0,0,0,0,0,0,0,0
13,cn3344,quality_surface_compute,postprocess,0,0,0,0,0,0,0,0,0,0,0,0,0,0,0,0,0,0,0,0
13,cn3344,quality_reduce_pre_collective_wait,synchronization,0,0,0,0,0,0,0,0,0,0,0,0,0,0,0,0,0,0,0,0
13,cn3344,quality_reduce,communication,0,0,0,0,0,0,0,0,0,0,0,0,0,0,0,0,0,0,0,0
13,cn3344,quality_summary_io,io,0,0,0,0,0,0,0,0,0,0,0,0,0,0,0,0,0,0,0,0
13,cn3344,quality_volume_compute,postprocess,0,0,0,0,0,0,0,0,0,0,0,0,0,0,0,0,0,0,0,0
13,cn3344,quality_rank_io,io,0,0,0,0,0,0,0,0,0,0,0,0,0,0,0,0,0,0,0,0
14,cn3344,geometry_load,io,2.025638629,1,1412405703,25170063,1.78207033195,3315395647,3844638730,0.862342571001,5774,0,1035186,0,20480,0,406,13,0,0,0,0
14,cn3344,coarse_local_size,setup,0.588964781,1,269168734,6444806,2.39433678059,632765933,915232773,0.691371585095,8370,0,0,0,0,0,195,72,0,0,0,0
14,cn3344,coarse_edge_mesh,setup,0.013647065,1,6312687,171008,2.70895737425,12804458,26670810,0.480092580615,524,0,0,0,0,0,0,0,0,0,0,0
14,cn3344,coarse_surface_mesh,setup,8.790702669,1,5678839380,165423073,2.91297326673,15314298839,19103579893,0.801645499156,17507,0,0,0,0,0,10,8,0,0,0,0
14,cn3344,coarse_volume_mesh,setup,15.03461317,1,5335141952,125797022,2.35789456273,13484831094,22667441771,0.594898675829,26732,0,0,0,0,0,88688,2707906,0,0,0,0
14,cn3344,coarse_mesh_save,io,0,0,0,0,0,0,0,0,0,0,0,0,0,0,0,0,0,0,0,0
14,cn3344,submesh_initialization,setup,0.000236443999711,1,4233262599,95901355,2.26542419132,10567811346,17200405489,0.614393152113,1,0,0,0,0,0,0,0,0,0,0,0
14,cn3344,metis_partition,compute,0.179718407,1,4345926914,101968643,2.34630367739,10828949166,17591653254,0.615573136285,403,0,0,0,0,0,1,0,0,0,0,0
14,cn3344,face_map_setup,compute,0.00814465100029,1,4236326080,95963071,2.26524278792,10575702953,17217377331,0.614245872045,219,0,0,0,0,0,0,0,0,0,0,0
14,cn3344,face_local_extract,compute,0.16959025,1,4294450788,98163908,2.28583147988,10731007560,17569294207,0.610781937713,590,0,0,0,0,0,0,0,0,0,0,0
14,cn3344,face_pre_collective_wait,synchronization,0.0205960399999,1,4256967095,95897000,2.25270710015,10614550070,17245347353,0.615502248388,2,0,0,0,0,0,0,0,0,0,0,0
14,cn3344,face_collective_setup,compute,0.000293244000204,1,4233178825,95897765,2.2653842175,10567665370,17200368067,0.614386002023,16,0,0,0,0,0,0,0,0,0,0,0
14,cn3344,face_allgatherv,communication,0.0820191570001,1,4373119709,96600335,2.20895702446,10840499384,17364281857,0.62429874574,1345,0,0,0,0,0,7,0,1,1,75808,4859624
14,cn3344,face_global_merge,compute,0.085362243,1,4251382903,96769193,2.27618154393,10612076465,17385399763,0.610401636411,391,0,0,0,0,0,0,3,0,0,0,0
14,cn3344,part_face_create,compute,0.0206475609998,1,4237692978,96081248,2.26730082851,10578122699,17245143354,0.613397203019,3,0,0,0,0,0,0,0,0,0,0,0
14,cn3344,surface_refine,compute,0.0197309290002,1,4238950353,96145679,2.26814826769,10579381852,17242892607,0.613550295367,53,0,0,0,0,0,0,0,0,0,0,0
14,cn3344,refined_surface_save,io,0,0,0,0,0,0,0,0,0,0,0,0,0,0,0,0,0,0,0,0
14,cn3344,local_volume_mesh,compute,13.053302545,1,8478287363,195423726,2.30499059106,22015748423,36805711564,0.5981611953,7231,0,0,0,0,0,62846,2469826,0,0,0,0
14,cn3344,volume_refine,compute,1.036242893,1,8465571905,204004736,2.40981635133,21710842318,37652623912,0.576609013192,8759,0,0,0,0,0,0,1,0,0,0,0
14,cn3344,refined_volume_save,io,0,0,0,0,0,0,0,0,0,0,0,0,0,0,0,0,0,0,0,0
14,cn3344,adjacency_build,compute,0.00449280199973,1,8156190898,191233434,2.34464146795,21115795922,35601753382,0.593111122799,7,0,0,0,0,0,0,0,0,0,0,0
14,cn3344,vertex_numbering_local,compute,0.0188095569997,1,8163172251,191354506,2.34411941971,21132741843,35631256955,0.593095603382,291,0,0,0,0,0,0,0,0,0,0,0
14,cn3344,vertex_count_pre_collective_wait,synchronization,3.896917696,1,12674477850,191202462,1.50856283204,30029509231,44157789640,0.680050099333,26,0,0,0,0,0,0,3,0,0,0,0
14,cn3344,vertex_count_allgather,communication,0.0124227689998,1,8169314272,191201103,2.34047922058,21141445610,35618515362,0.593552128581,60,0,0,0,0,0,1,0,1,1,4,256
14,cn3344,element_count_pre_collective_wait,synchronization,0.000842532000206,1,8156140337,191199299,2.34423748366,21115477914,35593845839,0.593233954249,1,0,0,0,0,0,0,0,0,0,0,0
14,cn3344,element_count_allgather,communication,4.5260999741e-05,1,8155300089,191198760,2.34447240339,21113822653,35592120344,0.593216207659,0,0,0,0,0,0,0,0,1,1,4,256
14,cn3344,vertex_exchange_prepare,compute,0.000358844999937,1,8155283214,191198707,2.34447660471,21113805056,35592170237,0.593214881683,59,0,0,0,0,0,0,0,0,0,0,0
14,cn3344,vertex_exchange,communication,0.0150078849997,1,8168314186,191215033,2.34093631373,21139427717,35613725582,0.593575296365,34,0,0,0,0,0,5,0,3,4,70114,217712
14,cn3344,vertex_exchange_unpack,compute,0.00327808500015,1,8156496372,191222805,2.34442334403,21116714266,35599234198,0.593178891112,0,0,0,0,0,0,0,0,0,0,0,0
14,cn3344,partition_result_io,io,0,0,0,0,0,0,0,0,0,0,0,0,0,0,0,0,0,0,0,0
14,cn3344,volume_exchange_pack,compute,0.315462956,2,16483487809,384895603,2.33503738687,42714445421,71866702271,0.594356552774,1066,0,0,0,0,0,0,1,0,0,0,0
14,cn3344,volume_size_exchange,communication,5.99810000494e-05,1,8155286135,191198780,2.34447666011,21113796045,35592083156,0.593216079892,2,0,0,0,0,0,0,0,5,5,20,20
14,cn3344,volume_payload_prepare,compute,0.000452566000149,1,8155283729,191198730,2.34447673868,21113876459,35592380163,0.593213388998,102,0,0,0,0,0,0,0,0,0,0,0
14,cn3344,volume_payload_exchange,communication,0.00417173699998,1,8155395057,191214280,2.34463540593,21114118960,35594077947,0.593191906571,512,0,0,0,0,0,5,0,5,5,3074280,3087120
14,cn3344,volume_exchange_unpack,compute,0.228174308,1,8297543623,195716027,2.35872248333,21508130307,36037758958,0.596822081308,8767,0,0,0,0,0,0,0,0,0,0,0
14,cn3344,final_mesh_save,io,0,0,0,0,0,0,0,0,0,0,0,0,0,0,0,0,0,0,0,0
14,cn3344,testout_io,io,0,0,0,0,0,0,0,0,0,0,0,0,0,0,0,0,0,0,0,0
14,cn3344,final_count_exchange,communication,0,0,0,0,0,0,0,0,0,0,0,0,0,0,0,0,0,0,0,0
14,cn3344,quality_surface_compute,postprocess,0,0,0,0,0,0,0,0,0,0,0,0,0,0,0,0,0,0,0,0
14,cn3344,quality_reduce_pre_collective_wait,synchronization,0,0,0,0,0,0,0,0,0,0,0,0,0,0,0,0,0,0,0,0
14,cn3344,quality_reduce,communication,0,0,0,0,0,0,0,0,0,0,0,0,0,0,0,0,0,0,0,0
14,cn3344,quality_summary_io,io,0,0,0,0,0,0,0,0,0,0,0,0,0,0,0,0,0,0,0,0
14,cn3344,quality_volume_compute,postprocess,0,0,0,0,0,0,0,0,0,0,0,0,0,0,0,0,0,0,0,0
14,cn3344,quality_rank_io,io,0,0,0,0,0,0,0,0,0,0,0,0,0,0,0,0,0,0,0,0
15,cn3344,geometry_load,io,2.024190929,1,1403486840,22993136,1.63828654068,3315481950,3803396195,0.871716166293,5774,0,1035186,0,1232896,0,405,6,0,0,0,0
15,cn3344,coarse_local_size,setup,0.622507619,1,267699847,5929249,2.21488695883,632482073,914264387,0.691793404614,8499,0,0,0,0,0,248,115,0,0,0,0
15,cn3344,coarse_edge_mesh,setup,0.0138975499999,1,6300784,169080,2.68347558018,12803528,26982958,0.474504240788,527,0,0,0,0,0,0,0,0,0,0,0
15,cn3344,coarse_surface_mesh,setup,8.713533978,1,5673592610,173383162,3.05596777771,15312211787,18973073415,0.807049625123,16980,0,0,0,0,0,0,8,0,0,0,0
15,cn3344,coarse_volume_mesh,setup,15.037015464,1,5310621746,125388690,2.36109246708,13423786859,22519271748,0.596102174583,31982,0,0,0,0,0,84692,2771078,0,0,0,0
15,cn3344,coarse_mesh_save,io,0,0,0,0,0,0,0,0,0,0,0,0,0,0,0,0,0,0,0,0
15,cn3344,submesh_initialization,setup,0.00028622400032,1,3861972507,102023222,2.64173869221,9448863718,16630917617,0.56815047345,3,0,0,0,0,0,0,0,0,0,0,0
15,cn3344,metis_partition,compute,0.18135125,1,3973816353,108071234,2.71958300032,9710131930,17025959466,0.570313347062,331,0,0,0,0,0,0,0,0,0,0,0
15,cn3344,face_map_setup,compute,0.00788800700002,1,3865021179,102086847,2.64130110217,9456756494,16647441985,0.568060636735,230,0,0,0,0,0,0,0,0,0,0,0
15,cn3344,face_local_extract,compute,0.173904868,1,3923062479,104179509,2.65556588909,9612060430,17009326873,0.565105280283,612,0,0,0,0,0,0,0,0,0,0,0
15,cn3344,face_pre_collective_wait,synchronization,0.01543993,1,3879854812,102019148,2.62945787777,9482948598,16664552746,0.569049091358,0,0,0,0,0,0,0,0,0,0,0,0
15,cn3344,face_collective_setup,compute,0.000105642000108,1,3861892595,102019866,2.64170645585,9448717994,16630755380,0.568147253574,16,0,0,0,0,0,0,0,0,0,0,0
15,cn3344,face_allgatherv,communication,0.0818678550004,1,4005267539,102462758,2.55820009531,9728283559,16797315549,0.579157040339,713,0,0,0,0,0,4,0,1,1,75808,4859624
15,cn3344,face_global_merge,compute,0.0846364530003,1,3880030071,102892783,2.65185529795,9493130568,16814509513,0.564579689979,362,0,0,0,0,0,0,1,0,0,0,0
15,cn3344,part_face_create,compute,0.0205068189998,1,3866418187,102199987,2.64327297403,9459205426,16675341778,0.567257064469,3,0,0,0,0,0,0,0,0,0,0,0
15,cn3344,surface_refine,compute,0.0203352369999,1,3867957953,102282143,2.64434474839,9460959117,16674678248,0.567384808048,51,0,0,0,0,0,0,0,0,0,0,0
15,cn3344,refined_surface_save,io,0,0,0,0,0,0,0,0,0,0,0,0,0,0,0,0,0,0,0,0
15,cn3344,local_volume_mesh,compute,13.513195228,1,8118691623,198090612,2.43993270343,20873476216,36203101546,0.576565966026,14863,0,0,0,0,0,66782,2793604,0,0,0,0
15,cn3344,volume_refine,compute,0.977500294,1,6603731249,156226765,2.36573475069,16380136903,28436495627,0.57602515858,8408,0,0,0,0,0,0,1,0,0,0,0
15,cn3344,refined_volume_save,io,0,0,0,0,0,0,0,0,0,0,0,0,0,0,0,0,0,0,0,0
15,cn3344,adjacency_build,compute,0.00398671399989,1,6299451495,143558171,2.27889953774,15795519491,26491826290,0.596241245058,8,0,0,0,0,0,0,0,0,0,0,0
15,cn3344,vertex_numbering_local,compute,0.0134682839998,1,6303553277,143636050,2.27865211394,15805324175,26512675823,0.596142172918,7,0,0,0,0,0,0,0,0,0,0,0
15,cn3344,vertex_count_pre_collective_wait,synchronization,3.501869475,1,10344091079,143531794,1.38757279788,23753193489,34176603623,0.695013283093,72,0,0,0,0,0,0,3,0,0,0,0
15,cn3344,vertex_count_allgather,communication,0.0124420290003,1,6312876888,143527135,2.27356144507,15820856182,26510210623,0.596783496253,46,0,0,0,0,0,0,0,1,1,4,256
15,cn3344,element_count_pre_collective_wait,synchronization,5.43410001228e-05,1,6298637737,143525396,2.27867361155,15793693677,26483233948,0.596365750044,8,0,0,0,0,0,0,0,0,0,0,0
15,cn3344,element_count_allgather,communication,0.000202202999844,1,6298834940,143525396,2.27860227117,15794070438,26483604588,0.59637163006,0,0,0,0,0,0,0,0,1,1,4,256
15,cn3344,vertex_exchange_prepare,compute,5.27199999851e-05,1,6298633240,143525231,2.27867261882,15793695707,26483246483,0.596365544426,6,0,0,0,0,0,0,0,0,0,0,0
15,cn3344,vertex_exchange,communication,0.00629240599983,1,6301216887,143537009,2.27792522578,15798843584,26486414293,0.596488577473,48,0,0,0,0,0,2,0,0,4,0,146102
15,cn3344,vertex_exchange_unpack,compute,0.00332614599984,1,6299468506,143541749,2.27863269518,15795683208,26488326616,0.59632620199,1140,0,0,0,0,0,0,0,0,0,0,0
15,cn3344,partition_result_io,io,0,0,0,0,0,0,0,0,0,0,0,0,0,0,0,0,0,0,0,0
15,cn3344,volume_exchange_pack,compute,0.226787469,2,12741889611,289159685,2.26936265992,31998302889,53455522775,0.598596762839,1524,0,0,0,0,0,0,0,0,0,0,0
15,cn3344,volume_size_exchange,communication,0.0971679240001,1,6410357660,143525950,2.23896945557,16013616959,26696567202,0.599838055501,4,0,0,0,0,0,0,1,4,4,16,16
15,cn3344,volume_payload_prepare,compute,0.000422204999722,1,6298634039,143525349,2.27867420319,15793723937,26483419218,0.596362720651,103,0,0,0,0,0,0,0,0,0,0,0
15,cn3344,volume_payload_exchange,communication,0.00418253699991,1,6300457041,143539440,2.278238532,15797348291,26488109929,0.596393941785,263,0,0,0,0,0,3,0,4,4,1551840,1555560
15,cn3344,volume_exchange_unpack,compute,0.183697522,1,6423003984,147239561,2.29237847846,16141169286,26837479687,0.601441322891,8005,0,0,0,0,0,0,0,0,0,0,0
15,cn3344,final_mesh_save,io,0,0,0,0,0,0,0,0,0,0,0,0,0,0,0,0,0,0,0,0
15,cn3344,testout_io,io,0,0,0,0,0,0,0,0,0,0,0,0,0,0,0,0,0,0,0,0
15,cn3344,final_count_exchange,communication,0,0,0,0,0,0,0,0,0,0,0,0,0,0,0,0,0,0,0,0
15,cn3344,quality_surface_compute,postprocess,0,0,0,0,0,0,0,0,0,0,0,0,0,0,0,0,0,0,0,0
15,cn3344,quality_reduce_pre_collective_wait,synchronization,0,0,0,0,0,0,0,0,0,0,0,0,0,0,0,0,0,0,0,0
15,cn3344,quality_reduce,communication,0,0,0,0,0,0,0,0,0,0,0,0,0,0,0,0,0,0,0,0
15,cn3344,quality_summary_io,io,0,0,0,0,0,0,0,0,0,0,0,0,0,0,0,0,0,0,0,0
15,cn3344,quality_volume_compute,postprocess,0,0,0,0,0,0,0,0,0,0,0,0,0,0,0,0,0,0,0,0
15,cn3344,quality_rank_io,io,0,0,0,0,0,0,0,0,0,0,0,0,0,0,0,0,0,0,0,0
16,cn3345,geometry_load,io,2.020693275,1,1401504215,26073008,1.86035887163,3315595210,3807629356,0.870776774734,6110,0,1035185,0,28672,0,384,16,0,0,0,0
16,cn3345,coarse_local_size,setup,0.575208382,1,266796199,6655608,2.49464123737,631390645,905022681,0.697651736531,8296,0,0,0,0,0,138,62,0,0,0,0
16,cn3345,coarse_edge_mesh,setup,0.0159165059999,1,6302680,183651,2.91385569313,12807857,29766329,0.43028003218,489,0,0,0,0,0,0,2,0,0,0,0
16,cn3345,coarse_surface_mesh,setup,8.801442498,1,5675779966,176520456,3.11006517267,15315454186,19117058940,0.801140710716,17495,0,0,0,0,0,4,22,0,0,0,0
16,cn3345,coarse_volume_mesh,setup,15.218946936,1,5335405749,123891906,2.32207093197,13460184418,22619527239,0.595069219431,31088,0,0,0,0,0,84199,2875960,0,0,0,0
16,cn3345,coarse_mesh_save,io,0,0,0,0,0,0,0,0,0,0,0,0,0,0,0,0,0,0,0,0
16,cn3345,submesh_initialization,setup,0.000140821000059,1,5009253201,116374623,2.32319306552,12567551003,21023265322,0.597792531774,8,0,0,0,0,0,0,0,0,0,0,0
16,cn3345,metis_partition,compute,0.187791614,1,5123169034,122397569,2.38909878217,12828844404,21431516743,0.598597129538,446,0,0,0,0,0,0,0,0,0,0,0
16,cn3345,face_map_setup,compute,0.00770504999991,1,5012324281,116440041,2.32307477474,12575451751,21039336703,0.597711416882,215,0,0,0,0,0,0,0,0,0,0,0
16,cn3345,face_local_extract,compute,0.178222183,1,5070308545,118530518,2.33773777174,12730751427,21399460699,0.594909918809,2239,0,0,0,0,0,0,1,0,0,0,0
16,cn3345,face_pre_collective_wait,synchronization,0.00491911699964,1,5015728434,116370374,2.32010914329,12580329174,21033753985,0.598101945234,36,0,0,0,0,0,0,0,0,0,0,0
16,cn3345,face_collective_setup,compute,0.000116601000173,1,5009173556,116371002,2.32315771652,12567405164,21023136434,0.597789259631,38,0,0,0,0,0,0,0,0,0,0,0
16,cn3345,face_allgatherv,communication,0.0817150749999,1,5150071978,116820766,2.26833268543,12842113169,21178713901,0.606368886658,856,0,0,0,0,0,9,1,1,1,75808,4859624
16,cn3345,face_global_merge,compute,0.085016173,1,5027365677,117262281,2.3324796431,12611816851,21207003449,0.59470056113,763,0,0,0,0,0,0,0,0,0,0,0
16,cn3345,part_face_create,compute,0.020345938,1,5013632250,116549798,2.32465789648,12577716054,21067256476,0.597026768451,27,0,0,0,0,0,0,0,0,0,0,0
16,cn3345,surface_refine,compute,0.0133536160001,1,5013103875,116547266,2.32485240494,12575429749,21051858014,0.597354862485,57,0,0,0,0,0,0,0,0,0,0,0
16,cn3345,refined_surface_save,io,0,0,0,0,0,0,0,0,0,0,0,0,0,0,0,0,0,0,0,0
16,cn3345,local_volume_mesh,compute,11.022486372,1,8211014533,183865984,2.23926024319,21007213792,35534090698,0.591184785634,7208,0,0,0,0,0,69557,2569805,0,0,0,0
16,cn3345,volume_refine,compute,0.68687607,1,7890476361,182377542,2.31136288427,20043365110,34806188200,0.57585636769,9204,0,0,0,0,0,0,1,0,0,0,0
16,cn3345,refined_volume_save,io,0,0,0,0,0,0,0,0,0,0,0,0,0,0,0,0,0,0,0,0
16,cn3345,adjacency_build,compute,0.00442865100013,1,7691189697,175561901,2.28263646999,19663666690,33434476447,0.588125455506,3,0,0,0,0,0,0,0,0,0,0,0
16,cn3345,vertex_numbering_local,compute,0.0171218799996,1,7698344312,175709087,2.28242697233,19680604196,33460774158,0.588169421995,235,0,0,0,0,0,0,0,0,0,0,0
16,cn3345,vertex_count_pre_collective_wait,synchronization,6.287872733,1,16170245487,175533650,1.08553484943,36389999729,47241099136,0.770303832776,75,0,0,0,0,0,0,9,0,0,0,0
16,cn3345,vertex_count_allgather,communication,0.0123263650003,1,7702769194,175529342,2.27878231295,19686319282,33445682593,0.588605696034,84,0,0,0,0,0,6,0,1,1,4,256
16,cn3345,element_count_pre_collective_wait,synchronization,0.000918970999919,1,7691437204,175527494,2.28211567415,19663987524,33426809704,0.588269945536,5,0,0,0,0,0,0,0,0,0,0,0
16,cn3345,element_count_allgather,communication,5.45809998584e-05,1,7690349668,175527069,2.28243287468,19661841183,33424940289,0.588238632979,0,0,0,0,0,0,0,0,1,1,4,256
16,cn3345,vertex_exchange_prepare,compute,3.1220999972e-05,1,7690316261,175526753,2.28243868058,19661777183,33424867190,0.588238004694,9,0,0,0,0,0,0,0,0,0,0,0
16,cn3345,vertex_exchange,communication,0.00348288100031,1,7695274738,175543727,2.28118856021,19671630189,33430758376,0.588429073841,272,0,0,0,0,0,0,0,5,4,298958,4114
16,cn3345,vertex_exchange_unpack,compute,0.00033802300004,1,7690341166,175527420,2.28243996217,19661832093,33425135366,0.588234927928,225,0,0,0,0,0,0,0,0,0,0,0
16,cn3345,partition_result_io,io,0,0,0,0,0,0,0,0,0,0,0,0,0,0,0,0,0,0,0,0
16,cn3345,volume_exchange_pack,compute,0.234568923,2,15495939381,353104300,2.27868921863,39642066159,67347452299,0.588620130469,3332,0,0,0,0,0,0,0,0,0,0,0
16,cn3345,volume_size_exchange,communication,0.080658803,1,7798441650,175677933,2.25273126202,19874908788,33602045429,0.591479135697,2,0,0,0,0,0,0,0,5,5,20,20
16,cn3345,volume_payload_prepare,compute,0.000441725000201,1,7690316779,175526833,2.28243956711,19661897458,33425308862,0.588233830215,68,0,0,0,0,0,0,0,0,0,0,0
16,cn3345,volume_payload_exchange,communication,0.00390744600008,1,7690418643,175541404,2.28259880442,19662054543,33426661317,0.58821472945,352,0,0,0,0,0,2,0,5,5,3270120,3261240
16,cn3345,volume_exchange_unpack,compute,0.314113933,1,7803723107,180095529,2.30781546873,19957715960,33999308813,0.587003579095,6810,0,0,0,0,0,0,0,0,0,0,0
16,cn3345,final_mesh_save,io,0,0,0,0,0,0,0,0,0,0,0,0,0,0,0,0,0,0,0,0
16,cn3345,testout_io,io,0,0,0,0,0,0,0,0,0,0,0,0,0,0,0,0,0,0,0,0
16,cn3345,final_count_exchange,communication,0,0,0,0,0,0,0,0,0,0,0,0,0,0,0,0,0,0,0,0
16,cn3345,quality_surface_compute,postprocess,0,0,0,0,0,0,0,0,0,0,0,0,0,0,0,0,0,0,0,0
16,cn3345,quality_reduce_pre_collective_wait,synchronization,0,0,0,0,0,0,0,0,0,0,0,0,0,0,0,0,0,0,0,0
16,cn3345,quality_reduce,communication,0,0,0,0,0,0,0,0,0,0,0,0,0,0,0,0,0,0,0,0
16,cn3345,quality_summary_io,io,0,0,0,0,0,0,0,0,0,0,0,0,0,0,0,0,0,0,0,0
16,cn3345,quality_volume_compute,postprocess,0,0,0,0,0,0,0,0,0,0,0,0,0,0,0,0,0,0,0,0
16,cn3345,quality_rank_io,io,0,0,0,0,0,0,0,0,0,0,0,0,0,0,0,0,0,0,0,0
17,cn3345,geometry_load,io,2.015778137,1,1400128062,23098315,1.64972873746,3316550987,3790221363,0.875028308208,6108,0,1035185,0,544768,0,387,26,0,0,0,0
17,cn3345,coarse_local_size,setup,0.577193525,1,266681592,6260554,2.34757635615,632684472,896458627,0.705759811936,7974,0,0,0,0,0,174,81,0,0,0,0
17,cn3345,coarse_edge_mesh,setup,0.014927574,1,6330177,176305,2.7851511893,12802904,28885316,0.443232263756,515,0,0,0,0,0,0,1,0,0,0,0
17,cn3345,coarse_surface_mesh,setup,8.744604573,1,5673413790,167532883,2.95294665965,15310158680,18998435751,0.80586417117,14933,0,0,0,0,0,10,80,0,0,0,0
17,cn3345,coarse_volume_mesh,setup,14.96764574,1,5304845073,131340771,2.47586440683,13409880811,22415609753,0.598238502488,30292,0,0,0,0,0,83540,2809405,0,0,0,0
17,cn3345,coarse_mesh_save,io,0,0,0,0,0,0,0,0,0,0,0,0,0,0,0,0,0,0,0,0
17,cn3345,submesh_initialization,setup,0.000290663000214,1,4296367797,115191976,2.68114792408,10675569076,18517844841,0.576501702421,1,0,0,0,0,0,1,0,0,0,0,0
17,cn3345,metis_partition,compute,0.184236973,1,4409074389,121237399,2.74972450686,10936943523,18909684316,0.578377900986,756,0,0,0,0,0,1,2,0,0,0,0
17,cn3345,face_map_setup,compute,0.00878962200022,1,4299444357,115256631,2.68073316991,10683449903,18534708027,0.576402384512,1019,0,0,0,0,0,0,0,0,0,0,0
17,cn3345,face_local_extract,compute,0.170619174,1,4357369325,117406717,2.69444034331,10838766713,18884913614,0.573937849785,2011,0,0,0,0,0,0,3,0,0,0,0
17,cn3345,face_pre_collective_wait,synchronization,0.0134180369996,1,4314220719,115187461,2.66994825955,10710743791,18546904882,0.577494943719,32,0,0,0,0,0,0,0,0,0,0,0
17,cn3345,face_collective_setup,compute,0.00150605699992,1,4296288431,115188271,2.68111121611,10675423089,18517775531,0.576495976589,18,0,0,0,0,0,3,0,0,0,0,0
17,cn3345,face_allgatherv,communication,0.081506733,1,4439613886,115621368,2.60431134258,10954831398,18676662148,0.586551885513,843,0,0,0,0,0,10,0,1,1,75808,4859624
17,cn3345,face_global_merge,compute,0.0844718669996,1,4314531835,116037143,2.68944922503,10719835288,18700479697,0.573238519102,693,0,0,0,0,0,0,1,0,0,0,0
17,cn3345,part_face_create,compute,0.0199268330002,1,4300716751,115358929,2.68231868498,10685724486,18560826236,0.575713836773,27,0,0,0,0,0,0,0,0,0,0,0
17,cn3345,surface_refine,compute,0.0124009639999,1,4300081450,115352789,2.68257218709,10683124146,18544334411,0.576085607023,54,0,0,0,0,0,0,0,0,0,0,0
17,cn3345,refined_surface_save,io,0,0,0,0,0,0,0,0,0,0,0,0,0,0,0,0,0,0,0,0
17,cn3345,local_volume_mesh,compute,11.049773551,1,7524524984,187207762,2.48796784379,19257937793,33230229917,0.579530681584,7239,0,0,0,0,0,66551,2585046,0,0,0,0
17,cn3345,volume_refine,compute,0.789831654,1,5989977593,147359037,2.46009329271,14989928738,26234335374,0.571385877488,6315,0,0,0,0,0,0,7,0,0,0,0
17,cn3345,refined_volume_save,io,0,0,0,0,0,0,0,0,0,0,0,0,0,0,0,0,0,0,0,0
17,cn3345,adjacency_build,compute,0.00392430600004,1,5775385206,138639303,2.4005204511,14590913962,24681540228,0.591167075767,3,0,0,0,0,0,0,0,0,0,0,0
17,cn3345,vertex_numbering_local,compute,0.0128765509999,1,5780979564,138724104,2.39966432097,14604331695,24701097075,0.591242229066,6,0,0,0,0,0,0,0,0,0,0,0
17,cn3345,vertex_count_pre_collective_wait,synchronization,6.164800654,1,14019295890,138616906,0.988757973921,30849529143,38223316134,0.807086675443,33,0,0,0,0,0,0,53,0,0,0,0
17,cn3345,vertex_count_allgather,communication,0.0125314259999,1,5787381917,138608355,2.39500964318,14614343621,24694132932,0.591814406331,19,0,0,0,0,0,5,0,1,1,4,256
17,cn3345,element_count_pre_collective_wait,synchronization,0.000863089999712,1,5775602664,138606611,2.39986403261,14591164385,24674842467,0.591337691599,0,0,0,0,0,0,0,0,0,0,0,0
17,cn3345,element_count_allgather,communication,0.000229982999826,1,5774816005,138606081,2.40018176995,14589611035,24673447951,0.59130815701,0,0,0,0,0,0,0,0,1,1,4,256
17,cn3345,vertex_exchange_prepare,compute,4.08010000683e-05,1,5774542655,138605930,2.40029277262,14589078858,24673040836,0.591296344661,0,0,0,0,0,0,0,0,0,0,0,0
17,cn3345,vertex_exchange,communication,0.0051338799999,1,5781442134,138618597,2.39764739986,14602655321,24682871311,0.591610884204,70,0,0,0,0,0,0,0,4,3,161832,85712
17,cn3345,vertex_exchange_unpack,compute,0.0013499759998,1,5775015570,138614584,2.40024606548,14590205246,24675791299,0.591276083884,0,0,0,0,0,0,0,0,0,0,0,0
17,cn3345,partition_result_io,io,0,0,0,0,0,0,0,0,0,0,0,0,0,0,0,0,0,0,0,0
17,cn3345,volume_exchange_pack,compute,0.2120913,2,11665560141,279143805,2.39288813933,29503637778,49792832254,0.592527808571,3044,0,0,0,0,0,0,2,0,0,0,0
17,cn3345,volume_size_exchange,communication,0.102792642,1,5911050568,138606336,2.34486804681,14858670475,24898681133,0.596765362616,25,0,0,0,0,0,0,1,4,4,16,16
17,cn3345,volume_payload_prepare,compute,0.000427664999734,1,5774543402,138605994,2.40029357043,14589189878,24673431828,0.591291474153,68,0,0,0,0,0,0,0,0,0,0,0
17,cn3345,volume_payload_exchange,communication,0.00404346800042,1,5775307995,138619540,2.40021034584,14590658438,24675873542,0.591292478994,253,0,0,0,0,0,3,0,4,4,2629800,2633880
17,cn3345,volume_exchange_unpack,compute,0.184146833,1,5874588795,141047080,2.40096941117,14869252371,25033548857,0.593973010217,6040,0,0,0,0,0,0,1,0,0,0,0
17,cn3345,final_mesh_save,io,0,0,0,0,0,0,0,0,0,0,0,0,0,0,0,0,0,0,0,0
17,cn3345,testout_io,io,0,0,0,0,0,0,0,0,0,0,0,0,0,0,0,0,0,0,0,0
17,cn3345,final_count_exchange,communication,0,0,0,0,0,0,0,0,0,0,0,0,0,0,0,0,0,0,0,0
17,cn3345,quality_surface_compute,postprocess,0,0,0,0,0,0,0,0,0,0,0,0,0,0,0,0,0,0,0,0
17,cn3345,quality_reduce_pre_collective_wait,synchronization,0,0,0,0,0,0,0,0,0,0,0,0,0,0,0,0,0,0,0,0
17,cn3345,quality_reduce,communication,0,0,0,0,0,0,0,0,0,0,0,0,0,0,0,0,0,0,0,0
17,cn3345,quality_summary_io,io,0,0,0,0,0,0,0,0,0,0,0,0,0,0,0,0,0,0,0,0
17,cn3345,quality_volume_compute,postprocess,0,0,0,0,0,0,0,0,0,0,0,0,0,0,0,0,0,0,0,0
17,cn3345,quality_rank_io,io,0,0,0,0,0,0,0,0,0,0,0,0,0,0,0,0,0,0,0,0
18,cn3345,geometry_load,io,2.021659686,1,1412674280,22577751,1.59822765372,3316289826,3850872748,0.861178762067,6109,0,1035186,0,2019328,0,336,31,0,0,0,0
18,cn3345,coarse_local_size,setup,0.573801026,1,269857615,6129669,2.27144562884,632606671,917821153,0.689248301733,8389,0,0,0,0,0,174,79,0,0,0,0
18,cn3345,coarse_edge_mesh,setup,0.0149461750002,1,6288974,167022,2.65579091279,12806178,29603468,0.432590465414,517,0,0,0,0,0,0,0,0,0,0,0
18,cn3345,coarse_surface_mesh,setup,8.800796811,1,5679100118,162923032,2.86881774603,15312482276,19113878683,0.801118523872,17618,0,0,0,0,0,5,32,0,0,0,0
18,cn3345,coarse_volume_mesh,setup,15.277592081,1,5349318852,126807723,2.37053962399,13492853260,22851060319,0.590469460569,28427,0,0,0,0,0,86364,2868318,0,0,0,0
18,cn3345,coarse_mesh_save,io,0,0,0,0,0,0,0,0,0,0,0,0,0,0,0,0,0,0,0,0
18,cn3345,submesh_initialization,setup,0.000206903000162,1,4406838888,115824847,2.6282977423,10949948754,19362853698,0.565513168915,64,0,0,0,0,0,0,0,0,0,0,0
18,cn3345,metis_partition,compute,0.184535077,1,4520379362,121926435,2.69726111983,11211220893,19760576729,0.567352919237,2112,0,0,0,0,0,0,1,0,0,0,0
18,cn3345,face_map_setup,compute,0.00846535900018,1,4409922826,115893917,2.62802596718,10957836993,19379797086,0.565425785645,581,0,0,0,0,0,0,0,0,0,0,0
18,cn3345,face_local_extract,compute,0.175784534,1,4468020299,117972675,2.64037911883,11113146540,19744437241,0.562849495499,838,0,0,0,0,0,0,4,0,0,0,0
18,cn3345,face_pre_collective_wait,synchronization,0.00971569300009,1,4419052594,115871054,2.62207908902,10974133933,19383805759,0.566149602892,14,0,0,0,0,0,0,0,0,0,0,0
18,cn3345,face_collective_setup,compute,0.000116441000046,1,4406758297,115821235,2.62826384372,10949803002,19362698671,0.56551016922,16,0,0,0,0,0,0,0,0,0,0,0
18,cn3345,face_allgatherv,communication,0.0812456100002,1,4548340919,116276471,2.55645900496,11225830504,19521073381,0.575062153853,991,0,0,0,0,0,6,1,1,1,75808,4859624
18,cn3345,face_global_merge,compute,0.0848800119998,1,4424946426,116668672,2.63661207997,10994214774,19545068905,0.562505807856,533,0,0,0,0,0,0,1,0,0,0,0
18,cn3345,part_face_create,compute,0.0202159170003,1,4411244743,115995473,2.6295406344,10960148748,19406499486,0.564766909968,25,0,0,0,0,0,0,0,0,0,0,0
18,cn3345,surface_refine,compute,0.0136977000002,1,4411099930,116001004,2.62975234841,10958719926,19392284190,0.565107226082,35,0,0,0,0,0,0,0,0,0,0,0
18,cn3345,refined_surface_save,io,0,0,0,0,0,0,0,0,0,0,0,0,0,0,0,0,0,0,0,0
18,cn3345,local_volume_mesh,compute,10.933183607,1,7714138170,185163126,2.40030865301,19700501778,34283408448,0.574636614906,4410,0,0,0,0,0,65925,2367058,0,0,0,0
18,cn3345,volume_refine,compute,0.78862222,1,7603594028,188893967,2.48427212584,19220912306,34425985101,0.558325702216,7082,0,0,0,0,0,0,2,0,0,0,0
18,cn3345,refined_volume_save,io,0,0,0,0,0,0,0,0,0,0,0,0,0,0,0,0,0,0,0,0
18,cn3345,adjacency_build,compute,0.00438151099979,1,7380991748,179726073,2.43498542115,18794858267,32876735979,0.571676527713,10,0,0,0,0,0,0,0,0,0,0,0
18,cn3345,vertex_numbering_local,compute,0.0191387240002,1,7387637629,179825493,2.43414068246,18810851692,32909089735,0.571600486172,8,0,0,0,0,0,0,0,0,0,0,0
18,cn3345,vertex_count_pre_collective_wait,synchronization,6.274215753,1,15388299910,179701514,1.16778016448,34582142675,46650192355,0.741307611592,69,0,0,0,0,0,0,20,0,0,0,0
18,cn3345,vertex_count_allgather,communication,0.0123193040004,1,7392076252,179693215,2.4308896293,18816551328,32888350803,0.572134231987,81,0,0,0,0,0,2,0,1,1,4,256
18,cn3345,element_count_pre_collective_wait,synchronization,0.000905010999759,1,7381170823,179691397,2.43445655586,18795011730,32869206698,0.571812149368,2,0,0,0,0,0,0,0,0,0,0,0
18,cn3345,element_count_allgather,communication,0.000154962000124,1,7380279280,179692105,2.43476023308,18793255428,32867572815,0.571787139068,0,0,0,0,0,0,0,0,1,1,4,256
18,cn3345,vertex_exchange_prepare,compute,0.000106081000013,1,7380121005,179691119,2.43479908904,18792951069,32867356078,0.571781649379,41,0,0,0,0,0,0,0,0,0,0,0
18,cn3345,vertex_exchange,communication,0.00429815000007,1,7385986148,179707195,2.43308329313,18804526124,32875187592,0.571997530702,163,0,0,0,0,0,0,0,6,4,170544,116468
18,cn3345,vertex_exchange_unpack,compute,0.00286741399987,1,7380772311,179703670,2.43475428353,18794494841,32871496403,0.571756594546,1030,0,0,0,0,0,0,0,0,0,0,0
18,cn3345,partition_result_io,io,0,0,0,0,0,0,0,0,0,0,0,0,0,0,0,0,0,0,0,0
18,cn3345,volume_exchange_pack,compute,0.258844366,2,14882372418,364575620,2.44971439875,37925182535,66290073625,0.572109525018,2634,0,0,0,0,0,0,1,0,0,0,0
18,cn3345,volume_size_exchange,communication,0.0547286800002,1,7450751021,179691060,2.41171741605,18932346856,32987492950,0.573924998929,2,0,0,0,0,0,0,0,6,6,24,24
18,cn3345,volume_payload_prepare,compute,0.00054434599997,1,7380121909,179690843,2.43479505103,18793044302,32867875793,0.571775444825,102,0,0,0,0,0,0,0,0,0,0,0
18,cn3345,volume_payload_exchange,communication,0.00398034599993,1,7380241647,179706545,2.43496830586,18793302443,32869417419,0.571756481213,447,0,0,0,0,0,2,0,6,6,3043440,3042960
18,cn3345,volume_exchange_unpack,compute,0.193460162,1,7486377960,182147993,2.43305900361,19089668197,33248000106,0.574159893411,6395,0,0,0,0,0,0,0,0,0,0,0
18,cn3345,final_mesh_save,io,0,0,0,0,0,0,0,0,0,0,0,0,0,0,0,0,0,0,0,0
18,cn3345,testout_io,io,0,0,0,0,0,0,0,0,0,0,0,0,0,0,0,0,0,0,0,0
18,cn3345,final_count_exchange,communication,0,0,0,0,0,0,0,0,0,0,0,0,0,0,0,0,0,0,0,0
18,cn3345,quality_surface_compute,postprocess,0,0,0,0,0,0,0,0,0,0,0,0,0,0,0,0,0,0,0,0
18,cn3345,quality_reduce_pre_collective_wait,synchronization,0,0,0,0,0,0,0,0,0,0,0,0,0,0,0,0,0,0,0,0
18,cn3345,quality_reduce,communication,0,0,0,0,0,0,0,0,0,0,0,0,0,0,0,0,0,0,0,0
18,cn3345,quality_summary_io,io,0,0,0,0,0,0,0,0,0,0,0,0,0,0,0,0,0,0,0,0
18,cn3345,quality_volume_compute,postprocess,0,0,0,0,0,0,0,0,0,0,0,0,0,0,0,0,0,0,0,0
18,cn3345,quality_rank_io,io,0,0,0,0,0,0,0,0,0,0,0,0,0,0,0,0,0,0,0,0
19,cn3345,geometry_load,io,2.016895411,1,1400504180,22981253,1.64092712669,3316288115,3801560871,0.87234907648,6105,0,1035186,0,745472,0,350,12,0,0,0,0
19,cn3345,coarse_local_size,setup,0.576536277,1,267396158,6122579,2.28970342947,632538737,910521654,0.694699279497,8425,0,0,0,0,0,164,90,0,0,0,0
19,cn3345,coarse_edge_mesh,setup,0.0148583340001,1,6299707,170857,2.71214200914,12812287,29293644,0.43737429867,506,0,0,0,0,0,0,0,0,0,0,0
19,cn3345,coarse_surface_mesh,setup,8.765316315,1,5674131106,160903366,2.83573578041,15310831687,19061698540,0.803224941097,15654,0,0,0,0,0,11,16,0,0,0,0
19,cn3345,coarse_volume_mesh,setup,15.030661695,1,5320258705,128375415,2.41295437155,13438054515,22485451220,0.597633304465,26203,0,0,0,0,0,86243,2869757,0,0,0,0
19,cn3345,coarse_mesh_save,io,0,0,0,0,0,0,0,0,0,0,0,0,0,0,0,0,0,0,0,0
19,cn3345,submesh_initialization,setup,0.000330444000156,1,4590723041,111831221,2.43602630787,11420404787,19094827140,0.598088932844,2,0,0,0,0,0,2,0,0,0,0,0
19,cn3345,metis_partition,compute,0.182677134,1,4704391605,117863868,2.50540086575,11681714075,19493071382,0.599275190968,292,0,0,0,0,0,0,0,0,0,0,0
19,cn3345,face_map_setup,compute,0.00818725600038,1,4593803981,111903161,2.43595855337,11428294166,19111889181,0.597967791555,216,0,0,0,0,0,0,0,0,0,0,0
19,cn3345,face_local_extract,compute,0.165926539,1,4651878587,113998026,2.45058042397,11583603922,19455763078,0.595381629369,643,0,0,0,0,0,0,0,0,0,0,0
19,cn3345,face_pre_collective_wait,synchronization,0.0133838960001,1,4607617988,111871860,2.42797602343,11453714376,19123767033,0.598925638251,0,0,0,0,0,0,0,1,0,0,0,0
19,cn3345,face_collective_setup,compute,0.00829627699977,1,4590643582,111827929,2.43599676173,11420259181,19094812121,0.598081777848,15,0,0,0,0,0,5,0,0,0,0,0
19,cn3345,face_allgatherv,communication,0.080932286,1,4731734544,112283610,2.37299047434,11695295163,19252301603,0.60747516864,1048,0,0,0,0,0,7,0,1,1,75808,4859624
19,cn3345,face_global_merge,compute,0.0834450150001,1,4608719444,112682096,2.44497625358,11464670705,19276794056,0.594739492039,226,0,0,0,0,0,0,0,0,0,0,0
19,cn3345,part_face_create,compute,0.0204788199999,1,4595176603,112011321,2.43758468231,11430742045,19139133713,0.597244484333,3,0,0,0,0,0,0,0,0,0,0,0
19,cn3345,surface_refine,compute,0.0189689620001,1,4596570986,112083301,2.43841118393,11432334757,19135864379,0.597429754443,5,0,0,0,0,0,0,0,0,0,0,0
19,cn3345,refined_surface_save,io,0,0,0,0,0,0,0,0,0,0,0,0,0,0,0,0,0,0,0,0
19,cn3345,local_volume_mesh,compute,11.847310095,1,8274653525,196057989,2.36938003999,21246049511,36166997068,0.587443006978,7423,0,0,0,0,0,66242,2361490,0,0,0,0
19,cn3345,volume_refine,compute,0.826120259,1,8372139180,204034975,2.43707098763,21315144870,36909959699,0.577490331711,8349,0,0,0,0,0,0,1,0,0,0,0
19,cn3345,refined_volume_save,io,0,0,0,0,0,0,0,0,0,0,0,0,0,0,0,0,0,0,0,0
19,cn3345,adjacency_build,compute,0.00405878799984,1,8094345642,192959804,2.38388391767,20778936965,35281086025,0.588954006412,6,0,0,0,0,0,0,0,0,0,0,0
19,cn3345,vertex_numbering_local,compute,0.0168309760002,1,8100745670,193101905,2.38375469205,20794365265,35308754185,0.588929452341,49,0,0,0,0,0,0,0,0,0,0,0
19,cn3345,vertex_count_pre_collective_wait,synchronization,5.321564256,1,14928297180,192930743,1.29238278602,34251356715,46966971074,0.729264756312,31,0,0,0,0,0,0,17,0,0,0,0
19,cn3345,vertex_count_allgather,communication,0.012525226,1,8105742897,192926406,2.3801199773,20801192765,35293435744,0.58937851548,55,0,0,0,0,0,4,0,1,1,4,256
19,cn3345,element_count_pre_collective_wait,synchronization,0.000338643999839,1,8093803508,192924557,2.38360811217,20777665546,35272933254,0.589054088481,0,0,0,0,0,0,0,0,0,0,0,0
19,cn3345,element_count_allgather,communication,0.000201821999781,1,8093655809,192925684,2.3836655345,20777375167,35272627544,0.589050961431,0,0,0,0,0,0,0,0,1,1,4,256
19,cn3345,vertex_exchange_prepare,compute,0.000148901999637,1,8093437976,192923840,2.38370690641,20776954809,35272254967,0.589045265987,30,0,0,0,0,0,0,0,0,0,0,0
19,cn3345,vertex_exchange,communication,0.00464687400017,1,8099819314,192938756,2.38201308598,20789551013,35281272085,0.589251741346,95,0,0,0,0,0,0,0,6,3,141108,113608
19,cn3345,vertex_exchange_unpack,compute,0.00181238100004,1,8094077702,192935832,2.38366666473,20778488071,35276075495,0.589024934873,0,0,0,0,0,0,0,0,0,0,0,0
19,cn3345,partition_result_io,io,0,0,0,0,0,0,0,0,0,0,0,0,0,0,0,0,0,0,0,0
19,cn3345,volume_exchange_pack,compute,0.266250772,2,16320668701,388810673,2.38232072547,41928627816,71120099374,0.589546811451,983,0,0,0,0,0,0,0,0,0,0,0
19,cn3345,volume_size_exchange,communication,0.018383355,1,8116784955,192924155,2.37685433419,20822997369,35312493627,0.589677908022,3,0,0,0,0,0,0,0,6,6,24,24
19,cn3345,volume_payload_prepare,compute,0.000251042999935,1,8093439083,192923950,2.3837079395,20777006300,35272371573,0.589044778489,68,0,0,0,0,0,0,0,0,0,0,0
19,cn3345,volume_payload_exchange,communication,0.0323060770002,1,8130230771,192940250,2.37312144556,20849715012,35336814569,0.590028141085,520,0,0,0,0,0,1,0,6,6,2715840,2694120
19,cn3345,volume_exchange_unpack,compute,0.207722529,1,8217014875,196888813,2.39611119117,21118676594,35682288832,0.591853193427,6614,0,0,0,0,0,0,0,0,0,0,0
19,cn3345,final_mesh_save,io,0,0,0,0,0,0,0,0,0,0,0,0,0,0,0,0,0,0,0,0
19,cn3345,testout_io,io,0,0,0,0,0,0,0,0,0,0,0,0,0,0,0,0,0,0,0,0
19,cn3345,final_count_exchange,communication,0,0,0,0,0,0,0,0,0,0,0,0,0,0,0,0,0,0,0,0
19,cn3345,quality_surface_compute,postprocess,0,0,0,0,0,0,0,0,0,0,0,0,0,0,0,0,0,0,0,0
19,cn3345,quality_reduce_pre_collective_wait,synchronization,0,0,0,0,0,0,0,0,0,0,0,0,0,0,0,0,0,0,0,0
19,cn3345,quality_reduce,communication,0,0,0,0,0,0,0,0,0,0,0,0,0,0,0,0,0,0,0,0
19,cn3345,quality_summary_io,io,0,0,0,0,0,0,0,0,0,0,0,0,0,0,0,0,0,0,0,0
19,cn3345,quality_volume_compute,postprocess,0,0,0,0,0,0,0,0,0,0,0,0,0,0,0,0,0,0,0,0
19,cn3345,quality_rank_io,io,0,0,0,0,0,0,0,0,0,0,0,0,0,0,0,0,0,0,0,0
20,cn3345,geometry_load,io,2.013769474,1,1399883290,24714306,1.7654547473,3315996942,3766732122,0.880337872352,6110,0,1035186,0,2347008,0,329,24,0,0,0,0
20,cn3345,coarse_local_size,setup,0.577017703,1,266875944,6645323,2.49004196497,631617481,902907610,0.699537221754,8221,0,0,0,0,0,229,62,0,0,0,0
20,cn3345,coarse_edge_mesh,setup,0.0145277899996,1,6328019,173984,2.74942284465,12805627,28350340,0.451692184291,526,0,0,0,0,0,0,0,0,0,0,0
20,cn3345,coarse_surface_mesh,setup,8.751519055,1,5676220624,167389242,2.94895588259,15315374561,19020430907,0.805206497996,14839,0,0,0,0,0,12,12,0,0,0,0
20,cn3345,coarse_volume_mesh,setup,14.966765789,1,5306864940,126571034,2.38504343772,13410350422,22288966293,0.60165869721,30415,0,0,0,0,0,85761,2780015,0,0,0,0
20,cn3345,coarse_mesh_save,io,0,0,0,0,0,0,0,0,0,0,0,0,0,0,0,0,0,0,0,0
20,cn3345,submesh_initialization,setup,0.000343963999967,1,3895894292,102910500,2.64151160906,9524320962,16468023506,0.578352402675,57,0,0,0,0,0,1,0,0,0,0,0
20,cn3345,metis_partition,compute,0.197947573,1,4010968103,108954804,2.71642160202,9785568855,16896149258,0.579159707077,2003,0,0,0,0,0,0,1,0,0,0,0
20,cn3345,face_map_setup,compute,0.00814275499988,1,3898917186,102972047,2.64104216857,9532212238,16484218229,0.578262924306,619,0,0,0,0,0,0,0,0,0,0,0
20,cn3345,face_local_extract,compute,0.171660366,1,3956934334,105049973,2.65483235588,9687519216,16840652879,0.575246059972,828,0,0,0,0,0,0,2,0,0,0,0
20,cn3345,face_pre_collective_wait,synchronization,0.000636086999748,1,3896509907,102911743,2.64112617333,9525548555,16469144288,0.578387582768,4,0,0,0,0,0,0,0,0,0,0,0
20,cn3345,face_collective_setup,compute,0.000104422000277,1,3895813790,102906921,2.64147432468,9524175072,16467874775,0.578348767047,16,0,0,0,0,0,0,0,0,0,0,0
20,cn3345,face_allgatherv,communication,0.0807570439997,1,4033772552,103531982,2.56662914593,9792785357,16625652646,0.589016597755,879,0,0,0,0,0,7,0,1,1,75808,4859624
20,cn3345,face_global_merge,compute,0.0836744180001,1,3913979638,103768876,2.65123699144,9568586712,16649173014,0.574718438204,637,0,0,0,0,0,0,0,0,0,0,0
20,cn3345,part_face_create,compute,0.0200632739998,1,3900341452,103084332,2.64295660441,9534744193,16511305141,0.57746762667,24,0,0,0,0,0,0,0,0,0,0,0
20,cn3345,surface_refine,compute,0.0213937499998,1,3902803986,103195294,2.64413212578,9538430739,16514115808,0.577592578973,51,0,0,0,0,0,0,0,0,0,0,0
20,cn3345,refined_surface_save,io,0,0,0,0,0,0,0,0,0,0,0,0,0,0,0,0,0,0,0,0
20,cn3345,local_volume_mesh,compute,14.527533351,1,8722581284,217275904,2.49095877614,22522473446,38623294815,0.583131852264,8857,0,0,0,0,0,69237,2659514,0,0,0,0
20,cn3345,volume_refine,compute,1.022549415,1,8264040038,218887130,2.64866976677,21012750365,37413067573,0.561642007141,7722,0,0,0,0,0,0,2,0,0,0,0
20,cn3345,refined_volume_save,io,0,0,0,0,0,0,0,0,0,0,0,0,0,0,0,0,0,0,0,0
20,cn3345,adjacency_build,compute,0.0039366660003,1,7905006765,205058564,2.59403401029,20314161154,35365355451,0.574408510672,3,0,0,0,0,0,0,0,0,0,0,0
20,cn3345,vertex_numbering_local,compute,0.0168026169999,1,7911111477,205181790,2.59358992218,20328535541,35393511154,0.5743576966,6,0,0,0,0,0,0,0,0,0,0,0
20,cn3345,vertex_count_pre_collective_wait,synchronization,2.443204424,1,10697115871,228094041,2.13229475824,25840052748,40728816521,0.634441531948,30,0,0,0,0,0,0,3,0,0,0,0
20,cn3345,vertex_count_allgather,communication,0.012437586,1,7915117278,205115350,2.59143791299,20333975612,35377916033,0.574764652419,17,0,0,0,0,0,2,0,1,1,4,256
20,cn3345,element_count_pre_collective_wait,synchronization,0.000266623999778,1,7904363070,205024006,2.59380805492,20312688710,35357311729,0.574497542847,0,0,0,0,0,0,0,0,0,0,0,0
20,cn3345,element_count_allgather,communication,5.40609999007e-05,1,7904143859,205021669,2.593850424,20312255189,35356842457,0.574492906534,0,0,0,0,0,0,0,0,1,1,4,256
20,cn3345,vertex_exchange_prepare,compute,2.83800000034e-05,1,7904118485,205021392,2.59385524634,20312214236,35356797460,0.574492479388,0,0,0,0,0,0,0,0,0,0,0,0
20,cn3345,vertex_exchange,communication,0.00231658700022,1,7907581174,205036961,2.59291629752,20319137671,35360930261,0.574621129055,62,0,0,0,0,0,0,0,5,5,99990,113542
20,cn3345,vertex_exchange_unpack,compute,0.00169108,1,7904757387,205032989,2.59379230711,20313744695,35360444499,0.574476508506,0,0,0,0,0,0,0,0,0,0,0,0
20,cn3345,partition_result_io,io,0,0,0,0,0,0,0,0,0,0,0,0,0,0,0,0,0,0,0,0
20,cn3345,volume_exchange_pack,compute,0.31380421,2,15993932150,412471784,2.57892668377,41151939318,71397373696,0.576378894457,476,0,0,0,0,0,0,0,0,0,0,0
20,cn3345,volume_size_exchange,communication,6.26210003247e-05,1,7904122151,205021494,2.59385533375,20312213234,35356800268,0.574492405422,1,0,0,0,0,0,0,0,6,6,24,24
20,cn3345,volume_payload_prepare,compute,0.000369424000382,1,7904119149,205021433,2.59385554715,20312269226,35356911347,0.574492184191,102,0,0,0,0,0,0,0,0,0,0,0
20,cn3345,volume_payload_exchange,communication,0.00690404000034,1,7907948620,205067846,2.59318637303,20319921082,35365738084,0.574565163428,394,0,0,0,0,0,2,0,6,6,2255400,2263920
20,cn3345,volume_exchange_unpack,compute,0.237009571,1,8059008934,208336003,2.5851318035,20748043121,35816935177,0.579280248812,9804,0,0,0,0,0,0,0,0,0,0,0
20,cn3345,final_mesh_save,io,0,0,0,0,0,0,0,0,0,0,0,0,0,0,0,0,0,0,0,0
20,cn3345,testout_io,io,0,0,0,0,0,0,0,0,0,0,0,0,0,0,0,0,0,0,0,0
20,cn3345,final_count_exchange,communication,0,0,0,0,0,0,0,0,0,0,0,0,0,0,0,0,0,0,0,0
20,cn3345,quality_surface_compute,postprocess,0,0,0,0,0,0,0,0,0,0,0,0,0,0,0,0,0,0,0,0
20,cn3345,quality_reduce_pre_collective_wait,synchronization,0,0,0,0,0,0,0,0,0,0,0,0,0,0,0,0,0,0,0,0
20,cn3345,quality_reduce,communication,0,0,0,0,0,0,0,0,0,0,0,0,0,0,0,0,0,0,0,0
20,cn3345,quality_summary_io,io,0,0,0,0,0,0,0,0,0,0,0,0,0,0,0,0,0,0,0,0
20,cn3345,quality_volume_compute,postprocess,0,0,0,0,0,0,0,0,0,0,0,0,0,0,0,0,0,0,0,0
20,cn3345,quality_rank_io,io,0,0,0,0,0,0,0,0,0,0,0,0,0,0,0,0,0,0,0,0
21,cn3345,geometry_load,io,2.017879102,1,1408767383,29492904,2.09352547169,3314854951,3855670533,0.859735011752,6109,0,1035185,0,266240,0,363,41,0,0,0,0
21,cn3345,coarse_local_size,setup,0.575746809,1,267884937,6376822,2.38043320816,631540698,907571277,0.695857960697,8298,0,0,0,0,0,134,57,0,0,0,0
21,cn3345,coarse_edge_mesh,setup,0.0145821300002,1,6286907,181378,2.88501165995,12804629,28455789,0.449983270539,516,0,0,0,0,0,0,0,0,0,0,0
21,cn3345,coarse_surface_mesh,setup,8.698409074,1,5675382038,164371363,2.89621671104,15308811898,18898852556,0.810039226066,15384,0,0,0,0,0,5,11,0,0,0,0
21,cn3345,coarse_volume_mesh,setup,15.106802186,1,5315451310,126376809,2.37753676273,13431290917,22351840739,0.600903123543,31902,0,0,0,0,0,83525,2898890,0,0,0,0
21,cn3345,coarse_mesh_save,io,0,0,0,0,0,0,0,0,0,0,0,0,0,0,0,0,0,0,0,0
21,cn3345,submesh_initialization,setup,0.000189342999874,1,4326277699,103677023,2.39644863814,10667786300,17819148827,0.598669801996,57,0,0,0,0,0,0,0,0,0,0,0
21,cn3345,metis_partition,compute,0.18399089,1,4439142001,109770340,2.47278280297,10929124974,18216335769,0.599962863695,2033,0,0,0,0,0,0,0,0,0,0,0
21,cn3345,face_map_setup,compute,0.00847061900004,1,4329348219,103756555,2.39658603909,10675685634,17836101487,0.598543669522,596,0,0,0,0,0,0,0,0,0,0,0
21,cn3345,face_local_extract,compute,0.171892609,1,4387400146,105879301,2.41325836433,10830984839,18192525210,0.595353570435,825,0,0,0,0,0,0,0,0,0,0,0
21,cn3345,face_pre_collective_wait,synchronization,0.0134143969999,1,4341385678,103794542,2.39081596749,10696588392,17848267273,0.599306825049,13,0,0,0,0,0,0,0,0,0,0,0
21,cn3345,face_collective_setup,compute,0.000844449999931,1,4326197246,103673533,2.39641253287,10667640320,17819055919,0.598664731089,16,0,0,0,0,0,1,0,0,0,0,0
21,cn3345,face_allgatherv,communication,0.0806003020002,1,4463329240,104334048,2.33758350303,10935037143,17974090726,0.608377764956,870,0,0,0,0,0,12,3,1,1,75808,4859624
21,cn3345,face_global_merge,compute,0.0845963490001,1,4344483623,104535625,2.40616915775,10712051756,18001984828,0.595048371518,626,0,0,0,0,0,0,3,0,0,0,0
21,cn3345,part_face_create,compute,0.0201018349999,1,4330727351,103852739,2.39804380611,10678111841,17862565223,0.597792741843,22,0,0,0,0,0,0,0,0,0,0,0
21,cn3345,surface_refine,compute,0.0190956040001,1,4332133645,103928826,2.399021695,10679655238,17860214835,0.597957826189,52,0,0,0,0,0,0,0,0,0,0,0
21,cn3345,refined_surface_save,io,0,0,0,0,0,0,0,0,0,0,0,0,0,0,0,0,0,0,0,0
21,cn3345,local_volume_mesh,compute,12.968623505,1,8510852433,201245188,2.36457146431,21949537163,36925032820,0.594435142956,10332,0,0,0,0,0,65227,2490741,0,0,0,0
21,cn3345,volume_refine,compute,1.007467279,1,6371078741,148121598,2.32490609552,15719477648,26758121587,0.587465663346,7508,0,0,0,0,0,0,2,0,0,0,0
21,cn3345,refined_volume_save,io,0,0,0,0,0,0,0,0,0,0,0,0,0,0,0,0,0,0,0,0
21,cn3345,adjacency_build,compute,0.00401132699972,1,6066431087,135839633,2.23920178194,15130677129,24750028324,0.611339790441,5,0,0,0,0,0,0,0,0,0,0,0
21,cn3345,vertex_numbering_local,compute,0.0161276889999,1,6072177272,135966433,2.23917100752,15144292307,24776140350,0.611245016095,86,0,0,0,0,0,0,0,0,0,0,0
21,cn3345,vertex_count_pre_collective_wait,synchronization,4.018993707,1,10706378347,173079849,1.61660501236,24124928811,33570773412,0.718628925075,69,0,0,0,0,0,0,3,0,0,0,0
21,cn3345,vertex_count_allgather,communication,0.0125013459997,1,6076358673,135894429,2.23644515265,15149300649,24762517550,0.611783540119,86,0,0,0,0,0,2,1,1,1,4,256
21,cn3345,element_count_pre_collective_wait,synchronization,0.000576547000037,1,6066134408,135810652,2.23883354482,15129862934,24742556521,0.611491497298,3,0,0,0,0,0,0,0,0,0,0,0
21,cn3345,element_count_allgather,communication,0.000236483000208,1,6065704025,135806636,2.23892618961,15129011676,24741684577,0.611478641598,1,0,0,0,0,0,1,0,1,1,4,256
21,cn3345,vertex_exchange_prepare,compute,0.000209642999835,1,6065548955,135805303,2.23896145275,15128715410,24741418440,0.61147324462,41,0,0,0,0,0,0,0,0,0,0,0
21,cn3345,vertex_exchange,communication,0.00351864100003,1,6070272285,135830697,2.23763763177,15138112465,24748033915,0.611689498931,89,0,0,0,0,0,0,0,2,5,75988,144716
21,cn3345,vertex_exchange_unpack,compute,0.00341490000028,1,6066371328,135821050,2.23891751191,15130661792,24746484256,0.611426723711,1185,0,0,0,0,0,0,0,0,0,0,0
21,cn3345,partition_result_io,io,0,0,0,0,0,0,0,0,0,0,0,0,0,0,0,0,0,0,0,0
21,cn3345,volume_exchange_pack,compute,0.283186791,2,12289342789,273921213,2.22893296821,30704084485,50091645331,0.612958194567,2466,0,0,0,0,0,0,0,0,0,0,0
21,cn3345,volume_size_exchange,communication,0.0298083289999,1,6099431379,136078603,2.23100473707,15195750997,24806692729,0.612566582858,2,0,0,0,0,0,0,0,5,5,20,20
21,cn3345,volume_payload_prepare,compute,0.000435904999904,1,6065549535,135805377,2.23896245866,15128749623,24741452547,0.611473784502,136,0,0,0,0,0,0,0,0,0,0,0
21,cn3345,volume_payload_exchange,communication,0.00659099699988,1,6068686090,135852357,2.23857940558,15135021141,24748959378,0.611541718172,503,0,0,0,0,0,3,0,5,5,2351520,2361240
21,cn3345,volume_exchange_unpack,compute,0.20698452,1,6199267099,138556726,2.23505010814,15503513065,25143928451,0.616590724684,8302,0,0,0,0,0,0,0,0,0,0,0
21,cn3345,final_mesh_save,io,0,0,0,0,0,0,0,0,0,0,0,0,0,0,0,0,0,0,0,0
21,cn3345,testout_io,io,0,0,0,0,0,0,0,0,0,0,0,0,0,0,0,0,0,0,0,0
21,cn3345,final_count_exchange,communication,0,0,0,0,0,0,0,0,0,0,0,0,0,0,0,0,0,0,0,0
21,cn3345,quality_surface_compute,postprocess,0,0,0,0,0,0,0,0,0,0,0,0,0,0,0,0,0,0,0,0
21,cn3345,quality_reduce_pre_collective_wait,synchronization,0,0,0,0,0,0,0,0,0,0,0,0,0,0,0,0,0,0,0,0
21,cn3345,quality_reduce,communication,0,0,0,0,0,0,0,0,0,0,0,0,0,0,0,0,0,0,0,0
21,cn3345,quality_summary_io,io,0,0,0,0,0,0,0,0,0,0,0,0,0,0,0,0,0,0,0,0
21,cn3345,quality_volume_compute,postprocess,0,0,0,0,0,0,0,0,0,0,0,0,0,0,0,0,0,0,0,0
21,cn3345,quality_rank_io,io,0,0,0,0,0,0,0,0,0,0,0,0,0,0,0,0,0,0,0,0
22,cn3345,geometry_load,io,2.014206119,1,1400391218,24121165,1.72245903073,3316224847,3806136272,0.871283792805,6108,0,1035186,0,622592,0,358,15,0,0,0,0
22,cn3345,coarse_local_size,setup,0.575803149,1,267264255,6205771,2.32196071263,631455239,913122160,0.691534240063,8459,0,0,0,0,0,144,58,0,0,0,0
22,cn3345,coarse_edge_mesh,setup,0.0151158970002,1,6322829,165519,2.61779972224,12806973,29906187,0.428238243812,508,0,0,0,0,0,0,0,0,0,0,0
22,cn3345,coarse_surface_mesh,setup,8.927063986,1,5676566829,162006466,2.85395153233,15316153538,19409621287,0.789101101538,15702,0,0,0,0,0,4,16,0,0,0,0
22,cn3345,coarse_volume_mesh,setup,15.333169531,1,5354363616,129944169,2.42688353499,13498014168,23200952181,0.581787077646,29470,0,0,0,0,0,88940,2763910,0,0,0,0
22,cn3345,coarse_mesh_save,io,0,0,0,0,0,0,0,0,0,0,0,0,0,0,0,0,0,0,0,0
22,cn3345,submesh_initialization,setup,0.000153382000008,1,3771493025,108191420,2.8686628686,9133229300,17055800505,0.535491095673,1,0,0,0,0,0,0,0,0,0,0,0
22,cn3345,metis_partition,compute,0.183395564,1,3884523523,114272095,2.94172745572,9394526327,17454731891,0.538222321928,413,0,0,0,0,0,0,1,0,0,0,0
22,cn3345,face_map_setup,compute,0.00815275600007,1,3774528417,108263491,2.86826535766,9141128609,17072751136,0.53542212009,224,0,0,0,0,0,0,0,0,0,0,0
22,cn3345,face_local_extract,compute,0.175580632,1,3832871581,110355888,2.87919607187,9296428805,17431963840,0.533297848156,1798,0,0,0,0,0,0,0,0,0,0,0
22,cn3345,face_pre_collective_wait,synchronization,0.0114808339999,1,3785576226,108187226,2.85788000403,9160973366,17080602381,0.536337838775,33,0,0,0,0,0,0,0,0,0,0,0
22,cn3345,face_collective_setup,compute,0.000151701999584,1,3771413148,108187879,2.86862973518,9133083385,17055675207,0.535486474394,37,0,0,0,0,0,0,0,0,0,0,0
22,cn3345,face_allgatherv,communication,0.080306199,1,3910034716,108863132,2.78419860454,9403150822,17212150964,0.546308874566,1045,0,0,0,0,0,8,2,1,1,75808,4859624
22,cn3345,face_global_merge,compute,0.0872964200003,1,3789703188,109086523,2.87849780282,9177495989,17244709176,0.532191983949,734,0,0,0,0,0,0,0,0,0,0,0
22,cn3345,part_face_create,compute,0.021630752,1,3775943155,108377478,2.87020946956,9143601961,17102516963,0.534634871626,38,0,0,0,0,0,0,0,0,0,0,0
22,cn3345,surface_refine,compute,0.0209090039998,1,3777795040,108456843,2.87090331401,9146060376,17101027489,0.534825195848,12,0,0,0,0,0,0,0,0,0,0,0
22,cn3345,refined_surface_save,io,0,0,0,0,0,0,0,0,0,0,0,0,0,0,0,0,0,0,0,0
22,cn3345,local_volume_mesh,compute,12.393174297,1,7707234772,198878308,2.58041066457,19614550347,34855928399,0.562732116111,10679,0,0,0,0,0,64162,2650957,0,0,0,0
22,cn3345,volume_refine,compute,1.164054849,1,7042626495,197689924,2.8070482531,17563167930,33414283339,0.525618573106,9072,0,0,0,0,0,0,2,0,0,0,0
22,cn3345,refined_volume_save,io,0,0,0,0,0,0,0,0,0,0,0,0,0,0,0,0,0,0,0,0
22,cn3345,adjacency_build,compute,0.00474501500003,1,6711301188,184534691,2.74961122785,16922620547,31083404140,0.544426230498,26,0,0,0,0,0,0,0,0,0,0,0
22,cn3345,vertex_numbering_local,compute,0.0204565599997,1,6717162294,184661516,2.7491001098,16936873820,31114772987,0.544335445644,520,0,0,0,0,0,0,0,0,0,0,0
22,cn3345,vertex_count_pre_collective_wait,synchronization,4.426121907,1,12191799601,184509553,1.51339063172,27745871773,40801571680,0.680019681364,30,0,0,0,0,0,0,7,0,0,0,0
22,cn3345,vertex_count_allgather,communication,0.0124007049999,1,6721549825,184594431,2.7463075601,16942634254,31094091699,0.544882751939,59,0,0,0,0,0,3,0,1,1,4,256
22,cn3345,element_count_pre_collective_wait,synchronization,0.000780690000283,1,6711272091,184500282,2.74911044431,16922368677,31074891927,0.544567257603,0,0,0,0,0,0,0,0,0,0,0,0
22,cn3345,element_count_allgather,communication,5.39009997738e-05,1,6710440319,184499953,2.74944629904,16920727380,31073276696,0.544542744737,0,0,0,0,0,0,0,0,1,1,4,256
22,cn3345,vertex_exchange_prepare,compute,0.000221982999847,1,6710413106,184499677,2.74945333597,16920683411,31073274041,0.544541376254,34,0,0,0,0,0,0,0,0,0,0,0
22,cn3345,vertex_exchange,communication,0.0142313660003,1,6728458861,184515564,2.74231540702,16956098790,31103511188,0.545150632271,44,0,0,0,0,0,0,0,4,4,87032,137104
22,cn3345,vertex_exchange_unpack,compute,0.0022093460002,1,6711190244,184514409,2.74935447054,16922547272,31077954337,0.544519342827,0,0,0,0,0,0,0,0,0,0,0,0
22,cn3345,partition_result_io,io,0,0,0,0,0,0,0,0,0,0,0,0,0,0,0,0,0,0,0,0
22,cn3345,volume_exchange_pack,compute,0.288482273,2,13587962795,371335077,2.73282376911,34314450836,62771484748,0.546656670202,788,0,0,0,0,0,0,1,0,0,0,0
22,cn3345,volume_size_exchange,communication,0.019368666,1,6733559128,184706778,2.7430779843,16966299789,31115614651,0.545266419426,2,0,0,0,0,0,0,0,5,5,20,20
22,cn3345,volume_payload_prepare,compute,0.000332504000198,1,6710413736,184499690,2.74945327157,16920720974,31073313464,0.54454189424,102,0,0,0,0,0,0,0,0,0,0,0
22,cn3345,volume_payload_exchange,communication,0.0231456900001,1,6734627469,184715237,2.7427684434,16968517429,31119023597,0.545277951158,502,0,0,0,0,0,0,0,5,5,2387280,2391120
22,cn3345,volume_exchange_unpack,compute,0.222030096,1,6853106413,187620727,2.73774717177,17320269921,31503651972,0.54978609897,9073,0,0,0,0,0,0,0,0,0,0,0
22,cn3345,final_mesh_save,io,0,0,0,0,0,0,0,0,0,0,0,0,0,0,0,0,0,0,0,0
22,cn3345,testout_io,io,0,0,0,0,0,0,0,0,0,0,0,0,0,0,0,0,0,0,0,0
22,cn3345,final_count_exchange,communication,0,0,0,0,0,0,0,0,0,0,0,0,0,0,0,0,0,0,0,0
22,cn3345,quality_surface_compute,postprocess,0,0,0,0,0,0,0,0,0,0,0,0,0,0,0,0,0,0,0,0
22,cn3345,quality_reduce_pre_collective_wait,synchronization,0,0,0,0,0,0,0,0,0,0,0,0,0,0,0,0,0,0,0,0
22,cn3345,quality_reduce,communication,0,0,0,0,0,0,0,0,0,0,0,0,0,0,0,0,0,0,0,0
22,cn3345,quality_summary_io,io,0,0,0,0,0,0,0,0,0,0,0,0,0,0,0,0,0,0,0,0
22,cn3345,quality_volume_compute,postprocess,0,0,0,0,0,0,0,0,0,0,0,0,0,0,0,0,0,0,0,0
22,cn3345,quality_rank_io,io,0,0,0,0,0,0,0,0,0,0,0,0,0,0,0,0,0,0,0,0
23,cn3345,geometry_load,io,2.021345622,1,1418452818,25408859,1.79130801374,3317067885,3927651893,0.84454222914,6109,0,1035186,0,507904,0,316,16,0,0,0,0
23,cn3345,coarse_local_size,setup,0.571412858,1,269820699,6300677,2.33513478519,631933670,928776697,0.680393545662,8226,0,0,0,0,0,147,92,0,0,0,0
23,cn3345,coarse_edge_mesh,setup,0.015334659,1,6320355,183641,2.90554881806,12803196,30126027,0.424987868463,527,0,0,0,0,0,0,0,0,0,0,0
23,cn3345,coarse_surface_mesh,setup,8.930388125,1,5678576604,164113451,2.89004555973,15313437823,19431788950,0.788061143645,15832,0,0,0,0,0,2,8,0,0,0,0
23,cn3345,coarse_volume_mesh,setup,15.432871036,1,5326899744,130041715,2.4412270035,13444388429,23135985320,0.581102911462,27876,0,0,0,0,0,91285,2821137,0,0,0,0
23,cn3345,coarse_mesh_save,io,0,0,0,0,0,0,0,0,0,0,0,0,0,0,0,0,0,0,0,0
23,cn3345,submesh_initialization,setup,0.000164381000104,1,4140339801,106768370,2.57873447909,10208867425,17933726705,0.569255213539,2,0,0,0,0,0,0,0,0,0,0,0
23,cn3345,metis_partition,compute,0.185392526,1,4254085598,112791637,2.65137206108,10470099715,18337460153,0.570967823659,535,0,0,0,0,0,0,0,0,0,0,0
23,cn3345,face_map_setup,compute,0.00814989499986,1,4143383548,106835212,2.57845335249,10216767744,17950691917,0.569157322249,225,0,0,0,0,0,0,0,0,0,0,0
23,cn3345,face_local_extract,compute,0.179302635,1,4201631389,108932873,2.59263278747,10372066407,18321254110,0.566122075745,647,0,0,0,0,0,0,1,0,0,0,0
23,cn3345,face_pre_collective_wait,synchronization,0.00585346800017,1,4147545894,106764079,2.57415063579,10223086698,17946325773,0.569647894912,0,0,0,0,0,0,0,0,0,0,0,0
23,cn3345,face_collective_setup,compute,0.000117321000289,1,4140259583,106764857,2.57869959261,10208721614,17933592150,0.569251354029,16,0,0,0,0,0,0,0,0,0,0,0
23,cn3345,face_allgatherv,communication,0.0801417160001,1,4279851330,107191673,2.50456533966,10480750774,18089956220,0.579368498549,931,0,0,0,0,0,7,0,1,1,75808,4859624
23,cn3345,face_global_merge,compute,0.0876237840002,1,4158495608,107680248,2.58940391311,10253134485,18124236746,0.565714001019,412,0,0,0,0,0,0,0,0,0,0,0
23,cn3345,part_face_create,compute,0.0211683479997,1,4144726541,106943655,2.58023427944,10219137046,17979614598,0.568373531607,3,0,0,0,0,0,0,0,0,0,0,0
23,cn3345,surface_refine,compute,0.0168246759999,1,4145272191,106966939,2.58045633848,10219112009,17969772256,0.568683445923,52,0,0,0,0,0,0,0,0,0,0,0
23,cn3345,refined_surface_save,io,0,0,0,0,0,0,0,0,0,0,0,0,0,0,0,0,0,0,0,0
23,cn3345,local_volume_mesh,compute,12.691297162,1,8185317389,196509098,2.4007511091,21124222904,36690569239,0.575739852015,7584,0,0,0,0,0,62290,2529877,0,0,0,0
23,cn3345,volume_refine,compute,1.005066211,1,7299954497,166606288,2.28229214399,18280218034,31556046786,0.579293666218,7203,0,0,0,0,0,0,1,0,0,0,0
23,cn3345,refined_volume_save,io,0,0,0,0,0,0,0,0,0,0,0,0,0,0,0,0,0,0,0,0
23,cn3345,adjacency_build,compute,0.00437967100015,1,7019484684,154634925,2.20293842014,17739785539,29551343791,0.600303852998,10,0,0,0,0,0,0,0,0,0,0,0
23,cn3345,vertex_numbering_local,compute,0.0148779340002,1,7024273624,154734111,2.20284856887,17751338248,29574446971,0.600225534746,2,0,0,0,0,0,0,0,0,0,0,0
23,cn3345,vertex_count_pre_collective_wait,synchronization,4.298469334,1,12091817904,196738813,1.62704081853,27750787902,38986569709,0.711803785487,71,0,0,0,0,0,0,4,0,0,0,0
23,cn3345,vertex_count_allgather,communication,0.0124579459998,1,7030680634,154603955,2.19898987094,17761657195,29563327808,0.600800333114,46,0,0,0,0,0,2,0,1,1,4,256
23,cn3345,element_count_pre_collective_wait,synchronization,0.000776789000156,1,7019427987,154608739,2.20258316328,17739479544,29543504572,0.600452783141,6,0,0,0,0,0,0,0,0,0,0,0
23,cn3345,element_count_allgather,communication,0.000188921999779,1,7018830082,154601608,2.20266919407,17738302408,29542247127,0.60043849514,0,0,0,0,0,0,0,0,1,1,4,256
23,cn3345,vertex_exchange_prepare,compute,7.87409999248e-05,1,7018625044,154601601,2.20273344182,17737912384,29541970412,0.600430916984,8,0,0,0,0,0,0,0,0,0,0,0
23,cn3345,vertex_exchange,communication,0.0143417280001,1,7035729866,154850328,2.20091349368,17771474093,29572673017,0.600942433671,54,0,0,0,0,0,0,0,0,6,0,189222
23,cn3345,vertex_exchange_unpack,compute,0.004456613,1,7019685226,154623807,2.20271710229,17740433831,29548748235,0.60037852331,1437,0,0,0,0,0,0,0,0,0,0,0
23,cn3345,partition_result_io,io,0,0,0,0,0,0,0,0,0,0,0,0,0,0,0,0,0,0,0,0
23,cn3345,volume_exchange_pack,compute,0.272728929,2,14184846710,311489020,2.19592799533,35894712281,59673750455,0.601515943062,2091,0,0,0,0,0,0,0,0,0,0,0
23,cn3345,volume_size_exchange,communication,0.0329791250001,1,7057637841,154926366,2.19515891139,17814968425,29614123321,0.601570008739,4,0,0,0,0,0,0,0,5,5,20,20
23,cn3345,volume_payload_prepare,compute,0.000245522000114,1,7018625472,154601590,2.20273315077,17737933967,29541964758,0.600431762488,75,0,0,0,0,0,0,0,0,0,0,0
23,cn3345,volume_payload_exchange,communication,0.0232295310002,1,7042542050,154817647,2.19832051979,17785293833,29587846428,0.601101329773,459,0,0,0,0,0,0,0,5,5,2022840,2016960
23,cn3345,volume_exchange_unpack,compute,0.192846515,1,7141479955,157312511,2.20279986769,18082268181,29916372718,0.604427159384,7866,0,0,0,0,0,0,0,0,0,0,0
23,cn3345,final_mesh_save,io,0,0,0,0,0,0,0,0,0,0,0,0,0,0,0,0,0,0,0,0
23,cn3345,testout_io,io,0,0,0,0,0,0,0,0,0,0,0,0,0,0,0,0,0,0,0,0
23,cn3345,final_count_exchange,communication,0,0,0,0,0,0,0,0,0,0,0,0,0,0,0,0,0,0,0,0
23,cn3345,quality_surface_compute,postprocess,0,0,0,0,0,0,0,0,0,0,0,0,0,0,0,0,0,0,0,0
23,cn3345,quality_reduce_pre_collective_wait,synchronization,0,0,0,0,0,0,0,0,0,0,0,0,0,0,0,0,0,0,0,0
23,cn3345,quality_reduce,communication,0,0,0,0,0,0,0,0,0,0,0,0,0,0,0,0,0,0,0,0
23,cn3345,quality_summary_io,io,0,0,0,0,0,0,0,0,0,0,0,0,0,0,0,0,0,0,0,0
23,cn3345,quality_volume_compute,postprocess,0,0,0,0,0,0,0,0,0,0,0,0,0,0,0,0,0,0,0,0
23,cn3345,quality_rank_io,io,0,0,0,0,0,0,0,0,0,0,0,0,0,0,0,0,0,0,0,0
24,cn3345,geometry_load,io,2.016257583,1,1402688587,26237028,1.87048132017,3318133264,3805795379,0.871863285743,6108,0,1035186,0,823296,0,328,8,0,0,0,0
24,cn3345,coarse_local_size,setup,0.576098593,1,266208034,6095319,2.28968258712,631144578,893683923,0.706227964672,7502,0,0,0,0,0,157,66,0,0,0,0
24,cn3345,coarse_edge_mesh,setup,0.0140849039999,1,6305417,167210,2.65184681679,12810406,27113731,0.472469318221,516,0,0,0,0,0,1,0,0,0,0,0
24,cn3345,coarse_surface_mesh,setup,8.716739968,1,5674536824,164255209,2.89460116472,15313480397,18933524446,0.808802420314,14180,0,0,0,0,0,17,8,0,0,0,0
24,cn3345,coarse_volume_mesh,setup,14.957754344,1,5312125456,126213868,2.37595796721,13426385474,22317717200,0.601602097279,21125,0,0,0,0,0,86136,2700770,0,0,0,0
24,cn3345,coarse_mesh_save,io,0,0,0,0,0,0,0,0,0,0,0,0,0,0,0,0,0,0,0,0
24,cn3345,submesh_initialization,setup,0.000127402000089,1,3567366603,96808051,2.71371187134,8659458312,15039840850,0.575767948502,1,0,0,0,0,0,0,0,0,0,0,0
24,cn3345,metis_partition,compute,0.181701604,1,3679415348,102815322,2.79433856403,8920640822,15435781934,0.577919593587,280,0,0,0,0,0,0,0,0,0,0,0
24,cn3345,face_map_setup,compute,0.0079320130003,1,3570406445,96875511,2.71329083936,8667351201,15056545236,0.575653382974,220,0,0,0,0,0,0,0,0,0,0,0
24,cn3345,face_local_extract,compute,0.168112245,1,3628510885,99031105,2.72924921927,8822657248,15405346443,0.572700995764,684,0,0,0,0,0,0,0,0,0,0,0
24,cn3345,face_pre_collective_wait,synchronization,0.0134597169999,1,3583102178,96803983,2.70168078361,8690510022,15067091333,0.576787505294,0,0,0,0,0,0,0,1,0,0,0,0
24,cn3345,face_collective_setup,compute,0.00749086799988,1,3567284585,96804883,2.7136854572,8659312472,15039863655,0.575757378566,16,0,0,0,0,0,4,0,0,0,0,0
24,cn3345,face_allgatherv,communication,0.079846613,1,3706353414,97282761,2.62475673886,8930375553,15195672485,0.587692026254,830,0,0,0,0,0,15,0,1,1,75808,4859624
24,cn3345,face_global_merge,compute,0.082875908,1,3585375872,97655405,2.72371456958,8703725147,15220074533,0.571858247351,259,0,0,0,0,0,0,0,0,0,0,0
24,cn3345,part_face_create,compute,0.0201740160001,1,3571798950,96982749,2.7152353858,8669767508,15083477000,0.574785741245,3,0,0,0,0,0,0,0,0,0,0,0
24,cn3345,surface_refine,compute,0.0177901480001,1,3572973734,97048022,2.71616947744,8670798679,15078131188,0.57505791473,58,0,0,0,0,0,0,0,0,0,0,0
24,cn3345,refined_surface_save,io,0,0,0,0,0,0,0,0,0,0,0,0,0,0,0,0,0,0,0,0
24,cn3345,local_volume_mesh,compute,13.203142887,1,7652270907,193110435,2.52357028844,19581707012,33984127953,0.576201544412,7557,0,0,0,0,0,74954,2611732,0,0,0,0
24,cn3345,volume_refine,compute,0.88443782,1,7365867436,195305318,2.65149107959,18604748552,33439537758,0.556369788561,8121,0,0,0,0,0,0,2,0,0,0,0
24,cn3345,refined_volume_save,io,0,0,0,0,0,0,0,0,0,0,0,0,0,0,0,0,0,0,0,0
24,cn3345,adjacency_build,compute,0.00413020799988,1,7086801574,184485801,2.60323079564,18071077855,31695010232,0.570155293301,5,0,0,0,0,0,0,0,0,0,0,0
24,cn3345,vertex_numbering_local,compute,0.01802873,1,7094942811,184635579,2.60235471826,18090611269,31724869880,0.570234372511,88,0,0,0,0,0,0,0,0,0,0,0
24,cn3345,vertex_count_pre_collective_wait,synchronization,3.909654789,1,11959041839,184454356,1.54238406791,27646790564,40281354418,0.686342129341,31,0,0,0,0,0,0,4,0,0,0,0
24,cn3345,vertex_count_allgather,communication,0.0123975450001,1,7097608362,184453998,2.5988190471,18092223702,31707024765,0.57060616176,56,0,0,0,0,0,2,0,1,1,4,256
24,cn3345,element_count_pre_collective_wait,synchronization,0.00088531099982,1,7086903214,184451184,2.60270499582,18071036133,31687932059,0.570281332949,0,0,0,0,0,0,0,0,0,0,0,0
24,cn3345,element_count_allgather,communication,5.46009996469e-05,1,7085945944,184450653,2.60304911239,18069160917,31686102983,0.570255071338,0,0,0,0,0,0,0,0,1,1,4,256
24,cn3345,vertex_exchange_prepare,compute,3.13010000355e-05,1,7085917135,184450482,2.60305728229,18069106202,31686063771,0.570254050253,0,0,0,0,0,0,0,0,0,0,0,0
24,cn3345,vertex_exchange,communication,0.0062966129999,1,7093305180,184500087,2.6010453846,18083608080,31697622053,0.570503618529,165,0,0,0,0,0,0,0,6,4,326392,2750
24,cn3345,vertex_exchange_unpack,compute,8.5861000116e-05,1,7085933578,184450896,2.60305708443,18069143053,31686170590,0.570253290838,0,0,0,0,0,0,0,0,0,0,0,0
24,cn3345,partition_result_io,io,0,0,0,0,0,0,0,0,0,0,0,0,0,0,0,0,0,0,0,0
24,cn3345,volume_exchange_pack,compute,0.268521999,2,14323942979,371231200,2.59168303409,36563624880,63949871629,0.571754468752,1412,0,0,0,0,0,0,0,0,0,0,0
24,cn3345,volume_size_exchange,communication,0.0534150839999,1,7151156904,184451551,2.57932462504,18197636346,31803212877,0.572194904219,5,0,0,0,0,0,0,0,6,6,24,24
24,cn3345,volume_payload_prepare,compute,0.000413283999933,1,7085918340,184450660,2.60305935165,18069181593,31686243875,0.570253188238,102,0,0,0,0,0,0,0,0,0,0,0
24,cn3345,volume_payload_exchange,communication,0.00358822199996,1,7086026985,184465315,2.60322625627,18069430862,31687727103,0.570234362448,587,0,0,0,0,0,1,0,6,6,3499440,3505920
24,cn3345,volume_exchange_unpack,compute,0.216769114,1,7218017200,187601406,2.59907119645,18433271698,32118456974,0.573915232382,6388,0,0,0,0,0,0,3,0,0,0,0
24,cn3345,final_mesh_save,io,0,0,0,0,0,0,0,0,0,0,0,0,0,0,0,0,0,0,0,0
24,cn3345,testout_io,io,0,0,0,0,0,0,0,0,0,0,0,0,0,0,0,0,0,0,0,0
24,cn3345,final_count_exchange,communication,0,0,0,0,0,0,0,0,0,0,0,0,0,0,0,0,0,0,0,0
24,cn3345,quality_surface_compute,postprocess,0,0,0,0,0,0,0,0,0,0,0,0,0,0,0,0,0,0,0,0
24,cn3345,quality_reduce_pre_collective_wait,synchronization,0,0,0,0,0,0,0,0,0,0,0,0,0,0,0,0,0,0,0,0
24,cn3345,quality_reduce,communication,0,0,0,0,0,0,0,0,0,0,0,0,0,0,0,0,0,0,0,0
24,cn3345,quality_summary_io,io,0,0,0,0,0,0,0,0,0,0,0,0,0,0,0,0,0,0,0,0
24,cn3345,quality_volume_compute,postprocess,0,0,0,0,0,0,0,0,0,0,0,0,0,0,0,0,0,0,0,0
24,cn3345,quality_rank_io,io,0,0,0,0,0,0,0,0,0,0,0,0,0,0,0,0,0,0,0,0
25,cn3345,geometry_load,io,2.015277951,1,1402261916,26061488,1.85853211177,3315816884,3788896933,0.875140428107,6108,0,1035186,0,823296,0,352,10,0,0,0,0
25,cn3345,coarse_local_size,setup,0.704358752,1,266410834,6361336,2.38779178177,631635731,907903243,0.695708200042,8321,0,0,0,0,0,184,60,0,0,0,0
25,cn3345,coarse_edge_mesh,setup,0.0130840930001,1,6278805,173668,2.76594033419,12803429,25578821,0.500548051061,506,0,0,0,0,0,0,0,0,0,0,0
25,cn3345,coarse_surface_mesh,setup,8.669367675,1,5673357373,163371428,2.87962518944,15311672326,18850667190,0.812261559321,16884,0,0,0,0,0,0,16,0,0,0,0
25,cn3345,coarse_volume_mesh,setup,14.956083804,1,5331696055,127281666,2.38726410296,13456773420,22395657726,0.600865292042,30666,0,0,0,0,0,83906,2781567,0,0,0,0
25,cn3345,coarse_mesh_save,io,0,0,0,0,0,0,0,0,0,0,0,0,0,0,0,0,0,0,0,0
25,cn3345,submesh_initialization,setup,0.000347624000369,1,3529218548,79393971,2.24961899979,9553916351,16193362636,0.589989649819,56,0,0,0,0,0,1,0,0,0,0,0
25,cn3345,metis_partition,compute,0.182130628,1,3642104142,85435886,2.34578371922,9815216518,16584322715,0.591837043132,2093,0,0,0,0,0,1,0,0,0,0,0
25,cn3345,face_map_setup,compute,0.00843181800019,1,3532308651,79457855,2.24945957023,9561807231,16210226067,0.589862670112,580,0,0,0,0,0,0,0,0,0,0,0
25,cn3345,face_local_extract,compute,0.171800027,1,3590317273,81550120,2.27139034796,9717115585,16566566368,0.58654976349,792,0,0,0,0,0,0,1,0,0,0,0
25,cn3345,face_pre_collective_wait,synchronization,0.0132963349997,1,3545755475,79389729,2.23900744312,9586554598,16222200495,0.590952787259,12,0,0,0,0,0,0,0,0,0,0,0
25,cn3345,face_collective_setup,compute,0.00271395199979,1,3529138439,79390539,2.24957281706,9553770624,16193350255,0.589981101721,16,0,0,0,0,0,4,0,0,0,0,0
25,cn3345,face_allgatherv,communication,0.0796582309999,1,3668172544,79843853,2.17666568413,9824801938,16348600463,0.600956758362,892,0,0,0,0,0,9,0,1,1,75808,4859624
25,cn3345,face_global_merge,compute,0.0830884910001,1,3547246590,80225686,2.26163262025,9598182975,16373111547,0.586216184227,606,0,0,0,0,0,0,0,0,0,0,0
25,cn3345,part_face_create,compute,0.0203533579997,1,3533640460,79565122,2.25164735634,9564193351,16237213901,0.589029214575,27,0,0,0,0,0,0,0,0,0,0,0
25,cn3345,surface_refine,compute,0.0173959039998,1,3534584472,79629758,2.25287466266,9564714824,16230738633,0.589296337047,53,0,0,0,0,0,0,0,0,0,0,0
25,cn3345,refined_surface_save,io,0,0,0,0,0,0,0,0,0,0,0,0,0,0,0,0,0,0,0,0
25,cn3345,local_volume_mesh,compute,12.743140708,1,7681462676,172573817,2.24662703289,20803488221,34929921472,0.595577869755,6112,0,0,0,0,0,59857,2568354,0,0,0,0
25,cn3345,volume_refine,compute,0.924386707,1,4955974755,108797741,2.19528440677,13211913724,22677892135,0.582590024035,7161,0,0,0,0,0,0,1,0,0,0,0
25,cn3345,refined_volume_save,io,0,0,0,0,0,0,0,0,0,0,0,0,0,0,0,0,0,0,0,0
25,cn3345,adjacency_build,compute,0.00416416799999,1,4662576785,97013275,2.08067940698,12647936342,20837619363,0.606976071578,6,0,0,0,0,0,0,0,0,0,0,0
25,cn3345,vertex_numbering_local,compute,0.0129680309997,1,4666409506,97098166,2.08078964941,12656968739,20856868021,0.606848963433,7,0,0,0,0,0,0,0,0,0,0,0
25,cn3345,vertex_count_pre_collective_wait,synchronization,4.334717638,1,10135362917,96988590,0.95693258144,23436977116,30353626258,0.77213104348,70,0,0,0,0,0,0,3,0,0,0,0
25,cn3345,vertex_count_allgather,communication,0.012508926,1,4674003016,96982960,2.07494431792,12670299404,20850047240,0.607686843975,49,0,0,0,0,0,2,0,1,1,4,256
25,cn3345,element_count_pre_collective_wait,synchronization,0.000584587000048,1,4662423551,96981215,2.08006016483,12647468451,20829799301,0.607181484,3,0,0,0,0,0,0,0,0,0,0,0
25,cn3345,element_count_allgather,communication,0.000232102999689,1,4661968624,96980691,2.08025190261,12646571638,20828940935,0.607163450003,1,0,0,0,0,0,0,0,1,1,4,256
25,cn3345,vertex_exchange_prepare,compute,4.80409999e-05,1,4661769849,96980477,2.08033601274,12646184446,20828601512,0.607154754903,7,0,0,0,0,0,0,0,0,0,0,0
25,cn3345,vertex_exchange,communication,0.00509143900035,1,4667942446,97020709,2.07844698435,12658207962,20838784420,0.607435045484,84,0,0,0,0,0,0,0,4,2,89672,46178
25,cn3345,vertex_exchange_unpack,compute,0.00112471300008,1,4662031310,96985389,2.08032470292,12646801248,20830216172,0.60713730206,397,0,0,0,0,0,0,0,0,0,0,0
25,cn3345,partition_result_io,io,0,0,0,0,0,0,0,0,0,0,0,0,0,0,0,0,0,0,0,0
25,cn3345,volume_exchange_pack,compute,0.233355608,2,9463909733,195921671,2.07019801041,25689715931,42159503613,0.609345787531,1872,0,0,0,0,0,0,0,0,0,0,0
25,cn3345,volume_size_exchange,communication,0.0679798750002,1,4745464478,97675380,2.05828914014,12811263076,20977868134,0.610703766187,2,0,0,0,0,0,0,0,4,4,16,16
25,cn3345,volume_payload_prepare,compute,0.000167961999978,1,4661770198,96980524,2.0803368652,12646242271,20828703687,0.607154552729,34,0,0,0,0,0,0,0,0,0,0,0
25,cn3345,volume_payload_exchange,communication,0.0222703210002,1,4687507249,96994559,2.06921405872,12697108063,20875017719,0.608244181342,137,0,0,0,0,0,1,0,4,4,1424400,1420080
25,cn3345,volume_exchange_unpack,compute,0.18637984,1,4784669397,99735046,2.08447099945,12994711700,21188241289,0.613298268731,7994,0,0,0,0,0,0,4,0,0,0,0
25,cn3345,final_mesh_save,io,0,0,0,0,0,0,0,0,0,0,0,0,0,0,0,0,0,0,0,0
25,cn3345,testout_io,io,0,0,0,0,0,0,0,0,0,0,0,0,0,0,0,0,0,0,0,0
25,cn3345,final_count_exchange,communication,0,0,0,0,0,0,0,0,0,0,0,0,0,0,0,0,0,0,0,0
25,cn3345,quality_surface_compute,postprocess,0,0,0,0,0,0,0,0,0,0,0,0,0,0,0,0,0,0,0,0
25,cn3345,quality_reduce_pre_collective_wait,synchronization,0,0,0,0,0,0,0,0,0,0,0,0,0,0,0,0,0,0,0,0
25,cn3345,quality_reduce,communication,0,0,0,0,0,0,0,0,0,0,0,0,0,0,0,0,0,0,0,0
25,cn3345,quality_summary_io,io,0,0,0,0,0,0,0,0,0,0,0,0,0,0,0,0,0,0,0,0
25,cn3345,quality_volume_compute,postprocess,0,0,0,0,0,0,0,0,0,0,0,0,0,0,0,0,0,0,0,0
25,cn3345,quality_rank_io,io,0,0,0,0,0,0,0,0,0,0,0,0,0,0,0,0,0,0,0,0
26,cn3345,geometry_load,io,2.024272777,1,1415949626,22343114,1.57795966677,3315117307,3896130945,0.85087420156,6110,0,1035186,0,77824,0,325,17,0,0,0,0
26,cn3345,coarse_local_size,setup,0.571070914,1,268687132,6035128,2.24615446042,632453974,927479886,0.681905865072,8167,0,0,0,0,0,139,75,0,0,0,0
26,cn3345,coarse_edge_mesh,setup,0.0148404330002,1,6320182,174838,2.76634438692,12804230,28660603,0.44675368484,526,0,0,0,0,0,0,1,0,0,0,0
26,cn3345,coarse_surface_mesh,setup,8.969242179,1,5676747911,163996114,2.88890957589,15314004333,19494092984,0.785571523926,17739,0,0,0,0,0,3,10,0,0,0,0
26,cn3345,coarse_volume_mesh,setup,15.097836961,1,5298483151,127967278,2.41516815951,13395888694,22750666888,0.588813011941,27306,0,0,0,0,0,86804,2786764,0,0,0,0
26,cn3345,coarse_mesh_save,io,0,0,0,0,0,0,0,0,0,0,0,0,0,0,0,0,0,0,0,0
26,cn3345,submesh_initialization,setup,0.00033432400005,1,3388023871,83075603,2.45203712144,8349763011,13746779449,0.60739775756,1,0,0,0,0,0,1,0,0,0,0,0
26,cn3345,metis_partition,compute,0.187281169,1,3500685750,89133735,2.54617927359,8611017242,14148024162,0.608637442473,1984,0,0,0,0,0,0,0,0,0,0,0
26,cn3345,face_map_setup,compute,0.00846579900008,1,3391100732,83149112,2.45198000801,8357654009,13763638569,0.607227076409,625,0,0,0,0,0,0,0,0,0,0,0
26,cn3345,face_local_extract,compute,0.175381049,1,3449357726,85238395,2.47113815878,8512962593,14125690025,0.602658176552,845,0,0,0,0,0,0,2,0,0,0,0
26,cn3345,face_pre_collective_wait,synchronization,0.00739738600032,1,3396791077,83071322,2.44558231922,8367055851,13762682564,0.607952396787,25,0,0,0,0,0,0,0,0,0,0,0
26,cn3345,face_collective_setup,compute,0.000110180999854,1,3387941429,83072075,2.45199265515,8349617071,13746603262,0.607394925995,17,0,0,0,0,0,0,0,0,0,0,0
26,cn3345,face_allgatherv,communication,0.0794585489998,1,3525183371,83514454,2.36908112886,8617024326,13901152866,0.619878394912,1027,0,0,0,0,0,10,0,1,1,75808,4859624
26,cn3345,face_global_merge,compute,0.0868263349998,1,3406125200,83976286,2.46544918549,8394029539,13935231925,0.602360232264,560,0,0,0,0,0,0,0,0,0,0,0
26,cn3345,part_face_create,compute,0.0215596519997,1,3392470972,83261901,2.4543143239,8360136507,13793089002,0.60611053157,32,0,0,0,0,0,0,0,0,0,0,0
26,cn3345,surface_refine,compute,0.021182987,1,3394402411,83350072,2.45551534284,8362831719,13792550535,0.606329605085,11,0,0,0,0,0,0,0,0,0,0,0
26,cn3345,refined_surface_save,io,0,0,0,0,0,0,0,0,0,0,0,0,0,0,0,0,0,0,0,0
26,cn3345,local_volume_mesh,compute,15.325971065,1,8286944420,199649071,2.40920007281,21588184255,36992194647,0.58358755032,12045,0,0,0,0,0,68294,2950777,0,0,0,0
26,cn3345,volume_refine,compute,1.057646365,1,8643058772,213840657,2.47413170084,22265034051,39120296209,0.569142777755,8234,0,0,0,0,0,0,2,0,0,0,0
26,cn3345,refined_volume_save,io,0,0,0,0,0,0,0,0,0,0,0,0,0,0,0,0,0,0,0,0
26,cn3345,adjacency_build,compute,0.00416112899984,1,8287791121,199682887,2.4093619649,21590045362,37001156164,0.583496506604,5,0,0,0,0,0,0,0,0,0,0,0
26,cn3345,vertex_numbering_local,compute,0.0152619790001,1,8292567105,199810905,2.40951809578,21601398003,37025543089,0.583418802287,5,0,0,0,0,0,0,0,0,0,0,0
26,cn3345,vertex_count_pre_collective_wait,synchronization,1.607923798,1,10227571027,199651302,1.95208912725,25417233808,40526729809,0.627172089329,30,0,0,0,0,0,0,8,0,0,0,0
26,cn3345,vertex_count_allgather,communication,0.0123806450001,1,8298396737,199651234,2.40590128826,21610762003,37013182378,0.583866628443,24,0,0,0,0,0,4,0,1,1,4,256
26,cn3345,element_count_pre_collective_wait,synchronization,0.000805289999789,1,8287800831,199649371,2.40895474048,21589872198,36993865183,0.58360682484,0,0,0,0,0,0,0,0,0,0,0,0
26,cn3345,element_count_allgather,communication,0.000158322000061,1,8287091053,199648848,2.40915475314,21588470545,36992435445,0.583591490674,0,0,0,0,0,0,0,0,1,1,4,256
26,cn3345,vertex_exchange_prepare,compute,1.81800000973e-05,1,8286940655,199648686,2.40919652151,21588182759,36992136689,0.583588424224,0,0,0,0,0,0,0,0,0,0,0,0
26,cn3345,vertex_exchange,communication,0.00162107899996,1,8289528499,199657271,2.40854797742,21593269997,36995130157,0.583678714073,28,0,0,0,0,0,0,0,2,1,58234,110220
26,cn3345,vertex_exchange_unpack,compute,0.00173809999978,1,8287562143,199659643,2.40914806495,21589674217,36995912877,0.583569171243,0,0,0,0,0,0,0,0,0,0,0,0
26,cn3345,partition_result_io,io,0,0,0,0,0,0,0,0,0,0,0,0,0,0,0,0,0,0,0,0
26,cn3345,volume_exchange_pack,compute,0.320970373,2,16752055915,402053336,2.40002384209,43684448333,74683164164,0.584930336335,649,0,0,0,0,0,0,0,0,0,0,0
26,cn3345,volume_size_exchange,communication,7.7161000263e-05,1,8286942065,199648792,2.40919739071,21588177353,36992159925,0.583587911513,2,0,0,0,0,0,0,0,2,2,8,8
26,cn3345,volume_payload_prepare,compute,0.000235622999753,1,8286940914,199648705,2.40919667549,21588257613,36992368318,0.583586793563,34,0,0,0,0,0,0,0,0,0,0,0
26,cn3345,volume_payload_exchange,communication,0.00371520299996,1,8289369398,199659443,2.40862040782,21593001443,36997640248,0.583631855931,117,0,0,0,0,0,0,0,2,2,1768080,1765920
26,cn3345,volume_exchange_unpack,compute,0.223582034,1,8433923300,202841740,2.4050697734,22000050803,37422823496,0.587877897705,9395,0,0,0,0,0,0,0,0,0,0,0
26,cn3345,final_mesh_save,io,0,0,0,0,0,0,0,0,0,0,0,0,0,0,0,0,0,0,0,0
26,cn3345,testout_io,io,0,0,0,0,0,0,0,0,0,0,0,0,0,0,0,0,0,0,0,0
26,cn3345,final_count_exchange,communication,0,0,0,0,0,0,0,0,0,0,0,0,0,0,0,0,0,0,0,0
26,cn3345,quality_surface_compute,postprocess,0,0,0,0,0,0,0,0,0,0,0,0,0,0,0,0,0,0,0,0
26,cn3345,quality_reduce_pre_collective_wait,synchronization,0,0,0,0,0,0,0,0,0,0,0,0,0,0,0,0,0,0,0,0
26,cn3345,quality_reduce,communication,0,0,0,0,0,0,0,0,0,0,0,0,0,0,0,0,0,0,0,0
26,cn3345,quality_summary_io,io,0,0,0,0,0,0,0,0,0,0,0,0,0,0,0,0,0,0,0,0
26,cn3345,quality_volume_compute,postprocess,0,0,0,0,0,0,0,0,0,0,0,0,0,0,0,0,0,0,0,0
26,cn3345,quality_rank_io,io,0,0,0,0,0,0,0,0,0,0,0,0,0,0,0,0,0,0,0,0
27,cn3345,geometry_load,io,2.020995159,1,1401110924,27604536,1.97018919253,3315824226,3855771947,0.859963781981,6109,0,1035185,0,81920,0,356,16,0,0,0,0
27,cn3345,coarse_local_size,setup,0.574456014,1,266446832,6513306,2.44450495099,632164812,914831299,0.69101790974,8359,0,0,0,0,0,139,73,0,0,0,0
27,cn3345,coarse_edge_mesh,setup,0.0148341529998,1,6273078,169746,2.70594435459,12801035,28730649,0.445553283534,508,0,0,0,0,0,0,1,0,0,0,0
27,cn3345,coarse_surface_mesh,setup,8.928757565,1,5672157742,163339690,2.8796746746,15309537525,19418657861,0.788393185285,16229,0,0,0,0,0,6,10,0,0,0,0
27,cn3345,coarse_volume_mesh,setup,15.435056181,1,5324716271,129342193,2.42909079878,13451408858,23186126606,0.580149029917,30653,0,0,0,0,0,87442,2864106,0,0,0,0
27,cn3345,coarse_mesh_save,io,0,0,0,0,0,0,0,0,0,0,0,0,0,0,0,0,0,0,0,0
27,cn3345,submesh_initialization,setup,0.000221763000354,1,4300228905,113209945,2.63264927289,10595166711,18864904048,0.561633745077,58,0,0,0,0,0,0,0,0,0,0,0
27,cn3345,metis_partition,compute,0.186320938,1,4413964535,119269801,2.70210147939,10856406217,19267488995,0.563457242395,1845,0,0,0,0,0,0,0,0,0,0,0
27,cn3345,face_map_setup,compute,0.00835031799988,1,4303257847,113282586,2.63248427186,10603055409,18881569271,0.561555835578,616,0,0,0,0,0,0,0,0,0,0,0
27,cn3345,face_local_extract,compute,0.176897247,1,4361482575,115384483,2.64553350875,10758364855,19246621392,0.558974203102,811,0,0,0,0,0,0,2,0,0,0,0
27,cn3345,face_pre_collective_wait,synchronization,0.00697694200016,1,4308589591,113205382,2.62743479296,10611660400,18879935058,0.562060217231,10,0,0,0,0,0,0,0,0,0,0,0
27,cn3345,face_collective_setup,compute,0.000111641000331,1,4300145313,113206122,2.63261154589,10595020876,18864758626,0.561630343968,16,0,0,0,0,0,0,0,0,0,0,0
27,cn3345,face_allgatherv,communication,0.0792318859999,1,4435491016,113653246,2.56235996398,10858154568,19017898759,0.570943967343,1343,0,0,0,0,0,9,0,1,1,75808,4859624
27,cn3345,face_global_merge,compute,0.0887044769997,1,4318398596,114042481,2.64085119668,10639433216,19056788624,0.558301475969,690,0,0,0,0,0,0,0,0,0,0,0
27,cn3345,part_face_create,compute,0.0218066550001,1,4304675177,113392187,2.63416360904,10605528974,18912053809,0.560781450873,24,0,0,0,0,0,0,0,0,0,0,0
27,cn3345,surface_refine,compute,0.0216553529999,1,4306410676,113476436,2.63505839405,10607707082,18911452157,0.560914465687,62,0,0,0,0,0,0,0,0,0,0,0
27,cn3345,refined_surface_save,io,0,0,0,0,0,0,0,0,0,0,0,0,0,0,0,0,0,0,0,0
27,cn3345,local_volume_mesh,compute,14.52234413,1,9107537830,224854110,2.46887923166,23621772586,41223855957,0.573012204648,7737,0,0,0,0,0,63677,2658839,0,0,0,0
27,cn3345,volume_refine,compute,1.119655291,1,9456317297,237482534,2.51136384854,24287900365,43447112005,0.559022205255,15452,0,0,0,0,0,0,1,0,0,0,0
27,cn3345,refined_volume_save,io,0,0,0,0,0,0,0,0,0,0,0,0,0,0,0,0,0,0,0,0
27,cn3345,adjacency_build,compute,0.00676053899997,1,9108356971,224888015,2.46902943875,23623559858,41238155290,0.57285685288,210,0,0,0,0,0,0,0,0,0,0,0
27,cn3345,vertex_numbering_local,compute,0.0165674130003,1,9111870106,224965927,2.46893255043,23631866596,41259619466,0.572760168461,144,0,0,0,0,0,0,0,0,0,0,0
27,cn3345,vertex_count_pre_collective_wait,synchronization,2.343326396,1,11936165352,224857313,1.88383208819,29204028221,46375554048,0.629728934144,29,0,0,0,0,0,0,10,0,0,0,0
27,cn3345,vertex_count_allgather,communication,0.0125692869997,1,9118886686,224856696,2.46583496147,23644127069,41245093255,0.573259149223,25,0,0,0,0,0,3,0,1,1,4,256
27,cn3345,element_count_pre_collective_wait,synchronization,0.000563806999708,1,9108142153,224854838,2.46872341497,23622963176,41225080557,0.57302406343,0,0,0,0,0,0,0,0,0,0,0,0
27,cn3345,element_count_allgather,communication,0.000197242000013,1,9107741031,224854298,2.46882621316,23622173236,41224268319,0.573016191657,0,0,0,0,0,0,0,0,1,1,4,256
27,cn3345,vertex_exchange_prepare,compute,2.35610000345e-05,1,9107538986,224854150,2.46887935748,23621781202,41223895745,0.573011860599,0,0,0,0,0,0,0,0,0,0,0,0
27,cn3345,vertex_exchange,communication,0.00205826399997,1,9109895034,224867723,2.46838983502,23626555569,41227835138,0.573072912752,28,0,0,0,0,0,0,0,3,3,27984,80476
27,cn3345,vertex_exchange_unpack,compute,0.00135307599976,1,9107985115,224862713,2.46885244278,23622852045,41226811678,0.57299730645,0,0,0,0,0,0,0,0,0,0,0,0
27,cn3345,partition_result_io,io,0,0,0,0,0,0,0,0,0,0,0,0,0,0,0,0,0,0,0,0
27,cn3345,volume_exchange_pack,compute,0.242643097,2,18377521506,451770130,2.45827561596,47708358461,82978503871,0.574948405134,180,0,0,0,0,0,0,0,0,0,0,0
27,cn3345,volume_size_exchange,communication,0.0785209180003,1,9198206098,224857217,2.44457685123,23801012649,41391386724,0.575023320859,14,0,0,0,0,0,0,0,4,4,16,16
27,cn3345,volume_payload_prepare,compute,0.000174541999968,1,9107539189,224854200,2.46887985145,23621816359,41223998316,0.573011287695,34,0,0,0,0,0,0,0,0,0,0,0
27,cn3345,volume_payload_exchange,communication,0.00350454099998,1,9109573719,224869126,2.46849230202,23625815144,41229056714,0.573037974356,137,0,0,0,0,0,2,0,4,4,1110960,1110840
27,cn3345,volume_exchange_unpack,compute,0.208389076,1,9249394217,227827129,2.46315730149,24024432068,41623057401,0.577190470093,9321,0,0,0,0,0,0,0,0,0,0,0
27,cn3345,final_mesh_save,io,0,0,0,0,0,0,0,0,0,0,0,0,0,0,0,0,0,0,0,0
27,cn3345,testout_io,io,0,0,0,0,0,0,0,0,0,0,0,0,0,0,0,0,0,0,0,0
27,cn3345,final_count_exchange,communication,0,0,0,0,0,0,0,0,0,0,0,0,0,0,0,0,0,0,0,0
27,cn3345,quality_surface_compute,postprocess,0,0,0,0,0,0,0,0,0,0,0,0,0,0,0,0,0,0,0,0
27,cn3345,quality_reduce_pre_collective_wait,synchronization,0,0,0,0,0,0,0,0,0,0,0,0,0,0,0,0,0,0,0,0
27,cn3345,quality_reduce,communication,0,0,0,0,0,0,0,0,0,0,0,0,0,0,0,0,0,0,0,0
27,cn3345,quality_summary_io,io,0,0,0,0,0,0,0,0,0,0,0,0,0,0,0,0,0,0,0,0
27,cn3345,quality_volume_compute,postprocess,0,0,0,0,0,0,0,0,0,0,0,0,0,0,0,0,0,0,0,0
27,cn3345,quality_rank_io,io,0,0,0,0,0,0,0,0,0,0,0,0,0,0,0,0,0,0,0,0
28,cn3345,geometry_load,io,2.018329988,1,1416216758,26339905,1.85987807666,3316231760,3860636502,0.858985754883,6109,0,1035185,0,147456,0,341,4,0,0,0,0
28,cn3345,coarse_local_size,setup,0.568285541,1,269116164,6297606,2.34010692869,631455996,907966112,0.69546207469,7216,0,0,0,0,0,126,61,0,0,0,0
28,cn3345,coarse_edge_mesh,setup,0.0167387749998,1,6315889,170910,2.70603235744,12806516,27109260,0.472403746912,516,0,0,0,0,0,2,0,0,0,0,0
28,cn3345,coarse_surface_mesh,setup,8.742923814,1,5681220180,166697688,2.93418812717,15313630228,18988015249,0.806489252678,17461,0,0,0,0,0,11,16,0,0,0,0
28,cn3345,coarse_volume_mesh,setup,15.29467574,1,5332025764,130358097,2.44481371189,13475106622,22651999348,0.594874934216,28540,0,0,0,0,0,83504,2865716,0,0,0,0
28,cn3345,coarse_mesh_save,io,0,0,0,0,0,0,0,0,0,0,0,0,0,0,0,0,0,0,0,0
28,cn3345,submesh_initialization,setup,0.000287744000161,1,3448574963,73571118,2.1333773744,9437372268,15309180534,0.616451824253,1,0,0,0,0,0,1,0,0,0,0,0
28,cn3345,metis_partition,compute,0.181763964,1,3561099007,79622691,2.23590219883,9698631004,15700056709,0.617744966389,494,0,0,0,0,0,2,0,0,0,0,0
28,cn3345,face_map_setup,compute,0.00767247000022,1,3451604525,73633099,2.13330056983,9445264273,15325212466,0.616321913576,222,0,0,0,0,0,0,0,0,0,0,0
28,cn3345,face_local_extract,compute,0.175403669,1,3509703989,75738820,2.15798313013,9600571184,15690572391,0.611868767102,731,0,0,0,0,0,0,1,0,0,0,0
28,cn3345,face_pre_collective_wait,synchronization,0.0133699960002,1,3463404057,73646621,2.12642301585,9465642027,15338246597,0.617126733955,0,0,0,0,0,0,0,0,0,0,0,0
28,cn3345,face_collective_setup,compute,0.000441964999936,1,3448495331,73567663,2.13332644933,9437226388,15309062406,0.616447051931,16,0,0,0,0,0,1,0,0,0,0,0
28,cn3345,face_allgatherv,communication,0.0790233039997,1,3582629034,74207251,2.07130714053,9697695973,15462449846,0.627177198283,1009,0,0,0,0,0,9,0,1,1,75808,4859624
28,cn3345,face_global_merge,compute,0.0823615030004,1,3466708474,74424380,2.14683122501,9481637233,15488135179,0.612187143476,416,0,0,0,0,0,0,0,0,0,0,0
28,cn3345,part_face_create,compute,0.0200067740002,1,3453024469,73745458,2.13567724938,9447728102,15352328559,0.61539381897,3,0,0,0,0,0,0,0,0,0,0,0
28,cn3345,surface_refine,compute,0.020263717,1,3454733296,73821792,2.13683042003,9449906435,15353016913,0.615508110787,9,0,0,0,0,0,0,0,0,0,0,0
28,cn3345,refined_surface_save,io,0,0,0,0,0,0,0,0,0,0,0,0,0,0,0,0,0,0,0,0
28,cn3345,local_volume_mesh,compute,14.297719204,1,8199438225,190504774,2.32338812456,22311887330,37081222975,0.601703113866,7591,0,0,0,0,0,65300,2582857,0,0,0,0
28,cn3345,volume_refine,compute,1.026868645,1,8157420024,196851708,2.4131613601,21880296226,37654567892,0.581079466607,7594,0,0,0,0,0,0,2,0,0,0,0
28,cn3345,refined_volume_save,io,0,0,0,0,0,0,0,0,0,0,0,0,0,0,0,0,0,0,0,0
28,cn3345,adjacency_build,compute,0.00387404599996,1,7811611596,183552553,2.34973988074,21207373150,35594269208,0.595808640601,7,0,0,0,0,0,0,0,0,0,0,0
28,cn3345,vertex_numbering_local,compute,0.0147109719996,1,7817287560,183657191,2.34937233139,21220886635,35617986115,0.595791310786,7,0,0,0,0,0,0,0,0,0,0,0
28,cn3345,vertex_count_pre_collective_wait,synchronization,2.674837412,1,10782038070,205811925,1.90884064463,27058101094,41464554318,0.652559795687,28,0,0,0,0,0,0,6,0,0,0,0
28,cn3345,vertex_count_allgather,communication,0.0124013049999,1,7821413057,183606740,2.34748809022,21225792779,35606857746,0.596115302575,20,0,0,0,0,0,4,0,1,1,4,256
28,cn3345,element_count_pre_collective_wait,synchronization,0.000785910000104,1,7811558575,183525242,2.34940620669,21206983031,35587544531,0.595910263281,0,0,0,0,0,0,0,0,0,0,0,0
28,cn3345,element_count_allgather,communication,5.74809996579e-05,1,7810787230,183519167,2.34956044245,21205512538,35585939632,0.59589581608,0,0,0,0,0,0,0,0,1,1,4,256
28,cn3345,vertex_exchange_prepare,compute,1.82999997378e-05,1,7810763166,183518771,2.34956261123,21205473661,35585862168,0.595896020754,0,0,0,0,0,0,0,0,0,0,0,0
28,cn3345,vertex_exchange,communication,0.00206144399999,1,7813935531,183531645,2.34877347365,21211795130,35589500322,0.596012726734,62,0,0,0,0,0,0,0,4,4,116820,91058
28,cn3345,vertex_exchange_unpack,compute,0.00140575700016,1,7811280937,183528613,2.34953286766,21206709284,35588906046,0.595879773787,0,0,0,0,0,0,0,0,0,0,0,0
28,cn3345,partition_result_io,io,0,0,0,0,0,0,0,0,0,0,0,0,0,0,0,0,0,0,0,0
28,cn3345,volume_exchange_pack,compute,0.280290117,2,15794248768,369784740,2.34126197093,42898887649,71780239224,0.59764202673,723,0,0,0,0,0,0,0,0,0,0,0
28,cn3345,volume_size_exchange,communication,4.94010000693e-05,1,7810766147,183518951,2.34956401902,21205472974,35585880041,0.59589570216,1,0,0,0,0,0,0,0,5,5,20,20
28,cn3345,volume_payload_prepare,compute,0.000449005000064,1,7810763894,183518892,2.34956394138,21205538366,35586043400,0.595894804254,103,0,0,0,0,0,0,0,0,0,0,0
28,cn3345,volume_payload_exchange,communication,0.0428548609998,1,7854796298,183777311,2.3396827114,21292509270,35674524641,0.596854743946,353,0,0,0,0,0,1,0,5,5,2198880,2206200
28,cn3345,volume_exchange_unpack,compute,0.235607434,1,7963682496,186933778,2.3473283634,21637716725,36043468354,0.600322824443,9684,0,0,0,0,0,0,0,0,0,0,0
28,cn3345,final_mesh_save,io,0,0,0,0,0,0,0,0,0,0,0,0,0,0,0,0,0,0,0,0
28,cn3345,testout_io,io,0,0,0,0,0,0,0,0,0,0,0,0,0,0,0,0,0,0,0,0
28,cn3345,final_count_exchange,communication,0,0,0,0,0,0,0,0,0,0,0,0,0,0,0,0,0,0,0,0
28,cn3345,quality_surface_compute,postprocess,0,0,0,0,0,0,0,0,0,0,0,0,0,0,0,0,0,0,0,0
28,cn3345,quality_reduce_pre_collective_wait,synchronization,0,0,0,0,0,0,0,0,0,0,0,0,0,0,0,0,0,0,0,0
28,cn3345,quality_reduce,communication,0,0,0,0,0,0,0,0,0,0,0,0,0,0,0,0,0,0,0,0
28,cn3345,quality_summary_io,io,0,0,0,0,0,0,0,0,0,0,0,0,0,0,0,0,0,0,0,0
28,cn3345,quality_volume_compute,postprocess,0,0,0,0,0,0,0,0,0,0,0,0,0,0,0,0,0,0,0,0
28,cn3345,quality_rank_io,io,0,0,0,0,0,0,0,0,0,0,0,0,0,0,0,0,0,0,0,0
29,cn3345,geometry_load,io,2.014484202,1,1400701574,26701358,1.90628457165,3316254603,3785630988,0.876011056945,6110,0,1035185,0,4096,0,378,14,0,0,0,0
29,cn3345,coarse_local_size,setup,0.579103507,1,267538526,5950561,2.22418845202,632899646,906310104,0.698325709056,8384,0,0,0,0,0,175,96,0,0,0,0
29,cn3345,coarse_edge_mesh,setup,0.014717952,1,6317020,179409,2.84008915596,12807542,28271617,0.453017667861,506,0,0,0,0,0,0,4,0,0,0,0
29,cn3345,coarse_surface_mesh,setup,8.712732241,1,5672351918,162334160,2.8618492355,15312601796,18952319400,0.807953975069,12369,0,0,0,0,0,6,11,0,0,0,0
29,cn3345,coarse_volume_mesh,setup,14.948382954,1,5315733833,125706866,2.3648073803,13439647028,22331043624,0.60183694297,26453,0,0,0,0,0,82630,2732770,0,0,0,0
29,cn3345,coarse_mesh_save,io,0,0,0,0,0,0,0,0,0,0,0,0,0,0,0,0,0,0,0,0
29,cn3345,submesh_initialization,setup,0.00013976199989,1,3272905278,92754456,2.83400979012,7878688643,13905331696,0.566594800847,7,0,0,0,0,0,0,0,0,0,0,0
29,cn3345,metis_partition,compute,0.181335799,1,3385473612,98787882,2.91799297002,8139961546,14294662611,0.569440620427,362,0,0,0,0,0,1,0,0,0,0,0
29,cn3345,face_map_setup,compute,0.00779917099999,1,3275947589,92820374,2.83339007961,7886583615,13921614135,0.566499224768,218,0,0,0,0,0,0,0,0,0,0,0
29,cn3345,face_local_extract,compute,0.172053411,1,3333997793,94905726,2.84660434387,8041885572,14275975854,0.563315997046,675,0,0,0,0,0,0,3,0,0,0,0
29,cn3345,face_pre_collective_wait,synchronization,0.0134289169996,1,3287775254,92750240,2.82106387555,7908052270,13934540085,0.567514408209,0,0,0,0,0,0,0,0,0,0,0,0
29,cn3345,face_collective_setup,compute,0.00406164800006,1,3272825242,92751142,2.83397783694,7878542903,13905270045,0.566586832007,16,0,0,0,0,0,4,0,0,0,0,0
29,cn3345,face_allgatherv,communication,0.0788687219997,1,3406955634,93210262,2.73588129736,8139893970,14057137715,0.579057709687,1343,0,0,0,0,0,9,0,1,1,75808,4859624
29,cn3345,face_global_merge,compute,0.0831586919999,1,3290986040,93611939,2.84449517142,7922954286,14085513530,0.562489558448,493,0,0,0,0,0,0,0,0,0,0,0
29,cn3345,part_face_create,compute,0.0203019780001,1,3277337688,92930179,2.83553871608,7889008549,13949023920,0.565559898258,3,0,0,0,0,0,0,0,0,0,0,0
29,cn3345,surface_refine,compute,0.0198962129998,1,3278686116,93006713,2.8367068304,7890397769,13948131624,0.565695677507,52,0,0,0,0,0,0,0,0,0,0,0
29,cn3345,refined_surface_save,io,0,0,0,0,0,0,0,0,0,0,0,0,0,0,0,0,0,0,0,0
29,cn3345,local_volume_mesh,compute,13.181356551,1,7505254677,191787435,2.55537544366,19302237524,33644070563,0.573718851524,4423,0,0,0,0,0,66377,2388096,0,0,0,0
29,cn3345,volume_refine,compute,0.973196418,1,6330468491,152425536,2.4078081459,15656731424,26911146055,0.581793558401,5468,0,0,0,0,0,0,1,0,0,0,0
29,cn3345,refined_volume_save,io,0,0,0,0,0,0,0,0,0,0,0,0,0,0,0,0,0,0,0,0
29,cn3345,adjacency_build,compute,0.00409480799999,1,6023402407,140095124,2.32584699699,15062354703,24968531426,0.603253529253,0,0,0,0,0,0,0,0,0,0,0,0
29,cn3345,vertex_numbering_local,compute,0.0160505269996,1,6028523003,140188260,2.32541635705,15074600793,24993990630,0.603129008735,95,0,0,0,0,0,0,0,0,0,0,0
29,cn3345,vertex_count_pre_collective_wait,synchronization,3.842676686,1,10371008335,140066256,1.35055581363,23638391629,33406237976,0.707604120104,1,0,0,0,0,0,0,13,0,0,0,0
29,cn3345,vertex_count_allgather,communication,0.0125216259999,1,6033195330,140064109,2.32155767117,15081337055,24980783226,0.603717542343,48,0,0,0,0,0,4,0,1,1,4,256
29,cn3345,element_count_pre_collective_wait,synchronization,0.000681428000007,1,6023267609,140062772,2.3253619313,15061901674,24961020832,0.6034168945,0,0,0,0,0,0,0,0,0,0,0,0
29,cn3345,element_count_allgather,communication,0.000200641999982,1,6022753223,140062998,2.3255642862,15060887668,24959961247,0.603401885081,0,0,0,0,0,0,0,0,1,1,4,256
29,cn3345,vertex_exchange_prepare,compute,0.000195882999833,1,6022570096,140061436,2.32560906336,15060534921,24959621862,0.603395957049,34,0,0,0,0,0,0,0,0,0,0,0
29,cn3345,vertex_exchange,communication,0.00519226100005,1,6028846304,140072739,2.32337551725,15072954254,24969730935,0.603649045848,48,0,0,0,0,0,0,0,3,4,58850,133760
29,cn3345,vertex_exchange_unpack,compute,0.00206276399967,1,6023318014,140075803,2.3255588145,15062327335,24964058408,0.60336052291,0,0,0,0,0,0,0,0,0,0,0,0
29,cn3345,partition_result_io,io,0,0,0,0,0,0,0,0,0,0,0,0,0,0,0,0,0,0,0,0
29,cn3345,volume_exchange_pack,compute,0.280003114,2,12203982608,282314680,2.31329959299,30571760899,50525329406,0.605077913562,823,0,0,0,0,0,0,0,0,0,0,0
29,cn3345,volume_size_exchange,communication,0.00063918800015,1,6023221085,140061504,2.32535884078,15061801401,24960846940,0.603417081047,3,0,0,0,0,0,0,0,5,5,20,20
29,cn3345,volume_payload_prepare,compute,0.000432864999766,1,6022570676,140061435,2.32560882279,15060572724,24959694887,0.603395706245,102,0,0,0,0,0,0,0,0,0,0,0
29,cn3345,volume_payload_exchange,communication,0.0416478669999,1,6065523016,140077353,2.30940271153,15145516036,25045983207,0.604708384208,343,0,0,0,0,0,0,0,5,5,2048640,2046480
29,cn3345,volume_exchange_unpack,compute,0.206304232,1,6154516036,144840600,2.35340356825,15430750811,25359118952,0.60848923183,8459,0,0,0,0,0,0,0,0,0,0,0
29,cn3345,final_mesh_save,io,0,0,0,0,0,0,0,0,0,0,0,0,0,0,0,0,0,0,0,0
29,cn3345,testout_io,io,0,0,0,0,0,0,0,0,0,0,0,0,0,0,0,0,0,0,0,0
29,cn3345,final_count_exchange,communication,0,0,0,0,0,0,0,0,0,0,0,0,0,0,0,0,0,0,0,0
29,cn3345,quality_surface_compute,postprocess,0,0,0,0,0,0,0,0,0,0,0,0,0,0,0,0,0,0,0,0
29,cn3345,quality_reduce_pre_collective_wait,synchronization,0,0,0,0,0,0,0,0,0,0,0,0,0,0,0,0,0,0,0,0
29,cn3345,quality_reduce,communication,0,0,0,0,0,0,0,0,0,0,0,0,0,0,0,0,0,0,0,0
29,cn3345,quality_summary_io,io,0,0,0,0,0,0,0,0,0,0,0,0,0,0,0,0,0,0,0,0
29,cn3345,quality_volume_compute,postprocess,0,0,0,0,0,0,0,0,0,0,0,0,0,0,0,0,0,0,0,0
29,cn3345,quality_rank_io,io,0,0,0,0,0,0,0,0,0,0,0,0,0,0,0,0,0,0,0,0
30,cn3345,geometry_load,io,2.012935584,1,1400888263,22835778,1.63009274923,3316175322,3785130082,0.876106038672,6109,0,1035185,0,12288,0,386,13,0,0,0,0
30,cn3345,coarse_local_size,setup,0.579254869,1,267265753,6522310,2.44038374793,631710817,918542456,0.687731756843,8363,0,0,0,0,0,143,69,0,0,0,0
30,cn3345,coarse_edge_mesh,setup,0.0149165140001,1,6315826,186278,2.94938460939,12803620,28825928,0.444170262272,516,0,0,0,0,0,0,1,0,0,0,0
30,cn3345,coarse_surface_mesh,setup,8.771552928,1,5675530465,168224107,2.96402438569,15314093042,19071377524,0.802988301329,15630,0,0,0,0,0,2,45,0,0,0,0
30,cn3345,coarse_volume_mesh,setup,15.026627548,1,5286752814,125600410,2.37575718818,13364811589,22357700040,0.597772202198,24482,0,0,0,0,0,87486,2720205,0,0,0,0
30,cn3345,coarse_mesh_save,io,0,0,0,0,0,0,0,0,0,0,0,0,0,0,0,0,0,0,0,0
30,cn3345,submesh_initialization,setup,0.000246903000061,1,4103524743,103865312,2.53112430179,10082082994,17181277322,0.586806370973,2,0,0,0,0,0,0,0,0,0,0,0
30,cn3345,metis_partition,compute,0.182899517,1,4217297570,109932250,2.60669891501,10343370472,17575067483,0.588525220856,366,0,0,0,0,0,1,0,0,0,0,0
30,cn3345,face_map_setup,compute,0.00821561599969,1,4106565419,103962868,2.53162576003,10089978818,17198426062,0.586680361425,223,0,0,0,0,0,0,0,0,0,0,0
30,cn3345,face_local_extract,compute,0.172670178,1,4164687894,106032086,2.54597916335,10245281859,17556596053,0.583557417854,616,0,0,0,0,0,0,2,0,0,0,0
30,cn3345,face_pre_collective_wait,synchronization,0.0134708170003,1,4119028838,103860932,2.52149077088,10112785064,17210559067,0.587591897778,0,0,0,0,0,0,0,0,0,0,0,0
30,cn3345,face_collective_setup,compute,0.001391496,1,4103444492,103861798,2.53108816757,10081937158,17181183801,0.586801076967,16,0,0,0,0,0,2,0,0,0,0,0
30,cn3345,face_allgatherv,communication,0.0787243,1,4238882583,104320363,2.46103450514,10345861228,17334119304,0.596849545486,841,0,0,0,0,0,14,0,1,1,75808,4859624
30,cn3345,face_global_merge,compute,0.0844316069997,1,4121574695,104761184,2.54177569867,10126348873,17364643674,0.583159036437,384,0,0,0,0,0,0,0,0,0,0,0
30,cn3345,part_face_create,compute,0.0204911999999,1,4107951841,104043690,2.53273879605,10092381321,17225430788,0.58590008257,3,0,0,0,0,0,0,0,0,0,0,0
30,cn3345,surface_refine,compute,0.0197636309999,1,4108985173,104120203,2.53396395013,10093183764,17223814807,0.586001642325,54,0,0,0,0,0,0,0,0,0,0,0
30,cn3345,refined_surface_save,io,0,0,0,0,0,0,0,0,0,0,0,0,0,0,0,0,0,0,0,0
30,cn3345,local_volume_mesh,compute,13.549720579,1,8417853520,200347287,2.38002819275,21682062439,37003812055,0.585941318877,7500,0,0,0,0,0,68242,2662667,0,0,0,0
30,cn3345,volume_refine,compute,1.010842078,1,8581990702,210935873,2.45788978717,21894613069,38515336653,0.568464797965,8769,0,0,0,0,0,0,2,0,0,0,0
30,cn3345,refined_volume_save,io,0,0,0,0,0,0,0,0,0,0,0,0,0,0,0,0,0,0,0,0
30,cn3345,adjacency_build,compute,0.00638639499994,1,8282178595,199121066,2.40421120743,21316785142,36524632493,0.583627642142,10,0,0,0,0,0,0,0,0,0,0,0
30,cn3345,vertex_numbering_local,compute,0.0175989459999,1,8287702038,199249795,2.40416214394,21329980346,36548396583,0.58360919603,114,0,0,0,0,0,0,0,0,0,0,0
30,cn3345,vertex_count_pre_collective_wait,synchronization,3.431477418,1,12245344496,199089943,1.62584191131,29125385984,44053114180,0.661142498689,31,0,0,0,0,0,0,39,0,0,0,0
30,cn3345,vertex_count_allgather,communication,0.012401985,1,8292209207,199086176,2.40088221402,21336319266,36531497171,0.584052692013,59,0,0,0,0,0,3,0,1,1,4,256
30,cn3345,element_count_pre_collective_wait,synchronization,0.000837909999973,1,8282179342,199084289,2.40376694079,21316543929,36512484796,0.583815208636,1,0,0,0,0,0,0,0,0,0,0,0
30,cn3345,element_count_allgather,communication,5.50609997845e-05,1,8281346540,199083769,2.40400239307,21314902110,36510787462,0.583797381313,0,0,0,0,0,0,0,0,1,1,4,256
30,cn3345,vertex_exchange_prepare,compute,0.000174702000095,1,8281319774,199083667,2.40400893134,21314858611,36510768038,0.583796500496,27,0,0,0,0,0,0,0,0,0,0,0
30,cn3345,vertex_exchange,communication,0.00556916599999,1,8288565904,199095422,2.40204909156,21329262234,36522056021,0.584010446228,35,0,0,0,0,0,0,0,3,3,101222,114950
30,cn3345,vertex_exchange_unpack,compute,0.00181712200038,1,8281961315,199095746,2.40396855802,21316393900,36514663448,0.583776266495,0,0,0,0,0,0,0,0,0,0,0,0
30,cn3345,partition_result_io,io,0,0,0,0,0,0,0,0,0,0,0,0,0,0,0,0,0,0,0,0
30,cn3345,volume_exchange_pack,compute,0.271782657,2,16717186374,400370172,2.39496146686,43065627652,73608307888,0.585064769014,1138,0,0,0,0,0,0,0,0,0,0,0
30,cn3345,volume_size_exchange,communication,0.00886914400007,1,8291395354,199083795,2.4010891593,21334721910,36530057758,0.584031978579,4,0,0,0,0,0,0,0,4,4,16,16
30,cn3345,volume_payload_prepare,compute,0.000335824000103,1,8281320160,199083616,2.40400820345,21314935286,36511085473,0.583793524894,34,0,0,0,0,0,0,0,0,0,0,0
30,cn3345,volume_payload_exchange,communication,0.0360979820002,1,8319591164,199103298,2.39318608421,21390478069,36584999232,0.584678926282,254,0,0,0,0,0,0,1,4,4,2301840,2284680
30,cn3345,volume_exchange_unpack,compute,0.205006897,1,8413695327,202083045,2.40183459403,21684816210,36908825929,0.587523868999,8206,0,0,0,0,0,0,0,0,0,0,0
30,cn3345,final_mesh_save,io,0,0,0,0,0,0,0,0,0,0,0,0,0,0,0,0,0,0,0,0
30,cn3345,testout_io,io,0,0,0,0,0,0,0,0,0,0,0,0,0,0,0,0,0,0,0,0
30,cn3345,final_count_exchange,communication,0,0,0,0,0,0,0,0,0,0,0,0,0,0,0,0,0,0,0,0
30,cn3345,quality_surface_compute,postprocess,0,0,0,0,0,0,0,0,0,0,0,0,0,0,0,0,0,0,0,0
30,cn3345,quality_reduce_pre_collective_wait,synchronization,0,0,0,0,0,0,0,0,0,0,0,0,0,0,0,0,0,0,0,0
30,cn3345,quality_reduce,communication,0,0,0,0,0,0,0,0,0,0,0,0,0,0,0,0,0,0,0,0
30,cn3345,quality_summary_io,io,0,0,0,0,0,0,0,0,0,0,0,0,0,0,0,0,0,0,0,0
30,cn3345,quality_volume_compute,postprocess,0,0,0,0,0,0,0,0,0,0,0,0,0,0,0,0,0,0,0,0
30,cn3345,quality_rank_io,io,0,0,0,0,0,0,0,0,0,0,0,0,0,0,0,0,0,0,0,0
31,cn3345,geometry_load,io,2.013708773,1,1406187659,25971431,1.84693919291,3317683848,3838015473,0.864426907953,6110,0,1035185,0,53248,0,359,13,0,0,0,0
31,cn3345,coarse_local_size,setup,0.574346452,1,267776154,6063142,2.26425763065,631135816,905897807,0.696696482896,7545,0,0,0,0,0,136,63,0,0,0,0
31,cn3345,coarse_edge_mesh,setup,0.0146579319999,1,6299034,176631,2.80409662815,12804664,28935285,0.442527661297,517,0,0,0,0,0,0,0,0,0,0,0
31,cn3345,coarse_surface_mesh,setup,8.7708519,1,5675941730,166215989,2.92843015145,15311203111,19053343512,0.803596654905,15641,0,0,0,0,0,13,83,0,0,0,0
31,cn3345,coarse_volume_mesh,setup,15.332105339,1,5347227497,134374420,2.51297368731,13496430857,22788882090,0.592237513174,30177,0,0,0,0,0,84991,2840273,0,0,0,0
31,cn3345,coarse_mesh_save,io,0,0,0,0,0,0,0,0,0,0,0,0,0,0,0,0,0,0,0,0
31,cn3345,submesh_initialization,setup,0.000194962000023,1,4281499086,110686508,2.58522787876,10622613956,17927612139,0.592528099874,63,0,0,0,0,0,0,0,0,0,0,0
31,cn3345,metis_partition,compute,0.185948153,1,4395607673,116760217,2.6562929562,10883844855,18324171284,0.593961095774,1962,0,0,0,0,0,1,1,0,0,0,0
31,cn3345,face_map_setup,compute,0.00822749700001,1,4284566826,110754274,2.58495849167,10630508325,17944104337,0.59242345705,603,0,0,0,0,0,0,0,0,0,0,0
31,cn3345,face_local_extract,compute,0.173655469,1,4342559493,112822168,2.59805693352,10785812893,18304906684,0.58923069531,784,0,0,0,0,0,0,1,0,0,0,0
31,cn3345,face_pre_collective_wait,synchronization,0.0107363060001,1,4293774616,110682266,2.57773814181,10646022162,17950855474,0.593064891945,14,0,0,0,0,0,0,0,0,0,0,0
31,cn3345,face_collective_setup,compute,0.000110780999876,1,4281419080,110682901,2.58519194061,10622468033,17927477784,0.592524400866,16,0,0,0,0,0,0,0,0,0,0,0
31,cn3345,face_allgatherv,communication,0.0787765810001,1,4418252167,111110979,2.51481750702,10889190941,18082243722,0.602203526753,716,0,0,0,0,0,12,0,1,1,75808,4859624
31,cn3345,face_global_merge,compute,0.0851631959999,1,4299501443,111545145,2.5943739403,10666878670,18111847167,0.588944825541,665,0,0,0,0,0,0,0,0,0,0,0
31,cn3345,part_face_create,compute,0.020442819,1,4285862662,110861355,2.58667539637,10632819280,17971797526,0.591639164898,25,0,0,0,0,0,0,0,0,0,0,0
31,cn3345,surface_refine,compute,0.0141846649999,1,4285661357,110865811,2.58690087165,10631164734,17958087116,0.591998728224,50,0,0,0,0,0,0,0,0,0,0,0
31,cn3345,refined_surface_save,io,0,0,0,0,0,0,0,0,0,0,0,0,0,0,0,0,0,0,0,0
31,cn3345,local_volume_mesh,compute,10.752805358,1,7426740003,181669846,2.44615869044,18975309618,32568431991,0.582628897309,6953,0,0,0,0,0,67952,2239179,0,0,0,0
31,cn3345,volume_refine,compute,0.679585225,1,7083061703,183012116,2.58379954424,17904113266,31702627699,0.56475171194,6980,0,0,0,0,0,0,6,0,0,0,0
31,cn3345,refined_volume_save,io,0,0,0,0,0,0,0,0,0,0,0,0,0,0,0,0,0,0,0,0
31,cn3345,adjacency_build,compute,0.00419440899987,1,6866382899,173664750,2.52920282126,17490123200,30380144041,0.57570902812,10,0,0,0,0,0,0,0,0,0,0,0
31,cn3345,vertex_numbering_local,compute,0.015946427,1,6873630079,173782143,2.52824404285,17507713261,30405879168,0.575800264293,7,0,0,0,0,0,0,1,0,0,0,0
31,cn3345,vertex_count_pre_collective_wait,synchronization,6.568508174,1,14508038946,193594332,1.33439352293,32066220447,44800730909,0.715752171815,73,0,0,0,0,0,0,123,0,0,0,0
31,cn3345,vertex_count_allgather,communication,0.0124309859998,1,6876703667,173629862,2.52489957991,17510257657,30392298768,0.576141271533,80,0,0,0,0,0,2,0,1,1,4,256
31,cn3345,element_count_pre_collective_wait,synchronization,0.000769489000049,1,6866300076,173628558,2.52870623302,17489743405,30372714349,0.57583735204,6,0,0,0,0,0,0,0,0,0,0,0
31,cn3345,element_count_allgather,communication,0.000208081999972,1,6865674969,173628527,2.52893601553,17488510910,30371520200,0.575819412227,0,0,0,0,0,0,0,0,1,1,4,256
31,cn3345,vertex_exchange_prepare,compute,0.000226223000027,1,6865471154,173629701,2.52902819202,17488132485,30371375214,0.575809701134,91,0,0,0,0,0,0,0,0,0,0,0
31,cn3345,vertex_exchange,communication,0.00570206600014,1,6873632310,173644963,2.52624747977,17504239244,30382819643,0.576122935583,57,0,0,0,0,0,0,0,0,5,0,325424
31,cn3345,vertex_exchange_unpack,compute,0.00704046300007,1,6867277485,173663446,2.52885435865,17492436693,30382451513,0.575741450143,2165,0,0,0,0,0,0,0,0,0,0,0
31,cn3345,partition_result_io,io,0,0,0,0,0,0,0,0,0,0,0,0,0,0,0,0,0,0,0,0
31,cn3345,volume_exchange_pack,compute,0.247370692,2,13855429538,349319136,2.52117146597,35320672805,61272408972,0.576453144206,2540,0,0,0,0,0,0,0,0,0,0,0
31,cn3345,volume_size_exchange,communication,0.0277602850001,1,6897604913,173628982,2.51723582591,17551615951,30431919322,0.576750213001,6,0,0,0,0,0,0,0,5,5,20,20
31,cn3345,volume_payload_prepare,compute,0.000514906000262,1,6865472209,173628471,2.52900988766,17488225798,30371563332,0.575809207015,102,0,0,0,0,0,0,0,0,0,0,0
31,cn3345,volume_payload_exchange,communication,0.0360826420001,1,6902640682,173644093,2.51561831188,17561623160,30443558465,0.576858424096,444,0,0,0,0,0,0,0,5,5,3495000,3521760
31,cn3345,volume_exchange_unpack,compute,0.186297058,1,6971157570,177161776,2.54135377405,17781917881,30740862102,0.578445647425,6116,0,0,0,0,0,0,0,0,0,0,0
31,cn3345,final_mesh_save,io,0,0,0,0,0,0,0,0,0,0,0,0,0,0,0,0,0,0,0,0
31,cn3345,testout_io,io,0,0,0,0,0,0,0,0,0,0,0,0,0,0,0,0,0,0,0,0
31,cn3345,final_count_exchange,communication,0,0,0,0,0,0,0,0,0,0,0,0,0,0,0,0,0,0,0,0
31,cn3345,quality_surface_compute,postprocess,0,0,0,0,0,0,0,0,0,0,0,0,0,0,0,0,0,0,0,0
31,cn3345,quality_reduce_pre_collective_wait,synchronization,0,0,0,0,0,0,0,0,0,0,0,0,0,0,0,0,0,0,0,0
31,cn3345,quality_reduce,communication,0,0,0,0,0,0,0,0,0,0,0,0,0,0,0,0,0,0,0,0
31,cn3345,quality_summary_io,io,0,0,0,0,0,0,0,0,0,0,0,0,0,0,0,0,0,0,0,0
31,cn3345,quality_volume_compute,postprocess,0,0,0,0,0,0,0,0,0,0,0,0,0,0,0,0,0,0,0,0
31,cn3345,quality_rank_io,io,0,0,0,0,0,0,0,0,0,0,0,0,0,0,0,0,0,0,0,0
32,cn3346,geometry_load,io,3.03712929,1,1401079795,24195690,1.72693161991,3315639956,3803400708,0.87175667529,5924,0,1035185,0,81920,0,291,36,0,0,0,0
32,cn3346,coarse_local_size,setup,0.630353709,1,266978278,6048234,2.26544048651,633041788,912373435,0.693840661856,8347,0,0,0,0,0,210,105,0,0,0,0
32,cn3346,coarse_edge_mesh,setup,0.0140123470001,1,6340691,192052,3.02888123708,12802812,27176941,0.471090988496,524,0,0,0,0,0,0,0,0,0,0,0
32,cn3346,coarse_surface_mesh,setup,8.80491751,1,5674726439,166802548,2.93939363938,15314212804,19120994361,0.800910900075,17559,0,0,0,0,0,0,130,0,0,0,0
32,cn3346,coarse_volume_mesh,setup,15.107512622,1,5348229392,127511615,2.38418372987,13496518511,22635730627,0.596248415101,30825,0,0,0,0,0,85470,2880745,0,0,0,0
32,cn3346,coarse_mesh_save,io,0,0,0,0,0,0,0,0,0,0,0,0,0,0,0,0,0,0,0,0
32,cn3346,submesh_initialization,setup,0.000163861999681,1,4064933455,97145317,2.38983781839,10105626930,16577081660,0.609614354159,1,0,0,0,0,0,0,0,0,0,0,0
32,cn3346,metis_partition,compute,0.190234764,1,4179079256,103210916,2.46970468081,10366917541,16985273078,0.610347416459,335,0,0,0,0,0,2,5,0,0,0,0
32,cn3346,face_map_setup,compute,0.00772244299969,1,4068011706,97207280,2.38955261256,10113516694,16593242427,0.609496108943,222,0,0,0,0,0,0,0,0,0,0,0
32,cn3346,face_local_extract,compute,0.174819737,1,4126078553,99431579,2.40983242861,10268823184,16952277564,0.605748882133,756,0,0,0,0,0,0,5,0,0,0,0
32,cn3346,face_pre_collective_wait,synchronization,0.00592425899958,1,4072809766,97141003,2.38511024529,10121168581,16589772303,0.610084839993,0,0,0,0,0,0,0,0,0,0,0,0
32,cn3346,face_collective_setup,compute,0.000105701999928,1,4064853057,97141721,2.38979662088,10105480932,16576902665,0.609612129372,16,0,0,0,0,0,0,0,0,0,0,0
32,cn3346,face_allgatherv,communication,0.07925338,1,4189283140,97652793,2.33101439403,10346647470,16709716507,0.619199461922,1428,0,0,0,0,0,6,3,1,1,75808,4859624
32,cn3346,face_global_merge,compute,0.085643505,1,4083069847,98042111,2.40118623178,10149891884,16762478910,0.60551258191,522,0,0,0,0,0,0,1,0,0,0,0
32,cn3346,part_face_create,compute,0.020496955,1,4069368808,97320954,2.39154912203,10115963679,16621439955,0.608609344701,3,0,0,0,0,0,0,0,0,0,0,0
32,cn3346,surface_refine,compute,0.0206861769998,1,4070944578,97410539,2.39282400272,10117863623,16621648740,0.608716005329,49,0,0,0,0,0,0,0,0,0,0,0
32,cn3346,refined_surface_save,io,0,0,0,0,0,0,0,0,0,0,0,0,0,0,0,0,0,0,0,0
32,cn3346,local_volume_mesh,compute,12.475432549,1,8089040556,190399738,2.35379878098,20873551221,35229140904,0.592508096575,7372,0,0,0,0,0,61683,2392418,0,0,0,0
32,cn3346,volume_refine,compute,0.883445512,1,6696850560,151514719,2.2624772293,16694781958,27916192124,0.598032205963,7126,0,0,0,0,0,0,8,0,0,0,0
32,cn3346,refined_volume_save,io,0,0,0,0,0,0,0,0,0,0,0,0,0,0,0,0,0,0,0,0
32,cn3346,adjacency_build,compute,0.00444588000028,1,6400165837,139605573,2.18128055672,16122279949,26165341538,0.616169291182,8,0,0,0,0,0,0,0,0,0,0,0
32,cn3346,vertex_numbering_local,compute,0.0180951020002,1,6407493385,139764263,2.18126269669,16139569668,26195023078,0.616131149033,40,0,0,0,0,0,0,0,0,0,0,0
32,cn3346,vertex_count_pre_collective_wait,synchronization,4.63245822,1,12537538554,139576946,1.11327231736,28237393968,36327669144,0.777297157604,72,0,0,0,0,0,0,44,0,0,0,0
32,cn3346,vertex_count_allgather,communication,0.0123058240001,1,6415361610,139572549,2.175599093,16151997627,26182174643,0.616908176927,39,0,0,0,0,0,0,0,1,1,4,256
32,cn3346,element_count_pre_collective_wait,synchronization,0.000760809999974,1,6400148372,139570147,2.18073299067,16122007369,26157206393,0.616350504973,4,0,0,0,0,0,0,0,0,0,0,0
32,cn3346,element_count_allgather,communication,5.54410003133e-05,1,6399288693,139570124,2.18102559043,16120307834,26155724967,0.616320436705,1,0,0,0,0,0,0,0,1,1,4,256
32,cn3346,vertex_exchange_prepare,compute,0.000182063000011,1,6399258345,139569988,2.18103380854,16120252840,26155731900,0.616318170779,22,0,0,0,0,0,0,0,0,0,0,0
32,cn3346,vertex_exchange,communication,0.0062809039996,1,6408265303,139595937,2.17837324767,16137993599,26168425845,0.616697148487,99,0,0,0,0,0,0,0,3,3,165682,122496
32,cn3346,vertex_exchange_unpack,compute,0.00287237900011,1,6399956423,139583421,2.18100580339,16121918724,26160035408,0.616280462643,985,0,0,0,0,0,0,0,0,0,0,0
32,cn3346,partition_result_io,io,0,0,0,0,0,0,0,0,0,0,0,0,0,0,0,0,0,0,0,0
32,cn3346,volume_exchange_pack,compute,0.297473797,2,12957079592,281632362,2.17357900752,32686654134,52948195493,0.617332731166,2994,0,0,0,0,0,0,2,0,0,0,0
32,cn3346,volume_size_exchange,communication,0.013841465,1,6417360665,139570402,2.17488792178,16155914794,26185970060,0.616968352021,2,0,0,0,0,0,0,0,4,4,16,16
32,cn3346,volume_payload_prepare,compute,0.00029434399994,1,6399258484,139570018,2.18103422997,16120348472,26155888450,0.616318138182,68,0,0,0,0,0,0,0,0,0,0,0
32,cn3346,volume_payload_exchange,communication,0.0168404849996,1,6417973487,139583825,2.17488939901,16157212479,26187779807,0.616975268544,392,0,0,0,0,0,0,1,4,4,3082800,3090480
32,cn3346,volume_exchange_unpack,compute,0.220966654,1,6532717309,142757218,2.18526550664,16494450366,26586812137,0.62039970347,8082,0,0,0,0,0,0,2,0,0,0,0
32,cn3346,final_mesh_save,io,0,0,0,0,0,0,0,0,0,0,0,0,0,0,0,0,0,0,0,0
32,cn3346,testout_io,io,0,0,0,0,0,0,0,0,0,0,0,0,0,0,0,0,0,0,0,0
32,cn3346,final_count_exchange,communication,0,0,0,0,0,0,0,0,0,0,0,0,0,0,0,0,0,0,0,0
32,cn3346,quality_surface_compute,postprocess,0,0,0,0,0,0,0,0,0,0,0,0,0,0,0,0,0,0,0,0
32,cn3346,quality_reduce_pre_collective_wait,synchronization,0,0,0,0,0,0,0,0,0,0,0,0,0,0,0,0,0,0,0,0
32,cn3346,quality_reduce,communication,0,0,0,0,0,0,0,0,0,0,0,0,0,0,0,0,0,0,0,0
32,cn3346,quality_summary_io,io,0,0,0,0,0,0,0,0,0,0,0,0,0,0,0,0,0,0,0,0
32,cn3346,quality_volume_compute,postprocess,0,0,0,0,0,0,0,0,0,0,0,0,0,0,0,0,0,0,0,0
32,cn3346,quality_rank_io,io,0,0,0,0,0,0,0,0,0,0,0,0,0,0,0,0,0,0,0,0
33,cn3346,geometry_load,io,3.036288458,1,1400138384,23737396,1.69536070657,3315490270,3794504687,0.87376101586,5964,0,1035186,0,1413120,0,279,8,0,0,0,0
33,cn3346,coarse_local_size,setup,0.547665183,1,266550302,6475229,2.42927092988,631414536,901425472,0.700462274046,8144,0,0,0,0,0,212,81,0,0,0,0
33,cn3346,coarse_edge_mesh,setup,0.0139562469999,1,6310100,168452,2.66956149665,12804282,26985896,0.474480521232,518,0,0,0,0,0,0,0,0,0,0,0
33,cn3346,coarse_surface_mesh,setup,8.786000717,1,5672978058,165869132,2.9238458232,15313226766,19065744522,0.803180109139,17612,0,0,0,0,0,15,52,0,0,0,0
33,cn3346,coarse_volume_mesh,setup,15.10819663,1,5331886645,125724154,2.35796749576,13453014727,22518307267,0.59742566648,28126,0,0,0,0,0,86046,2798864,0,0,0,0
33,cn3346,coarse_mesh_save,io,0,0,0,0,0,0,0,0,0,0,0,0,0,0,0,0,0,0,0,0
33,cn3346,submesh_initialization,setup,0.000145402000271,1,4997825496,119968153,2.40040699892,12539827060,20990089046,0.59741657277,2,0,0,0,0,0,0,0,0,0,0,0
33,cn3346,metis_partition,compute,0.190715791,1,5111613019,126050643,2.46596607629,12801114386,21390120842,0.598459189668,1656,0,0,0,0,0,4,1,0,0,0,0
33,cn3346,face_map_setup,compute,0.00785712499965,1,5000883519,120030331,2.40018249863,12547723336,21005974977,0.597340678057,524,0,0,0,0,0,0,0,0,0,0,0
33,cn3346,face_local_extract,compute,0.168195509,1,5058917778,122102369,2.41360651345,12703026939,21354988739,0.594850556666,1048,0,0,0,0,0,0,1,0,0,0,0
33,cn3346,face_pre_collective_wait,synchronization,0.0119422999996,1,5013352343,120038382,2.39437354064,12570519087,21015908947,0.598143012453,29,0,0,0,0,0,0,0,0,0,0,0
33,cn3346,face_collective_setup,compute,0.000122102000205,1,4997745417,119964611,2.40037458875,12539681028,20989951081,0.5974135423,18,0,0,0,0,0,0,0,0,0,0,0
33,cn3346,face_allgatherv,communication,0.0794536829999,1,5137666263,120669984,2.34873146333,12812581639,21145516185,0.605924278552,1336,0,0,0,0,0,7,0,1,1,75808,4859624
33,cn3346,face_global_merge,compute,0.0822568799999,1,5015818904,120827842,2.40893549613,12584092838,21168095694,0.594483935632,634,0,0,0,0,0,0,0,0,0,0,0
33,cn3346,part_face_create,compute,0.0199656670002,1,5002270178,120145030,2.40181009271,12550174303,21033056487,0.596688090043,24,0,0,0,0,0,0,0,0,0,0,0
33,cn3346,surface_refine,compute,0.0184292270001,1,5003739846,120213562,2.40247426325,12551850089,21029709209,0.596862750895,54,0,0,0,0,0,0,0,0,0,0,0
33,cn3346,refined_surface_save,io,0,0,0,0,0,0,0,0,0,0,0,0,0,0,0,0,0,0,0,0
33,cn3346,local_volume_mesh,compute,13.963240861,1,9520926651,224352443,2.35641394188,24713521366,41929657075,0.589404328344,9867,0,0,0,0,0,66643,2701865,0,0,0,0
33,cn3346,volume_refine,compute,1.0351279,1,9846549867,237239858,2.40937040085,25344083413,44014291224,0.575814870766,7069,0,0,0,0,0,0,1,0,0,0,0
33,cn3346,refined_volume_save,io,0,0,0,0,0,0,0,0,0,0,0,0,0,0,0,0,0,0,0,0
33,cn3346,adjacency_build,compute,0.00406935399997,1,9521764842,224386122,2.35656021466,24715392078,41938423746,0.589325727349,4,0,0,0,0,0,0,0,0,0,0,0
33,cn3346,vertex_numbering_local,compute,0.0160634149997,1,9526596677,224487907,2.35643341071,24727019500,41961936610,0.589272600305,432,0,0,0,0,0,0,0,0,0,0,0
33,cn3346,vertex_count_pre_collective_wait,synchronization,3.000971406,1,13531674483,224355876,1.65800526965,32620544075,48520949985,0.672298132767,73,0,0,0,0,0,0,3,0,0,0,0
33,cn3346,vertex_count_allgather,communication,0.0124837469998,1,9537070185,224354889,2.35245085386,24745363250,41956211544,0.589790220312,84,0,0,0,0,0,2,0,1,1,4,256
33,cn3346,element_count_pre_collective_wait,synchronization,0.000482166999973,1,9521494353,224357000,2.35632130506,24714640288,41930612557,0.589417582546,5,0,0,0,0,0,0,0,0,0,0,0
33,cn3346,element_count_allgather,communication,0.000235042999975,1,9521201696,224352279,2.35634414818,24714061057,41930099796,0.589410976297,0,0,0,0,0,0,0,0,1,1,4,256
33,cn3346,vertex_exchange_prepare,compute,0.000165882000147,1,9520923865,224352067,2.35641068221,24713522409,41929658462,0.589404333722,37,0,0,0,0,0,0,0,0,0,0,0
33,cn3346,vertex_exchange,communication,0.00515806900012,1,9527561534,224454508,2.35584422309,24726641606,41940088718,0.589570560336,76,0,0,0,0,0,0,0,3,3,64768,113916
33,cn3346,vertex_exchange_unpack,compute,0.00250137400008,1,9521564476,224365054,2.35638853852,24715043418,41933602232,0.589385173286,776,0,0,0,0,0,0,0,0,0,0,0
33,cn3346,partition_result_io,io,0,0,0,0,0,0,0,0,0,0,0,0,0,0,0,0,0,0,0,0
33,cn3346,volume_exchange_pack,compute,0.280096625,2,19209753489,451120616,2.34839357131,49904273904,84461689221,0.590851004334,2372,0,0,0,0,0,0,0,0,0,0,0
33,cn3346,volume_size_exchange,communication,0.0236737360001,1,9552741531,224352278,2.34856430766,24776250828,41981567096,0.590169746912,1,0,0,0,0,0,0,0,4,4,16,16
33,cn3346,volume_payload_prepare,compute,0.000231883000197,1,9520924306,224352113,2.35641105621,24713584177,41929811214,0.589403659627,34,0,0,0,0,0,0,0,0,0,0,0
33,cn3346,volume_payload_exchange,communication,0.0112952709997,1,9532409211,224451149,2.35461092817,24736300501,41950523739,0.589654151993,221,0,0,0,0,0,1,0,4,4,1902000,1895520
33,cn3346,volume_exchange_unpack,compute,0.214926974,1,9661388667,229135865,2.37166594677,25110798127,42343017733,0.59303279434,8951,0,0,0,0,0,0,2,0,0,0,0
33,cn3346,final_mesh_save,io,0,0,0,0,0,0,0,0,0,0,0,0,0,0,0,0,0,0,0,0
33,cn3346,testout_io,io,0,0,0,0,0,0,0,0,0,0,0,0,0,0,0,0,0,0,0,0
33,cn3346,final_count_exchange,communication,0,0,0,0,0,0,0,0,0,0,0,0,0,0,0,0,0,0,0,0
33,cn3346,quality_surface_compute,postprocess,0,0,0,0,0,0,0,0,0,0,0,0,0,0,0,0,0,0,0,0
33,cn3346,quality_reduce_pre_collective_wait,synchronization,0,0,0,0,0,0,0,0,0,0,0,0,0,0,0,0,0,0,0,0
33,cn3346,quality_reduce,communication,0,0,0,0,0,0,0,0,0,0,0,0,0,0,0,0,0,0,0,0
33,cn3346,quality_summary_io,io,0,0,0,0,0,0,0,0,0,0,0,0,0,0,0,0,0,0,0,0
33,cn3346,quality_volume_compute,postprocess,0,0,0,0,0,0,0,0,0,0,0,0,0,0,0,0,0,0,0,0
33,cn3346,quality_rank_io,io,0,0,0,0,0,0,0,0,0,0,0,0,0,0,0,0,0,0,0,0
34,cn3346,geometry_load,io,3.036868086,1,1399234905,28174900,2.01359327868,3317282208,3822962705,0.867725495638,5915,0,1035186,0,2207744,0,279,8,0,0,0,0
34,cn3346,coarse_local_size,setup,0.612732993,1,266855843,6558526,2.45770372733,631329758,905739922,0.697032053755,7955,0,0,0,0,0,287,103,0,0,0,0
34,cn3346,coarse_edge_mesh,setup,0.0131176349996,1,6336119,170222,2.68653413864,12806440,25868466,0.495059892612,489,0,0,0,0,0,0,0,0,0,0,0
34,cn3346,coarse_surface_mesh,setup,8.759523643,1,5677342433,162978285,2.87067914122,15315850746,19073520426,0.802990240078,15836,0,0,0,0,0,0,11,0,0,0,0
34,cn3346,coarse_volume_mesh,setup,15.08124417,1,5319246387,127914444,2.40474749041,13433898381,22757180828,0.590314700337,31297,0,0,0,0,0,89115,2708695,0,0,0,0
34,cn3346,coarse_mesh_save,io,0,0,0,0,0,0,0,0,0,0,0,0,0,0,0,0,0,0,0,0
34,cn3346,submesh_initialization,setup,0.000179843000296,1,4247279510,107464231,2.53018975434,10586965159,18065187315,0.586042368363,2,0,0,0,0,0,0,0,0,0,0,0
34,cn3346,metis_partition,compute,0.185692343,1,4360586467,113572984,2.60453461615,10848159239,18458941480,0.587691295882,571,0,0,0,0,0,6,0,0,0,0,0
34,cn3346,face_map_setup,compute,0.00801966800009,1,4250314659,107527998,2.52988323517,10594857791,18081826800,0.585939568396,227,0,0,0,0,0,0,0,0,0,0,0
34,cn3346,face_local_extract,compute,0.172833671,1,4308514757,109610771,2.54405003074,10750163056,18440855804,0.58295358796,659,0,0,0,0,0,0,1,0,0,0,0
34,cn3346,face_pre_collective_wait,synchronization,0.012069981,1,4262723663,107545745,2.52293494728,10617389691,18091335096,0.586877067649,0,0,0,0,0,0,0,0,0,0,0,0
34,cn3346,face_collective_setup,compute,0.000128121000216,1,4247199802,107460697,2.53015403112,10586819309,18065056842,0.586038527395,16,0,0,0,0,0,0,0,0,0,0,0
34,cn3346,face_allgatherv,communication,0.0797016660003,1,4388065840,108087624,2.46321791744,10861291893,18221941655,0.596055683782,932,0,0,0,0,0,5,0,1,1,75808,4859624
34,cn3346,face_global_merge,compute,0.0836862589999,1,4265408074,108312739,2.53932887829,10631230969,18247252643,0.582620911597,402,0,0,0,0,0,0,0,0,0,0,0
34,cn3346,part_face_create,compute,0.0204427129997,1,4251717126,107636205,2.53159374931,10597291214,18109473931,0.585179406888,3,0,0,0,0,0,0,0,0,0,0,0
34,cn3346,surface_refine,compute,0.0199524659997,1,4253203148,107709091,2.53242291167,10598982241,18108242816,0.585312575532,26,0,0,0,0,0,0,0,0,0,0,0
34,cn3346,refined_surface_save,io,0,0,0,0,0,0,0,0,0,0,0,0,0,0,0,0,0,0,0,0
34,cn3346,local_volume_mesh,compute,14.557864612,1,8935702771,221300111,2.47658317058,23216028061,39765709883,0.583820284595,16808,0,0,0,0,0,74597,2755577,0,0,0,0
34,cn3346,volume_refine,compute,1.00811282,1,8594575702,221349314,2.57545365443,22040962257,38812303887,0.567885954958,9076,0,0,0,0,0,0,2,0,0,0,0
34,cn3346,refined_volume_save,io,0,0,0,0,0,0,0,0,0,0,0,0,0,0,0,0,0,0,0,0
34,cn3346,adjacency_build,compute,0.00417309600016,1,8268867920,208819912,2.52537486413,21427231167,36808013544,0.582134951167,8,0,0,0,0,0,0,0,0,0,0,0
34,cn3346,vertex_numbering_local,compute,0.0181780040002,1,8275940204,208956329,2.52486513737,21444241831,36836411931,0.582147953801,463,0,0,0,0,0,0,0,0,0,0,0
34,cn3346,vertex_count_pre_collective_wait,synchronization,2.427533358,1,11353484119,225868420,1.98941943841,27513485088,42135254020,0.652980164186,33,0,0,0,0,0,0,2,0,0,0,0
34,cn3346,vertex_count_allgather,communication,0.0123586449999,1,8283806595,208875633,2.521493357,21456429459,36825856081,0.582645775072,17,0,0,0,0,0,0,0,1,1,4,256
34,cn3346,element_count_pre_collective_wait,synchronization,0.000831151000057,1,8268947755,208791244,2.5250037875,21427175164,36800752600,0.582248287064,0,0,0,0,0,0,0,0,0,0,0,0
34,cn3346,element_count_allgather,communication,0.000242123000135,1,8268018215,208786416,2.52522926983,21425339239,36799147177,0.582223798175,39,0,0,0,0,0,0,0,1,1,4,256
34,cn3346,vertex_exchange_prepare,compute,0.000136401999953,1,8267955774,208785617,2.52523867697,21425224921,36798993954,0.582223115876,31,0,0,0,0,0,0,0,0,0,0,0
34,cn3346,vertex_exchange,communication,0.00248925400001,1,8271976681,208800684,2.52419333434,21433155118,36803378263,0.582369231564,70,0,0,0,0,0,0,0,4,5,159038,117546
34,cn3346,vertex_exchange_unpack,compute,0.00192846600021,1,8268616472,208797695,2.52518296993,21426811195,36803048616,0.582202072947,0,0,0,0,0,0,0,0,0,0,0,0
34,cn3346,partition_result_io,io,0,0,0,0,0,0,0,0,0,0,0,0,0,0,0,0,0,0,0,0
34,cn3346,volume_exchange_pack,compute,0.306986085001,2,16697713332,419974290,2.51516049922,43304879949,74262174583,0.583135091211,1089,0,0,0,0,0,0,0,0,0,0,0
34,cn3346,volume_size_exchange,communication,4.68399998681e-05,1,8267958890,208785757,2.52523941855,21425222914,36798985331,0.582223197767,1,0,0,0,0,0,0,0,5,5,20,20
34,cn3346,volume_payload_prepare,compute,0.000396965000164,1,8267956522,208785733,2.52523985152,21425300013,36799198030,0.58222192765,102,0,0,0,0,0,0,0,0,0,0,0
34,cn3346,volume_payload_exchange,communication,0.0113730119997,1,8277588146,208854158,2.52312816628,21444393611,36817229057,0.582455392767,424,0,0,0,0,0,2,0,5,5,2959320,2966520
34,cn3346,volume_exchange_unpack,compute,0.231511436,1,8412806042,213797801,2.54133757432,21832725676,37251317849,0.586092705888,8936,0,0,0,0,0,0,1,0,0,0,0
34,cn3346,final_mesh_save,io,0,0,0,0,0,0,0,0,0,0,0,0,0,0,0,0,0,0,0,0
34,cn3346,testout_io,io,0,0,0,0,0,0,0,0,0,0,0,0,0,0,0,0,0,0,0,0
34,cn3346,final_count_exchange,communication,0,0,0,0,0,0,0,0,0,0,0,0,0,0,0,0,0,0,0,0
34,cn3346,quality_surface_compute,postprocess,0,0,0,0,0,0,0,0,0,0,0,0,0,0,0,0,0,0,0,0
34,cn3346,quality_reduce_pre_collective_wait,synchronization,0,0,0,0,0,0,0,0,0,0,0,0,0,0,0,0,0,0,0,0
34,cn3346,quality_reduce,communication,0,0,0,0,0,0,0,0,0,0,0,0,0,0,0,0,0,0,0,0
34,cn3346,quality_summary_io,io,0,0,0,0,0,0,0,0,0,0,0,0,0,0,0,0,0,0,0,0
34,cn3346,quality_volume_compute,postprocess,0,0,0,0,0,0,0,0,0,0,0,0,0,0,0,0,0,0,0,0
34,cn3346,quality_rank_io,io,0,0,0,0,0,0,0,0,0,0,0,0,0,0,0,0,0,0,0,0
35,cn3346,geometry_load,io,3.037049048,1,1409946042,23416141,1.66078277483,3315067472,3873204639,0.855897836799,5905,0,1035186,0,663552,0,268,19,0,0,0,0
35,cn3346,coarse_local_size,setup,0.55943808,1,268765206,6424447,2.39035665949,632866381,916924390,0.690205635167,8594,0,0,0,0,0,240,112,0,0,0,0
35,cn3346,coarse_edge_mesh,setup,0.0138148640003,1,6269698,165221,2.63523059643,12805767,27141598,0.47181330296,509,0,0,0,0,0,0,0,0,0,0,0
35,cn3346,coarse_surface_mesh,setup,8.756060877,1,5676623890,166230618,2.92833594794,15312401087,19062410344,0.803277277672,15501,0,0,0,0,0,2,16,0,0,0,0
35,cn3346,coarse_volume_mesh,setup,15.104837846,1,5312447135,128226446,2.4136982965,13416810621,22740836115,0.589987569197,31137,0,0,0,0,0,84954,2832068,0,0,0,0
35,cn3346,coarse_mesh_save,io,0,0,0,0,0,0,0,0,0,0,0,0,0,0,0,0,0,0,0,0
35,cn3346,submesh_initialization,setup,0.000140962000387,1,4478551909,106682140,2.38206773456,11319635233,18608589851,0.60830161359,1,0,0,0,0,0,0,0,0,0,0,0
35,cn3346,metis_partition,compute,0.184949393,1,4591394407,112725557,2.45514863258,11580933186,19001939379,0.609460590049,451,0,0,0,0,0,5,0,0,0,0,0
35,cn3346,face_map_setup,compute,0.00818860900017,1,4481594121,106746591,2.38188885736,11327520999,18625679912,0.608166845587,204,0,0,0,0,0,0,0,0,0,0,0
35,cn3346,face_local_extract,compute,0.176579001,1,4539700020,108842006,2.39755943169,11482833346,18992505139,0.604598143423,654,0,0,0,0,0,0,1,0,0,0,0
35,cn3346,face_pre_collective_wait,synchronization,0.00901746099998,1,4490028547,106678027,2.37588750012,11342297358,18628090691,0.608881368796,0,0,0,0,0,0,0,0,0,0,0,0
35,cn3346,face_collective_setup,compute,0.000106881000193,1,4478472333,106678748,2.38203432036,11319489389,18608436909,0.608298775677,16,0,0,0,0,0,0,0,0,0,0,0
35,cn3346,face_allgatherv,communication,0.0799237690003,1,4620187230,107105932,2.31821626848,11595801947,18765939606,0.617917471252,1018,0,0,0,0,0,4,0,1,1,75808,4859624
35,cn3346,face_global_merge,compute,0.0848518939997,1,4496721586,107556229,2.3918809947,11363901069,18793293969,0.604678513929,404,0,0,0,0,0,0,0,0,0,0,0
35,cn3346,part_face_create,compute,0.020388852,1,4483000961,106857292,2.38361073151,11329977074,18652795771,0.607414417286,3,0,0,0,0,0,0,0,0,0,0,0
35,cn3346,surface_refine,compute,0.0246358689997,1,4484632164,106950836,2.38482961565,11331936272,18652994374,0.607512983963,2166,0,0,0,0,0,0,0,0,0,0,0
35,cn3346,refined_surface_save,io,0,0,0,0,0,0,0,0,0,0,0,0,0,0,0,0,0,0,0,0
35,cn3346,local_volume_mesh,compute,13.451985446,1,8835690890,207879380,2.35272354576,23067493658,38981787027,0.591750543453,10112,0,0,0,0,0,68975,2454080,0,0,0,0
35,cn3346,volume_refine,compute,1.005159659,1,8247814947,205956176,2.49709986613,21214342649,37411816072,0.567049260805,8014,0,0,0,0,0,0,2,0,0,0,0
35,cn3346,refined_volume_save,io,0,0,0,0,0,0,0,0,0,0,0,0,0,0,0,0,0,0,0,0
35,cn3346,adjacency_build,compute,0.00715641599982,1,7925602021,193070793,2.43603946411,20589897226,35407120158,0.58151855147,5,0,0,0,0,0,0,0,0,0,0,0
35,cn3346,vertex_numbering_local,compute,0.0244178070002,1,7931618272,193199996,2.43582065317,20604434351,35441921108,0.58135771727,440,0,0,0,0,0,0,1,0,0,0,0
35,cn3346,vertex_count_pre_collective_wait,synchronization,3.5210233,1,12460289084,193040725,1.54924756319,29526681740,43129849196,0.684599698131,62,0,0,0,0,0,0,5,0,0,0,0
35,cn3346,vertex_count_allgather,communication,0.0124947269996,1,7939508048,193038889,2.43137090904,20616841227,35418136026,0.582098425842,97,0,0,0,0,0,1,0,1,1,4,256
35,cn3346,element_count_pre_collective_wait,synchronization,0.000502967000102,1,7925287328,193036069,2.4356980512,20589039212,35392602041,0.581732848807,3,0,0,0,0,0,0,0,0,0,0,0
35,cn3346,element_count_allgather,communication,0.000198303000161,1,7924922655,193036052,2.43580991769,20588319738,35391946503,0.581723295051,0,0,0,0,0,0,0,0,1,1,4,256
35,cn3346,vertex_exchange_prepare,compute,0.000136581999868,1,7924700799,193035898,2.43587616613,20587890914,35391568937,0.581717384461,33,0,0,0,0,0,0,0,0,0,0,0
35,cn3346,vertex_exchange,communication,0.00233097199998,1,7928194335,193048677,2.43496398856,20594782715,35395571877,0.581846305141,119,0,0,0,0,0,0,0,4,3,128348,103070
35,cn3346,vertex_exchange_unpack,compute,0.00250781300019,1,7925284123,193047468,2.43584286701,20589278241,35395365451,0.581694184497,806,0,0,0,0,0,0,0,0,0,0,0
35,cn3346,partition_result_io,io,0,0,0,0,0,0,0,0,0,0,0,0,0,0,0,0,0,0,0,0
35,cn3346,volume_exchange_pack,compute,0.285959944,2,16014178309,388558852,2.42634273519,41639873324,71398612639,0.58320283525,2267,0,0,0,0,0,0,1,0,0,0,0
35,cn3346,volume_size_exchange,communication,0.0204603130001,1,7951080619,193036150,2.4277976699,20639976675,35436432174,0.582450755021,1,0,0,0,0,0,0,0,5,5,20,20
35,cn3346,volume_payload_prepare,compute,0.000401946000238,1,7924701803,193036033,2.43587756106,20587941835,35391768991,0.581715535051,102,0,0,0,0,0,0,0,0,0,0,0
35,cn3346,volume_payload_exchange,communication,0.00336282499984,1,7924812588,193051401,2.43603743125,20588204358,35393257817,0.581698482362,470,0,0,0,0,0,3,0,5,5,2451960,2452560
35,cn3346,volume_exchange_unpack,compute,0.225681838,1,8067261387,196469822,2.43539675455,20989868889,35830228204,0.585814546575,9016,0,0,0,0,0,0,2,0,0,0,0
35,cn3346,final_mesh_save,io,0,0,0,0,0,0,0,0,0,0,0,0,0,0,0,0,0,0,0,0
35,cn3346,testout_io,io,0,0,0,0,0,0,0,0,0,0,0,0,0,0,0,0,0,0,0,0
35,cn3346,final_count_exchange,communication,0,0,0,0,0,0,0,0,0,0,0,0,0,0,0,0,0,0,0,0
35,cn3346,quality_surface_compute,postprocess,0,0,0,0,0,0,0,0,0,0,0,0,0,0,0,0,0,0,0,0
35,cn3346,quality_reduce_pre_collective_wait,synchronization,0,0,0,0,0,0,0,0,0,0,0,0,0,0,0,0,0,0,0,0
35,cn3346,quality_reduce,communication,0,0,0,0,0,0,0,0,0,0,0,0,0,0,0,0,0,0,0,0
35,cn3346,quality_summary_io,io,0,0,0,0,0,0,0,0,0,0,0,0,0,0,0,0,0,0,0,0
35,cn3346,quality_volume_compute,postprocess,0,0,0,0,0,0,0,0,0,0,0,0,0,0,0,0,0,0,0,0
35,cn3346,quality_rank_io,io,0,0,0,0,0,0,0,0,0,0,0,0,0,0,0,0,0,0,0,0
36,cn3346,geometry_load,io,3.032459327,1,1401619166,25116962,1.79199618622,3317357800,3803151326,0.872265528148,5936,0,1035185,0,192512,0,268,20,0,0,0,0
36,cn3346,coarse_local_size,setup,0.620130511,1,266703238,6340537,2.3773753358,632439630,902014674,0.701141176779,8389,0,0,0,0,0,155,97,0,0,0,0
36,cn3346,coarse_edge_mesh,setup,0.0138051240001,1,6303138,176862,2.80593571012,12808267,27143201,0.471877543109,523,0,0,0,0,0,0,0,0,0,0,0
36,cn3346,coarse_surface_mesh,setup,8.671736749,1,5671413731,164043985,2.89247078032,15312624664,18856002978,0.812082214978,17456,0,0,0,0,0,0,18,0,0,0,0
36,cn3346,coarse_volume_mesh,setup,14.982874295,1,5314103331,131391755,2.47251035247,13423093520,22154426073,0.60588766668,28623,0,0,0,0,0,84325,2817331,0,0,0,0
36,cn3346,coarse_mesh_save,io,0,0,0,0,0,0,0,0,0,0,0,0,0,0,0,0,0,0,0,0
36,cn3346,submesh_initialization,setup,0.000263184000232,1,1482987995,42083881,2.83777624242,3942718362,7373508532,0.534714016386,59,0,0,0,0,0,0,0,0,0,0,0
36,cn3346,metis_partition,compute,0.185952446,1,1595388388,48154306,3.01834376897,4203977386,7769278447,0.54110267957,1751,0,0,0,0,0,3,1,0,0,0,0
36,cn3346,face_map_setup,compute,0.00824332999991,1,1486059809,42150069,2.8363642395,3950610803,7389913696,0.534594985208,612,0,0,0,0,0,0,0,0,0,0,0
36,cn3346,face_local_extract,compute,0.16305744,1,1544073718,44285985,2.86812633903,4105917406,7727461574,0.53134103181,786,0,0,0,0,0,0,1,0,0,0,0
36,cn3346,face_pre_collective_wait,synchronization,0.0178280780001,1,1504125699,42079573,2.79761013511,3984399457,7412261089,0.537541704098,13,0,0,0,0,0,0,0,0,0,0,0
36,cn3346,face_collective_setup,compute,0.00329584499968,1,1482907695,42080319,2.83768970529,3942572517,7373460790,0.534697698854,16,0,0,0,0,0,1,0,0,0,0,0
36,cn3346,face_allgatherv,communication,0.080090811,1,1620861732,42548920,2.62508017556,4211486161,7529861860,0.559304571492,1333,0,0,0,0,0,5,0,1,1,75808,4859624
36,cn3346,face_global_merge,compute,0.0842560470001,1,1501061074,42951790,2.86142854171,3986983953,7555724722,0.52767723808,686,0,0,0,0,0,0,0,0,0,0,0
36,cn3346,part_face_create,compute,0.0202175509999,1,1487434993,42275064,2.8421453172,3952935993,7417070108,0.532951143166,22,0,0,0,0,0,0,0,0,0,0,0
36,cn3346,surface_refine,compute,0.0132147570002,1,1487446004,42264532,2.84141621856,3951876871,7401764410,0.533910112792,53,0,0,0,0,0,0,0,0,0,0,0
36,cn3346,refined_surface_save,io,0,0,0,0,0,0,0,0,0,0,0,0,0,0,0,0,0,0,0,0
36,cn3346,local_volume_mesh,compute,10.064002865,1,4395276268,109709001,2.49606610166,11609519677,20921677899,0.554903852982,4576,0,0,0,0,0,63244,2198274,0,0,0,0
36,cn3346,volume_refine,compute,0.686446338,1,4605530401,119157535,2.58727062086,12004759314,22198127763,0.540800532467,7848,0,0,0,0,0,0,3,0,0,0,0
36,cn3346,refined_volume_save,io,0,0,0,0,0,0,0,0,0,0,0,0,0,0,0,0,0,0,0,0
36,cn3346,adjacency_build,compute,0.00425509700017,1,4384212936,109375319,2.49475380408,11581205422,20865122071,0.555050930572,8,0,0,0,0,0,0,0,0,0,0,0
36,cn3346,vertex_numbering_local,compute,0.022531741,1,4393293934,109534183,2.49321317093,11603030388,20905223575,0.555030198379,7,0,0,0,0,0,0,0,0,0,0,0
36,cn3346,vertex_count_pre_collective_wait,synchronization,7.244755629,1,13053648623,109351872,0.837711165347,28671039158,36775579888,0.779621674092,67,0,0,0,0,0,0,16,0,0,0,0
36,cn3346,vertex_count_allgather,communication,0.0123643649999,1,4397490349,109342899,2.48648411531,11607230982,20882472368,0.55583605128,40,0,0,0,0,0,0,0,1,1,4,256
36,cn3346,element_count_pre_collective_wait,synchronization,0.000930853000227,1,4384323146,109340385,2.49389429928,11581214887,20857946253,0.555242340091,1,0,0,0,0,0,0,0,0,0,0,0
36,cn3346,element_count_allgather,communication,6.72010000926e-05,1,4383299816,109340383,2.49447648096,11579198145,20856042223,0.555196332132,1,0,0,0,0,0,0,0,1,1,4,256
36,cn3346,vertex_exchange_prepare,compute,0.000100521000149,1,4383260214,109340577,2.49450344405,11579127264,20856021901,0.555193474526,36,0,0,0,0,0,0,0,0,0,0,0
36,cn3346,vertex_exchange,communication,0.00372416999971,1,4388837095,109362083,2.49182370256,11590155617,20862202039,0.555557634584,298,0,0,0,0,0,0,0,7,5,311850,84436
36,cn3346,vertex_exchange_unpack,compute,0.00228969099999,1,4383734576,109349517,2.49443745063,11580245198,20859075010,0.555165806367,972,0,0,0,0,0,0,0,0,0,0,0
36,cn3346,partition_result_io,io,0,0,0,0,0,0,0,0,0,0,0,0,0,0,0,0,0,0,0,0
36,cn3346,volume_exchange_pack,compute,0.270680799,2,8895513753,220853458,2.48275101509,23511681802,42288748550,0.555979607063,2951,0,0,0,0,0,0,0,0,0,0,0
36,cn3346,volume_size_exchange,communication,0.0354752540002,1,4425473811,109340731,2.47071241792,11662472902,20933825301,0.557111408656,1,0,0,0,0,0,0,0,7,7,28,28
36,cn3346,volume_payload_prepare,compute,0.000521545999618,1,4383261393,109340398,2.49449868937,11579233401,20856226791,0.555193109331,136,0,0,0,0,0,0,0,0,0,0,0
36,cn3346,volume_payload_exchange,communication,0.0260274279999,1,4408804132,109357510,2.48043475568,11629637506,20904851277,0.556312855418,635,0,0,0,0,0,2,0,7,7,4212000,4225800
36,cn3346,volume_exchange_unpack,compute,0.205108742,1,4496392859,112025831,2.49146003281,11892599841,21264354871,0.559273954613,6442,0,0,0,0,0,0,2,0,0,0,0
36,cn3346,final_mesh_save,io,0,0,0,0,0,0,0,0,0,0,0,0,0,0,0,0,0,0,0,0
36,cn3346,testout_io,io,0,0,0,0,0,0,0,0,0,0,0,0,0,0,0,0,0,0,0,0
36,cn3346,final_count_exchange,communication,0,0,0,0,0,0,0,0,0,0,0,0,0,0,0,0,0,0,0,0
36,cn3346,quality_surface_compute,postprocess,0,0,0,0,0,0,0,0,0,0,0,0,0,0,0,0,0,0,0,0
36,cn3346,quality_reduce_pre_collective_wait,synchronization,0,0,0,0,0,0,0,0,0,0,0,0,0,0,0,0,0,0,0,0
36,cn3346,quality_reduce,communication,0,0,0,0,0,0,0,0,0,0,0,0,0,0,0,0,0,0,0,0
36,cn3346,quality_summary_io,io,0,0,0,0,0,0,0,0,0,0,0,0,0,0,0,0,0,0,0,0
36,cn3346,quality_volume_compute,postprocess,0,0,0,0,0,0,0,0,0,0,0,0,0,0,0,0,0,0,0,0
36,cn3346,quality_rank_io,io,0,0,0,0,0,0,0,0,0,0,0,0,0,0,0,0,0,0,0,0
37,cn3346,geometry_load,io,3.034567575,1,1400010129,24626044,1.75899041656,3315991362,3790992704,0.874702649388,5920,0,1035185,0,110592,0,302,21,0,0,0,0
37,cn3346,coarse_local_size,setup,0.587529876,1,324187893,6100023,1.88163195841,747414817,964046194,0.77528942249,8498,0,0,0,0,0,256,98,0,0,0,0
37,cn3346,coarse_edge_mesh,setup,0.0135538209997,1,6292389,156432,2.48605100543,12804242,26331669,0.486267771329,490,0,0,0,0,0,0,1,0,0,0,0
37,cn3346,coarse_surface_mesh,setup,8.668776629,1,5674612475,165247009,2.91204042087,15316349090,18866496656,0.811827938661,15620,0,0,0,0,0,0,21,0,0,0,0
37,cn3346,coarse_volume_mesh,setup,14.698804237,1,5263086255,127113334,2.41518622043,13313711911,21900620080,0.607914838135,30182,0,0,0,0,0,80665,2710999,0,0,0,0
37,cn3346,coarse_mesh_save,io,0,0,0,0,0,0,0,0,0,0,0,0,0,0,0,0,0,0,0,0
37,cn3346,submesh_initialization,setup,0.000131300999783,1,4465858345,100924696,2.25991709103,11283044780,17562151964,0.642463680028,3,0,0,0,0,0,0,0,0,0,0,0
37,cn3346,metis_partition,compute,0.184535208,1,4578628176,106985025,2.33661745151,11544353131,17952585299,0.643046833575,425,0,0,0,0,0,5,1,0,0,0,0
37,cn3346,face_map_setup,compute,0.00811262800016,1,4468949974,101003843,2.26012471806,11290941214,17579077337,0.642294302343,218,0,0,0,0,0,0,0,0,0,0,0
37,cn3346,face_local_extract,compute,0.170065974,1,4526931483,103123137,2.27799199938,11446244435,17931805011,0.638320817563,599,0,0,0,0,0,0,0,0,0,0,0
37,cn3346,face_pre_collective_wait,synchronization,0.0159039729997,1,4484658275,100920531,2.2503505242,11320124837,17596799321,0.643305900721,0,0,0,0,0,0,0,0,0,0,0,0
37,cn3346,face_collective_setup,compute,0.000148822000028,1,4465778325,100921249,2.25988039834,11282898904,17562080841,0.642457975575,16,0,0,0,0,0,0,0,0,0,0,0
37,cn3346,face_allgatherv,communication,0.0803024940001,1,4605135984,101368071,2.20119604181,11554563411,17720248064,0.652054269741,816,0,0,0,0,0,10,1,1,1,75808,4859624
37,cn3346,face_global_merge,compute,0.0841467649998,1,4483936198,101793215,2.27017536613,11327310638,17744425988,0.638358808882,550,0,0,0,0,0,0,0,0,0,0,0
37,cn3346,part_face_create,compute,0.020094989,1,4470305730,101100365,2.26159844776,11293324547,17605698880,0.641458463193,3,0,0,0,0,0,0,0,0,0,0,0
37,cn3346,surface_refine,compute,0.0171923499997,1,4471209680,101168556,2.2626663306,11293865052,17599186388,0.64172654366,53,0,0,0,0,0,0,0,0,0,0,0
37,cn3346,refined_surface_save,io,0,0,0,0,0,0,0,0,0,0,0,0,0,0,0,0,0,0,0,0
37,cn3346,local_volume_mesh,compute,10.633845665,1,7700338649,169368889,2.19949922621,19803332836,31970848046,0.619418440434,14187,0,0,0,0,0,65852,2343221,0,0,0,0
37,cn3346,volume_refine,compute,0.823537071,1,7590965836,172993753,2.27894258435,19308113075,31993378722,0.603503407464,8253,0,0,0,0,0,0,1,0,0,0,0
37,cn3346,refined_volume_save,io,0,0,0,0,0,0,0,0,0,0,0,0,0,0,0,0,0,0,0,0
37,cn3346,adjacency_build,compute,0.00398863300006,1,7329708752,162705356,2.21980656401,18807507520,30373457648,0.619208643875,8,0,0,0,0,0,0,0,0,0,0,0
37,cn3346,vertex_numbering_local,compute,0.0143390519997,1,7334687379,162818601,2.21984377229,18819369626,30396202569,0.619135551004,4,0,0,0,0,0,0,0,0,0,0,0
37,cn3346,vertex_count_pre_collective_wait,synchronization,6.542292736,1,15174607040,162681322,1.07206283215,34280169998,44745413899,0.766115832013,31,0,0,0,0,0,0,20,0,0,0,0
37,cn3346,vertex_count_allgather,communication,0.012547328,1,7342932651,162791661,2.21698425871,18833510332,30391909145,0.619688294083,22,0,0,0,0,0,0,0,1,1,4,256
37,cn3346,element_count_pre_collective_wait,synchronization,0.000807711000107,1,7329772744,162674592,2.21936747129,18807438996,30366589344,0.619346439699,0,0,0,0,0,0,0,0,0,0,0,0
37,cn3346,element_count_allgather,communication,0.000242722999701,1,7329110739,162671831,2.2195302649,18806130157,30365341544,0.619328787386,0,0,0,0,0,0,0,0,1,1,4,256
37,cn3346,vertex_exchange_prepare,compute,3.6160000036e-05,1,7328858495,162671786,2.21960604248,18805641653,30364894081,0.619321826147,0,0,0,0,0,0,0,0,0,0,0,0
37,cn3346,vertex_exchange,communication,0.00279085700004,1,7332506259,162682632,2.21864975295,18812815170,30369655720,0.619460929799,56,0,0,0,0,0,0,0,2,2,73128,122122
37,cn3346,vertex_exchange_unpack,compute,0.00193156599971,1,7329552443,162683870,2.21956076125,18807298906,30368941355,0.619293859676,0,0,0,0,0,0,0,0,0,0,0,0
37,cn3346,partition_result_io,io,0,0,0,0,0,0,0,0,0,0,0,0,0,0,0,0,0,0,0,0
37,cn3346,volume_exchange_pack,compute,0.234941761,2,14784810440,327887137,2.21772973235,37968681607,61240204251,0.619995998893,650,0,0,0,0,0,0,0,0,0,0,0
37,cn3346,volume_size_exchange,communication,0.0521865779997,1,7390947078,162671910,2.20096163974,18928236584,30479454808,0.621016245311,1,0,0,0,0,0,0,0,3,3,12,12
37,cn3346,volume_payload_prepare,compute,0.000196583000161,1,7328858958,162671691,2.21960460601,18805723531,30365047480,0.619321393895,34,0,0,0,0,0,0,0,0,0,0,0
37,cn3346,volume_payload_exchange,communication,0.0230892290001,1,7353939463,162684515,2.21220905908,18855214842,30412314951,0.619986175744,183,0,0,0,0,0,1,0,3,3,2093160,2082360
37,cn3346,volume_exchange_unpack,compute,0.169182142,1,7439222184,164744280,2.21453635777,19112710753,30696608356,0.622632654766,6732,0,0,0,0,0,0,1,0,0,0,0
37,cn3346,final_mesh_save,io,0,0,0,0,0,0,0,0,0,0,0,0,0,0,0,0,0,0,0,0
37,cn3346,testout_io,io,0,0,0,0,0,0,0,0,0,0,0,0,0,0,0,0,0,0,0,0
37,cn3346,final_count_exchange,communication,0,0,0,0,0,0,0,0,0,0,0,0,0,0,0,0,0,0,0,0
37,cn3346,quality_surface_compute,postprocess,0,0,0,0,0,0,0,0,0,0,0,0,0,0,0,0,0,0,0,0
37,cn3346,quality_reduce_pre_collective_wait,synchronization,0,0,0,0,0,0,0,0,0,0,0,0,0,0,0,0,0,0,0,0
37,cn3346,quality_reduce,communication,0,0,0,0,0,0,0,0,0,0,0,0,0,0,0,0,0,0,0,0
37,cn3346,quality_summary_io,io,0,0,0,0,0,0,0,0,0,0,0,0,0,0,0,0,0,0,0,0
37,cn3346,quality_volume_compute,postprocess,0,0,0,0,0,0,0,0,0,0,0,0,0,0,0,0,0,0,0,0
37,cn3346,quality_rank_io,io,0,0,0,0,0,0,0,0,0,0,0,0,0,0,0,0,0,0,0,0
38,cn3346,geometry_load,io,3.033931506,1,1400123722,25844178,1.84584959128,3316667803,3843955215,0.862826858663,5921,0,1035186,0,1150976,0,256,19,0,0,0,0
38,cn3346,coarse_local_size,setup,0.627324168,1,266579964,6508791,2.44159047152,631850518,913937553,0.691349771028,8302,0,0,0,0,0,252,115,0,0,0,0
38,cn3346,coarse_edge_mesh,setup,0.0145664749998,1,6317624,167062,2.64438022902,12801590,28500375,0.449172686324,526,0,0,0,0,0,0,0,0,0,0,0
38,cn3346,coarse_surface_mesh,setup,8.93131976,1,5676496430,162608663,2.8645955301,15313607666,19436914203,0.787862080681,15846,0,0,0,0,0,0,17,0,0,0,0
38,cn3346,coarse_volume_mesh,setup,15.615266471,1,5346770697,126353247,2.3631693626,13482128635,23340193876,0.577635674606,24278,0,0,0,0,0,83886,2933953,0,0,0,0
38,cn3346,coarse_mesh_save,io,0,0,0,0,0,0,0,0,0,0,0,0,0,0,0,0,0,0,0,0
38,cn3346,submesh_initialization,setup,0.000332344000071,1,4430713952,101354993,2.28755442346,11112890488,18504560672,0.600548734173,1,0,0,0,0,0,1,0,0,0,0,0
38,cn3346,metis_partition,compute,0.187494087,1,4544464562,107378815,2.36284854981,11374151323,18907451637,0.601569769495,357,0,0,0,0,0,9,2,0,0,0,0
38,cn3346,face_map_setup,compute,0.00805158699995,1,4433785016,101415865,2.2873428602,11120786174,18521321142,0.600431583079,212,0,0,0,0,0,0,0,0,0,0,0
38,cn3346,face_local_extract,compute,0.179801084,1,4491981083,103499324,2.30409082513,11276088640,18895051632,0.596774693164,603,0,0,0,0,0,0,3,0,0,0,0
38,cn3346,face_pre_collective_wait,synchronization,0.00325742299992,1,4434402730,101382119,2.28626322806,11120198473,18511386468,0.600722074072,0,0,0,0,0,0,0,0,0,0,0,0
38,cn3346,face_collective_setup,compute,0.000105140999949,1,4430633494,101351485,2.28751678823,11112744509,18504383043,0.600546610129,16,0,0,0,0,0,0,0,0,0,0,0
38,cn3346,face_allgatherv,communication,0.0804807160002,1,4571677465,101804637,2.2268551922,11387717153,18663287292,0.610166739376,930,0,0,0,0,0,5,0,1,1,75808,4859624
38,cn3346,face_global_merge,compute,0.0879283559998,1,4448781156,102224748,2.29781471408,11157158032,18696375063,0.596755146086,154,0,0,0,0,0,0,0,0,0,0,0
38,cn3346,part_face_create,compute,0.0213413050001,1,4435152798,101524848,2.28909470821,11123178772,18550843295,0.599605020382,3,0,0,0,0,0,0,0,0,0,0,0
38,cn3346,surface_refine,compute,0.0189917539997,1,4436136601,101593882,2.29014322907,11123847402,18545388522,0.599817436491,55,0,0,0,0,0,0,0,0,0,0,0
38,cn3346,refined_surface_save,io,0,0,0,0,0,0,0,0,0,0,0,0,0,0,0,0,0,0,0,0
38,cn3346,local_volume_mesh,compute,11.66782733,1,7961423933,183218144,2.30132380265,20535578552,35228348104,0.58292766074,7373,0,0,0,0,0,64544,2413349,0,0,0,0
38,cn3346,volume_refine,compute,0.869012039,1,5948483764,134625937,2.26319751959,14946194902,25855719452,0.578061458694,6786,0,0,0,0,0,0,1,0,0,0,0
38,cn3346,refined_volume_save,io,0,0,0,0,0,0,0,0,0,0,0,0,0,0,0,0,0,0,0,0
38,cn3346,adjacency_build,compute,0.004364678,1,5676548277,123769676,2.18036859656,14431462390,24149934578,0.597577701231,2,0,0,0,0,0,0,0,0,0,0,0
38,cn3346,vertex_numbering_local,compute,0.0170194480002,1,5683526272,123899184,2.17997028729,14448250158,24177625892,0.59758763009,5,0,0,0,0,0,0,0,0,0,0,0
38,cn3346,vertex_count_pre_collective_wait,synchronization,5.453012692,1,12094355702,177127549,1.46454720999,27117515164,36125324495,0.750651116442,29,0,0,0,0,0,0,14,0,0,0,0
38,cn3346,vertex_count_allgather,communication,0.0124228259997,1,5690098372,123858101,2.17673039906,14458062725,24167131875,0.59825314811,16,0,0,0,0,0,0,0,1,1,4,256
38,cn3346,element_count_pre_collective_wait,synchronization,0.00100867399988,1,5676793753,123746129,2.17985951902,14431714356,24142555067,0.59777079584,2,0,0,0,0,0,0,0,0,0,0,0
38,cn3346,element_count_allgather,communication,6.98210001246e-05,1,5675725335,123735438,2.18008149966,14429598542,24140502314,0.597733980607,1,0,0,0,0,0,0,0,1,1,4,256
38,cn3346,vertex_exchange_prepare,compute,3.5200000184e-05,1,5675677519,123735316,2.18009771672,14429509802,24140436274,0.597731939813,0,0,0,0,0,0,0,0,0,0,0,0
38,cn3346,vertex_exchange,communication,0.0037209699999,1,5680793909,123758988,2.17855092057,14439652567,24147004945,0.597989382115,74,0,0,0,0,0,0,0,5,1,224004,60962
38,cn3346,vertex_exchange_unpack,compute,0.000957012999606,1,5676016575,123741913,2.18008371478,14430318004,24142462613,0.597715247003,0,0,0,0,0,0,0,0,0,0,0,0
38,cn3346,partition_result_io,io,0,0,0,0,0,0,0,0,0,0,0,0,0,0,0,0,0,0,0,0
38,cn3346,volume_exchange_pack,compute,0.261269993,2,11496248134,249636204,2.17145803649,29264344667,48845405863,0.599121742362,1053,0,0,0,0,0,0,0,0,0,0,0
38,cn3346,volume_size_exchange,communication,0.0700855969999,1,5758318876,124422611,2.16074541336,14592762509,24294347744,0.600664922671,2,0,0,0,0,0,0,0,4,4,16,16
38,cn3346,volume_payload_prepare,compute,0.000285224000436,1,5675678540,123735353,2.18009797644,14429578081,24140576571,0.597731294386,68,0,0,0,0,0,0,0,0,0,0,0
38,cn3346,volume_payload_exchange,communication,0.00418987600005,1,5675969496,123751012,2.18026210478,14430156912,24142393190,0.597710293194,487,0,0,0,0,0,3,0,4,4,3038880,3045360
38,cn3346,volume_exchange_unpack,compute,0.212263998,1,5798793452,128324134,2.21294541808,14766285625,24560673085,0.601216651266,6180,0,0,0,0,0,0,3,0,0,0,0
38,cn3346,final_mesh_save,io,0,0,0,0,0,0,0,0,0,0,0,0,0,0,0,0,0,0,0,0
38,cn3346,testout_io,io,0,0,0,0,0,0,0,0,0,0,0,0,0,0,0,0,0,0,0,0
38,cn3346,final_count_exchange,communication,0,0,0,0,0,0,0,0,0,0,0,0,0,0,0,0,0,0,0,0
38,cn3346,quality_surface_compute,postprocess,0,0,0,0,0,0,0,0,0,0,0,0,0,0,0,0,0,0,0,0
38,cn3346,quality_reduce_pre_collective_wait,synchronization,0,0,0,0,0,0,0,0,0,0,0,0,0,0,0,0,0,0,0,0
38,cn3346,quality_reduce,communication,0,0,0,0,0,0,0,0,0,0,0,0,0,0,0,0,0,0,0,0
38,cn3346,quality_summary_io,io,0,0,0,0,0,0,0,0,0,0,0,0,0,0,0,0,0,0,0,0
38,cn3346,quality_volume_compute,postprocess,0,0,0,0,0,0,0,0,0,0,0,0,0,0,0,0,0,0,0,0
38,cn3346,quality_rank_io,io,0,0,0,0,0,0,0,0,0,0,0,0,0,0,0,0,0,0,0,0
39,cn3346,geometry_load,io,3.033660622,1,1400968579,25318267,1.80719734757,3316521680,3834321351,0.864956631539,5930,0,1035185,0,196608,0,239,16,0,0,0,0
39,cn3346,coarse_local_size,setup,0.585868934,1,323378863,6605294,2.04258680939,745497112,975532039,0.764195415626,8537,0,0,0,0,0,202,71,0,0,0,0
39,cn3346,coarse_edge_mesh,setup,0.0140210879999,1,6288134,174376,2.77309612041,12803567,27355041,0.468051464445,491,0,0,0,0,0,0,0,0,0,0,0
39,cn3346,coarse_surface_mesh,setup,8.888545268,1,5673741992,168641194,2.97230988363,15313949022,19352295712,0.791324670205,15769,0,0,0,0,0,0,8,0,0,0,0
39,cn3346,coarse_volume_mesh,setup,15.516206426,1,5351892146,127314891,2.37887624651,13494195957,23212243610,0.581339580254,30209,0,0,0,0,0,87636,2903217,0,0,0,0
39,cn3346,coarse_mesh_save,io,0,0,0,0,0,0,0,0,0,0,0,0,0,0,0,0,0,0,0,0
39,cn3346,submesh_initialization,setup,0.000315884999964,1,4838942116,110823955,2.29025171914,12244454841,20423403513,0.599530574481,1,0,0,0,0,0,1,0,0,0,0,0
39,cn3346,metis_partition,compute,0.186674156,1,4951840037,116898511,2.36070854726,12505725111,20824575293,0.600527258542,256,0,0,0,0,0,2,1,0,0,0,0
39,cn3346,face_map_setup,compute,0.00782428399998,1,4841974124,110891235,2.29020709653,12252344707,20439662208,0.599439686543,222,0,0,0,0,0,0,0,0,0,0,0
39,cn3346,face_local_extract,compute,0.178939172,1,4900214559,113043239,2.30690386388,12407653863,20810444511,0.596222433233,792,0,0,0,0,0,0,1,0,0,0,0
39,cn3346,face_pre_collective_wait,synchronization,0.00513466899974,1,4844899604,110879963,2.28859155117,12255836315,20434387509,0.599765288272,0,0,0,0,0,0,0,0,0,0,0,0
39,cn3346,face_collective_setup,compute,0.00010402099997,1,4838862149,110820418,2.29021647213,12244308962,20423251512,0.599527893725,16,0,0,0,0,0,0,0,0,0,0,0
39,cn3346,face_allgatherv,communication,0.0806771789998,1,4978886053,111456392,2.23858089568,12517282830,20582148267,0.608162115423,815,0,0,0,0,0,7,0,1,1,75808,4859624
39,cn3346,face_global_merge,compute,0.0883506820001,1,4857092709,111681314,2.29934491045,12288720690,20615339650,0.596095960515,478,0,0,0,0,0,0,0,0,0,0,0
39,cn3346,part_face_create,compute,0.0213679660001,1,4843350214,110999603,2.29179386366,12254670381,20469756623,0.59867201192,3,0,0,0,0,0,0,0,0,0,0,0
39,cn3346,surface_refine,compute,0.0153328449996,1,4843352765,111016992,2.29215168472,12253530234,20456236038,0.59901196932,51,0,0,0,0,0,0,0,0,0,0,0
39,cn3346,refined_surface_save,io,0,0,0,0,0,0,0,0,0,0,0,0,0,0,0,0,0,0,0,0
39,cn3346,local_volume_mesh,compute,12.402901918,1,8446924625,189351751,2.24166497757,21817367949,37568035466,0.58074284903,5746,0,0,0,0,0,74743,2706203,0,0,0,0
39,cn3346,volume_refine,compute,0.742965854,1,7982027928,187346943,2.34710959032,20431272142,35982694580,0.567808286191,4956,0,0,0,0,0,0,1,0,0,0,0
39,cn3346,refined_volume_save,io,0,0,0,0,0,0,0,0,0,0,0,0,0,0,0,0,0,0,0,0
39,cn3346,adjacency_build,compute,0.00431115699985,1,7748252936,178207061,2.29996442388,19982160347,34515812999,0.578927703299,12,0,0,0,0,0,0,0,0,0,0,0
39,cn3346,vertex_numbering_local,compute,0.015219544,1,7755080880,178339295,2.29964455251,19998294220,34539696744,0.578994493444,6,0,0,0,0,0,0,0,0,0,0,0
39,cn3346,vertex_count_pre_collective_wait,synchronization,4.848781373,1,13785597824,178181295,1.2925177223,31895132497,45163026325,0.706222215214,67,0,0,0,0,0,0,10,0,0,0,0
39,cn3346,vertex_count_allgather,communication,0.0124920470003,1,7760947388,178400850,2.29869938657,20007082511,34533387854,0.579354756492,62,0,0,0,0,0,0,0,1,1,4,256
39,cn3346,element_count_pre_collective_wait,synchronization,0.000762549999763,1,7748217936,178177514,2.2995934739,19981891398,34508064240,0.579049907263,5,0,0,0,0,0,0,0,0,0,0,0
39,cn3346,element_count_allgather,communication,0.000194902999738,1,7747559901,178173719,2.29973980552,19980592556,34506833326,0.579032922762,0,0,0,0,0,0,0,0,1,1,4,256
39,cn3346,vertex_exchange_prepare,compute,0.00020920299994,1,7747353560,178172979,2.29979150455,19980207534,34506666590,0.579024562743,79,0,0,0,0,0,0,0,0,0,0,0
39,cn3346,vertex_exchange,communication,0.00313112200001,1,7752430389,178187958,2.29847865842,19990174250,34512496023,0.579215546644,54,0,0,0,0,0,0,0,0,4,0,291654
39,cn3346,vertex_exchange_unpack,compute,0.00640932600027,1,7748979677,178202771,2.29969335871,19984074989,34516830406,0.578966108821,1899,0,0,0,0,0,0,0,0,0,0,0
39,cn3346,partition_result_io,io,0,0,0,0,0,0,0,0,0,0,0,0,0,0,0,0,0,0,0,0
39,cn3346,volume_exchange_pack,compute,0.243232593,2,15620336645,358649772,2.29604380591,40308853082,69533248570,0.57970616807,2319,0,0,0,0,0,0,0,0,0,0,0
39,cn3346,volume_size_exchange,communication,0.0590524490003,1,7817680537,178745396,2.28642492046,20116328294,34634145941,0.580823570134,4,0,0,0,0,0,0,1,4,4,16,16
39,cn3346,volume_payload_prepare,compute,0.000270563999948,1,7747354048,178171903,2.29977747107,19980313015,34506787015,0.579025598828,34,0,0,0,0,0,0,0,0,0,0,0
39,cn3346,volume_payload_exchange,communication,0.0277042509997,1,7776744848,178434433,2.29446171229,20037720614,34561372823,0.579772126432,307,0,0,0,0,0,1,0,4,4,3141120,3127920
39,cn3346,volume_exchange_unpack,compute,0.19070603,1,7858110336,180774762,2.30048643084,20288450810,34881735739,0.581635356732,6790,0,0,0,0,0,0,0,0,0,0,0
39,cn3346,final_mesh_save,io,0,0,0,0,0,0,0,0,0,0,0,0,0,0,0,0,0,0,0,0
39,cn3346,testout_io,io,0,0,0,0,0,0,0,0,0,0,0,0,0,0,0,0,0,0,0,0
39,cn3346,final_count_exchange,communication,0,0,0,0,0,0,0,0,0,0,0,0,0,0,0,0,0,0,0,0
39,cn3346,quality_surface_compute,postprocess,0,0,0,0,0,0,0,0,0,0,0,0,0,0,0,0,0,0,0,0
39,cn3346,quality_reduce_pre_collective_wait,synchronization,0,0,0,0,0,0,0,0,0,0,0,0,0,0,0,0,0,0,0,0
39,cn3346,quality_reduce,communication,0,0,0,0,0,0,0,0,0,0,0,0,0,0,0,0,0,0,0,0
39,cn3346,quality_summary_io,io,0,0,0,0,0,0,0,0,0,0,0,0,0,0,0,0,0,0,0,0
39,cn3346,quality_volume_compute,postprocess,0,0,0,0,0,0,0,0,0,0,0,0,0,0,0,0,0,0,0,0
39,cn3346,quality_rank_io,io,0,0,0,0,0,0,0,0,0,0,0,0,0,0,0,0,0,0,0,0
40,cn3346,geometry_load,io,3.033961327,1,1400757800,24338151,1.73749887382,3316713967,3797007351,0.873507386317,5910,0,1035185,0,241664,0,277,23,0,0,0,0
40,cn3346,coarse_local_size,setup,0.543475867,1,266570081,6196322,2.32446266166,632909893,896724899,0.705801627351,7729,0,0,0,0,0,232,96,0,0,0,0
40,cn3346,coarse_edge_mesh,setup,0.0157181100003,1,6283624,165196,2.6289924413,12807162,25907221,0.49434719378,527,0,0,0,0,0,2,0,0,0,0,0
40,cn3346,coarse_surface_mesh,setup,8.654165094,1,5671601391,164538944,2.90110204608,15312112317,18777920544,0.815431734367,15040,0,0,0,0,0,21,18,0,0,0,0
40,cn3346,coarse_volume_mesh,setup,14.73644112,1,5284528939,125026566,2.36589802882,13360555858,21917277141,0.60959013166,27513,0,0,0,0,0,86503,2740186,0,0,0,0
40,cn3346,coarse_mesh_save,io,0,0,0,0,0,0,0,0,0,0,0,0,0,0,0,0,0,0,0,0
40,cn3346,submesh_initialization,setup,0.000270384000032,1,4167113403,105470582,2.53102260006,10239071808,17409279643,0.58813874083,59,0,0,0,0,0,0,0,0,0,0,0
40,cn3346,metis_partition,compute,0.184654429,1,4279929119,111485202,2.60483757792,10500380957,17798184034,0.589969231521,1582,0,0,0,0,0,7,2,0,0,0,0
40,cn3346,face_map_setup,compute,0.00810554899999,1,4170203802,105538981,2.53078712722,10246964196,17425605931,0.588040624617,471,0,0,0,0,0,0,0,0,0,0,0
40,cn3346,face_local_extract,compute,0.162367591,1,4228243697,107726537,2.54778448736,10402271875,17761479697,0.585664711075,912,0,0,0,0,0,0,1,0,0,0,0
40,cn3346,face_pre_collective_wait,synchronization,0.0178029180001,1,4189188047,105466272,2.5175826632,10282592563,17447954809,0.589329389923,3,0,0,0,0,0,0,1,0,0,0,0
40,cn3346,face_collective_setup,compute,0.00553011400007,1,4167032854,105467195,2.53099024402,10238926070,17409289718,0.588130029189,16,0,0,0,0,0,2,0,0,0,0,0
40,cn3346,face_allgatherv,communication,0.0808436010002,1,4308453399,105938320,2.45884799461,10514752782,17568551399,0.598498563894,828,0,0,0,0,0,4,1,1,1,75808,4859624
40,cn3346,face_global_merge,compute,0.083307934,1,4185221256,106390391,2.54204938024,10283338617,17589515716,0.584628865458,652,0,0,0,0,0,0,0,0,0,0,0
40,cn3346,part_face_create,compute,0.0197490239998,1,4171488193,105648840,2.53264147259,10249278767,17451859060,0.587288651127,24,0,0,0,0,0,0,0,0,0,0,0
40,cn3346,surface_refine,compute,0.0121750429998,1,4171297015,105643657,2.53263329416,10247709620,17435306408,0.587756210312,49,0,0,0,0,0,0,0,0,0,0,0
40,cn3346,refined_surface_save,io,0,0,0,0,0,0,0,0,0,0,0,0,0,0,0,0,0,0,0,0
40,cn3346,local_volume_mesh,compute,11.398508209,1,7582647300,177085546,2.33540528781,19314001718,32832095532,0.588265884496,7287,0,0,0,0,0,66665,2585487,0,0,0,0
40,cn3346,volume_refine,compute,0.678763136,1,6811613328,170570821,2.50411778806,17153742406,29851697161,0.574632065758,6750,0,0,0,0,0,0,2,0,0,0,0
40,cn3346,refined_volume_save,io,0,0,0,0,0,0,0,0,0,0,0,0,0,0,0,0,0,0,0,0
40,cn3346,adjacency_build,compute,0.00426003699977,1,6589151146,160915107,2.44212195827,16729708994,28527833791,0.586434606867,8,0,0,0,0,0,0,0,0,0,0,0
40,cn3346,vertex_numbering_local,compute,0.0158255910001,1,6596535839,161054566,2.44150217524,16747367730,28553152254,0.586533058803,9,0,0,0,0,0,0,0,0,0,0,0
40,cn3346,vertex_count_pre_collective_wait,synchronization,5.926721786,1,14066027415,166968218,1.18703179707,31487258474,41540361610,0.757991920475,66,0,0,0,0,0,0,15,0,0,0,0
40,cn3346,vertex_count_allgather,communication,0.0123452449998,1,6603103939,160882230,2.43646369172,16756948197,28545427926,0.587027395085,45,0,0,0,0,0,0,0,1,1,4,256
40,cn3346,element_count_pre_collective_wait,synchronization,0.00101267400032,1,6589459163,160879754,2.4414712956,16730126340,28520756750,0.586594755765,2,0,0,0,0,0,0,0,0,0,0,0
40,cn3346,element_count_allgather,communication,6.73209997331e-05,1,6588296629,160880191,2.44190873695,16727831585,28518686461,0.586556874135,0,0,0,0,0,0,0,0,1,1,4,256
40,cn3346,vertex_exchange_prepare,compute,5.09810001859e-05,1,6588245713,160879510,2.44191727219,16727732395,28518599575,0.586555183084,8,0,0,0,0,0,0,0,0,0,0,0
40,cn3346,vertex_exchange,communication,0.00654048800016,1,6596468090,160900142,2.43918624034,16744055005,28531124444,0.586869789793,125,0,0,0,0,0,0,0,6,3,312708,2860
40,cn3346,vertex_exchange_unpack,compute,0.000275663000139,1,6588263319,160880098,2.44191967155,16727770385,28518792635,0.58655254446,181,0,0,0,0,0,0,0,0,0,0,0
40,cn3346,partition_result_io,io,0,0,0,0,0,0,0,0,0,0,0,0,0,0,0,0,0,0,0,0
40,cn3346,volume_exchange_pack,compute,0.220224925,2,13300167960,323881211,2.43516632252,33798347421,57508657923,0.587708853617,2279,0,0,0,0,0,0,1,0,0,0,0
40,cn3346,volume_size_exchange,communication,0.109432464,1,6724978020,160956115,2.39340730217,16997775003,28758878853,0.591044424572,2,0,0,0,0,0,0,1,6,6,24,24
40,cn3346,volume_payload_prepare,compute,0.000412345999848,1,6588246894,160879650,2.44191895945,16727829650,28518843172,0.586553583156,102,0,0,0,0,0,0,0,0,0,0,0
40,cn3346,volume_payload_exchange,communication,0.00453016099982,1,6589275459,160895721,2.44178167996,16729864626,28521930986,0.586561430017,475,0,0,0,0,0,5,0,6,6,3355080,3376560
40,cn3346,volume_exchange_unpack,compute,0.190655649,1,6697473198,165319607,2.46838773538,17031519393,28896572404,0.589395834042,6420,0,0,0,0,0,0,0,0,0,0,0
40,cn3346,final_mesh_save,io,0,0,0,0,0,0,0,0,0,0,0,0,0,0,0,0,0,0,0,0
40,cn3346,testout_io,io,0,0,0,0,0,0,0,0,0,0,0,0,0,0,0,0,0,0,0,0
40,cn3346,final_count_exchange,communication,0,0,0,0,0,0,0,0,0,0,0,0,0,0,0,0,0,0,0,0
40,cn3346,quality_surface_compute,postprocess,0,0,0,0,0,0,0,0,0,0,0,0,0,0,0,0,0,0,0,0
40,cn3346,quality_reduce_pre_collective_wait,synchronization,0,0,0,0,0,0,0,0,0,0,0,0,0,0,0,0,0,0,0,0
40,cn3346,quality_reduce,communication,0,0,0,0,0,0,0,0,0,0,0,0,0,0,0,0,0,0,0,0
40,cn3346,quality_summary_io,io,0,0,0,0,0,0,0,0,0,0,0,0,0,0,0,0,0,0,0,0
40,cn3346,quality_volume_compute,postprocess,0,0,0,0,0,0,0,0,0,0,0,0,0,0,0,0,0,0,0,0
40,cn3346,quality_rank_io,io,0,0,0,0,0,0,0,0,0,0,0,0,0,0,0,0,0,0,0,0
41,cn3346,geometry_load,io,3.034040768,1,1399241618,24056525,1.71925453692,3316259839,3772317438,0.87910412989,5972,0,1035186,0,393216,0,295,13,0,0,0,0
41,cn3346,coarse_local_size,setup,0.671896283,1,266935098,5983509,2.241559482,633160851,899460415,0.70393409253,8291,0,0,0,0,0,218,76,0,0,0,0
41,cn3346,coarse_edge_mesh,setup,0.0134367989999,1,6319602,163962,2.59449883078,12799754,26364022,0.48550080864,491,0,0,0,0,0,0,0,0,0,0,0
41,cn3346,coarse_surface_mesh,setup,8.670757576,1,5672910694,161368720,2.84454892214,15313886525,18853440946,0.812259500473,16542,0,0,0,0,0,0,23,0,0,0,0
41,cn3346,coarse_volume_mesh,setup,14.902346078,1,5301232690,125957862,2.37601081419,13395665551,22197405554,0.603478884882,30425,0,0,0,0,0,90472,2775394,0,0,0,0
41,cn3346,coarse_mesh_save,io,0,0,0,0,0,0,0,0,0,0,0,0,0,0,0,0,0,0,0,0
41,cn3346,submesh_initialization,setup,0.000285162999717,1,4373994822,110967411,2.53698084968,10859244903,18340909847,0.592077764603,3,0,0,0,0,0,0,0,0,0,0,0
41,cn3346,metis_partition,compute,0.185166796,1,4487848879,117005162,2.60715467821,11120508957,18733169254,0.593626673961,368,0,0,0,0,0,4,0,0,0,0,0
41,cn3346,face_map_setup,compute,0.00788004500009,1,4377060285,111035252,2.53675400315,10867132707,18357321945,0.591978107676,232,0,0,0,0,0,0,0,0,0,0,0
41,cn3346,face_local_extract,compute,0.16608318,1,4435042414,113133699,2.55090455602,11022446062,18701330004,0.589393698718,658,0,0,0,0,0,0,4,0,0,0,0
41,cn3346,face_pre_collective_wait,synchronization,0.0177981379998,1,4395975359,110963145,2.5241985211,10902640232,18379710306,0.593188905074,0,0,0,0,0,0,0,0,0,0,0,0
41,cn3346,face_collective_setup,compute,0.00174084300033,1,4373911788,110963971,2.53695036339,10859099442,18340880220,0.592070790046,16,0,0,0,0,0,1,0,0,0,0,0
41,cn3346,face_allgatherv,communication,0.0810679040001,1,4515187026,111414177,2.46754290262,11134058508,18500636434,0.601820296708,830,0,0,0,0,0,5,2,1,1,75808,4859624
41,cn3346,face_global_merge,compute,0.0834495959998,1,4392093458,111795591,2.54538278999,10903511006,18521439522,0.588696736722,508,0,0,0,0,0,0,3,0,0,0,0
41,cn3346,part_face_create,compute,0.0206642359999,1,4378492267,111142968,2.53838447627,10869666957,18385620965,0.591204777782,3,0,0,0,0,0,0,1,0,0,0,0
41,cn3346,surface_refine,compute,0.0200917289999,1,4380819927,111243560,2.53933194821,10873201140,18384131469,0.591444918588,61,0,0,0,0,0,0,0,0,0,0,0
41,cn3346,refined_surface_save,io,0,0,0,0,0,0,0,0,0,0,0,0,0,0,0,0,0,0,0,0
41,cn3346,local_volume_mesh,compute,15.576482232,1,9645124426,235922011,2.4460235097,25088762529,41947161270,0.598103942422,13104,0,0,0,0,0,76256,2958948,0,0,0,0
41,cn3346,volume_refine,compute,1.112495495,1,9365057594,239054844,2.55262545479,24056278988,41730120493,0.576472790009,8828,0,0,0,0,0,0,6,0,0,0,0
41,cn3346,refined_volume_save,io,0,0,0,0,0,0,0,0,0,0,0,0,0,0,0,0,0,0,0,0
41,cn3346,adjacency_build,compute,0.00428231700016,1,9007505839,226039656,2.50945888951,23359710215,39479508032,0.591692029092,8,0,0,0,0,0,0,0,0,0,0,0
41,cn3346,vertex_numbering_local,compute,0.0165075209998,1,9013115366,226157936,2.50920937785,23373003552,39506287635,0.591627433282,6,0,0,0,0,0,0,0,0,0,0,0
41,cn3346,vertex_count_pre_collective_wait,synchronization,1.304872847,1,10653275402,226008256,2.12149078543,26610118393,42339342212,0.628496263824,30,0,0,0,0,0,0,1,0,0,0,0
41,cn3346,vertex_count_allgather,communication,0.0125896280001,1,9021764094,226008651,2.5051491997,23387637195,39496956517,0.592137705216,21,0,0,0,0,0,2,0,1,1,4,256
41,cn3346,element_count_pre_collective_wait,synchronization,0.000599547999627,1,9007320309,226005930,2.50913614978,23359137858,39471457856,0.591798203735,0,0,0,0,0,0,0,0,0,0,0,0
41,cn3346,element_count_allgather,communication,0.000227922999784,1,9006853896,226005923,2.50926600575,23358214811,39470607778,0.591787563606,1,0,0,0,0,0,0,0,1,1,4,256
41,cn3346,vertex_exchange_prepare,compute,2.20010001613e-05,1,9006620188,226005744,2.50932912993,23357762088,39470188943,0.591782373318,0,0,0,0,0,0,0,0,0,0,0,0
41,cn3346,vertex_exchange,communication,0.0018440849999,1,9009364791,226020864,2.50873251603,23363205919,39473493520,0.591870742506,61,0,0,0,0,0,0,0,6,2,109076,84370
41,cn3346,vertex_exchange_unpack,compute,0.0013016769999,1,9007094743,226014458,2.50929366737,23358894243,39473000609,0.591768902354,0,0,0,0,0,0,0,0,0,0,0,0
41,cn3346,partition_result_io,io,0,0,0,0,0,0,0,0,0,0,0,0,0,0,0,0,0,0,0,0
41,cn3346,volume_exchange_pack,compute,0.292376789,2,18185264089,454770601,2.5007643484,47203843358,79573890163,0.593207687362,638,0,0,0,0,0,0,1,0,0,0,0
41,cn3346,volume_size_exchange,communication,0.0358845799997,1,9049688908,226364210,2.5013479723,23443091870,39548906912,0.592762068549,2,0,0,0,0,0,0,0,5,5,20,20
41,cn3346,volume_payload_prepare,compute,0.000243943999976,1,9006620797,226005814,2.50932973747,23357847360,39470430937,0.591780905491,34,0,0,0,0,0,0,0,0,0,0,0
41,cn3346,volume_payload_exchange,communication,0.00450686000022,1,9008901162,226039019,2.50906314694,23362367948,39475824609,0.591814564468,232,0,0,0,0,0,3,0,5,5,2026080,2017200
41,cn3346,volume_exchange_unpack,compute,0.229433908,1,9158794071,231134283,2.52363227307,23787848431,39915077546,0.595961473546,9672,0,0,0,0,0,0,0,0,0,0,0
41,cn3346,final_mesh_save,io,0,0,0,0,0,0,0,0,0,0,0,0,0,0,0,0,0,0,0,0
41,cn3346,testout_io,io,0,0,0,0,0,0,0,0,0,0,0,0,0,0,0,0,0,0,0,0
41,cn3346,final_count_exchange,communication,0,0,0,0,0,0,0,0,0,0,0,0,0,0,0,0,0,0,0,0
41,cn3346,quality_surface_compute,postprocess,0,0,0,0,0,0,0,0,0,0,0,0,0,0,0,0,0,0,0,0
41,cn3346,quality_reduce_pre_collective_wait,synchronization,0,0,0,0,0,0,0,0,0,0,0,0,0,0,0,0,0,0,0,0
41,cn3346,quality_reduce,communication,0,0,0,0,0,0,0,0,0,0,0,0,0,0,0,0,0,0,0,0
41,cn3346,quality_summary_io,io,0,0,0,0,0,0,0,0,0,0,0,0,0,0,0,0,0,0,0,0
41,cn3346,quality_volume_compute,postprocess,0,0,0,0,0,0,0,0,0,0,0,0,0,0,0,0,0,0,0,0
41,cn3346,quality_rank_io,io,0,0,0,0,0,0,0,0,0,0,0,0,0,0,0,0,0,0,0,0
42,cn3346,geometry_load,io,3.036349439,1,1404829587,28082751,1.99901477445,3315491083,3848173063,0.861575357636,5924,0,1035185,0,16384,0,273,17,0,0,0,0
42,cn3346,coarse_local_size,setup,0.671570419,1,267695678,6496203,2.42671194714,631662943,913917740,0.691159516173,8478,0,0,0,0,0,206,62,0,0,0,0
42,cn3346,coarse_edge_mesh,setup,0.0139868870001,1,6314232,188364,2.98316564865,12806379,27318944,0.468772841293,526,0,0,0,0,0,0,0,0,0,0,0
42,cn3346,coarse_surface_mesh,setup,8.876921313,1,5676551921,166016405,2.92459942779,15312428943,19331622563,0.792092277464,14417,0,0,0,0,0,0,13,0,0,0,0
42,cn3346,coarse_volume_mesh,setup,15.23302928,1,5308249942,123885453,2.33382855656,13400974896,23009583777,0.582408401033,26285,0,0,0,0,0,89371,2757300,0,0,0,0
42,cn3346,coarse_mesh_save,io,0,0,0,0,0,0,0,0,0,0,0,0,0,0,0,0,0,0,0,0
42,cn3346,submesh_initialization,setup,0.000333584000145,1,4670187844,110698314,2.37031823339,11613443062,20091898545,0.578016210663,2,0,0,0,0,0,1,0,0,0,0,0
42,cn3346,metis_partition,compute,0.186815898,1,4783858895,116752842,2.44055781248,11874679199,20490744488,0.579514287827,551,0,0,0,0,0,3,0,0,0,0,0
42,cn3346,face_map_setup,compute,0.00811298899998,1,4673259825,110769710,2.37028785362,11621336210,20108785427,0.577923328696,237,0,0,0,0,0,0,0,0,0,0,0
42,cn3346,face_local_extract,compute,0.183581875,1,4731503687,112969634,2.38760532535,11776642276,20490920699,0.574724896406,624,0,0,0,0,0,0,1,0,0,0,0
42,cn3346,face_pre_collective_wait,synchronization,3.40009996762e-05,1,4670107345,110693959,2.37026583808,11613296103,20091698791,0.578014642953,0,0,0,0,0,0,0,0,0,0,0,0
42,cn3346,face_collective_setup,compute,0.000109300999611,1,4670107783,110694766,2.37028289589,11613297252,20091745228,0.578013364206,16,0,0,0,0,0,0,0,0,0,0,0
42,cn3346,face_allgatherv,communication,0.0812596269998,1,4810212399,111148120,2.31066969149,11886367030,20251389144,0.586940823935,1007,0,0,0,0,0,4,0,1,1,75808,4859624
42,cn3346,face_global_merge,compute,0.0867852209999,1,4688299362,111544670,2.37921389799,11657708430,20280766650,0.574815963873,407,0,0,0,0,0,0,0,0,0,0,0
42,cn3346,part_face_create,compute,0.0213202250002,1,4674632002,110876946,2.37188608542,11623814182,20138119853,0.577204538798,3,0,0,0,0,0,0,0,0,0,0,0
42,cn3346,surface_refine,compute,0.021121622,1,4676510799,110966811,2.37285480071,11626335847,20137644216,0.577343393413,4,0,0,0,0,0,0,0,0,0,0,0
42,cn3346,refined_surface_save,io,0,0,0,0,0,0,0,0,0,0,0,0,0,0,0,0,0,0,0,0
42,cn3346,local_volume_mesh,compute,15.679161485,1,9924872022,225460826,2.27167489415,25721492815,43663807646,0.589080389496,4418,0,0,0,0,0,70763,3035548,0,0,0,0
42,cn3346,volume_refine,compute,1.093598882,1,9948400258,230975405,2.32173413825,25510742730,44435367901,0.574108957235,5855,0,0,0,0,0,0,6,0,0,0,0
42,cn3346,refined_volume_save,io,0,0,0,0,0,0,0,0,0,0,0,0,0,0,0,0,0,0,0,0
42,cn3346,adjacency_build,compute,0.00410393499988,1,9609518039,218458676,2.2733572601,24859919148,42235725688,0.588599313568,0,0,0,0,0,0,0,0,0,0,0,0
42,cn3346,vertex_numbering_local,compute,0.0159334529999,1,9615256502,218569956,2.27315782948,24873410545,42261609410,0.588558052858,1,0,0,0,0,0,0,0,0,0,0,0
42,cn3346,vertex_count_pre_collective_wait,synchronization,1.216273543,1,11056576113,218425717,1.97552763864,27715592583,44901201150,0.617257264241,1,0,0,0,0,0,0,0,0,0,0,0
42,cn3346,vertex_count_allgather,communication,0.0124144259999,1,9623016002,218427105,2.26984040092,24886379430,42253561108,0.588977089207,13,0,0,0,0,0,0,0,1,1,4,256
42,cn3346,element_count_pre_collective_wait,synchronization,0.000858451999648,1,9609668757,218424588,2.27296687871,24860003880,42228587183,0.588700819477,0,0,0,0,0,0,0,0,0,0,0,0
42,cn3346,element_count_allgather,communication,0.000163061999956,1,9608817635,218424816,2.27317058453,24858325222,42227042180,0.588682605711,1,0,0,0,0,0,0,0,1,1,4,256
42,cn3346,vertex_exchange_prepare,compute,3.44410000253e-05,1,9608681678,218424484,2.2731992933,24858061532,42226779921,0.588680017243,0,0,0,0,0,0,0,0,0,0,0,0
42,cn3346,vertex_exchange,communication,0.00352534800004,1,9613344287,218440803,2.27226651287,24867353584,42233927007,0.588800411098,11,0,0,0,0,0,0,0,4,2,138314,68684
42,cn3346,vertex_exchange_unpack,compute,0.00111283499973,1,9609069335,218431404,2.27317960132,24858986286,42229144843,0.588668948387,0,0,0,0,0,0,0,0,0,0,0,0
42,cn3346,partition_result_io,io,0,0,0,0,0,0,0,0,0,0,0,0,0,0,0,0,0,0,0,0
42,cn3346,volume_exchange_pack,compute,0.273987584,2,19385383596,439321845,2.26625303969,50192072098,85049020457,0.590154617047,583,0,0,0,0,0,0,1,0,0,0,0
42,cn3346,volume_size_exchange,communication,0.034096716,1,9649511337,218424701,2.26358302894,24938636682,42301572264,0.589543966034,2,0,0,0,0,0,0,0,4,4,16,16
42,cn3346,volume_payload_prepare,compute,0.00027662399998,1,9608682282,218424520,2.27319952507,24858136309,42226933467,0.588679647515,68,0,0,0,0,0,0,0,0,0,0,0
42,cn3346,volume_payload_exchange,communication,0.025379399,1,9636698600,218438430,2.26673510366,24913365924,42279150830,0.589258900307,241,0,0,0,0,0,1,0,4,4,2168640,2175600
42,cn3346,volume_exchange_unpack,compute,0.223539589,1,9753570576,221527175,2.27124183163,25266655896,42659665126,0.592284440616,9115,0,0,0,0,0,0,0,0,0,0,0
42,cn3346,final_mesh_save,io,0,0,0,0,0,0,0,0,0,0,0,0,0,0,0,0,0,0,0,0
42,cn3346,testout_io,io,0,0,0,0,0,0,0,0,0,0,0,0,0,0,0,0,0,0,0,0
42,cn3346,final_count_exchange,communication,0,0,0,0,0,0,0,0,0,0,0,0,0,0,0,0,0,0,0,0
42,cn3346,quality_surface_compute,postprocess,0,0,0,0,0,0,0,0,0,0,0,0,0,0,0,0,0,0,0,0
42,cn3346,quality_reduce_pre_collective_wait,synchronization,0,0,0,0,0,0,0,0,0,0,0,0,0,0,0,0,0,0,0,0
42,cn3346,quality_reduce,communication,0,0,0,0,0,0,0,0,0,0,0,0,0,0,0,0,0,0,0,0
42,cn3346,quality_summary_io,io,0,0,0,0,0,0,0,0,0,0,0,0,0,0,0,0,0,0,0,0
42,cn3346,quality_volume_compute,postprocess,0,0,0,0,0,0,0,0,0,0,0,0,0,0,0,0,0,0,0,0
42,cn3346,quality_rank_io,io,0,0,0,0,0,0,0,0,0,0,0,0,0,0,0,0,0,0,0,0
43,cn3346,geometry_load,io,3.037041648,1,1398739147,23201125,1.65871707028,3316227013,3807581623,0.87095362394,5855,0,1035185,0,45056,0,287,11,0,0,0,0
43,cn3346,coarse_local_size,setup,0.626134992,1,268061720,6248052,2.33082590084,632966769,917704904,0.689728001061,8390,0,0,0,0,0,199,114,0,0,0,0
43,cn3346,coarse_edge_mesh,setup,0.0134383599998,1,6275936,172421,2.7473352182,12802657,26183037,0.488967609067,526,0,0,0,0,0,0,0,0,0,0,0
43,cn3346,coarse_surface_mesh,setup,8.88573455,1,5673663603,162737271,2.86829255992,15314035541,19319542863,0.792670698763,19483,0,0,0,0,0,0,12,0,0,0,0
43,cn3346,coarse_volume_mesh,setup,15.403209115,1,5329939799,125463606,2.35394039579,13437296390,23105011083,0.581574981364,29943,0,0,0,0,0,85938,2933389,0,0,0,0
43,cn3346,coarse_mesh_save,io,0,0,0,0,0,0,0,0,0,0,0,0,0,0,0,0,0,0,0,0
43,cn3346,submesh_initialization,setup,0.000414544999785,1,4812993212,118709145,2.46643075881,12059738996,21059105885,0.572661491986,1,0,0,0,0,0,2,0,0,0,0,0
43,cn3346,metis_partition,compute,0.188697663,1,4925836186,124745281,2.53246913396,12320985247,21465735928,0.573983826519,392,0,0,0,0,0,3,0,0,0,0,0
43,cn3346,face_map_setup,compute,0.00789396499977,1,4816059933,118778424,2.46629870999,12067637532,21075633912,0.572587167835,218,0,0,0,0,0,0,0,0,0,0,0
43,cn3346,face_local_extract,compute,0.180678096,1,4874365434,120856653,2.47943357215,12222934988,21451801967,0.56978593252,615,0,0,0,0,0,0,1,0,0,0,0
43,cn3346,face_pre_collective_wait,synchronization,0.00111437499982,1,4814199855,118704864,2.46572364204,12062126788,21061229999,0.572717110471,0,0,0,0,0,0,0,0,0,0,0,0
43,cn3346,face_collective_setup,compute,0.000105841000277,1,4812913536,118705582,2.46639755965,12059593182,21058943026,0.572658996566,16,0,0,0,0,0,0,0,0,0,0,0
43,cn3346,face_allgatherv,communication,0.0814591489998,1,4953998869,119137261,2.40487057326,12334693866,21219326325,0.581295262492,870,0,0,0,0,0,10,1,1,1,75808,4859624
43,cn3346,face_global_merge,compute,0.0885253629999,1,4831124321,119560661,2.47479992349,12104005230,21251110080,0.569570492291,515,0,0,0,0,0,0,0,0,0,0,0
43,cn3346,part_face_create,compute,0.021514867,1,4817465067,118887462,2.46784274191,12070103528,21105752524,0.571886906865,3,0,0,0,0,0,0,0,0,0,0,0
43,cn3346,surface_refine,compute,0.021729911,1,4819142571,118963307,2.46855753378,12072291804,21105709083,0.571991765665,53,0,0,0,0,0,0,0,0,0,0,0
43,cn3346,refined_surface_save,io,0,0,0,0,0,0,0,0,0,0,0,0,0,0,0,0,0,0,0,0
43,cn3346,local_volume_mesh,compute,13.926772454,1,9684336902,225287730,2.32631033265,24712154886,41491671463,0.595593139892,7939,0,0,0,0,0,86635,2590279,0,0,0,0
43,cn3346,volume_refine,compute,1.416172036,1,10104492269,245130992,2.4259605082,25508696655,44287597332,0.575978336864,7240,0,0,0,0,0,0,2,0,0,0,0
43,cn3346,refined_volume_save,io,0,0,0,0,0,0,0,0,0,0,0,0,0,0,0,0,0,0,0,0
43,cn3346,adjacency_build,compute,0.00399263300005,1,9685130573,225320639,2.32645948655,24713891753,41500387988,0.595509896441,6,0,0,0,0,0,0,0,0,0,0,0
43,cn3346,vertex_numbering_local,compute,0.0142032100002,1,9688837960,225408076,2.32647172892,24722810292,41521250270,0.595425478068,321,0,0,0,0,0,0,0,0,0,0,0
43,cn3346,vertex_count_pre_collective_wait,synchronization,2.645922118,1,12877552407,225292415,1.74949717058,31004421680,47309163373,0.655357640454,28,0,0,0,0,0,0,7,0,0,0,0
43,cn3346,vertex_count_allgather,communication,0.012564228,1,9698872095,225290793,2.32285559386,24740834354,41518439604,0.595899908329,57,0,0,0,0,0,0,0,1,1,4,256
43,cn3346,element_count_pre_collective_wait,synchronization,0.000491746999614,1,9684892008,225287927,2.32617903033,24713248236,41492730563,0.595604287804,0,0,0,0,0,0,0,0,0,0,0,0
43,cn3346,element_count_allgather,communication,0.000200803000098,1,9684548177,225287929,2.32626163743,24712571173,41492087177,0.5955972055,0,0,0,0,0,0,0,0,1,1,4,256
43,cn3346,vertex_exchange_prepare,compute,2.01009997909e-05,1,9684337780,225287743,2.32631025598,24712164849,41491701230,0.595592952721,0,0,0,0,0,0,0,0,0,0,0,0
43,cn3346,vertex_exchange,communication,0.0014290590002,1,9686419836,225294476,2.32587973487,24716293658,41494323121,0.595654822129,27,0,0,0,0,0,0,0,0,3,0,116028
43,cn3346,vertex_exchange_unpack,compute,0.00192786599973,1,9684992397,225300068,2.32628027741,24713733938,41495886953,0.595570687909,0,0,0,0,0,0,0,0,0,0,0,0
43,cn3346,partition_result_io,io,0,0,0,0,0,0,0,0,0,0,0,0,0,0,0,0,0,0,0,0
43,cn3346,volume_exchange_pack,compute,0.304626053,2,19569420728,453021247,2.31494459288,49998602832,83645874549,0.597741408068,580,0,0,0,0,0,0,1,0,0,0,0
43,cn3346,volume_size_exchange,communication,9.80609997896e-05,1,9684341538,225288269,2.32631478471,24712163010,41491760284,0.595592060709,4,0,0,0,0,0,0,0,3,3,12,12
43,cn3346,volume_payload_prepare,compute,0.000114882000162,1,9684337854,225287762,2.3263104344,24712232375,41491850761,0.595592433737,0,0,0,0,0,0,0,0,0,0,0,0
43,cn3346,volume_payload_exchange,communication,0.0278367719998,1,9715792620,225299318,2.3188979717,24774349045,41550639041,0.596244717694,8,0,0,0,0,0,3,0,3,3,1222560,1202880
43,cn3346,volume_exchange_unpack,compute,0.253268507,1,9855169417,228949308,2.32313924107,25195045212,41977185768,0.600208059474,11444,0,0,0,0,0,0,1,0,0,0,0
43,cn3346,final_mesh_save,io,0,0,0,0,0,0,0,0,0,0,0,0,0,0,0,0,0,0,0,0
43,cn3346,testout_io,io,0,0,0,0,0,0,0,0,0,0,0,0,0,0,0,0,0,0,0,0
43,cn3346,final_count_exchange,communication,0,0,0,0,0,0,0,0,0,0,0,0,0,0,0,0,0,0,0,0
43,cn3346,quality_surface_compute,postprocess,0,0,0,0,0,0,0,0,0,0,0,0,0,0,0,0,0,0,0,0
43,cn3346,quality_reduce_pre_collective_wait,synchronization,0,0,0,0,0,0,0,0,0,0,0,0,0,0,0,0,0,0,0,0
43,cn3346,quality_reduce,communication,0,0,0,0,0,0,0,0,0,0,0,0,0,0,0,0,0,0,0,0
43,cn3346,quality_summary_io,io,0,0,0,0,0,0,0,0,0,0,0,0,0,0,0,0,0,0,0,0
43,cn3346,quality_volume_compute,postprocess,0,0,0,0,0,0,0,0,0,0,0,0,0,0,0,0,0,0,0,0
43,cn3346,quality_rank_io,io,0,0,0,0,0,0,0,0,0,0,0,0,0,0,0,0,0,0,0,0
44,cn3346,geometry_load,io,3.034544434,1,1405746549,28257494,2.01014144549,3315836876,3844552434,0.862476694732,5914,0,1035185,0,24576,0,295,9,0,0,0,0
44,cn3346,coarse_local_size,setup,0.545890199,1,267562893,6287007,2.34973053607,631552895,902987397,0.699403886586,8497,0,0,0,0,0,168,55,0,0,0,0
44,cn3346,coarse_edge_mesh,setup,0.0135827019999,1,6267396,187189,2.98671090833,12804457,26487513,0.483414845327,508,0,0,0,0,0,0,0,0,0,0,0
44,cn3346,coarse_surface_mesh,setup,8.720771845,1,5673478725,166917446,2.94206524939,15310458475,18938199848,0.808443178226,15845,0,0,0,0,0,19,11,0,0,0,0
44,cn3346,coarse_volume_mesh,setup,15.131063736,1,5332551913,125782769,2.3587725174,13458292829,22519581734,0.597626234269,20964,0,0,0,0,0,87977,2768977,0,0,0,0
44,cn3346,coarse_mesh_save,io,0,0,0,0,0,0,0,0,0,0,0,0,0,0,0,0,0,0,0,0
44,cn3346,submesh_initialization,setup,0.000281464000182,1,3921342723,93490290,2.38413973488,9667052907,15937297726,0.606567880779,4,0,0,0,0,0,0,0,0,0,0,0
44,cn3346,metis_partition,compute,0.184566408,1,4034213884,99524710,2.46701619849,9928318546,16326409955,0.608114005061,396,0,0,0,0,0,5,3,0,0,0,0
44,cn3346,face_map_setup,compute,0.00801778699997,1,3924425801,93556011,2.38394139026,9674938024,15953975098,0.606428050976,217,0,0,0,0,0,0,0,0,0,0,0
44,cn3346,face_local_extract,compute,0.170469739,1,3982446179,95658825,2.40201174606,9830251378,16307087063,0.602820806685,624,0,0,0,0,0,0,6,0,0,0,0
44,cn3346,face_pre_collective_wait,synchronization,0.0155241479997,1,3938455446,93486179,2.37367618554,9699667055,15971076294,0.607327075298,0,0,0,0,0,0,0,0,0,0,0,0
44,cn3346,face_collective_setup,compute,0.000127822000195,1,3921262934,93486830,2.38410000996,9666907027,15937183544,0.6065630731,16,0,0,0,0,0,0,0,0,0,0,0
44,cn3346,face_allgatherv,communication,0.0816429519996,1,4060010430,93929633,2.31353181524,9937435809,16098010549,0.617308317618,868,0,0,0,0,0,7,0,1,1,75808,4859624
44,cn3346,face_global_merge,compute,0.0833679339999,1,3939355664,94350399,2.39507186067,9711318697,16118509508,0.602494833172,342,0,0,0,0,0,0,0,0,0,0,0
44,cn3346,part_face_create,compute,0.0197401240002,1,3925736252,93664835,2.38591767219,9677246075,15980036796,0.60558346633,3,0,0,0,0,0,0,0,0,0,0,0
44,cn3346,surface_refine,compute,0.0127816310001,1,3925521968,93664434,2.38603769801,9675672295,15964678264,0.606067478154,47,0,0,0,0,0,0,0,0,0,0,0
44,cn3346,refined_surface_save,io,0,0,0,0,0,0,0,0,0,0,0,0,0,0,0,0,0,0,0,0
44,cn3346,local_volume_mesh,compute,10.924320348,1,7178592598,164417815,2.29039066858,18330817744,30791749157,0.595315896169,1871,0,0,0,0,0,69799,2296244,0,0,0,0
44,cn3346,volume_refine,compute,0.720494114,1,7402238469,173609885,2.34537006241,18757537499,32216516299,0.582233576247,3758,0,0,0,0,0,0,23,0,0,0,0
44,cn3346,refined_volume_save,io,0,0,0,0,0,0,0,0,0,0,0,0,0,0,0,0,0,0,0,0
44,cn3346,adjacency_build,compute,0.00406137499976,1,7179482948,164452429,2.29058875397,18332766388,30800660780,0.595206918415,0,0,0,0,0,0,0,0,0,0,0,0
44,cn3346,vertex_numbering_local,compute,0.0151650430003,1,7185952069,164576682,2.29025577153,18348371211,30824883304,0.595245439538,1,0,0,0,0,0,0,0,0,0,0,0
44,cn3346,vertex_count_pre_collective_wait,synchronization,6.358459719,1,14324742445,164429489,1.14787047398,32060949533,44762558111,0.716244801146,31,0,0,0,0,0,0,100,0,0,0,0
44,cn3346,vertex_count_allgather,communication,0.0123606050001,1,7192118112,164420587,2.28612189677,18356598972,30818342380,0.595638751288,53,0,0,0,0,0,0,0,1,1,4,256
44,cn3346,element_count_pre_collective_wait,synchronization,0.00100523400033,1,7179653446,164418054,2.29005557492,18332842497,30793895269,0.595340158718,9,0,0,0,0,0,0,0,0,0,0,0
44,cn3346,element_count_allgather,communication,6.6840999807e-05,1,7178633127,164418311,2.29038464693,18330894742,30791872202,0.595316017868,0,0,0,0,0,0,0,0,1,1,4,256
44,cn3346,vertex_exchange_prepare,compute,7.40609998502e-05,1,7178593844,164417956,2.29039223521,18330827517,30791845825,0.595314344622,8,0,0,0,0,0,0,0,0,0,0,0
44,cn3346,vertex_exchange,communication,0.00298111999973,1,7182859779,164433598,2.28924972865,18339308856,30797165059,0.595486916437,74,0,0,0,0,0,0,0,3,4,178090,102652
44,cn3346,vertex_exchange_unpack,compute,0.00274949599998,1,7179163206,164429422,2.29037030197,18332172911,30795570398,0.595286032182,1063,0,0,0,0,0,0,0,0,0,0,0
44,cn3346,partition_result_io,io,0,0,0,0,0,0,0,0,0,0,0,0,0,0,0,0,0,0,0,0
44,cn3346,volume_exchange_pack,compute,0.238805353,2,14479118522,331424158,2.2889802131,37000613622,62093897610,0.595881641291,2351,0,0,0,0,0,0,1,0,0,0,0
44,cn3346,volume_size_exchange,communication,0.0322319510001,1,7214817972,164418110,2.27889477792,18400039852,30862416732,0.596195690434,3,0,0,0,0,0,0,0,4,4,16,16
44,cn3346,volume_payload_prepare,compute,0.000285282999812,1,7178594315,164417916,2.29039152772,18330906837,30791962811,0.595314658878,68,0,0,0,0,0,0,0,0,0,0,0
44,cn3346,volume_payload_exchange,communication,0.0636518910001,1,7246076211,164431954,2.26925510044,18462969188,30925404545,0.597016254424,428,0,0,0,0,0,1,1,4,4,3025440,3020640
44,cn3346,volume_exchange_unpack,compute,0.177332731,1,7284666153,166883538,2.29088793494,18626543545,31140037113,0.598154185797,6357,0,0,0,0,0,0,3,0,0,0,0
44,cn3346,final_mesh_save,io,0,0,0,0,0,0,0,0,0,0,0,0,0,0,0,0,0,0,0,0
44,cn3346,testout_io,io,0,0,0,0,0,0,0,0,0,0,0,0,0,0,0,0,0,0,0,0
44,cn3346,final_count_exchange,communication,0,0,0,0,0,0,0,0,0,0,0,0,0,0,0,0,0,0,0,0
44,cn3346,quality_surface_compute,postprocess,0,0,0,0,0,0,0,0,0,0,0,0,0,0,0,0,0,0,0,0
44,cn3346,quality_reduce_pre_collective_wait,synchronization,0,0,0,0,0,0,0,0,0,0,0,0,0,0,0,0,0,0,0,0
44,cn3346,quality_reduce,communication,0,0,0,0,0,0,0,0,0,0,0,0,0,0,0,0,0,0,0,0
44,cn3346,quality_summary_io,io,0,0,0,0,0,0,0,0,0,0,0,0,0,0,0,0,0,0,0,0
44,cn3346,quality_volume_compute,postprocess,0,0,0,0,0,0,0,0,0,0,0,0,0,0,0,0,0,0,0,0
44,cn3346,quality_rank_io,io,0,0,0,0,0,0,0,0,0,0,0,0,0,0,0,0,0,0,0,0
45,cn3346,geometry_load,io,3.035208264,1,1405407937,22924959,1.63119606745,3317268847,3829096758,0.866331946319,5896,0,1035186,0,823296,0,260,6,0,0,0,0
45,cn3346,coarse_local_size,setup,0.549832832,1,267339829,6099425,2.28152498743,631689821,907678305,0.695940199871,8098,0,0,0,0,0,212,59,0,0,0,0
45,cn3346,coarse_edge_mesh,setup,0.0136080819998,1,6311754,173910,2.75533552163,12807391,26807800,0.477748677624,488,0,0,0,0,0,0,0,0,0,0,0
45,cn3346,coarse_surface_mesh,setup,8.681453859,1,5675424481,159667794,2.81331897789,15315300128,18864973434,0.811837884722,14462,0,0,0,0,0,14,9,0,0,0,0
45,cn3346,coarse_volume_mesh,setup,14.934088562,1,5297036644,124760691,2.35529220175,13379058536,22360166510,0.598343421549,22256,0,0,0,0,0,86676,2696654,0,0,0,0
45,cn3346,coarse_mesh_save,io,0,0,0,0,0,0,0,0,0,0,0,0,0,0,0,0,0,0,0,0
45,cn3346,submesh_initialization,setup,0.000316725000175,1,4948420994,120477785,2.43467128496,12412391402,20972702804,0.591835564448,6,0,0,0,0,0,0,0,0,0,0,0
45,cn3346,metis_partition,compute,0.184228524,1,5061153472,126507132,2.49957114914,12673645252,21366440836,0.593156593055,310,0,0,0,0,0,7,0,0,0,0,0
45,cn3346,face_map_setup,compute,0.00797730600016,1,4951458357,120569176,2.43502352856,12420284373,20989238247,0.591745361449,215,0,0,0,0,0,0,0,0,0,0,0
45,cn3346,face_local_extract,compute,0.171177489,1,5009562237,122652951,2.44837662848,12575589963,21344714528,0.589166463037,638,0,0,0,0,0,0,0,0,0,0,0
45,cn3346,face_pre_collective_wait,synchronization,0.0151020620001,1,4965118004,120473590,2.42639933035,12445411882,21005558137,0.592481846987,1,0,0,0,0,0,0,0,0,0,0,0
45,cn3346,face_collective_setup,compute,0.000124741000036,1,4948338073,120474294,2.43464153465,12412245476,20972567143,0.591832434788,16,0,0,0,0,0,0,0,0,0,0,0
45,cn3346,face_allgatherv,communication,0.0818585740003,1,5086936585,120941657,2.37749488281,12682215466,21133602726,0.600097183165,1015,0,0,0,0,0,4,0,1,1,75808,4859624
45,cn3346,face_global_merge,compute,0.0813822680002,1,4966478110,121338229,2.44314434319,12456657388,21150410482,0.588955821855,89,0,0,0,0,0,0,0,0,0,0,0
45,cn3346,part_face_create,compute,0.0199784070001,1,4952785561,120677078,2.43654962473,12422580355,21015920289,0.591103324726,3,0,0,0,0,0,0,0,0,0,0,0
45,cn3346,surface_refine,compute,0.0119308999997,1,4952488935,120652508,2.43619944605,12420791341,20998348559,0.591512770926,5,0,0,0,0,0,0,0,0,0,0,0
45,cn3346,refined_surface_save,io,0,0,0,0,0,0,0,0,0,0,0,0,0,0,0,0,0,0,0,0
45,cn3346,local_volume_mesh,compute,10.466652308,1,8087894756,184129120,2.27660133514,20729491187,35256665614,0.587959491517,4189,0,0,0,0,0,63810,2227934,0,0,0,0
45,cn3346,volume_refine,compute,0.696478072,1,7742675884,185333671,2.39366433229,19682464421,34357683951,0.572869360143,6748,0,0,0,0,0,0,1,0,0,0,0
45,cn3346,refined_volume_save,io,0,0,0,0,0,0,0,0,0,0,0,0,0,0,0,0,0,0,0,0
45,cn3346,adjacency_build,compute,0.00431585800015,1,7524878033,176375610,2.3438999174,19266571236,32998554492,0.583861067026,8,0,0,0,0,0,0,0,0,0,0,0
45,cn3346,vertex_numbering_local,compute,0.0158652919999,1,7532307762,176534588,2.34369855266,19284424146,33023933974,0.583952964574,6,0,0,0,0,0,0,0,0,0,0,0
45,cn3346,vertex_count_pre_collective_wait,synchronization,6.841308414,1,15210874195,176350661,1.1593722934,34442049874,48027690745,0.717129000786,28,0,0,0,0,0,0,55,0,0,0,0
45,cn3346,vertex_count_allgather,communication,0.0125400080001,1,7537562195,176343197,2.33952559777,19290485021,33016010515,0.584276680317,22,0,0,0,0,0,1,0,1,1,4,256
45,cn3346,element_count_pre_collective_wait,synchronization,0.000314223999794,1,7524288449,176340495,2.34361689076,19265177425,32989866220,0.583972584082,0,0,0,0,0,0,0,0,0,0,0,0
45,cn3346,element_count_allgather,communication,0.000212363000173,1,7524169798,176340489,2.34365376825,19264950074,32989639654,0.583969703096,0,0,0,0,0,0,0,0,1,1,4,256
45,cn3346,vertex_exchange_prepare,compute,7.7100999988e-05,1,7523964450,176340656,2.34371995205,19264576934,32989360805,0.583963328295,0,0,0,0,0,0,0,0,0,0,0,0
45,cn3346,vertex_exchange,communication,0.004243116,1,7529446897,176392475,2.34270162753,19275340640,32996881929,0.584156426703,60,0,0,0,0,0,0,0,3,4,85602,246818
45,cn3346,vertex_exchange_unpack,compute,0.00367523000023,1,7525322666,176366941,2.34364623057,19267829856,32997260281,0.583922110258,0,0,0,0,0,0,0,0,0,0,0,0
45,cn3346,partition_result_io,io,0,0,0,0,0,0,0,0,0,0,0,0,0,0,0,0,0,0,0,0
45,cn3346,volume_exchange_pack,compute,0.248589244,2,15174078494,355294409,2.34145624817,38878376619,66512315452,0.584528990681,1145,0,0,0,0,0,0,1,0,0,0,0
45,cn3346,volume_size_exchange,communication,0.0796073850001,1,7613009240,176340826,2.3163091025,19434393289,33164059394,0.586007673491,2,0,0,0,0,0,0,0,5,5,20,20
45,cn3346,volume_payload_prepare,compute,0.000358145000064,1,7523965311,176340447,2.34371690606,19264679490,32989529323,0.583963454021,68,0,0,0,0,0,0,0,0,0,0,0
45,cn3346,volume_payload_exchange,communication,0.00439019799978,1,7524077978,176356180,2.34389091282,19264906866,32991470321,0.583935989471,434,0,0,0,0,0,3,0,5,5,3590280,3578400
45,cn3346,volume_exchange_unpack,compute,0.188337039,1,7632519886,179158504,2.34730477845,19566607955,33361406153,0.586504293772,6342,0,0,0,0,0,0,3,0,0,0,0
45,cn3346,final_mesh_save,io,0,0,0,0,0,0,0,0,0,0,0,0,0,0,0,0,0,0,0,0
45,cn3346,testout_io,io,0,0,0,0,0,0,0,0,0,0,0,0,0,0,0,0,0,0,0,0
45,cn3346,final_count_exchange,communication,0,0,0,0,0,0,0,0,0,0,0,0,0,0,0,0,0,0,0,0
45,cn3346,quality_surface_compute,postprocess,0,0,0,0,0,0,0,0,0,0,0,0,0,0,0,0,0,0,0,0
45,cn3346,quality_reduce_pre_collective_wait,synchronization,0,0,0,0,0,0,0,0,0,0,0,0,0,0,0,0,0,0,0,0
45,cn3346,quality_reduce,communication,0,0,0,0,0,0,0,0,0,0,0,0,0,0,0,0,0,0,0,0
45,cn3346,quality_summary_io,io,0,0,0,0,0,0,0,0,0,0,0,0,0,0,0,0,0,0,0,0
45,cn3346,quality_volume_compute,postprocess,0,0,0,0,0,0,0,0,0,0,0,0,0,0,0,0,0,0,0,0
45,cn3346,quality_rank_io,io,0,0,0,0,0,0,0,0,0,0,0,0,0,0,0,0,0,0,0,0
46,cn3346,geometry_load,io,3.034118069,1,1398992866,22279466,1.59253606944,3315995255,3788490203,0.875281464995,5928,0,1035186,0,73728,0,301,11,0,0,0,0
46,cn3346,coarse_local_size,setup,0.563200731,1,266810974,6104931,2.28811090806,633521886,905450586,0.699675825269,8555,0,0,0,0,0,197,69,0,0,0,0
46,cn3346,coarse_edge_mesh,setup,0.0140650879998,1,6311667,173829,2.7540901635,12801483,27658566,0.462839722059,491,0,0,0,0,0,0,0,0,0,0,0
46,cn3346,coarse_surface_mesh,setup,8.727307012,1,5674565138,165577397,2.91788697413,15312496133,18997016623,0.806047414543,15101,0,0,0,0,0,0,16,0,0,0,0
46,cn3346,coarse_volume_mesh,setup,15.131783106,1,5317115046,128336278,2.41364493508,13425323347,22442654665,0.598205673411,28194,0,0,0,0,0,87918,2814917,0,0,0,0
46,cn3346,coarse_mesh_save,io,0,0,0,0,0,0,0,0,0,0,0,0,0,0,0,0,0,0,0,0
46,cn3346,submesh_initialization,setup,0.000290003999908,1,4902627305,120691365,2.46176911871,12320428923,20678530499,0.595807759337,59,0,0,0,0,0,0,0,0,0,0,0
46,cn3346,metis_partition,compute,0.187475147,1,5016632305,126764049,2.52687542744,12581671258,21076164994,0.596962078328,1777,0,0,0,0,0,4,0,0,0,0,0
46,cn3346,face_map_setup,compute,0.00805672800016,1,4905661145,120755659,2.46155727904,12328310932,20694661258,0.595724219803,569,0,0,0,0,0,0,0,0,0,0,0
46,cn3346,face_local_extract,compute,0.168429512,1,4963714726,122896032,2.47588829705,12483628131,21044464700,0.593202455323,852,0,0,0,0,0,0,1,0,0,0,0
46,cn3346,face_pre_collective_wait,synchronization,0.0144532130003,1,4918231095,120817373,2.45652086424,12351218701,20709916657,0.596391521297,7,0,0,0,0,0,0,0,0,0,0,0
46,cn3346,face_collective_setup,compute,0.000127420999888,1,4902546543,120687807,2.46173709809,12320283032,20678397564,0.595804534363,16,0,0,0,0,0,0,0,0,0,0,0
46,cn3346,face_allgatherv,communication,0.0819551159998,1,5041324736,121140550,2.40295073902,12590108125,20838826843,0.604165878428,1353,0,0,0,0,0,7,0,1,1,75808,4859624
46,cn3346,face_global_merge,compute,0.0860334100003,1,4920752464,121551317,2.47017743504,12364694036,20864712133,0.592612730872,655,0,0,0,0,0,0,0,0,0,0,0
46,cn3346,part_face_create,compute,0.0208256389997,1,4907082858,120872207,2.46321919759,12330735110,20723494504,0.595012347344,26,0,0,0,0,0,0,0,0,0,0,0
46,cn3346,surface_refine,compute,0.0193525589998,1,4908356770,120946841,2.46410044476,12332053489,20720048297,0.595174939374,59,0,0,0,0,0,0,0,0,0,0,0
46,cn3346,refined_surface_save,io,0,0,0,0,0,0,0,0,0,0,0,0,0,0,0,0,0,0,0,0
46,cn3346,local_volume_mesh,compute,14.261782354,1,9413377810,224483552,2.38472901578,24439641717,41524613002,0.588557964786,7437,0,0,0,0,0,75889,2762225,0,0,0,0
46,cn3346,volume_refine,compute,0.998335528,1,9123403054,228604933,2.50569805638,23417605327,41010984789,0.57100812008,14573,0,0,0,0,0,0,1,0,0,0,0
46,cn3346,refined_volume_save,io,0,0,0,0,0,0,0,0,0,0,0,0,0,0,0,0,0,0,0,0
46,cn3346,adjacency_build,compute,0.00433075799992,1,8806082892,215754633,2.45006361678,22814625736,39036265683,0.584446932534,236,0,0,0,0,0,0,0,0,0,0,0
46,cn3346,vertex_numbering_local,compute,0.0165182209998,1,8811177253,215865365,2.44990378472,22826922629,39061504989,0.584384104899,360,0,0,0,0,0,0,0,0,0,0,0
46,cn3346,vertex_count_pre_collective_wait,synchronization,2.731102557,1,11835002587,239662256,2.02502918135,28776338186,45032357498,0.639014694873,30,0,0,0,0,0,0,2,0,0,0,0
46,cn3346,vertex_count_allgather,communication,0.0124490859998,1,8818371077,215831700,2.4475234498,22838699297,39054363752,0.584792507235,22,0,0,0,0,0,0,0,1,1,4,256
46,cn3346,element_count_pre_collective_wait,synchronization,0.000937632999921,1,8806191339,215727822,2.44972898834,22814593692,39029351478,0.584549648612,1,0,0,0,0,0,0,0,0,0,0,0
46,cn3346,element_count_allgather,communication,5.95609999436e-05,1,8805246500,215720111,2.4499042815,22812729847,39027439816,0.584530524025,0,0,0,0,0,0,0,0,1,1,4,256
46,cn3346,vertex_exchange_prepare,compute,0.000252722999903,1,8805211338,215719760,2.44991007847,22812669052,39027434545,0.584529045221,30,0,0,0,0,0,0,0,0,0,0,0
46,cn3346,vertex_exchange,communication,0.00437833900014,1,8810612853,215756926,2.44882994634,22823341355,39035753294,0.584677876794,42,0,0,0,0,0,0,0,4,4,60236,134046
46,cn3346,vertex_exchange_unpack,compute,0.00215204799997,1,8805965397,215740963,2.44994107146,22814474304,39032046506,0.58450622876,0,0,0,0,0,0,0,0,0,0,0,0
46,cn3346,partition_result_io,io,0,0,0,0,0,0,0,0,0,0,0,0,0,0,0,0,0,0,0,0
46,cn3346,volume_exchange_pack,compute,0.266131679,2,17764744771,434285818,2.44464991531,46061587982,78630618959,0.585797092682,785,0,0,0,0,0,0,1,0,0,0,0
46,cn3346,volume_size_exchange,communication,0.0627455990002,1,8877424514,215720146,2.42998569754,22955187503,39165157960,0.586112470846,2,0,0,0,0,0,0,0,4,4,16,16
46,cn3346,volume_payload_prepare,compute,0.000379704999887,1,8805211762,215719787,2.44991026713,22812697781,39027447107,0.584529593198,102,0,0,0,0,0,0,0,0,0,0,0
46,cn3346,volume_payload_exchange,communication,0.00439497800016,1,8806447403,215733293,2.4497198828,22815173100,39031356183,0.584534470005,397,0,0,0,0,0,2,0,4,4,2072520,2088600
46,cn3346,volume_exchange_unpack,compute,0.205146183,1,8940589293,218527389,2.44421683894,23191564595,39423399859,0.588269014797,8598,0,0,0,0,0,0,1,0,0,0,0
46,cn3346,final_mesh_save,io,0,0,0,0,0,0,0,0,0,0,0,0,0,0,0,0,0,0,0,0
46,cn3346,testout_io,io,0,0,0,0,0,0,0,0,0,0,0,0,0,0,0,0,0,0,0,0
46,cn3346,final_count_exchange,communication,0,0,0,0,0,0,0,0,0,0,0,0,0,0,0,0,0,0,0,0
46,cn3346,quality_surface_compute,postprocess,0,0,0,0,0,0,0,0,0,0,0,0,0,0,0,0,0,0,0,0
46,cn3346,quality_reduce_pre_collective_wait,synchronization,0,0,0,0,0,0,0,0,0,0,0,0,0,0,0,0,0,0,0,0
46,cn3346,quality_reduce,communication,0,0,0,0,0,0,0,0,0,0,0,0,0,0,0,0,0,0,0,0
46,cn3346,quality_summary_io,io,0,0,0,0,0,0,0,0,0,0,0,0,0,0,0,0,0,0,0,0
46,cn3346,quality_volume_compute,postprocess,0,0,0,0,0,0,0,0,0,0,0,0,0,0,0,0,0,0,0,0
46,cn3346,quality_rank_io,io,0,0,0,0,0,0,0,0,0,0,0,0,0,0,0,0,0,0,0,0
47,cn3346,geometry_load,io,3.033396139,1,1398921773,21795395,1.55801385186,3315573193,3798772392,0.872801223885,5911,0,1035185,0,212992,0,269,17,0,0,0,0
47,cn3346,coarse_local_size,setup,0.559008154,1,266577935,6226250,2.33562091326,631852542,905123378,0.69808443507,8214,0,0,0,0,0,219,62,0,0,0,0
47,cn3346,coarse_edge_mesh,setup,0.0139333460002,1,6320661,161674,2.55786538781,12804824,27416918,0.467040970834,507,0,0,0,0,0,0,0,0,0,0,0
47,cn3346,coarse_surface_mesh,setup,8.748591617,1,5673966539,162917049,2.87130789158,15311240094,19025231666,0.804786000129,15593,0,0,0,0,0,3,10,0,0,0,0
47,cn3346,coarse_volume_mesh,setup,15.196979958,1,5312045740,126573163,2.38275740073,13420300121,22538373371,0.5954422664,21111,0,0,0,0,0,84042,2900323,0,0,0,0
47,cn3346,coarse_mesh_save,io,0,0,0,0,0,0,0,0,0,0,0,0,0,0,0,0,0,0,0,0
47,cn3346,submesh_initialization,setup,0.000163022999914,1,4083096768,96682151,2.3678633276,10158615846,16757538643,0.606211691491,3,0,0,0,0,0,0,0,0,0,0,0
47,cn3346,metis_partition,compute,0.18473051,1,4196191596,102713477,2.44777853084,10419869660,17150122648,0.607568229911,363,0,0,0,0,0,4,3,0,0,0,0
47,cn3346,face_map_setup,compute,0.00793532599982,1,4086107458,96752436,2.36783875594,10166498657,16773766135,0.606095171184,215,0,0,0,0,0,0,0,0,0,0,0
47,cn3346,face_local_extract,compute,0.172656409,1,4144268529,98840743,2.38499851803,10321814595,17132613205,0.602465862708,637,0,0,0,0,0,0,1,0,0,0,0
47,cn3346,face_pre_collective_wait,synchronization,0.0134083600001,1,4098636778,96677951,2.35878308414,10189280276,16786651354,0.606987067351,0,0,0,0,0,0,0,0,0,0,0,0
47,cn3346,face_collective_setup,compute,0.000111200999982,1,4083016837,96678663,2.36782425495,10158469884,16757383632,0.606208588828,16,0,0,0,0,0,0,0,0,0,0,0
47,cn3346,face_allgatherv,communication,0.0820076760001,1,4224043759,97087939,2.29845959321,10433230718,16920618146,0.61659867435,732,0,0,0,0,0,7,0,1,1,75808,4859624
47,cn3346,face_global_merge,compute,0.083882202,1,4101237340,97515162,2.3777010184,10202882009,16939984964,0.602295812581,241,0,0,0,0,0,0,0,0,0,0,0
47,cn3346,part_face_create,compute,0.0208385189999,1,4087601292,96874189,2.36995201048,10169041479,16802662010,0.60520419163,3,0,0,0,0,0,0,0,0,0,0,0
47,cn3346,surface_refine,compute,0.0214284660001,1,4089945055,96977714,2.37112510549,10172650052,16803775117,0.605378849763,49,0,0,0,0,0,0,0,0,0,0,0
47,cn3346,refined_surface_save,io,0,0,0,0,0,0,0,0,0,0,0,0,0,0,0,0,0,0,0,0
47,cn3346,local_volume_mesh,compute,13.714320753,1,8629030363,208689198,2.41845478833,22414965967,37741423658,0.593908861788,5251,0,0,0,0,0,67067,2427258,0,0,0,0
47,cn3346,volume_refine,compute,1.056831111,1,8390255928,210642966,2.51056663596,21443969390,37330466635,0.574436146209,5611,0,0,0,0,0,0,2,0,0,0,0
47,cn3346,refined_volume_save,io,0,0,0,0,0,0,0,0,0,0,0,0,0,0,0,0,0,0,0,0
47,cn3346,adjacency_build,compute,0.00722441699963,1,8041495919,197300149,2.45352545083,20782196881,35209560518,0.590243007162,0,0,0,0,0,0,0,0,0,0,0,0
47,cn3346,vertex_numbering_local,compute,0.025214798,1,8048026337,197463240,2.45356105623,20797674657,35248967784,0.590022232266,1,0,0,0,0,0,0,0,0,0,0,0
47,cn3346,vertex_count_pre_collective_wait,synchronization,3.208006254,1,11773143715,197269091,1.67558551713,28149701226,42242290155,0.666386721049,31,0,0,0,0,0,0,3,0,0,0,0
47,cn3346,vertex_count_allgather,communication,0.012404906,1,8054653078,197267203,2.44910862193,20808063208,35220490478,0.590794248621,56,0,0,0,0,0,0,0,1,1,4,256
47,cn3346,element_count_pre_collective_wait,synchronization,0.000642728999992,1,8041305790,197265925,2.45315785958,20781638343,35195115835,0.590469383321,8,0,0,0,0,0,0,0,0,0,0,0
47,cn3346,element_count_allgather,communication,0.000199643000087,1,8040826560,197265866,2.45330333303,20780692565,35194186950,0.590458094529,0,0,0,0,0,0,0,0,1,1,4,256
47,cn3346,vertex_exchange_prepare,compute,5.47810000171e-05,1,8040624869,197265835,2.45336448614,20780310835,35193845778,0.590452971979,11,0,0,0,0,0,0,0,0,0,0,0
47,cn3346,vertex_exchange,communication,0.00323436300005,1,8045449033,197280125,2.45207103035,20789877125,35200083690,0.590620105,48,0,0,0,0,0,0,0,0,5,0,232188
47,cn3346,vertex_exchange_unpack,compute,0.00503836799999,1,8041938639,197292084,2.45329009405,20783445791,35201954632,0.590406016037,1488,0,0,0,0,0,0,0,0,0,0,0
47,cn3346,partition_result_io,io,0,0,0,0,0,0,0,0,0,0,0,0,0,0,0,0,0,0,0,0
47,cn3346,volume_exchange_pack,compute,0.324922545,2,16251009770,399508057,2.45835835837,42040083626,71089757145,0.591366257452,1521,0,0,0,0,0,0,1,0,0,0,0
47,cn3346,volume_size_exchange,communication,9.93009998638e-05,1,8040629188,197266241,2.45336821768,20780302755,35193863513,0.590452444851,5,0,0,0,0,0,0,0,5,5,20,20
47,cn3346,volume_payload_prepare,compute,0.000391966000279,1,8040625417,197265812,2.45336403289,20780342626,35193977341,0.590451668041,102,0,0,0,0,0,0,0,0,0,0,0
47,cn3346,volume_payload_exchange,communication,0.0043606979998,1,8041462764,197281902,2.45330865528,20782055989,35197229266,0.59044579424,443,0,0,0,0,0,2,0,5,5,2457840,2446680
47,cn3346,volume_exchange_unpack,compute,0.221320419,1,8184944513,200197878,2.44592834664,21184494980,35622134489,0.594700325623,9224,0,0,0,0,0,0,0,0,0,0,0
47,cn3346,final_mesh_save,io,0,0,0,0,0,0,0,0,0,0,0,0,0,0,0,0,0,0,0,0
47,cn3346,testout_io,io,0,0,0,0,0,0,0,0,0,0,0,0,0,0,0,0,0,0,0,0
47,cn3346,final_count_exchange,communication,0,0,0,0,0,0,0,0,0,0,0,0,0,0,0,0,0,0,0,0
47,cn3346,quality_surface_compute,postprocess,0,0,0,0,0,0,0,0,0,0,0,0,0,0,0,0,0,0,0,0
47,cn3346,quality_reduce_pre_collective_wait,synchronization,0,0,0,0,0,0,0,0,0,0,0,0,0,0,0,0,0,0,0,0
47,cn3346,quality_reduce,communication,0,0,0,0,0,0,0,0,0,0,0,0,0,0,0,0,0,0,0,0
47,cn3346,quality_summary_io,io,0,0,0,0,0,0,0,0,0,0,0,0,0,0,0,0,0,0,0,0
47,cn3346,quality_volume_compute,postprocess,0,0,0,0,0,0,0,0,0,0,0,0,0,0,0,0,0,0,0,0
47,cn3346,quality_rank_io,io,0,0,0,0,0,0,0,0,0,0,0,0,0,0,0,0,0,0,0,0
48,cn3347,geometry_load,io,1.999991458,1,1400806416,22489609,1.60547587041,3316248998,3803020161,0.872004054043,6002,0,1035185,0,81920,0,372,35,0,0,0,0
48,cn3347,coarse_local_size,setup,0.567609745,1,266700558,6178153,2.31651296358,631643997,906459787,0.696825172014,7795,0,0,0,0,0,204,68,0,0,0,0
48,cn3347,coarse_edge_mesh,setup,0.0145753629999,1,6285374,170823,2.7177857674,12807083,28530161,0.448896275068,519,0,0,0,0,0,0,0,0,0,0,0
48,cn3347,coarse_surface_mesh,setup,8.614416548,1,5658901956,162586051,2.87310245458,15313131152,18621960440,0.822315738525,10618,0,0,0,0,0,0,12,0,0,0,0
48,cn3347,coarse_volume_mesh,setup,14.821190361,1,5323612651,130868973,2.45827376219,13476418956,22363742726,0.602601233663,19812,0,0,0,0,0,80333,2794530,0,0,0,0
48,cn3347,coarse_mesh_save,io,0,0,0,0,0,0,0,0,0,0,0,0,0,0,0,0,0,0,0,0
48,cn3347,submesh_initialization,setup,0.000240382999891,1,4470246546,116013629,2.59524005681,11123711600,19078683764,0.583043973976,5,0,0,0,0,0,0,0,0,0,0,0
48,cn3347,metis_partition,compute,0.168752687,1,4582912496,122145945,2.66524715684,11384999966,19447276853,0.585429006439,73,0,0,0,0,0,0,0,0,0,0,0
48,cn3347,face_map_setup,compute,0.00801675000002,1,4473307748,116078890,2.59492296393,11131599165,19095306535,0.582949487854,270,0,0,0,0,0,0,0,0,0,0,0
48,cn3347,face_local_extract,compute,0.164328757,1,4531319951,118181087,2.60809407144,11286906194,19437684321,0.580671339631,199,0,0,0,0,0,0,0,0,0,0,0
48,cn3347,face_pre_collective_wait,synchronization,0.033224411,1,4513753818,116251729,2.57549998709,11209915327,19151392054,0.585331619518,5,0,0,0,0,0,0,0,0,0,0,0
48,cn3347,face_collective_setup,compute,0.0042110469999,1,4470166432,116010405,2.59521444592,11123565607,19078649081,0.583037381723,15,0,0,0,0,0,3,0,0,0,0,0
48,cn3347,face_allgatherv,communication,0.0819446760001,1,4603822076,116595196,2.5325738935,11383934040,19222594358,0.592216317318,243,0,0,0,0,0,7,3,1,1,75808,4859624
48,cn3347,face_global_merge,compute,0.079349307,1,4488284268,116887140,2.60427221229,11167977032,19252238848,0.580087184674,0,0,0,0,0,0,0,0,0,0,0,0
48,cn3347,part_face_create,compute,0.0197481399996,1,4474616899,116190814,2.59666506927,11133962245,19121341900,0.582279334956,3,0,0,0,0,0,0,0,0,0,0,0
48,cn3347,surface_refine,compute,0.0121665760003,1,4474917165,116197216,2.59663389769,11133486112,19104972265,0.582753325028,2,0,0,0,0,0,0,0,0,0,0,0
48,cn3347,refined_surface_save,io,0,0,0,0,0,0,0,0,0,0,0,0,0,0,0,0,0,0,0,0
48,cn3347,local_volume_mesh,compute,12.649079142,1,8434083973,207577604,2.46117544791,21699685117,36983499897,0.586739631929,2786,0,0,0,0,0,69978,2734328,0,0,0,0
48,cn3347,volume_refine,compute,0.795862376,1,8691763762,217816791,2.50601370406,22194602643,38573184022,0.575389437137,4935,0,0,0,0,0,0,8,0,0,0,0
48,cn3347,refined_volume_save,io,0,0,0,0,0,0,0,0,0,0,0,0,0,0,0,0,0,0,0,0
48,cn3347,adjacency_build,compute,0.00371018099986,1,8434953536,207612662,2.46133735194,21701623394,36991636620,0.586662969712,0,0,0,0,0,0,0,0,0,0,0,0
48,cn3347,vertex_numbering_local,compute,0.0162783420001,1,8442219399,207744115,2.46077607299,21718733829,37018212976,0.586704005487,133,0,0,0,0,0,0,0,0,0,0,0
48,cn3347,vertex_count_pre_collective_wait,synchronization,4.560700256,1,14303480332,240173180,1.67912406229,33317535792,47005062220,0.708807396873,42,0,0,0,0,0,0,28,0,0,0,0
48,cn3347,vertex_count_allgather,communication,0.0123041969996,1,8449618510,207709116,2.45820702738,21730278655,37009908418,0.587147593276,73,0,0,0,0,0,0,0,1,1,4,256
48,cn3347,element_count_pre_collective_wait,synchronization,0.000825629000246,1,8435075278,207583366,2.46095451621,21701645647,36985262810,0.586764673229,3,0,0,0,0,0,0,0,0,0,0,0
48,cn3347,element_count_allgather,communication,6.46009998491e-05,1,8434133668,207578208,2.46116810773,21699782809,36983615745,0.586740435511,0,0,0,0,0,0,0,0,1,1,4,256
48,cn3347,vertex_exchange_prepare,compute,9.48609999796e-05,1,8434085163,207577659,2.46117575277,21699688332,36983547308,0.586738966689,4,0,0,0,0,0,0,0,0,0,0,0
48,cn3347,vertex_exchange,communication,0.00726694099967,1,8439373022,207613185,2.46005460902,21710191896,36990435501,0.5869136603,226,0,0,0,0,0,1,0,7,4,286990,4576
48,cn3347,vertex_exchange_unpack,compute,0.000214022999899,1,8434112452,207578395,2.46117651598,21699750035,36983750841,0.586737406065,91,0,0,0,0,0,0,0,0,0,0,0
48,cn3347,partition_result_io,io,0,0,0,0,0,0,0,0,0,0,0,0,0,0,0,0,0,0,0,0
48,cn3347,volume_exchange_pack,compute,0.264555957,2,17009387090,417336058,2.45356317539,43793170044,74536316053,0.587541380672,2003,0,0,0,0,0,0,0,0,0,0,0
48,cn3347,volume_size_exchange,communication,0.0502807620001,1,8499487974,207941101,2.44651326805,21828917421,37093701910,0.588480423819,1,0,0,0,0,0,0,1,7,7,28,28
48,cn3347,volume_payload_prepare,compute,0.000393183999677,1,8434086554,207577807,2.46117710165,21699762317,36983715911,0.586738292313,102,0,0,0,0,0,0,0,0,0,0,0
48,cn3347,volume_payload_exchange,communication,0.00552152199998,1,8435676922,207602320,2.46100368612,21702956465,36987850923,0.586759055296,495,0,0,0,0,0,9,0,7,7,3095040,3101040
48,cn3347,volume_exchange_unpack,compute,0.207804323,1,8558492463,210704692,2.46193699312,22041332186,37394775260,0.589422774512,6276,0,0,0,0,0,0,7,0,0,0,0
48,cn3347,final_mesh_save,io,0,0,0,0,0,0,0,0,0,0,0,0,0,0,0,0,0,0,0,0
48,cn3347,testout_io,io,0,0,0,0,0,0,0,0,0,0,0,0,0,0,0,0,0,0,0,0
48,cn3347,final_count_exchange,communication,0,0,0,0,0,0,0,0,0,0,0,0,0,0,0,0,0,0,0,0
48,cn3347,quality_surface_compute,postprocess,0,0,0,0,0,0,0,0,0,0,0,0,0,0,0,0,0,0,0,0
48,cn3347,quality_reduce_pre_collective_wait,synchronization,0,0,0,0,0,0,0,0,0,0,0,0,0,0,0,0,0,0,0,0
48,cn3347,quality_reduce,communication,0,0,0,0,0,0,0,0,0,0,0,0,0,0,0,0,0,0,0,0
48,cn3347,quality_summary_io,io,0,0,0,0,0,0,0,0,0,0,0,0,0,0,0,0,0,0,0,0
48,cn3347,quality_volume_compute,postprocess,0,0,0,0,0,0,0,0,0,0,0,0,0,0,0,0,0,0,0,0
48,cn3347,quality_rank_io,io,0,0,0,0,0,0,0,0,0,0,0,0,0,0,0,0,0,0,0,0
49,cn3347,geometry_load,io,1.998920167,1,1401018253,25785075,1.84045246697,3316474698,3773243696,0.878945269693,6113,0,1035185,0,1789952,0,366,20,0,0,0,0
49,cn3347,coarse_local_size,setup,0.536461817,1,266766049,6179250,2.31635548195,632032946,896998538,0.70460866905,7776,0,0,0,0,0,199,81,0,0,0,0
49,cn3347,coarse_edge_mesh,setup,0.013349329,1,6288847,168156,2.67387646734,12803118,25871111,0.49488087311,523,0,0,0,0,0,0,0,0,0,0,0
49,cn3347,coarse_surface_mesh,setup,8.712327843,1,5674187115,162526121,2.86430668757,15312896869,18934581378,0.808726454697,15718,0,0,0,0,0,4,84,0,0,0,0
49,cn3347,coarse_volume_mesh,setup,14.876844623,1,5311702510,127599482,2.40223321543,13426201992,22475139734,0.597380134268,29573,0,0,0,0,0,90347,2706797,0,0,0,0
49,cn3347,coarse_mesh_save,io,0,0,0,0,0,0,0,0,0,0,0,0,0,0,0,0,0,0,0,0
49,cn3347,submesh_initialization,setup,0.000189002999832,1,4546621416,110761971,2.43613797732,11298021088,18907927919,0.597528250393,45,0,0,0,0,0,0,0,0,0,0,0
49,cn3347,metis_partition,compute,0.184915627,1,4660016566,116864998,2.50782365996,11559216281,19307763818,0.598682291225,1563,0,0,0,0,0,0,2,0,0,0,0
49,cn3347,face_map_setup,compute,0.00830657300003,1,4549692797,110824991,2.43587855147,11305919514,18924490652,0.59742265839,603,0,0,0,0,0,0,0,0,0,0,0
49,cn3347,face_local_extract,compute,0.168527743,1,4607644987,112966036,2.45170876486,11461218701,19272831368,0.594682664013,801,0,0,0,0,0,0,8,0,0,0,0
49,cn3347,face_pre_collective_wait,synchronization,0.0168874290002,1,4569423506,110757685,2.42388749597,11343015969,18944706738,0.598743286231,1,0,0,0,0,0,0,0,0,0,0,0
49,cn3347,face_collective_setup,compute,0.000111880999611,1,4546537599,110758403,2.43610441107,11297875097,18907770613,0.597525500401,16,0,0,0,0,0,0,0,0,0,0,0
49,cn3347,face_allgatherv,communication,0.081792294,1,4691615111,111208044,2.37035735816,11580245704,19070936925,0.607219548234,840,0,0,0,0,0,3,3,1,1,75808,4859624
49,cn3347,face_global_merge,compute,0.088797073,1,4564673531,111701579,2.44708801717,11342286674,19093447366,0.594040796121,1692,0,0,0,0,0,0,0,0,0,0,0
49,cn3347,part_face_create,compute,0.022070087,1,4551043939,110946278,2.43782040971,11308286098,18954504998,0.596601499179,328,0,0,0,0,0,0,1,0,0,0,0
49,cn3347,surface_refine,compute,0.0160821599998,1,4551548441,110952865,2.4376949172,11308243427,18942181166,0.596987396958,114,0,0,0,0,0,0,0,0,0,0,0
49,cn3347,refined_surface_save,io,0,0,0,0,0,0,0,0,0,0,0,0,0,0,0,0,0,0,0,0
49,cn3347,local_volume_mesh,compute,11.731602568,1,8284814413,199433848,2.40722167158,21351012021,36046353545,0.592320995641,5423,0,0,0,0,0,62664,2365272,0,0,0,0
49,cn3347,volume_refine,compute,0.869046293,1,8213897335,203523464,2.47779410552,20944368867,36265773312,0.57752439709,7078,0,0,0,0,0,0,9,0,0,0,0
49,cn3347,refined_volume_save,io,0,0,0,0,0,0,0,0,0,0,0,0,0,0,0,0,0,0,0,0
49,cn3347,adjacency_build,compute,0.00735028199961,1,7942164847,192224043,2.42029782437,20420484221,34547606345,0.591082462185,9,0,0,0,0,0,0,0,0,0,0,0
49,cn3347,vertex_numbering_local,compute,0.0206230900003,1,7950077819,192378388,2.41983025047,20439138950,34576690653,0.591124788521,9,0,0,0,0,0,0,0,0,0,0,0
49,cn3347,vertex_count_pre_collective_wait,synchronization,5.379943373,1,15159493157,192197269,1.26783439927,34649937403,46347894794,0.747605421066,75,0,0,0,0,0,0,49,0,0,0,0
49,cn3347,vertex_count_allgather,communication,0.0124874200001,1,7957557064,192190652,2.41519665463,20450700452,34558543741,0.59176974022,42,0,0,0,0,0,1,0,1,1,4,256
49,cn3347,element_count_pre_collective_wait,synchronization,0.000616226999682,1,7942020947,192188143,2.41988965129,20419961794,34532928351,0.591318569524,3,0,0,0,0,0,0,0,0,0,0,0
49,cn3347,element_count_allgather,communication,0.000232183000207,1,7941470829,192188357,2.42005997552,20418873962,34532035906,0.591302349435,39,0,0,0,0,0,0,0,1,1,4,256
49,cn3347,vertex_exchange_prepare,compute,0.000143480999668,1,7941260660,192188202,2.42012207165,20418464729,34531745786,0.591295466367,44,0,0,0,0,0,0,0,0,0,0,0
49,cn3347,vertex_exchange,communication,0.00605488800011,1,7945788050,192207083,2.4189807454,20427420888,34536952850,0.591465639042,235,0,0,0,0,0,1,0,9,6,241362,79376
49,cn3347,vertex_exchange_unpack,compute,0.00190004100023,1,7941706717,192196366,2.42008894119,20419527443,34534484854,0.591279340906,662,0,0,0,0,0,0,0,0,0,0,0
49,cn3347,partition_result_io,io,0,0,0,0,0,0,0,0,0,0,0,0,0,0,0,0,0,0,0,0
49,cn3347,volume_exchange_pack,compute,0.309989705,2,16035266693,386824972,2.41233887409,41263727366,69726864399,0.591790950614,2926,0,0,0,0,0,0,5,0,0,0,0
49,cn3347,volume_size_exchange,communication,0.00387932300009,1,7946191410,192189467,2.41863626338,20428281779,34539949749,0.591439244337,8,0,0,0,0,0,0,0,9,9,36,36
49,cn3347,volume_payload_prepare,compute,0.000617527000031,1,7941261911,192188214,2.42012184151,20418517814,34531801694,0.591296046321,204,0,0,0,0,0,0,0,0,0,0,0
49,cn3347,volume_payload_exchange,communication,0.00539662000028,1,7941534882,192205740,2.42025934351,20419223729,34534252264,0.59127452863,639,0,0,0,0,0,8,0,9,9,3396840,3410280
49,cn3347,volume_exchange_unpack,compute,0.220570645,1,8072418024,195420044,2.4208365253,20783497222,34963550421,0.594433258972,7916,0,0,0,0,0,0,3,0,0,0,0
49,cn3347,final_mesh_save,io,0,0,0,0,0,0,0,0,0,0,0,0,0,0,0,0,0,0,0,0
49,cn3347,testout_io,io,0,0,0,0,0,0,0,0,0,0,0,0,0,0,0,0,0,0,0,0
49,cn3347,final_count_exchange,communication,0,0,0,0,0,0,0,0,0,0,0,0,0,0,0,0,0,0,0,0
49,cn3347,quality_surface_compute,postprocess,0,0,0,0,0,0,0,0,0,0,0,0,0,0,0,0,0,0,0,0
49,cn3347,quality_reduce_pre_collective_wait,synchronization,0,0,0,0,0,0,0,0,0,0,0,0,0,0,0,0,0,0,0,0
49,cn3347,quality_reduce,communication,0,0,0,0,0,0,0,0,0,0,0,0,0,0,0,0,0,0,0,0
49,cn3347,quality_summary_io,io,0,0,0,0,0,0,0,0,0,0,0,0,0,0,0,0,0,0,0,0
49,cn3347,quality_volume_compute,postprocess,0,0,0,0,0,0,0,0,0,0,0,0,0,0,0,0,0,0,0,0
49,cn3347,quality_rank_io,io,0,0,0,0,0,0,0,0,0,0,0,0,0,0,0,0,0,0,0,0
50,cn3347,geometry_load,io,2.000011099,1,1401148164,22991688,1.64091768385,3317126607,3785490551,0.87627391016,6112,0,1035185,0,413696,0,350,19,0,0,0,0
50,cn3347,coarse_local_size,setup,0.543626477,1,266584155,6129560,2.29929644543,631462425,899834316,0.701754104919,7903,0,0,0,0,0,188,96,0,0,0,0
50,cn3347,coarse_edge_mesh,setup,0.0136562529997,1,6303740,177196,2.81096618833,12802818,26667823,0.48008485732,488,0,0,0,0,0,0,1,0,0,0,0
50,cn3347,coarse_surface_mesh,setup,8.724804362,1,5675788616,161438755,2.84434051235,15313582662,18992701470,0.806287756704,15672,0,0,0,0,0,0,8,0,0,0,0
50,cn3347,coarse_volume_mesh,setup,14.879548813,1,5299600116,127265342,2.40141405416,13394707048,22488391277,0.595627623293,31042,0,0,0,0,0,87614,2670566,0,0,0,0
50,cn3347,coarse_mesh_save,io,0,0,0,0,0,0,0,0,0,0,0,0,0,0,0,0,0,0,0,0
50,cn3347,submesh_initialization,setup,0.000201182000183,1,3705069321,98597161,2.66114213953,9089526735,15501297114,0.586372009268,62,0,0,0,0,0,0,0,0,0,0,0
50,cn3347,metis_partition,compute,0.183963596,1,3819241828,104708141,2.74159494778,9350889993,15898417244,0.588164837385,1978,0,0,0,0,0,0,0,0,0,0,0
50,cn3347,face_map_setup,compute,0.00832215300034,1,3708104730,98667365,2.66085701954,9097415134,15517890648,0.58625333432,607,0,0,0,0,0,0,0,0,0,0,0
50,cn3347,face_local_extract,compute,0.172866532,1,3766240151,100737026,2.67473719044,9252724443,15876429128,0.582796318265,821,0,0,0,0,0,0,1,0,0,0,0
50,cn3347,face_pre_collective_wait,synchronization,0.0134414099998,1,3722373627,98592717,2.64865182487,9123686574,15530531997,0.587467742622,5,0,0,0,0,0,0,0,0,0,0,0
50,cn3347,face_collective_setup,compute,0.000110240999675,1,3704989165,98593434,2.66109911822,9089380951,15501142383,0.586368457654,16,0,0,0,0,0,0,0,0,0,0,0
50,cn3347,face_allgatherv,communication,0.0816470329996,1,3849835476,99024701,2.57218007412,9371788576,15664465137,0.598283343481,844,0,0,0,0,0,4,0,1,1,75808,4859624
50,cn3347,face_global_merge,compute,0.0849303090004,1,3723103686,99425026,2.67048770019,9133792064,15684940693,0.582328759973,687,0,0,0,0,0,0,0,0,0,0,0
50,cn3347,part_face_create,compute,0.0209945340002,1,3709566884,98773222,2.66266184406,9099944356,15546670898,0.585330738375,25,0,0,0,0,0,0,0,0,0,0,0
50,cn3347,surface_refine,compute,0.0220003859999,1,3711898088,98868818,2.66356499171,9103484485,15548776951,0.585479135349,53,0,0,0,0,0,0,0,0,0,0,0
50,cn3347,refined_surface_save,io,0,0,0,0,0,0,0,0,0,0,0,0,0,0,0,0,0,0,0,0
50,cn3347,local_volume_mesh,compute,15.558489362,1,8864190913,222823708,2.51375122881,23043589469,39400266339,0.584858723307,11167,0,0,0,0,0,73078,2888639,0,0,0,0
50,cn3347,volume_refine,compute,1.05749596,1,7154610875,168646221,2.35716832049,17843755280,29988751805,0.595014937468,8142,0,0,0,0,0,0,1,0,0,0,0
50,cn3347,refined_volume_save,io,0,0,0,0,0,0,0,0,0,0,0,0,0,0,0,0,0,0,0,0
50,cn3347,adjacency_build,compute,0.00404132500034,1,6785995839,155402459,2.2900464823,17124378127,27857576540,0.614711696203,4,0,0,0,0,0,0,0,0,0,0,0
50,cn3347,vertex_numbering_local,compute,0.017079191,1,6791628914,155516857,2.2898314818,17137718948,27886146732,0.614560308841,5,0,0,0,0,0,0,0,0,0,0,0
50,cn3347,vertex_count_pre_collective_wait,synchronization,1.371075165,1,8554594547,155370873,1.81622719986,20610358515,30863567302,0.667789251752,36,0,0,0,0,0,0,1,0,0,0,0
50,cn3347,vertex_count_allgather,communication,0.0123988180003,1,6800511209,155371045,2.28469655038,17152820995,27875452958,0.615337839383,22,0,0,0,0,0,0,0,1,1,4,256
50,cn3347,element_count_pre_collective_wait,synchronization,0.000800168999831,1,6786126725,155368423,2.28950076083,17124418114,27850479188,0.61486978369,0,0,0,0,0,0,0,0,0,0,0,0
50,cn3347,element_count_allgather,communication,0.000158562000252,1,6785307558,155368410,2.28977697285,17122803892,27849066018,0.61484302134,0,0,0,0,0,0,0,0,1,1,4,256
50,cn3347,vertex_exchange_prepare,compute,2.11199999285e-05,1,6785143515,155368235,2.28982975314,17122488602,27848771079,0.614838211475,0,0,0,0,0,0,0,0,0,0,0,0
50,cn3347,vertex_exchange,communication,0.00232190600036,1,6788128394,155380439,2.28900265259,17128504713,27852675460,0.614968021209,29,0,0,0,0,0,1,0,5,3,98956,99638
50,cn3347,vertex_exchange_unpack,compute,0.00159849800002,1,6785709877,155378897,2.28979575927,17123841826,27852233809,0.614810357526,0,0,0,0,0,0,0,0,0,0,0,0
50,cn3347,partition_result_io,io,0,0,0,0,0,0,0,0,0,0,0,0,0,0,0,0,0,0,0,0
50,cn3347,volume_exchange_pack,compute,0.291280917,2,13756829949,313210296,2.27676214041,34773886229,56330162440,0.617322669112,843,0,0,0,0,0,0,1,0,0,0,0
50,cn3347,volume_size_exchange,communication,0.0201114249999,1,6810654304,155368452,2.28125588328,17172793231,27892861242,0.615669833296,1,0,0,0,0,0,0,0,4,4,16,16
50,cn3347,volume_payload_prepare,compute,0.000237802999891,1,6785143770,155368269,2.28983016818,17122555920,27849001511,0.614835541347,34,0,0,0,0,0,0,0,0,0,0,0
50,cn3347,volume_payload_exchange,communication,0.0112571060004,1,6795834094,155382308,2.28643468706,17143654983,27869054823,0.615150212014,251,0,0,0,0,0,4,0,4,4,2115600,2109240
50,cn3347,volume_exchange_unpack,compute,0.239015631,1,6943516017,158867714,2.28800097258,17566897334,28313573686,0.620440836216,10003,0,0,0,0,0,0,0,0,0,0,0
50,cn3347,final_mesh_save,io,0,0,0,0,0,0,0,0,0,0,0,0,0,0,0,0,0,0,0,0
50,cn3347,testout_io,io,0,0,0,0,0,0,0,0,0,0,0,0,0,0,0,0,0,0,0,0
50,cn3347,final_count_exchange,communication,0,0,0,0,0,0,0,0,0,0,0,0,0,0,0,0,0,0,0,0
50,cn3347,quality_surface_compute,postprocess,0,0,0,0,0,0,0,0,0,0,0,0,0,0,0,0,0,0,0,0
50,cn3347,quality_reduce_pre_collective_wait,synchronization,0,0,0,0,0,0,0,0,0,0,0,0,0,0,0,0,0,0,0,0
50,cn3347,quality_reduce,communication,0,0,0,0,0,0,0,0,0,0,0,0,0,0,0,0,0,0,0,0
50,cn3347,quality_summary_io,io,0,0,0,0,0,0,0,0,0,0,0,0,0,0,0,0,0,0,0,0
50,cn3347,quality_volume_compute,postprocess,0,0,0,0,0,0,0,0,0,0,0,0,0,0,0,0,0,0,0,0
50,cn3347,quality_rank_io,io,0,0,0,0,0,0,0,0,0,0,0,0,0,0,0,0,0,0,0,0
51,cn3347,geometry_load,io,1.999788696,1,1400110340,23129190,1.65195480236,3315984538,3784136157,0.876285736142,6014,0,1035186,0,274432,0,370,16,0,0,0,0
51,cn3347,coarse_local_size,setup,0.559577536,1,267414656,6116431,2.28724599148,631035658,909706116,0.693669798302,8477,0,0,0,0,0,231,104,0,0,0,0
51,cn3347,coarse_edge_mesh,setup,0.0142962190002,1,6307193,178046,2.82290394475,12804420,28120136,0.455347015391,519,0,0,0,0,0,0,0,0,0,0,0
51,cn3347,coarse_surface_mesh,setup,8.760695143,1,5676360457,163894420,2.88731523027,15312902883,19058607914,0.803463870609,17542,0,0,0,0,0,0,20,0,0,0,0
51,cn3347,coarse_volume_mesh,setup,15.020205425,1,5330122501,133816394,2.51056882792,13453472660,22700108387,0.592661164019,30949,0,0,0,0,0,81546,2759732,0,0,0,0
51,cn3347,coarse_mesh_save,io,0,0,0,0,0,0,0,0,0,0,0,0,0,0,0,0,0,0,0,0
51,cn3347,submesh_initialization,setup,0.000296022999919,1,2852129147,60787300,2.13129549424,7792639633,12544612915,0.621194108244,55,0,0,0,0,0,0,0,0,0,0,0
51,cn3347,metis_partition,compute,0.186483164,1,2966910716,66885898,2.25439537628,8053800971,12947193536,0.622049940677,2159,0,0,0,0,0,0,0,0,0,0,0
51,cn3347,face_map_setup,compute,0.0083302930002,1,2855164440,60876404,2.13215053911,7800524599,12561306688,0.620996269954,605,0,0,0,0,0,0,0,0,0,0,0
51,cn3347,face_local_extract,compute,0.173955145,1,2913302626,62950885,2.16080830183,7955837890,12922541641,0.615655813773,833,0,0,0,0,0,0,1,0,0,0,0
51,cn3347,face_pre_collective_wait,synchronization,0.00971436899999,1,2864071113,60882972,2.12574931271,7816279116,12565636154,0.62203608478,3,0,0,0,0,0,0,0,0,0,0,0
51,cn3347,face_collective_setup,compute,9.60809998105e-05,1,2852048647,60783549,2.13122413126,7792493590,12544420386,0.621192000126,16,0,0,0,0,0,0,0,0,0,0,0
51,cn3347,face_allgatherv,communication,0.0815001309998,1,2994365245,61502865,2.05395334129,8070118835,12706846059,0.635100071058,1010,0,0,0,0,0,7,1,1,1,75808,4859624
51,cn3347,face_global_merge,compute,0.083872917,1,2870226549,61674147,2.14875536642,7836906193,12726620126,0.615788490221,564,0,0,0,0,0,0,0,0,0,0,0
51,cn3347,part_face_create,compute,0.020708172,1,2856574502,60967108,2.13427333883,7803008664,12589350118,0.619810283364,24,0,0,0,0,0,0,0,0,0,0,0
51,cn3347,surface_refine,compute,0.0195891790004,1,2858465392,61049276,2.13573605512,7805541322,12587030444,0.620125720417,28,0,0,0,0,0,0,0,0,0,0,0
51,cn3347,refined_surface_save,io,0,0,0,0,0,0,0,0,0,0,0,0,0,0,0,0,0,0,0,0
51,cn3347,local_volume_mesh,compute,12.055604989,1,6801651700,150918299,2.2188477984,18280613675,29842134940,0.612577274104,10397,0,0,0,0,0,65775,2510495,0,0,0,0
51,cn3347,volume_refine,compute,1.073248876,1,5309323261,117669397,2.21627863318,13884030096,23162466871,0.599419318043,8118,0,0,0,0,0,0,7,0,0,0,0
51,cn3347,refined_volume_save,io,0,0,0,0,0,0,0,0,0,0,0,0,0,0,0,0,0,0,0,0
51,cn3347,adjacency_build,compute,0.00434116800034,1,4983283445,105008853,2.10722215902,13252949043,21013551217,0.630685832496,6,0,0,0,0,0,0,0,0,0,0,0
51,cn3347,vertex_numbering_local,compute,0.0187430689998,1,4989736469,105136931,2.10706380293,13268603311,21042583476,0.630559613848,422,0,0,0,0,0,0,0,0,0,0,0
51,cn3347,vertex_count_pre_collective_wait,synchronization,4.859669698,1,10950107530,154695219,1.41272785291,25066072169,31683165013,0.791147985333,75,0,0,0,0,0,0,9,0,0,0,0
51,cn3347,vertex_count_allgather,communication,0.01249792,1,4997653659,105103666,2.10306021928,13281209597,21031267411,0.631498299054,42,0,0,0,0,0,0,0,1,1,4,256
51,cn3347,element_count_pre_collective_wait,synchronization,0.000529165999978,1,4982989028,104979155,2.10675067535,13252174038,21005282952,0.630897192306,3,0,0,0,0,0,0,0,0,0,0,0
51,cn3347,element_count_allgather,communication,0.000202902000183,1,4982424212,104974711,2.10690030663,13251056187,21004341805,0.630872241083,41,0,0,0,0,0,0,0,1,1,4,256
51,cn3347,vertex_exchange_prepare,compute,0.000261283000327,1,4982387147,104974109,2.10690389773,13250999630,21004268642,0.630871745922,67,0,0,0,0,0,0,0,0,0,0,0
51,cn3347,vertex_exchange,communication,0.00482571400016,1,4986268890,104987005,2.10552233175,13258775951,21009043841,0.631098495074,53,0,0,0,0,0,5,0,0,6,0,249942
51,cn3347,vertex_exchange_unpack,compute,0.00535649999983,1,4983805469,105004237,2.10690882004,13254383569,21012936823,0.630772541727,1491,0,0,0,0,0,0,0,0,0,0,0
51,cn3347,partition_result_io,io,0,0,0,0,0,0,0,0,0,0,0,0,0,0,0,0,0,0,0,0
51,cn3347,volume_exchange_pack,compute,0.296953379,2,10134830391,212360505,2.09535331927,26981728057,42647767252,0.632664493256,2247,0,0,0,0,0,0,1,0,0,0,0
51,cn3347,volume_size_exchange,communication,0.0102940749998,1,4994761222,105069099,2.10358602404,13275324989,21026633444,0.631357607691,3,0,0,0,0,0,0,0,6,6,24,24
51,cn3347,volume_payload_prepare,compute,0.000304003999645,1,4982387971,104974071,2.1069027866,13251064823,21004458092,0.630869159536,68,0,0,0,0,0,0,0,0,0,0,0
51,cn3347,volume_payload_exchange,communication,0.0119118329999,1,4993115475,104994896,2.10279326656,13272251336,21024681432,0.631270032743,377,0,0,0,0,0,7,0,6,6,2668080,2669520
51,cn3347,volume_exchange_unpack,compute,0.221475155,1,5124433132,109613272,2.13903214612,13647664502,21437061040,0.636638785351,8858,0,0,0,0,0,0,0,0,0,0,0
51,cn3347,final_mesh_save,io,0,0,0,0,0,0,0,0,0,0,0,0,0,0,0,0,0,0,0,0
51,cn3347,testout_io,io,0,0,0,0,0,0,0,0,0,0,0,0,0,0,0,0,0,0,0,0
51,cn3347,final_count_exchange,communication,0,0,0,0,0,0,0,0,0,0,0,0,0,0,0,0,0,0,0,0
51,cn3347,quality_surface_compute,postprocess,0,0,0,0,0,0,0,0,0,0,0,0,0,0,0,0,0,0,0,0
51,cn3347,quality_reduce_pre_collective_wait,synchronization,0,0,0,0,0,0,0,0,0,0,0,0,0,0,0,0,0,0,0,0
51,cn3347,quality_reduce,communication,0,0,0,0,0,0,0,0,0,0,0,0,0,0,0,0,0,0,0,0
51,cn3347,quality_summary_io,io,0,0,0,0,0,0,0,0,0,0,0,0,0,0,0,0,0,0,0,0
51,cn3347,quality_volume_compute,postprocess,0,0,0,0,0,0,0,0,0,0,0,0,0,0,0,0,0,0,0,0
51,cn3347,quality_rank_io,io,0,0,0,0,0,0,0,0,0,0,0,0,0,0,0,0,0,0,0,0
52,cn3347,geometry_load,io,1.998143818,1,1408214340,24532225,1.74208032848,3317327185,3800562515,0.872851629701,6009,0,1035185,0,65536,0,346,17,0,0,0,0
52,cn3347,coarse_local_size,setup,0.56444157,1,268010650,6236217,2.32685417538,631937318,903834579,0.699173646022,8440,0,0,0,0,0,226,103,0,0,0,0
52,cn3347,coarse_edge_mesh,setup,0.0137319539999,1,6276361,173431,2.76324131133,12801109,26951384,0.474970376289,508,0,0,0,0,0,0,0,0,0,0,0
52,cn3347,coarse_surface_mesh,setup,8.730371403,1,5677084779,166687728,2.93615005745,15314491312,18991134379,0.806402135142,17489,0,0,0,0,0,0,9,0,0,0,0
52,cn3347,coarse_volume_mesh,setup,15.165427948,1,5320303450,125947245,2.36729438807,13446612256,22316830626,0.602532343474,28810,0,0,0,0,0,85431,2970138,0,0,0,0
52,cn3347,coarse_mesh_save,io,0,0,0,0,0,0,0,0,0,0,0,0,0,0,0,0,0,0,0,0
52,cn3347,submesh_initialization,setup,0.000169521999851,1,3426180981,96619224,2.82002686186,8205048767,14613965201,0.561452600588,36,0,0,0,0,0,0,0,0,0,0,0
52,cn3347,metis_partition,compute,0.180453857,1,3539281801,102698764,2.90168372496,8466367628,15004251397,0.564264581017,1497,0,0,0,0,0,0,0,0,0,0,0
52,cn3347,face_map_setup,compute,0.0085184149998,1,3429256969,96687273,2.81948170913,8212948224,14631037913,0.561337361904,586,0,0,0,0,0,0,0,0,0,0,0
52,cn3347,face_local_extract,compute,0.170173942,1,3487321698,98769303,2.83223951082,8368248504,14983601582,0.55849379458,921,0,0,0,0,0,0,0,0,0,0,0
52,cn3347,face_pre_collective_wait,synchronization,0.019395497,1,3449235738,96614819,2.80105003945,8250525848,14656306314,0.562933502565,0,0,0,0,0,0,0,0,0,0,0,0
52,cn3347,face_collective_setup,compute,0.000116160999823,1,3426101416,96615534,2.81998464928,8204903037,14613847368,0.561447155591,16,0,0,0,0,0,0,0,0,0,0,0
52,cn3347,face_allgatherv,communication,0.0813938300003,1,3567978868,97076234,2.72076258272,8481462223,14776390660,0.57398741128,841,0,0,0,0,0,4,0,1,1,75808,4859624
52,cn3347,face_global_merge,compute,0.0833226120003,1,3444312900,97446778,2.82920805482,8249314450,14793681206,0.557624186646,674,0,0,0,0,0,0,3,0,0,0,0
52,cn3347,part_face_create,compute,0.0203380070002,1,3430649145,96792767,2.82141259304,8215402452,14658009124,0.560471915558,4,0,0,0,0,0,0,0,0,0,0,0
52,cn3347,surface_refine,compute,0.0193605560003,1,3432404680,96885202,2.82266256553,8217690263,14655705298,0.560716123578,52,0,0,0,0,0,0,0,0,0,0,0
52,cn3347,refined_surface_save,io,0,0,0,0,0,0,0,0,0,0,0,0,0,0,0,0,0,0,0,0
52,cn3347,local_volume_mesh,compute,13.811176872,1,7893345758,199628915,2.52907855706,20225886881,34837281988,0.580581656398,7782,0,0,0,0,0,73281,2710681,0,0,0,0
52,cn3347,volume_refine,compute,0.959547105,1,7372489992,201556830,2.73390442332,18568455423,33712861239,0.550782542347,13537,0,0,0,0,0,0,1,0,0,0,0
52,cn3347,refined_volume_save,io,0,0,0,0,0,0,0,0,0,0,0,0,0,0,0,0,0,0,0,0
52,cn3347,adjacency_build,compute,0.00428124700011,1,7047425354,188345956,2.67254985387,17952150112,31811223936,0.564333838526,203,0,0,0,0,0,0,0,0,0,0,0
52,cn3347,vertex_numbering_local,compute,0.0164173840003,1,7052770584,188460599,2.67214985594,17964922467,31836892536,0.564280023457,299,0,0,0,0,0,0,0,0,0,0,0
52,cn3347,vertex_count_pre_collective_wait,synchronization,3.221300445,1,10893996730,188313934,1.72860281371,25534324983,38884099459,0.65667780245,32,0,0,0,0,0,0,3,0,0,0,0
52,cn3347,vertex_count_allgather,communication,0.0124139179998,1,7060483592,188313979,2.66715411977,17977705345,31828753808,0.564825926062,57,0,0,0,0,0,0,0,1,1,4,256
52,cn3347,element_count_pre_collective_wait,synchronization,0.000112841999908,1,7046650809,188311302,2.67235183216,17950427746,31802546439,0.564433661953,0,0,0,0,0,0,0,0,0,0,0,0
52,cn3347,element_count_allgather,communication,7.06209998498e-05,1,7046598892,188311300,2.67237149277,17950324671,31802451992,0.564432097107,0,0,0,0,0,0,0,0,1,1,4,256
52,cn3347,vertex_exchange_prepare,compute,0.000126962000195,1,7046550843,188311102,2.67238690525,17950236346,31802375608,0.564430675471,19,0,0,0,0,0,0,0,0,0,0,0
52,cn3347,vertex_exchange,communication,0.00520751800013,1,7049611929,188323286,2.67139933229,17956297208,31805992913,0.564557039836,67,0,0,0,0,0,2,0,6,2,122056,72358
52,cn3347,vertex_exchange_unpack,compute,0.00109113200006,1,7046958762,188318272,2.67233395795,17951210509,31804697537,0.564420098261,0,0,0,0,0,0,0,0,0,0,0,0
52,cn3347,partition_result_io,io,0,0,0,0,0,0,0,0,0,0,0,0,0,0,0,0,0,0,0,0
52,cn3347,volume_exchange_pack,compute,0.270998529,2,14253467571,378952862,2.65867137321,36356614382,64192091111,0.566372176895,811,0,0,0,0,0,0,0,0,0,0,0
52,cn3347,volume_size_exchange,communication,0.0408391760002,1,7094413268,188311990,2.65437017673,18044971555,31891864727,0.565817386643,2,0,0,0,0,0,0,1,5,5,20,20
52,cn3347,volume_payload_prepare,compute,0.000396784999793,1,7046551905,188311246,2.67238854604,17950308943,31802598701,0.564428998767,102,0,0,0,0,0,0,0,0,0,0,0
52,cn3347,volume_payload_exchange,communication,0.00852811599998,1,7053430317,188324200,2.66996612338,17963905912,31816545329,0.56460893935,276,0,0,0,0,0,4,0,5,5,2043840,2039040
52,cn3347,volume_exchange_unpack,compute,0.202315942,1,7181531630,193024866,2.6877952496,18331605752,32194497564,0.569401827612,8600,0,0,0,0,0,0,0,0,0,0,0
52,cn3347,final_mesh_save,io,0,0,0,0,0,0,0,0,0,0,0,0,0,0,0,0,0,0,0,0
52,cn3347,testout_io,io,0,0,0,0,0,0,0,0,0,0,0,0,0,0,0,0,0,0,0,0
52,cn3347,final_count_exchange,communication,0,0,0,0,0,0,0,0,0,0,0,0,0,0,0,0,0,0,0,0
52,cn3347,quality_surface_compute,postprocess,0,0,0,0,0,0,0,0,0,0,0,0,0,0,0,0,0,0,0,0
52,cn3347,quality_reduce_pre_collective_wait,synchronization,0,0,0,0,0,0,0,0,0,0,0,0,0,0,0,0,0,0,0,0
52,cn3347,quality_reduce,communication,0,0,0,0,0,0,0,0,0,0,0,0,0,0,0,0,0,0,0,0
52,cn3347,quality_summary_io,io,0,0,0,0,0,0,0,0,0,0,0,0,0,0,0,0,0,0,0,0
52,cn3347,quality_volume_compute,postprocess,0,0,0,0,0,0,0,0,0,0,0,0,0,0,0,0,0,0,0,0
52,cn3347,quality_rank_io,io,0,0,0,0,0,0,0,0,0,0,0,0,0,0,0,0,0,0,0,0
53,cn3347,geometry_load,io,1.999961618,1,1401485379,23515087,1.67786887772,3314695292,3793694852,0.873737984027,5807,0,1035186,0,258048,0,370,11,0,0,0,0
53,cn3347,coarse_local_size,setup,0.571464568,1,267739218,6277494,2.34462998992,632255363,908115933,0.696227585074,7974,0,0,0,0,0,269,61,0,0,0,0
53,cn3347,coarse_edge_mesh,setup,0.0143825209998,1,6348698,185349,2.91948049821,12804570,28235434,0.45349294082,516,0,0,0,0,0,0,0,0,0,0,0
53,cn3347,coarse_surface_mesh,setup,8.685558103,1,5673941663,164212593,2.89415370748,15312325029,18899748625,0.810186703158,15802,0,0,0,0,0,0,8,0,0,0,0
53,cn3347,coarse_volume_mesh,setup,14.98216734,1,5325787649,129888689,2.43886346134,13446712910,22467833099,0.598487306308,29496,0,0,0,0,0,84294,2758942,0,0,0,0
53,cn3347,coarse_mesh_save,io,0,0,0,0,0,0,0,0,0,0,0,0,0,0,0,0,0,0,0,0
53,cn3347,submesh_initialization,setup,0.00030536300028,1,3947083185,102695100,2.60179720535,9703406754,16477446996,0.588890181613,61,0,0,0,0,0,0,0,0,0,0,0
53,cn3347,metis_partition,compute,0.182075095,1,4060288867,108753276,2.67846154701,9964710464,16870973646,0.590642287344,1872,0,0,0,0,0,0,0,0,0,0,0
53,cn3347,face_map_setup,compute,0.00807997099992,1,3950111580,102758789,2.60141484408,9711296142,16493658162,0.588789706117,570,0,0,0,0,0,0,0,0,0,0,0
53,cn3347,face_local_extract,compute,0.169374793,1,4008187625,104904869,2.61726443008,9866606373,16845375493,0.585716024977,856,0,0,0,0,0,0,1,0,0,0,0
53,cn3347,face_pre_collective_wait,synchronization,0.018855751,1,3969395084,102690884,2.58706633698,9747388618,16518557734,0.590087147738,5,0,0,0,0,0,0,0,0,0,0,0
53,cn3347,face_collective_setup,compute,0.00012032099994,1,3947002529,102691593,2.60176152018,9703260794,16477317968,0.588885934765,16,0,0,0,0,0,0,0,0,0,0,0
53,cn3347,face_allgatherv,communication,0.0814283700001,1,4083844674,103465823,2.53353962404,9969904548,16638162536,0.599219086028,1352,0,0,0,0,0,5,2,1,1,75808,4859624
53,cn3347,face_global_merge,compute,0.0843122420001,1,3965189038,103566458,2.61189206889,9747672967,16659928277,0.585096934688,650,0,0,0,0,0,0,0,0,0,0,0
53,cn3347,part_face_create,compute,0.0199996440001,1,3951446062,102870245,2.60335693278,9713651814,16520604508,0.587971935851,26,0,0,0,0,0,0,0,0,0,0,0
53,cn3347,surface_refine,compute,0.0139630160002,1,3951877126,102883951,2.60341978558,9713340153,16507436942,0.588422066195,54,0,0,0,0,0,0,0,0,0,0,0
53,cn3347,refined_surface_save,io,0,0,0,0,0,0,0,0,0,0,0,0,0,0,0,0,0,0,0,0
53,cn3347,local_volume_mesh,compute,11.775931544,1,7472218987,176245315,2.35867438182,18993931722,32146777713,0.590850252289,7938,0,0,0,0,0,74400,2702979,0,0,0,0
53,cn3347,volume_refine,compute,0.869118974,1,7741726074,186463467,2.40855159712,19501992763,33894652538,0.575370782785,6160,0,0,0,0,0,0,1,0,0,0,0
53,cn3347,refined_volume_save,io,0,0,0,0,0,0,0,0,0,0,0,0,0,0,0,0,0,0,0,0
53,cn3347,adjacency_build,compute,0.00711225999976,1,7473137191,176281599,2.35887010361,18995952780,32162241313,0.590629011055,16,0,0,0,0,0,0,0,0,0,0,0
53,cn3347,vertex_numbering_local,compute,0.0210942160002,1,7480363404,176439024,2.35869588776,19013495965,32191696053,0.590633557601,187,0,0,0,0,0,0,0,0,0,0,0
53,cn3347,vertex_count_pre_collective_wait,synchronization,5.344040992,1,13809309724,176251418,1.27632315824,31504789820,43890343013,0.717806871791,70,0,0,0,0,0,0,8,0,0,0,0
53,cn3347,vertex_count_allgather,communication,0.01250772,1,7486858561,176248004,2.35409821842,19022803135,32173946683,0.591248668447,43,0,0,0,0,0,0,0,1,1,4,256
53,cn3347,element_count_pre_collective_wait,synchronization,0.000789669000369,1,7473107859,176245537,2.35839680526,18995683259,32148477463,0.590873495669,2,0,0,0,0,0,0,0,0,0,0,0
53,cn3347,element_count_allgather,communication,0.000244323000061,1,7472244982,176245837,2.35867316214,18993981615,32146950547,0.590848627686,41,0,0,0,0,0,0,0,1,1,4,256
53,cn3347,vertex_exchange_prepare,compute,0.000313984000059,1,7472220709,176245480,2.35867604644,18993947828,32146848781,0.590849447092,61,0,0,0,0,0,0,0,0,0,0,0
53,cn3347,vertex_exchange,communication,0.00573936399996,1,7476839909,176279664,2.35767605226,19003047471,32151955163,0.591038628123,127,0,0,0,0,0,2,0,6,5,121000,185482
53,cn3347,vertex_exchange_unpack,compute,0.00442038899973,1,7473265163,176265933,2.35862008313,18996431063,32153294247,0.590808236228,1575,0,0,0,0,0,0,0,0,0,0,0
53,cn3347,partition_result_io,io,0,0,0,0,0,0,0,0,0,0,0,0,0,0,0,0,0,0,0,0
53,cn3347,volume_exchange_pack,compute,0.278761195,2,15095065881,354833523,2.35065898882,38408227910,64891274222,0.591885864016,2814,0,0,0,0,0,0,0,0,0,0,0
53,cn3347,volume_size_exchange,communication,0.0288577420001,1,7506237567,176245718,2.34799014056,19061142593,32210002409,0.591777124105,2,0,0,0,0,0,0,1,7,7,28,28
53,cn3347,volume_payload_prepare,compute,0.000506525999754,1,7472221564,176245632,2.35867781075,18994056661,32147159539,0.590847120971,136,0,0,0,0,0,0,0,0,0,0,0
53,cn3347,volume_payload_exchange,communication,0.00881335900021,1,7477898761,176262446,2.3571119593,19005312839,32159246640,0.59097506393,421,0,0,0,0,0,6,0,7,7,3264120,3256680
53,cn3347,volume_exchange_unpack,compute,0.211967849,1,7600359916,179308794,2.35921451065,19348097444,32568527854,0.594073442028,6642,0,0,0,0,0,0,0,0,0,0,0
53,cn3347,final_mesh_save,io,0,0,0,0,0,0,0,0,0,0,0,0,0,0,0,0,0,0,0,0
53,cn3347,testout_io,io,0,0,0,0,0,0,0,0,0,0,0,0,0,0,0,0,0,0,0,0
53,cn3347,final_count_exchange,communication,0,0,0,0,0,0,0,0,0,0,0,0,0,0,0,0,0,0,0,0
53,cn3347,quality_surface_compute,postprocess,0,0,0,0,0,0,0,0,0,0,0,0,0,0,0,0,0,0,0,0
53,cn3347,quality_reduce_pre_collective_wait,synchronization,0,0,0,0,0,0,0,0,0,0,0,0,0,0,0,0,0,0,0,0
53,cn3347,quality_reduce,communication,0,0,0,0,0,0,0,0,0,0,0,0,0,0,0,0,0,0,0,0
53,cn3347,quality_summary_io,io,0,0,0,0,0,0,0,0,0,0,0,0,0,0,0,0,0,0,0,0
53,cn3347,quality_volume_compute,postprocess,0,0,0,0,0,0,0,0,0,0,0,0,0,0,0,0,0,0,0,0
53,cn3347,quality_rank_io,io,0,0,0,0,0,0,0,0,0,0,0,0,0,0,0,0,0,0,0,0
54,cn3347,geometry_load,io,2.000292622,1,1400664545,22513929,1.60737480508,3316264607,3847002744,0.86203853433,5994,0,1035186,0,438272,0,314,9,0,0,0,0
54,cn3347,coarse_local_size,setup,0.550392533,1,266630761,6102756,2.28884168395,632148386,912578674,0.69270563077,8173,0,0,0,0,0,191,96,0,0,0,0
54,cn3347,coarse_edge_mesh,setup,0.0137184740001,1,6306191,183934,2.91672104445,12801185,26894319,0.475981005505,515,0,0,0,0,0,0,0,0,0,0,0
54,cn3347,coarse_surface_mesh,setup,8.904245407,1,5673200182,167450258,2.95160143531,15311569453,19361253496,0.790835647917,17672,0,0,0,0,0,0,20,0,0,0,0
54,cn3347,coarse_volume_mesh,setup,15.242006985,1,5316239836,126187338,2.37362011295,13419381430,23104341452,0.580816443432,28304,0,0,0,0,0,87708,2752624,0,0,0,0
54,cn3347,coarse_mesh_save,io,0,0,0,0,0,0,0,0,0,0,0,0,0,0,0,0,0,0,0,0
54,cn3347,submesh_initialization,setup,0.000288904000172,1,3927729371,99251081,2.52693278037,9802734213,16781160128,0.584151163461,2,0,0,0,0,0,0,0,0,0,0,0
54,cn3347,metis_partition,compute,0.18606436,1,4042225073,105284406,2.60461513396,10063907431,17186341953,0.58557588686,571,0,0,0,0,0,0,0,0,0,0,0
54,cn3347,face_map_setup,compute,0.00783464799997,1,3930769947,99316793,2.52664985077,9810621610,16797518821,0.584051830187,232,0,0,0,0,0,0,0,0,0,0,0
54,cn3347,face_local_extract,compute,0.181206185,1,3989089854,101462096,2.54348986143,9965931958,17175088052,0.58025507222,669,0,0,0,0,0,0,1,0,0,0,0
54,cn3347,face_pre_collective_wait,synchronization,0.003501959,1,3931892903,99246868,2.52414982932,9810950795,16788560872,0.584383073082,1,0,0,0,0,0,0,0,0,0,0,0
54,cn3347,face_collective_setup,compute,0.000114641000437,1,3927649850,99247611,2.52689559381,9802588467,16780993552,0.584148276836,16,0,0,0,0,0,0,0,0,0,0,0
54,cn3347,face_allgatherv,communication,0.0814369299997,1,4070586895,99676723,2.4487064291,10081322714,16943725395,0.59498855647,893,0,0,0,0,0,5,0,1,1,75808,4859624
54,cn3347,face_global_merge,compute,0.087831282,1,3945832426,100120203,2.5373658126,9847000512,16972002624,0.580190843129,414,0,0,0,0,0,0,0,0,0,0,0
54,cn3347,part_face_create,compute,0.0212537980001,1,3932137876,99430968,2.52867450572,9812979581,16827197917,0.583161832968,3,0,0,0,0,0,0,0,0,0,0,0
54,cn3347,surface_refine,compute,0.0159761590003,1,3932475767,99442317,2.52874583067,9812494861,16815373410,0.583543084162,49,0,0,0,0,0,0,0,0,0,0,0
54,cn3347,refined_surface_save,io,0,0,0,0,0,0,0,0,0,0,0,0,0,0,0,0,0,0,0,0
54,cn3347,local_volume_mesh,compute,13.079451473,1,8192027920,190734434,2.32829326099,21351468320,36393310009,0.586686627699,6170,0,0,0,0,0,66815,2445207,0,0,0,0
54,cn3347,volume_refine,compute,0.889741645,1,8383514762,200607902,2.39288541495,21659833563,37657360529,0.575181936778,5974,0,0,0,0,0,0,4,0,0,0,0
54,cn3347,refined_volume_save,io,0,0,0,0,0,0,0,0,0,0,0,0,0,0,0,0,0,0,0,0
54,cn3347,adjacency_build,compute,0.00418830700028,1,8096007062,189451374,2.34005939655,21104321894,35876643245,0.588246836525,9,0,0,0,0,0,0,0,0,0,0,0
54,cn3347,vertex_numbering_local,compute,0.0114792079999,1,8098280557,189515207,2.34019068204,21109727545,35892611207,0.58813574257,6,0,0,0,0,0,0,0,0,0,0,0
54,cn3347,vertex_count_pre_collective_wait,synchronization,4.025952219,1,13115620762,189424047,1.444262917,31008580727,44718025283,0.693424643212,28,0,0,0,0,0,0,9,0,0,0,0
54,cn3347,vertex_count_allgather,communication,0.0124072979997,1,8110200843,189422227,2.3356046375,21132148573,35894109920,0.588735829363,22,0,0,0,0,0,1,0,1,1,4,256
54,cn3347,element_count_pre_collective_wait,synchronization,0.000895369999853,1,8096292894,189419557,2.33958380064,21104773268,35869468221,0.588377088224,0,0,0,0,0,0,0,0,0,0,0,0
54,cn3347,element_count_allgather,communication,7.20210000509e-05,1,8095309405,189419561,2.33986808315,21102826413,35867652220,0.58835259926,0,0,0,0,0,0,0,0,1,1,4,256
54,cn3347,vertex_exchange_prepare,compute,1.94799999917e-05,1,8095262103,189419361,2.33987928482,21102738087,35867537825,0.588352013176,0,0,0,0,0,0,0,0,0,0,0,0
54,cn3347,vertex_exchange,communication,0.00448919000019,1,8096848279,189425896,2.3395016119,21105886615,35870007994,0.588399272688,33,0,0,0,0,0,3,0,3,2,21648,47916
54,cn3347,vertex_exchange_unpack,compute,0.000840229999994,1,8095527797,189424412,2.33986488281,21103371822,35869344512,0.588340046608,0,0,0,0,0,0,0,0,0,0,0,0
54,cn3347,partition_result_io,io,0,0,0,0,0,0,0,0,0,0,0,0,0,0,0,0,0,0,0,0
54,cn3347,volume_exchange_pack,compute,0.192670333,2,16318989372,380455762,2.33136840357,42570542073,72156767453,0.58997296547,77,0,0,0,0,0,0,1,0,0,0,0
54,cn3347,volume_size_exchange,communication,0.108503632,1,8230255740,189419733,2.30150482541,21369027648,36105940067,0.591842439453,1,0,0,0,0,0,0,1,4,4,16,16
54,cn3347,volume_payload_prepare,compute,0.000134001999868,1,8095262376,189419400,2.33987968767,21102779556,35867620684,0.588351810172,30,0,0,0,0,0,0,0,0,0,0,0
54,cn3347,volume_payload_exchange,communication,0.014071137,1,8111519353,189430830,2.33533104905,21134866130,35897223725,0.588760464929,6,0,0,0,0,0,0,0,4,4,711240,713160
54,cn3347,volume_exchange_unpack,compute,0.168780227,1,8214173421,191932904,2.33660642603,21438078910,36189756863,0.592379744113,7963,0,0,0,0,0,0,0,0,0,0,0
54,cn3347,final_mesh_save,io,0,0,0,0,0,0,0,0,0,0,0,0,0,0,0,0,0,0,0,0
54,cn3347,testout_io,io,0,0,0,0,0,0,0,0,0,0,0,0,0,0,0,0,0,0,0,0
54,cn3347,final_count_exchange,communication,0,0,0,0,0,0,0,0,0,0,0,0,0,0,0,0,0,0,0,0
54,cn3347,quality_surface_compute,postprocess,0,0,0,0,0,0,0,0,0,0,0,0,0,0,0,0,0,0,0,0
54,cn3347,quality_reduce_pre_collective_wait,synchronization,0,0,0,0,0,0,0,0,0,0,0,0,0,0,0,0,0,0,0,0
54,cn3347,quality_reduce,communication,0,0,0,0,0,0,0,0,0,0,0,0,0,0,0,0,0,0,0,0
54,cn3347,quality_summary_io,io,0,0,0,0,0,0,0,0,0,0,0,0,0,0,0,0,0,0,0,0
54,cn3347,quality_volume_compute,postprocess,0,0,0,0,0,0,0,0,0,0,0,0,0,0,0,0,0,0,0,0
54,cn3347,quality_rank_io,io,0,0,0,0,0,0,0,0,0,0,0,0,0,0,0,0,0,0,0,0
55,cn3347,geometry_load,io,2.00105099,1,1405421412,25561952,1.81881048501,3317809969,3851446174,0.861445238777,5956,0,1035186,0,782336,0,322,12,0,0,0,0
55,cn3347,coarse_local_size,setup,0.681935263,1,267621767,6247725,2.33453544158,631165296,915546146,0.689386655995,8539,0,0,0,0,0,210,63,0,0,0,0
55,cn3347,coarse_edge_mesh,setup,0.0139216160001,1,6312654,183424,2.90565584618,12806377,27388336,0.46758506979,524,0,0,0,0,0,0,0,0,0,0,0
55,cn3347,coarse_surface_mesh,setup,8.879872395,1,5675438231,163647000,2.88342491521,15311995221,19335841091,0.791897034576,15931,0,0,0,0,0,0,9,0,0,0,0
55,cn3347,coarse_volume_mesh,setup,15.104149484,1,5300052125,126690225,2.39035809483,13395468477,22817976169,0.58705769424,26229,0,0,0,0,0,88958,2658083,0,0,0,0
55,cn3347,coarse_mesh_save,io,0,0,0,0,0,0,0,0,0,0,0,0,0,0,0,0,0,0,0,0
55,cn3347,submesh_initialization,setup,0.000258123000094,1,3365723651,93885947,2.78947283661,8109566987,14762456488,0.54933723216,1,0,0,0,0,0,0,0,0,0,0,0
55,cn3347,metis_partition,compute,0.183789814,1,3478539265,99954109,2.87345064653,8370831953,15163305848,0.55204531498,404,0,0,0,0,0,0,0,0,0,0,0
55,cn3347,face_map_setup,compute,0.00806663000003,1,3368780996,93956313,2.7890300115,8117454594,14779287298,0.549245334388,232,0,0,0,0,0,0,0,0,0,0,0
55,cn3347,face_local_extract,compute,0.180410256,1,3427056790,96035050,2.80226024501,8272766383,15155398174,0.54586268787,583,0,0,0,0,0,0,0,0,0,0,0
55,cn3347,face_pre_collective_wait,synchronization,0.00633305099973,1,3373394604,93881631,2.78300175404,8124192541,14776073568,0.549820796683,0,0,0,0,0,0,0,0,0,0,0,0
55,cn3347,face_collective_setup,compute,0.000109161000182,1,3365643706,93882409,2.78943397463,8109421047,14762299475,0.549333188961,16,0,0,0,0,0,0,0,0,0,0,0
55,cn3347,face_allgatherv,communication,0.0814584700001,1,3508481624,94321642,2.68838922669,8387898202,14924977481,0.562004077573,870,0,0,0,0,0,7,0,1,1,75808,4859624
55,cn3347,face_global_merge,compute,0.0875816990001,1,3383814354,94747766,2.80002849116,8153832901,14952715515,0.545307833405,367,0,0,0,0,0,0,0,0,0,0,0
55,cn3347,part_face_create,compute,0.0211364960001,1,3370100102,94068127,2.79125616904,8119762013,14808254409,0.548326749982,3,0,0,0,0,0,0,0,0,0,0,0
55,cn3347,surface_refine,compute,0.0149736669996,1,3369983635,94071990,2.7914672648,8118267166,14794636141,0.54873043775,45,0,0,0,0,0,0,0,0,0,0,0
55,cn3347,refined_surface_save,io,0,0,0,0,0,0,0,0,0,0,0,0,0,0,0,0,0,0,0,0
55,cn3347,local_volume_mesh,compute,11.89107693,1,7093169586,175125452,2.46893084786,18164174086,31927592877,0.568917743219,4496,0,0,0,0,0,60805,2422440,0,0,0,0
55,cn3347,volume_refine,compute,0.876562337,1,5079742772,129031091,2.54011072591,12327468688,22630735126,0.544722414865,5441,0,0,0,0,0,0,1,0,0,0,0
55,cn3347,refined_volume_save,io,0,0,0,0,0,0,0,0,0,0,0,0,0,0,0,0,0,0,0,0
55,cn3347,adjacency_build,compute,0.00383162300022,1,4825188045,119270130,2.47182345823,11838897231,20883865995,0.566892032052,7,0,0,0,0,0,0,0,0,0,0,0
55,cn3347,vertex_numbering_local,compute,0.00850565499968,1,4826941567,119313726,2.47182867959,11843143119,20894128639,0.566816799285,4,0,0,0,0,0,0,0,0,0,0,0
55,cn3347,vertex_count_pre_collective_wait,synchronization,5.232092701,1,11303952275,119243518,1.05488341687,24633467577,32376153643,0.760852195373,30,0,0,0,0,0,0,5,0,0,0,0
55,cn3347,vertex_count_allgather,communication,0.0125018200001,1,4839733177,119241154,2.46379603253,11867547879,20902657961,0.567753053279,21,0,0,0,0,0,0,0,1,1,4,256
55,cn3347,element_count_pre_collective_wait,synchronization,0.000773469000251,1,4825382537,119239482,2.47108868749,11839185197,20877229199,0.567086038293,1,0,0,0,0,0,0,0,0,0,0,0
55,cn3347,element_count_allgather,communication,0.000186442000086,1,4824637612,119238943,2.47145905225,11837707544,20875927128,0.567050625892,2,0,0,0,0,0,0,0,1,1,4,256
55,cn3347,vertex_exchange_prepare,compute,2.02199998967e-05,1,4824473952,119238506,2.47153383325,11837399485,20875594983,0.567044891158,0,0,0,0,0,0,0,0,0,0,0,0
55,cn3347,vertex_exchange,communication,0.00475515300013,1,4826695554,119242424,2.47047742427,11841790078,20879190383,0.567157531532,20,0,0,0,0,0,2,0,0,3,0,53878
55,cn3347,vertex_exchange_unpack,compute,0.000916770999993,1,4824770987,119244182,2.4714993172,11838109243,20877562419,0.567025450836,0,0,0,0,0,0,0,0,0,0,0,0
55,cn3347,partition_result_io,io,0,0,0,0,0,0,0,0,0,0,0,0,0,0,0,0,0,0,0,0
55,cn3347,volume_exchange_pack,compute,0.161571745,2,9755871985,240034631,2.46041185625,23979004818,42103856075,0.569520396785,142,0,0,0,0,0,0,0,0,0,0,0
55,cn3347,volume_size_exchange,communication,0.122039604,1,4977069843,119239108,2.39576923293,12138288172,21143778177,0.574083215894,5,0,0,0,0,0,0,0,3,3,12,12
55,cn3347,volume_payload_prepare,compute,0.000183341999673,1,4824474337,119238590,2.47153537714,11837414487,20875626335,0.567044758181,64,0,0,0,0,0,0,1,0,0,0,0
55,cn3347,volume_payload_exchange,communication,0.0317483549998,1,4862130448,119251789,2.45266535473,11911808527,20943537708,0.568758186562,92,0,0,0,0,0,2,0,3,3,558720,562080
55,cn3347,volume_exchange_unpack,compute,0.15031022,1,4927902395,121488697,2.46532271263,12128424591,21163346526,0.573086329995,6910,0,0,0,0,0,0,0,0,0,0,0
55,cn3347,final_mesh_save,io,0,0,0,0,0,0,0,0,0,0,0,0,0,0,0,0,0,0,0,0
55,cn3347,testout_io,io,0,0,0,0,0,0,0,0,0,0,0,0,0,0,0,0,0,0,0,0
55,cn3347,final_count_exchange,communication,0,0,0,0,0,0,0,0,0,0,0,0,0,0,0,0,0,0,0,0
55,cn3347,quality_surface_compute,postprocess,0,0,0,0,0,0,0,0,0,0,0,0,0,0,0,0,0,0,0,0
55,cn3347,quality_reduce_pre_collective_wait,synchronization,0,0,0,0,0,0,0,0,0,0,0,0,0,0,0,0,0,0,0,0
55,cn3347,quality_reduce,communication,0,0,0,0,0,0,0,0,0,0,0,0,0,0,0,0,0,0,0,0
55,cn3347,quality_summary_io,io,0,0,0,0,0,0,0,0,0,0,0,0,0,0,0,0,0,0,0,0
55,cn3347,quality_volume_compute,postprocess,0,0,0,0,0,0,0,0,0,0,0,0,0,0,0,0,0,0,0,0
55,cn3347,quality_rank_io,io,0,0,0,0,0,0,0,0,0,0,0,0,0,0,0,0,0,0,0,0
56,cn3347,geometry_load,io,1.998421681,1,1402251467,26430462,1.88485893023,3316084322,3801020081,0.872419574571,6114,0,1035186,0,1380352,0,345,10,0,0,0,0
56,cn3347,coarse_local_size,setup,0.554673301,1,266775339,6450972,2.41812906102,632188379,900157058,0.702308973064,8450,0,0,0,0,0,174,75,0,0,0,0
56,cn3347,coarse_edge_mesh,setup,0.0138240340002,1,6323363,173770,2.74806301647,12804002,27196173,0.470801608741,524,0,0,0,0,0,0,0,0,0,0,0
56,cn3347,coarse_surface_mesh,setup,8.665306357,1,5675119120,166413689,2.93233825548,15314508597,18863749012,0.81184861966,14962,0,0,0,0,0,0,9,0,0,0,0
56,cn3347,coarse_volume_mesh,setup,14.909880392,1,5318128180,127381372,2.3952294433,13434125705,22318640629,0.601924011785,26684,0,0,0,0,0,86749,2746306,0,0,0,0
56,cn3347,coarse_mesh_save,io,0,0,0,0,0,0,0,0,0,0,0,0,0,0,0,0,0,0,0,0
56,cn3347,submesh_initialization,setup,0.000312904000111,1,4687553810,116167863,2.47821929536,11657060645,19665758709,0.592759263321,2,0,0,0,0,0,1,0,0,0,0,0
56,cn3347,metis_partition,compute,0.17713938,1,4800495524,122230364,2.54620306152,11918300621,20052366732,0.594358799651,194,0,0,0,0,0,0,0,0,0,0,0
56,cn3347,face_map_setup,compute,0.00840785399987,1,4690607136,116233347,2.47800217818,11664957377,19683288182,0.592632555554,228,0,0,0,0,0,0,0,0,0,0,0
56,cn3347,face_local_extract,compute,0.168070678,1,4748689960,118336411,2.49198014604,11820258745,20031134695,0.590094316921,705,0,0,0,0,0,0,0,0,0,0,0
56,cn3347,face_pre_collective_wait,synchronization,0.0246847559997,1,4718688332,116163674,2.46177890606,11718475430,19719705092,0.594252062864,0,0,0,0,0,0,0,0,0,0,0,0
56,cn3347,face_collective_setup,compute,0.000200081999992,1,4687473323,116164286,2.47818553825,11656914738,19665744843,0.592752261918,16,0,0,0,0,0,0,0,0,0,0,0
56,cn3347,face_allgatherv,communication,0.0815507719999,1,4830532346,116623574,2.41430065356,11935847544,19828349471,0.601958703696,894,0,0,0,0,0,6,1,1,1,75808,4859624
56,cn3347,face_global_merge,compute,0.0820856769997,1,4705629806,117019614,2.48680025468,11701326021,19844440439,0.589652606077,183,0,0,0,0,0,0,0,0,0,0,0
56,cn3347,part_face_create,compute,0.0203408269999,1,4691980704,116340287,2.47955595599,11667309737,19709820540,0.591954133389,3,0,0,0,0,0,0,0,0,0,0,0
56,cn3347,surface_refine,compute,0.0131023070003,1,4692256605,116345912,2.4795300384,11666832645,19693759472,0.592412670704,49,0,0,0,0,0,0,0,0,0,0,0
56,cn3347,refined_surface_save,io,0,0,0,0,0,0,0,0,0,0,0,0,0,0,0,0,0,0,0,0
56,cn3347,local_volume_mesh,compute,12.609588721,1,8723742609,207305551,2.37633731635,22508000959,37870510045,0.59434110954,4656,0,0,0,0,0,68311,2499077,0,0,0,0
56,cn3347,volume_refine,compute,0.81052192,1,8685576261,211993308,2.44075121362,22175298773,38216708217,0.580251408548,6668,0,0,0,0,0,0,2,0,0,0,0
56,cn3347,refined_volume_save,io,0,0,0,0,0,0,0,0,0,0,0,0,0,0,0,0,0,0,0,0
56,cn3347,adjacency_build,compute,0.00413084599995,1,8411479504,201921402,2.40054561036,21649258263,36606048774,0.591412047683,8,0,0,0,0,0,0,0,0,0,0,0
56,cn3347,vertex_numbering_local,compute,0.0162465419999,1,8418887028,202041358,2.39985828683,21666726567,36632610987,0.591460067498,7,0,0,0,0,0,0,0,0,0,0,0
56,cn3347,vertex_count_pre_collective_wait,synchronization,4.580526658,1,14102551511,201894201,1.4316147035,32842232242,46667114502,0.703755365903,32,0,0,0,0,0,0,5,0,0,0,0
56,cn3347,vertex_count_allgather,communication,0.0123931379999,1,8425673236,201888526,2.39611150759,21677062983,36623884030,0.591883235684,20,0,0,0,0,0,0,0,1,1,4,256
56,cn3347,element_count_pre_collective_wait,synchronization,0.00091016999977,1,8411651077,201885917,2.40007479093,21649362890,36599079637,0.591527522132,0,0,0,0,0,0,0,0,0,0,0,0
56,cn3347,element_count_allgather,communication,6.89810003678e-05,1,8410634359,201885916,2.40036491164,21647355414,36597225250,0.591502641693,0,0,0,0,0,0,0,0,1,1,4,256
56,cn3347,vertex_exchange_prepare,compute,5.35409999429e-05,1,8410584191,201885799,2.40037783839,21647265895,36597202420,0.591500564622,0,0,0,0,0,0,0,0,0,0,0,0
56,cn3347,vertex_exchange,communication,0.00735546200031,1,8416277936,201939439,2.39939128122,21658702506,36605156772,0.591684462408,64,0,0,0,0,0,1,0,5,5,187440,114532
56,cn3347,vertex_exchange_unpack,compute,0.00176345900036,1,8411218265,201897946,2.40034130181,21648786505,36600953831,0.591481484471,0,0,0,0,0,0,0,0,0,0,0,0
56,cn3347,partition_result_io,io,0,0,0,0,0,0,0,0,0,0,0,0,0,0,0,0,0,0,0,0
56,cn3347,volume_exchange_pack,compute,0.306073121,2,16979553464,406842353,2.39607215739,43738682598,73854818164,0.592225174814,1417,0,0,0,0,0,0,0,0,0,0,0
56,cn3347,volume_size_exchange,communication,0.00715225999966,1,8419430240,201886023,2.39785849214,21664663236,36612701437,0.591725340816,3,0,0,0,0,0,0,0,6,6,24,24
56,cn3347,volume_payload_prepare,compute,0.000553846000003,1,8410584605,201885836,2.40037816016,21647419618,36597749420,0.591495924232,68,0,0,0,0,0,0,0,0,0,0,0
56,cn3347,volume_payload_exchange,communication,0.018244164,1,8428848632,201901136,2.39535842693,21683352388,36630996643,0.591940006419,173,0,0,0,0,0,9,0,6,6,3181200,3205080
56,cn3347,volume_exchange_unpack,compute,0.224420689,1,8542493923,204998150,2.39974592722,22016937164,37039447169,0.59441862249,7960,0,0,0,0,0,0,0,0,0,0,0
56,cn3347,final_mesh_save,io,0,0,0,0,0,0,0,0,0,0,0,0,0,0,0,0,0,0,0,0
56,cn3347,testout_io,io,0,0,0,0,0,0,0,0,0,0,0,0,0,0,0,0,0,0,0,0
56,cn3347,final_count_exchange,communication,0,0,0,0,0,0,0,0,0,0,0,0,0,0,0,0,0,0,0,0
56,cn3347,quality_surface_compute,postprocess,0,0,0,0,0,0,0,0,0,0,0,0,0,0,0,0,0,0,0,0
56,cn3347,quality_reduce_pre_collective_wait,synchronization,0,0,0,0,0,0,0,0,0,0,0,0,0,0,0,0,0,0,0,0
56,cn3347,quality_reduce,communication,0,0,0,0,0,0,0,0,0,0,0,0,0,0,0,0,0,0,0,0
56,cn3347,quality_summary_io,io,0,0,0,0,0,0,0,0,0,0,0,0,0,0,0,0,0,0,0,0
56,cn3347,quality_volume_compute,postprocess,0,0,0,0,0,0,0,0,0,0,0,0,0,0,0,0,0,0,0,0
56,cn3347,quality_rank_io,io,0,0,0,0,0,0,0,0,0,0,0,0,0,0,0,0,0,0,0,0
57,cn3347,geometry_load,io,1.998922967,1,1407666686,25848091,1.83623660751,3316500424,3835664448,0.864648216485,6004,0,1035186,0,561152,0,315,17,0,0,0,0
57,cn3347,coarse_local_size,setup,0.556916866,1,268477622,6097125,2.27099933118,632570124,908842021,0.696017689966,8341,0,0,0,0,0,169,58,0,0,0,0
57,cn3347,coarse_edge_mesh,setup,0.0137548140001,1,6305535,160685,2.54831667733,12803670,27140631,0.471752849077,524,0,0,0,0,0,0,0,0,0,0,0
57,cn3347,coarse_surface_mesh,setup,8.651455662,1,5678413176,158754548,2.79575548801,15315062243,18835134650,0.813111375501,15329,0,0,0,0,0,0,8,0,0,0,0
57,cn3347,coarse_volume_mesh,setup,14.981384712,1,5334308999,126762795,2.37636767993,13473753809,22351772974,0.60280470031,29247,0,0,0,0,0,89254,2788104,0,0,0,0
57,cn3347,coarse_mesh_save,io,0,0,0,0,0,0,0,0,0,0,0,0,0,0,0,0,0,0,0,0
57,cn3347,submesh_initialization,setup,0.000405984999816,1,3181302970,68270976,2.1460067351,8585241842,14399579246,0.596214770955,57,0,0,0,0,0,2,0,0,0,0,0
57,cn3347,metis_partition,compute,0.181336547,1,3294367842,74313558,2.25577596565,8846463132,14791257178,0.598087304246,1610,0,0,0,0,0,0,0,0,0,0,0
57,cn3347,face_map_setup,compute,0.00837439399993,1,3184384024,68333411,2.14589102586,8593133943,14416346494,0.596068771417,583,0,0,0,0,0,0,0,0,0,0,0
57,cn3347,face_local_extract,compute,0.168659405,1,3242789186,70483451,2.17354403747,8748439797,14766118536,0.592467125038,910,0,0,0,0,0,0,0,0,0,0,0
57,cn3347,face_pre_collective_wait,synchronization,0.0199207629998,1,3205022281,68457727,2.13595167203,8630478745,14443011364,0.597553967624,5,0,0,0,0,0,0,0,0,0,0,0
57,cn3347,face_collective_setup,compute,0.000126441000248,1,3181222741,68267320,2.14594593205,8585096038,14399425430,0.596211014095,15,0,0,0,0,0,0,0,0,0,0,0
57,cn3347,face_allgatherv,communication,0.0816679330001,1,3324137763,68719752,2.06729554848,8863681605,14562084027,0.608682218051,1075,0,0,0,0,0,3,0,1,1,75808,4859624
57,cn3347,face_global_merge,compute,0.083124929,1,3199398306,69113327,2.16019764936,8629506514,14579931423,0.591875658646,522,0,0,0,0,0,0,0,0,0,0,0
57,cn3347,part_face_create,compute,0.0208214929999,1,3185812022,68446948,2.14849299103,8595736143,14444539399,0.595085513325,26,0,0,0,0,0,0,0,0,0,0,0
57,cn3347,surface_refine,compute,0.0215287810001,1,3189023283,68567308,2.15010371249,8601058848,14445993604,0.595394064526,6,0,0,0,0,0,0,1,0,0,0,0
57,cn3347,refined_surface_save,io,0,0,0,0,0,0,0,0,0,0,0,0,0,0,0,0,0,0,0,0
57,cn3347,local_volume_mesh,compute,16.080889201,1,8849414376,201536546,2.27739980791,23820943784,39613675663,0.601331317665,10709,0,0,0,0,0,78831,2715936,0,0,0,0
57,cn3347,volume_refine,compute,1.120968749,1,6817566563,143775946,2.10890417675,17805215142,29507756958,0.603407950233,10230,0,0,0,0,0,0,2,0,0,0,0
57,cn3347,refined_volume_save,io,0,0,0,0,0,0,0,0,0,0,0,0,0,0,0,0,0,0,0,0
57,cn3347,adjacency_build,compute,0.00400546500032,1,6428005653,128632007,2.00111844861,17045500486,27234028934,0.625889783965,25,0,0,0,0,0,0,0,0,0,0,0
57,cn3347,vertex_numbering_local,compute,0.0177678580003,1,6434172638,128765285,2.0012718378,17060116146,27264179740,0.625733702928,34,0,0,0,0,0,0,0,0,0,0,0
57,cn3347,vertex_count_pre_collective_wait,synchronization,0.78729818,1,7365705349,143533325,1.94867046941,18892790324,28956310315,0.65245848378,29,0,0,0,0,0,0,1,0,0,0,0
57,cn3347,vertex_count_allgather,communication,0.0125705400001,1,6441182028,128768581,1.99914519478,17071263854,27252203668,0.626417740817,20,0,0,0,0,0,1,0,1,1,4,256
57,cn3347,element_count_pre_collective_wait,synchronization,0.000619267000275,1,6427810854,128608074,2.00080675865,17044849748,27226684957,0.626034707307,0,0,0,0,0,0,0,0,0,0,0,0
57,cn3347,element_count_allgather,communication,0.000233382999795,1,6427283068,128599111,2.00083160551,17043800954,27225733689,0.626018058822,4,0,0,0,0,0,0,0,1,1,4,256
57,cn3347,vertex_exchange_prepare,compute,2.67599998551e-05,1,6427117040,128596773,2.00084691472,17043493899,27225386595,0.62601476161,0,0,0,0,0,0,0,0,0,0,0,0
57,cn3347,vertex_exchange,communication,0.00212074399997,1,6430146354,128610296,2.00011459957,17049438324,27229081515,0.626148124556,37,0,0,0,0,0,0,0,4,4,59158,145244
57,cn3347,vertex_exchange_unpack,compute,0.00223314499999,1,6427934741,128611856,2.0008270336,17045465273,27230234172,0.625975713809,0,0,0,0,0,0,0,0,0,0,0,0
57,cn3347,partition_result_io,io,0,0,0,0,0,0,0,0,0,0,0,0,0,0,0,0,0,0,0,0
57,cn3347,volume_exchange_pack,compute,0.306376404,2,13040705491,260848099,2.00026063912,34616523967,55117123032,0.628053898004,742,0,0,0,0,0,0,0,0,0,0,0
57,cn3347,volume_size_exchange,communication,0.00805864999984,1,6436619373,128721987,1.99983841735,17062335961,27242910794,0.626303704843,3,0,0,0,0,0,0,0,6,6,24,24
57,cn3347,volume_payload_prepare,compute,0.000351923999915,1,6427117719,128596880,2.00084836815,17043559274,27225748654,0.626008837832,34,0,0,0,0,0,0,0,0,0,0,0
57,cn3347,volume_payload_exchange,communication,0.0180093609997,1,6444734890,128759069,1.99789551002,17078609299,27258739137,0.626537024077,323,0,0,0,0,0,8,0,6,6,2147880,2133120
57,cn3347,volume_exchange_unpack,compute,0.250155016,1,6591356906,134022064,2.03330006115,17506787965,27710852956,0.631766477661,10463,0,0,0,0,0,0,0,0,0,0,0
57,cn3347,final_mesh_save,io,0,0,0,0,0,0,0,0,0,0,0,0,0,0,0,0,0,0,0,0
57,cn3347,testout_io,io,0,0,0,0,0,0,0,0,0,0,0,0,0,0,0,0,0,0,0,0
57,cn3347,final_count_exchange,communication,0,0,0,0,0,0,0,0,0,0,0,0,0,0,0,0,0,0,0,0
57,cn3347,quality_surface_compute,postprocess,0,0,0,0,0,0,0,0,0,0,0,0,0,0,0,0,0,0,0,0
57,cn3347,quality_reduce_pre_collective_wait,synchronization,0,0,0,0,0,0,0,0,0,0,0,0,0,0,0,0,0,0,0,0
57,cn3347,quality_reduce,communication,0,0,0,0,0,0,0,0,0,0,0,0,0,0,0,0,0,0,0,0
57,cn3347,quality_summary_io,io,0,0,0,0,0,0,0,0,0,0,0,0,0,0,0,0,0,0,0,0
57,cn3347,quality_volume_compute,postprocess,0,0,0,0,0,0,0,0,0,0,0,0,0,0,0,0,0,0,0,0
57,cn3347,quality_rank_io,io,0,0,0,0,0,0,0,0,0,0,0,0,0,0,0,0,0,0,0,0
58,cn3347,geometry_load,io,2.00279681,1,1401155242,25585242,1.8260105114,3312605052,3830894098,0.864708072648,5997,0,1035186,0,122880,0,342,3,0,0,0,0
58,cn3347,coarse_local_size,setup,0.561202394,1,266355351,6376641,2.39403525255,631314020,914541335,0.690306709866,8448,0,0,0,0,0,203,87,0,0,0,0
58,cn3347,coarse_edge_mesh,setup,0.0147875459998,1,6302027,165331,2.62345750026,12809672,28903642,0.443185395114,523,0,0,0,0,0,0,0,0,0,0,0
58,cn3347,coarse_surface_mesh,setup,8.890101909,1,5675149504,163987056,2.88956362972,15314134970,19331621481,0.792180572388,15820,0,0,0,0,0,0,90,0,0,0,0
58,cn3347,coarse_volume_mesh,setup,15.319548611,1,5318744611,130318024,2.45016509592,13444349746,23020939626,0.584005256276,30931,0,0,0,0,0,88188,2805156,0,0,0,0
58,cn3347,coarse_mesh_save,io,0,0,0,0,0,0,0,0,0,0,0,0,0,0,0,0,0,0,0,0
58,cn3347,submesh_initialization,setup,0.000167121999766,1,5119857410,128653646,2.51283650495,12876008496,22406204821,0.574662625771,41,0,0,0,0,0,0,0,0,0,0,0
58,cn3347,metis_partition,compute,0.185918638,1,5233742540,134703613,2.57375314071,13137286915,22808059525,0.575993187873,1862,0,0,0,0,0,0,0,0,0,0,0
58,cn3347,face_map_setup,compute,0.00825379199978,1,5122936237,128720021,2.51262196219,12883898608,22422810166,0.574588934777,595,0,0,0,0,0,0,0,0,0,0,0
58,cn3347,face_local_extract,compute,0.178849239,1,5181192563,130818101,2.5248646795,13039208277,22795160045,0.572016526809,815,0,0,0,0,0,0,0,0,0,0,0
58,cn3347,face_pre_collective_wait,synchronization,0.00566068299986,1,5126590162,128649318,2.50945197363,12889300023,22418365173,0.574943798245,0,0,0,0,0,0,0,0,0,0,0,0
58,cn3347,face_collective_setup,compute,0.000105641000118,1,5119776997,128650043,2.51280559828,12875862599,22406072970,0.574659495943,16,0,0,0,0,0,0,0,0,0,0,0
58,cn3347,face_allgatherv,communication,0.0817953339997,1,5257088422,129113405,2.4559869387,13143410699,22569584644,0.58235057961,839,0,0,0,0,0,8,1,1,1,75808,4859624
58,cn3347,face_global_merge,compute,0.0889306140002,1,5138035853,129540345,2.52120360204,12920274684,22598727814,0.571725753341,660,0,0,0,0,0,0,0,0,0,0,0
58,cn3347,part_face_create,compute,0.021333619,1,5124229147,128830574,2.51414545104,12886234116,22452420857,0.573935175992,4,0,0,0,0,0,0,0,0,0,0,0
58,cn3347,surface_refine,compute,0.0165134849999,1,5124396472,128834714,2.51414414759,12885380377,22439366587,0.574231020606,54,0,0,0,0,0,0,1,0,0,0,0
58,cn3347,refined_surface_save,io,0,0,0,0,0,0,0,0,0,0,0,0,0,0,0,0,0,0,0,0
58,cn3347,local_volume_mesh,compute,10.814237374,1,8339013667,202176187,2.42446163387,21459831819,37538074603,0.571681740365,4539,0,0,0,0,0,61668,2304737,0,0,0,0
58,cn3347,volume_refine,compute,0.759259867,1,6646354633,162612789,2.44664628927,16522673750,29409837826,0.561807713723,6159,0,0,0,0,0,0,1,0,0,0,0
58,cn3347,refined_volume_save,io,0,0,0,0,0,0,0,0,0,0,0,0,0,0,0,0,0,0,0,0
58,cn3347,adjacency_build,compute,0.0044996900001,1,6405298696,152957540,2.38798449939,16066760895,27920878830,0.575438939183,9,0,0,0,0,0,0,0,0,0,0,0
58,cn3347,vertex_numbering_local,compute,0.01787762,1,6412982417,153137677,2.38793227616,16084878532,27950278524,0.575481869284,5,0,0,0,0,0,0,0,0,0,0,0
58,cn3347,vertex_count_pre_collective_wait,synchronization,6.413349244,1,14108035635,152930670,1.08399690755,31244314234,42004293501,0.743836204107,68,0,0,0,0,0,0,5,0,0,0,0
58,cn3347,vertex_count_allgather,communication,0.0123042369996,1,6418885669,152923670,2.38240214713,16093346887,27937625369,0.576045625727,46,0,0,0,0,0,1,0,1,1,4,256
58,cn3347,element_count_pre_collective_wait,synchronization,0.00085351000007,1,6405332290,152921198,2.38740460411,16066637577,27912970769,0.575597549611,2,0,0,0,0,0,0,0,0,0,0,0
58,cn3347,element_count_allgather,communication,0.000161322000167,1,6404408821,152921437,2.38775258223,16064810692,27911258130,0.575567415026,38,0,0,0,0,0,0,0,1,1,4,256
58,cn3347,vertex_exchange_prepare,compute,0.000252863000242,1,6404385234,152921168,2.38775717595,16064770371,27911255134,0.575566032193,40,0,0,0,0,0,0,0,0,0,0,0
58,cn3347,vertex_exchange,communication,0.00713615999985,1,6409218701,152977650,2.3868377276,16074398211,27918335031,0.575764929862,245,0,0,0,0,0,1,0,8,6,229064,92312
58,cn3347,vertex_exchange_unpack,compute,0.00246320699989,1,6404901266,152931542,2.38772676812,16065990388,27914700070,0.575538707122,951,0,0,0,0,0,0,0,0,0,0,0
58,cn3347,partition_result_io,io,0,0,0,0,0,0,0,0,0,0,0,0,0,0,0,0,0,0,0,0
58,cn3347,volume_exchange_pack,compute,0.26121966,2,12937107482,308062514,2.38123177402,32484390689,56380903007,0.576159461032,2535,0,0,0,0,0,0,0,0,0,0,0
58,cn3347,volume_size_exchange,communication,0.0510420300002,1,6464972432,152921458,2.36538453348,16184020746,28023139754,0.577523464111,2,0,0,0,0,0,0,1,7,7,28,28
58,cn3347,volume_payload_prepare,compute,0.000542845999917,1,6404385315,152921142,2.38775673977,16064922295,27912049561,0.575555093505,34,0,0,0,0,0,0,0,0,0,0,0
58,cn3347,volume_payload_exchange,communication,0.00539032000006,1,6405363259,152937120,2.3876416343,16066847475,27915345759,0.575556097843,258,0,0,0,0,0,10,0,7,7,3417600,3435000
58,cn3347,volume_exchange_unpack,compute,0.205901261,1,6519616797,155989721,2.39262100607,16385841286,28319421586,0.578607908224,6818,0,0,0,0,0,0,0,0,0,0,0
58,cn3347,final_mesh_save,io,0,0,0,0,0,0,0,0,0,0,0,0,0,0,0,0,0,0,0,0
58,cn3347,testout_io,io,0,0,0,0,0,0,0,0,0,0,0,0,0,0,0,0,0,0,0,0
58,cn3347,final_count_exchange,communication,0,0,0,0,0,0,0,0,0,0,0,0,0,0,0,0,0,0,0,0
58,cn3347,quality_surface_compute,postprocess,0,0,0,0,0,0,0,0,0,0,0,0,0,0,0,0,0,0,0,0
58,cn3347,quality_reduce_pre_collective_wait,synchronization,0,0,0,0,0,0,0,0,0,0,0,0,0,0,0,0,0,0,0,0
58,cn3347,quality_reduce,communication,0,0,0,0,0,0,0,0,0,0,0,0,0,0,0,0,0,0,0,0
58,cn3347,quality_summary_io,io,0,0,0,0,0,0,0,0,0,0,0,0,0,0,0,0,0,0,0,0
58,cn3347,quality_volume_compute,postprocess,0,0,0,0,0,0,0,0,0,0,0,0,0,0,0,0,0,0,0,0
58,cn3347,quality_rank_io,io,0,0,0,0,0,0,0,0,0,0,0,0,0,0,0,0,0,0,0,0
59,cn3347,geometry_load,io,2.004306787,1,1406065062,26658694,1.89597869405,3317152332,3858457600,0.85970941653,6006,0,1035186,0,49152,0,345,12,0,0,0,0
59,cn3347,coarse_local_size,setup,0.666323209,1,267167923,6717765,2.51443546237,631896292,916369224,0.689565161564,8429,0,0,0,0,0,229,92,0,0,0,0
59,cn3347,coarse_edge_mesh,setup,0.0136418329998,1,6322829,162927,2.57680541416,12809892,26690272,0.479946101711,516,0,0,0,0,0,0,1,0,0,0,0
59,cn3347,coarse_surface_mesh,setup,9.020013301,1,5676929647,167684395,2.95378673732,15312269121,19404769775,0.789098211344,15838,0,0,0,0,0,0,50,0,0,0,0
59,cn3347,coarse_volume_mesh,setup,15.430171328,1,5319954715,125245770,2.354263837,13432381617,22935696925,0.585653955096,30904,0,0,0,0,0,89800,2748485,0,0,0,0
59,cn3347,coarse_mesh_save,io,0,0,0,0,0,0,0,0,0,0,0,0,0,0,0,0,0,0,0,0
59,cn3347,submesh_initialization,setup,0.00046486500014,1,4083888541,105960417,2.59459620252,10018869585,17789740585,0.563182444237,1,0,0,0,0,0,5,0,0,0,0,0
59,cn3347,metis_partition,compute,0.183924656,1,4196396281,111972091,2.66829163649,10280079888,18190161242,0.565145066678,542,0,0,0,0,0,0,0,0,0,0,0
59,cn3347,face_map_setup,compute,0.00788040799989,1,4086927579,106025565,2.59426091974,10026758192,17806023359,0.563110470533,217,0,0,0,0,0,0,1,0,0,0,0
59,cn3347,face_local_extract,compute,0.179474566,1,4145296787,108277042,2.612045592,10182068733,18180400358,0.560057453769,669,0,0,0,0,0,0,0,0,0,0,0
59,cn3347,face_pre_collective_wait,synchronization,0.00711966000017,1,4092055264,106022624,2.59093822444,10035011796,17805081303,0.563603817653,0,0,0,0,0,0,0,0,0,0,0,0
59,cn3347,face_collective_setup,compute,0.000106981000044,1,4083808572,105956999,2.59456331343,10018723751,17789588108,0.563179073634,16,0,0,0,0,0,0,0,0,0,0,0
59,cn3347,face_allgatherv,communication,0.0818554550001,1,4225096909,106618085,2.52344709,10293796068,17953257734,0.573366473122,831,0,0,0,0,0,3,0,1,1,75808,4859624
59,cn3347,face_global_merge,compute,0.0891179959999,1,4101979673,106820712,2.60412582498,10063135243,17980707779,0.559662910197,508,0,0,0,0,0,0,1,0,0,0,0
59,cn3347,part_face_create,compute,0.0232130999998,1,4088333640,106137492,2.59610641758,10029203100,17838768675,0.562213865919,452,0,0,0,0,0,0,0,0,0,0,0
59,cn3347,surface_refine,compute,0.0203176069999,1,4089967300,106209419,2.59682807244,10031187683,17832349495,0.562527539392,722,0,0,0,0,0,0,0,0,0,0,0
59,cn3347,refined_surface_save,io,0,0,0,0,0,0,0,0,0,0,0,0,0,0,0,0,0,0,0,0
59,cn3347,local_volume_mesh,compute,14.181321909,1,8645394301,209032802,2.41785157186,22346626143,39211017173,0.569906820943,5278,0,0,0,0,0,60305,2692619,0,0,0,0
59,cn3347,volume_refine,compute,1.029055442,1,7511409183,171576155,2.28420727483,18748450238,32538665631,0.576189892069,5616,0,0,0,0,0,0,2,0,0,0,0
59,cn3347,refined_volume_save,io,0,0,0,0,0,0,0,0,0,0,0,0,0,0,0,0,0,0,0,0
59,cn3347,adjacency_build,compute,0.00428860800002,1,7170603059,158655120,2.21257708305,18104530921,30468904070,0.594196984552,0,0,0,0,0,0,0,0,0,0,0,0
59,cn3347,vertex_numbering_local,compute,0.0165399450002,1,7177284390,158787792,2.21236589456,18120580169,30495710469,0.594200951226,1,0,0,0,0,0,0,0,0,0,0,0
59,cn3347,vertex_count_pre_collective_wait,synchronization,2.769123251,1,10380323877,185251634,1.78464213829,24456617131,36544925928,0.669220596566,29,0,0,0,0,0,0,6,0,0,0,0
59,cn3347,vertex_count_allgather,communication,0.0125556199996,1,7183871234,158740485,2.2096788741,18130582634,30486344635,0.594711594685,21,0,0,0,0,0,3,0,1,1,4,256
59,cn3347,element_count_pre_collective_wait,synchronization,0.000625847000265,1,7170397692,158626119,2.21223599881,18103915425,30460847627,0.594333934718,0,0,0,0,0,0,0,0,0,0,0,0
59,cn3347,element_count_allgather,communication,0.000206842000352,1,7169884207,158622046,2.21233762527,18102900159,30459885494,0.594319376629,3,0,0,0,0,0,0,0,1,1,4,256
59,cn3347,vertex_exchange_prepare,compute,4.82999998894e-05,1,7169718416,158620441,2.21236639707,18102586853,30459583654,0.594314980094,0,0,0,0,0,0,0,0,0,0,0,0
59,cn3347,vertex_exchange,communication,0.00337265799999,1,7174232317,158638181,2.21122168882,18111517752,30465054468,0.594501407211,54,0,0,0,0,0,1,0,3,5,55792,202774
59,cn3347,vertex_exchange_unpack,compute,0.00318849500036,1,7170854646,158641171,2.212304932,18105306530,30466483247,0.59426965637,0,0,0,0,0,0,0,0,0,0,0,0
59,cn3347,partition_result_io,io,0,0,0,0,0,0,0,0,0,0,0,0,0,0,0,0,0,0,0,0
59,cn3347,volume_exchange_pack,compute,0.312616074,2,14519074933,319815867,2.20272895123,36712604024,61595777509,0.596024687222,1139,0,0,0,0,0,0,2,0,0,0,0
59,cn3347,volume_size_exchange,communication,8.55409998621e-05,1,7169721809,158620516,2.21236639615,18102579119,30459549540,0.594315391803,4,0,0,0,0,0,0,0,6,6,24,24
59,cn3347,volume_payload_prepare,compute,0.000482246000047,1,7169718707,158620401,2.21236574937,18102683748,30460236909,0.594305415355,34,0,0,0,0,0,0,0,0,0,0,0
59,cn3347,volume_payload_exchange,communication,0.005509222,1,7171493067,158648703,2.21221301503,18106204755,30464852667,0.59433094763,246,0,0,0,0,0,7,0,6,6,2759040,2749440
59,cn3347,volume_exchange_unpack,compute,0.23706087,1,7318268461,164019155,2.24122899937,18518999428,30921543311,0.598902818069,9331,0,0,0,0,0,0,0,0,0,0,0
59,cn3347,final_mesh_save,io,0,0,0,0,0,0,0,0,0,0,0,0,0,0,0,0,0,0,0,0
59,cn3347,testout_io,io,0,0,0,0,0,0,0,0,0,0,0,0,0,0,0,0,0,0,0,0
59,cn3347,final_count_exchange,communication,0,0,0,0,0,0,0,0,0,0,0,0,0,0,0,0,0,0,0,0
59,cn3347,quality_surface_compute,postprocess,0,0,0,0,0,0,0,0,0,0,0,0,0,0,0,0,0,0,0,0
59,cn3347,quality_reduce_pre_collective_wait,synchronization,0,0,0,0,0,0,0,0,0,0,0,0,0,0,0,0,0,0,0,0
59,cn3347,quality_reduce,communication,0,0,0,0,0,0,0,0,0,0,0,0,0,0,0,0,0,0,0,0
59,cn3347,quality_summary_io,io,0,0,0,0,0,0,0,0,0,0,0,0,0,0,0,0,0,0,0,0
59,cn3347,quality_volume_compute,postprocess,0,0,0,0,0,0,0,0,0,0,0,0,0,0,0,0,0,0,0,0
59,cn3347,quality_rank_io,io,0,0,0,0,0,0,0,0,0,0,0,0,0,0,0,0,0,0,0,0
60,cn3347,geometry_load,io,1.998309,1,1409150513,22458526,1.59376346194,3316147638,3826965919,0.866521340453,5955,0,1035185,0,188416,0,323,20,0,0,0,0
60,cn3347,coarse_local_size,setup,0.68254625,1,268589696,6483772,2.41400623202,632062125,910441833,0.694236690462,8424,0,0,0,0,0,287,113,0,0,0,0
60,cn3347,coarse_edge_mesh,setup,0.0133462090002,1,6319151,166419,2.63356580655,12803722,25972593,0.492970493936,517,0,0,0,0,0,0,0,0,0,0,0
60,cn3347,coarse_surface_mesh,setup,8.673455727,1,5677629543,163712950,2.883473618,15311577692,18868540998,0.811487104044,15805,0,0,0,0,0,0,10,0,0,0,0
60,cn3347,coarse_volume_mesh,setup,15.077325964,1,5316146001,127479013,2.39795921662,13417125473,22466386606,0.597208875121,30476,0,0,0,0,0,86662,2789150,0,0,0,0
60,cn3347,coarse_mesh_save,io,0,0,0,0,0,0,0,0,0,0,0,0,0,0,0,0,0,0,0,0
60,cn3347,submesh_initialization,setup,0.000201481999738,1,4208362196,107536690,2.55530976165,10311810752,17792340318,0.579564608573,54,0,0,0,0,0,0,0,0,0,0,0
60,cn3347,metis_partition,compute,0.18251648,1,4322144066,113630730,2.62903615115,10573102501,18186190662,0.581380823368,2081,0,0,0,0,0,0,0,0,0,0,0
60,cn3347,face_map_setup,compute,0.00804355000037,1,4211381696,107618073,2.55541009503,10319694894,17808400371,0.579484663362,573,0,0,0,0,0,0,0,0,0,0,0
60,cn3347,face_local_extract,compute,0.173248696,1,4269506018,109712186,2.56966931391,10475010268,18168843105,0.576536998391,805,0,0,0,0,0,0,0,0,0,0,0
60,cn3347,face_pre_collective_wait,synchronization,0.0146671040002,1,4224000952,107794072,2.55194241727,10342768598,17824207034,0.580265286319,7,0,0,0,0,0,0,0,0,0,0,0
60,cn3347,face_collective_setup,compute,0.00011294099977,1,4208278895,107532957,2.55527163677,10311664902,17792183847,0.579561508057,16,0,0,0,0,0,0,0,0,0,0,0
60,cn3347,face_allgatherv,communication,0.0817961939997,1,4343724921,108854290,2.50601251184,10575639470,17955553692,0.588989883097,904,0,0,0,0,0,7,0,1,1,75808,4859624
60,cn3347,face_global_merge,compute,0.0839077579999,1,4226463982,108435115,2.56562259756,10356079798,17973916194,0.576172698605,616,0,0,0,0,0,0,1,0,0,0,0
60,cn3347,part_face_create,compute,0.0195773790001,1,4212719312,107708479,2.55674473002,10321974788,17834590112,0.578761537169,20,0,0,0,0,0,0,0,0,0,0,0
60,cn3347,surface_refine,compute,0.0119284540001,1,4212241310,107707748,2.55701751332,10319739615,17817706333,0.579184515792,48,0,0,0,0,0,0,0,0,0,0,0
60,cn3347,refined_surface_save,io,0,0,0,0,0,0,0,0,0,0,0,0,0,0,0,0,0,0,0,0
60,cn3347,local_volume_mesh,compute,10.808873414,1,7628153347,177857385,2.3315916305,19172159815,32000912570,0.599112908829,4239,0,0,0,0,0,77299,2396976,0,0,0,0
60,cn3347,volume_refine,compute,0.846497442,1,7572148211,184295463,2.43385969034,18833608482,32179771344,0.585262346356,6905,0,0,0,0,0,0,19,0,0,0,0
60,cn3347,refined_volume_save,io,0,0,0,0,0,0,0,0,0,0,0,0,0,0,0,0,0,0,0,0
60,cn3347,adjacency_build,compute,0.00364814100021,1,7295866037,173660322,2.38025645097,18305943487,30493568904,0.60032144957,5,0,0,0,0,0,0,1,0,0,0,0
60,cn3347,vertex_numbering_local,compute,0.00696937800012,1,7297280036,173699891,2.38033747017,18309367514,30500974981,0.600287942448,7,0,0,0,0,0,0,0,0,0,0,0
60,cn3347,vertex_count_pre_collective_wait,synchronization,6.354331404,1,14172364973,268306230,1.89316483531,31803613709,44446353426,0.715550574063,68,0,0,0,0,0,0,142,0,0,0,0
60,cn3347,vertex_count_allgather,communication,0.012368018,1,7307705631,173839588,2.3788531829,18329242831,30512340486,0.600715728097,52,0,0,0,0,0,0,0,1,1,4,256
60,cn3347,element_count_pre_collective_wait,synchronization,0.000898529999631,1,7296107424,173641315,2.37991719295,18306286970,30487681680,0.600448638967,2,0,0,0,0,0,0,0,0,0,0,0
60,cn3347,element_count_allgather,communication,5.63809999221e-05,1,7295230227,173629314,2.38003885549,18304565232,30485836100,0.600428512833,0,0,0,0,0,0,0,0,1,1,4,256
60,cn3347,vertex_exchange_prepare,compute,5.16599998264e-05,1,7295198025,173628630,2.38003998528,18304502311,30485754904,0.600428048072,8,0,0,0,0,0,0,0,0,0,0,0
60,cn3347,vertex_exchange,communication,0.00383244300019,1,7296187387,173631131,2.37975153036,18306459571,30487335320,0.600461121933,25,0,0,0,0,0,1,0,1,0,39270,0
60,cn3347,vertex_exchange_unpack,compute,3.95999995817e-06,1,7295198064,173628612,2.38003972581,18304502741,30485722191,0.600428706472,0,0,0,0,0,0,0,0,0,0,0,0
60,cn3347,partition_result_io,io,0,0,0,0,0,0,0,0,0,0,0,0,0,0,0,0,0,0,0,0
60,cn3347,volume_exchange_pack,compute,0.160797097,2,14706565565,348732844,2.37127317359,36937905325,61319314082,0.602386146649,1718,0,0,0,0,0,0,0,0,0,0,0
60,cn3347,volume_size_exchange,communication,0.140590632,1,7440759498,176034791,2.36581750892,18590325627,30794638242,0.603687092568,3,0,0,0,0,0,0,1,1,1,4,4
60,cn3347,volume_payload_prepare,compute,3.1300000046e-05,1,7295198312,173628628,2.38003986423,18304528347,30485780674,0.60042839456,0,0,0,0,0,0,0,0,0,0,0,0
60,cn3347,volume_payload_exchange,communication,0.0195934590001,1,7314605166,173959315,2.37824613977,18342685543,30527990406,0.60084811673,13,0,0,0,0,0,1,0,1,1,403560,400800
60,cn3347,volume_exchange_unpack,compute,0.163572329,1,7411031194,176342279,2.37945670965,18631832542,30796878838,0.604990935608,8143,0,0,0,0,0,0,0,0,0,0,0
60,cn3347,final_mesh_save,io,0,0,0,0,0,0,0,0,0,0,0,0,0,0,0,0,0,0,0,0
60,cn3347,testout_io,io,0,0,0,0,0,0,0,0,0,0,0,0,0,0,0,0,0,0,0,0
60,cn3347,final_count_exchange,communication,0,0,0,0,0,0,0,0,0,0,0,0,0,0,0,0,0,0,0,0
60,cn3347,quality_surface_compute,postprocess,0,0,0,0,0,0,0,0,0,0,0,0,0,0,0,0,0,0,0,0
60,cn3347,quality_reduce_pre_collective_wait,synchronization,0,0,0,0,0,0,0,0,0,0,0,0,0,0,0,0,0,0,0,0
60,cn3347,quality_reduce,communication,0,0,0,0,0,0,0,0,0,0,0,0,0,0,0,0,0,0,0,0
60,cn3347,quality_summary_io,io,0,0,0,0,0,0,0,0,0,0,0,0,0,0,0,0,0,0,0,0
60,cn3347,quality_volume_compute,postprocess,0,0,0,0,0,0,0,0,0,0,0,0,0,0,0,0,0,0,0,0
60,cn3347,quality_rank_io,io,0,0,0,0,0,0,0,0,0,0,0,0,0,0,0,0,0,0,0,0
61,cn3347,geometry_load,io,1.999758656,1,1399365438,24217246,1.73058768942,3316969380,3788713083,0.875487086864,6002,0,1035185,0,319488,0,334,9,0,0,0,0
61,cn3347,coarse_local_size,setup,0.562867092,1,266671264,6374564,2.39042028915,632388590,900858397,0.701984454056,8619,0,0,0,0,0,176,64,0,0,0,0
61,cn3347,coarse_edge_mesh,setup,0.014020996,1,6293830,172197,2.73596522308,12802553,27418699,0.466927807187,507,0,0,0,0,0,0,0,0,0,0,0
61,cn3347,coarse_surface_mesh,setup,8.691754712,1,5673120516,165567113,2.91844871853,15312111792,18915413289,0.809504479657,15737,0,0,0,0,0,0,16,0,0,0,0
61,cn3347,coarse_volume_mesh,setup,15.084874488,1,5340948863,127435615,2.38601076829,13485937615,22512359478,0.599045943104,29945,0,0,0,0,0,87837,2783734,0,0,0,0
61,cn3347,coarse_mesh_save,io,0,0,0,0,0,0,0,0,0,0,0,0,0,0,0,0,0,0,0,0
61,cn3347,submesh_initialization,setup,0.000351584000327,1,4274382486,100115397,2.34221895977,10688985270,17256525399,0.619417004458,59,0,0,0,0,0,1,0,0,0,0,0
61,cn3347,metis_partition,compute,0.184189459,1,4387698304,106181103,2.41997274296,10950241547,17654822223,0.620240827616,1576,0,0,0,0,0,0,0,0,0,0,0
61,cn3347,face_map_setup,compute,0.0083788740003,1,4277449562,100210787,2.34276957676,10696873607,17273177809,0.6192765295,573,0,0,0,0,0,0,1,0,0,0,0
61,cn3347,face_local_extract,compute,0.164245676,1,4335472282,102263662,2.35876636611,10852184488,17612800835,0.616153250676,934,0,0,0,0,0,0,0,0,0,0,0
61,cn3347,face_pre_collective_wait,synchronization,0.0214871200001,1,4298155415,100111162,2.32916570794,10735892965,17303396049,0.620450051227,7,0,0,0,0,0,0,0,0,0,0,0
61,cn3347,face_collective_setup,compute,0.000149622000208,1,4274295013,100111772,2.34218208372,10688839459,17256401265,0.619413010561,15,0,0,0,0,0,0,0,0,0,0,0
61,cn3347,face_allgatherv,communication,0.0817232140002,1,4414330510,100581569,2.27852374833,10961813889,17419586899,0.629280932582,1035,0,0,0,0,0,3,0,1,1,75808,4859624
61,cn3347,face_global_merge,compute,0.0831519099997,1,4292507678,100990315,2.35271134208,10733251924,17436783958,0.61555226869,541,0,0,0,0,0,0,1,0,0,0,0
61,cn3347,part_face_create,compute,0.020208806,1,4278843512,100292619,2.34391883505,10699360804,17300056971,0.618458125423,33,0,0,0,0,0,0,0,0,0,0,0
61,cn3347,surface_refine,compute,0.0197971819998,1,4280774354,100411155,2.34563064288,10702129523,17299358520,0.618643142786,9,0,0,0,0,0,0,0,0,0,0,0
61,cn3347,refined_surface_save,io,0,0,0,0,0,0,0,0,0,0,0,0,0,0,0,0,0,0,0,0
61,cn3347,local_volume_mesh,compute,15.040979918,1,9274525621,217143961,2.34129452948,24104239569,39861521215,0.60469944032,7377,0,0,0,0,0,72418,2823150,0,0,0,0
61,cn3347,volume_refine,compute,0.99668326,1,7032979745,154248256,2.19321342578,17815973562,29355146473,0.606911417675,14532,0,0,0,0,0,0,2,0,0,0,0
61,cn3347,refined_volume_save,io,0,0,0,0,0,0,0,0,0,0,0,0,0,0,0,0,0,0,0,0
61,cn3347,adjacency_build,compute,0.00425334700003,1,6691844705,139906187,2.09069685815,17154385982,27380103573,0.626527432092,174,0,0,0,0,0,0,0,0,0,0,0
61,cn3347,vertex_numbering_local,compute,0.0186181479999,1,6697971121,140091108,2.0915454168,17169233364,27408353314,0.626423381489,601,0,0,0,0,0,0,0,0,0,0,0
61,cn3347,vertex_count_pre_collective_wait,synchronization,1.951896557,1,8896919009,139871233,1.57213112605,21505568242,31662739931,0.679207430843,30,0,0,0,0,0,0,4,0,0,0,0
61,cn3347,vertex_count_allgather,communication,0.0125459800001,1,6704707039,139870719,2.08615705632,17179549896,27398438841,0.627026597964,23,0,0,0,0,0,0,0,1,1,4,256
61,cn3347,element_count_pre_collective_wait,synchronization,0.000623247000021,1,6691596779,139868425,2.09020999949,17153707098,27372582517,0.626674778945,0,0,0,0,0,0,0,0,0,0,0,0
61,cn3347,element_count_allgather,communication,0.000179742,1,6690943934,139868773,2.09041914534,17152416774,27371353755,0.626655770392,39,0,0,0,0,0,0,0,1,1,4,256
61,cn3347,vertex_exchange_prepare,compute,0.000196341999981,1,6690937440,139868398,2.09041556963,17152416750,27371300734,0.626656983411,44,0,0,0,0,0,0,0,0,0,0,0
61,cn3347,vertex_exchange,communication,0.00563788299996,1,6695302131,139886289,2.08932003759,17161129840,27376858867,0.626848022389,62,0,0,0,0,0,1,0,4,6,54142,175384
61,cn3347,vertex_exchange_unpack,compute,0.00268692999998,1,6691928123,139886565,2.09037757772,17154794167,27377122184,0.626610571108,0,0,0,0,0,0,0,0,0,0,0,0
61,cn3347,partition_result_io,io,0,0,0,0,0,0,0,0,0,0,0,0,0,0,0,0,0,0,0,0
61,cn3347,volume_exchange_pack,compute,0.296321052,2,13550047156,282310869,2.0834677972,34779194760,55383539507,0.627969881838,971,0,0,0,0,0,0,2,0,0,0,0
61,cn3347,volume_size_exchange,communication,0.016730887,1,6709279927,139945148,2.08584452464,17188655403,27407683034,0.627147336084,7,0,0,0,0,0,0,0,8,8,32,32
61,cn3347,volume_payload_prepare,compute,0.000349403999735,1,6690938464,139868406,2.09041536927,17152492649,27371456728,0.626656184925,103,0,0,0,0,0,0,0,0,0,0,0
61,cn3347,volume_payload_exchange,communication,0.00523305800016,1,6692547929,139890879,2.09024844475,17155762891,27375987098,0.62667193806,350,0,0,0,0,0,9,0,8,8,2421000,2411880
61,cn3347,volume_exchange_unpack,compute,0.236138119,1,6839074561,143045270,2.09158810485,17567778386,27829835197,0.631257003918,9501,0,0,0,0,0,0,0,0,0,0,0
61,cn3347,final_mesh_save,io,0,0,0,0,0,0,0,0,0,0,0,0,0,0,0,0,0,0,0,0
61,cn3347,testout_io,io,0,0,0,0,0,0,0,0,0,0,0,0,0,0,0,0,0,0,0,0
61,cn3347,final_count_exchange,communication,0,0,0,0,0,0,0,0,0,0,0,0,0,0,0,0,0,0,0,0
61,cn3347,quality_surface_compute,postprocess,0,0,0,0,0,0,0,0,0,0,0,0,0,0,0,0,0,0,0,0
61,cn3347,quality_reduce_pre_collective_wait,synchronization,0,0,0,0,0,0,0,0,0,0,0,0,0,0,0,0,0,0,0,0
61,cn3347,quality_reduce,communication,0,0,0,0,0,0,0,0,0,0,0,0,0,0,0,0,0,0,0,0
61,cn3347,quality_summary_io,io,0,0,0,0,0,0,0,0,0,0,0,0,0,0,0,0,0,0,0,0
61,cn3347,quality_volume_compute,postprocess,0,0,0,0,0,0,0,0,0,0,0,0,0,0,0,0,0,0,0,0
61,cn3347,quality_rank_io,io,0,0,0,0,0,0,0,0,0,0,0,0,0,0,0,0,0,0,0,0
62,cn3347,geometry_load,io,1.997206667,1,1399893925,25847730,1.84640632682,3317011930,3785765745,0.876179920636,5955,0,1035185,0,24576,0,353,10,0,0,0,0
62,cn3347,coarse_local_size,setup,0.549657204,1,267120774,6171251,2.31028493501,631721314,902825636,0.699715746663,7885,0,0,0,0,0,198,84,0,0,0,0
62,cn3347,coarse_edge_mesh,setup,0.013591892,1,6304185,174889,2.7741730295,12806405,26696888,0.479696547403,491,0,0,0,0,0,0,0,0,0,0,0
62,cn3347,coarse_surface_mesh,setup,8.749417277,1,5676789651,162688522,2.86585432968,15314448983,19033164528,0.804619166743,15764,0,0,0,0,0,0,10,0,0,0,0
62,cn3347,coarse_volume_mesh,setup,15.140521031,1,5308315523,126553689,2.38406493457,13411625854,22487180643,0.596412065475,28877,0,0,0,0,0,84752,2817502,0,0,0,0
62,cn3347,coarse_mesh_save,io,0,0,0,0,0,0,0,0,0,0,0,0,0,0,0,0,0,0,0,0
62,cn3347,submesh_initialization,setup,0.000193001999833,1,4132742870,110274135,2.66830379892,10203568723,17929732623,0.569086496578,57,0,0,0,0,0,0,0,0,0,0,0
62,cn3347,metis_partition,compute,0.183915796,1,4246570481,116373371,2.74040832528,10464910817,18326766541,0.571017849416,1815,0,0,0,0,0,0,0,0,0,0,0
62,cn3347,face_map_setup,compute,0.00802767000005,1,4135772488,110336521,2.66785760871,10211463324,17945789458,0.569017225344,588,0,0,0,0,0,0,0,0,0,0,0
62,cn3347,face_local_extract,compute,0.172964453,1,4193789238,112457447,2.68152357255,10366767648,18304976189,0.566336035675,938,0,0,0,0,0,0,1,0,0,0,0
62,cn3347,face_pre_collective_wait,synchronization,0.0136506920003,1,4148534605,110269848,2.6580433454,10234719806,17959437417,0.569879755605,3,0,0,0,0,0,0,0,0,0,0,0
62,cn3347,face_collective_setup,compute,0.000114581999696,1,4132662146,110270538,2.66826888103,10203422710,17929588028,0.569082942345,16,0,0,0,0,0,0,0,0,0,0,0
62,cn3347,face_allgatherv,communication,0.0815444119999,1,4273560517,110723402,2.59089350811,10477966246,18092598873,0.579129970191,829,0,0,0,0,0,7,1,1,1,75808,4859624
62,cn3347,face_global_merge,compute,0.0859296599997,1,4150957710,111126680,2.67713351385,10247834377,18115543147,0.565692913199,658,0,0,0,0,0,0,0,0,0,0,0
62,cn3347,part_face_create,compute,0.0207983529999,1,4137166989,110448472,2.66966434504,10213944970,17974671052,0.568240995368,33,0,0,0,0,0,0,0,0,0,0,0
62,cn3347,surface_refine,compute,0.0203797680001,1,4139042085,110527476,2.67036366701,10216415979,17973579713,0.568412978501,54,0,0,0,0,0,0,0,0,0,0,0
62,cn3347,refined_surface_save,io,0,0,0,0,0,0,0,0,0,0,0,0,0,0,0,0,0,0,0,0
62,cn3347,local_volume_mesh,compute,12.849203859,1,8256152080,205953552,2.49454649096,21279291019,37055706068,0.57425139815,7906,0,0,0,0,0,66591,2375745,0,0,0,0
62,cn3347,volume_refine,compute,0.98592406,1,6290658055,150711129,2.39579274032,15801399995,27667631297,0.571115026992,8374,0,0,0,0,0,0,2,0,0,0,0
62,cn3347,refined_volume_save,io,0,0,0,0,0,0,0,0,0,0,0,0,0,0,0,0,0,0,0,0
62,cn3347,adjacency_build,compute,0.004272528,1,5979627479,138338060,2.31348960259,15201957116,25703169982,0.59144288921,8,0,0,0,0,0,0,0,0,0,0,0
62,cn3347,vertex_numbering_local,compute,0.0178556590004,1,5987171584,138473933,2.31284390396,15220032788,25732341696,0.591474843907,109,0,0,0,0,0,0,0,0,0,0,0
62,cn3347,vertex_count_pre_collective_wait,synchronization,4.151566543,1,10774236502,138311290,1.28372242408,24670485530,34821067302,0.708493088854,30,0,0,0,0,0,0,3,0,0,0,0
62,cn3347,vertex_count_allgather,communication,0.0124044179997,1,5992702394,138305008,2.30789047923,15227578371,25720232631,0.592046681283,60,0,0,0,0,0,1,0,1,1,4,256
62,cn3347,element_count_pre_collective_wait,synchronization,0.000819128999865,1,5979599537,138302257,2.31290166079,15201698612,25695673451,0.591605378275,1,0,0,0,0,0,0,0,0,0,0,0
62,cn3347,element_count_allgather,communication,5.41009999324e-05,1,5978732772,138302239,2.31323667195,15199987384,25694007561,0.591577135171,0,0,0,0,0,0,0,0,1,1,4,256
62,cn3347,vertex_exchange_prepare,compute,0.000337703999776,1,5978703548,138302142,2.31324635667,15199942425,25694030160,0.59157486507,46,0,0,0,0,0,0,0,0,0,0,0
62,cn3347,vertex_exchange,communication,0.00651503299969,1,5984297643,138320158,2.31138499874,15211083691,25700800080,0.591852535472,134,0,0,0,0,0,1,0,1,8,41888,253286
62,cn3347,vertex_exchange_unpack,compute,0.00384494299988,1,5980133907,138330198,2.31316221595,15203389086,25702241641,0.591519965393,0,0,0,0,0,0,0,0,0,0,0,0
62,cn3347,partition_result_io,io,0,0,0,0,0,0,0,0,0,0,0,0,0,0,0,0,0,0,0,0
62,cn3347,volume_exchange_pack,compute,0.295864546,2,12123594068,279130049,2.30237046403,30867034398,52026206437,0.593297811083,1299,0,0,0,0,0,0,1,0,0,0,0
62,cn3347,volume_size_exchange,communication,0.011589149,1,5991915615,138302396,2.30814992878,15226065462,25719235474,0.592010811417,5,0,0,0,0,0,0,0,8,8,32,32
62,cn3347,volume_payload_prepare,compute,0.000324223999996,1,5978704107,138302165,2.31324652508,15200051445,25694223151,0.591574664689,68,0,0,0,0,0,0,0,0,0,0,0
62,cn3347,volume_payload_exchange,communication,0.00781262800001,1,5983225374,138318791,2.3117763807,15209008809,25704429457,0.591688247134,329,0,0,0,0,0,5,0,8,8,3145440,3137400
62,cn3347,volume_exchange_unpack,compute,0.230068812,1,6115999161,141120161,2.30739340025,15582951070,26145099251,0.596018049899,8439,0,0,0,0,0,0,0,0,0,0,0
62,cn3347,final_mesh_save,io,0,0,0,0,0,0,0,0,0,0,0,0,0,0,0,0,0,0,0,0
62,cn3347,testout_io,io,0,0,0,0,0,0,0,0,0,0,0,0,0,0,0,0,0,0,0,0
62,cn3347,final_count_exchange,communication,0,0,0,0,0,0,0,0,0,0,0,0,0,0,0,0,0,0,0,0
62,cn3347,quality_surface_compute,postprocess,0,0,0,0,0,0,0,0,0,0,0,0,0,0,0,0,0,0,0,0
62,cn3347,quality_reduce_pre_collective_wait,synchronization,0,0,0,0,0,0,0,0,0,0,0,0,0,0,0,0,0,0,0,0
62,cn3347,quality_reduce,communication,0,0,0,0,0,0,0,0,0,0,0,0,0,0,0,0,0,0,0,0
62,cn3347,quality_summary_io,io,0,0,0,0,0,0,0,0,0,0,0,0,0,0,0,0,0,0,0,0
62,cn3347,quality_volume_compute,postprocess,0,0,0,0,0,0,0,0,0,0,0,0,0,0,0,0,0,0,0,0
62,cn3347,quality_rank_io,io,0,0,0,0,0,0,0,0,0,0,0,0,0,0,0,0,0,0,0,0
63,cn3347,geometry_load,io,1.99660066,1,1404418861,27367839,1.94869492001,3314787345,3838053834,0.863663587945,5957,0,1035185,0,8192,0,324,26,0,0,0,0
63,cn3347,coarse_local_size,setup,0.551965951,1,267753476,6343286,2.36907699379,632100383,906850808,0.697027975742,7813,0,0,0,0,0,171,59,0,0,0,0
63,cn3347,coarse_edge_mesh,setup,0.0140609169998,1,6286101,161587,2.57054412584,12805543,27195789,0.470864919565,509,0,0,0,0,0,0,1,0,0,0,0
63,cn3347,coarse_surface_mesh,setup,8.733780382,1,5676134033,166347505,2.93064793807,15314735926,19010265181,0.805603487389,12615,0,0,0,0,0,0,13,0,0,0,0
63,cn3347,coarse_volume_mesh,setup,15.061293325,1,5354500781,127948168,2.38954429616,13535065905,22728793032,0.595503064591,20622,0,0,0,0,0,86775,2744345,0,0,0,0
63,cn3347,coarse_mesh_save,io,0,0,0,0,0,0,0,0,0,0,0,0,0,0,0,0,0,0,0,0
63,cn3347,submesh_initialization,setup,0.000155721999818,1,4009253106,103720527,2.58702866239,9969844901,17127865908,0.58208331117,3,0,0,0,0,0,0,0,0,0,0,0
63,cn3347,metis_partition,compute,0.181387328,1,4123211219,109778856,2.66246015955,10231086097,17523001130,0.583866086699,288,0,0,0,0,0,0,0,0,0,0,0
63,cn3347,face_map_setup,compute,0.00800602899972,1,4012296930,103785970,2.58669714158,9977734690,17144526946,0.581977835926,211,0,0,0,0,0,0,0,0,0,0,0
63,cn3347,face_local_extract,compute,0.17004124,1,4070437867,105862164,2.60075617069,10133116408,17497818393,0.579107416731,651,0,0,0,0,0,0,1,0,0,0,0
63,cn3347,face_pre_collective_wait,synchronization,0.019156114,1,4031393215,103716383,2.57271810187,10012082068,17169648273,0.583126800783,0,0,0,0,0,0,0,0,0,0,0,0
63,cn3347,face_collective_setup,compute,0.000133602000005,1,4009170441,103717098,2.58699647536,9969699005,17127759807,0.582078398888,16,0,0,0,0,0,0,0,0,0,0,0
63,cn3347,face_allgatherv,communication,0.081280849,1,4148449248,104155700,2.51071409516,10239289293,17288208589,0.592270115223,1227,0,0,0,0,0,3,1,1,1,83720,4859624
63,cn3347,face_global_merge,compute,0.0846779269996,1,4027372655,104557830,2.59617966741,10014110755,17312052185,0.57844735263,225,0,0,0,0,0,0,0,0,0,0,0
63,cn3347,part_face_create,compute,0.0204182480002,1,4013691799,103904389,2.58874856873,9980050936,17172105460,0.581178059921,3,0,0,0,0,0,0,0,0,0,0,0
63,cn3347,surface_refine,compute,0.0139530359997,1,4013611128,103893610,2.58853203977,9978845132,17157826057,0.581591461462,42,0,0,0,0,0,0,0,0,0,0,0
63,cn3347,refined_surface_save,io,0,0,0,0,0,0,0,0,0,0,0,0,0,0,0,0,0,0,0,0
63,cn3347,local_volume_mesh,compute,12.668180216,1,7913246564,186820720,2.36086059608,20405810713,34601325399,0.589740724602,4699,0,0,0,0,0,67054,2839477,0,0,0,0
63,cn3347,volume_refine,compute,0.816987272,1,7591381462,189236571,2.49278174134,19375553171,33935510810,0.570952159214,6168,0,0,0,0,0,0,7,0,0,0,0
63,cn3347,refined_volume_save,io,0,0,0,0,0,0,0,0,0,0,0,0,0,0,0,0,0,0,0,0
63,cn3347,adjacency_build,compute,0.00389850300007,1,7347319618,179791420,2.44703414779,18905461048,32316511973,0.585009330951,5,0,0,0,0,0,0,0,0,0,0,0
63,cn3347,vertex_numbering_local,compute,0.00881145799985,1,7349043174,179829178,2.44697403107,18909546112,32327224100,0.5849418451,7,0,0,0,0,0,0,0,0,0,0,0
63,cn3347,vertex_count_pre_collective_wait,synchronization,4.518739108,1,12605115623,179767428,1.42614660092,29281154364,42239747673,0.693213287889,30,0,0,0,0,0,0,4,0,0,0,0
63,cn3347,vertex_count_allgather,communication,0.01247018,1,7361035594,179760536,2.44205497589,18932361197,32335177360,0.585503551943,22,0,0,0,0,0,0,0,1,1,4,256
63,cn3347,element_count_pre_collective_wait,synchronization,0.000809209000181,1,7347492648,179759526,2.44654244124,18905671750,32309730902,0.585138632301,1,0,0,0,0,0,0,0,0,0,0,0
63,cn3347,element_count_allgather,communication,0.000203762000183,1,7346762927,179759777,2.44678886179,18904219711,32308387913,0.585118012137,3,0,0,0,0,0,0,0,1,1,4,256
63,cn3347,vertex_exchange_prepare,compute,2.48200003625e-05,1,7346595313,179759323,2.44683850602,18903902556,32308034443,0.585114597094,0,0,0,0,0,0,0,0,0,0,0,0
63,cn3347,vertex_exchange,communication,0.00498659499999,1,7348741097,179763452,2.44618023179,18908155122,32311754984,0.585178834494,19,0,0,0,0,0,2,0,0,2,0,51238
63,cn3347,vertex_exchange_unpack,compute,0.000829409000289,1,7346880771,179764603,2.44681530303,18904582190,32309797535,0.585103703281,0,0,0,0,0,0,0,0,0,0,0,0
63,cn3347,partition_result_io,io,0,0,0,0,0,0,0,0,0,0,0,0,0,0,0,0,0,0,0,0
63,cn3347,volume_exchange_pack,compute,0.153604317,2,14792318691,360848544,2.43943192097,38090100049,64952691755,0.586428353003,12,0,0,0,0,0,0,0,0,0,0,0
63,cn3347,volume_size_exchange,communication,0.147294126,1,7517681862,179760112,2.39116412878,19241798216,32631505419,0.58966933854,4,0,0,0,0,0,0,1,2,2,8,8
63,cn3347,volume_payload_prepare,compute,4.3259999984e-05,1,7346595456,179759320,2.44683841756,18903932014,32308064694,0.585114961018,0,0,0,0,0,0,0,0,0,0,0,0
63,cn3347,volume_payload_exchange,communication,0.0190783329999,1,7367351198,179771019,2.44010383337,18944961808,32348569790,0.585650677325,11,0,0,0,0,0,2,0,2,2,522480,523560
63,cn3347,volume_exchange_unpack,compute,0.135804018,1,7442915313,181654189,2.44063221682,19176072719,32567188384,0.58881572744,6502,0,0,0,0,0,0,0,0,0,0,0
63,cn3347,final_mesh_save,io,0,0,0,0,0,0,0,0,0,0,0,0,0,0,0,0,0,0,0,0
63,cn3347,testout_io,io,0,0,0,0,0,0,0,0,0,0,0,0,0,0,0,0,0,0,0,0
63,cn3347,final_count_exchange,communication,0,0,0,0,0,0,0,0,0,0,0,0,0,0,0,0,0,0,0,0
63,cn3347,quality_surface_compute,postprocess,0,0,0,0,0,0,0,0,0,0,0,0,0,0,0,0,0,0,0,0
63,cn3347,quality_reduce_pre_collective_wait,synchronization,0,0,0,0,0,0,0,0,0,0,0,0,0,0,0,0,0,0,0,0
63,cn3347,quality_reduce,communication,0,0,0,0,0,0,0,0,0,0,0,0,0,0,0,0,0,0,0,0
63,cn3347,quality_summary_io,io,0,0,0,0,0,0,0,0,0,0,0,0,0,0,0,0,0,0,0,0
63,cn3347,quality_volume_compute,postprocess,0,0,0,0,0,0,0,0,0,0,0,0,0,0,0,0,0,0,0,0
63,cn3347,quality_rank_io,io,0,0,0,0,0,0,0,0,0,0,0,0,0,0,0,0,0,0,0,0
