mesh_partition_v1 1024 26411 17 cell_order_v1
118
853
568
294
395
652
101
262
650
259
650
840
652
280
211
452
101
942
326
958
395
101
128
285
84
294
285
557
479
101
1003
293
1010
779
292
625
777
778
783
873
882
99
467
312
873
477
873
522
1010
1010
873
432
294
432
382
432
568
575
520
882
880
136
880
575
575
216
292
124
432
869
20
1006
995
265
978
1011
190
481
577
910
20
836
978
982
1011
136
22
22
968
714
265
343
351
323
395
265
322
754
136
411
136
265
641
915
699
130
927
350
323
1011
786
132
792
202
915
672
520
783
543
158
903
783
784
543
543
543
959
294
369
117
132
779
1022
52
779
869
830
130
215
779
252
29
779
519
548
330
971
457
842
842
330
475
405
842
1020
842
540
934
105
329
859
990
564
904
969
329
1013
1012
1012
556
938
249
904
209
683
896
209
209
1000
209
417
66
417
745
899
187
187
249
187
184
701
688
716
392
130
182
362
131
392
561
958
867
392
249
361
392
238
353
455
912
883
455
315
876
681
622
506
397
1
652
310
654
311
959
539
468
546
539
217
452
481
31
1013
487
654
652
453
652
494
324
763
215
212
850
873
324
228
392
324
586
477
209
152
226
703
587
21
226
485
316
227
57
968
827
111
554
509
57
395
243
554
396
396
423
391
231
243
503
265
798
9
19
960
534
11
450
525
222
243
349
508
201
331
356
331
6
356
18
644
135
18
417
18
380
688
242
699
201
797
108
18
681
938
695
688
645
793
371
421
886
858
982
287
421
177
423
524
407
52
616
764
379
407
407
200
407
156
250
686
256
698
163
524
250
696
253
253
259
614
524
748
659
663
648
248
431
477
656
662
431
108
103
934
567
108
250
678
378
889
785
567
524
567
250
567
881
874
880
569
368
82
327
880
166
594
599
494
880
744
325
286
166
190
579
215
190
606
325
510
703
696
576
887
829
698
372
578
177
38
1000
879
327
912
510
436
1011
206
799
137
329
928
334
510
510
777
708
454
119
932
371
206
206
368
637
86
368
206
866
381
88
866
376
922
452
866
334
866
923
883
922
334
922
839
999
370
25
25
278
489
700
720
489
892
650
489
518
523
65
276
1017
943
89
958
85
85
84
56
14
25
334
374
521
1005
489
374
470
678
678
751
710
374
1018
518
367
436
1015
716
374
379
210
371
932
678
424
924
667
701
556
1000
558
496
70
202
91
559
991
677
1005
194
50
678
31
215
371
371
379
486
298
495
1021
830
178
704
176
595
497
1006
789
879
47
558
471
719
556
139
766
827
766
739
379
720
269
436
269
269
169
168
269
937
43
171
904
711
43
245
672
473
676
473
402
579
414
752
467
467
584
711
724
724
293
317
724
312
355
848
855
312
224
711
496
878
681
224
724
1015
484
711
7
481
966
878
483
737
94
1000
501
509
511
475
488
319
488
963
722
941
772
1000
996
932
582
1014
921
587
584
730
154
756
582
772
772
473
154
693
842
587
610
587
959
143
489
582
933
697
1016
933
41
50
700
323
263
455
143
827
975
110
342
361
380
263
701
304
270
349
933
701
516
160
311
933
176
84
582
1000
279
933
516
967
475
885
529
284
528
537
885
432
640
273
717
571
533
516
909
668
273
912
740
412
395
475
884
884
410
612
249
249
873
873
889
87
273
413
522
720
722
516
1000
722
873
894
666
329
1007
663
657
373
273
122
127
287
286
100
835
996
278
126
994
152
61
169
996
32
997
127
113
117
996
348
878
16
244
1010
959
709
878
320
214
709
894
941
783
894
780
64
605
594
963
307
885
896
104
963
613
507
963
613
1020
878
296
952
176
367
806
177
972
679
759
963
972
960
407
1014
767
767
164
115
973
584
844
18
414
833
767
784
766
39
457
787
212
1010
1011
787
24
894
833
250
861
825
112
844
787
355
6
403
6
4
809
941
258
847
259
855
391
846
81
6
435
259
833
476
104
1010
91
635
12
839
666
495
5
367
795
835
112
835
483
69
353
225
84
759
112
355
72
56
56
945
101
385
251
720
133
290
341
476
888
591
263
853
427
36
853
591
482
501
835
835
564
759
211
750
567
862
43
466
862
829
848
769
859
456
119
951
795
280
759
250
306
373
946
833
759
833
833
833
635
921
171
300
922
980
920
509
920
889
920
300
173
435
344
300
173
274
361
840
300
771
361
493
361
886
847
301
278
974
1012
771
344
771
582
661
254
847
461
583
985
362
969
227
569
585
582
273
583
524
188
989
49
47
653
427
120
597
909
982
192
697
192
116
345
718
673
700
95
345
284
333
252
597
816
224
597
252
1010
597
915
780
252
261
87
87
185
915
162
353
119
363
518
95
481
47
144
146
51
154
279
355
364
229
795
488
873
835
581
173
16
19
24
28
18
701
54
573
18
549
112
484
950
117
705
809
162
25
158
192
29
25
753
482
785
759
759
138
759
212
488
382
366
725
240
1020
712
951
578
721
725
785
455
506
721
642
162
304
291
162
440
808
664
668
118
695
506
437
664
401
793
664
665
412
496
915
961
20
168
176
30
621
4
960
45
247
531
247
914
946
914
523
250
875
3
944
915
944
960
961
118
532
33
943
369
605
333
858
190
190
600
857
912
499
857
257
385
385
71
1
118
118
368
648
816
860
298
531
454
648
217
868
804
349
908
312
312
1007
832
217
323
217
897
326
537
217
576
557
633
657
576
576
369
345
670
330
577
263
621
326
114
114
708
454
101
320
320
658
302
966
454
454
368
347
101
290
260
383
641
383
260
289
289
694
581
290
968
994
346
1001
260
258
971
348
887
790
648
648
1006
260
933
1006
146
890
936
338
383
342
85
342
391
342
342
342
382
326
1011
194
772
102
118
121
773
973
1010
771
447
773
772
596
574
603
524
191
815
598
860
190
1010
257
827
1010
849
949
848
786
296
365
848
849
838
616
796
447
838
838
309
831
1003
715
308
1008
769
769
546
309
312
208
922
455
179
588
1008
1013
212
24
919
583
529
518
917
190
919
70
713
191
30
1001
0
771
654
266
27
72
719
529
270
258
523
23
882
525
529
909
548
838
286
30
497
29
332
270
395
473
111
489
991
196
261
969
969
959
909
733
197
527
396
266
111
399
841
912
24
399
191
166
590
544
354
825
256
368
94
399
144
48
642
941
499
354
105
826
388
354
412
825
938
354
216
65
938
544
822
544
885
941
594
977
203
324
856
498
839
921
832
324
335
627
65
587
677
566
22
829
256
327
605
48
775
256
226
98
775
275
19
548
140
160
627
218
260
260
775
151
151
98
174
493
939
464
98
448
773
45
224
775
65
380
65
431
1019
1016
431
825
381
942
247
169
239
554
426
685
554
461
359
238
238
552
292
292
292
685
292
717
151
444
170
306
1015
172
562
444
565
1015
719
260
656
692
146
898
635
650
327
461
935
957
631
1014
624
444
686
625
444
628
557
635
431
630
744
873
527
628
686
474
628
137
91
110
411
38
773
581
755
109
678
597
952
44
150
169
109
431
152
691
16
773
110
153
545
782
349
477
280
335
452
782
545
773
527
545
782
700
953
162
773
566
228
249
231
908
885
561
782
920
455
320
339
339
925
545
162
782
108
782
883
38
711
614
38
613
614
982
54
115
228
983
658
948
162
162
983
629
926
88
71
386
108
988
992
975
911
264
983
796
298
873
719
945
71
958
385
255
228
706
478
237
683
310
385
237
983
292
172
256
840
386
237
632
30
32
284
495
492
632
237
445
197
493
695
596
632
493
492
233
997
632
271
492
958
495
966
214
613
357
347
745
491
357
454
255
744
971
358
745
358
108
255
595
583
566
44
648
28
119
11
583
113
32
583
255
999
1000
1001
1001
255
1000
873
583
631
205
618
205
207
62
69
207
622
873
422
264
618
760
989
990
832
834
228
315
7
946
7
418
873
255
65
332
510
255
203
561
332
567
568
196
3
898
834
332
348
282
428
260
368
381
925
990
260
423
255
422
594
594
594
990
594
255
587
695
934
958
954
214
214
591
812
811
634
619
74
812
589
956
416
77
421
332
69
214
333
214
917
524
969
473
906
993
519
862
867
271
792
687
792
168
519
679
917
802
918
625
825
257
598
60
513
675
817
924
519
736
999
79
1022
906
149
999
906
323
767
817
985
980
843
817
516
308
394
656
856
1020
308
857
906
761
157
927
914
925
764
782
687
915
625
162
782
1019
926
927
847
157
43
961
652
318
980
779
157
149
779
1021
743
869
660
779
318
849
793
289
11
379
890
761
1003
864
906
586
897
54
660
761
761
0
6
7
857
6
257
379
1004
649
214
545
257
59
184
66
857
379
857
153
144
439
697
699
228
145
903
20
156
379
633
164
901
629
555
681
108
1
396
634
457
12
363
321
0
75
903
903
133
133
329
132
916
106
59
857
402
133
46
626
0
1
855
829
672
710
784
192
329
672
672
810
372
337
820
457
647
29
820
193
193
56
672
795
680
70
289
248
600
193
193
4
638
695
977
758
410
70
924
781
4
5
325
269
101
963
93
652
638
331
494
101
145
809
735
735
809
278
690
296
710
1003
892
892
237
23
264
642
500
149
590
590
642
233
613
339
638
341
590
209
638
524
264
62
461
462
198
526
692
475
237
967
710
726
877
462
739
151
614
751
708
744
462
526
526
526
111
501
809
526
378
526
526
526
151
365
501
264
710
410
990
686
685
384
392
396
444
415
501
118
150
708
878
655
151
86
29
11
711
230
710
163
443
374
257
212
259
443
310
790
955
76
930
443
402
65
824
27
443
1010
1010
804
929
957
392
957
957
79
780
799
27
1021
353
957
970
934
27
731
149
341
1010
159
953
710
341
421
420
763
418
607
156
881
680
842
49
603
680
385
989
445
761
681
651
984
49
920
591
49
223
243
243
341
136
776
242
297
293
831
456
341
149
507
293
49
456
688
371
332
323
594
340
688
688
371
261
341
750
106
768
228
837
839
707
709
720
753
769
242
931
754
242
285
577
987
1003
98
987
979
862
394
862
687
72
320
241
830
830
687
519
668
223
649
535
196
212
196
345
303
281
300
359
324
322
573
330
330
537
724
196
537
645
931
406
821
826
937
687
410
537
406
382
775
537
554
794
644
555
957
206
721
382
626
644
125
761
511
644
576
763
537
510
761
368
761
278
287
1003
643
831
506
507
954
1009
382
643
406
382
225
978
978
899
890
836
186
579
406
522
527
578
632
576
874
524
579
237
219
899
525
635
237
239
812
759
634
625
634
819
244
376
43
125
571
714
579
227
244
114
348
759
245
322
325
125
352
879
187
245
879
896
622
812
812
896
622
372
618
30
359
822
626
854
914
629
802
625
812
822
280
822
946
832
1001
839
946
547
927
988
962
801
1001
1003
893
809
504
804
812
87
946
870
595
839
595
812
269
39
106
106
832
106
1017
105
490
211
214
105
7
851
271
590
11
22
600
517
909
775
799
271
198
902
184
60
896
109
102
39
70
52
595
851
65
964
401
72
199
203
271
430
271
851
301
851
631
615
430
597
817
846
522
938
50
790
595
50
790
692
831
163
256
956
279
248
50
511
369
654
508
262
299
50
944
1010
791
260
315
459
303
459
683
780
692
788
258
781
459
680
586
211
790
50
995
981
992
27
796
897
332
248
183
27
558
182
548
546
386
544
692
790
908
318
29
962
918
282
635
282
27
633
415
1017
1004
271
890
954
527
630
8
920
184
29
0
465
264
826
0
18
893
837
366
750
182
354
692
1004
1004
780
1004
183
414
251
780
923
894
344
251
937
780
789
235
789
320
567
269
320
515
751
593
512
513
975
992
562
894
780
191
798
58
119
954
992
531
239
457
535
51
645
599
61
238
623
238
39
740
890
751
975
154
894
954
681
664
648
320
429
452
464
26
51
776
830
560
48
682
404
769
954
943
422
705
48
503
689
831
695
681
203
694
693
678
422
11
511
978
101
954
239
511
927
903
13
39
898
784
511
511
774
801
875
422
874
504
874
830
27
471
471
927
773
156
990
596
559
133
745
875
876
978
978
778
237
877
106
169
211
571
193
214
811
671
554
773
219
683
209
422
178
207
195
87
599
212
220
614
237
186
572
671
152
265
920
179
238
38
670
111
125
990
59
443
332
358
86
519
586
864
698
790
14
904
86
877
310
495
110
799
589
133
356
51
992
23
356
646
411
689
992
689
684
968
968
399
695
148
621
750
691
664
595
387
666
716
360
353
665
362
190
665
308
177
190
733
190
665
716
641
664
683
308
308
1002
501
501
177
177
664
813
603
675
679
625
500
668
577
977
670
413
514
553
11
750
526
794
672
662
96
592
599
208
696
28
31
794
785
469
920
407
500
429
333
59
568
85
621
785
60
738
57
527
524
216
513
527
556
631
629
631
71
826
216
22
785
556
957
397
928
957
1011
883
891
624
631
928
1016
151
928
380
66
47
557
633
489
695
609
638
820
373
304
807
968
393
304
996
579
830
860
838
886
682
1016
347
346
831
768
341
305
347
94
558
1000
347
333
309
175
94
86
486
174
486
82
95
335
347
335
335
525
595
204
369
799
210
216
486
714
821
283
803
789
810
453
947
799
486
947
356
333
320
299
373
947
371
866
852
706
834
69
816
739
260
782
817
805
947
502
188
109
44
378
513
486
87
486
495
495
44
513
44
224
224
116
127
66
115
11
51
155
436
115
674
423
114
155
871
262
114
1016
51
577
1018
51
41
770
613
1012
462
839
1013
389
307
1018
211
1013
839
701
318
237
187
299
18
5
462
1002
999
1017
464
626
839
187
210
1002
219
210
523
275
275
621
275
218
580
462
672
462
304
769
5
446
106
106
210
57
986
353
106
16
806
188
930
106
955
311
986
731
320
275
947
17
723
153
7
419
5
2
5
714
715
401
702
1017
155
158
1011
1016
986
738
421
957
717
928
1016
1017
185
608
608
217
217
986
331
928
610
714
613
947
331
782
429
222
455
225
429
422
147
429
947
158
331
169
218
149
111
568
600
28
568
569
569
71
455
980
78
1007
931
331
429
975
830
406
171
550
47
793
312
981
550
546
29
171
171
820
550
1002
127
126
126
102
367
171
852
608
127
531
481
725
481
545
481
654
542
481
608
547
976
976
976
854
854
185
920
172
777
499
413
376
1002
265
109
411
119
324
283
777
324
132
132
684
778
776
777
486
463
750
185
684
230
855
28
60
140
68
369
69
836
859
121
826
792
251
1002
123
475
316
85
68
122
140
21
323
208
596
524
232
229
275
210
587
214
849
275
511
683
654
112
871
498
104
960
511
121
323
327
362
979
723
91
728
510
197
208
389
1011
935
389
261
1009
388
294
291
301
132
389
523
323
487
315
529
297
323
336
208
693
989
567
232
893
893
521
164
164
132
565
389
498
507
634
634
367
197
197
363
595
197
595
763
367
601
751
890
14
835
352
565
636
355
910
109
112
845
376
115
163
253
135
382
406
508
855
496
589
404
412
855
266
962
910
962
266
910
533
636
859
910
62
760
972
528
377
376
304
378
134
129
776
289
134
132
376
910
260
183
372
277
372
928
528
589
760
765
671
432
201
529
846
921
671
731
710
105
876
710
710
104
105
863
105
863
863
352
174
16
169
16
167
126
71
246
876
863
991
416
529
126
128
496
160
876
181
752
644
274
509
417
453
876
775
53
248
709
509
976
962
528
509
528
680
400
191
119
683
119
235
139
119
1000
119
991
339
745
694
683
517
1003
917
53
604
604
238
382
190
351
531
141
140
475
63
530
917
270
140
913
652
344
864
313
500
993
962
993
314
869
869
883
880
840
998
883
882
344
287
308
344
82
1020
339
1
864
23
466
479
344
332
662
339
273
724
820
273
725
551
273
374
273
253
711
318
1002
315
53
727
727
304
179
444
523
287
278
444
362
444
304
304
239
129
670
525
444
662
1002
541
598
658
527
211
866
563
531
621
658
94
211
239
1021
129
510
93
435
129
134
239
91
1021
746
944
953
953
826
953
953
603
599
304
570
997
599
1021
249
212
1021
569
211
594
758
705
623
26
594
594
239
594
746
775
753
27
746
27
232
26
240
648
247
101
239
239
315
530
458
623
278
470
319
276
277
623
319
785
735
623
319
12
862
319
684
319
319
280
963
348
381
540
332
336
684
496
684
776
684
289
797
541
289
1007
352
367
452
886
281
305
359
298
992
152
886
1004
1007
1001
1004
315
26
315
1022
993
26
881
880
948
806
881
886
884
156
25
708
912
992
303
912
464
349
452
349
314
973
486
350
25
110
422
446
862
127
447
901
133
130
138
127
252
193
901
409
750
127
252
750
351
127
749
399
839
901
933
749
571
187
700
417
910
788
917
772
925
750
901
776
701
1008
397
56
445
446
191
446
42
3
117
446
994
1016
994
442
306
862
597
427
595
391
444
862
570
144
683
1008
152
619
432
748
91
1008
684
854
570
263
676
679
679
854
444
924
87
442
901
315
576
570
570
600
204
854
72
854
549
340
180
375
67
77
774
549
509
973
144
603
968
549
603
397
705
968
787
733
840
787
655
605
599
624
549
562
143
214
601
224
984
105
105
502
969
502
26
26
942
716
942
158
273
70
503
984
993
971
273
273
740
277
156
101
161
205
25
770
984
115
370
936
273
930
78
55
136
277
415
984
591
920
412
910
277
922
412
60
389
392
529
136
529
579
815
750
926
729
807
966
485
732
924
923
136
700
649
923
923
923
627
487
487
487
181
345
180
188
99
971
966
344
716
970
524
708
527
415
718
627
222
718
617
610
136
244
281
460
730
177
761
383
648
383
620
620
907
460
956
225
639
914
460
837
836
460
964
276
460
334
334
672
985
526
520
836
34
675
582
334
35
31
334
975
282
282
904
836
158
975
45
675
1019
282
115
282
970
290
1001
224
975
918
164
55
515
32
1023
888
878
886
1018
891
972
32
999
545
680
32
173
32
1011
630
903
554
871
366
911
233
367
515
428
55
630
218
461
165
626
460
228
153
282
336
136
336
630
99
342
185
235
184
282
877
430
157
18
989
388
233
946
946
431
47
563
118
122
283
122
388
946
136
443
283
816
833
830
800
981
740
800
874
489
604
489
65
604
136
108
393
416
987
489
417
436
658
489
270
270
247
270
608
428
270
670
658
134
663
663
663
181
180
65
783
805
325
544
796
776
151
534
663
649
544
167
544
544
146
165
132
30
321
704
401
263
299
292
297
639
707
800
262
670
493
460
408
424
707
835
384
704
460
800
813
714
714
155
812
87
516
431
17
499
408
406
900
587
321
499
900
587
815
121
566
214
900
900
211
548
156
431
587
10
10
331
236
184
236
423
908
56
717
146
985
986
816
898
144
74
864
77
870
232
153
564
499
629
622
153
211
608
211
380
966
290
30
208
1003
208
208
853
912
856
676
234
499
426
671
426
23
423
948
77
140
458
788
948
86
169
676
81
527
43
852
46
676
852
74
744
394
81
676
676
611
977
612
325
747
198
616
325
619
610
523
325
379
431
637
623
141
492
933
292
794
365
331
843
853
794
636
919
492
843
731
520
802
64
636
799
69
808
822
731
824
368
794
627
36
127
60
102
504
658
977
437
933
688
865
688
977
762
583
998
688
688
906
103
447
932
742
1019
670
658
742
413
889
496
387
6
742
742
742
742
95
867
867
445
86
71
642
661
518
977
669
867
445
868
841
752
850
3
659
35
659
659
659
233
532
575
216
57
153
636
463
850
850
217
57
196
221
57
57
545
763
779
47
23
700
1
700
701
144
850
115
544
633
335
977
952
192
690
785
366
6
629
700
14
60
15
864
871
402
15
169
627
780
11
35
917
918
401
872
400
130
39
1007
86
144
1014
821
146
918
308
175
400
11
463
2
308
140
401
366
685
1007
791
534
706
175
852
970
388
970
970
1019
970
532
534
243
608
1007
608
534
765
1007
430
175
6
965
411
960
411
969
411
1005
975
411
1012
296
166
429
791
469
958
740
40
1000
40
958
970
965
850
74
982
913
520
520
351
309
40
394
108
709
308
709
709
301
732
704
891
841
843
431
74
650
550
703
708
430
463
497
458
867
340
369
582
534
240
128
616
922
848
848
166
78
738
118
715
340
333
270
476
848
312
347
346
369
682
165
751
147
502
131
337
168
848
470
751
965
369
715
470
850
881
470
549
470
995
587
587
473
473
981
162
879
448
11
366
478
173
984
608
597
680
549
27
601
585
430
421
590
430
585
868
421
66
476
331
683
717
461
580
329
358
677
683
964
242
247
1018
243
742
469
937
308
178
549
308
469
585
431
352
598
136
598
71
137
366
544
115
549
581
281
380
380
538
380
951
598
508
768
321
490
768
286
331
301
260
352
768
951
890
504
996
306
768
363
324
768
373
677
775
858
858
213
201
213
213
213
352
744
395
329
464
504
16
776
448
677
380
240
56
775
874
686
240
931
125
677
107
240
355
431
520
740
357
311
440
430
705
191
240
972
843
714
851
727
348
191
191
286
167
759
758
405
447
286
384
348
286
835
799
431
713
850
712
690
384
694
646
388
691
439
107
286
744
330
418
525
518
321
518
969
255
1021
321
935
1019
525
969
166
452
628
726
107
43
948
948
522
43
666
527
527
639
645
496
152
152
467
152
452
666
498
152
107
758
191
793
631
631
930
631
807
416
984
631
831
629
920
948
86
662
913
948
955
56
56
962
690
291
317
302
953
307
977
14
860
456
458
459
227
859
687
822
459
4
458
13
459
6
848
666
514
978
770
978
513
482
486
666
187
940
720
110
606
978
352
376
1015
111
533
310
2
332
110
247
36
769
95
769
129
606
215
731
860
978
731
728
705
606
214
834
827
332
626
546
332
521
671
757
714
692
606
298
332
924
811
827
245
838
69
813
119
811
456
293
521
723
885
850
101
429
729
878
293
813
417
689
680
805
655
883
218
560
137
187
142
823
260
838
689
947
478
824
846
845
924
53
722
652
794
785
828
958
689
693
778
789
53
824
52
863
778
261
293
57
294
79
52
637
476
906
931
328
328
315
637
548
689
647
287
653
578
677
827
51
47
548
599
548
318
157
574
25
689
242
823
918
823
159
611
9
60
328
632
285
615
293
823
318
749
621
549
637
560
893
488
776
940
562
757
752
823
328
4
780
781
597
359
54
319
780
40
319
597
64
11
308
783
788
279
67
540
488
120
540
494
597
43
939
799
339
793
473
820
467
308
236
197
841
56
488
469
64
179
619
696
68
656
696
499
498
462
67
499
855
289
144
1020
897
128
952
946
144
331
115
944
144
453
128
122
935
144
179
772
1006
128
126
242
179
128
955
280
597
971
606
179
410
989
536
717
392
137
250
514
208
515
211
159
93
718
66
971
415
602
410
467
988
551
66
91
123
88
48
512
723
537
432
939
668
668
723
668
669
734
293
2
180
633
155
589
164
536
12
830
830
208
88
734
477
155
467
625
66
66
432
837
388
429
385
370
469
792
781
950
815
77
883
432
439
530
235
258
356
353
594
581
596
274
356
234
134
370
166
718
258
222
180
316
184
159
688
489
448
455
321
542
693
316
803
693
478
370
224
272
647
807
586
38
531
370
208
47
468
633
468
992
489
967
802
986
819
757
192
857
818
217
142
976
652
142
976
330
554
628
976
635
690
691
521
635
688
330
807
688
425
139
688
108
73
688
924
1005
932
330
883
289
629
238
668
974
924
671
143
851
192
861
434
914
535
517
488
669
524
140
565
140
193
182
486
566
973
486
495
492
566
628
961
844
193
104
12
140
168
521
163
104
142
559
185
220
527
364
247
527
935
51
178
960
170
105
105
277
418
1005
364
1016
655
83
116
101
866
317
166
716
363
867
363
1016
1015
1015
955
864
704
171
364
557
364
383
358
325
325
488
143
430
181
646
327
830
829
829
43
868
472
128
473
828
829
828
828
830
287
181
336
287
277
541
466
917
124
938
339
277
339
586
1
509
88
999
748
408
411
645
640
748
410
337
981
450
232
413
521
562
406
844
131
591
603
307
525
749
177
51
515
426
514
702
152
389
419
177
480
386
455
232
459
224
319
692
497
586
702
703
128
128
379
550
641
379
196
128
545
232
434
131
131
379
972
232
494
490
128
488
846
128
486
736
494
708
655
722
174
1003
1003
489
722
396
387
60
864
741
971
736
432
1002
432
722
489
16
880
850
866
935
730
893
207
905
798
925
866
1010
16
968
998
1008
168
1008
730
28
169
497
416
169
169
446
169
95
16
432
527
92
1008
524
517
75
168
432
95
590
709
350
283
263
325
283
349
223
751
350
586
283
329
316
283
522
522
527
616
522
863
527
527
350
344
207
349
578
397
722
792
880
876
730
709
825
532
532
344
984
99
111
847
400
83
491
476
645
36
298
170
307
345
616
281
256
69
415
351
517
34
102
44
623
488
412
75
11
480
517
882
784
535
57
512
749
757
997
589
535
576
538
642
258
349
397
820
518
827
896
900
917
349
511
533
522
997
513
392
1002
133
415
687
687
242
674
627
340
620
61
523
59
117
52
549
36
534
670
687
340
36
549
765
207
687
349
932
15
573
36
805
36
15
815
776
13
340
699
12
546
352
765
575
916
845
896
589
914
827
827
941
139
868
900
82
586
822
919
69
15
503
876
133
915
69
61
678
261
876
15
845
612
876
615
896
845
896
364
304
118
112
291
112
845
799
794
883
613
538
67
121
67
990
34
14
521
2
631
1001
67
1003
186
265
187
2
816
492
788
601
338
470
733
1001
186
709
833
2
732
470
696
693
677
402
313
292
990
319
300
88
693
731
434
870
770
627
129
943
72
943
434
235
467
470
990
158
145
990
661
143
244
296
833
585
499
855
278
277
277
420
265
278
320
267
605
470
819
471
421
505
367
819
421
100
587
454
979
199
261
261
859
819
818
878
95
982
533
337
95
84
849
335
60
261
91
103
71
84
84
296
600
261
859
928
342
342
659
747
659
662
928
928
687
851
861
662
492
746
940
928
95
430
930
296
95
623
982
306
280
307
586
305
584
656
921
921
769
367
656
921
586
387
915
550
623
915
915
676
378
914
927
366
915
561
620
367
352
352
520
537
366
299
508
961
537
462
961
468
265
677
853
438
607
604
448
620
228
972
436
286
464
551
441
874
716
214
543
755
374
979
251
430
148
167
972
44
537
967
38
382
543
574
439
988
81
382
480
407
972
382
384
802
498
804
865
574
574
612
801
602
581
498
865
149
155
266
574
498
80
4
4
92
92
498
802
560
823
786
580
867
92
97
120
1022
252
119
45
638
11
670
252
357
10
92
7
657
70
18
151
843
251
888
735
842
833
657
676
251
1022
707
86
86
767
877
4
1022
930
156
770
657
5
877
251
207
206
1022
203
495
337
657
825
993
1003
1007
1016
85
993
969
12
585
84
105
476
428
428
87
758
357
422
422
759
421
428
207
428
454
454
203
852
646
312
646
601
439
878
304
601
601
669
669
424
601
669
829
909
857
878
853
441
441
94
675
70
953
433
944
457
953
441
239
955
230
765
777
876
507
1023
256
1001
421
617
648
585
909
741
592
592
219
524
909
829
300
163
856
107
488
190
811
440
856
100
376
453
100
163
689
453
405
410
726
689
224
413
219
210
857
220
577
345
689
460
525
230
765
536
222
911
345
35
598
163
1009
163
300
158
689
734
723
786
505
806
618
728
329
329
728
422
422
589
423
236
260
423
81
460
816
505
291
618
81
618
81
806
588
618
978
967
804
80
247
961
618
804
880
881
691
880
881
192
881
247
797
728
474
465
247
347
249
829
848
35
322
521
345
345
345
797
600
204
728
345
97
199
797
797
817
573
102
212
114
580
515
876
162
386
558
552
515
935
396
903
515
264
97
397
102
515
580
36
90
618
168
618
627
281
523
264
518
794
746
793
534
520
476
561
391
619
185
611
90
580
584
345
90
619
570
90
300
615
673
618
673
769
72
80
810
946
817
350
80
372
80
371
383
381
771
810
810
943
362
810
80
296
918
918
356
72
845
580
519
813
391
509
559
508
264
371
354
371
227
922
290
522
660
660
660
354
176
922
529
257
153
892
153
152
942
152
936
178
502
783
787
371
426
736
404
874
540
967
616
137
540
521
516
137
685
371
523
189
523
172
561
650
173
189
189
954
824
444
955
189
244
828
296
637
685
687
630
137
26
511
406
797
521
828
490
855
828
825
359
358
522
880
193
194
359
710
835
183
425
183
597
183
257
404
960
652
91
229
555
91
828
18
452
24
582
24
960
683
736
18
221
744
90
265
518
525
265
265
265
362
244
826
673
675
517
642
642
438
563
630
405
922
632
427
90
478
251
173
933
76
474
931
79
427
736
364
266
27
799
643
361
1022
318
882
996
851
644
968
968
1007
883
931
889
843
889
874
247
736
162
247
409
293
697
521
581
764
293
494
657
413
798
858
157
798
26
558
147
755
165
933
161
661
667
22
28
328
302
178
667
944
123
402
102
111
111
765
323
289
331
303
341
355
293
341
519
503
22
503
945
59
62
25
351
491
963
507
715
420
437
205
1001
293
1005
963
922
163
886
892
963
303
169
303
667
765
930
670
667
660
660
608
614
202
660
663
764
215
663
264
660
800
755
163
738
229
658
800
918
372
800
340
162
370
822
370
821
83
370
67
150
504
67
370
147
149
178
19
11
21
83
1
23
480
395
178
395
293
285
823
715
459
463
493
640
530
666
67
178
823
352
178
567
560
995
746
345
748
93
480
715
725
784
715
312
345
582
316
893
67
316
991
825
316
295
295
295
215
366
560
560
216
169
214
385
295
345
93
345
905
560
548
784
610
215
989
282
784
784
784
488
760
745
686
760
892
487
369
845
494
622
932
764
905
229
905
623
988
905
244
985
709
902
406
171
803
874
228
619
622
879
616
432
491
170
444
970
522
522
802
803
803
528
577
970
573
472
574
78
474
380
364
970
367
783
879
413
382
519
568
970
879
259
879
574
888
78
275
990
574
865
284
977
912
393
104
259
259
925
925
354
824
675
259
925
638
912
874
760
749
950
263
749
742
743
950
422
481
824
749
874
709
824
499
681
195
545
652
641
499
223
499
499
950
140
219
216
819
147
160
405
195
819
195
950
290
221
819
138
279
192
5
71
187
302
303
187
56
266
94
874
633
658
664
414
762
187
414
151
563
391
588
23
302
939
556
819
558
122
5
187
797
797
796
776
450
137
814
378
123
450
76
93
61
157
82
86
494
470
450
496
450
694
694
291
694
773
773
694
773
803
30
821
373
821
442
459
770
770
372
228
6
688
412
373
703
50
442
442
177
272
158
10
831
273
175
781
1008
221
221
221
175
763
648
145
273
625
175
760
703
531
50
589
537
648
628
767
628
175
602
442
34
35
35
663
175
35
37
688
361
195
781
662
740
458
908
1011
741
990
168
104
98
195
741
746
748
748
1017
374
891
195
195
732
262
123
131
693
547
123
795
371
795
773
795
130
44
138
682
123
130
47
21
185
685
682
762
448
175
453
763
182
182
182
283
123
291
760
470
215
0
215
110
379
628
764
604
375
49
297
131
770
231
794
862
571
315
962
628
300
1004
320
300
909
92
383
268
267
739
102
987
115
27
651
215
909
31
258
31
651
212
764
715
423
571
731
758
520
228
728
836
206
503
229
186
353
214
857
334
766
704
721
718
383
968
243
847
261
936
656
956
907
261
862
381
261
152
261
261
261
403
424
436
402
879
403
403
376
279
999
286
314
1007
932
563
692
792
766
589
403
535
528
403
932
496
383
878
115
497
771
241
282
257
160
134
472
287
960
407
571
578
122
752
767
24
610
994
276
180
383
991
945
406
259
571
179
620
466
365
348
184
468
126
178
251
251
505
179
752
110
259
654
756
179
126
150
453
503
150
244
453
133
131
453
453
150
129
150
739
739
736
763
691
982
956
943
83
927
99
982
134
616
97
32
112
738
246
577
144
44
83
923
576
83
328
691
126
577
841
911
328
328
328
836
577
739
622
96
723
26
858
922
97
886
139
156
99
977
982
156
947
159
173
976
521
628
911
520
148
641
533
873
83
973
762
757
159
151
179
385
179
151
641
609
157
179
723
416
634
633
982
641
609
505
1020
1021
483
964
179
123
965
453
337
611
123
106
93
851
855
762
267
740
863
320
852
484
973
499
471
791
791
707
710
707
791
843
125
152
842
311
125
82
125
125
136
136
255
92
468
740
136
593
357
856
857
523
227
486
123
592
123
63
36
116
127
298
507
498
506
54
127
302
900
469
255
62
227
228
417
469
282
282
961
900
417
922
844
1017
179
789
789
570
621
762
469
900
845
202
179
213
221
306
790
790
386
592
444
210
469
407
432
17
900
502
778
277
366
226
46
775
266
775
775
618
224
230
266
464
229
465
729
738
738
735
732
738
351
738
453
453
266
548
298
573
617
427
424
431
427
41
945
945
465
267
450
334
617
20
449
12
21
731
36
725
576
299
536
519
23
213
617
546
447
353
700
23
747
23
131
536
259
895
210
815
894
894
393
334
894
895
542
393
584
536
675
267
892
960
393
983
787
983
786
40
949
61
536
957
171
319
474
929
393
908
870
515
563
741
446
908
439
255
433
433
448
478
512
168
937
439
512
499
43
942
40
785
153
746
142
43
816
143
942
298
150
614
198
795
446
660
730
446
694
446
538
404
117
101
198
911
779
60
68
68
120
118
297
532
46
634
33
702
402
8
37
493
580
63
157
580
595
457
532
559
408
602
56
338
605
206
457
59
157
218
338
156
218
301
144
448
144
163
228
163
162
172
231
227
245
628
821
930
338
385
385
198
915
36
503
156
152
576
914
198
145
369
83
74
83
291
338
295
301
935
976
156
143
976
83
319
362
976
14
539
702
676
643
143
83
1002
11
1002
292
584
520
809
693
142
976
116
214
116
392
243
116
894
895
116
895
440
978
41
46
440
443
754
205
937
931
446
440
105
205
357
89
383
440
1002
766
357
755
440
684
678
685
563
679
577
33
1008
578
1016
937
765
728
1009
1020
205
243
733
733
767
60
900
60
824
402
243
60
951
899
905
200
742
402
767
60
186
405
406
243
402
978
197
197
798
831
350
331
991
967
688
699
646
699
646
33
668
684
685
348
901
152
350
697
180
103
402
153
457
699
451
356
814
814
454
707
522
523
627
454
527
814
527
607
526
73
863
156
845
21
707
859
364
268
362
284
356
859
356
359
863
350
996
848
644
800
1022
637
348
814
457
62
847
953
757
847
110
707
814
673
994
992
457
994
326
279
906
707
810
970
970
327
326
824
919
846
919
757
644
635
810
851
592
677
634
634
834
604
602
568
792
517
868
768
825
874
793
634
821
879
635
336
768
768
167
159
338
634
768
128
367
393
174
248
238
1
34
297
690
402
177
264
602
438
814
170
115
554
329
359
344
362
520
297
551
939
276
124
114
551
551
551
275
535
534
297
1023
297
155
488
480
754
155
480
489
155
726
155
484
533
1001
1000
72
897
724
331
871
345
345
766
731
907
896
541
75
1012
99
99
317
1012
904
507
889
91
198
771
501
75
791
745
81
72
602
549
501
402
883
89
70
127
409
86
95
603
497
984
507
560
386
25
156
322
387
56
322
488
323
323
399
461
850
335
304
373
850
522
979
742
399
569
979
626
984
850
556
540
527
434
698
481
481
754
481
483
690
556
298
883
120
728
694
693
1012
282
458
40
690
696
542
120
586
388
699
460
532
375
556
375
374
375
1004
956
1013
802
657
306
911
657
706
306
1006
305
942
658
932
953
1011
305
34
34
650
556
533
167
168
535
701
740
669
411
411
406
128
831
568
569
627
575
823
541
541
606
831
427
805
120
649
894
664
125
665
125
427
161
600
176
547
312
285
457
899
823
961
309
427
102
898
900
941
726
116
744
823
57
65
0
653
653
522
1009
53
747
82
1017
1
0
118
53
804
102
100
53
616
407
509
509
973
360
973
429
843
431
690
424
821
772
431
747
424
746
218
627
51
96
860
860
832
113
45
667
657
286
99
832
93
62
872
100
545
570
0
89
157
914
826
10
912
45
689
76
482
117
575
694
710
578
578
710
714
532
533
941
1021
286
712
943
578
768
790
578
941
451
771
574
237
198
458
197
341
227
341
852
851
781
860
710
815
771
850
710
197
305
305
197
710
9
853
255
853
938
62
583
572
622
11
710
696
717
665
522
360
665
712
161
1001
188
665
238
696
397
801
1014
8
778
468
799
800
366
352
994
938
994
813
141
540
108
710
107
541
108
300
536
141
938
224
721
141
224
141
555
225
553
275
710
339
374
991
787
273
781
277
153
15
938
59
255
59
134
123
593
123
593
15
123
14
988
113
377
988
264
550
432
991
547
445
77
322
546
474
327
274
468
446
121
4
275
233
233
37
31
170
233
7
233
9
883
60
216
59
7
1017
216
216
80
320
216
151
17
640
600
47
597
17
600
47
212
44
17
215
614
62
614
611
717
813
813
813
814
35
148
813
355
546
254
546
922
511
359
498
840
768
769
842
768
938
769
930
930
168
775
774
173
498
55
324
27
72
611
73
93
289
92
348
724
306
726
309
213
289
588
498
576
681
391
391
38
464
355
455
268
38
694
110
297
727
990
756
836
712
990
578
739
917
298
342
38
307
254
916
378
666
340
552
378
669
370
38
681
94
401
406
481
481
48
388
94
499
552
755
393
968
481
552
94
389
85
553
128
602
341
132
602
602
1009
481
253
484
355
547
798
803
348
557
776
914
811
529
557
605
681
115
808
237
221
605
239
882
738
86
545
157
13
168
925
728
13
86
190
510
445
506
348
511
86
881
183
388
673
595
13
547
305
90
595
767
887
839
483
271
478
487
271
249
471
266
508
1002
910
1006
910
910
910
554
923
919
466
320
479
329
325
839
838
767
280
529
766
590
962
767
110
696
694
714
509
496
289
496
511
922
655
839
289
716
1005
1005
1004
348
814
605
268
218
1005
839
756
930
887
885
756
885
828
657
340
740
341
340
970
341
124
756
501
756
657
153
355
364
605
445
521
228
222
605
225
378
225
378
587
4
662
531
517
652
662
528
219
586
268
573
545
595
532
1
863
615
483
609
580
863
74
611
284
615
615
297
285
299
780
858
697
378
863
378
887
881
72
228
968
226
228
465
227
997
698
997
736
925
916
914
577
747
343
765
605
736
655
261
949
261
413
916
596
428
443
271
441
64
443
329
443
266
510
673
971
970
443
729
906
997
510
723
653
691
729
729
888
394
506
794
777
913
888
729
530
550
650
568
698
645
650
977
987
69
887
653
654
983
948
901
951
957
652
911
762
702
900
762
762
503
744
655
399
762
448
448
54
916
447
612
894
512
119
113
113
116
133
122
68
68
893
890
888
114
114
546
540
554
645
392
699
753
695
272
752
272
800
948
916
798
933
294
752
446
294
612
265
916
68
59
170
916
557
265
913
265
1013
555
555
962
294
962
555
149
962
962
482
962
898
765
505
555
259
613
27
122
371
731
379
27
320
495
227
529
495
320
330
993
338
104
639
613
535
535
1018
931
701
959
673
935
296
296
772
288
104
259
163
782
173
288
188
363
322
360
288
259
674
626
270
223
1018
259
626
810
631
672
347
654
704
947
35
232
810
194
969
984
336
336
980
910
37
945
904
157
156
999
999
306
385
404
281
385
194
612
415
407
256
486
205
205
921
784
397
397
397
904
275
639
574
428
33
574
15
441
440
574
863
957
838
659
648
429
641
626
15
445
823
239
202
838
890
202
205
278
890
631
819
818
157
278
580
837
29
32
157
31
521
563
278
561
687
552
552
292
202
202
837
647
619
131
625
634
292
363
574
221
430
904
362
466
373
293
803
131
790
130
463
131
937
748
748
748
896
197
636
636
746
893
630
196
442
888
746
444
444
212
896
223
904
746
746
596
468
948
272
900
616
1017
319
257
580
221
475
659
973
972
969
969
948
992
1005
982
831
847
856
850
918
650
573
196
474
415
987
474
948
474
741
948
918
684
184
684
143
102
661
252
987
196
741
979
989
207
178
203
38
64
203
207
329
334
332
102
427
389
408
302
408
368
102
791
564
564
903
388
20
498
899
58
564
717
715
434
317
102
711
271
745
641
643
370
474
899
370
377
377
475
974
962
962
866
475
866
860
720
977
844
978
860
978
1011
370
844
715
384
577
673
977
297
832
743
384
673
398
271
291
609
610
698
608
398
904
94
907
864
613
387
524
621
864
34
417
178
899
722
783
898
783
178
788
435
439
441
556
438
556
126
580
271
547
387
913
899
1004
641
722
503
1004
578
722
722
802
913
557
844
844
489
433
927
844
927
927
927
844
866
834
651
445
501
523
581
168
168
40
404
653
580
557
408
873
874
188
875
140
588
873
584
915
166
140
165
501
1017
998
188
398
188
221
867
861
217
866
882
217
925
216
661
806
920
807
215
803
916
955
789
818
153
188
164
243
150
139
126
742
149
149
146
798
635
666
526
445
627
633
827
638
823
634
695
667
140
398
14
839
45
181
913
670
317
445
715
896
853
924
896
854
896
372
113
397
760
896
827
2
670
7
25
133
249
615
608
609
42
616
51
878
537
428
700
428
543
113
97
417
742
6
418
375
800
976
976
583
543
240
649
241
644
525
535
643
451
943
935
534
736
929
536
8
931
804
8
304
535
450
97
570
804
216
214
547
550
372
90
465
100
89
403
110
451
394
391
450
484
805
662
667
391
937
549
510
460
954
460
549
512
165
220
954
952
553
528
674
954
805
227
166
695
82
584
712
668
892
954
715
327
335
313
840
829
895
828
841
714
313
166
942
172
551
550
942
770
730
235
163
98
235
844
303
105
957
669
928
824
372
944
729
1016
680
1016
744
744
105
707
890
834
138
138
8
825
284
283
825
824
864
681
139
181
181
212
750
208
995
281
42
267
355
668
8
355
43
628
738
926
796
357
401
790
942
24
994
24
313
668
437
1007
1003
97
451
514
514
103
888
888
164
303
884
423
303
507
840
13
269
257
840
13
238
13
13
738
269
236
725
247
332
268
246
337
515
415
641
35
738
641
158
158
641
457
457
738
53
144
390
122
753
144
268
415
261
330
390
428
454
478
752
342
604
607
886
249
759
923
390
164
602
173
771
607
342
607
343
342
388
176
176
176
268
377
178
388
387
754
413
387
573
573
573
607
573
390
641
389
389
390
390
186
186
596
849
386
186
404
597
885
1016
945
353
186
270
352
130
597
659
722
722
814
65
810
428
756
312
346
756
506
810
529
722
647
185
458
988
756
757
458
753
599
333
448
988
988
737
284
722
287
752
757
690
690
759
77
276
267
111
158
279
362
988
286
286
502
400
100
400
23
1005
395
694
814
701
48
592
48
957
77
580
814
884
887
887
884
192
737
7
493
564
737
327
383
727
737
713
412
924
777
798
950
409
917
222
63
952
954
727
76
117
299
188
222
220
181
407
220
706
637
175
766
974
729
733
975
175
719
863
728
720
863
851
311
719
142
875
154
166
140
151
720
311
876
490
164
655
653
164
172
651
173
172
162
133
532
532
168
133
87
133
489
439
436
331
7
429
478
331
380
784
493
1022
156
719
1014
348
1023
987
348
348
720
83
743
175
743
325
7
82
355
66
72
427
111
508
348
722
513
192
723
429
531
152
513
424
192
336
279
306
517
237
846
427
829
425
909
739
923
694
336
739
687
739
832
503
774
383
772
832
472
225
724
228
58
58
517
472
1019
312
25
25
312
972
351
286
661
727
532
571
529
668
225
726
192
193
186
492
480
496
659
495
657
283
305
659
572
1005
287
450
572
23
21
1009
883
1009
233
639
833
639
21
711
840
704
542
525
749
373
557
679
897
758
726
192
418
416
336
890
1012
531
258
387
397
1012
457
542
290
725
542
787
725
542
787
20
512
561
555
514
514
20
792
789
258
875
531
795
809
910
811
269
11
531
717
1012
1012
593
258
549
925
540
978
63
63
62
934
982
987
1000
1022
1003
974
415
337
677
682
117
117
766
68
833
909
868
866
880
527
358
358
358
358
126
358
44
42
705
126
176
250
358
3
705
132
135
358
136
601
139
944
580
126
1011
637
1008
858
126
606
517
40
424
342
858
709
161
606
424
912
117
342
78
233
342
42
159
350
113
373
340
967
281
366
495
663
530
402
342
304
299
660
336
192
655
478
627
88
620
185
929
666
931
209
308
435
357
357
496
215
215
655
655
859
859
851
79
851
698
610
403
986
621
626
622
412
622
892
986
329
329
292
764
311
329
329
783
433
932
79
783
930
387
581
764
764
764
674
185
349
674
581
74
161
136
382
655
32
523
504
223
414
7
236
228
764
185
373
971
684
930
136
79
579
159
397
79
686
391
414
595
79
414
414
595
275
313
55
201
52
578
76
562
675
184
685
232
934
195
275
585
199
275
988
661
427
426
929
966
324
45
275
320
511
687
262
762
71
278
690
278
279
70
194
294
669
931
757
652
645
279
399
179
219
177
412
569
452
463
929
405
458
134
332
605
931
332
700
103
752
569
947
332
618
334
931
616
517
718
21
923
775
768
898
44
398
775
933
769
781
783
775
313
629
620
522
924
150
1
597
6
24
30
522
607
482
775
504
607
493
924
403
297
811
863
493
811
284
477
812
971
477
996
992
294
1005
477
455
1017
839
323
39
210
539
316
518
455
518
525
525
477
525
837
210
210
134
316
885
167
135
693
227
159
298
783
232
185
137
251
233
428
25
693
428
708
134
25
693
176
176
935
69
402
693
120
123
406
783
74
32
502
473
898
935
397
785
898
211
779
908
812
39
337
267
2
104
8
93
543
36
138
73
22
337
339
101
417
898
898
389
574
34
574
934
936
126
376
390
278
71
674
134
674
679
413
200
674
674
516
126
501
478
126
572
502
126
455
89
455
377
273
760
273
377
377
526
621
488
494
158
488
455
836
432
837
837
435
971
359
71
322
985
129
679
884
129
887
884
174
763
717
419
509
41
194
205
220
622
51
51
255
540
540
543
215
494
365
255
492
130
752
844
569
730
726
138
668
515
847
861
836
541
485
844
859
730
730
151
565
730
721
699
505
89
937
407
487
484
678
13
957
954
733
1017
1022
728
928
846
937
730
895
837
874
1006
668
697
928
104
934
309
377
934
434
844
434
699
766
378
405
563
55
702
378
668
253
132
132
882
669
1011
150
627
642
641
228
150
945
698
179
165
945
305
176
508
176
298
505
830
505
859
508
882
520
515
522
522
257
410
410
257
888
52
80
888
94
411
433
506
922
410
881
255
90
550
1018
837
535
535
923
62
837
32
943
936
940
37
39
514
405
316
37
957
515
90
563
580
220
221
218
42
920
37
799
108
77
54
795
267
364
730
89
692
264
218
265
825
515
410
559
552
627
54
563
700
138
556
220
222
826
677
55
238
797
795
794
95
314
22
13
21
238
55
903
887
281
902
361
167
724
814
412
953
196
502
987
1022
953
214
829
999
410
413
404
98
751
729
278
277
175
275
804
818
130
314
130
130
276
372
875
956
772
369
735
802
486
832
835
24
734
818
732
487
835
853
808
802
675
181
276
24
930
930
314
173
613
642
574
747
192
692
171
93
770
545
818
975
275
1004
994
994
995
973
774
792
664
669
781
42
818
973
1002
1002
1002
1003
1003
366
363
51
264
921
42
503
109
117
609
1007
613
610
848
713
319
610
720
858
196
836
377
73
609
377
837
343
343
849
468
155
185
159
613
850
233
669
159
576
981
77
49
380
850
257
319
662
263
351
299
286
454
575
477
799
984
351
143
807
473
697
958
857
659
851
849
46
161
76
409
409
415
76
703
605
183
352
848
853
129
129
46
589
212
659
546
893
225
157
497
891
292
377
129
366
497
129
134
156
551
703
844
847
935
931
934
891
958
933
576
891
413
663
132
191
551
393
402
551
1016
550
995
315
551
664
657
406
66
66
276
245
42
43
335
449
459
449
277
280
43
28
42
296
752
245
698
738
558
739
150
250
972
995
313
863
184
134
158
134
456
380
614
395
400
77
49
393
501
614
456
497
183
392
392
456
525
592
526
614
617
433
774
772
622
440
774
316
263
262
769
189
74
618
183
859
34
191
857
857
88
614
238
175
191
175
413
704
842
777
727
865
777
653
725
617
726
726
500
726
688
622
759
632
690
613
454
843
505
1016
492
662
450
484
727
454
998
777
1001
758
843
1003
336
699
599
932
813
484
904
326
321
335
1006
501
1006
405
1016
400
626
626
115
604
42
605
115
64
37
739
484
3
740
714
411
408
484
411
411
831
64
64
829
828
828
288
288
806
921
309
308
741
996
736
308
916
918
918
605
561
64
503
996
437
276
185
720
104
437
897
288
834
746
322
869
322
777
884
817
403
643
169
288
185
220
720
960
587
436
652
731
974
722
483
425
489
486
67
583
805
185
1004
185
885
583
360
631
619
619
903
865
834
352
864
339
619
864
338
780
338
780
546
706
728
102
713
619
547
654
442
713
770
770
963
713
232
232
168
636
237
542
711
643
530
605
818
424
286
957
943
746
605
542
92
544
711
524
553
609
416
713
721
609
609
636
631
241
941
148
49
49
92
256
920
468
395
376
174
143
922
823
28
938
865
465
148
572
528
385
951
776
982
385
497
1015
912
198
497
944
64
465
764
964
219
416
685
683
484
148
886
835
888
997
999
880
881
32
725
148
42
42
547
194
6
922
26
246
817
749
23
226
167
644
130
6
870
639
351
624
350
870
816
638
639
922
300
416
350
196
418
762
693
800
937
164
949
907
64
971
58
77
3
2
123
561
969
58
25
813
226
969
969
813
796
417
749
598
597
405
196
405
497
500
491
701
966
749
694
702
245
350
196
194
417
503
854
870
633
217
87
638
660
638
638
628
865
749
356
817
985
356
998
266
405
203
405
207
361
361
219
203
237
207
967
30
1000
1019
492
1008
934
558
773
373
995
992
1018
1018
385
878
999
986
675
549
985
966
985
700
986
85
84
630
888
736
893
1021
630
1020
939
1020
630
934
191
935
632
80
1019
638
17
502
630
181
971
426
373
373
375
583
1014
534
544
475
965
813
499
440
435
583
874
500
96
47
220
215
212
47
1012
998
402
818
100
587
504
220
195
19
466
24
25
504
451
856
565
624
812
751
781
981
520
627
860
971
761
205
205
467
892
350
755
615
627
819
819
686
473
856
435
432
812
686
817
971
164
350
339
164
874
876
339
786
971
897
614
932
633
351
350
956
386
384
384
466
442
466
385
394
650
487
813
103
482
956
650
650
663
103
648
174
312
650
918
916
912
161
984
972
63
918
313
63
869
878
784
825
861
128
872
918
878
821
918
860
687
128
17
822
86
31
17
149
70
161
314
346
226
167
614
292
855
185
231
292
292
346
166
233
30
614
25
493
70
350
180
136
83
108
614
65
76
314
113
69
335
335
344
824
790
146
865
786
827
552
146
11
22
146
422
441
439
70
712
68
174
346
346
767
370
805
369
379
815
53
273
202
873
567
489
133
807
202
174
234
649
980
982
873
646
978
200
234
181
583
180
677
712
728
735
712
580
829
180
528
731
133
731
138
138
267
234
416
209
627
156
495
24
267
19
133
585
441
731
728
446
831
129
674
728
267
862
1013
334
320
692
267
697
731
478
452
128
880
758
697
569
584
668
669
880
174
882
623
880
617
903
880
105
882
802
473
503
729
475
752
502
473
743
855
788
68
884
984
783
516
957
267
675
207
168
533
43
207
400
78
523
68
535
88
207
207
409
514
68
590
533
68
372
661
372
660
212
999
994
490
560
562
640
640
490
254
810
869
1023
955
692
938
1011
1016
581
240
857
240
640
851
254
176
184
135
137
180
174
654
852
879
975
161
310
150
736
722
975
310
752
758
975
724
140
184
975
193
30
665
178
3
678
678
221
4
112
457
321
736
317
239
847
622
848
221
198
4
861
199
189
188
150
1019
314
1015
238
958
994
216
502
122
112
238
190
239
633
239
633
144
154
185
617
736
633
617
612
617
609
174
85
588
34
12
403
13
15
81
63
86
65
665
13
13
776
901
911
402
605
732
735
640
647
665
433
646
665
406
817
524
133
65
794
10
15
275
14
964
286
684
925
14
885
217
390
885
866
985
412
86
885
66
523
694
885
663
668
926
515
926
834
546
139
640
559
544
690
324
203
91
845
627
796
815
91
95
834
62
13
545
545
625
82
708
719
618
19
332
356
782
385
658
658
670
309
878
622
412
964
902
385
902
388
332
75
415
775
92
818
26
31
818
627
892
902
25
31
703
775
937
818
942
818
818
849
330
818
818
855
853
138
1018
902
330
575
213
343
181
137
690
212
1018
137
343
737
343
19
118
40
51
946
990
385
896
385
510
343
838
984
562
987
423
41
1020
968
952
67
41
105
52
968
519
100
561
99
989
242
227
456
739
739
456
461
704
66
758
561
827
132
211
132
7
6
293
41
41
343
815
814
867
494
602
132
494
299
305
48
203
718
46
769
400
562
305
262
262
718
178
347
283
446
178
178
506
390
175
390
178
412
88
309
178
846
309
998
581
229
518
10
579
581
381
932
581
350
388
344
353
459
600
235
229
10
661
357
361
10
229
382
872
355
270
355
270
235
766
898
229
10
756
737
715
234
898
259
389
767
1017
939
646
646
940
646
873
691
691
873
50
43
903
394
397
973
506
157
967
967
157
967
870
955
184
227
967
451
1018
956
190
453
464
939
293
404
307
991
393
755
717
254
197
203
222
750
695
645
415
1017
630
630
992
264
393
393
316
642
393
698
1013
502
227
511
445
63
231
394
929
239
635
395
928
606
603
224
604
394
158
394
36
145
623
612
962
617
826
1013
261
640
39
39
1013
282
939
257
628
840
850
815
809
939
828
1013
391
127
174
83
167
184
840
840
405
867
141
184
840
630
166
202
998
998
199
70
586
23
840
39
20
412
964
18
840
382
382
269
33
442
382
444
835
575
526
939
526
397
33
92
33
898
397
494
939
387
917
363
387
2
479
744
872
872
872
431
747
139
945
718
347
125
397
397
731
475
814
826
58
72
72
329
72
269
374
400
689
739
72
761
917
706
801
872
772
722
745
596
290
774
311
317
801
772
374
917
374
795
772
374
469
830
744
680
680
476
479
799
363
289
794
801
478
801
225
573
211
614
614
209
210
869
992
284
62
893
634
640
634
659
645
649
644
892
221
893
223
636
547
893
462
649
323
649
487
117
508
992
293
61
394
305
874
879
792
60
720
893
789
392
791
540
230
992
992
155
219
221
735
540
543
483
462
1011
798
856
815
230
84
425
226
456
870
62
169
56
417
420
389
363
390
267
52
480
295
723
425
729
54
58
718
546
963
946
84
475
963
131
244
140
54
871
33
10
377
84
946
222
595
804
808
911
84
417
84
593
645
519
519
58
456
541
417
700
660
507
812
936
918
796
579
461
544
461
796
544
544
880
888
887
623
544
544
280
671
318
671
30
507
33
72
90
31
622
244
799
129
69
1017
140
141
165
143
622
799
626
87
1015
1009
639
639
555
892
904
802
774
773
21
979
920
920
806
21
87
806
783
601
84
69
110
121
839
32
38
241
121
57
87
26
5
808
837
64
69
277
695
492
241
90
492
1019
458
32
815
90
875
1006
134
384
466
140
186
812
183
177
230
1006
635
1006
579
8
1006
590
577
525
582
8
518
241
581
937
631
29
87
942
892
26
176
623
936
877
877
868
176
546
361
285
360
352
177
26
546
868
26
545
687
252
641
241
561
560
545
624
561
626
561
627
239
230
592
264
981
264
976
547
271
957
264
594
993
389
92
1000
981
970
968
92
993
547
88
473
741
607
607
993
993
902
672
932
762
616
616
934
995
551
637
635
387
995
894
616
551
790
616
582
211
548
732
529
894
571
894
113
732
210
732
210
993
868
783
108
412
784
861
460
859
551
20
805
551
995
994
975
961
967
805
648
664
782
662
784
520
194
522
461
460
495
863
887
495
653
788
654
686
654
686
886
870
242
871
255
871
1019
863
116
333
619
788
357
364
972
323
570
758
786
323
453
863
346
323
892
758
982
555
512
512
39
515
349
162
892
154
515
53
53
116
468
835
450
613
53
287
886
287
2
259
283
3
268
993
994
973
1005
590
972
1018
1004
554
462
878
555
399
786
816
500
826
232
422
473
180
116
116
403
987
187
236
184
473
53
328
453
19
453
27
386
162
27
176
77
813
396
120
65
469
977
454
458
415
321
950
452
677
805
802
927
906
615
828
1018
813
809
390
615
0
7
491
699
356
43
438
356
384
612
228
735
285
406
268
361
74
41
260
1022
585
997
204
548
4
292
797
491
288
291
479
801
469
797
471
422
498
699
661
295
843
422
678
726
721
704
731
718
411
411
456
656
401
679
884
543
627
888
462
884
156
98
615
543
81
543
456
434
543
209
686
12
544
506
506
90
647
678
662
215
620
1012
838
838
1012
635
835
526
979
480
159
159
420
399
712
756
715
703
484
759
406
386
487
261
483
406
48
485
256
409
408
409
422
655
450
303
647
649
652
721
647
934
699
934
959
956
671
1004
834
395
850
613
647
928
872
1023
928
875
500
500
500
993
834
859
500
500
858
279
875
279
500
405
361
361
407
563
405
521
872
555
256
79
18
361
408
561
700
626
700
759
88
703
176
311
700
510
1007
262
395
564
45
262
858
849
62
378
312
282
378
62
388
395
929
499
388
501
506
496
6
250
37
620
414
365
582
199
268
395
87
521
311
311
30
72
440
74
267
74
311
438
438
778
427
433
440
63
670
735
256
732
80
393
652
698
63
645
902
932
943
903
896
907
901
204
204
52
204
995
52
319
52
995
52
52
204
194
52
421
421
284
285
240
643
793
421
540
90
553
182
188
793
375
1
809
241
15
375
68
562
182
1020
241
182
708
714
714
979
182
714
635
772
638
768
427
1022
632
632
375
1022
354
925
353
354
979
771
354
828
925
841
99
912
402
836
929
1002
928
841
832
125
912
979
360
1002
85
20
361
360
835
860
1002
556
1
103
386
108
217
556
991
991
979
669
11
1008
284
669
685
952
953
585
585
667
667
839
443
381
381
848
381
850
991
1021
103
279
277
443
62
45
299
568
276
269
295
807
316
753
425
430
427
721
183
713
704
720
160
161
766
556
431
339
178
430
832
991
152
743
120
394
366
124
1006
571
124
620
539
539
676
897
694
551
515
366
853
485
853
853
484
853
260
187
260
903
746
124
838
814
575
313
746
351
225
219
219
147
342
867
374
343
777
147
124
272
415
415
274
466
607
607
143
604
746
242
48
588
143
588
344
550
623
551
344
656
14
551
551
120
120
354
364
14
65
585
585
142
334
142
59
237
991
991
28
324
164
120
865
28
772
120
773
933
99
328
148
40
41
171
40
865
469
498
932
407
498
999
974
488
400
471
198
576
193
517
999
517
592
929
474
1009
406
394
1009
321
404
643
477
287
692
193
756
477
1009
756
505
193
996
477
1013
1016
642
998
477
679
100
391
470
471
468
502
678
414
472
390
488
468
71
678
446
414
274
731
598
722
468
443
614
443
675
678
519
518
518
679
9
519
572
774
679
192
668
593
668
160
593
951
101
75
74
720
201
66
193
201
668
193
1017
1010
1011
668
192
328
192
706
706
760
927
887
667
887
706
887
90
849
603
882
774
56
23
882
170
593
1021
169
1021
593
887
316
1020
316
686
808
749
682
686
747
3
76
686
409
5
698
93
82
3
456
5
405
408
698
348
686
682
593
982
409
911
564
469
992
911
360
911
106
360
543
253
492
265
696
911
316
68
403
70
791
689
106
602
791
791
389
708
322
493
866
727
324
455
322
593
289
288
791
311
281
447
791
600
247
8
246
620
689
1019
912
965
389
1014
15
1022
695
9
1014
838
839
13
637
884
839
95
575
600
637
214
637
208
348
868
349
74
277
802
785
912
239
637
13
792
545
397
397
483
485
792
792
545
448
474
397
396
397
288
812
820
701
763
795
785
360
780
713
545
791
768
701
779
252
689
250
694
717
692
792
732
723
975
785
993
735
660
998
660
792
908
704
188
188
551
429
969
697
696
696
969
429
437
436
489
490
148
975
101
810
66
711
707
304
473
66
908
433
199
442
429
323
64
272
383
64
394
832
198
603
806
198
510
914
219
496
496
392
496
194
199
435
71
71
689
908
88
88
979
435
1018
1018
1017
1015
88
496
829
682
290
391
579
829
290
125
744
868
290
908
107
20
107
908
817
817
105
908
44
249
249
817
246
836
836
714
234
871
44
709
354
871
235
651
234
44
268
637
817
639
601
837
44
591
114
918
842
252
398
219
591
817
728
777
730
906
887
601
882
67
887
601
386
79
601
39
465
9
172
95
252
77
309
218
465
218
192
478
431
9
538
688
9
9
884
478
614
617
738
586
730
174
617
310
617
239
490
738
989
452
738
505
747
747
887
740
740
733
549
224
617
614
611
818
252
549
549
733
12
171
714
224
779
716
167
167
151
716
169
850
362
855
844
101
87
226
116
472
337
360
243
87
243
246
733
158
938
881
881
881
881
381
236
951
227
12
827
135
233
487
17
17
157
487
637
116
337
944
302
944
297
274
205
959
740
205
733
434
608
442
398
301
888
989
1000
684
288
337
295
825
889
782
684
889
591
889
705
608
117
704
421
705
654
654
704
230
230
100
817
435
859
608
893
620
891
608
765
29
914
123
620
651
808
819
808
821
541
28
149
27
817
564
205
509
744
962
434
5
494
744
487
692
808
808
294
127
389
673
5
299
935
381
975
610
772
526
907
626
945
5
12
489
20
704
621
43
43
621
621
1014
760
44
621
591
41
871
16
511
20
890
26
487
485
452
856
743
435
892
96
300
26
951
994
381
220
999
862
949
861
872
9
9
120
121
760
643
371
582
97
794
786
371
206
790
582
868
344
769
206
949
468
620
461
860
907
502
232
237
584
196
982
980
907
982
28
143
584
563
556
176
26
182
176
97
96
176
620
59
57
127
502
114
265
373
320
26
320
285
806
825
285
907
856
875
42
42
37
37
426
52
660
74
61
715
460
860
421
421
660
421
421
283
1005
316
283
283
365
26
426
322
935
96
418
96
341
594
856
700
374
985
620
733
478
591
96
479
479
623
626
626
994
985
1005
935
415
402
623
26
621
337
472
712
624
337
624
472
687
793
577
825
17
153
510
985
434
490
914
434
508
826
358
712
353
112
712
357
671
112
712
341
513
703
698
667
566
698
703
199
973
113
972
995
722
663
113
973
973
731
475
866
721
418
745
893
711
725
811
653
579
475
576
620
171
168
40
545
577
84
777
984
532
777
196
531
194
220
646
221
321
856
997
1020
4
334
1018
691
345
359
220
220
345
206
721
194
359
869
194
885
509
347
347
16
141
141
220
141
92
754
141
19
206
29
913
178
866
139
560
139
139
624
624
727
625
724
624
628
177
177
177
548
295
295
328
375
206
375
576
139
206
730
561
787
446
331
15
786
82
794
905
58
813
565
180
102
446
747
813
632
913
585
919
810
24
911
51
391
482
810
788
492
394
358
619
107
558
482
729
3
25
617
723
416
672
34
690
918
107
567
646
127
824
936
938
107
127
904
934
279
305
306
4
692
280
647
911
696
116
119
81
83
73
325
664
5
658
1
657
261
5
267
305
984
261
349
380
216
572
550
689
771
694
690
797
305
778
101
119
449
120
119
236
37
977
280
349
280
961
280
646
646
581
107
325
984
593
392
576
673
984
613
877
364
364
51
851
277
50
769
675
279
675
984
118
279
167
167
758
877
789
810
137
529
869
780
842
799
873
850
35
691
35
879
191
710
656
391
391
671
853
575
469
231
464
575
254
830
254
754
506
506
506
394
859
506
568
288
808
529
996
848
1023
744
1020
1000
808
65
942
900
940
803
95
236
91
1001
945
388
334
591
306
623
40
818
236
306
236
285
297
299
919
198
1007
335
913
1005
568
1000
19
702
697
29
392
909
904
137
907
907
139
141
29
131
28
37
125
583
682
959
902
682
682
560
594
570
570
537
454
247
335
365
899
13
507
199
412
482
206
322
196
151
504
903
360
360
360
902
326
87
360
141
141
318
596
594
504
541
333
147
322
596
597
147
148
318
157
604
604
877
770
892
847
889
148
892
476
318
179
467
318
87
333
852
423
810
945
423
161
471
459
459
478
793
590
170
788
40
170
15
28
12
637
12
870
1014
354
270
266
1014
594
355
606
595
564
322
1014
383
756
285
365
669
870
948
936
819
534
764
751
63
993
1023
998
870
870
974
979
61
933
891
692
891
496
234
534
407
796
940
559
403
414
390
234
862
606
806
600
811
416
1014
465
615
617
61
762
720
609
121
504
676
677
695
487
484
121
929
819
948
553
908
923
1019
903
28
116
509
73
762
420
64
491
432
483
121
41
480
40
40
40
448
751
864
422
961
364
882
121
966
416
965
254
305
162
207
204
489
204
28
254
550
257
550
788
672
636
634
634
713
557
713
93
646
713
1009
1008
301
804
177
808
740
1014
1014
741
940
274
470
274
507
195
945
855
741
994
838
276
340
336
838
386
386
386
940
268
238
266
658
238
326
964
243
324
89
613
325
731
268
325
722
326
242
238
61
238
57
361
285
58
83
964
964
242
251
122
929
420
421
807
122
615
418
416
686
497
404
91
798
928
928
478
846
91
846
842
307
847
837
737
563
739
860
350
854
929
869
747
811
181
182
694
227
736
737
742
416
742
773
742
24
473
177
298
584
584
478
476
177
476
478
584
982
573
573
573
573
574
485
24
632
632
208
208
788
177
23
585
511
832
734
10
9
748
824
317
181
181
895
184
895
787
223
165
180
201
199
202
820
832
819
223
217
208
832
425
411
832
351
825
289
786
913
672
913
493
96
427
393
493
395
697
751
751
661
540
419
748
542
443
493
438
435
435
511
537
493
770
269
383
54
419
789
789
786
898
904
770
786
788
788
644
789
778
337
770
59
770
907
359
959
959
263
717
750
697
62
53
61
61
880
626
77
882
187
411
511
43
511
411
411
121
411
1019
542
1022
383
1019
1019
542
605
263
137
142
622
143
622
602
337
542
910
503
503
745
603
560
910
184
910
919
184
924
410
910
999
121
911
733
908
44
310
410
410
932
305
650
269
365
667
364
608
535
912
743
364
466
542
787
878
645
787
913
739
879
801
695
1021
893
1020
1022
999
126
535
416
416
893
127
426
644
954
629
127
746
787
624
750
893
231
133
143
964
140
444
270
787
862
511
445
729
184
254
733
398
442
143
236
365
514
983
362
418
983
293
629
1010
5
365
1011
957
1016
730
686
717
440
680
685
685
386
391
994
984
187
455
46
940
624
46
733
862
932
934
683
862
32
683
862
809
629
94
94
969
716
295
312
504
967
751
89
568
763
574
213
588
762
89
104
447
434
828
446
511
480
828
828
846
833
832
820
832
971
765
104
992
559
534
690
667
651
640
667
629
611
611
504
175
667
108
494
108
495
457
558
108
108
967
203
714
712
19
504
49
87
382
265
257
325
971
504
1022
953
87
949
16
958
971
18
620
34
165
156
233
620
234
945
185
452
510
868
347
480
471
259
467
868
485
485
971
67
38
56
263
8
620
340
313
156
315
263
620
259
375
374
263
861
881
156
869
688
843
583
519
621
964
621
854
843
392
798
392
737
779
854
346
346
785
739
559
404
338
315
313
998
392
263
785
149
30
872
997
559
30
374
338
215
191
115
323
732
209
685
685
471
321
392
1011
452
324
869
816
795
470
795
134
235
831
212
962
962
127
7
233
801
4
38
980
149
508
491
476
26
479
236
464
804
675
480
1006
795
426
53
440
45
442
368
398
45
566
997
567
833
562
833
762
742
742
36
427
233
62
44
996
283
951
283
295
283
734
166
951
726
726
67
547
725
239
388
223
290
502
172
499
401
274
274
274
288
281
274
172
626
624
833
872
303
150
145
146
281
149
895
483
490
895
435
353
357
330
152
434
490
739
153
667
652
661
729
13
480
846
846
738
228
214
434
646
582
10
868
425
23
724
867
730
708
738
644
738
97
724
97
97
708
97
59
17
646
620
620
644
51
50
620
17
50
658
13
89
903
706
61
39
73
707
660
534
450
471
487
662
705
957
906
947
768
872
874
903
902
647
662
166
758
521
720
529
751
521
759
875
907
852
720
483
793
53
841
29
902
62
644
321
767
644
73
767
109
31
53
23
844
446
28
446
838
712
767
760
446
618
77
727
727
717
52
644
559
1000
642
698
987
698
77
274
1017
858
830
857
1017
711
857
711
665
711
56
861
785
904
711
787
39
786
907
103
52
664
711
267
616
265
453
532
575
562
585
569
575
520
118
66
433
55
523
53
170
728
118
170
721
721
118
569
123
570
521
683
518
124
651
765
41
937
937
943
937
569
349
217
118
308
217
340
34
573
340
220
573
220
220
764
320
552
548
34
340
121
198
666
198
43
218
537
266
166
333
286
455
267
343
217
547
343
221
559
797
559
790
778
769
899
778
946
218
58
68
223
382
665
996
791
665
905
897
115
548
223
666
558
271
270
271
244
985
777
709
798
797
97
464
58
58
14
8
879
117
60
858
68
116
61
934
117
594
594
93
93
593
985
758
636
989
848
989
709
151
988
842
842
151
478
848
162
478
478
479
1019
464
534
765
764
754
464
534
754
464
358
464
200
652
934
652
954
200
1023
41
851
989
291
477
709
988
996
1018
991
990
991
314
591
201
99
100
991
402
291
394
298
294
248
443
277
433
433
362
441
546
988
836
253
988
61
550
362
816
341
280
433
936
936
272
816
816
784
186
97
784
246
632
33
63
473
246
41
34
258
20
780
577
20
675
265
730
676
787
516
674
93
698
535
7
759
138
840
781
707
856
820
709
372
373
891
475
473
373
372
836
665
669
395
774
820
388
834
774
1004
153
1004
593
854
10
728
854
441
816
759
441
275
376
955
367
579
955
828
576
7
337
820
464
197
853
841
820
769
773
780
816
905
433
579
54
816
67
614
73
821
135
2
3
816
178
367
354
71
305
70
367
284
356
816
530
795
70
849
653
731
820
448
448
407
759
199
198
516
1
6
653
515
299
653
313
795
291
845
316
210
472
210
743
21
49
692
795
210
210
999
49
46
907
953
1018
312
579
579
773
854
446
372
400
401
499
568
444
46
155
393
496
795
480
432
762
762
535
480
535
611
546
611
572
647
542
924
772
547
896
403
739
949
808
778
554
480
792
356
900
796
876
72
552
703
116
433
551
551
435
984
553
434
703
387
224
715
387
387
686
624
646
839
646
646
58
646
883
740
649
28
387
163
686
161
164
173
393
552
480
200
386
552
552
149
887
15
94
85
338
90
90
150
649
403
161
644
152
284
483
667
362
1001
1003
146
159
483
1009
913
952
952
34
784
441
356
1009
106
107
1010
109
338
734
1009
1008
1014
206
281
441
259
785
778
440
296
682
758
38
797
159
159
725
295
246
295
338
921
295
682
295
685
682
655
338
669
243
964
671
271
365
213
215
568
145
20
667
583
583
630
779
174
909
20
257
20
903
220
630
353
583
650
716
557
1002
460
552
493
485
145
862
463
294
317
1002
243
552
604
296
717
290
243
243
285
699
932
833
937
937
698
173
229
872
84
31
84
682
3
696
395
825
574
395
212
701
703
984
645
34
911
426
600
439
911
88
557
782
601
729
729
734
747
218
689
321
875
349
972
409
22
427
22
22
22
782
266
22
22
969
316
790
898
996
781
876
877
316
796
566
94
550
813
546
997
979
357
476
381
324
380
1016
307
867
1015
476
557
717
681
680
556
307
538
667
701
475
105
187
881
886
881
1013
866
188
475
28
803
324
802
357
852
822
301
941
34
246
246
417
211
941
39
145
141
826
696
630
582
638
629
862
211
625
945
285
521
588
211
897
960
117
211
869
363
745
745
422
7
940
39
269
33
44
869
512
832
1012
997
173
1022
663
953
664
997
319
886
881
627
889
314
884
514
884
339
339
232
339
207
205
353
559
887
339
102
1017
832
513
114
472
102
445
920
396
514
353
232
396
396
704
166
314
513
832
832
1006
711
120
329
120
710
568
923
626
611
43
505
353
232
232
150
787
971
314
314
568
118
314
530
571
118
571
71
706
71
314
700
700
398
387
471
71
52
384
917
59
495
952
1000
985
225
471
940
505
71
940
894
61
847
847
451
505
950
960
463
938
938
960
951
544
588
950
543
814
529
671
230
608
488
230
772
445
488
146
557
864
834
974
772
747
798
554
736
358
564
329
206
554
649
554
554
1023
205
207
1023
1022
1007
645
489
411
411
244
206
461
838
798
837
572
330
572
529
836
836
715
618
836
257
330
262
322
542
374
955
955
354
798
351
1022
798
1023
541
27
1005
541
959
541
346
100
875
117
671
875
117
541
388
124
197
148
74
511
671
972
687
340
264
124
55
65
745
745
837
679
671
416
421
420
455
429
353
416
326
860
463
655
147
151
780
529
679
796
796
488
32
875
33
55
289
184
705
105
974
439
239
128
188
131
142
974
430
146
788
961
699
404
279
1015
907
221
66
56
159
907
768
249
717
249
474
716
353
474
135
135
262
474
699
193
236
463
707
820
798
42
29
1
237
3
135
135
135
485
719
719
444
30
160
135
617
616
617
719
463
582
617
846
189
377
759
542
274
361
401
958
307
846
106
363
532
312
880
1004
882
505
436
716
532
22
743
31
18
752
234
721
282
844
504
995
463
637
389
945
6
359
904
567
905
637
560
678
282
145
145
486
904
490
905
25
494
509
432
204
582
725
204
496
204
496
895
719
401
558
630
895
582
208
624
423
121
810
67
491
435
434
489
608
610
608
725
704
650
655
282
681
654
655
810
654
652
650
122
825
547
661
621
558
654
67
824
805
957
805
824
629
1023
547
795
558
408
558
423
558
793
31
975
223
223
219
558
288
290
409
223
218
803
803
190
298
106
748
301
423
18
980
980
435
622
567
565
566
435
114
567
553
561
457
127
457
662
748
190
651
653
191
515
653
748
517
972
962
569
309
998
1017
994
571
213
596
575
828
936
575
748
989
596
899
496
569
972
973
514
500
500
501
501
514
396
311
396
423
440
440
248
446
444
535
570
573
708
596
727
266
311
547
596
708
266
47
550
434
266
237
415
960
415
250
729
733
430
534
643
439
237
707
227
415
187
954
961
901
960
914
225
186
310
973
960
310
962
854
176
229
849
855
572
540
910
910
415
266
574
700
700
227
949
28
80
997
90
73
199
90
942
26
538
285
180
170
668
781
365
942
248
781
93
89
568
89
577
561
339
783
339
577
578
184
361
122
159
463
1019
653
652
804
653
561
561
636
636
865
637
519
512
773
519
943
982
987
942
427
96
679
310
46
118
512
512
310
943
152
916
234
986
775
908
561
111
110
972
424
987
950
843
843
197
198
110
956
956
149
753
950
713
756
96
727
727
654
49
579
54
48
360
954
899
979
581
907
903
879
879
997
871
986
959
287
196
189
510
94
111
125
112
976
188
510
293
299
294
350
350
560
625
244
245
295
598
599
221
222
223
145
391
158
391
143
782
198
550
158
294
154
144
294
482
497
631
500
237
631
391
183
11
229
550
447
8
132
447
56
980
35
987
910
501
498
811
35
924
57
390
294
811
75
908
909
820
621
794
820
75
178
889
463
746
884
891
154
447
765
447
271
264
367
267
851
32
859
471
391
397
788
8
781
780
770
399
5
5
9
9
89
610
864
610
79
59
59
148
506
497
610
881
610
469
530
530
302
530
528
346
165
695
453
449
302
332
335
32
459
303
755
295
761
478
363
861
32
694
737
753
743
740
451
742
998
996
997
365
259
861
207
207
347
264
269
861
380
983
861
301
291
32
395
405
933
256
471
933
405
310
601
770
874
593
838
148
609
613
862
619
614
612
450
961
874
851
565
311
672
675
507
565
845
855
565
819
992
932
983
82
116
311
425
243
436
436
879
740
84
429
381
745
746
87
707
565
159
137
137
649
524
103
1006
799
623
442
398
398
469
151
387
19
19
883
885
376
740
19
838
376
75
263
20
262
89
905
436
1006
1020
494
795
180
180
190
495
190
850
496
296
1014
396
1014
103
461
1011
881
905
890
890
710
742
906
744
891
258
371
261
450
493
473
906
381
101
83
451
421
103
632
518
518
557
569
569
771
771
556
730
771
827
183
180
731
481
369
973
481
369
516
795
9
15
80
926
481
967
949
15
681
685
327
80
189
189
189
367
516
352
189
764
767
919
451
450
767
791
481
45
756
766
495
767
336
737
268
689
696
963
736
45
683
871
301
6
937
906
725
683
420
937
937
45
45
233
232
231
683
10
705
706
719
683
705
524
79
889
527
747
192
255
520
191
252
253
135
251
997
987
78
183
183
78
217
967
690
966
979
979
464
58
373
735
474
553
375
570
870
905
436
235
582
538
306
630
272
58
271
702
417
913
295
896
777
630
909
296
294
806
677
491
699
235
140
987
435
983
766
982
933
967
789
951
919
933
407
482
482
783
407
783
474
788
851
859
793
64
869
632
638
584
638
64
872
816
632
42
35
34
42
42
170
246
170
246
728
794
793
226
170
647
438
139
438
619
480
520
143
629
62
382
158
158
380
1018
552
559
548
777
779
327
926
903
911
797
877
790
433
990
368
926
943
62
62
347
58
938
225
513
369
368
58
672
513
653
598
513
278
61
131
57
253
251
583
165
672
204
697
697
409
165
942
409
513
556
940
940
766
418
426
593
401
844
929
846
499
846
365
518
353
322
355
992
340
253
251
941
60
252
60
953
737
122
900
547
776
780
240
252
697
780
697
780
233
479
448
991
989
518
1016
398
444
954
703
684
779
971
684
568
372
966
19
684
369
887
394
54
876
52
60
942
942
942
61
899
894
894
286
684
603
739
624
452
298
455
452
589
819
611
589
49
299
819
18
487
481
481
892
803
543
708
835
536
881
707
424
559
217
216
640
877
649
578
418
675
206
542
204
543
207
207
472
217
578
203
675
60
899
59
923
417
286
9
563
240
60
603
628
454
618
449
922
449
945
380
849
503
899
807
704
709
160
952
1021
933
160
578
929
894
578
529
79
94
324
324
839
791
719
90
993
191
670
137
321
369
257
670
80
148
557
567
416
417
420
491
439
557
776
860
778
137
658
894
834
883
844
678
698
575
954
959
403
846
603
775
413
197
196
412
1006
186
1004
224
707
232
789
232
410
191
24
27
25
401
26
317
268
210
191
209
786
338
317
123
268
115
603
101
668
947
67
183
77
77
933
102
794
580
636
309
636
55
29
81
947
847
1004
789
146
490
55
487
451
522
370
284
363
986
365
333
514
685
680
370
986
721
296
986
522
912
986
487
526
487
827
378
827
204
527
820
966
514
379
351
628
1001
525
592
475
525
578
870
752
801
553
472
1004
1001
262
473
724
724
6
870
235
6
721
8
235
864
191
864
943
626
190
160
943
564
238
492
978
144
628
817
222
804
239
18
817
724
356
721
150
150
858
858
150
462
323
337
995
312
625
323
315
8
8
456
416
656
313
793
793
466
963
8
670
884
99
670
448
631
169
991
735
50
504
50
504
409
980
537
90
980
980
804
735
572
46
822
948
454
954
886
735
454
891
867
770
98
8
587
735
288
981
995
665
65
615
33
1012
909
468
719
615
1023
15
719
102
115
136
100
669
82
875
719
420
137
719
400
508
14
827
827
75
567
99
990
141
204
582
229
207
202
206
793
236
218
254
351
400
276
162
173
410
331
334
909
276
463
909
400
859
276
410
400
274
147
410
909
909
931
410
930
989
505
156
889
83
12
223
861
845
504
240
12
845
860
223
934
934
440
823
821
930
96
96
96
96
96
231
481
8
480
447
803
482
82
728
748
240
620
728
991
729
750
750
998
644
512
355
936
976
355
355
935
23
479
351
221
23
479
586
42
18
544
89
471
978
504
71
852
1019
86
248
53
978
664
666
395
983
364
364
585
1019
245
355
134
820
420
702
796
797
797
797
249
797
778
978
58
54
946
49
117
220
584
483
483
991
195
220
450
483
712
195
18
715
698
891
239
890
63
420
54
388
388
642
838
222
1014
898
783
929
929
929
245
10
171
306
507
174
468
683
306
998
96
562
822
826
70
523
95
761
56
468
524
262
389
389
468
969
822
96
681
980
532
532
517
468
258
939
250
827
816
823
250
779
282
754
996
994
766
97
779
21
562
562
928
21
995
260
124
125
914
126
950
935
1004
337
419
311
928
419
980
952
54
258
48
759
48
49
54
258
296
311
47
49
47
706
47
840
705
707
426
437
135
142
59
329
437
329
611
708
985
691
939
61
611
915
711
198
939
340
702
340
675
1008
519
601
939
191
425
196
695
923
197
114
878
1004
692
692
979
915
689
718
826
901
384
384
901
387
384
901
607
607
607
606
607
694
588
299
283
663
648
711
827
703
692
111
355
702
907
99
851
99
647
782
781
748
647
907
907
941
509
118
856
746
338
371
179
80
57
145
373
420
17
368
972
59
17
338
590
530
530
660
59
660
474
973
349
851
359
457
457
297
859
287
183
316
476
476
218
508
716
712
760
510
1013
1012
376
510
675
829
675
110
178
57
179
674
393
393
399
751
751
603
607
607
603
603
393
393
614
714
674
759
1008
904
615
393
946
676
684
737
909
809
779
949
809
353
75
74
68
714
73
436
352
193
855
854
853
855
713
719
103
193
163
210
211
175
199
193
279
186
10
88
103
801
801
413
413
197
14
347
243
14
356
357
628
894
486
11
890
449
891
891
1008
122
122
604
989
986
751
122
578
983
999
53
172
604
604
604
111
31
21
1012
824
459
125
709
102
150
31
150
459
461
735
461
322
824
272
275
723
376
631
455
463
824
129
769
463
828
657
824
681
744
592
882
657
16
309
882
479
378
883
533
574
16
575
419
728
461
975
882
576
310
596
461
251
461
310
908
898
905
787
310
310
226
236
251
318
133
949
460
456
65
308
655
280
314
454
280
301
915
915
424
63
1010
763
949
763
949
1010
868
949
458
1010
203
761
763
871
454
140
585
381
706
83
164
454
29
206
915
381
180
309
200
21
224
21
420
22
445
915
973
760
21
21
1002
83
528
381
554
734
835
604
842
846
674
570
554
528
61
435
604
539
297
282
945
796
699
791
897
605
692
58
739
234
539
381
197
760
306
142
983
980
437
966
579
948
436
88
88
969
969
306
861
309
949
309
305
384
57
831
384
747
308
308
866
306
764
861
883
119
384
880
306
36
919
37
110
167
827
917
449
449
135
159
159
136
343
258
330
638
1013
719
628
343
181
181
760
81
400
900
897
903
400
755
510
799
510
789
638
262
49
409
409
638
36
314
762
262
313
313
767
313
432
963
960
155
307
1003
670
995
974
294
314
292
777
459
63
74
459
177
467
201
347
36
475
338
916
555
467
898
904
988
155
743
110
676
326
555
315
344
676
114
118
860
354
117
252
238
447
510
112
861
445
743
464
511
467
457
419
240
916
419
718
47
966
976
976
47
973
713
713
713
245
286
738
718
619
816
479
479
792
330
985
330
245
539
260
687
702
702
686
748
890
895
897
897
548
892
939
939
939
737
927
939
736
875
875
634
633
725
262
70
449
551
71
865
64
572
865
676
68
68
528
763
68
507
64
676
834
950
950
841
895
69
950
950
291
749
889
836
906
528
883
295
674
503
291
291
503
69
685
490
135
81
476
838
79
79
81
835
743
476
550
835
288
550
551
528
615
757
268
37
69
822
756
334
756
673
34
81
1023
732
81
689
260
812
633
632
781
127
69
632
642
97
919
635
235
187
105
774
111
357
732
327
483
805
74
74
635
366
73
635
419
366
813
417
431
291
635
825
919
795
673
652
563
772
291
771
749
362
628
628
888
258
914
889
913
187
188
141
140
569
136
197
196
773
745
27
141
894
25
374
374
344
360
812
812
904
897
860
562
81
900
490
140
143
81
278
350
490
345
785
798
344
121
366
490
362
822
67
824
86
416
769
416
760
73
201
335
632
616
617
304
335
359
146
359
358
753
639
299
469
477
361
905
479
968
316
341
449
896
725
905
970
755
970
713
931
386
389
865
449
125
125
125
931
566
412
16
952
952
125
952
952
462
952
753
201
743
758
754
928
419
655
909
171
171
544
419
171
895
414
489
491
171
905
637
757
67
758
115
619
392
392
684
686
408
121
67
45
408
696
51
113
113
433
433
987
593
987
271
134
33
89
661
651
649
466
77
658
278
335
954
31
13
247
242
637
673
151
299
31
111
871
793
639
599
31
242
297
871
974
651
282
303
974
447
1007
3
786
456
456
112
96
115
333
73
459
130
130
204
255
760
810
788
213
28
894
42
447
172
766
172
33
788
788
330
453
182
182
977
32
920
806
182
997
977
952
182
888
348
997
124
75
743
52
440
74
398
505
75
430
348
835
585
712
713
505
38
713
424
240
424
883
439
244
890
228
441
729
729
729
173
698
753
531
530
645
936
936
936
173
936
317
317
938
864
867
249
599
192
253
253
76
12
70
75
300
70
663
244
974
417
295
722
791
427
419
530
152
641
767
541
75
568
641
974
44
549
155
781
782
926
992
941
149
778
798
927
926
391
118
63
643
497
926
926
598
394
599
643
155
856
806
693
601
805
807
777
591
155
591
591
601
314
386
695
313
911
811
804
805
601
671
777
451
48
676
48
51
52
777
676
601
676
677
943
942
676
897
942
268
981
990
986
835
983
470
78
707
707
841
988
648
801
814
78
569
814
566
568
580
512
470
743
576
733
470
110
470
516
595
470
988
78
484
950
833
470
613
921
933
613
933
296
934
936
928
875
1021
1023
165
946
165
165
78
165
553
48
484
49
216
378
247
865
157
841
199
194
199
841
193
217
865
132
559
375
199
955
84
865
948
624
137
430
1022
810
77
560
869
561
84
162
430
120
235
430
147
1006
430
103
141
810
568
452
513
0
0
404
3
452
452
169
602
452
222
180
225
199
193
3
983
169
982
76
927
73
73
913
908
880
913
866
864
666
664
443
665
808
442
526
600
606
600
600
743
808
822
696
915
664
602
225
359
385
353
43
848
451
939
830
600
910
703
46
161
861
45
808
915
541
96
99
910
423
135
53
602
577
576
695
484
107
602
466
541
161
680
802
663
685
852
802
439
120
653
109
321
852
339
9
666
109
670
683
605
339
299
287
919
741
919
919
666
996
919
993
998
998
378
519
146
764
760
91
517
146
146
404
599
599
408
958
32
33
505
959
153
607
599
607
607
761
146
1
867
761
357
357
697
29
646
165
272
172
867
779
451
822
119
822
967
852
961
919
979
995
852
467
852
852
670
466
315
665
695
133
682
576
349
672
681
480
480
959
379
758
746
20
437
893
657
893
274
822
22
437
438
273
526
526
155
438
133
591
438
481
419
393
867
419
588
448
588
442
467
69
234
234
722
14
170
702
11
641
546
69
10
833
867
441
100
735
729
170
724
160
833
276
130
160
396
131
974
288
84
806
103
633
961
955
961
961
213
964
964
463
457
681
681
457
461
633
882
463
471
603
603
244
463
866
866
765
770
245
113
527
924
441
755
877
897
161
899
240
908
909
806
432
811
897
771
161
161
236
236
458
233
455
139
454
601
161
113
160
601
398
398
960
920
222
1012
222
1014
923
583
582
15
569
585
587
705
705
725
705
705
66
653
72
222
536
691
716
715
116
923
364
362
367
978
754
257
58
161
1006
330
330
334
328
328
222
405
239
1001
404
186
932
553
133
542
186
290
525
764
392
222
290
386
404
609
276
309
304
231
611
231
629
290
200
754
1002
904
579
757
724
625
547
724
724
739
967
724
307
290
626
727
724
956
922
1007
579
684
307
685
174
593
368
849
880
753
965
882
500
965
882
35
964
849
268
753
965
961
244
965
244
611
244
964
177
180
184
166
1003
592
811
186
634
182
877
625
365
182
528
612
592
336
730
592
434
434
930
681
806
362
1
44
359
931
931
640
900
993
640
593
338
639
907
635
648
648
639
639
930
291
962
815
555
286
318
1007
288
485
963
484
290
359
889
124
885
124
937
754
963
138
1007
956
302
323
311
268
877
876
41
878
815
302
442
389
1012
442
757
757
391
390
371
956
369
373
231
231
701
757
591
46
52
406
79
591
116
719
75
3
394
815
46
268
497
74
254
932
129
715
234
268
185
497
879
129
232
497
956
977
497
774
981
879
879
956
693
1008
284
592
420
420
418
420
845
324
366
846
956
847
969
324
845
846
846
847
568
636
984
689
689
888
879
941
878
199
727
941
737
592
629
965
592
624
367
483
592
672
960
30
941
510
654
30
505
484
451
493
508
840
483
485
365
464
464
520
465
536
841
994
840
274
313
367
727
76
941
925
76
204
241
877
925
567
541
579
56
11
230
61
11
491
491
491
10
216
241
844
280
60
614
895
895
484
426
330
895
240
141
819
819
983
931
983
1006
403
951
958
110
122
241
507
551
561
264
400
623
403
561
389
403
563
75
639
586
135
135
264
354
3
65
531
73
64
269
123
424
443
786
867
418
589
786
854
855
705
844
10
855
563
427
554
528
679
516
181
60
781
242
778
597
781
9
320
673
57
670
57
92
530
238
269
53
661
181
22
336
528
17
281
281
369
528
39
230
616
53
342
973
682
811
911
616
537
320
343
340
347
807
807
753
762
486
486
82
498
753
2
702
5
762
492
2
952
425
158
63
952
952
718
63
492
427
718
702
718
492
104
651
651
633
486
412
31
31
413
414
157
754
202
571
651
755
27
287
156
26
68
287
286
651
865
865
912
368
376
865
55
697
557
368
697
263
532
912
402
57
945
225
674
225
50
210
492
604
674
153
460
55
727
726
155
90
707
844
198
726
767
198
280
761
765
280
256
562
256
940
639
864
486
363
940
491
480
284
490
403
405
721
374
721
363
375
747
678
486
685
55
495
374
55
747
403
85
247
89
175
648
652
175
659
175
375
55
864
944
944
90
954
90
771
814
495
769
781
50
815
379
864
317
864
203
203
463
250
194
57
953
154
250
159
52
963
137
174
174
646
99
790
89
101
588
88
646
528
379
195
231
204
231
149
230
149
229
204
231
157
103
149
692
149
479
479
675
40
40
592
106
592
19
23
157
603
359
603
226
806
831
226
224
642
642
302
300
300
929
929
472
956
42
112
472
47
47
512
433
512
436
473
681
681
647
629
643
635
915
670
81
4
854
82
367
80
439
643
317
701
428
292
315
317
301
732
735
701
366
315
470
825
517
327
644
840
514
575
471
860
701
897
319
897
313
679
313
312
474
803
314
564
559
803
205
448
673
192
679
831
466
466
281
803
625
663
966
666
666
823
56
985
281
748
741
798
218
980
534
691
90
174
548
54
48
100
610
174
820
803
470
610
606
913
987
987
803
907
981
701
200
200
515
515
677
301
114
81
684
20
684
633
633
111
111
899
769
111
658
991
989
546
983
847
111
709
975
840
841
276
961
209
350
16
477
967
569
967
704
720
721
966
618
875
861
844
948
869
616
948
929
929
932
931
596
520
1020
533
520
913
533
86
1010
295
533
448
103
484
596
973
360
199
351
285
841
841
706
843
555
552
94
706
840
794
94
822
317
465
313
187
1007
1007
155
155
465
317
1000
550
351
114
786
155
723
280
1000
900
257
670
540
260
270
702
657
645
257
270
260
723
200
729
172
485
196
450
651
172
257
258
949
258
172
712
870
172
398
387
750
713
782
387
387
306
642
606
796
605
577
643
538
650
863
863
863
261
301
306
1009
1003
668
656
396
796
1015
1003
1010
830
857
1008
958
857
265
275
770
315
275
876
863
958
870
664
577
112
556
565
552
109
125
790
140
949
724
154
590
588
588
790
532
298
333
463
554
16
651
294
290
298
289
638
555
612
16
565
615
399
884
414
395
651
700
231
552
700
540
381
650
375
109
783
71
651
185
398
230
898
185
580
829
230
786
175
86
604
235
829
779
785
639
266
612
86
639
639
741
651
674
699
693
552
1010
924
811
910
951
916
814
114
802
779
61
83
488
351
373
552
718
265
259
372
553
408
702
815
809
408
730
981
803
804
804
981
801
769
733
474
121
121
553
676
121
121
76
678
86
426
419
19
141
612
438
438
438
150
537
888
296
654
1009
134
255
1009
376
1008
286
283
884
264
284
755
154
521
251
451
493
414
492
469
469
309
272
414
318
414
347
414
88
100
335
1013
318
414
654
996
602
766
537
853
700
602
537
539
539
125
602
117
602
413
124
79
394
413
853
347
39
590
530
775
229
272
368
734
285
287
377
495
128
755
361
138
253
293
729
234
807
37
272
815
830
251
926
126
607
126
251
248
603
506
506
921
250
126
506
506
495
245
842
587
847
513
251
596
129
596
280
919
419
604
605
604
492
808
785
777
898
132
232
129
834
452
493
280
418
9
965
732
992
548
548
987
829
790
740
945
987
296
296
584
568
258
586
298
298
589
574
706
298
840
971
968
525
258
303
518
37
947
517
518
919
711
303
704
750
366
717
833
849
600
421
872
872
209
946
456
485
483
459
790
333
872
935
935
749
553
385
377
398
37
389
307
850
30
46
964
37
309
246
796
46
367
815
964
850
167
66
745
37
976
976
167
861
978
1010
553
934
864
549
949
930
328
935
553
740
451
382
716
553
736
451
52
974
44
881
974
328
866
172
35
167
573
53
873
246
46
166
166
143
30
30
143
307
866
158
145
861
531
535
643
515
2
517
702
560
916
908
164
938
613
328
799
33
613
869
867
42
328
523
46
472
466
420
2
254
29
420
748
22
523
458
333
158
158
177
564
743
372
438
867
372
347
867
444
424
206
438
781
215
425
426
421
259
1017
1008
209
1020
215
215
761
760
789
197
787
236
761
146
64
4
73
66
146
746
10
981
981
981
303
229
273
586
787
751
586
657
129
656
750
816
431
460
749
249
241
535
917
525
288
235
1001
984
984
602
1001
689
187
1001
288
942
410
303
599
303
586
574
235
410
963
437
142
129
711
482
114
142
963
927
393
900
79
776
482
89
584
425
482
591
525
508
89
171
224
743
895
485
224
306
447
447
737
951
756
467
766
755
809
583
477
477
562
748
337
535
422
525
920
325
422
325
274
522
325
523
306
205
694
980
303
586
410
410
642
599
560
327
874
619
793
597
606
974
291
970
1
597
999
968
289
187
289
291
291
998
929
186
194
886
80
119
886
881
55
250
234
1
356
10
250
881
119
342
80
119
28
350
860
986
318
53
5
1
447
966
67
121
413
127
124
249
417
318
424
424
419
408
287
428
854
111
818
839
428
986
643
349
678
687
747
682
682
747
530
783
282
111
899
752
293
196
752
197
236
348
239
236
219
643
18
21
23
348
114
127
369
371
100
373
534
708
447
899
906
754
908
17
640
333
530
445
326
320
453
642
258
785
916
17
490
826
287
806
490
799
789
17
118
41
303
55
950
48
92
950
443
792
295
443
442
609
607
1008
295
609
993
819
607
1002
690
808
784
784
285
379
914
626
566
874
566
567
229
914
439
914
429
914
498
276
658
342
379
229
737
476
68
502
956
222
906
756
958
757
501
445
679
200
449
959
222
679
672
975
449
200
753
204
311
449
571
154
256
282
494
571
12
493
283
243
757
200
17
357
343
343
80
679
343
952
585
343
285
702
287
702
113
429
479
479
725
704
479
721
937
714
259
256
719
687
717
998
578
683
113
479
51
479
31
543
91
338
338
91
338
24
91
24
93
640
667
342
715
114
679
956
710
771
717
648
791
942
514
482
533
791
717
712
714
1013
589
1012
1013
589
945
589
184
304
182
168
756
191
304
361
28
1013
43
28
168
447
283
385
663
794
386
290
649
865
648
564
558
834
763
763
737
290
50
865
498
865
496
19
451
10
432
22
921
182
807
691
801
19
944
943
944
944
940
394
171
182
171
402
409
461
74
435
414
944
953
953
377
274
394
80
80
60
394
4
394
83
636
15
9
176
75
519
888
176
480
272
863
442
435
441
636
889
390
734
734
390
273
303
519
378
619
677
834
621
636
307
636
317
198
217
80
567
558
566
564
378
621
188
579
80
458
833
334
91
84
852
318
76
326
665
873
59
419
56
644
326
56
30
983
548
549
35
797
954
441
490
126
76
115
65
565
565
177
24
29
29
29
24
954
37
1021
291
777
333
776
983
459
37
459
774
424
197
944
579
579
114
563
100
565
37
37
916
979
384
644
71
642
916
774
390
774
889
896
35
384
35
440
602
600
439
267
358
354
724
354
916
354
596
567
916
990
354
354
983
990
706
794
794
784
794
784
354
7
643
661
104
926
7
943
947
946
120
787
786
120
471
931
462
1015
376
370
370
281
462
941
479
1011
927
490
914
1018
995
998
77
50
299
296
995
87
995
122
20
994
707
709
707
986
241
989
228
940
693
164
809
172
809
941
20
939
1023
1023
7
89
7
138
166
89
450
450
580
257
85
269
938
682
404
412
104
875
408
531
660
875
202
200
241
202
241
575
162
938
826
162
248
793
248
533
985
189
868
189
191
82
188
216
216
691
691
408
536
149
536
442
592
1015
630
533
242
599
624
599
672
640
1015
640
645
938
669
4
983
662
466
983
4
466
398
856
9
827
857
831
691
1015
877
877
4
345
97
691
581
167
681
147
776
339
339
337
472
349
901
346
484
699
925
690
924
933
809
776
351
691
475
484
691
468
794
288
548
816
690
739
44
577
1015
895
890
231
274
691
381
347
231
381
578
921
488
126
921
450
104
54
368
395
482
446
494
596
763
598
776
691
649
615
14
14
439
1015
643
608
439
530
699
110
44
718
757
811
889
796
105
859
900
560
921
811
918
757
61
154
262
159
757
757
78
805
219
206
217
154
841
159
725
159
154
683
154
154
154
294
598
294
287
586
494
682
670
269
968
271
618
218
218
163
263
968
315
315
566
198
92
137
245
547
652
105
315
19
430
429
270
297
618
247
19
911
360
733
911
451
123
495
848
493
505
486
468
311
310
853
845
310
1015
892
121
360
761
761
539
687
223
539
555
539
563
805
167
521
554
513
167
147
591
55
147
102
111
98
734
360
326
223
70
965
240
588
965
388
326
288
610
242
138
13
360
371
921
807
927
200
77
926
718
66
581
70
575
288
12
200
575
66
581
491
491
491
939
491
491
491
938
974
974
213
924
918
785
789
792
99
788
133
986
237
212
135
458
333
200
325
346
457
325
962
1005
961
147
1005
600
147
560
631
986
573
560
823
1005
840
148
852
852
716
606
843
823
564
148
41
513
516
911
771
214
289
545
911
215
57
750
437
160
160
424
484
462
160
160
854
269
854
269
885
716
858
398
488
98
41
112
241
885
203
132
580
581
581
365
278
364
363
279
284
888
821
847
751
951
917
366
896
690
194
736
888
736
976
396
982
435
112
396
396
580
888
954
743
947
531
531
959
309
947
743
119
821
872
147
844
685
119
802
931
147
172
173
821
172
743
170
888
929
119
190
145
696
821
138
141
625
740
743
626
625
946
661
772
726
670
539
536
539
653
726
543
85
741
811
914
950
798
253
784
815
812
741
804
817
533
727
727
344
63
726
536
757
758
946
55
164
843
962
328
246
974
349
946
552
357
653
666
554
264
319
319
306
774
138
138
993
761
219
610
763
763
290
763
317
219
299
293
285
513
953
634
955
955
955
955
937
937
936
936
131
213
171
902
171
171
774
440
131
353
610
355
610
619
231
381
619
373
210
769
773
899
904
788
1021
610
507
131
833
130
59
234
133
139
55
610
985
38
138
1022
968
989
899
419
1009
419
417
497
241
253
252
940
418
255
980
971
989
985
986
842
584
61
843
497
65
507
453
537
941
843
842
842
843
205
736
856
622
536
331
57
331
693
958
958
473
400
460
141
485
902
485
485
841
843
708
902
843
705
941
400
891
437
774
471
714
505
691
694
466
248
437
789
190
927
927
176
508
946
183
482
85
87
421
537
437
436
82
519
571
307
521
644
390
437
399
538
856
538
390
609
572
450
459
390
12
85
785
448
461
12
823
12
399
12
12
943
12
98
890
502
401
502
589
890
30
30
98
35
986
30
328
523
890
558
270
346
270
915
980
979
895
122
955
801
437
418
423
832
860
558
860
566
855
815
850
650
803
662
650
645
460
824
647
579
647
815
567
981
369
798
797
154
399
234
456
734
237
236
252
236
262
399
229
804
134
538
27
734
340
343
134
590
539
170
917
326
474
321
341
702
734
49
115
590
36
46
536
170
499
474
2
878
584
790
718
988
208
791
499
341
335
734
1019
831
793
786
216
2
625
567
567
474
61
562
799
831
246
129
982
905
904
625
896
951
625
606
908
336
208
867
311
799
64
67
621
1019
674
726
726
751
697
185
625
104
699
751
1018
812
185
300
301
570
386
203
563
181
1009
202
541
849
153
849
1008
554
1014
493
469
1017
555
957
753
754
329
792
975
752
964
981
762
765
765
328
144
1020
619
858
563
952
300
1020
858
1020
317
674
972
602
728
224
469
980
228
980
981
317
604
405
21
21
922
98
284
92
808
79
284
284
404
747
98
616
747
256
256
358
662
341
358
946
326
358
372
469
505
807
775
807
951
940
358
778
308
555
735
292
536
358
966
944
966
967
923
966
762
358
808
195
920
533
152
444
745
193
475
965
588
326
326
368
761
144
756
767
51
657
326
370
51
333
868
906
458
459
949
588
107
953
1004
774
482
768
471
19
22
22
189
621
680
172
965
79
964
974
80
75
105
15
428
451
349
278
120
471
1016
276
625
309
35
897
92
34
564
485
483
481
896
447
451
476
603
601
502
567
734
734
476
734
153
144
396
642
167
428
532
702
698
148
925
531
680
565
536
956
939
680
925
928
939
200
824
517
419
310
834
517
557
559
216
219
451
42
379
100
73
319
450
990
564
505
539
437
318
318
315
553
98
553
565
778
797
778
77
788
588
589
125
400
79
588
588
195
200
588
466
971
856
623
623
851
650
623
589
970
968
99
108
506
558
506
100
637
637
142
127
109
589
470
433
623
980
68
45
775
433
441
540
564
207
959
662
309
564
429
416
893
890
706
437
706
706
550
545
656
681
205
720
570
587
956
427
564
278
680
291
109
988
109
793
926
950
793
657
643
723
931
950
1015
643
125
297
336
297
833
860
598
946
301
290
301
680
229
50
50
229
1004
598
360
96
96
98
98
98
98
947
770
701
723
0
500
248
8
8
336
379
616
111
629
500
590
471
770
131
3
73
212
112
629
538
519
771
533
93
404
404
401
401
211
195
771
202
211
19
220
1003
720
1001
327
94
229
16
429
215
91
578
599
601
593
723
534
649
640
664
534
664
664
1021
483
212
542
542
483
665
384
384
445
665
829
316
317
712
712
712
712
719
382
538
868
872
108
647
108
647
102
93
6
49
538
0
1014
262
93
590
263
49
1021
262
468
323
591
591
590
351
1011
297
876
845
826
112
322
876
1015
755
275
296
402
274
767
760
274
314
829
314
583
554
93
891
895
829
375
361
363
556
757
203
628
630
845
757
863
203
893
405
462
738
399
526
307
750
653
1008
597
307
924
609
924
1021
682
445
190
461
698
256
263
673
514
182
796
862
821
812
73
81
514
59
75
406
279
994
998
995
742
312
833
256
271
412
637
414
739
327
637
1012
276
744
737
225
457
917
1012
736
913
912
912
305
271
245
135
327
242
632
305
826
154
269
154
669
738
280
21
1021
809
810
271
809
242
450
492
647
121
122
462
1021
425
425
974
426
454
425
1013
310
1009
541
853
78
282
514
514
540
517
383
101
259
78
101
669
114
632
950
559
118
46
632
1011
734
734
802
257
734
378
467
540
376
657
539
379
539
189
584
189
40
467
69
671
807
949
599
720
584
806
765
452
407
532
392
599
765
478
449
104
131
325
134
214
647
154
253
868
92
70
594
154
524
595
70
817
665
951
1014
131
92
870
871
862
250
76
862
177
234
248
671
92
251
332
271
997
537
964
296
678
682
680
1014
997
997
731
209
485
498
507
582
294
706
706
498
720
720
849
592
853
972
855
162
966
651
961
447
445
857
1009
649
429
580
429
963
1009
963
828
458
831
828
1014
806
227
538
485
570
949
586
570
243
977
817
845
380
253
949
256
747
377
701
256
817
304
580
813
927
465
879
627
919
813
416
260
692
377
627
377
972
958
92
570
789
913
858
562
682
300
536
272
300
858
633
826
179
891
171
1001
1001
247
241
179
179
186
894
241
179
498
147
183
179
141
366
352
632
674
747
639
674
698
697
536
252
331
352
723
352
717
327
799
918
382
827
227
822
182
831
331
597
831
812
656
656
81
3
253
795
858
601
300
95
303
253
960
290
343
600
40
249
350
41
654
249
253
215
449
390
310
277
279
449
590
901
467
955
590
618
590
418
905
553
553
390
553
123
901
384
384
38
634
266
420
634
538
436
438
262
163
97
443
1020
164
996
164
1012
359
324
97
24
357
161
254
230
36
227
24
981
231
412
10
376
376
10
981
131
132
507
334
128
703
135
334
671
376
986
702
989
991
319
289
472
473
358
300
251
255
248
671
697
507
286
335
571
573
573
396
145
943
943
305
942
387
566
205
636
651
396
399
305
651
74
673
763
364
277
609
240
611
761
445
460
749
765
749
708
705
841
655
708
385
277
751
756
753
959
642
74
959
647
384
200
195
189
423
426
640
208
749
516
593
741
464
516
465
364
106
106
16
988
591
622
16
749
591
420
988
308
458
460
451
364
460
1003
926
914
800
800
742
555
927
163
768
768
922
768
352
771
781
47
82
33
352
34
202
32
555
38
916
66
107
543
989
407
989
324
543
605
331
599
252
328
359
119
54
113
67
107
252
913
62
596
72
353
737
201
469
418
500
351
834
834
834
849
851
648
653
1018
538
19
783
0
594
733
777
180
183
835
148
238
85
504
198
234
248
356
356
235
95
281
255
28
225
997
885
985
225
95
95
324
372
281
571
225
147
225
790
780
1019
778
905
420
418
346
258
349
327
380
75
818
75
821
147
869
23
54
46
23
45
50
5
538
492
5
486
476
987
885
895
1002
818
519
538
368
375
987
917
562
562
902
518
324
902
880
563
132
949
563
587
584
471
732
470
398
287
442
287
281
947
441
618
202
280
567
732
203
947
76
203
612
1005
1019
1022
78
1005
886
78
449
462
449
750
754
886
886
350
762
658
201
423
596
622
409
658
346
852
629
346
346
852
877
327
420
660
73
412
661
248
73
704
498
250
396
818
251
818
738
250
245
99
440
245
440
440
98
612
528
615
94
94
612
766
661
612
663
669
949
917
409
920
766
498
906
900
895
123
938
409
89
363
113
917
703
703
201
917
344
181
808
656
907
919
76
76
731
180
631
202
201
917
631
956
959
957
959
957
900
172
581
48
577
98
322
335
581
576
758
921
920
577
117
905
940
935
174
935
935
268
160
268
289
404
876
189
725
876
876
876
925
890
890
279
289
414
951
415
861
861
41
672
165
55
145
32
404
487
481
356
509
445
509
465
672
733
733
333
679
571
729
742
729
539
465
906
148
0
0
115
316
538
613
307
309
272
333
165
192
466
78
71
536
403
78
402
165
923
659
466
113
536
658
223
656
981
283
430
981
1005
672
468
216
559
615
708
779
249
782
898
468
302
778
302
98
49
753
247
660
174
853
223
174
732
732
223
223
511
371
354
509
354
56
611
92
83
91
141
595
656
1005
657
281
771
828
773
571
143
596
274
624
625
461
624
560
560
281
190
199
186
629
624
629
360
624
825
624
865
925
248
249
825
921
480
164
572
39
38
870
868
39
21
168
168
39
327
252
909
654
909
399
360
447
891
62
709
891
846
396
885
630
327
246
205
205
246
245
319
371
79
379
319
520
310
138
525
443
37
740
78
275
2
275
674
175
175
80
740
50
593
573
654
716
194
572
203
679
715
194
1003
1006
50
679
711
770
891
76
69
771
327
65
721
401
446
439
711
600
602
1
29
29
754
10
1
723
386
386
385
847
960
961
846
335
386
807
400
792
110
438
828
72
325
725
14
649
871
369
380
109
106
109
108
541
792
435
651
889
435
467
400
649
414
441
426
380
467
562
566
425
541
590
753
330
572
981
281
263
320
453
244
891
296
244
341
298
426
737
737
372
174
737
887
836
572
342
41
839
438
142
268
425
261
341
341
76
887
224
406
982
41
407
687
404
75
398
442
445
224
592
687
889
659
611
145
611
377
378
608
611
611
438
144
379
895
546
552
552
436
438
951
912
889
905
687
206
699
211
122
302
673
303
221
218
494
540
210
326
405
727
540
727
889
723
405
208
587
587
721
586
412
359
330
329
330
842
757
732
538
494
181
719
399
201
696
696
839
249
301
251
656
732
253
300
659
399
948
331
209
948
658
248
208
208
664
209
209
376
558
934
612
959
710
932
756
958
756
292
431
314
841
988
458
989
541
437
538
813
934
1009
800
802
697
975
672
565
570
542
516
587
145
595
40
50
598
587
271
183
732
272
183
816
874
370
841
873
930
974
326
869
846
189
188
15
439
145
235
512
244
235
546
897
466
477
192
218
254
276
146
149
606
233
276
667
593
577
248
581
912
538
244
901
538
1000
148
1000
905
671
138
634
332
658
641
134
321
365
930
967
346
213
8
744
170
4
213
747
680
170
811
910
776
81
618
663
529
562
859
34
858
43
859
848
848
640
555
562
823
559
346
647
688
688
676
113
821
688
301
114
424
425
425
424
302
46
494
487
42
3
826
0
826
201
826
3
516
117
201
380
674
370
380
243
33
16
245
0
45
310
309
415
213
47
213
549
213
362
925
811
16
530
3
666
72
656
676
677
978
677
419
253
503
978
2
419
2
955
924
650
948
877
748
7
2
530
892
901
837
835
683
869
951
643
901
164
901
195
164
4
246
247
245
247
246
76
139
683
78
139
733
901
14
366
639
408
5
634
635
703
565
565
408
814
75
534
75
413
815
266
200
950
804
307
408
160
822
819
22
611
200
160
6
153
519
88
584
963
508
518
507
403
962
905
410
508
509
655
655
655
530
509
507
509
398
194
194
160
535
837
160
566
566
365
311
893
85
152
270
94
792
748
748
485
590
94
714
871
871
871
365
389
373
240
870
399
904
11
849
1013
822
485
173
490
490
173
173
173
745
463
99
390
485
361
99
657
139
391
657
985
1021
313
996
993
252
1021
142
266
142
213
245
328
335
458
458
610
462
886
401
91
600
318
291
595
823
600
655
292
91
685
72
571
685
1015
163
163
163
292
612
170
613
387
608
170
487
487
504
398
398
753
753
895
547
219
219
107
284
721
107
541
107
737
727
499
721
204
107
752
659
321
659
433
422
157
748
741
741
752
433
800
640
439
423
554
530
531
530
615
612
0
746
0
619
758
441
157
456
344
701
168
344
565
855
168
839
967
835
884
103
872
170
964
172
759
307
966
965
744
744
563
372
355
344
226
566
383
566
539
590
211
210
171
718
538
695
703
703
713
800
301
573
439
430
639
147
272
715
539
539
635
855
635
656
299
301
230
648
272
656
666
294
462
462
293
768
781
638
948
180
947
948
230
638
539
774
8
820
947
940
659
41
263
50
820
896
40
902
783
778
441
778
342
266
349
40
322
269
323
849
51
659
1020
802
433
1020
63
38
41
638
638
926
494
475
525
132
262
745
745
800
1007
1007
375
374
375
856
524
113
161
302
302
161
136
433
128
920
270
417
323
422
336
423
247
270
709
920
129
1
755
709
752
230
784
2
762
695
694
425
782
941
202
772
202
207
784
163
31
163
363
165
128
925
456
461
463
803
449
755
902
772
899
752
802
766
753
363
448
650
737
443
742
808
367
622
671
621
450
367
589
574
640
572
800
426
13
13
841
661
45
14
14
690
14
38
667
849
671
667
926
664
664
664
805
98
669
690
85
930
661
667
803
805
915
924
950
920
927
367
669
242
815
902
877
754
503
820
537
537
312
797
930
786
1016
789
789
806
242
284
969
969
791
671
534
383
146
138
939
183
797
755
764
58
766
503
812
59
108
399
399
312
996
208
1015
208
225
241
209
930
953
82
383
81
175
225
190
173
151
88
88
497
887
88
242
104
497
283
667
842
115
112
33
572
54
209
572
842
432
434
812
467
467
572
977
267
734
732
831
531
572
831
464
258
507
264
834
278
267
560
279
944
265
547
267
575
544
175
82
408
82
82
414
560
209
910
465
656
666
106
665
0
542
104
849
505
513
431
795
892
973
0
546
557
549
58
0
548
786
786
779
787
38
424
33
781
898
48
353
49
953
173
944
719
227
708
226
666
719
708
655
922
856
858
696
502
785
47
33
587
696
772
678
728
678
145
696
45
100
145
940
284
940
555
318
555
746
200
943
724
508
200
726
15
478
469
940
941
58
204
355
343
205
465
705
751
704
705
966
964
497
501
464
103
706
509
848
966
269
763
109
760
761
346
763
923
763
162
809
828
39
921
270
318
928
195
193
193
315
923
199
423
17
54
199
195
85
17
168
16
968
16
362
85
299
85
85
843
85
518
852
823
254
254
665
152
381
822
425
135
666
33
130
845
346
188
234
3
248
845
673
343
941
800
672
401
401
401
401
426
857
206
220
437
944
845
307
318
317
943
800
233
437
428
862
254
234
343
370
423
307
901
583
800
603
801
598
604
254
574
336
800
726
374
338
543
536
970
589
665
829
543
147
936
388
409
936
543
819
804
801
804
628
871
809
677
805
873
936
936
716
503
109
109
106
109
109
430
508
438
438
508
716
340
439
462
749
628
342
742
661
660
120
936
705
749
744
262
500
378
83
847
806
806
293
678
516
821
107
298
766
837
516
549
750
750
805
68
750
341
707
823
805
278
593
304
837
110
542
741
107
304
442
852
444
542
631
921
965
86
594
966
965
758
615
615
618
609
690
717
213
684
649
926
847
189
221
76
147
767
78
965
965
82
239
545
216
221
544
220
955
97
222
681
994
82
758
693
958
129
958
897
401
898
899
312
137
154
240
529
791
267
246
899
247
520
761
255
107
661
661
77
106
106
24
524
755
18
22
993
701
148
110
150
754
993
187
461
448
105
523
449
308
308
274
458
250
897
462
105
333
337
1005
333
1023
1023
1023
447
929
504
520
520
36
711
48
44
47
62
722
723
730
648
733
718
868
103
713
459
713
100
477
136
151
899
642
921
647
107
539
642
770
923
102
642
703
673
493
823
1009
369
502
1010
311
673
213
479
675
1023
249
726
240
1023
253
249
363
798
875
753
165
799
612
919
916
834
533
132
569
234
233
369
409
235
322
673
188
356
368
194
1023
331
285
322
36
964
975
570
195
1023
965
965
745
404
238
403
743
1023
558
245
213
368
135
649
556
363
244
222
556
715
37
609
740
686
913
686
686
919
39
712
726
701
727
717
161
710
383
491
368
301
258
238
297
297
297
851
166
856
201
243
522
517
923
201
917
213
9
188
181
609
813
704
310
231
190
97
808
800
254
534
302
120
808
801
918
408
677
677
677
709
979
9
782
979
144
741
782
609
931
55
464
203
160
116
69
8
736
692
741
195
877
427
741
1006
882
765
194
35
35
35
996
996
165
229
142
232
9
745
151
524
142
142
877
639
780
418
418
426
273
638
426
635
199
609
663
83
849
337
233
673
453
796
593
813
814
842
608
776
842
802
817
801
825
322
130
63
120
5
337
472
960
337
472
303
160
843
36
130
640
279
36
361
36
166
246
246
246
870
142
142
130
77
191
332
186
142
464
130
130
254
616
623
97
455
759
345
515
298
631
513
621
925
345
512
716
897
886
750
861
634
284
48
295
208
226
99
857
504
764
288
302
303
227
288
903
857
829
377
377
138
136
139
871
697
297
139
139
302
263
302
434
434
436
436
162
633
847
302
845
884
883
503
885
376
455
455
130
775
334
333
325
926
263
142
894
870
891
830
774
278
782
774
773
202
202
204
204
383
334
328
830
526
830
857
300
169
316
878
754
472
754
472
475
754
773
607
448
463
501
459
501
456
352
605
993
501
501
501
848
314
1013
858
858
6
923
209
165
963
758
209
104
209
437
276
277
502
502
276
277
429
430
437
276
420
419
878
636
169
565
963
796
194
230
636
254
253
431
254
619
580
428
619
431
7
195
1
495
214
492
506
2
922
553
951
212
955
958
553
123
811
636
886
300
153
56
924
250
718
123
85
348
371
369
368
855
124
340
124
124
764
147
618
164
164
854
428
160
422
422
166
838
411
146
572
250
608
983
2
742
572
34
768
314
235
145
237
477
741
156
559
741
819
214
214
29
189
21
81
19
146
755
527
980
51
370
376
370
875
145
342
336
782
477
902
151
453
805
785
482
409
500
54
54
38
116
592
113
55
195
490
494
557
871
871
871
327
508
189
869
25
227
199
557
226
148
226
226
588
728
732
25
623
790
425
557
143
27
104
760
557
764
244
754
382
128
531
131
643
99
531
531
499
644
653
357
804
569
883
347
532
991
972
357
409
145
380
260
124
765
124
764
165
882
346
202
124
114
809
210
201
884
273
128
884
884
138
6
449
755
336
476
824
836
766
221
91
95
93
885
763
885
346
348
95
93
472
586
477
944
548
474
818
426
260
326
578
336
814
256
820
339
377
87
935
815
805
96
428
321
578
93
452
321
95
302
666
321
949
901
806
94
836
926
901
903
902
812
901
838
282
482
362
304
289
9
483
830
755
135
63
374
995
588
960
140
293
57
299
1007
869
181
45
180
183
482
1005
163
475
85
645
644
825
472
474
659
640
649
103
106
636
109
103
34
807
509
926
807
820
836
84
791
749
837
769
877
837
508
541
182
482
95
319
167
166
321
477
508
886
124
344
351
564
344
315
148
945
112
915
500
396
395
242
222
482
735
734
735
735
735
734
735
645
534
237
645
645
564
933
990
79
957
476
406
406
776
134
79
218
219
985
565
556
407
413
78
241
78
241
64
906
45
662
1011
990
575
514
650
654
514
716
559
837
558
565
563
559
184
887
780
695
788
242
411
824
101
122
117
97
241
241
441
441
407
440
443
693
792
443
363
566
245
610
566
122
612
872
615
776
512
512
741
516
589
97
513
281
285
96
823
513
516
100
516
970
112
378
84
970
751
810
874
794
810
918
918
921
699
921
78
704
798
70
693
723
695
113
500
970
999
998
998
999
841
999
695
1011
428
945
945
428
273
800
745
802
803
313
272
927
272
809
585
585
952
465
313
1013
1015
313
153
153
956
153
930
169
598
169
598
598
65
598
598
598
229
362
117
231
230
230
903
474
840
477
585
585
680
680
134
680
186
183
272
252
245
186
821
375
226
801
226
801
801
800
491
436
902
130
33
515
279
801
226
226
465
589
822
630
226
821
617
1013
403
1017
110
67
400
109
401
796
814
922
688
182
693
326
186
916
677
321
902
154
814
811
155
776
98
158
305
868
774
277
66
64
598
425
926
305
629
778
595
521
20
383
298
898
597
189
595
752
752
953
413
792
167
150
189
658
465
201
807
201
201
201
807
465
465
866
864
883
868
869
106
645
465
248
617
612
248
947
365
612
926
438
17
691
351
617
617
383
338
267
708
716
773
872
467
17
837
352
528
528
222
79
317
868
449
365
788
219
108
365
528
856
787
738
959
859
139
103
886
870
285
375
375
13
372
631
139
633
512
196
102
109
536
544
714
302
961
388
867
513
879
992
332
598
599
872
606
334
1013
544
838
277
533
533
611
848
675
1016
749
959
533
1018
999
195
862
516
576
523
73
73
335
1018
100
272
562
893
944
273
581
512
659
583
272
377
879
682
629
561
979
582
977
977
223
233
977
977
274
523
725
149
570
240
254
221
569
236
236
570
231
232
231
521
965
570
569
17
18
407
448
755
31
454
448
413
878
809
662
304
418
0
364
854
925
458
951
456
929
845
854
787
124
938
673
533
517
216
63
418
48
48
98
423
45
755
914
407
730
663
723
723
663
641
641
371
641
375
641
764
965
641
609
547
947
89
947
923
606
606
219
606
93
92
526
606
283
821
343
606
472
564
976
870
253
425
14
990
254
976
49
977
594
594
905
594
821
976
662
821
816
822
793
213
908
148
906
906
540
532
347
217
546
382
906
916
491
875
988
436
434
988
745
548
656
889
730
197
892
418
476
891
132
571
212
830
119
235
571
663
826
826
680
540
514
566
550
