mesh_partition_v1 1024 26411 -1 cell_order_v1
83
637
853
418
10
993
110
389
998
390
1005
529
995
424
802
308
110
748
264
739
10
110
249
431
66
418
431
796
349
111
477
419
727
692
428
837
691
666
679
621
564
57
313
482
621
312
621
862
727
727
621
371
418
371
386
371
883
883
856
564
564
218
564
882
882
806
489
122
371
620
142
717
481
395
449
726
197
327
968
644
142
556
449
454
726
218
140
142
473
550
392
286
257
304
9
392
289
921
218
24
218
395
1007
649
931
217
649
283
257
726
604
250
598
816
649
958
856
678
891
131
693
678
603
891
891
891
704
418
272
114
250
682
713
93
682
611
586
217
800
682
234
162
682
952
784
268
478
302
535
531
268
318
12
535
708
535
929
744
48
268
590
456
779
703
474
268
723
723
723
776
750
252
697
801
910
698
801
801
476
801
362
106
362
906
694
193
193
252
195
192
949
936
555
9
217
195
406
251
32
850
734
611
32
243
423
9
808
409
291
653
608
291
510
602
968
874
344
11
165
995
506
994
506
734
894
347
786
932
798
306
325
133
723
333
994
995
306
995
328
270
917
800
793
635
599
270
814
9
267
880
314
803
153
815
940
876
143
815
330
427
815
95
474
585
43
774
339
95
9
247
774
9
9
367
0
236
246
36
397
597
91
138
508
965
77
343
972
811
244
261
337
817
265
412
264
171
412
139
1000
248
138
360
138
387
939
247
959
816
667
55
137
969
743
943
937
1001
596
277
364
567
591
454
416
364
210
367
961
28
80
878
926
437
46
46
823
45
128
255
947
425
928
215
960
255
949
253
253
391
870
960
897
1018
1019
997
253
354
315
1020
1016
354
53
53
744
778
53
227
944
436
569
604
778
961
783
227
783
565
601
564
854
275
74
260
564
197
976
976
328
564
904
261
392
199
199
975
800
197
990
261
339
937
937
972
567
754
928
276
970
211
173
476
618
260
738
339
372
726
779
593
218
268
731
292
339
339
691
533
311
82
730
274
779
779
275
844
73
275
779
615
273
20
615
432
763
309
615
292
615
763
611
763
292
763
630
735
384
134
134
446
322
941
521
322
573
1005
323
967
836
105
440
728
749
17
739
65
67
66
73
70
134
292
278
863
719
323
278
350
944
944
552
533
278
734
972
405
372
720
554
278
437
802
438
734
944
354
689
1012
942
775
476
776
38
110
823
19
798
456
947
718
831
60
944
148
800
438
438
437
331
503
331
709
589
209
542
210
979
345
712
665
616
186
799
350
554
785
200
924
584
925
925
437
542
397
372
397
396
182
181
396
746
177
181
697
543
177
242
959
312
948
312
21
975
29
545
312
312
853
543
525
525
419
489
525
494
401
632
638
491
809
543
32
619
969
809
525
720
343
543
170
327
465
619
324
924
64
476
38
338
34
318
329
510
329
509
523
675
674
476
733
742
855
720
759
853
853
518
221
548
855
674
675
317
221
943
535
853
869
853
707
205
323
855
741
940
728
741
176
60
940
304
384
291
204
585
470
42
281
423
386
385
942
447
398
258
741
942
954
223
507
741
210
66
854
476
442
741
954
466
318
562
893
431
893
894
560
371
1007
434
550
790
857
954
701
1011
434
653
902
21
12
318
560
562
25
869
252
252
621
621
569
69
435
20
862
523
521
954
476
521
621
572
1013
268
719
1018
1020
277
435
127
119
416
392
119
625
732
446
125
480
158
88
182
732
186
732
118
113
83
732
256
619
137
240
724
704
532
619
270
794
532
572
675
679
572
679
110
976
983
509
428
563
698
51
496
871
345
496
871
708
617
502
708
210
405
650
210
474
947
546
496
474
508
45
722
925
925
150
112
475
852
626
137
12
630
925
606
925
173
302
605
792
726
726
605
137
572
609
226
628
582
116
627
605
400
168
42
168
168
658
675
390
559
390
638
3
534
72
91
368
390
630
348
51
724
19
842
69
630
1013
332
169
405
593
624
84
624
330
127
409
812
66
546
84
411
100
73
73
766
117
6
227
523
201
488
280
314
561
887
385
637
357
175
637
887
325
38
624
624
778
546
802
558
778
586
176
311
587
754
632
686
590
303
82
688
596
424
546
226
445
279
767
609
546
609
609
609
842
757
183
498
763
452
757
338
757
561
757
498
152
369
262
498
222
441
423
530
498
686
423
335
423
567
535
498
446
469
723
686
262
686
854
1004
233
636
298
854
462
406
470
815
854
855
854
433
854
961
197
456
58
85
998
357
123
978
689
457
822
940
822
114
263
543
949
940
65
263
422
294
232
978
578
812
978
232
727
978
655
679
235
387
65
65
202
654
222
409
82
407
971
65
322
85
156
147
62
221
442
401
400
239
595
322
621
608
981
152
137
138
133
176
137
942
81
793
139
784
84
332
688
115
540
658
222
137
131
829
162
137
545
327
593
546
546
219
546
793
329
410
404
522
244
710
536
688
968
522
524
604
291
344
524
928
223
444
500
222
382
657
1013
1013
83
943
344
372
1014
47
599
1014
1009
21
33
654
485
142
180
209
167
860
169
496
175
243
1005
247
655
764
655
862
255
603
164
764
654
766
496
485
83
1005
184
749
275
989
295
591
197
197
986
591
655
47
591
394
0
6
99
160
83
83
274
997
579
628
502
1005
291
997
798
614
753
261
701
494
494
714
631
798
256
798
703
256
890
798
968
775
843
1020
968
968
275
263
1008
289
968
384
860
257
115
115
557
309
115
271
271
1008
496
464
309
309
275
272
115
488
386
410
1006
410
386
491
491
918
974
487
474
481
261
476
387
395
478
257
561
602
997
997
717
387
742
717
146
571
747
285
410
281
67
281
0
281
281
281
410
257
725
831
674
43
116
126
674
484
727
685
370
674
674
978
881
987
967
198
670
977
629
199
727
388
584
727
633
761
632
605
502
405
633
633
563
878
682
378
563
563
444
753
718
557
504
725
687
686
786
445
494
803
763
304
208
886
725
722
792
133
640
854
892
975
652
199
640
105
522
199
167
477
161
685
994
401
133
101
539
892
401
390
861
141
610
966
892
700
790
563
394
167
345
163
294
401
9
315
120
323
459
825
389
470
474
707
701
513
824
962
11
401
120
5
529
738
163
5
198
197
884
799
408
586
425
275
64
5
156
63
928
690
32
402
48
584
2
402
28
581
690
408
794
74
690
799
581
787
563
690
980
451
821
267
588
32
630
758
631
267
292
836
105
883
945
782
141
755
432
267
990
63
676
432
815
63
676
433
138
790
203
212
861
795
432
385
676
147
207
58
155
335
749
346
58
310
674
185
810
676
105
266
105
355
712
735
355
579
273
748
243
180
811
774
359
946
774
296
413
810
810
772
428
428
428
946
428
554
147
376
178
426
721
154
851
376
777
720
539
387
1017
918
146
678
842
998
266
298
745
707
834
721
839
376
946
837
376
832
786
847
355
835
904
621
962
832
946
315
834
223
19
42
27
187
672
974
921
42
944
986
711
185
145
182
42
355
159
914
137
673
42
153
791
679
261
314
424
292
308
676
791
672
962
791
679
941
704
151
672
850
239
252
237
700
563
837
677
761
304
270
284
284
761
791
151
677
55
677
609
173
543
871
173
871
871
457
80
112
814
455
1021
765
151
151
455
832
761
22
108
1
53
459
473
468
644
392
455
666
503
621
539
766
108
738
1
234
814
541
349
230
910
506
6
230
455
429
152
424
529
6
230
843
167
186
399
332
334
843
228
379
825
334
943
978
843
334
334
230
714
843
399
334
704
332
465
794
871
414
263
905
321
415
291
234
905
478
412
906
412
55
234
980
992
782
189
997
149
80
71
993
84
187
993
232
480
476
477
477
232
479
621
993
833
781
873
783
781
90
127
781
877
621
366
392
873
927
458
457
624
624
814
510
172
767
172
356
621
234
105
294
339
234
820
837
288
782
883
830
165
678
624
294
259
428
352
387
387
387
761
458
387
366
234
363
983
983
983
458
983
234
876
936
744
739
707
794
806
887
664
642
841
872
97
596
885
737
362
99
364
294
104
806
295
794
647
961
470
312
647
475
955
584
611
399
596
947
667
181
971
955
647
657
640
838
582
391
977
76
929
957
578
653
952
903
714
96
713
699
145
715
699
304
925
578
460
452
530
578
955
492
34
1017
588
708
492
589
699
913
129
651
654
651
926
679
969
648
838
223
679
712
758
650
535
129
177
468
993
492
454
693
129
145
693
709
896
615
1022
692
492
633
601
487
71
437
568
913
718
613
699
876
702
80
1021
913
913
165
171
170
586
91
395
437
472
996
806
795
395
74
194
106
586
437
586
157
157
375
930
930
814
156
693
143
128
437
840
149
691
832
769
909
55
165
10
840
302
69
407
271
167
75
694
694
201
201
268
201
646
55
94
586
41
201
87
836
167
165
639
754
956
533
603
821
265
958
958
643
276
287
577
302
928
163
576
822
822
93
956
597
908
111
487
254
986
822
822
169
846
919
451
546
25
109
642
681
169
169
267
398
109
509
19
995
846
265
328
111
156
659
514
514
658
446
915
503
533
718
573
573
228
141
395
928
37
130
886
884
928
230
871
284
846
282
886
801
846
960
392
88
298
299
824
963
951
319
229
466
533
544
618
299
899
206
870
549
538
905
299
963
963
963
120
38
642
963
436
963
963
963
207
403
38
392
538
25
456
946
900
1
8
11
376
30
38
83
207
538
619
992
207
109
162
160
538
236
533
215
380
278
388
792
390
381
506
601
736
98
744
381
21
107
582
132
380
727
727
662
727
729
34
706
707
99
678
593
133
709
409
707
479
744
133
517
132
280
727
131
704
533
280
364
365
912
357
990
128
567
909
535
86
983
909
1
462
378
913
968
974
462
84
757
887
84
829
246
246
280
218
668
245
501
419
586
303
280
145
345
419
86
303
936
274
288
258
983
282
937
937
274
385
280
558
51
681
814
574
630
528
533
523
545
687
245
740
921
245
419
970
461
718
58
457
449
586
34
587
970
101
270
245
589
754
970
970
1013
805
1006
964
830
793
830
263
497
430
499
415
270
289
793
293
268
890
525
830
890
1002
740
28
578
584
749
909
25
890
29
410
676
890
774
593
1000
771
728
779
522
410
835
1000
118
913
34
1000
972
917
890
339
918
275
918
446
417
718
1001
586
344
345
704
724
266
1001
40
386
812
448
448
696
569
556
195
975
40
960
960
970
843
972
620
961
971
228
828
699
966
847
228
808
664
544
843
851
841
661
240
432
177
118
888
550
975
815
240
116
256
544
241
289
267
121
402
618
202
241
618
699
873
664
664
696
874
276
873
166
415
597
839
627
655
833
656
838
656
576
424
576
767
631
477
630
764
787
649
466
508
660
477
718
575
658
337
753
664
65
764
616
979
630
980
664
396
173
54
46
631
42
728
47
321
803
792
47
174
634
399
884
71
140
986
967
701
673
595
399
824
695
192
77
697
43
43
174
110
89
980
634
104
467
46
101
827
822
399
353
399
634
499
634
833
867
353
987
581
534
862
742
60
600
979
60
600
951
662
215
432
729
442
253
60
34
275
992
337
389
420
60
766
726
603
387
510
290
499
290
908
680
951
680
390
680
290
908
876
802
600
60
485
452
473
133
669
698
290
253
213
133
799
198
784
786
1
787
899
600
646
493
162
509
646
427
841
427
133
841
31
728
473
399
569
704
962
839
160
757
192
167
167
340
392
584
167
139
570
574
404
549
198
414
918
473
473
679
473
213
12
227
679
756
570
262
227
746
679
683
224
683
270
783
396
271
954
552
979
953
953
469
469
848
570
679
194
667
92
82
736
470
1005
808
302
933
62
1001
976
88
808
875
238
173
901
568
549
470
221
570
765
969
1013
997
271
360
309
307
132
62
668
754
850
63
910
44
686
765
751
361
540
63
36
916
586
936
969
820
951
951
944
361
71
33
450
115
736
229
33
649
692
68
173
694
607
33
33
672
649
620
363
620
341
620
754
132
346
346
650
672
132
456
978
798
201
905
620
601
449
449
683
228
684
54
182
802
883
822
800
642
1009
774
672
804
910
801
361
209
781
827
68
976
792
829
870
228
826
882
1008
153
395
757
210
810
186
1008
43
121
449
76
380
294
413
68
929
876
613
929
603
76
697
72
602
504
329
43
593
885
202
414
62
473
140
412
938
27
936
473
917
945
473
473
5
936
144
874
555
939
1014
978
7
1012
555
421
409
1014
407
196
1014
504
210
199
512
199
1014
558
1007
1014
908
504
504
716
38
38
211
211
1014
656
983
957
959
837
38
1011
972
451
1009
23
769
773
160
558
963
592
958
1019
56
961
976
807
950
176
163
592
604
346
757
13
38
361
295
94
888
66
860
592
95
898
95
962
961
807
953
962
776
839
833
833
108
584
806
140
592
776
728
32
729
728
726
562
568
839
834
729
735
206
729
266
101
186
776
841
322
936
867
846
577
277
444
752
473
15
444
733
975
754
628
559
567
911
735
260
260
753
687
280
444
272
64
785
476
272
294
444
155
64
73
331
183
331
73
65
295
272
295
292
966
982
783
272
597
802
806
331
550
577
427
661
600
641
306
762
600
331
762
414
295
271
420
277
762
274
610
626
541
625
104
578
899
387
677
578
663
762
49
205
54
189
437
953
332
65
332
332
332
189
953
188
809
811
114
121
101
116
160
62
158
372
116
956
367
116
158
622
389
116
735
62
968
734
62
61
684
871
723
299
558
722
31
492
734
802
722
558
942
493
228
193
420
139
164
299
716
734
733
341
837
558
193
813
716
807
812
861
435
435
860
435
805
981
299
958
299
444
686
164
371
54
54
802
95
460
409
55
137
752
205
740
55
764
507
460
517
270
435
762
137
520
159
170
363
164
172
164
553
553
46
934
728
158
130
726
735
460
899
364
728
554
729
728
730
227
865
865
798
798
460
265
728
866
550
868
762
265
677
361
811
304
813
361
366
130
361
762
130
264
182
795
133
43
883
984
179
853
855
855
108
304
452
96
719
741
264
361
470
589
28
183
788
184
599
491
453
791
791
162
183
183
576
790
716
121
126
119
117
402
183
636
865
121
1005
325
524
325
787
322
994
930
322
865
787
450
448
448
627
627
202
757
154
677
47
23
439
716
395
54
27
80
270
426
692
270
255
255
945
677
668
695
330
300
549
202
945
236
639
179
89
202
105
272
104
559
590
126
584
596
227
716
126
318
493
64
110
126
202
141
307
803
978
961
226
236
435
802
883
800
633
435
34
910
994
112
616
35
51
496
34
126
307
264
406
457
520
16
517
34
825
807
2
726
745
2
389
721
2
418
490
500
255
2
862
307
330
510
892
501
307
284
803
943
457
783
231
575
575
863
150
151
255
776
2
35
336
845
845
405
825
825
407
983
824
983
912
405
986
555
569
71
630
408
848
845
400
701
54
58
626
439
112
215
253
249
386
28
337
638
33
877
44
28
638
397
508
701
508
397
645
856
845
590
645
90
927
475
895
432
432
444
436
254
248
668
484
254
249
432
645
432
212
277
447
277
730
895
877
913
925
1010
368
817
892
534
758
1010
521
553
48
601
553
557
51
48
635
48
635
635
408
154
136
182
136
197
118
41
242
601
635
448
362
892
126
250
32
214
601
819
544
1000
441
338
362
311
601
673
188
240
533
324
448
509
895
339
895
908
40
194
82
910
82
229
200
82
476
82
463
284
906
919
910
863
718
647
188
988
988
808
386
199
305
1004
206
202
319
188
1004
647
398
202
652
995
262
613
483
37
483
508
483
511
615
620
562
564
530
483
608
564
262
416
505
262
79
708
285
162
613
140
313
349
262
294
1016
284
441
525
576
441
524
789
441
278
441
235
538
495
716
511
188
527
524
446
208
376
861
416
446
376
406
376
447
447
828
248
1009
966
376
1019
716
769
977
1018
960
802
610
777
1004
860
1008
65
802
808
709
248
326
18
369
250
254
229
19
709
907
764
710
710
584
710
710
987
977
444
859
732
977
710
252
792
709
855
802
983
547
540
875
134
983
983
229
979
907
673
922
132
907
132
231
134
244
996
243
115
810
825
510
1005
301
875
446
350
505
443
443
875
510
607
514
875
505
69
587
505
945
505
505
424
509
257
273
768
288
286
900
32
900
667
946
491
669
857
491
719
402
405
306
567
430
445
268
503
470
153
567
472
719
477
473
510
134
510
712
475
134
565
565
736
752
565
567
564
128
134
533
652
475
499
653
307
261
309
261
495
475
331
283
134
43
363
379
587
120
379
690
201
217
216
120
234
829
690
27
552
120
234
552
305
121
552
5
559
690
742
552
895
198
942
363
645
682
641
674
761
549
690
670
942
724
34
73
376
378
194
379
185
166
113
378
715
735
480
381
429
587
978
357
983
3
376
598
849
157
910
725
159
872
379
897
19
725
951
627
849
384
949
949
949
627
376
651
68
377
698
510
972
849
849
986
781
627
101
627
784
281
211
279
106
98
673
784
338
480
156
987
474
784
987
9
540
475
605
513
530
606
992
988
976
839
784
848
204
794
986
812
460
48
48
49
471
36
132
132
748
555
748
131
435
110
36
463
475
478
434
434
901
442
128
115
214
783
135
684
463
112
438
747
435
744
96
81
218
442
30
462
887
756
30
693
443
763
28
95
15
32
856
218
856
975
670
575
650
516
759
465
324
516
688
760
219
942
997
762
756
756
861
333
330
337
819
283
819
197
57
462
465
262
554
479
960
557
962
31
543
861
811
523
879
866
219
240
430
297
518
211
913
436
996
436
861
861
739
297
728
812
845
655
297
574
556
297
471
440
297
293
293
959
460
963
856
556
187
959
854
293
179
163
293
471
431
431
697
556
131
471
191
959
715
430
112
426
479
489
476
809
470
640
149
80
770
187
706
575
619
567
706
570
471
187
715
787
908
187
152
187
726
835
694
771
616
404
644
231
404
770
352
80
835
828
297
151
835
297
239
157
426
286
218
287
835
57
280
224
224
192
426
684
353
129
139
458
2
229
767
767
355
186
848
83
124
426
127
2
764
218
380
426
578
629
754
658
452
901
658
620
323
988
323
106
988
218
53
15
362
457
323
355
372
1008
323
398
398
243
398
864
352
398
1008
1021
254
1018
1019
1019
819
823
106
678
663
267
799
669
669
206
964
1018
996
799
144
799
799
146
151
227
166
271
528
47
385
420
428
501
845
528
658
389
1009
335
296
25
354
541
625
1
542
297
658
656
551
551
158
664
68
955
354
137
32
25
28
644
853
271
44
691
853
670
126
782
794
691
644
802
790
132
355
853
161
161
410
229
192
229
366
700
77
554
157
460
461
579
694
157
101
612
99
617
225
159
779
44
832
874
159
802
865
807
386
464
487
167
802
718
803
803
637
738
588
948
225
32
359
1009
359
142
366
765
99
203
300
682
765
72
182
948
72
960
177
636
87
948
636
101
904
13
102
948
948
866
450
868
267
904
824
878
267
873
866
862
267
437
354
844
878
206
335
742
489
599
403
265
531
637
592
841
640
334
531
516
863
663
124
844
593
104
648
576
516
583
274
592
836
173
126
89
117
339
1021
450
373
742
936
612
936
450
915
974
482
936
936
739
53
370
734
898
713
1008
1008
898
20
569
33
5
171
898
898
898
898
18
612
614
378
72
111
1003
1022
974
450
1010
614
378
614
529
544
627
166
1016
190
1016
1016
1016
230
894
885
798
95
159
844
296
627
639
804
95
825
804
95
95
791
912
682
87
141
940
165
942
942
157
639
112
795
841
292
451
711
797
914
593
404
171
833
940
71
77
71
613
616
41
71
182
861
677
71
179
644
645
42
623
42
217
173
719
73
157
721
577
147
640
504
155
45
160
296
175
504
203
45
404
908
719
603
974
541
155
636
479
2
479
479
712
479
933
974
247
865
719
865
974
923
719
353
155
171
464
26
496
26
470
26
714
469
26
723
502
196
361
680
347
738
901
181
476
181
738
479
465
639
101
454
652
863
863
305
504
181
13
55
533
504
532
532
501
513
528
568
529
530
353
101
1005
788
935
533
353
300
33
301
611
282
272
854
974
244
250
878
763
632
632
223
97
899
115
553
282
295
398
314
632
491
263
260
272
911
150
553
147
49
251
317
180
632
350
552
464
272
553
350
625
565
350
790
350
481
883
853
312
315
452
222
616
310
71
404
348
222
460
865
982
908
790
133
986
852
353
364
886
353
855
614
365
106
314
264
910
554
298
980
410
412
957
910
467
246
243
734
246
898
348
746
505
209
790
505
348
852
354
408
977
218
979
21
223
404
798
112
790
973
429
386
386
935
386
688
977
337
687
258
320
687
394
264
500
387
408
681
688
570
340
733
429
681
407
270
687
278
947
676
591
591
887
817
887
887
887
408
904
9
268
307
340
137
668
310
947
386
244
77
673
601
947
244
740
121
947
50
244
411
354
863
901
415
507
382
353
540
198
244
471
531
551
634
527
259
199
198
417
197
546
547
12
370
417
1
259
417
625
593
353
536
629
537
914
0
916
938
3
914
352
50
417
904
268
356
966
966
259
966
470
232
709
259
747
713
966
470
197
309
834
526
50
177
765
765
863
176
1013
962
962
845
1001
33
153
153
313
153
309
1019
33
153
50
547
199
601
833
840
740
834
759
362
462
840
586
834
757
765
73
1019
652
760
736
77
77
509
914
500
491
496
704
428
451
77
629
303
301
290
815
634
909
577
290
170
300
77
290
168
632
1019
770
449
686
449
953
326
331
1015
195
750
521
42
989
449
408
439
720
43
857
506
175
288
42
244
174
686
18
686
248
989
800
517
629
449
516
519
540
989
792
625
585
288
836
786
288
858
1009
548
550
951
989
418
288
689
642
585
242
563
104
657
82
642
303
419
859
520
562
639
110
360
517
619
419
657
360
936
908
663
993
562
805
850
223
198
200
594
387
563
917
762
349
576
534
627
689
81
521
995
592
604
753
734
916
950
665
665
89
576
89
635
667
389
419
95
418
20
81
844
348
739
731
269
269
510
845
790
917
1000
416
998
971
945
598
62
85
888
976
784
495
129
880
135
917
246
594
640
594
220
869
91
89
269
840
422
867
419
594
493
575
860
790
844
851
572
329
691
750
850
548
548
594
269
169
683
680
982
415
80
505
680
61
505
982
107
77
505
678
683
442
98
768
329
125
768
329
982
177
750
595
284
598
316
576
313
505
238
826
529
77
329
341
107
208
872
943
109
1017
943
37
47
298
106
37
638
491
156
708
696
250
711
767
157
265
116
764
157
306
250
127
745
157
208
674
717
250
119
246
213
250
738
431
982
478
989
208
26
458
890
554
12
223
225
770
803
770
802
220
20
537
106
462
31
984
26
313
459
789
106
19
122
23
62
952
515
894
371
750
1011
1013
515
1012
1011
515
419
175
818
840
158
877
150
894
66
754
754
800
23
515
312
158
312
834
98
101
371
574
3
361
6
438
314
600
680
761
670
98
608
371
375
892
229
390
414
409
983
974
978
441
414
224
255
384
197
537
397
810
819
493
192
220
937
321
310
291
271
934
950
493
661
950
348
384
809
441
999
759
876
186
1005
438
803
85
347
843
347
473
322
466
657
461
583
544
797
586
580
797
200
450
995
202
450
288
774
832
450
847
914
914
863
847
939
288
759
939
358
216
939
53
97
939
642
719
737
288
608
484
833
810
1011
469
689
1009
205
634
797
579
321
654
965
967
329
1010
960
203
777
203
828
194
330
782
484
331
331
334
782
832
485
626
831
51
69
203
180
858
215
51
200
796
202
804
962
400
243
962
747
62
208
508
178
48
48
447
357
714
400
735
992
74
113
117
611
494
196
555
407
611
407
735
720
720
764
613
542
183
400
796
400
411
413
256
264
323
205
352
819
938
266
755
754
755
176
615
316
250
317
755
755
755
754
754
416
819
284
416
447
889
305
647
122
743
284
447
284
876
165
338
23
480
897
25
27
999
1007
575
26
287
453
310
231
23
863
849
40
628
251
886
987
492
972
575
211
62
770
359
768
934
158
2
357
211
368
6
291
226
290
812
511
919
345
876
941
935
251
251
437
788
1004
437
830
251
794
231
370
251
251
437
485
231
328
321
251
329
534
250
331
902
328
538
992
518
154
718
718
323
521
11
7
76
613
902
478
902
371
716
371
521
322
137
610
639
610
745
518
569
781
702
665
641
611
725
136
474
482
725
180
725
518
179
182
39
362
182
182
371
182
18
137
371
962
22
725
960
967
102
180
371
65
884
532
259
424
432
261
426
261
807
552
259
879
427
268
426
427
862
862
962
879
960
635
962
962
259
259
821
261
969
9
518
600
610
601
518
533
579
895
892
261
463
57
120
559
40
109
321
314
1001
172
503
178
428
261
878
430
424
104
30
283
967
190
117
188
875
329
28
102
71
368
863
610
607
965
95
952
552
551
714
880
965
973
935
1003
390
261
34
597
967
585
701
693
647
261
34
857
863
714
953
8
717
201
31
909
909
247
956
836
282
860
95
862
94
114
89
785
174
974
1008
909
282
175
785
925
781
909
261
743
78
789
175
662
173
79
664
668
70
280
959
69
791
402
925
880
652
626
698
877
654
584
596
690
201
615
690
73
880
597
641
127
79
49
602
201
650
104
88
944
388
602
78
626
868
602
869
696
626
698
403
444
83
83
490
83
626
600
594
608
871
935
106
124
106
456
190
70
856
172
834
477
105
477
195
392
193
175
579
334
680
986
286
350
513
477
230
532
625
165
513
350
943
951
947
41
488
489
456
510
499
23
951
519
368
619
684
836
248
749
100
750
368
229
317
350
456
131
130
456
1023
205
240
502
625
852
37
638
446
447
447
365
395
446
270
393
988
350
582
351
365
341
404
583
365
119
853
301
449
827
388
388
590
582
582
619
65
454
856
287
65
67
633
292
89
389
19
53
108
67
67
502
986
389
590
730
281
281
1016
904
1016
1018
730
730
969
634
579
1019
334
907
750
730
65
353
740
502
65
877
457
445
425
492
877
445
853
1018
759
759
686
405
1020
759
877
7
648
788
877
648
649
948
439
654
649
406
648
837
860
405
408
408
964
894
404
420
337
468
894
299
468
347
395
948
637
372
991
988
310
860
808
471
372
417
341
789
380
620
555
794
891
921
278
457
226
352
144
148
468
188
894
466
188
386
891
881
374
458
102
410
322
13
468
410
0
659
33
662
612
881
881
871
660
985
974
33
612
133
158
400
881
33
75
169
168
22
108
33
663
850
594
607
981
611
102
116
123
712
234
82
189
846
77
1008
234
415
161
22
170
1020
109
139
207
531
226
575
515
535
625
1020
948
226
712
528
72
72
925
684
169
712
740
128
687
1021
164
684
226
821
779
712
820
332
316
1021
582
483
718
719
735
66
483
474
69
852
66
47
314
352
352
68
546
412
364
366
546
365
352
778
352
304
304
821
636
938
494
938
985
375
617
447
985
985
1010
1010
354
985
1010
755
693
586
619
637
383
382
65
956
109
705
383
764
302
764
383
228
705
237
923
693
602
345
706
399
477
364
879
1016
855
701
900
961
961
805
961
701
754
498
215
588
50
329
198
642
381
588
119
439
304
119
222
917
304
15
25
526
917
812
30
805
813
589
804
970
263
919
297
966
237
923
932
810
644
263
177
979
215
724
215
498
131
919
515
520
606
342
752
872
519
268
268
519
366
366
880
366
230
387
366
72
297
578
341
490
873
72
873
75
752
885
873
448
467
660
75
243
468
872
660
564
566
917
565
565
822
565
243
666
519
315
343
243
272
243
754
632
179
289
859
263
283
263
667
984
781
519
263
117
827
667
666
581
895
117
792
116
981
770
601
151
1
776
772
770
742
34
694
770
395
52
11
117
770
981
175
17
873
181
873
836
430
863
397
965
599
906
601
964
966
314
858
3
872
192
867
17
980
852
263
17
873
849
17
498
870
958
873
958
687
100
75
643
767
578
257
74
272
74
438
411
273
686
643
643
749
406
643
75
502
643
640
414
100
624
981
971
657
3
338
796
336
397
274
409
274
815
762
488
962
1023
1021
1023
409
211
763
892
395
159
573
159
159
748
159
747
209
49
605
606
274
359
918
44
622
768
466
878
223
769
863
954
223
946
274
862
196
862
154
858
997
152
196
196
705
583
376
705
196
240
753
502
845
900
970
835
223
134
32
13
667
858
753
323
638
753
581
413
413
962
565
822
822
413
532
630
213
358
213
982
213
391
45
496
993
16
239
775
16
753
139
308
139
855
139
508
910
918
139
807
905
16
395
974
972
393
393
392
406
240
584
958
954
967
928
1003
374
848
835
12
763
843
352
16
349
226
222
741
97
319
741
99
352
903
400
401
132
593
1001
423
710
493
564
733
634
1001
478
474
719
608
741
561
531
561
598
247
902
222
247
27
428
930
857
972
926
428
328
1021
29
665
591
129
665
134
785
146
923
150
741
214
1022
1012
140
179
269
497
209
1012
766
126
41
117
120
120
923
258
484
264
499
280
401
419
280
929
36
140
36
767
94
90
139
283
321
509
344
553
364
373
780
718
419
718
509
763
222
567
573
509
499
182
499
1012
923
740
1008
1012
1023
1021
865
870
816
1021
1018
926
801
1018
394
1023
649
921
222
898
239
1008
649
640
277
658
282
222
438
595
438
577
109
438
106
147
342
106
438
130
145
209
138
77
143
73
162
140
322
13
209
13
419
431
594
553
290
301
335
1001
893
1015
106
209
594
408
209
782
850
484
907
263
897
20
378
553
524
607
553
482
263
851
427
572
106
427
459
581
427
490
490
490
800
406
850
850
806
182
806
6
490
263
20
263
703
851
784
603
864
800
457
427
603
603
603
329
927
906
946
927
573
332
272
626
328
874
743
926
703
239
703
875
463
703
240
461
533
695
29
183
661
601
239
872
874
616
875
371
320
178
376
479
960
960
661
656
663
893
970
479
789
316
881
20
318
386
402
479
402
679
618
29
410
971
883
479
618
390
616
882
560
20
435
449
882
612
403
451
653
8
51
390
390
653
761
401
585
957
390
738
847
653
620
927
575
737
385
575
896
896
736
366
327
582
552
620
532
585
37
969
823
787
993
1006
37
805
37
37
736
203
828
795
583
146
199
12
823
583
823
737
497
804
583
216
442
829
170
108
193
497
497
193
73
397
64
620
840
1021
1013
29
915
193
29
206
863
3
884
141
500
746
796
583
776
126
164
193
667
664
666
667
296
220
671
436
126
296
98
18
88
129
76
73
328
350
310
33
310
916
951
500
951
672
672
916
672
662
148
577
277
577
377
290
684
684
277
239
171
937
21
277
937
60
377
377
211
434
131
160
753
433
155
678
725
804
804
804
155
912
997
130
435
834
155
927
937
1003
60
885
895
997
834
918
834
155
984
377
190
190
190
1019
155
190
191
937
423
823
680
1019
901
301
700
726
902
456
181
51
59
823
902
901
897
897
733
278
568
823
823
515
389
123
216
950
787
123
596
438
596
672
597
217
188
216
911
122
217
186
143
202
900
911
912
310
155
307
912
826
826
826
425
122
488
927
351
800
167
800
42
437
834
927
991
279
86
501
251
684
236
592
587
888
510
508
834
498
472
270
499
700
108
410
386
393
899
117
457
112
133
998
803
700
148
390
133
998
793
927
553
366
888
517
547
863
239
513
557
821
49
239
194
409
794
586
292
922
542
524
537
411
474
244
559
385
747
1017
729
742
385
586
387
385
153
385
387
387
41
358
372
41
618
41
41
439
442
735
417
495
719
741
848
919
667
925
885
41
965
893
41
741
33
411
619
112
39
684
245
429
391
212
254
318
416
467
13
888
969
126
545
924
139
866
480
443
819
410
456
767
13
391
888
213
860
307
405
307
192
347
118
211
226
227
336
211
545
42
391
994
549
213
118
207
306
49
207
240
306
202
217
306
306
207
250
207
899
899
899
912
914
454
736
749
74
650
59
454
254
878
56
187
58
899
242
970
157
185
74
756
968
74
269
914
118
968
529
644
269
269
269
556
968
925
874
57
520
132
591
763
56
567
201
128
59
451
454
128
762
131
152
448
858
834
644
863
205
1022
857
621
74
475
915
544
131
205
208
6
208
147
1007
867
129
208
520
362
841
842
454
1007
867
342
708
709
329
468
208
126
464
306
316
867
126
51
22
634
638
915
393
901
635
271
638
333
475
37
347
680
680
541
532
541
680
530
121
153
531
507
123
78
121
121
218
218
234
108
347
901
218
979
414
588
589
863
814
331
126
980
126
91
175
114
119
503
345
35
344
80
125
497
690
346
232
91
815
239
362
346
431
431
485
690
360
763
628
728
208
600
600
769
875
915
346
690
627
820
208
792
807
429
600
600
7
961
376
813
346
45
371
135
690
49
682
443
406
815
87
673
396
676
676
879
812
237
396
313
239
311
517
898
898
513
513
898
305
555
306
306
396
790
418
789
879
357
355
355
357
86
767
766
340
393
343
292
879
142
308
142
141
517
172
524
972
418
890
971
141
887
879
791
370
409
942
141
904
140
217
890
391
571
813
664
572
570
8
293
570
570
934
8
852
890
957
393
573
467
8
455
605
455
606
61
738
88
890
729
183
505
319
731
8
700
617
770
848
900
379
700
375
232
383
383
310
349
768
180
749
375
770
35
176
748
181
607
159
906
202
181
578
204
749
503
207
870
825
597
379
1023
518
379
951
379
935
44
93
93
824
644
692
90
93
93
123
83
503
933
86
843
184
934
21
79
166
335
981
88
129
981
980
302
933
776
24
984
73
285
988
821
302
76
129
797
285
128
797
498
156
311
156
215
814
215
222
152
236
814
241
834
578
740
285
6
6
824
649
175
36
128
153
972
654
825
156
272
73
103
73
490
285
500
501
745
450
128
204
450
73
510
407
450
71
935
941
949
1004
204
73
716
71
716
419
853
964
659
950
200
450
114
792
127
32
247
127
570
571
114
571
382
449
86
86
382
380
921
780
749
740
379
381
51
780
415
17
410
382
716
923
414
923
382
945
929
900
848
952
970
184
725
929
732
746
923
519
724
708
780
247
512
513
923
89
691
89
582
21
247
89
760
703
702
818
903
21
923
89
826
12
29
247
21
450
826
827
597
586
257
265
456
466
939
931
938
931
938
184
1013
900
946
307
698
159
307
930
819
52
21
159
302
930
296
412
671
671
301
528
862
863
836
301
962
671
962
991
963
100
635
128
626
143
528
590
400
398
406
424
414
590
412
412
635
307
732
632
1000
660
712
844
307
671
302
89
534
704
550
534
42
528
671
949
480
469
302
480
257
442
700
528
641
478
479
266
256
583
641
534
641
550
1001
841
641
634
972
947
841
842
639
988
987
857
600
857
615
687
582
601
598
841
595
618
847
286
687
687
151
220
285
841
687
250
404
15
155
254
238
162
190
501
915
21
210
394
989
373
671
183
112
774
268
415
262
404
857
500
789
750
443
113
115
789
789
789
435
964
965
500
710
501
158
329
322
920
158
322
323
158
544
158
337
857
477
479
100
696
526
264
616
262
262
922
521
699
697
857
102
723
57
57
494
723
703
345
574
19
824
685
39
102
680
905
72
100
989
786
38
21
608
17
110
119
27
72
18
987
39
463
345
850
7
135
128
289
5
93
289
329
256
304
5
296
639
295
444
277
639
962
453
903
5
854
453
836
463
639
796
768
962
368
931
327
327
920
327
327
915
796
503
609
123
516
916
943
723
428
300
181
915
943
934
123
879
2
931
297
892
279
796
279
278
278
472
737
722
657
1021
426
643
1020
541
426
717
445
748
1009
743
705
726
445
177
177
1005
796
857
151
180
964
942
902
1010
24
26
29
249
662
883
856
861
882
594
889
888
990
663
367
663
123
996
572
1011
121
1015
123
355
215
986
209
787
494
416
302
696
594
468
504
355
117
692
690
690
526
114
904
594
95
74
161
995
998
862
727
88
904
68
733
161
161
83
92
662
119
119
81
877
45
338
338
480
421
480
360
531
353
915
354
595
674
353
904
354
906
795
861
62
56
628
628
631
115
191
1012
1020
394
57
631
18
90
623
117
795
849
161
17
129
654
584
161
653
189
917
99
326
115
882
919
557
971
970
557
550
892
964
675
709
427
536
751
971
687
601
971
751
296
685
881
228
825
300
826
280
815
280
636
634
681
634
557
670
686
639
557
824
445
447
825
538
91
637
232
637
689
90
854
793
874
77
538
950
554
1014
862
421
1014
550
215
477
196
1012
810
950
11
660
722
78
667
347
593
659
404
402
480
689
480
656
204
768
53
538
50
889
53
499
891
204
689
812
522
204
809
204
771
812
773
440
538
284
276
459
680
435
680
443
153
78
689
76
232
76
254
122
973
126
973
78
122
77
459
113
433
459
394
791
371
459
787
378
99
289
786
315
266
441
310
379
126
169
435
230
230
166
148
178
230
170
230
91
608
95
806
94
171
728
806
806
75
270
806
147
136
1002
984
87
986
135
986
186
792
189
135
800
870
174
870
869
551
656
656
656
671
179
144
656
411
791
232
791
763
34
293
35
529
687
687
535
687
743
687
740
740
180
676
672
152
35
80
270
132
100
869
100
22
491
65
259
526
445
526
504
887
491
884
35
973
969
3
3
173
346
411
288
388
188
916
42
503
527
459
549
556
527
459
969
899
647
503
281
188
492
232
646
436
1017
281
773
436
1011
274
173
909
64
46
29
329
329
63
3
64
37
773
921
8
474
330
773
64
2
67
773
249
985
280
255
987
989
721
322
235
333
401
786
664
661
307
786
668
655
642
856
786
989
909
112
658
228
806
989
825
610
898
68
791
129
68
180
738
517
70
68
199
339
378
344
258
34
68
565
213
2
949
980
68
786
447
16
980
924
567
630
330
398
349
333
399
252
351
393
337
717
645
717
645
645
645
774
763
640
311
271
351
268
256
630
563
924
424
892
924
884
508
924
42
943
916
550
336
33
484
33
32
763
992
558
484
558
715
719
473
258
671
989
396
828
472
558
549
740
564
563
548
563
755
1021
281
901
280
281
478
280
122
549
39
549
1020
157
400
400
989
379
858
814
811
989
812
439
812
439
883
168
1019
1003
967
995
1019
893
805
876
396
895
787
982
933
165
635
867
324
866
981
635
101
869
422
867
867
502
416
420
683
591
930
436
587
436
566
565
102
814
473
809
239
346
814
713
933
713
902
653
647
654
968
906
281
925
989
916
992
388
761
388
20
646
976
360
380
398
382
124
380
268
380
393
338
949
478
479
380
516
699
714
338
520
997
917
516
516
561
13
344
593
669
652
561
516
893
788
999
888
929
1001
998
453
461
115
561
994
994
455
765
689
761
706
995
644
915
941
691
915
912
49
905
992
11
915
311
311
85
653
370
868
569
952
82
113
113
113
202
115
115
110
575
575
575
115
113
786
768
774
1001
9
931
545
936
434
545
434
657
765
646
665
742
417
545
379
418
868
393
646
104
78
183
655
772
395
655
395
722
775
775
508
417
508
775
145
508
508
326
508
692
926
340
775
391
871
145
127
438
519
437
145
270
329
815
892
331
270
289
481
285
51
844
868
965
967
715
741
950
737
958
745
502
502
674
486
51
391
215
677
152
486
196
407
271
421
486
391
956
837
400
828
706
391
839
641
834
958
272
994
542
762
191
231
642
831
466
463
286
287
452
645
191
766
697
129
128
715
715
429
1
46
430
6
831
868
31
45
425
331
783
783
758
607
9
9
9
697
440
846
882
355
184
880
79
382
381
880
635
729
559
1018
1006
361
1006
839
79
378
594
810
820
563
569
820
783
446
570
833
583
580
129
446
981
574
162
187
132
148
858
771
446
858
969
772
772
428
820
820
574
1000
872
251
837
841
429
407
880
807
352
697
406
311
279
429
661
251
600
217
299
251
749
907
897
907
697
830
844
844
907
572
839
830
377
561
907
376
377
792
697
807
697
907
907
978
310
760
434
691
878
733
511
391
980
807
319
1006
475
471
470
478
760
473
715
454
753
534
588
635
643
998
791
830
319
30
457
319
760
319
945
760
643
945
192
945
205
52
1022
235
457
830
900
457
457
822
211
822
188
124
821
821
268
292
288
55
357
3
24
497
24
274
43
680
777
779
690
2
142
35
696
92
778
550
557
368
489
43
543
399
906
1007
1003
274
319
696
274
439
433
318
484
508
508
611
319
611
629
523
450
628
450
629
451
726
274
626
553
0
970
958
451
500
631
896
0
958
4
399
490
865
866
928
864
4
697
64
699
613
871
6
960
860
613
190
363
211
703
521
679
696
678
208
683
369
352
382
785
373
772
118
980
399
785
7
655
697
472
1007
521
49
472
971
521
521
656
655
772
627
626
322
383
651
628
651
651
650
628
611
624
975
376
38
862
974
181
180
181
44
995
981
772
24
598
620
198
599
202
885
621
852
654
223
202
151
38
735
482
197
4
198
806
611
629
804
611
609
806
650
806
1022
752
757
759
800
661
647
705
665
580
159
192
150
246
207
203
118
897
146
146
146
665
842
1012
963
378
836
843
585
846
595
841
942
1012
203
4
71
630
185
818
652
1008
489
378
553
698
637
691
701
627
698
276
113
11
927
697
585
175
1008
174
137
201
252
871
865
864
185
877
62
619
891
352
942
352
891
112
56
360
897
171
355
279
659
450
448
993
891
244
996
245
1002
964
964
1002
343
749
747
965
902
731
891
78
731
662
168
444
964
343
116
849
660
795
806
787
788
276
17
340
117
17
41
42
325
13
0
342
333
663
1017
1012
0
749
790
338
332
705
297
790
954
150
829
705
711
785
893
957
705
663
815
150
942
76
852
550
1011
573
705
553
266
292
486
530
755
571
753
529
550
486
150
748
154
788
788
748
685
518
229
215
59
224
628
497
48
728
1011
730
582
276
766
516
728
909
728
905
904
48
528
571
625
216
219
168
582
416
426
582
582
613
909
219
819
819
792
552
803
481
430
176
393
411
1011
168
411
176
832
924
651
669
415
47
600
748
139
480
134
494
1013
373
719
477
56
343
769
769
52
560
561
150
497
562
367
499
345
530
70
396
394
530
70
238
70
70
548
396
228
524
247
288
388
243
287
771
31
1006
178
548
1007
131
131
1007
302
302
549
188
157
15
124
545
156
388
31
389
293
15
352
311
349
545
281
988
990
567
252
546
756
14
150
984
152
685
991
281
991
281
281
2
210
209
211
386
432
209
2
7
920
20
7
789
789
789
990
789
14
1006
14
15
14
15
195
195
976
633
5
195
35
987
563
728
766
409
195
411
408
217
987
1006
523
523
671
105
641
352
549
491
261
548
344
641
892
521
999
193
300
463
548
548
290
545
976
294
311
466
463
918
422
521
416
545
548
914
915
546
99
440
393
120
130
442
406
463
417
417
48
45
119
47
141
719
13
916
669
942
63
961
63
729
99
980
669
566
566
566
566
822
918
171
335
777
918
267
411
522
918
536
30
651
669
665
653
27
644
829
91
711
707
527
98
114
420
205
829
829
819
28
829
541
845
153
922
469
514
513
469
153
539
635
517
523
635
635
507
539
200
603
220
196
203
206
523
507
602
323
151
993
998
150
151
998
152
152
222
201
964
1005
180
201
68
200
323
374
375
265
174
360
349
265
266
607
335
713
128
539
720
259
710
457
259
259
523
74
896
155
896
267
171
74
411
105
100
357
40
337
259
523
953
822
520
360
1005
158
953
354
822
287
443
428
952
228
534
357
755
358
702
919
756
916
287
919
946
919
631
36
672
411
674
631
317
813
525
808
92
92
952
317
713
494
135
135
482
471
305
417
1022
526
895
883
892
1012
812
526
797
822
194
334
326
32
1020
332
1020
427
447
1018
881
719
394
343
895
140
143
724
609
724
230
846
630
846
143
538
530
542
889
966
552
279
775
959
701
547
547
797
356
362
287
569
511
1005
390
6
9
511
302
889
487
524
930
606
524
930
606
142
952
859
775
768
768
142
600
604
397
601
1003
599
658
701
668
396
77
1003
550
723
723
980
390
784
761
930
448
91
91
91
744
454
457
476
712
718
485
31
287
948
911
115
110
922
110
609
700
614
610
608
962
413
413
413
413
118
413
185
191
540
118
210
255
413
166
540
255
255
413
218
986
219
766
981
118
726
844
724
591
118
990
967
181
355
286
591
538
214
990
355
655
110
286
96
231
286
185
131
259
84
277
282
466
430
404
329
1022
1023
21
286
444
420
1023
286
779
992
348
836
20
861
230
731
1015
731
801
506
369
412
415
32
801
801
992
992
590
590
634
96
632
928
864
46
452
875
836
874
28
874
572
460
268
268
490
926
506
268
268
678
383
743
96
678
744
6
981
926
926
926
956
202
261
956
974
103
214
218
410
992
187
863
342
809
15
170
228
814
926
192
277
478
951
744
218
96
975
220
11
96
900
0
30
983
96
30
15
983
440
488
80
817
80
971
96
851
957
194
900
238
744
831
440
855
826
425
459
1022
357
359
730
465
265
191
425
271
34
909
385
915
41
446
914
446
442
111
830
491
1011
731
548
995
1001
442
4
213
828
210
20
856
306
299
731
12
290
254
294
988
731
294
941
53
545
857
762
294
873
294
731
878
967
543
143
756
676
685
692
186
4
676
742
687
681
678
676
495
832
860
962
651
145
162
986
171
161
133
962
990
326
676
339
990
335
651
41
501
642
635
335
642
416
315
664
478
315
732
473
491
472
315
291
733
630
256
187
813
934
491
971
291
966
966
966
315
966
574
815
815
254
491
563
197
249
950
815
220
503
678
226
202
218
227
230
360
135
950
360
557
254
137
951
210
210
745
104
21
951
123
122
45
678
98
187
49
318
692
745
11
607
692
807
692
700
670
172
316
393
175
51
168
18
889
175
216
97
140
316
284
117
361
692
692
31
880
190
881
745
747
118
432
0
446
111
956
254
957
957
30
817
956
956
954
118
38
348
118
793
48
118
309
17
309
433
433
927
433
433
433
963
860
329
328
131
329
291
556
371
559
559
370
479
412
111
304
462
248
959
562
248
567
562
155
912
550
366
338
61
830
780
829
874
62
62
234
769
769
889
800
328
403
234
334
217
545
559
859
518
547
216
1012
771
535
579
556
857
324
559
590
519
519
206
849
518
522
930
342
23
746
45
330
333
944
70
706
705
513
728
712
519
731
559
746
518
571
556
620
717
1013
931
731
50
744
504
439
744
368
559
368
931
922
439
12
859
84
934
439
1011
235
255
224
608
1011
726
150
836
933
1022
808
145
767
928
208
149
767
445
208
337
208
503
342
589
342
590
337
608
966
771
862
862
391
26
26
388
560
89
75
560
64
26
383
344
762
26
565
234
16
790
706
556
965
965
756
89
556
187
749
747
751
172
173
770
12
427
191
729
771
16
849
981
821
807
795
185
757
166
595
55
120
87
595
393
400
518
23
899
392
795
395
585
771
24
796
772
836
87
771
941
216
776
804
810
584
945
81
810
668
595
595
18
495
140
69
143
810
82
693
560
430
695
423
207
525
669
28
704
810
49
461
712
704
794
755
715
30
23
44
58
552
516
447
447
153
425
662
580
217
495
216
217
425
276
603
729
674
272
513
657
330
631
631
139
514
580
515
333
624
637
657
657
957
819
430
139
740
740
495
152
868
1003
880
904
797
951
183
20
684
795
580
469
425
473
481
481
482
485
672
596
1014
1010
681
185
580
485
716
716
716
477
718
404
407
62
395
758
185
49
54
110
866
715
868
866
632
537
505
866
523
591
830
556
433
97
866
433
574
287
287
633
311
158
227
220
868
639
231
1010
131
973
453
98
63
386
635
391
505
1019
385
305
420
417
311
880
315
593
463
305
205
759
317
931
734
586
1016
634
633
86
214
97
27
27
31
97
934
989
213
408
633
637
248
248
86
877
792
1018
786
573
813
129
345
568
419
433
248
406
39
248
255
128
789
934
628
534
745
745
744
568
739
742
973
568
20
1019
225
199
788
8
41
788
735
788
484
510
788
1013
1020
20
101
101
443
242
176
176
292
308
290
301
443
424
176
179
176
502
548
242
931
898
799
899
145
225
485
482
494
635
194
255
131
255
303
273
870
13
45
99
86
15
39
870
303
345
213
35
9
303
966
961
963
870
879
383
677
674
874
381
677
427
385
385
686
194
103
873
212
590
190
194
586
589
23
870
238
153
194
152
25
542
535
668
527
612
669
995
524
873
526
526
36
544
939
874
547
842
915
871
306
531
342
735
334
1017
343
340
527
291
734
693
477
547
531
718
286
930
976
741
659
340
697
264
271
295
716
39
717
12
735
47
837
837
112
988
176
988
112
107
166
917
340
166
901
553
26
25
340
27
27
662
107
125
755
753
753
486
486
752
758
504
505
903
733
902
504
646
645
645
989
850
107
36
733
373
440
193
523
51
373
693
486
625
906
289
622
289
692
566
581
46
1005
180
486
193
804
523
496
876
372
995
519
486
521
324
358
321
330
98
993
659
193
472
193
563
993
421
833
875
875
693
612
625
408
610
286
872
613
285
678
285
679
786
541
517
117
537
873
787
994
381
537
684
684
496
537
233
233
180
840
228
933
537
1003
1005
988
580
355
417
707
749
906
988
889
22
798
537
960
773
867
355
537
522
865
865
840
840
245
675
144
87
86
108
425
757
343
8
433
155
205
763
594
179
743
612
340
144
881
895
1
688
691
455
1
345
720
653
193
345
764
124
310
926
467
828
355
900
908
330
207
566
625
560
714
734
564
565
186
524
144
191
191
787
831
171
763
134
241
581
552
141
808
148
1002
217
171
617
845
305
838
259
617
579
846
845
763
498
356
259
830
356
912
951
650
746
150
738
742
107
478
94
125
166
175
126
858
466
94
139
657
808
466
466
657
669
363
574
978
987
44
830
44
39
38
320
950
465
574
919
940
241
259
830
830
362
49
627
617
840
798
65
846
1023
846
847
832
612
552
414
578
461
412
482
397
44
820
44
778
423
423
805
820
228
781
466
148
476
713
334
725
744
799
672
277
485
469
706
706
6
619
715
461
957
788
461
465
462
941
460
67
66
835
574
903
575
709
835
708
746
708
835
745
212
745
843
75
713
847
136
37
835
211
478
359
277
279
279
993
721
965
798
318
464
670
37
381
369
993
620
38
56
86
804
801
793
85
723
732
41
580
111
876
340
829
823
138
313
137
135
340
308
588
776
838
670
552
678
453
856
836
599
478
913
780
780
313
573
307
922
865
861
583
583
947
317
588
369
371
670
947
578
478
149
317
284
149
622
602
284
606
478
696
865
737
843
305
317
737
6
8
8
307
381
313
1
35
997
330
670
53
325
729
997
1002
1019
53
997
155
491
997
647
646
738
215
461
471
174
640
495
174
620
619
603
582
579
250
623
640
619
595
640
628
946
250
135
576
72
163
135
145
110
215
511
260
809
148
870
428
638
192
236
428
489
260
196
231
133
870
134
335
110
257
818
218
109
55
865
109
98
511
113
104
292
292
262
583
601
147
612
606
585
772
147
90
140
147
365
383
375
110
536
109
154
260
260
924
387
663
272
437
659
87
433
816
625
777
323
201
759
823
154
225
996
454
454
621
938
449
818
225
818
993
818
947
536
513
513
536
981
754
818
895
519
201
519
219
219
393
225
362
801
836
128
331
139
393
138
201
855
382
517
517
379
586
250
957
519
393
586
723
294
270
950
393
940
519
349
308
250
564
547
940
855
852
1011
1010
564
155
608
875
564
879
693
564
48
608
656
312
36
517
318
545
49
318
896
638
683
109
562
462
678
954
707
393
957
778
181
964
176
778
45
21
861
104
965
23
778
778
24
768
104
884
857
109
276
1022
276
1021
792
715
480
320
850
859
1007
1007
320
233
641
620
706
705
899
743
726
735
973
242
589
242
1007
634
232
210
192
248
219
819
154
994
636
623
470
214
506
207
896
521
470
506
545
547
470
525
203
192
470
822
148
1013
209
166
944
944
806
169
116
302
271
902
493
828
535
874
632
804
825
169
587
824
206
207
145
713
511
720
810
704
480
794
49
124
58
808
199
808
843
810
842
156
221
202
878
902
842
879
868
879
864
183
66
885
190
69
21
70
79
72
88
72
107
1014
70
70
691
689
644
21
988
515
514
1007
928
1014
383
938
1013
21
581
960
201
74
593
160
71
425
71
467
427
951
761
71
562
798
14
562
611
462
21
72
562
101
862
919
562
1022
1013
761
774
761
624
786
201
1007
776
794
914
270
781
19
626
836
666
670
19
18
624
90
70
791
794
838
74
557
539
872
136
288
414
675
6
1018
1018
1018
507
619
874
28
467
695
6
695
2
288
96
31
676
22
580
132
148
580
836
573
695
135
166
934
676
746
580
748
580
580
633
288
580
580
638
637
219
734
695
288
882
881
283
819
223
915
792
734
223
283
899
283
138
83
61
61
767
459
6
698
6
339
283
559
463
859
461
367
184
708
474
711
106
184
48
93
473
955
111
858
59
457
247
814
303
899
919
303
298
542
106
547
858
585
227
802
227
171
171
419
184
185
287
671
671
611
328
985
225
328
420
445
63
820
539
86
686
40
859
445
385
385
539
209
272
424
371
209
209
344
0
152
14
209
21
22
444
209
559
444
482
972
239
971
160
975
974
273
741
974
259
2
262
402
290
986
225
239
90
1022
410
423
90
239
410
620
401
398
401
411
225
922
692
239
160
548
924
553
225
693
390
3
924
730
746
938
938
750
938
621
939
914
621
61
176
693
35
9
475
344
129
466
466
129
466
617
764
192
814
466
343
734
729
198
304
307
750
419
35
492
463
15
921
554
233
826
820
810
896
936
1002
30
730
835
835
473
395
15
15
493
933
15
931
722
37
814
338
378
91
237
13
730
810
847
8
730
989
985
810
991
13
131
10
173
156
875
869
509
879
585
511
389
1004
172
173
722
394
750
391
834
530
639
670
658
750
753
722
0
119
183
72
144
192
530
530
12
614
206
192
530
835
196
820
482
483
827
109
880
141
530
173
142
20
467
139
530
266
265
386
187
381
266
377
608
880
963
750
963
11
184
22
187
692
9
328
750
7
647
407
7
165
351
904
623
623
623
361
904
200
766
543
283
121
9
11
521
319
671
598
92
100
100
265
100
398
276
47
917
919
100
913
647
541
661
623
674
521
906
978
488
673
507
492
661
674
276
647
276
592
674
276
314
754
905
909
908
314
349
593
407
484
592
661
349
661
812
793
802
865
870
803
815
615
475
422
91
572
841
1007
841
1016
1001
996
1001
573
804
572
811
841
787
572
298
996
256
996
333
93
336
475
428
95
35
445
601
623
598
95
523
572
604
9
603
769
237
475
475
158
805
804
514
930
891
324
298
725
597
588
670
237
67
354
808
303
617
90
180
93
362
365
15
407
14
393
93
322
500
520
354
516
81
92
539
786
509
767
67
319
509
251
241
203
81
622
184
160
433
66
765
811
982
660
648
644
67
361
66
980
1002
929
955
89
303
784
360
941
1023
336
670
747
640
669
929
298
799
298
669
794
794
610
574
566
877
794
794
424
1010
495
1010
167
336
187
100
16
148
877
240
593
248
104
733
203
206
144
205
877
593
835
65
721
721
844
845
774
573
703
657
672
672
143
448
757
757
752
143
68
650
678
985
67
127
43
125
558
187
189
244
125
94
68
134
170
648
558
107
104
443
936
334
245
16
334
713
300
187
664
16
623
717
249
1
313
203
195
664
213
211
237
717
847
717
975
71
717
884
970
972
854
71
974
245
974
746
833
163
66
748
573
134
210
877
747
618
618
614
209
786
423
422
421
402
211
134
787
614
134
794
909
234
1006
245
858
850
787
838
858
836
858
836
808
237
979
394
453
394
450
787
394
729
394
979
483
15
22
476
452
478
473
22
483
787
23
317
945
991
990
481
483
695
959
737
915
878
878
744
481
789
844
845
7
483
572
878
789
603
878
854
802
799
512
892
569
895
569
84
512
813
512
813
483
614
679
53
20
603
629
297
590
789
142
663
789
484
480
470
485
466
663
996
1014
677
1016
607
863
831
862
298
297
332
587
566
332
997
682
992
946
994
946
566
617
246
616
234
622
713
587
114
294
873
683
415
400
474
304
849
547
606
256
304
635
260
304
573
547
454
771
770
954
187
954
261
222
573
221
770
81
81
114
347
630
343
871
81
416
566
431
172
394
424
172
388
483
480
485
718
886
471
734
472
774
299
619
774
4
607
578
38
585
230
363
315
818
114
114
28
461
193
231
194
312
81
269
304
138
304
133
5
222
133
208
125
656
10
123
105
346
451
309
301
31
271
739
306
957
663
663
650
739
868
755
735
657
658
14
868
160
170
320
929
412
177
375
412
14
868
814
515
422
29
386
423
103
61
387
712
855
714
783
799
169
489
666
320
487
500
351
649
341
667
351
363
35
929
1022
500
531
363
944
526
522
542
516
537
27
26
303
1017
46
959
562
891
861
561
299
562
132
59
868
891
102
891
303
368
891
801
946
69
798
344
344
16
937
944
1017
801
861
723
563
563
723
847
624
963
448
322
220
220
363
5
527
924
553
937
332
546
28
1
332
388
324
28
58
325
399
27
24
27
363
993
343
499
937
1006
993
522
937
744
931
744
737
729
1009
472
625
8
639
870
937
730
620
710
730
623
36
37
36
475
624
590
36
37
591
442
623
442
38
12
423
423
28
859
12
863
623
771
399
29
139
423
25
858
941
835
941
544
23
941
210
507
941
339
715
389
8
779
175
385
591
633
90
436
494
426
436
90
2
10
731
37
2
39
344
33
171
255
190
861
29
403
854
827
388
11
68
863
507
506
166
101
381
103
393
103
506
374
374
666
357
369
382
88
1009
514
385
515
75
8
999
929
88
1002
694
743
749
694
698
699
690
780
780
93
780
481
81
511
89
481
89
81
780
831
81
364
364
422
422
245
1003
601
364
768
16
773
826
198
601
278
174
658
244
79
278
109
850
195
708
245
195
533
551
551
449
826
551
842
674
846
681
357
712
842
842
279
713
408
653
409
408
449
685
414
753
653
529
59
653
41
556
731
716
730
529
631
121
653
449
421
716
64
142
423
421
625
628
716
775
160
52
5
53
797
775
456
456
449
1011
90
725
431
1011
908
710
704
852
852
1012
1012
630
380
273
273
632
273
635
456
709
52
442
443
380
90
189
420
892
443
396
500
752
427
545
358
353
355
523
213
536
542
542
212
214
925
785
353
284
209
353
631
456
158
896
123
13
404
113
717
895
122
861
932
934
948
696
916
789
771
404
637
324
637
637
332
637
432
202
432
694
907
122
563
671
880
486
907
287
812
828
828
130
281
609
276
286
692
130
113
434
31
31
440
313
991
991
205
991
907
247
63
885
205
885
262
788
877
788
259
1017
71
788
789
123
122
401
403
76
107
852
852
200
293
200
94
228
456
459
179
265
149
122
613
179
675
123
674
742
57
269
144
181
61
182
61
613
342
35
737
12
35
481
469
323
47
351
824
973
829
967
714
967
961
730
319
724
29
34
724
271
35
1002
312
416
950
822
922
312
724
549
342
822
733
312
722
735
933
482
312
952
111
0
350
346
347
49
944
30
318
14
323
347
111
947
378
30
441
521
979
521
347
381
870
380
957
944
970
970
972
959
160
955
881
673
955
829
1011
973
1011
214
973
761
115
103
101
521
816
101
827
816
1011
829
728
725
726
1012
829
269
797
541
541
927
650
566
1013
566
541
566
16
633
987
564
673
73
141
608
178
973
709
182
709
973
566
493
708
493
947
648
575
911
947
904
167
98
947
27
164
928
18
78
164
303
169
44
24
975
259
947
911
973
457
24
643
779
348
473
643
421
643
54
421
889
253
334
395
943
643
493
109
45
109
605
916
54
984
605
603
30
557
289
335
610
526
271
291
289
973
491
491
603
507
429
370
603
984
243
160
240
861
936
712
655
464
31
721
78
712
919
78
721
560
630
70
844
564
630
65
882
984
846
806
844
803
258
614
261
103
443
656
607
738
808
844
70
596
791
9
34
330
325
596
596
791
311
319
11
11
11
487
596
596
950
912
597
604
421
677
536
791
680
687
950
693
234
916
225
919
554
950
597
513
520
470
604
483
513
1023
732
1023
596
646
543
207
207
789
361
470
940
949
943
470
361
373
321
322
321
144
470
111
643
101
543
528
444
317
106
646
375
830
381
361
304
107
435
436
107
339
631
824
985
650
824
338
654
828
32
32
32
32
827
827
369
21
21
936
646
22
22
453
369
734
735
728
720
20
32
754
908
488
0
971
754
488
121
905
615
488
646
50
142
50
646
581
581
48
646
189
252
252
581
240
556
556
550
224
616
189
532
402
616
229
999
225
189
388
844
581
847
985
559
189
886
116
640
535
235
4
828
886
581
519
677
518
699
564
985
610
106
564
985
5
99
985
173
341
171
154
65
235
99
444
805
311
797
797
349
361
171
935
939
91
78
566
349
870
876
925
876
518
155
876
506
876
808
320
550
457
306
550
342
901
901
566
901
901
512
784
812
879
865
869
580
235
784
784
512
69
183
550
809
682
558
197
207
207
558
182
634
406
638
559
110
69
808
114
317
316
421
246
69
244
240
512
130
689
565
565
565
565
273
238
688
814
69
585
249
231
330
136
135
129
330
844
114
316
764
500
766
501
441
780
707
901
780
512
368
864
377
5
500
561
458
476
945
487
316
490
581
574
677
945
574
886
561
540
865
114
542
364
540
994
994
543
237
237
119
578
369
590
864
573
861
568
864
923
163
654
126
860
999
648
580
648
595
889
163
145
145
578
778
783
336
905
508
368
169
328
905
333
919
648
648
418
121
31
958
169
420
745
273
469
869
674
963
698
837
767
169
69
322
142
542
874
176
176
875
874
722
927
185
874
886
61
622
136
34
142
569
132
330
325
306
588
896
370
572
56
498
132
761
480
273
821
735
635
761
629
623
76
76
125
125
927
1002
438
854
56
594
604
438
821
600
854
614
262
686
797
760
343
861
298
628
698
49
231
230
852
825
454
454
698
454
179
204
852
771
775
209
134
213
209
56
56
209
861
94
94
125
49
116
395
278
270
134
271
422
752
581
422
698
588
599
191
191
191
179
359
89
1023
103
88
557
297
629
364
365
1023
365
365
427
714
427
427
427
405
134
359
289
745
56
356
56
282
983
588
942
278
461
860
512
348
886
57
351
351
878
839
839
480
462
472
745
31
41
875
134
860
287
316
536
839
287
838
316
969
596
970
582
135
157
339
479
368
320
654
368
337
584
413
536
409
84
536
415
1009
84
536
280
953
935
929
1019
782
929
937
827
485
84
485
484
523
1019
84
484
484
521
318
610
524
356
906
573
543
525
642
998
975
318
968
861
182
180
181
787
968
66
677
463
892
677
830
1005
831
829
938
807
259
588
714
708
168
293
706
917
283
415
804
804
283
821
522
831
415
615
831
563
336
283
283
137
204
204
829
204
22
920
204
138
821
163
655
208
610
219
850
219
219
839
839
527
837
525
839
834
210
210
210
784
490
490
269
279
821
279
973
219
821
518
858
606
378
264
78
606
78
599
702
92
659
777
818
52
378
904
659
843
652
855
641
643
139
644
62
3
326
643
682
335
10
413
872
50
776
326
516
167
134
879
520
362
958
190
915
643
50
782
938
121
576
747
690
50
121
703
745
443
445
429
170
919
424
1000
643
937
113
82
72
73
97
258
1011
169
1008
164
1020
389
164
393
445
463
388
258
387
798
881
791
939
685
916
914
669
445
667
111
82
308
123
82
238
172
451
425
258
425
469
424
938
938
973
50
256
461
973
9
973
948
453
871
618
400
400
62
634
442
60
686
957
442
954
463
115
442
179
179
547
618
604
642
220
893
615
683
532
604
621
634
179
917
179
616
194
543
1017
0
0
1009
637
883
346
238
309
883
233
754
233
920
344
344
344
13
590
344
883
487
648
883
733
632
710
905
708
476
648
105
748
690
750
661
18
238
19
476
766
3
293
886
429
877
181
582
238
429
238
431
500
420
655
824
719
292
652
715
888
476
138
940
940
162
8
700
697
223
699
699
200
204
162
251
162
162
121
993
911
707
694
911
911
850
980
849
849
890
291
243
295
403
694
70
345
827
28
327
779
289
825
147
339
694
421
421
421
694
257
68
421
204
204
494
978
983
339
888
294
146
289
978
986
146
144
493
129
988
991
618
684
573
559
561
144
573
312
493
208
313
494
68
295
636
367
642
766
366
214
348
290
288
348
598
1023
183
682
181
178
79
176
69
845
68
617
720
414
411
401
720
983
401
989
983
777
289
720
411
922
431
405
1010
617
736
747
583
964
926
551
91
481
710
482
617
617
469
451
91
741
571
951
571
37
224
1005
28
669
751
779
41
29
14
224
598
991
650
986
668
362
720
341
867
873
88
915
523
866
124
340
948
945
916
337
333
124
731
581
765
773
645
756
713
693
179
114
336
102
915
363
107
321
368
324
124
176
322
181
61
181
310
551
613
363
485
400
610
124
465
362
464
233
447
223
778
783
323
783
176
233
788
391
788
682
958
841
841
841
537
796
536
19
939
537
724
724
501
660
211
658
902
721
721
902
751
441
350
440
345
823
767
638
902
480
557
440
282
286
559
6
1
7
751
388
238
397
1021
238
264
467
246
267
23
871
264
518
386
264
521
256
246
238
88
238
95
423
422
92
109
467
467
246
227
127
731
364
364
752
127
871
356
356
900
39
46
19
665
730
730
348
534
19
534
535
429
532
558
918
859
919
631
317
627
730
615
906
643
819
826
916
814
918
899
898
356
898
672
898
161
312
211
418
852
852
349
314
211
348
349
852
454
790
793
791
793
881
325
161
843
843
803
800
665
211
141
852
34
631
515
161
91
897
576
492
819
819
570
194
570
605
828
151
818
817
827
816
576
631
581
807
795
807
631
354
26
631
305
582
490
606
652
956
652
335
57
355
15
335
13
930
552
552
1022
769
367
907
889
380
335
375
369
369
34
891
335
684
396
436
86
357
605
665
606
692
703
684
606
683
683
1000
665
667
287
684
94
684
699
412
707
707
384
554
896
940
90
188
88
88
564
839
125
610
198
26
34
177
34
26
26
125
26
712
889
713
411
713
713
889
989
384
220
200
873
205
874
984
287
930
645
36
36
906
987
851
645
192
644
640
192
651
25
645
715
123
645
512
700
188
506
25
25
730
445
1005
396
403
1012
403
865
965
653
896
403
313
930
605
619
1001
605
652
951
616
660
942
709
907
708
712
714
119
965
362
362
907
120
359
1000
705
832
120
907
605
838
552
572
237
201
205
468
203
377
398
605
587
34
378
516
192
232
512
376
377
205
230
405
770
455
406
356
455
419
832
727
164
403
726
706
728
518
946
550
381
909
900
908
7
0
480
463
193
291
86
751
839
85
512
587
737
745
910
584
187
910
587
658
832
64
64
471
555
491
482
342
471
555
23
892
912
881
793
885
912
23
51
370
368
755
378
34
327
755
753
534
609
629
576
631
478
925
51
473
776
1005
914
1013
999
1001
1013
832
866
869
342
153
1012
53
328
53
332
302
785
53
53
466
821
553
527
138
342
86
65
410
392
394
265
478
342
712
704
68
738
136
704
478
136
860
184
150
128
231
860
225
767
202
306
339
615
263
326
350
394
311
615
325
325
478
105
173
93
384
168
861
282
486
128
510
384
860
391
279
278
384
629
565
128
611
939
531
992
929
860
468
860
639
531
12
665
8
918
682
639
260
260
604
919
779
45
285
510
495
733
8
384
600
132
148
623
732
796
167
278
285
800
194
112
304
516
801
911
908
351
271
8
725
308
270
622
579
595
350
592
255
229
662
792
508
508
118
170
231
660
168
188
452
132
336
321
312
129
348
231
346
660
954
327
717
592
359
188
381
189
377
275
376
189
782
732
783
609
851
609
915
903
903
175
357
231
90
189
732
426
688
426
417
426
514
197
688
526
526
105
787
524
808
2
805
497
49
152
44
46
441
441
441
487
426
441
152
837
839
623
623
499
145
130
157
430
133
571
327
321
571
371
409
415
293
153
372
321
919
153
1013
993
1022
516
70
322
533
534
898
814
794
368
938
855
160
614
358
141
525
614
518
533
898
1000
898
56
525
52
56
533
52
76
135
938
860
860
1001
62
60
860
135
60
1021
70
17
695
540
88
172
97
528
1021
1005
342
346
337
1017
540
706
739
762
687
620
620
695
695
1000
1017
151
547
856
542
883
552
858
544
599
699
636
523
324
599
81
529
162
695
89
1002
259
918
1002
97
925
43
148
92
141
558
378
162
378
563
536
924
927
378
872
98
527
524
554
92
1002
779
476
928
928
461
928
98
441
728
590
589
589
728
543
589
543
1014
543
77
579
604
697
543
606
172
606
699
52
81
1014
543
392
878
392
306
933
880
851
855
851
880
966
93
106
369
81
863
81
177
517
93
177
523
522
93
851
113
851
857
910
975
113
996
925
184
746
746
749
746
849
261
797
93
504
797
282
177
791
282
821
790
821
804
926
271
773
790
177
281
125
825
1015
825
177
797
890
400
197
295
392
309
392
283
806
787
283
807
796
669
776
603
667
686
697
667
762
797
92
110
828
410
1015
732
605
1015
703
701
112
784
828
1015
799
403
403
399
241
462
692
532
664
664
56
341
92
92
76
168
623
114
76
591
110
82
94
744
114
979
979
18
18
979
462
546
840
462
632
462
556
147
458
535
535
147
349
632
222
349
349
351
715
346
998
926
927
920
341
965
920
341
412
341
817
995
744
995
704
817
710
61
634
458
490
315
556
458
734
734
459
459
456
511
886
817
59
111
456
40
490
35
503
418
253
380
443
383
383
407
380
786
458
556
235
458
88
788
406
579
280
424
383
747
747
434
579
578
607
195
56
607
252
843
187
90
318
240
185
190
397
143
683
972
143
954
395
518
949
605
952
956
22
928
933
174
546
216
530
681
528
588
576
533
276
277
568
319
318
277
276
556
1011
1010
13
673
576
3
639
673
472
157
472
979
639
160
517
639
383
599
546
382
435
432
705
402
975
705
753
972
174
287
576
307
826
637
529
576
686
672
681
579
703
383
975
80
584
105
870
102
581
249
175
166
584
208
405
402
108
445
109
402
403
414
579
893
592
109
638
995
519
577
310
310
45
546
827
824
954
162
171
994
770
420
995
486
592
490
626
491
813
316
815
896
143
86
950
592
813
813
735
87
87
739
704
734
482
975
975
672
627
379
276
45
45
37
883
376
86
158
8
32
592
327
371
915
915
929
327
929
869
786
869
882
938
930
691
674
785
701
46
899
761
648
666
774
327
667
412
692
666
602
101
775
940
127
369
788
789
369
463
785
368
940
7
809
557
7
7
947
839
938
563
938
938
92
938
609
902
996
179
7
215
947
214
149
152
15
772
327
817
1
772
772
145
566
79
64
66
285
16
17
149
996
46
214
1002
153
422
324
1018
404
477
477
157
221
327
727
652
711
711
190
607
383
412
724
54
54
724
55
285
515
724
725
721
821
430
382
391
607
665
381
502
911
546
190
668
220
220
525
418
252
418
285
758
418
911
418
908
911
993
285
1010
246
471
1010
403
403
887
800
883
130
142
1012
993
993
835
677
155
702
142
391
142
690
829
835
409
993
998
555
772
716
297
772
334
325
156
587
301
418
494
716
246
772
991
501
555
488
247
247
431
929
737
609
749
749
928
222
236
621
67
166
67
911
166
943
8
582
881
8
792
942
934
463
1002
190
643
359
986
374
643
22
796
676
986
516
517
514
911
795
917
258
599
258
474
24
140
357
140
141
140
679
393
140
141
474
426
600
692
732
681
602
602
493
666
782
64
788
657
786
732
449
415
314
273
267
266
735
492
611
720
314
775
550
969
909
775
426
934
1012
948
318
48
193
565
566
565
733
610
198
318
179
656
270
656
415
636
577
501
675
187
240
240
363
807
675
173
130
203
598
943
835
854
847
832
598
807
837
767
422
858
884
807
702
496
114
807
622
422
905
905
363
170
751
172
396
184
189
622
953
631
723
714
152
712
1022
705
1014
732
505
567
567
836
561
511
560
768
562
284
284
231
284
820
783
409
776
566
284
117
733
631
953
116
316
117
379
761
10
768
409
231
10
11
542
196
511
953
631
631
717
538
123
268
123
538
888
756
837
867
176
340
409
233
233
145
605
462
495
495
883
83
495
893
883
83
888
108
541
108
495
940
941
377
7
347
108
89
1
641
74
334
711
476
462
812
347
750
342
108
750
572
89
535
636
296
342
739
467
296
743
743
508
688
798
885
688
891
669
892
1009
237
865
323
237
674
379
323
146
796
613
624
469
674
904
597
774
902
413
779
268
779
774
996
774
774
706
780
822
706
712
719
1001
322
27
26
240
798
298
557
597
558
793
293
881
892
556
556
557
873
557
391
268
389
289
934
278
764
765
414
597
305
710
665
710
784
132
715
784
707
889
260
110
623
114
1009
623
114
784
3
122
826
145
103
338
1009
471
947
281
394
122
82
107
906
906
574
955
1009
362
364
365
288
361
409
362
256
599
300
992
146
207
678
892
952
666
666
329
187
601
187
81
487
192
540
48
469
374
808
250
205
251
201
469
374
204
682
468
931
44
442
720
739
804
98
93
131
739
681
252
555
252
319
555
409
319
248
249
389
319
931
829
228
300
528
597
597
191
191
162
228
166
249
249
249
325
554
554
377
148
212
249
879
878
878
539
300
838
878
534
194
433
546
930
440
423
47
738
429
534
42
407
933
494
610
715
610
337
372
555
933
140
896
163
137
544
225
522
426
626
337
481
300
845
2
766
171
412
697
783
703
845
850
947
427
156
130
331
703
321
703
135
328
338
368
781
838
525
781
32
780
32
571
539
47
799
835
570
854
803
838
367
124
641
124
321
369
369
322
864
864
864
524
543
998
992
426
969
994
992
641
994
998
998
126
582
785
1023
875
796
994
106
583
662
706
659
583
832
710
787
597
799
25
799
367
799
600
163
468
805
828
805
799
487
488
24
828
795
662
663
196
503
55
897
501
367
139
454
454
370
877
848
777
782
370
116
782
773
858
302
118
303
1016
897
199
999
974
194
771
995
897
771
471
509
851
444
733
733
480
888
887
982
882
755
750
882
897
457
982
694
38
859
484
484
769
38
38
38
38
857
10
507
10
367
381
382
254
379
376
964
849
882
557
978
527
401
507
785
978
539
401
85
791
368
400
229
31
467
31
255
514
512
353
965
1003
375
228
528
814
31
193
736
485
698
485
654
812
195
506
484
496
504
508
627
210
239
633
638
881
768
645
644
31
401
881
941
942
814
760
179
79
714
17
102
824
16
748
134
935
422
818
178
1011
681
405
748
254
680
17
17
888
17
968
858
284
678
284
968
970
194
423
127
220
301
712
997
995
662
995
858
858
834
844
612
835
952
959
674
955
748
455
457
748
357
59
959
506
86
83
954
959
506
751
153
645
224
461
676
645
858
43
43
471
354
460
739
531
531
824
193
43
729
729
145
922
738
522
549
57
527
527
994
84
974
87
63
421
765
694
448
981
699
694
618
616
714
622
460
707
416
824
196
339
64
43
121
84
448
206
339
419
420
418
257
257
850
838
241
242
417
977
977
807
807
828
130
3
130
3
204
676
824
788
131
417
221
156
417
326
39
833
38
228
833
3
213
71
236
788
370
168
224
370
77
454
179
457
644
39
35
668
190
689
95
14
417
642
96
702
702
597
875
594
597
102
208
561
296
907
561
568
220
370
923
370
394
394
402
393
634
186
590
350
3
11
682
160
681
681
684
11
170
169
78
78
23
864
613
866
96
76
76
148
344
39
864
565
864
346
893
893
496
893
893
260
149
936
306
301
497
294
295
186
290
499
921
417
913
349
422
579
186
919
924
920
897
901
308
898
483
732
714
403
390
629
778
778
263
397
396
587
273
455
587
501
490
186
8
12
742
432
346
742
12
504
985
685
620
979
559
148
867
871
587
872
870
869
342
485
620
634
777
506
959
956
345
777
626
638
777
583
475
737
455
74
114
507
358
247
372
372
618
901
66
361
273
906
906
66
541
777
220
223
218
996
960
52
717
593
875
377
4
4
346
207
7
138
140
609
563
439
901
161
559
439
96
384
142
384
17
700
372
717
708
328
592
818
818
198
332
199
629
32
502
720
10
721
53
298
726
565
700
569
569
533
896
700
905
568
397
274
389
343
335
317
700
273
117
73
296
364
52
843
971
971
776
856
856
685
686
776
518
685
584
213
211
519
325
272
484
325
272
954
592
171
79
79
758
325
467
760
79
968
946
266
79
192
192
206
402
954
402
206
926
924
640
343
343
924
680
325
189
922
922
332
924
287
924
386
916
950
509
918
189
910
622
501
171
749
689
524
910
365
746
746
189
189
229
238
233
910
160
540
541
554
910
540
960
96
561
960
906
797
232
856
212
235
253
248
226
714
456
97
213
213
96
797
467
914
465
451
451
307
92
279
513
315
773
279
849
616
700
372
229
838
935
426
835
434
92
399
935
363
652
417
697
693
835
702
502
417
752
947
321
931
229
203
461
369
455
922
454
742
471
665
761
655
742
13
326
326
679
12
679
319
683
634
590
598
107
615
842
846
852
846
107
609
578
842
177
177
177
177
177
183
241
178
240
519
599
598
808
178
937
375
203
375
872
368
964
205
833
90
410
131
131
266
734
772
779
790
693
682
267
651
693
644
667
618
601
383
456
274
651
751
174
174
263
92
737
812
953
275
275
92
958
953
998
979
953
446
88
217
95
235
226
854
178
958
783
940
949
24
150
748
27
953
785
750
751
922
356
359
981
47
533
731
533
47
534
405
970
409
289
401
469
282
235
226
690
90
234
90
704
899
127
691
785
668
679
244
234
940
683
940
683
231
349
310
456
456
970
735
4
376
704
937
945
683
478
945
888
272
465
139
945
275
566
10
80
602
89
76
748
748
748
91
694
570
570
417
945
987
925
838
309
503
291
309
880
582
867
880
84
420
583
139
330
325
325
572
661
891
533
625
894
565
528
354
776
795
806
1004
618
996
971
356
957
821
889
781
891
781
781
318
804
971
781
957
95
696
94
756
362
417
78
859
244
90
987
832
301
873
301
763
301
766
266
633
49
696
759
543
538
212
711
709
741
212
971
727
572
971
892
99
64
271
267
558
680
539
16
483
212
1009
219
258
272
390
1009
79
205
772
783
362
362
363
320
375
796
668
629
666
219
1021
572
625
609
628
944
929
882
705
707
42
534
987
676
20
825
825
21
717
195
472
809
528
231
604
231
30
212
133
133
135
42
132
492
396
813
212
801
605
285
493
122
396
112
987
115
1011
762
105
212
125
125
742
52
594
981
844
504
844
85
163
72
762
535
472
604
146
320
85
330
343
862
438
399
407
460
405
295
770
900
911
438
461
522
502
461
862
652
461
330
963
330
596
438
598
781
963
596
465
770
437
305
834
477
972
972
318
972
971
617
545
660
773
317
472
477
385
317
526
524
171
617
229
171
523
168
231
613
199
613
749
839
199
197
749
777
810
335
450
157
832
578
811
662
811
138
578
526
412
522
145
147
591
588
144
299
257
287
482
482
838
257
511
168
168
303
364
1017
495
601
600
313
509
168
1009
562
57
1015
311
840
182
456
514
60
339
60
339
27
452
895
16
452
452
662
514
895
86
576
736
291
705
567
514
291
570
612
687
59
168
876
514
496
452
481
1015
105
865
184
723
700
347
539
867
710
78
539
43
116
219
117
1010
78
599
539
365
218
539
40
337
76
585
585
102
783
57
459
204
780
838
239
778
820
797
599
238
805
233
305
40
443
222
152
25
264
292
701
440
296
693
40
590
443
25
40
440
146
25
702
702
741
25
740
458
336
128
569
74
69
825
579
626
340
242
69
626
628
825
745
744
381
594
595
744
57
56
56
57
57
236
325
168
327
370
661
326
74
517
897
242
861
519
456
517
549
549
481
1000
954
401
745
448
401
401
742
141
348
305
804
141
348
876
191
138
787
17
346
448
340
111
636
713
72
254
89
448
1014
1013
10
455
400
402
855
713
242
401
254
597
364
941
666
666
664
667
252
667
667
449
92
80
767
87
93
821
853
327
324
448
826
821
342
324
536
831
139
557
928
571
811
571
88
365
87
2
2
933
560
811
720
695
679
731
731
731
242
162
183
428
350
154
347
910
426
481
57
851
576
584
109
862
65
913
77
347
960
389
31
31
347
466
576
57
969
452
888
888
967
347
388
742
227
585
599
594
227
693
428
920
732
481
924
56
693
141
850
848
730
143
482
387
122
122
654
118
739
747
472
316
367
507
729
366
452
708
87
397
63
546
63
58
81
390
501
507
85
86
85
541
85
530
540
528
358
373
249
224
94
265
373
265
867
538
460
939
742
88
867
655
538
828
742
282
934
282
954
725
967
985
750
199
358
830
943
756
825
116
619
472
950
919
449
655
916
538
584
698
0
0
698
7
1
698
990
991
990
991
991
916
884
420
426
1019
1016
538
585
935
919
120
401
935
698
57
632
57
1000
679
681
897
1000
698
698
675
338
83
588
907
285
438
213
103
94
156
277
365
135
274
475
94
135
285
884
1023
1023
1023
94
1004
319
475
261
634
413
302
303
500
590
431
213
491
348
348
795
337
555
527
927
339
733
723
439
339
957
755
957
43
208
95
208
956
8
15
11
551
551
983
990
990
987
987
15
15
870
551
956
546
725
697
871
15
767
948
944
899
700
642
682
760
658
409
96
103
93
551
97
372
408
829
638
627
637
638
536
539
52
827
215
802
802
153
827
827
442
195
160
20
52
660
660
23
20
825
76
282
247
76
414
412
832
568
331
160
568
296
568
568
725
127
127
991
458
460
552
127
971
455
481
81
149
991
988
988
120
163
143
723
583
291
123
532
52
149
148
149
288
298
513
298
289
583
434
425
520
439
839
291
299
583
248
686
299
753
1020
583
968
904
973
610
1020
137
504
608
349
436
608
857
880
137
882
367
519
298
468
608
968
504
978
298
226
298
507
702
693
700
606
507
504
809
238
227
505
202
760
297
303
105
505
993
425
495
301
424
501
654
654
354
91
724
917
760
913
760
724
622
760
300
727
820
913
912
622
309
203
852
273
541
74
150
291
162
821
649
273
818
445
817
143
812
143
365
140
378
650
484
927
143
143
716
74
893
273
774
512
630
988
532
532
956
849
774
893
91
369
988
890
501
427
767
666
931
680
703
988
950
92
899
224
890
273
826
927
429
200
455
452
372
465
974
765
372
23
23
474
474
429
579
504
738
504
447
1
109
753
1
904
506
506
611
429
926
579
609
82
0
564
429
173
640
179
40
207
585
642
308
308
249
220
220
218
286
397
288
846
722
554
834
287
819
819
927
72
40
690
696
694
40
921
339
595
339
604
846
389
84
24
24
846
172
495
912
389
488
494
925
486
371
509
508
158
492
718
1008
482
486
490
495
428
677
290
174
103
290
210
313
816
282
175
319
285
646
769
313
696
703
458
158
897
40
948
257
769
511
262
949
115
115
628
401
115
235
808
370
326
58
628
378
896
313
338
313
302
366
244
646
366
537
85
465
450
450
85
484
537
537
522
242
392
898
537
873
578
351
351
598
288
462
288
242
934
387
908
934
941
900
897
569
571
702
702
784
573
746
746
746
918
651
746
918
603
603
841
841
525
389
111
308
789
111
612
107
882
612
949
104
104
894
917
105
336
107
948
625
737
739
532
571
104
739
739
489
574
569
556
647
894
608
489
948
36
489
490
36
104
946
323
248
72
314
563
99
99
75
624
903
314
788
624
484
788
789
895
865
544
398
191
104
577
548
293
548
948
190
72
710
513
75
917
387
656
841
842
681
121
104
842
933
116
640
841
230
193
48
672
120
415
513
267
327
659
101
101
847
404
102
842
357
404
659
360
353
488
842
582
641
592
949
998
848
673
488
685
552
406
832
832
575
397
655
569
655
193
207
204
203
851
218
825
830
674
906
132
204
570
137
278
278
262
421
656
656
703
703
629
851
102
691
321
203
205
102
446
259
321
263
592
665
262
125
406
323
406
577
105
576
68
362
686
356
913
102
817
292
842
878
879
446
292
412
147
412
412
922
845
420
314
315
423
700
349
472
491
280
308
701
524
701
479
921
479
536
741
7
31
612
308
120
120
121
741
782
28
136
711
711
121
711
711
298
711
922
816
896
547
920
730
360
992
701
181
181
798
367
180
571
30
323
320
183
701
845
544
124
547
112
872
9
9
945
946
25
124
124
185
24
943
62
112
83
383
383
457
980
461
399
255
186
17
1023
975
996
313
125
1008
446
292
736
163
77
243
247
845
958
147
420
163
120
616
598
845
976
163
246
503
622
486
996
429
497
485
370
719
164
607
303
303
58
56
112
294
100
290
217
217
780
232
927
641
682
792
176
568
176
370
154
922
154
186
680
683
293
306
198
194
451
186
757
752
194
714
451
711
198
561
258
713
122
103
897
82
379
103
4
341
103
353
258
624
855
536
536
341
188
536
354
244
355
608
374
241
571
239
382
517
517
517
222
928
920
1004
893
1000
747
747
745
152
747
491
489
743
610
614
252
977
797
235
232
98
69
109
103
499
110
1022
241
469
362
500
521
603
357
360
1005
153
1007
924
784
103
892
1007
469
185
790
159
681
676
757
470
675
146
677
665
650
650
0
83
174
1004
345
757
650
977
34
976
1001
159
588
752
950
985
663
759
669
887
158
887
887
985
511
5
936
494
644
643
660
663
986
1009
669
308
63
949
63
62
80
669
949
986
949
946
751
749
949
701
748
398
452
459
460
630
453
350
111
528
528
528
463
997
661
671
108
854
671
782
883
973
952
351
896
975
512
350
42
350
952
982
350
462
99
333
739
630
350
871
758
741
871
742
502
745
747
730
602
709
710
151
767
151
151
99
151
785
63
333
80
795
439
247
612
129
529
827
830
827
529
830
797
612
255
796
279
830
765
67
612
765
838
223
374
712
642
98
850
615
850
66
223
374
125
229
352
130
717
352
55
206
642
857
309
953
167
167
44
166
306
306
182
984
309
829
818
812
827
822
165
455
182
455
97
650
97
97
652
646
608
655
611
613
1013
1014
380
1014
648
377
963
984
991
984
984
896
648
577
943
649
1014
984
813
415
6
408
176
632
308
743
589
984
701
937
87
214
587
191
648
650
889
57
59
693
366
249
188
984
968
972
936
333
50
984
313
891
214
908
656
1022
908
626
656
375
125
995
55
258
626
284
78
1015
55
1015
910
989
284
420
431
641
903
641
641
1015
732
641
483
482
483
436
929
147
926
927
19
952
147
147
44
976
976
24
707
186
184
336
707
159
991
977
990
990
913
147
162
614
913
415
415
931
162
938
149
434
149
615
679
308
664
82
597
466
636
468
640
448
481
636
313
636
636
1015
307
511
1015
943
200
911
973
258
959
969
327
327
706
436
547
907
142
374
573
1020
907
441
577
142
374
374
441
963
963
158
374
201
886
374
324
367
15
614
367
886
310
885
377
313
127
224
224
521
71
177
934
77
1006
791
127
161
629
614
382
119
514
516
178
525
212
629
443
217
212
10
217
486
486
66
752
52
842
468
738
468
468
887
467
468
300
302
969
968
302
298
842
609
299
351
985
987
241
300
611
611
923
685
241
82
962
688
382
923
684
702
214
694
244
700
702
752
371
642
702
685
214
214
238
238
300
238
309
200
309
985
214
84
212
985
4
4
508
756
811
723
811
722
756
854
854
71
855
855
883
540
540
524
540
540
105
998
100
811
933
939
555
553
104
756
402
407
405
451
921
391
92
214
717
293
293
292
269
269
811
44
811
477
44
195
699
773
201
930
195
487
966
926
32
811
487
7
44
867
443
445
446
237
867
237
832
487
817
920
716
703
974
548
526
837
786
524
525
925
466
525
492
487
836
527
525
737
763
719
975
900
428
900
154
979
275
633
566
920
464
608
36
464
610
149
467
633
388
920
464
485
241
464
240
869
241
467
211
818
192
197
718
961
642
195
833
826
618
838
405
195
893
869
961
286
518
961
368
368
740
969
752
406
165
188
413
740
740
1007
691
475
1007
979
285
846
699
842
996
997
845
847
740
488
508
670
771
394
493
719
487
333
497
333
488
293
560
122
560
122
746
920
497
216
719
737
496
304
507
388
618
602
185
617
670
496
377
2
723
377
548
548
3
14
274
737
275
277
236
233
950
548
886
85
92
13
96
886
114
554
103
164
10
670
85
388
345
101
232
699
248
553
225
388
202
39
616
250
231
39
729
451
39
673
453
616
616
737
950
725
416
961
365
364
356
364
626
265
406
534
707
534
471
265
626
534
534
559
892
840
463
916
916
560
616
675
619
827
527
675
918
961
833
464
961
838
404
324
961
959
467
167
675
326
994
167
336
333
343
335
336
529
327
324
405
307
309
856
341
894
529
481
529
440
488
405
526
98
675
651
98
783
245
618
651
782
888
975
77
77
237
91
161
321
321
321
161
795
244
628
424
91
870
570
570
332
359
288
570
245
206
582
582
451
740
455
717
46
688
739
42
127
245
336
789
859
392
40
875
46
859
3
40
859
102
845
876
248
248
394
414
165
105
1004
100
107
396
126
354
380
606
614
356
877
606
639
638
540
628
77
638
859
357
774
895
957
954
819
89
681
246
683
982
681
76
270
948
94
1008
94
22
893
808
396
88
1022
819
140
286
895
135
430
430
275
895
174
236
878
88
286
480
911
643
644
879
894
270
281
282
283
759
759
920
915
331
331
79
33
920
165
940
170
912
334
165
711
358
131
174
711
711
538
174
334
357
537
940
539
334
51
999
999
843
331
20
148
148
30
29
129
921
816
883
999
921
132
416
128
134
104
416
392
999
612
612
653
275
432
612
85
931
772
275
931
384
933
653
41
95
766
813
957
813
60
813
334
988
957
159
297
85
527
526
159
16
528
628
824
526
925
824
425
917
926
425
425
851
425
751
845
613
331
407
751
321
322
431
323
41
45
522
278
522
403
279
901
944
331
900
80
332
278
81
904
41
64
242
17
155
997
999
155
1018
155
276
81
613
764
764
16
736
16
685
671
332
687
678
60
671
437
613
489
613
820
781
300
226
822
95
711
221
226
220
83
509
223
154
183
938
59
603
17
111
885
22
938
895
437
823
237
780
237
144
236
144
239
781
237
129
52
144
951
144
351
351
956
61
61
961
54
961
138
141
129
987
415
987
809
752
755
809
809
1003
1003
497
498
498
730
730
316
729
185
58
318
186
85
959
369
952
375
317
969
969
999
833
1003
842
654
1008
79
169
627
75
402
75
374
1003
494
942
352
489
510
489
498
513
514
942
404
510
350
581
857
266
1000
529
768
882
346
628
942
701
510
702
495
955
494
494
319
662
482
779
776
662
783
311
948
829
955
662
305
305
430
661
837
1018
465
1015
1015
594
93
460
430
897
903
597
805
452
965
939
16
183
785
87
58
111
866
154
597
662
350
866
990
652
457
457
661
699
453
942
818
823
770
770
947
501
113
79
945
142
946
840
840
120
120
694
686
43
1018
448
458
791
451
559
43
532
471
530
529
440
469
801
317
137
315
466
856
466
542
523
522
465
873
599
629
628
765
615
879
736
727
727
737
741
978
856
710
856
856
652
856
68
727
418
856
310
53
340
978
475
421
827
305
431
529
532
540
531
775
773
64
540
530
594
64
595
493
340
495
193
715
715
158
158
341
493
476
790
317
116
606
158
520
424
476
691
391
1008
769
385
398
934
1020
999
391
398
385
520
817
516
154
325
830
343
999
149
388
390
760
390
151
551
617
154
4
4
549
536
679
7
7
429
1003
990
669
976
968
1001
932
997
587
587
587
388
498
429
727
477
1011
1020
10
669
720
718
726
754
589
725
739
589
395
433
685
511
435
602
635
739
617
1014
970
84
775
777
772
43
121
601
203
738
525
221
884
884
884
600
933
503
295
300
774
136
999
417
487
503
487
846
775
869
136
777
869
11
560
15
13
999
941
236
772
941
768
273
1005
279
43
678
111
999
202
4
237
696
227
981
755
237
607
155
68
988
229
755
682
593
846
397
869
72
847
847
903
999
956
931
951
772
727
651
668
644
688
646
668
116
656
682
94
109
329
305
277
772
537
395
391
277
773
25
941
659
642
25
518
452
661
658
662
452
661
687
512
315
124
124
773
948
124
124
98
944
68
359
357
138
206
871
373
373
373
145
890
561
502
994
721
255
232
724
439
724
427
424
561
395
422
923
221
859
227
296
335
29
335
341
346
444
434
29
493
13
272
29
23
111
295
722
495
12
994
733
985
922
894
637
941
985
894
894
894
121
987
114
989
20
122
99
10
25
637
282
172
884
893
676
239
434
274
515
422
416
439
331
249
921
423
216
235
419
516
225
759
172
434
663
754
227
758
118
990
119
226
254
987
344
344
758
255
118
344
344
331
241
535
883
636
953
226
978
248
978
425
655
363
991
976
988
334
658
607
695
696
224
231
248
624
306
335
425
357
91
464
517
469
790
790
461
754
603
901
766
461
502
502
852
853
397
876
503
502
885
881
541
503
530
478
474
966
388
499
966
172
762
967
967
655
543
499
543
555
404
554
609
633
984
364
623
609
801
767
303
324
324
291
600
294
623
742
742
574
773
6
433
4
191
3
492
639
148
184
468
191
507
242
666
86
405
671
468
639
151
101
905
166
448
448
151
629
448
727
785
744
613
785
761
744
269
743
773
901
308
266
555
773
903
308
82
486
188
565
485
269
610
154
178
151
793
173
621
240
86
150
223
204
167
167
205
492
611
131
156
629
1004
965
1002
771
165
967
935
850
646
647
150
743
871
269
593
184
871
615
609
185
269
862
86
316
305
365
171
233
163
365
575
140
862
301
294
131
131
211
778
896
276
374
614
276
282
611
376
354
779
374
681
800
358
359
364
390
728
725
801
708
800
800
918
927
683
825
605
238
917
156
107
169
100
106
146
907
160
453
453
453
497
239
435
876
605
552
876
1020
250
1017
549
579
353
297
575
252
245
964
641
964
486
229
477
463
463
984
718
936
193
718
487
748
26
499
977
499
877
882
229
26
496
373
200
250
538
326
116
224
509
650
8
691
29
668
326
23
853
358
326
886
964
337
23
182
809
896
571
324
809
429
370
370
899
760
548
312
922
921
659
854
315
315
851
897
316
964
361
964
756
267
360
267
435
862
267
862
428
780
916
454
497
879
26
26
933
976
851
256
598
875
598
982
990
486
490
479
165
982
715
474
490
193
490
490
490
734
731
195
831
567
75
80
567
565
80
225
225
165
414
162
227
565
80
281
75
80
176
259
628
460
495
92
169
165
370
465
101
124
23
121
122
252
360
493
355
355
357
24
431
360
627
120
580
558
360
460
1002
261
944
946
904
911
911
904
1005
678
431
120
694
548
419
830
548
826
228
307
825
228
828
1005
138
143
141
307
119
119
275
438
119
277
965
533
378
697
699
921
700
136
1007
295
1004
378
256
271
304
1003
395
593
645
136
323
585
419
658
320
593
604
136
83
86
499
85
736
63
108
736
380
665
418
380
381
867
990
725
418
866
475
580
990
716
914
648
607
607
431
437
654
836
782
598
782
783
239
654
375
654
361
652
47
440
1018
280
437
239
899
312
105
37
729
811
739
549
739
551
39
376
955
818
308
737
811
959
959
470
308
817
545
781
507
308
888
221
424
394
328
888
69
335
424
246
544
817
136
415
281
283
75
955
283
711
855
283
431
934
416
941
112
361
349
349
525
542
349
522
746
550
390
391
554
946
554
732
971
910
82
351
62
351
163
889
16
285
285
19
285
133
19
133
18
1007
1012
280
553
113
955
729
557
685
554
1016
680
748
769
326
857
605
554
536
553
722
885
723
722
885
767
885
194
444
198
180
548
199
444
423
179
722
181
149
181
370
427
1
1019
592
5
488
997
612
997
778
776
624
912
912
896
488
60
613
35
612
33
138
296
162
371
140
758
826
752
917
660
138
764
748
764
764
751
10
180
826
183
41
24
297
103
371
29
764
711
711
433
441
13
75
79
95
13
170
10
73
840
79
76
209
103
955
561
209
322
434
635
377
369
382
840
561
14
514
515
14
435
499
955
437
873
945
624
875
840
492
840
494
824
798
75
782
769
782
779
436
874
198
975
75
290
629
293
16
66
636
492
98
256
1009
621
74
366
73
1002
256
93
166
455
784
773
166
666
707
381
320
118
98
116
107
777
777
210
161
163
163
163
161
707
172
709
488
691
294
668
455
290
164
290
675
355
824
766
974
975
116
848
117
777
164
172
646
449
14
1000
108
933
646
673
14
672
569
697
148
14
166
381
984
984
374
392
412
414
525
408
646
411
982
783
646
458
414
408
455
458
541
599
592
607
592
607
408
170
1001
1023
51
758
170
751
760
765
123
606
606
123
348
731
299
721
439
384
438
430
298
751
348
726
649
320
654
734
481
482
98
60
420
502
481
66
480
127
142
480
528
532
528
460
245
462
814
751
951
149
658
149
642
675
143
743
704
706
170
17
170
216
196
17
343
343
981
391
66
388
743
911
44
28
50
620
25
1003
1004
599
820
817
245
816
245
882
222
743
584
214
253
598
253
964
462
196
614
196
199
74
206
795
795
939
914
24
890
133
890
381
979
720
835
964
246
976
838
976
959
1004
720
1004
1001
743
1011
170
451
1017
311
455
169
311
4
588
78
585
589
586
939
720
684
602
169
263
56
939
972
148
969
146
691
286
284
287
316
258
698
263
333
931
653
914
651
743
670
670
305
914
318
333
939
342
599
487
784
578
914
918
188
970
721
570
569
236
435
939
273
263
236
273
968
758
329
118
758
342
51
87
275
10
326
379
328
982
912
979
670
939
1006
867
71
71
374
721
1004
864
375
893
931
43
189
539
544
670
569
666
48
590
691
851
758
671
645
544
91
221
389
220
544
544
102
659
805
797
798
221
528
220
524
220
221
910
221
221
221
418
979
418
416
876
328
911
1008
396
474
399
872
795
805
215
384
474
511
511
782
824
102
223
242
805
995
48
511
138
352
352
398
501
872
243
138
689
421
512
644
296
126
331
632
297
342
332
347
507
506
637
626
506
721
573
126
421
913
913
894
946
828
894
771
894
848
659
148
859
774
953
151
130
886
85
130
119
40
59
514
421
256
828
108
464
243
885
465
3
256
486
866
246
219
70
421
274
757
759
650
818
125
758
537
106
974
110
881
487
69
823
882
106
974
320
320
320
743
320
320
320
743
486
485
887
688
645
592
604
665
59
682
201
460
230
792
249
300
295
823
264
260
300
264
508
715
485
130
715
984
130
851
834
460
793
850
594
472
530
147
636
636
555
991
531
594
777
147
185
953
967
644
685
806
487
795
644
800
94
549
373
212
212
354
333
299
212
212
627
386
627
386
560
555
591
4
329
58
185
58
245
560
820
255
981
981
981
403
446
403
407
442
431
560
577
535
551
688
652
404
701
914
831
918
560
916
450
10
455
369
84
10
10
981
560
736
902
762
1003
1003
707
445
762
903
82
577
621
146
559
900
80
657
731
146
151
222
578
154
896
183
560
731
82
197
156
943
596
219
204
838
902
902
839
837
767
1022
673
526
1008
932
890
932
995
526
889
67
903
668
654
738
665
235
607
670
664
903
662
581
929
527
527
262
174
526
891
544
547
765
81
150
531
509
269
242
486
261
762
775
415
995
1015
774
394
510
505
445
673
216
219
483
917
805
864
917
917
489
917
489
805
420
419
422
929
705
833
705
705
705
705
746
746
750
746
251
887
177
695
183
183
673
377
251
409
866
401
866
872
233
273
875
277
813
686
673
694
703
678
709
866
336
251
609
217
94
225
201
200
85
866
462
188
219
712
474
458
696
366
724
363
363
33
245
235
234
751
356
232
452
462
459
462
460
530
853
94
530
33
105
345
304
894
675
531
531
531
531
781
902
588
874
933
265
94
265
950
734
737
312
40
297
206
325
695
325
325
532
530
539
695
531
542
675
40
568
373
672
347
551
342
914
916
311
253
373
604
198
649
649
210
337
765
213
324
66
68
365
895
373
372
79
955
888
489
858
1000
14
373
5
935
588
935
14
864
882
296
290
14
70
67
604
310
298
69
594
70
11
69
69
751
69
58
571
46
48
48
880
568
167
167
58
148
460
133
269
861
571
799
400
263
400
648
454
453
571
126
764
661
373
356
367
625
629
799
629
782
638
667
639
998
661
1016
996
1001
297
582
1000
975
1000
664
782
453
275
665
667
221
5
224
302
515
228
228
235
230
389
5
239
660
254
934
132
515
280
283
249
886
934
178
647
256
319
258
282
935
515
63
112
884
174
184
890
178
47
319
172
617
853
602
537
463
803
681
47
280
295
515
713
586
601
604
806
175
837
783
782
315
89
848
593
753
243
248
454
702
697
837
698
688
837
989
700
286
803
614
507
593
107
106
860
713
956
527
526
551
930
227
837
50
931
551
735
664
202
498
498
849
5
820
771
818
721
816
891
633
157
633
724
771
722
334
341
733
771
706
545
920
269
667
470
544
468
453
912
923
925
269
157
708
872
591
771
708
498
708
591
708
489
956
471
987
513
812
346
452
808
452
452
492
984
12
141
141
763
59
422
22
648
96
424
416
45
906
59
878
904
432
399
413
1017
276
413
764
257
413
276
341
341
759
676
759
688
751
413
683
505
771
514
428
890
413
465
766
465
466
756
465
912
413
657
823
756
857
158
376
905
822
318
464
885
257
257
275
913
157
924
924
62
1021
257
384
62
294
614
647
300
290
736
885
50
705
472
673
326
681
351
138
140
140
196
860
908
155
464
29
467
469
79
75
48
79
367
308
261
446
123
351
732
443
837
444
191
696
22
190
778
325
327
322
696
370
343
314
985
985
36
778
515
515
348
515
159
157
11
1003
144
360
933
935
931
144
761
1003
909
777
894
737
743
909
653
741
743
818
576
955
367
506
624
955
796
796
795
828
308
191
437
119
102
510
310
456
776
336
932
367
492
492
510
785
58
785
777
682
666
666
125
682
884
877
123
40
99
884
884
831
818
884
311
478
588
875
875
632
998
877
877
479
474
57
53
344
799
344
119
844
844
200
119
55
877
350
383
877
454
104
189
676
379
382
768
778
778
737
1016
444
778
361
364
572
572
541
367
541
541
791
794
1021
969
780
523
849
853
737
367
778
446
908
488
54
459
54
596
757
653
596
1021
1003
520
731
736
721
1002
121
501
286
501
631
628
977
765
500
488
500
908
236
60
60
236
472
977
421
57
58
58
59
58
59
767
685
949
520
160
37
254
168
168
287
437
878
120
833
37
884
351
685
251
166
100
793
84
833
935
971
685
856
19
44
46
46
46
802
823
685
816
802
136
829
718
523
477
266
64
236
136
360
800
19
971
977
985
980
520
965
1006
1007
1013
964
1014
1014
709
324
792
934
934
324
1015
0
14
376
1015
754
493
493
536
551
527
527
554
410
932
615
621
53
937
55
937
52
19
170
84
932
167
721
389
19
884
384
84
709
384
347
257
886
886
886
305
726
500
602
624
585
84
289
602
720
922
435
502
40
440
925
927
440
511
755
511
981
774
19
570
570
755
279
423
407
775
551
781
834
835
624
551
587
820
575
12
299
549
11
963
489
549
998
725
982
492
689
867
689
709
911
379
198
298
929
432
432
949
770
198
669
587
577
670
102
102
770
74
103
28
443
481
481
482
898
482
630
399
399
28
845
29
899
267
844
723
440
905
918
813
302
653
723
903
652
653
653
445
399
242
249
266
246
842
445
584
221
396
221
1010
898
424
143
709
658
641
399
659
247
343
335
1000
124
127
299
709
358
358
485
359
301
358
722
506
724
769
637
96
394
770
768
930
955
410
111
394
96
111
1010
119
843
736
796
83
87
842
726
512
515
659
395
515
436
312
768
432
1020
932
437
932
194
853
194
61
313
104
1009
759
736
976
542
853
752
923
309
45
933
44
976
923
348
308
51
251
267
254
794
928
221
253
614
108
108
980
221
960
978
108
581
1015
688
721
251
108
616
616
586
227
98
587
211
225
235
1009
108
226
294
399
714
890
468
502
944
910
908
722
714
714
519
801
330
47
345
854
418
541
541
47
542
523
633
961
637
471
638
223
464
999
468
370
379
589
721
996
361
980
361
509
721
509
753
300
662
753
722
752
815
935
330
849
736
876
849
246
450
578
626
266
253
736
425
901
433
948
425
581
447
980
657
650
311
618
836
640
671
364
385
919
433
836
432
471
738
18
849
683
652
591
849
911
499
932
434
499
591
843
584
208
568
181
477
477
243
245
210
210
195
572
245
208
35
146
213
210
206
404
408
843
957
901
847
957
931
940
932
235
264
408
520
408
550
264
593
646
265
598
815
577
826
755
265
982
755
663
1021
1017
102
166
235
595
591
986
498
18
499
253
496
488
283
986
61
252
257
61
994
252
253
800
301
14
506
443
442
301
884
689
312
738
1023
873
884
356
703
773
773
14
773
127
689
14
14
188
833
397
365
843
935
372
375
384
222
56
380
708
150
732
150
723
415
265
56
161
414
214
233
237
189
815
161
453
236
30
161
439
439
161
453
251
249
345
293
251
941
249
293
1008
439
460
941
458
459
505
487
317
317
413
498
226
232
253
1009
940
345
417
292
888
799
793
10
156
749
749
445
748
6
782
780
844
999
10
4
445
999
96
949
913
402
447
864
244
866
913
379
297
575
926
552
533
540
529
992
557
6
447
551
551
545
706
1002
103
704
999
1
817
831
196
359
359
1004
803
575
954
980
903
307
955
340
400
54
54
137
459
886
874
136
574
886
365
459
505
300
297
296
400
332
718
761
655
649
649
903
769
650
215
687
687
763
684
408
685
680
85
78
184
408
190
820
187
769
190
655
105
50
889
458
45
458
267
889
976
265
976
235
269
413
82
81
113
124
50
232
652
90
978
100
409
918
816
341
356
36
305
625
625
625
639
634
1016
997
706
928
161
678
161
983
513
692
818
213
625
144
810
67
341
824
225
253
414
414
229
65
430
234
179
813
714
562
461
813
65
65
267
272
430
888
813
146
813
602
681
713
683
702
365
356
260
397
258
256
266
103
580
103
577
146
615
142
87
87
142
185
60
164
932
334
164
331
314
461
560
571
717
580
970
932
274
279
461
647
848
851
695
970
264
695
564
777
249
760
848
853
852
351
513
351
4
416
377
416
430
762
382
872
816
430
778
517
820
765
99
781
868
714
713
712
99
472
567
99
296
299
296
549
920
567
567
257
915
1018
816
367
982
874
27
1018
260
636
832
260
260
636
618
267
365
1023
97
28
1022
254
97
542
35
227
10
580
226
580
554
227
241
59
380
241
381
381
59
868
895
869
18
64
868
923
1022
869
1018
1010
760
647
27
757
923
35
699
691
571
124
750
27
17
422
83
647
941
941
817
647
262
819
648
1017
699
640
98
97
517
818
833
816
816
647
833
729
707
707
707
707
691
154
972
63
970
63
289
292
972
973
547
758
760
968
93
702
750
745
154
745
745
386
212
386
484
35
602
196
525
602
602
602
651
569
569
442
484
30
688
30
587
579
185
956
144
85
156
187
35
330
327
414
338
378
338
341
958
512
512
295
959
895
516
897
516
932
343
699
144
165
165
112
426
932
871
492
504
441
295
144
797
313
96
108
890
21
97
41
149
756
1016
305
83
890
1018
811
1017
453
426
353
453
715
956
347
798
798
870
557
692
252
677
696
347
497
683
497
58
58
922
243
1021
154
637
811
154
513
512
811
811
33
274
402
336
402
77
867
22
73
16
204
982
1020
472
1020
430
684
753
672
883
204
982
441
838
838
296
839
851
851
430
196
827
198
832
839
834
421
838
587
838
612
651
253
252
579
758
327
178
882
173
173
617
614
173
143
180
180
173
266
234
702
994
702
4
421
338
568
90
532
568
532
11
563
839
266
242
780
780
242
242
505
438
96
437
505
966
506
219
966
380
190
902
97
435
175
435
956
153
152
75
902
60
973
793
994
555
831
793
820
959
553
822
718
717
60
952
538
684
568
98
127
685
264
107
522
42
379
352
538
984
989
161
163
163
921
162
163
520
7
1
6
534
467
485
534
292
1
752
40
596
42
374
753
100
264
525
70
996
622
272
273
55
54
54
55
889
665
369
996
561
369
313
47
996
30
382
359
266
312
849
850
358
889
1023
921
288
793
453
430
384
270
304
240
568
502
240
276
503
359
899
899
276
154
896
560
557
881
281
61
630
373
224
386
358
385
280
280
97
561
812
40
455
61
13
909
44
96
7
377
379
812
979
909
560
1016
869
156
867
433
436
864
869
869
373
157
436
571
786
772
772
375
374
761
653
574
703
909
821
931
802
115
497
949
497
804
805
328
930
812
256
12
524
768
524
569
520
12
803
876
876
522
880
28
293
293
268
293
535
548
512
932
328
819
539
4
816
943
943
558
252
498
227
1017
512
235
498
1016
5
736
265
801
765
1018
253
803
803
1011
803
803
439
769
744
868
734
543
741
549
739
548
419
353
511
529
458
300
458
769
375
932
656
744
727
660
656
940
469
958
776
769
930
967
853
130
982
61
60
979
853
398
212
515
441
212
579
620
274
529
621
740
486
256
615
534
196
197
79
375
130
224
952
241
224
786
701
313
315
828
805
232
440
146
145
991
230
440
1019
980
970
254
973
655
932
241
689
932
476
205
476
702
1008
219
841
288
1021
1007
254
271
405
740
467
260
887
168
904
178
169
887
904
908
178
643
644
668
72
872
1006
892
849
590
177
591
177
590
632
632
1007
769
848
595
796
260
937
939
939
949
116
577
939
500
115
358
358
358
358
500
186
328
333
185
164
584
167
585
816
585
164
955
115
816
266
956
384
266
247
184
136
242
167
191
506
507
30
887
186
887
790
887
406
651
642
136
893
172
1017
100
1017
948
947
449
945
367
253
49
449
172
363
172
736
688
1002
736
618
897
169
165
893
573
689
559
631
910
622
688
1002
691
149
690
831
149
169
240
242
241
243
241
97
203
910
97
203
512
689
76
406
847
24
170
841
847
935
848
848
24
671
103
965
102
30
670
397
817
688
662
428
25
214
577
583
140
864
823
212
170
159
955
22
852
509
336
967
345
46
509
701
25
336
338
992
992
992
1004
338
345
338
4
831
831
214
964
574
214
848
848
407
507
572
67
153
398
64
596
907
907
333
886
64
550
616
622
622
403
3
277
244
617
5
697
90
633
722
595
333
152
320
320
152
222
152
905
300
59
0
333
423
59
1020
216
0
1020
462
709
494
732
483
235
709
224
397
224
887
241
269
295
302
302
866
299
567
47
19
986
493
488
982
595
986
992
489
19
900
100
888
900
720
215
215
215
489
868
178
868
4
865
178
333
333
342
5
5
920
920
571
787
805
805
50
422
522
50
888
50
918
526
37
522
783
50
545
1016
258
1016
383
366
128
897
900
900
544
375
649
1004
375
367
771
1004
1004
1004
870
868
165
907
165
873
547
382
128
303
259
942
180
262
848
638
180
630
471
630
562
52
623
178
467
154
546
428
464
464
905
905
848
277
411
262
815
848
411
848
932
884
802
802
183
537
935
936
928
928
537
649
498
793
375
353
845
146
434
553
932
932
842
638
847
1017
420
500
236
997
441
1017
1013
418
298
298
429
685
681
846
765
823
762
765
237
847
932
673
160
576
762
751
1016
61
384
60
576
698
61
695
678
677
382
683
281
396
258
61
289
398
257
633
61
1016
708
657
383
708
88
189
61
846
847
757
328
318
966
250
389
905
905
659
719
719
279
278
278
588
967
112
214
497
497
214
219
383
251
757
398
363
257
366
287
366
247
398
532
757
250
165
921
532
545
237
607
165
912
936
951
354
679
675
816
675
820
778
607
215
148
215
407
149
250
651
303
297
299
661
296
923
675
675
675
544
657
924
545
407
310
998
924
380
898
657
405
874
1010
874
343
405
880
882
1004
881
649
359
70
69
529
1004
191
71
70
914
70
188
1012
633
1010
1012
650
1013
1014
1014
663
59
1010
914
67
740
1022
1012
661
663
654
651
738
757
650
405
1010
247
664
695
618
921
49
577
894
890
491
666
740
604
735
604
604
752
246
422
471
471
605
1008
965
411
147
216
750
213
666
921
926
95
922
36
664
76
53
1
5
482
733
801
720
800
813
245
801
744
711
75
410
72
155
813
199
222
206
20
23
39
561
22
246
51
39
425
1012
535
112
84
184
881
80
801
881
535
368
368
664
311
311
793
450
393
515
516
755
1005
881
755
309
397
336
392
625
446
392
851
442
766
397
786
392
882
798
155
75
24
74
74
30
851
801
645
340
1020
1015
51
1015
164
889
51
633
336
930
355
599
573
475
164
786
796
784
92
164
784
606
605
692
606
189
354
184
680
696
63
409
87
705
152
764
539
815
539
809
1013
539
538
992
763
588
591
943
37
600
186
184
853
936
673
944
519
944
156
943
191
111
156
750
431
750
769
493
771
906
818
749
525
336
817
544
78
348
348
751
675
92
780
411
283
780
311
540
552
542
540
465
467
33
39
346
52
541
338
632
465
396
913
54
927
913
260
912
756
912
223
648
752
173
758
398
493
741
823
822
827
510
756
824
366
136
87
827
823
67
135
180
136
473
136
406
67
420
67
67
531
67
975
636
594
233
232
1015
153
273
577
358
249
1015
184
217
626
260
197
225
164
253
624
958
283
751
658
958
46
46
46
46
359
589
798
829
373
764
624
492
492
489
751
659
230
373
352
586
232
225
287
438
366
489
689
993
659
976
660
977
988
233
880
284
659
544
278
285
891
894
479
880
1009
754
891
146
747
3
27
747
891
583
753
660
660
832
616
659
957
662
621
747
747
555
36
54
55
54
55
55
374
337
372
372
337
555
282
375
299
575
834
280
897
1023
1023
123
747
542
575
905
389
36
438
109
535
752
758
419
944
952
577
50
503
925
574
952
790
549
549
663
109
558
276
528
594
663
446
980
444
558
40
930
903
50
444
377
636
377
930
834
759
464
72
982
465
464
547
870
870
872
866
914
554
887
944
996
758
535
206
804
97
146
923
97
464
465
79
808
795
806
807
795
829
704
52
811
969
480
76
547
951
738
250
738
696
46
696
696
494
223
221
242
856
605
392
243
694
243
967
913
234
54
1022
1022
125
54
54
139
960
923
138
141
475
942
144
120
145
920
483
193
296
310
48
960
301
505
504
440
301
226
703
299
48
295
316
473
295
704
710
710
338
727
340
966
966
175
538
63
188
186
90
520
520
518
1006
513
522
622
52
537
291
536
119
314
218
206
696
933
758
937
50
932
928
686
756
117
928
935
958
335
595
724
275
49
724
507
958
792
351
959
713
252
526
244
706
253
252
407
665
599
922
150
593
868
640
645
625
857
255
859
224
230
275
27
229
289
958
205
414
387
830
710
264
422
289
175
468
468
849
826
710
464
465
906
44
810
45
902
704
799
241
792
387
248
1006
775
422
240
811
775
553
166
865
901
946
652
946
946
640
174
527
527
948
527
550
215
557
436
320
274
500
390
810
501
501
501
634
197
588
817
246
960
967
756
816
642
792
78
207
819
864
657
542
504
233
199
56
648
657
233
965
496
125
659
660
645
24
945
945
947
532
453
78
677
453
157
900
677
864
741
84
346
821
199
113
104
168
903
919
902
831
618
357
903
717
610
923
831
178
178
178
732
732
178
236
201
231
78
906
206
960
200
200
684
847
679
356
356
359
435
846
359
847
827
864
1019
73
633
316
230
949
306
666
979
657
671
531
864
668
535
657
581
660
582
289
216
174
123
164
316
316
496
316
316
499
199
531
175
216
1007
442
172
423
189
196
243
243
243
617
200
200
216
125
194
294
195
200
307
216
217
232
878
875
117
291
546
263
954
503
833
953
874
641
263
954
558
693
567
555
579
843
431
63
491
803
815
59
586
340
927
487
497
499
814
487
694
589
754
439
433
216
218
203
622
940
503
216
216
496
384
497
369
369
372
372
223
843
559
497
626
566
609
36
562
432
291
291
217
673
293
295
264
651
385
200
570
619
568
589
673
447
677
673
672
820
816
781
781
411
293
269
589
963
589
589
498
182
427
619
920
317
920
317
318
920
674
990
310
299
39
290
39
303
402
990
483
39
39
39
632
495
511
591
591
171
756
801
151
509
547
803
51
803
373
440
443
49
49
443
443
360
353
373
440
365
363
619
840
182
776
509
669
831
237
840
232
235
354
233
872
980
355
872
353
174
831
174
332
794
334
344
175
763
773
761
793
705
738
773
122
671
840
567
498
159
93
688
225
543
113
66
258
274
275
275
638
113
282
113
113
926
147
872
150
150
639
352
199
363
363
150
563
27
156
793
226
864
451
175
903
793
190
687
495
229
156
228
314
903
128
779
903
583
794
794
162
194
143
75
138
157
921
962
452
62
384
432
438
603
130
286
286
676
314
694
207
304
663
604
326
24
37
87
87
186
114
972
83
80
831
320
328
775
622
622
616
267
337
206
622
135
814
826
775
808
147
809
809
885
519
519
134
878
602
358
796
205
133
51
913
775
926
240
921
410
251
1003
217
1001
59
894
1003
47
1002
998
410
662
856
608
282
889
448
474
415
27
130
387
385
113
923
118
926
149
608
260
823
118
116
659
815
816
562
441
250
562
562
216
170
301
921
286
314
576
556
924
807
19
18
18
562
912
562
260
256
18
18
317
876
315
766
784
315
580
359
385
257
969
286
671
432
597
284
433
66
745
670
663
57
360
271
969
18
309
258
18
496
1017
271
760
689
658
64
556
651
689
690
695
596
691
560
430
326
406
447
484
91
324
589
921
249
88
278
484
885
496
203
429
93
420
714
622
819
191
211
212
326
719
222
319
67
1002
1000
585
317
319
1016
1006
1006
52
55
844
55
52
190
752
326
758
759
577
556
66
680
574
558
686
618
558
336
889
198
324
18
510
197
197
258
315
337
566
122
262
305
779
262
510
145
766
58
648
37
11
9
246
810
326
512
514
514
514
514
514
514
1000
965
228
1002
1000
779
742
458
29
729
314
21
29
668
254
99
795
805
463
777
796
45
20
96
245
108
245
107
699
185
1019
726
459
882
768
999
994
770
558
779
574
785
777
777
776
192
567
677
943
682
247
26
583
117
124
110
117
247
244
383
382
28
382
380
943
596
381
407
850
241
866
850
127
868
623
869
668
952
952
903
955
885
56
953
429
431
57
595
953
954
111
955
479
58
436
67
479
552
643
620
592
641
640
640
759
929
759
99
542
664
110
950
520
936
113
38
479
481
483
483
483
529
483
936
726
360
766
764
360
434
649
906
656
661
494
434
651
434
658
855
855
711
309
486
722
721
495
159
159
729
159
740
180
977
182
977
977
105
977
977
977
236
406
93
236
236
236
692
315
530
314
855
855
909
909
254
909
195
213
434
234
241
195
595
279
809
660
809
660
649
649
321
321
695
217
184
770
442
649
809
809
309
885
577
839
809
595
879
722
41
733
42
107
47
43
42
669
671
763
937
826
951
256
195
652
945
258
695
221
668
643
159
668
59
131
447
614
673
447
106
107
978
358
758
447
833
666
983
858
143
436
503
692
982
196
983
545
545
710
30
667
197
207
206
1021
340
817
759
817
817
817
759
341
341
610
613
611
615
615
55
1001
340
253
879
868
226
760
403
869
757
374
135
939
305
879
879
436
285
393
538
555
672
623
312
135
574
402
894
893
810
99
489
622
301
403
683
805
53
403
893
588
606
898
704
590
219
53
566
617
419
279
279
77
277
840
219
840
953
810
117
43
890
785
551
496
469
2
611
953
619
475
294
977
977
623
990
294
733
785
574
447
967
857
867
632
959
735
575
706
929
706
715
823
598
952
973
863
100
100
295
706
41
434
848
575
766
434
981
952
1018
993
434
433
619
911
833
837
449
854
451
451
807
230
451
451
441
863
524
132
859
244
233
804
859
238
238
859
233
238
233
859
464
859
859
136
137
45
310
922
163
301
310
29
619
658
1019
444
356
160
403
627
761
290
688
303
727
627
627
605
122
743
958
857
952
806
174
356
63
62
63
366
185
922
654
45
518
1006
520
520
1006
1006
1006
438
1006
279
1006
926
464
1006
865
787
762
22
760
756
991
991
804
991
18
22
963
989
425
596
283
989
316
776
448
617
253
358
68
459
233
450
87
450
983
979
702
961
581
448
1019
595
578
581
598
792
700
144
647
647
768
933
260
797
786
411
647
646
320
599
459
372
321
459
905
790
1020
569
518
826
573
356
314
568
255
799
792
589
80
224
799
1019
584
598
908
768
768
782
791
